national_no,name,identifier,generation,types,evolution_chain_id,family_category,is_legendary,is_mythical,vega_status,integration_action,earliest_gate,primary_area,acquisition_method,encounter_rate_or_limit,conditions,dex_policy,id_policy,root_name,family,integration_mode,tohoku_map_code,tohoku_location,tohoku_method,tohoku_level,tohoku_rate,tohoku_condition,kanto_map_code,kanto_location,kanto_method,kanto_level,kanto_rate,kanto_condition,dual_region_role,table_policy,implementation_priority,tohoku_acquisition_summary,tohoku_final_location,tohoku_final_method,tohoku_final_rate,tohoku_final_condition,kanto_acquisition_summary,kanto_final_location,kanto_final_method,kanto_final_rate,kanto_final_condition,cross_region_completion_rule,source_design
1,フシギダネ,bulbasaur,1,くさ／どく,1,御三家,no,no,既存（トーホク図鑑152）,既存ベガ個体を保持,ベガ既存進行,ベガ既存地点,ベガ既存入手法,既存値,トーホク図鑑No.152。内部種族ID・図鑑登録・イベント参照を変更しない。,トーホク図鑑にも既存番号で登録,VEGA_NATIVE_152（実ROMから確定）,フシギダネ,フシギダネ → フシギソウ → フシギバナ,ベガ既存系統を完全保持,VEGA_NATIVE,ベガ既存地点（出現表・配布・進化を変更しない）,ベガ既存入手法,既存値,既存値,既存イベント・野生表・進化条件を原則維持。現代化で条件が壊れる場合のみ互換処理。,K33,タマムシ温室,ずつき／朝昼オーバーレイ,Lv.82～90,通常表8～15%,ベガ初回殿堂入り後。認定章数でエリアと中間進化枠を段階解禁。,トーホクではベガ既存個体を保護。カントーでは高レベル個体・隠れ特性・タマゴ技探索を担当。,既存テーブル無変更,P0,ベガ既存入手法を完全保持,ベガ既存地点,ベガ既存入手法,既存値,トーホク図鑑No.152。内部種族ID・図鑑登録・イベント参照を変更しない。,カントー高レベル野生生態,タマムシ温室,ずつき／朝昼オーバーレイ,通常表8～15%,ベガ初回殿堂入り後。認定章数でエリアと中間進化枠を段階解禁。,通常系統は両地方で基礎種を捕獲可能。トーホクは早期育成、カントーは高レベル・隠れ特性・タマゴ技探索を担当。,V2二地方生態版／541系統配置マスター＋特殊個体イベントマスター
2,フシギソウ,ivysaur,1,くさ／どく,1,御三家,no,no,既存（トーホク図鑑153）,既存ベガ個体を保持,ベガ既存進行,ベガ既存地点,ベガ既存入手法,既存値,トーホク図鑑No.153。内部種族ID・図鑑登録・イベント参照を変更しない。,トーホク図鑑にも既存番号で登録,VEGA_NATIVE_153（実ROMから確定）,フシギダネ,フシギダネ → フシギソウ → フシギバナ,ベガ既存系統を完全保持,VEGA_NATIVE,ベガ既存地点（出現表・配布・進化を変更しない）,ベガ既存入手法,既存値,既存値,既存イベント・野生表・進化条件を原則維持。現代化で条件が壊れる場合のみ互換処理。,K33,タマムシ温室,ずつき／朝昼オーバーレイ,Lv.82～90,通常表8～15%,ベガ初回殿堂入り後。認定章数でエリアと中間進化枠を段階解禁。,トーホクではベガ既存個体を保護。カントーでは高レベル個体・隠れ特性・タマゴ技探索を担当。,既存テーブル無変更,P0,ベガ既存入手法を完全保持,ベガ既存地点,ベガ既存入手法,既存値,トーホク図鑑No.153。内部種族ID・図鑑登録・イベント参照を変更しない。,フシギダネをカントーで捕獲して進化,タマムシ温室,進化／認定章6個以降は中間進化がDexNav希少枠,通常野生は基礎種中心,ベガ初回殿堂入り後。認定章数でエリアと中間進化枠を段階解禁。,通常系統は両地方で基礎種を捕獲可能。トーホクは早期育成、カントーは高レベル・隠れ特性・タマゴ技探索を担当。,V2二地方生態版／541系統配置マスター＋特殊個体イベントマスター
3,フシギバナ,venusaur,1,くさ／どく,1,御三家,no,no,既存（トーホク図鑑154）,既存ベガ個体を保持,ベガ既存進行,ベガ既存地点,ベガ既存入手法,既存値,トーホク図鑑No.154。内部種族ID・図鑑登録・イベント参照を変更しない。,トーホク図鑑にも既存番号で登録,VEGA_NATIVE_154（実ROMから確定）,フシギダネ,フシギダネ → フシギソウ → フシギバナ,ベガ既存系統を完全保持,VEGA_NATIVE,ベガ既存地点（出現表・配布・進化を変更しない）,ベガ既存入手法,既存値,既存値,既存イベント・野生表・進化条件を原則維持。現代化で条件が壊れる場合のみ互換処理。,K33,タマムシ温室,ずつき／朝昼オーバーレイ,Lv.82～90,通常表8～15%,ベガ初回殿堂入り後。認定章数でエリアと中間進化枠を段階解禁。,トーホクではベガ既存個体を保護。カントーでは高レベル個体・隠れ特性・タマゴ技探索を担当。,既存テーブル無変更,P0,ベガ既存入手法を完全保持,ベガ既存地点,ベガ既存入手法,既存値,トーホク図鑑No.154。内部種族ID・図鑑登録・イベント参照を変更しない。,フシギダネをカントーで捕獲して進化,タマムシ温室,進化／認定章6個以降は中間進化がDexNav希少枠,通常野生は基礎種中心,ベガ初回殿堂入り後。認定章数でエリアと中間進化枠を段階解禁。,通常系統は両地方で基礎種を捕獲可能。トーホクは早期育成、カントーは高レベル・隠れ特性・タマゴ技探索を担当。,V2二地方生態版／541系統配置マスター＋特殊個体イベントマスター
4,ヒトカゲ,charmander,1,ほのお,2,御三家,no,no,既存（トーホク図鑑155）,既存ベガ個体を保持,ベガ既存進行,ベガ既存地点,ベガ既存入手法,既存値,トーホク図鑑No.155。内部種族ID・図鑑登録・イベント参照を変更しない。,トーホク図鑑にも既存番号で登録,VEGA_NATIVE_155（実ROMから確定）,ヒトカゲ,ヒトカゲ → リザード → リザードン,ベガ既存系統を完全保持,VEGA_NATIVE,ベガ既存地点（出現表・配布・進化を変更しない）,ベガ既存入手法,既存値,既存値,既存イベント・野生表・進化条件を原則維持。現代化で条件が壊れる場合のみ互換処理。,K03,3ばんどうろ,草むらオーバーレイ,Lv.71～75,通常表8～15%,ベガ初回殿堂入り後。認定章数でエリアと中間進化枠を段階解禁。,トーホクではベガ既存個体を保護。カントーでは高レベル個体・隠れ特性・タマゴ技探索を担当。,既存テーブル無変更,P0,ベガ既存入手法を完全保持,ベガ既存地点,ベガ既存入手法,既存値,トーホク図鑑No.155。内部種族ID・図鑑登録・イベント参照を変更しない。,カントー高レベル野生生態,3ばんどうろ,草むらオーバーレイ,通常表8～15%,ベガ初回殿堂入り後。認定章数でエリアと中間進化枠を段階解禁。,通常系統は両地方で基礎種を捕獲可能。トーホクは早期育成、カントーは高レベル・隠れ特性・タマゴ技探索を担当。,V2二地方生態版／541系統配置マスター＋特殊個体イベントマスター
5,リザード,charmeleon,1,ほのお,2,御三家,no,no,既存（トーホク図鑑156）,既存ベガ個体を保持,ベガ既存進行,ベガ既存地点,ベガ既存入手法,既存値,トーホク図鑑No.156。内部種族ID・図鑑登録・イベント参照を変更しない。,トーホク図鑑にも既存番号で登録,VEGA_NATIVE_156（実ROMから確定）,ヒトカゲ,ヒトカゲ → リザード → リザードン,ベガ既存系統を完全保持,VEGA_NATIVE,ベガ既存地点（出現表・配布・進化を変更しない）,ベガ既存入手法,既存値,既存値,既存イベント・野生表・進化条件を原則維持。現代化で条件が壊れる場合のみ互換処理。,K03,3ばんどうろ,草むらオーバーレイ,Lv.71～75,通常表8～15%,ベガ初回殿堂入り後。認定章数でエリアと中間進化枠を段階解禁。,トーホクではベガ既存個体を保護。カントーでは高レベル個体・隠れ特性・タマゴ技探索を担当。,既存テーブル無変更,P0,ベガ既存入手法を完全保持,ベガ既存地点,ベガ既存入手法,既存値,トーホク図鑑No.156。内部種族ID・図鑑登録・イベント参照を変更しない。,ヒトカゲをカントーで捕獲して進化,3ばんどうろ,進化／認定章6個以降は中間進化がDexNav希少枠,通常野生は基礎種中心,ベガ初回殿堂入り後。認定章数でエリアと中間進化枠を段階解禁。,通常系統は両地方で基礎種を捕獲可能。トーホクは早期育成、カントーは高レベル・隠れ特性・タマゴ技探索を担当。,V2二地方生態版／541系統配置マスター＋特殊個体イベントマスター
6,リザードン,charizard,1,ほのお／ひこう,2,御三家,no,no,既存（トーホク図鑑157）,既存ベガ個体を保持,ベガ既存進行,ベガ既存地点,ベガ既存入手法,既存値,トーホク図鑑No.157。内部種族ID・図鑑登録・イベント参照を変更しない。,トーホク図鑑にも既存番号で登録,VEGA_NATIVE_157（実ROMから確定）,ヒトカゲ,ヒトカゲ → リザード → リザードン,ベガ既存系統を完全保持,VEGA_NATIVE,ベガ既存地点（出現表・配布・進化を変更しない）,ベガ既存入手法,既存値,既存値,既存イベント・野生表・進化条件を原則維持。現代化で条件が壊れる場合のみ互換処理。,K03,3ばんどうろ,草むらオーバーレイ,Lv.71～75,通常表8～15%,ベガ初回殿堂入り後。認定章数でエリアと中間進化枠を段階解禁。,トーホクではベガ既存個体を保護。カントーでは高レベル個体・隠れ特性・タマゴ技探索を担当。,既存テーブル無変更,P0,ベガ既存入手法を完全保持,ベガ既存地点,ベガ既存入手法,既存値,トーホク図鑑No.157。内部種族ID・図鑑登録・イベント参照を変更しない。,ヒトカゲをカントーで捕獲して進化,3ばんどうろ,進化／認定章6個以降は中間進化がDexNav希少枠,通常野生は基礎種中心,ベガ初回殿堂入り後。認定章数でエリアと中間進化枠を段階解禁。,通常系統は両地方で基礎種を捕獲可能。トーホクは早期育成、カントーは高レベル・隠れ特性・タマゴ技探索を担当。,V2二地方生態版／541系統配置マスター＋特殊個体イベントマスター
7,ゼニガメ,squirtle,1,みず,3,御三家,no,no,既存（トーホク図鑑158）,既存ベガ個体を保持,ベガ既存進行,ベガ既存地点,ベガ既存入手法,既存値,トーホク図鑑No.158。内部種族ID・図鑑登録・イベント参照を変更しない。,トーホク図鑑にも既存番号で登録,VEGA_NATIVE_158（実ROMから確定）,ゼニガメ,ゼニガメ → カメール → カメックス,ベガ既存系統を完全保持,VEGA_NATIVE,ベガ既存地点（出現表・配布・進化を変更しない）,ベガ既存入手法,既存値,既存値,既存イベント・野生表・進化条件を原則維持。現代化で条件が壊れる場合のみ互換処理。,K15,15ばんどうろ,水上オーバーレイ,Lv.85～90,通常表10～20%,ベガ初回殿堂入り後。認定章数でエリアと中間進化枠を段階解禁。,トーホクではベガ既存個体を保護。カントーでは高レベル個体・隠れ特性・タマゴ技探索を担当。,既存テーブル無変更,P0,ベガ既存入手法を完全保持,ベガ既存地点,ベガ既存入手法,既存値,トーホク図鑑No.158。内部種族ID・図鑑登録・イベント参照を変更しない。,カントー高レベル野生生態,15ばんどうろ,水上オーバーレイ,通常表10～20%,ベガ初回殿堂入り後。認定章数でエリアと中間進化枠を段階解禁。,通常系統は両地方で基礎種を捕獲可能。トーホクは早期育成、カントーは高レベル・隠れ特性・タマゴ技探索を担当。,V2二地方生態版／541系統配置マスター＋特殊個体イベントマスター
8,カメール,wartortle,1,みず,3,御三家,no,no,既存（トーホク図鑑159）,既存ベガ個体を保持,ベガ既存進行,ベガ既存地点,ベガ既存入手法,既存値,トーホク図鑑No.159。内部種族ID・図鑑登録・イベント参照を変更しない。,トーホク図鑑にも既存番号で登録,VEGA_NATIVE_159（実ROMから確定）,ゼニガメ,ゼニガメ → カメール → カメックス,ベガ既存系統を完全保持,VEGA_NATIVE,ベガ既存地点（出現表・配布・進化を変更しない）,ベガ既存入手法,既存値,既存値,既存イベント・野生表・進化条件を原則維持。現代化で条件が壊れる場合のみ互換処理。,K15,15ばんどうろ,水上オーバーレイ,Lv.85～90,通常表10～20%,ベガ初回殿堂入り後。認定章数でエリアと中間進化枠を段階解禁。,トーホクではベガ既存個体を保護。カントーでは高レベル個体・隠れ特性・タマゴ技探索を担当。,既存テーブル無変更,P0,ベガ既存入手法を完全保持,ベガ既存地点,ベガ既存入手法,既存値,トーホク図鑑No.159。内部種族ID・図鑑登録・イベント参照を変更しない。,ゼニガメをカントーで捕獲して進化,15ばんどうろ,進化／認定章6個以降は中間進化がDexNav希少枠,通常野生は基礎種中心,ベガ初回殿堂入り後。認定章数でエリアと中間進化枠を段階解禁。,通常系統は両地方で基礎種を捕獲可能。トーホクは早期育成、カントーは高レベル・隠れ特性・タマゴ技探索を担当。,V2二地方生態版／541系統配置マスター＋特殊個体イベントマスター
9,カメックス,blastoise,1,みず,3,御三家,no,no,既存（トーホク図鑑160）,既存ベガ個体を保持,ベガ既存進行,ベガ既存地点,ベガ既存入手法,既存値,トーホク図鑑No.160。内部種族ID・図鑑登録・イベント参照を変更しない。,トーホク図鑑にも既存番号で登録,VEGA_NATIVE_160（実ROMから確定）,ゼニガメ,ゼニガメ → カメール → カメックス,ベガ既存系統を完全保持,VEGA_NATIVE,ベガ既存地点（出現表・配布・進化を変更しない）,ベガ既存入手法,既存値,既存値,既存イベント・野生表・進化条件を原則維持。現代化で条件が壊れる場合のみ互換処理。,K15,15ばんどうろ,水上オーバーレイ,Lv.85～90,通常表10～20%,ベガ初回殿堂入り後。認定章数でエリアと中間進化枠を段階解禁。,トーホクではベガ既存個体を保護。カントーでは高レベル個体・隠れ特性・タマゴ技探索を担当。,既存テーブル無変更,P0,ベガ既存入手法を完全保持,ベガ既存地点,ベガ既存入手法,既存値,トーホク図鑑No.160。内部種族ID・図鑑登録・イベント参照を変更しない。,ゼニガメをカントーで捕獲して進化,15ばんどうろ,進化／認定章6個以降は中間進化がDexNav希少枠,通常野生は基礎種中心,ベガ初回殿堂入り後。認定章数でエリアと中間進化枠を段階解禁。,通常系統は両地方で基礎種を捕獲可能。トーホクは早期育成、カントーは高レベル・隠れ特性・タマゴ技探索を担当。,V2二地方生態版／541系統配置マスター＋特殊個体イベントマスター
10,キャタピー,caterpie,1,むし,4,通常生態,no,no,未収録・追加対象,新IDへ追加,殿堂入り後,全国生態保護区（サファリ増設区画）,生態保護区ローテーション,対象日10～20%（チケットで固定可）,主に基礎形のみ出現。中間・最終進化は原則として育成で入手。時間帯・天候は生態チケットで任意固定可能。,全国研究図鑑へ登録（トーホク386完成条件には含めない）,NATIONAL_EXT_0010（新規16bit ID）,キャタピー,キャタピー → トランセル → バタフリー,外来生態レイヤーへ追加,T502,502ばんどうろ／すいどう,ずつき／朝昼オーバーレイ,Lv.3～6,追加抽選3～6%,本編必須フラグを変更せず、外来生態フラグ・時間帯・DexNav・大量発生で制御,K26,トキワのもり,ずつき／朝昼オーバーレイ,Lv.70～76,通常表8～15%,ベガ初回殿堂入り後。認定章数でエリアと中間進化枠を段階解禁。,トーホクは本編で使える低～中レベル基礎種、カントーは高レベル個体・中間進化・隠れ特性探索を担当。,ベガ既存11枠を上書きせず、CFRU側の条件付きオーバーレイ／DexNav／大量発生へ登録,P2,トーホク野生生態,502ばんどうろ／すいどう,ずつき／朝昼オーバーレイ,追加抽選3～6%,本編必須フラグを変更せず、外来生態フラグ・時間帯・DexNav・大量発生で制御,カントー高レベル野生生態,トキワのもり,ずつき／朝昼オーバーレイ,通常表8～15%,ベガ初回殿堂入り後。認定章数でエリアと中間進化枠を段階解禁。,通常系統は両地方で基礎種を捕獲可能。トーホクは早期育成、カントーは高レベル・隠れ特性・タマゴ技探索を担当。,V2二地方生態版／541系統配置マスター＋特殊個体イベントマスター
11,トランセル,metapod,1,むし,4,通常生態,no,no,未収録・追加対象,新IDへ追加（進化入手）,殿堂入り後,全国生態保護区（サファリ増設区画）,進化,―,レベルアップ＋Lv.7以上（CFRU/DPEの対応トリガーを使用。通信・RTC必須にはしない）,全国研究図鑑へ登録（トーホク386完成条件には含めない）,NATIONAL_EXT_0011（新規16bit ID）,キャタピー,キャタピー → トランセル → バタフリー,外来生態レイヤーへ追加,T502,502ばんどうろ／すいどう,ずつき／朝昼オーバーレイ,Lv.3～6,追加抽選3～6%,本編必須フラグを変更せず、外来生態フラグ・時間帯・DexNav・大量発生で制御,K26,トキワのもり,ずつき／朝昼オーバーレイ,Lv.70～76,通常表8～15%,ベガ初回殿堂入り後。認定章数でエリアと中間進化枠を段階解禁。,トーホクは本編で使える低～中レベル基礎種、カントーは高レベル個体・中間進化・隠れ特性探索を担当。,ベガ既存11枠を上書きせず、CFRU側の条件付きオーバーレイ／DexNav／大量発生へ登録,P2,キャタピーをトーホクで捕獲して進化,502ばんどうろ／すいどう,進化／殿堂入り後DexNavで中間進化が稀に出現,通常野生は基礎種のみ,本編必須フラグを変更せず、外来生態フラグ・時間帯・DexNav・大量発生で制御,キャタピーをカントーで捕獲して進化,トキワのもり,進化／認定章6個以降は中間進化がDexNav希少枠,通常野生は基礎種中心,ベガ初回殿堂入り後。認定章数でエリアと中間進化枠を段階解禁。,通常系統は両地方で基礎種を捕獲可能。トーホクは早期育成、カントーは高レベル・隠れ特性・タマゴ技探索を担当。,V2二地方生態版／541系統配置マスター＋特殊個体イベントマスター
12,バタフリー,butterfree,1,むし／ひこう,4,通常生態,no,no,未収録・追加対象,新IDへ追加（進化入手）,殿堂入り後,全国生態保護区（サファリ増設区画）,進化,―,レベルアップ＋Lv.10以上（CFRU/DPEの対応トリガーを使用。通信・RTC必須にはしない）,全国研究図鑑へ登録（トーホク386完成条件には含めない）,NATIONAL_EXT_0012（新規16bit ID）,キャタピー,キャタピー → トランセル → バタフリー,外来生態レイヤーへ追加,T502,502ばんどうろ／すいどう,ずつき／朝昼オーバーレイ,Lv.3～6,追加抽選3～6%,本編必須フラグを変更せず、外来生態フラグ・時間帯・DexNav・大量発生で制御,K26,トキワのもり,ずつき／朝昼オーバーレイ,Lv.70～76,通常表8～15%,ベガ初回殿堂入り後。認定章数でエリアと中間進化枠を段階解禁。,トーホクは本編で使える低～中レベル基礎種、カントーは高レベル個体・中間進化・隠れ特性探索を担当。,ベガ既存11枠を上書きせず、CFRU側の条件付きオーバーレイ／DexNav／大量発生へ登録,P2,キャタピーをトーホクで捕獲して進化,502ばんどうろ／すいどう,進化／殿堂入り後DexNavで中間進化が稀に出現,通常野生は基礎種のみ,本編必須フラグを変更せず、外来生態フラグ・時間帯・DexNav・大量発生で制御,キャタピーをカントーで捕獲して進化,トキワのもり,進化／認定章6個以降は中間進化がDexNav希少枠,通常野生は基礎種中心,ベガ初回殿堂入り後。認定章数でエリアと中間進化枠を段階解禁。,通常系統は両地方で基礎種を捕獲可能。トーホクは早期育成、カントーは高レベル・隠れ特性・タマゴ技探索を担当。,V2二地方生態版／541系統配置マスター＋特殊個体イベントマスター
13,ビードル,weedle,1,むし／どく,5,通常生態,no,no,未収録・追加対象,新IDへ追加,殿堂入り後,ハクジのもり,草むらオーバーレイ,8～12%,主に基礎形のみ出現。中間・最終進化は原則として育成で入手。時間帯・天候は生態チケットで任意固定可能。,全国研究図鑑へ登録（トーホク386完成条件には含めない）,NATIONAL_EXT_0013（新規16bit ID）,ビードル,ビードル → コクーン → スピアー,外来生態レイヤーへ追加,T504,504ばんどうろ／すいどう,草むらオーバーレイ,Lv.9～13,追加抽選3～6%,本編必須フラグを変更せず、外来生態フラグ・時間帯・DexNav・大量発生で制御,K26,トキワのもり,ずつき／朝昼オーバーレイ,Lv.70～76,通常表8～15%,ベガ初回殿堂入り後。認定章数でエリアと中間進化枠を段階解禁。,トーホクは本編で使える低～中レベル基礎種、カントーは高レベル個体・中間進化・隠れ特性探索を担当。,ベガ既存11枠を上書きせず、CFRU側の条件付きオーバーレイ／DexNav／大量発生へ登録,P2,トーホク野生生態,504ばんどうろ／すいどう,草むらオーバーレイ,追加抽選3～6%,本編必須フラグを変更せず、外来生態フラグ・時間帯・DexNav・大量発生で制御,カントー高レベル野生生態,トキワのもり,ずつき／朝昼オーバーレイ,通常表8～15%,ベガ初回殿堂入り後。認定章数でエリアと中間進化枠を段階解禁。,通常系統は両地方で基礎種を捕獲可能。トーホクは早期育成、カントーは高レベル・隠れ特性・タマゴ技探索を担当。,V2二地方生態版／541系統配置マスター＋特殊個体イベントマスター
14,コクーン,kakuna,1,むし／どく,5,通常生態,no,no,未収録・追加対象,新IDへ追加（進化入手）,殿堂入り後,ハクジのもり,進化,―,レベルアップ＋Lv.7以上（CFRU/DPEの対応トリガーを使用。通信・RTC必須にはしない）,全国研究図鑑へ登録（トーホク386完成条件には含めない）,NATIONAL_EXT_0014（新規16bit ID）,ビードル,ビードル → コクーン → スピアー,外来生態レイヤーへ追加,T504,504ばんどうろ／すいどう,草むらオーバーレイ,Lv.9～13,追加抽選3～6%,本編必須フラグを変更せず、外来生態フラグ・時間帯・DexNav・大量発生で制御,K26,トキワのもり,ずつき／朝昼オーバーレイ,Lv.70～76,通常表8～15%,ベガ初回殿堂入り後。認定章数でエリアと中間進化枠を段階解禁。,トーホクは本編で使える低～中レベル基礎種、カントーは高レベル個体・中間進化・隠れ特性探索を担当。,ベガ既存11枠を上書きせず、CFRU側の条件付きオーバーレイ／DexNav／大量発生へ登録,P2,ビードルをトーホクで捕獲して進化,504ばんどうろ／すいどう,進化／殿堂入り後DexNavで中間進化が稀に出現,通常野生は基礎種のみ,本編必須フラグを変更せず、外来生態フラグ・時間帯・DexNav・大量発生で制御,ビードルをカントーで捕獲して進化,トキワのもり,進化／認定章6個以降は中間進化がDexNav希少枠,通常野生は基礎種中心,ベガ初回殿堂入り後。認定章数でエリアと中間進化枠を段階解禁。,通常系統は両地方で基礎種を捕獲可能。トーホクは早期育成、カントーは高レベル・隠れ特性・タマゴ技探索を担当。,V2二地方生態版／541系統配置マスター＋特殊個体イベントマスター
15,スピアー,beedrill,1,むし／どく,5,通常生態,no,no,未収録・追加対象,新IDへ追加（進化入手）,殿堂入り後,ハクジのもり,進化,―,レベルアップ＋Lv.10以上（CFRU/DPEの対応トリガーを使用。通信・RTC必須にはしない）,全国研究図鑑へ登録（トーホク386完成条件には含めない）,NATIONAL_EXT_0015（新規16bit ID）,ビードル,ビードル → コクーン → スピアー,外来生態レイヤーへ追加,T504,504ばんどうろ／すいどう,草むらオーバーレイ,Lv.9～13,追加抽選3～6%,本編必須フラグを変更せず、外来生態フラグ・時間帯・DexNav・大量発生で制御,K26,トキワのもり,ずつき／朝昼オーバーレイ,Lv.70～76,通常表8～15%,ベガ初回殿堂入り後。認定章数でエリアと中間進化枠を段階解禁。,トーホクは本編で使える低～中レベル基礎種、カントーは高レベル個体・中間進化・隠れ特性探索を担当。,ベガ既存11枠を上書きせず、CFRU側の条件付きオーバーレイ／DexNav／大量発生へ登録,P2,ビードルをトーホクで捕獲して進化,504ばんどうろ／すいどう,進化／殿堂入り後DexNavで中間進化が稀に出現,通常野生は基礎種のみ,本編必須フラグを変更せず、外来生態フラグ・時間帯・DexNav・大量発生で制御,ビードルをカントーで捕獲して進化,トキワのもり,進化／認定章6個以降は中間進化がDexNav希少枠,通常野生は基礎種中心,ベガ初回殿堂入り後。認定章数でエリアと中間進化枠を段階解禁。,通常系統は両地方で基礎種を捕獲可能。トーホクは早期育成、カントーは高レベル・隠れ特性・タマゴ技探索を担当。,V2二地方生態版／541系統配置マスター＋特殊個体イベントマスター
16,ポッポ,pidgey,1,ノーマル／ひこう,6,通常生態,no,no,未収録・追加対象,新IDへ追加,殿堂入り後,504～506ばんどうろ,時間帯オーバーレイ,8～12%,主に基礎形のみ出現。中間・最終進化は原則として育成で入手。時間帯・天候は生態チケットで任意固定可能。,全国研究図鑑へ登録（トーホク386完成条件には含めない）,NATIONAL_EXT_0016（新規16bit ID）,ポッポ,ポッポ → ピジョン → ピジョット,外来生態レイヤーへ追加,T506,506ばんどうろ／すいどう,大量発生,Lv.12～17,通常0%／発生中20～35%,本編必須フラグを変更せず、外来生態フラグ・時間帯・DexNav・大量発生で制御,K01,1ばんどうろ,大量発生,Lv.68～72,通常0%／発生中20～35%,ベガ初回殿堂入り後。認定章数でエリアと中間進化枠を段階解禁。,トーホクは本編で使える低～中レベル基礎種、カントーは高レベル個体・中間進化・隠れ特性探索を担当。,ベガ既存11枠を上書きせず、CFRU側の条件付きオーバーレイ／DexNav／大量発生へ登録,P2,トーホク野生生態,506ばんどうろ／すいどう,大量発生,通常0%／発生中20～35%,本編必須フラグを変更せず、外来生態フラグ・時間帯・DexNav・大量発生で制御,カントー高レベル野生生態,1ばんどうろ,大量発生,通常0%／発生中20～35%,ベガ初回殿堂入り後。認定章数でエリアと中間進化枠を段階解禁。,通常系統は両地方で基礎種を捕獲可能。トーホクは早期育成、カントーは高レベル・隠れ特性・タマゴ技探索を担当。,V2二地方生態版／541系統配置マスター＋特殊個体イベントマスター
17,ピジョン,pidgeotto,1,ノーマル／ひこう,6,通常生態,no,no,未収録・追加対象,新IDへ追加（進化入手）,殿堂入り後,504～506ばんどうろ,進化,―,レベルアップ＋Lv.18以上（CFRU/DPEの対応トリガーを使用。通信・RTC必須にはしない）,全国研究図鑑へ登録（トーホク386完成条件には含めない）,NATIONAL_EXT_0017（新規16bit ID）,ポッポ,ポッポ → ピジョン → ピジョット,外来生態レイヤーへ追加,T506,506ばんどうろ／すいどう,大量発生,Lv.12～17,通常0%／発生中20～35%,本編必須フラグを変更せず、外来生態フラグ・時間帯・DexNav・大量発生で制御,K01,1ばんどうろ,大量発生,Lv.68～72,通常0%／発生中20～35%,ベガ初回殿堂入り後。認定章数でエリアと中間進化枠を段階解禁。,トーホクは本編で使える低～中レベル基礎種、カントーは高レベル個体・中間進化・隠れ特性探索を担当。,ベガ既存11枠を上書きせず、CFRU側の条件付きオーバーレイ／DexNav／大量発生へ登録,P2,ポッポをトーホクで捕獲して進化,506ばんどうろ／すいどう,進化／殿堂入り後DexNavで中間進化が稀に出現,通常野生は基礎種のみ,本編必須フラグを変更せず、外来生態フラグ・時間帯・DexNav・大量発生で制御,ポッポをカントーで捕獲して進化,1ばんどうろ,進化／認定章6個以降は中間進化がDexNav希少枠,通常野生は基礎種中心,ベガ初回殿堂入り後。認定章数でエリアと中間進化枠を段階解禁。,通常系統は両地方で基礎種を捕獲可能。トーホクは早期育成、カントーは高レベル・隠れ特性・タマゴ技探索を担当。,V2二地方生態版／541系統配置マスター＋特殊個体イベントマスター
18,ピジョット,pidgeot,1,ノーマル／ひこう,6,通常生態,no,no,未収録・追加対象,新IDへ追加（進化入手）,殿堂入り後,504～506ばんどうろ,進化,―,レベルアップ＋Lv.36以上（CFRU/DPEの対応トリガーを使用。通信・RTC必須にはしない）,全国研究図鑑へ登録（トーホク386完成条件には含めない）,NATIONAL_EXT_0018（新規16bit ID）,ポッポ,ポッポ → ピジョン → ピジョット,外来生態レイヤーへ追加,T506,506ばんどうろ／すいどう,大量発生,Lv.12～17,通常0%／発生中20～35%,本編必須フラグを変更せず、外来生態フラグ・時間帯・DexNav・大量発生で制御,K01,1ばんどうろ,大量発生,Lv.68～72,通常0%／発生中20～35%,ベガ初回殿堂入り後。認定章数でエリアと中間進化枠を段階解禁。,トーホクは本編で使える低～中レベル基礎種、カントーは高レベル個体・中間進化・隠れ特性探索を担当。,ベガ既存11枠を上書きせず、CFRU側の条件付きオーバーレイ／DexNav／大量発生へ登録,P2,ポッポをトーホクで捕獲して進化,506ばんどうろ／すいどう,進化／殿堂入り後DexNavで中間進化が稀に出現,通常野生は基礎種のみ,本編必須フラグを変更せず、外来生態フラグ・時間帯・DexNav・大量発生で制御,ポッポをカントーで捕獲して進化,1ばんどうろ,進化／認定章6個以降は中間進化がDexNav希少枠,通常野生は基礎種中心,ベガ初回殿堂入り後。認定章数でエリアと中間進化枠を段階解禁。,通常系統は両地方で基礎種を捕獲可能。トーホクは早期育成、カントーは高レベル・隠れ特性・タマゴ技探索を担当。,V2二地方生態版／541系統配置マスター＋特殊個体イベントマスター
19,コラッタ,rattata,1,ノーマル,7,通常生態,no,no,未収録・追加対象,新IDへ追加,殿堂入り後,502ばんどうろ,図鑑ナビ隠し枠,通常表0%／ナビ検索時1～5%,主に基礎形のみ出現。中間・最終進化は原則として育成で入手。時間帯・天候は生態チケットで任意固定可能。,全国研究図鑑へ登録（トーホク386完成条件には含めない）,NATIONAL_EXT_0019（新規16bit ID）,コラッタ,コラッタ → ラッタ,外来生態レイヤーへ追加,T506,506ばんどうろ／すいどう,草むらオーバーレイ,Lv.12～17,追加抽選3～6%,本編必須フラグを変更せず、外来生態フラグ・時間帯・DexNav・大量発生で制御,K01,1ばんどうろ,草むらオーバーレイ,Lv.68～72,通常表8～15%,ベガ初回殿堂入り後。認定章数でエリアと中間進化枠を段階解禁。,トーホクは本編で使える低～中レベル基礎種、カントーは高レベル個体・中間進化・隠れ特性探索を担当。,ベガ既存11枠を上書きせず、CFRU側の条件付きオーバーレイ／DexNav／大量発生へ登録,P2,トーホク野生生態,506ばんどうろ／すいどう,草むらオーバーレイ,追加抽選3～6%,本編必須フラグを変更せず、外来生態フラグ・時間帯・DexNav・大量発生で制御,カントー高レベル野生生態,1ばんどうろ,草むらオーバーレイ,通常表8～15%,ベガ初回殿堂入り後。認定章数でエリアと中間進化枠を段階解禁。,通常系統は両地方で基礎種を捕獲可能。トーホクは早期育成、カントーは高レベル・隠れ特性・タマゴ技探索を担当。,V2二地方生態版／541系統配置マスター＋特殊個体イベントマスター
20,ラッタ,raticate,1,ノーマル,7,通常生態,no,no,未収録・追加対象,新IDへ追加（進化入手）,殿堂入り後,502ばんどうろ,進化,―,レベルアップ＋Lv.20以上（CFRU/DPEの対応トリガーを使用。通信・RTC必須にはしない）,全国研究図鑑へ登録（トーホク386完成条件には含めない）,NATIONAL_EXT_0020（新規16bit ID）,コラッタ,コラッタ → ラッタ,外来生態レイヤーへ追加,T506,506ばんどうろ／すいどう,草むらオーバーレイ,Lv.12～17,追加抽選3～6%,本編必須フラグを変更せず、外来生態フラグ・時間帯・DexNav・大量発生で制御,K01,1ばんどうろ,草むらオーバーレイ,Lv.68～72,通常表8～15%,ベガ初回殿堂入り後。認定章数でエリアと中間進化枠を段階解禁。,トーホクは本編で使える低～中レベル基礎種、カントーは高レベル個体・中間進化・隠れ特性探索を担当。,ベガ既存11枠を上書きせず、CFRU側の条件付きオーバーレイ／DexNav／大量発生へ登録,P2,コラッタをトーホクで捕獲して進化,506ばんどうろ／すいどう,進化／殿堂入り後DexNavで中間進化が稀に出現,通常野生は基礎種のみ,本編必須フラグを変更せず、外来生態フラグ・時間帯・DexNav・大量発生で制御,コラッタをカントーで捕獲して進化,1ばんどうろ,進化／認定章6個以降は中間進化がDexNav希少枠,通常野生は基礎種中心,ベガ初回殿堂入り後。認定章数でエリアと中間進化枠を段階解禁。,通常系統は両地方で基礎種を捕獲可能。トーホクは早期育成、カントーは高レベル・隠れ特性・タマゴ技探索を担当。,V2二地方生態版／541系統配置マスター＋特殊個体イベントマスター
21,オニスズメ,spearow,1,ノーマル／ひこう,8,通常生態,no,no,未収録・追加対象,新IDへ追加,殿堂入り後,501ばんどうろ,草むらオーバーレイ,8～12%,主に基礎形のみ出現。中間・最終進化は原則として育成で入手。時間帯・天候は生態チケットで任意固定可能。,全国研究図鑑へ登録（トーホク386完成条件には含めない）,NATIONAL_EXT_0021（新規16bit ID）,オニスズメ,オニスズメ → オニドリル,外来生態レイヤーへ追加,T502,502ばんどうろ／すいどう,ずつき／朝昼オーバーレイ,Lv.3～6,追加抽選3～6%,本編必須フラグを変更せず、外来生態フラグ・時間帯・DexNav・大量発生で制御,K03,3ばんどうろ,草むらオーバーレイ,Lv.71～75,通常表8～15%,ベガ初回殿堂入り後。認定章数でエリアと中間進化枠を段階解禁。,トーホクは本編で使える低～中レベル基礎種、カントーは高レベル個体・中間進化・隠れ特性探索を担当。,ベガ既存11枠を上書きせず、CFRU側の条件付きオーバーレイ／DexNav／大量発生へ登録,P2,トーホク野生生態,502ばんどうろ／すいどう,ずつき／朝昼オーバーレイ,追加抽選3～6%,本編必須フラグを変更せず、外来生態フラグ・時間帯・DexNav・大量発生で制御,カントー高レベル野生生態,3ばんどうろ,草むらオーバーレイ,通常表8～15%,ベガ初回殿堂入り後。認定章数でエリアと中間進化枠を段階解禁。,通常系統は両地方で基礎種を捕獲可能。トーホクは早期育成、カントーは高レベル・隠れ特性・タマゴ技探索を担当。,V2二地方生態版／541系統配置マスター＋特殊個体イベントマスター
22,オニドリル,fearow,1,ノーマル／ひこう,8,通常生態,no,no,未収録・追加対象,新IDへ追加（進化入手）,殿堂入り後,501ばんどうろ,進化,―,レベルアップ＋Lv.20以上（CFRU/DPEの対応トリガーを使用。通信・RTC必須にはしない）,全国研究図鑑へ登録（トーホク386完成条件には含めない）,NATIONAL_EXT_0022（新規16bit ID）,オニスズメ,オニスズメ → オニドリル,外来生態レイヤーへ追加,T502,502ばんどうろ／すいどう,ずつき／朝昼オーバーレイ,Lv.3～6,追加抽選3～6%,本編必須フラグを変更せず、外来生態フラグ・時間帯・DexNav・大量発生で制御,K03,3ばんどうろ,草むらオーバーレイ,Lv.71～75,通常表8～15%,ベガ初回殿堂入り後。認定章数でエリアと中間進化枠を段階解禁。,トーホクは本編で使える低～中レベル基礎種、カントーは高レベル個体・中間進化・隠れ特性探索を担当。,ベガ既存11枠を上書きせず、CFRU側の条件付きオーバーレイ／DexNav／大量発生へ登録,P2,オニスズメをトーホクで捕獲して進化,502ばんどうろ／すいどう,進化／殿堂入り後DexNavで中間進化が稀に出現,通常野生は基礎種のみ,本編必須フラグを変更せず、外来生態フラグ・時間帯・DexNav・大量発生で制御,オニスズメをカントーで捕獲して進化,3ばんどうろ,進化／認定章6個以降は中間進化がDexNav希少枠,通常野生は基礎種中心,ベガ初回殿堂入り後。認定章数でエリアと中間進化枠を段階解禁。,通常系統は両地方で基礎種を捕獲可能。トーホクは早期育成、カントーは高レベル・隠れ特性・タマゴ技探索を担当。,V2二地方生態版／541系統配置マスター＋特殊個体イベントマスター
23,アーボ,ekans,1,どく,9,通常生態,no,no,既存（トーホク図鑑261）,既存ベガ個体を保持,ベガ既存進行,ベガ既存地点,ベガ既存入手法,既存値,トーホク図鑑No.261。内部種族ID・図鑑登録・イベント参照を変更しない。,トーホク図鑑にも既存番号で登録,VEGA_NATIVE_261（実ROMから確定）,アーボ,アーボ → アーボック,ベガ既存系統を完全保持,VEGA_NATIVE,ベガ既存地点（出現表・配布・進化を変更しない）,ベガ既存入手法,既存値,既存値,既存イベント・野生表・進化条件を原則維持。現代化で条件が壊れる場合のみ互換処理。,K11,11ばんどうろ,草むらオーバーレイ,Lv.76～82,通常表8～15%,ベガ初回殿堂入り後。認定章数でエリアと中間進化枠を段階解禁。,トーホクではベガ既存個体を保護。カントーでは高レベル個体・隠れ特性・タマゴ技探索を担当。,既存テーブル無変更,P0,ベガ既存入手法を完全保持,ベガ既存地点,ベガ既存入手法,既存値,トーホク図鑑No.261。内部種族ID・図鑑登録・イベント参照を変更しない。,カントー高レベル野生生態,11ばんどうろ,草むらオーバーレイ,通常表8～15%,ベガ初回殿堂入り後。認定章数でエリアと中間進化枠を段階解禁。,通常系統は両地方で基礎種を捕獲可能。トーホクは早期育成、カントーは高レベル・隠れ特性・タマゴ技探索を担当。,V2二地方生態版／541系統配置マスター＋特殊個体イベントマスター
24,アーボック,arbok,1,どく,9,通常生態,no,no,既存（トーホク図鑑262）,既存ベガ個体を保持,ベガ既存進行,ベガ既存地点,ベガ既存入手法,既存値,トーホク図鑑No.262。内部種族ID・図鑑登録・イベント参照を変更しない。,トーホク図鑑にも既存番号で登録,VEGA_NATIVE_262（実ROMから確定）,アーボ,アーボ → アーボック,ベガ既存系統を完全保持,VEGA_NATIVE,ベガ既存地点（出現表・配布・進化を変更しない）,ベガ既存入手法,既存値,既存値,既存イベント・野生表・進化条件を原則維持。現代化で条件が壊れる場合のみ互換処理。,K11,11ばんどうろ,草むらオーバーレイ,Lv.76～82,通常表8～15%,ベガ初回殿堂入り後。認定章数でエリアと中間進化枠を段階解禁。,トーホクではベガ既存個体を保護。カントーでは高レベル個体・隠れ特性・タマゴ技探索を担当。,既存テーブル無変更,P0,ベガ既存入手法を完全保持,ベガ既存地点,ベガ既存入手法,既存値,トーホク図鑑No.262。内部種族ID・図鑑登録・イベント参照を変更しない。,アーボをカントーで捕獲して進化,11ばんどうろ,進化／認定章6個以降は中間進化がDexNav希少枠,通常野生は基礎種中心,ベガ初回殿堂入り後。認定章数でエリアと中間進化枠を段階解禁。,通常系統は両地方で基礎種を捕獲可能。トーホクは早期育成、カントーは高レベル・隠れ特性・タマゴ技探索を担当。,V2二地方生態版／541系統配置マスター＋特殊個体イベントマスター
25,ピカチュウ,pikachu,1,でんき,10,ベビィ含有,no,no,既存（トーホク図鑑025）,既存ベガ個体を保持,ベガ既存進行,ベガ既存地点,ベガ既存入手法,既存値,トーホク図鑑No.025。内部種族ID・図鑑登録・イベント参照を変更しない。,トーホク図鑑にも既存番号で登録,VEGA_NATIVE_025（実ROMから確定）,ピチュー,ピチュー → ピカチュウ → ライチュウ,ベガ既存系統を完全保持,VEGA_NATIVE,ベガ既存地点（出現表・配布・進化を変更しない）,ベガ既存入手法,既存値,既存値,既存イベント・野生表・進化条件を原則維持。現代化で条件が壊れる場合のみ互換処理。,K26,トキワのもり,DexNav隠し枠／低確率タマゴ,Lv.70～76,通常0%／DexNav 2～5%,ベガ初回殿堂入り後。認定章数でエリアと中間進化枠を段階解禁。,トーホクではベガ既存個体を保護。カントーでは高レベル個体・隠れ特性・タマゴ技探索を担当。,既存テーブル無変更,P0,ベガ既存入手法を完全保持,ベガ既存地点,ベガ既存入手法,既存値,トーホク図鑑No.025。内部種族ID・図鑑登録・イベント参照を変更しない。,ピチューをカントーで捕獲して進化,トキワのもり,進化／認定章6個以降は中間進化がDexNav希少枠,通常野生は基礎種中心,ベガ初回殿堂入り後。認定章数でエリアと中間進化枠を段階解禁。,通常系統は両地方で基礎種を捕獲可能。トーホクは早期育成、カントーは高レベル・隠れ特性・タマゴ技探索を担当。,V2二地方生態版／541系統配置マスター＋特殊個体イベントマスター
26,ライチュウ,raichu,1,でんき,10,ベビィ含有,no,no,既存（トーホク図鑑026）,既存ベガ個体を保持,ベガ既存進行,ベガ既存地点,ベガ既存入手法,既存値,トーホク図鑑No.026。内部種族ID・図鑑登録・イベント参照を変更しない。,トーホク図鑑にも既存番号で登録,VEGA_NATIVE_026（実ROMから確定）,ピチュー,ピチュー → ピカチュウ → ライチュウ,ベガ既存系統を完全保持,VEGA_NATIVE,ベガ既存地点（出現表・配布・進化を変更しない）,ベガ既存入手法,既存値,既存値,既存イベント・野生表・進化条件を原則維持。現代化で条件が壊れる場合のみ互換処理。,K26,トキワのもり,DexNav隠し枠／低確率タマゴ,Lv.70～76,通常0%／DexNav 2～5%,ベガ初回殿堂入り後。認定章数でエリアと中間進化枠を段階解禁。,トーホクではベガ既存個体を保護。カントーでは高レベル個体・隠れ特性・タマゴ技探索を担当。,既存テーブル無変更,P0,ベガ既存入手法を完全保持,ベガ既存地点,ベガ既存入手法,既存値,トーホク図鑑No.026。内部種族ID・図鑑登録・イベント参照を変更しない。,ピチューをカントーで捕獲して進化,トキワのもり,進化／認定章6個以降は中間進化がDexNav希少枠,通常野生は基礎種中心,ベガ初回殿堂入り後。認定章数でエリアと中間進化枠を段階解禁。,通常系統は両地方で基礎種を捕獲可能。トーホクは早期育成、カントーは高レベル・隠れ特性・タマゴ技探索を担当。,V2二地方生態版／541系統配置マスター＋特殊個体イベントマスター
27,サンド,sandshrew,1,じめん,11,通常生態,no,no,既存（トーホク図鑑293）,既存ベガ個体を保持,ベガ既存進行,ベガ既存地点,ベガ既存入手法,既存値,トーホク図鑑No.293。内部種族ID・図鑑登録・イベント参照を変更しない。,トーホク図鑑にも既存番号で登録,VEGA_NATIVE_293（実ROMから確定）,サンド,サンド → サンドパン,ベガ既存系統を完全保持,VEGA_NATIVE,ベガ既存地点（出現表・配布・進化を変更しない）,ベガ既存入手法,既存値,既存値,既存イベント・野生表・進化条件を原則維持。現代化で条件が壊れる場合のみ互換処理。,K04,4ばんどうろ,草むらオーバーレイ,Lv.72～77,通常表8～15%,ベガ初回殿堂入り後。認定章数でエリアと中間進化枠を段階解禁。,トーホクではベガ既存個体を保護。カントーでは高レベル個体・隠れ特性・タマゴ技探索を担当。,既存テーブル無変更,P0,ベガ既存入手法を完全保持,ベガ既存地点,ベガ既存入手法,既存値,トーホク図鑑No.293。内部種族ID・図鑑登録・イベント参照を変更しない。,カントー高レベル野生生態,4ばんどうろ,草むらオーバーレイ,通常表8～15%,ベガ初回殿堂入り後。認定章数でエリアと中間進化枠を段階解禁。,通常系統は両地方で基礎種を捕獲可能。トーホクは早期育成、カントーは高レベル・隠れ特性・タマゴ技探索を担当。,V2二地方生態版／541系統配置マスター＋特殊個体イベントマスター
28,サンドパン,sandslash,1,じめん,11,通常生態,no,no,既存（トーホク図鑑294）,既存ベガ個体を保持,ベガ既存進行,ベガ既存地点,ベガ既存入手法,既存値,トーホク図鑑No.294。内部種族ID・図鑑登録・イベント参照を変更しない。,トーホク図鑑にも既存番号で登録,VEGA_NATIVE_294（実ROMから確定）,サンド,サンド → サンドパン,ベガ既存系統を完全保持,VEGA_NATIVE,ベガ既存地点（出現表・配布・進化を変更しない）,ベガ既存入手法,既存値,既存値,既存イベント・野生表・進化条件を原則維持。現代化で条件が壊れる場合のみ互換処理。,K04,4ばんどうろ,草むらオーバーレイ,Lv.72～77,通常表8～15%,ベガ初回殿堂入り後。認定章数でエリアと中間進化枠を段階解禁。,トーホクではベガ既存個体を保護。カントーでは高レベル個体・隠れ特性・タマゴ技探索を担当。,既存テーブル無変更,P0,ベガ既存入手法を完全保持,ベガ既存地点,ベガ既存入手法,既存値,トーホク図鑑No.294。内部種族ID・図鑑登録・イベント参照を変更しない。,サンドをカントーで捕獲して進化,4ばんどうろ,進化／認定章6個以降は中間進化がDexNav希少枠,通常野生は基礎種中心,ベガ初回殿堂入り後。認定章数でエリアと中間進化枠を段階解禁。,通常系統は両地方で基礎種を捕獲可能。トーホクは早期育成、カントーは高レベル・隠れ特性・タマゴ技探索を担当。,V2二地方生態版／541系統配置マスター＋特殊個体イベントマスター
29,ニドラン♀,nidoran-f,1,どく,12,通常生態,no,no,既存（トーホク図鑑029）,既存ベガ個体を保持,ベガ既存進行,ベガ既存地点,ベガ既存入手法,既存値,トーホク図鑑No.029。内部種族ID・図鑑登録・イベント参照を変更しない。,トーホク図鑑にも既存番号で登録,VEGA_NATIVE_029（実ROMから確定）,ニドラン♀,ニドラン♀ → ニドリーナ → ニドクイン,ベガ既存系統を完全保持,VEGA_NATIVE,ベガ既存地点（出現表・配布・進化を変更しない）,ベガ既存入手法,既存値,既存値,既存イベント・野生表・進化条件を原則維持。現代化で条件が壊れる場合のみ互換処理。,K03,3ばんどうろ,草むらオーバーレイ,Lv.71～75,通常表8～15%,ベガ初回殿堂入り後。認定章数でエリアと中間進化枠を段階解禁。,トーホクではベガ既存個体を保護。カントーでは高レベル個体・隠れ特性・タマゴ技探索を担当。,既存テーブル無変更,P0,ベガ既存入手法を完全保持,ベガ既存地点,ベガ既存入手法,既存値,トーホク図鑑No.029。内部種族ID・図鑑登録・イベント参照を変更しない。,カントー高レベル野生生態,3ばんどうろ,草むらオーバーレイ,通常表8～15%,ベガ初回殿堂入り後。認定章数でエリアと中間進化枠を段階解禁。,通常系統は両地方で基礎種を捕獲可能。トーホクは早期育成、カントーは高レベル・隠れ特性・タマゴ技探索を担当。,V2二地方生態版／541系統配置マスター＋特殊個体イベントマスター
30,ニドリーナ,nidorina,1,どく,12,通常生態,no,no,既存（トーホク図鑑030）,既存ベガ個体を保持,ベガ既存進行,ベガ既存地点,ベガ既存入手法,既存値,トーホク図鑑No.030。内部種族ID・図鑑登録・イベント参照を変更しない。,トーホク図鑑にも既存番号で登録,VEGA_NATIVE_030（実ROMから確定）,ニドラン♀,ニドラン♀ → ニドリーナ → ニドクイン,ベガ既存系統を完全保持,VEGA_NATIVE,ベガ既存地点（出現表・配布・進化を変更しない）,ベガ既存入手法,既存値,既存値,既存イベント・野生表・進化条件を原則維持。現代化で条件が壊れる場合のみ互換処理。,K03,3ばんどうろ,草むらオーバーレイ,Lv.71～75,通常表8～15%,ベガ初回殿堂入り後。認定章数でエリアと中間進化枠を段階解禁。,トーホクではベガ既存個体を保護。カントーでは高レベル個体・隠れ特性・タマゴ技探索を担当。,既存テーブル無変更,P0,ベガ既存入手法を完全保持,ベガ既存地点,ベガ既存入手法,既存値,トーホク図鑑No.030。内部種族ID・図鑑登録・イベント参照を変更しない。,ニドラン♀をカントーで捕獲して進化,3ばんどうろ,進化／認定章6個以降は中間進化がDexNav希少枠,通常野生は基礎種中心,ベガ初回殿堂入り後。認定章数でエリアと中間進化枠を段階解禁。,通常系統は両地方で基礎種を捕獲可能。トーホクは早期育成、カントーは高レベル・隠れ特性・タマゴ技探索を担当。,V2二地方生態版／541系統配置マスター＋特殊個体イベントマスター
31,ニドクイン,nidoqueen,1,どく／じめん,12,通常生態,no,no,既存（トーホク図鑑031）,既存ベガ個体を保持,ベガ既存進行,ベガ既存地点,ベガ既存入手法,既存値,トーホク図鑑No.031。内部種族ID・図鑑登録・イベント参照を変更しない。,トーホク図鑑にも既存番号で登録,VEGA_NATIVE_031（実ROMから確定）,ニドラン♀,ニドラン♀ → ニドリーナ → ニドクイン,ベガ既存系統を完全保持,VEGA_NATIVE,ベガ既存地点（出現表・配布・進化を変更しない）,ベガ既存入手法,既存値,既存値,既存イベント・野生表・進化条件を原則維持。現代化で条件が壊れる場合のみ互換処理。,K03,3ばんどうろ,草むらオーバーレイ,Lv.71～75,通常表8～15%,ベガ初回殿堂入り後。認定章数でエリアと中間進化枠を段階解禁。,トーホクではベガ既存個体を保護。カントーでは高レベル個体・隠れ特性・タマゴ技探索を担当。,既存テーブル無変更,P0,ベガ既存入手法を完全保持,ベガ既存地点,ベガ既存入手法,既存値,トーホク図鑑No.031。内部種族ID・図鑑登録・イベント参照を変更しない。,ニドラン♀をカントーで捕獲して進化,3ばんどうろ,進化／認定章6個以降は中間進化がDexNav希少枠,通常野生は基礎種中心,ベガ初回殿堂入り後。認定章数でエリアと中間進化枠を段階解禁。,通常系統は両地方で基礎種を捕獲可能。トーホクは早期育成、カントーは高レベル・隠れ特性・タマゴ技探索を担当。,V2二地方生態版／541系統配置マスター＋特殊個体イベントマスター
32,ニドラン♂,nidoran-m,1,どく,13,通常生態,no,no,既存（トーホク図鑑032）,既存ベガ個体を保持,ベガ既存進行,ベガ既存地点,ベガ既存入手法,既存値,トーホク図鑑No.032。内部種族ID・図鑑登録・イベント参照を変更しない。,トーホク図鑑にも既存番号で登録,VEGA_NATIVE_032（実ROMから確定）,ニドラン♂,ニドラン♂ → ニドリーノ → ニドキング,ベガ既存系統を完全保持,VEGA_NATIVE,ベガ既存地点（出現表・配布・進化を変更しない）,ベガ既存入手法,既存値,既存値,既存イベント・野生表・進化条件を原則維持。現代化で条件が壊れる場合のみ互換処理。,K03,3ばんどうろ,大量発生,Lv.71～75,通常0%／発生中20～35%,ベガ初回殿堂入り後。認定章数でエリアと中間進化枠を段階解禁。,トーホクではベガ既存個体を保護。カントーでは高レベル個体・隠れ特性・タマゴ技探索を担当。,既存テーブル無変更,P0,ベガ既存入手法を完全保持,ベガ既存地点,ベガ既存入手法,既存値,トーホク図鑑No.032。内部種族ID・図鑑登録・イベント参照を変更しない。,カントー高レベル野生生態,3ばんどうろ,大量発生,通常0%／発生中20～35%,ベガ初回殿堂入り後。認定章数でエリアと中間進化枠を段階解禁。,通常系統は両地方で基礎種を捕獲可能。トーホクは早期育成、カントーは高レベル・隠れ特性・タマゴ技探索を担当。,V2二地方生態版／541系統配置マスター＋特殊個体イベントマスター
33,ニドリーノ,nidorino,1,どく,13,通常生態,no,no,既存（トーホク図鑑033）,既存ベガ個体を保持,ベガ既存進行,ベガ既存地点,ベガ既存入手法,既存値,トーホク図鑑No.033。内部種族ID・図鑑登録・イベント参照を変更しない。,トーホク図鑑にも既存番号で登録,VEGA_NATIVE_033（実ROMから確定）,ニドラン♂,ニドラン♂ → ニドリーノ → ニドキング,ベガ既存系統を完全保持,VEGA_NATIVE,ベガ既存地点（出現表・配布・進化を変更しない）,ベガ既存入手法,既存値,既存値,既存イベント・野生表・進化条件を原則維持。現代化で条件が壊れる場合のみ互換処理。,K03,3ばんどうろ,大量発生,Lv.71～75,通常0%／発生中20～35%,ベガ初回殿堂入り後。認定章数でエリアと中間進化枠を段階解禁。,トーホクではベガ既存個体を保護。カントーでは高レベル個体・隠れ特性・タマゴ技探索を担当。,既存テーブル無変更,P0,ベガ既存入手法を完全保持,ベガ既存地点,ベガ既存入手法,既存値,トーホク図鑑No.033。内部種族ID・図鑑登録・イベント参照を変更しない。,ニドラン♂をカントーで捕獲して進化,3ばんどうろ,進化／認定章6個以降は中間進化がDexNav希少枠,通常野生は基礎種中心,ベガ初回殿堂入り後。認定章数でエリアと中間進化枠を段階解禁。,通常系統は両地方で基礎種を捕獲可能。トーホクは早期育成、カントーは高レベル・隠れ特性・タマゴ技探索を担当。,V2二地方生態版／541系統配置マスター＋特殊個体イベントマスター
34,ニドキング,nidoking,1,どく／じめん,13,通常生態,no,no,既存（トーホク図鑑034）,既存ベガ個体を保持,ベガ既存進行,ベガ既存地点,ベガ既存入手法,既存値,トーホク図鑑No.034。内部種族ID・図鑑登録・イベント参照を変更しない。,トーホク図鑑にも既存番号で登録,VEGA_NATIVE_034（実ROMから確定）,ニドラン♂,ニドラン♂ → ニドリーノ → ニドキング,ベガ既存系統を完全保持,VEGA_NATIVE,ベガ既存地点（出現表・配布・進化を変更しない）,ベガ既存入手法,既存値,既存値,既存イベント・野生表・進化条件を原則維持。現代化で条件が壊れる場合のみ互換処理。,K03,3ばんどうろ,大量発生,Lv.71～75,通常0%／発生中20～35%,ベガ初回殿堂入り後。認定章数でエリアと中間進化枠を段階解禁。,トーホクではベガ既存個体を保護。カントーでは高レベル個体・隠れ特性・タマゴ技探索を担当。,既存テーブル無変更,P0,ベガ既存入手法を完全保持,ベガ既存地点,ベガ既存入手法,既存値,トーホク図鑑No.034。内部種族ID・図鑑登録・イベント参照を変更しない。,ニドラン♂をカントーで捕獲して進化,3ばんどうろ,進化／認定章6個以降は中間進化がDexNav希少枠,通常野生は基礎種中心,ベガ初回殿堂入り後。認定章数でエリアと中間進化枠を段階解禁。,通常系統は両地方で基礎種を捕獲可能。トーホクは早期育成、カントーは高レベル・隠れ特性・タマゴ技探索を担当。,V2二地方生態版／541系統配置マスター＋特殊個体イベントマスター
35,ピッピ,clefairy,1,フェアリー,14,ベビィ含有,no,no,未収録・追加対象,新IDへ追加（進化入手）,殿堂入り後,ときのようかん,進化,―,レベルアップ＋なつき度160以上（CFRU/DPEの対応トリガーを使用。通信・RTC必須にはしない）,全国研究図鑑へ登録（トーホク386完成条件には含めない）,NATIONAL_EXT_0035（新規16bit ID）,ピィ,ピィ → ピッピ → ピクシー,外来生態レイヤーへ追加,T502,502ばんどうろ／すいどう,DexNav隠し枠／低確率タマゴ,Lv.3～6,通常0%／DexNav 2～5%,本編必須フラグを変更せず、外来生態フラグ・時間帯・DexNav・大量発生で制御,K27,おつきみやま,DexNav隠し枠／低確率タマゴ,Lv.73～80,通常0%／DexNav 2～5%,ベガ初回殿堂入り後。認定章数でエリアと中間進化枠を段階解禁。,トーホクは本編で使える低～中レベル基礎種、カントーは高レベル個体・中間進化・隠れ特性探索を担当。,ベガ既存11枠を上書きせず、CFRU側の条件付きオーバーレイ／DexNav／大量発生へ登録,P2,ピィをトーホクで捕獲して進化,502ばんどうろ／すいどう,進化／殿堂入り後DexNavで中間進化が稀に出現,通常野生は基礎種のみ,本編必須フラグを変更せず、外来生態フラグ・時間帯・DexNav・大量発生で制御,ピィをカントーで捕獲して進化,おつきみやま,進化／認定章6個以降は中間進化がDexNav希少枠,通常野生は基礎種中心,ベガ初回殿堂入り後。認定章数でエリアと中間進化枠を段階解禁。,通常系統は両地方で基礎種を捕獲可能。トーホクは早期育成、カントーは高レベル・隠れ特性・タマゴ技探索を担当。,V2二地方生態版／541系統配置マスター＋特殊個体イベントマスター
36,ピクシー,clefable,1,フェアリー,14,ベビィ含有,no,no,未収録・追加対象,新IDへ追加（進化入手）,殿堂入り後,ときのようかん,進化,―,道具使用＋つきのいしを使う（CFRU/DPEの対応トリガーを使用。通信・RTC必須にはしない）,全国研究図鑑へ登録（トーホク386完成条件には含めない）,NATIONAL_EXT_0036（新規16bit ID）,ピィ,ピィ → ピッピ → ピクシー,外来生態レイヤーへ追加,T502,502ばんどうろ／すいどう,DexNav隠し枠／低確率タマゴ,Lv.3～6,通常0%／DexNav 2～5%,本編必須フラグを変更せず、外来生態フラグ・時間帯・DexNav・大量発生で制御,K27,おつきみやま,DexNav隠し枠／低確率タマゴ,Lv.73～80,通常0%／DexNav 2～5%,ベガ初回殿堂入り後。認定章数でエリアと中間進化枠を段階解禁。,トーホクは本編で使える低～中レベル基礎種、カントーは高レベル個体・中間進化・隠れ特性探索を担当。,ベガ既存11枠を上書きせず、CFRU側の条件付きオーバーレイ／DexNav／大量発生へ登録,P2,ピィをトーホクで捕獲して進化,502ばんどうろ／すいどう,進化／殿堂入り後DexNavで中間進化が稀に出現,通常野生は基礎種のみ,本編必須フラグを変更せず、外来生態フラグ・時間帯・DexNav・大量発生で制御,ピィをカントーで捕獲して進化,おつきみやま,進化／認定章6個以降は中間進化がDexNav希少枠,通常野生は基礎種中心,ベガ初回殿堂入り後。認定章数でエリアと中間進化枠を段階解禁。,通常系統は両地方で基礎種を捕獲可能。トーホクは早期育成、カントーは高レベル・隠れ特性・タマゴ技探索を担当。,V2二地方生態版／541系統配置マスター＋特殊個体イベントマスター
37,ロコン,vulpix,1,ほのお,15,通常生態,no,no,未収録・追加対象,新IDへ追加,殿堂入り後,ひのしま,大量発生,発生中20～40%,主に基礎形のみ出現。中間・最終進化は原則として育成で入手。時間帯・天候は生態チケットで任意固定可能。,全国研究図鑑へ登録（トーホク386完成条件には含めない）,NATIONAL_EXT_0037（新規16bit ID）,ロコン,ロコン → キュウコン,外来生態レイヤーへ追加,T521,521ばんどうろ／すいどう,草むらオーバーレイ,Lv.45～52,追加抽選3～6%,本編必須フラグを変更せず、外来生態フラグ・時間帯・DexNav・大量発生で制御,K07,7ばんどうろ,草むらオーバーレイ,Lv.78～83,通常表8～15%,ベガ初回殿堂入り後。認定章数でエリアと中間進化枠を段階解禁。,トーホクは本編で使える低～中レベル基礎種、カントーは高レベル個体・中間進化・隠れ特性探索を担当。,ベガ既存11枠を上書きせず、CFRU側の条件付きオーバーレイ／DexNav／大量発生へ登録,P2,トーホク野生生態,521ばんどうろ／すいどう,草むらオーバーレイ,追加抽選3～6%,本編必須フラグを変更せず、外来生態フラグ・時間帯・DexNav・大量発生で制御,カントー高レベル野生生態,7ばんどうろ,草むらオーバーレイ,通常表8～15%,ベガ初回殿堂入り後。認定章数でエリアと中間進化枠を段階解禁。,通常系統は両地方で基礎種を捕獲可能。トーホクは早期育成、カントーは高レベル・隠れ特性・タマゴ技探索を担当。,V2二地方生態版／541系統配置マスター＋特殊個体イベントマスター
38,キュウコン,ninetales,1,ほのお,15,通常生態,no,no,未収録・追加対象,新IDへ追加（進化入手）,殿堂入り後,ひのしま,進化,―,道具使用＋ほのおのいしを使う（CFRU/DPEの対応トリガーを使用。通信・RTC必須にはしない）,全国研究図鑑へ登録（トーホク386完成条件には含めない）,NATIONAL_EXT_0038（新規16bit ID）,ロコン,ロコン → キュウコン,外来生態レイヤーへ追加,T521,521ばんどうろ／すいどう,草むらオーバーレイ,Lv.45～52,追加抽選3～6%,本編必須フラグを変更せず、外来生態フラグ・時間帯・DexNav・大量発生で制御,K07,7ばんどうろ,草むらオーバーレイ,Lv.78～83,通常表8～15%,ベガ初回殿堂入り後。認定章数でエリアと中間進化枠を段階解禁。,トーホクは本編で使える低～中レベル基礎種、カントーは高レベル個体・中間進化・隠れ特性探索を担当。,ベガ既存11枠を上書きせず、CFRU側の条件付きオーバーレイ／DexNav／大量発生へ登録,P2,ロコンをトーホクで捕獲して進化,521ばんどうろ／すいどう,進化／殿堂入り後DexNavで中間進化が稀に出現,通常野生は基礎種のみ,本編必須フラグを変更せず、外来生態フラグ・時間帯・DexNav・大量発生で制御,ロコンをカントーで捕獲して進化,7ばんどうろ,進化／認定章6個以降は中間進化がDexNav希少枠,通常野生は基礎種中心,ベガ初回殿堂入り後。認定章数でエリアと中間進化枠を段階解禁。,通常系統は両地方で基礎種を捕獲可能。トーホクは早期育成、カントーは高レベル・隠れ特性・タマゴ技探索を担当。,V2二地方生態版／541系統配置マスター＋特殊個体イベントマスター
39,プリン,jigglypuff,1,ノーマル／フェアリー,16,ベビィ含有,no,no,未収録・追加対象,新IDへ追加（進化入手）,殿堂入り後,ニューアイランド,進化,―,レベルアップ＋なつき度160以上（CFRU/DPEの対応トリガーを使用。通信・RTC必須にはしない）,全国研究図鑑へ登録（トーホク386完成条件には含めない）,NATIONAL_EXT_0039（新規16bit ID）,ププリン,ププリン → プリン → プクリン,外来生態レイヤーへ追加,T502,502ばんどうろ／すいどう,DexNav隠し枠／低確率タマゴ,Lv.3～6,通常0%／DexNav 2～5%,本編必須フラグを変更せず、外来生態フラグ・時間帯・DexNav・大量発生で制御,K03,3ばんどうろ,DexNav隠し枠／低確率タマゴ,Lv.71～75,通常0%／DexNav 2～5%,ベガ初回殿堂入り後。認定章数でエリアと中間進化枠を段階解禁。,トーホクは本編で使える低～中レベル基礎種、カントーは高レベル個体・中間進化・隠れ特性探索を担当。,ベガ既存11枠を上書きせず、CFRU側の条件付きオーバーレイ／DexNav／大量発生へ登録,P2,ププリンをトーホクで捕獲して進化,502ばんどうろ／すいどう,進化／殿堂入り後DexNavで中間進化が稀に出現,通常野生は基礎種のみ,本編必須フラグを変更せず、外来生態フラグ・時間帯・DexNav・大量発生で制御,ププリンをカントーで捕獲して進化,3ばんどうろ,進化／認定章6個以降は中間進化がDexNav希少枠,通常野生は基礎種中心,ベガ初回殿堂入り後。認定章数でエリアと中間進化枠を段階解禁。,通常系統は両地方で基礎種を捕獲可能。トーホクは早期育成、カントーは高レベル・隠れ特性・タマゴ技探索を担当。,V2二地方生態版／541系統配置マスター＋特殊個体イベントマスター
40,プクリン,wigglytuff,1,ノーマル／フェアリー,16,ベビィ含有,no,no,未収録・追加対象,新IDへ追加（進化入手）,殿堂入り後,ニューアイランド,進化,―,道具使用＋つきのいしを使う（CFRU/DPEの対応トリガーを使用。通信・RTC必須にはしない）,全国研究図鑑へ登録（トーホク386完成条件には含めない）,NATIONAL_EXT_0040（新規16bit ID）,ププリン,ププリン → プリン → プクリン,外来生態レイヤーへ追加,T502,502ばんどうろ／すいどう,DexNav隠し枠／低確率タマゴ,Lv.3～6,通常0%／DexNav 2～5%,本編必須フラグを変更せず、外来生態フラグ・時間帯・DexNav・大量発生で制御,K03,3ばんどうろ,DexNav隠し枠／低確率タマゴ,Lv.71～75,通常0%／DexNav 2～5%,ベガ初回殿堂入り後。認定章数でエリアと中間進化枠を段階解禁。,トーホクは本編で使える低～中レベル基礎種、カントーは高レベル個体・中間進化・隠れ特性探索を担当。,ベガ既存11枠を上書きせず、CFRU側の条件付きオーバーレイ／DexNav／大量発生へ登録,P2,ププリンをトーホクで捕獲して進化,502ばんどうろ／すいどう,進化／殿堂入り後DexNavで中間進化が稀に出現,通常野生は基礎種のみ,本編必須フラグを変更せず、外来生態フラグ・時間帯・DexNav・大量発生で制御,ププリンをカントーで捕獲して進化,3ばんどうろ,進化／認定章6個以降は中間進化がDexNav希少枠,通常野生は基礎種中心,ベガ初回殿堂入り後。認定章数でエリアと中間進化枠を段階解禁。,通常系統は両地方で基礎種を捕獲可能。トーホクは早期育成、カントーは高レベル・隠れ特性・タマゴ技探索を担当。,V2二地方生態版／541系統配置マスター＋特殊個体イベントマスター
41,ズバット,zubat,1,どく／ひこう,17,通常生態,no,no,未収録・追加対象,新IDへ追加,殿堂入り後,全国生態保護区（サファリ増設区画）,生態保護区ローテーション,対象日10～20%（チケットで固定可）,主に基礎形のみ出現。中間・最終進化は原則として育成で入手。時間帯・天候は生態チケットで任意固定可能。,全国研究図鑑へ登録（トーホク386完成条件には含めない）,NATIONAL_EXT_0041（新規16bit ID）,ズバット,ズバット → ゴルバット → クロバット,外来生態レイヤーへ追加,T505,505ばんどうろ／すいどう,大量発生,Lv.10～14,通常0%／発生中20～35%,本編必須フラグを変更せず、外来生態フラグ・時間帯・DexNav・大量発生で制御,K27,おつきみやま,洞窟・屋内オーバーレイ,Lv.73～80,通常表8～15%,ベガ初回殿堂入り後。認定章数でエリアと中間進化枠を段階解禁。,トーホクは本編で使える低～中レベル基礎種、カントーは高レベル個体・中間進化・隠れ特性探索を担当。,ベガ既存11枠を上書きせず、CFRU側の条件付きオーバーレイ／DexNav／大量発生へ登録,P2,トーホク野生生態,505ばんどうろ／すいどう,大量発生,通常0%／発生中20～35%,本編必須フラグを変更せず、外来生態フラグ・時間帯・DexNav・大量発生で制御,カントー高レベル野生生態,おつきみやま,洞窟・屋内オーバーレイ,通常表8～15%,ベガ初回殿堂入り後。認定章数でエリアと中間進化枠を段階解禁。,通常系統は両地方で基礎種を捕獲可能。トーホクは早期育成、カントーは高レベル・隠れ特性・タマゴ技探索を担当。,V2二地方生態版／541系統配置マスター＋特殊個体イベントマスター
42,ゴルバット,golbat,1,どく／ひこう,17,通常生態,no,no,未収録・追加対象,新IDへ追加（進化入手）,殿堂入り後,全国生態保護区（サファリ増設区画）,進化,―,レベルアップ＋Lv.22以上（CFRU/DPEの対応トリガーを使用。通信・RTC必須にはしない）,全国研究図鑑へ登録（トーホク386完成条件には含めない）,NATIONAL_EXT_0042（新規16bit ID）,ズバット,ズバット → ゴルバット → クロバット,外来生態レイヤーへ追加,T505,505ばんどうろ／すいどう,大量発生,Lv.10～14,通常0%／発生中20～35%,本編必須フラグを変更せず、外来生態フラグ・時間帯・DexNav・大量発生で制御,K27,おつきみやま,洞窟・屋内オーバーレイ,Lv.73～80,通常表8～15%,ベガ初回殿堂入り後。認定章数でエリアと中間進化枠を段階解禁。,トーホクは本編で使える低～中レベル基礎種、カントーは高レベル個体・中間進化・隠れ特性探索を担当。,ベガ既存11枠を上書きせず、CFRU側の条件付きオーバーレイ／DexNav／大量発生へ登録,P2,ズバットをトーホクで捕獲して進化,505ばんどうろ／すいどう,進化／殿堂入り後DexNavで中間進化が稀に出現,通常野生は基礎種のみ,本編必須フラグを変更せず、外来生態フラグ・時間帯・DexNav・大量発生で制御,ズバットをカントーで捕獲して進化,おつきみやま,進化／認定章6個以降は中間進化がDexNav希少枠,通常野生は基礎種中心,ベガ初回殿堂入り後。認定章数でエリアと中間進化枠を段階解禁。,通常系統は両地方で基礎種を捕獲可能。トーホクは早期育成、カントーは高レベル・隠れ特性・タマゴ技探索を担当。,V2二地方生態版／541系統配置マスター＋特殊個体イベントマスター
43,ナゾノクサ,oddish,1,くさ／どく,18,通常生態,no,no,未収録・追加対象,新IDへ追加,殿堂入り後,サファリゾーン東,草むらオーバーレイ,8～12%,主に基礎形のみ出現。中間・最終進化は原則として育成で入手。時間帯・天候は生態チケットで任意固定可能。,全国研究図鑑へ登録（トーホク386完成条件には含めない）,NATIONAL_EXT_0043（新規16bit ID）,ナゾノクサ,ナゾノクサ → クサイハナ → ラフレシア → キレイハナ,外来生態レイヤーへ追加,T504,504ばんどうろ／すいどう,草むらオーバーレイ,Lv.9～13,追加抽選3～6%,本編必須フラグを変更せず、外来生態フラグ・時間帯・DexNav・大量発生で制御,K05,5ばんどうろ,草むらオーバーレイ,Lv.74～79,通常表8～15%,ベガ初回殿堂入り後。認定章数でエリアと中間進化枠を段階解禁。,トーホクは本編で使える低～中レベル基礎種、カントーは高レベル個体・中間進化・隠れ特性探索を担当。,ベガ既存11枠を上書きせず、CFRU側の条件付きオーバーレイ／DexNav／大量発生へ登録,P2,トーホク野生生態,504ばんどうろ／すいどう,草むらオーバーレイ,追加抽選3～6%,本編必須フラグを変更せず、外来生態フラグ・時間帯・DexNav・大量発生で制御,カントー高レベル野生生態,5ばんどうろ,草むらオーバーレイ,通常表8～15%,ベガ初回殿堂入り後。認定章数でエリアと中間進化枠を段階解禁。,通常系統は両地方で基礎種を捕獲可能。トーホクは早期育成、カントーは高レベル・隠れ特性・タマゴ技探索を担当。,V2二地方生態版／541系統配置マスター＋特殊個体イベントマスター
44,クサイハナ,gloom,1,くさ／どく,18,通常生態,no,no,未収録・追加対象,新IDへ追加（進化入手）,殿堂入り後,サファリゾーン東,進化,―,レベルアップ＋Lv.21以上（CFRU/DPEの対応トリガーを使用。通信・RTC必須にはしない）,全国研究図鑑へ登録（トーホク386完成条件には含めない）,NATIONAL_EXT_0044（新規16bit ID）,ナゾノクサ,ナゾノクサ → クサイハナ → ラフレシア → キレイハナ,外来生態レイヤーへ追加,T504,504ばんどうろ／すいどう,草むらオーバーレイ,Lv.9～13,追加抽選3～6%,本編必須フラグを変更せず、外来生態フラグ・時間帯・DexNav・大量発生で制御,K05,5ばんどうろ,草むらオーバーレイ,Lv.74～79,通常表8～15%,ベガ初回殿堂入り後。認定章数でエリアと中間進化枠を段階解禁。,トーホクは本編で使える低～中レベル基礎種、カントーは高レベル個体・中間進化・隠れ特性探索を担当。,ベガ既存11枠を上書きせず、CFRU側の条件付きオーバーレイ／DexNav／大量発生へ登録,P2,ナゾノクサをトーホクで捕獲して進化,504ばんどうろ／すいどう,進化／殿堂入り後DexNavで中間進化が稀に出現,通常野生は基礎種のみ,本編必須フラグを変更せず、外来生態フラグ・時間帯・DexNav・大量発生で制御,ナゾノクサをカントーで捕獲して進化,5ばんどうろ,進化／認定章6個以降は中間進化がDexNav希少枠,通常野生は基礎種中心,ベガ初回殿堂入り後。認定章数でエリアと中間進化枠を段階解禁。,通常系統は両地方で基礎種を捕獲可能。トーホクは早期育成、カントーは高レベル・隠れ特性・タマゴ技探索を担当。,V2二地方生態版／541系統配置マスター＋特殊個体イベントマスター
45,ラフレシア,vileplume,1,くさ／どく,18,通常生態,no,no,未収録・追加対象,新IDへ追加（進化入手）,殿堂入り後,サファリゾーン東,進化,―,道具使用＋リーフのいしを使う（CFRU/DPEの対応トリガーを使用。通信・RTC必須にはしない）,全国研究図鑑へ登録（トーホク386完成条件には含めない）,NATIONAL_EXT_0045（新規16bit ID）,ナゾノクサ,ナゾノクサ → クサイハナ → ラフレシア → キレイハナ,外来生態レイヤーへ追加,T504,504ばんどうろ／すいどう,草むらオーバーレイ,Lv.9～13,追加抽選3～6%,本編必須フラグを変更せず、外来生態フラグ・時間帯・DexNav・大量発生で制御,K05,5ばんどうろ,草むらオーバーレイ,Lv.74～79,通常表8～15%,ベガ初回殿堂入り後。認定章数でエリアと中間進化枠を段階解禁。,トーホクは本編で使える低～中レベル基礎種、カントーは高レベル個体・中間進化・隠れ特性探索を担当。,ベガ既存11枠を上書きせず、CFRU側の条件付きオーバーレイ／DexNav／大量発生へ登録,P2,ナゾノクサをトーホクで捕獲して進化,504ばんどうろ／すいどう,進化／殿堂入り後DexNavで中間進化が稀に出現,通常野生は基礎種のみ,本編必須フラグを変更せず、外来生態フラグ・時間帯・DexNav・大量発生で制御,ナゾノクサをカントーで捕獲して進化,5ばんどうろ,進化／認定章6個以降は中間進化がDexNav希少枠,通常野生は基礎種中心,ベガ初回殿堂入り後。認定章数でエリアと中間進化枠を段階解禁。,通常系統は両地方で基礎種を捕獲可能。トーホクは早期育成、カントーは高レベル・隠れ特性・タマゴ技探索を担当。,V2二地方生態版／541系統配置マスター＋特殊個体イベントマスター
46,パラス,paras,1,むし／くさ,19,通常生態,no,no,未収録・追加対象,新IDへ追加,殿堂入り後,サファリゾーン東,草むらオーバーレイ,8～12%,主に基礎形のみ出現。中間・最終進化は原則として育成で入手。時間帯・天候は生態チケットで任意固定可能。,全国研究図鑑へ登録（トーホク386完成条件には含めない）,NATIONAL_EXT_0046（新規16bit ID）,パラス,パラス → パラセクト,外来生態レイヤーへ追加,T036,サファリゾーン東,ずつき／朝昼オーバーレイ,Lv.38～48／殿堂入り後Lv.55～70,追加抽選3～6%,本編必須フラグを変更せず、外来生態フラグ・時間帯・DexNav・大量発生で制御,K27,おつきみやま,洞窟・屋内オーバーレイ,Lv.73～80,通常表8～15%,ベガ初回殿堂入り後。認定章数でエリアと中間進化枠を段階解禁。,トーホクは本編で使える低～中レベル基礎種、カントーは高レベル個体・中間進化・隠れ特性探索を担当。,ベガ既存11枠を上書きせず、CFRU側の条件付きオーバーレイ／DexNav／大量発生へ登録,P2,トーホク野生生態,サファリゾーン東,ずつき／朝昼オーバーレイ,追加抽選3～6%,本編必須フラグを変更せず、外来生態フラグ・時間帯・DexNav・大量発生で制御,カントー高レベル野生生態,おつきみやま,洞窟・屋内オーバーレイ,通常表8～15%,ベガ初回殿堂入り後。認定章数でエリアと中間進化枠を段階解禁。,通常系統は両地方で基礎種を捕獲可能。トーホクは早期育成、カントーは高レベル・隠れ特性・タマゴ技探索を担当。,V2二地方生態版／541系統配置マスター＋特殊個体イベントマスター
47,パラセクト,parasect,1,むし／くさ,19,通常生態,no,no,未収録・追加対象,新IDへ追加（進化入手）,殿堂入り後,サファリゾーン東,進化,―,レベルアップ＋Lv.24以上（CFRU/DPEの対応トリガーを使用。通信・RTC必須にはしない）,全国研究図鑑へ登録（トーホク386完成条件には含めない）,NATIONAL_EXT_0047（新規16bit ID）,パラス,パラス → パラセクト,外来生態レイヤーへ追加,T036,サファリゾーン東,ずつき／朝昼オーバーレイ,Lv.38～48／殿堂入り後Lv.55～70,追加抽選3～6%,本編必須フラグを変更せず、外来生態フラグ・時間帯・DexNav・大量発生で制御,K27,おつきみやま,洞窟・屋内オーバーレイ,Lv.73～80,通常表8～15%,ベガ初回殿堂入り後。認定章数でエリアと中間進化枠を段階解禁。,トーホクは本編で使える低～中レベル基礎種、カントーは高レベル個体・中間進化・隠れ特性探索を担当。,ベガ既存11枠を上書きせず、CFRU側の条件付きオーバーレイ／DexNav／大量発生へ登録,P2,パラスをトーホクで捕獲して進化,サファリゾーン東,進化／殿堂入り後DexNavで中間進化が稀に出現,通常野生は基礎種のみ,本編必須フラグを変更せず、外来生態フラグ・時間帯・DexNav・大量発生で制御,パラスをカントーで捕獲して進化,おつきみやま,進化／認定章6個以降は中間進化がDexNav希少枠,通常野生は基礎種中心,ベガ初回殿堂入り後。認定章数でエリアと中間進化枠を段階解禁。,通常系統は両地方で基礎種を捕獲可能。トーホクは早期育成、カントーは高レベル・隠れ特性・タマゴ技探索を担当。,V2二地方生態版／541系統配置マスター＋特殊個体イベントマスター
48,コンパン,venonat,1,むし／どく,20,通常生態,no,no,未収録・追加対象,新IDへ追加,殿堂入り後,ハクジのもり,ずつき,8～12%,主に基礎形のみ出現。中間・最終進化は原則として育成で入手。時間帯・天候は生態チケットで任意固定可能。,全国研究図鑑へ登録（トーホク386完成条件には含めない）,NATIONAL_EXT_0048（新規16bit ID）,コンパン,コンパン → モルフォン,外来生態レイヤーへ追加,T504,504ばんどうろ／すいどう,大量発生,Lv.9～13,通常0%／発生中20～35%,本編必須フラグを変更せず、外来生態フラグ・時間帯・DexNav・大量発生で制御,K14,14ばんどうろ,大量発生,Lv.84～89,通常0%／発生中20～35%,ベガ初回殿堂入り後。認定章数でエリアと中間進化枠を段階解禁。,トーホクは本編で使える低～中レベル基礎種、カントーは高レベル個体・中間進化・隠れ特性探索を担当。,ベガ既存11枠を上書きせず、CFRU側の条件付きオーバーレイ／DexNav／大量発生へ登録,P2,トーホク野生生態,504ばんどうろ／すいどう,大量発生,通常0%／発生中20～35%,本編必須フラグを変更せず、外来生態フラグ・時間帯・DexNav・大量発生で制御,カントー高レベル野生生態,14ばんどうろ,大量発生,通常0%／発生中20～35%,ベガ初回殿堂入り後。認定章数でエリアと中間進化枠を段階解禁。,通常系統は両地方で基礎種を捕獲可能。トーホクは早期育成、カントーは高レベル・隠れ特性・タマゴ技探索を担当。,V2二地方生態版／541系統配置マスター＋特殊個体イベントマスター
49,モルフォン,venomoth,1,むし／どく,20,通常生態,no,no,未収録・追加対象,新IDへ追加（進化入手）,殿堂入り後,ハクジのもり,進化,―,レベルアップ＋Lv.31以上（CFRU/DPEの対応トリガーを使用。通信・RTC必須にはしない）,全国研究図鑑へ登録（トーホク386完成条件には含めない）,NATIONAL_EXT_0049（新規16bit ID）,コンパン,コンパン → モルフォン,外来生態レイヤーへ追加,T504,504ばんどうろ／すいどう,大量発生,Lv.9～13,通常0%／発生中20～35%,本編必須フラグを変更せず、外来生態フラグ・時間帯・DexNav・大量発生で制御,K14,14ばんどうろ,大量発生,Lv.84～89,通常0%／発生中20～35%,ベガ初回殿堂入り後。認定章数でエリアと中間進化枠を段階解禁。,トーホクは本編で使える低～中レベル基礎種、カントーは高レベル個体・中間進化・隠れ特性探索を担当。,ベガ既存11枠を上書きせず、CFRU側の条件付きオーバーレイ／DexNav／大量発生へ登録,P2,コンパンをトーホクで捕獲して進化,504ばんどうろ／すいどう,進化／殿堂入り後DexNavで中間進化が稀に出現,通常野生は基礎種のみ,本編必須フラグを変更せず、外来生態フラグ・時間帯・DexNav・大量発生で制御,コンパンをカントーで捕獲して進化,14ばんどうろ,進化／認定章6個以降は中間進化がDexNav希少枠,通常野生は基礎種中心,ベガ初回殿堂入り後。認定章数でエリアと中間進化枠を段階解禁。,通常系統は両地方で基礎種を捕獲可能。トーホクは早期育成、カントーは高レベル・隠れ特性・タマゴ技探索を担当。,V2二地方生態版／541系統配置マスター＋特殊個体イベントマスター
50,ディグダ,diglett,1,じめん,21,通常生態,no,no,既存（トーホク図鑑016）,既存ベガ個体を保持,ベガ既存進行,ベガ既存地点,ベガ既存入手法,既存値,トーホク図鑑No.016。内部種族ID・図鑑登録・イベント参照を変更しない。,トーホク図鑑にも既存番号で登録,VEGA_NATIVE_016（実ROMから確定）,ディグダ,ディグダ → ダグトリオ,ベガ既存系統を完全保持,VEGA_NATIVE,ベガ既存地点（出現表・配布・進化を変更しない）,ベガ既存入手法,既存値,既存値,既存イベント・野生表・進化条件を原則維持。現代化で条件が壊れる場合のみ互換処理。,K28,ディグダのあな,いわくだき／DexNav,Lv.76～83,通常0%／DexNav 2～5%,ベガ初回殿堂入り後。認定章数でエリアと中間進化枠を段階解禁。,トーホクではベガ既存個体を保護。カントーでは高レベル個体・隠れ特性・タマゴ技探索を担当。,既存テーブル無変更,P0,ベガ既存入手法を完全保持,ベガ既存地点,ベガ既存入手法,既存値,トーホク図鑑No.016。内部種族ID・図鑑登録・イベント参照を変更しない。,カントー高レベル野生生態,ディグダのあな,いわくだき／DexNav,通常0%／DexNav 2～5%,ベガ初回殿堂入り後。認定章数でエリアと中間進化枠を段階解禁。,通常系統は両地方で基礎種を捕獲可能。トーホクは早期育成、カントーは高レベル・隠れ特性・タマゴ技探索を担当。,V2二地方生態版／541系統配置マスター＋特殊個体イベントマスター
51,ダグトリオ,dugtrio,1,じめん,21,通常生態,no,no,既存（トーホク図鑑017）,既存ベガ個体を保持,ベガ既存進行,ベガ既存地点,ベガ既存入手法,既存値,トーホク図鑑No.017。内部種族ID・図鑑登録・イベント参照を変更しない。,トーホク図鑑にも既存番号で登録,VEGA_NATIVE_017（実ROMから確定）,ディグダ,ディグダ → ダグトリオ,ベガ既存系統を完全保持,VEGA_NATIVE,ベガ既存地点（出現表・配布・進化を変更しない）,ベガ既存入手法,既存値,既存値,既存イベント・野生表・進化条件を原則維持。現代化で条件が壊れる場合のみ互換処理。,K28,ディグダのあな,いわくだき／DexNav,Lv.76～83,通常0%／DexNav 2～5%,ベガ初回殿堂入り後。認定章数でエリアと中間進化枠を段階解禁。,トーホクではベガ既存個体を保護。カントーでは高レベル個体・隠れ特性・タマゴ技探索を担当。,既存テーブル無変更,P0,ベガ既存入手法を完全保持,ベガ既存地点,ベガ既存入手法,既存値,トーホク図鑑No.017。内部種族ID・図鑑登録・イベント参照を変更しない。,ディグダをカントーで捕獲して進化,ディグダのあな,進化／認定章6個以降は中間進化がDexNav希少枠,通常野生は基礎種中心,ベガ初回殿堂入り後。認定章数でエリアと中間進化枠を段階解禁。,通常系統は両地方で基礎種を捕獲可能。トーホクは早期育成、カントーは高レベル・隠れ特性・タマゴ技探索を担当。,V2二地方生態版／541系統配置マスター＋特殊個体イベントマスター
52,ニャース,meowth,1,ノーマル,22,通常生態,no,no,未収録・追加対象,新IDへ追加,殿堂入り後,全国生態保護区（サファリ増設区画）,生態保護区ローテーション,対象日10～20%（チケットで固定可）,主に基礎形のみ出現。中間・最終進化は原則として育成で入手。時間帯・天候は生態チケットで任意固定可能。,全国研究図鑑へ登録（トーホク386完成条件には含めない）,NATIONAL_EXT_0052（新規16bit ID）,ニャース,ニャース → ペルシアン → ニャイキング,外来生態レイヤーへ追加,T506,506ばんどうろ／すいどう,大量発生,Lv.12～17,通常0%／発生中20～35%,本編必須フラグを変更せず、外来生態フラグ・時間帯・DexNav・大量発生で制御,K05,5ばんどうろ,草むらオーバーレイ,Lv.74～79,通常表8～15%,ベガ初回殿堂入り後。認定章数でエリアと中間進化枠を段階解禁。,トーホクは本編で使える低～中レベル基礎種、カントーは高レベル個体・中間進化・隠れ特性探索を担当。,ベガ既存11枠を上書きせず、CFRU側の条件付きオーバーレイ／DexNav／大量発生へ登録,P2,トーホク野生生態,506ばんどうろ／すいどう,大量発生,通常0%／発生中20～35%,本編必須フラグを変更せず、外来生態フラグ・時間帯・DexNav・大量発生で制御,カントー高レベル野生生態,5ばんどうろ,草むらオーバーレイ,通常表8～15%,ベガ初回殿堂入り後。認定章数でエリアと中間進化枠を段階解禁。,通常系統は両地方で基礎種を捕獲可能。トーホクは早期育成、カントーは高レベル・隠れ特性・タマゴ技探索を担当。,V2二地方生態版／541系統配置マスター＋特殊個体イベントマスター
53,ペルシアン,persian,1,ノーマル,22,通常生態,no,no,未収録・追加対象,新IDへ追加（進化入手）,殿堂入り後,全国生態保護区（サファリ増設区画）,進化,―,レベルアップ＋Lv.28以上（CFRU/DPEの対応トリガーを使用。通信・RTC必須にはしない）,全国研究図鑑へ登録（トーホク386完成条件には含めない）,NATIONAL_EXT_0053（新規16bit ID）,ニャース,ニャース → ペルシアン → ニャイキング,外来生態レイヤーへ追加,T506,506ばんどうろ／すいどう,大量発生,Lv.12～17,通常0%／発生中20～35%,本編必須フラグを変更せず、外来生態フラグ・時間帯・DexNav・大量発生で制御,K05,5ばんどうろ,草むらオーバーレイ,Lv.74～79,通常表8～15%,ベガ初回殿堂入り後。認定章数でエリアと中間進化枠を段階解禁。,トーホクは本編で使える低～中レベル基礎種、カントーは高レベル個体・中間進化・隠れ特性探索を担当。,ベガ既存11枠を上書きせず、CFRU側の条件付きオーバーレイ／DexNav／大量発生へ登録,P2,ニャースをトーホクで捕獲して進化,506ばんどうろ／すいどう,進化／殿堂入り後DexNavで中間進化が稀に出現,通常野生は基礎種のみ,本編必須フラグを変更せず、外来生態フラグ・時間帯・DexNav・大量発生で制御,ニャースをカントーで捕獲して進化,5ばんどうろ,進化／認定章6個以降は中間進化がDexNav希少枠,通常野生は基礎種中心,ベガ初回殿堂入り後。認定章数でエリアと中間進化枠を段階解禁。,通常系統は両地方で基礎種を捕獲可能。トーホクは早期育成、カントーは高レベル・隠れ特性・タマゴ技探索を担当。,V2二地方生態版／541系統配置マスター＋特殊個体イベントマスター
54,コダック,psyduck,1,みず,23,通常生態,no,no,未収録・追加対象,新IDへ追加,殿堂入り後,サファリゾーン北,水上,8～12%,主に基礎形のみ出現。中間・最終進化は原則として育成で入手。時間帯・天候は生態チケットで任意固定可能。,全国研究図鑑へ登録（トーホク386完成条件には含めない）,NATIONAL_EXT_0054（新規16bit ID）,コダック,コダック → ゴルダック,外来生態レイヤーへ追加,T512,512ばんどうろ／すいどう,釣りオーバーレイ,Lv.27～33,追加抽選4～8%,本編必須フラグを変更せず、外来生態フラグ・時間帯・DexNav・大量発生で制御,K25,25ばんどうろ,釣りオーバーレイ,Lv.75～80,通常表10～20%,ベガ初回殿堂入り後。認定章数でエリアと中間進化枠を段階解禁。,トーホクは本編で使える低～中レベル基礎種、カントーは高レベル個体・中間進化・隠れ特性探索を担当。,ベガ既存11枠を上書きせず、CFRU側の条件付きオーバーレイ／DexNav／大量発生へ登録,P2,トーホク野生生態,512ばんどうろ／すいどう,釣りオーバーレイ,追加抽選4～8%,本編必須フラグを変更せず、外来生態フラグ・時間帯・DexNav・大量発生で制御,カントー高レベル野生生態,25ばんどうろ,釣りオーバーレイ,通常表10～20%,ベガ初回殿堂入り後。認定章数でエリアと中間進化枠を段階解禁。,通常系統は両地方で基礎種を捕獲可能。トーホクは早期育成、カントーは高レベル・隠れ特性・タマゴ技探索を担当。,V2二地方生態版／541系統配置マスター＋特殊個体イベントマスター
55,ゴルダック,golduck,1,みず,23,通常生態,no,no,未収録・追加対象,新IDへ追加（進化入手）,殿堂入り後,サファリゾーン北,進化,―,レベルアップ＋Lv.33以上（CFRU/DPEの対応トリガーを使用。通信・RTC必須にはしない）,全国研究図鑑へ登録（トーホク386完成条件には含めない）,NATIONAL_EXT_0055（新規16bit ID）,コダック,コダック → ゴルダック,外来生態レイヤーへ追加,T512,512ばんどうろ／すいどう,釣りオーバーレイ,Lv.27～33,追加抽選4～8%,本編必須フラグを変更せず、外来生態フラグ・時間帯・DexNav・大量発生で制御,K25,25ばんどうろ,釣りオーバーレイ,Lv.75～80,通常表10～20%,ベガ初回殿堂入り後。認定章数でエリアと中間進化枠を段階解禁。,トーホクは本編で使える低～中レベル基礎種、カントーは高レベル個体・中間進化・隠れ特性探索を担当。,ベガ既存11枠を上書きせず、CFRU側の条件付きオーバーレイ／DexNav／大量発生へ登録,P2,コダックをトーホクで捕獲して進化,512ばんどうろ／すいどう,進化／殿堂入り後DexNavで中間進化が稀に出現,通常野生は基礎種のみ,本編必須フラグを変更せず、外来生態フラグ・時間帯・DexNav・大量発生で制御,コダックをカントーで捕獲して進化,25ばんどうろ,進化／認定章6個以降は中間進化がDexNav希少枠,通常野生は基礎種中心,ベガ初回殿堂入り後。認定章数でエリアと中間進化枠を段階解禁。,通常系統は両地方で基礎種を捕獲可能。トーホクは早期育成、カントーは高レベル・隠れ特性・タマゴ技探索を担当。,V2二地方生態版／541系統配置マスター＋特殊個体イベントマスター
56,マンキー,mankey,1,かくとう,24,通常生態,no,no,未収録・追加対象,新IDへ追加,殿堂入り後,ダークタワー,夜間オーバーレイ,8～12%,主に基礎形のみ出現。中間・最終進化は原則として育成で入手。時間帯・天候は生態チケットで任意固定可能。,全国研究図鑑へ登録（トーホク386完成条件には含めない）,NATIONAL_EXT_0056（新規16bit ID）,マンキー,マンキー → オコリザル → コノヨザル,外来生態レイヤーへ追加,T032,ダークタワー,夜間オーバーレイ,Lv.44～54／殿堂入り後Lv.60～75,追加抽選3～6%,本編必須フラグを変更せず、外来生態フラグ・時間帯・DexNav・大量発生で制御,K22,22ばんどうろ,夜間オーバーレイ,Lv.90～95,夜間8～12%,ベガ初回殿堂入り後。認定章数でエリアと中間進化枠を段階解禁。,トーホクは本編で使える低～中レベル基礎種、カントーは高レベル個体・中間進化・隠れ特性探索を担当。,ベガ既存11枠を上書きせず、CFRU側の条件付きオーバーレイ／DexNav／大量発生へ登録,P2,トーホク野生生態,ダークタワー,夜間オーバーレイ,追加抽選3～6%,本編必須フラグを変更せず、外来生態フラグ・時間帯・DexNav・大量発生で制御,カントー高レベル野生生態,22ばんどうろ,夜間オーバーレイ,夜間8～12%,ベガ初回殿堂入り後。認定章数でエリアと中間進化枠を段階解禁。,通常系統は両地方で基礎種を捕獲可能。トーホクは早期育成、カントーは高レベル・隠れ特性・タマゴ技探索を担当。,V2二地方生態版／541系統配置マスター＋特殊個体イベントマスター
57,オコリザル,primeape,1,かくとう,24,通常生態,no,no,未収録・追加対象,新IDへ追加（進化入手）,殿堂入り後,ダークタワー,進化,―,レベルアップ＋Lv.28以上（CFRU/DPEの対応トリガーを使用。通信・RTC必須にはしない）,全国研究図鑑へ登録（トーホク386完成条件には含めない）,NATIONAL_EXT_0057（新規16bit ID）,マンキー,マンキー → オコリザル → コノヨザル,外来生態レイヤーへ追加,T032,ダークタワー,夜間オーバーレイ,Lv.44～54／殿堂入り後Lv.60～75,追加抽選3～6%,本編必須フラグを変更せず、外来生態フラグ・時間帯・DexNav・大量発生で制御,K22,22ばんどうろ,夜間オーバーレイ,Lv.90～95,夜間8～12%,ベガ初回殿堂入り後。認定章数でエリアと中間進化枠を段階解禁。,トーホクは本編で使える低～中レベル基礎種、カントーは高レベル個体・中間進化・隠れ特性探索を担当。,ベガ既存11枠を上書きせず、CFRU側の条件付きオーバーレイ／DexNav／大量発生へ登録,P2,マンキーをトーホクで捕獲して進化,ダークタワー,進化／殿堂入り後DexNavで中間進化が稀に出現,通常野生は基礎種のみ,本編必須フラグを変更せず、外来生態フラグ・時間帯・DexNav・大量発生で制御,マンキーをカントーで捕獲して進化,22ばんどうろ,進化／認定章6個以降は中間進化がDexNav希少枠,通常野生は基礎種中心,ベガ初回殿堂入り後。認定章数でエリアと中間進化枠を段階解禁。,通常系統は両地方で基礎種を捕獲可能。トーホクは早期育成、カントーは高レベル・隠れ特性・タマゴ技探索を担当。,V2二地方生態版／541系統配置マスター＋特殊個体イベントマスター
58,ガーディ,growlithe,1,ほのお,25,通常生態,no,no,未収録・追加対象,新IDへ追加,殿堂入り後,510～513ばんどうろ,草むらオーバーレイ,8～12%,主に基礎形のみ出現。中間・最終進化は原則として育成で入手。時間帯・天候は生態チケットで任意固定可能。,全国研究図鑑へ登録（トーホク386完成条件には含めない）,NATIONAL_EXT_0058（新規16bit ID）,ガーディ,ガーディ → ウインディ,外来生態レイヤーへ追加,T028,ひのしま,洞窟・屋内オーバーレイ,Lv.30～40／殿堂入り後Lv.55～70,追加抽選3～6%,本編必須フラグを変更せず、外来生態フラグ・時間帯・DexNav・大量発生で制御,K07,7ばんどうろ,草むらオーバーレイ,Lv.78～83,通常表8～15%,ベガ初回殿堂入り後。認定章数でエリアと中間進化枠を段階解禁。,トーホクは本編で使える低～中レベル基礎種、カントーは高レベル個体・中間進化・隠れ特性探索を担当。,ベガ既存11枠を上書きせず、CFRU側の条件付きオーバーレイ／DexNav／大量発生へ登録,P2,トーホク野生生態,ひのしま,洞窟・屋内オーバーレイ,追加抽選3～6%,本編必須フラグを変更せず、外来生態フラグ・時間帯・DexNav・大量発生で制御,カントー高レベル野生生態,7ばんどうろ,草むらオーバーレイ,通常表8～15%,ベガ初回殿堂入り後。認定章数でエリアと中間進化枠を段階解禁。,通常系統は両地方で基礎種を捕獲可能。トーホクは早期育成、カントーは高レベル・隠れ特性・タマゴ技探索を担当。,V2二地方生態版／541系統配置マスター＋特殊個体イベントマスター
59,ウインディ,arcanine,1,ほのお,25,通常生態,no,no,未収録・追加対象,新IDへ追加（進化入手）,殿堂入り後,510～513ばんどうろ,進化,―,道具使用＋ほのおのいしを使う（CFRU/DPEの対応トリガーを使用。通信・RTC必須にはしない）,全国研究図鑑へ登録（トーホク386完成条件には含めない）,NATIONAL_EXT_0059（新規16bit ID）,ガーディ,ガーディ → ウインディ,外来生態レイヤーへ追加,T028,ひのしま,洞窟・屋内オーバーレイ,Lv.30～40／殿堂入り後Lv.55～70,追加抽選3～6%,本編必須フラグを変更せず、外来生態フラグ・時間帯・DexNav・大量発生で制御,K07,7ばんどうろ,草むらオーバーレイ,Lv.78～83,通常表8～15%,ベガ初回殿堂入り後。認定章数でエリアと中間進化枠を段階解禁。,トーホクは本編で使える低～中レベル基礎種、カントーは高レベル個体・中間進化・隠れ特性探索を担当。,ベガ既存11枠を上書きせず、CFRU側の条件付きオーバーレイ／DexNav／大量発生へ登録,P2,ガーディをトーホクで捕獲して進化,ひのしま,進化／殿堂入り後DexNavで中間進化が稀に出現,通常野生は基礎種のみ,本編必須フラグを変更せず、外来生態フラグ・時間帯・DexNav・大量発生で制御,ガーディをカントーで捕獲して進化,7ばんどうろ,進化／認定章6個以降は中間進化がDexNav希少枠,通常野生は基礎種中心,ベガ初回殿堂入り後。認定章数でエリアと中間進化枠を段階解禁。,通常系統は両地方で基礎種を捕獲可能。トーホクは早期育成、カントーは高レベル・隠れ特性・タマゴ技探索を担当。,V2二地方生態版／541系統配置マスター＋特殊個体イベントマスター
60,ニョロモ,poliwag,1,みず,26,通常生態,no,no,未収録・追加対象,新IDへ追加,殿堂入り後,こおりのしま,釣り,8～12%,主に基礎形のみ出現。中間・最終進化は原則として育成で入手。時間帯・天候は生態チケットで任意固定可能。,全国研究図鑑へ登録（トーホク386完成条件には含めない）,NATIONAL_EXT_0060（新規16bit ID）,ニョロモ,ニョロモ → ニョロゾ → ニョロボン → ニョロトノ,外来生態レイヤーへ追加,T512,512ばんどうろ／すいどう,水上オーバーレイ,Lv.27～33,追加抽選4～8%,本編必須フラグを変更せず、外来生態フラグ・時間帯・DexNav・大量発生で制御,K25,25ばんどうろ,水上オーバーレイ,Lv.75～80,通常表10～20%,ベガ初回殿堂入り後。認定章数でエリアと中間進化枠を段階解禁。,トーホクは本編で使える低～中レベル基礎種、カントーは高レベル個体・中間進化・隠れ特性探索を担当。,ベガ既存11枠を上書きせず、CFRU側の条件付きオーバーレイ／DexNav／大量発生へ登録,P2,トーホク野生生態,512ばんどうろ／すいどう,水上オーバーレイ,追加抽選4～8%,本編必須フラグを変更せず、外来生態フラグ・時間帯・DexNav・大量発生で制御,カントー高レベル野生生態,25ばんどうろ,水上オーバーレイ,通常表10～20%,ベガ初回殿堂入り後。認定章数でエリアと中間進化枠を段階解禁。,通常系統は両地方で基礎種を捕獲可能。トーホクは早期育成、カントーは高レベル・隠れ特性・タマゴ技探索を担当。,V2二地方生態版／541系統配置マスター＋特殊個体イベントマスター
61,ニョロゾ,poliwhirl,1,みず,26,通常生態,no,no,未収録・追加対象,新IDへ追加（進化入手）,殿堂入り後,こおりのしま,進化,―,レベルアップ＋Lv.25以上（CFRU/DPEの対応トリガーを使用。通信・RTC必須にはしない）,全国研究図鑑へ登録（トーホク386完成条件には含めない）,NATIONAL_EXT_0061（新規16bit ID）,ニョロモ,ニョロモ → ニョロゾ → ニョロボン → ニョロトノ,外来生態レイヤーへ追加,T512,512ばんどうろ／すいどう,水上オーバーレイ,Lv.27～33,追加抽選4～8%,本編必須フラグを変更せず、外来生態フラグ・時間帯・DexNav・大量発生で制御,K25,25ばんどうろ,水上オーバーレイ,Lv.75～80,通常表10～20%,ベガ初回殿堂入り後。認定章数でエリアと中間進化枠を段階解禁。,トーホクは本編で使える低～中レベル基礎種、カントーは高レベル個体・中間進化・隠れ特性探索を担当。,ベガ既存11枠を上書きせず、CFRU側の条件付きオーバーレイ／DexNav／大量発生へ登録,P2,ニョロモをトーホクで捕獲して進化,512ばんどうろ／すいどう,進化／殿堂入り後DexNavで中間進化が稀に出現,通常野生は基礎種のみ,本編必須フラグを変更せず、外来生態フラグ・時間帯・DexNav・大量発生で制御,ニョロモをカントーで捕獲して進化,25ばんどうろ,進化／認定章6個以降は中間進化がDexNav希少枠,通常野生は基礎種中心,ベガ初回殿堂入り後。認定章数でエリアと中間進化枠を段階解禁。,通常系統は両地方で基礎種を捕獲可能。トーホクは早期育成、カントーは高レベル・隠れ特性・タマゴ技探索を担当。,V2二地方生態版／541系統配置マスター＋特殊個体イベントマスター
62,ニョロボン,poliwrath,1,みず／かくとう,26,通常生態,no,no,未収録・追加対象,新IDへ追加（進化入手）,殿堂入り後,こおりのしま,進化,―,道具使用＋みずのいしを使う（CFRU/DPEの対応トリガーを使用。通信・RTC必須にはしない）,全国研究図鑑へ登録（トーホク386完成条件には含めない）,NATIONAL_EXT_0062（新規16bit ID）,ニョロモ,ニョロモ → ニョロゾ → ニョロボン → ニョロトノ,外来生態レイヤーへ追加,T512,512ばんどうろ／すいどう,水上オーバーレイ,Lv.27～33,追加抽選4～8%,本編必須フラグを変更せず、外来生態フラグ・時間帯・DexNav・大量発生で制御,K25,25ばんどうろ,水上オーバーレイ,Lv.75～80,通常表10～20%,ベガ初回殿堂入り後。認定章数でエリアと中間進化枠を段階解禁。,トーホクは本編で使える低～中レベル基礎種、カントーは高レベル個体・中間進化・隠れ特性探索を担当。,ベガ既存11枠を上書きせず、CFRU側の条件付きオーバーレイ／DexNav／大量発生へ登録,P2,ニョロモをトーホクで捕獲して進化,512ばんどうろ／すいどう,進化／殿堂入り後DexNavで中間進化が稀に出現,通常野生は基礎種のみ,本編必須フラグを変更せず、外来生態フラグ・時間帯・DexNav・大量発生で制御,ニョロモをカントーで捕獲して進化,25ばんどうろ,進化／認定章6個以降は中間進化がDexNav希少枠,通常野生は基礎種中心,ベガ初回殿堂入り後。認定章数でエリアと中間進化枠を段階解禁。,通常系統は両地方で基礎種を捕獲可能。トーホクは早期育成、カントーは高レベル・隠れ特性・タマゴ技探索を担当。,V2二地方生態版／541系統配置マスター＋特殊個体イベントマスター
63,ケーシィ,abra,1,エスパー,27,通常生態,no,no,未収録・追加対象,新IDへ追加,殿堂入り後,スフィアいせき,草むらオーバーレイ,8～12%,主に基礎形のみ出現。中間・最終進化は原則として育成で入手。時間帯・天候は生態チケットで任意固定可能。,全国研究図鑑へ登録（トーホク386完成条件には含めない）,NATIONAL_EXT_0063（新規16bit ID）,ケーシィ,ケーシィ → ユンゲラー → フーディン,外来生態レイヤーへ追加,T034,D・Hビル,洞窟・屋内オーバーレイ,Lv.42～55／殿堂入り後Lv.62～78,追加抽選3～6%,本編必須フラグを変更せず、外来生態フラグ・時間帯・DexNav・大量発生で制御,K24,24ばんどうろ,草むらオーバーレイ,Lv.74～79,通常表8～15%,ベガ初回殿堂入り後。認定章数でエリアと中間進化枠を段階解禁。,トーホクは本編で使える低～中レベル基礎種、カントーは高レベル個体・中間進化・隠れ特性探索を担当。,ベガ既存11枠を上書きせず、CFRU側の条件付きオーバーレイ／DexNav／大量発生へ登録,P2,トーホク野生生態,D・Hビル,洞窟・屋内オーバーレイ,追加抽選3～6%,本編必須フラグを変更せず、外来生態フラグ・時間帯・DexNav・大量発生で制御,カントー高レベル野生生態,24ばんどうろ,草むらオーバーレイ,通常表8～15%,ベガ初回殿堂入り後。認定章数でエリアと中間進化枠を段階解禁。,通常系統は両地方で基礎種を捕獲可能。トーホクは早期育成、カントーは高レベル・隠れ特性・タマゴ技探索を担当。,V2二地方生態版／541系統配置マスター＋特殊個体イベントマスター
64,ユンゲラー,kadabra,1,エスパー,27,通常生態,no,no,未収録・追加対象,新IDへ追加（進化入手）,殿堂入り後,スフィアいせき,進化,―,レベルアップ＋Lv.16以上（CFRU/DPEの対応トリガーを使用。通信・RTC必須にはしない）,全国研究図鑑へ登録（トーホク386完成条件には含めない）,NATIONAL_EXT_0064（新規16bit ID）,ケーシィ,ケーシィ → ユンゲラー → フーディン,外来生態レイヤーへ追加,T034,D・Hビル,洞窟・屋内オーバーレイ,Lv.42～55／殿堂入り後Lv.62～78,追加抽選3～6%,本編必須フラグを変更せず、外来生態フラグ・時間帯・DexNav・大量発生で制御,K24,24ばんどうろ,草むらオーバーレイ,Lv.74～79,通常表8～15%,ベガ初回殿堂入り後。認定章数でエリアと中間進化枠を段階解禁。,トーホクは本編で使える低～中レベル基礎種、カントーは高レベル個体・中間進化・隠れ特性探索を担当。,ベガ既存11枠を上書きせず、CFRU側の条件付きオーバーレイ／DexNav／大量発生へ登録,P2,ケーシィをトーホクで捕獲して進化,D・Hビル,進化／殿堂入り後DexNavで中間進化が稀に出現,通常野生は基礎種のみ,本編必須フラグを変更せず、外来生態フラグ・時間帯・DexNav・大量発生で制御,ケーシィをカントーで捕獲して進化,24ばんどうろ,進化／認定章6個以降は中間進化がDexNav希少枠,通常野生は基礎種中心,ベガ初回殿堂入り後。認定章数でエリアと中間進化枠を段階解禁。,通常系統は両地方で基礎種を捕獲可能。トーホクは早期育成、カントーは高レベル・隠れ特性・タマゴ技探索を担当。,V2二地方生態版／541系統配置マスター＋特殊個体イベントマスター
65,フーディン,alakazam,1,エスパー,27,通常生態,no,no,未収録・追加対象,新IDへ追加（進化入手）,殿堂入り後,スフィアいせき,進化,―,「つながりのヒモ」を使用。通信交換でも従来通り進化。,全国研究図鑑へ登録（トーホク386完成条件には含めない）,NATIONAL_EXT_0065（新規16bit ID）,ケーシィ,ケーシィ → ユンゲラー → フーディン,外来生態レイヤーへ追加,T034,D・Hビル,洞窟・屋内オーバーレイ,Lv.42～55／殿堂入り後Lv.62～78,追加抽選3～6%,本編必須フラグを変更せず、外来生態フラグ・時間帯・DexNav・大量発生で制御,K24,24ばんどうろ,草むらオーバーレイ,Lv.74～79,通常表8～15%,ベガ初回殿堂入り後。認定章数でエリアと中間進化枠を段階解禁。,トーホクは本編で使える低～中レベル基礎種、カントーは高レベル個体・中間進化・隠れ特性探索を担当。,ベガ既存11枠を上書きせず、CFRU側の条件付きオーバーレイ／DexNav／大量発生へ登録,P2,ケーシィをトーホクで捕獲して進化,D・Hビル,進化／殿堂入り後DexNavで中間進化が稀に出現,通常野生は基礎種のみ,本編必須フラグを変更せず、外来生態フラグ・時間帯・DexNav・大量発生で制御,ケーシィをカントーで捕獲して進化,24ばんどうろ,進化／認定章6個以降は中間進化がDexNav希少枠,通常野生は基礎種中心,ベガ初回殿堂入り後。認定章数でエリアと中間進化枠を段階解禁。,通常系統は両地方で基礎種を捕獲可能。トーホクは早期育成、カントーは高レベル・隠れ特性・タマゴ技探索を担当。,V2二地方生態版／541系統配置マスター＋特殊個体イベントマスター
66,ワンリキー,machop,1,かくとう,28,通常生態,no,no,未収録・追加対象,新IDへ追加,殿堂入り後,ちえのどうくつ,図鑑ナビ隠し枠,通常表0%／ナビ検索時1～5%,主に基礎形のみ出現。中間・最終進化は原則として育成で入手。時間帯・天候は生態チケットで任意固定可能。,全国研究図鑑へ登録（トーホク386完成条件には含めない）,NATIONAL_EXT_0066（新規16bit ID）,ワンリキー,ワンリキー → ゴーリキー → カイリキー,外来生態レイヤーへ追加,T514,514ばんどうろ／すいどう,草むらオーバーレイ,Lv.31～38,追加抽選3～6%,本編必須フラグを変更せず、外来生態フラグ・時間帯・DexNav・大量発生で制御,K30,イワヤマトンネル,洞窟・屋内オーバーレイ,Lv.80～87,通常表8～15%,ベガ初回殿堂入り後。認定章数でエリアと中間進化枠を段階解禁。,トーホクは本編で使える低～中レベル基礎種、カントーは高レベル個体・中間進化・隠れ特性探索を担当。,ベガ既存11枠を上書きせず、CFRU側の条件付きオーバーレイ／DexNav／大量発生へ登録,P2,トーホク野生生態,514ばんどうろ／すいどう,草むらオーバーレイ,追加抽選3～6%,本編必須フラグを変更せず、外来生態フラグ・時間帯・DexNav・大量発生で制御,カントー高レベル野生生態,イワヤマトンネル,洞窟・屋内オーバーレイ,通常表8～15%,ベガ初回殿堂入り後。認定章数でエリアと中間進化枠を段階解禁。,通常系統は両地方で基礎種を捕獲可能。トーホクは早期育成、カントーは高レベル・隠れ特性・タマゴ技探索を担当。,V2二地方生態版／541系統配置マスター＋特殊個体イベントマスター
67,ゴーリキー,machoke,1,かくとう,28,通常生態,no,no,未収録・追加対象,新IDへ追加（進化入手）,殿堂入り後,ちえのどうくつ,進化,―,レベルアップ＋Lv.28以上（CFRU/DPEの対応トリガーを使用。通信・RTC必須にはしない）,全国研究図鑑へ登録（トーホク386完成条件には含めない）,NATIONAL_EXT_0067（新規16bit ID）,ワンリキー,ワンリキー → ゴーリキー → カイリキー,外来生態レイヤーへ追加,T514,514ばんどうろ／すいどう,草むらオーバーレイ,Lv.31～38,追加抽選3～6%,本編必須フラグを変更せず、外来生態フラグ・時間帯・DexNav・大量発生で制御,K30,イワヤマトンネル,洞窟・屋内オーバーレイ,Lv.80～87,通常表8～15%,ベガ初回殿堂入り後。認定章数でエリアと中間進化枠を段階解禁。,トーホクは本編で使える低～中レベル基礎種、カントーは高レベル個体・中間進化・隠れ特性探索を担当。,ベガ既存11枠を上書きせず、CFRU側の条件付きオーバーレイ／DexNav／大量発生へ登録,P2,ワンリキーをトーホクで捕獲して進化,514ばんどうろ／すいどう,進化／殿堂入り後DexNavで中間進化が稀に出現,通常野生は基礎種のみ,本編必須フラグを変更せず、外来生態フラグ・時間帯・DexNav・大量発生で制御,ワンリキーをカントーで捕獲して進化,イワヤマトンネル,進化／認定章6個以降は中間進化がDexNav希少枠,通常野生は基礎種中心,ベガ初回殿堂入り後。認定章数でエリアと中間進化枠を段階解禁。,通常系統は両地方で基礎種を捕獲可能。トーホクは早期育成、カントーは高レベル・隠れ特性・タマゴ技探索を担当。,V2二地方生態版／541系統配置マスター＋特殊個体イベントマスター
68,カイリキー,machamp,1,かくとう,28,通常生態,no,no,未収録・追加対象,新IDへ追加（進化入手）,殿堂入り後,ちえのどうくつ,進化,―,「つながりのヒモ」を使用。通信交換でも従来通り進化。,全国研究図鑑へ登録（トーホク386完成条件には含めない）,NATIONAL_EXT_0068（新規16bit ID）,ワンリキー,ワンリキー → ゴーリキー → カイリキー,外来生態レイヤーへ追加,T514,514ばんどうろ／すいどう,草むらオーバーレイ,Lv.31～38,追加抽選3～6%,本編必須フラグを変更せず、外来生態フラグ・時間帯・DexNav・大量発生で制御,K30,イワヤマトンネル,洞窟・屋内オーバーレイ,Lv.80～87,通常表8～15%,ベガ初回殿堂入り後。認定章数でエリアと中間進化枠を段階解禁。,トーホクは本編で使える低～中レベル基礎種、カントーは高レベル個体・中間進化・隠れ特性探索を担当。,ベガ既存11枠を上書きせず、CFRU側の条件付きオーバーレイ／DexNav／大量発生へ登録,P2,ワンリキーをトーホクで捕獲して進化,514ばんどうろ／すいどう,進化／殿堂入り後DexNavで中間進化が稀に出現,通常野生は基礎種のみ,本編必須フラグを変更せず、外来生態フラグ・時間帯・DexNav・大量発生で制御,ワンリキーをカントーで捕獲して進化,イワヤマトンネル,進化／認定章6個以降は中間進化がDexNav希少枠,通常野生は基礎種中心,ベガ初回殿堂入り後。認定章数でエリアと中間進化枠を段階解禁。,通常系統は両地方で基礎種を捕獲可能。トーホクは早期育成、カントーは高レベル・隠れ特性・タマゴ技探索を担当。,V2二地方生態版／541系統配置マスター＋特殊個体イベントマスター
69,マダツボミ,bellsprout,1,くさ／どく,29,通常生態,no,no,未収録・追加対象,新IDへ追加,殿堂入り後,サファリゾーン東,草むらオーバーレイ,8～12%,主に基礎形のみ出現。中間・最終進化は原則として育成で入手。時間帯・天候は生態チケットで任意固定可能。,全国研究図鑑へ登録（トーホク386完成条件には含めない）,NATIONAL_EXT_0069（新規16bit ID）,マダツボミ,マダツボミ → ウツドン → ウツボット,外来生態レイヤーへ追加,T504,504ばんどうろ／すいどう,草むらオーバーレイ,Lv.9～13,追加抽選3～6%,本編必須フラグを変更せず、外来生態フラグ・時間帯・DexNav・大量発生で制御,K05,5ばんどうろ,草むらオーバーレイ,Lv.74～79,通常表8～15%,ベガ初回殿堂入り後。認定章数でエリアと中間進化枠を段階解禁。,トーホクは本編で使える低～中レベル基礎種、カントーは高レベル個体・中間進化・隠れ特性探索を担当。,ベガ既存11枠を上書きせず、CFRU側の条件付きオーバーレイ／DexNav／大量発生へ登録,P2,トーホク野生生態,504ばんどうろ／すいどう,草むらオーバーレイ,追加抽選3～6%,本編必須フラグを変更せず、外来生態フラグ・時間帯・DexNav・大量発生で制御,カントー高レベル野生生態,5ばんどうろ,草むらオーバーレイ,通常表8～15%,ベガ初回殿堂入り後。認定章数でエリアと中間進化枠を段階解禁。,通常系統は両地方で基礎種を捕獲可能。トーホクは早期育成、カントーは高レベル・隠れ特性・タマゴ技探索を担当。,V2二地方生態版／541系統配置マスター＋特殊個体イベントマスター
70,ウツドン,weepinbell,1,くさ／どく,29,通常生態,no,no,未収録・追加対象,新IDへ追加（進化入手）,殿堂入り後,サファリゾーン東,進化,―,レベルアップ＋Lv.21以上（CFRU/DPEの対応トリガーを使用。通信・RTC必須にはしない）,全国研究図鑑へ登録（トーホク386完成条件には含めない）,NATIONAL_EXT_0070（新規16bit ID）,マダツボミ,マダツボミ → ウツドン → ウツボット,外来生態レイヤーへ追加,T504,504ばんどうろ／すいどう,草むらオーバーレイ,Lv.9～13,追加抽選3～6%,本編必須フラグを変更せず、外来生態フラグ・時間帯・DexNav・大量発生で制御,K05,5ばんどうろ,草むらオーバーレイ,Lv.74～79,通常表8～15%,ベガ初回殿堂入り後。認定章数でエリアと中間進化枠を段階解禁。,トーホクは本編で使える低～中レベル基礎種、カントーは高レベル個体・中間進化・隠れ特性探索を担当。,ベガ既存11枠を上書きせず、CFRU側の条件付きオーバーレイ／DexNav／大量発生へ登録,P2,マダツボミをトーホクで捕獲して進化,504ばんどうろ／すいどう,進化／殿堂入り後DexNavで中間進化が稀に出現,通常野生は基礎種のみ,本編必須フラグを変更せず、外来生態フラグ・時間帯・DexNav・大量発生で制御,マダツボミをカントーで捕獲して進化,5ばんどうろ,進化／認定章6個以降は中間進化がDexNav希少枠,通常野生は基礎種中心,ベガ初回殿堂入り後。認定章数でエリアと中間進化枠を段階解禁。,通常系統は両地方で基礎種を捕獲可能。トーホクは早期育成、カントーは高レベル・隠れ特性・タマゴ技探索を担当。,V2二地方生態版／541系統配置マスター＋特殊個体イベントマスター
71,ウツボット,victreebel,1,くさ／どく,29,通常生態,no,no,未収録・追加対象,新IDへ追加（進化入手）,殿堂入り後,サファリゾーン東,進化,―,道具使用＋リーフのいしを使う（CFRU/DPEの対応トリガーを使用。通信・RTC必須にはしない）,全国研究図鑑へ登録（トーホク386完成条件には含めない）,NATIONAL_EXT_0071（新規16bit ID）,マダツボミ,マダツボミ → ウツドン → ウツボット,外来生態レイヤーへ追加,T504,504ばんどうろ／すいどう,草むらオーバーレイ,Lv.9～13,追加抽選3～6%,本編必須フラグを変更せず、外来生態フラグ・時間帯・DexNav・大量発生で制御,K05,5ばんどうろ,草むらオーバーレイ,Lv.74～79,通常表8～15%,ベガ初回殿堂入り後。認定章数でエリアと中間進化枠を段階解禁。,トーホクは本編で使える低～中レベル基礎種、カントーは高レベル個体・中間進化・隠れ特性探索を担当。,ベガ既存11枠を上書きせず、CFRU側の条件付きオーバーレイ／DexNav／大量発生へ登録,P2,マダツボミをトーホクで捕獲して進化,504ばんどうろ／すいどう,進化／殿堂入り後DexNavで中間進化が稀に出現,通常野生は基礎種のみ,本編必須フラグを変更せず、外来生態フラグ・時間帯・DexNav・大量発生で制御,マダツボミをカントーで捕獲して進化,5ばんどうろ,進化／認定章6個以降は中間進化がDexNav希少枠,通常野生は基礎種中心,ベガ初回殿堂入り後。認定章数でエリアと中間進化枠を段階解禁。,通常系統は両地方で基礎種を捕獲可能。トーホクは早期育成、カントーは高レベル・隠れ特性・タマゴ技探索を担当。,V2二地方生態版／541系統配置マスター＋特殊個体イベントマスター
72,メノクラゲ,tentacool,1,みず／どく,30,通常生態,no,no,既存（トーホク図鑑212）,既存ベガ個体を保持,ベガ既存進行,ベガ既存地点,ベガ既存入手法,既存値,トーホク図鑑No.212。内部種族ID・図鑑登録・イベント参照を変更しない。,トーホク図鑑にも既存番号で登録,VEGA_NATIVE_212（実ROMから確定）,メノクラゲ,メノクラゲ → ドククラゲ,ベガ既存系統を完全保持,VEGA_NATIVE,ベガ既存地点（出現表・配布・進化を変更しない）,ベガ既存入手法,既存値,既存値,既存イベント・野生表・進化条件を原則維持。現代化で条件が壊れる場合のみ互換処理。,K19,19ばんどうろ,釣りオーバーレイ,Lv.87～92,通常表10～20%,ベガ初回殿堂入り後。認定章数でエリアと中間進化枠を段階解禁。,トーホクではベガ既存個体を保護。カントーでは高レベル個体・隠れ特性・タマゴ技探索を担当。,既存テーブル無変更,P0,ベガ既存入手法を完全保持,ベガ既存地点,ベガ既存入手法,既存値,トーホク図鑑No.212。内部種族ID・図鑑登録・イベント参照を変更しない。,カントー高レベル野生生態,19ばんどうろ,釣りオーバーレイ,通常表10～20%,ベガ初回殿堂入り後。認定章数でエリアと中間進化枠を段階解禁。,通常系統は両地方で基礎種を捕獲可能。トーホクは早期育成、カントーは高レベル・隠れ特性・タマゴ技探索を担当。,V2二地方生態版／541系統配置マスター＋特殊個体イベントマスター
73,ドククラゲ,tentacruel,1,みず／どく,30,通常生態,no,no,既存（トーホク図鑑213）,既存ベガ個体を保持,ベガ既存進行,ベガ既存地点,ベガ既存入手法,既存値,トーホク図鑑No.213。内部種族ID・図鑑登録・イベント参照を変更しない。,トーホク図鑑にも既存番号で登録,VEGA_NATIVE_213（実ROMから確定）,メノクラゲ,メノクラゲ → ドククラゲ,ベガ既存系統を完全保持,VEGA_NATIVE,ベガ既存地点（出現表・配布・進化を変更しない）,ベガ既存入手法,既存値,既存値,既存イベント・野生表・進化条件を原則維持。現代化で条件が壊れる場合のみ互換処理。,K19,19ばんどうろ,釣りオーバーレイ,Lv.87～92,通常表10～20%,ベガ初回殿堂入り後。認定章数でエリアと中間進化枠を段階解禁。,トーホクではベガ既存個体を保護。カントーでは高レベル個体・隠れ特性・タマゴ技探索を担当。,既存テーブル無変更,P0,ベガ既存入手法を完全保持,ベガ既存地点,ベガ既存入手法,既存値,トーホク図鑑No.213。内部種族ID・図鑑登録・イベント参照を変更しない。,メノクラゲをカントーで捕獲して進化,19ばんどうろ,進化／認定章6個以降は中間進化がDexNav希少枠,通常野生は基礎種中心,ベガ初回殿堂入り後。認定章数でエリアと中間進化枠を段階解禁。,通常系統は両地方で基礎種を捕獲可能。トーホクは早期育成、カントーは高レベル・隠れ特性・タマゴ技探索を担当。,V2二地方生態版／541系統配置マスター＋特殊個体イベントマスター
74,イシツブテ,geodude,1,いわ／じめん,31,通常生態,no,no,既存（トーホク図鑑315）,既存ベガ個体を保持,ベガ既存進行,ベガ既存地点,ベガ既存入手法,既存値,トーホク図鑑No.315。内部種族ID・図鑑登録・イベント参照を変更しない。,トーホク図鑑にも既存番号で登録,VEGA_NATIVE_315（実ROMから確定）,イシツブテ,イシツブテ → ゴローン → ゴローニャ,ベガ既存系統を完全保持,VEGA_NATIVE,ベガ既存地点（出現表・配布・進化を変更しない）,ベガ既存入手法,既存値,既存値,既存イベント・野生表・進化条件を原則維持。現代化で条件が壊れる場合のみ互換処理。,K27,おつきみやま,いわくだき／DexNav,Lv.73～80,通常0%／DexNav 2～5%,ベガ初回殿堂入り後。認定章数でエリアと中間進化枠を段階解禁。,トーホクではベガ既存個体を保護。カントーでは高レベル個体・隠れ特性・タマゴ技探索を担当。,既存テーブル無変更,P0,ベガ既存入手法を完全保持,ベガ既存地点,ベガ既存入手法,既存値,トーホク図鑑No.315。内部種族ID・図鑑登録・イベント参照を変更しない。,カントー高レベル野生生態,おつきみやま,いわくだき／DexNav,通常0%／DexNav 2～5%,ベガ初回殿堂入り後。認定章数でエリアと中間進化枠を段階解禁。,通常系統は両地方で基礎種を捕獲可能。トーホクは早期育成、カントーは高レベル・隠れ特性・タマゴ技探索を担当。,V2二地方生態版／541系統配置マスター＋特殊個体イベントマスター
75,ゴローン,graveler,1,いわ／じめん,31,通常生態,no,no,既存（トーホク図鑑316）,既存ベガ個体を保持,ベガ既存進行,ベガ既存地点,ベガ既存入手法,既存値,トーホク図鑑No.316。内部種族ID・図鑑登録・イベント参照を変更しない。,トーホク図鑑にも既存番号で登録,VEGA_NATIVE_316（実ROMから確定）,イシツブテ,イシツブテ → ゴローン → ゴローニャ,ベガ既存系統を完全保持,VEGA_NATIVE,ベガ既存地点（出現表・配布・進化を変更しない）,ベガ既存入手法,既存値,既存値,既存イベント・野生表・進化条件を原則維持。現代化で条件が壊れる場合のみ互換処理。,K27,おつきみやま,いわくだき／DexNav,Lv.73～80,通常0%／DexNav 2～5%,ベガ初回殿堂入り後。認定章数でエリアと中間進化枠を段階解禁。,トーホクではベガ既存個体を保護。カントーでは高レベル個体・隠れ特性・タマゴ技探索を担当。,既存テーブル無変更,P0,ベガ既存入手法を完全保持,ベガ既存地点,ベガ既存入手法,既存値,トーホク図鑑No.316。内部種族ID・図鑑登録・イベント参照を変更しない。,イシツブテをカントーで捕獲して進化,おつきみやま,進化／認定章6個以降は中間進化がDexNav希少枠,通常野生は基礎種中心,ベガ初回殿堂入り後。認定章数でエリアと中間進化枠を段階解禁。,通常系統は両地方で基礎種を捕獲可能。トーホクは早期育成、カントーは高レベル・隠れ特性・タマゴ技探索を担当。,V2二地方生態版／541系統配置マスター＋特殊個体イベントマスター
76,ゴローニャ,golem,1,いわ／じめん,31,通常生態,no,no,既存（トーホク図鑑317）,既存ベガ個体を保持,ベガ既存進行,ベガ既存地点,ベガ既存入手法,既存値,トーホク図鑑No.317。内部種族ID・図鑑登録・イベント参照を変更しない。,トーホク図鑑にも既存番号で登録,VEGA_NATIVE_317（実ROMから確定）,イシツブテ,イシツブテ → ゴローン → ゴローニャ,ベガ既存系統を完全保持,VEGA_NATIVE,ベガ既存地点（出現表・配布・進化を変更しない）,ベガ既存入手法,既存値,既存値,既存イベント・野生表・進化条件を原則維持。現代化で条件が壊れる場合のみ互換処理。,K27,おつきみやま,いわくだき／DexNav,Lv.73～80,通常0%／DexNav 2～5%,ベガ初回殿堂入り後。認定章数でエリアと中間進化枠を段階解禁。,トーホクではベガ既存個体を保護。カントーでは高レベル個体・隠れ特性・タマゴ技探索を担当。,既存テーブル無変更,P0,ベガ既存入手法を完全保持,ベガ既存地点,ベガ既存入手法,既存値,トーホク図鑑No.317。内部種族ID・図鑑登録・イベント参照を変更しない。,イシツブテをカントーで捕獲して進化,おつきみやま,進化／認定章6個以降は中間進化がDexNav希少枠,通常野生は基礎種中心,ベガ初回殿堂入り後。認定章数でエリアと中間進化枠を段階解禁。,通常系統は両地方で基礎種を捕獲可能。トーホクは早期育成、カントーは高レベル・隠れ特性・タマゴ技探索を担当。,V2二地方生態版／541系統配置マスター＋特殊個体イベントマスター
77,ポニータ,ponyta,1,ほのお,32,通常生態,no,no,未収録・追加対象,新IDへ追加,殿堂入り後,サファリゾーン西,図鑑ナビ隠し枠,通常表0%／ナビ検索時1～5%,主に基礎形のみ出現。中間・最終進化は原則として育成で入手。時間帯・天候は生態チケットで任意固定可能。,全国研究図鑑へ登録（トーホク386完成条件には含めない）,NATIONAL_EXT_0077（新規16bit ID）,ポニータ,ポニータ → ギャロップ,外来生態レイヤーへ追加,T028,ひのしま,洞窟・屋内オーバーレイ,Lv.30～40／殿堂入り後Lv.55～70,追加抽選3～6%,本編必須フラグを変更せず、外来生態フラグ・時間帯・DexNav・大量発生で制御,K17,17ばんどうろ,草むらオーバーレイ,Lv.83～89,通常表8～15%,ベガ初回殿堂入り後。認定章数でエリアと中間進化枠を段階解禁。,トーホクは本編で使える低～中レベル基礎種、カントーは高レベル個体・中間進化・隠れ特性探索を担当。,ベガ既存11枠を上書きせず、CFRU側の条件付きオーバーレイ／DexNav／大量発生へ登録,P2,トーホク野生生態,ひのしま,洞窟・屋内オーバーレイ,追加抽選3～6%,本編必須フラグを変更せず、外来生態フラグ・時間帯・DexNav・大量発生で制御,カントー高レベル野生生態,17ばんどうろ,草むらオーバーレイ,通常表8～15%,ベガ初回殿堂入り後。認定章数でエリアと中間進化枠を段階解禁。,通常系統は両地方で基礎種を捕獲可能。トーホクは早期育成、カントーは高レベル・隠れ特性・タマゴ技探索を担当。,V2二地方生態版／541系統配置マスター＋特殊個体イベントマスター
78,ギャロップ,rapidash,1,ほのお,32,通常生態,no,no,未収録・追加対象,新IDへ追加（進化入手）,殿堂入り後,サファリゾーン西,進化,―,レベルアップ＋Lv.40以上（CFRU/DPEの対応トリガーを使用。通信・RTC必須にはしない）,全国研究図鑑へ登録（トーホク386完成条件には含めない）,NATIONAL_EXT_0078（新規16bit ID）,ポニータ,ポニータ → ギャロップ,外来生態レイヤーへ追加,T028,ひのしま,洞窟・屋内オーバーレイ,Lv.30～40／殿堂入り後Lv.55～70,追加抽選3～6%,本編必須フラグを変更せず、外来生態フラグ・時間帯・DexNav・大量発生で制御,K17,17ばんどうろ,草むらオーバーレイ,Lv.83～89,通常表8～15%,ベガ初回殿堂入り後。認定章数でエリアと中間進化枠を段階解禁。,トーホクは本編で使える低～中レベル基礎種、カントーは高レベル個体・中間進化・隠れ特性探索を担当。,ベガ既存11枠を上書きせず、CFRU側の条件付きオーバーレイ／DexNav／大量発生へ登録,P2,ポニータをトーホクで捕獲して進化,ひのしま,進化／殿堂入り後DexNavで中間進化が稀に出現,通常野生は基礎種のみ,本編必須フラグを変更せず、外来生態フラグ・時間帯・DexNav・大量発生で制御,ポニータをカントーで捕獲して進化,17ばんどうろ,進化／認定章6個以降は中間進化がDexNav希少枠,通常野生は基礎種中心,ベガ初回殿堂入り後。認定章数でエリアと中間進化枠を段階解禁。,通常系統は両地方で基礎種を捕獲可能。トーホクは早期育成、カントーは高レベル・隠れ特性・タマゴ技探索を担当。,V2二地方生態版／541系統配置マスター＋特殊個体イベントマスター
79,ヤドン,slowpoke,1,みず／エスパー,33,通常生態,no,no,未収録・追加対象,新IDへ追加,殿堂入り後,507～509ばんどうろ・水道,釣り,8～12%,主に基礎形のみ出現。中間・最終進化は原則として育成で入手。時間帯・天候は生態チケットで任意固定可能。,全国研究図鑑へ登録（トーホク386完成条件には含めない）,NATIONAL_EXT_0079（新規16bit ID）,ヤドン,ヤドン → ヤドラン → ヤドキング,外来生態レイヤーへ追加,T508,508ばんどうろ／すいどう,水上オーバーレイ,Lv.19～25,追加抽選4～8%,本編必須フラグを変更せず、外来生態フラグ・時間帯・DexNav・大量発生で制御,K38,ふたごじま,水上オーバーレイ,Lv.88～96,通常表10～20%,ベガ初回殿堂入り後。認定章数でエリアと中間進化枠を段階解禁。,トーホクは本編で使える低～中レベル基礎種、カントーは高レベル個体・中間進化・隠れ特性探索を担当。,ベガ既存11枠を上書きせず、CFRU側の条件付きオーバーレイ／DexNav／大量発生へ登録,P2,トーホク野生生態,508ばんどうろ／すいどう,水上オーバーレイ,追加抽選4～8%,本編必須フラグを変更せず、外来生態フラグ・時間帯・DexNav・大量発生で制御,カントー高レベル野生生態,ふたごじま,水上オーバーレイ,通常表10～20%,ベガ初回殿堂入り後。認定章数でエリアと中間進化枠を段階解禁。,通常系統は両地方で基礎種を捕獲可能。トーホクは早期育成、カントーは高レベル・隠れ特性・タマゴ技探索を担当。,V2二地方生態版／541系統配置マスター＋特殊個体イベントマスター
80,ヤドラン,slowbro,1,みず／エスパー,33,通常生態,no,no,未収録・追加対象,新IDへ追加（進化入手）,殿堂入り後,507～509ばんどうろ・水道,進化,―,レベルアップ＋Lv.37以上（CFRU/DPEの対応トリガーを使用。通信・RTC必須にはしない）,全国研究図鑑へ登録（トーホク386完成条件には含めない）,NATIONAL_EXT_0080（新規16bit ID）,ヤドン,ヤドン → ヤドラン → ヤドキング,外来生態レイヤーへ追加,T508,508ばんどうろ／すいどう,水上オーバーレイ,Lv.19～25,追加抽選4～8%,本編必須フラグを変更せず、外来生態フラグ・時間帯・DexNav・大量発生で制御,K38,ふたごじま,水上オーバーレイ,Lv.88～96,通常表10～20%,ベガ初回殿堂入り後。認定章数でエリアと中間進化枠を段階解禁。,トーホクは本編で使える低～中レベル基礎種、カントーは高レベル個体・中間進化・隠れ特性探索を担当。,ベガ既存11枠を上書きせず、CFRU側の条件付きオーバーレイ／DexNav／大量発生へ登録,P2,ヤドンをトーホクで捕獲して進化,508ばんどうろ／すいどう,進化／殿堂入り後DexNavで中間進化が稀に出現,通常野生は基礎種のみ,本編必須フラグを変更せず、外来生態フラグ・時間帯・DexNav・大量発生で制御,ヤドンをカントーで捕獲して進化,ふたごじま,進化／認定章6個以降は中間進化がDexNav希少枠,通常野生は基礎種中心,ベガ初回殿堂入り後。認定章数でエリアと中間進化枠を段階解禁。,通常系統は両地方で基礎種を捕獲可能。トーホクは早期育成、カントーは高レベル・隠れ特性・タマゴ技探索を担当。,V2二地方生態版／541系統配置マスター＋特殊個体イベントマスター
81,コイル,magnemite,1,でんき／はがね,34,人工・無機物,no,no,既存（トーホク図鑑058）,既存ベガ個体を保持,ベガ既存進行,ベガ既存地点,ベガ既存入手法,既存値,トーホク図鑑No.058。内部種族ID・図鑑登録・イベント参照を変更しない。,トーホク図鑑にも既存番号で登録,VEGA_NATIVE_058（実ROMから確定）,コイル,コイル → レアコイル → ジバコイル,ベガ既存系統を完全保持,VEGA_NATIVE,ベガ既存地点（出現表・配布・進化を変更しない）,ベガ既存入手法,既存値,既存値,既存イベント・野生表・進化条件を原則維持。現代化で条件が壊れる場合のみ互換処理。,K40,むじんはつでんしょ,屋内異常遭遇／DexNav,Lv.82～94,通常0%／DexNav 2～5%,ベガ初回殿堂入り後。認定章数でエリアと中間進化枠を段階解禁。,トーホクではベガ既存個体を保護。カントーでは高レベル個体・隠れ特性・タマゴ技探索を担当。,既存テーブル無変更,P0,ベガ既存入手法を完全保持,ベガ既存地点,ベガ既存入手法,既存値,トーホク図鑑No.058。内部種族ID・図鑑登録・イベント参照を変更しない。,カントー高レベル野生生態,むじんはつでんしょ,屋内異常遭遇／DexNav,通常0%／DexNav 2～5%,ベガ初回殿堂入り後。認定章数でエリアと中間進化枠を段階解禁。,通常系統は両地方で基礎種を捕獲可能。トーホクは早期育成、カントーは高レベル・隠れ特性・タマゴ技探索を担当。,V2二地方生態版／541系統配置マスター＋特殊個体イベントマスター
82,レアコイル,magneton,1,でんき／はがね,34,人工・無機物,no,no,既存（トーホク図鑑059）,既存ベガ個体を保持,ベガ既存進行,ベガ既存地点,ベガ既存入手法,既存値,トーホク図鑑No.059。内部種族ID・図鑑登録・イベント参照を変更しない。,トーホク図鑑にも既存番号で登録,VEGA_NATIVE_059（実ROMから確定）,コイル,コイル → レアコイル → ジバコイル,ベガ既存系統を完全保持,VEGA_NATIVE,ベガ既存地点（出現表・配布・進化を変更しない）,ベガ既存入手法,既存値,既存値,既存イベント・野生表・進化条件を原則維持。現代化で条件が壊れる場合のみ互換処理。,K40,むじんはつでんしょ,屋内異常遭遇／DexNav,Lv.82～94,通常0%／DexNav 2～5%,ベガ初回殿堂入り後。認定章数でエリアと中間進化枠を段階解禁。,トーホクではベガ既存個体を保護。カントーでは高レベル個体・隠れ特性・タマゴ技探索を担当。,既存テーブル無変更,P0,ベガ既存入手法を完全保持,ベガ既存地点,ベガ既存入手法,既存値,トーホク図鑑No.059。内部種族ID・図鑑登録・イベント参照を変更しない。,コイルをカントーで捕獲して進化,むじんはつでんしょ,進化／認定章6個以降は中間進化がDexNav希少枠,通常野生は基礎種中心,ベガ初回殿堂入り後。認定章数でエリアと中間進化枠を段階解禁。,通常系統は両地方で基礎種を捕獲可能。トーホクは早期育成、カントーは高レベル・隠れ特性・タマゴ技探索を担当。,V2二地方生態版／541系統配置マスター＋特殊個体イベントマスター
83,カモネギ,farfetchd,1,ノーマル／ひこう,35,通常生態,no,no,既存（トーホク図鑑365）,既存ベガ個体を保持,ベガ既存進行,ベガ既存地点,ベガ既存入手法,既存値,トーホク図鑑No.365。内部種族ID・図鑑登録・イベント参照を変更しない。,トーホク図鑑にも既存番号で登録,VEGA_NATIVE_365（実ROMから確定）,カモネギ,カモネギ → ネギガナイト,既存系統の拡張,T522,522ばんどうろ／すいどう,既存個体から追加進化＋ずつき／朝昼オーバーレイ,Lv.47～54,基礎種は既存／進化道具・技条件,ベガ内の既存種を入口にし、未収録の前進化・分岐・追加進化だけを追加。重複する野生個体は作らない。,K12,12ばんどうろ,草むらオーバーレイ＋追加進化道具,Lv.82～87,通常表8～15%,ベガ初回殿堂入り後。認定章数でエリアと中間進化枠を段階解禁。,トーホクの既存個体を無駄にせず追加進化可能。カントーは進化道具と高レベル素材の供給地。,既存種族IDを固定し、進化先だけ新IDへ接続,P1,ベガ既存入手法を完全保持,ベガ既存地点,ベガ既存入手法,既存値,トーホク図鑑No.365。内部種族ID・図鑑登録・イベント参照を変更しない。,カントー高レベル野生生態,12ばんどうろ,草むらオーバーレイ＋追加進化道具,通常表8～15%,ベガ初回殿堂入り後。認定章数でエリアと中間進化枠を段階解禁。,通常系統は両地方で基礎種を捕獲可能。トーホクは早期育成、カントーは高レベル・隠れ特性・タマゴ技探索を担当。,V2二地方生態版／541系統配置マスター＋特殊個体イベントマスター
84,ドードー,doduo,1,ノーマル／ひこう,36,通常生態,no,no,未収録・追加対象,新IDへ追加,殿堂入り後,501ばんどうろ,時間帯オーバーレイ,8～12%,主に基礎形のみ出現。中間・最終進化は原則として育成で入手。時間帯・天候は生態チケットで任意固定可能。,全国研究図鑑へ登録（トーホク386完成条件には含めない）,NATIONAL_EXT_0084（新規16bit ID）,ドードー,ドードー → ドードリオ,外来生態レイヤーへ追加,T501,501ばんどうろ／すいどう,草むらオーバーレイ,Lv.2～5,追加抽選3～6%,本編必須フラグを変更せず、外来生態フラグ・時間帯・DexNav・大量発生で制御,K17,17ばんどうろ,草むらオーバーレイ,Lv.83～89,通常表8～15%,ベガ初回殿堂入り後。認定章数でエリアと中間進化枠を段階解禁。,トーホクは本編で使える低～中レベル基礎種、カントーは高レベル個体・中間進化・隠れ特性探索を担当。,ベガ既存11枠を上書きせず、CFRU側の条件付きオーバーレイ／DexNav／大量発生へ登録,P2,トーホク野生生態,501ばんどうろ／すいどう,草むらオーバーレイ,追加抽選3～6%,本編必須フラグを変更せず、外来生態フラグ・時間帯・DexNav・大量発生で制御,カントー高レベル野生生態,17ばんどうろ,草むらオーバーレイ,通常表8～15%,ベガ初回殿堂入り後。認定章数でエリアと中間進化枠を段階解禁。,通常系統は両地方で基礎種を捕獲可能。トーホクは早期育成、カントーは高レベル・隠れ特性・タマゴ技探索を担当。,V2二地方生態版／541系統配置マスター＋特殊個体イベントマスター
85,ドードリオ,dodrio,1,ノーマル／ひこう,36,通常生態,no,no,未収録・追加対象,新IDへ追加（進化入手）,殿堂入り後,501ばんどうろ,進化,―,レベルアップ＋Lv.31以上（CFRU/DPEの対応トリガーを使用。通信・RTC必須にはしない）,全国研究図鑑へ登録（トーホク386完成条件には含めない）,NATIONAL_EXT_0085（新規16bit ID）,ドードー,ドードー → ドードリオ,外来生態レイヤーへ追加,T501,501ばんどうろ／すいどう,草むらオーバーレイ,Lv.2～5,追加抽選3～6%,本編必須フラグを変更せず、外来生態フラグ・時間帯・DexNav・大量発生で制御,K17,17ばんどうろ,草むらオーバーレイ,Lv.83～89,通常表8～15%,ベガ初回殿堂入り後。認定章数でエリアと中間進化枠を段階解禁。,トーホクは本編で使える低～中レベル基礎種、カントーは高レベル個体・中間進化・隠れ特性探索を担当。,ベガ既存11枠を上書きせず、CFRU側の条件付きオーバーレイ／DexNav／大量発生へ登録,P2,ドードーをトーホクで捕獲して進化,501ばんどうろ／すいどう,進化／殿堂入り後DexNavで中間進化が稀に出現,通常野生は基礎種のみ,本編必須フラグを変更せず、外来生態フラグ・時間帯・DexNav・大量発生で制御,ドードーをカントーで捕獲して進化,17ばんどうろ,進化／認定章6個以降は中間進化がDexNav希少枠,通常野生は基礎種中心,ベガ初回殿堂入り後。認定章数でエリアと中間進化枠を段階解禁。,通常系統は両地方で基礎種を捕獲可能。トーホクは早期育成、カントーは高レベル・隠れ特性・タマゴ技探索を担当。,V2二地方生態版／541系統配置マスター＋特殊個体イベントマスター
86,パウワウ,seel,1,みず,37,通常生態,no,no,未収録・追加対象,新IDへ追加,殿堂入り後,こおりのしま,釣り,8～12%,主に基礎形のみ出現。中間・最終進化は原則として育成で入手。時間帯・天候は生態チケットで任意固定可能。,全国研究図鑑へ登録（トーホク386完成条件には含めない）,NATIONAL_EXT_0086（新規16bit ID）,パウワウ,パウワウ → ジュゴン,外来生態レイヤーへ追加,T513,513ばんどうろ／すいどう,釣りオーバーレイ,Lv.28～35,追加抽選4～8%,本編必須フラグを変更せず、外来生態フラグ・時間帯・DexNav・大量発生で制御,K38,ふたごじま,釣りオーバーレイ,Lv.88～96,通常表10～20%,ベガ初回殿堂入り後。認定章数でエリアと中間進化枠を段階解禁。,トーホクは本編で使える低～中レベル基礎種、カントーは高レベル個体・中間進化・隠れ特性探索を担当。,ベガ既存11枠を上書きせず、CFRU側の条件付きオーバーレイ／DexNav／大量発生へ登録,P2,トーホク野生生態,513ばんどうろ／すいどう,釣りオーバーレイ,追加抽選4～8%,本編必須フラグを変更せず、外来生態フラグ・時間帯・DexNav・大量発生で制御,カントー高レベル野生生態,ふたごじま,釣りオーバーレイ,通常表10～20%,ベガ初回殿堂入り後。認定章数でエリアと中間進化枠を段階解禁。,通常系統は両地方で基礎種を捕獲可能。トーホクは早期育成、カントーは高レベル・隠れ特性・タマゴ技探索を担当。,V2二地方生態版／541系統配置マスター＋特殊個体イベントマスター
87,ジュゴン,dewgong,1,みず／こおり,37,通常生態,no,no,未収録・追加対象,新IDへ追加（進化入手）,殿堂入り後,こおりのしま,進化,―,レベルアップ＋Lv.34以上（CFRU/DPEの対応トリガーを使用。通信・RTC必須にはしない）,全国研究図鑑へ登録（トーホク386完成条件には含めない）,NATIONAL_EXT_0087（新規16bit ID）,パウワウ,パウワウ → ジュゴン,外来生態レイヤーへ追加,T513,513ばんどうろ／すいどう,釣りオーバーレイ,Lv.28～35,追加抽選4～8%,本編必須フラグを変更せず、外来生態フラグ・時間帯・DexNav・大量発生で制御,K38,ふたごじま,釣りオーバーレイ,Lv.88～96,通常表10～20%,ベガ初回殿堂入り後。認定章数でエリアと中間進化枠を段階解禁。,トーホクは本編で使える低～中レベル基礎種、カントーは高レベル個体・中間進化・隠れ特性探索を担当。,ベガ既存11枠を上書きせず、CFRU側の条件付きオーバーレイ／DexNav／大量発生へ登録,P2,パウワウをトーホクで捕獲して進化,513ばんどうろ／すいどう,進化／殿堂入り後DexNavで中間進化が稀に出現,通常野生は基礎種のみ,本編必須フラグを変更せず、外来生態フラグ・時間帯・DexNav・大量発生で制御,パウワウをカントーで捕獲して進化,ふたごじま,進化／認定章6個以降は中間進化がDexNav希少枠,通常野生は基礎種中心,ベガ初回殿堂入り後。認定章数でエリアと中間進化枠を段階解禁。,通常系統は両地方で基礎種を捕獲可能。トーホクは早期育成、カントーは高レベル・隠れ特性・タマゴ技探索を担当。,V2二地方生態版／541系統配置マスター＋特殊個体イベントマスター
88,ベトベター,grimer,1,どく,38,通常生態,no,no,未収録・追加対象,新IDへ追加,殿堂入り後,502ばんどうろ,時間帯オーバーレイ,8～12%,主に基礎形のみ出現。中間・最終進化は原則として育成で入手。時間帯・天候は生態チケットで任意固定可能。,全国研究図鑑へ登録（トーホク386完成条件には含めない）,NATIONAL_EXT_0088（新規16bit ID）,ベトベター,ベトベター → ベトベトン,外来生態レイヤーへ追加,T512,512ばんどうろ／すいどう,草むらオーバーレイ,Lv.27～33,追加抽選3～6%,本編必須フラグを変更せず、外来生態フラグ・時間帯・DexNav・大量発生で制御,K39,ポケモンやしき,洞窟・屋内オーバーレイ,Lv.91～98,通常表8～15%,ベガ初回殿堂入り後。認定章数でエリアと中間進化枠を段階解禁。,トーホクは本編で使える低～中レベル基礎種、カントーは高レベル個体・中間進化・隠れ特性探索を担当。,ベガ既存11枠を上書きせず、CFRU側の条件付きオーバーレイ／DexNav／大量発生へ登録,P2,トーホク野生生態,512ばんどうろ／すいどう,草むらオーバーレイ,追加抽選3～6%,本編必須フラグを変更せず、外来生態フラグ・時間帯・DexNav・大量発生で制御,カントー高レベル野生生態,ポケモンやしき,洞窟・屋内オーバーレイ,通常表8～15%,ベガ初回殿堂入り後。認定章数でエリアと中間進化枠を段階解禁。,通常系統は両地方で基礎種を捕獲可能。トーホクは早期育成、カントーは高レベル・隠れ特性・タマゴ技探索を担当。,V2二地方生態版／541系統配置マスター＋特殊個体イベントマスター
89,ベトベトン,muk,1,どく,38,通常生態,no,no,未収録・追加対象,新IDへ追加（進化入手）,殿堂入り後,502ばんどうろ,進化,―,レベルアップ＋Lv.38以上（CFRU/DPEの対応トリガーを使用。通信・RTC必須にはしない）,全国研究図鑑へ登録（トーホク386完成条件には含めない）,NATIONAL_EXT_0089（新規16bit ID）,ベトベター,ベトベター → ベトベトン,外来生態レイヤーへ追加,T512,512ばんどうろ／すいどう,草むらオーバーレイ,Lv.27～33,追加抽選3～6%,本編必須フラグを変更せず、外来生態フラグ・時間帯・DexNav・大量発生で制御,K39,ポケモンやしき,洞窟・屋内オーバーレイ,Lv.91～98,通常表8～15%,ベガ初回殿堂入り後。認定章数でエリアと中間進化枠を段階解禁。,トーホクは本編で使える低～中レベル基礎種、カントーは高レベル個体・中間進化・隠れ特性探索を担当。,ベガ既存11枠を上書きせず、CFRU側の条件付きオーバーレイ／DexNav／大量発生へ登録,P2,ベトベターをトーホクで捕獲して進化,512ばんどうろ／すいどう,進化／殿堂入り後DexNavで中間進化が稀に出現,通常野生は基礎種のみ,本編必須フラグを変更せず、外来生態フラグ・時間帯・DexNav・大量発生で制御,ベトベターをカントーで捕獲して進化,ポケモンやしき,進化／認定章6個以降は中間進化がDexNav希少枠,通常野生は基礎種中心,ベガ初回殿堂入り後。認定章数でエリアと中間進化枠を段階解禁。,通常系統は両地方で基礎種を捕獲可能。トーホクは早期育成、カントーは高レベル・隠れ特性・タマゴ技探索を担当。,V2二地方生態版／541系統配置マスター＋特殊個体イベントマスター
90,シェルダー,shellder,1,みず,39,通常生態,no,no,既存（トーホク図鑑041）,既存ベガ個体を保持,ベガ既存進行,ベガ既存地点,ベガ既存入手法,既存値,トーホク図鑑No.041。内部種族ID・図鑑登録・イベント参照を変更しない。,トーホク図鑑にも既存番号で登録,VEGA_NATIVE_041（実ROMから確定）,シェルダー,シェルダー → パルシェン,ベガ既存系統を完全保持,VEGA_NATIVE,ベガ既存地点（出現表・配布・進化を変更しない）,ベガ既存入手法,既存値,既存値,既存イベント・野生表・進化条件を原則維持。現代化で条件が壊れる場合のみ互換処理。,K38,ふたごじま,釣りオーバーレイ,Lv.88～96,通常表10～20%,ベガ初回殿堂入り後。認定章数でエリアと中間進化枠を段階解禁。,トーホクではベガ既存個体を保護。カントーでは高レベル個体・隠れ特性・タマゴ技探索を担当。,既存テーブル無変更,P0,ベガ既存入手法を完全保持,ベガ既存地点,ベガ既存入手法,既存値,トーホク図鑑No.041。内部種族ID・図鑑登録・イベント参照を変更しない。,カントー高レベル野生生態,ふたごじま,釣りオーバーレイ,通常表10～20%,ベガ初回殿堂入り後。認定章数でエリアと中間進化枠を段階解禁。,通常系統は両地方で基礎種を捕獲可能。トーホクは早期育成、カントーは高レベル・隠れ特性・タマゴ技探索を担当。,V2二地方生態版／541系統配置マスター＋特殊個体イベントマスター
91,パルシェン,cloyster,1,みず／こおり,39,通常生態,no,no,既存（トーホク図鑑042）,既存ベガ個体を保持,ベガ既存進行,ベガ既存地点,ベガ既存入手法,既存値,トーホク図鑑No.042。内部種族ID・図鑑登録・イベント参照を変更しない。,トーホク図鑑にも既存番号で登録,VEGA_NATIVE_042（実ROMから確定）,シェルダー,シェルダー → パルシェン,ベガ既存系統を完全保持,VEGA_NATIVE,ベガ既存地点（出現表・配布・進化を変更しない）,ベガ既存入手法,既存値,既存値,既存イベント・野生表・進化条件を原則維持。現代化で条件が壊れる場合のみ互換処理。,K38,ふたごじま,釣りオーバーレイ,Lv.88～96,通常表10～20%,ベガ初回殿堂入り後。認定章数でエリアと中間進化枠を段階解禁。,トーホクではベガ既存個体を保護。カントーでは高レベル個体・隠れ特性・タマゴ技探索を担当。,既存テーブル無変更,P0,ベガ既存入手法を完全保持,ベガ既存地点,ベガ既存入手法,既存値,トーホク図鑑No.042。内部種族ID・図鑑登録・イベント参照を変更しない。,シェルダーをカントーで捕獲して進化,ふたごじま,進化／認定章6個以降は中間進化がDexNav希少枠,通常野生は基礎種中心,ベガ初回殿堂入り後。認定章数でエリアと中間進化枠を段階解禁。,通常系統は両地方で基礎種を捕獲可能。トーホクは早期育成、カントーは高レベル・隠れ特性・タマゴ技探索を担当。,V2二地方生態版／541系統配置マスター＋特殊個体イベントマスター
92,ゴース,gastly,1,ゴースト／どく,40,通常生態,no,no,既存（トーホク図鑑063）,既存ベガ個体を保持,ベガ既存進行,ベガ既存地点,ベガ既存入手法,既存値,トーホク図鑑No.063。内部種族ID・図鑑登録・イベント参照を変更しない。,トーホク図鑑にも既存番号で登録,VEGA_NATIVE_063（実ROMから確定）,ゴース,ゴース → ゴースト → ゲンガー,ベガ既存系統を完全保持,VEGA_NATIVE,ベガ既存地点（出現表・配布・進化を変更しない）,ベガ既存入手法,既存値,既存値,既存イベント・野生表・進化条件を原則維持。現代化で条件が壊れる場合のみ互換処理。,K31,ポケモンタワー,夜間オーバーレイ,Lv.82～90,夜間8～12%,ベガ初回殿堂入り後。認定章数でエリアと中間進化枠を段階解禁。,トーホクではベガ既存個体を保護。カントーでは高レベル個体・隠れ特性・タマゴ技探索を担当。,既存テーブル無変更,P0,ベガ既存入手法を完全保持,ベガ既存地点,ベガ既存入手法,既存値,トーホク図鑑No.063。内部種族ID・図鑑登録・イベント参照を変更しない。,カントー高レベル野生生態,ポケモンタワー,夜間オーバーレイ,夜間8～12%,ベガ初回殿堂入り後。認定章数でエリアと中間進化枠を段階解禁。,通常系統は両地方で基礎種を捕獲可能。トーホクは早期育成、カントーは高レベル・隠れ特性・タマゴ技探索を担当。,V2二地方生態版／541系統配置マスター＋特殊個体イベントマスター
93,ゴースト,haunter,1,ゴースト／どく,40,通常生態,no,no,既存（トーホク図鑑064）,既存ベガ個体を保持,ベガ既存進行,ベガ既存地点,ベガ既存入手法,既存値,トーホク図鑑No.064。内部種族ID・図鑑登録・イベント参照を変更しない。,トーホク図鑑にも既存番号で登録,VEGA_NATIVE_064（実ROMから確定）,ゴース,ゴース → ゴースト → ゲンガー,ベガ既存系統を完全保持,VEGA_NATIVE,ベガ既存地点（出現表・配布・進化を変更しない）,ベガ既存入手法,既存値,既存値,既存イベント・野生表・進化条件を原則維持。現代化で条件が壊れる場合のみ互換処理。,K31,ポケモンタワー,夜間オーバーレイ,Lv.82～90,夜間8～12%,ベガ初回殿堂入り後。認定章数でエリアと中間進化枠を段階解禁。,トーホクではベガ既存個体を保護。カントーでは高レベル個体・隠れ特性・タマゴ技探索を担当。,既存テーブル無変更,P0,ベガ既存入手法を完全保持,ベガ既存地点,ベガ既存入手法,既存値,トーホク図鑑No.064。内部種族ID・図鑑登録・イベント参照を変更しない。,ゴースをカントーで捕獲して進化,ポケモンタワー,進化／認定章6個以降は中間進化がDexNav希少枠,通常野生は基礎種中心,ベガ初回殿堂入り後。認定章数でエリアと中間進化枠を段階解禁。,通常系統は両地方で基礎種を捕獲可能。トーホクは早期育成、カントーは高レベル・隠れ特性・タマゴ技探索を担当。,V2二地方生態版／541系統配置マスター＋特殊個体イベントマスター
94,ゲンガー,gengar,1,ゴースト／どく,40,通常生態,no,no,既存（トーホク図鑑065）,既存ベガ個体を保持,ベガ既存進行,ベガ既存地点,ベガ既存入手法,既存値,トーホク図鑑No.065。内部種族ID・図鑑登録・イベント参照を変更しない。,トーホク図鑑にも既存番号で登録,VEGA_NATIVE_065（実ROMから確定）,ゴース,ゴース → ゴースト → ゲンガー,ベガ既存系統を完全保持,VEGA_NATIVE,ベガ既存地点（出現表・配布・進化を変更しない）,ベガ既存入手法,既存値,既存値,既存イベント・野生表・進化条件を原則維持。現代化で条件が壊れる場合のみ互換処理。,K31,ポケモンタワー,夜間オーバーレイ,Lv.82～90,夜間8～12%,ベガ初回殿堂入り後。認定章数でエリアと中間進化枠を段階解禁。,トーホクではベガ既存個体を保護。カントーでは高レベル個体・隠れ特性・タマゴ技探索を担当。,既存テーブル無変更,P0,ベガ既存入手法を完全保持,ベガ既存地点,ベガ既存入手法,既存値,トーホク図鑑No.065。内部種族ID・図鑑登録・イベント参照を変更しない。,ゴースをカントーで捕獲して進化,ポケモンタワー,進化／認定章6個以降は中間進化がDexNav希少枠,通常野生は基礎種中心,ベガ初回殿堂入り後。認定章数でエリアと中間進化枠を段階解禁。,通常系統は両地方で基礎種を捕獲可能。トーホクは早期育成、カントーは高レベル・隠れ特性・タマゴ技探索を担当。,V2二地方生態版／541系統配置マスター＋特殊個体イベントマスター
95,イワーク,onix,1,いわ／じめん,41,通常生態,no,no,未収録・追加対象,新IDへ追加,殿堂入り後,チャンピオンロード,図鑑ナビ隠し枠,通常表0%／ナビ検索時1～5%,主に基礎形のみ出現。中間・最終進化は原則として育成で入手。時間帯・天候は生態チケットで任意固定可能。,全国研究図鑑へ登録（トーホク386完成条件には含めない）,NATIONAL_EXT_0095（新規16bit ID）,イワーク,イワーク → ハガネール,外来生態レイヤーへ追加,T028,ひのしま,いわくだき／DexNav,Lv.30～40／殿堂入り後Lv.55～70,通常0%／DexNav 2～5%,本編必須フラグを変更せず、外来生態フラグ・時間帯・DexNav・大量発生で制御,K30,イワヤマトンネル,いわくだき／DexNav,Lv.80～87,通常0%／DexNav 2～5%,ベガ初回殿堂入り後。認定章数でエリアと中間進化枠を段階解禁。,トーホクは本編で使える低～中レベル基礎種、カントーは高レベル個体・中間進化・隠れ特性探索を担当。,ベガ既存11枠を上書きせず、CFRU側の条件付きオーバーレイ／DexNav／大量発生へ登録,P2,トーホク野生生態,ひのしま,いわくだき／DexNav,通常0%／DexNav 2～5%,本編必須フラグを変更せず、外来生態フラグ・時間帯・DexNav・大量発生で制御,カントー高レベル野生生態,イワヤマトンネル,いわくだき／DexNav,通常0%／DexNav 2～5%,ベガ初回殿堂入り後。認定章数でエリアと中間進化枠を段階解禁。,通常系統は両地方で基礎種を捕獲可能。トーホクは早期育成、カントーは高レベル・隠れ特性・タマゴ技探索を担当。,V2二地方生態版／541系統配置マスター＋特殊個体イベントマスター
96,スリープ,drowzee,1,エスパー,42,通常生態,no,no,未収録・追加対象,新IDへ追加,殿堂入り後,ときのようかん,時間帯オーバーレイ,8～12%,主に基礎形のみ出現。中間・最終進化は原則として育成で入手。時間帯・天候は生態チケットで任意固定可能。,全国研究図鑑へ登録（トーホク386完成条件には含めない）,NATIONAL_EXT_0096（新規16bit ID）,スリープ,スリープ → スリーパー,外来生態レイヤーへ追加,T034,D・Hビル,洞窟・屋内オーバーレイ,Lv.42～55／殿堂入り後Lv.62～78,追加抽選3～6%,本編必須フラグを変更せず、外来生態フラグ・時間帯・DexNav・大量発生で制御,K11,11ばんどうろ,草むらオーバーレイ,Lv.76～82,通常表8～15%,ベガ初回殿堂入り後。認定章数でエリアと中間進化枠を段階解禁。,トーホクは本編で使える低～中レベル基礎種、カントーは高レベル個体・中間進化・隠れ特性探索を担当。,ベガ既存11枠を上書きせず、CFRU側の条件付きオーバーレイ／DexNav／大量発生へ登録,P2,トーホク野生生態,D・Hビル,洞窟・屋内オーバーレイ,追加抽選3～6%,本編必須フラグを変更せず、外来生態フラグ・時間帯・DexNav・大量発生で制御,カントー高レベル野生生態,11ばんどうろ,草むらオーバーレイ,通常表8～15%,ベガ初回殿堂入り後。認定章数でエリアと中間進化枠を段階解禁。,通常系統は両地方で基礎種を捕獲可能。トーホクは早期育成、カントーは高レベル・隠れ特性・タマゴ技探索を担当。,V2二地方生態版／541系統配置マスター＋特殊個体イベントマスター
97,スリーパー,hypno,1,エスパー,42,通常生態,no,no,未収録・追加対象,新IDへ追加（進化入手）,殿堂入り後,ときのようかん,進化,―,レベルアップ＋Lv.26以上（CFRU/DPEの対応トリガーを使用。通信・RTC必須にはしない）,全国研究図鑑へ登録（トーホク386完成条件には含めない）,NATIONAL_EXT_0097（新規16bit ID）,スリープ,スリープ → スリーパー,外来生態レイヤーへ追加,T034,D・Hビル,洞窟・屋内オーバーレイ,Lv.42～55／殿堂入り後Lv.62～78,追加抽選3～6%,本編必須フラグを変更せず、外来生態フラグ・時間帯・DexNav・大量発生で制御,K11,11ばんどうろ,草むらオーバーレイ,Lv.76～82,通常表8～15%,ベガ初回殿堂入り後。認定章数でエリアと中間進化枠を段階解禁。,トーホクは本編で使える低～中レベル基礎種、カントーは高レベル個体・中間進化・隠れ特性探索を担当。,ベガ既存11枠を上書きせず、CFRU側の条件付きオーバーレイ／DexNav／大量発生へ登録,P2,スリープをトーホクで捕獲して進化,D・Hビル,進化／殿堂入り後DexNavで中間進化が稀に出現,通常野生は基礎種のみ,本編必須フラグを変更せず、外来生態フラグ・時間帯・DexNav・大量発生で制御,スリープをカントーで捕獲して進化,11ばんどうろ,進化／認定章6個以降は中間進化がDexNav希少枠,通常野生は基礎種中心,ベガ初回殿堂入り後。認定章数でエリアと中間進化枠を段階解禁。,通常系統は両地方で基礎種を捕獲可能。トーホクは早期育成、カントーは高レベル・隠れ特性・タマゴ技探索を担当。,V2二地方生態版／541系統配置マスター＋特殊個体イベントマスター
98,クラブ,krabby,1,みず,43,通常生態,no,no,既存（トーホク図鑑231）,既存ベガ個体を保持,ベガ既存進行,ベガ既存地点,ベガ既存入手法,既存値,トーホク図鑑No.231。内部種族ID・図鑑登録・イベント参照を変更しない。,トーホク図鑑にも既存番号で登録,VEGA_NATIVE_231（実ROMから確定）,クラブ,クラブ → キングラー,ベガ既存系統を完全保持,VEGA_NATIVE,ベガ既存地点（出現表・配布・進化を変更しない）,ベガ既存入手法,既存値,既存値,既存イベント・野生表・進化条件を原則維持。現代化で条件が壊れる場合のみ互換処理。,K12,12ばんどうろ,水上オーバーレイ,Lv.82～87,通常表10～20%,ベガ初回殿堂入り後。認定章数でエリアと中間進化枠を段階解禁。,トーホクではベガ既存個体を保護。カントーでは高レベル個体・隠れ特性・タマゴ技探索を担当。,既存テーブル無変更,P0,ベガ既存入手法を完全保持,ベガ既存地点,ベガ既存入手法,既存値,トーホク図鑑No.231。内部種族ID・図鑑登録・イベント参照を変更しない。,カントー高レベル野生生態,12ばんどうろ,水上オーバーレイ,通常表10～20%,ベガ初回殿堂入り後。認定章数でエリアと中間進化枠を段階解禁。,通常系統は両地方で基礎種を捕獲可能。トーホクは早期育成、カントーは高レベル・隠れ特性・タマゴ技探索を担当。,V2二地方生態版／541系統配置マスター＋特殊個体イベントマスター
99,キングラー,kingler,1,みず,43,通常生態,no,no,既存（トーホク図鑑232）,既存ベガ個体を保持,ベガ既存進行,ベガ既存地点,ベガ既存入手法,既存値,トーホク図鑑No.232。内部種族ID・図鑑登録・イベント参照を変更しない。,トーホク図鑑にも既存番号で登録,VEGA_NATIVE_232（実ROMから確定）,クラブ,クラブ → キングラー,ベガ既存系統を完全保持,VEGA_NATIVE,ベガ既存地点（出現表・配布・進化を変更しない）,ベガ既存入手法,既存値,既存値,既存イベント・野生表・進化条件を原則維持。現代化で条件が壊れる場合のみ互換処理。,K12,12ばんどうろ,水上オーバーレイ,Lv.82～87,通常表10～20%,ベガ初回殿堂入り後。認定章数でエリアと中間進化枠を段階解禁。,トーホクではベガ既存個体を保護。カントーでは高レベル個体・隠れ特性・タマゴ技探索を担当。,既存テーブル無変更,P0,ベガ既存入手法を完全保持,ベガ既存地点,ベガ既存入手法,既存値,トーホク図鑑No.232。内部種族ID・図鑑登録・イベント参照を変更しない。,クラブをカントーで捕獲して進化,12ばんどうろ,進化／認定章6個以降は中間進化がDexNav希少枠,通常野生は基礎種中心,ベガ初回殿堂入り後。認定章数でエリアと中間進化枠を段階解禁。,通常系統は両地方で基礎種を捕獲可能。トーホクは早期育成、カントーは高レベル・隠れ特性・タマゴ技探索を担当。,V2二地方生態版／541系統配置マスター＋特殊個体イベントマスター
100,ビリリダマ,voltorb,1,でんき,44,人工・無機物,no,no,既存（トーホク図鑑223）,既存ベガ個体を保持,ベガ既存進行,ベガ既存地点,ベガ既存入手法,既存値,トーホク図鑑No.223。内部種族ID・図鑑登録・イベント参照を変更しない。,トーホク図鑑にも既存番号で登録,VEGA_NATIVE_223（実ROMから確定）,ビリリダマ,ビリリダマ → マルマイン,ベガ既存系統を完全保持,VEGA_NATIVE,ベガ既存地点（出現表・配布・進化を変更しない）,ベガ既存入手法,既存値,既存値,既存イベント・野生表・進化条件を原則維持。現代化で条件が壊れる場合のみ互換処理。,K40,むじんはつでんしょ,屋内異常遭遇／DexNav,Lv.82～94,通常0%／DexNav 2～5%,ベガ初回殿堂入り後。認定章数でエリアと中間進化枠を段階解禁。,トーホクではベガ既存個体を保護。カントーでは高レベル個体・隠れ特性・タマゴ技探索を担当。,既存テーブル無変更,P0,ベガ既存入手法を完全保持,ベガ既存地点,ベガ既存入手法,既存値,トーホク図鑑No.223。内部種族ID・図鑑登録・イベント参照を変更しない。,カントー高レベル野生生態,むじんはつでんしょ,屋内異常遭遇／DexNav,通常0%／DexNav 2～5%,ベガ初回殿堂入り後。認定章数でエリアと中間進化枠を段階解禁。,通常系統は両地方で基礎種を捕獲可能。トーホクは早期育成、カントーは高レベル・隠れ特性・タマゴ技探索を担当。,V2二地方生態版／541系統配置マスター＋特殊個体イベントマスター
101,マルマイン,electrode,1,でんき,44,人工・無機物,no,no,既存（トーホク図鑑224）,既存ベガ個体を保持,ベガ既存進行,ベガ既存地点,ベガ既存入手法,既存値,トーホク図鑑No.224。内部種族ID・図鑑登録・イベント参照を変更しない。,トーホク図鑑にも既存番号で登録,VEGA_NATIVE_224（実ROMから確定）,ビリリダマ,ビリリダマ → マルマイン,ベガ既存系統を完全保持,VEGA_NATIVE,ベガ既存地点（出現表・配布・進化を変更しない）,ベガ既存入手法,既存値,既存値,既存イベント・野生表・進化条件を原則維持。現代化で条件が壊れる場合のみ互換処理。,K40,むじんはつでんしょ,屋内異常遭遇／DexNav,Lv.82～94,通常0%／DexNav 2～5%,ベガ初回殿堂入り後。認定章数でエリアと中間進化枠を段階解禁。,トーホクではベガ既存個体を保護。カントーでは高レベル個体・隠れ特性・タマゴ技探索を担当。,既存テーブル無変更,P0,ベガ既存入手法を完全保持,ベガ既存地点,ベガ既存入手法,既存値,トーホク図鑑No.224。内部種族ID・図鑑登録・イベント参照を変更しない。,ビリリダマをカントーで捕獲して進化,むじんはつでんしょ,進化／認定章6個以降は中間進化がDexNav希少枠,通常野生は基礎種中心,ベガ初回殿堂入り後。認定章数でエリアと中間進化枠を段階解禁。,通常系統は両地方で基礎種を捕獲可能。トーホクは早期育成、カントーは高レベル・隠れ特性・タマゴ技探索を担当。,V2二地方生態版／541系統配置マスター＋特殊個体イベントマスター
102,タマタマ,exeggcute,1,くさ／エスパー,45,通常生態,no,no,既存（トーホク図鑑066）,既存ベガ個体を保持,ベガ既存進行,ベガ既存地点,ベガ既存入手法,既存値,トーホク図鑑No.066。内部種族ID・図鑑登録・イベント参照を変更しない。,トーホク図鑑にも既存番号で登録,VEGA_NATIVE_066（実ROMから確定）,タマタマ,タマタマ → ナッシー,ベガ既存系統を完全保持,VEGA_NATIVE,ベガ既存地点（出現表・配布・進化を変更しない）,ベガ既存入手法,既存値,既存値,既存イベント・野生表・進化条件を原則維持。現代化で条件が壊れる場合のみ互換処理。,K35,サファリゾーン東,ずつき／朝昼オーバーレイ,Lv.85～94,通常表8～15%,ベガ初回殿堂入り後。認定章数でエリアと中間進化枠を段階解禁。,トーホクではベガ既存個体を保護。カントーでは高レベル個体・隠れ特性・タマゴ技探索を担当。,既存テーブル無変更,P0,ベガ既存入手法を完全保持,ベガ既存地点,ベガ既存入手法,既存値,トーホク図鑑No.066。内部種族ID・図鑑登録・イベント参照を変更しない。,カントー高レベル野生生態,サファリゾーン東,ずつき／朝昼オーバーレイ,通常表8～15%,ベガ初回殿堂入り後。認定章数でエリアと中間進化枠を段階解禁。,通常系統は両地方で基礎種を捕獲可能。トーホクは早期育成、カントーは高レベル・隠れ特性・タマゴ技探索を担当。,V2二地方生態版／541系統配置マスター＋特殊個体イベントマスター
103,ナッシー,exeggutor,1,くさ／エスパー,45,通常生態,no,no,既存（トーホク図鑑067）,既存ベガ個体を保持,ベガ既存進行,ベガ既存地点,ベガ既存入手法,既存値,トーホク図鑑No.067。内部種族ID・図鑑登録・イベント参照を変更しない。,トーホク図鑑にも既存番号で登録,VEGA_NATIVE_067（実ROMから確定）,タマタマ,タマタマ → ナッシー,ベガ既存系統を完全保持,VEGA_NATIVE,ベガ既存地点（出現表・配布・進化を変更しない）,ベガ既存入手法,既存値,既存値,既存イベント・野生表・進化条件を原則維持。現代化で条件が壊れる場合のみ互換処理。,K35,サファリゾーン東,ずつき／朝昼オーバーレイ,Lv.85～94,通常表8～15%,ベガ初回殿堂入り後。認定章数でエリアと中間進化枠を段階解禁。,トーホクではベガ既存個体を保護。カントーでは高レベル個体・隠れ特性・タマゴ技探索を担当。,既存テーブル無変更,P0,ベガ既存入手法を完全保持,ベガ既存地点,ベガ既存入手法,既存値,トーホク図鑑No.067。内部種族ID・図鑑登録・イベント参照を変更しない。,タマタマをカントーで捕獲して進化,サファリゾーン東,進化／認定章6個以降は中間進化がDexNav希少枠,通常野生は基礎種中心,ベガ初回殿堂入り後。認定章数でエリアと中間進化枠を段階解禁。,通常系統は両地方で基礎種を捕獲可能。トーホクは早期育成、カントーは高レベル・隠れ特性・タマゴ技探索を担当。,V2二地方生態版／541系統配置マスター＋特殊個体イベントマスター
104,カラカラ,cubone,1,じめん,46,通常生態,no,no,未収録・追加対象,新IDへ追加,殿堂入り後,ちえのどうくつ,図鑑ナビ隠し枠,通常表0%／ナビ検索時1～5%,主に基礎形のみ出現。中間・最終進化は原則として育成で入手。時間帯・天候は生態チケットで任意固定可能。,全国研究図鑑へ登録（トーホク386完成条件には含めない）,NATIONAL_EXT_0104（新規16bit ID）,カラカラ,カラカラ → ガラガラ,外来生態レイヤーへ追加,T028,ひのしま,いわくだき／DexNav,Lv.30～40／殿堂入り後Lv.55～70,通常0%／DexNav 2～5%,本編必須フラグを変更せず、外来生態フラグ・時間帯・DexNav・大量発生で制御,K31,ポケモンタワー,洞窟・屋内オーバーレイ,Lv.82～90,通常表8～15%,ベガ初回殿堂入り後。認定章数でエリアと中間進化枠を段階解禁。,トーホクは本編で使える低～中レベル基礎種、カントーは高レベル個体・中間進化・隠れ特性探索を担当。,ベガ既存11枠を上書きせず、CFRU側の条件付きオーバーレイ／DexNav／大量発生へ登録,P2,トーホク野生生態,ひのしま,いわくだき／DexNav,通常0%／DexNav 2～5%,本編必須フラグを変更せず、外来生態フラグ・時間帯・DexNav・大量発生で制御,カントー高レベル野生生態,ポケモンタワー,洞窟・屋内オーバーレイ,通常表8～15%,ベガ初回殿堂入り後。認定章数でエリアと中間進化枠を段階解禁。,通常系統は両地方で基礎種を捕獲可能。トーホクは早期育成、カントーは高レベル・隠れ特性・タマゴ技探索を担当。,V2二地方生態版／541系統配置マスター＋特殊個体イベントマスター
105,ガラガラ,marowak,1,じめん,46,通常生態,no,no,未収録・追加対象,新IDへ追加（進化入手）,殿堂入り後,ちえのどうくつ,進化,―,レベルアップ＋Lv.28以上（CFRU/DPEの対応トリガーを使用。通信・RTC必須にはしない）,全国研究図鑑へ登録（トーホク386完成条件には含めない）,NATIONAL_EXT_0105（新規16bit ID）,カラカラ,カラカラ → ガラガラ,外来生態レイヤーへ追加,T028,ひのしま,いわくだき／DexNav,Lv.30～40／殿堂入り後Lv.55～70,通常0%／DexNav 2～5%,本編必須フラグを変更せず、外来生態フラグ・時間帯・DexNav・大量発生で制御,K31,ポケモンタワー,洞窟・屋内オーバーレイ,Lv.82～90,通常表8～15%,ベガ初回殿堂入り後。認定章数でエリアと中間進化枠を段階解禁。,トーホクは本編で使える低～中レベル基礎種、カントーは高レベル個体・中間進化・隠れ特性探索を担当。,ベガ既存11枠を上書きせず、CFRU側の条件付きオーバーレイ／DexNav／大量発生へ登録,P2,カラカラをトーホクで捕獲して進化,ひのしま,進化／殿堂入り後DexNavで中間進化が稀に出現,通常野生は基礎種のみ,本編必須フラグを変更せず、外来生態フラグ・時間帯・DexNav・大量発生で制御,カラカラをカントーで捕獲して進化,ポケモンタワー,進化／認定章6個以降は中間進化がDexNav希少枠,通常野生は基礎種中心,ベガ初回殿堂入り後。認定章数でエリアと中間進化枠を段階解禁。,通常系統は両地方で基礎種を捕獲可能。トーホクは早期育成、カントーは高レベル・隠れ特性・タマゴ技探索を担当。,V2二地方生態版／541系統配置マスター＋特殊個体イベントマスター
106,サワムラー,hitmonlee,1,かくとう,47,ベビィ含有,no,no,既存（トーホク図鑑047）,既存ベガ個体を保持,ベガ既存進行,ベガ既存地点,ベガ既存入手法,既存値,トーホク図鑑No.047。内部種族ID・図鑑登録・イベント参照を変更しない。,トーホク図鑑にも既存番号で登録,VEGA_NATIVE_047（実ROMから確定）,バルキー,バルキー → サワムラー → エビワラー → カポエラー,ベガ既存系統を完全保持,VEGA_NATIVE,ベガ既存地点（出現表・配布・進化を変更しない）,ベガ既存入手法,既存値,既存値,既存イベント・野生表・進化条件を原則維持。現代化で条件が壊れる場合のみ互換処理。,K10,10ばんどうろ,DexNav隠し枠／低確率タマゴ,Lv.78～84,通常0%／DexNav 2～5%,ベガ初回殿堂入り後。認定章数でエリアと中間進化枠を段階解禁。,トーホクではベガ既存個体を保護。カントーでは高レベル個体・隠れ特性・タマゴ技探索を担当。,既存テーブル無変更,P0,ベガ既存入手法を完全保持,ベガ既存地点,ベガ既存入手法,既存値,トーホク図鑑No.047。内部種族ID・図鑑登録・イベント参照を変更しない。,バルキーをカントーで捕獲して進化,10ばんどうろ,進化／認定章6個以降は中間進化がDexNav希少枠,通常野生は基礎種中心,ベガ初回殿堂入り後。認定章数でエリアと中間進化枠を段階解禁。,通常系統は両地方で基礎種を捕獲可能。トーホクは早期育成、カントーは高レベル・隠れ特性・タマゴ技探索を担当。,V2二地方生態版／541系統配置マスター＋特殊個体イベントマスター
107,エビワラー,hitmonchan,1,かくとう,47,ベビィ含有,no,no,既存（トーホク図鑑048）,既存ベガ個体を保持,ベガ既存進行,ベガ既存地点,ベガ既存入手法,既存値,トーホク図鑑No.048。内部種族ID・図鑑登録・イベント参照を変更しない。,トーホク図鑑にも既存番号で登録,VEGA_NATIVE_048（実ROMから確定）,バルキー,バルキー → サワムラー → エビワラー → カポエラー,ベガ既存系統を完全保持,VEGA_NATIVE,ベガ既存地点（出現表・配布・進化を変更しない）,ベガ既存入手法,既存値,既存値,既存イベント・野生表・進化条件を原則維持。現代化で条件が壊れる場合のみ互換処理。,K10,10ばんどうろ,DexNav隠し枠／低確率タマゴ,Lv.78～84,通常0%／DexNav 2～5%,ベガ初回殿堂入り後。認定章数でエリアと中間進化枠を段階解禁。,トーホクではベガ既存個体を保護。カントーでは高レベル個体・隠れ特性・タマゴ技探索を担当。,既存テーブル無変更,P0,ベガ既存入手法を完全保持,ベガ既存地点,ベガ既存入手法,既存値,トーホク図鑑No.048。内部種族ID・図鑑登録・イベント参照を変更しない。,バルキーをカントーで捕獲して進化,10ばんどうろ,進化／認定章6個以降は中間進化がDexNav希少枠,通常野生は基礎種中心,ベガ初回殿堂入り後。認定章数でエリアと中間進化枠を段階解禁。,通常系統は両地方で基礎種を捕獲可能。トーホクは早期育成、カントーは高レベル・隠れ特性・タマゴ技探索を担当。,V2二地方生態版／541系統配置マスター＋特殊個体イベントマスター
108,ベロリンガ,lickitung,1,ノーマル,48,通常生態,no,no,既存（トーホク図鑑270）,既存ベガ個体を保持,ベガ既存進行,ベガ既存地点,ベガ既存入手法,既存値,トーホク図鑑No.270。内部種族ID・図鑑登録・イベント参照を変更しない。,トーホク図鑑にも既存番号で登録,VEGA_NATIVE_270（実ROMから確定）,ベロリンガ,ベロリンガ → ベロベルト,ベガ既存系統を完全保持,VEGA_NATIVE,ベガ既存地点（出現表・配布・進化を変更しない）,ベガ既存入手法,既存値,既存値,既存イベント・野生表・進化条件を原則維持。現代化で条件が壊れる場合のみ互換処理。,K18,18ばんどうろ,草むらオーバーレイ,Lv.84～90,通常表8～15%,ベガ初回殿堂入り後。認定章数でエリアと中間進化枠を段階解禁。,トーホクではベガ既存個体を保護。カントーでは高レベル個体・隠れ特性・タマゴ技探索を担当。,既存テーブル無変更,P0,ベガ既存入手法を完全保持,ベガ既存地点,ベガ既存入手法,既存値,トーホク図鑑No.270。内部種族ID・図鑑登録・イベント参照を変更しない。,カントー高レベル野生生態,18ばんどうろ,草むらオーバーレイ,通常表8～15%,ベガ初回殿堂入り後。認定章数でエリアと中間進化枠を段階解禁。,通常系統は両地方で基礎種を捕獲可能。トーホクは早期育成、カントーは高レベル・隠れ特性・タマゴ技探索を担当。,V2二地方生態版／541系統配置マスター＋特殊個体イベントマスター
109,ドガース,koffing,1,どく,49,通常生態,no,no,既存（トーホク図鑑264）,既存ベガ個体を保持,ベガ既存進行,ベガ既存地点,ベガ既存入手法,既存値,トーホク図鑑No.264。内部種族ID・図鑑登録・イベント参照を変更しない。,トーホク図鑑にも既存番号で登録,VEGA_NATIVE_264（実ROMから確定）,ドガース,ドガース → マタドガス,ベガ既存系統を完全保持,VEGA_NATIVE,ベガ既存地点（出現表・配布・進化を変更しない）,ベガ既存入手法,既存値,既存値,既存イベント・野生表・進化条件を原則維持。現代化で条件が壊れる場合のみ互換処理。,K39,ポケモンやしき,洞窟・屋内オーバーレイ,Lv.91～98,通常表8～15%,ベガ初回殿堂入り後。認定章数でエリアと中間進化枠を段階解禁。,トーホクではベガ既存個体を保護。カントーでは高レベル個体・隠れ特性・タマゴ技探索を担当。,既存テーブル無変更,P0,ベガ既存入手法を完全保持,ベガ既存地点,ベガ既存入手法,既存値,トーホク図鑑No.264。内部種族ID・図鑑登録・イベント参照を変更しない。,カントー高レベル野生生態,ポケモンやしき,洞窟・屋内オーバーレイ,通常表8～15%,ベガ初回殿堂入り後。認定章数でエリアと中間進化枠を段階解禁。,通常系統は両地方で基礎種を捕獲可能。トーホクは早期育成、カントーは高レベル・隠れ特性・タマゴ技探索を担当。,V2二地方生態版／541系統配置マスター＋特殊個体イベントマスター
110,マタドガス,weezing,1,どく,49,通常生態,no,no,既存（トーホク図鑑265）,既存ベガ個体を保持,ベガ既存進行,ベガ既存地点,ベガ既存入手法,既存値,トーホク図鑑No.265。内部種族ID・図鑑登録・イベント参照を変更しない。,トーホク図鑑にも既存番号で登録,VEGA_NATIVE_265（実ROMから確定）,ドガース,ドガース → マタドガス,ベガ既存系統を完全保持,VEGA_NATIVE,ベガ既存地点（出現表・配布・進化を変更しない）,ベガ既存入手法,既存値,既存値,既存イベント・野生表・進化条件を原則維持。現代化で条件が壊れる場合のみ互換処理。,K39,ポケモンやしき,洞窟・屋内オーバーレイ,Lv.91～98,通常表8～15%,ベガ初回殿堂入り後。認定章数でエリアと中間進化枠を段階解禁。,トーホクではベガ既存個体を保護。カントーでは高レベル個体・隠れ特性・タマゴ技探索を担当。,既存テーブル無変更,P0,ベガ既存入手法を完全保持,ベガ既存地点,ベガ既存入手法,既存値,トーホク図鑑No.265。内部種族ID・図鑑登録・イベント参照を変更しない。,ドガースをカントーで捕獲して進化,ポケモンやしき,進化／認定章6個以降は中間進化がDexNav希少枠,通常野生は基礎種中心,ベガ初回殿堂入り後。認定章数でエリアと中間進化枠を段階解禁。,通常系統は両地方で基礎種を捕獲可能。トーホクは早期育成、カントーは高レベル・隠れ特性・タマゴ技探索を担当。,V2二地方生態版／541系統配置マスター＋特殊個体イベントマスター
111,サイホーン,rhyhorn,1,じめん／いわ,50,通常生態,no,no,既存（トーホク図鑑071）,既存ベガ個体を保持,ベガ既存進行,ベガ既存地点,ベガ既存入手法,既存値,トーホク図鑑No.071。内部種族ID・図鑑登録・イベント参照を変更しない。,トーホク図鑑にも既存番号で登録,VEGA_NATIVE_071（実ROMから確定）,サイホーン,サイホーン → サイドン → ドサイドン,ベガ既存系統を完全保持,VEGA_NATIVE,ベガ既存地点（出現表・配布・進化を変更しない）,ベガ既存入手法,既存値,既存値,既存イベント・野生表・進化条件を原則維持。現代化で条件が壊れる場合のみ互換処理。,K37,サファリゾーン西,いわくだき／DexNav,Lv.85～94,通常0%／DexNav 2～5%,ベガ初回殿堂入り後。認定章数でエリアと中間進化枠を段階解禁。,トーホクではベガ既存個体を保護。カントーでは高レベル個体・隠れ特性・タマゴ技探索を担当。,既存テーブル無変更,P0,ベガ既存入手法を完全保持,ベガ既存地点,ベガ既存入手法,既存値,トーホク図鑑No.071。内部種族ID・図鑑登録・イベント参照を変更しない。,カントー高レベル野生生態,サファリゾーン西,いわくだき／DexNav,通常0%／DexNav 2～5%,ベガ初回殿堂入り後。認定章数でエリアと中間進化枠を段階解禁。,通常系統は両地方で基礎種を捕獲可能。トーホクは早期育成、カントーは高レベル・隠れ特性・タマゴ技探索を担当。,V2二地方生態版／541系統配置マスター＋特殊個体イベントマスター
112,サイドン,rhydon,1,じめん／いわ,50,通常生態,no,no,既存（トーホク図鑑072）,既存ベガ個体を保持,ベガ既存進行,ベガ既存地点,ベガ既存入手法,既存値,トーホク図鑑No.072。内部種族ID・図鑑登録・イベント参照を変更しない。,トーホク図鑑にも既存番号で登録,VEGA_NATIVE_072（実ROMから確定）,サイホーン,サイホーン → サイドン → ドサイドン,ベガ既存系統を完全保持,VEGA_NATIVE,ベガ既存地点（出現表・配布・進化を変更しない）,ベガ既存入手法,既存値,既存値,既存イベント・野生表・進化条件を原則維持。現代化で条件が壊れる場合のみ互換処理。,K37,サファリゾーン西,いわくだき／DexNav,Lv.85～94,通常0%／DexNav 2～5%,ベガ初回殿堂入り後。認定章数でエリアと中間進化枠を段階解禁。,トーホクではベガ既存個体を保護。カントーでは高レベル個体・隠れ特性・タマゴ技探索を担当。,既存テーブル無変更,P0,ベガ既存入手法を完全保持,ベガ既存地点,ベガ既存入手法,既存値,トーホク図鑑No.072。内部種族ID・図鑑登録・イベント参照を変更しない。,サイホーンをカントーで捕獲して進化,サファリゾーン西,進化／認定章6個以降は中間進化がDexNav希少枠,通常野生は基礎種中心,ベガ初回殿堂入り後。認定章数でエリアと中間進化枠を段階解禁。,通常系統は両地方で基礎種を捕獲可能。トーホクは早期育成、カントーは高レベル・隠れ特性・タマゴ技探索を担当。,V2二地方生態版／541系統配置マスター＋特殊個体イベントマスター
113,ラッキー,chansey,1,ノーマル,51,ベビィ含有,no,no,既存（トーホク図鑑288）,既存ベガ個体を保持,ベガ既存進行,ベガ既存地点,ベガ既存入手法,既存値,トーホク図鑑No.288。内部種族ID・図鑑登録・イベント参照を変更しない。,トーホク図鑑にも既存番号で登録,VEGA_NATIVE_288（実ROMから確定）,ピンプク,ピンプク → ラッキー → ハピナス,ベガ既存系統を完全保持,VEGA_NATIVE,ベガ既存地点（出現表・配布・進化を変更しない）,ベガ既存入手法,既存値,既存値,既存イベント・野生表・進化条件を原則維持。現代化で条件が壊れる場合のみ互換処理。,K37,サファリゾーン西,DexNav隠し枠／低確率タマゴ,Lv.85～94,通常0%／DexNav 2～5%,ベガ初回殿堂入り後。認定章数でエリアと中間進化枠を段階解禁。,トーホクではベガ既存個体を保護。カントーでは高レベル個体・隠れ特性・タマゴ技探索を担当。,既存テーブル無変更,P0,ベガ既存入手法を完全保持,ベガ既存地点,ベガ既存入手法,既存値,トーホク図鑑No.288。内部種族ID・図鑑登録・イベント参照を変更しない。,ピンプクをカントーで捕獲して進化,サファリゾーン西,進化／認定章6個以降は中間進化がDexNav希少枠,通常野生は基礎種中心,ベガ初回殿堂入り後。認定章数でエリアと中間進化枠を段階解禁。,通常系統は両地方で基礎種を捕獲可能。トーホクは早期育成、カントーは高レベル・隠れ特性・タマゴ技探索を担当。,V2二地方生態版／541系統配置マスター＋特殊個体イベントマスター
114,モンジャラ,tangela,1,くさ,52,通常生態,no,no,未収録・追加対象,新IDへ追加,殿堂入り後,ハクジのもり,図鑑ナビ隠し枠,通常表0%／ナビ検索時1～5%,主に基礎形のみ出現。中間・最終進化は原則として育成で入手。時間帯・天候は生態チケットで任意固定可能。,全国研究図鑑へ登録（トーホク386完成条件には含めない）,NATIONAL_EXT_0114（新規16bit ID）,モンジャラ,モンジャラ → モジャンボ,外来生態レイヤーへ追加,T502,502ばんどうろ／すいどう,ずつき／朝昼オーバーレイ,Lv.3～6,追加抽選3～6%,本編必須フラグを変更せず、外来生態フラグ・時間帯・DexNav・大量発生で制御,K21,21ばんどうろ,草むらオーバーレイ,Lv.89～94,通常表8～15%,ベガ初回殿堂入り後。認定章数でエリアと中間進化枠を段階解禁。,トーホクは本編で使える低～中レベル基礎種、カントーは高レベル個体・中間進化・隠れ特性探索を担当。,ベガ既存11枠を上書きせず、CFRU側の条件付きオーバーレイ／DexNav／大量発生へ登録,P2,トーホク野生生態,502ばんどうろ／すいどう,ずつき／朝昼オーバーレイ,追加抽選3～6%,本編必須フラグを変更せず、外来生態フラグ・時間帯・DexNav・大量発生で制御,カントー高レベル野生生態,21ばんどうろ,草むらオーバーレイ,通常表8～15%,ベガ初回殿堂入り後。認定章数でエリアと中間進化枠を段階解禁。,通常系統は両地方で基礎種を捕獲可能。トーホクは早期育成、カントーは高レベル・隠れ特性・タマゴ技探索を担当。,V2二地方生態版／541系統配置マスター＋特殊個体イベントマスター
115,ガルーラ,kangaskhan,1,ノーマル,53,通常生態,no,no,既存（トーホク図鑑118）,既存ベガ個体を保持,ベガ既存進行,ベガ既存地点,ベガ既存入手法,既存値,トーホク図鑑No.118。内部種族ID・図鑑登録・イベント参照を変更しない。,トーホク図鑑にも既存番号で登録,VEGA_NATIVE_118（実ROMから確定）,ガルーラ,ガルーラ,ベガ既存系統を完全保持,VEGA_NATIVE,ベガ既存地点（出現表・配布・進化を変更しない）,ベガ既存入手法,既存値,既存値,既存イベント・野生表・進化条件を原則維持。現代化で条件が壊れる場合のみ互換処理。,K37,サファリゾーン西,大量発生,Lv.85～94,通常0%／発生中20～35%,ベガ初回殿堂入り後。認定章数でエリアと中間進化枠を段階解禁。,トーホクではベガ既存個体を保護。カントーでは高レベル個体・隠れ特性・タマゴ技探索を担当。,既存テーブル無変更,P0,ベガ既存入手法を完全保持,ベガ既存地点,ベガ既存入手法,既存値,トーホク図鑑No.118。内部種族ID・図鑑登録・イベント参照を変更しない。,カントー高レベル野生生態,サファリゾーン西,大量発生,通常0%／発生中20～35%,ベガ初回殿堂入り後。認定章数でエリアと中間進化枠を段階解禁。,通常系統は両地方で基礎種を捕獲可能。トーホクは早期育成、カントーは高レベル・隠れ特性・タマゴ技探索を担当。,V2二地方生態版／541系統配置マスター＋特殊個体イベントマスター
116,タッツー,horsea,1,みず,54,通常生態,no,no,未収録・追加対象,新IDへ追加,殿堂入り後,シオウ近海,図鑑ナビ隠し枠,通常表0%／ナビ検索時1～5%,主に基礎形のみ出現。中間・最終進化は原則として育成で入手。時間帯・天候は生態チケットで任意固定可能。,全国研究図鑑へ登録（トーホク386完成条件には含めない）,NATIONAL_EXT_0116（新規16bit ID）,タッツー,タッツー → シードラ → キングドラ,外来生態レイヤーへ追加,T512,512ばんどうろ／すいどう,水上オーバーレイ,Lv.27～33,追加抽選4～8%,本編必須フラグを変更せず、外来生態フラグ・時間帯・DexNav・大量発生で制御,K19,19ばんどうろ,水上オーバーレイ,Lv.87～92,通常表10～20%,ベガ初回殿堂入り後。認定章数でエリアと中間進化枠を段階解禁。,トーホクは本編で使える低～中レベル基礎種、カントーは高レベル個体・中間進化・隠れ特性探索を担当。,ベガ既存11枠を上書きせず、CFRU側の条件付きオーバーレイ／DexNav／大量発生へ登録,P2,トーホク野生生態,512ばんどうろ／すいどう,水上オーバーレイ,追加抽選4～8%,本編必須フラグを変更せず、外来生態フラグ・時間帯・DexNav・大量発生で制御,カントー高レベル野生生態,19ばんどうろ,水上オーバーレイ,通常表10～20%,ベガ初回殿堂入り後。認定章数でエリアと中間進化枠を段階解禁。,通常系統は両地方で基礎種を捕獲可能。トーホクは早期育成、カントーは高レベル・隠れ特性・タマゴ技探索を担当。,V2二地方生態版／541系統配置マスター＋特殊個体イベントマスター
117,シードラ,seadra,1,みず,54,通常生態,no,no,未収録・追加対象,新IDへ追加（進化入手）,殿堂入り後,シオウ近海,進化,―,レベルアップ＋Lv.32以上（CFRU/DPEの対応トリガーを使用。通信・RTC必須にはしない）,全国研究図鑑へ登録（トーホク386完成条件には含めない）,NATIONAL_EXT_0117（新規16bit ID）,タッツー,タッツー → シードラ → キングドラ,外来生態レイヤーへ追加,T512,512ばんどうろ／すいどう,水上オーバーレイ,Lv.27～33,追加抽選4～8%,本編必須フラグを変更せず、外来生態フラグ・時間帯・DexNav・大量発生で制御,K19,19ばんどうろ,水上オーバーレイ,Lv.87～92,通常表10～20%,ベガ初回殿堂入り後。認定章数でエリアと中間進化枠を段階解禁。,トーホクは本編で使える低～中レベル基礎種、カントーは高レベル個体・中間進化・隠れ特性探索を担当。,ベガ既存11枠を上書きせず、CFRU側の条件付きオーバーレイ／DexNav／大量発生へ登録,P2,タッツーをトーホクで捕獲して進化,512ばんどうろ／すいどう,進化／殿堂入り後DexNavで中間進化が稀に出現,通常野生は基礎種のみ,本編必須フラグを変更せず、外来生態フラグ・時間帯・DexNav・大量発生で制御,タッツーをカントーで捕獲して進化,19ばんどうろ,進化／認定章6個以降は中間進化がDexNav希少枠,通常野生は基礎種中心,ベガ初回殿堂入り後。認定章数でエリアと中間進化枠を段階解禁。,通常系統は両地方で基礎種を捕獲可能。トーホクは早期育成、カントーは高レベル・隠れ特性・タマゴ技探索を担当。,V2二地方生態版／541系統配置マスター＋特殊個体イベントマスター
118,トサキント,goldeen,1,みず,55,通常生態,no,no,未収録・追加対象,新IDへ追加,殿堂入り後,シオウ近海,図鑑ナビ隠し枠,通常表0%／ナビ検索時1～5%,主に基礎形のみ出現。中間・最終進化は原則として育成で入手。時間帯・天候は生態チケットで任意固定可能。,全国研究図鑑へ登録（トーホク386完成条件には含めない）,NATIONAL_EXT_0118（新規16bit ID）,トサキント,トサキント → アズマオウ,外来生態レイヤーへ追加,T508,508ばんどうろ／すいどう,水上オーバーレイ,Lv.19～25,追加抽選4～8%,本編必須フラグを変更せず、外来生態フラグ・時間帯・DexNav・大量発生で制御,K12,12ばんどうろ,水上オーバーレイ,Lv.82～87,通常表10～20%,ベガ初回殿堂入り後。認定章数でエリアと中間進化枠を段階解禁。,トーホクは本編で使える低～中レベル基礎種、カントーは高レベル個体・中間進化・隠れ特性探索を担当。,ベガ既存11枠を上書きせず、CFRU側の条件付きオーバーレイ／DexNav／大量発生へ登録,P2,トーホク野生生態,508ばんどうろ／すいどう,水上オーバーレイ,追加抽選4～8%,本編必須フラグを変更せず、外来生態フラグ・時間帯・DexNav・大量発生で制御,カントー高レベル野生生態,12ばんどうろ,水上オーバーレイ,通常表10～20%,ベガ初回殿堂入り後。認定章数でエリアと中間進化枠を段階解禁。,通常系統は両地方で基礎種を捕獲可能。トーホクは早期育成、カントーは高レベル・隠れ特性・タマゴ技探索を担当。,V2二地方生態版／541系統配置マスター＋特殊個体イベントマスター
119,アズマオウ,seaking,1,みず,55,通常生態,no,no,未収録・追加対象,新IDへ追加（進化入手）,殿堂入り後,シオウ近海,進化,―,レベルアップ＋Lv.33以上（CFRU/DPEの対応トリガーを使用。通信・RTC必須にはしない）,全国研究図鑑へ登録（トーホク386完成条件には含めない）,NATIONAL_EXT_0119（新規16bit ID）,トサキント,トサキント → アズマオウ,外来生態レイヤーへ追加,T508,508ばんどうろ／すいどう,水上オーバーレイ,Lv.19～25,追加抽選4～8%,本編必須フラグを変更せず、外来生態フラグ・時間帯・DexNav・大量発生で制御,K12,12ばんどうろ,水上オーバーレイ,Lv.82～87,通常表10～20%,ベガ初回殿堂入り後。認定章数でエリアと中間進化枠を段階解禁。,トーホクは本編で使える低～中レベル基礎種、カントーは高レベル個体・中間進化・隠れ特性探索を担当。,ベガ既存11枠を上書きせず、CFRU側の条件付きオーバーレイ／DexNav／大量発生へ登録,P2,トサキントをトーホクで捕獲して進化,508ばんどうろ／すいどう,進化／殿堂入り後DexNavで中間進化が稀に出現,通常野生は基礎種のみ,本編必須フラグを変更せず、外来生態フラグ・時間帯・DexNav・大量発生で制御,トサキントをカントーで捕獲して進化,12ばんどうろ,進化／認定章6個以降は中間進化がDexNav希少枠,通常野生は基礎種中心,ベガ初回殿堂入り後。認定章数でエリアと中間進化枠を段階解禁。,通常系統は両地方で基礎種を捕獲可能。トーホクは早期育成、カントーは高レベル・隠れ特性・タマゴ技探索を担当。,V2二地方生態版／541系統配置マスター＋特殊個体イベントマスター
120,ヒトデマン,staryu,1,みず,56,人工・無機物,no,no,既存（トーホク図鑑061）,既存ベガ個体を保持,ベガ既存進行,ベガ既存地点,ベガ既存入手法,既存値,トーホク図鑑No.061。内部種族ID・図鑑登録・イベント参照を変更しない。,トーホク図鑑にも既存番号で登録,VEGA_NATIVE_061（実ROMから確定）,ヒトデマン,ヒトデマン → スターミー,ベガ既存系統を完全保持,VEGA_NATIVE,ベガ既存地点（出現表・配布・進化を変更しない）,ベガ既存入手法,既存値,既存値,既存イベント・野生表・進化条件を原則維持。現代化で条件が壊れる場合のみ互換処理。,K20,20ばんどうろ,釣りオーバーレイ,Lv.88～93,通常表10～20%,ベガ初回殿堂入り後。認定章数でエリアと中間進化枠を段階解禁。,トーホクではベガ既存個体を保護。カントーでは高レベル個体・隠れ特性・タマゴ技探索を担当。,既存テーブル無変更,P0,ベガ既存入手法を完全保持,ベガ既存地点,ベガ既存入手法,既存値,トーホク図鑑No.061。内部種族ID・図鑑登録・イベント参照を変更しない。,カントー高レベル野生生態,20ばんどうろ,釣りオーバーレイ,通常表10～20%,ベガ初回殿堂入り後。認定章数でエリアと中間進化枠を段階解禁。,通常系統は両地方で基礎種を捕獲可能。トーホクは早期育成、カントーは高レベル・隠れ特性・タマゴ技探索を担当。,V2二地方生態版／541系統配置マスター＋特殊個体イベントマスター
121,スターミー,starmie,1,みず／エスパー,56,人工・無機物,no,no,既存（トーホク図鑑062）,既存ベガ個体を保持,ベガ既存進行,ベガ既存地点,ベガ既存入手法,既存値,トーホク図鑑No.062。内部種族ID・図鑑登録・イベント参照を変更しない。,トーホク図鑑にも既存番号で登録,VEGA_NATIVE_062（実ROMから確定）,ヒトデマン,ヒトデマン → スターミー,ベガ既存系統を完全保持,VEGA_NATIVE,ベガ既存地点（出現表・配布・進化を変更しない）,ベガ既存入手法,既存値,既存値,既存イベント・野生表・進化条件を原則維持。現代化で条件が壊れる場合のみ互換処理。,K20,20ばんどうろ,釣りオーバーレイ,Lv.88～93,通常表10～20%,ベガ初回殿堂入り後。認定章数でエリアと中間進化枠を段階解禁。,トーホクではベガ既存個体を保護。カントーでは高レベル個体・隠れ特性・タマゴ技探索を担当。,既存テーブル無変更,P0,ベガ既存入手法を完全保持,ベガ既存地点,ベガ既存入手法,既存値,トーホク図鑑No.062。内部種族ID・図鑑登録・イベント参照を変更しない。,ヒトデマンをカントーで捕獲して進化,20ばんどうろ,進化／認定章6個以降は中間進化がDexNav希少枠,通常野生は基礎種中心,ベガ初回殿堂入り後。認定章数でエリアと中間進化枠を段階解禁。,通常系統は両地方で基礎種を捕獲可能。トーホクは早期育成、カントーは高レベル・隠れ特性・タマゴ技探索を担当。,V2二地方生態版／541系統配置マスター＋特殊個体イベントマスター
122,バリヤード,mr-mime,1,エスパー／フェアリー,57,ベビィ含有,no,no,未収録・追加対象,新IDへ追加（進化入手）,殿堂入り後,ユキユキやま,進化,―,レベルアップ＋ものまねを覚えている（CFRU/DPEの対応トリガーを使用。通信・RTC必須にはしない）,全国研究図鑑へ登録（トーホク386完成条件には含めない）,NATIONAL_EXT_0122（新規16bit ID）,マネネ,マネネ → バリヤード → バリコオル,外来生態レイヤーへ追加,T513,513ばんどうろ／すいどう,DexNav隠し枠／低確率タマゴ,Lv.28～35,通常0%／DexNav 2～5%,本編必須フラグを変更せず、外来生態フラグ・時間帯・DexNav・大量発生で制御,K41,シルフカンパニー,DexNav隠し枠／低確率タマゴ,Lv.90～97（異常遭遇）,通常0%／DexNav 2～5%,ベガ初回殿堂入り後。認定章数でエリアと中間進化枠を段階解禁。,トーホクは本編で使える低～中レベル基礎種、カントーは高レベル個体・中間進化・隠れ特性探索を担当。,ベガ既存11枠を上書きせず、CFRU側の条件付きオーバーレイ／DexNav／大量発生へ登録,P2,マネネをトーホクで捕獲して進化,513ばんどうろ／すいどう,進化／殿堂入り後DexNavで中間進化が稀に出現,通常野生は基礎種のみ,本編必須フラグを変更せず、外来生態フラグ・時間帯・DexNav・大量発生で制御,マネネをカントーで捕獲して進化,シルフカンパニー,進化／認定章6個以降は中間進化がDexNav希少枠,通常野生は基礎種中心,ベガ初回殿堂入り後。認定章数でエリアと中間進化枠を段階解禁。,通常系統は両地方で基礎種を捕獲可能。トーホクは早期育成、カントーは高レベル・隠れ特性・タマゴ技探索を担当。,V2二地方生態版／541系統配置マスター＋特殊個体イベントマスター
123,ストライク,scyther,1,むし／ひこう,58,通常生態,no,no,既存（トーホク図鑑257）,既存ベガ個体を保持,ベガ既存進行,ベガ既存地点,ベガ既存入手法,既存値,トーホク図鑑No.257。内部種族ID・図鑑登録・イベント参照を変更しない。,トーホク図鑑にも既存番号で登録,VEGA_NATIVE_257（実ROMから確定）,ストライク,ストライク → ハッサム → バサギリ,既存系統の拡張,T037,サファリゾーン西,既存個体から追加進化＋いわくだき／DexNav,Lv.38～48／殿堂入り後Lv.55～70,基礎種は既存／進化道具・技条件,ベガ内の既存種を入口にし、未収録の前進化・分岐・追加進化だけを追加。重複する野生個体は作らない。,K35,サファリゾーン東,ずつき／朝昼オーバーレイ＋追加進化道具,Lv.85～94,通常表8～15%,ベガ初回殿堂入り後。認定章数でエリアと中間進化枠を段階解禁。,トーホクの既存個体を無駄にせず追加進化可能。カントーは進化道具と高レベル素材の供給地。,既存種族IDを固定し、進化先だけ新IDへ接続,P1,ベガ既存入手法を完全保持,ベガ既存地点,ベガ既存入手法,既存値,トーホク図鑑No.257。内部種族ID・図鑑登録・イベント参照を変更しない。,カントー高レベル野生生態,サファリゾーン東,ずつき／朝昼オーバーレイ＋追加進化道具,通常表8～15%,ベガ初回殿堂入り後。認定章数でエリアと中間進化枠を段階解禁。,通常系統は両地方で基礎種を捕獲可能。トーホクは早期育成、カントーは高レベル・隠れ特性・タマゴ技探索を担当。,V2二地方生態版／541系統配置マスター＋特殊個体イベントマスター
124,ルージュラ,jynx,1,こおり／エスパー,59,ベビィ含有,no,no,既存（トーホク図鑑185）,既存ベガ個体を保持,ベガ既存進行,ベガ既存地点,ベガ既存入手法,既存値,トーホク図鑑No.185。内部種族ID・図鑑登録・イベント参照を変更しない。,トーホク図鑑にも既存番号で登録,VEGA_NATIVE_185（実ROMから確定）,ムチュール,ムチュール → ルージュラ,ベガ既存系統を完全保持,VEGA_NATIVE,ベガ既存地点（出現表・配布・進化を変更しない）,ベガ既存入手法,既存値,既存値,既存イベント・野生表・進化条件を原則維持。現代化で条件が壊れる場合のみ互換処理。,K38,ふたごじま,DexNav隠し枠／低確率タマゴ,Lv.88～96,通常0%／DexNav 2～5%,ベガ初回殿堂入り後。認定章数でエリアと中間進化枠を段階解禁。,トーホクではベガ既存個体を保護。カントーでは高レベル個体・隠れ特性・タマゴ技探索を担当。,既存テーブル無変更,P0,ベガ既存入手法を完全保持,ベガ既存地点,ベガ既存入手法,既存値,トーホク図鑑No.185。内部種族ID・図鑑登録・イベント参照を変更しない。,ムチュールをカントーで捕獲して進化,ふたごじま,進化／認定章6個以降は中間進化がDexNav希少枠,通常野生は基礎種中心,ベガ初回殿堂入り後。認定章数でエリアと中間進化枠を段階解禁。,通常系統は両地方で基礎種を捕獲可能。トーホクは早期育成、カントーは高レベル・隠れ特性・タマゴ技探索を担当。,V2二地方生態版／541系統配置マスター＋特殊個体イベントマスター
125,エレブー,electabuzz,1,でんき,60,ベビィ含有,no,no,既存（トーホク図鑑113）,既存ベガ個体を保持,ベガ既存進行,ベガ既存地点,ベガ既存入手法,既存値,トーホク図鑑No.113。内部種族ID・図鑑登録・イベント参照を変更しない。,トーホク図鑑にも既存番号で登録,VEGA_NATIVE_113（実ROMから確定）,エレキッド,エレキッド → エレブー → エレキブル,ベガ既存系統を完全保持,VEGA_NATIVE,ベガ既存地点（出現表・配布・進化を変更しない）,ベガ既存入手法,既存値,既存値,既存イベント・野生表・進化条件を原則維持。現代化で条件が壊れる場合のみ互換処理。,K40,むじんはつでんしょ,DexNav隠し枠／低確率タマゴ,Lv.82～94,通常0%／DexNav 2～5%,ベガ初回殿堂入り後。認定章数でエリアと中間進化枠を段階解禁。,トーホクではベガ既存個体を保護。カントーでは高レベル個体・隠れ特性・タマゴ技探索を担当。,既存テーブル無変更,P0,ベガ既存入手法を完全保持,ベガ既存地点,ベガ既存入手法,既存値,トーホク図鑑No.113。内部種族ID・図鑑登録・イベント参照を変更しない。,エレキッドをカントーで捕獲して進化,むじんはつでんしょ,進化／認定章6個以降は中間進化がDexNav希少枠,通常野生は基礎種中心,ベガ初回殿堂入り後。認定章数でエリアと中間進化枠を段階解禁。,通常系統は両地方で基礎種を捕獲可能。トーホクは早期育成、カントーは高レベル・隠れ特性・タマゴ技探索を担当。,V2二地方生態版／541系統配置マスター＋特殊個体イベントマスター
126,ブーバー,magmar,1,ほのお,61,ベビィ含有,no,no,既存（トーホク図鑑116）,既存ベガ個体を保持,ベガ既存進行,ベガ既存地点,ベガ既存入手法,既存値,トーホク図鑑No.116。内部種族ID・図鑑登録・イベント参照を変更しない。,トーホク図鑑にも既存番号で登録,VEGA_NATIVE_116（実ROMから確定）,ブビィ,ブビィ → ブーバー → ブーバーン,ベガ既存系統を完全保持,VEGA_NATIVE,ベガ既存地点（出現表・配布・進化を変更しない）,ベガ既存入手法,既存値,既存値,既存イベント・野生表・進化条件を原則維持。現代化で条件が壊れる場合のみ互換処理。,K39,ポケモンやしき,DexNav隠し枠／低確率タマゴ,Lv.91～98,通常0%／DexNav 2～5%,ベガ初回殿堂入り後。認定章数でエリアと中間進化枠を段階解禁。,トーホクではベガ既存個体を保護。カントーでは高レベル個体・隠れ特性・タマゴ技探索を担当。,既存テーブル無変更,P0,ベガ既存入手法を完全保持,ベガ既存地点,ベガ既存入手法,既存値,トーホク図鑑No.116。内部種族ID・図鑑登録・イベント参照を変更しない。,ブビィをカントーで捕獲して進化,ポケモンやしき,進化／認定章6個以降は中間進化がDexNav希少枠,通常野生は基礎種中心,ベガ初回殿堂入り後。認定章数でエリアと中間進化枠を段階解禁。,通常系統は両地方で基礎種を捕獲可能。トーホクは早期育成、カントーは高レベル・隠れ特性・タマゴ技探索を担当。,V2二地方生態版／541系統配置マスター＋特殊個体イベントマスター
127,カイロス,pinsir,1,むし,62,通常生態,no,no,既存（トーホク図鑑259）,既存ベガ個体を保持,ベガ既存進行,ベガ既存地点,ベガ既存入手法,既存値,トーホク図鑑No.259。内部種族ID・図鑑登録・イベント参照を変更しない。,トーホク図鑑にも既存番号で登録,VEGA_NATIVE_259（実ROMから確定）,カイロス,カイロス,ベガ既存系統を完全保持,VEGA_NATIVE,ベガ既存地点（出現表・配布・進化を変更しない）,ベガ既存入手法,既存値,既存値,既存イベント・野生表・進化条件を原則維持。現代化で条件が壊れる場合のみ互換処理。,K35,サファリゾーン東,ずつき／朝昼オーバーレイ,Lv.85～94,通常表8～15%,ベガ初回殿堂入り後。認定章数でエリアと中間進化枠を段階解禁。,トーホクではベガ既存個体を保護。カントーでは高レベル個体・隠れ特性・タマゴ技探索を担当。,既存テーブル無変更,P0,ベガ既存入手法を完全保持,ベガ既存地点,ベガ既存入手法,既存値,トーホク図鑑No.259。内部種族ID・図鑑登録・イベント参照を変更しない。,カントー高レベル野生生態,サファリゾーン東,ずつき／朝昼オーバーレイ,通常表8～15%,ベガ初回殿堂入り後。認定章数でエリアと中間進化枠を段階解禁。,通常系統は両地方で基礎種を捕獲可能。トーホクは早期育成、カントーは高レベル・隠れ特性・タマゴ技探索を担当。,V2二地方生態版／541系統配置マスター＋特殊個体イベントマスター
128,ケンタロス,tauros,1,ノーマル,63,通常生態,no,no,既存（トーホク図鑑203）,既存ベガ個体を保持,ベガ既存進行,ベガ既存地点,ベガ既存入手法,既存値,トーホク図鑑No.203。内部種族ID・図鑑登録・イベント参照を変更しない。,トーホク図鑑にも既存番号で登録,VEGA_NATIVE_203（実ROMから確定）,ケンタロス,ケンタロス,ベガ既存系統を完全保持,VEGA_NATIVE,ベガ既存地点（出現表・配布・進化を変更しない）,ベガ既存入手法,既存値,既存値,既存イベント・野生表・進化条件を原則維持。現代化で条件が壊れる場合のみ互換処理。,K37,サファリゾーン西,草むらオーバーレイ,Lv.85～94,通常表8～15%,ベガ初回殿堂入り後。認定章数でエリアと中間進化枠を段階解禁。,トーホクではベガ既存個体を保護。カントーでは高レベル個体・隠れ特性・タマゴ技探索を担当。,既存テーブル無変更,P0,ベガ既存入手法を完全保持,ベガ既存地点,ベガ既存入手法,既存値,トーホク図鑑No.203。内部種族ID・図鑑登録・イベント参照を変更しない。,カントー高レベル野生生態,サファリゾーン西,草むらオーバーレイ,通常表8～15%,ベガ初回殿堂入り後。認定章数でエリアと中間進化枠を段階解禁。,通常系統は両地方で基礎種を捕獲可能。トーホクは早期育成、カントーは高レベル・隠れ特性・タマゴ技探索を担当。,V2二地方生態版／541系統配置マスター＋特殊個体イベントマスター
129,コイキング,magikarp,1,みず,64,通常生態,no,no,未収録・追加対象,新IDへ追加,殿堂入り後,507～509ばんどうろ・水道,図鑑ナビ隠し枠,通常表0%／ナビ検索時1～5%,主に基礎形のみ出現。中間・最終進化は原則として育成で入手。時間帯・天候は生態チケットで任意固定可能。,全国研究図鑑へ登録（トーホク386完成条件には含めない）,NATIONAL_EXT_0129（新規16bit ID）,コイキング,コイキング → ギャラドス,外来生態レイヤーへ追加,T508,508ばんどうろ／すいどう,水上オーバーレイ,Lv.19～25,追加抽選4～8%,本編必須フラグを変更せず、外来生態フラグ・時間帯・DexNav・大量発生で制御,K19,19ばんどうろ,水上オーバーレイ,Lv.87～92,通常表10～20%,ベガ初回殿堂入り後。認定章数でエリアと中間進化枠を段階解禁。,トーホクは本編で使える低～中レベル基礎種、カントーは高レベル個体・中間進化・隠れ特性探索を担当。,ベガ既存11枠を上書きせず、CFRU側の条件付きオーバーレイ／DexNav／大量発生へ登録,P2,トーホク野生生態,508ばんどうろ／すいどう,水上オーバーレイ,追加抽選4～8%,本編必須フラグを変更せず、外来生態フラグ・時間帯・DexNav・大量発生で制御,カントー高レベル野生生態,19ばんどうろ,水上オーバーレイ,通常表10～20%,ベガ初回殿堂入り後。認定章数でエリアと中間進化枠を段階解禁。,通常系統は両地方で基礎種を捕獲可能。トーホクは早期育成、カントーは高レベル・隠れ特性・タマゴ技探索を担当。,V2二地方生態版／541系統配置マスター＋特殊個体イベントマスター
130,ギャラドス,gyarados,1,みず／ひこう,64,通常生態,no,no,未収録・追加対象,新IDへ追加（進化入手）,殿堂入り後,507～509ばんどうろ・水道,進化,―,レベルアップ＋Lv.20以上（CFRU/DPEの対応トリガーを使用。通信・RTC必須にはしない）,全国研究図鑑へ登録（トーホク386完成条件には含めない）,NATIONAL_EXT_0130（新規16bit ID）,コイキング,コイキング → ギャラドス,外来生態レイヤーへ追加,T508,508ばんどうろ／すいどう,水上オーバーレイ,Lv.19～25,追加抽選4～8%,本編必須フラグを変更せず、外来生態フラグ・時間帯・DexNav・大量発生で制御,K19,19ばんどうろ,水上オーバーレイ,Lv.87～92,通常表10～20%,ベガ初回殿堂入り後。認定章数でエリアと中間進化枠を段階解禁。,トーホクは本編で使える低～中レベル基礎種、カントーは高レベル個体・中間進化・隠れ特性探索を担当。,ベガ既存11枠を上書きせず、CFRU側の条件付きオーバーレイ／DexNav／大量発生へ登録,P2,コイキングをトーホクで捕獲して進化,508ばんどうろ／すいどう,進化／殿堂入り後DexNavで中間進化が稀に出現,通常野生は基礎種のみ,本編必須フラグを変更せず、外来生態フラグ・時間帯・DexNav・大量発生で制御,コイキングをカントーで捕獲して進化,19ばんどうろ,進化／認定章6個以降は中間進化がDexNav希少枠,通常野生は基礎種中心,ベガ初回殿堂入り後。認定章数でエリアと中間進化枠を段階解禁。,通常系統は両地方で基礎種を捕獲可能。トーホクは早期育成、カントーは高レベル・隠れ特性・タマゴ技探索を担当。,V2二地方生態版／541系統配置マスター＋特殊個体イベントマスター
131,ラプラス,lapras,1,みず／こおり,65,通常生態,no,no,既存（トーホク図鑑340）,既存ベガ個体を保持,ベガ既存進行,ベガ既存地点,ベガ既存入手法,既存値,トーホク図鑑No.340。内部種族ID・図鑑登録・イベント参照を変更しない。,トーホク図鑑にも既存番号で登録,VEGA_NATIVE_340（実ROMから確定）,ラプラス,ラプラス,ベガ既存系統を完全保持,VEGA_NATIVE,ベガ既存地点（出現表・配布・進化を変更しない）,ベガ既存入手法,既存値,既存値,既存イベント・野生表・進化条件を原則維持。現代化で条件が壊れる場合のみ互換処理。,K29,サント・アンヌ号,釣りオーバーレイ,Lv.78～84（固定戦）,通常表10～20%,ベガ初回殿堂入り後。認定章数でエリアと中間進化枠を段階解禁。,トーホクではベガ既存個体を保護。カントーでは高レベル個体・隠れ特性・タマゴ技探索を担当。,既存テーブル無変更,P0,ベガ既存入手法を完全保持,ベガ既存地点,ベガ既存入手法,既存値,トーホク図鑑No.340。内部種族ID・図鑑登録・イベント参照を変更しない。,カントー高レベル野生生態,サント・アンヌ号,釣りオーバーレイ,通常表10～20%,ベガ初回殿堂入り後。認定章数でエリアと中間進化枠を段階解禁。,通常系統は両地方で基礎種を捕獲可能。トーホクは早期育成、カントーは高レベル・隠れ特性・タマゴ技探索を担当。,V2二地方生態版／541系統配置マスター＋特殊個体イベントマスター
132,メタモン,ditto,1,ノーマル,66,人工・無機物,no,no,既存（トーホク図鑑183）,既存ベガ個体を保持,ベガ既存進行,ベガ既存地点,ベガ既存入手法,既存値,トーホク図鑑No.183。内部種族ID・図鑑登録・イベント参照を変更しない。,トーホク図鑑にも既存番号で登録,VEGA_NATIVE_183（実ROMから確定）,メタモン,メタモン,ベガ既存系統を完全保持,VEGA_NATIVE,ベガ既存地点（出現表・配布・進化を変更しない）,ベガ既存入手法,既存値,既存値,既存イベント・野生表・進化条件を原則維持。現代化で条件が壊れる場合のみ互換処理。,K43,ハナダのどうくつ,屋内異常遭遇／DexNav,Lv.95～100,通常0%／DexNav 2～5%,ベガ初回殿堂入り後。認定章数でエリアと中間進化枠を段階解禁。,トーホクではベガ既存個体を保護。カントーでは高レベル個体・隠れ特性・タマゴ技探索を担当。,既存テーブル無変更,P0,ベガ既存入手法を完全保持,ベガ既存地点,ベガ既存入手法,既存値,トーホク図鑑No.183。内部種族ID・図鑑登録・イベント参照を変更しない。,カントー高レベル野生生態,ハナダのどうくつ,屋内異常遭遇／DexNav,通常0%／DexNav 2～5%,ベガ初回殿堂入り後。認定章数でエリアと中間進化枠を段階解禁。,通常系統は両地方で基礎種を捕獲可能。トーホクは早期育成、カントーは高レベル・隠れ特性・タマゴ技探索を担当。,V2二地方生態版／541系統配置マスター＋特殊個体イベントマスター
133,イーブイ,eevee,1,ノーマル,67,通常生態,no,no,未収録・追加対象,新IDへ追加,殿堂入り後,全国生態保護区（サファリ増設区画）,生態保護区ローテーション,対象日10～20%（チケットで固定可）,主に基礎形のみ出現。中間・最終進化は原則として育成で入手。時間帯・天候は生態チケットで任意固定可能。,全国研究図鑑へ登録（トーホク386完成条件には含めない）,NATIONAL_EXT_0133（新規16bit ID）,イーブイ,イーブイ → シャワーズ → サンダース → ブースター → エーフィ → ブラッキー → リーフィア → グレイシア → ニンフィア,外来生態レイヤーへ追加,T029,かみなりのしま,夜間オーバーレイ,Lv.30～40／殿堂入り後Lv.55～70,追加抽選3～6%,本編必須フラグを変更せず、外来生態フラグ・時間帯・DexNav・大量発生で制御,K33,タマムシ温室,ずつき／朝昼オーバーレイ,Lv.82～90,通常表8～15%,ベガ初回殿堂入り後。認定章数でエリアと中間進化枠を段階解禁。,トーホクは本編で使える低～中レベル基礎種、カントーは高レベル個体・中間進化・隠れ特性探索を担当。,ベガ既存11枠を上書きせず、CFRU側の条件付きオーバーレイ／DexNav／大量発生へ登録,P2,トーホク野生生態,かみなりのしま,夜間オーバーレイ,追加抽選3～6%,本編必須フラグを変更せず、外来生態フラグ・時間帯・DexNav・大量発生で制御,カントー高レベル野生生態,タマムシ温室,ずつき／朝昼オーバーレイ,通常表8～15%,ベガ初回殿堂入り後。認定章数でエリアと中間進化枠を段階解禁。,通常系統は両地方で基礎種を捕獲可能。トーホクは早期育成、カントーは高レベル・隠れ特性・タマゴ技探索を担当。,V2二地方生態版／541系統配置マスター＋特殊個体イベントマスター
134,シャワーズ,vaporeon,1,みず,67,通常生態,no,no,未収録・追加対象,新IDへ追加（進化入手）,殿堂入り後,全国生態保護区（サファリ増設区画）,進化,―,道具使用＋みずのいしを使う（CFRU/DPEの対応トリガーを使用。通信・RTC必須にはしない）,全国研究図鑑へ登録（トーホク386完成条件には含めない）,NATIONAL_EXT_0134（新規16bit ID）,イーブイ,イーブイ → シャワーズ → サンダース → ブースター → エーフィ → ブラッキー → リーフィア → グレイシア → ニンフィア,外来生態レイヤーへ追加,T029,かみなりのしま,夜間オーバーレイ,Lv.30～40／殿堂入り後Lv.55～70,追加抽選3～6%,本編必須フラグを変更せず、外来生態フラグ・時間帯・DexNav・大量発生で制御,K33,タマムシ温室,ずつき／朝昼オーバーレイ,Lv.82～90,通常表8～15%,ベガ初回殿堂入り後。認定章数でエリアと中間進化枠を段階解禁。,トーホクは本編で使える低～中レベル基礎種、カントーは高レベル個体・中間進化・隠れ特性探索を担当。,ベガ既存11枠を上書きせず、CFRU側の条件付きオーバーレイ／DexNav／大量発生へ登録,P2,イーブイをトーホクで捕獲して進化,かみなりのしま,進化／殿堂入り後DexNavで中間進化が稀に出現,通常野生は基礎種のみ,本編必須フラグを変更せず、外来生態フラグ・時間帯・DexNav・大量発生で制御,イーブイをカントーで捕獲して進化,タマムシ温室,進化／認定章6個以降は中間進化がDexNav希少枠,通常野生は基礎種中心,ベガ初回殿堂入り後。認定章数でエリアと中間進化枠を段階解禁。,通常系統は両地方で基礎種を捕獲可能。トーホクは早期育成、カントーは高レベル・隠れ特性・タマゴ技探索を担当。,V2二地方生態版／541系統配置マスター＋特殊個体イベントマスター
135,サンダース,jolteon,1,でんき,67,通常生態,no,no,未収録・追加対象,新IDへ追加（進化入手）,殿堂入り後,全国生態保護区（サファリ増設区画）,進化,―,道具使用＋かみなりのいしを使う（CFRU/DPEの対応トリガーを使用。通信・RTC必須にはしない）,全国研究図鑑へ登録（トーホク386完成条件には含めない）,NATIONAL_EXT_0135（新規16bit ID）,イーブイ,イーブイ → シャワーズ → サンダース → ブースター → エーフィ → ブラッキー → リーフィア → グレイシア → ニンフィア,外来生態レイヤーへ追加,T029,かみなりのしま,夜間オーバーレイ,Lv.30～40／殿堂入り後Lv.55～70,追加抽選3～6%,本編必須フラグを変更せず、外来生態フラグ・時間帯・DexNav・大量発生で制御,K33,タマムシ温室,ずつき／朝昼オーバーレイ,Lv.82～90,通常表8～15%,ベガ初回殿堂入り後。認定章数でエリアと中間進化枠を段階解禁。,トーホクは本編で使える低～中レベル基礎種、カントーは高レベル個体・中間進化・隠れ特性探索を担当。,ベガ既存11枠を上書きせず、CFRU側の条件付きオーバーレイ／DexNav／大量発生へ登録,P2,イーブイをトーホクで捕獲して進化,かみなりのしま,進化／殿堂入り後DexNavで中間進化が稀に出現,通常野生は基礎種のみ,本編必須フラグを変更せず、外来生態フラグ・時間帯・DexNav・大量発生で制御,イーブイをカントーで捕獲して進化,タマムシ温室,進化／認定章6個以降は中間進化がDexNav希少枠,通常野生は基礎種中心,ベガ初回殿堂入り後。認定章数でエリアと中間進化枠を段階解禁。,通常系統は両地方で基礎種を捕獲可能。トーホクは早期育成、カントーは高レベル・隠れ特性・タマゴ技探索を担当。,V2二地方生態版／541系統配置マスター＋特殊個体イベントマスター
136,ブースター,flareon,1,ほのお,67,通常生態,no,no,未収録・追加対象,新IDへ追加（進化入手）,殿堂入り後,全国生態保護区（サファリ増設区画）,進化,―,道具使用＋ほのおのいしを使う（CFRU/DPEの対応トリガーを使用。通信・RTC必須にはしない）,全国研究図鑑へ登録（トーホク386完成条件には含めない）,NATIONAL_EXT_0136（新規16bit ID）,イーブイ,イーブイ → シャワーズ → サンダース → ブースター → エーフィ → ブラッキー → リーフィア → グレイシア → ニンフィア,外来生態レイヤーへ追加,T029,かみなりのしま,夜間オーバーレイ,Lv.30～40／殿堂入り後Lv.55～70,追加抽選3～6%,本編必須フラグを変更せず、外来生態フラグ・時間帯・DexNav・大量発生で制御,K33,タマムシ温室,ずつき／朝昼オーバーレイ,Lv.82～90,通常表8～15%,ベガ初回殿堂入り後。認定章数でエリアと中間進化枠を段階解禁。,トーホクは本編で使える低～中レベル基礎種、カントーは高レベル個体・中間進化・隠れ特性探索を担当。,ベガ既存11枠を上書きせず、CFRU側の条件付きオーバーレイ／DexNav／大量発生へ登録,P2,イーブイをトーホクで捕獲して進化,かみなりのしま,進化／殿堂入り後DexNavで中間進化が稀に出現,通常野生は基礎種のみ,本編必須フラグを変更せず、外来生態フラグ・時間帯・DexNav・大量発生で制御,イーブイをカントーで捕獲して進化,タマムシ温室,進化／認定章6個以降は中間進化がDexNav希少枠,通常野生は基礎種中心,ベガ初回殿堂入り後。認定章数でエリアと中間進化枠を段階解禁。,通常系統は両地方で基礎種を捕獲可能。トーホクは早期育成、カントーは高レベル・隠れ特性・タマゴ技探索を担当。,V2二地方生態版／541系統配置マスター＋特殊個体イベントマスター
137,ポリゴン,porygon,1,ノーマル,68,人工・無機物,no,no,既存（トーホク図鑑075）,既存ベガ個体を保持,ベガ既存進行,ベガ既存地点,ベガ既存入手法,既存値,トーホク図鑑No.075。内部種族ID・図鑑登録・イベント参照を変更しない。,トーホク図鑑にも既存番号で登録,VEGA_NATIVE_075（実ROMから確定）,ポリゴン,ポリゴン → ポリゴン２ → ポリゴンＺ,ベガ既存系統を完全保持,VEGA_NATIVE,ベガ既存地点（出現表・配布・進化を変更しない）,ベガ既存入手法,既存値,既存値,既存イベント・野生表・進化条件を原則維持。現代化で条件が壊れる場合のみ互換処理。,K41,シルフカンパニー,屋内異常遭遇／DexNav,Lv.90～97（異常遭遇）,通常0%／DexNav 2～5%,ベガ初回殿堂入り後。認定章数でエリアと中間進化枠を段階解禁。,トーホクではベガ既存個体を保護。カントーでは高レベル個体・隠れ特性・タマゴ技探索を担当。,既存テーブル無変更,P0,ベガ既存入手法を完全保持,ベガ既存地点,ベガ既存入手法,既存値,トーホク図鑑No.075。内部種族ID・図鑑登録・イベント参照を変更しない。,カントー高レベル野生生態,シルフカンパニー,屋内異常遭遇／DexNav,通常0%／DexNav 2～5%,ベガ初回殿堂入り後。認定章数でエリアと中間進化枠を段階解禁。,通常系統は両地方で基礎種を捕獲可能。トーホクは早期育成、カントーは高レベル・隠れ特性・タマゴ技探索を担当。,V2二地方生態版／541系統配置マスター＋特殊個体イベントマスター
138,オムナイト,omanyte,1,いわ／みず,69,化石,no,no,未収録・追加対象,新IDへ追加,殿堂入り（一部化石はバッジ5個）,ヒスイシティ考古学室（NPC追加）,化石・復元部品を納品,―,化石はちえのどうくつ／いわくだき／採掘依頼で反復入手。ガラル化石は2部品合成。,全国研究図鑑へ登録（トーホク386完成条件には含めない）,NATIONAL_EXT_0138（新規16bit ID）,オムナイト,オムナイト → オムスター,化石復元追加,T_FOSSIL,ヒスイシティ考古学室,発掘片2個を納品して復元,Lv.20,反復採掘可,化石はちえのどうくつ／いわくだき／採掘依頼で反復入手。ガラル化石は2部品合成。,K45,グレン研究所,博物館鑑定後に復元,Lv.30,月石片／火山灰を消費して反復可,ベガ初回殿堂入り後。認定章数でエリアと中間進化枠を段階解禁。,トーホクは早期の復元、カントーは高個体値・隠れ特性の再復元を担当。,通常野生表には入れない,P2,ヒスイ考古学室で化石復元,ヒスイシティ考古学室,化石復元,各化石は探索・BPで再入手,化石はちえのどうくつ／いわくだき／採掘依頼で反復入手。ガラル化石は2部品合成。,ニビ博物館／グレン研究所で復元,グレン研究所,化石復元,認定章数に応じて化石追加,ベガ初回殿堂入り後。認定章数でエリアと中間進化枠を段階解禁。,通常系統は両地方で基礎種を捕獲可能。トーホクは早期育成、カントーは高レベル・隠れ特性・タマゴ技探索を担当。,V2二地方生態版／541系統配置マスター＋特殊個体イベントマスター
139,オムスター,omastar,1,いわ／みず,69,化石,no,no,未収録・追加対象,新IDへ追加（進化入手）,殿堂入り（一部化石はバッジ5個）,ヒスイシティ考古学室（NPC追加）,進化,―,レベルアップ＋Lv.40以上（CFRU/DPEの対応トリガーを使用。通信・RTC必須にはしない）,全国研究図鑑へ登録（トーホク386完成条件には含めない）,NATIONAL_EXT_0139（新規16bit ID）,オムナイト,オムナイト → オムスター,化石復元追加,T_FOSSIL,ヒスイシティ考古学室,発掘片2個を納品して復元,Lv.20,反復採掘可,化石はちえのどうくつ／いわくだき／採掘依頼で反復入手。ガラル化石は2部品合成。,K45,グレン研究所,博物館鑑定後に復元,Lv.30,月石片／火山灰を消費して反復可,ベガ初回殿堂入り後。認定章数でエリアと中間進化枠を段階解禁。,トーホクは早期の復元、カントーは高個体値・隠れ特性の再復元を担当。,通常野生表には入れない,P2,オムナイトを復元して進化,ヒスイシティ考古学室,進化,野生追加なし,化石はちえのどうくつ／いわくだき／採掘依頼で反復入手。ガラル化石は2部品合成。,オムナイトを復元して進化,グレン研究所,進化,野生追加なし,ベガ初回殿堂入り後。認定章数でエリアと中間進化枠を段階解禁。,通常系統は両地方で基礎種を捕獲可能。トーホクは早期育成、カントーは高レベル・隠れ特性・タマゴ技探索を担当。,V2二地方生態版／541系統配置マスター＋特殊個体イベントマスター
140,カブト,kabuto,1,いわ／みず,70,化石,no,no,未収録・追加対象,新IDへ追加,殿堂入り（一部化石はバッジ5個）,ヒスイシティ考古学室（NPC追加）,化石・復元部品を納品,―,化石はちえのどうくつ／いわくだき／採掘依頼で反復入手。ガラル化石は2部品合成。,全国研究図鑑へ登録（トーホク386完成条件には含めない）,NATIONAL_EXT_0140（新規16bit ID）,カブト,カブト → カブトプス,化石復元追加,T_FOSSIL,ヒスイシティ考古学室,発掘片2個を納品して復元,Lv.20,反復採掘可,化石はちえのどうくつ／いわくだき／採掘依頼で反復入手。ガラル化石は2部品合成。,K44,ニビ博物館・化石研究室,博物館鑑定後に復元,Lv.30,月石片／火山灰を消費して反復可,ベガ初回殿堂入り後。認定章数でエリアと中間進化枠を段階解禁。,トーホクは早期の復元、カントーは高個体値・隠れ特性の再復元を担当。,通常野生表には入れない,P2,ヒスイ考古学室で化石復元,ヒスイシティ考古学室,化石復元,各化石は探索・BPで再入手,化石はちえのどうくつ／いわくだき／採掘依頼で反復入手。ガラル化石は2部品合成。,ニビ博物館／グレン研究所で復元,ニビ博物館・化石研究室,化石復元,認定章数に応じて化石追加,ベガ初回殿堂入り後。認定章数でエリアと中間進化枠を段階解禁。,通常系統は両地方で基礎種を捕獲可能。トーホクは早期育成、カントーは高レベル・隠れ特性・タマゴ技探索を担当。,V2二地方生態版／541系統配置マスター＋特殊個体イベントマスター
141,カブトプス,kabutops,1,いわ／みず,70,化石,no,no,未収録・追加対象,新IDへ追加（進化入手）,殿堂入り（一部化石はバッジ5個）,ヒスイシティ考古学室（NPC追加）,進化,―,レベルアップ＋Lv.40以上（CFRU/DPEの対応トリガーを使用。通信・RTC必須にはしない）,全国研究図鑑へ登録（トーホク386完成条件には含めない）,NATIONAL_EXT_0141（新規16bit ID）,カブト,カブト → カブトプス,化石復元追加,T_FOSSIL,ヒスイシティ考古学室,発掘片2個を納品して復元,Lv.20,反復採掘可,化石はちえのどうくつ／いわくだき／採掘依頼で反復入手。ガラル化石は2部品合成。,K44,ニビ博物館・化石研究室,博物館鑑定後に復元,Lv.30,月石片／火山灰を消費して反復可,ベガ初回殿堂入り後。認定章数でエリアと中間進化枠を段階解禁。,トーホクは早期の復元、カントーは高個体値・隠れ特性の再復元を担当。,通常野生表には入れない,P2,カブトを復元して進化,ヒスイシティ考古学室,進化,野生追加なし,化石はちえのどうくつ／いわくだき／採掘依頼で反復入手。ガラル化石は2部品合成。,カブトを復元して進化,ニビ博物館・化石研究室,進化,野生追加なし,ベガ初回殿堂入り後。認定章数でエリアと中間進化枠を段階解禁。,通常系統は両地方で基礎種を捕獲可能。トーホクは早期育成、カントーは高レベル・隠れ特性・タマゴ技探索を担当。,V2二地方生態版／541系統配置マスター＋特殊個体イベントマスター
142,プテラ,aerodactyl,1,いわ／ひこう,71,化石,no,no,既存（トーホク図鑑123）,既存ベガ個体を保持,ベガ既存進行,ベガ既存地点,ベガ既存入手法,既存値,トーホク図鑑No.123。内部種族ID・図鑑登録・イベント参照を変更しない。,トーホク図鑑にも既存番号で登録,VEGA_NATIVE_123（実ROMから確定）,プテラ,プテラ,ベガ既存系統を完全保持,VEGA_NATIVE,ベガ既存地点（出現表・配布・進化を変更しない）,ベガ既存入手法,既存値,既存値,既存イベント・野生表・進化条件を原則維持。現代化で条件が壊れる場合のみ互換処理。,K44,ニビ博物館・化石研究室,草むらオーバーレイ,復元個体Lv.20／再調整Lv.70,通常表8～15%,ベガ初回殿堂入り後。認定章数でエリアと中間進化枠を段階解禁。,トーホクではベガ既存個体を保護。カントーでは高レベル個体・隠れ特性・タマゴ技探索を担当。,既存テーブル無変更,P0,ベガ既存入手法を完全保持,ベガ既存地点,ベガ既存入手法,既存値,トーホク図鑑No.123。内部種族ID・図鑑登録・イベント参照を変更しない。,カントー高レベル野生生態,ニビ博物館・化石研究室,草むらオーバーレイ,通常表8～15%,ベガ初回殿堂入り後。認定章数でエリアと中間進化枠を段階解禁。,通常系統は両地方で基礎種を捕獲可能。トーホクは早期育成、カントーは高レベル・隠れ特性・タマゴ技探索を担当。,V2二地方生態版／541系統配置マスター＋特殊個体イベントマスター
143,カビゴン,snorlax,1,ノーマル,72,ベビィ含有,no,no,未収録・追加対象,新IDへ追加（進化入手）,殿堂入り後,504～506ばんどうろ,進化,―,レベルアップ＋なつき度160以上（CFRU/DPEの対応トリガーを使用。通信・RTC必須にはしない）,全国研究図鑑へ登録（トーホク386完成条件には含めない）,NATIONAL_EXT_0143（新規16bit ID）,ゴンベ,ゴンベ → カビゴン,外来生態レイヤーへ追加,T506,506ばんどうろ／すいどう,DexNav隠し枠／低確率タマゴ,Lv.12～17,通常0%／DexNav 2～5%,本編必須フラグを変更せず、外来生態フラグ・時間帯・DexNav・大量発生で制御,K12,12ばんどうろ,DexNav隠し枠／低確率タマゴ,Lv.82～87,通常0%／DexNav 2～5%,ベガ初回殿堂入り後。認定章数でエリアと中間進化枠を段階解禁。,トーホクは本編で使える低～中レベル基礎種、カントーは高レベル個体・中間進化・隠れ特性探索を担当。,ベガ既存11枠を上書きせず、CFRU側の条件付きオーバーレイ／DexNav／大量発生へ登録,P2,ゴンベをトーホクで捕獲して進化,506ばんどうろ／すいどう,進化／殿堂入り後DexNavで中間進化が稀に出現,通常野生は基礎種のみ,本編必須フラグを変更せず、外来生態フラグ・時間帯・DexNav・大量発生で制御,ゴンベをカントーで捕獲して進化,12ばんどうろ,進化／認定章6個以降は中間進化がDexNav希少枠,通常野生は基礎種中心,ベガ初回殿堂入り後。認定章数でエリアと中間進化枠を段階解禁。,通常系統は両地方で基礎種を捕獲可能。トーホクは早期育成、カントーは高レベル・隠れ特性・タマゴ技探索を担当。,V2二地方生態版／541系統配置マスター＋特殊個体イベントマスター
144,フリーザー,articuno,1,こおり／ひこう,73,伝説,yes,no,既存（トーホク図鑑136）,既存ベガ個体を保持,ベガ既存進行,ベガ既存地点,ベガ既存入手法,既存値,トーホク図鑑No.136。内部種族ID・図鑑登録・イベント参照を変更しない。,トーホク図鑑にも既存番号で登録,VEGA_NATIVE_136（実ROMから確定）,フリーザー,フリーザー,ベガ既存特殊個体を保持＋他地方共鳴,EVENT_T,ベガ既存地点,ベガ既存入手法＋捕獲救済,Lv.70,原則1体・撃破時復活,既存条件,EVENT_K,カントー共鳴碑／研究記録,手掛かり／共鳴戦／専用素材,イベント別,重複捕獲なし,既存条件＋主地方の捕獲フラグ共有,主地方で1個体だけ捕獲し、副地方では手掛かり・共鳴戦・専用素材を扱う。捕獲済みフラグは両地方で共有し、重複個体を与えない。,野生通常表には入れない,P0,ベガ既存特殊個体を保持,ベガ既存地点,ベガ既存入手法＋撃破時復活救済,原則1体・撃破時復活,既存条件,カントー側の手掛かり・共鳴イベント,カントー共鳴碑／研究記録,手掛かり／共鳴戦／専用素材,重複捕獲なし,既存条件＋共有捕獲フラグ確認,主捕獲地方で1個体のみ捕獲。副地方は手掛かり・共鳴戦・素材報酬を担当し、共有捕獲フラグで重複個体を防止。,V2二地方生態版／541系統配置マスター＋特殊個体イベントマスター
145,サンダー,zapdos,1,でんき／ひこう,74,伝説,yes,no,既存（トーホク図鑑137）,既存ベガ個体を保持,ベガ既存進行,ベガ既存地点,ベガ既存入手法,既存値,トーホク図鑑No.137。内部種族ID・図鑑登録・イベント参照を変更しない。,トーホク図鑑にも既存番号で登録,VEGA_NATIVE_137（実ROMから確定）,サンダー,サンダー,ベガ既存特殊個体を保持＋他地方共鳴,EVENT_T,ベガ既存地点,ベガ既存入手法＋捕獲救済,Lv.70,原則1体・撃破時復活,既存条件,EVENT_K,カントー共鳴碑／研究記録,手掛かり／共鳴戦／専用素材,イベント別,重複捕獲なし,既存条件＋主地方の捕獲フラグ共有,主地方で1個体だけ捕獲し、副地方では手掛かり・共鳴戦・専用素材を扱う。捕獲済みフラグは両地方で共有し、重複個体を与えない。,野生通常表には入れない,P0,ベガ既存特殊個体を保持,ベガ既存地点,ベガ既存入手法＋撃破時復活救済,原則1体・撃破時復活,既存条件,カントー側の手掛かり・共鳴イベント,カントー共鳴碑／研究記録,手掛かり／共鳴戦／専用素材,重複捕獲なし,既存条件＋共有捕獲フラグ確認,主捕獲地方で1個体のみ捕獲。副地方は手掛かり・共鳴戦・素材報酬を担当し、共有捕獲フラグで重複個体を防止。,V2二地方生態版／541系統配置マスター＋特殊個体イベントマスター
146,ファイヤー,moltres,1,ほのお／ひこう,75,伝説,yes,no,既存（トーホク図鑑138）,既存ベガ個体を保持,ベガ既存進行,ベガ既存地点,ベガ既存入手法,既存値,トーホク図鑑No.138。内部種族ID・図鑑登録・イベント参照を変更しない。,トーホク図鑑にも既存番号で登録,VEGA_NATIVE_138（実ROMから確定）,ファイヤー,ファイヤー,ベガ既存特殊個体を保持＋他地方共鳴,EVENT_T,ベガ既存地点,ベガ既存入手法＋捕獲救済,Lv.70,原則1体・撃破時復活,既存条件,EVENT_K,カントー共鳴碑／研究記録,手掛かり／共鳴戦／専用素材,イベント別,重複捕獲なし,既存条件＋主地方の捕獲フラグ共有,主地方で1個体だけ捕獲し、副地方では手掛かり・共鳴戦・専用素材を扱う。捕獲済みフラグは両地方で共有し、重複個体を与えない。,野生通常表には入れない,P0,ベガ既存特殊個体を保持,ベガ既存地点,ベガ既存入手法＋撃破時復活救済,原則1体・撃破時復活,既存条件,カントー側の手掛かり・共鳴イベント,カントー共鳴碑／研究記録,手掛かり／共鳴戦／専用素材,重複捕獲なし,既存条件＋共有捕獲フラグ確認,主捕獲地方で1個体のみ捕獲。副地方は手掛かり・共鳴戦・素材報酬を担当し、共有捕獲フラグで重複個体を防止。,V2二地方生態版／541系統配置マスター＋特殊個体イベントマスター
147,ミニリュウ,dratini,1,ドラゴン,76,600族,no,no,未収録・追加対象,新IDへ追加,殿堂入り後,521～523ばんどうろ,図鑑ナビ隠し枠,通常表0%／ナビ検索時1～5%,主に基礎形のみ出現。中間・最終進化は原則として育成で入手。時間帯・天候は生態チケットで任意固定可能。,全国研究図鑑へ登録（トーホク386完成条件には含めない）,NATIONAL_EXT_0147（新規16bit ID）,ミニリュウ,ミニリュウ → ハクリュー → カイリュー,外来生態レイヤーへ追加,T523,523ばんどうろ／すいどう,DexNav隠し枠,Lv.55～65,通常0%／DexNav 1～2%,本編必須フラグを変更せず、外来生態フラグ・時間帯・DexNav・大量発生で制御,K36,サファリゾーン北,DexNav隠し枠,Lv.85～94,通常0%／DexNav 1～2%,ベガ初回殿堂入り後。認定章数でエリアと中間進化枠を段階解禁。,トーホクは本編で使える低～中レベル基礎種、カントーは高レベル個体・中間進化・隠れ特性探索を担当。,ベガ既存11枠を上書きせず、CFRU側の条件付きオーバーレイ／DexNav／大量発生へ登録,P2,トーホク野生生態,523ばんどうろ／すいどう,DexNav隠し枠,通常0%／DexNav 1～2%,本編必須フラグを変更せず、外来生態フラグ・時間帯・DexNav・大量発生で制御,カントー高レベル野生生態,サファリゾーン北,DexNav隠し枠,通常0%／DexNav 1～2%,ベガ初回殿堂入り後。認定章数でエリアと中間進化枠を段階解禁。,通常系統は両地方で基礎種を捕獲可能。トーホクは早期育成、カントーは高レベル・隠れ特性・タマゴ技探索を担当。,V2二地方生態版／541系統配置マスター＋特殊個体イベントマスター
148,ハクリュー,dragonair,1,ドラゴン,76,600族,no,no,未収録・追加対象,新IDへ追加（進化入手）,殿堂入り後,521～523ばんどうろ,進化,―,レベルアップ＋Lv.30以上（CFRU/DPEの対応トリガーを使用。通信・RTC必須にはしない）,全国研究図鑑へ登録（トーホク386完成条件には含めない）,NATIONAL_EXT_0148（新規16bit ID）,ミニリュウ,ミニリュウ → ハクリュー → カイリュー,外来生態レイヤーへ追加,T523,523ばんどうろ／すいどう,DexNav隠し枠,Lv.55～65,通常0%／DexNav 1～2%,本編必須フラグを変更せず、外来生態フラグ・時間帯・DexNav・大量発生で制御,K36,サファリゾーン北,DexNav隠し枠,Lv.85～94,通常0%／DexNav 1～2%,ベガ初回殿堂入り後。認定章数でエリアと中間進化枠を段階解禁。,トーホクは本編で使える低～中レベル基礎種、カントーは高レベル個体・中間進化・隠れ特性探索を担当。,ベガ既存11枠を上書きせず、CFRU側の条件付きオーバーレイ／DexNav／大量発生へ登録,P2,ミニリュウをトーホクで捕獲して進化,523ばんどうろ／すいどう,進化／殿堂入り後DexNavで中間進化が稀に出現,通常野生は基礎種のみ,本編必須フラグを変更せず、外来生態フラグ・時間帯・DexNav・大量発生で制御,ミニリュウをカントーで捕獲して進化,サファリゾーン北,進化／認定章6個以降は中間進化がDexNav希少枠,通常野生は基礎種中心,ベガ初回殿堂入り後。認定章数でエリアと中間進化枠を段階解禁。,通常系統は両地方で基礎種を捕獲可能。トーホクは早期育成、カントーは高レベル・隠れ特性・タマゴ技探索を担当。,V2二地方生態版／541系統配置マスター＋特殊個体イベントマスター
149,カイリュー,dragonite,1,ドラゴン／ひこう,76,600族,no,no,未収録・追加対象,新IDへ追加（進化入手）,殿堂入り後,521～523ばんどうろ,進化,―,レベルアップ＋Lv.55以上（CFRU/DPEの対応トリガーを使用。通信・RTC必須にはしない）,全国研究図鑑へ登録（トーホク386完成条件には含めない）,NATIONAL_EXT_0149（新規16bit ID）,ミニリュウ,ミニリュウ → ハクリュー → カイリュー,外来生態レイヤーへ追加,T523,523ばんどうろ／すいどう,DexNav隠し枠,Lv.55～65,通常0%／DexNav 1～2%,本編必須フラグを変更せず、外来生態フラグ・時間帯・DexNav・大量発生で制御,K36,サファリゾーン北,DexNav隠し枠,Lv.85～94,通常0%／DexNav 1～2%,ベガ初回殿堂入り後。認定章数でエリアと中間進化枠を段階解禁。,トーホクは本編で使える低～中レベル基礎種、カントーは高レベル個体・中間進化・隠れ特性探索を担当。,ベガ既存11枠を上書きせず、CFRU側の条件付きオーバーレイ／DexNav／大量発生へ登録,P2,ミニリュウをトーホクで捕獲して進化,523ばんどうろ／すいどう,進化／殿堂入り後DexNavで中間進化が稀に出現,通常野生は基礎種のみ,本編必須フラグを変更せず、外来生態フラグ・時間帯・DexNav・大量発生で制御,ミニリュウをカントーで捕獲して進化,サファリゾーン北,進化／認定章6個以降は中間進化がDexNav希少枠,通常野生は基礎種中心,ベガ初回殿堂入り後。認定章数でエリアと中間進化枠を段階解禁。,通常系統は両地方で基礎種を捕獲可能。トーホクは早期育成、カントーは高レベル・隠れ特性・タマゴ技探索を担当。,V2二地方生態版／541系統配置マスター＋特殊個体イベントマスター
150,ミュウツー,mewtwo,1,エスパー,77,伝説,yes,no,既存（トーホク図鑑150）,既存ベガ個体を保持,ベガ既存進行,ベガ既存地点,ベガ既存入手法,既存値,トーホク図鑑No.150。内部種族ID・図鑑登録・イベント参照を変更しない。,トーホク図鑑にも既存番号で登録,VEGA_NATIVE_150（実ROMから確定）,ミュウツー,ミュウツー,ベガ既存特殊個体を保持＋他地方共鳴,EVENT_T,ベガ既存地点,ベガ既存入手法＋捕獲救済,Lv.70,原則1体・撃破時復活,既存条件,EVENT_K,カントー共鳴碑／研究記録,手掛かり／共鳴戦／専用素材,イベント別,重複捕獲なし,既存条件＋主地方の捕獲フラグ共有,主地方で1個体だけ捕獲し、副地方では手掛かり・共鳴戦・専用素材を扱う。捕獲済みフラグは両地方で共有し、重複個体を与えない。,野生通常表には入れない,P0,ベガ既存特殊個体を保持,ベガ既存地点,ベガ既存入手法＋撃破時復活救済,原則1体・撃破時復活,既存条件,カントー側の手掛かり・共鳴イベント,カントー共鳴碑／研究記録,手掛かり／共鳴戦／専用素材,重複捕獲なし,既存条件＋共有捕獲フラグ確認,主捕獲地方で1個体のみ捕獲。副地方は手掛かり・共鳴戦・素材報酬を担当し、共有捕獲フラグで重複個体を防止。,V2二地方生態版／541系統配置マスター＋特殊個体イベントマスター
151,ミュウ,mew,1,エスパー,78,幻,no,yes,既存（トーホク図鑑151）,既存ベガ個体を保持,ベガ既存進行,ベガ既存地点,ベガ既存入手法,既存値,トーホク図鑑No.151。内部種族ID・図鑑登録・イベント参照を変更しない。,トーホク図鑑にも既存番号で登録,VEGA_NATIVE_151（実ROMから確定）,ミュウ,ミュウ,ベガ既存特殊個体を保持＋他地方共鳴,EVENT_T,ベガ既存地点,ベガ既存入手法＋捕獲救済,Lv.70,原則1体・撃破時復活,既存条件,EVENT_K,カントー共鳴碑／研究記録,手掛かり／共鳴戦／専用素材,イベント別,重複捕獲なし,既存条件＋主地方の捕獲フラグ共有,主地方で1個体だけ捕獲し、副地方では手掛かり・共鳴戦・専用素材を扱う。捕獲済みフラグは両地方で共有し、重複個体を与えない。,野生通常表には入れない,P0,ベガ既存特殊個体を保持,ベガ既存地点,ベガ既存入手法＋撃破時復活救済,原則1体・撃破時復活,既存条件,カントー側の手掛かり・共鳴イベント,カントー共鳴碑／研究記録,手掛かり／共鳴戦／専用素材,重複捕獲なし,既存条件＋共有捕獲フラグ確認,主捕獲地方で1個体のみ捕獲。副地方は手掛かり・共鳴戦・素材報酬を担当し、共有捕獲フラグで重複個体を防止。,V2二地方生態版／541系統配置マスター＋特殊個体イベントマスター
152,チコリータ,chikorita,2,くさ,79,御三家,no,no,未収録・追加対象,新IDへ追加,殿堂入り＋全国研究開始,ハクジタウン研究所,地方研究依頼の報酬タマゴ,―,各世代の生態サンプルを3件提出。選択式にせず、依頼再受注で全系統入手可能。,全国研究図鑑へ登録（トーホク386完成条件には含めない）,NATIONAL_EXT_0152（新規16bit ID）,チコリータ,チコリータ → ベイリーフ → メガニウム,地方研究タマゴ追加,T_LAB,ハクジタウン・ヒイラギ研究所,地域別研究依頼の報酬タマゴ,Lv.5,研究チケット1枚／系統選択・反復可,各世代の生態サンプルを3件提出。選択式にせず、依頼再受注で全系統入手可能。,K47,マサラタウン・オーキド研究所,オーキド研究所の生態交換タマゴ,Lv.5,カントー認定章2個ごとに1系統、最終的に全系統反復可,ベガ初回殿堂入り後。認定章数でエリアと中間進化枠を段階解禁。,御三家を野生化せず、両地方の研究所を巡る収集導線にする。,通常野生表には入れない,P2,ヒイラギ研究所の地方研究タマゴ,ハクジタウン・ヒイラギ研究所,選択式タマゴ配布,各系統1個／再取得は研究ポイント,各世代の生態サンプルを3件提出。選択式にせず、依頼再受注で全系統入手可能。,オーキド研究所の国際交換タマゴ,マサラタウン・オーキド研究所,選択式タマゴ配布,トーホクで未選択の系統を優先,ベガ初回殿堂入り後。認定章数でエリアと中間進化枠を段階解禁。,通常系統は両地方で基礎種を捕獲可能。トーホクは早期育成、カントーは高レベル・隠れ特性・タマゴ技探索を担当。,V2二地方生態版／541系統配置マスター＋特殊個体イベントマスター
153,ベイリーフ,bayleef,2,くさ,79,御三家,no,no,未収録・追加対象,新IDへ追加（進化入手）,殿堂入り＋全国研究開始,ハクジタウン研究所,進化,―,レベルアップ＋Lv.16以上（CFRU/DPEの対応トリガーを使用。通信・RTC必須にはしない）,全国研究図鑑へ登録（トーホク386完成条件には含めない）,NATIONAL_EXT_0153（新規16bit ID）,チコリータ,チコリータ → ベイリーフ → メガニウム,地方研究タマゴ追加,T_LAB,ハクジタウン・ヒイラギ研究所,地域別研究依頼の報酬タマゴ,Lv.5,研究チケット1枚／系統選択・反復可,各世代の生態サンプルを3件提出。選択式にせず、依頼再受注で全系統入手可能。,K47,マサラタウン・オーキド研究所,オーキド研究所の生態交換タマゴ,Lv.5,カントー認定章2個ごとに1系統、最終的に全系統反復可,ベガ初回殿堂入り後。認定章数でエリアと中間進化枠を段階解禁。,御三家を野生化せず、両地方の研究所を巡る収集導線にする。,通常野生表には入れない,P2,チコリータを育成して進化,ハクジタウン・ヒイラギ研究所,進化,野生追加なし,各世代の生態サンプルを3件提出。選択式にせず、依頼再受注で全系統入手可能。,チコリータを育成して進化,マサラタウン・オーキド研究所,進化,野生追加なし,ベガ初回殿堂入り後。認定章数でエリアと中間進化枠を段階解禁。,通常系統は両地方で基礎種を捕獲可能。トーホクは早期育成、カントーは高レベル・隠れ特性・タマゴ技探索を担当。,V2二地方生態版／541系統配置マスター＋特殊個体イベントマスター
154,メガニウム,meganium,2,くさ,79,御三家,no,no,未収録・追加対象,新IDへ追加（進化入手）,殿堂入り＋全国研究開始,ハクジタウン研究所,進化,―,レベルアップ＋Lv.32以上（CFRU/DPEの対応トリガーを使用。通信・RTC必須にはしない）,全国研究図鑑へ登録（トーホク386完成条件には含めない）,NATIONAL_EXT_0154（新規16bit ID）,チコリータ,チコリータ → ベイリーフ → メガニウム,地方研究タマゴ追加,T_LAB,ハクジタウン・ヒイラギ研究所,地域別研究依頼の報酬タマゴ,Lv.5,研究チケット1枚／系統選択・反復可,各世代の生態サンプルを3件提出。選択式にせず、依頼再受注で全系統入手可能。,K47,マサラタウン・オーキド研究所,オーキド研究所の生態交換タマゴ,Lv.5,カントー認定章2個ごとに1系統、最終的に全系統反復可,ベガ初回殿堂入り後。認定章数でエリアと中間進化枠を段階解禁。,御三家を野生化せず、両地方の研究所を巡る収集導線にする。,通常野生表には入れない,P2,チコリータを育成して進化,ハクジタウン・ヒイラギ研究所,進化,野生追加なし,各世代の生態サンプルを3件提出。選択式にせず、依頼再受注で全系統入手可能。,チコリータを育成して進化,マサラタウン・オーキド研究所,進化,野生追加なし,ベガ初回殿堂入り後。認定章数でエリアと中間進化枠を段階解禁。,通常系統は両地方で基礎種を捕獲可能。トーホクは早期育成、カントーは高レベル・隠れ特性・タマゴ技探索を担当。,V2二地方生態版／541系統配置マスター＋特殊個体イベントマスター
155,ヒノアラシ,cyndaquil,2,ほのお,80,御三家,no,no,未収録・追加対象,新IDへ追加,殿堂入り＋全国研究開始,ハクジタウン研究所,地方研究依頼の報酬タマゴ,―,各世代の生態サンプルを3件提出。選択式にせず、依頼再受注で全系統入手可能。,全国研究図鑑へ登録（トーホク386完成条件には含めない）,NATIONAL_EXT_0155（新規16bit ID）,ヒノアラシ,ヒノアラシ → マグマラシ → バクフーン,地方研究タマゴ追加,T_LAB,ハクジタウン・ヒイラギ研究所,地域別研究依頼の報酬タマゴ,Lv.5,研究チケット1枚／系統選択・反復可,各世代の生態サンプルを3件提出。選択式にせず、依頼再受注で全系統入手可能。,K47,マサラタウン・オーキド研究所,オーキド研究所の生態交換タマゴ,Lv.5,カントー認定章2個ごとに1系統、最終的に全系統反復可,ベガ初回殿堂入り後。認定章数でエリアと中間進化枠を段階解禁。,御三家を野生化せず、両地方の研究所を巡る収集導線にする。,通常野生表には入れない,P2,ヒイラギ研究所の地方研究タマゴ,ハクジタウン・ヒイラギ研究所,選択式タマゴ配布,各系統1個／再取得は研究ポイント,各世代の生態サンプルを3件提出。選択式にせず、依頼再受注で全系統入手可能。,オーキド研究所の国際交換タマゴ,マサラタウン・オーキド研究所,選択式タマゴ配布,トーホクで未選択の系統を優先,ベガ初回殿堂入り後。認定章数でエリアと中間進化枠を段階解禁。,通常系統は両地方で基礎種を捕獲可能。トーホクは早期育成、カントーは高レベル・隠れ特性・タマゴ技探索を担当。,V2二地方生態版／541系統配置マスター＋特殊個体イベントマスター
156,マグマラシ,quilava,2,ほのお,80,御三家,no,no,未収録・追加対象,新IDへ追加（進化入手）,殿堂入り＋全国研究開始,ハクジタウン研究所,進化,―,レベルアップ＋Lv.14以上（CFRU/DPEの対応トリガーを使用。通信・RTC必須にはしない）,全国研究図鑑へ登録（トーホク386完成条件には含めない）,NATIONAL_EXT_0156（新規16bit ID）,ヒノアラシ,ヒノアラシ → マグマラシ → バクフーン,地方研究タマゴ追加,T_LAB,ハクジタウン・ヒイラギ研究所,地域別研究依頼の報酬タマゴ,Lv.5,研究チケット1枚／系統選択・反復可,各世代の生態サンプルを3件提出。選択式にせず、依頼再受注で全系統入手可能。,K47,マサラタウン・オーキド研究所,オーキド研究所の生態交換タマゴ,Lv.5,カントー認定章2個ごとに1系統、最終的に全系統反復可,ベガ初回殿堂入り後。認定章数でエリアと中間進化枠を段階解禁。,御三家を野生化せず、両地方の研究所を巡る収集導線にする。,通常野生表には入れない,P2,ヒノアラシを育成して進化,ハクジタウン・ヒイラギ研究所,進化,野生追加なし,各世代の生態サンプルを3件提出。選択式にせず、依頼再受注で全系統入手可能。,ヒノアラシを育成して進化,マサラタウン・オーキド研究所,進化,野生追加なし,ベガ初回殿堂入り後。認定章数でエリアと中間進化枠を段階解禁。,通常系統は両地方で基礎種を捕獲可能。トーホクは早期育成、カントーは高レベル・隠れ特性・タマゴ技探索を担当。,V2二地方生態版／541系統配置マスター＋特殊個体イベントマスター
157,バクフーン,typhlosion,2,ほのお,80,御三家,no,no,未収録・追加対象,新IDへ追加（進化入手）,殿堂入り＋全国研究開始,ハクジタウン研究所,進化,―,レベルアップ＋Lv.36以上（CFRU/DPEの対応トリガーを使用。通信・RTC必須にはしない）,全国研究図鑑へ登録（トーホク386完成条件には含めない）,NATIONAL_EXT_0157（新規16bit ID）,ヒノアラシ,ヒノアラシ → マグマラシ → バクフーン,地方研究タマゴ追加,T_LAB,ハクジタウン・ヒイラギ研究所,地域別研究依頼の報酬タマゴ,Lv.5,研究チケット1枚／系統選択・反復可,各世代の生態サンプルを3件提出。選択式にせず、依頼再受注で全系統入手可能。,K47,マサラタウン・オーキド研究所,オーキド研究所の生態交換タマゴ,Lv.5,カントー認定章2個ごとに1系統、最終的に全系統反復可,ベガ初回殿堂入り後。認定章数でエリアと中間進化枠を段階解禁。,御三家を野生化せず、両地方の研究所を巡る収集導線にする。,通常野生表には入れない,P2,ヒノアラシを育成して進化,ハクジタウン・ヒイラギ研究所,進化,野生追加なし,各世代の生態サンプルを3件提出。選択式にせず、依頼再受注で全系統入手可能。,ヒノアラシを育成して進化,マサラタウン・オーキド研究所,進化,野生追加なし,ベガ初回殿堂入り後。認定章数でエリアと中間進化枠を段階解禁。,通常系統は両地方で基礎種を捕獲可能。トーホクは早期育成、カントーは高レベル・隠れ特性・タマゴ技探索を担当。,V2二地方生態版／541系統配置マスター＋特殊個体イベントマスター
158,ワニノコ,totodile,2,みず,81,御三家,no,no,未収録・追加対象,新IDへ追加,殿堂入り＋全国研究開始,ハクジタウン研究所,地方研究依頼の報酬タマゴ,―,各世代の生態サンプルを3件提出。選択式にせず、依頼再受注で全系統入手可能。,全国研究図鑑へ登録（トーホク386完成条件には含めない）,NATIONAL_EXT_0158（新規16bit ID）,ワニノコ,ワニノコ → アリゲイツ → オーダイル,地方研究タマゴ追加,T_LAB,ハクジタウン・ヒイラギ研究所,地域別研究依頼の報酬タマゴ,Lv.5,研究チケット1枚／系統選択・反復可,各世代の生態サンプルを3件提出。選択式にせず、依頼再受注で全系統入手可能。,K47,マサラタウン・オーキド研究所,オーキド研究所の生態交換タマゴ,Lv.5,カントー認定章2個ごとに1系統、最終的に全系統反復可,ベガ初回殿堂入り後。認定章数でエリアと中間進化枠を段階解禁。,御三家を野生化せず、両地方の研究所を巡る収集導線にする。,通常野生表には入れない,P2,ヒイラギ研究所の地方研究タマゴ,ハクジタウン・ヒイラギ研究所,選択式タマゴ配布,各系統1個／再取得は研究ポイント,各世代の生態サンプルを3件提出。選択式にせず、依頼再受注で全系統入手可能。,オーキド研究所の国際交換タマゴ,マサラタウン・オーキド研究所,選択式タマゴ配布,トーホクで未選択の系統を優先,ベガ初回殿堂入り後。認定章数でエリアと中間進化枠を段階解禁。,通常系統は両地方で基礎種を捕獲可能。トーホクは早期育成、カントーは高レベル・隠れ特性・タマゴ技探索を担当。,V2二地方生態版／541系統配置マスター＋特殊個体イベントマスター
159,アリゲイツ,croconaw,2,みず,81,御三家,no,no,未収録・追加対象,新IDへ追加（進化入手）,殿堂入り＋全国研究開始,ハクジタウン研究所,進化,―,レベルアップ＋Lv.18以上（CFRU/DPEの対応トリガーを使用。通信・RTC必須にはしない）,全国研究図鑑へ登録（トーホク386完成条件には含めない）,NATIONAL_EXT_0159（新規16bit ID）,ワニノコ,ワニノコ → アリゲイツ → オーダイル,地方研究タマゴ追加,T_LAB,ハクジタウン・ヒイラギ研究所,地域別研究依頼の報酬タマゴ,Lv.5,研究チケット1枚／系統選択・反復可,各世代の生態サンプルを3件提出。選択式にせず、依頼再受注で全系統入手可能。,K47,マサラタウン・オーキド研究所,オーキド研究所の生態交換タマゴ,Lv.5,カントー認定章2個ごとに1系統、最終的に全系統反復可,ベガ初回殿堂入り後。認定章数でエリアと中間進化枠を段階解禁。,御三家を野生化せず、両地方の研究所を巡る収集導線にする。,通常野生表には入れない,P2,ワニノコを育成して進化,ハクジタウン・ヒイラギ研究所,進化,野生追加なし,各世代の生態サンプルを3件提出。選択式にせず、依頼再受注で全系統入手可能。,ワニノコを育成して進化,マサラタウン・オーキド研究所,進化,野生追加なし,ベガ初回殿堂入り後。認定章数でエリアと中間進化枠を段階解禁。,通常系統は両地方で基礎種を捕獲可能。トーホクは早期育成、カントーは高レベル・隠れ特性・タマゴ技探索を担当。,V2二地方生態版／541系統配置マスター＋特殊個体イベントマスター
160,オーダイル,feraligatr,2,みず,81,御三家,no,no,未収録・追加対象,新IDへ追加（進化入手）,殿堂入り＋全国研究開始,ハクジタウン研究所,進化,―,レベルアップ＋Lv.30以上（CFRU/DPEの対応トリガーを使用。通信・RTC必須にはしない）,全国研究図鑑へ登録（トーホク386完成条件には含めない）,NATIONAL_EXT_0160（新規16bit ID）,ワニノコ,ワニノコ → アリゲイツ → オーダイル,地方研究タマゴ追加,T_LAB,ハクジタウン・ヒイラギ研究所,地域別研究依頼の報酬タマゴ,Lv.5,研究チケット1枚／系統選択・反復可,各世代の生態サンプルを3件提出。選択式にせず、依頼再受注で全系統入手可能。,K47,マサラタウン・オーキド研究所,オーキド研究所の生態交換タマゴ,Lv.5,カントー認定章2個ごとに1系統、最終的に全系統反復可,ベガ初回殿堂入り後。認定章数でエリアと中間進化枠を段階解禁。,御三家を野生化せず、両地方の研究所を巡る収集導線にする。,通常野生表には入れない,P2,ワニノコを育成して進化,ハクジタウン・ヒイラギ研究所,進化,野生追加なし,各世代の生態サンプルを3件提出。選択式にせず、依頼再受注で全系統入手可能。,ワニノコを育成して進化,マサラタウン・オーキド研究所,進化,野生追加なし,ベガ初回殿堂入り後。認定章数でエリアと中間進化枠を段階解禁。,通常系統は両地方で基礎種を捕獲可能。トーホクは早期育成、カントーは高レベル・隠れ特性・タマゴ技探索を担当。,V2二地方生態版／541系統配置マスター＋特殊個体イベントマスター
161,オタチ,sentret,2,ノーマル,82,通常生態,no,no,未収録・追加対象,新IDへ追加,殿堂入り後,504～506ばんどうろ,草むらオーバーレイ,8～12%,主に基礎形のみ出現。中間・最終進化は原則として育成で入手。時間帯・天候は生態チケットで任意固定可能。,全国研究図鑑へ登録（トーホク386完成条件には含めない）,NATIONAL_EXT_0161（新規16bit ID）,オタチ,オタチ → オオタチ,外来生態レイヤーへ追加,T506,506ばんどうろ／すいどう,大量発生,Lv.12～17,通常0%／発生中20～35%,本編必須フラグを変更せず、外来生態フラグ・時間帯・DexNav・大量発生で制御,K18,18ばんどうろ,大量発生,Lv.84～90,通常0%／発生中20～35%,ベガ初回殿堂入り後。認定章数でエリアと中間進化枠を段階解禁。,トーホクは本編で使える低～中レベル基礎種、カントーは高レベル個体・中間進化・隠れ特性探索を担当。,ベガ既存11枠を上書きせず、CFRU側の条件付きオーバーレイ／DexNav／大量発生へ登録,P2,トーホク野生生態,506ばんどうろ／すいどう,大量発生,通常0%／発生中20～35%,本編必須フラグを変更せず、外来生態フラグ・時間帯・DexNav・大量発生で制御,カントー高レベル野生生態,18ばんどうろ,大量発生,通常0%／発生中20～35%,ベガ初回殿堂入り後。認定章数でエリアと中間進化枠を段階解禁。,通常系統は両地方で基礎種を捕獲可能。トーホクは早期育成、カントーは高レベル・隠れ特性・タマゴ技探索を担当。,V2二地方生態版／541系統配置マスター＋特殊個体イベントマスター
162,オオタチ,furret,2,ノーマル,82,通常生態,no,no,未収録・追加対象,新IDへ追加（進化入手）,殿堂入り後,504～506ばんどうろ,進化,―,レベルアップ＋Lv.15以上（CFRU/DPEの対応トリガーを使用。通信・RTC必須にはしない）,全国研究図鑑へ登録（トーホク386完成条件には含めない）,NATIONAL_EXT_0162（新規16bit ID）,オタチ,オタチ → オオタチ,外来生態レイヤーへ追加,T506,506ばんどうろ／すいどう,大量発生,Lv.12～17,通常0%／発生中20～35%,本編必須フラグを変更せず、外来生態フラグ・時間帯・DexNav・大量発生で制御,K18,18ばんどうろ,大量発生,Lv.84～90,通常0%／発生中20～35%,ベガ初回殿堂入り後。認定章数でエリアと中間進化枠を段階解禁。,トーホクは本編で使える低～中レベル基礎種、カントーは高レベル個体・中間進化・隠れ特性探索を担当。,ベガ既存11枠を上書きせず、CFRU側の条件付きオーバーレイ／DexNav／大量発生へ登録,P2,オタチをトーホクで捕獲して進化,506ばんどうろ／すいどう,進化／殿堂入り後DexNavで中間進化が稀に出現,通常野生は基礎種のみ,本編必須フラグを変更せず、外来生態フラグ・時間帯・DexNav・大量発生で制御,オタチをカントーで捕獲して進化,18ばんどうろ,進化／認定章6個以降は中間進化がDexNav希少枠,通常野生は基礎種中心,ベガ初回殿堂入り後。認定章数でエリアと中間進化枠を段階解禁。,通常系統は両地方で基礎種を捕獲可能。トーホクは早期育成、カントーは高レベル・隠れ特性・タマゴ技探索を担当。,V2二地方生態版／541系統配置マスター＋特殊個体イベントマスター
163,ホーホー,hoothoot,2,ノーマル／ひこう,83,通常生態,no,no,既存（トーホク図鑑109）,既存ベガ個体を保持,ベガ既存進行,ベガ既存地点,ベガ既存入手法,既存値,トーホク図鑑No.109。内部種族ID・図鑑登録・イベント参照を変更しない。,トーホク図鑑にも既存番号で登録,VEGA_NATIVE_109（実ROMから確定）,ホーホー,ホーホー → ヨルノズク,ベガ既存系統を完全保持,VEGA_NATIVE,ベガ既存地点（出現表・配布・進化を変更しない）,ベガ既存入手法,既存値,既存値,既存イベント・野生表・進化条件を原則維持。現代化で条件が壊れる場合のみ互換処理。,K03,3ばんどうろ,草むらオーバーレイ,Lv.71～75,通常表8～15%,ベガ初回殿堂入り後。認定章数でエリアと中間進化枠を段階解禁。,トーホクではベガ既存個体を保護。カントーでは高レベル個体・隠れ特性・タマゴ技探索を担当。,既存テーブル無変更,P0,ベガ既存入手法を完全保持,ベガ既存地点,ベガ既存入手法,既存値,トーホク図鑑No.109。内部種族ID・図鑑登録・イベント参照を変更しない。,カントー高レベル野生生態,3ばんどうろ,草むらオーバーレイ,通常表8～15%,ベガ初回殿堂入り後。認定章数でエリアと中間進化枠を段階解禁。,通常系統は両地方で基礎種を捕獲可能。トーホクは早期育成、カントーは高レベル・隠れ特性・タマゴ技探索を担当。,V2二地方生態版／541系統配置マスター＋特殊個体イベントマスター
164,ヨルノズク,noctowl,2,ノーマル／ひこう,83,通常生態,no,no,既存（トーホク図鑑110）,既存ベガ個体を保持,ベガ既存進行,ベガ既存地点,ベガ既存入手法,既存値,トーホク図鑑No.110。内部種族ID・図鑑登録・イベント参照を変更しない。,トーホク図鑑にも既存番号で登録,VEGA_NATIVE_110（実ROMから確定）,ホーホー,ホーホー → ヨルノズク,ベガ既存系統を完全保持,VEGA_NATIVE,ベガ既存地点（出現表・配布・進化を変更しない）,ベガ既存入手法,既存値,既存値,既存イベント・野生表・進化条件を原則維持。現代化で条件が壊れる場合のみ互換処理。,K03,3ばんどうろ,草むらオーバーレイ,Lv.71～75,通常表8～15%,ベガ初回殿堂入り後。認定章数でエリアと中間進化枠を段階解禁。,トーホクではベガ既存個体を保護。カントーでは高レベル個体・隠れ特性・タマゴ技探索を担当。,既存テーブル無変更,P0,ベガ既存入手法を完全保持,ベガ既存地点,ベガ既存入手法,既存値,トーホク図鑑No.110。内部種族ID・図鑑登録・イベント参照を変更しない。,ホーホーをカントーで捕獲して進化,3ばんどうろ,進化／認定章6個以降は中間進化がDexNav希少枠,通常野生は基礎種中心,ベガ初回殿堂入り後。認定章数でエリアと中間進化枠を段階解禁。,通常系統は両地方で基礎種を捕獲可能。トーホクは早期育成、カントーは高レベル・隠れ特性・タマゴ技探索を担当。,V2二地方生態版／541系統配置マスター＋特殊個体イベントマスター
165,レディバ,ledyba,2,むし／ひこう,84,通常生態,no,no,既存（トーホク図鑑198）,既存ベガ個体を保持,ベガ既存進行,ベガ既存地点,ベガ既存入手法,既存値,トーホク図鑑No.198。内部種族ID・図鑑登録・イベント参照を変更しない。,トーホク図鑑にも既存番号で登録,VEGA_NATIVE_198（実ROMから確定）,レディバ,レディバ → レディアン,ベガ既存系統を完全保持,VEGA_NATIVE,ベガ既存地点（出現表・配布・進化を変更しない）,ベガ既存入手法,既存値,既存値,既存イベント・野生表・進化条件を原則維持。現代化で条件が壊れる場合のみ互換処理。,K24,24ばんどうろ,草むらオーバーレイ,Lv.74～79,通常表8～15%,ベガ初回殿堂入り後。認定章数でエリアと中間進化枠を段階解禁。,トーホクではベガ既存個体を保護。カントーでは高レベル個体・隠れ特性・タマゴ技探索を担当。,既存テーブル無変更,P0,ベガ既存入手法を完全保持,ベガ既存地点,ベガ既存入手法,既存値,トーホク図鑑No.198。内部種族ID・図鑑登録・イベント参照を変更しない。,カントー高レベル野生生態,24ばんどうろ,草むらオーバーレイ,通常表8～15%,ベガ初回殿堂入り後。認定章数でエリアと中間進化枠を段階解禁。,通常系統は両地方で基礎種を捕獲可能。トーホクは早期育成、カントーは高レベル・隠れ特性・タマゴ技探索を担当。,V2二地方生態版／541系統配置マスター＋特殊個体イベントマスター
166,レディアン,ledian,2,むし／ひこう,84,通常生態,no,no,既存（トーホク図鑑199）,既存ベガ個体を保持,ベガ既存進行,ベガ既存地点,ベガ既存入手法,既存値,トーホク図鑑No.199。内部種族ID・図鑑登録・イベント参照を変更しない。,トーホク図鑑にも既存番号で登録,VEGA_NATIVE_199（実ROMから確定）,レディバ,レディバ → レディアン,ベガ既存系統を完全保持,VEGA_NATIVE,ベガ既存地点（出現表・配布・進化を変更しない）,ベガ既存入手法,既存値,既存値,既存イベント・野生表・進化条件を原則維持。現代化で条件が壊れる場合のみ互換処理。,K24,24ばんどうろ,草むらオーバーレイ,Lv.74～79,通常表8～15%,ベガ初回殿堂入り後。認定章数でエリアと中間進化枠を段階解禁。,トーホクではベガ既存個体を保護。カントーでは高レベル個体・隠れ特性・タマゴ技探索を担当。,既存テーブル無変更,P0,ベガ既存入手法を完全保持,ベガ既存地点,ベガ既存入手法,既存値,トーホク図鑑No.199。内部種族ID・図鑑登録・イベント参照を変更しない。,レディバをカントーで捕獲して進化,24ばんどうろ,進化／認定章6個以降は中間進化がDexNav希少枠,通常野生は基礎種中心,ベガ初回殿堂入り後。認定章数でエリアと中間進化枠を段階解禁。,通常系統は両地方で基礎種を捕獲可能。トーホクは早期育成、カントーは高レベル・隠れ特性・タマゴ技探索を担当。,V2二地方生態版／541系統配置マスター＋特殊個体イベントマスター
167,イトマル,spinarak,2,むし／どく,85,通常生態,no,no,既存（トーホク図鑑272）,既存ベガ個体を保持,ベガ既存進行,ベガ既存地点,ベガ既存入手法,既存値,トーホク図鑑No.272。内部種族ID・図鑑登録・イベント参照を変更しない。,トーホク図鑑にも既存番号で登録,VEGA_NATIVE_272（実ROMから確定）,イトマル,イトマル → アリアドス,ベガ既存系統を完全保持,VEGA_NATIVE,ベガ既存地点（出現表・配布・進化を変更しない）,ベガ既存入手法,既存値,既存値,既存イベント・野生表・進化条件を原則維持。現代化で条件が壊れる場合のみ互換処理。,K35,サファリゾーン東,ずつき／朝昼オーバーレイ,Lv.85～94,通常表8～15%,ベガ初回殿堂入り後。認定章数でエリアと中間進化枠を段階解禁。,トーホクではベガ既存個体を保護。カントーでは高レベル個体・隠れ特性・タマゴ技探索を担当。,既存テーブル無変更,P0,ベガ既存入手法を完全保持,ベガ既存地点,ベガ既存入手法,既存値,トーホク図鑑No.272。内部種族ID・図鑑登録・イベント参照を変更しない。,カントー高レベル野生生態,サファリゾーン東,ずつき／朝昼オーバーレイ,通常表8～15%,ベガ初回殿堂入り後。認定章数でエリアと中間進化枠を段階解禁。,通常系統は両地方で基礎種を捕獲可能。トーホクは早期育成、カントーは高レベル・隠れ特性・タマゴ技探索を担当。,V2二地方生態版／541系統配置マスター＋特殊個体イベントマスター
168,アリアドス,ariados,2,むし／どく,85,通常生態,no,no,既存（トーホク図鑑273）,既存ベガ個体を保持,ベガ既存進行,ベガ既存地点,ベガ既存入手法,既存値,トーホク図鑑No.273。内部種族ID・図鑑登録・イベント参照を変更しない。,トーホク図鑑にも既存番号で登録,VEGA_NATIVE_273（実ROMから確定）,イトマル,イトマル → アリアドス,ベガ既存系統を完全保持,VEGA_NATIVE,ベガ既存地点（出現表・配布・進化を変更しない）,ベガ既存入手法,既存値,既存値,既存イベント・野生表・進化条件を原則維持。現代化で条件が壊れる場合のみ互換処理。,K35,サファリゾーン東,ずつき／朝昼オーバーレイ,Lv.85～94,通常表8～15%,ベガ初回殿堂入り後。認定章数でエリアと中間進化枠を段階解禁。,トーホクではベガ既存個体を保護。カントーでは高レベル個体・隠れ特性・タマゴ技探索を担当。,既存テーブル無変更,P0,ベガ既存入手法を完全保持,ベガ既存地点,ベガ既存入手法,既存値,トーホク図鑑No.273。内部種族ID・図鑑登録・イベント参照を変更しない。,イトマルをカントーで捕獲して進化,サファリゾーン東,進化／認定章6個以降は中間進化がDexNav希少枠,通常野生は基礎種中心,ベガ初回殿堂入り後。認定章数でエリアと中間進化枠を段階解禁。,通常系統は両地方で基礎種を捕獲可能。トーホクは早期育成、カントーは高レベル・隠れ特性・タマゴ技探索を担当。,V2二地方生態版／541系統配置マスター＋特殊個体イベントマスター
169,クロバット,crobat,2,どく／ひこう,17,通常生態,no,no,未収録・追加対象,新IDへ追加（進化入手）,殿堂入り後,全国生態保護区（サファリ増設区画）,進化,―,レベルアップ＋なつき度160以上（CFRU/DPEの対応トリガーを使用。通信・RTC必須にはしない）,全国研究図鑑へ登録（トーホク386完成条件には含めない）,NATIONAL_EXT_0169（新規16bit ID）,ズバット,ズバット → ゴルバット → クロバット,外来生態レイヤーへ追加,T505,505ばんどうろ／すいどう,大量発生,Lv.10～14,通常0%／発生中20～35%,本編必須フラグを変更せず、外来生態フラグ・時間帯・DexNav・大量発生で制御,K27,おつきみやま,洞窟・屋内オーバーレイ,Lv.73～80,通常表8～15%,ベガ初回殿堂入り後。認定章数でエリアと中間進化枠を段階解禁。,トーホクは本編で使える低～中レベル基礎種、カントーは高レベル個体・中間進化・隠れ特性探索を担当。,ベガ既存11枠を上書きせず、CFRU側の条件付きオーバーレイ／DexNav／大量発生へ登録,P2,ズバットをトーホクで捕獲して進化,505ばんどうろ／すいどう,進化／殿堂入り後DexNavで中間進化が稀に出現,通常野生は基礎種のみ,本編必須フラグを変更せず、外来生態フラグ・時間帯・DexNav・大量発生で制御,ズバットをカントーで捕獲して進化,おつきみやま,進化／認定章6個以降は中間進化がDexNav希少枠,通常野生は基礎種中心,ベガ初回殿堂入り後。認定章数でエリアと中間進化枠を段階解禁。,通常系統は両地方で基礎種を捕獲可能。トーホクは早期育成、カントーは高レベル・隠れ特性・タマゴ技探索を担当。,V2二地方生態版／541系統配置マスター＋特殊個体イベントマスター
170,チョンチー,chinchou,2,みず／でんき,86,通常生態,no,no,未収録・追加対象,新IDへ追加,殿堂入り後,サファリゾーン北,図鑑ナビ隠し枠,通常表0%／ナビ検索時1～5%,主に基礎形のみ出現。中間・最終進化は原則として育成で入手。時間帯・天候は生態チケットで任意固定可能。,全国研究図鑑へ登録（トーホク386完成条件には含めない）,NATIONAL_EXT_0170（新規16bit ID）,チョンチー,チョンチー → ランターン,外来生態レイヤーへ追加,T512,512ばんどうろ／すいどう,水上オーバーレイ,Lv.27～33,追加抽選4～8%,本編必須フラグを変更せず、外来生態フラグ・時間帯・DexNav・大量発生で制御,K15,15ばんどうろ,水上オーバーレイ,Lv.85～90,通常表10～20%,ベガ初回殿堂入り後。認定章数でエリアと中間進化枠を段階解禁。,トーホクは本編で使える低～中レベル基礎種、カントーは高レベル個体・中間進化・隠れ特性探索を担当。,ベガ既存11枠を上書きせず、CFRU側の条件付きオーバーレイ／DexNav／大量発生へ登録,P2,トーホク野生生態,512ばんどうろ／すいどう,水上オーバーレイ,追加抽選4～8%,本編必須フラグを変更せず、外来生態フラグ・時間帯・DexNav・大量発生で制御,カントー高レベル野生生態,15ばんどうろ,水上オーバーレイ,通常表10～20%,ベガ初回殿堂入り後。認定章数でエリアと中間進化枠を段階解禁。,通常系統は両地方で基礎種を捕獲可能。トーホクは早期育成、カントーは高レベル・隠れ特性・タマゴ技探索を担当。,V2二地方生態版／541系統配置マスター＋特殊個体イベントマスター
171,ランターン,lanturn,2,みず／でんき,86,通常生態,no,no,未収録・追加対象,新IDへ追加（進化入手）,殿堂入り後,サファリゾーン北,進化,―,レベルアップ＋Lv.27以上（CFRU/DPEの対応トリガーを使用。通信・RTC必須にはしない）,全国研究図鑑へ登録（トーホク386完成条件には含めない）,NATIONAL_EXT_0171（新規16bit ID）,チョンチー,チョンチー → ランターン,外来生態レイヤーへ追加,T512,512ばんどうろ／すいどう,水上オーバーレイ,Lv.27～33,追加抽選4～8%,本編必須フラグを変更せず、外来生態フラグ・時間帯・DexNav・大量発生で制御,K15,15ばんどうろ,水上オーバーレイ,Lv.85～90,通常表10～20%,ベガ初回殿堂入り後。認定章数でエリアと中間進化枠を段階解禁。,トーホクは本編で使える低～中レベル基礎種、カントーは高レベル個体・中間進化・隠れ特性探索を担当。,ベガ既存11枠を上書きせず、CFRU側の条件付きオーバーレイ／DexNav／大量発生へ登録,P2,チョンチーをトーホクで捕獲して進化,512ばんどうろ／すいどう,進化／殿堂入り後DexNavで中間進化が稀に出現,通常野生は基礎種のみ,本編必須フラグを変更せず、外来生態フラグ・時間帯・DexNav・大量発生で制御,チョンチーをカントーで捕獲して進化,15ばんどうろ,進化／認定章6個以降は中間進化がDexNav希少枠,通常野生は基礎種中心,ベガ初回殿堂入り後。認定章数でエリアと中間進化枠を段階解禁。,通常系統は両地方で基礎種を捕獲可能。トーホクは早期育成、カントーは高レベル・隠れ特性・タマゴ技探索を担当。,V2二地方生態版／541系統配置マスター＋特殊個体イベントマスター
172,ピチュー,pichu,2,でんき,10,ベビィ含有,no,no,既存（トーホク図鑑024）,既存ベガ個体を保持,ベガ既存進行,ベガ既存地点,ベガ既存入手法,既存値,トーホク図鑑No.024。内部種族ID・図鑑登録・イベント参照を変更しない。,トーホク図鑑にも既存番号で登録,VEGA_NATIVE_024（実ROMから確定）,ピチュー,ピチュー → ピカチュウ → ライチュウ,ベガ既存系統を完全保持,VEGA_NATIVE,ベガ既存地点（出現表・配布・進化を変更しない）,ベガ既存入手法,既存値,既存値,既存イベント・野生表・進化条件を原則維持。現代化で条件が壊れる場合のみ互換処理。,K26,トキワのもり,DexNav隠し枠／低確率タマゴ,Lv.70～76,通常0%／DexNav 2～5%,ベガ初回殿堂入り後。認定章数でエリアと中間進化枠を段階解禁。,トーホクではベガ既存個体を保護。カントーでは高レベル個体・隠れ特性・タマゴ技探索を担当。,既存テーブル無変更,P0,ベガ既存入手法を完全保持,ベガ既存地点,ベガ既存入手法,既存値,トーホク図鑑No.024。内部種族ID・図鑑登録・イベント参照を変更しない。,カントー高レベル野生生態,トキワのもり,DexNav隠し枠／低確率タマゴ,通常0%／DexNav 2～5%,ベガ初回殿堂入り後。認定章数でエリアと中間進化枠を段階解禁。,通常系統は両地方で基礎種を捕獲可能。トーホクは早期育成、カントーは高レベル・隠れ特性・タマゴ技探索を担当。,V2二地方生態版／541系統配置マスター＋特殊個体イベントマスター
173,ピィ,cleffa,2,フェアリー,14,ベビィ含有,no,no,未収録・追加対象,新IDへ追加,殿堂入り後,ときのようかん,大量発生,発生中20～40%,主に基礎形のみ出現。中間・最終進化は原則として育成で入手。時間帯・天候は生態チケットで任意固定可能。,全国研究図鑑へ登録（トーホク386完成条件には含めない）,NATIONAL_EXT_0173（新規16bit ID）,ピィ,ピィ → ピッピ → ピクシー,外来生態レイヤーへ追加,T502,502ばんどうろ／すいどう,DexNav隠し枠／低確率タマゴ,Lv.3～6,通常0%／DexNav 2～5%,本編必須フラグを変更せず、外来生態フラグ・時間帯・DexNav・大量発生で制御,K27,おつきみやま,DexNav隠し枠／低確率タマゴ,Lv.73～80,通常0%／DexNav 2～5%,ベガ初回殿堂入り後。認定章数でエリアと中間進化枠を段階解禁。,トーホクは本編で使える低～中レベル基礎種、カントーは高レベル個体・中間進化・隠れ特性探索を担当。,ベガ既存11枠を上書きせず、CFRU側の条件付きオーバーレイ／DexNav／大量発生へ登録,P2,トーホク野生生態,502ばんどうろ／すいどう,DexNav隠し枠／低確率タマゴ,通常0%／DexNav 2～5%,本編必須フラグを変更せず、外来生態フラグ・時間帯・DexNav・大量発生で制御,カントー高レベル野生生態,おつきみやま,DexNav隠し枠／低確率タマゴ,通常0%／DexNav 2～5%,ベガ初回殿堂入り後。認定章数でエリアと中間進化枠を段階解禁。,通常系統は両地方で基礎種を捕獲可能。トーホクは早期育成、カントーは高レベル・隠れ特性・タマゴ技探索を担当。,V2二地方生態版／541系統配置マスター＋特殊個体イベントマスター
174,ププリン,igglybuff,2,ノーマル／フェアリー,16,ベビィ含有,no,no,未収録・追加対象,新IDへ追加,殿堂入り後,ニューアイランド,大量発生,発生中20～40%,主に基礎形のみ出現。中間・最終進化は原則として育成で入手。時間帯・天候は生態チケットで任意固定可能。,全国研究図鑑へ登録（トーホク386完成条件には含めない）,NATIONAL_EXT_0174（新規16bit ID）,ププリン,ププリン → プリン → プクリン,外来生態レイヤーへ追加,T502,502ばんどうろ／すいどう,DexNav隠し枠／低確率タマゴ,Lv.3～6,通常0%／DexNav 2～5%,本編必須フラグを変更せず、外来生態フラグ・時間帯・DexNav・大量発生で制御,K03,3ばんどうろ,DexNav隠し枠／低確率タマゴ,Lv.71～75,通常0%／DexNav 2～5%,ベガ初回殿堂入り後。認定章数でエリアと中間進化枠を段階解禁。,トーホクは本編で使える低～中レベル基礎種、カントーは高レベル個体・中間進化・隠れ特性探索を担当。,ベガ既存11枠を上書きせず、CFRU側の条件付きオーバーレイ／DexNav／大量発生へ登録,P2,トーホク野生生態,502ばんどうろ／すいどう,DexNav隠し枠／低確率タマゴ,通常0%／DexNav 2～5%,本編必須フラグを変更せず、外来生態フラグ・時間帯・DexNav・大量発生で制御,カントー高レベル野生生態,3ばんどうろ,DexNav隠し枠／低確率タマゴ,通常0%／DexNav 2～5%,ベガ初回殿堂入り後。認定章数でエリアと中間進化枠を段階解禁。,通常系統は両地方で基礎種を捕獲可能。トーホクは早期育成、カントーは高レベル・隠れ特性・タマゴ技探索を担当。,V2二地方生態版／541系統配置マスター＋特殊個体イベントマスター
175,トゲピー,togepi,2,フェアリー,87,ベビィ含有,no,no,既存（トーホク図鑑018）,既存ベガ個体を保持,ベガ既存進行,ベガ既存地点,ベガ既存入手法,既存値,トーホク図鑑No.018。内部種族ID・図鑑登録・イベント参照を変更しない。,トーホク図鑑にも既存番号で登録,VEGA_NATIVE_018（実ROMから確定）,トゲピー,トゲピー → トゲチック → トゲキッス,ベガ既存系統を完全保持,VEGA_NATIVE,ベガ既存地点（出現表・配布・進化を変更しない）,ベガ既存入手法,既存値,既存値,既存イベント・野生表・進化条件を原則維持。現代化で条件が壊れる場合のみ互換処理。,K03,3ばんどうろ,DexNav隠し枠／低確率タマゴ,Lv.71～75,通常0%／DexNav 2～5%,ベガ初回殿堂入り後。認定章数でエリアと中間進化枠を段階解禁。,トーホクではベガ既存個体を保護。カントーでは高レベル個体・隠れ特性・タマゴ技探索を担当。,既存テーブル無変更,P0,ベガ既存入手法を完全保持,ベガ既存地点,ベガ既存入手法,既存値,トーホク図鑑No.018。内部種族ID・図鑑登録・イベント参照を変更しない。,カントー高レベル野生生態,3ばんどうろ,DexNav隠し枠／低確率タマゴ,通常0%／DexNav 2～5%,ベガ初回殿堂入り後。認定章数でエリアと中間進化枠を段階解禁。,通常系統は両地方で基礎種を捕獲可能。トーホクは早期育成、カントーは高レベル・隠れ特性・タマゴ技探索を担当。,V2二地方生態版／541系統配置マスター＋特殊個体イベントマスター
176,トゲチック,togetic,2,フェアリー／ひこう,87,ベビィ含有,no,no,既存（トーホク図鑑019）,既存ベガ個体を保持,ベガ既存進行,ベガ既存地点,ベガ既存入手法,既存値,トーホク図鑑No.019。内部種族ID・図鑑登録・イベント参照を変更しない。,トーホク図鑑にも既存番号で登録,VEGA_NATIVE_019（実ROMから確定）,トゲピー,トゲピー → トゲチック → トゲキッス,ベガ既存系統を完全保持,VEGA_NATIVE,ベガ既存地点（出現表・配布・進化を変更しない）,ベガ既存入手法,既存値,既存値,既存イベント・野生表・進化条件を原則維持。現代化で条件が壊れる場合のみ互換処理。,K03,3ばんどうろ,DexNav隠し枠／低確率タマゴ,Lv.71～75,通常0%／DexNav 2～5%,ベガ初回殿堂入り後。認定章数でエリアと中間進化枠を段階解禁。,トーホクではベガ既存個体を保護。カントーでは高レベル個体・隠れ特性・タマゴ技探索を担当。,既存テーブル無変更,P0,ベガ既存入手法を完全保持,ベガ既存地点,ベガ既存入手法,既存値,トーホク図鑑No.019。内部種族ID・図鑑登録・イベント参照を変更しない。,トゲピーをカントーで捕獲して進化,3ばんどうろ,進化／認定章6個以降は中間進化がDexNav希少枠,通常野生は基礎種中心,ベガ初回殿堂入り後。認定章数でエリアと中間進化枠を段階解禁。,通常系統は両地方で基礎種を捕獲可能。トーホクは早期育成、カントーは高レベル・隠れ特性・タマゴ技探索を担当。,V2二地方生態版／541系統配置マスター＋特殊個体イベントマスター
177,ネイティ,natu,2,エスパー／ひこう,88,通常生態,no,no,未収録・追加対象,新IDへ追加,殿堂入り後,全国生態保護区（サファリ増設区画）,生態保護区ローテーション,対象日10～20%（チケットで固定可）,主に基礎形のみ出現。中間・最終進化は原則として育成で入手。時間帯・天候は生態チケットで任意固定可能。,全国研究図鑑へ登録（トーホク386完成条件には含めない）,NATIONAL_EXT_0177（新規16bit ID）,ネイティ,ネイティ → ネイティオ,外来生態レイヤーへ追加,T505,505ばんどうろ／すいどう,草むらオーバーレイ,Lv.10～14,追加抽選3～6%,本編必須フラグを変更せず、外来生態フラグ・時間帯・DexNav・大量発生で制御,K23,23ばんどうろ,草むらオーバーレイ,Lv.92～98,通常表8～15%,ベガ初回殿堂入り後。認定章数でエリアと中間進化枠を段階解禁。,トーホクは本編で使える低～中レベル基礎種、カントーは高レベル個体・中間進化・隠れ特性探索を担当。,ベガ既存11枠を上書きせず、CFRU側の条件付きオーバーレイ／DexNav／大量発生へ登録,P2,トーホク野生生態,505ばんどうろ／すいどう,草むらオーバーレイ,追加抽選3～6%,本編必須フラグを変更せず、外来生態フラグ・時間帯・DexNav・大量発生で制御,カントー高レベル野生生態,23ばんどうろ,草むらオーバーレイ,通常表8～15%,ベガ初回殿堂入り後。認定章数でエリアと中間進化枠を段階解禁。,通常系統は両地方で基礎種を捕獲可能。トーホクは早期育成、カントーは高レベル・隠れ特性・タマゴ技探索を担当。,V2二地方生態版／541系統配置マスター＋特殊個体イベントマスター
178,ネイティオ,xatu,2,エスパー／ひこう,88,通常生態,no,no,未収録・追加対象,新IDへ追加（進化入手）,殿堂入り後,全国生態保護区（サファリ増設区画）,進化,―,レベルアップ＋Lv.25以上（CFRU/DPEの対応トリガーを使用。通信・RTC必須にはしない）,全国研究図鑑へ登録（トーホク386完成条件には含めない）,NATIONAL_EXT_0178（新規16bit ID）,ネイティ,ネイティ → ネイティオ,外来生態レイヤーへ追加,T505,505ばんどうろ／すいどう,草むらオーバーレイ,Lv.10～14,追加抽選3～6%,本編必須フラグを変更せず、外来生態フラグ・時間帯・DexNav・大量発生で制御,K23,23ばんどうろ,草むらオーバーレイ,Lv.92～98,通常表8～15%,ベガ初回殿堂入り後。認定章数でエリアと中間進化枠を段階解禁。,トーホクは本編で使える低～中レベル基礎種、カントーは高レベル個体・中間進化・隠れ特性探索を担当。,ベガ既存11枠を上書きせず、CFRU側の条件付きオーバーレイ／DexNav／大量発生へ登録,P2,ネイティをトーホクで捕獲して進化,505ばんどうろ／すいどう,進化／殿堂入り後DexNavで中間進化が稀に出現,通常野生は基礎種のみ,本編必須フラグを変更せず、外来生態フラグ・時間帯・DexNav・大量発生で制御,ネイティをカントーで捕獲して進化,23ばんどうろ,進化／認定章6個以降は中間進化がDexNav希少枠,通常野生は基礎種中心,ベガ初回殿堂入り後。認定章数でエリアと中間進化枠を段階解禁。,通常系統は両地方で基礎種を捕獲可能。トーホクは早期育成、カントーは高レベル・隠れ特性・タマゴ技探索を担当。,V2二地方生態版／541系統配置マスター＋特殊個体イベントマスター
179,メリープ,mareep,2,でんき,89,通常生態,no,no,未収録・追加対象,新IDへ追加,殿堂入り後,D・Hビル／D・Hだんアジト,草むらオーバーレイ,8～12%,主に基礎形のみ出現。中間・最終進化は原則として育成で入手。時間帯・天候は生態チケットで任意固定可能。,全国研究図鑑へ登録（トーホク386完成条件には含めない）,NATIONAL_EXT_0179（新規16bit ID）,メリープ,メリープ → モココ → デンリュウ,外来生態レイヤーへ追加,T029,かみなりのしま,大量発生,Lv.30～40／殿堂入り後Lv.55～70,通常0%／発生中20～35%,本編必須フラグを変更せず、外来生態フラグ・時間帯・DexNav・大量発生で制御,K32,ロケットだんアジト跡,洞窟・屋内オーバーレイ,Lv.83～91,通常表8～15%,ベガ初回殿堂入り後。認定章数でエリアと中間進化枠を段階解禁。,トーホクは本編で使える低～中レベル基礎種、カントーは高レベル個体・中間進化・隠れ特性探索を担当。,ベガ既存11枠を上書きせず、CFRU側の条件付きオーバーレイ／DexNav／大量発生へ登録,P2,トーホク野生生態,かみなりのしま,大量発生,通常0%／発生中20～35%,本編必須フラグを変更せず、外来生態フラグ・時間帯・DexNav・大量発生で制御,カントー高レベル野生生態,ロケットだんアジト跡,洞窟・屋内オーバーレイ,通常表8～15%,ベガ初回殿堂入り後。認定章数でエリアと中間進化枠を段階解禁。,通常系統は両地方で基礎種を捕獲可能。トーホクは早期育成、カントーは高レベル・隠れ特性・タマゴ技探索を担当。,V2二地方生態版／541系統配置マスター＋特殊個体イベントマスター
180,モココ,flaaffy,2,でんき,89,通常生態,no,no,未収録・追加対象,新IDへ追加（進化入手）,殿堂入り後,D・Hビル／D・Hだんアジト,進化,―,レベルアップ＋Lv.15以上（CFRU/DPEの対応トリガーを使用。通信・RTC必須にはしない）,全国研究図鑑へ登録（トーホク386完成条件には含めない）,NATIONAL_EXT_0180（新規16bit ID）,メリープ,メリープ → モココ → デンリュウ,外来生態レイヤーへ追加,T029,かみなりのしま,大量発生,Lv.30～40／殿堂入り後Lv.55～70,通常0%／発生中20～35%,本編必須フラグを変更せず、外来生態フラグ・時間帯・DexNav・大量発生で制御,K32,ロケットだんアジト跡,洞窟・屋内オーバーレイ,Lv.83～91,通常表8～15%,ベガ初回殿堂入り後。認定章数でエリアと中間進化枠を段階解禁。,トーホクは本編で使える低～中レベル基礎種、カントーは高レベル個体・中間進化・隠れ特性探索を担当。,ベガ既存11枠を上書きせず、CFRU側の条件付きオーバーレイ／DexNav／大量発生へ登録,P2,メリープをトーホクで捕獲して進化,かみなりのしま,進化／殿堂入り後DexNavで中間進化が稀に出現,通常野生は基礎種のみ,本編必須フラグを変更せず、外来生態フラグ・時間帯・DexNav・大量発生で制御,メリープをカントーで捕獲して進化,ロケットだんアジト跡,進化／認定章6個以降は中間進化がDexNav希少枠,通常野生は基礎種中心,ベガ初回殿堂入り後。認定章数でエリアと中間進化枠を段階解禁。,通常系統は両地方で基礎種を捕獲可能。トーホクは早期育成、カントーは高レベル・隠れ特性・タマゴ技探索を担当。,V2二地方生態版／541系統配置マスター＋特殊個体イベントマスター
181,デンリュウ,ampharos,2,でんき,89,通常生態,no,no,未収録・追加対象,新IDへ追加（進化入手）,殿堂入り後,D・Hビル／D・Hだんアジト,進化,―,レベルアップ＋Lv.30以上（CFRU/DPEの対応トリガーを使用。通信・RTC必須にはしない）,全国研究図鑑へ登録（トーホク386完成条件には含めない）,NATIONAL_EXT_0181（新規16bit ID）,メリープ,メリープ → モココ → デンリュウ,外来生態レイヤーへ追加,T029,かみなりのしま,大量発生,Lv.30～40／殿堂入り後Lv.55～70,通常0%／発生中20～35%,本編必須フラグを変更せず、外来生態フラグ・時間帯・DexNav・大量発生で制御,K32,ロケットだんアジト跡,洞窟・屋内オーバーレイ,Lv.83～91,通常表8～15%,ベガ初回殿堂入り後。認定章数でエリアと中間進化枠を段階解禁。,トーホクは本編で使える低～中レベル基礎種、カントーは高レベル個体・中間進化・隠れ特性探索を担当。,ベガ既存11枠を上書きせず、CFRU側の条件付きオーバーレイ／DexNav／大量発生へ登録,P2,メリープをトーホクで捕獲して進化,かみなりのしま,進化／殿堂入り後DexNavで中間進化が稀に出現,通常野生は基礎種のみ,本編必須フラグを変更せず、外来生態フラグ・時間帯・DexNav・大量発生で制御,メリープをカントーで捕獲して進化,ロケットだんアジト跡,進化／認定章6個以降は中間進化がDexNav希少枠,通常野生は基礎種中心,ベガ初回殿堂入り後。認定章数でエリアと中間進化枠を段階解禁。,通常系統は両地方で基礎種を捕獲可能。トーホクは早期育成、カントーは高レベル・隠れ特性・タマゴ技探索を担当。,V2二地方生態版／541系統配置マスター＋特殊個体イベントマスター
182,キレイハナ,bellossom,2,くさ,18,通常生態,no,no,未収録・追加対象,新IDへ追加（進化入手）,殿堂入り後,サファリゾーン東,進化,―,道具使用＋たいようのいしを使う（CFRU/DPEの対応トリガーを使用。通信・RTC必須にはしない）,全国研究図鑑へ登録（トーホク386完成条件には含めない）,NATIONAL_EXT_0182（新規16bit ID）,ナゾノクサ,ナゾノクサ → クサイハナ → ラフレシア → キレイハナ,外来生態レイヤーへ追加,T504,504ばんどうろ／すいどう,草むらオーバーレイ,Lv.9～13,追加抽選3～6%,本編必須フラグを変更せず、外来生態フラグ・時間帯・DexNav・大量発生で制御,K05,5ばんどうろ,草むらオーバーレイ,Lv.74～79,通常表8～15%,ベガ初回殿堂入り後。認定章数でエリアと中間進化枠を段階解禁。,トーホクは本編で使える低～中レベル基礎種、カントーは高レベル個体・中間進化・隠れ特性探索を担当。,ベガ既存11枠を上書きせず、CFRU側の条件付きオーバーレイ／DexNav／大量発生へ登録,P2,ナゾノクサをトーホクで捕獲して進化,504ばんどうろ／すいどう,進化／殿堂入り後DexNavで中間進化が稀に出現,通常野生は基礎種のみ,本編必須フラグを変更せず、外来生態フラグ・時間帯・DexNav・大量発生で制御,ナゾノクサをカントーで捕獲して進化,5ばんどうろ,進化／認定章6個以降は中間進化がDexNav希少枠,通常野生は基礎種中心,ベガ初回殿堂入り後。認定章数でエリアと中間進化枠を段階解禁。,通常系統は両地方で基礎種を捕獲可能。トーホクは早期育成、カントーは高レベル・隠れ特性・タマゴ技探索を担当。,V2二地方生態版／541系統配置マスター＋特殊個体イベントマスター
183,マリル,marill,2,みず／フェアリー,90,ベビィ含有,no,no,未収録・追加対象,新IDへ追加（進化入手）,殿堂入り後,シオウ近海,進化,―,レベルアップ＋なつき度160以上（CFRU/DPEの対応トリガーを使用。通信・RTC必須にはしない）,全国研究図鑑へ登録（トーホク386完成条件には含めない）,NATIONAL_EXT_0183（新規16bit ID）,ルリリ,ルリリ → マリル → マリルリ,外来生態レイヤーへ追加,T508,508ばんどうろ／すいどう,DexNav隠し枠／低確率タマゴ,Lv.19～25,通常0%／DexNav 2～5%,本編必須フラグを変更せず、外来生態フラグ・時間帯・DexNav・大量発生で制御,K15,15ばんどうろ,DexNav隠し枠／低確率タマゴ,Lv.85～90,通常0%／DexNav 2～5%,ベガ初回殿堂入り後。認定章数でエリアと中間進化枠を段階解禁。,トーホクは本編で使える低～中レベル基礎種、カントーは高レベル個体・中間進化・隠れ特性探索を担当。,ベガ既存11枠を上書きせず、CFRU側の条件付きオーバーレイ／DexNav／大量発生へ登録,P2,ルリリをトーホクで捕獲して進化,508ばんどうろ／すいどう,進化／殿堂入り後DexNavで中間進化が稀に出現,通常野生は基礎種のみ,本編必須フラグを変更せず、外来生態フラグ・時間帯・DexNav・大量発生で制御,ルリリをカントーで捕獲して進化,15ばんどうろ,進化／認定章6個以降は中間進化がDexNav希少枠,通常野生は基礎種中心,ベガ初回殿堂入り後。認定章数でエリアと中間進化枠を段階解禁。,通常系統は両地方で基礎種を捕獲可能。トーホクは早期育成、カントーは高レベル・隠れ特性・タマゴ技探索を担当。,V2二地方生態版／541系統配置マスター＋特殊個体イベントマスター
184,マリルリ,azumarill,2,みず／フェアリー,90,ベビィ含有,no,no,未収録・追加対象,新IDへ追加（進化入手）,殿堂入り後,シオウ近海,進化,―,レベルアップ＋Lv.18以上（CFRU/DPEの対応トリガーを使用。通信・RTC必須にはしない）,全国研究図鑑へ登録（トーホク386完成条件には含めない）,NATIONAL_EXT_0184（新規16bit ID）,ルリリ,ルリリ → マリル → マリルリ,外来生態レイヤーへ追加,T508,508ばんどうろ／すいどう,DexNav隠し枠／低確率タマゴ,Lv.19～25,通常0%／DexNav 2～5%,本編必須フラグを変更せず、外来生態フラグ・時間帯・DexNav・大量発生で制御,K15,15ばんどうろ,DexNav隠し枠／低確率タマゴ,Lv.85～90,通常0%／DexNav 2～5%,ベガ初回殿堂入り後。認定章数でエリアと中間進化枠を段階解禁。,トーホクは本編で使える低～中レベル基礎種、カントーは高レベル個体・中間進化・隠れ特性探索を担当。,ベガ既存11枠を上書きせず、CFRU側の条件付きオーバーレイ／DexNav／大量発生へ登録,P2,ルリリをトーホクで捕獲して進化,508ばんどうろ／すいどう,進化／殿堂入り後DexNavで中間進化が稀に出現,通常野生は基礎種のみ,本編必須フラグを変更せず、外来生態フラグ・時間帯・DexNav・大量発生で制御,ルリリをカントーで捕獲して進化,15ばんどうろ,進化／認定章6個以降は中間進化がDexNav希少枠,通常野生は基礎種中心,ベガ初回殿堂入り後。認定章数でエリアと中間進化枠を段階解禁。,通常系統は両地方で基礎種を捕獲可能。トーホクは早期育成、カントーは高レベル・隠れ特性・タマゴ技探索を担当。,V2二地方生態版／541系統配置マスター＋特殊個体イベントマスター
185,ウソッキー,sudowoodo,2,いわ,91,ベビィ含有,no,no,未収録・追加対象,新IDへ追加（進化入手）,殿堂入り後,サファリゾーン西,進化,―,レベルアップ＋ものまねを覚えている（CFRU/DPEの対応トリガーを使用。通信・RTC必須にはしない）,全国研究図鑑へ登録（トーホク386完成条件には含めない）,NATIONAL_EXT_0185（新規16bit ID）,ウソハチ,ウソハチ → ウソッキー,外来生態レイヤーへ追加,T028,ひのしま,DexNav隠し枠／低確率タマゴ,Lv.30～40／殿堂入り後Lv.55～70,通常0%／DexNav 2～5%,本編必須フラグを変更せず、外来生態フラグ・時間帯・DexNav・大量発生で制御,K30,イワヤマトンネル,DexNav隠し枠／低確率タマゴ,Lv.80～87,通常0%／DexNav 2～5%,ベガ初回殿堂入り後。認定章数でエリアと中間進化枠を段階解禁。,トーホクは本編で使える低～中レベル基礎種、カントーは高レベル個体・中間進化・隠れ特性探索を担当。,ベガ既存11枠を上書きせず、CFRU側の条件付きオーバーレイ／DexNav／大量発生へ登録,P2,ウソハチをトーホクで捕獲して進化,ひのしま,進化／殿堂入り後DexNavで中間進化が稀に出現,通常野生は基礎種のみ,本編必須フラグを変更せず、外来生態フラグ・時間帯・DexNav・大量発生で制御,ウソハチをカントーで捕獲して進化,イワヤマトンネル,進化／認定章6個以降は中間進化がDexNav希少枠,通常野生は基礎種中心,ベガ初回殿堂入り後。認定章数でエリアと中間進化枠を段階解禁。,通常系統は両地方で基礎種を捕獲可能。トーホクは早期育成、カントーは高レベル・隠れ特性・タマゴ技探索を担当。,V2二地方生態版／541系統配置マスター＋特殊個体イベントマスター
186,ニョロトノ,politoed,2,みず,26,通常生態,no,no,未収録・追加対象,新IDへ追加（進化入手）,殿堂入り後,こおりのしま,進化,―,おうじゃのしるしを持たせて「つながりのヒモ」を使用。NPC交換でも進化可。,全国研究図鑑へ登録（トーホク386完成条件には含めない）,NATIONAL_EXT_0186（新規16bit ID）,ニョロモ,ニョロモ → ニョロゾ → ニョロボン → ニョロトノ,外来生態レイヤーへ追加,T512,512ばんどうろ／すいどう,水上オーバーレイ,Lv.27～33,追加抽選4～8%,本編必須フラグを変更せず、外来生態フラグ・時間帯・DexNav・大量発生で制御,K25,25ばんどうろ,水上オーバーレイ,Lv.75～80,通常表10～20%,ベガ初回殿堂入り後。認定章数でエリアと中間進化枠を段階解禁。,トーホクは本編で使える低～中レベル基礎種、カントーは高レベル個体・中間進化・隠れ特性探索を担当。,ベガ既存11枠を上書きせず、CFRU側の条件付きオーバーレイ／DexNav／大量発生へ登録,P2,ニョロモをトーホクで捕獲して進化,512ばんどうろ／すいどう,進化／殿堂入り後DexNavで中間進化が稀に出現,通常野生は基礎種のみ,本編必須フラグを変更せず、外来生態フラグ・時間帯・DexNav・大量発生で制御,ニョロモをカントーで捕獲して進化,25ばんどうろ,進化／認定章6個以降は中間進化がDexNav希少枠,通常野生は基礎種中心,ベガ初回殿堂入り後。認定章数でエリアと中間進化枠を段階解禁。,通常系統は両地方で基礎種を捕獲可能。トーホクは早期育成、カントーは高レベル・隠れ特性・タマゴ技探索を担当。,V2二地方生態版／541系統配置マスター＋特殊個体イベントマスター
187,ハネッコ,hoppip,2,くさ／ひこう,92,通常生態,no,no,未収録・追加対象,新IDへ追加,殿堂入り後,521～523ばんどうろ,大量発生,発生中20～40%,主に基礎形のみ出現。中間・最終進化は原則として育成で入手。時間帯・天候は生態チケットで任意固定可能。,全国研究図鑑へ登録（トーホク386完成条件には含めない）,NATIONAL_EXT_0187（新規16bit ID）,ハネッコ,ハネッコ → ポポッコ → ワタッコ,外来生態レイヤーへ追加,T505,505ばんどうろ／すいどう,草むらオーバーレイ,Lv.10～14,追加抽選3～6%,本編必須フラグを変更せず、外来生態フラグ・時間帯・DexNav・大量発生で制御,K02,2ばんどうろ,ずつき／朝昼オーバーレイ,Lv.69～73,通常表8～15%,ベガ初回殿堂入り後。認定章数でエリアと中間進化枠を段階解禁。,トーホクは本編で使える低～中レベル基礎種、カントーは高レベル個体・中間進化・隠れ特性探索を担当。,ベガ既存11枠を上書きせず、CFRU側の条件付きオーバーレイ／DexNav／大量発生へ登録,P2,トーホク野生生態,505ばんどうろ／すいどう,草むらオーバーレイ,追加抽選3～6%,本編必須フラグを変更せず、外来生態フラグ・時間帯・DexNav・大量発生で制御,カントー高レベル野生生態,2ばんどうろ,ずつき／朝昼オーバーレイ,通常表8～15%,ベガ初回殿堂入り後。認定章数でエリアと中間進化枠を段階解禁。,通常系統は両地方で基礎種を捕獲可能。トーホクは早期育成、カントーは高レベル・隠れ特性・タマゴ技探索を担当。,V2二地方生態版／541系統配置マスター＋特殊個体イベントマスター
188,ポポッコ,skiploom,2,くさ／ひこう,92,通常生態,no,no,未収録・追加対象,新IDへ追加（進化入手）,殿堂入り後,521～523ばんどうろ,進化,―,レベルアップ＋Lv.18以上（CFRU/DPEの対応トリガーを使用。通信・RTC必須にはしない）,全国研究図鑑へ登録（トーホク386完成条件には含めない）,NATIONAL_EXT_0188（新規16bit ID）,ハネッコ,ハネッコ → ポポッコ → ワタッコ,外来生態レイヤーへ追加,T505,505ばんどうろ／すいどう,草むらオーバーレイ,Lv.10～14,追加抽選3～6%,本編必須フラグを変更せず、外来生態フラグ・時間帯・DexNav・大量発生で制御,K02,2ばんどうろ,ずつき／朝昼オーバーレイ,Lv.69～73,通常表8～15%,ベガ初回殿堂入り後。認定章数でエリアと中間進化枠を段階解禁。,トーホクは本編で使える低～中レベル基礎種、カントーは高レベル個体・中間進化・隠れ特性探索を担当。,ベガ既存11枠を上書きせず、CFRU側の条件付きオーバーレイ／DexNav／大量発生へ登録,P2,ハネッコをトーホクで捕獲して進化,505ばんどうろ／すいどう,進化／殿堂入り後DexNavで中間進化が稀に出現,通常野生は基礎種のみ,本編必須フラグを変更せず、外来生態フラグ・時間帯・DexNav・大量発生で制御,ハネッコをカントーで捕獲して進化,2ばんどうろ,進化／認定章6個以降は中間進化がDexNav希少枠,通常野生は基礎種中心,ベガ初回殿堂入り後。認定章数でエリアと中間進化枠を段階解禁。,通常系統は両地方で基礎種を捕獲可能。トーホクは早期育成、カントーは高レベル・隠れ特性・タマゴ技探索を担当。,V2二地方生態版／541系統配置マスター＋特殊個体イベントマスター
189,ワタッコ,jumpluff,2,くさ／ひこう,92,通常生態,no,no,未収録・追加対象,新IDへ追加（進化入手）,殿堂入り後,521～523ばんどうろ,進化,―,レベルアップ＋Lv.27以上（CFRU/DPEの対応トリガーを使用。通信・RTC必須にはしない）,全国研究図鑑へ登録（トーホク386完成条件には含めない）,NATIONAL_EXT_0189（新規16bit ID）,ハネッコ,ハネッコ → ポポッコ → ワタッコ,外来生態レイヤーへ追加,T505,505ばんどうろ／すいどう,草むらオーバーレイ,Lv.10～14,追加抽選3～6%,本編必須フラグを変更せず、外来生態フラグ・時間帯・DexNav・大量発生で制御,K02,2ばんどうろ,ずつき／朝昼オーバーレイ,Lv.69～73,通常表8～15%,ベガ初回殿堂入り後。認定章数でエリアと中間進化枠を段階解禁。,トーホクは本編で使える低～中レベル基礎種、カントーは高レベル個体・中間進化・隠れ特性探索を担当。,ベガ既存11枠を上書きせず、CFRU側の条件付きオーバーレイ／DexNav／大量発生へ登録,P2,ハネッコをトーホクで捕獲して進化,505ばんどうろ／すいどう,進化／殿堂入り後DexNavで中間進化が稀に出現,通常野生は基礎種のみ,本編必須フラグを変更せず、外来生態フラグ・時間帯・DexNav・大量発生で制御,ハネッコをカントーで捕獲して進化,2ばんどうろ,進化／認定章6個以降は中間進化がDexNav希少枠,通常野生は基礎種中心,ベガ初回殿堂入り後。認定章数でエリアと中間進化枠を段階解禁。,通常系統は両地方で基礎種を捕獲可能。トーホクは早期育成、カントーは高レベル・隠れ特性・タマゴ技探索を担当。,V2二地方生態版／541系統配置マスター＋特殊個体イベントマスター
190,エイパム,aipom,2,ノーマル,93,通常生態,no,no,未収録・追加対象,新IDへ追加,殿堂入り後,501ばんどうろ,図鑑ナビ隠し枠,通常表0%／ナビ検索時1～5%,主に基礎形のみ出現。中間・最終進化は原則として育成で入手。時間帯・天候は生態チケットで任意固定可能。,全国研究図鑑へ登録（トーホク386完成条件には含めない）,NATIONAL_EXT_0190（新規16bit ID）,エイパム,エイパム → エテボース,外来生態レイヤーへ追加,T503,503ばんどうろ／すいどう,草むらオーバーレイ,Lv.5～9,追加抽選3～6%,本編必須フラグを変更せず、外来生態フラグ・時間帯・DexNav・大量発生で制御,K16,16ばんどうろ,草むらオーバーレイ,Lv.81～86,通常表8～15%,ベガ初回殿堂入り後。認定章数でエリアと中間進化枠を段階解禁。,トーホクは本編で使える低～中レベル基礎種、カントーは高レベル個体・中間進化・隠れ特性探索を担当。,ベガ既存11枠を上書きせず、CFRU側の条件付きオーバーレイ／DexNav／大量発生へ登録,P2,トーホク野生生態,503ばんどうろ／すいどう,草むらオーバーレイ,追加抽選3～6%,本編必須フラグを変更せず、外来生態フラグ・時間帯・DexNav・大量発生で制御,カントー高レベル野生生態,16ばんどうろ,草むらオーバーレイ,通常表8～15%,ベガ初回殿堂入り後。認定章数でエリアと中間進化枠を段階解禁。,通常系統は両地方で基礎種を捕獲可能。トーホクは早期育成、カントーは高レベル・隠れ特性・タマゴ技探索を担当。,V2二地方生態版／541系統配置マスター＋特殊個体イベントマスター
191,ヒマナッツ,sunkern,2,くさ,94,通常生態,no,no,未収録・追加対象,新IDへ追加,殿堂入り後,ハクジのもり,草むらオーバーレイ,8～12%,主に基礎形のみ出現。中間・最終進化は原則として育成で入手。時間帯・天候は生態チケットで任意固定可能。,全国研究図鑑へ登録（トーホク386完成条件には含めない）,NATIONAL_EXT_0191（新規16bit ID）,ヒマナッツ,ヒマナッツ → キマワリ,外来生態レイヤーへ追加,T026,ハクジのもり,ずつき／朝昼オーバーレイ,Lv.38～48／殿堂入り後Lv.50～65,追加抽選3～6%,本編必須フラグを変更せず、外来生態フラグ・時間帯・DexNav・大量発生で制御,K02,2ばんどうろ,ずつき／朝昼オーバーレイ,Lv.69～73,通常表8～15%,ベガ初回殿堂入り後。認定章数でエリアと中間進化枠を段階解禁。,トーホクは本編で使える低～中レベル基礎種、カントーは高レベル個体・中間進化・隠れ特性探索を担当。,ベガ既存11枠を上書きせず、CFRU側の条件付きオーバーレイ／DexNav／大量発生へ登録,P2,トーホク野生生態,ハクジのもり,ずつき／朝昼オーバーレイ,追加抽選3～6%,本編必須フラグを変更せず、外来生態フラグ・時間帯・DexNav・大量発生で制御,カントー高レベル野生生態,2ばんどうろ,ずつき／朝昼オーバーレイ,通常表8～15%,ベガ初回殿堂入り後。認定章数でエリアと中間進化枠を段階解禁。,通常系統は両地方で基礎種を捕獲可能。トーホクは早期育成、カントーは高レベル・隠れ特性・タマゴ技探索を担当。,V2二地方生態版／541系統配置マスター＋特殊個体イベントマスター
192,キマワリ,sunflora,2,くさ,94,通常生態,no,no,未収録・追加対象,新IDへ追加（進化入手）,殿堂入り後,ハクジのもり,進化,―,道具使用＋たいようのいしを使う（CFRU/DPEの対応トリガーを使用。通信・RTC必須にはしない）,全国研究図鑑へ登録（トーホク386完成条件には含めない）,NATIONAL_EXT_0192（新規16bit ID）,ヒマナッツ,ヒマナッツ → キマワリ,外来生態レイヤーへ追加,T026,ハクジのもり,ずつき／朝昼オーバーレイ,Lv.38～48／殿堂入り後Lv.50～65,追加抽選3～6%,本編必須フラグを変更せず、外来生態フラグ・時間帯・DexNav・大量発生で制御,K02,2ばんどうろ,ずつき／朝昼オーバーレイ,Lv.69～73,通常表8～15%,ベガ初回殿堂入り後。認定章数でエリアと中間進化枠を段階解禁。,トーホクは本編で使える低～中レベル基礎種、カントーは高レベル個体・中間進化・隠れ特性探索を担当。,ベガ既存11枠を上書きせず、CFRU側の条件付きオーバーレイ／DexNav／大量発生へ登録,P2,ヒマナッツをトーホクで捕獲して進化,ハクジのもり,進化／殿堂入り後DexNavで中間進化が稀に出現,通常野生は基礎種のみ,本編必須フラグを変更せず、外来生態フラグ・時間帯・DexNav・大量発生で制御,ヒマナッツをカントーで捕獲して進化,2ばんどうろ,進化／認定章6個以降は中間進化がDexNav希少枠,通常野生は基礎種中心,ベガ初回殿堂入り後。認定章数でエリアと中間進化枠を段階解禁。,通常系統は両地方で基礎種を捕獲可能。トーホクは早期育成、カントーは高レベル・隠れ特性・タマゴ技探索を担当。,V2二地方生態版／541系統配置マスター＋特殊個体イベントマスター
193,ヤンヤンマ,yanma,2,むし／ひこう,95,通常生態,no,no,未収録・追加対象,新IDへ追加,殿堂入り後,502ばんどうろ,ずつき,4～5%,主に基礎形のみ出現。中間・最終進化は原則として育成で入手。時間帯・天候は生態チケットで任意固定可能。,全国研究図鑑へ登録（トーホク386完成条件には含めない）,NATIONAL_EXT_0193（新規16bit ID）,ヤンヤンマ,ヤンヤンマ → メガヤンマ,外来生態レイヤーへ追加,T502,502ばんどうろ／すいどう,ずつき／朝昼オーバーレイ,Lv.3～6,追加抽選3～6%,本編必須フラグを変更せず、外来生態フラグ・時間帯・DexNav・大量発生で制御,K24,24ばんどうろ,草むらオーバーレイ,Lv.74～79,通常表8～15%,ベガ初回殿堂入り後。認定章数でエリアと中間進化枠を段階解禁。,トーホクは本編で使える低～中レベル基礎種、カントーは高レベル個体・中間進化・隠れ特性探索を担当。,ベガ既存11枠を上書きせず、CFRU側の条件付きオーバーレイ／DexNav／大量発生へ登録,P2,トーホク野生生態,502ばんどうろ／すいどう,ずつき／朝昼オーバーレイ,追加抽選3～6%,本編必須フラグを変更せず、外来生態フラグ・時間帯・DexNav・大量発生で制御,カントー高レベル野生生態,24ばんどうろ,草むらオーバーレイ,通常表8～15%,ベガ初回殿堂入り後。認定章数でエリアと中間進化枠を段階解禁。,通常系統は両地方で基礎種を捕獲可能。トーホクは早期育成、カントーは高レベル・隠れ特性・タマゴ技探索を担当。,V2二地方生態版／541系統配置マスター＋特殊個体イベントマスター
194,ウパー,wooper,2,みず／じめん,96,通常生態,no,no,未収録・追加対象,新IDへ追加,殿堂入り後,507～509ばんどうろ・水道,水上,8～12%,主に基礎形のみ出現。中間・最終進化は原則として育成で入手。時間帯・天候は生態チケットで任意固定可能。,全国研究図鑑へ登録（トーホク386完成条件には含めない）,NATIONAL_EXT_0194（新規16bit ID）,ウパー,ウパー → ヌオー → ドオー,外来生態レイヤーへ追加,T027,かいていトンネル,釣りオーバーレイ,Lv.20～30,追加抽選4～8%,本編必須フラグを変更せず、外来生態フラグ・時間帯・DexNav・大量発生で制御,K06,6ばんどうろ,釣りオーバーレイ,Lv.75～80,通常表10～20%,ベガ初回殿堂入り後。認定章数でエリアと中間進化枠を段階解禁。,トーホクは本編で使える低～中レベル基礎種、カントーは高レベル個体・中間進化・隠れ特性探索を担当。,ベガ既存11枠を上書きせず、CFRU側の条件付きオーバーレイ／DexNav／大量発生へ登録,P2,トーホク野生生態,かいていトンネル,釣りオーバーレイ,追加抽選4～8%,本編必須フラグを変更せず、外来生態フラグ・時間帯・DexNav・大量発生で制御,カントー高レベル野生生態,6ばんどうろ,釣りオーバーレイ,通常表10～20%,ベガ初回殿堂入り後。認定章数でエリアと中間進化枠を段階解禁。,通常系統は両地方で基礎種を捕獲可能。トーホクは早期育成、カントーは高レベル・隠れ特性・タマゴ技探索を担当。,V2二地方生態版／541系統配置マスター＋特殊個体イベントマスター
195,ヌオー,quagsire,2,みず／じめん,96,通常生態,no,no,未収録・追加対象,新IDへ追加（進化入手）,殿堂入り後,507～509ばんどうろ・水道,進化,―,レベルアップ＋Lv.20以上（CFRU/DPEの対応トリガーを使用。通信・RTC必須にはしない）,全国研究図鑑へ登録（トーホク386完成条件には含めない）,NATIONAL_EXT_0195（新規16bit ID）,ウパー,ウパー → ヌオー → ドオー,外来生態レイヤーへ追加,T027,かいていトンネル,釣りオーバーレイ,Lv.20～30,追加抽選4～8%,本編必須フラグを変更せず、外来生態フラグ・時間帯・DexNav・大量発生で制御,K06,6ばんどうろ,釣りオーバーレイ,Lv.75～80,通常表10～20%,ベガ初回殿堂入り後。認定章数でエリアと中間進化枠を段階解禁。,トーホクは本編で使える低～中レベル基礎種、カントーは高レベル個体・中間進化・隠れ特性探索を担当。,ベガ既存11枠を上書きせず、CFRU側の条件付きオーバーレイ／DexNav／大量発生へ登録,P2,ウパーをトーホクで捕獲して進化,かいていトンネル,進化／殿堂入り後DexNavで中間進化が稀に出現,通常野生は基礎種のみ,本編必須フラグを変更せず、外来生態フラグ・時間帯・DexNav・大量発生で制御,ウパーをカントーで捕獲して進化,6ばんどうろ,進化／認定章6個以降は中間進化がDexNav希少枠,通常野生は基礎種中心,ベガ初回殿堂入り後。認定章数でエリアと中間進化枠を段階解禁。,通常系統は両地方で基礎種を捕獲可能。トーホクは早期育成、カントーは高レベル・隠れ特性・タマゴ技探索を担当。,V2二地方生態版／541系統配置マスター＋特殊個体イベントマスター
196,エーフィ,espeon,2,エスパー,67,通常生態,no,no,未収録・追加対象,新IDへ追加（進化入手）,殿堂入り後,全国生態保護区（サファリ増設区画）,進化,―,レベルアップ＋昼＋なつき度160以上（CFRU/DPEの対応トリガーを使用。通信・RTC必須にはしない）,全国研究図鑑へ登録（トーホク386完成条件には含めない）,NATIONAL_EXT_0196（新規16bit ID）,イーブイ,イーブイ → シャワーズ → サンダース → ブースター → エーフィ → ブラッキー → リーフィア → グレイシア → ニンフィア,外来生態レイヤーへ追加,T029,かみなりのしま,夜間オーバーレイ,Lv.30～40／殿堂入り後Lv.55～70,追加抽選3～6%,本編必須フラグを変更せず、外来生態フラグ・時間帯・DexNav・大量発生で制御,K33,タマムシ温室,ずつき／朝昼オーバーレイ,Lv.82～90,通常表8～15%,ベガ初回殿堂入り後。認定章数でエリアと中間進化枠を段階解禁。,トーホクは本編で使える低～中レベル基礎種、カントーは高レベル個体・中間進化・隠れ特性探索を担当。,ベガ既存11枠を上書きせず、CFRU側の条件付きオーバーレイ／DexNav／大量発生へ登録,P2,イーブイをトーホクで捕獲して進化,かみなりのしま,進化／殿堂入り後DexNavで中間進化が稀に出現,通常野生は基礎種のみ,本編必須フラグを変更せず、外来生態フラグ・時間帯・DexNav・大量発生で制御,イーブイをカントーで捕獲して進化,タマムシ温室,進化／認定章6個以降は中間進化がDexNav希少枠,通常野生は基礎種中心,ベガ初回殿堂入り後。認定章数でエリアと中間進化枠を段階解禁。,通常系統は両地方で基礎種を捕獲可能。トーホクは早期育成、カントーは高レベル・隠れ特性・タマゴ技探索を担当。,V2二地方生態版／541系統配置マスター＋特殊個体イベントマスター
197,ブラッキー,umbreon,2,あく,67,通常生態,no,no,未収録・追加対象,新IDへ追加（進化入手）,殿堂入り後,全国生態保護区（サファリ増設区画）,進化,―,レベルアップ＋夜＋なつき度160以上（CFRU/DPEの対応トリガーを使用。通信・RTC必須にはしない）,全国研究図鑑へ登録（トーホク386完成条件には含めない）,NATIONAL_EXT_0197（新規16bit ID）,イーブイ,イーブイ → シャワーズ → サンダース → ブースター → エーフィ → ブラッキー → リーフィア → グレイシア → ニンフィア,外来生態レイヤーへ追加,T029,かみなりのしま,夜間オーバーレイ,Lv.30～40／殿堂入り後Lv.55～70,追加抽選3～6%,本編必須フラグを変更せず、外来生態フラグ・時間帯・DexNav・大量発生で制御,K33,タマムシ温室,ずつき／朝昼オーバーレイ,Lv.82～90,通常表8～15%,ベガ初回殿堂入り後。認定章数でエリアと中間進化枠を段階解禁。,トーホクは本編で使える低～中レベル基礎種、カントーは高レベル個体・中間進化・隠れ特性探索を担当。,ベガ既存11枠を上書きせず、CFRU側の条件付きオーバーレイ／DexNav／大量発生へ登録,P2,イーブイをトーホクで捕獲して進化,かみなりのしま,進化／殿堂入り後DexNavで中間進化が稀に出現,通常野生は基礎種のみ,本編必須フラグを変更せず、外来生態フラグ・時間帯・DexNav・大量発生で制御,イーブイをカントーで捕獲して進化,タマムシ温室,進化／認定章6個以降は中間進化がDexNav希少枠,通常野生は基礎種中心,ベガ初回殿堂入り後。認定章数でエリアと中間進化枠を段階解禁。,通常系統は両地方で基礎種を捕獲可能。トーホクは早期育成、カントーは高レベル・隠れ特性・タマゴ技探索を担当。,V2二地方生態版／541系統配置マスター＋特殊個体イベントマスター
198,ヤミカラス,murkrow,2,あく／ひこう,97,通常生態,no,no,既存（トーホク図鑑226）,既存ベガ個体を保持,ベガ既存進行,ベガ既存地点,ベガ既存入手法,既存値,トーホク図鑑No.226。内部種族ID・図鑑登録・イベント参照を変更しない。,トーホク図鑑にも既存番号で登録,VEGA_NATIVE_226（実ROMから確定）,ヤミカラス,ヤミカラス → ドンカラス,ベガ既存系統を完全保持,VEGA_NATIVE,ベガ既存地点（出現表・配布・進化を変更しない）,ベガ既存入手法,既存値,既存値,既存イベント・野生表・進化条件を原則維持。現代化で条件が壊れる場合のみ互換処理。,K11,11ばんどうろ,夜間オーバーレイ,Lv.76～82,夜間8～12%,ベガ初回殿堂入り後。認定章数でエリアと中間進化枠を段階解禁。,トーホクではベガ既存個体を保護。カントーでは高レベル個体・隠れ特性・タマゴ技探索を担当。,既存テーブル無変更,P0,ベガ既存入手法を完全保持,ベガ既存地点,ベガ既存入手法,既存値,トーホク図鑑No.226。内部種族ID・図鑑登録・イベント参照を変更しない。,カントー高レベル野生生態,11ばんどうろ,夜間オーバーレイ,夜間8～12%,ベガ初回殿堂入り後。認定章数でエリアと中間進化枠を段階解禁。,通常系統は両地方で基礎種を捕獲可能。トーホクは早期育成、カントーは高レベル・隠れ特性・タマゴ技探索を担当。,V2二地方生態版／541系統配置マスター＋特殊個体イベントマスター
199,ヤドキング,slowking,2,みず／エスパー,33,通常生態,no,no,未収録・追加対象,新IDへ追加（進化入手）,殿堂入り後,507～509ばんどうろ・水道,進化,―,おうじゃのしるしを持たせて「つながりのヒモ」を使用。NPC交換でも進化可。,全国研究図鑑へ登録（トーホク386完成条件には含めない）,NATIONAL_EXT_0199（新規16bit ID）,ヤドン,ヤドン → ヤドラン → ヤドキング,外来生態レイヤーへ追加,T508,508ばんどうろ／すいどう,水上オーバーレイ,Lv.19～25,追加抽選4～8%,本編必須フラグを変更せず、外来生態フラグ・時間帯・DexNav・大量発生で制御,K38,ふたごじま,水上オーバーレイ,Lv.88～96,通常表10～20%,ベガ初回殿堂入り後。認定章数でエリアと中間進化枠を段階解禁。,トーホクは本編で使える低～中レベル基礎種、カントーは高レベル個体・中間進化・隠れ特性探索を担当。,ベガ既存11枠を上書きせず、CFRU側の条件付きオーバーレイ／DexNav／大量発生へ登録,P2,ヤドンをトーホクで捕獲して進化,508ばんどうろ／すいどう,進化／殿堂入り後DexNavで中間進化が稀に出現,通常野生は基礎種のみ,本編必須フラグを変更せず、外来生態フラグ・時間帯・DexNav・大量発生で制御,ヤドンをカントーで捕獲して進化,ふたごじま,進化／認定章6個以降は中間進化がDexNav希少枠,通常野生は基礎種中心,ベガ初回殿堂入り後。認定章数でエリアと中間進化枠を段階解禁。,通常系統は両地方で基礎種を捕獲可能。トーホクは早期育成、カントーは高レベル・隠れ特性・タマゴ技探索を担当。,V2二地方生態版／541系統配置マスター＋特殊個体イベントマスター
200,ムウマ,misdreavus,2,ゴースト,98,通常生態,no,no,未収録・追加対象,新IDへ追加,殿堂入り後,こころのやかた,図鑑ナビ隠し枠,通常表0%／ナビ検索時1～5%,主に基礎形のみ出現。中間・最終進化は原則として育成で入手。時間帯・天候は生態チケットで任意固定可能。,全国研究図鑑へ登録（トーホク386完成条件には含めない）,NATIONAL_EXT_0200（新規16bit ID）,ムウマ,ムウマ → ムウマージ,外来生態レイヤーへ追加,T033,ときのようかん,夜間オーバーレイ,Lv.43～55／殿堂入り後Lv.60～75,追加抽選3～6%,本編必須フラグを変更せず、外来生態フラグ・時間帯・DexNav・大量発生で制御,K31,ポケモンタワー,夜間オーバーレイ,Lv.82～90,夜間8～12%,ベガ初回殿堂入り後。認定章数でエリアと中間進化枠を段階解禁。,トーホクは本編で使える低～中レベル基礎種、カントーは高レベル個体・中間進化・隠れ特性探索を担当。,ベガ既存11枠を上書きせず、CFRU側の条件付きオーバーレイ／DexNav／大量発生へ登録,P2,トーホク野生生態,ときのようかん,夜間オーバーレイ,追加抽選3～6%,本編必須フラグを変更せず、外来生態フラグ・時間帯・DexNav・大量発生で制御,カントー高レベル野生生態,ポケモンタワー,夜間オーバーレイ,夜間8～12%,ベガ初回殿堂入り後。認定章数でエリアと中間進化枠を段階解禁。,通常系統は両地方で基礎種を捕獲可能。トーホクは早期育成、カントーは高レベル・隠れ特性・タマゴ技探索を担当。,V2二地方生態版／541系統配置マスター＋特殊個体イベントマスター
201,アンノーン,unown,2,エスパー,99,通常生態,no,no,既存（トーホク図鑑201）,既存ベガ個体を保持,ベガ既存進行,ベガ既存地点,ベガ既存入手法,既存値,トーホク図鑑No.201。内部種族ID・図鑑登録・イベント参照を変更しない。,トーホク図鑑にも既存番号で登録,VEGA_NATIVE_201（実ROMから確定）,アンノーン,アンノーン,ベガ既存系統を完全保持,VEGA_NATIVE,ベガ既存地点（出現表・配布・進化を変更しない）,ベガ既存入手法,既存値,既存値,既存イベント・野生表・進化条件を原則維持。現代化で条件が壊れる場合のみ互換処理。,K41,シルフカンパニー,洞窟・屋内オーバーレイ,Lv.90～97（異常遭遇）,通常表8～15%,ベガ初回殿堂入り後。認定章数でエリアと中間進化枠を段階解禁。,トーホクではベガ既存個体を保護。カントーでは高レベル個体・隠れ特性・タマゴ技探索を担当。,既存テーブル無変更,P0,ベガ既存入手法を完全保持,ベガ既存地点,ベガ既存入手法,既存値,トーホク図鑑No.201。内部種族ID・図鑑登録・イベント参照を変更しない。,カントー高レベル野生生態,シルフカンパニー,洞窟・屋内オーバーレイ,通常表8～15%,ベガ初回殿堂入り後。認定章数でエリアと中間進化枠を段階解禁。,通常系統は両地方で基礎種を捕獲可能。トーホクは早期育成、カントーは高レベル・隠れ特性・タマゴ技探索を担当。,V2二地方生態版／541系統配置マスター＋特殊個体イベントマスター
202,ソーナンス,wobbuffet,2,エスパー,100,ベビィ含有,no,no,未収録・追加対象,新IDへ追加（進化入手）,殿堂入り後,スフィアいせき,進化,―,レベルアップ＋Lv.15以上（CFRU/DPEの対応トリガーを使用。通信・RTC必須にはしない）,全国研究図鑑へ登録（トーホク386完成条件には含めない）,NATIONAL_EXT_0202（新規16bit ID）,ソーナノ,ソーナノ → ソーナンス,外来生態レイヤーへ追加,T034,D・Hビル,DexNav隠し枠／低確率タマゴ,Lv.42～55／殿堂入り後Lv.62～78,通常0%／DexNav 2～5%,本編必須フラグを変更せず、外来生態フラグ・時間帯・DexNav・大量発生で制御,K41,シルフカンパニー,DexNav隠し枠／低確率タマゴ,Lv.90～97（異常遭遇）,通常0%／DexNav 2～5%,ベガ初回殿堂入り後。認定章数でエリアと中間進化枠を段階解禁。,トーホクは本編で使える低～中レベル基礎種、カントーは高レベル個体・中間進化・隠れ特性探索を担当。,ベガ既存11枠を上書きせず、CFRU側の条件付きオーバーレイ／DexNav／大量発生へ登録,P2,ソーナノをトーホクで捕獲して進化,D・Hビル,進化／殿堂入り後DexNavで中間進化が稀に出現,通常野生は基礎種のみ,本編必須フラグを変更せず、外来生態フラグ・時間帯・DexNav・大量発生で制御,ソーナノをカントーで捕獲して進化,シルフカンパニー,進化／認定章6個以降は中間進化がDexNav希少枠,通常野生は基礎種中心,ベガ初回殿堂入り後。認定章数でエリアと中間進化枠を段階解禁。,通常系統は両地方で基礎種を捕獲可能。トーホクは早期育成、カントーは高レベル・隠れ特性・タマゴ技探索を担当。,V2二地方生態版／541系統配置マスター＋特殊個体イベントマスター
203,キリンリキ,girafarig,2,ノーマル／エスパー,101,通常生態,no,no,既存（トーホク図鑑054）,既存ベガ個体を保持,ベガ既存進行,ベガ既存地点,ベガ既存入手法,既存値,トーホク図鑑No.054。内部種族ID・図鑑登録・イベント参照を変更しない。,トーホク図鑑にも既存番号で登録,VEGA_NATIVE_054（実ROMから確定）,キリンリキ,キリンリキ → リキキリン,既存系統の拡張,T519,519ばんどうろ／すいどう,既存個体から追加進化＋草むらオーバーレイ,Lv.41～48,基礎種は既存／進化道具・技条件,ベガ内の既存種を入口にし、未収録の前進化・分岐・追加進化だけを追加。重複する野生個体は作らない。,K14,14ばんどうろ,草むらオーバーレイ＋追加進化道具,Lv.84～89,通常表8～15%,ベガ初回殿堂入り後。認定章数でエリアと中間進化枠を段階解禁。,トーホクの既存個体を無駄にせず追加進化可能。カントーは進化道具と高レベル素材の供給地。,既存種族IDを固定し、進化先だけ新IDへ接続,P1,ベガ既存入手法を完全保持,ベガ既存地点,ベガ既存入手法,既存値,トーホク図鑑No.054。内部種族ID・図鑑登録・イベント参照を変更しない。,カントー高レベル野生生態,14ばんどうろ,草むらオーバーレイ＋追加進化道具,通常表8～15%,ベガ初回殿堂入り後。認定章数でエリアと中間進化枠を段階解禁。,通常系統は両地方で基礎種を捕獲可能。トーホクは早期育成、カントーは高レベル・隠れ特性・タマゴ技探索を担当。,V2二地方生態版／541系統配置マスター＋特殊個体イベントマスター
204,クヌギダマ,pineco,2,むし,102,通常生態,no,no,既存（トーホク図鑑039）,既存ベガ個体を保持,ベガ既存進行,ベガ既存地点,ベガ既存入手法,既存値,トーホク図鑑No.039。内部種族ID・図鑑登録・イベント参照を変更しない。,トーホク図鑑にも既存番号で登録,VEGA_NATIVE_039（実ROMから確定）,クヌギダマ,クヌギダマ → フォレトス,ベガ既存系統を完全保持,VEGA_NATIVE,ベガ既存地点（出現表・配布・進化を変更しない）,ベガ既存入手法,既存値,既存値,既存イベント・野生表・進化条件を原則維持。現代化で条件が壊れる場合のみ互換処理。,K33,タマムシ温室,ずつき／朝昼オーバーレイ,Lv.82～90,通常表8～15%,ベガ初回殿堂入り後。認定章数でエリアと中間進化枠を段階解禁。,トーホクではベガ既存個体を保護。カントーでは高レベル個体・隠れ特性・タマゴ技探索を担当。,既存テーブル無変更,P0,ベガ既存入手法を完全保持,ベガ既存地点,ベガ既存入手法,既存値,トーホク図鑑No.039。内部種族ID・図鑑登録・イベント参照を変更しない。,カントー高レベル野生生態,タマムシ温室,ずつき／朝昼オーバーレイ,通常表8～15%,ベガ初回殿堂入り後。認定章数でエリアと中間進化枠を段階解禁。,通常系統は両地方で基礎種を捕獲可能。トーホクは早期育成、カントーは高レベル・隠れ特性・タマゴ技探索を担当。,V2二地方生態版／541系統配置マスター＋特殊個体イベントマスター
205,フォレトス,forretress,2,むし／はがね,102,通常生態,no,no,既存（トーホク図鑑040）,既存ベガ個体を保持,ベガ既存進行,ベガ既存地点,ベガ既存入手法,既存値,トーホク図鑑No.040。内部種族ID・図鑑登録・イベント参照を変更しない。,トーホク図鑑にも既存番号で登録,VEGA_NATIVE_040（実ROMから確定）,クヌギダマ,クヌギダマ → フォレトス,ベガ既存系統を完全保持,VEGA_NATIVE,ベガ既存地点（出現表・配布・進化を変更しない）,ベガ既存入手法,既存値,既存値,既存イベント・野生表・進化条件を原則維持。現代化で条件が壊れる場合のみ互換処理。,K33,タマムシ温室,ずつき／朝昼オーバーレイ,Lv.82～90,通常表8～15%,ベガ初回殿堂入り後。認定章数でエリアと中間進化枠を段階解禁。,トーホクではベガ既存個体を保護。カントーでは高レベル個体・隠れ特性・タマゴ技探索を担当。,既存テーブル無変更,P0,ベガ既存入手法を完全保持,ベガ既存地点,ベガ既存入手法,既存値,トーホク図鑑No.040。内部種族ID・図鑑登録・イベント参照を変更しない。,クヌギダマをカントーで捕獲して進化,タマムシ温室,進化／認定章6個以降は中間進化がDexNav希少枠,通常野生は基礎種中心,ベガ初回殿堂入り後。認定章数でエリアと中間進化枠を段階解禁。,通常系統は両地方で基礎種を捕獲可能。トーホクは早期育成、カントーは高レベル・隠れ特性・タマゴ技探索を担当。,V2二地方生態版／541系統配置マスター＋特殊個体イベントマスター
206,ノコッチ,dunsparce,2,ノーマル,103,通常生態,no,no,既存（トーホク図鑑363）,既存ベガ個体を保持,ベガ既存進行,ベガ既存地点,ベガ既存入手法,既存値,トーホク図鑑No.363。内部種族ID・図鑑登録・イベント参照を変更しない。,トーホク図鑑にも既存番号で登録,VEGA_NATIVE_363（実ROMから確定）,ノコッチ,ノコッチ → ノココッチ,既存系統の拡張,T024,ちえのどうくつ,既存個体から追加進化＋洞窟・屋内オーバーレイ,Lv.6～9／殿堂入り後Lv.44～48,基礎種は既存／進化道具・技条件,ベガ内の既存種を入口にし、未収録の前進化・分岐・追加進化だけを追加。重複する野生個体は作らない。,K30,イワヤマトンネル,洞窟・屋内オーバーレイ＋追加進化道具,Lv.80～87,通常表8～15%,ベガ初回殿堂入り後。認定章数でエリアと中間進化枠を段階解禁。,トーホクの既存個体を無駄にせず追加進化可能。カントーは進化道具と高レベル素材の供給地。,既存種族IDを固定し、進化先だけ新IDへ接続,P1,ベガ既存入手法を完全保持,ベガ既存地点,ベガ既存入手法,既存値,トーホク図鑑No.363。内部種族ID・図鑑登録・イベント参照を変更しない。,カントー高レベル野生生態,イワヤマトンネル,洞窟・屋内オーバーレイ＋追加進化道具,通常表8～15%,ベガ初回殿堂入り後。認定章数でエリアと中間進化枠を段階解禁。,通常系統は両地方で基礎種を捕獲可能。トーホクは早期育成、カントーは高レベル・隠れ特性・タマゴ技探索を担当。,V2二地方生態版／541系統配置マスター＋特殊個体イベントマスター
207,グライガー,gligar,2,じめん／ひこう,104,通常生態,no,no,未収録・追加対象,新IDへ追加,殿堂入り後,全国生態保護区（サファリ増設区画）,生態保護区ローテーション,対象日10～20%（チケットで固定可）,主に基礎形のみ出現。中間・最終進化は原則として育成で入手。時間帯・天候は生態チケットで任意固定可能。,全国研究図鑑へ登録（トーホク386完成条件には含めない）,NATIONAL_EXT_0207（新規16bit ID）,グライガー,グライガー → グライオン,外来生態レイヤーへ追加,T505,505ばんどうろ／すいどう,いわくだき／DexNav,Lv.10～14,通常0%／DexNav 2～5%,本編必須フラグを変更せず、外来生態フラグ・時間帯・DexNav・大量発生で制御,K04,4ばんどうろ,草むらオーバーレイ,Lv.72～77,通常表8～15%,ベガ初回殿堂入り後。認定章数でエリアと中間進化枠を段階解禁。,トーホクは本編で使える低～中レベル基礎種、カントーは高レベル個体・中間進化・隠れ特性探索を担当。,ベガ既存11枠を上書きせず、CFRU側の条件付きオーバーレイ／DexNav／大量発生へ登録,P2,トーホク野生生態,505ばんどうろ／すいどう,いわくだき／DexNav,通常0%／DexNav 2～5%,本編必須フラグを変更せず、外来生態フラグ・時間帯・DexNav・大量発生で制御,カントー高レベル野生生態,4ばんどうろ,草むらオーバーレイ,通常表8～15%,ベガ初回殿堂入り後。認定章数でエリアと中間進化枠を段階解禁。,通常系統は両地方で基礎種を捕獲可能。トーホクは早期育成、カントーは高レベル・隠れ特性・タマゴ技探索を担当。,V2二地方生態版／541系統配置マスター＋特殊個体イベントマスター
208,ハガネール,steelix,2,はがね／じめん,41,通常生態,no,no,未収録・追加対象,新IDへ追加（進化入手）,殿堂入り後,チャンピオンロード,進化,―,メタルコートを持たせて「つながりのヒモ」を使用。NPC交換でも進化可。,全国研究図鑑へ登録（トーホク386完成条件には含めない）,NATIONAL_EXT_0208（新規16bit ID）,イワーク,イワーク → ハガネール,外来生態レイヤーへ追加,T028,ひのしま,いわくだき／DexNav,Lv.30～40／殿堂入り後Lv.55～70,通常0%／DexNav 2～5%,本編必須フラグを変更せず、外来生態フラグ・時間帯・DexNav・大量発生で制御,K30,イワヤマトンネル,いわくだき／DexNav,Lv.80～87,通常0%／DexNav 2～5%,ベガ初回殿堂入り後。認定章数でエリアと中間進化枠を段階解禁。,トーホクは本編で使える低～中レベル基礎種、カントーは高レベル個体・中間進化・隠れ特性探索を担当。,ベガ既存11枠を上書きせず、CFRU側の条件付きオーバーレイ／DexNav／大量発生へ登録,P2,イワークをトーホクで捕獲して進化,ひのしま,進化／殿堂入り後DexNavで中間進化が稀に出現,通常野生は基礎種のみ,本編必須フラグを変更せず、外来生態フラグ・時間帯・DexNav・大量発生で制御,イワークをカントーで捕獲して進化,イワヤマトンネル,進化／認定章6個以降は中間進化がDexNav希少枠,通常野生は基礎種中心,ベガ初回殿堂入り後。認定章数でエリアと中間進化枠を段階解禁。,通常系統は両地方で基礎種を捕獲可能。トーホクは早期育成、カントーは高レベル・隠れ特性・タマゴ技探索を担当。,V2二地方生態版／541系統配置マスター＋特殊個体イベントマスター
209,ブルー,snubbull,2,フェアリー,105,通常生態,no,no,未収録・追加対象,新IDへ追加,殿堂入り後,ニューアイランド,大量発生,発生中20～40%,主に基礎形のみ出現。中間・最終進化は原則として育成で入手。時間帯・天候は生態チケットで任意固定可能。,全国研究図鑑へ登録（トーホク386完成条件には含めない）,NATIONAL_EXT_0209（新規16bit ID）,ブルー,ブルー → グランブル,外来生態レイヤーへ追加,T517,517ばんどうろ／すいどう,草むらオーバーレイ,Lv.38～45,追加抽選3～6%,本編必須フラグを変更せず、外来生態フラグ・時間帯・DexNav・大量発生で制御,K33,タマムシ温室,草むらオーバーレイ,Lv.82～90,通常表8～15%,ベガ初回殿堂入り後。認定章数でエリアと中間進化枠を段階解禁。,トーホクは本編で使える低～中レベル基礎種、カントーは高レベル個体・中間進化・隠れ特性探索を担当。,ベガ既存11枠を上書きせず、CFRU側の条件付きオーバーレイ／DexNav／大量発生へ登録,P2,トーホク野生生態,517ばんどうろ／すいどう,草むらオーバーレイ,追加抽選3～6%,本編必須フラグを変更せず、外来生態フラグ・時間帯・DexNav・大量発生で制御,カントー高レベル野生生態,タマムシ温室,草むらオーバーレイ,通常表8～15%,ベガ初回殿堂入り後。認定章数でエリアと中間進化枠を段階解禁。,通常系統は両地方で基礎種を捕獲可能。トーホクは早期育成、カントーは高レベル・隠れ特性・タマゴ技探索を担当。,V2二地方生態版／541系統配置マスター＋特殊個体イベントマスター
210,グランブル,granbull,2,フェアリー,105,通常生態,no,no,未収録・追加対象,新IDへ追加（進化入手）,殿堂入り後,ニューアイランド,進化,―,レベルアップ＋Lv.23以上（CFRU/DPEの対応トリガーを使用。通信・RTC必須にはしない）,全国研究図鑑へ登録（トーホク386完成条件には含めない）,NATIONAL_EXT_0210（新規16bit ID）,ブルー,ブルー → グランブル,外来生態レイヤーへ追加,T517,517ばんどうろ／すいどう,草むらオーバーレイ,Lv.38～45,追加抽選3～6%,本編必須フラグを変更せず、外来生態フラグ・時間帯・DexNav・大量発生で制御,K33,タマムシ温室,草むらオーバーレイ,Lv.82～90,通常表8～15%,ベガ初回殿堂入り後。認定章数でエリアと中間進化枠を段階解禁。,トーホクは本編で使える低～中レベル基礎種、カントーは高レベル個体・中間進化・隠れ特性探索を担当。,ベガ既存11枠を上書きせず、CFRU側の条件付きオーバーレイ／DexNav／大量発生へ登録,P2,ブルーをトーホクで捕獲して進化,517ばんどうろ／すいどう,進化／殿堂入り後DexNavで中間進化が稀に出現,通常野生は基礎種のみ,本編必須フラグを変更せず、外来生態フラグ・時間帯・DexNav・大量発生で制御,ブルーをカントーで捕獲して進化,タマムシ温室,進化／認定章6個以降は中間進化がDexNav希少枠,通常野生は基礎種中心,ベガ初回殿堂入り後。認定章数でエリアと中間進化枠を段階解禁。,通常系統は両地方で基礎種を捕獲可能。トーホクは早期育成、カントーは高レベル・隠れ特性・タマゴ技探索を担当。,V2二地方生態版／541系統配置マスター＋特殊個体イベントマスター
211,ハリーセン,qwilfish,2,みず／どく,106,通常生態,no,no,未収録・追加対象,新IDへ追加,殿堂入り後,507～509ばんどうろ・水道,図鑑ナビ隠し枠,通常表0%／ナビ検索時1～5%,主に基礎形のみ出現。中間・最終進化は原則として育成で入手。時間帯・天候は生態チケットで任意固定可能。,全国研究図鑑へ登録（トーホク386完成条件には含めない）,NATIONAL_EXT_0211（新規16bit ID）,ハリーセン,ハリーセン → ハリーマン,外来生態レイヤーへ追加,T508,508ばんどうろ／すいどう,水上オーバーレイ,Lv.19～25,追加抽選4～8%,本編必須フラグを変更せず、外来生態フラグ・時間帯・DexNav・大量発生で制御,K15,15ばんどうろ,水上オーバーレイ,Lv.85～90,通常表10～20%,ベガ初回殿堂入り後。認定章数でエリアと中間進化枠を段階解禁。,トーホクは本編で使える低～中レベル基礎種、カントーは高レベル個体・中間進化・隠れ特性探索を担当。,ベガ既存11枠を上書きせず、CFRU側の条件付きオーバーレイ／DexNav／大量発生へ登録,P2,トーホク野生生態,508ばんどうろ／すいどう,水上オーバーレイ,追加抽選4～8%,本編必須フラグを変更せず、外来生態フラグ・時間帯・DexNav・大量発生で制御,カントー高レベル野生生態,15ばんどうろ,水上オーバーレイ,通常表10～20%,ベガ初回殿堂入り後。認定章数でエリアと中間進化枠を段階解禁。,通常系統は両地方で基礎種を捕獲可能。トーホクは早期育成、カントーは高レベル・隠れ特性・タマゴ技探索を担当。,V2二地方生態版／541系統配置マスター＋特殊個体イベントマスター
212,ハッサム,scizor,2,むし／はがね,58,通常生態,no,no,既存（トーホク図鑑258）,既存ベガ個体を保持,ベガ既存進行,ベガ既存地点,ベガ既存入手法,既存値,トーホク図鑑No.258。内部種族ID・図鑑登録・イベント参照を変更しない。,トーホク図鑑にも既存番号で登録,VEGA_NATIVE_258（実ROMから確定）,ストライク,ストライク → ハッサム → バサギリ,既存系統の拡張,T037,サファリゾーン西,既存個体から追加進化＋いわくだき／DexNav,Lv.38～48／殿堂入り後Lv.55～70,基礎種は既存／進化道具・技条件,ベガ内の既存種を入口にし、未収録の前進化・分岐・追加進化だけを追加。重複する野生個体は作らない。,K35,サファリゾーン東,ずつき／朝昼オーバーレイ＋追加進化道具,Lv.85～94,通常表8～15%,ベガ初回殿堂入り後。認定章数でエリアと中間進化枠を段階解禁。,トーホクの既存個体を無駄にせず追加進化可能。カントーは進化道具と高レベル素材の供給地。,既存種族IDを固定し、進化先だけ新IDへ接続,P1,ベガ既存入手法を完全保持,ベガ既存地点,ベガ既存入手法,既存値,トーホク図鑑No.258。内部種族ID・図鑑登録・イベント参照を変更しない。,ストライクをカントーで捕獲して進化,サファリゾーン東,進化／認定章6個以降は中間進化がDexNav希少枠,通常野生は基礎種中心,ベガ初回殿堂入り後。認定章数でエリアと中間進化枠を段階解禁。,通常系統は両地方で基礎種を捕獲可能。トーホクは早期育成、カントーは高レベル・隠れ特性・タマゴ技探索を担当。,V2二地方生態版／541系統配置マスター＋特殊個体イベントマスター
213,ツボツボ,shuckle,2,むし／いわ,107,通常生態,no,no,既存（トーホク図鑑093）,既存ベガ個体を保持,ベガ既存進行,ベガ既存地点,ベガ既存入手法,既存値,トーホク図鑑No.093。内部種族ID・図鑑登録・イベント参照を変更しない。,トーホク図鑑にも既存番号で登録,VEGA_NATIVE_093（実ROMから確定）,ツボツボ,ツボツボ,ベガ既存系統を完全保持,VEGA_NATIVE,ベガ既存地点（出現表・配布・進化を変更しない）,ベガ既存入手法,既存値,既存値,既存イベント・野生表・進化条件を原則維持。現代化で条件が壊れる場合のみ互換処理。,K03,3ばんどうろ,草むらオーバーレイ,Lv.71～75,通常表8～15%,ベガ初回殿堂入り後。認定章数でエリアと中間進化枠を段階解禁。,トーホクではベガ既存個体を保護。カントーでは高レベル個体・隠れ特性・タマゴ技探索を担当。,既存テーブル無変更,P0,ベガ既存入手法を完全保持,ベガ既存地点,ベガ既存入手法,既存値,トーホク図鑑No.093。内部種族ID・図鑑登録・イベント参照を変更しない。,カントー高レベル野生生態,3ばんどうろ,草むらオーバーレイ,通常表8～15%,ベガ初回殿堂入り後。認定章数でエリアと中間進化枠を段階解禁。,通常系統は両地方で基礎種を捕獲可能。トーホクは早期育成、カントーは高レベル・隠れ特性・タマゴ技探索を担当。,V2二地方生態版／541系統配置マスター＋特殊個体イベントマスター
214,ヘラクロス,heracross,2,むし／かくとう,108,通常生態,no,no,未収録・追加対象,新IDへ追加,殿堂入り後,サファリゾーン東,図鑑ナビ隠し枠,通常表0%／ナビ検索時1～5%,主に基礎形のみ出現。中間・最終進化は原則として育成で入手。時間帯・天候は生態チケットで任意固定可能。,全国研究図鑑へ登録（トーホク386完成条件には含めない）,NATIONAL_EXT_0214（新規16bit ID）,ヘラクロス,ヘラクロス,外来生態レイヤーへ追加,T505,505ばんどうろ／すいどう,草むらオーバーレイ,Lv.10～14,追加抽選3～6%,本編必須フラグを変更せず、外来生態フラグ・時間帯・DexNav・大量発生で制御,K02,2ばんどうろ,ずつき／朝昼オーバーレイ,Lv.69～73,通常表8～15%,ベガ初回殿堂入り後。認定章数でエリアと中間進化枠を段階解禁。,トーホクは本編で使える低～中レベル基礎種、カントーは高レベル個体・中間進化・隠れ特性探索を担当。,ベガ既存11枠を上書きせず、CFRU側の条件付きオーバーレイ／DexNav／大量発生へ登録,P2,トーホク野生生態,505ばんどうろ／すいどう,草むらオーバーレイ,追加抽選3～6%,本編必須フラグを変更せず、外来生態フラグ・時間帯・DexNav・大量発生で制御,カントー高レベル野生生態,2ばんどうろ,ずつき／朝昼オーバーレイ,通常表8～15%,ベガ初回殿堂入り後。認定章数でエリアと中間進化枠を段階解禁。,通常系統は両地方で基礎種を捕獲可能。トーホクは早期育成、カントーは高レベル・隠れ特性・タマゴ技探索を担当。,V2二地方生態版／541系統配置マスター＋特殊個体イベントマスター
215,ニューラ,sneasel,2,あく／こおり,109,通常生態,no,no,既存（トーホク図鑑247）,既存ベガ個体を保持,ベガ既存進行,ベガ既存地点,ベガ既存入手法,既存値,トーホク図鑑No.247。内部種族ID・図鑑登録・イベント参照を変更しない。,トーホク図鑑にも既存番号で登録,VEGA_NATIVE_247（実ROMから確定）,ニューラ,ニューラ → マニューラ → オオニューラ,既存系統の拡張,T031,ユキユキやま,既存個体から追加進化＋洞窟・屋内オーバーレイ,Lv.36～46／殿堂入り後Lv.58～72,基礎種は既存／進化道具・技条件,ベガ内の既存種を入口にし、未収録の前進化・分岐・追加進化だけを追加。重複する野生個体は作らない。,K38,ふたごじま,洞窟・屋内オーバーレイ＋追加進化道具,Lv.88～96,通常表8～15%,ベガ初回殿堂入り後。認定章数でエリアと中間進化枠を段階解禁。,トーホクの既存個体を無駄にせず追加進化可能。カントーは進化道具と高レベル素材の供給地。,既存種族IDを固定し、進化先だけ新IDへ接続,P1,ベガ既存入手法を完全保持,ベガ既存地点,ベガ既存入手法,既存値,トーホク図鑑No.247。内部種族ID・図鑑登録・イベント参照を変更しない。,カントー高レベル野生生態,ふたごじま,洞窟・屋内オーバーレイ＋追加進化道具,通常表8～15%,ベガ初回殿堂入り後。認定章数でエリアと中間進化枠を段階解禁。,通常系統は両地方で基礎種を捕獲可能。トーホクは早期育成、カントーは高レベル・隠れ特性・タマゴ技探索を担当。,V2二地方生態版／541系統配置マスター＋特殊個体イベントマスター
216,ヒメグマ,teddiursa,2,ノーマル,110,通常生態,no,no,未収録・追加対象,新IDへ追加,殿堂入り後,チャンピオンロード,洞窟オーバーレイ,4～5%,主に基礎形のみ出現。中間・最終進化は原則として育成で入手。時間帯・天候は生態チケットで任意固定可能。,全国研究図鑑へ登録（トーホク386完成条件には含めない）,NATIONAL_EXT_0216（新規16bit ID）,ヒメグマ,ヒメグマ → リングマ → ガチグマ,外来生態レイヤーへ追加,T501,501ばんどうろ／すいどう,草むらオーバーレイ,Lv.2～5,追加抽選3～6%,本編必須フラグを変更せず、外来生態フラグ・時間帯・DexNav・大量発生で制御,K04,4ばんどうろ,草むらオーバーレイ,Lv.72～77,通常表8～15%,ベガ初回殿堂入り後。認定章数でエリアと中間進化枠を段階解禁。,トーホクは本編で使える低～中レベル基礎種、カントーは高レベル個体・中間進化・隠れ特性探索を担当。,ベガ既存11枠を上書きせず、CFRU側の条件付きオーバーレイ／DexNav／大量発生へ登録,P2,トーホク野生生態,501ばんどうろ／すいどう,草むらオーバーレイ,追加抽選3～6%,本編必須フラグを変更せず、外来生態フラグ・時間帯・DexNav・大量発生で制御,カントー高レベル野生生態,4ばんどうろ,草むらオーバーレイ,通常表8～15%,ベガ初回殿堂入り後。認定章数でエリアと中間進化枠を段階解禁。,通常系統は両地方で基礎種を捕獲可能。トーホクは早期育成、カントーは高レベル・隠れ特性・タマゴ技探索を担当。,V2二地方生態版／541系統配置マスター＋特殊個体イベントマスター
217,リングマ,ursaring,2,ノーマル,110,通常生態,no,no,未収録・追加対象,新IDへ追加（進化入手）,殿堂入り後,チャンピオンロード,進化,―,レベルアップ＋Lv.30以上（CFRU/DPEの対応トリガーを使用。通信・RTC必須にはしない）,全国研究図鑑へ登録（トーホク386完成条件には含めない）,NATIONAL_EXT_0217（新規16bit ID）,ヒメグマ,ヒメグマ → リングマ → ガチグマ,外来生態レイヤーへ追加,T501,501ばんどうろ／すいどう,草むらオーバーレイ,Lv.2～5,追加抽選3～6%,本編必須フラグを変更せず、外来生態フラグ・時間帯・DexNav・大量発生で制御,K04,4ばんどうろ,草むらオーバーレイ,Lv.72～77,通常表8～15%,ベガ初回殿堂入り後。認定章数でエリアと中間進化枠を段階解禁。,トーホクは本編で使える低～中レベル基礎種、カントーは高レベル個体・中間進化・隠れ特性探索を担当。,ベガ既存11枠を上書きせず、CFRU側の条件付きオーバーレイ／DexNav／大量発生へ登録,P2,ヒメグマをトーホクで捕獲して進化,501ばんどうろ／すいどう,進化／殿堂入り後DexNavで中間進化が稀に出現,通常野生は基礎種のみ,本編必須フラグを変更せず、外来生態フラグ・時間帯・DexNav・大量発生で制御,ヒメグマをカントーで捕獲して進化,4ばんどうろ,進化／認定章6個以降は中間進化がDexNav希少枠,通常野生は基礎種中心,ベガ初回殿堂入り後。認定章数でエリアと中間進化枠を段階解禁。,通常系統は両地方で基礎種を捕獲可能。トーホクは早期育成、カントーは高レベル・隠れ特性・タマゴ技探索を担当。,V2二地方生態版／541系統配置マスター＋特殊個体イベントマスター
218,マグマッグ,slugma,2,ほのお,111,通常生態,no,no,未収録・追加対象,新IDへ追加,殿堂入り後,サファリゾーン西,図鑑ナビ隠し枠,通常表0%／ナビ検索時1～5%,主に基礎形のみ出現。中間・最終進化は原則として育成で入手。時間帯・天候は生態チケットで任意固定可能。,全国研究図鑑へ登録（トーホク386完成条件には含めない）,NATIONAL_EXT_0218（新規16bit ID）,マグマッグ,マグマッグ → マグカルゴ,外来生態レイヤーへ追加,T028,ひのしま,いわくだき／DexNav,Lv.30～40／殿堂入り後Lv.55～70,通常0%／DexNav 2～5%,本編必須フラグを変更せず、外来生態フラグ・時間帯・DexNav・大量発生で制御,K21,21ばんどうろ,草むらオーバーレイ,Lv.89～94,通常表8～15%,ベガ初回殿堂入り後。認定章数でエリアと中間進化枠を段階解禁。,トーホクは本編で使える低～中レベル基礎種、カントーは高レベル個体・中間進化・隠れ特性探索を担当。,ベガ既存11枠を上書きせず、CFRU側の条件付きオーバーレイ／DexNav／大量発生へ登録,P2,トーホク野生生態,ひのしま,いわくだき／DexNav,通常0%／DexNav 2～5%,本編必須フラグを変更せず、外来生態フラグ・時間帯・DexNav・大量発生で制御,カントー高レベル野生生態,21ばんどうろ,草むらオーバーレイ,通常表8～15%,ベガ初回殿堂入り後。認定章数でエリアと中間進化枠を段階解禁。,通常系統は両地方で基礎種を捕獲可能。トーホクは早期育成、カントーは高レベル・隠れ特性・タマゴ技探索を担当。,V2二地方生態版／541系統配置マスター＋特殊個体イベントマスター
219,マグカルゴ,magcargo,2,ほのお／いわ,111,通常生態,no,no,未収録・追加対象,新IDへ追加（進化入手）,殿堂入り後,サファリゾーン西,進化,―,レベルアップ＋Lv.38以上（CFRU/DPEの対応トリガーを使用。通信・RTC必須にはしない）,全国研究図鑑へ登録（トーホク386完成条件には含めない）,NATIONAL_EXT_0219（新規16bit ID）,マグマッグ,マグマッグ → マグカルゴ,外来生態レイヤーへ追加,T028,ひのしま,いわくだき／DexNav,Lv.30～40／殿堂入り後Lv.55～70,通常0%／DexNav 2～5%,本編必須フラグを変更せず、外来生態フラグ・時間帯・DexNav・大量発生で制御,K21,21ばんどうろ,草むらオーバーレイ,Lv.89～94,通常表8～15%,ベガ初回殿堂入り後。認定章数でエリアと中間進化枠を段階解禁。,トーホクは本編で使える低～中レベル基礎種、カントーは高レベル個体・中間進化・隠れ特性探索を担当。,ベガ既存11枠を上書きせず、CFRU側の条件付きオーバーレイ／DexNav／大量発生へ登録,P2,マグマッグをトーホクで捕獲して進化,ひのしま,進化／殿堂入り後DexNavで中間進化が稀に出現,通常野生は基礎種のみ,本編必須フラグを変更せず、外来生態フラグ・時間帯・DexNav・大量発生で制御,マグマッグをカントーで捕獲して進化,21ばんどうろ,進化／認定章6個以降は中間進化がDexNav希少枠,通常野生は基礎種中心,ベガ初回殿堂入り後。認定章数でエリアと中間進化枠を段階解禁。,通常系統は両地方で基礎種を捕獲可能。トーホクは早期育成、カントーは高レベル・隠れ特性・タマゴ技探索を担当。,V2二地方生態版／541系統配置マスター＋特殊個体イベントマスター
220,ウリムー,swinub,2,こおり／じめん,112,通常生態,no,no,既存（トーホク図鑑323）,既存ベガ個体を保持,ベガ既存進行,ベガ既存地点,ベガ既存入手法,既存値,トーホク図鑑No.323。内部種族ID・図鑑登録・イベント参照を変更しない。,トーホク図鑑にも既存番号で登録,VEGA_NATIVE_323（実ROMから確定）,ウリムー,ウリムー → イノムー → マンムー,ベガ既存系統を完全保持,VEGA_NATIVE,ベガ既存地点（出現表・配布・進化を変更しない）,ベガ既存入手法,既存値,既存値,既存イベント・野生表・進化条件を原則維持。現代化で条件が壊れる場合のみ互換処理。,K38,ふたごじま,洞窟・屋内オーバーレイ,Lv.88～96,通常表8～15%,ベガ初回殿堂入り後。認定章数でエリアと中間進化枠を段階解禁。,トーホクではベガ既存個体を保護。カントーでは高レベル個体・隠れ特性・タマゴ技探索を担当。,既存テーブル無変更,P0,ベガ既存入手法を完全保持,ベガ既存地点,ベガ既存入手法,既存値,トーホク図鑑No.323。内部種族ID・図鑑登録・イベント参照を変更しない。,カントー高レベル野生生態,ふたごじま,洞窟・屋内オーバーレイ,通常表8～15%,ベガ初回殿堂入り後。認定章数でエリアと中間進化枠を段階解禁。,通常系統は両地方で基礎種を捕獲可能。トーホクは早期育成、カントーは高レベル・隠れ特性・タマゴ技探索を担当。,V2二地方生態版／541系統配置マスター＋特殊個体イベントマスター
221,イノムー,piloswine,2,こおり／じめん,112,通常生態,no,no,既存（トーホク図鑑324）,既存ベガ個体を保持,ベガ既存進行,ベガ既存地点,ベガ既存入手法,既存値,トーホク図鑑No.324。内部種族ID・図鑑登録・イベント参照を変更しない。,トーホク図鑑にも既存番号で登録,VEGA_NATIVE_324（実ROMから確定）,ウリムー,ウリムー → イノムー → マンムー,ベガ既存系統を完全保持,VEGA_NATIVE,ベガ既存地点（出現表・配布・進化を変更しない）,ベガ既存入手法,既存値,既存値,既存イベント・野生表・進化条件を原則維持。現代化で条件が壊れる場合のみ互換処理。,K38,ふたごじま,洞窟・屋内オーバーレイ,Lv.88～96,通常表8～15%,ベガ初回殿堂入り後。認定章数でエリアと中間進化枠を段階解禁。,トーホクではベガ既存個体を保護。カントーでは高レベル個体・隠れ特性・タマゴ技探索を担当。,既存テーブル無変更,P0,ベガ既存入手法を完全保持,ベガ既存地点,ベガ既存入手法,既存値,トーホク図鑑No.324。内部種族ID・図鑑登録・イベント参照を変更しない。,ウリムーをカントーで捕獲して進化,ふたごじま,進化／認定章6個以降は中間進化がDexNav希少枠,通常野生は基礎種中心,ベガ初回殿堂入り後。認定章数でエリアと中間進化枠を段階解禁。,通常系統は両地方で基礎種を捕獲可能。トーホクは早期育成、カントーは高レベル・隠れ特性・タマゴ技探索を担当。,V2二地方生態版／541系統配置マスター＋特殊個体イベントマスター
222,サニーゴ,corsola,2,みず／いわ,113,通常生態,no,no,未収録・追加対象,新IDへ追加,殿堂入り後,サファリゾーン北,水上,4～5%,主に基礎形のみ出現。中間・最終進化は原則として育成で入手。時間帯・天候は生態チケットで任意固定可能。,全国研究図鑑へ登録（トーホク386完成条件には含めない）,NATIONAL_EXT_0222（新規16bit ID）,サニーゴ,サニーゴ → サニゴーン,外来生態レイヤーへ追加,T509,509ばんどうろ／すいどう,釣りオーバーレイ,Lv.21～27,追加抽選6～10%,T-E04完了＋いいつりざお,K21,21ばんどうろ,釣りオーバーレイ,Lv.89～94,通常表10～20%,ベガ初回殿堂入り後。認定章数でエリアと中間進化枠を段階解禁。,トーホクは本編で使える低～中レベル基礎種、カントーは高レベル個体・中間進化・隠れ特性探索を担当。,ベガ既存11枠を上書きせず、CFRU側の条件付きオーバーレイ／DexNav／大量発生へ登録,P2,トーホク野生生態,509ばんどうろ／すいどう,釣りオーバーレイ,追加抽選6～10%,T-E04完了＋いいつりざお,カントー高レベル野生生態,21ばんどうろ,釣りオーバーレイ,通常表10～20%,ベガ初回殿堂入り後。認定章数でエリアと中間進化枠を段階解禁。,通常系統は両地方で基礎種を捕獲可能。トーホクは早期育成、カントーは高レベル・隠れ特性・タマゴ技探索を担当。,V2二地方生態版／541系統配置マスター＋特殊個体イベントマスター
223,テッポウオ,remoraid,2,みず,114,通常生態,no,no,既存（トーホク図鑑210）,既存ベガ個体を保持,ベガ既存進行,ベガ既存地点,ベガ既存入手法,既存値,トーホク図鑑No.210。内部種族ID・図鑑登録・イベント参照を変更しない。,トーホク図鑑にも既存番号で登録,VEGA_NATIVE_210（実ROMから確定）,テッポウオ,テッポウオ → オクタン,ベガ既存系統を完全保持,VEGA_NATIVE,ベガ既存地点（出現表・配布・進化を変更しない）,ベガ既存入手法,既存値,既存値,既存イベント・野生表・進化条件を原則維持。現代化で条件が壊れる場合のみ互換処理。,K15,15ばんどうろ,水上オーバーレイ,Lv.85～90,通常表10～20%,ベガ初回殿堂入り後。認定章数でエリアと中間進化枠を段階解禁。,トーホクではベガ既存個体を保護。カントーでは高レベル個体・隠れ特性・タマゴ技探索を担当。,既存テーブル無変更,P0,ベガ既存入手法を完全保持,ベガ既存地点,ベガ既存入手法,既存値,トーホク図鑑No.210。内部種族ID・図鑑登録・イベント参照を変更しない。,カントー高レベル野生生態,15ばんどうろ,水上オーバーレイ,通常表10～20%,ベガ初回殿堂入り後。認定章数でエリアと中間進化枠を段階解禁。,通常系統は両地方で基礎種を捕獲可能。トーホクは早期育成、カントーは高レベル・隠れ特性・タマゴ技探索を担当。,V2二地方生態版／541系統配置マスター＋特殊個体イベントマスター
224,オクタン,octillery,2,みず,114,通常生態,no,no,既存（トーホク図鑑211）,既存ベガ個体を保持,ベガ既存進行,ベガ既存地点,ベガ既存入手法,既存値,トーホク図鑑No.211。内部種族ID・図鑑登録・イベント参照を変更しない。,トーホク図鑑にも既存番号で登録,VEGA_NATIVE_211（実ROMから確定）,テッポウオ,テッポウオ → オクタン,ベガ既存系統を完全保持,VEGA_NATIVE,ベガ既存地点（出現表・配布・進化を変更しない）,ベガ既存入手法,既存値,既存値,既存イベント・野生表・進化条件を原則維持。現代化で条件が壊れる場合のみ互換処理。,K15,15ばんどうろ,水上オーバーレイ,Lv.85～90,通常表10～20%,ベガ初回殿堂入り後。認定章数でエリアと中間進化枠を段階解禁。,トーホクではベガ既存個体を保護。カントーでは高レベル個体・隠れ特性・タマゴ技探索を担当。,既存テーブル無変更,P0,ベガ既存入手法を完全保持,ベガ既存地点,ベガ既存入手法,既存値,トーホク図鑑No.211。内部種族ID・図鑑登録・イベント参照を変更しない。,テッポウオをカントーで捕獲して進化,15ばんどうろ,進化／認定章6個以降は中間進化がDexNav希少枠,通常野生は基礎種中心,ベガ初回殿堂入り後。認定章数でエリアと中間進化枠を段階解禁。,通常系統は両地方で基礎種を捕獲可能。トーホクは早期育成、カントーは高レベル・隠れ特性・タマゴ技探索を担当。,V2二地方生態版／541系統配置マスター＋特殊個体イベントマスター
225,デリバード,delibird,2,こおり／ひこう,115,通常生態,no,no,既存（トーホク図鑑359）,既存ベガ個体を保持,ベガ既存進行,ベガ既存地点,ベガ既存入手法,既存値,トーホク図鑑No.359。内部種族ID・図鑑登録・イベント参照を変更しない。,トーホク図鑑にも既存番号で登録,VEGA_NATIVE_359（実ROMから確定）,デリバード,デリバード,ベガ既存系統を完全保持,VEGA_NATIVE,ベガ既存地点（出現表・配布・進化を変更しない）,ベガ既存入手法,既存値,既存値,既存イベント・野生表・進化条件を原則維持。現代化で条件が壊れる場合のみ互換処理。,K20,20ばんどうろ,草むらオーバーレイ,Lv.88～93,通常表8～15%,ベガ初回殿堂入り後。認定章数でエリアと中間進化枠を段階解禁。,トーホクではベガ既存個体を保護。カントーでは高レベル個体・隠れ特性・タマゴ技探索を担当。,既存テーブル無変更,P0,ベガ既存入手法を完全保持,ベガ既存地点,ベガ既存入手法,既存値,トーホク図鑑No.359。内部種族ID・図鑑登録・イベント参照を変更しない。,カントー高レベル野生生態,20ばんどうろ,草むらオーバーレイ,通常表8～15%,ベガ初回殿堂入り後。認定章数でエリアと中間進化枠を段階解禁。,通常系統は両地方で基礎種を捕獲可能。トーホクは早期育成、カントーは高レベル・隠れ特性・タマゴ技探索を担当。,V2二地方生態版／541系統配置マスター＋特殊個体イベントマスター
226,マンタイン,mantine,2,みず／ひこう,116,ベビィ含有,no,no,未収録・追加対象,新IDへ追加（進化入手）,殿堂入り後,こおりのしま,進化,―,レベルアップ＋手持ちにテッポウオ（CFRU/DPEの対応トリガーを使用。通信・RTC必須にはしない）,全国研究図鑑へ登録（トーホク386完成条件には含めない）,NATIONAL_EXT_0226（新規16bit ID）,タマンタ,タマンタ → マンタイン,外来生態レイヤーへ追加,T508,508ばんどうろ／すいどう,DexNav隠し枠／低確率タマゴ,Lv.19～25,通常0%／DexNav 2～5%,本編必須フラグを変更せず、外来生態フラグ・時間帯・DexNav・大量発生で制御,K11,11ばんどうろ,DexNav隠し枠／低確率タマゴ,Lv.76～82,通常0%／DexNav 2～5%,ベガ初回殿堂入り後。認定章数でエリアと中間進化枠を段階解禁。,トーホクは本編で使える低～中レベル基礎種、カントーは高レベル個体・中間進化・隠れ特性探索を担当。,ベガ既存11枠を上書きせず、CFRU側の条件付きオーバーレイ／DexNav／大量発生へ登録,P2,タマンタをトーホクで捕獲して進化,508ばんどうろ／すいどう,進化／殿堂入り後DexNavで中間進化が稀に出現,通常野生は基礎種のみ,本編必須フラグを変更せず、外来生態フラグ・時間帯・DexNav・大量発生で制御,タマンタをカントーで捕獲して進化,11ばんどうろ,進化／認定章6個以降は中間進化がDexNav希少枠,通常野生は基礎種中心,ベガ初回殿堂入り後。認定章数でエリアと中間進化枠を段階解禁。,通常系統は両地方で基礎種を捕獲可能。トーホクは早期育成、カントーは高レベル・隠れ特性・タマゴ技探索を担当。,V2二地方生態版／541系統配置マスター＋特殊個体イベントマスター
227,エアームド,skarmory,2,はがね／ひこう,117,通常生態,no,no,既存（トーホク図鑑028）,既存ベガ個体を保持,ベガ既存進行,ベガ既存地点,ベガ既存入手法,既存値,トーホク図鑑No.028。内部種族ID・図鑑登録・イベント参照を変更しない。,トーホク図鑑にも既存番号で登録,VEGA_NATIVE_028（実ROMから確定）,エアームド,エアームド,ベガ既存系統を完全保持,VEGA_NATIVE,ベガ既存地点（出現表・配布・進化を変更しない）,ベガ既存入手法,既存値,既存値,既存イベント・野生表・進化条件を原則維持。現代化で条件が壊れる場合のみ互換処理。,K11,11ばんどうろ,草むらオーバーレイ,Lv.76～82,通常表8～15%,ベガ初回殿堂入り後。認定章数でエリアと中間進化枠を段階解禁。,トーホクではベガ既存個体を保護。カントーでは高レベル個体・隠れ特性・タマゴ技探索を担当。,既存テーブル無変更,P0,ベガ既存入手法を完全保持,ベガ既存地点,ベガ既存入手法,既存値,トーホク図鑑No.028。内部種族ID・図鑑登録・イベント参照を変更しない。,カントー高レベル野生生態,11ばんどうろ,草むらオーバーレイ,通常表8～15%,ベガ初回殿堂入り後。認定章数でエリアと中間進化枠を段階解禁。,通常系統は両地方で基礎種を捕獲可能。トーホクは早期育成、カントーは高レベル・隠れ特性・タマゴ技探索を担当。,V2二地方生態版／541系統配置マスター＋特殊個体イベントマスター
228,デルビル,houndour,2,あく／ほのお,118,通常生態,no,no,既存（トーホク図鑑014）,既存ベガ個体を保持,ベガ既存進行,ベガ既存地点,ベガ既存入手法,既存値,トーホク図鑑No.014。内部種族ID・図鑑登録・イベント参照を変更しない。,トーホク図鑑にも既存番号で登録,VEGA_NATIVE_014（実ROMから確定）,デルビル,デルビル → ヘルガー,ベガ既存系統を完全保持,VEGA_NATIVE,ベガ既存地点（出現表・配布・進化を変更しない）,ベガ既存入手法,既存値,既存値,既存イベント・野生表・進化条件を原則維持。現代化で条件が壊れる場合のみ互換処理。,K39,ポケモンやしき,夜間オーバーレイ,Lv.91～98,夜間8～12%,ベガ初回殿堂入り後。認定章数でエリアと中間進化枠を段階解禁。,トーホクではベガ既存個体を保護。カントーでは高レベル個体・隠れ特性・タマゴ技探索を担当。,既存テーブル無変更,P0,ベガ既存入手法を完全保持,ベガ既存地点,ベガ既存入手法,既存値,トーホク図鑑No.014。内部種族ID・図鑑登録・イベント参照を変更しない。,カントー高レベル野生生態,ポケモンやしき,夜間オーバーレイ,夜間8～12%,ベガ初回殿堂入り後。認定章数でエリアと中間進化枠を段階解禁。,通常系統は両地方で基礎種を捕獲可能。トーホクは早期育成、カントーは高レベル・隠れ特性・タマゴ技探索を担当。,V2二地方生態版／541系統配置マスター＋特殊個体イベントマスター
229,ヘルガー,houndoom,2,あく／ほのお,118,通常生態,no,no,既存（トーホク図鑑015）,既存ベガ個体を保持,ベガ既存進行,ベガ既存地点,ベガ既存入手法,既存値,トーホク図鑑No.015。内部種族ID・図鑑登録・イベント参照を変更しない。,トーホク図鑑にも既存番号で登録,VEGA_NATIVE_015（実ROMから確定）,デルビル,デルビル → ヘルガー,ベガ既存系統を完全保持,VEGA_NATIVE,ベガ既存地点（出現表・配布・進化を変更しない）,ベガ既存入手法,既存値,既存値,既存イベント・野生表・進化条件を原則維持。現代化で条件が壊れる場合のみ互換処理。,K39,ポケモンやしき,夜間オーバーレイ,Lv.91～98,夜間8～12%,ベガ初回殿堂入り後。認定章数でエリアと中間進化枠を段階解禁。,トーホクではベガ既存個体を保護。カントーでは高レベル個体・隠れ特性・タマゴ技探索を担当。,既存テーブル無変更,P0,ベガ既存入手法を完全保持,ベガ既存地点,ベガ既存入手法,既存値,トーホク図鑑No.015。内部種族ID・図鑑登録・イベント参照を変更しない。,デルビルをカントーで捕獲して進化,ポケモンやしき,進化／認定章6個以降は中間進化がDexNav希少枠,通常野生は基礎種中心,ベガ初回殿堂入り後。認定章数でエリアと中間進化枠を段階解禁。,通常系統は両地方で基礎種を捕獲可能。トーホクは早期育成、カントーは高レベル・隠れ特性・タマゴ技探索を担当。,V2二地方生態版／541系統配置マスター＋特殊個体イベントマスター
230,キングドラ,kingdra,2,みず／ドラゴン,54,通常生態,no,no,未収録・追加対象,新IDへ追加（進化入手）,殿堂入り後,シオウ近海,進化,―,りゅうのウロコを持たせて「つながりのヒモ」を使用。NPC交換でも進化可。,全国研究図鑑へ登録（トーホク386完成条件には含めない）,NATIONAL_EXT_0230（新規16bit ID）,タッツー,タッツー → シードラ → キングドラ,外来生態レイヤーへ追加,T512,512ばんどうろ／すいどう,水上オーバーレイ,Lv.27～33,追加抽選4～8%,本編必須フラグを変更せず、外来生態フラグ・時間帯・DexNav・大量発生で制御,K19,19ばんどうろ,水上オーバーレイ,Lv.87～92,通常表10～20%,ベガ初回殿堂入り後。認定章数でエリアと中間進化枠を段階解禁。,トーホクは本編で使える低～中レベル基礎種、カントーは高レベル個体・中間進化・隠れ特性探索を担当。,ベガ既存11枠を上書きせず、CFRU側の条件付きオーバーレイ／DexNav／大量発生へ登録,P2,タッツーをトーホクで捕獲して進化,512ばんどうろ／すいどう,進化／殿堂入り後DexNavで中間進化が稀に出現,通常野生は基礎種のみ,本編必須フラグを変更せず、外来生態フラグ・時間帯・DexNav・大量発生で制御,タッツーをカントーで捕獲して進化,19ばんどうろ,進化／認定章6個以降は中間進化がDexNav希少枠,通常野生は基礎種中心,ベガ初回殿堂入り後。認定章数でエリアと中間進化枠を段階解禁。,通常系統は両地方で基礎種を捕獲可能。トーホクは早期育成、カントーは高レベル・隠れ特性・タマゴ技探索を担当。,V2二地方生態版／541系統配置マスター＋特殊個体イベントマスター
231,ゴマゾウ,phanpy,2,じめん,119,通常生態,no,no,未収録・追加対象,新IDへ追加,殿堂入り後,ちえのどうくつ,図鑑ナビ隠し枠,通常表0%／ナビ検索時1～5%,主に基礎形のみ出現。中間・最終進化は原則として育成で入手。時間帯・天候は生態チケットで任意固定可能。,全国研究図鑑へ登録（トーホク386完成条件には含めない）,NATIONAL_EXT_0231（新規16bit ID）,ゴマゾウ,ゴマゾウ → ドンファン,外来生態レイヤーへ追加,T031,ユキユキやま,いわくだき／DexNav,Lv.36～46／殿堂入り後Lv.58～72,通常0%／DexNav 2～5%,本編必須フラグを変更せず、外来生態フラグ・時間帯・DexNav・大量発生で制御,K30,イワヤマトンネル,いわくだき／DexNav,Lv.80～87,通常0%／DexNav 2～5%,ベガ初回殿堂入り後。認定章数でエリアと中間進化枠を段階解禁。,トーホクは本編で使える低～中レベル基礎種、カントーは高レベル個体・中間進化・隠れ特性探索を担当。,ベガ既存11枠を上書きせず、CFRU側の条件付きオーバーレイ／DexNav／大量発生へ登録,P2,トーホク野生生態,ユキユキやま,いわくだき／DexNav,通常0%／DexNav 2～5%,本編必須フラグを変更せず、外来生態フラグ・時間帯・DexNav・大量発生で制御,カントー高レベル野生生態,イワヤマトンネル,いわくだき／DexNav,通常0%／DexNav 2～5%,ベガ初回殿堂入り後。認定章数でエリアと中間進化枠を段階解禁。,通常系統は両地方で基礎種を捕獲可能。トーホクは早期育成、カントーは高レベル・隠れ特性・タマゴ技探索を担当。,V2二地方生態版／541系統配置マスター＋特殊個体イベントマスター
232,ドンファン,donphan,2,じめん,119,通常生態,no,no,未収録・追加対象,新IDへ追加（進化入手）,殿堂入り後,ちえのどうくつ,進化,―,レベルアップ＋Lv.25以上（CFRU/DPEの対応トリガーを使用。通信・RTC必須にはしない）,全国研究図鑑へ登録（トーホク386完成条件には含めない）,NATIONAL_EXT_0232（新規16bit ID）,ゴマゾウ,ゴマゾウ → ドンファン,外来生態レイヤーへ追加,T031,ユキユキやま,いわくだき／DexNav,Lv.36～46／殿堂入り後Lv.58～72,通常0%／DexNav 2～5%,本編必須フラグを変更せず、外来生態フラグ・時間帯・DexNav・大量発生で制御,K30,イワヤマトンネル,いわくだき／DexNav,Lv.80～87,通常0%／DexNav 2～5%,ベガ初回殿堂入り後。認定章数でエリアと中間進化枠を段階解禁。,トーホクは本編で使える低～中レベル基礎種、カントーは高レベル個体・中間進化・隠れ特性探索を担当。,ベガ既存11枠を上書きせず、CFRU側の条件付きオーバーレイ／DexNav／大量発生へ登録,P2,ゴマゾウをトーホクで捕獲して進化,ユキユキやま,進化／殿堂入り後DexNavで中間進化が稀に出現,通常野生は基礎種のみ,本編必須フラグを変更せず、外来生態フラグ・時間帯・DexNav・大量発生で制御,ゴマゾウをカントーで捕獲して進化,イワヤマトンネル,進化／認定章6個以降は中間進化がDexNav希少枠,通常野生は基礎種中心,ベガ初回殿堂入り後。認定章数でエリアと中間進化枠を段階解禁。,通常系統は両地方で基礎種を捕獲可能。トーホクは早期育成、カントーは高レベル・隠れ特性・タマゴ技探索を担当。,V2二地方生態版／541系統配置マスター＋特殊個体イベントマスター
233,ポリゴン２,porygon2,2,ノーマル,68,人工・無機物,no,no,既存（トーホク図鑑076）,既存ベガ個体を保持,ベガ既存進行,ベガ既存地点,ベガ既存入手法,既存値,トーホク図鑑No.076。内部種族ID・図鑑登録・イベント参照を変更しない。,トーホク図鑑にも既存番号で登録,VEGA_NATIVE_076（実ROMから確定）,ポリゴン,ポリゴン → ポリゴン２ → ポリゴンＺ,ベガ既存系統を完全保持,VEGA_NATIVE,ベガ既存地点（出現表・配布・進化を変更しない）,ベガ既存入手法,既存値,既存値,既存イベント・野生表・進化条件を原則維持。現代化で条件が壊れる場合のみ互換処理。,K41,シルフカンパニー,屋内異常遭遇／DexNav,Lv.90～97（異常遭遇）,通常0%／DexNav 2～5%,ベガ初回殿堂入り後。認定章数でエリアと中間進化枠を段階解禁。,トーホクではベガ既存個体を保護。カントーでは高レベル個体・隠れ特性・タマゴ技探索を担当。,既存テーブル無変更,P0,ベガ既存入手法を完全保持,ベガ既存地点,ベガ既存入手法,既存値,トーホク図鑑No.076。内部種族ID・図鑑登録・イベント参照を変更しない。,ポリゴンをカントーで捕獲して進化,シルフカンパニー,進化／認定章6個以降は中間進化がDexNav希少枠,通常野生は基礎種中心,ベガ初回殿堂入り後。認定章数でエリアと中間進化枠を段階解禁。,通常系統は両地方で基礎種を捕獲可能。トーホクは早期育成、カントーは高レベル・隠れ特性・タマゴ技探索を担当。,V2二地方生態版／541系統配置マスター＋特殊個体イベントマスター
234,オドシシ,stantler,2,ノーマル,120,通常生態,no,no,未収録・追加対象,新IDへ追加,殿堂入り後,ニューアイランド,図鑑ナビ隠し枠,通常表0%／ナビ検索時1～5%,主に基礎形のみ出現。中間・最終進化は原則として育成で入手。時間帯・天候は生態チケットで任意固定可能。,全国研究図鑑へ登録（トーホク386完成条件には含めない）,NATIONAL_EXT_0234（新規16bit ID）,オドシシ,オドシシ → アヤシシ,外来生態レイヤーへ追加,T506,506ばんどうろ／すいどう,草むらオーバーレイ,Lv.12～17,追加抽選3～6%,本編必須フラグを変更せず、外来生態フラグ・時間帯・DexNav・大量発生で制御,K16,16ばんどうろ,草むらオーバーレイ,Lv.81～86,通常表8～15%,ベガ初回殿堂入り後。認定章数でエリアと中間進化枠を段階解禁。,トーホクは本編で使える低～中レベル基礎種、カントーは高レベル個体・中間進化・隠れ特性探索を担当。,ベガ既存11枠を上書きせず、CFRU側の条件付きオーバーレイ／DexNav／大量発生へ登録,P2,トーホク野生生態,506ばんどうろ／すいどう,草むらオーバーレイ,追加抽選3～6%,本編必須フラグを変更せず、外来生態フラグ・時間帯・DexNav・大量発生で制御,カントー高レベル野生生態,16ばんどうろ,草むらオーバーレイ,通常表8～15%,ベガ初回殿堂入り後。認定章数でエリアと中間進化枠を段階解禁。,通常系統は両地方で基礎種を捕獲可能。トーホクは早期育成、カントーは高レベル・隠れ特性・タマゴ技探索を担当。,V2二地方生態版／541系統配置マスター＋特殊個体イベントマスター
235,ドーブル,smeargle,2,ノーマル,121,通常生態,no,no,未収録・追加対象,新IDへ追加,殿堂入り後,501ばんどうろ,図鑑ナビ隠し枠,通常表0%／ナビ検索時1～5%,主に基礎形のみ出現。中間・最終進化は原則として育成で入手。時間帯・天候は生態チケットで任意固定可能。,全国研究図鑑へ登録（トーホク386完成条件には含めない）,NATIONAL_EXT_0235（新規16bit ID）,ドーブル,ドーブル,外来生態レイヤーへ追加,T506,506ばんどうろ／すいどう,草むらオーバーレイ,Lv.12～17,追加抽選3～6%,本編必須フラグを変更せず、外来生態フラグ・時間帯・DexNav・大量発生で制御,K18,18ばんどうろ,草むらオーバーレイ,Lv.84～90,通常表8～15%,ベガ初回殿堂入り後。認定章数でエリアと中間進化枠を段階解禁。,トーホクは本編で使える低～中レベル基礎種、カントーは高レベル個体・中間進化・隠れ特性探索を担当。,ベガ既存11枠を上書きせず、CFRU側の条件付きオーバーレイ／DexNav／大量発生へ登録,P2,トーホク野生生態,506ばんどうろ／すいどう,草むらオーバーレイ,追加抽選3～6%,本編必須フラグを変更せず、外来生態フラグ・時間帯・DexNav・大量発生で制御,カントー高レベル野生生態,18ばんどうろ,草むらオーバーレイ,通常表8～15%,ベガ初回殿堂入り後。認定章数でエリアと中間進化枠を段階解禁。,通常系統は両地方で基礎種を捕獲可能。トーホクは早期育成、カントーは高レベル・隠れ特性・タマゴ技探索を担当。,V2二地方生態版／541系統配置マスター＋特殊個体イベントマスター
236,バルキー,tyrogue,2,かくとう,47,ベビィ含有,no,no,既存（トーホク図鑑046）,既存ベガ個体を保持,ベガ既存進行,ベガ既存地点,ベガ既存入手法,既存値,トーホク図鑑No.046。内部種族ID・図鑑登録・イベント参照を変更しない。,トーホク図鑑にも既存番号で登録,VEGA_NATIVE_046（実ROMから確定）,バルキー,バルキー → サワムラー → エビワラー → カポエラー,ベガ既存系統を完全保持,VEGA_NATIVE,ベガ既存地点（出現表・配布・進化を変更しない）,ベガ既存入手法,既存値,既存値,既存イベント・野生表・進化条件を原則維持。現代化で条件が壊れる場合のみ互換処理。,K10,10ばんどうろ,DexNav隠し枠／低確率タマゴ,Lv.78～84,通常0%／DexNav 2～5%,ベガ初回殿堂入り後。認定章数でエリアと中間進化枠を段階解禁。,トーホクではベガ既存個体を保護。カントーでは高レベル個体・隠れ特性・タマゴ技探索を担当。,既存テーブル無変更,P0,ベガ既存入手法を完全保持,ベガ既存地点,ベガ既存入手法,既存値,トーホク図鑑No.046。内部種族ID・図鑑登録・イベント参照を変更しない。,カントー高レベル野生生態,10ばんどうろ,DexNav隠し枠／低確率タマゴ,通常0%／DexNav 2～5%,ベガ初回殿堂入り後。認定章数でエリアと中間進化枠を段階解禁。,通常系統は両地方で基礎種を捕獲可能。トーホクは早期育成、カントーは高レベル・隠れ特性・タマゴ技探索を担当。,V2二地方生態版／541系統配置マスター＋特殊個体イベントマスター
237,カポエラー,hitmontop,2,かくとう,47,ベビィ含有,no,no,既存（トーホク図鑑049）,既存ベガ個体を保持,ベガ既存進行,ベガ既存地点,ベガ既存入手法,既存値,トーホク図鑑No.049。内部種族ID・図鑑登録・イベント参照を変更しない。,トーホク図鑑にも既存番号で登録,VEGA_NATIVE_049（実ROMから確定）,バルキー,バルキー → サワムラー → エビワラー → カポエラー,ベガ既存系統を完全保持,VEGA_NATIVE,ベガ既存地点（出現表・配布・進化を変更しない）,ベガ既存入手法,既存値,既存値,既存イベント・野生表・進化条件を原則維持。現代化で条件が壊れる場合のみ互換処理。,K10,10ばんどうろ,DexNav隠し枠／低確率タマゴ,Lv.78～84,通常0%／DexNav 2～5%,ベガ初回殿堂入り後。認定章数でエリアと中間進化枠を段階解禁。,トーホクではベガ既存個体を保護。カントーでは高レベル個体・隠れ特性・タマゴ技探索を担当。,既存テーブル無変更,P0,ベガ既存入手法を完全保持,ベガ既存地点,ベガ既存入手法,既存値,トーホク図鑑No.049。内部種族ID・図鑑登録・イベント参照を変更しない。,バルキーをカントーで捕獲して進化,10ばんどうろ,進化／認定章6個以降は中間進化がDexNav希少枠,通常野生は基礎種中心,ベガ初回殿堂入り後。認定章数でエリアと中間進化枠を段階解禁。,通常系統は両地方で基礎種を捕獲可能。トーホクは早期育成、カントーは高レベル・隠れ特性・タマゴ技探索を担当。,V2二地方生態版／541系統配置マスター＋特殊個体イベントマスター
238,ムチュール,smoochum,2,こおり／エスパー,59,ベビィ含有,no,no,既存（トーホク図鑑184）,既存ベガ個体を保持,ベガ既存進行,ベガ既存地点,ベガ既存入手法,既存値,トーホク図鑑No.184。内部種族ID・図鑑登録・イベント参照を変更しない。,トーホク図鑑にも既存番号で登録,VEGA_NATIVE_184（実ROMから確定）,ムチュール,ムチュール → ルージュラ,ベガ既存系統を完全保持,VEGA_NATIVE,ベガ既存地点（出現表・配布・進化を変更しない）,ベガ既存入手法,既存値,既存値,既存イベント・野生表・進化条件を原則維持。現代化で条件が壊れる場合のみ互換処理。,K38,ふたごじま,DexNav隠し枠／低確率タマゴ,Lv.88～96,通常0%／DexNav 2～5%,ベガ初回殿堂入り後。認定章数でエリアと中間進化枠を段階解禁。,トーホクではベガ既存個体を保護。カントーでは高レベル個体・隠れ特性・タマゴ技探索を担当。,既存テーブル無変更,P0,ベガ既存入手法を完全保持,ベガ既存地点,ベガ既存入手法,既存値,トーホク図鑑No.184。内部種族ID・図鑑登録・イベント参照を変更しない。,カントー高レベル野生生態,ふたごじま,DexNav隠し枠／低確率タマゴ,通常0%／DexNav 2～5%,ベガ初回殿堂入り後。認定章数でエリアと中間進化枠を段階解禁。,通常系統は両地方で基礎種を捕獲可能。トーホクは早期育成、カントーは高レベル・隠れ特性・タマゴ技探索を担当。,V2二地方生態版／541系統配置マスター＋特殊個体イベントマスター
239,エレキッド,elekid,2,でんき,60,ベビィ含有,no,no,既存（トーホク図鑑112）,既存ベガ個体を保持,ベガ既存進行,ベガ既存地点,ベガ既存入手法,既存値,トーホク図鑑No.112。内部種族ID・図鑑登録・イベント参照を変更しない。,トーホク図鑑にも既存番号で登録,VEGA_NATIVE_112（実ROMから確定）,エレキッド,エレキッド → エレブー → エレキブル,ベガ既存系統を完全保持,VEGA_NATIVE,ベガ既存地点（出現表・配布・進化を変更しない）,ベガ既存入手法,既存値,既存値,既存イベント・野生表・進化条件を原則維持。現代化で条件が壊れる場合のみ互換処理。,K40,むじんはつでんしょ,DexNav隠し枠／低確率タマゴ,Lv.82～94,通常0%／DexNav 2～5%,ベガ初回殿堂入り後。認定章数でエリアと中間進化枠を段階解禁。,トーホクではベガ既存個体を保護。カントーでは高レベル個体・隠れ特性・タマゴ技探索を担当。,既存テーブル無変更,P0,ベガ既存入手法を完全保持,ベガ既存地点,ベガ既存入手法,既存値,トーホク図鑑No.112。内部種族ID・図鑑登録・イベント参照を変更しない。,カントー高レベル野生生態,むじんはつでんしょ,DexNav隠し枠／低確率タマゴ,通常0%／DexNav 2～5%,ベガ初回殿堂入り後。認定章数でエリアと中間進化枠を段階解禁。,通常系統は両地方で基礎種を捕獲可能。トーホクは早期育成、カントーは高レベル・隠れ特性・タマゴ技探索を担当。,V2二地方生態版／541系統配置マスター＋特殊個体イベントマスター
240,ブビィ,magby,2,ほのお,61,ベビィ含有,no,no,既存（トーホク図鑑115）,既存ベガ個体を保持,ベガ既存進行,ベガ既存地点,ベガ既存入手法,既存値,トーホク図鑑No.115。内部種族ID・図鑑登録・イベント参照を変更しない。,トーホク図鑑にも既存番号で登録,VEGA_NATIVE_115（実ROMから確定）,ブビィ,ブビィ → ブーバー → ブーバーン,ベガ既存系統を完全保持,VEGA_NATIVE,ベガ既存地点（出現表・配布・進化を変更しない）,ベガ既存入手法,既存値,既存値,既存イベント・野生表・進化条件を原則維持。現代化で条件が壊れる場合のみ互換処理。,K39,ポケモンやしき,DexNav隠し枠／低確率タマゴ,Lv.91～98,通常0%／DexNav 2～5%,ベガ初回殿堂入り後。認定章数でエリアと中間進化枠を段階解禁。,トーホクではベガ既存個体を保護。カントーでは高レベル個体・隠れ特性・タマゴ技探索を担当。,既存テーブル無変更,P0,ベガ既存入手法を完全保持,ベガ既存地点,ベガ既存入手法,既存値,トーホク図鑑No.115。内部種族ID・図鑑登録・イベント参照を変更しない。,カントー高レベル野生生態,ポケモンやしき,DexNav隠し枠／低確率タマゴ,通常0%／DexNav 2～5%,ベガ初回殿堂入り後。認定章数でエリアと中間進化枠を段階解禁。,通常系統は両地方で基礎種を捕獲可能。トーホクは早期育成、カントーは高レベル・隠れ特性・タマゴ技探索を担当。,V2二地方生態版／541系統配置マスター＋特殊個体イベントマスター
241,ミルタンク,miltank,2,ノーマル,122,通常生態,no,no,既存（トーホク図鑑092）,既存ベガ個体を保持,ベガ既存進行,ベガ既存地点,ベガ既存入手法,既存値,トーホク図鑑No.092。内部種族ID・図鑑登録・イベント参照を変更しない。,トーホク図鑑にも既存番号で登録,VEGA_NATIVE_092（実ROMから確定）,ミルタンク,ミルタンク,ベガ既存系統を完全保持,VEGA_NATIVE,ベガ既存地点（出現表・配布・進化を変更しない）,ベガ既存入手法,既存値,既存値,既存イベント・野生表・進化条件を原則維持。現代化で条件が壊れる場合のみ互換処理。,K05,5ばんどうろ,草むらオーバーレイ,Lv.74～79,通常表8～15%,ベガ初回殿堂入り後。認定章数でエリアと中間進化枠を段階解禁。,トーホクではベガ既存個体を保護。カントーでは高レベル個体・隠れ特性・タマゴ技探索を担当。,既存テーブル無変更,P0,ベガ既存入手法を完全保持,ベガ既存地点,ベガ既存入手法,既存値,トーホク図鑑No.092。内部種族ID・図鑑登録・イベント参照を変更しない。,カントー高レベル野生生態,5ばんどうろ,草むらオーバーレイ,通常表8～15%,ベガ初回殿堂入り後。認定章数でエリアと中間進化枠を段階解禁。,通常系統は両地方で基礎種を捕獲可能。トーホクは早期育成、カントーは高レベル・隠れ特性・タマゴ技探索を担当。,V2二地方生態版／541系統配置マスター＋特殊個体イベントマスター
242,ハピナス,blissey,2,ノーマル,51,ベビィ含有,no,no,既存（トーホク図鑑289）,既存ベガ個体を保持,ベガ既存進行,ベガ既存地点,ベガ既存入手法,既存値,トーホク図鑑No.289。内部種族ID・図鑑登録・イベント参照を変更しない。,トーホク図鑑にも既存番号で登録,VEGA_NATIVE_289（実ROMから確定）,ピンプク,ピンプク → ラッキー → ハピナス,ベガ既存系統を完全保持,VEGA_NATIVE,ベガ既存地点（出現表・配布・進化を変更しない）,ベガ既存入手法,既存値,既存値,既存イベント・野生表・進化条件を原則維持。現代化で条件が壊れる場合のみ互換処理。,K37,サファリゾーン西,DexNav隠し枠／低確率タマゴ,Lv.85～94,通常0%／DexNav 2～5%,ベガ初回殿堂入り後。認定章数でエリアと中間進化枠を段階解禁。,トーホクではベガ既存個体を保護。カントーでは高レベル個体・隠れ特性・タマゴ技探索を担当。,既存テーブル無変更,P0,ベガ既存入手法を完全保持,ベガ既存地点,ベガ既存入手法,既存値,トーホク図鑑No.289。内部種族ID・図鑑登録・イベント参照を変更しない。,ピンプクをカントーで捕獲して進化,サファリゾーン西,進化／認定章6個以降は中間進化がDexNav希少枠,通常野生は基礎種中心,ベガ初回殿堂入り後。認定章数でエリアと中間進化枠を段階解禁。,通常系統は両地方で基礎種を捕獲可能。トーホクは早期育成、カントーは高レベル・隠れ特性・タマゴ技探索を担当。,V2二地方生態版／541系統配置マスター＋特殊個体イベントマスター
243,ライコウ,raikou,2,でんき,123,伝説,yes,no,既存（トーホク図鑑139）,既存ベガ個体を保持,ベガ既存進行,ベガ既存地点,ベガ既存入手法,既存値,トーホク図鑑No.139。内部種族ID・図鑑登録・イベント参照を変更しない。,トーホク図鑑にも既存番号で登録,VEGA_NATIVE_139（実ROMから確定）,ライコウ,ライコウ,ベガ既存特殊個体を保持＋他地方共鳴,EVENT_T,ベガ既存地点,ベガ既存入手法＋捕獲救済,Lv.70,原則1体・撃破時復活,既存条件,EVENT_K,カントー共鳴碑／研究記録,手掛かり／共鳴戦／専用素材,イベント別,重複捕獲なし,既存条件＋主地方の捕獲フラグ共有,主地方で1個体だけ捕獲し、副地方では手掛かり・共鳴戦・専用素材を扱う。捕獲済みフラグは両地方で共有し、重複個体を与えない。,野生通常表には入れない,P0,ベガ既存特殊個体を保持,ベガ既存地点,ベガ既存入手法＋撃破時復活救済,原則1体・撃破時復活,既存条件,カントー側の手掛かり・共鳴イベント,カントー共鳴碑／研究記録,手掛かり／共鳴戦／専用素材,重複捕獲なし,既存条件＋共有捕獲フラグ確認,主捕獲地方で1個体のみ捕獲。副地方は手掛かり・共鳴戦・素材報酬を担当し、共有捕獲フラグで重複個体を防止。,V2二地方生態版／541系統配置マスター＋特殊個体イベントマスター
244,エンテイ,entei,2,ほのお,124,伝説,yes,no,既存（トーホク図鑑140）,既存ベガ個体を保持,ベガ既存進行,ベガ既存地点,ベガ既存入手法,既存値,トーホク図鑑No.140。内部種族ID・図鑑登録・イベント参照を変更しない。,トーホク図鑑にも既存番号で登録,VEGA_NATIVE_140（実ROMから確定）,エンテイ,エンテイ,ベガ既存特殊個体を保持＋他地方共鳴,EVENT_T,ベガ既存地点,ベガ既存入手法＋捕獲救済,Lv.70,原則1体・撃破時復活,既存条件,EVENT_K,カントー共鳴碑／研究記録,手掛かり／共鳴戦／専用素材,イベント別,重複捕獲なし,既存条件＋主地方の捕獲フラグ共有,主地方で1個体だけ捕獲し、副地方では手掛かり・共鳴戦・専用素材を扱う。捕獲済みフラグは両地方で共有し、重複個体を与えない。,野生通常表には入れない,P0,ベガ既存特殊個体を保持,ベガ既存地点,ベガ既存入手法＋撃破時復活救済,原則1体・撃破時復活,既存条件,カントー側の手掛かり・共鳴イベント,カントー共鳴碑／研究記録,手掛かり／共鳴戦／専用素材,重複捕獲なし,既存条件＋共有捕獲フラグ確認,主捕獲地方で1個体のみ捕獲。副地方は手掛かり・共鳴戦・素材報酬を担当し、共有捕獲フラグで重複個体を防止。,V2二地方生態版／541系統配置マスター＋特殊個体イベントマスター
245,スイクン,suicune,2,みず,125,伝説,yes,no,既存（トーホク図鑑141）,既存ベガ個体を保持,ベガ既存進行,ベガ既存地点,ベガ既存入手法,既存値,トーホク図鑑No.141。内部種族ID・図鑑登録・イベント参照を変更しない。,トーホク図鑑にも既存番号で登録,VEGA_NATIVE_141（実ROMから確定）,スイクン,スイクン,ベガ既存特殊個体を保持＋他地方共鳴,EVENT_T,ベガ既存地点,ベガ既存入手法＋捕獲救済,Lv.70,原則1体・撃破時復活,既存条件,EVENT_K,カントー共鳴碑／研究記録,手掛かり／共鳴戦／専用素材,イベント別,重複捕獲なし,既存条件＋主地方の捕獲フラグ共有,主地方で1個体だけ捕獲し、副地方では手掛かり・共鳴戦・専用素材を扱う。捕獲済みフラグは両地方で共有し、重複個体を与えない。,野生通常表には入れない,P0,ベガ既存特殊個体を保持,ベガ既存地点,ベガ既存入手法＋撃破時復活救済,原則1体・撃破時復活,既存条件,カントー側の手掛かり・共鳴イベント,カントー共鳴碑／研究記録,手掛かり／共鳴戦／専用素材,重複捕獲なし,既存条件＋共有捕獲フラグ確認,主捕獲地方で1個体のみ捕獲。副地方は手掛かり・共鳴戦・素材報酬を担当し、共有捕獲フラグで重複個体を防止。,V2二地方生態版／541系統配置マスター＋特殊個体イベントマスター
246,ヨーギラス,larvitar,2,いわ／じめん,126,600族,no,no,既存（トーホク図鑑124）,既存ベガ個体を保持,ベガ既存進行,ベガ既存地点,ベガ既存入手法,既存値,トーホク図鑑No.124。内部種族ID・図鑑登録・イベント参照を変更しない。,トーホク図鑑にも既存番号で登録,VEGA_NATIVE_124（実ROMから確定）,ヨーギラス,ヨーギラス → サナギラス → バンギラス,ベガ既存系統を完全保持,VEGA_NATIVE,ベガ既存地点（出現表・配布・進化を変更しない）,ベガ既存入手法,既存値,既存値,既存イベント・野生表・進化条件を原則維持。現代化で条件が壊れる場合のみ互換処理。,K42,チャンピオンロード,DexNav隠し枠,Lv.94～100,通常0%／DexNav 1～2%,ベガ初回殿堂入り後。認定章数でエリアと中間進化枠を段階解禁。,トーホクではベガ既存個体を保護。カントーでは高レベル個体・隠れ特性・タマゴ技探索を担当。,既存テーブル無変更,P0,ベガ既存入手法を完全保持,ベガ既存地点,ベガ既存入手法,既存値,トーホク図鑑No.124。内部種族ID・図鑑登録・イベント参照を変更しない。,カントー高レベル野生生態,チャンピオンロード,DexNav隠し枠,通常0%／DexNav 1～2%,ベガ初回殿堂入り後。認定章数でエリアと中間進化枠を段階解禁。,通常系統は両地方で基礎種を捕獲可能。トーホクは早期育成、カントーは高レベル・隠れ特性・タマゴ技探索を担当。,V2二地方生態版／541系統配置マスター＋特殊個体イベントマスター
247,サナギラス,pupitar,2,いわ／じめん,126,600族,no,no,既存（トーホク図鑑125）,既存ベガ個体を保持,ベガ既存進行,ベガ既存地点,ベガ既存入手法,既存値,トーホク図鑑No.125。内部種族ID・図鑑登録・イベント参照を変更しない。,トーホク図鑑にも既存番号で登録,VEGA_NATIVE_125（実ROMから確定）,ヨーギラス,ヨーギラス → サナギラス → バンギラス,ベガ既存系統を完全保持,VEGA_NATIVE,ベガ既存地点（出現表・配布・進化を変更しない）,ベガ既存入手法,既存値,既存値,既存イベント・野生表・進化条件を原則維持。現代化で条件が壊れる場合のみ互換処理。,K42,チャンピオンロード,DexNav隠し枠,Lv.94～100,通常0%／DexNav 1～2%,ベガ初回殿堂入り後。認定章数でエリアと中間進化枠を段階解禁。,トーホクではベガ既存個体を保護。カントーでは高レベル個体・隠れ特性・タマゴ技探索を担当。,既存テーブル無変更,P0,ベガ既存入手法を完全保持,ベガ既存地点,ベガ既存入手法,既存値,トーホク図鑑No.125。内部種族ID・図鑑登録・イベント参照を変更しない。,ヨーギラスをカントーで捕獲して進化,チャンピオンロード,進化／認定章6個以降は中間進化がDexNav希少枠,通常野生は基礎種中心,ベガ初回殿堂入り後。認定章数でエリアと中間進化枠を段階解禁。,通常系統は両地方で基礎種を捕獲可能。トーホクは早期育成、カントーは高レベル・隠れ特性・タマゴ技探索を担当。,V2二地方生態版／541系統配置マスター＋特殊個体イベントマスター
248,バンギラス,tyranitar,2,いわ／あく,126,600族,no,no,既存（トーホク図鑑126）,既存ベガ個体を保持,ベガ既存進行,ベガ既存地点,ベガ既存入手法,既存値,トーホク図鑑No.126。内部種族ID・図鑑登録・イベント参照を変更しない。,トーホク図鑑にも既存番号で登録,VEGA_NATIVE_126（実ROMから確定）,ヨーギラス,ヨーギラス → サナギラス → バンギラス,ベガ既存系統を完全保持,VEGA_NATIVE,ベガ既存地点（出現表・配布・進化を変更しない）,ベガ既存入手法,既存値,既存値,既存イベント・野生表・進化条件を原則維持。現代化で条件が壊れる場合のみ互換処理。,K42,チャンピオンロード,DexNav隠し枠,Lv.94～100,通常0%／DexNav 1～2%,ベガ初回殿堂入り後。認定章数でエリアと中間進化枠を段階解禁。,トーホクではベガ既存個体を保護。カントーでは高レベル個体・隠れ特性・タマゴ技探索を担当。,既存テーブル無変更,P0,ベガ既存入手法を完全保持,ベガ既存地点,ベガ既存入手法,既存値,トーホク図鑑No.126。内部種族ID・図鑑登録・イベント参照を変更しない。,ヨーギラスをカントーで捕獲して進化,チャンピオンロード,進化／認定章6個以降は中間進化がDexNav希少枠,通常野生は基礎種中心,ベガ初回殿堂入り後。認定章数でエリアと中間進化枠を段階解禁。,通常系統は両地方で基礎種を捕獲可能。トーホクは早期育成、カントーは高レベル・隠れ特性・タマゴ技探索を担当。,V2二地方生態版／541系統配置マスター＋特殊個体イベントマスター
249,ルギア,lugia,2,エスパー／ひこう,127,伝説,yes,no,既存（トーホク図鑑148）,既存ベガ個体を保持,ベガ既存進行,ベガ既存地点,ベガ既存入手法,既存値,トーホク図鑑No.148。内部種族ID・図鑑登録・イベント参照を変更しない。,トーホク図鑑にも既存番号で登録,VEGA_NATIVE_148（実ROMから確定）,ルギア,ルギア,ベガ既存特殊個体を保持＋他地方共鳴,EVENT_T,ベガ既存地点,ベガ既存入手法＋捕獲救済,Lv.70,原則1体・撃破時復活,既存条件,EVENT_K,カントー共鳴碑／研究記録,手掛かり／共鳴戦／専用素材,イベント別,重複捕獲なし,既存条件＋主地方の捕獲フラグ共有,主地方で1個体だけ捕獲し、副地方では手掛かり・共鳴戦・専用素材を扱う。捕獲済みフラグは両地方で共有し、重複個体を与えない。,野生通常表には入れない,P0,ベガ既存特殊個体を保持,ベガ既存地点,ベガ既存入手法＋撃破時復活救済,原則1体・撃破時復活,既存条件,カントー側の手掛かり・共鳴イベント,カントー共鳴碑／研究記録,手掛かり／共鳴戦／専用素材,重複捕獲なし,既存条件＋共有捕獲フラグ確認,主捕獲地方で1個体のみ捕獲。副地方は手掛かり・共鳴戦・素材報酬を担当し、共有捕獲フラグで重複個体を防止。,V2二地方生態版／541系統配置マスター＋特殊個体イベントマスター
250,ホウオウ,ho-oh,2,ほのお／ひこう,128,伝説,yes,no,既存（トーホク図鑑149）,既存ベガ個体を保持,ベガ既存進行,ベガ既存地点,ベガ既存入手法,既存値,トーホク図鑑No.149。内部種族ID・図鑑登録・イベント参照を変更しない。,トーホク図鑑にも既存番号で登録,VEGA_NATIVE_149（実ROMから確定）,ホウオウ,ホウオウ,ベガ既存特殊個体を保持＋他地方共鳴,EVENT_T,ベガ既存地点,ベガ既存入手法＋捕獲救済,Lv.70,原則1体・撃破時復活,既存条件,EVENT_K,カントー共鳴碑／研究記録,手掛かり／共鳴戦／専用素材,イベント別,重複捕獲なし,既存条件＋主地方の捕獲フラグ共有,主地方で1個体だけ捕獲し、副地方では手掛かり・共鳴戦・専用素材を扱う。捕獲済みフラグは両地方で共有し、重複個体を与えない。,野生通常表には入れない,P0,ベガ既存特殊個体を保持,ベガ既存地点,ベガ既存入手法＋撃破時復活救済,原則1体・撃破時復活,既存条件,カントー側の手掛かり・共鳴イベント,カントー共鳴碑／研究記録,手掛かり／共鳴戦／専用素材,重複捕獲なし,既存条件＋共有捕獲フラグ確認,主捕獲地方で1個体のみ捕獲。副地方は手掛かり・共鳴戦・素材報酬を担当し、共有捕獲フラグで重複個体を防止。,V2二地方生態版／541系統配置マスター＋特殊個体イベントマスター
251,セレビィ,celebi,2,エスパー／くさ,129,幻,no,yes,未収録・追加対象,新IDへ追加,殿堂入り＋ときのかけら3個,ときのようかん,固定シンボル／専用クエスト,―,館内の時計を3つ直すと庭が出現し、セレビィと固定戦。,全国研究図鑑へ登録（トーホク386完成条件には含めない）,NATIONAL_EXT_0251（新規16bit ID）,セレビィ,セレビィ,固定イベント追加,EVENT_T,ときのようかん中庭,固定シンボル／専用クエスト,Lv.80,原則1体・撃破時復活,殿堂入り＋ときのかけら3個,EVENT_K,トキワのもり・古木,手掛かり／共鳴戦／専用素材,イベント別,重複捕獲なし,殿堂入り＋ときのかけら3個＋主地方の捕獲フラグ共有,主地方で1個体だけ捕獲し、副地方では手掛かり・共鳴戦・専用素材を扱う。捕獲済みフラグは両地方で共有し、重複個体を与えない。,野生通常表には入れない,P2,トーホク固定イベントで捕獲,ときのようかん中庭,固定シンボル／専用クエスト,原則1体・撃破時復活,殿堂入り＋ときのかけら3個,カントー側の手掛かり・共鳴イベント,トキワのもり・古木,手掛かり／共鳴戦／専用素材,重複捕獲なし,殿堂入り＋ときのかけら3個＋共有捕獲フラグ確認,主捕獲地方で1個体のみ捕獲。副地方は手掛かり・共鳴戦・素材報酬を担当し、共有捕獲フラグで重複個体を防止。,V2二地方生態版／541系統配置マスター＋特殊個体イベントマスター
252,キモリ,treecko,3,くさ,130,御三家,no,no,未収録・追加対象,新IDへ追加,殿堂入り＋全国研究開始,ハクジタウン研究所,地方研究依頼の報酬タマゴ,―,各世代の生態サンプルを3件提出。選択式にせず、依頼再受注で全系統入手可能。,全国研究図鑑へ登録（トーホク386完成条件には含めない）,NATIONAL_EXT_0252（新規16bit ID）,キモリ,キモリ → ジュプトル → ジュカイン,地方研究タマゴ追加,T_LAB,ハクジタウン・ヒイラギ研究所,地域別研究依頼の報酬タマゴ,Lv.5,研究チケット1枚／系統選択・反復可,各世代の生態サンプルを3件提出。選択式にせず、依頼再受注で全系統入手可能。,K47,マサラタウン・オーキド研究所,オーキド研究所の生態交換タマゴ,Lv.5,カントー認定章2個ごとに1系統、最終的に全系統反復可,ベガ初回殿堂入り後。認定章数でエリアと中間進化枠を段階解禁。,御三家を野生化せず、両地方の研究所を巡る収集導線にする。,通常野生表には入れない,P2,ヒイラギ研究所の地方研究タマゴ,ハクジタウン・ヒイラギ研究所,選択式タマゴ配布,各系統1個／再取得は研究ポイント,各世代の生態サンプルを3件提出。選択式にせず、依頼再受注で全系統入手可能。,オーキド研究所の国際交換タマゴ,マサラタウン・オーキド研究所,選択式タマゴ配布,トーホクで未選択の系統を優先,ベガ初回殿堂入り後。認定章数でエリアと中間進化枠を段階解禁。,通常系統は両地方で基礎種を捕獲可能。トーホクは早期育成、カントーは高レベル・隠れ特性・タマゴ技探索を担当。,V2二地方生態版／541系統配置マスター＋特殊個体イベントマスター
253,ジュプトル,grovyle,3,くさ,130,御三家,no,no,未収録・追加対象,新IDへ追加（進化入手）,殿堂入り＋全国研究開始,ハクジタウン研究所,進化,―,レベルアップ＋Lv.16以上（CFRU/DPEの対応トリガーを使用。通信・RTC必須にはしない）,全国研究図鑑へ登録（トーホク386完成条件には含めない）,NATIONAL_EXT_0253（新規16bit ID）,キモリ,キモリ → ジュプトル → ジュカイン,地方研究タマゴ追加,T_LAB,ハクジタウン・ヒイラギ研究所,地域別研究依頼の報酬タマゴ,Lv.5,研究チケット1枚／系統選択・反復可,各世代の生態サンプルを3件提出。選択式にせず、依頼再受注で全系統入手可能。,K47,マサラタウン・オーキド研究所,オーキド研究所の生態交換タマゴ,Lv.5,カントー認定章2個ごとに1系統、最終的に全系統反復可,ベガ初回殿堂入り後。認定章数でエリアと中間進化枠を段階解禁。,御三家を野生化せず、両地方の研究所を巡る収集導線にする。,通常野生表には入れない,P2,キモリを育成して進化,ハクジタウン・ヒイラギ研究所,進化,野生追加なし,各世代の生態サンプルを3件提出。選択式にせず、依頼再受注で全系統入手可能。,キモリを育成して進化,マサラタウン・オーキド研究所,進化,野生追加なし,ベガ初回殿堂入り後。認定章数でエリアと中間進化枠を段階解禁。,通常系統は両地方で基礎種を捕獲可能。トーホクは早期育成、カントーは高レベル・隠れ特性・タマゴ技探索を担当。,V2二地方生態版／541系統配置マスター＋特殊個体イベントマスター
254,ジュカイン,sceptile,3,くさ,130,御三家,no,no,未収録・追加対象,新IDへ追加（進化入手）,殿堂入り＋全国研究開始,ハクジタウン研究所,進化,―,レベルアップ＋Lv.36以上（CFRU/DPEの対応トリガーを使用。通信・RTC必須にはしない）,全国研究図鑑へ登録（トーホク386完成条件には含めない）,NATIONAL_EXT_0254（新規16bit ID）,キモリ,キモリ → ジュプトル → ジュカイン,地方研究タマゴ追加,T_LAB,ハクジタウン・ヒイラギ研究所,地域別研究依頼の報酬タマゴ,Lv.5,研究チケット1枚／系統選択・反復可,各世代の生態サンプルを3件提出。選択式にせず、依頼再受注で全系統入手可能。,K47,マサラタウン・オーキド研究所,オーキド研究所の生態交換タマゴ,Lv.5,カントー認定章2個ごとに1系統、最終的に全系統反復可,ベガ初回殿堂入り後。認定章数でエリアと中間進化枠を段階解禁。,御三家を野生化せず、両地方の研究所を巡る収集導線にする。,通常野生表には入れない,P2,キモリを育成して進化,ハクジタウン・ヒイラギ研究所,進化,野生追加なし,各世代の生態サンプルを3件提出。選択式にせず、依頼再受注で全系統入手可能。,キモリを育成して進化,マサラタウン・オーキド研究所,進化,野生追加なし,ベガ初回殿堂入り後。認定章数でエリアと中間進化枠を段階解禁。,通常系統は両地方で基礎種を捕獲可能。トーホクは早期育成、カントーは高レベル・隠れ特性・タマゴ技探索を担当。,V2二地方生態版／541系統配置マスター＋特殊個体イベントマスター
255,アチャモ,torchic,3,ほのお,131,御三家,no,no,未収録・追加対象,新IDへ追加,殿堂入り＋全国研究開始,ハクジタウン研究所,地方研究依頼の報酬タマゴ,―,各世代の生態サンプルを3件提出。選択式にせず、依頼再受注で全系統入手可能。,全国研究図鑑へ登録（トーホク386完成条件には含めない）,NATIONAL_EXT_0255（新規16bit ID）,アチャモ,アチャモ → ワカシャモ → バシャーモ,地方研究タマゴ追加,T_LAB,ハクジタウン・ヒイラギ研究所,地域別研究依頼の報酬タマゴ,Lv.5,研究チケット1枚／系統選択・反復可,各世代の生態サンプルを3件提出。選択式にせず、依頼再受注で全系統入手可能。,K47,マサラタウン・オーキド研究所,オーキド研究所の生態交換タマゴ,Lv.5,カントー認定章2個ごとに1系統、最終的に全系統反復可,ベガ初回殿堂入り後。認定章数でエリアと中間進化枠を段階解禁。,御三家を野生化せず、両地方の研究所を巡る収集導線にする。,通常野生表には入れない,P2,ヒイラギ研究所の地方研究タマゴ,ハクジタウン・ヒイラギ研究所,選択式タマゴ配布,各系統1個／再取得は研究ポイント,各世代の生態サンプルを3件提出。選択式にせず、依頼再受注で全系統入手可能。,オーキド研究所の国際交換タマゴ,マサラタウン・オーキド研究所,選択式タマゴ配布,トーホクで未選択の系統を優先,ベガ初回殿堂入り後。認定章数でエリアと中間進化枠を段階解禁。,通常系統は両地方で基礎種を捕獲可能。トーホクは早期育成、カントーは高レベル・隠れ特性・タマゴ技探索を担当。,V2二地方生態版／541系統配置マスター＋特殊個体イベントマスター
256,ワカシャモ,combusken,3,ほのお／かくとう,131,御三家,no,no,未収録・追加対象,新IDへ追加（進化入手）,殿堂入り＋全国研究開始,ハクジタウン研究所,進化,―,レベルアップ＋Lv.16以上（CFRU/DPEの対応トリガーを使用。通信・RTC必須にはしない）,全国研究図鑑へ登録（トーホク386完成条件には含めない）,NATIONAL_EXT_0256（新規16bit ID）,アチャモ,アチャモ → ワカシャモ → バシャーモ,地方研究タマゴ追加,T_LAB,ハクジタウン・ヒイラギ研究所,地域別研究依頼の報酬タマゴ,Lv.5,研究チケット1枚／系統選択・反復可,各世代の生態サンプルを3件提出。選択式にせず、依頼再受注で全系統入手可能。,K47,マサラタウン・オーキド研究所,オーキド研究所の生態交換タマゴ,Lv.5,カントー認定章2個ごとに1系統、最終的に全系統反復可,ベガ初回殿堂入り後。認定章数でエリアと中間進化枠を段階解禁。,御三家を野生化せず、両地方の研究所を巡る収集導線にする。,通常野生表には入れない,P2,アチャモを育成して進化,ハクジタウン・ヒイラギ研究所,進化,野生追加なし,各世代の生態サンプルを3件提出。選択式にせず、依頼再受注で全系統入手可能。,アチャモを育成して進化,マサラタウン・オーキド研究所,進化,野生追加なし,ベガ初回殿堂入り後。認定章数でエリアと中間進化枠を段階解禁。,通常系統は両地方で基礎種を捕獲可能。トーホクは早期育成、カントーは高レベル・隠れ特性・タマゴ技探索を担当。,V2二地方生態版／541系統配置マスター＋特殊個体イベントマスター
257,バシャーモ,blaziken,3,ほのお／かくとう,131,御三家,no,no,未収録・追加対象,新IDへ追加（進化入手）,殿堂入り＋全国研究開始,ハクジタウン研究所,進化,―,レベルアップ＋Lv.36以上（CFRU/DPEの対応トリガーを使用。通信・RTC必須にはしない）,全国研究図鑑へ登録（トーホク386完成条件には含めない）,NATIONAL_EXT_0257（新規16bit ID）,アチャモ,アチャモ → ワカシャモ → バシャーモ,地方研究タマゴ追加,T_LAB,ハクジタウン・ヒイラギ研究所,地域別研究依頼の報酬タマゴ,Lv.5,研究チケット1枚／系統選択・反復可,各世代の生態サンプルを3件提出。選択式にせず、依頼再受注で全系統入手可能。,K47,マサラタウン・オーキド研究所,オーキド研究所の生態交換タマゴ,Lv.5,カントー認定章2個ごとに1系統、最終的に全系統反復可,ベガ初回殿堂入り後。認定章数でエリアと中間進化枠を段階解禁。,御三家を野生化せず、両地方の研究所を巡る収集導線にする。,通常野生表には入れない,P2,アチャモを育成して進化,ハクジタウン・ヒイラギ研究所,進化,野生追加なし,各世代の生態サンプルを3件提出。選択式にせず、依頼再受注で全系統入手可能。,アチャモを育成して進化,マサラタウン・オーキド研究所,進化,野生追加なし,ベガ初回殿堂入り後。認定章数でエリアと中間進化枠を段階解禁。,通常系統は両地方で基礎種を捕獲可能。トーホクは早期育成、カントーは高レベル・隠れ特性・タマゴ技探索を担当。,V2二地方生態版／541系統配置マスター＋特殊個体イベントマスター
258,ミズゴロウ,mudkip,3,みず,132,御三家,no,no,未収録・追加対象,新IDへ追加,殿堂入り＋全国研究開始,ハクジタウン研究所,地方研究依頼の報酬タマゴ,―,各世代の生態サンプルを3件提出。選択式にせず、依頼再受注で全系統入手可能。,全国研究図鑑へ登録（トーホク386完成条件には含めない）,NATIONAL_EXT_0258（新規16bit ID）,ミズゴロウ,ミズゴロウ → ヌマクロー → ラグラージ,地方研究タマゴ追加,T_LAB,ハクジタウン・ヒイラギ研究所,地域別研究依頼の報酬タマゴ,Lv.5,研究チケット1枚／系統選択・反復可,各世代の生態サンプルを3件提出。選択式にせず、依頼再受注で全系統入手可能。,K47,マサラタウン・オーキド研究所,オーキド研究所の生態交換タマゴ,Lv.5,カントー認定章2個ごとに1系統、最終的に全系統反復可,ベガ初回殿堂入り後。認定章数でエリアと中間進化枠を段階解禁。,御三家を野生化せず、両地方の研究所を巡る収集導線にする。,通常野生表には入れない,P2,ヒイラギ研究所の地方研究タマゴ,ハクジタウン・ヒイラギ研究所,選択式タマゴ配布,各系統1個／再取得は研究ポイント,各世代の生態サンプルを3件提出。選択式にせず、依頼再受注で全系統入手可能。,オーキド研究所の国際交換タマゴ,マサラタウン・オーキド研究所,選択式タマゴ配布,トーホクで未選択の系統を優先,ベガ初回殿堂入り後。認定章数でエリアと中間進化枠を段階解禁。,通常系統は両地方で基礎種を捕獲可能。トーホクは早期育成、カントーは高レベル・隠れ特性・タマゴ技探索を担当。,V2二地方生態版／541系統配置マスター＋特殊個体イベントマスター
259,ヌマクロー,marshtomp,3,みず／じめん,132,御三家,no,no,未収録・追加対象,新IDへ追加（進化入手）,殿堂入り＋全国研究開始,ハクジタウン研究所,進化,―,レベルアップ＋Lv.16以上（CFRU/DPEの対応トリガーを使用。通信・RTC必須にはしない）,全国研究図鑑へ登録（トーホク386完成条件には含めない）,NATIONAL_EXT_0259（新規16bit ID）,ミズゴロウ,ミズゴロウ → ヌマクロー → ラグラージ,地方研究タマゴ追加,T_LAB,ハクジタウン・ヒイラギ研究所,地域別研究依頼の報酬タマゴ,Lv.5,研究チケット1枚／系統選択・反復可,各世代の生態サンプルを3件提出。選択式にせず、依頼再受注で全系統入手可能。,K47,マサラタウン・オーキド研究所,オーキド研究所の生態交換タマゴ,Lv.5,カントー認定章2個ごとに1系統、最終的に全系統反復可,ベガ初回殿堂入り後。認定章数でエリアと中間進化枠を段階解禁。,御三家を野生化せず、両地方の研究所を巡る収集導線にする。,通常野生表には入れない,P2,ミズゴロウを育成して進化,ハクジタウン・ヒイラギ研究所,進化,野生追加なし,各世代の生態サンプルを3件提出。選択式にせず、依頼再受注で全系統入手可能。,ミズゴロウを育成して進化,マサラタウン・オーキド研究所,進化,野生追加なし,ベガ初回殿堂入り後。認定章数でエリアと中間進化枠を段階解禁。,通常系統は両地方で基礎種を捕獲可能。トーホクは早期育成、カントーは高レベル・隠れ特性・タマゴ技探索を担当。,V2二地方生態版／541系統配置マスター＋特殊個体イベントマスター
260,ラグラージ,swampert,3,みず／じめん,132,御三家,no,no,未収録・追加対象,新IDへ追加（進化入手）,殿堂入り＋全国研究開始,ハクジタウン研究所,進化,―,レベルアップ＋Lv.36以上（CFRU/DPEの対応トリガーを使用。通信・RTC必須にはしない）,全国研究図鑑へ登録（トーホク386完成条件には含めない）,NATIONAL_EXT_0260（新規16bit ID）,ミズゴロウ,ミズゴロウ → ヌマクロー → ラグラージ,地方研究タマゴ追加,T_LAB,ハクジタウン・ヒイラギ研究所,地域別研究依頼の報酬タマゴ,Lv.5,研究チケット1枚／系統選択・反復可,各世代の生態サンプルを3件提出。選択式にせず、依頼再受注で全系統入手可能。,K47,マサラタウン・オーキド研究所,オーキド研究所の生態交換タマゴ,Lv.5,カントー認定章2個ごとに1系統、最終的に全系統反復可,ベガ初回殿堂入り後。認定章数でエリアと中間進化枠を段階解禁。,御三家を野生化せず、両地方の研究所を巡る収集導線にする。,通常野生表には入れない,P2,ミズゴロウを育成して進化,ハクジタウン・ヒイラギ研究所,進化,野生追加なし,各世代の生態サンプルを3件提出。選択式にせず、依頼再受注で全系統入手可能。,ミズゴロウを育成して進化,マサラタウン・オーキド研究所,進化,野生追加なし,ベガ初回殿堂入り後。認定章数でエリアと中間進化枠を段階解禁。,通常系統は両地方で基礎種を捕獲可能。トーホクは早期育成、カントーは高レベル・隠れ特性・タマゴ技探索を担当。,V2二地方生態版／541系統配置マスター＋特殊個体イベントマスター
261,ポチエナ,poochyena,3,あく,133,通常生態,no,no,未収録・追加対象,新IDへ追加,殿堂入り後,ダークタワー,図鑑ナビ隠し枠,通常表0%／ナビ検索時1～5%,主に基礎形のみ出現。中間・最終進化は原則として育成で入手。時間帯・天候は生態チケットで任意固定可能。,全国研究図鑑へ登録（トーホク386完成条件には含めない）,NATIONAL_EXT_0261（新規16bit ID）,ポチエナ,ポチエナ → グラエナ,外来生態レイヤーへ追加,T035,D・Hだんアジト,夜間オーバーレイ,Lv.44～57／殿堂入り後Lv.65～80,追加抽選3～6%,本編必須フラグを変更せず、外来生態フラグ・時間帯・DexNav・大量発生で制御,K08,8ばんどうろ,夜間オーバーレイ,Lv.79～84,夜間8～12%,ベガ初回殿堂入り後。認定章数でエリアと中間進化枠を段階解禁。,トーホクは本編で使える低～中レベル基礎種、カントーは高レベル個体・中間進化・隠れ特性探索を担当。,ベガ既存11枠を上書きせず、CFRU側の条件付きオーバーレイ／DexNav／大量発生へ登録,P2,トーホク野生生態,D・Hだんアジト,夜間オーバーレイ,追加抽選3～6%,本編必須フラグを変更せず、外来生態フラグ・時間帯・DexNav・大量発生で制御,カントー高レベル野生生態,8ばんどうろ,夜間オーバーレイ,夜間8～12%,ベガ初回殿堂入り後。認定章数でエリアと中間進化枠を段階解禁。,通常系統は両地方で基礎種を捕獲可能。トーホクは早期育成、カントーは高レベル・隠れ特性・タマゴ技探索を担当。,V2二地方生態版／541系統配置マスター＋特殊個体イベントマスター
262,グラエナ,mightyena,3,あく,133,通常生態,no,no,未収録・追加対象,新IDへ追加（進化入手）,殿堂入り後,ダークタワー,進化,―,レベルアップ＋Lv.18以上（CFRU/DPEの対応トリガーを使用。通信・RTC必須にはしない）,全国研究図鑑へ登録（トーホク386完成条件には含めない）,NATIONAL_EXT_0262（新規16bit ID）,ポチエナ,ポチエナ → グラエナ,外来生態レイヤーへ追加,T035,D・Hだんアジト,夜間オーバーレイ,Lv.44～57／殿堂入り後Lv.65～80,追加抽選3～6%,本編必須フラグを変更せず、外来生態フラグ・時間帯・DexNav・大量発生で制御,K08,8ばんどうろ,夜間オーバーレイ,Lv.79～84,夜間8～12%,ベガ初回殿堂入り後。認定章数でエリアと中間進化枠を段階解禁。,トーホクは本編で使える低～中レベル基礎種、カントーは高レベル個体・中間進化・隠れ特性探索を担当。,ベガ既存11枠を上書きせず、CFRU側の条件付きオーバーレイ／DexNav／大量発生へ登録,P2,ポチエナをトーホクで捕獲して進化,D・Hだんアジト,進化／殿堂入り後DexNavで中間進化が稀に出現,通常野生は基礎種のみ,本編必須フラグを変更せず、外来生態フラグ・時間帯・DexNav・大量発生で制御,ポチエナをカントーで捕獲して進化,8ばんどうろ,進化／認定章6個以降は中間進化がDexNav希少枠,通常野生は基礎種中心,ベガ初回殿堂入り後。認定章数でエリアと中間進化枠を段階解禁。,通常系統は両地方で基礎種を捕獲可能。トーホクは早期育成、カントーは高レベル・隠れ特性・タマゴ技探索を担当。,V2二地方生態版／541系統配置マスター＋特殊個体イベントマスター
263,ジグザグマ,zigzagoon,3,ノーマル,134,通常生態,no,no,未収録・追加対象,新IDへ追加,殿堂入り後,こころのやかた,夜間オーバーレイ,8～12%,主に基礎形のみ出現。中間・最終進化は原則として育成で入手。時間帯・天候は生態チケットで任意固定可能。,全国研究図鑑へ登録（トーホク386完成条件には含めない）,NATIONAL_EXT_0263（新規16bit ID）,ジグザグマ,ジグザグマ → マッスグマ → タチフサグマ,外来生態レイヤーへ追加,T506,506ばんどうろ／すいどう,夜間オーバーレイ,Lv.12～17,追加抽選3～6%,本編必須フラグを変更せず、外来生態フラグ・時間帯・DexNav・大量発生で制御,K16,16ばんどうろ,夜間オーバーレイ,Lv.81～86,夜間8～12%,ベガ初回殿堂入り後。認定章数でエリアと中間進化枠を段階解禁。,トーホクは本編で使える低～中レベル基礎種、カントーは高レベル個体・中間進化・隠れ特性探索を担当。,ベガ既存11枠を上書きせず、CFRU側の条件付きオーバーレイ／DexNav／大量発生へ登録,P2,トーホク野生生態,506ばんどうろ／すいどう,夜間オーバーレイ,追加抽選3～6%,本編必須フラグを変更せず、外来生態フラグ・時間帯・DexNav・大量発生で制御,カントー高レベル野生生態,16ばんどうろ,夜間オーバーレイ,夜間8～12%,ベガ初回殿堂入り後。認定章数でエリアと中間進化枠を段階解禁。,通常系統は両地方で基礎種を捕獲可能。トーホクは早期育成、カントーは高レベル・隠れ特性・タマゴ技探索を担当。,V2二地方生態版／541系統配置マスター＋特殊個体イベントマスター
264,マッスグマ,linoone,3,ノーマル,134,通常生態,no,no,未収録・追加対象,新IDへ追加（進化入手）,殿堂入り後,こころのやかた,進化,―,レベルアップ＋Lv.20以上（CFRU/DPEの対応トリガーを使用。通信・RTC必須にはしない）,全国研究図鑑へ登録（トーホク386完成条件には含めない）,NATIONAL_EXT_0264（新規16bit ID）,ジグザグマ,ジグザグマ → マッスグマ → タチフサグマ,外来生態レイヤーへ追加,T506,506ばんどうろ／すいどう,夜間オーバーレイ,Lv.12～17,追加抽選3～6%,本編必須フラグを変更せず、外来生態フラグ・時間帯・DexNav・大量発生で制御,K16,16ばんどうろ,夜間オーバーレイ,Lv.81～86,夜間8～12%,ベガ初回殿堂入り後。認定章数でエリアと中間進化枠を段階解禁。,トーホクは本編で使える低～中レベル基礎種、カントーは高レベル個体・中間進化・隠れ特性探索を担当。,ベガ既存11枠を上書きせず、CFRU側の条件付きオーバーレイ／DexNav／大量発生へ登録,P2,ジグザグマをトーホクで捕獲して進化,506ばんどうろ／すいどう,進化／殿堂入り後DexNavで中間進化が稀に出現,通常野生は基礎種のみ,本編必須フラグを変更せず、外来生態フラグ・時間帯・DexNav・大量発生で制御,ジグザグマをカントーで捕獲して進化,16ばんどうろ,進化／認定章6個以降は中間進化がDexNav希少枠,通常野生は基礎種中心,ベガ初回殿堂入り後。認定章数でエリアと中間進化枠を段階解禁。,通常系統は両地方で基礎種を捕獲可能。トーホクは早期育成、カントーは高レベル・隠れ特性・タマゴ技探索を担当。,V2二地方生態版／541系統配置マスター＋特殊個体イベントマスター
265,ケムッソ,wurmple,3,むし,135,通常生態,no,no,未収録・追加対象,新IDへ追加,殿堂入り後,全国生態保護区（サファリ増設区画）,生態保護区ローテーション,対象日10～20%（チケットで固定可）,主に基礎形のみ出現。中間・最終進化は原則として育成で入手。時間帯・天候は生態チケットで任意固定可能。,全国研究図鑑へ登録（トーホク386完成条件には含めない）,NATIONAL_EXT_0265（新規16bit ID）,ケムッソ,ケムッソ → カラサリス → マユルド → アゲハント → ドクケイル,外来生態レイヤーへ追加,T502,502ばんどうろ／すいどう,ずつき／朝昼オーバーレイ,Lv.3～6,追加抽選3～6%,本編必須フラグを変更せず、外来生態フラグ・時間帯・DexNav・大量発生で制御,K24,24ばんどうろ,草むらオーバーレイ,Lv.74～79,通常表8～15%,ベガ初回殿堂入り後。認定章数でエリアと中間進化枠を段階解禁。,トーホクは本編で使える低～中レベル基礎種、カントーは高レベル個体・中間進化・隠れ特性探索を担当。,ベガ既存11枠を上書きせず、CFRU側の条件付きオーバーレイ／DexNav／大量発生へ登録,P2,トーホク野生生態,502ばんどうろ／すいどう,ずつき／朝昼オーバーレイ,追加抽選3～6%,本編必須フラグを変更せず、外来生態フラグ・時間帯・DexNav・大量発生で制御,カントー高レベル野生生態,24ばんどうろ,草むらオーバーレイ,通常表8～15%,ベガ初回殿堂入り後。認定章数でエリアと中間進化枠を段階解禁。,通常系統は両地方で基礎種を捕獲可能。トーホクは早期育成、カントーは高レベル・隠れ特性・タマゴ技探索を担当。,V2二地方生態版／541系統配置マスター＋特殊個体イベントマスター
266,カラサリス,silcoon,3,むし,135,通常生態,no,no,未収録・追加対象,新IDへ追加（進化入手）,殿堂入り後,全国生態保護区（サファリ増設区画）,進化,―,レベルアップ＋Lv.7以上（CFRU/DPEの対応トリガーを使用。通信・RTC必須にはしない）,全国研究図鑑へ登録（トーホク386完成条件には含めない）,NATIONAL_EXT_0266（新規16bit ID）,ケムッソ,ケムッソ → カラサリス → マユルド → アゲハント → ドクケイル,外来生態レイヤーへ追加,T502,502ばんどうろ／すいどう,ずつき／朝昼オーバーレイ,Lv.3～6,追加抽選3～6%,本編必須フラグを変更せず、外来生態フラグ・時間帯・DexNav・大量発生で制御,K24,24ばんどうろ,草むらオーバーレイ,Lv.74～79,通常表8～15%,ベガ初回殿堂入り後。認定章数でエリアと中間進化枠を段階解禁。,トーホクは本編で使える低～中レベル基礎種、カントーは高レベル個体・中間進化・隠れ特性探索を担当。,ベガ既存11枠を上書きせず、CFRU側の条件付きオーバーレイ／DexNav／大量発生へ登録,P2,ケムッソをトーホクで捕獲して進化,502ばんどうろ／すいどう,進化／殿堂入り後DexNavで中間進化が稀に出現,通常野生は基礎種のみ,本編必須フラグを変更せず、外来生態フラグ・時間帯・DexNav・大量発生で制御,ケムッソをカントーで捕獲して進化,24ばんどうろ,進化／認定章6個以降は中間進化がDexNav希少枠,通常野生は基礎種中心,ベガ初回殿堂入り後。認定章数でエリアと中間進化枠を段階解禁。,通常系統は両地方で基礎種を捕獲可能。トーホクは早期育成、カントーは高レベル・隠れ特性・タマゴ技探索を担当。,V2二地方生態版／541系統配置マスター＋特殊個体イベントマスター
267,アゲハント,beautifly,3,むし／ひこう,135,通常生態,no,no,未収録・追加対象,新IDへ追加（進化入手）,殿堂入り後,全国生態保護区（サファリ増設区画）,進化,―,レベルアップ＋Lv.10以上（CFRU/DPEの対応トリガーを使用。通信・RTC必須にはしない）,全国研究図鑑へ登録（トーホク386完成条件には含めない）,NATIONAL_EXT_0267（新規16bit ID）,ケムッソ,ケムッソ → カラサリス → マユルド → アゲハント → ドクケイル,外来生態レイヤーへ追加,T502,502ばんどうろ／すいどう,ずつき／朝昼オーバーレイ,Lv.3～6,追加抽選3～6%,本編必須フラグを変更せず、外来生態フラグ・時間帯・DexNav・大量発生で制御,K24,24ばんどうろ,草むらオーバーレイ,Lv.74～79,通常表8～15%,ベガ初回殿堂入り後。認定章数でエリアと中間進化枠を段階解禁。,トーホクは本編で使える低～中レベル基礎種、カントーは高レベル個体・中間進化・隠れ特性探索を担当。,ベガ既存11枠を上書きせず、CFRU側の条件付きオーバーレイ／DexNav／大量発生へ登録,P2,ケムッソをトーホクで捕獲して進化,502ばんどうろ／すいどう,進化／殿堂入り後DexNavで中間進化が稀に出現,通常野生は基礎種のみ,本編必須フラグを変更せず、外来生態フラグ・時間帯・DexNav・大量発生で制御,ケムッソをカントーで捕獲して進化,24ばんどうろ,進化／認定章6個以降は中間進化がDexNav希少枠,通常野生は基礎種中心,ベガ初回殿堂入り後。認定章数でエリアと中間進化枠を段階解禁。,通常系統は両地方で基礎種を捕獲可能。トーホクは早期育成、カントーは高レベル・隠れ特性・タマゴ技探索を担当。,V2二地方生態版／541系統配置マスター＋特殊個体イベントマスター
268,マユルド,cascoon,3,むし,135,通常生態,no,no,未収録・追加対象,新IDへ追加（進化入手）,殿堂入り後,全国生態保護区（サファリ増設区画）,進化,―,レベルアップ＋Lv.7以上（CFRU/DPEの対応トリガーを使用。通信・RTC必須にはしない）,全国研究図鑑へ登録（トーホク386完成条件には含めない）,NATIONAL_EXT_0268（新規16bit ID）,ケムッソ,ケムッソ → カラサリス → マユルド → アゲハント → ドクケイル,外来生態レイヤーへ追加,T502,502ばんどうろ／すいどう,ずつき／朝昼オーバーレイ,Lv.3～6,追加抽選3～6%,本編必須フラグを変更せず、外来生態フラグ・時間帯・DexNav・大量発生で制御,K24,24ばんどうろ,草むらオーバーレイ,Lv.74～79,通常表8～15%,ベガ初回殿堂入り後。認定章数でエリアと中間進化枠を段階解禁。,トーホクは本編で使える低～中レベル基礎種、カントーは高レベル個体・中間進化・隠れ特性探索を担当。,ベガ既存11枠を上書きせず、CFRU側の条件付きオーバーレイ／DexNav／大量発生へ登録,P2,ケムッソをトーホクで捕獲して進化,502ばんどうろ／すいどう,進化／殿堂入り後DexNavで中間進化が稀に出現,通常野生は基礎種のみ,本編必須フラグを変更せず、外来生態フラグ・時間帯・DexNav・大量発生で制御,ケムッソをカントーで捕獲して進化,24ばんどうろ,進化／認定章6個以降は中間進化がDexNav希少枠,通常野生は基礎種中心,ベガ初回殿堂入り後。認定章数でエリアと中間進化枠を段階解禁。,通常系統は両地方で基礎種を捕獲可能。トーホクは早期育成、カントーは高レベル・隠れ特性・タマゴ技探索を担当。,V2二地方生態版／541系統配置マスター＋特殊個体イベントマスター
269,ドクケイル,dustox,3,むし／どく,135,通常生態,no,no,未収録・追加対象,新IDへ追加（進化入手）,殿堂入り後,全国生態保護区（サファリ増設区画）,進化,―,レベルアップ＋Lv.10以上（CFRU/DPEの対応トリガーを使用。通信・RTC必須にはしない）,全国研究図鑑へ登録（トーホク386完成条件には含めない）,NATIONAL_EXT_0269（新規16bit ID）,ケムッソ,ケムッソ → カラサリス → マユルド → アゲハント → ドクケイル,外来生態レイヤーへ追加,T502,502ばんどうろ／すいどう,ずつき／朝昼オーバーレイ,Lv.3～6,追加抽選3～6%,本編必須フラグを変更せず、外来生態フラグ・時間帯・DexNav・大量発生で制御,K24,24ばんどうろ,草むらオーバーレイ,Lv.74～79,通常表8～15%,ベガ初回殿堂入り後。認定章数でエリアと中間進化枠を段階解禁。,トーホクは本編で使える低～中レベル基礎種、カントーは高レベル個体・中間進化・隠れ特性探索を担当。,ベガ既存11枠を上書きせず、CFRU側の条件付きオーバーレイ／DexNav／大量発生へ登録,P2,ケムッソをトーホクで捕獲して進化,502ばんどうろ／すいどう,進化／殿堂入り後DexNavで中間進化が稀に出現,通常野生は基礎種のみ,本編必須フラグを変更せず、外来生態フラグ・時間帯・DexNav・大量発生で制御,ケムッソをカントーで捕獲して進化,24ばんどうろ,進化／認定章6個以降は中間進化がDexNav希少枠,通常野生は基礎種中心,ベガ初回殿堂入り後。認定章数でエリアと中間進化枠を段階解禁。,通常系統は両地方で基礎種を捕獲可能。トーホクは早期育成、カントーは高レベル・隠れ特性・タマゴ技探索を担当。,V2二地方生態版／541系統配置マスター＋特殊個体イベントマスター
270,ハスボー,lotad,3,みず／くさ,136,通常生態,no,no,未収録・追加対象,新IDへ追加,殿堂入り後,507～509ばんどうろ・水道,水上,8～12%,主に基礎形のみ出現。中間・最終進化は原則として育成で入手。時間帯・天候は生態チケットで任意固定可能。,全国研究図鑑へ登録（トーホク386完成条件には含めない）,NATIONAL_EXT_0270（新規16bit ID）,ハスボー,ハスボー → ハスブレロ → ルンパッパ,外来生態レイヤーへ追加,T508,508ばんどうろ／すいどう,水上オーバーレイ,Lv.19～25,追加抽選4～8%,本編必須フラグを変更せず、外来生態フラグ・時間帯・DexNav・大量発生で制御,K15,15ばんどうろ,水上オーバーレイ,Lv.85～90,通常表10～20%,ベガ初回殿堂入り後。認定章数でエリアと中間進化枠を段階解禁。,トーホクは本編で使える低～中レベル基礎種、カントーは高レベル個体・中間進化・隠れ特性探索を担当。,ベガ既存11枠を上書きせず、CFRU側の条件付きオーバーレイ／DexNav／大量発生へ登録,P2,トーホク野生生態,508ばんどうろ／すいどう,水上オーバーレイ,追加抽選4～8%,本編必須フラグを変更せず、外来生態フラグ・時間帯・DexNav・大量発生で制御,カントー高レベル野生生態,15ばんどうろ,水上オーバーレイ,通常表10～20%,ベガ初回殿堂入り後。認定章数でエリアと中間進化枠を段階解禁。,通常系統は両地方で基礎種を捕獲可能。トーホクは早期育成、カントーは高レベル・隠れ特性・タマゴ技探索を担当。,V2二地方生態版／541系統配置マスター＋特殊個体イベントマスター
271,ハスブレロ,lombre,3,みず／くさ,136,通常生態,no,no,未収録・追加対象,新IDへ追加（進化入手）,殿堂入り後,507～509ばんどうろ・水道,進化,―,レベルアップ＋Lv.14以上（CFRU/DPEの対応トリガーを使用。通信・RTC必須にはしない）,全国研究図鑑へ登録（トーホク386完成条件には含めない）,NATIONAL_EXT_0271（新規16bit ID）,ハスボー,ハスボー → ハスブレロ → ルンパッパ,外来生態レイヤーへ追加,T508,508ばんどうろ／すいどう,水上オーバーレイ,Lv.19～25,追加抽選4～8%,本編必須フラグを変更せず、外来生態フラグ・時間帯・DexNav・大量発生で制御,K15,15ばんどうろ,水上オーバーレイ,Lv.85～90,通常表10～20%,ベガ初回殿堂入り後。認定章数でエリアと中間進化枠を段階解禁。,トーホクは本編で使える低～中レベル基礎種、カントーは高レベル個体・中間進化・隠れ特性探索を担当。,ベガ既存11枠を上書きせず、CFRU側の条件付きオーバーレイ／DexNav／大量発生へ登録,P2,ハスボーをトーホクで捕獲して進化,508ばんどうろ／すいどう,進化／殿堂入り後DexNavで中間進化が稀に出現,通常野生は基礎種のみ,本編必須フラグを変更せず、外来生態フラグ・時間帯・DexNav・大量発生で制御,ハスボーをカントーで捕獲して進化,15ばんどうろ,進化／認定章6個以降は中間進化がDexNav希少枠,通常野生は基礎種中心,ベガ初回殿堂入り後。認定章数でエリアと中間進化枠を段階解禁。,通常系統は両地方で基礎種を捕獲可能。トーホクは早期育成、カントーは高レベル・隠れ特性・タマゴ技探索を担当。,V2二地方生態版／541系統配置マスター＋特殊個体イベントマスター
272,ルンパッパ,ludicolo,3,みず／くさ,136,通常生態,no,no,未収録・追加対象,新IDへ追加（進化入手）,殿堂入り後,507～509ばんどうろ・水道,進化,―,道具使用＋みずのいしを使う（CFRU/DPEの対応トリガーを使用。通信・RTC必須にはしない）,全国研究図鑑へ登録（トーホク386完成条件には含めない）,NATIONAL_EXT_0272（新規16bit ID）,ハスボー,ハスボー → ハスブレロ → ルンパッパ,外来生態レイヤーへ追加,T508,508ばんどうろ／すいどう,水上オーバーレイ,Lv.19～25,追加抽選4～8%,本編必須フラグを変更せず、外来生態フラグ・時間帯・DexNav・大量発生で制御,K15,15ばんどうろ,水上オーバーレイ,Lv.85～90,通常表10～20%,ベガ初回殿堂入り後。認定章数でエリアと中間進化枠を段階解禁。,トーホクは本編で使える低～中レベル基礎種、カントーは高レベル個体・中間進化・隠れ特性探索を担当。,ベガ既存11枠を上書きせず、CFRU側の条件付きオーバーレイ／DexNav／大量発生へ登録,P2,ハスボーをトーホクで捕獲して進化,508ばんどうろ／すいどう,進化／殿堂入り後DexNavで中間進化が稀に出現,通常野生は基礎種のみ,本編必須フラグを変更せず、外来生態フラグ・時間帯・DexNav・大量発生で制御,ハスボーをカントーで捕獲して進化,15ばんどうろ,進化／認定章6個以降は中間進化がDexNav希少枠,通常野生は基礎種中心,ベガ初回殿堂入り後。認定章数でエリアと中間進化枠を段階解禁。,通常系統は両地方で基礎種を捕獲可能。トーホクは早期育成、カントーは高レベル・隠れ特性・タマゴ技探索を担当。,V2二地方生態版／541系統配置マスター＋特殊個体イベントマスター
273,タネボー,seedot,3,くさ,137,通常生態,no,no,未収録・追加対象,新IDへ追加,殿堂入り後,ダークタワー,草むらオーバーレイ,8～12%,主に基礎形のみ出現。中間・最終進化は原則として育成で入手。時間帯・天候は生態チケットで任意固定可能。,全国研究図鑑へ登録（トーホク386完成条件には含めない）,NATIONAL_EXT_0273（新規16bit ID）,タネボー,タネボー → コノハナ → ダーテング,外来生態レイヤーへ追加,T026,ハクジのもり,夜間オーバーレイ,Lv.38～48／殿堂入り後Lv.50～65,追加抽選3～6%,本編必須フラグを変更せず、外来生態フラグ・時間帯・DexNav・大量発生で制御,K26,トキワのもり,夜間オーバーレイ,Lv.70～76,夜間8～12%,ベガ初回殿堂入り後。認定章数でエリアと中間進化枠を段階解禁。,トーホクは本編で使える低～中レベル基礎種、カントーは高レベル個体・中間進化・隠れ特性探索を担当。,ベガ既存11枠を上書きせず、CFRU側の条件付きオーバーレイ／DexNav／大量発生へ登録,P2,トーホク野生生態,ハクジのもり,夜間オーバーレイ,追加抽選3～6%,本編必須フラグを変更せず、外来生態フラグ・時間帯・DexNav・大量発生で制御,カントー高レベル野生生態,トキワのもり,夜間オーバーレイ,夜間8～12%,ベガ初回殿堂入り後。認定章数でエリアと中間進化枠を段階解禁。,通常系統は両地方で基礎種を捕獲可能。トーホクは早期育成、カントーは高レベル・隠れ特性・タマゴ技探索を担当。,V2二地方生態版／541系統配置マスター＋特殊個体イベントマスター
274,コノハナ,nuzleaf,3,くさ／あく,137,通常生態,no,no,未収録・追加対象,新IDへ追加（進化入手）,殿堂入り後,ダークタワー,進化,―,レベルアップ＋Lv.14以上（CFRU/DPEの対応トリガーを使用。通信・RTC必須にはしない）,全国研究図鑑へ登録（トーホク386完成条件には含めない）,NATIONAL_EXT_0274（新規16bit ID）,タネボー,タネボー → コノハナ → ダーテング,外来生態レイヤーへ追加,T026,ハクジのもり,夜間オーバーレイ,Lv.38～48／殿堂入り後Lv.50～65,追加抽選3～6%,本編必須フラグを変更せず、外来生態フラグ・時間帯・DexNav・大量発生で制御,K26,トキワのもり,夜間オーバーレイ,Lv.70～76,夜間8～12%,ベガ初回殿堂入り後。認定章数でエリアと中間進化枠を段階解禁。,トーホクは本編で使える低～中レベル基礎種、カントーは高レベル個体・中間進化・隠れ特性探索を担当。,ベガ既存11枠を上書きせず、CFRU側の条件付きオーバーレイ／DexNav／大量発生へ登録,P2,タネボーをトーホクで捕獲して進化,ハクジのもり,進化／殿堂入り後DexNavで中間進化が稀に出現,通常野生は基礎種のみ,本編必須フラグを変更せず、外来生態フラグ・時間帯・DexNav・大量発生で制御,タネボーをカントーで捕獲して進化,トキワのもり,進化／認定章6個以降は中間進化がDexNav希少枠,通常野生は基礎種中心,ベガ初回殿堂入り後。認定章数でエリアと中間進化枠を段階解禁。,通常系統は両地方で基礎種を捕獲可能。トーホクは早期育成、カントーは高レベル・隠れ特性・タマゴ技探索を担当。,V2二地方生態版／541系統配置マスター＋特殊個体イベントマスター
275,ダーテング,shiftry,3,くさ／あく,137,通常生態,no,no,未収録・追加対象,新IDへ追加（進化入手）,殿堂入り後,ダークタワー,進化,―,道具使用＋リーフのいしを使う（CFRU/DPEの対応トリガーを使用。通信・RTC必須にはしない）,全国研究図鑑へ登録（トーホク386完成条件には含めない）,NATIONAL_EXT_0275（新規16bit ID）,タネボー,タネボー → コノハナ → ダーテング,外来生態レイヤーへ追加,T026,ハクジのもり,夜間オーバーレイ,Lv.38～48／殿堂入り後Lv.50～65,追加抽選3～6%,本編必須フラグを変更せず、外来生態フラグ・時間帯・DexNav・大量発生で制御,K26,トキワのもり,夜間オーバーレイ,Lv.70～76,夜間8～12%,ベガ初回殿堂入り後。認定章数でエリアと中間進化枠を段階解禁。,トーホクは本編で使える低～中レベル基礎種、カントーは高レベル個体・中間進化・隠れ特性探索を担当。,ベガ既存11枠を上書きせず、CFRU側の条件付きオーバーレイ／DexNav／大量発生へ登録,P2,タネボーをトーホクで捕獲して進化,ハクジのもり,進化／殿堂入り後DexNavで中間進化が稀に出現,通常野生は基礎種のみ,本編必須フラグを変更せず、外来生態フラグ・時間帯・DexNav・大量発生で制御,タネボーをカントーで捕獲して進化,トキワのもり,進化／認定章6個以降は中間進化がDexNav希少枠,通常野生は基礎種中心,ベガ初回殿堂入り後。認定章数でエリアと中間進化枠を段階解禁。,通常系統は両地方で基礎種を捕獲可能。トーホクは早期育成、カントーは高レベル・隠れ特性・タマゴ技探索を担当。,V2二地方生態版／541系統配置マスター＋特殊個体イベントマスター
276,スバメ,taillow,3,ノーマル／ひこう,138,通常生態,no,no,既存（トーホク図鑑010）,既存ベガ個体を保持,ベガ既存進行,ベガ既存地点,ベガ既存入手法,既存値,トーホク図鑑No.010。内部種族ID・図鑑登録・イベント参照を変更しない。,トーホク図鑑にも既存番号で登録,VEGA_NATIVE_010（実ROMから確定）,スバメ,スバメ → オオスバメ,ベガ既存系統を完全保持,VEGA_NATIVE,ベガ既存地点（出現表・配布・進化を変更しない）,ベガ既存入手法,既存値,既存値,既存イベント・野生表・進化条件を原則維持。現代化で条件が壊れる場合のみ互換処理。,K24,24ばんどうろ,草むらオーバーレイ,Lv.74～79,通常表8～15%,ベガ初回殿堂入り後。認定章数でエリアと中間進化枠を段階解禁。,トーホクではベガ既存個体を保護。カントーでは高レベル個体・隠れ特性・タマゴ技探索を担当。,既存テーブル無変更,P0,ベガ既存入手法を完全保持,ベガ既存地点,ベガ既存入手法,既存値,トーホク図鑑No.010。内部種族ID・図鑑登録・イベント参照を変更しない。,カントー高レベル野生生態,24ばんどうろ,草むらオーバーレイ,通常表8～15%,ベガ初回殿堂入り後。認定章数でエリアと中間進化枠を段階解禁。,通常系統は両地方で基礎種を捕獲可能。トーホクは早期育成、カントーは高レベル・隠れ特性・タマゴ技探索を担当。,V2二地方生態版／541系統配置マスター＋特殊個体イベントマスター
277,オオスバメ,swellow,3,ノーマル／ひこう,138,通常生態,no,no,既存（トーホク図鑑011）,既存ベガ個体を保持,ベガ既存進行,ベガ既存地点,ベガ既存入手法,既存値,トーホク図鑑No.011。内部種族ID・図鑑登録・イベント参照を変更しない。,トーホク図鑑にも既存番号で登録,VEGA_NATIVE_011（実ROMから確定）,スバメ,スバメ → オオスバメ,ベガ既存系統を完全保持,VEGA_NATIVE,ベガ既存地点（出現表・配布・進化を変更しない）,ベガ既存入手法,既存値,既存値,既存イベント・野生表・進化条件を原則維持。現代化で条件が壊れる場合のみ互換処理。,K24,24ばんどうろ,草むらオーバーレイ,Lv.74～79,通常表8～15%,ベガ初回殿堂入り後。認定章数でエリアと中間進化枠を段階解禁。,トーホクではベガ既存個体を保護。カントーでは高レベル個体・隠れ特性・タマゴ技探索を担当。,既存テーブル無変更,P0,ベガ既存入手法を完全保持,ベガ既存地点,ベガ既存入手法,既存値,トーホク図鑑No.011。内部種族ID・図鑑登録・イベント参照を変更しない。,スバメをカントーで捕獲して進化,24ばんどうろ,進化／認定章6個以降は中間進化がDexNav希少枠,通常野生は基礎種中心,ベガ初回殿堂入り後。認定章数でエリアと中間進化枠を段階解禁。,通常系統は両地方で基礎種を捕獲可能。トーホクは早期育成、カントーは高レベル・隠れ特性・タマゴ技探索を担当。,V2二地方生態版／541系統配置マスター＋特殊個体イベントマスター
278,キャモメ,wingull,3,みず／ひこう,139,通常生態,no,no,未収録・追加対象,新IDへ追加,殿堂入り後,シオウ近海,水上,8～12%,主に基礎形のみ出現。中間・最終進化は原則として育成で入手。時間帯・天候は生態チケットで任意固定可能。,全国研究図鑑へ登録（トーホク386完成条件には含めない）,NATIONAL_EXT_0278（新規16bit ID）,キャモメ,キャモメ → ペリッパー,外来生態レイヤーへ追加,T507,507ばんどうろ／すいどう,釣りオーバーレイ,Lv.17～23,追加抽選4～8%,本編必須フラグを変更せず、外来生態フラグ・時間帯・DexNav・大量発生で制御,K25,25ばんどうろ,釣りオーバーレイ,Lv.75～80,通常表10～20%,ベガ初回殿堂入り後。認定章数でエリアと中間進化枠を段階解禁。,トーホクは本編で使える低～中レベル基礎種、カントーは高レベル個体・中間進化・隠れ特性探索を担当。,ベガ既存11枠を上書きせず、CFRU側の条件付きオーバーレイ／DexNav／大量発生へ登録,P2,トーホク野生生態,507ばんどうろ／すいどう,釣りオーバーレイ,追加抽選4～8%,本編必須フラグを変更せず、外来生態フラグ・時間帯・DexNav・大量発生で制御,カントー高レベル野生生態,25ばんどうろ,釣りオーバーレイ,通常表10～20%,ベガ初回殿堂入り後。認定章数でエリアと中間進化枠を段階解禁。,通常系統は両地方で基礎種を捕獲可能。トーホクは早期育成、カントーは高レベル・隠れ特性・タマゴ技探索を担当。,V2二地方生態版／541系統配置マスター＋特殊個体イベントマスター
279,ペリッパー,pelipper,3,みず／ひこう,139,通常生態,no,no,未収録・追加対象,新IDへ追加（進化入手）,殿堂入り後,シオウ近海,進化,―,レベルアップ＋Lv.25以上（CFRU/DPEの対応トリガーを使用。通信・RTC必須にはしない）,全国研究図鑑へ登録（トーホク386完成条件には含めない）,NATIONAL_EXT_0279（新規16bit ID）,キャモメ,キャモメ → ペリッパー,外来生態レイヤーへ追加,T507,507ばんどうろ／すいどう,釣りオーバーレイ,Lv.17～23,追加抽選4～8%,本編必須フラグを変更せず、外来生態フラグ・時間帯・DexNav・大量発生で制御,K25,25ばんどうろ,釣りオーバーレイ,Lv.75～80,通常表10～20%,ベガ初回殿堂入り後。認定章数でエリアと中間進化枠を段階解禁。,トーホクは本編で使える低～中レベル基礎種、カントーは高レベル個体・中間進化・隠れ特性探索を担当。,ベガ既存11枠を上書きせず、CFRU側の条件付きオーバーレイ／DexNav／大量発生へ登録,P2,キャモメをトーホクで捕獲して進化,507ばんどうろ／すいどう,進化／殿堂入り後DexNavで中間進化が稀に出現,通常野生は基礎種のみ,本編必須フラグを変更せず、外来生態フラグ・時間帯・DexNav・大量発生で制御,キャモメをカントーで捕獲して進化,25ばんどうろ,進化／認定章6個以降は中間進化がDexNav希少枠,通常野生は基礎種中心,ベガ初回殿堂入り後。認定章数でエリアと中間進化枠を段階解禁。,通常系統は両地方で基礎種を捕獲可能。トーホクは早期育成、カントーは高レベル・隠れ特性・タマゴ技探索を担当。,V2二地方生態版／541系統配置マスター＋特殊個体イベントマスター
280,ラルトス,ralts,3,エスパー／フェアリー,140,通常生態,no,no,既存（トーホク図鑑300）,既存ベガ個体を保持,ベガ既存進行,ベガ既存地点,ベガ既存入手法,既存値,トーホク図鑑No.300。内部種族ID・図鑑登録・イベント参照を変更しない。,トーホク図鑑にも既存番号で登録,VEGA_NATIVE_300（実ROMから確定）,ラルトス,ラルトス → キルリア → サーナイト → エルレイド,ベガ既存系統を完全保持,VEGA_NATIVE,ベガ既存地点（出現表・配布・進化を変更しない）,ベガ既存入手法,既存値,既存値,既存イベント・野生表・進化条件を原則維持。現代化で条件が壊れる場合のみ互換処理。,K23,23ばんどうろ,草むらオーバーレイ,Lv.92～98,通常表8～15%,ベガ初回殿堂入り後。認定章数でエリアと中間進化枠を段階解禁。,トーホクではベガ既存個体を保護。カントーでは高レベル個体・隠れ特性・タマゴ技探索を担当。,既存テーブル無変更,P0,ベガ既存入手法を完全保持,ベガ既存地点,ベガ既存入手法,既存値,トーホク図鑑No.300。内部種族ID・図鑑登録・イベント参照を変更しない。,カントー高レベル野生生態,23ばんどうろ,草むらオーバーレイ,通常表8～15%,ベガ初回殿堂入り後。認定章数でエリアと中間進化枠を段階解禁。,通常系統は両地方で基礎種を捕獲可能。トーホクは早期育成、カントーは高レベル・隠れ特性・タマゴ技探索を担当。,V2二地方生態版／541系統配置マスター＋特殊個体イベントマスター
281,キルリア,kirlia,3,エスパー／フェアリー,140,通常生態,no,no,既存（トーホク図鑑301）,既存ベガ個体を保持,ベガ既存進行,ベガ既存地点,ベガ既存入手法,既存値,トーホク図鑑No.301。内部種族ID・図鑑登録・イベント参照を変更しない。,トーホク図鑑にも既存番号で登録,VEGA_NATIVE_301（実ROMから確定）,ラルトス,ラルトス → キルリア → サーナイト → エルレイド,ベガ既存系統を完全保持,VEGA_NATIVE,ベガ既存地点（出現表・配布・進化を変更しない）,ベガ既存入手法,既存値,既存値,既存イベント・野生表・進化条件を原則維持。現代化で条件が壊れる場合のみ互換処理。,K23,23ばんどうろ,草むらオーバーレイ,Lv.92～98,通常表8～15%,ベガ初回殿堂入り後。認定章数でエリアと中間進化枠を段階解禁。,トーホクではベガ既存個体を保護。カントーでは高レベル個体・隠れ特性・タマゴ技探索を担当。,既存テーブル無変更,P0,ベガ既存入手法を完全保持,ベガ既存地点,ベガ既存入手法,既存値,トーホク図鑑No.301。内部種族ID・図鑑登録・イベント参照を変更しない。,ラルトスをカントーで捕獲して進化,23ばんどうろ,進化／認定章6個以降は中間進化がDexNav希少枠,通常野生は基礎種中心,ベガ初回殿堂入り後。認定章数でエリアと中間進化枠を段階解禁。,通常系統は両地方で基礎種を捕獲可能。トーホクは早期育成、カントーは高レベル・隠れ特性・タマゴ技探索を担当。,V2二地方生態版／541系統配置マスター＋特殊個体イベントマスター
282,サーナイト,gardevoir,3,エスパー／フェアリー,140,通常生態,no,no,既存（トーホク図鑑302）,既存ベガ個体を保持,ベガ既存進行,ベガ既存地点,ベガ既存入手法,既存値,トーホク図鑑No.302。内部種族ID・図鑑登録・イベント参照を変更しない。,トーホク図鑑にも既存番号で登録,VEGA_NATIVE_302（実ROMから確定）,ラルトス,ラルトス → キルリア → サーナイト → エルレイド,ベガ既存系統を完全保持,VEGA_NATIVE,ベガ既存地点（出現表・配布・進化を変更しない）,ベガ既存入手法,既存値,既存値,既存イベント・野生表・進化条件を原則維持。現代化で条件が壊れる場合のみ互換処理。,K23,23ばんどうろ,草むらオーバーレイ,Lv.92～98,通常表8～15%,ベガ初回殿堂入り後。認定章数でエリアと中間進化枠を段階解禁。,トーホクではベガ既存個体を保護。カントーでは高レベル個体・隠れ特性・タマゴ技探索を担当。,既存テーブル無変更,P0,ベガ既存入手法を完全保持,ベガ既存地点,ベガ既存入手法,既存値,トーホク図鑑No.302。内部種族ID・図鑑登録・イベント参照を変更しない。,ラルトスをカントーで捕獲して進化,23ばんどうろ,進化／認定章6個以降は中間進化がDexNav希少枠,通常野生は基礎種中心,ベガ初回殿堂入り後。認定章数でエリアと中間進化枠を段階解禁。,通常系統は両地方で基礎種を捕獲可能。トーホクは早期育成、カントーは高レベル・隠れ特性・タマゴ技探索を担当。,V2二地方生態版／541系統配置マスター＋特殊個体イベントマスター
283,アメタマ,surskit,3,むし／みず,141,通常生態,no,no,未収録・追加対象,新IDへ追加,殿堂入り後,サファリゾーン北,水上,8～12%,主に基礎形のみ出現。中間・最終進化は原則として育成で入手。時間帯・天候は生態チケットで任意固定可能。,全国研究図鑑へ登録（トーホク386完成条件には含めない）,NATIONAL_EXT_0283（新規16bit ID）,アメタマ,アメタマ → アメモース,外来生態レイヤーへ追加,T508,508ばんどうろ／すいどう,釣りオーバーレイ,Lv.19～25,追加抽選4～8%,本編必須フラグを変更せず、外来生態フラグ・時間帯・DexNav・大量発生で制御,K15,15ばんどうろ,釣りオーバーレイ,Lv.85～90,通常表10～20%,ベガ初回殿堂入り後。認定章数でエリアと中間進化枠を段階解禁。,トーホクは本編で使える低～中レベル基礎種、カントーは高レベル個体・中間進化・隠れ特性探索を担当。,ベガ既存11枠を上書きせず、CFRU側の条件付きオーバーレイ／DexNav／大量発生へ登録,P2,トーホク野生生態,508ばんどうろ／すいどう,釣りオーバーレイ,追加抽選4～8%,本編必須フラグを変更せず、外来生態フラグ・時間帯・DexNav・大量発生で制御,カントー高レベル野生生態,15ばんどうろ,釣りオーバーレイ,通常表10～20%,ベガ初回殿堂入り後。認定章数でエリアと中間進化枠を段階解禁。,通常系統は両地方で基礎種を捕獲可能。トーホクは早期育成、カントーは高レベル・隠れ特性・タマゴ技探索を担当。,V2二地方生態版／541系統配置マスター＋特殊個体イベントマスター
284,アメモース,masquerain,3,むし／ひこう,141,通常生態,no,no,未収録・追加対象,新IDへ追加（進化入手）,殿堂入り後,サファリゾーン北,進化,―,レベルアップ＋Lv.22以上（CFRU/DPEの対応トリガーを使用。通信・RTC必須にはしない）,全国研究図鑑へ登録（トーホク386完成条件には含めない）,NATIONAL_EXT_0284（新規16bit ID）,アメタマ,アメタマ → アメモース,外来生態レイヤーへ追加,T508,508ばんどうろ／すいどう,釣りオーバーレイ,Lv.19～25,追加抽選4～8%,本編必須フラグを変更せず、外来生態フラグ・時間帯・DexNav・大量発生で制御,K15,15ばんどうろ,釣りオーバーレイ,Lv.85～90,通常表10～20%,ベガ初回殿堂入り後。認定章数でエリアと中間進化枠を段階解禁。,トーホクは本編で使える低～中レベル基礎種、カントーは高レベル個体・中間進化・隠れ特性探索を担当。,ベガ既存11枠を上書きせず、CFRU側の条件付きオーバーレイ／DexNav／大量発生へ登録,P2,アメタマをトーホクで捕獲して進化,508ばんどうろ／すいどう,進化／殿堂入り後DexNavで中間進化が稀に出現,通常野生は基礎種のみ,本編必須フラグを変更せず、外来生態フラグ・時間帯・DexNav・大量発生で制御,アメタマをカントーで捕獲して進化,15ばんどうろ,進化／認定章6個以降は中間進化がDexNav希少枠,通常野生は基礎種中心,ベガ初回殿堂入り後。認定章数でエリアと中間進化枠を段階解禁。,通常系統は両地方で基礎種を捕獲可能。トーホクは早期育成、カントーは高レベル・隠れ特性・タマゴ技探索を担当。,V2二地方生態版／541系統配置マスター＋特殊個体イベントマスター
285,キノココ,shroomish,3,くさ,142,通常生態,no,no,既存（トーホク図鑑249）,既存ベガ個体を保持,ベガ既存進行,ベガ既存地点,ベガ既存入手法,既存値,トーホク図鑑No.249。内部種族ID・図鑑登録・イベント参照を変更しない。,トーホク図鑑にも既存番号で登録,VEGA_NATIVE_249（実ROMから確定）,キノココ,キノココ → キノガッサ,ベガ既存系統を完全保持,VEGA_NATIVE,ベガ既存地点（出現表・配布・進化を変更しない）,ベガ既存入手法,既存値,既存値,既存イベント・野生表・進化条件を原則維持。現代化で条件が壊れる場合のみ互換処理。,K02,2ばんどうろ,ずつき／朝昼オーバーレイ,Lv.69～73,通常表8～15%,ベガ初回殿堂入り後。認定章数でエリアと中間進化枠を段階解禁。,トーホクではベガ既存個体を保護。カントーでは高レベル個体・隠れ特性・タマゴ技探索を担当。,既存テーブル無変更,P0,ベガ既存入手法を完全保持,ベガ既存地点,ベガ既存入手法,既存値,トーホク図鑑No.249。内部種族ID・図鑑登録・イベント参照を変更しない。,カントー高レベル野生生態,2ばんどうろ,ずつき／朝昼オーバーレイ,通常表8～15%,ベガ初回殿堂入り後。認定章数でエリアと中間進化枠を段階解禁。,通常系統は両地方で基礎種を捕獲可能。トーホクは早期育成、カントーは高レベル・隠れ特性・タマゴ技探索を担当。,V2二地方生態版／541系統配置マスター＋特殊個体イベントマスター
286,キノガッサ,breloom,3,くさ／かくとう,142,通常生態,no,no,既存（トーホク図鑑250）,既存ベガ個体を保持,ベガ既存進行,ベガ既存地点,ベガ既存入手法,既存値,トーホク図鑑No.250。内部種族ID・図鑑登録・イベント参照を変更しない。,トーホク図鑑にも既存番号で登録,VEGA_NATIVE_250（実ROMから確定）,キノココ,キノココ → キノガッサ,ベガ既存系統を完全保持,VEGA_NATIVE,ベガ既存地点（出現表・配布・進化を変更しない）,ベガ既存入手法,既存値,既存値,既存イベント・野生表・進化条件を原則維持。現代化で条件が壊れる場合のみ互換処理。,K02,2ばんどうろ,ずつき／朝昼オーバーレイ,Lv.69～73,通常表8～15%,ベガ初回殿堂入り後。認定章数でエリアと中間進化枠を段階解禁。,トーホクではベガ既存個体を保護。カントーでは高レベル個体・隠れ特性・タマゴ技探索を担当。,既存テーブル無変更,P0,ベガ既存入手法を完全保持,ベガ既存地点,ベガ既存入手法,既存値,トーホク図鑑No.250。内部種族ID・図鑑登録・イベント参照を変更しない。,キノココをカントーで捕獲して進化,2ばんどうろ,進化／認定章6個以降は中間進化がDexNav希少枠,通常野生は基礎種中心,ベガ初回殿堂入り後。認定章数でエリアと中間進化枠を段階解禁。,通常系統は両地方で基礎種を捕獲可能。トーホクは早期育成、カントーは高レベル・隠れ特性・タマゴ技探索を担当。,V2二地方生態版／541系統配置マスター＋特殊個体イベントマスター
287,ナマケロ,slakoth,3,ノーマル,143,通常生態,no,no,未収録・追加対象,新IDへ追加,殿堂入り後,504～506ばんどうろ,大量発生,発生中20～40%,主に基礎形のみ出現。中間・最終進化は原則として育成で入手。時間帯・天候は生態チケットで任意固定可能。,全国研究図鑑へ登録（トーホク386完成条件には含めない）,NATIONAL_EXT_0287（新規16bit ID）,ナマケロ,ナマケロ → ヤルキモノ → ケッキング,外来生態レイヤーへ追加,T503,503ばんどうろ／すいどう,草むらオーバーレイ,Lv.5～9,追加抽選3～6%,本編必須フラグを変更せず、外来生態フラグ・時間帯・DexNav・大量発生で制御,K18,18ばんどうろ,草むらオーバーレイ,Lv.84～90,通常表8～15%,ベガ初回殿堂入り後。認定章数でエリアと中間進化枠を段階解禁。,トーホクは本編で使える低～中レベル基礎種、カントーは高レベル個体・中間進化・隠れ特性探索を担当。,ベガ既存11枠を上書きせず、CFRU側の条件付きオーバーレイ／DexNav／大量発生へ登録,P2,トーホク野生生態,503ばんどうろ／すいどう,草むらオーバーレイ,追加抽選3～6%,本編必須フラグを変更せず、外来生態フラグ・時間帯・DexNav・大量発生で制御,カントー高レベル野生生態,18ばんどうろ,草むらオーバーレイ,通常表8～15%,ベガ初回殿堂入り後。認定章数でエリアと中間進化枠を段階解禁。,通常系統は両地方で基礎種を捕獲可能。トーホクは早期育成、カントーは高レベル・隠れ特性・タマゴ技探索を担当。,V2二地方生態版／541系統配置マスター＋特殊個体イベントマスター
288,ヤルキモノ,vigoroth,3,ノーマル,143,通常生態,no,no,未収録・追加対象,新IDへ追加（進化入手）,殿堂入り後,504～506ばんどうろ,進化,―,レベルアップ＋Lv.18以上（CFRU/DPEの対応トリガーを使用。通信・RTC必須にはしない）,全国研究図鑑へ登録（トーホク386完成条件には含めない）,NATIONAL_EXT_0288（新規16bit ID）,ナマケロ,ナマケロ → ヤルキモノ → ケッキング,外来生態レイヤーへ追加,T503,503ばんどうろ／すいどう,草むらオーバーレイ,Lv.5～9,追加抽選3～6%,本編必須フラグを変更せず、外来生態フラグ・時間帯・DexNav・大量発生で制御,K18,18ばんどうろ,草むらオーバーレイ,Lv.84～90,通常表8～15%,ベガ初回殿堂入り後。認定章数でエリアと中間進化枠を段階解禁。,トーホクは本編で使える低～中レベル基礎種、カントーは高レベル個体・中間進化・隠れ特性探索を担当。,ベガ既存11枠を上書きせず、CFRU側の条件付きオーバーレイ／DexNav／大量発生へ登録,P2,ナマケロをトーホクで捕獲して進化,503ばんどうろ／すいどう,進化／殿堂入り後DexNavで中間進化が稀に出現,通常野生は基礎種のみ,本編必須フラグを変更せず、外来生態フラグ・時間帯・DexNav・大量発生で制御,ナマケロをカントーで捕獲して進化,18ばんどうろ,進化／認定章6個以降は中間進化がDexNav希少枠,通常野生は基礎種中心,ベガ初回殿堂入り後。認定章数でエリアと中間進化枠を段階解禁。,通常系統は両地方で基礎種を捕獲可能。トーホクは早期育成、カントーは高レベル・隠れ特性・タマゴ技探索を担当。,V2二地方生態版／541系統配置マスター＋特殊個体イベントマスター
289,ケッキング,slaking,3,ノーマル,143,通常生態,no,no,未収録・追加対象,新IDへ追加（進化入手）,殿堂入り後,504～506ばんどうろ,進化,―,レベルアップ＋Lv.36以上（CFRU/DPEの対応トリガーを使用。通信・RTC必須にはしない）,全国研究図鑑へ登録（トーホク386完成条件には含めない）,NATIONAL_EXT_0289（新規16bit ID）,ナマケロ,ナマケロ → ヤルキモノ → ケッキング,外来生態レイヤーへ追加,T503,503ばんどうろ／すいどう,草むらオーバーレイ,Lv.5～9,追加抽選3～6%,本編必須フラグを変更せず、外来生態フラグ・時間帯・DexNav・大量発生で制御,K18,18ばんどうろ,草むらオーバーレイ,Lv.84～90,通常表8～15%,ベガ初回殿堂入り後。認定章数でエリアと中間進化枠を段階解禁。,トーホクは本編で使える低～中レベル基礎種、カントーは高レベル個体・中間進化・隠れ特性探索を担当。,ベガ既存11枠を上書きせず、CFRU側の条件付きオーバーレイ／DexNav／大量発生へ登録,P2,ナマケロをトーホクで捕獲して進化,503ばんどうろ／すいどう,進化／殿堂入り後DexNavで中間進化が稀に出現,通常野生は基礎種のみ,本編必須フラグを変更せず、外来生態フラグ・時間帯・DexNav・大量発生で制御,ナマケロをカントーで捕獲して進化,18ばんどうろ,進化／認定章6個以降は中間進化がDexNav希少枠,通常野生は基礎種中心,ベガ初回殿堂入り後。認定章数でエリアと中間進化枠を段階解禁。,通常系統は両地方で基礎種を捕獲可能。トーホクは早期育成、カントーは高レベル・隠れ特性・タマゴ技探索を担当。,V2二地方生態版／541系統配置マスター＋特殊個体イベントマスター
290,ツチニン,nincada,3,むし／じめん,144,人工・無機物,no,no,既存（トーホク図鑑290）,既存ベガ個体を保持,ベガ既存進行,ベガ既存地点,ベガ既存入手法,既存値,トーホク図鑑No.290。内部種族ID・図鑑登録・イベント参照を変更しない。,トーホク図鑑にも既存番号で登録,VEGA_NATIVE_290（実ROMから確定）,ツチニン,ツチニン → テッカニン → ヌケニン,ベガ既存系統を完全保持,VEGA_NATIVE,ベガ既存地点（出現表・配布・進化を変更しない）,ベガ既存入手法,既存値,既存値,既存イベント・野生表・進化条件を原則維持。現代化で条件が壊れる場合のみ互換処理。,K03,3ばんどうろ,夜間オーバーレイ,Lv.71～75,夜間8～12%,ベガ初回殿堂入り後。認定章数でエリアと中間進化枠を段階解禁。,トーホクではベガ既存個体を保護。カントーでは高レベル個体・隠れ特性・タマゴ技探索を担当。,既存テーブル無変更,P0,ベガ既存入手法を完全保持,ベガ既存地点,ベガ既存入手法,既存値,トーホク図鑑No.290。内部種族ID・図鑑登録・イベント参照を変更しない。,カントー高レベル野生生態,3ばんどうろ,夜間オーバーレイ,夜間8～12%,ベガ初回殿堂入り後。認定章数でエリアと中間進化枠を段階解禁。,通常系統は両地方で基礎種を捕獲可能。トーホクは早期育成、カントーは高レベル・隠れ特性・タマゴ技探索を担当。,V2二地方生態版／541系統配置マスター＋特殊個体イベントマスター
291,テッカニン,ninjask,3,むし／ひこう,144,人工・無機物,no,no,既存（トーホク図鑑291）,既存ベガ個体を保持,ベガ既存進行,ベガ既存地点,ベガ既存入手法,既存値,トーホク図鑑No.291。内部種族ID・図鑑登録・イベント参照を変更しない。,トーホク図鑑にも既存番号で登録,VEGA_NATIVE_291（実ROMから確定）,ツチニン,ツチニン → テッカニン → ヌケニン,ベガ既存系統を完全保持,VEGA_NATIVE,ベガ既存地点（出現表・配布・進化を変更しない）,ベガ既存入手法,既存値,既存値,既存イベント・野生表・進化条件を原則維持。現代化で条件が壊れる場合のみ互換処理。,K03,3ばんどうろ,夜間オーバーレイ,Lv.71～75,夜間8～12%,ベガ初回殿堂入り後。認定章数でエリアと中間進化枠を段階解禁。,トーホクではベガ既存個体を保護。カントーでは高レベル個体・隠れ特性・タマゴ技探索を担当。,既存テーブル無変更,P0,ベガ既存入手法を完全保持,ベガ既存地点,ベガ既存入手法,既存値,トーホク図鑑No.291。内部種族ID・図鑑登録・イベント参照を変更しない。,ツチニンをカントーで捕獲して進化,3ばんどうろ,進化／認定章6個以降は中間進化がDexNav希少枠,通常野生は基礎種中心,ベガ初回殿堂入り後。認定章数でエリアと中間進化枠を段階解禁。,通常系統は両地方で基礎種を捕獲可能。トーホクは早期育成、カントーは高レベル・隠れ特性・タマゴ技探索を担当。,V2二地方生態版／541系統配置マスター＋特殊個体イベントマスター
292,ヌケニン,shedinja,3,むし／ゴースト,144,人工・無機物,no,no,既存（トーホク図鑑292）,既存ベガ個体を保持,ベガ既存進行,ベガ既存地点,ベガ既存入手法,既存値,トーホク図鑑No.292。内部種族ID・図鑑登録・イベント参照を変更しない。,トーホク図鑑にも既存番号で登録,VEGA_NATIVE_292（実ROMから確定）,ツチニン,ツチニン → テッカニン → ヌケニン,ベガ既存系統を完全保持,VEGA_NATIVE,ベガ既存地点（出現表・配布・進化を変更しない）,ベガ既存入手法,既存値,既存値,既存イベント・野生表・進化条件を原則維持。現代化で条件が壊れる場合のみ互換処理。,K03,3ばんどうろ,夜間オーバーレイ,Lv.71～75,夜間8～12%,ベガ初回殿堂入り後。認定章数でエリアと中間進化枠を段階解禁。,トーホクではベガ既存個体を保護。カントーでは高レベル個体・隠れ特性・タマゴ技探索を担当。,既存テーブル無変更,P0,ベガ既存入手法を完全保持,ベガ既存地点,ベガ既存入手法,既存値,トーホク図鑑No.292。内部種族ID・図鑑登録・イベント参照を変更しない。,ツチニンをカントーで捕獲して進化,3ばんどうろ,進化／認定章6個以降は中間進化がDexNav希少枠,通常野生は基礎種中心,ベガ初回殿堂入り後。認定章数でエリアと中間進化枠を段階解禁。,通常系統は両地方で基礎種を捕獲可能。トーホクは早期育成、カントーは高レベル・隠れ特性・タマゴ技探索を担当。,V2二地方生態版／541系統配置マスター＋特殊個体イベントマスター
293,ゴニョニョ,whismur,3,ノーマル,145,通常生態,no,no,既存（トーホク図鑑228）,既存ベガ個体を保持,ベガ既存進行,ベガ既存地点,ベガ既存入手法,既存値,トーホク図鑑No.228。内部種族ID・図鑑登録・イベント参照を変更しない。,トーホク図鑑にも既存番号で登録,VEGA_NATIVE_228（実ROMから確定）,ゴニョニョ,ゴニョニョ → ドゴーム → バクオング,ベガ既存系統を完全保持,VEGA_NATIVE,ベガ既存地点（出現表・配布・進化を変更しない）,ベガ既存入手法,既存値,既存値,既存イベント・野生表・進化条件を原則維持。現代化で条件が壊れる場合のみ互換処理。,K05,5ばんどうろ,草むらオーバーレイ,Lv.74～79,通常表8～15%,ベガ初回殿堂入り後。認定章数でエリアと中間進化枠を段階解禁。,トーホクではベガ既存個体を保護。カントーでは高レベル個体・隠れ特性・タマゴ技探索を担当。,既存テーブル無変更,P0,ベガ既存入手法を完全保持,ベガ既存地点,ベガ既存入手法,既存値,トーホク図鑑No.228。内部種族ID・図鑑登録・イベント参照を変更しない。,カントー高レベル野生生態,5ばんどうろ,草むらオーバーレイ,通常表8～15%,ベガ初回殿堂入り後。認定章数でエリアと中間進化枠を段階解禁。,通常系統は両地方で基礎種を捕獲可能。トーホクは早期育成、カントーは高レベル・隠れ特性・タマゴ技探索を担当。,V2二地方生態版／541系統配置マスター＋特殊個体イベントマスター
294,ドゴーム,loudred,3,ノーマル,145,通常生態,no,no,既存（トーホク図鑑229）,既存ベガ個体を保持,ベガ既存進行,ベガ既存地点,ベガ既存入手法,既存値,トーホク図鑑No.229。内部種族ID・図鑑登録・イベント参照を変更しない。,トーホク図鑑にも既存番号で登録,VEGA_NATIVE_229（実ROMから確定）,ゴニョニョ,ゴニョニョ → ドゴーム → バクオング,ベガ既存系統を完全保持,VEGA_NATIVE,ベガ既存地点（出現表・配布・進化を変更しない）,ベガ既存入手法,既存値,既存値,既存イベント・野生表・進化条件を原則維持。現代化で条件が壊れる場合のみ互換処理。,K05,5ばんどうろ,草むらオーバーレイ,Lv.74～79,通常表8～15%,ベガ初回殿堂入り後。認定章数でエリアと中間進化枠を段階解禁。,トーホクではベガ既存個体を保護。カントーでは高レベル個体・隠れ特性・タマゴ技探索を担当。,既存テーブル無変更,P0,ベガ既存入手法を完全保持,ベガ既存地点,ベガ既存入手法,既存値,トーホク図鑑No.229。内部種族ID・図鑑登録・イベント参照を変更しない。,ゴニョニョをカントーで捕獲して進化,5ばんどうろ,進化／認定章6個以降は中間進化がDexNav希少枠,通常野生は基礎種中心,ベガ初回殿堂入り後。認定章数でエリアと中間進化枠を段階解禁。,通常系統は両地方で基礎種を捕獲可能。トーホクは早期育成、カントーは高レベル・隠れ特性・タマゴ技探索を担当。,V2二地方生態版／541系統配置マスター＋特殊個体イベントマスター
295,バクオング,exploud,3,ノーマル,145,通常生態,no,no,既存（トーホク図鑑230）,既存ベガ個体を保持,ベガ既存進行,ベガ既存地点,ベガ既存入手法,既存値,トーホク図鑑No.230。内部種族ID・図鑑登録・イベント参照を変更しない。,トーホク図鑑にも既存番号で登録,VEGA_NATIVE_230（実ROMから確定）,ゴニョニョ,ゴニョニョ → ドゴーム → バクオング,ベガ既存系統を完全保持,VEGA_NATIVE,ベガ既存地点（出現表・配布・進化を変更しない）,ベガ既存入手法,既存値,既存値,既存イベント・野生表・進化条件を原則維持。現代化で条件が壊れる場合のみ互換処理。,K05,5ばんどうろ,草むらオーバーレイ,Lv.74～79,通常表8～15%,ベガ初回殿堂入り後。認定章数でエリアと中間進化枠を段階解禁。,トーホクではベガ既存個体を保護。カントーでは高レベル個体・隠れ特性・タマゴ技探索を担当。,既存テーブル無変更,P0,ベガ既存入手法を完全保持,ベガ既存地点,ベガ既存入手法,既存値,トーホク図鑑No.230。内部種族ID・図鑑登録・イベント参照を変更しない。,ゴニョニョをカントーで捕獲して進化,5ばんどうろ,進化／認定章6個以降は中間進化がDexNav希少枠,通常野生は基礎種中心,ベガ初回殿堂入り後。認定章数でエリアと中間進化枠を段階解禁。,通常系統は両地方で基礎種を捕獲可能。トーホクは早期育成、カントーは高レベル・隠れ特性・タマゴ技探索を担当。,V2二地方生態版／541系統配置マスター＋特殊個体イベントマスター
296,マクノシタ,makuhita,3,かくとう,146,通常生態,no,no,未収録・追加対象,新IDへ追加,殿堂入り後,チャンピオンロード,図鑑ナビ隠し枠,通常表0%／ナビ検索時1～5%,主に基礎形のみ出現。中間・最終進化は原則として育成で入手。時間帯・天候は生態チケットで任意固定可能。,全国研究図鑑へ登録（トーホク386完成条件には含めない）,NATIONAL_EXT_0296（新規16bit ID）,マクノシタ,マクノシタ → ハリテヤマ,外来生態レイヤーへ追加,T514,514ばんどうろ／すいどう,草むらオーバーレイ,Lv.31～38,追加抽選3～6%,本編必須フラグを変更せず、外来生態フラグ・時間帯・DexNav・大量発生で制御,K42,チャンピオンロード,洞窟・屋内オーバーレイ,Lv.94～100,通常表8～15%,ベガ初回殿堂入り後。認定章数でエリアと中間進化枠を段階解禁。,トーホクは本編で使える低～中レベル基礎種、カントーは高レベル個体・中間進化・隠れ特性探索を担当。,ベガ既存11枠を上書きせず、CFRU側の条件付きオーバーレイ／DexNav／大量発生へ登録,P2,トーホク野生生態,514ばんどうろ／すいどう,草むらオーバーレイ,追加抽選3～6%,本編必須フラグを変更せず、外来生態フラグ・時間帯・DexNav・大量発生で制御,カントー高レベル野生生態,チャンピオンロード,洞窟・屋内オーバーレイ,通常表8～15%,ベガ初回殿堂入り後。認定章数でエリアと中間進化枠を段階解禁。,通常系統は両地方で基礎種を捕獲可能。トーホクは早期育成、カントーは高レベル・隠れ特性・タマゴ技探索を担当。,V2二地方生態版／541系統配置マスター＋特殊個体イベントマスター
297,ハリテヤマ,hariyama,3,かくとう,146,通常生態,no,no,未収録・追加対象,新IDへ追加（進化入手）,殿堂入り後,チャンピオンロード,進化,―,レベルアップ＋Lv.24以上（CFRU/DPEの対応トリガーを使用。通信・RTC必須にはしない）,全国研究図鑑へ登録（トーホク386完成条件には含めない）,NATIONAL_EXT_0297（新規16bit ID）,マクノシタ,マクノシタ → ハリテヤマ,外来生態レイヤーへ追加,T514,514ばんどうろ／すいどう,草むらオーバーレイ,Lv.31～38,追加抽選3～6%,本編必須フラグを変更せず、外来生態フラグ・時間帯・DexNav・大量発生で制御,K42,チャンピオンロード,洞窟・屋内オーバーレイ,Lv.94～100,通常表8～15%,ベガ初回殿堂入り後。認定章数でエリアと中間進化枠を段階解禁。,トーホクは本編で使える低～中レベル基礎種、カントーは高レベル個体・中間進化・隠れ特性探索を担当。,ベガ既存11枠を上書きせず、CFRU側の条件付きオーバーレイ／DexNav／大量発生へ登録,P2,マクノシタをトーホクで捕獲して進化,514ばんどうろ／すいどう,進化／殿堂入り後DexNavで中間進化が稀に出現,通常野生は基礎種のみ,本編必須フラグを変更せず、外来生態フラグ・時間帯・DexNav・大量発生で制御,マクノシタをカントーで捕獲して進化,チャンピオンロード,進化／認定章6個以降は中間進化がDexNav希少枠,通常野生は基礎種中心,ベガ初回殿堂入り後。認定章数でエリアと中間進化枠を段階解禁。,通常系統は両地方で基礎種を捕獲可能。トーホクは早期育成、カントーは高レベル・隠れ特性・タマゴ技探索を担当。,V2二地方生態版／541系統配置マスター＋特殊個体イベントマスター
298,ルリリ,azurill,3,ノーマル／フェアリー,90,ベビィ含有,no,no,未収録・追加対象,新IDへ追加,殿堂入り後,シオウ近海,釣り,8～12%,主に基礎形のみ出現。中間・最終進化は原則として育成で入手。時間帯・天候は生態チケットで任意固定可能。,全国研究図鑑へ登録（トーホク386完成条件には含めない）,NATIONAL_EXT_0298（新規16bit ID）,ルリリ,ルリリ → マリル → マリルリ,外来生態レイヤーへ追加,T508,508ばんどうろ／すいどう,DexNav隠し枠／低確率タマゴ,Lv.19～25,通常0%／DexNav 2～5%,本編必須フラグを変更せず、外来生態フラグ・時間帯・DexNav・大量発生で制御,K15,15ばんどうろ,DexNav隠し枠／低確率タマゴ,Lv.85～90,通常0%／DexNav 2～5%,ベガ初回殿堂入り後。認定章数でエリアと中間進化枠を段階解禁。,トーホクは本編で使える低～中レベル基礎種、カントーは高レベル個体・中間進化・隠れ特性探索を担当。,ベガ既存11枠を上書きせず、CFRU側の条件付きオーバーレイ／DexNav／大量発生へ登録,P2,トーホク野生生態,508ばんどうろ／すいどう,DexNav隠し枠／低確率タマゴ,通常0%／DexNav 2～5%,本編必須フラグを変更せず、外来生態フラグ・時間帯・DexNav・大量発生で制御,カントー高レベル野生生態,15ばんどうろ,DexNav隠し枠／低確率タマゴ,通常0%／DexNav 2～5%,ベガ初回殿堂入り後。認定章数でエリアと中間進化枠を段階解禁。,通常系統は両地方で基礎種を捕獲可能。トーホクは早期育成、カントーは高レベル・隠れ特性・タマゴ技探索を担当。,V2二地方生態版／541系統配置マスター＋特殊個体イベントマスター
299,ノズパス,nosepass,3,いわ,147,通常生態,no,no,未収録・追加対象,新IDへ追加,殿堂入り後,ちえのどうくつ,洞窟オーバーレイ,8～12%,主に基礎形のみ出現。中間・最終進化は原則として育成で入手。時間帯・天候は生態チケットで任意固定可能。,全国研究図鑑へ登録（トーホク386完成条件には含めない）,NATIONAL_EXT_0299（新規16bit ID）,ノズパス,ノズパス → ダイノーズ,外来生態レイヤーへ追加,T031,ユキユキやま,いわくだき／DexNav,Lv.36～46／殿堂入り後Lv.58～72,通常0%／DexNav 2～5%,本編必須フラグを変更せず、外来生態フラグ・時間帯・DexNav・大量発生で制御,K30,イワヤマトンネル,いわくだき／DexNav,Lv.80～87,通常0%／DexNav 2～5%,ベガ初回殿堂入り後。認定章数でエリアと中間進化枠を段階解禁。,トーホクは本編で使える低～中レベル基礎種、カントーは高レベル個体・中間進化・隠れ特性探索を担当。,ベガ既存11枠を上書きせず、CFRU側の条件付きオーバーレイ／DexNav／大量発生へ登録,P2,トーホク野生生態,ユキユキやま,いわくだき／DexNav,通常0%／DexNav 2～5%,本編必須フラグを変更せず、外来生態フラグ・時間帯・DexNav・大量発生で制御,カントー高レベル野生生態,イワヤマトンネル,いわくだき／DexNav,通常0%／DexNav 2～5%,ベガ初回殿堂入り後。認定章数でエリアと中間進化枠を段階解禁。,通常系統は両地方で基礎種を捕獲可能。トーホクは早期育成、カントーは高レベル・隠れ特性・タマゴ技探索を担当。,V2二地方生態版／541系統配置マスター＋特殊個体イベントマスター
300,エネコ,skitty,3,ノーマル,148,通常生態,no,no,未収録・追加対象,新IDへ追加,殿堂入り後,502ばんどうろ,時間帯オーバーレイ,8～12%,主に基礎形のみ出現。中間・最終進化は原則として育成で入手。時間帯・天候は生態チケットで任意固定可能。,全国研究図鑑へ登録（トーホク386完成条件には含めない）,NATIONAL_EXT_0300（新規16bit ID）,エネコ,エネコ → エネコロロ,外来生態レイヤーへ追加,T501,501ばんどうろ／すいどう,草むらオーバーレイ,Lv.2～5,追加抽選3～6%,本編必須フラグを変更せず、外来生態フラグ・時間帯・DexNav・大量発生で制御,K05,5ばんどうろ,草むらオーバーレイ,Lv.74～79,通常表8～15%,ベガ初回殿堂入り後。認定章数でエリアと中間進化枠を段階解禁。,トーホクは本編で使える低～中レベル基礎種、カントーは高レベル個体・中間進化・隠れ特性探索を担当。,ベガ既存11枠を上書きせず、CFRU側の条件付きオーバーレイ／DexNav／大量発生へ登録,P2,トーホク野生生態,501ばんどうろ／すいどう,草むらオーバーレイ,追加抽選3～6%,本編必須フラグを変更せず、外来生態フラグ・時間帯・DexNav・大量発生で制御,カントー高レベル野生生態,5ばんどうろ,草むらオーバーレイ,通常表8～15%,ベガ初回殿堂入り後。認定章数でエリアと中間進化枠を段階解禁。,通常系統は両地方で基礎種を捕獲可能。トーホクは早期育成、カントーは高レベル・隠れ特性・タマゴ技探索を担当。,V2二地方生態版／541系統配置マスター＋特殊個体イベントマスター
301,エネコロロ,delcatty,3,ノーマル,148,通常生態,no,no,未収録・追加対象,新IDへ追加（進化入手）,殿堂入り後,502ばんどうろ,進化,―,道具使用＋つきのいしを使う（CFRU/DPEの対応トリガーを使用。通信・RTC必須にはしない）,全国研究図鑑へ登録（トーホク386完成条件には含めない）,NATIONAL_EXT_0301（新規16bit ID）,エネコ,エネコ → エネコロロ,外来生態レイヤーへ追加,T501,501ばんどうろ／すいどう,草むらオーバーレイ,Lv.2～5,追加抽選3～6%,本編必須フラグを変更せず、外来生態フラグ・時間帯・DexNav・大量発生で制御,K05,5ばんどうろ,草むらオーバーレイ,Lv.74～79,通常表8～15%,ベガ初回殿堂入り後。認定章数でエリアと中間進化枠を段階解禁。,トーホクは本編で使える低～中レベル基礎種、カントーは高レベル個体・中間進化・隠れ特性探索を担当。,ベガ既存11枠を上書きせず、CFRU側の条件付きオーバーレイ／DexNav／大量発生へ登録,P2,エネコをトーホクで捕獲して進化,501ばんどうろ／すいどう,進化／殿堂入り後DexNavで中間進化が稀に出現,通常野生は基礎種のみ,本編必須フラグを変更せず、外来生態フラグ・時間帯・DexNav・大量発生で制御,エネコをカントーで捕獲して進化,5ばんどうろ,進化／認定章6個以降は中間進化がDexNav希少枠,通常野生は基礎種中心,ベガ初回殿堂入り後。認定章数でエリアと中間進化枠を段階解禁。,通常系統は両地方で基礎種を捕獲可能。トーホクは早期育成、カントーは高レベル・隠れ特性・タマゴ技探索を担当。,V2二地方生態版／541系統配置マスター＋特殊個体イベントマスター
302,ヤミラミ,sableye,3,あく／ゴースト,149,通常生態,no,no,既存（トーホク図鑑253）,既存ベガ個体を保持,ベガ既存進行,ベガ既存地点,ベガ既存入手法,既存値,トーホク図鑑No.253。内部種族ID・図鑑登録・イベント参照を変更しない。,トーホク図鑑にも既存番号で登録,VEGA_NATIVE_253（実ROMから確定）,ヤミラミ,ヤミラミ,ベガ既存系統を完全保持,VEGA_NATIVE,ベガ既存地点（出現表・配布・進化を変更しない）,ベガ既存入手法,既存値,既存値,既存イベント・野生表・進化条件を原則維持。現代化で条件が壊れる場合のみ互換処理。,K31,ポケモンタワー,夜間オーバーレイ,Lv.82～90,夜間8～12%,ベガ初回殿堂入り後。認定章数でエリアと中間進化枠を段階解禁。,トーホクではベガ既存個体を保護。カントーでは高レベル個体・隠れ特性・タマゴ技探索を担当。,既存テーブル無変更,P0,ベガ既存入手法を完全保持,ベガ既存地点,ベガ既存入手法,既存値,トーホク図鑑No.253。内部種族ID・図鑑登録・イベント参照を変更しない。,カントー高レベル野生生態,ポケモンタワー,夜間オーバーレイ,夜間8～12%,ベガ初回殿堂入り後。認定章数でエリアと中間進化枠を段階解禁。,通常系統は両地方で基礎種を捕獲可能。トーホクは早期育成、カントーは高レベル・隠れ特性・タマゴ技探索を担当。,V2二地方生態版／541系統配置マスター＋特殊個体イベントマスター
303,クチート,mawile,3,はがね／フェアリー,150,通常生態,no,no,既存（トーホク図鑑255）,既存ベガ個体を保持,ベガ既存進行,ベガ既存地点,ベガ既存入手法,既存値,トーホク図鑑No.255。内部種族ID・図鑑登録・イベント参照を変更しない。,トーホク図鑑にも既存番号で登録,VEGA_NATIVE_255（実ROMから確定）,クチート,クチート,ベガ既存系統を完全保持,VEGA_NATIVE,ベガ既存地点（出現表・配布・進化を変更しない）,ベガ既存入手法,既存値,既存値,既存イベント・野生表・進化条件を原則維持。現代化で条件が壊れる場合のみ互換処理。,K42,チャンピオンロード,いわくだき／DexNav,Lv.94～100,通常0%／DexNav 2～5%,ベガ初回殿堂入り後。認定章数でエリアと中間進化枠を段階解禁。,トーホクではベガ既存個体を保護。カントーでは高レベル個体・隠れ特性・タマゴ技探索を担当。,既存テーブル無変更,P0,ベガ既存入手法を完全保持,ベガ既存地点,ベガ既存入手法,既存値,トーホク図鑑No.255。内部種族ID・図鑑登録・イベント参照を変更しない。,カントー高レベル野生生態,チャンピオンロード,いわくだき／DexNav,通常0%／DexNav 2～5%,ベガ初回殿堂入り後。認定章数でエリアと中間進化枠を段階解禁。,通常系統は両地方で基礎種を捕獲可能。トーホクは早期育成、カントーは高レベル・隠れ特性・タマゴ技探索を担当。,V2二地方生態版／541系統配置マスター＋特殊個体イベントマスター
304,ココドラ,aron,3,はがね／いわ,151,通常生態,no,no,未収録・追加対象,新IDへ追加,殿堂入り後,チャンピオンロード,図鑑ナビ隠し枠,通常表0%／ナビ検索時1～5%,主に基礎形のみ出現。中間・最終進化は原則として育成で入手。時間帯・天候は生態チケットで任意固定可能。,全国研究図鑑へ登録（トーホク386完成条件には含めない）,NATIONAL_EXT_0304（新規16bit ID）,ココドラ,ココドラ → コドラ → ボスゴドラ,外来生態レイヤーへ追加,T031,ユキユキやま,いわくだき／DexNav,Lv.36～46／殿堂入り後Lv.58～72,通常0%／DexNav 2～5%,本編必須フラグを変更せず、外来生態フラグ・時間帯・DexNav・大量発生で制御,K30,イワヤマトンネル,いわくだき／DexNav,Lv.80～87,通常0%／DexNav 2～5%,ベガ初回殿堂入り後。認定章数でエリアと中間進化枠を段階解禁。,トーホクは本編で使える低～中レベル基礎種、カントーは高レベル個体・中間進化・隠れ特性探索を担当。,ベガ既存11枠を上書きせず、CFRU側の条件付きオーバーレイ／DexNav／大量発生へ登録,P2,トーホク野生生態,ユキユキやま,いわくだき／DexNav,通常0%／DexNav 2～5%,本編必須フラグを変更せず、外来生態フラグ・時間帯・DexNav・大量発生で制御,カントー高レベル野生生態,イワヤマトンネル,いわくだき／DexNav,通常0%／DexNav 2～5%,ベガ初回殿堂入り後。認定章数でエリアと中間進化枠を段階解禁。,通常系統は両地方で基礎種を捕獲可能。トーホクは早期育成、カントーは高レベル・隠れ特性・タマゴ技探索を担当。,V2二地方生態版／541系統配置マスター＋特殊個体イベントマスター
305,コドラ,lairon,3,はがね／いわ,151,通常生態,no,no,未収録・追加対象,新IDへ追加（進化入手）,殿堂入り後,チャンピオンロード,進化,―,レベルアップ＋Lv.32以上（CFRU/DPEの対応トリガーを使用。通信・RTC必須にはしない）,全国研究図鑑へ登録（トーホク386完成条件には含めない）,NATIONAL_EXT_0305（新規16bit ID）,ココドラ,ココドラ → コドラ → ボスゴドラ,外来生態レイヤーへ追加,T031,ユキユキやま,いわくだき／DexNav,Lv.36～46／殿堂入り後Lv.58～72,通常0%／DexNav 2～5%,本編必須フラグを変更せず、外来生態フラグ・時間帯・DexNav・大量発生で制御,K30,イワヤマトンネル,いわくだき／DexNav,Lv.80～87,通常0%／DexNav 2～5%,ベガ初回殿堂入り後。認定章数でエリアと中間進化枠を段階解禁。,トーホクは本編で使える低～中レベル基礎種、カントーは高レベル個体・中間進化・隠れ特性探索を担当。,ベガ既存11枠を上書きせず、CFRU側の条件付きオーバーレイ／DexNav／大量発生へ登録,P2,ココドラをトーホクで捕獲して進化,ユキユキやま,進化／殿堂入り後DexNavで中間進化が稀に出現,通常野生は基礎種のみ,本編必須フラグを変更せず、外来生態フラグ・時間帯・DexNav・大量発生で制御,ココドラをカントーで捕獲して進化,イワヤマトンネル,進化／認定章6個以降は中間進化がDexNav希少枠,通常野生は基礎種中心,ベガ初回殿堂入り後。認定章数でエリアと中間進化枠を段階解禁。,通常系統は両地方で基礎種を捕獲可能。トーホクは早期育成、カントーは高レベル・隠れ特性・タマゴ技探索を担当。,V2二地方生態版／541系統配置マスター＋特殊個体イベントマスター
306,ボスゴドラ,aggron,3,はがね／いわ,151,通常生態,no,no,未収録・追加対象,新IDへ追加（進化入手）,殿堂入り後,チャンピオンロード,進化,―,レベルアップ＋Lv.42以上（CFRU/DPEの対応トリガーを使用。通信・RTC必須にはしない）,全国研究図鑑へ登録（トーホク386完成条件には含めない）,NATIONAL_EXT_0306（新規16bit ID）,ココドラ,ココドラ → コドラ → ボスゴドラ,外来生態レイヤーへ追加,T031,ユキユキやま,いわくだき／DexNav,Lv.36～46／殿堂入り後Lv.58～72,通常0%／DexNav 2～5%,本編必須フラグを変更せず、外来生態フラグ・時間帯・DexNav・大量発生で制御,K30,イワヤマトンネル,いわくだき／DexNav,Lv.80～87,通常0%／DexNav 2～5%,ベガ初回殿堂入り後。認定章数でエリアと中間進化枠を段階解禁。,トーホクは本編で使える低～中レベル基礎種、カントーは高レベル個体・中間進化・隠れ特性探索を担当。,ベガ既存11枠を上書きせず、CFRU側の条件付きオーバーレイ／DexNav／大量発生へ登録,P2,ココドラをトーホクで捕獲して進化,ユキユキやま,進化／殿堂入り後DexNavで中間進化が稀に出現,通常野生は基礎種のみ,本編必須フラグを変更せず、外来生態フラグ・時間帯・DexNav・大量発生で制御,ココドラをカントーで捕獲して進化,イワヤマトンネル,進化／認定章6個以降は中間進化がDexNav希少枠,通常野生は基礎種中心,ベガ初回殿堂入り後。認定章数でエリアと中間進化枠を段階解禁。,通常系統は両地方で基礎種を捕獲可能。トーホクは早期育成、カントーは高レベル・隠れ特性・タマゴ技探索を担当。,V2二地方生態版／541系統配置マスター＋特殊個体イベントマスター
307,アサナン,meditite,3,かくとう／エスパー,152,通常生態,no,no,未収録・追加対象,新IDへ追加,殿堂入り後,スフィアいせき,草むらオーバーレイ,8～12%,主に基礎形のみ出現。中間・最終進化は原則として育成で入手。時間帯・天候は生態チケットで任意固定可能。,全国研究図鑑へ登録（トーホク386完成条件には含めない）,NATIONAL_EXT_0307（新規16bit ID）,アサナン,アサナン → チャーレム,外来生態レイヤーへ追加,T032,ダークタワー,洞窟・屋内オーバーレイ,Lv.44～54／殿堂入り後Lv.60～75,追加抽選3～6%,本編必須フラグを変更せず、外来生態フラグ・時間帯・DexNav・大量発生で制御,K23,23ばんどうろ,草むらオーバーレイ,Lv.92～98,通常表8～15%,ベガ初回殿堂入り後。認定章数でエリアと中間進化枠を段階解禁。,トーホクは本編で使える低～中レベル基礎種、カントーは高レベル個体・中間進化・隠れ特性探索を担当。,ベガ既存11枠を上書きせず、CFRU側の条件付きオーバーレイ／DexNav／大量発生へ登録,P2,トーホク野生生態,ダークタワー,洞窟・屋内オーバーレイ,追加抽選3～6%,本編必須フラグを変更せず、外来生態フラグ・時間帯・DexNav・大量発生で制御,カントー高レベル野生生態,23ばんどうろ,草むらオーバーレイ,通常表8～15%,ベガ初回殿堂入り後。認定章数でエリアと中間進化枠を段階解禁。,通常系統は両地方で基礎種を捕獲可能。トーホクは早期育成、カントーは高レベル・隠れ特性・タマゴ技探索を担当。,V2二地方生態版／541系統配置マスター＋特殊個体イベントマスター
308,チャーレム,medicham,3,かくとう／エスパー,152,通常生態,no,no,未収録・追加対象,新IDへ追加（進化入手）,殿堂入り後,スフィアいせき,進化,―,レベルアップ＋Lv.37以上（CFRU/DPEの対応トリガーを使用。通信・RTC必須にはしない）,全国研究図鑑へ登録（トーホク386完成条件には含めない）,NATIONAL_EXT_0308（新規16bit ID）,アサナン,アサナン → チャーレム,外来生態レイヤーへ追加,T032,ダークタワー,洞窟・屋内オーバーレイ,Lv.44～54／殿堂入り後Lv.60～75,追加抽選3～6%,本編必須フラグを変更せず、外来生態フラグ・時間帯・DexNav・大量発生で制御,K23,23ばんどうろ,草むらオーバーレイ,Lv.92～98,通常表8～15%,ベガ初回殿堂入り後。認定章数でエリアと中間進化枠を段階解禁。,トーホクは本編で使える低～中レベル基礎種、カントーは高レベル個体・中間進化・隠れ特性探索を担当。,ベガ既存11枠を上書きせず、CFRU側の条件付きオーバーレイ／DexNav／大量発生へ登録,P2,アサナンをトーホクで捕獲して進化,ダークタワー,進化／殿堂入り後DexNavで中間進化が稀に出現,通常野生は基礎種のみ,本編必須フラグを変更せず、外来生態フラグ・時間帯・DexNav・大量発生で制御,アサナンをカントーで捕獲して進化,23ばんどうろ,進化／認定章6個以降は中間進化がDexNav希少枠,通常野生は基礎種中心,ベガ初回殿堂入り後。認定章数でエリアと中間進化枠を段階解禁。,通常系統は両地方で基礎種を捕獲可能。トーホクは早期育成、カントーは高レベル・隠れ特性・タマゴ技探索を担当。,V2二地方生態版／541系統配置マスター＋特殊個体イベントマスター
309,ラクライ,electrike,3,でんき,153,通常生態,no,no,未収録・追加対象,新IDへ追加,殿堂入り後,サファリゾーン中央,図鑑ナビ隠し枠,通常表0%／ナビ検索時1～5%,主に基礎形のみ出現。中間・最終進化は原則として育成で入手。時間帯・天候は生態チケットで任意固定可能。,全国研究図鑑へ登録（トーホク386完成条件には含めない）,NATIONAL_EXT_0309（新規16bit ID）,ラクライ,ラクライ → ライボルト,外来生態レイヤーへ追加,T029,かみなりのしま,草むらオーバーレイ,Lv.30～40／殿堂入り後Lv.55～70,追加抽選3～6%,本編必須フラグを変更せず、外来生態フラグ・時間帯・DexNav・大量発生で制御,K10,10ばんどうろ,草むらオーバーレイ,Lv.78～84,通常表8～15%,ベガ初回殿堂入り後。認定章数でエリアと中間進化枠を段階解禁。,トーホクは本編で使える低～中レベル基礎種、カントーは高レベル個体・中間進化・隠れ特性探索を担当。,ベガ既存11枠を上書きせず、CFRU側の条件付きオーバーレイ／DexNav／大量発生へ登録,P2,トーホク野生生態,かみなりのしま,草むらオーバーレイ,追加抽選3～6%,本編必須フラグを変更せず、外来生態フラグ・時間帯・DexNav・大量発生で制御,カントー高レベル野生生態,10ばんどうろ,草むらオーバーレイ,通常表8～15%,ベガ初回殿堂入り後。認定章数でエリアと中間進化枠を段階解禁。,通常系統は両地方で基礎種を捕獲可能。トーホクは早期育成、カントーは高レベル・隠れ特性・タマゴ技探索を担当。,V2二地方生態版／541系統配置マスター＋特殊個体イベントマスター
310,ライボルト,manectric,3,でんき,153,通常生態,no,no,未収録・追加対象,新IDへ追加（進化入手）,殿堂入り後,サファリゾーン中央,進化,―,レベルアップ＋Lv.26以上（CFRU/DPEの対応トリガーを使用。通信・RTC必須にはしない）,全国研究図鑑へ登録（トーホク386完成条件には含めない）,NATIONAL_EXT_0310（新規16bit ID）,ラクライ,ラクライ → ライボルト,外来生態レイヤーへ追加,T029,かみなりのしま,草むらオーバーレイ,Lv.30～40／殿堂入り後Lv.55～70,追加抽選3～6%,本編必須フラグを変更せず、外来生態フラグ・時間帯・DexNav・大量発生で制御,K10,10ばんどうろ,草むらオーバーレイ,Lv.78～84,通常表8～15%,ベガ初回殿堂入り後。認定章数でエリアと中間進化枠を段階解禁。,トーホクは本編で使える低～中レベル基礎種、カントーは高レベル個体・中間進化・隠れ特性探索を担当。,ベガ既存11枠を上書きせず、CFRU側の条件付きオーバーレイ／DexNav／大量発生へ登録,P2,ラクライをトーホクで捕獲して進化,かみなりのしま,進化／殿堂入り後DexNavで中間進化が稀に出現,通常野生は基礎種のみ,本編必須フラグを変更せず、外来生態フラグ・時間帯・DexNav・大量発生で制御,ラクライをカントーで捕獲して進化,10ばんどうろ,進化／認定章6個以降は中間進化がDexNav希少枠,通常野生は基礎種中心,ベガ初回殿堂入り後。認定章数でエリアと中間進化枠を段階解禁。,通常系統は両地方で基礎種を捕獲可能。トーホクは早期育成、カントーは高レベル・隠れ特性・タマゴ技探索を担当。,V2二地方生態版／541系統配置マスター＋特殊個体イベントマスター
311,プラスル,plusle,3,でんき,154,通常生態,no,no,未収録・追加対象,新IDへ追加,殿堂入り後,517～520ばんどうろ,草むらオーバーレイ,8～12%,主に基礎形のみ出現。中間・最終進化は原則として育成で入手。時間帯・天候は生態チケットで任意固定可能。,全国研究図鑑へ登録（トーホク386完成条件には含めない）,NATIONAL_EXT_0311（新規16bit ID）,プラスル,プラスル,外来生態レイヤーへ追加,T029,かみなりのしま,草むらオーバーレイ,Lv.30～40／殿堂入り後Lv.55～70,追加抽選3～6%,本編必須フラグを変更せず、外来生態フラグ・時間帯・DexNav・大量発生で制御,K10,10ばんどうろ,草むらオーバーレイ,Lv.78～84,通常表8～15%,ベガ初回殿堂入り後。認定章数でエリアと中間進化枠を段階解禁。,トーホクは本編で使える低～中レベル基礎種、カントーは高レベル個体・中間進化・隠れ特性探索を担当。,ベガ既存11枠を上書きせず、CFRU側の条件付きオーバーレイ／DexNav／大量発生へ登録,P2,トーホク野生生態,かみなりのしま,草むらオーバーレイ,追加抽選3～6%,本編必須フラグを変更せず、外来生態フラグ・時間帯・DexNav・大量発生で制御,カントー高レベル野生生態,10ばんどうろ,草むらオーバーレイ,通常表8～15%,ベガ初回殿堂入り後。認定章数でエリアと中間進化枠を段階解禁。,通常系統は両地方で基礎種を捕獲可能。トーホクは早期育成、カントーは高レベル・隠れ特性・タマゴ技探索を担当。,V2二地方生態版／541系統配置マスター＋特殊個体イベントマスター
312,マイナン,minun,3,でんき,155,通常生態,no,no,未収録・追加対象,新IDへ追加,殿堂入り後,かみなりのしま,草むらオーバーレイ,8～12%,主に基礎形のみ出現。中間・最終進化は原則として育成で入手。時間帯・天候は生態チケットで任意固定可能。,全国研究図鑑へ登録（トーホク386完成条件には含めない）,NATIONAL_EXT_0312（新規16bit ID）,マイナン,マイナン,外来生態レイヤーへ追加,T029,かみなりのしま,草むらオーバーレイ,Lv.30～40／殿堂入り後Lv.55～70,追加抽選3～6%,本編必須フラグを変更せず、外来生態フラグ・時間帯・DexNav・大量発生で制御,K40,むじんはつでんしょ,洞窟・屋内オーバーレイ,Lv.82～94,通常表8～15%,ベガ初回殿堂入り後。認定章数でエリアと中間進化枠を段階解禁。,トーホクは本編で使える低～中レベル基礎種、カントーは高レベル個体・中間進化・隠れ特性探索を担当。,ベガ既存11枠を上書きせず、CFRU側の条件付きオーバーレイ／DexNav／大量発生へ登録,P2,トーホク野生生態,かみなりのしま,草むらオーバーレイ,追加抽選3～6%,本編必須フラグを変更せず、外来生態フラグ・時間帯・DexNav・大量発生で制御,カントー高レベル野生生態,むじんはつでんしょ,洞窟・屋内オーバーレイ,通常表8～15%,ベガ初回殿堂入り後。認定章数でエリアと中間進化枠を段階解禁。,通常系統は両地方で基礎種を捕獲可能。トーホクは早期育成、カントーは高レベル・隠れ特性・タマゴ技探索を担当。,V2二地方生態版／541系統配置マスター＋特殊個体イベントマスター
313,バルビート,volbeat,3,むし,156,通常生態,no,no,未収録・追加対象,新IDへ追加,殿堂入り後,ハクジのもり,ずつき,8～12%,主に基礎形のみ出現。中間・最終進化は原則として育成で入手。時間帯・天候は生態チケットで任意固定可能。,全国研究図鑑へ登録（トーホク386完成条件には含めない）,NATIONAL_EXT_0313（新規16bit ID）,バルビート,バルビート,外来生態レイヤーへ追加,T036,サファリゾーン東,ずつき／朝昼オーバーレイ,Lv.38～48／殿堂入り後Lv.55～70,追加抽選3～6%,本編必須フラグを変更せず、外来生態フラグ・時間帯・DexNav・大量発生で制御,K35,サファリゾーン東,ずつき／朝昼オーバーレイ,Lv.85～94,通常表8～15%,ベガ初回殿堂入り後。認定章数でエリアと中間進化枠を段階解禁。,トーホクは本編で使える低～中レベル基礎種、カントーは高レベル個体・中間進化・隠れ特性探索を担当。,ベガ既存11枠を上書きせず、CFRU側の条件付きオーバーレイ／DexNav／大量発生へ登録,P2,トーホク野生生態,サファリゾーン東,ずつき／朝昼オーバーレイ,追加抽選3～6%,本編必須フラグを変更せず、外来生態フラグ・時間帯・DexNav・大量発生で制御,カントー高レベル野生生態,サファリゾーン東,ずつき／朝昼オーバーレイ,通常表8～15%,ベガ初回殿堂入り後。認定章数でエリアと中間進化枠を段階解禁。,通常系統は両地方で基礎種を捕獲可能。トーホクは早期育成、カントーは高レベル・隠れ特性・タマゴ技探索を担当。,V2二地方生態版／541系統配置マスター＋特殊個体イベントマスター
314,イルミーゼ,illumise,3,むし,157,通常生態,no,no,未収録・追加対象,新IDへ追加,殿堂入り後,サファリゾーン東,大量発生,発生中20～40%,主に基礎形のみ出現。中間・最終進化は原則として育成で入手。時間帯・天候は生態チケットで任意固定可能。,全国研究図鑑へ登録（トーホク386完成条件には含めない）,NATIONAL_EXT_0314（新規16bit ID）,イルミーゼ,イルミーゼ,外来生態レイヤーへ追加,T036,サファリゾーン東,ずつき／朝昼オーバーレイ,Lv.38～48／殿堂入り後Lv.55～70,追加抽選3～6%,本編必須フラグを変更せず、外来生態フラグ・時間帯・DexNav・大量発生で制御,K35,サファリゾーン東,ずつき／朝昼オーバーレイ,Lv.85～94,通常表8～15%,ベガ初回殿堂入り後。認定章数でエリアと中間進化枠を段階解禁。,トーホクは本編で使える低～中レベル基礎種、カントーは高レベル個体・中間進化・隠れ特性探索を担当。,ベガ既存11枠を上書きせず、CFRU側の条件付きオーバーレイ／DexNav／大量発生へ登録,P2,トーホク野生生態,サファリゾーン東,ずつき／朝昼オーバーレイ,追加抽選3～6%,本編必須フラグを変更せず、外来生態フラグ・時間帯・DexNav・大量発生で制御,カントー高レベル野生生態,サファリゾーン東,ずつき／朝昼オーバーレイ,通常表8～15%,ベガ初回殿堂入り後。認定章数でエリアと中間進化枠を段階解禁。,通常系統は両地方で基礎種を捕獲可能。トーホクは早期育成、カントーは高レベル・隠れ特性・タマゴ技探索を担当。,V2二地方生態版／541系統配置マスター＋特殊個体イベントマスター
315,ロゼリア,roselia,3,くさ／どく,158,ベビィ含有,no,no,未収録・追加対象,新IDへ追加（進化入手）,殿堂入り後,サファリゾーン東,進化,―,レベルアップ＋昼＋なつき度160以上（CFRU/DPEの対応トリガーを使用。通信・RTC必須にはしない）,全国研究図鑑へ登録（トーホク386完成条件には含めない）,NATIONAL_EXT_0315（新規16bit ID）,スボミー,スボミー → ロゼリア → ロズレイド,外来生態レイヤーへ追加,T504,504ばんどうろ／すいどう,DexNav隠し枠／低確率タマゴ,Lv.9～13,通常0%／DexNav 2～5%,本編必須フラグを変更せず、外来生態フラグ・時間帯・DexNav・大量発生で制御,K33,タマムシ温室,DexNav隠し枠／低確率タマゴ,Lv.82～90,通常0%／DexNav 2～5%,ベガ初回殿堂入り後。認定章数でエリアと中間進化枠を段階解禁。,トーホクは本編で使える低～中レベル基礎種、カントーは高レベル個体・中間進化・隠れ特性探索を担当。,ベガ既存11枠を上書きせず、CFRU側の条件付きオーバーレイ／DexNav／大量発生へ登録,P2,スボミーをトーホクで捕獲して進化,504ばんどうろ／すいどう,進化／殿堂入り後DexNavで中間進化が稀に出現,通常野生は基礎種のみ,本編必須フラグを変更せず、外来生態フラグ・時間帯・DexNav・大量発生で制御,スボミーをカントーで捕獲して進化,タマムシ温室,進化／認定章6個以降は中間進化がDexNav希少枠,通常野生は基礎種中心,ベガ初回殿堂入り後。認定章数でエリアと中間進化枠を段階解禁。,通常系統は両地方で基礎種を捕獲可能。トーホクは早期育成、カントーは高レベル・隠れ特性・タマゴ技探索を担当。,V2二地方生態版／541系統配置マスター＋特殊個体イベントマスター
316,ゴクリン,gulpin,3,どく,159,通常生態,no,no,未収録・追加対象,新IDへ追加,殿堂入り後,503ばんどうろ,大量発生,発生中20～40%,主に基礎形のみ出現。中間・最終進化は原則として育成で入手。時間帯・天候は生態チケットで任意固定可能。,全国研究図鑑へ登録（トーホク386完成条件には含めない）,NATIONAL_EXT_0316（新規16bit ID）,ゴクリン,ゴクリン → マルノーム,外来生態レイヤーへ追加,T027,かいていトンネル,洞窟・屋内オーバーレイ,Lv.20～30,追加抽選3～6%,本編必須フラグを変更せず、外来生態フラグ・時間帯・DexNav・大量発生で制御,K13,13ばんどうろ,草むらオーバーレイ,Lv.83～88,通常表8～15%,ベガ初回殿堂入り後。認定章数でエリアと中間進化枠を段階解禁。,トーホクは本編で使える低～中レベル基礎種、カントーは高レベル個体・中間進化・隠れ特性探索を担当。,ベガ既存11枠を上書きせず、CFRU側の条件付きオーバーレイ／DexNav／大量発生へ登録,P2,トーホク野生生態,かいていトンネル,洞窟・屋内オーバーレイ,追加抽選3～6%,本編必須フラグを変更せず、外来生態フラグ・時間帯・DexNav・大量発生で制御,カントー高レベル野生生態,13ばんどうろ,草むらオーバーレイ,通常表8～15%,ベガ初回殿堂入り後。認定章数でエリアと中間進化枠を段階解禁。,通常系統は両地方で基礎種を捕獲可能。トーホクは早期育成、カントーは高レベル・隠れ特性・タマゴ技探索を担当。,V2二地方生態版／541系統配置マスター＋特殊個体イベントマスター
317,マルノーム,swalot,3,どく,159,通常生態,no,no,未収録・追加対象,新IDへ追加（進化入手）,殿堂入り後,503ばんどうろ,進化,―,レベルアップ＋Lv.26以上（CFRU/DPEの対応トリガーを使用。通信・RTC必須にはしない）,全国研究図鑑へ登録（トーホク386完成条件には含めない）,NATIONAL_EXT_0317（新規16bit ID）,ゴクリン,ゴクリン → マルノーム,外来生態レイヤーへ追加,T027,かいていトンネル,洞窟・屋内オーバーレイ,Lv.20～30,追加抽選3～6%,本編必須フラグを変更せず、外来生態フラグ・時間帯・DexNav・大量発生で制御,K13,13ばんどうろ,草むらオーバーレイ,Lv.83～88,通常表8～15%,ベガ初回殿堂入り後。認定章数でエリアと中間進化枠を段階解禁。,トーホクは本編で使える低～中レベル基礎種、カントーは高レベル個体・中間進化・隠れ特性探索を担当。,ベガ既存11枠を上書きせず、CFRU側の条件付きオーバーレイ／DexNav／大量発生へ登録,P2,ゴクリンをトーホクで捕獲して進化,かいていトンネル,進化／殿堂入り後DexNavで中間進化が稀に出現,通常野生は基礎種のみ,本編必須フラグを変更せず、外来生態フラグ・時間帯・DexNav・大量発生で制御,ゴクリンをカントーで捕獲して進化,13ばんどうろ,進化／認定章6個以降は中間進化がDexNav希少枠,通常野生は基礎種中心,ベガ初回殿堂入り後。認定章数でエリアと中間進化枠を段階解禁。,通常系統は両地方で基礎種を捕獲可能。トーホクは早期育成、カントーは高レベル・隠れ特性・タマゴ技探索を担当。,V2二地方生態版／541系統配置マスター＋特殊個体イベントマスター
318,キバニア,carvanha,3,みず／あく,160,通常生態,no,no,未収録・追加対象,新IDへ追加,殿堂入り後,かいていトンネル,水上,8～12%,主に基礎形のみ出現。中間・最終進化は原則として育成で入手。時間帯・天候は生態チケットで任意固定可能。,全国研究図鑑へ登録（トーホク386完成条件には含めない）,NATIONAL_EXT_0318（新規16bit ID）,キバニア,キバニア → サメハダー,外来生態レイヤーへ追加,T508,508ばんどうろ／すいどう,水上オーバーレイ,Lv.19～25,追加抽選4～8%,本編必須フラグを変更せず、外来生態フラグ・時間帯・DexNav・大量発生で制御,K12,12ばんどうろ,水上オーバーレイ,Lv.82～87,通常表10～20%,ベガ初回殿堂入り後。認定章数でエリアと中間進化枠を段階解禁。,トーホクは本編で使える低～中レベル基礎種、カントーは高レベル個体・中間進化・隠れ特性探索を担当。,ベガ既存11枠を上書きせず、CFRU側の条件付きオーバーレイ／DexNav／大量発生へ登録,P2,トーホク野生生態,508ばんどうろ／すいどう,水上オーバーレイ,追加抽選4～8%,本編必須フラグを変更せず、外来生態フラグ・時間帯・DexNav・大量発生で制御,カントー高レベル野生生態,12ばんどうろ,水上オーバーレイ,通常表10～20%,ベガ初回殿堂入り後。認定章数でエリアと中間進化枠を段階解禁。,通常系統は両地方で基礎種を捕獲可能。トーホクは早期育成、カントーは高レベル・隠れ特性・タマゴ技探索を担当。,V2二地方生態版／541系統配置マスター＋特殊個体イベントマスター
319,サメハダー,sharpedo,3,みず／あく,160,通常生態,no,no,未収録・追加対象,新IDへ追加（進化入手）,殿堂入り後,かいていトンネル,進化,―,レベルアップ＋Lv.30以上（CFRU/DPEの対応トリガーを使用。通信・RTC必須にはしない）,全国研究図鑑へ登録（トーホク386完成条件には含めない）,NATIONAL_EXT_0319（新規16bit ID）,キバニア,キバニア → サメハダー,外来生態レイヤーへ追加,T508,508ばんどうろ／すいどう,水上オーバーレイ,Lv.19～25,追加抽選4～8%,本編必須フラグを変更せず、外来生態フラグ・時間帯・DexNav・大量発生で制御,K12,12ばんどうろ,水上オーバーレイ,Lv.82～87,通常表10～20%,ベガ初回殿堂入り後。認定章数でエリアと中間進化枠を段階解禁。,トーホクは本編で使える低～中レベル基礎種、カントーは高レベル個体・中間進化・隠れ特性探索を担当。,ベガ既存11枠を上書きせず、CFRU側の条件付きオーバーレイ／DexNav／大量発生へ登録,P2,キバニアをトーホクで捕獲して進化,508ばんどうろ／すいどう,進化／殿堂入り後DexNavで中間進化が稀に出現,通常野生は基礎種のみ,本編必須フラグを変更せず、外来生態フラグ・時間帯・DexNav・大量発生で制御,キバニアをカントーで捕獲して進化,12ばんどうろ,進化／認定章6個以降は中間進化がDexNav希少枠,通常野生は基礎種中心,ベガ初回殿堂入り後。認定章数でエリアと中間進化枠を段階解禁。,通常系統は両地方で基礎種を捕獲可能。トーホクは早期育成、カントーは高レベル・隠れ特性・タマゴ技探索を担当。,V2二地方生態版／541系統配置マスター＋特殊個体イベントマスター
320,ホエルコ,wailmer,3,みず,161,通常生態,no,no,未収録・追加対象,新IDへ追加,殿堂入り後,こおりのしま,水上,8～12%,主に基礎形のみ出現。中間・最終進化は原則として育成で入手。時間帯・天候は生態チケットで任意固定可能。,全国研究図鑑へ登録（トーホク386完成条件には含めない）,NATIONAL_EXT_0320（新規16bit ID）,ホエルコ,ホエルコ → ホエルオー,外来生態レイヤーへ追加,T512,512ばんどうろ／すいどう,水上オーバーレイ,Lv.27～33,追加抽選4～8%,本編必須フラグを変更せず、外来生態フラグ・時間帯・DexNav・大量発生で制御,K13,13ばんどうろ,水上オーバーレイ,Lv.83～88,通常表10～20%,ベガ初回殿堂入り後。認定章数でエリアと中間進化枠を段階解禁。,トーホクは本編で使える低～中レベル基礎種、カントーは高レベル個体・中間進化・隠れ特性探索を担当。,ベガ既存11枠を上書きせず、CFRU側の条件付きオーバーレイ／DexNav／大量発生へ登録,P2,トーホク野生生態,512ばんどうろ／すいどう,水上オーバーレイ,追加抽選4～8%,本編必須フラグを変更せず、外来生態フラグ・時間帯・DexNav・大量発生で制御,カントー高レベル野生生態,13ばんどうろ,水上オーバーレイ,通常表10～20%,ベガ初回殿堂入り後。認定章数でエリアと中間進化枠を段階解禁。,通常系統は両地方で基礎種を捕獲可能。トーホクは早期育成、カントーは高レベル・隠れ特性・タマゴ技探索を担当。,V2二地方生態版／541系統配置マスター＋特殊個体イベントマスター
321,ホエルオー,wailord,3,みず,161,通常生態,no,no,未収録・追加対象,新IDへ追加（進化入手）,殿堂入り後,こおりのしま,進化,―,レベルアップ＋Lv.40以上（CFRU/DPEの対応トリガーを使用。通信・RTC必須にはしない）,全国研究図鑑へ登録（トーホク386完成条件には含めない）,NATIONAL_EXT_0321（新規16bit ID）,ホエルコ,ホエルコ → ホエルオー,外来生態レイヤーへ追加,T512,512ばんどうろ／すいどう,水上オーバーレイ,Lv.27～33,追加抽選4～8%,本編必須フラグを変更せず、外来生態フラグ・時間帯・DexNav・大量発生で制御,K13,13ばんどうろ,水上オーバーレイ,Lv.83～88,通常表10～20%,ベガ初回殿堂入り後。認定章数でエリアと中間進化枠を段階解禁。,トーホクは本編で使える低～中レベル基礎種、カントーは高レベル個体・中間進化・隠れ特性探索を担当。,ベガ既存11枠を上書きせず、CFRU側の条件付きオーバーレイ／DexNav／大量発生へ登録,P2,ホエルコをトーホクで捕獲して進化,512ばんどうろ／すいどう,進化／殿堂入り後DexNavで中間進化が稀に出現,通常野生は基礎種のみ,本編必須フラグを変更せず、外来生態フラグ・時間帯・DexNav・大量発生で制御,ホエルコをカントーで捕獲して進化,13ばんどうろ,進化／認定章6個以降は中間進化がDexNav希少枠,通常野生は基礎種中心,ベガ初回殿堂入り後。認定章数でエリアと中間進化枠を段階解禁。,通常系統は両地方で基礎種を捕獲可能。トーホクは早期育成、カントーは高レベル・隠れ特性・タマゴ技探索を担当。,V2二地方生態版／541系統配置マスター＋特殊個体イベントマスター
322,ドンメル,numel,3,ほのお／じめん,162,通常生態,no,no,未収録・追加対象,新IDへ追加,殿堂入り後,サファリゾーン西,図鑑ナビ隠し枠,通常表0%／ナビ検索時1～5%,主に基礎形のみ出現。中間・最終進化は原則として育成で入手。時間帯・天候は生態チケットで任意固定可能。,全国研究図鑑へ登録（トーホク386完成条件には含めない）,NATIONAL_EXT_0322（新規16bit ID）,ドンメル,ドンメル → バクーダ,外来生態レイヤーへ追加,T028,ひのしま,いわくだき／DexNav,Lv.30～40／殿堂入り後Lv.55～70,通常0%／DexNav 2～5%,本編必須フラグを変更せず、外来生態フラグ・時間帯・DexNav・大量発生で制御,K21,21ばんどうろ,草むらオーバーレイ,Lv.89～94,通常表8～15%,ベガ初回殿堂入り後。認定章数でエリアと中間進化枠を段階解禁。,トーホクは本編で使える低～中レベル基礎種、カントーは高レベル個体・中間進化・隠れ特性探索を担当。,ベガ既存11枠を上書きせず、CFRU側の条件付きオーバーレイ／DexNav／大量発生へ登録,P2,トーホク野生生態,ひのしま,いわくだき／DexNav,通常0%／DexNav 2～5%,本編必須フラグを変更せず、外来生態フラグ・時間帯・DexNav・大量発生で制御,カントー高レベル野生生態,21ばんどうろ,草むらオーバーレイ,通常表8～15%,ベガ初回殿堂入り後。認定章数でエリアと中間進化枠を段階解禁。,通常系統は両地方で基礎種を捕獲可能。トーホクは早期育成、カントーは高レベル・隠れ特性・タマゴ技探索を担当。,V2二地方生態版／541系統配置マスター＋特殊個体イベントマスター
323,バクーダ,camerupt,3,ほのお／じめん,162,通常生態,no,no,未収録・追加対象,新IDへ追加（進化入手）,殿堂入り後,サファリゾーン西,進化,―,レベルアップ＋Lv.33以上（CFRU/DPEの対応トリガーを使用。通信・RTC必須にはしない）,全国研究図鑑へ登録（トーホク386完成条件には含めない）,NATIONAL_EXT_0323（新規16bit ID）,ドンメル,ドンメル → バクーダ,外来生態レイヤーへ追加,T028,ひのしま,いわくだき／DexNav,Lv.30～40／殿堂入り後Lv.55～70,通常0%／DexNav 2～5%,本編必須フラグを変更せず、外来生態フラグ・時間帯・DexNav・大量発生で制御,K21,21ばんどうろ,草むらオーバーレイ,Lv.89～94,通常表8～15%,ベガ初回殿堂入り後。認定章数でエリアと中間進化枠を段階解禁。,トーホクは本編で使える低～中レベル基礎種、カントーは高レベル個体・中間進化・隠れ特性探索を担当。,ベガ既存11枠を上書きせず、CFRU側の条件付きオーバーレイ／DexNav／大量発生へ登録,P2,ドンメルをトーホクで捕獲して進化,ひのしま,進化／殿堂入り後DexNavで中間進化が稀に出現,通常野生は基礎種のみ,本編必須フラグを変更せず、外来生態フラグ・時間帯・DexNav・大量発生で制御,ドンメルをカントーで捕獲して進化,21ばんどうろ,進化／認定章6個以降は中間進化がDexNav希少枠,通常野生は基礎種中心,ベガ初回殿堂入り後。認定章数でエリアと中間進化枠を段階解禁。,通常系統は両地方で基礎種を捕獲可能。トーホクは早期育成、カントーは高レベル・隠れ特性・タマゴ技探索を担当。,V2二地方生態版／541系統配置マスター＋特殊個体イベントマスター
324,コータス,torkoal,3,ほのお,163,通常生態,no,no,既存（トーホク図鑑361）,既存ベガ個体を保持,ベガ既存進行,ベガ既存地点,ベガ既存入手法,既存値,トーホク図鑑No.361。内部種族ID・図鑑登録・イベント参照を変更しない。,トーホク図鑑にも既存番号で登録,VEGA_NATIVE_361（実ROMから確定）,コータス,コータス,ベガ既存系統を完全保持,VEGA_NATIVE,ベガ既存地点（出現表・配布・進化を変更しない）,ベガ既存入手法,既存値,既存値,既存イベント・野生表・進化条件を原則維持。現代化で条件が壊れる場合のみ互換処理。,K21,21ばんどうろ,草むらオーバーレイ,Lv.89～94,通常表8～15%,ベガ初回殿堂入り後。認定章数でエリアと中間進化枠を段階解禁。,トーホクではベガ既存個体を保護。カントーでは高レベル個体・隠れ特性・タマゴ技探索を担当。,既存テーブル無変更,P0,ベガ既存入手法を完全保持,ベガ既存地点,ベガ既存入手法,既存値,トーホク図鑑No.361。内部種族ID・図鑑登録・イベント参照を変更しない。,カントー高レベル野生生態,21ばんどうろ,草むらオーバーレイ,通常表8～15%,ベガ初回殿堂入り後。認定章数でエリアと中間進化枠を段階解禁。,通常系統は両地方で基礎種を捕獲可能。トーホクは早期育成、カントーは高レベル・隠れ特性・タマゴ技探索を担当。,V2二地方生態版／541系統配置マスター＋特殊個体イベントマスター
325,バネブー,spoink,3,エスパー,164,通常生態,no,no,未収録・追加対象,新IDへ追加,殿堂入り後,ときのようかん,草むらオーバーレイ,8～12%,主に基礎形のみ出現。中間・最終進化は原則として育成で入手。時間帯・天候は生態チケットで任意固定可能。,全国研究図鑑へ登録（トーホク386完成条件には含めない）,NATIONAL_EXT_0325（新規16bit ID）,バネブー,バネブー → ブーピッグ,外来生態レイヤーへ追加,T034,D・Hビル,洞窟・屋内オーバーレイ,Lv.42～55／殿堂入り後Lv.62～78,追加抽選3～6%,本編必須フラグを変更せず、外来生態フラグ・時間帯・DexNav・大量発生で制御,K27,おつきみやま,洞窟・屋内オーバーレイ,Lv.73～80,通常表8～15%,ベガ初回殿堂入り後。認定章数でエリアと中間進化枠を段階解禁。,トーホクは本編で使える低～中レベル基礎種、カントーは高レベル個体・中間進化・隠れ特性探索を担当。,ベガ既存11枠を上書きせず、CFRU側の条件付きオーバーレイ／DexNav／大量発生へ登録,P2,トーホク野生生態,D・Hビル,洞窟・屋内オーバーレイ,追加抽選3～6%,本編必須フラグを変更せず、外来生態フラグ・時間帯・DexNav・大量発生で制御,カントー高レベル野生生態,おつきみやま,洞窟・屋内オーバーレイ,通常表8～15%,ベガ初回殿堂入り後。認定章数でエリアと中間進化枠を段階解禁。,通常系統は両地方で基礎種を捕獲可能。トーホクは早期育成、カントーは高レベル・隠れ特性・タマゴ技探索を担当。,V2二地方生態版／541系統配置マスター＋特殊個体イベントマスター
326,ブーピッグ,grumpig,3,エスパー,164,通常生態,no,no,未収録・追加対象,新IDへ追加（進化入手）,殿堂入り後,ときのようかん,進化,―,レベルアップ＋Lv.32以上（CFRU/DPEの対応トリガーを使用。通信・RTC必須にはしない）,全国研究図鑑へ登録（トーホク386完成条件には含めない）,NATIONAL_EXT_0326（新規16bit ID）,バネブー,バネブー → ブーピッグ,外来生態レイヤーへ追加,T034,D・Hビル,洞窟・屋内オーバーレイ,Lv.42～55／殿堂入り後Lv.62～78,追加抽選3～6%,本編必須フラグを変更せず、外来生態フラグ・時間帯・DexNav・大量発生で制御,K27,おつきみやま,洞窟・屋内オーバーレイ,Lv.73～80,通常表8～15%,ベガ初回殿堂入り後。認定章数でエリアと中間進化枠を段階解禁。,トーホクは本編で使える低～中レベル基礎種、カントーは高レベル個体・中間進化・隠れ特性探索を担当。,ベガ既存11枠を上書きせず、CFRU側の条件付きオーバーレイ／DexNav／大量発生へ登録,P2,バネブーをトーホクで捕獲して進化,D・Hビル,進化／殿堂入り後DexNavで中間進化が稀に出現,通常野生は基礎種のみ,本編必須フラグを変更せず、外来生態フラグ・時間帯・DexNav・大量発生で制御,バネブーをカントーで捕獲して進化,おつきみやま,進化／認定章6個以降は中間進化がDexNav希少枠,通常野生は基礎種中心,ベガ初回殿堂入り後。認定章数でエリアと中間進化枠を段階解禁。,通常系統は両地方で基礎種を捕獲可能。トーホクは早期育成、カントーは高レベル・隠れ特性・タマゴ技探索を担当。,V2二地方生態版／541系統配置マスター＋特殊個体イベントマスター
327,パッチール,spinda,3,ノーマル,165,通常生態,no,no,既存（トーホク図鑑327）,既存ベガ個体を保持,ベガ既存進行,ベガ既存地点,ベガ既存入手法,既存値,トーホク図鑑No.327。内部種族ID・図鑑登録・イベント参照を変更しない。,トーホク図鑑にも既存番号で登録,VEGA_NATIVE_327（実ROMから確定）,パッチール,パッチール,ベガ既存系統を完全保持,VEGA_NATIVE,ベガ既存地点（出現表・配布・進化を変更しない）,ベガ既存入手法,既存値,既存値,既存イベント・野生表・進化条件を原則維持。現代化で条件が壊れる場合のみ互換処理。,K16,16ばんどうろ,草むらオーバーレイ,Lv.81～86,通常表8～15%,ベガ初回殿堂入り後。認定章数でエリアと中間進化枠を段階解禁。,トーホクではベガ既存個体を保護。カントーでは高レベル個体・隠れ特性・タマゴ技探索を担当。,既存テーブル無変更,P0,ベガ既存入手法を完全保持,ベガ既存地点,ベガ既存入手法,既存値,トーホク図鑑No.327。内部種族ID・図鑑登録・イベント参照を変更しない。,カントー高レベル野生生態,16ばんどうろ,草むらオーバーレイ,通常表8～15%,ベガ初回殿堂入り後。認定章数でエリアと中間進化枠を段階解禁。,通常系統は両地方で基礎種を捕獲可能。トーホクは早期育成、カントーは高レベル・隠れ特性・タマゴ技探索を担当。,V2二地方生態版／541系統配置マスター＋特殊個体イベントマスター
328,ナックラー,trapinch,3,じめん,166,通常生態,no,no,未収録・追加対象,新IDへ追加,殿堂入り後,514～516ばんどうろ,図鑑ナビ隠し枠,通常表0%／ナビ検索時1～5%,主に基礎形のみ出現。中間・最終進化は原則として育成で入手。時間帯・天候は生態チケットで任意固定可能。,全国研究図鑑へ登録（トーホク386完成条件には含めない）,NATIONAL_EXT_0328（新規16bit ID）,ナックラー,ナックラー → ビブラーバ → フライゴン,外来生態レイヤーへ追加,T028,ひのしま,いわくだき／DexNav,Lv.30～40／殿堂入り後Lv.55～70,通常0%／DexNav 2～5%,本編必須フラグを変更せず、外来生態フラグ・時間帯・DexNav・大量発生で制御,K42,チャンピオンロード,いわくだき／DexNav,Lv.94～100,通常0%／DexNav 2～5%,ベガ初回殿堂入り後。認定章数でエリアと中間進化枠を段階解禁。,トーホクは本編で使える低～中レベル基礎種、カントーは高レベル個体・中間進化・隠れ特性探索を担当。,ベガ既存11枠を上書きせず、CFRU側の条件付きオーバーレイ／DexNav／大量発生へ登録,P2,トーホク野生生態,ひのしま,いわくだき／DexNav,通常0%／DexNav 2～5%,本編必須フラグを変更せず、外来生態フラグ・時間帯・DexNav・大量発生で制御,カントー高レベル野生生態,チャンピオンロード,いわくだき／DexNav,通常0%／DexNav 2～5%,ベガ初回殿堂入り後。認定章数でエリアと中間進化枠を段階解禁。,通常系統は両地方で基礎種を捕獲可能。トーホクは早期育成、カントーは高レベル・隠れ特性・タマゴ技探索を担当。,V2二地方生態版／541系統配置マスター＋特殊個体イベントマスター
329,ビブラーバ,vibrava,3,じめん／ドラゴン,166,通常生態,no,no,未収録・追加対象,新IDへ追加（進化入手）,殿堂入り後,514～516ばんどうろ,進化,―,レベルアップ＋Lv.35以上（CFRU/DPEの対応トリガーを使用。通信・RTC必須にはしない）,全国研究図鑑へ登録（トーホク386完成条件には含めない）,NATIONAL_EXT_0329（新規16bit ID）,ナックラー,ナックラー → ビブラーバ → フライゴン,外来生態レイヤーへ追加,T028,ひのしま,いわくだき／DexNav,Lv.30～40／殿堂入り後Lv.55～70,通常0%／DexNav 2～5%,本編必須フラグを変更せず、外来生態フラグ・時間帯・DexNav・大量発生で制御,K42,チャンピオンロード,いわくだき／DexNav,Lv.94～100,通常0%／DexNav 2～5%,ベガ初回殿堂入り後。認定章数でエリアと中間進化枠を段階解禁。,トーホクは本編で使える低～中レベル基礎種、カントーは高レベル個体・中間進化・隠れ特性探索を担当。,ベガ既存11枠を上書きせず、CFRU側の条件付きオーバーレイ／DexNav／大量発生へ登録,P2,ナックラーをトーホクで捕獲して進化,ひのしま,進化／殿堂入り後DexNavで中間進化が稀に出現,通常野生は基礎種のみ,本編必須フラグを変更せず、外来生態フラグ・時間帯・DexNav・大量発生で制御,ナックラーをカントーで捕獲して進化,チャンピオンロード,進化／認定章6個以降は中間進化がDexNav希少枠,通常野生は基礎種中心,ベガ初回殿堂入り後。認定章数でエリアと中間進化枠を段階解禁。,通常系統は両地方で基礎種を捕獲可能。トーホクは早期育成、カントーは高レベル・隠れ特性・タマゴ技探索を担当。,V2二地方生態版／541系統配置マスター＋特殊個体イベントマスター
330,フライゴン,flygon,3,じめん／ドラゴン,166,通常生態,no,no,未収録・追加対象,新IDへ追加（進化入手）,殿堂入り後,514～516ばんどうろ,進化,―,レベルアップ＋Lv.45以上（CFRU/DPEの対応トリガーを使用。通信・RTC必須にはしない）,全国研究図鑑へ登録（トーホク386完成条件には含めない）,NATIONAL_EXT_0330（新規16bit ID）,ナックラー,ナックラー → ビブラーバ → フライゴン,外来生態レイヤーへ追加,T028,ひのしま,いわくだき／DexNav,Lv.30～40／殿堂入り後Lv.55～70,通常0%／DexNav 2～5%,本編必須フラグを変更せず、外来生態フラグ・時間帯・DexNav・大量発生で制御,K42,チャンピオンロード,いわくだき／DexNav,Lv.94～100,通常0%／DexNav 2～5%,ベガ初回殿堂入り後。認定章数でエリアと中間進化枠を段階解禁。,トーホクは本編で使える低～中レベル基礎種、カントーは高レベル個体・中間進化・隠れ特性探索を担当。,ベガ既存11枠を上書きせず、CFRU側の条件付きオーバーレイ／DexNav／大量発生へ登録,P2,ナックラーをトーホクで捕獲して進化,ひのしま,進化／殿堂入り後DexNavで中間進化が稀に出現,通常野生は基礎種のみ,本編必須フラグを変更せず、外来生態フラグ・時間帯・DexNav・大量発生で制御,ナックラーをカントーで捕獲して進化,チャンピオンロード,進化／認定章6個以降は中間進化がDexNav希少枠,通常野生は基礎種中心,ベガ初回殿堂入り後。認定章数でエリアと中間進化枠を段階解禁。,通常系統は両地方で基礎種を捕獲可能。トーホクは早期育成、カントーは高レベル・隠れ特性・タマゴ技探索を担当。,V2二地方生態版／541系統配置マスター＋特殊個体イベントマスター
331,サボネア,cacnea,3,くさ,167,通常生態,no,no,既存（トーホク図鑑343）,既存ベガ個体を保持,ベガ既存進行,ベガ既存地点,ベガ既存入手法,既存値,トーホク図鑑No.343。内部種族ID・図鑑登録・イベント参照を変更しない。,トーホク図鑑にも既存番号で登録,VEGA_NATIVE_343（実ROMから確定）,サボネア,サボネア → ノクタス,ベガ既存系統を完全保持,VEGA_NATIVE,ベガ既存地点（出現表・配布・進化を変更しない）,ベガ既存入手法,既存値,既存値,既存イベント・野生表・進化条件を原則維持。現代化で条件が壊れる場合のみ互換処理。,K02,2ばんどうろ,夜間オーバーレイ,Lv.69～73,夜間8～12%,ベガ初回殿堂入り後。認定章数でエリアと中間進化枠を段階解禁。,トーホクではベガ既存個体を保護。カントーでは高レベル個体・隠れ特性・タマゴ技探索を担当。,既存テーブル無変更,P0,ベガ既存入手法を完全保持,ベガ既存地点,ベガ既存入手法,既存値,トーホク図鑑No.343。内部種族ID・図鑑登録・イベント参照を変更しない。,カントー高レベル野生生態,2ばんどうろ,夜間オーバーレイ,夜間8～12%,ベガ初回殿堂入り後。認定章数でエリアと中間進化枠を段階解禁。,通常系統は両地方で基礎種を捕獲可能。トーホクは早期育成、カントーは高レベル・隠れ特性・タマゴ技探索を担当。,V2二地方生態版／541系統配置マスター＋特殊個体イベントマスター
332,ノクタス,cacturne,3,くさ／あく,167,通常生態,no,no,既存（トーホク図鑑344）,既存ベガ個体を保持,ベガ既存進行,ベガ既存地点,ベガ既存入手法,既存値,トーホク図鑑No.344。内部種族ID・図鑑登録・イベント参照を変更しない。,トーホク図鑑にも既存番号で登録,VEGA_NATIVE_344（実ROMから確定）,サボネア,サボネア → ノクタス,ベガ既存系統を完全保持,VEGA_NATIVE,ベガ既存地点（出現表・配布・進化を変更しない）,ベガ既存入手法,既存値,既存値,既存イベント・野生表・進化条件を原則維持。現代化で条件が壊れる場合のみ互換処理。,K02,2ばんどうろ,夜間オーバーレイ,Lv.69～73,夜間8～12%,ベガ初回殿堂入り後。認定章数でエリアと中間進化枠を段階解禁。,トーホクではベガ既存個体を保護。カントーでは高レベル個体・隠れ特性・タマゴ技探索を担当。,既存テーブル無変更,P0,ベガ既存入手法を完全保持,ベガ既存地点,ベガ既存入手法,既存値,トーホク図鑑No.344。内部種族ID・図鑑登録・イベント参照を変更しない。,サボネアをカントーで捕獲して進化,2ばんどうろ,進化／認定章6個以降は中間進化がDexNav希少枠,通常野生は基礎種中心,ベガ初回殿堂入り後。認定章数でエリアと中間進化枠を段階解禁。,通常系統は両地方で基礎種を捕獲可能。トーホクは早期育成、カントーは高レベル・隠れ特性・タマゴ技探索を担当。,V2二地方生態版／541系統配置マスター＋特殊個体イベントマスター
333,チルット,swablu,3,ノーマル／ひこう,168,通常生態,no,no,未収録・追加対象,新IDへ追加,殿堂入り後,521～523ばんどうろ,図鑑ナビ隠し枠,通常表0%／ナビ検索時1～5%,主に基礎形のみ出現。中間・最終進化は原則として育成で入手。時間帯・天候は生態チケットで任意固定可能。,全国研究図鑑へ登録（トーホク386完成条件には含めない）,NATIONAL_EXT_0333（新規16bit ID）,チルット,チルット → チルタリス,外来生態レイヤーへ追加,T501,501ばんどうろ／すいどう,大量発生,Lv.2～5,通常0%／発生中20～35%,本編必須フラグを変更せず、外来生態フラグ・時間帯・DexNav・大量発生で制御,K11,11ばんどうろ,草むらオーバーレイ,Lv.76～82,通常表8～15%,ベガ初回殿堂入り後。認定章数でエリアと中間進化枠を段階解禁。,トーホクは本編で使える低～中レベル基礎種、カントーは高レベル個体・中間進化・隠れ特性探索を担当。,ベガ既存11枠を上書きせず、CFRU側の条件付きオーバーレイ／DexNav／大量発生へ登録,P2,トーホク野生生態,501ばんどうろ／すいどう,大量発生,通常0%／発生中20～35%,本編必須フラグを変更せず、外来生態フラグ・時間帯・DexNav・大量発生で制御,カントー高レベル野生生態,11ばんどうろ,草むらオーバーレイ,通常表8～15%,ベガ初回殿堂入り後。認定章数でエリアと中間進化枠を段階解禁。,通常系統は両地方で基礎種を捕獲可能。トーホクは早期育成、カントーは高レベル・隠れ特性・タマゴ技探索を担当。,V2二地方生態版／541系統配置マスター＋特殊個体イベントマスター
334,チルタリス,altaria,3,ドラゴン／ひこう,168,通常生態,no,no,未収録・追加対象,新IDへ追加（進化入手）,殿堂入り後,521～523ばんどうろ,進化,―,レベルアップ＋Lv.35以上（CFRU/DPEの対応トリガーを使用。通信・RTC必須にはしない）,全国研究図鑑へ登録（トーホク386完成条件には含めない）,NATIONAL_EXT_0334（新規16bit ID）,チルット,チルット → チルタリス,外来生態レイヤーへ追加,T501,501ばんどうろ／すいどう,大量発生,Lv.2～5,通常0%／発生中20～35%,本編必須フラグを変更せず、外来生態フラグ・時間帯・DexNav・大量発生で制御,K11,11ばんどうろ,草むらオーバーレイ,Lv.76～82,通常表8～15%,ベガ初回殿堂入り後。認定章数でエリアと中間進化枠を段階解禁。,トーホクは本編で使える低～中レベル基礎種、カントーは高レベル個体・中間進化・隠れ特性探索を担当。,ベガ既存11枠を上書きせず、CFRU側の条件付きオーバーレイ／DexNav／大量発生へ登録,P2,チルットをトーホクで捕獲して進化,501ばんどうろ／すいどう,進化／殿堂入り後DexNavで中間進化が稀に出現,通常野生は基礎種のみ,本編必須フラグを変更せず、外来生態フラグ・時間帯・DexNav・大量発生で制御,チルットをカントーで捕獲して進化,11ばんどうろ,進化／認定章6個以降は中間進化がDexNav希少枠,通常野生は基礎種中心,ベガ初回殿堂入り後。認定章数でエリアと中間進化枠を段階解禁。,通常系統は両地方で基礎種を捕獲可能。トーホクは早期育成、カントーは高レベル・隠れ特性・タマゴ技探索を担当。,V2二地方生態版／541系統配置マスター＋特殊個体イベントマスター
335,ザングース,zangoose,3,ノーマル,169,通常生態,no,no,未収録・追加対象,新IDへ追加,殿堂入り後,504～506ばんどうろ,大量発生,発生中20～40%,主に基礎形のみ出現。中間・最終進化は原則として育成で入手。時間帯・天候は生態チケットで任意固定可能。,全国研究図鑑へ登録（トーホク386完成条件には含めない）,NATIONAL_EXT_0335（新規16bit ID）,ザングース,ザングース,外来生態レイヤーへ追加,T504,504ばんどうろ／すいどう,草むらオーバーレイ,Lv.9～13,追加抽選3～6%,本編必須フラグを変更せず、外来生態フラグ・時間帯・DexNav・大量発生で制御,K18,18ばんどうろ,草むらオーバーレイ,Lv.84～90,通常表8～15%,ベガ初回殿堂入り後。認定章数でエリアと中間進化枠を段階解禁。,トーホクは本編で使える低～中レベル基礎種、カントーは高レベル個体・中間進化・隠れ特性探索を担当。,ベガ既存11枠を上書きせず、CFRU側の条件付きオーバーレイ／DexNav／大量発生へ登録,P2,トーホク野生生態,504ばんどうろ／すいどう,草むらオーバーレイ,追加抽選3～6%,本編必須フラグを変更せず、外来生態フラグ・時間帯・DexNav・大量発生で制御,カントー高レベル野生生態,18ばんどうろ,草むらオーバーレイ,通常表8～15%,ベガ初回殿堂入り後。認定章数でエリアと中間進化枠を段階解禁。,通常系統は両地方で基礎種を捕獲可能。トーホクは早期育成、カントーは高レベル・隠れ特性・タマゴ技探索を担当。,V2二地方生態版／541系統配置マスター＋特殊個体イベントマスター
336,ハブネーク,seviper,3,どく,170,通常生態,no,no,未収録・追加対象,新IDへ追加,殿堂入り後,503ばんどうろ,大量発生,発生中20～40%,主に基礎形のみ出現。中間・最終進化は原則として育成で入手。時間帯・天候は生態チケットで任意固定可能。,全国研究図鑑へ登録（トーホク386完成条件には含めない）,NATIONAL_EXT_0336（新規16bit ID）,ハブネーク,ハブネーク,外来生態レイヤーへ追加,T520,520ばんどうろ／すいどう,大量発生,Lv.42～49,通常0%／発生中20～35%,本編必須フラグを変更せず、外来生態フラグ・時間帯・DexNav・大量発生で制御,K06,6ばんどうろ,草むらオーバーレイ,Lv.75～80,通常表8～15%,ベガ初回殿堂入り後。認定章数でエリアと中間進化枠を段階解禁。,トーホクは本編で使える低～中レベル基礎種、カントーは高レベル個体・中間進化・隠れ特性探索を担当。,ベガ既存11枠を上書きせず、CFRU側の条件付きオーバーレイ／DexNav／大量発生へ登録,P2,トーホク野生生態,520ばんどうろ／すいどう,大量発生,通常0%／発生中20～35%,本編必須フラグを変更せず、外来生態フラグ・時間帯・DexNav・大量発生で制御,カントー高レベル野生生態,6ばんどうろ,草むらオーバーレイ,通常表8～15%,ベガ初回殿堂入り後。認定章数でエリアと中間進化枠を段階解禁。,通常系統は両地方で基礎種を捕獲可能。トーホクは早期育成、カントーは高レベル・隠れ特性・タマゴ技探索を担当。,V2二地方生態版／541系統配置マスター＋特殊個体イベントマスター
337,ルナトーン,lunatone,3,いわ／エスパー,171,人工・無機物,no,no,既存（トーホク図鑑204）,既存ベガ個体を保持,ベガ既存進行,ベガ既存地点,ベガ既存入手法,既存値,トーホク図鑑No.204。内部種族ID・図鑑登録・イベント参照を変更しない。,トーホク図鑑にも既存番号で登録,VEGA_NATIVE_204（実ROMから確定）,ルナトーン,ルナトーン,ベガ既存系統を完全保持,VEGA_NATIVE,ベガ既存地点（出現表・配布・進化を変更しない）,ベガ既存入手法,既存値,既存値,既存イベント・野生表・進化条件を原則維持。現代化で条件が壊れる場合のみ互換処理。,K27,おつきみやま,いわくだき／DexNav,Lv.73～80,通常0%／DexNav 2～5%,ベガ初回殿堂入り後。認定章数でエリアと中間進化枠を段階解禁。,トーホクではベガ既存個体を保護。カントーでは高レベル個体・隠れ特性・タマゴ技探索を担当。,既存テーブル無変更,P0,ベガ既存入手法を完全保持,ベガ既存地点,ベガ既存入手法,既存値,トーホク図鑑No.204。内部種族ID・図鑑登録・イベント参照を変更しない。,カントー高レベル野生生態,おつきみやま,いわくだき／DexNav,通常0%／DexNav 2～5%,ベガ初回殿堂入り後。認定章数でエリアと中間進化枠を段階解禁。,通常系統は両地方で基礎種を捕獲可能。トーホクは早期育成、カントーは高レベル・隠れ特性・タマゴ技探索を担当。,V2二地方生態版／541系統配置マスター＋特殊個体イベントマスター
338,ソルロック,solrock,3,いわ／エスパー,172,人工・無機物,no,no,既存（トーホク図鑑205）,既存ベガ個体を保持,ベガ既存進行,ベガ既存地点,ベガ既存入手法,既存値,トーホク図鑑No.205。内部種族ID・図鑑登録・イベント参照を変更しない。,トーホク図鑑にも既存番号で登録,VEGA_NATIVE_205（実ROMから確定）,ソルロック,ソルロック,ベガ既存系統を完全保持,VEGA_NATIVE,ベガ既存地点（出現表・配布・進化を変更しない）,ベガ既存入手法,既存値,既存値,既存イベント・野生表・進化条件を原則維持。現代化で条件が壊れる場合のみ互換処理。,K27,おつきみやま,いわくだき／DexNav,Lv.73～80,通常0%／DexNav 2～5%,ベガ初回殿堂入り後。認定章数でエリアと中間進化枠を段階解禁。,トーホクではベガ既存個体を保護。カントーでは高レベル個体・隠れ特性・タマゴ技探索を担当。,既存テーブル無変更,P0,ベガ既存入手法を完全保持,ベガ既存地点,ベガ既存入手法,既存値,トーホク図鑑No.205。内部種族ID・図鑑登録・イベント参照を変更しない。,カントー高レベル野生生態,おつきみやま,いわくだき／DexNav,通常0%／DexNav 2～5%,ベガ初回殿堂入り後。認定章数でエリアと中間進化枠を段階解禁。,通常系統は両地方で基礎種を捕獲可能。トーホクは早期育成、カントーは高レベル・隠れ特性・タマゴ技探索を担当。,V2二地方生態版／541系統配置マスター＋特殊個体イベントマスター
339,ドジョッチ,barboach,3,みず／じめん,173,通常生態,no,no,未収録・追加対象,新IDへ追加,殿堂入り後,かいていトンネル,釣り,8～12%,主に基礎形のみ出現。中間・最終進化は原則として育成で入手。時間帯・天候は生態チケットで任意固定可能。,全国研究図鑑へ登録（トーホク386完成条件には含めない）,NATIONAL_EXT_0339（新規16bit ID）,ドジョッチ,ドジョッチ → ナマズン,外来生態レイヤーへ追加,T512,512ばんどうろ／すいどう,釣りオーバーレイ,Lv.27～33,追加抽選4～8%,本編必須フラグを変更せず、外来生態フラグ・時間帯・DexNav・大量発生で制御,K21,21ばんどうろ,釣りオーバーレイ,Lv.89～94,通常表10～20%,ベガ初回殿堂入り後。認定章数でエリアと中間進化枠を段階解禁。,トーホクは本編で使える低～中レベル基礎種、カントーは高レベル個体・中間進化・隠れ特性探索を担当。,ベガ既存11枠を上書きせず、CFRU側の条件付きオーバーレイ／DexNav／大量発生へ登録,P2,トーホク野生生態,512ばんどうろ／すいどう,釣りオーバーレイ,追加抽選4～8%,本編必須フラグを変更せず、外来生態フラグ・時間帯・DexNav・大量発生で制御,カントー高レベル野生生態,21ばんどうろ,釣りオーバーレイ,通常表10～20%,ベガ初回殿堂入り後。認定章数でエリアと中間進化枠を段階解禁。,通常系統は両地方で基礎種を捕獲可能。トーホクは早期育成、カントーは高レベル・隠れ特性・タマゴ技探索を担当。,V2二地方生態版／541系統配置マスター＋特殊個体イベントマスター
340,ナマズン,whiscash,3,みず／じめん,173,通常生態,no,no,未収録・追加対象,新IDへ追加（進化入手）,殿堂入り後,かいていトンネル,進化,―,レベルアップ＋Lv.30以上（CFRU/DPEの対応トリガーを使用。通信・RTC必須にはしない）,全国研究図鑑へ登録（トーホク386完成条件には含めない）,NATIONAL_EXT_0340（新規16bit ID）,ドジョッチ,ドジョッチ → ナマズン,外来生態レイヤーへ追加,T512,512ばんどうろ／すいどう,釣りオーバーレイ,Lv.27～33,追加抽選4～8%,本編必須フラグを変更せず、外来生態フラグ・時間帯・DexNav・大量発生で制御,K21,21ばんどうろ,釣りオーバーレイ,Lv.89～94,通常表10～20%,ベガ初回殿堂入り後。認定章数でエリアと中間進化枠を段階解禁。,トーホクは本編で使える低～中レベル基礎種、カントーは高レベル個体・中間進化・隠れ特性探索を担当。,ベガ既存11枠を上書きせず、CFRU側の条件付きオーバーレイ／DexNav／大量発生へ登録,P2,ドジョッチをトーホクで捕獲して進化,512ばんどうろ／すいどう,進化／殿堂入り後DexNavで中間進化が稀に出現,通常野生は基礎種のみ,本編必須フラグを変更せず、外来生態フラグ・時間帯・DexNav・大量発生で制御,ドジョッチをカントーで捕獲して進化,21ばんどうろ,進化／認定章6個以降は中間進化がDexNav希少枠,通常野生は基礎種中心,ベガ初回殿堂入り後。認定章数でエリアと中間進化枠を段階解禁。,通常系統は両地方で基礎種を捕獲可能。トーホクは早期育成、カントーは高レベル・隠れ特性・タマゴ技探索を担当。,V2二地方生態版／541系統配置マスター＋特殊個体イベントマスター
341,ヘイガニ,corphish,3,みず,174,通常生態,no,no,未収録・追加対象,新IDへ追加,殿堂入り後,D・H異常生態区画（新規小部屋）,釣り,8～12%,主に基礎形のみ出現。中間・最終進化は原則として育成で入手。時間帯・天候は生態チケットで任意固定可能。,全国研究図鑑へ登録（トーホク386完成条件には含めない）,NATIONAL_EXT_0341（新規16bit ID）,ヘイガニ,ヘイガニ → シザリガー,外来生態レイヤーへ追加,T508,508ばんどうろ／すいどう,釣りオーバーレイ,Lv.19～25,追加抽選4～8%,本編必須フラグを変更せず、外来生態フラグ・時間帯・DexNav・大量発生で制御,K12,12ばんどうろ,釣りオーバーレイ,Lv.82～87,通常表10～20%,ベガ初回殿堂入り後。認定章数でエリアと中間進化枠を段階解禁。,トーホクは本編で使える低～中レベル基礎種、カントーは高レベル個体・中間進化・隠れ特性探索を担当。,ベガ既存11枠を上書きせず、CFRU側の条件付きオーバーレイ／DexNav／大量発生へ登録,P2,トーホク野生生態,508ばんどうろ／すいどう,釣りオーバーレイ,追加抽選4～8%,本編必須フラグを変更せず、外来生態フラグ・時間帯・DexNav・大量発生で制御,カントー高レベル野生生態,12ばんどうろ,釣りオーバーレイ,通常表10～20%,ベガ初回殿堂入り後。認定章数でエリアと中間進化枠を段階解禁。,通常系統は両地方で基礎種を捕獲可能。トーホクは早期育成、カントーは高レベル・隠れ特性・タマゴ技探索を担当。,V2二地方生態版／541系統配置マスター＋特殊個体イベントマスター
342,シザリガー,crawdaunt,3,みず／あく,174,通常生態,no,no,未収録・追加対象,新IDへ追加（進化入手）,殿堂入り後,D・H異常生態区画（新規小部屋）,進化,―,レベルアップ＋Lv.30以上（CFRU/DPEの対応トリガーを使用。通信・RTC必須にはしない）,全国研究図鑑へ登録（トーホク386完成条件には含めない）,NATIONAL_EXT_0342（新規16bit ID）,ヘイガニ,ヘイガニ → シザリガー,外来生態レイヤーへ追加,T508,508ばんどうろ／すいどう,釣りオーバーレイ,Lv.19～25,追加抽選4～8%,本編必須フラグを変更せず、外来生態フラグ・時間帯・DexNav・大量発生で制御,K12,12ばんどうろ,釣りオーバーレイ,Lv.82～87,通常表10～20%,ベガ初回殿堂入り後。認定章数でエリアと中間進化枠を段階解禁。,トーホクは本編で使える低～中レベル基礎種、カントーは高レベル個体・中間進化・隠れ特性探索を担当。,ベガ既存11枠を上書きせず、CFRU側の条件付きオーバーレイ／DexNav／大量発生へ登録,P2,ヘイガニをトーホクで捕獲して進化,508ばんどうろ／すいどう,進化／殿堂入り後DexNavで中間進化が稀に出現,通常野生は基礎種のみ,本編必須フラグを変更せず、外来生態フラグ・時間帯・DexNav・大量発生で制御,ヘイガニをカントーで捕獲して進化,12ばんどうろ,進化／認定章6個以降は中間進化がDexNav希少枠,通常野生は基礎種中心,ベガ初回殿堂入り後。認定章数でエリアと中間進化枠を段階解禁。,通常系統は両地方で基礎種を捕獲可能。トーホクは早期育成、カントーは高レベル・隠れ特性・タマゴ技探索を担当。,V2二地方生態版／541系統配置マスター＋特殊個体イベントマスター
343,ヤジロン,baltoy,3,じめん／エスパー,175,人工・無機物,no,no,未収録・追加対象,新IDへ追加,殿堂入り後,D・H異常生態区画（新規小部屋）,図鑑ナビ隠し枠,通常表0%／ナビ検索時1～5%,主に基礎形のみ出現。中間・最終進化は原則として育成で入手。時間帯・天候は生態チケットで任意固定可能。,全国研究図鑑へ登録（トーホク386完成条件には含めない）,NATIONAL_EXT_0343（新規16bit ID）,ヤジロン,ヤジロン → ネンドール,外来生態レイヤーへ追加,T034,D・Hビル,屋内異常遭遇／DexNav,Lv.42～55／殿堂入り後Lv.62～78,通常0%／DexNav 2～5%,本編必須フラグを変更せず、外来生態フラグ・時間帯・DexNav・大量発生で制御,K27,おつきみやま,いわくだき／DexNav,Lv.73～80,通常0%／DexNav 2～5%,ベガ初回殿堂入り後。認定章数でエリアと中間進化枠を段階解禁。,トーホクは本編で使える低～中レベル基礎種、カントーは高レベル個体・中間進化・隠れ特性探索を担当。,ベガ既存11枠を上書きせず、CFRU側の条件付きオーバーレイ／DexNav／大量発生へ登録,P2,トーホク野生生態,D・Hビル,屋内異常遭遇／DexNav,通常0%／DexNav 2～5%,本編必須フラグを変更せず、外来生態フラグ・時間帯・DexNav・大量発生で制御,カントー高レベル野生生態,おつきみやま,いわくだき／DexNav,通常0%／DexNav 2～5%,ベガ初回殿堂入り後。認定章数でエリアと中間進化枠を段階解禁。,通常系統は両地方で基礎種を捕獲可能。トーホクは早期育成、カントーは高レベル・隠れ特性・タマゴ技探索を担当。,V2二地方生態版／541系統配置マスター＋特殊個体イベントマスター
344,ネンドール,claydol,3,じめん／エスパー,175,人工・無機物,no,no,未収録・追加対象,新IDへ追加（進化入手）,殿堂入り後,D・H異常生態区画（新規小部屋）,進化,―,レベルアップ＋Lv.36以上（CFRU/DPEの対応トリガーを使用。通信・RTC必須にはしない）,全国研究図鑑へ登録（トーホク386完成条件には含めない）,NATIONAL_EXT_0344（新規16bit ID）,ヤジロン,ヤジロン → ネンドール,外来生態レイヤーへ追加,T034,D・Hビル,屋内異常遭遇／DexNav,Lv.42～55／殿堂入り後Lv.62～78,通常0%／DexNav 2～5%,本編必須フラグを変更せず、外来生態フラグ・時間帯・DexNav・大量発生で制御,K27,おつきみやま,いわくだき／DexNav,Lv.73～80,通常0%／DexNav 2～5%,ベガ初回殿堂入り後。認定章数でエリアと中間進化枠を段階解禁。,トーホクは本編で使える低～中レベル基礎種、カントーは高レベル個体・中間進化・隠れ特性探索を担当。,ベガ既存11枠を上書きせず、CFRU側の条件付きオーバーレイ／DexNav／大量発生へ登録,P2,ヤジロンをトーホクで捕獲して進化,D・Hビル,進化／殿堂入り後DexNavで中間進化が稀に出現,通常野生は基礎種のみ,本編必須フラグを変更せず、外来生態フラグ・時間帯・DexNav・大量発生で制御,ヤジロンをカントーで捕獲して進化,おつきみやま,進化／認定章6個以降は中間進化がDexNav希少枠,通常野生は基礎種中心,ベガ初回殿堂入り後。認定章数でエリアと中間進化枠を段階解禁。,通常系統は両地方で基礎種を捕獲可能。トーホクは早期育成、カントーは高レベル・隠れ特性・タマゴ技探索を担当。,V2二地方生態版／541系統配置マスター＋特殊個体イベントマスター
345,リリーラ,lileep,3,いわ／くさ,176,化石,no,no,既存（トーホク図鑑119）,既存ベガ個体を保持,ベガ既存進行,ベガ既存地点,ベガ既存入手法,既存値,トーホク図鑑No.119。内部種族ID・図鑑登録・イベント参照を変更しない。,トーホク図鑑にも既存番号で登録,VEGA_NATIVE_119（実ROMから確定）,リリーラ,リリーラ → ユレイドル,ベガ既存系統を完全保持,VEGA_NATIVE,ベガ既存地点（出現表・配布・進化を変更しない）,ベガ既存入手法,既存値,既存値,既存イベント・野生表・進化条件を原則維持。現代化で条件が壊れる場合のみ互換処理。,K30,イワヤマトンネル,いわくだき／DexNav,Lv.80～87,通常0%／DexNav 2～5%,ベガ初回殿堂入り後。認定章数でエリアと中間進化枠を段階解禁。,トーホクではベガ既存個体を保護。カントーでは高レベル個体・隠れ特性・タマゴ技探索を担当。,既存テーブル無変更,P0,ベガ既存入手法を完全保持,ベガ既存地点,ベガ既存入手法,既存値,トーホク図鑑No.119。内部種族ID・図鑑登録・イベント参照を変更しない。,カントー高レベル野生生態,イワヤマトンネル,いわくだき／DexNav,通常0%／DexNav 2～5%,ベガ初回殿堂入り後。認定章数でエリアと中間進化枠を段階解禁。,通常系統は両地方で基礎種を捕獲可能。トーホクは早期育成、カントーは高レベル・隠れ特性・タマゴ技探索を担当。,V2二地方生態版／541系統配置マスター＋特殊個体イベントマスター
346,ユレイドル,cradily,3,いわ／くさ,176,化石,no,no,既存（トーホク図鑑120）,既存ベガ個体を保持,ベガ既存進行,ベガ既存地点,ベガ既存入手法,既存値,トーホク図鑑No.120。内部種族ID・図鑑登録・イベント参照を変更しない。,トーホク図鑑にも既存番号で登録,VEGA_NATIVE_120（実ROMから確定）,リリーラ,リリーラ → ユレイドル,ベガ既存系統を完全保持,VEGA_NATIVE,ベガ既存地点（出現表・配布・進化を変更しない）,ベガ既存入手法,既存値,既存値,既存イベント・野生表・進化条件を原則維持。現代化で条件が壊れる場合のみ互換処理。,K30,イワヤマトンネル,いわくだき／DexNav,Lv.80～87,通常0%／DexNav 2～5%,ベガ初回殿堂入り後。認定章数でエリアと中間進化枠を段階解禁。,トーホクではベガ既存個体を保護。カントーでは高レベル個体・隠れ特性・タマゴ技探索を担当。,既存テーブル無変更,P0,ベガ既存入手法を完全保持,ベガ既存地点,ベガ既存入手法,既存値,トーホク図鑑No.120。内部種族ID・図鑑登録・イベント参照を変更しない。,リリーラをカントーで捕獲して進化,イワヤマトンネル,進化／認定章6個以降は中間進化がDexNav希少枠,通常野生は基礎種中心,ベガ初回殿堂入り後。認定章数でエリアと中間進化枠を段階解禁。,通常系統は両地方で基礎種を捕獲可能。トーホクは早期育成、カントーは高レベル・隠れ特性・タマゴ技探索を担当。,V2二地方生態版／541系統配置マスター＋特殊個体イベントマスター
347,アノプス,anorith,3,いわ／むし,177,化石,no,no,未収録・追加対象,新IDへ追加,殿堂入り（一部化石はバッジ5個）,ヒスイシティ考古学室（NPC追加）,化石・復元部品を納品,―,化石はちえのどうくつ／いわくだき／採掘依頼で反復入手。ガラル化石は2部品合成。,全国研究図鑑へ登録（トーホク386完成条件には含めない）,NATIONAL_EXT_0347（新規16bit ID）,アノプス,アノプス → アーマルド,化石復元追加,T_FOSSIL,ヒスイシティ考古学室,発掘片2個を納品して復元,Lv.20,反復採掘可,化石はちえのどうくつ／いわくだき／採掘依頼で反復入手。ガラル化石は2部品合成。,K45,グレン研究所,博物館鑑定後に復元,Lv.30,月石片／火山灰を消費して反復可,ベガ初回殿堂入り後。認定章数でエリアと中間進化枠を段階解禁。,トーホクは早期の復元、カントーは高個体値・隠れ特性の再復元を担当。,通常野生表には入れない,P2,ヒスイ考古学室で化石復元,ヒスイシティ考古学室,化石復元,各化石は探索・BPで再入手,化石はちえのどうくつ／いわくだき／採掘依頼で反復入手。ガラル化石は2部品合成。,ニビ博物館／グレン研究所で復元,グレン研究所,化石復元,認定章数に応じて化石追加,ベガ初回殿堂入り後。認定章数でエリアと中間進化枠を段階解禁。,通常系統は両地方で基礎種を捕獲可能。トーホクは早期育成、カントーは高レベル・隠れ特性・タマゴ技探索を担当。,V2二地方生態版／541系統配置マスター＋特殊個体イベントマスター
348,アーマルド,armaldo,3,いわ／むし,177,化石,no,no,未収録・追加対象,新IDへ追加（進化入手）,殿堂入り（一部化石はバッジ5個）,ヒスイシティ考古学室（NPC追加）,進化,―,レベルアップ＋Lv.40以上（CFRU/DPEの対応トリガーを使用。通信・RTC必須にはしない）,全国研究図鑑へ登録（トーホク386完成条件には含めない）,NATIONAL_EXT_0348（新規16bit ID）,アノプス,アノプス → アーマルド,化石復元追加,T_FOSSIL,ヒスイシティ考古学室,発掘片2個を納品して復元,Lv.20,反復採掘可,化石はちえのどうくつ／いわくだき／採掘依頼で反復入手。ガラル化石は2部品合成。,K45,グレン研究所,博物館鑑定後に復元,Lv.30,月石片／火山灰を消費して反復可,ベガ初回殿堂入り後。認定章数でエリアと中間進化枠を段階解禁。,トーホクは早期の復元、カントーは高個体値・隠れ特性の再復元を担当。,通常野生表には入れない,P2,アノプスを復元して進化,ヒスイシティ考古学室,進化,野生追加なし,化石はちえのどうくつ／いわくだき／採掘依頼で反復入手。ガラル化石は2部品合成。,アノプスを復元して進化,グレン研究所,進化,野生追加なし,ベガ初回殿堂入り後。認定章数でエリアと中間進化枠を段階解禁。,通常系統は両地方で基礎種を捕獲可能。トーホクは早期育成、カントーは高レベル・隠れ特性・タマゴ技探索を担当。,V2二地方生態版／541系統配置マスター＋特殊個体イベントマスター
349,ヒンバス,feebas,3,みず,178,通常生態,no,no,未収録・追加対象,新IDへ追加,殿堂入り後,サファリゾーン北,図鑑ナビ隠し枠,通常表0%／ナビ検索時1～5%,主に基礎形のみ出現。中間・最終進化は原則として育成で入手。時間帯・天候は生態チケットで任意固定可能。,全国研究図鑑へ登録（トーホク386完成条件には含めない）,NATIONAL_EXT_0349（新規16bit ID）,ヒンバス,ヒンバス → ミロカロス,外来生態レイヤーへ追加,T510,510ばんどうろ／すいどう,釣りオーバーレイ,Lv.24～30,追加抽選4～8%,本編必須フラグを変更せず、外来生態フラグ・時間帯・DexNav・大量発生で制御,K36,サファリゾーン北,釣りオーバーレイ,Lv.85～94,通常表10～20%,ベガ初回殿堂入り後。認定章数でエリアと中間進化枠を段階解禁。,トーホクは本編で使える低～中レベル基礎種、カントーは高レベル個体・中間進化・隠れ特性探索を担当。,ベガ既存11枠を上書きせず、CFRU側の条件付きオーバーレイ／DexNav／大量発生へ登録,P2,トーホク野生生態,510ばんどうろ／すいどう,釣りオーバーレイ,追加抽選4～8%,本編必須フラグを変更せず、外来生態フラグ・時間帯・DexNav・大量発生で制御,カントー高レベル野生生態,サファリゾーン北,釣りオーバーレイ,通常表10～20%,ベガ初回殿堂入り後。認定章数でエリアと中間進化枠を段階解禁。,通常系統は両地方で基礎種を捕獲可能。トーホクは早期育成、カントーは高レベル・隠れ特性・タマゴ技探索を担当。,V2二地方生態版／541系統配置マスター＋特殊個体イベントマスター
350,ミロカロス,milotic,3,みず,178,通常生態,no,no,未収録・追加対象,新IDへ追加（進化入手）,殿堂入り後,サファリゾーン北,進化,―,うつくしさはコンディション非依存にし、きれいなウロコ使用。,全国研究図鑑へ登録（トーホク386完成条件には含めない）,NATIONAL_EXT_0350（新規16bit ID）,ヒンバス,ヒンバス → ミロカロス,外来生態レイヤーへ追加,T510,510ばんどうろ／すいどう,釣りオーバーレイ,Lv.24～30,追加抽選4～8%,本編必須フラグを変更せず、外来生態フラグ・時間帯・DexNav・大量発生で制御,K36,サファリゾーン北,釣りオーバーレイ,Lv.85～94,通常表10～20%,ベガ初回殿堂入り後。認定章数でエリアと中間進化枠を段階解禁。,トーホクは本編で使える低～中レベル基礎種、カントーは高レベル個体・中間進化・隠れ特性探索を担当。,ベガ既存11枠を上書きせず、CFRU側の条件付きオーバーレイ／DexNav／大量発生へ登録,P2,ヒンバスをトーホクで捕獲して進化,510ばんどうろ／すいどう,進化／殿堂入り後DexNavで中間進化が稀に出現,通常野生は基礎種のみ,本編必須フラグを変更せず、外来生態フラグ・時間帯・DexNav・大量発生で制御,ヒンバスをカントーで捕獲して進化,サファリゾーン北,進化／認定章6個以降は中間進化がDexNav希少枠,通常野生は基礎種中心,ベガ初回殿堂入り後。認定章数でエリアと中間進化枠を段階解禁。,通常系統は両地方で基礎種を捕獲可能。トーホクは早期育成、カントーは高レベル・隠れ特性・タマゴ技探索を担当。,V2二地方生態版／541系統配置マスター＋特殊個体イベントマスター
351,ポワルン,castform,3,ノーマル,179,通常生態,no,no,未収録・追加対象,新IDへ追加,殿堂入り後,501ばんどうろ,図鑑ナビ隠し枠,通常表0%／ナビ検索時1～5%,主に基礎形のみ出現。中間・最終進化は原則として育成で入手。時間帯・天候は生態チケットで任意固定可能。,全国研究図鑑へ登録（トーホク386完成条件には含めない）,NATIONAL_EXT_0351（新規16bit ID）,ポワルン,ポワルン,外来生態レイヤーへ追加,T506,506ばんどうろ／すいどう,大量発生,Lv.12～17,通常0%／発生中20～35%,本編必須フラグを変更せず、外来生態フラグ・時間帯・DexNav・大量発生で制御,K16,16ばんどうろ,草むらオーバーレイ,Lv.81～86,通常表8～15%,ベガ初回殿堂入り後。認定章数でエリアと中間進化枠を段階解禁。,トーホクは本編で使える低～中レベル基礎種、カントーは高レベル個体・中間進化・隠れ特性探索を担当。,ベガ既存11枠を上書きせず、CFRU側の条件付きオーバーレイ／DexNav／大量発生へ登録,P2,トーホク野生生態,506ばんどうろ／すいどう,大量発生,通常0%／発生中20～35%,本編必須フラグを変更せず、外来生態フラグ・時間帯・DexNav・大量発生で制御,カントー高レベル野生生態,16ばんどうろ,草むらオーバーレイ,通常表8～15%,ベガ初回殿堂入り後。認定章数でエリアと中間進化枠を段階解禁。,通常系統は両地方で基礎種を捕獲可能。トーホクは早期育成、カントーは高レベル・隠れ特性・タマゴ技探索を担当。,V2二地方生態版／541系統配置マスター＋特殊個体イベントマスター
352,カクレオン,kecleon,3,ノーマル,180,通常生態,no,no,未収録・追加対象,新IDへ追加,殿堂入り後,517～520ばんどうろ,図鑑ナビ隠し枠,通常表0%／ナビ検索時1～5%,主に基礎形のみ出現。中間・最終進化は原則として育成で入手。時間帯・天候は生態チケットで任意固定可能。,全国研究図鑑へ登録（トーホク386完成条件には含めない）,NATIONAL_EXT_0352（新規16bit ID）,カクレオン,カクレオン,外来生態レイヤーへ追加,T503,503ばんどうろ／すいどう,草むらオーバーレイ,Lv.5～9,追加抽選3～6%,本編必須フラグを変更せず、外来生態フラグ・時間帯・DexNav・大量発生で制御,K05,5ばんどうろ,草むらオーバーレイ,Lv.74～79,通常表8～15%,ベガ初回殿堂入り後。認定章数でエリアと中間進化枠を段階解禁。,トーホクは本編で使える低～中レベル基礎種、カントーは高レベル個体・中間進化・隠れ特性探索を担当。,ベガ既存11枠を上書きせず、CFRU側の条件付きオーバーレイ／DexNav／大量発生へ登録,P2,トーホク野生生態,503ばんどうろ／すいどう,草むらオーバーレイ,追加抽選3～6%,本編必須フラグを変更せず、外来生態フラグ・時間帯・DexNav・大量発生で制御,カントー高レベル野生生態,5ばんどうろ,草むらオーバーレイ,通常表8～15%,ベガ初回殿堂入り後。認定章数でエリアと中間進化枠を段階解禁。,通常系統は両地方で基礎種を捕獲可能。トーホクは早期育成、カントーは高レベル・隠れ特性・タマゴ技探索を担当。,V2二地方生態版／541系統配置マスター＋特殊個体イベントマスター
353,カゲボウズ,shuppet,3,ゴースト,181,通常生態,no,no,既存（トーホク図鑑320）,既存ベガ個体を保持,ベガ既存進行,ベガ既存地点,ベガ既存入手法,既存値,トーホク図鑑No.320。内部種族ID・図鑑登録・イベント参照を変更しない。,トーホク図鑑にも既存番号で登録,VEGA_NATIVE_320（実ROMから確定）,カゲボウズ,カゲボウズ → ジュペッタ,ベガ既存系統を完全保持,VEGA_NATIVE,ベガ既存地点（出現表・配布・進化を変更しない）,ベガ既存入手法,既存値,既存値,既存イベント・野生表・進化条件を原則維持。現代化で条件が壊れる場合のみ互換処理。,K08,8ばんどうろ,夜間オーバーレイ,Lv.79～84,夜間8～12%,ベガ初回殿堂入り後。認定章数でエリアと中間進化枠を段階解禁。,トーホクではベガ既存個体を保護。カントーでは高レベル個体・隠れ特性・タマゴ技探索を担当。,既存テーブル無変更,P0,ベガ既存入手法を完全保持,ベガ既存地点,ベガ既存入手法,既存値,トーホク図鑑No.320。内部種族ID・図鑑登録・イベント参照を変更しない。,カントー高レベル野生生態,8ばんどうろ,夜間オーバーレイ,夜間8～12%,ベガ初回殿堂入り後。認定章数でエリアと中間進化枠を段階解禁。,通常系統は両地方で基礎種を捕獲可能。トーホクは早期育成、カントーは高レベル・隠れ特性・タマゴ技探索を担当。,V2二地方生態版／541系統配置マスター＋特殊個体イベントマスター
354,ジュペッタ,banette,3,ゴースト,181,通常生態,no,no,既存（トーホク図鑑321）,既存ベガ個体を保持,ベガ既存進行,ベガ既存地点,ベガ既存入手法,既存値,トーホク図鑑No.321。内部種族ID・図鑑登録・イベント参照を変更しない。,トーホク図鑑にも既存番号で登録,VEGA_NATIVE_321（実ROMから確定）,カゲボウズ,カゲボウズ → ジュペッタ,ベガ既存系統を完全保持,VEGA_NATIVE,ベガ既存地点（出現表・配布・進化を変更しない）,ベガ既存入手法,既存値,既存値,既存イベント・野生表・進化条件を原則維持。現代化で条件が壊れる場合のみ互換処理。,K08,8ばんどうろ,夜間オーバーレイ,Lv.79～84,夜間8～12%,ベガ初回殿堂入り後。認定章数でエリアと中間進化枠を段階解禁。,トーホクではベガ既存個体を保護。カントーでは高レベル個体・隠れ特性・タマゴ技探索を担当。,既存テーブル無変更,P0,ベガ既存入手法を完全保持,ベガ既存地点,ベガ既存入手法,既存値,トーホク図鑑No.321。内部種族ID・図鑑登録・イベント参照を変更しない。,カゲボウズをカントーで捕獲して進化,8ばんどうろ,進化／認定章6個以降は中間進化がDexNav希少枠,通常野生は基礎種中心,ベガ初回殿堂入り後。認定章数でエリアと中間進化枠を段階解禁。,通常系統は両地方で基礎種を捕獲可能。トーホクは早期育成、カントーは高レベル・隠れ特性・タマゴ技探索を担当。,V2二地方生態版／541系統配置マスター＋特殊個体イベントマスター
355,ヨマワル,duskull,3,ゴースト,182,通常生態,no,no,既存（トーホク図鑑267）,既存ベガ個体を保持,ベガ既存進行,ベガ既存地点,ベガ既存入手法,既存値,トーホク図鑑No.267。内部種族ID・図鑑登録・イベント参照を変更しない。,トーホク図鑑にも既存番号で登録,VEGA_NATIVE_267（実ROMから確定）,ヨマワル,ヨマワル → サマヨール → ヨノワール,ベガ既存系統を完全保持,VEGA_NATIVE,ベガ既存地点（出現表・配布・進化を変更しない）,ベガ既存入手法,既存値,既存値,既存イベント・野生表・進化条件を原則維持。現代化で条件が壊れる場合のみ互換処理。,K08,8ばんどうろ,夜間オーバーレイ,Lv.79～84,夜間8～12%,ベガ初回殿堂入り後。認定章数でエリアと中間進化枠を段階解禁。,トーホクではベガ既存個体を保護。カントーでは高レベル個体・隠れ特性・タマゴ技探索を担当。,既存テーブル無変更,P0,ベガ既存入手法を完全保持,ベガ既存地点,ベガ既存入手法,既存値,トーホク図鑑No.267。内部種族ID・図鑑登録・イベント参照を変更しない。,カントー高レベル野生生態,8ばんどうろ,夜間オーバーレイ,夜間8～12%,ベガ初回殿堂入り後。認定章数でエリアと中間進化枠を段階解禁。,通常系統は両地方で基礎種を捕獲可能。トーホクは早期育成、カントーは高レベル・隠れ特性・タマゴ技探索を担当。,V2二地方生態版／541系統配置マスター＋特殊個体イベントマスター
356,サマヨール,dusclops,3,ゴースト,182,通常生態,no,no,既存（トーホク図鑑268）,既存ベガ個体を保持,ベガ既存進行,ベガ既存地点,ベガ既存入手法,既存値,トーホク図鑑No.268。内部種族ID・図鑑登録・イベント参照を変更しない。,トーホク図鑑にも既存番号で登録,VEGA_NATIVE_268（実ROMから確定）,ヨマワル,ヨマワル → サマヨール → ヨノワール,ベガ既存系統を完全保持,VEGA_NATIVE,ベガ既存地点（出現表・配布・進化を変更しない）,ベガ既存入手法,既存値,既存値,既存イベント・野生表・進化条件を原則維持。現代化で条件が壊れる場合のみ互換処理。,K08,8ばんどうろ,夜間オーバーレイ,Lv.79～84,夜間8～12%,ベガ初回殿堂入り後。認定章数でエリアと中間進化枠を段階解禁。,トーホクではベガ既存個体を保護。カントーでは高レベル個体・隠れ特性・タマゴ技探索を担当。,既存テーブル無変更,P0,ベガ既存入手法を完全保持,ベガ既存地点,ベガ既存入手法,既存値,トーホク図鑑No.268。内部種族ID・図鑑登録・イベント参照を変更しない。,ヨマワルをカントーで捕獲して進化,8ばんどうろ,進化／認定章6個以降は中間進化がDexNav希少枠,通常野生は基礎種中心,ベガ初回殿堂入り後。認定章数でエリアと中間進化枠を段階解禁。,通常系統は両地方で基礎種を捕獲可能。トーホクは早期育成、カントーは高レベル・隠れ特性・タマゴ技探索を担当。,V2二地方生態版／541系統配置マスター＋特殊個体イベントマスター
357,トロピウス,tropius,3,くさ／ひこう,183,通常生態,no,no,既存（トーホク図鑑074）,既存ベガ個体を保持,ベガ既存進行,ベガ既存地点,ベガ既存入手法,既存値,トーホク図鑑No.074。内部種族ID・図鑑登録・イベント参照を変更しない。,トーホク図鑑にも既存番号で登録,VEGA_NATIVE_074（実ROMから確定）,トロピウス,トロピウス,ベガ既存系統を完全保持,VEGA_NATIVE,ベガ既存地点（出現表・配布・進化を変更しない）,ベガ既存入手法,既存値,既存値,既存イベント・野生表・進化条件を原則維持。現代化で条件が壊れる場合のみ互換処理。,K24,24ばんどうろ,草むらオーバーレイ,Lv.74～79,通常表8～15%,ベガ初回殿堂入り後。認定章数でエリアと中間進化枠を段階解禁。,トーホクではベガ既存個体を保護。カントーでは高レベル個体・隠れ特性・タマゴ技探索を担当。,既存テーブル無変更,P0,ベガ既存入手法を完全保持,ベガ既存地点,ベガ既存入手法,既存値,トーホク図鑑No.074。内部種族ID・図鑑登録・イベント参照を変更しない。,カントー高レベル野生生態,24ばんどうろ,草むらオーバーレイ,通常表8～15%,ベガ初回殿堂入り後。認定章数でエリアと中間進化枠を段階解禁。,通常系統は両地方で基礎種を捕獲可能。トーホクは早期育成、カントーは高レベル・隠れ特性・タマゴ技探索を担当。,V2二地方生態版／541系統配置マスター＋特殊個体イベントマスター
358,チリーン,chimecho,3,エスパー,184,ベビィ含有,no,no,未収録・追加対象,新IDへ追加（進化入手）,殿堂入り後,ときのようかん,進化,―,レベルアップ＋夜＋なつき度220以上（CFRU/DPEの対応トリガーを使用。通信・RTC必須にはしない）,全国研究図鑑へ登録（トーホク386完成条件には含めない）,NATIONAL_EXT_0358（新規16bit ID）,リーシャン,リーシャン → チリーン,外来生態レイヤーへ追加,T034,D・Hビル,DexNav隠し枠／低確率タマゴ,Lv.42～55／殿堂入り後Lv.62～78,通常0%／DexNav 2～5%,本編必須フラグを変更せず、外来生態フラグ・時間帯・DexNav・大量発生で制御,K41,シルフカンパニー,DexNav隠し枠／低確率タマゴ,Lv.90～97（異常遭遇）,通常0%／DexNav 2～5%,ベガ初回殿堂入り後。認定章数でエリアと中間進化枠を段階解禁。,トーホクは本編で使える低～中レベル基礎種、カントーは高レベル個体・中間進化・隠れ特性探索を担当。,ベガ既存11枠を上書きせず、CFRU側の条件付きオーバーレイ／DexNav／大量発生へ登録,P2,リーシャンをトーホクで捕獲して進化,D・Hビル,進化／殿堂入り後DexNavで中間進化が稀に出現,通常野生は基礎種のみ,本編必須フラグを変更せず、外来生態フラグ・時間帯・DexNav・大量発生で制御,リーシャンをカントーで捕獲して進化,シルフカンパニー,進化／認定章6個以降は中間進化がDexNav希少枠,通常野生は基礎種中心,ベガ初回殿堂入り後。認定章数でエリアと中間進化枠を段階解禁。,通常系統は両地方で基礎種を捕獲可能。トーホクは早期育成、カントーは高レベル・隠れ特性・タマゴ技探索を担当。,V2二地方生態版／541系統配置マスター＋特殊個体イベントマスター
359,アブソル,absol,3,あく,185,通常生態,no,no,既存（トーホク図鑑052）,既存ベガ個体を保持,ベガ既存進行,ベガ既存地点,ベガ既存入手法,既存値,トーホク図鑑No.052。内部種族ID・図鑑登録・イベント参照を変更しない。,トーホク図鑑にも既存番号で登録,VEGA_NATIVE_052（実ROMから確定）,アブソル,アブソル,ベガ既存系統を完全保持,VEGA_NATIVE,ベガ既存地点（出現表・配布・進化を変更しない）,ベガ既存入手法,既存値,既存値,既存イベント・野生表・進化条件を原則維持。現代化で条件が壊れる場合のみ互換処理。,K08,8ばんどうろ,夜間オーバーレイ,Lv.79～84,夜間8～12%,ベガ初回殿堂入り後。認定章数でエリアと中間進化枠を段階解禁。,トーホクではベガ既存個体を保護。カントーでは高レベル個体・隠れ特性・タマゴ技探索を担当。,既存テーブル無変更,P0,ベガ既存入手法を完全保持,ベガ既存地点,ベガ既存入手法,既存値,トーホク図鑑No.052。内部種族ID・図鑑登録・イベント参照を変更しない。,カントー高レベル野生生態,8ばんどうろ,夜間オーバーレイ,夜間8～12%,ベガ初回殿堂入り後。認定章数でエリアと中間進化枠を段階解禁。,通常系統は両地方で基礎種を捕獲可能。トーホクは早期育成、カントーは高レベル・隠れ特性・タマゴ技探索を担当。,V2二地方生態版／541系統配置マスター＋特殊個体イベントマスター
360,ソーナノ,wynaut,3,エスパー,100,ベビィ含有,no,no,未収録・追加対象,新IDへ追加,殿堂入り後,スフィアいせき,時間帯オーバーレイ,8～12%,主に基礎形のみ出現。中間・最終進化は原則として育成で入手。時間帯・天候は生態チケットで任意固定可能。,全国研究図鑑へ登録（トーホク386完成条件には含めない）,NATIONAL_EXT_0360（新規16bit ID）,ソーナノ,ソーナノ → ソーナンス,外来生態レイヤーへ追加,T034,D・Hビル,DexNav隠し枠／低確率タマゴ,Lv.42～55／殿堂入り後Lv.62～78,通常0%／DexNav 2～5%,本編必須フラグを変更せず、外来生態フラグ・時間帯・DexNav・大量発生で制御,K41,シルフカンパニー,DexNav隠し枠／低確率タマゴ,Lv.90～97（異常遭遇）,通常0%／DexNav 2～5%,ベガ初回殿堂入り後。認定章数でエリアと中間進化枠を段階解禁。,トーホクは本編で使える低～中レベル基礎種、カントーは高レベル個体・中間進化・隠れ特性探索を担当。,ベガ既存11枠を上書きせず、CFRU側の条件付きオーバーレイ／DexNav／大量発生へ登録,P2,トーホク野生生態,D・Hビル,DexNav隠し枠／低確率タマゴ,通常0%／DexNav 2～5%,本編必須フラグを変更せず、外来生態フラグ・時間帯・DexNav・大量発生で制御,カントー高レベル野生生態,シルフカンパニー,DexNav隠し枠／低確率タマゴ,通常0%／DexNav 2～5%,ベガ初回殿堂入り後。認定章数でエリアと中間進化枠を段階解禁。,通常系統は両地方で基礎種を捕獲可能。トーホクは早期育成、カントーは高レベル・隠れ特性・タマゴ技探索を担当。,V2二地方生態版／541系統配置マスター＋特殊個体イベントマスター
361,ユキワラシ,snorunt,3,こおり,186,通常生態,no,no,未収録・追加対象,新IDへ追加,殿堂入り後,ユキユキやま,夜間オーバーレイ,8～12%,主に基礎形のみ出現。中間・最終進化は原則として育成で入手。時間帯・天候は生態チケットで任意固定可能。,全国研究図鑑へ登録（トーホク386完成条件には含めない）,NATIONAL_EXT_0361（新規16bit ID）,ユキワラシ,ユキワラシ → オニゴーリ → ユキメノコ,外来生態レイヤーへ追加,T516,516ばんどうろ／すいどう,夜間オーバーレイ,Lv.35～42,追加抽選3～6%,本編必須フラグを変更せず、外来生態フラグ・時間帯・DexNav・大量発生で制御,K31,ポケモンタワー,夜間オーバーレイ,Lv.82～90,夜間8～12%,ベガ初回殿堂入り後。認定章数でエリアと中間進化枠を段階解禁。,トーホクは本編で使える低～中レベル基礎種、カントーは高レベル個体・中間進化・隠れ特性探索を担当。,ベガ既存11枠を上書きせず、CFRU側の条件付きオーバーレイ／DexNav／大量発生へ登録,P2,トーホク野生生態,516ばんどうろ／すいどう,夜間オーバーレイ,追加抽選3～6%,本編必須フラグを変更せず、外来生態フラグ・時間帯・DexNav・大量発生で制御,カントー高レベル野生生態,ポケモンタワー,夜間オーバーレイ,夜間8～12%,ベガ初回殿堂入り後。認定章数でエリアと中間進化枠を段階解禁。,通常系統は両地方で基礎種を捕獲可能。トーホクは早期育成、カントーは高レベル・隠れ特性・タマゴ技探索を担当。,V2二地方生態版／541系統配置マスター＋特殊個体イベントマスター
362,オニゴーリ,glalie,3,こおり,186,通常生態,no,no,未収録・追加対象,新IDへ追加（進化入手）,殿堂入り後,ユキユキやま,進化,―,レベルアップ＋Lv.42以上（CFRU/DPEの対応トリガーを使用。通信・RTC必須にはしない）,全国研究図鑑へ登録（トーホク386完成条件には含めない）,NATIONAL_EXT_0362（新規16bit ID）,ユキワラシ,ユキワラシ → オニゴーリ → ユキメノコ,外来生態レイヤーへ追加,T516,516ばんどうろ／すいどう,夜間オーバーレイ,Lv.35～42,追加抽選3～6%,本編必須フラグを変更せず、外来生態フラグ・時間帯・DexNav・大量発生で制御,K31,ポケモンタワー,夜間オーバーレイ,Lv.82～90,夜間8～12%,ベガ初回殿堂入り後。認定章数でエリアと中間進化枠を段階解禁。,トーホクは本編で使える低～中レベル基礎種、カントーは高レベル個体・中間進化・隠れ特性探索を担当。,ベガ既存11枠を上書きせず、CFRU側の条件付きオーバーレイ／DexNav／大量発生へ登録,P2,ユキワラシをトーホクで捕獲して進化,516ばんどうろ／すいどう,進化／殿堂入り後DexNavで中間進化が稀に出現,通常野生は基礎種のみ,本編必須フラグを変更せず、外来生態フラグ・時間帯・DexNav・大量発生で制御,ユキワラシをカントーで捕獲して進化,ポケモンタワー,進化／認定章6個以降は中間進化がDexNav希少枠,通常野生は基礎種中心,ベガ初回殿堂入り後。認定章数でエリアと中間進化枠を段階解禁。,通常系統は両地方で基礎種を捕獲可能。トーホクは早期育成、カントーは高レベル・隠れ特性・タマゴ技探索を担当。,V2二地方生態版／541系統配置マスター＋特殊個体イベントマスター
363,タマザラシ,spheal,3,こおり／みず,187,通常生態,no,no,既存（トーホク図鑑078）,既存ベガ個体を保持,ベガ既存進行,ベガ既存地点,ベガ既存入手法,既存値,トーホク図鑑No.078。内部種族ID・図鑑登録・イベント参照を変更しない。,トーホク図鑑にも既存番号で登録,VEGA_NATIVE_078（実ROMから確定）,タマザラシ,タマザラシ → トドグラー → トドゼルガ,ベガ既存系統を完全保持,VEGA_NATIVE,ベガ既存地点（出現表・配布・進化を変更しない）,ベガ既存入手法,既存値,既存値,既存イベント・野生表・進化条件を原則維持。現代化で条件が壊れる場合のみ互換処理。,K20,20ばんどうろ,釣りオーバーレイ,Lv.88～93,通常表10～20%,ベガ初回殿堂入り後。認定章数でエリアと中間進化枠を段階解禁。,トーホクではベガ既存個体を保護。カントーでは高レベル個体・隠れ特性・タマゴ技探索を担当。,既存テーブル無変更,P0,ベガ既存入手法を完全保持,ベガ既存地点,ベガ既存入手法,既存値,トーホク図鑑No.078。内部種族ID・図鑑登録・イベント参照を変更しない。,カントー高レベル野生生態,20ばんどうろ,釣りオーバーレイ,通常表10～20%,ベガ初回殿堂入り後。認定章数でエリアと中間進化枠を段階解禁。,通常系統は両地方で基礎種を捕獲可能。トーホクは早期育成、カントーは高レベル・隠れ特性・タマゴ技探索を担当。,V2二地方生態版／541系統配置マスター＋特殊個体イベントマスター
364,トドグラー,sealeo,3,こおり／みず,187,通常生態,no,no,既存（トーホク図鑑079）,既存ベガ個体を保持,ベガ既存進行,ベガ既存地点,ベガ既存入手法,既存値,トーホク図鑑No.079。内部種族ID・図鑑登録・イベント参照を変更しない。,トーホク図鑑にも既存番号で登録,VEGA_NATIVE_079（実ROMから確定）,タマザラシ,タマザラシ → トドグラー → トドゼルガ,ベガ既存系統を完全保持,VEGA_NATIVE,ベガ既存地点（出現表・配布・進化を変更しない）,ベガ既存入手法,既存値,既存値,既存イベント・野生表・進化条件を原則維持。現代化で条件が壊れる場合のみ互換処理。,K20,20ばんどうろ,釣りオーバーレイ,Lv.88～93,通常表10～20%,ベガ初回殿堂入り後。認定章数でエリアと中間進化枠を段階解禁。,トーホクではベガ既存個体を保護。カントーでは高レベル個体・隠れ特性・タマゴ技探索を担当。,既存テーブル無変更,P0,ベガ既存入手法を完全保持,ベガ既存地点,ベガ既存入手法,既存値,トーホク図鑑No.079。内部種族ID・図鑑登録・イベント参照を変更しない。,タマザラシをカントーで捕獲して進化,20ばんどうろ,進化／認定章6個以降は中間進化がDexNav希少枠,通常野生は基礎種中心,ベガ初回殿堂入り後。認定章数でエリアと中間進化枠を段階解禁。,通常系統は両地方で基礎種を捕獲可能。トーホクは早期育成、カントーは高レベル・隠れ特性・タマゴ技探索を担当。,V2二地方生態版／541系統配置マスター＋特殊個体イベントマスター
365,トドゼルガ,walrein,3,こおり／みず,187,通常生態,no,no,既存（トーホク図鑑080）,既存ベガ個体を保持,ベガ既存進行,ベガ既存地点,ベガ既存入手法,既存値,トーホク図鑑No.080。内部種族ID・図鑑登録・イベント参照を変更しない。,トーホク図鑑にも既存番号で登録,VEGA_NATIVE_080（実ROMから確定）,タマザラシ,タマザラシ → トドグラー → トドゼルガ,ベガ既存系統を完全保持,VEGA_NATIVE,ベガ既存地点（出現表・配布・進化を変更しない）,ベガ既存入手法,既存値,既存値,既存イベント・野生表・進化条件を原則維持。現代化で条件が壊れる場合のみ互換処理。,K20,20ばんどうろ,釣りオーバーレイ,Lv.88～93,通常表10～20%,ベガ初回殿堂入り後。認定章数でエリアと中間進化枠を段階解禁。,トーホクではベガ既存個体を保護。カントーでは高レベル個体・隠れ特性・タマゴ技探索を担当。,既存テーブル無変更,P0,ベガ既存入手法を完全保持,ベガ既存地点,ベガ既存入手法,既存値,トーホク図鑑No.080。内部種族ID・図鑑登録・イベント参照を変更しない。,タマザラシをカントーで捕獲して進化,20ばんどうろ,進化／認定章6個以降は中間進化がDexNav希少枠,通常野生は基礎種中心,ベガ初回殿堂入り後。認定章数でエリアと中間進化枠を段階解禁。,通常系統は両地方で基礎種を捕獲可能。トーホクは早期育成、カントーは高レベル・隠れ特性・タマゴ技探索を担当。,V2二地方生態版／541系統配置マスター＋特殊個体イベントマスター
366,パールル,clamperl,3,みず,188,通常生態,no,no,未収録・追加対象,新IDへ追加,殿堂入り後,シオウ近海,釣り,8～12%,主に基礎形のみ出現。中間・最終進化は原則として育成で入手。時間帯・天候は生態チケットで任意固定可能。,全国研究図鑑へ登録（トーホク386完成条件には含めない）,NATIONAL_EXT_0366（新規16bit ID）,パールル,パールル → ハンテール → サクラビス,外来生態レイヤーへ追加,T512,512ばんどうろ／すいどう,水上オーバーレイ,Lv.27～33,追加抽選4～8%,本編必須フラグを変更せず、外来生態フラグ・時間帯・DexNav・大量発生で制御,K13,13ばんどうろ,水上オーバーレイ,Lv.83～88,通常表10～20%,ベガ初回殿堂入り後。認定章数でエリアと中間進化枠を段階解禁。,トーホクは本編で使える低～中レベル基礎種、カントーは高レベル個体・中間進化・隠れ特性探索を担当。,ベガ既存11枠を上書きせず、CFRU側の条件付きオーバーレイ／DexNav／大量発生へ登録,P2,トーホク野生生態,512ばんどうろ／すいどう,水上オーバーレイ,追加抽選4～8%,本編必須フラグを変更せず、外来生態フラグ・時間帯・DexNav・大量発生で制御,カントー高レベル野生生態,13ばんどうろ,水上オーバーレイ,通常表10～20%,ベガ初回殿堂入り後。認定章数でエリアと中間進化枠を段階解禁。,通常系統は両地方で基礎種を捕獲可能。トーホクは早期育成、カントーは高レベル・隠れ特性・タマゴ技探索を担当。,V2二地方生態版／541系統配置マスター＋特殊個体イベントマスター
367,ハンテール,huntail,3,みず,188,通常生態,no,no,未収録・追加対象,新IDへ追加（進化入手）,殿堂入り後,シオウ近海,進化,―,しんかいのキバを持たせて「つながりのヒモ」を使用。NPC交換でも進化可。,全国研究図鑑へ登録（トーホク386完成条件には含めない）,NATIONAL_EXT_0367（新規16bit ID）,パールル,パールル → ハンテール → サクラビス,外来生態レイヤーへ追加,T512,512ばんどうろ／すいどう,水上オーバーレイ,Lv.27～33,追加抽選4～8%,本編必須フラグを変更せず、外来生態フラグ・時間帯・DexNav・大量発生で制御,K13,13ばんどうろ,水上オーバーレイ,Lv.83～88,通常表10～20%,ベガ初回殿堂入り後。認定章数でエリアと中間進化枠を段階解禁。,トーホクは本編で使える低～中レベル基礎種、カントーは高レベル個体・中間進化・隠れ特性探索を担当。,ベガ既存11枠を上書きせず、CFRU側の条件付きオーバーレイ／DexNav／大量発生へ登録,P2,パールルをトーホクで捕獲して進化,512ばんどうろ／すいどう,進化／殿堂入り後DexNavで中間進化が稀に出現,通常野生は基礎種のみ,本編必須フラグを変更せず、外来生態フラグ・時間帯・DexNav・大量発生で制御,パールルをカントーで捕獲して進化,13ばんどうろ,進化／認定章6個以降は中間進化がDexNav希少枠,通常野生は基礎種中心,ベガ初回殿堂入り後。認定章数でエリアと中間進化枠を段階解禁。,通常系統は両地方で基礎種を捕獲可能。トーホクは早期育成、カントーは高レベル・隠れ特性・タマゴ技探索を担当。,V2二地方生態版／541系統配置マスター＋特殊個体イベントマスター
368,サクラビス,gorebyss,3,みず,188,通常生態,no,no,未収録・追加対象,新IDへ追加（進化入手）,殿堂入り後,シオウ近海,進化,―,しんかいのウロコを持たせて「つながりのヒモ」を使用。NPC交換でも進化可。,全国研究図鑑へ登録（トーホク386完成条件には含めない）,NATIONAL_EXT_0368（新規16bit ID）,パールル,パールル → ハンテール → サクラビス,外来生態レイヤーへ追加,T512,512ばんどうろ／すいどう,水上オーバーレイ,Lv.27～33,追加抽選4～8%,本編必須フラグを変更せず、外来生態フラグ・時間帯・DexNav・大量発生で制御,K13,13ばんどうろ,水上オーバーレイ,Lv.83～88,通常表10～20%,ベガ初回殿堂入り後。認定章数でエリアと中間進化枠を段階解禁。,トーホクは本編で使える低～中レベル基礎種、カントーは高レベル個体・中間進化・隠れ特性探索を担当。,ベガ既存11枠を上書きせず、CFRU側の条件付きオーバーレイ／DexNav／大量発生へ登録,P2,パールルをトーホクで捕獲して進化,512ばんどうろ／すいどう,進化／殿堂入り後DexNavで中間進化が稀に出現,通常野生は基礎種のみ,本編必須フラグを変更せず、外来生態フラグ・時間帯・DexNav・大量発生で制御,パールルをカントーで捕獲して進化,13ばんどうろ,進化／認定章6個以降は中間進化がDexNav希少枠,通常野生は基礎種中心,ベガ初回殿堂入り後。認定章数でエリアと中間進化枠を段階解禁。,通常系統は両地方で基礎種を捕獲可能。トーホクは早期育成、カントーは高レベル・隠れ特性・タマゴ技探索を担当。,V2二地方生態版／541系統配置マスター＋特殊個体イベントマスター
369,ジーランス,relicanth,3,みず／いわ,189,通常生態,no,no,既存（トーホク図鑑278）,既存ベガ個体を保持,ベガ既存進行,ベガ既存地点,ベガ既存入手法,既存値,トーホク図鑑No.278。内部種族ID・図鑑登録・イベント参照を変更しない。,トーホク図鑑にも既存番号で登録,VEGA_NATIVE_278（実ROMから確定）,ジーランス,ジーランス,ベガ既存系統を完全保持,VEGA_NATIVE,ベガ既存地点（出現表・配布・進化を変更しない）,ベガ既存入手法,既存値,既存値,既存イベント・野生表・進化条件を原則維持。現代化で条件が壊れる場合のみ互換処理。,K21,21ばんどうろ,釣りオーバーレイ,Lv.89～94,通常表10～20%,ベガ初回殿堂入り後。認定章数でエリアと中間進化枠を段階解禁。,トーホクではベガ既存個体を保護。カントーでは高レベル個体・隠れ特性・タマゴ技探索を担当。,既存テーブル無変更,P0,ベガ既存入手法を完全保持,ベガ既存地点,ベガ既存入手法,既存値,トーホク図鑑No.278。内部種族ID・図鑑登録・イベント参照を変更しない。,カントー高レベル野生生態,21ばんどうろ,釣りオーバーレイ,通常表10～20%,ベガ初回殿堂入り後。認定章数でエリアと中間進化枠を段階解禁。,通常系統は両地方で基礎種を捕獲可能。トーホクは早期育成、カントーは高レベル・隠れ特性・タマゴ技探索を担当。,V2二地方生態版／541系統配置マスター＋特殊個体イベントマスター
370,ラブカス,luvdisc,3,みず,190,通常生態,no,no,既存（トーホク図鑑337）,既存ベガ個体を保持,ベガ既存進行,ベガ既存地点,ベガ既存入手法,既存値,トーホク図鑑No.337。内部種族ID・図鑑登録・イベント参照を変更しない。,トーホク図鑑にも既存番号で登録,VEGA_NATIVE_337（実ROMから確定）,ラブカス,ラブカス,ベガ既存系統を完全保持,VEGA_NATIVE,ベガ既存地点（出現表・配布・進化を変更しない）,ベガ既存入手法,既存値,既存値,既存イベント・野生表・進化条件を原則維持。現代化で条件が壊れる場合のみ互換処理。,K15,15ばんどうろ,釣りオーバーレイ,Lv.85～90,通常表10～20%,ベガ初回殿堂入り後。認定章数でエリアと中間進化枠を段階解禁。,トーホクではベガ既存個体を保護。カントーでは高レベル個体・隠れ特性・タマゴ技探索を担当。,既存テーブル無変更,P0,ベガ既存入手法を完全保持,ベガ既存地点,ベガ既存入手法,既存値,トーホク図鑑No.337。内部種族ID・図鑑登録・イベント参照を変更しない。,カントー高レベル野生生態,15ばんどうろ,釣りオーバーレイ,通常表10～20%,ベガ初回殿堂入り後。認定章数でエリアと中間進化枠を段階解禁。,通常系統は両地方で基礎種を捕獲可能。トーホクは早期育成、カントーは高レベル・隠れ特性・タマゴ技探索を担当。,V2二地方生態版／541系統配置マスター＋特殊個体イベントマスター
371,タツベイ,bagon,3,ドラゴン,191,600族,no,no,未収録・追加対象,新IDへ追加,殿堂入り後,521～523ばんどうろ,図鑑ナビ隠し枠,通常表0%／ナビ検索時1～5%,主に基礎形のみ出現。中間・最終進化は原則として育成で入手。時間帯・天候は生態チケットで任意固定可能。,全国研究図鑑へ登録（トーホク386完成条件には含めない）,NATIONAL_EXT_0371（新規16bit ID）,タツベイ,タツベイ → コモルー → ボーマンダ,外来生態レイヤーへ追加,T523,523ばんどうろ／すいどう,DexNav隠し枠,Lv.55～65,通常0%／DexNav 1～2%,本編必須フラグを変更せず、外来生態フラグ・時間帯・DexNav・大量発生で制御,K23,23ばんどうろ,DexNav隠し枠,Lv.92～98,通常0%／DexNav 1～2%,ベガ初回殿堂入り後。認定章数でエリアと中間進化枠を段階解禁。,トーホクは本編で使える低～中レベル基礎種、カントーは高レベル個体・中間進化・隠れ特性探索を担当。,ベガ既存11枠を上書きせず、CFRU側の条件付きオーバーレイ／DexNav／大量発生へ登録,P2,トーホク野生生態,523ばんどうろ／すいどう,DexNav隠し枠,通常0%／DexNav 1～2%,本編必須フラグを変更せず、外来生態フラグ・時間帯・DexNav・大量発生で制御,カントー高レベル野生生態,23ばんどうろ,DexNav隠し枠,通常0%／DexNav 1～2%,ベガ初回殿堂入り後。認定章数でエリアと中間進化枠を段階解禁。,通常系統は両地方で基礎種を捕獲可能。トーホクは早期育成、カントーは高レベル・隠れ特性・タマゴ技探索を担当。,V2二地方生態版／541系統配置マスター＋特殊個体イベントマスター
372,コモルー,shelgon,3,ドラゴン,191,600族,no,no,未収録・追加対象,新IDへ追加（進化入手）,殿堂入り後,521～523ばんどうろ,進化,―,レベルアップ＋Lv.30以上（CFRU/DPEの対応トリガーを使用。通信・RTC必須にはしない）,全国研究図鑑へ登録（トーホク386完成条件には含めない）,NATIONAL_EXT_0372（新規16bit ID）,タツベイ,タツベイ → コモルー → ボーマンダ,外来生態レイヤーへ追加,T523,523ばんどうろ／すいどう,DexNav隠し枠,Lv.55～65,通常0%／DexNav 1～2%,本編必須フラグを変更せず、外来生態フラグ・時間帯・DexNav・大量発生で制御,K23,23ばんどうろ,DexNav隠し枠,Lv.92～98,通常0%／DexNav 1～2%,ベガ初回殿堂入り後。認定章数でエリアと中間進化枠を段階解禁。,トーホクは本編で使える低～中レベル基礎種、カントーは高レベル個体・中間進化・隠れ特性探索を担当。,ベガ既存11枠を上書きせず、CFRU側の条件付きオーバーレイ／DexNav／大量発生へ登録,P2,タツベイをトーホクで捕獲して進化,523ばんどうろ／すいどう,進化／殿堂入り後DexNavで中間進化が稀に出現,通常野生は基礎種のみ,本編必須フラグを変更せず、外来生態フラグ・時間帯・DexNav・大量発生で制御,タツベイをカントーで捕獲して進化,23ばんどうろ,進化／認定章6個以降は中間進化がDexNav希少枠,通常野生は基礎種中心,ベガ初回殿堂入り後。認定章数でエリアと中間進化枠を段階解禁。,通常系統は両地方で基礎種を捕獲可能。トーホクは早期育成、カントーは高レベル・隠れ特性・タマゴ技探索を担当。,V2二地方生態版／541系統配置マスター＋特殊個体イベントマスター
373,ボーマンダ,salamence,3,ドラゴン／ひこう,191,600族,no,no,未収録・追加対象,新IDへ追加（進化入手）,殿堂入り後,521～523ばんどうろ,進化,―,レベルアップ＋Lv.50以上（CFRU/DPEの対応トリガーを使用。通信・RTC必須にはしない）,全国研究図鑑へ登録（トーホク386完成条件には含めない）,NATIONAL_EXT_0373（新規16bit ID）,タツベイ,タツベイ → コモルー → ボーマンダ,外来生態レイヤーへ追加,T523,523ばんどうろ／すいどう,DexNav隠し枠,Lv.55～65,通常0%／DexNav 1～2%,本編必須フラグを変更せず、外来生態フラグ・時間帯・DexNav・大量発生で制御,K23,23ばんどうろ,DexNav隠し枠,Lv.92～98,通常0%／DexNav 1～2%,ベガ初回殿堂入り後。認定章数でエリアと中間進化枠を段階解禁。,トーホクは本編で使える低～中レベル基礎種、カントーは高レベル個体・中間進化・隠れ特性探索を担当。,ベガ既存11枠を上書きせず、CFRU側の条件付きオーバーレイ／DexNav／大量発生へ登録,P2,タツベイをトーホクで捕獲して進化,523ばんどうろ／すいどう,進化／殿堂入り後DexNavで中間進化が稀に出現,通常野生は基礎種のみ,本編必須フラグを変更せず、外来生態フラグ・時間帯・DexNav・大量発生で制御,タツベイをカントーで捕獲して進化,23ばんどうろ,進化／認定章6個以降は中間進化がDexNav希少枠,通常野生は基礎種中心,ベガ初回殿堂入り後。認定章数でエリアと中間進化枠を段階解禁。,通常系統は両地方で基礎種を捕獲可能。トーホクは早期育成、カントーは高レベル・隠れ特性・タマゴ技探索を担当。,V2二地方生態版／541系統配置マスター＋特殊個体イベントマスター
374,ダンバル,beldum,3,はがね／エスパー,192,600族,no,no,既存（トーホク図鑑127）,既存ベガ個体を保持,ベガ既存進行,ベガ既存地点,ベガ既存入手法,既存値,トーホク図鑑No.127。内部種族ID・図鑑登録・イベント参照を変更しない。,トーホク図鑑にも既存番号で登録,VEGA_NATIVE_127（実ROMから確定）,ダンバル,ダンバル → メタング → メタグロス,ベガ既存系統を完全保持,VEGA_NATIVE,ベガ既存地点（出現表・配布・進化を変更しない）,ベガ既存入手法,既存値,既存値,既存イベント・野生表・進化条件を原則維持。現代化で条件が壊れる場合のみ互換処理。,K43,ハナダのどうくつ,DexNav隠し枠,Lv.95～100,通常0%／DexNav 1～2%,ベガ初回殿堂入り後。認定章数でエリアと中間進化枠を段階解禁。,トーホクではベガ既存個体を保護。カントーでは高レベル個体・隠れ特性・タマゴ技探索を担当。,既存テーブル無変更,P0,ベガ既存入手法を完全保持,ベガ既存地点,ベガ既存入手法,既存値,トーホク図鑑No.127。内部種族ID・図鑑登録・イベント参照を変更しない。,カントー高レベル野生生態,ハナダのどうくつ,DexNav隠し枠,通常0%／DexNav 1～2%,ベガ初回殿堂入り後。認定章数でエリアと中間進化枠を段階解禁。,通常系統は両地方で基礎種を捕獲可能。トーホクは早期育成、カントーは高レベル・隠れ特性・タマゴ技探索を担当。,V2二地方生態版／541系統配置マスター＋特殊個体イベントマスター
375,メタング,metang,3,はがね／エスパー,192,600族,no,no,既存（トーホク図鑑128）,既存ベガ個体を保持,ベガ既存進行,ベガ既存地点,ベガ既存入手法,既存値,トーホク図鑑No.128。内部種族ID・図鑑登録・イベント参照を変更しない。,トーホク図鑑にも既存番号で登録,VEGA_NATIVE_128（実ROMから確定）,ダンバル,ダンバル → メタング → メタグロス,ベガ既存系統を完全保持,VEGA_NATIVE,ベガ既存地点（出現表・配布・進化を変更しない）,ベガ既存入手法,既存値,既存値,既存イベント・野生表・進化条件を原則維持。現代化で条件が壊れる場合のみ互換処理。,K43,ハナダのどうくつ,DexNav隠し枠,Lv.95～100,通常0%／DexNav 1～2%,ベガ初回殿堂入り後。認定章数でエリアと中間進化枠を段階解禁。,トーホクではベガ既存個体を保護。カントーでは高レベル個体・隠れ特性・タマゴ技探索を担当。,既存テーブル無変更,P0,ベガ既存入手法を完全保持,ベガ既存地点,ベガ既存入手法,既存値,トーホク図鑑No.128。内部種族ID・図鑑登録・イベント参照を変更しない。,ダンバルをカントーで捕獲して進化,ハナダのどうくつ,進化／認定章6個以降は中間進化がDexNav希少枠,通常野生は基礎種中心,ベガ初回殿堂入り後。認定章数でエリアと中間進化枠を段階解禁。,通常系統は両地方で基礎種を捕獲可能。トーホクは早期育成、カントーは高レベル・隠れ特性・タマゴ技探索を担当。,V2二地方生態版／541系統配置マスター＋特殊個体イベントマスター
376,メタグロス,metagross,3,はがね／エスパー,192,600族,no,no,既存（トーホク図鑑129）,既存ベガ個体を保持,ベガ既存進行,ベガ既存地点,ベガ既存入手法,既存値,トーホク図鑑No.129。内部種族ID・図鑑登録・イベント参照を変更しない。,トーホク図鑑にも既存番号で登録,VEGA_NATIVE_129（実ROMから確定）,ダンバル,ダンバル → メタング → メタグロス,ベガ既存系統を完全保持,VEGA_NATIVE,ベガ既存地点（出現表・配布・進化を変更しない）,ベガ既存入手法,既存値,既存値,既存イベント・野生表・進化条件を原則維持。現代化で条件が壊れる場合のみ互換処理。,K43,ハナダのどうくつ,DexNav隠し枠,Lv.95～100,通常0%／DexNav 1～2%,ベガ初回殿堂入り後。認定章数でエリアと中間進化枠を段階解禁。,トーホクではベガ既存個体を保護。カントーでは高レベル個体・隠れ特性・タマゴ技探索を担当。,既存テーブル無変更,P0,ベガ既存入手法を完全保持,ベガ既存地点,ベガ既存入手法,既存値,トーホク図鑑No.129。内部種族ID・図鑑登録・イベント参照を変更しない。,ダンバルをカントーで捕獲して進化,ハナダのどうくつ,進化／認定章6個以降は中間進化がDexNav希少枠,通常野生は基礎種中心,ベガ初回殿堂入り後。認定章数でエリアと中間進化枠を段階解禁。,通常系統は両地方で基礎種を捕獲可能。トーホクは早期育成、カントーは高レベル・隠れ特性・タマゴ技探索を担当。,V2二地方生態版／541系統配置マスター＋特殊個体イベントマスター
377,レジロック,regirock,3,いわ,193,伝説,yes,no,未収録・追加対象,新IDへ追加,殿堂入り＋点字石板3枚,ちえのどうくつ／こおりのしま／D・H炉心,固定シンボル／専用クエスト,―,三つの石室を順に解放。全捕獲でレジギガス条件を立てる。,全国研究図鑑へ登録（トーホク386完成条件には含めない）,NATIONAL_EXT_0377（新規16bit ID）,レジロック,レジロック,固定イベント追加,EVENT_T,ちえのどうくつ／こおりのしま／D・H炉心,固定シンボル／専用クエスト,Lv.75,原則1体・撃破時復活,殿堂入り＋点字石板3枚,EVENT_K,おつきみやま／ふたごじま／シルフ地下,手掛かり／共鳴戦／専用素材,イベント別,重複捕獲なし,殿堂入り＋点字石板3枚＋主地方の捕獲フラグ共有,主地方で1個体だけ捕獲し、副地方では手掛かり・共鳴戦・専用素材を扱う。捕獲済みフラグは両地方で共有し、重複個体を与えない。,野生通常表には入れない,P2,トーホク固定イベントで捕獲,ちえのどうくつ／こおりのしま／D・H炉心,固定シンボル／専用クエスト,原則1体・撃破時復活,殿堂入り＋点字石板3枚,カントー側の手掛かり・共鳴イベント,おつきみやま／ふたごじま／シルフ地下,手掛かり／共鳴戦／専用素材,重複捕獲なし,殿堂入り＋点字石板3枚＋共有捕獲フラグ確認,主捕獲地方で1個体のみ捕獲。副地方は手掛かり・共鳴戦・素材報酬を担当し、共有捕獲フラグで重複個体を防止。,V2二地方生態版／541系統配置マスター＋特殊個体イベントマスター
378,レジアイス,regice,3,こおり,194,伝説,yes,no,未収録・追加対象,新IDへ追加,殿堂入り＋点字石板3枚,ちえのどうくつ／こおりのしま／D・H炉心,固定シンボル／専用クエスト,―,三つの石室を順に解放。全捕獲でレジギガス条件を立てる。,全国研究図鑑へ登録（トーホク386完成条件には含めない）,NATIONAL_EXT_0378（新規16bit ID）,レジアイス,レジアイス,固定イベント追加,EVENT_T,ちえのどうくつ／こおりのしま／D・H炉心,固定シンボル／専用クエスト,Lv.75,原則1体・撃破時復活,殿堂入り＋点字石板3枚,EVENT_K,おつきみやま／ふたごじま／シルフ地下,手掛かり／共鳴戦／専用素材,イベント別,重複捕獲なし,殿堂入り＋点字石板3枚＋主地方の捕獲フラグ共有,主地方で1個体だけ捕獲し、副地方では手掛かり・共鳴戦・専用素材を扱う。捕獲済みフラグは両地方で共有し、重複個体を与えない。,野生通常表には入れない,P2,トーホク固定イベントで捕獲,ちえのどうくつ／こおりのしま／D・H炉心,固定シンボル／専用クエスト,原則1体・撃破時復活,殿堂入り＋点字石板3枚,カントー側の手掛かり・共鳴イベント,おつきみやま／ふたごじま／シルフ地下,手掛かり／共鳴戦／専用素材,重複捕獲なし,殿堂入り＋点字石板3枚＋共有捕獲フラグ確認,主捕獲地方で1個体のみ捕獲。副地方は手掛かり・共鳴戦・素材報酬を担当し、共有捕獲フラグで重複個体を防止。,V2二地方生態版／541系統配置マスター＋特殊個体イベントマスター
379,レジスチル,registeel,3,はがね,195,伝説,yes,no,未収録・追加対象,新IDへ追加,殿堂入り＋点字石板3枚,ちえのどうくつ／こおりのしま／D・H炉心,固定シンボル／専用クエスト,―,三つの石室を順に解放。全捕獲でレジギガス条件を立てる。,全国研究図鑑へ登録（トーホク386完成条件には含めない）,NATIONAL_EXT_0379（新規16bit ID）,レジスチル,レジスチル,固定イベント追加,EVENT_T,ちえのどうくつ／こおりのしま／D・H炉心,固定シンボル／専用クエスト,Lv.75,原則1体・撃破時復活,殿堂入り＋点字石板3枚,EVENT_K,おつきみやま／ふたごじま／シルフ地下,手掛かり／共鳴戦／専用素材,イベント別,重複捕獲なし,殿堂入り＋点字石板3枚＋主地方の捕獲フラグ共有,主地方で1個体だけ捕獲し、副地方では手掛かり・共鳴戦・専用素材を扱う。捕獲済みフラグは両地方で共有し、重複個体を与えない。,野生通常表には入れない,P2,トーホク固定イベントで捕獲,ちえのどうくつ／こおりのしま／D・H炉心,固定シンボル／専用クエスト,原則1体・撃破時復活,殿堂入り＋点字石板3枚,カントー側の手掛かり・共鳴イベント,おつきみやま／ふたごじま／シルフ地下,手掛かり／共鳴戦／専用素材,重複捕獲なし,殿堂入り＋点字石板3枚＋共有捕獲フラグ確認,主捕獲地方で1個体のみ捕獲。副地方は手掛かり・共鳴戦・素材報酬を担当し、共有捕獲フラグで重複個体を防止。,V2二地方生態版／541系統配置マスター＋特殊個体イベントマスター
380,ラティアス,latias,3,ドラゴン／エスパー,196,伝説,yes,no,既存（トーホク図鑑380）,既存ベガ個体を保持,ベガ既存進行,ベガ既存地点,ベガ既存入手法,既存値,トーホク図鑑No.380。内部種族ID・図鑑登録・イベント参照を変更しない。,トーホク図鑑にも既存番号で登録,VEGA_NATIVE_380（実ROMから確定）,ラティアス,ラティアス,ベガ既存特殊個体を保持＋他地方共鳴,EVENT_T,ベガ既存地点,ベガ既存入手法＋捕獲救済,Lv.70,原則1体・撃破時復活,既存条件,EVENT_K,カントー共鳴碑／研究記録,手掛かり／共鳴戦／専用素材,イベント別,重複捕獲なし,既存条件＋主地方の捕獲フラグ共有,主地方で1個体だけ捕獲し、副地方では手掛かり・共鳴戦・専用素材を扱う。捕獲済みフラグは両地方で共有し、重複個体を与えない。,野生通常表には入れない,P0,ベガ既存特殊個体を保持,ベガ既存地点,ベガ既存入手法＋撃破時復活救済,原則1体・撃破時復活,既存条件,カントー側の手掛かり・共鳴イベント,カントー共鳴碑／研究記録,手掛かり／共鳴戦／専用素材,重複捕獲なし,既存条件＋共有捕獲フラグ確認,主捕獲地方で1個体のみ捕獲。副地方は手掛かり・共鳴戦・素材報酬を担当し、共有捕獲フラグで重複個体を防止。,V2二地方生態版／541系統配置マスター＋特殊個体イベントマスター
381,ラティオス,latios,3,ドラゴン／エスパー,197,伝説,yes,no,既存（トーホク図鑑381）,既存ベガ個体を保持,ベガ既存進行,ベガ既存地点,ベガ既存入手法,既存値,トーホク図鑑No.381。内部種族ID・図鑑登録・イベント参照を変更しない。,トーホク図鑑にも既存番号で登録,VEGA_NATIVE_381（実ROMから確定）,ラティオス,ラティオス,ベガ既存特殊個体を保持＋他地方共鳴,EVENT_T,ベガ既存地点,ベガ既存入手法＋捕獲救済,Lv.70,原則1体・撃破時復活,既存条件,EVENT_K,カントー共鳴碑／研究記録,手掛かり／共鳴戦／専用素材,イベント別,重複捕獲なし,既存条件＋主地方の捕獲フラグ共有,主地方で1個体だけ捕獲し、副地方では手掛かり・共鳴戦・専用素材を扱う。捕獲済みフラグは両地方で共有し、重複個体を与えない。,野生通常表には入れない,P0,ベガ既存特殊個体を保持,ベガ既存地点,ベガ既存入手法＋撃破時復活救済,原則1体・撃破時復活,既存条件,カントー側の手掛かり・共鳴イベント,カントー共鳴碑／研究記録,手掛かり／共鳴戦／専用素材,重複捕獲なし,既存条件＋共有捕獲フラグ確認,主捕獲地方で1個体のみ捕獲。副地方は手掛かり・共鳴戦・素材報酬を担当し、共有捕獲フラグで重複個体を防止。,V2二地方生態版／541系統配置マスター＋特殊個体イベントマスター
382,カイオーガ,kyogre,3,みず,198,伝説,yes,no,未収録・追加対象,新IDへ追加,殿堂入り＋各島の環境調査,こおりのしま沖／ひのしま深部／スフィアいせき上層,固定シンボル／専用クエスト,―,天候を正常化する短いダンジョン後に固定戦。,全国研究図鑑へ登録（トーホク386完成条件には含めない）,NATIONAL_EXT_0382（新規16bit ID）,カイオーガ,カイオーガ,固定イベント追加,EVENT_T,三島／スフィアいせき上層,固定シンボル／専用クエスト,Lv.75,原則1体・撃破時復活,殿堂入り＋各島の環境調査,EVENT_K,ふたごじま／グレン火口／23ばんどうろ高空,手掛かり／共鳴戦／専用素材,イベント別,重複捕獲なし,殿堂入り＋各島の環境調査＋主地方の捕獲フラグ共有,主地方で1個体だけ捕獲し、副地方では手掛かり・共鳴戦・専用素材を扱う。捕獲済みフラグは両地方で共有し、重複個体を与えない。,野生通常表には入れない,P2,トーホク固定イベントで捕獲,三島／スフィアいせき上層,固定シンボル／専用クエスト,原則1体・撃破時復活,殿堂入り＋各島の環境調査,カントー側の手掛かり・共鳴イベント,ふたごじま／グレン火口／23ばんどうろ高空,手掛かり／共鳴戦／専用素材,重複捕獲なし,殿堂入り＋各島の環境調査＋共有捕獲フラグ確認,主捕獲地方で1個体のみ捕獲。副地方は手掛かり・共鳴戦・素材報酬を担当し、共有捕獲フラグで重複個体を防止。,V2二地方生態版／541系統配置マスター＋特殊個体イベントマスター
383,グラードン,groudon,3,じめん,199,伝説,yes,no,未収録・追加対象,新IDへ追加,殿堂入り＋各島の環境調査,こおりのしま沖／ひのしま深部／スフィアいせき上層,固定シンボル／専用クエスト,―,天候を正常化する短いダンジョン後に固定戦。,全国研究図鑑へ登録（トーホク386完成条件には含めない）,NATIONAL_EXT_0383（新規16bit ID）,グラードン,グラードン,固定イベント追加,EVENT_T,三島／スフィアいせき上層,固定シンボル／専用クエスト,Lv.75,原則1体・撃破時復活,殿堂入り＋各島の環境調査,EVENT_K,ふたごじま／グレン火口／23ばんどうろ高空,手掛かり／共鳴戦／専用素材,イベント別,重複捕獲なし,殿堂入り＋各島の環境調査＋主地方の捕獲フラグ共有,主地方で1個体だけ捕獲し、副地方では手掛かり・共鳴戦・専用素材を扱う。捕獲済みフラグは両地方で共有し、重複個体を与えない。,野生通常表には入れない,P2,トーホク固定イベントで捕獲,三島／スフィアいせき上層,固定シンボル／専用クエスト,原則1体・撃破時復活,殿堂入り＋各島の環境調査,カントー側の手掛かり・共鳴イベント,ふたごじま／グレン火口／23ばんどうろ高空,手掛かり／共鳴戦／専用素材,重複捕獲なし,殿堂入り＋各島の環境調査＋共有捕獲フラグ確認,主捕獲地方で1個体のみ捕獲。副地方は手掛かり・共鳴戦・素材報酬を担当し、共有捕獲フラグで重複個体を防止。,V2二地方生態版／541系統配置マスター＋特殊個体イベントマスター
384,レックウザ,rayquaza,3,ドラゴン／ひこう,200,伝説,yes,no,未収録・追加対象,新IDへ追加,殿堂入り＋各島の環境調査,こおりのしま沖／ひのしま深部／スフィアいせき上層,固定シンボル／専用クエスト,―,天候を正常化する短いダンジョン後に固定戦。,全国研究図鑑へ登録（トーホク386完成条件には含めない）,NATIONAL_EXT_0384（新規16bit ID）,レックウザ,レックウザ,固定イベント追加,EVENT_T,三島／スフィアいせき上層,固定シンボル／専用クエスト,Lv.75,原則1体・撃破時復活,殿堂入り＋各島の環境調査,EVENT_K,ふたごじま／グレン火口／23ばんどうろ高空,手掛かり／共鳴戦／専用素材,イベント別,重複捕獲なし,殿堂入り＋各島の環境調査＋主地方の捕獲フラグ共有,主地方で1個体だけ捕獲し、副地方では手掛かり・共鳴戦・専用素材を扱う。捕獲済みフラグは両地方で共有し、重複個体を与えない。,野生通常表には入れない,P2,トーホク固定イベントで捕獲,三島／スフィアいせき上層,固定シンボル／専用クエスト,原則1体・撃破時復活,殿堂入り＋各島の環境調査,カントー側の手掛かり・共鳴イベント,ふたごじま／グレン火口／23ばんどうろ高空,手掛かり／共鳴戦／専用素材,重複捕獲なし,殿堂入り＋各島の環境調査＋共有捕獲フラグ確認,主捕獲地方で1個体のみ捕獲。副地方は手掛かり・共鳴戦・素材報酬を担当し、共有捕獲フラグで重複個体を防止。,V2二地方生態版／541系統配置マスター＋特殊個体イベントマスター
385,ジラーチ,jirachi,3,はがね／エスパー,201,幻,no,yes,未収録・追加対象,新IDへ追加,殿堂入り＋ほしのかけら7個,ニューアイランド天文台,固定シンボル／専用クエスト,―,夜空観測イベント。RTCなしでも観測装置で夜に固定可能。,全国研究図鑑へ登録（トーホク386完成条件には含めない）,NATIONAL_EXT_0385（新規16bit ID）,ジラーチ,ジラーチ,固定イベント追加,EVENT_T,ニューアイランド天文台,固定シンボル／専用クエスト,Lv.80,原則1体・撃破時復活,殿堂入り＋ほしのかけら7個,EVENT_K,ニビ博物館屋上,手掛かり／共鳴戦／専用素材,イベント別,重複捕獲なし,殿堂入り＋ほしのかけら7個＋主地方の捕獲フラグ共有,主地方で1個体だけ捕獲し、副地方では手掛かり・共鳴戦・専用素材を扱う。捕獲済みフラグは両地方で共有し、重複個体を与えない。,野生通常表には入れない,P2,トーホク固定イベントで捕獲,ニューアイランド天文台,固定シンボル／専用クエスト,原則1体・撃破時復活,殿堂入り＋ほしのかけら7個,カントー側の手掛かり・共鳴イベント,ニビ博物館屋上,手掛かり／共鳴戦／専用素材,重複捕獲なし,殿堂入り＋ほしのかけら7個＋共有捕獲フラグ確認,主捕獲地方で1個体のみ捕獲。副地方は手掛かり・共鳴戦・素材報酬を担当し、共有捕獲フラグで重複個体を防止。,V2二地方生態版／541系統配置マスター＋特殊個体イベントマスター
386,デオキシス,deoxys,3,エスパー,202,幻,no,yes,未収録・追加対象,新IDへ追加,殿堂入り＋いんせき入手,D・H異常生態区画,固定シンボル／専用クエスト,―,培養槽停止後に固定戦。フォルムは隕石端末で変更。,全国研究図鑑へ登録（トーホク386完成条件には含めない）,NATIONAL_EXT_0386（新規16bit ID）,デオキシス,デオキシス,固定イベント追加,EVENT_T,D・H異常生態区画,固定シンボル／専用クエスト,Lv.80,原則1体・撃破時復活,殿堂入り＋いんせき入手,EVENT_K,ニビ博物館・月隕石研究室,手掛かり／共鳴戦／専用素材,イベント別,重複捕獲なし,殿堂入り＋いんせき入手＋主地方の捕獲フラグ共有,主地方で1個体だけ捕獲し、副地方では手掛かり・共鳴戦・専用素材を扱う。捕獲済みフラグは両地方で共有し、重複個体を与えない。,野生通常表には入れない,P2,トーホク固定イベントで捕獲,D・H異常生態区画,固定シンボル／専用クエスト,原則1体・撃破時復活,殿堂入り＋いんせき入手,カントー側の手掛かり・共鳴イベント,ニビ博物館・月隕石研究室,手掛かり／共鳴戦／専用素材,重複捕獲なし,殿堂入り＋いんせき入手＋共有捕獲フラグ確認,主捕獲地方で1個体のみ捕獲。副地方は手掛かり・共鳴戦・素材報酬を担当し、共有捕獲フラグで重複個体を防止。,V2二地方生態版／541系統配置マスター＋特殊個体イベントマスター
387,ナエトル,turtwig,4,くさ,203,御三家,no,no,未収録・追加対象,新IDへ追加,殿堂入り＋全国研究開始,ハクジタウン研究所,地方研究依頼の報酬タマゴ,―,各世代の生態サンプルを3件提出。選択式にせず、依頼再受注で全系統入手可能。,全国研究図鑑へ登録（トーホク386完成条件には含めない）,NATIONAL_EXT_0387（新規16bit ID）,ナエトル,ナエトル → ハヤシガメ → ドダイトス,地方研究タマゴ追加,T_LAB,ハクジタウン・ヒイラギ研究所,地域別研究依頼の報酬タマゴ,Lv.5,研究チケット1枚／系統選択・反復可,各世代の生態サンプルを3件提出。選択式にせず、依頼再受注で全系統入手可能。,K47,マサラタウン・オーキド研究所,オーキド研究所の生態交換タマゴ,Lv.5,カントー認定章2個ごとに1系統、最終的に全系統反復可,ベガ初回殿堂入り後。認定章数でエリアと中間進化枠を段階解禁。,御三家を野生化せず、両地方の研究所を巡る収集導線にする。,通常野生表には入れない,P2,ヒイラギ研究所の地方研究タマゴ,ハクジタウン・ヒイラギ研究所,選択式タマゴ配布,各系統1個／再取得は研究ポイント,各世代の生態サンプルを3件提出。選択式にせず、依頼再受注で全系統入手可能。,オーキド研究所の国際交換タマゴ,マサラタウン・オーキド研究所,選択式タマゴ配布,トーホクで未選択の系統を優先,ベガ初回殿堂入り後。認定章数でエリアと中間進化枠を段階解禁。,通常系統は両地方で基礎種を捕獲可能。トーホクは早期育成、カントーは高レベル・隠れ特性・タマゴ技探索を担当。,V2二地方生態版／541系統配置マスター＋特殊個体イベントマスター
388,ハヤシガメ,grotle,4,くさ,203,御三家,no,no,未収録・追加対象,新IDへ追加（進化入手）,殿堂入り＋全国研究開始,ハクジタウン研究所,進化,―,レベルアップ＋Lv.18以上（CFRU/DPEの対応トリガーを使用。通信・RTC必須にはしない）,全国研究図鑑へ登録（トーホク386完成条件には含めない）,NATIONAL_EXT_0388（新規16bit ID）,ナエトル,ナエトル → ハヤシガメ → ドダイトス,地方研究タマゴ追加,T_LAB,ハクジタウン・ヒイラギ研究所,地域別研究依頼の報酬タマゴ,Lv.5,研究チケット1枚／系統選択・反復可,各世代の生態サンプルを3件提出。選択式にせず、依頼再受注で全系統入手可能。,K47,マサラタウン・オーキド研究所,オーキド研究所の生態交換タマゴ,Lv.5,カントー認定章2個ごとに1系統、最終的に全系統反復可,ベガ初回殿堂入り後。認定章数でエリアと中間進化枠を段階解禁。,御三家を野生化せず、両地方の研究所を巡る収集導線にする。,通常野生表には入れない,P2,ナエトルを育成して進化,ハクジタウン・ヒイラギ研究所,進化,野生追加なし,各世代の生態サンプルを3件提出。選択式にせず、依頼再受注で全系統入手可能。,ナエトルを育成して進化,マサラタウン・オーキド研究所,進化,野生追加なし,ベガ初回殿堂入り後。認定章数でエリアと中間進化枠を段階解禁。,通常系統は両地方で基礎種を捕獲可能。トーホクは早期育成、カントーは高レベル・隠れ特性・タマゴ技探索を担当。,V2二地方生態版／541系統配置マスター＋特殊個体イベントマスター
389,ドダイトス,torterra,4,くさ／じめん,203,御三家,no,no,未収録・追加対象,新IDへ追加（進化入手）,殿堂入り＋全国研究開始,ハクジタウン研究所,進化,―,レベルアップ＋Lv.32以上（CFRU/DPEの対応トリガーを使用。通信・RTC必須にはしない）,全国研究図鑑へ登録（トーホク386完成条件には含めない）,NATIONAL_EXT_0389（新規16bit ID）,ナエトル,ナエトル → ハヤシガメ → ドダイトス,地方研究タマゴ追加,T_LAB,ハクジタウン・ヒイラギ研究所,地域別研究依頼の報酬タマゴ,Lv.5,研究チケット1枚／系統選択・反復可,各世代の生態サンプルを3件提出。選択式にせず、依頼再受注で全系統入手可能。,K47,マサラタウン・オーキド研究所,オーキド研究所の生態交換タマゴ,Lv.5,カントー認定章2個ごとに1系統、最終的に全系統反復可,ベガ初回殿堂入り後。認定章数でエリアと中間進化枠を段階解禁。,御三家を野生化せず、両地方の研究所を巡る収集導線にする。,通常野生表には入れない,P2,ナエトルを育成して進化,ハクジタウン・ヒイラギ研究所,進化,野生追加なし,各世代の生態サンプルを3件提出。選択式にせず、依頼再受注で全系統入手可能。,ナエトルを育成して進化,マサラタウン・オーキド研究所,進化,野生追加なし,ベガ初回殿堂入り後。認定章数でエリアと中間進化枠を段階解禁。,通常系統は両地方で基礎種を捕獲可能。トーホクは早期育成、カントーは高レベル・隠れ特性・タマゴ技探索を担当。,V2二地方生態版／541系統配置マスター＋特殊個体イベントマスター
390,ヒコザル,chimchar,4,ほのお,204,御三家,no,no,未収録・追加対象,新IDへ追加,殿堂入り＋全国研究開始,ハクジタウン研究所,地方研究依頼の報酬タマゴ,―,各世代の生態サンプルを3件提出。選択式にせず、依頼再受注で全系統入手可能。,全国研究図鑑へ登録（トーホク386完成条件には含めない）,NATIONAL_EXT_0390（新規16bit ID）,ヒコザル,ヒコザル → モウカザル → ゴウカザル,地方研究タマゴ追加,T_LAB,ハクジタウン・ヒイラギ研究所,地域別研究依頼の報酬タマゴ,Lv.5,研究チケット1枚／系統選択・反復可,各世代の生態サンプルを3件提出。選択式にせず、依頼再受注で全系統入手可能。,K47,マサラタウン・オーキド研究所,オーキド研究所の生態交換タマゴ,Lv.5,カントー認定章2個ごとに1系統、最終的に全系統反復可,ベガ初回殿堂入り後。認定章数でエリアと中間進化枠を段階解禁。,御三家を野生化せず、両地方の研究所を巡る収集導線にする。,通常野生表には入れない,P2,ヒイラギ研究所の地方研究タマゴ,ハクジタウン・ヒイラギ研究所,選択式タマゴ配布,各系統1個／再取得は研究ポイント,各世代の生態サンプルを3件提出。選択式にせず、依頼再受注で全系統入手可能。,オーキド研究所の国際交換タマゴ,マサラタウン・オーキド研究所,選択式タマゴ配布,トーホクで未選択の系統を優先,ベガ初回殿堂入り後。認定章数でエリアと中間進化枠を段階解禁。,通常系統は両地方で基礎種を捕獲可能。トーホクは早期育成、カントーは高レベル・隠れ特性・タマゴ技探索を担当。,V2二地方生態版／541系統配置マスター＋特殊個体イベントマスター
391,モウカザル,monferno,4,ほのお／かくとう,204,御三家,no,no,未収録・追加対象,新IDへ追加（進化入手）,殿堂入り＋全国研究開始,ハクジタウン研究所,進化,―,レベルアップ＋Lv.14以上（CFRU/DPEの対応トリガーを使用。通信・RTC必須にはしない）,全国研究図鑑へ登録（トーホク386完成条件には含めない）,NATIONAL_EXT_0391（新規16bit ID）,ヒコザル,ヒコザル → モウカザル → ゴウカザル,地方研究タマゴ追加,T_LAB,ハクジタウン・ヒイラギ研究所,地域別研究依頼の報酬タマゴ,Lv.5,研究チケット1枚／系統選択・反復可,各世代の生態サンプルを3件提出。選択式にせず、依頼再受注で全系統入手可能。,K47,マサラタウン・オーキド研究所,オーキド研究所の生態交換タマゴ,Lv.5,カントー認定章2個ごとに1系統、最終的に全系統反復可,ベガ初回殿堂入り後。認定章数でエリアと中間進化枠を段階解禁。,御三家を野生化せず、両地方の研究所を巡る収集導線にする。,通常野生表には入れない,P2,ヒコザルを育成して進化,ハクジタウン・ヒイラギ研究所,進化,野生追加なし,各世代の生態サンプルを3件提出。選択式にせず、依頼再受注で全系統入手可能。,ヒコザルを育成して進化,マサラタウン・オーキド研究所,進化,野生追加なし,ベガ初回殿堂入り後。認定章数でエリアと中間進化枠を段階解禁。,通常系統は両地方で基礎種を捕獲可能。トーホクは早期育成、カントーは高レベル・隠れ特性・タマゴ技探索を担当。,V2二地方生態版／541系統配置マスター＋特殊個体イベントマスター
392,ゴウカザル,infernape,4,ほのお／かくとう,204,御三家,no,no,未収録・追加対象,新IDへ追加（進化入手）,殿堂入り＋全国研究開始,ハクジタウン研究所,進化,―,レベルアップ＋Lv.36以上（CFRU/DPEの対応トリガーを使用。通信・RTC必須にはしない）,全国研究図鑑へ登録（トーホク386完成条件には含めない）,NATIONAL_EXT_0392（新規16bit ID）,ヒコザル,ヒコザル → モウカザル → ゴウカザル,地方研究タマゴ追加,T_LAB,ハクジタウン・ヒイラギ研究所,地域別研究依頼の報酬タマゴ,Lv.5,研究チケット1枚／系統選択・反復可,各世代の生態サンプルを3件提出。選択式にせず、依頼再受注で全系統入手可能。,K47,マサラタウン・オーキド研究所,オーキド研究所の生態交換タマゴ,Lv.5,カントー認定章2個ごとに1系統、最終的に全系統反復可,ベガ初回殿堂入り後。認定章数でエリアと中間進化枠を段階解禁。,御三家を野生化せず、両地方の研究所を巡る収集導線にする。,通常野生表には入れない,P2,ヒコザルを育成して進化,ハクジタウン・ヒイラギ研究所,進化,野生追加なし,各世代の生態サンプルを3件提出。選択式にせず、依頼再受注で全系統入手可能。,ヒコザルを育成して進化,マサラタウン・オーキド研究所,進化,野生追加なし,ベガ初回殿堂入り後。認定章数でエリアと中間進化枠を段階解禁。,通常系統は両地方で基礎種を捕獲可能。トーホクは早期育成、カントーは高レベル・隠れ特性・タマゴ技探索を担当。,V2二地方生態版／541系統配置マスター＋特殊個体イベントマスター
393,ポッチャマ,piplup,4,みず,205,御三家,no,no,未収録・追加対象,新IDへ追加,殿堂入り＋全国研究開始,ハクジタウン研究所,地方研究依頼の報酬タマゴ,―,各世代の生態サンプルを3件提出。選択式にせず、依頼再受注で全系統入手可能。,全国研究図鑑へ登録（トーホク386完成条件には含めない）,NATIONAL_EXT_0393（新規16bit ID）,ポッチャマ,ポッチャマ → ポッタイシ → エンペルト,地方研究タマゴ追加,T_LAB,ハクジタウン・ヒイラギ研究所,地域別研究依頼の報酬タマゴ,Lv.5,研究チケット1枚／系統選択・反復可,各世代の生態サンプルを3件提出。選択式にせず、依頼再受注で全系統入手可能。,K47,マサラタウン・オーキド研究所,オーキド研究所の生態交換タマゴ,Lv.5,カントー認定章2個ごとに1系統、最終的に全系統反復可,ベガ初回殿堂入り後。認定章数でエリアと中間進化枠を段階解禁。,御三家を野生化せず、両地方の研究所を巡る収集導線にする。,通常野生表には入れない,P2,ヒイラギ研究所の地方研究タマゴ,ハクジタウン・ヒイラギ研究所,選択式タマゴ配布,各系統1個／再取得は研究ポイント,各世代の生態サンプルを3件提出。選択式にせず、依頼再受注で全系統入手可能。,オーキド研究所の国際交換タマゴ,マサラタウン・オーキド研究所,選択式タマゴ配布,トーホクで未選択の系統を優先,ベガ初回殿堂入り後。認定章数でエリアと中間進化枠を段階解禁。,通常系統は両地方で基礎種を捕獲可能。トーホクは早期育成、カントーは高レベル・隠れ特性・タマゴ技探索を担当。,V2二地方生態版／541系統配置マスター＋特殊個体イベントマスター
394,ポッタイシ,prinplup,4,みず,205,御三家,no,no,未収録・追加対象,新IDへ追加（進化入手）,殿堂入り＋全国研究開始,ハクジタウン研究所,進化,―,レベルアップ＋Lv.16以上（CFRU/DPEの対応トリガーを使用。通信・RTC必須にはしない）,全国研究図鑑へ登録（トーホク386完成条件には含めない）,NATIONAL_EXT_0394（新規16bit ID）,ポッチャマ,ポッチャマ → ポッタイシ → エンペルト,地方研究タマゴ追加,T_LAB,ハクジタウン・ヒイラギ研究所,地域別研究依頼の報酬タマゴ,Lv.5,研究チケット1枚／系統選択・反復可,各世代の生態サンプルを3件提出。選択式にせず、依頼再受注で全系統入手可能。,K47,マサラタウン・オーキド研究所,オーキド研究所の生態交換タマゴ,Lv.5,カントー認定章2個ごとに1系統、最終的に全系統反復可,ベガ初回殿堂入り後。認定章数でエリアと中間進化枠を段階解禁。,御三家を野生化せず、両地方の研究所を巡る収集導線にする。,通常野生表には入れない,P2,ポッチャマを育成して進化,ハクジタウン・ヒイラギ研究所,進化,野生追加なし,各世代の生態サンプルを3件提出。選択式にせず、依頼再受注で全系統入手可能。,ポッチャマを育成して進化,マサラタウン・オーキド研究所,進化,野生追加なし,ベガ初回殿堂入り後。認定章数でエリアと中間進化枠を段階解禁。,通常系統は両地方で基礎種を捕獲可能。トーホクは早期育成、カントーは高レベル・隠れ特性・タマゴ技探索を担当。,V2二地方生態版／541系統配置マスター＋特殊個体イベントマスター
395,エンペルト,empoleon,4,みず／はがね,205,御三家,no,no,未収録・追加対象,新IDへ追加（進化入手）,殿堂入り＋全国研究開始,ハクジタウン研究所,進化,―,レベルアップ＋Lv.36以上（CFRU/DPEの対応トリガーを使用。通信・RTC必須にはしない）,全国研究図鑑へ登録（トーホク386完成条件には含めない）,NATIONAL_EXT_0395（新規16bit ID）,ポッチャマ,ポッチャマ → ポッタイシ → エンペルト,地方研究タマゴ追加,T_LAB,ハクジタウン・ヒイラギ研究所,地域別研究依頼の報酬タマゴ,Lv.5,研究チケット1枚／系統選択・反復可,各世代の生態サンプルを3件提出。選択式にせず、依頼再受注で全系統入手可能。,K47,マサラタウン・オーキド研究所,オーキド研究所の生態交換タマゴ,Lv.5,カントー認定章2個ごとに1系統、最終的に全系統反復可,ベガ初回殿堂入り後。認定章数でエリアと中間進化枠を段階解禁。,御三家を野生化せず、両地方の研究所を巡る収集導線にする。,通常野生表には入れない,P2,ポッチャマを育成して進化,ハクジタウン・ヒイラギ研究所,進化,野生追加なし,各世代の生態サンプルを3件提出。選択式にせず、依頼再受注で全系統入手可能。,ポッチャマを育成して進化,マサラタウン・オーキド研究所,進化,野生追加なし,ベガ初回殿堂入り後。認定章数でエリアと中間進化枠を段階解禁。,通常系統は両地方で基礎種を捕獲可能。トーホクは早期育成、カントーは高レベル・隠れ特性・タマゴ技探索を担当。,V2二地方生態版／541系統配置マスター＋特殊個体イベントマスター
396,ムックル,starly,4,ノーマル／ひこう,206,通常生態,no,no,未収録・追加対象,新IDへ追加,殿堂入り後,502ばんどうろ,大量発生,発生中20～40%,主に基礎形のみ出現。中間・最終進化は原則として育成で入手。時間帯・天候は生態チケットで任意固定可能。,全国研究図鑑へ登録（トーホク386完成条件には含めない）,NATIONAL_EXT_0396（新規16bit ID）,ムックル,ムックル → ムクバード → ムクホーク,外来生態レイヤーへ追加,T502,502ばんどうろ／すいどう,ずつき／朝昼オーバーレイ,Lv.3～6,追加抽選3～6%,本編必須フラグを変更せず、外来生態フラグ・時間帯・DexNav・大量発生で制御,K04,4ばんどうろ,草むらオーバーレイ,Lv.72～77,通常表8～15%,ベガ初回殿堂入り後。認定章数でエリアと中間進化枠を段階解禁。,トーホクは本編で使える低～中レベル基礎種、カントーは高レベル個体・中間進化・隠れ特性探索を担当。,ベガ既存11枠を上書きせず、CFRU側の条件付きオーバーレイ／DexNav／大量発生へ登録,P2,トーホク野生生態,502ばんどうろ／すいどう,ずつき／朝昼オーバーレイ,追加抽選3～6%,本編必須フラグを変更せず、外来生態フラグ・時間帯・DexNav・大量発生で制御,カントー高レベル野生生態,4ばんどうろ,草むらオーバーレイ,通常表8～15%,ベガ初回殿堂入り後。認定章数でエリアと中間進化枠を段階解禁。,通常系統は両地方で基礎種を捕獲可能。トーホクは早期育成、カントーは高レベル・隠れ特性・タマゴ技探索を担当。,V2二地方生態版／541系統配置マスター＋特殊個体イベントマスター
397,ムクバード,staravia,4,ノーマル／ひこう,206,通常生態,no,no,未収録・追加対象,新IDへ追加（進化入手）,殿堂入り後,502ばんどうろ,進化,―,レベルアップ＋Lv.14以上（CFRU/DPEの対応トリガーを使用。通信・RTC必須にはしない）,全国研究図鑑へ登録（トーホク386完成条件には含めない）,NATIONAL_EXT_0397（新規16bit ID）,ムックル,ムックル → ムクバード → ムクホーク,外来生態レイヤーへ追加,T502,502ばんどうろ／すいどう,ずつき／朝昼オーバーレイ,Lv.3～6,追加抽選3～6%,本編必須フラグを変更せず、外来生態フラグ・時間帯・DexNav・大量発生で制御,K04,4ばんどうろ,草むらオーバーレイ,Lv.72～77,通常表8～15%,ベガ初回殿堂入り後。認定章数でエリアと中間進化枠を段階解禁。,トーホクは本編で使える低～中レベル基礎種、カントーは高レベル個体・中間進化・隠れ特性探索を担当。,ベガ既存11枠を上書きせず、CFRU側の条件付きオーバーレイ／DexNav／大量発生へ登録,P2,ムックルをトーホクで捕獲して進化,502ばんどうろ／すいどう,進化／殿堂入り後DexNavで中間進化が稀に出現,通常野生は基礎種のみ,本編必須フラグを変更せず、外来生態フラグ・時間帯・DexNav・大量発生で制御,ムックルをカントーで捕獲して進化,4ばんどうろ,進化／認定章6個以降は中間進化がDexNav希少枠,通常野生は基礎種中心,ベガ初回殿堂入り後。認定章数でエリアと中間進化枠を段階解禁。,通常系統は両地方で基礎種を捕獲可能。トーホクは早期育成、カントーは高レベル・隠れ特性・タマゴ技探索を担当。,V2二地方生態版／541系統配置マスター＋特殊個体イベントマスター
398,ムクホーク,staraptor,4,ノーマル／ひこう,206,通常生態,no,no,未収録・追加対象,新IDへ追加（進化入手）,殿堂入り後,502ばんどうろ,進化,―,レベルアップ＋Lv.34以上（CFRU/DPEの対応トリガーを使用。通信・RTC必須にはしない）,全国研究図鑑へ登録（トーホク386完成条件には含めない）,NATIONAL_EXT_0398（新規16bit ID）,ムックル,ムックル → ムクバード → ムクホーク,外来生態レイヤーへ追加,T502,502ばんどうろ／すいどう,ずつき／朝昼オーバーレイ,Lv.3～6,追加抽選3～6%,本編必須フラグを変更せず、外来生態フラグ・時間帯・DexNav・大量発生で制御,K04,4ばんどうろ,草むらオーバーレイ,Lv.72～77,通常表8～15%,ベガ初回殿堂入り後。認定章数でエリアと中間進化枠を段階解禁。,トーホクは本編で使える低～中レベル基礎種、カントーは高レベル個体・中間進化・隠れ特性探索を担当。,ベガ既存11枠を上書きせず、CFRU側の条件付きオーバーレイ／DexNav／大量発生へ登録,P2,ムックルをトーホクで捕獲して進化,502ばんどうろ／すいどう,進化／殿堂入り後DexNavで中間進化が稀に出現,通常野生は基礎種のみ,本編必須フラグを変更せず、外来生態フラグ・時間帯・DexNav・大量発生で制御,ムックルをカントーで捕獲して進化,4ばんどうろ,進化／認定章6個以降は中間進化がDexNav希少枠,通常野生は基礎種中心,ベガ初回殿堂入り後。認定章数でエリアと中間進化枠を段階解禁。,通常系統は両地方で基礎種を捕獲可能。トーホクは早期育成、カントーは高レベル・隠れ特性・タマゴ技探索を担当。,V2二地方生態版／541系統配置マスター＋特殊個体イベントマスター
399,ビッパ,bidoof,4,ノーマル,207,通常生態,no,no,未収録・追加対象,新IDへ追加,殿堂入り後,こおりのしま,釣り,8～12%,主に基礎形のみ出現。中間・最終進化は原則として育成で入手。時間帯・天候は生態チケットで任意固定可能。,全国研究図鑑へ登録（トーホク386完成条件には含めない）,NATIONAL_EXT_0399（新規16bit ID）,ビッパ,ビッパ → ビーダル,外来生態レイヤーへ追加,T509,509ばんどうろ／すいどう,釣りオーバーレイ,Lv.21～27,追加抽選4～8%,本編必須フラグを変更せず、外来生態フラグ・時間帯・DexNav・大量発生で制御,K06,6ばんどうろ,釣りオーバーレイ,Lv.75～80,通常表10～20%,ベガ初回殿堂入り後。認定章数でエリアと中間進化枠を段階解禁。,トーホクは本編で使える低～中レベル基礎種、カントーは高レベル個体・中間進化・隠れ特性探索を担当。,ベガ既存11枠を上書きせず、CFRU側の条件付きオーバーレイ／DexNav／大量発生へ登録,P2,トーホク野生生態,509ばんどうろ／すいどう,釣りオーバーレイ,追加抽選4～8%,本編必須フラグを変更せず、外来生態フラグ・時間帯・DexNav・大量発生で制御,カントー高レベル野生生態,6ばんどうろ,釣りオーバーレイ,通常表10～20%,ベガ初回殿堂入り後。認定章数でエリアと中間進化枠を段階解禁。,通常系統は両地方で基礎種を捕獲可能。トーホクは早期育成、カントーは高レベル・隠れ特性・タマゴ技探索を担当。,V2二地方生態版／541系統配置マスター＋特殊個体イベントマスター
400,ビーダル,bibarel,4,ノーマル／みず,207,通常生態,no,no,未収録・追加対象,新IDへ追加（進化入手）,殿堂入り後,こおりのしま,進化,―,レベルアップ＋Lv.15以上（CFRU/DPEの対応トリガーを使用。通信・RTC必須にはしない）,全国研究図鑑へ登録（トーホク386完成条件には含めない）,NATIONAL_EXT_0400（新規16bit ID）,ビッパ,ビッパ → ビーダル,外来生態レイヤーへ追加,T509,509ばんどうろ／すいどう,釣りオーバーレイ,Lv.21～27,追加抽選4～8%,本編必須フラグを変更せず、外来生態フラグ・時間帯・DexNav・大量発生で制御,K06,6ばんどうろ,釣りオーバーレイ,Lv.75～80,通常表10～20%,ベガ初回殿堂入り後。認定章数でエリアと中間進化枠を段階解禁。,トーホクは本編で使える低～中レベル基礎種、カントーは高レベル個体・中間進化・隠れ特性探索を担当。,ベガ既存11枠を上書きせず、CFRU側の条件付きオーバーレイ／DexNav／大量発生へ登録,P2,ビッパをトーホクで捕獲して進化,509ばんどうろ／すいどう,進化／殿堂入り後DexNavで中間進化が稀に出現,通常野生は基礎種のみ,本編必須フラグを変更せず、外来生態フラグ・時間帯・DexNav・大量発生で制御,ビッパをカントーで捕獲して進化,6ばんどうろ,進化／認定章6個以降は中間進化がDexNav希少枠,通常野生は基礎種中心,ベガ初回殿堂入り後。認定章数でエリアと中間進化枠を段階解禁。,通常系統は両地方で基礎種を捕獲可能。トーホクは早期育成、カントーは高レベル・隠れ特性・タマゴ技探索を担当。,V2二地方生態版／541系統配置マスター＋特殊個体イベントマスター
401,コロボーシ,kricketot,4,むし,208,通常生態,no,no,未収録・追加対象,新IDへ追加,殿堂入り後,ハクジのもり,ずつき,8～12%,主に基礎形のみ出現。中間・最終進化は原則として育成で入手。時間帯・天候は生態チケットで任意固定可能。,全国研究図鑑へ登録（トーホク386完成条件には含めない）,NATIONAL_EXT_0401（新規16bit ID）,コロボーシ,コロボーシ → コロトック,外来生態レイヤーへ追加,T036,サファリゾーン東,ずつき／朝昼オーバーレイ,Lv.38～48／殿堂入り後Lv.55～70,追加抽選3～6%,本編必須フラグを変更せず、外来生態フラグ・時間帯・DexNav・大量発生で制御,K35,サファリゾーン東,ずつき／朝昼オーバーレイ,Lv.85～94,通常表8～15%,ベガ初回殿堂入り後。認定章数でエリアと中間進化枠を段階解禁。,トーホクは本編で使える低～中レベル基礎種、カントーは高レベル個体・中間進化・隠れ特性探索を担当。,ベガ既存11枠を上書きせず、CFRU側の条件付きオーバーレイ／DexNav／大量発生へ登録,P2,トーホク野生生態,サファリゾーン東,ずつき／朝昼オーバーレイ,追加抽選3～6%,本編必須フラグを変更せず、外来生態フラグ・時間帯・DexNav・大量発生で制御,カントー高レベル野生生態,サファリゾーン東,ずつき／朝昼オーバーレイ,通常表8～15%,ベガ初回殿堂入り後。認定章数でエリアと中間進化枠を段階解禁。,通常系統は両地方で基礎種を捕獲可能。トーホクは早期育成、カントーは高レベル・隠れ特性・タマゴ技探索を担当。,V2二地方生態版／541系統配置マスター＋特殊個体イベントマスター
402,コロトック,kricketune,4,むし,208,通常生態,no,no,未収録・追加対象,新IDへ追加（進化入手）,殿堂入り後,ハクジのもり,進化,―,レベルアップ＋Lv.10以上（CFRU/DPEの対応トリガーを使用。通信・RTC必須にはしない）,全国研究図鑑へ登録（トーホク386完成条件には含めない）,NATIONAL_EXT_0402（新規16bit ID）,コロボーシ,コロボーシ → コロトック,外来生態レイヤーへ追加,T036,サファリゾーン東,ずつき／朝昼オーバーレイ,Lv.38～48／殿堂入り後Lv.55～70,追加抽選3～6%,本編必須フラグを変更せず、外来生態フラグ・時間帯・DexNav・大量発生で制御,K35,サファリゾーン東,ずつき／朝昼オーバーレイ,Lv.85～94,通常表8～15%,ベガ初回殿堂入り後。認定章数でエリアと中間進化枠を段階解禁。,トーホクは本編で使える低～中レベル基礎種、カントーは高レベル個体・中間進化・隠れ特性探索を担当。,ベガ既存11枠を上書きせず、CFRU側の条件付きオーバーレイ／DexNav／大量発生へ登録,P2,コロボーシをトーホクで捕獲して進化,サファリゾーン東,進化／殿堂入り後DexNavで中間進化が稀に出現,通常野生は基礎種のみ,本編必須フラグを変更せず、外来生態フラグ・時間帯・DexNav・大量発生で制御,コロボーシをカントーで捕獲して進化,サファリゾーン東,進化／認定章6個以降は中間進化がDexNav希少枠,通常野生は基礎種中心,ベガ初回殿堂入り後。認定章数でエリアと中間進化枠を段階解禁。,通常系統は両地方で基礎種を捕獲可能。トーホクは早期育成、カントーは高レベル・隠れ特性・タマゴ技探索を担当。,V2二地方生態版／541系統配置マスター＋特殊個体イベントマスター
403,コリンク,shinx,4,でんき,209,通常生態,no,no,未収録・追加対象,新IDへ追加,バッジ5～6個,510～513ばんどうろ,大量発生,発生中20～40%,主に基礎形のみ出現。中間・最終進化は原則として育成で入手。時間帯・天候は生態チケットで任意固定可能。,全国研究図鑑へ登録（トーホク386完成条件には含めない）,NATIONAL_EXT_0403（新規16bit ID）,コリンク,コリンク → ルクシオ → レントラー,外来生態レイヤーへ追加,T029,かみなりのしま,草むらオーバーレイ,Lv.30～40／殿堂入り後Lv.55～70,追加抽選3～6%,本編必須フラグを変更せず、外来生態フラグ・時間帯・DexNav・大量発生で制御,K40,むじんはつでんしょ,洞窟・屋内オーバーレイ,Lv.82～94,通常表8～15%,ベガ初回殿堂入り後。認定章数でエリアと中間進化枠を段階解禁。,トーホクは本編で使える低～中レベル基礎種、カントーは高レベル個体・中間進化・隠れ特性探索を担当。,ベガ既存11枠を上書きせず、CFRU側の条件付きオーバーレイ／DexNav／大量発生へ登録,P1,トーホク野生生態,かみなりのしま,草むらオーバーレイ,追加抽選3～6%,本編必須フラグを変更せず、外来生態フラグ・時間帯・DexNav・大量発生で制御,カントー高レベル野生生態,むじんはつでんしょ,洞窟・屋内オーバーレイ,通常表8～15%,ベガ初回殿堂入り後。認定章数でエリアと中間進化枠を段階解禁。,通常系統は両地方で基礎種を捕獲可能。トーホクは早期育成、カントーは高レベル・隠れ特性・タマゴ技探索を担当。,V2二地方生態版／541系統配置マスター＋特殊個体イベントマスター
404,ルクシオ,luxio,4,でんき,209,通常生態,no,no,未収録・追加対象,新IDへ追加（進化入手）,バッジ5～6個,510～513ばんどうろ,進化,―,レベルアップ＋Lv.15以上（CFRU/DPEの対応トリガーを使用。通信・RTC必須にはしない）,全国研究図鑑へ登録（トーホク386完成条件には含めない）,NATIONAL_EXT_0404（新規16bit ID）,コリンク,コリンク → ルクシオ → レントラー,外来生態レイヤーへ追加,T029,かみなりのしま,草むらオーバーレイ,Lv.30～40／殿堂入り後Lv.55～70,追加抽選3～6%,本編必須フラグを変更せず、外来生態フラグ・時間帯・DexNav・大量発生で制御,K40,むじんはつでんしょ,洞窟・屋内オーバーレイ,Lv.82～94,通常表8～15%,ベガ初回殿堂入り後。認定章数でエリアと中間進化枠を段階解禁。,トーホクは本編で使える低～中レベル基礎種、カントーは高レベル個体・中間進化・隠れ特性探索を担当。,ベガ既存11枠を上書きせず、CFRU側の条件付きオーバーレイ／DexNav／大量発生へ登録,P1,コリンクをトーホクで捕獲して進化,かみなりのしま,進化／殿堂入り後DexNavで中間進化が稀に出現,通常野生は基礎種のみ,本編必須フラグを変更せず、外来生態フラグ・時間帯・DexNav・大量発生で制御,コリンクをカントーで捕獲して進化,むじんはつでんしょ,進化／認定章6個以降は中間進化がDexNav希少枠,通常野生は基礎種中心,ベガ初回殿堂入り後。認定章数でエリアと中間進化枠を段階解禁。,通常系統は両地方で基礎種を捕獲可能。トーホクは早期育成、カントーは高レベル・隠れ特性・タマゴ技探索を担当。,V2二地方生態版／541系統配置マスター＋特殊個体イベントマスター
405,レントラー,luxray,4,でんき,209,通常生態,no,no,未収録・追加対象,新IDへ追加（進化入手）,バッジ5～6個,510～513ばんどうろ,進化,―,レベルアップ＋Lv.30以上（CFRU/DPEの対応トリガーを使用。通信・RTC必須にはしない）,全国研究図鑑へ登録（トーホク386完成条件には含めない）,NATIONAL_EXT_0405（新規16bit ID）,コリンク,コリンク → ルクシオ → レントラー,外来生態レイヤーへ追加,T029,かみなりのしま,草むらオーバーレイ,Lv.30～40／殿堂入り後Lv.55～70,追加抽選3～6%,本編必須フラグを変更せず、外来生態フラグ・時間帯・DexNav・大量発生で制御,K40,むじんはつでんしょ,洞窟・屋内オーバーレイ,Lv.82～94,通常表8～15%,ベガ初回殿堂入り後。認定章数でエリアと中間進化枠を段階解禁。,トーホクは本編で使える低～中レベル基礎種、カントーは高レベル個体・中間進化・隠れ特性探索を担当。,ベガ既存11枠を上書きせず、CFRU側の条件付きオーバーレイ／DexNav／大量発生へ登録,P1,コリンクをトーホクで捕獲して進化,かみなりのしま,進化／殿堂入り後DexNavで中間進化が稀に出現,通常野生は基礎種のみ,本編必須フラグを変更せず、外来生態フラグ・時間帯・DexNav・大量発生で制御,コリンクをカントーで捕獲して進化,むじんはつでんしょ,進化／認定章6個以降は中間進化がDexNav希少枠,通常野生は基礎種中心,ベガ初回殿堂入り後。認定章数でエリアと中間進化枠を段階解禁。,通常系統は両地方で基礎種を捕獲可能。トーホクは早期育成、カントーは高レベル・隠れ特性・タマゴ技探索を担当。,V2二地方生態版／541系統配置マスター＋特殊個体イベントマスター
406,スボミー,budew,4,くさ／どく,158,ベビィ含有,no,no,未収録・追加対象,新IDへ追加,殿堂入り後,サファリゾーン東,大量発生,発生中20～40%,主に基礎形のみ出現。中間・最終進化は原則として育成で入手。時間帯・天候は生態チケットで任意固定可能。,全国研究図鑑へ登録（トーホク386完成条件には含めない）,NATIONAL_EXT_0406（新規16bit ID）,スボミー,スボミー → ロゼリア → ロズレイド,外来生態レイヤーへ追加,T504,504ばんどうろ／すいどう,DexNav隠し枠／低確率タマゴ,Lv.9～13,通常0%／DexNav 2～5%,本編必須フラグを変更せず、外来生態フラグ・時間帯・DexNav・大量発生で制御,K33,タマムシ温室,DexNav隠し枠／低確率タマゴ,Lv.82～90,通常0%／DexNav 2～5%,ベガ初回殿堂入り後。認定章数でエリアと中間進化枠を段階解禁。,トーホクは本編で使える低～中レベル基礎種、カントーは高レベル個体・中間進化・隠れ特性探索を担当。,ベガ既存11枠を上書きせず、CFRU側の条件付きオーバーレイ／DexNav／大量発生へ登録,P2,トーホク野生生態,504ばんどうろ／すいどう,DexNav隠し枠／低確率タマゴ,通常0%／DexNav 2～5%,本編必須フラグを変更せず、外来生態フラグ・時間帯・DexNav・大量発生で制御,カントー高レベル野生生態,タマムシ温室,DexNav隠し枠／低確率タマゴ,通常0%／DexNav 2～5%,ベガ初回殿堂入り後。認定章数でエリアと中間進化枠を段階解禁。,通常系統は両地方で基礎種を捕獲可能。トーホクは早期育成、カントーは高レベル・隠れ特性・タマゴ技探索を担当。,V2二地方生態版／541系統配置マスター＋特殊個体イベントマスター
407,ロズレイド,roserade,4,くさ／どく,158,ベビィ含有,no,no,未収録・追加対象,新IDへ追加（進化入手）,殿堂入り後,サファリゾーン東,進化,―,道具使用＋ひかりのいしを使う（CFRU/DPEの対応トリガーを使用。通信・RTC必須にはしない）,全国研究図鑑へ登録（トーホク386完成条件には含めない）,NATIONAL_EXT_0407（新規16bit ID）,スボミー,スボミー → ロゼリア → ロズレイド,外来生態レイヤーへ追加,T504,504ばんどうろ／すいどう,DexNav隠し枠／低確率タマゴ,Lv.9～13,通常0%／DexNav 2～5%,本編必須フラグを変更せず、外来生態フラグ・時間帯・DexNav・大量発生で制御,K33,タマムシ温室,DexNav隠し枠／低確率タマゴ,Lv.82～90,通常0%／DexNav 2～5%,ベガ初回殿堂入り後。認定章数でエリアと中間進化枠を段階解禁。,トーホクは本編で使える低～中レベル基礎種、カントーは高レベル個体・中間進化・隠れ特性探索を担当。,ベガ既存11枠を上書きせず、CFRU側の条件付きオーバーレイ／DexNav／大量発生へ登録,P2,スボミーをトーホクで捕獲して進化,504ばんどうろ／すいどう,進化／殿堂入り後DexNavで中間進化が稀に出現,通常野生は基礎種のみ,本編必須フラグを変更せず、外来生態フラグ・時間帯・DexNav・大量発生で制御,スボミーをカントーで捕獲して進化,タマムシ温室,進化／認定章6個以降は中間進化がDexNav希少枠,通常野生は基礎種中心,ベガ初回殿堂入り後。認定章数でエリアと中間進化枠を段階解禁。,通常系統は両地方で基礎種を捕獲可能。トーホクは早期育成、カントーは高レベル・隠れ特性・タマゴ技探索を担当。,V2二地方生態版／541系統配置マスター＋特殊個体イベントマスター
408,ズガイドス,cranidos,4,いわ,211,化石,no,no,未収録・追加対象,新IDへ追加,殿堂入り（一部化石はバッジ5個）,ヒスイシティ考古学室（NPC追加）,化石・復元部品を納品,―,化石はちえのどうくつ／いわくだき／採掘依頼で反復入手。ガラル化石は2部品合成。,全国研究図鑑へ登録（トーホク386完成条件には含めない）,NATIONAL_EXT_0408（新規16bit ID）,ズガイドス,ズガイドス → ラムパルド,化石復元追加,T_FOSSIL,ヒスイシティ考古学室,発掘片2個を納品して復元,Lv.20,反復採掘可,化石はちえのどうくつ／いわくだき／採掘依頼で反復入手。ガラル化石は2部品合成。,K44,ニビ博物館・化石研究室,博物館鑑定後に復元,Lv.30,月石片／火山灰を消費して反復可,ベガ初回殿堂入り後。認定章数でエリアと中間進化枠を段階解禁。,トーホクは早期の復元、カントーは高個体値・隠れ特性の再復元を担当。,通常野生表には入れない,P2,ヒスイ考古学室で化石復元,ヒスイシティ考古学室,化石復元,各化石は探索・BPで再入手,化石はちえのどうくつ／いわくだき／採掘依頼で反復入手。ガラル化石は2部品合成。,ニビ博物館／グレン研究所で復元,ニビ博物館・化石研究室,化石復元,認定章数に応じて化石追加,ベガ初回殿堂入り後。認定章数でエリアと中間進化枠を段階解禁。,通常系統は両地方で基礎種を捕獲可能。トーホクは早期育成、カントーは高レベル・隠れ特性・タマゴ技探索を担当。,V2二地方生態版／541系統配置マスター＋特殊個体イベントマスター
409,ラムパルド,rampardos,4,いわ,211,化石,no,no,未収録・追加対象,新IDへ追加（進化入手）,殿堂入り（一部化石はバッジ5個）,ヒスイシティ考古学室（NPC追加）,進化,―,レベルアップ＋Lv.30以上（CFRU/DPEの対応トリガーを使用。通信・RTC必須にはしない）,全国研究図鑑へ登録（トーホク386完成条件には含めない）,NATIONAL_EXT_0409（新規16bit ID）,ズガイドス,ズガイドス → ラムパルド,化石復元追加,T_FOSSIL,ヒスイシティ考古学室,発掘片2個を納品して復元,Lv.20,反復採掘可,化石はちえのどうくつ／いわくだき／採掘依頼で反復入手。ガラル化石は2部品合成。,K44,ニビ博物館・化石研究室,博物館鑑定後に復元,Lv.30,月石片／火山灰を消費して反復可,ベガ初回殿堂入り後。認定章数でエリアと中間進化枠を段階解禁。,トーホクは早期の復元、カントーは高個体値・隠れ特性の再復元を担当。,通常野生表には入れない,P2,ズガイドスを復元して進化,ヒスイシティ考古学室,進化,野生追加なし,化石はちえのどうくつ／いわくだき／採掘依頼で反復入手。ガラル化石は2部品合成。,ズガイドスを復元して進化,ニビ博物館・化石研究室,進化,野生追加なし,ベガ初回殿堂入り後。認定章数でエリアと中間進化枠を段階解禁。,通常系統は両地方で基礎種を捕獲可能。トーホクは早期育成、カントーは高レベル・隠れ特性・タマゴ技探索を担当。,V2二地方生態版／541系統配置マスター＋特殊個体イベントマスター
410,タテトプス,shieldon,4,いわ／はがね,212,化石,no,no,未収録・追加対象,新IDへ追加,殿堂入り（一部化石はバッジ5個）,ヒスイシティ考古学室（NPC追加）,化石・復元部品を納品,―,化石はちえのどうくつ／いわくだき／採掘依頼で反復入手。ガラル化石は2部品合成。,全国研究図鑑へ登録（トーホク386完成条件には含めない）,NATIONAL_EXT_0410（新規16bit ID）,タテトプス,タテトプス → トリデプス,化石復元追加,T_FOSSIL,ヒスイシティ考古学室,発掘片2個を納品して復元,Lv.20,反復採掘可,化石はちえのどうくつ／いわくだき／採掘依頼で反復入手。ガラル化石は2部品合成。,K45,グレン研究所,博物館鑑定後に復元,Lv.30,月石片／火山灰を消費して反復可,ベガ初回殿堂入り後。認定章数でエリアと中間進化枠を段階解禁。,トーホクは早期の復元、カントーは高個体値・隠れ特性の再復元を担当。,通常野生表には入れない,P2,ヒスイ考古学室で化石復元,ヒスイシティ考古学室,化石復元,各化石は探索・BPで再入手,化石はちえのどうくつ／いわくだき／採掘依頼で反復入手。ガラル化石は2部品合成。,ニビ博物館／グレン研究所で復元,グレン研究所,化石復元,認定章数に応じて化石追加,ベガ初回殿堂入り後。認定章数でエリアと中間進化枠を段階解禁。,通常系統は両地方で基礎種を捕獲可能。トーホクは早期育成、カントーは高レベル・隠れ特性・タマゴ技探索を担当。,V2二地方生態版／541系統配置マスター＋特殊個体イベントマスター
411,トリデプス,bastiodon,4,いわ／はがね,212,化石,no,no,未収録・追加対象,新IDへ追加（進化入手）,殿堂入り（一部化石はバッジ5個）,ヒスイシティ考古学室（NPC追加）,進化,―,レベルアップ＋Lv.30以上（CFRU/DPEの対応トリガーを使用。通信・RTC必須にはしない）,全国研究図鑑へ登録（トーホク386完成条件には含めない）,NATIONAL_EXT_0411（新規16bit ID）,タテトプス,タテトプス → トリデプス,化石復元追加,T_FOSSIL,ヒスイシティ考古学室,発掘片2個を納品して復元,Lv.20,反復採掘可,化石はちえのどうくつ／いわくだき／採掘依頼で反復入手。ガラル化石は2部品合成。,K45,グレン研究所,博物館鑑定後に復元,Lv.30,月石片／火山灰を消費して反復可,ベガ初回殿堂入り後。認定章数でエリアと中間進化枠を段階解禁。,トーホクは早期の復元、カントーは高個体値・隠れ特性の再復元を担当。,通常野生表には入れない,P2,タテトプスを復元して進化,ヒスイシティ考古学室,進化,野生追加なし,化石はちえのどうくつ／いわくだき／採掘依頼で反復入手。ガラル化石は2部品合成。,タテトプスを復元して進化,グレン研究所,進化,野生追加なし,ベガ初回殿堂入り後。認定章数でエリアと中間進化枠を段階解禁。,通常系統は両地方で基礎種を捕獲可能。トーホクは早期育成、カントーは高レベル・隠れ特性・タマゴ技探索を担当。,V2二地方生態版／541系統配置マスター＋特殊個体イベントマスター
412,ミノムッチ,burmy,4,むし,213,通常生態,no,no,未収録・追加対象,新IDへ追加,殿堂入り後,全国生態保護区（サファリ増設区画）,生態保護区ローテーション,対象日10～20%（チケットで固定可）,主に基礎形のみ出現。中間・最終進化は原則として育成で入手。時間帯・天候は生態チケットで任意固定可能。,全国研究図鑑へ登録（トーホク386完成条件には含めない）,NATIONAL_EXT_0412（新規16bit ID）,ミノムッチ,ミノムッチ → ミノマダム → ガーメイル,外来生態レイヤーへ追加,T517,517ばんどうろ／すいどう,草むらオーバーレイ,Lv.38～45,追加抽選3～6%,本編必須フラグを変更せず、外来生態フラグ・時間帯・DexNav・大量発生で制御,K02,2ばんどうろ,ずつき／朝昼オーバーレイ,Lv.69～73,通常表8～15%,ベガ初回殿堂入り後。認定章数でエリアと中間進化枠を段階解禁。,トーホクは本編で使える低～中レベル基礎種、カントーは高レベル個体・中間進化・隠れ特性探索を担当。,ベガ既存11枠を上書きせず、CFRU側の条件付きオーバーレイ／DexNav／大量発生へ登録,P2,トーホク野生生態,517ばんどうろ／すいどう,草むらオーバーレイ,追加抽選3～6%,本編必須フラグを変更せず、外来生態フラグ・時間帯・DexNav・大量発生で制御,カントー高レベル野生生態,2ばんどうろ,ずつき／朝昼オーバーレイ,通常表8～15%,ベガ初回殿堂入り後。認定章数でエリアと中間進化枠を段階解禁。,通常系統は両地方で基礎種を捕獲可能。トーホクは早期育成、カントーは高レベル・隠れ特性・タマゴ技探索を担当。,V2二地方生態版／541系統配置マスター＋特殊個体イベントマスター
413,ミノマダム,wormadam,4,むし／くさ,213,通常生態,no,no,未収録・追加対象,新IDへ追加（進化入手）,殿堂入り後,全国生態保護区（サファリ増設区画）,進化,―,レベルアップ＋Lv.20以上＋♀（CFRU/DPEの対応トリガーを使用。通信・RTC必須にはしない）,全国研究図鑑へ登録（トーホク386完成条件には含めない）,NATIONAL_EXT_0413（新規16bit ID）,ミノムッチ,ミノムッチ → ミノマダム → ガーメイル,外来生態レイヤーへ追加,T517,517ばんどうろ／すいどう,草むらオーバーレイ,Lv.38～45,追加抽選3～6%,本編必須フラグを変更せず、外来生態フラグ・時間帯・DexNav・大量発生で制御,K02,2ばんどうろ,ずつき／朝昼オーバーレイ,Lv.69～73,通常表8～15%,ベガ初回殿堂入り後。認定章数でエリアと中間進化枠を段階解禁。,トーホクは本編で使える低～中レベル基礎種、カントーは高レベル個体・中間進化・隠れ特性探索を担当。,ベガ既存11枠を上書きせず、CFRU側の条件付きオーバーレイ／DexNav／大量発生へ登録,P2,ミノムッチをトーホクで捕獲して進化,517ばんどうろ／すいどう,進化／殿堂入り後DexNavで中間進化が稀に出現,通常野生は基礎種のみ,本編必須フラグを変更せず、外来生態フラグ・時間帯・DexNav・大量発生で制御,ミノムッチをカントーで捕獲して進化,2ばんどうろ,進化／認定章6個以降は中間進化がDexNav希少枠,通常野生は基礎種中心,ベガ初回殿堂入り後。認定章数でエリアと中間進化枠を段階解禁。,通常系統は両地方で基礎種を捕獲可能。トーホクは早期育成、カントーは高レベル・隠れ特性・タマゴ技探索を担当。,V2二地方生態版／541系統配置マスター＋特殊個体イベントマスター
414,ガーメイル,mothim,4,むし／ひこう,213,通常生態,no,no,未収録・追加対象,新IDへ追加（進化入手）,殿堂入り後,全国生態保護区（サファリ増設区画）,進化,―,レベルアップ＋Lv.20以上＋♂（CFRU/DPEの対応トリガーを使用。通信・RTC必須にはしない）,全国研究図鑑へ登録（トーホク386完成条件には含めない）,NATIONAL_EXT_0414（新規16bit ID）,ミノムッチ,ミノムッチ → ミノマダム → ガーメイル,外来生態レイヤーへ追加,T517,517ばんどうろ／すいどう,草むらオーバーレイ,Lv.38～45,追加抽選3～6%,本編必須フラグを変更せず、外来生態フラグ・時間帯・DexNav・大量発生で制御,K02,2ばんどうろ,ずつき／朝昼オーバーレイ,Lv.69～73,通常表8～15%,ベガ初回殿堂入り後。認定章数でエリアと中間進化枠を段階解禁。,トーホクは本編で使える低～中レベル基礎種、カントーは高レベル個体・中間進化・隠れ特性探索を担当。,ベガ既存11枠を上書きせず、CFRU側の条件付きオーバーレイ／DexNav／大量発生へ登録,P2,ミノムッチをトーホクで捕獲して進化,517ばんどうろ／すいどう,進化／殿堂入り後DexNavで中間進化が稀に出現,通常野生は基礎種のみ,本編必須フラグを変更せず、外来生態フラグ・時間帯・DexNav・大量発生で制御,ミノムッチをカントーで捕獲して進化,2ばんどうろ,進化／認定章6個以降は中間進化がDexNav希少枠,通常野生は基礎種中心,ベガ初回殿堂入り後。認定章数でエリアと中間進化枠を段階解禁。,通常系統は両地方で基礎種を捕獲可能。トーホクは早期育成、カントーは高レベル・隠れ特性・タマゴ技探索を担当。,V2二地方生態版／541系統配置マスター＋特殊個体イベントマスター
415,ミツハニー,combee,4,むし／ひこう,214,通常生態,no,no,未収録・追加対象,新IDへ追加,バッジ7～8個,502ばんどうろ,大量発生,発生中20～40%,主に基礎形のみ出現。中間・最終進化は原則として育成で入手。時間帯・天候は生態チケットで任意固定可能。,全国研究図鑑へ登録（トーホク386完成条件には含めない）,NATIONAL_EXT_0415（新規16bit ID）,ミツハニー,ミツハニー → ビークイン,外来生態レイヤーへ追加,T502,502ばんどうろ／すいどう,ずつき／朝昼オーバーレイ,Lv.3～6,追加抽選3～6%,本編必須フラグを変更せず、外来生態フラグ・時間帯・DexNav・大量発生で制御,K02,2ばんどうろ,ずつき／朝昼オーバーレイ,Lv.69～73,通常表8～15%,ベガ初回殿堂入り後。認定章数でエリアと中間進化枠を段階解禁。,トーホクは本編で使える低～中レベル基礎種、カントーは高レベル個体・中間進化・隠れ特性探索を担当。,ベガ既存11枠を上書きせず、CFRU側の条件付きオーバーレイ／DexNav／大量発生へ登録,P1,トーホク野生生態,502ばんどうろ／すいどう,ずつき／朝昼オーバーレイ,追加抽選3～6%,本編必須フラグを変更せず、外来生態フラグ・時間帯・DexNav・大量発生で制御,カントー高レベル野生生態,2ばんどうろ,ずつき／朝昼オーバーレイ,通常表8～15%,ベガ初回殿堂入り後。認定章数でエリアと中間進化枠を段階解禁。,通常系統は両地方で基礎種を捕獲可能。トーホクは早期育成、カントーは高レベル・隠れ特性・タマゴ技探索を担当。,V2二地方生態版／541系統配置マスター＋特殊個体イベントマスター
416,ビークイン,vespiquen,4,むし／ひこう,214,通常生態,no,no,未収録・追加対象,新IDへ追加（進化入手）,バッジ7～8個,502ばんどうろ,進化,―,レベルアップ＋Lv.21以上＋♀（CFRU/DPEの対応トリガーを使用。通信・RTC必須にはしない）,全国研究図鑑へ登録（トーホク386完成条件には含めない）,NATIONAL_EXT_0416（新規16bit ID）,ミツハニー,ミツハニー → ビークイン,外来生態レイヤーへ追加,T502,502ばんどうろ／すいどう,ずつき／朝昼オーバーレイ,Lv.3～6,追加抽選3～6%,本編必須フラグを変更せず、外来生態フラグ・時間帯・DexNav・大量発生で制御,K02,2ばんどうろ,ずつき／朝昼オーバーレイ,Lv.69～73,通常表8～15%,ベガ初回殿堂入り後。認定章数でエリアと中間進化枠を段階解禁。,トーホクは本編で使える低～中レベル基礎種、カントーは高レベル個体・中間進化・隠れ特性探索を担当。,ベガ既存11枠を上書きせず、CFRU側の条件付きオーバーレイ／DexNav／大量発生へ登録,P1,ミツハニーをトーホクで捕獲して進化,502ばんどうろ／すいどう,進化／殿堂入り後DexNavで中間進化が稀に出現,通常野生は基礎種のみ,本編必須フラグを変更せず、外来生態フラグ・時間帯・DexNav・大量発生で制御,ミツハニーをカントーで捕獲して進化,2ばんどうろ,進化／認定章6個以降は中間進化がDexNav希少枠,通常野生は基礎種中心,ベガ初回殿堂入り後。認定章数でエリアと中間進化枠を段階解禁。,通常系統は両地方で基礎種を捕獲可能。トーホクは早期育成、カントーは高レベル・隠れ特性・タマゴ技探索を担当。,V2二地方生態版／541系統配置マスター＋特殊個体イベントマスター
417,パチリス,pachirisu,4,でんき,215,通常生態,no,no,既存（トーホク図鑑175）,既存ベガ個体を保持,ベガ既存進行,ベガ既存地点,ベガ既存入手法,既存値,トーホク図鑑No.175。内部種族ID・図鑑登録・イベント参照を変更しない。,トーホク図鑑にも既存番号で登録,VEGA_NATIVE_175（実ROMから確定）,パチリス,パチリス,ベガ既存系統を完全保持,VEGA_NATIVE,ベガ既存地点（出現表・配布・進化を変更しない）,ベガ既存入手法,既存値,既存値,既存イベント・野生表・進化条件を原則維持。現代化で条件が壊れる場合のみ互換処理。,K10,10ばんどうろ,草むらオーバーレイ,Lv.78～84,通常表8～15%,ベガ初回殿堂入り後。認定章数でエリアと中間進化枠を段階解禁。,トーホクではベガ既存個体を保護。カントーでは高レベル個体・隠れ特性・タマゴ技探索を担当。,既存テーブル無変更,P0,ベガ既存入手法を完全保持,ベガ既存地点,ベガ既存入手法,既存値,トーホク図鑑No.175。内部種族ID・図鑑登録・イベント参照を変更しない。,カントー高レベル野生生態,10ばんどうろ,草むらオーバーレイ,通常表8～15%,ベガ初回殿堂入り後。認定章数でエリアと中間進化枠を段階解禁。,通常系統は両地方で基礎種を捕獲可能。トーホクは早期育成、カントーは高レベル・隠れ特性・タマゴ技探索を担当。,V2二地方生態版／541系統配置マスター＋特殊個体イベントマスター
418,ブイゼル,buizel,4,みず,216,通常生態,no,no,既存（トーホク図鑑035）,既存ベガ個体を保持,ベガ既存進行,ベガ既存地点,ベガ既存入手法,既存値,トーホク図鑑No.035。内部種族ID・図鑑登録・イベント参照を変更しない。,トーホク図鑑にも既存番号で登録,VEGA_NATIVE_035（実ROMから確定）,ブイゼル,ブイゼル → フローゼル,ベガ既存系統を完全保持,VEGA_NATIVE,ベガ既存地点（出現表・配布・進化を変更しない）,ベガ既存入手法,既存値,既存値,既存イベント・野生表・進化条件を原則維持。現代化で条件が壊れる場合のみ互換処理。,K15,15ばんどうろ,釣りオーバーレイ,Lv.85～90,通常表10～20%,ベガ初回殿堂入り後。認定章数でエリアと中間進化枠を段階解禁。,トーホクではベガ既存個体を保護。カントーでは高レベル個体・隠れ特性・タマゴ技探索を担当。,既存テーブル無変更,P0,ベガ既存入手法を完全保持,ベガ既存地点,ベガ既存入手法,既存値,トーホク図鑑No.035。内部種族ID・図鑑登録・イベント参照を変更しない。,カントー高レベル野生生態,15ばんどうろ,釣りオーバーレイ,通常表10～20%,ベガ初回殿堂入り後。認定章数でエリアと中間進化枠を段階解禁。,通常系統は両地方で基礎種を捕獲可能。トーホクは早期育成、カントーは高レベル・隠れ特性・タマゴ技探索を担当。,V2二地方生態版／541系統配置マスター＋特殊個体イベントマスター
419,フローゼル,floatzel,4,みず,216,通常生態,no,no,既存（トーホク図鑑036）,既存ベガ個体を保持,ベガ既存進行,ベガ既存地点,ベガ既存入手法,既存値,トーホク図鑑No.036。内部種族ID・図鑑登録・イベント参照を変更しない。,トーホク図鑑にも既存番号で登録,VEGA_NATIVE_036（実ROMから確定）,ブイゼル,ブイゼル → フローゼル,ベガ既存系統を完全保持,VEGA_NATIVE,ベガ既存地点（出現表・配布・進化を変更しない）,ベガ既存入手法,既存値,既存値,既存イベント・野生表・進化条件を原則維持。現代化で条件が壊れる場合のみ互換処理。,K15,15ばんどうろ,釣りオーバーレイ,Lv.85～90,通常表10～20%,ベガ初回殿堂入り後。認定章数でエリアと中間進化枠を段階解禁。,トーホクではベガ既存個体を保護。カントーでは高レベル個体・隠れ特性・タマゴ技探索を担当。,既存テーブル無変更,P0,ベガ既存入手法を完全保持,ベガ既存地点,ベガ既存入手法,既存値,トーホク図鑑No.036。内部種族ID・図鑑登録・イベント参照を変更しない。,ブイゼルをカントーで捕獲して進化,15ばんどうろ,進化／認定章6個以降は中間進化がDexNav希少枠,通常野生は基礎種中心,ベガ初回殿堂入り後。認定章数でエリアと中間進化枠を段階解禁。,通常系統は両地方で基礎種を捕獲可能。トーホクは早期育成、カントーは高レベル・隠れ特性・タマゴ技探索を担当。,V2二地方生態版／541系統配置マスター＋特殊個体イベントマスター
420,チェリンボ,cherubi,4,くさ,217,通常生態,no,no,未収録・追加対象,新IDへ追加,バッジ7～8個,サファリゾーン東,ずつき,8～12%,主に基礎形のみ出現。中間・最終進化は原則として育成で入手。時間帯・天候は生態チケットで任意固定可能。,全国研究図鑑へ登録（トーホク386完成条件には含めない）,NATIONAL_EXT_0420（新規16bit ID）,チェリンボ,チェリンボ → チェリム,外来生態レイヤーへ追加,T036,サファリゾーン東,ずつき／朝昼オーバーレイ,Lv.38～48／殿堂入り後Lv.55～70,追加抽選3～6%,本編必須フラグを変更せず、外来生態フラグ・時間帯・DexNav・大量発生で制御,K34,サファリゾーン中央,草むらオーバーレイ,Lv.85～94,通常表8～15%,ベガ初回殿堂入り後。認定章数でエリアと中間進化枠を段階解禁。,トーホクは本編で使える低～中レベル基礎種、カントーは高レベル個体・中間進化・隠れ特性探索を担当。,ベガ既存11枠を上書きせず、CFRU側の条件付きオーバーレイ／DexNav／大量発生へ登録,P1,トーホク野生生態,サファリゾーン東,ずつき／朝昼オーバーレイ,追加抽選3～6%,本編必須フラグを変更せず、外来生態フラグ・時間帯・DexNav・大量発生で制御,カントー高レベル野生生態,サファリゾーン中央,草むらオーバーレイ,通常表8～15%,ベガ初回殿堂入り後。認定章数でエリアと中間進化枠を段階解禁。,通常系統は両地方で基礎種を捕獲可能。トーホクは早期育成、カントーは高レベル・隠れ特性・タマゴ技探索を担当。,V2二地方生態版／541系統配置マスター＋特殊個体イベントマスター
421,チェリム,cherrim,4,くさ,217,通常生態,no,no,未収録・追加対象,新IDへ追加（進化入手）,バッジ7～8個,サファリゾーン東,進化,―,レベルアップ＋Lv.25以上（CFRU/DPEの対応トリガーを使用。通信・RTC必須にはしない）,全国研究図鑑へ登録（トーホク386完成条件には含めない）,NATIONAL_EXT_0421（新規16bit ID）,チェリンボ,チェリンボ → チェリム,外来生態レイヤーへ追加,T036,サファリゾーン東,ずつき／朝昼オーバーレイ,Lv.38～48／殿堂入り後Lv.55～70,追加抽選3～6%,本編必須フラグを変更せず、外来生態フラグ・時間帯・DexNav・大量発生で制御,K34,サファリゾーン中央,草むらオーバーレイ,Lv.85～94,通常表8～15%,ベガ初回殿堂入り後。認定章数でエリアと中間進化枠を段階解禁。,トーホクは本編で使える低～中レベル基礎種、カントーは高レベル個体・中間進化・隠れ特性探索を担当。,ベガ既存11枠を上書きせず、CFRU側の条件付きオーバーレイ／DexNav／大量発生へ登録,P1,チェリンボをトーホクで捕獲して進化,サファリゾーン東,進化／殿堂入り後DexNavで中間進化が稀に出現,通常野生は基礎種のみ,本編必須フラグを変更せず、外来生態フラグ・時間帯・DexNav・大量発生で制御,チェリンボをカントーで捕獲して進化,サファリゾーン中央,進化／認定章6個以降は中間進化がDexNav希少枠,通常野生は基礎種中心,ベガ初回殿堂入り後。認定章数でエリアと中間進化枠を段階解禁。,通常系統は両地方で基礎種を捕獲可能。トーホクは早期育成、カントーは高レベル・隠れ特性・タマゴ技探索を担当。,V2二地方生態版／541系統配置マスター＋特殊個体イベントマスター
422,カラナクシ,shellos,4,みず,218,通常生態,no,no,未収録・追加対象,新IDへ追加,殿堂入り後,かいていトンネル,図鑑ナビ隠し枠,通常表0%／ナビ検索時1～5%,主に基礎形のみ出現。中間・最終進化は原則として育成で入手。時間帯・天候は生態チケットで任意固定可能。,全国研究図鑑へ登録（トーホク386完成条件には含めない）,NATIONAL_EXT_0422（新規16bit ID）,カラナクシ,カラナクシ → トリトドン,外来生態レイヤーへ追加,T027,かいていトンネル,水上オーバーレイ,Lv.20～30,追加抽選4～8%,本編必須フラグを変更せず、外来生態フラグ・時間帯・DexNav・大量発生で制御,K21,21ばんどうろ,水上オーバーレイ,Lv.89～94,通常表10～20%,ベガ初回殿堂入り後。認定章数でエリアと中間進化枠を段階解禁。,トーホクは本編で使える低～中レベル基礎種、カントーは高レベル個体・中間進化・隠れ特性探索を担当。,ベガ既存11枠を上書きせず、CFRU側の条件付きオーバーレイ／DexNav／大量発生へ登録,P2,トーホク野生生態,かいていトンネル,水上オーバーレイ,追加抽選4～8%,本編必須フラグを変更せず、外来生態フラグ・時間帯・DexNav・大量発生で制御,カントー高レベル野生生態,21ばんどうろ,水上オーバーレイ,通常表10～20%,ベガ初回殿堂入り後。認定章数でエリアと中間進化枠を段階解禁。,通常系統は両地方で基礎種を捕獲可能。トーホクは早期育成、カントーは高レベル・隠れ特性・タマゴ技探索を担当。,V2二地方生態版／541系統配置マスター＋特殊個体イベントマスター
423,トリトドン,gastrodon,4,みず／じめん,218,通常生態,no,no,未収録・追加対象,新IDへ追加（進化入手）,殿堂入り後,かいていトンネル,進化,―,レベルアップ＋Lv.30以上（CFRU/DPEの対応トリガーを使用。通信・RTC必須にはしない）,全国研究図鑑へ登録（トーホク386完成条件には含めない）,NATIONAL_EXT_0423（新規16bit ID）,カラナクシ,カラナクシ → トリトドン,外来生態レイヤーへ追加,T027,かいていトンネル,水上オーバーレイ,Lv.20～30,追加抽選4～8%,本編必須フラグを変更せず、外来生態フラグ・時間帯・DexNav・大量発生で制御,K21,21ばんどうろ,水上オーバーレイ,Lv.89～94,通常表10～20%,ベガ初回殿堂入り後。認定章数でエリアと中間進化枠を段階解禁。,トーホクは本編で使える低～中レベル基礎種、カントーは高レベル個体・中間進化・隠れ特性探索を担当。,ベガ既存11枠を上書きせず、CFRU側の条件付きオーバーレイ／DexNav／大量発生へ登録,P2,カラナクシをトーホクで捕獲して進化,かいていトンネル,進化／殿堂入り後DexNavで中間進化が稀に出現,通常野生は基礎種のみ,本編必須フラグを変更せず、外来生態フラグ・時間帯・DexNav・大量発生で制御,カラナクシをカントーで捕獲して進化,21ばんどうろ,進化／認定章6個以降は中間進化がDexNav希少枠,通常野生は基礎種中心,ベガ初回殿堂入り後。認定章数でエリアと中間進化枠を段階解禁。,通常系統は両地方で基礎種を捕獲可能。トーホクは早期育成、カントーは高レベル・隠れ特性・タマゴ技探索を担当。,V2二地方生態版／541系統配置マスター＋特殊個体イベントマスター
424,エテボース,ambipom,4,ノーマル,93,通常生態,no,no,未収録・追加対象,新IDへ追加（進化入手）,殿堂入り後,501ばんどうろ,進化,―,レベルアップ＋ダブルアタックを覚えている（CFRU/DPEの対応トリガーを使用。通信・RTC必須にはしない）,全国研究図鑑へ登録（トーホク386完成条件には含めない）,NATIONAL_EXT_0424（新規16bit ID）,エイパム,エイパム → エテボース,外来生態レイヤーへ追加,T503,503ばんどうろ／すいどう,草むらオーバーレイ,Lv.5～9,追加抽選3～6%,本編必須フラグを変更せず、外来生態フラグ・時間帯・DexNav・大量発生で制御,K16,16ばんどうろ,草むらオーバーレイ,Lv.81～86,通常表8～15%,ベガ初回殿堂入り後。認定章数でエリアと中間進化枠を段階解禁。,トーホクは本編で使える低～中レベル基礎種、カントーは高レベル個体・中間進化・隠れ特性探索を担当。,ベガ既存11枠を上書きせず、CFRU側の条件付きオーバーレイ／DexNav／大量発生へ登録,P2,エイパムをトーホクで捕獲して進化,503ばんどうろ／すいどう,進化／殿堂入り後DexNavで中間進化が稀に出現,通常野生は基礎種のみ,本編必須フラグを変更せず、外来生態フラグ・時間帯・DexNav・大量発生で制御,エイパムをカントーで捕獲して進化,16ばんどうろ,進化／認定章6個以降は中間進化がDexNav希少枠,通常野生は基礎種中心,ベガ初回殿堂入り後。認定章数でエリアと中間進化枠を段階解禁。,通常系統は両地方で基礎種を捕獲可能。トーホクは早期育成、カントーは高レベル・隠れ特性・タマゴ技探索を担当。,V2二地方生態版／541系統配置マスター＋特殊個体イベントマスター
425,フワンテ,drifloon,4,ゴースト／ひこう,219,通常生態,no,no,未収録・追加対象,新IDへ追加,殿堂入り後,ダークタワー,図鑑ナビ隠し枠,通常表0%／ナビ検索時1～5%,主に基礎形のみ出現。中間・最終進化は原則として育成で入手。時間帯・天候は生態チケットで任意固定可能。,全国研究図鑑へ登録（トーホク386完成条件には含めない）,NATIONAL_EXT_0425（新規16bit ID）,フワンテ,フワンテ → フワライド,外来生態レイヤーへ追加,T515,515ばんどうろ／すいどう,夜間オーバーレイ,Lv.33～40,追加抽選3～6%,本編必須フラグを変更せず、外来生態フラグ・時間帯・DexNav・大量発生で制御,K08,8ばんどうろ,夜間オーバーレイ,Lv.79～84,夜間8～12%,ベガ初回殿堂入り後。認定章数でエリアと中間進化枠を段階解禁。,トーホクは本編で使える低～中レベル基礎種、カントーは高レベル個体・中間進化・隠れ特性探索を担当。,ベガ既存11枠を上書きせず、CFRU側の条件付きオーバーレイ／DexNav／大量発生へ登録,P2,トーホク野生生態,515ばんどうろ／すいどう,夜間オーバーレイ,追加抽選3～6%,本編必須フラグを変更せず、外来生態フラグ・時間帯・DexNav・大量発生で制御,カントー高レベル野生生態,8ばんどうろ,夜間オーバーレイ,夜間8～12%,ベガ初回殿堂入り後。認定章数でエリアと中間進化枠を段階解禁。,通常系統は両地方で基礎種を捕獲可能。トーホクは早期育成、カントーは高レベル・隠れ特性・タマゴ技探索を担当。,V2二地方生態版／541系統配置マスター＋特殊個体イベントマスター
426,フワライド,drifblim,4,ゴースト／ひこう,219,通常生態,no,no,未収録・追加対象,新IDへ追加（進化入手）,殿堂入り後,ダークタワー,進化,―,レベルアップ＋Lv.28以上（CFRU/DPEの対応トリガーを使用。通信・RTC必須にはしない）,全国研究図鑑へ登録（トーホク386完成条件には含めない）,NATIONAL_EXT_0426（新規16bit ID）,フワンテ,フワンテ → フワライド,外来生態レイヤーへ追加,T515,515ばんどうろ／すいどう,夜間オーバーレイ,Lv.33～40,追加抽選3～6%,本編必須フラグを変更せず、外来生態フラグ・時間帯・DexNav・大量発生で制御,K08,8ばんどうろ,夜間オーバーレイ,Lv.79～84,夜間8～12%,ベガ初回殿堂入り後。認定章数でエリアと中間進化枠を段階解禁。,トーホクは本編で使える低～中レベル基礎種、カントーは高レベル個体・中間進化・隠れ特性探索を担当。,ベガ既存11枠を上書きせず、CFRU側の条件付きオーバーレイ／DexNav／大量発生へ登録,P2,フワンテをトーホクで捕獲して進化,515ばんどうろ／すいどう,進化／殿堂入り後DexNavで中間進化が稀に出現,通常野生は基礎種のみ,本編必須フラグを変更せず、外来生態フラグ・時間帯・DexNav・大量発生で制御,フワンテをカントーで捕獲して進化,8ばんどうろ,進化／認定章6個以降は中間進化がDexNav希少枠,通常野生は基礎種中心,ベガ初回殿堂入り後。認定章数でエリアと中間進化枠を段階解禁。,通常系統は両地方で基礎種を捕獲可能。トーホクは早期育成、カントーは高レベル・隠れ特性・タマゴ技探索を担当。,V2二地方生態版／541系統配置マスター＋特殊個体イベントマスター
427,ミミロル,buneary,4,ノーマル,220,通常生態,no,no,未収録・追加対象,新IDへ追加,バッジ1～2個,501ばんどうろ,大量発生,発生中20～40%,主に基礎形のみ出現。中間・最終進化は原則として育成で入手。時間帯・天候は生態チケットで任意固定可能。,全国研究図鑑へ登録（トーホク386完成条件には含めない）,NATIONAL_EXT_0427（新規16bit ID）,ミミロル,ミミロル → ミミロップ,外来生態レイヤーへ追加,T506,506ばんどうろ／すいどう,大量発生,Lv.12～17,通常0%／発生中20～35%,本編必須フラグを変更せず、外来生態フラグ・時間帯・DexNav・大量発生で制御,K14,14ばんどうろ,大量発生,Lv.84～89,通常0%／発生中20～35%,ベガ初回殿堂入り後。認定章数でエリアと中間進化枠を段階解禁。,トーホクは本編で使える低～中レベル基礎種、カントーは高レベル個体・中間進化・隠れ特性探索を担当。,ベガ既存11枠を上書きせず、CFRU側の条件付きオーバーレイ／DexNav／大量発生へ登録,P1,トーホク野生生態,506ばんどうろ／すいどう,大量発生,通常0%／発生中20～35%,本編必須フラグを変更せず、外来生態フラグ・時間帯・DexNav・大量発生で制御,カントー高レベル野生生態,14ばんどうろ,大量発生,通常0%／発生中20～35%,ベガ初回殿堂入り後。認定章数でエリアと中間進化枠を段階解禁。,通常系統は両地方で基礎種を捕獲可能。トーホクは早期育成、カントーは高レベル・隠れ特性・タマゴ技探索を担当。,V2二地方生態版／541系統配置マスター＋特殊個体イベントマスター
428,ミミロップ,lopunny,4,ノーマル,220,通常生態,no,no,未収録・追加対象,新IDへ追加（進化入手）,バッジ1～2個,501ばんどうろ,進化,―,レベルアップ＋なつき度160以上（CFRU/DPEの対応トリガーを使用。通信・RTC必須にはしない）,全国研究図鑑へ登録（トーホク386完成条件には含めない）,NATIONAL_EXT_0428（新規16bit ID）,ミミロル,ミミロル → ミミロップ,外来生態レイヤーへ追加,T506,506ばんどうろ／すいどう,大量発生,Lv.12～17,通常0%／発生中20～35%,本編必須フラグを変更せず、外来生態フラグ・時間帯・DexNav・大量発生で制御,K14,14ばんどうろ,大量発生,Lv.84～89,通常0%／発生中20～35%,ベガ初回殿堂入り後。認定章数でエリアと中間進化枠を段階解禁。,トーホクは本編で使える低～中レベル基礎種、カントーは高レベル個体・中間進化・隠れ特性探索を担当。,ベガ既存11枠を上書きせず、CFRU側の条件付きオーバーレイ／DexNav／大量発生へ登録,P1,ミミロルをトーホクで捕獲して進化,506ばんどうろ／すいどう,進化／殿堂入り後DexNavで中間進化が稀に出現,通常野生は基礎種のみ,本編必須フラグを変更せず、外来生態フラグ・時間帯・DexNav・大量発生で制御,ミミロルをカントーで捕獲して進化,14ばんどうろ,進化／認定章6個以降は中間進化がDexNav希少枠,通常野生は基礎種中心,ベガ初回殿堂入り後。認定章数でエリアと中間進化枠を段階解禁。,通常系統は両地方で基礎種を捕獲可能。トーホクは早期育成、カントーは高レベル・隠れ特性・タマゴ技探索を担当。,V2二地方生態版／541系統配置マスター＋特殊個体イベントマスター
429,ムウマージ,mismagius,4,ゴースト,98,通常生態,no,no,未収録・追加対象,新IDへ追加（進化入手）,殿堂入り後,こころのやかた,進化,―,道具使用＋やみのいしを使う（CFRU/DPEの対応トリガーを使用。通信・RTC必須にはしない）,全国研究図鑑へ登録（トーホク386完成条件には含めない）,NATIONAL_EXT_0429（新規16bit ID）,ムウマ,ムウマ → ムウマージ,外来生態レイヤーへ追加,T033,ときのようかん,夜間オーバーレイ,Lv.43～55／殿堂入り後Lv.60～75,追加抽選3～6%,本編必須フラグを変更せず、外来生態フラグ・時間帯・DexNav・大量発生で制御,K31,ポケモンタワー,夜間オーバーレイ,Lv.82～90,夜間8～12%,ベガ初回殿堂入り後。認定章数でエリアと中間進化枠を段階解禁。,トーホクは本編で使える低～中レベル基礎種、カントーは高レベル個体・中間進化・隠れ特性探索を担当。,ベガ既存11枠を上書きせず、CFRU側の条件付きオーバーレイ／DexNav／大量発生へ登録,P2,ムウマをトーホクで捕獲して進化,ときのようかん,進化／殿堂入り後DexNavで中間進化が稀に出現,通常野生は基礎種のみ,本編必須フラグを変更せず、外来生態フラグ・時間帯・DexNav・大量発生で制御,ムウマをカントーで捕獲して進化,ポケモンタワー,進化／認定章6個以降は中間進化がDexNav希少枠,通常野生は基礎種中心,ベガ初回殿堂入り後。認定章数でエリアと中間進化枠を段階解禁。,通常系統は両地方で基礎種を捕獲可能。トーホクは早期育成、カントーは高レベル・隠れ特性・タマゴ技探索を担当。,V2二地方生態版／541系統配置マスター＋特殊個体イベントマスター
430,ドンカラス,honchkrow,4,あく／ひこう,97,通常生態,no,no,既存（トーホク図鑑227）,既存ベガ個体を保持,ベガ既存進行,ベガ既存地点,ベガ既存入手法,既存値,トーホク図鑑No.227。内部種族ID・図鑑登録・イベント参照を変更しない。,トーホク図鑑にも既存番号で登録,VEGA_NATIVE_227（実ROMから確定）,ヤミカラス,ヤミカラス → ドンカラス,ベガ既存系統を完全保持,VEGA_NATIVE,ベガ既存地点（出現表・配布・進化を変更しない）,ベガ既存入手法,既存値,既存値,既存イベント・野生表・進化条件を原則維持。現代化で条件が壊れる場合のみ互換処理。,K11,11ばんどうろ,夜間オーバーレイ,Lv.76～82,夜間8～12%,ベガ初回殿堂入り後。認定章数でエリアと中間進化枠を段階解禁。,トーホクではベガ既存個体を保護。カントーでは高レベル個体・隠れ特性・タマゴ技探索を担当。,既存テーブル無変更,P0,ベガ既存入手法を完全保持,ベガ既存地点,ベガ既存入手法,既存値,トーホク図鑑No.227。内部種族ID・図鑑登録・イベント参照を変更しない。,ヤミカラスをカントーで捕獲して進化,11ばんどうろ,進化／認定章6個以降は中間進化がDexNav希少枠,通常野生は基礎種中心,ベガ初回殿堂入り後。認定章数でエリアと中間進化枠を段階解禁。,通常系統は両地方で基礎種を捕獲可能。トーホクは早期育成、カントーは高レベル・隠れ特性・タマゴ技探索を担当。,V2二地方生態版／541系統配置マスター＋特殊個体イベントマスター
431,ニャルマー,glameow,4,ノーマル,221,通常生態,no,no,未収録・追加対象,新IDへ追加,殿堂入り後,サファリゾーン中央,草むらオーバーレイ,8～12%,主に基礎形のみ出現。中間・最終進化は原則として育成で入手。時間帯・天候は生態チケットで任意固定可能。,全国研究図鑑へ登録（トーホク386完成条件には含めない）,NATIONAL_EXT_0431（新規16bit ID）,ニャルマー,ニャルマー → ブニャット,外来生態レイヤーへ追加,T503,503ばんどうろ／すいどう,草むらオーバーレイ,Lv.5～9,追加抽選3～6%,本編必須フラグを変更せず、外来生態フラグ・時間帯・DexNav・大量発生で制御,K05,5ばんどうろ,草むらオーバーレイ,Lv.74～79,通常表8～15%,ベガ初回殿堂入り後。認定章数でエリアと中間進化枠を段階解禁。,トーホクは本編で使える低～中レベル基礎種、カントーは高レベル個体・中間進化・隠れ特性探索を担当。,ベガ既存11枠を上書きせず、CFRU側の条件付きオーバーレイ／DexNav／大量発生へ登録,P2,トーホク野生生態,503ばんどうろ／すいどう,草むらオーバーレイ,追加抽選3～6%,本編必須フラグを変更せず、外来生態フラグ・時間帯・DexNav・大量発生で制御,カントー高レベル野生生態,5ばんどうろ,草むらオーバーレイ,通常表8～15%,ベガ初回殿堂入り後。認定章数でエリアと中間進化枠を段階解禁。,通常系統は両地方で基礎種を捕獲可能。トーホクは早期育成、カントーは高レベル・隠れ特性・タマゴ技探索を担当。,V2二地方生態版／541系統配置マスター＋特殊個体イベントマスター
432,ブニャット,purugly,4,ノーマル,221,通常生態,no,no,未収録・追加対象,新IDへ追加（進化入手）,殿堂入り後,サファリゾーン中央,進化,―,レベルアップ＋Lv.38以上（CFRU/DPEの対応トリガーを使用。通信・RTC必須にはしない）,全国研究図鑑へ登録（トーホク386完成条件には含めない）,NATIONAL_EXT_0432（新規16bit ID）,ニャルマー,ニャルマー → ブニャット,外来生態レイヤーへ追加,T503,503ばんどうろ／すいどう,草むらオーバーレイ,Lv.5～9,追加抽選3～6%,本編必須フラグを変更せず、外来生態フラグ・時間帯・DexNav・大量発生で制御,K05,5ばんどうろ,草むらオーバーレイ,Lv.74～79,通常表8～15%,ベガ初回殿堂入り後。認定章数でエリアと中間進化枠を段階解禁。,トーホクは本編で使える低～中レベル基礎種、カントーは高レベル個体・中間進化・隠れ特性探索を担当。,ベガ既存11枠を上書きせず、CFRU側の条件付きオーバーレイ／DexNav／大量発生へ登録,P2,ニャルマーをトーホクで捕獲して進化,503ばんどうろ／すいどう,進化／殿堂入り後DexNavで中間進化が稀に出現,通常野生は基礎種のみ,本編必須フラグを変更せず、外来生態フラグ・時間帯・DexNav・大量発生で制御,ニャルマーをカントーで捕獲して進化,5ばんどうろ,進化／認定章6個以降は中間進化がDexNav希少枠,通常野生は基礎種中心,ベガ初回殿堂入り後。認定章数でエリアと中間進化枠を段階解禁。,通常系統は両地方で基礎種を捕獲可能。トーホクは早期育成、カントーは高レベル・隠れ特性・タマゴ技探索を担当。,V2二地方生態版／541系統配置マスター＋特殊個体イベントマスター
433,リーシャン,chingling,4,エスパー,184,ベビィ含有,no,no,未収録・追加対象,新IDへ追加,殿堂入り後,ときのようかん,図鑑ナビ隠し枠,通常表0%／ナビ検索時1～5%,主に基礎形のみ出現。中間・最終進化は原則として育成で入手。時間帯・天候は生態チケットで任意固定可能。,全国研究図鑑へ登録（トーホク386完成条件には含めない）,NATIONAL_EXT_0433（新規16bit ID）,リーシャン,リーシャン → チリーン,外来生態レイヤーへ追加,T034,D・Hビル,DexNav隠し枠／低確率タマゴ,Lv.42～55／殿堂入り後Lv.62～78,通常0%／DexNav 2～5%,本編必須フラグを変更せず、外来生態フラグ・時間帯・DexNav・大量発生で制御,K41,シルフカンパニー,DexNav隠し枠／低確率タマゴ,Lv.90～97（異常遭遇）,通常0%／DexNav 2～5%,ベガ初回殿堂入り後。認定章数でエリアと中間進化枠を段階解禁。,トーホクは本編で使える低～中レベル基礎種、カントーは高レベル個体・中間進化・隠れ特性探索を担当。,ベガ既存11枠を上書きせず、CFRU側の条件付きオーバーレイ／DexNav／大量発生へ登録,P2,トーホク野生生態,D・Hビル,DexNav隠し枠／低確率タマゴ,通常0%／DexNav 2～5%,本編必須フラグを変更せず、外来生態フラグ・時間帯・DexNav・大量発生で制御,カントー高レベル野生生態,シルフカンパニー,DexNav隠し枠／低確率タマゴ,通常0%／DexNav 2～5%,ベガ初回殿堂入り後。認定章数でエリアと中間進化枠を段階解禁。,通常系統は両地方で基礎種を捕獲可能。トーホクは早期育成、カントーは高レベル・隠れ特性・タマゴ技探索を担当。,V2二地方生態版／541系統配置マスター＋特殊個体イベントマスター
434,スカンプー,stunky,4,どく／あく,223,通常生態,no,no,未収録・追加対象,新IDへ追加,殿堂入り後,こころのやかた,屋内オーバーレイ,8～12%,主に基礎形のみ出現。中間・最終進化は原則として育成で入手。時間帯・天候は生態チケットで任意固定可能。,全国研究図鑑へ登録（トーホク386完成条件には含めない）,NATIONAL_EXT_0434（新規16bit ID）,スカンプー,スカンプー → スカタンク,外来生態レイヤーへ追加,T035,D・Hだんアジト,夜間オーバーレイ,Lv.44～57／殿堂入り後Lv.65～80,追加抽選3～6%,本編必須フラグを変更せず、外来生態フラグ・時間帯・DexNav・大量発生で制御,K32,ロケットだんアジト跡,夜間オーバーレイ,Lv.83～91,夜間8～12%,ベガ初回殿堂入り後。認定章数でエリアと中間進化枠を段階解禁。,トーホクは本編で使える低～中レベル基礎種、カントーは高レベル個体・中間進化・隠れ特性探索を担当。,ベガ既存11枠を上書きせず、CFRU側の条件付きオーバーレイ／DexNav／大量発生へ登録,P2,トーホク野生生態,D・Hだんアジト,夜間オーバーレイ,追加抽選3～6%,本編必須フラグを変更せず、外来生態フラグ・時間帯・DexNav・大量発生で制御,カントー高レベル野生生態,ロケットだんアジト跡,夜間オーバーレイ,夜間8～12%,ベガ初回殿堂入り後。認定章数でエリアと中間進化枠を段階解禁。,通常系統は両地方で基礎種を捕獲可能。トーホクは早期育成、カントーは高レベル・隠れ特性・タマゴ技探索を担当。,V2二地方生態版／541系統配置マスター＋特殊個体イベントマスター
435,スカタンク,skuntank,4,どく／あく,223,通常生態,no,no,未収録・追加対象,新IDへ追加（進化入手）,殿堂入り後,こころのやかた,進化,―,レベルアップ＋Lv.34以上（CFRU/DPEの対応トリガーを使用。通信・RTC必須にはしない）,全国研究図鑑へ登録（トーホク386完成条件には含めない）,NATIONAL_EXT_0435（新規16bit ID）,スカンプー,スカンプー → スカタンク,外来生態レイヤーへ追加,T035,D・Hだんアジト,夜間オーバーレイ,Lv.44～57／殿堂入り後Lv.65～80,追加抽選3～6%,本編必須フラグを変更せず、外来生態フラグ・時間帯・DexNav・大量発生で制御,K32,ロケットだんアジト跡,夜間オーバーレイ,Lv.83～91,夜間8～12%,ベガ初回殿堂入り後。認定章数でエリアと中間進化枠を段階解禁。,トーホクは本編で使える低～中レベル基礎種、カントーは高レベル個体・中間進化・隠れ特性探索を担当。,ベガ既存11枠を上書きせず、CFRU側の条件付きオーバーレイ／DexNav／大量発生へ登録,P2,スカンプーをトーホクで捕獲して進化,D・Hだんアジト,進化／殿堂入り後DexNavで中間進化が稀に出現,通常野生は基礎種のみ,本編必須フラグを変更せず、外来生態フラグ・時間帯・DexNav・大量発生で制御,スカンプーをカントーで捕獲して進化,ロケットだんアジト跡,進化／認定章6個以降は中間進化がDexNav希少枠,通常野生は基礎種中心,ベガ初回殿堂入り後。認定章数でエリアと中間進化枠を段階解禁。,通常系統は両地方で基礎種を捕獲可能。トーホクは早期育成、カントーは高レベル・隠れ特性・タマゴ技探索を担当。,V2二地方生態版／541系統配置マスター＋特殊個体イベントマスター
436,ドーミラー,bronzor,4,はがね／エスパー,224,人工・無機物,no,no,未収録・追加対象,新IDへ追加,殿堂入り後,D・H異常生態区画（新規小部屋）,図鑑ナビ隠し枠,通常表0%／ナビ検索時1～5%,主に基礎形のみ出現。中間・最終進化は原則として育成で入手。時間帯・天候は生態チケットで任意固定可能。,全国研究図鑑へ登録（トーホク386完成条件には含めない）,NATIONAL_EXT_0436（新規16bit ID）,ドーミラー,ドーミラー → ドータクン,外来生態レイヤーへ追加,T034,D・Hビル,屋内異常遭遇／DexNav,Lv.42～55／殿堂入り後Lv.62～78,通常0%／DexNav 2～5%,本編必須フラグを変更せず、外来生態フラグ・時間帯・DexNav・大量発生で制御,K27,おつきみやま,いわくだき／DexNav,Lv.73～80,通常0%／DexNav 2～5%,ベガ初回殿堂入り後。認定章数でエリアと中間進化枠を段階解禁。,トーホクは本編で使える低～中レベル基礎種、カントーは高レベル個体・中間進化・隠れ特性探索を担当。,ベガ既存11枠を上書きせず、CFRU側の条件付きオーバーレイ／DexNav／大量発生へ登録,P2,トーホク野生生態,D・Hビル,屋内異常遭遇／DexNav,通常0%／DexNav 2～5%,本編必須フラグを変更せず、外来生態フラグ・時間帯・DexNav・大量発生で制御,カントー高レベル野生生態,おつきみやま,いわくだき／DexNav,通常0%／DexNav 2～5%,ベガ初回殿堂入り後。認定章数でエリアと中間進化枠を段階解禁。,通常系統は両地方で基礎種を捕獲可能。トーホクは早期育成、カントーは高レベル・隠れ特性・タマゴ技探索を担当。,V2二地方生態版／541系統配置マスター＋特殊個体イベントマスター
437,ドータクン,bronzong,4,はがね／エスパー,224,人工・無機物,no,no,未収録・追加対象,新IDへ追加（進化入手）,殿堂入り後,D・H異常生態区画（新規小部屋）,進化,―,レベルアップ＋Lv.33以上（CFRU/DPEの対応トリガーを使用。通信・RTC必須にはしない）,全国研究図鑑へ登録（トーホク386完成条件には含めない）,NATIONAL_EXT_0437（新規16bit ID）,ドーミラー,ドーミラー → ドータクン,外来生態レイヤーへ追加,T034,D・Hビル,屋内異常遭遇／DexNav,Lv.42～55／殿堂入り後Lv.62～78,通常0%／DexNav 2～5%,本編必須フラグを変更せず、外来生態フラグ・時間帯・DexNav・大量発生で制御,K27,おつきみやま,いわくだき／DexNav,Lv.73～80,通常0%／DexNav 2～5%,ベガ初回殿堂入り後。認定章数でエリアと中間進化枠を段階解禁。,トーホクは本編で使える低～中レベル基礎種、カントーは高レベル個体・中間進化・隠れ特性探索を担当。,ベガ既存11枠を上書きせず、CFRU側の条件付きオーバーレイ／DexNav／大量発生へ登録,P2,ドーミラーをトーホクで捕獲して進化,D・Hビル,進化／殿堂入り後DexNavで中間進化が稀に出現,通常野生は基礎種のみ,本編必須フラグを変更せず、外来生態フラグ・時間帯・DexNav・大量発生で制御,ドーミラーをカントーで捕獲して進化,おつきみやま,進化／認定章6個以降は中間進化がDexNav希少枠,通常野生は基礎種中心,ベガ初回殿堂入り後。認定章数でエリアと中間進化枠を段階解禁。,通常系統は両地方で基礎種を捕獲可能。トーホクは早期育成、カントーは高レベル・隠れ特性・タマゴ技探索を担当。,V2二地方生態版／541系統配置マスター＋特殊個体イベントマスター
438,ウソハチ,bonsly,4,いわ,91,ベビィ含有,no,no,未収録・追加対象,新IDへ追加,殿堂入り後,サファリゾーン西,洞窟オーバーレイ,8～12%,主に基礎形のみ出現。中間・最終進化は原則として育成で入手。時間帯・天候は生態チケットで任意固定可能。,全国研究図鑑へ登録（トーホク386完成条件には含めない）,NATIONAL_EXT_0438（新規16bit ID）,ウソハチ,ウソハチ → ウソッキー,外来生態レイヤーへ追加,T028,ひのしま,DexNav隠し枠／低確率タマゴ,Lv.30～40／殿堂入り後Lv.55～70,通常0%／DexNav 2～5%,本編必須フラグを変更せず、外来生態フラグ・時間帯・DexNav・大量発生で制御,K30,イワヤマトンネル,DexNav隠し枠／低確率タマゴ,Lv.80～87,通常0%／DexNav 2～5%,ベガ初回殿堂入り後。認定章数でエリアと中間進化枠を段階解禁。,トーホクは本編で使える低～中レベル基礎種、カントーは高レベル個体・中間進化・隠れ特性探索を担当。,ベガ既存11枠を上書きせず、CFRU側の条件付きオーバーレイ／DexNav／大量発生へ登録,P2,トーホク野生生態,ひのしま,DexNav隠し枠／低確率タマゴ,通常0%／DexNav 2～5%,本編必須フラグを変更せず、外来生態フラグ・時間帯・DexNav・大量発生で制御,カントー高レベル野生生態,イワヤマトンネル,DexNav隠し枠／低確率タマゴ,通常0%／DexNav 2～5%,ベガ初回殿堂入り後。認定章数でエリアと中間進化枠を段階解禁。,通常系統は両地方で基礎種を捕獲可能。トーホクは早期育成、カントーは高レベル・隠れ特性・タマゴ技探索を担当。,V2二地方生態版／541系統配置マスター＋特殊個体イベントマスター
439,マネネ,mime-jr,4,エスパー／フェアリー,57,ベビィ含有,no,no,未収録・追加対象,新IDへ追加,殿堂入り後,ユキユキやま,草むらオーバーレイ,8～12%,主に基礎形のみ出現。中間・最終進化は原則として育成で入手。時間帯・天候は生態チケットで任意固定可能。,全国研究図鑑へ登録（トーホク386完成条件には含めない）,NATIONAL_EXT_0439（新規16bit ID）,マネネ,マネネ → バリヤード → バリコオル,外来生態レイヤーへ追加,T513,513ばんどうろ／すいどう,DexNav隠し枠／低確率タマゴ,Lv.28～35,通常0%／DexNav 2～5%,本編必須フラグを変更せず、外来生態フラグ・時間帯・DexNav・大量発生で制御,K41,シルフカンパニー,DexNav隠し枠／低確率タマゴ,Lv.90～97（異常遭遇）,通常0%／DexNav 2～5%,ベガ初回殿堂入り後。認定章数でエリアと中間進化枠を段階解禁。,トーホクは本編で使える低～中レベル基礎種、カントーは高レベル個体・中間進化・隠れ特性探索を担当。,ベガ既存11枠を上書きせず、CFRU側の条件付きオーバーレイ／DexNav／大量発生へ登録,P2,トーホク野生生態,513ばんどうろ／すいどう,DexNav隠し枠／低確率タマゴ,通常0%／DexNav 2～5%,本編必須フラグを変更せず、外来生態フラグ・時間帯・DexNav・大量発生で制御,カントー高レベル野生生態,シルフカンパニー,DexNav隠し枠／低確率タマゴ,通常0%／DexNav 2～5%,ベガ初回殿堂入り後。認定章数でエリアと中間進化枠を段階解禁。,通常系統は両地方で基礎種を捕獲可能。トーホクは早期育成、カントーは高レベル・隠れ特性・タマゴ技探索を担当。,V2二地方生態版／541系統配置マスター＋特殊個体イベントマスター
440,ピンプク,happiny,4,ノーマル,51,ベビィ含有,no,no,既存（トーホク図鑑287）,既存ベガ個体を保持,ベガ既存進行,ベガ既存地点,ベガ既存入手法,既存値,トーホク図鑑No.287。内部種族ID・図鑑登録・イベント参照を変更しない。,トーホク図鑑にも既存番号で登録,VEGA_NATIVE_287（実ROMから確定）,ピンプク,ピンプク → ラッキー → ハピナス,ベガ既存系統を完全保持,VEGA_NATIVE,ベガ既存地点（出現表・配布・進化を変更しない）,ベガ既存入手法,既存値,既存値,既存イベント・野生表・進化条件を原則維持。現代化で条件が壊れる場合のみ互換処理。,K37,サファリゾーン西,DexNav隠し枠／低確率タマゴ,Lv.85～94,通常0%／DexNav 2～5%,ベガ初回殿堂入り後。認定章数でエリアと中間進化枠を段階解禁。,トーホクではベガ既存個体を保護。カントーでは高レベル個体・隠れ特性・タマゴ技探索を担当。,既存テーブル無変更,P0,ベガ既存入手法を完全保持,ベガ既存地点,ベガ既存入手法,既存値,トーホク図鑑No.287。内部種族ID・図鑑登録・イベント参照を変更しない。,カントー高レベル野生生態,サファリゾーン西,DexNav隠し枠／低確率タマゴ,通常0%／DexNav 2～5%,ベガ初回殿堂入り後。認定章数でエリアと中間進化枠を段階解禁。,通常系統は両地方で基礎種を捕獲可能。トーホクは早期育成、カントーは高レベル・隠れ特性・タマゴ技探索を担当。,V2二地方生態版／541系統配置マスター＋特殊個体イベントマスター
441,ペラップ,chatot,4,ノーマル／ひこう,228,通常生態,no,no,既存（トーホク図鑑193）,既存ベガ個体を保持,ベガ既存進行,ベガ既存地点,ベガ既存入手法,既存値,トーホク図鑑No.193。内部種族ID・図鑑登録・イベント参照を変更しない。,トーホク図鑑にも既存番号で登録,VEGA_NATIVE_193（実ROMから確定）,ペラップ,ペラップ,ベガ既存系統を完全保持,VEGA_NATIVE,ベガ既存地点（出現表・配布・進化を変更しない）,ベガ既存入手法,既存値,既存値,既存イベント・野生表・進化条件を原則維持。現代化で条件が壊れる場合のみ互換処理。,K25,25ばんどうろ,草むらオーバーレイ,Lv.75～80,通常表8～15%,ベガ初回殿堂入り後。認定章数でエリアと中間進化枠を段階解禁。,トーホクではベガ既存個体を保護。カントーでは高レベル個体・隠れ特性・タマゴ技探索を担当。,既存テーブル無変更,P0,ベガ既存入手法を完全保持,ベガ既存地点,ベガ既存入手法,既存値,トーホク図鑑No.193。内部種族ID・図鑑登録・イベント参照を変更しない。,カントー高レベル野生生態,25ばんどうろ,草むらオーバーレイ,通常表8～15%,ベガ初回殿堂入り後。認定章数でエリアと中間進化枠を段階解禁。,通常系統は両地方で基礎種を捕獲可能。トーホクは早期育成、カントーは高レベル・隠れ特性・タマゴ技探索を担当。,V2二地方生態版／541系統配置マスター＋特殊個体イベントマスター
442,ミカルゲ,spiritomb,4,ゴースト／あく,229,通常生態,no,no,未収録・追加対象,新IDへ追加,バッジ3～4個,こころのやかた,夜間オーバーレイ,4～5%,主に基礎形のみ出現。中間・最終進化は原則として育成で入手。時間帯・天候は生態チケットで任意固定可能。,全国研究図鑑へ登録（トーホク386完成条件には含めない）,NATIONAL_EXT_0442（新規16bit ID）,ミカルゲ,ミカルゲ,外来生態レイヤーへ追加,T033,ときのようかん,夜間オーバーレイ,Lv.43～55／殿堂入り後Lv.60～75,追加抽選3～6%,本編必須フラグを変更せず、外来生態フラグ・時間帯・DexNav・大量発生で制御,K08,8ばんどうろ,夜間オーバーレイ,Lv.79～84,夜間8～12%,ベガ初回殿堂入り後。認定章数でエリアと中間進化枠を段階解禁。,トーホクは本編で使える低～中レベル基礎種、カントーは高レベル個体・中間進化・隠れ特性探索を担当。,ベガ既存11枠を上書きせず、CFRU側の条件付きオーバーレイ／DexNav／大量発生へ登録,P1,トーホク野生生態,ときのようかん,夜間オーバーレイ,追加抽選3～6%,本編必須フラグを変更せず、外来生態フラグ・時間帯・DexNav・大量発生で制御,カントー高レベル野生生態,8ばんどうろ,夜間オーバーレイ,夜間8～12%,ベガ初回殿堂入り後。認定章数でエリアと中間進化枠を段階解禁。,通常系統は両地方で基礎種を捕獲可能。トーホクは早期育成、カントーは高レベル・隠れ特性・タマゴ技探索を担当。,V2二地方生態版／541系統配置マスター＋特殊個体イベントマスター
443,フカマル,gible,4,ドラゴン／じめん,230,600族,no,no,既存（トーホク図鑑130）,既存ベガ個体を保持,ベガ既存進行,ベガ既存地点,ベガ既存入手法,既存値,トーホク図鑑No.130。内部種族ID・図鑑登録・イベント参照を変更しない。,トーホク図鑑にも既存番号で登録,VEGA_NATIVE_130（実ROMから確定）,フカマル,フカマル → ガバイト → ガブリアス,ベガ既存系統を完全保持,VEGA_NATIVE,ベガ既存地点（出現表・配布・進化を変更しない）,ベガ既存入手法,既存値,既存値,既存イベント・野生表・進化条件を原則維持。現代化で条件が壊れる場合のみ互換処理。,K42,チャンピオンロード,DexNav隠し枠,Lv.94～100,通常0%／DexNav 1～2%,ベガ初回殿堂入り後。認定章数でエリアと中間進化枠を段階解禁。,トーホクではベガ既存個体を保護。カントーでは高レベル個体・隠れ特性・タマゴ技探索を担当。,既存テーブル無変更,P0,ベガ既存入手法を完全保持,ベガ既存地点,ベガ既存入手法,既存値,トーホク図鑑No.130。内部種族ID・図鑑登録・イベント参照を変更しない。,カントー高レベル野生生態,チャンピオンロード,DexNav隠し枠,通常0%／DexNav 1～2%,ベガ初回殿堂入り後。認定章数でエリアと中間進化枠を段階解禁。,通常系統は両地方で基礎種を捕獲可能。トーホクは早期育成、カントーは高レベル・隠れ特性・タマゴ技探索を担当。,V2二地方生態版／541系統配置マスター＋特殊個体イベントマスター
444,ガバイト,gabite,4,ドラゴン／じめん,230,600族,no,no,既存（トーホク図鑑131）,既存ベガ個体を保持,ベガ既存進行,ベガ既存地点,ベガ既存入手法,既存値,トーホク図鑑No.131。内部種族ID・図鑑登録・イベント参照を変更しない。,トーホク図鑑にも既存番号で登録,VEGA_NATIVE_131（実ROMから確定）,フカマル,フカマル → ガバイト → ガブリアス,ベガ既存系統を完全保持,VEGA_NATIVE,ベガ既存地点（出現表・配布・進化を変更しない）,ベガ既存入手法,既存値,既存値,既存イベント・野生表・進化条件を原則維持。現代化で条件が壊れる場合のみ互換処理。,K42,チャンピオンロード,DexNav隠し枠,Lv.94～100,通常0%／DexNav 1～2%,ベガ初回殿堂入り後。認定章数でエリアと中間進化枠を段階解禁。,トーホクではベガ既存個体を保護。カントーでは高レベル個体・隠れ特性・タマゴ技探索を担当。,既存テーブル無変更,P0,ベガ既存入手法を完全保持,ベガ既存地点,ベガ既存入手法,既存値,トーホク図鑑No.131。内部種族ID・図鑑登録・イベント参照を変更しない。,フカマルをカントーで捕獲して進化,チャンピオンロード,進化／認定章6個以降は中間進化がDexNav希少枠,通常野生は基礎種中心,ベガ初回殿堂入り後。認定章数でエリアと中間進化枠を段階解禁。,通常系統は両地方で基礎種を捕獲可能。トーホクは早期育成、カントーは高レベル・隠れ特性・タマゴ技探索を担当。,V2二地方生態版／541系統配置マスター＋特殊個体イベントマスター
445,ガブリアス,garchomp,4,ドラゴン／じめん,230,600族,no,no,既存（トーホク図鑑132）,既存ベガ個体を保持,ベガ既存進行,ベガ既存地点,ベガ既存入手法,既存値,トーホク図鑑No.132。内部種族ID・図鑑登録・イベント参照を変更しない。,トーホク図鑑にも既存番号で登録,VEGA_NATIVE_132（実ROMから確定）,フカマル,フカマル → ガバイト → ガブリアス,ベガ既存系統を完全保持,VEGA_NATIVE,ベガ既存地点（出現表・配布・進化を変更しない）,ベガ既存入手法,既存値,既存値,既存イベント・野生表・進化条件を原則維持。現代化で条件が壊れる場合のみ互換処理。,K42,チャンピオンロード,DexNav隠し枠,Lv.94～100,通常0%／DexNav 1～2%,ベガ初回殿堂入り後。認定章数でエリアと中間進化枠を段階解禁。,トーホクではベガ既存個体を保護。カントーでは高レベル個体・隠れ特性・タマゴ技探索を担当。,既存テーブル無変更,P0,ベガ既存入手法を完全保持,ベガ既存地点,ベガ既存入手法,既存値,トーホク図鑑No.132。内部種族ID・図鑑登録・イベント参照を変更しない。,フカマルをカントーで捕獲して進化,チャンピオンロード,進化／認定章6個以降は中間進化がDexNav希少枠,通常野生は基礎種中心,ベガ初回殿堂入り後。認定章数でエリアと中間進化枠を段階解禁。,通常系統は両地方で基礎種を捕獲可能。トーホクは早期育成、カントーは高レベル・隠れ特性・タマゴ技探索を担当。,V2二地方生態版／541系統配置マスター＋特殊個体イベントマスター
446,ゴンベ,munchlax,4,ノーマル,72,ベビィ含有,no,no,未収録・追加対象,新IDへ追加,殿堂入り後,504～506ばんどうろ,図鑑ナビ隠し枠,通常表0%／ナビ検索時1～5%,主に基礎形のみ出現。中間・最終進化は原則として育成で入手。時間帯・天候は生態チケットで任意固定可能。,全国研究図鑑へ登録（トーホク386完成条件には含めない）,NATIONAL_EXT_0446（新規16bit ID）,ゴンベ,ゴンベ → カビゴン,外来生態レイヤーへ追加,T506,506ばんどうろ／すいどう,DexNav隠し枠／低確率タマゴ,Lv.12～17,通常0%／DexNav 2～5%,本編必須フラグを変更せず、外来生態フラグ・時間帯・DexNav・大量発生で制御,K12,12ばんどうろ,DexNav隠し枠／低確率タマゴ,Lv.82～87,通常0%／DexNav 2～5%,ベガ初回殿堂入り後。認定章数でエリアと中間進化枠を段階解禁。,トーホクは本編で使える低～中レベル基礎種、カントーは高レベル個体・中間進化・隠れ特性探索を担当。,ベガ既存11枠を上書きせず、CFRU側の条件付きオーバーレイ／DexNav／大量発生へ登録,P2,トーホク野生生態,506ばんどうろ／すいどう,DexNav隠し枠／低確率タマゴ,通常0%／DexNav 2～5%,本編必須フラグを変更せず、外来生態フラグ・時間帯・DexNav・大量発生で制御,カントー高レベル野生生態,12ばんどうろ,DexNav隠し枠／低確率タマゴ,通常0%／DexNav 2～5%,ベガ初回殿堂入り後。認定章数でエリアと中間進化枠を段階解禁。,通常系統は両地方で基礎種を捕獲可能。トーホクは早期育成、カントーは高レベル・隠れ特性・タマゴ技探索を担当。,V2二地方生態版／541系統配置マスター＋特殊個体イベントマスター
447,リオル,riolu,4,かくとう,232,ベビィ含有,no,no,既存（トーホク図鑑012）,既存ベガ個体を保持,ベガ既存進行,ベガ既存地点,ベガ既存入手法,既存値,トーホク図鑑No.012。内部種族ID・図鑑登録・イベント参照を変更しない。,トーホク図鑑にも既存番号で登録,VEGA_NATIVE_012（実ROMから確定）,リオル,リオル → ルカリオ,ベガ既存系統を完全保持,VEGA_NATIVE,ベガ既存地点（出現表・配布・進化を変更しない）,ベガ既存入手法,既存値,既存値,既存イベント・野生表・進化条件を原則維持。現代化で条件が壊れる場合のみ互換処理。,K42,チャンピオンロード,DexNav隠し枠／低確率タマゴ,Lv.94～100,通常0%／DexNav 2～5%,ベガ初回殿堂入り後。認定章数でエリアと中間進化枠を段階解禁。,トーホクではベガ既存個体を保護。カントーでは高レベル個体・隠れ特性・タマゴ技探索を担当。,既存テーブル無変更,P0,ベガ既存入手法を完全保持,ベガ既存地点,ベガ既存入手法,既存値,トーホク図鑑No.012。内部種族ID・図鑑登録・イベント参照を変更しない。,カントー高レベル野生生態,チャンピオンロード,DexNav隠し枠／低確率タマゴ,通常0%／DexNav 2～5%,ベガ初回殿堂入り後。認定章数でエリアと中間進化枠を段階解禁。,通常系統は両地方で基礎種を捕獲可能。トーホクは早期育成、カントーは高レベル・隠れ特性・タマゴ技探索を担当。,V2二地方生態版／541系統配置マスター＋特殊個体イベントマスター
448,ルカリオ,lucario,4,かくとう／はがね,232,ベビィ含有,no,no,既存（トーホク図鑑013）,既存ベガ個体を保持,ベガ既存進行,ベガ既存地点,ベガ既存入手法,既存値,トーホク図鑑No.013。内部種族ID・図鑑登録・イベント参照を変更しない。,トーホク図鑑にも既存番号で登録,VEGA_NATIVE_013（実ROMから確定）,リオル,リオル → ルカリオ,ベガ既存系統を完全保持,VEGA_NATIVE,ベガ既存地点（出現表・配布・進化を変更しない）,ベガ既存入手法,既存値,既存値,既存イベント・野生表・進化条件を原則維持。現代化で条件が壊れる場合のみ互換処理。,K42,チャンピオンロード,DexNav隠し枠／低確率タマゴ,Lv.94～100,通常0%／DexNav 2～5%,ベガ初回殿堂入り後。認定章数でエリアと中間進化枠を段階解禁。,トーホクではベガ既存個体を保護。カントーでは高レベル個体・隠れ特性・タマゴ技探索を担当。,既存テーブル無変更,P0,ベガ既存入手法を完全保持,ベガ既存地点,ベガ既存入手法,既存値,トーホク図鑑No.013。内部種族ID・図鑑登録・イベント参照を変更しない。,リオルをカントーで捕獲して進化,チャンピオンロード,進化／認定章6個以降は中間進化がDexNav希少枠,通常野生は基礎種中心,ベガ初回殿堂入り後。認定章数でエリアと中間進化枠を段階解禁。,通常系統は両地方で基礎種を捕獲可能。トーホクは早期育成、カントーは高レベル・隠れ特性・タマゴ技探索を担当。,V2二地方生態版／541系統配置マスター＋特殊個体イベントマスター
449,ヒポポタス,hippopotas,4,じめん,233,通常生態,no,no,未収録・追加対象,新IDへ追加,殿堂入り後,チャンピオンロード,洞窟オーバーレイ,8～12%,主に基礎形のみ出現。中間・最終進化は原則として育成で入手。時間帯・天候は生態チケットで任意固定可能。,全国研究図鑑へ登録（トーホク386完成条件には含めない）,NATIONAL_EXT_0449（新規16bit ID）,ヒポポタス,ヒポポタス → カバルドン,外来生態レイヤーへ追加,T031,ユキユキやま,いわくだき／DexNav,Lv.36～46／殿堂入り後Lv.58～72,通常0%／DexNav 2～5%,本編必須フラグを変更せず、外来生態フラグ・時間帯・DexNav・大量発生で制御,K30,イワヤマトンネル,いわくだき／DexNav,Lv.80～87,通常0%／DexNav 2～5%,ベガ初回殿堂入り後。認定章数でエリアと中間進化枠を段階解禁。,トーホクは本編で使える低～中レベル基礎種、カントーは高レベル個体・中間進化・隠れ特性探索を担当。,ベガ既存11枠を上書きせず、CFRU側の条件付きオーバーレイ／DexNav／大量発生へ登録,P2,トーホク野生生態,ユキユキやま,いわくだき／DexNav,通常0%／DexNav 2～5%,本編必須フラグを変更せず、外来生態フラグ・時間帯・DexNav・大量発生で制御,カントー高レベル野生生態,イワヤマトンネル,いわくだき／DexNav,通常0%／DexNav 2～5%,ベガ初回殿堂入り後。認定章数でエリアと中間進化枠を段階解禁。,通常系統は両地方で基礎種を捕獲可能。トーホクは早期育成、カントーは高レベル・隠れ特性・タマゴ技探索を担当。,V2二地方生態版／541系統配置マスター＋特殊個体イベントマスター
450,カバルドン,hippowdon,4,じめん,233,通常生態,no,no,未収録・追加対象,新IDへ追加（進化入手）,殿堂入り後,チャンピオンロード,進化,―,レベルアップ＋Lv.34以上（CFRU/DPEの対応トリガーを使用。通信・RTC必須にはしない）,全国研究図鑑へ登録（トーホク386完成条件には含めない）,NATIONAL_EXT_0450（新規16bit ID）,ヒポポタス,ヒポポタス → カバルドン,外来生態レイヤーへ追加,T031,ユキユキやま,いわくだき／DexNav,Lv.36～46／殿堂入り後Lv.58～72,通常0%／DexNav 2～5%,本編必須フラグを変更せず、外来生態フラグ・時間帯・DexNav・大量発生で制御,K30,イワヤマトンネル,いわくだき／DexNav,Lv.80～87,通常0%／DexNav 2～5%,ベガ初回殿堂入り後。認定章数でエリアと中間進化枠を段階解禁。,トーホクは本編で使える低～中レベル基礎種、カントーは高レベル個体・中間進化・隠れ特性探索を担当。,ベガ既存11枠を上書きせず、CFRU側の条件付きオーバーレイ／DexNav／大量発生へ登録,P2,ヒポポタスをトーホクで捕獲して進化,ユキユキやま,進化／殿堂入り後DexNavで中間進化が稀に出現,通常野生は基礎種のみ,本編必須フラグを変更せず、外来生態フラグ・時間帯・DexNav・大量発生で制御,ヒポポタスをカントーで捕獲して進化,イワヤマトンネル,進化／認定章6個以降は中間進化がDexNav希少枠,通常野生は基礎種中心,ベガ初回殿堂入り後。認定章数でエリアと中間進化枠を段階解禁。,通常系統は両地方で基礎種を捕獲可能。トーホクは早期育成、カントーは高レベル・隠れ特性・タマゴ技探索を担当。,V2二地方生態版／541系統配置マスター＋特殊個体イベントマスター
451,スコルピ,skorupi,4,どく／むし,234,通常生態,no,no,既存（トーホク図鑑318）,既存ベガ個体を保持,ベガ既存進行,ベガ既存地点,ベガ既存入手法,既存値,トーホク図鑑No.318。内部種族ID・図鑑登録・イベント参照を変更しない。,トーホク図鑑にも既存番号で登録,VEGA_NATIVE_318（実ROMから確定）,スコルピ,スコルピ → ドラピオン,ベガ既存系統を完全保持,VEGA_NATIVE,ベガ既存地点（出現表・配布・進化を変更しない）,ベガ既存入手法,既存値,既存値,既存イベント・野生表・進化条件を原則維持。現代化で条件が壊れる場合のみ互換処理。,K26,トキワのもり,夜間オーバーレイ,Lv.70～76,夜間8～12%,ベガ初回殿堂入り後。認定章数でエリアと中間進化枠を段階解禁。,トーホクではベガ既存個体を保護。カントーでは高レベル個体・隠れ特性・タマゴ技探索を担当。,既存テーブル無変更,P0,ベガ既存入手法を完全保持,ベガ既存地点,ベガ既存入手法,既存値,トーホク図鑑No.318。内部種族ID・図鑑登録・イベント参照を変更しない。,カントー高レベル野生生態,トキワのもり,夜間オーバーレイ,夜間8～12%,ベガ初回殿堂入り後。認定章数でエリアと中間進化枠を段階解禁。,通常系統は両地方で基礎種を捕獲可能。トーホクは早期育成、カントーは高レベル・隠れ特性・タマゴ技探索を担当。,V2二地方生態版／541系統配置マスター＋特殊個体イベントマスター
452,ドラピオン,drapion,4,どく／あく,234,通常生態,no,no,既存（トーホク図鑑319）,既存ベガ個体を保持,ベガ既存進行,ベガ既存地点,ベガ既存入手法,既存値,トーホク図鑑No.319。内部種族ID・図鑑登録・イベント参照を変更しない。,トーホク図鑑にも既存番号で登録,VEGA_NATIVE_319（実ROMから確定）,スコルピ,スコルピ → ドラピオン,ベガ既存系統を完全保持,VEGA_NATIVE,ベガ既存地点（出現表・配布・進化を変更しない）,ベガ既存入手法,既存値,既存値,既存イベント・野生表・進化条件を原則維持。現代化で条件が壊れる場合のみ互換処理。,K26,トキワのもり,夜間オーバーレイ,Lv.70～76,夜間8～12%,ベガ初回殿堂入り後。認定章数でエリアと中間進化枠を段階解禁。,トーホクではベガ既存個体を保護。カントーでは高レベル個体・隠れ特性・タマゴ技探索を担当。,既存テーブル無変更,P0,ベガ既存入手法を完全保持,ベガ既存地点,ベガ既存入手法,既存値,トーホク図鑑No.319。内部種族ID・図鑑登録・イベント参照を変更しない。,スコルピをカントーで捕獲して進化,トキワのもり,進化／認定章6個以降は中間進化がDexNav希少枠,通常野生は基礎種中心,ベガ初回殿堂入り後。認定章数でエリアと中間進化枠を段階解禁。,通常系統は両地方で基礎種を捕獲可能。トーホクは早期育成、カントーは高レベル・隠れ特性・タマゴ技探索を担当。,V2二地方生態版／541系統配置マスター＋特殊個体イベントマスター
453,グレッグル,croagunk,4,どく／かくとう,235,通常生態,no,no,未収録・追加対象,新IDへ追加,殿堂入り後,ユキユキやま,時間帯オーバーレイ,8～12%,主に基礎形のみ出現。中間・最終進化は原則として育成で入手。時間帯・天候は生態チケットで任意固定可能。,全国研究図鑑へ登録（トーホク386完成条件には含めない）,NATIONAL_EXT_0453（新規16bit ID）,グレッグル,グレッグル → ドクロッグ,外来生態レイヤーへ追加,T518,518ばんどうろ／すいどう,草むらオーバーレイ,Lv.40～47,追加抽選3～6%,本編必須フラグを変更せず、外来生態フラグ・時間帯・DexNav・大量発生で制御,K06,6ばんどうろ,草むらオーバーレイ,Lv.75～80,通常表8～15%,ベガ初回殿堂入り後。認定章数でエリアと中間進化枠を段階解禁。,トーホクは本編で使える低～中レベル基礎種、カントーは高レベル個体・中間進化・隠れ特性探索を担当。,ベガ既存11枠を上書きせず、CFRU側の条件付きオーバーレイ／DexNav／大量発生へ登録,P2,トーホク野生生態,518ばんどうろ／すいどう,草むらオーバーレイ,追加抽選3～6%,本編必須フラグを変更せず、外来生態フラグ・時間帯・DexNav・大量発生で制御,カントー高レベル野生生態,6ばんどうろ,草むらオーバーレイ,通常表8～15%,ベガ初回殿堂入り後。認定章数でエリアと中間進化枠を段階解禁。,通常系統は両地方で基礎種を捕獲可能。トーホクは早期育成、カントーは高レベル・隠れ特性・タマゴ技探索を担当。,V2二地方生態版／541系統配置マスター＋特殊個体イベントマスター
454,ドクロッグ,toxicroak,4,どく／かくとう,235,通常生態,no,no,未収録・追加対象,新IDへ追加（進化入手）,殿堂入り後,ユキユキやま,進化,―,レベルアップ＋Lv.37以上（CFRU/DPEの対応トリガーを使用。通信・RTC必須にはしない）,全国研究図鑑へ登録（トーホク386完成条件には含めない）,NATIONAL_EXT_0454（新規16bit ID）,グレッグル,グレッグル → ドクロッグ,外来生態レイヤーへ追加,T518,518ばんどうろ／すいどう,草むらオーバーレイ,Lv.40～47,追加抽選3～6%,本編必須フラグを変更せず、外来生態フラグ・時間帯・DexNav・大量発生で制御,K06,6ばんどうろ,草むらオーバーレイ,Lv.75～80,通常表8～15%,ベガ初回殿堂入り後。認定章数でエリアと中間進化枠を段階解禁。,トーホクは本編で使える低～中レベル基礎種、カントーは高レベル個体・中間進化・隠れ特性探索を担当。,ベガ既存11枠を上書きせず、CFRU側の条件付きオーバーレイ／DexNav／大量発生へ登録,P2,グレッグルをトーホクで捕獲して進化,518ばんどうろ／すいどう,進化／殿堂入り後DexNavで中間進化が稀に出現,通常野生は基礎種のみ,本編必須フラグを変更せず、外来生態フラグ・時間帯・DexNav・大量発生で制御,グレッグルをカントーで捕獲して進化,6ばんどうろ,進化／認定章6個以降は中間進化がDexNav希少枠,通常野生は基礎種中心,ベガ初回殿堂入り後。認定章数でエリアと中間進化枠を段階解禁。,通常系統は両地方で基礎種を捕獲可能。トーホクは早期育成、カントーは高レベル・隠れ特性・タマゴ技探索を担当。,V2二地方生態版／541系統配置マスター＋特殊個体イベントマスター
455,マスキッパ,carnivine,4,くさ,236,通常生態,no,no,既存（トーホク図鑑328）,既存ベガ個体を保持,ベガ既存進行,ベガ既存地点,ベガ既存入手法,既存値,トーホク図鑑No.328。内部種族ID・図鑑登録・イベント参照を変更しない。,トーホク図鑑にも既存番号で登録,VEGA_NATIVE_328（実ROMから確定）,マスキッパ,マスキッパ,ベガ既存系統を完全保持,VEGA_NATIVE,ベガ既存地点（出現表・配布・進化を変更しない）,ベガ既存入手法,既存値,既存値,既存イベント・野生表・進化条件を原則維持。現代化で条件が壊れる場合のみ互換処理。,K35,サファリゾーン東,ずつき／朝昼オーバーレイ,Lv.85～94,通常表8～15%,ベガ初回殿堂入り後。認定章数でエリアと中間進化枠を段階解禁。,トーホクではベガ既存個体を保護。カントーでは高レベル個体・隠れ特性・タマゴ技探索を担当。,既存テーブル無変更,P0,ベガ既存入手法を完全保持,ベガ既存地点,ベガ既存入手法,既存値,トーホク図鑑No.328。内部種族ID・図鑑登録・イベント参照を変更しない。,カントー高レベル野生生態,サファリゾーン東,ずつき／朝昼オーバーレイ,通常表8～15%,ベガ初回殿堂入り後。認定章数でエリアと中間進化枠を段階解禁。,通常系統は両地方で基礎種を捕獲可能。トーホクは早期育成、カントーは高レベル・隠れ特性・タマゴ技探索を担当。,V2二地方生態版／541系統配置マスター＋特殊個体イベントマスター
456,ケイコウオ,finneon,4,みず,237,通常生態,no,no,未収録・追加対象,新IDへ追加,バッジ3～4個,こおりのしま,釣り,8～12%,主に基礎形のみ出現。中間・最終進化は原則として育成で入手。時間帯・天候は生態チケットで任意固定可能。,全国研究図鑑へ登録（トーホク386完成条件には含めない）,NATIONAL_EXT_0456（新規16bit ID）,ケイコウオ,ケイコウオ → ネオラント,外来生態レイヤーへ追加,T512,512ばんどうろ／すいどう,釣りオーバーレイ,Lv.27～33,追加抽選4～8%,本編必須フラグを変更せず、外来生態フラグ・時間帯・DexNav・大量発生で制御,K13,13ばんどうろ,釣りオーバーレイ,Lv.83～88,通常表10～20%,ベガ初回殿堂入り後。認定章数でエリアと中間進化枠を段階解禁。,トーホクは本編で使える低～中レベル基礎種、カントーは高レベル個体・中間進化・隠れ特性探索を担当。,ベガ既存11枠を上書きせず、CFRU側の条件付きオーバーレイ／DexNav／大量発生へ登録,P1,トーホク野生生態,512ばんどうろ／すいどう,釣りオーバーレイ,追加抽選4～8%,本編必須フラグを変更せず、外来生態フラグ・時間帯・DexNav・大量発生で制御,カントー高レベル野生生態,13ばんどうろ,釣りオーバーレイ,通常表10～20%,ベガ初回殿堂入り後。認定章数でエリアと中間進化枠を段階解禁。,通常系統は両地方で基礎種を捕獲可能。トーホクは早期育成、カントーは高レベル・隠れ特性・タマゴ技探索を担当。,V2二地方生態版／541系統配置マスター＋特殊個体イベントマスター
457,ネオラント,lumineon,4,みず,237,通常生態,no,no,未収録・追加対象,新IDへ追加（進化入手）,バッジ3～4個,こおりのしま,進化,―,レベルアップ＋Lv.31以上（CFRU/DPEの対応トリガーを使用。通信・RTC必須にはしない）,全国研究図鑑へ登録（トーホク386完成条件には含めない）,NATIONAL_EXT_0457（新規16bit ID）,ケイコウオ,ケイコウオ → ネオラント,外来生態レイヤーへ追加,T512,512ばんどうろ／すいどう,釣りオーバーレイ,Lv.27～33,追加抽選4～8%,本編必須フラグを変更せず、外来生態フラグ・時間帯・DexNav・大量発生で制御,K13,13ばんどうろ,釣りオーバーレイ,Lv.83～88,通常表10～20%,ベガ初回殿堂入り後。認定章数でエリアと中間進化枠を段階解禁。,トーホクは本編で使える低～中レベル基礎種、カントーは高レベル個体・中間進化・隠れ特性探索を担当。,ベガ既存11枠を上書きせず、CFRU側の条件付きオーバーレイ／DexNav／大量発生へ登録,P1,ケイコウオをトーホクで捕獲して進化,512ばんどうろ／すいどう,進化／殿堂入り後DexNavで中間進化が稀に出現,通常野生は基礎種のみ,本編必須フラグを変更せず、外来生態フラグ・時間帯・DexNav・大量発生で制御,ケイコウオをカントーで捕獲して進化,13ばんどうろ,進化／認定章6個以降は中間進化がDexNav希少枠,通常野生は基礎種中心,ベガ初回殿堂入り後。認定章数でエリアと中間進化枠を段階解禁。,通常系統は両地方で基礎種を捕獲可能。トーホクは早期育成、カントーは高レベル・隠れ特性・タマゴ技探索を担当。,V2二地方生態版／541系統配置マスター＋特殊個体イベントマスター
458,タマンタ,mantyke,4,みず／ひこう,116,ベビィ含有,no,no,未収録・追加対象,新IDへ追加,殿堂入り後,こおりのしま,図鑑ナビ隠し枠,通常表0%／ナビ検索時1～5%,主に基礎形のみ出現。中間・最終進化は原則として育成で入手。時間帯・天候は生態チケットで任意固定可能。,全国研究図鑑へ登録（トーホク386完成条件には含めない）,NATIONAL_EXT_0458（新規16bit ID）,タマンタ,タマンタ → マンタイン,外来生態レイヤーへ追加,T508,508ばんどうろ／すいどう,DexNav隠し枠／低確率タマゴ,Lv.19～25,通常0%／DexNav 2～5%,本編必須フラグを変更せず、外来生態フラグ・時間帯・DexNav・大量発生で制御,K11,11ばんどうろ,DexNav隠し枠／低確率タマゴ,Lv.76～82,通常0%／DexNav 2～5%,ベガ初回殿堂入り後。認定章数でエリアと中間進化枠を段階解禁。,トーホクは本編で使える低～中レベル基礎種、カントーは高レベル個体・中間進化・隠れ特性探索を担当。,ベガ既存11枠を上書きせず、CFRU側の条件付きオーバーレイ／DexNav／大量発生へ登録,P2,トーホク野生生態,508ばんどうろ／すいどう,DexNav隠し枠／低確率タマゴ,通常0%／DexNav 2～5%,本編必須フラグを変更せず、外来生態フラグ・時間帯・DexNav・大量発生で制御,カントー高レベル野生生態,11ばんどうろ,DexNav隠し枠／低確率タマゴ,通常0%／DexNav 2～5%,ベガ初回殿堂入り後。認定章数でエリアと中間進化枠を段階解禁。,通常系統は両地方で基礎種を捕獲可能。トーホクは早期育成、カントーは高レベル・隠れ特性・タマゴ技探索を担当。,V2二地方生態版／541系統配置マスター＋特殊個体イベントマスター
459,ユキカブリ,snover,4,くさ／こおり,239,通常生態,no,no,既存（トーホク図鑑085）,既存ベガ個体を保持,ベガ既存進行,ベガ既存地点,ベガ既存入手法,既存値,トーホク図鑑No.085。内部種族ID・図鑑登録・イベント参照を変更しない。,トーホク図鑑にも既存番号で登録,VEGA_NATIVE_085（実ROMから確定）,ユキカブリ,ユキカブリ → ユキノオー,ベガ既存系統を完全保持,VEGA_NATIVE,ベガ既存地点（出現表・配布・進化を変更しない）,ベガ既存入手法,既存値,既存値,既存イベント・野生表・進化条件を原則維持。現代化で条件が壊れる場合のみ互換処理。,K24,24ばんどうろ,草むらオーバーレイ,Lv.74～79,通常表8～15%,ベガ初回殿堂入り後。認定章数でエリアと中間進化枠を段階解禁。,トーホクではベガ既存個体を保護。カントーでは高レベル個体・隠れ特性・タマゴ技探索を担当。,既存テーブル無変更,P0,ベガ既存入手法を完全保持,ベガ既存地点,ベガ既存入手法,既存値,トーホク図鑑No.085。内部種族ID・図鑑登録・イベント参照を変更しない。,カントー高レベル野生生態,24ばんどうろ,草むらオーバーレイ,通常表8～15%,ベガ初回殿堂入り後。認定章数でエリアと中間進化枠を段階解禁。,通常系統は両地方で基礎種を捕獲可能。トーホクは早期育成、カントーは高レベル・隠れ特性・タマゴ技探索を担当。,V2二地方生態版／541系統配置マスター＋特殊個体イベントマスター
460,ユキノオー,abomasnow,4,くさ／こおり,239,通常生態,no,no,既存（トーホク図鑑086）,既存ベガ個体を保持,ベガ既存進行,ベガ既存地点,ベガ既存入手法,既存値,トーホク図鑑No.086。内部種族ID・図鑑登録・イベント参照を変更しない。,トーホク図鑑にも既存番号で登録,VEGA_NATIVE_086（実ROMから確定）,ユキカブリ,ユキカブリ → ユキノオー,ベガ既存系統を完全保持,VEGA_NATIVE,ベガ既存地点（出現表・配布・進化を変更しない）,ベガ既存入手法,既存値,既存値,既存イベント・野生表・進化条件を原則維持。現代化で条件が壊れる場合のみ互換処理。,K24,24ばんどうろ,草むらオーバーレイ,Lv.74～79,通常表8～15%,ベガ初回殿堂入り後。認定章数でエリアと中間進化枠を段階解禁。,トーホクではベガ既存個体を保護。カントーでは高レベル個体・隠れ特性・タマゴ技探索を担当。,既存テーブル無変更,P0,ベガ既存入手法を完全保持,ベガ既存地点,ベガ既存入手法,既存値,トーホク図鑑No.086。内部種族ID・図鑑登録・イベント参照を変更しない。,ユキカブリをカントーで捕獲して進化,24ばんどうろ,進化／認定章6個以降は中間進化がDexNav希少枠,通常野生は基礎種中心,ベガ初回殿堂入り後。認定章数でエリアと中間進化枠を段階解禁。,通常系統は両地方で基礎種を捕獲可能。トーホクは早期育成、カントーは高レベル・隠れ特性・タマゴ技探索を担当。,V2二地方生態版／541系統配置マスター＋特殊個体イベントマスター
461,マニューラ,weavile,4,あく／こおり,109,通常生態,no,no,既存（トーホク図鑑248）,既存ベガ個体を保持,ベガ既存進行,ベガ既存地点,ベガ既存入手法,既存値,トーホク図鑑No.248。内部種族ID・図鑑登録・イベント参照を変更しない。,トーホク図鑑にも既存番号で登録,VEGA_NATIVE_248（実ROMから確定）,ニューラ,ニューラ → マニューラ → オオニューラ,既存系統の拡張,T031,ユキユキやま,既存個体から追加進化＋洞窟・屋内オーバーレイ,Lv.36～46／殿堂入り後Lv.58～72,基礎種は既存／進化道具・技条件,ベガ内の既存種を入口にし、未収録の前進化・分岐・追加進化だけを追加。重複する野生個体は作らない。,K38,ふたごじま,洞窟・屋内オーバーレイ＋追加進化道具,Lv.88～96,通常表8～15%,ベガ初回殿堂入り後。認定章数でエリアと中間進化枠を段階解禁。,トーホクの既存個体を無駄にせず追加進化可能。カントーは進化道具と高レベル素材の供給地。,既存種族IDを固定し、進化先だけ新IDへ接続,P1,ベガ既存入手法を完全保持,ベガ既存地点,ベガ既存入手法,既存値,トーホク図鑑No.248。内部種族ID・図鑑登録・イベント参照を変更しない。,ニューラをカントーで捕獲して進化,ふたごじま,進化／認定章6個以降は中間進化がDexNav希少枠,通常野生は基礎種中心,ベガ初回殿堂入り後。認定章数でエリアと中間進化枠を段階解禁。,通常系統は両地方で基礎種を捕獲可能。トーホクは早期育成、カントーは高レベル・隠れ特性・タマゴ技探索を担当。,V2二地方生態版／541系統配置マスター＋特殊個体イベントマスター
462,ジバコイル,magnezone,4,でんき／はがね,34,人工・無機物,no,no,既存（トーホク図鑑060）,既存ベガ個体を保持,ベガ既存進行,ベガ既存地点,ベガ既存入手法,既存値,トーホク図鑑No.060。内部種族ID・図鑑登録・イベント参照を変更しない。,トーホク図鑑にも既存番号で登録,VEGA_NATIVE_060（実ROMから確定）,コイル,コイル → レアコイル → ジバコイル,ベガ既存系統を完全保持,VEGA_NATIVE,ベガ既存地点（出現表・配布・進化を変更しない）,ベガ既存入手法,既存値,既存値,既存イベント・野生表・進化条件を原則維持。現代化で条件が壊れる場合のみ互換処理。,K40,むじんはつでんしょ,屋内異常遭遇／DexNav,Lv.82～94,通常0%／DexNav 2～5%,ベガ初回殿堂入り後。認定章数でエリアと中間進化枠を段階解禁。,トーホクではベガ既存個体を保護。カントーでは高レベル個体・隠れ特性・タマゴ技探索を担当。,既存テーブル無変更,P0,ベガ既存入手法を完全保持,ベガ既存地点,ベガ既存入手法,既存値,トーホク図鑑No.060。内部種族ID・図鑑登録・イベント参照を変更しない。,コイルをカントーで捕獲して進化,むじんはつでんしょ,進化／認定章6個以降は中間進化がDexNav希少枠,通常野生は基礎種中心,ベガ初回殿堂入り後。認定章数でエリアと中間進化枠を段階解禁。,通常系統は両地方で基礎種を捕獲可能。トーホクは早期育成、カントーは高レベル・隠れ特性・タマゴ技探索を担当。,V2二地方生態版／541系統配置マスター＋特殊個体イベントマスター
463,ベロベルト,lickilicky,4,ノーマル,48,通常生態,no,no,既存（トーホク図鑑271）,既存ベガ個体を保持,ベガ既存進行,ベガ既存地点,ベガ既存入手法,既存値,トーホク図鑑No.271。内部種族ID・図鑑登録・イベント参照を変更しない。,トーホク図鑑にも既存番号で登録,VEGA_NATIVE_271（実ROMから確定）,ベロリンガ,ベロリンガ → ベロベルト,ベガ既存系統を完全保持,VEGA_NATIVE,ベガ既存地点（出現表・配布・進化を変更しない）,ベガ既存入手法,既存値,既存値,既存イベント・野生表・進化条件を原則維持。現代化で条件が壊れる場合のみ互換処理。,K18,18ばんどうろ,草むらオーバーレイ,Lv.84～90,通常表8～15%,ベガ初回殿堂入り後。認定章数でエリアと中間進化枠を段階解禁。,トーホクではベガ既存個体を保護。カントーでは高レベル個体・隠れ特性・タマゴ技探索を担当。,既存テーブル無変更,P0,ベガ既存入手法を完全保持,ベガ既存地点,ベガ既存入手法,既存値,トーホク図鑑No.271。内部種族ID・図鑑登録・イベント参照を変更しない。,ベロリンガをカントーで捕獲して進化,18ばんどうろ,進化／認定章6個以降は中間進化がDexNav希少枠,通常野生は基礎種中心,ベガ初回殿堂入り後。認定章数でエリアと中間進化枠を段階解禁。,通常系統は両地方で基礎種を捕獲可能。トーホクは早期育成、カントーは高レベル・隠れ特性・タマゴ技探索を担当。,V2二地方生態版／541系統配置マスター＋特殊個体イベントマスター
464,ドサイドン,rhyperior,4,じめん／いわ,50,通常生態,no,no,既存（トーホク図鑑073）,既存ベガ個体を保持,ベガ既存進行,ベガ既存地点,ベガ既存入手法,既存値,トーホク図鑑No.073。内部種族ID・図鑑登録・イベント参照を変更しない。,トーホク図鑑にも既存番号で登録,VEGA_NATIVE_073（実ROMから確定）,サイホーン,サイホーン → サイドン → ドサイドン,ベガ既存系統を完全保持,VEGA_NATIVE,ベガ既存地点（出現表・配布・進化を変更しない）,ベガ既存入手法,既存値,既存値,既存イベント・野生表・進化条件を原則維持。現代化で条件が壊れる場合のみ互換処理。,K37,サファリゾーン西,いわくだき／DexNav,Lv.85～94,通常0%／DexNav 2～5%,ベガ初回殿堂入り後。認定章数でエリアと中間進化枠を段階解禁。,トーホクではベガ既存個体を保護。カントーでは高レベル個体・隠れ特性・タマゴ技探索を担当。,既存テーブル無変更,P0,ベガ既存入手法を完全保持,ベガ既存地点,ベガ既存入手法,既存値,トーホク図鑑No.073。内部種族ID・図鑑登録・イベント参照を変更しない。,サイホーンをカントーで捕獲して進化,サファリゾーン西,進化／認定章6個以降は中間進化がDexNav希少枠,通常野生は基礎種中心,ベガ初回殿堂入り後。認定章数でエリアと中間進化枠を段階解禁。,通常系統は両地方で基礎種を捕獲可能。トーホクは早期育成、カントーは高レベル・隠れ特性・タマゴ技探索を担当。,V2二地方生態版／541系統配置マスター＋特殊個体イベントマスター
465,モジャンボ,tangrowth,4,くさ,52,通常生態,no,no,未収録・追加対象,新IDへ追加（進化入手）,殿堂入り後,ハクジのもり,進化,―,レベルアップ＋げんしのちからを覚えている（CFRU/DPEの対応トリガーを使用。通信・RTC必須にはしない）,全国研究図鑑へ登録（トーホク386完成条件には含めない）,NATIONAL_EXT_0465（新規16bit ID）,モンジャラ,モンジャラ → モジャンボ,外来生態レイヤーへ追加,T502,502ばんどうろ／すいどう,ずつき／朝昼オーバーレイ,Lv.3～6,追加抽選3～6%,本編必須フラグを変更せず、外来生態フラグ・時間帯・DexNav・大量発生で制御,K21,21ばんどうろ,草むらオーバーレイ,Lv.89～94,通常表8～15%,ベガ初回殿堂入り後。認定章数でエリアと中間進化枠を段階解禁。,トーホクは本編で使える低～中レベル基礎種、カントーは高レベル個体・中間進化・隠れ特性探索を担当。,ベガ既存11枠を上書きせず、CFRU側の条件付きオーバーレイ／DexNav／大量発生へ登録,P2,モンジャラをトーホクで捕獲して進化,502ばんどうろ／すいどう,進化／殿堂入り後DexNavで中間進化が稀に出現,通常野生は基礎種のみ,本編必須フラグを変更せず、外来生態フラグ・時間帯・DexNav・大量発生で制御,モンジャラをカントーで捕獲して進化,21ばんどうろ,進化／認定章6個以降は中間進化がDexNav希少枠,通常野生は基礎種中心,ベガ初回殿堂入り後。認定章数でエリアと中間進化枠を段階解禁。,通常系統は両地方で基礎種を捕獲可能。トーホクは早期育成、カントーは高レベル・隠れ特性・タマゴ技探索を担当。,V2二地方生態版／541系統配置マスター＋特殊個体イベントマスター
466,エレキブル,electivire,4,でんき,60,ベビィ含有,no,no,既存（トーホク図鑑114）,既存ベガ個体を保持,ベガ既存進行,ベガ既存地点,ベガ既存入手法,既存値,トーホク図鑑No.114。内部種族ID・図鑑登録・イベント参照を変更しない。,トーホク図鑑にも既存番号で登録,VEGA_NATIVE_114（実ROMから確定）,エレキッド,エレキッド → エレブー → エレキブル,ベガ既存系統を完全保持,VEGA_NATIVE,ベガ既存地点（出現表・配布・進化を変更しない）,ベガ既存入手法,既存値,既存値,既存イベント・野生表・進化条件を原則維持。現代化で条件が壊れる場合のみ互換処理。,K40,むじんはつでんしょ,DexNav隠し枠／低確率タマゴ,Lv.82～94,通常0%／DexNav 2～5%,ベガ初回殿堂入り後。認定章数でエリアと中間進化枠を段階解禁。,トーホクではベガ既存個体を保護。カントーでは高レベル個体・隠れ特性・タマゴ技探索を担当。,既存テーブル無変更,P0,ベガ既存入手法を完全保持,ベガ既存地点,ベガ既存入手法,既存値,トーホク図鑑No.114。内部種族ID・図鑑登録・イベント参照を変更しない。,エレキッドをカントーで捕獲して進化,むじんはつでんしょ,進化／認定章6個以降は中間進化がDexNav希少枠,通常野生は基礎種中心,ベガ初回殿堂入り後。認定章数でエリアと中間進化枠を段階解禁。,通常系統は両地方で基礎種を捕獲可能。トーホクは早期育成、カントーは高レベル・隠れ特性・タマゴ技探索を担当。,V2二地方生態版／541系統配置マスター＋特殊個体イベントマスター
467,ブーバーン,magmortar,4,ほのお,61,ベビィ含有,no,no,既存（トーホク図鑑117）,既存ベガ個体を保持,ベガ既存進行,ベガ既存地点,ベガ既存入手法,既存値,トーホク図鑑No.117。内部種族ID・図鑑登録・イベント参照を変更しない。,トーホク図鑑にも既存番号で登録,VEGA_NATIVE_117（実ROMから確定）,ブビィ,ブビィ → ブーバー → ブーバーン,ベガ既存系統を完全保持,VEGA_NATIVE,ベガ既存地点（出現表・配布・進化を変更しない）,ベガ既存入手法,既存値,既存値,既存イベント・野生表・進化条件を原則維持。現代化で条件が壊れる場合のみ互換処理。,K39,ポケモンやしき,DexNav隠し枠／低確率タマゴ,Lv.91～98,通常0%／DexNav 2～5%,ベガ初回殿堂入り後。認定章数でエリアと中間進化枠を段階解禁。,トーホクではベガ既存個体を保護。カントーでは高レベル個体・隠れ特性・タマゴ技探索を担当。,既存テーブル無変更,P0,ベガ既存入手法を完全保持,ベガ既存地点,ベガ既存入手法,既存値,トーホク図鑑No.117。内部種族ID・図鑑登録・イベント参照を変更しない。,ブビィをカントーで捕獲して進化,ポケモンやしき,進化／認定章6個以降は中間進化がDexNav希少枠,通常野生は基礎種中心,ベガ初回殿堂入り後。認定章数でエリアと中間進化枠を段階解禁。,通常系統は両地方で基礎種を捕獲可能。トーホクは早期育成、カントーは高レベル・隠れ特性・タマゴ技探索を担当。,V2二地方生態版／541系統配置マスター＋特殊個体イベントマスター
468,トゲキッス,togekiss,4,フェアリー／ひこう,87,ベビィ含有,no,no,既存（トーホク図鑑020）,既存ベガ個体を保持,ベガ既存進行,ベガ既存地点,ベガ既存入手法,既存値,トーホク図鑑No.020。内部種族ID・図鑑登録・イベント参照を変更しない。,トーホク図鑑にも既存番号で登録,VEGA_NATIVE_020（実ROMから確定）,トゲピー,トゲピー → トゲチック → トゲキッス,ベガ既存系統を完全保持,VEGA_NATIVE,ベガ既存地点（出現表・配布・進化を変更しない）,ベガ既存入手法,既存値,既存値,既存イベント・野生表・進化条件を原則維持。現代化で条件が壊れる場合のみ互換処理。,K03,3ばんどうろ,DexNav隠し枠／低確率タマゴ,Lv.71～75,通常0%／DexNav 2～5%,ベガ初回殿堂入り後。認定章数でエリアと中間進化枠を段階解禁。,トーホクではベガ既存個体を保護。カントーでは高レベル個体・隠れ特性・タマゴ技探索を担当。,既存テーブル無変更,P0,ベガ既存入手法を完全保持,ベガ既存地点,ベガ既存入手法,既存値,トーホク図鑑No.020。内部種族ID・図鑑登録・イベント参照を変更しない。,トゲピーをカントーで捕獲して進化,3ばんどうろ,進化／認定章6個以降は中間進化がDexNav希少枠,通常野生は基礎種中心,ベガ初回殿堂入り後。認定章数でエリアと中間進化枠を段階解禁。,通常系統は両地方で基礎種を捕獲可能。トーホクは早期育成、カントーは高レベル・隠れ特性・タマゴ技探索を担当。,V2二地方生態版／541系統配置マスター＋特殊個体イベントマスター
469,メガヤンマ,yanmega,4,むし／ひこう,95,通常生態,no,no,未収録・追加対象,新IDへ追加（進化入手）,殿堂入り後,502ばんどうろ,進化,―,レベルアップ＋げんしのちからを覚えている（CFRU/DPEの対応トリガーを使用。通信・RTC必須にはしない）,全国研究図鑑へ登録（トーホク386完成条件には含めない）,NATIONAL_EXT_0469（新規16bit ID）,ヤンヤンマ,ヤンヤンマ → メガヤンマ,外来生態レイヤーへ追加,T502,502ばんどうろ／すいどう,ずつき／朝昼オーバーレイ,Lv.3～6,追加抽選3～6%,本編必須フラグを変更せず、外来生態フラグ・時間帯・DexNav・大量発生で制御,K24,24ばんどうろ,草むらオーバーレイ,Lv.74～79,通常表8～15%,ベガ初回殿堂入り後。認定章数でエリアと中間進化枠を段階解禁。,トーホクは本編で使える低～中レベル基礎種、カントーは高レベル個体・中間進化・隠れ特性探索を担当。,ベガ既存11枠を上書きせず、CFRU側の条件付きオーバーレイ／DexNav／大量発生へ登録,P2,ヤンヤンマをトーホクで捕獲して進化,502ばんどうろ／すいどう,進化／殿堂入り後DexNavで中間進化が稀に出現,通常野生は基礎種のみ,本編必須フラグを変更せず、外来生態フラグ・時間帯・DexNav・大量発生で制御,ヤンヤンマをカントーで捕獲して進化,24ばんどうろ,進化／認定章6個以降は中間進化がDexNav希少枠,通常野生は基礎種中心,ベガ初回殿堂入り後。認定章数でエリアと中間進化枠を段階解禁。,通常系統は両地方で基礎種を捕獲可能。トーホクは早期育成、カントーは高レベル・隠れ特性・タマゴ技探索を担当。,V2二地方生態版／541系統配置マスター＋特殊個体イベントマスター
470,リーフィア,leafeon,4,くさ,67,通常生態,no,no,未収録・追加対象,新IDへ追加（進化入手）,殿堂入り後,全国生態保護区（サファリ増設区画）,進化,―,「コケのコア」を持たせて昼にレベルアップ。ハクジのもりでも可。,全国研究図鑑へ登録（トーホク386完成条件には含めない）,NATIONAL_EXT_0470（新規16bit ID）,イーブイ,イーブイ → シャワーズ → サンダース → ブースター → エーフィ → ブラッキー → リーフィア → グレイシア → ニンフィア,外来生態レイヤーへ追加,T029,かみなりのしま,夜間オーバーレイ,Lv.30～40／殿堂入り後Lv.55～70,追加抽選3～6%,本編必須フラグを変更せず、外来生態フラグ・時間帯・DexNav・大量発生で制御,K33,タマムシ温室,ずつき／朝昼オーバーレイ,Lv.82～90,通常表8～15%,ベガ初回殿堂入り後。認定章数でエリアと中間進化枠を段階解禁。,トーホクは本編で使える低～中レベル基礎種、カントーは高レベル個体・中間進化・隠れ特性探索を担当。,ベガ既存11枠を上書きせず、CFRU側の条件付きオーバーレイ／DexNav／大量発生へ登録,P2,イーブイをトーホクで捕獲して進化,かみなりのしま,進化／殿堂入り後DexNavで中間進化が稀に出現,通常野生は基礎種のみ,本編必須フラグを変更せず、外来生態フラグ・時間帯・DexNav・大量発生で制御,イーブイをカントーで捕獲して進化,タマムシ温室,進化／認定章6個以降は中間進化がDexNav希少枠,通常野生は基礎種中心,ベガ初回殿堂入り後。認定章数でエリアと中間進化枠を段階解禁。,通常系統は両地方で基礎種を捕獲可能。トーホクは早期育成、カントーは高レベル・隠れ特性・タマゴ技探索を担当。,V2二地方生態版／541系統配置マスター＋特殊個体イベントマスター
471,グレイシア,glaceon,4,こおり,67,通常生態,no,no,未収録・追加対象,新IDへ追加（進化入手）,殿堂入り後,全国生態保護区（サファリ増設区画）,進化,―,「こおりのコア」を持たせて夜にレベルアップ。こおりのしまでも可。,全国研究図鑑へ登録（トーホク386完成条件には含めない）,NATIONAL_EXT_0471（新規16bit ID）,イーブイ,イーブイ → シャワーズ → サンダース → ブースター → エーフィ → ブラッキー → リーフィア → グレイシア → ニンフィア,外来生態レイヤーへ追加,T029,かみなりのしま,夜間オーバーレイ,Lv.30～40／殿堂入り後Lv.55～70,追加抽選3～6%,本編必須フラグを変更せず、外来生態フラグ・時間帯・DexNav・大量発生で制御,K33,タマムシ温室,ずつき／朝昼オーバーレイ,Lv.82～90,通常表8～15%,ベガ初回殿堂入り後。認定章数でエリアと中間進化枠を段階解禁。,トーホクは本編で使える低～中レベル基礎種、カントーは高レベル個体・中間進化・隠れ特性探索を担当。,ベガ既存11枠を上書きせず、CFRU側の条件付きオーバーレイ／DexNav／大量発生へ登録,P2,イーブイをトーホクで捕獲して進化,かみなりのしま,進化／殿堂入り後DexNavで中間進化が稀に出現,通常野生は基礎種のみ,本編必須フラグを変更せず、外来生態フラグ・時間帯・DexNav・大量発生で制御,イーブイをカントーで捕獲して進化,タマムシ温室,進化／認定章6個以降は中間進化がDexNav希少枠,通常野生は基礎種中心,ベガ初回殿堂入り後。認定章数でエリアと中間進化枠を段階解禁。,通常系統は両地方で基礎種を捕獲可能。トーホクは早期育成、カントーは高レベル・隠れ特性・タマゴ技探索を担当。,V2二地方生態版／541系統配置マスター＋特殊個体イベントマスター
472,グライオン,gliscor,4,じめん／ひこう,104,通常生態,no,no,未収録・追加対象,新IDへ追加（進化入手）,殿堂入り後,全国生態保護区（サファリ増設区画）,進化,―,レベルアップ＋するどいキバを持たせる＋夜（CFRU/DPEの対応トリガーを使用。通信・RTC必須にはしない）,全国研究図鑑へ登録（トーホク386完成条件には含めない）,NATIONAL_EXT_0472（新規16bit ID）,グライガー,グライガー → グライオン,外来生態レイヤーへ追加,T505,505ばんどうろ／すいどう,いわくだき／DexNav,Lv.10～14,通常0%／DexNav 2～5%,本編必須フラグを変更せず、外来生態フラグ・時間帯・DexNav・大量発生で制御,K04,4ばんどうろ,草むらオーバーレイ,Lv.72～77,通常表8～15%,ベガ初回殿堂入り後。認定章数でエリアと中間進化枠を段階解禁。,トーホクは本編で使える低～中レベル基礎種、カントーは高レベル個体・中間進化・隠れ特性探索を担当。,ベガ既存11枠を上書きせず、CFRU側の条件付きオーバーレイ／DexNav／大量発生へ登録,P2,グライガーをトーホクで捕獲して進化,505ばんどうろ／すいどう,進化／殿堂入り後DexNavで中間進化が稀に出現,通常野生は基礎種のみ,本編必須フラグを変更せず、外来生態フラグ・時間帯・DexNav・大量発生で制御,グライガーをカントーで捕獲して進化,4ばんどうろ,進化／認定章6個以降は中間進化がDexNav希少枠,通常野生は基礎種中心,ベガ初回殿堂入り後。認定章数でエリアと中間進化枠を段階解禁。,通常系統は両地方で基礎種を捕獲可能。トーホクは早期育成、カントーは高レベル・隠れ特性・タマゴ技探索を担当。,V2二地方生態版／541系統配置マスター＋特殊個体イベントマスター
473,マンムー,mamoswine,4,こおり／じめん,112,通常生態,no,no,既存（トーホク図鑑325）,既存ベガ個体を保持,ベガ既存進行,ベガ既存地点,ベガ既存入手法,既存値,トーホク図鑑No.325。内部種族ID・図鑑登録・イベント参照を変更しない。,トーホク図鑑にも既存番号で登録,VEGA_NATIVE_325（実ROMから確定）,ウリムー,ウリムー → イノムー → マンムー,ベガ既存系統を完全保持,VEGA_NATIVE,ベガ既存地点（出現表・配布・進化を変更しない）,ベガ既存入手法,既存値,既存値,既存イベント・野生表・進化条件を原則維持。現代化で条件が壊れる場合のみ互換処理。,K38,ふたごじま,洞窟・屋内オーバーレイ,Lv.88～96,通常表8～15%,ベガ初回殿堂入り後。認定章数でエリアと中間進化枠を段階解禁。,トーホクではベガ既存個体を保護。カントーでは高レベル個体・隠れ特性・タマゴ技探索を担当。,既存テーブル無変更,P0,ベガ既存入手法を完全保持,ベガ既存地点,ベガ既存入手法,既存値,トーホク図鑑No.325。内部種族ID・図鑑登録・イベント参照を変更しない。,ウリムーをカントーで捕獲して進化,ふたごじま,進化／認定章6個以降は中間進化がDexNav希少枠,通常野生は基礎種中心,ベガ初回殿堂入り後。認定章数でエリアと中間進化枠を段階解禁。,通常系統は両地方で基礎種を捕獲可能。トーホクは早期育成、カントーは高レベル・隠れ特性・タマゴ技探索を担当。,V2二地方生態版／541系統配置マスター＋特殊個体イベントマスター
474,ポリゴンＺ,porygon-z,4,ノーマル,68,人工・無機物,no,no,既存（トーホク図鑑077）,既存ベガ個体を保持,ベガ既存進行,ベガ既存地点,ベガ既存入手法,既存値,トーホク図鑑No.077。内部種族ID・図鑑登録・イベント参照を変更しない。,トーホク図鑑にも既存番号で登録,VEGA_NATIVE_077（実ROMから確定）,ポリゴン,ポリゴン → ポリゴン２ → ポリゴンＺ,ベガ既存系統を完全保持,VEGA_NATIVE,ベガ既存地点（出現表・配布・進化を変更しない）,ベガ既存入手法,既存値,既存値,既存イベント・野生表・進化条件を原則維持。現代化で条件が壊れる場合のみ互換処理。,K41,シルフカンパニー,屋内異常遭遇／DexNav,Lv.90～97（異常遭遇）,通常0%／DexNav 2～5%,ベガ初回殿堂入り後。認定章数でエリアと中間進化枠を段階解禁。,トーホクではベガ既存個体を保護。カントーでは高レベル個体・隠れ特性・タマゴ技探索を担当。,既存テーブル無変更,P0,ベガ既存入手法を完全保持,ベガ既存地点,ベガ既存入手法,既存値,トーホク図鑑No.077。内部種族ID・図鑑登録・イベント参照を変更しない。,ポリゴンをカントーで捕獲して進化,シルフカンパニー,進化／認定章6個以降は中間進化がDexNav希少枠,通常野生は基礎種中心,ベガ初回殿堂入り後。認定章数でエリアと中間進化枠を段階解禁。,通常系統は両地方で基礎種を捕獲可能。トーホクは早期育成、カントーは高レベル・隠れ特性・タマゴ技探索を担当。,V2二地方生態版／541系統配置マスター＋特殊個体イベントマスター
475,エルレイド,gallade,4,エスパー／かくとう,140,通常生態,no,no,既存（トーホク図鑑303）,既存ベガ個体を保持,ベガ既存進行,ベガ既存地点,ベガ既存入手法,既存値,トーホク図鑑No.303。内部種族ID・図鑑登録・イベント参照を変更しない。,トーホク図鑑にも既存番号で登録,VEGA_NATIVE_303（実ROMから確定）,ラルトス,ラルトス → キルリア → サーナイト → エルレイド,ベガ既存系統を完全保持,VEGA_NATIVE,ベガ既存地点（出現表・配布・進化を変更しない）,ベガ既存入手法,既存値,既存値,既存イベント・野生表・進化条件を原則維持。現代化で条件が壊れる場合のみ互換処理。,K23,23ばんどうろ,草むらオーバーレイ,Lv.92～98,通常表8～15%,ベガ初回殿堂入り後。認定章数でエリアと中間進化枠を段階解禁。,トーホクではベガ既存個体を保護。カントーでは高レベル個体・隠れ特性・タマゴ技探索を担当。,既存テーブル無変更,P0,ベガ既存入手法を完全保持,ベガ既存地点,ベガ既存入手法,既存値,トーホク図鑑No.303。内部種族ID・図鑑登録・イベント参照を変更しない。,ラルトスをカントーで捕獲して進化,23ばんどうろ,進化／認定章6個以降は中間進化がDexNav希少枠,通常野生は基礎種中心,ベガ初回殿堂入り後。認定章数でエリアと中間進化枠を段階解禁。,通常系統は両地方で基礎種を捕獲可能。トーホクは早期育成、カントーは高レベル・隠れ特性・タマゴ技探索を担当。,V2二地方生態版／541系統配置マスター＋特殊個体イベントマスター
476,ダイノーズ,probopass,4,いわ／はがね,147,通常生態,no,no,未収録・追加対象,新IDへ追加（進化入手）,殿堂入り後,ちえのどうくつ,進化,―,「じばのコア」を持たせてレベルアップ。かみなりのしま／D・H炉心でも可。,全国研究図鑑へ登録（トーホク386完成条件には含めない）,NATIONAL_EXT_0476（新規16bit ID）,ノズパス,ノズパス → ダイノーズ,外来生態レイヤーへ追加,T031,ユキユキやま,いわくだき／DexNav,Lv.36～46／殿堂入り後Lv.58～72,通常0%／DexNav 2～5%,本編必須フラグを変更せず、外来生態フラグ・時間帯・DexNav・大量発生で制御,K30,イワヤマトンネル,いわくだき／DexNav,Lv.80～87,通常0%／DexNav 2～5%,ベガ初回殿堂入り後。認定章数でエリアと中間進化枠を段階解禁。,トーホクは本編で使える低～中レベル基礎種、カントーは高レベル個体・中間進化・隠れ特性探索を担当。,ベガ既存11枠を上書きせず、CFRU側の条件付きオーバーレイ／DexNav／大量発生へ登録,P2,ノズパスをトーホクで捕獲して進化,ユキユキやま,進化／殿堂入り後DexNavで中間進化が稀に出現,通常野生は基礎種のみ,本編必須フラグを変更せず、外来生態フラグ・時間帯・DexNav・大量発生で制御,ノズパスをカントーで捕獲して進化,イワヤマトンネル,進化／認定章6個以降は中間進化がDexNav希少枠,通常野生は基礎種中心,ベガ初回殿堂入り後。認定章数でエリアと中間進化枠を段階解禁。,通常系統は両地方で基礎種を捕獲可能。トーホクは早期育成、カントーは高レベル・隠れ特性・タマゴ技探索を担当。,V2二地方生態版／541系統配置マスター＋特殊個体イベントマスター
477,ヨノワール,dusknoir,4,ゴースト,182,通常生態,no,no,既存（トーホク図鑑269）,既存ベガ個体を保持,ベガ既存進行,ベガ既存地点,ベガ既存入手法,既存値,トーホク図鑑No.269。内部種族ID・図鑑登録・イベント参照を変更しない。,トーホク図鑑にも既存番号で登録,VEGA_NATIVE_269（実ROMから確定）,ヨマワル,ヨマワル → サマヨール → ヨノワール,ベガ既存系統を完全保持,VEGA_NATIVE,ベガ既存地点（出現表・配布・進化を変更しない）,ベガ既存入手法,既存値,既存値,既存イベント・野生表・進化条件を原則維持。現代化で条件が壊れる場合のみ互換処理。,K08,8ばんどうろ,夜間オーバーレイ,Lv.79～84,夜間8～12%,ベガ初回殿堂入り後。認定章数でエリアと中間進化枠を段階解禁。,トーホクではベガ既存個体を保護。カントーでは高レベル個体・隠れ特性・タマゴ技探索を担当。,既存テーブル無変更,P0,ベガ既存入手法を完全保持,ベガ既存地点,ベガ既存入手法,既存値,トーホク図鑑No.269。内部種族ID・図鑑登録・イベント参照を変更しない。,ヨマワルをカントーで捕獲して進化,8ばんどうろ,進化／認定章6個以降は中間進化がDexNav希少枠,通常野生は基礎種中心,ベガ初回殿堂入り後。認定章数でエリアと中間進化枠を段階解禁。,通常系統は両地方で基礎種を捕獲可能。トーホクは早期育成、カントーは高レベル・隠れ特性・タマゴ技探索を担当。,V2二地方生態版／541系統配置マスター＋特殊個体イベントマスター
478,ユキメノコ,froslass,4,こおり／ゴースト,186,通常生態,no,no,未収録・追加対象,新IDへ追加（進化入手）,殿堂入り後,ユキユキやま,進化,―,道具使用＋めざめいしを使う＋♀（CFRU/DPEの対応トリガーを使用。通信・RTC必須にはしない）,全国研究図鑑へ登録（トーホク386完成条件には含めない）,NATIONAL_EXT_0478（新規16bit ID）,ユキワラシ,ユキワラシ → オニゴーリ → ユキメノコ,外来生態レイヤーへ追加,T516,516ばんどうろ／すいどう,夜間オーバーレイ,Lv.35～42,追加抽選3～6%,本編必須フラグを変更せず、外来生態フラグ・時間帯・DexNav・大量発生で制御,K31,ポケモンタワー,夜間オーバーレイ,Lv.82～90,夜間8～12%,ベガ初回殿堂入り後。認定章数でエリアと中間進化枠を段階解禁。,トーホクは本編で使える低～中レベル基礎種、カントーは高レベル個体・中間進化・隠れ特性探索を担当。,ベガ既存11枠を上書きせず、CFRU側の条件付きオーバーレイ／DexNav／大量発生へ登録,P2,ユキワラシをトーホクで捕獲して進化,516ばんどうろ／すいどう,進化／殿堂入り後DexNavで中間進化が稀に出現,通常野生は基礎種のみ,本編必須フラグを変更せず、外来生態フラグ・時間帯・DexNav・大量発生で制御,ユキワラシをカントーで捕獲して進化,ポケモンタワー,進化／認定章6個以降は中間進化がDexNav希少枠,通常野生は基礎種中心,ベガ初回殿堂入り後。認定章数でエリアと中間進化枠を段階解禁。,通常系統は両地方で基礎種を捕獲可能。トーホクは早期育成、カントーは高レベル・隠れ特性・タマゴ技探索を担当。,V2二地方生態版／541系統配置マスター＋特殊個体イベントマスター
479,ロトム,rotom,4,でんき／ゴースト,240,人工・無機物,no,no,未収録・追加対象,新IDへ追加,殿堂入り後,D・Hビル／D・Hだんアジト,図鑑ナビ隠し枠,通常表0%／ナビ検索時1～5%,主に基礎形のみ出現。中間・最終進化は原則として育成で入手。時間帯・天候は生態チケットで任意固定可能。,全国研究図鑑へ登録（トーホク386完成条件には含めない）,NATIONAL_EXT_0479（新規16bit ID）,ロトム,ロトム,外来生態レイヤーへ追加,T035,D・Hだんアジト,夜間オーバーレイ,Lv.44～57／殿堂入り後Lv.65～80,追加抽選3～6%,本編必須フラグを変更せず、外来生態フラグ・時間帯・DexNav・大量発生で制御,K39,ポケモンやしき,夜間オーバーレイ,Lv.91～98,夜間8～12%,ベガ初回殿堂入り後。認定章数でエリアと中間進化枠を段階解禁。,トーホクは本編で使える低～中レベル基礎種、カントーは高レベル個体・中間進化・隠れ特性探索を担当。,ベガ既存11枠を上書きせず、CFRU側の条件付きオーバーレイ／DexNav／大量発生へ登録,P2,トーホク野生生態,D・Hだんアジト,夜間オーバーレイ,追加抽選3～6%,本編必須フラグを変更せず、外来生態フラグ・時間帯・DexNav・大量発生で制御,カントー高レベル野生生態,ポケモンやしき,夜間オーバーレイ,夜間8～12%,ベガ初回殿堂入り後。認定章数でエリアと中間進化枠を段階解禁。,通常系統は両地方で基礎種を捕獲可能。トーホクは早期育成、カントーは高レベル・隠れ特性・タマゴ技探索を担当。,V2二地方生態版／541系統配置マスター＋特殊個体イベントマスター
480,ユクシー,uxie,4,エスパー,241,伝説,yes,no,未収録・追加対象,新IDへ追加,殿堂入り＋三湖の調査,シオウ湖畔／サファリ北湖／ニューアイランド湖,固定シンボル／専用クエスト,―,三体は逃走せず固定戦。エムリットのみ短い徘徊演出を選択可。,全国研究図鑑へ登録（トーホク386完成条件には含めない）,NATIONAL_EXT_0480（新規16bit ID）,ユクシー,ユクシー,固定イベント追加,EVENT_T,シオウ湖畔／サファリ北湖／ニューアイランド湖,手掛かり／共鳴戦／専用素材,イベント別,重複捕獲なし,殿堂入り＋三湖の調査＋主地方の捕獲フラグ共有,EVENT_K,24ばんどうろ河岸／サファリ北／ハナダのどうくつ水晶湖,固定シンボル／専用クエスト,Lv.75,原則1体・撃破時復活,殿堂入り＋三湖の調査,主地方で1個体だけ捕獲し、副地方では手掛かり・共鳴戦・専用素材を扱う。捕獲済みフラグは両地方で共有し、重複個体を与えない。,野生通常表には入れない,P2,トーホク側の手掛かり・共鳴イベント,シオウ湖畔／サファリ北湖／ニューアイランド湖,手掛かり／共鳴戦／専用素材,重複捕獲なし,殿堂入り＋三湖の調査＋共有捕獲フラグ確認,カントー固定イベントで捕獲,24ばんどうろ河岸／サファリ北／ハナダのどうくつ水晶湖,固定シンボル／専用クエスト,原則1体・撃破時復活,殿堂入り＋三湖の調査,主捕獲地方で1個体のみ捕獲。副地方は手掛かり・共鳴戦・素材報酬を担当し、共有捕獲フラグで重複個体を防止。,V2二地方生態版／541系統配置マスター＋特殊個体イベントマスター
481,エムリット,mesprit,4,エスパー,242,伝説,yes,no,未収録・追加対象,新IDへ追加,殿堂入り＋三湖の調査,シオウ湖畔／サファリ北湖／ニューアイランド湖,固定シンボル／専用クエスト,―,三体は逃走せず固定戦。エムリットのみ短い徘徊演出を選択可。,全国研究図鑑へ登録（トーホク386完成条件には含めない）,NATIONAL_EXT_0481（新規16bit ID）,エムリット,エムリット,固定イベント追加,EVENT_T,シオウ湖畔／サファリ北湖／ニューアイランド湖,固定シンボル／専用クエスト,Lv.75,原則1体・撃破時復活,殿堂入り＋三湖の調査,EVENT_K,24ばんどうろ河岸／サファリ北／ハナダのどうくつ水晶湖,手掛かり／共鳴戦／専用素材,イベント別,重複捕獲なし,殿堂入り＋三湖の調査＋主地方の捕獲フラグ共有,主地方で1個体だけ捕獲し、副地方では手掛かり・共鳴戦・専用素材を扱う。捕獲済みフラグは両地方で共有し、重複個体を与えない。,野生通常表には入れない,P2,トーホク固定イベントで捕獲,シオウ湖畔／サファリ北湖／ニューアイランド湖,固定シンボル／専用クエスト,原則1体・撃破時復活,殿堂入り＋三湖の調査,カントー側の手掛かり・共鳴イベント,24ばんどうろ河岸／サファリ北／ハナダのどうくつ水晶湖,手掛かり／共鳴戦／専用素材,重複捕獲なし,殿堂入り＋三湖の調査＋共有捕獲フラグ確認,主捕獲地方で1個体のみ捕獲。副地方は手掛かり・共鳴戦・素材報酬を担当し、共有捕獲フラグで重複個体を防止。,V2二地方生態版／541系統配置マスター＋特殊個体イベントマスター
482,アグノム,azelf,4,エスパー,243,伝説,yes,no,未収録・追加対象,新IDへ追加,殿堂入り＋三湖の調査,シオウ湖畔／サファリ北湖／ニューアイランド湖,固定シンボル／専用クエスト,―,三体は逃走せず固定戦。エムリットのみ短い徘徊演出を選択可。,全国研究図鑑へ登録（トーホク386完成条件には含めない）,NATIONAL_EXT_0482（新規16bit ID）,アグノム,アグノム,固定イベント追加,EVENT_T,シオウ湖畔／サファリ北湖／ニューアイランド湖,固定シンボル／専用クエスト,Lv.75,原則1体・撃破時復活,殿堂入り＋三湖の調査,EVENT_K,24ばんどうろ河岸／サファリ北／ハナダのどうくつ水晶湖,手掛かり／共鳴戦／専用素材,イベント別,重複捕獲なし,殿堂入り＋三湖の調査＋主地方の捕獲フラグ共有,主地方で1個体だけ捕獲し、副地方では手掛かり・共鳴戦・専用素材を扱う。捕獲済みフラグは両地方で共有し、重複個体を与えない。,野生通常表には入れない,P2,トーホク固定イベントで捕獲,シオウ湖畔／サファリ北湖／ニューアイランド湖,固定シンボル／専用クエスト,原則1体・撃破時復活,殿堂入り＋三湖の調査,カントー側の手掛かり・共鳴イベント,24ばんどうろ河岸／サファリ北／ハナダのどうくつ水晶湖,手掛かり／共鳴戦／専用素材,重複捕獲なし,殿堂入り＋三湖の調査＋共有捕獲フラグ確認,主捕獲地方で1個体のみ捕獲。副地方は手掛かり・共鳴戦・素材報酬を担当し、共有捕獲フラグで重複個体を防止。,V2二地方生態版／541系統配置マスター＋特殊個体イベントマスター
483,ディアルガ,dialga,4,はがね／ドラゴン,244,伝説,yes,no,既存（トーホク図鑑145）,既存ベガ個体を保持,ベガ既存進行,ベガ既存地点,ベガ既存入手法,既存値,トーホク図鑑No.145。内部種族ID・図鑑登録・イベント参照を変更しない。,トーホク図鑑にも既存番号で登録,VEGA_NATIVE_145（実ROMから確定）,ディアルガ,ディアルガ,ベガ既存特殊個体を保持＋他地方共鳴,EVENT_T,ベガ既存地点,ベガ既存入手法＋捕獲救済,Lv.70,原則1体・撃破時復活,既存条件,EVENT_K,カントー共鳴碑／研究記録,手掛かり／共鳴戦／専用素材,イベント別,重複捕獲なし,既存条件＋主地方の捕獲フラグ共有,主地方で1個体だけ捕獲し、副地方では手掛かり・共鳴戦・専用素材を扱う。捕獲済みフラグは両地方で共有し、重複個体を与えない。,野生通常表には入れない,P0,ベガ既存特殊個体を保持,ベガ既存地点,ベガ既存入手法＋撃破時復活救済,原則1体・撃破時復活,既存条件,カントー側の手掛かり・共鳴イベント,カントー共鳴碑／研究記録,手掛かり／共鳴戦／専用素材,重複捕獲なし,既存条件＋共有捕獲フラグ確認,主捕獲地方で1個体のみ捕獲。副地方は手掛かり・共鳴戦・素材報酬を担当し、共有捕獲フラグで重複個体を防止。,V2二地方生態版／541系統配置マスター＋特殊個体イベントマスター
484,パルキア,palkia,4,みず／ドラゴン,245,伝説,yes,no,既存（トーホク図鑑146）,既存ベガ個体を保持,ベガ既存進行,ベガ既存地点,ベガ既存入手法,既存値,トーホク図鑑No.146。内部種族ID・図鑑登録・イベント参照を変更しない。,トーホク図鑑にも既存番号で登録,VEGA_NATIVE_146（実ROMから確定）,パルキア,パルキア,ベガ既存特殊個体を保持＋他地方共鳴,EVENT_T,ベガ既存地点,ベガ既存入手法＋捕獲救済,Lv.70,原則1体・撃破時復活,既存条件,EVENT_K,カントー共鳴碑／研究記録,手掛かり／共鳴戦／専用素材,イベント別,重複捕獲なし,既存条件＋主地方の捕獲フラグ共有,主地方で1個体だけ捕獲し、副地方では手掛かり・共鳴戦・専用素材を扱う。捕獲済みフラグは両地方で共有し、重複個体を与えない。,野生通常表には入れない,P0,ベガ既存特殊個体を保持,ベガ既存地点,ベガ既存入手法＋撃破時復活救済,原則1体・撃破時復活,既存条件,カントー側の手掛かり・共鳴イベント,カントー共鳴碑／研究記録,手掛かり／共鳴戦／専用素材,重複捕獲なし,既存条件＋共有捕獲フラグ確認,主捕獲地方で1個体のみ捕獲。副地方は手掛かり・共鳴戦・素材報酬を担当し、共有捕獲フラグで重複個体を防止。,V2二地方生態版／541系統配置マスター＋特殊個体イベントマスター
485,ヒードラン,heatran,4,ほのお／はがね,246,伝説,yes,no,既存（トーホク図鑑379）,既存ベガ個体を保持,ベガ既存進行,ベガ既存地点,ベガ既存入手法,既存値,トーホク図鑑No.379。内部種族ID・図鑑登録・イベント参照を変更しない。,トーホク図鑑にも既存番号で登録,VEGA_NATIVE_379（実ROMから確定）,ヒードラン,ヒードラン,ベガ既存特殊個体を保持＋他地方共鳴,EVENT_T,ベガ既存地点,ベガ既存入手法＋捕獲救済,Lv.70,原則1体・撃破時復活,既存条件,EVENT_K,カントー共鳴碑／研究記録,手掛かり／共鳴戦／専用素材,イベント別,重複捕獲なし,既存条件＋主地方の捕獲フラグ共有,主地方で1個体だけ捕獲し、副地方では手掛かり・共鳴戦・専用素材を扱う。捕獲済みフラグは両地方で共有し、重複個体を与えない。,野生通常表には入れない,P0,ベガ既存特殊個体を保持,ベガ既存地点,ベガ既存入手法＋撃破時復活救済,原則1体・撃破時復活,既存条件,カントー側の手掛かり・共鳴イベント,カントー共鳴碑／研究記録,手掛かり／共鳴戦／専用素材,重複捕獲なし,既存条件＋共有捕獲フラグ確認,主捕獲地方で1個体のみ捕獲。副地方は手掛かり・共鳴戦・素材報酬を担当し、共有捕獲フラグで重複個体を防止。,V2二地方生態版／541系統配置マスター＋特殊個体イベントマスター
486,レジギガス,regigigas,4,ノーマル,247,伝説,yes,no,未収録・追加対象,新IDへ追加,6体のレジ系登録,スフィアいせき・巨人の間,固定シンボル／専用クエスト,―,石像に6つの紋章をはめて固定戦。,全国研究図鑑へ登録（トーホク386完成条件には含めない）,NATIONAL_EXT_0486（新規16bit ID）,レジギガス,レジギガス,固定イベント追加,EVENT_T,スフィアいせき・巨人の間,固定シンボル／専用クエスト,Lv.75,原則1体・撃破時復活,6体のレジ系登録,EVENT_K,セキエイ高原・石門,手掛かり／共鳴戦／専用素材,イベント別,重複捕獲なし,6体のレジ系登録＋主地方の捕獲フラグ共有,主地方で1個体だけ捕獲し、副地方では手掛かり・共鳴戦・専用素材を扱う。捕獲済みフラグは両地方で共有し、重複個体を与えない。,野生通常表には入れない,P2,トーホク固定イベントで捕獲,スフィアいせき・巨人の間,固定シンボル／専用クエスト,原則1体・撃破時復活,6体のレジ系登録,カントー側の手掛かり・共鳴イベント,セキエイ高原・石門,手掛かり／共鳴戦／専用素材,重複捕獲なし,6体のレジ系登録＋共有捕獲フラグ確認,主捕獲地方で1個体のみ捕獲。副地方は手掛かり・共鳴戦・素材報酬を担当し、共有捕獲フラグで重複個体を防止。,V2二地方生態版／541系統配置マスター＋特殊個体イベントマスター
487,ギラティナ,giratina,4,ゴースト／ドラゴン,248,伝説,yes,no,未収録・追加対象,新IDへ追加,殿堂入り＋時空イベント完了,スフィアいせき裏回廊／ときのようかん屋上,固定シンボル／専用クエスト,―,満月と新月を端末で切替え、それぞれ固定戦。,全国研究図鑑へ登録（トーホク386完成条件には含めない）,NATIONAL_EXT_0487（新規16bit ID）,ギラティナ,ギラティナ,固定イベント追加,EVENT_T,ときのようかん／スフィアいせき裏回廊,固定シンボル／専用クエスト,Lv.75,原則1体・撃破時復活,殿堂入り＋時空イベント完了,EVENT_K,ポケモンタワー屋上／ハナダのどうくつ反転層,手掛かり／共鳴戦／専用素材,イベント別,重複捕獲なし,殿堂入り＋時空イベント完了＋主地方の捕獲フラグ共有,主地方で1個体だけ捕獲し、副地方では手掛かり・共鳴戦・専用素材を扱う。捕獲済みフラグは両地方で共有し、重複個体を与えない。,野生通常表には入れない,P2,トーホク固定イベントで捕獲,ときのようかん／スフィアいせき裏回廊,固定シンボル／専用クエスト,原則1体・撃破時復活,殿堂入り＋時空イベント完了,カントー側の手掛かり・共鳴イベント,ポケモンタワー屋上／ハナダのどうくつ反転層,手掛かり／共鳴戦／専用素材,重複捕獲なし,殿堂入り＋時空イベント完了＋共有捕獲フラグ確認,主捕獲地方で1個体のみ捕獲。副地方は手掛かり・共鳴戦・素材報酬を担当し、共有捕獲フラグで重複個体を防止。,V2二地方生態版／541系統配置マスター＋特殊個体イベントマスター
488,クレセリア,cresselia,4,エスパー,249,伝説,yes,no,未収録・追加対象,新IDへ追加,殿堂入り＋時空イベント完了,スフィアいせき裏回廊／ときのようかん屋上,固定シンボル／専用クエスト,―,満月と新月を端末で切替え、それぞれ固定戦。,全国研究図鑑へ登録（トーホク386完成条件には含めない）,NATIONAL_EXT_0488（新規16bit ID）,クレセリア,クレセリア,固定イベント追加,EVENT_T,ときのようかん／スフィアいせき裏回廊,固定シンボル／専用クエスト,Lv.75,原則1体・撃破時復活,殿堂入り＋時空イベント完了,EVENT_K,ポケモンタワー屋上／ハナダのどうくつ反転層,手掛かり／共鳴戦／専用素材,イベント別,重複捕獲なし,殿堂入り＋時空イベント完了＋主地方の捕獲フラグ共有,主地方で1個体だけ捕獲し、副地方では手掛かり・共鳴戦・専用素材を扱う。捕獲済みフラグは両地方で共有し、重複個体を与えない。,野生通常表には入れない,P2,トーホク固定イベントで捕獲,ときのようかん／スフィアいせき裏回廊,固定シンボル／専用クエスト,原則1体・撃破時復活,殿堂入り＋時空イベント完了,カントー側の手掛かり・共鳴イベント,ポケモンタワー屋上／ハナダのどうくつ反転層,手掛かり／共鳴戦／専用素材,重複捕獲なし,殿堂入り＋時空イベント完了＋共有捕獲フラグ確認,主捕獲地方で1個体のみ捕獲。副地方は手掛かり・共鳴戦・素材報酬を担当し、共有捕獲フラグで重複個体を防止。,V2二地方生態版／541系統配置マスター＋特殊個体イベントマスター
489,フィオネ,phione,4,みず,250,幻,no,yes,既存（トーホク図鑑382）,既存ベガ個体を保持,ベガ既存進行,ベガ既存地点,ベガ既存入手法,既存値,トーホク図鑑No.382。内部種族ID・図鑑登録・イベント参照を変更しない。,トーホク図鑑にも既存番号で登録,VEGA_NATIVE_382（実ROMから確定）,フィオネ,フィオネ → マナフィ,ベガ既存特殊個体を保持＋他地方共鳴,EVENT_T,ベガ既存地点,ベガ既存入手法＋捕獲救済,Lv.70,原則1体・撃破時復活,既存条件,EVENT_K,カントー共鳴碑／研究記録,手掛かり／共鳴戦／専用素材,イベント別,重複捕獲なし,既存条件＋主地方の捕獲フラグ共有,主地方で1個体だけ捕獲し、副地方では手掛かり・共鳴戦・専用素材を扱う。捕獲済みフラグは両地方で共有し、重複個体を与えない。,野生通常表には入れない,P0,ベガ既存特殊個体を保持,ベガ既存地点,ベガ既存入手法＋撃破時復活救済,原則1体・撃破時復活,既存条件,カントー側の手掛かり・共鳴イベント,カントー共鳴碑／研究記録,手掛かり／共鳴戦／専用素材,重複捕獲なし,既存条件＋共有捕獲フラグ確認,主捕獲地方で1個体のみ捕獲。副地方は手掛かり・共鳴戦・素材報酬を担当し、共有捕獲フラグで重複個体を防止。,V2二地方生態版／541系統配置マスター＋特殊個体イベントマスター
490,マナフィ,manaphy,4,みず,250,幻,no,yes,既存（トーホク図鑑383）,既存ベガ個体を保持,ベガ既存進行,ベガ既存地点,ベガ既存入手法,既存値,トーホク図鑑No.383。内部種族ID・図鑑登録・イベント参照を変更しない。,トーホク図鑑にも既存番号で登録,VEGA_NATIVE_383（実ROMから確定）,フィオネ,フィオネ → マナフィ,ベガ既存特殊個体を保持＋他地方共鳴,EVENT_T,ベガ既存地点,ベガ既存入手法＋捕獲救済,Lv.70,原則1体・撃破時復活,既存条件,EVENT_K,カントー共鳴碑／研究記録,手掛かり／共鳴戦／専用素材,イベント別,重複捕獲なし,既存条件＋主地方の捕獲フラグ共有,主地方で1個体だけ捕獲し、副地方では手掛かり・共鳴戦・専用素材を扱う。捕獲済みフラグは両地方で共有し、重複個体を与えない。,野生通常表には入れない,P0,ベガ既存特殊個体を保持,ベガ既存地点,ベガ既存入手法＋撃破時復活救済,原則1体・撃破時復活,既存条件,カントー側の手掛かり・共鳴イベント,カントー共鳴碑／研究記録,手掛かり／共鳴戦／専用素材,重複捕獲なし,既存条件＋共有捕獲フラグ確認,主捕獲地方で1個体のみ捕獲。副地方は手掛かり・共鳴戦・素材報酬を担当し、共有捕獲フラグで重複個体を防止。,V2二地方生態版／541系統配置マスター＋特殊個体イベントマスター
491,ダークライ,darkrai,4,あく,252,幻,no,yes,既存（トーホク図鑑147）,既存ベガ個体を保持,ベガ既存進行,ベガ既存地点,ベガ既存入手法,既存値,トーホク図鑑No.147。内部種族ID・図鑑登録・イベント参照を変更しない。,トーホク図鑑にも既存番号で登録,VEGA_NATIVE_147（実ROMから確定）,ダークライ,ダークライ,ベガ既存特殊個体を保持＋他地方共鳴,EVENT_T,ベガ既存地点,ベガ既存入手法＋捕獲救済,Lv.70,原則1体・撃破時復活,既存条件,EVENT_K,カントー共鳴碑／研究記録,手掛かり／共鳴戦／専用素材,イベント別,重複捕獲なし,既存条件＋主地方の捕獲フラグ共有,主地方で1個体だけ捕獲し、副地方では手掛かり・共鳴戦・専用素材を扱う。捕獲済みフラグは両地方で共有し、重複個体を与えない。,野生通常表には入れない,P0,ベガ既存特殊個体を保持,ベガ既存地点,ベガ既存入手法＋撃破時復活救済,原則1体・撃破時復活,既存条件,カントー側の手掛かり・共鳴イベント,カントー共鳴碑／研究記録,手掛かり／共鳴戦／専用素材,重複捕獲なし,既存条件＋共有捕獲フラグ確認,主捕獲地方で1個体のみ捕獲。副地方は手掛かり・共鳴戦・素材報酬を担当し、共有捕獲フラグで重複個体を防止。,V2二地方生態版／541系統配置マスター＋特殊個体イベントマスター
492,シェイミ,shaymin,4,くさ,253,幻,no,yes,未収録・追加対象,新IDへ追加,全国研究ランク3,ハクジのもり奥,固定シンボル／専用クエスト,―,汚染された花畑を回復。グラシデアも同時解禁。,全国研究図鑑へ登録（トーホク386完成条件には含めない）,NATIONAL_EXT_0492（新規16bit ID）,シェイミ,シェイミ,固定イベント追加,EVENT_T,ハクジのもり奥,手掛かり／共鳴戦／専用素材,イベント別,重複捕獲なし,全国研究ランク3＋主地方の捕獲フラグ共有,EVENT_K,タマムシ温室・花園,固定シンボル／専用クエスト,Lv.80,原則1体・撃破時復活,全国研究ランク3,主地方で1個体だけ捕獲し、副地方では手掛かり・共鳴戦・専用素材を扱う。捕獲済みフラグは両地方で共有し、重複個体を与えない。,野生通常表には入れない,P2,トーホク側の手掛かり・共鳴イベント,ハクジのもり奥,手掛かり／共鳴戦／専用素材,重複捕獲なし,全国研究ランク3＋共有捕獲フラグ確認,カントー固定イベントで捕獲,タマムシ温室・花園,固定シンボル／専用クエスト,原則1体・撃破時復活,全国研究ランク3,主捕獲地方で1個体のみ捕獲。副地方は手掛かり・共鳴戦・素材報酬を担当し、共有捕獲フラグで重複個体を防止。,V2二地方生態版／541系統配置マスター＋特殊個体イベントマスター
493,アルセウス,arceus,4,ノーマル,254,幻,no,yes,未収録・追加対象,新IDへ追加,各世代伝説アーク10件完了,スフィアいせき最深部,固定シンボル／専用クエスト,―,プレート収集を簡略化し、代表18枚ではなく6属性章で解禁。,全国研究図鑑へ登録（トーホク386完成条件には含めない）,NATIONAL_EXT_0493（新規16bit ID）,アルセウス,アルセウス,固定イベント追加,EVENT_T,スフィアいせき最深部,固定シンボル／専用クエスト,Lv.100,原則1体・撃破時復活,各世代伝説アーク10件完了,EVENT_K,ハナダのどうくつ・創世門,手掛かり／共鳴戦／専用素材,イベント別,重複捕獲なし,各世代伝説アーク10件完了＋主地方の捕獲フラグ共有,主地方で1個体だけ捕獲し、副地方では手掛かり・共鳴戦・専用素材を扱う。捕獲済みフラグは両地方で共有し、重複個体を与えない。,野生通常表には入れない,P2,トーホク固定イベントで捕獲,スフィアいせき最深部,固定シンボル／専用クエスト,原則1体・撃破時復活,各世代伝説アーク10件完了,カントー側の手掛かり・共鳴イベント,ハナダのどうくつ・創世門,手掛かり／共鳴戦／専用素材,重複捕獲なし,各世代伝説アーク10件完了＋共有捕獲フラグ確認,主捕獲地方で1個体のみ捕獲。副地方は手掛かり・共鳴戦・素材報酬を担当し、共有捕獲フラグで重複個体を防止。,V2二地方生態版／541系統配置マスター＋特殊個体イベントマスター
494,ビクティニ,victini,5,エスパー／ほのお,255,幻,no,yes,未収録・追加対象,新IDへ追加,殿堂入り＋連勝10,ポケモンじょう小塔,固定シンボル／専用クエスト,―,塔の試練後に固定戦。,全国研究図鑑へ登録（トーホク386完成条件には含めない）,NATIONAL_EXT_0494（新規16bit ID）,ビクティニ,ビクティニ,固定イベント追加,EVENT_T,ポケモンじょう小塔,固定シンボル／専用クエスト,Lv.80,原則1体・撃破時復活,殿堂入り＋連勝10,EVENT_K,セキエイ高原・勝利碑,手掛かり／共鳴戦／専用素材,イベント別,重複捕獲なし,殿堂入り＋連勝10＋主地方の捕獲フラグ共有,主地方で1個体だけ捕獲し、副地方では手掛かり・共鳴戦・専用素材を扱う。捕獲済みフラグは両地方で共有し、重複個体を与えない。,野生通常表には入れない,P2,トーホク固定イベントで捕獲,ポケモンじょう小塔,固定シンボル／専用クエスト,原則1体・撃破時復活,殿堂入り＋連勝10,カントー側の手掛かり・共鳴イベント,セキエイ高原・勝利碑,手掛かり／共鳴戦／専用素材,重複捕獲なし,殿堂入り＋連勝10＋共有捕獲フラグ確認,主捕獲地方で1個体のみ捕獲。副地方は手掛かり・共鳴戦・素材報酬を担当し、共有捕獲フラグで重複個体を防止。,V2二地方生態版／541系統配置マスター＋特殊個体イベントマスター
495,ツタージャ,snivy,5,くさ,256,御三家,no,no,未収録・追加対象,新IDへ追加,殿堂入り＋全国研究開始,ハクジタウン研究所,地方研究依頼の報酬タマゴ,―,各世代の生態サンプルを3件提出。選択式にせず、依頼再受注で全系統入手可能。,全国研究図鑑へ登録（トーホク386完成条件には含めない）,NATIONAL_EXT_0495（新規16bit ID）,ツタージャ,ツタージャ → ジャノビー → ジャローダ,地方研究タマゴ追加,T_LAB,ハクジタウン・ヒイラギ研究所,地域別研究依頼の報酬タマゴ,Lv.5,研究チケット1枚／系統選択・反復可,各世代の生態サンプルを3件提出。選択式にせず、依頼再受注で全系統入手可能。,K47,マサラタウン・オーキド研究所,オーキド研究所の生態交換タマゴ,Lv.5,カントー認定章2個ごとに1系統、最終的に全系統反復可,ベガ初回殿堂入り後。認定章数でエリアと中間進化枠を段階解禁。,御三家を野生化せず、両地方の研究所を巡る収集導線にする。,通常野生表には入れない,P2,ヒイラギ研究所の地方研究タマゴ,ハクジタウン・ヒイラギ研究所,選択式タマゴ配布,各系統1個／再取得は研究ポイント,各世代の生態サンプルを3件提出。選択式にせず、依頼再受注で全系統入手可能。,オーキド研究所の国際交換タマゴ,マサラタウン・オーキド研究所,選択式タマゴ配布,トーホクで未選択の系統を優先,ベガ初回殿堂入り後。認定章数でエリアと中間進化枠を段階解禁。,通常系統は両地方で基礎種を捕獲可能。トーホクは早期育成、カントーは高レベル・隠れ特性・タマゴ技探索を担当。,V2二地方生態版／541系統配置マスター＋特殊個体イベントマスター
496,ジャノビー,servine,5,くさ,256,御三家,no,no,未収録・追加対象,新IDへ追加（進化入手）,殿堂入り＋全国研究開始,ハクジタウン研究所,進化,―,レベルアップ＋Lv.17以上（CFRU/DPEの対応トリガーを使用。通信・RTC必須にはしない）,全国研究図鑑へ登録（トーホク386完成条件には含めない）,NATIONAL_EXT_0496（新規16bit ID）,ツタージャ,ツタージャ → ジャノビー → ジャローダ,地方研究タマゴ追加,T_LAB,ハクジタウン・ヒイラギ研究所,地域別研究依頼の報酬タマゴ,Lv.5,研究チケット1枚／系統選択・反復可,各世代の生態サンプルを3件提出。選択式にせず、依頼再受注で全系統入手可能。,K47,マサラタウン・オーキド研究所,オーキド研究所の生態交換タマゴ,Lv.5,カントー認定章2個ごとに1系統、最終的に全系統反復可,ベガ初回殿堂入り後。認定章数でエリアと中間進化枠を段階解禁。,御三家を野生化せず、両地方の研究所を巡る収集導線にする。,通常野生表には入れない,P2,ツタージャを育成して進化,ハクジタウン・ヒイラギ研究所,進化,野生追加なし,各世代の生態サンプルを3件提出。選択式にせず、依頼再受注で全系統入手可能。,ツタージャを育成して進化,マサラタウン・オーキド研究所,進化,野生追加なし,ベガ初回殿堂入り後。認定章数でエリアと中間進化枠を段階解禁。,通常系統は両地方で基礎種を捕獲可能。トーホクは早期育成、カントーは高レベル・隠れ特性・タマゴ技探索を担当。,V2二地方生態版／541系統配置マスター＋特殊個体イベントマスター
497,ジャローダ,serperior,5,くさ,256,御三家,no,no,未収録・追加対象,新IDへ追加（進化入手）,殿堂入り＋全国研究開始,ハクジタウン研究所,進化,―,レベルアップ＋Lv.36以上（CFRU/DPEの対応トリガーを使用。通信・RTC必須にはしない）,全国研究図鑑へ登録（トーホク386完成条件には含めない）,NATIONAL_EXT_0497（新規16bit ID）,ツタージャ,ツタージャ → ジャノビー → ジャローダ,地方研究タマゴ追加,T_LAB,ハクジタウン・ヒイラギ研究所,地域別研究依頼の報酬タマゴ,Lv.5,研究チケット1枚／系統選択・反復可,各世代の生態サンプルを3件提出。選択式にせず、依頼再受注で全系統入手可能。,K47,マサラタウン・オーキド研究所,オーキド研究所の生態交換タマゴ,Lv.5,カントー認定章2個ごとに1系統、最終的に全系統反復可,ベガ初回殿堂入り後。認定章数でエリアと中間進化枠を段階解禁。,御三家を野生化せず、両地方の研究所を巡る収集導線にする。,通常野生表には入れない,P2,ツタージャを育成して進化,ハクジタウン・ヒイラギ研究所,進化,野生追加なし,各世代の生態サンプルを3件提出。選択式にせず、依頼再受注で全系統入手可能。,ツタージャを育成して進化,マサラタウン・オーキド研究所,進化,野生追加なし,ベガ初回殿堂入り後。認定章数でエリアと中間進化枠を段階解禁。,通常系統は両地方で基礎種を捕獲可能。トーホクは早期育成、カントーは高レベル・隠れ特性・タマゴ技探索を担当。,V2二地方生態版／541系統配置マスター＋特殊個体イベントマスター
498,ポカブ,tepig,5,ほのお,257,御三家,no,no,未収録・追加対象,新IDへ追加,殿堂入り＋全国研究開始,ハクジタウン研究所,地方研究依頼の報酬タマゴ,―,各世代の生態サンプルを3件提出。選択式にせず、依頼再受注で全系統入手可能。,全国研究図鑑へ登録（トーホク386完成条件には含めない）,NATIONAL_EXT_0498（新規16bit ID）,ポカブ,ポカブ → チャオブー → エンブオー,地方研究タマゴ追加,T_LAB,ハクジタウン・ヒイラギ研究所,地域別研究依頼の報酬タマゴ,Lv.5,研究チケット1枚／系統選択・反復可,各世代の生態サンプルを3件提出。選択式にせず、依頼再受注で全系統入手可能。,K47,マサラタウン・オーキド研究所,オーキド研究所の生態交換タマゴ,Lv.5,カントー認定章2個ごとに1系統、最終的に全系統反復可,ベガ初回殿堂入り後。認定章数でエリアと中間進化枠を段階解禁。,御三家を野生化せず、両地方の研究所を巡る収集導線にする。,通常野生表には入れない,P2,ヒイラギ研究所の地方研究タマゴ,ハクジタウン・ヒイラギ研究所,選択式タマゴ配布,各系統1個／再取得は研究ポイント,各世代の生態サンプルを3件提出。選択式にせず、依頼再受注で全系統入手可能。,オーキド研究所の国際交換タマゴ,マサラタウン・オーキド研究所,選択式タマゴ配布,トーホクで未選択の系統を優先,ベガ初回殿堂入り後。認定章数でエリアと中間進化枠を段階解禁。,通常系統は両地方で基礎種を捕獲可能。トーホクは早期育成、カントーは高レベル・隠れ特性・タマゴ技探索を担当。,V2二地方生態版／541系統配置マスター＋特殊個体イベントマスター
499,チャオブー,pignite,5,ほのお／かくとう,257,御三家,no,no,未収録・追加対象,新IDへ追加（進化入手）,殿堂入り＋全国研究開始,ハクジタウン研究所,進化,―,レベルアップ＋Lv.17以上（CFRU/DPEの対応トリガーを使用。通信・RTC必須にはしない）,全国研究図鑑へ登録（トーホク386完成条件には含めない）,NATIONAL_EXT_0499（新規16bit ID）,ポカブ,ポカブ → チャオブー → エンブオー,地方研究タマゴ追加,T_LAB,ハクジタウン・ヒイラギ研究所,地域別研究依頼の報酬タマゴ,Lv.5,研究チケット1枚／系統選択・反復可,各世代の生態サンプルを3件提出。選択式にせず、依頼再受注で全系統入手可能。,K47,マサラタウン・オーキド研究所,オーキド研究所の生態交換タマゴ,Lv.5,カントー認定章2個ごとに1系統、最終的に全系統反復可,ベガ初回殿堂入り後。認定章数でエリアと中間進化枠を段階解禁。,御三家を野生化せず、両地方の研究所を巡る収集導線にする。,通常野生表には入れない,P2,ポカブを育成して進化,ハクジタウン・ヒイラギ研究所,進化,野生追加なし,各世代の生態サンプルを3件提出。選択式にせず、依頼再受注で全系統入手可能。,ポカブを育成して進化,マサラタウン・オーキド研究所,進化,野生追加なし,ベガ初回殿堂入り後。認定章数でエリアと中間進化枠を段階解禁。,通常系統は両地方で基礎種を捕獲可能。トーホクは早期育成、カントーは高レベル・隠れ特性・タマゴ技探索を担当。,V2二地方生態版／541系統配置マスター＋特殊個体イベントマスター
500,エンブオー,emboar,5,ほのお／かくとう,257,御三家,no,no,未収録・追加対象,新IDへ追加（進化入手）,殿堂入り＋全国研究開始,ハクジタウン研究所,進化,―,レベルアップ＋Lv.36以上（CFRU/DPEの対応トリガーを使用。通信・RTC必須にはしない）,全国研究図鑑へ登録（トーホク386完成条件には含めない）,NATIONAL_EXT_0500（新規16bit ID）,ポカブ,ポカブ → チャオブー → エンブオー,地方研究タマゴ追加,T_LAB,ハクジタウン・ヒイラギ研究所,地域別研究依頼の報酬タマゴ,Lv.5,研究チケット1枚／系統選択・反復可,各世代の生態サンプルを3件提出。選択式にせず、依頼再受注で全系統入手可能。,K47,マサラタウン・オーキド研究所,オーキド研究所の生態交換タマゴ,Lv.5,カントー認定章2個ごとに1系統、最終的に全系統反復可,ベガ初回殿堂入り後。認定章数でエリアと中間進化枠を段階解禁。,御三家を野生化せず、両地方の研究所を巡る収集導線にする。,通常野生表には入れない,P2,ポカブを育成して進化,ハクジタウン・ヒイラギ研究所,進化,野生追加なし,各世代の生態サンプルを3件提出。選択式にせず、依頼再受注で全系統入手可能。,ポカブを育成して進化,マサラタウン・オーキド研究所,進化,野生追加なし,ベガ初回殿堂入り後。認定章数でエリアと中間進化枠を段階解禁。,通常系統は両地方で基礎種を捕獲可能。トーホクは早期育成、カントーは高レベル・隠れ特性・タマゴ技探索を担当。,V2二地方生態版／541系統配置マスター＋特殊個体イベントマスター
501,ミジュマル,oshawott,5,みず,258,御三家,no,no,未収録・追加対象,新IDへ追加,殿堂入り＋全国研究開始,ハクジタウン研究所,地方研究依頼の報酬タマゴ,―,各世代の生態サンプルを3件提出。選択式にせず、依頼再受注で全系統入手可能。,全国研究図鑑へ登録（トーホク386完成条件には含めない）,NATIONAL_EXT_0501（新規16bit ID）,ミジュマル,ミジュマル → フタチマル → ダイケンキ,地方研究タマゴ追加,T_LAB,ハクジタウン・ヒイラギ研究所,地域別研究依頼の報酬タマゴ,Lv.5,研究チケット1枚／系統選択・反復可,各世代の生態サンプルを3件提出。選択式にせず、依頼再受注で全系統入手可能。,K47,マサラタウン・オーキド研究所,オーキド研究所の生態交換タマゴ,Lv.5,カントー認定章2個ごとに1系統、最終的に全系統反復可,ベガ初回殿堂入り後。認定章数でエリアと中間進化枠を段階解禁。,御三家を野生化せず、両地方の研究所を巡る収集導線にする。,通常野生表には入れない,P2,ヒイラギ研究所の地方研究タマゴ,ハクジタウン・ヒイラギ研究所,選択式タマゴ配布,各系統1個／再取得は研究ポイント,各世代の生態サンプルを3件提出。選択式にせず、依頼再受注で全系統入手可能。,オーキド研究所の国際交換タマゴ,マサラタウン・オーキド研究所,選択式タマゴ配布,トーホクで未選択の系統を優先,ベガ初回殿堂入り後。認定章数でエリアと中間進化枠を段階解禁。,通常系統は両地方で基礎種を捕獲可能。トーホクは早期育成、カントーは高レベル・隠れ特性・タマゴ技探索を担当。,V2二地方生態版／541系統配置マスター＋特殊個体イベントマスター
502,フタチマル,dewott,5,みず,258,御三家,no,no,未収録・追加対象,新IDへ追加（進化入手）,殿堂入り＋全国研究開始,ハクジタウン研究所,進化,―,レベルアップ＋Lv.17以上（CFRU/DPEの対応トリガーを使用。通信・RTC必須にはしない）,全国研究図鑑へ登録（トーホク386完成条件には含めない）,NATIONAL_EXT_0502（新規16bit ID）,ミジュマル,ミジュマル → フタチマル → ダイケンキ,地方研究タマゴ追加,T_LAB,ハクジタウン・ヒイラギ研究所,地域別研究依頼の報酬タマゴ,Lv.5,研究チケット1枚／系統選択・反復可,各世代の生態サンプルを3件提出。選択式にせず、依頼再受注で全系統入手可能。,K47,マサラタウン・オーキド研究所,オーキド研究所の生態交換タマゴ,Lv.5,カントー認定章2個ごとに1系統、最終的に全系統反復可,ベガ初回殿堂入り後。認定章数でエリアと中間進化枠を段階解禁。,御三家を野生化せず、両地方の研究所を巡る収集導線にする。,通常野生表には入れない,P2,ミジュマルを育成して進化,ハクジタウン・ヒイラギ研究所,進化,野生追加なし,各世代の生態サンプルを3件提出。選択式にせず、依頼再受注で全系統入手可能。,ミジュマルを育成して進化,マサラタウン・オーキド研究所,進化,野生追加なし,ベガ初回殿堂入り後。認定章数でエリアと中間進化枠を段階解禁。,通常系統は両地方で基礎種を捕獲可能。トーホクは早期育成、カントーは高レベル・隠れ特性・タマゴ技探索を担当。,V2二地方生態版／541系統配置マスター＋特殊個体イベントマスター
503,ダイケンキ,samurott,5,みず,258,御三家,no,no,未収録・追加対象,新IDへ追加（進化入手）,殿堂入り＋全国研究開始,ハクジタウン研究所,進化,―,レベルアップ＋Lv.36以上（CFRU/DPEの対応トリガーを使用。通信・RTC必須にはしない）,全国研究図鑑へ登録（トーホク386完成条件には含めない）,NATIONAL_EXT_0503（新規16bit ID）,ミジュマル,ミジュマル → フタチマル → ダイケンキ,地方研究タマゴ追加,T_LAB,ハクジタウン・ヒイラギ研究所,地域別研究依頼の報酬タマゴ,Lv.5,研究チケット1枚／系統選択・反復可,各世代の生態サンプルを3件提出。選択式にせず、依頼再受注で全系統入手可能。,K47,マサラタウン・オーキド研究所,オーキド研究所の生態交換タマゴ,Lv.5,カントー認定章2個ごとに1系統、最終的に全系統反復可,ベガ初回殿堂入り後。認定章数でエリアと中間進化枠を段階解禁。,御三家を野生化せず、両地方の研究所を巡る収集導線にする。,通常野生表には入れない,P2,ミジュマルを育成して進化,ハクジタウン・ヒイラギ研究所,進化,野生追加なし,各世代の生態サンプルを3件提出。選択式にせず、依頼再受注で全系統入手可能。,ミジュマルを育成して進化,マサラタウン・オーキド研究所,進化,野生追加なし,ベガ初回殿堂入り後。認定章数でエリアと中間進化枠を段階解禁。,通常系統は両地方で基礎種を捕獲可能。トーホクは早期育成、カントーは高レベル・隠れ特性・タマゴ技探索を担当。,V2二地方生態版／541系統配置マスター＋特殊個体イベントマスター
504,ミネズミ,patrat,5,ノーマル,259,通常生態,no,no,未収録・追加対象,新IDへ追加,殿堂入り後,504～506ばんどうろ,大量発生,発生中20～40%,主に基礎形のみ出現。中間・最終進化は原則として育成で入手。時間帯・天候は生態チケットで任意固定可能。,全国研究図鑑へ登録（トーホク386完成条件には含めない）,NATIONAL_EXT_0504（新規16bit ID）,ミネズミ,ミネズミ → ミルホッグ,外来生態レイヤーへ追加,T501,501ばんどうろ／すいどう,草むらオーバーレイ,Lv.2～5,追加抽選3～6%,本編必須フラグを変更せず、外来生態フラグ・時間帯・DexNav・大量発生で制御,K16,16ばんどうろ,草むらオーバーレイ,Lv.81～86,通常表8～15%,ベガ初回殿堂入り後。認定章数でエリアと中間進化枠を段階解禁。,トーホクは本編で使える低～中レベル基礎種、カントーは高レベル個体・中間進化・隠れ特性探索を担当。,ベガ既存11枠を上書きせず、CFRU側の条件付きオーバーレイ／DexNav／大量発生へ登録,P2,トーホク野生生態,501ばんどうろ／すいどう,草むらオーバーレイ,追加抽選3～6%,本編必須フラグを変更せず、外来生態フラグ・時間帯・DexNav・大量発生で制御,カントー高レベル野生生態,16ばんどうろ,草むらオーバーレイ,通常表8～15%,ベガ初回殿堂入り後。認定章数でエリアと中間進化枠を段階解禁。,通常系統は両地方で基礎種を捕獲可能。トーホクは早期育成、カントーは高レベル・隠れ特性・タマゴ技探索を担当。,V2二地方生態版／541系統配置マスター＋特殊個体イベントマスター
505,ミルホッグ,watchog,5,ノーマル,259,通常生態,no,no,未収録・追加対象,新IDへ追加（進化入手）,殿堂入り後,504～506ばんどうろ,進化,―,レベルアップ＋Lv.20以上（CFRU/DPEの対応トリガーを使用。通信・RTC必須にはしない）,全国研究図鑑へ登録（トーホク386完成条件には含めない）,NATIONAL_EXT_0505（新規16bit ID）,ミネズミ,ミネズミ → ミルホッグ,外来生態レイヤーへ追加,T501,501ばんどうろ／すいどう,草むらオーバーレイ,Lv.2～5,追加抽選3～6%,本編必須フラグを変更せず、外来生態フラグ・時間帯・DexNav・大量発生で制御,K16,16ばんどうろ,草むらオーバーレイ,Lv.81～86,通常表8～15%,ベガ初回殿堂入り後。認定章数でエリアと中間進化枠を段階解禁。,トーホクは本編で使える低～中レベル基礎種、カントーは高レベル個体・中間進化・隠れ特性探索を担当。,ベガ既存11枠を上書きせず、CFRU側の条件付きオーバーレイ／DexNav／大量発生へ登録,P2,ミネズミをトーホクで捕獲して進化,501ばんどうろ／すいどう,進化／殿堂入り後DexNavで中間進化が稀に出現,通常野生は基礎種のみ,本編必須フラグを変更せず、外来生態フラグ・時間帯・DexNav・大量発生で制御,ミネズミをカントーで捕獲して進化,16ばんどうろ,進化／認定章6個以降は中間進化がDexNav希少枠,通常野生は基礎種中心,ベガ初回殿堂入り後。認定章数でエリアと中間進化枠を段階解禁。,通常系統は両地方で基礎種を捕獲可能。トーホクは早期育成、カントーは高レベル・隠れ特性・タマゴ技探索を担当。,V2二地方生態版／541系統配置マスター＋特殊個体イベントマスター
506,ヨーテリー,lillipup,5,ノーマル,260,通常生態,no,no,未収録・追加対象,新IDへ追加,殿堂入り後,サファリゾーン中央,大量発生,発生中20～40%,主に基礎形のみ出現。中間・最終進化は原則として育成で入手。時間帯・天候は生態チケットで任意固定可能。,全国研究図鑑へ登録（トーホク386完成条件には含めない）,NATIONAL_EXT_0506（新規16bit ID）,ヨーテリー,ヨーテリー → ハーデリア → ムーランド,外来生態レイヤーへ追加,T503,503ばんどうろ／すいどう,草むらオーバーレイ,Lv.5～9,追加抽選3～6%,本編必須フラグを変更せず、外来生態フラグ・時間帯・DexNav・大量発生で制御,K01,1ばんどうろ,草むらオーバーレイ,Lv.68～72,通常表8～15%,ベガ初回殿堂入り後。認定章数でエリアと中間進化枠を段階解禁。,トーホクは本編で使える低～中レベル基礎種、カントーは高レベル個体・中間進化・隠れ特性探索を担当。,ベガ既存11枠を上書きせず、CFRU側の条件付きオーバーレイ／DexNav／大量発生へ登録,P2,トーホク野生生態,503ばんどうろ／すいどう,草むらオーバーレイ,追加抽選3～6%,本編必須フラグを変更せず、外来生態フラグ・時間帯・DexNav・大量発生で制御,カントー高レベル野生生態,1ばんどうろ,草むらオーバーレイ,通常表8～15%,ベガ初回殿堂入り後。認定章数でエリアと中間進化枠を段階解禁。,通常系統は両地方で基礎種を捕獲可能。トーホクは早期育成、カントーは高レベル・隠れ特性・タマゴ技探索を担当。,V2二地方生態版／541系統配置マスター＋特殊個体イベントマスター
507,ハーデリア,herdier,5,ノーマル,260,通常生態,no,no,未収録・追加対象,新IDへ追加（進化入手）,殿堂入り後,サファリゾーン中央,進化,―,レベルアップ＋Lv.16以上（CFRU/DPEの対応トリガーを使用。通信・RTC必須にはしない）,全国研究図鑑へ登録（トーホク386完成条件には含めない）,NATIONAL_EXT_0507（新規16bit ID）,ヨーテリー,ヨーテリー → ハーデリア → ムーランド,外来生態レイヤーへ追加,T503,503ばんどうろ／すいどう,草むらオーバーレイ,Lv.5～9,追加抽選3～6%,本編必須フラグを変更せず、外来生態フラグ・時間帯・DexNav・大量発生で制御,K01,1ばんどうろ,草むらオーバーレイ,Lv.68～72,通常表8～15%,ベガ初回殿堂入り後。認定章数でエリアと中間進化枠を段階解禁。,トーホクは本編で使える低～中レベル基礎種、カントーは高レベル個体・中間進化・隠れ特性探索を担当。,ベガ既存11枠を上書きせず、CFRU側の条件付きオーバーレイ／DexNav／大量発生へ登録,P2,ヨーテリーをトーホクで捕獲して進化,503ばんどうろ／すいどう,進化／殿堂入り後DexNavで中間進化が稀に出現,通常野生は基礎種のみ,本編必須フラグを変更せず、外来生態フラグ・時間帯・DexNav・大量発生で制御,ヨーテリーをカントーで捕獲して進化,1ばんどうろ,進化／認定章6個以降は中間進化がDexNav希少枠,通常野生は基礎種中心,ベガ初回殿堂入り後。認定章数でエリアと中間進化枠を段階解禁。,通常系統は両地方で基礎種を捕獲可能。トーホクは早期育成、カントーは高レベル・隠れ特性・タマゴ技探索を担当。,V2二地方生態版／541系統配置マスター＋特殊個体イベントマスター
508,ムーランド,stoutland,5,ノーマル,260,通常生態,no,no,未収録・追加対象,新IDへ追加（進化入手）,殿堂入り後,サファリゾーン中央,進化,―,レベルアップ＋Lv.32以上（CFRU/DPEの対応トリガーを使用。通信・RTC必須にはしない）,全国研究図鑑へ登録（トーホク386完成条件には含めない）,NATIONAL_EXT_0508（新規16bit ID）,ヨーテリー,ヨーテリー → ハーデリア → ムーランド,外来生態レイヤーへ追加,T503,503ばんどうろ／すいどう,草むらオーバーレイ,Lv.5～9,追加抽選3～6%,本編必須フラグを変更せず、外来生態フラグ・時間帯・DexNav・大量発生で制御,K01,1ばんどうろ,草むらオーバーレイ,Lv.68～72,通常表8～15%,ベガ初回殿堂入り後。認定章数でエリアと中間進化枠を段階解禁。,トーホクは本編で使える低～中レベル基礎種、カントーは高レベル個体・中間進化・隠れ特性探索を担当。,ベガ既存11枠を上書きせず、CFRU側の条件付きオーバーレイ／DexNav／大量発生へ登録,P2,ヨーテリーをトーホクで捕獲して進化,503ばんどうろ／すいどう,進化／殿堂入り後DexNavで中間進化が稀に出現,通常野生は基礎種のみ,本編必須フラグを変更せず、外来生態フラグ・時間帯・DexNav・大量発生で制御,ヨーテリーをカントーで捕獲して進化,1ばんどうろ,進化／認定章6個以降は中間進化がDexNav希少枠,通常野生は基礎種中心,ベガ初回殿堂入り後。認定章数でエリアと中間進化枠を段階解禁。,通常系統は両地方で基礎種を捕獲可能。トーホクは早期育成、カントーは高レベル・隠れ特性・タマゴ技探索を担当。,V2二地方生態版／541系統配置マスター＋特殊個体イベントマスター
509,チョロネコ,purrloin,5,あく,261,通常生態,no,no,未収録・追加対象,新IDへ追加,殿堂入り後,ダークタワー,図鑑ナビ隠し枠,通常表0%／ナビ検索時1～5%,主に基礎形のみ出現。中間・最終進化は原則として育成で入手。時間帯・天候は生態チケットで任意固定可能。,全国研究図鑑へ登録（トーホク386完成条件には含めない）,NATIONAL_EXT_0509（新規16bit ID）,チョロネコ,チョロネコ → レパルダス,外来生態レイヤーへ追加,T035,D・Hだんアジト,夜間オーバーレイ,Lv.44～57／殿堂入り後Lv.65～80,追加抽選3～6%,本編必須フラグを変更せず、外来生態フラグ・時間帯・DexNav・大量発生で制御,K32,ロケットだんアジト跡,夜間オーバーレイ,Lv.83～91,夜間8～12%,ベガ初回殿堂入り後。認定章数でエリアと中間進化枠を段階解禁。,トーホクは本編で使える低～中レベル基礎種、カントーは高レベル個体・中間進化・隠れ特性探索を担当。,ベガ既存11枠を上書きせず、CFRU側の条件付きオーバーレイ／DexNav／大量発生へ登録,P2,トーホク野生生態,D・Hだんアジト,夜間オーバーレイ,追加抽選3～6%,本編必須フラグを変更せず、外来生態フラグ・時間帯・DexNav・大量発生で制御,カントー高レベル野生生態,ロケットだんアジト跡,夜間オーバーレイ,夜間8～12%,ベガ初回殿堂入り後。認定章数でエリアと中間進化枠を段階解禁。,通常系統は両地方で基礎種を捕獲可能。トーホクは早期育成、カントーは高レベル・隠れ特性・タマゴ技探索を担当。,V2二地方生態版／541系統配置マスター＋特殊個体イベントマスター
510,レパルダス,liepard,5,あく,261,通常生態,no,no,未収録・追加対象,新IDへ追加（進化入手）,殿堂入り後,ダークタワー,進化,―,レベルアップ＋Lv.20以上（CFRU/DPEの対応トリガーを使用。通信・RTC必須にはしない）,全国研究図鑑へ登録（トーホク386完成条件には含めない）,NATIONAL_EXT_0510（新規16bit ID）,チョロネコ,チョロネコ → レパルダス,外来生態レイヤーへ追加,T035,D・Hだんアジト,夜間オーバーレイ,Lv.44～57／殿堂入り後Lv.65～80,追加抽選3～6%,本編必須フラグを変更せず、外来生態フラグ・時間帯・DexNav・大量発生で制御,K32,ロケットだんアジト跡,夜間オーバーレイ,Lv.83～91,夜間8～12%,ベガ初回殿堂入り後。認定章数でエリアと中間進化枠を段階解禁。,トーホクは本編で使える低～中レベル基礎種、カントーは高レベル個体・中間進化・隠れ特性探索を担当。,ベガ既存11枠を上書きせず、CFRU側の条件付きオーバーレイ／DexNav／大量発生へ登録,P2,チョロネコをトーホクで捕獲して進化,D・Hだんアジト,進化／殿堂入り後DexNavで中間進化が稀に出現,通常野生は基礎種のみ,本編必須フラグを変更せず、外来生態フラグ・時間帯・DexNav・大量発生で制御,チョロネコをカントーで捕獲して進化,ロケットだんアジト跡,進化／認定章6個以降は中間進化がDexNav希少枠,通常野生は基礎種中心,ベガ初回殿堂入り後。認定章数でエリアと中間進化枠を段階解禁。,通常系統は両地方で基礎種を捕獲可能。トーホクは早期育成、カントーは高レベル・隠れ特性・タマゴ技探索を担当。,V2二地方生態版／541系統配置マスター＋特殊個体イベントマスター
511,ヤナップ,pansage,5,くさ,262,通常生態,no,no,未収録・追加対象,新IDへ追加,殿堂入り後,ハクジのもり,大量発生,発生中20～40%,主に基礎形のみ出現。中間・最終進化は原則として育成で入手。時間帯・天候は生態チケットで任意固定可能。,全国研究図鑑へ登録（トーホク386完成条件には含めない）,NATIONAL_EXT_0511（新規16bit ID）,ヤナップ,ヤナップ → ヤナッキー,外来生態レイヤーへ追加,T517,517ばんどうろ／すいどう,草むらオーバーレイ,Lv.38～45,追加抽選3～6%,本編必須フラグを変更せず、外来生態フラグ・時間帯・DexNav・大量発生で制御,K26,トキワのもり,ずつき／朝昼オーバーレイ,Lv.70～76,通常表8～15%,ベガ初回殿堂入り後。認定章数でエリアと中間進化枠を段階解禁。,トーホクは本編で使える低～中レベル基礎種、カントーは高レベル個体・中間進化・隠れ特性探索を担当。,ベガ既存11枠を上書きせず、CFRU側の条件付きオーバーレイ／DexNav／大量発生へ登録,P2,トーホク野生生態,517ばんどうろ／すいどう,草むらオーバーレイ,追加抽選3～6%,本編必須フラグを変更せず、外来生態フラグ・時間帯・DexNav・大量発生で制御,カントー高レベル野生生態,トキワのもり,ずつき／朝昼オーバーレイ,通常表8～15%,ベガ初回殿堂入り後。認定章数でエリアと中間進化枠を段階解禁。,通常系統は両地方で基礎種を捕獲可能。トーホクは早期育成、カントーは高レベル・隠れ特性・タマゴ技探索を担当。,V2二地方生態版／541系統配置マスター＋特殊個体イベントマスター
512,ヤナッキー,simisage,5,くさ,262,通常生態,no,no,未収録・追加対象,新IDへ追加（進化入手）,殿堂入り後,ハクジのもり,進化,―,道具使用＋リーフのいしを使う（CFRU/DPEの対応トリガーを使用。通信・RTC必須にはしない）,全国研究図鑑へ登録（トーホク386完成条件には含めない）,NATIONAL_EXT_0512（新規16bit ID）,ヤナップ,ヤナップ → ヤナッキー,外来生態レイヤーへ追加,T517,517ばんどうろ／すいどう,草むらオーバーレイ,Lv.38～45,追加抽選3～6%,本編必須フラグを変更せず、外来生態フラグ・時間帯・DexNav・大量発生で制御,K26,トキワのもり,ずつき／朝昼オーバーレイ,Lv.70～76,通常表8～15%,ベガ初回殿堂入り後。認定章数でエリアと中間進化枠を段階解禁。,トーホクは本編で使える低～中レベル基礎種、カントーは高レベル個体・中間進化・隠れ特性探索を担当。,ベガ既存11枠を上書きせず、CFRU側の条件付きオーバーレイ／DexNav／大量発生へ登録,P2,ヤナップをトーホクで捕獲して進化,517ばんどうろ／すいどう,進化／殿堂入り後DexNavで中間進化が稀に出現,通常野生は基礎種のみ,本編必須フラグを変更せず、外来生態フラグ・時間帯・DexNav・大量発生で制御,ヤナップをカントーで捕獲して進化,トキワのもり,進化／認定章6個以降は中間進化がDexNav希少枠,通常野生は基礎種中心,ベガ初回殿堂入り後。認定章数でエリアと中間進化枠を段階解禁。,通常系統は両地方で基礎種を捕獲可能。トーホクは早期育成、カントーは高レベル・隠れ特性・タマゴ技探索を担当。,V2二地方生態版／541系統配置マスター＋特殊個体イベントマスター
513,バオップ,pansear,5,ほのお,263,通常生態,no,no,未収録・追加対象,新IDへ追加,殿堂入り後,ひのしま,時間帯オーバーレイ,8～12%,主に基礎形のみ出現。中間・最終進化は原則として育成で入手。時間帯・天候は生態チケットで任意固定可能。,全国研究図鑑へ登録（トーホク386完成条件には含めない）,NATIONAL_EXT_0513（新規16bit ID）,バオップ,バオップ → バオッキー,外来生態レイヤーへ追加,T521,521ばんどうろ／すいどう,草むらオーバーレイ,Lv.45～52,追加抽選3～6%,本編必須フラグを変更せず、外来生態フラグ・時間帯・DexNav・大量発生で制御,K17,17ばんどうろ,草むらオーバーレイ,Lv.83～89,通常表8～15%,ベガ初回殿堂入り後。認定章数でエリアと中間進化枠を段階解禁。,トーホクは本編で使える低～中レベル基礎種、カントーは高レベル個体・中間進化・隠れ特性探索を担当。,ベガ既存11枠を上書きせず、CFRU側の条件付きオーバーレイ／DexNav／大量発生へ登録,P2,トーホク野生生態,521ばんどうろ／すいどう,草むらオーバーレイ,追加抽選3～6%,本編必須フラグを変更せず、外来生態フラグ・時間帯・DexNav・大量発生で制御,カントー高レベル野生生態,17ばんどうろ,草むらオーバーレイ,通常表8～15%,ベガ初回殿堂入り後。認定章数でエリアと中間進化枠を段階解禁。,通常系統は両地方で基礎種を捕獲可能。トーホクは早期育成、カントーは高レベル・隠れ特性・タマゴ技探索を担当。,V2二地方生態版／541系統配置マスター＋特殊個体イベントマスター
514,バオッキー,simisear,5,ほのお,263,通常生態,no,no,未収録・追加対象,新IDへ追加（進化入手）,殿堂入り後,ひのしま,進化,―,道具使用＋ほのおのいしを使う（CFRU/DPEの対応トリガーを使用。通信・RTC必須にはしない）,全国研究図鑑へ登録（トーホク386完成条件には含めない）,NATIONAL_EXT_0514（新規16bit ID）,バオップ,バオップ → バオッキー,外来生態レイヤーへ追加,T521,521ばんどうろ／すいどう,草むらオーバーレイ,Lv.45～52,追加抽選3～6%,本編必須フラグを変更せず、外来生態フラグ・時間帯・DexNav・大量発生で制御,K17,17ばんどうろ,草むらオーバーレイ,Lv.83～89,通常表8～15%,ベガ初回殿堂入り後。認定章数でエリアと中間進化枠を段階解禁。,トーホクは本編で使える低～中レベル基礎種、カントーは高レベル個体・中間進化・隠れ特性探索を担当。,ベガ既存11枠を上書きせず、CFRU側の条件付きオーバーレイ／DexNav／大量発生へ登録,P2,バオップをトーホクで捕獲して進化,521ばんどうろ／すいどう,進化／殿堂入り後DexNavで中間進化が稀に出現,通常野生は基礎種のみ,本編必須フラグを変更せず、外来生態フラグ・時間帯・DexNav・大量発生で制御,バオップをカントーで捕獲して進化,17ばんどうろ,進化／認定章6個以降は中間進化がDexNav希少枠,通常野生は基礎種中心,ベガ初回殿堂入り後。認定章数でエリアと中間進化枠を段階解禁。,通常系統は両地方で基礎種を捕獲可能。トーホクは早期育成、カントーは高レベル・隠れ特性・タマゴ技探索を担当。,V2二地方生態版／541系統配置マスター＋特殊個体イベントマスター
515,ヒヤップ,panpour,5,みず,264,通常生態,no,no,未収録・追加対象,新IDへ追加,バッジ5～6個,507～509ばんどうろ・水道,釣り,8～12%,主に基礎形のみ出現。中間・最終進化は原則として育成で入手。時間帯・天候は生態チケットで任意固定可能。,全国研究図鑑へ登録（トーホク386完成条件には含めない）,NATIONAL_EXT_0515（新規16bit ID）,ヒヤップ,ヒヤップ → ヒヤッキー,外来生態レイヤーへ追加,T510,510ばんどうろ／すいどう,釣りオーバーレイ,Lv.24～30,追加抽選4～8%,本編必須フラグを変更せず、外来生態フラグ・時間帯・DexNav・大量発生で制御,K36,サファリゾーン北,釣りオーバーレイ,Lv.85～94,通常表10～20%,ベガ初回殿堂入り後。認定章数でエリアと中間進化枠を段階解禁。,トーホクは本編で使える低～中レベル基礎種、カントーは高レベル個体・中間進化・隠れ特性探索を担当。,ベガ既存11枠を上書きせず、CFRU側の条件付きオーバーレイ／DexNav／大量発生へ登録,P1,トーホク野生生態,510ばんどうろ／すいどう,釣りオーバーレイ,追加抽選4～8%,本編必須フラグを変更せず、外来生態フラグ・時間帯・DexNav・大量発生で制御,カントー高レベル野生生態,サファリゾーン北,釣りオーバーレイ,通常表10～20%,ベガ初回殿堂入り後。認定章数でエリアと中間進化枠を段階解禁。,通常系統は両地方で基礎種を捕獲可能。トーホクは早期育成、カントーは高レベル・隠れ特性・タマゴ技探索を担当。,V2二地方生態版／541系統配置マスター＋特殊個体イベントマスター
516,ヒヤッキー,simipour,5,みず,264,通常生態,no,no,未収録・追加対象,新IDへ追加（進化入手）,バッジ5～6個,507～509ばんどうろ・水道,進化,―,道具使用＋みずのいしを使う（CFRU/DPEの対応トリガーを使用。通信・RTC必須にはしない）,全国研究図鑑へ登録（トーホク386完成条件には含めない）,NATIONAL_EXT_0516（新規16bit ID）,ヒヤップ,ヒヤップ → ヒヤッキー,外来生態レイヤーへ追加,T510,510ばんどうろ／すいどう,釣りオーバーレイ,Lv.24～30,追加抽選4～8%,本編必須フラグを変更せず、外来生態フラグ・時間帯・DexNav・大量発生で制御,K36,サファリゾーン北,釣りオーバーレイ,Lv.85～94,通常表10～20%,ベガ初回殿堂入り後。認定章数でエリアと中間進化枠を段階解禁。,トーホクは本編で使える低～中レベル基礎種、カントーは高レベル個体・中間進化・隠れ特性探索を担当。,ベガ既存11枠を上書きせず、CFRU側の条件付きオーバーレイ／DexNav／大量発生へ登録,P1,ヒヤップをトーホクで捕獲して進化,510ばんどうろ／すいどう,進化／殿堂入り後DexNavで中間進化が稀に出現,通常野生は基礎種のみ,本編必須フラグを変更せず、外来生態フラグ・時間帯・DexNav・大量発生で制御,ヒヤップをカントーで捕獲して進化,サファリゾーン北,進化／認定章6個以降は中間進化がDexNav希少枠,通常野生は基礎種中心,ベガ初回殿堂入り後。認定章数でエリアと中間進化枠を段階解禁。,通常系統は両地方で基礎種を捕獲可能。トーホクは早期育成、カントーは高レベル・隠れ特性・タマゴ技探索を担当。,V2二地方生態版／541系統配置マスター＋特殊個体イベントマスター
517,ムンナ,munna,5,エスパー,265,通常生態,no,no,未収録・追加対象,新IDへ追加,殿堂入り後,ニューアイランド,大量発生,発生中20～40%,主に基礎形のみ出現。中間・最終進化は原則として育成で入手。時間帯・天候は生態チケットで任意固定可能。,全国研究図鑑へ登録（トーホク386完成条件には含めない）,NATIONAL_EXT_0517（新規16bit ID）,ムンナ,ムンナ → ムシャーナ,外来生態レイヤーへ追加,T025,こころのやかた,洞窟・屋内オーバーレイ,Lv.8～13／殿堂入り後Lv.45～48,追加抽選3～6%,本編必須フラグを変更せず、外来生態フラグ・時間帯・DexNav・大量発生で制御,K08,8ばんどうろ,草むらオーバーレイ,Lv.79～84,通常表8～15%,ベガ初回殿堂入り後。認定章数でエリアと中間進化枠を段階解禁。,トーホクは本編で使える低～中レベル基礎種、カントーは高レベル個体・中間進化・隠れ特性探索を担当。,ベガ既存11枠を上書きせず、CFRU側の条件付きオーバーレイ／DexNav／大量発生へ登録,P2,トーホク野生生態,こころのやかた,洞窟・屋内オーバーレイ,追加抽選3～6%,本編必須フラグを変更せず、外来生態フラグ・時間帯・DexNav・大量発生で制御,カントー高レベル野生生態,8ばんどうろ,草むらオーバーレイ,通常表8～15%,ベガ初回殿堂入り後。認定章数でエリアと中間進化枠を段階解禁。,通常系統は両地方で基礎種を捕獲可能。トーホクは早期育成、カントーは高レベル・隠れ特性・タマゴ技探索を担当。,V2二地方生態版／541系統配置マスター＋特殊個体イベントマスター
518,ムシャーナ,musharna,5,エスパー,265,通常生態,no,no,未収録・追加対象,新IDへ追加（進化入手）,殿堂入り後,ニューアイランド,進化,―,道具使用＋つきのいしを使う（CFRU/DPEの対応トリガーを使用。通信・RTC必須にはしない）,全国研究図鑑へ登録（トーホク386完成条件には含めない）,NATIONAL_EXT_0518（新規16bit ID）,ムンナ,ムンナ → ムシャーナ,外来生態レイヤーへ追加,T025,こころのやかた,洞窟・屋内オーバーレイ,Lv.8～13／殿堂入り後Lv.45～48,追加抽選3～6%,本編必須フラグを変更せず、外来生態フラグ・時間帯・DexNav・大量発生で制御,K08,8ばんどうろ,草むらオーバーレイ,Lv.79～84,通常表8～15%,ベガ初回殿堂入り後。認定章数でエリアと中間進化枠を段階解禁。,トーホクは本編で使える低～中レベル基礎種、カントーは高レベル個体・中間進化・隠れ特性探索を担当。,ベガ既存11枠を上書きせず、CFRU側の条件付きオーバーレイ／DexNav／大量発生へ登録,P2,ムンナをトーホクで捕獲して進化,こころのやかた,進化／殿堂入り後DexNavで中間進化が稀に出現,通常野生は基礎種のみ,本編必須フラグを変更せず、外来生態フラグ・時間帯・DexNav・大量発生で制御,ムンナをカントーで捕獲して進化,8ばんどうろ,進化／認定章6個以降は中間進化がDexNav希少枠,通常野生は基礎種中心,ベガ初回殿堂入り後。認定章数でエリアと中間進化枠を段階解禁。,通常系統は両地方で基礎種を捕獲可能。トーホクは早期育成、カントーは高レベル・隠れ特性・タマゴ技探索を担当。,V2二地方生態版／541系統配置マスター＋特殊個体イベントマスター
519,マメパト,pidove,5,ノーマル／ひこう,266,通常生態,no,no,未収録・追加対象,新IDへ追加,殿堂入り後,521～523ばんどうろ,草むらオーバーレイ,8～12%,主に基礎形のみ出現。中間・最終進化は原則として育成で入手。時間帯・天候は生態チケットで任意固定可能。,全国研究図鑑へ登録（トーホク386完成条件には含めない）,NATIONAL_EXT_0519（新規16bit ID）,マメパト,マメパト → ハトーボー → ケンホロウ,外来生態レイヤーへ追加,T501,501ばんどうろ／すいどう,草むらオーバーレイ,Lv.2～5,追加抽選3～6%,本編必須フラグを変更せず、外来生態フラグ・時間帯・DexNav・大量発生で制御,K25,25ばんどうろ,草むらオーバーレイ,Lv.75～80,通常表8～15%,ベガ初回殿堂入り後。認定章数でエリアと中間進化枠を段階解禁。,トーホクは本編で使える低～中レベル基礎種、カントーは高レベル個体・中間進化・隠れ特性探索を担当。,ベガ既存11枠を上書きせず、CFRU側の条件付きオーバーレイ／DexNav／大量発生へ登録,P2,トーホク野生生態,501ばんどうろ／すいどう,草むらオーバーレイ,追加抽選3～6%,本編必須フラグを変更せず、外来生態フラグ・時間帯・DexNav・大量発生で制御,カントー高レベル野生生態,25ばんどうろ,草むらオーバーレイ,通常表8～15%,ベガ初回殿堂入り後。認定章数でエリアと中間進化枠を段階解禁。,通常系統は両地方で基礎種を捕獲可能。トーホクは早期育成、カントーは高レベル・隠れ特性・タマゴ技探索を担当。,V2二地方生態版／541系統配置マスター＋特殊個体イベントマスター
520,ハトーボー,tranquill,5,ノーマル／ひこう,266,通常生態,no,no,未収録・追加対象,新IDへ追加（進化入手）,殿堂入り後,521～523ばんどうろ,進化,―,レベルアップ＋Lv.21以上（CFRU/DPEの対応トリガーを使用。通信・RTC必須にはしない）,全国研究図鑑へ登録（トーホク386完成条件には含めない）,NATIONAL_EXT_0520（新規16bit ID）,マメパト,マメパト → ハトーボー → ケンホロウ,外来生態レイヤーへ追加,T501,501ばんどうろ／すいどう,草むらオーバーレイ,Lv.2～5,追加抽選3～6%,本編必須フラグを変更せず、外来生態フラグ・時間帯・DexNav・大量発生で制御,K25,25ばんどうろ,草むらオーバーレイ,Lv.75～80,通常表8～15%,ベガ初回殿堂入り後。認定章数でエリアと中間進化枠を段階解禁。,トーホクは本編で使える低～中レベル基礎種、カントーは高レベル個体・中間進化・隠れ特性探索を担当。,ベガ既存11枠を上書きせず、CFRU側の条件付きオーバーレイ／DexNav／大量発生へ登録,P2,マメパトをトーホクで捕獲して進化,501ばんどうろ／すいどう,進化／殿堂入り後DexNavで中間進化が稀に出現,通常野生は基礎種のみ,本編必須フラグを変更せず、外来生態フラグ・時間帯・DexNav・大量発生で制御,マメパトをカントーで捕獲して進化,25ばんどうろ,進化／認定章6個以降は中間進化がDexNav希少枠,通常野生は基礎種中心,ベガ初回殿堂入り後。認定章数でエリアと中間進化枠を段階解禁。,通常系統は両地方で基礎種を捕獲可能。トーホクは早期育成、カントーは高レベル・隠れ特性・タマゴ技探索を担当。,V2二地方生態版／541系統配置マスター＋特殊個体イベントマスター
521,ケンホロウ,unfezant,5,ノーマル／ひこう,266,通常生態,no,no,未収録・追加対象,新IDへ追加（進化入手）,殿堂入り後,521～523ばんどうろ,進化,―,レベルアップ＋Lv.32以上（CFRU/DPEの対応トリガーを使用。通信・RTC必須にはしない）,全国研究図鑑へ登録（トーホク386完成条件には含めない）,NATIONAL_EXT_0521（新規16bit ID）,マメパト,マメパト → ハトーボー → ケンホロウ,外来生態レイヤーへ追加,T501,501ばんどうろ／すいどう,草むらオーバーレイ,Lv.2～5,追加抽選3～6%,本編必須フラグを変更せず、外来生態フラグ・時間帯・DexNav・大量発生で制御,K25,25ばんどうろ,草むらオーバーレイ,Lv.75～80,通常表8～15%,ベガ初回殿堂入り後。認定章数でエリアと中間進化枠を段階解禁。,トーホクは本編で使える低～中レベル基礎種、カントーは高レベル個体・中間進化・隠れ特性探索を担当。,ベガ既存11枠を上書きせず、CFRU側の条件付きオーバーレイ／DexNav／大量発生へ登録,P2,マメパトをトーホクで捕獲して進化,501ばんどうろ／すいどう,進化／殿堂入り後DexNavで中間進化が稀に出現,通常野生は基礎種のみ,本編必須フラグを変更せず、外来生態フラグ・時間帯・DexNav・大量発生で制御,マメパトをカントーで捕獲して進化,25ばんどうろ,進化／認定章6個以降は中間進化がDexNav希少枠,通常野生は基礎種中心,ベガ初回殿堂入り後。認定章数でエリアと中間進化枠を段階解禁。,通常系統は両地方で基礎種を捕獲可能。トーホクは早期育成、カントーは高レベル・隠れ特性・タマゴ技探索を担当。,V2二地方生態版／541系統配置マスター＋特殊個体イベントマスター
522,シママ,blitzle,5,でんき,267,通常生態,no,no,未収録・追加対象,新IDへ追加,殿堂入り後,かみなりのしま,大量発生,発生中20～40%,主に基礎形のみ出現。中間・最終進化は原則として育成で入手。時間帯・天候は生態チケットで任意固定可能。,全国研究図鑑へ登録（トーホク386完成条件には含めない）,NATIONAL_EXT_0522（新規16bit ID）,シママ,シママ → ゼブライカ,外来生態レイヤーへ追加,T029,かみなりのしま,草むらオーバーレイ,Lv.30～40／殿堂入り後Lv.55～70,追加抽選3～6%,本編必須フラグを変更せず、外来生態フラグ・時間帯・DexNav・大量発生で制御,K10,10ばんどうろ,草むらオーバーレイ,Lv.78～84,通常表8～15%,ベガ初回殿堂入り後。認定章数でエリアと中間進化枠を段階解禁。,トーホクは本編で使える低～中レベル基礎種、カントーは高レベル個体・中間進化・隠れ特性探索を担当。,ベガ既存11枠を上書きせず、CFRU側の条件付きオーバーレイ／DexNav／大量発生へ登録,P2,トーホク野生生態,かみなりのしま,草むらオーバーレイ,追加抽選3～6%,本編必須フラグを変更せず、外来生態フラグ・時間帯・DexNav・大量発生で制御,カントー高レベル野生生態,10ばんどうろ,草むらオーバーレイ,通常表8～15%,ベガ初回殿堂入り後。認定章数でエリアと中間進化枠を段階解禁。,通常系統は両地方で基礎種を捕獲可能。トーホクは早期育成、カントーは高レベル・隠れ特性・タマゴ技探索を担当。,V2二地方生態版／541系統配置マスター＋特殊個体イベントマスター
523,ゼブライカ,zebstrika,5,でんき,267,通常生態,no,no,未収録・追加対象,新IDへ追加（進化入手）,殿堂入り後,かみなりのしま,進化,―,レベルアップ＋Lv.27以上（CFRU/DPEの対応トリガーを使用。通信・RTC必須にはしない）,全国研究図鑑へ登録（トーホク386完成条件には含めない）,NATIONAL_EXT_0523（新規16bit ID）,シママ,シママ → ゼブライカ,外来生態レイヤーへ追加,T029,かみなりのしま,草むらオーバーレイ,Lv.30～40／殿堂入り後Lv.55～70,追加抽選3～6%,本編必須フラグを変更せず、外来生態フラグ・時間帯・DexNav・大量発生で制御,K10,10ばんどうろ,草むらオーバーレイ,Lv.78～84,通常表8～15%,ベガ初回殿堂入り後。認定章数でエリアと中間進化枠を段階解禁。,トーホクは本編で使える低～中レベル基礎種、カントーは高レベル個体・中間進化・隠れ特性探索を担当。,ベガ既存11枠を上書きせず、CFRU側の条件付きオーバーレイ／DexNav／大量発生へ登録,P2,シママをトーホクで捕獲して進化,かみなりのしま,進化／殿堂入り後DexNavで中間進化が稀に出現,通常野生は基礎種のみ,本編必須フラグを変更せず、外来生態フラグ・時間帯・DexNav・大量発生で制御,シママをカントーで捕獲して進化,10ばんどうろ,進化／認定章6個以降は中間進化がDexNav希少枠,通常野生は基礎種中心,ベガ初回殿堂入り後。認定章数でエリアと中間進化枠を段階解禁。,通常系統は両地方で基礎種を捕獲可能。トーホクは早期育成、カントーは高レベル・隠れ特性・タマゴ技探索を担当。,V2二地方生態版／541系統配置マスター＋特殊個体イベントマスター
524,ダンゴロ,roggenrola,5,いわ,268,通常生態,no,no,未収録・追加対象,新IDへ追加,殿堂入り後,ちえのどうくつ,洞窟オーバーレイ,8～12%,主に基礎形のみ出現。中間・最終進化は原則として育成で入手。時間帯・天候は生態チケットで任意固定可能。,全国研究図鑑へ登録（トーホク386完成条件には含めない）,NATIONAL_EXT_0524（新規16bit ID）,ダンゴロ,ダンゴロ → ガントル → ギガイアス,外来生態レイヤーへ追加,T031,ユキユキやま,いわくだき／DexNav,Lv.36～46／殿堂入り後Lv.58～72,通常0%／DexNav 2～5%,本編必須フラグを変更せず、外来生態フラグ・時間帯・DexNav・大量発生で制御,K30,イワヤマトンネル,いわくだき／DexNav,Lv.80～87,通常0%／DexNav 2～5%,ベガ初回殿堂入り後。認定章数でエリアと中間進化枠を段階解禁。,トーホクは本編で使える低～中レベル基礎種、カントーは高レベル個体・中間進化・隠れ特性探索を担当。,ベガ既存11枠を上書きせず、CFRU側の条件付きオーバーレイ／DexNav／大量発生へ登録,P2,トーホク野生生態,ユキユキやま,いわくだき／DexNav,通常0%／DexNav 2～5%,本編必須フラグを変更せず、外来生態フラグ・時間帯・DexNav・大量発生で制御,カントー高レベル野生生態,イワヤマトンネル,いわくだき／DexNav,通常0%／DexNav 2～5%,ベガ初回殿堂入り後。認定章数でエリアと中間進化枠を段階解禁。,通常系統は両地方で基礎種を捕獲可能。トーホクは早期育成、カントーは高レベル・隠れ特性・タマゴ技探索を担当。,V2二地方生態版／541系統配置マスター＋特殊個体イベントマスター
525,ガントル,boldore,5,いわ,268,通常生態,no,no,未収録・追加対象,新IDへ追加（進化入手）,殿堂入り後,ちえのどうくつ,進化,―,レベルアップ＋Lv.25以上（CFRU/DPEの対応トリガーを使用。通信・RTC必須にはしない）,全国研究図鑑へ登録（トーホク386完成条件には含めない）,NATIONAL_EXT_0525（新規16bit ID）,ダンゴロ,ダンゴロ → ガントル → ギガイアス,外来生態レイヤーへ追加,T031,ユキユキやま,いわくだき／DexNav,Lv.36～46／殿堂入り後Lv.58～72,通常0%／DexNav 2～5%,本編必須フラグを変更せず、外来生態フラグ・時間帯・DexNav・大量発生で制御,K30,イワヤマトンネル,いわくだき／DexNav,Lv.80～87,通常0%／DexNav 2～5%,ベガ初回殿堂入り後。認定章数でエリアと中間進化枠を段階解禁。,トーホクは本編で使える低～中レベル基礎種、カントーは高レベル個体・中間進化・隠れ特性探索を担当。,ベガ既存11枠を上書きせず、CFRU側の条件付きオーバーレイ／DexNav／大量発生へ登録,P2,ダンゴロをトーホクで捕獲して進化,ユキユキやま,進化／殿堂入り後DexNavで中間進化が稀に出現,通常野生は基礎種のみ,本編必須フラグを変更せず、外来生態フラグ・時間帯・DexNav・大量発生で制御,ダンゴロをカントーで捕獲して進化,イワヤマトンネル,進化／認定章6個以降は中間進化がDexNav希少枠,通常野生は基礎種中心,ベガ初回殿堂入り後。認定章数でエリアと中間進化枠を段階解禁。,通常系統は両地方で基礎種を捕獲可能。トーホクは早期育成、カントーは高レベル・隠れ特性・タマゴ技探索を担当。,V2二地方生態版／541系統配置マスター＋特殊個体イベントマスター
526,ギガイアス,gigalith,5,いわ,268,通常生態,no,no,未収録・追加対象,新IDへ追加（進化入手）,殿堂入り後,ちえのどうくつ,進化,―,「つながりのヒモ」を使用。通信交換でも従来通り進化。,全国研究図鑑へ登録（トーホク386完成条件には含めない）,NATIONAL_EXT_0526（新規16bit ID）,ダンゴロ,ダンゴロ → ガントル → ギガイアス,外来生態レイヤーへ追加,T031,ユキユキやま,いわくだき／DexNav,Lv.36～46／殿堂入り後Lv.58～72,通常0%／DexNav 2～5%,本編必須フラグを変更せず、外来生態フラグ・時間帯・DexNav・大量発生で制御,K30,イワヤマトンネル,いわくだき／DexNav,Lv.80～87,通常0%／DexNav 2～5%,ベガ初回殿堂入り後。認定章数でエリアと中間進化枠を段階解禁。,トーホクは本編で使える低～中レベル基礎種、カントーは高レベル個体・中間進化・隠れ特性探索を担当。,ベガ既存11枠を上書きせず、CFRU側の条件付きオーバーレイ／DexNav／大量発生へ登録,P2,ダンゴロをトーホクで捕獲して進化,ユキユキやま,進化／殿堂入り後DexNavで中間進化が稀に出現,通常野生は基礎種のみ,本編必須フラグを変更せず、外来生態フラグ・時間帯・DexNav・大量発生で制御,ダンゴロをカントーで捕獲して進化,イワヤマトンネル,進化／認定章6個以降は中間進化がDexNav希少枠,通常野生は基礎種中心,ベガ初回殿堂入り後。認定章数でエリアと中間進化枠を段階解禁。,通常系統は両地方で基礎種を捕獲可能。トーホクは早期育成、カントーは高レベル・隠れ特性・タマゴ技探索を担当。,V2二地方生態版／541系統配置マスター＋特殊個体イベントマスター
527,コロモリ,woobat,5,エスパー／ひこう,269,通常生態,no,no,未収録・追加対象,新IDへ追加,殿堂入り後,全国生態保護区（サファリ増設区画）,生態保護区ローテーション,対象日10～20%（チケットで固定可）,主に基礎形のみ出現。中間・最終進化は原則として育成で入手。時間帯・天候は生態チケットで任意固定可能。,全国研究図鑑へ登録（トーホク386完成条件には含めない）,NATIONAL_EXT_0527（新規16bit ID）,コロモリ,コロモリ → ココロモリ,外来生態レイヤーへ追加,T505,505ばんどうろ／すいどう,大量発生,Lv.10～14,通常0%／発生中20～35%,本編必須フラグを変更せず、外来生態フラグ・時間帯・DexNav・大量発生で制御,K23,23ばんどうろ,草むらオーバーレイ,Lv.92～98,通常表8～15%,ベガ初回殿堂入り後。認定章数でエリアと中間進化枠を段階解禁。,トーホクは本編で使える低～中レベル基礎種、カントーは高レベル個体・中間進化・隠れ特性探索を担当。,ベガ既存11枠を上書きせず、CFRU側の条件付きオーバーレイ／DexNav／大量発生へ登録,P2,トーホク野生生態,505ばんどうろ／すいどう,大量発生,通常0%／発生中20～35%,本編必須フラグを変更せず、外来生態フラグ・時間帯・DexNav・大量発生で制御,カントー高レベル野生生態,23ばんどうろ,草むらオーバーレイ,通常表8～15%,ベガ初回殿堂入り後。認定章数でエリアと中間進化枠を段階解禁。,通常系統は両地方で基礎種を捕獲可能。トーホクは早期育成、カントーは高レベル・隠れ特性・タマゴ技探索を担当。,V2二地方生態版／541系統配置マスター＋特殊個体イベントマスター
528,ココロモリ,swoobat,5,エスパー／ひこう,269,通常生態,no,no,未収録・追加対象,新IDへ追加（進化入手）,殿堂入り後,全国生態保護区（サファリ増設区画）,進化,―,レベルアップ＋なつき度160以上（CFRU/DPEの対応トリガーを使用。通信・RTC必須にはしない）,全国研究図鑑へ登録（トーホク386完成条件には含めない）,NATIONAL_EXT_0528（新規16bit ID）,コロモリ,コロモリ → ココロモリ,外来生態レイヤーへ追加,T505,505ばんどうろ／すいどう,大量発生,Lv.10～14,通常0%／発生中20～35%,本編必須フラグを変更せず、外来生態フラグ・時間帯・DexNav・大量発生で制御,K23,23ばんどうろ,草むらオーバーレイ,Lv.92～98,通常表8～15%,ベガ初回殿堂入り後。認定章数でエリアと中間進化枠を段階解禁。,トーホクは本編で使える低～中レベル基礎種、カントーは高レベル個体・中間進化・隠れ特性探索を担当。,ベガ既存11枠を上書きせず、CFRU側の条件付きオーバーレイ／DexNav／大量発生へ登録,P2,コロモリをトーホクで捕獲して進化,505ばんどうろ／すいどう,進化／殿堂入り後DexNavで中間進化が稀に出現,通常野生は基礎種のみ,本編必須フラグを変更せず、外来生態フラグ・時間帯・DexNav・大量発生で制御,コロモリをカントーで捕獲して進化,23ばんどうろ,進化／認定章6個以降は中間進化がDexNav希少枠,通常野生は基礎種中心,ベガ初回殿堂入り後。認定章数でエリアと中間進化枠を段階解禁。,通常系統は両地方で基礎種を捕獲可能。トーホクは早期育成、カントーは高レベル・隠れ特性・タマゴ技探索を担当。,V2二地方生態版／541系統配置マスター＋特殊個体イベントマスター
529,モグリュー,drilbur,5,じめん,270,通常生態,no,no,未収録・追加対象,新IDへ追加,バッジ5～6個,ちえのどうくつ,洞窟オーバーレイ,4～5%,主に基礎形のみ出現。中間・最終進化は原則として育成で入手。時間帯・天候は生態チケットで任意固定可能。,全国研究図鑑へ登録（トーホク386完成条件には含めない）,NATIONAL_EXT_0529（新規16bit ID）,モグリュー,モグリュー → ドリュウズ,外来生態レイヤーへ追加,T024,ちえのどうくつ,いわくだき／DexNav,Lv.6～9／殿堂入り後Lv.44～48,通常0%／DexNav 2～5%,本編必須フラグを変更せず、外来生態フラグ・時間帯・DexNav・大量発生で制御,K28,ディグダのあな,いわくだき／DexNav,Lv.76～83,通常0%／DexNav 2～5%,ベガ初回殿堂入り後。認定章数でエリアと中間進化枠を段階解禁。,トーホクは本編で使える低～中レベル基礎種、カントーは高レベル個体・中間進化・隠れ特性探索を担当。,ベガ既存11枠を上書きせず、CFRU側の条件付きオーバーレイ／DexNav／大量発生へ登録,P1,トーホク野生生態,ちえのどうくつ,いわくだき／DexNav,通常0%／DexNav 2～5%,本編必須フラグを変更せず、外来生態フラグ・時間帯・DexNav・大量発生で制御,カントー高レベル野生生態,ディグダのあな,いわくだき／DexNav,通常0%／DexNav 2～5%,ベガ初回殿堂入り後。認定章数でエリアと中間進化枠を段階解禁。,通常系統は両地方で基礎種を捕獲可能。トーホクは早期育成、カントーは高レベル・隠れ特性・タマゴ技探索を担当。,V2二地方生態版／541系統配置マスター＋特殊個体イベントマスター
530,ドリュウズ,excadrill,5,じめん／はがね,270,通常生態,no,no,未収録・追加対象,新IDへ追加（進化入手）,バッジ5～6個,ちえのどうくつ,進化,―,レベルアップ＋Lv.31以上（CFRU/DPEの対応トリガーを使用。通信・RTC必須にはしない）,全国研究図鑑へ登録（トーホク386完成条件には含めない）,NATIONAL_EXT_0530（新規16bit ID）,モグリュー,モグリュー → ドリュウズ,外来生態レイヤーへ追加,T024,ちえのどうくつ,いわくだき／DexNav,Lv.6～9／殿堂入り後Lv.44～48,通常0%／DexNav 2～5%,本編必須フラグを変更せず、外来生態フラグ・時間帯・DexNav・大量発生で制御,K28,ディグダのあな,いわくだき／DexNav,Lv.76～83,通常0%／DexNav 2～5%,ベガ初回殿堂入り後。認定章数でエリアと中間進化枠を段階解禁。,トーホクは本編で使える低～中レベル基礎種、カントーは高レベル個体・中間進化・隠れ特性探索を担当。,ベガ既存11枠を上書きせず、CFRU側の条件付きオーバーレイ／DexNav／大量発生へ登録,P1,モグリューをトーホクで捕獲して進化,ちえのどうくつ,進化／殿堂入り後DexNavで中間進化が稀に出現,通常野生は基礎種のみ,本編必須フラグを変更せず、外来生態フラグ・時間帯・DexNav・大量発生で制御,モグリューをカントーで捕獲して進化,ディグダのあな,進化／認定章6個以降は中間進化がDexNav希少枠,通常野生は基礎種中心,ベガ初回殿堂入り後。認定章数でエリアと中間進化枠を段階解禁。,通常系統は両地方で基礎種を捕獲可能。トーホクは早期育成、カントーは高レベル・隠れ特性・タマゴ技探索を担当。,V2二地方生態版／541系統配置マスター＋特殊個体イベントマスター
531,タブンネ,audino,5,ノーマル,271,通常生態,no,no,未収録・追加対象,新IDへ追加,殿堂入り後,504～506ばんどうろ,時間帯オーバーレイ,8～12%,主に基礎形のみ出現。中間・最終進化は原則として育成で入手。時間帯・天候は生態チケットで任意固定可能。,全国研究図鑑へ登録（トーホク386完成条件には含めない）,NATIONAL_EXT_0531（新規16bit ID）,タブンネ,タブンネ,外来生態レイヤーへ追加,T504,504ばんどうろ／すいどう,草むらオーバーレイ,Lv.9～13,追加抽選3～6%,本編必須フラグを変更せず、外来生態フラグ・時間帯・DexNav・大量発生で制御,K18,18ばんどうろ,草むらオーバーレイ,Lv.84～90,通常表8～15%,ベガ初回殿堂入り後。認定章数でエリアと中間進化枠を段階解禁。,トーホクは本編で使える低～中レベル基礎種、カントーは高レベル個体・中間進化・隠れ特性探索を担当。,ベガ既存11枠を上書きせず、CFRU側の条件付きオーバーレイ／DexNav／大量発生へ登録,P2,トーホク野生生態,504ばんどうろ／すいどう,草むらオーバーレイ,追加抽選3～6%,本編必須フラグを変更せず、外来生態フラグ・時間帯・DexNav・大量発生で制御,カントー高レベル野生生態,18ばんどうろ,草むらオーバーレイ,通常表8～15%,ベガ初回殿堂入り後。認定章数でエリアと中間進化枠を段階解禁。,通常系統は両地方で基礎種を捕獲可能。トーホクは早期育成、カントーは高レベル・隠れ特性・タマゴ技探索を担当。,V2二地方生態版／541系統配置マスター＋特殊個体イベントマスター
532,ドッコラー,timburr,5,かくとう,272,通常生態,no,no,未収録・追加対象,新IDへ追加,殿堂入り後,ユキユキやま,図鑑ナビ隠し枠,通常表0%／ナビ検索時1～5%,主に基礎形のみ出現。中間・最終進化は原則として育成で入手。時間帯・天候は生態チケットで任意固定可能。,全国研究図鑑へ登録（トーホク386完成条件には含めない）,NATIONAL_EXT_0532（新規16bit ID）,ドッコラー,ドッコラー → ドテッコツ → ローブシン,外来生態レイヤーへ追加,T514,514ばんどうろ／すいどう,草むらオーバーレイ,Lv.31～38,追加抽選3～6%,本編必須フラグを変更せず、外来生態フラグ・時間帯・DexNav・大量発生で制御,K09,9ばんどうろ,草むらオーバーレイ,Lv.77～82,通常表8～15%,ベガ初回殿堂入り後。認定章数でエリアと中間進化枠を段階解禁。,トーホクは本編で使える低～中レベル基礎種、カントーは高レベル個体・中間進化・隠れ特性探索を担当。,ベガ既存11枠を上書きせず、CFRU側の条件付きオーバーレイ／DexNav／大量発生へ登録,P2,トーホク野生生態,514ばんどうろ／すいどう,草むらオーバーレイ,追加抽選3～6%,本編必須フラグを変更せず、外来生態フラグ・時間帯・DexNav・大量発生で制御,カントー高レベル野生生態,9ばんどうろ,草むらオーバーレイ,通常表8～15%,ベガ初回殿堂入り後。認定章数でエリアと中間進化枠を段階解禁。,通常系統は両地方で基礎種を捕獲可能。トーホクは早期育成、カントーは高レベル・隠れ特性・タマゴ技探索を担当。,V2二地方生態版／541系統配置マスター＋特殊個体イベントマスター
533,ドテッコツ,gurdurr,5,かくとう,272,通常生態,no,no,未収録・追加対象,新IDへ追加（進化入手）,殿堂入り後,ユキユキやま,進化,―,レベルアップ＋Lv.25以上（CFRU/DPEの対応トリガーを使用。通信・RTC必須にはしない）,全国研究図鑑へ登録（トーホク386完成条件には含めない）,NATIONAL_EXT_0533（新規16bit ID）,ドッコラー,ドッコラー → ドテッコツ → ローブシン,外来生態レイヤーへ追加,T514,514ばんどうろ／すいどう,草むらオーバーレイ,Lv.31～38,追加抽選3～6%,本編必須フラグを変更せず、外来生態フラグ・時間帯・DexNav・大量発生で制御,K09,9ばんどうろ,草むらオーバーレイ,Lv.77～82,通常表8～15%,ベガ初回殿堂入り後。認定章数でエリアと中間進化枠を段階解禁。,トーホクは本編で使える低～中レベル基礎種、カントーは高レベル個体・中間進化・隠れ特性探索を担当。,ベガ既存11枠を上書きせず、CFRU側の条件付きオーバーレイ／DexNav／大量発生へ登録,P2,ドッコラーをトーホクで捕獲して進化,514ばんどうろ／すいどう,進化／殿堂入り後DexNavで中間進化が稀に出現,通常野生は基礎種のみ,本編必須フラグを変更せず、外来生態フラグ・時間帯・DexNav・大量発生で制御,ドッコラーをカントーで捕獲して進化,9ばんどうろ,進化／認定章6個以降は中間進化がDexNav希少枠,通常野生は基礎種中心,ベガ初回殿堂入り後。認定章数でエリアと中間進化枠を段階解禁。,通常系統は両地方で基礎種を捕獲可能。トーホクは早期育成、カントーは高レベル・隠れ特性・タマゴ技探索を担当。,V2二地方生態版／541系統配置マスター＋特殊個体イベントマスター
534,ローブシン,conkeldurr,5,かくとう,272,通常生態,no,no,未収録・追加対象,新IDへ追加（進化入手）,殿堂入り後,ユキユキやま,進化,―,「つながりのヒモ」を使用。通信交換でも従来通り進化。,全国研究図鑑へ登録（トーホク386完成条件には含めない）,NATIONAL_EXT_0534（新規16bit ID）,ドッコラー,ドッコラー → ドテッコツ → ローブシン,外来生態レイヤーへ追加,T514,514ばんどうろ／すいどう,草むらオーバーレイ,Lv.31～38,追加抽選3～6%,本編必須フラグを変更せず、外来生態フラグ・時間帯・DexNav・大量発生で制御,K09,9ばんどうろ,草むらオーバーレイ,Lv.77～82,通常表8～15%,ベガ初回殿堂入り後。認定章数でエリアと中間進化枠を段階解禁。,トーホクは本編で使える低～中レベル基礎種、カントーは高レベル個体・中間進化・隠れ特性探索を担当。,ベガ既存11枠を上書きせず、CFRU側の条件付きオーバーレイ／DexNav／大量発生へ登録,P2,ドッコラーをトーホクで捕獲して進化,514ばんどうろ／すいどう,進化／殿堂入り後DexNavで中間進化が稀に出現,通常野生は基礎種のみ,本編必須フラグを変更せず、外来生態フラグ・時間帯・DexNav・大量発生で制御,ドッコラーをカントーで捕獲して進化,9ばんどうろ,進化／認定章6個以降は中間進化がDexNav希少枠,通常野生は基礎種中心,ベガ初回殿堂入り後。認定章数でエリアと中間進化枠を段階解禁。,通常系統は両地方で基礎種を捕獲可能。トーホクは早期育成、カントーは高レベル・隠れ特性・タマゴ技探索を担当。,V2二地方生態版／541系統配置マスター＋特殊個体イベントマスター
535,オタマロ,tympole,5,みず,273,通常生態,no,no,未収録・追加対象,新IDへ追加,殿堂入り後,シオウ近海,図鑑ナビ隠し枠,通常表0%／ナビ検索時1～5%,主に基礎形のみ出現。中間・最終進化は原則として育成で入手。時間帯・天候は生態チケットで任意固定可能。,全国研究図鑑へ登録（トーホク386完成条件には含めない）,NATIONAL_EXT_0535（新規16bit ID）,オタマロ,オタマロ → ガマガル → ガマゲロゲ,外来生態レイヤーへ追加,T027,かいていトンネル,釣りオーバーレイ,Lv.20～30,追加抽選4～8%,本編必須フラグを変更せず、外来生態フラグ・時間帯・DexNav・大量発生で制御,K15,15ばんどうろ,釣りオーバーレイ,Lv.85～90,通常表10～20%,ベガ初回殿堂入り後。認定章数でエリアと中間進化枠を段階解禁。,トーホクは本編で使える低～中レベル基礎種、カントーは高レベル個体・中間進化・隠れ特性探索を担当。,ベガ既存11枠を上書きせず、CFRU側の条件付きオーバーレイ／DexNav／大量発生へ登録,P2,トーホク野生生態,かいていトンネル,釣りオーバーレイ,追加抽選4～8%,本編必須フラグを変更せず、外来生態フラグ・時間帯・DexNav・大量発生で制御,カントー高レベル野生生態,15ばんどうろ,釣りオーバーレイ,通常表10～20%,ベガ初回殿堂入り後。認定章数でエリアと中間進化枠を段階解禁。,通常系統は両地方で基礎種を捕獲可能。トーホクは早期育成、カントーは高レベル・隠れ特性・タマゴ技探索を担当。,V2二地方生態版／541系統配置マスター＋特殊個体イベントマスター
536,ガマガル,palpitoad,5,みず／じめん,273,通常生態,no,no,未収録・追加対象,新IDへ追加（進化入手）,殿堂入り後,シオウ近海,進化,―,レベルアップ＋Lv.25以上（CFRU/DPEの対応トリガーを使用。通信・RTC必須にはしない）,全国研究図鑑へ登録（トーホク386完成条件には含めない）,NATIONAL_EXT_0536（新規16bit ID）,オタマロ,オタマロ → ガマガル → ガマゲロゲ,外来生態レイヤーへ追加,T027,かいていトンネル,釣りオーバーレイ,Lv.20～30,追加抽選4～8%,本編必須フラグを変更せず、外来生態フラグ・時間帯・DexNav・大量発生で制御,K15,15ばんどうろ,釣りオーバーレイ,Lv.85～90,通常表10～20%,ベガ初回殿堂入り後。認定章数でエリアと中間進化枠を段階解禁。,トーホクは本編で使える低～中レベル基礎種、カントーは高レベル個体・中間進化・隠れ特性探索を担当。,ベガ既存11枠を上書きせず、CFRU側の条件付きオーバーレイ／DexNav／大量発生へ登録,P2,オタマロをトーホクで捕獲して進化,かいていトンネル,進化／殿堂入り後DexNavで中間進化が稀に出現,通常野生は基礎種のみ,本編必須フラグを変更せず、外来生態フラグ・時間帯・DexNav・大量発生で制御,オタマロをカントーで捕獲して進化,15ばんどうろ,進化／認定章6個以降は中間進化がDexNav希少枠,通常野生は基礎種中心,ベガ初回殿堂入り後。認定章数でエリアと中間進化枠を段階解禁。,通常系統は両地方で基礎種を捕獲可能。トーホクは早期育成、カントーは高レベル・隠れ特性・タマゴ技探索を担当。,V2二地方生態版／541系統配置マスター＋特殊個体イベントマスター
537,ガマゲロゲ,seismitoad,5,みず／じめん,273,通常生態,no,no,未収録・追加対象,新IDへ追加（進化入手）,殿堂入り後,シオウ近海,進化,―,レベルアップ＋Lv.36以上（CFRU/DPEの対応トリガーを使用。通信・RTC必須にはしない）,全国研究図鑑へ登録（トーホク386完成条件には含めない）,NATIONAL_EXT_0537（新規16bit ID）,オタマロ,オタマロ → ガマガル → ガマゲロゲ,外来生態レイヤーへ追加,T027,かいていトンネル,釣りオーバーレイ,Lv.20～30,追加抽選4～8%,本編必須フラグを変更せず、外来生態フラグ・時間帯・DexNav・大量発生で制御,K15,15ばんどうろ,釣りオーバーレイ,Lv.85～90,通常表10～20%,ベガ初回殿堂入り後。認定章数でエリアと中間進化枠を段階解禁。,トーホクは本編で使える低～中レベル基礎種、カントーは高レベル個体・中間進化・隠れ特性探索を担当。,ベガ既存11枠を上書きせず、CFRU側の条件付きオーバーレイ／DexNav／大量発生へ登録,P2,オタマロをトーホクで捕獲して進化,かいていトンネル,進化／殿堂入り後DexNavで中間進化が稀に出現,通常野生は基礎種のみ,本編必須フラグを変更せず、外来生態フラグ・時間帯・DexNav・大量発生で制御,オタマロをカントーで捕獲して進化,15ばんどうろ,進化／認定章6個以降は中間進化がDexNav希少枠,通常野生は基礎種中心,ベガ初回殿堂入り後。認定章数でエリアと中間進化枠を段階解禁。,通常系統は両地方で基礎種を捕獲可能。トーホクは早期育成、カントーは高レベル・隠れ特性・タマゴ技探索を担当。,V2二地方生態版／541系統配置マスター＋特殊個体イベントマスター
538,ナゲキ,throh,5,かくとう,274,通常生態,no,no,未収録・追加対象,新IDへ追加,バッジ5～6個,ユキユキやま,図鑑ナビ隠し枠,通常表0%／ナビ検索時1～5%,主に基礎形のみ出現。中間・最終進化は原則として育成で入手。時間帯・天候は生態チケットで任意固定可能。,全国研究図鑑へ登録（トーホク386完成条件には含めない）,NATIONAL_EXT_0538（新規16bit ID）,ナゲキ,ナゲキ,外来生態レイヤーへ追加,T042,チャンピオンロード,洞窟・屋内オーバーレイ,Lv.58～66／殿堂入り後Lv.70～88,追加抽選3～6%,本編必須フラグを変更せず、外来生態フラグ・時間帯・DexNav・大量発生で制御,K09,9ばんどうろ,草むらオーバーレイ,Lv.77～82,通常表8～15%,ベガ初回殿堂入り後。認定章数でエリアと中間進化枠を段階解禁。,トーホクは本編で使える低～中レベル基礎種、カントーは高レベル個体・中間進化・隠れ特性探索を担当。,ベガ既存11枠を上書きせず、CFRU側の条件付きオーバーレイ／DexNav／大量発生へ登録,P1,トーホク野生生態,チャンピオンロード,洞窟・屋内オーバーレイ,追加抽選3～6%,本編必須フラグを変更せず、外来生態フラグ・時間帯・DexNav・大量発生で制御,カントー高レベル野生生態,9ばんどうろ,草むらオーバーレイ,通常表8～15%,ベガ初回殿堂入り後。認定章数でエリアと中間進化枠を段階解禁。,通常系統は両地方で基礎種を捕獲可能。トーホクは早期育成、カントーは高レベル・隠れ特性・タマゴ技探索を担当。,V2二地方生態版／541系統配置マスター＋特殊個体イベントマスター
539,ダゲキ,sawk,5,かくとう,275,通常生態,no,no,未収録・追加対象,新IDへ追加,殿堂入り後,チャンピオンロード,図鑑ナビ隠し枠,通常表0%／ナビ検索時1～5%,主に基礎形のみ出現。中間・最終進化は原則として育成で入手。時間帯・天候は生態チケットで任意固定可能。,全国研究図鑑へ登録（トーホク386完成条件には含めない）,NATIONAL_EXT_0539（新規16bit ID）,ダゲキ,ダゲキ,外来生態レイヤーへ追加,T042,チャンピオンロード,洞窟・屋内オーバーレイ,Lv.58～66／殿堂入り後Lv.70～88,追加抽選3～6%,本編必須フラグを変更せず、外来生態フラグ・時間帯・DexNav・大量発生で制御,K22,22ばんどうろ,草むらオーバーレイ,Lv.90～95,通常表8～15%,ベガ初回殿堂入り後。認定章数でエリアと中間進化枠を段階解禁。,トーホクは本編で使える低～中レベル基礎種、カントーは高レベル個体・中間進化・隠れ特性探索を担当。,ベガ既存11枠を上書きせず、CFRU側の条件付きオーバーレイ／DexNav／大量発生へ登録,P2,トーホク野生生態,チャンピオンロード,洞窟・屋内オーバーレイ,追加抽選3～6%,本編必須フラグを変更せず、外来生態フラグ・時間帯・DexNav・大量発生で制御,カントー高レベル野生生態,22ばんどうろ,草むらオーバーレイ,通常表8～15%,ベガ初回殿堂入り後。認定章数でエリアと中間進化枠を段階解禁。,通常系統は両地方で基礎種を捕獲可能。トーホクは早期育成、カントーは高レベル・隠れ特性・タマゴ技探索を担当。,V2二地方生態版／541系統配置マスター＋特殊個体イベントマスター
540,クルミル,sewaddle,5,むし／くさ,276,通常生態,no,no,未収録・追加対象,新IDへ追加,バッジ1～2個,ハクジのもり,ずつき,8～12%,主に基礎形のみ出現。中間・最終進化は原則として育成で入手。時間帯・天候は生態チケットで任意固定可能。,全国研究図鑑へ登録（トーホク386完成条件には含めない）,NATIONAL_EXT_0540（新規16bit ID）,クルミル,クルミル → クルマユ → ハハコモリ,外来生態レイヤーへ追加,T036,サファリゾーン東,ずつき／朝昼オーバーレイ,Lv.38～48／殿堂入り後Lv.55～70,追加抽選3～6%,本編必須フラグを変更せず、外来生態フラグ・時間帯・DexNav・大量発生で制御,K35,サファリゾーン東,ずつき／朝昼オーバーレイ,Lv.85～94,通常表8～15%,ベガ初回殿堂入り後。認定章数でエリアと中間進化枠を段階解禁。,トーホクは本編で使える低～中レベル基礎種、カントーは高レベル個体・中間進化・隠れ特性探索を担当。,ベガ既存11枠を上書きせず、CFRU側の条件付きオーバーレイ／DexNav／大量発生へ登録,P1,トーホク野生生態,サファリゾーン東,ずつき／朝昼オーバーレイ,追加抽選3～6%,本編必須フラグを変更せず、外来生態フラグ・時間帯・DexNav・大量発生で制御,カントー高レベル野生生態,サファリゾーン東,ずつき／朝昼オーバーレイ,通常表8～15%,ベガ初回殿堂入り後。認定章数でエリアと中間進化枠を段階解禁。,通常系統は両地方で基礎種を捕獲可能。トーホクは早期育成、カントーは高レベル・隠れ特性・タマゴ技探索を担当。,V2二地方生態版／541系統配置マスター＋特殊個体イベントマスター
541,クルマユ,swadloon,5,むし／くさ,276,通常生態,no,no,未収録・追加対象,新IDへ追加（進化入手）,バッジ1～2個,ハクジのもり,進化,―,レベルアップ＋Lv.20以上（CFRU/DPEの対応トリガーを使用。通信・RTC必須にはしない）,全国研究図鑑へ登録（トーホク386完成条件には含めない）,NATIONAL_EXT_0541（新規16bit ID）,クルミル,クルミル → クルマユ → ハハコモリ,外来生態レイヤーへ追加,T036,サファリゾーン東,ずつき／朝昼オーバーレイ,Lv.38～48／殿堂入り後Lv.55～70,追加抽選3～6%,本編必須フラグを変更せず、外来生態フラグ・時間帯・DexNav・大量発生で制御,K35,サファリゾーン東,ずつき／朝昼オーバーレイ,Lv.85～94,通常表8～15%,ベガ初回殿堂入り後。認定章数でエリアと中間進化枠を段階解禁。,トーホクは本編で使える低～中レベル基礎種、カントーは高レベル個体・中間進化・隠れ特性探索を担当。,ベガ既存11枠を上書きせず、CFRU側の条件付きオーバーレイ／DexNav／大量発生へ登録,P1,クルミルをトーホクで捕獲して進化,サファリゾーン東,進化／殿堂入り後DexNavで中間進化が稀に出現,通常野生は基礎種のみ,本編必須フラグを変更せず、外来生態フラグ・時間帯・DexNav・大量発生で制御,クルミルをカントーで捕獲して進化,サファリゾーン東,進化／認定章6個以降は中間進化がDexNav希少枠,通常野生は基礎種中心,ベガ初回殿堂入り後。認定章数でエリアと中間進化枠を段階解禁。,通常系統は両地方で基礎種を捕獲可能。トーホクは早期育成、カントーは高レベル・隠れ特性・タマゴ技探索を担当。,V2二地方生態版／541系統配置マスター＋特殊個体イベントマスター
542,ハハコモリ,leavanny,5,むし／くさ,276,通常生態,no,no,未収録・追加対象,新IDへ追加（進化入手）,バッジ1～2個,ハクジのもり,進化,―,レベルアップ＋なつき度220以上（CFRU/DPEの対応トリガーを使用。通信・RTC必須にはしない）,全国研究図鑑へ登録（トーホク386完成条件には含めない）,NATIONAL_EXT_0542（新規16bit ID）,クルミル,クルミル → クルマユ → ハハコモリ,外来生態レイヤーへ追加,T036,サファリゾーン東,ずつき／朝昼オーバーレイ,Lv.38～48／殿堂入り後Lv.55～70,追加抽選3～6%,本編必須フラグを変更せず、外来生態フラグ・時間帯・DexNav・大量発生で制御,K35,サファリゾーン東,ずつき／朝昼オーバーレイ,Lv.85～94,通常表8～15%,ベガ初回殿堂入り後。認定章数でエリアと中間進化枠を段階解禁。,トーホクは本編で使える低～中レベル基礎種、カントーは高レベル個体・中間進化・隠れ特性探索を担当。,ベガ既存11枠を上書きせず、CFRU側の条件付きオーバーレイ／DexNav／大量発生へ登録,P1,クルミルをトーホクで捕獲して進化,サファリゾーン東,進化／殿堂入り後DexNavで中間進化が稀に出現,通常野生は基礎種のみ,本編必須フラグを変更せず、外来生態フラグ・時間帯・DexNav・大量発生で制御,クルミルをカントーで捕獲して進化,サファリゾーン東,進化／認定章6個以降は中間進化がDexNav希少枠,通常野生は基礎種中心,ベガ初回殿堂入り後。認定章数でエリアと中間進化枠を段階解禁。,通常系統は両地方で基礎種を捕獲可能。トーホクは早期育成、カントーは高レベル・隠れ特性・タマゴ技探索を担当。,V2二地方生態版／541系統配置マスター＋特殊個体イベントマスター
543,フシデ,venipede,5,むし／どく,277,通常生態,no,no,未収録・追加対象,新IDへ追加,バッジ3～4個,ハクジのもり,大量発生,発生中20～40%,主に基礎形のみ出現。中間・最終進化は原則として育成で入手。時間帯・天候は生態チケットで任意固定可能。,全国研究図鑑へ登録（トーホク386完成条件には含めない）,NATIONAL_EXT_0543（新規16bit ID）,フシデ,フシデ → ホイーガ → ペンドラー,外来生態レイヤーへ追加,T504,504ばんどうろ／すいどう,草むらオーバーレイ,Lv.9～13,追加抽選3～6%,本編必須フラグを変更せず、外来生態フラグ・時間帯・DexNav・大量発生で制御,K33,タマムシ温室,ずつき／朝昼オーバーレイ,Lv.82～90,通常表8～15%,ベガ初回殿堂入り後。認定章数でエリアと中間進化枠を段階解禁。,トーホクは本編で使える低～中レベル基礎種、カントーは高レベル個体・中間進化・隠れ特性探索を担当。,ベガ既存11枠を上書きせず、CFRU側の条件付きオーバーレイ／DexNav／大量発生へ登録,P1,トーホク野生生態,504ばんどうろ／すいどう,草むらオーバーレイ,追加抽選3～6%,本編必須フラグを変更せず、外来生態フラグ・時間帯・DexNav・大量発生で制御,カントー高レベル野生生態,タマムシ温室,ずつき／朝昼オーバーレイ,通常表8～15%,ベガ初回殿堂入り後。認定章数でエリアと中間進化枠を段階解禁。,通常系統は両地方で基礎種を捕獲可能。トーホクは早期育成、カントーは高レベル・隠れ特性・タマゴ技探索を担当。,V2二地方生態版／541系統配置マスター＋特殊個体イベントマスター
544,ホイーガ,whirlipede,5,むし／どく,277,通常生態,no,no,未収録・追加対象,新IDへ追加（進化入手）,バッジ3～4個,ハクジのもり,進化,―,レベルアップ＋Lv.22以上（CFRU/DPEの対応トリガーを使用。通信・RTC必須にはしない）,全国研究図鑑へ登録（トーホク386完成条件には含めない）,NATIONAL_EXT_0544（新規16bit ID）,フシデ,フシデ → ホイーガ → ペンドラー,外来生態レイヤーへ追加,T504,504ばんどうろ／すいどう,草むらオーバーレイ,Lv.9～13,追加抽選3～6%,本編必須フラグを変更せず、外来生態フラグ・時間帯・DexNav・大量発生で制御,K33,タマムシ温室,ずつき／朝昼オーバーレイ,Lv.82～90,通常表8～15%,ベガ初回殿堂入り後。認定章数でエリアと中間進化枠を段階解禁。,トーホクは本編で使える低～中レベル基礎種、カントーは高レベル個体・中間進化・隠れ特性探索を担当。,ベガ既存11枠を上書きせず、CFRU側の条件付きオーバーレイ／DexNav／大量発生へ登録,P1,フシデをトーホクで捕獲して進化,504ばんどうろ／すいどう,進化／殿堂入り後DexNavで中間進化が稀に出現,通常野生は基礎種のみ,本編必須フラグを変更せず、外来生態フラグ・時間帯・DexNav・大量発生で制御,フシデをカントーで捕獲して進化,タマムシ温室,進化／認定章6個以降は中間進化がDexNav希少枠,通常野生は基礎種中心,ベガ初回殿堂入り後。認定章数でエリアと中間進化枠を段階解禁。,通常系統は両地方で基礎種を捕獲可能。トーホクは早期育成、カントーは高レベル・隠れ特性・タマゴ技探索を担当。,V2二地方生態版／541系統配置マスター＋特殊個体イベントマスター
545,ペンドラー,scolipede,5,むし／どく,277,通常生態,no,no,未収録・追加対象,新IDへ追加（進化入手）,バッジ3～4個,ハクジのもり,進化,―,レベルアップ＋Lv.30以上（CFRU/DPEの対応トリガーを使用。通信・RTC必須にはしない）,全国研究図鑑へ登録（トーホク386完成条件には含めない）,NATIONAL_EXT_0545（新規16bit ID）,フシデ,フシデ → ホイーガ → ペンドラー,外来生態レイヤーへ追加,T504,504ばんどうろ／すいどう,草むらオーバーレイ,Lv.9～13,追加抽選3～6%,本編必須フラグを変更せず、外来生態フラグ・時間帯・DexNav・大量発生で制御,K33,タマムシ温室,ずつき／朝昼オーバーレイ,Lv.82～90,通常表8～15%,ベガ初回殿堂入り後。認定章数でエリアと中間進化枠を段階解禁。,トーホクは本編で使える低～中レベル基礎種、カントーは高レベル個体・中間進化・隠れ特性探索を担当。,ベガ既存11枠を上書きせず、CFRU側の条件付きオーバーレイ／DexNav／大量発生へ登録,P1,フシデをトーホクで捕獲して進化,504ばんどうろ／すいどう,進化／殿堂入り後DexNavで中間進化が稀に出現,通常野生は基礎種のみ,本編必須フラグを変更せず、外来生態フラグ・時間帯・DexNav・大量発生で制御,フシデをカントーで捕獲して進化,タマムシ温室,進化／認定章6個以降は中間進化がDexNav希少枠,通常野生は基礎種中心,ベガ初回殿堂入り後。認定章数でエリアと中間進化枠を段階解禁。,通常系統は両地方で基礎種を捕獲可能。トーホクは早期育成、カントーは高レベル・隠れ特性・タマゴ技探索を担当。,V2二地方生態版／541系統配置マスター＋特殊個体イベントマスター
546,モンメン,cottonee,5,くさ／フェアリー,278,通常生態,no,no,未収録・追加対象,新IDへ追加,殿堂入り後,サファリゾーン東,大量発生,発生中20～40%,主に基礎形のみ出現。中間・最終進化は原則として育成で入手。時間帯・天候は生態チケットで任意固定可能。,全国研究図鑑へ登録（トーホク386完成条件には含めない）,NATIONAL_EXT_0546（新規16bit ID）,モンメン,モンメン → エルフーン,外来生態レイヤーへ追加,T502,502ばんどうろ／すいどう,ずつき／朝昼オーバーレイ,Lv.3～6,追加抽選3～6%,本編必須フラグを変更せず、外来生態フラグ・時間帯・DexNav・大量発生で制御,K33,タマムシ温室,ずつき／朝昼オーバーレイ,Lv.82～90,通常表8～15%,ベガ初回殿堂入り後。認定章数でエリアと中間進化枠を段階解禁。,トーホクは本編で使える低～中レベル基礎種、カントーは高レベル個体・中間進化・隠れ特性探索を担当。,ベガ既存11枠を上書きせず、CFRU側の条件付きオーバーレイ／DexNav／大量発生へ登録,P2,トーホク野生生態,502ばんどうろ／すいどう,ずつき／朝昼オーバーレイ,追加抽選3～6%,本編必須フラグを変更せず、外来生態フラグ・時間帯・DexNav・大量発生で制御,カントー高レベル野生生態,タマムシ温室,ずつき／朝昼オーバーレイ,通常表8～15%,ベガ初回殿堂入り後。認定章数でエリアと中間進化枠を段階解禁。,通常系統は両地方で基礎種を捕獲可能。トーホクは早期育成、カントーは高レベル・隠れ特性・タマゴ技探索を担当。,V2二地方生態版／541系統配置マスター＋特殊個体イベントマスター
547,エルフーン,whimsicott,5,くさ／フェアリー,278,通常生態,no,no,未収録・追加対象,新IDへ追加（進化入手）,殿堂入り後,サファリゾーン東,進化,―,道具使用＋たいようのいしを使う（CFRU/DPEの対応トリガーを使用。通信・RTC必須にはしない）,全国研究図鑑へ登録（トーホク386完成条件には含めない）,NATIONAL_EXT_0547（新規16bit ID）,モンメン,モンメン → エルフーン,外来生態レイヤーへ追加,T502,502ばんどうろ／すいどう,ずつき／朝昼オーバーレイ,Lv.3～6,追加抽選3～6%,本編必須フラグを変更せず、外来生態フラグ・時間帯・DexNav・大量発生で制御,K33,タマムシ温室,ずつき／朝昼オーバーレイ,Lv.82～90,通常表8～15%,ベガ初回殿堂入り後。認定章数でエリアと中間進化枠を段階解禁。,トーホクは本編で使える低～中レベル基礎種、カントーは高レベル個体・中間進化・隠れ特性探索を担当。,ベガ既存11枠を上書きせず、CFRU側の条件付きオーバーレイ／DexNav／大量発生へ登録,P2,モンメンをトーホクで捕獲して進化,502ばんどうろ／すいどう,進化／殿堂入り後DexNavで中間進化が稀に出現,通常野生は基礎種のみ,本編必須フラグを変更せず、外来生態フラグ・時間帯・DexNav・大量発生で制御,モンメンをカントーで捕獲して進化,タマムシ温室,進化／認定章6個以降は中間進化がDexNav希少枠,通常野生は基礎種中心,ベガ初回殿堂入り後。認定章数でエリアと中間進化枠を段階解禁。,通常系統は両地方で基礎種を捕獲可能。トーホクは早期育成、カントーは高レベル・隠れ特性・タマゴ技探索を担当。,V2二地方生態版／541系統配置マスター＋特殊個体イベントマスター
548,チュリネ,petilil,5,くさ,279,通常生態,no,no,既存（トーホク図鑑369）,既存ベガ個体を保持,ベガ既存進行,ベガ既存地点,ベガ既存入手法,既存値,トーホク図鑑No.369。内部種族ID・図鑑登録・イベント参照を変更しない。,トーホク図鑑にも既存番号で登録,VEGA_NATIVE_369（実ROMから確定）,チュリネ,チュリネ → ドレディア,ベガ既存系統を完全保持,VEGA_NATIVE,ベガ既存地点（出現表・配布・進化を変更しない）,ベガ既存入手法,既存値,既存値,既存イベント・野生表・進化条件を原則維持。現代化で条件が壊れる場合のみ互換処理。,K35,サファリゾーン東,ずつき／朝昼オーバーレイ,Lv.85～94,通常表8～15%,ベガ初回殿堂入り後。認定章数でエリアと中間進化枠を段階解禁。,トーホクではベガ既存個体を保護。カントーでは高レベル個体・隠れ特性・タマゴ技探索を担当。,既存テーブル無変更,P0,ベガ既存入手法を完全保持,ベガ既存地点,ベガ既存入手法,既存値,トーホク図鑑No.369。内部種族ID・図鑑登録・イベント参照を変更しない。,カントー高レベル野生生態,サファリゾーン東,ずつき／朝昼オーバーレイ,通常表8～15%,ベガ初回殿堂入り後。認定章数でエリアと中間進化枠を段階解禁。,通常系統は両地方で基礎種を捕獲可能。トーホクは早期育成、カントーは高レベル・隠れ特性・タマゴ技探索を担当。,V2二地方生態版／541系統配置マスター＋特殊個体イベントマスター
549,ドレディア,lilligant,5,くさ,279,通常生態,no,no,既存（トーホク図鑑370）,既存ベガ個体を保持,ベガ既存進行,ベガ既存地点,ベガ既存入手法,既存値,トーホク図鑑No.370。内部種族ID・図鑑登録・イベント参照を変更しない。,トーホク図鑑にも既存番号で登録,VEGA_NATIVE_370（実ROMから確定）,チュリネ,チュリネ → ドレディア,ベガ既存系統を完全保持,VEGA_NATIVE,ベガ既存地点（出現表・配布・進化を変更しない）,ベガ既存入手法,既存値,既存値,既存イベント・野生表・進化条件を原則維持。現代化で条件が壊れる場合のみ互換処理。,K35,サファリゾーン東,ずつき／朝昼オーバーレイ,Lv.85～94,通常表8～15%,ベガ初回殿堂入り後。認定章数でエリアと中間進化枠を段階解禁。,トーホクではベガ既存個体を保護。カントーでは高レベル個体・隠れ特性・タマゴ技探索を担当。,既存テーブル無変更,P0,ベガ既存入手法を完全保持,ベガ既存地点,ベガ既存入手法,既存値,トーホク図鑑No.370。内部種族ID・図鑑登録・イベント参照を変更しない。,チュリネをカントーで捕獲して進化,サファリゾーン東,進化／認定章6個以降は中間進化がDexNav希少枠,通常野生は基礎種中心,ベガ初回殿堂入り後。認定章数でエリアと中間進化枠を段階解禁。,通常系統は両地方で基礎種を捕獲可能。トーホクは早期育成、カントーは高レベル・隠れ特性・タマゴ技探索を担当。,V2二地方生態版／541系統配置マスター＋特殊個体イベントマスター
550,バスラオ,basculin,5,みず,280,通常生態,no,no,未収録・追加対象,新IDへ追加,バッジ5～6個,507～509ばんどうろ・水道,図鑑ナビ隠し枠,通常表0%／ナビ検索時1～5%,主に基礎形のみ出現。中間・最終進化は原則として育成で入手。時間帯・天候は生態チケットで任意固定可能。,全国研究図鑑へ登録（トーホク386完成条件には含めない）,NATIONAL_EXT_0550（新規16bit ID）,バスラオ,バスラオ → イダイトウ,外来生態レイヤーへ追加,T513,513ばんどうろ／すいどう,水上／釣りオーバーレイ,Lv.28～35,追加抽選6～10%,バッジ4個＋なみのり,K15,15ばんどうろ,釣りオーバーレイ,Lv.85～90,通常表10～20%,ベガ初回殿堂入り後。認定章数でエリアと中間進化枠を段階解禁。,トーホクは本編で使える低～中レベル基礎種、カントーは高レベル個体・中間進化・隠れ特性探索を担当。,ベガ既存11枠を上書きせず、CFRU側の条件付きオーバーレイ／DexNav／大量発生へ登録,P1,トーホク野生生態,513ばんどうろ／すいどう,水上／釣りオーバーレイ,追加抽選6～10%,バッジ4個＋なみのり,カントー高レベル野生生態,15ばんどうろ,釣りオーバーレイ,通常表10～20%,ベガ初回殿堂入り後。認定章数でエリアと中間進化枠を段階解禁。,通常系統は両地方で基礎種を捕獲可能。トーホクは早期育成、カントーは高レベル・隠れ特性・タマゴ技探索を担当。,V2二地方生態版／541系統配置マスター＋特殊個体イベントマスター
551,メグロコ,sandile,5,じめん／あく,281,通常生態,no,no,既存（トーホク図鑑373）,既存ベガ個体を保持,ベガ既存進行,ベガ既存地点,ベガ既存入手法,既存値,トーホク図鑑No.373。内部種族ID・図鑑登録・イベント参照を変更しない。,トーホク図鑑にも既存番号で登録,VEGA_NATIVE_373（実ROMから確定）,メグロコ,メグロコ → ワルビル → ワルビアル,ベガ既存系統を完全保持,VEGA_NATIVE,ベガ既存地点（出現表・配布・進化を変更しない）,ベガ既存入手法,既存値,既存値,既存イベント・野生表・進化条件を原則維持。現代化で条件が壊れる場合のみ互換処理。,K30,イワヤマトンネル,夜間オーバーレイ,Lv.80～87,夜間8～12%,ベガ初回殿堂入り後。認定章数でエリアと中間進化枠を段階解禁。,トーホクではベガ既存個体を保護。カントーでは高レベル個体・隠れ特性・タマゴ技探索を担当。,既存テーブル無変更,P0,ベガ既存入手法を完全保持,ベガ既存地点,ベガ既存入手法,既存値,トーホク図鑑No.373。内部種族ID・図鑑登録・イベント参照を変更しない。,カントー高レベル野生生態,イワヤマトンネル,夜間オーバーレイ,夜間8～12%,ベガ初回殿堂入り後。認定章数でエリアと中間進化枠を段階解禁。,通常系統は両地方で基礎種を捕獲可能。トーホクは早期育成、カントーは高レベル・隠れ特性・タマゴ技探索を担当。,V2二地方生態版／541系統配置マスター＋特殊個体イベントマスター
552,ワルビル,krokorok,5,じめん／あく,281,通常生態,no,no,既存（トーホク図鑑374）,既存ベガ個体を保持,ベガ既存進行,ベガ既存地点,ベガ既存入手法,既存値,トーホク図鑑No.374。内部種族ID・図鑑登録・イベント参照を変更しない。,トーホク図鑑にも既存番号で登録,VEGA_NATIVE_374（実ROMから確定）,メグロコ,メグロコ → ワルビル → ワルビアル,ベガ既存系統を完全保持,VEGA_NATIVE,ベガ既存地点（出現表・配布・進化を変更しない）,ベガ既存入手法,既存値,既存値,既存イベント・野生表・進化条件を原則維持。現代化で条件が壊れる場合のみ互換処理。,K30,イワヤマトンネル,夜間オーバーレイ,Lv.80～87,夜間8～12%,ベガ初回殿堂入り後。認定章数でエリアと中間進化枠を段階解禁。,トーホクではベガ既存個体を保護。カントーでは高レベル個体・隠れ特性・タマゴ技探索を担当。,既存テーブル無変更,P0,ベガ既存入手法を完全保持,ベガ既存地点,ベガ既存入手法,既存値,トーホク図鑑No.374。内部種族ID・図鑑登録・イベント参照を変更しない。,メグロコをカントーで捕獲して進化,イワヤマトンネル,進化／認定章6個以降は中間進化がDexNav希少枠,通常野生は基礎種中心,ベガ初回殿堂入り後。認定章数でエリアと中間進化枠を段階解禁。,通常系統は両地方で基礎種を捕獲可能。トーホクは早期育成、カントーは高レベル・隠れ特性・タマゴ技探索を担当。,V2二地方生態版／541系統配置マスター＋特殊個体イベントマスター
553,ワルビアル,krookodile,5,じめん／あく,281,通常生態,no,no,既存（トーホク図鑑375）,既存ベガ個体を保持,ベガ既存進行,ベガ既存地点,ベガ既存入手法,既存値,トーホク図鑑No.375。内部種族ID・図鑑登録・イベント参照を変更しない。,トーホク図鑑にも既存番号で登録,VEGA_NATIVE_375（実ROMから確定）,メグロコ,メグロコ → ワルビル → ワルビアル,ベガ既存系統を完全保持,VEGA_NATIVE,ベガ既存地点（出現表・配布・進化を変更しない）,ベガ既存入手法,既存値,既存値,既存イベント・野生表・進化条件を原則維持。現代化で条件が壊れる場合のみ互換処理。,K30,イワヤマトンネル,夜間オーバーレイ,Lv.80～87,夜間8～12%,ベガ初回殿堂入り後。認定章数でエリアと中間進化枠を段階解禁。,トーホクではベガ既存個体を保護。カントーでは高レベル個体・隠れ特性・タマゴ技探索を担当。,既存テーブル無変更,P0,ベガ既存入手法を完全保持,ベガ既存地点,ベガ既存入手法,既存値,トーホク図鑑No.375。内部種族ID・図鑑登録・イベント参照を変更しない。,メグロコをカントーで捕獲して進化,イワヤマトンネル,進化／認定章6個以降は中間進化がDexNav希少枠,通常野生は基礎種中心,ベガ初回殿堂入り後。認定章数でエリアと中間進化枠を段階解禁。,通常系統は両地方で基礎種を捕獲可能。トーホクは早期育成、カントーは高レベル・隠れ特性・タマゴ技探索を担当。,V2二地方生態版／541系統配置マスター＋特殊個体イベントマスター
554,ダルマッカ,darumaka,5,ほのお,282,通常生態,no,no,未収録・追加対象,新IDへ追加,バッジ3～4個,ひのしま,時間帯オーバーレイ,4～5%,主に基礎形のみ出現。中間・最終進化は原則として育成で入手。時間帯・天候は生態チケットで任意固定可能。,全国研究図鑑へ登録（トーホク386完成条件には含めない）,NATIONAL_EXT_0554（新規16bit ID）,ダルマッカ,ダルマッカ → ヒヒダルマ,外来生態レイヤーへ追加,T521,521ばんどうろ／すいどう,草むらオーバーレイ,Lv.45～52,追加抽選3～6%,本編必須フラグを変更せず、外来生態フラグ・時間帯・DexNav・大量発生で制御,K17,17ばんどうろ,草むらオーバーレイ,Lv.83～89,通常表8～15%,ベガ初回殿堂入り後。認定章数でエリアと中間進化枠を段階解禁。,トーホクは本編で使える低～中レベル基礎種、カントーは高レベル個体・中間進化・隠れ特性探索を担当。,ベガ既存11枠を上書きせず、CFRU側の条件付きオーバーレイ／DexNav／大量発生へ登録,P1,トーホク野生生態,521ばんどうろ／すいどう,草むらオーバーレイ,追加抽選3～6%,本編必須フラグを変更せず、外来生態フラグ・時間帯・DexNav・大量発生で制御,カントー高レベル野生生態,17ばんどうろ,草むらオーバーレイ,通常表8～15%,ベガ初回殿堂入り後。認定章数でエリアと中間進化枠を段階解禁。,通常系統は両地方で基礎種を捕獲可能。トーホクは早期育成、カントーは高レベル・隠れ特性・タマゴ技探索を担当。,V2二地方生態版／541系統配置マスター＋特殊個体イベントマスター
555,ヒヒダルマ,darmanitan,5,ほのお,282,通常生態,no,no,未収録・追加対象,新IDへ追加（進化入手）,バッジ3～4個,ひのしま,進化,―,レベルアップ＋Lv.35以上（CFRU/DPEの対応トリガーを使用。通信・RTC必須にはしない）,全国研究図鑑へ登録（トーホク386完成条件には含めない）,NATIONAL_EXT_0555（新規16bit ID）,ダルマッカ,ダルマッカ → ヒヒダルマ,外来生態レイヤーへ追加,T521,521ばんどうろ／すいどう,草むらオーバーレイ,Lv.45～52,追加抽選3～6%,本編必須フラグを変更せず、外来生態フラグ・時間帯・DexNav・大量発生で制御,K17,17ばんどうろ,草むらオーバーレイ,Lv.83～89,通常表8～15%,ベガ初回殿堂入り後。認定章数でエリアと中間進化枠を段階解禁。,トーホクは本編で使える低～中レベル基礎種、カントーは高レベル個体・中間進化・隠れ特性探索を担当。,ベガ既存11枠を上書きせず、CFRU側の条件付きオーバーレイ／DexNav／大量発生へ登録,P1,ダルマッカをトーホクで捕獲して進化,521ばんどうろ／すいどう,進化／殿堂入り後DexNavで中間進化が稀に出現,通常野生は基礎種のみ,本編必須フラグを変更せず、外来生態フラグ・時間帯・DexNav・大量発生で制御,ダルマッカをカントーで捕獲して進化,17ばんどうろ,進化／認定章6個以降は中間進化がDexNav希少枠,通常野生は基礎種中心,ベガ初回殿堂入り後。認定章数でエリアと中間進化枠を段階解禁。,通常系統は両地方で基礎種を捕獲可能。トーホクは早期育成、カントーは高レベル・隠れ特性・タマゴ技探索を担当。,V2二地方生態版／541系統配置マスター＋特殊個体イベントマスター
556,マラカッチ,maractus,5,くさ,283,通常生態,no,no,未収録・追加対象,新IDへ追加,殿堂入り後,サファリゾーン東,大量発生,発生中20～40%,主に基礎形のみ出現。中間・最終進化は原則として育成で入手。時間帯・天候は生態チケットで任意固定可能。,全国研究図鑑へ登録（トーホク386完成条件には含めない）,NATIONAL_EXT_0556（新規16bit ID）,マラカッチ,マラカッチ,外来生態レイヤーへ追加,T026,ハクジのもり,ずつき／朝昼オーバーレイ,Lv.38～48／殿堂入り後Lv.50～65,追加抽選3～6%,本編必須フラグを変更せず、外来生態フラグ・時間帯・DexNav・大量発生で制御,K26,トキワのもり,ずつき／朝昼オーバーレイ,Lv.70～76,通常表8～15%,ベガ初回殿堂入り後。認定章数でエリアと中間進化枠を段階解禁。,トーホクは本編で使える低～中レベル基礎種、カントーは高レベル個体・中間進化・隠れ特性探索を担当。,ベガ既存11枠を上書きせず、CFRU側の条件付きオーバーレイ／DexNav／大量発生へ登録,P2,トーホク野生生態,ハクジのもり,ずつき／朝昼オーバーレイ,追加抽選3～6%,本編必須フラグを変更せず、外来生態フラグ・時間帯・DexNav・大量発生で制御,カントー高レベル野生生態,トキワのもり,ずつき／朝昼オーバーレイ,通常表8～15%,ベガ初回殿堂入り後。認定章数でエリアと中間進化枠を段階解禁。,通常系統は両地方で基礎種を捕獲可能。トーホクは早期育成、カントーは高レベル・隠れ特性・タマゴ技探索を担当。,V2二地方生態版／541系統配置マスター＋特殊個体イベントマスター
557,イシズマイ,dwebble,5,むし／いわ,284,通常生態,no,no,既存（トーホク図鑑352）,既存ベガ個体を保持,ベガ既存進行,ベガ既存地点,ベガ既存入手法,既存値,トーホク図鑑No.352。内部種族ID・図鑑登録・イベント参照を変更しない。,トーホク図鑑にも既存番号で登録,VEGA_NATIVE_352（実ROMから確定）,イシズマイ,イシズマイ → イワパレス,ベガ既存系統を完全保持,VEGA_NATIVE,ベガ既存地点（出現表・配布・進化を変更しない）,ベガ既存入手法,既存値,既存値,既存イベント・野生表・進化条件を原則維持。現代化で条件が壊れる場合のみ互換処理。,K03,3ばんどうろ,草むらオーバーレイ,Lv.71～75,通常表8～15%,ベガ初回殿堂入り後。認定章数でエリアと中間進化枠を段階解禁。,トーホクではベガ既存個体を保護。カントーでは高レベル個体・隠れ特性・タマゴ技探索を担当。,既存テーブル無変更,P0,ベガ既存入手法を完全保持,ベガ既存地点,ベガ既存入手法,既存値,トーホク図鑑No.352。内部種族ID・図鑑登録・イベント参照を変更しない。,カントー高レベル野生生態,3ばんどうろ,草むらオーバーレイ,通常表8～15%,ベガ初回殿堂入り後。認定章数でエリアと中間進化枠を段階解禁。,通常系統は両地方で基礎種を捕獲可能。トーホクは早期育成、カントーは高レベル・隠れ特性・タマゴ技探索を担当。,V2二地方生態版／541系統配置マスター＋特殊個体イベントマスター
558,イワパレス,crustle,5,むし／いわ,284,通常生態,no,no,既存（トーホク図鑑353）,既存ベガ個体を保持,ベガ既存進行,ベガ既存地点,ベガ既存入手法,既存値,トーホク図鑑No.353。内部種族ID・図鑑登録・イベント参照を変更しない。,トーホク図鑑にも既存番号で登録,VEGA_NATIVE_353（実ROMから確定）,イシズマイ,イシズマイ → イワパレス,ベガ既存系統を完全保持,VEGA_NATIVE,ベガ既存地点（出現表・配布・進化を変更しない）,ベガ既存入手法,既存値,既存値,既存イベント・野生表・進化条件を原則維持。現代化で条件が壊れる場合のみ互換処理。,K03,3ばんどうろ,草むらオーバーレイ,Lv.71～75,通常表8～15%,ベガ初回殿堂入り後。認定章数でエリアと中間進化枠を段階解禁。,トーホクではベガ既存個体を保護。カントーでは高レベル個体・隠れ特性・タマゴ技探索を担当。,既存テーブル無変更,P0,ベガ既存入手法を完全保持,ベガ既存地点,ベガ既存入手法,既存値,トーホク図鑑No.353。内部種族ID・図鑑登録・イベント参照を変更しない。,イシズマイをカントーで捕獲して進化,3ばんどうろ,進化／認定章6個以降は中間進化がDexNav希少枠,通常野生は基礎種中心,ベガ初回殿堂入り後。認定章数でエリアと中間進化枠を段階解禁。,通常系統は両地方で基礎種を捕獲可能。トーホクは早期育成、カントーは高レベル・隠れ特性・タマゴ技探索を担当。,V2二地方生態版／541系統配置マスター＋特殊個体イベントマスター
559,ズルッグ,scraggy,5,あく／かくとう,285,通常生態,no,no,既存（トーホク図鑑367）,既存ベガ個体を保持,ベガ既存進行,ベガ既存地点,ベガ既存入手法,既存値,トーホク図鑑No.367。内部種族ID・図鑑登録・イベント参照を変更しない。,トーホク図鑑にも既存番号で登録,VEGA_NATIVE_367（実ROMから確定）,ズルッグ,ズルッグ → ズルズキン,ベガ既存系統を完全保持,VEGA_NATIVE,ベガ既存地点（出現表・配布・進化を変更しない）,ベガ既存入手法,既存値,既存値,既存イベント・野生表・進化条件を原則維持。現代化で条件が壊れる場合のみ互換処理。,K08,8ばんどうろ,夜間オーバーレイ,Lv.79～84,夜間8～12%,ベガ初回殿堂入り後。認定章数でエリアと中間進化枠を段階解禁。,トーホクではベガ既存個体を保護。カントーでは高レベル個体・隠れ特性・タマゴ技探索を担当。,既存テーブル無変更,P0,ベガ既存入手法を完全保持,ベガ既存地点,ベガ既存入手法,既存値,トーホク図鑑No.367。内部種族ID・図鑑登録・イベント参照を変更しない。,カントー高レベル野生生態,8ばんどうろ,夜間オーバーレイ,夜間8～12%,ベガ初回殿堂入り後。認定章数でエリアと中間進化枠を段階解禁。,通常系統は両地方で基礎種を捕獲可能。トーホクは早期育成、カントーは高レベル・隠れ特性・タマゴ技探索を担当。,V2二地方生態版／541系統配置マスター＋特殊個体イベントマスター
560,ズルズキン,scrafty,5,あく／かくとう,285,通常生態,no,no,既存（トーホク図鑑368）,既存ベガ個体を保持,ベガ既存進行,ベガ既存地点,ベガ既存入手法,既存値,トーホク図鑑No.368。内部種族ID・図鑑登録・イベント参照を変更しない。,トーホク図鑑にも既存番号で登録,VEGA_NATIVE_368（実ROMから確定）,ズルッグ,ズルッグ → ズルズキン,ベガ既存系統を完全保持,VEGA_NATIVE,ベガ既存地点（出現表・配布・進化を変更しない）,ベガ既存入手法,既存値,既存値,既存イベント・野生表・進化条件を原則維持。現代化で条件が壊れる場合のみ互換処理。,K08,8ばんどうろ,夜間オーバーレイ,Lv.79～84,夜間8～12%,ベガ初回殿堂入り後。認定章数でエリアと中間進化枠を段階解禁。,トーホクではベガ既存個体を保護。カントーでは高レベル個体・隠れ特性・タマゴ技探索を担当。,既存テーブル無変更,P0,ベガ既存入手法を完全保持,ベガ既存地点,ベガ既存入手法,既存値,トーホク図鑑No.368。内部種族ID・図鑑登録・イベント参照を変更しない。,ズルッグをカントーで捕獲して進化,8ばんどうろ,進化／認定章6個以降は中間進化がDexNav希少枠,通常野生は基礎種中心,ベガ初回殿堂入り後。認定章数でエリアと中間進化枠を段階解禁。,通常系統は両地方で基礎種を捕獲可能。トーホクは早期育成、カントーは高レベル・隠れ特性・タマゴ技探索を担当。,V2二地方生態版／541系統配置マスター＋特殊個体イベントマスター
561,シンボラー,sigilyph,5,エスパー／ひこう,286,通常生態,no,no,未収録・追加対象,新IDへ追加,殿堂入り後,ニューアイランド,図鑑ナビ隠し枠,通常表0%／ナビ検索時1～5%,主に基礎形のみ出現。中間・最終進化は原則として育成で入手。時間帯・天候は生態チケットで任意固定可能。,全国研究図鑑へ登録（トーホク386完成条件には含めない）,NATIONAL_EXT_0561（新規16bit ID）,シンボラー,シンボラー,外来生態レイヤーへ追加,T505,505ばんどうろ／すいどう,大量発生,Lv.10～14,通常0%／発生中20～35%,本編必須フラグを変更せず、外来生態フラグ・時間帯・DexNav・大量発生で制御,K23,23ばんどうろ,草むらオーバーレイ,Lv.92～98,通常表8～15%,ベガ初回殿堂入り後。認定章数でエリアと中間進化枠を段階解禁。,トーホクは本編で使える低～中レベル基礎種、カントーは高レベル個体・中間進化・隠れ特性探索を担当。,ベガ既存11枠を上書きせず、CFRU側の条件付きオーバーレイ／DexNav／大量発生へ登録,P2,トーホク野生生態,505ばんどうろ／すいどう,大量発生,通常0%／発生中20～35%,本編必須フラグを変更せず、外来生態フラグ・時間帯・DexNav・大量発生で制御,カントー高レベル野生生態,23ばんどうろ,草むらオーバーレイ,通常表8～15%,ベガ初回殿堂入り後。認定章数でエリアと中間進化枠を段階解禁。,通常系統は両地方で基礎種を捕獲可能。トーホクは早期育成、カントーは高レベル・隠れ特性・タマゴ技探索を担当。,V2二地方生態版／541系統配置マスター＋特殊個体イベントマスター
562,デスマス,yamask,5,ゴースト,287,通常生態,no,no,未収録・追加対象,新IDへ追加,殿堂入り後,全国生態保護区（サファリ増設区画）,生態保護区ローテーション,対象日10～20%（チケットで固定可）,主に基礎形のみ出現。中間・最終進化は原則として育成で入手。時間帯・天候は生態チケットで任意固定可能。,全国研究図鑑へ登録（トーホク386完成条件には含めない）,NATIONAL_EXT_0562（新規16bit ID）,デスマス,デスマス → デスカーン → デスバーン,外来生態レイヤーへ追加,T515,515ばんどうろ／すいどう,夜間オーバーレイ,Lv.33～40,追加抽選3～6%,本編必須フラグを変更せず、外来生態フラグ・時間帯・DexNav・大量発生で制御,K31,ポケモンタワー,夜間オーバーレイ,Lv.82～90,夜間8～12%,ベガ初回殿堂入り後。認定章数でエリアと中間進化枠を段階解禁。,トーホクは本編で使える低～中レベル基礎種、カントーは高レベル個体・中間進化・隠れ特性探索を担当。,ベガ既存11枠を上書きせず、CFRU側の条件付きオーバーレイ／DexNav／大量発生へ登録,P2,トーホク野生生態,515ばんどうろ／すいどう,夜間オーバーレイ,追加抽選3～6%,本編必須フラグを変更せず、外来生態フラグ・時間帯・DexNav・大量発生で制御,カントー高レベル野生生態,ポケモンタワー,夜間オーバーレイ,夜間8～12%,ベガ初回殿堂入り後。認定章数でエリアと中間進化枠を段階解禁。,通常系統は両地方で基礎種を捕獲可能。トーホクは早期育成、カントーは高レベル・隠れ特性・タマゴ技探索を担当。,V2二地方生態版／541系統配置マスター＋特殊個体イベントマスター
563,デスカーン,cofagrigus,5,ゴースト,287,通常生態,no,no,未収録・追加対象,新IDへ追加（進化入手）,殿堂入り後,全国生態保護区（サファリ増設区画）,進化,―,レベルアップ＋Lv.34以上（CFRU/DPEの対応トリガーを使用。通信・RTC必須にはしない）,全国研究図鑑へ登録（トーホク386完成条件には含めない）,NATIONAL_EXT_0563（新規16bit ID）,デスマス,デスマス → デスカーン → デスバーン,外来生態レイヤーへ追加,T515,515ばんどうろ／すいどう,夜間オーバーレイ,Lv.33～40,追加抽選3～6%,本編必須フラグを変更せず、外来生態フラグ・時間帯・DexNav・大量発生で制御,K31,ポケモンタワー,夜間オーバーレイ,Lv.82～90,夜間8～12%,ベガ初回殿堂入り後。認定章数でエリアと中間進化枠を段階解禁。,トーホクは本編で使える低～中レベル基礎種、カントーは高レベル個体・中間進化・隠れ特性探索を担当。,ベガ既存11枠を上書きせず、CFRU側の条件付きオーバーレイ／DexNav／大量発生へ登録,P2,デスマスをトーホクで捕獲して進化,515ばんどうろ／すいどう,進化／殿堂入り後DexNavで中間進化が稀に出現,通常野生は基礎種のみ,本編必須フラグを変更せず、外来生態フラグ・時間帯・DexNav・大量発生で制御,デスマスをカントーで捕獲して進化,ポケモンタワー,進化／認定章6個以降は中間進化がDexNav希少枠,通常野生は基礎種中心,ベガ初回殿堂入り後。認定章数でエリアと中間進化枠を段階解禁。,通常系統は両地方で基礎種を捕獲可能。トーホクは早期育成、カントーは高レベル・隠れ特性・タマゴ技探索を担当。,V2二地方生態版／541系統配置マスター＋特殊個体イベントマスター
564,プロトーガ,tirtouga,5,みず／いわ,288,化石,no,no,未収録・追加対象,新IDへ追加,殿堂入り（一部化石はバッジ5個）,ヒスイシティ考古学室（NPC追加）,化石・復元部品を納品,―,化石はちえのどうくつ／いわくだき／採掘依頼で反復入手。ガラル化石は2部品合成。,全国研究図鑑へ登録（トーホク386完成条件には含めない）,NATIONAL_EXT_0564（新規16bit ID）,プロトーガ,プロトーガ → アバゴーラ,化石復元追加,T_FOSSIL,ヒスイシティ考古学室,発掘片2個を納品して復元,Lv.20,反復採掘可,化石はちえのどうくつ／いわくだき／採掘依頼で反復入手。ガラル化石は2部品合成。,K44,ニビ博物館・化石研究室,博物館鑑定後に復元,Lv.30,月石片／火山灰を消費して反復可,ベガ初回殿堂入り後。認定章数でエリアと中間進化枠を段階解禁。,トーホクは早期の復元、カントーは高個体値・隠れ特性の再復元を担当。,通常野生表には入れない,P2,ヒスイ考古学室で化石復元,ヒスイシティ考古学室,化石復元,各化石は探索・BPで再入手,化石はちえのどうくつ／いわくだき／採掘依頼で反復入手。ガラル化石は2部品合成。,ニビ博物館／グレン研究所で復元,ニビ博物館・化石研究室,化石復元,認定章数に応じて化石追加,ベガ初回殿堂入り後。認定章数でエリアと中間進化枠を段階解禁。,通常系統は両地方で基礎種を捕獲可能。トーホクは早期育成、カントーは高レベル・隠れ特性・タマゴ技探索を担当。,V2二地方生態版／541系統配置マスター＋特殊個体イベントマスター
565,アバゴーラ,carracosta,5,みず／いわ,288,化石,no,no,未収録・追加対象,新IDへ追加（進化入手）,殿堂入り（一部化石はバッジ5個）,ヒスイシティ考古学室（NPC追加）,進化,―,レベルアップ＋Lv.37以上（CFRU/DPEの対応トリガーを使用。通信・RTC必須にはしない）,全国研究図鑑へ登録（トーホク386完成条件には含めない）,NATIONAL_EXT_0565（新規16bit ID）,プロトーガ,プロトーガ → アバゴーラ,化石復元追加,T_FOSSIL,ヒスイシティ考古学室,発掘片2個を納品して復元,Lv.20,反復採掘可,化石はちえのどうくつ／いわくだき／採掘依頼で反復入手。ガラル化石は2部品合成。,K44,ニビ博物館・化石研究室,博物館鑑定後に復元,Lv.30,月石片／火山灰を消費して反復可,ベガ初回殿堂入り後。認定章数でエリアと中間進化枠を段階解禁。,トーホクは早期の復元、カントーは高個体値・隠れ特性の再復元を担当。,通常野生表には入れない,P2,プロトーガを復元して進化,ヒスイシティ考古学室,進化,野生追加なし,化石はちえのどうくつ／いわくだき／採掘依頼で反復入手。ガラル化石は2部品合成。,プロトーガを復元して進化,ニビ博物館・化石研究室,進化,野生追加なし,ベガ初回殿堂入り後。認定章数でエリアと中間進化枠を段階解禁。,通常系統は両地方で基礎種を捕獲可能。トーホクは早期育成、カントーは高レベル・隠れ特性・タマゴ技探索を担当。,V2二地方生態版／541系統配置マスター＋特殊個体イベントマスター
566,アーケン,archen,5,いわ／ひこう,289,化石,no,no,未収録・追加対象,新IDへ追加,殿堂入り（一部化石はバッジ5個）,ヒスイシティ考古学室（NPC追加）,化石・復元部品を納品,―,化石はちえのどうくつ／いわくだき／採掘依頼で反復入手。ガラル化石は2部品合成。,全国研究図鑑へ登録（トーホク386完成条件には含めない）,NATIONAL_EXT_0566（新規16bit ID）,アーケン,アーケン → アーケオス,化石復元追加,T_FOSSIL,ヒスイシティ考古学室,発掘片2個を納品して復元,Lv.20,反復採掘可,化石はちえのどうくつ／いわくだき／採掘依頼で反復入手。ガラル化石は2部品合成。,K44,ニビ博物館・化石研究室,博物館鑑定後に復元,Lv.30,月石片／火山灰を消費して反復可,ベガ初回殿堂入り後。認定章数でエリアと中間進化枠を段階解禁。,トーホクは早期の復元、カントーは高個体値・隠れ特性の再復元を担当。,通常野生表には入れない,P2,ヒスイ考古学室で化石復元,ヒスイシティ考古学室,化石復元,各化石は探索・BPで再入手,化石はちえのどうくつ／いわくだき／採掘依頼で反復入手。ガラル化石は2部品合成。,ニビ博物館／グレン研究所で復元,ニビ博物館・化石研究室,化石復元,認定章数に応じて化石追加,ベガ初回殿堂入り後。認定章数でエリアと中間進化枠を段階解禁。,通常系統は両地方で基礎種を捕獲可能。トーホクは早期育成、カントーは高レベル・隠れ特性・タマゴ技探索を担当。,V2二地方生態版／541系統配置マスター＋特殊個体イベントマスター
567,アーケオス,archeops,5,いわ／ひこう,289,化石,no,no,未収録・追加対象,新IDへ追加（進化入手）,殿堂入り（一部化石はバッジ5個）,ヒスイシティ考古学室（NPC追加）,進化,―,レベルアップ＋Lv.37以上（CFRU/DPEの対応トリガーを使用。通信・RTC必須にはしない）,全国研究図鑑へ登録（トーホク386完成条件には含めない）,NATIONAL_EXT_0567（新規16bit ID）,アーケン,アーケン → アーケオス,化石復元追加,T_FOSSIL,ヒスイシティ考古学室,発掘片2個を納品して復元,Lv.20,反復採掘可,化石はちえのどうくつ／いわくだき／採掘依頼で反復入手。ガラル化石は2部品合成。,K44,ニビ博物館・化石研究室,博物館鑑定後に復元,Lv.30,月石片／火山灰を消費して反復可,ベガ初回殿堂入り後。認定章数でエリアと中間進化枠を段階解禁。,トーホクは早期の復元、カントーは高個体値・隠れ特性の再復元を担当。,通常野生表には入れない,P2,アーケンを復元して進化,ヒスイシティ考古学室,進化,野生追加なし,化石はちえのどうくつ／いわくだき／採掘依頼で反復入手。ガラル化石は2部品合成。,アーケンを復元して進化,ニビ博物館・化石研究室,進化,野生追加なし,ベガ初回殿堂入り後。認定章数でエリアと中間進化枠を段階解禁。,通常系統は両地方で基礎種を捕獲可能。トーホクは早期育成、カントーは高レベル・隠れ特性・タマゴ技探索を担当。,V2二地方生態版／541系統配置マスター＋特殊個体イベントマスター
568,ヤブクロン,trubbish,5,どく,290,通常生態,no,no,未収録・追加対象,新IDへ追加,バッジ1～2個,503ばんどうろ,図鑑ナビ隠し枠,通常表0%／ナビ検索時1～5%,主に基礎形のみ出現。中間・最終進化は原則として育成で入手。時間帯・天候は生態チケットで任意固定可能。,全国研究図鑑へ登録（トーホク386完成条件には含めない）,NATIONAL_EXT_0568（新規16bit ID）,ヤブクロン,ヤブクロン → ダストダス,外来生態レイヤーへ追加,T035,D・Hだんアジト,洞窟・屋内オーバーレイ,Lv.44～57／殿堂入り後Lv.65～80,追加抽選3～6%,本編必須フラグを変更せず、外来生態フラグ・時間帯・DexNav・大量発生で制御,K32,ロケットだんアジト跡,洞窟・屋内オーバーレイ,Lv.83～91,通常表8～15%,ベガ初回殿堂入り後。認定章数でエリアと中間進化枠を段階解禁。,トーホクは本編で使える低～中レベル基礎種、カントーは高レベル個体・中間進化・隠れ特性探索を担当。,ベガ既存11枠を上書きせず、CFRU側の条件付きオーバーレイ／DexNav／大量発生へ登録,P1,トーホク野生生態,D・Hだんアジト,洞窟・屋内オーバーレイ,追加抽選3～6%,本編必須フラグを変更せず、外来生態フラグ・時間帯・DexNav・大量発生で制御,カントー高レベル野生生態,ロケットだんアジト跡,洞窟・屋内オーバーレイ,通常表8～15%,ベガ初回殿堂入り後。認定章数でエリアと中間進化枠を段階解禁。,通常系統は両地方で基礎種を捕獲可能。トーホクは早期育成、カントーは高レベル・隠れ特性・タマゴ技探索を担当。,V2二地方生態版／541系統配置マスター＋特殊個体イベントマスター
569,ダストダス,garbodor,5,どく,290,通常生態,no,no,未収録・追加対象,新IDへ追加（進化入手）,バッジ1～2個,503ばんどうろ,進化,―,レベルアップ＋Lv.36以上（CFRU/DPEの対応トリガーを使用。通信・RTC必須にはしない）,全国研究図鑑へ登録（トーホク386完成条件には含めない）,NATIONAL_EXT_0569（新規16bit ID）,ヤブクロン,ヤブクロン → ダストダス,外来生態レイヤーへ追加,T035,D・Hだんアジト,洞窟・屋内オーバーレイ,Lv.44～57／殿堂入り後Lv.65～80,追加抽選3～6%,本編必須フラグを変更せず、外来生態フラグ・時間帯・DexNav・大量発生で制御,K32,ロケットだんアジト跡,洞窟・屋内オーバーレイ,Lv.83～91,通常表8～15%,ベガ初回殿堂入り後。認定章数でエリアと中間進化枠を段階解禁。,トーホクは本編で使える低～中レベル基礎種、カントーは高レベル個体・中間進化・隠れ特性探索を担当。,ベガ既存11枠を上書きせず、CFRU側の条件付きオーバーレイ／DexNav／大量発生へ登録,P1,ヤブクロンをトーホクで捕獲して進化,D・Hだんアジト,進化／殿堂入り後DexNavで中間進化が稀に出現,通常野生は基礎種のみ,本編必須フラグを変更せず、外来生態フラグ・時間帯・DexNav・大量発生で制御,ヤブクロンをカントーで捕獲して進化,ロケットだんアジト跡,進化／認定章6個以降は中間進化がDexNav希少枠,通常野生は基礎種中心,ベガ初回殿堂入り後。認定章数でエリアと中間進化枠を段階解禁。,通常系統は両地方で基礎種を捕獲可能。トーホクは早期育成、カントーは高レベル・隠れ特性・タマゴ技探索を担当。,V2二地方生態版／541系統配置マスター＋特殊個体イベントマスター
570,ゾロア,zorua,5,あく,291,通常生態,no,no,未収録・追加対象,新IDへ追加,殿堂入り後,こころのやかた,図鑑ナビ隠し枠,通常表0%／ナビ検索時1～5%,主に基礎形のみ出現。中間・最終進化は原則として育成で入手。時間帯・天候は生態チケットで任意固定可能。,全国研究図鑑へ登録（トーホク386完成条件には含めない）,NATIONAL_EXT_0570（新規16bit ID）,ゾロア,ゾロア → ゾロアーク,外来生態レイヤーへ追加,T032,ダークタワー,夜間オーバーレイ,Lv.44～54／殿堂入り後Lv.60～75,追加抽選3～6%,本編必須フラグを変更せず、外来生態フラグ・時間帯・DexNav・大量発生で制御,K32,ロケットだんアジト跡,夜間オーバーレイ,Lv.83～91,夜間8～12%,ベガ初回殿堂入り後。認定章数でエリアと中間進化枠を段階解禁。,トーホクは本編で使える低～中レベル基礎種、カントーは高レベル個体・中間進化・隠れ特性探索を担当。,ベガ既存11枠を上書きせず、CFRU側の条件付きオーバーレイ／DexNav／大量発生へ登録,P2,トーホク野生生態,ダークタワー,夜間オーバーレイ,追加抽選3～6%,本編必須フラグを変更せず、外来生態フラグ・時間帯・DexNav・大量発生で制御,カントー高レベル野生生態,ロケットだんアジト跡,夜間オーバーレイ,夜間8～12%,ベガ初回殿堂入り後。認定章数でエリアと中間進化枠を段階解禁。,通常系統は両地方で基礎種を捕獲可能。トーホクは早期育成、カントーは高レベル・隠れ特性・タマゴ技探索を担当。,V2二地方生態版／541系統配置マスター＋特殊個体イベントマスター
571,ゾロアーク,zoroark,5,あく,291,通常生態,no,no,未収録・追加対象,新IDへ追加（進化入手）,殿堂入り後,こころのやかた,進化,―,レベルアップ＋Lv.30以上（CFRU/DPEの対応トリガーを使用。通信・RTC必須にはしない）,全国研究図鑑へ登録（トーホク386完成条件には含めない）,NATIONAL_EXT_0571（新規16bit ID）,ゾロア,ゾロア → ゾロアーク,外来生態レイヤーへ追加,T032,ダークタワー,夜間オーバーレイ,Lv.44～54／殿堂入り後Lv.60～75,追加抽選3～6%,本編必須フラグを変更せず、外来生態フラグ・時間帯・DexNav・大量発生で制御,K32,ロケットだんアジト跡,夜間オーバーレイ,Lv.83～91,夜間8～12%,ベガ初回殿堂入り後。認定章数でエリアと中間進化枠を段階解禁。,トーホクは本編で使える低～中レベル基礎種、カントーは高レベル個体・中間進化・隠れ特性探索を担当。,ベガ既存11枠を上書きせず、CFRU側の条件付きオーバーレイ／DexNav／大量発生へ登録,P2,ゾロアをトーホクで捕獲して進化,ダークタワー,進化／殿堂入り後DexNavで中間進化が稀に出現,通常野生は基礎種のみ,本編必須フラグを変更せず、外来生態フラグ・時間帯・DexNav・大量発生で制御,ゾロアをカントーで捕獲して進化,ロケットだんアジト跡,進化／認定章6個以降は中間進化がDexNav希少枠,通常野生は基礎種中心,ベガ初回殿堂入り後。認定章数でエリアと中間進化枠を段階解禁。,通常系統は両地方で基礎種を捕獲可能。トーホクは早期育成、カントーは高レベル・隠れ特性・タマゴ技探索を担当。,V2二地方生態版／541系統配置マスター＋特殊個体イベントマスター
572,チラーミィ,minccino,5,ノーマル,292,通常生態,no,no,未収録・追加対象,新IDへ追加,殿堂入り後,501ばんどうろ,時間帯オーバーレイ,8～12%,主に基礎形のみ出現。中間・最終進化は原則として育成で入手。時間帯・天候は生態チケットで任意固定可能。,全国研究図鑑へ登録（トーホク386完成条件には含めない）,NATIONAL_EXT_0572（新規16bit ID）,チラーミィ,チラーミィ → チラチーノ,外来生態レイヤーへ追加,T503,503ばんどうろ／すいどう,草むらオーバーレイ,Lv.5～9,追加抽選3～6%,本編必須フラグを変更せず、外来生態フラグ・時間帯・DexNav・大量発生で制御,K14,14ばんどうろ,草むらオーバーレイ,Lv.84～89,通常表8～15%,ベガ初回殿堂入り後。認定章数でエリアと中間進化枠を段階解禁。,トーホクは本編で使える低～中レベル基礎種、カントーは高レベル個体・中間進化・隠れ特性探索を担当。,ベガ既存11枠を上書きせず、CFRU側の条件付きオーバーレイ／DexNav／大量発生へ登録,P2,トーホク野生生態,503ばんどうろ／すいどう,草むらオーバーレイ,追加抽選3～6%,本編必須フラグを変更せず、外来生態フラグ・時間帯・DexNav・大量発生で制御,カントー高レベル野生生態,14ばんどうろ,草むらオーバーレイ,通常表8～15%,ベガ初回殿堂入り後。認定章数でエリアと中間進化枠を段階解禁。,通常系統は両地方で基礎種を捕獲可能。トーホクは早期育成、カントーは高レベル・隠れ特性・タマゴ技探索を担当。,V2二地方生態版／541系統配置マスター＋特殊個体イベントマスター
573,チラチーノ,cinccino,5,ノーマル,292,通常生態,no,no,未収録・追加対象,新IDへ追加（進化入手）,殿堂入り後,501ばんどうろ,進化,―,道具使用＋ひかりのいしを使う（CFRU/DPEの対応トリガーを使用。通信・RTC必須にはしない）,全国研究図鑑へ登録（トーホク386完成条件には含めない）,NATIONAL_EXT_0573（新規16bit ID）,チラーミィ,チラーミィ → チラチーノ,外来生態レイヤーへ追加,T503,503ばんどうろ／すいどう,草むらオーバーレイ,Lv.5～9,追加抽選3～6%,本編必須フラグを変更せず、外来生態フラグ・時間帯・DexNav・大量発生で制御,K14,14ばんどうろ,草むらオーバーレイ,Lv.84～89,通常表8～15%,ベガ初回殿堂入り後。認定章数でエリアと中間進化枠を段階解禁。,トーホクは本編で使える低～中レベル基礎種、カントーは高レベル個体・中間進化・隠れ特性探索を担当。,ベガ既存11枠を上書きせず、CFRU側の条件付きオーバーレイ／DexNav／大量発生へ登録,P2,チラーミィをトーホクで捕獲して進化,503ばんどうろ／すいどう,進化／殿堂入り後DexNavで中間進化が稀に出現,通常野生は基礎種のみ,本編必須フラグを変更せず、外来生態フラグ・時間帯・DexNav・大量発生で制御,チラーミィをカントーで捕獲して進化,14ばんどうろ,進化／認定章6個以降は中間進化がDexNav希少枠,通常野生は基礎種中心,ベガ初回殿堂入り後。認定章数でエリアと中間進化枠を段階解禁。,通常系統は両地方で基礎種を捕獲可能。トーホクは早期育成、カントーは高レベル・隠れ特性・タマゴ技探索を担当。,V2二地方生態版／541系統配置マスター＋特殊個体イベントマスター
574,ゴチム,gothita,5,エスパー,293,通常生態,no,no,未収録・追加対象,新IDへ追加,殿堂入り後,スフィアいせき,図鑑ナビ隠し枠,通常表0%／ナビ検索時1～5%,主に基礎形のみ出現。中間・最終進化は原則として育成で入手。時間帯・天候は生態チケットで任意固定可能。,全国研究図鑑へ登録（トーホク386完成条件には含めない）,NATIONAL_EXT_0574（新規16bit ID）,ゴチム,ゴチム → ゴチミル → ゴチルゼル,外来生態レイヤーへ追加,T040,ニューアイランド,草むらオーバーレイ,Lv.50～60／殿堂入り後Lv.65～82,追加抽選3～6%,本編必須フラグを変更せず、外来生態フラグ・時間帯・DexNav・大量発生で制御,K27,おつきみやま,洞窟・屋内オーバーレイ,Lv.73～80,通常表8～15%,ベガ初回殿堂入り後。認定章数でエリアと中間進化枠を段階解禁。,トーホクは本編で使える低～中レベル基礎種、カントーは高レベル個体・中間進化・隠れ特性探索を担当。,ベガ既存11枠を上書きせず、CFRU側の条件付きオーバーレイ／DexNav／大量発生へ登録,P2,トーホク野生生態,ニューアイランド,草むらオーバーレイ,追加抽選3～6%,本編必須フラグを変更せず、外来生態フラグ・時間帯・DexNav・大量発生で制御,カントー高レベル野生生態,おつきみやま,洞窟・屋内オーバーレイ,通常表8～15%,ベガ初回殿堂入り後。認定章数でエリアと中間進化枠を段階解禁。,通常系統は両地方で基礎種を捕獲可能。トーホクは早期育成、カントーは高レベル・隠れ特性・タマゴ技探索を担当。,V2二地方生態版／541系統配置マスター＋特殊個体イベントマスター
575,ゴチミル,gothorita,5,エスパー,293,通常生態,no,no,未収録・追加対象,新IDへ追加（進化入手）,殿堂入り後,スフィアいせき,進化,―,レベルアップ＋Lv.32以上（CFRU/DPEの対応トリガーを使用。通信・RTC必須にはしない）,全国研究図鑑へ登録（トーホク386完成条件には含めない）,NATIONAL_EXT_0575（新規16bit ID）,ゴチム,ゴチム → ゴチミル → ゴチルゼル,外来生態レイヤーへ追加,T040,ニューアイランド,草むらオーバーレイ,Lv.50～60／殿堂入り後Lv.65～82,追加抽選3～6%,本編必須フラグを変更せず、外来生態フラグ・時間帯・DexNav・大量発生で制御,K27,おつきみやま,洞窟・屋内オーバーレイ,Lv.73～80,通常表8～15%,ベガ初回殿堂入り後。認定章数でエリアと中間進化枠を段階解禁。,トーホクは本編で使える低～中レベル基礎種、カントーは高レベル個体・中間進化・隠れ特性探索を担当。,ベガ既存11枠を上書きせず、CFRU側の条件付きオーバーレイ／DexNav／大量発生へ登録,P2,ゴチムをトーホクで捕獲して進化,ニューアイランド,進化／殿堂入り後DexNavで中間進化が稀に出現,通常野生は基礎種のみ,本編必須フラグを変更せず、外来生態フラグ・時間帯・DexNav・大量発生で制御,ゴチムをカントーで捕獲して進化,おつきみやま,進化／認定章6個以降は中間進化がDexNav希少枠,通常野生は基礎種中心,ベガ初回殿堂入り後。認定章数でエリアと中間進化枠を段階解禁。,通常系統は両地方で基礎種を捕獲可能。トーホクは早期育成、カントーは高レベル・隠れ特性・タマゴ技探索を担当。,V2二地方生態版／541系統配置マスター＋特殊個体イベントマスター
576,ゴチルゼル,gothitelle,5,エスパー,293,通常生態,no,no,未収録・追加対象,新IDへ追加（進化入手）,殿堂入り後,スフィアいせき,進化,―,レベルアップ＋Lv.41以上（CFRU/DPEの対応トリガーを使用。通信・RTC必須にはしない）,全国研究図鑑へ登録（トーホク386完成条件には含めない）,NATIONAL_EXT_0576（新規16bit ID）,ゴチム,ゴチム → ゴチミル → ゴチルゼル,外来生態レイヤーへ追加,T040,ニューアイランド,草むらオーバーレイ,Lv.50～60／殿堂入り後Lv.65～82,追加抽選3～6%,本編必須フラグを変更せず、外来生態フラグ・時間帯・DexNav・大量発生で制御,K27,おつきみやま,洞窟・屋内オーバーレイ,Lv.73～80,通常表8～15%,ベガ初回殿堂入り後。認定章数でエリアと中間進化枠を段階解禁。,トーホクは本編で使える低～中レベル基礎種、カントーは高レベル個体・中間進化・隠れ特性探索を担当。,ベガ既存11枠を上書きせず、CFRU側の条件付きオーバーレイ／DexNav／大量発生へ登録,P2,ゴチムをトーホクで捕獲して進化,ニューアイランド,進化／殿堂入り後DexNavで中間進化が稀に出現,通常野生は基礎種のみ,本編必須フラグを変更せず、外来生態フラグ・時間帯・DexNav・大量発生で制御,ゴチムをカントーで捕獲して進化,おつきみやま,進化／認定章6個以降は中間進化がDexNav希少枠,通常野生は基礎種中心,ベガ初回殿堂入り後。認定章数でエリアと中間進化枠を段階解禁。,通常系統は両地方で基礎種を捕獲可能。トーホクは早期育成、カントーは高レベル・隠れ特性・タマゴ技探索を担当。,V2二地方生態版／541系統配置マスター＋特殊個体イベントマスター
577,ユニラン,solosis,5,エスパー,294,通常生態,no,no,未収録・追加対象,新IDへ追加,バッジ3～4個,こころのやかた,図鑑ナビ隠し枠,通常表0%／ナビ検索時1～5%,主に基礎形のみ出現。中間・最終進化は原則として育成で入手。時間帯・天候は生態チケットで任意固定可能。,全国研究図鑑へ登録（トーホク386完成条件には含めない）,NATIONAL_EXT_0577（新規16bit ID）,ユニラン,ユニラン → ダブラン → ランクルス,外来生態レイヤーへ追加,T025,こころのやかた,洞窟・屋内オーバーレイ,Lv.8～13／殿堂入り後Lv.45～48,追加抽選3～6%,本編必須フラグを変更せず、外来生態フラグ・時間帯・DexNav・大量発生で制御,K43,ハナダのどうくつ,洞窟・屋内オーバーレイ,Lv.95～100,通常表8～15%,ベガ初回殿堂入り後。認定章数でエリアと中間進化枠を段階解禁。,トーホクは本編で使える低～中レベル基礎種、カントーは高レベル個体・中間進化・隠れ特性探索を担当。,ベガ既存11枠を上書きせず、CFRU側の条件付きオーバーレイ／DexNav／大量発生へ登録,P1,トーホク野生生態,こころのやかた,洞窟・屋内オーバーレイ,追加抽選3～6%,本編必須フラグを変更せず、外来生態フラグ・時間帯・DexNav・大量発生で制御,カントー高レベル野生生態,ハナダのどうくつ,洞窟・屋内オーバーレイ,通常表8～15%,ベガ初回殿堂入り後。認定章数でエリアと中間進化枠を段階解禁。,通常系統は両地方で基礎種を捕獲可能。トーホクは早期育成、カントーは高レベル・隠れ特性・タマゴ技探索を担当。,V2二地方生態版／541系統配置マスター＋特殊個体イベントマスター
578,ダブラン,duosion,5,エスパー,294,通常生態,no,no,未収録・追加対象,新IDへ追加（進化入手）,バッジ3～4個,こころのやかた,進化,―,レベルアップ＋Lv.32以上（CFRU/DPEの対応トリガーを使用。通信・RTC必須にはしない）,全国研究図鑑へ登録（トーホク386完成条件には含めない）,NATIONAL_EXT_0578（新規16bit ID）,ユニラン,ユニラン → ダブラン → ランクルス,外来生態レイヤーへ追加,T025,こころのやかた,洞窟・屋内オーバーレイ,Lv.8～13／殿堂入り後Lv.45～48,追加抽選3～6%,本編必須フラグを変更せず、外来生態フラグ・時間帯・DexNav・大量発生で制御,K43,ハナダのどうくつ,洞窟・屋内オーバーレイ,Lv.95～100,通常表8～15%,ベガ初回殿堂入り後。認定章数でエリアと中間進化枠を段階解禁。,トーホクは本編で使える低～中レベル基礎種、カントーは高レベル個体・中間進化・隠れ特性探索を担当。,ベガ既存11枠を上書きせず、CFRU側の条件付きオーバーレイ／DexNav／大量発生へ登録,P1,ユニランをトーホクで捕獲して進化,こころのやかた,進化／殿堂入り後DexNavで中間進化が稀に出現,通常野生は基礎種のみ,本編必須フラグを変更せず、外来生態フラグ・時間帯・DexNav・大量発生で制御,ユニランをカントーで捕獲して進化,ハナダのどうくつ,進化／認定章6個以降は中間進化がDexNav希少枠,通常野生は基礎種中心,ベガ初回殿堂入り後。認定章数でエリアと中間進化枠を段階解禁。,通常系統は両地方で基礎種を捕獲可能。トーホクは早期育成、カントーは高レベル・隠れ特性・タマゴ技探索を担当。,V2二地方生態版／541系統配置マスター＋特殊個体イベントマスター
579,ランクルス,reuniclus,5,エスパー,294,通常生態,no,no,未収録・追加対象,新IDへ追加（進化入手）,バッジ3～4個,こころのやかた,進化,―,レベルアップ＋Lv.41以上（CFRU/DPEの対応トリガーを使用。通信・RTC必須にはしない）,全国研究図鑑へ登録（トーホク386完成条件には含めない）,NATIONAL_EXT_0579（新規16bit ID）,ユニラン,ユニラン → ダブラン → ランクルス,外来生態レイヤーへ追加,T025,こころのやかた,洞窟・屋内オーバーレイ,Lv.8～13／殿堂入り後Lv.45～48,追加抽選3～6%,本編必須フラグを変更せず、外来生態フラグ・時間帯・DexNav・大量発生で制御,K43,ハナダのどうくつ,洞窟・屋内オーバーレイ,Lv.95～100,通常表8～15%,ベガ初回殿堂入り後。認定章数でエリアと中間進化枠を段階解禁。,トーホクは本編で使える低～中レベル基礎種、カントーは高レベル個体・中間進化・隠れ特性探索を担当。,ベガ既存11枠を上書きせず、CFRU側の条件付きオーバーレイ／DexNav／大量発生へ登録,P1,ユニランをトーホクで捕獲して進化,こころのやかた,進化／殿堂入り後DexNavで中間進化が稀に出現,通常野生は基礎種のみ,本編必須フラグを変更せず、外来生態フラグ・時間帯・DexNav・大量発生で制御,ユニランをカントーで捕獲して進化,ハナダのどうくつ,進化／認定章6個以降は中間進化がDexNav希少枠,通常野生は基礎種中心,ベガ初回殿堂入り後。認定章数でエリアと中間進化枠を段階解禁。,通常系統は両地方で基礎種を捕獲可能。トーホクは早期育成、カントーは高レベル・隠れ特性・タマゴ技探索を担当。,V2二地方生態版／541系統配置マスター＋特殊個体イベントマスター
580,コアルヒー,ducklett,5,みず／ひこう,295,通常生態,no,no,未収録・追加対象,新IDへ追加,殿堂入り後,サファリゾーン北,釣り,8～12%,主に基礎形のみ出現。中間・最終進化は原則として育成で入手。時間帯・天候は生態チケットで任意固定可能。,全国研究図鑑へ登録（トーホク386完成条件には含めない）,NATIONAL_EXT_0580（新規16bit ID）,コアルヒー,コアルヒー → スワンナ,外来生態レイヤーへ追加,T509,509ばんどうろ／すいどう,釣りオーバーレイ,Lv.21～27,追加抽選4～8%,本編必須フラグを変更せず、外来生態フラグ・時間帯・DexNav・大量発生で制御,K11,11ばんどうろ,釣りオーバーレイ,Lv.76～82,通常表10～20%,ベガ初回殿堂入り後。認定章数でエリアと中間進化枠を段階解禁。,トーホクは本編で使える低～中レベル基礎種、カントーは高レベル個体・中間進化・隠れ特性探索を担当。,ベガ既存11枠を上書きせず、CFRU側の条件付きオーバーレイ／DexNav／大量発生へ登録,P2,トーホク野生生態,509ばんどうろ／すいどう,釣りオーバーレイ,追加抽選4～8%,本編必須フラグを変更せず、外来生態フラグ・時間帯・DexNav・大量発生で制御,カントー高レベル野生生態,11ばんどうろ,釣りオーバーレイ,通常表10～20%,ベガ初回殿堂入り後。認定章数でエリアと中間進化枠を段階解禁。,通常系統は両地方で基礎種を捕獲可能。トーホクは早期育成、カントーは高レベル・隠れ特性・タマゴ技探索を担当。,V2二地方生態版／541系統配置マスター＋特殊個体イベントマスター
581,スワンナ,swanna,5,みず／ひこう,295,通常生態,no,no,未収録・追加対象,新IDへ追加（進化入手）,殿堂入り後,サファリゾーン北,進化,―,レベルアップ＋Lv.35以上（CFRU/DPEの対応トリガーを使用。通信・RTC必須にはしない）,全国研究図鑑へ登録（トーホク386完成条件には含めない）,NATIONAL_EXT_0581（新規16bit ID）,コアルヒー,コアルヒー → スワンナ,外来生態レイヤーへ追加,T509,509ばんどうろ／すいどう,釣りオーバーレイ,Lv.21～27,追加抽選4～8%,本編必須フラグを変更せず、外来生態フラグ・時間帯・DexNav・大量発生で制御,K11,11ばんどうろ,釣りオーバーレイ,Lv.76～82,通常表10～20%,ベガ初回殿堂入り後。認定章数でエリアと中間進化枠を段階解禁。,トーホクは本編で使える低～中レベル基礎種、カントーは高レベル個体・中間進化・隠れ特性探索を担当。,ベガ既存11枠を上書きせず、CFRU側の条件付きオーバーレイ／DexNav／大量発生へ登録,P2,コアルヒーをトーホクで捕獲して進化,509ばんどうろ／すいどう,進化／殿堂入り後DexNavで中間進化が稀に出現,通常野生は基礎種のみ,本編必須フラグを変更せず、外来生態フラグ・時間帯・DexNav・大量発生で制御,コアルヒーをカントーで捕獲して進化,11ばんどうろ,進化／認定章6個以降は中間進化がDexNav希少枠,通常野生は基礎種中心,ベガ初回殿堂入り後。認定章数でエリアと中間進化枠を段階解禁。,通常系統は両地方で基礎種を捕獲可能。トーホクは早期育成、カントーは高レベル・隠れ特性・タマゴ技探索を担当。,V2二地方生態版／541系統配置マスター＋特殊個体イベントマスター
582,バニプッチ,vanillite,5,こおり,296,通常生態,no,no,未収録・追加対象,新IDへ追加,バッジ3～4個,こおりのしま,草むらオーバーレイ,8～12%,主に基礎形のみ出現。中間・最終進化は原則として育成で入手。時間帯・天候は生態チケットで任意固定可能。,全国研究図鑑へ登録（トーホク386完成条件には含めない）,NATIONAL_EXT_0582（新規16bit ID）,バニプッチ,バニプッチ → バニリッチ → バイバニラ,外来生態レイヤーへ追加,T030,こおりのしま,洞窟・屋内オーバーレイ,Lv.30～40／殿堂入り後Lv.55～70,追加抽選3～6%,本編必須フラグを変更せず、外来生態フラグ・時間帯・DexNav・大量発生で制御,K38,ふたごじま,洞窟・屋内オーバーレイ,Lv.88～96,通常表8～15%,ベガ初回殿堂入り後。認定章数でエリアと中間進化枠を段階解禁。,トーホクは本編で使える低～中レベル基礎種、カントーは高レベル個体・中間進化・隠れ特性探索を担当。,ベガ既存11枠を上書きせず、CFRU側の条件付きオーバーレイ／DexNav／大量発生へ登録,P1,トーホク野生生態,こおりのしま,洞窟・屋内オーバーレイ,追加抽選3～6%,本編必須フラグを変更せず、外来生態フラグ・時間帯・DexNav・大量発生で制御,カントー高レベル野生生態,ふたごじま,洞窟・屋内オーバーレイ,通常表8～15%,ベガ初回殿堂入り後。認定章数でエリアと中間進化枠を段階解禁。,通常系統は両地方で基礎種を捕獲可能。トーホクは早期育成、カントーは高レベル・隠れ特性・タマゴ技探索を担当。,V2二地方生態版／541系統配置マスター＋特殊個体イベントマスター
583,バニリッチ,vanillish,5,こおり,296,通常生態,no,no,未収録・追加対象,新IDへ追加（進化入手）,バッジ3～4個,こおりのしま,進化,―,レベルアップ＋Lv.35以上（CFRU/DPEの対応トリガーを使用。通信・RTC必須にはしない）,全国研究図鑑へ登録（トーホク386完成条件には含めない）,NATIONAL_EXT_0583（新規16bit ID）,バニプッチ,バニプッチ → バニリッチ → バイバニラ,外来生態レイヤーへ追加,T030,こおりのしま,洞窟・屋内オーバーレイ,Lv.30～40／殿堂入り後Lv.55～70,追加抽選3～6%,本編必須フラグを変更せず、外来生態フラグ・時間帯・DexNav・大量発生で制御,K38,ふたごじま,洞窟・屋内オーバーレイ,Lv.88～96,通常表8～15%,ベガ初回殿堂入り後。認定章数でエリアと中間進化枠を段階解禁。,トーホクは本編で使える低～中レベル基礎種、カントーは高レベル個体・中間進化・隠れ特性探索を担当。,ベガ既存11枠を上書きせず、CFRU側の条件付きオーバーレイ／DexNav／大量発生へ登録,P1,バニプッチをトーホクで捕獲して進化,こおりのしま,進化／殿堂入り後DexNavで中間進化が稀に出現,通常野生は基礎種のみ,本編必須フラグを変更せず、外来生態フラグ・時間帯・DexNav・大量発生で制御,バニプッチをカントーで捕獲して進化,ふたごじま,進化／認定章6個以降は中間進化がDexNav希少枠,通常野生は基礎種中心,ベガ初回殿堂入り後。認定章数でエリアと中間進化枠を段階解禁。,通常系統は両地方で基礎種を捕獲可能。トーホクは早期育成、カントーは高レベル・隠れ特性・タマゴ技探索を担当。,V2二地方生態版／541系統配置マスター＋特殊個体イベントマスター
584,バイバニラ,vanilluxe,5,こおり,296,通常生態,no,no,未収録・追加対象,新IDへ追加（進化入手）,バッジ3～4個,こおりのしま,進化,―,レベルアップ＋Lv.47以上（CFRU/DPEの対応トリガーを使用。通信・RTC必須にはしない）,全国研究図鑑へ登録（トーホク386完成条件には含めない）,NATIONAL_EXT_0584（新規16bit ID）,バニプッチ,バニプッチ → バニリッチ → バイバニラ,外来生態レイヤーへ追加,T030,こおりのしま,洞窟・屋内オーバーレイ,Lv.30～40／殿堂入り後Lv.55～70,追加抽選3～6%,本編必須フラグを変更せず、外来生態フラグ・時間帯・DexNav・大量発生で制御,K38,ふたごじま,洞窟・屋内オーバーレイ,Lv.88～96,通常表8～15%,ベガ初回殿堂入り後。認定章数でエリアと中間進化枠を段階解禁。,トーホクは本編で使える低～中レベル基礎種、カントーは高レベル個体・中間進化・隠れ特性探索を担当。,ベガ既存11枠を上書きせず、CFRU側の条件付きオーバーレイ／DexNav／大量発生へ登録,P1,バニプッチをトーホクで捕獲して進化,こおりのしま,進化／殿堂入り後DexNavで中間進化が稀に出現,通常野生は基礎種のみ,本編必須フラグを変更せず、外来生態フラグ・時間帯・DexNav・大量発生で制御,バニプッチをカントーで捕獲して進化,ふたごじま,進化／認定章6個以降は中間進化がDexNav希少枠,通常野生は基礎種中心,ベガ初回殿堂入り後。認定章数でエリアと中間進化枠を段階解禁。,通常系統は両地方で基礎種を捕獲可能。トーホクは早期育成、カントーは高レベル・隠れ特性・タマゴ技探索を担当。,V2二地方生態版／541系統配置マスター＋特殊個体イベントマスター
585,シキジカ,deerling,5,ノーマル／くさ,297,通常生態,no,no,未収録・追加対象,新IDへ追加,殿堂入り後,サファリゾーン東,ずつき,8～12%,主に基礎形のみ出現。中間・最終進化は原則として育成で入手。時間帯・天候は生態チケットで任意固定可能。,全国研究図鑑へ登録（トーホク386完成条件には含めない）,NATIONAL_EXT_0585（新規16bit ID）,シキジカ,シキジカ → メブキジカ,外来生態レイヤーへ追加,T517,517ばんどうろ／すいどう,草むらオーバーレイ,Lv.38～45,追加抽選3～6%,本編必須フラグを変更せず、外来生態フラグ・時間帯・DexNav・大量発生で制御,K02,2ばんどうろ,ずつき／朝昼オーバーレイ,Lv.69～73,通常表8～15%,ベガ初回殿堂入り後。認定章数でエリアと中間進化枠を段階解禁。,トーホクは本編で使える低～中レベル基礎種、カントーは高レベル個体・中間進化・隠れ特性探索を担当。,ベガ既存11枠を上書きせず、CFRU側の条件付きオーバーレイ／DexNav／大量発生へ登録,P2,トーホク野生生態,517ばんどうろ／すいどう,草むらオーバーレイ,追加抽選3～6%,本編必須フラグを変更せず、外来生態フラグ・時間帯・DexNav・大量発生で制御,カントー高レベル野生生態,2ばんどうろ,ずつき／朝昼オーバーレイ,通常表8～15%,ベガ初回殿堂入り後。認定章数でエリアと中間進化枠を段階解禁。,通常系統は両地方で基礎種を捕獲可能。トーホクは早期育成、カントーは高レベル・隠れ特性・タマゴ技探索を担当。,V2二地方生態版／541系統配置マスター＋特殊個体イベントマスター
586,メブキジカ,sawsbuck,5,ノーマル／くさ,297,通常生態,no,no,未収録・追加対象,新IDへ追加（進化入手）,殿堂入り後,サファリゾーン東,進化,―,レベルアップ＋Lv.34以上（CFRU/DPEの対応トリガーを使用。通信・RTC必須にはしない）,全国研究図鑑へ登録（トーホク386完成条件には含めない）,NATIONAL_EXT_0586（新規16bit ID）,シキジカ,シキジカ → メブキジカ,外来生態レイヤーへ追加,T517,517ばんどうろ／すいどう,草むらオーバーレイ,Lv.38～45,追加抽選3～6%,本編必須フラグを変更せず、外来生態フラグ・時間帯・DexNav・大量発生で制御,K02,2ばんどうろ,ずつき／朝昼オーバーレイ,Lv.69～73,通常表8～15%,ベガ初回殿堂入り後。認定章数でエリアと中間進化枠を段階解禁。,トーホクは本編で使える低～中レベル基礎種、カントーは高レベル個体・中間進化・隠れ特性探索を担当。,ベガ既存11枠を上書きせず、CFRU側の条件付きオーバーレイ／DexNav／大量発生へ登録,P2,シキジカをトーホクで捕獲して進化,517ばんどうろ／すいどう,進化／殿堂入り後DexNavで中間進化が稀に出現,通常野生は基礎種のみ,本編必須フラグを変更せず、外来生態フラグ・時間帯・DexNav・大量発生で制御,シキジカをカントーで捕獲して進化,2ばんどうろ,進化／認定章6個以降は中間進化がDexNav希少枠,通常野生は基礎種中心,ベガ初回殿堂入り後。認定章数でエリアと中間進化枠を段階解禁。,通常系統は両地方で基礎種を捕獲可能。トーホクは早期育成、カントーは高レベル・隠れ特性・タマゴ技探索を担当。,V2二地方生態版／541系統配置マスター＋特殊個体イベントマスター
587,エモンガ,emolga,5,でんき／ひこう,298,通常生態,no,no,未収録・追加対象,新IDへ追加,バッジ5～6個,かみなりのしま,草むらオーバーレイ,8～12%,主に基礎形のみ出現。中間・最終進化は原則として育成で入手。時間帯・天候は生態チケットで任意固定可能。,全国研究図鑑へ登録（トーホク386完成条件には含めない）,NATIONAL_EXT_0587（新規16bit ID）,エモンガ,エモンガ,外来生態レイヤーへ追加,T029,かみなりのしま,草むらオーバーレイ,Lv.30～40／殿堂入り後Lv.55～70,追加抽選3～6%,本編必須フラグを変更せず、外来生態フラグ・時間帯・DexNav・大量発生で制御,K10,10ばんどうろ,草むらオーバーレイ,Lv.78～84,通常表8～15%,ベガ初回殿堂入り後。認定章数でエリアと中間進化枠を段階解禁。,トーホクは本編で使える低～中レベル基礎種、カントーは高レベル個体・中間進化・隠れ特性探索を担当。,ベガ既存11枠を上書きせず、CFRU側の条件付きオーバーレイ／DexNav／大量発生へ登録,P1,トーホク野生生態,かみなりのしま,草むらオーバーレイ,追加抽選3～6%,本編必須フラグを変更せず、外来生態フラグ・時間帯・DexNav・大量発生で制御,カントー高レベル野生生態,10ばんどうろ,草むらオーバーレイ,通常表8～15%,ベガ初回殿堂入り後。認定章数でエリアと中間進化枠を段階解禁。,通常系統は両地方で基礎種を捕獲可能。トーホクは早期育成、カントーは高レベル・隠れ特性・タマゴ技探索を担当。,V2二地方生態版／541系統配置マスター＋特殊個体イベントマスター
588,カブルモ,karrablast,5,むし,299,通常生態,no,no,未収録・追加対象,新IDへ追加,殿堂入り後,ハクジのもり,草むらオーバーレイ,8～12%,主に基礎形のみ出現。中間・最終進化は原則として育成で入手。時間帯・天候は生態チケットで任意固定可能。,全国研究図鑑へ登録（トーホク386完成条件には含めない）,NATIONAL_EXT_0588（新規16bit ID）,カブルモ,カブルモ → シュバルゴ,外来生態レイヤーへ追加,T026,ハクジのもり,ずつき／朝昼オーバーレイ,Lv.38～48／殿堂入り後Lv.50～65,追加抽選3～6%,本編必須フラグを変更せず、外来生態フラグ・時間帯・DexNav・大量発生で制御,K33,タマムシ温室,ずつき／朝昼オーバーレイ,Lv.82～90,通常表8～15%,ベガ初回殿堂入り後。認定章数でエリアと中間進化枠を段階解禁。,トーホクは本編で使える低～中レベル基礎種、カントーは高レベル個体・中間進化・隠れ特性探索を担当。,ベガ既存11枠を上書きせず、CFRU側の条件付きオーバーレイ／DexNav／大量発生へ登録,P2,トーホク野生生態,ハクジのもり,ずつき／朝昼オーバーレイ,追加抽選3～6%,本編必須フラグを変更せず、外来生態フラグ・時間帯・DexNav・大量発生で制御,カントー高レベル野生生態,タマムシ温室,ずつき／朝昼オーバーレイ,通常表8～15%,ベガ初回殿堂入り後。認定章数でエリアと中間進化枠を段階解禁。,通常系統は両地方で基礎種を捕獲可能。トーホクは早期育成、カントーは高レベル・隠れ特性・タマゴ技探索を担当。,V2二地方生態版／541系統配置マスター＋特殊個体イベントマスター
589,シュバルゴ,escavalier,5,むし／はがね,299,通常生態,no,no,未収録・追加対象,新IDへ追加（進化入手）,殿堂入り後,ハクジのもり,進化,―,指定交換は残すが、図鑑完成用にハクジ研究所の「交換シミュレータ」でも進化可能。,全国研究図鑑へ登録（トーホク386完成条件には含めない）,NATIONAL_EXT_0589（新規16bit ID）,カブルモ,カブルモ → シュバルゴ,外来生態レイヤーへ追加,T026,ハクジのもり,ずつき／朝昼オーバーレイ,Lv.38～48／殿堂入り後Lv.50～65,追加抽選3～6%,本編必須フラグを変更せず、外来生態フラグ・時間帯・DexNav・大量発生で制御,K33,タマムシ温室,ずつき／朝昼オーバーレイ,Lv.82～90,通常表8～15%,ベガ初回殿堂入り後。認定章数でエリアと中間進化枠を段階解禁。,トーホクは本編で使える低～中レベル基礎種、カントーは高レベル個体・中間進化・隠れ特性探索を担当。,ベガ既存11枠を上書きせず、CFRU側の条件付きオーバーレイ／DexNav／大量発生へ登録,P2,カブルモをトーホクで捕獲して進化,ハクジのもり,進化／殿堂入り後DexNavで中間進化が稀に出現,通常野生は基礎種のみ,本編必須フラグを変更せず、外来生態フラグ・時間帯・DexNav・大量発生で制御,カブルモをカントーで捕獲して進化,タマムシ温室,進化／認定章6個以降は中間進化がDexNav希少枠,通常野生は基礎種中心,ベガ初回殿堂入り後。認定章数でエリアと中間進化枠を段階解禁。,通常系統は両地方で基礎種を捕獲可能。トーホクは早期育成、カントーは高レベル・隠れ特性・タマゴ技探索を担当。,V2二地方生態版／541系統配置マスター＋特殊個体イベントマスター
590,タマゲタケ,foongus,5,くさ／どく,300,通常生態,no,no,未収録・追加対象,新IDへ追加,殿堂入り後,503ばんどうろ,大量発生,発生中20～40%,主に基礎形のみ出現。中間・最終進化は原則として育成で入手。時間帯・天候は生態チケットで任意固定可能。,全国研究図鑑へ登録（トーホク386完成条件には含めない）,NATIONAL_EXT_0590（新規16bit ID）,タマゲタケ,タマゲタケ → モロバレル,外来生態レイヤーへ追加,T504,504ばんどうろ／すいどう,大量発生,Lv.9～13,通常0%／発生中20～35%,本編必須フラグを変更せず、外来生態フラグ・時間帯・DexNav・大量発生で制御,K06,6ばんどうろ,草むらオーバーレイ,Lv.75～80,通常表8～15%,ベガ初回殿堂入り後。認定章数でエリアと中間進化枠を段階解禁。,トーホクは本編で使える低～中レベル基礎種、カントーは高レベル個体・中間進化・隠れ特性探索を担当。,ベガ既存11枠を上書きせず、CFRU側の条件付きオーバーレイ／DexNav／大量発生へ登録,P2,トーホク野生生態,504ばんどうろ／すいどう,大量発生,通常0%／発生中20～35%,本編必須フラグを変更せず、外来生態フラグ・時間帯・DexNav・大量発生で制御,カントー高レベル野生生態,6ばんどうろ,草むらオーバーレイ,通常表8～15%,ベガ初回殿堂入り後。認定章数でエリアと中間進化枠を段階解禁。,通常系統は両地方で基礎種を捕獲可能。トーホクは早期育成、カントーは高レベル・隠れ特性・タマゴ技探索を担当。,V2二地方生態版／541系統配置マスター＋特殊個体イベントマスター
591,モロバレル,amoonguss,5,くさ／どく,300,通常生態,no,no,未収録・追加対象,新IDへ追加（進化入手）,殿堂入り後,503ばんどうろ,進化,―,レベルアップ＋Lv.39以上（CFRU/DPEの対応トリガーを使用。通信・RTC必須にはしない）,全国研究図鑑へ登録（トーホク386完成条件には含めない）,NATIONAL_EXT_0591（新規16bit ID）,タマゲタケ,タマゲタケ → モロバレル,外来生態レイヤーへ追加,T504,504ばんどうろ／すいどう,大量発生,Lv.9～13,通常0%／発生中20～35%,本編必須フラグを変更せず、外来生態フラグ・時間帯・DexNav・大量発生で制御,K06,6ばんどうろ,草むらオーバーレイ,Lv.75～80,通常表8～15%,ベガ初回殿堂入り後。認定章数でエリアと中間進化枠を段階解禁。,トーホクは本編で使える低～中レベル基礎種、カントーは高レベル個体・中間進化・隠れ特性探索を担当。,ベガ既存11枠を上書きせず、CFRU側の条件付きオーバーレイ／DexNav／大量発生へ登録,P2,タマゲタケをトーホクで捕獲して進化,504ばんどうろ／すいどう,進化／殿堂入り後DexNavで中間進化が稀に出現,通常野生は基礎種のみ,本編必須フラグを変更せず、外来生態フラグ・時間帯・DexNav・大量発生で制御,タマゲタケをカントーで捕獲して進化,6ばんどうろ,進化／認定章6個以降は中間進化がDexNav希少枠,通常野生は基礎種中心,ベガ初回殿堂入り後。認定章数でエリアと中間進化枠を段階解禁。,通常系統は両地方で基礎種を捕獲可能。トーホクは早期育成、カントーは高レベル・隠れ特性・タマゴ技探索を担当。,V2二地方生態版／541系統配置マスター＋特殊個体イベントマスター
592,プルリル,frillish,5,みず／ゴースト,301,通常生態,no,no,未収録・追加対象,新IDへ追加,バッジ3～4個,かいていトンネル,図鑑ナビ隠し枠,通常表0%／ナビ検索時1～5%,主に基礎形のみ出現。中間・最終進化は原則として育成で入手。時間帯・天候は生態チケットで任意固定可能。,全国研究図鑑へ登録（トーホク386完成条件には含めない）,NATIONAL_EXT_0592（新規16bit ID）,プルリル,プルリル → ブルンゲル,外来生態レイヤーへ追加,T513,513ばんどうろ／すいどう,夜間水上オーバーレイ,Lv.28～35,夜間追加抽選4～8%,バッジ4個＋夜、または生態チケット,K12,12ばんどうろ,水上オーバーレイ,Lv.82～87,通常表10～20%,ベガ初回殿堂入り後。認定章数でエリアと中間進化枠を段階解禁。,トーホクは本編で使える低～中レベル基礎種、カントーは高レベル個体・中間進化・隠れ特性探索を担当。,ベガ既存11枠を上書きせず、CFRU側の条件付きオーバーレイ／DexNav／大量発生へ登録,P1,トーホク野生生態,513ばんどうろ／すいどう,夜間水上オーバーレイ,夜間追加抽選4～8%,バッジ4個＋夜、または生態チケット,カントー高レベル野生生態,12ばんどうろ,水上オーバーレイ,通常表10～20%,ベガ初回殿堂入り後。認定章数でエリアと中間進化枠を段階解禁。,通常系統は両地方で基礎種を捕獲可能。トーホクは早期育成、カントーは高レベル・隠れ特性・タマゴ技探索を担当。,V2二地方生態版／541系統配置マスター＋特殊個体イベントマスター
593,ブルンゲル,jellicent,5,みず／ゴースト,301,通常生態,no,no,未収録・追加対象,新IDへ追加（進化入手）,バッジ3～4個,かいていトンネル,進化,―,レベルアップ＋Lv.40以上（CFRU/DPEの対応トリガーを使用。通信・RTC必須にはしない）,全国研究図鑑へ登録（トーホク386完成条件には含めない）,NATIONAL_EXT_0593（新規16bit ID）,プルリル,プルリル → ブルンゲル,外来生態レイヤーへ追加,T513,513ばんどうろ／すいどう,夜間水上オーバーレイ,Lv.28～35,夜間追加抽選4～8%,バッジ4個＋夜、または生態チケット,K12,12ばんどうろ,水上オーバーレイ,Lv.82～87,通常表10～20%,ベガ初回殿堂入り後。認定章数でエリアと中間進化枠を段階解禁。,トーホクは本編で使える低～中レベル基礎種、カントーは高レベル個体・中間進化・隠れ特性探索を担当。,ベガ既存11枠を上書きせず、CFRU側の条件付きオーバーレイ／DexNav／大量発生へ登録,P1,プルリルをトーホクで捕獲して進化,513ばんどうろ／すいどう,進化／殿堂入り後DexNavで中間進化が稀に出現,通常野生は基礎種のみ,バッジ4個＋夜、または生態チケット,プルリルをカントーで捕獲して進化,12ばんどうろ,進化／認定章6個以降は中間進化がDexNav希少枠,通常野生は基礎種中心,ベガ初回殿堂入り後。認定章数でエリアと中間進化枠を段階解禁。,通常系統は両地方で基礎種を捕獲可能。トーホクは早期育成、カントーは高レベル・隠れ特性・タマゴ技探索を担当。,V2二地方生態版／541系統配置マスター＋特殊個体イベントマスター
594,ママンボウ,alomomola,5,みず,302,通常生態,no,no,未収録・追加対象,新IDへ追加,バッジ3～4個,シオウ近海,図鑑ナビ隠し枠,通常表0%／ナビ検索時1～5%,主に基礎形のみ出現。中間・最終進化は原則として育成で入手。時間帯・天候は生態チケットで任意固定可能。,全国研究図鑑へ登録（トーホク386完成条件には含めない）,NATIONAL_EXT_0594（新規16bit ID）,ママンボウ,ママンボウ,外来生態レイヤーへ追加,T512,512ばんどうろ／すいどう,釣りオーバーレイ,Lv.27～33,追加抽選4～8%,本編必須フラグを変更せず、外来生態フラグ・時間帯・DexNav・大量発生で制御,K19,19ばんどうろ,釣りオーバーレイ,Lv.87～92,通常表10～20%,ベガ初回殿堂入り後。認定章数でエリアと中間進化枠を段階解禁。,トーホクは本編で使える低～中レベル基礎種、カントーは高レベル個体・中間進化・隠れ特性探索を担当。,ベガ既存11枠を上書きせず、CFRU側の条件付きオーバーレイ／DexNav／大量発生へ登録,P1,トーホク野生生態,512ばんどうろ／すいどう,釣りオーバーレイ,追加抽選4～8%,本編必須フラグを変更せず、外来生態フラグ・時間帯・DexNav・大量発生で制御,カントー高レベル野生生態,19ばんどうろ,釣りオーバーレイ,通常表10～20%,ベガ初回殿堂入り後。認定章数でエリアと中間進化枠を段階解禁。,通常系統は両地方で基礎種を捕獲可能。トーホクは早期育成、カントーは高レベル・隠れ特性・タマゴ技探索を担当。,V2二地方生態版／541系統配置マスター＋特殊個体イベントマスター
595,バチュル,joltik,5,むし／でんき,303,通常生態,no,no,既存（トーホク図鑑274）,既存ベガ個体を保持,ベガ既存進行,ベガ既存地点,ベガ既存入手法,既存値,トーホク図鑑No.274。内部種族ID・図鑑登録・イベント参照を変更しない。,トーホク図鑑にも既存番号で登録,VEGA_NATIVE_274（実ROMから確定）,バチュル,バチュル → デンチュラ,ベガ既存系統を完全保持,VEGA_NATIVE,ベガ既存地点（出現表・配布・進化を変更しない）,ベガ既存入手法,既存値,既存値,既存イベント・野生表・進化条件を原則維持。現代化で条件が壊れる場合のみ互換処理。,K40,むじんはつでんしょ,洞窟・屋内オーバーレイ,Lv.82～94,通常表8～15%,ベガ初回殿堂入り後。認定章数でエリアと中間進化枠を段階解禁。,トーホクではベガ既存個体を保護。カントーでは高レベル個体・隠れ特性・タマゴ技探索を担当。,既存テーブル無変更,P0,ベガ既存入手法を完全保持,ベガ既存地点,ベガ既存入手法,既存値,トーホク図鑑No.274。内部種族ID・図鑑登録・イベント参照を変更しない。,カントー高レベル野生生態,むじんはつでんしょ,洞窟・屋内オーバーレイ,通常表8～15%,ベガ初回殿堂入り後。認定章数でエリアと中間進化枠を段階解禁。,通常系統は両地方で基礎種を捕獲可能。トーホクは早期育成、カントーは高レベル・隠れ特性・タマゴ技探索を担当。,V2二地方生態版／541系統配置マスター＋特殊個体イベントマスター
596,デンチュラ,galvantula,5,むし／でんき,303,通常生態,no,no,既存（トーホク図鑑275）,既存ベガ個体を保持,ベガ既存進行,ベガ既存地点,ベガ既存入手法,既存値,トーホク図鑑No.275。内部種族ID・図鑑登録・イベント参照を変更しない。,トーホク図鑑にも既存番号で登録,VEGA_NATIVE_275（実ROMから確定）,バチュル,バチュル → デンチュラ,ベガ既存系統を完全保持,VEGA_NATIVE,ベガ既存地点（出現表・配布・進化を変更しない）,ベガ既存入手法,既存値,既存値,既存イベント・野生表・進化条件を原則維持。現代化で条件が壊れる場合のみ互換処理。,K40,むじんはつでんしょ,洞窟・屋内オーバーレイ,Lv.82～94,通常表8～15%,ベガ初回殿堂入り後。認定章数でエリアと中間進化枠を段階解禁。,トーホクではベガ既存個体を保護。カントーでは高レベル個体・隠れ特性・タマゴ技探索を担当。,既存テーブル無変更,P0,ベガ既存入手法を完全保持,ベガ既存地点,ベガ既存入手法,既存値,トーホク図鑑No.275。内部種族ID・図鑑登録・イベント参照を変更しない。,バチュルをカントーで捕獲して進化,むじんはつでんしょ,進化／認定章6個以降は中間進化がDexNav希少枠,通常野生は基礎種中心,ベガ初回殿堂入り後。認定章数でエリアと中間進化枠を段階解禁。,通常系統は両地方で基礎種を捕獲可能。トーホクは早期育成、カントーは高レベル・隠れ特性・タマゴ技探索を担当。,V2二地方生態版／541系統配置マスター＋特殊個体イベントマスター
597,テッシード,ferroseed,5,くさ／はがね,304,通常生態,no,no,既存（トーホク図鑑354）,既存ベガ個体を保持,ベガ既存進行,ベガ既存地点,ベガ既存入手法,既存値,トーホク図鑑No.354。内部種族ID・図鑑登録・イベント参照を変更しない。,トーホク図鑑にも既存番号で登録,VEGA_NATIVE_354（実ROMから確定）,テッシード,テッシード → ナットレイ,ベガ既存系統を完全保持,VEGA_NATIVE,ベガ既存地点（出現表・配布・進化を変更しない）,ベガ既存入手法,既存値,既存値,既存イベント・野生表・進化条件を原則維持。現代化で条件が壊れる場合のみ互換処理。,K33,タマムシ温室,ずつき／朝昼オーバーレイ,Lv.82～90,通常表8～15%,ベガ初回殿堂入り後。認定章数でエリアと中間進化枠を段階解禁。,トーホクではベガ既存個体を保護。カントーでは高レベル個体・隠れ特性・タマゴ技探索を担当。,既存テーブル無変更,P0,ベガ既存入手法を完全保持,ベガ既存地点,ベガ既存入手法,既存値,トーホク図鑑No.354。内部種族ID・図鑑登録・イベント参照を変更しない。,カントー高レベル野生生態,タマムシ温室,ずつき／朝昼オーバーレイ,通常表8～15%,ベガ初回殿堂入り後。認定章数でエリアと中間進化枠を段階解禁。,通常系統は両地方で基礎種を捕獲可能。トーホクは早期育成、カントーは高レベル・隠れ特性・タマゴ技探索を担当。,V2二地方生態版／541系統配置マスター＋特殊個体イベントマスター
598,ナットレイ,ferrothorn,5,くさ／はがね,304,通常生態,no,no,既存（トーホク図鑑355）,既存ベガ個体を保持,ベガ既存進行,ベガ既存地点,ベガ既存入手法,既存値,トーホク図鑑No.355。内部種族ID・図鑑登録・イベント参照を変更しない。,トーホク図鑑にも既存番号で登録,VEGA_NATIVE_355（実ROMから確定）,テッシード,テッシード → ナットレイ,ベガ既存系統を完全保持,VEGA_NATIVE,ベガ既存地点（出現表・配布・進化を変更しない）,ベガ既存入手法,既存値,既存値,既存イベント・野生表・進化条件を原則維持。現代化で条件が壊れる場合のみ互換処理。,K33,タマムシ温室,ずつき／朝昼オーバーレイ,Lv.82～90,通常表8～15%,ベガ初回殿堂入り後。認定章数でエリアと中間進化枠を段階解禁。,トーホクではベガ既存個体を保護。カントーでは高レベル個体・隠れ特性・タマゴ技探索を担当。,既存テーブル無変更,P0,ベガ既存入手法を完全保持,ベガ既存地点,ベガ既存入手法,既存値,トーホク図鑑No.355。内部種族ID・図鑑登録・イベント参照を変更しない。,テッシードをカントーで捕獲して進化,タマムシ温室,進化／認定章6個以降は中間進化がDexNav希少枠,通常野生は基礎種中心,ベガ初回殿堂入り後。認定章数でエリアと中間進化枠を段階解禁。,通常系統は両地方で基礎種を捕獲可能。トーホクは早期育成、カントーは高レベル・隠れ特性・タマゴ技探索を担当。,V2二地方生態版／541系統配置マスター＋特殊個体イベントマスター
599,ギアル,klink,5,はがね,305,人工・無機物,no,no,既存（トーホク図鑑334）,既存ベガ個体を保持,ベガ既存進行,ベガ既存地点,ベガ既存入手法,既存値,トーホク図鑑No.334。内部種族ID・図鑑登録・イベント参照を変更しない。,トーホク図鑑にも既存番号で登録,VEGA_NATIVE_334（実ROMから確定）,ギアル,ギアル → ギギアル → ギギギアル,ベガ既存系統を完全保持,VEGA_NATIVE,ベガ既存地点（出現表・配布・進化を変更しない）,ベガ既存入手法,既存値,既存値,既存イベント・野生表・進化条件を原則維持。現代化で条件が壊れる場合のみ互換処理。,K40,むじんはつでんしょ,屋内異常遭遇／DexNav,Lv.82～94,通常0%／DexNav 2～5%,ベガ初回殿堂入り後。認定章数でエリアと中間進化枠を段階解禁。,トーホクではベガ既存個体を保護。カントーでは高レベル個体・隠れ特性・タマゴ技探索を担当。,既存テーブル無変更,P0,ベガ既存入手法を完全保持,ベガ既存地点,ベガ既存入手法,既存値,トーホク図鑑No.334。内部種族ID・図鑑登録・イベント参照を変更しない。,カントー高レベル野生生態,むじんはつでんしょ,屋内異常遭遇／DexNav,通常0%／DexNav 2～5%,ベガ初回殿堂入り後。認定章数でエリアと中間進化枠を段階解禁。,通常系統は両地方で基礎種を捕獲可能。トーホクは早期育成、カントーは高レベル・隠れ特性・タマゴ技探索を担当。,V2二地方生態版／541系統配置マスター＋特殊個体イベントマスター
600,ギギアル,klang,5,はがね,305,人工・無機物,no,no,既存（トーホク図鑑335）,既存ベガ個体を保持,ベガ既存進行,ベガ既存地点,ベガ既存入手法,既存値,トーホク図鑑No.335。内部種族ID・図鑑登録・イベント参照を変更しない。,トーホク図鑑にも既存番号で登録,VEGA_NATIVE_335（実ROMから確定）,ギアル,ギアル → ギギアル → ギギギアル,ベガ既存系統を完全保持,VEGA_NATIVE,ベガ既存地点（出現表・配布・進化を変更しない）,ベガ既存入手法,既存値,既存値,既存イベント・野生表・進化条件を原則維持。現代化で条件が壊れる場合のみ互換処理。,K40,むじんはつでんしょ,屋内異常遭遇／DexNav,Lv.82～94,通常0%／DexNav 2～5%,ベガ初回殿堂入り後。認定章数でエリアと中間進化枠を段階解禁。,トーホクではベガ既存個体を保護。カントーでは高レベル個体・隠れ特性・タマゴ技探索を担当。,既存テーブル無変更,P0,ベガ既存入手法を完全保持,ベガ既存地点,ベガ既存入手法,既存値,トーホク図鑑No.335。内部種族ID・図鑑登録・イベント参照を変更しない。,ギアルをカントーで捕獲して進化,むじんはつでんしょ,進化／認定章6個以降は中間進化がDexNav希少枠,通常野生は基礎種中心,ベガ初回殿堂入り後。認定章数でエリアと中間進化枠を段階解禁。,通常系統は両地方で基礎種を捕獲可能。トーホクは早期育成、カントーは高レベル・隠れ特性・タマゴ技探索を担当。,V2二地方生態版／541系統配置マスター＋特殊個体イベントマスター
601,ギギギアル,klinklang,5,はがね,305,人工・無機物,no,no,既存（トーホク図鑑336）,既存ベガ個体を保持,ベガ既存進行,ベガ既存地点,ベガ既存入手法,既存値,トーホク図鑑No.336。内部種族ID・図鑑登録・イベント参照を変更しない。,トーホク図鑑にも既存番号で登録,VEGA_NATIVE_336（実ROMから確定）,ギアル,ギアル → ギギアル → ギギギアル,ベガ既存系統を完全保持,VEGA_NATIVE,ベガ既存地点（出現表・配布・進化を変更しない）,ベガ既存入手法,既存値,既存値,既存イベント・野生表・進化条件を原則維持。現代化で条件が壊れる場合のみ互換処理。,K40,むじんはつでんしょ,屋内異常遭遇／DexNav,Lv.82～94,通常0%／DexNav 2～5%,ベガ初回殿堂入り後。認定章数でエリアと中間進化枠を段階解禁。,トーホクではベガ既存個体を保護。カントーでは高レベル個体・隠れ特性・タマゴ技探索を担当。,既存テーブル無変更,P0,ベガ既存入手法を完全保持,ベガ既存地点,ベガ既存入手法,既存値,トーホク図鑑No.336。内部種族ID・図鑑登録・イベント参照を変更しない。,ギアルをカントーで捕獲して進化,むじんはつでんしょ,進化／認定章6個以降は中間進化がDexNav希少枠,通常野生は基礎種中心,ベガ初回殿堂入り後。認定章数でエリアと中間進化枠を段階解禁。,通常系統は両地方で基礎種を捕獲可能。トーホクは早期育成、カントーは高レベル・隠れ特性・タマゴ技探索を担当。,V2二地方生態版／541系統配置マスター＋特殊個体イベントマスター
602,シビシラス,tynamo,5,でんき,306,通常生態,no,no,既存（トーホク図鑑356）,既存ベガ個体を保持,ベガ既存進行,ベガ既存地点,ベガ既存入手法,既存値,トーホク図鑑No.356。内部種族ID・図鑑登録・イベント参照を変更しない。,トーホク図鑑にも既存番号で登録,VEGA_NATIVE_356（実ROMから確定）,シビシラス,シビシラス → シビビール → シビルドン,ベガ既存系統を完全保持,VEGA_NATIVE,ベガ既存地点（出現表・配布・進化を変更しない）,ベガ既存入手法,既存値,既存値,既存イベント・野生表・進化条件を原則維持。現代化で条件が壊れる場合のみ互換処理。,K40,むじんはつでんしょ,洞窟・屋内オーバーレイ,Lv.82～94,通常表8～15%,ベガ初回殿堂入り後。認定章数でエリアと中間進化枠を段階解禁。,トーホクではベガ既存個体を保護。カントーでは高レベル個体・隠れ特性・タマゴ技探索を担当。,既存テーブル無変更,P0,ベガ既存入手法を完全保持,ベガ既存地点,ベガ既存入手法,既存値,トーホク図鑑No.356。内部種族ID・図鑑登録・イベント参照を変更しない。,カントー高レベル野生生態,むじんはつでんしょ,洞窟・屋内オーバーレイ,通常表8～15%,ベガ初回殿堂入り後。認定章数でエリアと中間進化枠を段階解禁。,通常系統は両地方で基礎種を捕獲可能。トーホクは早期育成、カントーは高レベル・隠れ特性・タマゴ技探索を担当。,V2二地方生態版／541系統配置マスター＋特殊個体イベントマスター
603,シビビール,eelektrik,5,でんき,306,通常生態,no,no,既存（トーホク図鑑357）,既存ベガ個体を保持,ベガ既存進行,ベガ既存地点,ベガ既存入手法,既存値,トーホク図鑑No.357。内部種族ID・図鑑登録・イベント参照を変更しない。,トーホク図鑑にも既存番号で登録,VEGA_NATIVE_357（実ROMから確定）,シビシラス,シビシラス → シビビール → シビルドン,ベガ既存系統を完全保持,VEGA_NATIVE,ベガ既存地点（出現表・配布・進化を変更しない）,ベガ既存入手法,既存値,既存値,既存イベント・野生表・進化条件を原則維持。現代化で条件が壊れる場合のみ互換処理。,K40,むじんはつでんしょ,洞窟・屋内オーバーレイ,Lv.82～94,通常表8～15%,ベガ初回殿堂入り後。認定章数でエリアと中間進化枠を段階解禁。,トーホクではベガ既存個体を保護。カントーでは高レベル個体・隠れ特性・タマゴ技探索を担当。,既存テーブル無変更,P0,ベガ既存入手法を完全保持,ベガ既存地点,ベガ既存入手法,既存値,トーホク図鑑No.357。内部種族ID・図鑑登録・イベント参照を変更しない。,シビシラスをカントーで捕獲して進化,むじんはつでんしょ,進化／認定章6個以降は中間進化がDexNav希少枠,通常野生は基礎種中心,ベガ初回殿堂入り後。認定章数でエリアと中間進化枠を段階解禁。,通常系統は両地方で基礎種を捕獲可能。トーホクは早期育成、カントーは高レベル・隠れ特性・タマゴ技探索を担当。,V2二地方生態版／541系統配置マスター＋特殊個体イベントマスター
604,シビルドン,eelektross,5,でんき,306,通常生態,no,no,既存（トーホク図鑑358）,既存ベガ個体を保持,ベガ既存進行,ベガ既存地点,ベガ既存入手法,既存値,トーホク図鑑No.358。内部種族ID・図鑑登録・イベント参照を変更しない。,トーホク図鑑にも既存番号で登録,VEGA_NATIVE_358（実ROMから確定）,シビシラス,シビシラス → シビビール → シビルドン,ベガ既存系統を完全保持,VEGA_NATIVE,ベガ既存地点（出現表・配布・進化を変更しない）,ベガ既存入手法,既存値,既存値,既存イベント・野生表・進化条件を原則維持。現代化で条件が壊れる場合のみ互換処理。,K40,むじんはつでんしょ,洞窟・屋内オーバーレイ,Lv.82～94,通常表8～15%,ベガ初回殿堂入り後。認定章数でエリアと中間進化枠を段階解禁。,トーホクではベガ既存個体を保護。カントーでは高レベル個体・隠れ特性・タマゴ技探索を担当。,既存テーブル無変更,P0,ベガ既存入手法を完全保持,ベガ既存地点,ベガ既存入手法,既存値,トーホク図鑑No.358。内部種族ID・図鑑登録・イベント参照を変更しない。,シビシラスをカントーで捕獲して進化,むじんはつでんしょ,進化／認定章6個以降は中間進化がDexNav希少枠,通常野生は基礎種中心,ベガ初回殿堂入り後。認定章数でエリアと中間進化枠を段階解禁。,通常系統は両地方で基礎種を捕獲可能。トーホクは早期育成、カントーは高レベル・隠れ特性・タマゴ技探索を担当。,V2二地方生態版／541系統配置マスター＋特殊個体イベントマスター
605,リグレー,elgyem,5,エスパー,307,通常生態,no,no,未収録・追加対象,新IDへ追加,殿堂入り後,ポケモンじょう,大量発生,発生中20～40%,主に基礎形のみ出現。中間・最終進化は原則として育成で入手。時間帯・天候は生態チケットで任意固定可能。,全国研究図鑑へ登録（トーホク386完成条件には含めない）,NATIONAL_EXT_0605（新規16bit ID）,リグレー,リグレー → オーベム,外来生態レイヤーへ追加,T034,D・Hビル,洞窟・屋内オーバーレイ,Lv.42～55／殿堂入り後Lv.62～78,追加抽選3～6%,本編必須フラグを変更せず、外来生態フラグ・時間帯・DexNav・大量発生で制御,K27,おつきみやま,洞窟・屋内オーバーレイ,Lv.73～80,通常表8～15%,ベガ初回殿堂入り後。認定章数でエリアと中間進化枠を段階解禁。,トーホクは本編で使える低～中レベル基礎種、カントーは高レベル個体・中間進化・隠れ特性探索を担当。,ベガ既存11枠を上書きせず、CFRU側の条件付きオーバーレイ／DexNav／大量発生へ登録,P2,トーホク野生生態,D・Hビル,洞窟・屋内オーバーレイ,追加抽選3～6%,本編必須フラグを変更せず、外来生態フラグ・時間帯・DexNav・大量発生で制御,カントー高レベル野生生態,おつきみやま,洞窟・屋内オーバーレイ,通常表8～15%,ベガ初回殿堂入り後。認定章数でエリアと中間進化枠を段階解禁。,通常系統は両地方で基礎種を捕獲可能。トーホクは早期育成、カントーは高レベル・隠れ特性・タマゴ技探索を担当。,V2二地方生態版／541系統配置マスター＋特殊個体イベントマスター
606,オーベム,beheeyem,5,エスパー,307,通常生態,no,no,未収録・追加対象,新IDへ追加（進化入手）,殿堂入り後,ポケモンじょう,進化,―,レベルアップ＋Lv.42以上（CFRU/DPEの対応トリガーを使用。通信・RTC必須にはしない）,全国研究図鑑へ登録（トーホク386完成条件には含めない）,NATIONAL_EXT_0606（新規16bit ID）,リグレー,リグレー → オーベム,外来生態レイヤーへ追加,T034,D・Hビル,洞窟・屋内オーバーレイ,Lv.42～55／殿堂入り後Lv.62～78,追加抽選3～6%,本編必須フラグを変更せず、外来生態フラグ・時間帯・DexNav・大量発生で制御,K27,おつきみやま,洞窟・屋内オーバーレイ,Lv.73～80,通常表8～15%,ベガ初回殿堂入り後。認定章数でエリアと中間進化枠を段階解禁。,トーホクは本編で使える低～中レベル基礎種、カントーは高レベル個体・中間進化・隠れ特性探索を担当。,ベガ既存11枠を上書きせず、CFRU側の条件付きオーバーレイ／DexNav／大量発生へ登録,P2,リグレーをトーホクで捕獲して進化,D・Hビル,進化／殿堂入り後DexNavで中間進化が稀に出現,通常野生は基礎種のみ,本編必須フラグを変更せず、外来生態フラグ・時間帯・DexNav・大量発生で制御,リグレーをカントーで捕獲して進化,おつきみやま,進化／認定章6個以降は中間進化がDexNav希少枠,通常野生は基礎種中心,ベガ初回殿堂入り後。認定章数でエリアと中間進化枠を段階解禁。,通常系統は両地方で基礎種を捕獲可能。トーホクは早期育成、カントーは高レベル・隠れ特性・タマゴ技探索を担当。,V2二地方生態版／541系統配置マスター＋特殊個体イベントマスター
607,ヒトモシ,litwick,5,ゴースト／ほのお,308,通常生態,no,no,未収録・追加対象,新IDへ追加,バッジ1～2個,こころのやかた,屋内オーバーレイ,8～12%,主に基礎形のみ出現。中間・最終進化は原則として育成で入手。時間帯・天候は生態チケットで任意固定可能。,全国研究図鑑へ登録（トーホク386完成条件には含めない）,NATIONAL_EXT_0607（新規16bit ID）,ヒトモシ,ヒトモシ → ランプラー → シャンデラ,外来生態レイヤーへ追加,T025,こころのやかた,夜間オーバーレイ,Lv.8～13／殿堂入り後Lv.45～48,追加抽選3～6%,本編必須フラグを変更せず、外来生態フラグ・時間帯・DexNav・大量発生で制御,K31,ポケモンタワー,夜間オーバーレイ,Lv.82～90,夜間8～12%,ベガ初回殿堂入り後。認定章数でエリアと中間進化枠を段階解禁。,トーホクは本編で使える低～中レベル基礎種、カントーは高レベル個体・中間進化・隠れ特性探索を担当。,ベガ既存11枠を上書きせず、CFRU側の条件付きオーバーレイ／DexNav／大量発生へ登録,P1,トーホク野生生態,こころのやかた,夜間オーバーレイ,追加抽選3～6%,本編必須フラグを変更せず、外来生態フラグ・時間帯・DexNav・大量発生で制御,カントー高レベル野生生態,ポケモンタワー,夜間オーバーレイ,夜間8～12%,ベガ初回殿堂入り後。認定章数でエリアと中間進化枠を段階解禁。,通常系統は両地方で基礎種を捕獲可能。トーホクは早期育成、カントーは高レベル・隠れ特性・タマゴ技探索を担当。,V2二地方生態版／541系統配置マスター＋特殊個体イベントマスター
608,ランプラー,lampent,5,ゴースト／ほのお,308,通常生態,no,no,未収録・追加対象,新IDへ追加（進化入手）,バッジ1～2個,こころのやかた,進化,―,レベルアップ＋Lv.41以上（CFRU/DPEの対応トリガーを使用。通信・RTC必須にはしない）,全国研究図鑑へ登録（トーホク386完成条件には含めない）,NATIONAL_EXT_0608（新規16bit ID）,ヒトモシ,ヒトモシ → ランプラー → シャンデラ,外来生態レイヤーへ追加,T025,こころのやかた,夜間オーバーレイ,Lv.8～13／殿堂入り後Lv.45～48,追加抽選3～6%,本編必須フラグを変更せず、外来生態フラグ・時間帯・DexNav・大量発生で制御,K31,ポケモンタワー,夜間オーバーレイ,Lv.82～90,夜間8～12%,ベガ初回殿堂入り後。認定章数でエリアと中間進化枠を段階解禁。,トーホクは本編で使える低～中レベル基礎種、カントーは高レベル個体・中間進化・隠れ特性探索を担当。,ベガ既存11枠を上書きせず、CFRU側の条件付きオーバーレイ／DexNav／大量発生へ登録,P1,ヒトモシをトーホクで捕獲して進化,こころのやかた,進化／殿堂入り後DexNavで中間進化が稀に出現,通常野生は基礎種のみ,本編必須フラグを変更せず、外来生態フラグ・時間帯・DexNav・大量発生で制御,ヒトモシをカントーで捕獲して進化,ポケモンタワー,進化／認定章6個以降は中間進化がDexNav希少枠,通常野生は基礎種中心,ベガ初回殿堂入り後。認定章数でエリアと中間進化枠を段階解禁。,通常系統は両地方で基礎種を捕獲可能。トーホクは早期育成、カントーは高レベル・隠れ特性・タマゴ技探索を担当。,V2二地方生態版／541系統配置マスター＋特殊個体イベントマスター
609,シャンデラ,chandelure,5,ゴースト／ほのお,308,通常生態,no,no,未収録・追加対象,新IDへ追加（進化入手）,バッジ1～2個,こころのやかた,進化,―,道具使用＋やみのいしを使う（CFRU/DPEの対応トリガーを使用。通信・RTC必須にはしない）,全国研究図鑑へ登録（トーホク386完成条件には含めない）,NATIONAL_EXT_0609（新規16bit ID）,ヒトモシ,ヒトモシ → ランプラー → シャンデラ,外来生態レイヤーへ追加,T025,こころのやかた,夜間オーバーレイ,Lv.8～13／殿堂入り後Lv.45～48,追加抽選3～6%,本編必須フラグを変更せず、外来生態フラグ・時間帯・DexNav・大量発生で制御,K31,ポケモンタワー,夜間オーバーレイ,Lv.82～90,夜間8～12%,ベガ初回殿堂入り後。認定章数でエリアと中間進化枠を段階解禁。,トーホクは本編で使える低～中レベル基礎種、カントーは高レベル個体・中間進化・隠れ特性探索を担当。,ベガ既存11枠を上書きせず、CFRU側の条件付きオーバーレイ／DexNav／大量発生へ登録,P1,ヒトモシをトーホクで捕獲して進化,こころのやかた,進化／殿堂入り後DexNavで中間進化が稀に出現,通常野生は基礎種のみ,本編必須フラグを変更せず、外来生態フラグ・時間帯・DexNav・大量発生で制御,ヒトモシをカントーで捕獲して進化,ポケモンタワー,進化／認定章6個以降は中間進化がDexNav希少枠,通常野生は基礎種中心,ベガ初回殿堂入り後。認定章数でエリアと中間進化枠を段階解禁。,通常系統は両地方で基礎種を捕獲可能。トーホクは早期育成、カントーは高レベル・隠れ特性・タマゴ技探索を担当。,V2二地方生態版／541系統配置マスター＋特殊個体イベントマスター
610,キバゴ,axew,5,ドラゴン,309,通常生態,no,no,未収録・追加対象,新IDへ追加,殿堂入り後,514～516ばんどうろ,図鑑ナビ隠し枠,通常表0%／ナビ検索時1～5%,主に基礎形のみ出現。中間・最終進化は原則として育成で入手。時間帯・天候は生態チケットで任意固定可能。,全国研究図鑑へ登録（トーホク386完成条件には含めない）,NATIONAL_EXT_0610（新規16bit ID）,キバゴ,キバゴ → オノンド → オノノクス,外来生態レイヤーへ追加,T042,チャンピオンロード,洞窟・屋内オーバーレイ,Lv.58～66／殿堂入り後Lv.70～88,追加抽選3～6%,本編必須フラグを変更せず、外来生態フラグ・時間帯・DexNav・大量発生で制御,K43,ハナダのどうくつ,洞窟・屋内オーバーレイ,Lv.95～100,通常表8～15%,ベガ初回殿堂入り後。認定章数でエリアと中間進化枠を段階解禁。,トーホクは本編で使える低～中レベル基礎種、カントーは高レベル個体・中間進化・隠れ特性探索を担当。,ベガ既存11枠を上書きせず、CFRU側の条件付きオーバーレイ／DexNav／大量発生へ登録,P2,トーホク野生生態,チャンピオンロード,洞窟・屋内オーバーレイ,追加抽選3～6%,本編必須フラグを変更せず、外来生態フラグ・時間帯・DexNav・大量発生で制御,カントー高レベル野生生態,ハナダのどうくつ,洞窟・屋内オーバーレイ,通常表8～15%,ベガ初回殿堂入り後。認定章数でエリアと中間進化枠を段階解禁。,通常系統は両地方で基礎種を捕獲可能。トーホクは早期育成、カントーは高レベル・隠れ特性・タマゴ技探索を担当。,V2二地方生態版／541系統配置マスター＋特殊個体イベントマスター
611,オノンド,fraxure,5,ドラゴン,309,通常生態,no,no,未収録・追加対象,新IDへ追加（進化入手）,殿堂入り後,514～516ばんどうろ,進化,―,レベルアップ＋Lv.38以上（CFRU/DPEの対応トリガーを使用。通信・RTC必須にはしない）,全国研究図鑑へ登録（トーホク386完成条件には含めない）,NATIONAL_EXT_0611（新規16bit ID）,キバゴ,キバゴ → オノンド → オノノクス,外来生態レイヤーへ追加,T042,チャンピオンロード,洞窟・屋内オーバーレイ,Lv.58～66／殿堂入り後Lv.70～88,追加抽選3～6%,本編必須フラグを変更せず、外来生態フラグ・時間帯・DexNav・大量発生で制御,K43,ハナダのどうくつ,洞窟・屋内オーバーレイ,Lv.95～100,通常表8～15%,ベガ初回殿堂入り後。認定章数でエリアと中間進化枠を段階解禁。,トーホクは本編で使える低～中レベル基礎種、カントーは高レベル個体・中間進化・隠れ特性探索を担当。,ベガ既存11枠を上書きせず、CFRU側の条件付きオーバーレイ／DexNav／大量発生へ登録,P2,キバゴをトーホクで捕獲して進化,チャンピオンロード,進化／殿堂入り後DexNavで中間進化が稀に出現,通常野生は基礎種のみ,本編必須フラグを変更せず、外来生態フラグ・時間帯・DexNav・大量発生で制御,キバゴをカントーで捕獲して進化,ハナダのどうくつ,進化／認定章6個以降は中間進化がDexNav希少枠,通常野生は基礎種中心,ベガ初回殿堂入り後。認定章数でエリアと中間進化枠を段階解禁。,通常系統は両地方で基礎種を捕獲可能。トーホクは早期育成、カントーは高レベル・隠れ特性・タマゴ技探索を担当。,V2二地方生態版／541系統配置マスター＋特殊個体イベントマスター
612,オノノクス,haxorus,5,ドラゴン,309,通常生態,no,no,未収録・追加対象,新IDへ追加（進化入手）,殿堂入り後,514～516ばんどうろ,進化,―,レベルアップ＋Lv.48以上（CFRU/DPEの対応トリガーを使用。通信・RTC必須にはしない）,全国研究図鑑へ登録（トーホク386完成条件には含めない）,NATIONAL_EXT_0612（新規16bit ID）,キバゴ,キバゴ → オノンド → オノノクス,外来生態レイヤーへ追加,T042,チャンピオンロード,洞窟・屋内オーバーレイ,Lv.58～66／殿堂入り後Lv.70～88,追加抽選3～6%,本編必須フラグを変更せず、外来生態フラグ・時間帯・DexNav・大量発生で制御,K43,ハナダのどうくつ,洞窟・屋内オーバーレイ,Lv.95～100,通常表8～15%,ベガ初回殿堂入り後。認定章数でエリアと中間進化枠を段階解禁。,トーホクは本編で使える低～中レベル基礎種、カントーは高レベル個体・中間進化・隠れ特性探索を担当。,ベガ既存11枠を上書きせず、CFRU側の条件付きオーバーレイ／DexNav／大量発生へ登録,P2,キバゴをトーホクで捕獲して進化,チャンピオンロード,進化／殿堂入り後DexNavで中間進化が稀に出現,通常野生は基礎種のみ,本編必須フラグを変更せず、外来生態フラグ・時間帯・DexNav・大量発生で制御,キバゴをカントーで捕獲して進化,ハナダのどうくつ,進化／認定章6個以降は中間進化がDexNav希少枠,通常野生は基礎種中心,ベガ初回殿堂入り後。認定章数でエリアと中間進化枠を段階解禁。,通常系統は両地方で基礎種を捕獲可能。トーホクは早期育成、カントーは高レベル・隠れ特性・タマゴ技探索を担当。,V2二地方生態版／541系統配置マスター＋特殊個体イベントマスター
613,クマシュン,cubchoo,5,こおり,310,通常生態,no,no,未収録・追加対象,新IDへ追加,殿堂入り後,514～516ばんどうろ,時間帯オーバーレイ,4～5%,主に基礎形のみ出現。中間・最終進化は原則として育成で入手。時間帯・天候は生態チケットで任意固定可能。,全国研究図鑑へ登録（トーホク386完成条件には含めない）,NATIONAL_EXT_0613（新規16bit ID）,クマシュン,クマシュン → ツンベアー,外来生態レイヤーへ追加,T030,こおりのしま,洞窟・屋内オーバーレイ,Lv.30～40／殿堂入り後Lv.55～70,追加抽選3～6%,本編必須フラグを変更せず、外来生態フラグ・時間帯・DexNav・大量発生で制御,K38,ふたごじま,洞窟・屋内オーバーレイ,Lv.88～96,通常表8～15%,ベガ初回殿堂入り後。認定章数でエリアと中間進化枠を段階解禁。,トーホクは本編で使える低～中レベル基礎種、カントーは高レベル個体・中間進化・隠れ特性探索を担当。,ベガ既存11枠を上書きせず、CFRU側の条件付きオーバーレイ／DexNav／大量発生へ登録,P2,トーホク野生生態,こおりのしま,洞窟・屋内オーバーレイ,追加抽選3～6%,本編必須フラグを変更せず、外来生態フラグ・時間帯・DexNav・大量発生で制御,カントー高レベル野生生態,ふたごじま,洞窟・屋内オーバーレイ,通常表8～15%,ベガ初回殿堂入り後。認定章数でエリアと中間進化枠を段階解禁。,通常系統は両地方で基礎種を捕獲可能。トーホクは早期育成、カントーは高レベル・隠れ特性・タマゴ技探索を担当。,V2二地方生態版／541系統配置マスター＋特殊個体イベントマスター
614,ツンベアー,beartic,5,こおり,310,通常生態,no,no,未収録・追加対象,新IDへ追加（進化入手）,殿堂入り後,514～516ばんどうろ,進化,―,レベルアップ＋Lv.37以上（CFRU/DPEの対応トリガーを使用。通信・RTC必須にはしない）,全国研究図鑑へ登録（トーホク386完成条件には含めない）,NATIONAL_EXT_0614（新規16bit ID）,クマシュン,クマシュン → ツンベアー,外来生態レイヤーへ追加,T030,こおりのしま,洞窟・屋内オーバーレイ,Lv.30～40／殿堂入り後Lv.55～70,追加抽選3～6%,本編必須フラグを変更せず、外来生態フラグ・時間帯・DexNav・大量発生で制御,K38,ふたごじま,洞窟・屋内オーバーレイ,Lv.88～96,通常表8～15%,ベガ初回殿堂入り後。認定章数でエリアと中間進化枠を段階解禁。,トーホクは本編で使える低～中レベル基礎種、カントーは高レベル個体・中間進化・隠れ特性探索を担当。,ベガ既存11枠を上書きせず、CFRU側の条件付きオーバーレイ／DexNav／大量発生へ登録,P2,クマシュンをトーホクで捕獲して進化,こおりのしま,進化／殿堂入り後DexNavで中間進化が稀に出現,通常野生は基礎種のみ,本編必須フラグを変更せず、外来生態フラグ・時間帯・DexNav・大量発生で制御,クマシュンをカントーで捕獲して進化,ふたごじま,進化／認定章6個以降は中間進化がDexNav希少枠,通常野生は基礎種中心,ベガ初回殿堂入り後。認定章数でエリアと中間進化枠を段階解禁。,通常系統は両地方で基礎種を捕獲可能。トーホクは早期育成、カントーは高レベル・隠れ特性・タマゴ技探索を担当。,V2二地方生態版／541系統配置マスター＋特殊個体イベントマスター
615,フリージオ,cryogonal,5,こおり,311,人工・無機物,no,no,既存（トーホク図鑑312）,既存ベガ個体を保持,ベガ既存進行,ベガ既存地点,ベガ既存入手法,既存値,トーホク図鑑No.312。内部種族ID・図鑑登録・イベント参照を変更しない。,トーホク図鑑にも既存番号で登録,VEGA_NATIVE_312（実ROMから確定）,フリージオ,フリージオ,ベガ既存系統を完全保持,VEGA_NATIVE,ベガ既存地点（出現表・配布・進化を変更しない）,ベガ既存入手法,既存値,既存値,既存イベント・野生表・進化条件を原則維持。現代化で条件が壊れる場合のみ互換処理。,K38,ふたごじま,屋内異常遭遇／DexNav,Lv.88～96,通常0%／DexNav 2～5%,ベガ初回殿堂入り後。認定章数でエリアと中間進化枠を段階解禁。,トーホクではベガ既存個体を保護。カントーでは高レベル個体・隠れ特性・タマゴ技探索を担当。,既存テーブル無変更,P0,ベガ既存入手法を完全保持,ベガ既存地点,ベガ既存入手法,既存値,トーホク図鑑No.312。内部種族ID・図鑑登録・イベント参照を変更しない。,カントー高レベル野生生態,ふたごじま,屋内異常遭遇／DexNav,通常0%／DexNav 2～5%,ベガ初回殿堂入り後。認定章数でエリアと中間進化枠を段階解禁。,通常系統は両地方で基礎種を捕獲可能。トーホクは早期育成、カントーは高レベル・隠れ特性・タマゴ技探索を担当。,V2二地方生態版／541系統配置マスター＋特殊個体イベントマスター
616,チョボマキ,shelmet,5,むし,312,通常生態,no,no,未収録・追加対象,新IDへ追加,バッジ1～2個,ハクジのもり,大量発生,発生中20～40%,主に基礎形のみ出現。中間・最終進化は原則として育成で入手。時間帯・天候は生態チケットで任意固定可能。,全国研究図鑑へ登録（トーホク386完成条件には含めない）,NATIONAL_EXT_0616（新規16bit ID）,チョボマキ,チョボマキ → アギルダー,外来生態レイヤーへ追加,T036,サファリゾーン東,ずつき／朝昼オーバーレイ,Lv.38～48／殿堂入り後Lv.55～70,追加抽選3～6%,本編必須フラグを変更せず、外来生態フラグ・時間帯・DexNav・大量発生で制御,K35,サファリゾーン東,ずつき／朝昼オーバーレイ,Lv.85～94,通常表8～15%,ベガ初回殿堂入り後。認定章数でエリアと中間進化枠を段階解禁。,トーホクは本編で使える低～中レベル基礎種、カントーは高レベル個体・中間進化・隠れ特性探索を担当。,ベガ既存11枠を上書きせず、CFRU側の条件付きオーバーレイ／DexNav／大量発生へ登録,P1,トーホク野生生態,サファリゾーン東,ずつき／朝昼オーバーレイ,追加抽選3～6%,本編必須フラグを変更せず、外来生態フラグ・時間帯・DexNav・大量発生で制御,カントー高レベル野生生態,サファリゾーン東,ずつき／朝昼オーバーレイ,通常表8～15%,ベガ初回殿堂入り後。認定章数でエリアと中間進化枠を段階解禁。,通常系統は両地方で基礎種を捕獲可能。トーホクは早期育成、カントーは高レベル・隠れ特性・タマゴ技探索を担当。,V2二地方生態版／541系統配置マスター＋特殊個体イベントマスター
617,アギルダー,accelgor,5,むし,312,通常生態,no,no,未収録・追加対象,新IDへ追加（進化入手）,バッジ1～2個,ハクジのもり,進化,―,指定交換は残すが、図鑑完成用にハクジ研究所の「交換シミュレータ」でも進化可能。,全国研究図鑑へ登録（トーホク386完成条件には含めない）,NATIONAL_EXT_0617（新規16bit ID）,チョボマキ,チョボマキ → アギルダー,外来生態レイヤーへ追加,T036,サファリゾーン東,ずつき／朝昼オーバーレイ,Lv.38～48／殿堂入り後Lv.55～70,追加抽選3～6%,本編必須フラグを変更せず、外来生態フラグ・時間帯・DexNav・大量発生で制御,K35,サファリゾーン東,ずつき／朝昼オーバーレイ,Lv.85～94,通常表8～15%,ベガ初回殿堂入り後。認定章数でエリアと中間進化枠を段階解禁。,トーホクは本編で使える低～中レベル基礎種、カントーは高レベル個体・中間進化・隠れ特性探索を担当。,ベガ既存11枠を上書きせず、CFRU側の条件付きオーバーレイ／DexNav／大量発生へ登録,P1,チョボマキをトーホクで捕獲して進化,サファリゾーン東,進化／殿堂入り後DexNavで中間進化が稀に出現,通常野生は基礎種のみ,本編必須フラグを変更せず、外来生態フラグ・時間帯・DexNav・大量発生で制御,チョボマキをカントーで捕獲して進化,サファリゾーン東,進化／認定章6個以降は中間進化がDexNav希少枠,通常野生は基礎種中心,ベガ初回殿堂入り後。認定章数でエリアと中間進化枠を段階解禁。,通常系統は両地方で基礎種を捕獲可能。トーホクは早期育成、カントーは高レベル・隠れ特性・タマゴ技探索を担当。,V2二地方生態版／541系統配置マスター＋特殊個体イベントマスター
618,マッギョ,stunfisk,5,じめん／でんき,313,通常生態,no,no,既存（トーホク図鑑326）,既存ベガ個体を保持,ベガ既存進行,ベガ既存地点,ベガ既存入手法,既存値,トーホク図鑑No.326。内部種族ID・図鑑登録・イベント参照を変更しない。,トーホク図鑑にも既存番号で登録,VEGA_NATIVE_326（実ROMから確定）,マッギョ,マッギョ,ベガ既存系統を完全保持,VEGA_NATIVE,ベガ既存地点（出現表・配布・進化を変更しない）,ベガ既存入手法,既存値,既存値,既存イベント・野生表・進化条件を原則維持。現代化で条件が壊れる場合のみ互換処理。,K10,10ばんどうろ,草むらオーバーレイ,Lv.78～84,通常表8～15%,ベガ初回殿堂入り後。認定章数でエリアと中間進化枠を段階解禁。,トーホクではベガ既存個体を保護。カントーでは高レベル個体・隠れ特性・タマゴ技探索を担当。,既存テーブル無変更,P0,ベガ既存入手法を完全保持,ベガ既存地点,ベガ既存入手法,既存値,トーホク図鑑No.326。内部種族ID・図鑑登録・イベント参照を変更しない。,カントー高レベル野生生態,10ばんどうろ,草むらオーバーレイ,通常表8～15%,ベガ初回殿堂入り後。認定章数でエリアと中間進化枠を段階解禁。,通常系統は両地方で基礎種を捕獲可能。トーホクは早期育成、カントーは高レベル・隠れ特性・タマゴ技探索を担当。,V2二地方生態版／541系統配置マスター＋特殊個体イベントマスター
619,コジョフー,mienfoo,5,かくとう,314,通常生態,no,no,既存（トーホク図鑑371）,既存ベガ個体を保持,ベガ既存進行,ベガ既存地点,ベガ既存入手法,既存値,トーホク図鑑No.371。内部種族ID・図鑑登録・イベント参照を変更しない。,トーホク図鑑にも既存番号で登録,VEGA_NATIVE_371（実ROMから確定）,コジョフー,コジョフー → コジョンド,ベガ既存系統を完全保持,VEGA_NATIVE,ベガ既存地点（出現表・配布・進化を変更しない）,ベガ既存入手法,既存値,既存値,既存イベント・野生表・進化条件を原則維持。現代化で条件が壊れる場合のみ互換処理。,K09,9ばんどうろ,草むらオーバーレイ,Lv.77～82,通常表8～15%,ベガ初回殿堂入り後。認定章数でエリアと中間進化枠を段階解禁。,トーホクではベガ既存個体を保護。カントーでは高レベル個体・隠れ特性・タマゴ技探索を担当。,既存テーブル無変更,P0,ベガ既存入手法を完全保持,ベガ既存地点,ベガ既存入手法,既存値,トーホク図鑑No.371。内部種族ID・図鑑登録・イベント参照を変更しない。,カントー高レベル野生生態,9ばんどうろ,草むらオーバーレイ,通常表8～15%,ベガ初回殿堂入り後。認定章数でエリアと中間進化枠を段階解禁。,通常系統は両地方で基礎種を捕獲可能。トーホクは早期育成、カントーは高レベル・隠れ特性・タマゴ技探索を担当。,V2二地方生態版／541系統配置マスター＋特殊個体イベントマスター
620,コジョンド,mienshao,5,かくとう,314,通常生態,no,no,既存（トーホク図鑑372）,既存ベガ個体を保持,ベガ既存進行,ベガ既存地点,ベガ既存入手法,既存値,トーホク図鑑No.372。内部種族ID・図鑑登録・イベント参照を変更しない。,トーホク図鑑にも既存番号で登録,VEGA_NATIVE_372（実ROMから確定）,コジョフー,コジョフー → コジョンド,ベガ既存系統を完全保持,VEGA_NATIVE,ベガ既存地点（出現表・配布・進化を変更しない）,ベガ既存入手法,既存値,既存値,既存イベント・野生表・進化条件を原則維持。現代化で条件が壊れる場合のみ互換処理。,K09,9ばんどうろ,草むらオーバーレイ,Lv.77～82,通常表8～15%,ベガ初回殿堂入り後。認定章数でエリアと中間進化枠を段階解禁。,トーホクではベガ既存個体を保護。カントーでは高レベル個体・隠れ特性・タマゴ技探索を担当。,既存テーブル無変更,P0,ベガ既存入手法を完全保持,ベガ既存地点,ベガ既存入手法,既存値,トーホク図鑑No.372。内部種族ID・図鑑登録・イベント参照を変更しない。,コジョフーをカントーで捕獲して進化,9ばんどうろ,進化／認定章6個以降は中間進化がDexNav希少枠,通常野生は基礎種中心,ベガ初回殿堂入り後。認定章数でエリアと中間進化枠を段階解禁。,通常系統は両地方で基礎種を捕獲可能。トーホクは早期育成、カントーは高レベル・隠れ特性・タマゴ技探索を担当。,V2二地方生態版／541系統配置マスター＋特殊個体イベントマスター
621,クリムガン,druddigon,5,ドラゴン,315,通常生態,no,no,未収録・追加対象,新IDへ追加,殿堂入り後,510～513ばんどうろ,図鑑ナビ隠し枠,通常表0%／ナビ検索時1～5%,主に基礎形のみ出現。中間・最終進化は原則として育成で入手。時間帯・天候は生態チケットで任意固定可能。,全国研究図鑑へ登録（トーホク386完成条件には含めない）,NATIONAL_EXT_0621（新規16bit ID）,クリムガン,クリムガン,外来生態レイヤーへ追加,T031,ユキユキやま,洞窟・屋内オーバーレイ,Lv.36～46／殿堂入り後Lv.58～72,追加抽選3～6%,本編必須フラグを変更せず、外来生態フラグ・時間帯・DexNav・大量発生で制御,K43,ハナダのどうくつ,洞窟・屋内オーバーレイ,Lv.95～100,通常表8～15%,ベガ初回殿堂入り後。認定章数でエリアと中間進化枠を段階解禁。,トーホクは本編で使える低～中レベル基礎種、カントーは高レベル個体・中間進化・隠れ特性探索を担当。,ベガ既存11枠を上書きせず、CFRU側の条件付きオーバーレイ／DexNav／大量発生へ登録,P2,トーホク野生生態,ユキユキやま,洞窟・屋内オーバーレイ,追加抽選3～6%,本編必須フラグを変更せず、外来生態フラグ・時間帯・DexNav・大量発生で制御,カントー高レベル野生生態,ハナダのどうくつ,洞窟・屋内オーバーレイ,通常表8～15%,ベガ初回殿堂入り後。認定章数でエリアと中間進化枠を段階解禁。,通常系統は両地方で基礎種を捕獲可能。トーホクは早期育成、カントーは高レベル・隠れ特性・タマゴ技探索を担当。,V2二地方生態版／541系統配置マスター＋特殊個体イベントマスター
622,ゴビット,golett,5,じめん／ゴースト,316,人工・無機物,no,no,未収録・追加対象,新IDへ追加,殿堂入り後,D・Hビル／D・Hだんアジト,図鑑ナビ隠し枠,通常表0%／ナビ検索時1～5%,主に基礎形のみ出現。中間・最終進化は原則として育成で入手。時間帯・天候は生態チケットで任意固定可能。,全国研究図鑑へ登録（トーホク386完成条件には含めない）,NATIONAL_EXT_0622（新規16bit ID）,ゴビット,ゴビット → ゴルーグ,外来生態レイヤーへ追加,T034,D・Hビル,屋内異常遭遇／DexNav,Lv.42～55／殿堂入り後Lv.62～78,通常0%／DexNav 2～5%,本編必須フラグを変更せず、外来生態フラグ・時間帯・DexNav・大量発生で制御,K41,シルフカンパニー,屋内異常遭遇／DexNav,Lv.90～97（異常遭遇）,通常0%／DexNav 2～5%,ベガ初回殿堂入り後。認定章数でエリアと中間進化枠を段階解禁。,トーホクは本編で使える低～中レベル基礎種、カントーは高レベル個体・中間進化・隠れ特性探索を担当。,ベガ既存11枠を上書きせず、CFRU側の条件付きオーバーレイ／DexNav／大量発生へ登録,P2,トーホク野生生態,D・Hビル,屋内異常遭遇／DexNav,通常0%／DexNav 2～5%,本編必須フラグを変更せず、外来生態フラグ・時間帯・DexNav・大量発生で制御,カントー高レベル野生生態,シルフカンパニー,屋内異常遭遇／DexNav,通常0%／DexNav 2～5%,ベガ初回殿堂入り後。認定章数でエリアと中間進化枠を段階解禁。,通常系統は両地方で基礎種を捕獲可能。トーホクは早期育成、カントーは高レベル・隠れ特性・タマゴ技探索を担当。,V2二地方生態版／541系統配置マスター＋特殊個体イベントマスター
623,ゴルーグ,golurk,5,じめん／ゴースト,316,人工・無機物,no,no,未収録・追加対象,新IDへ追加（進化入手）,殿堂入り後,D・Hビル／D・Hだんアジト,進化,―,レベルアップ＋Lv.43以上（CFRU/DPEの対応トリガーを使用。通信・RTC必須にはしない）,全国研究図鑑へ登録（トーホク386完成条件には含めない）,NATIONAL_EXT_0623（新規16bit ID）,ゴビット,ゴビット → ゴルーグ,外来生態レイヤーへ追加,T034,D・Hビル,屋内異常遭遇／DexNav,Lv.42～55／殿堂入り後Lv.62～78,通常0%／DexNav 2～5%,本編必須フラグを変更せず、外来生態フラグ・時間帯・DexNav・大量発生で制御,K41,シルフカンパニー,屋内異常遭遇／DexNav,Lv.90～97（異常遭遇）,通常0%／DexNav 2～5%,ベガ初回殿堂入り後。認定章数でエリアと中間進化枠を段階解禁。,トーホクは本編で使える低～中レベル基礎種、カントーは高レベル個体・中間進化・隠れ特性探索を担当。,ベガ既存11枠を上書きせず、CFRU側の条件付きオーバーレイ／DexNav／大量発生へ登録,P2,ゴビットをトーホクで捕獲して進化,D・Hビル,進化／殿堂入り後DexNavで中間進化が稀に出現,通常野生は基礎種のみ,本編必須フラグを変更せず、外来生態フラグ・時間帯・DexNav・大量発生で制御,ゴビットをカントーで捕獲して進化,シルフカンパニー,進化／認定章6個以降は中間進化がDexNav希少枠,通常野生は基礎種中心,ベガ初回殿堂入り後。認定章数でエリアと中間進化枠を段階解禁。,通常系統は両地方で基礎種を捕獲可能。トーホクは早期育成、カントーは高レベル・隠れ特性・タマゴ技探索を担当。,V2二地方生態版／541系統配置マスター＋特殊個体イベントマスター
624,コマタナ,pawniard,5,あく／はがね,317,通常生態,no,no,未収録・追加対象,新IDへ追加,殿堂入り後,ダークタワー,夜間オーバーレイ,4～5%,主に基礎形のみ出現。中間・最終進化は原則として育成で入手。時間帯・天候は生態チケットで任意固定可能。,全国研究図鑑へ登録（トーホク386完成条件には含めない）,NATIONAL_EXT_0624（新規16bit ID）,コマタナ,コマタナ → キリキザン → ドドゲザン,外来生態レイヤーへ追加,T035,D・Hだんアジト,夜間オーバーレイ,Lv.44～57／殿堂入り後Lv.65～80,追加抽選3～6%,本編必須フラグを変更せず、外来生態フラグ・時間帯・DexNav・大量発生で制御,K42,チャンピオンロード,いわくだき／DexNav,Lv.94～100,通常0%／DexNav 2～5%,ベガ初回殿堂入り後。認定章数でエリアと中間進化枠を段階解禁。,トーホクは本編で使える低～中レベル基礎種、カントーは高レベル個体・中間進化・隠れ特性探索を担当。,ベガ既存11枠を上書きせず、CFRU側の条件付きオーバーレイ／DexNav／大量発生へ登録,P2,トーホク野生生態,D・Hだんアジト,夜間オーバーレイ,追加抽選3～6%,本編必須フラグを変更せず、外来生態フラグ・時間帯・DexNav・大量発生で制御,カントー高レベル野生生態,チャンピオンロード,いわくだき／DexNav,通常0%／DexNav 2～5%,ベガ初回殿堂入り後。認定章数でエリアと中間進化枠を段階解禁。,通常系統は両地方で基礎種を捕獲可能。トーホクは早期育成、カントーは高レベル・隠れ特性・タマゴ技探索を担当。,V2二地方生態版／541系統配置マスター＋特殊個体イベントマスター
625,キリキザン,bisharp,5,あく／はがね,317,通常生態,no,no,未収録・追加対象,新IDへ追加（進化入手）,殿堂入り後,ダークタワー,進化,―,レベルアップ＋Lv.52以上（CFRU/DPEの対応トリガーを使用。通信・RTC必須にはしない）,全国研究図鑑へ登録（トーホク386完成条件には含めない）,NATIONAL_EXT_0625（新規16bit ID）,コマタナ,コマタナ → キリキザン → ドドゲザン,外来生態レイヤーへ追加,T035,D・Hだんアジト,夜間オーバーレイ,Lv.44～57／殿堂入り後Lv.65～80,追加抽選3～6%,本編必須フラグを変更せず、外来生態フラグ・時間帯・DexNav・大量発生で制御,K42,チャンピオンロード,いわくだき／DexNav,Lv.94～100,通常0%／DexNav 2～5%,ベガ初回殿堂入り後。認定章数でエリアと中間進化枠を段階解禁。,トーホクは本編で使える低～中レベル基礎種、カントーは高レベル個体・中間進化・隠れ特性探索を担当。,ベガ既存11枠を上書きせず、CFRU側の条件付きオーバーレイ／DexNav／大量発生へ登録,P2,コマタナをトーホクで捕獲して進化,D・Hだんアジト,進化／殿堂入り後DexNavで中間進化が稀に出現,通常野生は基礎種のみ,本編必須フラグを変更せず、外来生態フラグ・時間帯・DexNav・大量発生で制御,コマタナをカントーで捕獲して進化,チャンピオンロード,進化／認定章6個以降は中間進化がDexNav希少枠,通常野生は基礎種中心,ベガ初回殿堂入り後。認定章数でエリアと中間進化枠を段階解禁。,通常系統は両地方で基礎種を捕獲可能。トーホクは早期育成、カントーは高レベル・隠れ特性・タマゴ技探索を担当。,V2二地方生態版／541系統配置マスター＋特殊個体イベントマスター
626,バッフロン,bouffalant,5,ノーマル,318,通常生態,no,no,未収録・追加対象,新IDへ追加,バッジ1～2個,502ばんどうろ,図鑑ナビ隠し枠,通常表0%／ナビ検索時1～5%,主に基礎形のみ出現。中間・最終進化は原則として育成で入手。時間帯・天候は生態チケットで任意固定可能。,全国研究図鑑へ登録（トーホク386完成条件には含めない）,NATIONAL_EXT_0626（新規16bit ID）,バッフロン,バッフロン,外来生態レイヤーへ追加,T503,503ばんどうろ／すいどう,草むらオーバーレイ,Lv.5～9,追加抽選3～6%,本編必須フラグを変更せず、外来生態フラグ・時間帯・DexNav・大量発生で制御,K34,サファリゾーン中央,草むらオーバーレイ,Lv.85～94,通常表8～15%,ベガ初回殿堂入り後。認定章数でエリアと中間進化枠を段階解禁。,トーホクは本編で使える低～中レベル基礎種、カントーは高レベル個体・中間進化・隠れ特性探索を担当。,ベガ既存11枠を上書きせず、CFRU側の条件付きオーバーレイ／DexNav／大量発生へ登録,P1,トーホク野生生態,503ばんどうろ／すいどう,草むらオーバーレイ,追加抽選3～6%,本編必須フラグを変更せず、外来生態フラグ・時間帯・DexNav・大量発生で制御,カントー高レベル野生生態,サファリゾーン中央,草むらオーバーレイ,通常表8～15%,ベガ初回殿堂入り後。認定章数でエリアと中間進化枠を段階解禁。,通常系統は両地方で基礎種を捕獲可能。トーホクは早期育成、カントーは高レベル・隠れ特性・タマゴ技探索を担当。,V2二地方生態版／541系統配置マスター＋特殊個体イベントマスター
627,ワシボン,rufflet,5,ノーマル／ひこう,319,通常生態,no,no,未収録・追加対象,新IDへ追加,殿堂入り後,521～523ばんどうろ,草むらオーバーレイ,8～12%,主に基礎形のみ出現。中間・最終進化は原則として育成で入手。時間帯・天候は生態チケットで任意固定可能。,全国研究図鑑へ登録（トーホク386完成条件には含めない）,NATIONAL_EXT_0627（新規16bit ID）,ワシボン,ワシボン → ウォーグル,外来生態レイヤーへ追加,T501,501ばんどうろ／すいどう,大量発生,Lv.2～5,通常0%／発生中20～35%,本編必須フラグを変更せず、外来生態フラグ・時間帯・DexNav・大量発生で制御,K01,1ばんどうろ,大量発生,Lv.68～72,通常0%／発生中20～35%,ベガ初回殿堂入り後。認定章数でエリアと中間進化枠を段階解禁。,トーホクは本編で使える低～中レベル基礎種、カントーは高レベル個体・中間進化・隠れ特性探索を担当。,ベガ既存11枠を上書きせず、CFRU側の条件付きオーバーレイ／DexNav／大量発生へ登録,P2,トーホク野生生態,501ばんどうろ／すいどう,大量発生,通常0%／発生中20～35%,本編必須フラグを変更せず、外来生態フラグ・時間帯・DexNav・大量発生で制御,カントー高レベル野生生態,1ばんどうろ,大量発生,通常0%／発生中20～35%,ベガ初回殿堂入り後。認定章数でエリアと中間進化枠を段階解禁。,通常系統は両地方で基礎種を捕獲可能。トーホクは早期育成、カントーは高レベル・隠れ特性・タマゴ技探索を担当。,V2二地方生態版／541系統配置マスター＋特殊個体イベントマスター
628,ウォーグル,braviary,5,ノーマル／ひこう,319,通常生態,no,no,未収録・追加対象,新IDへ追加（進化入手）,殿堂入り後,521～523ばんどうろ,進化,―,レベルアップ＋Lv.54以上（CFRU/DPEの対応トリガーを使用。通信・RTC必須にはしない）,全国研究図鑑へ登録（トーホク386完成条件には含めない）,NATIONAL_EXT_0628（新規16bit ID）,ワシボン,ワシボン → ウォーグル,外来生態レイヤーへ追加,T501,501ばんどうろ／すいどう,大量発生,Lv.2～5,通常0%／発生中20～35%,本編必須フラグを変更せず、外来生態フラグ・時間帯・DexNav・大量発生で制御,K01,1ばんどうろ,大量発生,Lv.68～72,通常0%／発生中20～35%,ベガ初回殿堂入り後。認定章数でエリアと中間進化枠を段階解禁。,トーホクは本編で使える低～中レベル基礎種、カントーは高レベル個体・中間進化・隠れ特性探索を担当。,ベガ既存11枠を上書きせず、CFRU側の条件付きオーバーレイ／DexNav／大量発生へ登録,P2,ワシボンをトーホクで捕獲して進化,501ばんどうろ／すいどう,進化／殿堂入り後DexNavで中間進化が稀に出現,通常野生は基礎種のみ,本編必須フラグを変更せず、外来生態フラグ・時間帯・DexNav・大量発生で制御,ワシボンをカントーで捕獲して進化,1ばんどうろ,進化／認定章6個以降は中間進化がDexNav希少枠,通常野生は基礎種中心,ベガ初回殿堂入り後。認定章数でエリアと中間進化枠を段階解禁。,通常系統は両地方で基礎種を捕獲可能。トーホクは早期育成、カントーは高レベル・隠れ特性・タマゴ技探索を担当。,V2二地方生態版／541系統配置マスター＋特殊個体イベントマスター
629,バルチャイ,vullaby,5,あく／ひこう,320,通常生態,no,no,未収録・追加対象,新IDへ追加,殿堂入り後,ダークタワー,屋内オーバーレイ,8～12%,主に基礎形のみ出現。中間・最終進化は原則として育成で入手。時間帯・天候は生態チケットで任意固定可能。,全国研究図鑑へ登録（トーホク386完成条件には含めない）,NATIONAL_EXT_0629（新規16bit ID）,バルチャイ,バルチャイ → バルジーナ,外来生態レイヤーへ追加,T522,522ばんどうろ／すいどう,夜間オーバーレイ,Lv.47～54,追加抽選3～6%,本編必須フラグを変更せず、外来生態フラグ・時間帯・DexNav・大量発生で制御,K03,3ばんどうろ,夜間オーバーレイ,Lv.71～75,夜間8～12%,ベガ初回殿堂入り後。認定章数でエリアと中間進化枠を段階解禁。,トーホクは本編で使える低～中レベル基礎種、カントーは高レベル個体・中間進化・隠れ特性探索を担当。,ベガ既存11枠を上書きせず、CFRU側の条件付きオーバーレイ／DexNav／大量発生へ登録,P2,トーホク野生生態,522ばんどうろ／すいどう,夜間オーバーレイ,追加抽選3～6%,本編必須フラグを変更せず、外来生態フラグ・時間帯・DexNav・大量発生で制御,カントー高レベル野生生態,3ばんどうろ,夜間オーバーレイ,夜間8～12%,ベガ初回殿堂入り後。認定章数でエリアと中間進化枠を段階解禁。,通常系統は両地方で基礎種を捕獲可能。トーホクは早期育成、カントーは高レベル・隠れ特性・タマゴ技探索を担当。,V2二地方生態版／541系統配置マスター＋特殊個体イベントマスター
630,バルジーナ,mandibuzz,5,あく／ひこう,320,通常生態,no,no,未収録・追加対象,新IDへ追加（進化入手）,殿堂入り後,ダークタワー,進化,―,レベルアップ＋Lv.54以上（CFRU/DPEの対応トリガーを使用。通信・RTC必須にはしない）,全国研究図鑑へ登録（トーホク386完成条件には含めない）,NATIONAL_EXT_0630（新規16bit ID）,バルチャイ,バルチャイ → バルジーナ,外来生態レイヤーへ追加,T522,522ばんどうろ／すいどう,夜間オーバーレイ,Lv.47～54,追加抽選3～6%,本編必須フラグを変更せず、外来生態フラグ・時間帯・DexNav・大量発生で制御,K03,3ばんどうろ,夜間オーバーレイ,Lv.71～75,夜間8～12%,ベガ初回殿堂入り後。認定章数でエリアと中間進化枠を段階解禁。,トーホクは本編で使える低～中レベル基礎種、カントーは高レベル個体・中間進化・隠れ特性探索を担当。,ベガ既存11枠を上書きせず、CFRU側の条件付きオーバーレイ／DexNav／大量発生へ登録,P2,バルチャイをトーホクで捕獲して進化,522ばんどうろ／すいどう,進化／殿堂入り後DexNavで中間進化が稀に出現,通常野生は基礎種のみ,本編必須フラグを変更せず、外来生態フラグ・時間帯・DexNav・大量発生で制御,バルチャイをカントーで捕獲して進化,3ばんどうろ,進化／認定章6個以降は中間進化がDexNav希少枠,通常野生は基礎種中心,ベガ初回殿堂入り後。認定章数でエリアと中間進化枠を段階解禁。,通常系統は両地方で基礎種を捕獲可能。トーホクは早期育成、カントーは高レベル・隠れ特性・タマゴ技探索を担当。,V2二地方生態版／541系統配置マスター＋特殊個体イベントマスター
631,クイタラン,heatmor,5,ほのお,321,通常生態,no,no,未収録・追加対象,新IDへ追加,殿堂入り後,510～513ばんどうろ,草むらオーバーレイ,4～5%,主に基礎形のみ出現。中間・最終進化は原則として育成で入手。時間帯・天候は生態チケットで任意固定可能。,全国研究図鑑へ登録（トーホク386完成条件には含めない）,NATIONAL_EXT_0631（新規16bit ID）,クイタラン,クイタラン,外来生態レイヤーへ追加,T037,サファリゾーン西,草むらオーバーレイ,Lv.38～48／殿堂入り後Lv.55～70,追加抽選3～6%,本編必須フラグを変更せず、外来生態フラグ・時間帯・DexNav・大量発生で制御,K17,17ばんどうろ,草むらオーバーレイ,Lv.83～89,通常表8～15%,ベガ初回殿堂入り後。認定章数でエリアと中間進化枠を段階解禁。,トーホクは本編で使える低～中レベル基礎種、カントーは高レベル個体・中間進化・隠れ特性探索を担当。,ベガ既存11枠を上書きせず、CFRU側の条件付きオーバーレイ／DexNav／大量発生へ登録,P2,トーホク野生生態,サファリゾーン西,草むらオーバーレイ,追加抽選3～6%,本編必須フラグを変更せず、外来生態フラグ・時間帯・DexNav・大量発生で制御,カントー高レベル野生生態,17ばんどうろ,草むらオーバーレイ,通常表8～15%,ベガ初回殿堂入り後。認定章数でエリアと中間進化枠を段階解禁。,通常系統は両地方で基礎種を捕獲可能。トーホクは早期育成、カントーは高レベル・隠れ特性・タマゴ技探索を担当。,V2二地方生態版／541系統配置マスター＋特殊個体イベントマスター
632,アイアント,durant,5,むし／はがね,322,通常生態,no,no,未収録・追加対象,新IDへ追加,バッジ3～4個,503ばんどうろ,草むらオーバーレイ,4～5%,主に基礎形のみ出現。中間・最終進化は原則として育成で入手。時間帯・天候は生態チケットで任意固定可能。,全国研究図鑑へ登録（トーホク386完成条件には含めない）,NATIONAL_EXT_0632（新規16bit ID）,アイアント,アイアント,外来生態レイヤーへ追加,T036,サファリゾーン東,ずつき／朝昼オーバーレイ,Lv.38～48／殿堂入り後Lv.55～70,追加抽選3～6%,本編必須フラグを変更せず、外来生態フラグ・時間帯・DexNav・大量発生で制御,K33,タマムシ温室,ずつき／朝昼オーバーレイ,Lv.82～90,通常表8～15%,ベガ初回殿堂入り後。認定章数でエリアと中間進化枠を段階解禁。,トーホクは本編で使える低～中レベル基礎種、カントーは高レベル個体・中間進化・隠れ特性探索を担当。,ベガ既存11枠を上書きせず、CFRU側の条件付きオーバーレイ／DexNav／大量発生へ登録,P1,トーホク野生生態,サファリゾーン東,ずつき／朝昼オーバーレイ,追加抽選3～6%,本編必須フラグを変更せず、外来生態フラグ・時間帯・DexNav・大量発生で制御,カントー高レベル野生生態,タマムシ温室,ずつき／朝昼オーバーレイ,通常表8～15%,ベガ初回殿堂入り後。認定章数でエリアと中間進化枠を段階解禁。,通常系統は両地方で基礎種を捕獲可能。トーホクは早期育成、カントーは高レベル・隠れ特性・タマゴ技探索を担当。,V2二地方生態版／541系統配置マスター＋特殊個体イベントマスター
633,モノズ,deino,5,あく／ドラゴン,323,600族,no,no,未収録・追加対象,新IDへ追加,殿堂入り後,D・H異常生態区画（新規小部屋）,図鑑ナビ隠し枠,通常表0%／ナビ検索時1～5%,主に基礎形のみ出現。中間・最終進化は原則として育成で入手。時間帯・天候は生態チケットで任意固定可能。,全国研究図鑑へ登録（トーホク386完成条件には含めない）,NATIONAL_EXT_0633（新規16bit ID）,モノズ,モノズ → ジヘッド → サザンドラ,外来生態レイヤーへ追加,T040,ニューアイランド,DexNav隠し枠,Lv.50～60／殿堂入り後Lv.65～82,通常0%／DexNav 1～2%,本編必須フラグを変更せず、外来生態フラグ・時間帯・DexNav・大量発生で制御,K23,23ばんどうろ,DexNav隠し枠,Lv.92～98,通常0%／DexNav 1～2%,ベガ初回殿堂入り後。認定章数でエリアと中間進化枠を段階解禁。,トーホクは本編で使える低～中レベル基礎種、カントーは高レベル個体・中間進化・隠れ特性探索を担当。,ベガ既存11枠を上書きせず、CFRU側の条件付きオーバーレイ／DexNav／大量発生へ登録,P2,トーホク野生生態,ニューアイランド,DexNav隠し枠,通常0%／DexNav 1～2%,本編必須フラグを変更せず、外来生態フラグ・時間帯・DexNav・大量発生で制御,カントー高レベル野生生態,23ばんどうろ,DexNav隠し枠,通常0%／DexNav 1～2%,ベガ初回殿堂入り後。認定章数でエリアと中間進化枠を段階解禁。,通常系統は両地方で基礎種を捕獲可能。トーホクは早期育成、カントーは高レベル・隠れ特性・タマゴ技探索を担当。,V2二地方生態版／541系統配置マスター＋特殊個体イベントマスター
634,ジヘッド,zweilous,5,あく／ドラゴン,323,600族,no,no,未収録・追加対象,新IDへ追加（進化入手）,殿堂入り後,D・H異常生態区画（新規小部屋）,進化,―,レベルアップ＋Lv.50以上（CFRU/DPEの対応トリガーを使用。通信・RTC必須にはしない）,全国研究図鑑へ登録（トーホク386完成条件には含めない）,NATIONAL_EXT_0634（新規16bit ID）,モノズ,モノズ → ジヘッド → サザンドラ,外来生態レイヤーへ追加,T040,ニューアイランド,DexNav隠し枠,Lv.50～60／殿堂入り後Lv.65～82,通常0%／DexNav 1～2%,本編必須フラグを変更せず、外来生態フラグ・時間帯・DexNav・大量発生で制御,K23,23ばんどうろ,DexNav隠し枠,Lv.92～98,通常0%／DexNav 1～2%,ベガ初回殿堂入り後。認定章数でエリアと中間進化枠を段階解禁。,トーホクは本編で使える低～中レベル基礎種、カントーは高レベル個体・中間進化・隠れ特性探索を担当。,ベガ既存11枠を上書きせず、CFRU側の条件付きオーバーレイ／DexNav／大量発生へ登録,P2,モノズをトーホクで捕獲して進化,ニューアイランド,進化／殿堂入り後DexNavで中間進化が稀に出現,通常野生は基礎種のみ,本編必須フラグを変更せず、外来生態フラグ・時間帯・DexNav・大量発生で制御,モノズをカントーで捕獲して進化,23ばんどうろ,進化／認定章6個以降は中間進化がDexNav希少枠,通常野生は基礎種中心,ベガ初回殿堂入り後。認定章数でエリアと中間進化枠を段階解禁。,通常系統は両地方で基礎種を捕獲可能。トーホクは早期育成、カントーは高レベル・隠れ特性・タマゴ技探索を担当。,V2二地方生態版／541系統配置マスター＋特殊個体イベントマスター
635,サザンドラ,hydreigon,5,あく／ドラゴン,323,600族,no,no,未収録・追加対象,新IDへ追加（進化入手）,殿堂入り後,D・H異常生態区画（新規小部屋）,進化,―,レベルアップ＋Lv.64以上（CFRU/DPEの対応トリガーを使用。通信・RTC必須にはしない）,全国研究図鑑へ登録（トーホク386完成条件には含めない）,NATIONAL_EXT_0635（新規16bit ID）,モノズ,モノズ → ジヘッド → サザンドラ,外来生態レイヤーへ追加,T040,ニューアイランド,DexNav隠し枠,Lv.50～60／殿堂入り後Lv.65～82,通常0%／DexNav 1～2%,本編必須フラグを変更せず、外来生態フラグ・時間帯・DexNav・大量発生で制御,K23,23ばんどうろ,DexNav隠し枠,Lv.92～98,通常0%／DexNav 1～2%,ベガ初回殿堂入り後。認定章数でエリアと中間進化枠を段階解禁。,トーホクは本編で使える低～中レベル基礎種、カントーは高レベル個体・中間進化・隠れ特性探索を担当。,ベガ既存11枠を上書きせず、CFRU側の条件付きオーバーレイ／DexNav／大量発生へ登録,P2,モノズをトーホクで捕獲して進化,ニューアイランド,進化／殿堂入り後DexNavで中間進化が稀に出現,通常野生は基礎種のみ,本編必須フラグを変更せず、外来生態フラグ・時間帯・DexNav・大量発生で制御,モノズをカントーで捕獲して進化,23ばんどうろ,進化／認定章6個以降は中間進化がDexNav希少枠,通常野生は基礎種中心,ベガ初回殿堂入り後。認定章数でエリアと中間進化枠を段階解禁。,通常系統は両地方で基礎種を捕獲可能。トーホクは早期育成、カントーは高レベル・隠れ特性・タマゴ技探索を担当。,V2二地方生態版／541系統配置マスター＋特殊個体イベントマスター
636,メラルバ,larvesta,5,むし／ほのお,324,通常生態,no,no,未収録・追加対象,新IDへ追加,殿堂入り後,サファリゾーン西,図鑑ナビ隠し枠,通常表0%／ナビ検索時1～5%,主に基礎形のみ出現。中間・最終進化は原則として育成で入手。時間帯・天候は生態チケットで任意固定可能。,全国研究図鑑へ登録（トーホク386完成条件には含めない）,NATIONAL_EXT_0636（新規16bit ID）,メラルバ,メラルバ → ウルガモス,外来生態レイヤーへ追加,T503,503ばんどうろ／すいどう,草むらオーバーレイ,Lv.5～9,追加抽選3～6%,本編必須フラグを変更せず、外来生態フラグ・時間帯・DexNav・大量発生で制御,K24,24ばんどうろ,草むらオーバーレイ,Lv.74～79,通常表8～15%,ベガ初回殿堂入り後。認定章数でエリアと中間進化枠を段階解禁。,トーホクは本編で使える低～中レベル基礎種、カントーは高レベル個体・中間進化・隠れ特性探索を担当。,ベガ既存11枠を上書きせず、CFRU側の条件付きオーバーレイ／DexNav／大量発生へ登録,P2,トーホク野生生態,503ばんどうろ／すいどう,草むらオーバーレイ,追加抽選3～6%,本編必須フラグを変更せず、外来生態フラグ・時間帯・DexNav・大量発生で制御,カントー高レベル野生生態,24ばんどうろ,草むらオーバーレイ,通常表8～15%,ベガ初回殿堂入り後。認定章数でエリアと中間進化枠を段階解禁。,通常系統は両地方で基礎種を捕獲可能。トーホクは早期育成、カントーは高レベル・隠れ特性・タマゴ技探索を担当。,V2二地方生態版／541系統配置マスター＋特殊個体イベントマスター
637,ウルガモス,volcarona,5,むし／ほのお,324,通常生態,no,no,未収録・追加対象,新IDへ追加（進化入手）,殿堂入り後,サファリゾーン西,進化,―,レベルアップ＋Lv.59以上（CFRU/DPEの対応トリガーを使用。通信・RTC必須にはしない）,全国研究図鑑へ登録（トーホク386完成条件には含めない）,NATIONAL_EXT_0637（新規16bit ID）,メラルバ,メラルバ → ウルガモス,外来生態レイヤーへ追加,T503,503ばんどうろ／すいどう,草むらオーバーレイ,Lv.5～9,追加抽選3～6%,本編必須フラグを変更せず、外来生態フラグ・時間帯・DexNav・大量発生で制御,K24,24ばんどうろ,草むらオーバーレイ,Lv.74～79,通常表8～15%,ベガ初回殿堂入り後。認定章数でエリアと中間進化枠を段階解禁。,トーホクは本編で使える低～中レベル基礎種、カントーは高レベル個体・中間進化・隠れ特性探索を担当。,ベガ既存11枠を上書きせず、CFRU側の条件付きオーバーレイ／DexNav／大量発生へ登録,P2,メラルバをトーホクで捕獲して進化,503ばんどうろ／すいどう,進化／殿堂入り後DexNavで中間進化が稀に出現,通常野生は基礎種のみ,本編必須フラグを変更せず、外来生態フラグ・時間帯・DexNav・大量発生で制御,メラルバをカントーで捕獲して進化,24ばんどうろ,進化／認定章6個以降は中間進化がDexNav希少枠,通常野生は基礎種中心,ベガ初回殿堂入り後。認定章数でエリアと中間進化枠を段階解禁。,通常系統は両地方で基礎種を捕獲可能。トーホクは早期育成、カントーは高レベル・隠れ特性・タマゴ技探索を担当。,V2二地方生態版／541系統配置マスター＋特殊個体イベントマスター
638,コバルオン,cobalion,5,はがね／かくとう,325,伝説,yes,no,未収録・追加対象,新IDへ追加,殿堂入り＋格闘調査,チャンピオンロード増設道場,固定シンボル／専用クエスト,―,三つの実戦課題をクリアして順番に固定戦。,全国研究図鑑へ登録（トーホク386完成条件には含めない）,NATIONAL_EXT_0638（新規16bit ID）,コバルオン,コバルオン,固定イベント追加,EVENT_T,チャンピオンロード増設道場,手掛かり／共鳴戦／専用素材,イベント別,重複捕獲なし,殿堂入り＋格闘調査＋主地方の捕獲フラグ共有,EVENT_K,ヤマブキ格闘道場／チャンピオンロード,固定シンボル／専用クエスト,Lv.75,原則1体・撃破時復活,殿堂入り＋格闘調査,主地方で1個体だけ捕獲し、副地方では手掛かり・共鳴戦・専用素材を扱う。捕獲済みフラグは両地方で共有し、重複個体を与えない。,野生通常表には入れない,P2,トーホク側の手掛かり・共鳴イベント,チャンピオンロード増設道場,手掛かり／共鳴戦／専用素材,重複捕獲なし,殿堂入り＋格闘調査＋共有捕獲フラグ確認,カントー固定イベントで捕獲,ヤマブキ格闘道場／チャンピオンロード,固定シンボル／専用クエスト,原則1体・撃破時復活,殿堂入り＋格闘調査,主捕獲地方で1個体のみ捕獲。副地方は手掛かり・共鳴戦・素材報酬を担当し、共有捕獲フラグで重複個体を防止。,V2二地方生態版／541系統配置マスター＋特殊個体イベントマスター
639,テラキオン,terrakion,5,いわ／かくとう,326,伝説,yes,no,未収録・追加対象,新IDへ追加,殿堂入り＋格闘調査,チャンピオンロード増設道場,固定シンボル／専用クエスト,―,三つの実戦課題をクリアして順番に固定戦。,全国研究図鑑へ登録（トーホク386完成条件には含めない）,NATIONAL_EXT_0639（新規16bit ID）,テラキオン,テラキオン,固定イベント追加,EVENT_T,チャンピオンロード増設道場,手掛かり／共鳴戦／専用素材,イベント別,重複捕獲なし,殿堂入り＋格闘調査＋主地方の捕獲フラグ共有,EVENT_K,ヤマブキ格闘道場／チャンピオンロード,固定シンボル／専用クエスト,Lv.75,原則1体・撃破時復活,殿堂入り＋格闘調査,主地方で1個体だけ捕獲し、副地方では手掛かり・共鳴戦・専用素材を扱う。捕獲済みフラグは両地方で共有し、重複個体を与えない。,野生通常表には入れない,P2,トーホク側の手掛かり・共鳴イベント,チャンピオンロード増設道場,手掛かり／共鳴戦／専用素材,重複捕獲なし,殿堂入り＋格闘調査＋共有捕獲フラグ確認,カントー固定イベントで捕獲,ヤマブキ格闘道場／チャンピオンロード,固定シンボル／専用クエスト,原則1体・撃破時復活,殿堂入り＋格闘調査,主捕獲地方で1個体のみ捕獲。副地方は手掛かり・共鳴戦・素材報酬を担当し、共有捕獲フラグで重複個体を防止。,V2二地方生態版／541系統配置マスター＋特殊個体イベントマスター
640,ビリジオン,virizion,5,くさ／かくとう,327,伝説,yes,no,未収録・追加対象,新IDへ追加,殿堂入り＋格闘調査,チャンピオンロード増設道場,固定シンボル／専用クエスト,―,三つの実戦課題をクリアして順番に固定戦。,全国研究図鑑へ登録（トーホク386完成条件には含めない）,NATIONAL_EXT_0640（新規16bit ID）,ビリジオン,ビリジオン,固定イベント追加,EVENT_T,チャンピオンロード増設道場,手掛かり／共鳴戦／専用素材,イベント別,重複捕獲なし,殿堂入り＋格闘調査＋主地方の捕獲フラグ共有,EVENT_K,ヤマブキ格闘道場／チャンピオンロード,固定シンボル／専用クエスト,Lv.75,原則1体・撃破時復活,殿堂入り＋格闘調査,主地方で1個体だけ捕獲し、副地方では手掛かり・共鳴戦・専用素材を扱う。捕獲済みフラグは両地方で共有し、重複個体を与えない。,野生通常表には入れない,P2,トーホク側の手掛かり・共鳴イベント,チャンピオンロード増設道場,手掛かり／共鳴戦／専用素材,重複捕獲なし,殿堂入り＋格闘調査＋共有捕獲フラグ確認,カントー固定イベントで捕獲,ヤマブキ格闘道場／チャンピオンロード,固定シンボル／専用クエスト,原則1体・撃破時復活,殿堂入り＋格闘調査,主捕獲地方で1個体のみ捕獲。副地方は手掛かり・共鳴戦・素材報酬を担当し、共有捕獲フラグで重複個体を防止。,V2二地方生態版／541系統配置マスター＋特殊個体イベントマスター
641,トルネロス,tornadus,5,ひこう,328,伝説,yes,no,未収録・追加対象,新IDへ追加,殿堂入り＋天候観測器,各島＋521ばんどうろ,固定シンボル／専用クエスト,―,天候を切替えて固定戦。うつしかがみを同時入手。,全国研究図鑑へ登録（トーホク386完成条件には含めない）,NATIONAL_EXT_0641（新規16bit ID）,トルネロス,トルネロス,固定イベント追加,EVENT_T,三島＋521ばんどうろ,固定シンボル／専用クエスト,Lv.75,原則1体・撃破時復活,殿堂入り＋天候観測器,EVENT_K,9・10・17・20ばんどうろ観測柱,手掛かり／共鳴戦／専用素材,イベント別,重複捕獲なし,殿堂入り＋天候観測器＋主地方の捕獲フラグ共有,主地方で1個体だけ捕獲し、副地方では手掛かり・共鳴戦・専用素材を扱う。捕獲済みフラグは両地方で共有し、重複個体を与えない。,野生通常表には入れない,P2,トーホク固定イベントで捕獲,三島＋521ばんどうろ,固定シンボル／専用クエスト,原則1体・撃破時復活,殿堂入り＋天候観測器,カントー側の手掛かり・共鳴イベント,9・10・17・20ばんどうろ観測柱,手掛かり／共鳴戦／専用素材,重複捕獲なし,殿堂入り＋天候観測器＋共有捕獲フラグ確認,主捕獲地方で1個体のみ捕獲。副地方は手掛かり・共鳴戦・素材報酬を担当し、共有捕獲フラグで重複個体を防止。,V2二地方生態版／541系統配置マスター＋特殊個体イベントマスター
642,ボルトロス,thundurus,5,でんき／ひこう,329,伝説,yes,no,未収録・追加対象,新IDへ追加,殿堂入り＋天候観測器,各島＋521ばんどうろ,固定シンボル／専用クエスト,―,天候を切替えて固定戦。うつしかがみを同時入手。,全国研究図鑑へ登録（トーホク386完成条件には含めない）,NATIONAL_EXT_0642（新規16bit ID）,ボルトロス,ボルトロス,固定イベント追加,EVENT_T,三島＋521ばんどうろ,手掛かり／共鳴戦／専用素材,イベント別,重複捕獲なし,殿堂入り＋天候観測器＋主地方の捕獲フラグ共有,EVENT_K,9・10・17・20ばんどうろ観測柱,固定シンボル／専用クエスト,Lv.75,原則1体・撃破時復活,殿堂入り＋天候観測器,主地方で1個体だけ捕獲し、副地方では手掛かり・共鳴戦・専用素材を扱う。捕獲済みフラグは両地方で共有し、重複個体を与えない。,野生通常表には入れない,P2,トーホク側の手掛かり・共鳴イベント,三島＋521ばんどうろ,手掛かり／共鳴戦／専用素材,重複捕獲なし,殿堂入り＋天候観測器＋共有捕獲フラグ確認,カントー固定イベントで捕獲,9・10・17・20ばんどうろ観測柱,固定シンボル／専用クエスト,原則1体・撃破時復活,殿堂入り＋天候観測器,主捕獲地方で1個体のみ捕獲。副地方は手掛かり・共鳴戦・素材報酬を担当し、共有捕獲フラグで重複個体を防止。,V2二地方生態版／541系統配置マスター＋特殊個体イベントマスター
643,レシラム,reshiram,5,ドラゴン／ほのお,330,伝説,yes,no,未収録・追加対象,新IDへ追加,スフィアいせき後,D・Hビル地下反応炉,固定シンボル／専用クエスト,―,二つのエネルギーセルを停止し、キュレムを含む三連イベント。合体器具も解禁。,全国研究図鑑へ登録（トーホク386完成条件には含めない）,NATIONAL_EXT_0643（新規16bit ID）,レシラム,レシラム,固定イベント追加,EVENT_T,D・Hビル地下反応炉,固定シンボル／専用クエスト,Lv.75,原則1体・撃破時復活,スフィアいせき後,EVENT_K,むじんはつでんしょ／シルフ動力室,手掛かり／共鳴戦／専用素材,イベント別,重複捕獲なし,スフィアいせき後＋主地方の捕獲フラグ共有,主地方で1個体だけ捕獲し、副地方では手掛かり・共鳴戦・専用素材を扱う。捕獲済みフラグは両地方で共有し、重複個体を与えない。,野生通常表には入れない,P2,トーホク固定イベントで捕獲,D・Hビル地下反応炉,固定シンボル／専用クエスト,原則1体・撃破時復活,スフィアいせき後,カントー側の手掛かり・共鳴イベント,むじんはつでんしょ／シルフ動力室,手掛かり／共鳴戦／専用素材,重複捕獲なし,スフィアいせき後＋共有捕獲フラグ確認,主捕獲地方で1個体のみ捕獲。副地方は手掛かり・共鳴戦・素材報酬を担当し、共有捕獲フラグで重複個体を防止。,V2二地方生態版／541系統配置マスター＋特殊個体イベントマスター
644,ゼクロム,zekrom,5,ドラゴン／でんき,331,伝説,yes,no,未収録・追加対象,新IDへ追加,スフィアいせき後,D・Hビル地下反応炉,固定シンボル／専用クエスト,―,二つのエネルギーセルを停止し、キュレムを含む三連イベント。合体器具も解禁。,全国研究図鑑へ登録（トーホク386完成条件には含めない）,NATIONAL_EXT_0644（新規16bit ID）,ゼクロム,ゼクロム,固定イベント追加,EVENT_T,D・Hビル地下反応炉,固定シンボル／専用クエスト,Lv.75,原則1体・撃破時復活,スフィアいせき後,EVENT_K,むじんはつでんしょ／シルフ動力室,手掛かり／共鳴戦／専用素材,イベント別,重複捕獲なし,スフィアいせき後＋主地方の捕獲フラグ共有,主地方で1個体だけ捕獲し、副地方では手掛かり・共鳴戦・専用素材を扱う。捕獲済みフラグは両地方で共有し、重複個体を与えない。,野生通常表には入れない,P2,トーホク固定イベントで捕獲,D・Hビル地下反応炉,固定シンボル／専用クエスト,原則1体・撃破時復活,スフィアいせき後,カントー側の手掛かり・共鳴イベント,むじんはつでんしょ／シルフ動力室,手掛かり／共鳴戦／専用素材,重複捕獲なし,スフィアいせき後＋共有捕獲フラグ確認,主捕獲地方で1個体のみ捕獲。副地方は手掛かり・共鳴戦・素材報酬を担当し、共有捕獲フラグで重複個体を防止。,V2二地方生態版／541系統配置マスター＋特殊個体イベントマスター
645,ランドロス,landorus,5,じめん／ひこう,332,伝説,yes,no,未収録・追加対象,新IDへ追加,殿堂入り＋天候観測器,各島＋521ばんどうろ,固定シンボル／専用クエスト,―,天候を切替えて固定戦。うつしかがみを同時入手。,全国研究図鑑へ登録（トーホク386完成条件には含めない）,NATIONAL_EXT_0645（新規16bit ID）,ランドロス,ランドロス,固定イベント追加,EVENT_T,三島＋521ばんどうろ,手掛かり／共鳴戦／専用素材,イベント別,重複捕獲なし,殿堂入り＋天候観測器＋主地方の捕獲フラグ共有,EVENT_K,9・10・17・20ばんどうろ観測柱,固定シンボル／専用クエスト,Lv.75,原則1体・撃破時復活,殿堂入り＋天候観測器,主地方で1個体だけ捕獲し、副地方では手掛かり・共鳴戦・専用素材を扱う。捕獲済みフラグは両地方で共有し、重複個体を与えない。,野生通常表には入れない,P2,トーホク側の手掛かり・共鳴イベント,三島＋521ばんどうろ,手掛かり／共鳴戦／専用素材,重複捕獲なし,殿堂入り＋天候観測器＋共有捕獲フラグ確認,カントー固定イベントで捕獲,9・10・17・20ばんどうろ観測柱,固定シンボル／専用クエスト,原則1体・撃破時復活,殿堂入り＋天候観測器,主捕獲地方で1個体のみ捕獲。副地方は手掛かり・共鳴戦・素材報酬を担当し、共有捕獲フラグで重複個体を防止。,V2二地方生態版／541系統配置マスター＋特殊個体イベントマスター
646,キュレム,kyurem,5,ドラゴン／こおり,333,伝説,yes,no,未収録・追加対象,新IDへ追加,スフィアいせき後,D・Hビル地下反応炉,固定シンボル／専用クエスト,―,二つのエネルギーセルを停止し、キュレムを含む三連イベント。合体器具も解禁。,全国研究図鑑へ登録（トーホク386完成条件には含めない）,NATIONAL_EXT_0646（新規16bit ID）,キュレム,キュレム,固定イベント追加,EVENT_T,D・Hビル地下反応炉,固定シンボル／専用クエスト,Lv.75,原則1体・撃破時復活,スフィアいせき後,EVENT_K,むじんはつでんしょ／シルフ動力室,手掛かり／共鳴戦／専用素材,イベント別,重複捕獲なし,スフィアいせき後＋主地方の捕獲フラグ共有,主地方で1個体だけ捕獲し、副地方では手掛かり・共鳴戦・専用素材を扱う。捕獲済みフラグは両地方で共有し、重複個体を与えない。,野生通常表には入れない,P2,トーホク固定イベントで捕獲,D・Hビル地下反応炉,固定シンボル／専用クエスト,原則1体・撃破時復活,スフィアいせき後,カントー側の手掛かり・共鳴イベント,むじんはつでんしょ／シルフ動力室,手掛かり／共鳴戦／専用素材,重複捕獲なし,スフィアいせき後＋共有捕獲フラグ確認,主捕獲地方で1個体のみ捕獲。副地方は手掛かり・共鳴戦・素材報酬を担当し、共有捕獲フラグで重複個体を防止。,V2二地方生態版／541系統配置マスター＋特殊個体イベントマスター
647,ケルディオ,keldeo,5,みず／かくとう,334,幻,no,yes,未収録・追加対象,新IDへ追加,聖剣3体登録,シオウ近海,固定シンボル／専用クエスト,―,水上のリングを巡るタイムアタック後に固定戦。,全国研究図鑑へ登録（トーホク386完成条件には含めない）,NATIONAL_EXT_0647（新規16bit ID）,ケルディオ,ケルディオ,固定イベント追加,EVENT_T,アーシア島の入江,手掛かり／共鳴戦／専用素材,イベント別,重複捕獲なし,聖剣3体登録＋主地方の捕獲フラグ共有,EVENT_K,25ばんどうろ岬,固定シンボル／専用クエスト,Lv.80,原則1体・撃破時復活,聖剣3体登録,主地方で1個体だけ捕獲し、副地方では手掛かり・共鳴戦・専用素材を扱う。捕獲済みフラグは両地方で共有し、重複個体を与えない。,野生通常表には入れない,P2,トーホク側の手掛かり・共鳴イベント,アーシア島の入江,手掛かり／共鳴戦／専用素材,重複捕獲なし,聖剣3体登録＋共有捕獲フラグ確認,カントー固定イベントで捕獲,25ばんどうろ岬,固定シンボル／専用クエスト,原則1体・撃破時復活,聖剣3体登録,主捕獲地方で1個体のみ捕獲。副地方は手掛かり・共鳴戦・素材報酬を担当し、共有捕獲フラグで重複個体を防止。,V2二地方生態版／541系統配置マスター＋特殊個体イベントマスター
648,メロエッタ,meloetta,5,ノーマル／エスパー,335,幻,no,yes,未収録・追加対象,新IDへ追加,殿堂入り＋音符アイテム4個,カラスバシティ劇場（既存建物NPC追加）,固定シンボル／専用クエスト,―,地方各地の演奏家から音符を集め、舞台で固定戦。,全国研究図鑑へ登録（トーホク386完成条件には含めない）,NATIONAL_EXT_0648（新規16bit ID）,メロエッタ,メロエッタ,固定イベント追加,EVENT_T,カラスバ劇場,手掛かり／共鳴戦／専用素材,イベント別,重複捕獲なし,殿堂入り＋音符アイテム4個＋主地方の捕獲フラグ共有,EVENT_K,シオン音楽堂,固定シンボル／専用クエスト,Lv.80,原則1体・撃破時復活,殿堂入り＋音符アイテム4個,主地方で1個体だけ捕獲し、副地方では手掛かり・共鳴戦・専用素材を扱う。捕獲済みフラグは両地方で共有し、重複個体を与えない。,野生通常表には入れない,P2,トーホク側の手掛かり・共鳴イベント,カラスバ劇場,手掛かり／共鳴戦／専用素材,重複捕獲なし,殿堂入り＋音符アイテム4個＋共有捕獲フラグ確認,カントー固定イベントで捕獲,シオン音楽堂,固定シンボル／専用クエスト,原則1体・撃破時復活,殿堂入り＋音符アイテム4個,主捕獲地方で1個体のみ捕獲。副地方は手掛かり・共鳴戦・素材報酬を担当し、共有捕獲フラグで重複個体を防止。,V2二地方生態版／541系統配置マスター＋特殊個体イベントマスター
649,ゲノセクト,genesect,5,むし／はがね,336,幻,no,yes,未収録・追加対象,新IDへ追加,殿堂入り＋研究ランク4,D・H異常生態区画,固定シンボル／専用クエスト,―,復元端末にカセット4種を登録して固定戦。,全国研究図鑑へ登録（トーホク386完成条件には含めない）,NATIONAL_EXT_0649（新規16bit ID）,ゲノセクト,ゲノセクト,固定イベント追加,EVENT_T,こおりのしま研究区,手掛かり／共鳴戦／専用素材,イベント別,重複捕獲なし,殿堂入り＋研究ランク4＋主地方の捕獲フラグ共有,EVENT_K,ふたごじま凍結研究室,固定シンボル／専用クエスト,Lv.80,原則1体・撃破時復活,殿堂入り＋研究ランク4,主地方で1個体だけ捕獲し、副地方では手掛かり・共鳴戦・専用素材を扱う。捕獲済みフラグは両地方で共有し、重複個体を与えない。,野生通常表には入れない,P2,トーホク側の手掛かり・共鳴イベント,こおりのしま研究区,手掛かり／共鳴戦／専用素材,重複捕獲なし,殿堂入り＋研究ランク4＋共有捕獲フラグ確認,カントー固定イベントで捕獲,ふたごじま凍結研究室,固定シンボル／専用クエスト,原則1体・撃破時復活,殿堂入り＋研究ランク4,主捕獲地方で1個体のみ捕獲。副地方は手掛かり・共鳴戦・素材報酬を担当し、共有捕獲フラグで重複個体を防止。,V2二地方生態版／541系統配置マスター＋特殊個体イベントマスター
650,ハリマロン,chespin,6,くさ,337,御三家,no,no,未収録・追加対象,新IDへ追加,殿堂入り＋全国研究開始,ハクジタウン研究所,地方研究依頼の報酬タマゴ,―,各世代の生態サンプルを3件提出。選択式にせず、依頼再受注で全系統入手可能。,全国研究図鑑へ登録（トーホク386完成条件には含めない）,NATIONAL_EXT_0650（新規16bit ID）,ハリマロン,ハリマロン → ハリボーグ → ブリガロン,地方研究タマゴ追加,T_LAB,ハクジタウン・ヒイラギ研究所,地域別研究依頼の報酬タマゴ,Lv.5,研究チケット1枚／系統選択・反復可,各世代の生態サンプルを3件提出。選択式にせず、依頼再受注で全系統入手可能。,K47,マサラタウン・オーキド研究所,オーキド研究所の生態交換タマゴ,Lv.5,カントー認定章2個ごとに1系統、最終的に全系統反復可,ベガ初回殿堂入り後。認定章数でエリアと中間進化枠を段階解禁。,御三家を野生化せず、両地方の研究所を巡る収集導線にする。,通常野生表には入れない,P2,ヒイラギ研究所の地方研究タマゴ,ハクジタウン・ヒイラギ研究所,選択式タマゴ配布,各系統1個／再取得は研究ポイント,各世代の生態サンプルを3件提出。選択式にせず、依頼再受注で全系統入手可能。,オーキド研究所の国際交換タマゴ,マサラタウン・オーキド研究所,選択式タマゴ配布,トーホクで未選択の系統を優先,ベガ初回殿堂入り後。認定章数でエリアと中間進化枠を段階解禁。,通常系統は両地方で基礎種を捕獲可能。トーホクは早期育成、カントーは高レベル・隠れ特性・タマゴ技探索を担当。,V2二地方生態版／541系統配置マスター＋特殊個体イベントマスター
651,ハリボーグ,quilladin,6,くさ,337,御三家,no,no,未収録・追加対象,新IDへ追加（進化入手）,殿堂入り＋全国研究開始,ハクジタウン研究所,進化,―,レベルアップ＋Lv.16以上（CFRU/DPEの対応トリガーを使用。通信・RTC必須にはしない）,全国研究図鑑へ登録（トーホク386完成条件には含めない）,NATIONAL_EXT_0651（新規16bit ID）,ハリマロン,ハリマロン → ハリボーグ → ブリガロン,地方研究タマゴ追加,T_LAB,ハクジタウン・ヒイラギ研究所,地域別研究依頼の報酬タマゴ,Lv.5,研究チケット1枚／系統選択・反復可,各世代の生態サンプルを3件提出。選択式にせず、依頼再受注で全系統入手可能。,K47,マサラタウン・オーキド研究所,オーキド研究所の生態交換タマゴ,Lv.5,カントー認定章2個ごとに1系統、最終的に全系統反復可,ベガ初回殿堂入り後。認定章数でエリアと中間進化枠を段階解禁。,御三家を野生化せず、両地方の研究所を巡る収集導線にする。,通常野生表には入れない,P2,ハリマロンを育成して進化,ハクジタウン・ヒイラギ研究所,進化,野生追加なし,各世代の生態サンプルを3件提出。選択式にせず、依頼再受注で全系統入手可能。,ハリマロンを育成して進化,マサラタウン・オーキド研究所,進化,野生追加なし,ベガ初回殿堂入り後。認定章数でエリアと中間進化枠を段階解禁。,通常系統は両地方で基礎種を捕獲可能。トーホクは早期育成、カントーは高レベル・隠れ特性・タマゴ技探索を担当。,V2二地方生態版／541系統配置マスター＋特殊個体イベントマスター
652,ブリガロン,chesnaught,6,くさ／かくとう,337,御三家,no,no,未収録・追加対象,新IDへ追加（進化入手）,殿堂入り＋全国研究開始,ハクジタウン研究所,進化,―,レベルアップ＋Lv.36以上（CFRU/DPEの対応トリガーを使用。通信・RTC必須にはしない）,全国研究図鑑へ登録（トーホク386完成条件には含めない）,NATIONAL_EXT_0652（新規16bit ID）,ハリマロン,ハリマロン → ハリボーグ → ブリガロン,地方研究タマゴ追加,T_LAB,ハクジタウン・ヒイラギ研究所,地域別研究依頼の報酬タマゴ,Lv.5,研究チケット1枚／系統選択・反復可,各世代の生態サンプルを3件提出。選択式にせず、依頼再受注で全系統入手可能。,K47,マサラタウン・オーキド研究所,オーキド研究所の生態交換タマゴ,Lv.5,カントー認定章2個ごとに1系統、最終的に全系統反復可,ベガ初回殿堂入り後。認定章数でエリアと中間進化枠を段階解禁。,御三家を野生化せず、両地方の研究所を巡る収集導線にする。,通常野生表には入れない,P2,ハリマロンを育成して進化,ハクジタウン・ヒイラギ研究所,進化,野生追加なし,各世代の生態サンプルを3件提出。選択式にせず、依頼再受注で全系統入手可能。,ハリマロンを育成して進化,マサラタウン・オーキド研究所,進化,野生追加なし,ベガ初回殿堂入り後。認定章数でエリアと中間進化枠を段階解禁。,通常系統は両地方で基礎種を捕獲可能。トーホクは早期育成、カントーは高レベル・隠れ特性・タマゴ技探索を担当。,V2二地方生態版／541系統配置マスター＋特殊個体イベントマスター
653,フォッコ,fennekin,6,ほのお,338,御三家,no,no,未収録・追加対象,新IDへ追加,殿堂入り＋全国研究開始,ハクジタウン研究所,地方研究依頼の報酬タマゴ,―,各世代の生態サンプルを3件提出。選択式にせず、依頼再受注で全系統入手可能。,全国研究図鑑へ登録（トーホク386完成条件には含めない）,NATIONAL_EXT_0653（新規16bit ID）,フォッコ,フォッコ → テールナー → マフォクシー,地方研究タマゴ追加,T_LAB,ハクジタウン・ヒイラギ研究所,地域別研究依頼の報酬タマゴ,Lv.5,研究チケット1枚／系統選択・反復可,各世代の生態サンプルを3件提出。選択式にせず、依頼再受注で全系統入手可能。,K47,マサラタウン・オーキド研究所,オーキド研究所の生態交換タマゴ,Lv.5,カントー認定章2個ごとに1系統、最終的に全系統反復可,ベガ初回殿堂入り後。認定章数でエリアと中間進化枠を段階解禁。,御三家を野生化せず、両地方の研究所を巡る収集導線にする。,通常野生表には入れない,P2,ヒイラギ研究所の地方研究タマゴ,ハクジタウン・ヒイラギ研究所,選択式タマゴ配布,各系統1個／再取得は研究ポイント,各世代の生態サンプルを3件提出。選択式にせず、依頼再受注で全系統入手可能。,オーキド研究所の国際交換タマゴ,マサラタウン・オーキド研究所,選択式タマゴ配布,トーホクで未選択の系統を優先,ベガ初回殿堂入り後。認定章数でエリアと中間進化枠を段階解禁。,通常系統は両地方で基礎種を捕獲可能。トーホクは早期育成、カントーは高レベル・隠れ特性・タマゴ技探索を担当。,V2二地方生態版／541系統配置マスター＋特殊個体イベントマスター
654,テールナー,braixen,6,ほのお,338,御三家,no,no,未収録・追加対象,新IDへ追加（進化入手）,殿堂入り＋全国研究開始,ハクジタウン研究所,進化,―,レベルアップ＋Lv.16以上（CFRU/DPEの対応トリガーを使用。通信・RTC必須にはしない）,全国研究図鑑へ登録（トーホク386完成条件には含めない）,NATIONAL_EXT_0654（新規16bit ID）,フォッコ,フォッコ → テールナー → マフォクシー,地方研究タマゴ追加,T_LAB,ハクジタウン・ヒイラギ研究所,地域別研究依頼の報酬タマゴ,Lv.5,研究チケット1枚／系統選択・反復可,各世代の生態サンプルを3件提出。選択式にせず、依頼再受注で全系統入手可能。,K47,マサラタウン・オーキド研究所,オーキド研究所の生態交換タマゴ,Lv.5,カントー認定章2個ごとに1系統、最終的に全系統反復可,ベガ初回殿堂入り後。認定章数でエリアと中間進化枠を段階解禁。,御三家を野生化せず、両地方の研究所を巡る収集導線にする。,通常野生表には入れない,P2,フォッコを育成して進化,ハクジタウン・ヒイラギ研究所,進化,野生追加なし,各世代の生態サンプルを3件提出。選択式にせず、依頼再受注で全系統入手可能。,フォッコを育成して進化,マサラタウン・オーキド研究所,進化,野生追加なし,ベガ初回殿堂入り後。認定章数でエリアと中間進化枠を段階解禁。,通常系統は両地方で基礎種を捕獲可能。トーホクは早期育成、カントーは高レベル・隠れ特性・タマゴ技探索を担当。,V2二地方生態版／541系統配置マスター＋特殊個体イベントマスター
655,マフォクシー,delphox,6,ほのお／エスパー,338,御三家,no,no,未収録・追加対象,新IDへ追加（進化入手）,殿堂入り＋全国研究開始,ハクジタウン研究所,進化,―,レベルアップ＋Lv.36以上（CFRU/DPEの対応トリガーを使用。通信・RTC必須にはしない）,全国研究図鑑へ登録（トーホク386完成条件には含めない）,NATIONAL_EXT_0655（新規16bit ID）,フォッコ,フォッコ → テールナー → マフォクシー,地方研究タマゴ追加,T_LAB,ハクジタウン・ヒイラギ研究所,地域別研究依頼の報酬タマゴ,Lv.5,研究チケット1枚／系統選択・反復可,各世代の生態サンプルを3件提出。選択式にせず、依頼再受注で全系統入手可能。,K47,マサラタウン・オーキド研究所,オーキド研究所の生態交換タマゴ,Lv.5,カントー認定章2個ごとに1系統、最終的に全系統反復可,ベガ初回殿堂入り後。認定章数でエリアと中間進化枠を段階解禁。,御三家を野生化せず、両地方の研究所を巡る収集導線にする。,通常野生表には入れない,P2,フォッコを育成して進化,ハクジタウン・ヒイラギ研究所,進化,野生追加なし,各世代の生態サンプルを3件提出。選択式にせず、依頼再受注で全系統入手可能。,フォッコを育成して進化,マサラタウン・オーキド研究所,進化,野生追加なし,ベガ初回殿堂入り後。認定章数でエリアと中間進化枠を段階解禁。,通常系統は両地方で基礎種を捕獲可能。トーホクは早期育成、カントーは高レベル・隠れ特性・タマゴ技探索を担当。,V2二地方生態版／541系統配置マスター＋特殊個体イベントマスター
656,ケロマツ,froakie,6,みず,339,御三家,no,no,未収録・追加対象,新IDへ追加,殿堂入り＋全国研究開始,ハクジタウン研究所,地方研究依頼の報酬タマゴ,―,各世代の生態サンプルを3件提出。選択式にせず、依頼再受注で全系統入手可能。,全国研究図鑑へ登録（トーホク386完成条件には含めない）,NATIONAL_EXT_0656（新規16bit ID）,ケロマツ,ケロマツ → ゲコガシラ → ゲッコウガ,地方研究タマゴ追加,T_LAB,ハクジタウン・ヒイラギ研究所,地域別研究依頼の報酬タマゴ,Lv.5,研究チケット1枚／系統選択・反復可,各世代の生態サンプルを3件提出。選択式にせず、依頼再受注で全系統入手可能。,K47,マサラタウン・オーキド研究所,オーキド研究所の生態交換タマゴ,Lv.5,カントー認定章2個ごとに1系統、最終的に全系統反復可,ベガ初回殿堂入り後。認定章数でエリアと中間進化枠を段階解禁。,御三家を野生化せず、両地方の研究所を巡る収集導線にする。,通常野生表には入れない,P2,ヒイラギ研究所の地方研究タマゴ,ハクジタウン・ヒイラギ研究所,選択式タマゴ配布,各系統1個／再取得は研究ポイント,各世代の生態サンプルを3件提出。選択式にせず、依頼再受注で全系統入手可能。,オーキド研究所の国際交換タマゴ,マサラタウン・オーキド研究所,選択式タマゴ配布,トーホクで未選択の系統を優先,ベガ初回殿堂入り後。認定章数でエリアと中間進化枠を段階解禁。,通常系統は両地方で基礎種を捕獲可能。トーホクは早期育成、カントーは高レベル・隠れ特性・タマゴ技探索を担当。,V2二地方生態版／541系統配置マスター＋特殊個体イベントマスター
657,ゲコガシラ,frogadier,6,みず,339,御三家,no,no,未収録・追加対象,新IDへ追加（進化入手）,殿堂入り＋全国研究開始,ハクジタウン研究所,進化,―,レベルアップ＋Lv.16以上（CFRU/DPEの対応トリガーを使用。通信・RTC必須にはしない）,全国研究図鑑へ登録（トーホク386完成条件には含めない）,NATIONAL_EXT_0657（新規16bit ID）,ケロマツ,ケロマツ → ゲコガシラ → ゲッコウガ,地方研究タマゴ追加,T_LAB,ハクジタウン・ヒイラギ研究所,地域別研究依頼の報酬タマゴ,Lv.5,研究チケット1枚／系統選択・反復可,各世代の生態サンプルを3件提出。選択式にせず、依頼再受注で全系統入手可能。,K47,マサラタウン・オーキド研究所,オーキド研究所の生態交換タマゴ,Lv.5,カントー認定章2個ごとに1系統、最終的に全系統反復可,ベガ初回殿堂入り後。認定章数でエリアと中間進化枠を段階解禁。,御三家を野生化せず、両地方の研究所を巡る収集導線にする。,通常野生表には入れない,P2,ケロマツを育成して進化,ハクジタウン・ヒイラギ研究所,進化,野生追加なし,各世代の生態サンプルを3件提出。選択式にせず、依頼再受注で全系統入手可能。,ケロマツを育成して進化,マサラタウン・オーキド研究所,進化,野生追加なし,ベガ初回殿堂入り後。認定章数でエリアと中間進化枠を段階解禁。,通常系統は両地方で基礎種を捕獲可能。トーホクは早期育成、カントーは高レベル・隠れ特性・タマゴ技探索を担当。,V2二地方生態版／541系統配置マスター＋特殊個体イベントマスター
658,ゲッコウガ,greninja,6,みず／あく,339,御三家,no,no,未収録・追加対象,新IDへ追加（進化入手）,殿堂入り＋全国研究開始,ハクジタウン研究所,進化,―,レベルアップ＋Lv.36以上（CFRU/DPEの対応トリガーを使用。通信・RTC必須にはしない）,全国研究図鑑へ登録（トーホク386完成条件には含めない）,NATIONAL_EXT_0658（新規16bit ID）,ケロマツ,ケロマツ → ゲコガシラ → ゲッコウガ,地方研究タマゴ追加,T_LAB,ハクジタウン・ヒイラギ研究所,地域別研究依頼の報酬タマゴ,Lv.5,研究チケット1枚／系統選択・反復可,各世代の生態サンプルを3件提出。選択式にせず、依頼再受注で全系統入手可能。,K47,マサラタウン・オーキド研究所,オーキド研究所の生態交換タマゴ,Lv.5,カントー認定章2個ごとに1系統、最終的に全系統反復可,ベガ初回殿堂入り後。認定章数でエリアと中間進化枠を段階解禁。,御三家を野生化せず、両地方の研究所を巡る収集導線にする。,通常野生表には入れない,P2,ケロマツを育成して進化,ハクジタウン・ヒイラギ研究所,進化,野生追加なし,各世代の生態サンプルを3件提出。選択式にせず、依頼再受注で全系統入手可能。,ケロマツを育成して進化,マサラタウン・オーキド研究所,進化,野生追加なし,ベガ初回殿堂入り後。認定章数でエリアと中間進化枠を段階解禁。,通常系統は両地方で基礎種を捕獲可能。トーホクは早期育成、カントーは高レベル・隠れ特性・タマゴ技探索を担当。,V2二地方生態版／541系統配置マスター＋特殊個体イベントマスター
659,ホルビー,bunnelby,6,ノーマル,340,通常生態,no,no,未収録・追加対象,新IDへ追加,殿堂入り後,サファリゾーン西,いわくだき,8～12%,主に基礎形のみ出現。中間・最終進化は原則として育成で入手。時間帯・天候は生態チケットで任意固定可能。,全国研究図鑑へ登録（トーホク386完成条件には含めない）,NATIONAL_EXT_0659（新規16bit ID）,ホルビー,ホルビー → ホルード,外来生態レイヤーへ追加,T501,501ばんどうろ／すいどう,大量発生,Lv.2～5,通常0%／発生中20～35%,本編必須フラグを変更せず、外来生態フラグ・時間帯・DexNav・大量発生で制御,K04,4ばんどうろ,草むらオーバーレイ,Lv.72～77,通常表8～15%,ベガ初回殿堂入り後。認定章数でエリアと中間進化枠を段階解禁。,トーホクは本編で使える低～中レベル基礎種、カントーは高レベル個体・中間進化・隠れ特性探索を担当。,ベガ既存11枠を上書きせず、CFRU側の条件付きオーバーレイ／DexNav／大量発生へ登録,P2,トーホク野生生態,501ばんどうろ／すいどう,大量発生,通常0%／発生中20～35%,本編必須フラグを変更せず、外来生態フラグ・時間帯・DexNav・大量発生で制御,カントー高レベル野生生態,4ばんどうろ,草むらオーバーレイ,通常表8～15%,ベガ初回殿堂入り後。認定章数でエリアと中間進化枠を段階解禁。,通常系統は両地方で基礎種を捕獲可能。トーホクは早期育成、カントーは高レベル・隠れ特性・タマゴ技探索を担当。,V2二地方生態版／541系統配置マスター＋特殊個体イベントマスター
660,ホルード,diggersby,6,ノーマル／じめん,340,通常生態,no,no,未収録・追加対象,新IDへ追加（進化入手）,殿堂入り後,サファリゾーン西,進化,―,レベルアップ＋Lv.20以上（CFRU/DPEの対応トリガーを使用。通信・RTC必須にはしない）,全国研究図鑑へ登録（トーホク386完成条件には含めない）,NATIONAL_EXT_0660（新規16bit ID）,ホルビー,ホルビー → ホルード,外来生態レイヤーへ追加,T501,501ばんどうろ／すいどう,大量発生,Lv.2～5,通常0%／発生中20～35%,本編必須フラグを変更せず、外来生態フラグ・時間帯・DexNav・大量発生で制御,K04,4ばんどうろ,草むらオーバーレイ,Lv.72～77,通常表8～15%,ベガ初回殿堂入り後。認定章数でエリアと中間進化枠を段階解禁。,トーホクは本編で使える低～中レベル基礎種、カントーは高レベル個体・中間進化・隠れ特性探索を担当。,ベガ既存11枠を上書きせず、CFRU側の条件付きオーバーレイ／DexNav／大量発生へ登録,P2,ホルビーをトーホクで捕獲して進化,501ばんどうろ／すいどう,進化／殿堂入り後DexNavで中間進化が稀に出現,通常野生は基礎種のみ,本編必須フラグを変更せず、外来生態フラグ・時間帯・DexNav・大量発生で制御,ホルビーをカントーで捕獲して進化,4ばんどうろ,進化／認定章6個以降は中間進化がDexNav希少枠,通常野生は基礎種中心,ベガ初回殿堂入り後。認定章数でエリアと中間進化枠を段階解禁。,通常系統は両地方で基礎種を捕獲可能。トーホクは早期育成、カントーは高レベル・隠れ特性・タマゴ技探索を担当。,V2二地方生態版／541系統配置マスター＋特殊個体イベントマスター
661,ヤヤコマ,fletchling,6,ノーマル／ひこう,341,通常生態,no,no,未収録・追加対象,新IDへ追加,殿堂入り後,510～513ばんどうろ,時間帯オーバーレイ,8～12%,主に基礎形のみ出現。中間・最終進化は原則として育成で入手。時間帯・天候は生態チケットで任意固定可能。,全国研究図鑑へ登録（トーホク386完成条件には含めない）,NATIONAL_EXT_0661（新規16bit ID）,ヤヤコマ,ヤヤコマ → ヒノヤコマ → ファイアロー,外来生態レイヤーへ追加,T501,501ばんどうろ／すいどう,草むらオーバーレイ,Lv.2～5,追加抽選3～6%,本編必須フラグを変更せず、外来生態フラグ・時間帯・DexNav・大量発生で制御,K01,1ばんどうろ,草むらオーバーレイ,Lv.68～72,通常表8～15%,ベガ初回殿堂入り後。認定章数でエリアと中間進化枠を段階解禁。,トーホクは本編で使える低～中レベル基礎種、カントーは高レベル個体・中間進化・隠れ特性探索を担当。,ベガ既存11枠を上書きせず、CFRU側の条件付きオーバーレイ／DexNav／大量発生へ登録,P2,トーホク野生生態,501ばんどうろ／すいどう,草むらオーバーレイ,追加抽選3～6%,本編必須フラグを変更せず、外来生態フラグ・時間帯・DexNav・大量発生で制御,カントー高レベル野生生態,1ばんどうろ,草むらオーバーレイ,通常表8～15%,ベガ初回殿堂入り後。認定章数でエリアと中間進化枠を段階解禁。,通常系統は両地方で基礎種を捕獲可能。トーホクは早期育成、カントーは高レベル・隠れ特性・タマゴ技探索を担当。,V2二地方生態版／541系統配置マスター＋特殊個体イベントマスター
662,ヒノヤコマ,fletchinder,6,ほのお／ひこう,341,通常生態,no,no,未収録・追加対象,新IDへ追加（進化入手）,殿堂入り後,510～513ばんどうろ,進化,―,レベルアップ＋Lv.17以上（CFRU/DPEの対応トリガーを使用。通信・RTC必須にはしない）,全国研究図鑑へ登録（トーホク386完成条件には含めない）,NATIONAL_EXT_0662（新規16bit ID）,ヤヤコマ,ヤヤコマ → ヒノヤコマ → ファイアロー,外来生態レイヤーへ追加,T501,501ばんどうろ／すいどう,草むらオーバーレイ,Lv.2～5,追加抽選3～6%,本編必須フラグを変更せず、外来生態フラグ・時間帯・DexNav・大量発生で制御,K01,1ばんどうろ,草むらオーバーレイ,Lv.68～72,通常表8～15%,ベガ初回殿堂入り後。認定章数でエリアと中間進化枠を段階解禁。,トーホクは本編で使える低～中レベル基礎種、カントーは高レベル個体・中間進化・隠れ特性探索を担当。,ベガ既存11枠を上書きせず、CFRU側の条件付きオーバーレイ／DexNav／大量発生へ登録,P2,ヤヤコマをトーホクで捕獲して進化,501ばんどうろ／すいどう,進化／殿堂入り後DexNavで中間進化が稀に出現,通常野生は基礎種のみ,本編必須フラグを変更せず、外来生態フラグ・時間帯・DexNav・大量発生で制御,ヤヤコマをカントーで捕獲して進化,1ばんどうろ,進化／認定章6個以降は中間進化がDexNav希少枠,通常野生は基礎種中心,ベガ初回殿堂入り後。認定章数でエリアと中間進化枠を段階解禁。,通常系統は両地方で基礎種を捕獲可能。トーホクは早期育成、カントーは高レベル・隠れ特性・タマゴ技探索を担当。,V2二地方生態版／541系統配置マスター＋特殊個体イベントマスター
663,ファイアロー,talonflame,6,ほのお／ひこう,341,通常生態,no,no,未収録・追加対象,新IDへ追加（進化入手）,殿堂入り後,510～513ばんどうろ,進化,―,レベルアップ＋Lv.35以上（CFRU/DPEの対応トリガーを使用。通信・RTC必須にはしない）,全国研究図鑑へ登録（トーホク386完成条件には含めない）,NATIONAL_EXT_0663（新規16bit ID）,ヤヤコマ,ヤヤコマ → ヒノヤコマ → ファイアロー,外来生態レイヤーへ追加,T501,501ばんどうろ／すいどう,草むらオーバーレイ,Lv.2～5,追加抽選3～6%,本編必須フラグを変更せず、外来生態フラグ・時間帯・DexNav・大量発生で制御,K01,1ばんどうろ,草むらオーバーレイ,Lv.68～72,通常表8～15%,ベガ初回殿堂入り後。認定章数でエリアと中間進化枠を段階解禁。,トーホクは本編で使える低～中レベル基礎種、カントーは高レベル個体・中間進化・隠れ特性探索を担当。,ベガ既存11枠を上書きせず、CFRU側の条件付きオーバーレイ／DexNav／大量発生へ登録,P2,ヤヤコマをトーホクで捕獲して進化,501ばんどうろ／すいどう,進化／殿堂入り後DexNavで中間進化が稀に出現,通常野生は基礎種のみ,本編必須フラグを変更せず、外来生態フラグ・時間帯・DexNav・大量発生で制御,ヤヤコマをカントーで捕獲して進化,1ばんどうろ,進化／認定章6個以降は中間進化がDexNav希少枠,通常野生は基礎種中心,ベガ初回殿堂入り後。認定章数でエリアと中間進化枠を段階解禁。,通常系統は両地方で基礎種を捕獲可能。トーホクは早期育成、カントーは高レベル・隠れ特性・タマゴ技探索を担当。,V2二地方生態版／541系統配置マスター＋特殊個体イベントマスター
664,コフキムシ,scatterbug,6,むし,342,通常生態,no,no,未収録・追加対象,新IDへ追加,バッジ5～6個,504～506ばんどうろ,ずつき,8～12%,主に基礎形のみ出現。中間・最終進化は原則として育成で入手。時間帯・天候は生態チケットで任意固定可能。,全国研究図鑑へ登録（トーホク386完成条件には含めない）,NATIONAL_EXT_0664（新規16bit ID）,コフキムシ,コフキムシ → コフーライ → ビビヨン,外来生態レイヤーへ追加,T505,505ばんどうろ／すいどう,草むらオーバーレイ,Lv.10～14,追加抽選3～6%,本編必須フラグを変更せず、外来生態フラグ・時間帯・DexNav・大量発生で制御,K24,24ばんどうろ,草むらオーバーレイ,Lv.74～79,通常表8～15%,ベガ初回殿堂入り後。認定章数でエリアと中間進化枠を段階解禁。,トーホクは本編で使える低～中レベル基礎種、カントーは高レベル個体・中間進化・隠れ特性探索を担当。,ベガ既存11枠を上書きせず、CFRU側の条件付きオーバーレイ／DexNav／大量発生へ登録,P1,トーホク野生生態,505ばんどうろ／すいどう,草むらオーバーレイ,追加抽選3～6%,本編必須フラグを変更せず、外来生態フラグ・時間帯・DexNav・大量発生で制御,カントー高レベル野生生態,24ばんどうろ,草むらオーバーレイ,通常表8～15%,ベガ初回殿堂入り後。認定章数でエリアと中間進化枠を段階解禁。,通常系統は両地方で基礎種を捕獲可能。トーホクは早期育成、カントーは高レベル・隠れ特性・タマゴ技探索を担当。,V2二地方生態版／541系統配置マスター＋特殊個体イベントマスター
665,コフーライ,spewpa,6,むし,342,通常生態,no,no,未収録・追加対象,新IDへ追加（進化入手）,バッジ5～6個,504～506ばんどうろ,進化,―,レベルアップ＋Lv.9以上（CFRU/DPEの対応トリガーを使用。通信・RTC必須にはしない）,全国研究図鑑へ登録（トーホク386完成条件には含めない）,NATIONAL_EXT_0665（新規16bit ID）,コフキムシ,コフキムシ → コフーライ → ビビヨン,外来生態レイヤーへ追加,T505,505ばんどうろ／すいどう,草むらオーバーレイ,Lv.10～14,追加抽選3～6%,本編必須フラグを変更せず、外来生態フラグ・時間帯・DexNav・大量発生で制御,K24,24ばんどうろ,草むらオーバーレイ,Lv.74～79,通常表8～15%,ベガ初回殿堂入り後。認定章数でエリアと中間進化枠を段階解禁。,トーホクは本編で使える低～中レベル基礎種、カントーは高レベル個体・中間進化・隠れ特性探索を担当。,ベガ既存11枠を上書きせず、CFRU側の条件付きオーバーレイ／DexNav／大量発生へ登録,P1,コフキムシをトーホクで捕獲して進化,505ばんどうろ／すいどう,進化／殿堂入り後DexNavで中間進化が稀に出現,通常野生は基礎種のみ,本編必須フラグを変更せず、外来生態フラグ・時間帯・DexNav・大量発生で制御,コフキムシをカントーで捕獲して進化,24ばんどうろ,進化／認定章6個以降は中間進化がDexNav希少枠,通常野生は基礎種中心,ベガ初回殿堂入り後。認定章数でエリアと中間進化枠を段階解禁。,通常系統は両地方で基礎種を捕獲可能。トーホクは早期育成、カントーは高レベル・隠れ特性・タマゴ技探索を担当。,V2二地方生態版／541系統配置マスター＋特殊個体イベントマスター
666,ビビヨン,vivillon,6,むし／ひこう,342,通常生態,no,no,未収録・追加対象,新IDへ追加（進化入手）,バッジ5～6個,504～506ばんどうろ,進化,―,レベルアップ＋Lv.12以上（CFRU/DPEの対応トリガーを使用。通信・RTC必須にはしない）,全国研究図鑑へ登録（トーホク386完成条件には含めない）,NATIONAL_EXT_0666（新規16bit ID）,コフキムシ,コフキムシ → コフーライ → ビビヨン,外来生態レイヤーへ追加,T505,505ばんどうろ／すいどう,草むらオーバーレイ,Lv.10～14,追加抽選3～6%,本編必須フラグを変更せず、外来生態フラグ・時間帯・DexNav・大量発生で制御,K24,24ばんどうろ,草むらオーバーレイ,Lv.74～79,通常表8～15%,ベガ初回殿堂入り後。認定章数でエリアと中間進化枠を段階解禁。,トーホクは本編で使える低～中レベル基礎種、カントーは高レベル個体・中間進化・隠れ特性探索を担当。,ベガ既存11枠を上書きせず、CFRU側の条件付きオーバーレイ／DexNav／大量発生へ登録,P1,コフキムシをトーホクで捕獲して進化,505ばんどうろ／すいどう,進化／殿堂入り後DexNavで中間進化が稀に出現,通常野生は基礎種のみ,本編必須フラグを変更せず、外来生態フラグ・時間帯・DexNav・大量発生で制御,コフキムシをカントーで捕獲して進化,24ばんどうろ,進化／認定章6個以降は中間進化がDexNav希少枠,通常野生は基礎種中心,ベガ初回殿堂入り後。認定章数でエリアと中間進化枠を段階解禁。,通常系統は両地方で基礎種を捕獲可能。トーホクは早期育成、カントーは高レベル・隠れ特性・タマゴ技探索を担当。,V2二地方生態版／541系統配置マスター＋特殊個体イベントマスター
667,シシコ,litleo,6,ほのお／ノーマル,343,通常生態,no,no,未収録・追加対象,新IDへ追加,殿堂入り後,ひのしま,草むらオーバーレイ,8～12%,主に基礎形のみ出現。中間・最終進化は原則として育成で入手。時間帯・天候は生態チケットで任意固定可能。,全国研究図鑑へ登録（トーホク386完成条件には含めない）,NATIONAL_EXT_0667（新規16bit ID）,シシコ,シシコ → カエンジシ,外来生態レイヤーへ追加,T503,503ばんどうろ／すいどう,草むらオーバーレイ,Lv.5～9,追加抽選3～6%,本編必須フラグを変更せず、外来生態フラグ・時間帯・DexNav・大量発生で制御,K17,17ばんどうろ,草むらオーバーレイ,Lv.83～89,通常表8～15%,ベガ初回殿堂入り後。認定章数でエリアと中間進化枠を段階解禁。,トーホクは本編で使える低～中レベル基礎種、カントーは高レベル個体・中間進化・隠れ特性探索を担当。,ベガ既存11枠を上書きせず、CFRU側の条件付きオーバーレイ／DexNav／大量発生へ登録,P2,トーホク野生生態,503ばんどうろ／すいどう,草むらオーバーレイ,追加抽選3～6%,本編必須フラグを変更せず、外来生態フラグ・時間帯・DexNav・大量発生で制御,カントー高レベル野生生態,17ばんどうろ,草むらオーバーレイ,通常表8～15%,ベガ初回殿堂入り後。認定章数でエリアと中間進化枠を段階解禁。,通常系統は両地方で基礎種を捕獲可能。トーホクは早期育成、カントーは高レベル・隠れ特性・タマゴ技探索を担当。,V2二地方生態版／541系統配置マスター＋特殊個体イベントマスター
668,カエンジシ,pyroar,6,ほのお／ノーマル,343,通常生態,no,no,未収録・追加対象,新IDへ追加（進化入手）,殿堂入り後,ひのしま,進化,―,レベルアップ＋Lv.35以上（CFRU/DPEの対応トリガーを使用。通信・RTC必須にはしない）,全国研究図鑑へ登録（トーホク386完成条件には含めない）,NATIONAL_EXT_0668（新規16bit ID）,シシコ,シシコ → カエンジシ,外来生態レイヤーへ追加,T503,503ばんどうろ／すいどう,草むらオーバーレイ,Lv.5～9,追加抽選3～6%,本編必須フラグを変更せず、外来生態フラグ・時間帯・DexNav・大量発生で制御,K17,17ばんどうろ,草むらオーバーレイ,Lv.83～89,通常表8～15%,ベガ初回殿堂入り後。認定章数でエリアと中間進化枠を段階解禁。,トーホクは本編で使える低～中レベル基礎種、カントーは高レベル個体・中間進化・隠れ特性探索を担当。,ベガ既存11枠を上書きせず、CFRU側の条件付きオーバーレイ／DexNav／大量発生へ登録,P2,シシコをトーホクで捕獲して進化,503ばんどうろ／すいどう,進化／殿堂入り後DexNavで中間進化が稀に出現,通常野生は基礎種のみ,本編必須フラグを変更せず、外来生態フラグ・時間帯・DexNav・大量発生で制御,シシコをカントーで捕獲して進化,17ばんどうろ,進化／認定章6個以降は中間進化がDexNav希少枠,通常野生は基礎種中心,ベガ初回殿堂入り後。認定章数でエリアと中間進化枠を段階解禁。,通常系統は両地方で基礎種を捕獲可能。トーホクは早期育成、カントーは高レベル・隠れ特性・タマゴ技探索を担当。,V2二地方生態版／541系統配置マスター＋特殊個体イベントマスター
669,フラベベ,flabebe,6,フェアリー,344,通常生態,no,no,未収録・追加対象,新IDへ追加,殿堂入り後,ときのようかん,大量発生,発生中20～40%,主に基礎形のみ出現。中間・最終進化は原則として育成で入手。時間帯・天候は生態チケットで任意固定可能。,全国研究図鑑へ登録（トーホク386完成条件には含めない）,NATIONAL_EXT_0669（新規16bit ID）,フラベベ,フラベベ → フラエッテ → フラージェス,外来生態レイヤーへ追加,T026,ハクジのもり,草むらオーバーレイ,Lv.38～48／殿堂入り後Lv.50～65,追加抽選3～6%,本編必須フラグを変更せず、外来生態フラグ・時間帯・DexNav・大量発生で制御,K33,タマムシ温室,草むらオーバーレイ,Lv.82～90,通常表8～15%,ベガ初回殿堂入り後。認定章数でエリアと中間進化枠を段階解禁。,トーホクは本編で使える低～中レベル基礎種、カントーは高レベル個体・中間進化・隠れ特性探索を担当。,ベガ既存11枠を上書きせず、CFRU側の条件付きオーバーレイ／DexNav／大量発生へ登録,P2,トーホク野生生態,ハクジのもり,草むらオーバーレイ,追加抽選3～6%,本編必須フラグを変更せず、外来生態フラグ・時間帯・DexNav・大量発生で制御,カントー高レベル野生生態,タマムシ温室,草むらオーバーレイ,通常表8～15%,ベガ初回殿堂入り後。認定章数でエリアと中間進化枠を段階解禁。,通常系統は両地方で基礎種を捕獲可能。トーホクは早期育成、カントーは高レベル・隠れ特性・タマゴ技探索を担当。,V2二地方生態版／541系統配置マスター＋特殊個体イベントマスター
670,フラエッテ,floette,6,フェアリー,344,通常生態,no,no,未収録・追加対象,新IDへ追加（進化入手）,殿堂入り後,ときのようかん,進化,―,レベルアップ＋Lv.19以上（CFRU/DPEの対応トリガーを使用。通信・RTC必須にはしない）,全国研究図鑑へ登録（トーホク386完成条件には含めない）,NATIONAL_EXT_0670（新規16bit ID）,フラベベ,フラベベ → フラエッテ → フラージェス,外来生態レイヤーへ追加,T026,ハクジのもり,草むらオーバーレイ,Lv.38～48／殿堂入り後Lv.50～65,追加抽選3～6%,本編必須フラグを変更せず、外来生態フラグ・時間帯・DexNav・大量発生で制御,K33,タマムシ温室,草むらオーバーレイ,Lv.82～90,通常表8～15%,ベガ初回殿堂入り後。認定章数でエリアと中間進化枠を段階解禁。,トーホクは本編で使える低～中レベル基礎種、カントーは高レベル個体・中間進化・隠れ特性探索を担当。,ベガ既存11枠を上書きせず、CFRU側の条件付きオーバーレイ／DexNav／大量発生へ登録,P2,フラベベをトーホクで捕獲して進化,ハクジのもり,進化／殿堂入り後DexNavで中間進化が稀に出現,通常野生は基礎種のみ,本編必須フラグを変更せず、外来生態フラグ・時間帯・DexNav・大量発生で制御,フラベベをカントーで捕獲して進化,タマムシ温室,進化／認定章6個以降は中間進化がDexNav希少枠,通常野生は基礎種中心,ベガ初回殿堂入り後。認定章数でエリアと中間進化枠を段階解禁。,通常系統は両地方で基礎種を捕獲可能。トーホクは早期育成、カントーは高レベル・隠れ特性・タマゴ技探索を担当。,V2二地方生態版／541系統配置マスター＋特殊個体イベントマスター
671,フラージェス,florges,6,フェアリー,344,通常生態,no,no,未収録・追加対象,新IDへ追加（進化入手）,殿堂入り後,ときのようかん,進化,―,道具使用＋ひかりのいしを使う（CFRU/DPEの対応トリガーを使用。通信・RTC必須にはしない）,全国研究図鑑へ登録（トーホク386完成条件には含めない）,NATIONAL_EXT_0671（新規16bit ID）,フラベベ,フラベベ → フラエッテ → フラージェス,外来生態レイヤーへ追加,T026,ハクジのもり,草むらオーバーレイ,Lv.38～48／殿堂入り後Lv.50～65,追加抽選3～6%,本編必須フラグを変更せず、外来生態フラグ・時間帯・DexNav・大量発生で制御,K33,タマムシ温室,草むらオーバーレイ,Lv.82～90,通常表8～15%,ベガ初回殿堂入り後。認定章数でエリアと中間進化枠を段階解禁。,トーホクは本編で使える低～中レベル基礎種、カントーは高レベル個体・中間進化・隠れ特性探索を担当。,ベガ既存11枠を上書きせず、CFRU側の条件付きオーバーレイ／DexNav／大量発生へ登録,P2,フラベベをトーホクで捕獲して進化,ハクジのもり,進化／殿堂入り後DexNavで中間進化が稀に出現,通常野生は基礎種のみ,本編必須フラグを変更せず、外来生態フラグ・時間帯・DexNav・大量発生で制御,フラベベをカントーで捕獲して進化,タマムシ温室,進化／認定章6個以降は中間進化がDexNav希少枠,通常野生は基礎種中心,ベガ初回殿堂入り後。認定章数でエリアと中間進化枠を段階解禁。,通常系統は両地方で基礎種を捕獲可能。トーホクは早期育成、カントーは高レベル・隠れ特性・タマゴ技探索を担当。,V2二地方生態版／541系統配置マスター＋特殊個体イベントマスター
672,メェークル,skiddo,6,くさ,345,通常生態,no,no,未収録・追加対象,新IDへ追加,殿堂入り後,サファリゾーン東,ずつき,8～12%,主に基礎形のみ出現。中間・最終進化は原則として育成で入手。時間帯・天候は生態チケットで任意固定可能。,全国研究図鑑へ登録（トーホク386完成条件には含めない）,NATIONAL_EXT_0672（新規16bit ID）,メェークル,メェークル → ゴーゴート,外来生態レイヤーへ追加,T517,517ばんどうろ／すいどう,草むらオーバーレイ,Lv.38～45,追加抽選3～6%,本編必須フラグを変更せず、外来生態フラグ・時間帯・DexNav・大量発生で制御,K26,トキワのもり,ずつき／朝昼オーバーレイ,Lv.70～76,通常表8～15%,ベガ初回殿堂入り後。認定章数でエリアと中間進化枠を段階解禁。,トーホクは本編で使える低～中レベル基礎種、カントーは高レベル個体・中間進化・隠れ特性探索を担当。,ベガ既存11枠を上書きせず、CFRU側の条件付きオーバーレイ／DexNav／大量発生へ登録,P2,トーホク野生生態,517ばんどうろ／すいどう,草むらオーバーレイ,追加抽選3～6%,本編必須フラグを変更せず、外来生態フラグ・時間帯・DexNav・大量発生で制御,カントー高レベル野生生態,トキワのもり,ずつき／朝昼オーバーレイ,通常表8～15%,ベガ初回殿堂入り後。認定章数でエリアと中間進化枠を段階解禁。,通常系統は両地方で基礎種を捕獲可能。トーホクは早期育成、カントーは高レベル・隠れ特性・タマゴ技探索を担当。,V2二地方生態版／541系統配置マスター＋特殊個体イベントマスター
673,ゴーゴート,gogoat,6,くさ,345,通常生態,no,no,未収録・追加対象,新IDへ追加（進化入手）,殿堂入り後,サファリゾーン東,進化,―,レベルアップ＋Lv.32以上（CFRU/DPEの対応トリガーを使用。通信・RTC必須にはしない）,全国研究図鑑へ登録（トーホク386完成条件には含めない）,NATIONAL_EXT_0673（新規16bit ID）,メェークル,メェークル → ゴーゴート,外来生態レイヤーへ追加,T517,517ばんどうろ／すいどう,草むらオーバーレイ,Lv.38～45,追加抽選3～6%,本編必須フラグを変更せず、外来生態フラグ・時間帯・DexNav・大量発生で制御,K26,トキワのもり,ずつき／朝昼オーバーレイ,Lv.70～76,通常表8～15%,ベガ初回殿堂入り後。認定章数でエリアと中間進化枠を段階解禁。,トーホクは本編で使える低～中レベル基礎種、カントーは高レベル個体・中間進化・隠れ特性探索を担当。,ベガ既存11枠を上書きせず、CFRU側の条件付きオーバーレイ／DexNav／大量発生へ登録,P2,メェークルをトーホクで捕獲して進化,517ばんどうろ／すいどう,進化／殿堂入り後DexNavで中間進化が稀に出現,通常野生は基礎種のみ,本編必須フラグを変更せず、外来生態フラグ・時間帯・DexNav・大量発生で制御,メェークルをカントーで捕獲して進化,トキワのもり,進化／認定章6個以降は中間進化がDexNav希少枠,通常野生は基礎種中心,ベガ初回殿堂入り後。認定章数でエリアと中間進化枠を段階解禁。,通常系統は両地方で基礎種を捕獲可能。トーホクは早期育成、カントーは高レベル・隠れ特性・タマゴ技探索を担当。,V2二地方生態版／541系統配置マスター＋特殊個体イベントマスター
674,ヤンチャム,pancham,6,かくとう,346,通常生態,no,no,未収録・追加対象,新IDへ追加,バッジ5～6個,D・Hビル／D・Hだんアジト,屋内オーバーレイ,8～12%,主に基礎形のみ出現。中間・最終進化は原則として育成で入手。時間帯・天候は生態チケットで任意固定可能。,全国研究図鑑へ登録（トーホク386完成条件には含めない）,NATIONAL_EXT_0674（新規16bit ID）,ヤンチャム,ヤンチャム → ゴロンダ,外来生態レイヤーへ追加,T032,ダークタワー,夜間オーバーレイ,Lv.44～54／殿堂入り後Lv.60～75,追加抽選3～6%,本編必須フラグを変更せず、外来生態フラグ・時間帯・DexNav・大量発生で制御,K07,7ばんどうろ,夜間オーバーレイ,Lv.78～83,夜間8～12%,ベガ初回殿堂入り後。認定章数でエリアと中間進化枠を段階解禁。,トーホクは本編で使える低～中レベル基礎種、カントーは高レベル個体・中間進化・隠れ特性探索を担当。,ベガ既存11枠を上書きせず、CFRU側の条件付きオーバーレイ／DexNav／大量発生へ登録,P1,トーホク野生生態,ダークタワー,夜間オーバーレイ,追加抽選3～6%,本編必須フラグを変更せず、外来生態フラグ・時間帯・DexNav・大量発生で制御,カントー高レベル野生生態,7ばんどうろ,夜間オーバーレイ,夜間8～12%,ベガ初回殿堂入り後。認定章数でエリアと中間進化枠を段階解禁。,通常系統は両地方で基礎種を捕獲可能。トーホクは早期育成、カントーは高レベル・隠れ特性・タマゴ技探索を担当。,V2二地方生態版／541系統配置マスター＋特殊個体イベントマスター
675,ゴロンダ,pangoro,6,かくとう／あく,346,通常生態,no,no,未収録・追加対象,新IDへ追加（進化入手）,バッジ5～6個,D・Hビル／D・Hだんアジト,進化,―,レベルアップ＋Lv.32以上＋手持ちにあくタイプ（CFRU/DPEの対応トリガーを使用。通信・RTC必須にはしない）,全国研究図鑑へ登録（トーホク386完成条件には含めない）,NATIONAL_EXT_0675（新規16bit ID）,ヤンチャム,ヤンチャム → ゴロンダ,外来生態レイヤーへ追加,T032,ダークタワー,夜間オーバーレイ,Lv.44～54／殿堂入り後Lv.60～75,追加抽選3～6%,本編必須フラグを変更せず、外来生態フラグ・時間帯・DexNav・大量発生で制御,K07,7ばんどうろ,夜間オーバーレイ,Lv.78～83,夜間8～12%,ベガ初回殿堂入り後。認定章数でエリアと中間進化枠を段階解禁。,トーホクは本編で使える低～中レベル基礎種、カントーは高レベル個体・中間進化・隠れ特性探索を担当。,ベガ既存11枠を上書きせず、CFRU側の条件付きオーバーレイ／DexNav／大量発生へ登録,P1,ヤンチャムをトーホクで捕獲して進化,ダークタワー,進化／殿堂入り後DexNavで中間進化が稀に出現,通常野生は基礎種のみ,本編必須フラグを変更せず、外来生態フラグ・時間帯・DexNav・大量発生で制御,ヤンチャムをカントーで捕獲して進化,7ばんどうろ,進化／認定章6個以降は中間進化がDexNav希少枠,通常野生は基礎種中心,ベガ初回殿堂入り後。認定章数でエリアと中間進化枠を段階解禁。,通常系統は両地方で基礎種を捕獲可能。トーホクは早期育成、カントーは高レベル・隠れ特性・タマゴ技探索を担当。,V2二地方生態版／541系統配置マスター＋特殊個体イベントマスター
676,トリミアン,furfrou,6,ノーマル,347,通常生態,no,no,未収録・追加対象,新IDへ追加,バッジ1～2個,502ばんどうろ,時間帯オーバーレイ,8～12%,主に基礎形のみ出現。中間・最終進化は原則として育成で入手。時間帯・天候は生態チケットで任意固定可能。,全国研究図鑑へ登録（トーホク386完成条件には含めない）,NATIONAL_EXT_0676（新規16bit ID）,トリミアン,トリミアン,外来生態レイヤーへ追加,T519,519ばんどうろ／すいどう,草むらオーバーレイ,Lv.41～48,追加抽選3～6%,本編必須フラグを変更せず、外来生態フラグ・時間帯・DexNav・大量発生で制御,K16,16ばんどうろ,草むらオーバーレイ,Lv.81～86,通常表8～15%,ベガ初回殿堂入り後。認定章数でエリアと中間進化枠を段階解禁。,トーホクは本編で使える低～中レベル基礎種、カントーは高レベル個体・中間進化・隠れ特性探索を担当。,ベガ既存11枠を上書きせず、CFRU側の条件付きオーバーレイ／DexNav／大量発生へ登録,P1,トーホク野生生態,519ばんどうろ／すいどう,草むらオーバーレイ,追加抽選3～6%,本編必須フラグを変更せず、外来生態フラグ・時間帯・DexNav・大量発生で制御,カントー高レベル野生生態,16ばんどうろ,草むらオーバーレイ,通常表8～15%,ベガ初回殿堂入り後。認定章数でエリアと中間進化枠を段階解禁。,通常系統は両地方で基礎種を捕獲可能。トーホクは早期育成、カントーは高レベル・隠れ特性・タマゴ技探索を担当。,V2二地方生態版／541系統配置マスター＋特殊個体イベントマスター
677,ニャスパー,espurr,6,エスパー,348,通常生態,no,no,未収録・追加対象,新IDへ追加,殿堂入り後,スフィアいせき,草むらオーバーレイ,8～12%,主に基礎形のみ出現。中間・最終進化は原則として育成で入手。時間帯・天候は生態チケットで任意固定可能。,全国研究図鑑へ登録（トーホク386完成条件には含めない）,NATIONAL_EXT_0677（新規16bit ID）,ニャスパー,ニャスパー → ニャオニクス,外来生態レイヤーへ追加,T025,こころのやかた,洞窟・屋内オーバーレイ,Lv.8～13／殿堂入り後Lv.45～48,追加抽選3～6%,本編必須フラグを変更せず、外来生態フラグ・時間帯・DexNav・大量発生で制御,K05,5ばんどうろ,草むらオーバーレイ,Lv.74～79,通常表8～15%,ベガ初回殿堂入り後。認定章数でエリアと中間進化枠を段階解禁。,トーホクは本編で使える低～中レベル基礎種、カントーは高レベル個体・中間進化・隠れ特性探索を担当。,ベガ既存11枠を上書きせず、CFRU側の条件付きオーバーレイ／DexNav／大量発生へ登録,P2,トーホク野生生態,こころのやかた,洞窟・屋内オーバーレイ,追加抽選3～6%,本編必須フラグを変更せず、外来生態フラグ・時間帯・DexNav・大量発生で制御,カントー高レベル野生生態,5ばんどうろ,草むらオーバーレイ,通常表8～15%,ベガ初回殿堂入り後。認定章数でエリアと中間進化枠を段階解禁。,通常系統は両地方で基礎種を捕獲可能。トーホクは早期育成、カントーは高レベル・隠れ特性・タマゴ技探索を担当。,V2二地方生態版／541系統配置マスター＋特殊個体イベントマスター
678,ニャオニクス,meowstic,6,エスパー,348,通常生態,no,no,未収録・追加対象,新IDへ追加（進化入手）,殿堂入り後,スフィアいせき,進化,―,レベルアップ＋Lv.25以上（CFRU/DPEの対応トリガーを使用。通信・RTC必須にはしない）,全国研究図鑑へ登録（トーホク386完成条件には含めない）,NATIONAL_EXT_0678（新規16bit ID）,ニャスパー,ニャスパー → ニャオニクス,外来生態レイヤーへ追加,T025,こころのやかた,洞窟・屋内オーバーレイ,Lv.8～13／殿堂入り後Lv.45～48,追加抽選3～6%,本編必須フラグを変更せず、外来生態フラグ・時間帯・DexNav・大量発生で制御,K05,5ばんどうろ,草むらオーバーレイ,Lv.74～79,通常表8～15%,ベガ初回殿堂入り後。認定章数でエリアと中間進化枠を段階解禁。,トーホクは本編で使える低～中レベル基礎種、カントーは高レベル個体・中間進化・隠れ特性探索を担当。,ベガ既存11枠を上書きせず、CFRU側の条件付きオーバーレイ／DexNav／大量発生へ登録,P2,ニャスパーをトーホクで捕獲して進化,こころのやかた,進化／殿堂入り後DexNavで中間進化が稀に出現,通常野生は基礎種のみ,本編必須フラグを変更せず、外来生態フラグ・時間帯・DexNav・大量発生で制御,ニャスパーをカントーで捕獲して進化,5ばんどうろ,進化／認定章6個以降は中間進化がDexNav希少枠,通常野生は基礎種中心,ベガ初回殿堂入り後。認定章数でエリアと中間進化枠を段階解禁。,通常系統は両地方で基礎種を捕獲可能。トーホクは早期育成、カントーは高レベル・隠れ特性・タマゴ技探索を担当。,V2二地方生態版／541系統配置マスター＋特殊個体イベントマスター
679,ヒトツキ,honedge,6,はがね／ゴースト,349,通常生態,no,no,未収録・追加対象,新IDへ追加,バッジ7～8個,ダークタワー,図鑑ナビ隠し枠,通常表0%／ナビ検索時1～5%,主に基礎形のみ出現。中間・最終進化は原則として育成で入手。時間帯・天候は生態チケットで任意固定可能。,全国研究図鑑へ登録（トーホク386完成条件には含めない）,NATIONAL_EXT_0679（新規16bit ID）,ヒトツキ,ヒトツキ → ニダンギル → ギルガルド,外来生態レイヤーへ追加,T032,ダークタワー,夜間オーバーレイ,Lv.44～54／殿堂入り後Lv.60～75,追加抽選3～6%,本編必須フラグを変更せず、外来生態フラグ・時間帯・DexNav・大量発生で制御,K42,チャンピオンロード,いわくだき／DexNav,Lv.94～100,通常0%／DexNav 2～5%,ベガ初回殿堂入り後。認定章数でエリアと中間進化枠を段階解禁。,トーホクは本編で使える低～中レベル基礎種、カントーは高レベル個体・中間進化・隠れ特性探索を担当。,ベガ既存11枠を上書きせず、CFRU側の条件付きオーバーレイ／DexNav／大量発生へ登録,P1,トーホク野生生態,ダークタワー,夜間オーバーレイ,追加抽選3～6%,本編必須フラグを変更せず、外来生態フラグ・時間帯・DexNav・大量発生で制御,カントー高レベル野生生態,チャンピオンロード,いわくだき／DexNav,通常0%／DexNav 2～5%,ベガ初回殿堂入り後。認定章数でエリアと中間進化枠を段階解禁。,通常系統は両地方で基礎種を捕獲可能。トーホクは早期育成、カントーは高レベル・隠れ特性・タマゴ技探索を担当。,V2二地方生態版／541系統配置マスター＋特殊個体イベントマスター
680,ニダンギル,doublade,6,はがね／ゴースト,349,通常生態,no,no,未収録・追加対象,新IDへ追加（進化入手）,バッジ7～8個,ダークタワー,進化,―,レベルアップ＋Lv.35以上（CFRU/DPEの対応トリガーを使用。通信・RTC必須にはしない）,全国研究図鑑へ登録（トーホク386完成条件には含めない）,NATIONAL_EXT_0680（新規16bit ID）,ヒトツキ,ヒトツキ → ニダンギル → ギルガルド,外来生態レイヤーへ追加,T032,ダークタワー,夜間オーバーレイ,Lv.44～54／殿堂入り後Lv.60～75,追加抽選3～6%,本編必須フラグを変更せず、外来生態フラグ・時間帯・DexNav・大量発生で制御,K42,チャンピオンロード,いわくだき／DexNav,Lv.94～100,通常0%／DexNav 2～5%,ベガ初回殿堂入り後。認定章数でエリアと中間進化枠を段階解禁。,トーホクは本編で使える低～中レベル基礎種、カントーは高レベル個体・中間進化・隠れ特性探索を担当。,ベガ既存11枠を上書きせず、CFRU側の条件付きオーバーレイ／DexNav／大量発生へ登録,P1,ヒトツキをトーホクで捕獲して進化,ダークタワー,進化／殿堂入り後DexNavで中間進化が稀に出現,通常野生は基礎種のみ,本編必須フラグを変更せず、外来生態フラグ・時間帯・DexNav・大量発生で制御,ヒトツキをカントーで捕獲して進化,チャンピオンロード,進化／認定章6個以降は中間進化がDexNav希少枠,通常野生は基礎種中心,ベガ初回殿堂入り後。認定章数でエリアと中間進化枠を段階解禁。,通常系統は両地方で基礎種を捕獲可能。トーホクは早期育成、カントーは高レベル・隠れ特性・タマゴ技探索を担当。,V2二地方生態版／541系統配置マスター＋特殊個体イベントマスター
681,ギルガルド,aegislash,6,はがね／ゴースト,349,通常生態,no,no,未収録・追加対象,新IDへ追加（進化入手）,バッジ7～8個,ダークタワー,進化,―,道具使用＋やみのいしを使う（CFRU/DPEの対応トリガーを使用。通信・RTC必須にはしない）,全国研究図鑑へ登録（トーホク386完成条件には含めない）,NATIONAL_EXT_0681（新規16bit ID）,ヒトツキ,ヒトツキ → ニダンギル → ギルガルド,外来生態レイヤーへ追加,T032,ダークタワー,夜間オーバーレイ,Lv.44～54／殿堂入り後Lv.60～75,追加抽選3～6%,本編必須フラグを変更せず、外来生態フラグ・時間帯・DexNav・大量発生で制御,K42,チャンピオンロード,いわくだき／DexNav,Lv.94～100,通常0%／DexNav 2～5%,ベガ初回殿堂入り後。認定章数でエリアと中間進化枠を段階解禁。,トーホクは本編で使える低～中レベル基礎種、カントーは高レベル個体・中間進化・隠れ特性探索を担当。,ベガ既存11枠を上書きせず、CFRU側の条件付きオーバーレイ／DexNav／大量発生へ登録,P1,ヒトツキをトーホクで捕獲して進化,ダークタワー,進化／殿堂入り後DexNavで中間進化が稀に出現,通常野生は基礎種のみ,本編必須フラグを変更せず、外来生態フラグ・時間帯・DexNav・大量発生で制御,ヒトツキをカントーで捕獲して進化,チャンピオンロード,進化／認定章6個以降は中間進化がDexNav希少枠,通常野生は基礎種中心,ベガ初回殿堂入り後。認定章数でエリアと中間進化枠を段階解禁。,通常系統は両地方で基礎種を捕獲可能。トーホクは早期育成、カントーは高レベル・隠れ特性・タマゴ技探索を担当。,V2二地方生態版／541系統配置マスター＋特殊個体イベントマスター
682,シュシュプ,spritzee,6,フェアリー,350,通常生態,no,no,未収録・追加対象,新IDへ追加,殿堂入り後,スフィアいせき,時間帯オーバーレイ,8～12%,主に基礎形のみ出現。中間・最終進化は原則として育成で入手。時間帯・天候は生態チケットで任意固定可能。,全国研究図鑑へ登録（トーホク386完成条件には含めない）,NATIONAL_EXT_0682（新規16bit ID）,シュシュプ,シュシュプ → フレフワン,外来生態レイヤーへ追加,T026,ハクジのもり,草むらオーバーレイ,Lv.38～48／殿堂入り後Lv.50～65,追加抽選3～6%,本編必須フラグを変更せず、外来生態フラグ・時間帯・DexNav・大量発生で制御,K33,タマムシ温室,草むらオーバーレイ,Lv.82～90,通常表8～15%,ベガ初回殿堂入り後。認定章数でエリアと中間進化枠を段階解禁。,トーホクは本編で使える低～中レベル基礎種、カントーは高レベル個体・中間進化・隠れ特性探索を担当。,ベガ既存11枠を上書きせず、CFRU側の条件付きオーバーレイ／DexNav／大量発生へ登録,P2,トーホク野生生態,ハクジのもり,草むらオーバーレイ,追加抽選3～6%,本編必須フラグを変更せず、外来生態フラグ・時間帯・DexNav・大量発生で制御,カントー高レベル野生生態,タマムシ温室,草むらオーバーレイ,通常表8～15%,ベガ初回殿堂入り後。認定章数でエリアと中間進化枠を段階解禁。,通常系統は両地方で基礎種を捕獲可能。トーホクは早期育成、カントーは高レベル・隠れ特性・タマゴ技探索を担当。,V2二地方生態版／541系統配置マスター＋特殊個体イベントマスター
683,フレフワン,aromatisse,6,フェアリー,350,通常生態,no,no,未収録・追加対象,新IDへ追加（進化入手）,殿堂入り後,スフィアいせき,進化,―,においぶくろを持たせて「つながりのヒモ」を使用。NPC交換でも進化可。,全国研究図鑑へ登録（トーホク386完成条件には含めない）,NATIONAL_EXT_0683（新規16bit ID）,シュシュプ,シュシュプ → フレフワン,外来生態レイヤーへ追加,T026,ハクジのもり,草むらオーバーレイ,Lv.38～48／殿堂入り後Lv.50～65,追加抽選3～6%,本編必須フラグを変更せず、外来生態フラグ・時間帯・DexNav・大量発生で制御,K33,タマムシ温室,草むらオーバーレイ,Lv.82～90,通常表8～15%,ベガ初回殿堂入り後。認定章数でエリアと中間進化枠を段階解禁。,トーホクは本編で使える低～中レベル基礎種、カントーは高レベル個体・中間進化・隠れ特性探索を担当。,ベガ既存11枠を上書きせず、CFRU側の条件付きオーバーレイ／DexNav／大量発生へ登録,P2,シュシュプをトーホクで捕獲して進化,ハクジのもり,進化／殿堂入り後DexNavで中間進化が稀に出現,通常野生は基礎種のみ,本編必須フラグを変更せず、外来生態フラグ・時間帯・DexNav・大量発生で制御,シュシュプをカントーで捕獲して進化,タマムシ温室,進化／認定章6個以降は中間進化がDexNav希少枠,通常野生は基礎種中心,ベガ初回殿堂入り後。認定章数でエリアと中間進化枠を段階解禁。,通常系統は両地方で基礎種を捕獲可能。トーホクは早期育成、カントーは高レベル・隠れ特性・タマゴ技探索を担当。,V2二地方生態版／541系統配置マスター＋特殊個体イベントマスター
684,ペロッパフ,swirlix,6,フェアリー,351,通常生態,no,no,未収録・追加対象,新IDへ追加,殿堂入り後,ニューアイランド,草むらオーバーレイ,8～12%,主に基礎形のみ出現。中間・最終進化は原則として育成で入手。時間帯・天候は生態チケットで任意固定可能。,全国研究図鑑へ登録（トーホク386完成条件には含めない）,NATIONAL_EXT_0684（新規16bit ID）,ペロッパフ,ペロッパフ → ペロリーム,外来生態レイヤーへ追加,T517,517ばんどうろ／すいどう,大量発生,Lv.38～45,通常0%／発生中20～35%,本編必須フラグを変更せず、外来生態フラグ・時間帯・DexNav・大量発生で制御,K34,サファリゾーン中央,大量発生,Lv.85～94,通常0%／発生中20～35%,ベガ初回殿堂入り後。認定章数でエリアと中間進化枠を段階解禁。,トーホクは本編で使える低～中レベル基礎種、カントーは高レベル個体・中間進化・隠れ特性探索を担当。,ベガ既存11枠を上書きせず、CFRU側の条件付きオーバーレイ／DexNav／大量発生へ登録,P2,トーホク野生生態,517ばんどうろ／すいどう,大量発生,通常0%／発生中20～35%,本編必須フラグを変更せず、外来生態フラグ・時間帯・DexNav・大量発生で制御,カントー高レベル野生生態,サファリゾーン中央,大量発生,通常0%／発生中20～35%,ベガ初回殿堂入り後。認定章数でエリアと中間進化枠を段階解禁。,通常系統は両地方で基礎種を捕獲可能。トーホクは早期育成、カントーは高レベル・隠れ特性・タマゴ技探索を担当。,V2二地方生態版／541系統配置マスター＋特殊個体イベントマスター
685,ペロリーム,slurpuff,6,フェアリー,351,通常生態,no,no,未収録・追加対象,新IDへ追加（進化入手）,殿堂入り後,ニューアイランド,進化,―,ホイップポップを持たせて「つながりのヒモ」を使用。NPC交換でも進化可。,全国研究図鑑へ登録（トーホク386完成条件には含めない）,NATIONAL_EXT_0685（新規16bit ID）,ペロッパフ,ペロッパフ → ペロリーム,外来生態レイヤーへ追加,T517,517ばんどうろ／すいどう,大量発生,Lv.38～45,通常0%／発生中20～35%,本編必須フラグを変更せず、外来生態フラグ・時間帯・DexNav・大量発生で制御,K34,サファリゾーン中央,大量発生,Lv.85～94,通常0%／発生中20～35%,ベガ初回殿堂入り後。認定章数でエリアと中間進化枠を段階解禁。,トーホクは本編で使える低～中レベル基礎種、カントーは高レベル個体・中間進化・隠れ特性探索を担当。,ベガ既存11枠を上書きせず、CFRU側の条件付きオーバーレイ／DexNav／大量発生へ登録,P2,ペロッパフをトーホクで捕獲して進化,517ばんどうろ／すいどう,進化／殿堂入り後DexNavで中間進化が稀に出現,通常野生は基礎種のみ,本編必須フラグを変更せず、外来生態フラグ・時間帯・DexNav・大量発生で制御,ペロッパフをカントーで捕獲して進化,サファリゾーン中央,進化／認定章6個以降は中間進化がDexNav希少枠,通常野生は基礎種中心,ベガ初回殿堂入り後。認定章数でエリアと中間進化枠を段階解禁。,通常系統は両地方で基礎種を捕獲可能。トーホクは早期育成、カントーは高レベル・隠れ特性・タマゴ技探索を担当。,V2二地方生態版／541系統配置マスター＋特殊個体イベントマスター
686,マーイーカ,inkay,6,あく／エスパー,352,通常生態,no,no,未収録・追加対象,新IDへ追加,バッジ5～6個,ときのようかん,図鑑ナビ隠し枠,通常表0%／ナビ検索時1～5%,主に基礎形のみ出現。中間・最終進化は原則として育成で入手。時間帯・天候は生態チケットで任意固定可能。,全国研究図鑑へ登録（トーホク386完成条件には含めない）,NATIONAL_EXT_0686（新規16bit ID）,マーイーカ,マーイーカ → カラマネロ,外来生態レイヤーへ追加,T515,515ばんどうろ／すいどう,夜間オーバーレイ,Lv.33～40,追加抽選3～6%,本編必須フラグを変更せず、外来生態フラグ・時間帯・DexNav・大量発生で制御,K08,8ばんどうろ,夜間オーバーレイ,Lv.79～84,夜間8～12%,ベガ初回殿堂入り後。認定章数でエリアと中間進化枠を段階解禁。,トーホクは本編で使える低～中レベル基礎種、カントーは高レベル個体・中間進化・隠れ特性探索を担当。,ベガ既存11枠を上書きせず、CFRU側の条件付きオーバーレイ／DexNav／大量発生へ登録,P1,トーホク野生生態,515ばんどうろ／すいどう,夜間オーバーレイ,追加抽選3～6%,本編必須フラグを変更せず、外来生態フラグ・時間帯・DexNav・大量発生で制御,カントー高レベル野生生態,8ばんどうろ,夜間オーバーレイ,夜間8～12%,ベガ初回殿堂入り後。認定章数でエリアと中間進化枠を段階解禁。,通常系統は両地方で基礎種を捕獲可能。トーホクは早期育成、カントーは高レベル・隠れ特性・タマゴ技探索を担当。,V2二地方生態版／541系統配置マスター＋特殊個体イベントマスター
687,カラマネロ,malamar,6,あく／エスパー,352,通常生態,no,no,未収録・追加対象,新IDへ追加（進化入手）,バッジ5～6個,ときのようかん,進化,―,「さかさまのしるし」を持たせてレベルアップ。,全国研究図鑑へ登録（トーホク386完成条件には含めない）,NATIONAL_EXT_0687（新規16bit ID）,マーイーカ,マーイーカ → カラマネロ,外来生態レイヤーへ追加,T515,515ばんどうろ／すいどう,夜間オーバーレイ,Lv.33～40,追加抽選3～6%,本編必須フラグを変更せず、外来生態フラグ・時間帯・DexNav・大量発生で制御,K08,8ばんどうろ,夜間オーバーレイ,Lv.79～84,夜間8～12%,ベガ初回殿堂入り後。認定章数でエリアと中間進化枠を段階解禁。,トーホクは本編で使える低～中レベル基礎種、カントーは高レベル個体・中間進化・隠れ特性探索を担当。,ベガ既存11枠を上書きせず、CFRU側の条件付きオーバーレイ／DexNav／大量発生へ登録,P1,マーイーカをトーホクで捕獲して進化,515ばんどうろ／すいどう,進化／殿堂入り後DexNavで中間進化が稀に出現,通常野生は基礎種のみ,本編必須フラグを変更せず、外来生態フラグ・時間帯・DexNav・大量発生で制御,マーイーカをカントーで捕獲して進化,8ばんどうろ,進化／認定章6個以降は中間進化がDexNav希少枠,通常野生は基礎種中心,ベガ初回殿堂入り後。認定章数でエリアと中間進化枠を段階解禁。,通常系統は両地方で基礎種を捕獲可能。トーホクは早期育成、カントーは高レベル・隠れ特性・タマゴ技探索を担当。,V2二地方生態版／541系統配置マスター＋特殊個体イベントマスター
688,カメテテ,binacle,6,いわ／みず,353,通常生態,no,no,未収録・追加対象,新IDへ追加,バッジ7～8個,サファリゾーン北,図鑑ナビ隠し枠,通常表0%／ナビ検索時1～5%,主に基礎形のみ出現。中間・最終進化は原則として育成で入手。時間帯・天候は生態チケットで任意固定可能。,全国研究図鑑へ登録（トーホク386完成条件には含めない）,NATIONAL_EXT_0688（新規16bit ID）,カメテテ,カメテテ → ガメノデス,外来生態レイヤーへ追加,T027,かいていトンネル,釣りオーバーレイ,Lv.20～30,追加抽選4～8%,本編必須フラグを変更せず、外来生態フラグ・時間帯・DexNav・大量発生で制御,K21,21ばんどうろ,釣りオーバーレイ,Lv.89～94,通常表10～20%,ベガ初回殿堂入り後。認定章数でエリアと中間進化枠を段階解禁。,トーホクは本編で使える低～中レベル基礎種、カントーは高レベル個体・中間進化・隠れ特性探索を担当。,ベガ既存11枠を上書きせず、CFRU側の条件付きオーバーレイ／DexNav／大量発生へ登録,P1,トーホク野生生態,かいていトンネル,釣りオーバーレイ,追加抽選4～8%,本編必須フラグを変更せず、外来生態フラグ・時間帯・DexNav・大量発生で制御,カントー高レベル野生生態,21ばんどうろ,釣りオーバーレイ,通常表10～20%,ベガ初回殿堂入り後。認定章数でエリアと中間進化枠を段階解禁。,通常系統は両地方で基礎種を捕獲可能。トーホクは早期育成、カントーは高レベル・隠れ特性・タマゴ技探索を担当。,V2二地方生態版／541系統配置マスター＋特殊個体イベントマスター
689,ガメノデス,barbaracle,6,いわ／みず,353,通常生態,no,no,未収録・追加対象,新IDへ追加（進化入手）,バッジ7～8個,サファリゾーン北,進化,―,レベルアップ＋Lv.39以上（CFRU/DPEの対応トリガーを使用。通信・RTC必須にはしない）,全国研究図鑑へ登録（トーホク386完成条件には含めない）,NATIONAL_EXT_0689（新規16bit ID）,カメテテ,カメテテ → ガメノデス,外来生態レイヤーへ追加,T027,かいていトンネル,釣りオーバーレイ,Lv.20～30,追加抽選4～8%,本編必須フラグを変更せず、外来生態フラグ・時間帯・DexNav・大量発生で制御,K21,21ばんどうろ,釣りオーバーレイ,Lv.89～94,通常表10～20%,ベガ初回殿堂入り後。認定章数でエリアと中間進化枠を段階解禁。,トーホクは本編で使える低～中レベル基礎種、カントーは高レベル個体・中間進化・隠れ特性探索を担当。,ベガ既存11枠を上書きせず、CFRU側の条件付きオーバーレイ／DexNav／大量発生へ登録,P1,カメテテをトーホクで捕獲して進化,かいていトンネル,進化／殿堂入り後DexNavで中間進化が稀に出現,通常野生は基礎種のみ,本編必須フラグを変更せず、外来生態フラグ・時間帯・DexNav・大量発生で制御,カメテテをカントーで捕獲して進化,21ばんどうろ,進化／認定章6個以降は中間進化がDexNav希少枠,通常野生は基礎種中心,ベガ初回殿堂入り後。認定章数でエリアと中間進化枠を段階解禁。,通常系統は両地方で基礎種を捕獲可能。トーホクは早期育成、カントーは高レベル・隠れ特性・タマゴ技探索を担当。,V2二地方生態版／541系統配置マスター＋特殊個体イベントマスター
690,クズモー,skrelp,6,どく／みず,354,通常生態,no,no,未収録・追加対象,新IDへ追加,殿堂入り後,507～509ばんどうろ・水道,図鑑ナビ隠し枠,通常表0%／ナビ検索時1～5%,主に基礎形のみ出現。中間・最終進化は原則として育成で入手。時間帯・天候は生態チケットで任意固定可能。,全国研究図鑑へ登録（トーホク386完成条件には含めない）,NATIONAL_EXT_0690（新規16bit ID）,クズモー,クズモー → ドラミドロ,外来生態レイヤーへ追加,T027,かいていトンネル,水上オーバーレイ,Lv.20～30,追加抽選4～8%,本編必須フラグを変更せず、外来生態フラグ・時間帯・DexNav・大量発生で制御,K13,13ばんどうろ,水上オーバーレイ,Lv.83～88,通常表10～20%,ベガ初回殿堂入り後。認定章数でエリアと中間進化枠を段階解禁。,トーホクは本編で使える低～中レベル基礎種、カントーは高レベル個体・中間進化・隠れ特性探索を担当。,ベガ既存11枠を上書きせず、CFRU側の条件付きオーバーレイ／DexNav／大量発生へ登録,P2,トーホク野生生態,かいていトンネル,水上オーバーレイ,追加抽選4～8%,本編必須フラグを変更せず、外来生態フラグ・時間帯・DexNav・大量発生で制御,カントー高レベル野生生態,13ばんどうろ,水上オーバーレイ,通常表10～20%,ベガ初回殿堂入り後。認定章数でエリアと中間進化枠を段階解禁。,通常系統は両地方で基礎種を捕獲可能。トーホクは早期育成、カントーは高レベル・隠れ特性・タマゴ技探索を担当。,V2二地方生態版／541系統配置マスター＋特殊個体イベントマスター
691,ドラミドロ,dragalge,6,どく／ドラゴン,354,通常生態,no,no,未収録・追加対象,新IDへ追加（進化入手）,殿堂入り後,507～509ばんどうろ・水道,進化,―,レベルアップ＋Lv.48以上（CFRU/DPEの対応トリガーを使用。通信・RTC必須にはしない）,全国研究図鑑へ登録（トーホク386完成条件には含めない）,NATIONAL_EXT_0691（新規16bit ID）,クズモー,クズモー → ドラミドロ,外来生態レイヤーへ追加,T027,かいていトンネル,水上オーバーレイ,Lv.20～30,追加抽選4～8%,本編必須フラグを変更せず、外来生態フラグ・時間帯・DexNav・大量発生で制御,K13,13ばんどうろ,水上オーバーレイ,Lv.83～88,通常表10～20%,ベガ初回殿堂入り後。認定章数でエリアと中間進化枠を段階解禁。,トーホクは本編で使える低～中レベル基礎種、カントーは高レベル個体・中間進化・隠れ特性探索を担当。,ベガ既存11枠を上書きせず、CFRU側の条件付きオーバーレイ／DexNav／大量発生へ登録,P2,クズモーをトーホクで捕獲して進化,かいていトンネル,進化／殿堂入り後DexNavで中間進化が稀に出現,通常野生は基礎種のみ,本編必須フラグを変更せず、外来生態フラグ・時間帯・DexNav・大量発生で制御,クズモーをカントーで捕獲して進化,13ばんどうろ,進化／認定章6個以降は中間進化がDexNav希少枠,通常野生は基礎種中心,ベガ初回殿堂入り後。認定章数でエリアと中間進化枠を段階解禁。,通常系統は両地方で基礎種を捕獲可能。トーホクは早期育成、カントーは高レベル・隠れ特性・タマゴ技探索を担当。,V2二地方生態版／541系統配置マスター＋特殊個体イベントマスター
692,ウデッポウ,clauncher,6,みず,355,通常生態,no,no,未収録・追加対象,新IDへ追加,殿堂入り後,こおりのしま,水上,8～12%,主に基礎形のみ出現。中間・最終進化は原則として育成で入手。時間帯・天候は生態チケットで任意固定可能。,全国研究図鑑へ登録（トーホク386完成条件には含めない）,NATIONAL_EXT_0692（新規16bit ID）,ウデッポウ,ウデッポウ → ブロスター,外来生態レイヤーへ追加,T510,510ばんどうろ／すいどう,水上オーバーレイ,Lv.24～30,追加抽選4～8%,本編必須フラグを変更せず、外来生態フラグ・時間帯・DexNav・大量発生で制御,K19,19ばんどうろ,水上オーバーレイ,Lv.87～92,通常表10～20%,ベガ初回殿堂入り後。認定章数でエリアと中間進化枠を段階解禁。,トーホクは本編で使える低～中レベル基礎種、カントーは高レベル個体・中間進化・隠れ特性探索を担当。,ベガ既存11枠を上書きせず、CFRU側の条件付きオーバーレイ／DexNav／大量発生へ登録,P2,トーホク野生生態,510ばんどうろ／すいどう,水上オーバーレイ,追加抽選4～8%,本編必須フラグを変更せず、外来生態フラグ・時間帯・DexNav・大量発生で制御,カントー高レベル野生生態,19ばんどうろ,水上オーバーレイ,通常表10～20%,ベガ初回殿堂入り後。認定章数でエリアと中間進化枠を段階解禁。,通常系統は両地方で基礎種を捕獲可能。トーホクは早期育成、カントーは高レベル・隠れ特性・タマゴ技探索を担当。,V2二地方生態版／541系統配置マスター＋特殊個体イベントマスター
693,ブロスター,clawitzer,6,みず,355,通常生態,no,no,未収録・追加対象,新IDへ追加（進化入手）,殿堂入り後,こおりのしま,進化,―,レベルアップ＋Lv.37以上（CFRU/DPEの対応トリガーを使用。通信・RTC必須にはしない）,全国研究図鑑へ登録（トーホク386完成条件には含めない）,NATIONAL_EXT_0693（新規16bit ID）,ウデッポウ,ウデッポウ → ブロスター,外来生態レイヤーへ追加,T510,510ばんどうろ／すいどう,水上オーバーレイ,Lv.24～30,追加抽選4～8%,本編必須フラグを変更せず、外来生態フラグ・時間帯・DexNav・大量発生で制御,K19,19ばんどうろ,水上オーバーレイ,Lv.87～92,通常表10～20%,ベガ初回殿堂入り後。認定章数でエリアと中間進化枠を段階解禁。,トーホクは本編で使える低～中レベル基礎種、カントーは高レベル個体・中間進化・隠れ特性探索を担当。,ベガ既存11枠を上書きせず、CFRU側の条件付きオーバーレイ／DexNav／大量発生へ登録,P2,ウデッポウをトーホクで捕獲して進化,510ばんどうろ／すいどう,進化／殿堂入り後DexNavで中間進化が稀に出現,通常野生は基礎種のみ,本編必須フラグを変更せず、外来生態フラグ・時間帯・DexNav・大量発生で制御,ウデッポウをカントーで捕獲して進化,19ばんどうろ,進化／認定章6個以降は中間進化がDexNav希少枠,通常野生は基礎種中心,ベガ初回殿堂入り後。認定章数でエリアと中間進化枠を段階解禁。,通常系統は両地方で基礎種を捕獲可能。トーホクは早期育成、カントーは高レベル・隠れ特性・タマゴ技探索を担当。,V2二地方生態版／541系統配置マスター＋特殊個体イベントマスター
694,エリキテル,helioptile,6,でんき／ノーマル,356,通常生態,no,no,未収録・追加対象,新IDへ追加,殿堂入り後,517～520ばんどうろ,大量発生,発生中20～40%,主に基礎形のみ出現。中間・最終進化は原則として育成で入手。時間帯・天候は生態チケットで任意固定可能。,全国研究図鑑へ登録（トーホク386完成条件には含めない）,NATIONAL_EXT_0694（新規16bit ID）,エリキテル,エリキテル → エレザード,外来生態レイヤーへ追加,T029,かみなりのしま,草むらオーバーレイ,Lv.30～40／殿堂入り後Lv.55～70,追加抽選3～6%,本編必須フラグを変更せず、外来生態フラグ・時間帯・DexNav・大量発生で制御,K10,10ばんどうろ,草むらオーバーレイ,Lv.78～84,通常表8～15%,ベガ初回殿堂入り後。認定章数でエリアと中間進化枠を段階解禁。,トーホクは本編で使える低～中レベル基礎種、カントーは高レベル個体・中間進化・隠れ特性探索を担当。,ベガ既存11枠を上書きせず、CFRU側の条件付きオーバーレイ／DexNav／大量発生へ登録,P2,トーホク野生生態,かみなりのしま,草むらオーバーレイ,追加抽選3～6%,本編必須フラグを変更せず、外来生態フラグ・時間帯・DexNav・大量発生で制御,カントー高レベル野生生態,10ばんどうろ,草むらオーバーレイ,通常表8～15%,ベガ初回殿堂入り後。認定章数でエリアと中間進化枠を段階解禁。,通常系統は両地方で基礎種を捕獲可能。トーホクは早期育成、カントーは高レベル・隠れ特性・タマゴ技探索を担当。,V2二地方生態版／541系統配置マスター＋特殊個体イベントマスター
695,エレザード,heliolisk,6,でんき／ノーマル,356,通常生態,no,no,未収録・追加対象,新IDへ追加（進化入手）,殿堂入り後,517～520ばんどうろ,進化,―,道具使用＋たいようのいしを使う（CFRU/DPEの対応トリガーを使用。通信・RTC必須にはしない）,全国研究図鑑へ登録（トーホク386完成条件には含めない）,NATIONAL_EXT_0695（新規16bit ID）,エリキテル,エリキテル → エレザード,外来生態レイヤーへ追加,T029,かみなりのしま,草むらオーバーレイ,Lv.30～40／殿堂入り後Lv.55～70,追加抽選3～6%,本編必須フラグを変更せず、外来生態フラグ・時間帯・DexNav・大量発生で制御,K10,10ばんどうろ,草むらオーバーレイ,Lv.78～84,通常表8～15%,ベガ初回殿堂入り後。認定章数でエリアと中間進化枠を段階解禁。,トーホクは本編で使える低～中レベル基礎種、カントーは高レベル個体・中間進化・隠れ特性探索を担当。,ベガ既存11枠を上書きせず、CFRU側の条件付きオーバーレイ／DexNav／大量発生へ登録,P2,エリキテルをトーホクで捕獲して進化,かみなりのしま,進化／殿堂入り後DexNavで中間進化が稀に出現,通常野生は基礎種のみ,本編必須フラグを変更せず、外来生態フラグ・時間帯・DexNav・大量発生で制御,エリキテルをカントーで捕獲して進化,10ばんどうろ,進化／認定章6個以降は中間進化がDexNav希少枠,通常野生は基礎種中心,ベガ初回殿堂入り後。認定章数でエリアと中間進化枠を段階解禁。,通常系統は両地方で基礎種を捕獲可能。トーホクは早期育成、カントーは高レベル・隠れ特性・タマゴ技探索を担当。,V2二地方生態版／541系統配置マスター＋特殊個体イベントマスター
696,チゴラス,tyrunt,6,いわ／ドラゴン,357,化石,no,no,未収録・追加対象,新IDへ追加,殿堂入り（一部化石はバッジ5個）,ヒスイシティ考古学室（NPC追加）,化石・復元部品を納品,―,化石はちえのどうくつ／いわくだき／採掘依頼で反復入手。ガラル化石は2部品合成。,全国研究図鑑へ登録（トーホク386完成条件には含めない）,NATIONAL_EXT_0696（新規16bit ID）,チゴラス,チゴラス → ガチゴラス,化石復元追加,T_FOSSIL,ヒスイシティ考古学室,発掘片2個を納品して復元,Lv.20,反復採掘可,化石はちえのどうくつ／いわくだき／採掘依頼で反復入手。ガラル化石は2部品合成。,K45,グレン研究所,博物館鑑定後に復元,Lv.30,月石片／火山灰を消費して反復可,ベガ初回殿堂入り後。認定章数でエリアと中間進化枠を段階解禁。,トーホクは早期の復元、カントーは高個体値・隠れ特性の再復元を担当。,通常野生表には入れない,P2,ヒスイ考古学室で化石復元,ヒスイシティ考古学室,化石復元,各化石は探索・BPで再入手,化石はちえのどうくつ／いわくだき／採掘依頼で反復入手。ガラル化石は2部品合成。,ニビ博物館／グレン研究所で復元,グレン研究所,化石復元,認定章数に応じて化石追加,ベガ初回殿堂入り後。認定章数でエリアと中間進化枠を段階解禁。,通常系統は両地方で基礎種を捕獲可能。トーホクは早期育成、カントーは高レベル・隠れ特性・タマゴ技探索を担当。,V2二地方生態版／541系統配置マスター＋特殊個体イベントマスター
697,ガチゴラス,tyrantrum,6,いわ／ドラゴン,357,化石,no,no,未収録・追加対象,新IDへ追加（進化入手）,殿堂入り（一部化石はバッジ5個）,ヒスイシティ考古学室（NPC追加）,進化,―,レベルアップ＋Lv.39以上＋昼（CFRU/DPEの対応トリガーを使用。通信・RTC必須にはしない）,全国研究図鑑へ登録（トーホク386完成条件には含めない）,NATIONAL_EXT_0697（新規16bit ID）,チゴラス,チゴラス → ガチゴラス,化石復元追加,T_FOSSIL,ヒスイシティ考古学室,発掘片2個を納品して復元,Lv.20,反復採掘可,化石はちえのどうくつ／いわくだき／採掘依頼で反復入手。ガラル化石は2部品合成。,K45,グレン研究所,博物館鑑定後に復元,Lv.30,月石片／火山灰を消費して反復可,ベガ初回殿堂入り後。認定章数でエリアと中間進化枠を段階解禁。,トーホクは早期の復元、カントーは高個体値・隠れ特性の再復元を担当。,通常野生表には入れない,P2,チゴラスを復元して進化,ヒスイシティ考古学室,進化,野生追加なし,化石はちえのどうくつ／いわくだき／採掘依頼で反復入手。ガラル化石は2部品合成。,チゴラスを復元して進化,グレン研究所,進化,野生追加なし,ベガ初回殿堂入り後。認定章数でエリアと中間進化枠を段階解禁。,通常系統は両地方で基礎種を捕獲可能。トーホクは早期育成、カントーは高レベル・隠れ特性・タマゴ技探索を担当。,V2二地方生態版／541系統配置マスター＋特殊個体イベントマスター
698,アマルス,amaura,6,いわ／こおり,358,化石,no,no,未収録・追加対象,新IDへ追加,殿堂入り（一部化石はバッジ5個）,ヒスイシティ考古学室（NPC追加）,化石・復元部品を納品,―,化石はちえのどうくつ／いわくだき／採掘依頼で反復入手。ガラル化石は2部品合成。,全国研究図鑑へ登録（トーホク386完成条件には含めない）,NATIONAL_EXT_0698（新規16bit ID）,アマルス,アマルス → アマルルガ,化石復元追加,T_FOSSIL,ヒスイシティ考古学室,発掘片2個を納品して復元,Lv.20,反復採掘可,化石はちえのどうくつ／いわくだき／採掘依頼で反復入手。ガラル化石は2部品合成。,K45,グレン研究所,博物館鑑定後に復元,Lv.30,月石片／火山灰を消費して反復可,ベガ初回殿堂入り後。認定章数でエリアと中間進化枠を段階解禁。,トーホクは早期の復元、カントーは高個体値・隠れ特性の再復元を担当。,通常野生表には入れない,P2,ヒスイ考古学室で化石復元,ヒスイシティ考古学室,化石復元,各化石は探索・BPで再入手,化石はちえのどうくつ／いわくだき／採掘依頼で反復入手。ガラル化石は2部品合成。,ニビ博物館／グレン研究所で復元,グレン研究所,化石復元,認定章数に応じて化石追加,ベガ初回殿堂入り後。認定章数でエリアと中間進化枠を段階解禁。,通常系統は両地方で基礎種を捕獲可能。トーホクは早期育成、カントーは高レベル・隠れ特性・タマゴ技探索を担当。,V2二地方生態版／541系統配置マスター＋特殊個体イベントマスター
699,アマルルガ,aurorus,6,いわ／こおり,358,化石,no,no,未収録・追加対象,新IDへ追加（進化入手）,殿堂入り（一部化石はバッジ5個）,ヒスイシティ考古学室（NPC追加）,進化,―,レベルアップ＋Lv.39以上＋夜（CFRU/DPEの対応トリガーを使用。通信・RTC必須にはしない）,全国研究図鑑へ登録（トーホク386完成条件には含めない）,NATIONAL_EXT_0699（新規16bit ID）,アマルス,アマルス → アマルルガ,化石復元追加,T_FOSSIL,ヒスイシティ考古学室,発掘片2個を納品して復元,Lv.20,反復採掘可,化石はちえのどうくつ／いわくだき／採掘依頼で反復入手。ガラル化石は2部品合成。,K45,グレン研究所,博物館鑑定後に復元,Lv.30,月石片／火山灰を消費して反復可,ベガ初回殿堂入り後。認定章数でエリアと中間進化枠を段階解禁。,トーホクは早期の復元、カントーは高個体値・隠れ特性の再復元を担当。,通常野生表には入れない,P2,アマルスを復元して進化,ヒスイシティ考古学室,進化,野生追加なし,化石はちえのどうくつ／いわくだき／採掘依頼で反復入手。ガラル化石は2部品合成。,アマルスを復元して進化,グレン研究所,進化,野生追加なし,ベガ初回殿堂入り後。認定章数でエリアと中間進化枠を段階解禁。,通常系統は両地方で基礎種を捕獲可能。トーホクは早期育成、カントーは高レベル・隠れ特性・タマゴ技探索を担当。,V2二地方生態版／541系統配置マスター＋特殊個体イベントマスター
700,ニンフィア,sylveon,6,フェアリー,67,通常生態,no,no,未収録・追加対象,新IDへ追加（進化入手）,殿堂入り後,全国生態保護区（サファリ増設区画）,進化,―,なかよし度をなつき度220以上へ統合し、条件技を覚えた状態でレベルアップ。,全国研究図鑑へ登録（トーホク386完成条件には含めない）,NATIONAL_EXT_0700（新規16bit ID）,イーブイ,イーブイ → シャワーズ → サンダース → ブースター → エーフィ → ブラッキー → リーフィア → グレイシア → ニンフィア,外来生態レイヤーへ追加,T029,かみなりのしま,夜間オーバーレイ,Lv.30～40／殿堂入り後Lv.55～70,追加抽選3～6%,本編必須フラグを変更せず、外来生態フラグ・時間帯・DexNav・大量発生で制御,K33,タマムシ温室,ずつき／朝昼オーバーレイ,Lv.82～90,通常表8～15%,ベガ初回殿堂入り後。認定章数でエリアと中間進化枠を段階解禁。,トーホクは本編で使える低～中レベル基礎種、カントーは高レベル個体・中間進化・隠れ特性探索を担当。,ベガ既存11枠を上書きせず、CFRU側の条件付きオーバーレイ／DexNav／大量発生へ登録,P2,イーブイをトーホクで捕獲して進化,かみなりのしま,進化／殿堂入り後DexNavで中間進化が稀に出現,通常野生は基礎種のみ,本編必須フラグを変更せず、外来生態フラグ・時間帯・DexNav・大量発生で制御,イーブイをカントーで捕獲して進化,タマムシ温室,進化／認定章6個以降は中間進化がDexNav希少枠,通常野生は基礎種中心,ベガ初回殿堂入り後。認定章数でエリアと中間進化枠を段階解禁。,通常系統は両地方で基礎種を捕獲可能。トーホクは早期育成、カントーは高レベル・隠れ特性・タマゴ技探索を担当。,V2二地方生態版／541系統配置マスター＋特殊個体イベントマスター
701,ルチャブル,hawlucha,6,かくとう／ひこう,359,通常生態,no,no,未収録・追加対象,新IDへ追加,殿堂入り後,全国生態保護区（サファリ増設区画）,生態保護区ローテーション,対象日10～20%（チケットで固定可）,主に基礎形のみ出現。中間・最終進化は原則として育成で入手。時間帯・天候は生態チケットで任意固定可能。,全国研究図鑑へ登録（トーホク386完成条件には含めない）,NATIONAL_EXT_0701（新規16bit ID）,ルチャブル,ルチャブル,外来生態レイヤーへ追加,T505,505ばんどうろ／すいどう,草むらオーバーレイ,Lv.10～14,追加抽選3～6%,本編必須フラグを変更せず、外来生態フラグ・時間帯・DexNav・大量発生で制御,K09,9ばんどうろ,草むらオーバーレイ,Lv.77～82,通常表8～15%,ベガ初回殿堂入り後。認定章数でエリアと中間進化枠を段階解禁。,トーホクは本編で使える低～中レベル基礎種、カントーは高レベル個体・中間進化・隠れ特性探索を担当。,ベガ既存11枠を上書きせず、CFRU側の条件付きオーバーレイ／DexNav／大量発生へ登録,P2,トーホク野生生態,505ばんどうろ／すいどう,草むらオーバーレイ,追加抽選3～6%,本編必須フラグを変更せず、外来生態フラグ・時間帯・DexNav・大量発生で制御,カントー高レベル野生生態,9ばんどうろ,草むらオーバーレイ,通常表8～15%,ベガ初回殿堂入り後。認定章数でエリアと中間進化枠を段階解禁。,通常系統は両地方で基礎種を捕獲可能。トーホクは早期育成、カントーは高レベル・隠れ特性・タマゴ技探索を担当。,V2二地方生態版／541系統配置マスター＋特殊個体イベントマスター
702,デデンネ,dedenne,6,でんき／フェアリー,360,通常生態,no,no,未収録・追加対象,新IDへ追加,殿堂入り後,サファリゾーン中央,草むらオーバーレイ,8～12%,主に基礎形のみ出現。中間・最終進化は原則として育成で入手。時間帯・天候は生態チケットで任意固定可能。,全国研究図鑑へ登録（トーホク386完成条件には含めない）,NATIONAL_EXT_0702（新規16bit ID）,デデンネ,デデンネ,外来生態レイヤーへ追加,T029,かみなりのしま,大量発生,Lv.30～40／殿堂入り後Lv.55～70,通常0%／発生中20～35%,本編必須フラグを変更せず、外来生態フラグ・時間帯・DexNav・大量発生で制御,K33,タマムシ温室,草むらオーバーレイ,Lv.82～90,通常表8～15%,ベガ初回殿堂入り後。認定章数でエリアと中間進化枠を段階解禁。,トーホクは本編で使える低～中レベル基礎種、カントーは高レベル個体・中間進化・隠れ特性探索を担当。,ベガ既存11枠を上書きせず、CFRU側の条件付きオーバーレイ／DexNav／大量発生へ登録,P2,トーホク野生生態,かみなりのしま,大量発生,通常0%／発生中20～35%,本編必須フラグを変更せず、外来生態フラグ・時間帯・DexNav・大量発生で制御,カントー高レベル野生生態,タマムシ温室,草むらオーバーレイ,通常表8～15%,ベガ初回殿堂入り後。認定章数でエリアと中間進化枠を段階解禁。,通常系統は両地方で基礎種を捕獲可能。トーホクは早期育成、カントーは高レベル・隠れ特性・タマゴ技探索を担当。,V2二地方生態版／541系統配置マスター＋特殊個体イベントマスター
703,メレシー,carbink,6,いわ／フェアリー,361,人工・無機物,no,no,未収録・追加対象,新IDへ追加,バッジ1～2個,ちえのどうくつ,図鑑ナビ隠し枠,通常表0%／ナビ検索時1～5%,主に基礎形のみ出現。中間・最終進化は原則として育成で入手。時間帯・天候は生態チケットで任意固定可能。,全国研究図鑑へ登録（トーホク386完成条件には含めない）,NATIONAL_EXT_0703（新規16bit ID）,メレシー,メレシー,外来生態レイヤーへ追加,T024,ちえのどうくつ,いわくだき／DexNav,Lv.6～9／殿堂入り後Lv.44～48,通常0%／DexNav 2～5%,本編必須フラグを変更せず、外来生態フラグ・時間帯・DexNav・大量発生で制御,K27,おつきみやま,いわくだき／DexNav,Lv.73～80,通常0%／DexNav 2～5%,ベガ初回殿堂入り後。認定章数でエリアと中間進化枠を段階解禁。,トーホクは本編で使える低～中レベル基礎種、カントーは高レベル個体・中間進化・隠れ特性探索を担当。,ベガ既存11枠を上書きせず、CFRU側の条件付きオーバーレイ／DexNav／大量発生へ登録,P2,トーホク野生生態,ちえのどうくつ,いわくだき／DexNav,通常0%／DexNav 2～5%,本編必須フラグを変更せず、外来生態フラグ・時間帯・DexNav・大量発生で制御,カントー高レベル野生生態,おつきみやま,いわくだき／DexNav,通常0%／DexNav 2～5%,ベガ初回殿堂入り後。認定章数でエリアと中間進化枠を段階解禁。,通常系統は両地方で基礎種を捕獲可能。トーホクは早期育成、カントーは高レベル・隠れ特性・タマゴ技探索を担当。,V2二地方生態版／541系統配置マスター＋特殊個体イベントマスター
704,ヌメラ,goomy,6,ドラゴン,362,600族,no,no,未収録・追加対象,新IDへ追加,殿堂入り後,ポケモンじょう,図鑑ナビ隠し枠,通常表0%／ナビ検索時1～5%,主に基礎形のみ出現。中間・最終進化は原則として育成で入手。時間帯・天候は生態チケットで任意固定可能。,全国研究図鑑へ登録（トーホク386完成条件には含めない）,NATIONAL_EXT_0704（新規16bit ID）,ヌメラ,ヌメラ → ヌメイル → ヌメルゴン,外来生態レイヤーへ追加,T042,チャンピオンロード,DexNav隠し枠,Lv.58～66／殿堂入り後Lv.70～88,通常0%／DexNav 1～2%,本編必須フラグを変更せず、外来生態フラグ・時間帯・DexNav・大量発生で制御,K43,ハナダのどうくつ,DexNav隠し枠,Lv.95～100,通常0%／DexNav 1～2%,ベガ初回殿堂入り後。認定章数でエリアと中間進化枠を段階解禁。,トーホクは本編で使える低～中レベル基礎種、カントーは高レベル個体・中間進化・隠れ特性探索を担当。,ベガ既存11枠を上書きせず、CFRU側の条件付きオーバーレイ／DexNav／大量発生へ登録,P2,トーホク野生生態,チャンピオンロード,DexNav隠し枠,通常0%／DexNav 1～2%,本編必須フラグを変更せず、外来生態フラグ・時間帯・DexNav・大量発生で制御,カントー高レベル野生生態,ハナダのどうくつ,DexNav隠し枠,通常0%／DexNav 1～2%,ベガ初回殿堂入り後。認定章数でエリアと中間進化枠を段階解禁。,通常系統は両地方で基礎種を捕獲可能。トーホクは早期育成、カントーは高レベル・隠れ特性・タマゴ技探索を担当。,V2二地方生態版／541系統配置マスター＋特殊個体イベントマスター
705,ヌメイル,sliggoo,6,ドラゴン,362,600族,no,no,未収録・追加対象,新IDへ追加（進化入手）,殿堂入り後,ポケモンじょう,進化,―,レベルアップ＋Lv.40以上（CFRU/DPEの対応トリガーを使用。通信・RTC必須にはしない）,全国研究図鑑へ登録（トーホク386完成条件には含めない）,NATIONAL_EXT_0705（新規16bit ID）,ヌメラ,ヌメラ → ヌメイル → ヌメルゴン,外来生態レイヤーへ追加,T042,チャンピオンロード,DexNav隠し枠,Lv.58～66／殿堂入り後Lv.70～88,通常0%／DexNav 1～2%,本編必須フラグを変更せず、外来生態フラグ・時間帯・DexNav・大量発生で制御,K43,ハナダのどうくつ,DexNav隠し枠,Lv.95～100,通常0%／DexNav 1～2%,ベガ初回殿堂入り後。認定章数でエリアと中間進化枠を段階解禁。,トーホクは本編で使える低～中レベル基礎種、カントーは高レベル個体・中間進化・隠れ特性探索を担当。,ベガ既存11枠を上書きせず、CFRU側の条件付きオーバーレイ／DexNav／大量発生へ登録,P2,ヌメラをトーホクで捕獲して進化,チャンピオンロード,進化／殿堂入り後DexNavで中間進化が稀に出現,通常野生は基礎種のみ,本編必須フラグを変更せず、外来生態フラグ・時間帯・DexNav・大量発生で制御,ヌメラをカントーで捕獲して進化,ハナダのどうくつ,進化／認定章6個以降は中間進化がDexNav希少枠,通常野生は基礎種中心,ベガ初回殿堂入り後。認定章数でエリアと中間進化枠を段階解禁。,通常系統は両地方で基礎種を捕獲可能。トーホクは早期育成、カントーは高レベル・隠れ特性・タマゴ技探索を担当。,V2二地方生態版／541系統配置マスター＋特殊個体イベントマスター
706,ヌメルゴン,goodra,6,ドラゴン,362,600族,no,no,未収録・追加対象,新IDへ追加（進化入手）,殿堂入り後,ポケモンじょう,進化,―,雨天時にレベルアップ。RTC・天候固定が使えない場合は「あめのしずく」を使用。,全国研究図鑑へ登録（トーホク386完成条件には含めない）,NATIONAL_EXT_0706（新規16bit ID）,ヌメラ,ヌメラ → ヌメイル → ヌメルゴン,外来生態レイヤーへ追加,T042,チャンピオンロード,DexNav隠し枠,Lv.58～66／殿堂入り後Lv.70～88,通常0%／DexNav 1～2%,本編必須フラグを変更せず、外来生態フラグ・時間帯・DexNav・大量発生で制御,K43,ハナダのどうくつ,DexNav隠し枠,Lv.95～100,通常0%／DexNav 1～2%,ベガ初回殿堂入り後。認定章数でエリアと中間進化枠を段階解禁。,トーホクは本編で使える低～中レベル基礎種、カントーは高レベル個体・中間進化・隠れ特性探索を担当。,ベガ既存11枠を上書きせず、CFRU側の条件付きオーバーレイ／DexNav／大量発生へ登録,P2,ヌメラをトーホクで捕獲して進化,チャンピオンロード,進化／殿堂入り後DexNavで中間進化が稀に出現,通常野生は基礎種のみ,本編必須フラグを変更せず、外来生態フラグ・時間帯・DexNav・大量発生で制御,ヌメラをカントーで捕獲して進化,ハナダのどうくつ,進化／認定章6個以降は中間進化がDexNav希少枠,通常野生は基礎種中心,ベガ初回殿堂入り後。認定章数でエリアと中間進化枠を段階解禁。,通常系統は両地方で基礎種を捕獲可能。トーホクは早期育成、カントーは高レベル・隠れ特性・タマゴ技探索を担当。,V2二地方生態版／541系統配置マスター＋特殊個体イベントマスター
707,クレッフィ,klefki,6,はがね／フェアリー,363,人工・無機物,no,no,未収録・追加対象,新IDへ追加,バッジ5～6個,D・Hビル／D・Hだんアジト,図鑑ナビ隠し枠,通常表0%／ナビ検索時1～5%,主に基礎形のみ出現。中間・最終進化は原則として育成で入手。時間帯・天候は生態チケットで任意固定可能。,全国研究図鑑へ登録（トーホク386完成条件には含めない）,NATIONAL_EXT_0707（新規16bit ID）,クレッフィ,クレッフィ,外来生態レイヤーへ追加,T034,D・Hビル,屋内異常遭遇／DexNav,Lv.42～55／殿堂入り後Lv.62～78,通常0%／DexNav 2～5%,本編必須フラグを変更せず、外来生態フラグ・時間帯・DexNav・大量発生で制御,K41,シルフカンパニー,屋内異常遭遇／DexNav,Lv.90～97（異常遭遇）,通常0%／DexNav 2～5%,ベガ初回殿堂入り後。認定章数でエリアと中間進化枠を段階解禁。,トーホクは本編で使える低～中レベル基礎種、カントーは高レベル個体・中間進化・隠れ特性探索を担当。,ベガ既存11枠を上書きせず、CFRU側の条件付きオーバーレイ／DexNav／大量発生へ登録,P2,トーホク野生生態,D・Hビル,屋内異常遭遇／DexNav,通常0%／DexNav 2～5%,本編必須フラグを変更せず、外来生態フラグ・時間帯・DexNav・大量発生で制御,カントー高レベル野生生態,シルフカンパニー,屋内異常遭遇／DexNav,通常0%／DexNav 2～5%,ベガ初回殿堂入り後。認定章数でエリアと中間進化枠を段階解禁。,通常系統は両地方で基礎種を捕獲可能。トーホクは早期育成、カントーは高レベル・隠れ特性・タマゴ技探索を担当。,V2二地方生態版／541系統配置マスター＋特殊個体イベントマスター
708,ボクレー,phantump,6,ゴースト／くさ,364,通常生態,no,no,未収録・追加対象,新IDへ追加,殿堂入り後,全国生態保護区（サファリ増設区画）,生態保護区ローテーション,対象日10～20%（チケットで固定可）,主に基礎形のみ出現。中間・最終進化は原則として育成で入手。時間帯・天候は生態チケットで任意固定可能。,全国研究図鑑へ登録（トーホク386完成条件には含めない）,NATIONAL_EXT_0708（新規16bit ID）,ボクレー,ボクレー → オーロット,外来生態レイヤーへ追加,T025,こころのやかた,夜間オーバーレイ,Lv.8～13／殿堂入り後Lv.45～48,追加抽選3～6%,本編必須フラグを変更せず、外来生態フラグ・時間帯・DexNav・大量発生で制御,K26,トキワのもり,夜間オーバーレイ,Lv.70～76,夜間8～12%,ベガ初回殿堂入り後。認定章数でエリアと中間進化枠を段階解禁。,トーホクは本編で使える低～中レベル基礎種、カントーは高レベル個体・中間進化・隠れ特性探索を担当。,ベガ既存11枠を上書きせず、CFRU側の条件付きオーバーレイ／DexNav／大量発生へ登録,P2,トーホク野生生態,こころのやかた,夜間オーバーレイ,追加抽選3～6%,本編必須フラグを変更せず、外来生態フラグ・時間帯・DexNav・大量発生で制御,カントー高レベル野生生態,トキワのもり,夜間オーバーレイ,夜間8～12%,ベガ初回殿堂入り後。認定章数でエリアと中間進化枠を段階解禁。,通常系統は両地方で基礎種を捕獲可能。トーホクは早期育成、カントーは高レベル・隠れ特性・タマゴ技探索を担当。,V2二地方生態版／541系統配置マスター＋特殊個体イベントマスター
709,オーロット,trevenant,6,ゴースト／くさ,364,通常生態,no,no,未収録・追加対象,新IDへ追加（進化入手）,殿堂入り後,全国生態保護区（サファリ増設区画）,進化,―,「つながりのヒモ」を使用。通信交換でも従来通り進化。,全国研究図鑑へ登録（トーホク386完成条件には含めない）,NATIONAL_EXT_0709（新規16bit ID）,ボクレー,ボクレー → オーロット,外来生態レイヤーへ追加,T025,こころのやかた,夜間オーバーレイ,Lv.8～13／殿堂入り後Lv.45～48,追加抽選3～6%,本編必須フラグを変更せず、外来生態フラグ・時間帯・DexNav・大量発生で制御,K26,トキワのもり,夜間オーバーレイ,Lv.70～76,夜間8～12%,ベガ初回殿堂入り後。認定章数でエリアと中間進化枠を段階解禁。,トーホクは本編で使える低～中レベル基礎種、カントーは高レベル個体・中間進化・隠れ特性探索を担当。,ベガ既存11枠を上書きせず、CFRU側の条件付きオーバーレイ／DexNav／大量発生へ登録,P2,ボクレーをトーホクで捕獲して進化,こころのやかた,進化／殿堂入り後DexNavで中間進化が稀に出現,通常野生は基礎種のみ,本編必須フラグを変更せず、外来生態フラグ・時間帯・DexNav・大量発生で制御,ボクレーをカントーで捕獲して進化,トキワのもり,進化／認定章6個以降は中間進化がDexNav希少枠,通常野生は基礎種中心,ベガ初回殿堂入り後。認定章数でエリアと中間進化枠を段階解禁。,通常系統は両地方で基礎種を捕獲可能。トーホクは早期育成、カントーは高レベル・隠れ特性・タマゴ技探索を担当。,V2二地方生態版／541系統配置マスター＋特殊個体イベントマスター
710,バケッチャ,pumpkaboo,6,ゴースト／くさ,365,通常生態,no,no,未収録・追加対象,新IDへ追加,殿堂入り後,こころのやかた,草むらオーバーレイ,4～5%,主に基礎形のみ出現。中間・最終進化は原則として育成で入手。時間帯・天候は生態チケットで任意固定可能。,全国研究図鑑へ登録（トーホク386完成条件には含めない）,NATIONAL_EXT_0710（新規16bit ID）,バケッチャ,バケッチャ → パンプジン,外来生態レイヤーへ追加,T025,こころのやかた,夜間オーバーレイ,Lv.8～13／殿堂入り後Lv.45～48,追加抽選3～6%,本編必須フラグを変更せず、外来生態フラグ・時間帯・DexNav・大量発生で制御,K02,2ばんどうろ,夜間オーバーレイ,Lv.69～73,夜間8～12%,ベガ初回殿堂入り後。認定章数でエリアと中間進化枠を段階解禁。,トーホクは本編で使える低～中レベル基礎種、カントーは高レベル個体・中間進化・隠れ特性探索を担当。,ベガ既存11枠を上書きせず、CFRU側の条件付きオーバーレイ／DexNav／大量発生へ登録,P2,トーホク野生生態,こころのやかた,夜間オーバーレイ,追加抽選3～6%,本編必須フラグを変更せず、外来生態フラグ・時間帯・DexNav・大量発生で制御,カントー高レベル野生生態,2ばんどうろ,夜間オーバーレイ,夜間8～12%,ベガ初回殿堂入り後。認定章数でエリアと中間進化枠を段階解禁。,通常系統は両地方で基礎種を捕獲可能。トーホクは早期育成、カントーは高レベル・隠れ特性・タマゴ技探索を担当。,V2二地方生態版／541系統配置マスター＋特殊個体イベントマスター
711,パンプジン,gourgeist,6,ゴースト／くさ,365,通常生態,no,no,未収録・追加対象,新IDへ追加（進化入手）,殿堂入り後,こころのやかた,進化,―,「つながりのヒモ」を使用。通信交換でも従来通り進化。,全国研究図鑑へ登録（トーホク386完成条件には含めない）,NATIONAL_EXT_0711（新規16bit ID）,バケッチャ,バケッチャ → パンプジン,外来生態レイヤーへ追加,T025,こころのやかた,夜間オーバーレイ,Lv.8～13／殿堂入り後Lv.45～48,追加抽選3～6%,本編必須フラグを変更せず、外来生態フラグ・時間帯・DexNav・大量発生で制御,K02,2ばんどうろ,夜間オーバーレイ,Lv.69～73,夜間8～12%,ベガ初回殿堂入り後。認定章数でエリアと中間進化枠を段階解禁。,トーホクは本編で使える低～中レベル基礎種、カントーは高レベル個体・中間進化・隠れ特性探索を担当。,ベガ既存11枠を上書きせず、CFRU側の条件付きオーバーレイ／DexNav／大量発生へ登録,P2,バケッチャをトーホクで捕獲して進化,こころのやかた,進化／殿堂入り後DexNavで中間進化が稀に出現,通常野生は基礎種のみ,本編必須フラグを変更せず、外来生態フラグ・時間帯・DexNav・大量発生で制御,バケッチャをカントーで捕獲して進化,2ばんどうろ,進化／認定章6個以降は中間進化がDexNav希少枠,通常野生は基礎種中心,ベガ初回殿堂入り後。認定章数でエリアと中間進化枠を段階解禁。,通常系統は両地方で基礎種を捕獲可能。トーホクは早期育成、カントーは高レベル・隠れ特性・タマゴ技探索を担当。,V2二地方生態版／541系統配置マスター＋特殊個体イベントマスター
712,カチコール,bergmite,6,こおり,366,通常生態,no,no,未収録・追加対象,新IDへ追加,バッジ7～8個,514～516ばんどうろ,草むらオーバーレイ,8～12%,主に基礎形のみ出現。中間・最終進化は原則として育成で入手。時間帯・天候は生態チケットで任意固定可能。,全国研究図鑑へ登録（トーホク386完成条件には含めない）,NATIONAL_EXT_0712（新規16bit ID）,カチコール,カチコール → クレベース,外来生態レイヤーへ追加,T030,こおりのしま,洞窟・屋内オーバーレイ,Lv.30～40／殿堂入り後Lv.55～70,追加抽選3～6%,本編必須フラグを変更せず、外来生態フラグ・時間帯・DexNav・大量発生で制御,K38,ふたごじま,洞窟・屋内オーバーレイ,Lv.88～96,通常表8～15%,ベガ初回殿堂入り後。認定章数でエリアと中間進化枠を段階解禁。,トーホクは本編で使える低～中レベル基礎種、カントーは高レベル個体・中間進化・隠れ特性探索を担当。,ベガ既存11枠を上書きせず、CFRU側の条件付きオーバーレイ／DexNav／大量発生へ登録,P1,トーホク野生生態,こおりのしま,洞窟・屋内オーバーレイ,追加抽選3～6%,本編必須フラグを変更せず、外来生態フラグ・時間帯・DexNav・大量発生で制御,カントー高レベル野生生態,ふたごじま,洞窟・屋内オーバーレイ,通常表8～15%,ベガ初回殿堂入り後。認定章数でエリアと中間進化枠を段階解禁。,通常系統は両地方で基礎種を捕獲可能。トーホクは早期育成、カントーは高レベル・隠れ特性・タマゴ技探索を担当。,V2二地方生態版／541系統配置マスター＋特殊個体イベントマスター
713,クレベース,avalugg,6,こおり,366,通常生態,no,no,未収録・追加対象,新IDへ追加（進化入手）,バッジ7～8個,514～516ばんどうろ,進化,―,レベルアップ＋Lv.37以上（CFRU/DPEの対応トリガーを使用。通信・RTC必須にはしない）,全国研究図鑑へ登録（トーホク386完成条件には含めない）,NATIONAL_EXT_0713（新規16bit ID）,カチコール,カチコール → クレベース,外来生態レイヤーへ追加,T030,こおりのしま,洞窟・屋内オーバーレイ,Lv.30～40／殿堂入り後Lv.55～70,追加抽選3～6%,本編必須フラグを変更せず、外来生態フラグ・時間帯・DexNav・大量発生で制御,K38,ふたごじま,洞窟・屋内オーバーレイ,Lv.88～96,通常表8～15%,ベガ初回殿堂入り後。認定章数でエリアと中間進化枠を段階解禁。,トーホクは本編で使える低～中レベル基礎種、カントーは高レベル個体・中間進化・隠れ特性探索を担当。,ベガ既存11枠を上書きせず、CFRU側の条件付きオーバーレイ／DexNav／大量発生へ登録,P1,カチコールをトーホクで捕獲して進化,こおりのしま,進化／殿堂入り後DexNavで中間進化が稀に出現,通常野生は基礎種のみ,本編必須フラグを変更せず、外来生態フラグ・時間帯・DexNav・大量発生で制御,カチコールをカントーで捕獲して進化,ふたごじま,進化／認定章6個以降は中間進化がDexNav希少枠,通常野生は基礎種中心,ベガ初回殿堂入り後。認定章数でエリアと中間進化枠を段階解禁。,通常系統は両地方で基礎種を捕獲可能。トーホクは早期育成、カントーは高レベル・隠れ特性・タマゴ技探索を担当。,V2二地方生態版／541系統配置マスター＋特殊個体イベントマスター
714,オンバット,noibat,6,ひこう／ドラゴン,367,通常生態,no,no,未収録・追加対象,新IDへ追加,バッジ5～6個,501ばんどうろ,草むらオーバーレイ,8～12%,主に基礎形のみ出現。中間・最終進化は原則として育成で入手。時間帯・天候は生態チケットで任意固定可能。,全国研究図鑑へ登録（トーホク386完成条件には含めない）,NATIONAL_EXT_0714（新規16bit ID）,オンバット,オンバット → オンバーン,外来生態レイヤーへ追加,T505,505ばんどうろ／すいどう,草むらオーバーレイ,Lv.10～14,追加抽選3～6%,本編必須フラグを変更せず、外来生態フラグ・時間帯・DexNav・大量発生で制御,K11,11ばんどうろ,草むらオーバーレイ,Lv.76～82,通常表8～15%,ベガ初回殿堂入り後。認定章数でエリアと中間進化枠を段階解禁。,トーホクは本編で使える低～中レベル基礎種、カントーは高レベル個体・中間進化・隠れ特性探索を担当。,ベガ既存11枠を上書きせず、CFRU側の条件付きオーバーレイ／DexNav／大量発生へ登録,P1,トーホク野生生態,505ばんどうろ／すいどう,草むらオーバーレイ,追加抽選3～6%,本編必須フラグを変更せず、外来生態フラグ・時間帯・DexNav・大量発生で制御,カントー高レベル野生生態,11ばんどうろ,草むらオーバーレイ,通常表8～15%,ベガ初回殿堂入り後。認定章数でエリアと中間進化枠を段階解禁。,通常系統は両地方で基礎種を捕獲可能。トーホクは早期育成、カントーは高レベル・隠れ特性・タマゴ技探索を担当。,V2二地方生態版／541系統配置マスター＋特殊個体イベントマスター
715,オンバーン,noivern,6,ひこう／ドラゴン,367,通常生態,no,no,未収録・追加対象,新IDへ追加（進化入手）,バッジ5～6個,501ばんどうろ,進化,―,レベルアップ＋Lv.48以上（CFRU/DPEの対応トリガーを使用。通信・RTC必須にはしない）,全国研究図鑑へ登録（トーホク386完成条件には含めない）,NATIONAL_EXT_0715（新規16bit ID）,オンバット,オンバット → オンバーン,外来生態レイヤーへ追加,T505,505ばんどうろ／すいどう,草むらオーバーレイ,Lv.10～14,追加抽選3～6%,本編必須フラグを変更せず、外来生態フラグ・時間帯・DexNav・大量発生で制御,K11,11ばんどうろ,草むらオーバーレイ,Lv.76～82,通常表8～15%,ベガ初回殿堂入り後。認定章数でエリアと中間進化枠を段階解禁。,トーホクは本編で使える低～中レベル基礎種、カントーは高レベル個体・中間進化・隠れ特性探索を担当。,ベガ既存11枠を上書きせず、CFRU側の条件付きオーバーレイ／DexNav／大量発生へ登録,P1,オンバットをトーホクで捕獲して進化,505ばんどうろ／すいどう,進化／殿堂入り後DexNavで中間進化が稀に出現,通常野生は基礎種のみ,本編必須フラグを変更せず、外来生態フラグ・時間帯・DexNav・大量発生で制御,オンバットをカントーで捕獲して進化,11ばんどうろ,進化／認定章6個以降は中間進化がDexNav希少枠,通常野生は基礎種中心,ベガ初回殿堂入り後。認定章数でエリアと中間進化枠を段階解禁。,通常系統は両地方で基礎種を捕獲可能。トーホクは早期育成、カントーは高レベル・隠れ特性・タマゴ技探索を担当。,V2二地方生態版／541系統配置マスター＋特殊個体イベントマスター
716,ゼルネアス,xerneas,6,フェアリー,368,伝説,yes,no,未収録・追加対象,新IDへ追加,全国研究ランク4,スフィアいせき生態中枢,固定シンボル／専用クエスト,―,環境ゲージを均衡させる。ジガルデセル収集は50個に圧縮。,全国研究図鑑へ登録（トーホク386完成条件には含めない）,NATIONAL_EXT_0716（新規16bit ID）,ゼルネアス,ゼルネアス,固定イベント追加,EVENT_T,ハクジのもり／ダークタワー／スフィアいせき,固定シンボル／専用クエスト,Lv.75,原則1体・撃破時復活,全国研究ランク4,EVENT_K,タマムシ温室／ポケモンタワー／ハナダのどうくつ,手掛かり／共鳴戦／専用素材,イベント別,重複捕獲なし,全国研究ランク4＋主地方の捕獲フラグ共有,主地方で1個体だけ捕獲し、副地方では手掛かり・共鳴戦・専用素材を扱う。捕獲済みフラグは両地方で共有し、重複個体を与えない。,野生通常表には入れない,P2,トーホク固定イベントで捕獲,ハクジのもり／ダークタワー／スフィアいせき,固定シンボル／専用クエスト,原則1体・撃破時復活,全国研究ランク4,カントー側の手掛かり・共鳴イベント,タマムシ温室／ポケモンタワー／ハナダのどうくつ,手掛かり／共鳴戦／専用素材,重複捕獲なし,全国研究ランク4＋共有捕獲フラグ確認,主捕獲地方で1個体のみ捕獲。副地方は手掛かり・共鳴戦・素材報酬を担当し、共有捕獲フラグで重複個体を防止。,V2二地方生態版／541系統配置マスター＋特殊個体イベントマスター
717,イベルタル,yveltal,6,あく／ひこう,369,伝説,yes,no,未収録・追加対象,新IDへ追加,全国研究ランク4,スフィアいせき生態中枢,固定シンボル／専用クエスト,―,環境ゲージを均衡させる。ジガルデセル収集は50個に圧縮。,全国研究図鑑へ登録（トーホク386完成条件には含めない）,NATIONAL_EXT_0717（新規16bit ID）,イベルタル,イベルタル,固定イベント追加,EVENT_T,ハクジのもり／ダークタワー／スフィアいせき,手掛かり／共鳴戦／専用素材,イベント別,重複捕獲なし,全国研究ランク4＋主地方の捕獲フラグ共有,EVENT_K,タマムシ温室／ポケモンタワー／ハナダのどうくつ,固定シンボル／専用クエスト,Lv.75,原則1体・撃破時復活,全国研究ランク4,主地方で1個体だけ捕獲し、副地方では手掛かり・共鳴戦・専用素材を扱う。捕獲済みフラグは両地方で共有し、重複個体を与えない。,野生通常表には入れない,P2,トーホク側の手掛かり・共鳴イベント,ハクジのもり／ダークタワー／スフィアいせき,手掛かり／共鳴戦／専用素材,重複捕獲なし,全国研究ランク4＋共有捕獲フラグ確認,カントー固定イベントで捕獲,タマムシ温室／ポケモンタワー／ハナダのどうくつ,固定シンボル／専用クエスト,原則1体・撃破時復活,全国研究ランク4,主捕獲地方で1個体のみ捕獲。副地方は手掛かり・共鳴戦・素材報酬を担当し、共有捕獲フラグで重複個体を防止。,V2二地方生態版／541系統配置マスター＋特殊個体イベントマスター
718,ジガルデ,zygarde,6,ドラゴン／じめん,370,伝説,yes,no,未収録・追加対象,新IDへ追加,全国研究ランク4,スフィアいせき生態中枢,固定シンボル／専用クエスト,―,環境ゲージを均衡させる。ジガルデセル収集は50個に圧縮。,全国研究図鑑へ登録（トーホク386完成条件には含めない）,NATIONAL_EXT_0718（新規16bit ID）,ジガルデ,ジガルデ,固定イベント追加,EVENT_T,ハクジのもり／ダークタワー／スフィアいせき,固定シンボル／専用クエスト,Lv.75,原則1体・撃破時復活,全国研究ランク4,EVENT_K,タマムシ温室／ポケモンタワー／ハナダのどうくつ,手掛かり／共鳴戦／専用素材,イベント別,重複捕獲なし,全国研究ランク4＋主地方の捕獲フラグ共有,主地方で1個体だけ捕獲し、副地方では手掛かり・共鳴戦・専用素材を扱う。捕獲済みフラグは両地方で共有し、重複個体を与えない。,野生通常表には入れない,P2,トーホク固定イベントで捕獲,ハクジのもり／ダークタワー／スフィアいせき,固定シンボル／専用クエスト,原則1体・撃破時復活,全国研究ランク4,カントー側の手掛かり・共鳴イベント,タマムシ温室／ポケモンタワー／ハナダのどうくつ,手掛かり／共鳴戦／専用素材,重複捕獲なし,全国研究ランク4＋共有捕獲フラグ確認,主捕獲地方で1個体のみ捕獲。副地方は手掛かり・共鳴戦・素材報酬を担当し、共有捕獲フラグで重複個体を防止。,V2二地方生態版／541系統配置マスター＋特殊個体イベントマスター
719,ディアンシー,diancie,6,いわ／フェアリー,371,幻,no,yes,未収録・追加対象,新IDへ追加,殿堂入り＋鉱石納品,ちえのどうくつB2F,固定シンボル／専用クエスト,―,鉱夫救助後に固定戦。,全国研究図鑑へ登録（トーホク386完成条件には含めない）,NATIONAL_EXT_0719（新規16bit ID）,ディアンシー,ディアンシー,固定イベント追加,EVENT_T,ちえのどうくつ宝石層,固定シンボル／専用クエスト,Lv.80,原則1体・撃破時復活,殿堂入り＋鉱石納品,EVENT_K,おつきみやま結晶洞,手掛かり／共鳴戦／専用素材,イベント別,重複捕獲なし,殿堂入り＋鉱石納品＋主地方の捕獲フラグ共有,主地方で1個体だけ捕獲し、副地方では手掛かり・共鳴戦・専用素材を扱う。捕獲済みフラグは両地方で共有し、重複個体を与えない。,野生通常表には入れない,P2,トーホク固定イベントで捕獲,ちえのどうくつ宝石層,固定シンボル／専用クエスト,原則1体・撃破時復活,殿堂入り＋鉱石納品,カントー側の手掛かり・共鳴イベント,おつきみやま結晶洞,手掛かり／共鳴戦／専用素材,重複捕獲なし,殿堂入り＋鉱石納品＋共有捕獲フラグ確認,主捕獲地方で1個体のみ捕獲。副地方は手掛かり・共鳴戦・素材報酬を担当し、共有捕獲フラグで重複個体を防止。,V2二地方生態版／541系統配置マスター＋特殊個体イベントマスター
720,フーパ,hoopa,6,エスパー／ゴースト,372,幻,no,yes,未収録・追加対象,新IDへ追加,殿堂入り＋各地の封印輪3個,ときのようかん地下,固定シンボル／専用クエスト,―,輪を開閉する短いワープパズル。,全国研究図鑑へ登録（トーホク386完成条件には含めない）,NATIONAL_EXT_0720（新規16bit ID）,フーパ,フーパ,固定イベント追加,EVENT_T,スフィアいせき封印室,手掛かり／共鳴戦／専用素材,イベント別,重複捕獲なし,殿堂入り＋各地の封印輪3個＋主地方の捕獲フラグ共有,EVENT_K,ポケモンタワー封印階,固定シンボル／専用クエスト,Lv.80,原則1体・撃破時復活,殿堂入り＋各地の封印輪3個,主地方で1個体だけ捕獲し、副地方では手掛かり・共鳴戦・専用素材を扱う。捕獲済みフラグは両地方で共有し、重複個体を与えない。,野生通常表には入れない,P2,トーホク側の手掛かり・共鳴イベント,スフィアいせき封印室,手掛かり／共鳴戦／専用素材,重複捕獲なし,殿堂入り＋各地の封印輪3個＋共有捕獲フラグ確認,カントー固定イベントで捕獲,ポケモンタワー封印階,固定シンボル／専用クエスト,原則1体・撃破時復活,殿堂入り＋各地の封印輪3個,主捕獲地方で1個体のみ捕獲。副地方は手掛かり・共鳴戦・素材報酬を担当し、共有捕獲フラグで重複個体を防止。,V2二地方生態版／541系統配置マスター＋特殊個体イベントマスター
721,ボルケニオン,volcanion,6,ほのお／みず,373,幻,no,yes,未収録・追加対象,新IDへ追加,殿堂入り＋ボルケニオン用圧力弁,ひのしま深部,固定シンボル／専用クエスト,―,噴気孔を閉じて固定戦。,全国研究図鑑へ登録（トーホク386完成条件には含めない）,NATIONAL_EXT_0721（新規16bit ID）,ボルケニオン,ボルケニオン,固定イベント追加,EVENT_T,ひのしま蒸気坑,固定シンボル／専用クエスト,Lv.80,原則1体・撃破時復活,殿堂入り＋ボルケニオン用圧力弁,EVENT_K,グレン研究所・蒸気実験室,手掛かり／共鳴戦／専用素材,イベント別,重複捕獲なし,殿堂入り＋ボルケニオン用圧力弁＋主地方の捕獲フラグ共有,主地方で1個体だけ捕獲し、副地方では手掛かり・共鳴戦・専用素材を扱う。捕獲済みフラグは両地方で共有し、重複個体を与えない。,野生通常表には入れない,P2,トーホク固定イベントで捕獲,ひのしま蒸気坑,固定シンボル／専用クエスト,原則1体・撃破時復活,殿堂入り＋ボルケニオン用圧力弁,カントー側の手掛かり・共鳴イベント,グレン研究所・蒸気実験室,手掛かり／共鳴戦／専用素材,重複捕獲なし,殿堂入り＋ボルケニオン用圧力弁＋共有捕獲フラグ確認,主捕獲地方で1個体のみ捕獲。副地方は手掛かり・共鳴戦・素材報酬を担当し、共有捕獲フラグで重複個体を防止。,V2二地方生態版／541系統配置マスター＋特殊個体イベントマスター
722,モクロー,rowlet,7,くさ／ひこう,374,御三家,no,no,未収録・追加対象,新IDへ追加,殿堂入り＋全国研究開始,ハクジタウン研究所,地方研究依頼の報酬タマゴ,―,各世代の生態サンプルを3件提出。選択式にせず、依頼再受注で全系統入手可能。,全国研究図鑑へ登録（トーホク386完成条件には含めない）,NATIONAL_EXT_0722（新規16bit ID）,モクロー,モクロー → フクスロー → ジュナイパー,地方研究タマゴ追加,T_LAB,ハクジタウン・ヒイラギ研究所,地域別研究依頼の報酬タマゴ,Lv.5,研究チケット1枚／系統選択・反復可,各世代の生態サンプルを3件提出。選択式にせず、依頼再受注で全系統入手可能。,K47,マサラタウン・オーキド研究所,オーキド研究所の生態交換タマゴ,Lv.5,カントー認定章2個ごとに1系統、最終的に全系統反復可,ベガ初回殿堂入り後。認定章数でエリアと中間進化枠を段階解禁。,御三家を野生化せず、両地方の研究所を巡る収集導線にする。,通常野生表には入れない,P2,ヒイラギ研究所の地方研究タマゴ,ハクジタウン・ヒイラギ研究所,選択式タマゴ配布,各系統1個／再取得は研究ポイント,各世代の生態サンプルを3件提出。選択式にせず、依頼再受注で全系統入手可能。,オーキド研究所の国際交換タマゴ,マサラタウン・オーキド研究所,選択式タマゴ配布,トーホクで未選択の系統を優先,ベガ初回殿堂入り後。認定章数でエリアと中間進化枠を段階解禁。,通常系統は両地方で基礎種を捕獲可能。トーホクは早期育成、カントーは高レベル・隠れ特性・タマゴ技探索を担当。,V2二地方生態版／541系統配置マスター＋特殊個体イベントマスター
723,フクスロー,dartrix,7,くさ／ひこう,374,御三家,no,no,未収録・追加対象,新IDへ追加（進化入手）,殿堂入り＋全国研究開始,ハクジタウン研究所,進化,―,レベルアップ＋Lv.17以上（CFRU/DPEの対応トリガーを使用。通信・RTC必須にはしない）,全国研究図鑑へ登録（トーホク386完成条件には含めない）,NATIONAL_EXT_0723（新規16bit ID）,モクロー,モクロー → フクスロー → ジュナイパー,地方研究タマゴ追加,T_LAB,ハクジタウン・ヒイラギ研究所,地域別研究依頼の報酬タマゴ,Lv.5,研究チケット1枚／系統選択・反復可,各世代の生態サンプルを3件提出。選択式にせず、依頼再受注で全系統入手可能。,K47,マサラタウン・オーキド研究所,オーキド研究所の生態交換タマゴ,Lv.5,カントー認定章2個ごとに1系統、最終的に全系統反復可,ベガ初回殿堂入り後。認定章数でエリアと中間進化枠を段階解禁。,御三家を野生化せず、両地方の研究所を巡る収集導線にする。,通常野生表には入れない,P2,モクローを育成して進化,ハクジタウン・ヒイラギ研究所,進化,野生追加なし,各世代の生態サンプルを3件提出。選択式にせず、依頼再受注で全系統入手可能。,モクローを育成して進化,マサラタウン・オーキド研究所,進化,野生追加なし,ベガ初回殿堂入り後。認定章数でエリアと中間進化枠を段階解禁。,通常系統は両地方で基礎種を捕獲可能。トーホクは早期育成、カントーは高レベル・隠れ特性・タマゴ技探索を担当。,V2二地方生態版／541系統配置マスター＋特殊個体イベントマスター
724,ジュナイパー,decidueye,7,くさ／ゴースト,374,御三家,no,no,未収録・追加対象,新IDへ追加（進化入手）,殿堂入り＋全国研究開始,ハクジタウン研究所,進化,―,レベルアップ＋Lv.34以上（CFRU/DPEの対応トリガーを使用。通信・RTC必須にはしない）,全国研究図鑑へ登録（トーホク386完成条件には含めない）,NATIONAL_EXT_0724（新規16bit ID）,モクロー,モクロー → フクスロー → ジュナイパー,地方研究タマゴ追加,T_LAB,ハクジタウン・ヒイラギ研究所,地域別研究依頼の報酬タマゴ,Lv.5,研究チケット1枚／系統選択・反復可,各世代の生態サンプルを3件提出。選択式にせず、依頼再受注で全系統入手可能。,K47,マサラタウン・オーキド研究所,オーキド研究所の生態交換タマゴ,Lv.5,カントー認定章2個ごとに1系統、最終的に全系統反復可,ベガ初回殿堂入り後。認定章数でエリアと中間進化枠を段階解禁。,御三家を野生化せず、両地方の研究所を巡る収集導線にする。,通常野生表には入れない,P2,モクローを育成して進化,ハクジタウン・ヒイラギ研究所,進化,野生追加なし,各世代の生態サンプルを3件提出。選択式にせず、依頼再受注で全系統入手可能。,モクローを育成して進化,マサラタウン・オーキド研究所,進化,野生追加なし,ベガ初回殿堂入り後。認定章数でエリアと中間進化枠を段階解禁。,通常系統は両地方で基礎種を捕獲可能。トーホクは早期育成、カントーは高レベル・隠れ特性・タマゴ技探索を担当。,V2二地方生態版／541系統配置マスター＋特殊個体イベントマスター
725,ニャビー,litten,7,ほのお,375,御三家,no,no,未収録・追加対象,新IDへ追加,殿堂入り＋全国研究開始,ハクジタウン研究所,地方研究依頼の報酬タマゴ,―,各世代の生態サンプルを3件提出。選択式にせず、依頼再受注で全系統入手可能。,全国研究図鑑へ登録（トーホク386完成条件には含めない）,NATIONAL_EXT_0725（新規16bit ID）,ニャビー,ニャビー → ニャヒート → ガオガエン,地方研究タマゴ追加,T_LAB,ハクジタウン・ヒイラギ研究所,地域別研究依頼の報酬タマゴ,Lv.5,研究チケット1枚／系統選択・反復可,各世代の生態サンプルを3件提出。選択式にせず、依頼再受注で全系統入手可能。,K47,マサラタウン・オーキド研究所,オーキド研究所の生態交換タマゴ,Lv.5,カントー認定章2個ごとに1系統、最終的に全系統反復可,ベガ初回殿堂入り後。認定章数でエリアと中間進化枠を段階解禁。,御三家を野生化せず、両地方の研究所を巡る収集導線にする。,通常野生表には入れない,P2,ヒイラギ研究所の地方研究タマゴ,ハクジタウン・ヒイラギ研究所,選択式タマゴ配布,各系統1個／再取得は研究ポイント,各世代の生態サンプルを3件提出。選択式にせず、依頼再受注で全系統入手可能。,オーキド研究所の国際交換タマゴ,マサラタウン・オーキド研究所,選択式タマゴ配布,トーホクで未選択の系統を優先,ベガ初回殿堂入り後。認定章数でエリアと中間進化枠を段階解禁。,通常系統は両地方で基礎種を捕獲可能。トーホクは早期育成、カントーは高レベル・隠れ特性・タマゴ技探索を担当。,V2二地方生態版／541系統配置マスター＋特殊個体イベントマスター
726,ニャヒート,torracat,7,ほのお,375,御三家,no,no,未収録・追加対象,新IDへ追加（進化入手）,殿堂入り＋全国研究開始,ハクジタウン研究所,進化,―,レベルアップ＋Lv.17以上（CFRU/DPEの対応トリガーを使用。通信・RTC必須にはしない）,全国研究図鑑へ登録（トーホク386完成条件には含めない）,NATIONAL_EXT_0726（新規16bit ID）,ニャビー,ニャビー → ニャヒート → ガオガエン,地方研究タマゴ追加,T_LAB,ハクジタウン・ヒイラギ研究所,地域別研究依頼の報酬タマゴ,Lv.5,研究チケット1枚／系統選択・反復可,各世代の生態サンプルを3件提出。選択式にせず、依頼再受注で全系統入手可能。,K47,マサラタウン・オーキド研究所,オーキド研究所の生態交換タマゴ,Lv.5,カントー認定章2個ごとに1系統、最終的に全系統反復可,ベガ初回殿堂入り後。認定章数でエリアと中間進化枠を段階解禁。,御三家を野生化せず、両地方の研究所を巡る収集導線にする。,通常野生表には入れない,P2,ニャビーを育成して進化,ハクジタウン・ヒイラギ研究所,進化,野生追加なし,各世代の生態サンプルを3件提出。選択式にせず、依頼再受注で全系統入手可能。,ニャビーを育成して進化,マサラタウン・オーキド研究所,進化,野生追加なし,ベガ初回殿堂入り後。認定章数でエリアと中間進化枠を段階解禁。,通常系統は両地方で基礎種を捕獲可能。トーホクは早期育成、カントーは高レベル・隠れ特性・タマゴ技探索を担当。,V2二地方生態版／541系統配置マスター＋特殊個体イベントマスター
727,ガオガエン,incineroar,7,ほのお／あく,375,御三家,no,no,未収録・追加対象,新IDへ追加（進化入手）,殿堂入り＋全国研究開始,ハクジタウン研究所,進化,―,レベルアップ＋Lv.34以上（CFRU/DPEの対応トリガーを使用。通信・RTC必須にはしない）,全国研究図鑑へ登録（トーホク386完成条件には含めない）,NATIONAL_EXT_0727（新規16bit ID）,ニャビー,ニャビー → ニャヒート → ガオガエン,地方研究タマゴ追加,T_LAB,ハクジタウン・ヒイラギ研究所,地域別研究依頼の報酬タマゴ,Lv.5,研究チケット1枚／系統選択・反復可,各世代の生態サンプルを3件提出。選択式にせず、依頼再受注で全系統入手可能。,K47,マサラタウン・オーキド研究所,オーキド研究所の生態交換タマゴ,Lv.5,カントー認定章2個ごとに1系統、最終的に全系統反復可,ベガ初回殿堂入り後。認定章数でエリアと中間進化枠を段階解禁。,御三家を野生化せず、両地方の研究所を巡る収集導線にする。,通常野生表には入れない,P2,ニャビーを育成して進化,ハクジタウン・ヒイラギ研究所,進化,野生追加なし,各世代の生態サンプルを3件提出。選択式にせず、依頼再受注で全系統入手可能。,ニャビーを育成して進化,マサラタウン・オーキド研究所,進化,野生追加なし,ベガ初回殿堂入り後。認定章数でエリアと中間進化枠を段階解禁。,通常系統は両地方で基礎種を捕獲可能。トーホクは早期育成、カントーは高レベル・隠れ特性・タマゴ技探索を担当。,V2二地方生態版／541系統配置マスター＋特殊個体イベントマスター
728,アシマリ,popplio,7,みず,376,御三家,no,no,未収録・追加対象,新IDへ追加,殿堂入り＋全国研究開始,ハクジタウン研究所,地方研究依頼の報酬タマゴ,―,各世代の生態サンプルを3件提出。選択式にせず、依頼再受注で全系統入手可能。,全国研究図鑑へ登録（トーホク386完成条件には含めない）,NATIONAL_EXT_0728（新規16bit ID）,アシマリ,アシマリ → オシャマリ → アシレーヌ,地方研究タマゴ追加,T_LAB,ハクジタウン・ヒイラギ研究所,地域別研究依頼の報酬タマゴ,Lv.5,研究チケット1枚／系統選択・反復可,各世代の生態サンプルを3件提出。選択式にせず、依頼再受注で全系統入手可能。,K47,マサラタウン・オーキド研究所,オーキド研究所の生態交換タマゴ,Lv.5,カントー認定章2個ごとに1系統、最終的に全系統反復可,ベガ初回殿堂入り後。認定章数でエリアと中間進化枠を段階解禁。,御三家を野生化せず、両地方の研究所を巡る収集導線にする。,通常野生表には入れない,P2,ヒイラギ研究所の地方研究タマゴ,ハクジタウン・ヒイラギ研究所,選択式タマゴ配布,各系統1個／再取得は研究ポイント,各世代の生態サンプルを3件提出。選択式にせず、依頼再受注で全系統入手可能。,オーキド研究所の国際交換タマゴ,マサラタウン・オーキド研究所,選択式タマゴ配布,トーホクで未選択の系統を優先,ベガ初回殿堂入り後。認定章数でエリアと中間進化枠を段階解禁。,通常系統は両地方で基礎種を捕獲可能。トーホクは早期育成、カントーは高レベル・隠れ特性・タマゴ技探索を担当。,V2二地方生態版／541系統配置マスター＋特殊個体イベントマスター
729,オシャマリ,brionne,7,みず,376,御三家,no,no,未収録・追加対象,新IDへ追加（進化入手）,殿堂入り＋全国研究開始,ハクジタウン研究所,進化,―,レベルアップ＋Lv.17以上（CFRU/DPEの対応トリガーを使用。通信・RTC必須にはしない）,全国研究図鑑へ登録（トーホク386完成条件には含めない）,NATIONAL_EXT_0729（新規16bit ID）,アシマリ,アシマリ → オシャマリ → アシレーヌ,地方研究タマゴ追加,T_LAB,ハクジタウン・ヒイラギ研究所,地域別研究依頼の報酬タマゴ,Lv.5,研究チケット1枚／系統選択・反復可,各世代の生態サンプルを3件提出。選択式にせず、依頼再受注で全系統入手可能。,K47,マサラタウン・オーキド研究所,オーキド研究所の生態交換タマゴ,Lv.5,カントー認定章2個ごとに1系統、最終的に全系統反復可,ベガ初回殿堂入り後。認定章数でエリアと中間進化枠を段階解禁。,御三家を野生化せず、両地方の研究所を巡る収集導線にする。,通常野生表には入れない,P2,アシマリを育成して進化,ハクジタウン・ヒイラギ研究所,進化,野生追加なし,各世代の生態サンプルを3件提出。選択式にせず、依頼再受注で全系統入手可能。,アシマリを育成して進化,マサラタウン・オーキド研究所,進化,野生追加なし,ベガ初回殿堂入り後。認定章数でエリアと中間進化枠を段階解禁。,通常系統は両地方で基礎種を捕獲可能。トーホクは早期育成、カントーは高レベル・隠れ特性・タマゴ技探索を担当。,V2二地方生態版／541系統配置マスター＋特殊個体イベントマスター
730,アシレーヌ,primarina,7,みず／フェアリー,376,御三家,no,no,未収録・追加対象,新IDへ追加（進化入手）,殿堂入り＋全国研究開始,ハクジタウン研究所,進化,―,レベルアップ＋Lv.34以上（CFRU/DPEの対応トリガーを使用。通信・RTC必須にはしない）,全国研究図鑑へ登録（トーホク386完成条件には含めない）,NATIONAL_EXT_0730（新規16bit ID）,アシマリ,アシマリ → オシャマリ → アシレーヌ,地方研究タマゴ追加,T_LAB,ハクジタウン・ヒイラギ研究所,地域別研究依頼の報酬タマゴ,Lv.5,研究チケット1枚／系統選択・反復可,各世代の生態サンプルを3件提出。選択式にせず、依頼再受注で全系統入手可能。,K47,マサラタウン・オーキド研究所,オーキド研究所の生態交換タマゴ,Lv.5,カントー認定章2個ごとに1系統、最終的に全系統反復可,ベガ初回殿堂入り後。認定章数でエリアと中間進化枠を段階解禁。,御三家を野生化せず、両地方の研究所を巡る収集導線にする。,通常野生表には入れない,P2,アシマリを育成して進化,ハクジタウン・ヒイラギ研究所,進化,野生追加なし,各世代の生態サンプルを3件提出。選択式にせず、依頼再受注で全系統入手可能。,アシマリを育成して進化,マサラタウン・オーキド研究所,進化,野生追加なし,ベガ初回殿堂入り後。認定章数でエリアと中間進化枠を段階解禁。,通常系統は両地方で基礎種を捕獲可能。トーホクは早期育成、カントーは高レベル・隠れ特性・タマゴ技探索を担当。,V2二地方生態版／541系統配置マスター＋特殊個体イベントマスター
731,ツツケラ,pikipek,7,ノーマル／ひこう,377,通常生態,no,no,未収録・追加対象,新IDへ追加,バッジ7～8個,521～523ばんどうろ,草むらオーバーレイ,8～12%,主に基礎形のみ出現。中間・最終進化は原則として育成で入手。時間帯・天候は生態チケットで任意固定可能。,全国研究図鑑へ登録（トーホク386完成条件には含めない）,NATIONAL_EXT_0731（新規16bit ID）,ツツケラ,ツツケラ → ケララッパ → ドデカバシ,外来生態レイヤーへ追加,T501,501ばんどうろ／すいどう,草むらオーバーレイ,Lv.2～5,追加抽選3～6%,本編必須フラグを変更せず、外来生態フラグ・時間帯・DexNav・大量発生で制御,K25,25ばんどうろ,草むらオーバーレイ,Lv.75～80,通常表8～15%,ベガ初回殿堂入り後。認定章数でエリアと中間進化枠を段階解禁。,トーホクは本編で使える低～中レベル基礎種、カントーは高レベル個体・中間進化・隠れ特性探索を担当。,ベガ既存11枠を上書きせず、CFRU側の条件付きオーバーレイ／DexNav／大量発生へ登録,P1,トーホク野生生態,501ばんどうろ／すいどう,草むらオーバーレイ,追加抽選3～6%,本編必須フラグを変更せず、外来生態フラグ・時間帯・DexNav・大量発生で制御,カントー高レベル野生生態,25ばんどうろ,草むらオーバーレイ,通常表8～15%,ベガ初回殿堂入り後。認定章数でエリアと中間進化枠を段階解禁。,通常系統は両地方で基礎種を捕獲可能。トーホクは早期育成、カントーは高レベル・隠れ特性・タマゴ技探索を担当。,V2二地方生態版／541系統配置マスター＋特殊個体イベントマスター
732,ケララッパ,trumbeak,7,ノーマル／ひこう,377,通常生態,no,no,未収録・追加対象,新IDへ追加（進化入手）,バッジ7～8個,521～523ばんどうろ,進化,―,レベルアップ＋Lv.14以上（CFRU/DPEの対応トリガーを使用。通信・RTC必須にはしない）,全国研究図鑑へ登録（トーホク386完成条件には含めない）,NATIONAL_EXT_0732（新規16bit ID）,ツツケラ,ツツケラ → ケララッパ → ドデカバシ,外来生態レイヤーへ追加,T501,501ばんどうろ／すいどう,草むらオーバーレイ,Lv.2～5,追加抽選3～6%,本編必須フラグを変更せず、外来生態フラグ・時間帯・DexNav・大量発生で制御,K25,25ばんどうろ,草むらオーバーレイ,Lv.75～80,通常表8～15%,ベガ初回殿堂入り後。認定章数でエリアと中間進化枠を段階解禁。,トーホクは本編で使える低～中レベル基礎種、カントーは高レベル個体・中間進化・隠れ特性探索を担当。,ベガ既存11枠を上書きせず、CFRU側の条件付きオーバーレイ／DexNav／大量発生へ登録,P1,ツツケラをトーホクで捕獲して進化,501ばんどうろ／すいどう,進化／殿堂入り後DexNavで中間進化が稀に出現,通常野生は基礎種のみ,本編必須フラグを変更せず、外来生態フラグ・時間帯・DexNav・大量発生で制御,ツツケラをカントーで捕獲して進化,25ばんどうろ,進化／認定章6個以降は中間進化がDexNav希少枠,通常野生は基礎種中心,ベガ初回殿堂入り後。認定章数でエリアと中間進化枠を段階解禁。,通常系統は両地方で基礎種を捕獲可能。トーホクは早期育成、カントーは高レベル・隠れ特性・タマゴ技探索を担当。,V2二地方生態版／541系統配置マスター＋特殊個体イベントマスター
733,ドデカバシ,toucannon,7,ノーマル／ひこう,377,通常生態,no,no,未収録・追加対象,新IDへ追加（進化入手）,バッジ7～8個,521～523ばんどうろ,進化,―,レベルアップ＋Lv.28以上（CFRU/DPEの対応トリガーを使用。通信・RTC必須にはしない）,全国研究図鑑へ登録（トーホク386完成条件には含めない）,NATIONAL_EXT_0733（新規16bit ID）,ツツケラ,ツツケラ → ケララッパ → ドデカバシ,外来生態レイヤーへ追加,T501,501ばんどうろ／すいどう,草むらオーバーレイ,Lv.2～5,追加抽選3～6%,本編必須フラグを変更せず、外来生態フラグ・時間帯・DexNav・大量発生で制御,K25,25ばんどうろ,草むらオーバーレイ,Lv.75～80,通常表8～15%,ベガ初回殿堂入り後。認定章数でエリアと中間進化枠を段階解禁。,トーホクは本編で使える低～中レベル基礎種、カントーは高レベル個体・中間進化・隠れ特性探索を担当。,ベガ既存11枠を上書きせず、CFRU側の条件付きオーバーレイ／DexNav／大量発生へ登録,P1,ツツケラをトーホクで捕獲して進化,501ばんどうろ／すいどう,進化／殿堂入り後DexNavで中間進化が稀に出現,通常野生は基礎種のみ,本編必須フラグを変更せず、外来生態フラグ・時間帯・DexNav・大量発生で制御,ツツケラをカントーで捕獲して進化,25ばんどうろ,進化／認定章6個以降は中間進化がDexNav希少枠,通常野生は基礎種中心,ベガ初回殿堂入り後。認定章数でエリアと中間進化枠を段階解禁。,通常系統は両地方で基礎種を捕獲可能。トーホクは早期育成、カントーは高レベル・隠れ特性・タマゴ技探索を担当。,V2二地方生態版／541系統配置マスター＋特殊個体イベントマスター
734,ヤングース,yungoos,7,ノーマル,378,通常生態,no,no,未収録・追加対象,新IDへ追加,殿堂入り後,517～520ばんどうろ,時間帯オーバーレイ,8～12%,主に基礎形のみ出現。中間・最終進化は原則として育成で入手。時間帯・天候は生態チケットで任意固定可能。,全国研究図鑑へ登録（トーホク386完成条件には含めない）,NATIONAL_EXT_0734（新規16bit ID）,ヤングース,ヤングース → デカグース,外来生態レイヤーへ追加,T504,504ばんどうろ／すいどう,草むらオーバーレイ,Lv.9～13,追加抽選3～6%,本編必須フラグを変更せず、外来生態フラグ・時間帯・DexNav・大量発生で制御,K18,18ばんどうろ,草むらオーバーレイ,Lv.84～90,通常表8～15%,ベガ初回殿堂入り後。認定章数でエリアと中間進化枠を段階解禁。,トーホクは本編で使える低～中レベル基礎種、カントーは高レベル個体・中間進化・隠れ特性探索を担当。,ベガ既存11枠を上書きせず、CFRU側の条件付きオーバーレイ／DexNav／大量発生へ登録,P2,トーホク野生生態,504ばんどうろ／すいどう,草むらオーバーレイ,追加抽選3～6%,本編必須フラグを変更せず、外来生態フラグ・時間帯・DexNav・大量発生で制御,カントー高レベル野生生態,18ばんどうろ,草むらオーバーレイ,通常表8～15%,ベガ初回殿堂入り後。認定章数でエリアと中間進化枠を段階解禁。,通常系統は両地方で基礎種を捕獲可能。トーホクは早期育成、カントーは高レベル・隠れ特性・タマゴ技探索を担当。,V2二地方生態版／541系統配置マスター＋特殊個体イベントマスター
735,デカグース,gumshoos,7,ノーマル,378,通常生態,no,no,未収録・追加対象,新IDへ追加（進化入手）,殿堂入り後,517～520ばんどうろ,進化,―,レベルアップ＋Lv.20以上＋昼（CFRU/DPEの対応トリガーを使用。通信・RTC必須にはしない）,全国研究図鑑へ登録（トーホク386完成条件には含めない）,NATIONAL_EXT_0735（新規16bit ID）,ヤングース,ヤングース → デカグース,外来生態レイヤーへ追加,T504,504ばんどうろ／すいどう,草むらオーバーレイ,Lv.9～13,追加抽選3～6%,本編必須フラグを変更せず、外来生態フラグ・時間帯・DexNav・大量発生で制御,K18,18ばんどうろ,草むらオーバーレイ,Lv.84～90,通常表8～15%,ベガ初回殿堂入り後。認定章数でエリアと中間進化枠を段階解禁。,トーホクは本編で使える低～中レベル基礎種、カントーは高レベル個体・中間進化・隠れ特性探索を担当。,ベガ既存11枠を上書きせず、CFRU側の条件付きオーバーレイ／DexNav／大量発生へ登録,P2,ヤングースをトーホクで捕獲して進化,504ばんどうろ／すいどう,進化／殿堂入り後DexNavで中間進化が稀に出現,通常野生は基礎種のみ,本編必須フラグを変更せず、外来生態フラグ・時間帯・DexNav・大量発生で制御,ヤングースをカントーで捕獲して進化,18ばんどうろ,進化／認定章6個以降は中間進化がDexNav希少枠,通常野生は基礎種中心,ベガ初回殿堂入り後。認定章数でエリアと中間進化枠を段階解禁。,通常系統は両地方で基礎種を捕獲可能。トーホクは早期育成、カントーは高レベル・隠れ特性・タマゴ技探索を担当。,V2二地方生態版／541系統配置マスター＋特殊個体イベントマスター
736,アゴジムシ,grubbin,7,むし,379,通常生態,no,no,未収録・追加対象,新IDへ追加,バッジ1～2個,504～506ばんどうろ,草むらオーバーレイ,8～12%,主に基礎形のみ出現。中間・最終進化は原則として育成で入手。時間帯・天候は生態チケットで任意固定可能。,全国研究図鑑へ登録（トーホク386完成条件には含めない）,NATIONAL_EXT_0736（新規16bit ID）,アゴジムシ,アゴジムシ → デンヂムシ → クワガノン,外来生態レイヤーへ追加,T036,サファリゾーン東,ずつき／朝昼オーバーレイ,Lv.38～48／殿堂入り後Lv.55～70,追加抽選3～6%,本編必須フラグを変更せず、外来生態フラグ・時間帯・DexNav・大量発生で制御,K35,サファリゾーン東,ずつき／朝昼オーバーレイ,Lv.85～94,通常表8～15%,ベガ初回殿堂入り後。認定章数でエリアと中間進化枠を段階解禁。,トーホクは本編で使える低～中レベル基礎種、カントーは高レベル個体・中間進化・隠れ特性探索を担当。,ベガ既存11枠を上書きせず、CFRU側の条件付きオーバーレイ／DexNav／大量発生へ登録,P1,トーホク野生生態,サファリゾーン東,ずつき／朝昼オーバーレイ,追加抽選3～6%,本編必須フラグを変更せず、外来生態フラグ・時間帯・DexNav・大量発生で制御,カントー高レベル野生生態,サファリゾーン東,ずつき／朝昼オーバーレイ,通常表8～15%,ベガ初回殿堂入り後。認定章数でエリアと中間進化枠を段階解禁。,通常系統は両地方で基礎種を捕獲可能。トーホクは早期育成、カントーは高レベル・隠れ特性・タマゴ技探索を担当。,V2二地方生態版／541系統配置マスター＋特殊個体イベントマスター
737,デンヂムシ,charjabug,7,むし／でんき,379,通常生態,no,no,未収録・追加対象,新IDへ追加（進化入手）,バッジ1～2個,504～506ばんどうろ,進化,―,レベルアップ＋Lv.20以上（CFRU/DPEの対応トリガーを使用。通信・RTC必須にはしない）,全国研究図鑑へ登録（トーホク386完成条件には含めない）,NATIONAL_EXT_0737（新規16bit ID）,アゴジムシ,アゴジムシ → デンヂムシ → クワガノン,外来生態レイヤーへ追加,T036,サファリゾーン東,ずつき／朝昼オーバーレイ,Lv.38～48／殿堂入り後Lv.55～70,追加抽選3～6%,本編必須フラグを変更せず、外来生態フラグ・時間帯・DexNav・大量発生で制御,K35,サファリゾーン東,ずつき／朝昼オーバーレイ,Lv.85～94,通常表8～15%,ベガ初回殿堂入り後。認定章数でエリアと中間進化枠を段階解禁。,トーホクは本編で使える低～中レベル基礎種、カントーは高レベル個体・中間進化・隠れ特性探索を担当。,ベガ既存11枠を上書きせず、CFRU側の条件付きオーバーレイ／DexNav／大量発生へ登録,P1,アゴジムシをトーホクで捕獲して進化,サファリゾーン東,進化／殿堂入り後DexNavで中間進化が稀に出現,通常野生は基礎種のみ,本編必須フラグを変更せず、外来生態フラグ・時間帯・DexNav・大量発生で制御,アゴジムシをカントーで捕獲して進化,サファリゾーン東,進化／認定章6個以降は中間進化がDexNav希少枠,通常野生は基礎種中心,ベガ初回殿堂入り後。認定章数でエリアと中間進化枠を段階解禁。,通常系統は両地方で基礎種を捕獲可能。トーホクは早期育成、カントーは高レベル・隠れ特性・タマゴ技探索を担当。,V2二地方生態版／541系統配置マスター＋特殊個体イベントマスター
738,クワガノン,vikavolt,7,むし／でんき,379,通常生態,no,no,未収録・追加対象,新IDへ追加（進化入手）,バッジ1～2個,504～506ばんどうろ,進化,―,指定場所をトーホクの対応バイオームへ置換。場所依存を避ける救済用「フィールドコア」も用意。,全国研究図鑑へ登録（トーホク386完成条件には含めない）,NATIONAL_EXT_0738（新規16bit ID）,アゴジムシ,アゴジムシ → デンヂムシ → クワガノン,外来生態レイヤーへ追加,T036,サファリゾーン東,ずつき／朝昼オーバーレイ,Lv.38～48／殿堂入り後Lv.55～70,追加抽選3～6%,本編必須フラグを変更せず、外来生態フラグ・時間帯・DexNav・大量発生で制御,K35,サファリゾーン東,ずつき／朝昼オーバーレイ,Lv.85～94,通常表8～15%,ベガ初回殿堂入り後。認定章数でエリアと中間進化枠を段階解禁。,トーホクは本編で使える低～中レベル基礎種、カントーは高レベル個体・中間進化・隠れ特性探索を担当。,ベガ既存11枠を上書きせず、CFRU側の条件付きオーバーレイ／DexNav／大量発生へ登録,P1,アゴジムシをトーホクで捕獲して進化,サファリゾーン東,進化／殿堂入り後DexNavで中間進化が稀に出現,通常野生は基礎種のみ,本編必須フラグを変更せず、外来生態フラグ・時間帯・DexNav・大量発生で制御,アゴジムシをカントーで捕獲して進化,サファリゾーン東,進化／認定章6個以降は中間進化がDexNav希少枠,通常野生は基礎種中心,ベガ初回殿堂入り後。認定章数でエリアと中間進化枠を段階解禁。,通常系統は両地方で基礎種を捕獲可能。トーホクは早期育成、カントーは高レベル・隠れ特性・タマゴ技探索を担当。,V2二地方生態版／541系統配置マスター＋特殊個体イベントマスター
739,マケンカニ,crabrawler,7,かくとう,380,通常生態,no,no,未収録・追加対象,新IDへ追加,殿堂入り後,514～516ばんどうろ,図鑑ナビ隠し枠,通常表0%／ナビ検索時1～5%,主に基礎形のみ出現。中間・最終進化は原則として育成で入手。時間帯・天候は生態チケットで任意固定可能。,全国研究図鑑へ登録（トーホク386完成条件には含めない）,NATIONAL_EXT_0739（新規16bit ID）,マケンカニ,マケンカニ → ケケンカニ,外来生態レイヤーへ追加,T031,ユキユキやま,洞窟・屋内オーバーレイ,Lv.36～46／殿堂入り後Lv.58～72,追加抽選3～6%,本編必須フラグを変更せず、外来生態フラグ・時間帯・DexNav・大量発生で制御,K20,20ばんどうろ,大量発生,Lv.88～93,通常0%／発生中20～35%,ベガ初回殿堂入り後。認定章数でエリアと中間進化枠を段階解禁。,トーホクは本編で使える低～中レベル基礎種、カントーは高レベル個体・中間進化・隠れ特性探索を担当。,ベガ既存11枠を上書きせず、CFRU側の条件付きオーバーレイ／DexNav／大量発生へ登録,P2,トーホク野生生態,ユキユキやま,洞窟・屋内オーバーレイ,追加抽選3～6%,本編必須フラグを変更せず、外来生態フラグ・時間帯・DexNav・大量発生で制御,カントー高レベル野生生態,20ばんどうろ,大量発生,通常0%／発生中20～35%,ベガ初回殿堂入り後。認定章数でエリアと中間進化枠を段階解禁。,通常系統は両地方で基礎種を捕獲可能。トーホクは早期育成、カントーは高レベル・隠れ特性・タマゴ技探索を担当。,V2二地方生態版／541系統配置マスター＋特殊個体イベントマスター
740,ケケンカニ,crabominable,7,かくとう／こおり,380,通常生態,no,no,未収録・追加対象,新IDへ追加（進化入手）,殿堂入り後,514～516ばんどうろ,進化,―,指定場所をトーホクの対応バイオームへ置換。場所依存を避ける救済用「フィールドコア」も用意。,全国研究図鑑へ登録（トーホク386完成条件には含めない）,NATIONAL_EXT_0740（新規16bit ID）,マケンカニ,マケンカニ → ケケンカニ,外来生態レイヤーへ追加,T031,ユキユキやま,洞窟・屋内オーバーレイ,Lv.36～46／殿堂入り後Lv.58～72,追加抽選3～6%,本編必須フラグを変更せず、外来生態フラグ・時間帯・DexNav・大量発生で制御,K20,20ばんどうろ,大量発生,Lv.88～93,通常0%／発生中20～35%,ベガ初回殿堂入り後。認定章数でエリアと中間進化枠を段階解禁。,トーホクは本編で使える低～中レベル基礎種、カントーは高レベル個体・中間進化・隠れ特性探索を担当。,ベガ既存11枠を上書きせず、CFRU側の条件付きオーバーレイ／DexNav／大量発生へ登録,P2,マケンカニをトーホクで捕獲して進化,ユキユキやま,進化／殿堂入り後DexNavで中間進化が稀に出現,通常野生は基礎種のみ,本編必須フラグを変更せず、外来生態フラグ・時間帯・DexNav・大量発生で制御,マケンカニをカントーで捕獲して進化,20ばんどうろ,進化／認定章6個以降は中間進化がDexNav希少枠,通常野生は基礎種中心,ベガ初回殿堂入り後。認定章数でエリアと中間進化枠を段階解禁。,通常系統は両地方で基礎種を捕獲可能。トーホクは早期育成、カントーは高レベル・隠れ特性・タマゴ技探索を担当。,V2二地方生態版／541系統配置マスター＋特殊個体イベントマスター
741,オドリドリ,oricorio,7,ほのお／ひこう,381,通常生態,no,no,未収録・追加対象,新IDへ追加,バッジ3～4個,510～513ばんどうろ,図鑑ナビ隠し枠,通常表0%／ナビ検索時1～5%,主に基礎形のみ出現。中間・最終進化は原則として育成で入手。時間帯・天候は生態チケットで任意固定可能。,全国研究図鑑へ登録（トーホク386完成条件には含めない）,NATIONAL_EXT_0741（新規16bit ID）,オドリドリ,オドリドリ,外来生態レイヤーへ追加,T521,521ばんどうろ／すいどう,草むらオーバーレイ,Lv.45～52,追加抽選3～6%,本編必須フラグを変更せず、外来生態フラグ・時間帯・DexNav・大量発生で制御,K21,21ばんどうろ,草むらオーバーレイ,Lv.89～94,通常表8～15%,ベガ初回殿堂入り後。認定章数でエリアと中間進化枠を段階解禁。,トーホクは本編で使える低～中レベル基礎種、カントーは高レベル個体・中間進化・隠れ特性探索を担当。,ベガ既存11枠を上書きせず、CFRU側の条件付きオーバーレイ／DexNav／大量発生へ登録,P1,トーホク野生生態,521ばんどうろ／すいどう,草むらオーバーレイ,追加抽選3～6%,本編必須フラグを変更せず、外来生態フラグ・時間帯・DexNav・大量発生で制御,カントー高レベル野生生態,21ばんどうろ,草むらオーバーレイ,通常表8～15%,ベガ初回殿堂入り後。認定章数でエリアと中間進化枠を段階解禁。,通常系統は両地方で基礎種を捕獲可能。トーホクは早期育成、カントーは高レベル・隠れ特性・タマゴ技探索を担当。,V2二地方生態版／541系統配置マスター＋特殊個体イベントマスター
742,アブリー,cutiefly,7,むし／フェアリー,382,通常生態,no,no,未収録・追加対象,新IDへ追加,バッジ5～6個,ときのようかん,草むらオーバーレイ,8～12%,主に基礎形のみ出現。中間・最終進化は原則として育成で入手。時間帯・天候は生態チケットで任意固定可能。,全国研究図鑑へ登録（トーホク386完成条件には含めない）,NATIONAL_EXT_0742（新規16bit ID）,アブリー,アブリー → アブリボン,外来生態レイヤーへ追加,T026,ハクジのもり,ずつき／朝昼オーバーレイ,Lv.38～48／殿堂入り後Lv.50～65,追加抽選3～6%,本編必須フラグを変更せず、外来生態フラグ・時間帯・DexNav・大量発生で制御,K35,サファリゾーン東,ずつき／朝昼オーバーレイ,Lv.85～94,通常表8～15%,ベガ初回殿堂入り後。認定章数でエリアと中間進化枠を段階解禁。,トーホクは本編で使える低～中レベル基礎種、カントーは高レベル個体・中間進化・隠れ特性探索を担当。,ベガ既存11枠を上書きせず、CFRU側の条件付きオーバーレイ／DexNav／大量発生へ登録,P1,トーホク野生生態,ハクジのもり,ずつき／朝昼オーバーレイ,追加抽選3～6%,本編必須フラグを変更せず、外来生態フラグ・時間帯・DexNav・大量発生で制御,カントー高レベル野生生態,サファリゾーン東,ずつき／朝昼オーバーレイ,通常表8～15%,ベガ初回殿堂入り後。認定章数でエリアと中間進化枠を段階解禁。,通常系統は両地方で基礎種を捕獲可能。トーホクは早期育成、カントーは高レベル・隠れ特性・タマゴ技探索を担当。,V2二地方生態版／541系統配置マスター＋特殊個体イベントマスター
743,アブリボン,ribombee,7,むし／フェアリー,382,通常生態,no,no,未収録・追加対象,新IDへ追加（進化入手）,バッジ5～6個,ときのようかん,進化,―,レベルアップ＋Lv.25以上（CFRU/DPEの対応トリガーを使用。通信・RTC必須にはしない）,全国研究図鑑へ登録（トーホク386完成条件には含めない）,NATIONAL_EXT_0743（新規16bit ID）,アブリー,アブリー → アブリボン,外来生態レイヤーへ追加,T026,ハクジのもり,ずつき／朝昼オーバーレイ,Lv.38～48／殿堂入り後Lv.50～65,追加抽選3～6%,本編必須フラグを変更せず、外来生態フラグ・時間帯・DexNav・大量発生で制御,K35,サファリゾーン東,ずつき／朝昼オーバーレイ,Lv.85～94,通常表8～15%,ベガ初回殿堂入り後。認定章数でエリアと中間進化枠を段階解禁。,トーホクは本編で使える低～中レベル基礎種、カントーは高レベル個体・中間進化・隠れ特性探索を担当。,ベガ既存11枠を上書きせず、CFRU側の条件付きオーバーレイ／DexNav／大量発生へ登録,P1,アブリーをトーホクで捕獲して進化,ハクジのもり,進化／殿堂入り後DexNavで中間進化が稀に出現,通常野生は基礎種のみ,本編必須フラグを変更せず、外来生態フラグ・時間帯・DexNav・大量発生で制御,アブリーをカントーで捕獲して進化,サファリゾーン東,進化／認定章6個以降は中間進化がDexNav希少枠,通常野生は基礎種中心,ベガ初回殿堂入り後。認定章数でエリアと中間進化枠を段階解禁。,通常系統は両地方で基礎種を捕獲可能。トーホクは早期育成、カントーは高レベル・隠れ特性・タマゴ技探索を担当。,V2二地方生態版／541系統配置マスター＋特殊個体イベントマスター
744,イワンコ,rockruff,7,いわ,383,通常生態,no,no,未収録・追加対象,新IDへ追加,バッジ7～8個,チャンピオンロード,いわくだき,8～12%,主に基礎形のみ出現。中間・最終進化は原則として育成で入手。時間帯・天候は生態チケットで任意固定可能。,全国研究図鑑へ登録（トーホク386完成条件には含めない）,NATIONAL_EXT_0744（新規16bit ID）,イワンコ,イワンコ → ルガルガン,外来生態レイヤーへ追加,T028,ひのしま,いわくだき／DexNav,Lv.30～40／殿堂入り後Lv.55～70,通常0%／DexNav 2～5%,本編必須フラグを変更せず、外来生態フラグ・時間帯・DexNav・大量発生で制御,K30,イワヤマトンネル,いわくだき／DexNav,Lv.80～87,通常0%／DexNav 2～5%,ベガ初回殿堂入り後。認定章数でエリアと中間進化枠を段階解禁。,トーホクは本編で使える低～中レベル基礎種、カントーは高レベル個体・中間進化・隠れ特性探索を担当。,ベガ既存11枠を上書きせず、CFRU側の条件付きオーバーレイ／DexNav／大量発生へ登録,P1,トーホク野生生態,ひのしま,いわくだき／DexNav,通常0%／DexNav 2～5%,本編必須フラグを変更せず、外来生態フラグ・時間帯・DexNav・大量発生で制御,カントー高レベル野生生態,イワヤマトンネル,いわくだき／DexNav,通常0%／DexNav 2～5%,ベガ初回殿堂入り後。認定章数でエリアと中間進化枠を段階解禁。,通常系統は両地方で基礎種を捕獲可能。トーホクは早期育成、カントーは高レベル・隠れ特性・タマゴ技探索を担当。,V2二地方生態版／541系統配置マスター＋特殊個体イベントマスター
745,ルガルガン,lycanroc,7,いわ,383,通常生態,no,no,未収録・追加対象,新IDへ追加（進化入手）,バッジ7～8個,チャンピオンロード,進化,―,レベルアップ＋Lv.25以上＋昼（CFRU/DPEの対応トリガーを使用。通信・RTC必須にはしない）,全国研究図鑑へ登録（トーホク386完成条件には含めない）,NATIONAL_EXT_0745（新規16bit ID）,イワンコ,イワンコ → ルガルガン,外来生態レイヤーへ追加,T028,ひのしま,いわくだき／DexNav,Lv.30～40／殿堂入り後Lv.55～70,通常0%／DexNav 2～5%,本編必須フラグを変更せず、外来生態フラグ・時間帯・DexNav・大量発生で制御,K30,イワヤマトンネル,いわくだき／DexNav,Lv.80～87,通常0%／DexNav 2～5%,ベガ初回殿堂入り後。認定章数でエリアと中間進化枠を段階解禁。,トーホクは本編で使える低～中レベル基礎種、カントーは高レベル個体・中間進化・隠れ特性探索を担当。,ベガ既存11枠を上書きせず、CFRU側の条件付きオーバーレイ／DexNav／大量発生へ登録,P1,イワンコをトーホクで捕獲して進化,ひのしま,進化／殿堂入り後DexNavで中間進化が稀に出現,通常野生は基礎種のみ,本編必須フラグを変更せず、外来生態フラグ・時間帯・DexNav・大量発生で制御,イワンコをカントーで捕獲して進化,イワヤマトンネル,進化／認定章6個以降は中間進化がDexNav希少枠,通常野生は基礎種中心,ベガ初回殿堂入り後。認定章数でエリアと中間進化枠を段階解禁。,通常系統は両地方で基礎種を捕獲可能。トーホクは早期育成、カントーは高レベル・隠れ特性・タマゴ技探索を担当。,V2二地方生態版／541系統配置マスター＋特殊個体イベントマスター
746,ヨワシ,wishiwashi,7,みず,384,通常生態,no,no,未収録・追加対象,新IDへ追加,殿堂入り後,シオウ近海,水上,4～5%,主に基礎形のみ出現。中間・最終進化は原則として育成で入手。時間帯・天候は生態チケットで任意固定可能。,全国研究図鑑へ登録（トーホク386完成条件には含めない）,NATIONAL_EXT_0746（新規16bit ID）,ヨワシ,ヨワシ,外来生態レイヤーへ追加,T507,507ばんどうろ／すいどう,水上オーバーレイ,Lv.17～23,追加抽選4～8%,本編必須フラグを変更せず、外来生態フラグ・時間帯・DexNav・大量発生で制御,K36,サファリゾーン北,水上オーバーレイ,Lv.85～94,通常表10～20%,ベガ初回殿堂入り後。認定章数でエリアと中間進化枠を段階解禁。,トーホクは本編で使える低～中レベル基礎種、カントーは高レベル個体・中間進化・隠れ特性探索を担当。,ベガ既存11枠を上書きせず、CFRU側の条件付きオーバーレイ／DexNav／大量発生へ登録,P2,トーホク野生生態,507ばんどうろ／すいどう,水上オーバーレイ,追加抽選4～8%,本編必須フラグを変更せず、外来生態フラグ・時間帯・DexNav・大量発生で制御,カントー高レベル野生生態,サファリゾーン北,水上オーバーレイ,通常表10～20%,ベガ初回殿堂入り後。認定章数でエリアと中間進化枠を段階解禁。,通常系統は両地方で基礎種を捕獲可能。トーホクは早期育成、カントーは高レベル・隠れ特性・タマゴ技探索を担当。,V2二地方生態版／541系統配置マスター＋特殊個体イベントマスター
747,ヒドイデ,mareanie,7,どく／みず,385,通常生態,no,no,未収録・追加対象,新IDへ追加,バッジ7～8個,507～509ばんどうろ・水道,図鑑ナビ隠し枠,通常表0%／ナビ検索時1～5%,主に基礎形のみ出現。中間・最終進化は原則として育成で入手。時間帯・天候は生態チケットで任意固定可能。,全国研究図鑑へ登録（トーホク386完成条件には含めない）,NATIONAL_EXT_0747（新規16bit ID）,ヒドイデ,ヒドイデ → ドヒドイデ,外来生態レイヤーへ追加,T038,サファリゾーン北,水上オーバーレイ,Lv.38～48／殿堂入り後Lv.55～70,追加抽選4～8%,本編必須フラグを変更せず、外来生態フラグ・時間帯・DexNav・大量発生で制御,K06,6ばんどうろ,水上オーバーレイ,Lv.75～80,通常表10～20%,ベガ初回殿堂入り後。認定章数でエリアと中間進化枠を段階解禁。,トーホクは本編で使える低～中レベル基礎種、カントーは高レベル個体・中間進化・隠れ特性探索を担当。,ベガ既存11枠を上書きせず、CFRU側の条件付きオーバーレイ／DexNav／大量発生へ登録,P1,トーホク野生生態,サファリゾーン北,水上オーバーレイ,追加抽選4～8%,本編必須フラグを変更せず、外来生態フラグ・時間帯・DexNav・大量発生で制御,カントー高レベル野生生態,6ばんどうろ,水上オーバーレイ,通常表10～20%,ベガ初回殿堂入り後。認定章数でエリアと中間進化枠を段階解禁。,通常系統は両地方で基礎種を捕獲可能。トーホクは早期育成、カントーは高レベル・隠れ特性・タマゴ技探索を担当。,V2二地方生態版／541系統配置マスター＋特殊個体イベントマスター
748,ドヒドイデ,toxapex,7,どく／みず,385,通常生態,no,no,未収録・追加対象,新IDへ追加（進化入手）,バッジ7～8個,507～509ばんどうろ・水道,進化,―,レベルアップ＋Lv.38以上（CFRU/DPEの対応トリガーを使用。通信・RTC必須にはしない）,全国研究図鑑へ登録（トーホク386完成条件には含めない）,NATIONAL_EXT_0748（新規16bit ID）,ヒドイデ,ヒドイデ → ドヒドイデ,外来生態レイヤーへ追加,T038,サファリゾーン北,水上オーバーレイ,Lv.38～48／殿堂入り後Lv.55～70,追加抽選4～8%,本編必須フラグを変更せず、外来生態フラグ・時間帯・DexNav・大量発生で制御,K06,6ばんどうろ,水上オーバーレイ,Lv.75～80,通常表10～20%,ベガ初回殿堂入り後。認定章数でエリアと中間進化枠を段階解禁。,トーホクは本編で使える低～中レベル基礎種、カントーは高レベル個体・中間進化・隠れ特性探索を担当。,ベガ既存11枠を上書きせず、CFRU側の条件付きオーバーレイ／DexNav／大量発生へ登録,P1,ヒドイデをトーホクで捕獲して進化,サファリゾーン北,進化／殿堂入り後DexNavで中間進化が稀に出現,通常野生は基礎種のみ,本編必須フラグを変更せず、外来生態フラグ・時間帯・DexNav・大量発生で制御,ヒドイデをカントーで捕獲して進化,6ばんどうろ,進化／認定章6個以降は中間進化がDexNav希少枠,通常野生は基礎種中心,ベガ初回殿堂入り後。認定章数でエリアと中間進化枠を段階解禁。,通常系統は両地方で基礎種を捕獲可能。トーホクは早期育成、カントーは高レベル・隠れ特性・タマゴ技探索を担当。,V2二地方生態版／541系統配置マスター＋特殊個体イベントマスター
749,ドロバンコ,mudbray,7,じめん,386,通常生態,no,no,未収録・追加対象,新IDへ追加,殿堂入り後,サファリゾーン西,洞窟オーバーレイ,8～12%,主に基礎形のみ出現。中間・最終進化は原則として育成で入手。時間帯・天候は生態チケットで任意固定可能。,全国研究図鑑へ登録（トーホク386完成条件には含めない）,NATIONAL_EXT_0749（新規16bit ID）,ドロバンコ,ドロバンコ → バンバドロ,外来生態レイヤーへ追加,T028,ひのしま,いわくだき／DexNav,Lv.30～40／殿堂入り後Lv.55～70,通常0%／DexNav 2～5%,本編必須フラグを変更せず、外来生態フラグ・時間帯・DexNav・大量発生で制御,K37,サファリゾーン西,いわくだき／DexNav,Lv.85～94,通常0%／DexNav 2～5%,ベガ初回殿堂入り後。認定章数でエリアと中間進化枠を段階解禁。,トーホクは本編で使える低～中レベル基礎種、カントーは高レベル個体・中間進化・隠れ特性探索を担当。,ベガ既存11枠を上書きせず、CFRU側の条件付きオーバーレイ／DexNav／大量発生へ登録,P2,トーホク野生生態,ひのしま,いわくだき／DexNav,通常0%／DexNav 2～5%,本編必須フラグを変更せず、外来生態フラグ・時間帯・DexNav・大量発生で制御,カントー高レベル野生生態,サファリゾーン西,いわくだき／DexNav,通常0%／DexNav 2～5%,ベガ初回殿堂入り後。認定章数でエリアと中間進化枠を段階解禁。,通常系統は両地方で基礎種を捕獲可能。トーホクは早期育成、カントーは高レベル・隠れ特性・タマゴ技探索を担当。,V2二地方生態版／541系統配置マスター＋特殊個体イベントマスター
750,バンバドロ,mudsdale,7,じめん,386,通常生態,no,no,未収録・追加対象,新IDへ追加（進化入手）,殿堂入り後,サファリゾーン西,進化,―,レベルアップ＋Lv.30以上（CFRU/DPEの対応トリガーを使用。通信・RTC必須にはしない）,全国研究図鑑へ登録（トーホク386完成条件には含めない）,NATIONAL_EXT_0750（新規16bit ID）,ドロバンコ,ドロバンコ → バンバドロ,外来生態レイヤーへ追加,T028,ひのしま,いわくだき／DexNav,Lv.30～40／殿堂入り後Lv.55～70,通常0%／DexNav 2～5%,本編必須フラグを変更せず、外来生態フラグ・時間帯・DexNav・大量発生で制御,K37,サファリゾーン西,いわくだき／DexNav,Lv.85～94,通常0%／DexNav 2～5%,ベガ初回殿堂入り後。認定章数でエリアと中間進化枠を段階解禁。,トーホクは本編で使える低～中レベル基礎種、カントーは高レベル個体・中間進化・隠れ特性探索を担当。,ベガ既存11枠を上書きせず、CFRU側の条件付きオーバーレイ／DexNav／大量発生へ登録,P2,ドロバンコをトーホクで捕獲して進化,ひのしま,進化／殿堂入り後DexNavで中間進化が稀に出現,通常野生は基礎種のみ,本編必須フラグを変更せず、外来生態フラグ・時間帯・DexNav・大量発生で制御,ドロバンコをカントーで捕獲して進化,サファリゾーン西,進化／認定章6個以降は中間進化がDexNav希少枠,通常野生は基礎種中心,ベガ初回殿堂入り後。認定章数でエリアと中間進化枠を段階解禁。,通常系統は両地方で基礎種を捕獲可能。トーホクは早期育成、カントーは高レベル・隠れ特性・タマゴ技探索を担当。,V2二地方生態版／541系統配置マスター＋特殊個体イベントマスター
751,シズクモ,dewpider,7,みず／むし,387,通常生態,no,no,未収録・追加対象,新IDへ追加,殿堂入り後,サファリゾーン北,釣り,8～12%,主に基礎形のみ出現。中間・最終進化は原則として育成で入手。時間帯・天候は生態チケットで任意固定可能。,全国研究図鑑へ登録（トーホク386完成条件には含めない）,NATIONAL_EXT_0751（新規16bit ID）,シズクモ,シズクモ → オニシズクモ,外来生態レイヤーへ追加,T508,508ばんどうろ／すいどう,釣りオーバーレイ,Lv.19～25,追加抽選4～8%,本編必須フラグを変更せず、外来生態フラグ・時間帯・DexNav・大量発生で制御,K12,12ばんどうろ,釣りオーバーレイ,Lv.82～87,通常表10～20%,ベガ初回殿堂入り後。認定章数でエリアと中間進化枠を段階解禁。,トーホクは本編で使える低～中レベル基礎種、カントーは高レベル個体・中間進化・隠れ特性探索を担当。,ベガ既存11枠を上書きせず、CFRU側の条件付きオーバーレイ／DexNav／大量発生へ登録,P2,トーホク野生生態,508ばんどうろ／すいどう,釣りオーバーレイ,追加抽選4～8%,本編必須フラグを変更せず、外来生態フラグ・時間帯・DexNav・大量発生で制御,カントー高レベル野生生態,12ばんどうろ,釣りオーバーレイ,通常表10～20%,ベガ初回殿堂入り後。認定章数でエリアと中間進化枠を段階解禁。,通常系統は両地方で基礎種を捕獲可能。トーホクは早期育成、カントーは高レベル・隠れ特性・タマゴ技探索を担当。,V2二地方生態版／541系統配置マスター＋特殊個体イベントマスター
752,オニシズクモ,araquanid,7,みず／むし,387,通常生態,no,no,未収録・追加対象,新IDへ追加（進化入手）,殿堂入り後,サファリゾーン北,進化,―,レベルアップ＋Lv.22以上（CFRU/DPEの対応トリガーを使用。通信・RTC必須にはしない）,全国研究図鑑へ登録（トーホク386完成条件には含めない）,NATIONAL_EXT_0752（新規16bit ID）,シズクモ,シズクモ → オニシズクモ,外来生態レイヤーへ追加,T508,508ばんどうろ／すいどう,釣りオーバーレイ,Lv.19～25,追加抽選4～8%,本編必須フラグを変更せず、外来生態フラグ・時間帯・DexNav・大量発生で制御,K12,12ばんどうろ,釣りオーバーレイ,Lv.82～87,通常表10～20%,ベガ初回殿堂入り後。認定章数でエリアと中間進化枠を段階解禁。,トーホクは本編で使える低～中レベル基礎種、カントーは高レベル個体・中間進化・隠れ特性探索を担当。,ベガ既存11枠を上書きせず、CFRU側の条件付きオーバーレイ／DexNav／大量発生へ登録,P2,シズクモをトーホクで捕獲して進化,508ばんどうろ／すいどう,進化／殿堂入り後DexNavで中間進化が稀に出現,通常野生は基礎種のみ,本編必須フラグを変更せず、外来生態フラグ・時間帯・DexNav・大量発生で制御,シズクモをカントーで捕獲して進化,12ばんどうろ,進化／認定章6個以降は中間進化がDexNav希少枠,通常野生は基礎種中心,ベガ初回殿堂入り後。認定章数でエリアと中間進化枠を段階解禁。,通常系統は両地方で基礎種を捕獲可能。トーホクは早期育成、カントーは高レベル・隠れ特性・タマゴ技探索を担当。,V2二地方生態版／541系統配置マスター＋特殊個体イベントマスター
753,カリキリ,fomantis,7,くさ,388,通常生態,no,no,未収録・追加対象,新IDへ追加,バッジ7～8個,サファリゾーン東,ずつき,8～12%,主に基礎形のみ出現。中間・最終進化は原則として育成で入手。時間帯・天候は生態チケットで任意固定可能。,全国研究図鑑へ登録（トーホク386完成条件には含めない）,NATIONAL_EXT_0753（新規16bit ID）,カリキリ,カリキリ → ラランテス,外来生態レイヤーへ追加,T026,ハクジのもり,ずつき／朝昼オーバーレイ,Lv.38～48／殿堂入り後Lv.50～65,追加抽選3～6%,本編必須フラグを変更せず、外来生態フラグ・時間帯・DexNav・大量発生で制御,K35,サファリゾーン東,ずつき／朝昼オーバーレイ,Lv.85～94,通常表8～15%,ベガ初回殿堂入り後。認定章数でエリアと中間進化枠を段階解禁。,トーホクは本編で使える低～中レベル基礎種、カントーは高レベル個体・中間進化・隠れ特性探索を担当。,ベガ既存11枠を上書きせず、CFRU側の条件付きオーバーレイ／DexNav／大量発生へ登録,P1,トーホク野生生態,ハクジのもり,ずつき／朝昼オーバーレイ,追加抽選3～6%,本編必須フラグを変更せず、外来生態フラグ・時間帯・DexNav・大量発生で制御,カントー高レベル野生生態,サファリゾーン東,ずつき／朝昼オーバーレイ,通常表8～15%,ベガ初回殿堂入り後。認定章数でエリアと中間進化枠を段階解禁。,通常系統は両地方で基礎種を捕獲可能。トーホクは早期育成、カントーは高レベル・隠れ特性・タマゴ技探索を担当。,V2二地方生態版／541系統配置マスター＋特殊個体イベントマスター
754,ラランテス,lurantis,7,くさ,388,通常生態,no,no,未収録・追加対象,新IDへ追加（進化入手）,バッジ7～8個,サファリゾーン東,進化,―,レベルアップ＋Lv.34以上＋昼（CFRU/DPEの対応トリガーを使用。通信・RTC必須にはしない）,全国研究図鑑へ登録（トーホク386完成条件には含めない）,NATIONAL_EXT_0754（新規16bit ID）,カリキリ,カリキリ → ラランテス,外来生態レイヤーへ追加,T026,ハクジのもり,ずつき／朝昼オーバーレイ,Lv.38～48／殿堂入り後Lv.50～65,追加抽選3～6%,本編必須フラグを変更せず、外来生態フラグ・時間帯・DexNav・大量発生で制御,K35,サファリゾーン東,ずつき／朝昼オーバーレイ,Lv.85～94,通常表8～15%,ベガ初回殿堂入り後。認定章数でエリアと中間進化枠を段階解禁。,トーホクは本編で使える低～中レベル基礎種、カントーは高レベル個体・中間進化・隠れ特性探索を担当。,ベガ既存11枠を上書きせず、CFRU側の条件付きオーバーレイ／DexNav／大量発生へ登録,P1,カリキリをトーホクで捕獲して進化,ハクジのもり,進化／殿堂入り後DexNavで中間進化が稀に出現,通常野生は基礎種のみ,本編必須フラグを変更せず、外来生態フラグ・時間帯・DexNav・大量発生で制御,カリキリをカントーで捕獲して進化,サファリゾーン東,進化／認定章6個以降は中間進化がDexNav希少枠,通常野生は基礎種中心,ベガ初回殿堂入り後。認定章数でエリアと中間進化枠を段階解禁。,通常系統は両地方で基礎種を捕獲可能。トーホクは早期育成、カントーは高レベル・隠れ特性・タマゴ技探索を担当。,V2二地方生態版／541系統配置マスター＋特殊個体イベントマスター
755,ネマシュ,morelull,7,くさ／フェアリー,389,通常生態,no,no,未収録・追加対象,新IDへ追加,バッジ5～6個,ハクジのもり,大量発生,発生中20～40%,主に基礎形のみ出現。中間・最終進化は原則として育成で入手。時間帯・天候は生態チケットで任意固定可能。,全国研究図鑑へ登録（トーホク386完成条件には含めない）,NATIONAL_EXT_0755（新規16bit ID）,ネマシュ,ネマシュ → マシェード,外来生態レイヤーへ追加,T026,ハクジのもり,ずつき／朝昼オーバーレイ,Lv.38～48／殿堂入り後Lv.50～65,追加抽選3～6%,本編必須フラグを変更せず、外来生態フラグ・時間帯・DexNav・大量発生で制御,K35,サファリゾーン東,ずつき／朝昼オーバーレイ,Lv.85～94,通常表8～15%,ベガ初回殿堂入り後。認定章数でエリアと中間進化枠を段階解禁。,トーホクは本編で使える低～中レベル基礎種、カントーは高レベル個体・中間進化・隠れ特性探索を担当。,ベガ既存11枠を上書きせず、CFRU側の条件付きオーバーレイ／DexNav／大量発生へ登録,P1,トーホク野生生態,ハクジのもり,ずつき／朝昼オーバーレイ,追加抽選3～6%,本編必須フラグを変更せず、外来生態フラグ・時間帯・DexNav・大量発生で制御,カントー高レベル野生生態,サファリゾーン東,ずつき／朝昼オーバーレイ,通常表8～15%,ベガ初回殿堂入り後。認定章数でエリアと中間進化枠を段階解禁。,通常系統は両地方で基礎種を捕獲可能。トーホクは早期育成、カントーは高レベル・隠れ特性・タマゴ技探索を担当。,V2二地方生態版／541系統配置マスター＋特殊個体イベントマスター
756,マシェード,shiinotic,7,くさ／フェアリー,389,通常生態,no,no,未収録・追加対象,新IDへ追加（進化入手）,バッジ5～6個,ハクジのもり,進化,―,レベルアップ＋Lv.24以上（CFRU/DPEの対応トリガーを使用。通信・RTC必須にはしない）,全国研究図鑑へ登録（トーホク386完成条件には含めない）,NATIONAL_EXT_0756（新規16bit ID）,ネマシュ,ネマシュ → マシェード,外来生態レイヤーへ追加,T026,ハクジのもり,ずつき／朝昼オーバーレイ,Lv.38～48／殿堂入り後Lv.50～65,追加抽選3～6%,本編必須フラグを変更せず、外来生態フラグ・時間帯・DexNav・大量発生で制御,K35,サファリゾーン東,ずつき／朝昼オーバーレイ,Lv.85～94,通常表8～15%,ベガ初回殿堂入り後。認定章数でエリアと中間進化枠を段階解禁。,トーホクは本編で使える低～中レベル基礎種、カントーは高レベル個体・中間進化・隠れ特性探索を担当。,ベガ既存11枠を上書きせず、CFRU側の条件付きオーバーレイ／DexNav／大量発生へ登録,P1,ネマシュをトーホクで捕獲して進化,ハクジのもり,進化／殿堂入り後DexNavで中間進化が稀に出現,通常野生は基礎種のみ,本編必須フラグを変更せず、外来生態フラグ・時間帯・DexNav・大量発生で制御,ネマシュをカントーで捕獲して進化,サファリゾーン東,進化／認定章6個以降は中間進化がDexNav希少枠,通常野生は基礎種中心,ベガ初回殿堂入り後。認定章数でエリアと中間進化枠を段階解禁。,通常系統は両地方で基礎種を捕獲可能。トーホクは早期育成、カントーは高レベル・隠れ特性・タマゴ技探索を担当。,V2二地方生態版／541系統配置マスター＋特殊個体イベントマスター
757,ヤトウモリ,salandit,7,どく／ほのお,390,通常生態,no,no,未収録・追加対象,新IDへ追加,バッジ5～6個,ひのしま,時間帯オーバーレイ,4～5%,主に基礎形のみ出現。中間・最終進化は原則として育成で入手。時間帯・天候は生態チケットで任意固定可能。,全国研究図鑑へ登録（トーホク386完成条件には含めない）,NATIONAL_EXT_0757（新規16bit ID）,ヤトウモリ,ヤトウモリ → エンニュート,外来生態レイヤーへ追加,T028,ひのしま,洞窟・屋内オーバーレイ,Lv.30～40／殿堂入り後Lv.55～70,追加抽選3～6%,本編必須フラグを変更せず、外来生態フラグ・時間帯・DexNav・大量発生で制御,K39,ポケモンやしき,洞窟・屋内オーバーレイ,Lv.91～98,通常表8～15%,ベガ初回殿堂入り後。認定章数でエリアと中間進化枠を段階解禁。,トーホクは本編で使える低～中レベル基礎種、カントーは高レベル個体・中間進化・隠れ特性探索を担当。,ベガ既存11枠を上書きせず、CFRU側の条件付きオーバーレイ／DexNav／大量発生へ登録,P1,トーホク野生生態,ひのしま,洞窟・屋内オーバーレイ,追加抽選3～6%,本編必須フラグを変更せず、外来生態フラグ・時間帯・DexNav・大量発生で制御,カントー高レベル野生生態,ポケモンやしき,洞窟・屋内オーバーレイ,通常表8～15%,ベガ初回殿堂入り後。認定章数でエリアと中間進化枠を段階解禁。,通常系統は両地方で基礎種を捕獲可能。トーホクは早期育成、カントーは高レベル・隠れ特性・タマゴ技探索を担当。,V2二地方生態版／541系統配置マスター＋特殊個体イベントマスター
758,エンニュート,salazzle,7,どく／ほのお,390,通常生態,no,no,未収録・追加対象,新IDへ追加（進化入手）,バッジ5～6個,ひのしま,進化,―,レベルアップ＋Lv.33以上＋♀（CFRU/DPEの対応トリガーを使用。通信・RTC必須にはしない）,全国研究図鑑へ登録（トーホク386完成条件には含めない）,NATIONAL_EXT_0758（新規16bit ID）,ヤトウモリ,ヤトウモリ → エンニュート,外来生態レイヤーへ追加,T028,ひのしま,洞窟・屋内オーバーレイ,Lv.30～40／殿堂入り後Lv.55～70,追加抽選3～6%,本編必須フラグを変更せず、外来生態フラグ・時間帯・DexNav・大量発生で制御,K39,ポケモンやしき,洞窟・屋内オーバーレイ,Lv.91～98,通常表8～15%,ベガ初回殿堂入り後。認定章数でエリアと中間進化枠を段階解禁。,トーホクは本編で使える低～中レベル基礎種、カントーは高レベル個体・中間進化・隠れ特性探索を担当。,ベガ既存11枠を上書きせず、CFRU側の条件付きオーバーレイ／DexNav／大量発生へ登録,P1,ヤトウモリをトーホクで捕獲して進化,ひのしま,進化／殿堂入り後DexNavで中間進化が稀に出現,通常野生は基礎種のみ,本編必須フラグを変更せず、外来生態フラグ・時間帯・DexNav・大量発生で制御,ヤトウモリをカントーで捕獲して進化,ポケモンやしき,進化／認定章6個以降は中間進化がDexNav希少枠,通常野生は基礎種中心,ベガ初回殿堂入り後。認定章数でエリアと中間進化枠を段階解禁。,通常系統は両地方で基礎種を捕獲可能。トーホクは早期育成、カントーは高レベル・隠れ特性・タマゴ技探索を担当。,V2二地方生態版／541系統配置マスター＋特殊個体イベントマスター
759,ヌイコグマ,stufful,7,ノーマル／かくとう,391,通常生態,no,no,未収録・追加対象,新IDへ追加,殿堂入り後,ユキユキやま,草むらオーバーレイ,8～12%,主に基礎形のみ出現。中間・最終進化は原則として育成で入手。時間帯・天候は生態チケットで任意固定可能。,全国研究図鑑へ登録（トーホク386完成条件には含めない）,NATIONAL_EXT_0759（新規16bit ID）,ヌイコグマ,ヌイコグマ → キテルグマ,外来生態レイヤーへ追加,T518,518ばんどうろ／すいどう,草むらオーバーレイ,Lv.40～47,追加抽選3～6%,本編必須フラグを変更せず、外来生態フラグ・時間帯・DexNav・大量発生で制御,K04,4ばんどうろ,草むらオーバーレイ,Lv.72～77,通常表8～15%,ベガ初回殿堂入り後。認定章数でエリアと中間進化枠を段階解禁。,トーホクは本編で使える低～中レベル基礎種、カントーは高レベル個体・中間進化・隠れ特性探索を担当。,ベガ既存11枠を上書きせず、CFRU側の条件付きオーバーレイ／DexNav／大量発生へ登録,P2,トーホク野生生態,518ばんどうろ／すいどう,草むらオーバーレイ,追加抽選3～6%,本編必須フラグを変更せず、外来生態フラグ・時間帯・DexNav・大量発生で制御,カントー高レベル野生生態,4ばんどうろ,草むらオーバーレイ,通常表8～15%,ベガ初回殿堂入り後。認定章数でエリアと中間進化枠を段階解禁。,通常系統は両地方で基礎種を捕獲可能。トーホクは早期育成、カントーは高レベル・隠れ特性・タマゴ技探索を担当。,V2二地方生態版／541系統配置マスター＋特殊個体イベントマスター
760,キテルグマ,bewear,7,ノーマル／かくとう,391,通常生態,no,no,未収録・追加対象,新IDへ追加（進化入手）,殿堂入り後,ユキユキやま,進化,―,レベルアップ＋Lv.27以上（CFRU/DPEの対応トリガーを使用。通信・RTC必須にはしない）,全国研究図鑑へ登録（トーホク386完成条件には含めない）,NATIONAL_EXT_0760（新規16bit ID）,ヌイコグマ,ヌイコグマ → キテルグマ,外来生態レイヤーへ追加,T518,518ばんどうろ／すいどう,草むらオーバーレイ,Lv.40～47,追加抽選3～6%,本編必須フラグを変更せず、外来生態フラグ・時間帯・DexNav・大量発生で制御,K04,4ばんどうろ,草むらオーバーレイ,Lv.72～77,通常表8～15%,ベガ初回殿堂入り後。認定章数でエリアと中間進化枠を段階解禁。,トーホクは本編で使える低～中レベル基礎種、カントーは高レベル個体・中間進化・隠れ特性探索を担当。,ベガ既存11枠を上書きせず、CFRU側の条件付きオーバーレイ／DexNav／大量発生へ登録,P2,ヌイコグマをトーホクで捕獲して進化,518ばんどうろ／すいどう,進化／殿堂入り後DexNavで中間進化が稀に出現,通常野生は基礎種のみ,本編必須フラグを変更せず、外来生態フラグ・時間帯・DexNav・大量発生で制御,ヌイコグマをカントーで捕獲して進化,4ばんどうろ,進化／認定章6個以降は中間進化がDexNav希少枠,通常野生は基礎種中心,ベガ初回殿堂入り後。認定章数でエリアと中間進化枠を段階解禁。,通常系統は両地方で基礎種を捕獲可能。トーホクは早期育成、カントーは高レベル・隠れ特性・タマゴ技探索を担当。,V2二地方生態版／541系統配置マスター＋特殊個体イベントマスター
761,アマカジ,bounsweet,7,くさ,392,通常生態,no,no,未収録・追加対象,新IDへ追加,殿堂入り後,サファリゾーン東,大量発生,発生中20～40%,主に基礎形のみ出現。中間・最終進化は原則として育成で入手。時間帯・天候は生態チケットで任意固定可能。,全国研究図鑑へ登録（トーホク386完成条件には含めない）,NATIONAL_EXT_0761（新規16bit ID）,アマカジ,アマカジ → アママイコ → アマージョ,外来生態レイヤーへ追加,T517,517ばんどうろ／すいどう,大量発生,Lv.38～45,通常0%／発生中20～35%,本編必須フラグを変更せず、外来生態フラグ・時間帯・DexNav・大量発生で制御,K24,24ばんどうろ,草むらオーバーレイ,Lv.74～79,通常表8～15%,ベガ初回殿堂入り後。認定章数でエリアと中間進化枠を段階解禁。,トーホクは本編で使える低～中レベル基礎種、カントーは高レベル個体・中間進化・隠れ特性探索を担当。,ベガ既存11枠を上書きせず、CFRU側の条件付きオーバーレイ／DexNav／大量発生へ登録,P2,トーホク野生生態,517ばんどうろ／すいどう,大量発生,通常0%／発生中20～35%,本編必須フラグを変更せず、外来生態フラグ・時間帯・DexNav・大量発生で制御,カントー高レベル野生生態,24ばんどうろ,草むらオーバーレイ,通常表8～15%,ベガ初回殿堂入り後。認定章数でエリアと中間進化枠を段階解禁。,通常系統は両地方で基礎種を捕獲可能。トーホクは早期育成、カントーは高レベル・隠れ特性・タマゴ技探索を担当。,V2二地方生態版／541系統配置マスター＋特殊個体イベントマスター
762,アママイコ,steenee,7,くさ,392,通常生態,no,no,未収録・追加対象,新IDへ追加（進化入手）,殿堂入り後,サファリゾーン東,進化,―,レベルアップ＋Lv.18以上（CFRU/DPEの対応トリガーを使用。通信・RTC必須にはしない）,全国研究図鑑へ登録（トーホク386完成条件には含めない）,NATIONAL_EXT_0762（新規16bit ID）,アマカジ,アマカジ → アママイコ → アマージョ,外来生態レイヤーへ追加,T517,517ばんどうろ／すいどう,大量発生,Lv.38～45,通常0%／発生中20～35%,本編必須フラグを変更せず、外来生態フラグ・時間帯・DexNav・大量発生で制御,K24,24ばんどうろ,草むらオーバーレイ,Lv.74～79,通常表8～15%,ベガ初回殿堂入り後。認定章数でエリアと中間進化枠を段階解禁。,トーホクは本編で使える低～中レベル基礎種、カントーは高レベル個体・中間進化・隠れ特性探索を担当。,ベガ既存11枠を上書きせず、CFRU側の条件付きオーバーレイ／DexNav／大量発生へ登録,P2,アマカジをトーホクで捕獲して進化,517ばんどうろ／すいどう,進化／殿堂入り後DexNavで中間進化が稀に出現,通常野生は基礎種のみ,本編必須フラグを変更せず、外来生態フラグ・時間帯・DexNav・大量発生で制御,アマカジをカントーで捕獲して進化,24ばんどうろ,進化／認定章6個以降は中間進化がDexNav希少枠,通常野生は基礎種中心,ベガ初回殿堂入り後。認定章数でエリアと中間進化枠を段階解禁。,通常系統は両地方で基礎種を捕獲可能。トーホクは早期育成、カントーは高レベル・隠れ特性・タマゴ技探索を担当。,V2二地方生態版／541系統配置マスター＋特殊個体イベントマスター
763,アマージョ,tsareena,7,くさ,392,通常生態,no,no,未収録・追加対象,新IDへ追加（進化入手）,殿堂入り後,サファリゾーン東,進化,―,レベルアップ＋ふみつけを覚えている（CFRU/DPEの対応トリガーを使用。通信・RTC必須にはしない）,全国研究図鑑へ登録（トーホク386完成条件には含めない）,NATIONAL_EXT_0763（新規16bit ID）,アマカジ,アマカジ → アママイコ → アマージョ,外来生態レイヤーへ追加,T517,517ばんどうろ／すいどう,大量発生,Lv.38～45,通常0%／発生中20～35%,本編必須フラグを変更せず、外来生態フラグ・時間帯・DexNav・大量発生で制御,K24,24ばんどうろ,草むらオーバーレイ,Lv.74～79,通常表8～15%,ベガ初回殿堂入り後。認定章数でエリアと中間進化枠を段階解禁。,トーホクは本編で使える低～中レベル基礎種、カントーは高レベル個体・中間進化・隠れ特性探索を担当。,ベガ既存11枠を上書きせず、CFRU側の条件付きオーバーレイ／DexNav／大量発生へ登録,P2,アマカジをトーホクで捕獲して進化,517ばんどうろ／すいどう,進化／殿堂入り後DexNavで中間進化が稀に出現,通常野生は基礎種のみ,本編必須フラグを変更せず、外来生態フラグ・時間帯・DexNav・大量発生で制御,アマカジをカントーで捕獲して進化,24ばんどうろ,進化／認定章6個以降は中間進化がDexNav希少枠,通常野生は基礎種中心,ベガ初回殿堂入り後。認定章数でエリアと中間進化枠を段階解禁。,通常系統は両地方で基礎種を捕獲可能。トーホクは早期育成、カントーは高レベル・隠れ特性・タマゴ技探索を担当。,V2二地方生態版／541系統配置マスター＋特殊個体イベントマスター
764,キュワワー,comfey,7,フェアリー,393,通常生態,no,no,未収録・追加対象,新IDへ追加,殿堂入り後,ニューアイランド,図鑑ナビ隠し枠,通常表0%／ナビ検索時1～5%,主に基礎形のみ出現。中間・最終進化は原則として育成で入手。時間帯・天候は生態チケットで任意固定可能。,全国研究図鑑へ登録（トーホク386完成条件には含めない）,NATIONAL_EXT_0764（新規16bit ID）,キュワワー,キュワワー,外来生態レイヤーへ追加,T519,519ばんどうろ／すいどう,草むらオーバーレイ,Lv.41～48,追加抽選3～6%,本編必須フラグを変更せず、外来生態フラグ・時間帯・DexNav・大量発生で制御,K14,14ばんどうろ,草むらオーバーレイ,Lv.84～89,通常表8～15%,ベガ初回殿堂入り後。認定章数でエリアと中間進化枠を段階解禁。,トーホクは本編で使える低～中レベル基礎種、カントーは高レベル個体・中間進化・隠れ特性探索を担当。,ベガ既存11枠を上書きせず、CFRU側の条件付きオーバーレイ／DexNav／大量発生へ登録,P2,トーホク野生生態,519ばんどうろ／すいどう,草むらオーバーレイ,追加抽選3～6%,本編必須フラグを変更せず、外来生態フラグ・時間帯・DexNav・大量発生で制御,カントー高レベル野生生態,14ばんどうろ,草むらオーバーレイ,通常表8～15%,ベガ初回殿堂入り後。認定章数でエリアと中間進化枠を段階解禁。,通常系統は両地方で基礎種を捕獲可能。トーホクは早期育成、カントーは高レベル・隠れ特性・タマゴ技探索を担当。,V2二地方生態版／541系統配置マスター＋特殊個体イベントマスター
765,ヤレユータン,oranguru,7,ノーマル／エスパー,394,通常生態,no,no,未収録・追加対象,新IDへ追加,殿堂入り後,ポケモンじょう,図鑑ナビ隠し枠,通常表0%／ナビ検索時1～5%,主に基礎形のみ出現。中間・最終進化は原則として育成で入手。時間帯・天候は生態チケットで任意固定可能。,全国研究図鑑へ登録（トーホク386完成条件には含めない）,NATIONAL_EXT_0765（新規16bit ID）,ヤレユータン,ヤレユータン,外来生態レイヤーへ追加,T519,519ばんどうろ／すいどう,草むらオーバーレイ,Lv.41～48,追加抽選3～6%,本編必須フラグを変更せず、外来生態フラグ・時間帯・DexNav・大量発生で制御,K16,16ばんどうろ,草むらオーバーレイ,Lv.81～86,通常表8～15%,ベガ初回殿堂入り後。認定章数でエリアと中間進化枠を段階解禁。,トーホクは本編で使える低～中レベル基礎種、カントーは高レベル個体・中間進化・隠れ特性探索を担当。,ベガ既存11枠を上書きせず、CFRU側の条件付きオーバーレイ／DexNav／大量発生へ登録,P2,トーホク野生生態,519ばんどうろ／すいどう,草むらオーバーレイ,追加抽選3～6%,本編必須フラグを変更せず、外来生態フラグ・時間帯・DexNav・大量発生で制御,カントー高レベル野生生態,16ばんどうろ,草むらオーバーレイ,通常表8～15%,ベガ初回殿堂入り後。認定章数でエリアと中間進化枠を段階解禁。,通常系統は両地方で基礎種を捕獲可能。トーホクは早期育成、カントーは高レベル・隠れ特性・タマゴ技探索を担当。,V2二地方生態版／541系統配置マスター＋特殊個体イベントマスター
766,ナゲツケサル,passimian,7,かくとう,395,通常生態,no,no,未収録・追加対象,新IDへ追加,バッジ1～2個,ちえのどうくつ,図鑑ナビ隠し枠,通常表0%／ナビ検索時1～5%,主に基礎形のみ出現。中間・最終進化は原則として育成で入手。時間帯・天候は生態チケットで任意固定可能。,全国研究図鑑へ登録（トーホク386完成条件には含めない）,NATIONAL_EXT_0766（新規16bit ID）,ナゲツケサル,ナゲツケサル,外来生態レイヤーへ追加,T514,514ばんどうろ／すいどう,草むらオーバーレイ,Lv.31～38,追加抽選3～6%,本編必須フラグを変更せず、外来生態フラグ・時間帯・DexNav・大量発生で制御,K09,9ばんどうろ,草むらオーバーレイ,Lv.77～82,通常表8～15%,ベガ初回殿堂入り後。認定章数でエリアと中間進化枠を段階解禁。,トーホクは本編で使える低～中レベル基礎種、カントーは高レベル個体・中間進化・隠れ特性探索を担当。,ベガ既存11枠を上書きせず、CFRU側の条件付きオーバーレイ／DexNav／大量発生へ登録,P1,トーホク野生生態,514ばんどうろ／すいどう,草むらオーバーレイ,追加抽選3～6%,本編必須フラグを変更せず、外来生態フラグ・時間帯・DexNav・大量発生で制御,カントー高レベル野生生態,9ばんどうろ,草むらオーバーレイ,通常表8～15%,ベガ初回殿堂入り後。認定章数でエリアと中間進化枠を段階解禁。,通常系統は両地方で基礎種を捕獲可能。トーホクは早期育成、カントーは高レベル・隠れ特性・タマゴ技探索を担当。,V2二地方生態版／541系統配置マスター＋特殊個体イベントマスター
767,コソクムシ,wimpod,7,むし／みず,396,通常生態,no,no,未収録・追加対象,新IDへ追加,バッジ7～8個,かいていトンネル,図鑑ナビ隠し枠,通常表0%／ナビ検索時1～5%,主に基礎形のみ出現。中間・最終進化は原則として育成で入手。時間帯・天候は生態チケットで任意固定可能。,全国研究図鑑へ登録（トーホク386完成条件には含めない）,NATIONAL_EXT_0767（新規16bit ID）,コソクムシ,コソクムシ → グソクムシャ,外来生態レイヤーへ追加,T038,サファリゾーン北,水上オーバーレイ,Lv.38～48／殿堂入り後Lv.55～70,追加抽選4～8%,本編必須フラグを変更せず、外来生態フラグ・時間帯・DexNav・大量発生で制御,K36,サファリゾーン北,水上オーバーレイ,Lv.85～94,通常表10～20%,ベガ初回殿堂入り後。認定章数でエリアと中間進化枠を段階解禁。,トーホクは本編で使える低～中レベル基礎種、カントーは高レベル個体・中間進化・隠れ特性探索を担当。,ベガ既存11枠を上書きせず、CFRU側の条件付きオーバーレイ／DexNav／大量発生へ登録,P1,トーホク野生生態,サファリゾーン北,水上オーバーレイ,追加抽選4～8%,本編必須フラグを変更せず、外来生態フラグ・時間帯・DexNav・大量発生で制御,カントー高レベル野生生態,サファリゾーン北,水上オーバーレイ,通常表10～20%,ベガ初回殿堂入り後。認定章数でエリアと中間進化枠を段階解禁。,通常系統は両地方で基礎種を捕獲可能。トーホクは早期育成、カントーは高レベル・隠れ特性・タマゴ技探索を担当。,V2二地方生態版／541系統配置マスター＋特殊個体イベントマスター
768,グソクムシャ,golisopod,7,むし／みず,396,通常生態,no,no,未収録・追加対象,新IDへ追加（進化入手）,バッジ7～8個,かいていトンネル,進化,―,レベルアップ＋Lv.30以上（CFRU/DPEの対応トリガーを使用。通信・RTC必須にはしない）,全国研究図鑑へ登録（トーホク386完成条件には含めない）,NATIONAL_EXT_0768（新規16bit ID）,コソクムシ,コソクムシ → グソクムシャ,外来生態レイヤーへ追加,T038,サファリゾーン北,水上オーバーレイ,Lv.38～48／殿堂入り後Lv.55～70,追加抽選4～8%,本編必須フラグを変更せず、外来生態フラグ・時間帯・DexNav・大量発生で制御,K36,サファリゾーン北,水上オーバーレイ,Lv.85～94,通常表10～20%,ベガ初回殿堂入り後。認定章数でエリアと中間進化枠を段階解禁。,トーホクは本編で使える低～中レベル基礎種、カントーは高レベル個体・中間進化・隠れ特性探索を担当。,ベガ既存11枠を上書きせず、CFRU側の条件付きオーバーレイ／DexNav／大量発生へ登録,P1,コソクムシをトーホクで捕獲して進化,サファリゾーン北,進化／殿堂入り後DexNavで中間進化が稀に出現,通常野生は基礎種のみ,本編必須フラグを変更せず、外来生態フラグ・時間帯・DexNav・大量発生で制御,コソクムシをカントーで捕獲して進化,サファリゾーン北,進化／認定章6個以降は中間進化がDexNav希少枠,通常野生は基礎種中心,ベガ初回殿堂入り後。認定章数でエリアと中間進化枠を段階解禁。,通常系統は両地方で基礎種を捕獲可能。トーホクは早期育成、カントーは高レベル・隠れ特性・タマゴ技探索を担当。,V2二地方生態版／541系統配置マスター＋特殊個体イベントマスター
769,スナバァ,sandygast,7,ゴースト／じめん,397,通常生態,no,no,未収録・追加対象,新IDへ追加,殿堂入り後,全国生態保護区（サファリ増設区画）,生態保護区ローテーション,対象日10～20%（チケットで固定可）,主に基礎形のみ出現。中間・最終進化は原則として育成で入手。時間帯・天候は生態チケットで任意固定可能。,全国研究図鑑へ登録（トーホク386完成条件には含めない）,NATIONAL_EXT_0769（新規16bit ID）,スナバァ,スナバァ → シロデスナ,外来生態レイヤーへ追加,T515,515ばんどうろ／すいどう,夜間オーバーレイ,Lv.33～40,追加抽選3～6%,本編必須フラグを変更せず、外来生態フラグ・時間帯・DexNav・大量発生で制御,K30,イワヤマトンネル,夜間オーバーレイ,Lv.80～87,夜間8～12%,ベガ初回殿堂入り後。認定章数でエリアと中間進化枠を段階解禁。,トーホクは本編で使える低～中レベル基礎種、カントーは高レベル個体・中間進化・隠れ特性探索を担当。,ベガ既存11枠を上書きせず、CFRU側の条件付きオーバーレイ／DexNav／大量発生へ登録,P2,トーホク野生生態,515ばんどうろ／すいどう,夜間オーバーレイ,追加抽選3～6%,本編必須フラグを変更せず、外来生態フラグ・時間帯・DexNav・大量発生で制御,カントー高レベル野生生態,イワヤマトンネル,夜間オーバーレイ,夜間8～12%,ベガ初回殿堂入り後。認定章数でエリアと中間進化枠を段階解禁。,通常系統は両地方で基礎種を捕獲可能。トーホクは早期育成、カントーは高レベル・隠れ特性・タマゴ技探索を担当。,V2二地方生態版／541系統配置マスター＋特殊個体イベントマスター
770,シロデスナ,palossand,7,ゴースト／じめん,397,通常生態,no,no,未収録・追加対象,新IDへ追加（進化入手）,殿堂入り後,全国生態保護区（サファリ増設区画）,進化,―,レベルアップ＋Lv.42以上（CFRU/DPEの対応トリガーを使用。通信・RTC必須にはしない）,全国研究図鑑へ登録（トーホク386完成条件には含めない）,NATIONAL_EXT_0770（新規16bit ID）,スナバァ,スナバァ → シロデスナ,外来生態レイヤーへ追加,T515,515ばんどうろ／すいどう,夜間オーバーレイ,Lv.33～40,追加抽選3～6%,本編必須フラグを変更せず、外来生態フラグ・時間帯・DexNav・大量発生で制御,K30,イワヤマトンネル,夜間オーバーレイ,Lv.80～87,夜間8～12%,ベガ初回殿堂入り後。認定章数でエリアと中間進化枠を段階解禁。,トーホクは本編で使える低～中レベル基礎種、カントーは高レベル個体・中間進化・隠れ特性探索を担当。,ベガ既存11枠を上書きせず、CFRU側の条件付きオーバーレイ／DexNav／大量発生へ登録,P2,スナバァをトーホクで捕獲して進化,515ばんどうろ／すいどう,進化／殿堂入り後DexNavで中間進化が稀に出現,通常野生は基礎種のみ,本編必須フラグを変更せず、外来生態フラグ・時間帯・DexNav・大量発生で制御,スナバァをカントーで捕獲して進化,イワヤマトンネル,進化／認定章6個以降は中間進化がDexNav希少枠,通常野生は基礎種中心,ベガ初回殿堂入り後。認定章数でエリアと中間進化枠を段階解禁。,通常系統は両地方で基礎種を捕獲可能。トーホクは早期育成、カントーは高レベル・隠れ特性・タマゴ技探索を担当。,V2二地方生態版／541系統配置マスター＋特殊個体イベントマスター
771,ナマコブシ,pyukumuku,7,みず,398,通常生態,no,no,未収録・追加対象,新IDへ追加,殿堂入り後,サファリゾーン北,水上,4～5%,主に基礎形のみ出現。中間・最終進化は原則として育成で入手。時間帯・天候は生態チケットで任意固定可能。,全国研究図鑑へ登録（トーホク386完成条件には含めない）,NATIONAL_EXT_0771（新規16bit ID）,ナマコブシ,ナマコブシ,外来生態レイヤーへ追加,T513,513ばんどうろ／すいどう,釣りオーバーレイ,Lv.28～35,追加抽選4～8%,本編必須フラグを変更せず、外来生態フラグ・時間帯・DexNav・大量発生で制御,K19,19ばんどうろ,釣りオーバーレイ,Lv.87～92,通常表10～20%,ベガ初回殿堂入り後。認定章数でエリアと中間進化枠を段階解禁。,トーホクは本編で使える低～中レベル基礎種、カントーは高レベル個体・中間進化・隠れ特性探索を担当。,ベガ既存11枠を上書きせず、CFRU側の条件付きオーバーレイ／DexNav／大量発生へ登録,P2,トーホク野生生態,513ばんどうろ／すいどう,釣りオーバーレイ,追加抽選4～8%,本編必須フラグを変更せず、外来生態フラグ・時間帯・DexNav・大量発生で制御,カントー高レベル野生生態,19ばんどうろ,釣りオーバーレイ,通常表10～20%,ベガ初回殿堂入り後。認定章数でエリアと中間進化枠を段階解禁。,通常系統は両地方で基礎種を捕獲可能。トーホクは早期育成、カントーは高レベル・隠れ特性・タマゴ技探索を担当。,V2二地方生態版／541系統配置マスター＋特殊個体イベントマスター
772,タイプ：ヌル,type-null,7,ノーマル,399,伝説,yes,no,未収録・追加対象,新IDへ追加,D・H残党イベント完了,D・H研究室,固定シンボル／専用クエスト,―,タイプ：ヌルを譲渡。十分になつかせて通常進化。メモリは研究ランク報酬。,全国研究図鑑へ登録（トーホク386完成条件には含めない）,NATIONAL_EXT_0772（新規16bit ID）,タイプ：ヌル,タイプ：ヌル → シルヴァディ,固定イベント追加,EVENT_T,D・H異常生態区画,手掛かり／共鳴戦／専用素材,イベント別,重複捕獲なし,D・H残党イベント完了＋主地方の捕獲フラグ共有,EVENT_K,シルフカンパニー隔離室,固定シンボル／専用クエスト,Lv.75,原則1体・撃破時復活,D・H残党イベント完了,主地方で1個体だけ捕獲し、副地方では手掛かり・共鳴戦・専用素材を扱う。捕獲済みフラグは両地方で共有し、重複個体を与えない。,野生通常表には入れない,P2,トーホク側の手掛かり・共鳴イベント,D・H異常生態区画,手掛かり／共鳴戦／専用素材,重複捕獲なし,D・H残党イベント完了＋共有捕獲フラグ確認,カントー固定イベントで捕獲,シルフカンパニー隔離室,固定シンボル／専用クエスト,原則1体・撃破時復活,D・H残党イベント完了,主捕獲地方で1個体のみ捕獲。副地方は手掛かり・共鳴戦・素材報酬を担当し、共有捕獲フラグで重複個体を防止。,V2二地方生態版／541系統配置マスター＋特殊個体イベントマスター
773,シルヴァディ,silvally,7,ノーマル,399,伝説,yes,no,未収録・追加対象,新IDへ追加（進化入手）,D・H残党イベント完了,D・H研究室,進化,―,レベルアップ＋なつき度160以上（CFRU/DPEの対応トリガーを使用。通信・RTC必須にはしない）,全国研究図鑑へ登録（トーホク386完成条件には含めない）,NATIONAL_EXT_0773（新規16bit ID）,タイプ：ヌル,タイプ：ヌル → シルヴァディ,固定イベント追加,EVENT_T,D・H異常生態区画,手掛かり／共鳴戦／専用素材,イベント別,重複捕獲なし,D・H残党イベント完了＋主地方の捕獲フラグ共有,EVENT_K,シルフカンパニー隔離室,固定シンボル／専用クエスト,Lv.75,原則1体・撃破時復活,D・H残党イベント完了,主地方で1個体だけ捕獲し、副地方では手掛かり・共鳴戦・専用素材を扱う。捕獲済みフラグは両地方で共有し、重複個体を与えない。,野生通常表には入れない,P2,トーホク側の手掛かり・共鳴イベント,D・H異常生態区画,手掛かり／共鳴戦／専用素材,重複捕獲なし,D・H残党イベント完了＋共有捕獲フラグ確認,カントー固定イベントで捕獲,シルフカンパニー隔離室,固定シンボル／専用クエスト,原則1体・撃破時復活,D・H残党イベント完了,主捕獲地方で1個体のみ捕獲。副地方は手掛かり・共鳴戦・素材報酬を担当し、共有捕獲フラグで重複個体を防止。,V2二地方生態版／541系統配置マスター＋特殊個体イベントマスター
774,メテノ,minior,7,いわ／ひこう,400,人工・無機物,no,no,未収録・追加対象,新IDへ追加,バッジ3～4個,かみなりのしま,図鑑ナビ隠し枠,通常表0%／ナビ検索時1～5%,主に基礎形のみ出現。中間・最終進化は原則として育成で入手。時間帯・天候は生態チケットで任意固定可能。,全国研究図鑑へ登録（トーホク386完成条件には含めない）,NATIONAL_EXT_0774（新規16bit ID）,メテノ,メテノ,外来生態レイヤーへ追加,T040,ニューアイランド,屋内異常遭遇／DexNav,Lv.50～60／殿堂入り後Lv.65～82,通常0%／DexNav 2～5%,本編必須フラグを変更せず、外来生態フラグ・時間帯・DexNav・大量発生で制御,K27,おつきみやま,いわくだき／DexNav,Lv.73～80,通常0%／DexNav 2～5%,ベガ初回殿堂入り後。認定章数でエリアと中間進化枠を段階解禁。,トーホクは本編で使える低～中レベル基礎種、カントーは高レベル個体・中間進化・隠れ特性探索を担当。,ベガ既存11枠を上書きせず、CFRU側の条件付きオーバーレイ／DexNav／大量発生へ登録,P2,トーホク野生生態,ニューアイランド,屋内異常遭遇／DexNav,通常0%／DexNav 2～5%,本編必須フラグを変更せず、外来生態フラグ・時間帯・DexNav・大量発生で制御,カントー高レベル野生生態,おつきみやま,いわくだき／DexNav,通常0%／DexNav 2～5%,ベガ初回殿堂入り後。認定章数でエリアと中間進化枠を段階解禁。,通常系統は両地方で基礎種を捕獲可能。トーホクは早期育成、カントーは高レベル・隠れ特性・タマゴ技探索を担当。,V2二地方生態版／541系統配置マスター＋特殊個体イベントマスター
775,ネッコアラ,komala,7,ノーマル,401,通常生態,no,no,未収録・追加対象,新IDへ追加,殿堂入り後,517～520ばんどうろ,図鑑ナビ隠し枠,通常表0%／ナビ検索時1～5%,主に基礎形のみ出現。中間・最終進化は原則として育成で入手。時間帯・天候は生態チケットで任意固定可能。,全国研究図鑑へ登録（トーホク386完成条件には含めない）,NATIONAL_EXT_0775（新規16bit ID）,ネッコアラ,ネッコアラ,外来生態レイヤーへ追加,T039,サファリゾーン中央,草むらオーバーレイ,Lv.38～48／殿堂入り後Lv.55～70,追加抽選3～6%,本編必須フラグを変更せず、外来生態フラグ・時間帯・DexNav・大量発生で制御,K18,18ばんどうろ,草むらオーバーレイ,Lv.84～90,通常表8～15%,ベガ初回殿堂入り後。認定章数でエリアと中間進化枠を段階解禁。,トーホクは本編で使える低～中レベル基礎種、カントーは高レベル個体・中間進化・隠れ特性探索を担当。,ベガ既存11枠を上書きせず、CFRU側の条件付きオーバーレイ／DexNav／大量発生へ登録,P2,トーホク野生生態,サファリゾーン中央,草むらオーバーレイ,追加抽選3～6%,本編必須フラグを変更せず、外来生態フラグ・時間帯・DexNav・大量発生で制御,カントー高レベル野生生態,18ばんどうろ,草むらオーバーレイ,通常表8～15%,ベガ初回殿堂入り後。認定章数でエリアと中間進化枠を段階解禁。,通常系統は両地方で基礎種を捕獲可能。トーホクは早期育成、カントーは高レベル・隠れ特性・タマゴ技探索を担当。,V2二地方生態版／541系統配置マスター＋特殊個体イベントマスター
776,バクガメス,turtonator,7,ほのお／ドラゴン,402,通常生態,no,no,未収録・追加対象,新IDへ追加,バッジ5～6個,ひのしま,時間帯オーバーレイ,4～5%,主に基礎形のみ出現。中間・最終進化は原則として育成で入手。時間帯・天候は生態チケットで任意固定可能。,全国研究図鑑へ登録（トーホク386完成条件には含めない）,NATIONAL_EXT_0776（新規16bit ID）,バクガメス,バクガメス,外来生態レイヤーへ追加,T037,サファリゾーン西,大量発生,Lv.38～48／殿堂入り後Lv.55～70,通常0%／発生中20～35%,本編必須フラグを変更せず、外来生態フラグ・時間帯・DexNav・大量発生で制御,K21,21ばんどうろ,草むらオーバーレイ,Lv.89～94,通常表8～15%,ベガ初回殿堂入り後。認定章数でエリアと中間進化枠を段階解禁。,トーホクは本編で使える低～中レベル基礎種、カントーは高レベル個体・中間進化・隠れ特性探索を担当。,ベガ既存11枠を上書きせず、CFRU側の条件付きオーバーレイ／DexNav／大量発生へ登録,P1,トーホク野生生態,サファリゾーン西,大量発生,通常0%／発生中20～35%,本編必須フラグを変更せず、外来生態フラグ・時間帯・DexNav・大量発生で制御,カントー高レベル野生生態,21ばんどうろ,草むらオーバーレイ,通常表8～15%,ベガ初回殿堂入り後。認定章数でエリアと中間進化枠を段階解禁。,通常系統は両地方で基礎種を捕獲可能。トーホクは早期育成、カントーは高レベル・隠れ特性・タマゴ技探索を担当。,V2二地方生態版／541系統配置マスター＋特殊個体イベントマスター
777,トゲデマル,togedemaru,7,でんき／はがね,403,通常生態,no,no,未収録・追加対象,新IDへ追加,殿堂入り後,D・H異常生態区画（新規小部屋）,草むらオーバーレイ,8～12%,主に基礎形のみ出現。中間・最終進化は原則として育成で入手。時間帯・天候は生態チケットで任意固定可能。,全国研究図鑑へ登録（トーホク386完成条件には含めない）,NATIONAL_EXT_0777（新規16bit ID）,トゲデマル,トゲデマル,外来生態レイヤーへ追加,T029,かみなりのしま,大量発生,Lv.30～40／殿堂入り後Lv.55～70,通常0%／発生中20～35%,本編必須フラグを変更せず、外来生態フラグ・時間帯・DexNav・大量発生で制御,K40,むじんはつでんしょ,洞窟・屋内オーバーレイ,Lv.82～94,通常表8～15%,ベガ初回殿堂入り後。認定章数でエリアと中間進化枠を段階解禁。,トーホクは本編で使える低～中レベル基礎種、カントーは高レベル個体・中間進化・隠れ特性探索を担当。,ベガ既存11枠を上書きせず、CFRU側の条件付きオーバーレイ／DexNav／大量発生へ登録,P2,トーホク野生生態,かみなりのしま,大量発生,通常0%／発生中20～35%,本編必須フラグを変更せず、外来生態フラグ・時間帯・DexNav・大量発生で制御,カントー高レベル野生生態,むじんはつでんしょ,洞窟・屋内オーバーレイ,通常表8～15%,ベガ初回殿堂入り後。認定章数でエリアと中間進化枠を段階解禁。,通常系統は両地方で基礎種を捕獲可能。トーホクは早期育成、カントーは高レベル・隠れ特性・タマゴ技探索を担当。,V2二地方生態版／541系統配置マスター＋特殊個体イベントマスター
778,ミミッキュ,mimikyu,7,ゴースト／フェアリー,404,通常生態,no,no,未収録・追加対象,新IDへ追加,殿堂入り後,スフィアいせき,図鑑ナビ隠し枠,通常表0%／ナビ検索時1～5%,主に基礎形のみ出現。中間・最終進化は原則として育成で入手。時間帯・天候は生態チケットで任意固定可能。,全国研究図鑑へ登録（トーホク386完成条件には含めない）,NATIONAL_EXT_0778（新規16bit ID）,ミミッキュ,ミミッキュ,外来生態レイヤーへ追加,T033,ときのようかん,夜間オーバーレイ,Lv.43～55／殿堂入り後Lv.60～75,追加抽選3～6%,本編必須フラグを変更せず、外来生態フラグ・時間帯・DexNav・大量発生で制御,K08,8ばんどうろ,夜間オーバーレイ,Lv.79～84,夜間8～12%,ベガ初回殿堂入り後。認定章数でエリアと中間進化枠を段階解禁。,トーホクは本編で使える低～中レベル基礎種、カントーは高レベル個体・中間進化・隠れ特性探索を担当。,ベガ既存11枠を上書きせず、CFRU側の条件付きオーバーレイ／DexNav／大量発生へ登録,P2,トーホク野生生態,ときのようかん,夜間オーバーレイ,追加抽選3～6%,本編必須フラグを変更せず、外来生態フラグ・時間帯・DexNav・大量発生で制御,カントー高レベル野生生態,8ばんどうろ,夜間オーバーレイ,夜間8～12%,ベガ初回殿堂入り後。認定章数でエリアと中間進化枠を段階解禁。,通常系統は両地方で基礎種を捕獲可能。トーホクは早期育成、カントーは高レベル・隠れ特性・タマゴ技探索を担当。,V2二地方生態版／541系統配置マスター＋特殊個体イベントマスター
779,ハギギシリ,bruxish,7,みず／エスパー,405,通常生態,no,no,未収録・追加対象,新IDへ追加,殿堂入り後,シオウ近海,図鑑ナビ隠し枠,通常表0%／ナビ検索時1～5%,主に基礎形のみ出現。中間・最終進化は原則として育成で入手。時間帯・天候は生態チケットで任意固定可能。,全国研究図鑑へ登録（トーホク386完成条件には含めない）,NATIONAL_EXT_0779（新規16bit ID）,ハギギシリ,ハギギシリ,外来生態レイヤーへ追加,T510,510ばんどうろ／すいどう,水上オーバーレイ,Lv.24～30,追加抽選4～8%,本編必須フラグを変更せず、外来生態フラグ・時間帯・DexNav・大量発生で制御,K29,サント・アンヌ号,釣りオーバーレイ,Lv.78～84（固定戦）,通常表10～20%,ベガ初回殿堂入り後。認定章数でエリアと中間進化枠を段階解禁。,トーホクは本編で使える低～中レベル基礎種、カントーは高レベル個体・中間進化・隠れ特性探索を担当。,ベガ既存11枠を上書きせず、CFRU側の条件付きオーバーレイ／DexNav／大量発生へ登録,P2,トーホク野生生態,510ばんどうろ／すいどう,水上オーバーレイ,追加抽選4～8%,本編必須フラグを変更せず、外来生態フラグ・時間帯・DexNav・大量発生で制御,カントー高レベル野生生態,サント・アンヌ号,釣りオーバーレイ,通常表10～20%,ベガ初回殿堂入り後。認定章数でエリアと中間進化枠を段階解禁。,通常系統は両地方で基礎種を捕獲可能。トーホクは早期育成、カントーは高レベル・隠れ特性・タマゴ技探索を担当。,V2二地方生態版／541系統配置マスター＋特殊個体イベントマスター
780,ジジーロン,drampa,7,ノーマル／ドラゴン,406,通常生態,no,no,未収録・追加対象,新IDへ追加,殿堂入り後,サファリゾーン中央,図鑑ナビ隠し枠,通常表0%／ナビ検索時1～5%,主に基礎形のみ出現。中間・最終進化は原則として育成で入手。時間帯・天候は生態チケットで任意固定可能。,全国研究図鑑へ登録（トーホク386完成条件には含めない）,NATIONAL_EXT_0780（新規16bit ID）,ジジーロン,ジジーロン,外来生態レイヤーへ追加,T509,509ばんどうろ／すいどう,草むらオーバーレイ,Lv.21～27,追加抽選3～6%,本編必須フラグを変更せず、外来生態フラグ・時間帯・DexNav・大量発生で制御,K04,4ばんどうろ,草むらオーバーレイ,Lv.72～77,通常表8～15%,ベガ初回殿堂入り後。認定章数でエリアと中間進化枠を段階解禁。,トーホクは本編で使える低～中レベル基礎種、カントーは高レベル個体・中間進化・隠れ特性探索を担当。,ベガ既存11枠を上書きせず、CFRU側の条件付きオーバーレイ／DexNav／大量発生へ登録,P2,トーホク野生生態,509ばんどうろ／すいどう,草むらオーバーレイ,追加抽選3～6%,本編必須フラグを変更せず、外来生態フラグ・時間帯・DexNav・大量発生で制御,カントー高レベル野生生態,4ばんどうろ,草むらオーバーレイ,通常表8～15%,ベガ初回殿堂入り後。認定章数でエリアと中間進化枠を段階解禁。,通常系統は両地方で基礎種を捕獲可能。トーホクは早期育成、カントーは高レベル・隠れ特性・タマゴ技探索を担当。,V2二地方生態版／541系統配置マスター＋特殊個体イベントマスター
781,ダダリン,dhelmise,7,ゴースト／くさ,407,人工・無機物,no,no,未収録・追加対象,新IDへ追加,殿堂入り後,D・Hビル／D・Hだんアジト,図鑑ナビ隠し枠,通常表0%／ナビ検索時1～5%,主に基礎形のみ出現。中間・最終進化は原則として育成で入手。時間帯・天候は生態チケットで任意固定可能。,全国研究図鑑へ登録（トーホク386完成条件には含めない）,NATIONAL_EXT_0781（新規16bit ID）,ダダリン,ダダリン,外来生態レイヤーへ追加,T033,ときのようかん,夜間オーバーレイ,Lv.43～55／殿堂入り後Lv.60～75,追加抽選3～6%,本編必須フラグを変更せず、外来生態フラグ・時間帯・DexNav・大量発生で制御,K34,サファリゾーン中央,屋内異常遭遇／DexNav,Lv.85～94,通常0%／DexNav 2～5%,ベガ初回殿堂入り後。認定章数でエリアと中間進化枠を段階解禁。,トーホクは本編で使える低～中レベル基礎種、カントーは高レベル個体・中間進化・隠れ特性探索を担当。,ベガ既存11枠を上書きせず、CFRU側の条件付きオーバーレイ／DexNav／大量発生へ登録,P2,トーホク野生生態,ときのようかん,夜間オーバーレイ,追加抽選3～6%,本編必須フラグを変更せず、外来生態フラグ・時間帯・DexNav・大量発生で制御,カントー高レベル野生生態,サファリゾーン中央,屋内異常遭遇／DexNav,通常0%／DexNav 2～5%,ベガ初回殿堂入り後。認定章数でエリアと中間進化枠を段階解禁。,通常系統は両地方で基礎種を捕獲可能。トーホクは早期育成、カントーは高レベル・隠れ特性・タマゴ技探索を担当。,V2二地方生態版／541系統配置マスター＋特殊個体イベントマスター
782,ジャラコ,jangmo-o,7,ドラゴン,408,600族,no,no,未収録・追加対象,新IDへ追加,殿堂入り後,チャンピオンロード,図鑑ナビ隠し枠,通常表0%／ナビ検索時1～5%,主に基礎形のみ出現。中間・最終進化は原則として育成で入手。時間帯・天候は生態チケットで任意固定可能。,全国研究図鑑へ登録（トーホク386完成条件には含めない）,NATIONAL_EXT_0782（新規16bit ID）,ジャラコ,ジャラコ → ジャランゴ → ジャラランガ,外来生態レイヤーへ追加,T042,チャンピオンロード,DexNav隠し枠,Lv.58～66／殿堂入り後Lv.70～88,通常0%／DexNav 1～2%,本編必須フラグを変更せず、外来生態フラグ・時間帯・DexNav・大量発生で制御,K42,チャンピオンロード,DexNav隠し枠,Lv.94～100,通常0%／DexNav 1～2%,ベガ初回殿堂入り後。認定章数でエリアと中間進化枠を段階解禁。,トーホクは本編で使える低～中レベル基礎種、カントーは高レベル個体・中間進化・隠れ特性探索を担当。,ベガ既存11枠を上書きせず、CFRU側の条件付きオーバーレイ／DexNav／大量発生へ登録,P2,トーホク野生生態,チャンピオンロード,DexNav隠し枠,通常0%／DexNav 1～2%,本編必須フラグを変更せず、外来生態フラグ・時間帯・DexNav・大量発生で制御,カントー高レベル野生生態,チャンピオンロード,DexNav隠し枠,通常0%／DexNav 1～2%,ベガ初回殿堂入り後。認定章数でエリアと中間進化枠を段階解禁。,通常系統は両地方で基礎種を捕獲可能。トーホクは早期育成、カントーは高レベル・隠れ特性・タマゴ技探索を担当。,V2二地方生態版／541系統配置マスター＋特殊個体イベントマスター
783,ジャランゴ,hakamo-o,7,ドラゴン／かくとう,408,600族,no,no,未収録・追加対象,新IDへ追加（進化入手）,殿堂入り後,チャンピオンロード,進化,―,レベルアップ＋Lv.35以上（CFRU/DPEの対応トリガーを使用。通信・RTC必須にはしない）,全国研究図鑑へ登録（トーホク386完成条件には含めない）,NATIONAL_EXT_0783（新規16bit ID）,ジャラコ,ジャラコ → ジャランゴ → ジャラランガ,外来生態レイヤーへ追加,T042,チャンピオンロード,DexNav隠し枠,Lv.58～66／殿堂入り後Lv.70～88,通常0%／DexNav 1～2%,本編必須フラグを変更せず、外来生態フラグ・時間帯・DexNav・大量発生で制御,K42,チャンピオンロード,DexNav隠し枠,Lv.94～100,通常0%／DexNav 1～2%,ベガ初回殿堂入り後。認定章数でエリアと中間進化枠を段階解禁。,トーホクは本編で使える低～中レベル基礎種、カントーは高レベル個体・中間進化・隠れ特性探索を担当。,ベガ既存11枠を上書きせず、CFRU側の条件付きオーバーレイ／DexNav／大量発生へ登録,P2,ジャラコをトーホクで捕獲して進化,チャンピオンロード,進化／殿堂入り後DexNavで中間進化が稀に出現,通常野生は基礎種のみ,本編必須フラグを変更せず、外来生態フラグ・時間帯・DexNav・大量発生で制御,ジャラコをカントーで捕獲して進化,チャンピオンロード,進化／認定章6個以降は中間進化がDexNav希少枠,通常野生は基礎種中心,ベガ初回殿堂入り後。認定章数でエリアと中間進化枠を段階解禁。,通常系統は両地方で基礎種を捕獲可能。トーホクは早期育成、カントーは高レベル・隠れ特性・タマゴ技探索を担当。,V2二地方生態版／541系統配置マスター＋特殊個体イベントマスター
784,ジャラランガ,kommo-o,7,ドラゴン／かくとう,408,600族,no,no,未収録・追加対象,新IDへ追加（進化入手）,殿堂入り後,チャンピオンロード,進化,―,レベルアップ＋Lv.45以上（CFRU/DPEの対応トリガーを使用。通信・RTC必須にはしない）,全国研究図鑑へ登録（トーホク386完成条件には含めない）,NATIONAL_EXT_0784（新規16bit ID）,ジャラコ,ジャラコ → ジャランゴ → ジャラランガ,外来生態レイヤーへ追加,T042,チャンピオンロード,DexNav隠し枠,Lv.58～66／殿堂入り後Lv.70～88,通常0%／DexNav 1～2%,本編必須フラグを変更せず、外来生態フラグ・時間帯・DexNav・大量発生で制御,K42,チャンピオンロード,DexNav隠し枠,Lv.94～100,通常0%／DexNav 1～2%,ベガ初回殿堂入り後。認定章数でエリアと中間進化枠を段階解禁。,トーホクは本編で使える低～中レベル基礎種、カントーは高レベル個体・中間進化・隠れ特性探索を担当。,ベガ既存11枠を上書きせず、CFRU側の条件付きオーバーレイ／DexNav／大量発生へ登録,P2,ジャラコをトーホクで捕獲して進化,チャンピオンロード,進化／殿堂入り後DexNavで中間進化が稀に出現,通常野生は基礎種のみ,本編必須フラグを変更せず、外来生態フラグ・時間帯・DexNav・大量発生で制御,ジャラコをカントーで捕獲して進化,チャンピオンロード,進化／認定章6個以降は中間進化がDexNav希少枠,通常野生は基礎種中心,ベガ初回殿堂入り後。認定章数でエリアと中間進化枠を段階解禁。,通常系統は両地方で基礎種を捕獲可能。トーホクは早期育成、カントーは高レベル・隠れ特性・タマゴ技探索を担当。,V2二地方生態版／541系統配置マスター＋特殊個体イベントマスター
785,カプ・コケコ,tapu-koko,7,でんき／フェアリー,409,伝説,yes,no,未収録・追加対象,新IDへ追加,殿堂入り＋各島試練,ひのしま／かみなりのしま／こおりのしま／ニューアイランド,固定シンボル／専用クエスト,―,島ごとの3分程度の試練後に固定戦。,全国研究図鑑へ登録（トーホク386完成条件には含めない）,NATIONAL_EXT_0785（新規16bit ID）,カプ・コケコ,カプ・コケコ,固定イベント追加,EVENT_T,火・雷・氷・ニューアイランド祭壇,固定シンボル／専用クエスト,Lv.75,原則1体・撃破時復活,殿堂入り＋各島試練,EVENT_K,トキワのもり／24ばんどうろ／セキチク湿地／20ばん水道,手掛かり／共鳴戦／専用素材,イベント別,重複捕獲なし,殿堂入り＋各島試練＋主地方の捕獲フラグ共有,主地方で1個体だけ捕獲し、副地方では手掛かり・共鳴戦・専用素材を扱う。捕獲済みフラグは両地方で共有し、重複個体を与えない。,野生通常表には入れない,P2,トーホク固定イベントで捕獲,火・雷・氷・ニューアイランド祭壇,固定シンボル／専用クエスト,原則1体・撃破時復活,殿堂入り＋各島試練,カントー側の手掛かり・共鳴イベント,トキワのもり／24ばんどうろ／セキチク湿地／20ばん水道,手掛かり／共鳴戦／専用素材,重複捕獲なし,殿堂入り＋各島試練＋共有捕獲フラグ確認,主捕獲地方で1個体のみ捕獲。副地方は手掛かり・共鳴戦・素材報酬を担当し、共有捕獲フラグで重複個体を防止。,V2二地方生態版／541系統配置マスター＋特殊個体イベントマスター
786,カプ・テテフ,tapu-lele,7,エスパー／フェアリー,410,伝説,yes,no,未収録・追加対象,新IDへ追加,殿堂入り＋各島試練,ひのしま／かみなりのしま／こおりのしま／ニューアイランド,固定シンボル／専用クエスト,―,島ごとの3分程度の試練後に固定戦。,全国研究図鑑へ登録（トーホク386完成条件には含めない）,NATIONAL_EXT_0786（新規16bit ID）,カプ・テテフ,カプ・テテフ,固定イベント追加,EVENT_T,火・雷・氷・ニューアイランド祭壇,固定シンボル／専用クエスト,Lv.75,原則1体・撃破時復活,殿堂入り＋各島試練,EVENT_K,トキワのもり／24ばんどうろ／セキチク湿地／20ばん水道,手掛かり／共鳴戦／専用素材,イベント別,重複捕獲なし,殿堂入り＋各島試練＋主地方の捕獲フラグ共有,主地方で1個体だけ捕獲し、副地方では手掛かり・共鳴戦・専用素材を扱う。捕獲済みフラグは両地方で共有し、重複個体を与えない。,野生通常表には入れない,P2,トーホク固定イベントで捕獲,火・雷・氷・ニューアイランド祭壇,固定シンボル／専用クエスト,原則1体・撃破時復活,殿堂入り＋各島試練,カントー側の手掛かり・共鳴イベント,トキワのもり／24ばんどうろ／セキチク湿地／20ばん水道,手掛かり／共鳴戦／専用素材,重複捕獲なし,殿堂入り＋各島試練＋共有捕獲フラグ確認,主捕獲地方で1個体のみ捕獲。副地方は手掛かり・共鳴戦・素材報酬を担当し、共有捕獲フラグで重複個体を防止。,V2二地方生態版／541系統配置マスター＋特殊個体イベントマスター
787,カプ・ブルル,tapu-bulu,7,くさ／フェアリー,411,伝説,yes,no,未収録・追加対象,新IDへ追加,殿堂入り＋各島試練,ひのしま／かみなりのしま／こおりのしま／ニューアイランド,固定シンボル／専用クエスト,―,島ごとの3分程度の試練後に固定戦。,全国研究図鑑へ登録（トーホク386完成条件には含めない）,NATIONAL_EXT_0787（新規16bit ID）,カプ・ブルル,カプ・ブルル,固定イベント追加,EVENT_T,火・雷・氷・ニューアイランド祭壇,固定シンボル／専用クエスト,Lv.75,原則1体・撃破時復活,殿堂入り＋各島試練,EVENT_K,トキワのもり／24ばんどうろ／セキチク湿地／20ばん水道,手掛かり／共鳴戦／専用素材,イベント別,重複捕獲なし,殿堂入り＋各島試練＋主地方の捕獲フラグ共有,主地方で1個体だけ捕獲し、副地方では手掛かり・共鳴戦・専用素材を扱う。捕獲済みフラグは両地方で共有し、重複個体を与えない。,野生通常表には入れない,P2,トーホク固定イベントで捕獲,火・雷・氷・ニューアイランド祭壇,固定シンボル／専用クエスト,原則1体・撃破時復活,殿堂入り＋各島試練,カントー側の手掛かり・共鳴イベント,トキワのもり／24ばんどうろ／セキチク湿地／20ばん水道,手掛かり／共鳴戦／専用素材,重複捕獲なし,殿堂入り＋各島試練＋共有捕獲フラグ確認,主捕獲地方で1個体のみ捕獲。副地方は手掛かり・共鳴戦・素材報酬を担当し、共有捕獲フラグで重複個体を防止。,V2二地方生態版／541系統配置マスター＋特殊個体イベントマスター
788,カプ・レヒレ,tapu-fini,7,みず／フェアリー,412,伝説,yes,no,未収録・追加対象,新IDへ追加,殿堂入り＋各島試練,ひのしま／かみなりのしま／こおりのしま／ニューアイランド,固定シンボル／専用クエスト,―,島ごとの3分程度の試練後に固定戦。,全国研究図鑑へ登録（トーホク386完成条件には含めない）,NATIONAL_EXT_0788（新規16bit ID）,カプ・レヒレ,カプ・レヒレ,固定イベント追加,EVENT_T,火・雷・氷・ニューアイランド祭壇,固定シンボル／専用クエスト,Lv.75,原則1体・撃破時復活,殿堂入り＋各島試練,EVENT_K,トキワのもり／24ばんどうろ／セキチク湿地／20ばん水道,手掛かり／共鳴戦／専用素材,イベント別,重複捕獲なし,殿堂入り＋各島試練＋主地方の捕獲フラグ共有,主地方で1個体だけ捕獲し、副地方では手掛かり・共鳴戦・専用素材を扱う。捕獲済みフラグは両地方で共有し、重複個体を与えない。,野生通常表には入れない,P2,トーホク固定イベントで捕獲,火・雷・氷・ニューアイランド祭壇,固定シンボル／専用クエスト,原則1体・撃破時復活,殿堂入り＋各島試練,カントー側の手掛かり・共鳴イベント,トキワのもり／24ばんどうろ／セキチク湿地／20ばん水道,手掛かり／共鳴戦／専用素材,重複捕獲なし,殿堂入り＋各島試練＋共有捕獲フラグ確認,主捕獲地方で1個体のみ捕獲。副地方は手掛かり・共鳴戦・素材報酬を担当し、共有捕獲フラグで重複個体を防止。,V2二地方生態版／541系統配置マスター＋特殊個体イベントマスター
789,コスモッグ,cosmog,7,エスパー,413,伝説,yes,no,未収録・追加対象,新IDへ追加,殿堂入り＋星の祈り完了,ニューアイランド天文台／スフィアいせき,固定シンボル／専用クエスト,―,コスモッグを保護し、日輪核／月輪核で進化先を選択。ネクロズマは後続戦。,全国研究図鑑へ登録（トーホク386完成条件には含めない）,NATIONAL_EXT_0789（新規16bit ID）,コスモッグ,コスモッグ → コスモウム → ソルガレオ → ルナアーラ,固定イベント追加,EVENT_T,ニューアイランド天文台／スフィアいせき,固定シンボル／専用クエスト,Lv.75,原則1体・撃破時復活,殿堂入り＋星の祈り完了,EVENT_K,ニビ博物館天文室／ハナダのどうくつ宇宙層,手掛かり／共鳴戦／専用素材,イベント別,重複捕獲なし,殿堂入り＋星の祈り完了＋主地方の捕獲フラグ共有,主地方で1個体だけ捕獲し、副地方では手掛かり・共鳴戦・専用素材を扱う。捕獲済みフラグは両地方で共有し、重複個体を与えない。,野生通常表には入れない,P2,トーホク固定イベントで捕獲,ニューアイランド天文台／スフィアいせき,固定シンボル／専用クエスト,原則1体・撃破時復活,殿堂入り＋星の祈り完了,カントー側の手掛かり・共鳴イベント,ニビ博物館天文室／ハナダのどうくつ宇宙層,手掛かり／共鳴戦／専用素材,重複捕獲なし,殿堂入り＋星の祈り完了＋共有捕獲フラグ確認,主捕獲地方で1個体のみ捕獲。副地方は手掛かり・共鳴戦・素材報酬を担当し、共有捕獲フラグで重複個体を防止。,V2二地方生態版／541系統配置マスター＋特殊個体イベントマスター
790,コスモウム,cosmoem,7,エスパー,413,伝説,yes,no,未収録・追加対象,新IDへ追加（進化入手）,殿堂入り＋星の祈り完了,ニューアイランド天文台／スフィアいせき,進化,―,レベルアップ＋Lv.43以上（CFRU/DPEの対応トリガーを使用。通信・RTC必須にはしない）,全国研究図鑑へ登録（トーホク386完成条件には含めない）,NATIONAL_EXT_0790（新規16bit ID）,コスモッグ,コスモッグ → コスモウム → ソルガレオ → ルナアーラ,固定イベント追加,EVENT_T,ニューアイランド天文台／スフィアいせき,固定シンボル／専用クエスト,Lv.75,原則1体・撃破時復活,殿堂入り＋星の祈り完了,EVENT_K,ニビ博物館天文室／ハナダのどうくつ宇宙層,手掛かり／共鳴戦／専用素材,イベント別,重複捕獲なし,殿堂入り＋星の祈り完了＋主地方の捕獲フラグ共有,主地方で1個体だけ捕獲し、副地方では手掛かり・共鳴戦・専用素材を扱う。捕獲済みフラグは両地方で共有し、重複個体を与えない。,野生通常表には入れない,P2,トーホク固定イベントで捕獲,ニューアイランド天文台／スフィアいせき,固定シンボル／専用クエスト,原則1体・撃破時復活,殿堂入り＋星の祈り完了,カントー側の手掛かり・共鳴イベント,ニビ博物館天文室／ハナダのどうくつ宇宙層,手掛かり／共鳴戦／専用素材,重複捕獲なし,殿堂入り＋星の祈り完了＋共有捕獲フラグ確認,主捕獲地方で1個体のみ捕獲。副地方は手掛かり・共鳴戦・素材報酬を担当し、共有捕獲フラグで重複個体を防止。,V2二地方生態版／541系統配置マスター＋特殊個体イベントマスター
791,ソルガレオ,solgaleo,7,エスパー／はがね,413,伝説,yes,no,未収録・追加対象,新IDへ追加（進化入手）,殿堂入り＋星の祈り完了,ニューアイランド天文台／スフィアいせき,進化,―,レベルアップ＋Lv.53以上（CFRU/DPEの対応トリガーを使用。通信・RTC必須にはしない）,全国研究図鑑へ登録（トーホク386完成条件には含めない）,NATIONAL_EXT_0791（新規16bit ID）,コスモッグ,コスモッグ → コスモウム → ソルガレオ → ルナアーラ,固定イベント追加,EVENT_T,ニューアイランド天文台／スフィアいせき,固定シンボル／専用クエスト,Lv.75,原則1体・撃破時復活,殿堂入り＋星の祈り完了,EVENT_K,ニビ博物館天文室／ハナダのどうくつ宇宙層,手掛かり／共鳴戦／専用素材,イベント別,重複捕獲なし,殿堂入り＋星の祈り完了＋主地方の捕獲フラグ共有,主地方で1個体だけ捕獲し、副地方では手掛かり・共鳴戦・専用素材を扱う。捕獲済みフラグは両地方で共有し、重複個体を与えない。,野生通常表には入れない,P2,トーホク固定イベントで捕獲,ニューアイランド天文台／スフィアいせき,固定シンボル／専用クエスト,原則1体・撃破時復活,殿堂入り＋星の祈り完了,カントー側の手掛かり・共鳴イベント,ニビ博物館天文室／ハナダのどうくつ宇宙層,手掛かり／共鳴戦／専用素材,重複捕獲なし,殿堂入り＋星の祈り完了＋共有捕獲フラグ確認,主捕獲地方で1個体のみ捕獲。副地方は手掛かり・共鳴戦・素材報酬を担当し、共有捕獲フラグで重複個体を防止。,V2二地方生態版／541系統配置マスター＋特殊個体イベントマスター
792,ルナアーラ,lunala,7,エスパー／ゴースト,413,伝説,yes,no,未収録・追加対象,新IDへ追加（進化入手）,殿堂入り＋星の祈り完了,ニューアイランド天文台／スフィアいせき,進化,―,レベルアップ＋Lv.53以上（CFRU/DPEの対応トリガーを使用。通信・RTC必須にはしない）,全国研究図鑑へ登録（トーホク386完成条件には含めない）,NATIONAL_EXT_0792（新規16bit ID）,コスモッグ,コスモッグ → コスモウム → ソルガレオ → ルナアーラ,固定イベント追加,EVENT_T,ニューアイランド天文台／スフィアいせき,固定シンボル／専用クエスト,Lv.75,原則1体・撃破時復活,殿堂入り＋星の祈り完了,EVENT_K,ニビ博物館天文室／ハナダのどうくつ宇宙層,手掛かり／共鳴戦／専用素材,イベント別,重複捕獲なし,殿堂入り＋星の祈り完了＋主地方の捕獲フラグ共有,主地方で1個体だけ捕獲し、副地方では手掛かり・共鳴戦・専用素材を扱う。捕獲済みフラグは両地方で共有し、重複個体を与えない。,野生通常表には入れない,P2,トーホク固定イベントで捕獲,ニューアイランド天文台／スフィアいせき,固定シンボル／専用クエスト,原則1体・撃破時復活,殿堂入り＋星の祈り完了,カントー側の手掛かり・共鳴イベント,ニビ博物館天文室／ハナダのどうくつ宇宙層,手掛かり／共鳴戦／専用素材,重複捕獲なし,殿堂入り＋星の祈り完了＋共有捕獲フラグ確認,主捕獲地方で1個体のみ捕獲。副地方は手掛かり・共鳴戦・素材報酬を担当し、共有捕獲フラグで重複個体を防止。,V2二地方生態版／541系統配置マスター＋特殊個体イベントマスター
793,ウツロイド,nihilego,7,いわ／どく,414,ウルトラビースト,no,no,未収録・追加対象,新IDへ追加,殿堂入り＋ビーストボール解禁,スフィアいせき・裂け目区画,固定シンボル／専用クエスト,―,種ごとに異なる色の裂け目を調査。初回固定、以後は低確率レイド。,全国研究図鑑へ登録（トーホク386完成条件には含めない）,NATIONAL_EXT_0793（新規16bit ID）,ウツロイド,ウツロイド,固定イベント追加,EVENT_T,スフィアいせき・裂け目区画,固定シンボル／専用クエスト,Lv.90,原則1体・撃破時復活,殿堂入り＋ビーストボール解禁,EVENT_K,シルフカンパニー異常転送室,手掛かり／共鳴戦／専用素材,イベント別,重複捕獲なし,殿堂入り＋ビーストボール解禁＋主地方の捕獲フラグ共有,主地方で1個体だけ捕獲し、副地方では手掛かり・共鳴戦・専用素材を扱う。捕獲済みフラグは両地方で共有し、重複個体を与えない。,野生通常表には入れない,P2,トーホク固定イベントで捕獲,スフィアいせき・裂け目区画,固定シンボル／専用クエスト,原則1体・撃破時復活,殿堂入り＋ビーストボール解禁,カントー側の手掛かり・共鳴イベント,シルフカンパニー異常転送室,手掛かり／共鳴戦／専用素材,重複捕獲なし,殿堂入り＋ビーストボール解禁＋共有捕獲フラグ確認,主捕獲地方で1個体のみ捕獲。副地方は手掛かり・共鳴戦・素材報酬を担当し、共有捕獲フラグで重複個体を防止。,V2二地方生態版／541系統配置マスター＋特殊個体イベントマスター
794,マッシブーン,buzzwole,7,むし／かくとう,415,ウルトラビースト,no,no,未収録・追加対象,新IDへ追加,殿堂入り＋ビーストボール解禁,スフィアいせき・裂け目区画,固定シンボル／専用クエスト,―,種ごとに異なる色の裂け目を調査。初回固定、以後は低確率レイド。,全国研究図鑑へ登録（トーホク386完成条件には含めない）,NATIONAL_EXT_0794（新規16bit ID）,マッシブーン,マッシブーン,固定イベント追加,EVENT_T,スフィアいせき・裂け目区画,手掛かり／共鳴戦／専用素材,イベント別,重複捕獲なし,殿堂入り＋ビーストボール解禁＋主地方の捕獲フラグ共有,EVENT_K,シルフカンパニー異常転送室,固定シンボル／専用クエスト,Lv.90,原則1体・撃破時復活,殿堂入り＋ビーストボール解禁,主地方で1個体だけ捕獲し、副地方では手掛かり・共鳴戦・専用素材を扱う。捕獲済みフラグは両地方で共有し、重複個体を与えない。,野生通常表には入れない,P2,トーホク側の手掛かり・共鳴イベント,スフィアいせき・裂け目区画,手掛かり／共鳴戦／専用素材,重複捕獲なし,殿堂入り＋ビーストボール解禁＋共有捕獲フラグ確認,カントー固定イベントで捕獲,シルフカンパニー異常転送室,固定シンボル／専用クエスト,原則1体・撃破時復活,殿堂入り＋ビーストボール解禁,主捕獲地方で1個体のみ捕獲。副地方は手掛かり・共鳴戦・素材報酬を担当し、共有捕獲フラグで重複個体を防止。,V2二地方生態版／541系統配置マスター＋特殊個体イベントマスター
795,フェローチェ,pheromosa,7,むし／かくとう,416,ウルトラビースト,no,no,未収録・追加対象,新IDへ追加,殿堂入り＋ビーストボール解禁,スフィアいせき・裂け目区画,固定シンボル／専用クエスト,―,種ごとに異なる色の裂け目を調査。初回固定、以後は低確率レイド。,全国研究図鑑へ登録（トーホク386完成条件には含めない）,NATIONAL_EXT_0795（新規16bit ID）,フェローチェ,フェローチェ,固定イベント追加,EVENT_T,スフィアいせき・裂け目区画,固定シンボル／専用クエスト,Lv.90,原則1体・撃破時復活,殿堂入り＋ビーストボール解禁,EVENT_K,シルフカンパニー異常転送室,手掛かり／共鳴戦／専用素材,イベント別,重複捕獲なし,殿堂入り＋ビーストボール解禁＋主地方の捕獲フラグ共有,主地方で1個体だけ捕獲し、副地方では手掛かり・共鳴戦・専用素材を扱う。捕獲済みフラグは両地方で共有し、重複個体を与えない。,野生通常表には入れない,P2,トーホク固定イベントで捕獲,スフィアいせき・裂け目区画,固定シンボル／専用クエスト,原則1体・撃破時復活,殿堂入り＋ビーストボール解禁,カントー側の手掛かり・共鳴イベント,シルフカンパニー異常転送室,手掛かり／共鳴戦／専用素材,重複捕獲なし,殿堂入り＋ビーストボール解禁＋共有捕獲フラグ確認,主捕獲地方で1個体のみ捕獲。副地方は手掛かり・共鳴戦・素材報酬を担当し、共有捕獲フラグで重複個体を防止。,V2二地方生態版／541系統配置マスター＋特殊個体イベントマスター
796,デンジュモク,xurkitree,7,でんき,417,ウルトラビースト,no,no,未収録・追加対象,新IDへ追加,殿堂入り＋ビーストボール解禁,スフィアいせき・裂け目区画,固定シンボル／専用クエスト,―,種ごとに異なる色の裂け目を調査。初回固定、以後は低確率レイド。,全国研究図鑑へ登録（トーホク386完成条件には含めない）,NATIONAL_EXT_0796（新規16bit ID）,デンジュモク,デンジュモク,固定イベント追加,EVENT_T,スフィアいせき・裂け目区画,手掛かり／共鳴戦／専用素材,イベント別,重複捕獲なし,殿堂入り＋ビーストボール解禁＋主地方の捕獲フラグ共有,EVENT_K,シルフカンパニー異常転送室,固定シンボル／専用クエスト,Lv.90,原則1体・撃破時復活,殿堂入り＋ビーストボール解禁,主地方で1個体だけ捕獲し、副地方では手掛かり・共鳴戦・専用素材を扱う。捕獲済みフラグは両地方で共有し、重複個体を与えない。,野生通常表には入れない,P2,トーホク側の手掛かり・共鳴イベント,スフィアいせき・裂け目区画,手掛かり／共鳴戦／専用素材,重複捕獲なし,殿堂入り＋ビーストボール解禁＋共有捕獲フラグ確認,カントー固定イベントで捕獲,シルフカンパニー異常転送室,固定シンボル／専用クエスト,原則1体・撃破時復活,殿堂入り＋ビーストボール解禁,主捕獲地方で1個体のみ捕獲。副地方は手掛かり・共鳴戦・素材報酬を担当し、共有捕獲フラグで重複個体を防止。,V2二地方生態版／541系統配置マスター＋特殊個体イベントマスター
797,テッカグヤ,celesteela,7,はがね／ひこう,418,ウルトラビースト,no,no,未収録・追加対象,新IDへ追加,殿堂入り＋ビーストボール解禁,スフィアいせき・裂け目区画,固定シンボル／専用クエスト,―,種ごとに異なる色の裂け目を調査。初回固定、以後は低確率レイド。,全国研究図鑑へ登録（トーホク386完成条件には含めない）,NATIONAL_EXT_0797（新規16bit ID）,テッカグヤ,テッカグヤ,固定イベント追加,EVENT_T,スフィアいせき・裂け目区画,固定シンボル／専用クエスト,Lv.90,原則1体・撃破時復活,殿堂入り＋ビーストボール解禁,EVENT_K,シルフカンパニー異常転送室,手掛かり／共鳴戦／専用素材,イベント別,重複捕獲なし,殿堂入り＋ビーストボール解禁＋主地方の捕獲フラグ共有,主地方で1個体だけ捕獲し、副地方では手掛かり・共鳴戦・専用素材を扱う。捕獲済みフラグは両地方で共有し、重複個体を与えない。,野生通常表には入れない,P2,トーホク固定イベントで捕獲,スフィアいせき・裂け目区画,固定シンボル／専用クエスト,原則1体・撃破時復活,殿堂入り＋ビーストボール解禁,カントー側の手掛かり・共鳴イベント,シルフカンパニー異常転送室,手掛かり／共鳴戦／専用素材,重複捕獲なし,殿堂入り＋ビーストボール解禁＋共有捕獲フラグ確認,主捕獲地方で1個体のみ捕獲。副地方は手掛かり・共鳴戦・素材報酬を担当し、共有捕獲フラグで重複個体を防止。,V2二地方生態版／541系統配置マスター＋特殊個体イベントマスター
798,カミツルギ,kartana,7,くさ／はがね,419,ウルトラビースト,no,no,未収録・追加対象,新IDへ追加,殿堂入り＋ビーストボール解禁,スフィアいせき・裂け目区画,固定シンボル／専用クエスト,―,種ごとに異なる色の裂け目を調査。初回固定、以後は低確率レイド。,全国研究図鑑へ登録（トーホク386完成条件には含めない）,NATIONAL_EXT_0798（新規16bit ID）,カミツルギ,カミツルギ,固定イベント追加,EVENT_T,スフィアいせき・裂け目区画,手掛かり／共鳴戦／専用素材,イベント別,重複捕獲なし,殿堂入り＋ビーストボール解禁＋主地方の捕獲フラグ共有,EVENT_K,シルフカンパニー異常転送室,固定シンボル／専用クエスト,Lv.90,原則1体・撃破時復活,殿堂入り＋ビーストボール解禁,主地方で1個体だけ捕獲し、副地方では手掛かり・共鳴戦・専用素材を扱う。捕獲済みフラグは両地方で共有し、重複個体を与えない。,野生通常表には入れない,P2,トーホク側の手掛かり・共鳴イベント,スフィアいせき・裂け目区画,手掛かり／共鳴戦／専用素材,重複捕獲なし,殿堂入り＋ビーストボール解禁＋共有捕獲フラグ確認,カントー固定イベントで捕獲,シルフカンパニー異常転送室,固定シンボル／専用クエスト,原則1体・撃破時復活,殿堂入り＋ビーストボール解禁,主捕獲地方で1個体のみ捕獲。副地方は手掛かり・共鳴戦・素材報酬を担当し、共有捕獲フラグで重複個体を防止。,V2二地方生態版／541系統配置マスター＋特殊個体イベントマスター
799,アクジキング,guzzlord,7,あく／ドラゴン,420,ウルトラビースト,no,no,未収録・追加対象,新IDへ追加,殿堂入り＋ビーストボール解禁,スフィアいせき・裂け目区画,固定シンボル／専用クエスト,―,種ごとに異なる色の裂け目を調査。初回固定、以後は低確率レイド。,全国研究図鑑へ登録（トーホク386完成条件には含めない）,NATIONAL_EXT_0799（新規16bit ID）,アクジキング,アクジキング,固定イベント追加,EVENT_T,スフィアいせき・裂け目区画,固定シンボル／専用クエスト,Lv.90,原則1体・撃破時復活,殿堂入り＋ビーストボール解禁,EVENT_K,シルフカンパニー異常転送室,手掛かり／共鳴戦／専用素材,イベント別,重複捕獲なし,殿堂入り＋ビーストボール解禁＋主地方の捕獲フラグ共有,主地方で1個体だけ捕獲し、副地方では手掛かり・共鳴戦・専用素材を扱う。捕獲済みフラグは両地方で共有し、重複個体を与えない。,野生通常表には入れない,P2,トーホク固定イベントで捕獲,スフィアいせき・裂け目区画,固定シンボル／専用クエスト,原則1体・撃破時復活,殿堂入り＋ビーストボール解禁,カントー側の手掛かり・共鳴イベント,シルフカンパニー異常転送室,手掛かり／共鳴戦／専用素材,重複捕獲なし,殿堂入り＋ビーストボール解禁＋共有捕獲フラグ確認,主捕獲地方で1個体のみ捕獲。副地方は手掛かり・共鳴戦・素材報酬を担当し、共有捕獲フラグで重複個体を防止。,V2二地方生態版／541系統配置マスター＋特殊個体イベントマスター
800,ネクロズマ,necrozma,7,エスパー,421,伝説,yes,no,未収録・追加対象,新IDへ追加,殿堂入り＋星の祈り完了,ニューアイランド天文台／スフィアいせき,固定シンボル／専用クエスト,―,コスモッグを保護し、日輪核／月輪核で進化先を選択。ネクロズマは後続戦。,全国研究図鑑へ登録（トーホク386完成条件には含めない）,NATIONAL_EXT_0800（新規16bit ID）,ネクロズマ,ネクロズマ,固定イベント追加,EVENT_T,ニューアイランド天文台／スフィアいせき,固定シンボル／専用クエスト,Lv.75,原則1体・撃破時復活,殿堂入り＋星の祈り完了,EVENT_K,ニビ博物館天文室／ハナダのどうくつ宇宙層,手掛かり／共鳴戦／専用素材,イベント別,重複捕獲なし,殿堂入り＋星の祈り完了＋主地方の捕獲フラグ共有,主地方で1個体だけ捕獲し、副地方では手掛かり・共鳴戦・専用素材を扱う。捕獲済みフラグは両地方で共有し、重複個体を与えない。,野生通常表には入れない,P2,トーホク固定イベントで捕獲,ニューアイランド天文台／スフィアいせき,固定シンボル／専用クエスト,原則1体・撃破時復活,殿堂入り＋星の祈り完了,カントー側の手掛かり・共鳴イベント,ニビ博物館天文室／ハナダのどうくつ宇宙層,手掛かり／共鳴戦／専用素材,重複捕獲なし,殿堂入り＋星の祈り完了＋共有捕獲フラグ確認,主捕獲地方で1個体のみ捕獲。副地方は手掛かり・共鳴戦・素材報酬を担当し、共有捕獲フラグで重複個体を防止。,V2二地方生態版／541系統配置マスター＋特殊個体イベントマスター
801,マギアナ,magearna,7,はがね／フェアリー,422,幻,no,yes,未収録・追加対象,新IDへ追加,殿堂入り＋部品5種,オウニシティ工房,固定シンボル／専用クエスト,―,工房で復元して受取。,全国研究図鑑へ登録（トーホク386完成条件には含めない）,NATIONAL_EXT_0801（新規16bit ID）,マギアナ,マギアナ,固定イベント追加,EVENT_T,オウニ工房,手掛かり／共鳴戦／専用素材,イベント別,重複捕獲なし,殿堂入り＋部品5種＋主地方の捕獲フラグ共有,EVENT_K,シルフ資料庫,固定シンボル／専用クエスト,Lv.80,原則1体・撃破時復活,殿堂入り＋部品5種,主地方で1個体だけ捕獲し、副地方では手掛かり・共鳴戦・専用素材を扱う。捕獲済みフラグは両地方で共有し、重複個体を与えない。,野生通常表には入れない,P2,トーホク側の手掛かり・共鳴イベント,オウニ工房,手掛かり／共鳴戦／専用素材,重複捕獲なし,殿堂入り＋部品5種＋共有捕獲フラグ確認,カントー固定イベントで捕獲,シルフ資料庫,固定シンボル／専用クエスト,原則1体・撃破時復活,殿堂入り＋部品5種,主捕獲地方で1個体のみ捕獲。副地方は手掛かり・共鳴戦・素材報酬を担当し、共有捕獲フラグで重複個体を防止。,V2二地方生態版／541系統配置マスター＋特殊個体イベントマスター
802,マーシャドー,marshadow,7,かくとう／ゴースト,423,幻,no,yes,未収録・追加対象,新IDへ追加,殿堂入り＋夜間,ダークタワー最上階,固定シンボル／専用クエスト,―,影だけを追う短い追跡イベント後に固定戦。,全国研究図鑑へ登録（トーホク386完成条件には含めない）,NATIONAL_EXT_0802（新規16bit ID）,マーシャドー,マーシャドー,固定イベント追加,EVENT_T,ダークタワー影区画,固定シンボル／専用クエスト,Lv.80,原則1体・撃破時復活,殿堂入り＋夜間,EVENT_K,ポケモンタワー影階,手掛かり／共鳴戦／専用素材,イベント別,重複捕獲なし,殿堂入り＋夜間＋主地方の捕獲フラグ共有,主地方で1個体だけ捕獲し、副地方では手掛かり・共鳴戦・専用素材を扱う。捕獲済みフラグは両地方で共有し、重複個体を与えない。,野生通常表には入れない,P2,トーホク固定イベントで捕獲,ダークタワー影区画,固定シンボル／専用クエスト,原則1体・撃破時復活,殿堂入り＋夜間,カントー側の手掛かり・共鳴イベント,ポケモンタワー影階,手掛かり／共鳴戦／専用素材,重複捕獲なし,殿堂入り＋夜間＋共有捕獲フラグ確認,主捕獲地方で1個体のみ捕獲。副地方は手掛かり・共鳴戦・素材報酬を担当し、共有捕獲フラグで重複個体を防止。,V2二地方生態版／541系統配置マスター＋特殊個体イベントマスター
803,ベベノム,poipole,7,どく,424,ウルトラビースト,no,no,未収録・追加対象,新IDへ追加,殿堂入り＋ビーストボール解禁,スフィアいせき・裂け目区画,固定シンボル／専用クエスト,―,種ごとに異なる色の裂け目を調査。初回固定、以後は低確率レイド。,全国研究図鑑へ登録（トーホク386完成条件には含めない）,NATIONAL_EXT_0803（新規16bit ID）,ベベノム,ベベノム → アーゴヨン,固定イベント追加,EVENT_T,スフィアいせき・裂け目区画,固定シンボル／専用クエスト,Lv.90,原則1体・撃破時復活,殿堂入り＋ビーストボール解禁,EVENT_K,シルフカンパニー異常転送室,手掛かり／共鳴戦／専用素材,イベント別,重複捕獲なし,殿堂入り＋ビーストボール解禁＋主地方の捕獲フラグ共有,主地方で1個体だけ捕獲し、副地方では手掛かり・共鳴戦・専用素材を扱う。捕獲済みフラグは両地方で共有し、重複個体を与えない。,野生通常表には入れない,P2,トーホク固定イベントで捕獲,スフィアいせき・裂け目区画,固定シンボル／専用クエスト,原則1体・撃破時復活,殿堂入り＋ビーストボール解禁,カントー側の手掛かり・共鳴イベント,シルフカンパニー異常転送室,手掛かり／共鳴戦／専用素材,重複捕獲なし,殿堂入り＋ビーストボール解禁＋共有捕獲フラグ確認,主捕獲地方で1個体のみ捕獲。副地方は手掛かり・共鳴戦・素材報酬を担当し、共有捕獲フラグで重複個体を防止。,V2二地方生態版／541系統配置マスター＋特殊個体イベントマスター
804,アーゴヨン,naganadel,7,どく／ドラゴン,424,ウルトラビースト,no,no,未収録・追加対象,新IDへ追加（進化入手）,殿堂入り＋ビーストボール解禁,スフィアいせき・裂け目区画,進化,―,レベルアップ＋りゅうのはどうを覚えている（CFRU/DPEの対応トリガーを使用。通信・RTC必須にはしない）,全国研究図鑑へ登録（トーホク386完成条件には含めない）,NATIONAL_EXT_0804（新規16bit ID）,ベベノム,ベベノム → アーゴヨン,固定イベント追加,EVENT_T,スフィアいせき・裂け目区画,固定シンボル／専用クエスト,Lv.90,原則1体・撃破時復活,殿堂入り＋ビーストボール解禁,EVENT_K,シルフカンパニー異常転送室,手掛かり／共鳴戦／専用素材,イベント別,重複捕獲なし,殿堂入り＋ビーストボール解禁＋主地方の捕獲フラグ共有,主地方で1個体だけ捕獲し、副地方では手掛かり・共鳴戦・専用素材を扱う。捕獲済みフラグは両地方で共有し、重複個体を与えない。,野生通常表には入れない,P2,トーホク側の手掛かり・共鳴イベント,スフィアいせき・裂け目区画,手掛かり／共鳴戦／専用素材,重複捕獲なし,殿堂入り＋ビーストボール解禁＋共有捕獲フラグ確認,カントー固定イベントで捕獲,シルフカンパニー異常転送室,固定シンボル／専用クエスト,原則1体・撃破時復活,殿堂入り＋ビーストボール解禁,主捕獲地方で1個体のみ捕獲。副地方は手掛かり・共鳴戦・素材報酬を担当し、共有捕獲フラグで重複個体を防止。,V2二地方生態版／541系統配置マスター＋特殊個体イベントマスター
805,ツンデツンデ,stakataka,7,いわ／はがね,425,ウルトラビースト,no,no,未収録・追加対象,新IDへ追加,殿堂入り＋ビーストボール解禁,スフィアいせき・裂け目区画,固定シンボル／専用クエスト,―,種ごとに異なる色の裂け目を調査。初回固定、以後は低確率レイド。,全国研究図鑑へ登録（トーホク386完成条件には含めない）,NATIONAL_EXT_0805（新規16bit ID）,ツンデツンデ,ツンデツンデ,固定イベント追加,EVENT_T,スフィアいせき・裂け目区画,固定シンボル／専用クエスト,Lv.90,原則1体・撃破時復活,殿堂入り＋ビーストボール解禁,EVENT_K,シルフカンパニー異常転送室,手掛かり／共鳴戦／専用素材,イベント別,重複捕獲なし,殿堂入り＋ビーストボール解禁＋主地方の捕獲フラグ共有,主地方で1個体だけ捕獲し、副地方では手掛かり・共鳴戦・専用素材を扱う。捕獲済みフラグは両地方で共有し、重複個体を与えない。,野生通常表には入れない,P2,トーホク固定イベントで捕獲,スフィアいせき・裂け目区画,固定シンボル／専用クエスト,原則1体・撃破時復活,殿堂入り＋ビーストボール解禁,カントー側の手掛かり・共鳴イベント,シルフカンパニー異常転送室,手掛かり／共鳴戦／専用素材,重複捕獲なし,殿堂入り＋ビーストボール解禁＋共有捕獲フラグ確認,主捕獲地方で1個体のみ捕獲。副地方は手掛かり・共鳴戦・素材報酬を担当し、共有捕獲フラグで重複個体を防止。,V2二地方生態版／541系統配置マスター＋特殊個体イベントマスター
806,ズガドーン,blacephalon,7,ほのお／ゴースト,426,ウルトラビースト,no,no,未収録・追加対象,新IDへ追加,殿堂入り＋ビーストボール解禁,スフィアいせき・裂け目区画,固定シンボル／専用クエスト,―,種ごとに異なる色の裂け目を調査。初回固定、以後は低確率レイド。,全国研究図鑑へ登録（トーホク386完成条件には含めない）,NATIONAL_EXT_0806（新規16bit ID）,ズガドーン,ズガドーン,固定イベント追加,EVENT_T,スフィアいせき・裂け目区画,手掛かり／共鳴戦／専用素材,イベント別,重複捕獲なし,殿堂入り＋ビーストボール解禁＋主地方の捕獲フラグ共有,EVENT_K,シルフカンパニー異常転送室,固定シンボル／専用クエスト,Lv.90,原則1体・撃破時復活,殿堂入り＋ビーストボール解禁,主地方で1個体だけ捕獲し、副地方では手掛かり・共鳴戦・専用素材を扱う。捕獲済みフラグは両地方で共有し、重複個体を与えない。,野生通常表には入れない,P2,トーホク側の手掛かり・共鳴イベント,スフィアいせき・裂け目区画,手掛かり／共鳴戦／専用素材,重複捕獲なし,殿堂入り＋ビーストボール解禁＋共有捕獲フラグ確認,カントー固定イベントで捕獲,シルフカンパニー異常転送室,固定シンボル／専用クエスト,原則1体・撃破時復活,殿堂入り＋ビーストボール解禁,主捕獲地方で1個体のみ捕獲。副地方は手掛かり・共鳴戦・素材報酬を担当し、共有捕獲フラグで重複個体を防止。,V2二地方生態版／541系統配置マスター＋特殊個体イベントマスター
807,ゼラオラ,zeraora,7,でんき,427,幻,no,yes,未収録・追加対象,新IDへ追加,殿堂入り＋停電復旧,かみなりのしま,固定シンボル／専用クエスト,―,発電設備を直すと固定戦。,全国研究図鑑へ登録（トーホク386完成条件には含めない）,NATIONAL_EXT_0807（新規16bit ID）,ゼラオラ,ゼラオラ,固定イベント追加,EVENT_T,かみなりのしま,手掛かり／共鳴戦／専用素材,イベント別,重複捕獲なし,殿堂入り＋停電復旧＋主地方の捕獲フラグ共有,EVENT_K,むじんはつでんしょ,固定シンボル／専用クエスト,Lv.80,原則1体・撃破時復活,殿堂入り＋停電復旧,主地方で1個体だけ捕獲し、副地方では手掛かり・共鳴戦・専用素材を扱う。捕獲済みフラグは両地方で共有し、重複個体を与えない。,野生通常表には入れない,P2,トーホク側の手掛かり・共鳴イベント,かみなりのしま,手掛かり／共鳴戦／専用素材,重複捕獲なし,殿堂入り＋停電復旧＋共有捕獲フラグ確認,カントー固定イベントで捕獲,むじんはつでんしょ,固定シンボル／専用クエスト,原則1体・撃破時復活,殿堂入り＋停電復旧,主捕獲地方で1個体のみ捕獲。副地方は手掛かり・共鳴戦・素材報酬を担当し、共有捕獲フラグで重複個体を防止。,V2二地方生態版／541系統配置マスター＋特殊個体イベントマスター
808,メルタン,meltan,7,はがね,428,幻,no,yes,未収録・追加対象,新IDへ追加,殿堂入り,D・Hスクラップ置場,固定シンボル／専用クエスト,―,メルタンは複数捕獲可。メタルくず40個でメルメタル進化。,全国研究図鑑へ登録（トーホク386完成条件には含めない）,NATIONAL_EXT_0808（新規16bit ID）,メルタン,メルタン,固定イベント追加,EVENT_T,D・H工業区画,手掛かり／共鳴戦／専用素材,イベント別,重複捕獲なし,殿堂入り＋主地方の捕獲フラグ共有,EVENT_K,シルフ地下／むじんはつでんしょ,固定シンボル／専用クエスト,Lv.80,原則1体・撃破時復活,殿堂入り,主地方で1個体だけ捕獲し、副地方では手掛かり・共鳴戦・専用素材を扱う。捕獲済みフラグは両地方で共有し、重複個体を与えない。,野生通常表には入れない,P2,トーホク側の手掛かり・共鳴イベント,D・H工業区画,手掛かり／共鳴戦／専用素材,重複捕獲なし,殿堂入り＋共有捕獲フラグ確認,カントー固定イベントで捕獲,シルフ地下／むじんはつでんしょ,固定シンボル／専用クエスト,原則1体・撃破時復活,殿堂入り,主捕獲地方で1個体のみ捕獲。副地方は手掛かり・共鳴戦・素材報酬を担当し、共有捕獲フラグで重複個体を防止。,V2二地方生態版／541系統配置マスター＋特殊個体イベントマスター
809,メルメタル,melmetal,7,はがね,429,幻,no,yes,未収録・追加対象,新IDへ追加（進化入手）,殿堂入り,D・Hスクラップ置場,進化,―,直前種からDPE既定条件で進化。通信・RTC必須条件は救済道具へ変換。,全国研究図鑑へ登録（トーホク386完成条件には含めない）,NATIONAL_EXT_0809（新規16bit ID）,メルメタル,メルメタル,固定イベント追加,EVENT_T,D・H工業区画,手掛かり／共鳴戦／専用素材,イベント別,重複捕獲なし,殿堂入り＋主地方の捕獲フラグ共有,EVENT_K,シルフ地下／むじんはつでんしょ,固定シンボル／専用クエスト,Lv.80,原則1体・撃破時復活,殿堂入り,主地方で1個体だけ捕獲し、副地方では手掛かり・共鳴戦・専用素材を扱う。捕獲済みフラグは両地方で共有し、重複個体を与えない。,野生通常表には入れない,P2,トーホク側の手掛かり・共鳴イベント,D・H工業区画,手掛かり／共鳴戦／専用素材,重複捕獲なし,殿堂入り＋共有捕獲フラグ確認,カントー固定イベントで捕獲,シルフ地下／むじんはつでんしょ,固定シンボル／専用クエスト,原則1体・撃破時復活,殿堂入り,主捕獲地方で1個体のみ捕獲。副地方は手掛かり・共鳴戦・素材報酬を担当し、共有捕獲フラグで重複個体を防止。,V2二地方生態版／541系統配置マスター＋特殊個体イベントマスター
810,サルノリ,grookey,8,くさ,430,御三家,no,no,未収録・追加対象,新IDへ追加,殿堂入り＋全国研究開始,ハクジタウン研究所,地方研究依頼の報酬タマゴ,―,各世代の生態サンプルを3件提出。選択式にせず、依頼再受注で全系統入手可能。,全国研究図鑑へ登録（トーホク386完成条件には含めない）,NATIONAL_EXT_0810（新規16bit ID）,サルノリ,サルノリ → バチンキー → ゴリランダー,地方研究タマゴ追加,T_LAB,ハクジタウン・ヒイラギ研究所,地域別研究依頼の報酬タマゴ,Lv.5,研究チケット1枚／系統選択・反復可,各世代の生態サンプルを3件提出。選択式にせず、依頼再受注で全系統入手可能。,K47,マサラタウン・オーキド研究所,オーキド研究所の生態交換タマゴ,Lv.5,カントー認定章2個ごとに1系統、最終的に全系統反復可,ベガ初回殿堂入り後。認定章数でエリアと中間進化枠を段階解禁。,御三家を野生化せず、両地方の研究所を巡る収集導線にする。,通常野生表には入れない,P2,ヒイラギ研究所の地方研究タマゴ,ハクジタウン・ヒイラギ研究所,選択式タマゴ配布,各系統1個／再取得は研究ポイント,各世代の生態サンプルを3件提出。選択式にせず、依頼再受注で全系統入手可能。,オーキド研究所の国際交換タマゴ,マサラタウン・オーキド研究所,選択式タマゴ配布,トーホクで未選択の系統を優先,ベガ初回殿堂入り後。認定章数でエリアと中間進化枠を段階解禁。,通常系統は両地方で基礎種を捕獲可能。トーホクは早期育成、カントーは高レベル・隠れ特性・タマゴ技探索を担当。,V2二地方生態版／541系統配置マスター＋特殊個体イベントマスター
811,バチンキー,thwackey,8,くさ,430,御三家,no,no,未収録・追加対象,新IDへ追加（進化入手）,殿堂入り＋全国研究開始,ハクジタウン研究所,進化,―,レベルアップ＋Lv.16以上（CFRU/DPEの対応トリガーを使用。通信・RTC必須にはしない）,全国研究図鑑へ登録（トーホク386完成条件には含めない）,NATIONAL_EXT_0811（新規16bit ID）,サルノリ,サルノリ → バチンキー → ゴリランダー,地方研究タマゴ追加,T_LAB,ハクジタウン・ヒイラギ研究所,地域別研究依頼の報酬タマゴ,Lv.5,研究チケット1枚／系統選択・反復可,各世代の生態サンプルを3件提出。選択式にせず、依頼再受注で全系統入手可能。,K47,マサラタウン・オーキド研究所,オーキド研究所の生態交換タマゴ,Lv.5,カントー認定章2個ごとに1系統、最終的に全系統反復可,ベガ初回殿堂入り後。認定章数でエリアと中間進化枠を段階解禁。,御三家を野生化せず、両地方の研究所を巡る収集導線にする。,通常野生表には入れない,P2,サルノリを育成して進化,ハクジタウン・ヒイラギ研究所,進化,野生追加なし,各世代の生態サンプルを3件提出。選択式にせず、依頼再受注で全系統入手可能。,サルノリを育成して進化,マサラタウン・オーキド研究所,進化,野生追加なし,ベガ初回殿堂入り後。認定章数でエリアと中間進化枠を段階解禁。,通常系統は両地方で基礎種を捕獲可能。トーホクは早期育成、カントーは高レベル・隠れ特性・タマゴ技探索を担当。,V2二地方生態版／541系統配置マスター＋特殊個体イベントマスター
812,ゴリランダー,rillaboom,8,くさ,430,御三家,no,no,未収録・追加対象,新IDへ追加（進化入手）,殿堂入り＋全国研究開始,ハクジタウン研究所,進化,―,レベルアップ＋Lv.35以上（CFRU/DPEの対応トリガーを使用。通信・RTC必須にはしない）,全国研究図鑑へ登録（トーホク386完成条件には含めない）,NATIONAL_EXT_0812（新規16bit ID）,サルノリ,サルノリ → バチンキー → ゴリランダー,地方研究タマゴ追加,T_LAB,ハクジタウン・ヒイラギ研究所,地域別研究依頼の報酬タマゴ,Lv.5,研究チケット1枚／系統選択・反復可,各世代の生態サンプルを3件提出。選択式にせず、依頼再受注で全系統入手可能。,K47,マサラタウン・オーキド研究所,オーキド研究所の生態交換タマゴ,Lv.5,カントー認定章2個ごとに1系統、最終的に全系統反復可,ベガ初回殿堂入り後。認定章数でエリアと中間進化枠を段階解禁。,御三家を野生化せず、両地方の研究所を巡る収集導線にする。,通常野生表には入れない,P2,サルノリを育成して進化,ハクジタウン・ヒイラギ研究所,進化,野生追加なし,各世代の生態サンプルを3件提出。選択式にせず、依頼再受注で全系統入手可能。,サルノリを育成して進化,マサラタウン・オーキド研究所,進化,野生追加なし,ベガ初回殿堂入り後。認定章数でエリアと中間進化枠を段階解禁。,通常系統は両地方で基礎種を捕獲可能。トーホクは早期育成、カントーは高レベル・隠れ特性・タマゴ技探索を担当。,V2二地方生態版／541系統配置マスター＋特殊個体イベントマスター
813,ヒバニー,scorbunny,8,ほのお,431,御三家,no,no,未収録・追加対象,新IDへ追加,殿堂入り＋全国研究開始,ハクジタウン研究所,地方研究依頼の報酬タマゴ,―,各世代の生態サンプルを3件提出。選択式にせず、依頼再受注で全系統入手可能。,全国研究図鑑へ登録（トーホク386完成条件には含めない）,NATIONAL_EXT_0813（新規16bit ID）,ヒバニー,ヒバニー → ラビフット → エースバーン,地方研究タマゴ追加,T_LAB,ハクジタウン・ヒイラギ研究所,地域別研究依頼の報酬タマゴ,Lv.5,研究チケット1枚／系統選択・反復可,各世代の生態サンプルを3件提出。選択式にせず、依頼再受注で全系統入手可能。,K47,マサラタウン・オーキド研究所,オーキド研究所の生態交換タマゴ,Lv.5,カントー認定章2個ごとに1系統、最終的に全系統反復可,ベガ初回殿堂入り後。認定章数でエリアと中間進化枠を段階解禁。,御三家を野生化せず、両地方の研究所を巡る収集導線にする。,通常野生表には入れない,P2,ヒイラギ研究所の地方研究タマゴ,ハクジタウン・ヒイラギ研究所,選択式タマゴ配布,各系統1個／再取得は研究ポイント,各世代の生態サンプルを3件提出。選択式にせず、依頼再受注で全系統入手可能。,オーキド研究所の国際交換タマゴ,マサラタウン・オーキド研究所,選択式タマゴ配布,トーホクで未選択の系統を優先,ベガ初回殿堂入り後。認定章数でエリアと中間進化枠を段階解禁。,通常系統は両地方で基礎種を捕獲可能。トーホクは早期育成、カントーは高レベル・隠れ特性・タマゴ技探索を担当。,V2二地方生態版／541系統配置マスター＋特殊個体イベントマスター
814,ラビフット,raboot,8,ほのお,431,御三家,no,no,未収録・追加対象,新IDへ追加（進化入手）,殿堂入り＋全国研究開始,ハクジタウン研究所,進化,―,レベルアップ＋Lv.16以上（CFRU/DPEの対応トリガーを使用。通信・RTC必須にはしない）,全国研究図鑑へ登録（トーホク386完成条件には含めない）,NATIONAL_EXT_0814（新規16bit ID）,ヒバニー,ヒバニー → ラビフット → エースバーン,地方研究タマゴ追加,T_LAB,ハクジタウン・ヒイラギ研究所,地域別研究依頼の報酬タマゴ,Lv.5,研究チケット1枚／系統選択・反復可,各世代の生態サンプルを3件提出。選択式にせず、依頼再受注で全系統入手可能。,K47,マサラタウン・オーキド研究所,オーキド研究所の生態交換タマゴ,Lv.5,カントー認定章2個ごとに1系統、最終的に全系統反復可,ベガ初回殿堂入り後。認定章数でエリアと中間進化枠を段階解禁。,御三家を野生化せず、両地方の研究所を巡る収集導線にする。,通常野生表には入れない,P2,ヒバニーを育成して進化,ハクジタウン・ヒイラギ研究所,進化,野生追加なし,各世代の生態サンプルを3件提出。選択式にせず、依頼再受注で全系統入手可能。,ヒバニーを育成して進化,マサラタウン・オーキド研究所,進化,野生追加なし,ベガ初回殿堂入り後。認定章数でエリアと中間進化枠を段階解禁。,通常系統は両地方で基礎種を捕獲可能。トーホクは早期育成、カントーは高レベル・隠れ特性・タマゴ技探索を担当。,V2二地方生態版／541系統配置マスター＋特殊個体イベントマスター
815,エースバーン,cinderace,8,ほのお,431,御三家,no,no,未収録・追加対象,新IDへ追加（進化入手）,殿堂入り＋全国研究開始,ハクジタウン研究所,進化,―,レベルアップ＋Lv.35以上（CFRU/DPEの対応トリガーを使用。通信・RTC必須にはしない）,全国研究図鑑へ登録（トーホク386完成条件には含めない）,NATIONAL_EXT_0815（新規16bit ID）,ヒバニー,ヒバニー → ラビフット → エースバーン,地方研究タマゴ追加,T_LAB,ハクジタウン・ヒイラギ研究所,地域別研究依頼の報酬タマゴ,Lv.5,研究チケット1枚／系統選択・反復可,各世代の生態サンプルを3件提出。選択式にせず、依頼再受注で全系統入手可能。,K47,マサラタウン・オーキド研究所,オーキド研究所の生態交換タマゴ,Lv.5,カントー認定章2個ごとに1系統、最終的に全系統反復可,ベガ初回殿堂入り後。認定章数でエリアと中間進化枠を段階解禁。,御三家を野生化せず、両地方の研究所を巡る収集導線にする。,通常野生表には入れない,P2,ヒバニーを育成して進化,ハクジタウン・ヒイラギ研究所,進化,野生追加なし,各世代の生態サンプルを3件提出。選択式にせず、依頼再受注で全系統入手可能。,ヒバニーを育成して進化,マサラタウン・オーキド研究所,進化,野生追加なし,ベガ初回殿堂入り後。認定章数でエリアと中間進化枠を段階解禁。,通常系統は両地方で基礎種を捕獲可能。トーホクは早期育成、カントーは高レベル・隠れ特性・タマゴ技探索を担当。,V2二地方生態版／541系統配置マスター＋特殊個体イベントマスター
816,メッソン,sobble,8,みず,432,御三家,no,no,未収録・追加対象,新IDへ追加,殿堂入り＋全国研究開始,ハクジタウン研究所,地方研究依頼の報酬タマゴ,―,各世代の生態サンプルを3件提出。選択式にせず、依頼再受注で全系統入手可能。,全国研究図鑑へ登録（トーホク386完成条件には含めない）,NATIONAL_EXT_0816（新規16bit ID）,メッソン,メッソン → ジメレオン → インテレオン,地方研究タマゴ追加,T_LAB,ハクジタウン・ヒイラギ研究所,地域別研究依頼の報酬タマゴ,Lv.5,研究チケット1枚／系統選択・反復可,各世代の生態サンプルを3件提出。選択式にせず、依頼再受注で全系統入手可能。,K47,マサラタウン・オーキド研究所,オーキド研究所の生態交換タマゴ,Lv.5,カントー認定章2個ごとに1系統、最終的に全系統反復可,ベガ初回殿堂入り後。認定章数でエリアと中間進化枠を段階解禁。,御三家を野生化せず、両地方の研究所を巡る収集導線にする。,通常野生表には入れない,P2,ヒイラギ研究所の地方研究タマゴ,ハクジタウン・ヒイラギ研究所,選択式タマゴ配布,各系統1個／再取得は研究ポイント,各世代の生態サンプルを3件提出。選択式にせず、依頼再受注で全系統入手可能。,オーキド研究所の国際交換タマゴ,マサラタウン・オーキド研究所,選択式タマゴ配布,トーホクで未選択の系統を優先,ベガ初回殿堂入り後。認定章数でエリアと中間進化枠を段階解禁。,通常系統は両地方で基礎種を捕獲可能。トーホクは早期育成、カントーは高レベル・隠れ特性・タマゴ技探索を担当。,V2二地方生態版／541系統配置マスター＋特殊個体イベントマスター
817,ジメレオン,drizzile,8,みず,432,御三家,no,no,未収録・追加対象,新IDへ追加（進化入手）,殿堂入り＋全国研究開始,ハクジタウン研究所,進化,―,レベルアップ＋Lv.16以上（CFRU/DPEの対応トリガーを使用。通信・RTC必須にはしない）,全国研究図鑑へ登録（トーホク386完成条件には含めない）,NATIONAL_EXT_0817（新規16bit ID）,メッソン,メッソン → ジメレオン → インテレオン,地方研究タマゴ追加,T_LAB,ハクジタウン・ヒイラギ研究所,地域別研究依頼の報酬タマゴ,Lv.5,研究チケット1枚／系統選択・反復可,各世代の生態サンプルを3件提出。選択式にせず、依頼再受注で全系統入手可能。,K47,マサラタウン・オーキド研究所,オーキド研究所の生態交換タマゴ,Lv.5,カントー認定章2個ごとに1系統、最終的に全系統反復可,ベガ初回殿堂入り後。認定章数でエリアと中間進化枠を段階解禁。,御三家を野生化せず、両地方の研究所を巡る収集導線にする。,通常野生表には入れない,P2,メッソンを育成して進化,ハクジタウン・ヒイラギ研究所,進化,野生追加なし,各世代の生態サンプルを3件提出。選択式にせず、依頼再受注で全系統入手可能。,メッソンを育成して進化,マサラタウン・オーキド研究所,進化,野生追加なし,ベガ初回殿堂入り後。認定章数でエリアと中間進化枠を段階解禁。,通常系統は両地方で基礎種を捕獲可能。トーホクは早期育成、カントーは高レベル・隠れ特性・タマゴ技探索を担当。,V2二地方生態版／541系統配置マスター＋特殊個体イベントマスター
818,インテレオン,inteleon,8,みず,432,御三家,no,no,未収録・追加対象,新IDへ追加（進化入手）,殿堂入り＋全国研究開始,ハクジタウン研究所,進化,―,レベルアップ＋Lv.35以上（CFRU/DPEの対応トリガーを使用。通信・RTC必須にはしない）,全国研究図鑑へ登録（トーホク386完成条件には含めない）,NATIONAL_EXT_0818（新規16bit ID）,メッソン,メッソン → ジメレオン → インテレオン,地方研究タマゴ追加,T_LAB,ハクジタウン・ヒイラギ研究所,地域別研究依頼の報酬タマゴ,Lv.5,研究チケット1枚／系統選択・反復可,各世代の生態サンプルを3件提出。選択式にせず、依頼再受注で全系統入手可能。,K47,マサラタウン・オーキド研究所,オーキド研究所の生態交換タマゴ,Lv.5,カントー認定章2個ごとに1系統、最終的に全系統反復可,ベガ初回殿堂入り後。認定章数でエリアと中間進化枠を段階解禁。,御三家を野生化せず、両地方の研究所を巡る収集導線にする。,通常野生表には入れない,P2,メッソンを育成して進化,ハクジタウン・ヒイラギ研究所,進化,野生追加なし,各世代の生態サンプルを3件提出。選択式にせず、依頼再受注で全系統入手可能。,メッソンを育成して進化,マサラタウン・オーキド研究所,進化,野生追加なし,ベガ初回殿堂入り後。認定章数でエリアと中間進化枠を段階解禁。,通常系統は両地方で基礎種を捕獲可能。トーホクは早期育成、カントーは高レベル・隠れ特性・タマゴ技探索を担当。,V2二地方生態版／541系統配置マスター＋特殊個体イベントマスター
819,ホシガリス,skwovet,8,ノーマル,433,通常生態,no,no,未収録・追加対象,新IDへ追加,殿堂入り後,501ばんどうろ,時間帯オーバーレイ,8～12%,主に基礎形のみ出現。中間・最終進化は原則として育成で入手。時間帯・天候は生態チケットで任意固定可能。,全国研究図鑑へ登録（トーホク386完成条件には含めない）,NATIONAL_EXT_0819（新規16bit ID）,ホシガリス,ホシガリス → ヨクバリス,外来生態レイヤーへ追加,T501,501ばんどうろ／すいどう,大量発生,Lv.2～5,通常0%／発生中20～35%,本編必須フラグを変更せず、外来生態フラグ・時間帯・DexNav・大量発生で制御,K01,1ばんどうろ,大量発生,Lv.68～72,通常0%／発生中20～35%,ベガ初回殿堂入り後。認定章数でエリアと中間進化枠を段階解禁。,トーホクは本編で使える低～中レベル基礎種、カントーは高レベル個体・中間進化・隠れ特性探索を担当。,ベガ既存11枠を上書きせず、CFRU側の条件付きオーバーレイ／DexNav／大量発生へ登録,P2,トーホク野生生態,501ばんどうろ／すいどう,大量発生,通常0%／発生中20～35%,本編必須フラグを変更せず、外来生態フラグ・時間帯・DexNav・大量発生で制御,カントー高レベル野生生態,1ばんどうろ,大量発生,通常0%／発生中20～35%,ベガ初回殿堂入り後。認定章数でエリアと中間進化枠を段階解禁。,通常系統は両地方で基礎種を捕獲可能。トーホクは早期育成、カントーは高レベル・隠れ特性・タマゴ技探索を担当。,V2二地方生態版／541系統配置マスター＋特殊個体イベントマスター
820,ヨクバリス,greedent,8,ノーマル,433,通常生態,no,no,未収録・追加対象,新IDへ追加（進化入手）,殿堂入り後,501ばんどうろ,進化,―,レベルアップ＋Lv.24以上（CFRU/DPEの対応トリガーを使用。通信・RTC必須にはしない）,全国研究図鑑へ登録（トーホク386完成条件には含めない）,NATIONAL_EXT_0820（新規16bit ID）,ホシガリス,ホシガリス → ヨクバリス,外来生態レイヤーへ追加,T501,501ばんどうろ／すいどう,大量発生,Lv.2～5,通常0%／発生中20～35%,本編必須フラグを変更せず、外来生態フラグ・時間帯・DexNav・大量発生で制御,K01,1ばんどうろ,大量発生,Lv.68～72,通常0%／発生中20～35%,ベガ初回殿堂入り後。認定章数でエリアと中間進化枠を段階解禁。,トーホクは本編で使える低～中レベル基礎種、カントーは高レベル個体・中間進化・隠れ特性探索を担当。,ベガ既存11枠を上書きせず、CFRU側の条件付きオーバーレイ／DexNav／大量発生へ登録,P2,ホシガリスをトーホクで捕獲して進化,501ばんどうろ／すいどう,進化／殿堂入り後DexNavで中間進化が稀に出現,通常野生は基礎種のみ,本編必須フラグを変更せず、外来生態フラグ・時間帯・DexNav・大量発生で制御,ホシガリスをカントーで捕獲して進化,1ばんどうろ,進化／認定章6個以降は中間進化がDexNav希少枠,通常野生は基礎種中心,ベガ初回殿堂入り後。認定章数でエリアと中間進化枠を段階解禁。,通常系統は両地方で基礎種を捕獲可能。トーホクは早期育成、カントーは高レベル・隠れ特性・タマゴ技探索を担当。,V2二地方生態版／541系統配置マスター＋特殊個体イベントマスター
821,ココガラ,rookidee,8,ひこう,434,通常生態,no,no,未収録・追加対象,新IDへ追加,バッジ5～6個,かみなりのしま,時間帯オーバーレイ,8～12%,主に基礎形のみ出現。中間・最終進化は原則として育成で入手。時間帯・天候は生態チケットで任意固定可能。,全国研究図鑑へ登録（トーホク386完成条件には含めない）,NATIONAL_EXT_0821（新規16bit ID）,ココガラ,ココガラ → アオガラス → アーマーガア,外来生態レイヤーへ追加,T502,502ばんどうろ／すいどう,ずつき／朝昼オーバーレイ,Lv.3～6,追加抽選3～6%,本編必須フラグを変更せず、外来生態フラグ・時間帯・DexNav・大量発生で制御,K02,2ばんどうろ,ずつき／朝昼オーバーレイ,Lv.69～73,通常表8～15%,ベガ初回殿堂入り後。認定章数でエリアと中間進化枠を段階解禁。,トーホクは本編で使える低～中レベル基礎種、カントーは高レベル個体・中間進化・隠れ特性探索を担当。,ベガ既存11枠を上書きせず、CFRU側の条件付きオーバーレイ／DexNav／大量発生へ登録,P1,トーホク野生生態,502ばんどうろ／すいどう,ずつき／朝昼オーバーレイ,追加抽選3～6%,本編必須フラグを変更せず、外来生態フラグ・時間帯・DexNav・大量発生で制御,カントー高レベル野生生態,2ばんどうろ,ずつき／朝昼オーバーレイ,通常表8～15%,ベガ初回殿堂入り後。認定章数でエリアと中間進化枠を段階解禁。,通常系統は両地方で基礎種を捕獲可能。トーホクは早期育成、カントーは高レベル・隠れ特性・タマゴ技探索を担当。,V2二地方生態版／541系統配置マスター＋特殊個体イベントマスター
822,アオガラス,corvisquire,8,ひこう,434,通常生態,no,no,未収録・追加対象,新IDへ追加（進化入手）,バッジ5～6個,かみなりのしま,進化,―,レベルアップ＋Lv.18以上（CFRU/DPEの対応トリガーを使用。通信・RTC必須にはしない）,全国研究図鑑へ登録（トーホク386完成条件には含めない）,NATIONAL_EXT_0822（新規16bit ID）,ココガラ,ココガラ → アオガラス → アーマーガア,外来生態レイヤーへ追加,T502,502ばんどうろ／すいどう,ずつき／朝昼オーバーレイ,Lv.3～6,追加抽選3～6%,本編必須フラグを変更せず、外来生態フラグ・時間帯・DexNav・大量発生で制御,K02,2ばんどうろ,ずつき／朝昼オーバーレイ,Lv.69～73,通常表8～15%,ベガ初回殿堂入り後。認定章数でエリアと中間進化枠を段階解禁。,トーホクは本編で使える低～中レベル基礎種、カントーは高レベル個体・中間進化・隠れ特性探索を担当。,ベガ既存11枠を上書きせず、CFRU側の条件付きオーバーレイ／DexNav／大量発生へ登録,P1,ココガラをトーホクで捕獲して進化,502ばんどうろ／すいどう,進化／殿堂入り後DexNavで中間進化が稀に出現,通常野生は基礎種のみ,本編必須フラグを変更せず、外来生態フラグ・時間帯・DexNav・大量発生で制御,ココガラをカントーで捕獲して進化,2ばんどうろ,進化／認定章6個以降は中間進化がDexNav希少枠,通常野生は基礎種中心,ベガ初回殿堂入り後。認定章数でエリアと中間進化枠を段階解禁。,通常系統は両地方で基礎種を捕獲可能。トーホクは早期育成、カントーは高レベル・隠れ特性・タマゴ技探索を担当。,V2二地方生態版／541系統配置マスター＋特殊個体イベントマスター
823,アーマーガア,corviknight,8,ひこう／はがね,434,通常生態,no,no,未収録・追加対象,新IDへ追加（進化入手）,バッジ5～6個,かみなりのしま,進化,―,レベルアップ＋Lv.38以上（CFRU/DPEの対応トリガーを使用。通信・RTC必須にはしない）,全国研究図鑑へ登録（トーホク386完成条件には含めない）,NATIONAL_EXT_0823（新規16bit ID）,ココガラ,ココガラ → アオガラス → アーマーガア,外来生態レイヤーへ追加,T502,502ばんどうろ／すいどう,ずつき／朝昼オーバーレイ,Lv.3～6,追加抽選3～6%,本編必須フラグを変更せず、外来生態フラグ・時間帯・DexNav・大量発生で制御,K02,2ばんどうろ,ずつき／朝昼オーバーレイ,Lv.69～73,通常表8～15%,ベガ初回殿堂入り後。認定章数でエリアと中間進化枠を段階解禁。,トーホクは本編で使える低～中レベル基礎種、カントーは高レベル個体・中間進化・隠れ特性探索を担当。,ベガ既存11枠を上書きせず、CFRU側の条件付きオーバーレイ／DexNav／大量発生へ登録,P1,ココガラをトーホクで捕獲して進化,502ばんどうろ／すいどう,進化／殿堂入り後DexNavで中間進化が稀に出現,通常野生は基礎種のみ,本編必須フラグを変更せず、外来生態フラグ・時間帯・DexNav・大量発生で制御,ココガラをカントーで捕獲して進化,2ばんどうろ,進化／認定章6個以降は中間進化がDexNav希少枠,通常野生は基礎種中心,ベガ初回殿堂入り後。認定章数でエリアと中間進化枠を段階解禁。,通常系統は両地方で基礎種を捕獲可能。トーホクは早期育成、カントーは高レベル・隠れ特性・タマゴ技探索を担当。,V2二地方生態版／541系統配置マスター＋特殊個体イベントマスター
824,サッチムシ,blipbug,8,むし,435,通常生態,no,no,未収録・追加対象,新IDへ追加,バッジ7～8個,ときのようかん,ずつき,8～12%,主に基礎形のみ出現。中間・最終進化は原則として育成で入手。時間帯・天候は生態チケットで任意固定可能。,全国研究図鑑へ登録（トーホク386完成条件には含めない）,NATIONAL_EXT_0824（新規16bit ID）,サッチムシ,サッチムシ → レドームシ → イオルブ,外来生態レイヤーへ追加,T026,ハクジのもり,ずつき／朝昼オーバーレイ,Lv.38～48／殿堂入り後Lv.50～65,追加抽選3～6%,本編必須フラグを変更せず、外来生態フラグ・時間帯・DexNav・大量発生で制御,K26,トキワのもり,ずつき／朝昼オーバーレイ,Lv.70～76,通常表8～15%,ベガ初回殿堂入り後。認定章数でエリアと中間進化枠を段階解禁。,トーホクは本編で使える低～中レベル基礎種、カントーは高レベル個体・中間進化・隠れ特性探索を担当。,ベガ既存11枠を上書きせず、CFRU側の条件付きオーバーレイ／DexNav／大量発生へ登録,P1,トーホク野生生態,ハクジのもり,ずつき／朝昼オーバーレイ,追加抽選3～6%,本編必須フラグを変更せず、外来生態フラグ・時間帯・DexNav・大量発生で制御,カントー高レベル野生生態,トキワのもり,ずつき／朝昼オーバーレイ,通常表8～15%,ベガ初回殿堂入り後。認定章数でエリアと中間進化枠を段階解禁。,通常系統は両地方で基礎種を捕獲可能。トーホクは早期育成、カントーは高レベル・隠れ特性・タマゴ技探索を担当。,V2二地方生態版／541系統配置マスター＋特殊個体イベントマスター
825,レドームシ,dottler,8,むし／エスパー,435,通常生態,no,no,未収録・追加対象,新IDへ追加（進化入手）,バッジ7～8個,ときのようかん,進化,―,レベルアップ＋Lv.10以上（CFRU/DPEの対応トリガーを使用。通信・RTC必須にはしない）,全国研究図鑑へ登録（トーホク386完成条件には含めない）,NATIONAL_EXT_0825（新規16bit ID）,サッチムシ,サッチムシ → レドームシ → イオルブ,外来生態レイヤーへ追加,T026,ハクジのもり,ずつき／朝昼オーバーレイ,Lv.38～48／殿堂入り後Lv.50～65,追加抽選3～6%,本編必須フラグを変更せず、外来生態フラグ・時間帯・DexNav・大量発生で制御,K26,トキワのもり,ずつき／朝昼オーバーレイ,Lv.70～76,通常表8～15%,ベガ初回殿堂入り後。認定章数でエリアと中間進化枠を段階解禁。,トーホクは本編で使える低～中レベル基礎種、カントーは高レベル個体・中間進化・隠れ特性探索を担当。,ベガ既存11枠を上書きせず、CFRU側の条件付きオーバーレイ／DexNav／大量発生へ登録,P1,サッチムシをトーホクで捕獲して進化,ハクジのもり,進化／殿堂入り後DexNavで中間進化が稀に出現,通常野生は基礎種のみ,本編必須フラグを変更せず、外来生態フラグ・時間帯・DexNav・大量発生で制御,サッチムシをカントーで捕獲して進化,トキワのもり,進化／認定章6個以降は中間進化がDexNav希少枠,通常野生は基礎種中心,ベガ初回殿堂入り後。認定章数でエリアと中間進化枠を段階解禁。,通常系統は両地方で基礎種を捕獲可能。トーホクは早期育成、カントーは高レベル・隠れ特性・タマゴ技探索を担当。,V2二地方生態版／541系統配置マスター＋特殊個体イベントマスター
826,イオルブ,orbeetle,8,むし／エスパー,435,通常生態,no,no,未収録・追加対象,新IDへ追加（進化入手）,バッジ7～8個,ときのようかん,進化,―,レベルアップ＋Lv.30以上（CFRU/DPEの対応トリガーを使用。通信・RTC必須にはしない）,全国研究図鑑へ登録（トーホク386完成条件には含めない）,NATIONAL_EXT_0826（新規16bit ID）,サッチムシ,サッチムシ → レドームシ → イオルブ,外来生態レイヤーへ追加,T026,ハクジのもり,ずつき／朝昼オーバーレイ,Lv.38～48／殿堂入り後Lv.50～65,追加抽選3～6%,本編必須フラグを変更せず、外来生態フラグ・時間帯・DexNav・大量発生で制御,K26,トキワのもり,ずつき／朝昼オーバーレイ,Lv.70～76,通常表8～15%,ベガ初回殿堂入り後。認定章数でエリアと中間進化枠を段階解禁。,トーホクは本編で使える低～中レベル基礎種、カントーは高レベル個体・中間進化・隠れ特性探索を担当。,ベガ既存11枠を上書きせず、CFRU側の条件付きオーバーレイ／DexNav／大量発生へ登録,P1,サッチムシをトーホクで捕獲して進化,ハクジのもり,進化／殿堂入り後DexNavで中間進化が稀に出現,通常野生は基礎種のみ,本編必須フラグを変更せず、外来生態フラグ・時間帯・DexNav・大量発生で制御,サッチムシをカントーで捕獲して進化,トキワのもり,進化／認定章6個以降は中間進化がDexNav希少枠,通常野生は基礎種中心,ベガ初回殿堂入り後。認定章数でエリアと中間進化枠を段階解禁。,通常系統は両地方で基礎種を捕獲可能。トーホクは早期育成、カントーは高レベル・隠れ特性・タマゴ技探索を担当。,V2二地方生態版／541系統配置マスター＋特殊個体イベントマスター
827,クスネ,nickit,8,あく,436,通常生態,no,no,未収録・追加対象,新IDへ追加,バッジ7～8個,こころのやかた,屋内オーバーレイ,8～12%,主に基礎形のみ出現。中間・最終進化は原則として育成で入手。時間帯・天候は生態チケットで任意固定可能。,全国研究図鑑へ登録（トーホク386完成条件には含めない）,NATIONAL_EXT_0827（新規16bit ID）,クスネ,クスネ → フォクスライ,外来生態レイヤーへ追加,T503,503ばんどうろ／すいどう,夜間オーバーレイ,Lv.5～9,追加抽選3～6%,本編必須フラグを変更せず、外来生態フラグ・時間帯・DexNav・大量発生で制御,K07,7ばんどうろ,夜間オーバーレイ,Lv.78～83,夜間8～12%,ベガ初回殿堂入り後。認定章数でエリアと中間進化枠を段階解禁。,トーホクは本編で使える低～中レベル基礎種、カントーは高レベル個体・中間進化・隠れ特性探索を担当。,ベガ既存11枠を上書きせず、CFRU側の条件付きオーバーレイ／DexNav／大量発生へ登録,P1,トーホク野生生態,503ばんどうろ／すいどう,夜間オーバーレイ,追加抽選3～6%,本編必須フラグを変更せず、外来生態フラグ・時間帯・DexNav・大量発生で制御,カントー高レベル野生生態,7ばんどうろ,夜間オーバーレイ,夜間8～12%,ベガ初回殿堂入り後。認定章数でエリアと中間進化枠を段階解禁。,通常系統は両地方で基礎種を捕獲可能。トーホクは早期育成、カントーは高レベル・隠れ特性・タマゴ技探索を担当。,V2二地方生態版／541系統配置マスター＋特殊個体イベントマスター
828,フォクスライ,thievul,8,あく,436,通常生態,no,no,未収録・追加対象,新IDへ追加（進化入手）,バッジ7～8個,こころのやかた,進化,―,レベルアップ＋Lv.18以上（CFRU/DPEの対応トリガーを使用。通信・RTC必須にはしない）,全国研究図鑑へ登録（トーホク386完成条件には含めない）,NATIONAL_EXT_0828（新規16bit ID）,クスネ,クスネ → フォクスライ,外来生態レイヤーへ追加,T503,503ばんどうろ／すいどう,夜間オーバーレイ,Lv.5～9,追加抽選3～6%,本編必須フラグを変更せず、外来生態フラグ・時間帯・DexNav・大量発生で制御,K07,7ばんどうろ,夜間オーバーレイ,Lv.78～83,夜間8～12%,ベガ初回殿堂入り後。認定章数でエリアと中間進化枠を段階解禁。,トーホクは本編で使える低～中レベル基礎種、カントーは高レベル個体・中間進化・隠れ特性探索を担当。,ベガ既存11枠を上書きせず、CFRU側の条件付きオーバーレイ／DexNav／大量発生へ登録,P1,クスネをトーホクで捕獲して進化,503ばんどうろ／すいどう,進化／殿堂入り後DexNavで中間進化が稀に出現,通常野生は基礎種のみ,本編必須フラグを変更せず、外来生態フラグ・時間帯・DexNav・大量発生で制御,クスネをカントーで捕獲して進化,7ばんどうろ,進化／認定章6個以降は中間進化がDexNav希少枠,通常野生は基礎種中心,ベガ初回殿堂入り後。認定章数でエリアと中間進化枠を段階解禁。,通常系統は両地方で基礎種を捕獲可能。トーホクは早期育成、カントーは高レベル・隠れ特性・タマゴ技探索を担当。,V2二地方生態版／541系統配置マスター＋特殊個体イベントマスター
829,ヒメンカ,gossifleur,8,くさ,437,通常生態,no,no,未収録・追加対象,新IDへ追加,殿堂入り後,ハクジのもり,大量発生,発生中20～40%,主に基礎形のみ出現。中間・最終進化は原則として育成で入手。時間帯・天候は生態チケットで任意固定可能。,全国研究図鑑へ登録（トーホク386完成条件には含めない）,NATIONAL_EXT_0829（新規16bit ID）,ヒメンカ,ヒメンカ → ワタシラガ,外来生態レイヤーへ追加,T504,504ばんどうろ／すいどう,草むらオーバーレイ,Lv.9～13,追加抽選3～6%,本編必須フラグを変更せず、外来生態フラグ・時間帯・DexNav・大量発生で制御,K33,タマムシ温室,ずつき／朝昼オーバーレイ,Lv.82～90,通常表8～15%,ベガ初回殿堂入り後。認定章数でエリアと中間進化枠を段階解禁。,トーホクは本編で使える低～中レベル基礎種、カントーは高レベル個体・中間進化・隠れ特性探索を担当。,ベガ既存11枠を上書きせず、CFRU側の条件付きオーバーレイ／DexNav／大量発生へ登録,P2,トーホク野生生態,504ばんどうろ／すいどう,草むらオーバーレイ,追加抽選3～6%,本編必須フラグを変更せず、外来生態フラグ・時間帯・DexNav・大量発生で制御,カントー高レベル野生生態,タマムシ温室,ずつき／朝昼オーバーレイ,通常表8～15%,ベガ初回殿堂入り後。認定章数でエリアと中間進化枠を段階解禁。,通常系統は両地方で基礎種を捕獲可能。トーホクは早期育成、カントーは高レベル・隠れ特性・タマゴ技探索を担当。,V2二地方生態版／541系統配置マスター＋特殊個体イベントマスター
830,ワタシラガ,eldegoss,8,くさ,437,通常生態,no,no,未収録・追加対象,新IDへ追加（進化入手）,殿堂入り後,ハクジのもり,進化,―,レベルアップ＋Lv.20以上（CFRU/DPEの対応トリガーを使用。通信・RTC必須にはしない）,全国研究図鑑へ登録（トーホク386完成条件には含めない）,NATIONAL_EXT_0830（新規16bit ID）,ヒメンカ,ヒメンカ → ワタシラガ,外来生態レイヤーへ追加,T504,504ばんどうろ／すいどう,草むらオーバーレイ,Lv.9～13,追加抽選3～6%,本編必須フラグを変更せず、外来生態フラグ・時間帯・DexNav・大量発生で制御,K33,タマムシ温室,ずつき／朝昼オーバーレイ,Lv.82～90,通常表8～15%,ベガ初回殿堂入り後。認定章数でエリアと中間進化枠を段階解禁。,トーホクは本編で使える低～中レベル基礎種、カントーは高レベル個体・中間進化・隠れ特性探索を担当。,ベガ既存11枠を上書きせず、CFRU側の条件付きオーバーレイ／DexNav／大量発生へ登録,P2,ヒメンカをトーホクで捕獲して進化,504ばんどうろ／すいどう,進化／殿堂入り後DexNavで中間進化が稀に出現,通常野生は基礎種のみ,本編必須フラグを変更せず、外来生態フラグ・時間帯・DexNav・大量発生で制御,ヒメンカをカントーで捕獲して進化,タマムシ温室,進化／認定章6個以降は中間進化がDexNav希少枠,通常野生は基礎種中心,ベガ初回殿堂入り後。認定章数でエリアと中間進化枠を段階解禁。,通常系統は両地方で基礎種を捕獲可能。トーホクは早期育成、カントーは高レベル・隠れ特性・タマゴ技探索を担当。,V2二地方生態版／541系統配置マスター＋特殊個体イベントマスター
831,ウールー,wooloo,8,ノーマル,438,通常生態,no,no,未収録・追加対象,新IDへ追加,殿堂入り後,502ばんどうろ,時間帯オーバーレイ,8～12%,主に基礎形のみ出現。中間・最終進化は原則として育成で入手。時間帯・天候は生態チケットで任意固定可能。,全国研究図鑑へ登録（トーホク386完成条件には含めない）,NATIONAL_EXT_0831（新規16bit ID）,ウールー,ウールー → バイウールー,外来生態レイヤーへ追加,T519,519ばんどうろ／すいどう,草むらオーバーレイ,Lv.41～48,追加抽選3～6%,本編必須フラグを変更せず、外来生態フラグ・時間帯・DexNav・大量発生で制御,K14,14ばんどうろ,草むらオーバーレイ,Lv.84～89,通常表8～15%,ベガ初回殿堂入り後。認定章数でエリアと中間進化枠を段階解禁。,トーホクは本編で使える低～中レベル基礎種、カントーは高レベル個体・中間進化・隠れ特性探索を担当。,ベガ既存11枠を上書きせず、CFRU側の条件付きオーバーレイ／DexNav／大量発生へ登録,P2,トーホク野生生態,519ばんどうろ／すいどう,草むらオーバーレイ,追加抽選3～6%,本編必須フラグを変更せず、外来生態フラグ・時間帯・DexNav・大量発生で制御,カントー高レベル野生生態,14ばんどうろ,草むらオーバーレイ,通常表8～15%,ベガ初回殿堂入り後。認定章数でエリアと中間進化枠を段階解禁。,通常系統は両地方で基礎種を捕獲可能。トーホクは早期育成、カントーは高レベル・隠れ特性・タマゴ技探索を担当。,V2二地方生態版／541系統配置マスター＋特殊個体イベントマスター
832,バイウールー,dubwool,8,ノーマル,438,通常生態,no,no,未収録・追加対象,新IDへ追加（進化入手）,殿堂入り後,502ばんどうろ,進化,―,レベルアップ＋Lv.24以上（CFRU/DPEの対応トリガーを使用。通信・RTC必須にはしない）,全国研究図鑑へ登録（トーホク386完成条件には含めない）,NATIONAL_EXT_0832（新規16bit ID）,ウールー,ウールー → バイウールー,外来生態レイヤーへ追加,T519,519ばんどうろ／すいどう,草むらオーバーレイ,Lv.41～48,追加抽選3～6%,本編必須フラグを変更せず、外来生態フラグ・時間帯・DexNav・大量発生で制御,K14,14ばんどうろ,草むらオーバーレイ,Lv.84～89,通常表8～15%,ベガ初回殿堂入り後。認定章数でエリアと中間進化枠を段階解禁。,トーホクは本編で使える低～中レベル基礎種、カントーは高レベル個体・中間進化・隠れ特性探索を担当。,ベガ既存11枠を上書きせず、CFRU側の条件付きオーバーレイ／DexNav／大量発生へ登録,P2,ウールーをトーホクで捕獲して進化,519ばんどうろ／すいどう,進化／殿堂入り後DexNavで中間進化が稀に出現,通常野生は基礎種のみ,本編必須フラグを変更せず、外来生態フラグ・時間帯・DexNav・大量発生で制御,ウールーをカントーで捕獲して進化,14ばんどうろ,進化／認定章6個以降は中間進化がDexNav希少枠,通常野生は基礎種中心,ベガ初回殿堂入り後。認定章数でエリアと中間進化枠を段階解禁。,通常系統は両地方で基礎種を捕獲可能。トーホクは早期育成、カントーは高レベル・隠れ特性・タマゴ技探索を担当。,V2二地方生態版／541系統配置マスター＋特殊個体イベントマスター
833,カムカメ,chewtle,8,みず,439,通常生態,no,no,未収録・追加対象,新IDへ追加,バッジ7～8個,こおりのしま,図鑑ナビ隠し枠,通常表0%／ナビ検索時1～5%,主に基礎形のみ出現。中間・最終進化は原則として育成で入手。時間帯・天候は生態チケットで任意固定可能。,全国研究図鑑へ登録（トーホク386完成条件には含めない）,NATIONAL_EXT_0833（新規16bit ID）,カムカメ,カムカメ → カジリガメ,外来生態レイヤーへ追加,T508,508ばんどうろ／すいどう,釣りオーバーレイ,Lv.19～25,追加抽選4～8%,本編必須フラグを変更せず、外来生態フラグ・時間帯・DexNav・大量発生で制御,K06,6ばんどうろ,釣りオーバーレイ,Lv.75～80,通常表10～20%,ベガ初回殿堂入り後。認定章数でエリアと中間進化枠を段階解禁。,トーホクは本編で使える低～中レベル基礎種、カントーは高レベル個体・中間進化・隠れ特性探索を担当。,ベガ既存11枠を上書きせず、CFRU側の条件付きオーバーレイ／DexNav／大量発生へ登録,P1,トーホク野生生態,508ばんどうろ／すいどう,釣りオーバーレイ,追加抽選4～8%,本編必須フラグを変更せず、外来生態フラグ・時間帯・DexNav・大量発生で制御,カントー高レベル野生生態,6ばんどうろ,釣りオーバーレイ,通常表10～20%,ベガ初回殿堂入り後。認定章数でエリアと中間進化枠を段階解禁。,通常系統は両地方で基礎種を捕獲可能。トーホクは早期育成、カントーは高レベル・隠れ特性・タマゴ技探索を担当。,V2二地方生態版／541系統配置マスター＋特殊個体イベントマスター
834,カジリガメ,drednaw,8,みず／いわ,439,通常生態,no,no,未収録・追加対象,新IDへ追加（進化入手）,バッジ7～8個,こおりのしま,進化,―,レベルアップ＋Lv.22以上（CFRU/DPEの対応トリガーを使用。通信・RTC必須にはしない）,全国研究図鑑へ登録（トーホク386完成条件には含めない）,NATIONAL_EXT_0834（新規16bit ID）,カムカメ,カムカメ → カジリガメ,外来生態レイヤーへ追加,T508,508ばんどうろ／すいどう,釣りオーバーレイ,Lv.19～25,追加抽選4～8%,本編必須フラグを変更せず、外来生態フラグ・時間帯・DexNav・大量発生で制御,K06,6ばんどうろ,釣りオーバーレイ,Lv.75～80,通常表10～20%,ベガ初回殿堂入り後。認定章数でエリアと中間進化枠を段階解禁。,トーホクは本編で使える低～中レベル基礎種、カントーは高レベル個体・中間進化・隠れ特性探索を担当。,ベガ既存11枠を上書きせず、CFRU側の条件付きオーバーレイ／DexNav／大量発生へ登録,P1,カムカメをトーホクで捕獲して進化,508ばんどうろ／すいどう,進化／殿堂入り後DexNavで中間進化が稀に出現,通常野生は基礎種のみ,本編必須フラグを変更せず、外来生態フラグ・時間帯・DexNav・大量発生で制御,カムカメをカントーで捕獲して進化,6ばんどうろ,進化／認定章6個以降は中間進化がDexNav希少枠,通常野生は基礎種中心,ベガ初回殿堂入り後。認定章数でエリアと中間進化枠を段階解禁。,通常系統は両地方で基礎種を捕獲可能。トーホクは早期育成、カントーは高レベル・隠れ特性・タマゴ技探索を担当。,V2二地方生態版／541系統配置マスター＋特殊個体イベントマスター
835,ワンパチ,yamper,8,でんき,440,通常生態,no,no,未収録・追加対象,新IDへ追加,殿堂入り後,かみなりのしま,時間帯オーバーレイ,8～12%,主に基礎形のみ出現。中間・最終進化は原則として育成で入手。時間帯・天候は生態チケットで任意固定可能。,全国研究図鑑へ登録（トーホク386完成条件には含めない）,NATIONAL_EXT_0835（新規16bit ID）,ワンパチ,ワンパチ → パルスワン,外来生態レイヤーへ追加,T029,かみなりのしま,大量発生,Lv.30～40／殿堂入り後Lv.55～70,通常0%／発生中20～35%,本編必須フラグを変更せず、外来生態フラグ・時間帯・DexNav・大量発生で制御,K10,10ばんどうろ,草むらオーバーレイ,Lv.78～84,通常表8～15%,ベガ初回殿堂入り後。認定章数でエリアと中間進化枠を段階解禁。,トーホクは本編で使える低～中レベル基礎種、カントーは高レベル個体・中間進化・隠れ特性探索を担当。,ベガ既存11枠を上書きせず、CFRU側の条件付きオーバーレイ／DexNav／大量発生へ登録,P2,トーホク野生生態,かみなりのしま,大量発生,通常0%／発生中20～35%,本編必須フラグを変更せず、外来生態フラグ・時間帯・DexNav・大量発生で制御,カントー高レベル野生生態,10ばんどうろ,草むらオーバーレイ,通常表8～15%,ベガ初回殿堂入り後。認定章数でエリアと中間進化枠を段階解禁。,通常系統は両地方で基礎種を捕獲可能。トーホクは早期育成、カントーは高レベル・隠れ特性・タマゴ技探索を担当。,V2二地方生態版／541系統配置マスター＋特殊個体イベントマスター
836,パルスワン,boltund,8,でんき,440,通常生態,no,no,未収録・追加対象,新IDへ追加（進化入手）,殿堂入り後,かみなりのしま,進化,―,レベルアップ＋Lv.25以上（CFRU/DPEの対応トリガーを使用。通信・RTC必須にはしない）,全国研究図鑑へ登録（トーホク386完成条件には含めない）,NATIONAL_EXT_0836（新規16bit ID）,ワンパチ,ワンパチ → パルスワン,外来生態レイヤーへ追加,T029,かみなりのしま,大量発生,Lv.30～40／殿堂入り後Lv.55～70,通常0%／発生中20～35%,本編必須フラグを変更せず、外来生態フラグ・時間帯・DexNav・大量発生で制御,K10,10ばんどうろ,草むらオーバーレイ,Lv.78～84,通常表8～15%,ベガ初回殿堂入り後。認定章数でエリアと中間進化枠を段階解禁。,トーホクは本編で使える低～中レベル基礎種、カントーは高レベル個体・中間進化・隠れ特性探索を担当。,ベガ既存11枠を上書きせず、CFRU側の条件付きオーバーレイ／DexNav／大量発生へ登録,P2,ワンパチをトーホクで捕獲して進化,かみなりのしま,進化／殿堂入り後DexNavで中間進化が稀に出現,通常野生は基礎種のみ,本編必須フラグを変更せず、外来生態フラグ・時間帯・DexNav・大量発生で制御,ワンパチをカントーで捕獲して進化,10ばんどうろ,進化／認定章6個以降は中間進化がDexNav希少枠,通常野生は基礎種中心,ベガ初回殿堂入り後。認定章数でエリアと中間進化枠を段階解禁。,通常系統は両地方で基礎種を捕獲可能。トーホクは早期育成、カントーは高レベル・隠れ特性・タマゴ技探索を担当。,V2二地方生態版／541系統配置マスター＋特殊個体イベントマスター
837,タンドン,rolycoly,8,いわ,441,通常生態,no,no,未収録・追加対象,新IDへ追加,バッジ7～8個,サファリゾーン西,図鑑ナビ隠し枠,通常表0%／ナビ検索時1～5%,主に基礎形のみ出現。中間・最終進化は原則として育成で入手。時間帯・天候は生態チケットで任意固定可能。,全国研究図鑑へ登録（トーホク386完成条件には含めない）,NATIONAL_EXT_0837（新規16bit ID）,タンドン,タンドン → トロッゴン → セキタンザン,外来生態レイヤーへ追加,T024,ちえのどうくつ,いわくだき／DexNav,Lv.6～9／殿堂入り後Lv.44～48,通常0%／DexNav 2～5%,本編必須フラグを変更せず、外来生態フラグ・時間帯・DexNav・大量発生で制御,K39,ポケモンやしき,洞窟・屋内オーバーレイ,Lv.91～98,通常表8～15%,ベガ初回殿堂入り後。認定章数でエリアと中間進化枠を段階解禁。,トーホクは本編で使える低～中レベル基礎種、カントーは高レベル個体・中間進化・隠れ特性探索を担当。,ベガ既存11枠を上書きせず、CFRU側の条件付きオーバーレイ／DexNav／大量発生へ登録,P1,トーホク野生生態,ちえのどうくつ,いわくだき／DexNav,通常0%／DexNav 2～5%,本編必須フラグを変更せず、外来生態フラグ・時間帯・DexNav・大量発生で制御,カントー高レベル野生生態,ポケモンやしき,洞窟・屋内オーバーレイ,通常表8～15%,ベガ初回殿堂入り後。認定章数でエリアと中間進化枠を段階解禁。,通常系統は両地方で基礎種を捕獲可能。トーホクは早期育成、カントーは高レベル・隠れ特性・タマゴ技探索を担当。,V2二地方生態版／541系統配置マスター＋特殊個体イベントマスター
838,トロッゴン,carkol,8,いわ／ほのお,441,通常生態,no,no,未収録・追加対象,新IDへ追加（進化入手）,バッジ7～8個,サファリゾーン西,進化,―,レベルアップ＋Lv.18以上（CFRU/DPEの対応トリガーを使用。通信・RTC必須にはしない）,全国研究図鑑へ登録（トーホク386完成条件には含めない）,NATIONAL_EXT_0838（新規16bit ID）,タンドン,タンドン → トロッゴン → セキタンザン,外来生態レイヤーへ追加,T024,ちえのどうくつ,いわくだき／DexNav,Lv.6～9／殿堂入り後Lv.44～48,通常0%／DexNav 2～5%,本編必須フラグを変更せず、外来生態フラグ・時間帯・DexNav・大量発生で制御,K39,ポケモンやしき,洞窟・屋内オーバーレイ,Lv.91～98,通常表8～15%,ベガ初回殿堂入り後。認定章数でエリアと中間進化枠を段階解禁。,トーホクは本編で使える低～中レベル基礎種、カントーは高レベル個体・中間進化・隠れ特性探索を担当。,ベガ既存11枠を上書きせず、CFRU側の条件付きオーバーレイ／DexNav／大量発生へ登録,P1,タンドンをトーホクで捕獲して進化,ちえのどうくつ,進化／殿堂入り後DexNavで中間進化が稀に出現,通常野生は基礎種のみ,本編必須フラグを変更せず、外来生態フラグ・時間帯・DexNav・大量発生で制御,タンドンをカントーで捕獲して進化,ポケモンやしき,進化／認定章6個以降は中間進化がDexNav希少枠,通常野生は基礎種中心,ベガ初回殿堂入り後。認定章数でエリアと中間進化枠を段階解禁。,通常系統は両地方で基礎種を捕獲可能。トーホクは早期育成、カントーは高レベル・隠れ特性・タマゴ技探索を担当。,V2二地方生態版／541系統配置マスター＋特殊個体イベントマスター
839,セキタンザン,coalossal,8,いわ／ほのお,441,通常生態,no,no,未収録・追加対象,新IDへ追加（進化入手）,バッジ7～8個,サファリゾーン西,進化,―,レベルアップ＋Lv.34以上（CFRU/DPEの対応トリガーを使用。通信・RTC必須にはしない）,全国研究図鑑へ登録（トーホク386完成条件には含めない）,NATIONAL_EXT_0839（新規16bit ID）,タンドン,タンドン → トロッゴン → セキタンザン,外来生態レイヤーへ追加,T024,ちえのどうくつ,いわくだき／DexNav,Lv.6～9／殿堂入り後Lv.44～48,通常0%／DexNav 2～5%,本編必須フラグを変更せず、外来生態フラグ・時間帯・DexNav・大量発生で制御,K39,ポケモンやしき,洞窟・屋内オーバーレイ,Lv.91～98,通常表8～15%,ベガ初回殿堂入り後。認定章数でエリアと中間進化枠を段階解禁。,トーホクは本編で使える低～中レベル基礎種、カントーは高レベル個体・中間進化・隠れ特性探索を担当。,ベガ既存11枠を上書きせず、CFRU側の条件付きオーバーレイ／DexNav／大量発生へ登録,P1,タンドンをトーホクで捕獲して進化,ちえのどうくつ,進化／殿堂入り後DexNavで中間進化が稀に出現,通常野生は基礎種のみ,本編必須フラグを変更せず、外来生態フラグ・時間帯・DexNav・大量発生で制御,タンドンをカントーで捕獲して進化,ポケモンやしき,進化／認定章6個以降は中間進化がDexNav希少枠,通常野生は基礎種中心,ベガ初回殿堂入り後。認定章数でエリアと中間進化枠を段階解禁。,通常系統は両地方で基礎種を捕獲可能。トーホクは早期育成、カントーは高レベル・隠れ特性・タマゴ技探索を担当。,V2二地方生態版／541系統配置マスター＋特殊個体イベントマスター
840,カジッチュ,applin,8,くさ／ドラゴン,442,通常生態,no,no,未収録・追加対象,新IDへ追加,バッジ5～6個,ハクジのもり,ずつき,8～12%,主に基礎形のみ出現。中間・最終進化は原則として育成で入手。時間帯・天候は生態チケットで任意固定可能。,全国研究図鑑へ登録（トーホク386完成条件には含めない）,NATIONAL_EXT_0840（新規16bit ID）,カジッチュ,カジッチュ → アップリュー → タルップル → カミッチュ → カミツオロチ,外来生態レイヤーへ追加,T026,ハクジのもり,ずつき／朝昼オーバーレイ,Lv.38～48／殿堂入り後Lv.50～65,追加抽選3～6%,本編必須フラグを変更せず、外来生態フラグ・時間帯・DexNav・大量発生で制御,K33,タマムシ温室,ずつき／朝昼オーバーレイ,Lv.82～90,通常表8～15%,ベガ初回殿堂入り後。認定章数でエリアと中間進化枠を段階解禁。,トーホクは本編で使える低～中レベル基礎種、カントーは高レベル個体・中間進化・隠れ特性探索を担当。,ベガ既存11枠を上書きせず、CFRU側の条件付きオーバーレイ／DexNav／大量発生へ登録,P1,トーホク野生生態,ハクジのもり,ずつき／朝昼オーバーレイ,追加抽選3～6%,本編必須フラグを変更せず、外来生態フラグ・時間帯・DexNav・大量発生で制御,カントー高レベル野生生態,タマムシ温室,ずつき／朝昼オーバーレイ,通常表8～15%,ベガ初回殿堂入り後。認定章数でエリアと中間進化枠を段階解禁。,通常系統は両地方で基礎種を捕獲可能。トーホクは早期育成、カントーは高レベル・隠れ特性・タマゴ技探索を担当。,V2二地方生態版／541系統配置マスター＋特殊個体イベントマスター
841,アップリュー,flapple,8,くさ／ドラゴン,442,通常生態,no,no,未収録・追加対象,新IDへ追加（進化入手）,バッジ5～6個,ハクジのもり,進化,―,道具使用＋すっぱいりんごを使う（CFRU/DPEの対応トリガーを使用。通信・RTC必須にはしない）,全国研究図鑑へ登録（トーホク386完成条件には含めない）,NATIONAL_EXT_0841（新規16bit ID）,カジッチュ,カジッチュ → アップリュー → タルップル → カミッチュ → カミツオロチ,外来生態レイヤーへ追加,T026,ハクジのもり,ずつき／朝昼オーバーレイ,Lv.38～48／殿堂入り後Lv.50～65,追加抽選3～6%,本編必須フラグを変更せず、外来生態フラグ・時間帯・DexNav・大量発生で制御,K33,タマムシ温室,ずつき／朝昼オーバーレイ,Lv.82～90,通常表8～15%,ベガ初回殿堂入り後。認定章数でエリアと中間進化枠を段階解禁。,トーホクは本編で使える低～中レベル基礎種、カントーは高レベル個体・中間進化・隠れ特性探索を担当。,ベガ既存11枠を上書きせず、CFRU側の条件付きオーバーレイ／DexNav／大量発生へ登録,P1,カジッチュをトーホクで捕獲して進化,ハクジのもり,進化／殿堂入り後DexNavで中間進化が稀に出現,通常野生は基礎種のみ,本編必須フラグを変更せず、外来生態フラグ・時間帯・DexNav・大量発生で制御,カジッチュをカントーで捕獲して進化,タマムシ温室,進化／認定章6個以降は中間進化がDexNav希少枠,通常野生は基礎種中心,ベガ初回殿堂入り後。認定章数でエリアと中間進化枠を段階解禁。,通常系統は両地方で基礎種を捕獲可能。トーホクは早期育成、カントーは高レベル・隠れ特性・タマゴ技探索を担当。,V2二地方生態版／541系統配置マスター＋特殊個体イベントマスター
842,タルップル,appletun,8,くさ／ドラゴン,442,通常生態,no,no,未収録・追加対象,新IDへ追加（進化入手）,バッジ5～6個,ハクジのもり,進化,―,道具使用＋あまーいりんごを使う（CFRU/DPEの対応トリガーを使用。通信・RTC必須にはしない）,全国研究図鑑へ登録（トーホク386完成条件には含めない）,NATIONAL_EXT_0842（新規16bit ID）,カジッチュ,カジッチュ → アップリュー → タルップル → カミッチュ → カミツオロチ,外来生態レイヤーへ追加,T026,ハクジのもり,ずつき／朝昼オーバーレイ,Lv.38～48／殿堂入り後Lv.50～65,追加抽選3～6%,本編必須フラグを変更せず、外来生態フラグ・時間帯・DexNav・大量発生で制御,K33,タマムシ温室,ずつき／朝昼オーバーレイ,Lv.82～90,通常表8～15%,ベガ初回殿堂入り後。認定章数でエリアと中間進化枠を段階解禁。,トーホクは本編で使える低～中レベル基礎種、カントーは高レベル個体・中間進化・隠れ特性探索を担当。,ベガ既存11枠を上書きせず、CFRU側の条件付きオーバーレイ／DexNav／大量発生へ登録,P1,カジッチュをトーホクで捕獲して進化,ハクジのもり,進化／殿堂入り後DexNavで中間進化が稀に出現,通常野生は基礎種のみ,本編必須フラグを変更せず、外来生態フラグ・時間帯・DexNav・大量発生で制御,カジッチュをカントーで捕獲して進化,タマムシ温室,進化／認定章6個以降は中間進化がDexNav希少枠,通常野生は基礎種中心,ベガ初回殿堂入り後。認定章数でエリアと中間進化枠を段階解禁。,通常系統は両地方で基礎種を捕獲可能。トーホクは早期育成、カントーは高レベル・隠れ特性・タマゴ技探索を担当。,V2二地方生態版／541系統配置マスター＋特殊個体イベントマスター
843,スナヘビ,silicobra,8,じめん,443,通常生態,no,no,未収録・追加対象,新IDへ追加,殿堂入り後,ちえのどうくつ,洞窟オーバーレイ,8～12%,主に基礎形のみ出現。中間・最終進化は原則として育成で入手。時間帯・天候は生態チケットで任意固定可能。,全国研究図鑑へ登録（トーホク386完成条件には含めない）,NATIONAL_EXT_0843（新規16bit ID）,スナヘビ,スナヘビ → サダイジャ,外来生態レイヤーへ追加,T505,505ばんどうろ／すいどう,いわくだき／DexNav,Lv.10～14,通常0%／DexNav 2～5%,本編必須フラグを変更せず、外来生態フラグ・時間帯・DexNav・大量発生で制御,K28,ディグダのあな,いわくだき／DexNav,Lv.76～83,通常0%／DexNav 2～5%,ベガ初回殿堂入り後。認定章数でエリアと中間進化枠を段階解禁。,トーホクは本編で使える低～中レベル基礎種、カントーは高レベル個体・中間進化・隠れ特性探索を担当。,ベガ既存11枠を上書きせず、CFRU側の条件付きオーバーレイ／DexNav／大量発生へ登録,P2,トーホク野生生態,505ばんどうろ／すいどう,いわくだき／DexNav,通常0%／DexNav 2～5%,本編必須フラグを変更せず、外来生態フラグ・時間帯・DexNav・大量発生で制御,カントー高レベル野生生態,ディグダのあな,いわくだき／DexNav,通常0%／DexNav 2～5%,ベガ初回殿堂入り後。認定章数でエリアと中間進化枠を段階解禁。,通常系統は両地方で基礎種を捕獲可能。トーホクは早期育成、カントーは高レベル・隠れ特性・タマゴ技探索を担当。,V2二地方生態版／541系統配置マスター＋特殊個体イベントマスター
844,サダイジャ,sandaconda,8,じめん,443,通常生態,no,no,未収録・追加対象,新IDへ追加（進化入手）,殿堂入り後,ちえのどうくつ,進化,―,レベルアップ＋Lv.36以上（CFRU/DPEの対応トリガーを使用。通信・RTC必須にはしない）,全国研究図鑑へ登録（トーホク386完成条件には含めない）,NATIONAL_EXT_0844（新規16bit ID）,スナヘビ,スナヘビ → サダイジャ,外来生態レイヤーへ追加,T505,505ばんどうろ／すいどう,いわくだき／DexNav,Lv.10～14,通常0%／DexNav 2～5%,本編必須フラグを変更せず、外来生態フラグ・時間帯・DexNav・大量発生で制御,K28,ディグダのあな,いわくだき／DexNav,Lv.76～83,通常0%／DexNav 2～5%,ベガ初回殿堂入り後。認定章数でエリアと中間進化枠を段階解禁。,トーホクは本編で使える低～中レベル基礎種、カントーは高レベル個体・中間進化・隠れ特性探索を担当。,ベガ既存11枠を上書きせず、CFRU側の条件付きオーバーレイ／DexNav／大量発生へ登録,P2,スナヘビをトーホクで捕獲して進化,505ばんどうろ／すいどう,進化／殿堂入り後DexNavで中間進化が稀に出現,通常野生は基礎種のみ,本編必須フラグを変更せず、外来生態フラグ・時間帯・DexNav・大量発生で制御,スナヘビをカントーで捕獲して進化,ディグダのあな,進化／認定章6個以降は中間進化がDexNav希少枠,通常野生は基礎種中心,ベガ初回殿堂入り後。認定章数でエリアと中間進化枠を段階解禁。,通常系統は両地方で基礎種を捕獲可能。トーホクは早期育成、カントーは高レベル・隠れ特性・タマゴ技探索を担当。,V2二地方生態版／541系統配置マスター＋特殊個体イベントマスター
845,ウッウ,cramorant,8,ひこう／みず,444,通常生態,no,no,未収録・追加対象,新IDへ追加,殿堂入り後,シオウ近海,図鑑ナビ隠し枠,通常表0%／ナビ検索時1～5%,主に基礎形のみ出現。中間・最終進化は原則として育成で入手。時間帯・天候は生態チケットで任意固定可能。,全国研究図鑑へ登録（トーホク386完成条件には含めない）,NATIONAL_EXT_0845（新規16bit ID）,ウッウ,ウッウ,外来生態レイヤーへ追加,T509,509ばんどうろ／すいどう,水上オーバーレイ,Lv.21～27,追加抽選4～8%,本編必須フラグを変更せず、外来生態フラグ・時間帯・DexNav・大量発生で制御,K25,25ばんどうろ,水上オーバーレイ,Lv.75～80,通常表10～20%,ベガ初回殿堂入り後。認定章数でエリアと中間進化枠を段階解禁。,トーホクは本編で使える低～中レベル基礎種、カントーは高レベル個体・中間進化・隠れ特性探索を担当。,ベガ既存11枠を上書きせず、CFRU側の条件付きオーバーレイ／DexNav／大量発生へ登録,P2,トーホク野生生態,509ばんどうろ／すいどう,水上オーバーレイ,追加抽選4～8%,本編必須フラグを変更せず、外来生態フラグ・時間帯・DexNav・大量発生で制御,カントー高レベル野生生態,25ばんどうろ,水上オーバーレイ,通常表10～20%,ベガ初回殿堂入り後。認定章数でエリアと中間進化枠を段階解禁。,通常系統は両地方で基礎種を捕獲可能。トーホクは早期育成、カントーは高レベル・隠れ特性・タマゴ技探索を担当。,V2二地方生態版／541系統配置マスター＋特殊個体イベントマスター
846,サシカマス,arrokuda,8,みず,445,通常生態,no,no,未収録・追加対象,新IDへ追加,殿堂入り後,かいていトンネル,釣り,8～12%,主に基礎形のみ出現。中間・最終進化は原則として育成で入手。時間帯・天候は生態チケットで任意固定可能。,全国研究図鑑へ登録（トーホク386完成条件には含めない）,NATIONAL_EXT_0846（新規16bit ID）,サシカマス,サシカマス → カマスジョー,外来生態レイヤーへ追加,T507,507ばんどうろ／すいどう,釣りオーバーレイ,Lv.17～23,追加抽選4～8%,本編必須フラグを変更せず、外来生態フラグ・時間帯・DexNav・大量発生で制御,K19,19ばんどうろ,釣りオーバーレイ,Lv.87～92,通常表10～20%,ベガ初回殿堂入り後。認定章数でエリアと中間進化枠を段階解禁。,トーホクは本編で使える低～中レベル基礎種、カントーは高レベル個体・中間進化・隠れ特性探索を担当。,ベガ既存11枠を上書きせず、CFRU側の条件付きオーバーレイ／DexNav／大量発生へ登録,P2,トーホク野生生態,507ばんどうろ／すいどう,釣りオーバーレイ,追加抽選4～8%,本編必須フラグを変更せず、外来生態フラグ・時間帯・DexNav・大量発生で制御,カントー高レベル野生生態,19ばんどうろ,釣りオーバーレイ,通常表10～20%,ベガ初回殿堂入り後。認定章数でエリアと中間進化枠を段階解禁。,通常系統は両地方で基礎種を捕獲可能。トーホクは早期育成、カントーは高レベル・隠れ特性・タマゴ技探索を担当。,V2二地方生態版／541系統配置マスター＋特殊個体イベントマスター
847,カマスジョー,barraskewda,8,みず,445,通常生態,no,no,未収録・追加対象,新IDへ追加（進化入手）,殿堂入り後,かいていトンネル,進化,―,レベルアップ＋Lv.26以上（CFRU/DPEの対応トリガーを使用。通信・RTC必須にはしない）,全国研究図鑑へ登録（トーホク386完成条件には含めない）,NATIONAL_EXT_0847（新規16bit ID）,サシカマス,サシカマス → カマスジョー,外来生態レイヤーへ追加,T507,507ばんどうろ／すいどう,釣りオーバーレイ,Lv.17～23,追加抽選4～8%,本編必須フラグを変更せず、外来生態フラグ・時間帯・DexNav・大量発生で制御,K19,19ばんどうろ,釣りオーバーレイ,Lv.87～92,通常表10～20%,ベガ初回殿堂入り後。認定章数でエリアと中間進化枠を段階解禁。,トーホクは本編で使える低～中レベル基礎種、カントーは高レベル個体・中間進化・隠れ特性探索を担当。,ベガ既存11枠を上書きせず、CFRU側の条件付きオーバーレイ／DexNav／大量発生へ登録,P2,サシカマスをトーホクで捕獲して進化,507ばんどうろ／すいどう,進化／殿堂入り後DexNavで中間進化が稀に出現,通常野生は基礎種のみ,本編必須フラグを変更せず、外来生態フラグ・時間帯・DexNav・大量発生で制御,サシカマスをカントーで捕獲して進化,19ばんどうろ,進化／認定章6個以降は中間進化がDexNav希少枠,通常野生は基礎種中心,ベガ初回殿堂入り後。認定章数でエリアと中間進化枠を段階解禁。,通常系統は両地方で基礎種を捕獲可能。トーホクは早期育成、カントーは高レベル・隠れ特性・タマゴ技探索を担当。,V2二地方生態版／541系統配置マスター＋特殊個体イベントマスター
848,エレズン,toxel,8,でんき／どく,446,ベビィ含有,no,no,未収録・追加対象,新IDへ追加,殿堂入り後,D・H異常生態区画（新規小部屋）,大量発生,発生中20～40%,主に基礎形のみ出現。中間・最終進化は原則として育成で入手。時間帯・天候は生態チケットで任意固定可能。,全国研究図鑑へ登録（トーホク386完成条件には含めない）,NATIONAL_EXT_0848（新規16bit ID）,エレズン,エレズン → ストリンダー,外来生態レイヤーへ追加,T029,かみなりのしま,DexNav隠し枠／低確率タマゴ,Lv.30～40／殿堂入り後Lv.55～70,通常0%／DexNav 2～5%,本編必須フラグを変更せず、外来生態フラグ・時間帯・DexNav・大量発生で制御,K40,むじんはつでんしょ,DexNav隠し枠／低確率タマゴ,Lv.82～94,通常0%／DexNav 2～5%,ベガ初回殿堂入り後。認定章数でエリアと中間進化枠を段階解禁。,トーホクは本編で使える低～中レベル基礎種、カントーは高レベル個体・中間進化・隠れ特性探索を担当。,ベガ既存11枠を上書きせず、CFRU側の条件付きオーバーレイ／DexNav／大量発生へ登録,P2,トーホク野生生態,かみなりのしま,DexNav隠し枠／低確率タマゴ,通常0%／DexNav 2～5%,本編必須フラグを変更せず、外来生態フラグ・時間帯・DexNav・大量発生で制御,カントー高レベル野生生態,むじんはつでんしょ,DexNav隠し枠／低確率タマゴ,通常0%／DexNav 2～5%,ベガ初回殿堂入り後。認定章数でエリアと中間進化枠を段階解禁。,通常系統は両地方で基礎種を捕獲可能。トーホクは早期育成、カントーは高レベル・隠れ特性・タマゴ技探索を担当。,V2二地方生態版／541系統配置マスター＋特殊個体イベントマスター
849,ストリンダー,toxtricity,8,でんき／どく,446,ベビィ含有,no,no,未収録・追加対象,新IDへ追加（進化入手）,殿堂入り後,D・H異常生態区画（新規小部屋）,進化,―,レベルアップ＋Lv.30以上（CFRU/DPEの対応トリガーを使用。通信・RTC必須にはしない）,全国研究図鑑へ登録（トーホク386完成条件には含めない）,NATIONAL_EXT_0849（新規16bit ID）,エレズン,エレズン → ストリンダー,外来生態レイヤーへ追加,T029,かみなりのしま,DexNav隠し枠／低確率タマゴ,Lv.30～40／殿堂入り後Lv.55～70,通常0%／DexNav 2～5%,本編必須フラグを変更せず、外来生態フラグ・時間帯・DexNav・大量発生で制御,K40,むじんはつでんしょ,DexNav隠し枠／低確率タマゴ,Lv.82～94,通常0%／DexNav 2～5%,ベガ初回殿堂入り後。認定章数でエリアと中間進化枠を段階解禁。,トーホクは本編で使える低～中レベル基礎種、カントーは高レベル個体・中間進化・隠れ特性探索を担当。,ベガ既存11枠を上書きせず、CFRU側の条件付きオーバーレイ／DexNav／大量発生へ登録,P2,エレズンをトーホクで捕獲して進化,かみなりのしま,進化／殿堂入り後DexNavで中間進化が稀に出現,通常野生は基礎種のみ,本編必須フラグを変更せず、外来生態フラグ・時間帯・DexNav・大量発生で制御,エレズンをカントーで捕獲して進化,むじんはつでんしょ,進化／認定章6個以降は中間進化がDexNav希少枠,通常野生は基礎種中心,ベガ初回殿堂入り後。認定章数でエリアと中間進化枠を段階解禁。,通常系統は両地方で基礎種を捕獲可能。トーホクは早期育成、カントーは高レベル・隠れ特性・タマゴ技探索を担当。,V2二地方生態版／541系統配置マスター＋特殊個体イベントマスター
850,ヤクデ,sizzlipede,8,ほのお／むし,447,通常生態,no,no,未収録・追加対象,新IDへ追加,殿堂入り後,サファリゾーン西,ずつき,8～12%,主に基礎形のみ出現。中間・最終進化は原則として育成で入手。時間帯・天候は生態チケットで任意固定可能。,全国研究図鑑へ登録（トーホク386完成条件には含めない）,NATIONAL_EXT_0850（新規16bit ID）,ヤクデ,ヤクデ → マルヤクデ,外来生態レイヤーへ追加,T028,ひのしま,洞窟・屋内オーバーレイ,Lv.30～40／殿堂入り後Lv.55～70,追加抽選3～6%,本編必須フラグを変更せず、外来生態フラグ・時間帯・DexNav・大量発生で制御,K39,ポケモンやしき,洞窟・屋内オーバーレイ,Lv.91～98,通常表8～15%,ベガ初回殿堂入り後。認定章数でエリアと中間進化枠を段階解禁。,トーホクは本編で使える低～中レベル基礎種、カントーは高レベル個体・中間進化・隠れ特性探索を担当。,ベガ既存11枠を上書きせず、CFRU側の条件付きオーバーレイ／DexNav／大量発生へ登録,P2,トーホク野生生態,ひのしま,洞窟・屋内オーバーレイ,追加抽選3～6%,本編必須フラグを変更せず、外来生態フラグ・時間帯・DexNav・大量発生で制御,カントー高レベル野生生態,ポケモンやしき,洞窟・屋内オーバーレイ,通常表8～15%,ベガ初回殿堂入り後。認定章数でエリアと中間進化枠を段階解禁。,通常系統は両地方で基礎種を捕獲可能。トーホクは早期育成、カントーは高レベル・隠れ特性・タマゴ技探索を担当。,V2二地方生態版／541系統配置マスター＋特殊個体イベントマスター
851,マルヤクデ,centiskorch,8,ほのお／むし,447,通常生態,no,no,未収録・追加対象,新IDへ追加（進化入手）,殿堂入り後,サファリゾーン西,進化,―,レベルアップ＋Lv.28以上（CFRU/DPEの対応トリガーを使用。通信・RTC必須にはしない）,全国研究図鑑へ登録（トーホク386完成条件には含めない）,NATIONAL_EXT_0851（新規16bit ID）,ヤクデ,ヤクデ → マルヤクデ,外来生態レイヤーへ追加,T028,ひのしま,洞窟・屋内オーバーレイ,Lv.30～40／殿堂入り後Lv.55～70,追加抽選3～6%,本編必須フラグを変更せず、外来生態フラグ・時間帯・DexNav・大量発生で制御,K39,ポケモンやしき,洞窟・屋内オーバーレイ,Lv.91～98,通常表8～15%,ベガ初回殿堂入り後。認定章数でエリアと中間進化枠を段階解禁。,トーホクは本編で使える低～中レベル基礎種、カントーは高レベル個体・中間進化・隠れ特性探索を担当。,ベガ既存11枠を上書きせず、CFRU側の条件付きオーバーレイ／DexNav／大量発生へ登録,P2,ヤクデをトーホクで捕獲して進化,ひのしま,進化／殿堂入り後DexNavで中間進化が稀に出現,通常野生は基礎種のみ,本編必須フラグを変更せず、外来生態フラグ・時間帯・DexNav・大量発生で制御,ヤクデをカントーで捕獲して進化,ポケモンやしき,進化／認定章6個以降は中間進化がDexNav希少枠,通常野生は基礎種中心,ベガ初回殿堂入り後。認定章数でエリアと中間進化枠を段階解禁。,通常系統は両地方で基礎種を捕獲可能。トーホクは早期育成、カントーは高レベル・隠れ特性・タマゴ技探索を担当。,V2二地方生態版／541系統配置マスター＋特殊個体イベントマスター
852,タタッコ,clobbopus,8,かくとう,448,通常生態,no,no,未収録・追加対象,新IDへ追加,バッジ5～6個,ユキユキやま,時間帯オーバーレイ,8～12%,主に基礎形のみ出現。中間・最終進化は原則として育成で入手。時間帯・天候は生態チケットで任意固定可能。,全国研究図鑑へ登録（トーホク386完成条件には含めない）,NATIONAL_EXT_0852（新規16bit ID）,タタッコ,タタッコ → オトスパス,外来生態レイヤーへ追加,T522,522ばんどうろ／すいどう,草むらオーバーレイ,Lv.47～54,追加抽選3～6%,本編必須フラグを変更せず、外来生態フラグ・時間帯・DexNav・大量発生で制御,K22,22ばんどうろ,草むらオーバーレイ,Lv.90～95,通常表8～15%,ベガ初回殿堂入り後。認定章数でエリアと中間進化枠を段階解禁。,トーホクは本編で使える低～中レベル基礎種、カントーは高レベル個体・中間進化・隠れ特性探索を担当。,ベガ既存11枠を上書きせず、CFRU側の条件付きオーバーレイ／DexNav／大量発生へ登録,P1,トーホク野生生態,522ばんどうろ／すいどう,草むらオーバーレイ,追加抽選3～6%,本編必須フラグを変更せず、外来生態フラグ・時間帯・DexNav・大量発生で制御,カントー高レベル野生生態,22ばんどうろ,草むらオーバーレイ,通常表8～15%,ベガ初回殿堂入り後。認定章数でエリアと中間進化枠を段階解禁。,通常系統は両地方で基礎種を捕獲可能。トーホクは早期育成、カントーは高レベル・隠れ特性・タマゴ技探索を担当。,V2二地方生態版／541系統配置マスター＋特殊個体イベントマスター
853,オトスパス,grapploct,8,かくとう,448,通常生態,no,no,未収録・追加対象,新IDへ追加（進化入手）,バッジ5～6個,ユキユキやま,進化,―,レベルアップ＋ちょうはつを覚えている（CFRU/DPEの対応トリガーを使用。通信・RTC必須にはしない）,全国研究図鑑へ登録（トーホク386完成条件には含めない）,NATIONAL_EXT_0853（新規16bit ID）,タタッコ,タタッコ → オトスパス,外来生態レイヤーへ追加,T522,522ばんどうろ／すいどう,草むらオーバーレイ,Lv.47～54,追加抽選3～6%,本編必須フラグを変更せず、外来生態フラグ・時間帯・DexNav・大量発生で制御,K22,22ばんどうろ,草むらオーバーレイ,Lv.90～95,通常表8～15%,ベガ初回殿堂入り後。認定章数でエリアと中間進化枠を段階解禁。,トーホクは本編で使える低～中レベル基礎種、カントーは高レベル個体・中間進化・隠れ特性探索を担当。,ベガ既存11枠を上書きせず、CFRU側の条件付きオーバーレイ／DexNav／大量発生へ登録,P1,タタッコをトーホクで捕獲して進化,522ばんどうろ／すいどう,進化／殿堂入り後DexNavで中間進化が稀に出現,通常野生は基礎種のみ,本編必須フラグを変更せず、外来生態フラグ・時間帯・DexNav・大量発生で制御,タタッコをカントーで捕獲して進化,22ばんどうろ,進化／認定章6個以降は中間進化がDexNav希少枠,通常野生は基礎種中心,ベガ初回殿堂入り後。認定章数でエリアと中間進化枠を段階解禁。,通常系統は両地方で基礎種を捕獲可能。トーホクは早期育成、カントーは高レベル・隠れ特性・タマゴ技探索を担当。,V2二地方生態版／541系統配置マスター＋特殊個体イベントマスター
854,ヤバチャ,sinistea,8,ゴースト,449,人工・無機物,no,no,未収録・追加対象,新IDへ追加,バッジ5～6個,D・Hビル／D・Hだんアジト,図鑑ナビ隠し枠,通常表0%／ナビ検索時1～5%,主に基礎形のみ出現。中間・最終進化は原則として育成で入手。時間帯・天候は生態チケットで任意固定可能。,全国研究図鑑へ登録（トーホク386完成条件には含めない）,NATIONAL_EXT_0854（新規16bit ID）,ヤバチャ,ヤバチャ → ポットデス,外来生態レイヤーへ追加,T025,こころのやかた,夜間オーバーレイ,Lv.8～13／殿堂入り後Lv.45～48,追加抽選3～6%,本編必須フラグを変更せず、外来生態フラグ・時間帯・DexNav・大量発生で制御,K31,ポケモンタワー,夜間オーバーレイ,Lv.82～90,夜間8～12%,ベガ初回殿堂入り後。認定章数でエリアと中間進化枠を段階解禁。,トーホクは本編で使える低～中レベル基礎種、カントーは高レベル個体・中間進化・隠れ特性探索を担当。,ベガ既存11枠を上書きせず、CFRU側の条件付きオーバーレイ／DexNav／大量発生へ登録,P2,トーホク野生生態,こころのやかた,夜間オーバーレイ,追加抽選3～6%,本編必須フラグを変更せず、外来生態フラグ・時間帯・DexNav・大量発生で制御,カントー高レベル野生生態,ポケモンタワー,夜間オーバーレイ,夜間8～12%,ベガ初回殿堂入り後。認定章数でエリアと中間進化枠を段階解禁。,通常系統は両地方で基礎種を捕獲可能。トーホクは早期育成、カントーは高レベル・隠れ特性・タマゴ技探索を担当。,V2二地方生態版／541系統配置マスター＋特殊個体イベントマスター
855,ポットデス,polteageist,8,ゴースト,449,人工・無機物,no,no,未収録・追加対象,新IDへ追加（進化入手）,バッジ5～6個,D・Hビル／D・Hだんアジト,進化,―,道具使用＋われたポットを使う（CFRU/DPEの対応トリガーを使用。通信・RTC必須にはしない）,全国研究図鑑へ登録（トーホク386完成条件には含めない）,NATIONAL_EXT_0855（新規16bit ID）,ヤバチャ,ヤバチャ → ポットデス,外来生態レイヤーへ追加,T025,こころのやかた,夜間オーバーレイ,Lv.8～13／殿堂入り後Lv.45～48,追加抽選3～6%,本編必須フラグを変更せず、外来生態フラグ・時間帯・DexNav・大量発生で制御,K31,ポケモンタワー,夜間オーバーレイ,Lv.82～90,夜間8～12%,ベガ初回殿堂入り後。認定章数でエリアと中間進化枠を段階解禁。,トーホクは本編で使える低～中レベル基礎種、カントーは高レベル個体・中間進化・隠れ特性探索を担当。,ベガ既存11枠を上書きせず、CFRU側の条件付きオーバーレイ／DexNav／大量発生へ登録,P2,ヤバチャをトーホクで捕獲して進化,こころのやかた,進化／殿堂入り後DexNavで中間進化が稀に出現,通常野生は基礎種のみ,本編必須フラグを変更せず、外来生態フラグ・時間帯・DexNav・大量発生で制御,ヤバチャをカントーで捕獲して進化,ポケモンタワー,進化／認定章6個以降は中間進化がDexNav希少枠,通常野生は基礎種中心,ベガ初回殿堂入り後。認定章数でエリアと中間進化枠を段階解禁。,通常系統は両地方で基礎種を捕獲可能。トーホクは早期育成、カントーは高レベル・隠れ特性・タマゴ技探索を担当。,V2二地方生態版／541系統配置マスター＋特殊個体イベントマスター
856,ミブリム,hatenna,8,エスパー,450,通常生態,no,no,未収録・追加対象,新IDへ追加,殿堂入り後,ニューアイランド,図鑑ナビ隠し枠,通常表0%／ナビ検索時1～5%,主に基礎形のみ出現。中間・最終進化は原則として育成で入手。時間帯・天候は生態チケットで任意固定可能。,全国研究図鑑へ登録（トーホク386完成条件には含めない）,NATIONAL_EXT_0856（新規16bit ID）,ミブリム,ミブリム → テブリム → ブリムオン,外来生態レイヤーへ追加,T025,こころのやかた,洞窟・屋内オーバーレイ,Lv.8～13／殿堂入り後Lv.45～48,追加抽選3～6%,本編必須フラグを変更せず、外来生態フラグ・時間帯・DexNav・大量発生で制御,K41,シルフカンパニー,洞窟・屋内オーバーレイ,Lv.90～97（異常遭遇）,通常表8～15%,ベガ初回殿堂入り後。認定章数でエリアと中間進化枠を段階解禁。,トーホクは本編で使える低～中レベル基礎種、カントーは高レベル個体・中間進化・隠れ特性探索を担当。,ベガ既存11枠を上書きせず、CFRU側の条件付きオーバーレイ／DexNav／大量発生へ登録,P2,トーホク野生生態,こころのやかた,洞窟・屋内オーバーレイ,追加抽選3～6%,本編必須フラグを変更せず、外来生態フラグ・時間帯・DexNav・大量発生で制御,カントー高レベル野生生態,シルフカンパニー,洞窟・屋内オーバーレイ,通常表8～15%,ベガ初回殿堂入り後。認定章数でエリアと中間進化枠を段階解禁。,通常系統は両地方で基礎種を捕獲可能。トーホクは早期育成、カントーは高レベル・隠れ特性・タマゴ技探索を担当。,V2二地方生態版／541系統配置マスター＋特殊個体イベントマスター
857,テブリム,hattrem,8,エスパー,450,通常生態,no,no,未収録・追加対象,新IDへ追加（進化入手）,殿堂入り後,ニューアイランド,進化,―,レベルアップ＋Lv.32以上（CFRU/DPEの対応トリガーを使用。通信・RTC必須にはしない）,全国研究図鑑へ登録（トーホク386完成条件には含めない）,NATIONAL_EXT_0857（新規16bit ID）,ミブリム,ミブリム → テブリム → ブリムオン,外来生態レイヤーへ追加,T025,こころのやかた,洞窟・屋内オーバーレイ,Lv.8～13／殿堂入り後Lv.45～48,追加抽選3～6%,本編必須フラグを変更せず、外来生態フラグ・時間帯・DexNav・大量発生で制御,K41,シルフカンパニー,洞窟・屋内オーバーレイ,Lv.90～97（異常遭遇）,通常表8～15%,ベガ初回殿堂入り後。認定章数でエリアと中間進化枠を段階解禁。,トーホクは本編で使える低～中レベル基礎種、カントーは高レベル個体・中間進化・隠れ特性探索を担当。,ベガ既存11枠を上書きせず、CFRU側の条件付きオーバーレイ／DexNav／大量発生へ登録,P2,ミブリムをトーホクで捕獲して進化,こころのやかた,進化／殿堂入り後DexNavで中間進化が稀に出現,通常野生は基礎種のみ,本編必須フラグを変更せず、外来生態フラグ・時間帯・DexNav・大量発生で制御,ミブリムをカントーで捕獲して進化,シルフカンパニー,進化／認定章6個以降は中間進化がDexNav希少枠,通常野生は基礎種中心,ベガ初回殿堂入り後。認定章数でエリアと中間進化枠を段階解禁。,通常系統は両地方で基礎種を捕獲可能。トーホクは早期育成、カントーは高レベル・隠れ特性・タマゴ技探索を担当。,V2二地方生態版／541系統配置マスター＋特殊個体イベントマスター
858,ブリムオン,hatterene,8,エスパー／フェアリー,450,通常生態,no,no,未収録・追加対象,新IDへ追加（進化入手）,殿堂入り後,ニューアイランド,進化,―,レベルアップ＋Lv.42以上（CFRU/DPEの対応トリガーを使用。通信・RTC必須にはしない）,全国研究図鑑へ登録（トーホク386完成条件には含めない）,NATIONAL_EXT_0858（新規16bit ID）,ミブリム,ミブリム → テブリム → ブリムオン,外来生態レイヤーへ追加,T025,こころのやかた,洞窟・屋内オーバーレイ,Lv.8～13／殿堂入り後Lv.45～48,追加抽選3～6%,本編必須フラグを変更せず、外来生態フラグ・時間帯・DexNav・大量発生で制御,K41,シルフカンパニー,洞窟・屋内オーバーレイ,Lv.90～97（異常遭遇）,通常表8～15%,ベガ初回殿堂入り後。認定章数でエリアと中間進化枠を段階解禁。,トーホクは本編で使える低～中レベル基礎種、カントーは高レベル個体・中間進化・隠れ特性探索を担当。,ベガ既存11枠を上書きせず、CFRU側の条件付きオーバーレイ／DexNav／大量発生へ登録,P2,ミブリムをトーホクで捕獲して進化,こころのやかた,進化／殿堂入り後DexNavで中間進化が稀に出現,通常野生は基礎種のみ,本編必須フラグを変更せず、外来生態フラグ・時間帯・DexNav・大量発生で制御,ミブリムをカントーで捕獲して進化,シルフカンパニー,進化／認定章6個以降は中間進化がDexNav希少枠,通常野生は基礎種中心,ベガ初回殿堂入り後。認定章数でエリアと中間進化枠を段階解禁。,通常系統は両地方で基礎種を捕獲可能。トーホクは早期育成、カントーは高レベル・隠れ特性・タマゴ技探索を担当。,V2二地方生態版／541系統配置マスター＋特殊個体イベントマスター
859,ベロバー,impidimp,8,あく／フェアリー,451,人工・無機物,no,no,未収録・追加対象,新IDへ追加,殿堂入り後,D・H異常生態区画（新規小部屋）,図鑑ナビ隠し枠,通常表0%／ナビ検索時1～5%,主に基礎形のみ出現。中間・最終進化は原則として育成で入手。時間帯・天候は生態チケットで任意固定可能。,全国研究図鑑へ登録（トーホク386完成条件には含めない）,NATIONAL_EXT_0859（新規16bit ID）,ベロバー,ベロバー → ギモー → オーロンゲ,外来生態レイヤーへ追加,T035,D・Hだんアジト,夜間オーバーレイ,Lv.44～57／殿堂入り後Lv.65～80,追加抽選3～6%,本編必須フラグを変更せず、外来生態フラグ・時間帯・DexNav・大量発生で制御,K32,ロケットだんアジト跡,夜間オーバーレイ,Lv.83～91,夜間8～12%,ベガ初回殿堂入り後。認定章数でエリアと中間進化枠を段階解禁。,トーホクは本編で使える低～中レベル基礎種、カントーは高レベル個体・中間進化・隠れ特性探索を担当。,ベガ既存11枠を上書きせず、CFRU側の条件付きオーバーレイ／DexNav／大量発生へ登録,P2,トーホク野生生態,D・Hだんアジト,夜間オーバーレイ,追加抽選3～6%,本編必須フラグを変更せず、外来生態フラグ・時間帯・DexNav・大量発生で制御,カントー高レベル野生生態,ロケットだんアジト跡,夜間オーバーレイ,夜間8～12%,ベガ初回殿堂入り後。認定章数でエリアと中間進化枠を段階解禁。,通常系統は両地方で基礎種を捕獲可能。トーホクは早期育成、カントーは高レベル・隠れ特性・タマゴ技探索を担当。,V2二地方生態版／541系統配置マスター＋特殊個体イベントマスター
860,ギモー,morgrem,8,あく／フェアリー,451,人工・無機物,no,no,未収録・追加対象,新IDへ追加（進化入手）,殿堂入り後,D・H異常生態区画（新規小部屋）,進化,―,レベルアップ＋Lv.32以上（CFRU/DPEの対応トリガーを使用。通信・RTC必須にはしない）,全国研究図鑑へ登録（トーホク386完成条件には含めない）,NATIONAL_EXT_0860（新規16bit ID）,ベロバー,ベロバー → ギモー → オーロンゲ,外来生態レイヤーへ追加,T035,D・Hだんアジト,夜間オーバーレイ,Lv.44～57／殿堂入り後Lv.65～80,追加抽選3～6%,本編必須フラグを変更せず、外来生態フラグ・時間帯・DexNav・大量発生で制御,K32,ロケットだんアジト跡,夜間オーバーレイ,Lv.83～91,夜間8～12%,ベガ初回殿堂入り後。認定章数でエリアと中間進化枠を段階解禁。,トーホクは本編で使える低～中レベル基礎種、カントーは高レベル個体・中間進化・隠れ特性探索を担当。,ベガ既存11枠を上書きせず、CFRU側の条件付きオーバーレイ／DexNav／大量発生へ登録,P2,ベロバーをトーホクで捕獲して進化,D・Hだんアジト,進化／殿堂入り後DexNavで中間進化が稀に出現,通常野生は基礎種のみ,本編必須フラグを変更せず、外来生態フラグ・時間帯・DexNav・大量発生で制御,ベロバーをカントーで捕獲して進化,ロケットだんアジト跡,進化／認定章6個以降は中間進化がDexNav希少枠,通常野生は基礎種中心,ベガ初回殿堂入り後。認定章数でエリアと中間進化枠を段階解禁。,通常系統は両地方で基礎種を捕獲可能。トーホクは早期育成、カントーは高レベル・隠れ特性・タマゴ技探索を担当。,V2二地方生態版／541系統配置マスター＋特殊個体イベントマスター
861,オーロンゲ,grimmsnarl,8,あく／フェアリー,451,人工・無機物,no,no,未収録・追加対象,新IDへ追加（進化入手）,殿堂入り後,D・H異常生態区画（新規小部屋）,進化,―,レベルアップ＋Lv.42以上（CFRU/DPEの対応トリガーを使用。通信・RTC必須にはしない）,全国研究図鑑へ登録（トーホク386完成条件には含めない）,NATIONAL_EXT_0861（新規16bit ID）,ベロバー,ベロバー → ギモー → オーロンゲ,外来生態レイヤーへ追加,T035,D・Hだんアジト,夜間オーバーレイ,Lv.44～57／殿堂入り後Lv.65～80,追加抽選3～6%,本編必須フラグを変更せず、外来生態フラグ・時間帯・DexNav・大量発生で制御,K32,ロケットだんアジト跡,夜間オーバーレイ,Lv.83～91,夜間8～12%,ベガ初回殿堂入り後。認定章数でエリアと中間進化枠を段階解禁。,トーホクは本編で使える低～中レベル基礎種、カントーは高レベル個体・中間進化・隠れ特性探索を担当。,ベガ既存11枠を上書きせず、CFRU側の条件付きオーバーレイ／DexNav／大量発生へ登録,P2,ベロバーをトーホクで捕獲して進化,D・Hだんアジト,進化／殿堂入り後DexNavで中間進化が稀に出現,通常野生は基礎種のみ,本編必須フラグを変更せず、外来生態フラグ・時間帯・DexNav・大量発生で制御,ベロバーをカントーで捕獲して進化,ロケットだんアジト跡,進化／認定章6個以降は中間進化がDexNav希少枠,通常野生は基礎種中心,ベガ初回殿堂入り後。認定章数でエリアと中間進化枠を段階解禁。,通常系統は両地方で基礎種を捕獲可能。トーホクは早期育成、カントーは高レベル・隠れ特性・タマゴ技探索を担当。,V2二地方生態版／541系統配置マスター＋特殊個体イベントマスター
862,タチフサグマ,obstagoon,8,あく／ノーマル,134,通常生態,no,no,未収録・追加対象,新IDへ追加（進化入手）,殿堂入り後,こころのやかた,進化,―,レベルアップ＋Lv.35以上＋夜（CFRU/DPEの対応トリガーを使用。通信・RTC必須にはしない）,全国研究図鑑へ登録（トーホク386完成条件には含めない）,NATIONAL_EXT_0862（新規16bit ID）,ジグザグマ,ジグザグマ → マッスグマ → タチフサグマ,外来生態レイヤーへ追加,T506,506ばんどうろ／すいどう,夜間オーバーレイ,Lv.12～17,追加抽選3～6%,本編必須フラグを変更せず、外来生態フラグ・時間帯・DexNav・大量発生で制御,K16,16ばんどうろ,夜間オーバーレイ,Lv.81～86,夜間8～12%,ベガ初回殿堂入り後。認定章数でエリアと中間進化枠を段階解禁。,トーホクは本編で使える低～中レベル基礎種、カントーは高レベル個体・中間進化・隠れ特性探索を担当。,ベガ既存11枠を上書きせず、CFRU側の条件付きオーバーレイ／DexNav／大量発生へ登録,P2,ジグザグマをトーホクで捕獲して進化,506ばんどうろ／すいどう,進化／殿堂入り後DexNavで中間進化が稀に出現,通常野生は基礎種のみ,本編必須フラグを変更せず、外来生態フラグ・時間帯・DexNav・大量発生で制御,ジグザグマをカントーで捕獲して進化,16ばんどうろ,進化／認定章6個以降は中間進化がDexNav希少枠,通常野生は基礎種中心,ベガ初回殿堂入り後。認定章数でエリアと中間進化枠を段階解禁。,通常系統は両地方で基礎種を捕獲可能。トーホクは早期育成、カントーは高レベル・隠れ特性・タマゴ技探索を担当。,V2二地方生態版／541系統配置マスター＋特殊個体イベントマスター
863,ニャイキング,perrserker,8,はがね,22,通常生態,no,no,未収録・追加対象,新IDへ追加（進化入手）,殿堂入り後,全国生態保護区（サファリ増設区画）,進化,―,レベルアップ＋Lv.28以上（CFRU/DPEの対応トリガーを使用。通信・RTC必須にはしない）,全国研究図鑑へ登録（トーホク386完成条件には含めない）,NATIONAL_EXT_0863（新規16bit ID）,ニャース,ニャース → ペルシアン → ニャイキング,外来生態レイヤーへ追加,T506,506ばんどうろ／すいどう,大量発生,Lv.12～17,通常0%／発生中20～35%,本編必須フラグを変更せず、外来生態フラグ・時間帯・DexNav・大量発生で制御,K05,5ばんどうろ,草むらオーバーレイ,Lv.74～79,通常表8～15%,ベガ初回殿堂入り後。認定章数でエリアと中間進化枠を段階解禁。,トーホクは本編で使える低～中レベル基礎種、カントーは高レベル個体・中間進化・隠れ特性探索を担当。,ベガ既存11枠を上書きせず、CFRU側の条件付きオーバーレイ／DexNav／大量発生へ登録,P2,ニャースをトーホクで捕獲して進化,506ばんどうろ／すいどう,進化／殿堂入り後DexNavで中間進化が稀に出現,通常野生は基礎種のみ,本編必須フラグを変更せず、外来生態フラグ・時間帯・DexNav・大量発生で制御,ニャースをカントーで捕獲して進化,5ばんどうろ,進化／認定章6個以降は中間進化がDexNav希少枠,通常野生は基礎種中心,ベガ初回殿堂入り後。認定章数でエリアと中間進化枠を段階解禁。,通常系統は両地方で基礎種を捕獲可能。トーホクは早期育成、カントーは高レベル・隠れ特性・タマゴ技探索を担当。,V2二地方生態版／541系統配置マスター＋特殊個体イベントマスター
864,サニゴーン,cursola,8,ゴースト,113,通常生態,no,no,未収録・追加対象,新IDへ追加（進化入手）,殿堂入り後,サファリゾーン北,進化,―,レベルアップ＋Lv.38以上（CFRU/DPEの対応トリガーを使用。通信・RTC必須にはしない）,全国研究図鑑へ登録（トーホク386完成条件には含めない）,NATIONAL_EXT_0864（新規16bit ID）,サニーゴ,サニーゴ → サニゴーン,外来生態レイヤーへ追加,T509,509ばんどうろ／すいどう,釣りオーバーレイ,Lv.21～27,追加抽選6～10%,T-E04完了＋いいつりざお,K21,21ばんどうろ,釣りオーバーレイ,Lv.89～94,通常表10～20%,ベガ初回殿堂入り後。認定章数でエリアと中間進化枠を段階解禁。,トーホクは本編で使える低～中レベル基礎種、カントーは高レベル個体・中間進化・隠れ特性探索を担当。,ベガ既存11枠を上書きせず、CFRU側の条件付きオーバーレイ／DexNav／大量発生へ登録,P2,サニーゴをトーホクで捕獲して進化,509ばんどうろ／すいどう,進化／殿堂入り後DexNavで中間進化が稀に出現,通常野生は基礎種のみ,T-E04完了＋いいつりざお,サニーゴをカントーで捕獲して進化,21ばんどうろ,進化／認定章6個以降は中間進化がDexNav希少枠,通常野生は基礎種中心,ベガ初回殿堂入り後。認定章数でエリアと中間進化枠を段階解禁。,通常系統は両地方で基礎種を捕獲可能。トーホクは早期育成、カントーは高レベル・隠れ特性・タマゴ技探索を担当。,V2二地方生態版／541系統配置マスター＋特殊個体イベントマスター
865,ネギガナイト,sirfetchd,8,かくとう,35,通常生態,no,no,未収録・追加対象,新IDへ追加（進化入手）,バッジ4個以降,既存個体・育て屋・進化アイテム,進化,―,1回の戦闘で急所3回をCFRUカウンタで判定。未対応時は「れんげきのあかし」使用。,全国研究図鑑へ登録（トーホク386完成条件には含めない）,NATIONAL_EXT_0865（新規16bit ID）,カモネギ,カモネギ → ネギガナイト,既存系統の拡張,T522,522ばんどうろ／すいどう,既存個体から追加進化＋ずつき／朝昼オーバーレイ,Lv.47～54,基礎種は既存／進化道具・技条件,ベガ内の既存種を入口にし、未収録の前進化・分岐・追加進化だけを追加。重複する野生個体は作らない。,K12,12ばんどうろ,草むらオーバーレイ＋追加進化道具,Lv.82～87,通常表8～15%,ベガ初回殿堂入り後。認定章数でエリアと中間進化枠を段階解禁。,トーホクの既存個体を無駄にせず追加進化可能。カントーは進化道具と高レベル素材の供給地。,既存種族IDを固定し、進化先だけ新IDへ接続,P1,カモネギ系を入手して進化,522ばんどうろ／すいどう,追加進化,野生追加なし,ベガ内の既存種を入口にし、未収録の前進化・分岐・追加進化だけを追加。重複する野生個体は作らない。,カモネギをカントーで捕獲して進化,12ばんどうろ,進化／認定章6個以降は中間進化がDexNav希少枠,通常野生は基礎種中心,ベガ初回殿堂入り後。認定章数でエリアと中間進化枠を段階解禁。,通常系統は両地方で基礎種を捕獲可能。トーホクは早期育成、カントーは高レベル・隠れ特性・タマゴ技探索を担当。,V2二地方生態版／541系統配置マスター＋特殊個体イベントマスター
866,バリコオル,mr-rime,8,こおり／エスパー,57,ベビィ含有,no,no,未収録・追加対象,新IDへ追加（進化入手）,殿堂入り後,ユキユキやま,進化,―,レベルアップ＋Lv.42以上（CFRU/DPEの対応トリガーを使用。通信・RTC必須にはしない）,全国研究図鑑へ登録（トーホク386完成条件には含めない）,NATIONAL_EXT_0866（新規16bit ID）,マネネ,マネネ → バリヤード → バリコオル,外来生態レイヤーへ追加,T513,513ばんどうろ／すいどう,DexNav隠し枠／低確率タマゴ,Lv.28～35,通常0%／DexNav 2～5%,本編必須フラグを変更せず、外来生態フラグ・時間帯・DexNav・大量発生で制御,K41,シルフカンパニー,DexNav隠し枠／低確率タマゴ,Lv.90～97（異常遭遇）,通常0%／DexNav 2～5%,ベガ初回殿堂入り後。認定章数でエリアと中間進化枠を段階解禁。,トーホクは本編で使える低～中レベル基礎種、カントーは高レベル個体・中間進化・隠れ特性探索を担当。,ベガ既存11枠を上書きせず、CFRU側の条件付きオーバーレイ／DexNav／大量発生へ登録,P2,マネネをトーホクで捕獲して進化,513ばんどうろ／すいどう,進化／殿堂入り後DexNavで中間進化が稀に出現,通常野生は基礎種のみ,本編必須フラグを変更せず、外来生態フラグ・時間帯・DexNav・大量発生で制御,マネネをカントーで捕獲して進化,シルフカンパニー,進化／認定章6個以降は中間進化がDexNav希少枠,通常野生は基礎種中心,ベガ初回殿堂入り後。認定章数でエリアと中間進化枠を段階解禁。,通常系統は両地方で基礎種を捕獲可能。トーホクは早期育成、カントーは高レベル・隠れ特性・タマゴ技探索を担当。,V2二地方生態版／541系統配置マスター＋特殊個体イベントマスター
867,デスバーン,runerigus,8,じめん／ゴースト,287,通常生態,no,no,未収録・追加対象,新IDへ追加（進化入手）,殿堂入り後,全国生態保護区（サファリ増設区画）,進化,―,指定ダメージを受けた状態で対象地点を通過。未対応時は「われたせきばん」を使用。,全国研究図鑑へ登録（トーホク386完成条件には含めない）,NATIONAL_EXT_0867（新規16bit ID）,デスマス,デスマス → デスカーン → デスバーン,外来生態レイヤーへ追加,T515,515ばんどうろ／すいどう,夜間オーバーレイ,Lv.33～40,追加抽選3～6%,本編必須フラグを変更せず、外来生態フラグ・時間帯・DexNav・大量発生で制御,K31,ポケモンタワー,夜間オーバーレイ,Lv.82～90,夜間8～12%,ベガ初回殿堂入り後。認定章数でエリアと中間進化枠を段階解禁。,トーホクは本編で使える低～中レベル基礎種、カントーは高レベル個体・中間進化・隠れ特性探索を担当。,ベガ既存11枠を上書きせず、CFRU側の条件付きオーバーレイ／DexNav／大量発生へ登録,P2,デスマスをトーホクで捕獲して進化,515ばんどうろ／すいどう,進化／殿堂入り後DexNavで中間進化が稀に出現,通常野生は基礎種のみ,本編必須フラグを変更せず、外来生態フラグ・時間帯・DexNav・大量発生で制御,デスマスをカントーで捕獲して進化,ポケモンタワー,進化／認定章6個以降は中間進化がDexNav希少枠,通常野生は基礎種中心,ベガ初回殿堂入り後。認定章数でエリアと中間進化枠を段階解禁。,通常系統は両地方で基礎種を捕獲可能。トーホクは早期育成、カントーは高レベル・隠れ特性・タマゴ技探索を担当。,V2二地方生態版／541系統配置マスター＋特殊個体イベントマスター
868,マホミル,milcery,8,フェアリー,452,通常生態,no,no,未収録・追加対象,新IDへ追加,殿堂入り後,スフィアいせき,時間帯オーバーレイ,8～12%,主に基礎形のみ出現。中間・最終進化は原則として育成で入手。時間帯・天候は生態チケットで任意固定可能。,全国研究図鑑へ登録（トーホク386完成条件には含めない）,NATIONAL_EXT_0868（新規16bit ID）,マホミル,マホミル → マホイップ,外来生態レイヤーへ追加,T519,519ばんどうろ／すいどう,草むらオーバーレイ,Lv.41～48,追加抽選3～6%,本編必須フラグを変更せず、外来生態フラグ・時間帯・DexNav・大量発生で制御,K33,タマムシ温室,草むらオーバーレイ,Lv.82～90,通常表8～15%,ベガ初回殿堂入り後。認定章数でエリアと中間進化枠を段階解禁。,トーホクは本編で使える低～中レベル基礎種、カントーは高レベル個体・中間進化・隠れ特性探索を担当。,ベガ既存11枠を上書きせず、CFRU側の条件付きオーバーレイ／DexNav／大量発生へ登録,P2,トーホク野生生態,519ばんどうろ／すいどう,草むらオーバーレイ,追加抽選3～6%,本編必須フラグを変更せず、外来生態フラグ・時間帯・DexNav・大量発生で制御,カントー高レベル野生生態,タマムシ温室,草むらオーバーレイ,通常表8～15%,ベガ初回殿堂入り後。認定章数でエリアと中間進化枠を段階解禁。,通常系統は両地方で基礎種を捕獲可能。トーホクは早期育成、カントーは高レベル・隠れ特性・タマゴ技探索を担当。,V2二地方生態版／541系統配置マスター＋特殊個体イベントマスター
869,マホイップ,alcremie,8,フェアリー,452,通常生態,no,no,未収録・追加対象,新IDへ追加（進化入手）,殿堂入り後,スフィアいせき,進化,―,アメざいを持たせ、ミルシティのスイーツ職人に話す。時間・回転方向で姿を選択。,全国研究図鑑へ登録（トーホク386完成条件には含めない）,NATIONAL_EXT_0869（新規16bit ID）,マホミル,マホミル → マホイップ,外来生態レイヤーへ追加,T519,519ばんどうろ／すいどう,草むらオーバーレイ,Lv.41～48,追加抽選3～6%,本編必須フラグを変更せず、外来生態フラグ・時間帯・DexNav・大量発生で制御,K33,タマムシ温室,草むらオーバーレイ,Lv.82～90,通常表8～15%,ベガ初回殿堂入り後。認定章数でエリアと中間進化枠を段階解禁。,トーホクは本編で使える低～中レベル基礎種、カントーは高レベル個体・中間進化・隠れ特性探索を担当。,ベガ既存11枠を上書きせず、CFRU側の条件付きオーバーレイ／DexNav／大量発生へ登録,P2,マホミルをトーホクで捕獲して進化,519ばんどうろ／すいどう,進化／殿堂入り後DexNavで中間進化が稀に出現,通常野生は基礎種のみ,本編必須フラグを変更せず、外来生態フラグ・時間帯・DexNav・大量発生で制御,マホミルをカントーで捕獲して進化,タマムシ温室,進化／認定章6個以降は中間進化がDexNav希少枠,通常野生は基礎種中心,ベガ初回殿堂入り後。認定章数でエリアと中間進化枠を段階解禁。,通常系統は両地方で基礎種を捕獲可能。トーホクは早期育成、カントーは高レベル・隠れ特性・タマゴ技探索を担当。,V2二地方生態版／541系統配置マスター＋特殊個体イベントマスター
870,タイレーツ,falinks,8,かくとう,453,人工・無機物,no,no,未収録・追加対象,新IDへ追加,バッジ7～8個,D・Hビル／D・Hだんアジト,図鑑ナビ隠し枠,通常表0%／ナビ検索時1～5%,主に基礎形のみ出現。中間・最終進化は原則として育成で入手。時間帯・天候は生態チケットで任意固定可能。,全国研究図鑑へ登録（トーホク386完成条件には含めない）,NATIONAL_EXT_0870（新規16bit ID）,タイレーツ,タイレーツ,外来生態レイヤーへ追加,T042,チャンピオンロード,屋内異常遭遇／DexNav,Lv.58～66／殿堂入り後Lv.70～88,通常0%／DexNav 2～5%,本編必須フラグを変更せず、外来生態フラグ・時間帯・DexNav・大量発生で制御,K42,チャンピオンロード,屋内異常遭遇／DexNav,Lv.94～100,通常0%／DexNav 2～5%,ベガ初回殿堂入り後。認定章数でエリアと中間進化枠を段階解禁。,トーホクは本編で使える低～中レベル基礎種、カントーは高レベル個体・中間進化・隠れ特性探索を担当。,ベガ既存11枠を上書きせず、CFRU側の条件付きオーバーレイ／DexNav／大量発生へ登録,P2,トーホク野生生態,チャンピオンロード,屋内異常遭遇／DexNav,通常0%／DexNav 2～5%,本編必須フラグを変更せず、外来生態フラグ・時間帯・DexNav・大量発生で制御,カントー高レベル野生生態,チャンピオンロード,屋内異常遭遇／DexNav,通常0%／DexNav 2～5%,ベガ初回殿堂入り後。認定章数でエリアと中間進化枠を段階解禁。,通常系統は両地方で基礎種を捕獲可能。トーホクは早期育成、カントーは高レベル・隠れ特性・タマゴ技探索を担当。,V2二地方生態版／541系統配置マスター＋特殊個体イベントマスター
871,バチンウニ,pincurchin,8,でんき,454,通常生態,no,no,未収録・追加対象,新IDへ追加,バッジ5～6個,517～520ばんどうろ,大量発生,発生中20～40%,主に基礎形のみ出現。中間・最終進化は原則として育成で入手。時間帯・天候は生態チケットで任意固定可能。,全国研究図鑑へ登録（トーホク386完成条件には含めない）,NATIONAL_EXT_0871（新規16bit ID）,バチンウニ,バチンウニ,外来生態レイヤーへ追加,T512,512ばんどうろ／すいどう,草むらオーバーレイ,Lv.27～33,追加抽選3～6%,本編必須フラグを変更せず、外来生態フラグ・時間帯・DexNav・大量発生で制御,K20,20ばんどうろ,草むらオーバーレイ,Lv.88～93,通常表8～15%,ベガ初回殿堂入り後。認定章数でエリアと中間進化枠を段階解禁。,トーホクは本編で使える低～中レベル基礎種、カントーは高レベル個体・中間進化・隠れ特性探索を担当。,ベガ既存11枠を上書きせず、CFRU側の条件付きオーバーレイ／DexNav／大量発生へ登録,P1,トーホク野生生態,512ばんどうろ／すいどう,草むらオーバーレイ,追加抽選3～6%,本編必須フラグを変更せず、外来生態フラグ・時間帯・DexNav・大量発生で制御,カントー高レベル野生生態,20ばんどうろ,草むらオーバーレイ,通常表8～15%,ベガ初回殿堂入り後。認定章数でエリアと中間進化枠を段階解禁。,通常系統は両地方で基礎種を捕獲可能。トーホクは早期育成、カントーは高レベル・隠れ特性・タマゴ技探索を担当。,V2二地方生態版／541系統配置マスター＋特殊個体イベントマスター
872,ユキハミ,snom,8,こおり／むし,455,通常生態,no,no,未収録・追加対象,新IDへ追加,バッジ3～4個,こおりのしま,大量発生,発生中20～40%,主に基礎形のみ出現。中間・最終進化は原則として育成で入手。時間帯・天候は生態チケットで任意固定可能。,全国研究図鑑へ登録（トーホク386完成条件には含めない）,NATIONAL_EXT_0872（新規16bit ID）,ユキハミ,ユキハミ → モスノウ,外来生態レイヤーへ追加,T030,こおりのしま,洞窟・屋内オーバーレイ,Lv.30～40／殿堂入り後Lv.55～70,追加抽選3～6%,本編必須フラグを変更せず、外来生態フラグ・時間帯・DexNav・大量発生で制御,K38,ふたごじま,洞窟・屋内オーバーレイ,Lv.88～96,通常表8～15%,ベガ初回殿堂入り後。認定章数でエリアと中間進化枠を段階解禁。,トーホクは本編で使える低～中レベル基礎種、カントーは高レベル個体・中間進化・隠れ特性探索を担当。,ベガ既存11枠を上書きせず、CFRU側の条件付きオーバーレイ／DexNav／大量発生へ登録,P1,トーホク野生生態,こおりのしま,洞窟・屋内オーバーレイ,追加抽選3～6%,本編必須フラグを変更せず、外来生態フラグ・時間帯・DexNav・大量発生で制御,カントー高レベル野生生態,ふたごじま,洞窟・屋内オーバーレイ,通常表8～15%,ベガ初回殿堂入り後。認定章数でエリアと中間進化枠を段階解禁。,通常系統は両地方で基礎種を捕獲可能。トーホクは早期育成、カントーは高レベル・隠れ特性・タマゴ技探索を担当。,V2二地方生態版／541系統配置マスター＋特殊個体イベントマスター
873,モスノウ,frosmoth,8,こおり／むし,455,通常生態,no,no,未収録・追加対象,新IDへ追加（進化入手）,バッジ3～4個,こおりのしま,進化,―,レベルアップ＋夜＋なつき度160以上（CFRU/DPEの対応トリガーを使用。通信・RTC必須にはしない）,全国研究図鑑へ登録（トーホク386完成条件には含めない）,NATIONAL_EXT_0873（新規16bit ID）,ユキハミ,ユキハミ → モスノウ,外来生態レイヤーへ追加,T030,こおりのしま,洞窟・屋内オーバーレイ,Lv.30～40／殿堂入り後Lv.55～70,追加抽選3～6%,本編必須フラグを変更せず、外来生態フラグ・時間帯・DexNav・大量発生で制御,K38,ふたごじま,洞窟・屋内オーバーレイ,Lv.88～96,通常表8～15%,ベガ初回殿堂入り後。認定章数でエリアと中間進化枠を段階解禁。,トーホクは本編で使える低～中レベル基礎種、カントーは高レベル個体・中間進化・隠れ特性探索を担当。,ベガ既存11枠を上書きせず、CFRU側の条件付きオーバーレイ／DexNav／大量発生へ登録,P1,ユキハミをトーホクで捕獲して進化,こおりのしま,進化／殿堂入り後DexNavで中間進化が稀に出現,通常野生は基礎種のみ,本編必須フラグを変更せず、外来生態フラグ・時間帯・DexNav・大量発生で制御,ユキハミをカントーで捕獲して進化,ふたごじま,進化／認定章6個以降は中間進化がDexNav希少枠,通常野生は基礎種中心,ベガ初回殿堂入り後。認定章数でエリアと中間進化枠を段階解禁。,通常系統は両地方で基礎種を捕獲可能。トーホクは早期育成、カントーは高レベル・隠れ特性・タマゴ技探索を担当。,V2二地方生態版／541系統配置マスター＋特殊個体イベントマスター
874,イシヘンジン,stonjourner,8,いわ,456,人工・無機物,no,no,未収録・追加対象,新IDへ追加,バッジ1～2個,504～506ばんどうろ,図鑑ナビ隠し枠,通常表0%／ナビ検索時1～5%,主に基礎形のみ出現。中間・最終進化は原則として育成で入手。時間帯・天候は生態チケットで任意固定可能。,全国研究図鑑へ登録（トーホク386完成条件には含めない）,NATIONAL_EXT_0874（新規16bit ID）,イシヘンジン,イシヘンジン,外来生態レイヤーへ追加,T521,521ばんどうろ／すいどう,いわくだき／DexNav,Lv.45～52,通常0%／DexNav 2～5%,本編必須フラグを変更せず、外来生態フラグ・時間帯・DexNav・大量発生で制御,K37,サファリゾーン西,いわくだき／DexNav,Lv.85～94,通常0%／DexNav 2～5%,ベガ初回殿堂入り後。認定章数でエリアと中間進化枠を段階解禁。,トーホクは本編で使える低～中レベル基礎種、カントーは高レベル個体・中間進化・隠れ特性探索を担当。,ベガ既存11枠を上書きせず、CFRU側の条件付きオーバーレイ／DexNav／大量発生へ登録,P2,トーホク野生生態,521ばんどうろ／すいどう,いわくだき／DexNav,通常0%／DexNav 2～5%,本編必須フラグを変更せず、外来生態フラグ・時間帯・DexNav・大量発生で制御,カントー高レベル野生生態,サファリゾーン西,いわくだき／DexNav,通常0%／DexNav 2～5%,ベガ初回殿堂入り後。認定章数でエリアと中間進化枠を段階解禁。,通常系統は両地方で基礎種を捕獲可能。トーホクは早期育成、カントーは高レベル・隠れ特性・タマゴ技探索を担当。,V2二地方生態版／541系統配置マスター＋特殊個体イベントマスター
875,コオリッポ,eiscue,8,こおり,457,通常生態,no,no,未収録・追加対象,新IDへ追加,殿堂入り後,514～516ばんどうろ,時間帯オーバーレイ,4～5%,主に基礎形のみ出現。中間・最終進化は原則として育成で入手。時間帯・天候は生態チケットで任意固定可能。,全国研究図鑑へ登録（トーホク386完成条件には含めない）,NATIONAL_EXT_0875（新規16bit ID）,コオリッポ,コオリッポ,外来生態レイヤーへ追加,T030,こおりのしま,洞窟・屋内オーバーレイ,Lv.30～40／殿堂入り後Lv.55～70,追加抽選3～6%,本編必須フラグを変更せず、外来生態フラグ・時間帯・DexNav・大量発生で制御,K38,ふたごじま,洞窟・屋内オーバーレイ,Lv.88～96,通常表8～15%,ベガ初回殿堂入り後。認定章数でエリアと中間進化枠を段階解禁。,トーホクは本編で使える低～中レベル基礎種、カントーは高レベル個体・中間進化・隠れ特性探索を担当。,ベガ既存11枠を上書きせず、CFRU側の条件付きオーバーレイ／DexNav／大量発生へ登録,P2,トーホク野生生態,こおりのしま,洞窟・屋内オーバーレイ,追加抽選3～6%,本編必須フラグを変更せず、外来生態フラグ・時間帯・DexNav・大量発生で制御,カントー高レベル野生生態,ふたごじま,洞窟・屋内オーバーレイ,通常表8～15%,ベガ初回殿堂入り後。認定章数でエリアと中間進化枠を段階解禁。,通常系統は両地方で基礎種を捕獲可能。トーホクは早期育成、カントーは高レベル・隠れ特性・タマゴ技探索を担当。,V2二地方生態版／541系統配置マスター＋特殊個体イベントマスター
876,イエッサン,indeedee,8,エスパー／ノーマル,458,通常生態,no,no,未収録・追加対象,新IDへ追加,バッジ5～6個,ときのようかん,図鑑ナビ隠し枠,通常表0%／ナビ検索時1～5%,主に基礎形のみ出現。中間・最終進化は原則として育成で入手。時間帯・天候は生態チケットで任意固定可能。,全国研究図鑑へ登録（トーホク386完成条件には含めない）,NATIONAL_EXT_0876（新規16bit ID）,イエッサン,イエッサン,外来生態レイヤーへ追加,T519,519ばんどうろ／すいどう,草むらオーバーレイ,Lv.41～48,追加抽選3～6%,本編必須フラグを変更せず、外来生態フラグ・時間帯・DexNav・大量発生で制御,K41,シルフカンパニー,洞窟・屋内オーバーレイ,Lv.90～97（異常遭遇）,通常表8～15%,ベガ初回殿堂入り後。認定章数でエリアと中間進化枠を段階解禁。,トーホクは本編で使える低～中レベル基礎種、カントーは高レベル個体・中間進化・隠れ特性探索を担当。,ベガ既存11枠を上書きせず、CFRU側の条件付きオーバーレイ／DexNav／大量発生へ登録,P1,トーホク野生生態,519ばんどうろ／すいどう,草むらオーバーレイ,追加抽選3～6%,本編必須フラグを変更せず、外来生態フラグ・時間帯・DexNav・大量発生で制御,カントー高レベル野生生態,シルフカンパニー,洞窟・屋内オーバーレイ,通常表8～15%,ベガ初回殿堂入り後。認定章数でエリアと中間進化枠を段階解禁。,通常系統は両地方で基礎種を捕獲可能。トーホクは早期育成、カントーは高レベル・隠れ特性・タマゴ技探索を担当。,V2二地方生態版／541系統配置マスター＋特殊個体イベントマスター
877,モルペコ,morpeko,8,でんき／あく,459,人工・無機物,no,no,未収録・追加対象,新IDへ追加,バッジ7～8個,D・Hビル／D・Hだんアジト,図鑑ナビ隠し枠,通常表0%／ナビ検索時1～5%,主に基礎形のみ出現。中間・最終進化は原則として育成で入手。時間帯・天候は生態チケットで任意固定可能。,全国研究図鑑へ登録（トーホク386完成条件には含めない）,NATIONAL_EXT_0877（新規16bit ID）,モルペコ,モルペコ,外来生態レイヤーへ追加,T515,515ばんどうろ／すいどう,夜間オーバーレイ,Lv.33～40,追加抽選3～6%,本編必須フラグを変更せず、外来生態フラグ・時間帯・DexNav・大量発生で制御,K07,7ばんどうろ,夜間オーバーレイ,Lv.78～83,夜間8～12%,ベガ初回殿堂入り後。認定章数でエリアと中間進化枠を段階解禁。,トーホクは本編で使える低～中レベル基礎種、カントーは高レベル個体・中間進化・隠れ特性探索を担当。,ベガ既存11枠を上書きせず、CFRU側の条件付きオーバーレイ／DexNav／大量発生へ登録,P2,トーホク野生生態,515ばんどうろ／すいどう,夜間オーバーレイ,追加抽選3～6%,本編必須フラグを変更せず、外来生態フラグ・時間帯・DexNav・大量発生で制御,カントー高レベル野生生態,7ばんどうろ,夜間オーバーレイ,夜間8～12%,ベガ初回殿堂入り後。認定章数でエリアと中間進化枠を段階解禁。,通常系統は両地方で基礎種を捕獲可能。トーホクは早期育成、カントーは高レベル・隠れ特性・タマゴ技探索を担当。,V2二地方生態版／541系統配置マスター＋特殊個体イベントマスター
878,ゾウドウ,cufant,8,はがね,460,通常生態,no,no,未収録・追加対象,新IDへ追加,殿堂入り後,517～520ばんどうろ,大量発生,発生中20～40%,主に基礎形のみ出現。中間・最終進化は原則として育成で入手。時間帯・天候は生態チケットで任意固定可能。,全国研究図鑑へ登録（トーホク386完成条件には含めない）,NATIONAL_EXT_0878（新規16bit ID）,ゾウドウ,ゾウドウ → ダイオウドウ,外来生態レイヤーへ追加,T037,サファリゾーン西,いわくだき／DexNav,Lv.38～48／殿堂入り後Lv.55～70,通常0%／DexNav 2～5%,本編必須フラグを変更せず、外来生態フラグ・時間帯・DexNav・大量発生で制御,K37,サファリゾーン西,いわくだき／DexNav,Lv.85～94,通常0%／DexNav 2～5%,ベガ初回殿堂入り後。認定章数でエリアと中間進化枠を段階解禁。,トーホクは本編で使える低～中レベル基礎種、カントーは高レベル個体・中間進化・隠れ特性探索を担当。,ベガ既存11枠を上書きせず、CFRU側の条件付きオーバーレイ／DexNav／大量発生へ登録,P2,トーホク野生生態,サファリゾーン西,いわくだき／DexNav,通常0%／DexNav 2～5%,本編必須フラグを変更せず、外来生態フラグ・時間帯・DexNav・大量発生で制御,カントー高レベル野生生態,サファリゾーン西,いわくだき／DexNav,通常0%／DexNav 2～5%,ベガ初回殿堂入り後。認定章数でエリアと中間進化枠を段階解禁。,通常系統は両地方で基礎種を捕獲可能。トーホクは早期育成、カントーは高レベル・隠れ特性・タマゴ技探索を担当。,V2二地方生態版／541系統配置マスター＋特殊個体イベントマスター
879,ダイオウドウ,copperajah,8,はがね,460,通常生態,no,no,未収録・追加対象,新IDへ追加（進化入手）,殿堂入り後,517～520ばんどうろ,進化,―,レベルアップ＋Lv.34以上（CFRU/DPEの対応トリガーを使用。通信・RTC必須にはしない）,全国研究図鑑へ登録（トーホク386完成条件には含めない）,NATIONAL_EXT_0879（新規16bit ID）,ゾウドウ,ゾウドウ → ダイオウドウ,外来生態レイヤーへ追加,T037,サファリゾーン西,いわくだき／DexNav,Lv.38～48／殿堂入り後Lv.55～70,通常0%／DexNav 2～5%,本編必須フラグを変更せず、外来生態フラグ・時間帯・DexNav・大量発生で制御,K37,サファリゾーン西,いわくだき／DexNav,Lv.85～94,通常0%／DexNav 2～5%,ベガ初回殿堂入り後。認定章数でエリアと中間進化枠を段階解禁。,トーホクは本編で使える低～中レベル基礎種、カントーは高レベル個体・中間進化・隠れ特性探索を担当。,ベガ既存11枠を上書きせず、CFRU側の条件付きオーバーレイ／DexNav／大量発生へ登録,P2,ゾウドウをトーホクで捕獲して進化,サファリゾーン西,進化／殿堂入り後DexNavで中間進化が稀に出現,通常野生は基礎種のみ,本編必須フラグを変更せず、外来生態フラグ・時間帯・DexNav・大量発生で制御,ゾウドウをカントーで捕獲して進化,サファリゾーン西,進化／認定章6個以降は中間進化がDexNav希少枠,通常野生は基礎種中心,ベガ初回殿堂入り後。認定章数でエリアと中間進化枠を段階解禁。,通常系統は両地方で基礎種を捕獲可能。トーホクは早期育成、カントーは高レベル・隠れ特性・タマゴ技探索を担当。,V2二地方生態版／541系統配置マスター＋特殊個体イベントマスター
880,パッチラゴン,dracozolt,8,でんき／ドラゴン,461,化石,no,no,未収録・追加対象,新IDへ追加,殿堂入り（一部化石はバッジ5個）,ヒスイシティ考古学室（NPC追加）,化石・復元部品を納品,―,化石はちえのどうくつ／いわくだき／採掘依頼で反復入手。ガラル化石は2部品合成。,全国研究図鑑へ登録（トーホク386完成条件には含めない）,NATIONAL_EXT_0880（新規16bit ID）,パッチラゴン,パッチラゴン,化石復元追加,T_FOSSIL,ヒスイシティ考古学室,発掘片2個を納品して復元,Lv.20,反復採掘可,化石はちえのどうくつ／いわくだき／採掘依頼で反復入手。ガラル化石は2部品合成。,K45,グレン研究所,博物館鑑定後に復元,Lv.30,月石片／火山灰を消費して反復可,ベガ初回殿堂入り後。認定章数でエリアと中間進化枠を段階解禁。,トーホクは早期の復元、カントーは高個体値・隠れ特性の再復元を担当。,通常野生表には入れない,P2,ヒスイ考古学室で化石復元,ヒスイシティ考古学室,化石復元,各化石は探索・BPで再入手,化石はちえのどうくつ／いわくだき／採掘依頼で反復入手。ガラル化石は2部品合成。,ニビ博物館／グレン研究所で復元,グレン研究所,化石復元,認定章数に応じて化石追加,ベガ初回殿堂入り後。認定章数でエリアと中間進化枠を段階解禁。,通常系統は両地方で基礎種を捕獲可能。トーホクは早期育成、カントーは高レベル・隠れ特性・タマゴ技探索を担当。,V2二地方生態版／541系統配置マスター＋特殊個体イベントマスター
881,パッチルドン,arctozolt,8,でんき／こおり,462,化石,no,no,未収録・追加対象,新IDへ追加,殿堂入り（一部化石はバッジ5個）,ヒスイシティ考古学室（NPC追加）,化石・復元部品を納品,―,化石はちえのどうくつ／いわくだき／採掘依頼で反復入手。ガラル化石は2部品合成。,全国研究図鑑へ登録（トーホク386完成条件には含めない）,NATIONAL_EXT_0881（新規16bit ID）,パッチルドン,パッチルドン,化石復元追加,T_FOSSIL,ヒスイシティ考古学室,発掘片2個を納品して復元,Lv.20,反復採掘可,化石はちえのどうくつ／いわくだき／採掘依頼で反復入手。ガラル化石は2部品合成。,K44,ニビ博物館・化石研究室,博物館鑑定後に復元,Lv.30,月石片／火山灰を消費して反復可,ベガ初回殿堂入り後。認定章数でエリアと中間進化枠を段階解禁。,トーホクは早期の復元、カントーは高個体値・隠れ特性の再復元を担当。,通常野生表には入れない,P2,ヒスイ考古学室で化石復元,ヒスイシティ考古学室,化石復元,各化石は探索・BPで再入手,化石はちえのどうくつ／いわくだき／採掘依頼で反復入手。ガラル化石は2部品合成。,ニビ博物館／グレン研究所で復元,ニビ博物館・化石研究室,化石復元,認定章数に応じて化石追加,ベガ初回殿堂入り後。認定章数でエリアと中間進化枠を段階解禁。,通常系統は両地方で基礎種を捕獲可能。トーホクは早期育成、カントーは高レベル・隠れ特性・タマゴ技探索を担当。,V2二地方生態版／541系統配置マスター＋特殊個体イベントマスター
882,ウオノラゴン,dracovish,8,みず／ドラゴン,463,化石,no,no,未収録・追加対象,新IDへ追加,殿堂入り（一部化石はバッジ5個）,ヒスイシティ考古学室（NPC追加）,化石・復元部品を納品,―,化石はちえのどうくつ／いわくだき／採掘依頼で反復入手。ガラル化石は2部品合成。,全国研究図鑑へ登録（トーホク386完成条件には含めない）,NATIONAL_EXT_0882（新規16bit ID）,ウオノラゴン,ウオノラゴン,化石復元追加,T_FOSSIL,ヒスイシティ考古学室,発掘片2個を納品して復元,Lv.20,反復採掘可,化石はちえのどうくつ／いわくだき／採掘依頼で反復入手。ガラル化石は2部品合成。,K44,ニビ博物館・化石研究室,博物館鑑定後に復元,Lv.30,月石片／火山灰を消費して反復可,ベガ初回殿堂入り後。認定章数でエリアと中間進化枠を段階解禁。,トーホクは早期の復元、カントーは高個体値・隠れ特性の再復元を担当。,通常野生表には入れない,P2,ヒスイ考古学室で化石復元,ヒスイシティ考古学室,化石復元,各化石は探索・BPで再入手,化石はちえのどうくつ／いわくだき／採掘依頼で反復入手。ガラル化石は2部品合成。,ニビ博物館／グレン研究所で復元,ニビ博物館・化石研究室,化石復元,認定章数に応じて化石追加,ベガ初回殿堂入り後。認定章数でエリアと中間進化枠を段階解禁。,通常系統は両地方で基礎種を捕獲可能。トーホクは早期育成、カントーは高レベル・隠れ特性・タマゴ技探索を担当。,V2二地方生態版／541系統配置マスター＋特殊個体イベントマスター
883,ウオチルドン,arctovish,8,みず／こおり,464,化石,no,no,未収録・追加対象,新IDへ追加,殿堂入り（一部化石はバッジ5個）,ヒスイシティ考古学室（NPC追加）,化石・復元部品を納品,―,化石はちえのどうくつ／いわくだき／採掘依頼で反復入手。ガラル化石は2部品合成。,全国研究図鑑へ登録（トーホク386完成条件には含めない）,NATIONAL_EXT_0883（新規16bit ID）,ウオチルドン,ウオチルドン,化石復元追加,T_FOSSIL,ヒスイシティ考古学室,発掘片2個を納品して復元,Lv.20,反復採掘可,化石はちえのどうくつ／いわくだき／採掘依頼で反復入手。ガラル化石は2部品合成。,K44,ニビ博物館・化石研究室,博物館鑑定後に復元,Lv.30,月石片／火山灰を消費して反復可,ベガ初回殿堂入り後。認定章数でエリアと中間進化枠を段階解禁。,トーホクは早期の復元、カントーは高個体値・隠れ特性の再復元を担当。,通常野生表には入れない,P2,ヒスイ考古学室で化石復元,ヒスイシティ考古学室,化石復元,各化石は探索・BPで再入手,化石はちえのどうくつ／いわくだき／採掘依頼で反復入手。ガラル化石は2部品合成。,ニビ博物館／グレン研究所で復元,ニビ博物館・化石研究室,化石復元,認定章数に応じて化石追加,ベガ初回殿堂入り後。認定章数でエリアと中間進化枠を段階解禁。,通常系統は両地方で基礎種を捕獲可能。トーホクは早期育成、カントーは高レベル・隠れ特性・タマゴ技探索を担当。,V2二地方生態版／541系統配置マスター＋特殊個体イベントマスター
884,ジュラルドン,duraludon,8,はがね／ドラゴン,465,人工・無機物,no,no,未収録・追加対象,新IDへ追加,殿堂入り後,D・H異常生態区画（新規小部屋）,図鑑ナビ隠し枠,通常表0%／ナビ検索時1～5%,主に基礎形のみ出現。中間・最終進化は原則として育成で入手。時間帯・天候は生態チケットで任意固定可能。,全国研究図鑑へ登録（トーホク386完成条件には含めない）,NATIONAL_EXT_0884（新規16bit ID）,ジュラルドン,ジュラルドン → ブリジュラス,外来生態レイヤーへ追加,T034,D・Hビル,屋内異常遭遇／DexNav,Lv.42～55／殿堂入り後Lv.62～78,通常0%／DexNav 2～5%,本編必須フラグを変更せず、外来生態フラグ・時間帯・DexNav・大量発生で制御,K41,シルフカンパニー,屋内異常遭遇／DexNav,Lv.90～97（異常遭遇）,通常0%／DexNav 2～5%,ベガ初回殿堂入り後。認定章数でエリアと中間進化枠を段階解禁。,トーホクは本編で使える低～中レベル基礎種、カントーは高レベル個体・中間進化・隠れ特性探索を担当。,ベガ既存11枠を上書きせず、CFRU側の条件付きオーバーレイ／DexNav／大量発生へ登録,P2,トーホク野生生態,D・Hビル,屋内異常遭遇／DexNav,通常0%／DexNav 2～5%,本編必須フラグを変更せず、外来生態フラグ・時間帯・DexNav・大量発生で制御,カントー高レベル野生生態,シルフカンパニー,屋内異常遭遇／DexNav,通常0%／DexNav 2～5%,ベガ初回殿堂入り後。認定章数でエリアと中間進化枠を段階解禁。,通常系統は両地方で基礎種を捕獲可能。トーホクは早期育成、カントーは高レベル・隠れ特性・タマゴ技探索を担当。,V2二地方生態版／541系統配置マスター＋特殊個体イベントマスター
885,ドラメシヤ,dreepy,8,ドラゴン／ゴースト,466,600族,no,no,未収録・追加対象,新IDへ追加,殿堂入り後,ポケモンじょう,図鑑ナビ隠し枠,通常表0%／ナビ検索時1～5%,主に基礎形のみ出現。中間・最終進化は原則として育成で入手。時間帯・天候は生態チケットで任意固定可能。,全国研究図鑑へ登録（トーホク386完成条件には含めない）,NATIONAL_EXT_0885（新規16bit ID）,ドラメシヤ,ドラメシヤ → ドロンチ → ドラパルト,外来生態レイヤーへ追加,T033,ときのようかん,DexNav隠し枠,Lv.43～55／殿堂入り後Lv.60～75,通常0%／DexNav 1～2%,本編必須フラグを変更せず、外来生態フラグ・時間帯・DexNav・大量発生で制御,K43,ハナダのどうくつ,DexNav隠し枠,Lv.95～100,通常0%／DexNav 1～2%,ベガ初回殿堂入り後。認定章数でエリアと中間進化枠を段階解禁。,トーホクは本編で使える低～中レベル基礎種、カントーは高レベル個体・中間進化・隠れ特性探索を担当。,ベガ既存11枠を上書きせず、CFRU側の条件付きオーバーレイ／DexNav／大量発生へ登録,P2,トーホク野生生態,ときのようかん,DexNav隠し枠,通常0%／DexNav 1～2%,本編必須フラグを変更せず、外来生態フラグ・時間帯・DexNav・大量発生で制御,カントー高レベル野生生態,ハナダのどうくつ,DexNav隠し枠,通常0%／DexNav 1～2%,ベガ初回殿堂入り後。認定章数でエリアと中間進化枠を段階解禁。,通常系統は両地方で基礎種を捕獲可能。トーホクは早期育成、カントーは高レベル・隠れ特性・タマゴ技探索を担当。,V2二地方生態版／541系統配置マスター＋特殊個体イベントマスター
886,ドロンチ,drakloak,8,ドラゴン／ゴースト,466,600族,no,no,未収録・追加対象,新IDへ追加（進化入手）,殿堂入り後,ポケモンじょう,進化,―,レベルアップ＋Lv.50以上（CFRU/DPEの対応トリガーを使用。通信・RTC必須にはしない）,全国研究図鑑へ登録（トーホク386完成条件には含めない）,NATIONAL_EXT_0886（新規16bit ID）,ドラメシヤ,ドラメシヤ → ドロンチ → ドラパルト,外来生態レイヤーへ追加,T033,ときのようかん,DexNav隠し枠,Lv.43～55／殿堂入り後Lv.60～75,通常0%／DexNav 1～2%,本編必須フラグを変更せず、外来生態フラグ・時間帯・DexNav・大量発生で制御,K43,ハナダのどうくつ,DexNav隠し枠,Lv.95～100,通常0%／DexNav 1～2%,ベガ初回殿堂入り後。認定章数でエリアと中間進化枠を段階解禁。,トーホクは本編で使える低～中レベル基礎種、カントーは高レベル個体・中間進化・隠れ特性探索を担当。,ベガ既存11枠を上書きせず、CFRU側の条件付きオーバーレイ／DexNav／大量発生へ登録,P2,ドラメシヤをトーホクで捕獲して進化,ときのようかん,進化／殿堂入り後DexNavで中間進化が稀に出現,通常野生は基礎種のみ,本編必須フラグを変更せず、外来生態フラグ・時間帯・DexNav・大量発生で制御,ドラメシヤをカントーで捕獲して進化,ハナダのどうくつ,進化／認定章6個以降は中間進化がDexNav希少枠,通常野生は基礎種中心,ベガ初回殿堂入り後。認定章数でエリアと中間進化枠を段階解禁。,通常系統は両地方で基礎種を捕獲可能。トーホクは早期育成、カントーは高レベル・隠れ特性・タマゴ技探索を担当。,V2二地方生態版／541系統配置マスター＋特殊個体イベントマスター
887,ドラパルト,dragapult,8,ドラゴン／ゴースト,466,600族,no,no,未収録・追加対象,新IDへ追加（進化入手）,殿堂入り後,ポケモンじょう,進化,―,レベルアップ＋Lv.60以上（CFRU/DPEの対応トリガーを使用。通信・RTC必須にはしない）,全国研究図鑑へ登録（トーホク386完成条件には含めない）,NATIONAL_EXT_0887（新規16bit ID）,ドラメシヤ,ドラメシヤ → ドロンチ → ドラパルト,外来生態レイヤーへ追加,T033,ときのようかん,DexNav隠し枠,Lv.43～55／殿堂入り後Lv.60～75,通常0%／DexNav 1～2%,本編必須フラグを変更せず、外来生態フラグ・時間帯・DexNav・大量発生で制御,K43,ハナダのどうくつ,DexNav隠し枠,Lv.95～100,通常0%／DexNav 1～2%,ベガ初回殿堂入り後。認定章数でエリアと中間進化枠を段階解禁。,トーホクは本編で使える低～中レベル基礎種、カントーは高レベル個体・中間進化・隠れ特性探索を担当。,ベガ既存11枠を上書きせず、CFRU側の条件付きオーバーレイ／DexNav／大量発生へ登録,P2,ドラメシヤをトーホクで捕獲して進化,ときのようかん,進化／殿堂入り後DexNavで中間進化が稀に出現,通常野生は基礎種のみ,本編必須フラグを変更せず、外来生態フラグ・時間帯・DexNav・大量発生で制御,ドラメシヤをカントーで捕獲して進化,ハナダのどうくつ,進化／認定章6個以降は中間進化がDexNav希少枠,通常野生は基礎種中心,ベガ初回殿堂入り後。認定章数でエリアと中間進化枠を段階解禁。,通常系統は両地方で基礎種を捕獲可能。トーホクは早期育成、カントーは高レベル・隠れ特性・タマゴ技探索を担当。,V2二地方生態版／541系統配置マスター＋特殊個体イベントマスター
888,ザシアン,zacian,8,フェアリー,467,伝説,yes,no,未収録・追加対象,新IDへ追加,スフィアいせき後,ポケモンじょう双塔,固定シンボル／専用クエスト,―,くちたけん／くちたたてを返還して各固定戦。,全国研究図鑑へ登録（トーホク386完成条件には含めない）,NATIONAL_EXT_0888（新規16bit ID）,ザシアン,ザシアン,固定イベント追加,EVENT_T,ポケモンじょう宝物庫,手掛かり／共鳴戦／専用素材,イベント別,重複捕獲なし,スフィアいせき後＋主地方の捕獲フラグ共有,EVENT_K,ニビ博物館王具展示室,固定シンボル／専用クエスト,Lv.75,原則1体・撃破時復活,スフィアいせき後,主地方で1個体だけ捕獲し、副地方では手掛かり・共鳴戦・専用素材を扱う。捕獲済みフラグは両地方で共有し、重複個体を与えない。,野生通常表には入れない,P2,トーホク側の手掛かり・共鳴イベント,ポケモンじょう宝物庫,手掛かり／共鳴戦／専用素材,重複捕獲なし,スフィアいせき後＋共有捕獲フラグ確認,カントー固定イベントで捕獲,ニビ博物館王具展示室,固定シンボル／専用クエスト,原則1体・撃破時復活,スフィアいせき後,主捕獲地方で1個体のみ捕獲。副地方は手掛かり・共鳴戦・素材報酬を担当し、共有捕獲フラグで重複個体を防止。,V2二地方生態版／541系統配置マスター＋特殊個体イベントマスター
889,ザマゼンタ,zamazenta,8,かくとう,468,伝説,yes,no,未収録・追加対象,新IDへ追加,スフィアいせき後,ポケモンじょう双塔,固定シンボル／専用クエスト,―,くちたけん／くちたたてを返還して各固定戦。,全国研究図鑑へ登録（トーホク386完成条件には含めない）,NATIONAL_EXT_0889（新規16bit ID）,ザマゼンタ,ザマゼンタ,固定イベント追加,EVENT_T,ポケモンじょう宝物庫,固定シンボル／専用クエスト,Lv.75,原則1体・撃破時復活,スフィアいせき後,EVENT_K,ニビ博物館王具展示室,手掛かり／共鳴戦／専用素材,イベント別,重複捕獲なし,スフィアいせき後＋主地方の捕獲フラグ共有,主地方で1個体だけ捕獲し、副地方では手掛かり・共鳴戦・専用素材を扱う。捕獲済みフラグは両地方で共有し、重複個体を与えない。,野生通常表には入れない,P2,トーホク固定イベントで捕獲,ポケモンじょう宝物庫,固定シンボル／専用クエスト,原則1体・撃破時復活,スフィアいせき後,カントー側の手掛かり・共鳴イベント,ニビ博物館王具展示室,手掛かり／共鳴戦／専用素材,重複捕獲なし,スフィアいせき後＋共有捕獲フラグ確認,主捕獲地方で1個体のみ捕獲。副地方は手掛かり・共鳴戦・素材報酬を担当し、共有捕獲フラグで重複個体を防止。,V2二地方生態版／541系統配置マスター＋特殊個体イベントマスター
890,ムゲンダイナ,eternatus,8,どく／ドラゴン,469,伝説,yes,no,未収録・追加対象,新IDへ追加,殿堂入り＋ダイマックスバンド,D・H反応炉,固定シンボル／専用クエスト,―,指定レイドとして戦闘。捕獲は初回のみ。,全国研究図鑑へ登録（トーホク386完成条件には含めない）,NATIONAL_EXT_0890（新規16bit ID）,ムゲンダイナ,ムゲンダイナ,固定イベント追加,EVENT_T,D・H炉心,手掛かり／共鳴戦／専用素材,イベント別,重複捕獲なし,殿堂入り＋ダイマックスバンド＋主地方の捕獲フラグ共有,EVENT_K,シルフ非常電源室,固定シンボル／専用クエスト,Lv.75,原則1体・撃破時復活,殿堂入り＋ダイマックスバンド,主地方で1個体だけ捕獲し、副地方では手掛かり・共鳴戦・専用素材を扱う。捕獲済みフラグは両地方で共有し、重複個体を与えない。,野生通常表には入れない,P2,トーホク側の手掛かり・共鳴イベント,D・H炉心,手掛かり／共鳴戦／専用素材,重複捕獲なし,殿堂入り＋ダイマックスバンド＋共有捕獲フラグ確認,カントー固定イベントで捕獲,シルフ非常電源室,固定シンボル／専用クエスト,原則1体・撃破時復活,殿堂入り＋ダイマックスバンド,主捕獲地方で1個体のみ捕獲。副地方は手掛かり・共鳴戦・素材報酬を担当し、共有捕獲フラグで重複個体を防止。,V2二地方生態版／541系統配置マスター＋特殊個体イベントマスター
891,ダクマ,kubfu,8,かくとう,470,伝説,yes,no,未収録・追加対象,新IDへ追加,殿堂入り,チャンピオンロード道場,固定シンボル／専用クエスト,―,ダクマ譲渡後、あく／みずの修練札で分岐進化。,全国研究図鑑へ登録（トーホク386完成条件には含めない）,NATIONAL_EXT_0891（新規16bit ID）,ダクマ,ダクマ → ウーラオス,固定イベント追加,EVENT_T,ポケモンじょう修練場,手掛かり／共鳴戦／専用素材,イベント別,重複捕獲なし,殿堂入り＋主地方の捕獲フラグ共有,EVENT_K,ヤマブキ格闘道場,固定シンボル／専用クエスト,Lv.75,原則1体・撃破時復活,殿堂入り,主地方で1個体だけ捕獲し、副地方では手掛かり・共鳴戦・専用素材を扱う。捕獲済みフラグは両地方で共有し、重複個体を与えない。,野生通常表には入れない,P2,トーホク側の手掛かり・共鳴イベント,ポケモンじょう修練場,手掛かり／共鳴戦／専用素材,重複捕獲なし,殿堂入り＋共有捕獲フラグ確認,カントー固定イベントで捕獲,ヤマブキ格闘道場,固定シンボル／専用クエスト,原則1体・撃破時復活,殿堂入り,主捕獲地方で1個体のみ捕獲。副地方は手掛かり・共鳴戦・素材報酬を担当し、共有捕獲フラグで重複個体を防止。,V2二地方生態版／541系統配置マスター＋特殊個体イベントマスター
892,ウーラオス,urshifu,8,かくとう／あく,470,伝説,yes,no,未収録・追加対象,新IDへ追加（進化入手）,殿堂入り,チャンピオンロード道場,進化,―,チャンピオンロード道場で「あくの修練札」または「みずの修練札」を使用。,全国研究図鑑へ登録（トーホク386完成条件には含めない）,NATIONAL_EXT_0892（新規16bit ID）,ダクマ,ダクマ → ウーラオス,固定イベント追加,EVENT_T,ポケモンじょう修練場,手掛かり／共鳴戦／専用素材,イベント別,重複捕獲なし,殿堂入り＋主地方の捕獲フラグ共有,EVENT_K,ヤマブキ格闘道場,固定シンボル／専用クエスト,Lv.75,原則1体・撃破時復活,殿堂入り,主地方で1個体だけ捕獲し、副地方では手掛かり・共鳴戦・専用素材を扱う。捕獲済みフラグは両地方で共有し、重複個体を与えない。,野生通常表には入れない,P2,トーホク固定イベントで捕獲,ポケモンじょう修練場,固定シンボル／専用クエスト,原則1体・撃破時復活,殿堂入り,カントー側の手掛かり・共鳴イベント,ヤマブキ格闘道場,手掛かり／共鳴戦／専用素材,重複捕獲なし,殿堂入り＋共有捕獲フラグ確認,主捕獲地方で1個体のみ捕獲。副地方は手掛かり・共鳴戦・素材報酬を担当し、共有捕獲フラグで重複個体を防止。,V2二地方生態版／541系統配置マスター＋特殊個体イベントマスター
893,ザルード,zarude,8,あく／くさ,471,幻,no,yes,未収録・追加対象,新IDへ追加,全国研究ランク4,ハクジのもり隠し区画,固定シンボル／専用クエスト,―,森の薬草を守るイベント後に固定戦。,全国研究図鑑へ登録（トーホク386完成条件には含めない）,NATIONAL_EXT_0893（新規16bit ID）,ザルード,ザルード,固定イベント追加,EVENT_T,ハクジのもり奥,固定シンボル／専用クエスト,Lv.80,原則1体・撃破時復活,全国研究ランク4,EVENT_K,トキワのもり奥,手掛かり／共鳴戦／専用素材,イベント別,重複捕獲なし,全国研究ランク4＋主地方の捕獲フラグ共有,主地方で1個体だけ捕獲し、副地方では手掛かり・共鳴戦・専用素材を扱う。捕獲済みフラグは両地方で共有し、重複個体を与えない。,野生通常表には入れない,P2,トーホク固定イベントで捕獲,ハクジのもり奥,固定シンボル／専用クエスト,原則1体・撃破時復活,全国研究ランク4,カントー側の手掛かり・共鳴イベント,トキワのもり奥,手掛かり／共鳴戦／専用素材,重複捕獲なし,全国研究ランク4＋共有捕獲フラグ確認,主捕獲地方で1個体のみ捕獲。副地方は手掛かり・共鳴戦・素材報酬を担当し、共有捕獲フラグで重複個体を防止。,V2二地方生態版／541系統配置マスター＋特殊個体イベントマスター
894,レジエレキ,regieleki,8,でんき,472,伝説,yes,no,未収録・追加対象,新IDへ追加,レジ系3体登録,巨人の間・左右石室,固定シンボル／専用クエスト,―,左右どちらも最終的に解禁し、排他にしない。,全国研究図鑑へ登録（トーホク386完成条件には含めない）,NATIONAL_EXT_0894（新規16bit ID）,レジエレキ,レジエレキ,固定イベント追加,EVENT_T,かみなりのしま／D・H時空観測室,手掛かり／共鳴戦／専用素材,イベント別,重複捕獲なし,レジ系3体登録＋主地方の捕獲フラグ共有,EVENT_K,むじんはつでんしょ／ハナダのどうくつ,固定シンボル／専用クエスト,Lv.75,原則1体・撃破時復活,レジ系3体登録,主地方で1個体だけ捕獲し、副地方では手掛かり・共鳴戦・専用素材を扱う。捕獲済みフラグは両地方で共有し、重複個体を与えない。,野生通常表には入れない,P2,トーホク側の手掛かり・共鳴イベント,かみなりのしま／D・H時空観測室,手掛かり／共鳴戦／専用素材,重複捕獲なし,レジ系3体登録＋共有捕獲フラグ確認,カントー固定イベントで捕獲,むじんはつでんしょ／ハナダのどうくつ,固定シンボル／専用クエスト,原則1体・撃破時復活,レジ系3体登録,主捕獲地方で1個体のみ捕獲。副地方は手掛かり・共鳴戦・素材報酬を担当し、共有捕獲フラグで重複個体を防止。,V2二地方生態版／541系統配置マスター＋特殊個体イベントマスター
895,レジドラゴ,regidrago,8,ドラゴン,473,伝説,yes,no,未収録・追加対象,新IDへ追加,レジ系3体登録,巨人の間・左右石室,固定シンボル／専用クエスト,―,左右どちらも最終的に解禁し、排他にしない。,全国研究図鑑へ登録（トーホク386完成条件には含めない）,NATIONAL_EXT_0895（新規16bit ID）,レジドラゴ,レジドラゴ,固定イベント追加,EVENT_T,かみなりのしま／D・H時空観測室,手掛かり／共鳴戦／専用素材,イベント別,重複捕獲なし,レジ系3体登録＋主地方の捕獲フラグ共有,EVENT_K,むじんはつでんしょ／ハナダのどうくつ,固定シンボル／専用クエスト,Lv.75,原則1体・撃破時復活,レジ系3体登録,主地方で1個体だけ捕獲し、副地方では手掛かり・共鳴戦・専用素材を扱う。捕獲済みフラグは両地方で共有し、重複個体を与えない。,野生通常表には入れない,P2,トーホク側の手掛かり・共鳴イベント,かみなりのしま／D・H時空観測室,手掛かり／共鳴戦／専用素材,重複捕獲なし,レジ系3体登録＋共有捕獲フラグ確認,カントー固定イベントで捕獲,むじんはつでんしょ／ハナダのどうくつ,固定シンボル／専用クエスト,原則1体・撃破時復活,レジ系3体登録,主捕獲地方で1個体のみ捕獲。副地方は手掛かり・共鳴戦・素材報酬を担当し、共有捕獲フラグで重複個体を防止。,V2二地方生態版／541系統配置マスター＋特殊個体イベントマスター
896,ブリザポス,glastrier,8,こおり,474,伝説,yes,no,未収録・追加対象,新IDへ追加,殿堂入り＋豊穣イベント,ユキユキやま山頂,固定シンボル／専用クエスト,―,二頭を個別捕獲後、バドレックスを固定戦。手綱で合体切替。,全国研究図鑑へ登録（トーホク386完成条件には含めない）,NATIONAL_EXT_0896（新規16bit ID）,ブリザポス,ブリザポス,固定イベント追加,EVENT_T,ユキユキやま王冠区画,固定シンボル／専用クエスト,Lv.75,原則1体・撃破時復活,殿堂入り＋豊穣イベント,EVENT_K,ふたごじま地下王冠区画,手掛かり／共鳴戦／専用素材,イベント別,重複捕獲なし,殿堂入り＋豊穣イベント＋主地方の捕獲フラグ共有,主地方で1個体だけ捕獲し、副地方では手掛かり・共鳴戦・専用素材を扱う。捕獲済みフラグは両地方で共有し、重複個体を与えない。,野生通常表には入れない,P2,トーホク固定イベントで捕獲,ユキユキやま王冠区画,固定シンボル／専用クエスト,原則1体・撃破時復活,殿堂入り＋豊穣イベント,カントー側の手掛かり・共鳴イベント,ふたごじま地下王冠区画,手掛かり／共鳴戦／専用素材,重複捕獲なし,殿堂入り＋豊穣イベント＋共有捕獲フラグ確認,主捕獲地方で1個体のみ捕獲。副地方は手掛かり・共鳴戦・素材報酬を担当し、共有捕獲フラグで重複個体を防止。,V2二地方生態版／541系統配置マスター＋特殊個体イベントマスター
897,レイスポス,spectrier,8,ゴースト,475,伝説,yes,no,未収録・追加対象,新IDへ追加,殿堂入り＋豊穣イベント,ユキユキやま山頂,固定シンボル／専用クエスト,―,二頭を個別捕獲後、バドレックスを固定戦。手綱で合体切替。,全国研究図鑑へ登録（トーホク386完成条件には含めない）,NATIONAL_EXT_0897（新規16bit ID）,レイスポス,レイスポス,固定イベント追加,EVENT_T,ユキユキやま王冠区画,手掛かり／共鳴戦／専用素材,イベント別,重複捕獲なし,殿堂入り＋豊穣イベント＋主地方の捕獲フラグ共有,EVENT_K,ふたごじま地下王冠区画,固定シンボル／専用クエスト,Lv.75,原則1体・撃破時復活,殿堂入り＋豊穣イベント,主地方で1個体だけ捕獲し、副地方では手掛かり・共鳴戦・専用素材を扱う。捕獲済みフラグは両地方で共有し、重複個体を与えない。,野生通常表には入れない,P2,トーホク側の手掛かり・共鳴イベント,ユキユキやま王冠区画,手掛かり／共鳴戦／専用素材,重複捕獲なし,殿堂入り＋豊穣イベント＋共有捕獲フラグ確認,カントー固定イベントで捕獲,ふたごじま地下王冠区画,固定シンボル／専用クエスト,原則1体・撃破時復活,殿堂入り＋豊穣イベント,主捕獲地方で1個体のみ捕獲。副地方は手掛かり・共鳴戦・素材報酬を担当し、共有捕獲フラグで重複個体を防止。,V2二地方生態版／541系統配置マスター＋特殊個体イベントマスター
898,バドレックス,calyrex,8,エスパー／くさ,476,伝説,yes,no,未収録・追加対象,新IDへ追加,殿堂入り＋豊穣イベント,ユキユキやま山頂,固定シンボル／専用クエスト,―,二頭を個別捕獲後、バドレックスを固定戦。手綱で合体切替。,全国研究図鑑へ登録（トーホク386完成条件には含めない）,NATIONAL_EXT_0898（新規16bit ID）,バドレックス,バドレックス,固定イベント追加,EVENT_T,ユキユキやま王冠区画,固定シンボル／専用クエスト,Lv.75,原則1体・撃破時復活,殿堂入り＋豊穣イベント,EVENT_K,ふたごじま地下王冠区画,手掛かり／共鳴戦／専用素材,イベント別,重複捕獲なし,殿堂入り＋豊穣イベント＋主地方の捕獲フラグ共有,主地方で1個体だけ捕獲し、副地方では手掛かり・共鳴戦・専用素材を扱う。捕獲済みフラグは両地方で共有し、重複個体を与えない。,野生通常表には入れない,P2,トーホク固定イベントで捕獲,ユキユキやま王冠区画,固定シンボル／専用クエスト,原則1体・撃破時復活,殿堂入り＋豊穣イベント,カントー側の手掛かり・共鳴イベント,ふたごじま地下王冠区画,手掛かり／共鳴戦／専用素材,重複捕獲なし,殿堂入り＋豊穣イベント＋共有捕獲フラグ確認,主捕獲地方で1個体のみ捕獲。副地方は手掛かり・共鳴戦・素材報酬を担当し、共有捕獲フラグで重複個体を防止。,V2二地方生態版／541系統配置マスター＋特殊個体イベントマスター
899,アヤシシ,wyrdeer,8,ノーマル／エスパー,120,通常生態,no,no,未収録・追加対象,新IDへ追加（進化入手）,殿堂入り後,ニューアイランド,進化,―,早業／力業はGBAにないため、「バリアーラッシュ」を20回使った後にレベルアップ。,全国研究図鑑へ登録（トーホク386完成条件には含めない）,NATIONAL_EXT_0899（新規16bit ID）,オドシシ,オドシシ → アヤシシ,外来生態レイヤーへ追加,T506,506ばんどうろ／すいどう,草むらオーバーレイ,Lv.12～17,追加抽選3～6%,本編必須フラグを変更せず、外来生態フラグ・時間帯・DexNav・大量発生で制御,K16,16ばんどうろ,草むらオーバーレイ,Lv.81～86,通常表8～15%,ベガ初回殿堂入り後。認定章数でエリアと中間進化枠を段階解禁。,トーホクは本編で使える低～中レベル基礎種、カントーは高レベル個体・中間進化・隠れ特性探索を担当。,ベガ既存11枠を上書きせず、CFRU側の条件付きオーバーレイ／DexNav／大量発生へ登録,P2,オドシシをトーホクで捕獲して進化,506ばんどうろ／すいどう,進化／殿堂入り後DexNavで中間進化が稀に出現,通常野生は基礎種のみ,本編必須フラグを変更せず、外来生態フラグ・時間帯・DexNav・大量発生で制御,オドシシをカントーで捕獲して進化,16ばんどうろ,進化／認定章6個以降は中間進化がDexNav希少枠,通常野生は基礎種中心,ベガ初回殿堂入り後。認定章数でエリアと中間進化枠を段階解禁。,通常系統は両地方で基礎種を捕獲可能。トーホクは早期育成、カントーは高レベル・隠れ特性・タマゴ技探索を担当。,V2二地方生態版／541系統配置マスター＋特殊個体イベントマスター
900,バサギリ,kleavor,8,むし／いわ,58,通常生態,no,no,未収録・追加対象,新IDへ追加（進化入手）,バッジ4個以降,既存個体・育て屋・進化アイテム,進化,―,ストライクに「くろのきせき」を使用。ちえのどうくつ採掘で反復入手可能。,全国研究図鑑へ登録（トーホク386完成条件には含めない）,NATIONAL_EXT_0900（新規16bit ID）,ストライク,ストライク → ハッサム → バサギリ,既存系統の拡張,T037,サファリゾーン西,既存個体から追加進化＋いわくだき／DexNav,Lv.38～48／殿堂入り後Lv.55～70,基礎種は既存／進化道具・技条件,ベガ内の既存種を入口にし、未収録の前進化・分岐・追加進化だけを追加。重複する野生個体は作らない。,K35,サファリゾーン東,ずつき／朝昼オーバーレイ＋追加進化道具,Lv.85～94,通常表8～15%,ベガ初回殿堂入り後。認定章数でエリアと中間進化枠を段階解禁。,トーホクの既存個体を無駄にせず追加進化可能。カントーは進化道具と高レベル素材の供給地。,既存種族IDを固定し、進化先だけ新IDへ接続,P1,ストライク系を入手して進化,サファリゾーン西,追加進化,野生追加なし,ベガ内の既存種を入口にし、未収録の前進化・分岐・追加進化だけを追加。重複する野生個体は作らない。,ストライクをカントーで捕獲して進化,サファリゾーン東,進化／認定章6個以降は中間進化がDexNav希少枠,通常野生は基礎種中心,ベガ初回殿堂入り後。認定章数でエリアと中間進化枠を段階解禁。,通常系統は両地方で基礎種を捕獲可能。トーホクは早期育成、カントーは高レベル・隠れ特性・タマゴ技探索を担当。,V2二地方生態版／541系統配置マスター＋特殊個体イベントマスター
901,ガチグマ,ursaluna,8,じめん／ノーマル,110,通常生態,no,no,未収録・追加対象,新IDへ追加（進化入手）,殿堂入り後,チャンピオンロード,進化,―,リングマに「ピートブロック」を夜に使用。RTC待ちを避ける場合はユキユキやまの月齢祭壇で満月を選択。,全国研究図鑑へ登録（トーホク386完成条件には含めない）,NATIONAL_EXT_0901（新規16bit ID）,ヒメグマ,ヒメグマ → リングマ → ガチグマ,外来生態レイヤーへ追加,T501,501ばんどうろ／すいどう,草むらオーバーレイ,Lv.2～5,追加抽選3～6%,本編必須フラグを変更せず、外来生態フラグ・時間帯・DexNav・大量発生で制御,K04,4ばんどうろ,草むらオーバーレイ,Lv.72～77,通常表8～15%,ベガ初回殿堂入り後。認定章数でエリアと中間進化枠を段階解禁。,トーホクは本編で使える低～中レベル基礎種、カントーは高レベル個体・中間進化・隠れ特性探索を担当。,ベガ既存11枠を上書きせず、CFRU側の条件付きオーバーレイ／DexNav／大量発生へ登録,P2,ヒメグマをトーホクで捕獲して進化,501ばんどうろ／すいどう,進化／殿堂入り後DexNavで中間進化が稀に出現,通常野生は基礎種のみ,本編必須フラグを変更せず、外来生態フラグ・時間帯・DexNav・大量発生で制御,ヒメグマをカントーで捕獲して進化,4ばんどうろ,進化／認定章6個以降は中間進化がDexNav希少枠,通常野生は基礎種中心,ベガ初回殿堂入り後。認定章数でエリアと中間進化枠を段階解禁。,通常系統は両地方で基礎種を捕獲可能。トーホクは早期育成、カントーは高レベル・隠れ特性・タマゴ技探索を担当。,V2二地方生態版／541系統配置マスター＋特殊個体イベントマスター
902,イダイトウ,basculegion,8,みず／ゴースト,280,通常生態,no,no,未収録・追加対象,新IDへ追加（進化入手）,バッジ5～6個,507～509ばんどうろ・水道,進化,―,反動ダメージ累計をCFRUカウンタで保存し、規定値到達後にレベルアップ。,全国研究図鑑へ登録（トーホク386完成条件には含めない）,NATIONAL_EXT_0902（新規16bit ID）,バスラオ,バスラオ → イダイトウ,外来生態レイヤーへ追加,T513,513ばんどうろ／すいどう,水上／釣りオーバーレイ,Lv.28～35,追加抽選6～10%,バッジ4個＋なみのり,K15,15ばんどうろ,釣りオーバーレイ,Lv.85～90,通常表10～20%,ベガ初回殿堂入り後。認定章数でエリアと中間進化枠を段階解禁。,トーホクは本編で使える低～中レベル基礎種、カントーは高レベル個体・中間進化・隠れ特性探索を担当。,ベガ既存11枠を上書きせず、CFRU側の条件付きオーバーレイ／DexNav／大量発生へ登録,P1,バスラオをトーホクで捕獲して進化,513ばんどうろ／すいどう,進化／殿堂入り後DexNavで中間進化が稀に出現,通常野生は基礎種のみ,バッジ4個＋なみのり,バスラオをカントーで捕獲して進化,15ばんどうろ,進化／認定章6個以降は中間進化がDexNav希少枠,通常野生は基礎種中心,ベガ初回殿堂入り後。認定章数でエリアと中間進化枠を段階解禁。,通常系統は両地方で基礎種を捕獲可能。トーホクは早期育成、カントーは高レベル・隠れ特性・タマゴ技探索を担当。,V2二地方生態版／541系統配置マスター＋特殊個体イベントマスター
903,オオニューラ,sneasler,8,かくとう／どく,109,通常生態,no,no,未収録・追加対象,新IDへ追加（進化入手）,バッジ6個以降,既存個体・育て屋・進化アイテム,進化,―,レベルアップ＋するどいツメを持たせる＋昼（CFRU/DPEの対応トリガーを使用。通信・RTC必須にはしない）,全国研究図鑑へ登録（トーホク386完成条件には含めない）,NATIONAL_EXT_0903（新規16bit ID）,ニューラ,ニューラ → マニューラ → オオニューラ,既存系統の拡張,T031,ユキユキやま,既存個体から追加進化＋洞窟・屋内オーバーレイ,Lv.36～46／殿堂入り後Lv.58～72,基礎種は既存／進化道具・技条件,ベガ内の既存種を入口にし、未収録の前進化・分岐・追加進化だけを追加。重複する野生個体は作らない。,K38,ふたごじま,洞窟・屋内オーバーレイ＋追加進化道具,Lv.88～96,通常表8～15%,ベガ初回殿堂入り後。認定章数でエリアと中間進化枠を段階解禁。,トーホクの既存個体を無駄にせず追加進化可能。カントーは進化道具と高レベル素材の供給地。,既存種族IDを固定し、進化先だけ新IDへ接続,P1,ニューラ系を入手して進化,ユキユキやま,追加進化,野生追加なし,ベガ内の既存種を入口にし、未収録の前進化・分岐・追加進化だけを追加。重複する野生個体は作らない。,ニューラをカントーで捕獲して進化,ふたごじま,進化／認定章6個以降は中間進化がDexNav希少枠,通常野生は基礎種中心,ベガ初回殿堂入り後。認定章数でエリアと中間進化枠を段階解禁。,通常系統は両地方で基礎種を捕獲可能。トーホクは早期育成、カントーは高レベル・隠れ特性・タマゴ技探索を担当。,V2二地方生態版／541系統配置マスター＋特殊個体イベントマスター
904,ハリーマン,overqwil,8,あく／どく,106,通常生態,no,no,未収録・追加対象,新IDへ追加（進化入手）,殿堂入り後,507～509ばんどうろ・水道,進化,―,早業／力業はGBAにないため、「どくばりセンボン」を20回使った後にレベルアップ。,全国研究図鑑へ登録（トーホク386完成条件には含めない）,NATIONAL_EXT_0904（新規16bit ID）,ハリーセン,ハリーセン → ハリーマン,外来生態レイヤーへ追加,T508,508ばんどうろ／すいどう,水上オーバーレイ,Lv.19～25,追加抽選4～8%,本編必須フラグを変更せず、外来生態フラグ・時間帯・DexNav・大量発生で制御,K15,15ばんどうろ,水上オーバーレイ,Lv.85～90,通常表10～20%,ベガ初回殿堂入り後。認定章数でエリアと中間進化枠を段階解禁。,トーホクは本編で使える低～中レベル基礎種、カントーは高レベル個体・中間進化・隠れ特性探索を担当。,ベガ既存11枠を上書きせず、CFRU側の条件付きオーバーレイ／DexNav／大量発生へ登録,P2,ハリーセンをトーホクで捕獲して進化,508ばんどうろ／すいどう,進化／殿堂入り後DexNavで中間進化が稀に出現,通常野生は基礎種のみ,本編必須フラグを変更せず、外来生態フラグ・時間帯・DexNav・大量発生で制御,ハリーセンをカントーで捕獲して進化,15ばんどうろ,進化／認定章6個以降は中間進化がDexNav希少枠,通常野生は基礎種中心,ベガ初回殿堂入り後。認定章数でエリアと中間進化枠を段階解禁。,通常系統は両地方で基礎種を捕獲可能。トーホクは早期育成、カントーは高レベル・隠れ特性・タマゴ技探索を担当。,V2二地方生態版／541系統配置マスター＋特殊個体イベントマスター
905,ラブトロス,enamorus,8,フェアリー／ひこう,477,伝説,yes,no,未収録・追加対象,新IDへ追加,殿堂入り＋天候観測器,各島＋521ばんどうろ,固定シンボル／専用クエスト,―,天候を切替えて固定戦。うつしかがみを同時入手。,全国研究図鑑へ登録（トーホク386完成条件には含めない）,NATIONAL_EXT_0905（新規16bit ID）,ラブトロス,ラブトロス,固定イベント追加,EVENT_T,三島＋521ばんどうろ,固定シンボル／専用クエスト,Lv.75,原則1体・撃破時復活,殿堂入り＋天候観測器,EVENT_K,9・10・17・20ばんどうろ観測柱,手掛かり／共鳴戦／専用素材,イベント別,重複捕獲なし,殿堂入り＋天候観測器＋主地方の捕獲フラグ共有,主地方で1個体だけ捕獲し、副地方では手掛かり・共鳴戦・専用素材を扱う。捕獲済みフラグは両地方で共有し、重複個体を与えない。,野生通常表には入れない,P2,トーホク固定イベントで捕獲,三島＋521ばんどうろ,固定シンボル／専用クエスト,原則1体・撃破時復活,殿堂入り＋天候観測器,カントー側の手掛かり・共鳴イベント,9・10・17・20ばんどうろ観測柱,手掛かり／共鳴戦／専用素材,重複捕獲なし,殿堂入り＋天候観測器＋共有捕獲フラグ確認,主捕獲地方で1個体のみ捕獲。副地方は手掛かり・共鳴戦・素材報酬を担当し、共有捕獲フラグで重複個体を防止。,V2二地方生態版／541系統配置マスター＋特殊個体イベントマスター
906,ニャオハ,sprigatito,9,くさ,478,御三家,no,no,未収録・追加対象,新IDへ追加,殿堂入り＋全国研究開始,ハクジタウン研究所,地方研究依頼の報酬タマゴ,―,各世代の生態サンプルを3件提出。選択式にせず、依頼再受注で全系統入手可能。,全国研究図鑑へ登録（トーホク386完成条件には含めない）,NATIONAL_EXT_0906（新規16bit ID）,ニャオハ,ニャオハ → ニャローテ → マスカーニャ,地方研究タマゴ追加,T_LAB,ハクジタウン・ヒイラギ研究所,地域別研究依頼の報酬タマゴ,Lv.5,研究チケット1枚／系統選択・反復可,各世代の生態サンプルを3件提出。選択式にせず、依頼再受注で全系統入手可能。,K47,マサラタウン・オーキド研究所,オーキド研究所の生態交換タマゴ,Lv.5,カントー認定章2個ごとに1系統、最終的に全系統反復可,ベガ初回殿堂入り後。認定章数でエリアと中間進化枠を段階解禁。,御三家を野生化せず、両地方の研究所を巡る収集導線にする。,通常野生表には入れない,P2,ヒイラギ研究所の地方研究タマゴ,ハクジタウン・ヒイラギ研究所,選択式タマゴ配布,各系統1個／再取得は研究ポイント,各世代の生態サンプルを3件提出。選択式にせず、依頼再受注で全系統入手可能。,オーキド研究所の国際交換タマゴ,マサラタウン・オーキド研究所,選択式タマゴ配布,トーホクで未選択の系統を優先,ベガ初回殿堂入り後。認定章数でエリアと中間進化枠を段階解禁。,通常系統は両地方で基礎種を捕獲可能。トーホクは早期育成、カントーは高レベル・隠れ特性・タマゴ技探索を担当。,V2二地方生態版／541系統配置マスター＋特殊個体イベントマスター
907,ニャローテ,floragato,9,くさ,478,御三家,no,no,未収録・追加対象,新IDへ追加（進化入手）,殿堂入り＋全国研究開始,ハクジタウン研究所,進化,―,レベルアップ＋Lv.16以上（CFRU/DPEの対応トリガーを使用。通信・RTC必須にはしない）,全国研究図鑑へ登録（トーホク386完成条件には含めない）,NATIONAL_EXT_0907（新規16bit ID）,ニャオハ,ニャオハ → ニャローテ → マスカーニャ,地方研究タマゴ追加,T_LAB,ハクジタウン・ヒイラギ研究所,地域別研究依頼の報酬タマゴ,Lv.5,研究チケット1枚／系統選択・反復可,各世代の生態サンプルを3件提出。選択式にせず、依頼再受注で全系統入手可能。,K47,マサラタウン・オーキド研究所,オーキド研究所の生態交換タマゴ,Lv.5,カントー認定章2個ごとに1系統、最終的に全系統反復可,ベガ初回殿堂入り後。認定章数でエリアと中間進化枠を段階解禁。,御三家を野生化せず、両地方の研究所を巡る収集導線にする。,通常野生表には入れない,P2,ニャオハを育成して進化,ハクジタウン・ヒイラギ研究所,進化,野生追加なし,各世代の生態サンプルを3件提出。選択式にせず、依頼再受注で全系統入手可能。,ニャオハを育成して進化,マサラタウン・オーキド研究所,進化,野生追加なし,ベガ初回殿堂入り後。認定章数でエリアと中間進化枠を段階解禁。,通常系統は両地方で基礎種を捕獲可能。トーホクは早期育成、カントーは高レベル・隠れ特性・タマゴ技探索を担当。,V2二地方生態版／541系統配置マスター＋特殊個体イベントマスター
908,マスカーニャ,meowscarada,9,くさ／あく,478,御三家,no,no,未収録・追加対象,新IDへ追加（進化入手）,殿堂入り＋全国研究開始,ハクジタウン研究所,進化,―,レベルアップ＋Lv.36以上（CFRU/DPEの対応トリガーを使用。通信・RTC必須にはしない）,全国研究図鑑へ登録（トーホク386完成条件には含めない）,NATIONAL_EXT_0908（新規16bit ID）,ニャオハ,ニャオハ → ニャローテ → マスカーニャ,地方研究タマゴ追加,T_LAB,ハクジタウン・ヒイラギ研究所,地域別研究依頼の報酬タマゴ,Lv.5,研究チケット1枚／系統選択・反復可,各世代の生態サンプルを3件提出。選択式にせず、依頼再受注で全系統入手可能。,K47,マサラタウン・オーキド研究所,オーキド研究所の生態交換タマゴ,Lv.5,カントー認定章2個ごとに1系統、最終的に全系統反復可,ベガ初回殿堂入り後。認定章数でエリアと中間進化枠を段階解禁。,御三家を野生化せず、両地方の研究所を巡る収集導線にする。,通常野生表には入れない,P2,ニャオハを育成して進化,ハクジタウン・ヒイラギ研究所,進化,野生追加なし,各世代の生態サンプルを3件提出。選択式にせず、依頼再受注で全系統入手可能。,ニャオハを育成して進化,マサラタウン・オーキド研究所,進化,野生追加なし,ベガ初回殿堂入り後。認定章数でエリアと中間進化枠を段階解禁。,通常系統は両地方で基礎種を捕獲可能。トーホクは早期育成、カントーは高レベル・隠れ特性・タマゴ技探索を担当。,V2二地方生態版／541系統配置マスター＋特殊個体イベントマスター
909,ホゲータ,fuecoco,9,ほのお,479,御三家,no,no,未収録・追加対象,新IDへ追加,殿堂入り＋全国研究開始,ハクジタウン研究所,地方研究依頼の報酬タマゴ,―,各世代の生態サンプルを3件提出。選択式にせず、依頼再受注で全系統入手可能。,全国研究図鑑へ登録（トーホク386完成条件には含めない）,NATIONAL_EXT_0909（新規16bit ID）,ホゲータ,ホゲータ → アチゲータ → ラウドボーン,地方研究タマゴ追加,T_LAB,ハクジタウン・ヒイラギ研究所,地域別研究依頼の報酬タマゴ,Lv.5,研究チケット1枚／系統選択・反復可,各世代の生態サンプルを3件提出。選択式にせず、依頼再受注で全系統入手可能。,K47,マサラタウン・オーキド研究所,オーキド研究所の生態交換タマゴ,Lv.5,カントー認定章2個ごとに1系統、最終的に全系統反復可,ベガ初回殿堂入り後。認定章数でエリアと中間進化枠を段階解禁。,御三家を野生化せず、両地方の研究所を巡る収集導線にする。,通常野生表には入れない,P2,ヒイラギ研究所の地方研究タマゴ,ハクジタウン・ヒイラギ研究所,選択式タマゴ配布,各系統1個／再取得は研究ポイント,各世代の生態サンプルを3件提出。選択式にせず、依頼再受注で全系統入手可能。,オーキド研究所の国際交換タマゴ,マサラタウン・オーキド研究所,選択式タマゴ配布,トーホクで未選択の系統を優先,ベガ初回殿堂入り後。認定章数でエリアと中間進化枠を段階解禁。,通常系統は両地方で基礎種を捕獲可能。トーホクは早期育成、カントーは高レベル・隠れ特性・タマゴ技探索を担当。,V2二地方生態版／541系統配置マスター＋特殊個体イベントマスター
910,アチゲータ,crocalor,9,ほのお,479,御三家,no,no,未収録・追加対象,新IDへ追加（進化入手）,殿堂入り＋全国研究開始,ハクジタウン研究所,進化,―,レベルアップ＋Lv.16以上（CFRU/DPEの対応トリガーを使用。通信・RTC必須にはしない）,全国研究図鑑へ登録（トーホク386完成条件には含めない）,NATIONAL_EXT_0910（新規16bit ID）,ホゲータ,ホゲータ → アチゲータ → ラウドボーン,地方研究タマゴ追加,T_LAB,ハクジタウン・ヒイラギ研究所,地域別研究依頼の報酬タマゴ,Lv.5,研究チケット1枚／系統選択・反復可,各世代の生態サンプルを3件提出。選択式にせず、依頼再受注で全系統入手可能。,K47,マサラタウン・オーキド研究所,オーキド研究所の生態交換タマゴ,Lv.5,カントー認定章2個ごとに1系統、最終的に全系統反復可,ベガ初回殿堂入り後。認定章数でエリアと中間進化枠を段階解禁。,御三家を野生化せず、両地方の研究所を巡る収集導線にする。,通常野生表には入れない,P2,ホゲータを育成して進化,ハクジタウン・ヒイラギ研究所,進化,野生追加なし,各世代の生態サンプルを3件提出。選択式にせず、依頼再受注で全系統入手可能。,ホゲータを育成して進化,マサラタウン・オーキド研究所,進化,野生追加なし,ベガ初回殿堂入り後。認定章数でエリアと中間進化枠を段階解禁。,通常系統は両地方で基礎種を捕獲可能。トーホクは早期育成、カントーは高レベル・隠れ特性・タマゴ技探索を担当。,V2二地方生態版／541系統配置マスター＋特殊個体イベントマスター
911,ラウドボーン,skeledirge,9,ほのお／ゴースト,479,御三家,no,no,未収録・追加対象,新IDへ追加（進化入手）,殿堂入り＋全国研究開始,ハクジタウン研究所,進化,―,レベルアップ＋Lv.36以上（CFRU/DPEの対応トリガーを使用。通信・RTC必須にはしない）,全国研究図鑑へ登録（トーホク386完成条件には含めない）,NATIONAL_EXT_0911（新規16bit ID）,ホゲータ,ホゲータ → アチゲータ → ラウドボーン,地方研究タマゴ追加,T_LAB,ハクジタウン・ヒイラギ研究所,地域別研究依頼の報酬タマゴ,Lv.5,研究チケット1枚／系統選択・反復可,各世代の生態サンプルを3件提出。選択式にせず、依頼再受注で全系統入手可能。,K47,マサラタウン・オーキド研究所,オーキド研究所の生態交換タマゴ,Lv.5,カントー認定章2個ごとに1系統、最終的に全系統反復可,ベガ初回殿堂入り後。認定章数でエリアと中間進化枠を段階解禁。,御三家を野生化せず、両地方の研究所を巡る収集導線にする。,通常野生表には入れない,P2,ホゲータを育成して進化,ハクジタウン・ヒイラギ研究所,進化,野生追加なし,各世代の生態サンプルを3件提出。選択式にせず、依頼再受注で全系統入手可能。,ホゲータを育成して進化,マサラタウン・オーキド研究所,進化,野生追加なし,ベガ初回殿堂入り後。認定章数でエリアと中間進化枠を段階解禁。,通常系統は両地方で基礎種を捕獲可能。トーホクは早期育成、カントーは高レベル・隠れ特性・タマゴ技探索を担当。,V2二地方生態版／541系統配置マスター＋特殊個体イベントマスター
912,クワッス,quaxly,9,みず,480,御三家,no,no,未収録・追加対象,新IDへ追加,殿堂入り＋全国研究開始,ハクジタウン研究所,地方研究依頼の報酬タマゴ,―,各世代の生態サンプルを3件提出。選択式にせず、依頼再受注で全系統入手可能。,全国研究図鑑へ登録（トーホク386完成条件には含めない）,NATIONAL_EXT_0912（新規16bit ID）,クワッス,クワッス → ウェルカモ → ウェーニバル,地方研究タマゴ追加,T_LAB,ハクジタウン・ヒイラギ研究所,地域別研究依頼の報酬タマゴ,Lv.5,研究チケット1枚／系統選択・反復可,各世代の生態サンプルを3件提出。選択式にせず、依頼再受注で全系統入手可能。,K47,マサラタウン・オーキド研究所,オーキド研究所の生態交換タマゴ,Lv.5,カントー認定章2個ごとに1系統、最終的に全系統反復可,ベガ初回殿堂入り後。認定章数でエリアと中間進化枠を段階解禁。,御三家を野生化せず、両地方の研究所を巡る収集導線にする。,通常野生表には入れない,P2,ヒイラギ研究所の地方研究タマゴ,ハクジタウン・ヒイラギ研究所,選択式タマゴ配布,各系統1個／再取得は研究ポイント,各世代の生態サンプルを3件提出。選択式にせず、依頼再受注で全系統入手可能。,オーキド研究所の国際交換タマゴ,マサラタウン・オーキド研究所,選択式タマゴ配布,トーホクで未選択の系統を優先,ベガ初回殿堂入り後。認定章数でエリアと中間進化枠を段階解禁。,通常系統は両地方で基礎種を捕獲可能。トーホクは早期育成、カントーは高レベル・隠れ特性・タマゴ技探索を担当。,V2二地方生態版／541系統配置マスター＋特殊個体イベントマスター
913,ウェルカモ,quaxwell,9,みず,480,御三家,no,no,未収録・追加対象,新IDへ追加（進化入手）,殿堂入り＋全国研究開始,ハクジタウン研究所,進化,―,レベルアップ＋Lv.16以上（CFRU/DPEの対応トリガーを使用。通信・RTC必須にはしない）,全国研究図鑑へ登録（トーホク386完成条件には含めない）,NATIONAL_EXT_0913（新規16bit ID）,クワッス,クワッス → ウェルカモ → ウェーニバル,地方研究タマゴ追加,T_LAB,ハクジタウン・ヒイラギ研究所,地域別研究依頼の報酬タマゴ,Lv.5,研究チケット1枚／系統選択・反復可,各世代の生態サンプルを3件提出。選択式にせず、依頼再受注で全系統入手可能。,K47,マサラタウン・オーキド研究所,オーキド研究所の生態交換タマゴ,Lv.5,カントー認定章2個ごとに1系統、最終的に全系統反復可,ベガ初回殿堂入り後。認定章数でエリアと中間進化枠を段階解禁。,御三家を野生化せず、両地方の研究所を巡る収集導線にする。,通常野生表には入れない,P2,クワッスを育成して進化,ハクジタウン・ヒイラギ研究所,進化,野生追加なし,各世代の生態サンプルを3件提出。選択式にせず、依頼再受注で全系統入手可能。,クワッスを育成して進化,マサラタウン・オーキド研究所,進化,野生追加なし,ベガ初回殿堂入り後。認定章数でエリアと中間進化枠を段階解禁。,通常系統は両地方で基礎種を捕獲可能。トーホクは早期育成、カントーは高レベル・隠れ特性・タマゴ技探索を担当。,V2二地方生態版／541系統配置マスター＋特殊個体イベントマスター
914,ウェーニバル,quaquaval,9,みず／かくとう,480,御三家,no,no,未収録・追加対象,新IDへ追加（進化入手）,殿堂入り＋全国研究開始,ハクジタウン研究所,進化,―,レベルアップ＋Lv.36以上（CFRU/DPEの対応トリガーを使用。通信・RTC必須にはしない）,全国研究図鑑へ登録（トーホク386完成条件には含めない）,NATIONAL_EXT_0914（新規16bit ID）,クワッス,クワッス → ウェルカモ → ウェーニバル,地方研究タマゴ追加,T_LAB,ハクジタウン・ヒイラギ研究所,地域別研究依頼の報酬タマゴ,Lv.5,研究チケット1枚／系統選択・反復可,各世代の生態サンプルを3件提出。選択式にせず、依頼再受注で全系統入手可能。,K47,マサラタウン・オーキド研究所,オーキド研究所の生態交換タマゴ,Lv.5,カントー認定章2個ごとに1系統、最終的に全系統反復可,ベガ初回殿堂入り後。認定章数でエリアと中間進化枠を段階解禁。,御三家を野生化せず、両地方の研究所を巡る収集導線にする。,通常野生表には入れない,P2,クワッスを育成して進化,ハクジタウン・ヒイラギ研究所,進化,野生追加なし,各世代の生態サンプルを3件提出。選択式にせず、依頼再受注で全系統入手可能。,クワッスを育成して進化,マサラタウン・オーキド研究所,進化,野生追加なし,ベガ初回殿堂入り後。認定章数でエリアと中間進化枠を段階解禁。,通常系統は両地方で基礎種を捕獲可能。トーホクは早期育成、カントーは高レベル・隠れ特性・タマゴ技探索を担当。,V2二地方生態版／541系統配置マスター＋特殊個体イベントマスター
915,グルトン,lechonk,9,ノーマル,481,通常生態,no,no,未収録・追加対象,新IDへ追加,バッジ3～4個,501ばんどうろ,大量発生,発生中20～40%,主に基礎形のみ出現。中間・最終進化は原則として育成で入手。時間帯・天候は生態チケットで任意固定可能。,全国研究図鑑へ登録（トーホク386完成条件には含めない）,NATIONAL_EXT_0915（新規16bit ID）,グルトン,グルトン → パフュートン,外来生態レイヤーへ追加,T501,501ばんどうろ／すいどう,大量発生,Lv.2～5,通常0%／発生中20～35%,本編必須フラグを変更せず、外来生態フラグ・時間帯・DexNav・大量発生で制御,K01,1ばんどうろ,大量発生,Lv.68～72,通常0%／発生中20～35%,ベガ初回殿堂入り後。認定章数でエリアと中間進化枠を段階解禁。,トーホクは本編で使える低～中レベル基礎種、カントーは高レベル個体・中間進化・隠れ特性探索を担当。,ベガ既存11枠を上書きせず、CFRU側の条件付きオーバーレイ／DexNav／大量発生へ登録,P1,トーホク野生生態,501ばんどうろ／すいどう,大量発生,通常0%／発生中20～35%,本編必須フラグを変更せず、外来生態フラグ・時間帯・DexNav・大量発生で制御,カントー高レベル野生生態,1ばんどうろ,大量発生,通常0%／発生中20～35%,ベガ初回殿堂入り後。認定章数でエリアと中間進化枠を段階解禁。,通常系統は両地方で基礎種を捕獲可能。トーホクは早期育成、カントーは高レベル・隠れ特性・タマゴ技探索を担当。,V2二地方生態版／541系統配置マスター＋特殊個体イベントマスター
916,パフュートン,oinkologne,9,ノーマル,481,通常生態,no,no,未収録・追加対象,新IDへ追加（進化入手）,バッジ3～4個,501ばんどうろ,進化,―,レベルアップ＋Lv.18以上（CFRU/DPEの対応トリガーを使用。通信・RTC必須にはしない）,全国研究図鑑へ登録（トーホク386完成条件には含めない）,NATIONAL_EXT_0916（新規16bit ID）,グルトン,グルトン → パフュートン,外来生態レイヤーへ追加,T501,501ばんどうろ／すいどう,大量発生,Lv.2～5,通常0%／発生中20～35%,本編必須フラグを変更せず、外来生態フラグ・時間帯・DexNav・大量発生で制御,K01,1ばんどうろ,大量発生,Lv.68～72,通常0%／発生中20～35%,ベガ初回殿堂入り後。認定章数でエリアと中間進化枠を段階解禁。,トーホクは本編で使える低～中レベル基礎種、カントーは高レベル個体・中間進化・隠れ特性探索を担当。,ベガ既存11枠を上書きせず、CFRU側の条件付きオーバーレイ／DexNav／大量発生へ登録,P1,グルトンをトーホクで捕獲して進化,501ばんどうろ／すいどう,進化／殿堂入り後DexNavで中間進化が稀に出現,通常野生は基礎種のみ,本編必須フラグを変更せず、外来生態フラグ・時間帯・DexNav・大量発生で制御,グルトンをカントーで捕獲して進化,1ばんどうろ,進化／認定章6個以降は中間進化がDexNav希少枠,通常野生は基礎種中心,ベガ初回殿堂入り後。認定章数でエリアと中間進化枠を段階解禁。,通常系統は両地方で基礎種を捕獲可能。トーホクは早期育成、カントーは高レベル・隠れ特性・タマゴ技探索を担当。,V2二地方生態版／541系統配置マスター＋特殊個体イベントマスター
917,タマンチュラ,tarountula,9,むし,482,通常生態,no,no,未収録・追加対象,新IDへ追加,バッジ7～8個,503ばんどうろ,草むらオーバーレイ,8～12%,主に基礎形のみ出現。中間・最終進化は原則として育成で入手。時間帯・天候は生態チケットで任意固定可能。,全国研究図鑑へ登録（トーホク386完成条件には含めない）,NATIONAL_EXT_0917（新規16bit ID）,タマンチュラ,タマンチュラ → ワナイダー,外来生態レイヤーへ追加,T502,502ばんどうろ／すいどう,ずつき／朝昼オーバーレイ,Lv.3～6,追加抽選3～6%,本編必須フラグを変更せず、外来生態フラグ・時間帯・DexNav・大量発生で制御,K26,トキワのもり,ずつき／朝昼オーバーレイ,Lv.70～76,通常表8～15%,ベガ初回殿堂入り後。認定章数でエリアと中間進化枠を段階解禁。,トーホクは本編で使える低～中レベル基礎種、カントーは高レベル個体・中間進化・隠れ特性探索を担当。,ベガ既存11枠を上書きせず、CFRU側の条件付きオーバーレイ／DexNav／大量発生へ登録,P1,トーホク野生生態,502ばんどうろ／すいどう,ずつき／朝昼オーバーレイ,追加抽選3～6%,本編必須フラグを変更せず、外来生態フラグ・時間帯・DexNav・大量発生で制御,カントー高レベル野生生態,トキワのもり,ずつき／朝昼オーバーレイ,通常表8～15%,ベガ初回殿堂入り後。認定章数でエリアと中間進化枠を段階解禁。,通常系統は両地方で基礎種を捕獲可能。トーホクは早期育成、カントーは高レベル・隠れ特性・タマゴ技探索を担当。,V2二地方生態版／541系統配置マスター＋特殊個体イベントマスター
918,ワナイダー,spidops,9,むし,482,通常生態,no,no,未収録・追加対象,新IDへ追加（進化入手）,バッジ7～8個,503ばんどうろ,進化,―,レベルアップ＋Lv.15以上（CFRU/DPEの対応トリガーを使用。通信・RTC必須にはしない）,全国研究図鑑へ登録（トーホク386完成条件には含めない）,NATIONAL_EXT_0918（新規16bit ID）,タマンチュラ,タマンチュラ → ワナイダー,外来生態レイヤーへ追加,T502,502ばんどうろ／すいどう,ずつき／朝昼オーバーレイ,Lv.3～6,追加抽選3～6%,本編必須フラグを変更せず、外来生態フラグ・時間帯・DexNav・大量発生で制御,K26,トキワのもり,ずつき／朝昼オーバーレイ,Lv.70～76,通常表8～15%,ベガ初回殿堂入り後。認定章数でエリアと中間進化枠を段階解禁。,トーホクは本編で使える低～中レベル基礎種、カントーは高レベル個体・中間進化・隠れ特性探索を担当。,ベガ既存11枠を上書きせず、CFRU側の条件付きオーバーレイ／DexNav／大量発生へ登録,P1,タマンチュラをトーホクで捕獲して進化,502ばんどうろ／すいどう,進化／殿堂入り後DexNavで中間進化が稀に出現,通常野生は基礎種のみ,本編必須フラグを変更せず、外来生態フラグ・時間帯・DexNav・大量発生で制御,タマンチュラをカントーで捕獲して進化,トキワのもり,進化／認定章6個以降は中間進化がDexNav希少枠,通常野生は基礎種中心,ベガ初回殿堂入り後。認定章数でエリアと中間進化枠を段階解禁。,通常系統は両地方で基礎種を捕獲可能。トーホクは早期育成、カントーは高レベル・隠れ特性・タマゴ技探索を担当。,V2二地方生態版／541系統配置マスター＋特殊個体イベントマスター
919,マメバッタ,nymble,9,むし,483,通常生態,no,no,未収録・追加対象,新IDへ追加,バッジ5～6個,ダークタワー,大量発生,発生中20～40%,主に基礎形のみ出現。中間・最終進化は原則として育成で入手。時間帯・天候は生態チケットで任意固定可能。,全国研究図鑑へ登録（トーホク386完成条件には含めない）,NATIONAL_EXT_0919（新規16bit ID）,マメバッタ,マメバッタ → エクスレッグ,外来生態レイヤーへ追加,T503,503ばんどうろ／すいどう,夜間オーバーレイ,Lv.5～9,追加抽選3～6%,本編必須フラグを変更せず、外来生態フラグ・時間帯・DexNav・大量発生で制御,K03,3ばんどうろ,夜間オーバーレイ,Lv.71～75,夜間8～12%,ベガ初回殿堂入り後。認定章数でエリアと中間進化枠を段階解禁。,トーホクは本編で使える低～中レベル基礎種、カントーは高レベル個体・中間進化・隠れ特性探索を担当。,ベガ既存11枠を上書きせず、CFRU側の条件付きオーバーレイ／DexNav／大量発生へ登録,P1,トーホク野生生態,503ばんどうろ／すいどう,夜間オーバーレイ,追加抽選3～6%,本編必須フラグを変更せず、外来生態フラグ・時間帯・DexNav・大量発生で制御,カントー高レベル野生生態,3ばんどうろ,夜間オーバーレイ,夜間8～12%,ベガ初回殿堂入り後。認定章数でエリアと中間進化枠を段階解禁。,通常系統は両地方で基礎種を捕獲可能。トーホクは早期育成、カントーは高レベル・隠れ特性・タマゴ技探索を担当。,V2二地方生態版／541系統配置マスター＋特殊個体イベントマスター
920,エクスレッグ,lokix,9,むし／あく,483,通常生態,no,no,未収録・追加対象,新IDへ追加（進化入手）,バッジ5～6個,ダークタワー,進化,―,レベルアップ＋Lv.24以上（CFRU/DPEの対応トリガーを使用。通信・RTC必須にはしない）,全国研究図鑑へ登録（トーホク386完成条件には含めない）,NATIONAL_EXT_0920（新規16bit ID）,マメバッタ,マメバッタ → エクスレッグ,外来生態レイヤーへ追加,T503,503ばんどうろ／すいどう,夜間オーバーレイ,Lv.5～9,追加抽選3～6%,本編必須フラグを変更せず、外来生態フラグ・時間帯・DexNav・大量発生で制御,K03,3ばんどうろ,夜間オーバーレイ,Lv.71～75,夜間8～12%,ベガ初回殿堂入り後。認定章数でエリアと中間進化枠を段階解禁。,トーホクは本編で使える低～中レベル基礎種、カントーは高レベル個体・中間進化・隠れ特性探索を担当。,ベガ既存11枠を上書きせず、CFRU側の条件付きオーバーレイ／DexNav／大量発生へ登録,P1,マメバッタをトーホクで捕獲して進化,503ばんどうろ／すいどう,進化／殿堂入り後DexNavで中間進化が稀に出現,通常野生は基礎種のみ,本編必須フラグを変更せず、外来生態フラグ・時間帯・DexNav・大量発生で制御,マメバッタをカントーで捕獲して進化,3ばんどうろ,進化／認定章6個以降は中間進化がDexNav希少枠,通常野生は基礎種中心,ベガ初回殿堂入り後。認定章数でエリアと中間進化枠を段階解禁。,通常系統は両地方で基礎種を捕獲可能。トーホクは早期育成、カントーは高レベル・隠れ特性・タマゴ技探索を担当。,V2二地方生態版／541系統配置マスター＋特殊個体イベントマスター
921,パモ,pawmi,9,でんき,484,通常生態,no,no,未収録・追加対象,新IDへ追加,バッジ3～4個,510～513ばんどうろ,時間帯オーバーレイ,8～12%,主に基礎形のみ出現。中間・最終進化は原則として育成で入手。時間帯・天候は生態チケットで任意固定可能。,全国研究図鑑へ登録（トーホク386完成条件には含めない）,NATIONAL_EXT_0921（新規16bit ID）,パモ,パモ → パモット → パーモット,外来生態レイヤーへ追加,T501,501ばんどうろ／すいどう,草むらオーバーレイ,Lv.2～5,追加抽選3～6%,本編必須フラグを変更せず、外来生態フラグ・時間帯・DexNav・大量発生で制御,K01,1ばんどうろ,草むらオーバーレイ,Lv.68～72,通常表8～15%,ベガ初回殿堂入り後。認定章数でエリアと中間進化枠を段階解禁。,トーホクは本編で使える低～中レベル基礎種、カントーは高レベル個体・中間進化・隠れ特性探索を担当。,ベガ既存11枠を上書きせず、CFRU側の条件付きオーバーレイ／DexNav／大量発生へ登録,P1,トーホク野生生態,501ばんどうろ／すいどう,草むらオーバーレイ,追加抽選3～6%,本編必須フラグを変更せず、外来生態フラグ・時間帯・DexNav・大量発生で制御,カントー高レベル野生生態,1ばんどうろ,草むらオーバーレイ,通常表8～15%,ベガ初回殿堂入り後。認定章数でエリアと中間進化枠を段階解禁。,通常系統は両地方で基礎種を捕獲可能。トーホクは早期育成、カントーは高レベル・隠れ特性・タマゴ技探索を担当。,V2二地方生態版／541系統配置マスター＋特殊個体イベントマスター
922,パモット,pawmo,9,でんき／かくとう,484,通常生態,no,no,未収録・追加対象,新IDへ追加（進化入手）,バッジ3～4個,510～513ばんどうろ,進化,―,レベルアップ＋Lv.18以上（CFRU/DPEの対応トリガーを使用。通信・RTC必須にはしない）,全国研究図鑑へ登録（トーホク386完成条件には含めない）,NATIONAL_EXT_0922（新規16bit ID）,パモ,パモ → パモット → パーモット,外来生態レイヤーへ追加,T501,501ばんどうろ／すいどう,草むらオーバーレイ,Lv.2～5,追加抽選3～6%,本編必須フラグを変更せず、外来生態フラグ・時間帯・DexNav・大量発生で制御,K01,1ばんどうろ,草むらオーバーレイ,Lv.68～72,通常表8～15%,ベガ初回殿堂入り後。認定章数でエリアと中間進化枠を段階解禁。,トーホクは本編で使える低～中レベル基礎種、カントーは高レベル個体・中間進化・隠れ特性探索を担当。,ベガ既存11枠を上書きせず、CFRU側の条件付きオーバーレイ／DexNav／大量発生へ登録,P1,パモをトーホクで捕獲して進化,501ばんどうろ／すいどう,進化／殿堂入り後DexNavで中間進化が稀に出現,通常野生は基礎種のみ,本編必須フラグを変更せず、外来生態フラグ・時間帯・DexNav・大量発生で制御,パモをカントーで捕獲して進化,1ばんどうろ,進化／認定章6個以降は中間進化がDexNav希少枠,通常野生は基礎種中心,ベガ初回殿堂入り後。認定章数でエリアと中間進化枠を段階解禁。,通常系統は両地方で基礎種を捕獲可能。トーホクは早期育成、カントーは高レベル・隠れ特性・タマゴ技探索を担当。,V2二地方生態版／541系統配置マスター＋特殊個体イベントマスター
923,パーモット,pawmot,9,でんき／かくとう,484,通常生態,no,no,未収録・追加対象,新IDへ追加（進化入手）,バッジ3～4個,510～513ばんどうろ,進化,―,連れ歩き1000歩を保存カウンタで判定。未対応時は「ほこうのあかし」を使用。,全国研究図鑑へ登録（トーホク386完成条件には含めない）,NATIONAL_EXT_0923（新規16bit ID）,パモ,パモ → パモット → パーモット,外来生態レイヤーへ追加,T501,501ばんどうろ／すいどう,草むらオーバーレイ,Lv.2～5,追加抽選3～6%,本編必須フラグを変更せず、外来生態フラグ・時間帯・DexNav・大量発生で制御,K01,1ばんどうろ,草むらオーバーレイ,Lv.68～72,通常表8～15%,ベガ初回殿堂入り後。認定章数でエリアと中間進化枠を段階解禁。,トーホクは本編で使える低～中レベル基礎種、カントーは高レベル個体・中間進化・隠れ特性探索を担当。,ベガ既存11枠を上書きせず、CFRU側の条件付きオーバーレイ／DexNav／大量発生へ登録,P1,パモをトーホクで捕獲して進化,501ばんどうろ／すいどう,進化／殿堂入り後DexNavで中間進化が稀に出現,通常野生は基礎種のみ,本編必須フラグを変更せず、外来生態フラグ・時間帯・DexNav・大量発生で制御,パモをカントーで捕獲して進化,1ばんどうろ,進化／認定章6個以降は中間進化がDexNav希少枠,通常野生は基礎種中心,ベガ初回殿堂入り後。認定章数でエリアと中間進化枠を段階解禁。,通常系統は両地方で基礎種を捕獲可能。トーホクは早期育成、カントーは高レベル・隠れ特性・タマゴ技探索を担当。,V2二地方生態版／541系統配置マスター＋特殊個体イベントマスター
924,ワッカネズミ,tandemaus,9,ノーマル,485,通常生態,no,no,未収録・追加対象,新IDへ追加,殿堂入り後,サファリゾーン中央,大量発生,発生中20～40%,主に基礎形のみ出現。中間・最終進化は原則として育成で入手。時間帯・天候は生態チケットで任意固定可能。,全国研究図鑑へ登録（トーホク386完成条件には含めない）,NATIONAL_EXT_0924（新規16bit ID）,ワッカネズミ,ワッカネズミ → イッカネズミ,外来生態レイヤーへ追加,T502,502ばんどうろ／すいどう,草むらオーバーレイ,Lv.3～6,追加抽選3～6%,本編必須フラグを変更せず、外来生態フラグ・時間帯・DexNav・大量発生で制御,K05,5ばんどうろ,草むらオーバーレイ,Lv.74～79,通常表8～15%,ベガ初回殿堂入り後。認定章数でエリアと中間進化枠を段階解禁。,トーホクは本編で使える低～中レベル基礎種、カントーは高レベル個体・中間進化・隠れ特性探索を担当。,ベガ既存11枠を上書きせず、CFRU側の条件付きオーバーレイ／DexNav／大量発生へ登録,P2,トーホク野生生態,502ばんどうろ／すいどう,草むらオーバーレイ,追加抽選3～6%,本編必須フラグを変更せず、外来生態フラグ・時間帯・DexNav・大量発生で制御,カントー高レベル野生生態,5ばんどうろ,草むらオーバーレイ,通常表8～15%,ベガ初回殿堂入り後。認定章数でエリアと中間進化枠を段階解禁。,通常系統は両地方で基礎種を捕獲可能。トーホクは早期育成、カントーは高レベル・隠れ特性・タマゴ技探索を担当。,V2二地方生態版／541系統配置マスター＋特殊個体イベントマスター
925,イッカネズミ,maushold,9,ノーマル,485,通常生態,no,no,未収録・追加対象,新IDへ追加（進化入手）,殿堂入り後,サファリゾーン中央,進化,―,その他＋Lv.25以上（CFRU/DPEの対応トリガーを使用。通信・RTC必須にはしない）,全国研究図鑑へ登録（トーホク386完成条件には含めない）,NATIONAL_EXT_0925（新規16bit ID）,ワッカネズミ,ワッカネズミ → イッカネズミ,外来生態レイヤーへ追加,T502,502ばんどうろ／すいどう,草むらオーバーレイ,Lv.3～6,追加抽選3～6%,本編必須フラグを変更せず、外来生態フラグ・時間帯・DexNav・大量発生で制御,K05,5ばんどうろ,草むらオーバーレイ,Lv.74～79,通常表8～15%,ベガ初回殿堂入り後。認定章数でエリアと中間進化枠を段階解禁。,トーホクは本編で使える低～中レベル基礎種、カントーは高レベル個体・中間進化・隠れ特性探索を担当。,ベガ既存11枠を上書きせず、CFRU側の条件付きオーバーレイ／DexNav／大量発生へ登録,P2,ワッカネズミをトーホクで捕獲して進化,502ばんどうろ／すいどう,進化／殿堂入り後DexNavで中間進化が稀に出現,通常野生は基礎種のみ,本編必須フラグを変更せず、外来生態フラグ・時間帯・DexNav・大量発生で制御,ワッカネズミをカントーで捕獲して進化,5ばんどうろ,進化／認定章6個以降は中間進化がDexNav希少枠,通常野生は基礎種中心,ベガ初回殿堂入り後。認定章数でエリアと中間進化枠を段階解禁。,通常系統は両地方で基礎種を捕獲可能。トーホクは早期育成、カントーは高レベル・隠れ特性・タマゴ技探索を担当。,V2二地方生態版／541系統配置マスター＋特殊個体イベントマスター
926,パピモッチ,fidough,9,フェアリー,486,通常生態,no,no,未収録・追加対象,新IDへ追加,殿堂入り後,ニューアイランド,時間帯オーバーレイ,8～12%,主に基礎形のみ出現。中間・最終進化は原則として育成で入手。時間帯・天候は生態チケットで任意固定可能。,全国研究図鑑へ登録（トーホク386完成条件には含めない）,NATIONAL_EXT_0926（新規16bit ID）,パピモッチ,パピモッチ → バウッツェル,外来生態レイヤーへ追加,T504,504ばんどうろ／すいどう,大量発生,Lv.9～13,通常0%／発生中20～35%,本編必須フラグを変更せず、外来生態フラグ・時間帯・DexNav・大量発生で制御,K05,5ばんどうろ,草むらオーバーレイ,Lv.74～79,通常表8～15%,ベガ初回殿堂入り後。認定章数でエリアと中間進化枠を段階解禁。,トーホクは本編で使える低～中レベル基礎種、カントーは高レベル個体・中間進化・隠れ特性探索を担当。,ベガ既存11枠を上書きせず、CFRU側の条件付きオーバーレイ／DexNav／大量発生へ登録,P2,トーホク野生生態,504ばんどうろ／すいどう,大量発生,通常0%／発生中20～35%,本編必須フラグを変更せず、外来生態フラグ・時間帯・DexNav・大量発生で制御,カントー高レベル野生生態,5ばんどうろ,草むらオーバーレイ,通常表8～15%,ベガ初回殿堂入り後。認定章数でエリアと中間進化枠を段階解禁。,通常系統は両地方で基礎種を捕獲可能。トーホクは早期育成、カントーは高レベル・隠れ特性・タマゴ技探索を担当。,V2二地方生態版／541系統配置マスター＋特殊個体イベントマスター
927,バウッツェル,dachsbun,9,フェアリー,486,通常生態,no,no,未収録・追加対象,新IDへ追加（進化入手）,殿堂入り後,ニューアイランド,進化,―,レベルアップ＋Lv.26以上（CFRU/DPEの対応トリガーを使用。通信・RTC必須にはしない）,全国研究図鑑へ登録（トーホク386完成条件には含めない）,NATIONAL_EXT_0927（新規16bit ID）,パピモッチ,パピモッチ → バウッツェル,外来生態レイヤーへ追加,T504,504ばんどうろ／すいどう,大量発生,Lv.9～13,通常0%／発生中20～35%,本編必須フラグを変更せず、外来生態フラグ・時間帯・DexNav・大量発生で制御,K05,5ばんどうろ,草むらオーバーレイ,Lv.74～79,通常表8～15%,ベガ初回殿堂入り後。認定章数でエリアと中間進化枠を段階解禁。,トーホクは本編で使える低～中レベル基礎種、カントーは高レベル個体・中間進化・隠れ特性探索を担当。,ベガ既存11枠を上書きせず、CFRU側の条件付きオーバーレイ／DexNav／大量発生へ登録,P2,パピモッチをトーホクで捕獲して進化,504ばんどうろ／すいどう,進化／殿堂入り後DexNavで中間進化が稀に出現,通常野生は基礎種のみ,本編必須フラグを変更せず、外来生態フラグ・時間帯・DexNav・大量発生で制御,パピモッチをカントーで捕獲して進化,5ばんどうろ,進化／認定章6個以降は中間進化がDexNav希少枠,通常野生は基礎種中心,ベガ初回殿堂入り後。認定章数でエリアと中間進化枠を段階解禁。,通常系統は両地方で基礎種を捕獲可能。トーホクは早期育成、カントーは高レベル・隠れ特性・タマゴ技探索を担当。,V2二地方生態版／541系統配置マスター＋特殊個体イベントマスター
928,ミニーブ,smoliv,9,くさ／ノーマル,487,通常生態,no,no,未収録・追加対象,新IDへ追加,殿堂入り後,サファリゾーン東,ずつき,8～12%,主に基礎形のみ出現。中間・最終進化は原則として育成で入手。時間帯・天候は生態チケットで任意固定可能。,全国研究図鑑へ登録（トーホク386完成条件には含めない）,NATIONAL_EXT_0928（新規16bit ID）,ミニーブ,ミニーブ → オリーニョ → オリーヴァ,外来生態レイヤーへ追加,T504,504ばんどうろ／すいどう,大量発生,Lv.9～13,通常0%／発生中20～35%,本編必須フラグを変更せず、外来生態フラグ・時間帯・DexNav・大量発生で制御,K33,タマムシ温室,ずつき／朝昼オーバーレイ,Lv.82～90,通常表8～15%,ベガ初回殿堂入り後。認定章数でエリアと中間進化枠を段階解禁。,トーホクは本編で使える低～中レベル基礎種、カントーは高レベル個体・中間進化・隠れ特性探索を担当。,ベガ既存11枠を上書きせず、CFRU側の条件付きオーバーレイ／DexNav／大量発生へ登録,P2,トーホク野生生態,504ばんどうろ／すいどう,大量発生,通常0%／発生中20～35%,本編必須フラグを変更せず、外来生態フラグ・時間帯・DexNav・大量発生で制御,カントー高レベル野生生態,タマムシ温室,ずつき／朝昼オーバーレイ,通常表8～15%,ベガ初回殿堂入り後。認定章数でエリアと中間進化枠を段階解禁。,通常系統は両地方で基礎種を捕獲可能。トーホクは早期育成、カントーは高レベル・隠れ特性・タマゴ技探索を担当。,V2二地方生態版／541系統配置マスター＋特殊個体イベントマスター
929,オリーニョ,dolliv,9,くさ／ノーマル,487,通常生態,no,no,未収録・追加対象,新IDへ追加（進化入手）,殿堂入り後,サファリゾーン東,進化,―,レベルアップ＋Lv.25以上（CFRU/DPEの対応トリガーを使用。通信・RTC必須にはしない）,全国研究図鑑へ登録（トーホク386完成条件には含めない）,NATIONAL_EXT_0929（新規16bit ID）,ミニーブ,ミニーブ → オリーニョ → オリーヴァ,外来生態レイヤーへ追加,T504,504ばんどうろ／すいどう,大量発生,Lv.9～13,通常0%／発生中20～35%,本編必須フラグを変更せず、外来生態フラグ・時間帯・DexNav・大量発生で制御,K33,タマムシ温室,ずつき／朝昼オーバーレイ,Lv.82～90,通常表8～15%,ベガ初回殿堂入り後。認定章数でエリアと中間進化枠を段階解禁。,トーホクは本編で使える低～中レベル基礎種、カントーは高レベル個体・中間進化・隠れ特性探索を担当。,ベガ既存11枠を上書きせず、CFRU側の条件付きオーバーレイ／DexNav／大量発生へ登録,P2,ミニーブをトーホクで捕獲して進化,504ばんどうろ／すいどう,進化／殿堂入り後DexNavで中間進化が稀に出現,通常野生は基礎種のみ,本編必須フラグを変更せず、外来生態フラグ・時間帯・DexNav・大量発生で制御,ミニーブをカントーで捕獲して進化,タマムシ温室,進化／認定章6個以降は中間進化がDexNav希少枠,通常野生は基礎種中心,ベガ初回殿堂入り後。認定章数でエリアと中間進化枠を段階解禁。,通常系統は両地方で基礎種を捕獲可能。トーホクは早期育成、カントーは高レベル・隠れ特性・タマゴ技探索を担当。,V2二地方生態版／541系統配置マスター＋特殊個体イベントマスター
930,オリーヴァ,arboliva,9,くさ／ノーマル,487,通常生態,no,no,未収録・追加対象,新IDへ追加（進化入手）,殿堂入り後,サファリゾーン東,進化,―,レベルアップ＋Lv.35以上（CFRU/DPEの対応トリガーを使用。通信・RTC必須にはしない）,全国研究図鑑へ登録（トーホク386完成条件には含めない）,NATIONAL_EXT_0930（新規16bit ID）,ミニーブ,ミニーブ → オリーニョ → オリーヴァ,外来生態レイヤーへ追加,T504,504ばんどうろ／すいどう,大量発生,Lv.9～13,通常0%／発生中20～35%,本編必須フラグを変更せず、外来生態フラグ・時間帯・DexNav・大量発生で制御,K33,タマムシ温室,ずつき／朝昼オーバーレイ,Lv.82～90,通常表8～15%,ベガ初回殿堂入り後。認定章数でエリアと中間進化枠を段階解禁。,トーホクは本編で使える低～中レベル基礎種、カントーは高レベル個体・中間進化・隠れ特性探索を担当。,ベガ既存11枠を上書きせず、CFRU側の条件付きオーバーレイ／DexNav／大量発生へ登録,P2,ミニーブをトーホクで捕獲して進化,504ばんどうろ／すいどう,進化／殿堂入り後DexNavで中間進化が稀に出現,通常野生は基礎種のみ,本編必須フラグを変更せず、外来生態フラグ・時間帯・DexNav・大量発生で制御,ミニーブをカントーで捕獲して進化,タマムシ温室,進化／認定章6個以降は中間進化がDexNav希少枠,通常野生は基礎種中心,ベガ初回殿堂入り後。認定章数でエリアと中間進化枠を段階解禁。,通常系統は両地方で基礎種を捕獲可能。トーホクは早期育成、カントーは高レベル・隠れ特性・タマゴ技探索を担当。,V2二地方生態版／541系統配置マスター＋特殊個体イベントマスター
931,イキリンコ,squawkabilly,9,ノーマル／ひこう,488,通常生態,no,no,未収録・追加対象,新IDへ追加,殿堂入り後,521～523ばんどうろ,草むらオーバーレイ,8～12%,主に基礎形のみ出現。中間・最終進化は原則として育成で入手。時間帯・天候は生態チケットで任意固定可能。,全国研究図鑑へ登録（トーホク386完成条件には含めない）,NATIONAL_EXT_0931（新規16bit ID）,イキリンコ,イキリンコ,外来生態レイヤーへ追加,T517,517ばんどうろ／すいどう,草むらオーバーレイ,Lv.38～45,追加抽選3～6%,本編必須フラグを変更せず、外来生態フラグ・時間帯・DexNav・大量発生で制御,K11,11ばんどうろ,草むらオーバーレイ,Lv.76～82,通常表8～15%,ベガ初回殿堂入り後。認定章数でエリアと中間進化枠を段階解禁。,トーホクは本編で使える低～中レベル基礎種、カントーは高レベル個体・中間進化・隠れ特性探索を担当。,ベガ既存11枠を上書きせず、CFRU側の条件付きオーバーレイ／DexNav／大量発生へ登録,P2,トーホク野生生態,517ばんどうろ／すいどう,草むらオーバーレイ,追加抽選3～6%,本編必須フラグを変更せず、外来生態フラグ・時間帯・DexNav・大量発生で制御,カントー高レベル野生生態,11ばんどうろ,草むらオーバーレイ,通常表8～15%,ベガ初回殿堂入り後。認定章数でエリアと中間進化枠を段階解禁。,通常系統は両地方で基礎種を捕獲可能。トーホクは早期育成、カントーは高レベル・隠れ特性・タマゴ技探索を担当。,V2二地方生態版／541系統配置マスター＋特殊個体イベントマスター
932,コジオ,nacli,9,いわ,489,通常生態,no,no,未収録・追加対象,新IDへ追加,殿堂入り後,チャンピオンロード,図鑑ナビ隠し枠,通常表0%／ナビ検索時1～5%,主に基礎形のみ出現。中間・最終進化は原則として育成で入手。時間帯・天候は生態チケットで任意固定可能。,全国研究図鑑へ登録（トーホク386完成条件には含めない）,NATIONAL_EXT_0932（新規16bit ID）,コジオ,コジオ → ジオヅム → キョジオーン,外来生態レイヤーへ追加,T024,ちえのどうくつ,いわくだき／DexNav,Lv.6～9／殿堂入り後Lv.44～48,通常0%／DexNav 2～5%,本編必須フラグを変更せず、外来生態フラグ・時間帯・DexNav・大量発生で制御,K27,おつきみやま,いわくだき／DexNav,Lv.73～80,通常0%／DexNav 2～5%,ベガ初回殿堂入り後。認定章数でエリアと中間進化枠を段階解禁。,トーホクは本編で使える低～中レベル基礎種、カントーは高レベル個体・中間進化・隠れ特性探索を担当。,ベガ既存11枠を上書きせず、CFRU側の条件付きオーバーレイ／DexNav／大量発生へ登録,P2,トーホク野生生態,ちえのどうくつ,いわくだき／DexNav,通常0%／DexNav 2～5%,本編必須フラグを変更せず、外来生態フラグ・時間帯・DexNav・大量発生で制御,カントー高レベル野生生態,おつきみやま,いわくだき／DexNav,通常0%／DexNav 2～5%,ベガ初回殿堂入り後。認定章数でエリアと中間進化枠を段階解禁。,通常系統は両地方で基礎種を捕獲可能。トーホクは早期育成、カントーは高レベル・隠れ特性・タマゴ技探索を担当。,V2二地方生態版／541系統配置マスター＋特殊個体イベントマスター
933,ジオヅム,naclstack,9,いわ,489,通常生態,no,no,未収録・追加対象,新IDへ追加（進化入手）,殿堂入り後,チャンピオンロード,進化,―,レベルアップ＋Lv.24以上（CFRU/DPEの対応トリガーを使用。通信・RTC必須にはしない）,全国研究図鑑へ登録（トーホク386完成条件には含めない）,NATIONAL_EXT_0933（新規16bit ID）,コジオ,コジオ → ジオヅム → キョジオーン,外来生態レイヤーへ追加,T024,ちえのどうくつ,いわくだき／DexNav,Lv.6～9／殿堂入り後Lv.44～48,通常0%／DexNav 2～5%,本編必須フラグを変更せず、外来生態フラグ・時間帯・DexNav・大量発生で制御,K27,おつきみやま,いわくだき／DexNav,Lv.73～80,通常0%／DexNav 2～5%,ベガ初回殿堂入り後。認定章数でエリアと中間進化枠を段階解禁。,トーホクは本編で使える低～中レベル基礎種、カントーは高レベル個体・中間進化・隠れ特性探索を担当。,ベガ既存11枠を上書きせず、CFRU側の条件付きオーバーレイ／DexNav／大量発生へ登録,P2,コジオをトーホクで捕獲して進化,ちえのどうくつ,進化／殿堂入り後DexNavで中間進化が稀に出現,通常野生は基礎種のみ,本編必須フラグを変更せず、外来生態フラグ・時間帯・DexNav・大量発生で制御,コジオをカントーで捕獲して進化,おつきみやま,進化／認定章6個以降は中間進化がDexNav希少枠,通常野生は基礎種中心,ベガ初回殿堂入り後。認定章数でエリアと中間進化枠を段階解禁。,通常系統は両地方で基礎種を捕獲可能。トーホクは早期育成、カントーは高レベル・隠れ特性・タマゴ技探索を担当。,V2二地方生態版／541系統配置マスター＋特殊個体イベントマスター
934,キョジオーン,garganacl,9,いわ,489,通常生態,no,no,未収録・追加対象,新IDへ追加（進化入手）,殿堂入り後,チャンピオンロード,進化,―,レベルアップ＋Lv.38以上（CFRU/DPEの対応トリガーを使用。通信・RTC必須にはしない）,全国研究図鑑へ登録（トーホク386完成条件には含めない）,NATIONAL_EXT_0934（新規16bit ID）,コジオ,コジオ → ジオヅム → キョジオーン,外来生態レイヤーへ追加,T024,ちえのどうくつ,いわくだき／DexNav,Lv.6～9／殿堂入り後Lv.44～48,通常0%／DexNav 2～5%,本編必須フラグを変更せず、外来生態フラグ・時間帯・DexNav・大量発生で制御,K27,おつきみやま,いわくだき／DexNav,Lv.73～80,通常0%／DexNav 2～5%,ベガ初回殿堂入り後。認定章数でエリアと中間進化枠を段階解禁。,トーホクは本編で使える低～中レベル基礎種、カントーは高レベル個体・中間進化・隠れ特性探索を担当。,ベガ既存11枠を上書きせず、CFRU側の条件付きオーバーレイ／DexNav／大量発生へ登録,P2,コジオをトーホクで捕獲して進化,ちえのどうくつ,進化／殿堂入り後DexNavで中間進化が稀に出現,通常野生は基礎種のみ,本編必須フラグを変更せず、外来生態フラグ・時間帯・DexNav・大量発生で制御,コジオをカントーで捕獲して進化,おつきみやま,進化／認定章6個以降は中間進化がDexNav希少枠,通常野生は基礎種中心,ベガ初回殿堂入り後。認定章数でエリアと中間進化枠を段階解禁。,通常系統は両地方で基礎種を捕獲可能。トーホクは早期育成、カントーは高レベル・隠れ特性・タマゴ技探索を担当。,V2二地方生態版／541系統配置マスター＋特殊個体イベントマスター
935,カルボウ,charcadet,9,ほのお,490,通常生態,no,no,未収録・追加対象,新IDへ追加,殿堂入り後,スフィアいせき,図鑑ナビ隠し枠,通常表0%／ナビ検索時1～5%,主に基礎形のみ出現。中間・最終進化は原則として育成で入手。時間帯・天候は生態チケットで任意固定可能。,全国研究図鑑へ登録（トーホク386完成条件には含めない）,NATIONAL_EXT_0935（新規16bit ID）,カルボウ,カルボウ → グレンアルマ → ソウブレイズ,外来生態レイヤーへ追加,T028,ひのしま,洞窟・屋内オーバーレイ,Lv.30～40／殿堂入り後Lv.55～70,追加抽選3～6%,本編必須フラグを変更せず、外来生態フラグ・時間帯・DexNav・大量発生で制御,K39,ポケモンやしき,夜間オーバーレイ,Lv.91～98,夜間8～12%,ベガ初回殿堂入り後。認定章数でエリアと中間進化枠を段階解禁。,トーホクは本編で使える低～中レベル基礎種、カントーは高レベル個体・中間進化・隠れ特性探索を担当。,ベガ既存11枠を上書きせず、CFRU側の条件付きオーバーレイ／DexNav／大量発生へ登録,P2,トーホク野生生態,ひのしま,洞窟・屋内オーバーレイ,追加抽選3～6%,本編必須フラグを変更せず、外来生態フラグ・時間帯・DexNav・大量発生で制御,カントー高レベル野生生態,ポケモンやしき,夜間オーバーレイ,夜間8～12%,ベガ初回殿堂入り後。認定章数でエリアと中間進化枠を段階解禁。,通常系統は両地方で基礎種を捕獲可能。トーホクは早期育成、カントーは高レベル・隠れ特性・タマゴ技探索を担当。,V2二地方生態版／541系統配置マスター＋特殊個体イベントマスター
936,グレンアルマ,armarouge,9,ほのお／エスパー,490,通常生態,no,no,未収録・追加対象,新IDへ追加（進化入手）,殿堂入り後,スフィアいせき,進化,―,道具使用＋イワイノヨロイを使う（CFRU/DPEの対応トリガーを使用。通信・RTC必須にはしない）,全国研究図鑑へ登録（トーホク386完成条件には含めない）,NATIONAL_EXT_0936（新規16bit ID）,カルボウ,カルボウ → グレンアルマ → ソウブレイズ,外来生態レイヤーへ追加,T028,ひのしま,洞窟・屋内オーバーレイ,Lv.30～40／殿堂入り後Lv.55～70,追加抽選3～6%,本編必須フラグを変更せず、外来生態フラグ・時間帯・DexNav・大量発生で制御,K39,ポケモンやしき,夜間オーバーレイ,Lv.91～98,夜間8～12%,ベガ初回殿堂入り後。認定章数でエリアと中間進化枠を段階解禁。,トーホクは本編で使える低～中レベル基礎種、カントーは高レベル個体・中間進化・隠れ特性探索を担当。,ベガ既存11枠を上書きせず、CFRU側の条件付きオーバーレイ／DexNav／大量発生へ登録,P2,カルボウをトーホクで捕獲して進化,ひのしま,進化／殿堂入り後DexNavで中間進化が稀に出現,通常野生は基礎種のみ,本編必須フラグを変更せず、外来生態フラグ・時間帯・DexNav・大量発生で制御,カルボウをカントーで捕獲して進化,ポケモンやしき,進化／認定章6個以降は中間進化がDexNav希少枠,通常野生は基礎種中心,ベガ初回殿堂入り後。認定章数でエリアと中間進化枠を段階解禁。,通常系統は両地方で基礎種を捕獲可能。トーホクは早期育成、カントーは高レベル・隠れ特性・タマゴ技探索を担当。,V2二地方生態版／541系統配置マスター＋特殊個体イベントマスター
937,ソウブレイズ,ceruledge,9,ほのお／ゴースト,490,通常生態,no,no,未収録・追加対象,新IDへ追加（進化入手）,殿堂入り後,スフィアいせき,進化,―,道具使用＋ノロイノヨロイを使う（CFRU/DPEの対応トリガーを使用。通信・RTC必須にはしない）,全国研究図鑑へ登録（トーホク386完成条件には含めない）,NATIONAL_EXT_0937（新規16bit ID）,カルボウ,カルボウ → グレンアルマ → ソウブレイズ,外来生態レイヤーへ追加,T028,ひのしま,洞窟・屋内オーバーレイ,Lv.30～40／殿堂入り後Lv.55～70,追加抽選3～6%,本編必須フラグを変更せず、外来生態フラグ・時間帯・DexNav・大量発生で制御,K39,ポケモンやしき,夜間オーバーレイ,Lv.91～98,夜間8～12%,ベガ初回殿堂入り後。認定章数でエリアと中間進化枠を段階解禁。,トーホクは本編で使える低～中レベル基礎種、カントーは高レベル個体・中間進化・隠れ特性探索を担当。,ベガ既存11枠を上書きせず、CFRU側の条件付きオーバーレイ／DexNav／大量発生へ登録,P2,カルボウをトーホクで捕獲して進化,ひのしま,進化／殿堂入り後DexNavで中間進化が稀に出現,通常野生は基礎種のみ,本編必須フラグを変更せず、外来生態フラグ・時間帯・DexNav・大量発生で制御,カルボウをカントーで捕獲して進化,ポケモンやしき,進化／認定章6個以降は中間進化がDexNav希少枠,通常野生は基礎種中心,ベガ初回殿堂入り後。認定章数でエリアと中間進化枠を段階解禁。,通常系統は両地方で基礎種を捕獲可能。トーホクは早期育成、カントーは高レベル・隠れ特性・タマゴ技探索を担当。,V2二地方生態版／541系統配置マスター＋特殊個体イベントマスター
938,ズピカ,tadbulb,9,でんき,491,通常生態,no,no,未収録・追加対象,新IDへ追加,バッジ7～8個,サファリゾーン中央,図鑑ナビ隠し枠,通常表0%／ナビ検索時1～5%,主に基礎形のみ出現。中間・最終進化は原則として育成で入手。時間帯・天候は生態チケットで任意固定可能。,全国研究図鑑へ登録（トーホク386完成条件には含めない）,NATIONAL_EXT_0938（新規16bit ID）,ズピカ,ズピカ → ハラバリー,外来生態レイヤーへ追加,T508,508ばんどうろ／すいどう,草むらオーバーレイ,Lv.19～25,追加抽選3～6%,本編必須フラグを変更せず、外来生態フラグ・時間帯・DexNav・大量発生で制御,K40,むじんはつでんしょ,洞窟・屋内オーバーレイ,Lv.82～94,通常表8～15%,ベガ初回殿堂入り後。認定章数でエリアと中間進化枠を段階解禁。,トーホクは本編で使える低～中レベル基礎種、カントーは高レベル個体・中間進化・隠れ特性探索を担当。,ベガ既存11枠を上書きせず、CFRU側の条件付きオーバーレイ／DexNav／大量発生へ登録,P1,トーホク野生生態,508ばんどうろ／すいどう,草むらオーバーレイ,追加抽選3～6%,本編必須フラグを変更せず、外来生態フラグ・時間帯・DexNav・大量発生で制御,カントー高レベル野生生態,むじんはつでんしょ,洞窟・屋内オーバーレイ,通常表8～15%,ベガ初回殿堂入り後。認定章数でエリアと中間進化枠を段階解禁。,通常系統は両地方で基礎種を捕獲可能。トーホクは早期育成、カントーは高レベル・隠れ特性・タマゴ技探索を担当。,V2二地方生態版／541系統配置マスター＋特殊個体イベントマスター
939,ハラバリー,bellibolt,9,でんき,491,通常生態,no,no,未収録・追加対象,新IDへ追加（進化入手）,バッジ7～8個,サファリゾーン中央,進化,―,道具使用＋かみなりのいしを使う（CFRU/DPEの対応トリガーを使用。通信・RTC必須にはしない）,全国研究図鑑へ登録（トーホク386完成条件には含めない）,NATIONAL_EXT_0939（新規16bit ID）,ズピカ,ズピカ → ハラバリー,外来生態レイヤーへ追加,T508,508ばんどうろ／すいどう,草むらオーバーレイ,Lv.19～25,追加抽選3～6%,本編必須フラグを変更せず、外来生態フラグ・時間帯・DexNav・大量発生で制御,K40,むじんはつでんしょ,洞窟・屋内オーバーレイ,Lv.82～94,通常表8～15%,ベガ初回殿堂入り後。認定章数でエリアと中間進化枠を段階解禁。,トーホクは本編で使える低～中レベル基礎種、カントーは高レベル個体・中間進化・隠れ特性探索を担当。,ベガ既存11枠を上書きせず、CFRU側の条件付きオーバーレイ／DexNav／大量発生へ登録,P1,ズピカをトーホクで捕獲して進化,508ばんどうろ／すいどう,進化／殿堂入り後DexNavで中間進化が稀に出現,通常野生は基礎種のみ,本編必須フラグを変更せず、外来生態フラグ・時間帯・DexNav・大量発生で制御,ズピカをカントーで捕獲して進化,むじんはつでんしょ,進化／認定章6個以降は中間進化がDexNav希少枠,通常野生は基礎種中心,ベガ初回殿堂入り後。認定章数でエリアと中間進化枠を段階解禁。,通常系統は両地方で基礎種を捕獲可能。トーホクは早期育成、カントーは高レベル・隠れ特性・タマゴ技探索を担当。,V2二地方生態版／541系統配置マスター＋特殊個体イベントマスター
940,カイデン,wattrel,9,でんき／ひこう,492,通常生態,no,no,未収録・追加対象,新IDへ追加,殿堂入り後,かみなりのしま,草むらオーバーレイ,8～12%,主に基礎形のみ出現。中間・最終進化は原則として育成で入手。時間帯・天候は生態チケットで任意固定可能。,全国研究図鑑へ登録（トーホク386完成条件には含めない）,NATIONAL_EXT_0940（新規16bit ID）,カイデン,カイデン → タイカイデン,外来生態レイヤーへ追加,T507,507ばんどうろ／すいどう,草むらオーバーレイ,Lv.17～23,追加抽選3～6%,本編必須フラグを変更せず、外来生態フラグ・時間帯・DexNav・大量発生で制御,K11,11ばんどうろ,草むらオーバーレイ,Lv.76～82,通常表8～15%,ベガ初回殿堂入り後。認定章数でエリアと中間進化枠を段階解禁。,トーホクは本編で使える低～中レベル基礎種、カントーは高レベル個体・中間進化・隠れ特性探索を担当。,ベガ既存11枠を上書きせず、CFRU側の条件付きオーバーレイ／DexNav／大量発生へ登録,P2,トーホク野生生態,507ばんどうろ／すいどう,草むらオーバーレイ,追加抽選3～6%,本編必須フラグを変更せず、外来生態フラグ・時間帯・DexNav・大量発生で制御,カントー高レベル野生生態,11ばんどうろ,草むらオーバーレイ,通常表8～15%,ベガ初回殿堂入り後。認定章数でエリアと中間進化枠を段階解禁。,通常系統は両地方で基礎種を捕獲可能。トーホクは早期育成、カントーは高レベル・隠れ特性・タマゴ技探索を担当。,V2二地方生態版／541系統配置マスター＋特殊個体イベントマスター
941,タイカイデン,kilowattrel,9,でんき／ひこう,492,通常生態,no,no,未収録・追加対象,新IDへ追加（進化入手）,殿堂入り後,かみなりのしま,進化,―,レベルアップ＋Lv.25以上（CFRU/DPEの対応トリガーを使用。通信・RTC必須にはしない）,全国研究図鑑へ登録（トーホク386完成条件には含めない）,NATIONAL_EXT_0941（新規16bit ID）,カイデン,カイデン → タイカイデン,外来生態レイヤーへ追加,T507,507ばんどうろ／すいどう,草むらオーバーレイ,Lv.17～23,追加抽選3～6%,本編必須フラグを変更せず、外来生態フラグ・時間帯・DexNav・大量発生で制御,K11,11ばんどうろ,草むらオーバーレイ,Lv.76～82,通常表8～15%,ベガ初回殿堂入り後。認定章数でエリアと中間進化枠を段階解禁。,トーホクは本編で使える低～中レベル基礎種、カントーは高レベル個体・中間進化・隠れ特性探索を担当。,ベガ既存11枠を上書きせず、CFRU側の条件付きオーバーレイ／DexNav／大量発生へ登録,P2,カイデンをトーホクで捕獲して進化,507ばんどうろ／すいどう,進化／殿堂入り後DexNavで中間進化が稀に出現,通常野生は基礎種のみ,本編必須フラグを変更せず、外来生態フラグ・時間帯・DexNav・大量発生で制御,カイデンをカントーで捕獲して進化,11ばんどうろ,進化／認定章6個以降は中間進化がDexNav希少枠,通常野生は基礎種中心,ベガ初回殿堂入り後。認定章数でエリアと中間進化枠を段階解禁。,通常系統は両地方で基礎種を捕獲可能。トーホクは早期育成、カントーは高レベル・隠れ特性・タマゴ技探索を担当。,V2二地方生態版／541系統配置マスター＋特殊個体イベントマスター
942,オラチフ,maschiff,9,あく,493,通常生態,no,no,未収録・追加対象,新IDへ追加,バッジ7～8個,ダークタワー,夜間オーバーレイ,8～12%,主に基礎形のみ出現。中間・最終進化は原則として育成で入手。時間帯・天候は生態チケットで任意固定可能。,全国研究図鑑へ登録（トーホク386完成条件には含めない）,NATIONAL_EXT_0942（新規16bit ID）,オラチフ,オラチフ → マフィティフ,外来生態レイヤーへ追加,T515,515ばんどうろ／すいどう,夜間オーバーレイ,Lv.33～40,追加抽選3～6%,本編必須フラグを変更せず、外来生態フラグ・時間帯・DexNav・大量発生で制御,K08,8ばんどうろ,夜間オーバーレイ,Lv.79～84,夜間8～12%,ベガ初回殿堂入り後。認定章数でエリアと中間進化枠を段階解禁。,トーホクは本編で使える低～中レベル基礎種、カントーは高レベル個体・中間進化・隠れ特性探索を担当。,ベガ既存11枠を上書きせず、CFRU側の条件付きオーバーレイ／DexNav／大量発生へ登録,P1,トーホク野生生態,515ばんどうろ／すいどう,夜間オーバーレイ,追加抽選3～6%,本編必須フラグを変更せず、外来生態フラグ・時間帯・DexNav・大量発生で制御,カントー高レベル野生生態,8ばんどうろ,夜間オーバーレイ,夜間8～12%,ベガ初回殿堂入り後。認定章数でエリアと中間進化枠を段階解禁。,通常系統は両地方で基礎種を捕獲可能。トーホクは早期育成、カントーは高レベル・隠れ特性・タマゴ技探索を担当。,V2二地方生態版／541系統配置マスター＋特殊個体イベントマスター
943,マフィティフ,mabosstiff,9,あく,493,通常生態,no,no,未収録・追加対象,新IDへ追加（進化入手）,バッジ7～8個,ダークタワー,進化,―,レベルアップ＋Lv.30以上（CFRU/DPEの対応トリガーを使用。通信・RTC必須にはしない）,全国研究図鑑へ登録（トーホク386完成条件には含めない）,NATIONAL_EXT_0943（新規16bit ID）,オラチフ,オラチフ → マフィティフ,外来生態レイヤーへ追加,T515,515ばんどうろ／すいどう,夜間オーバーレイ,Lv.33～40,追加抽選3～6%,本編必須フラグを変更せず、外来生態フラグ・時間帯・DexNav・大量発生で制御,K08,8ばんどうろ,夜間オーバーレイ,Lv.79～84,夜間8～12%,ベガ初回殿堂入り後。認定章数でエリアと中間進化枠を段階解禁。,トーホクは本編で使える低～中レベル基礎種、カントーは高レベル個体・中間進化・隠れ特性探索を担当。,ベガ既存11枠を上書きせず、CFRU側の条件付きオーバーレイ／DexNav／大量発生へ登録,P1,オラチフをトーホクで捕獲して進化,515ばんどうろ／すいどう,進化／殿堂入り後DexNavで中間進化が稀に出現,通常野生は基礎種のみ,本編必須フラグを変更せず、外来生態フラグ・時間帯・DexNav・大量発生で制御,オラチフをカントーで捕獲して進化,8ばんどうろ,進化／認定章6個以降は中間進化がDexNav希少枠,通常野生は基礎種中心,ベガ初回殿堂入り後。認定章数でエリアと中間進化枠を段階解禁。,通常系統は両地方で基礎種を捕獲可能。トーホクは早期育成、カントーは高レベル・隠れ特性・タマゴ技探索を担当。,V2二地方生態版／541系統配置マスター＋特殊個体イベントマスター
944,シルシュルー,shroodle,9,どく／ノーマル,494,通常生態,no,no,未収録・追加対象,新IDへ追加,殿堂入り後,502ばんどうろ,大量発生,発生中20～40%,主に基礎形のみ出現。中間・最終進化は原則として育成で入手。時間帯・天候は生態チケットで任意固定可能。,全国研究図鑑へ登録（トーホク386完成条件には含めない）,NATIONAL_EXT_0944（新規16bit ID）,シルシュルー,シルシュルー → タギングル,外来生態レイヤーへ追加,T515,515ばんどうろ／すいどう,草むらオーバーレイ,Lv.33～40,追加抽選3～6%,本編必須フラグを変更せず、外来生態フラグ・時間帯・DexNav・大量発生で制御,K07,7ばんどうろ,草むらオーバーレイ,Lv.78～83,通常表8～15%,ベガ初回殿堂入り後。認定章数でエリアと中間進化枠を段階解禁。,トーホクは本編で使える低～中レベル基礎種、カントーは高レベル個体・中間進化・隠れ特性探索を担当。,ベガ既存11枠を上書きせず、CFRU側の条件付きオーバーレイ／DexNav／大量発生へ登録,P2,トーホク野生生態,515ばんどうろ／すいどう,草むらオーバーレイ,追加抽選3～6%,本編必須フラグを変更せず、外来生態フラグ・時間帯・DexNav・大量発生で制御,カントー高レベル野生生態,7ばんどうろ,草むらオーバーレイ,通常表8～15%,ベガ初回殿堂入り後。認定章数でエリアと中間進化枠を段階解禁。,通常系統は両地方で基礎種を捕獲可能。トーホクは早期育成、カントーは高レベル・隠れ特性・タマゴ技探索を担当。,V2二地方生態版／541系統配置マスター＋特殊個体イベントマスター
945,タギングル,grafaiai,9,どく／ノーマル,494,通常生態,no,no,未収録・追加対象,新IDへ追加（進化入手）,殿堂入り後,502ばんどうろ,進化,―,レベルアップ＋Lv.28以上（CFRU/DPEの対応トリガーを使用。通信・RTC必須にはしない）,全国研究図鑑へ登録（トーホク386完成条件には含めない）,NATIONAL_EXT_0945（新規16bit ID）,シルシュルー,シルシュルー → タギングル,外来生態レイヤーへ追加,T515,515ばんどうろ／すいどう,草むらオーバーレイ,Lv.33～40,追加抽選3～6%,本編必須フラグを変更せず、外来生態フラグ・時間帯・DexNav・大量発生で制御,K07,7ばんどうろ,草むらオーバーレイ,Lv.78～83,通常表8～15%,ベガ初回殿堂入り後。認定章数でエリアと中間進化枠を段階解禁。,トーホクは本編で使える低～中レベル基礎種、カントーは高レベル個体・中間進化・隠れ特性探索を担当。,ベガ既存11枠を上書きせず、CFRU側の条件付きオーバーレイ／DexNav／大量発生へ登録,P2,シルシュルーをトーホクで捕獲して進化,515ばんどうろ／すいどう,進化／殿堂入り後DexNavで中間進化が稀に出現,通常野生は基礎種のみ,本編必須フラグを変更せず、外来生態フラグ・時間帯・DexNav・大量発生で制御,シルシュルーをカントーで捕獲して進化,7ばんどうろ,進化／認定章6個以降は中間進化がDexNav希少枠,通常野生は基礎種中心,ベガ初回殿堂入り後。認定章数でエリアと中間進化枠を段階解禁。,通常系統は両地方で基礎種を捕獲可能。トーホクは早期育成、カントーは高レベル・隠れ特性・タマゴ技探索を担当。,V2二地方生態版／541系統配置マスター＋特殊個体イベントマスター
946,アノクサ,bramblin,9,くさ／ゴースト,495,通常生態,no,no,未収録・追加対象,新IDへ追加,バッジ5～6個,こころのやかた,ずつき,8～12%,主に基礎形のみ出現。中間・最終進化は原則として育成で入手。時間帯・天候は生態チケットで任意固定可能。,全国研究図鑑へ登録（トーホク386完成条件には含めない）,NATIONAL_EXT_0946（新規16bit ID）,アノクサ,アノクサ → アノホラグサ,外来生態レイヤーへ追加,T521,521ばんどうろ／すいどう,大量発生,Lv.45～52,通常0%／発生中20～35%,本編必須フラグを変更せず、外来生態フラグ・時間帯・DexNav・大量発生で制御,K17,17ばんどうろ,大量発生,Lv.83～89,通常0%／発生中20～35%,ベガ初回殿堂入り後。認定章数でエリアと中間進化枠を段階解禁。,トーホクは本編で使える低～中レベル基礎種、カントーは高レベル個体・中間進化・隠れ特性探索を担当。,ベガ既存11枠を上書きせず、CFRU側の条件付きオーバーレイ／DexNav／大量発生へ登録,P1,トーホク野生生態,521ばんどうろ／すいどう,大量発生,通常0%／発生中20～35%,本編必須フラグを変更せず、外来生態フラグ・時間帯・DexNav・大量発生で制御,カントー高レベル野生生態,17ばんどうろ,大量発生,通常0%／発生中20～35%,ベガ初回殿堂入り後。認定章数でエリアと中間進化枠を段階解禁。,通常系統は両地方で基礎種を捕獲可能。トーホクは早期育成、カントーは高レベル・隠れ特性・タマゴ技探索を担当。,V2二地方生態版／541系統配置マスター＋特殊個体イベントマスター
947,アノホラグサ,brambleghast,9,くさ／ゴースト,495,通常生態,no,no,未収録・追加対象,新IDへ追加（進化入手）,バッジ5～6個,こころのやかた,進化,―,連れ歩き1000歩を保存カウンタで判定。未対応時は「ほこうのあかし」を使用。,全国研究図鑑へ登録（トーホク386完成条件には含めない）,NATIONAL_EXT_0947（新規16bit ID）,アノクサ,アノクサ → アノホラグサ,外来生態レイヤーへ追加,T521,521ばんどうろ／すいどう,大量発生,Lv.45～52,通常0%／発生中20～35%,本編必須フラグを変更せず、外来生態フラグ・時間帯・DexNav・大量発生で制御,K17,17ばんどうろ,大量発生,Lv.83～89,通常0%／発生中20～35%,ベガ初回殿堂入り後。認定章数でエリアと中間進化枠を段階解禁。,トーホクは本編で使える低～中レベル基礎種、カントーは高レベル個体・中間進化・隠れ特性探索を担当。,ベガ既存11枠を上書きせず、CFRU側の条件付きオーバーレイ／DexNav／大量発生へ登録,P1,アノクサをトーホクで捕獲して進化,521ばんどうろ／すいどう,進化／殿堂入り後DexNavで中間進化が稀に出現,通常野生は基礎種のみ,本編必須フラグを変更せず、外来生態フラグ・時間帯・DexNav・大量発生で制御,アノクサをカントーで捕獲して進化,17ばんどうろ,進化／認定章6個以降は中間進化がDexNav希少枠,通常野生は基礎種中心,ベガ初回殿堂入り後。認定章数でエリアと中間進化枠を段階解禁。,通常系統は両地方で基礎種を捕獲可能。トーホクは早期育成、カントーは高レベル・隠れ特性・タマゴ技探索を担当。,V2二地方生態版／541系統配置マスター＋特殊個体イベントマスター
948,ノノクラゲ,toedscool,9,じめん／くさ,496,通常生態,no,no,未収録・追加対象,新IDへ追加,殿堂入り後,全国生態保護区（サファリ増設区画）,生態保護区ローテーション,対象日10～20%（チケットで固定可）,主に基礎形のみ出現。中間・最終進化は原則として育成で入手。時間帯・天候は生態チケットで任意固定可能。,全国研究図鑑へ登録（トーホク386完成条件には含めない）,NATIONAL_EXT_0948（新規16bit ID）,ノノクラゲ,ノノクラゲ → リククラゲ,外来生態レイヤーへ追加,T026,ハクジのもり,ずつき／朝昼オーバーレイ,Lv.38～48／殿堂入り後Lv.50～65,追加抽選3～6%,本編必須フラグを変更せず、外来生態フラグ・時間帯・DexNav・大量発生で制御,K35,サファリゾーン東,ずつき／朝昼オーバーレイ,Lv.85～94,通常表8～15%,ベガ初回殿堂入り後。認定章数でエリアと中間進化枠を段階解禁。,トーホクは本編で使える低～中レベル基礎種、カントーは高レベル個体・中間進化・隠れ特性探索を担当。,ベガ既存11枠を上書きせず、CFRU側の条件付きオーバーレイ／DexNav／大量発生へ登録,P2,トーホク野生生態,ハクジのもり,ずつき／朝昼オーバーレイ,追加抽選3～6%,本編必須フラグを変更せず、外来生態フラグ・時間帯・DexNav・大量発生で制御,カントー高レベル野生生態,サファリゾーン東,ずつき／朝昼オーバーレイ,通常表8～15%,ベガ初回殿堂入り後。認定章数でエリアと中間進化枠を段階解禁。,通常系統は両地方で基礎種を捕獲可能。トーホクは早期育成、カントーは高レベル・隠れ特性・タマゴ技探索を担当。,V2二地方生態版／541系統配置マスター＋特殊個体イベントマスター
949,リククラゲ,toedscruel,9,じめん／くさ,496,通常生態,no,no,未収録・追加対象,新IDへ追加（進化入手）,殿堂入り後,全国生態保護区（サファリ増設区画）,進化,―,レベルアップ＋Lv.30以上（CFRU/DPEの対応トリガーを使用。通信・RTC必須にはしない）,全国研究図鑑へ登録（トーホク386完成条件には含めない）,NATIONAL_EXT_0949（新規16bit ID）,ノノクラゲ,ノノクラゲ → リククラゲ,外来生態レイヤーへ追加,T026,ハクジのもり,ずつき／朝昼オーバーレイ,Lv.38～48／殿堂入り後Lv.50～65,追加抽選3～6%,本編必須フラグを変更せず、外来生態フラグ・時間帯・DexNav・大量発生で制御,K35,サファリゾーン東,ずつき／朝昼オーバーレイ,Lv.85～94,通常表8～15%,ベガ初回殿堂入り後。認定章数でエリアと中間進化枠を段階解禁。,トーホクは本編で使える低～中レベル基礎種、カントーは高レベル個体・中間進化・隠れ特性探索を担当。,ベガ既存11枠を上書きせず、CFRU側の条件付きオーバーレイ／DexNav／大量発生へ登録,P2,ノノクラゲをトーホクで捕獲して進化,ハクジのもり,進化／殿堂入り後DexNavで中間進化が稀に出現,通常野生は基礎種のみ,本編必須フラグを変更せず、外来生態フラグ・時間帯・DexNav・大量発生で制御,ノノクラゲをカントーで捕獲して進化,サファリゾーン東,進化／認定章6個以降は中間進化がDexNav希少枠,通常野生は基礎種中心,ベガ初回殿堂入り後。認定章数でエリアと中間進化枠を段階解禁。,通常系統は両地方で基礎種を捕獲可能。トーホクは早期育成、カントーは高レベル・隠れ特性・タマゴ技探索を担当。,V2二地方生態版／541系統配置マスター＋特殊個体イベントマスター
950,ガケガニ,klawf,9,いわ,497,通常生態,no,no,未収録・追加対象,新IDへ追加,殿堂入り後,ちえのどうくつ,いわくだき,4～5%,主に基礎形のみ出現。中間・最終進化は原則として育成で入手。時間帯・天候は生態チケットで任意固定可能。,全国研究図鑑へ登録（トーホク386完成条件には含めない）,NATIONAL_EXT_0950（新規16bit ID）,ガケガニ,ガケガニ,外来生態レイヤーへ追加,T505,505ばんどうろ／すいどう,いわくだき／DexNav,Lv.10～14,通常0%／DexNav 2～5%,本編必須フラグを変更せず、外来生態フラグ・時間帯・DexNav・大量発生で制御,K30,イワヤマトンネル,いわくだき／DexNav,Lv.80～87,通常0%／DexNav 2～5%,ベガ初回殿堂入り後。認定章数でエリアと中間進化枠を段階解禁。,トーホクは本編で使える低～中レベル基礎種、カントーは高レベル個体・中間進化・隠れ特性探索を担当。,ベガ既存11枠を上書きせず、CFRU側の条件付きオーバーレイ／DexNav／大量発生へ登録,P2,トーホク野生生態,505ばんどうろ／すいどう,いわくだき／DexNav,通常0%／DexNav 2～5%,本編必須フラグを変更せず、外来生態フラグ・時間帯・DexNav・大量発生で制御,カントー高レベル野生生態,イワヤマトンネル,いわくだき／DexNav,通常0%／DexNav 2～5%,ベガ初回殿堂入り後。認定章数でエリアと中間進化枠を段階解禁。,通常系統は両地方で基礎種を捕獲可能。トーホクは早期育成、カントーは高レベル・隠れ特性・タマゴ技探索を担当。,V2二地方生態版／541系統配置マスター＋特殊個体イベントマスター
951,カプサイジ,capsakid,9,くさ,498,通常生態,no,no,未収録・追加対象,新IDへ追加,殿堂入り後,サファリゾーン西,ずつき,8～12%,主に基礎形のみ出現。中間・最終進化は原則として育成で入手。時間帯・天候は生態チケットで任意固定可能。,全国研究図鑑へ登録（トーホク386完成条件には含めない）,NATIONAL_EXT_0951（新規16bit ID）,カプサイジ,カプサイジ → スコヴィラン,外来生態レイヤーへ追加,T028,ひのしま,洞窟・屋内オーバーレイ,Lv.30～40／殿堂入り後Lv.55～70,追加抽選3～6%,本編必須フラグを変更せず、外来生態フラグ・時間帯・DexNav・大量発生で制御,K39,ポケモンやしき,洞窟・屋内オーバーレイ,Lv.91～98,通常表8～15%,ベガ初回殿堂入り後。認定章数でエリアと中間進化枠を段階解禁。,トーホクは本編で使える低～中レベル基礎種、カントーは高レベル個体・中間進化・隠れ特性探索を担当。,ベガ既存11枠を上書きせず、CFRU側の条件付きオーバーレイ／DexNav／大量発生へ登録,P2,トーホク野生生態,ひのしま,洞窟・屋内オーバーレイ,追加抽選3～6%,本編必須フラグを変更せず、外来生態フラグ・時間帯・DexNav・大量発生で制御,カントー高レベル野生生態,ポケモンやしき,洞窟・屋内オーバーレイ,通常表8～15%,ベガ初回殿堂入り後。認定章数でエリアと中間進化枠を段階解禁。,通常系統は両地方で基礎種を捕獲可能。トーホクは早期育成、カントーは高レベル・隠れ特性・タマゴ技探索を担当。,V2二地方生態版／541系統配置マスター＋特殊個体イベントマスター
952,スコヴィラン,scovillain,9,くさ／ほのお,498,通常生態,no,no,未収録・追加対象,新IDへ追加（進化入手）,殿堂入り後,サファリゾーン西,進化,―,道具使用＋ほのおのいしを使う（CFRU/DPEの対応トリガーを使用。通信・RTC必須にはしない）,全国研究図鑑へ登録（トーホク386完成条件には含めない）,NATIONAL_EXT_0952（新規16bit ID）,カプサイジ,カプサイジ → スコヴィラン,外来生態レイヤーへ追加,T028,ひのしま,洞窟・屋内オーバーレイ,Lv.30～40／殿堂入り後Lv.55～70,追加抽選3～6%,本編必須フラグを変更せず、外来生態フラグ・時間帯・DexNav・大量発生で制御,K39,ポケモンやしき,洞窟・屋内オーバーレイ,Lv.91～98,通常表8～15%,ベガ初回殿堂入り後。認定章数でエリアと中間進化枠を段階解禁。,トーホクは本編で使える低～中レベル基礎種、カントーは高レベル個体・中間進化・隠れ特性探索を担当。,ベガ既存11枠を上書きせず、CFRU側の条件付きオーバーレイ／DexNav／大量発生へ登録,P2,カプサイジをトーホクで捕獲して進化,ひのしま,進化／殿堂入り後DexNavで中間進化が稀に出現,通常野生は基礎種のみ,本編必須フラグを変更せず、外来生態フラグ・時間帯・DexNav・大量発生で制御,カプサイジをカントーで捕獲して進化,ポケモンやしき,進化／認定章6個以降は中間進化がDexNav希少枠,通常野生は基礎種中心,ベガ初回殿堂入り後。認定章数でエリアと中間進化枠を段階解禁。,通常系統は両地方で基礎種を捕獲可能。トーホクは早期育成、カントーは高レベル・隠れ特性・タマゴ技探索を担当。,V2二地方生態版／541系統配置マスター＋特殊個体イベントマスター
953,シガロコ,rellor,9,むし,499,通常生態,no,no,未収録・追加対象,新IDへ追加,殿堂入り後,ポケモンじょう,ずつき,8～12%,主に基礎形のみ出現。中間・最終進化は原則として育成で入手。時間帯・天候は生態チケットで任意固定可能。,全国研究図鑑へ登録（トーホク386完成条件には含めない）,NATIONAL_EXT_0953（新規16bit ID）,シガロコ,シガロコ → ベラカス,外来生態レイヤーへ追加,T521,521ばんどうろ／すいどう,草むらオーバーレイ,Lv.45～52,追加抽選3～6%,本編必須フラグを変更せず、外来生態フラグ・時間帯・DexNav・大量発生で制御,K17,17ばんどうろ,草むらオーバーレイ,Lv.83～89,通常表8～15%,ベガ初回殿堂入り後。認定章数でエリアと中間進化枠を段階解禁。,トーホクは本編で使える低～中レベル基礎種、カントーは高レベル個体・中間進化・隠れ特性探索を担当。,ベガ既存11枠を上書きせず、CFRU側の条件付きオーバーレイ／DexNav／大量発生へ登録,P2,トーホク野生生態,521ばんどうろ／すいどう,草むらオーバーレイ,追加抽選3～6%,本編必須フラグを変更せず、外来生態フラグ・時間帯・DexNav・大量発生で制御,カントー高レベル野生生態,17ばんどうろ,草むらオーバーレイ,通常表8～15%,ベガ初回殿堂入り後。認定章数でエリアと中間進化枠を段階解禁。,通常系統は両地方で基礎種を捕獲可能。トーホクは早期育成、カントーは高レベル・隠れ特性・タマゴ技探索を担当。,V2二地方生態版／541系統配置マスター＋特殊個体イベントマスター
954,ベラカス,rabsca,9,むし／エスパー,499,通常生態,no,no,未収録・追加対象,新IDへ追加（進化入手）,殿堂入り後,ポケモンじょう,進化,―,連れ歩き1000歩を保存カウンタで判定。未対応時は「ほこうのあかし」を使用。,全国研究図鑑へ登録（トーホク386完成条件には含めない）,NATIONAL_EXT_0954（新規16bit ID）,シガロコ,シガロコ → ベラカス,外来生態レイヤーへ追加,T521,521ばんどうろ／すいどう,草むらオーバーレイ,Lv.45～52,追加抽選3～6%,本編必須フラグを変更せず、外来生態フラグ・時間帯・DexNav・大量発生で制御,K17,17ばんどうろ,草むらオーバーレイ,Lv.83～89,通常表8～15%,ベガ初回殿堂入り後。認定章数でエリアと中間進化枠を段階解禁。,トーホクは本編で使える低～中レベル基礎種、カントーは高レベル個体・中間進化・隠れ特性探索を担当。,ベガ既存11枠を上書きせず、CFRU側の条件付きオーバーレイ／DexNav／大量発生へ登録,P2,シガロコをトーホクで捕獲して進化,521ばんどうろ／すいどう,進化／殿堂入り後DexNavで中間進化が稀に出現,通常野生は基礎種のみ,本編必須フラグを変更せず、外来生態フラグ・時間帯・DexNav・大量発生で制御,シガロコをカントーで捕獲して進化,17ばんどうろ,進化／認定章6個以降は中間進化がDexNav希少枠,通常野生は基礎種中心,ベガ初回殿堂入り後。認定章数でエリアと中間進化枠を段階解禁。,通常系統は両地方で基礎種を捕獲可能。トーホクは早期育成、カントーは高レベル・隠れ特性・タマゴ技探索を担当。,V2二地方生態版／541系統配置マスター＋特殊個体イベントマスター
955,ヒラヒナ,flittle,9,エスパー,500,通常生態,no,no,未収録・追加対象,新IDへ追加,殿堂入り後,ポケモンじょう,大量発生,発生中20～40%,主に基礎形のみ出現。中間・最終進化は原則として育成で入手。時間帯・天候は生態チケットで任意固定可能。,全国研究図鑑へ登録（トーホク386完成条件には含めない）,NATIONAL_EXT_0955（新規16bit ID）,ヒラヒナ,ヒラヒナ → クエスパトラ,外来生態レイヤーへ追加,T521,521ばんどうろ／すいどう,大量発生,Lv.45～52,通常0%／発生中20～35%,本編必須フラグを変更せず、外来生態フラグ・時間帯・DexNav・大量発生で制御,K17,17ばんどうろ,大量発生,Lv.83～89,通常0%／発生中20～35%,ベガ初回殿堂入り後。認定章数でエリアと中間進化枠を段階解禁。,トーホクは本編で使える低～中レベル基礎種、カントーは高レベル個体・中間進化・隠れ特性探索を担当。,ベガ既存11枠を上書きせず、CFRU側の条件付きオーバーレイ／DexNav／大量発生へ登録,P2,トーホク野生生態,521ばんどうろ／すいどう,大量発生,通常0%／発生中20～35%,本編必須フラグを変更せず、外来生態フラグ・時間帯・DexNav・大量発生で制御,カントー高レベル野生生態,17ばんどうろ,大量発生,通常0%／発生中20～35%,ベガ初回殿堂入り後。認定章数でエリアと中間進化枠を段階解禁。,通常系統は両地方で基礎種を捕獲可能。トーホクは早期育成、カントーは高レベル・隠れ特性・タマゴ技探索を担当。,V2二地方生態版／541系統配置マスター＋特殊個体イベントマスター
956,クエスパトラ,espathra,9,エスパー,500,通常生態,no,no,未収録・追加対象,新IDへ追加（進化入手）,殿堂入り後,ポケモンじょう,進化,―,レベルアップ＋Lv.35以上（CFRU/DPEの対応トリガーを使用。通信・RTC必須にはしない）,全国研究図鑑へ登録（トーホク386完成条件には含めない）,NATIONAL_EXT_0956（新規16bit ID）,ヒラヒナ,ヒラヒナ → クエスパトラ,外来生態レイヤーへ追加,T521,521ばんどうろ／すいどう,大量発生,Lv.45～52,通常0%／発生中20～35%,本編必須フラグを変更せず、外来生態フラグ・時間帯・DexNav・大量発生で制御,K17,17ばんどうろ,大量発生,Lv.83～89,通常0%／発生中20～35%,ベガ初回殿堂入り後。認定章数でエリアと中間進化枠を段階解禁。,トーホクは本編で使える低～中レベル基礎種、カントーは高レベル個体・中間進化・隠れ特性探索を担当。,ベガ既存11枠を上書きせず、CFRU側の条件付きオーバーレイ／DexNav／大量発生へ登録,P2,ヒラヒナをトーホクで捕獲して進化,521ばんどうろ／すいどう,進化／殿堂入り後DexNavで中間進化が稀に出現,通常野生は基礎種のみ,本編必須フラグを変更せず、外来生態フラグ・時間帯・DexNav・大量発生で制御,ヒラヒナをカントーで捕獲して進化,17ばんどうろ,進化／認定章6個以降は中間進化がDexNav希少枠,通常野生は基礎種中心,ベガ初回殿堂入り後。認定章数でエリアと中間進化枠を段階解禁。,通常系統は両地方で基礎種を捕獲可能。トーホクは早期育成、カントーは高レベル・隠れ特性・タマゴ技探索を担当。,V2二地方生態版／541系統配置マスター＋特殊個体イベントマスター
957,カヌチャン,tinkatink,9,フェアリー／はがね,501,通常生態,no,no,未収録・追加対象,新IDへ追加,バッジ7～8個,ときのようかん,大量発生,発生中20～40%,主に基礎形のみ出現。中間・最終進化は原則として育成で入手。時間帯・天候は生態チケットで任意固定可能。,全国研究図鑑へ登録（トーホク386完成条件には含めない）,NATIONAL_EXT_0957（新規16bit ID）,カヌチャン,カヌチャン → ナカヌチャン → デカヌチャン,外来生態レイヤーへ追加,T034,D・Hビル,洞窟・屋内オーバーレイ,Lv.42～55／殿堂入り後Lv.62～78,追加抽選3～6%,本編必須フラグを変更せず、外来生態フラグ・時間帯・DexNav・大量発生で制御,K41,シルフカンパニー,洞窟・屋内オーバーレイ,Lv.90～97（異常遭遇）,通常表8～15%,ベガ初回殿堂入り後。認定章数でエリアと中間進化枠を段階解禁。,トーホクは本編で使える低～中レベル基礎種、カントーは高レベル個体・中間進化・隠れ特性探索を担当。,ベガ既存11枠を上書きせず、CFRU側の条件付きオーバーレイ／DexNav／大量発生へ登録,P1,トーホク野生生態,D・Hビル,洞窟・屋内オーバーレイ,追加抽選3～6%,本編必須フラグを変更せず、外来生態フラグ・時間帯・DexNav・大量発生で制御,カントー高レベル野生生態,シルフカンパニー,洞窟・屋内オーバーレイ,通常表8～15%,ベガ初回殿堂入り後。認定章数でエリアと中間進化枠を段階解禁。,通常系統は両地方で基礎種を捕獲可能。トーホクは早期育成、カントーは高レベル・隠れ特性・タマゴ技探索を担当。,V2二地方生態版／541系統配置マスター＋特殊個体イベントマスター
958,ナカヌチャン,tinkatuff,9,フェアリー／はがね,501,通常生態,no,no,未収録・追加対象,新IDへ追加（進化入手）,バッジ7～8個,ときのようかん,進化,―,レベルアップ＋Lv.24以上（CFRU/DPEの対応トリガーを使用。通信・RTC必須にはしない）,全国研究図鑑へ登録（トーホク386完成条件には含めない）,NATIONAL_EXT_0958（新規16bit ID）,カヌチャン,カヌチャン → ナカヌチャン → デカヌチャン,外来生態レイヤーへ追加,T034,D・Hビル,洞窟・屋内オーバーレイ,Lv.42～55／殿堂入り後Lv.62～78,追加抽選3～6%,本編必須フラグを変更せず、外来生態フラグ・時間帯・DexNav・大量発生で制御,K41,シルフカンパニー,洞窟・屋内オーバーレイ,Lv.90～97（異常遭遇）,通常表8～15%,ベガ初回殿堂入り後。認定章数でエリアと中間進化枠を段階解禁。,トーホクは本編で使える低～中レベル基礎種、カントーは高レベル個体・中間進化・隠れ特性探索を担当。,ベガ既存11枠を上書きせず、CFRU側の条件付きオーバーレイ／DexNav／大量発生へ登録,P1,カヌチャンをトーホクで捕獲して進化,D・Hビル,進化／殿堂入り後DexNavで中間進化が稀に出現,通常野生は基礎種のみ,本編必須フラグを変更せず、外来生態フラグ・時間帯・DexNav・大量発生で制御,カヌチャンをカントーで捕獲して進化,シルフカンパニー,進化／認定章6個以降は中間進化がDexNav希少枠,通常野生は基礎種中心,ベガ初回殿堂入り後。認定章数でエリアと中間進化枠を段階解禁。,通常系統は両地方で基礎種を捕獲可能。トーホクは早期育成、カントーは高レベル・隠れ特性・タマゴ技探索を担当。,V2二地方生態版／541系統配置マスター＋特殊個体イベントマスター
959,デカヌチャン,tinkaton,9,フェアリー／はがね,501,通常生態,no,no,未収録・追加対象,新IDへ追加（進化入手）,バッジ7～8個,ときのようかん,進化,―,レベルアップ＋Lv.38以上（CFRU/DPEの対応トリガーを使用。通信・RTC必須にはしない）,全国研究図鑑へ登録（トーホク386完成条件には含めない）,NATIONAL_EXT_0959（新規16bit ID）,カヌチャン,カヌチャン → ナカヌチャン → デカヌチャン,外来生態レイヤーへ追加,T034,D・Hビル,洞窟・屋内オーバーレイ,Lv.42～55／殿堂入り後Lv.62～78,追加抽選3～6%,本編必須フラグを変更せず、外来生態フラグ・時間帯・DexNav・大量発生で制御,K41,シルフカンパニー,洞窟・屋内オーバーレイ,Lv.90～97（異常遭遇）,通常表8～15%,ベガ初回殿堂入り後。認定章数でエリアと中間進化枠を段階解禁。,トーホクは本編で使える低～中レベル基礎種、カントーは高レベル個体・中間進化・隠れ特性探索を担当。,ベガ既存11枠を上書きせず、CFRU側の条件付きオーバーレイ／DexNav／大量発生へ登録,P1,カヌチャンをトーホクで捕獲して進化,D・Hビル,進化／殿堂入り後DexNavで中間進化が稀に出現,通常野生は基礎種のみ,本編必須フラグを変更せず、外来生態フラグ・時間帯・DexNav・大量発生で制御,カヌチャンをカントーで捕獲して進化,シルフカンパニー,進化／認定章6個以降は中間進化がDexNav希少枠,通常野生は基礎種中心,ベガ初回殿堂入り後。認定章数でエリアと中間進化枠を段階解禁。,通常系統は両地方で基礎種を捕獲可能。トーホクは早期育成、カントーは高レベル・隠れ特性・タマゴ技探索を担当。,V2二地方生態版／541系統配置マスター＋特殊個体イベントマスター
960,ウミディグダ,wiglett,9,みず,502,通常生態,no,no,未収録・追加対象,新IDへ追加,殿堂入り後,サファリゾーン北,水上,8～12%,主に基礎形のみ出現。中間・最終進化は原則として育成で入手。時間帯・天候は生態チケットで任意固定可能。,全国研究図鑑へ登録（トーホク386完成条件には含めない）,NATIONAL_EXT_0960（新規16bit ID）,ウミディグダ,ウミディグダ → ウミトリオ,外来生態レイヤーへ追加,T507,507ばんどうろ／すいどう,水上オーバーレイ,Lv.17～23,追加抽選4～8%,本編必須フラグを変更せず、外来生態フラグ・時間帯・DexNav・大量発生で制御,K19,19ばんどうろ,水上オーバーレイ,Lv.87～92,通常表10～20%,ベガ初回殿堂入り後。認定章数でエリアと中間進化枠を段階解禁。,トーホクは本編で使える低～中レベル基礎種、カントーは高レベル個体・中間進化・隠れ特性探索を担当。,ベガ既存11枠を上書きせず、CFRU側の条件付きオーバーレイ／DexNav／大量発生へ登録,P2,トーホク野生生態,507ばんどうろ／すいどう,水上オーバーレイ,追加抽選4～8%,本編必須フラグを変更せず、外来生態フラグ・時間帯・DexNav・大量発生で制御,カントー高レベル野生生態,19ばんどうろ,水上オーバーレイ,通常表10～20%,ベガ初回殿堂入り後。認定章数でエリアと中間進化枠を段階解禁。,通常系統は両地方で基礎種を捕獲可能。トーホクは早期育成、カントーは高レベル・隠れ特性・タマゴ技探索を担当。,V2二地方生態版／541系統配置マスター＋特殊個体イベントマスター
961,ウミトリオ,wugtrio,9,みず,502,通常生態,no,no,未収録・追加対象,新IDへ追加（進化入手）,殿堂入り後,サファリゾーン北,進化,―,レベルアップ＋Lv.26以上（CFRU/DPEの対応トリガーを使用。通信・RTC必須にはしない）,全国研究図鑑へ登録（トーホク386完成条件には含めない）,NATIONAL_EXT_0961（新規16bit ID）,ウミディグダ,ウミディグダ → ウミトリオ,外来生態レイヤーへ追加,T507,507ばんどうろ／すいどう,水上オーバーレイ,Lv.17～23,追加抽選4～8%,本編必須フラグを変更せず、外来生態フラグ・時間帯・DexNav・大量発生で制御,K19,19ばんどうろ,水上オーバーレイ,Lv.87～92,通常表10～20%,ベガ初回殿堂入り後。認定章数でエリアと中間進化枠を段階解禁。,トーホクは本編で使える低～中レベル基礎種、カントーは高レベル個体・中間進化・隠れ特性探索を担当。,ベガ既存11枠を上書きせず、CFRU側の条件付きオーバーレイ／DexNav／大量発生へ登録,P2,ウミディグダをトーホクで捕獲して進化,507ばんどうろ／すいどう,進化／殿堂入り後DexNavで中間進化が稀に出現,通常野生は基礎種のみ,本編必須フラグを変更せず、外来生態フラグ・時間帯・DexNav・大量発生で制御,ウミディグダをカントーで捕獲して進化,19ばんどうろ,進化／認定章6個以降は中間進化がDexNav希少枠,通常野生は基礎種中心,ベガ初回殿堂入り後。認定章数でエリアと中間進化枠を段階解禁。,通常系統は両地方で基礎種を捕獲可能。トーホクは早期育成、カントーは高レベル・隠れ特性・タマゴ技探索を担当。,V2二地方生態版／541系統配置マスター＋特殊個体イベントマスター
962,オトシドリ,bombirdier,9,ひこう／あく,503,通常生態,no,no,未収録・追加対象,新IDへ追加,殿堂入り後,ダークタワー,図鑑ナビ隠し枠,通常表0%／ナビ検索時1～5%,主に基礎形のみ出現。中間・最終進化は原則として育成で入手。時間帯・天候は生態チケットで任意固定可能。,全国研究図鑑へ登録（トーホク386完成条件には含めない）,NATIONAL_EXT_0962（新規16bit ID）,オトシドリ,オトシドリ,外来生態レイヤーへ追加,T514,514ばんどうろ／すいどう,夜間オーバーレイ,Lv.31～38,追加抽選3～6%,本編必須フラグを変更せず、外来生態フラグ・時間帯・DexNav・大量発生で制御,K16,16ばんどうろ,夜間オーバーレイ,Lv.81～86,夜間8～12%,ベガ初回殿堂入り後。認定章数でエリアと中間進化枠を段階解禁。,トーホクは本編で使える低～中レベル基礎種、カントーは高レベル個体・中間進化・隠れ特性探索を担当。,ベガ既存11枠を上書きせず、CFRU側の条件付きオーバーレイ／DexNav／大量発生へ登録,P2,トーホク野生生態,514ばんどうろ／すいどう,夜間オーバーレイ,追加抽選3～6%,本編必須フラグを変更せず、外来生態フラグ・時間帯・DexNav・大量発生で制御,カントー高レベル野生生態,16ばんどうろ,夜間オーバーレイ,夜間8～12%,ベガ初回殿堂入り後。認定章数でエリアと中間進化枠を段階解禁。,通常系統は両地方で基礎種を捕獲可能。トーホクは早期育成、カントーは高レベル・隠れ特性・タマゴ技探索を担当。,V2二地方生態版／541系統配置マスター＋特殊個体イベントマスター
963,ナミイルカ,finizen,9,みず,504,通常生態,no,no,未収録・追加対象,新IDへ追加,殿堂入り後,507～509ばんどうろ・水道,水上,8～12%,主に基礎形のみ出現。中間・最終進化は原則として育成で入手。時間帯・天候は生態チケットで任意固定可能。,全国研究図鑑へ登録（トーホク386完成条件には含めない）,NATIONAL_EXT_0963（新規16bit ID）,ナミイルカ,ナミイルカ → イルカマン,外来生態レイヤーへ追加,T507,507ばんどうろ／すいどう,水上オーバーレイ,Lv.17～23,追加抽選4～8%,本編必須フラグを変更せず、外来生態フラグ・時間帯・DexNav・大量発生で制御,K19,19ばんどうろ,水上オーバーレイ,Lv.87～92,通常表10～20%,ベガ初回殿堂入り後。認定章数でエリアと中間進化枠を段階解禁。,トーホクは本編で使える低～中レベル基礎種、カントーは高レベル個体・中間進化・隠れ特性探索を担当。,ベガ既存11枠を上書きせず、CFRU側の条件付きオーバーレイ／DexNav／大量発生へ登録,P2,トーホク野生生態,507ばんどうろ／すいどう,水上オーバーレイ,追加抽選4～8%,本編必須フラグを変更せず、外来生態フラグ・時間帯・DexNav・大量発生で制御,カントー高レベル野生生態,19ばんどうろ,水上オーバーレイ,通常表10～20%,ベガ初回殿堂入り後。認定章数でエリアと中間進化枠を段階解禁。,通常系統は両地方で基礎種を捕獲可能。トーホクは早期育成、カントーは高レベル・隠れ特性・タマゴ技探索を担当。,V2二地方生態版／541系統配置マスター＋特殊個体イベントマスター
964,イルカマン,palafin,9,みず,504,通常生態,no,no,未収録・追加対象,新IDへ追加（進化入手）,殿堂入り後,507～509ばんどうろ・水道,進化,―,ユニオンサークルの代わりにダブルバトルを3勝し、「ヒーローのあかし」を持ってLv.38以上で進化。,全国研究図鑑へ登録（トーホク386完成条件には含めない）,NATIONAL_EXT_0964（新規16bit ID）,ナミイルカ,ナミイルカ → イルカマン,外来生態レイヤーへ追加,T507,507ばんどうろ／すいどう,水上オーバーレイ,Lv.17～23,追加抽選4～8%,本編必須フラグを変更せず、外来生態フラグ・時間帯・DexNav・大量発生で制御,K19,19ばんどうろ,水上オーバーレイ,Lv.87～92,通常表10～20%,ベガ初回殿堂入り後。認定章数でエリアと中間進化枠を段階解禁。,トーホクは本編で使える低～中レベル基礎種、カントーは高レベル個体・中間進化・隠れ特性探索を担当。,ベガ既存11枠を上書きせず、CFRU側の条件付きオーバーレイ／DexNav／大量発生へ登録,P2,ナミイルカをトーホクで捕獲して進化,507ばんどうろ／すいどう,進化／殿堂入り後DexNavで中間進化が稀に出現,通常野生は基礎種のみ,本編必須フラグを変更せず、外来生態フラグ・時間帯・DexNav・大量発生で制御,ナミイルカをカントーで捕獲して進化,19ばんどうろ,進化／認定章6個以降は中間進化がDexNav希少枠,通常野生は基礎種中心,ベガ初回殿堂入り後。認定章数でエリアと中間進化枠を段階解禁。,通常系統は両地方で基礎種を捕獲可能。トーホクは早期育成、カントーは高レベル・隠れ特性・タマゴ技探索を担当。,V2二地方生態版／541系統配置マスター＋特殊個体イベントマスター
965,ブロロン,varoom,9,はがね／どく,505,通常生態,no,no,未収録・追加対象,新IDへ追加,バッジ3～4個,503ばんどうろ,図鑑ナビ隠し枠,通常表0%／ナビ検索時1～5%,主に基礎形のみ出現。中間・最終進化は原則として育成で入手。時間帯・天候は生態チケットで任意固定可能。,全国研究図鑑へ登録（トーホク386完成条件には含めない）,NATIONAL_EXT_0965（新規16bit ID）,ブロロン,ブロロン → ブロロローム,外来生態レイヤーへ追加,T034,D・Hビル,洞窟・屋内オーバーレイ,Lv.42～55／殿堂入り後Lv.62～78,追加抽選3～6%,本編必須フラグを変更せず、外来生態フラグ・時間帯・DexNav・大量発生で制御,K32,ロケットだんアジト跡,洞窟・屋内オーバーレイ,Lv.83～91,通常表8～15%,ベガ初回殿堂入り後。認定章数でエリアと中間進化枠を段階解禁。,トーホクは本編で使える低～中レベル基礎種、カントーは高レベル個体・中間進化・隠れ特性探索を担当。,ベガ既存11枠を上書きせず、CFRU側の条件付きオーバーレイ／DexNav／大量発生へ登録,P1,トーホク野生生態,D・Hビル,洞窟・屋内オーバーレイ,追加抽選3～6%,本編必須フラグを変更せず、外来生態フラグ・時間帯・DexNav・大量発生で制御,カントー高レベル野生生態,ロケットだんアジト跡,洞窟・屋内オーバーレイ,通常表8～15%,ベガ初回殿堂入り後。認定章数でエリアと中間進化枠を段階解禁。,通常系統は両地方で基礎種を捕獲可能。トーホクは早期育成、カントーは高レベル・隠れ特性・タマゴ技探索を担当。,V2二地方生態版／541系統配置マスター＋特殊個体イベントマスター
966,ブロロローム,revavroom,9,はがね／どく,505,通常生態,no,no,未収録・追加対象,新IDへ追加（進化入手）,バッジ3～4個,503ばんどうろ,進化,―,レベルアップ＋Lv.40以上（CFRU/DPEの対応トリガーを使用。通信・RTC必須にはしない）,全国研究図鑑へ登録（トーホク386完成条件には含めない）,NATIONAL_EXT_0966（新規16bit ID）,ブロロン,ブロロン → ブロロローム,外来生態レイヤーへ追加,T034,D・Hビル,洞窟・屋内オーバーレイ,Lv.42～55／殿堂入り後Lv.62～78,追加抽選3～6%,本編必須フラグを変更せず、外来生態フラグ・時間帯・DexNav・大量発生で制御,K32,ロケットだんアジト跡,洞窟・屋内オーバーレイ,Lv.83～91,通常表8～15%,ベガ初回殿堂入り後。認定章数でエリアと中間進化枠を段階解禁。,トーホクは本編で使える低～中レベル基礎種、カントーは高レベル個体・中間進化・隠れ特性探索を担当。,ベガ既存11枠を上書きせず、CFRU側の条件付きオーバーレイ／DexNav／大量発生へ登録,P1,ブロロンをトーホクで捕獲して進化,D・Hビル,進化／殿堂入り後DexNavで中間進化が稀に出現,通常野生は基礎種のみ,本編必須フラグを変更せず、外来生態フラグ・時間帯・DexNav・大量発生で制御,ブロロンをカントーで捕獲して進化,ロケットだんアジト跡,進化／認定章6個以降は中間進化がDexNav希少枠,通常野生は基礎種中心,ベガ初回殿堂入り後。認定章数でエリアと中間進化枠を段階解禁。,通常系統は両地方で基礎種を捕獲可能。トーホクは早期育成、カントーは高レベル・隠れ特性・タマゴ技探索を担当。,V2二地方生態版／541系統配置マスター＋特殊個体イベントマスター
967,モトトカゲ,cyclizar,9,ドラゴン／ノーマル,506,通常生態,no,no,未収録・追加対象,新IDへ追加,バッジ1～2個,504～506ばんどうろ,時間帯オーバーレイ,8～12%,主に基礎形のみ出現。中間・最終進化は原則として育成で入手。時間帯・天候は生態チケットで任意固定可能。,全国研究図鑑へ登録（トーホク386完成条件には含めない）,NATIONAL_EXT_0967（新規16bit ID）,モトトカゲ,モトトカゲ,外来生態レイヤーへ追加,T517,517ばんどうろ／すいどう,大量発生,Lv.38～45,通常0%／発生中20～35%,本編必須フラグを変更せず、外来生態フラグ・時間帯・DexNav・大量発生で制御,K17,17ばんどうろ,大量発生,Lv.83～89,通常0%／発生中20～35%,ベガ初回殿堂入り後。認定章数でエリアと中間進化枠を段階解禁。,トーホクは本編で使える低～中レベル基礎種、カントーは高レベル個体・中間進化・隠れ特性探索を担当。,ベガ既存11枠を上書きせず、CFRU側の条件付きオーバーレイ／DexNav／大量発生へ登録,P1,トーホク野生生態,517ばんどうろ／すいどう,大量発生,通常0%／発生中20～35%,本編必須フラグを変更せず、外来生態フラグ・時間帯・DexNav・大量発生で制御,カントー高レベル野生生態,17ばんどうろ,大量発生,通常0%／発生中20～35%,ベガ初回殿堂入り後。認定章数でエリアと中間進化枠を段階解禁。,通常系統は両地方で基礎種を捕獲可能。トーホクは早期育成、カントーは高レベル・隠れ特性・タマゴ技探索を担当。,V2二地方生態版／541系統配置マスター＋特殊個体イベントマスター
968,ミミズズ,orthworm,9,はがね,507,通常生態,no,no,未収録・追加対象,新IDへ追加,殿堂入り後,514～516ばんどうろ,図鑑ナビ隠し枠,通常表0%／ナビ検索時1～5%,主に基礎形のみ出現。中間・最終進化は原則として育成で入手。時間帯・天候は生態チケットで任意固定可能。,全国研究図鑑へ登録（トーホク386完成条件には含めない）,NATIONAL_EXT_0968（新規16bit ID）,ミミズズ,ミミズズ,外来生態レイヤーへ追加,T518,518ばんどうろ／すいどう,いわくだき／DexNav,Lv.40～47,通常0%／DexNav 2～5%,本編必須フラグを変更せず、外来生態フラグ・時間帯・DexNav・大量発生で制御,K28,ディグダのあな,いわくだき／DexNav,Lv.76～83,通常0%／DexNav 2～5%,ベガ初回殿堂入り後。認定章数でエリアと中間進化枠を段階解禁。,トーホクは本編で使える低～中レベル基礎種、カントーは高レベル個体・中間進化・隠れ特性探索を担当。,ベガ既存11枠を上書きせず、CFRU側の条件付きオーバーレイ／DexNav／大量発生へ登録,P2,トーホク野生生態,518ばんどうろ／すいどう,いわくだき／DexNav,通常0%／DexNav 2～5%,本編必須フラグを変更せず、外来生態フラグ・時間帯・DexNav・大量発生で制御,カントー高レベル野生生態,ディグダのあな,いわくだき／DexNav,通常0%／DexNav 2～5%,ベガ初回殿堂入り後。認定章数でエリアと中間進化枠を段階解禁。,通常系統は両地方で基礎種を捕獲可能。トーホクは早期育成、カントーは高レベル・隠れ特性・タマゴ技探索を担当。,V2二地方生態版／541系統配置マスター＋特殊個体イベントマスター
969,キラーメ,glimmet,9,いわ／どく,508,通常生態,no,no,未収録・追加対象,新IDへ追加,バッジ3～4個,かいていトンネル,図鑑ナビ隠し枠,通常表0%／ナビ検索時1～5%,主に基礎形のみ出現。中間・最終進化は原則として育成で入手。時間帯・天候は生態チケットで任意固定可能。,全国研究図鑑へ登録（トーホク386完成条件には含めない）,NATIONAL_EXT_0969（新規16bit ID）,キラーメ,キラーメ → キラフロル,外来生態レイヤーへ追加,T043,スフィアいせき,洞窟・屋内オーバーレイ,Lv.55～70／深層Lv.75～90,追加抽選3～6%,本編必須フラグを変更せず、外来生態フラグ・時間帯・DexNav・大量発生で制御,K39,ポケモンやしき,洞窟・屋内オーバーレイ,Lv.91～98,通常表8～15%,ベガ初回殿堂入り後。認定章数でエリアと中間進化枠を段階解禁。,トーホクは本編で使える低～中レベル基礎種、カントーは高レベル個体・中間進化・隠れ特性探索を担当。,ベガ既存11枠を上書きせず、CFRU側の条件付きオーバーレイ／DexNav／大量発生へ登録,P1,トーホク野生生態,スフィアいせき,洞窟・屋内オーバーレイ,追加抽選3～6%,本編必須フラグを変更せず、外来生態フラグ・時間帯・DexNav・大量発生で制御,カントー高レベル野生生態,ポケモンやしき,洞窟・屋内オーバーレイ,通常表8～15%,ベガ初回殿堂入り後。認定章数でエリアと中間進化枠を段階解禁。,通常系統は両地方で基礎種を捕獲可能。トーホクは早期育成、カントーは高レベル・隠れ特性・タマゴ技探索を担当。,V2二地方生態版／541系統配置マスター＋特殊個体イベントマスター
970,キラフロル,glimmora,9,いわ／どく,508,通常生態,no,no,未収録・追加対象,新IDへ追加（進化入手）,バッジ3～4個,かいていトンネル,進化,―,レベルアップ＋Lv.35以上（CFRU/DPEの対応トリガーを使用。通信・RTC必須にはしない）,全国研究図鑑へ登録（トーホク386完成条件には含めない）,NATIONAL_EXT_0970（新規16bit ID）,キラーメ,キラーメ → キラフロル,外来生態レイヤーへ追加,T043,スフィアいせき,洞窟・屋内オーバーレイ,Lv.55～70／深層Lv.75～90,追加抽選3～6%,本編必須フラグを変更せず、外来生態フラグ・時間帯・DexNav・大量発生で制御,K39,ポケモンやしき,洞窟・屋内オーバーレイ,Lv.91～98,通常表8～15%,ベガ初回殿堂入り後。認定章数でエリアと中間進化枠を段階解禁。,トーホクは本編で使える低～中レベル基礎種、カントーは高レベル個体・中間進化・隠れ特性探索を担当。,ベガ既存11枠を上書きせず、CFRU側の条件付きオーバーレイ／DexNav／大量発生へ登録,P1,キラーメをトーホクで捕獲して進化,スフィアいせき,進化／殿堂入り後DexNavで中間進化が稀に出現,通常野生は基礎種のみ,本編必須フラグを変更せず、外来生態フラグ・時間帯・DexNav・大量発生で制御,キラーメをカントーで捕獲して進化,ポケモンやしき,進化／認定章6個以降は中間進化がDexNav希少枠,通常野生は基礎種中心,ベガ初回殿堂入り後。認定章数でエリアと中間進化枠を段階解禁。,通常系統は両地方で基礎種を捕獲可能。トーホクは早期育成、カントーは高レベル・隠れ特性・タマゴ技探索を担当。,V2二地方生態版／541系統配置マスター＋特殊個体イベントマスター
971,ボチ,greavard,9,ゴースト,509,通常生態,no,no,未収録・追加対象,新IDへ追加,バッジ7～8個,こころのやかた,図鑑ナビ隠し枠,通常表0%／ナビ検索時1～5%,主に基礎形のみ出現。中間・最終進化は原則として育成で入手。時間帯・天候は生態チケットで任意固定可能。,全国研究図鑑へ登録（トーホク386完成条件には含めない）,NATIONAL_EXT_0971（新規16bit ID）,ボチ,ボチ → ハカドッグ,外来生態レイヤーへ追加,T025,こころのやかた,夜間オーバーレイ,Lv.8～13／殿堂入り後Lv.45～48,追加抽選3～6%,本編必須フラグを変更せず、外来生態フラグ・時間帯・DexNav・大量発生で制御,K31,ポケモンタワー,夜間オーバーレイ,Lv.82～90,夜間8～12%,ベガ初回殿堂入り後。認定章数でエリアと中間進化枠を段階解禁。,トーホクは本編で使える低～中レベル基礎種、カントーは高レベル個体・中間進化・隠れ特性探索を担当。,ベガ既存11枠を上書きせず、CFRU側の条件付きオーバーレイ／DexNav／大量発生へ登録,P1,トーホク野生生態,こころのやかた,夜間オーバーレイ,追加抽選3～6%,本編必須フラグを変更せず、外来生態フラグ・時間帯・DexNav・大量発生で制御,カントー高レベル野生生態,ポケモンタワー,夜間オーバーレイ,夜間8～12%,ベガ初回殿堂入り後。認定章数でエリアと中間進化枠を段階解禁。,通常系統は両地方で基礎種を捕獲可能。トーホクは早期育成、カントーは高レベル・隠れ特性・タマゴ技探索を担当。,V2二地方生態版／541系統配置マスター＋特殊個体イベントマスター
972,ハカドッグ,houndstone,9,ゴースト,509,通常生態,no,no,未収録・追加対象,新IDへ追加（進化入手）,バッジ7～8個,こころのやかた,進化,―,レベルアップ＋Lv.30以上＋夜（CFRU/DPEの対応トリガーを使用。通信・RTC必須にはしない）,全国研究図鑑へ登録（トーホク386完成条件には含めない）,NATIONAL_EXT_0972（新規16bit ID）,ボチ,ボチ → ハカドッグ,外来生態レイヤーへ追加,T025,こころのやかた,夜間オーバーレイ,Lv.8～13／殿堂入り後Lv.45～48,追加抽選3～6%,本編必須フラグを変更せず、外来生態フラグ・時間帯・DexNav・大量発生で制御,K31,ポケモンタワー,夜間オーバーレイ,Lv.82～90,夜間8～12%,ベガ初回殿堂入り後。認定章数でエリアと中間進化枠を段階解禁。,トーホクは本編で使える低～中レベル基礎種、カントーは高レベル個体・中間進化・隠れ特性探索を担当。,ベガ既存11枠を上書きせず、CFRU側の条件付きオーバーレイ／DexNav／大量発生へ登録,P1,ボチをトーホクで捕獲して進化,こころのやかた,進化／殿堂入り後DexNavで中間進化が稀に出現,通常野生は基礎種のみ,本編必須フラグを変更せず、外来生態フラグ・時間帯・DexNav・大量発生で制御,ボチをカントーで捕獲して進化,ポケモンタワー,進化／認定章6個以降は中間進化がDexNav希少枠,通常野生は基礎種中心,ベガ初回殿堂入り後。認定章数でエリアと中間進化枠を段階解禁。,通常系統は両地方で基礎種を捕獲可能。トーホクは早期育成、カントーは高レベル・隠れ特性・タマゴ技探索を担当。,V2二地方生態版／541系統配置マスター＋特殊個体イベントマスター
973,カラミンゴ,flamigo,9,ひこう／かくとう,510,通常生態,no,no,未収録・追加対象,新IDへ追加,殿堂入り後,521～523ばんどうろ,草むらオーバーレイ,4～5%,主に基礎形のみ出現。中間・最終進化は原則として育成で入手。時間帯・天候は生態チケットで任意固定可能。,全国研究図鑑へ登録（トーホク386完成条件には含めない）,NATIONAL_EXT_0973（新規16bit ID）,カラミンゴ,カラミンゴ,外来生態レイヤーへ追加,T520,520ばんどうろ／すいどう,大量発生,Lv.42～49,通常0%／発生中20～35%,本編必須フラグを変更せず、外来生態フラグ・時間帯・DexNav・大量発生で制御,K14,14ばんどうろ,大量発生,Lv.84～89,通常0%／発生中20～35%,ベガ初回殿堂入り後。認定章数でエリアと中間進化枠を段階解禁。,トーホクは本編で使える低～中レベル基礎種、カントーは高レベル個体・中間進化・隠れ特性探索を担当。,ベガ既存11枠を上書きせず、CFRU側の条件付きオーバーレイ／DexNav／大量発生へ登録,P2,トーホク野生生態,520ばんどうろ／すいどう,大量発生,通常0%／発生中20～35%,本編必須フラグを変更せず、外来生態フラグ・時間帯・DexNav・大量発生で制御,カントー高レベル野生生態,14ばんどうろ,大量発生,通常0%／発生中20～35%,ベガ初回殿堂入り後。認定章数でエリアと中間進化枠を段階解禁。,通常系統は両地方で基礎種を捕獲可能。トーホクは早期育成、カントーは高レベル・隠れ特性・タマゴ技探索を担当。,V2二地方生態版／541系統配置マスター＋特殊個体イベントマスター
974,アルクジラ,cetoddle,9,こおり,511,通常生態,no,no,未収録・追加対象,新IDへ追加,バッジ3～4個,こおりのしま,大量発生,発生中20～40%,主に基礎形のみ出現。中間・最終進化は原則として育成で入手。時間帯・天候は生態チケットで任意固定可能。,全国研究図鑑へ登録（トーホク386完成条件には含めない）,NATIONAL_EXT_0974（新規16bit ID）,アルクジラ,アルクジラ → ハルクジラ,外来生態レイヤーへ追加,T030,こおりのしま,洞窟・屋内オーバーレイ,Lv.30～40／殿堂入り後Lv.55～70,追加抽選3～6%,本編必須フラグを変更せず、外来生態フラグ・時間帯・DexNav・大量発生で制御,K38,ふたごじま,洞窟・屋内オーバーレイ,Lv.88～96,通常表8～15%,ベガ初回殿堂入り後。認定章数でエリアと中間進化枠を段階解禁。,トーホクは本編で使える低～中レベル基礎種、カントーは高レベル個体・中間進化・隠れ特性探索を担当。,ベガ既存11枠を上書きせず、CFRU側の条件付きオーバーレイ／DexNav／大量発生へ登録,P1,トーホク野生生態,こおりのしま,洞窟・屋内オーバーレイ,追加抽選3～6%,本編必須フラグを変更せず、外来生態フラグ・時間帯・DexNav・大量発生で制御,カントー高レベル野生生態,ふたごじま,洞窟・屋内オーバーレイ,通常表8～15%,ベガ初回殿堂入り後。認定章数でエリアと中間進化枠を段階解禁。,通常系統は両地方で基礎種を捕獲可能。トーホクは早期育成、カントーは高レベル・隠れ特性・タマゴ技探索を担当。,V2二地方生態版／541系統配置マスター＋特殊個体イベントマスター
975,ハルクジラ,cetitan,9,こおり,511,通常生態,no,no,未収録・追加対象,新IDへ追加（進化入手）,バッジ3～4個,こおりのしま,進化,―,道具使用＋こおりのいしを使う（CFRU/DPEの対応トリガーを使用。通信・RTC必須にはしない）,全国研究図鑑へ登録（トーホク386完成条件には含めない）,NATIONAL_EXT_0975（新規16bit ID）,アルクジラ,アルクジラ → ハルクジラ,外来生態レイヤーへ追加,T030,こおりのしま,洞窟・屋内オーバーレイ,Lv.30～40／殿堂入り後Lv.55～70,追加抽選3～6%,本編必須フラグを変更せず、外来生態フラグ・時間帯・DexNav・大量発生で制御,K38,ふたごじま,洞窟・屋内オーバーレイ,Lv.88～96,通常表8～15%,ベガ初回殿堂入り後。認定章数でエリアと中間進化枠を段階解禁。,トーホクは本編で使える低～中レベル基礎種、カントーは高レベル個体・中間進化・隠れ特性探索を担当。,ベガ既存11枠を上書きせず、CFRU側の条件付きオーバーレイ／DexNav／大量発生へ登録,P1,アルクジラをトーホクで捕獲して進化,こおりのしま,進化／殿堂入り後DexNavで中間進化が稀に出現,通常野生は基礎種のみ,本編必須フラグを変更せず、外来生態フラグ・時間帯・DexNav・大量発生で制御,アルクジラをカントーで捕獲して進化,ふたごじま,進化／認定章6個以降は中間進化がDexNav希少枠,通常野生は基礎種中心,ベガ初回殿堂入り後。認定章数でエリアと中間進化枠を段階解禁。,通常系統は両地方で基礎種を捕獲可能。トーホクは早期育成、カントーは高レベル・隠れ特性・タマゴ技探索を担当。,V2二地方生態版／541系統配置マスター＋特殊個体イベントマスター
976,ミガルーサ,veluza,9,みず／エスパー,512,通常生態,no,no,未収録・追加対象,新IDへ追加,殿堂入り後,507～509ばんどうろ・水道,釣り,4～5%,主に基礎形のみ出現。中間・最終進化は原則として育成で入手。時間帯・天候は生態チケットで任意固定可能。,全国研究図鑑へ登録（トーホク386完成条件には含めない）,NATIONAL_EXT_0976（新規16bit ID）,ミガルーサ,ミガルーサ,外来生態レイヤーへ追加,T510,510ばんどうろ／すいどう,水上オーバーレイ,Lv.24～30,追加抽選4～8%,本編必須フラグを変更せず、外来生態フラグ・時間帯・DexNav・大量発生で制御,K19,19ばんどうろ,水上オーバーレイ,Lv.87～92,通常表10～20%,ベガ初回殿堂入り後。認定章数でエリアと中間進化枠を段階解禁。,トーホクは本編で使える低～中レベル基礎種、カントーは高レベル個体・中間進化・隠れ特性探索を担当。,ベガ既存11枠を上書きせず、CFRU側の条件付きオーバーレイ／DexNav／大量発生へ登録,P2,トーホク野生生態,510ばんどうろ／すいどう,水上オーバーレイ,追加抽選4～8%,本編必須フラグを変更せず、外来生態フラグ・時間帯・DexNav・大量発生で制御,カントー高レベル野生生態,19ばんどうろ,水上オーバーレイ,通常表10～20%,ベガ初回殿堂入り後。認定章数でエリアと中間進化枠を段階解禁。,通常系統は両地方で基礎種を捕獲可能。トーホクは早期育成、カントーは高レベル・隠れ特性・タマゴ技探索を担当。,V2二地方生態版／541系統配置マスター＋特殊個体イベントマスター
977,ヘイラッシャ,dondozo,9,みず,513,通常生態,no,no,未収録・追加対象,新IDへ追加,バッジ5～6個,シオウ近海,図鑑ナビ隠し枠,通常表0%／ナビ検索時1～5%,主に基礎形のみ出現。中間・最終進化は原則として育成で入手。時間帯・天候は生態チケットで任意固定可能。,全国研究図鑑へ登録（トーホク386完成条件には含めない）,NATIONAL_EXT_0977（新規16bit ID）,ヘイラッシャ,ヘイラッシャ,外来生態レイヤーへ追加,T523,523ばんどうろ／すいどう,釣りオーバーレイ,Lv.55～65,追加抽選4～8%,本編必須フラグを変更せず、外来生態フラグ・時間帯・DexNav・大量発生で制御,K21,21ばんどうろ,釣りオーバーレイ,Lv.89～94,通常表10～20%,ベガ初回殿堂入り後。認定章数でエリアと中間進化枠を段階解禁。,トーホクは本編で使える低～中レベル基礎種、カントーは高レベル個体・中間進化・隠れ特性探索を担当。,ベガ既存11枠を上書きせず、CFRU側の条件付きオーバーレイ／DexNav／大量発生へ登録,P1,トーホク野生生態,523ばんどうろ／すいどう,釣りオーバーレイ,追加抽選4～8%,本編必須フラグを変更せず、外来生態フラグ・時間帯・DexNav・大量発生で制御,カントー高レベル野生生態,21ばんどうろ,釣りオーバーレイ,通常表10～20%,ベガ初回殿堂入り後。認定章数でエリアと中間進化枠を段階解禁。,通常系統は両地方で基礎種を捕獲可能。トーホクは早期育成、カントーは高レベル・隠れ特性・タマゴ技探索を担当。,V2二地方生態版／541系統配置マスター＋特殊個体イベントマスター
978,シャリタツ,tatsugiri,9,ドラゴン／みず,514,通常生態,no,no,未収録・追加対象,新IDへ追加,殿堂入り後,かいていトンネル,釣り,4～5%,主に基礎形のみ出現。中間・最終進化は原則として育成で入手。時間帯・天候は生態チケットで任意固定可能。,全国研究図鑑へ登録（トーホク386完成条件には含めない）,NATIONAL_EXT_0978（新規16bit ID）,シャリタツ,シャリタツ,外来生態レイヤーへ追加,T523,523ばんどうろ／すいどう,水上オーバーレイ,Lv.55～65,追加抽選4～8%,本編必須フラグを変更せず、外来生態フラグ・時間帯・DexNav・大量発生で制御,K21,21ばんどうろ,水上オーバーレイ,Lv.89～94,通常表10～20%,ベガ初回殿堂入り後。認定章数でエリアと中間進化枠を段階解禁。,トーホクは本編で使える低～中レベル基礎種、カントーは高レベル個体・中間進化・隠れ特性探索を担当。,ベガ既存11枠を上書きせず、CFRU側の条件付きオーバーレイ／DexNav／大量発生へ登録,P2,トーホク野生生態,523ばんどうろ／すいどう,水上オーバーレイ,追加抽選4～8%,本編必須フラグを変更せず、外来生態フラグ・時間帯・DexNav・大量発生で制御,カントー高レベル野生生態,21ばんどうろ,水上オーバーレイ,通常表10～20%,ベガ初回殿堂入り後。認定章数でエリアと中間進化枠を段階解禁。,通常系統は両地方で基礎種を捕獲可能。トーホクは早期育成、カントーは高レベル・隠れ特性・タマゴ技探索を担当。,V2二地方生態版／541系統配置マスター＋特殊個体イベントマスター
979,コノヨザル,annihilape,9,かくとう／ゴースト,24,通常生態,no,no,未収録・追加対象,新IDへ追加（進化入手）,殿堂入り後,ダークタワー,進化,―,「ふんどのこぶし」の使用回数をCFRUカウンタで保存し、20回使用後にレベルアップ。,全国研究図鑑へ登録（トーホク386完成条件には含めない）,NATIONAL_EXT_0979（新規16bit ID）,マンキー,マンキー → オコリザル → コノヨザル,外来生態レイヤーへ追加,T032,ダークタワー,夜間オーバーレイ,Lv.44～54／殿堂入り後Lv.60～75,追加抽選3～6%,本編必須フラグを変更せず、外来生態フラグ・時間帯・DexNav・大量発生で制御,K22,22ばんどうろ,夜間オーバーレイ,Lv.90～95,夜間8～12%,ベガ初回殿堂入り後。認定章数でエリアと中間進化枠を段階解禁。,トーホクは本編で使える低～中レベル基礎種、カントーは高レベル個体・中間進化・隠れ特性探索を担当。,ベガ既存11枠を上書きせず、CFRU側の条件付きオーバーレイ／DexNav／大量発生へ登録,P2,マンキーをトーホクで捕獲して進化,ダークタワー,進化／殿堂入り後DexNavで中間進化が稀に出現,通常野生は基礎種のみ,本編必須フラグを変更せず、外来生態フラグ・時間帯・DexNav・大量発生で制御,マンキーをカントーで捕獲して進化,22ばんどうろ,進化／認定章6個以降は中間進化がDexNav希少枠,通常野生は基礎種中心,ベガ初回殿堂入り後。認定章数でエリアと中間進化枠を段階解禁。,通常系統は両地方で基礎種を捕獲可能。トーホクは早期育成、カントーは高レベル・隠れ特性・タマゴ技探索を担当。,V2二地方生態版／541系統配置マスター＋特殊個体イベントマスター
980,ドオー,clodsire,9,どく／じめん,96,通常生態,no,no,未収録・追加対象,新IDへ追加（進化入手）,殿堂入り後,507～509ばんどうろ・水道,進化,―,レベルアップ＋Lv.20以上（CFRU/DPEの対応トリガーを使用。通信・RTC必須にはしない）,全国研究図鑑へ登録（トーホク386完成条件には含めない）,NATIONAL_EXT_0980（新規16bit ID）,ウパー,ウパー → ヌオー → ドオー,外来生態レイヤーへ追加,T027,かいていトンネル,釣りオーバーレイ,Lv.20～30,追加抽選4～8%,本編必須フラグを変更せず、外来生態フラグ・時間帯・DexNav・大量発生で制御,K06,6ばんどうろ,釣りオーバーレイ,Lv.75～80,通常表10～20%,ベガ初回殿堂入り後。認定章数でエリアと中間進化枠を段階解禁。,トーホクは本編で使える低～中レベル基礎種、カントーは高レベル個体・中間進化・隠れ特性探索を担当。,ベガ既存11枠を上書きせず、CFRU側の条件付きオーバーレイ／DexNav／大量発生へ登録,P2,ウパーをトーホクで捕獲して進化,かいていトンネル,進化／殿堂入り後DexNavで中間進化が稀に出現,通常野生は基礎種のみ,本編必須フラグを変更せず、外来生態フラグ・時間帯・DexNav・大量発生で制御,ウパーをカントーで捕獲して進化,6ばんどうろ,進化／認定章6個以降は中間進化がDexNav希少枠,通常野生は基礎種中心,ベガ初回殿堂入り後。認定章数でエリアと中間進化枠を段階解禁。,通常系統は両地方で基礎種を捕獲可能。トーホクは早期育成、カントーは高レベル・隠れ特性・タマゴ技探索を担当。,V2二地方生態版／541系統配置マスター＋特殊個体イベントマスター
981,リキキリン,farigiraf,9,ノーマル／エスパー,101,通常生態,no,no,未収録・追加対象,新IDへ追加（進化入手）,バッジ2個以降,既存個体・育て屋・進化アイテム,進化,―,レベルアップ＋ツインビームを覚えている（CFRU/DPEの対応トリガーを使用。通信・RTC必須にはしない）,全国研究図鑑へ登録（トーホク386完成条件には含めない）,NATIONAL_EXT_0981（新規16bit ID）,キリンリキ,キリンリキ → リキキリン,既存系統の拡張,T519,519ばんどうろ／すいどう,既存個体から追加進化＋草むらオーバーレイ,Lv.41～48,基礎種は既存／進化道具・技条件,ベガ内の既存種を入口にし、未収録の前進化・分岐・追加進化だけを追加。重複する野生個体は作らない。,K14,14ばんどうろ,草むらオーバーレイ＋追加進化道具,Lv.84～89,通常表8～15%,ベガ初回殿堂入り後。認定章数でエリアと中間進化枠を段階解禁。,トーホクの既存個体を無駄にせず追加進化可能。カントーは進化道具と高レベル素材の供給地。,既存種族IDを固定し、進化先だけ新IDへ接続,P1,キリンリキ系を入手して進化,519ばんどうろ／すいどう,追加進化,野生追加なし,ベガ内の既存種を入口にし、未収録の前進化・分岐・追加進化だけを追加。重複する野生個体は作らない。,キリンリキをカントーで捕獲して進化,14ばんどうろ,進化／認定章6個以降は中間進化がDexNav希少枠,通常野生は基礎種中心,ベガ初回殿堂入り後。認定章数でエリアと中間進化枠を段階解禁。,通常系統は両地方で基礎種を捕獲可能。トーホクは早期育成、カントーは高レベル・隠れ特性・タマゴ技探索を担当。,V2二地方生態版／541系統配置マスター＋特殊個体イベントマスター
982,ノココッチ,dudunsparce,9,ノーマル,103,通常生態,no,no,未収録・追加対象,新IDへ追加（進化入手）,バッジ6個以降,既存個体・育て屋・進化アイテム,進化,―,レベルアップ＋ハイパードリルを覚えている（CFRU/DPEの対応トリガーを使用。通信・RTC必須にはしない）,全国研究図鑑へ登録（トーホク386完成条件には含めない）,NATIONAL_EXT_0982（新規16bit ID）,ノコッチ,ノコッチ → ノココッチ,既存系統の拡張,T024,ちえのどうくつ,既存個体から追加進化＋洞窟・屋内オーバーレイ,Lv.6～9／殿堂入り後Lv.44～48,基礎種は既存／進化道具・技条件,ベガ内の既存種を入口にし、未収録の前進化・分岐・追加進化だけを追加。重複する野生個体は作らない。,K30,イワヤマトンネル,洞窟・屋内オーバーレイ＋追加進化道具,Lv.80～87,通常表8～15%,ベガ初回殿堂入り後。認定章数でエリアと中間進化枠を段階解禁。,トーホクの既存個体を無駄にせず追加進化可能。カントーは進化道具と高レベル素材の供給地。,既存種族IDを固定し、進化先だけ新IDへ接続,P1,ノコッチ系を入手して進化,ちえのどうくつ,追加進化,野生追加なし,ベガ内の既存種を入口にし、未収録の前進化・分岐・追加進化だけを追加。重複する野生個体は作らない。,ノコッチをカントーで捕獲して進化,イワヤマトンネル,進化／認定章6個以降は中間進化がDexNav希少枠,通常野生は基礎種中心,ベガ初回殿堂入り後。認定章数でエリアと中間進化枠を段階解禁。,通常系統は両地方で基礎種を捕獲可能。トーホクは早期育成、カントーは高レベル・隠れ特性・タマゴ技探索を担当。,V2二地方生態版／541系統配置マスター＋特殊個体イベントマスター
983,ドドゲザン,kingambit,9,あく／はがね,317,通常生態,no,no,未収録・追加対象,新IDへ追加（進化入手）,殿堂入り後,ダークタワー,進化,―,「かしらのしるし」を持つキリキザン3体を倒してレベルアップ。専用調査で対象を明示。,全国研究図鑑へ登録（トーホク386完成条件には含めない）,NATIONAL_EXT_0983（新規16bit ID）,コマタナ,コマタナ → キリキザン → ドドゲザン,外来生態レイヤーへ追加,T035,D・Hだんアジト,夜間オーバーレイ,Lv.44～57／殿堂入り後Lv.65～80,追加抽選3～6%,本編必須フラグを変更せず、外来生態フラグ・時間帯・DexNav・大量発生で制御,K42,チャンピオンロード,いわくだき／DexNav,Lv.94～100,通常0%／DexNav 2～5%,ベガ初回殿堂入り後。認定章数でエリアと中間進化枠を段階解禁。,トーホクは本編で使える低～中レベル基礎種、カントーは高レベル個体・中間進化・隠れ特性探索を担当。,ベガ既存11枠を上書きせず、CFRU側の条件付きオーバーレイ／DexNav／大量発生へ登録,P2,コマタナをトーホクで捕獲して進化,D・Hだんアジト,進化／殿堂入り後DexNavで中間進化が稀に出現,通常野生は基礎種のみ,本編必須フラグを変更せず、外来生態フラグ・時間帯・DexNav・大量発生で制御,コマタナをカントーで捕獲して進化,チャンピオンロード,進化／認定章6個以降は中間進化がDexNav希少枠,通常野生は基礎種中心,ベガ初回殿堂入り後。認定章数でエリアと中間進化枠を段階解禁。,通常系統は両地方で基礎種を捕獲可能。トーホクは早期育成、カントーは高レベル・隠れ特性・タマゴ技探索を担当。,V2二地方生態版／541系統配置マスター＋特殊個体イベントマスター
984,イダイナキバ,great-tusk,9,じめん／かくとう,515,パラドックスポケモン,no,no,未収録・追加対象,新IDへ追加,スフィアいせき後,D・H時空観測室／スフィアいせき,固定シンボル／専用クエスト,―,過去・未来チケットで出現群を切替。バージョン排他は設けない。,全国研究図鑑へ登録（トーホク386完成条件には含めない）,NATIONAL_EXT_0984（新規16bit ID）,イダイナキバ,イダイナキバ,固定イベント追加,EVENT_T,スフィアいせき・裂け目区画,手掛かり／共鳴戦／専用素材,イベント別,重複捕獲なし,スフィアいせき後＋主地方の捕獲フラグ共有,EVENT_K,ハナダのどうくつ・共鳴裂け目,固定シンボル／専用クエスト,Lv.90,原則1体・撃破時復活,スフィアいせき後,主地方で1個体だけ捕獲し、副地方では手掛かり・共鳴戦・専用素材を扱う。捕獲済みフラグは両地方で共有し、重複個体を与えない。,野生通常表には入れない,P2,トーホク側の手掛かり・共鳴イベント,スフィアいせき・裂け目区画,手掛かり／共鳴戦／専用素材,重複捕獲なし,スフィアいせき後＋共有捕獲フラグ確認,カントー固定イベントで捕獲,ハナダのどうくつ・共鳴裂け目,固定シンボル／専用クエスト,原則1体・撃破時復活,スフィアいせき後,主捕獲地方で1個体のみ捕獲。副地方は手掛かり・共鳴戦・素材報酬を担当し、共有捕獲フラグで重複個体を防止。,V2二地方生態版／541系統配置マスター＋特殊個体イベントマスター
985,サケブシッポ,scream-tail,9,フェアリー／エスパー,516,パラドックスポケモン,no,no,未収録・追加対象,新IDへ追加,スフィアいせき後,D・H時空観測室／スフィアいせき,固定シンボル／専用クエスト,―,過去・未来チケットで出現群を切替。バージョン排他は設けない。,全国研究図鑑へ登録（トーホク386完成条件には含めない）,NATIONAL_EXT_0985（新規16bit ID）,サケブシッポ,サケブシッポ,固定イベント追加,EVENT_T,スフィアいせき・裂け目区画,固定シンボル／専用クエスト,Lv.90,原則1体・撃破時復活,スフィアいせき後,EVENT_K,ハナダのどうくつ・共鳴裂け目,手掛かり／共鳴戦／専用素材,イベント別,重複捕獲なし,スフィアいせき後＋主地方の捕獲フラグ共有,主地方で1個体だけ捕獲し、副地方では手掛かり・共鳴戦・専用素材を扱う。捕獲済みフラグは両地方で共有し、重複個体を与えない。,野生通常表には入れない,P2,トーホク固定イベントで捕獲,スフィアいせき・裂け目区画,固定シンボル／専用クエスト,原則1体・撃破時復活,スフィアいせき後,カントー側の手掛かり・共鳴イベント,ハナダのどうくつ・共鳴裂け目,手掛かり／共鳴戦／専用素材,重複捕獲なし,スフィアいせき後＋共有捕獲フラグ確認,主捕獲地方で1個体のみ捕獲。副地方は手掛かり・共鳴戦・素材報酬を担当し、共有捕獲フラグで重複個体を防止。,V2二地方生態版／541系統配置マスター＋特殊個体イベントマスター
986,アラブルタケ,brute-bonnet,9,くさ／あく,517,パラドックスポケモン,no,no,未収録・追加対象,新IDへ追加,スフィアいせき後,D・H時空観測室／スフィアいせき,固定シンボル／専用クエスト,―,過去・未来チケットで出現群を切替。バージョン排他は設けない。,全国研究図鑑へ登録（トーホク386完成条件には含めない）,NATIONAL_EXT_0986（新規16bit ID）,アラブルタケ,アラブルタケ,固定イベント追加,EVENT_T,スフィアいせき・裂け目区画,手掛かり／共鳴戦／専用素材,イベント別,重複捕獲なし,スフィアいせき後＋主地方の捕獲フラグ共有,EVENT_K,ハナダのどうくつ・共鳴裂け目,固定シンボル／専用クエスト,Lv.90,原則1体・撃破時復活,スフィアいせき後,主地方で1個体だけ捕獲し、副地方では手掛かり・共鳴戦・専用素材を扱う。捕獲済みフラグは両地方で共有し、重複個体を与えない。,野生通常表には入れない,P2,トーホク側の手掛かり・共鳴イベント,スフィアいせき・裂け目区画,手掛かり／共鳴戦／専用素材,重複捕獲なし,スフィアいせき後＋共有捕獲フラグ確認,カントー固定イベントで捕獲,ハナダのどうくつ・共鳴裂け目,固定シンボル／専用クエスト,原則1体・撃破時復活,スフィアいせき後,主捕獲地方で1個体のみ捕獲。副地方は手掛かり・共鳴戦・素材報酬を担当し、共有捕獲フラグで重複個体を防止。,V2二地方生態版／541系統配置マスター＋特殊個体イベントマスター
987,ハバタクカミ,flutter-mane,9,ゴースト／フェアリー,518,パラドックスポケモン,no,no,未収録・追加対象,新IDへ追加,スフィアいせき後,D・H時空観測室／スフィアいせき,固定シンボル／専用クエスト,―,過去・未来チケットで出現群を切替。バージョン排他は設けない。,全国研究図鑑へ登録（トーホク386完成条件には含めない）,NATIONAL_EXT_0987（新規16bit ID）,ハバタクカミ,ハバタクカミ,固定イベント追加,EVENT_T,スフィアいせき・裂け目区画,固定シンボル／専用クエスト,Lv.90,原則1体・撃破時復活,スフィアいせき後,EVENT_K,ハナダのどうくつ・共鳴裂け目,手掛かり／共鳴戦／専用素材,イベント別,重複捕獲なし,スフィアいせき後＋主地方の捕獲フラグ共有,主地方で1個体だけ捕獲し、副地方では手掛かり・共鳴戦・専用素材を扱う。捕獲済みフラグは両地方で共有し、重複個体を与えない。,野生通常表には入れない,P2,トーホク固定イベントで捕獲,スフィアいせき・裂け目区画,固定シンボル／専用クエスト,原則1体・撃破時復活,スフィアいせき後,カントー側の手掛かり・共鳴イベント,ハナダのどうくつ・共鳴裂け目,手掛かり／共鳴戦／専用素材,重複捕獲なし,スフィアいせき後＋共有捕獲フラグ確認,主捕獲地方で1個体のみ捕獲。副地方は手掛かり・共鳴戦・素材報酬を担当し、共有捕獲フラグで重複個体を防止。,V2二地方生態版／541系統配置マスター＋特殊個体イベントマスター
988,チヲハウハネ,slither-wing,9,むし／かくとう,519,パラドックスポケモン,no,no,未収録・追加対象,新IDへ追加,スフィアいせき後,D・H時空観測室／スフィアいせき,固定シンボル／専用クエスト,―,過去・未来チケットで出現群を切替。バージョン排他は設けない。,全国研究図鑑へ登録（トーホク386完成条件には含めない）,NATIONAL_EXT_0988（新規16bit ID）,チヲハウハネ,チヲハウハネ,固定イベント追加,EVENT_T,スフィアいせき・裂け目区画,手掛かり／共鳴戦／専用素材,イベント別,重複捕獲なし,スフィアいせき後＋主地方の捕獲フラグ共有,EVENT_K,ハナダのどうくつ・共鳴裂け目,固定シンボル／専用クエスト,Lv.90,原則1体・撃破時復活,スフィアいせき後,主地方で1個体だけ捕獲し、副地方では手掛かり・共鳴戦・専用素材を扱う。捕獲済みフラグは両地方で共有し、重複個体を与えない。,野生通常表には入れない,P2,トーホク側の手掛かり・共鳴イベント,スフィアいせき・裂け目区画,手掛かり／共鳴戦／専用素材,重複捕獲なし,スフィアいせき後＋共有捕獲フラグ確認,カントー固定イベントで捕獲,ハナダのどうくつ・共鳴裂け目,固定シンボル／専用クエスト,原則1体・撃破時復活,スフィアいせき後,主捕獲地方で1個体のみ捕獲。副地方は手掛かり・共鳴戦・素材報酬を担当し、共有捕獲フラグで重複個体を防止。,V2二地方生態版／541系統配置マスター＋特殊個体イベントマスター
989,スナノケガワ,sandy-shocks,9,でんき／じめん,520,パラドックスポケモン,no,no,未収録・追加対象,新IDへ追加,スフィアいせき後,D・H時空観測室／スフィアいせき,固定シンボル／専用クエスト,―,過去・未来チケットで出現群を切替。バージョン排他は設けない。,全国研究図鑑へ登録（トーホク386完成条件には含めない）,NATIONAL_EXT_0989（新規16bit ID）,スナノケガワ,スナノケガワ,固定イベント追加,EVENT_T,スフィアいせき・裂け目区画,固定シンボル／専用クエスト,Lv.90,原則1体・撃破時復活,スフィアいせき後,EVENT_K,ハナダのどうくつ・共鳴裂け目,手掛かり／共鳴戦／専用素材,イベント別,重複捕獲なし,スフィアいせき後＋主地方の捕獲フラグ共有,主地方で1個体だけ捕獲し、副地方では手掛かり・共鳴戦・専用素材を扱う。捕獲済みフラグは両地方で共有し、重複個体を与えない。,野生通常表には入れない,P2,トーホク固定イベントで捕獲,スフィアいせき・裂け目区画,固定シンボル／専用クエスト,原則1体・撃破時復活,スフィアいせき後,カントー側の手掛かり・共鳴イベント,ハナダのどうくつ・共鳴裂け目,手掛かり／共鳴戦／専用素材,重複捕獲なし,スフィアいせき後＋共有捕獲フラグ確認,主捕獲地方で1個体のみ捕獲。副地方は手掛かり・共鳴戦・素材報酬を担当し、共有捕獲フラグで重複個体を防止。,V2二地方生態版／541系統配置マスター＋特殊個体イベントマスター
990,テツノワダチ,iron-treads,9,じめん／はがね,521,パラドックスポケモン,no,no,未収録・追加対象,新IDへ追加,スフィアいせき後,D・H時空観測室／スフィアいせき,固定シンボル／専用クエスト,―,過去・未来チケットで出現群を切替。バージョン排他は設けない。,全国研究図鑑へ登録（トーホク386完成条件には含めない）,NATIONAL_EXT_0990（新規16bit ID）,テツノワダチ,テツノワダチ,固定イベント追加,EVENT_T,スフィアいせき・裂け目区画,手掛かり／共鳴戦／専用素材,イベント別,重複捕獲なし,スフィアいせき後＋主地方の捕獲フラグ共有,EVENT_K,ハナダのどうくつ・共鳴裂け目,固定シンボル／専用クエスト,Lv.90,原則1体・撃破時復活,スフィアいせき後,主地方で1個体だけ捕獲し、副地方では手掛かり・共鳴戦・専用素材を扱う。捕獲済みフラグは両地方で共有し、重複個体を与えない。,野生通常表には入れない,P2,トーホク側の手掛かり・共鳴イベント,スフィアいせき・裂け目区画,手掛かり／共鳴戦／専用素材,重複捕獲なし,スフィアいせき後＋共有捕獲フラグ確認,カントー固定イベントで捕獲,ハナダのどうくつ・共鳴裂け目,固定シンボル／専用クエスト,原則1体・撃破時復活,スフィアいせき後,主捕獲地方で1個体のみ捕獲。副地方は手掛かり・共鳴戦・素材報酬を担当し、共有捕獲フラグで重複個体を防止。,V2二地方生態版／541系統配置マスター＋特殊個体イベントマスター
991,テツノツツミ,iron-bundle,9,こおり／みず,522,パラドックスポケモン,no,no,未収録・追加対象,新IDへ追加,スフィアいせき後,D・H時空観測室／スフィアいせき,固定シンボル／専用クエスト,―,過去・未来チケットで出現群を切替。バージョン排他は設けない。,全国研究図鑑へ登録（トーホク386完成条件には含めない）,NATIONAL_EXT_0991（新規16bit ID）,テツノツツミ,テツノツツミ,固定イベント追加,EVENT_T,スフィアいせき・裂け目区画,固定シンボル／専用クエスト,Lv.90,原則1体・撃破時復活,スフィアいせき後,EVENT_K,ハナダのどうくつ・共鳴裂け目,手掛かり／共鳴戦／専用素材,イベント別,重複捕獲なし,スフィアいせき後＋主地方の捕獲フラグ共有,主地方で1個体だけ捕獲し、副地方では手掛かり・共鳴戦・専用素材を扱う。捕獲済みフラグは両地方で共有し、重複個体を与えない。,野生通常表には入れない,P2,トーホク固定イベントで捕獲,スフィアいせき・裂け目区画,固定シンボル／専用クエスト,原則1体・撃破時復活,スフィアいせき後,カントー側の手掛かり・共鳴イベント,ハナダのどうくつ・共鳴裂け目,手掛かり／共鳴戦／専用素材,重複捕獲なし,スフィアいせき後＋共有捕獲フラグ確認,主捕獲地方で1個体のみ捕獲。副地方は手掛かり・共鳴戦・素材報酬を担当し、共有捕獲フラグで重複個体を防止。,V2二地方生態版／541系統配置マスター＋特殊個体イベントマスター
992,テツノカイナ,iron-hands,9,かくとう／でんき,523,パラドックスポケモン,no,no,未収録・追加対象,新IDへ追加,スフィアいせき後,D・H時空観測室／スフィアいせき,固定シンボル／専用クエスト,―,過去・未来チケットで出現群を切替。バージョン排他は設けない。,全国研究図鑑へ登録（トーホク386完成条件には含めない）,NATIONAL_EXT_0992（新規16bit ID）,テツノカイナ,テツノカイナ,固定イベント追加,EVENT_T,スフィアいせき・裂け目区画,手掛かり／共鳴戦／専用素材,イベント別,重複捕獲なし,スフィアいせき後＋主地方の捕獲フラグ共有,EVENT_K,ハナダのどうくつ・共鳴裂け目,固定シンボル／専用クエスト,Lv.90,原則1体・撃破時復活,スフィアいせき後,主地方で1個体だけ捕獲し、副地方では手掛かり・共鳴戦・専用素材を扱う。捕獲済みフラグは両地方で共有し、重複個体を与えない。,野生通常表には入れない,P2,トーホク側の手掛かり・共鳴イベント,スフィアいせき・裂け目区画,手掛かり／共鳴戦／専用素材,重複捕獲なし,スフィアいせき後＋共有捕獲フラグ確認,カントー固定イベントで捕獲,ハナダのどうくつ・共鳴裂け目,固定シンボル／専用クエスト,原則1体・撃破時復活,スフィアいせき後,主捕獲地方で1個体のみ捕獲。副地方は手掛かり・共鳴戦・素材報酬を担当し、共有捕獲フラグで重複個体を防止。,V2二地方生態版／541系統配置マスター＋特殊個体イベントマスター
993,テツノコウベ,iron-jugulis,9,あく／ひこう,524,パラドックスポケモン,no,no,未収録・追加対象,新IDへ追加,スフィアいせき後,D・H時空観測室／スフィアいせき,固定シンボル／専用クエスト,―,過去・未来チケットで出現群を切替。バージョン排他は設けない。,全国研究図鑑へ登録（トーホク386完成条件には含めない）,NATIONAL_EXT_0993（新規16bit ID）,テツノコウベ,テツノコウベ,固定イベント追加,EVENT_T,スフィアいせき・裂け目区画,固定シンボル／専用クエスト,Lv.90,原則1体・撃破時復活,スフィアいせき後,EVENT_K,ハナダのどうくつ・共鳴裂け目,手掛かり／共鳴戦／専用素材,イベント別,重複捕獲なし,スフィアいせき後＋主地方の捕獲フラグ共有,主地方で1個体だけ捕獲し、副地方では手掛かり・共鳴戦・専用素材を扱う。捕獲済みフラグは両地方で共有し、重複個体を与えない。,野生通常表には入れない,P2,トーホク固定イベントで捕獲,スフィアいせき・裂け目区画,固定シンボル／専用クエスト,原則1体・撃破時復活,スフィアいせき後,カントー側の手掛かり・共鳴イベント,ハナダのどうくつ・共鳴裂け目,手掛かり／共鳴戦／専用素材,重複捕獲なし,スフィアいせき後＋共有捕獲フラグ確認,主捕獲地方で1個体のみ捕獲。副地方は手掛かり・共鳴戦・素材報酬を担当し、共有捕獲フラグで重複個体を防止。,V2二地方生態版／541系統配置マスター＋特殊個体イベントマスター
994,テツノドクガ,iron-moth,9,ほのお／どく,525,パラドックスポケモン,no,no,未収録・追加対象,新IDへ追加,スフィアいせき後,D・H時空観測室／スフィアいせき,固定シンボル／専用クエスト,―,過去・未来チケットで出現群を切替。バージョン排他は設けない。,全国研究図鑑へ登録（トーホク386完成条件には含めない）,NATIONAL_EXT_0994（新規16bit ID）,テツノドクガ,テツノドクガ,固定イベント追加,EVENT_T,スフィアいせき・裂け目区画,手掛かり／共鳴戦／専用素材,イベント別,重複捕獲なし,スフィアいせき後＋主地方の捕獲フラグ共有,EVENT_K,ハナダのどうくつ・共鳴裂け目,固定シンボル／専用クエスト,Lv.90,原則1体・撃破時復活,スフィアいせき後,主地方で1個体だけ捕獲し、副地方では手掛かり・共鳴戦・専用素材を扱う。捕獲済みフラグは両地方で共有し、重複個体を与えない。,野生通常表には入れない,P2,トーホク側の手掛かり・共鳴イベント,スフィアいせき・裂け目区画,手掛かり／共鳴戦／専用素材,重複捕獲なし,スフィアいせき後＋共有捕獲フラグ確認,カントー固定イベントで捕獲,ハナダのどうくつ・共鳴裂け目,固定シンボル／専用クエスト,原則1体・撃破時復活,スフィアいせき後,主捕獲地方で1個体のみ捕獲。副地方は手掛かり・共鳴戦・素材報酬を担当し、共有捕獲フラグで重複個体を防止。,V2二地方生態版／541系統配置マスター＋特殊個体イベントマスター
995,テツノイバラ,iron-thorns,9,いわ／でんき,526,パラドックスポケモン,no,no,未収録・追加対象,新IDへ追加,スフィアいせき後,D・H時空観測室／スフィアいせき,固定シンボル／専用クエスト,―,過去・未来チケットで出現群を切替。バージョン排他は設けない。,全国研究図鑑へ登録（トーホク386完成条件には含めない）,NATIONAL_EXT_0995（新規16bit ID）,テツノイバラ,テツノイバラ,固定イベント追加,EVENT_T,スフィアいせき・裂け目区画,固定シンボル／専用クエスト,Lv.90,原則1体・撃破時復活,スフィアいせき後,EVENT_K,ハナダのどうくつ・共鳴裂け目,手掛かり／共鳴戦／専用素材,イベント別,重複捕獲なし,スフィアいせき後＋主地方の捕獲フラグ共有,主地方で1個体だけ捕獲し、副地方では手掛かり・共鳴戦・専用素材を扱う。捕獲済みフラグは両地方で共有し、重複個体を与えない。,野生通常表には入れない,P2,トーホク固定イベントで捕獲,スフィアいせき・裂け目区画,固定シンボル／専用クエスト,原則1体・撃破時復活,スフィアいせき後,カントー側の手掛かり・共鳴イベント,ハナダのどうくつ・共鳴裂け目,手掛かり／共鳴戦／専用素材,重複捕獲なし,スフィアいせき後＋共有捕獲フラグ確認,主捕獲地方で1個体のみ捕獲。副地方は手掛かり・共鳴戦・素材報酬を担当し、共有捕獲フラグで重複個体を防止。,V2二地方生態版／541系統配置マスター＋特殊個体イベントマスター
996,セビエ,frigibax,9,ドラゴン／こおり,527,600族,no,no,未収録・追加対象,新IDへ追加,殿堂入り後,サファリゾーン北,図鑑ナビ隠し枠,通常表0%／ナビ検索時1～5%,主に基礎形のみ出現。中間・最終進化は原則として育成で入手。時間帯・天候は生態チケットで任意固定可能。,全国研究図鑑へ登録（トーホク386完成条件には含めない）,NATIONAL_EXT_0996（新規16bit ID）,セビエ,セビエ → セゴール → セグレイブ,外来生態レイヤーへ追加,T031,ユキユキやま,DexNav隠し枠,Lv.36～46／殿堂入り後Lv.58～72,通常0%／DexNav 1～2%,本編必須フラグを変更せず、外来生態フラグ・時間帯・DexNav・大量発生で制御,K42,チャンピオンロード,DexNav隠し枠,Lv.94～100,通常0%／DexNav 1～2%,ベガ初回殿堂入り後。認定章数でエリアと中間進化枠を段階解禁。,トーホクは本編で使える低～中レベル基礎種、カントーは高レベル個体・中間進化・隠れ特性探索を担当。,ベガ既存11枠を上書きせず、CFRU側の条件付きオーバーレイ／DexNav／大量発生へ登録,P2,トーホク野生生態,ユキユキやま,DexNav隠し枠,通常0%／DexNav 1～2%,本編必須フラグを変更せず、外来生態フラグ・時間帯・DexNav・大量発生で制御,カントー高レベル野生生態,チャンピオンロード,DexNav隠し枠,通常0%／DexNav 1～2%,ベガ初回殿堂入り後。認定章数でエリアと中間進化枠を段階解禁。,通常系統は両地方で基礎種を捕獲可能。トーホクは早期育成、カントーは高レベル・隠れ特性・タマゴ技探索を担当。,V2二地方生態版／541系統配置マスター＋特殊個体イベントマスター
997,セゴール,arctibax,9,ドラゴン／こおり,527,600族,no,no,未収録・追加対象,新IDへ追加（進化入手）,殿堂入り後,サファリゾーン北,進化,―,レベルアップ＋Lv.35以上（CFRU/DPEの対応トリガーを使用。通信・RTC必須にはしない）,全国研究図鑑へ登録（トーホク386完成条件には含めない）,NATIONAL_EXT_0997（新規16bit ID）,セビエ,セビエ → セゴール → セグレイブ,外来生態レイヤーへ追加,T031,ユキユキやま,DexNav隠し枠,Lv.36～46／殿堂入り後Lv.58～72,通常0%／DexNav 1～2%,本編必須フラグを変更せず、外来生態フラグ・時間帯・DexNav・大量発生で制御,K42,チャンピオンロード,DexNav隠し枠,Lv.94～100,通常0%／DexNav 1～2%,ベガ初回殿堂入り後。認定章数でエリアと中間進化枠を段階解禁。,トーホクは本編で使える低～中レベル基礎種、カントーは高レベル個体・中間進化・隠れ特性探索を担当。,ベガ既存11枠を上書きせず、CFRU側の条件付きオーバーレイ／DexNav／大量発生へ登録,P2,セビエをトーホクで捕獲して進化,ユキユキやま,進化／殿堂入り後DexNavで中間進化が稀に出現,通常野生は基礎種のみ,本編必須フラグを変更せず、外来生態フラグ・時間帯・DexNav・大量発生で制御,セビエをカントーで捕獲して進化,チャンピオンロード,進化／認定章6個以降は中間進化がDexNav希少枠,通常野生は基礎種中心,ベガ初回殿堂入り後。認定章数でエリアと中間進化枠を段階解禁。,通常系統は両地方で基礎種を捕獲可能。トーホクは早期育成、カントーは高レベル・隠れ特性・タマゴ技探索を担当。,V2二地方生態版／541系統配置マスター＋特殊個体イベントマスター
998,セグレイブ,baxcalibur,9,ドラゴン／こおり,527,600族,no,no,未収録・追加対象,新IDへ追加（進化入手）,殿堂入り後,サファリゾーン北,進化,―,レベルアップ＋Lv.54以上（CFRU/DPEの対応トリガーを使用。通信・RTC必須にはしない）,全国研究図鑑へ登録（トーホク386完成条件には含めない）,NATIONAL_EXT_0998（新規16bit ID）,セビエ,セビエ → セゴール → セグレイブ,外来生態レイヤーへ追加,T031,ユキユキやま,DexNav隠し枠,Lv.36～46／殿堂入り後Lv.58～72,通常0%／DexNav 1～2%,本編必須フラグを変更せず、外来生態フラグ・時間帯・DexNav・大量発生で制御,K42,チャンピオンロード,DexNav隠し枠,Lv.94～100,通常0%／DexNav 1～2%,ベガ初回殿堂入り後。認定章数でエリアと中間進化枠を段階解禁。,トーホクは本編で使える低～中レベル基礎種、カントーは高レベル個体・中間進化・隠れ特性探索を担当。,ベガ既存11枠を上書きせず、CFRU側の条件付きオーバーレイ／DexNav／大量発生へ登録,P2,セビエをトーホクで捕獲して進化,ユキユキやま,進化／殿堂入り後DexNavで中間進化が稀に出現,通常野生は基礎種のみ,本編必須フラグを変更せず、外来生態フラグ・時間帯・DexNav・大量発生で制御,セビエをカントーで捕獲して進化,チャンピオンロード,進化／認定章6個以降は中間進化がDexNav希少枠,通常野生は基礎種中心,ベガ初回殿堂入り後。認定章数でエリアと中間進化枠を段階解禁。,通常系統は両地方で基礎種を捕獲可能。トーホクは早期育成、カントーは高レベル・隠れ特性・タマゴ技探索を担当。,V2二地方生態版／541系統配置マスター＋特殊個体イベントマスター
999,コレクレー,gimmighoul,9,ゴースト,528,人工・無機物,no,no,未収録・追加対象,新IDへ追加,バッジ5～6個,D・Hビル／D・Hだんアジト,図鑑ナビ隠し枠,通常表0%／ナビ検索時1～5%,主に基礎形のみ出現。中間・最終進化は原則として育成で入手。時間帯・天候は生態チケットで任意固定可能。,全国研究図鑑へ登録（トーホク386完成条件には含めない）,NATIONAL_EXT_0999（新規16bit ID）,コレクレー,コレクレー → サーフゴー,外来生態レイヤーへ追加,T043,スフィアいせき,屋内異常遭遇／DexNav,Lv.55～70／深層Lv.75～90,通常0%／DexNav 2～5%,本編必須フラグを変更せず、外来生態フラグ・時間帯・DexNav・大量発生で制御,K41,シルフカンパニー,屋内異常遭遇／DexNav,Lv.90～97（異常遭遇）,通常0%／DexNav 2～5%,ベガ初回殿堂入り後。認定章数でエリアと中間進化枠を段階解禁。,トーホクは本編で使える低～中レベル基礎種、カントーは高レベル個体・中間進化・隠れ特性探索を担当。,ベガ既存11枠を上書きせず、CFRU側の条件付きオーバーレイ／DexNav／大量発生へ登録,P2,トーホク野生生態,スフィアいせき,屋内異常遭遇／DexNav,通常0%／DexNav 2～5%,本編必須フラグを変更せず、外来生態フラグ・時間帯・DexNav・大量発生で制御,カントー高レベル野生生態,シルフカンパニー,屋内異常遭遇／DexNav,通常0%／DexNav 2～5%,ベガ初回殿堂入り後。認定章数でエリアと中間進化枠を段階解禁。,通常系統は両地方で基礎種を捕獲可能。トーホクは早期育成、カントーは高レベル・隠れ特性・タマゴ技探索を担当。,V2二地方生態版／541系統配置マスター＋特殊個体イベントマスター
1000,サーフゴー,gholdengo,9,はがね／ゴースト,528,人工・無機物,no,no,未収録・追加対象,新IDへ追加（進化入手）,バッジ5～6個,D・Hビル／D・Hだんアジト,進化,―,コレクレーのコイン999枚は長すぎるため「古代コイン100枚」に圧縮して進化。,全国研究図鑑へ登録（トーホク386完成条件には含めない）,NATIONAL_EXT_1000（新規16bit ID）,コレクレー,コレクレー → サーフゴー,外来生態レイヤーへ追加,T043,スフィアいせき,屋内異常遭遇／DexNav,Lv.55～70／深層Lv.75～90,通常0%／DexNav 2～5%,本編必須フラグを変更せず、外来生態フラグ・時間帯・DexNav・大量発生で制御,K41,シルフカンパニー,屋内異常遭遇／DexNav,Lv.90～97（異常遭遇）,通常0%／DexNav 2～5%,ベガ初回殿堂入り後。認定章数でエリアと中間進化枠を段階解禁。,トーホクは本編で使える低～中レベル基礎種、カントーは高レベル個体・中間進化・隠れ特性探索を担当。,ベガ既存11枠を上書きせず、CFRU側の条件付きオーバーレイ／DexNav／大量発生へ登録,P2,コレクレーをトーホクで捕獲して進化,スフィアいせき,進化／殿堂入り後DexNavで中間進化が稀に出現,通常野生は基礎種のみ,本編必須フラグを変更せず、外来生態フラグ・時間帯・DexNav・大量発生で制御,コレクレーをカントーで捕獲して進化,シルフカンパニー,進化／認定章6個以降は中間進化がDexNav希少枠,通常野生は基礎種中心,ベガ初回殿堂入り後。認定章数でエリアと中間進化枠を段階解禁。,通常系統は両地方で基礎種を捕獲可能。トーホクは早期育成、カントーは高レベル・隠れ特性・タマゴ技探索を担当。,V2二地方生態版／541系統配置マスター＋特殊個体イベントマスター
1001,チオンジェン,wo-chien,9,あく／くさ,529,伝説,yes,no,未収録・追加対象,新IDへ追加,スフィアいせき後,トーホク各地の封印祠,固定シンボル／専用クエスト,―,杭は8本×4ではなく、各祠の封印札3枚に圧縮。,全国研究図鑑へ登録（トーホク386完成条件には含めない）,NATIONAL_EXT_1001（新規16bit ID）,チオンジェン,チオンジェン,固定イベント追加,EVENT_T,トーホク各地の封印祠,固定シンボル／専用クエスト,Lv.90,原則1体・撃破時復活,スフィアいせき後,EVENT_K,カントー四祠（森・雪・洞窟・火山）,手掛かり／共鳴戦／専用素材,イベント別,重複捕獲なし,スフィアいせき後＋主地方の捕獲フラグ共有,主地方で1個体だけ捕獲し、副地方では手掛かり・共鳴戦・専用素材を扱う。捕獲済みフラグは両地方で共有し、重複個体を与えない。,野生通常表には入れない,P2,トーホク固定イベントで捕獲,トーホク各地の封印祠,固定シンボル／専用クエスト,原則1体・撃破時復活,スフィアいせき後,カントー側の手掛かり・共鳴イベント,カントー四祠（森・雪・洞窟・火山）,手掛かり／共鳴戦／専用素材,重複捕獲なし,スフィアいせき後＋共有捕獲フラグ確認,主捕獲地方で1個体のみ捕獲。副地方は手掛かり・共鳴戦・素材報酬を担当し、共有捕獲フラグで重複個体を防止。,V2二地方生態版／541系統配置マスター＋特殊個体イベントマスター
1002,パオジアン,chien-pao,9,あく／こおり,530,伝説,yes,no,未収録・追加対象,新IDへ追加,スフィアいせき後,トーホク各地の封印祠,固定シンボル／専用クエスト,―,杭は8本×4ではなく、各祠の封印札3枚に圧縮。,全国研究図鑑へ登録（トーホク386完成条件には含めない）,NATIONAL_EXT_1002（新規16bit ID）,パオジアン,パオジアン,固定イベント追加,EVENT_T,トーホク各地の封印祠,固定シンボル／専用クエスト,Lv.90,原則1体・撃破時復活,スフィアいせき後,EVENT_K,カントー四祠（森・雪・洞窟・火山）,手掛かり／共鳴戦／専用素材,イベント別,重複捕獲なし,スフィアいせき後＋主地方の捕獲フラグ共有,主地方で1個体だけ捕獲し、副地方では手掛かり・共鳴戦・専用素材を扱う。捕獲済みフラグは両地方で共有し、重複個体を与えない。,野生通常表には入れない,P2,トーホク固定イベントで捕獲,トーホク各地の封印祠,固定シンボル／専用クエスト,原則1体・撃破時復活,スフィアいせき後,カントー側の手掛かり・共鳴イベント,カントー四祠（森・雪・洞窟・火山）,手掛かり／共鳴戦／専用素材,重複捕獲なし,スフィアいせき後＋共有捕獲フラグ確認,主捕獲地方で1個体のみ捕獲。副地方は手掛かり・共鳴戦・素材報酬を担当し、共有捕獲フラグで重複個体を防止。,V2二地方生態版／541系統配置マスター＋特殊個体イベントマスター
1003,ディンルー,ting-lu,9,あく／じめん,531,伝説,yes,no,未収録・追加対象,新IDへ追加,スフィアいせき後,トーホク各地の封印祠,固定シンボル／専用クエスト,―,杭は8本×4ではなく、各祠の封印札3枚に圧縮。,全国研究図鑑へ登録（トーホク386完成条件には含めない）,NATIONAL_EXT_1003（新規16bit ID）,ディンルー,ディンルー,固定イベント追加,EVENT_T,トーホク各地の封印祠,固定シンボル／専用クエスト,Lv.90,原則1体・撃破時復活,スフィアいせき後,EVENT_K,カントー四祠（森・雪・洞窟・火山）,手掛かり／共鳴戦／専用素材,イベント別,重複捕獲なし,スフィアいせき後＋主地方の捕獲フラグ共有,主地方で1個体だけ捕獲し、副地方では手掛かり・共鳴戦・専用素材を扱う。捕獲済みフラグは両地方で共有し、重複個体を与えない。,野生通常表には入れない,P2,トーホク固定イベントで捕獲,トーホク各地の封印祠,固定シンボル／専用クエスト,原則1体・撃破時復活,スフィアいせき後,カントー側の手掛かり・共鳴イベント,カントー四祠（森・雪・洞窟・火山）,手掛かり／共鳴戦／専用素材,重複捕獲なし,スフィアいせき後＋共有捕獲フラグ確認,主捕獲地方で1個体のみ捕獲。副地方は手掛かり・共鳴戦・素材報酬を担当し、共有捕獲フラグで重複個体を防止。,V2二地方生態版／541系統配置マスター＋特殊個体イベントマスター
1004,イーユイ,chi-yu,9,あく／ほのお,532,伝説,yes,no,未収録・追加対象,新IDへ追加,スフィアいせき後,トーホク各地の封印祠,固定シンボル／専用クエスト,―,杭は8本×4ではなく、各祠の封印札3枚に圧縮。,全国研究図鑑へ登録（トーホク386完成条件には含めない）,NATIONAL_EXT_1004（新規16bit ID）,イーユイ,イーユイ,固定イベント追加,EVENT_T,トーホク各地の封印祠,固定シンボル／専用クエスト,Lv.90,原則1体・撃破時復活,スフィアいせき後,EVENT_K,カントー四祠（森・雪・洞窟・火山）,手掛かり／共鳴戦／専用素材,イベント別,重複捕獲なし,スフィアいせき後＋主地方の捕獲フラグ共有,主地方で1個体だけ捕獲し、副地方では手掛かり・共鳴戦・専用素材を扱う。捕獲済みフラグは両地方で共有し、重複個体を与えない。,野生通常表には入れない,P2,トーホク固定イベントで捕獲,トーホク各地の封印祠,固定シンボル／専用クエスト,原則1体・撃破時復活,スフィアいせき後,カントー側の手掛かり・共鳴イベント,カントー四祠（森・雪・洞窟・火山）,手掛かり／共鳴戦／専用素材,重複捕獲なし,スフィアいせき後＋共有捕獲フラグ確認,主捕獲地方で1個体のみ捕獲。副地方は手掛かり・共鳴戦・素材報酬を担当し、共有捕獲フラグで重複個体を防止。,V2二地方生態版／541系統配置マスター＋特殊個体イベントマスター
1005,トドロクツキ,roaring-moon,9,ドラゴン／あく,533,パラドックスポケモン,no,no,未収録・追加対象,新IDへ追加,スフィアいせき後,D・H時空観測室／スフィアいせき,固定シンボル／専用クエスト,―,過去・未来チケットで出現群を切替。バージョン排他は設けない。,全国研究図鑑へ登録（トーホク386完成条件には含めない）,NATIONAL_EXT_1005（新規16bit ID）,トドロクツキ,トドロクツキ,固定イベント追加,EVENT_T,スフィアいせき・裂け目区画,固定シンボル／専用クエスト,Lv.90,原則1体・撃破時復活,スフィアいせき後,EVENT_K,ハナダのどうくつ・共鳴裂け目,手掛かり／共鳴戦／専用素材,イベント別,重複捕獲なし,スフィアいせき後＋主地方の捕獲フラグ共有,主地方で1個体だけ捕獲し、副地方では手掛かり・共鳴戦・専用素材を扱う。捕獲済みフラグは両地方で共有し、重複個体を与えない。,野生通常表には入れない,P2,トーホク固定イベントで捕獲,スフィアいせき・裂け目区画,固定シンボル／専用クエスト,原則1体・撃破時復活,スフィアいせき後,カントー側の手掛かり・共鳴イベント,ハナダのどうくつ・共鳴裂け目,手掛かり／共鳴戦／専用素材,重複捕獲なし,スフィアいせき後＋共有捕獲フラグ確認,主捕獲地方で1個体のみ捕獲。副地方は手掛かり・共鳴戦・素材報酬を担当し、共有捕獲フラグで重複個体を防止。,V2二地方生態版／541系統配置マスター＋特殊個体イベントマスター
1006,テツノブジン,iron-valiant,9,フェアリー／かくとう,534,パラドックスポケモン,no,no,未収録・追加対象,新IDへ追加,スフィアいせき後,D・H時空観測室／スフィアいせき,固定シンボル／専用クエスト,―,過去・未来チケットで出現群を切替。バージョン排他は設けない。,全国研究図鑑へ登録（トーホク386完成条件には含めない）,NATIONAL_EXT_1006（新規16bit ID）,テツノブジン,テツノブジン,固定イベント追加,EVENT_T,スフィアいせき・裂け目区画,手掛かり／共鳴戦／専用素材,イベント別,重複捕獲なし,スフィアいせき後＋主地方の捕獲フラグ共有,EVENT_K,ハナダのどうくつ・共鳴裂け目,固定シンボル／専用クエスト,Lv.90,原則1体・撃破時復活,スフィアいせき後,主地方で1個体だけ捕獲し、副地方では手掛かり・共鳴戦・専用素材を扱う。捕獲済みフラグは両地方で共有し、重複個体を与えない。,野生通常表には入れない,P2,トーホク側の手掛かり・共鳴イベント,スフィアいせき・裂け目区画,手掛かり／共鳴戦／専用素材,重複捕獲なし,スフィアいせき後＋共有捕獲フラグ確認,カントー固定イベントで捕獲,ハナダのどうくつ・共鳴裂け目,固定シンボル／専用クエスト,原則1体・撃破時復活,スフィアいせき後,主捕獲地方で1個体のみ捕獲。副地方は手掛かり・共鳴戦・素材報酬を担当し、共有捕獲フラグで重複個体を防止。,V2二地方生態版／541系統配置マスター＋特殊個体イベントマスター
1007,コライドン,koraidon,9,かくとう／ドラゴン,535,伝説,yes,no,未収録・追加対象,新IDへ追加,スフィアいせき後＋パラドックス調査,D・H時空観測室,固定シンボル／専用クエスト,―,二つの時代座標を安定化し、それぞれ固定戦。,全国研究図鑑へ登録（トーホク386完成条件には含めない）,NATIONAL_EXT_1007（新規16bit ID）,コライドン,コライドン,固定イベント追加,EVENT_T,D・H時空観測室,固定シンボル／専用クエスト,Lv.100,原則1体・撃破時復活,スフィアいせき後＋パラドックス調査,EVENT_K,17ばんどうろ・時空レース区間,手掛かり／共鳴戦／専用素材,イベント別,重複捕獲なし,スフィアいせき後＋パラドックス調査＋主地方の捕獲フラグ共有,主地方で1個体だけ捕獲し、副地方では手掛かり・共鳴戦・専用素材を扱う。捕獲済みフラグは両地方で共有し、重複個体を与えない。,野生通常表には入れない,P2,トーホク固定イベントで捕獲,D・H時空観測室,固定シンボル／専用クエスト,原則1体・撃破時復活,スフィアいせき後＋パラドックス調査,カントー側の手掛かり・共鳴イベント,17ばんどうろ・時空レース区間,手掛かり／共鳴戦／専用素材,重複捕獲なし,スフィアいせき後＋パラドックス調査＋共有捕獲フラグ確認,主捕獲地方で1個体のみ捕獲。副地方は手掛かり・共鳴戦・素材報酬を担当し、共有捕獲フラグで重複個体を防止。,V2二地方生態版／541系統配置マスター＋特殊個体イベントマスター
1008,ミライドン,miraidon,9,でんき／ドラゴン,536,伝説,yes,no,未収録・追加対象,新IDへ追加,スフィアいせき後＋パラドックス調査,D・H時空観測室,固定シンボル／専用クエスト,―,二つの時代座標を安定化し、それぞれ固定戦。,全国研究図鑑へ登録（トーホク386完成条件には含めない）,NATIONAL_EXT_1008（新規16bit ID）,ミライドン,ミライドン,固定イベント追加,EVENT_T,D・H時空観測室,手掛かり／共鳴戦／専用素材,イベント別,重複捕獲なし,スフィアいせき後＋パラドックス調査＋主地方の捕獲フラグ共有,EVENT_K,17ばんどうろ・時空レース区間,固定シンボル／専用クエスト,Lv.100,原則1体・撃破時復活,スフィアいせき後＋パラドックス調査,主地方で1個体だけ捕獲し、副地方では手掛かり・共鳴戦・専用素材を扱う。捕獲済みフラグは両地方で共有し、重複個体を与えない。,野生通常表には入れない,P2,トーホク側の手掛かり・共鳴イベント,D・H時空観測室,手掛かり／共鳴戦／専用素材,重複捕獲なし,スフィアいせき後＋パラドックス調査＋共有捕獲フラグ確認,カントー固定イベントで捕獲,17ばんどうろ・時空レース区間,固定シンボル／専用クエスト,原則1体・撃破時復活,スフィアいせき後＋パラドックス調査,主捕獲地方で1個体のみ捕獲。副地方は手掛かり・共鳴戦・素材報酬を担当し、共有捕獲フラグで重複個体を防止。,V2二地方生態版／541系統配置マスター＋特殊個体イベントマスター
1009,ウネルミナモ,walking-wake,9,みず／ドラゴン,537,パラドックスポケモン,no,no,未収録・追加対象,新IDへ追加,スフィアいせき後,D・H時空観測室／スフィアいせき,固定シンボル／専用クエスト,―,過去・未来チケットで出現群を切替。バージョン排他は設けない。,全国研究図鑑へ登録（トーホク386完成条件には含めない）,NATIONAL_EXT_1009（新規16bit ID）,ウネルミナモ,ウネルミナモ,固定イベント追加,EVENT_T,スフィアいせき・裂け目区画,固定シンボル／専用クエスト,Lv.90,原則1体・撃破時復活,スフィアいせき後,EVENT_K,ハナダのどうくつ・共鳴裂け目,手掛かり／共鳴戦／専用素材,イベント別,重複捕獲なし,スフィアいせき後＋主地方の捕獲フラグ共有,主地方で1個体だけ捕獲し、副地方では手掛かり・共鳴戦・専用素材を扱う。捕獲済みフラグは両地方で共有し、重複個体を与えない。,野生通常表には入れない,P2,トーホク固定イベントで捕獲,スフィアいせき・裂け目区画,固定シンボル／専用クエスト,原則1体・撃破時復活,スフィアいせき後,カントー側の手掛かり・共鳴イベント,ハナダのどうくつ・共鳴裂け目,手掛かり／共鳴戦／専用素材,重複捕獲なし,スフィアいせき後＋共有捕獲フラグ確認,主捕獲地方で1個体のみ捕獲。副地方は手掛かり・共鳴戦・素材報酬を担当し、共有捕獲フラグで重複個体を防止。,V2二地方生態版／541系統配置マスター＋特殊個体イベントマスター
1010,テツノイサハ,iron-leaves,9,くさ／エスパー,538,パラドックスポケモン,no,no,未収録・追加対象,新IDへ追加,スフィアいせき後,D・H時空観測室／スフィアいせき,固定シンボル／専用クエスト,―,過去・未来チケットで出現群を切替。バージョン排他は設けない。,全国研究図鑑へ登録（トーホク386完成条件には含めない）,NATIONAL_EXT_1010（新規16bit ID）,テツノイサハ,テツノイサハ,固定イベント追加,EVENT_T,スフィアいせき・裂け目区画,手掛かり／共鳴戦／専用素材,イベント別,重複捕獲なし,スフィアいせき後＋主地方の捕獲フラグ共有,EVENT_K,ハナダのどうくつ・共鳴裂け目,固定シンボル／専用クエスト,Lv.90,原則1体・撃破時復活,スフィアいせき後,主地方で1個体だけ捕獲し、副地方では手掛かり・共鳴戦・専用素材を扱う。捕獲済みフラグは両地方で共有し、重複個体を与えない。,野生通常表には入れない,P2,トーホク側の手掛かり・共鳴イベント,スフィアいせき・裂け目区画,手掛かり／共鳴戦／専用素材,重複捕獲なし,スフィアいせき後＋共有捕獲フラグ確認,カントー固定イベントで捕獲,ハナダのどうくつ・共鳴裂け目,固定シンボル／専用クエスト,原則1体・撃破時復活,スフィアいせき後,主捕獲地方で1個体のみ捕獲。副地方は手掛かり・共鳴戦・素材報酬を担当し、共有捕獲フラグで重複個体を防止。,V2二地方生態版／541系統配置マスター＋特殊個体イベントマスター
1011,カミッチュ,dipplin,9,くさ／ドラゴン,442,通常生態,no,no,未収録・追加対象,新IDへ追加（進化入手）,バッジ5～6個,ハクジのもり,進化,―,道具使用＋みついりりんごを使う（CFRU/DPEの対応トリガーを使用。通信・RTC必須にはしない）,全国研究図鑑へ登録（トーホク386完成条件には含めない）,NATIONAL_EXT_1011（新規16bit ID）,カジッチュ,カジッチュ → アップリュー → タルップル → カミッチュ → カミツオロチ,外来生態レイヤーへ追加,T026,ハクジのもり,ずつき／朝昼オーバーレイ,Lv.38～48／殿堂入り後Lv.50～65,追加抽選3～6%,本編必須フラグを変更せず、外来生態フラグ・時間帯・DexNav・大量発生で制御,K33,タマムシ温室,ずつき／朝昼オーバーレイ,Lv.82～90,通常表8～15%,ベガ初回殿堂入り後。認定章数でエリアと中間進化枠を段階解禁。,トーホクは本編で使える低～中レベル基礎種、カントーは高レベル個体・中間進化・隠れ特性探索を担当。,ベガ既存11枠を上書きせず、CFRU側の条件付きオーバーレイ／DexNav／大量発生へ登録,P1,カジッチュをトーホクで捕獲して進化,ハクジのもり,進化／殿堂入り後DexNavで中間進化が稀に出現,通常野生は基礎種のみ,本編必須フラグを変更せず、外来生態フラグ・時間帯・DexNav・大量発生で制御,カジッチュをカントーで捕獲して進化,タマムシ温室,進化／認定章6個以降は中間進化がDexNav希少枠,通常野生は基礎種中心,ベガ初回殿堂入り後。認定章数でエリアと中間進化枠を段階解禁。,通常系統は両地方で基礎種を捕獲可能。トーホクは早期育成、カントーは高レベル・隠れ特性・タマゴ技探索を担当。,V2二地方生態版／541系統配置マスター＋特殊個体イベントマスター
1012,チャデス,poltchageist,9,くさ／ゴースト,539,通常生態,no,no,未収録・追加対象,新IDへ追加,殿堂入り後,全国生態保護区（サファリ増設区画）,生態保護区ローテーション,対象日10～20%（チケットで固定可）,主に基礎形のみ出現。中間・最終進化は原則として育成で入手。時間帯・天候は生態チケットで任意固定可能。,全国研究図鑑へ登録（トーホク386完成条件には含めない）,NATIONAL_EXT_1012（新規16bit ID）,チャデス,チャデス → ヤバソチャ,外来生態レイヤーへ追加,T033,ときのようかん,夜間オーバーレイ,Lv.43～55／殿堂入り後Lv.60～75,追加抽選3～6%,本編必須フラグを変更せず、外来生態フラグ・時間帯・DexNav・大量発生で制御,K31,ポケモンタワー,夜間オーバーレイ,Lv.82～90,夜間8～12%,ベガ初回殿堂入り後。認定章数でエリアと中間進化枠を段階解禁。,トーホクは本編で使える低～中レベル基礎種、カントーは高レベル個体・中間進化・隠れ特性探索を担当。,ベガ既存11枠を上書きせず、CFRU側の条件付きオーバーレイ／DexNav／大量発生へ登録,P2,トーホク野生生態,ときのようかん,夜間オーバーレイ,追加抽選3～6%,本編必須フラグを変更せず、外来生態フラグ・時間帯・DexNav・大量発生で制御,カントー高レベル野生生態,ポケモンタワー,夜間オーバーレイ,夜間8～12%,ベガ初回殿堂入り後。認定章数でエリアと中間進化枠を段階解禁。,通常系統は両地方で基礎種を捕獲可能。トーホクは早期育成、カントーは高レベル・隠れ特性・タマゴ技探索を担当。,V2二地方生態版／541系統配置マスター＋特殊個体イベントマスター
1013,ヤバソチャ,sinistcha,9,くさ／ゴースト,539,通常生態,no,no,未収録・追加対象,新IDへ追加（進化入手）,殿堂入り後,全国生態保護区（サファリ増設区画）,進化,―,道具使用＋ボンサクのちゃわんを使う（CFRU/DPEの対応トリガーを使用。通信・RTC必須にはしない）,全国研究図鑑へ登録（トーホク386完成条件には含めない）,NATIONAL_EXT_1013（新規16bit ID）,チャデス,チャデス → ヤバソチャ,外来生態レイヤーへ追加,T033,ときのようかん,夜間オーバーレイ,Lv.43～55／殿堂入り後Lv.60～75,追加抽選3～6%,本編必須フラグを変更せず、外来生態フラグ・時間帯・DexNav・大量発生で制御,K31,ポケモンタワー,夜間オーバーレイ,Lv.82～90,夜間8～12%,ベガ初回殿堂入り後。認定章数でエリアと中間進化枠を段階解禁。,トーホクは本編で使える低～中レベル基礎種、カントーは高レベル個体・中間進化・隠れ特性探索を担当。,ベガ既存11枠を上書きせず、CFRU側の条件付きオーバーレイ／DexNav／大量発生へ登録,P2,チャデスをトーホクで捕獲して進化,ときのようかん,進化／殿堂入り後DexNavで中間進化が稀に出現,通常野生は基礎種のみ,本編必須フラグを変更せず、外来生態フラグ・時間帯・DexNav・大量発生で制御,チャデスをカントーで捕獲して進化,ポケモンタワー,進化／認定章6個以降は中間進化がDexNav希少枠,通常野生は基礎種中心,ベガ初回殿堂入り後。認定章数でエリアと中間進化枠を段階解禁。,通常系統は両地方で基礎種を捕獲可能。トーホクは早期育成、カントーは高レベル・隠れ特性・タマゴ技探索を担当。,V2二地方生態版／541系統配置マスター＋特殊個体イベントマスター
1014,イイネイヌ,okidogi,9,どく／かくとう,540,伝説,yes,no,未収録・追加対象,新IDへ追加,殿堂入り＋研究ランク5,ハクジタウン祭会場＋ハクジのもり,固定シンボル／専用クエスト,―,オーガポンを先に保護し、三体、最後にモモワロウ。仮面はイベント中に入手。,全国研究図鑑へ登録（トーホク386完成条件には含めない）,NATIONAL_EXT_1014（新規16bit ID）,イイネイヌ,イイネイヌ,固定イベント追加,EVENT_T,ハクジタウン祭会場＋ハクジのもり,固定シンボル／専用クエスト,Lv.75,原則1体・撃破時復活,殿堂入り＋研究ランク5,EVENT_K,タマムシ広場＋トキワのもり,手掛かり／共鳴戦／専用素材,イベント別,重複捕獲なし,殿堂入り＋研究ランク5＋主地方の捕獲フラグ共有,主地方で1個体だけ捕獲し、副地方では手掛かり・共鳴戦・専用素材を扱う。捕獲済みフラグは両地方で共有し、重複個体を与えない。,野生通常表には入れない,P2,トーホク固定イベントで捕獲,ハクジタウン祭会場＋ハクジのもり,固定シンボル／専用クエスト,原則1体・撃破時復活,殿堂入り＋研究ランク5,カントー側の手掛かり・共鳴イベント,タマムシ広場＋トキワのもり,手掛かり／共鳴戦／専用素材,重複捕獲なし,殿堂入り＋研究ランク5＋共有捕獲フラグ確認,主捕獲地方で1個体のみ捕獲。副地方は手掛かり・共鳴戦・素材報酬を担当し、共有捕獲フラグで重複個体を防止。,V2二地方生態版／541系統配置マスター＋特殊個体イベントマスター
1015,マシマシラ,munkidori,9,どく／エスパー,541,伝説,yes,no,未収録・追加対象,新IDへ追加,殿堂入り＋研究ランク5,ハクジタウン祭会場＋ハクジのもり,固定シンボル／専用クエスト,―,オーガポンを先に保護し、三体、最後にモモワロウ。仮面はイベント中に入手。,全国研究図鑑へ登録（トーホク386完成条件には含めない）,NATIONAL_EXT_1015（新規16bit ID）,マシマシラ,マシマシラ,固定イベント追加,EVENT_T,ハクジタウン祭会場＋ハクジのもり,固定シンボル／専用クエスト,Lv.75,原則1体・撃破時復活,殿堂入り＋研究ランク5,EVENT_K,タマムシ広場＋トキワのもり,手掛かり／共鳴戦／専用素材,イベント別,重複捕獲なし,殿堂入り＋研究ランク5＋主地方の捕獲フラグ共有,主地方で1個体だけ捕獲し、副地方では手掛かり・共鳴戦・専用素材を扱う。捕獲済みフラグは両地方で共有し、重複個体を与えない。,野生通常表には入れない,P2,トーホク固定イベントで捕獲,ハクジタウン祭会場＋ハクジのもり,固定シンボル／専用クエスト,原則1体・撃破時復活,殿堂入り＋研究ランク5,カントー側の手掛かり・共鳴イベント,タマムシ広場＋トキワのもり,手掛かり／共鳴戦／専用素材,重複捕獲なし,殿堂入り＋研究ランク5＋共有捕獲フラグ確認,主捕獲地方で1個体のみ捕獲。副地方は手掛かり・共鳴戦・素材報酬を担当し、共有捕獲フラグで重複個体を防止。,V2二地方生態版／541系統配置マスター＋特殊個体イベントマスター
1016,キチキギス,fezandipiti,9,どく／フェアリー,542,伝説,yes,no,未収録・追加対象,新IDへ追加,殿堂入り＋研究ランク5,ハクジタウン祭会場＋ハクジのもり,固定シンボル／専用クエスト,―,オーガポンを先に保護し、三体、最後にモモワロウ。仮面はイベント中に入手。,全国研究図鑑へ登録（トーホク386完成条件には含めない）,NATIONAL_EXT_1016（新規16bit ID）,キチキギス,キチキギス,固定イベント追加,EVENT_T,ハクジタウン祭会場＋ハクジのもり,固定シンボル／専用クエスト,Lv.75,原則1体・撃破時復活,殿堂入り＋研究ランク5,EVENT_K,タマムシ広場＋トキワのもり,手掛かり／共鳴戦／専用素材,イベント別,重複捕獲なし,殿堂入り＋研究ランク5＋主地方の捕獲フラグ共有,主地方で1個体だけ捕獲し、副地方では手掛かり・共鳴戦・専用素材を扱う。捕獲済みフラグは両地方で共有し、重複個体を与えない。,野生通常表には入れない,P2,トーホク固定イベントで捕獲,ハクジタウン祭会場＋ハクジのもり,固定シンボル／専用クエスト,原則1体・撃破時復活,殿堂入り＋研究ランク5,カントー側の手掛かり・共鳴イベント,タマムシ広場＋トキワのもり,手掛かり／共鳴戦／専用素材,重複捕獲なし,殿堂入り＋研究ランク5＋共有捕獲フラグ確認,主捕獲地方で1個体のみ捕獲。副地方は手掛かり・共鳴戦・素材報酬を担当し、共有捕獲フラグで重複個体を防止。,V2二地方生態版／541系統配置マスター＋特殊個体イベントマスター
1017,オーガポン,ogerpon,9,くさ,543,伝説,yes,no,未収録・追加対象,新IDへ追加,殿堂入り＋研究ランク5,ハクジタウン祭会場＋ハクジのもり,固定シンボル／専用クエスト,―,オーガポンを先に保護し、三体、最後にモモワロウ。仮面はイベント中に入手。,全国研究図鑑へ登録（トーホク386完成条件には含めない）,NATIONAL_EXT_1017（新規16bit ID）,オーガポン,オーガポン,固定イベント追加,EVENT_T,ハクジタウン祭会場＋ハクジのもり,固定シンボル／専用クエスト,Lv.75,原則1体・撃破時復活,殿堂入り＋研究ランク5,EVENT_K,タマムシ広場＋トキワのもり,手掛かり／共鳴戦／専用素材,イベント別,重複捕獲なし,殿堂入り＋研究ランク5＋主地方の捕獲フラグ共有,主地方で1個体だけ捕獲し、副地方では手掛かり・共鳴戦・専用素材を扱う。捕獲済みフラグは両地方で共有し、重複個体を与えない。,野生通常表には入れない,P2,トーホク固定イベントで捕獲,ハクジタウン祭会場＋ハクジのもり,固定シンボル／専用クエスト,原則1体・撃破時復活,殿堂入り＋研究ランク5,カントー側の手掛かり・共鳴イベント,タマムシ広場＋トキワのもり,手掛かり／共鳴戦／専用素材,重複捕獲なし,殿堂入り＋研究ランク5＋共有捕獲フラグ確認,主捕獲地方で1個体のみ捕獲。副地方は手掛かり・共鳴戦・素材報酬を担当し、共有捕獲フラグで重複個体を防止。,V2二地方生態版／541系統配置マスター＋特殊個体イベントマスター
1018,ブリジュラス,archaludon,9,はがね／ドラゴン,465,人工・無機物,no,no,未収録・追加対象,新IDへ追加（進化入手）,殿堂入り後,D・H異常生態区画（新規小部屋）,進化,―,ジュラルドンに「ふくごうきんぞく」を使用。D・H炉心で反復精製可能。,全国研究図鑑へ登録（トーホク386完成条件には含めない）,NATIONAL_EXT_1018（新規16bit ID）,ジュラルドン,ジュラルドン → ブリジュラス,外来生態レイヤーへ追加,T034,D・Hビル,屋内異常遭遇／DexNav,Lv.42～55／殿堂入り後Lv.62～78,通常0%／DexNav 2～5%,本編必須フラグを変更せず、外来生態フラグ・時間帯・DexNav・大量発生で制御,K41,シルフカンパニー,屋内異常遭遇／DexNav,Lv.90～97（異常遭遇）,通常0%／DexNav 2～5%,ベガ初回殿堂入り後。認定章数でエリアと中間進化枠を段階解禁。,トーホクは本編で使える低～中レベル基礎種、カントーは高レベル個体・中間進化・隠れ特性探索を担当。,ベガ既存11枠を上書きせず、CFRU側の条件付きオーバーレイ／DexNav／大量発生へ登録,P2,ジュラルドンをトーホクで捕獲して進化,D・Hビル,進化／殿堂入り後DexNavで中間進化が稀に出現,通常野生は基礎種のみ,本編必須フラグを変更せず、外来生態フラグ・時間帯・DexNav・大量発生で制御,ジュラルドンをカントーで捕獲して進化,シルフカンパニー,進化／認定章6個以降は中間進化がDexNav希少枠,通常野生は基礎種中心,ベガ初回殿堂入り後。認定章数でエリアと中間進化枠を段階解禁。,通常系統は両地方で基礎種を捕獲可能。トーホクは早期育成、カントーは高レベル・隠れ特性・タマゴ技探索を担当。,V2二地方生態版／541系統配置マスター＋特殊個体イベントマスター
1019,カミツオロチ,hydrapple,9,くさ／ドラゴン,442,通常生態,no,no,未収録・追加対象,新IDへ追加（進化入手）,バッジ5～6個,ハクジのもり,進化,―,レベルアップ＋ドラゴンエールを覚えている（CFRU/DPEの対応トリガーを使用。通信・RTC必須にはしない）,全国研究図鑑へ登録（トーホク386完成条件には含めない）,NATIONAL_EXT_1019（新規16bit ID）,カジッチュ,カジッチュ → アップリュー → タルップル → カミッチュ → カミツオロチ,外来生態レイヤーへ追加,T026,ハクジのもり,ずつき／朝昼オーバーレイ,Lv.38～48／殿堂入り後Lv.50～65,追加抽選3～6%,本編必須フラグを変更せず、外来生態フラグ・時間帯・DexNav・大量発生で制御,K33,タマムシ温室,ずつき／朝昼オーバーレイ,Lv.82～90,通常表8～15%,ベガ初回殿堂入り後。認定章数でエリアと中間進化枠を段階解禁。,トーホクは本編で使える低～中レベル基礎種、カントーは高レベル個体・中間進化・隠れ特性探索を担当。,ベガ既存11枠を上書きせず、CFRU側の条件付きオーバーレイ／DexNav／大量発生へ登録,P1,カジッチュをトーホクで捕獲して進化,ハクジのもり,進化／殿堂入り後DexNavで中間進化が稀に出現,通常野生は基礎種のみ,本編必須フラグを変更せず、外来生態フラグ・時間帯・DexNav・大量発生で制御,カジッチュをカントーで捕獲して進化,タマムシ温室,進化／認定章6個以降は中間進化がDexNav希少枠,通常野生は基礎種中心,ベガ初回殿堂入り後。認定章数でエリアと中間進化枠を段階解禁。,通常系統は両地方で基礎種を捕獲可能。トーホクは早期育成、カントーは高レベル・隠れ特性・タマゴ技探索を担当。,V2二地方生態版／541系統配置マスター＋特殊個体イベントマスター
1020,ウガツホムラ,gouging-fire,9,ほのお／ドラゴン,544,パラドックスポケモン,no,no,未収録・追加対象,新IDへ追加,スフィアいせき後,D・H時空観測室／スフィアいせき,固定シンボル／専用クエスト,―,過去・未来チケットで出現群を切替。バージョン排他は設けない。,全国研究図鑑へ登録（トーホク386完成条件には含めない）,NATIONAL_EXT_1020（新規16bit ID）,ウガツホムラ,ウガツホムラ,固定イベント追加,EVENT_T,スフィアいせき・裂け目区画,手掛かり／共鳴戦／専用素材,イベント別,重複捕獲なし,スフィアいせき後＋主地方の捕獲フラグ共有,EVENT_K,ハナダのどうくつ・共鳴裂け目,固定シンボル／専用クエスト,Lv.90,原則1体・撃破時復活,スフィアいせき後,主地方で1個体だけ捕獲し、副地方では手掛かり・共鳴戦・専用素材を扱う。捕獲済みフラグは両地方で共有し、重複個体を与えない。,野生通常表には入れない,P2,トーホク側の手掛かり・共鳴イベント,スフィアいせき・裂け目区画,手掛かり／共鳴戦／専用素材,重複捕獲なし,スフィアいせき後＋共有捕獲フラグ確認,カントー固定イベントで捕獲,ハナダのどうくつ・共鳴裂け目,固定シンボル／専用クエスト,原則1体・撃破時復活,スフィアいせき後,主捕獲地方で1個体のみ捕獲。副地方は手掛かり・共鳴戦・素材報酬を担当し、共有捕獲フラグで重複個体を防止。,V2二地方生態版／541系統配置マスター＋特殊個体イベントマスター
1021,タケルライコ,raging-bolt,9,でんき／ドラゴン,545,パラドックスポケモン,no,no,未収録・追加対象,新IDへ追加,スフィアいせき後,D・H時空観測室／スフィアいせき,固定シンボル／専用クエスト,―,過去・未来チケットで出現群を切替。バージョン排他は設けない。,全国研究図鑑へ登録（トーホク386完成条件には含めない）,NATIONAL_EXT_1021（新規16bit ID）,タケルライコ,タケルライコ,固定イベント追加,EVENT_T,スフィアいせき・裂け目区画,固定シンボル／専用クエスト,Lv.90,原則1体・撃破時復活,スフィアいせき後,EVENT_K,ハナダのどうくつ・共鳴裂け目,手掛かり／共鳴戦／専用素材,イベント別,重複捕獲なし,スフィアいせき後＋主地方の捕獲フラグ共有,主地方で1個体だけ捕獲し、副地方では手掛かり・共鳴戦・専用素材を扱う。捕獲済みフラグは両地方で共有し、重複個体を与えない。,野生通常表には入れない,P2,トーホク固定イベントで捕獲,スフィアいせき・裂け目区画,固定シンボル／専用クエスト,原則1体・撃破時復活,スフィアいせき後,カントー側の手掛かり・共鳴イベント,ハナダのどうくつ・共鳴裂け目,手掛かり／共鳴戦／専用素材,重複捕獲なし,スフィアいせき後＋共有捕獲フラグ確認,主捕獲地方で1個体のみ捕獲。副地方は手掛かり・共鳴戦・素材報酬を担当し、共有捕獲フラグで重複個体を防止。,V2二地方生態版／541系統配置マスター＋特殊個体イベントマスター
1022,テツノイワオ,iron-boulder,9,いわ／エスパー,547,パラドックスポケモン,no,no,未収録・追加対象,新IDへ追加,スフィアいせき後,D・H時空観測室／スフィアいせき,固定シンボル／専用クエスト,―,過去・未来チケットで出現群を切替。バージョン排他は設けない。,全国研究図鑑へ登録（トーホク386完成条件には含めない）,NATIONAL_EXT_1022（新規16bit ID）,テツノイワオ,テツノイワオ,固定イベント追加,EVENT_T,スフィアいせき・裂け目区画,手掛かり／共鳴戦／専用素材,イベント別,重複捕獲なし,スフィアいせき後＋主地方の捕獲フラグ共有,EVENT_K,ハナダのどうくつ・共鳴裂け目,固定シンボル／専用クエスト,Lv.90,原則1体・撃破時復活,スフィアいせき後,主地方で1個体だけ捕獲し、副地方では手掛かり・共鳴戦・専用素材を扱う。捕獲済みフラグは両地方で共有し、重複個体を与えない。,野生通常表には入れない,P2,トーホク側の手掛かり・共鳴イベント,スフィアいせき・裂け目区画,手掛かり／共鳴戦／専用素材,重複捕獲なし,スフィアいせき後＋共有捕獲フラグ確認,カントー固定イベントで捕獲,ハナダのどうくつ・共鳴裂け目,固定シンボル／専用クエスト,原則1体・撃破時復活,スフィアいせき後,主捕獲地方で1個体のみ捕獲。副地方は手掛かり・共鳴戦・素材報酬を担当し、共有捕獲フラグで重複個体を防止。,V2二地方生態版／541系統配置マスター＋特殊個体イベントマスター
1023,テツノカシラ,iron-crown,9,はがね／エスパー,546,パラドックスポケモン,no,no,未収録・追加対象,新IDへ追加,スフィアいせき後,D・H時空観測室／スフィアいせき,固定シンボル／専用クエスト,―,過去・未来チケットで出現群を切替。バージョン排他は設けない。,全国研究図鑑へ登録（トーホク386完成条件には含めない）,NATIONAL_EXT_1023（新規16bit ID）,テツノカシラ,テツノカシラ,固定イベント追加,EVENT_T,スフィアいせき・裂け目区画,固定シンボル／専用クエスト,Lv.90,原則1体・撃破時復活,スフィアいせき後,EVENT_K,ハナダのどうくつ・共鳴裂け目,手掛かり／共鳴戦／専用素材,イベント別,重複捕獲なし,スフィアいせき後＋主地方の捕獲フラグ共有,主地方で1個体だけ捕獲し、副地方では手掛かり・共鳴戦・専用素材を扱う。捕獲済みフラグは両地方で共有し、重複個体を与えない。,野生通常表には入れない,P2,トーホク固定イベントで捕獲,スフィアいせき・裂け目区画,固定シンボル／専用クエスト,原則1体・撃破時復活,スフィアいせき後,カントー側の手掛かり・共鳴イベント,ハナダのどうくつ・共鳴裂け目,手掛かり／共鳴戦／専用素材,重複捕獲なし,スフィアいせき後＋共有捕獲フラグ確認,主捕獲地方で1個体のみ捕獲。副地方は手掛かり・共鳴戦・素材報酬を担当し、共有捕獲フラグで重複個体を防止。,V2二地方生態版／541系統配置マスター＋特殊個体イベントマスター
1024,テラパゴス,terapagos,9,ノーマル,548,伝説,yes,no,未収録・追加対象,新IDへ追加,テラオーブ解禁＋研究ランク5,スフィアいせき結晶層,固定シンボル／専用クエスト,―,結晶を3箇所安定化して固定戦。,全国研究図鑑へ登録（トーホク386完成条件には含めない）,NATIONAL_EXT_1024（新規16bit ID）,テラパゴス,テラパゴス,固定イベント追加,EVENT_T,スフィアいせき結晶層,固定シンボル／専用クエスト,Lv.100,原則1体・撃破時復活,テラオーブ解禁＋研究ランク5,EVENT_K,ハナダのどうくつ結晶層,手掛かり／共鳴戦／専用素材,イベント別,重複捕獲なし,テラオーブ解禁＋研究ランク5＋主地方の捕獲フラグ共有,主地方で1個体だけ捕獲し、副地方では手掛かり・共鳴戦・専用素材を扱う。捕獲済みフラグは両地方で共有し、重複個体を与えない。,野生通常表には入れない,P2,トーホク固定イベントで捕獲,スフィアいせき結晶層,固定シンボル／専用クエスト,原則1体・撃破時復活,テラオーブ解禁＋研究ランク5,カントー側の手掛かり・共鳴イベント,ハナダのどうくつ結晶層,手掛かり／共鳴戦／専用素材,重複捕獲なし,テラオーブ解禁＋研究ランク5＋共有捕獲フラグ確認,主捕獲地方で1個体のみ捕獲。副地方は手掛かり・共鳴戦・素材報酬を担当し、共有捕獲フラグで重複個体を防止。,V2二地方生態版／541系統配置マスター＋特殊個体イベントマスター
1025,モモワロウ,pecharunt,9,どく／ゴースト,549,幻,no,yes,未収録・追加対象,新IDへ追加,殿堂入り＋研究ランク5,ハクジタウン祭会場＋ハクジのもり,固定シンボル／専用クエスト,―,オーガポンを先に保護し、三体、最後にモモワロウ。仮面はイベント中に入手。,全国研究図鑑へ登録（トーホク386完成条件には含めない）,NATIONAL_EXT_1025（新規16bit ID）,モモワロウ,モモワロウ,固定イベント追加,EVENT_T,ハクジタウン祭会場＋ハクジのもり,固定シンボル／専用クエスト,Lv.80,原則1体・撃破時復活,殿堂入り＋研究ランク5,EVENT_K,タマムシ広場＋トキワのもり,手掛かり／共鳴戦／専用素材,イベント別,重複捕獲なし,殿堂入り＋研究ランク5＋主地方の捕獲フラグ共有,主地方で1個体だけ捕獲し、副地方では手掛かり・共鳴戦・専用素材を扱う。捕獲済みフラグは両地方で共有し、重複個体を与えない。,野生通常表には入れない,P2,トーホク固定イベントで捕獲,ハクジタウン祭会場＋ハクジのもり,固定シンボル／専用クエスト,原則1体・撃破時復活,殿堂入り＋研究ランク5,カントー側の手掛かり・共鳴イベント,タマムシ広場＋トキワのもり,手掛かり／共鳴戦／専用素材,重複捕獲なし,殿堂入り＋研究ランク5＋共有捕獲フラグ確認,主捕獲地方で1個体のみ捕獲。副地方は手掛かり・共鳴戦・素材報酬を担当し、共有捕獲フラグで重複個体を防止。,V2二地方生態版／541系統配置マスター＋特殊個体イベントマスター
