region,map_code,map_name,progress_stage,recommended_level_range,evolution_chain_id,root_national_no,root_name,family,types,category,integration_mode,encounter_method,encounter_level,encounter_rate,condition,stage_policy,dual_region_role,rotation_group,hidden_ability_policy,duplicate_capture_policy,implementation_note
カントー,K33,タマムシ温室,認定章4前後,Lv.82～90,1,1,フシギダネ,フシギダネ → フシギソウ → フシギバナ,どく／くさ,御三家,ベガ既存系統を完全保持,ずつき／朝昼オーバーレイ,Lv.82～90,通常表8～15%,ベガ初回殿堂入り後。認定章数でエリアと中間進化枠を段階解禁。,既存個体を保護。追加地域では基礎種または中間進化を希少配置,トーホクではベガ既存個体を保護。カントーでは高レベル個体・隠れ特性・タマゴ技探索を担当。,R2,DexNav連鎖20以上または地方研究ランク2で隠れ特性判定を解禁。通常草むらでは標準特性のみ。,通常種は両地方で捕獲可能。進化後の通常野生化は段階解禁。,FR原作系統を地域の顔として残し、通常表・時間帯表・DexNav・大量発生を使って新種を混在。
トーホク,VEGA_NATIVE,ベガ既存地点（出現表・配布・進化を変更しない）,ベガ既存条件,既存値,1,1,フシギダネ,フシギダネ → フシギソウ → フシギバナ,どく／くさ,御三家,ベガ既存系統を完全保持,ベガ既存入手法,既存値,既存値,既存イベント・野生表・進化条件を原則維持。現代化で条件が壊れる場合のみ互換処理。,既存個体を保護。追加地域では基礎種または中間進化を希少配置,トーホクではベガ既存個体を保護。カントーでは高レベル個体・隠れ特性・タマゴ技探索を担当。,固定／既存,既存個体を変更しない。カントー側DexNavまたは特性パッチで隠れ特性を補完。,通常種は両地方で捕獲可能。,ベガ既存テーブル・固定イベント・配布・進化参照を変更しない。
カントー,K03,3ばんどうろ,認定章1前後,Lv.71～75,2,4,ヒトカゲ,ヒトカゲ → リザード → リザードン,ひこう／ほのお,御三家,ベガ既存系統を完全保持,草むらオーバーレイ,Lv.71～75,通常表8～15%,ベガ初回殿堂入り後。認定章数でエリアと中間進化枠を段階解禁。,既存個体を保護。追加地域では基礎種または中間進化を希少配置,トーホクではベガ既存個体を保護。カントーでは高レベル個体・隠れ特性・タマゴ技探索を担当。,R1,DexNav連鎖20以上または地方研究ランク2で隠れ特性判定を解禁。通常草むらでは標準特性のみ。,通常種は両地方で捕獲可能。進化後の通常野生化は段階解禁。,FR原作系統を地域の顔として残し、通常表・時間帯表・DexNav・大量発生を使って新種を混在。
トーホク,VEGA_NATIVE,ベガ既存地点（出現表・配布・進化を変更しない）,ベガ既存条件,既存値,2,4,ヒトカゲ,ヒトカゲ → リザード → リザードン,ひこう／ほのお,御三家,ベガ既存系統を完全保持,ベガ既存入手法,既存値,既存値,既存イベント・野生表・進化条件を原則維持。現代化で条件が壊れる場合のみ互換処理。,既存個体を保護。追加地域では基礎種または中間進化を希少配置,トーホクではベガ既存個体を保護。カントーでは高レベル個体・隠れ特性・タマゴ技探索を担当。,固定／既存,既存個体を変更しない。カントー側DexNavまたは特性パッチで隠れ特性を補完。,通常種は両地方で捕獲可能。,ベガ既存テーブル・固定イベント・配布・進化参照を変更しない。
カントー,K15,15ばんどうろ,認定章4～5,Lv.85～90,3,7,ゼニガメ,ゼニガメ → カメール → カメックス,みず,御三家,ベガ既存系統を完全保持,水上オーバーレイ,Lv.85～90,通常表10～20%,ベガ初回殿堂入り後。認定章数でエリアと中間進化枠を段階解禁。,既存個体を保護。追加地域では基礎種または中間進化を希少配置,トーホクではベガ既存個体を保護。カントーでは高レベル個体・隠れ特性・タマゴ技探索を担当。,R4,DexNav連鎖20以上または地方研究ランク2で隠れ特性判定を解禁。通常草むらでは標準特性のみ。,通常種は両地方で捕獲可能。進化後の通常野生化は段階解禁。,FR原作系統を地域の顔として残し、通常表・時間帯表・DexNav・大量発生を使って新種を混在。
トーホク,VEGA_NATIVE,ベガ既存地点（出現表・配布・進化を変更しない）,ベガ既存条件,既存値,3,7,ゼニガメ,ゼニガメ → カメール → カメックス,みず,御三家,ベガ既存系統を完全保持,ベガ既存入手法,既存値,既存値,既存イベント・野生表・進化条件を原則維持。現代化で条件が壊れる場合のみ互換処理。,既存個体を保護。追加地域では基礎種または中間進化を希少配置,トーホクではベガ既存個体を保護。カントーでは高レベル個体・隠れ特性・タマゴ技探索を担当。,固定／既存,既存個体を変更しない。カントー側DexNavまたは特性パッチで隠れ特性を補完。,通常種は両地方で捕獲可能。,ベガ既存テーブル・固定イベント・配布・進化参照を変更しない。
カントー,K26,トキワのもり,カントー序盤,Lv.70～76,4,10,キャタピー,キャタピー → トランセル → バタフリー,ひこう／むし,通常生態,外来生態レイヤーへ追加,ずつき／朝昼オーバーレイ,Lv.70～76,通常表8～15%,ベガ初回殿堂入り後。認定章数でエリアと中間進化枠を段階解禁。,基礎種を通常配置。中間進化は高レベル地域のDexNav限定、最終進化は原則進化入手,トーホクは本編で使える低～中レベル基礎種、カントーは高レベル個体・中間進化・隠れ特性探索を担当。,R3,DexNav連鎖20以上または地方研究ランク2で隠れ特性判定を解禁。通常草むらでは標準特性のみ。,通常種は両地方で捕獲可能。進化後の通常野生化は段階解禁。,FR原作系統を地域の顔として残し、通常表・時間帯表・DexNav・大量発生を使って新種を混在。
トーホク,T502,502ばんどうろ／すいどう,序盤A,Lv.3～6,4,10,キャタピー,キャタピー → トランセル → バタフリー,ひこう／むし,通常生態,外来生態レイヤーへ追加,ずつき／朝昼オーバーレイ,Lv.3～6,追加抽選3～6%,本編必須フラグを変更せず、外来生態フラグ・時間帯・DexNav・大量発生で制御,基礎種を通常配置。中間進化は高レベル地域のDexNav限定、最終進化は原則進化入手,トーホクは本編で使える低～中レベル基礎種、カントーは高レベル個体・中間進化・隠れ特性探索を担当。,R3,DexNav連鎖20以上または地方研究ランク2で隠れ特性判定を解禁。通常草むらでは標準特性のみ。,通常種は両地方で捕獲可能。進化後の通常野生化は段階解禁。,ベガ既存の野生枠を上書きせず、条件付きオーバーレイ／DexNav／夜間・水上・釣り・大量発生の追加抽選へ登録。
カントー,K26,トキワのもり,カントー序盤,Lv.70～76,5,13,ビードル,ビードル → コクーン → スピアー,どく／むし,通常生態,外来生態レイヤーへ追加,ずつき／朝昼オーバーレイ,Lv.70～76,通常表8～15%,ベガ初回殿堂入り後。認定章数でエリアと中間進化枠を段階解禁。,基礎種を通常配置。中間進化は高レベル地域のDexNav限定、最終進化は原則進化入手,トーホクは本編で使える低～中レベル基礎種、カントーは高レベル個体・中間進化・隠れ特性探索を担当。,R2,DexNav連鎖20以上または地方研究ランク2で隠れ特性判定を解禁。通常草むらでは標準特性のみ。,通常種は両地方で捕獲可能。進化後の通常野生化は段階解禁。,FR原作系統を地域の顔として残し、通常表・時間帯表・DexNav・大量発生を使って新種を混在。
トーホク,T504,504ばんどうろ／すいどう,序盤B,Lv.9～13,5,13,ビードル,ビードル → コクーン → スピアー,どく／むし,通常生態,外来生態レイヤーへ追加,草むらオーバーレイ,Lv.9～13,追加抽選3～6%,本編必須フラグを変更せず、外来生態フラグ・時間帯・DexNav・大量発生で制御,基礎種を通常配置。中間進化は高レベル地域のDexNav限定、最終進化は原則進化入手,トーホクは本編で使える低～中レベル基礎種、カントーは高レベル個体・中間進化・隠れ特性探索を担当。,R2,DexNav連鎖20以上または地方研究ランク2で隠れ特性判定を解禁。通常草むらでは標準特性のみ。,通常種は両地方で捕獲可能。進化後の通常野生化は段階解禁。,ベガ既存の野生枠を上書きせず、条件付きオーバーレイ／DexNav／夜間・水上・釣り・大量発生の追加抽選へ登録。
カントー,K01,1ばんどうろ,カントー序盤,Lv.68～72,6,16,ポッポ,ポッポ → ピジョン → ピジョット,ノーマル／ひこう,通常生態,外来生態レイヤーへ追加,大量発生,Lv.68～72,通常0%／発生中20～35%,ベガ初回殿堂入り後。認定章数でエリアと中間進化枠を段階解禁。,基礎種を通常配置。中間進化は高レベル地域のDexNav限定、最終進化は原則進化入手,トーホクは本編で使える低～中レベル基礎種、カントーは高レベル個体・中間進化・隠れ特性探索を担当。,R1,DexNav連鎖20以上または地方研究ランク2で隠れ特性判定を解禁。通常草むらでは標準特性のみ。,通常種は両地方で捕獲可能。進化後の通常野生化は段階解禁。,FR原作系統を地域の顔として残し、通常表・時間帯表・DexNav・大量発生を使って新種を混在。
トーホク,T506,506ばんどうろ／すいどう,序盤B,Lv.12～17,6,16,ポッポ,ポッポ → ピジョン → ピジョット,ノーマル／ひこう,通常生態,外来生態レイヤーへ追加,大量発生,Lv.12～17,通常0%／発生中20～35%,本編必須フラグを変更せず、外来生態フラグ・時間帯・DexNav・大量発生で制御,基礎種を通常配置。中間進化は高レベル地域のDexNav限定、最終進化は原則進化入手,トーホクは本編で使える低～中レベル基礎種、カントーは高レベル個体・中間進化・隠れ特性探索を担当。,R1,DexNav連鎖20以上または地方研究ランク2で隠れ特性判定を解禁。通常草むらでは標準特性のみ。,通常種は両地方で捕獲可能。進化後の通常野生化は段階解禁。,ベガ既存の野生枠を上書きせず、条件付きオーバーレイ／DexNav／夜間・水上・釣り・大量発生の追加抽選へ登録。
カントー,K01,1ばんどうろ,カントー序盤,Lv.68～72,7,19,コラッタ,コラッタ → ラッタ,ノーマル,通常生態,外来生態レイヤーへ追加,草むらオーバーレイ,Lv.68～72,通常表8～15%,ベガ初回殿堂入り後。認定章数でエリアと中間進化枠を段階解禁。,基礎種を通常配置。中間進化は高レベル地域のDexNav限定、最終進化は原則進化入手,トーホクは本編で使える低～中レベル基礎種、カントーは高レベル個体・中間進化・隠れ特性探索を担当。,R4,DexNav連鎖20以上または地方研究ランク2で隠れ特性判定を解禁。通常草むらでは標準特性のみ。,通常種は両地方で捕獲可能。進化後の通常野生化は段階解禁。,FR原作系統を地域の顔として残し、通常表・時間帯表・DexNav・大量発生を使って新種を混在。
トーホク,T506,506ばんどうろ／すいどう,序盤B,Lv.12～17,7,19,コラッタ,コラッタ → ラッタ,ノーマル,通常生態,外来生態レイヤーへ追加,草むらオーバーレイ,Lv.12～17,追加抽選3～6%,本編必須フラグを変更せず、外来生態フラグ・時間帯・DexNav・大量発生で制御,基礎種を通常配置。中間進化は高レベル地域のDexNav限定、最終進化は原則進化入手,トーホクは本編で使える低～中レベル基礎種、カントーは高レベル個体・中間進化・隠れ特性探索を担当。,R4,DexNav連鎖20以上または地方研究ランク2で隠れ特性判定を解禁。通常草むらでは標準特性のみ。,通常種は両地方で捕獲可能。進化後の通常野生化は段階解禁。,ベガ既存の野生枠を上書きせず、条件付きオーバーレイ／DexNav／夜間・水上・釣り・大量発生の追加抽選へ登録。
カントー,K03,3ばんどうろ,認定章1前後,Lv.71～75,8,21,オニスズメ,オニスズメ → オニドリル,ノーマル／ひこう,通常生態,外来生態レイヤーへ追加,草むらオーバーレイ,Lv.71～75,通常表8～15%,ベガ初回殿堂入り後。認定章数でエリアと中間進化枠を段階解禁。,基礎種を通常配置。中間進化は高レベル地域のDexNav限定、最終進化は原則進化入手,トーホクは本編で使える低～中レベル基礎種、カントーは高レベル個体・中間進化・隠れ特性探索を担当。,R2,DexNav連鎖20以上または地方研究ランク2で隠れ特性判定を解禁。通常草むらでは標準特性のみ。,通常種は両地方で捕獲可能。進化後の通常野生化は段階解禁。,FR原作系統を地域の顔として残し、通常表・時間帯表・DexNav・大量発生を使って新種を混在。
トーホク,T502,502ばんどうろ／すいどう,序盤A,Lv.3～6,8,21,オニスズメ,オニスズメ → オニドリル,ノーマル／ひこう,通常生態,外来生態レイヤーへ追加,ずつき／朝昼オーバーレイ,Lv.3～6,追加抽選3～6%,本編必須フラグを変更せず、外来生態フラグ・時間帯・DexNav・大量発生で制御,基礎種を通常配置。中間進化は高レベル地域のDexNav限定、最終進化は原則進化入手,トーホクは本編で使える低～中レベル基礎種、カントーは高レベル個体・中間進化・隠れ特性探索を担当。,R2,DexNav連鎖20以上または地方研究ランク2で隠れ特性判定を解禁。通常草むらでは標準特性のみ。,通常種は両地方で捕獲可能。進化後の通常野生化は段階解禁。,ベガ既存の野生枠を上書きせず、条件付きオーバーレイ／DexNav／夜間・水上・釣り・大量発生の追加抽選へ登録。
カントー,K11,11ばんどうろ,認定章2～3,Lv.76～82,9,23,アーボ,アーボ → アーボック,どく,通常生態,ベガ既存系統を完全保持,草むらオーバーレイ,Lv.76～82,通常表8～15%,ベガ初回殿堂入り後。認定章数でエリアと中間進化枠を段階解禁。,既存個体を保護。追加地域では基礎種または中間進化を希少配置,トーホクではベガ既存個体を保護。カントーでは高レベル個体・隠れ特性・タマゴ技探索を担当。,R4,DexNav連鎖20以上または地方研究ランク2で隠れ特性判定を解禁。通常草むらでは標準特性のみ。,通常種は両地方で捕獲可能。進化後の通常野生化は段階解禁。,FR原作系統を地域の顔として残し、通常表・時間帯表・DexNav・大量発生を使って新種を混在。
トーホク,VEGA_NATIVE,ベガ既存地点（出現表・配布・進化を変更しない）,ベガ既存条件,既存値,9,23,アーボ,アーボ → アーボック,どく,通常生態,ベガ既存系統を完全保持,ベガ既存入手法,既存値,既存値,既存イベント・野生表・進化条件を原則維持。現代化で条件が壊れる場合のみ互換処理。,既存個体を保護。追加地域では基礎種または中間進化を希少配置,トーホクではベガ既存個体を保護。カントーでは高レベル個体・隠れ特性・タマゴ技探索を担当。,固定／既存,既存個体を変更しない。カントー側DexNavまたは特性パッチで隠れ特性を補完。,通常種は両地方で捕獲可能。,ベガ既存テーブル・固定イベント・配布・進化参照を変更しない。
カントー,K04,4ばんどうろ,認定章1前後,Lv.72～77,11,27,サンド,サンド → サンドパン,じめん,通常生態,ベガ既存系統を完全保持,草むらオーバーレイ,Lv.72～77,通常表8～15%,ベガ初回殿堂入り後。認定章数でエリアと中間進化枠を段階解禁。,既存個体を保護。追加地域では基礎種または中間進化を希少配置,トーホクではベガ既存個体を保護。カントーでは高レベル個体・隠れ特性・タマゴ技探索を担当。,R4,DexNav連鎖20以上または地方研究ランク2で隠れ特性判定を解禁。通常草むらでは標準特性のみ。,通常種は両地方で捕獲可能。進化後の通常野生化は段階解禁。,FR原作系統を地域の顔として残し、通常表・時間帯表・DexNav・大量発生を使って新種を混在。
トーホク,VEGA_NATIVE,ベガ既存地点（出現表・配布・進化を変更しない）,ベガ既存条件,既存値,11,27,サンド,サンド → サンドパン,じめん,通常生態,ベガ既存系統を完全保持,ベガ既存入手法,既存値,既存値,既存イベント・野生表・進化条件を原則維持。現代化で条件が壊れる場合のみ互換処理。,既存個体を保護。追加地域では基礎種または中間進化を希少配置,トーホクではベガ既存個体を保護。カントーでは高レベル個体・隠れ特性・タマゴ技探索を担当。,固定／既存,既存個体を変更しない。カントー側DexNavまたは特性パッチで隠れ特性を補完。,通常種は両地方で捕獲可能。,ベガ既存テーブル・固定イベント・配布・進化参照を変更しない。
カントー,K03,3ばんどうろ,認定章1前後,Lv.71～75,12,29,ニドラン♀,ニドラン♀ → ニドリーナ → ニドクイン,どく／じめん,通常生態,ベガ既存系統を完全保持,草むらオーバーレイ,Lv.71～75,通常表8～15%,ベガ初回殿堂入り後。認定章数でエリアと中間進化枠を段階解禁。,既存個体を保護。追加地域では基礎種または中間進化を希少配置,トーホクではベガ既存個体を保護。カントーでは高レベル個体・隠れ特性・タマゴ技探索を担当。,R2,DexNav連鎖20以上または地方研究ランク2で隠れ特性判定を解禁。通常草むらでは標準特性のみ。,通常種は両地方で捕獲可能。進化後の通常野生化は段階解禁。,FR原作系統を地域の顔として残し、通常表・時間帯表・DexNav・大量発生を使って新種を混在。
トーホク,VEGA_NATIVE,ベガ既存地点（出現表・配布・進化を変更しない）,ベガ既存条件,既存値,12,29,ニドラン♀,ニドラン♀ → ニドリーナ → ニドクイン,どく／じめん,通常生態,ベガ既存系統を完全保持,ベガ既存入手法,既存値,既存値,既存イベント・野生表・進化条件を原則維持。現代化で条件が壊れる場合のみ互換処理。,既存個体を保護。追加地域では基礎種または中間進化を希少配置,トーホクではベガ既存個体を保護。カントーでは高レベル個体・隠れ特性・タマゴ技探索を担当。,固定／既存,既存個体を変更しない。カントー側DexNavまたは特性パッチで隠れ特性を補完。,通常種は両地方で捕獲可能。,ベガ既存テーブル・固定イベント・配布・進化参照を変更しない。
カントー,K03,3ばんどうろ,認定章1前後,Lv.71～75,13,32,ニドラン♂,ニドラン♂ → ニドリーノ → ニドキング,どく／じめん,通常生態,ベガ既存系統を完全保持,大量発生,Lv.71～75,通常0%／発生中20～35%,ベガ初回殿堂入り後。認定章数でエリアと中間進化枠を段階解禁。,既存個体を保護。追加地域では基礎種または中間進化を希少配置,トーホクではベガ既存個体を保護。カントーでは高レベル個体・隠れ特性・タマゴ技探索を担当。,R1,DexNav連鎖20以上または地方研究ランク2で隠れ特性判定を解禁。通常草むらでは標準特性のみ。,通常種は両地方で捕獲可能。進化後の通常野生化は段階解禁。,FR原作系統を地域の顔として残し、通常表・時間帯表・DexNav・大量発生を使って新種を混在。
トーホク,VEGA_NATIVE,ベガ既存地点（出現表・配布・進化を変更しない）,ベガ既存条件,既存値,13,32,ニドラン♂,ニドラン♂ → ニドリーノ → ニドキング,どく／じめん,通常生態,ベガ既存系統を完全保持,ベガ既存入手法,既存値,既存値,既存イベント・野生表・進化条件を原則維持。現代化で条件が壊れる場合のみ互換処理。,既存個体を保護。追加地域では基礎種または中間進化を希少配置,トーホクではベガ既存個体を保護。カントーでは高レベル個体・隠れ特性・タマゴ技探索を担当。,固定／既存,既存個体を変更しない。カントー側DexNavまたは特性パッチで隠れ特性を補完。,通常種は両地方で捕獲可能。,ベガ既存テーブル・固定イベント・配布・進化参照を変更しない。
カントー,K07,7ばんどうろ,認定章3前後,Lv.78～83,15,37,ロコン,ロコン → キュウコン,ほのお,通常生態,外来生態レイヤーへ追加,草むらオーバーレイ,Lv.78～83,通常表8～15%,ベガ初回殿堂入り後。認定章数でエリアと中間進化枠を段階解禁。,基礎種を通常配置。中間進化は高レベル地域のDexNav限定、最終進化は原則進化入手,トーホクは本編で使える低～中レベル基礎種、カントーは高レベル個体・中間進化・隠れ特性探索を担当。,R2,DexNav連鎖20以上または地方研究ランク2で隠れ特性判定を解禁。通常草むらでは標準特性のみ。,通常種は両地方で捕獲可能。進化後の通常野生化は段階解禁。,FR原作系統を地域の顔として残し、通常表・時間帯表・DexNav・大量発生を使って新種を混在。
トーホク,T521,521ばんどうろ／すいどう,後半B,Lv.45～52,15,37,ロコン,ロコン → キュウコン,ほのお,通常生態,外来生態レイヤーへ追加,草むらオーバーレイ,Lv.45～52,追加抽選3～6%,本編必須フラグを変更せず、外来生態フラグ・時間帯・DexNav・大量発生で制御,基礎種を通常配置。中間進化は高レベル地域のDexNav限定、最終進化は原則進化入手,トーホクは本編で使える低～中レベル基礎種、カントーは高レベル個体・中間進化・隠れ特性探索を担当。,R2,DexNav連鎖20以上または地方研究ランク2で隠れ特性判定を解禁。通常草むらでは標準特性のみ。,通常種は両地方で捕獲可能。進化後の通常野生化は段階解禁。,ベガ既存の野生枠を上書きせず、条件付きオーバーレイ／DexNav／夜間・水上・釣り・大量発生の追加抽選へ登録。
カントー,K27,おつきみやま,認定章1前後,Lv.73～80,17,41,ズバット,ズバット → ゴルバット → クロバット,ひこう／どく,通常生態,外来生態レイヤーへ追加,洞窟・屋内オーバーレイ,Lv.73～80,通常表8～15%,ベガ初回殿堂入り後。認定章数でエリアと中間進化枠を段階解禁。,基礎種を通常配置。中間進化は高レベル地域のDexNav限定、最終進化は原則進化入手,トーホクは本編で使える低～中レベル基礎種、カントーは高レベル個体・中間進化・隠れ特性探索を担当。,R2,DexNav連鎖20以上または地方研究ランク2で隠れ特性判定を解禁。通常草むらでは標準特性のみ。,通常種は両地方で捕獲可能。進化後の通常野生化は段階解禁。,FR原作系統を地域の顔として残し、通常表・時間帯表・DexNav・大量発生を使って新種を混在。
トーホク,T505,505ばんどうろ／すいどう,序盤B,Lv.10～14,17,41,ズバット,ズバット → ゴルバット → クロバット,ひこう／どく,通常生態,外来生態レイヤーへ追加,大量発生,Lv.10～14,通常0%／発生中20～35%,本編必須フラグを変更せず、外来生態フラグ・時間帯・DexNav・大量発生で制御,基礎種を通常配置。中間進化は高レベル地域のDexNav限定、最終進化は原則進化入手,トーホクは本編で使える低～中レベル基礎種、カントーは高レベル個体・中間進化・隠れ特性探索を担当。,R2,DexNav連鎖20以上または地方研究ランク2で隠れ特性判定を解禁。通常草むらでは標準特性のみ。,通常種は両地方で捕獲可能。進化後の通常野生化は段階解禁。,ベガ既存の野生枠を上書きせず、条件付きオーバーレイ／DexNav／夜間・水上・釣り・大量発生の追加抽選へ登録。
カントー,K05,5ばんどうろ,認定章2前後,Lv.74～79,18,43,ナゾノクサ,ナゾノクサ → クサイハナ → ラフレシア → キレイハナ,どく／くさ,通常生態,外来生態レイヤーへ追加,草むらオーバーレイ,Lv.74～79,通常表8～15%,ベガ初回殿堂入り後。認定章数でエリアと中間進化枠を段階解禁。,基礎種を通常配置。中間進化は高レベル地域のDexNav限定、最終進化は原則進化入手,トーホクは本編で使える低～中レベル基礎種、カントーは高レベル個体・中間進化・隠れ特性探索を担当。,R4,DexNav連鎖20以上または地方研究ランク2で隠れ特性判定を解禁。通常草むらでは標準特性のみ。,通常種は両地方で捕獲可能。進化後の通常野生化は段階解禁。,FR原作系統を地域の顔として残し、通常表・時間帯表・DexNav・大量発生を使って新種を混在。
トーホク,T504,504ばんどうろ／すいどう,序盤B,Lv.9～13,18,43,ナゾノクサ,ナゾノクサ → クサイハナ → ラフレシア → キレイハナ,どく／くさ,通常生態,外来生態レイヤーへ追加,草むらオーバーレイ,Lv.9～13,追加抽選3～6%,本編必須フラグを変更せず、外来生態フラグ・時間帯・DexNav・大量発生で制御,基礎種を通常配置。中間進化は高レベル地域のDexNav限定、最終進化は原則進化入手,トーホクは本編で使える低～中レベル基礎種、カントーは高レベル個体・中間進化・隠れ特性探索を担当。,R4,DexNav連鎖20以上または地方研究ランク2で隠れ特性判定を解禁。通常草むらでは標準特性のみ。,通常種は両地方で捕獲可能。進化後の通常野生化は段階解禁。,ベガ既存の野生枠を上書きせず、条件付きオーバーレイ／DexNav／夜間・水上・釣り・大量発生の追加抽選へ登録。
カントー,K27,おつきみやま,認定章1前後,Lv.73～80,19,46,パラス,パラス → パラセクト,むし／くさ,通常生態,外来生態レイヤーへ追加,洞窟・屋内オーバーレイ,Lv.73～80,通常表8～15%,ベガ初回殿堂入り後。認定章数でエリアと中間進化枠を段階解禁。,基礎種を通常配置。中間進化は高レベル地域のDexNav限定、最終進化は原則進化入手,トーホクは本編で使える低～中レベル基礎種、カントーは高レベル個体・中間進化・隠れ特性探索を担当。,R3,DexNav連鎖20以上または地方研究ランク2で隠れ特性判定を解禁。通常草むらでは標準特性のみ。,通常種は両地方で捕獲可能。進化後の通常野生化は段階解禁。,FR原作系統を地域の顔として残し、通常表・時間帯表・DexNav・大量発生を使って新種を混在。
トーホク,T036,サファリゾーン東,後半B,Lv.38～48／殿堂入り後Lv.55～70,19,46,パラス,パラス → パラセクト,むし／くさ,通常生態,外来生態レイヤーへ追加,ずつき／朝昼オーバーレイ,Lv.38～48／殿堂入り後Lv.55～70,追加抽選3～6%,本編必須フラグを変更せず、外来生態フラグ・時間帯・DexNav・大量発生で制御,基礎種を通常配置。中間進化は高レベル地域のDexNav限定、最終進化は原則進化入手,トーホクは本編で使える低～中レベル基礎種、カントーは高レベル個体・中間進化・隠れ特性探索を担当。,R3,DexNav連鎖20以上または地方研究ランク2で隠れ特性判定を解禁。通常草むらでは標準特性のみ。,通常種は両地方で捕獲可能。進化後の通常野生化は段階解禁。,ベガ既存の野生枠を上書きせず、条件付きオーバーレイ／DexNav／夜間・水上・釣り・大量発生の追加抽選へ登録。
カントー,K14,14ばんどうろ,認定章4～5,Lv.84～89,20,48,コンパン,コンパン → モルフォン,どく／むし,通常生態,外来生態レイヤーへ追加,大量発生,Lv.84～89,通常0%／発生中20～35%,ベガ初回殿堂入り後。認定章数でエリアと中間進化枠を段階解禁。,基礎種を通常配置。中間進化は高レベル地域のDexNav限定、最終進化は原則進化入手,トーホクは本編で使える低～中レベル基礎種、カントーは高レベル個体・中間進化・隠れ特性探索を担当。,R1,DexNav連鎖20以上または地方研究ランク2で隠れ特性判定を解禁。通常草むらでは標準特性のみ。,通常種は両地方で捕獲可能。進化後の通常野生化は段階解禁。,FR原作系統を地域の顔として残し、通常表・時間帯表・DexNav・大量発生を使って新種を混在。
トーホク,T504,504ばんどうろ／すいどう,序盤B,Lv.9～13,20,48,コンパン,コンパン → モルフォン,どく／むし,通常生態,外来生態レイヤーへ追加,大量発生,Lv.9～13,通常0%／発生中20～35%,本編必須フラグを変更せず、外来生態フラグ・時間帯・DexNav・大量発生で制御,基礎種を通常配置。中間進化は高レベル地域のDexNav限定、最終進化は原則進化入手,トーホクは本編で使える低～中レベル基礎種、カントーは高レベル個体・中間進化・隠れ特性探索を担当。,R1,DexNav連鎖20以上または地方研究ランク2で隠れ特性判定を解禁。通常草むらでは標準特性のみ。,通常種は両地方で捕獲可能。進化後の通常野生化は段階解禁。,ベガ既存の野生枠を上書きせず、条件付きオーバーレイ／DexNav／夜間・水上・釣り・大量発生の追加抽選へ登録。
カントー,K28,ディグダのあな,認定章2～3,Lv.76～83,21,50,ディグダ,ディグダ → ダグトリオ,じめん,通常生態,ベガ既存系統を完全保持,いわくだき／DexNav,Lv.76～83,通常0%／DexNav 2～5%,ベガ初回殿堂入り後。認定章数でエリアと中間進化枠を段階解禁。,既存個体を保護。追加地域では基礎種または中間進化を希少配置,トーホクではベガ既存個体を保護。カントーでは高レベル個体・隠れ特性・タマゴ技探索を担当。,R3,DexNav連鎖20以上または地方研究ランク2で隠れ特性判定を解禁。通常草むらでは標準特性のみ。,通常種は両地方で捕獲可能。進化後の通常野生化は段階解禁。,FR原作系統を地域の顔として残し、通常表・時間帯表・DexNav・大量発生を使って新種を混在。
トーホク,VEGA_NATIVE,ベガ既存地点（出現表・配布・進化を変更しない）,ベガ既存条件,既存値,21,50,ディグダ,ディグダ → ダグトリオ,じめん,通常生態,ベガ既存系統を完全保持,ベガ既存入手法,既存値,既存値,既存イベント・野生表・進化条件を原則維持。現代化で条件が壊れる場合のみ互換処理。,既存個体を保護。追加地域では基礎種または中間進化を希少配置,トーホクではベガ既存個体を保護。カントーでは高レベル個体・隠れ特性・タマゴ技探索を担当。,固定／既存,既存個体を変更しない。カントー側DexNavまたは特性パッチで隠れ特性を補完。,通常種は両地方で捕獲可能。,ベガ既存テーブル・固定イベント・配布・進化参照を変更しない。
カントー,K05,5ばんどうろ,認定章2前後,Lv.74～79,22,52,ニャース,ニャース → ペルシアン → ニャイキング,ノーマル／はがね,通常生態,外来生態レイヤーへ追加,草むらオーバーレイ,Lv.74～79,通常表8～15%,ベガ初回殿堂入り後。認定章数でエリアと中間進化枠を段階解禁。,基礎種を通常配置。中間進化は高レベル地域のDexNav限定、最終進化は原則進化入手,トーホクは本編で使える低～中レベル基礎種、カントーは高レベル個体・中間進化・隠れ特性探索を担当。,R1,DexNav連鎖20以上または地方研究ランク2で隠れ特性判定を解禁。通常草むらでは標準特性のみ。,通常種は両地方で捕獲可能。進化後の通常野生化は段階解禁。,FR原作系統を地域の顔として残し、通常表・時間帯表・DexNav・大量発生を使って新種を混在。
トーホク,T506,506ばんどうろ／すいどう,序盤B,Lv.12～17,22,52,ニャース,ニャース → ペルシアン → ニャイキング,ノーマル／はがね,通常生態,外来生態レイヤーへ追加,大量発生,Lv.12～17,通常0%／発生中20～35%,本編必須フラグを変更せず、外来生態フラグ・時間帯・DexNav・大量発生で制御,基礎種を通常配置。中間進化は高レベル地域のDexNav限定、最終進化は原則進化入手,トーホクは本編で使える低～中レベル基礎種、カントーは高レベル個体・中間進化・隠れ特性探索を担当。,R1,DexNav連鎖20以上または地方研究ランク2で隠れ特性判定を解禁。通常草むらでは標準特性のみ。,通常種は両地方で捕獲可能。進化後の通常野生化は段階解禁。,ベガ既存の野生枠を上書きせず、条件付きオーバーレイ／DexNav／夜間・水上・釣り・大量発生の追加抽選へ登録。
カントー,K25,25ばんどうろ,認定章1～2,Lv.75～80,23,54,コダック,コダック → ゴルダック,みず,通常生態,外来生態レイヤーへ追加,釣りオーバーレイ,Lv.75～80,通常表10～20%,ベガ初回殿堂入り後。認定章数でエリアと中間進化枠を段階解禁。,基礎種を通常配置。中間進化は高レベル地域のDexNav限定、最終進化は原則進化入手,トーホクは本編で使える低～中レベル基礎種、カントーは高レベル個体・中間進化・隠れ特性探索を担当。,R3,DexNav連鎖20以上または地方研究ランク2で隠れ特性判定を解禁。通常草むらでは標準特性のみ。,通常種は両地方で捕獲可能。進化後の通常野生化は段階解禁。,FR原作系統を地域の顔として残し、通常表・時間帯表・DexNav・大量発生を使って新種を混在。
トーホク,T512,512ばんどうろ／すいどう,中盤B,Lv.27～33,23,54,コダック,コダック → ゴルダック,みず,通常生態,外来生態レイヤーへ追加,釣りオーバーレイ,Lv.27～33,追加抽選4～8%,本編必須フラグを変更せず、外来生態フラグ・時間帯・DexNav・大量発生で制御,基礎種を通常配置。中間進化は高レベル地域のDexNav限定、最終進化は原則進化入手,トーホクは本編で使える低～中レベル基礎種、カントーは高レベル個体・中間進化・隠れ特性探索を担当。,R3,DexNav連鎖20以上または地方研究ランク2で隠れ特性判定を解禁。通常草むらでは標準特性のみ。,通常種は両地方で捕獲可能。進化後の通常野生化は段階解禁。,ベガ既存の野生枠を上書きせず、条件付きオーバーレイ／DexNav／夜間・水上・釣り・大量発生の追加抽選へ登録。
カントー,K22,22ばんどうろ,認定章7前後,Lv.90～95,24,56,マンキー,マンキー → オコリザル → コノヨザル,かくとう／ゴースト,通常生態,外来生態レイヤーへ追加,夜間オーバーレイ,Lv.90～95,夜間8～12%,ベガ初回殿堂入り後。認定章数でエリアと中間進化枠を段階解禁。,基礎種を通常配置。中間進化は高レベル地域のDexNav限定、最終進化は原則進化入手,トーホクは本編で使える低～中レベル基礎種、カントーは高レベル個体・中間進化・隠れ特性探索を担当。,R1,DexNav連鎖20以上または地方研究ランク2で隠れ特性判定を解禁。通常草むらでは標準特性のみ。,通常種は両地方で捕獲可能。進化後の通常野生化は段階解禁。,FR原作系統を地域の顔として残し、通常表・時間帯表・DexNav・大量発生を使って新種を混在。
トーホク,T032,ダークタワー,後半A,Lv.44～54／殿堂入り後Lv.60～75,24,56,マンキー,マンキー → オコリザル → コノヨザル,かくとう／ゴースト,通常生態,外来生態レイヤーへ追加,夜間オーバーレイ,Lv.44～54／殿堂入り後Lv.60～75,追加抽選3～6%,本編必須フラグを変更せず、外来生態フラグ・時間帯・DexNav・大量発生で制御,基礎種を通常配置。中間進化は高レベル地域のDexNav限定、最終進化は原則進化入手,トーホクは本編で使える低～中レベル基礎種、カントーは高レベル個体・中間進化・隠れ特性探索を担当。,R1,DexNav連鎖20以上または地方研究ランク2で隠れ特性判定を解禁。通常草むらでは標準特性のみ。,通常種は両地方で捕獲可能。進化後の通常野生化は段階解禁。,ベガ既存の野生枠を上書きせず、条件付きオーバーレイ／DexNav／夜間・水上・釣り・大量発生の追加抽選へ登録。
カントー,K07,7ばんどうろ,認定章3前後,Lv.78～83,25,58,ガーディ,ガーディ → ウインディ,ほのお,通常生態,外来生態レイヤーへ追加,草むらオーバーレイ,Lv.78～83,通常表8～15%,ベガ初回殿堂入り後。認定章数でエリアと中間進化枠を段階解禁。,基礎種を通常配置。中間進化は高レベル地域のDexNav限定、最終進化は原則進化入手,トーホクは本編で使える低～中レベル基礎種、カントーは高レベル個体・中間進化・隠れ特性探索を担当。,R3,DexNav連鎖20以上または地方研究ランク2で隠れ特性判定を解禁。通常草むらでは標準特性のみ。,通常種は両地方で捕獲可能。進化後の通常野生化は段階解禁。,FR原作系統を地域の顔として残し、通常表・時間帯表・DexNav・大量発生を使って新種を混在。
トーホク,T028,ひのしま,中盤B,Lv.30～40／殿堂入り後Lv.55～70,25,58,ガーディ,ガーディ → ウインディ,ほのお,通常生態,外来生態レイヤーへ追加,洞窟・屋内オーバーレイ,Lv.30～40／殿堂入り後Lv.55～70,追加抽選3～6%,本編必須フラグを変更せず、外来生態フラグ・時間帯・DexNav・大量発生で制御,基礎種を通常配置。中間進化は高レベル地域のDexNav限定、最終進化は原則進化入手,トーホクは本編で使える低～中レベル基礎種、カントーは高レベル個体・中間進化・隠れ特性探索を担当。,R3,DexNav連鎖20以上または地方研究ランク2で隠れ特性判定を解禁。通常草むらでは標準特性のみ。,通常種は両地方で捕獲可能。進化後の通常野生化は段階解禁。,ベガ既存の野生枠を上書きせず、条件付きオーバーレイ／DexNav／夜間・水上・釣り・大量発生の追加抽選へ登録。
カントー,K25,25ばんどうろ,認定章1～2,Lv.75～80,26,60,ニョロモ,ニョロモ → ニョロゾ → ニョロボン → ニョロトノ,かくとう／みず,通常生態,外来生態レイヤーへ追加,水上オーバーレイ,Lv.75～80,通常表10～20%,ベガ初回殿堂入り後。認定章数でエリアと中間進化枠を段階解禁。,基礎種を通常配置。中間進化は高レベル地域のDexNav限定、最終進化は原則進化入手,トーホクは本編で使える低～中レベル基礎種、カントーは高レベル個体・中間進化・隠れ特性探索を担当。,R1,DexNav連鎖20以上または地方研究ランク2で隠れ特性判定を解禁。通常草むらでは標準特性のみ。,通常種は両地方で捕獲可能。進化後の通常野生化は段階解禁。,FR原作系統を地域の顔として残し、通常表・時間帯表・DexNav・大量発生を使って新種を混在。
トーホク,T512,512ばんどうろ／すいどう,中盤B,Lv.27～33,26,60,ニョロモ,ニョロモ → ニョロゾ → ニョロボン → ニョロトノ,かくとう／みず,通常生態,外来生態レイヤーへ追加,水上オーバーレイ,Lv.27～33,追加抽選4～8%,本編必須フラグを変更せず、外来生態フラグ・時間帯・DexNav・大量発生で制御,基礎種を通常配置。中間進化は高レベル地域のDexNav限定、最終進化は原則進化入手,トーホクは本編で使える低～中レベル基礎種、カントーは高レベル個体・中間進化・隠れ特性探索を担当。,R1,DexNav連鎖20以上または地方研究ランク2で隠れ特性判定を解禁。通常草むらでは標準特性のみ。,通常種は両地方で捕獲可能。進化後の通常野生化は段階解禁。,ベガ既存の野生枠を上書きせず、条件付きオーバーレイ／DexNav／夜間・水上・釣り・大量発生の追加抽選へ登録。
カントー,K24,24ばんどうろ,認定章1～2,Lv.74～79,27,63,ケーシィ,ケーシィ → ユンゲラー → フーディン,エスパー,通常生態,外来生態レイヤーへ追加,草むらオーバーレイ,Lv.74～79,通常表8～15%,ベガ初回殿堂入り後。認定章数でエリアと中間進化枠を段階解禁。,基礎種を通常配置。中間進化は高レベル地域のDexNav限定、最終進化は原則進化入手,トーホクは本編で使える低～中レベル基礎種、カントーは高レベル個体・中間進化・隠れ特性探索を担当。,R4,DexNav連鎖20以上または地方研究ランク2で隠れ特性判定を解禁。通常草むらでは標準特性のみ。,通常種は両地方で捕獲可能。進化後の通常野生化は段階解禁。,FR原作系統を地域の顔として残し、通常表・時間帯表・DexNav・大量発生を使って新種を混在。
トーホク,T034,D・Hビル,後半A,Lv.42～55／殿堂入り後Lv.62～78,27,63,ケーシィ,ケーシィ → ユンゲラー → フーディン,エスパー,通常生態,外来生態レイヤーへ追加,洞窟・屋内オーバーレイ,Lv.42～55／殿堂入り後Lv.62～78,追加抽選3～6%,本編必須フラグを変更せず、外来生態フラグ・時間帯・DexNav・大量発生で制御,基礎種を通常配置。中間進化は高レベル地域のDexNav限定、最終進化は原則進化入手,トーホクは本編で使える低～中レベル基礎種、カントーは高レベル個体・中間進化・隠れ特性探索を担当。,R4,DexNav連鎖20以上または地方研究ランク2で隠れ特性判定を解禁。通常草むらでは標準特性のみ。,通常種は両地方で捕獲可能。進化後の通常野生化は段階解禁。,ベガ既存の野生枠を上書きせず、条件付きオーバーレイ／DexNav／夜間・水上・釣り・大量発生の追加抽選へ登録。
カントー,K30,イワヤマトンネル,認定章2～3,Lv.80～87,28,66,ワンリキー,ワンリキー → ゴーリキー → カイリキー,かくとう,通常生態,外来生態レイヤーへ追加,洞窟・屋内オーバーレイ,Lv.80～87,通常表8～15%,ベガ初回殿堂入り後。認定章数でエリアと中間進化枠を段階解禁。,基礎種を通常配置。中間進化は高レベル地域のDexNav限定、最終進化は原則進化入手,トーホクは本編で使える低～中レベル基礎種、カントーは高レベル個体・中間進化・隠れ特性探索を担当。,R3,DexNav連鎖20以上または地方研究ランク2で隠れ特性判定を解禁。通常草むらでは標準特性のみ。,通常種は両地方で捕獲可能。進化後の通常野生化は段階解禁。,FR原作系統を地域の顔として残し、通常表・時間帯表・DexNav・大量発生を使って新種を混在。
トーホク,T514,514ばんどうろ／すいどう,中盤C,Lv.31～38,28,66,ワンリキー,ワンリキー → ゴーリキー → カイリキー,かくとう,通常生態,外来生態レイヤーへ追加,草むらオーバーレイ,Lv.31～38,追加抽選3～6%,本編必須フラグを変更せず、外来生態フラグ・時間帯・DexNav・大量発生で制御,基礎種を通常配置。中間進化は高レベル地域のDexNav限定、最終進化は原則進化入手,トーホクは本編で使える低～中レベル基礎種、カントーは高レベル個体・中間進化・隠れ特性探索を担当。,R3,DexNav連鎖20以上または地方研究ランク2で隠れ特性判定を解禁。通常草むらでは標準特性のみ。,通常種は両地方で捕獲可能。進化後の通常野生化は段階解禁。,ベガ既存の野生枠を上書きせず、条件付きオーバーレイ／DexNav／夜間・水上・釣り・大量発生の追加抽選へ登録。
カントー,K05,5ばんどうろ,認定章2前後,Lv.74～79,29,69,マダツボミ,マダツボミ → ウツドン → ウツボット,どく／くさ,通常生態,外来生態レイヤーへ追加,草むらオーバーレイ,Lv.74～79,通常表8～15%,ベガ初回殿堂入り後。認定章数でエリアと中間進化枠を段階解禁。,基礎種を通常配置。中間進化は高レベル地域のDexNav限定、最終進化は原則進化入手,トーホクは本編で使える低～中レベル基礎種、カントーは高レベル個体・中間進化・隠れ特性探索を担当。,R2,DexNav連鎖20以上または地方研究ランク2で隠れ特性判定を解禁。通常草むらでは標準特性のみ。,通常種は両地方で捕獲可能。進化後の通常野生化は段階解禁。,FR原作系統を地域の顔として残し、通常表・時間帯表・DexNav・大量発生を使って新種を混在。
トーホク,T504,504ばんどうろ／すいどう,序盤B,Lv.9～13,29,69,マダツボミ,マダツボミ → ウツドン → ウツボット,どく／くさ,通常生態,外来生態レイヤーへ追加,草むらオーバーレイ,Lv.9～13,追加抽選3～6%,本編必須フラグを変更せず、外来生態フラグ・時間帯・DexNav・大量発生で制御,基礎種を通常配置。中間進化は高レベル地域のDexNav限定、最終進化は原則進化入手,トーホクは本編で使える低～中レベル基礎種、カントーは高レベル個体・中間進化・隠れ特性探索を担当。,R2,DexNav連鎖20以上または地方研究ランク2で隠れ特性判定を解禁。通常草むらでは標準特性のみ。,通常種は両地方で捕獲可能。進化後の通常野生化は段階解禁。,ベガ既存の野生枠を上書きせず、条件付きオーバーレイ／DexNav／夜間・水上・釣り・大量発生の追加抽選へ登録。
カントー,K19,19ばんどうろ,認定章5後,Lv.87～92,30,72,メノクラゲ,メノクラゲ → ドククラゲ,どく／みず,通常生態,ベガ既存系統を完全保持,釣りオーバーレイ,Lv.87～92,通常表10～20%,ベガ初回殿堂入り後。認定章数でエリアと中間進化枠を段階解禁。,既存個体を保護。追加地域では基礎種または中間進化を希少配置,トーホクではベガ既存個体を保護。カントーでは高レベル個体・隠れ特性・タマゴ技探索を担当。,R1,DexNav連鎖20以上または地方研究ランク2で隠れ特性判定を解禁。通常草むらでは標準特性のみ。,通常種は両地方で捕獲可能。進化後の通常野生化は段階解禁。,FR原作系統を地域の顔として残し、通常表・時間帯表・DexNav・大量発生を使って新種を混在。
トーホク,VEGA_NATIVE,ベガ既存地点（出現表・配布・進化を変更しない）,ベガ既存条件,既存値,30,72,メノクラゲ,メノクラゲ → ドククラゲ,どく／みず,通常生態,ベガ既存系統を完全保持,ベガ既存入手法,既存値,既存値,既存イベント・野生表・進化条件を原則維持。現代化で条件が壊れる場合のみ互換処理。,既存個体を保護。追加地域では基礎種または中間進化を希少配置,トーホクではベガ既存個体を保護。カントーでは高レベル個体・隠れ特性・タマゴ技探索を担当。,固定／既存,既存個体を変更しない。カントー側DexNavまたは特性パッチで隠れ特性を補完。,通常種は両地方で捕獲可能。,ベガ既存テーブル・固定イベント・配布・進化参照を変更しない。
カントー,K27,おつきみやま,認定章1前後,Lv.73～80,31,74,イシツブテ,イシツブテ → ゴローン → ゴローニャ,じめん／いわ,通常生態,ベガ既存系統を完全保持,いわくだき／DexNav,Lv.73～80,通常0%／DexNav 2～5%,ベガ初回殿堂入り後。認定章数でエリアと中間進化枠を段階解禁。,既存個体を保護。追加地域では基礎種または中間進化を希少配置,トーホクではベガ既存個体を保護。カントーでは高レベル個体・隠れ特性・タマゴ技探索を担当。,R3,DexNav連鎖20以上または地方研究ランク2で隠れ特性判定を解禁。通常草むらでは標準特性のみ。,通常種は両地方で捕獲可能。進化後の通常野生化は段階解禁。,FR原作系統を地域の顔として残し、通常表・時間帯表・DexNav・大量発生を使って新種を混在。
トーホク,VEGA_NATIVE,ベガ既存地点（出現表・配布・進化を変更しない）,ベガ既存条件,既存値,31,74,イシツブテ,イシツブテ → ゴローン → ゴローニャ,じめん／いわ,通常生態,ベガ既存系統を完全保持,ベガ既存入手法,既存値,既存値,既存イベント・野生表・進化条件を原則維持。現代化で条件が壊れる場合のみ互換処理。,既存個体を保護。追加地域では基礎種または中間進化を希少配置,トーホクではベガ既存個体を保護。カントーでは高レベル個体・隠れ特性・タマゴ技探索を担当。,固定／既存,既存個体を変更しない。カントー側DexNavまたは特性パッチで隠れ特性を補完。,通常種は両地方で捕獲可能。,ベガ既存テーブル・固定イベント・配布・進化参照を変更しない。
カントー,K17,17ばんどうろ,認定章4～5,Lv.83～89,32,77,ポニータ,ポニータ → ギャロップ,ほのお,通常生態,外来生態レイヤーへ追加,草むらオーバーレイ,Lv.83～89,通常表8～15%,ベガ初回殿堂入り後。認定章数でエリアと中間進化枠を段階解禁。,基礎種を通常配置。中間進化は高レベル地域のDexNav限定、最終進化は原則進化入手,トーホクは本編で使える低～中レベル基礎種、カントーは高レベル個体・中間進化・隠れ特性探索を担当。,R2,DexNav連鎖20以上または地方研究ランク2で隠れ特性判定を解禁。通常草むらでは標準特性のみ。,通常種は両地方で捕獲可能。進化後の通常野生化は段階解禁。,FR原作系統を地域の顔として残し、通常表・時間帯表・DexNav・大量発生を使って新種を混在。
トーホク,T028,ひのしま,中盤B,Lv.30～40／殿堂入り後Lv.55～70,32,77,ポニータ,ポニータ → ギャロップ,ほのお,通常生態,外来生態レイヤーへ追加,洞窟・屋内オーバーレイ,Lv.30～40／殿堂入り後Lv.55～70,追加抽選3～6%,本編必須フラグを変更せず、外来生態フラグ・時間帯・DexNav・大量発生で制御,基礎種を通常配置。中間進化は高レベル地域のDexNav限定、最終進化は原則進化入手,トーホクは本編で使える低～中レベル基礎種、カントーは高レベル個体・中間進化・隠れ特性探索を担当。,R2,DexNav連鎖20以上または地方研究ランク2で隠れ特性判定を解禁。通常草むらでは標準特性のみ。,通常種は両地方で捕獲可能。進化後の通常野生化は段階解禁。,ベガ既存の野生枠を上書きせず、条件付きオーバーレイ／DexNav／夜間・水上・釣り・大量発生の追加抽選へ登録。
カントー,K38,ふたごじま,認定章5～6,Lv.88～96,33,79,ヤドン,ヤドン → ヤドラン → ヤドキング,みず／エスパー,通常生態,外来生態レイヤーへ追加,水上オーバーレイ,Lv.88～96,通常表10～20%,ベガ初回殿堂入り後。認定章数でエリアと中間進化枠を段階解禁。,基礎種を通常配置。中間進化は高レベル地域のDexNav限定、最終進化は原則進化入手,トーホクは本編で使える低～中レベル基礎種、カントーは高レベル個体・中間進化・隠れ特性探索を担当。,R4,DexNav連鎖20以上または地方研究ランク2で隠れ特性判定を解禁。通常草むらでは標準特性のみ。,通常種は両地方で捕獲可能。進化後の通常野生化は段階解禁。,FR原作系統を地域の顔として残し、通常表・時間帯表・DexNav・大量発生を使って新種を混在。
トーホク,T508,508ばんどうろ／すいどう,中盤A,Lv.19～25,33,79,ヤドン,ヤドン → ヤドラン → ヤドキング,みず／エスパー,通常生態,外来生態レイヤーへ追加,水上オーバーレイ,Lv.19～25,追加抽選4～8%,本編必須フラグを変更せず、外来生態フラグ・時間帯・DexNav・大量発生で制御,基礎種を通常配置。中間進化は高レベル地域のDexNav限定、最終進化は原則進化入手,トーホクは本編で使える低～中レベル基礎種、カントーは高レベル個体・中間進化・隠れ特性探索を担当。,R4,DexNav連鎖20以上または地方研究ランク2で隠れ特性判定を解禁。通常草むらでは標準特性のみ。,通常種は両地方で捕獲可能。進化後の通常野生化は段階解禁。,ベガ既存の野生枠を上書きせず、条件付きオーバーレイ／DexNav／夜間・水上・釣り・大量発生の追加抽選へ登録。
カントー,K40,むじんはつでんしょ,認定章2～6,Lv.82～94,34,81,コイル,コイル → レアコイル → ジバコイル,はがね／でんき,人工・無機物,ベガ既存系統を完全保持,屋内異常遭遇／DexNav,Lv.82～94,通常0%／DexNav 2～5%,ベガ初回殿堂入り後。認定章数でエリアと中間進化枠を段階解禁。,既存個体を保護。追加地域では基礎種または中間進化を希少配置,トーホクではベガ既存個体を保護。カントーでは高レベル個体・隠れ特性・タマゴ技探索を担当。,R2,DexNav連鎖20以上または地方研究ランク2で隠れ特性判定を解禁。通常草むらでは標準特性のみ。,通常種は両地方で捕獲可能。進化後の通常野生化は段階解禁。,FR原作系統を地域の顔として残し、通常表・時間帯表・DexNav・大量発生を使って新種を混在。
トーホク,VEGA_NATIVE,ベガ既存地点（出現表・配布・進化を変更しない）,ベガ既存条件,既存値,34,81,コイル,コイル → レアコイル → ジバコイル,はがね／でんき,人工・無機物,ベガ既存系統を完全保持,ベガ既存入手法,既存値,既存値,既存イベント・野生表・進化条件を原則維持。現代化で条件が壊れる場合のみ互換処理。,既存個体を保護。追加地域では基礎種または中間進化を希少配置,トーホクではベガ既存個体を保護。カントーでは高レベル個体・隠れ特性・タマゴ技探索を担当。,固定／既存,既存個体を変更しない。カントー側DexNavまたは特性パッチで隠れ特性を補完。,通常種は両地方で捕獲可能。,ベガ既存テーブル・固定イベント・配布・進化参照を変更しない。
カントー,K12,12ばんどうろ,認定章4前後,Lv.82～87,35,83,カモネギ,カモネギ → ネギガナイト,ノーマル／かくとう／ひこう,通常生態,既存系統の拡張,草むらオーバーレイ＋追加進化道具,Lv.82～87,通常表8～15%,ベガ初回殿堂入り後。認定章数でエリアと中間進化枠を段階解禁。,既存個体を保護。追加地域では基礎種または中間進化を希少配置,トーホクの既存個体を無駄にせず追加進化可能。カントーは進化道具と高レベル素材の供給地。,R4,DexNav連鎖20以上または地方研究ランク2で隠れ特性判定を解禁。通常草むらでは標準特性のみ。,通常種は両地方で捕獲可能。進化後の通常野生化は段階解禁。,FR原作系統を地域の顔として残し、通常表・時間帯表・DexNav・大量発生を使って新種を混在。
トーホク,T522,522ばんどうろ／すいどう,後半B,Lv.47～54,35,83,カモネギ,カモネギ → ネギガナイト,ノーマル／かくとう／ひこう,通常生態,既存系統の拡張,既存個体から追加進化＋ずつき／朝昼オーバーレイ,Lv.47～54,基礎種は既存／進化道具・技条件,ベガ内の既存種を入口にし、未収録の前進化・分岐・追加進化だけを追加。重複する野生個体は作らない。,既存個体を保護。追加地域では基礎種または中間進化を希少配置,トーホクの既存個体を無駄にせず追加進化可能。カントーは進化道具と高レベル素材の供給地。,R4,DexNav連鎖20以上または地方研究ランク2で隠れ特性判定を解禁。通常草むらでは標準特性のみ。,通常種は両地方で捕獲可能。進化後の通常野生化は段階解禁。,ベガ既存の野生枠を上書きせず、条件付きオーバーレイ／DexNav／夜間・水上・釣り・大量発生の追加抽選へ登録。
カントー,K17,17ばんどうろ,認定章4～5,Lv.83～89,36,84,ドードー,ドードー → ドードリオ,ノーマル／ひこう,通常生態,外来生態レイヤーへ追加,草むらオーバーレイ,Lv.83～89,通常表8～15%,ベガ初回殿堂入り後。認定章数でエリアと中間進化枠を段階解禁。,基礎種を通常配置。中間進化は高レベル地域のDexNav限定、最終進化は原則進化入手,トーホクは本編で使える低～中レベル基礎種、カントーは高レベル個体・中間進化・隠れ特性探索を担当。,R1,DexNav連鎖20以上または地方研究ランク2で隠れ特性判定を解禁。通常草むらでは標準特性のみ。,通常種は両地方で捕獲可能。進化後の通常野生化は段階解禁。,FR原作系統を地域の顔として残し、通常表・時間帯表・DexNav・大量発生を使って新種を混在。
トーホク,T501,501ばんどうろ／すいどう,序盤A,Lv.2～5,36,84,ドードー,ドードー → ドードリオ,ノーマル／ひこう,通常生態,外来生態レイヤーへ追加,草むらオーバーレイ,Lv.2～5,追加抽選3～6%,本編必須フラグを変更せず、外来生態フラグ・時間帯・DexNav・大量発生で制御,基礎種を通常配置。中間進化は高レベル地域のDexNav限定、最終進化は原則進化入手,トーホクは本編で使える低～中レベル基礎種、カントーは高レベル個体・中間進化・隠れ特性探索を担当。,R1,DexNav連鎖20以上または地方研究ランク2で隠れ特性判定を解禁。通常草むらでは標準特性のみ。,通常種は両地方で捕獲可能。進化後の通常野生化は段階解禁。,ベガ既存の野生枠を上書きせず、条件付きオーバーレイ／DexNav／夜間・水上・釣り・大量発生の追加抽選へ登録。
カントー,K38,ふたごじま,認定章5～6,Lv.88～96,37,86,パウワウ,パウワウ → ジュゴン,みず／こおり,通常生態,外来生態レイヤーへ追加,釣りオーバーレイ,Lv.88～96,通常表10～20%,ベガ初回殿堂入り後。認定章数でエリアと中間進化枠を段階解禁。,基礎種を通常配置。中間進化は高レベル地域のDexNav限定、最終進化は原則進化入手,トーホクは本編で使える低～中レベル基礎種、カントーは高レベル個体・中間進化・隠れ特性探索を担当。,R3,DexNav連鎖20以上または地方研究ランク2で隠れ特性判定を解禁。通常草むらでは標準特性のみ。,通常種は両地方で捕獲可能。進化後の通常野生化は段階解禁。,FR原作系統を地域の顔として残し、通常表・時間帯表・DexNav・大量発生を使って新種を混在。
トーホク,T513,513ばんどうろ／すいどう,中盤B,Lv.28～35,37,86,パウワウ,パウワウ → ジュゴン,みず／こおり,通常生態,外来生態レイヤーへ追加,釣りオーバーレイ,Lv.28～35,追加抽選4～8%,本編必須フラグを変更せず、外来生態フラグ・時間帯・DexNav・大量発生で制御,基礎種を通常配置。中間進化は高レベル地域のDexNav限定、最終進化は原則進化入手,トーホクは本編で使える低～中レベル基礎種、カントーは高レベル個体・中間進化・隠れ特性探索を担当。,R3,DexNav連鎖20以上または地方研究ランク2で隠れ特性判定を解禁。通常草むらでは標準特性のみ。,通常種は両地方で捕獲可能。進化後の通常野生化は段階解禁。,ベガ既存の野生枠を上書きせず、条件付きオーバーレイ／DexNav／夜間・水上・釣り・大量発生の追加抽選へ登録。
カントー,K39,ポケモンやしき,認定章6～7,Lv.91～98,38,88,ベトベター,ベトベター → ベトベトン,どく,通常生態,外来生態レイヤーへ追加,洞窟・屋内オーバーレイ,Lv.91～98,通常表8～15%,ベガ初回殿堂入り後。認定章数でエリアと中間進化枠を段階解禁。,基礎種を通常配置。中間進化は高レベル地域のDexNav限定、最終進化は原則進化入手,トーホクは本編で使える低～中レベル基礎種、カントーは高レベル個体・中間進化・隠れ特性探索を担当。,R1,DexNav連鎖20以上または地方研究ランク2で隠れ特性判定を解禁。通常草むらでは標準特性のみ。,通常種は両地方で捕獲可能。進化後の通常野生化は段階解禁。,FR原作系統を地域の顔として残し、通常表・時間帯表・DexNav・大量発生を使って新種を混在。
トーホク,T512,512ばんどうろ／すいどう,中盤B,Lv.27～33,38,88,ベトベター,ベトベター → ベトベトン,どく,通常生態,外来生態レイヤーへ追加,草むらオーバーレイ,Lv.27～33,追加抽選3～6%,本編必須フラグを変更せず、外来生態フラグ・時間帯・DexNav・大量発生で制御,基礎種を通常配置。中間進化は高レベル地域のDexNav限定、最終進化は原則進化入手,トーホクは本編で使える低～中レベル基礎種、カントーは高レベル個体・中間進化・隠れ特性探索を担当。,R1,DexNav連鎖20以上または地方研究ランク2で隠れ特性判定を解禁。通常草むらでは標準特性のみ。,通常種は両地方で捕獲可能。進化後の通常野生化は段階解禁。,ベガ既存の野生枠を上書きせず、条件付きオーバーレイ／DexNav／夜間・水上・釣り・大量発生の追加抽選へ登録。
カントー,K38,ふたごじま,認定章5～6,Lv.88～96,39,90,シェルダー,シェルダー → パルシェン,みず／こおり,通常生態,ベガ既存系統を完全保持,釣りオーバーレイ,Lv.88～96,通常表10～20%,ベガ初回殿堂入り後。認定章数でエリアと中間進化枠を段階解禁。,既存個体を保護。追加地域では基礎種または中間進化を希少配置,トーホクではベガ既存個体を保護。カントーでは高レベル個体・隠れ特性・タマゴ技探索を担当。,R3,DexNav連鎖20以上または地方研究ランク2で隠れ特性判定を解禁。通常草むらでは標準特性のみ。,通常種は両地方で捕獲可能。進化後の通常野生化は段階解禁。,FR原作系統を地域の顔として残し、通常表・時間帯表・DexNav・大量発生を使って新種を混在。
トーホク,VEGA_NATIVE,ベガ既存地点（出現表・配布・進化を変更しない）,ベガ既存条件,既存値,39,90,シェルダー,シェルダー → パルシェン,みず／こおり,通常生態,ベガ既存系統を完全保持,ベガ既存入手法,既存値,既存値,既存イベント・野生表・進化条件を原則維持。現代化で条件が壊れる場合のみ互換処理。,既存個体を保護。追加地域では基礎種または中間進化を希少配置,トーホクではベガ既存個体を保護。カントーでは高レベル個体・隠れ特性・タマゴ技探索を担当。,固定／既存,既存個体を変更しない。カントー側DexNavまたは特性パッチで隠れ特性を補完。,通常種は両地方で捕獲可能。,ベガ既存テーブル・固定イベント・配布・進化参照を変更しない。
カントー,K31,ポケモンタワー,認定章3～4,Lv.82～90,40,92,ゴース,ゴース → ゴースト → ゲンガー,どく／ゴースト,通常生態,ベガ既存系統を完全保持,夜間オーバーレイ,Lv.82～90,夜間8～12%,ベガ初回殿堂入り後。認定章数でエリアと中間進化枠を段階解禁。,既存個体を保護。追加地域では基礎種または中間進化を希少配置,トーホクではベガ既存個体を保護。カントーでは高レベル個体・隠れ特性・タマゴ技探索を担当。,R1,DexNav連鎖20以上または地方研究ランク2で隠れ特性判定を解禁。通常草むらでは標準特性のみ。,通常種は両地方で捕獲可能。進化後の通常野生化は段階解禁。,FR原作系統を地域の顔として残し、通常表・時間帯表・DexNav・大量発生を使って新種を混在。
トーホク,VEGA_NATIVE,ベガ既存地点（出現表・配布・進化を変更しない）,ベガ既存条件,既存値,40,92,ゴース,ゴース → ゴースト → ゲンガー,どく／ゴースト,通常生態,ベガ既存系統を完全保持,ベガ既存入手法,既存値,既存値,既存イベント・野生表・進化条件を原則維持。現代化で条件が壊れる場合のみ互換処理。,既存個体を保護。追加地域では基礎種または中間進化を希少配置,トーホクではベガ既存個体を保護。カントーでは高レベル個体・隠れ特性・タマゴ技探索を担当。,固定／既存,既存個体を変更しない。カントー側DexNavまたは特性パッチで隠れ特性を補完。,通常種は両地方で捕獲可能。,ベガ既存テーブル・固定イベント・配布・進化参照を変更しない。
カントー,K30,イワヤマトンネル,認定章2～3,Lv.80～87,41,95,イワーク,イワーク → ハガネール,じめん／いわ／はがね,通常生態,外来生態レイヤーへ追加,いわくだき／DexNav,Lv.80～87,通常0%／DexNav 2～5%,ベガ初回殿堂入り後。認定章数でエリアと中間進化枠を段階解禁。,基礎種を通常配置。中間進化は高レベル地域のDexNav限定、最終進化は原則進化入手,トーホクは本編で使える低～中レベル基礎種、カントーは高レベル個体・中間進化・隠れ特性探索を担当。,R4,DexNav連鎖20以上または地方研究ランク2で隠れ特性判定を解禁。通常草むらでは標準特性のみ。,通常種は両地方で捕獲可能。進化後の通常野生化は段階解禁。,FR原作系統を地域の顔として残し、通常表・時間帯表・DexNav・大量発生を使って新種を混在。
トーホク,T028,ひのしま,中盤B,Lv.30～40／殿堂入り後Lv.55～70,41,95,イワーク,イワーク → ハガネール,じめん／いわ／はがね,通常生態,外来生態レイヤーへ追加,いわくだき／DexNav,Lv.30～40／殿堂入り後Lv.55～70,通常0%／DexNav 2～5%,本編必須フラグを変更せず、外来生態フラグ・時間帯・DexNav・大量発生で制御,基礎種を通常配置。中間進化は高レベル地域のDexNav限定、最終進化は原則進化入手,トーホクは本編で使える低～中レベル基礎種、カントーは高レベル個体・中間進化・隠れ特性探索を担当。,R4,DexNav連鎖20以上または地方研究ランク2で隠れ特性判定を解禁。通常草むらでは標準特性のみ。,通常種は両地方で捕獲可能。進化後の通常野生化は段階解禁。,ベガ既存の野生枠を上書きせず、条件付きオーバーレイ／DexNav／夜間・水上・釣り・大量発生の追加抽選へ登録。
カントー,K11,11ばんどうろ,認定章2～3,Lv.76～82,42,96,スリープ,スリープ → スリーパー,エスパー,通常生態,外来生態レイヤーへ追加,草むらオーバーレイ,Lv.76～82,通常表8～15%,ベガ初回殿堂入り後。認定章数でエリアと中間進化枠を段階解禁。,基礎種を通常配置。中間進化は高レベル地域のDexNav限定、最終進化は原則進化入手,トーホクは本編で使える低～中レベル基礎種、カントーは高レベル個体・中間進化・隠れ特性探索を担当。,R1,DexNav連鎖20以上または地方研究ランク2で隠れ特性判定を解禁。通常草むらでは標準特性のみ。,通常種は両地方で捕獲可能。進化後の通常野生化は段階解禁。,FR原作系統を地域の顔として残し、通常表・時間帯表・DexNav・大量発生を使って新種を混在。
トーホク,T034,D・Hビル,後半A,Lv.42～55／殿堂入り後Lv.62～78,42,96,スリープ,スリープ → スリーパー,エスパー,通常生態,外来生態レイヤーへ追加,洞窟・屋内オーバーレイ,Lv.42～55／殿堂入り後Lv.62～78,追加抽選3～6%,本編必須フラグを変更せず、外来生態フラグ・時間帯・DexNav・大量発生で制御,基礎種を通常配置。中間進化は高レベル地域のDexNav限定、最終進化は原則進化入手,トーホクは本編で使える低～中レベル基礎種、カントーは高レベル個体・中間進化・隠れ特性探索を担当。,R1,DexNav連鎖20以上または地方研究ランク2で隠れ特性判定を解禁。通常草むらでは標準特性のみ。,通常種は両地方で捕獲可能。進化後の通常野生化は段階解禁。,ベガ既存の野生枠を上書きせず、条件付きオーバーレイ／DexNav／夜間・水上・釣り・大量発生の追加抽選へ登録。
カントー,K12,12ばんどうろ,認定章4前後,Lv.82～87,43,98,クラブ,クラブ → キングラー,みず,通常生態,ベガ既存系統を完全保持,水上オーバーレイ,Lv.82～87,通常表10～20%,ベガ初回殿堂入り後。認定章数でエリアと中間進化枠を段階解禁。,既存個体を保護。追加地域では基礎種または中間進化を希少配置,トーホクではベガ既存個体を保護。カントーでは高レベル個体・隠れ特性・タマゴ技探索を担当。,R3,DexNav連鎖20以上または地方研究ランク2で隠れ特性判定を解禁。通常草むらでは標準特性のみ。,通常種は両地方で捕獲可能。進化後の通常野生化は段階解禁。,FR原作系統を地域の顔として残し、通常表・時間帯表・DexNav・大量発生を使って新種を混在。
トーホク,VEGA_NATIVE,ベガ既存地点（出現表・配布・進化を変更しない）,ベガ既存条件,既存値,43,98,クラブ,クラブ → キングラー,みず,通常生態,ベガ既存系統を完全保持,ベガ既存入手法,既存値,既存値,既存イベント・野生表・進化条件を原則維持。現代化で条件が壊れる場合のみ互換処理。,既存個体を保護。追加地域では基礎種または中間進化を希少配置,トーホクではベガ既存個体を保護。カントーでは高レベル個体・隠れ特性・タマゴ技探索を担当。,固定／既存,既存個体を変更しない。カントー側DexNavまたは特性パッチで隠れ特性を補完。,通常種は両地方で捕獲可能。,ベガ既存テーブル・固定イベント・配布・進化参照を変更しない。
カントー,K40,むじんはつでんしょ,認定章2～6,Lv.82～94,44,100,ビリリダマ,ビリリダマ → マルマイン,でんき,人工・無機物,ベガ既存系統を完全保持,屋内異常遭遇／DexNav,Lv.82～94,通常0%／DexNav 2～5%,ベガ初回殿堂入り後。認定章数でエリアと中間進化枠を段階解禁。,既存個体を保護。追加地域では基礎種または中間進化を希少配置,トーホクではベガ既存個体を保護。カントーでは高レベル個体・隠れ特性・タマゴ技探索を担当。,R1,DexNav連鎖20以上または地方研究ランク2で隠れ特性判定を解禁。通常草むらでは標準特性のみ。,通常種は両地方で捕獲可能。進化後の通常野生化は段階解禁。,FR原作系統を地域の顔として残し、通常表・時間帯表・DexNav・大量発生を使って新種を混在。
トーホク,VEGA_NATIVE,ベガ既存地点（出現表・配布・進化を変更しない）,ベガ既存条件,既存値,44,100,ビリリダマ,ビリリダマ → マルマイン,でんき,人工・無機物,ベガ既存系統を完全保持,ベガ既存入手法,既存値,既存値,既存イベント・野生表・進化条件を原則維持。現代化で条件が壊れる場合のみ互換処理。,既存個体を保護。追加地域では基礎種または中間進化を希少配置,トーホクではベガ既存個体を保護。カントーでは高レベル個体・隠れ特性・タマゴ技探索を担当。,固定／既存,既存個体を変更しない。カントー側DexNavまたは特性パッチで隠れ特性を補完。,通常種は両地方で捕獲可能。,ベガ既存テーブル・固定イベント・配布・進化参照を変更しない。
カントー,K35,サファリゾーン東,認定章5前後,Lv.85～94,45,102,タマタマ,タマタマ → ナッシー,くさ／エスパー,通常生態,ベガ既存系統を完全保持,ずつき／朝昼オーバーレイ,Lv.85～94,通常表8～15%,ベガ初回殿堂入り後。認定章数でエリアと中間進化枠を段階解禁。,既存個体を保護。追加地域では基礎種または中間進化を希少配置,トーホクではベガ既存個体を保護。カントーでは高レベル個体・隠れ特性・タマゴ技探索を担当。,R3,DexNav連鎖20以上または地方研究ランク2で隠れ特性判定を解禁。通常草むらでは標準特性のみ。,通常種は両地方で捕獲可能。進化後の通常野生化は段階解禁。,FR原作系統を地域の顔として残し、通常表・時間帯表・DexNav・大量発生を使って新種を混在。
トーホク,VEGA_NATIVE,ベガ既存地点（出現表・配布・進化を変更しない）,ベガ既存条件,既存値,45,102,タマタマ,タマタマ → ナッシー,くさ／エスパー,通常生態,ベガ既存系統を完全保持,ベガ既存入手法,既存値,既存値,既存イベント・野生表・進化条件を原則維持。現代化で条件が壊れる場合のみ互換処理。,既存個体を保護。追加地域では基礎種または中間進化を希少配置,トーホクではベガ既存個体を保護。カントーでは高レベル個体・隠れ特性・タマゴ技探索を担当。,固定／既存,既存個体を変更しない。カントー側DexNavまたは特性パッチで隠れ特性を補完。,通常種は両地方で捕獲可能。,ベガ既存テーブル・固定イベント・配布・進化参照を変更しない。
カントー,K31,ポケモンタワー,認定章3～4,Lv.82～90,46,104,カラカラ,カラカラ → ガラガラ,じめん,通常生態,外来生態レイヤーへ追加,洞窟・屋内オーバーレイ,Lv.82～90,通常表8～15%,ベガ初回殿堂入り後。認定章数でエリアと中間進化枠を段階解禁。,基礎種を通常配置。中間進化は高レベル地域のDexNav限定、最終進化は原則進化入手,トーホクは本編で使える低～中レベル基礎種、カントーは高レベル個体・中間進化・隠れ特性探索を担当。,R1,DexNav連鎖20以上または地方研究ランク2で隠れ特性判定を解禁。通常草むらでは標準特性のみ。,通常種は両地方で捕獲可能。進化後の通常野生化は段階解禁。,FR原作系統を地域の顔として残し、通常表・時間帯表・DexNav・大量発生を使って新種を混在。
トーホク,T028,ひのしま,中盤B,Lv.30～40／殿堂入り後Lv.55～70,46,104,カラカラ,カラカラ → ガラガラ,じめん,通常生態,外来生態レイヤーへ追加,いわくだき／DexNav,Lv.30～40／殿堂入り後Lv.55～70,通常0%／DexNav 2～5%,本編必須フラグを変更せず、外来生態フラグ・時間帯・DexNav・大量発生で制御,基礎種を通常配置。中間進化は高レベル地域のDexNav限定、最終進化は原則進化入手,トーホクは本編で使える低～中レベル基礎種、カントーは高レベル個体・中間進化・隠れ特性探索を担当。,R1,DexNav連鎖20以上または地方研究ランク2で隠れ特性判定を解禁。通常草むらでは標準特性のみ。,通常種は両地方で捕獲可能。進化後の通常野生化は段階解禁。,ベガ既存の野生枠を上書きせず、条件付きオーバーレイ／DexNav／夜間・水上・釣り・大量発生の追加抽選へ登録。
カントー,K18,18ばんどうろ,認定章4～5,Lv.84～90,48,108,ベロリンガ,ベロリンガ → ベロベルト,ノーマル,通常生態,ベガ既存系統を完全保持,草むらオーバーレイ,Lv.84～90,通常表8～15%,ベガ初回殿堂入り後。認定章数でエリアと中間進化枠を段階解禁。,既存個体を保護。追加地域では基礎種または中間進化を希少配置,トーホクではベガ既存個体を保護。カントーでは高レベル個体・隠れ特性・タマゴ技探索を担当。,R1,DexNav連鎖20以上または地方研究ランク2で隠れ特性判定を解禁。通常草むらでは標準特性のみ。,通常種は両地方で捕獲可能。進化後の通常野生化は段階解禁。,FR原作系統を地域の顔として残し、通常表・時間帯表・DexNav・大量発生を使って新種を混在。
トーホク,VEGA_NATIVE,ベガ既存地点（出現表・配布・進化を変更しない）,ベガ既存条件,既存値,48,108,ベロリンガ,ベロリンガ → ベロベルト,ノーマル,通常生態,ベガ既存系統を完全保持,ベガ既存入手法,既存値,既存値,既存イベント・野生表・進化条件を原則維持。現代化で条件が壊れる場合のみ互換処理。,既存個体を保護。追加地域では基礎種または中間進化を希少配置,トーホクではベガ既存個体を保護。カントーでは高レベル個体・隠れ特性・タマゴ技探索を担当。,固定／既存,既存個体を変更しない。カントー側DexNavまたは特性パッチで隠れ特性を補完。,通常種は両地方で捕獲可能。,ベガ既存テーブル・固定イベント・配布・進化参照を変更しない。
カントー,K39,ポケモンやしき,認定章6～7,Lv.91～98,49,109,ドガース,ドガース → マタドガス,どく,通常生態,ベガ既存系統を完全保持,洞窟・屋内オーバーレイ,Lv.91～98,通常表8～15%,ベガ初回殿堂入り後。認定章数でエリアと中間進化枠を段階解禁。,既存個体を保護。追加地域では基礎種または中間進化を希少配置,トーホクではベガ既存個体を保護。カントーでは高レベル個体・隠れ特性・タマゴ技探索を担当。,R2,DexNav連鎖20以上または地方研究ランク2で隠れ特性判定を解禁。通常草むらでは標準特性のみ。,通常種は両地方で捕獲可能。進化後の通常野生化は段階解禁。,FR原作系統を地域の顔として残し、通常表・時間帯表・DexNav・大量発生を使って新種を混在。
トーホク,VEGA_NATIVE,ベガ既存地点（出現表・配布・進化を変更しない）,ベガ既存条件,既存値,49,109,ドガース,ドガース → マタドガス,どく,通常生態,ベガ既存系統を完全保持,ベガ既存入手法,既存値,既存値,既存イベント・野生表・進化条件を原則維持。現代化で条件が壊れる場合のみ互換処理。,既存個体を保護。追加地域では基礎種または中間進化を希少配置,トーホクではベガ既存個体を保護。カントーでは高レベル個体・隠れ特性・タマゴ技探索を担当。,固定／既存,既存個体を変更しない。カントー側DexNavまたは特性パッチで隠れ特性を補完。,通常種は両地方で捕獲可能。,ベガ既存テーブル・固定イベント・配布・進化参照を変更しない。
カントー,K37,サファリゾーン西,認定章5前後,Lv.85～94,50,111,サイホーン,サイホーン → サイドン → ドサイドン,じめん／いわ,通常生態,ベガ既存系統を完全保持,いわくだき／DexNav,Lv.85～94,通常0%／DexNav 2～5%,ベガ初回殿堂入り後。認定章数でエリアと中間進化枠を段階解禁。,既存個体を保護。追加地域では基礎種または中間進化を希少配置,トーホクではベガ既存個体を保護。カントーでは高レベル個体・隠れ特性・タマゴ技探索を担当。,R4,DexNav連鎖20以上または地方研究ランク2で隠れ特性判定を解禁。通常草むらでは標準特性のみ。,通常種は両地方で捕獲可能。進化後の通常野生化は段階解禁。,FR原作系統を地域の顔として残し、通常表・時間帯表・DexNav・大量発生を使って新種を混在。
トーホク,VEGA_NATIVE,ベガ既存地点（出現表・配布・進化を変更しない）,ベガ既存条件,既存値,50,111,サイホーン,サイホーン → サイドン → ドサイドン,じめん／いわ,通常生態,ベガ既存系統を完全保持,ベガ既存入手法,既存値,既存値,既存イベント・野生表・進化条件を原則維持。現代化で条件が壊れる場合のみ互換処理。,既存個体を保護。追加地域では基礎種または中間進化を希少配置,トーホクではベガ既存個体を保護。カントーでは高レベル個体・隠れ特性・タマゴ技探索を担当。,固定／既存,既存個体を変更しない。カントー側DexNavまたは特性パッチで隠れ特性を補完。,通常種は両地方で捕獲可能。,ベガ既存テーブル・固定イベント・配布・進化参照を変更しない。
カントー,K21,21ばんどうろ,認定章6前後,Lv.89～94,52,114,モンジャラ,モンジャラ → モジャンボ,くさ,通常生態,外来生態レイヤーへ追加,草むらオーバーレイ,Lv.89～94,通常表8～15%,ベガ初回殿堂入り後。認定章数でエリアと中間進化枠を段階解禁。,基礎種を通常配置。中間進化は高レベル地域のDexNav限定、最終進化は原則進化入手,トーホクは本編で使える低～中レベル基礎種、カントーは高レベル個体・中間進化・隠れ特性探索を担当。,R3,DexNav連鎖20以上または地方研究ランク2で隠れ特性判定を解禁。通常草むらでは標準特性のみ。,通常種は両地方で捕獲可能。進化後の通常野生化は段階解禁。,FR原作系統を地域の顔として残し、通常表・時間帯表・DexNav・大量発生を使って新種を混在。
トーホク,T502,502ばんどうろ／すいどう,序盤A,Lv.3～6,52,114,モンジャラ,モンジャラ → モジャンボ,くさ,通常生態,外来生態レイヤーへ追加,ずつき／朝昼オーバーレイ,Lv.3～6,追加抽選3～6%,本編必須フラグを変更せず、外来生態フラグ・時間帯・DexNav・大量発生で制御,基礎種を通常配置。中間進化は高レベル地域のDexNav限定、最終進化は原則進化入手,トーホクは本編で使える低～中レベル基礎種、カントーは高レベル個体・中間進化・隠れ特性探索を担当。,R3,DexNav連鎖20以上または地方研究ランク2で隠れ特性判定を解禁。通常草むらでは標準特性のみ。,通常種は両地方で捕獲可能。進化後の通常野生化は段階解禁。,ベガ既存の野生枠を上書きせず、条件付きオーバーレイ／DexNav／夜間・水上・釣り・大量発生の追加抽選へ登録。
カントー,K37,サファリゾーン西,認定章5前後,Lv.85～94,53,115,ガルーラ,ガルーラ,ノーマル,通常生態,ベガ既存系統を完全保持,大量発生,Lv.85～94,通常0%／発生中20～35%,ベガ初回殿堂入り後。認定章数でエリアと中間進化枠を段階解禁。,既存個体を保護。追加地域では基礎種または中間進化を希少配置,トーホクではベガ既存個体を保護。カントーでは高レベル個体・隠れ特性・タマゴ技探索を担当。,R4,DexNav連鎖20以上または地方研究ランク2で隠れ特性判定を解禁。通常草むらでは標準特性のみ。,通常種は両地方で捕獲可能。進化後の通常野生化は段階解禁。,FR原作系統を地域の顔として残し、通常表・時間帯表・DexNav・大量発生を使って新種を混在。
トーホク,VEGA_NATIVE,ベガ既存地点（出現表・配布・進化を変更しない）,ベガ既存条件,既存値,53,115,ガルーラ,ガルーラ,ノーマル,通常生態,ベガ既存系統を完全保持,ベガ既存入手法,既存値,既存値,既存イベント・野生表・進化条件を原則維持。現代化で条件が壊れる場合のみ互換処理。,既存個体を保護。追加地域では基礎種または中間進化を希少配置,トーホクではベガ既存個体を保護。カントーでは高レベル個体・隠れ特性・タマゴ技探索を担当。,固定／既存,既存個体を変更しない。カントー側DexNavまたは特性パッチで隠れ特性を補完。,通常種は両地方で捕獲可能。,ベガ既存テーブル・固定イベント・配布・進化参照を変更しない。
カントー,K19,19ばんどうろ,認定章5後,Lv.87～92,54,116,タッツー,タッツー → シードラ → キングドラ,みず／ドラゴン,通常生態,外来生態レイヤーへ追加,水上オーバーレイ,Lv.87～92,通常表10～20%,ベガ初回殿堂入り後。認定章数でエリアと中間進化枠を段階解禁。,基礎種を通常配置。中間進化は高レベル地域のDexNav限定、最終進化は原則進化入手,トーホクは本編で使える低～中レベル基礎種、カントーは高レベル個体・中間進化・隠れ特性探索を担当。,R1,DexNav連鎖20以上または地方研究ランク2で隠れ特性判定を解禁。通常草むらでは標準特性のみ。,通常種は両地方で捕獲可能。進化後の通常野生化は段階解禁。,FR原作系統を地域の顔として残し、通常表・時間帯表・DexNav・大量発生を使って新種を混在。
トーホク,T512,512ばんどうろ／すいどう,中盤B,Lv.27～33,54,116,タッツー,タッツー → シードラ → キングドラ,みず／ドラゴン,通常生態,外来生態レイヤーへ追加,水上オーバーレイ,Lv.27～33,追加抽選4～8%,本編必須フラグを変更せず、外来生態フラグ・時間帯・DexNav・大量発生で制御,基礎種を通常配置。中間進化は高レベル地域のDexNav限定、最終進化は原則進化入手,トーホクは本編で使える低～中レベル基礎種、カントーは高レベル個体・中間進化・隠れ特性探索を担当。,R1,DexNav連鎖20以上または地方研究ランク2で隠れ特性判定を解禁。通常草むらでは標準特性のみ。,通常種は両地方で捕獲可能。進化後の通常野生化は段階解禁。,ベガ既存の野生枠を上書きせず、条件付きオーバーレイ／DexNav／夜間・水上・釣り・大量発生の追加抽選へ登録。
カントー,K12,12ばんどうろ,認定章4前後,Lv.82～87,55,118,トサキント,トサキント → アズマオウ,みず,通常生態,外来生態レイヤーへ追加,水上オーバーレイ,Lv.82～87,通常表10～20%,ベガ初回殿堂入り後。認定章数でエリアと中間進化枠を段階解禁。,基礎種を通常配置。中間進化は高レベル地域のDexNav限定、最終進化は原則進化入手,トーホクは本編で使える低～中レベル基礎種、カントーは高レベル個体・中間進化・隠れ特性探索を担当。,R3,DexNav連鎖20以上または地方研究ランク2で隠れ特性判定を解禁。通常草むらでは標準特性のみ。,通常種は両地方で捕獲可能。進化後の通常野生化は段階解禁。,FR原作系統を地域の顔として残し、通常表・時間帯表・DexNav・大量発生を使って新種を混在。
トーホク,T508,508ばんどうろ／すいどう,中盤A,Lv.19～25,55,118,トサキント,トサキント → アズマオウ,みず,通常生態,外来生態レイヤーへ追加,水上オーバーレイ,Lv.19～25,追加抽選4～8%,本編必須フラグを変更せず、外来生態フラグ・時間帯・DexNav・大量発生で制御,基礎種を通常配置。中間進化は高レベル地域のDexNav限定、最終進化は原則進化入手,トーホクは本編で使える低～中レベル基礎種、カントーは高レベル個体・中間進化・隠れ特性探索を担当。,R3,DexNav連鎖20以上または地方研究ランク2で隠れ特性判定を解禁。通常草むらでは標準特性のみ。,通常種は両地方で捕獲可能。進化後の通常野生化は段階解禁。,ベガ既存の野生枠を上書きせず、条件付きオーバーレイ／DexNav／夜間・水上・釣り・大量発生の追加抽選へ登録。
カントー,K20,20ばんどうろ,認定章5後,Lv.88～93,56,120,ヒトデマン,ヒトデマン → スターミー,みず／エスパー,人工・無機物,ベガ既存系統を完全保持,釣りオーバーレイ,Lv.88～93,通常表10～20%,ベガ初回殿堂入り後。認定章数でエリアと中間進化枠を段階解禁。,既存個体を保護。追加地域では基礎種または中間進化を希少配置,トーホクではベガ既存個体を保護。カントーでは高レベル個体・隠れ特性・タマゴ技探索を担当。,R1,DexNav連鎖20以上または地方研究ランク2で隠れ特性判定を解禁。通常草むらでは標準特性のみ。,通常種は両地方で捕獲可能。進化後の通常野生化は段階解禁。,FR原作系統を地域の顔として残し、通常表・時間帯表・DexNav・大量発生を使って新種を混在。
トーホク,VEGA_NATIVE,ベガ既存地点（出現表・配布・進化を変更しない）,ベガ既存条件,既存値,56,120,ヒトデマン,ヒトデマン → スターミー,みず／エスパー,人工・無機物,ベガ既存系統を完全保持,ベガ既存入手法,既存値,既存値,既存イベント・野生表・進化条件を原則維持。現代化で条件が壊れる場合のみ互換処理。,既存個体を保護。追加地域では基礎種または中間進化を希少配置,トーホクではベガ既存個体を保護。カントーでは高レベル個体・隠れ特性・タマゴ技探索を担当。,固定／既存,既存個体を変更しない。カントー側DexNavまたは特性パッチで隠れ特性を補完。,通常種は両地方で捕獲可能。,ベガ既存テーブル・固定イベント・配布・進化参照を変更しない。
カントー,K35,サファリゾーン東,認定章5前後,Lv.85～94,58,123,ストライク,ストライク → ハッサム → バサギリ,ひこう／いわ／むし／はがね,通常生態,既存系統の拡張,ずつき／朝昼オーバーレイ＋追加進化道具,Lv.85～94,通常表8～15%,ベガ初回殿堂入り後。認定章数でエリアと中間進化枠を段階解禁。,既存個体を保護。追加地域では基礎種または中間進化を希少配置,トーホクの既存個体を無駄にせず追加進化可能。カントーは進化道具と高レベル素材の供給地。,R4,DexNav連鎖20以上または地方研究ランク2で隠れ特性判定を解禁。通常草むらでは標準特性のみ。,通常種は両地方で捕獲可能。進化後の通常野生化は段階解禁。,FR原作系統を地域の顔として残し、通常表・時間帯表・DexNav・大量発生を使って新種を混在。
トーホク,T037,サファリゾーン西,後半B,Lv.38～48／殿堂入り後Lv.55～70,58,123,ストライク,ストライク → ハッサム → バサギリ,ひこう／いわ／むし／はがね,通常生態,既存系統の拡張,既存個体から追加進化＋いわくだき／DexNav,Lv.38～48／殿堂入り後Lv.55～70,基礎種は既存／進化道具・技条件,ベガ内の既存種を入口にし、未収録の前進化・分岐・追加進化だけを追加。重複する野生個体は作らない。,既存個体を保護。追加地域では基礎種または中間進化を希少配置,トーホクの既存個体を無駄にせず追加進化可能。カントーは進化道具と高レベル素材の供給地。,R4,DexNav連鎖20以上または地方研究ランク2で隠れ特性判定を解禁。通常草むらでは標準特性のみ。,通常種は両地方で捕獲可能。進化後の通常野生化は段階解禁。,ベガ既存の野生枠を上書きせず、条件付きオーバーレイ／DexNav／夜間・水上・釣り・大量発生の追加抽選へ登録。
カントー,K35,サファリゾーン東,認定章5前後,Lv.85～94,62,127,カイロス,カイロス,むし,通常生態,ベガ既存系統を完全保持,ずつき／朝昼オーバーレイ,Lv.85～94,通常表8～15%,ベガ初回殿堂入り後。認定章数でエリアと中間進化枠を段階解禁。,既存個体を保護。追加地域では基礎種または中間進化を希少配置,トーホクではベガ既存個体を保護。カントーでは高レベル個体・隠れ特性・タマゴ技探索を担当。,R4,DexNav連鎖20以上または地方研究ランク2で隠れ特性判定を解禁。通常草むらでは標準特性のみ。,通常種は両地方で捕獲可能。進化後の通常野生化は段階解禁。,FR原作系統を地域の顔として残し、通常表・時間帯表・DexNav・大量発生を使って新種を混在。
トーホク,VEGA_NATIVE,ベガ既存地点（出現表・配布・進化を変更しない）,ベガ既存条件,既存値,62,127,カイロス,カイロス,むし,通常生態,ベガ既存系統を完全保持,ベガ既存入手法,既存値,既存値,既存イベント・野生表・進化条件を原則維持。現代化で条件が壊れる場合のみ互換処理。,既存個体を保護。追加地域では基礎種または中間進化を希少配置,トーホクではベガ既存個体を保護。カントーでは高レベル個体・隠れ特性・タマゴ技探索を担当。,固定／既存,既存個体を変更しない。カントー側DexNavまたは特性パッチで隠れ特性を補完。,通常種は両地方で捕獲可能。,ベガ既存テーブル・固定イベント・配布・進化参照を変更しない。
カントー,K37,サファリゾーン西,認定章5前後,Lv.85～94,63,128,ケンタロス,ケンタロス,ノーマル,通常生態,ベガ既存系統を完全保持,草むらオーバーレイ,Lv.85～94,通常表8～15%,ベガ初回殿堂入り後。認定章数でエリアと中間進化枠を段階解禁。,既存個体を保護。追加地域では基礎種または中間進化を希少配置,トーホクではベガ既存個体を保護。カントーでは高レベル個体・隠れ特性・タマゴ技探索を担当。,R1,DexNav連鎖20以上または地方研究ランク2で隠れ特性判定を解禁。通常草むらでは標準特性のみ。,通常種は両地方で捕獲可能。進化後の通常野生化は段階解禁。,FR原作系統を地域の顔として残し、通常表・時間帯表・DexNav・大量発生を使って新種を混在。
トーホク,VEGA_NATIVE,ベガ既存地点（出現表・配布・進化を変更しない）,ベガ既存条件,既存値,63,128,ケンタロス,ケンタロス,ノーマル,通常生態,ベガ既存系統を完全保持,ベガ既存入手法,既存値,既存値,既存イベント・野生表・進化条件を原則維持。現代化で条件が壊れる場合のみ互換処理。,既存個体を保護。追加地域では基礎種または中間進化を希少配置,トーホクではベガ既存個体を保護。カントーでは高レベル個体・隠れ特性・タマゴ技探索を担当。,固定／既存,既存個体を変更しない。カントー側DexNavまたは特性パッチで隠れ特性を補完。,通常種は両地方で捕獲可能。,ベガ既存テーブル・固定イベント・配布・進化参照を変更しない。
カントー,K19,19ばんどうろ,認定章5後,Lv.87～92,64,129,コイキング,コイキング → ギャラドス,ひこう／みず,通常生態,外来生態レイヤーへ追加,水上オーバーレイ,Lv.87～92,通常表10～20%,ベガ初回殿堂入り後。認定章数でエリアと中間進化枠を段階解禁。,基礎種を通常配置。中間進化は高レベル地域のDexNav限定、最終進化は原則進化入手,トーホクは本編で使える低～中レベル基礎種、カントーは高レベル個体・中間進化・隠れ特性探索を担当。,R2,DexNav連鎖20以上または地方研究ランク2で隠れ特性判定を解禁。通常草むらでは標準特性のみ。,通常種は両地方で捕獲可能。進化後の通常野生化は段階解禁。,FR原作系統を地域の顔として残し、通常表・時間帯表・DexNav・大量発生を使って新種を混在。
トーホク,T508,508ばんどうろ／すいどう,中盤A,Lv.19～25,64,129,コイキング,コイキング → ギャラドス,ひこう／みず,通常生態,外来生態レイヤーへ追加,水上オーバーレイ,Lv.19～25,追加抽選4～8%,本編必須フラグを変更せず、外来生態フラグ・時間帯・DexNav・大量発生で制御,基礎種を通常配置。中間進化は高レベル地域のDexNav限定、最終進化は原則進化入手,トーホクは本編で使える低～中レベル基礎種、カントーは高レベル個体・中間進化・隠れ特性探索を担当。,R2,DexNav連鎖20以上または地方研究ランク2で隠れ特性判定を解禁。通常草むらでは標準特性のみ。,通常種は両地方で捕獲可能。進化後の通常野生化は段階解禁。,ベガ既存の野生枠を上書きせず、条件付きオーバーレイ／DexNav／夜間・水上・釣り・大量発生の追加抽選へ登録。
カントー,K29,サント・アンヌ号,認定章2～3,Lv.78～84（固定戦）,65,131,ラプラス,ラプラス,みず／こおり,通常生態,ベガ既存系統を完全保持,釣りオーバーレイ,Lv.78～84（固定戦）,通常表10～20%,ベガ初回殿堂入り後。認定章数でエリアと中間進化枠を段階解禁。,既存個体を保護。追加地域では基礎種または中間進化を希少配置,トーホクではベガ既存個体を保護。カントーでは高レベル個体・隠れ特性・タマゴ技探索を担当。,R4,DexNav連鎖20以上または地方研究ランク2で隠れ特性判定を解禁。通常草むらでは標準特性のみ。,通常種は両地方で捕獲可能。進化後の通常野生化は段階解禁。,FR原作系統を地域の顔として残し、通常表・時間帯表・DexNav・大量発生を使って新種を混在。
トーホク,VEGA_NATIVE,ベガ既存地点（出現表・配布・進化を変更しない）,ベガ既存条件,既存値,65,131,ラプラス,ラプラス,みず／こおり,通常生態,ベガ既存系統を完全保持,ベガ既存入手法,既存値,既存値,既存イベント・野生表・進化条件を原則維持。現代化で条件が壊れる場合のみ互換処理。,既存個体を保護。追加地域では基礎種または中間進化を希少配置,トーホクではベガ既存個体を保護。カントーでは高レベル個体・隠れ特性・タマゴ技探索を担当。,固定／既存,既存個体を変更しない。カントー側DexNavまたは特性パッチで隠れ特性を補完。,通常種は両地方で捕獲可能。,ベガ既存テーブル・固定イベント・配布・進化参照を変更しない。
カントー,K43,ハナダのどうくつ,最終ポストゲーム,Lv.95～100,66,132,メタモン,メタモン,ノーマル,人工・無機物,ベガ既存系統を完全保持,屋内異常遭遇／DexNav,Lv.95～100,通常0%／DexNav 2～5%,ベガ初回殿堂入り後。認定章数でエリアと中間進化枠を段階解禁。,既存個体を保護。追加地域では基礎種または中間進化を希少配置,トーホクではベガ既存個体を保護。カントーでは高レベル個体・隠れ特性・タマゴ技探索を担当。,R1,DexNav連鎖20以上または地方研究ランク2で隠れ特性判定を解禁。通常草むらでは標準特性のみ。,通常種は両地方で捕獲可能。進化後の通常野生化は段階解禁。,FR原作系統を地域の顔として残し、通常表・時間帯表・DexNav・大量発生を使って新種を混在。
トーホク,VEGA_NATIVE,ベガ既存地点（出現表・配布・進化を変更しない）,ベガ既存条件,既存値,66,132,メタモン,メタモン,ノーマル,人工・無機物,ベガ既存系統を完全保持,ベガ既存入手法,既存値,既存値,既存イベント・野生表・進化条件を原則維持。現代化で条件が壊れる場合のみ互換処理。,既存個体を保護。追加地域では基礎種または中間進化を希少配置,トーホクではベガ既存個体を保護。カントーでは高レベル個体・隠れ特性・タマゴ技探索を担当。,固定／既存,既存個体を変更しない。カントー側DexNavまたは特性パッチで隠れ特性を補完。,通常種は両地方で捕獲可能。,ベガ既存テーブル・固定イベント・配布・進化参照を変更しない。
カントー,K33,タマムシ温室,認定章4前後,Lv.82～90,67,133,イーブイ,イーブイ → シャワーズ → サンダース → ブースター → エーフィ → ブラッキー → リーフィア → グレイシア → ニンフィア,ノーマル／ほのお／みず／くさ／でんき／エスパー／こおり／あく／フェアリー,通常生態,外来生態レイヤーへ追加,ずつき／朝昼オーバーレイ,Lv.82～90,通常表8～15%,ベガ初回殿堂入り後。認定章数でエリアと中間進化枠を段階解禁。,基礎種を通常配置。中間進化は高レベル地域のDexNav限定、最終進化は原則進化入手,トーホクは本編で使える低～中レベル基礎種、カントーは高レベル個体・中間進化・隠れ特性探索を担当。,R2,DexNav連鎖20以上または地方研究ランク2で隠れ特性判定を解禁。通常草むらでは標準特性のみ。,通常種は両地方で捕獲可能。進化後の通常野生化は段階解禁。,FR原作系統を地域の顔として残し、通常表・時間帯表・DexNav・大量発生を使って新種を混在。
トーホク,T029,かみなりのしま,中盤B,Lv.30～40／殿堂入り後Lv.55～70,67,133,イーブイ,イーブイ → シャワーズ → サンダース → ブースター → エーフィ → ブラッキー → リーフィア → グレイシア → ニンフィア,ノーマル／ほのお／みず／くさ／でんき／エスパー／こおり／あく／フェアリー,通常生態,外来生態レイヤーへ追加,夜間オーバーレイ,Lv.30～40／殿堂入り後Lv.55～70,追加抽選3～6%,本編必須フラグを変更せず、外来生態フラグ・時間帯・DexNav・大量発生で制御,基礎種を通常配置。中間進化は高レベル地域のDexNav限定、最終進化は原則進化入手,トーホクは本編で使える低～中レベル基礎種、カントーは高レベル個体・中間進化・隠れ特性探索を担当。,R2,DexNav連鎖20以上または地方研究ランク2で隠れ特性判定を解禁。通常草むらでは標準特性のみ。,通常種は両地方で捕獲可能。進化後の通常野生化は段階解禁。,ベガ既存の野生枠を上書きせず、条件付きオーバーレイ／DexNav／夜間・水上・釣り・大量発生の追加抽選へ登録。
カントー,K41,シルフカンパニー,認定章5～6,Lv.90～97（異常遭遇）,68,137,ポリゴン,ポリゴン → ポリゴン２ → ポリゴンＺ,ノーマル,人工・無機物,ベガ既存系統を完全保持,屋内異常遭遇／DexNav,Lv.90～97（異常遭遇）,通常0%／DexNav 2～5%,ベガ初回殿堂入り後。認定章数でエリアと中間進化枠を段階解禁。,既存個体を保護。追加地域では基礎種または中間進化を希少配置,トーホクではベガ既存個体を保護。カントーでは高レベル個体・隠れ特性・タマゴ技探索を担当。,R2,DexNav連鎖20以上または地方研究ランク2で隠れ特性判定を解禁。通常草むらでは標準特性のみ。,通常種は両地方で捕獲可能。進化後の通常野生化は段階解禁。,FR原作系統を地域の顔として残し、通常表・時間帯表・DexNav・大量発生を使って新種を混在。
トーホク,VEGA_NATIVE,ベガ既存地点（出現表・配布・進化を変更しない）,ベガ既存条件,既存値,68,137,ポリゴン,ポリゴン → ポリゴン２ → ポリゴンＺ,ノーマル,人工・無機物,ベガ既存系統を完全保持,ベガ既存入手法,既存値,既存値,既存イベント・野生表・進化条件を原則維持。現代化で条件が壊れる場合のみ互換処理。,既存個体を保護。追加地域では基礎種または中間進化を希少配置,トーホクではベガ既存個体を保護。カントーでは高レベル個体・隠れ特性・タマゴ技探索を担当。,固定／既存,既存個体を変更しない。カントー側DexNavまたは特性パッチで隠れ特性を補完。,通常種は両地方で捕獲可能。,ベガ既存テーブル・固定イベント・配布・進化参照を変更しない。
カントー,K45,グレン研究所,認定章6～7,復元個体Lv.30／実験戦Lv.92,69,138,オムナイト,オムナイト → オムスター,いわ／みず,化石,化石復元追加,博物館鑑定後に復元,Lv.30,月石片／火山灰を消費して反復可,ベガ初回殿堂入り後。認定章数でエリアと中間進化枠を段階解禁。,基礎種を復元,トーホクは早期の復元、カントーは高個体値・隠れ特性の再復元を担当。,R3,DexNav連鎖20以上または地方研究ランク2で隠れ特性判定を解禁。通常草むらでは標準特性のみ。,通常種は両地方で捕獲可能。進化後の通常野生化は段階解禁。,FR原作系統を地域の顔として残し、通常表・時間帯表・DexNav・大量発生を使って新種を混在。
トーホク,T_FOSSIL,ヒスイシティ考古学室,個別条件,Lv.20,69,138,オムナイト,オムナイト → オムスター,いわ／みず,化石,化石復元追加,発掘片2個を納品して復元,Lv.20,反復採掘可,化石はちえのどうくつ／いわくだき／採掘依頼で反復入手。ガラル化石は2部品合成。,基礎種を復元,トーホクは早期の復元、カントーは高個体値・隠れ特性の再復元を担当。,R3,DexNav連鎖20以上または地方研究ランク2で隠れ特性判定を解禁。通常草むらでは標準特性のみ。,通常種は両地方で捕獲可能。進化後の通常野生化は段階解禁。,ベガ既存の野生枠を上書きせず、条件付きオーバーレイ／DexNav／夜間・水上・釣り・大量発生の追加抽選へ登録。
カントー,K44,ニビ博物館・化石研究室,認定章1～6,復元個体Lv.20／再調整Lv.70,70,140,カブト,カブト → カブトプス,いわ／みず,化石,化石復元追加,博物館鑑定後に復元,Lv.30,月石片／火山灰を消費して反復可,ベガ初回殿堂入り後。認定章数でエリアと中間進化枠を段階解禁。,基礎種を復元,トーホクは早期の復元、カントーは高個体値・隠れ特性の再復元を担当。,R1,DexNav連鎖20以上または地方研究ランク2で隠れ特性判定を解禁。通常草むらでは標準特性のみ。,通常種は両地方で捕獲可能。進化後の通常野生化は段階解禁。,FR原作系統を地域の顔として残し、通常表・時間帯表・DexNav・大量発生を使って新種を混在。
トーホク,T_FOSSIL,ヒスイシティ考古学室,個別条件,Lv.20,70,140,カブト,カブト → カブトプス,いわ／みず,化石,化石復元追加,発掘片2個を納品して復元,Lv.20,反復採掘可,化石はちえのどうくつ／いわくだき／採掘依頼で反復入手。ガラル化石は2部品合成。,基礎種を復元,トーホクは早期の復元、カントーは高個体値・隠れ特性の再復元を担当。,R1,DexNav連鎖20以上または地方研究ランク2で隠れ特性判定を解禁。通常草むらでは標準特性のみ。,通常種は両地方で捕獲可能。進化後の通常野生化は段階解禁。,ベガ既存の野生枠を上書きせず、条件付きオーバーレイ／DexNav／夜間・水上・釣り・大量発生の追加抽選へ登録。
カントー,K44,ニビ博物館・化石研究室,認定章1～6,復元個体Lv.20／再調整Lv.70,71,142,プテラ,プテラ,ひこう／いわ,化石,ベガ既存系統を完全保持,草むらオーバーレイ,復元個体Lv.20／再調整Lv.70,通常表8～15%,ベガ初回殿堂入り後。認定章数でエリアと中間進化枠を段階解禁。,既存個体を保護。追加地域では基礎種または中間進化を希少配置,トーホクではベガ既存個体を保護。カントーでは高レベル個体・隠れ特性・タマゴ技探索を担当。,R3,DexNav連鎖20以上または地方研究ランク2で隠れ特性判定を解禁。通常草むらでは標準特性のみ。,通常種は両地方で捕獲可能。進化後の通常野生化は段階解禁。,FR原作系統を地域の顔として残し、通常表・時間帯表・DexNav・大量発生を使って新種を混在。
トーホク,VEGA_NATIVE,ベガ既存地点（出現表・配布・進化を変更しない）,ベガ既存条件,既存値,71,142,プテラ,プテラ,ひこう／いわ,化石,ベガ既存系統を完全保持,ベガ既存入手法,既存値,既存値,既存イベント・野生表・進化条件を原則維持。現代化で条件が壊れる場合のみ互換処理。,既存個体を保護。追加地域では基礎種または中間進化を希少配置,トーホクではベガ既存個体を保護。カントーでは高レベル個体・隠れ特性・タマゴ技探索を担当。,固定／既存,既存個体を変更しない。カントー側DexNavまたは特性パッチで隠れ特性を補完。,通常種は両地方で捕獲可能。,ベガ既存テーブル・固定イベント・配布・進化参照を変更しない。
カントー,EVENT_K,カントー共鳴碑／研究記録,固定イベント／共鳴クエスト,イベント別,73,144,フリーザー,フリーザー,ひこう／こおり,伝説,ベガ既存特殊個体を保持＋他地方共鳴,手掛かり／共鳴戦／専用素材,イベント別,重複捕獲なし,既存条件＋主地方の捕獲フラグ共有,固定シンボル／イベント専用。主捕獲地方でのみ捕獲し、副地方は手掛かり・共鳴戦・素材報酬。,主地方で1個体だけ捕獲し、副地方では手掛かり・共鳴戦・専用素材を扱う。捕獲済みフラグは両地方で共有し、重複個体を与えない。,イベント専用,固定個体の特性はイベント定義。隠れ特性は報酬・再戦・特性パッチで救済。,共有捕獲フラグで全地方1個体。撃破時のみ再出現、捕獲後は素材・再戦へ分岐。,野生通常表、DexNav通常検索、大量発生には登録しない。
トーホク,EVENT_T,ベガ既存地点,固定イベント／共鳴クエスト,Lv.70,73,144,フリーザー,フリーザー,ひこう／こおり,伝説,ベガ既存特殊個体を保持＋他地方共鳴,ベガ既存入手法＋捕獲救済,Lv.70,原則1体・撃破時復活,既存条件,固定シンボル／イベント専用。主捕獲地方でのみ捕獲し、副地方は手掛かり・共鳴戦・素材報酬。,主地方で1個体だけ捕獲し、副地方では手掛かり・共鳴戦・専用素材を扱う。捕獲済みフラグは両地方で共有し、重複個体を与えない。,イベント専用,固定個体の特性はイベント定義。隠れ特性は報酬・再戦・特性パッチで救済。,共有捕獲フラグで全地方1個体。撃破時のみ再出現、捕獲後は素材・再戦へ分岐。,野生通常表、DexNav通常検索、大量発生には登録しない。
カントー,EVENT_K,カントー共鳴碑／研究記録,固定イベント／共鳴クエスト,イベント別,74,145,サンダー,サンダー,ひこう／でんき,伝説,ベガ既存特殊個体を保持＋他地方共鳴,手掛かり／共鳴戦／専用素材,イベント別,重複捕獲なし,既存条件＋主地方の捕獲フラグ共有,固定シンボル／イベント専用。主捕獲地方でのみ捕獲し、副地方は手掛かり・共鳴戦・素材報酬。,主地方で1個体だけ捕獲し、副地方では手掛かり・共鳴戦・専用素材を扱う。捕獲済みフラグは両地方で共有し、重複個体を与えない。,イベント専用,固定個体の特性はイベント定義。隠れ特性は報酬・再戦・特性パッチで救済。,共有捕獲フラグで全地方1個体。撃破時のみ再出現、捕獲後は素材・再戦へ分岐。,野生通常表、DexNav通常検索、大量発生には登録しない。
トーホク,EVENT_T,ベガ既存地点,固定イベント／共鳴クエスト,Lv.70,74,145,サンダー,サンダー,ひこう／でんき,伝説,ベガ既存特殊個体を保持＋他地方共鳴,ベガ既存入手法＋捕獲救済,Lv.70,原則1体・撃破時復活,既存条件,固定シンボル／イベント専用。主捕獲地方でのみ捕獲し、副地方は手掛かり・共鳴戦・素材報酬。,主地方で1個体だけ捕獲し、副地方では手掛かり・共鳴戦・専用素材を扱う。捕獲済みフラグは両地方で共有し、重複個体を与えない。,イベント専用,固定個体の特性はイベント定義。隠れ特性は報酬・再戦・特性パッチで救済。,共有捕獲フラグで全地方1個体。撃破時のみ再出現、捕獲後は素材・再戦へ分岐。,野生通常表、DexNav通常検索、大量発生には登録しない。
カントー,EVENT_K,カントー共鳴碑／研究記録,固定イベント／共鳴クエスト,イベント別,75,146,ファイヤー,ファイヤー,ひこう／ほのお,伝説,ベガ既存特殊個体を保持＋他地方共鳴,手掛かり／共鳴戦／専用素材,イベント別,重複捕獲なし,既存条件＋主地方の捕獲フラグ共有,固定シンボル／イベント専用。主捕獲地方でのみ捕獲し、副地方は手掛かり・共鳴戦・素材報酬。,主地方で1個体だけ捕獲し、副地方では手掛かり・共鳴戦・専用素材を扱う。捕獲済みフラグは両地方で共有し、重複個体を与えない。,イベント専用,固定個体の特性はイベント定義。隠れ特性は報酬・再戦・特性パッチで救済。,共有捕獲フラグで全地方1個体。撃破時のみ再出現、捕獲後は素材・再戦へ分岐。,野生通常表、DexNav通常検索、大量発生には登録しない。
トーホク,EVENT_T,ベガ既存地点,固定イベント／共鳴クエスト,Lv.70,75,146,ファイヤー,ファイヤー,ひこう／ほのお,伝説,ベガ既存特殊個体を保持＋他地方共鳴,ベガ既存入手法＋捕獲救済,Lv.70,原則1体・撃破時復活,既存条件,固定シンボル／イベント専用。主捕獲地方でのみ捕獲し、副地方は手掛かり・共鳴戦・素材報酬。,主地方で1個体だけ捕獲し、副地方では手掛かり・共鳴戦・専用素材を扱う。捕獲済みフラグは両地方で共有し、重複個体を与えない。,イベント専用,固定個体の特性はイベント定義。隠れ特性は報酬・再戦・特性パッチで救済。,共有捕獲フラグで全地方1個体。撃破時のみ再出現、捕獲後は素材・再戦へ分岐。,野生通常表、DexNav通常検索、大量発生には登録しない。
カントー,K36,サファリゾーン北,認定章5前後,Lv.85～94,76,147,ミニリュウ,ミニリュウ → ハクリュー → カイリュー,ひこう／ドラゴン,600族,外来生態レイヤーへ追加,DexNav隠し枠,Lv.85～94,通常0%／DexNav 1～2%,ベガ初回殿堂入り後。認定章数でエリアと中間進化枠を段階解禁。,基礎種のみ通常枠。中間進化は殿堂入り後DexNav、最終進化は野生禁止,トーホクは本編で使える低～中レベル基礎種、カントーは高レベル個体・中間進化・隠れ特性探索を担当。,R4,DexNav連鎖20以上または地方研究ランク2で隠れ特性判定を解禁。通常草むらでは標準特性のみ。,通常種は両地方で捕獲可能。進化後の通常野生化は段階解禁。,FR原作系統を地域の顔として残し、通常表・時間帯表・DexNav・大量発生を使って新種を混在。
トーホク,T523,523ばんどうろ／すいどう,リーグ前,Lv.55～65,76,147,ミニリュウ,ミニリュウ → ハクリュー → カイリュー,ひこう／ドラゴン,600族,外来生態レイヤーへ追加,DexNav隠し枠,Lv.55～65,通常0%／DexNav 1～2%,本編必須フラグを変更せず、外来生態フラグ・時間帯・DexNav・大量発生で制御,基礎種のみ通常枠。中間進化は殿堂入り後DexNav、最終進化は野生禁止,トーホクは本編で使える低～中レベル基礎種、カントーは高レベル個体・中間進化・隠れ特性探索を担当。,R4,DexNav連鎖20以上または地方研究ランク2で隠れ特性判定を解禁。通常草むらでは標準特性のみ。,通常種は両地方で捕獲可能。進化後の通常野生化は段階解禁。,ベガ既存の野生枠を上書きせず、条件付きオーバーレイ／DexNav／夜間・水上・釣り・大量発生の追加抽選へ登録。
カントー,EVENT_K,カントー共鳴碑／研究記録,固定イベント／共鳴クエスト,イベント別,77,150,ミュウツー,ミュウツー,エスパー,伝説,ベガ既存特殊個体を保持＋他地方共鳴,手掛かり／共鳴戦／専用素材,イベント別,重複捕獲なし,既存条件＋主地方の捕獲フラグ共有,固定シンボル／イベント専用。主捕獲地方でのみ捕獲し、副地方は手掛かり・共鳴戦・素材報酬。,主地方で1個体だけ捕獲し、副地方では手掛かり・共鳴戦・専用素材を扱う。捕獲済みフラグは両地方で共有し、重複個体を与えない。,イベント専用,固定個体の特性はイベント定義。隠れ特性は報酬・再戦・特性パッチで救済。,共有捕獲フラグで全地方1個体。撃破時のみ再出現、捕獲後は素材・再戦へ分岐。,野生通常表、DexNav通常検索、大量発生には登録しない。
トーホク,EVENT_T,ベガ既存地点,固定イベント／共鳴クエスト,Lv.70,77,150,ミュウツー,ミュウツー,エスパー,伝説,ベガ既存特殊個体を保持＋他地方共鳴,ベガ既存入手法＋捕獲救済,Lv.70,原則1体・撃破時復活,既存条件,固定シンボル／イベント専用。主捕獲地方でのみ捕獲し、副地方は手掛かり・共鳴戦・素材報酬。,主地方で1個体だけ捕獲し、副地方では手掛かり・共鳴戦・専用素材を扱う。捕獲済みフラグは両地方で共有し、重複個体を与えない。,イベント専用,固定個体の特性はイベント定義。隠れ特性は報酬・再戦・特性パッチで救済。,共有捕獲フラグで全地方1個体。撃破時のみ再出現、捕獲後は素材・再戦へ分岐。,野生通常表、DexNav通常検索、大量発生には登録しない。
カントー,EVENT_K,カントー共鳴碑／研究記録,固定イベント／共鳴クエスト,イベント別,78,151,ミュウ,ミュウ,エスパー,幻,ベガ既存特殊個体を保持＋他地方共鳴,手掛かり／共鳴戦／専用素材,イベント別,重複捕獲なし,既存条件＋主地方の捕獲フラグ共有,固定シンボル／イベント専用。主捕獲地方でのみ捕獲し、副地方は手掛かり・共鳴戦・素材報酬。,主地方で1個体だけ捕獲し、副地方では手掛かり・共鳴戦・専用素材を扱う。捕獲済みフラグは両地方で共有し、重複個体を与えない。,イベント専用,固定個体の特性はイベント定義。隠れ特性は報酬・再戦・特性パッチで救済。,共有捕獲フラグで全地方1個体。撃破時のみ再出現、捕獲後は素材・再戦へ分岐。,野生通常表、DexNav通常検索、大量発生には登録しない。
トーホク,EVENT_T,ベガ既存地点,固定イベント／共鳴クエスト,Lv.70,78,151,ミュウ,ミュウ,エスパー,幻,ベガ既存特殊個体を保持＋他地方共鳴,ベガ既存入手法＋捕獲救済,Lv.70,原則1体・撃破時復活,既存条件,固定シンボル／イベント専用。主捕獲地方でのみ捕獲し、副地方は手掛かり・共鳴戦・素材報酬。,主地方で1個体だけ捕獲し、副地方では手掛かり・共鳴戦・専用素材を扱う。捕獲済みフラグは両地方で共有し、重複個体を与えない。,イベント専用,固定個体の特性はイベント定義。隠れ特性は報酬・再戦・特性パッチで救済。,共有捕獲フラグで全地方1個体。撃破時のみ再出現、捕獲後は素材・再戦へ分岐。,野生通常表、DexNav通常検索、大量発生には登録しない。
カントー,K47,マサラタウン・オーキド研究所,カントー序盤,配布個体Lv.5／調整戦Lv.70,79,152,チコリータ,チコリータ → ベイリーフ → メガニウム,くさ,御三家,地方研究タマゴ追加,オーキド研究所の生態交換タマゴ,Lv.5,カントー認定章2個ごとに1系統、最終的に全系統反復可,ベガ初回殿堂入り後。認定章数でエリアと中間進化枠を段階解禁。,基礎種をタマゴ配布,御三家を野生化せず、両地方の研究所を巡る収集導線にする。,R1,DexNav連鎖20以上または地方研究ランク2で隠れ特性判定を解禁。通常草むらでは標準特性のみ。,通常種は両地方で捕獲可能。進化後の通常野生化は段階解禁。,FR原作系統を地域の顔として残し、通常表・時間帯表・DexNav・大量発生を使って新種を混在。
トーホク,T_LAB,ハクジタウン・ヒイラギ研究所,個別条件,Lv.5,79,152,チコリータ,チコリータ → ベイリーフ → メガニウム,くさ,御三家,地方研究タマゴ追加,地域別研究依頼の報酬タマゴ,Lv.5,研究チケット1枚／系統選択・反復可,各世代の生態サンプルを3件提出。選択式にせず、依頼再受注で全系統入手可能。,基礎種をタマゴ配布,御三家を野生化せず、両地方の研究所を巡る収集導線にする。,R1,DexNav連鎖20以上または地方研究ランク2で隠れ特性判定を解禁。通常草むらでは標準特性のみ。,通常種は両地方で捕獲可能。進化後の通常野生化は段階解禁。,ベガ既存の野生枠を上書きせず、条件付きオーバーレイ／DexNav／夜間・水上・釣り・大量発生の追加抽選へ登録。
カントー,K47,マサラタウン・オーキド研究所,カントー序盤,配布個体Lv.5／調整戦Lv.70,80,155,ヒノアラシ,ヒノアラシ → マグマラシ → バクフーン,ほのお,御三家,地方研究タマゴ追加,オーキド研究所の生態交換タマゴ,Lv.5,カントー認定章2個ごとに1系統、最終的に全系統反復可,ベガ初回殿堂入り後。認定章数でエリアと中間進化枠を段階解禁。,基礎種をタマゴ配布,御三家を野生化せず、両地方の研究所を巡る収集導線にする。,R4,DexNav連鎖20以上または地方研究ランク2で隠れ特性判定を解禁。通常草むらでは標準特性のみ。,通常種は両地方で捕獲可能。進化後の通常野生化は段階解禁。,FR原作系統を地域の顔として残し、通常表・時間帯表・DexNav・大量発生を使って新種を混在。
トーホク,T_LAB,ハクジタウン・ヒイラギ研究所,個別条件,Lv.5,80,155,ヒノアラシ,ヒノアラシ → マグマラシ → バクフーン,ほのお,御三家,地方研究タマゴ追加,地域別研究依頼の報酬タマゴ,Lv.5,研究チケット1枚／系統選択・反復可,各世代の生態サンプルを3件提出。選択式にせず、依頼再受注で全系統入手可能。,基礎種をタマゴ配布,御三家を野生化せず、両地方の研究所を巡る収集導線にする。,R4,DexNav連鎖20以上または地方研究ランク2で隠れ特性判定を解禁。通常草むらでは標準特性のみ。,通常種は両地方で捕獲可能。進化後の通常野生化は段階解禁。,ベガ既存の野生枠を上書きせず、条件付きオーバーレイ／DexNav／夜間・水上・釣り・大量発生の追加抽選へ登録。
カントー,K47,マサラタウン・オーキド研究所,カントー序盤,配布個体Lv.5／調整戦Lv.70,81,158,ワニノコ,ワニノコ → アリゲイツ → オーダイル,みず,御三家,地方研究タマゴ追加,オーキド研究所の生態交換タマゴ,Lv.5,カントー認定章2個ごとに1系統、最終的に全系統反復可,ベガ初回殿堂入り後。認定章数でエリアと中間進化枠を段階解禁。,基礎種をタマゴ配布,御三家を野生化せず、両地方の研究所を巡る収集導線にする。,R3,DexNav連鎖20以上または地方研究ランク2で隠れ特性判定を解禁。通常草むらでは標準特性のみ。,通常種は両地方で捕獲可能。進化後の通常野生化は段階解禁。,FR原作系統を地域の顔として残し、通常表・時間帯表・DexNav・大量発生を使って新種を混在。
トーホク,T_LAB,ハクジタウン・ヒイラギ研究所,個別条件,Lv.5,81,158,ワニノコ,ワニノコ → アリゲイツ → オーダイル,みず,御三家,地方研究タマゴ追加,地域別研究依頼の報酬タマゴ,Lv.5,研究チケット1枚／系統選択・反復可,各世代の生態サンプルを3件提出。選択式にせず、依頼再受注で全系統入手可能。,基礎種をタマゴ配布,御三家を野生化せず、両地方の研究所を巡る収集導線にする。,R3,DexNav連鎖20以上または地方研究ランク2で隠れ特性判定を解禁。通常草むらでは標準特性のみ。,通常種は両地方で捕獲可能。進化後の通常野生化は段階解禁。,ベガ既存の野生枠を上書きせず、条件付きオーバーレイ／DexNav／夜間・水上・釣り・大量発生の追加抽選へ登録。
カントー,K18,18ばんどうろ,認定章4～5,Lv.84～90,82,161,オタチ,オタチ → オオタチ,ノーマル,通常生態,外来生態レイヤーへ追加,大量発生,Lv.84～90,通常0%／発生中20～35%,ベガ初回殿堂入り後。認定章数でエリアと中間進化枠を段階解禁。,基礎種を通常配置。中間進化は高レベル地域のDexNav限定、最終進化は原則進化入手,トーホクは本編で使える低～中レベル基礎種、カントーは高レベル個体・中間進化・隠れ特性探索を担当。,R2,DexNav連鎖20以上または地方研究ランク2で隠れ特性判定を解禁。通常草むらでは標準特性のみ。,通常種は両地方で捕獲可能。進化後の通常野生化は段階解禁。,FR原作系統を地域の顔として残し、通常表・時間帯表・DexNav・大量発生を使って新種を混在。
トーホク,T506,506ばんどうろ／すいどう,序盤B,Lv.12～17,82,161,オタチ,オタチ → オオタチ,ノーマル,通常生態,外来生態レイヤーへ追加,大量発生,Lv.12～17,通常0%／発生中20～35%,本編必須フラグを変更せず、外来生態フラグ・時間帯・DexNav・大量発生で制御,基礎種を通常配置。中間進化は高レベル地域のDexNav限定、最終進化は原則進化入手,トーホクは本編で使える低～中レベル基礎種、カントーは高レベル個体・中間進化・隠れ特性探索を担当。,R2,DexNav連鎖20以上または地方研究ランク2で隠れ特性判定を解禁。通常草むらでは標準特性のみ。,通常種は両地方で捕獲可能。進化後の通常野生化は段階解禁。,ベガ既存の野生枠を上書きせず、条件付きオーバーレイ／DexNav／夜間・水上・釣り・大量発生の追加抽選へ登録。
カントー,K03,3ばんどうろ,認定章1前後,Lv.71～75,83,163,ホーホー,ホーホー → ヨルノズク,ノーマル／ひこう,通常生態,ベガ既存系統を完全保持,草むらオーバーレイ,Lv.71～75,通常表8～15%,ベガ初回殿堂入り後。認定章数でエリアと中間進化枠を段階解禁。,既存個体を保護。追加地域では基礎種または中間進化を希少配置,トーホクではベガ既存個体を保護。カントーでは高レベル個体・隠れ特性・タマゴ技探索を担当。,R4,DexNav連鎖20以上または地方研究ランク2で隠れ特性判定を解禁。通常草むらでは標準特性のみ。,通常種は両地方で捕獲可能。進化後の通常野生化は段階解禁。,FR原作系統を地域の顔として残し、通常表・時間帯表・DexNav・大量発生を使って新種を混在。
トーホク,VEGA_NATIVE,ベガ既存地点（出現表・配布・進化を変更しない）,ベガ既存条件,既存値,83,163,ホーホー,ホーホー → ヨルノズク,ノーマル／ひこう,通常生態,ベガ既存系統を完全保持,ベガ既存入手法,既存値,既存値,既存イベント・野生表・進化条件を原則維持。現代化で条件が壊れる場合のみ互換処理。,既存個体を保護。追加地域では基礎種または中間進化を希少配置,トーホクではベガ既存個体を保護。カントーでは高レベル個体・隠れ特性・タマゴ技探索を担当。,固定／既存,既存個体を変更しない。カントー側DexNavまたは特性パッチで隠れ特性を補完。,通常種は両地方で捕獲可能。,ベガ既存テーブル・固定イベント・配布・進化参照を変更しない。
カントー,K24,24ばんどうろ,認定章1～2,Lv.74～79,84,165,レディバ,レディバ → レディアン,ひこう／むし,通常生態,ベガ既存系統を完全保持,草むらオーバーレイ,Lv.74～79,通常表8～15%,ベガ初回殿堂入り後。認定章数でエリアと中間進化枠を段階解禁。,既存個体を保護。追加地域では基礎種または中間進化を希少配置,トーホクではベガ既存個体を保護。カントーでは高レベル個体・隠れ特性・タマゴ技探索を担当。,R2,DexNav連鎖20以上または地方研究ランク2で隠れ特性判定を解禁。通常草むらでは標準特性のみ。,通常種は両地方で捕獲可能。進化後の通常野生化は段階解禁。,FR原作系統を地域の顔として残し、通常表・時間帯表・DexNav・大量発生を使って新種を混在。
トーホク,VEGA_NATIVE,ベガ既存地点（出現表・配布・進化を変更しない）,ベガ既存条件,既存値,84,165,レディバ,レディバ → レディアン,ひこう／むし,通常生態,ベガ既存系統を完全保持,ベガ既存入手法,既存値,既存値,既存イベント・野生表・進化条件を原則維持。現代化で条件が壊れる場合のみ互換処理。,既存個体を保護。追加地域では基礎種または中間進化を希少配置,トーホクではベガ既存個体を保護。カントーでは高レベル個体・隠れ特性・タマゴ技探索を担当。,固定／既存,既存個体を変更しない。カントー側DexNavまたは特性パッチで隠れ特性を補完。,通常種は両地方で捕獲可能。,ベガ既存テーブル・固定イベント・配布・進化参照を変更しない。
カントー,K35,サファリゾーン東,認定章5前後,Lv.85～94,85,167,イトマル,イトマル → アリアドス,どく／むし,通常生態,ベガ既存系統を完全保持,ずつき／朝昼オーバーレイ,Lv.85～94,通常表8～15%,ベガ初回殿堂入り後。認定章数でエリアと中間進化枠を段階解禁。,既存個体を保護。追加地域では基礎種または中間進化を希少配置,トーホクではベガ既存個体を保護。カントーでは高レベル個体・隠れ特性・タマゴ技探索を担当。,R4,DexNav連鎖20以上または地方研究ランク2で隠れ特性判定を解禁。通常草むらでは標準特性のみ。,通常種は両地方で捕獲可能。進化後の通常野生化は段階解禁。,FR原作系統を地域の顔として残し、通常表・時間帯表・DexNav・大量発生を使って新種を混在。
トーホク,VEGA_NATIVE,ベガ既存地点（出現表・配布・進化を変更しない）,ベガ既存条件,既存値,85,167,イトマル,イトマル → アリアドス,どく／むし,通常生態,ベガ既存系統を完全保持,ベガ既存入手法,既存値,既存値,既存イベント・野生表・進化条件を原則維持。現代化で条件が壊れる場合のみ互換処理。,既存個体を保護。追加地域では基礎種または中間進化を希少配置,トーホクではベガ既存個体を保護。カントーでは高レベル個体・隠れ特性・タマゴ技探索を担当。,固定／既存,既存個体を変更しない。カントー側DexNavまたは特性パッチで隠れ特性を補完。,通常種は両地方で捕獲可能。,ベガ既存テーブル・固定イベント・配布・進化参照を変更しない。
カントー,K15,15ばんどうろ,認定章4～5,Lv.85～90,86,170,チョンチー,チョンチー → ランターン,みず／でんき,通常生態,外来生態レイヤーへ追加,水上オーバーレイ,Lv.85～90,通常表10～20%,ベガ初回殿堂入り後。認定章数でエリアと中間進化枠を段階解禁。,基礎種を通常配置。中間進化は高レベル地域のDexNav限定、最終進化は原則進化入手,トーホクは本編で使える低～中レベル基礎種、カントーは高レベル個体・中間進化・隠れ特性探索を担当。,R3,DexNav連鎖20以上または地方研究ランク2で隠れ特性判定を解禁。通常草むらでは標準特性のみ。,通常種は両地方で捕獲可能。進化後の通常野生化は段階解禁。,FR原作系統を地域の顔として残し、通常表・時間帯表・DexNav・大量発生を使って新種を混在。
トーホク,T512,512ばんどうろ／すいどう,中盤B,Lv.27～33,86,170,チョンチー,チョンチー → ランターン,みず／でんき,通常生態,外来生態レイヤーへ追加,水上オーバーレイ,Lv.27～33,追加抽選4～8%,本編必須フラグを変更せず、外来生態フラグ・時間帯・DexNav・大量発生で制御,基礎種を通常配置。中間進化は高レベル地域のDexNav限定、最終進化は原則進化入手,トーホクは本編で使える低～中レベル基礎種、カントーは高レベル個体・中間進化・隠れ特性探索を担当。,R3,DexNav連鎖20以上または地方研究ランク2で隠れ特性判定を解禁。通常草むらでは標準特性のみ。,通常種は両地方で捕獲可能。進化後の通常野生化は段階解禁。,ベガ既存の野生枠を上書きせず、条件付きオーバーレイ／DexNav／夜間・水上・釣り・大量発生の追加抽選へ登録。
カントー,K26,トキワのもり,カントー序盤,Lv.70～76,10,172,ピチュー,ピチュー → ピカチュウ → ライチュウ,でんき,ベビィ含有,ベガ既存系統を完全保持,DexNav隠し枠／低確率タマゴ,Lv.70～76,通常0%／DexNav 2～5%,ベガ初回殿堂入り後。認定章数でエリアと中間進化枠を段階解禁。,既存個体を保護。追加地域では基礎種または中間進化を希少配置,トーホクではベガ既存個体を保護。カントーでは高レベル個体・隠れ特性・タマゴ技探索を担当。,R1,DexNav連鎖20以上または地方研究ランク2で隠れ特性判定を解禁。通常草むらでは標準特性のみ。,通常種は両地方で捕獲可能。進化後の通常野生化は段階解禁。,FR原作系統を地域の顔として残し、通常表・時間帯表・DexNav・大量発生を使って新種を混在。
トーホク,VEGA_NATIVE,ベガ既存地点（出現表・配布・進化を変更しない）,ベガ既存条件,既存値,10,172,ピチュー,ピチュー → ピカチュウ → ライチュウ,でんき,ベビィ含有,ベガ既存系統を完全保持,ベガ既存入手法,既存値,既存値,既存イベント・野生表・進化条件を原則維持。現代化で条件が壊れる場合のみ互換処理。,既存個体を保護。追加地域では基礎種または中間進化を希少配置,トーホクではベガ既存個体を保護。カントーでは高レベル個体・隠れ特性・タマゴ技探索を担当。,固定／既存,既存個体を変更しない。カントー側DexNavまたは特性パッチで隠れ特性を補完。,通常種は両地方で捕獲可能。,ベガ既存テーブル・固定イベント・配布・進化参照を変更しない。
カントー,K27,おつきみやま,認定章1前後,Lv.73～80,14,173,ピィ,ピィ → ピッピ → ピクシー,フェアリー,ベビィ含有,外来生態レイヤーへ追加,DexNav隠し枠／低確率タマゴ,Lv.73～80,通常0%／DexNav 2～5%,ベガ初回殿堂入り後。認定章数でエリアと中間進化枠を段階解禁。,ベビィはタマゴ／DexNav。通常草むらは非ベビィ基礎種,トーホクは本編で使える低～中レベル基礎種、カントーは高レベル個体・中間進化・隠れ特性探索を担当。,R2,DexNav連鎖20以上または地方研究ランク2で隠れ特性判定を解禁。通常草むらでは標準特性のみ。,通常種は両地方で捕獲可能。進化後の通常野生化は段階解禁。,FR原作系統を地域の顔として残し、通常表・時間帯表・DexNav・大量発生を使って新種を混在。
トーホク,T502,502ばんどうろ／すいどう,序盤A,Lv.3～6,14,173,ピィ,ピィ → ピッピ → ピクシー,フェアリー,ベビィ含有,外来生態レイヤーへ追加,DexNav隠し枠／低確率タマゴ,Lv.3～6,通常0%／DexNav 2～5%,本編必須フラグを変更せず、外来生態フラグ・時間帯・DexNav・大量発生で制御,ベビィはタマゴ／DexNav。通常草むらは非ベビィ基礎種,トーホクは本編で使える低～中レベル基礎種、カントーは高レベル個体・中間進化・隠れ特性探索を担当。,R2,DexNav連鎖20以上または地方研究ランク2で隠れ特性判定を解禁。通常草むらでは標準特性のみ。,通常種は両地方で捕獲可能。進化後の通常野生化は段階解禁。,ベガ既存の野生枠を上書きせず、条件付きオーバーレイ／DexNav／夜間・水上・釣り・大量発生の追加抽選へ登録。
カントー,K03,3ばんどうろ,認定章1前後,Lv.71～75,16,174,ププリン,ププリン → プリン → プクリン,ノーマル／フェアリー,ベビィ含有,外来生態レイヤーへ追加,DexNav隠し枠／低確率タマゴ,Lv.71～75,通常0%／DexNav 2～5%,ベガ初回殿堂入り後。認定章数でエリアと中間進化枠を段階解禁。,ベビィはタマゴ／DexNav。通常草むらは非ベビィ基礎種,トーホクは本編で使える低～中レベル基礎種、カントーは高レベル個体・中間進化・隠れ特性探索を担当。,R3,DexNav連鎖20以上または地方研究ランク2で隠れ特性判定を解禁。通常草むらでは標準特性のみ。,通常種は両地方で捕獲可能。進化後の通常野生化は段階解禁。,FR原作系統を地域の顔として残し、通常表・時間帯表・DexNav・大量発生を使って新種を混在。
トーホク,T502,502ばんどうろ／すいどう,序盤A,Lv.3～6,16,174,ププリン,ププリン → プリン → プクリン,ノーマル／フェアリー,ベビィ含有,外来生態レイヤーへ追加,DexNav隠し枠／低確率タマゴ,Lv.3～6,通常0%／DexNav 2～5%,本編必須フラグを変更せず、外来生態フラグ・時間帯・DexNav・大量発生で制御,ベビィはタマゴ／DexNav。通常草むらは非ベビィ基礎種,トーホクは本編で使える低～中レベル基礎種、カントーは高レベル個体・中間進化・隠れ特性探索を担当。,R3,DexNav連鎖20以上または地方研究ランク2で隠れ特性判定を解禁。通常草むらでは標準特性のみ。,通常種は両地方で捕獲可能。進化後の通常野生化は段階解禁。,ベガ既存の野生枠を上書きせず、条件付きオーバーレイ／DexNav／夜間・水上・釣り・大量発生の追加抽選へ登録。
カントー,K03,3ばんどうろ,認定章1前後,Lv.71～75,87,175,トゲピー,トゲピー → トゲチック → トゲキッス,ひこう／フェアリー,ベビィ含有,ベガ既存系統を完全保持,DexNav隠し枠／低確率タマゴ,Lv.71～75,通常0%／DexNav 2～5%,ベガ初回殿堂入り後。認定章数でエリアと中間進化枠を段階解禁。,既存個体を保護。追加地域では基礎種または中間進化を希少配置,トーホクではベガ既存個体を保護。カントーでは高レベル個体・隠れ特性・タマゴ技探索を担当。,R4,DexNav連鎖20以上または地方研究ランク2で隠れ特性判定を解禁。通常草むらでは標準特性のみ。,通常種は両地方で捕獲可能。進化後の通常野生化は段階解禁。,FR原作系統を地域の顔として残し、通常表・時間帯表・DexNav・大量発生を使って新種を混在。
トーホク,VEGA_NATIVE,ベガ既存地点（出現表・配布・進化を変更しない）,ベガ既存条件,既存値,87,175,トゲピー,トゲピー → トゲチック → トゲキッス,ひこう／フェアリー,ベビィ含有,ベガ既存系統を完全保持,ベガ既存入手法,既存値,既存値,既存イベント・野生表・進化条件を原則維持。現代化で条件が壊れる場合のみ互換処理。,既存個体を保護。追加地域では基礎種または中間進化を希少配置,トーホクではベガ既存個体を保護。カントーでは高レベル個体・隠れ特性・タマゴ技探索を担当。,固定／既存,既存個体を変更しない。カントー側DexNavまたは特性パッチで隠れ特性を補完。,通常種は両地方で捕獲可能。,ベガ既存テーブル・固定イベント・配布・進化参照を変更しない。
カントー,K23,23ばんどうろ,認定章8後,Lv.92～98,88,177,ネイティ,ネイティ → ネイティオ,ひこう／エスパー,通常生態,外来生態レイヤーへ追加,草むらオーバーレイ,Lv.92～98,通常表8～15%,ベガ初回殿堂入り後。認定章数でエリアと中間進化枠を段階解禁。,基礎種を通常配置。中間進化は高レベル地域のDexNav限定、最終進化は原則進化入手,トーホクは本編で使える低～中レベル基礎種、カントーは高レベル個体・中間進化・隠れ特性探索を担当。,R2,DexNav連鎖20以上または地方研究ランク2で隠れ特性判定を解禁。通常草むらでは標準特性のみ。,通常種は両地方で捕獲可能。進化後の通常野生化は段階解禁。,FR原作系統を地域の顔として残し、通常表・時間帯表・DexNav・大量発生を使って新種を混在。
トーホク,T505,505ばんどうろ／すいどう,序盤B,Lv.10～14,88,177,ネイティ,ネイティ → ネイティオ,ひこう／エスパー,通常生態,外来生態レイヤーへ追加,草むらオーバーレイ,Lv.10～14,追加抽選3～6%,本編必須フラグを変更せず、外来生態フラグ・時間帯・DexNav・大量発生で制御,基礎種を通常配置。中間進化は高レベル地域のDexNav限定、最終進化は原則進化入手,トーホクは本編で使える低～中レベル基礎種、カントーは高レベル個体・中間進化・隠れ特性探索を担当。,R2,DexNav連鎖20以上または地方研究ランク2で隠れ特性判定を解禁。通常草むらでは標準特性のみ。,通常種は両地方で捕獲可能。進化後の通常野生化は段階解禁。,ベガ既存の野生枠を上書きせず、条件付きオーバーレイ／DexNav／夜間・水上・釣り・大量発生の追加抽選へ登録。
カントー,K32,ロケットだんアジト跡,認定章3～4,Lv.83～91,89,179,メリープ,メリープ → モココ → デンリュウ,でんき,通常生態,外来生態レイヤーへ追加,洞窟・屋内オーバーレイ,Lv.83～91,通常表8～15%,ベガ初回殿堂入り後。認定章数でエリアと中間進化枠を段階解禁。,基礎種を通常配置。中間進化は高レベル地域のDexNav限定、最終進化は原則進化入手,トーホクは本編で使える低～中レベル基礎種、カントーは高レベル個体・中間進化・隠れ特性探索を担当。,R4,DexNav連鎖20以上または地方研究ランク2で隠れ特性判定を解禁。通常草むらでは標準特性のみ。,通常種は両地方で捕獲可能。進化後の通常野生化は段階解禁。,FR原作系統を地域の顔として残し、通常表・時間帯表・DexNav・大量発生を使って新種を混在。
トーホク,T029,かみなりのしま,中盤B,Lv.30～40／殿堂入り後Lv.55～70,89,179,メリープ,メリープ → モココ → デンリュウ,でんき,通常生態,外来生態レイヤーへ追加,大量発生,Lv.30～40／殿堂入り後Lv.55～70,通常0%／発生中20～35%,本編必須フラグを変更せず、外来生態フラグ・時間帯・DexNav・大量発生で制御,基礎種を通常配置。中間進化は高レベル地域のDexNav限定、最終進化は原則進化入手,トーホクは本編で使える低～中レベル基礎種、カントーは高レベル個体・中間進化・隠れ特性探索を担当。,R4,DexNav連鎖20以上または地方研究ランク2で隠れ特性判定を解禁。通常草むらでは標準特性のみ。,通常種は両地方で捕獲可能。進化後の通常野生化は段階解禁。,ベガ既存の野生枠を上書きせず、条件付きオーバーレイ／DexNav／夜間・水上・釣り・大量発生の追加抽選へ登録。
カントー,K02,2ばんどうろ,カントー序盤,Lv.69～73,92,187,ハネッコ,ハネッコ → ポポッコ → ワタッコ,ひこう／くさ,通常生態,外来生態レイヤーへ追加,ずつき／朝昼オーバーレイ,Lv.69～73,通常表8～15%,ベガ初回殿堂入り後。認定章数でエリアと中間進化枠を段階解禁。,基礎種を通常配置。中間進化は高レベル地域のDexNav限定、最終進化は原則進化入手,トーホクは本編で使える低～中レベル基礎種、カントーは高レベル個体・中間進化・隠れ特性探索を担当。,R4,DexNav連鎖20以上または地方研究ランク2で隠れ特性判定を解禁。通常草むらでは標準特性のみ。,通常種は両地方で捕獲可能。進化後の通常野生化は段階解禁。,FR原作系統を地域の顔として残し、通常表・時間帯表・DexNav・大量発生を使って新種を混在。
トーホク,T505,505ばんどうろ／すいどう,序盤B,Lv.10～14,92,187,ハネッコ,ハネッコ → ポポッコ → ワタッコ,ひこう／くさ,通常生態,外来生態レイヤーへ追加,草むらオーバーレイ,Lv.10～14,追加抽選3～6%,本編必須フラグを変更せず、外来生態フラグ・時間帯・DexNav・大量発生で制御,基礎種を通常配置。中間進化は高レベル地域のDexNav限定、最終進化は原則進化入手,トーホクは本編で使える低～中レベル基礎種、カントーは高レベル個体・中間進化・隠れ特性探索を担当。,R4,DexNav連鎖20以上または地方研究ランク2で隠れ特性判定を解禁。通常草むらでは標準特性のみ。,通常種は両地方で捕獲可能。進化後の通常野生化は段階解禁。,ベガ既存の野生枠を上書きせず、条件付きオーバーレイ／DexNav／夜間・水上・釣り・大量発生の追加抽選へ登録。
カントー,K16,16ばんどうろ,認定章4前後,Lv.81～86,93,190,エイパム,エイパム → エテボース,ノーマル,通常生態,外来生態レイヤーへ追加,草むらオーバーレイ,Lv.81～86,通常表8～15%,ベガ初回殿堂入り後。認定章数でエリアと中間進化枠を段階解禁。,基礎種を通常配置。中間進化は高レベル地域のDexNav限定、最終進化は原則進化入手,トーホクは本編で使える低～中レベル基礎種、カントーは高レベル個体・中間進化・隠れ特性探索を担当。,R3,DexNav連鎖20以上または地方研究ランク2で隠れ特性判定を解禁。通常草むらでは標準特性のみ。,通常種は両地方で捕獲可能。進化後の通常野生化は段階解禁。,FR原作系統を地域の顔として残し、通常表・時間帯表・DexNav・大量発生を使って新種を混在。
トーホク,T503,503ばんどうろ／すいどう,序盤A,Lv.5～9,93,190,エイパム,エイパム → エテボース,ノーマル,通常生態,外来生態レイヤーへ追加,草むらオーバーレイ,Lv.5～9,追加抽選3～6%,本編必須フラグを変更せず、外来生態フラグ・時間帯・DexNav・大量発生で制御,基礎種を通常配置。中間進化は高レベル地域のDexNav限定、最終進化は原則進化入手,トーホクは本編で使える低～中レベル基礎種、カントーは高レベル個体・中間進化・隠れ特性探索を担当。,R3,DexNav連鎖20以上または地方研究ランク2で隠れ特性判定を解禁。通常草むらでは標準特性のみ。,通常種は両地方で捕獲可能。進化後の通常野生化は段階解禁。,ベガ既存の野生枠を上書きせず、条件付きオーバーレイ／DexNav／夜間・水上・釣り・大量発生の追加抽選へ登録。
カントー,K02,2ばんどうろ,カントー序盤,Lv.69～73,94,191,ヒマナッツ,ヒマナッツ → キマワリ,くさ,通常生態,外来生態レイヤーへ追加,ずつき／朝昼オーバーレイ,Lv.69～73,通常表8～15%,ベガ初回殿堂入り後。認定章数でエリアと中間進化枠を段階解禁。,基礎種を通常配置。中間進化は高レベル地域のDexNav限定、最終進化は原則進化入手,トーホクは本編で使える低～中レベル基礎種、カントーは高レベル個体・中間進化・隠れ特性探索を担当。,R4,DexNav連鎖20以上または地方研究ランク2で隠れ特性判定を解禁。通常草むらでは標準特性のみ。,通常種は両地方で捕獲可能。進化後の通常野生化は段階解禁。,FR原作系統を地域の顔として残し、通常表・時間帯表・DexNav・大量発生を使って新種を混在。
トーホク,T026,ハクジのもり,後半A,Lv.38～48／殿堂入り後Lv.50～65,94,191,ヒマナッツ,ヒマナッツ → キマワリ,くさ,通常生態,外来生態レイヤーへ追加,ずつき／朝昼オーバーレイ,Lv.38～48／殿堂入り後Lv.50～65,追加抽選3～6%,本編必須フラグを変更せず、外来生態フラグ・時間帯・DexNav・大量発生で制御,基礎種を通常配置。中間進化は高レベル地域のDexNav限定、最終進化は原則進化入手,トーホクは本編で使える低～中レベル基礎種、カントーは高レベル個体・中間進化・隠れ特性探索を担当。,R4,DexNav連鎖20以上または地方研究ランク2で隠れ特性判定を解禁。通常草むらでは標準特性のみ。,通常種は両地方で捕獲可能。進化後の通常野生化は段階解禁。,ベガ既存の野生枠を上書きせず、条件付きオーバーレイ／DexNav／夜間・水上・釣り・大量発生の追加抽選へ登録。
カントー,K24,24ばんどうろ,認定章1～2,Lv.74～79,95,193,ヤンヤンマ,ヤンヤンマ → メガヤンマ,ひこう／むし,通常生態,外来生態レイヤーへ追加,草むらオーバーレイ,Lv.74～79,通常表8～15%,ベガ初回殿堂入り後。認定章数でエリアと中間進化枠を段階解禁。,基礎種を通常配置。中間進化は高レベル地域のDexNav限定、最終進化は原則進化入手,トーホクは本編で使える低～中レベル基礎種、カントーは高レベル個体・中間進化・隠れ特性探索を担当。,R2,DexNav連鎖20以上または地方研究ランク2で隠れ特性判定を解禁。通常草むらでは標準特性のみ。,通常種は両地方で捕獲可能。進化後の通常野生化は段階解禁。,FR原作系統を地域の顔として残し、通常表・時間帯表・DexNav・大量発生を使って新種を混在。
トーホク,T502,502ばんどうろ／すいどう,序盤A,Lv.3～6,95,193,ヤンヤンマ,ヤンヤンマ → メガヤンマ,ひこう／むし,通常生態,外来生態レイヤーへ追加,ずつき／朝昼オーバーレイ,Lv.3～6,追加抽選3～6%,本編必須フラグを変更せず、外来生態フラグ・時間帯・DexNav・大量発生で制御,基礎種を通常配置。中間進化は高レベル地域のDexNav限定、最終進化は原則進化入手,トーホクは本編で使える低～中レベル基礎種、カントーは高レベル個体・中間進化・隠れ特性探索を担当。,R2,DexNav連鎖20以上または地方研究ランク2で隠れ特性判定を解禁。通常草むらでは標準特性のみ。,通常種は両地方で捕獲可能。進化後の通常野生化は段階解禁。,ベガ既存の野生枠を上書きせず、条件付きオーバーレイ／DexNav／夜間・水上・釣り・大量発生の追加抽選へ登録。
カントー,K06,6ばんどうろ,認定章2前後,Lv.75～80,96,194,ウパー,ウパー → ヌオー → ドオー,どく／じめん／みず,通常生態,外来生態レイヤーへ追加,釣りオーバーレイ,Lv.75～80,通常表10～20%,ベガ初回殿堂入り後。認定章数でエリアと中間進化枠を段階解禁。,基礎種を通常配置。中間進化は高レベル地域のDexNav限定、最終進化は原則進化入手,トーホクは本編で使える低～中レベル基礎種、カントーは高レベル個体・中間進化・隠れ特性探索を担当。,R3,DexNav連鎖20以上または地方研究ランク2で隠れ特性判定を解禁。通常草むらでは標準特性のみ。,通常種は両地方で捕獲可能。進化後の通常野生化は段階解禁。,FR原作系統を地域の顔として残し、通常表・時間帯表・DexNav・大量発生を使って新種を混在。
トーホク,T027,かいていトンネル,中盤A,Lv.20～30,96,194,ウパー,ウパー → ヌオー → ドオー,どく／じめん／みず,通常生態,外来生態レイヤーへ追加,釣りオーバーレイ,Lv.20～30,追加抽選4～8%,本編必須フラグを変更せず、外来生態フラグ・時間帯・DexNav・大量発生で制御,基礎種を通常配置。中間進化は高レベル地域のDexNav限定、最終進化は原則進化入手,トーホクは本編で使える低～中レベル基礎種、カントーは高レベル個体・中間進化・隠れ特性探索を担当。,R3,DexNav連鎖20以上または地方研究ランク2で隠れ特性判定を解禁。通常草むらでは標準特性のみ。,通常種は両地方で捕獲可能。進化後の通常野生化は段階解禁。,ベガ既存の野生枠を上書きせず、条件付きオーバーレイ／DexNav／夜間・水上・釣り・大量発生の追加抽選へ登録。
カントー,K11,11ばんどうろ,認定章2～3,Lv.76～82,97,198,ヤミカラス,ヤミカラス → ドンカラス,ひこう／あく,通常生態,ベガ既存系統を完全保持,夜間オーバーレイ,Lv.76～82,夜間8～12%,ベガ初回殿堂入り後。認定章数でエリアと中間進化枠を段階解禁。,既存個体を保護。追加地域では基礎種または中間進化を希少配置,トーホクではベガ既存個体を保護。カントーでは高レベル個体・隠れ特性・タマゴ技探索を担当。,R3,DexNav連鎖20以上または地方研究ランク2で隠れ特性判定を解禁。通常草むらでは標準特性のみ。,通常種は両地方で捕獲可能。進化後の通常野生化は段階解禁。,FR原作系統を地域の顔として残し、通常表・時間帯表・DexNav・大量発生を使って新種を混在。
トーホク,VEGA_NATIVE,ベガ既存地点（出現表・配布・進化を変更しない）,ベガ既存条件,既存値,97,198,ヤミカラス,ヤミカラス → ドンカラス,ひこう／あく,通常生態,ベガ既存系統を完全保持,ベガ既存入手法,既存値,既存値,既存イベント・野生表・進化条件を原則維持。現代化で条件が壊れる場合のみ互換処理。,既存個体を保護。追加地域では基礎種または中間進化を希少配置,トーホクではベガ既存個体を保護。カントーでは高レベル個体・隠れ特性・タマゴ技探索を担当。,固定／既存,既存個体を変更しない。カントー側DexNavまたは特性パッチで隠れ特性を補完。,通常種は両地方で捕獲可能。,ベガ既存テーブル・固定イベント・配布・進化参照を変更しない。
カントー,K31,ポケモンタワー,認定章3～4,Lv.82～90,98,200,ムウマ,ムウマ → ムウマージ,ゴースト,通常生態,外来生態レイヤーへ追加,夜間オーバーレイ,Lv.82～90,夜間8～12%,ベガ初回殿堂入り後。認定章数でエリアと中間進化枠を段階解禁。,基礎種を通常配置。中間進化は高レベル地域のDexNav限定、最終進化は原則進化入手,トーホクは本編で使える低～中レベル基礎種、カントーは高レベル個体・中間進化・隠れ特性探索を担当。,R1,DexNav連鎖20以上または地方研究ランク2で隠れ特性判定を解禁。通常草むらでは標準特性のみ。,通常種は両地方で捕獲可能。進化後の通常野生化は段階解禁。,FR原作系統を地域の顔として残し、通常表・時間帯表・DexNav・大量発生を使って新種を混在。
トーホク,T033,ときのようかん,後半A,Lv.43～55／殿堂入り後Lv.60～75,98,200,ムウマ,ムウマ → ムウマージ,ゴースト,通常生態,外来生態レイヤーへ追加,夜間オーバーレイ,Lv.43～55／殿堂入り後Lv.60～75,追加抽選3～6%,本編必須フラグを変更せず、外来生態フラグ・時間帯・DexNav・大量発生で制御,基礎種を通常配置。中間進化は高レベル地域のDexNav限定、最終進化は原則進化入手,トーホクは本編で使える低～中レベル基礎種、カントーは高レベル個体・中間進化・隠れ特性探索を担当。,R1,DexNav連鎖20以上または地方研究ランク2で隠れ特性判定を解禁。通常草むらでは標準特性のみ。,通常種は両地方で捕獲可能。進化後の通常野生化は段階解禁。,ベガ既存の野生枠を上書きせず、条件付きオーバーレイ／DexNav／夜間・水上・釣り・大量発生の追加抽選へ登録。
カントー,K41,シルフカンパニー,認定章5～6,Lv.90～97（異常遭遇）,99,201,アンノーン,アンノーン,エスパー,通常生態,ベガ既存系統を完全保持,洞窟・屋内オーバーレイ,Lv.90～97（異常遭遇）,通常表8～15%,ベガ初回殿堂入り後。認定章数でエリアと中間進化枠を段階解禁。,既存個体を保護。追加地域では基礎種または中間進化を希少配置,トーホクではベガ既存個体を保護。カントーでは高レベル個体・隠れ特性・タマゴ技探索を担当。,R2,DexNav連鎖20以上または地方研究ランク2で隠れ特性判定を解禁。通常草むらでは標準特性のみ。,通常種は両地方で捕獲可能。進化後の通常野生化は段階解禁。,FR原作系統を地域の顔として残し、通常表・時間帯表・DexNav・大量発生を使って新種を混在。
トーホク,VEGA_NATIVE,ベガ既存地点（出現表・配布・進化を変更しない）,ベガ既存条件,既存値,99,201,アンノーン,アンノーン,エスパー,通常生態,ベガ既存系統を完全保持,ベガ既存入手法,既存値,既存値,既存イベント・野生表・進化条件を原則維持。現代化で条件が壊れる場合のみ互換処理。,既存個体を保護。追加地域では基礎種または中間進化を希少配置,トーホクではベガ既存個体を保護。カントーでは高レベル個体・隠れ特性・タマゴ技探索を担当。,固定／既存,既存個体を変更しない。カントー側DexNavまたは特性パッチで隠れ特性を補完。,通常種は両地方で捕獲可能。,ベガ既存テーブル・固定イベント・配布・進化参照を変更しない。
カントー,K14,14ばんどうろ,認定章4～5,Lv.84～89,101,203,キリンリキ,キリンリキ → リキキリン,ノーマル／エスパー,通常生態,既存系統の拡張,草むらオーバーレイ＋追加進化道具,Lv.84～89,通常表8～15%,ベガ初回殿堂入り後。認定章数でエリアと中間進化枠を段階解禁。,既存個体を保護。追加地域では基礎種または中間進化を希少配置,トーホクの既存個体を無駄にせず追加進化可能。カントーは進化道具と高レベル素材の供給地。,R4,DexNav連鎖20以上または地方研究ランク2で隠れ特性判定を解禁。通常草むらでは標準特性のみ。,通常種は両地方で捕獲可能。進化後の通常野生化は段階解禁。,FR原作系統を地域の顔として残し、通常表・時間帯表・DexNav・大量発生を使って新種を混在。
トーホク,T519,519ばんどうろ／すいどう,後半A,Lv.41～48,101,203,キリンリキ,キリンリキ → リキキリン,ノーマル／エスパー,通常生態,既存系統の拡張,既存個体から追加進化＋草むらオーバーレイ,Lv.41～48,基礎種は既存／進化道具・技条件,ベガ内の既存種を入口にし、未収録の前進化・分岐・追加進化だけを追加。重複する野生個体は作らない。,既存個体を保護。追加地域では基礎種または中間進化を希少配置,トーホクの既存個体を無駄にせず追加進化可能。カントーは進化道具と高レベル素材の供給地。,R4,DexNav連鎖20以上または地方研究ランク2で隠れ特性判定を解禁。通常草むらでは標準特性のみ。,通常種は両地方で捕獲可能。進化後の通常野生化は段階解禁。,ベガ既存の野生枠を上書きせず、条件付きオーバーレイ／DexNav／夜間・水上・釣り・大量発生の追加抽選へ登録。
カントー,K33,タマムシ温室,認定章4前後,Lv.82～90,102,204,クヌギダマ,クヌギダマ → フォレトス,むし／はがね,通常生態,ベガ既存系統を完全保持,ずつき／朝昼オーバーレイ,Lv.82～90,通常表8～15%,ベガ初回殿堂入り後。認定章数でエリアと中間進化枠を段階解禁。,既存個体を保護。追加地域では基礎種または中間進化を希少配置,トーホクではベガ既存個体を保護。カントーでは高レベル個体・隠れ特性・タマゴ技探索を担当。,R1,DexNav連鎖20以上または地方研究ランク2で隠れ特性判定を解禁。通常草むらでは標準特性のみ。,通常種は両地方で捕獲可能。進化後の通常野生化は段階解禁。,FR原作系統を地域の顔として残し、通常表・時間帯表・DexNav・大量発生を使って新種を混在。
トーホク,VEGA_NATIVE,ベガ既存地点（出現表・配布・進化を変更しない）,ベガ既存条件,既存値,102,204,クヌギダマ,クヌギダマ → フォレトス,むし／はがね,通常生態,ベガ既存系統を完全保持,ベガ既存入手法,既存値,既存値,既存イベント・野生表・進化条件を原則維持。現代化で条件が壊れる場合のみ互換処理。,既存個体を保護。追加地域では基礎種または中間進化を希少配置,トーホクではベガ既存個体を保護。カントーでは高レベル個体・隠れ特性・タマゴ技探索を担当。,固定／既存,既存個体を変更しない。カントー側DexNavまたは特性パッチで隠れ特性を補完。,通常種は両地方で捕獲可能。,ベガ既存テーブル・固定イベント・配布・進化参照を変更しない。
カントー,K30,イワヤマトンネル,認定章2～3,Lv.80～87,103,206,ノコッチ,ノコッチ → ノココッチ,ノーマル,通常生態,既存系統の拡張,洞窟・屋内オーバーレイ＋追加進化道具,Lv.80～87,通常表8～15%,ベガ初回殿堂入り後。認定章数でエリアと中間進化枠を段階解禁。,既存個体を保護。追加地域では基礎種または中間進化を希少配置,トーホクの既存個体を無駄にせず追加進化可能。カントーは進化道具と高レベル素材の供給地。,R3,DexNav連鎖20以上または地方研究ランク2で隠れ特性判定を解禁。通常草むらでは標準特性のみ。,通常種は両地方で捕獲可能。進化後の通常野生化は段階解禁。,FR原作系統を地域の顔として残し、通常表・時間帯表・DexNav・大量発生を使って新種を混在。
トーホク,T024,ちえのどうくつ,序盤A,Lv.6～9／殿堂入り後Lv.44～48,103,206,ノコッチ,ノコッチ → ノココッチ,ノーマル,通常生態,既存系統の拡張,既存個体から追加進化＋洞窟・屋内オーバーレイ,Lv.6～9／殿堂入り後Lv.44～48,基礎種は既存／進化道具・技条件,ベガ内の既存種を入口にし、未収録の前進化・分岐・追加進化だけを追加。重複する野生個体は作らない。,既存個体を保護。追加地域では基礎種または中間進化を希少配置,トーホクの既存個体を無駄にせず追加進化可能。カントーは進化道具と高レベル素材の供給地。,R3,DexNav連鎖20以上または地方研究ランク2で隠れ特性判定を解禁。通常草むらでは標準特性のみ。,通常種は両地方で捕獲可能。進化後の通常野生化は段階解禁。,ベガ既存の野生枠を上書きせず、条件付きオーバーレイ／DexNav／夜間・水上・釣り・大量発生の追加抽選へ登録。
カントー,K04,4ばんどうろ,認定章1前後,Lv.72～77,104,207,グライガー,グライガー → グライオン,ひこう／じめん,通常生態,外来生態レイヤーへ追加,草むらオーバーレイ,Lv.72～77,通常表8～15%,ベガ初回殿堂入り後。認定章数でエリアと中間進化枠を段階解禁。,基礎種を通常配置。中間進化は高レベル地域のDexNav限定、最終進化は原則進化入手,トーホクは本編で使える低～中レベル基礎種、カントーは高レベル個体・中間進化・隠れ特性探索を担当。,R4,DexNav連鎖20以上または地方研究ランク2で隠れ特性判定を解禁。通常草むらでは標準特性のみ。,通常種は両地方で捕獲可能。進化後の通常野生化は段階解禁。,FR原作系統を地域の顔として残し、通常表・時間帯表・DexNav・大量発生を使って新種を混在。
トーホク,T505,505ばんどうろ／すいどう,序盤B,Lv.10～14,104,207,グライガー,グライガー → グライオン,ひこう／じめん,通常生態,外来生態レイヤーへ追加,いわくだき／DexNav,Lv.10～14,通常0%／DexNav 2～5%,本編必須フラグを変更せず、外来生態フラグ・時間帯・DexNav・大量発生で制御,基礎種を通常配置。中間進化は高レベル地域のDexNav限定、最終進化は原則進化入手,トーホクは本編で使える低～中レベル基礎種、カントーは高レベル個体・中間進化・隠れ特性探索を担当。,R4,DexNav連鎖20以上または地方研究ランク2で隠れ特性判定を解禁。通常草むらでは標準特性のみ。,通常種は両地方で捕獲可能。進化後の通常野生化は段階解禁。,ベガ既存の野生枠を上書きせず、条件付きオーバーレイ／DexNav／夜間・水上・釣り・大量発生の追加抽選へ登録。
カントー,K33,タマムシ温室,認定章4前後,Lv.82～90,105,209,ブルー,ブルー → グランブル,フェアリー,通常生態,外来生態レイヤーへ追加,草むらオーバーレイ,Lv.82～90,通常表8～15%,ベガ初回殿堂入り後。認定章数でエリアと中間進化枠を段階解禁。,基礎種を通常配置。中間進化は高レベル地域のDexNav限定、最終進化は原則進化入手,トーホクは本編で使える低～中レベル基礎種、カントーは高レベル個体・中間進化・隠れ特性探索を担当。,R2,DexNav連鎖20以上または地方研究ランク2で隠れ特性判定を解禁。通常草むらでは標準特性のみ。,通常種は両地方で捕獲可能。進化後の通常野生化は段階解禁。,FR原作系統を地域の顔として残し、通常表・時間帯表・DexNav・大量発生を使って新種を混在。
トーホク,T517,517ばんどうろ／すいどう,後半A,Lv.38～45,105,209,ブルー,ブルー → グランブル,フェアリー,通常生態,外来生態レイヤーへ追加,草むらオーバーレイ,Lv.38～45,追加抽選3～6%,本編必須フラグを変更せず、外来生態フラグ・時間帯・DexNav・大量発生で制御,基礎種を通常配置。中間進化は高レベル地域のDexNav限定、最終進化は原則進化入手,トーホクは本編で使える低～中レベル基礎種、カントーは高レベル個体・中間進化・隠れ特性探索を担当。,R2,DexNav連鎖20以上または地方研究ランク2で隠れ特性判定を解禁。通常草むらでは標準特性のみ。,通常種は両地方で捕獲可能。進化後の通常野生化は段階解禁。,ベガ既存の野生枠を上書きせず、条件付きオーバーレイ／DexNav／夜間・水上・釣り・大量発生の追加抽選へ登録。
カントー,K15,15ばんどうろ,認定章4～5,Lv.85～90,106,211,ハリーセン,ハリーセン → ハリーマン,どく／みず／あく,通常生態,外来生態レイヤーへ追加,水上オーバーレイ,Lv.85～90,通常表10～20%,ベガ初回殿堂入り後。認定章数でエリアと中間進化枠を段階解禁。,基礎種を通常配置。中間進化は高レベル地域のDexNav限定、最終進化は原則進化入手,トーホクは本編で使える低～中レベル基礎種、カントーは高レベル個体・中間進化・隠れ特性探索を担当。,R4,DexNav連鎖20以上または地方研究ランク2で隠れ特性判定を解禁。通常草むらでは標準特性のみ。,通常種は両地方で捕獲可能。進化後の通常野生化は段階解禁。,FR原作系統を地域の顔として残し、通常表・時間帯表・DexNav・大量発生を使って新種を混在。
トーホク,T508,508ばんどうろ／すいどう,中盤A,Lv.19～25,106,211,ハリーセン,ハリーセン → ハリーマン,どく／みず／あく,通常生態,外来生態レイヤーへ追加,水上オーバーレイ,Lv.19～25,追加抽選4～8%,本編必須フラグを変更せず、外来生態フラグ・時間帯・DexNav・大量発生で制御,基礎種を通常配置。中間進化は高レベル地域のDexNav限定、最終進化は原則進化入手,トーホクは本編で使える低～中レベル基礎種、カントーは高レベル個体・中間進化・隠れ特性探索を担当。,R4,DexNav連鎖20以上または地方研究ランク2で隠れ特性判定を解禁。通常草むらでは標準特性のみ。,通常種は両地方で捕獲可能。進化後の通常野生化は段階解禁。,ベガ既存の野生枠を上書きせず、条件付きオーバーレイ／DexNav／夜間・水上・釣り・大量発生の追加抽選へ登録。
カントー,K03,3ばんどうろ,認定章1前後,Lv.71～75,107,213,ツボツボ,ツボツボ,いわ／むし,通常生態,ベガ既存系統を完全保持,草むらオーバーレイ,Lv.71～75,通常表8～15%,ベガ初回殿堂入り後。認定章数でエリアと中間進化枠を段階解禁。,既存個体を保護。追加地域では基礎種または中間進化を希少配置,トーホクではベガ既存個体を保護。カントーでは高レベル個体・隠れ特性・タマゴ技探索を担当。,R2,DexNav連鎖20以上または地方研究ランク2で隠れ特性判定を解禁。通常草むらでは標準特性のみ。,通常種は両地方で捕獲可能。進化後の通常野生化は段階解禁。,FR原作系統を地域の顔として残し、通常表・時間帯表・DexNav・大量発生を使って新種を混在。
トーホク,VEGA_NATIVE,ベガ既存地点（出現表・配布・進化を変更しない）,ベガ既存条件,既存値,107,213,ツボツボ,ツボツボ,いわ／むし,通常生態,ベガ既存系統を完全保持,ベガ既存入手法,既存値,既存値,既存イベント・野生表・進化条件を原則維持。現代化で条件が壊れる場合のみ互換処理。,既存個体を保護。追加地域では基礎種または中間進化を希少配置,トーホクではベガ既存個体を保護。カントーでは高レベル個体・隠れ特性・タマゴ技探索を担当。,固定／既存,既存個体を変更しない。カントー側DexNavまたは特性パッチで隠れ特性を補完。,通常種は両地方で捕獲可能。,ベガ既存テーブル・固定イベント・配布・進化参照を変更しない。
カントー,K02,2ばんどうろ,カントー序盤,Lv.69～73,108,214,ヘラクロス,ヘラクロス,かくとう／むし,通常生態,外来生態レイヤーへ追加,ずつき／朝昼オーバーレイ,Lv.69～73,通常表8～15%,ベガ初回殿堂入り後。認定章数でエリアと中間進化枠を段階解禁。,基礎種を通常配置。中間進化は高レベル地域のDexNav限定、最終進化は原則進化入手,トーホクは本編で使える低～中レベル基礎種、カントーは高レベル個体・中間進化・隠れ特性探索を担当。,R3,DexNav連鎖20以上または地方研究ランク2で隠れ特性判定を解禁。通常草むらでは標準特性のみ。,通常種は両地方で捕獲可能。進化後の通常野生化は段階解禁。,FR原作系統を地域の顔として残し、通常表・時間帯表・DexNav・大量発生を使って新種を混在。
トーホク,T505,505ばんどうろ／すいどう,序盤B,Lv.10～14,108,214,ヘラクロス,ヘラクロス,かくとう／むし,通常生態,外来生態レイヤーへ追加,草むらオーバーレイ,Lv.10～14,追加抽選3～6%,本編必須フラグを変更せず、外来生態フラグ・時間帯・DexNav・大量発生で制御,基礎種を通常配置。中間進化は高レベル地域のDexNav限定、最終進化は原則進化入手,トーホクは本編で使える低～中レベル基礎種、カントーは高レベル個体・中間進化・隠れ特性探索を担当。,R3,DexNav連鎖20以上または地方研究ランク2で隠れ特性判定を解禁。通常草むらでは標準特性のみ。,通常種は両地方で捕獲可能。進化後の通常野生化は段階解禁。,ベガ既存の野生枠を上書きせず、条件付きオーバーレイ／DexNav／夜間・水上・釣り・大量発生の追加抽選へ登録。
カントー,K38,ふたごじま,認定章5～6,Lv.88～96,109,215,ニューラ,ニューラ → マニューラ → オオニューラ,かくとう／どく／こおり／あく,通常生態,既存系統の拡張,洞窟・屋内オーバーレイ＋追加進化道具,Lv.88～96,通常表8～15%,ベガ初回殿堂入り後。認定章数でエリアと中間進化枠を段階解禁。,既存個体を保護。追加地域では基礎種または中間進化を希少配置,トーホクの既存個体を無駄にせず追加進化可能。カントーは進化道具と高レベル素材の供給地。,R4,DexNav連鎖20以上または地方研究ランク2で隠れ特性判定を解禁。通常草むらでは標準特性のみ。,通常種は両地方で捕獲可能。進化後の通常野生化は段階解禁。,FR原作系統を地域の顔として残し、通常表・時間帯表・DexNav・大量発生を使って新種を混在。
トーホク,T031,ユキユキやま,中盤C,Lv.36～46／殿堂入り後Lv.58～72,109,215,ニューラ,ニューラ → マニューラ → オオニューラ,かくとう／どく／こおり／あく,通常生態,既存系統の拡張,既存個体から追加進化＋洞窟・屋内オーバーレイ,Lv.36～46／殿堂入り後Lv.58～72,基礎種は既存／進化道具・技条件,ベガ内の既存種を入口にし、未収録の前進化・分岐・追加進化だけを追加。重複する野生個体は作らない。,既存個体を保護。追加地域では基礎種または中間進化を希少配置,トーホクの既存個体を無駄にせず追加進化可能。カントーは進化道具と高レベル素材の供給地。,R4,DexNav連鎖20以上または地方研究ランク2で隠れ特性判定を解禁。通常草むらでは標準特性のみ。,通常種は両地方で捕獲可能。進化後の通常野生化は段階解禁。,ベガ既存の野生枠を上書きせず、条件付きオーバーレイ／DexNav／夜間・水上・釣り・大量発生の追加抽選へ登録。
カントー,K04,4ばんどうろ,認定章1前後,Lv.72～77,110,216,ヒメグマ,ヒメグマ → リングマ → ガチグマ,ノーマル／じめん,通常生態,外来生態レイヤーへ追加,草むらオーバーレイ,Lv.72～77,通常表8～15%,ベガ初回殿堂入り後。認定章数でエリアと中間進化枠を段階解禁。,基礎種を通常配置。中間進化は高レベル地域のDexNav限定、最終進化は原則進化入手,トーホクは本編で使える低～中レベル基礎種、カントーは高レベル個体・中間進化・隠れ特性探索を担当。,R1,DexNav連鎖20以上または地方研究ランク2で隠れ特性判定を解禁。通常草むらでは標準特性のみ。,通常種は両地方で捕獲可能。進化後の通常野生化は段階解禁。,FR原作系統を地域の顔として残し、通常表・時間帯表・DexNav・大量発生を使って新種を混在。
トーホク,T501,501ばんどうろ／すいどう,序盤A,Lv.2～5,110,216,ヒメグマ,ヒメグマ → リングマ → ガチグマ,ノーマル／じめん,通常生態,外来生態レイヤーへ追加,草むらオーバーレイ,Lv.2～5,追加抽選3～6%,本編必須フラグを変更せず、外来生態フラグ・時間帯・DexNav・大量発生で制御,基礎種を通常配置。中間進化は高レベル地域のDexNav限定、最終進化は原則進化入手,トーホクは本編で使える低～中レベル基礎種、カントーは高レベル個体・中間進化・隠れ特性探索を担当。,R1,DexNav連鎖20以上または地方研究ランク2で隠れ特性判定を解禁。通常草むらでは標準特性のみ。,通常種は両地方で捕獲可能。進化後の通常野生化は段階解禁。,ベガ既存の野生枠を上書きせず、条件付きオーバーレイ／DexNav／夜間・水上・釣り・大量発生の追加抽選へ登録。
カントー,K21,21ばんどうろ,認定章6前後,Lv.89～94,111,218,マグマッグ,マグマッグ → マグカルゴ,いわ／ほのお,通常生態,外来生態レイヤーへ追加,草むらオーバーレイ,Lv.89～94,通常表8～15%,ベガ初回殿堂入り後。認定章数でエリアと中間進化枠を段階解禁。,基礎種を通常配置。中間進化は高レベル地域のDexNav限定、最終進化は原則進化入手,トーホクは本編で使える低～中レベル基礎種、カントーは高レベル個体・中間進化・隠れ特性探索を担当。,R3,DexNav連鎖20以上または地方研究ランク2で隠れ特性判定を解禁。通常草むらでは標準特性のみ。,通常種は両地方で捕獲可能。進化後の通常野生化は段階解禁。,FR原作系統を地域の顔として残し、通常表・時間帯表・DexNav・大量発生を使って新種を混在。
トーホク,T028,ひのしま,中盤B,Lv.30～40／殿堂入り後Lv.55～70,111,218,マグマッグ,マグマッグ → マグカルゴ,いわ／ほのお,通常生態,外来生態レイヤーへ追加,いわくだき／DexNav,Lv.30～40／殿堂入り後Lv.55～70,通常0%／DexNav 2～5%,本編必須フラグを変更せず、外来生態フラグ・時間帯・DexNav・大量発生で制御,基礎種を通常配置。中間進化は高レベル地域のDexNav限定、最終進化は原則進化入手,トーホクは本編で使える低～中レベル基礎種、カントーは高レベル個体・中間進化・隠れ特性探索を担当。,R3,DexNav連鎖20以上または地方研究ランク2で隠れ特性判定を解禁。通常草むらでは標準特性のみ。,通常種は両地方で捕獲可能。進化後の通常野生化は段階解禁。,ベガ既存の野生枠を上書きせず、条件付きオーバーレイ／DexNav／夜間・水上・釣り・大量発生の追加抽選へ登録。
カントー,K38,ふたごじま,認定章5～6,Lv.88～96,112,220,ウリムー,ウリムー → イノムー → マンムー,じめん／こおり,通常生態,ベガ既存系統を完全保持,洞窟・屋内オーバーレイ,Lv.88～96,通常表8～15%,ベガ初回殿堂入り後。認定章数でエリアと中間進化枠を段階解禁。,既存個体を保護。追加地域では基礎種または中間進化を希少配置,トーホクではベガ既存個体を保護。カントーでは高レベル個体・隠れ特性・タマゴ技探索を担当。,R1,DexNav連鎖20以上または地方研究ランク2で隠れ特性判定を解禁。通常草むらでは標準特性のみ。,通常種は両地方で捕獲可能。進化後の通常野生化は段階解禁。,FR原作系統を地域の顔として残し、通常表・時間帯表・DexNav・大量発生を使って新種を混在。
トーホク,VEGA_NATIVE,ベガ既存地点（出現表・配布・進化を変更しない）,ベガ既存条件,既存値,112,220,ウリムー,ウリムー → イノムー → マンムー,じめん／こおり,通常生態,ベガ既存系統を完全保持,ベガ既存入手法,既存値,既存値,既存イベント・野生表・進化条件を原則維持。現代化で条件が壊れる場合のみ互換処理。,既存個体を保護。追加地域では基礎種または中間進化を希少配置,トーホクではベガ既存個体を保護。カントーでは高レベル個体・隠れ特性・タマゴ技探索を担当。,固定／既存,既存個体を変更しない。カントー側DexNavまたは特性パッチで隠れ特性を補完。,通常種は両地方で捕獲可能。,ベガ既存テーブル・固定イベント・配布・進化参照を変更しない。
カントー,K21,21ばんどうろ,認定章6前後,Lv.89～94,113,222,サニーゴ,サニーゴ → サニゴーン,いわ／ゴースト／みず,通常生態,外来生態レイヤーへ追加,釣りオーバーレイ,Lv.89～94,通常表10～20%,ベガ初回殿堂入り後。認定章数でエリアと中間進化枠を段階解禁。,基礎種を通常配置。中間進化は高レベル地域のDexNav限定、最終進化は原則進化入手,トーホクは本編で使える低～中レベル基礎種、カントーは高レベル個体・中間進化・隠れ特性探索を担当。,R3,DexNav連鎖20以上または地方研究ランク2で隠れ特性判定を解禁。通常草むらでは標準特性のみ。,通常種は両地方で捕獲可能。進化後の通常野生化は段階解禁。,FR原作系統を地域の顔として残し、通常表・時間帯表・DexNav・大量発生を使って新種を混在。
トーホク,T509,509ばんどうろ／すいどう,中盤A,Lv.21～27,113,222,サニーゴ,サニーゴ → サニゴーン,いわ／ゴースト／みず,通常生態,外来生態レイヤーへ追加,釣りオーバーレイ,Lv.21～27,追加抽選6～10%,T-E04完了＋いいつりざお,基礎種を通常配置。中間進化は高レベル地域のDexNav限定、最終進化は原則進化入手,トーホクは本編で使える低～中レベル基礎種、カントーは高レベル個体・中間進化・隠れ特性探索を担当。,R3,DexNav連鎖20以上または地方研究ランク2で隠れ特性判定を解禁。通常草むらでは標準特性のみ。,通常種は両地方で捕獲可能。進化後の通常野生化は段階解禁。,ベガ既存の野生枠を上書きせず、条件付きオーバーレイ／DexNav／夜間・水上・釣り・大量発生の追加抽選へ登録。
カントー,K15,15ばんどうろ,認定章4～5,Lv.85～90,114,223,テッポウオ,テッポウオ → オクタン,みず,通常生態,ベガ既存系統を完全保持,水上オーバーレイ,Lv.85～90,通常表10～20%,ベガ初回殿堂入り後。認定章数でエリアと中間進化枠を段階解禁。,既存個体を保護。追加地域では基礎種または中間進化を希少配置,トーホクではベガ既存個体を保護。カントーでは高レベル個体・隠れ特性・タマゴ技探索を担当。,R4,DexNav連鎖20以上または地方研究ランク2で隠れ特性判定を解禁。通常草むらでは標準特性のみ。,通常種は両地方で捕獲可能。進化後の通常野生化は段階解禁。,FR原作系統を地域の顔として残し、通常表・時間帯表・DexNav・大量発生を使って新種を混在。
トーホク,VEGA_NATIVE,ベガ既存地点（出現表・配布・進化を変更しない）,ベガ既存条件,既存値,114,223,テッポウオ,テッポウオ → オクタン,みず,通常生態,ベガ既存系統を完全保持,ベガ既存入手法,既存値,既存値,既存イベント・野生表・進化条件を原則維持。現代化で条件が壊れる場合のみ互換処理。,既存個体を保護。追加地域では基礎種または中間進化を希少配置,トーホクではベガ既存個体を保護。カントーでは高レベル個体・隠れ特性・タマゴ技探索を担当。,固定／既存,既存個体を変更しない。カントー側DexNavまたは特性パッチで隠れ特性を補完。,通常種は両地方で捕獲可能。,ベガ既存テーブル・固定イベント・配布・進化参照を変更しない。
カントー,K20,20ばんどうろ,認定章5後,Lv.88～93,115,225,デリバード,デリバード,ひこう／こおり,通常生態,ベガ既存系統を完全保持,草むらオーバーレイ,Lv.88～93,通常表8～15%,ベガ初回殿堂入り後。認定章数でエリアと中間進化枠を段階解禁。,既存個体を保護。追加地域では基礎種または中間進化を希少配置,トーホクではベガ既存個体を保護。カントーでは高レベル個体・隠れ特性・タマゴ技探索を担当。,R2,DexNav連鎖20以上または地方研究ランク2で隠れ特性判定を解禁。通常草むらでは標準特性のみ。,通常種は両地方で捕獲可能。進化後の通常野生化は段階解禁。,FR原作系統を地域の顔として残し、通常表・時間帯表・DexNav・大量発生を使って新種を混在。
トーホク,VEGA_NATIVE,ベガ既存地点（出現表・配布・進化を変更しない）,ベガ既存条件,既存値,115,225,デリバード,デリバード,ひこう／こおり,通常生態,ベガ既存系統を完全保持,ベガ既存入手法,既存値,既存値,既存イベント・野生表・進化条件を原則維持。現代化で条件が壊れる場合のみ互換処理。,既存個体を保護。追加地域では基礎種または中間進化を希少配置,トーホクではベガ既存個体を保護。カントーでは高レベル個体・隠れ特性・タマゴ技探索を担当。,固定／既存,既存個体を変更しない。カントー側DexNavまたは特性パッチで隠れ特性を補完。,通常種は両地方で捕獲可能。,ベガ既存テーブル・固定イベント・配布・進化参照を変更しない。
カントー,K11,11ばんどうろ,認定章2～3,Lv.76～82,117,227,エアームド,エアームド,ひこう／はがね,通常生態,ベガ既存系統を完全保持,草むらオーバーレイ,Lv.76～82,通常表8～15%,ベガ初回殿堂入り後。認定章数でエリアと中間進化枠を段階解禁。,既存個体を保護。追加地域では基礎種または中間進化を希少配置,トーホクではベガ既存個体を保護。カントーでは高レベル個体・隠れ特性・タマゴ技探索を担当。,R4,DexNav連鎖20以上または地方研究ランク2で隠れ特性判定を解禁。通常草むらでは標準特性のみ。,通常種は両地方で捕獲可能。進化後の通常野生化は段階解禁。,FR原作系統を地域の顔として残し、通常表・時間帯表・DexNav・大量発生を使って新種を混在。
トーホク,VEGA_NATIVE,ベガ既存地点（出現表・配布・進化を変更しない）,ベガ既存条件,既存値,117,227,エアームド,エアームド,ひこう／はがね,通常生態,ベガ既存系統を完全保持,ベガ既存入手法,既存値,既存値,既存イベント・野生表・進化条件を原則維持。現代化で条件が壊れる場合のみ互換処理。,既存個体を保護。追加地域では基礎種または中間進化を希少配置,トーホクではベガ既存個体を保護。カントーでは高レベル個体・隠れ特性・タマゴ技探索を担当。,固定／既存,既存個体を変更しない。カントー側DexNavまたは特性パッチで隠れ特性を補完。,通常種は両地方で捕獲可能。,ベガ既存テーブル・固定イベント・配布・進化参照を変更しない。
カントー,K39,ポケモンやしき,認定章6～7,Lv.91～98,118,228,デルビル,デルビル → ヘルガー,ほのお／あく,通常生態,ベガ既存系統を完全保持,夜間オーバーレイ,Lv.91～98,夜間8～12%,ベガ初回殿堂入り後。認定章数でエリアと中間進化枠を段階解禁。,既存個体を保護。追加地域では基礎種または中間進化を希少配置,トーホクではベガ既存個体を保護。カントーでは高レベル個体・隠れ特性・タマゴ技探索を担当。,R1,DexNav連鎖20以上または地方研究ランク2で隠れ特性判定を解禁。通常草むらでは標準特性のみ。,通常種は両地方で捕獲可能。進化後の通常野生化は段階解禁。,FR原作系統を地域の顔として残し、通常表・時間帯表・DexNav・大量発生を使って新種を混在。
トーホク,VEGA_NATIVE,ベガ既存地点（出現表・配布・進化を変更しない）,ベガ既存条件,既存値,118,228,デルビル,デルビル → ヘルガー,ほのお／あく,通常生態,ベガ既存系統を完全保持,ベガ既存入手法,既存値,既存値,既存イベント・野生表・進化条件を原則維持。現代化で条件が壊れる場合のみ互換処理。,既存個体を保護。追加地域では基礎種または中間進化を希少配置,トーホクではベガ既存個体を保護。カントーでは高レベル個体・隠れ特性・タマゴ技探索を担当。,固定／既存,既存個体を変更しない。カントー側DexNavまたは特性パッチで隠れ特性を補完。,通常種は両地方で捕獲可能。,ベガ既存テーブル・固定イベント・配布・進化参照を変更しない。
カントー,K30,イワヤマトンネル,認定章2～3,Lv.80～87,119,231,ゴマゾウ,ゴマゾウ → ドンファン,じめん,通常生態,外来生態レイヤーへ追加,いわくだき／DexNav,Lv.80～87,通常0%／DexNav 2～5%,ベガ初回殿堂入り後。認定章数でエリアと中間進化枠を段階解禁。,基礎種を通常配置。中間進化は高レベル地域のDexNav限定、最終進化は原則進化入手,トーホクは本編で使える低～中レベル基礎種、カントーは高レベル個体・中間進化・隠れ特性探索を担当。,R4,DexNav連鎖20以上または地方研究ランク2で隠れ特性判定を解禁。通常草むらでは標準特性のみ。,通常種は両地方で捕獲可能。進化後の通常野生化は段階解禁。,FR原作系統を地域の顔として残し、通常表・時間帯表・DexNav・大量発生を使って新種を混在。
トーホク,T031,ユキユキやま,中盤C,Lv.36～46／殿堂入り後Lv.58～72,119,231,ゴマゾウ,ゴマゾウ → ドンファン,じめん,通常生態,外来生態レイヤーへ追加,いわくだき／DexNav,Lv.36～46／殿堂入り後Lv.58～72,通常0%／DexNav 2～5%,本編必須フラグを変更せず、外来生態フラグ・時間帯・DexNav・大量発生で制御,基礎種を通常配置。中間進化は高レベル地域のDexNav限定、最終進化は原則進化入手,トーホクは本編で使える低～中レベル基礎種、カントーは高レベル個体・中間進化・隠れ特性探索を担当。,R4,DexNav連鎖20以上または地方研究ランク2で隠れ特性判定を解禁。通常草むらでは標準特性のみ。,通常種は両地方で捕獲可能。進化後の通常野生化は段階解禁。,ベガ既存の野生枠を上書きせず、条件付きオーバーレイ／DexNav／夜間・水上・釣り・大量発生の追加抽選へ登録。
カントー,K16,16ばんどうろ,認定章4前後,Lv.81～86,120,234,オドシシ,オドシシ → アヤシシ,ノーマル／エスパー,通常生態,外来生態レイヤーへ追加,草むらオーバーレイ,Lv.81～86,通常表8～15%,ベガ初回殿堂入り後。認定章数でエリアと中間進化枠を段階解禁。,基礎種を通常配置。中間進化は高レベル地域のDexNav限定、最終進化は原則進化入手,トーホクは本編で使える低～中レベル基礎種、カントーは高レベル個体・中間進化・隠れ特性探索を担当。,R3,DexNav連鎖20以上または地方研究ランク2で隠れ特性判定を解禁。通常草むらでは標準特性のみ。,通常種は両地方で捕獲可能。進化後の通常野生化は段階解禁。,FR原作系統を地域の顔として残し、通常表・時間帯表・DexNav・大量発生を使って新種を混在。
トーホク,T506,506ばんどうろ／すいどう,序盤B,Lv.12～17,120,234,オドシシ,オドシシ → アヤシシ,ノーマル／エスパー,通常生態,外来生態レイヤーへ追加,草むらオーバーレイ,Lv.12～17,追加抽選3～6%,本編必須フラグを変更せず、外来生態フラグ・時間帯・DexNav・大量発生で制御,基礎種を通常配置。中間進化は高レベル地域のDexNav限定、最終進化は原則進化入手,トーホクは本編で使える低～中レベル基礎種、カントーは高レベル個体・中間進化・隠れ特性探索を担当。,R3,DexNav連鎖20以上または地方研究ランク2で隠れ特性判定を解禁。通常草むらでは標準特性のみ。,通常種は両地方で捕獲可能。進化後の通常野生化は段階解禁。,ベガ既存の野生枠を上書きせず、条件付きオーバーレイ／DexNav／夜間・水上・釣り・大量発生の追加抽選へ登録。
カントー,K18,18ばんどうろ,認定章4～5,Lv.84～90,121,235,ドーブル,ドーブル,ノーマル,通常生態,外来生態レイヤーへ追加,草むらオーバーレイ,Lv.84～90,通常表8～15%,ベガ初回殿堂入り後。認定章数でエリアと中間進化枠を段階解禁。,基礎種を通常配置。中間進化は高レベル地域のDexNav限定、最終進化は原則進化入手,トーホクは本編で使える低～中レベル基礎種、カントーは高レベル個体・中間進化・隠れ特性探索を担当。,R4,DexNav連鎖20以上または地方研究ランク2で隠れ特性判定を解禁。通常草むらでは標準特性のみ。,通常種は両地方で捕獲可能。進化後の通常野生化は段階解禁。,FR原作系統を地域の顔として残し、通常表・時間帯表・DexNav・大量発生を使って新種を混在。
トーホク,T506,506ばんどうろ／すいどう,序盤B,Lv.12～17,121,235,ドーブル,ドーブル,ノーマル,通常生態,外来生態レイヤーへ追加,草むらオーバーレイ,Lv.12～17,追加抽選3～6%,本編必須フラグを変更せず、外来生態フラグ・時間帯・DexNav・大量発生で制御,基礎種を通常配置。中間進化は高レベル地域のDexNav限定、最終進化は原則進化入手,トーホクは本編で使える低～中レベル基礎種、カントーは高レベル個体・中間進化・隠れ特性探索を担当。,R4,DexNav連鎖20以上または地方研究ランク2で隠れ特性判定を解禁。通常草むらでは標準特性のみ。,通常種は両地方で捕獲可能。進化後の通常野生化は段階解禁。,ベガ既存の野生枠を上書きせず、条件付きオーバーレイ／DexNav／夜間・水上・釣り・大量発生の追加抽選へ登録。
カントー,K10,10ばんどうろ,認定章2～3,Lv.78～84,47,236,バルキー,バルキー → サワムラー → エビワラー → カポエラー,かくとう,ベビィ含有,ベガ既存系統を完全保持,DexNav隠し枠／低確率タマゴ,Lv.78～84,通常0%／DexNav 2～5%,ベガ初回殿堂入り後。認定章数でエリアと中間進化枠を段階解禁。,既存個体を保護。追加地域では基礎種または中間進化を希少配置,トーホクではベガ既存個体を保護。カントーでは高レベル個体・隠れ特性・タマゴ技探索を担当。,R1,DexNav連鎖20以上または地方研究ランク2で隠れ特性判定を解禁。通常草むらでは標準特性のみ。,通常種は両地方で捕獲可能。進化後の通常野生化は段階解禁。,FR原作系統を地域の顔として残し、通常表・時間帯表・DexNav・大量発生を使って新種を混在。
トーホク,VEGA_NATIVE,ベガ既存地点（出現表・配布・進化を変更しない）,ベガ既存条件,既存値,47,236,バルキー,バルキー → サワムラー → エビワラー → カポエラー,かくとう,ベビィ含有,ベガ既存系統を完全保持,ベガ既存入手法,既存値,既存値,既存イベント・野生表・進化条件を原則維持。現代化で条件が壊れる場合のみ互換処理。,既存個体を保護。追加地域では基礎種または中間進化を希少配置,トーホクではベガ既存個体を保護。カントーでは高レベル個体・隠れ特性・タマゴ技探索を担当。,固定／既存,既存個体を変更しない。カントー側DexNavまたは特性パッチで隠れ特性を補完。,通常種は両地方で捕獲可能。,ベガ既存テーブル・固定イベント・配布・進化参照を変更しない。
カントー,K38,ふたごじま,認定章5～6,Lv.88～96,59,238,ムチュール,ムチュール → ルージュラ,エスパー／こおり,ベビィ含有,ベガ既存系統を完全保持,DexNav隠し枠／低確率タマゴ,Lv.88～96,通常0%／DexNav 2～5%,ベガ初回殿堂入り後。認定章数でエリアと中間進化枠を段階解禁。,既存個体を保護。追加地域では基礎種または中間進化を希少配置,トーホクではベガ既存個体を保護。カントーでは高レベル個体・隠れ特性・タマゴ技探索を担当。,R3,DexNav連鎖20以上または地方研究ランク2で隠れ特性判定を解禁。通常草むらでは標準特性のみ。,通常種は両地方で捕獲可能。進化後の通常野生化は段階解禁。,FR原作系統を地域の顔として残し、通常表・時間帯表・DexNav・大量発生を使って新種を混在。
トーホク,VEGA_NATIVE,ベガ既存地点（出現表・配布・進化を変更しない）,ベガ既存条件,既存値,59,238,ムチュール,ムチュール → ルージュラ,エスパー／こおり,ベビィ含有,ベガ既存系統を完全保持,ベガ既存入手法,既存値,既存値,既存イベント・野生表・進化条件を原則維持。現代化で条件が壊れる場合のみ互換処理。,既存個体を保護。追加地域では基礎種または中間進化を希少配置,トーホクではベガ既存個体を保護。カントーでは高レベル個体・隠れ特性・タマゴ技探索を担当。,固定／既存,既存個体を変更しない。カントー側DexNavまたは特性パッチで隠れ特性を補完。,通常種は両地方で捕獲可能。,ベガ既存テーブル・固定イベント・配布・進化参照を変更しない。
カントー,K40,むじんはつでんしょ,認定章2～6,Lv.82～94,60,239,エレキッド,エレキッド → エレブー → エレキブル,でんき,ベビィ含有,ベガ既存系統を完全保持,DexNav隠し枠／低確率タマゴ,Lv.82～94,通常0%／DexNav 2～5%,ベガ初回殿堂入り後。認定章数でエリアと中間進化枠を段階解禁。,既存個体を保護。追加地域では基礎種または中間進化を希少配置,トーホクではベガ既存個体を保護。カントーでは高レベル個体・隠れ特性・タマゴ技探索を担当。,R4,DexNav連鎖20以上または地方研究ランク2で隠れ特性判定を解禁。通常草むらでは標準特性のみ。,通常種は両地方で捕獲可能。進化後の通常野生化は段階解禁。,FR原作系統を地域の顔として残し、通常表・時間帯表・DexNav・大量発生を使って新種を混在。
トーホク,VEGA_NATIVE,ベガ既存地点（出現表・配布・進化を変更しない）,ベガ既存条件,既存値,60,239,エレキッド,エレキッド → エレブー → エレキブル,でんき,ベビィ含有,ベガ既存系統を完全保持,ベガ既存入手法,既存値,既存値,既存イベント・野生表・進化条件を原則維持。現代化で条件が壊れる場合のみ互換処理。,既存個体を保護。追加地域では基礎種または中間進化を希少配置,トーホクではベガ既存個体を保護。カントーでは高レベル個体・隠れ特性・タマゴ技探索を担当。,固定／既存,既存個体を変更しない。カントー側DexNavまたは特性パッチで隠れ特性を補完。,通常種は両地方で捕獲可能。,ベガ既存テーブル・固定イベント・配布・進化参照を変更しない。
カントー,K39,ポケモンやしき,認定章6～7,Lv.91～98,61,240,ブビィ,ブビィ → ブーバー → ブーバーン,ほのお,ベビィ含有,ベガ既存系統を完全保持,DexNav隠し枠／低確率タマゴ,Lv.91～98,通常0%／DexNav 2～5%,ベガ初回殿堂入り後。認定章数でエリアと中間進化枠を段階解禁。,既存個体を保護。追加地域では基礎種または中間進化を希少配置,トーホクではベガ既存個体を保護。カントーでは高レベル個体・隠れ特性・タマゴ技探索を担当。,R1,DexNav連鎖20以上または地方研究ランク2で隠れ特性判定を解禁。通常草むらでは標準特性のみ。,通常種は両地方で捕獲可能。進化後の通常野生化は段階解禁。,FR原作系統を地域の顔として残し、通常表・時間帯表・DexNav・大量発生を使って新種を混在。
トーホク,VEGA_NATIVE,ベガ既存地点（出現表・配布・進化を変更しない）,ベガ既存条件,既存値,61,240,ブビィ,ブビィ → ブーバー → ブーバーン,ほのお,ベビィ含有,ベガ既存系統を完全保持,ベガ既存入手法,既存値,既存値,既存イベント・野生表・進化条件を原則維持。現代化で条件が壊れる場合のみ互換処理。,既存個体を保護。追加地域では基礎種または中間進化を希少配置,トーホクではベガ既存個体を保護。カントーでは高レベル個体・隠れ特性・タマゴ技探索を担当。,固定／既存,既存個体を変更しない。カントー側DexNavまたは特性パッチで隠れ特性を補完。,通常種は両地方で捕獲可能。,ベガ既存テーブル・固定イベント・配布・進化参照を変更しない。
カントー,K05,5ばんどうろ,認定章2前後,Lv.74～79,122,241,ミルタンク,ミルタンク,ノーマル,通常生態,ベガ既存系統を完全保持,草むらオーバーレイ,Lv.74～79,通常表8～15%,ベガ初回殿堂入り後。認定章数でエリアと中間進化枠を段階解禁。,既存個体を保護。追加地域では基礎種または中間進化を希少配置,トーホクではベガ既存個体を保護。カントーでは高レベル個体・隠れ特性・タマゴ技探索を担当。,R2,DexNav連鎖20以上または地方研究ランク2で隠れ特性判定を解禁。通常草むらでは標準特性のみ。,通常種は両地方で捕獲可能。進化後の通常野生化は段階解禁。,FR原作系統を地域の顔として残し、通常表・時間帯表・DexNav・大量発生を使って新種を混在。
トーホク,VEGA_NATIVE,ベガ既存地点（出現表・配布・進化を変更しない）,ベガ既存条件,既存値,122,241,ミルタンク,ミルタンク,ノーマル,通常生態,ベガ既存系統を完全保持,ベガ既存入手法,既存値,既存値,既存イベント・野生表・進化条件を原則維持。現代化で条件が壊れる場合のみ互換処理。,既存個体を保護。追加地域では基礎種または中間進化を希少配置,トーホクではベガ既存個体を保護。カントーでは高レベル個体・隠れ特性・タマゴ技探索を担当。,固定／既存,既存個体を変更しない。カントー側DexNavまたは特性パッチで隠れ特性を補完。,通常種は両地方で捕獲可能。,ベガ既存テーブル・固定イベント・配布・進化参照を変更しない。
カントー,EVENT_K,カントー共鳴碑／研究記録,固定イベント／共鳴クエスト,イベント別,123,243,ライコウ,ライコウ,でんき,伝説,ベガ既存特殊個体を保持＋他地方共鳴,手掛かり／共鳴戦／専用素材,イベント別,重複捕獲なし,既存条件＋主地方の捕獲フラグ共有,固定シンボル／イベント専用。主捕獲地方でのみ捕獲し、副地方は手掛かり・共鳴戦・素材報酬。,主地方で1個体だけ捕獲し、副地方では手掛かり・共鳴戦・専用素材を扱う。捕獲済みフラグは両地方で共有し、重複個体を与えない。,イベント専用,固定個体の特性はイベント定義。隠れ特性は報酬・再戦・特性パッチで救済。,共有捕獲フラグで全地方1個体。撃破時のみ再出現、捕獲後は素材・再戦へ分岐。,野生通常表、DexNav通常検索、大量発生には登録しない。
トーホク,EVENT_T,ベガ既存地点,固定イベント／共鳴クエスト,Lv.70,123,243,ライコウ,ライコウ,でんき,伝説,ベガ既存特殊個体を保持＋他地方共鳴,ベガ既存入手法＋捕獲救済,Lv.70,原則1体・撃破時復活,既存条件,固定シンボル／イベント専用。主捕獲地方でのみ捕獲し、副地方は手掛かり・共鳴戦・素材報酬。,主地方で1個体だけ捕獲し、副地方では手掛かり・共鳴戦・専用素材を扱う。捕獲済みフラグは両地方で共有し、重複個体を与えない。,イベント専用,固定個体の特性はイベント定義。隠れ特性は報酬・再戦・特性パッチで救済。,共有捕獲フラグで全地方1個体。撃破時のみ再出現、捕獲後は素材・再戦へ分岐。,野生通常表、DexNav通常検索、大量発生には登録しない。
カントー,EVENT_K,カントー共鳴碑／研究記録,固定イベント／共鳴クエスト,イベント別,124,244,エンテイ,エンテイ,ほのお,伝説,ベガ既存特殊個体を保持＋他地方共鳴,手掛かり／共鳴戦／専用素材,イベント別,重複捕獲なし,既存条件＋主地方の捕獲フラグ共有,固定シンボル／イベント専用。主捕獲地方でのみ捕獲し、副地方は手掛かり・共鳴戦・素材報酬。,主地方で1個体だけ捕獲し、副地方では手掛かり・共鳴戦・専用素材を扱う。捕獲済みフラグは両地方で共有し、重複個体を与えない。,イベント専用,固定個体の特性はイベント定義。隠れ特性は報酬・再戦・特性パッチで救済。,共有捕獲フラグで全地方1個体。撃破時のみ再出現、捕獲後は素材・再戦へ分岐。,野生通常表、DexNav通常検索、大量発生には登録しない。
トーホク,EVENT_T,ベガ既存地点,固定イベント／共鳴クエスト,Lv.70,124,244,エンテイ,エンテイ,ほのお,伝説,ベガ既存特殊個体を保持＋他地方共鳴,ベガ既存入手法＋捕獲救済,Lv.70,原則1体・撃破時復活,既存条件,固定シンボル／イベント専用。主捕獲地方でのみ捕獲し、副地方は手掛かり・共鳴戦・素材報酬。,主地方で1個体だけ捕獲し、副地方では手掛かり・共鳴戦・専用素材を扱う。捕獲済みフラグは両地方で共有し、重複個体を与えない。,イベント専用,固定個体の特性はイベント定義。隠れ特性は報酬・再戦・特性パッチで救済。,共有捕獲フラグで全地方1個体。撃破時のみ再出現、捕獲後は素材・再戦へ分岐。,野生通常表、DexNav通常検索、大量発生には登録しない。
カントー,EVENT_K,カントー共鳴碑／研究記録,固定イベント／共鳴クエスト,イベント別,125,245,スイクン,スイクン,みず,伝説,ベガ既存特殊個体を保持＋他地方共鳴,手掛かり／共鳴戦／専用素材,イベント別,重複捕獲なし,既存条件＋主地方の捕獲フラグ共有,固定シンボル／イベント専用。主捕獲地方でのみ捕獲し、副地方は手掛かり・共鳴戦・素材報酬。,主地方で1個体だけ捕獲し、副地方では手掛かり・共鳴戦・専用素材を扱う。捕獲済みフラグは両地方で共有し、重複個体を与えない。,イベント専用,固定個体の特性はイベント定義。隠れ特性は報酬・再戦・特性パッチで救済。,共有捕獲フラグで全地方1個体。撃破時のみ再出現、捕獲後は素材・再戦へ分岐。,野生通常表、DexNav通常検索、大量発生には登録しない。
トーホク,EVENT_T,ベガ既存地点,固定イベント／共鳴クエスト,Lv.70,125,245,スイクン,スイクン,みず,伝説,ベガ既存特殊個体を保持＋他地方共鳴,ベガ既存入手法＋捕獲救済,Lv.70,原則1体・撃破時復活,既存条件,固定シンボル／イベント専用。主捕獲地方でのみ捕獲し、副地方は手掛かり・共鳴戦・素材報酬。,主地方で1個体だけ捕獲し、副地方では手掛かり・共鳴戦・専用素材を扱う。捕獲済みフラグは両地方で共有し、重複個体を与えない。,イベント専用,固定個体の特性はイベント定義。隠れ特性は報酬・再戦・特性パッチで救済。,共有捕獲フラグで全地方1個体。撃破時のみ再出現、捕獲後は素材・再戦へ分岐。,野生通常表、DexNav通常検索、大量発生には登録しない。
カントー,K42,チャンピオンロード,認定章8後,Lv.94～100,126,246,ヨーギラス,ヨーギラス → サナギラス → バンギラス,じめん／いわ／あく,600族,ベガ既存系統を完全保持,DexNav隠し枠,Lv.94～100,通常0%／DexNav 1～2%,ベガ初回殿堂入り後。認定章数でエリアと中間進化枠を段階解禁。,既存個体を保護。追加地域では基礎種または中間進化を希少配置,トーホクではベガ既存個体を保護。カントーでは高レベル個体・隠れ特性・タマゴ技探索を担当。,R3,DexNav連鎖20以上または地方研究ランク2で隠れ特性判定を解禁。通常草むらでは標準特性のみ。,通常種は両地方で捕獲可能。進化後の通常野生化は段階解禁。,FR原作系統を地域の顔として残し、通常表・時間帯表・DexNav・大量発生を使って新種を混在。
トーホク,VEGA_NATIVE,ベガ既存地点（出現表・配布・進化を変更しない）,ベガ既存条件,既存値,126,246,ヨーギラス,ヨーギラス → サナギラス → バンギラス,じめん／いわ／あく,600族,ベガ既存系統を完全保持,ベガ既存入手法,既存値,既存値,既存イベント・野生表・進化条件を原則維持。現代化で条件が壊れる場合のみ互換処理。,既存個体を保護。追加地域では基礎種または中間進化を希少配置,トーホクではベガ既存個体を保護。カントーでは高レベル個体・隠れ特性・タマゴ技探索を担当。,固定／既存,既存個体を変更しない。カントー側DexNavまたは特性パッチで隠れ特性を補完。,通常種は両地方で捕獲可能。,ベガ既存テーブル・固定イベント・配布・進化参照を変更しない。
カントー,EVENT_K,カントー共鳴碑／研究記録,固定イベント／共鳴クエスト,イベント別,127,249,ルギア,ルギア,ひこう／エスパー,伝説,ベガ既存特殊個体を保持＋他地方共鳴,手掛かり／共鳴戦／専用素材,イベント別,重複捕獲なし,既存条件＋主地方の捕獲フラグ共有,固定シンボル／イベント専用。主捕獲地方でのみ捕獲し、副地方は手掛かり・共鳴戦・素材報酬。,主地方で1個体だけ捕獲し、副地方では手掛かり・共鳴戦・専用素材を扱う。捕獲済みフラグは両地方で共有し、重複個体を与えない。,イベント専用,固定個体の特性はイベント定義。隠れ特性は報酬・再戦・特性パッチで救済。,共有捕獲フラグで全地方1個体。撃破時のみ再出現、捕獲後は素材・再戦へ分岐。,野生通常表、DexNav通常検索、大量発生には登録しない。
トーホク,EVENT_T,ベガ既存地点,固定イベント／共鳴クエスト,Lv.70,127,249,ルギア,ルギア,ひこう／エスパー,伝説,ベガ既存特殊個体を保持＋他地方共鳴,ベガ既存入手法＋捕獲救済,Lv.70,原則1体・撃破時復活,既存条件,固定シンボル／イベント専用。主捕獲地方でのみ捕獲し、副地方は手掛かり・共鳴戦・素材報酬。,主地方で1個体だけ捕獲し、副地方では手掛かり・共鳴戦・専用素材を扱う。捕獲済みフラグは両地方で共有し、重複個体を与えない。,イベント専用,固定個体の特性はイベント定義。隠れ特性は報酬・再戦・特性パッチで救済。,共有捕獲フラグで全地方1個体。撃破時のみ再出現、捕獲後は素材・再戦へ分岐。,野生通常表、DexNav通常検索、大量発生には登録しない。
カントー,EVENT_K,カントー共鳴碑／研究記録,固定イベント／共鳴クエスト,イベント別,128,250,ホウオウ,ホウオウ,ひこう／ほのお,伝説,ベガ既存特殊個体を保持＋他地方共鳴,手掛かり／共鳴戦／専用素材,イベント別,重複捕獲なし,既存条件＋主地方の捕獲フラグ共有,固定シンボル／イベント専用。主捕獲地方でのみ捕獲し、副地方は手掛かり・共鳴戦・素材報酬。,主地方で1個体だけ捕獲し、副地方では手掛かり・共鳴戦・専用素材を扱う。捕獲済みフラグは両地方で共有し、重複個体を与えない。,イベント専用,固定個体の特性はイベント定義。隠れ特性は報酬・再戦・特性パッチで救済。,共有捕獲フラグで全地方1個体。撃破時のみ再出現、捕獲後は素材・再戦へ分岐。,野生通常表、DexNav通常検索、大量発生には登録しない。
トーホク,EVENT_T,ベガ既存地点,固定イベント／共鳴クエスト,Lv.70,128,250,ホウオウ,ホウオウ,ひこう／ほのお,伝説,ベガ既存特殊個体を保持＋他地方共鳴,ベガ既存入手法＋捕獲救済,Lv.70,原則1体・撃破時復活,既存条件,固定シンボル／イベント専用。主捕獲地方でのみ捕獲し、副地方は手掛かり・共鳴戦・素材報酬。,主地方で1個体だけ捕獲し、副地方では手掛かり・共鳴戦・専用素材を扱う。捕獲済みフラグは両地方で共有し、重複個体を与えない。,イベント専用,固定個体の特性はイベント定義。隠れ特性は報酬・再戦・特性パッチで救済。,共有捕獲フラグで全地方1個体。撃破時のみ再出現、捕獲後は素材・再戦へ分岐。,野生通常表、DexNav通常検索、大量発生には登録しない。
カントー,EVENT_K,トキワのもり・古木,固定イベント／共鳴クエスト,イベント別,129,251,セレビィ,セレビィ,くさ／エスパー,幻,固定イベント追加,手掛かり／共鳴戦／専用素材,イベント別,重複捕獲なし,殿堂入り＋ときのかけら3個＋主地方の捕獲フラグ共有,固定シンボル／イベント専用。主捕獲地方でのみ捕獲し、副地方は手掛かり・共鳴戦・素材報酬。,主地方で1個体だけ捕獲し、副地方では手掛かり・共鳴戦・専用素材を扱う。捕獲済みフラグは両地方で共有し、重複個体を与えない。,イベント専用,固定個体の特性はイベント定義。隠れ特性は報酬・再戦・特性パッチで救済。,共有捕獲フラグで全地方1個体。撃破時のみ再出現、捕獲後は素材・再戦へ分岐。,野生通常表、DexNav通常検索、大量発生には登録しない。
トーホク,EVENT_T,ときのようかん中庭,固定イベント／共鳴クエスト,Lv.80,129,251,セレビィ,セレビィ,くさ／エスパー,幻,固定イベント追加,固定シンボル／専用クエスト,Lv.80,原則1体・撃破時復活,殿堂入り＋ときのかけら3個,固定シンボル／イベント専用。主捕獲地方でのみ捕獲し、副地方は手掛かり・共鳴戦・素材報酬。,主地方で1個体だけ捕獲し、副地方では手掛かり・共鳴戦・専用素材を扱う。捕獲済みフラグは両地方で共有し、重複個体を与えない。,イベント専用,固定個体の特性はイベント定義。隠れ特性は報酬・再戦・特性パッチで救済。,共有捕獲フラグで全地方1個体。撃破時のみ再出現、捕獲後は素材・再戦へ分岐。,野生通常表、DexNav通常検索、大量発生には登録しない。
カントー,K47,マサラタウン・オーキド研究所,カントー序盤,配布個体Lv.5／調整戦Lv.70,130,252,キモリ,キモリ → ジュプトル → ジュカイン,くさ,御三家,地方研究タマゴ追加,オーキド研究所の生態交換タマゴ,Lv.5,カントー認定章2個ごとに1系統、最終的に全系統反復可,ベガ初回殿堂入り後。認定章数でエリアと中間進化枠を段階解禁。,基礎種をタマゴ配布,御三家を野生化せず、両地方の研究所を巡る収集導線にする。,R1,DexNav連鎖20以上または地方研究ランク2で隠れ特性判定を解禁。通常草むらでは標準特性のみ。,通常種は両地方で捕獲可能。進化後の通常野生化は段階解禁。,FR原作系統を地域の顔として残し、通常表・時間帯表・DexNav・大量発生を使って新種を混在。
トーホク,T_LAB,ハクジタウン・ヒイラギ研究所,個別条件,Lv.5,130,252,キモリ,キモリ → ジュプトル → ジュカイン,くさ,御三家,地方研究タマゴ追加,地域別研究依頼の報酬タマゴ,Lv.5,研究チケット1枚／系統選択・反復可,各世代の生態サンプルを3件提出。選択式にせず、依頼再受注で全系統入手可能。,基礎種をタマゴ配布,御三家を野生化せず、両地方の研究所を巡る収集導線にする。,R1,DexNav連鎖20以上または地方研究ランク2で隠れ特性判定を解禁。通常草むらでは標準特性のみ。,通常種は両地方で捕獲可能。進化後の通常野生化は段階解禁。,ベガ既存の野生枠を上書きせず、条件付きオーバーレイ／DexNav／夜間・水上・釣り・大量発生の追加抽選へ登録。
カントー,K47,マサラタウン・オーキド研究所,カントー序盤,配布個体Lv.5／調整戦Lv.70,131,255,アチャモ,アチャモ → ワカシャモ → バシャーモ,かくとう／ほのお,御三家,地方研究タマゴ追加,オーキド研究所の生態交換タマゴ,Lv.5,カントー認定章2個ごとに1系統、最終的に全系統反復可,ベガ初回殿堂入り後。認定章数でエリアと中間進化枠を段階解禁。,基礎種をタマゴ配布,御三家を野生化せず、両地方の研究所を巡る収集導線にする。,R4,DexNav連鎖20以上または地方研究ランク2で隠れ特性判定を解禁。通常草むらでは標準特性のみ。,通常種は両地方で捕獲可能。進化後の通常野生化は段階解禁。,FR原作系統を地域の顔として残し、通常表・時間帯表・DexNav・大量発生を使って新種を混在。
トーホク,T_LAB,ハクジタウン・ヒイラギ研究所,個別条件,Lv.5,131,255,アチャモ,アチャモ → ワカシャモ → バシャーモ,かくとう／ほのお,御三家,地方研究タマゴ追加,地域別研究依頼の報酬タマゴ,Lv.5,研究チケット1枚／系統選択・反復可,各世代の生態サンプルを3件提出。選択式にせず、依頼再受注で全系統入手可能。,基礎種をタマゴ配布,御三家を野生化せず、両地方の研究所を巡る収集導線にする。,R4,DexNav連鎖20以上または地方研究ランク2で隠れ特性判定を解禁。通常草むらでは標準特性のみ。,通常種は両地方で捕獲可能。進化後の通常野生化は段階解禁。,ベガ既存の野生枠を上書きせず、条件付きオーバーレイ／DexNav／夜間・水上・釣り・大量発生の追加抽選へ登録。
カントー,K47,マサラタウン・オーキド研究所,カントー序盤,配布個体Lv.5／調整戦Lv.70,132,258,ミズゴロウ,ミズゴロウ → ヌマクロー → ラグラージ,じめん／みず,御三家,地方研究タマゴ追加,オーキド研究所の生態交換タマゴ,Lv.5,カントー認定章2個ごとに1系統、最終的に全系統反復可,ベガ初回殿堂入り後。認定章数でエリアと中間進化枠を段階解禁。,基礎種をタマゴ配布,御三家を野生化せず、両地方の研究所を巡る収集導線にする。,R3,DexNav連鎖20以上または地方研究ランク2で隠れ特性判定を解禁。通常草むらでは標準特性のみ。,通常種は両地方で捕獲可能。進化後の通常野生化は段階解禁。,FR原作系統を地域の顔として残し、通常表・時間帯表・DexNav・大量発生を使って新種を混在。
トーホク,T_LAB,ハクジタウン・ヒイラギ研究所,個別条件,Lv.5,132,258,ミズゴロウ,ミズゴロウ → ヌマクロー → ラグラージ,じめん／みず,御三家,地方研究タマゴ追加,地域別研究依頼の報酬タマゴ,Lv.5,研究チケット1枚／系統選択・反復可,各世代の生態サンプルを3件提出。選択式にせず、依頼再受注で全系統入手可能。,基礎種をタマゴ配布,御三家を野生化せず、両地方の研究所を巡る収集導線にする。,R3,DexNav連鎖20以上または地方研究ランク2で隠れ特性判定を解禁。通常草むらでは標準特性のみ。,通常種は両地方で捕獲可能。進化後の通常野生化は段階解禁。,ベガ既存の野生枠を上書きせず、条件付きオーバーレイ／DexNav／夜間・水上・釣り・大量発生の追加抽選へ登録。
カントー,K08,8ばんどうろ,認定章3前後,Lv.79～84,133,261,ポチエナ,ポチエナ → グラエナ,あく,通常生態,外来生態レイヤーへ追加,夜間オーバーレイ,Lv.79～84,夜間8～12%,ベガ初回殿堂入り後。認定章数でエリアと中間進化枠を段階解禁。,基礎種を通常配置。中間進化は高レベル地域のDexNav限定、最終進化は原則進化入手,トーホクは本編で使える低～中レベル基礎種、カントーは高レベル個体・中間進化・隠れ特性探索を担当。,R2,DexNav連鎖20以上または地方研究ランク2で隠れ特性判定を解禁。通常草むらでは標準特性のみ。,通常種は両地方で捕獲可能。進化後の通常野生化は段階解禁。,FR原作系統を地域の顔として残し、通常表・時間帯表・DexNav・大量発生を使って新種を混在。
トーホク,T035,D・Hだんアジト,後半A,Lv.44～57／殿堂入り後Lv.65～80,133,261,ポチエナ,ポチエナ → グラエナ,あく,通常生態,外来生態レイヤーへ追加,夜間オーバーレイ,Lv.44～57／殿堂入り後Lv.65～80,追加抽選3～6%,本編必須フラグを変更せず、外来生態フラグ・時間帯・DexNav・大量発生で制御,基礎種を通常配置。中間進化は高レベル地域のDexNav限定、最終進化は原則進化入手,トーホクは本編で使える低～中レベル基礎種、カントーは高レベル個体・中間進化・隠れ特性探索を担当。,R2,DexNav連鎖20以上または地方研究ランク2で隠れ特性判定を解禁。通常草むらでは標準特性のみ。,通常種は両地方で捕獲可能。進化後の通常野生化は段階解禁。,ベガ既存の野生枠を上書きせず、条件付きオーバーレイ／DexNav／夜間・水上・釣り・大量発生の追加抽選へ登録。
カントー,K16,16ばんどうろ,認定章4前後,Lv.81～86,134,263,ジグザグマ,ジグザグマ → マッスグマ → タチフサグマ,ノーマル／あく,通常生態,外来生態レイヤーへ追加,夜間オーバーレイ,Lv.81～86,夜間8～12%,ベガ初回殿堂入り後。認定章数でエリアと中間進化枠を段階解禁。,基礎種を通常配置。中間進化は高レベル地域のDexNav限定、最終進化は原則進化入手,トーホクは本編で使える低～中レベル基礎種、カントーは高レベル個体・中間進化・隠れ特性探索を担当。,R4,DexNav連鎖20以上または地方研究ランク2で隠れ特性判定を解禁。通常草むらでは標準特性のみ。,通常種は両地方で捕獲可能。進化後の通常野生化は段階解禁。,FR原作系統を地域の顔として残し、通常表・時間帯表・DexNav・大量発生を使って新種を混在。
トーホク,T506,506ばんどうろ／すいどう,序盤B,Lv.12～17,134,263,ジグザグマ,ジグザグマ → マッスグマ → タチフサグマ,ノーマル／あく,通常生態,外来生態レイヤーへ追加,夜間オーバーレイ,Lv.12～17,追加抽選3～6%,本編必須フラグを変更せず、外来生態フラグ・時間帯・DexNav・大量発生で制御,基礎種を通常配置。中間進化は高レベル地域のDexNav限定、最終進化は原則進化入手,トーホクは本編で使える低～中レベル基礎種、カントーは高レベル個体・中間進化・隠れ特性探索を担当。,R4,DexNav連鎖20以上または地方研究ランク2で隠れ特性判定を解禁。通常草むらでは標準特性のみ。,通常種は両地方で捕獲可能。進化後の通常野生化は段階解禁。,ベガ既存の野生枠を上書きせず、条件付きオーバーレイ／DexNav／夜間・水上・釣り・大量発生の追加抽選へ登録。
カントー,K24,24ばんどうろ,認定章1～2,Lv.74～79,135,265,ケムッソ,ケムッソ → カラサリス → マユルド → アゲハント → ドクケイル,ひこう／どく／むし,通常生態,外来生態レイヤーへ追加,草むらオーバーレイ,Lv.74～79,通常表8～15%,ベガ初回殿堂入り後。認定章数でエリアと中間進化枠を段階解禁。,基礎種を通常配置。中間進化は高レベル地域のDexNav限定、最終進化は原則進化入手,トーホクは本編で使える低～中レベル基礎種、カントーは高レベル個体・中間進化・隠れ特性探索を担当。,R2,DexNav連鎖20以上または地方研究ランク2で隠れ特性判定を解禁。通常草むらでは標準特性のみ。,通常種は両地方で捕獲可能。進化後の通常野生化は段階解禁。,FR原作系統を地域の顔として残し、通常表・時間帯表・DexNav・大量発生を使って新種を混在。
トーホク,T502,502ばんどうろ／すいどう,序盤A,Lv.3～6,135,265,ケムッソ,ケムッソ → カラサリス → マユルド → アゲハント → ドクケイル,ひこう／どく／むし,通常生態,外来生態レイヤーへ追加,ずつき／朝昼オーバーレイ,Lv.3～6,追加抽選3～6%,本編必須フラグを変更せず、外来生態フラグ・時間帯・DexNav・大量発生で制御,基礎種を通常配置。中間進化は高レベル地域のDexNav限定、最終進化は原則進化入手,トーホクは本編で使える低～中レベル基礎種、カントーは高レベル個体・中間進化・隠れ特性探索を担当。,R2,DexNav連鎖20以上または地方研究ランク2で隠れ特性判定を解禁。通常草むらでは標準特性のみ。,通常種は両地方で捕獲可能。進化後の通常野生化は段階解禁。,ベガ既存の野生枠を上書きせず、条件付きオーバーレイ／DexNav／夜間・水上・釣り・大量発生の追加抽選へ登録。
カントー,K15,15ばんどうろ,認定章4～5,Lv.85～90,136,270,ハスボー,ハスボー → ハスブレロ → ルンパッパ,みず／くさ,通常生態,外来生態レイヤーへ追加,水上オーバーレイ,Lv.85～90,通常表10～20%,ベガ初回殿堂入り後。認定章数でエリアと中間進化枠を段階解禁。,基礎種を通常配置。中間進化は高レベル地域のDexNav限定、最終進化は原則進化入手,トーホクは本編で使える低～中レベル基礎種、カントーは高レベル個体・中間進化・隠れ特性探索を担当。,R3,DexNav連鎖20以上または地方研究ランク2で隠れ特性判定を解禁。通常草むらでは標準特性のみ。,通常種は両地方で捕獲可能。進化後の通常野生化は段階解禁。,FR原作系統を地域の顔として残し、通常表・時間帯表・DexNav・大量発生を使って新種を混在。
トーホク,T508,508ばんどうろ／すいどう,中盤A,Lv.19～25,136,270,ハスボー,ハスボー → ハスブレロ → ルンパッパ,みず／くさ,通常生態,外来生態レイヤーへ追加,水上オーバーレイ,Lv.19～25,追加抽選4～8%,本編必須フラグを変更せず、外来生態フラグ・時間帯・DexNav・大量発生で制御,基礎種を通常配置。中間進化は高レベル地域のDexNav限定、最終進化は原則進化入手,トーホクは本編で使える低～中レベル基礎種、カントーは高レベル個体・中間進化・隠れ特性探索を担当。,R3,DexNav連鎖20以上または地方研究ランク2で隠れ特性判定を解禁。通常草むらでは標準特性のみ。,通常種は両地方で捕獲可能。進化後の通常野生化は段階解禁。,ベガ既存の野生枠を上書きせず、条件付きオーバーレイ／DexNav／夜間・水上・釣り・大量発生の追加抽選へ登録。
カントー,K26,トキワのもり,カントー序盤,Lv.70～76,137,273,タネボー,タネボー → コノハナ → ダーテング,くさ／あく,通常生態,外来生態レイヤーへ追加,夜間オーバーレイ,Lv.70～76,夜間8～12%,ベガ初回殿堂入り後。認定章数でエリアと中間進化枠を段階解禁。,基礎種を通常配置。中間進化は高レベル地域のDexNav限定、最終進化は原則進化入手,トーホクは本編で使える低～中レベル基礎種、カントーは高レベル個体・中間進化・隠れ特性探索を担当。,R2,DexNav連鎖20以上または地方研究ランク2で隠れ特性判定を解禁。通常草むらでは標準特性のみ。,通常種は両地方で捕獲可能。進化後の通常野生化は段階解禁。,FR原作系統を地域の顔として残し、通常表・時間帯表・DexNav・大量発生を使って新種を混在。
トーホク,T026,ハクジのもり,後半A,Lv.38～48／殿堂入り後Lv.50～65,137,273,タネボー,タネボー → コノハナ → ダーテング,くさ／あく,通常生態,外来生態レイヤーへ追加,夜間オーバーレイ,Lv.38～48／殿堂入り後Lv.50～65,追加抽選3～6%,本編必須フラグを変更せず、外来生態フラグ・時間帯・DexNav・大量発生で制御,基礎種を通常配置。中間進化は高レベル地域のDexNav限定、最終進化は原則進化入手,トーホクは本編で使える低～中レベル基礎種、カントーは高レベル個体・中間進化・隠れ特性探索を担当。,R2,DexNav連鎖20以上または地方研究ランク2で隠れ特性判定を解禁。通常草むらでは標準特性のみ。,通常種は両地方で捕獲可能。進化後の通常野生化は段階解禁。,ベガ既存の野生枠を上書きせず、条件付きオーバーレイ／DexNav／夜間・水上・釣り・大量発生の追加抽選へ登録。
カントー,K24,24ばんどうろ,認定章1～2,Lv.74～79,138,276,スバメ,スバメ → オオスバメ,ノーマル／ひこう,通常生態,ベガ既存系統を完全保持,草むらオーバーレイ,Lv.74～79,通常表8～15%,ベガ初回殿堂入り後。認定章数でエリアと中間進化枠を段階解禁。,既存個体を保護。追加地域では基礎種または中間進化を希少配置,トーホクではベガ既存個体を保護。カントーでは高レベル個体・隠れ特性・タマゴ技探索を担当。,R1,DexNav連鎖20以上または地方研究ランク2で隠れ特性判定を解禁。通常草むらでは標準特性のみ。,通常種は両地方で捕獲可能。進化後の通常野生化は段階解禁。,FR原作系統を地域の顔として残し、通常表・時間帯表・DexNav・大量発生を使って新種を混在。
トーホク,VEGA_NATIVE,ベガ既存地点（出現表・配布・進化を変更しない）,ベガ既存条件,既存値,138,276,スバメ,スバメ → オオスバメ,ノーマル／ひこう,通常生態,ベガ既存系統を完全保持,ベガ既存入手法,既存値,既存値,既存イベント・野生表・進化条件を原則維持。現代化で条件が壊れる場合のみ互換処理。,既存個体を保護。追加地域では基礎種または中間進化を希少配置,トーホクではベガ既存個体を保護。カントーでは高レベル個体・隠れ特性・タマゴ技探索を担当。,固定／既存,既存個体を変更しない。カントー側DexNavまたは特性パッチで隠れ特性を補完。,通常種は両地方で捕獲可能。,ベガ既存テーブル・固定イベント・配布・進化参照を変更しない。
カントー,K25,25ばんどうろ,認定章1～2,Lv.75～80,139,278,キャモメ,キャモメ → ペリッパー,ひこう／みず,通常生態,外来生態レイヤーへ追加,釣りオーバーレイ,Lv.75～80,通常表10～20%,ベガ初回殿堂入り後。認定章数でエリアと中間進化枠を段階解禁。,基礎種を通常配置。中間進化は高レベル地域のDexNav限定、最終進化は原則進化入手,トーホクは本編で使える低～中レベル基礎種、カントーは高レベル個体・中間進化・隠れ特性探索を担当。,R3,DexNav連鎖20以上または地方研究ランク2で隠れ特性判定を解禁。通常草むらでは標準特性のみ。,通常種は両地方で捕獲可能。進化後の通常野生化は段階解禁。,FR原作系統を地域の顔として残し、通常表・時間帯表・DexNav・大量発生を使って新種を混在。
トーホク,T507,507ばんどうろ／すいどう,中盤A,Lv.17～23,139,278,キャモメ,キャモメ → ペリッパー,ひこう／みず,通常生態,外来生態レイヤーへ追加,釣りオーバーレイ,Lv.17～23,追加抽選4～8%,本編必須フラグを変更せず、外来生態フラグ・時間帯・DexNav・大量発生で制御,基礎種を通常配置。中間進化は高レベル地域のDexNav限定、最終進化は原則進化入手,トーホクは本編で使える低～中レベル基礎種、カントーは高レベル個体・中間進化・隠れ特性探索を担当。,R3,DexNav連鎖20以上または地方研究ランク2で隠れ特性判定を解禁。通常草むらでは標準特性のみ。,通常種は両地方で捕獲可能。進化後の通常野生化は段階解禁。,ベガ既存の野生枠を上書きせず、条件付きオーバーレイ／DexNav／夜間・水上・釣り・大量発生の追加抽選へ登録。
カントー,K23,23ばんどうろ,認定章8後,Lv.92～98,140,280,ラルトス,ラルトス → キルリア → サーナイト → エルレイド,かくとう／エスパー／フェアリー,通常生態,ベガ既存系統を完全保持,草むらオーバーレイ,Lv.92～98,通常表8～15%,ベガ初回殿堂入り後。認定章数でエリアと中間進化枠を段階解禁。,既存個体を保護。追加地域では基礎種または中間進化を希少配置,トーホクではベガ既存個体を保護。カントーでは高レベル個体・隠れ特性・タマゴ技探索を担当。,R1,DexNav連鎖20以上または地方研究ランク2で隠れ特性判定を解禁。通常草むらでは標準特性のみ。,通常種は両地方で捕獲可能。進化後の通常野生化は段階解禁。,FR原作系統を地域の顔として残し、通常表・時間帯表・DexNav・大量発生を使って新種を混在。
トーホク,VEGA_NATIVE,ベガ既存地点（出現表・配布・進化を変更しない）,ベガ既存条件,既存値,140,280,ラルトス,ラルトス → キルリア → サーナイト → エルレイド,かくとう／エスパー／フェアリー,通常生態,ベガ既存系統を完全保持,ベガ既存入手法,既存値,既存値,既存イベント・野生表・進化条件を原則維持。現代化で条件が壊れる場合のみ互換処理。,既存個体を保護。追加地域では基礎種または中間進化を希少配置,トーホクではベガ既存個体を保護。カントーでは高レベル個体・隠れ特性・タマゴ技探索を担当。,固定／既存,既存個体を変更しない。カントー側DexNavまたは特性パッチで隠れ特性を補完。,通常種は両地方で捕獲可能。,ベガ既存テーブル・固定イベント・配布・進化参照を変更しない。
カントー,K15,15ばんどうろ,認定章4～5,Lv.85～90,141,283,アメタマ,アメタマ → アメモース,ひこう／むし／みず,通常生態,外来生態レイヤーへ追加,釣りオーバーレイ,Lv.85～90,通常表10～20%,ベガ初回殿堂入り後。認定章数でエリアと中間進化枠を段階解禁。,基礎種を通常配置。中間進化は高レベル地域のDexNav限定、最終進化は原則進化入手,トーホクは本編で使える低～中レベル基礎種、カントーは高レベル個体・中間進化・隠れ特性探索を担当。,R4,DexNav連鎖20以上または地方研究ランク2で隠れ特性判定を解禁。通常草むらでは標準特性のみ。,通常種は両地方で捕獲可能。進化後の通常野生化は段階解禁。,FR原作系統を地域の顔として残し、通常表・時間帯表・DexNav・大量発生を使って新種を混在。
トーホク,T508,508ばんどうろ／すいどう,中盤A,Lv.19～25,141,283,アメタマ,アメタマ → アメモース,ひこう／むし／みず,通常生態,外来生態レイヤーへ追加,釣りオーバーレイ,Lv.19～25,追加抽選4～8%,本編必須フラグを変更せず、外来生態フラグ・時間帯・DexNav・大量発生で制御,基礎種を通常配置。中間進化は高レベル地域のDexNav限定、最終進化は原則進化入手,トーホクは本編で使える低～中レベル基礎種、カントーは高レベル個体・中間進化・隠れ特性探索を担当。,R4,DexNav連鎖20以上または地方研究ランク2で隠れ特性判定を解禁。通常草むらでは標準特性のみ。,通常種は両地方で捕獲可能。進化後の通常野生化は段階解禁。,ベガ既存の野生枠を上書きせず、条件付きオーバーレイ／DexNav／夜間・水上・釣り・大量発生の追加抽選へ登録。
カントー,K02,2ばんどうろ,カントー序盤,Lv.69～73,142,285,キノココ,キノココ → キノガッサ,かくとう／くさ,通常生態,ベガ既存系統を完全保持,ずつき／朝昼オーバーレイ,Lv.69～73,通常表8～15%,ベガ初回殿堂入り後。認定章数でエリアと中間進化枠を段階解禁。,既存個体を保護。追加地域では基礎種または中間進化を希少配置,トーホクではベガ既存個体を保護。カントーでは高レベル個体・隠れ特性・タマゴ技探索を担当。,R2,DexNav連鎖20以上または地方研究ランク2で隠れ特性判定を解禁。通常草むらでは標準特性のみ。,通常種は両地方で捕獲可能。進化後の通常野生化は段階解禁。,FR原作系統を地域の顔として残し、通常表・時間帯表・DexNav・大量発生を使って新種を混在。
トーホク,VEGA_NATIVE,ベガ既存地点（出現表・配布・進化を変更しない）,ベガ既存条件,既存値,142,285,キノココ,キノココ → キノガッサ,かくとう／くさ,通常生態,ベガ既存系統を完全保持,ベガ既存入手法,既存値,既存値,既存イベント・野生表・進化条件を原則維持。現代化で条件が壊れる場合のみ互換処理。,既存個体を保護。追加地域では基礎種または中間進化を希少配置,トーホクではベガ既存個体を保護。カントーでは高レベル個体・隠れ特性・タマゴ技探索を担当。,固定／既存,既存個体を変更しない。カントー側DexNavまたは特性パッチで隠れ特性を補完。,通常種は両地方で捕獲可能。,ベガ既存テーブル・固定イベント・配布・進化参照を変更しない。
カントー,K18,18ばんどうろ,認定章4～5,Lv.84～90,143,287,ナマケロ,ナマケロ → ヤルキモノ → ケッキング,ノーマル,通常生態,外来生態レイヤーへ追加,草むらオーバーレイ,Lv.84～90,通常表8～15%,ベガ初回殿堂入り後。認定章数でエリアと中間進化枠を段階解禁。,基礎種を通常配置。中間進化は高レベル地域のDexNav限定、最終進化は原則進化入手,トーホクは本編で使える低～中レベル基礎種、カントーは高レベル個体・中間進化・隠れ特性探索を担当。,R4,DexNav連鎖20以上または地方研究ランク2で隠れ特性判定を解禁。通常草むらでは標準特性のみ。,通常種は両地方で捕獲可能。進化後の通常野生化は段階解禁。,FR原作系統を地域の顔として残し、通常表・時間帯表・DexNav・大量発生を使って新種を混在。
トーホク,T503,503ばんどうろ／すいどう,序盤A,Lv.5～9,143,287,ナマケロ,ナマケロ → ヤルキモノ → ケッキング,ノーマル,通常生態,外来生態レイヤーへ追加,草むらオーバーレイ,Lv.5～9,追加抽選3～6%,本編必須フラグを変更せず、外来生態フラグ・時間帯・DexNav・大量発生で制御,基礎種を通常配置。中間進化は高レベル地域のDexNav限定、最終進化は原則進化入手,トーホクは本編で使える低～中レベル基礎種、カントーは高レベル個体・中間進化・隠れ特性探索を担当。,R4,DexNav連鎖20以上または地方研究ランク2で隠れ特性判定を解禁。通常草むらでは標準特性のみ。,通常種は両地方で捕獲可能。進化後の通常野生化は段階解禁。,ベガ既存の野生枠を上書きせず、条件付きオーバーレイ／DexNav／夜間・水上・釣り・大量発生の追加抽選へ登録。
カントー,K03,3ばんどうろ,認定章1前後,Lv.71～75,144,290,ツチニン,ツチニン → テッカニン → ヌケニン,ひこう／じめん／むし／ゴースト,人工・無機物,ベガ既存系統を完全保持,夜間オーバーレイ,Lv.71～75,夜間8～12%,ベガ初回殿堂入り後。認定章数でエリアと中間進化枠を段階解禁。,既存個体を保護。追加地域では基礎種または中間進化を希少配置,トーホクではベガ既存個体を保護。カントーでは高レベル個体・隠れ特性・タマゴ技探索を担当。,R3,DexNav連鎖20以上または地方研究ランク2で隠れ特性判定を解禁。通常草むらでは標準特性のみ。,通常種は両地方で捕獲可能。進化後の通常野生化は段階解禁。,FR原作系統を地域の顔として残し、通常表・時間帯表・DexNav・大量発生を使って新種を混在。
トーホク,VEGA_NATIVE,ベガ既存地点（出現表・配布・進化を変更しない）,ベガ既存条件,既存値,144,290,ツチニン,ツチニン → テッカニン → ヌケニン,ひこう／じめん／むし／ゴースト,人工・無機物,ベガ既存系統を完全保持,ベガ既存入手法,既存値,既存値,既存イベント・野生表・進化条件を原則維持。現代化で条件が壊れる場合のみ互換処理。,既存個体を保護。追加地域では基礎種または中間進化を希少配置,トーホクではベガ既存個体を保護。カントーでは高レベル個体・隠れ特性・タマゴ技探索を担当。,固定／既存,既存個体を変更しない。カントー側DexNavまたは特性パッチで隠れ特性を補完。,通常種は両地方で捕獲可能。,ベガ既存テーブル・固定イベント・配布・進化参照を変更しない。
カントー,K05,5ばんどうろ,認定章2前後,Lv.74～79,145,293,ゴニョニョ,ゴニョニョ → ドゴーム → バクオング,ノーマル,通常生態,ベガ既存系統を完全保持,草むらオーバーレイ,Lv.74～79,通常表8～15%,ベガ初回殿堂入り後。認定章数でエリアと中間進化枠を段階解禁。,既存個体を保護。追加地域では基礎種または中間進化を希少配置,トーホクではベガ既存個体を保護。カントーでは高レベル個体・隠れ特性・タマゴ技探索を担当。,R2,DexNav連鎖20以上または地方研究ランク2で隠れ特性判定を解禁。通常草むらでは標準特性のみ。,通常種は両地方で捕獲可能。進化後の通常野生化は段階解禁。,FR原作系統を地域の顔として残し、通常表・時間帯表・DexNav・大量発生を使って新種を混在。
トーホク,VEGA_NATIVE,ベガ既存地点（出現表・配布・進化を変更しない）,ベガ既存条件,既存値,145,293,ゴニョニョ,ゴニョニョ → ドゴーム → バクオング,ノーマル,通常生態,ベガ既存系統を完全保持,ベガ既存入手法,既存値,既存値,既存イベント・野生表・進化条件を原則維持。現代化で条件が壊れる場合のみ互換処理。,既存個体を保護。追加地域では基礎種または中間進化を希少配置,トーホクではベガ既存個体を保護。カントーでは高レベル個体・隠れ特性・タマゴ技探索を担当。,固定／既存,既存個体を変更しない。カントー側DexNavまたは特性パッチで隠れ特性を補完。,通常種は両地方で捕獲可能。,ベガ既存テーブル・固定イベント・配布・進化参照を変更しない。
カントー,K42,チャンピオンロード,認定章8後,Lv.94～100,146,296,マクノシタ,マクノシタ → ハリテヤマ,かくとう,通常生態,外来生態レイヤーへ追加,洞窟・屋内オーバーレイ,Lv.94～100,通常表8～15%,ベガ初回殿堂入り後。認定章数でエリアと中間進化枠を段階解禁。,基礎種を通常配置。中間進化は高レベル地域のDexNav限定、最終進化は原則進化入手,トーホクは本編で使える低～中レベル基礎種、カントーは高レベル個体・中間進化・隠れ特性探索を担当。,R1,DexNav連鎖20以上または地方研究ランク2で隠れ特性判定を解禁。通常草むらでは標準特性のみ。,通常種は両地方で捕獲可能。進化後の通常野生化は段階解禁。,FR原作系統を地域の顔として残し、通常表・時間帯表・DexNav・大量発生を使って新種を混在。
トーホク,T514,514ばんどうろ／すいどう,中盤C,Lv.31～38,146,296,マクノシタ,マクノシタ → ハリテヤマ,かくとう,通常生態,外来生態レイヤーへ追加,草むらオーバーレイ,Lv.31～38,追加抽選3～6%,本編必須フラグを変更せず、外来生態フラグ・時間帯・DexNav・大量発生で制御,基礎種を通常配置。中間進化は高レベル地域のDexNav限定、最終進化は原則進化入手,トーホクは本編で使える低～中レベル基礎種、カントーは高レベル個体・中間進化・隠れ特性探索を担当。,R1,DexNav連鎖20以上または地方研究ランク2で隠れ特性判定を解禁。通常草むらでは標準特性のみ。,通常種は両地方で捕獲可能。進化後の通常野生化は段階解禁。,ベガ既存の野生枠を上書きせず、条件付きオーバーレイ／DexNav／夜間・水上・釣り・大量発生の追加抽選へ登録。
カントー,K15,15ばんどうろ,認定章4～5,Lv.85～90,90,298,ルリリ,ルリリ → マリル → マリルリ,ノーマル／みず／フェアリー,ベビィ含有,外来生態レイヤーへ追加,DexNav隠し枠／低確率タマゴ,Lv.85～90,通常0%／DexNav 2～5%,ベガ初回殿堂入り後。認定章数でエリアと中間進化枠を段階解禁。,ベビィはタマゴ／DexNav。通常草むらは非ベビィ基礎種,トーホクは本編で使える低～中レベル基礎種、カントーは高レベル個体・中間進化・隠れ特性探索を担当。,R3,DexNav連鎖20以上または地方研究ランク2で隠れ特性判定を解禁。通常草むらでは標準特性のみ。,通常種は両地方で捕獲可能。進化後の通常野生化は段階解禁。,FR原作系統を地域の顔として残し、通常表・時間帯表・DexNav・大量発生を使って新種を混在。
トーホク,T508,508ばんどうろ／すいどう,中盤A,Lv.19～25,90,298,ルリリ,ルリリ → マリル → マリルリ,ノーマル／みず／フェアリー,ベビィ含有,外来生態レイヤーへ追加,DexNav隠し枠／低確率タマゴ,Lv.19～25,通常0%／DexNav 2～5%,本編必須フラグを変更せず、外来生態フラグ・時間帯・DexNav・大量発生で制御,ベビィはタマゴ／DexNav。通常草むらは非ベビィ基礎種,トーホクは本編で使える低～中レベル基礎種、カントーは高レベル個体・中間進化・隠れ特性探索を担当。,R3,DexNav連鎖20以上または地方研究ランク2で隠れ特性判定を解禁。通常草むらでは標準特性のみ。,通常種は両地方で捕獲可能。進化後の通常野生化は段階解禁。,ベガ既存の野生枠を上書きせず、条件付きオーバーレイ／DexNav／夜間・水上・釣り・大量発生の追加抽選へ登録。
カントー,K30,イワヤマトンネル,認定章2～3,Lv.80～87,147,299,ノズパス,ノズパス → ダイノーズ,いわ／はがね,通常生態,外来生態レイヤーへ追加,いわくだき／DexNav,Lv.80～87,通常0%／DexNav 2～5%,ベガ初回殿堂入り後。認定章数でエリアと中間進化枠を段階解禁。,基礎種を通常配置。中間進化は高レベル地域のDexNav限定、最終進化は原則進化入手,トーホクは本編で使える低～中レベル基礎種、カントーは高レベル個体・中間進化・隠れ特性探索を担当。,R4,DexNav連鎖20以上または地方研究ランク2で隠れ特性判定を解禁。通常草むらでは標準特性のみ。,通常種は両地方で捕獲可能。進化後の通常野生化は段階解禁。,FR原作系統を地域の顔として残し、通常表・時間帯表・DexNav・大量発生を使って新種を混在。
トーホク,T031,ユキユキやま,中盤C,Lv.36～46／殿堂入り後Lv.58～72,147,299,ノズパス,ノズパス → ダイノーズ,いわ／はがね,通常生態,外来生態レイヤーへ追加,いわくだき／DexNav,Lv.36～46／殿堂入り後Lv.58～72,通常0%／DexNav 2～5%,本編必須フラグを変更せず、外来生態フラグ・時間帯・DexNav・大量発生で制御,基礎種を通常配置。中間進化は高レベル地域のDexNav限定、最終進化は原則進化入手,トーホクは本編で使える低～中レベル基礎種、カントーは高レベル個体・中間進化・隠れ特性探索を担当。,R4,DexNav連鎖20以上または地方研究ランク2で隠れ特性判定を解禁。通常草むらでは標準特性のみ。,通常種は両地方で捕獲可能。進化後の通常野生化は段階解禁。,ベガ既存の野生枠を上書きせず、条件付きオーバーレイ／DexNav／夜間・水上・釣り・大量発生の追加抽選へ登録。
カントー,K05,5ばんどうろ,認定章2前後,Lv.74～79,148,300,エネコ,エネコ → エネコロロ,ノーマル,通常生態,外来生態レイヤーへ追加,草むらオーバーレイ,Lv.74～79,通常表8～15%,ベガ初回殿堂入り後。認定章数でエリアと中間進化枠を段階解禁。,基礎種を通常配置。中間進化は高レベル地域のDexNav限定、最終進化は原則進化入手,トーホクは本編で使える低～中レベル基礎種、カントーは高レベル個体・中間進化・隠れ特性探索を担当。,R1,DexNav連鎖20以上または地方研究ランク2で隠れ特性判定を解禁。通常草むらでは標準特性のみ。,通常種は両地方で捕獲可能。進化後の通常野生化は段階解禁。,FR原作系統を地域の顔として残し、通常表・時間帯表・DexNav・大量発生を使って新種を混在。
トーホク,T501,501ばんどうろ／すいどう,序盤A,Lv.2～5,148,300,エネコ,エネコ → エネコロロ,ノーマル,通常生態,外来生態レイヤーへ追加,草むらオーバーレイ,Lv.2～5,追加抽選3～6%,本編必須フラグを変更せず、外来生態フラグ・時間帯・DexNav・大量発生で制御,基礎種を通常配置。中間進化は高レベル地域のDexNav限定、最終進化は原則進化入手,トーホクは本編で使える低～中レベル基礎種、カントーは高レベル個体・中間進化・隠れ特性探索を担当。,R1,DexNav連鎖20以上または地方研究ランク2で隠れ特性判定を解禁。通常草むらでは標準特性のみ。,通常種は両地方で捕獲可能。進化後の通常野生化は段階解禁。,ベガ既存の野生枠を上書きせず、条件付きオーバーレイ／DexNav／夜間・水上・釣り・大量発生の追加抽選へ登録。
カントー,K31,ポケモンタワー,認定章3～4,Lv.82～90,149,302,ヤミラミ,ヤミラミ,ゴースト／あく,通常生態,ベガ既存系統を完全保持,夜間オーバーレイ,Lv.82～90,夜間8～12%,ベガ初回殿堂入り後。認定章数でエリアと中間進化枠を段階解禁。,既存個体を保護。追加地域では基礎種または中間進化を希少配置,トーホクではベガ既存個体を保護。カントーでは高レベル個体・隠れ特性・タマゴ技探索を担当。,R3,DexNav連鎖20以上または地方研究ランク2で隠れ特性判定を解禁。通常草むらでは標準特性のみ。,通常種は両地方で捕獲可能。進化後の通常野生化は段階解禁。,FR原作系統を地域の顔として残し、通常表・時間帯表・DexNav・大量発生を使って新種を混在。
トーホク,VEGA_NATIVE,ベガ既存地点（出現表・配布・進化を変更しない）,ベガ既存条件,既存値,149,302,ヤミラミ,ヤミラミ,ゴースト／あく,通常生態,ベガ既存系統を完全保持,ベガ既存入手法,既存値,既存値,既存イベント・野生表・進化条件を原則維持。現代化で条件が壊れる場合のみ互換処理。,既存個体を保護。追加地域では基礎種または中間進化を希少配置,トーホクではベガ既存個体を保護。カントーでは高レベル個体・隠れ特性・タマゴ技探索を担当。,固定／既存,既存個体を変更しない。カントー側DexNavまたは特性パッチで隠れ特性を補完。,通常種は両地方で捕獲可能。,ベガ既存テーブル・固定イベント・配布・進化参照を変更しない。
カントー,K42,チャンピオンロード,認定章8後,Lv.94～100,150,303,クチート,クチート,はがね／フェアリー,通常生態,ベガ既存系統を完全保持,いわくだき／DexNav,Lv.94～100,通常0%／DexNav 2～5%,ベガ初回殿堂入り後。認定章数でエリアと中間進化枠を段階解禁。,既存個体を保護。追加地域では基礎種または中間進化を希少配置,トーホクではベガ既存個体を保護。カントーでは高レベル個体・隠れ特性・タマゴ技探索を担当。,R4,DexNav連鎖20以上または地方研究ランク2で隠れ特性判定を解禁。通常草むらでは標準特性のみ。,通常種は両地方で捕獲可能。進化後の通常野生化は段階解禁。,FR原作系統を地域の顔として残し、通常表・時間帯表・DexNav・大量発生を使って新種を混在。
トーホク,VEGA_NATIVE,ベガ既存地点（出現表・配布・進化を変更しない）,ベガ既存条件,既存値,150,303,クチート,クチート,はがね／フェアリー,通常生態,ベガ既存系統を完全保持,ベガ既存入手法,既存値,既存値,既存イベント・野生表・進化条件を原則維持。現代化で条件が壊れる場合のみ互換処理。,既存個体を保護。追加地域では基礎種または中間進化を希少配置,トーホクではベガ既存個体を保護。カントーでは高レベル個体・隠れ特性・タマゴ技探索を担当。,固定／既存,既存個体を変更しない。カントー側DexNavまたは特性パッチで隠れ特性を補完。,通常種は両地方で捕獲可能。,ベガ既存テーブル・固定イベント・配布・進化参照を変更しない。
カントー,K30,イワヤマトンネル,認定章2～3,Lv.80～87,151,304,ココドラ,ココドラ → コドラ → ボスゴドラ,いわ／はがね,通常生態,外来生態レイヤーへ追加,いわくだき／DexNav,Lv.80～87,通常0%／DexNav 2～5%,ベガ初回殿堂入り後。認定章数でエリアと中間進化枠を段階解禁。,基礎種を通常配置。中間進化は高レベル地域のDexNav限定、最終進化は原則進化入手,トーホクは本編で使える低～中レベル基礎種、カントーは高レベル個体・中間進化・隠れ特性探索を担当。,R1,DexNav連鎖20以上または地方研究ランク2で隠れ特性判定を解禁。通常草むらでは標準特性のみ。,通常種は両地方で捕獲可能。進化後の通常野生化は段階解禁。,FR原作系統を地域の顔として残し、通常表・時間帯表・DexNav・大量発生を使って新種を混在。
トーホク,T031,ユキユキやま,中盤C,Lv.36～46／殿堂入り後Lv.58～72,151,304,ココドラ,ココドラ → コドラ → ボスゴドラ,いわ／はがね,通常生態,外来生態レイヤーへ追加,いわくだき／DexNav,Lv.36～46／殿堂入り後Lv.58～72,通常0%／DexNav 2～5%,本編必須フラグを変更せず、外来生態フラグ・時間帯・DexNav・大量発生で制御,基礎種を通常配置。中間進化は高レベル地域のDexNav限定、最終進化は原則進化入手,トーホクは本編で使える低～中レベル基礎種、カントーは高レベル個体・中間進化・隠れ特性探索を担当。,R1,DexNav連鎖20以上または地方研究ランク2で隠れ特性判定を解禁。通常草むらでは標準特性のみ。,通常種は両地方で捕獲可能。進化後の通常野生化は段階解禁。,ベガ既存の野生枠を上書きせず、条件付きオーバーレイ／DexNav／夜間・水上・釣り・大量発生の追加抽選へ登録。
カントー,K23,23ばんどうろ,認定章8後,Lv.92～98,152,307,アサナン,アサナン → チャーレム,かくとう／エスパー,通常生態,外来生態レイヤーへ追加,草むらオーバーレイ,Lv.92～98,通常表8～15%,ベガ初回殿堂入り後。認定章数でエリアと中間進化枠を段階解禁。,基礎種を通常配置。中間進化は高レベル地域のDexNav限定、最終進化は原則進化入手,トーホクは本編で使える低～中レベル基礎種、カントーは高レベル個体・中間進化・隠れ特性探索を担当。,R4,DexNav連鎖20以上または地方研究ランク2で隠れ特性判定を解禁。通常草むらでは標準特性のみ。,通常種は両地方で捕獲可能。進化後の通常野生化は段階解禁。,FR原作系統を地域の顔として残し、通常表・時間帯表・DexNav・大量発生を使って新種を混在。
トーホク,T032,ダークタワー,後半A,Lv.44～54／殿堂入り後Lv.60～75,152,307,アサナン,アサナン → チャーレム,かくとう／エスパー,通常生態,外来生態レイヤーへ追加,洞窟・屋内オーバーレイ,Lv.44～54／殿堂入り後Lv.60～75,追加抽選3～6%,本編必須フラグを変更せず、外来生態フラグ・時間帯・DexNav・大量発生で制御,基礎種を通常配置。中間進化は高レベル地域のDexNav限定、最終進化は原則進化入手,トーホクは本編で使える低～中レベル基礎種、カントーは高レベル個体・中間進化・隠れ特性探索を担当。,R4,DexNav連鎖20以上または地方研究ランク2で隠れ特性判定を解禁。通常草むらでは標準特性のみ。,通常種は両地方で捕獲可能。進化後の通常野生化は段階解禁。,ベガ既存の野生枠を上書きせず、条件付きオーバーレイ／DexNav／夜間・水上・釣り・大量発生の追加抽選へ登録。
カントー,K10,10ばんどうろ,認定章2～3,Lv.78～84,153,309,ラクライ,ラクライ → ライボルト,でんき,通常生態,外来生態レイヤーへ追加,草むらオーバーレイ,Lv.78～84,通常表8～15%,ベガ初回殿堂入り後。認定章数でエリアと中間進化枠を段階解禁。,基礎種を通常配置。中間進化は高レベル地域のDexNav限定、最終進化は原則進化入手,トーホクは本編で使える低～中レベル基礎種、カントーは高レベル個体・中間進化・隠れ特性探索を担当。,R2,DexNav連鎖20以上または地方研究ランク2で隠れ特性判定を解禁。通常草むらでは標準特性のみ。,通常種は両地方で捕獲可能。進化後の通常野生化は段階解禁。,FR原作系統を地域の顔として残し、通常表・時間帯表・DexNav・大量発生を使って新種を混在。
トーホク,T029,かみなりのしま,中盤B,Lv.30～40／殿堂入り後Lv.55～70,153,309,ラクライ,ラクライ → ライボルト,でんき,通常生態,外来生態レイヤーへ追加,草むらオーバーレイ,Lv.30～40／殿堂入り後Lv.55～70,追加抽選3～6%,本編必須フラグを変更せず、外来生態フラグ・時間帯・DexNav・大量発生で制御,基礎種を通常配置。中間進化は高レベル地域のDexNav限定、最終進化は原則進化入手,トーホクは本編で使える低～中レベル基礎種、カントーは高レベル個体・中間進化・隠れ特性探索を担当。,R2,DexNav連鎖20以上または地方研究ランク2で隠れ特性判定を解禁。通常草むらでは標準特性のみ。,通常種は両地方で捕獲可能。進化後の通常野生化は段階解禁。,ベガ既存の野生枠を上書きせず、条件付きオーバーレイ／DexNav／夜間・水上・釣り・大量発生の追加抽選へ登録。
カントー,K10,10ばんどうろ,認定章2～3,Lv.78～84,154,311,プラスル,プラスル,でんき,通常生態,外来生態レイヤーへ追加,草むらオーバーレイ,Lv.78～84,通常表8～15%,ベガ初回殿堂入り後。認定章数でエリアと中間進化枠を段階解禁。,基礎種を通常配置。中間進化は高レベル地域のDexNav限定、最終進化は原則進化入手,トーホクは本編で使える低～中レベル基礎種、カントーは高レベル個体・中間進化・隠れ特性探索を担当。,R4,DexNav連鎖20以上または地方研究ランク2で隠れ特性判定を解禁。通常草むらでは標準特性のみ。,通常種は両地方で捕獲可能。進化後の通常野生化は段階解禁。,FR原作系統を地域の顔として残し、通常表・時間帯表・DexNav・大量発生を使って新種を混在。
トーホク,T029,かみなりのしま,中盤B,Lv.30～40／殿堂入り後Lv.55～70,154,311,プラスル,プラスル,でんき,通常生態,外来生態レイヤーへ追加,草むらオーバーレイ,Lv.30～40／殿堂入り後Lv.55～70,追加抽選3～6%,本編必須フラグを変更せず、外来生態フラグ・時間帯・DexNav・大量発生で制御,基礎種を通常配置。中間進化は高レベル地域のDexNav限定、最終進化は原則進化入手,トーホクは本編で使える低～中レベル基礎種、カントーは高レベル個体・中間進化・隠れ特性探索を担当。,R4,DexNav連鎖20以上または地方研究ランク2で隠れ特性判定を解禁。通常草むらでは標準特性のみ。,通常種は両地方で捕獲可能。進化後の通常野生化は段階解禁。,ベガ既存の野生枠を上書きせず、条件付きオーバーレイ／DexNav／夜間・水上・釣り・大量発生の追加抽選へ登録。
カントー,K40,むじんはつでんしょ,認定章2～6,Lv.82～94,155,312,マイナン,マイナン,でんき,通常生態,外来生態レイヤーへ追加,洞窟・屋内オーバーレイ,Lv.82～94,通常表8～15%,ベガ初回殿堂入り後。認定章数でエリアと中間進化枠を段階解禁。,基礎種を通常配置。中間進化は高レベル地域のDexNav限定、最終進化は原則進化入手,トーホクは本編で使える低～中レベル基礎種、カントーは高レベル個体・中間進化・隠れ特性探索を担当。,R1,DexNav連鎖20以上または地方研究ランク2で隠れ特性判定を解禁。通常草むらでは標準特性のみ。,通常種は両地方で捕獲可能。進化後の通常野生化は段階解禁。,FR原作系統を地域の顔として残し、通常表・時間帯表・DexNav・大量発生を使って新種を混在。
トーホク,T029,かみなりのしま,中盤B,Lv.30～40／殿堂入り後Lv.55～70,155,312,マイナン,マイナン,でんき,通常生態,外来生態レイヤーへ追加,草むらオーバーレイ,Lv.30～40／殿堂入り後Lv.55～70,追加抽選3～6%,本編必須フラグを変更せず、外来生態フラグ・時間帯・DexNav・大量発生で制御,基礎種を通常配置。中間進化は高レベル地域のDexNav限定、最終進化は原則進化入手,トーホクは本編で使える低～中レベル基礎種、カントーは高レベル個体・中間進化・隠れ特性探索を担当。,R1,DexNav連鎖20以上または地方研究ランク2で隠れ特性判定を解禁。通常草むらでは標準特性のみ。,通常種は両地方で捕獲可能。進化後の通常野生化は段階解禁。,ベガ既存の野生枠を上書きせず、条件付きオーバーレイ／DexNav／夜間・水上・釣り・大量発生の追加抽選へ登録。
カントー,K35,サファリゾーン東,認定章5前後,Lv.85～94,156,313,バルビート,バルビート,むし,通常生態,外来生態レイヤーへ追加,ずつき／朝昼オーバーレイ,Lv.85～94,通常表8～15%,ベガ初回殿堂入り後。認定章数でエリアと中間進化枠を段階解禁。,基礎種を通常配置。中間進化は高レベル地域のDexNav限定、最終進化は原則進化入手,トーホクは本編で使える低～中レベル基礎種、カントーは高レベル個体・中間進化・隠れ特性探索を担当。,R2,DexNav連鎖20以上または地方研究ランク2で隠れ特性判定を解禁。通常草むらでは標準特性のみ。,通常種は両地方で捕獲可能。進化後の通常野生化は段階解禁。,FR原作系統を地域の顔として残し、通常表・時間帯表・DexNav・大量発生を使って新種を混在。
トーホク,T036,サファリゾーン東,後半B,Lv.38～48／殿堂入り後Lv.55～70,156,313,バルビート,バルビート,むし,通常生態,外来生態レイヤーへ追加,ずつき／朝昼オーバーレイ,Lv.38～48／殿堂入り後Lv.55～70,追加抽選3～6%,本編必須フラグを変更せず、外来生態フラグ・時間帯・DexNav・大量発生で制御,基礎種を通常配置。中間進化は高レベル地域のDexNav限定、最終進化は原則進化入手,トーホクは本編で使える低～中レベル基礎種、カントーは高レベル個体・中間進化・隠れ特性探索を担当。,R2,DexNav連鎖20以上または地方研究ランク2で隠れ特性判定を解禁。通常草むらでは標準特性のみ。,通常種は両地方で捕獲可能。進化後の通常野生化は段階解禁。,ベガ既存の野生枠を上書きせず、条件付きオーバーレイ／DexNav／夜間・水上・釣り・大量発生の追加抽選へ登録。
カントー,K35,サファリゾーン東,認定章5前後,Lv.85～94,157,314,イルミーゼ,イルミーゼ,むし,通常生態,外来生態レイヤーへ追加,ずつき／朝昼オーバーレイ,Lv.85～94,通常表8～15%,ベガ初回殿堂入り後。認定章数でエリアと中間進化枠を段階解禁。,基礎種を通常配置。中間進化は高レベル地域のDexNav限定、最終進化は原則進化入手,トーホクは本編で使える低～中レベル基礎種、カントーは高レベル個体・中間進化・隠れ特性探索を担当。,R3,DexNav連鎖20以上または地方研究ランク2で隠れ特性判定を解禁。通常草むらでは標準特性のみ。,通常種は両地方で捕獲可能。進化後の通常野生化は段階解禁。,FR原作系統を地域の顔として残し、通常表・時間帯表・DexNav・大量発生を使って新種を混在。
トーホク,T036,サファリゾーン東,後半B,Lv.38～48／殿堂入り後Lv.55～70,157,314,イルミーゼ,イルミーゼ,むし,通常生態,外来生態レイヤーへ追加,ずつき／朝昼オーバーレイ,Lv.38～48／殿堂入り後Lv.55～70,追加抽選3～6%,本編必須フラグを変更せず、外来生態フラグ・時間帯・DexNav・大量発生で制御,基礎種を通常配置。中間進化は高レベル地域のDexNav限定、最終進化は原則進化入手,トーホクは本編で使える低～中レベル基礎種、カントーは高レベル個体・中間進化・隠れ特性探索を担当。,R3,DexNav連鎖20以上または地方研究ランク2で隠れ特性判定を解禁。通常草むらでは標準特性のみ。,通常種は両地方で捕獲可能。進化後の通常野生化は段階解禁。,ベガ既存の野生枠を上書きせず、条件付きオーバーレイ／DexNav／夜間・水上・釣り・大量発生の追加抽選へ登録。
カントー,K13,13ばんどうろ,認定章4前後,Lv.83～88,159,316,ゴクリン,ゴクリン → マルノーム,どく,通常生態,外来生態レイヤーへ追加,草むらオーバーレイ,Lv.83～88,通常表8～15%,ベガ初回殿堂入り後。認定章数でエリアと中間進化枠を段階解禁。,基礎種を通常配置。中間進化は高レベル地域のDexNav限定、最終進化は原則進化入手,トーホクは本編で使える低～中レベル基礎種、カントーは高レベル個体・中間進化・隠れ特性探索を担当。,R1,DexNav連鎖20以上または地方研究ランク2で隠れ特性判定を解禁。通常草むらでは標準特性のみ。,通常種は両地方で捕獲可能。進化後の通常野生化は段階解禁。,FR原作系統を地域の顔として残し、通常表・時間帯表・DexNav・大量発生を使って新種を混在。
トーホク,T027,かいていトンネル,中盤A,Lv.20～30,159,316,ゴクリン,ゴクリン → マルノーム,どく,通常生態,外来生態レイヤーへ追加,洞窟・屋内オーバーレイ,Lv.20～30,追加抽選3～6%,本編必須フラグを変更せず、外来生態フラグ・時間帯・DexNav・大量発生で制御,基礎種を通常配置。中間進化は高レベル地域のDexNav限定、最終進化は原則進化入手,トーホクは本編で使える低～中レベル基礎種、カントーは高レベル個体・中間進化・隠れ特性探索を担当。,R1,DexNav連鎖20以上または地方研究ランク2で隠れ特性判定を解禁。通常草むらでは標準特性のみ。,通常種は両地方で捕獲可能。進化後の通常野生化は段階解禁。,ベガ既存の野生枠を上書きせず、条件付きオーバーレイ／DexNav／夜間・水上・釣り・大量発生の追加抽選へ登録。
カントー,K12,12ばんどうろ,認定章4前後,Lv.82～87,160,318,キバニア,キバニア → サメハダー,みず／あく,通常生態,外来生態レイヤーへ追加,水上オーバーレイ,Lv.82～87,通常表10～20%,ベガ初回殿堂入り後。認定章数でエリアと中間進化枠を段階解禁。,基礎種を通常配置。中間進化は高レベル地域のDexNav限定、最終進化は原則進化入手,トーホクは本編で使える低～中レベル基礎種、カントーは高レベル個体・中間進化・隠れ特性探索を担当。,R3,DexNav連鎖20以上または地方研究ランク2で隠れ特性判定を解禁。通常草むらでは標準特性のみ。,通常種は両地方で捕獲可能。進化後の通常野生化は段階解禁。,FR原作系統を地域の顔として残し、通常表・時間帯表・DexNav・大量発生を使って新種を混在。
トーホク,T508,508ばんどうろ／すいどう,中盤A,Lv.19～25,160,318,キバニア,キバニア → サメハダー,みず／あく,通常生態,外来生態レイヤーへ追加,水上オーバーレイ,Lv.19～25,追加抽選4～8%,本編必須フラグを変更せず、外来生態フラグ・時間帯・DexNav・大量発生で制御,基礎種を通常配置。中間進化は高レベル地域のDexNav限定、最終進化は原則進化入手,トーホクは本編で使える低～中レベル基礎種、カントーは高レベル個体・中間進化・隠れ特性探索を担当。,R3,DexNav連鎖20以上または地方研究ランク2で隠れ特性判定を解禁。通常草むらでは標準特性のみ。,通常種は両地方で捕獲可能。進化後の通常野生化は段階解禁。,ベガ既存の野生枠を上書きせず、条件付きオーバーレイ／DexNav／夜間・水上・釣り・大量発生の追加抽選へ登録。
カントー,K13,13ばんどうろ,認定章4前後,Lv.83～88,161,320,ホエルコ,ホエルコ → ホエルオー,みず,通常生態,外来生態レイヤーへ追加,水上オーバーレイ,Lv.83～88,通常表10～20%,ベガ初回殿堂入り後。認定章数でエリアと中間進化枠を段階解禁。,基礎種を通常配置。中間進化は高レベル地域のDexNav限定、最終進化は原則進化入手,トーホクは本編で使える低～中レベル基礎種、カントーは高レベル個体・中間進化・隠れ特性探索を担当。,R1,DexNav連鎖20以上または地方研究ランク2で隠れ特性判定を解禁。通常草むらでは標準特性のみ。,通常種は両地方で捕獲可能。進化後の通常野生化は段階解禁。,FR原作系統を地域の顔として残し、通常表・時間帯表・DexNav・大量発生を使って新種を混在。
トーホク,T512,512ばんどうろ／すいどう,中盤B,Lv.27～33,161,320,ホエルコ,ホエルコ → ホエルオー,みず,通常生態,外来生態レイヤーへ追加,水上オーバーレイ,Lv.27～33,追加抽選4～8%,本編必須フラグを変更せず、外来生態フラグ・時間帯・DexNav・大量発生で制御,基礎種を通常配置。中間進化は高レベル地域のDexNav限定、最終進化は原則進化入手,トーホクは本編で使える低～中レベル基礎種、カントーは高レベル個体・中間進化・隠れ特性探索を担当。,R1,DexNav連鎖20以上または地方研究ランク2で隠れ特性判定を解禁。通常草むらでは標準特性のみ。,通常種は両地方で捕獲可能。進化後の通常野生化は段階解禁。,ベガ既存の野生枠を上書きせず、条件付きオーバーレイ／DexNav／夜間・水上・釣り・大量発生の追加抽選へ登録。
カントー,K21,21ばんどうろ,認定章6前後,Lv.89～94,162,322,ドンメル,ドンメル → バクーダ,じめん／ほのお,通常生態,外来生態レイヤーへ追加,草むらオーバーレイ,Lv.89～94,通常表8～15%,ベガ初回殿堂入り後。認定章数でエリアと中間進化枠を段階解禁。,基礎種を通常配置。中間進化は高レベル地域のDexNav限定、最終進化は原則進化入手,トーホクは本編で使える低～中レベル基礎種、カントーは高レベル個体・中間進化・隠れ特性探索を担当。,R3,DexNav連鎖20以上または地方研究ランク2で隠れ特性判定を解禁。通常草むらでは標準特性のみ。,通常種は両地方で捕獲可能。進化後の通常野生化は段階解禁。,FR原作系統を地域の顔として残し、通常表・時間帯表・DexNav・大量発生を使って新種を混在。
トーホク,T028,ひのしま,中盤B,Lv.30～40／殿堂入り後Lv.55～70,162,322,ドンメル,ドンメル → バクーダ,じめん／ほのお,通常生態,外来生態レイヤーへ追加,いわくだき／DexNav,Lv.30～40／殿堂入り後Lv.55～70,通常0%／DexNav 2～5%,本編必須フラグを変更せず、外来生態フラグ・時間帯・DexNav・大量発生で制御,基礎種を通常配置。中間進化は高レベル地域のDexNav限定、最終進化は原則進化入手,トーホクは本編で使える低～中レベル基礎種、カントーは高レベル個体・中間進化・隠れ特性探索を担当。,R3,DexNav連鎖20以上または地方研究ランク2で隠れ特性判定を解禁。通常草むらでは標準特性のみ。,通常種は両地方で捕獲可能。進化後の通常野生化は段階解禁。,ベガ既存の野生枠を上書きせず、条件付きオーバーレイ／DexNav／夜間・水上・釣り・大量発生の追加抽選へ登録。
カントー,K21,21ばんどうろ,認定章6前後,Lv.89～94,163,324,コータス,コータス,ほのお,通常生態,ベガ既存系統を完全保持,草むらオーバーレイ,Lv.89～94,通常表8～15%,ベガ初回殿堂入り後。認定章数でエリアと中間進化枠を段階解禁。,既存個体を保護。追加地域では基礎種または中間進化を希少配置,トーホクではベガ既存個体を保護。カントーでは高レベル個体・隠れ特性・タマゴ技探索を担当。,R1,DexNav連鎖20以上または地方研究ランク2で隠れ特性判定を解禁。通常草むらでは標準特性のみ。,通常種は両地方で捕獲可能。進化後の通常野生化は段階解禁。,FR原作系統を地域の顔として残し、通常表・時間帯表・DexNav・大量発生を使って新種を混在。
トーホク,VEGA_NATIVE,ベガ既存地点（出現表・配布・進化を変更しない）,ベガ既存条件,既存値,163,324,コータス,コータス,ほのお,通常生態,ベガ既存系統を完全保持,ベガ既存入手法,既存値,既存値,既存イベント・野生表・進化条件を原則維持。現代化で条件が壊れる場合のみ互換処理。,既存個体を保護。追加地域では基礎種または中間進化を希少配置,トーホクではベガ既存個体を保護。カントーでは高レベル個体・隠れ特性・タマゴ技探索を担当。,固定／既存,既存個体を変更しない。カントー側DexNavまたは特性パッチで隠れ特性を補完。,通常種は両地方で捕獲可能。,ベガ既存テーブル・固定イベント・配布・進化参照を変更しない。
カントー,K27,おつきみやま,認定章1前後,Lv.73～80,164,325,バネブー,バネブー → ブーピッグ,エスパー,通常生態,外来生態レイヤーへ追加,洞窟・屋内オーバーレイ,Lv.73～80,通常表8～15%,ベガ初回殿堂入り後。認定章数でエリアと中間進化枠を段階解禁。,基礎種を通常配置。中間進化は高レベル地域のDexNav限定、最終進化は原則進化入手,トーホクは本編で使える低～中レベル基礎種、カントーは高レベル個体・中間進化・隠れ特性探索を担当。,R2,DexNav連鎖20以上または地方研究ランク2で隠れ特性判定を解禁。通常草むらでは標準特性のみ。,通常種は両地方で捕獲可能。進化後の通常野生化は段階解禁。,FR原作系統を地域の顔として残し、通常表・時間帯表・DexNav・大量発生を使って新種を混在。
トーホク,T034,D・Hビル,後半A,Lv.42～55／殿堂入り後Lv.62～78,164,325,バネブー,バネブー → ブーピッグ,エスパー,通常生態,外来生態レイヤーへ追加,洞窟・屋内オーバーレイ,Lv.42～55／殿堂入り後Lv.62～78,追加抽選3～6%,本編必須フラグを変更せず、外来生態フラグ・時間帯・DexNav・大量発生で制御,基礎種を通常配置。中間進化は高レベル地域のDexNav限定、最終進化は原則進化入手,トーホクは本編で使える低～中レベル基礎種、カントーは高レベル個体・中間進化・隠れ特性探索を担当。,R2,DexNav連鎖20以上または地方研究ランク2で隠れ特性判定を解禁。通常草むらでは標準特性のみ。,通常種は両地方で捕獲可能。進化後の通常野生化は段階解禁。,ベガ既存の野生枠を上書きせず、条件付きオーバーレイ／DexNav／夜間・水上・釣り・大量発生の追加抽選へ登録。
カントー,K16,16ばんどうろ,認定章4前後,Lv.81～86,165,327,パッチール,パッチール,ノーマル,通常生態,ベガ既存系統を完全保持,草むらオーバーレイ,Lv.81～86,通常表8～15%,ベガ初回殿堂入り後。認定章数でエリアと中間進化枠を段階解禁。,既存個体を保護。追加地域では基礎種または中間進化を希少配置,トーホクではベガ既存個体を保護。カントーでは高レベル個体・隠れ特性・タマゴ技探索を担当。,R4,DexNav連鎖20以上または地方研究ランク2で隠れ特性判定を解禁。通常草むらでは標準特性のみ。,通常種は両地方で捕獲可能。進化後の通常野生化は段階解禁。,FR原作系統を地域の顔として残し、通常表・時間帯表・DexNav・大量発生を使って新種を混在。
トーホク,VEGA_NATIVE,ベガ既存地点（出現表・配布・進化を変更しない）,ベガ既存条件,既存値,165,327,パッチール,パッチール,ノーマル,通常生態,ベガ既存系統を完全保持,ベガ既存入手法,既存値,既存値,既存イベント・野生表・進化条件を原則維持。現代化で条件が壊れる場合のみ互換処理。,既存個体を保護。追加地域では基礎種または中間進化を希少配置,トーホクではベガ既存個体を保護。カントーでは高レベル個体・隠れ特性・タマゴ技探索を担当。,固定／既存,既存個体を変更しない。カントー側DexNavまたは特性パッチで隠れ特性を補完。,通常種は両地方で捕獲可能。,ベガ既存テーブル・固定イベント・配布・進化参照を変更しない。
カントー,K42,チャンピオンロード,認定章8後,Lv.94～100,166,328,ナックラー,ナックラー → ビブラーバ → フライゴン,じめん／ドラゴン,通常生態,外来生態レイヤーへ追加,いわくだき／DexNav,Lv.94～100,通常0%／DexNav 2～5%,ベガ初回殿堂入り後。認定章数でエリアと中間進化枠を段階解禁。,基礎種を通常配置。中間進化は高レベル地域のDexNav限定、最終進化は原則進化入手,トーホクは本編で使える低～中レベル基礎種、カントーは高レベル個体・中間進化・隠れ特性探索を担当。,R1,DexNav連鎖20以上または地方研究ランク2で隠れ特性判定を解禁。通常草むらでは標準特性のみ。,通常種は両地方で捕獲可能。進化後の通常野生化は段階解禁。,FR原作系統を地域の顔として残し、通常表・時間帯表・DexNav・大量発生を使って新種を混在。
トーホク,T028,ひのしま,中盤B,Lv.30～40／殿堂入り後Lv.55～70,166,328,ナックラー,ナックラー → ビブラーバ → フライゴン,じめん／ドラゴン,通常生態,外来生態レイヤーへ追加,いわくだき／DexNav,Lv.30～40／殿堂入り後Lv.55～70,通常0%／DexNav 2～5%,本編必須フラグを変更せず、外来生態フラグ・時間帯・DexNav・大量発生で制御,基礎種を通常配置。中間進化は高レベル地域のDexNav限定、最終進化は原則進化入手,トーホクは本編で使える低～中レベル基礎種、カントーは高レベル個体・中間進化・隠れ特性探索を担当。,R1,DexNav連鎖20以上または地方研究ランク2で隠れ特性判定を解禁。通常草むらでは標準特性のみ。,通常種は両地方で捕獲可能。進化後の通常野生化は段階解禁。,ベガ既存の野生枠を上書きせず、条件付きオーバーレイ／DexNav／夜間・水上・釣り・大量発生の追加抽選へ登録。
カントー,K02,2ばんどうろ,カントー序盤,Lv.69～73,167,331,サボネア,サボネア → ノクタス,くさ／あく,通常生態,ベガ既存系統を完全保持,夜間オーバーレイ,Lv.69～73,夜間8～12%,ベガ初回殿堂入り後。認定章数でエリアと中間進化枠を段階解禁。,既存個体を保護。追加地域では基礎種または中間進化を希少配置,トーホクではベガ既存個体を保護。カントーでは高レベル個体・隠れ特性・タマゴ技探索を担当。,R4,DexNav連鎖20以上または地方研究ランク2で隠れ特性判定を解禁。通常草むらでは標準特性のみ。,通常種は両地方で捕獲可能。進化後の通常野生化は段階解禁。,FR原作系統を地域の顔として残し、通常表・時間帯表・DexNav・大量発生を使って新種を混在。
トーホク,VEGA_NATIVE,ベガ既存地点（出現表・配布・進化を変更しない）,ベガ既存条件,既存値,167,331,サボネア,サボネア → ノクタス,くさ／あく,通常生態,ベガ既存系統を完全保持,ベガ既存入手法,既存値,既存値,既存イベント・野生表・進化条件を原則維持。現代化で条件が壊れる場合のみ互換処理。,既存個体を保護。追加地域では基礎種または中間進化を希少配置,トーホクではベガ既存個体を保護。カントーでは高レベル個体・隠れ特性・タマゴ技探索を担当。,固定／既存,既存個体を変更しない。カントー側DexNavまたは特性パッチで隠れ特性を補完。,通常種は両地方で捕獲可能。,ベガ既存テーブル・固定イベント・配布・進化参照を変更しない。
カントー,K11,11ばんどうろ,認定章2～3,Lv.76～82,168,333,チルット,チルット → チルタリス,ノーマル／ひこう／ドラゴン,通常生態,外来生態レイヤーへ追加,草むらオーバーレイ,Lv.76～82,通常表8～15%,ベガ初回殿堂入り後。認定章数でエリアと中間進化枠を段階解禁。,基礎種を通常配置。中間進化は高レベル地域のDexNav限定、最終進化は原則進化入手,トーホクは本編で使える低～中レベル基礎種、カントーは高レベル個体・中間進化・隠れ特性探索を担当。,R2,DexNav連鎖20以上または地方研究ランク2で隠れ特性判定を解禁。通常草むらでは標準特性のみ。,通常種は両地方で捕獲可能。進化後の通常野生化は段階解禁。,FR原作系統を地域の顔として残し、通常表・時間帯表・DexNav・大量発生を使って新種を混在。
トーホク,T501,501ばんどうろ／すいどう,序盤A,Lv.2～5,168,333,チルット,チルット → チルタリス,ノーマル／ひこう／ドラゴン,通常生態,外来生態レイヤーへ追加,大量発生,Lv.2～5,通常0%／発生中20～35%,本編必須フラグを変更せず、外来生態フラグ・時間帯・DexNav・大量発生で制御,基礎種を通常配置。中間進化は高レベル地域のDexNav限定、最終進化は原則進化入手,トーホクは本編で使える低～中レベル基礎種、カントーは高レベル個体・中間進化・隠れ特性探索を担当。,R2,DexNav連鎖20以上または地方研究ランク2で隠れ特性判定を解禁。通常草むらでは標準特性のみ。,通常種は両地方で捕獲可能。進化後の通常野生化は段階解禁。,ベガ既存の野生枠を上書きせず、条件付きオーバーレイ／DexNav／夜間・水上・釣り・大量発生の追加抽選へ登録。
カントー,K18,18ばんどうろ,認定章4～5,Lv.84～90,169,335,ザングース,ザングース,ノーマル,通常生態,外来生態レイヤーへ追加,草むらオーバーレイ,Lv.84～90,通常表8～15%,ベガ初回殿堂入り後。認定章数でエリアと中間進化枠を段階解禁。,基礎種を通常配置。中間進化は高レベル地域のDexNav限定、最終進化は原則進化入手,トーホクは本編で使える低～中レベル基礎種、カントーは高レベル個体・中間進化・隠れ特性探索を担当。,R4,DexNav連鎖20以上または地方研究ランク2で隠れ特性判定を解禁。通常草むらでは標準特性のみ。,通常種は両地方で捕獲可能。進化後の通常野生化は段階解禁。,FR原作系統を地域の顔として残し、通常表・時間帯表・DexNav・大量発生を使って新種を混在。
トーホク,T504,504ばんどうろ／すいどう,序盤B,Lv.9～13,169,335,ザングース,ザングース,ノーマル,通常生態,外来生態レイヤーへ追加,草むらオーバーレイ,Lv.9～13,追加抽選3～6%,本編必須フラグを変更せず、外来生態フラグ・時間帯・DexNav・大量発生で制御,基礎種を通常配置。中間進化は高レベル地域のDexNav限定、最終進化は原則進化入手,トーホクは本編で使える低～中レベル基礎種、カントーは高レベル個体・中間進化・隠れ特性探索を担当。,R4,DexNav連鎖20以上または地方研究ランク2で隠れ特性判定を解禁。通常草むらでは標準特性のみ。,通常種は両地方で捕獲可能。進化後の通常野生化は段階解禁。,ベガ既存の野生枠を上書きせず、条件付きオーバーレイ／DexNav／夜間・水上・釣り・大量発生の追加抽選へ登録。
カントー,K06,6ばんどうろ,認定章2前後,Lv.75～80,170,336,ハブネーク,ハブネーク,どく,通常生態,外来生態レイヤーへ追加,草むらオーバーレイ,Lv.75～80,通常表8～15%,ベガ初回殿堂入り後。認定章数でエリアと中間進化枠を段階解禁。,基礎種を通常配置。中間進化は高レベル地域のDexNav限定、最終進化は原則進化入手,トーホクは本編で使える低～中レベル基礎種、カントーは高レベル個体・中間進化・隠れ特性探索を担当。,R1,DexNav連鎖20以上または地方研究ランク2で隠れ特性判定を解禁。通常草むらでは標準特性のみ。,通常種は両地方で捕獲可能。進化後の通常野生化は段階解禁。,FR原作系統を地域の顔として残し、通常表・時間帯表・DexNav・大量発生を使って新種を混在。
トーホク,T520,520ばんどうろ／すいどう,後半A,Lv.42～49,170,336,ハブネーク,ハブネーク,どく,通常生態,外来生態レイヤーへ追加,大量発生,Lv.42～49,通常0%／発生中20～35%,本編必須フラグを変更せず、外来生態フラグ・時間帯・DexNav・大量発生で制御,基礎種を通常配置。中間進化は高レベル地域のDexNav限定、最終進化は原則進化入手,トーホクは本編で使える低～中レベル基礎種、カントーは高レベル個体・中間進化・隠れ特性探索を担当。,R1,DexNav連鎖20以上または地方研究ランク2で隠れ特性判定を解禁。通常草むらでは標準特性のみ。,通常種は両地方で捕獲可能。進化後の通常野生化は段階解禁。,ベガ既存の野生枠を上書きせず、条件付きオーバーレイ／DexNav／夜間・水上・釣り・大量発生の追加抽選へ登録。
カントー,K27,おつきみやま,認定章1前後,Lv.73～80,171,337,ルナトーン,ルナトーン,いわ／エスパー,人工・無機物,ベガ既存系統を完全保持,いわくだき／DexNav,Lv.73～80,通常0%／DexNav 2～5%,ベガ初回殿堂入り後。認定章数でエリアと中間進化枠を段階解禁。,既存個体を保護。追加地域では基礎種または中間進化を希少配置,トーホクではベガ既存個体を保護。カントーでは高レベル個体・隠れ特性・タマゴ技探索を担当。,R2,DexNav連鎖20以上または地方研究ランク2で隠れ特性判定を解禁。通常草むらでは標準特性のみ。,通常種は両地方で捕獲可能。進化後の通常野生化は段階解禁。,FR原作系統を地域の顔として残し、通常表・時間帯表・DexNav・大量発生を使って新種を混在。
トーホク,VEGA_NATIVE,ベガ既存地点（出現表・配布・進化を変更しない）,ベガ既存条件,既存値,171,337,ルナトーン,ルナトーン,いわ／エスパー,人工・無機物,ベガ既存系統を完全保持,ベガ既存入手法,既存値,既存値,既存イベント・野生表・進化条件を原則維持。現代化で条件が壊れる場合のみ互換処理。,既存個体を保護。追加地域では基礎種または中間進化を希少配置,トーホクではベガ既存個体を保護。カントーでは高レベル個体・隠れ特性・タマゴ技探索を担当。,固定／既存,既存個体を変更しない。カントー側DexNavまたは特性パッチで隠れ特性を補完。,通常種は両地方で捕獲可能。,ベガ既存テーブル・固定イベント・配布・進化参照を変更しない。
カントー,K27,おつきみやま,認定章1前後,Lv.73～80,172,338,ソルロック,ソルロック,いわ／エスパー,人工・無機物,ベガ既存系統を完全保持,いわくだき／DexNav,Lv.73～80,通常0%／DexNav 2～5%,ベガ初回殿堂入り後。認定章数でエリアと中間進化枠を段階解禁。,既存個体を保護。追加地域では基礎種または中間進化を希少配置,トーホクではベガ既存個体を保護。カントーでは高レベル個体・隠れ特性・タマゴ技探索を担当。,R3,DexNav連鎖20以上または地方研究ランク2で隠れ特性判定を解禁。通常草むらでは標準特性のみ。,通常種は両地方で捕獲可能。進化後の通常野生化は段階解禁。,FR原作系統を地域の顔として残し、通常表・時間帯表・DexNav・大量発生を使って新種を混在。
トーホク,VEGA_NATIVE,ベガ既存地点（出現表・配布・進化を変更しない）,ベガ既存条件,既存値,172,338,ソルロック,ソルロック,いわ／エスパー,人工・無機物,ベガ既存系統を完全保持,ベガ既存入手法,既存値,既存値,既存イベント・野生表・進化条件を原則維持。現代化で条件が壊れる場合のみ互換処理。,既存個体を保護。追加地域では基礎種または中間進化を希少配置,トーホクではベガ既存個体を保護。カントーでは高レベル個体・隠れ特性・タマゴ技探索を担当。,固定／既存,既存個体を変更しない。カントー側DexNavまたは特性パッチで隠れ特性を補完。,通常種は両地方で捕獲可能。,ベガ既存テーブル・固定イベント・配布・進化参照を変更しない。
カントー,K21,21ばんどうろ,認定章6前後,Lv.89～94,173,339,ドジョッチ,ドジョッチ → ナマズン,じめん／みず,通常生態,外来生態レイヤーへ追加,釣りオーバーレイ,Lv.89～94,通常表10～20%,ベガ初回殿堂入り後。認定章数でエリアと中間進化枠を段階解禁。,基礎種を通常配置。中間進化は高レベル地域のDexNav限定、最終進化は原則進化入手,トーホクは本編で使える低～中レベル基礎種、カントーは高レベル個体・中間進化・隠れ特性探索を担当。,R4,DexNav連鎖20以上または地方研究ランク2で隠れ特性判定を解禁。通常草むらでは標準特性のみ。,通常種は両地方で捕獲可能。進化後の通常野生化は段階解禁。,FR原作系統を地域の顔として残し、通常表・時間帯表・DexNav・大量発生を使って新種を混在。
トーホク,T512,512ばんどうろ／すいどう,中盤B,Lv.27～33,173,339,ドジョッチ,ドジョッチ → ナマズン,じめん／みず,通常生態,外来生態レイヤーへ追加,釣りオーバーレイ,Lv.27～33,追加抽選4～8%,本編必須フラグを変更せず、外来生態フラグ・時間帯・DexNav・大量発生で制御,基礎種を通常配置。中間進化は高レベル地域のDexNav限定、最終進化は原則進化入手,トーホクは本編で使える低～中レベル基礎種、カントーは高レベル個体・中間進化・隠れ特性探索を担当。,R4,DexNav連鎖20以上または地方研究ランク2で隠れ特性判定を解禁。通常草むらでは標準特性のみ。,通常種は両地方で捕獲可能。進化後の通常野生化は段階解禁。,ベガ既存の野生枠を上書きせず、条件付きオーバーレイ／DexNav／夜間・水上・釣り・大量発生の追加抽選へ登録。
カントー,K12,12ばんどうろ,認定章4前後,Lv.82～87,174,341,ヘイガニ,ヘイガニ → シザリガー,みず／あく,通常生態,外来生態レイヤーへ追加,釣りオーバーレイ,Lv.82～87,通常表10～20%,ベガ初回殿堂入り後。認定章数でエリアと中間進化枠を段階解禁。,基礎種を通常配置。中間進化は高レベル地域のDexNav限定、最終進化は原則進化入手,トーホクは本編で使える低～中レベル基礎種、カントーは高レベル個体・中間進化・隠れ特性探索を担当。,R2,DexNav連鎖20以上または地方研究ランク2で隠れ特性判定を解禁。通常草むらでは標準特性のみ。,通常種は両地方で捕獲可能。進化後の通常野生化は段階解禁。,FR原作系統を地域の顔として残し、通常表・時間帯表・DexNav・大量発生を使って新種を混在。
トーホク,T508,508ばんどうろ／すいどう,中盤A,Lv.19～25,174,341,ヘイガニ,ヘイガニ → シザリガー,みず／あく,通常生態,外来生態レイヤーへ追加,釣りオーバーレイ,Lv.19～25,追加抽選4～8%,本編必須フラグを変更せず、外来生態フラグ・時間帯・DexNav・大量発生で制御,基礎種を通常配置。中間進化は高レベル地域のDexNav限定、最終進化は原則進化入手,トーホクは本編で使える低～中レベル基礎種、カントーは高レベル個体・中間進化・隠れ特性探索を担当。,R2,DexNav連鎖20以上または地方研究ランク2で隠れ特性判定を解禁。通常草むらでは標準特性のみ。,通常種は両地方で捕獲可能。進化後の通常野生化は段階解禁。,ベガ既存の野生枠を上書きせず、条件付きオーバーレイ／DexNav／夜間・水上・釣り・大量発生の追加抽選へ登録。
カントー,K27,おつきみやま,認定章1前後,Lv.73～80,175,343,ヤジロン,ヤジロン → ネンドール,じめん／エスパー,人工・無機物,外来生態レイヤーへ追加,いわくだき／DexNav,Lv.73～80,通常0%／DexNav 2～5%,ベガ初回殿堂入り後。認定章数でエリアと中間進化枠を段階解禁。,基礎種を通常配置。中間進化は高レベル地域のDexNav限定、最終進化は原則進化入手,トーホクは本編で使える低～中レベル基礎種、カントーは高レベル個体・中間進化・隠れ特性探索を担当。,R4,DexNav連鎖20以上または地方研究ランク2で隠れ特性判定を解禁。通常草むらでは標準特性のみ。,通常種は両地方で捕獲可能。進化後の通常野生化は段階解禁。,FR原作系統を地域の顔として残し、通常表・時間帯表・DexNav・大量発生を使って新種を混在。
トーホク,T034,D・Hビル,後半A,Lv.42～55／殿堂入り後Lv.62～78,175,343,ヤジロン,ヤジロン → ネンドール,じめん／エスパー,人工・無機物,外来生態レイヤーへ追加,屋内異常遭遇／DexNav,Lv.42～55／殿堂入り後Lv.62～78,通常0%／DexNav 2～5%,本編必須フラグを変更せず、外来生態フラグ・時間帯・DexNav・大量発生で制御,基礎種を通常配置。中間進化は高レベル地域のDexNav限定、最終進化は原則進化入手,トーホクは本編で使える低～中レベル基礎種、カントーは高レベル個体・中間進化・隠れ特性探索を担当。,R4,DexNav連鎖20以上または地方研究ランク2で隠れ特性判定を解禁。通常草むらでは標準特性のみ。,通常種は両地方で捕獲可能。進化後の通常野生化は段階解禁。,ベガ既存の野生枠を上書きせず、条件付きオーバーレイ／DexNav／夜間・水上・釣り・大量発生の追加抽選へ登録。
カントー,K30,イワヤマトンネル,認定章2～3,Lv.80～87,176,345,リリーラ,リリーラ → ユレイドル,いわ／くさ,化石,ベガ既存系統を完全保持,いわくだき／DexNav,Lv.80～87,通常0%／DexNav 2～5%,ベガ初回殿堂入り後。認定章数でエリアと中間進化枠を段階解禁。,既存個体を保護。追加地域では基礎種または中間進化を希少配置,トーホクではベガ既存個体を保護。カントーでは高レベル個体・隠れ特性・タマゴ技探索を担当。,R2,DexNav連鎖20以上または地方研究ランク2で隠れ特性判定を解禁。通常草むらでは標準特性のみ。,通常種は両地方で捕獲可能。進化後の通常野生化は段階解禁。,FR原作系統を地域の顔として残し、通常表・時間帯表・DexNav・大量発生を使って新種を混在。
トーホク,VEGA_NATIVE,ベガ既存地点（出現表・配布・進化を変更しない）,ベガ既存条件,既存値,176,345,リリーラ,リリーラ → ユレイドル,いわ／くさ,化石,ベガ既存系統を完全保持,ベガ既存入手法,既存値,既存値,既存イベント・野生表・進化条件を原則維持。現代化で条件が壊れる場合のみ互換処理。,既存個体を保護。追加地域では基礎種または中間進化を希少配置,トーホクではベガ既存個体を保護。カントーでは高レベル個体・隠れ特性・タマゴ技探索を担当。,固定／既存,既存個体を変更しない。カントー側DexNavまたは特性パッチで隠れ特性を補完。,通常種は両地方で捕獲可能。,ベガ既存テーブル・固定イベント・配布・進化参照を変更しない。
カントー,K45,グレン研究所,認定章6～7,復元個体Lv.30／実験戦Lv.92,177,347,アノプス,アノプス → アーマルド,いわ／むし,化石,化石復元追加,博物館鑑定後に復元,Lv.30,月石片／火山灰を消費して反復可,ベガ初回殿堂入り後。認定章数でエリアと中間進化枠を段階解禁。,基礎種を復元,トーホクは早期の復元、カントーは高個体値・隠れ特性の再復元を担当。,R4,DexNav連鎖20以上または地方研究ランク2で隠れ特性判定を解禁。通常草むらでは標準特性のみ。,通常種は両地方で捕獲可能。進化後の通常野生化は段階解禁。,FR原作系統を地域の顔として残し、通常表・時間帯表・DexNav・大量発生を使って新種を混在。
トーホク,T_FOSSIL,ヒスイシティ考古学室,個別条件,Lv.20,177,347,アノプス,アノプス → アーマルド,いわ／むし,化石,化石復元追加,発掘片2個を納品して復元,Lv.20,反復採掘可,化石はちえのどうくつ／いわくだき／採掘依頼で反復入手。ガラル化石は2部品合成。,基礎種を復元,トーホクは早期の復元、カントーは高個体値・隠れ特性の再復元を担当。,R4,DexNav連鎖20以上または地方研究ランク2で隠れ特性判定を解禁。通常草むらでは標準特性のみ。,通常種は両地方で捕獲可能。進化後の通常野生化は段階解禁。,ベガ既存の野生枠を上書きせず、条件付きオーバーレイ／DexNav／夜間・水上・釣り・大量発生の追加抽選へ登録。
カントー,K36,サファリゾーン北,認定章5前後,Lv.85～94,178,349,ヒンバス,ヒンバス → ミロカロス,みず,通常生態,外来生態レイヤーへ追加,釣りオーバーレイ,Lv.85～94,通常表10～20%,ベガ初回殿堂入り後。認定章数でエリアと中間進化枠を段階解禁。,基礎種を通常配置。中間進化は高レベル地域のDexNav限定、最終進化は原則進化入手,トーホクは本編で使える低～中レベル基礎種、カントーは高レベル個体・中間進化・隠れ特性探索を担当。,R2,DexNav連鎖20以上または地方研究ランク2で隠れ特性判定を解禁。通常草むらでは標準特性のみ。,通常種は両地方で捕獲可能。進化後の通常野生化は段階解禁。,FR原作系統を地域の顔として残し、通常表・時間帯表・DexNav・大量発生を使って新種を混在。
トーホク,T510,510ばんどうろ／すいどう,中盤B,Lv.24～30,178,349,ヒンバス,ヒンバス → ミロカロス,みず,通常生態,外来生態レイヤーへ追加,釣りオーバーレイ,Lv.24～30,追加抽選4～8%,本編必須フラグを変更せず、外来生態フラグ・時間帯・DexNav・大量発生で制御,基礎種を通常配置。中間進化は高レベル地域のDexNav限定、最終進化は原則進化入手,トーホクは本編で使える低～中レベル基礎種、カントーは高レベル個体・中間進化・隠れ特性探索を担当。,R2,DexNav連鎖20以上または地方研究ランク2で隠れ特性判定を解禁。通常草むらでは標準特性のみ。,通常種は両地方で捕獲可能。進化後の通常野生化は段階解禁。,ベガ既存の野生枠を上書きせず、条件付きオーバーレイ／DexNav／夜間・水上・釣り・大量発生の追加抽選へ登録。
カントー,K16,16ばんどうろ,認定章4前後,Lv.81～86,179,351,ポワルン,ポワルン,ノーマル,通常生態,外来生態レイヤーへ追加,草むらオーバーレイ,Lv.81～86,通常表8～15%,ベガ初回殿堂入り後。認定章数でエリアと中間進化枠を段階解禁。,基礎種を通常配置。中間進化は高レベル地域のDexNav限定、最終進化は原則進化入手,トーホクは本編で使える低～中レベル基礎種、カントーは高レベル個体・中間進化・隠れ特性探索を担当。,R4,DexNav連鎖20以上または地方研究ランク2で隠れ特性判定を解禁。通常草むらでは標準特性のみ。,通常種は両地方で捕獲可能。進化後の通常野生化は段階解禁。,FR原作系統を地域の顔として残し、通常表・時間帯表・DexNav・大量発生を使って新種を混在。
トーホク,T506,506ばんどうろ／すいどう,序盤B,Lv.12～17,179,351,ポワルン,ポワルン,ノーマル,通常生態,外来生態レイヤーへ追加,大量発生,Lv.12～17,通常0%／発生中20～35%,本編必須フラグを変更せず、外来生態フラグ・時間帯・DexNav・大量発生で制御,基礎種を通常配置。中間進化は高レベル地域のDexNav限定、最終進化は原則進化入手,トーホクは本編で使える低～中レベル基礎種、カントーは高レベル個体・中間進化・隠れ特性探索を担当。,R4,DexNav連鎖20以上または地方研究ランク2で隠れ特性判定を解禁。通常草むらでは標準特性のみ。,通常種は両地方で捕獲可能。進化後の通常野生化は段階解禁。,ベガ既存の野生枠を上書きせず、条件付きオーバーレイ／DexNav／夜間・水上・釣り・大量発生の追加抽選へ登録。
カントー,K05,5ばんどうろ,認定章2前後,Lv.74～79,180,352,カクレオン,カクレオン,ノーマル,通常生態,外来生態レイヤーへ追加,草むらオーバーレイ,Lv.74～79,通常表8～15%,ベガ初回殿堂入り後。認定章数でエリアと中間進化枠を段階解禁。,基礎種を通常配置。中間進化は高レベル地域のDexNav限定、最終進化は原則進化入手,トーホクは本編で使える低～中レベル基礎種、カントーは高レベル個体・中間進化・隠れ特性探索を担当。,R1,DexNav連鎖20以上または地方研究ランク2で隠れ特性判定を解禁。通常草むらでは標準特性のみ。,通常種は両地方で捕獲可能。進化後の通常野生化は段階解禁。,FR原作系統を地域の顔として残し、通常表・時間帯表・DexNav・大量発生を使って新種を混在。
トーホク,T503,503ばんどうろ／すいどう,序盤A,Lv.5～9,180,352,カクレオン,カクレオン,ノーマル,通常生態,外来生態レイヤーへ追加,草むらオーバーレイ,Lv.5～9,追加抽選3～6%,本編必須フラグを変更せず、外来生態フラグ・時間帯・DexNav・大量発生で制御,基礎種を通常配置。中間進化は高レベル地域のDexNav限定、最終進化は原則進化入手,トーホクは本編で使える低～中レベル基礎種、カントーは高レベル個体・中間進化・隠れ特性探索を担当。,R1,DexNav連鎖20以上または地方研究ランク2で隠れ特性判定を解禁。通常草むらでは標準特性のみ。,通常種は両地方で捕獲可能。進化後の通常野生化は段階解禁。,ベガ既存の野生枠を上書きせず、条件付きオーバーレイ／DexNav／夜間・水上・釣り・大量発生の追加抽選へ登録。
カントー,K08,8ばんどうろ,認定章3前後,Lv.79～84,181,353,カゲボウズ,カゲボウズ → ジュペッタ,ゴースト,通常生態,ベガ既存系統を完全保持,夜間オーバーレイ,Lv.79～84,夜間8～12%,ベガ初回殿堂入り後。認定章数でエリアと中間進化枠を段階解禁。,既存個体を保護。追加地域では基礎種または中間進化を希少配置,トーホクではベガ既存個体を保護。カントーでは高レベル個体・隠れ特性・タマゴ技探索を担当。,R2,DexNav連鎖20以上または地方研究ランク2で隠れ特性判定を解禁。通常草むらでは標準特性のみ。,通常種は両地方で捕獲可能。進化後の通常野生化は段階解禁。,FR原作系統を地域の顔として残し、通常表・時間帯表・DexNav・大量発生を使って新種を混在。
トーホク,VEGA_NATIVE,ベガ既存地点（出現表・配布・進化を変更しない）,ベガ既存条件,既存値,181,353,カゲボウズ,カゲボウズ → ジュペッタ,ゴースト,通常生態,ベガ既存系統を完全保持,ベガ既存入手法,既存値,既存値,既存イベント・野生表・進化条件を原則維持。現代化で条件が壊れる場合のみ互換処理。,既存個体を保護。追加地域では基礎種または中間進化を希少配置,トーホクではベガ既存個体を保護。カントーでは高レベル個体・隠れ特性・タマゴ技探索を担当。,固定／既存,既存個体を変更しない。カントー側DexNavまたは特性パッチで隠れ特性を補完。,通常種は両地方で捕獲可能。,ベガ既存テーブル・固定イベント・配布・進化参照を変更しない。
カントー,K08,8ばんどうろ,認定章3前後,Lv.79～84,182,355,ヨマワル,ヨマワル → サマヨール → ヨノワール,ゴースト,通常生態,ベガ既存系統を完全保持,夜間オーバーレイ,Lv.79～84,夜間8～12%,ベガ初回殿堂入り後。認定章数でエリアと中間進化枠を段階解禁。,既存個体を保護。追加地域では基礎種または中間進化を希少配置,トーホクではベガ既存個体を保護。カントーでは高レベル個体・隠れ特性・タマゴ技探索を担当。,R4,DexNav連鎖20以上または地方研究ランク2で隠れ特性判定を解禁。通常草むらでは標準特性のみ。,通常種は両地方で捕獲可能。進化後の通常野生化は段階解禁。,FR原作系統を地域の顔として残し、通常表・時間帯表・DexNav・大量発生を使って新種を混在。
トーホク,VEGA_NATIVE,ベガ既存地点（出現表・配布・進化を変更しない）,ベガ既存条件,既存値,182,355,ヨマワル,ヨマワル → サマヨール → ヨノワール,ゴースト,通常生態,ベガ既存系統を完全保持,ベガ既存入手法,既存値,既存値,既存イベント・野生表・進化条件を原則維持。現代化で条件が壊れる場合のみ互換処理。,既存個体を保護。追加地域では基礎種または中間進化を希少配置,トーホクではベガ既存個体を保護。カントーでは高レベル個体・隠れ特性・タマゴ技探索を担当。,固定／既存,既存個体を変更しない。カントー側DexNavまたは特性パッチで隠れ特性を補完。,通常種は両地方で捕獲可能。,ベガ既存テーブル・固定イベント・配布・進化参照を変更しない。
カントー,K24,24ばんどうろ,認定章1～2,Lv.74～79,183,357,トロピウス,トロピウス,ひこう／くさ,通常生態,ベガ既存系統を完全保持,草むらオーバーレイ,Lv.74～79,通常表8～15%,ベガ初回殿堂入り後。認定章数でエリアと中間進化枠を段階解禁。,既存個体を保護。追加地域では基礎種または中間進化を希少配置,トーホクではベガ既存個体を保護。カントーでは高レベル個体・隠れ特性・タマゴ技探索を担当。,R2,DexNav連鎖20以上または地方研究ランク2で隠れ特性判定を解禁。通常草むらでは標準特性のみ。,通常種は両地方で捕獲可能。進化後の通常野生化は段階解禁。,FR原作系統を地域の顔として残し、通常表・時間帯表・DexNav・大量発生を使って新種を混在。
トーホク,VEGA_NATIVE,ベガ既存地点（出現表・配布・進化を変更しない）,ベガ既存条件,既存値,183,357,トロピウス,トロピウス,ひこう／くさ,通常生態,ベガ既存系統を完全保持,ベガ既存入手法,既存値,既存値,既存イベント・野生表・進化条件を原則維持。現代化で条件が壊れる場合のみ互換処理。,既存個体を保護。追加地域では基礎種または中間進化を希少配置,トーホクではベガ既存個体を保護。カントーでは高レベル個体・隠れ特性・タマゴ技探索を担当。,固定／既存,既存個体を変更しない。カントー側DexNavまたは特性パッチで隠れ特性を補完。,通常種は両地方で捕獲可能。,ベガ既存テーブル・固定イベント・配布・進化参照を変更しない。
カントー,K08,8ばんどうろ,認定章3前後,Lv.79～84,185,359,アブソル,アブソル,あく,通常生態,ベガ既存系統を完全保持,夜間オーバーレイ,Lv.79～84,夜間8～12%,ベガ初回殿堂入り後。認定章数でエリアと中間進化枠を段階解禁。,既存個体を保護。追加地域では基礎種または中間進化を希少配置,トーホクではベガ既存個体を保護。カントーでは高レベル個体・隠れ特性・タマゴ技探索を担当。,R4,DexNav連鎖20以上または地方研究ランク2で隠れ特性判定を解禁。通常草むらでは標準特性のみ。,通常種は両地方で捕獲可能。進化後の通常野生化は段階解禁。,FR原作系統を地域の顔として残し、通常表・時間帯表・DexNav・大量発生を使って新種を混在。
トーホク,VEGA_NATIVE,ベガ既存地点（出現表・配布・進化を変更しない）,ベガ既存条件,既存値,185,359,アブソル,アブソル,あく,通常生態,ベガ既存系統を完全保持,ベガ既存入手法,既存値,既存値,既存イベント・野生表・進化条件を原則維持。現代化で条件が壊れる場合のみ互換処理。,既存個体を保護。追加地域では基礎種または中間進化を希少配置,トーホクではベガ既存個体を保護。カントーでは高レベル個体・隠れ特性・タマゴ技探索を担当。,固定／既存,既存個体を変更しない。カントー側DexNavまたは特性パッチで隠れ特性を補完。,通常種は両地方で捕獲可能。,ベガ既存テーブル・固定イベント・配布・進化参照を変更しない。
カントー,K41,シルフカンパニー,認定章5～6,Lv.90～97（異常遭遇）,100,360,ソーナノ,ソーナノ → ソーナンス,エスパー,ベビィ含有,外来生態レイヤーへ追加,DexNav隠し枠／低確率タマゴ,Lv.90～97（異常遭遇）,通常0%／DexNav 2～5%,ベガ初回殿堂入り後。認定章数でエリアと中間進化枠を段階解禁。,ベビィはタマゴ／DexNav。通常草むらは非ベビィ基礎種,トーホクは本編で使える低～中レベル基礎種、カントーは高レベル個体・中間進化・隠れ特性探索を担当。,R1,DexNav連鎖20以上または地方研究ランク2で隠れ特性判定を解禁。通常草むらでは標準特性のみ。,通常種は両地方で捕獲可能。進化後の通常野生化は段階解禁。,FR原作系統を地域の顔として残し、通常表・時間帯表・DexNav・大量発生を使って新種を混在。
トーホク,T034,D・Hビル,後半A,Lv.42～55／殿堂入り後Lv.62～78,100,360,ソーナノ,ソーナノ → ソーナンス,エスパー,ベビィ含有,外来生態レイヤーへ追加,DexNav隠し枠／低確率タマゴ,Lv.42～55／殿堂入り後Lv.62～78,通常0%／DexNav 2～5%,本編必須フラグを変更せず、外来生態フラグ・時間帯・DexNav・大量発生で制御,ベビィはタマゴ／DexNav。通常草むらは非ベビィ基礎種,トーホクは本編で使える低～中レベル基礎種、カントーは高レベル個体・中間進化・隠れ特性探索を担当。,R1,DexNav連鎖20以上または地方研究ランク2で隠れ特性判定を解禁。通常草むらでは標準特性のみ。,通常種は両地方で捕獲可能。進化後の通常野生化は段階解禁。,ベガ既存の野生枠を上書きせず、条件付きオーバーレイ／DexNav／夜間・水上・釣り・大量発生の追加抽選へ登録。
カントー,K31,ポケモンタワー,認定章3～4,Lv.82～90,186,361,ユキワラシ,ユキワラシ → オニゴーリ → ユキメノコ,ゴースト／こおり,通常生態,外来生態レイヤーへ追加,夜間オーバーレイ,Lv.82～90,夜間8～12%,ベガ初回殿堂入り後。認定章数でエリアと中間進化枠を段階解禁。,基礎種を通常配置。中間進化は高レベル地域のDexNav限定、最終進化は原則進化入手,トーホクは本編で使える低～中レベル基礎種、カントーは高レベル個体・中間進化・隠れ特性探索を担当。,R2,DexNav連鎖20以上または地方研究ランク2で隠れ特性判定を解禁。通常草むらでは標準特性のみ。,通常種は両地方で捕獲可能。進化後の通常野生化は段階解禁。,FR原作系統を地域の顔として残し、通常表・時間帯表・DexNav・大量発生を使って新種を混在。
トーホク,T516,516ばんどうろ／すいどう,中盤C,Lv.35～42,186,361,ユキワラシ,ユキワラシ → オニゴーリ → ユキメノコ,ゴースト／こおり,通常生態,外来生態レイヤーへ追加,夜間オーバーレイ,Lv.35～42,追加抽選3～6%,本編必須フラグを変更せず、外来生態フラグ・時間帯・DexNav・大量発生で制御,基礎種を通常配置。中間進化は高レベル地域のDexNav限定、最終進化は原則進化入手,トーホクは本編で使える低～中レベル基礎種、カントーは高レベル個体・中間進化・隠れ特性探索を担当。,R2,DexNav連鎖20以上または地方研究ランク2で隠れ特性判定を解禁。通常草むらでは標準特性のみ。,通常種は両地方で捕獲可能。進化後の通常野生化は段階解禁。,ベガ既存の野生枠を上書きせず、条件付きオーバーレイ／DexNav／夜間・水上・釣り・大量発生の追加抽選へ登録。
カントー,K20,20ばんどうろ,認定章5後,Lv.88～93,187,363,タマザラシ,タマザラシ → トドグラー → トドゼルガ,みず／こおり,通常生態,ベガ既存系統を完全保持,釣りオーバーレイ,Lv.88～93,通常表10～20%,ベガ初回殿堂入り後。認定章数でエリアと中間進化枠を段階解禁。,既存個体を保護。追加地域では基礎種または中間進化を希少配置,トーホクではベガ既存個体を保護。カントーでは高レベル個体・隠れ特性・タマゴ技探索を担当。,R4,DexNav連鎖20以上または地方研究ランク2で隠れ特性判定を解禁。通常草むらでは標準特性のみ。,通常種は両地方で捕獲可能。進化後の通常野生化は段階解禁。,FR原作系統を地域の顔として残し、通常表・時間帯表・DexNav・大量発生を使って新種を混在。
トーホク,VEGA_NATIVE,ベガ既存地点（出現表・配布・進化を変更しない）,ベガ既存条件,既存値,187,363,タマザラシ,タマザラシ → トドグラー → トドゼルガ,みず／こおり,通常生態,ベガ既存系統を完全保持,ベガ既存入手法,既存値,既存値,既存イベント・野生表・進化条件を原則維持。現代化で条件が壊れる場合のみ互換処理。,既存個体を保護。追加地域では基礎種または中間進化を希少配置,トーホクではベガ既存個体を保護。カントーでは高レベル個体・隠れ特性・タマゴ技探索を担当。,固定／既存,既存個体を変更しない。カントー側DexNavまたは特性パッチで隠れ特性を補完。,通常種は両地方で捕獲可能。,ベガ既存テーブル・固定イベント・配布・進化参照を変更しない。
カントー,K13,13ばんどうろ,認定章4前後,Lv.83～88,188,366,パールル,パールル → ハンテール → サクラビス,みず,通常生態,外来生態レイヤーへ追加,水上オーバーレイ,Lv.83～88,通常表10～20%,ベガ初回殿堂入り後。認定章数でエリアと中間進化枠を段階解禁。,基礎種を通常配置。中間進化は高レベル地域のDexNav限定、最終進化は原則進化入手,トーホクは本編で使える低～中レベル基礎種、カントーは高レベル個体・中間進化・隠れ特性探索を担当。,R3,DexNav連鎖20以上または地方研究ランク2で隠れ特性判定を解禁。通常草むらでは標準特性のみ。,通常種は両地方で捕獲可能。進化後の通常野生化は段階解禁。,FR原作系統を地域の顔として残し、通常表・時間帯表・DexNav・大量発生を使って新種を混在。
トーホク,T512,512ばんどうろ／すいどう,中盤B,Lv.27～33,188,366,パールル,パールル → ハンテール → サクラビス,みず,通常生態,外来生態レイヤーへ追加,水上オーバーレイ,Lv.27～33,追加抽選4～8%,本編必須フラグを変更せず、外来生態フラグ・時間帯・DexNav・大量発生で制御,基礎種を通常配置。中間進化は高レベル地域のDexNav限定、最終進化は原則進化入手,トーホクは本編で使える低～中レベル基礎種、カントーは高レベル個体・中間進化・隠れ特性探索を担当。,R3,DexNav連鎖20以上または地方研究ランク2で隠れ特性判定を解禁。通常草むらでは標準特性のみ。,通常種は両地方で捕獲可能。進化後の通常野生化は段階解禁。,ベガ既存の野生枠を上書きせず、条件付きオーバーレイ／DexNav／夜間・水上・釣り・大量発生の追加抽選へ登録。
カントー,K21,21ばんどうろ,認定章6前後,Lv.89～94,189,369,ジーランス,ジーランス,いわ／みず,通常生態,ベガ既存系統を完全保持,釣りオーバーレイ,Lv.89～94,通常表10～20%,ベガ初回殿堂入り後。認定章数でエリアと中間進化枠を段階解禁。,既存個体を保護。追加地域では基礎種または中間進化を希少配置,トーホクではベガ既存個体を保護。カントーでは高レベル個体・隠れ特性・タマゴ技探索を担当。,R2,DexNav連鎖20以上または地方研究ランク2で隠れ特性判定を解禁。通常草むらでは標準特性のみ。,通常種は両地方で捕獲可能。進化後の通常野生化は段階解禁。,FR原作系統を地域の顔として残し、通常表・時間帯表・DexNav・大量発生を使って新種を混在。
トーホク,VEGA_NATIVE,ベガ既存地点（出現表・配布・進化を変更しない）,ベガ既存条件,既存値,189,369,ジーランス,ジーランス,いわ／みず,通常生態,ベガ既存系統を完全保持,ベガ既存入手法,既存値,既存値,既存イベント・野生表・進化条件を原則維持。現代化で条件が壊れる場合のみ互換処理。,既存個体を保護。追加地域では基礎種または中間進化を希少配置,トーホクではベガ既存個体を保護。カントーでは高レベル個体・隠れ特性・タマゴ技探索を担当。,固定／既存,既存個体を変更しない。カントー側DexNavまたは特性パッチで隠れ特性を補完。,通常種は両地方で捕獲可能。,ベガ既存テーブル・固定イベント・配布・進化参照を変更しない。
カントー,K15,15ばんどうろ,認定章4～5,Lv.85～90,190,370,ラブカス,ラブカス,みず,通常生態,ベガ既存系統を完全保持,釣りオーバーレイ,Lv.85～90,通常表10～20%,ベガ初回殿堂入り後。認定章数でエリアと中間進化枠を段階解禁。,既存個体を保護。追加地域では基礎種または中間進化を希少配置,トーホクではベガ既存個体を保護。カントーでは高レベル個体・隠れ特性・タマゴ技探索を担当。,R3,DexNav連鎖20以上または地方研究ランク2で隠れ特性判定を解禁。通常草むらでは標準特性のみ。,通常種は両地方で捕獲可能。進化後の通常野生化は段階解禁。,FR原作系統を地域の顔として残し、通常表・時間帯表・DexNav・大量発生を使って新種を混在。
トーホク,VEGA_NATIVE,ベガ既存地点（出現表・配布・進化を変更しない）,ベガ既存条件,既存値,190,370,ラブカス,ラブカス,みず,通常生態,ベガ既存系統を完全保持,ベガ既存入手法,既存値,既存値,既存イベント・野生表・進化条件を原則維持。現代化で条件が壊れる場合のみ互換処理。,既存個体を保護。追加地域では基礎種または中間進化を希少配置,トーホクではベガ既存個体を保護。カントーでは高レベル個体・隠れ特性・タマゴ技探索を担当。,固定／既存,既存個体を変更しない。カントー側DexNavまたは特性パッチで隠れ特性を補完。,通常種は両地方で捕獲可能。,ベガ既存テーブル・固定イベント・配布・進化参照を変更しない。
カントー,K23,23ばんどうろ,認定章8後,Lv.92～98,191,371,タツベイ,タツベイ → コモルー → ボーマンダ,ひこう／ドラゴン,600族,外来生態レイヤーへ追加,DexNav隠し枠,Lv.92～98,通常0%／DexNav 1～2%,ベガ初回殿堂入り後。認定章数でエリアと中間進化枠を段階解禁。,基礎種のみ通常枠。中間進化は殿堂入り後DexNav、最終進化は野生禁止,トーホクは本編で使える低～中レベル基礎種、カントーは高レベル個体・中間進化・隠れ特性探索を担当。,R4,DexNav連鎖20以上または地方研究ランク2で隠れ特性判定を解禁。通常草むらでは標準特性のみ。,通常種は両地方で捕獲可能。進化後の通常野生化は段階解禁。,FR原作系統を地域の顔として残し、通常表・時間帯表・DexNav・大量発生を使って新種を混在。
トーホク,T523,523ばんどうろ／すいどう,リーグ前,Lv.55～65,191,371,タツベイ,タツベイ → コモルー → ボーマンダ,ひこう／ドラゴン,600族,外来生態レイヤーへ追加,DexNav隠し枠,Lv.55～65,通常0%／DexNav 1～2%,本編必須フラグを変更せず、外来生態フラグ・時間帯・DexNav・大量発生で制御,基礎種のみ通常枠。中間進化は殿堂入り後DexNav、最終進化は野生禁止,トーホクは本編で使える低～中レベル基礎種、カントーは高レベル個体・中間進化・隠れ特性探索を担当。,R4,DexNav連鎖20以上または地方研究ランク2で隠れ特性判定を解禁。通常草むらでは標準特性のみ。,通常種は両地方で捕獲可能。進化後の通常野生化は段階解禁。,ベガ既存の野生枠を上書きせず、条件付きオーバーレイ／DexNav／夜間・水上・釣り・大量発生の追加抽選へ登録。
カントー,K43,ハナダのどうくつ,最終ポストゲーム,Lv.95～100,192,374,ダンバル,ダンバル → メタング → メタグロス,はがね／エスパー,600族,ベガ既存系統を完全保持,DexNav隠し枠,Lv.95～100,通常0%／DexNav 1～2%,ベガ初回殿堂入り後。認定章数でエリアと中間進化枠を段階解禁。,既存個体を保護。追加地域では基礎種または中間進化を希少配置,トーホクではベガ既存個体を保護。カントーでは高レベル個体・隠れ特性・タマゴ技探索を担当。,R3,DexNav連鎖20以上または地方研究ランク2で隠れ特性判定を解禁。通常草むらでは標準特性のみ。,通常種は両地方で捕獲可能。進化後の通常野生化は段階解禁。,FR原作系統を地域の顔として残し、通常表・時間帯表・DexNav・大量発生を使って新種を混在。
トーホク,VEGA_NATIVE,ベガ既存地点（出現表・配布・進化を変更しない）,ベガ既存条件,既存値,192,374,ダンバル,ダンバル → メタング → メタグロス,はがね／エスパー,600族,ベガ既存系統を完全保持,ベガ既存入手法,既存値,既存値,既存イベント・野生表・進化条件を原則維持。現代化で条件が壊れる場合のみ互換処理。,既存個体を保護。追加地域では基礎種または中間進化を希少配置,トーホクではベガ既存個体を保護。カントーでは高レベル個体・隠れ特性・タマゴ技探索を担当。,固定／既存,既存個体を変更しない。カントー側DexNavまたは特性パッチで隠れ特性を補完。,通常種は両地方で捕獲可能。,ベガ既存テーブル・固定イベント・配布・進化参照を変更しない。
カントー,EVENT_K,おつきみやま／ふたごじま／シルフ地下,固定イベント／共鳴クエスト,イベント別,193,377,レジロック,レジロック,いわ,伝説,固定イベント追加,手掛かり／共鳴戦／専用素材,イベント別,重複捕獲なし,殿堂入り＋点字石板3枚＋主地方の捕獲フラグ共有,固定シンボル／イベント専用。主捕獲地方でのみ捕獲し、副地方は手掛かり・共鳴戦・素材報酬。,主地方で1個体だけ捕獲し、副地方では手掛かり・共鳴戦・専用素材を扱う。捕獲済みフラグは両地方で共有し、重複個体を与えない。,イベント専用,固定個体の特性はイベント定義。隠れ特性は報酬・再戦・特性パッチで救済。,共有捕獲フラグで全地方1個体。撃破時のみ再出現、捕獲後は素材・再戦へ分岐。,野生通常表、DexNav通常検索、大量発生には登録しない。
トーホク,EVENT_T,ちえのどうくつ／こおりのしま／D・H炉心,固定イベント／共鳴クエスト,Lv.75,193,377,レジロック,レジロック,いわ,伝説,固定イベント追加,固定シンボル／専用クエスト,Lv.75,原則1体・撃破時復活,殿堂入り＋点字石板3枚,固定シンボル／イベント専用。主捕獲地方でのみ捕獲し、副地方は手掛かり・共鳴戦・素材報酬。,主地方で1個体だけ捕獲し、副地方では手掛かり・共鳴戦・専用素材を扱う。捕獲済みフラグは両地方で共有し、重複個体を与えない。,イベント専用,固定個体の特性はイベント定義。隠れ特性は報酬・再戦・特性パッチで救済。,共有捕獲フラグで全地方1個体。撃破時のみ再出現、捕獲後は素材・再戦へ分岐。,野生通常表、DexNav通常検索、大量発生には登録しない。
カントー,EVENT_K,おつきみやま／ふたごじま／シルフ地下,固定イベント／共鳴クエスト,イベント別,194,378,レジアイス,レジアイス,こおり,伝説,固定イベント追加,手掛かり／共鳴戦／専用素材,イベント別,重複捕獲なし,殿堂入り＋点字石板3枚＋主地方の捕獲フラグ共有,固定シンボル／イベント専用。主捕獲地方でのみ捕獲し、副地方は手掛かり・共鳴戦・素材報酬。,主地方で1個体だけ捕獲し、副地方では手掛かり・共鳴戦・専用素材を扱う。捕獲済みフラグは両地方で共有し、重複個体を与えない。,イベント専用,固定個体の特性はイベント定義。隠れ特性は報酬・再戦・特性パッチで救済。,共有捕獲フラグで全地方1個体。撃破時のみ再出現、捕獲後は素材・再戦へ分岐。,野生通常表、DexNav通常検索、大量発生には登録しない。
トーホク,EVENT_T,ちえのどうくつ／こおりのしま／D・H炉心,固定イベント／共鳴クエスト,Lv.75,194,378,レジアイス,レジアイス,こおり,伝説,固定イベント追加,固定シンボル／専用クエスト,Lv.75,原則1体・撃破時復活,殿堂入り＋点字石板3枚,固定シンボル／イベント専用。主捕獲地方でのみ捕獲し、副地方は手掛かり・共鳴戦・素材報酬。,主地方で1個体だけ捕獲し、副地方では手掛かり・共鳴戦・専用素材を扱う。捕獲済みフラグは両地方で共有し、重複個体を与えない。,イベント専用,固定個体の特性はイベント定義。隠れ特性は報酬・再戦・特性パッチで救済。,共有捕獲フラグで全地方1個体。撃破時のみ再出現、捕獲後は素材・再戦へ分岐。,野生通常表、DexNav通常検索、大量発生には登録しない。
カントー,EVENT_K,おつきみやま／ふたごじま／シルフ地下,固定イベント／共鳴クエスト,イベント別,195,379,レジスチル,レジスチル,はがね,伝説,固定イベント追加,手掛かり／共鳴戦／専用素材,イベント別,重複捕獲なし,殿堂入り＋点字石板3枚＋主地方の捕獲フラグ共有,固定シンボル／イベント専用。主捕獲地方でのみ捕獲し、副地方は手掛かり・共鳴戦・素材報酬。,主地方で1個体だけ捕獲し、副地方では手掛かり・共鳴戦・専用素材を扱う。捕獲済みフラグは両地方で共有し、重複個体を与えない。,イベント専用,固定個体の特性はイベント定義。隠れ特性は報酬・再戦・特性パッチで救済。,共有捕獲フラグで全地方1個体。撃破時のみ再出現、捕獲後は素材・再戦へ分岐。,野生通常表、DexNav通常検索、大量発生には登録しない。
トーホク,EVENT_T,ちえのどうくつ／こおりのしま／D・H炉心,固定イベント／共鳴クエスト,Lv.75,195,379,レジスチル,レジスチル,はがね,伝説,固定イベント追加,固定シンボル／専用クエスト,Lv.75,原則1体・撃破時復活,殿堂入り＋点字石板3枚,固定シンボル／イベント専用。主捕獲地方でのみ捕獲し、副地方は手掛かり・共鳴戦・素材報酬。,主地方で1個体だけ捕獲し、副地方では手掛かり・共鳴戦・専用素材を扱う。捕獲済みフラグは両地方で共有し、重複個体を与えない。,イベント専用,固定個体の特性はイベント定義。隠れ特性は報酬・再戦・特性パッチで救済。,共有捕獲フラグで全地方1個体。撃破時のみ再出現、捕獲後は素材・再戦へ分岐。,野生通常表、DexNav通常検索、大量発生には登録しない。
カントー,EVENT_K,カントー共鳴碑／研究記録,固定イベント／共鳴クエスト,イベント別,196,380,ラティアス,ラティアス,エスパー／ドラゴン,伝説,ベガ既存特殊個体を保持＋他地方共鳴,手掛かり／共鳴戦／専用素材,イベント別,重複捕獲なし,既存条件＋主地方の捕獲フラグ共有,固定シンボル／イベント専用。主捕獲地方でのみ捕獲し、副地方は手掛かり・共鳴戦・素材報酬。,主地方で1個体だけ捕獲し、副地方では手掛かり・共鳴戦・専用素材を扱う。捕獲済みフラグは両地方で共有し、重複個体を与えない。,イベント専用,固定個体の特性はイベント定義。隠れ特性は報酬・再戦・特性パッチで救済。,共有捕獲フラグで全地方1個体。撃破時のみ再出現、捕獲後は素材・再戦へ分岐。,野生通常表、DexNav通常検索、大量発生には登録しない。
トーホク,EVENT_T,ベガ既存地点,固定イベント／共鳴クエスト,Lv.70,196,380,ラティアス,ラティアス,エスパー／ドラゴン,伝説,ベガ既存特殊個体を保持＋他地方共鳴,ベガ既存入手法＋捕獲救済,Lv.70,原則1体・撃破時復活,既存条件,固定シンボル／イベント専用。主捕獲地方でのみ捕獲し、副地方は手掛かり・共鳴戦・素材報酬。,主地方で1個体だけ捕獲し、副地方では手掛かり・共鳴戦・専用素材を扱う。捕獲済みフラグは両地方で共有し、重複個体を与えない。,イベント専用,固定個体の特性はイベント定義。隠れ特性は報酬・再戦・特性パッチで救済。,共有捕獲フラグで全地方1個体。撃破時のみ再出現、捕獲後は素材・再戦へ分岐。,野生通常表、DexNav通常検索、大量発生には登録しない。
カントー,EVENT_K,カントー共鳴碑／研究記録,固定イベント／共鳴クエスト,イベント別,197,381,ラティオス,ラティオス,エスパー／ドラゴン,伝説,ベガ既存特殊個体を保持＋他地方共鳴,手掛かり／共鳴戦／専用素材,イベント別,重複捕獲なし,既存条件＋主地方の捕獲フラグ共有,固定シンボル／イベント専用。主捕獲地方でのみ捕獲し、副地方は手掛かり・共鳴戦・素材報酬。,主地方で1個体だけ捕獲し、副地方では手掛かり・共鳴戦・専用素材を扱う。捕獲済みフラグは両地方で共有し、重複個体を与えない。,イベント専用,固定個体の特性はイベント定義。隠れ特性は報酬・再戦・特性パッチで救済。,共有捕獲フラグで全地方1個体。撃破時のみ再出現、捕獲後は素材・再戦へ分岐。,野生通常表、DexNav通常検索、大量発生には登録しない。
トーホク,EVENT_T,ベガ既存地点,固定イベント／共鳴クエスト,Lv.70,197,381,ラティオス,ラティオス,エスパー／ドラゴン,伝説,ベガ既存特殊個体を保持＋他地方共鳴,ベガ既存入手法＋捕獲救済,Lv.70,原則1体・撃破時復活,既存条件,固定シンボル／イベント専用。主捕獲地方でのみ捕獲し、副地方は手掛かり・共鳴戦・素材報酬。,主地方で1個体だけ捕獲し、副地方では手掛かり・共鳴戦・専用素材を扱う。捕獲済みフラグは両地方で共有し、重複個体を与えない。,イベント専用,固定個体の特性はイベント定義。隠れ特性は報酬・再戦・特性パッチで救済。,共有捕獲フラグで全地方1個体。撃破時のみ再出現、捕獲後は素材・再戦へ分岐。,野生通常表、DexNav通常検索、大量発生には登録しない。
カントー,EVENT_K,ふたごじま／グレン火口／23ばんどうろ高空,固定イベント／共鳴クエスト,イベント別,198,382,カイオーガ,カイオーガ,みず,伝説,固定イベント追加,手掛かり／共鳴戦／専用素材,イベント別,重複捕獲なし,殿堂入り＋各島の環境調査＋主地方の捕獲フラグ共有,固定シンボル／イベント専用。主捕獲地方でのみ捕獲し、副地方は手掛かり・共鳴戦・素材報酬。,主地方で1個体だけ捕獲し、副地方では手掛かり・共鳴戦・専用素材を扱う。捕獲済みフラグは両地方で共有し、重複個体を与えない。,イベント専用,固定個体の特性はイベント定義。隠れ特性は報酬・再戦・特性パッチで救済。,共有捕獲フラグで全地方1個体。撃破時のみ再出現、捕獲後は素材・再戦へ分岐。,野生通常表、DexNav通常検索、大量発生には登録しない。
トーホク,EVENT_T,三島／スフィアいせき上層,固定イベント／共鳴クエスト,Lv.75,198,382,カイオーガ,カイオーガ,みず,伝説,固定イベント追加,固定シンボル／専用クエスト,Lv.75,原則1体・撃破時復活,殿堂入り＋各島の環境調査,固定シンボル／イベント専用。主捕獲地方でのみ捕獲し、副地方は手掛かり・共鳴戦・素材報酬。,主地方で1個体だけ捕獲し、副地方では手掛かり・共鳴戦・専用素材を扱う。捕獲済みフラグは両地方で共有し、重複個体を与えない。,イベント専用,固定個体の特性はイベント定義。隠れ特性は報酬・再戦・特性パッチで救済。,共有捕獲フラグで全地方1個体。撃破時のみ再出現、捕獲後は素材・再戦へ分岐。,野生通常表、DexNav通常検索、大量発生には登録しない。
カントー,EVENT_K,ふたごじま／グレン火口／23ばんどうろ高空,固定イベント／共鳴クエスト,イベント別,199,383,グラードン,グラードン,じめん,伝説,固定イベント追加,手掛かり／共鳴戦／専用素材,イベント別,重複捕獲なし,殿堂入り＋各島の環境調査＋主地方の捕獲フラグ共有,固定シンボル／イベント専用。主捕獲地方でのみ捕獲し、副地方は手掛かり・共鳴戦・素材報酬。,主地方で1個体だけ捕獲し、副地方では手掛かり・共鳴戦・専用素材を扱う。捕獲済みフラグは両地方で共有し、重複個体を与えない。,イベント専用,固定個体の特性はイベント定義。隠れ特性は報酬・再戦・特性パッチで救済。,共有捕獲フラグで全地方1個体。撃破時のみ再出現、捕獲後は素材・再戦へ分岐。,野生通常表、DexNav通常検索、大量発生には登録しない。
トーホク,EVENT_T,三島／スフィアいせき上層,固定イベント／共鳴クエスト,Lv.75,199,383,グラードン,グラードン,じめん,伝説,固定イベント追加,固定シンボル／専用クエスト,Lv.75,原則1体・撃破時復活,殿堂入り＋各島の環境調査,固定シンボル／イベント専用。主捕獲地方でのみ捕獲し、副地方は手掛かり・共鳴戦・素材報酬。,主地方で1個体だけ捕獲し、副地方では手掛かり・共鳴戦・専用素材を扱う。捕獲済みフラグは両地方で共有し、重複個体を与えない。,イベント専用,固定個体の特性はイベント定義。隠れ特性は報酬・再戦・特性パッチで救済。,共有捕獲フラグで全地方1個体。撃破時のみ再出現、捕獲後は素材・再戦へ分岐。,野生通常表、DexNav通常検索、大量発生には登録しない。
カントー,EVENT_K,ふたごじま／グレン火口／23ばんどうろ高空,固定イベント／共鳴クエスト,イベント別,200,384,レックウザ,レックウザ,ひこう／ドラゴン,伝説,固定イベント追加,手掛かり／共鳴戦／専用素材,イベント別,重複捕獲なし,殿堂入り＋各島の環境調査＋主地方の捕獲フラグ共有,固定シンボル／イベント専用。主捕獲地方でのみ捕獲し、副地方は手掛かり・共鳴戦・素材報酬。,主地方で1個体だけ捕獲し、副地方では手掛かり・共鳴戦・専用素材を扱う。捕獲済みフラグは両地方で共有し、重複個体を与えない。,イベント専用,固定個体の特性はイベント定義。隠れ特性は報酬・再戦・特性パッチで救済。,共有捕獲フラグで全地方1個体。撃破時のみ再出現、捕獲後は素材・再戦へ分岐。,野生通常表、DexNav通常検索、大量発生には登録しない。
トーホク,EVENT_T,三島／スフィアいせき上層,固定イベント／共鳴クエスト,Lv.75,200,384,レックウザ,レックウザ,ひこう／ドラゴン,伝説,固定イベント追加,固定シンボル／専用クエスト,Lv.75,原則1体・撃破時復活,殿堂入り＋各島の環境調査,固定シンボル／イベント専用。主捕獲地方でのみ捕獲し、副地方は手掛かり・共鳴戦・素材報酬。,主地方で1個体だけ捕獲し、副地方では手掛かり・共鳴戦・専用素材を扱う。捕獲済みフラグは両地方で共有し、重複個体を与えない。,イベント専用,固定個体の特性はイベント定義。隠れ特性は報酬・再戦・特性パッチで救済。,共有捕獲フラグで全地方1個体。撃破時のみ再出現、捕獲後は素材・再戦へ分岐。,野生通常表、DexNav通常検索、大量発生には登録しない。
カントー,EVENT_K,ニビ博物館屋上,固定イベント／共鳴クエスト,イベント別,201,385,ジラーチ,ジラーチ,はがね／エスパー,幻,固定イベント追加,手掛かり／共鳴戦／専用素材,イベント別,重複捕獲なし,殿堂入り＋ほしのかけら7個＋主地方の捕獲フラグ共有,固定シンボル／イベント専用。主捕獲地方でのみ捕獲し、副地方は手掛かり・共鳴戦・素材報酬。,主地方で1個体だけ捕獲し、副地方では手掛かり・共鳴戦・専用素材を扱う。捕獲済みフラグは両地方で共有し、重複個体を与えない。,イベント専用,固定個体の特性はイベント定義。隠れ特性は報酬・再戦・特性パッチで救済。,共有捕獲フラグで全地方1個体。撃破時のみ再出現、捕獲後は素材・再戦へ分岐。,野生通常表、DexNav通常検索、大量発生には登録しない。
トーホク,EVENT_T,ニューアイランド天文台,固定イベント／共鳴クエスト,Lv.80,201,385,ジラーチ,ジラーチ,はがね／エスパー,幻,固定イベント追加,固定シンボル／専用クエスト,Lv.80,原則1体・撃破時復活,殿堂入り＋ほしのかけら7個,固定シンボル／イベント専用。主捕獲地方でのみ捕獲し、副地方は手掛かり・共鳴戦・素材報酬。,主地方で1個体だけ捕獲し、副地方では手掛かり・共鳴戦・専用素材を扱う。捕獲済みフラグは両地方で共有し、重複個体を与えない。,イベント専用,固定個体の特性はイベント定義。隠れ特性は報酬・再戦・特性パッチで救済。,共有捕獲フラグで全地方1個体。撃破時のみ再出現、捕獲後は素材・再戦へ分岐。,野生通常表、DexNav通常検索、大量発生には登録しない。
カントー,EVENT_K,ニビ博物館・月隕石研究室,固定イベント／共鳴クエスト,イベント別,202,386,デオキシス,デオキシス,エスパー,幻,固定イベント追加,手掛かり／共鳴戦／専用素材,イベント別,重複捕獲なし,殿堂入り＋いんせき入手＋主地方の捕獲フラグ共有,固定シンボル／イベント専用。主捕獲地方でのみ捕獲し、副地方は手掛かり・共鳴戦・素材報酬。,主地方で1個体だけ捕獲し、副地方では手掛かり・共鳴戦・専用素材を扱う。捕獲済みフラグは両地方で共有し、重複個体を与えない。,イベント専用,固定個体の特性はイベント定義。隠れ特性は報酬・再戦・特性パッチで救済。,共有捕獲フラグで全地方1個体。撃破時のみ再出現、捕獲後は素材・再戦へ分岐。,野生通常表、DexNav通常検索、大量発生には登録しない。
トーホク,EVENT_T,D・H異常生態区画,固定イベント／共鳴クエスト,Lv.80,202,386,デオキシス,デオキシス,エスパー,幻,固定イベント追加,固定シンボル／専用クエスト,Lv.80,原則1体・撃破時復活,殿堂入り＋いんせき入手,固定シンボル／イベント専用。主捕獲地方でのみ捕獲し、副地方は手掛かり・共鳴戦・素材報酬。,主地方で1個体だけ捕獲し、副地方では手掛かり・共鳴戦・専用素材を扱う。捕獲済みフラグは両地方で共有し、重複個体を与えない。,イベント専用,固定個体の特性はイベント定義。隠れ特性は報酬・再戦・特性パッチで救済。,共有捕獲フラグで全地方1個体。撃破時のみ再出現、捕獲後は素材・再戦へ分岐。,野生通常表、DexNav通常検索、大量発生には登録しない。
カントー,K47,マサラタウン・オーキド研究所,カントー序盤,配布個体Lv.5／調整戦Lv.70,203,387,ナエトル,ナエトル → ハヤシガメ → ドダイトス,じめん／くさ,御三家,地方研究タマゴ追加,オーキド研究所の生態交換タマゴ,Lv.5,カントー認定章2個ごとに1系統、最終的に全系統反復可,ベガ初回殿堂入り後。認定章数でエリアと中間進化枠を段階解禁。,基礎種をタマゴ配布,御三家を野生化せず、両地方の研究所を巡る収集導線にする。,R4,DexNav連鎖20以上または地方研究ランク2で隠れ特性判定を解禁。通常草むらでは標準特性のみ。,通常種は両地方で捕獲可能。進化後の通常野生化は段階解禁。,FR原作系統を地域の顔として残し、通常表・時間帯表・DexNav・大量発生を使って新種を混在。
トーホク,T_LAB,ハクジタウン・ヒイラギ研究所,個別条件,Lv.5,203,387,ナエトル,ナエトル → ハヤシガメ → ドダイトス,じめん／くさ,御三家,地方研究タマゴ追加,地域別研究依頼の報酬タマゴ,Lv.5,研究チケット1枚／系統選択・反復可,各世代の生態サンプルを3件提出。選択式にせず、依頼再受注で全系統入手可能。,基礎種をタマゴ配布,御三家を野生化せず、両地方の研究所を巡る収集導線にする。,R4,DexNav連鎖20以上または地方研究ランク2で隠れ特性判定を解禁。通常草むらでは標準特性のみ。,通常種は両地方で捕獲可能。進化後の通常野生化は段階解禁。,ベガ既存の野生枠を上書きせず、条件付きオーバーレイ／DexNav／夜間・水上・釣り・大量発生の追加抽選へ登録。
カントー,K47,マサラタウン・オーキド研究所,カントー序盤,配布個体Lv.5／調整戦Lv.70,204,390,ヒコザル,ヒコザル → モウカザル → ゴウカザル,かくとう／ほのお,御三家,地方研究タマゴ追加,オーキド研究所の生態交換タマゴ,Lv.5,カントー認定章2個ごとに1系統、最終的に全系統反復可,ベガ初回殿堂入り後。認定章数でエリアと中間進化枠を段階解禁。,基礎種をタマゴ配布,御三家を野生化せず、両地方の研究所を巡る収集導線にする。,R3,DexNav連鎖20以上または地方研究ランク2で隠れ特性判定を解禁。通常草むらでは標準特性のみ。,通常種は両地方で捕獲可能。進化後の通常野生化は段階解禁。,FR原作系統を地域の顔として残し、通常表・時間帯表・DexNav・大量発生を使って新種を混在。
トーホク,T_LAB,ハクジタウン・ヒイラギ研究所,個別条件,Lv.5,204,390,ヒコザル,ヒコザル → モウカザル → ゴウカザル,かくとう／ほのお,御三家,地方研究タマゴ追加,地域別研究依頼の報酬タマゴ,Lv.5,研究チケット1枚／系統選択・反復可,各世代の生態サンプルを3件提出。選択式にせず、依頼再受注で全系統入手可能。,基礎種をタマゴ配布,御三家を野生化せず、両地方の研究所を巡る収集導線にする。,R3,DexNav連鎖20以上または地方研究ランク2で隠れ特性判定を解禁。通常草むらでは標準特性のみ。,通常種は両地方で捕獲可能。進化後の通常野生化は段階解禁。,ベガ既存の野生枠を上書きせず、条件付きオーバーレイ／DexNav／夜間・水上・釣り・大量発生の追加抽選へ登録。
カントー,K47,マサラタウン・オーキド研究所,カントー序盤,配布個体Lv.5／調整戦Lv.70,205,393,ポッチャマ,ポッチャマ → ポッタイシ → エンペルト,はがね／みず,御三家,地方研究タマゴ追加,オーキド研究所の生態交換タマゴ,Lv.5,カントー認定章2個ごとに1系統、最終的に全系統反復可,ベガ初回殿堂入り後。認定章数でエリアと中間進化枠を段階解禁。,基礎種をタマゴ配布,御三家を野生化せず、両地方の研究所を巡る収集導線にする。,R2,DexNav連鎖20以上または地方研究ランク2で隠れ特性判定を解禁。通常草むらでは標準特性のみ。,通常種は両地方で捕獲可能。進化後の通常野生化は段階解禁。,FR原作系統を地域の顔として残し、通常表・時間帯表・DexNav・大量発生を使って新種を混在。
トーホク,T_LAB,ハクジタウン・ヒイラギ研究所,個別条件,Lv.5,205,393,ポッチャマ,ポッチャマ → ポッタイシ → エンペルト,はがね／みず,御三家,地方研究タマゴ追加,地域別研究依頼の報酬タマゴ,Lv.5,研究チケット1枚／系統選択・反復可,各世代の生態サンプルを3件提出。選択式にせず、依頼再受注で全系統入手可能。,基礎種をタマゴ配布,御三家を野生化せず、両地方の研究所を巡る収集導線にする。,R2,DexNav連鎖20以上または地方研究ランク2で隠れ特性判定を解禁。通常草むらでは標準特性のみ。,通常種は両地方で捕獲可能。進化後の通常野生化は段階解禁。,ベガ既存の野生枠を上書きせず、条件付きオーバーレイ／DexNav／夜間・水上・釣り・大量発生の追加抽選へ登録。
カントー,K04,4ばんどうろ,認定章1前後,Lv.72～77,206,396,ムックル,ムックル → ムクバード → ムクホーク,ノーマル／ひこう,通常生態,外来生態レイヤーへ追加,草むらオーバーレイ,Lv.72～77,通常表8～15%,ベガ初回殿堂入り後。認定章数でエリアと中間進化枠を段階解禁。,基礎種を通常配置。中間進化は高レベル地域のDexNav限定、最終進化は原則進化入手,トーホクは本編で使える低～中レベル基礎種、カントーは高レベル個体・中間進化・隠れ特性探索を担当。,R1,DexNav連鎖20以上または地方研究ランク2で隠れ特性判定を解禁。通常草むらでは標準特性のみ。,通常種は両地方で捕獲可能。進化後の通常野生化は段階解禁。,FR原作系統を地域の顔として残し、通常表・時間帯表・DexNav・大量発生を使って新種を混在。
トーホク,T502,502ばんどうろ／すいどう,序盤A,Lv.3～6,206,396,ムックル,ムックル → ムクバード → ムクホーク,ノーマル／ひこう,通常生態,外来生態レイヤーへ追加,ずつき／朝昼オーバーレイ,Lv.3～6,追加抽選3～6%,本編必須フラグを変更せず、外来生態フラグ・時間帯・DexNav・大量発生で制御,基礎種を通常配置。中間進化は高レベル地域のDexNav限定、最終進化は原則進化入手,トーホクは本編で使える低～中レベル基礎種、カントーは高レベル個体・中間進化・隠れ特性探索を担当。,R1,DexNav連鎖20以上または地方研究ランク2で隠れ特性判定を解禁。通常草むらでは標準特性のみ。,通常種は両地方で捕獲可能。進化後の通常野生化は段階解禁。,ベガ既存の野生枠を上書きせず、条件付きオーバーレイ／DexNav／夜間・水上・釣り・大量発生の追加抽選へ登録。
カントー,K06,6ばんどうろ,認定章2前後,Lv.75～80,207,399,ビッパ,ビッパ → ビーダル,ノーマル／みず,通常生態,外来生態レイヤーへ追加,釣りオーバーレイ,Lv.75～80,通常表10～20%,ベガ初回殿堂入り後。認定章数でエリアと中間進化枠を段階解禁。,基礎種を通常配置。中間進化は高レベル地域のDexNav限定、最終進化は原則進化入手,トーホクは本編で使える低～中レベル基礎種、カントーは高レベル個体・中間進化・隠れ特性探索を担当。,R4,DexNav連鎖20以上または地方研究ランク2で隠れ特性判定を解禁。通常草むらでは標準特性のみ。,通常種は両地方で捕獲可能。進化後の通常野生化は段階解禁。,FR原作系統を地域の顔として残し、通常表・時間帯表・DexNav・大量発生を使って新種を混在。
トーホク,T509,509ばんどうろ／すいどう,中盤A,Lv.21～27,207,399,ビッパ,ビッパ → ビーダル,ノーマル／みず,通常生態,外来生態レイヤーへ追加,釣りオーバーレイ,Lv.21～27,追加抽選4～8%,本編必須フラグを変更せず、外来生態フラグ・時間帯・DexNav・大量発生で制御,基礎種を通常配置。中間進化は高レベル地域のDexNav限定、最終進化は原則進化入手,トーホクは本編で使える低～中レベル基礎種、カントーは高レベル個体・中間進化・隠れ特性探索を担当。,R4,DexNav連鎖20以上または地方研究ランク2で隠れ特性判定を解禁。通常草むらでは標準特性のみ。,通常種は両地方で捕獲可能。進化後の通常野生化は段階解禁。,ベガ既存の野生枠を上書きせず、条件付きオーバーレイ／DexNav／夜間・水上・釣り・大量発生の追加抽選へ登録。
カントー,K35,サファリゾーン東,認定章5前後,Lv.85～94,208,401,コロボーシ,コロボーシ → コロトック,むし,通常生態,外来生態レイヤーへ追加,ずつき／朝昼オーバーレイ,Lv.85～94,通常表8～15%,ベガ初回殿堂入り後。認定章数でエリアと中間進化枠を段階解禁。,基礎種を通常配置。中間進化は高レベル地域のDexNav限定、最終進化は原則進化入手,トーホクは本編で使える低～中レベル基礎種、カントーは高レベル個体・中間進化・隠れ特性探索を担当。,R2,DexNav連鎖20以上または地方研究ランク2で隠れ特性判定を解禁。通常草むらでは標準特性のみ。,通常種は両地方で捕獲可能。進化後の通常野生化は段階解禁。,FR原作系統を地域の顔として残し、通常表・時間帯表・DexNav・大量発生を使って新種を混在。
トーホク,T036,サファリゾーン東,後半B,Lv.38～48／殿堂入り後Lv.55～70,208,401,コロボーシ,コロボーシ → コロトック,むし,通常生態,外来生態レイヤーへ追加,ずつき／朝昼オーバーレイ,Lv.38～48／殿堂入り後Lv.55～70,追加抽選3～6%,本編必須フラグを変更せず、外来生態フラグ・時間帯・DexNav・大量発生で制御,基礎種を通常配置。中間進化は高レベル地域のDexNav限定、最終進化は原則進化入手,トーホクは本編で使える低～中レベル基礎種、カントーは高レベル個体・中間進化・隠れ特性探索を担当。,R2,DexNav連鎖20以上または地方研究ランク2で隠れ特性判定を解禁。通常草むらでは標準特性のみ。,通常種は両地方で捕獲可能。進化後の通常野生化は段階解禁。,ベガ既存の野生枠を上書きせず、条件付きオーバーレイ／DexNav／夜間・水上・釣り・大量発生の追加抽選へ登録。
カントー,K40,むじんはつでんしょ,認定章2～6,Lv.82～94,209,403,コリンク,コリンク → ルクシオ → レントラー,でんき,通常生態,外来生態レイヤーへ追加,洞窟・屋内オーバーレイ,Lv.82～94,通常表8～15%,ベガ初回殿堂入り後。認定章数でエリアと中間進化枠を段階解禁。,基礎種を通常配置。中間進化は高レベル地域のDexNav限定、最終進化は原則進化入手,トーホクは本編で使える低～中レベル基礎種、カントーは高レベル個体・中間進化・隠れ特性探索を担当。,R4,DexNav連鎖20以上または地方研究ランク2で隠れ特性判定を解禁。通常草むらでは標準特性のみ。,通常種は両地方で捕獲可能。進化後の通常野生化は段階解禁。,FR原作系統を地域の顔として残し、通常表・時間帯表・DexNav・大量発生を使って新種を混在。
トーホク,T029,かみなりのしま,中盤B,Lv.30～40／殿堂入り後Lv.55～70,209,403,コリンク,コリンク → ルクシオ → レントラー,でんき,通常生態,外来生態レイヤーへ追加,草むらオーバーレイ,Lv.30～40／殿堂入り後Lv.55～70,追加抽選3～6%,本編必須フラグを変更せず、外来生態フラグ・時間帯・DexNav・大量発生で制御,基礎種を通常配置。中間進化は高レベル地域のDexNav限定、最終進化は原則進化入手,トーホクは本編で使える低～中レベル基礎種、カントーは高レベル個体・中間進化・隠れ特性探索を担当。,R4,DexNav連鎖20以上または地方研究ランク2で隠れ特性判定を解禁。通常草むらでは標準特性のみ。,通常種は両地方で捕獲可能。進化後の通常野生化は段階解禁。,ベガ既存の野生枠を上書きせず、条件付きオーバーレイ／DexNav／夜間・水上・釣り・大量発生の追加抽選へ登録。
カントー,K33,タマムシ温室,認定章4前後,Lv.82～90,158,406,スボミー,スボミー → ロゼリア → ロズレイド,どく／くさ,ベビィ含有,外来生態レイヤーへ追加,DexNav隠し枠／低確率タマゴ,Lv.82～90,通常0%／DexNav 2～5%,ベガ初回殿堂入り後。認定章数でエリアと中間進化枠を段階解禁。,ベビィはタマゴ／DexNav。通常草むらは非ベビィ基礎種,トーホクは本編で使える低～中レベル基礎種、カントーは高レベル個体・中間進化・隠れ特性探索を担当。,R3,DexNav連鎖20以上または地方研究ランク2で隠れ特性判定を解禁。通常草むらでは標準特性のみ。,通常種は両地方で捕獲可能。進化後の通常野生化は段階解禁。,FR原作系統を地域の顔として残し、通常表・時間帯表・DexNav・大量発生を使って新種を混在。
トーホク,T504,504ばんどうろ／すいどう,序盤B,Lv.9～13,158,406,スボミー,スボミー → ロゼリア → ロズレイド,どく／くさ,ベビィ含有,外来生態レイヤーへ追加,DexNav隠し枠／低確率タマゴ,Lv.9～13,通常0%／DexNav 2～5%,本編必須フラグを変更せず、外来生態フラグ・時間帯・DexNav・大量発生で制御,ベビィはタマゴ／DexNav。通常草むらは非ベビィ基礎種,トーホクは本編で使える低～中レベル基礎種、カントーは高レベル個体・中間進化・隠れ特性探索を担当。,R3,DexNav連鎖20以上または地方研究ランク2で隠れ特性判定を解禁。通常草むらでは標準特性のみ。,通常種は両地方で捕獲可能。進化後の通常野生化は段階解禁。,ベガ既存の野生枠を上書きせず、条件付きオーバーレイ／DexNav／夜間・水上・釣り・大量発生の追加抽選へ登録。
カントー,K44,ニビ博物館・化石研究室,認定章1～6,復元個体Lv.20／再調整Lv.70,211,408,ズガイドス,ズガイドス → ラムパルド,いわ,化石,化石復元追加,博物館鑑定後に復元,Lv.30,月石片／火山灰を消費して反復可,ベガ初回殿堂入り後。認定章数でエリアと中間進化枠を段階解禁。,基礎種を復元,トーホクは早期の復元、カントーは高個体値・隠れ特性の再復元を担当。,R1,DexNav連鎖20以上または地方研究ランク2で隠れ特性判定を解禁。通常草むらでは標準特性のみ。,通常種は両地方で捕獲可能。進化後の通常野生化は段階解禁。,FR原作系統を地域の顔として残し、通常表・時間帯表・DexNav・大量発生を使って新種を混在。
トーホク,T_FOSSIL,ヒスイシティ考古学室,個別条件,Lv.20,211,408,ズガイドス,ズガイドス → ラムパルド,いわ,化石,化石復元追加,発掘片2個を納品して復元,Lv.20,反復採掘可,化石はちえのどうくつ／いわくだき／採掘依頼で反復入手。ガラル化石は2部品合成。,基礎種を復元,トーホクは早期の復元、カントーは高個体値・隠れ特性の再復元を担当。,R1,DexNav連鎖20以上または地方研究ランク2で隠れ特性判定を解禁。通常草むらでは標準特性のみ。,通常種は両地方で捕獲可能。進化後の通常野生化は段階解禁。,ベガ既存の野生枠を上書きせず、条件付きオーバーレイ／DexNav／夜間・水上・釣り・大量発生の追加抽選へ登録。
カントー,K45,グレン研究所,認定章6～7,復元個体Lv.30／実験戦Lv.92,212,410,タテトプス,タテトプス → トリデプス,いわ／はがね,化石,化石復元追加,博物館鑑定後に復元,Lv.30,月石片／火山灰を消費して反復可,ベガ初回殿堂入り後。認定章数でエリアと中間進化枠を段階解禁。,基礎種を復元,トーホクは早期の復元、カントーは高個体値・隠れ特性の再復元を担当。,R3,DexNav連鎖20以上または地方研究ランク2で隠れ特性判定を解禁。通常草むらでは標準特性のみ。,通常種は両地方で捕獲可能。進化後の通常野生化は段階解禁。,FR原作系統を地域の顔として残し、通常表・時間帯表・DexNav・大量発生を使って新種を混在。
トーホク,T_FOSSIL,ヒスイシティ考古学室,個別条件,Lv.20,212,410,タテトプス,タテトプス → トリデプス,いわ／はがね,化石,化石復元追加,発掘片2個を納品して復元,Lv.20,反復採掘可,化石はちえのどうくつ／いわくだき／採掘依頼で反復入手。ガラル化石は2部品合成。,基礎種を復元,トーホクは早期の復元、カントーは高個体値・隠れ特性の再復元を担当。,R3,DexNav連鎖20以上または地方研究ランク2で隠れ特性判定を解禁。通常草むらでは標準特性のみ。,通常種は両地方で捕獲可能。進化後の通常野生化は段階解禁。,ベガ既存の野生枠を上書きせず、条件付きオーバーレイ／DexNav／夜間・水上・釣り・大量発生の追加抽選へ登録。
カントー,K02,2ばんどうろ,カントー序盤,Lv.69～73,213,412,ミノムッチ,ミノムッチ → ミノマダム → ガーメイル,ひこう／むし／くさ,通常生態,外来生態レイヤーへ追加,ずつき／朝昼オーバーレイ,Lv.69～73,通常表8～15%,ベガ初回殿堂入り後。認定章数でエリアと中間進化枠を段階解禁。,基礎種を通常配置。中間進化は高レベル地域のDexNav限定、最終進化は原則進化入手,トーホクは本編で使える低～中レベル基礎種、カントーは高レベル個体・中間進化・隠れ特性探索を担当。,R1,DexNav連鎖20以上または地方研究ランク2で隠れ特性判定を解禁。通常草むらでは標準特性のみ。,通常種は両地方で捕獲可能。進化後の通常野生化は段階解禁。,FR原作系統を地域の顔として残し、通常表・時間帯表・DexNav・大量発生を使って新種を混在。
トーホク,T517,517ばんどうろ／すいどう,後半A,Lv.38～45,213,412,ミノムッチ,ミノムッチ → ミノマダム → ガーメイル,ひこう／むし／くさ,通常生態,外来生態レイヤーへ追加,草むらオーバーレイ,Lv.38～45,追加抽選3～6%,本編必須フラグを変更せず、外来生態フラグ・時間帯・DexNav・大量発生で制御,基礎種を通常配置。中間進化は高レベル地域のDexNav限定、最終進化は原則進化入手,トーホクは本編で使える低～中レベル基礎種、カントーは高レベル個体・中間進化・隠れ特性探索を担当。,R1,DexNav連鎖20以上または地方研究ランク2で隠れ特性判定を解禁。通常草むらでは標準特性のみ。,通常種は両地方で捕獲可能。進化後の通常野生化は段階解禁。,ベガ既存の野生枠を上書きせず、条件付きオーバーレイ／DexNav／夜間・水上・釣り・大量発生の追加抽選へ登録。
カントー,K02,2ばんどうろ,カントー序盤,Lv.69～73,214,415,ミツハニー,ミツハニー → ビークイン,ひこう／むし,通常生態,外来生態レイヤーへ追加,ずつき／朝昼オーバーレイ,Lv.69～73,通常表8～15%,ベガ初回殿堂入り後。認定章数でエリアと中間進化枠を段階解禁。,基礎種を通常配置。中間進化は高レベル地域のDexNav限定、最終進化は原則進化入手,トーホクは本編で使える低～中レベル基礎種、カントーは高レベル個体・中間進化・隠れ特性探索を担当。,R4,DexNav連鎖20以上または地方研究ランク2で隠れ特性判定を解禁。通常草むらでは標準特性のみ。,通常種は両地方で捕獲可能。進化後の通常野生化は段階解禁。,FR原作系統を地域の顔として残し、通常表・時間帯表・DexNav・大量発生を使って新種を混在。
トーホク,T502,502ばんどうろ／すいどう,序盤A,Lv.3～6,214,415,ミツハニー,ミツハニー → ビークイン,ひこう／むし,通常生態,外来生態レイヤーへ追加,ずつき／朝昼オーバーレイ,Lv.3～6,追加抽選3～6%,本編必須フラグを変更せず、外来生態フラグ・時間帯・DexNav・大量発生で制御,基礎種を通常配置。中間進化は高レベル地域のDexNav限定、最終進化は原則進化入手,トーホクは本編で使える低～中レベル基礎種、カントーは高レベル個体・中間進化・隠れ特性探索を担当。,R4,DexNav連鎖20以上または地方研究ランク2で隠れ特性判定を解禁。通常草むらでは標準特性のみ。,通常種は両地方で捕獲可能。進化後の通常野生化は段階解禁。,ベガ既存の野生枠を上書きせず、条件付きオーバーレイ／DexNav／夜間・水上・釣り・大量発生の追加抽選へ登録。
カントー,K10,10ばんどうろ,認定章2～3,Lv.78～84,215,417,パチリス,パチリス,でんき,通常生態,ベガ既存系統を完全保持,草むらオーバーレイ,Lv.78～84,通常表8～15%,ベガ初回殿堂入り後。認定章数でエリアと中間進化枠を段階解禁。,既存個体を保護。追加地域では基礎種または中間進化を希少配置,トーホクではベガ既存個体を保護。カントーでは高レベル個体・隠れ特性・タマゴ技探索を担当。,R2,DexNav連鎖20以上または地方研究ランク2で隠れ特性判定を解禁。通常草むらでは標準特性のみ。,通常種は両地方で捕獲可能。進化後の通常野生化は段階解禁。,FR原作系統を地域の顔として残し、通常表・時間帯表・DexNav・大量発生を使って新種を混在。
トーホク,VEGA_NATIVE,ベガ既存地点（出現表・配布・進化を変更しない）,ベガ既存条件,既存値,215,417,パチリス,パチリス,でんき,通常生態,ベガ既存系統を完全保持,ベガ既存入手法,既存値,既存値,既存イベント・野生表・進化条件を原則維持。現代化で条件が壊れる場合のみ互換処理。,既存個体を保護。追加地域では基礎種または中間進化を希少配置,トーホクではベガ既存個体を保護。カントーでは高レベル個体・隠れ特性・タマゴ技探索を担当。,固定／既存,既存個体を変更しない。カントー側DexNavまたは特性パッチで隠れ特性を補完。,通常種は両地方で捕獲可能。,ベガ既存テーブル・固定イベント・配布・進化参照を変更しない。
カントー,K15,15ばんどうろ,認定章4～5,Lv.85～90,216,418,ブイゼル,ブイゼル → フローゼル,みず,通常生態,ベガ既存系統を完全保持,釣りオーバーレイ,Lv.85～90,通常表10～20%,ベガ初回殿堂入り後。認定章数でエリアと中間進化枠を段階解禁。,既存個体を保護。追加地域では基礎種または中間進化を希少配置,トーホクではベガ既存個体を保護。カントーでは高レベル個体・隠れ特性・タマゴ技探索を担当。,R3,DexNav連鎖20以上または地方研究ランク2で隠れ特性判定を解禁。通常草むらでは標準特性のみ。,通常種は両地方で捕獲可能。進化後の通常野生化は段階解禁。,FR原作系統を地域の顔として残し、通常表・時間帯表・DexNav・大量発生を使って新種を混在。
トーホク,VEGA_NATIVE,ベガ既存地点（出現表・配布・進化を変更しない）,ベガ既存条件,既存値,216,418,ブイゼル,ブイゼル → フローゼル,みず,通常生態,ベガ既存系統を完全保持,ベガ既存入手法,既存値,既存値,既存イベント・野生表・進化条件を原則維持。現代化で条件が壊れる場合のみ互換処理。,既存個体を保護。追加地域では基礎種または中間進化を希少配置,トーホクではベガ既存個体を保護。カントーでは高レベル個体・隠れ特性・タマゴ技探索を担当。,固定／既存,既存個体を変更しない。カントー側DexNavまたは特性パッチで隠れ特性を補完。,通常種は両地方で捕獲可能。,ベガ既存テーブル・固定イベント・配布・進化参照を変更しない。
カントー,K34,サファリゾーン中央,認定章5前後,Lv.85～94,217,420,チェリンボ,チェリンボ → チェリム,くさ,通常生態,外来生態レイヤーへ追加,草むらオーバーレイ,Lv.85～94,通常表8～15%,ベガ初回殿堂入り後。認定章数でエリアと中間進化枠を段階解禁。,基礎種を通常配置。中間進化は高レベル地域のDexNav限定、最終進化は原則進化入手,トーホクは本編で使える低～中レベル基礎種、カントーは高レベル個体・中間進化・隠れ特性探索を担当。,R1,DexNav連鎖20以上または地方研究ランク2で隠れ特性判定を解禁。通常草むらでは標準特性のみ。,通常種は両地方で捕獲可能。進化後の通常野生化は段階解禁。,FR原作系統を地域の顔として残し、通常表・時間帯表・DexNav・大量発生を使って新種を混在。
トーホク,T036,サファリゾーン東,後半B,Lv.38～48／殿堂入り後Lv.55～70,217,420,チェリンボ,チェリンボ → チェリム,くさ,通常生態,外来生態レイヤーへ追加,ずつき／朝昼オーバーレイ,Lv.38～48／殿堂入り後Lv.55～70,追加抽選3～6%,本編必須フラグを変更せず、外来生態フラグ・時間帯・DexNav・大量発生で制御,基礎種を通常配置。中間進化は高レベル地域のDexNav限定、最終進化は原則進化入手,トーホクは本編で使える低～中レベル基礎種、カントーは高レベル個体・中間進化・隠れ特性探索を担当。,R1,DexNav連鎖20以上または地方研究ランク2で隠れ特性判定を解禁。通常草むらでは標準特性のみ。,通常種は両地方で捕獲可能。進化後の通常野生化は段階解禁。,ベガ既存の野生枠を上書きせず、条件付きオーバーレイ／DexNav／夜間・水上・釣り・大量発生の追加抽選へ登録。
カントー,K21,21ばんどうろ,認定章6前後,Lv.89～94,218,422,カラナクシ,カラナクシ → トリトドン,じめん／みず,通常生態,外来生態レイヤーへ追加,水上オーバーレイ,Lv.89～94,通常表10～20%,ベガ初回殿堂入り後。認定章数でエリアと中間進化枠を段階解禁。,基礎種を通常配置。中間進化は高レベル地域のDexNav限定、最終進化は原則進化入手,トーホクは本編で使える低～中レベル基礎種、カントーは高レベル個体・中間進化・隠れ特性探索を担当。,R3,DexNav連鎖20以上または地方研究ランク2で隠れ特性判定を解禁。通常草むらでは標準特性のみ。,通常種は両地方で捕獲可能。進化後の通常野生化は段階解禁。,FR原作系統を地域の顔として残し、通常表・時間帯表・DexNav・大量発生を使って新種を混在。
トーホク,T027,かいていトンネル,中盤A,Lv.20～30,218,422,カラナクシ,カラナクシ → トリトドン,じめん／みず,通常生態,外来生態レイヤーへ追加,水上オーバーレイ,Lv.20～30,追加抽選4～8%,本編必須フラグを変更せず、外来生態フラグ・時間帯・DexNav・大量発生で制御,基礎種を通常配置。中間進化は高レベル地域のDexNav限定、最終進化は原則進化入手,トーホクは本編で使える低～中レベル基礎種、カントーは高レベル個体・中間進化・隠れ特性探索を担当。,R3,DexNav連鎖20以上または地方研究ランク2で隠れ特性判定を解禁。通常草むらでは標準特性のみ。,通常種は両地方で捕獲可能。進化後の通常野生化は段階解禁。,ベガ既存の野生枠を上書きせず、条件付きオーバーレイ／DexNav／夜間・水上・釣り・大量発生の追加抽選へ登録。
カントー,K08,8ばんどうろ,認定章3前後,Lv.79～84,219,425,フワンテ,フワンテ → フワライド,ひこう／ゴースト,通常生態,外来生態レイヤーへ追加,夜間オーバーレイ,Lv.79～84,夜間8～12%,ベガ初回殿堂入り後。認定章数でエリアと中間進化枠を段階解禁。,基礎種を通常配置。中間進化は高レベル地域のDexNav限定、最終進化は原則進化入手,トーホクは本編で使える低～中レベル基礎種、カントーは高レベル個体・中間進化・隠れ特性探索を担当。,R2,DexNav連鎖20以上または地方研究ランク2で隠れ特性判定を解禁。通常草むらでは標準特性のみ。,通常種は両地方で捕獲可能。進化後の通常野生化は段階解禁。,FR原作系統を地域の顔として残し、通常表・時間帯表・DexNav・大量発生を使って新種を混在。
トーホク,T515,515ばんどうろ／すいどう,中盤C,Lv.33～40,219,425,フワンテ,フワンテ → フワライド,ひこう／ゴースト,通常生態,外来生態レイヤーへ追加,夜間オーバーレイ,Lv.33～40,追加抽選3～6%,本編必須フラグを変更せず、外来生態フラグ・時間帯・DexNav・大量発生で制御,基礎種を通常配置。中間進化は高レベル地域のDexNav限定、最終進化は原則進化入手,トーホクは本編で使える低～中レベル基礎種、カントーは高レベル個体・中間進化・隠れ特性探索を担当。,R2,DexNav連鎖20以上または地方研究ランク2で隠れ特性判定を解禁。通常草むらでは標準特性のみ。,通常種は両地方で捕獲可能。進化後の通常野生化は段階解禁。,ベガ既存の野生枠を上書きせず、条件付きオーバーレイ／DexNav／夜間・水上・釣り・大量発生の追加抽選へ登録。
カントー,K14,14ばんどうろ,認定章4～5,Lv.84～89,220,427,ミミロル,ミミロル → ミミロップ,ノーマル,通常生態,外来生態レイヤーへ追加,大量発生,Lv.84～89,通常0%／発生中20～35%,ベガ初回殿堂入り後。認定章数でエリアと中間進化枠を段階解禁。,基礎種を通常配置。中間進化は高レベル地域のDexNav限定、最終進化は原則進化入手,トーホクは本編で使える低～中レベル基礎種、カントーは高レベル個体・中間進化・隠れ特性探索を担当。,R4,DexNav連鎖20以上または地方研究ランク2で隠れ特性判定を解禁。通常草むらでは標準特性のみ。,通常種は両地方で捕獲可能。進化後の通常野生化は段階解禁。,FR原作系統を地域の顔として残し、通常表・時間帯表・DexNav・大量発生を使って新種を混在。
トーホク,T506,506ばんどうろ／すいどう,序盤B,Lv.12～17,220,427,ミミロル,ミミロル → ミミロップ,ノーマル,通常生態,外来生態レイヤーへ追加,大量発生,Lv.12～17,通常0%／発生中20～35%,本編必須フラグを変更せず、外来生態フラグ・時間帯・DexNav・大量発生で制御,基礎種を通常配置。中間進化は高レベル地域のDexNav限定、最終進化は原則進化入手,トーホクは本編で使える低～中レベル基礎種、カントーは高レベル個体・中間進化・隠れ特性探索を担当。,R4,DexNav連鎖20以上または地方研究ランク2で隠れ特性判定を解禁。通常草むらでは標準特性のみ。,通常種は両地方で捕獲可能。進化後の通常野生化は段階解禁。,ベガ既存の野生枠を上書きせず、条件付きオーバーレイ／DexNav／夜間・水上・釣り・大量発生の追加抽選へ登録。
カントー,K05,5ばんどうろ,認定章2前後,Lv.74～79,221,431,ニャルマー,ニャルマー → ブニャット,ノーマル,通常生態,外来生態レイヤーへ追加,草むらオーバーレイ,Lv.74～79,通常表8～15%,ベガ初回殿堂入り後。認定章数でエリアと中間進化枠を段階解禁。,基礎種を通常配置。中間進化は高レベル地域のDexNav限定、最終進化は原則進化入手,トーホクは本編で使える低～中レベル基礎種、カントーは高レベル個体・中間進化・隠れ特性探索を担当。,R4,DexNav連鎖20以上または地方研究ランク2で隠れ特性判定を解禁。通常草むらでは標準特性のみ。,通常種は両地方で捕獲可能。進化後の通常野生化は段階解禁。,FR原作系統を地域の顔として残し、通常表・時間帯表・DexNav・大量発生を使って新種を混在。
トーホク,T503,503ばんどうろ／すいどう,序盤A,Lv.5～9,221,431,ニャルマー,ニャルマー → ブニャット,ノーマル,通常生態,外来生態レイヤーへ追加,草むらオーバーレイ,Lv.5～9,追加抽選3～6%,本編必須フラグを変更せず、外来生態フラグ・時間帯・DexNav・大量発生で制御,基礎種を通常配置。中間進化は高レベル地域のDexNav限定、最終進化は原則進化入手,トーホクは本編で使える低～中レベル基礎種、カントーは高レベル個体・中間進化・隠れ特性探索を担当。,R4,DexNav連鎖20以上または地方研究ランク2で隠れ特性判定を解禁。通常草むらでは標準特性のみ。,通常種は両地方で捕獲可能。進化後の通常野生化は段階解禁。,ベガ既存の野生枠を上書きせず、条件付きオーバーレイ／DexNav／夜間・水上・釣り・大量発生の追加抽選へ登録。
カントー,K41,シルフカンパニー,認定章5～6,Lv.90～97（異常遭遇）,184,433,リーシャン,リーシャン → チリーン,エスパー,ベビィ含有,外来生態レイヤーへ追加,DexNav隠し枠／低確率タマゴ,Lv.90～97（異常遭遇）,通常0%／DexNav 2～5%,ベガ初回殿堂入り後。認定章数でエリアと中間進化枠を段階解禁。,ベビィはタマゴ／DexNav。通常草むらは非ベビィ基礎種,トーホクは本編で使える低～中レベル基礎種、カントーは高レベル個体・中間進化・隠れ特性探索を担当。,R2,DexNav連鎖20以上または地方研究ランク2で隠れ特性判定を解禁。通常草むらでは標準特性のみ。,通常種は両地方で捕獲可能。進化後の通常野生化は段階解禁。,FR原作系統を地域の顔として残し、通常表・時間帯表・DexNav・大量発生を使って新種を混在。
トーホク,T034,D・Hビル,後半A,Lv.42～55／殿堂入り後Lv.62～78,184,433,リーシャン,リーシャン → チリーン,エスパー,ベビィ含有,外来生態レイヤーへ追加,DexNav隠し枠／低確率タマゴ,Lv.42～55／殿堂入り後Lv.62～78,通常0%／DexNav 2～5%,本編必須フラグを変更せず、外来生態フラグ・時間帯・DexNav・大量発生で制御,ベビィはタマゴ／DexNav。通常草むらは非ベビィ基礎種,トーホクは本編で使える低～中レベル基礎種、カントーは高レベル個体・中間進化・隠れ特性探索を担当。,R2,DexNav連鎖20以上または地方研究ランク2で隠れ特性判定を解禁。通常草むらでは標準特性のみ。,通常種は両地方で捕獲可能。進化後の通常野生化は段階解禁。,ベガ既存の野生枠を上書きせず、条件付きオーバーレイ／DexNav／夜間・水上・釣り・大量発生の追加抽選へ登録。
カントー,K32,ロケットだんアジト跡,認定章3～4,Lv.83～91,223,434,スカンプー,スカンプー → スカタンク,どく／あく,通常生態,外来生態レイヤーへ追加,夜間オーバーレイ,Lv.83～91,夜間8～12%,ベガ初回殿堂入り後。認定章数でエリアと中間進化枠を段階解禁。,基礎種を通常配置。中間進化は高レベル地域のDexNav限定、最終進化は原則進化入手,トーホクは本編で使える低～中レベル基礎種、カントーは高レベル個体・中間進化・隠れ特性探索を担当。,R3,DexNav連鎖20以上または地方研究ランク2で隠れ特性判定を解禁。通常草むらでは標準特性のみ。,通常種は両地方で捕獲可能。進化後の通常野生化は段階解禁。,FR原作系統を地域の顔として残し、通常表・時間帯表・DexNav・大量発生を使って新種を混在。
トーホク,T035,D・Hだんアジト,後半A,Lv.44～57／殿堂入り後Lv.65～80,223,434,スカンプー,スカンプー → スカタンク,どく／あく,通常生態,外来生態レイヤーへ追加,夜間オーバーレイ,Lv.44～57／殿堂入り後Lv.65～80,追加抽選3～6%,本編必須フラグを変更せず、外来生態フラグ・時間帯・DexNav・大量発生で制御,基礎種を通常配置。中間進化は高レベル地域のDexNav限定、最終進化は原則進化入手,トーホクは本編で使える低～中レベル基礎種、カントーは高レベル個体・中間進化・隠れ特性探索を担当。,R3,DexNav連鎖20以上または地方研究ランク2で隠れ特性判定を解禁。通常草むらでは標準特性のみ。,通常種は両地方で捕獲可能。進化後の通常野生化は段階解禁。,ベガ既存の野生枠を上書きせず、条件付きオーバーレイ／DexNav／夜間・水上・釣り・大量発生の追加抽選へ登録。
カントー,K27,おつきみやま,認定章1前後,Lv.73～80,224,436,ドーミラー,ドーミラー → ドータクン,はがね／エスパー,人工・無機物,外来生態レイヤーへ追加,いわくだき／DexNav,Lv.73～80,通常0%／DexNav 2～5%,ベガ初回殿堂入り後。認定章数でエリアと中間進化枠を段階解禁。,基礎種を通常配置。中間進化は高レベル地域のDexNav限定、最終進化は原則進化入手,トーホクは本編で使える低～中レベル基礎種、カントーは高レベル個体・中間進化・隠れ特性探索を担当。,R1,DexNav連鎖20以上または地方研究ランク2で隠れ特性判定を解禁。通常草むらでは標準特性のみ。,通常種は両地方で捕獲可能。進化後の通常野生化は段階解禁。,FR原作系統を地域の顔として残し、通常表・時間帯表・DexNav・大量発生を使って新種を混在。
トーホク,T034,D・Hビル,後半A,Lv.42～55／殿堂入り後Lv.62～78,224,436,ドーミラー,ドーミラー → ドータクン,はがね／エスパー,人工・無機物,外来生態レイヤーへ追加,屋内異常遭遇／DexNav,Lv.42～55／殿堂入り後Lv.62～78,通常0%／DexNav 2～5%,本編必須フラグを変更せず、外来生態フラグ・時間帯・DexNav・大量発生で制御,基礎種を通常配置。中間進化は高レベル地域のDexNav限定、最終進化は原則進化入手,トーホクは本編で使える低～中レベル基礎種、カントーは高レベル個体・中間進化・隠れ特性探索を担当。,R1,DexNav連鎖20以上または地方研究ランク2で隠れ特性判定を解禁。通常草むらでは標準特性のみ。,通常種は両地方で捕獲可能。進化後の通常野生化は段階解禁。,ベガ既存の野生枠を上書きせず、条件付きオーバーレイ／DexNav／夜間・水上・釣り・大量発生の追加抽選へ登録。
カントー,K30,イワヤマトンネル,認定章2～3,Lv.80～87,91,438,ウソハチ,ウソハチ → ウソッキー,いわ,ベビィ含有,外来生態レイヤーへ追加,DexNav隠し枠／低確率タマゴ,Lv.80～87,通常0%／DexNav 2～5%,ベガ初回殿堂入り後。認定章数でエリアと中間進化枠を段階解禁。,ベビィはタマゴ／DexNav。通常草むらは非ベビィ基礎種,トーホクは本編で使える低～中レベル基礎種、カントーは高レベル個体・中間進化・隠れ特性探索を担当。,R3,DexNav連鎖20以上または地方研究ランク2で隠れ特性判定を解禁。通常草むらでは標準特性のみ。,通常種は両地方で捕獲可能。進化後の通常野生化は段階解禁。,FR原作系統を地域の顔として残し、通常表・時間帯表・DexNav・大量発生を使って新種を混在。
トーホク,T028,ひのしま,中盤B,Lv.30～40／殿堂入り後Lv.55～70,91,438,ウソハチ,ウソハチ → ウソッキー,いわ,ベビィ含有,外来生態レイヤーへ追加,DexNav隠し枠／低確率タマゴ,Lv.30～40／殿堂入り後Lv.55～70,通常0%／DexNav 2～5%,本編必須フラグを変更せず、外来生態フラグ・時間帯・DexNav・大量発生で制御,ベビィはタマゴ／DexNav。通常草むらは非ベビィ基礎種,トーホクは本編で使える低～中レベル基礎種、カントーは高レベル個体・中間進化・隠れ特性探索を担当。,R3,DexNav連鎖20以上または地方研究ランク2で隠れ特性判定を解禁。通常草むらでは標準特性のみ。,通常種は両地方で捕獲可能。進化後の通常野生化は段階解禁。,ベガ既存の野生枠を上書きせず、条件付きオーバーレイ／DexNav／夜間・水上・釣り・大量発生の追加抽選へ登録。
カントー,K41,シルフカンパニー,認定章5～6,Lv.90～97（異常遭遇）,57,439,マネネ,マネネ → バリヤード → バリコオル,エスパー／こおり／フェアリー,ベビィ含有,外来生態レイヤーへ追加,DexNav隠し枠／低確率タマゴ,Lv.90～97（異常遭遇）,通常0%／DexNav 2～5%,ベガ初回殿堂入り後。認定章数でエリアと中間進化枠を段階解禁。,ベビィはタマゴ／DexNav。通常草むらは非ベビィ基礎種,トーホクは本編で使える低～中レベル基礎種、カントーは高レベル個体・中間進化・隠れ特性探索を担当。,R4,DexNav連鎖20以上または地方研究ランク2で隠れ特性判定を解禁。通常草むらでは標準特性のみ。,通常種は両地方で捕獲可能。進化後の通常野生化は段階解禁。,FR原作系統を地域の顔として残し、通常表・時間帯表・DexNav・大量発生を使って新種を混在。
トーホク,T513,513ばんどうろ／すいどう,中盤B,Lv.28～35,57,439,マネネ,マネネ → バリヤード → バリコオル,エスパー／こおり／フェアリー,ベビィ含有,外来生態レイヤーへ追加,DexNav隠し枠／低確率タマゴ,Lv.28～35,通常0%／DexNav 2～5%,本編必須フラグを変更せず、外来生態フラグ・時間帯・DexNav・大量発生で制御,ベビィはタマゴ／DexNav。通常草むらは非ベビィ基礎種,トーホクは本編で使える低～中レベル基礎種、カントーは高レベル個体・中間進化・隠れ特性探索を担当。,R4,DexNav連鎖20以上または地方研究ランク2で隠れ特性判定を解禁。通常草むらでは標準特性のみ。,通常種は両地方で捕獲可能。進化後の通常野生化は段階解禁。,ベガ既存の野生枠を上書きせず、条件付きオーバーレイ／DexNav／夜間・水上・釣り・大量発生の追加抽選へ登録。
カントー,K37,サファリゾーン西,認定章5前後,Lv.85～94,51,440,ピンプク,ピンプク → ラッキー → ハピナス,ノーマル,ベビィ含有,ベガ既存系統を完全保持,DexNav隠し枠／低確率タマゴ,Lv.85～94,通常0%／DexNav 2～5%,ベガ初回殿堂入り後。認定章数でエリアと中間進化枠を段階解禁。,既存個体を保護。追加地域では基礎種または中間進化を希少配置,トーホクではベガ既存個体を保護。カントーでは高レベル個体・隠れ特性・タマゴ技探索を担当。,R1,DexNav連鎖20以上または地方研究ランク2で隠れ特性判定を解禁。通常草むらでは標準特性のみ。,通常種は両地方で捕獲可能。進化後の通常野生化は段階解禁。,FR原作系統を地域の顔として残し、通常表・時間帯表・DexNav・大量発生を使って新種を混在。
トーホク,VEGA_NATIVE,ベガ既存地点（出現表・配布・進化を変更しない）,ベガ既存条件,既存値,51,440,ピンプク,ピンプク → ラッキー → ハピナス,ノーマル,ベビィ含有,ベガ既存系統を完全保持,ベガ既存入手法,既存値,既存値,既存イベント・野生表・進化条件を原則維持。現代化で条件が壊れる場合のみ互換処理。,既存個体を保護。追加地域では基礎種または中間進化を希少配置,トーホクではベガ既存個体を保護。カントーでは高レベル個体・隠れ特性・タマゴ技探索を担当。,固定／既存,既存個体を変更しない。カントー側DexNavまたは特性パッチで隠れ特性を補完。,通常種は両地方で捕獲可能。,ベガ既存テーブル・固定イベント・配布・進化参照を変更しない。
カントー,K25,25ばんどうろ,認定章1～2,Lv.75～80,228,441,ペラップ,ペラップ,ノーマル／ひこう,通常生態,ベガ既存系統を完全保持,草むらオーバーレイ,Lv.75～80,通常表8～15%,ベガ初回殿堂入り後。認定章数でエリアと中間進化枠を段階解禁。,既存個体を保護。追加地域では基礎種または中間進化を希少配置,トーホクではベガ既存個体を保護。カントーでは高レベル個体・隠れ特性・タマゴ技探索を担当。,R2,DexNav連鎖20以上または地方研究ランク2で隠れ特性判定を解禁。通常草むらでは標準特性のみ。,通常種は両地方で捕獲可能。進化後の通常野生化は段階解禁。,FR原作系統を地域の顔として残し、通常表・時間帯表・DexNav・大量発生を使って新種を混在。
トーホク,VEGA_NATIVE,ベガ既存地点（出現表・配布・進化を変更しない）,ベガ既存条件,既存値,228,441,ペラップ,ペラップ,ノーマル／ひこう,通常生態,ベガ既存系統を完全保持,ベガ既存入手法,既存値,既存値,既存イベント・野生表・進化条件を原則維持。現代化で条件が壊れる場合のみ互換処理。,既存個体を保護。追加地域では基礎種または中間進化を希少配置,トーホクではベガ既存個体を保護。カントーでは高レベル個体・隠れ特性・タマゴ技探索を担当。,固定／既存,既存個体を変更しない。カントー側DexNavまたは特性パッチで隠れ特性を補完。,通常種は両地方で捕獲可能。,ベガ既存テーブル・固定イベント・配布・進化参照を変更しない。
カントー,K08,8ばんどうろ,認定章3前後,Lv.79～84,229,442,ミカルゲ,ミカルゲ,ゴースト／あく,通常生態,外来生態レイヤーへ追加,夜間オーバーレイ,Lv.79～84,夜間8～12%,ベガ初回殿堂入り後。認定章数でエリアと中間進化枠を段階解禁。,基礎種を通常配置。中間進化は高レベル地域のDexNav限定、最終進化は原則進化入手,トーホクは本編で使える低～中レベル基礎種、カントーは高レベル個体・中間進化・隠れ特性探索を担当。,R3,DexNav連鎖20以上または地方研究ランク2で隠れ特性判定を解禁。通常草むらでは標準特性のみ。,通常種は両地方で捕獲可能。進化後の通常野生化は段階解禁。,FR原作系統を地域の顔として残し、通常表・時間帯表・DexNav・大量発生を使って新種を混在。
トーホク,T033,ときのようかん,後半A,Lv.43～55／殿堂入り後Lv.60～75,229,442,ミカルゲ,ミカルゲ,ゴースト／あく,通常生態,外来生態レイヤーへ追加,夜間オーバーレイ,Lv.43～55／殿堂入り後Lv.60～75,追加抽選3～6%,本編必須フラグを変更せず、外来生態フラグ・時間帯・DexNav・大量発生で制御,基礎種を通常配置。中間進化は高レベル地域のDexNav限定、最終進化は原則進化入手,トーホクは本編で使える低～中レベル基礎種、カントーは高レベル個体・中間進化・隠れ特性探索を担当。,R3,DexNav連鎖20以上または地方研究ランク2で隠れ特性判定を解禁。通常草むらでは標準特性のみ。,通常種は両地方で捕獲可能。進化後の通常野生化は段階解禁。,ベガ既存の野生枠を上書きせず、条件付きオーバーレイ／DexNav／夜間・水上・釣り・大量発生の追加抽選へ登録。
カントー,K42,チャンピオンロード,認定章8後,Lv.94～100,230,443,フカマル,フカマル → ガバイト → ガブリアス,じめん／ドラゴン,600族,ベガ既存系統を完全保持,DexNav隠し枠,Lv.94～100,通常0%／DexNav 1～2%,ベガ初回殿堂入り後。認定章数でエリアと中間進化枠を段階解禁。,既存個体を保護。追加地域では基礎種または中間進化を希少配置,トーホクではベガ既存個体を保護。カントーでは高レベル個体・隠れ特性・タマゴ技探索を担当。,R4,DexNav連鎖20以上または地方研究ランク2で隠れ特性判定を解禁。通常草むらでは標準特性のみ。,通常種は両地方で捕獲可能。進化後の通常野生化は段階解禁。,FR原作系統を地域の顔として残し、通常表・時間帯表・DexNav・大量発生を使って新種を混在。
トーホク,VEGA_NATIVE,ベガ既存地点（出現表・配布・進化を変更しない）,ベガ既存条件,既存値,230,443,フカマル,フカマル → ガバイト → ガブリアス,じめん／ドラゴン,600族,ベガ既存系統を完全保持,ベガ既存入手法,既存値,既存値,既存イベント・野生表・進化条件を原則維持。現代化で条件が壊れる場合のみ互換処理。,既存個体を保護。追加地域では基礎種または中間進化を希少配置,トーホクではベガ既存個体を保護。カントーでは高レベル個体・隠れ特性・タマゴ技探索を担当。,固定／既存,既存個体を変更しない。カントー側DexNavまたは特性パッチで隠れ特性を補完。,通常種は両地方で捕獲可能。,ベガ既存テーブル・固定イベント・配布・進化参照を変更しない。
カントー,K12,12ばんどうろ,認定章4前後,Lv.82～87,72,446,ゴンベ,ゴンベ → カビゴン,ノーマル,ベビィ含有,外来生態レイヤーへ追加,DexNav隠し枠／低確率タマゴ,Lv.82～87,通常0%／DexNav 2～5%,ベガ初回殿堂入り後。認定章数でエリアと中間進化枠を段階解禁。,ベビィはタマゴ／DexNav。通常草むらは非ベビィ基礎種,トーホクは本編で使える低～中レベル基礎種、カントーは高レベル個体・中間進化・隠れ特性探索を担当。,R3,DexNav連鎖20以上または地方研究ランク2で隠れ特性判定を解禁。通常草むらでは標準特性のみ。,通常種は両地方で捕獲可能。進化後の通常野生化は段階解禁。,FR原作系統を地域の顔として残し、通常表・時間帯表・DexNav・大量発生を使って新種を混在。
トーホク,T506,506ばんどうろ／すいどう,序盤B,Lv.12～17,72,446,ゴンベ,ゴンベ → カビゴン,ノーマル,ベビィ含有,外来生態レイヤーへ追加,DexNav隠し枠／低確率タマゴ,Lv.12～17,通常0%／DexNav 2～5%,本編必須フラグを変更せず、外来生態フラグ・時間帯・DexNav・大量発生で制御,ベビィはタマゴ／DexNav。通常草むらは非ベビィ基礎種,トーホクは本編で使える低～中レベル基礎種、カントーは高レベル個体・中間進化・隠れ特性探索を担当。,R3,DexNav連鎖20以上または地方研究ランク2で隠れ特性判定を解禁。通常草むらでは標準特性のみ。,通常種は両地方で捕獲可能。進化後の通常野生化は段階解禁。,ベガ既存の野生枠を上書きせず、条件付きオーバーレイ／DexNav／夜間・水上・釣り・大量発生の追加抽選へ登録。
カントー,K42,チャンピオンロード,認定章8後,Lv.94～100,232,447,リオル,リオル → ルカリオ,かくとう／はがね,ベビィ含有,ベガ既存系統を完全保持,DexNav隠し枠／低確率タマゴ,Lv.94～100,通常0%／DexNav 2～5%,ベガ初回殿堂入り後。認定章数でエリアと中間進化枠を段階解禁。,既存個体を保護。追加地域では基礎種または中間進化を希少配置,トーホクではベガ既存個体を保護。カントーでは高レベル個体・隠れ特性・タマゴ技探索を担当。,R4,DexNav連鎖20以上または地方研究ランク2で隠れ特性判定を解禁。通常草むらでは標準特性のみ。,通常種は両地方で捕獲可能。進化後の通常野生化は段階解禁。,FR原作系統を地域の顔として残し、通常表・時間帯表・DexNav・大量発生を使って新種を混在。
トーホク,VEGA_NATIVE,ベガ既存地点（出現表・配布・進化を変更しない）,ベガ既存条件,既存値,232,447,リオル,リオル → ルカリオ,かくとう／はがね,ベビィ含有,ベガ既存系統を完全保持,ベガ既存入手法,既存値,既存値,既存イベント・野生表・進化条件を原則維持。現代化で条件が壊れる場合のみ互換処理。,既存個体を保護。追加地域では基礎種または中間進化を希少配置,トーホクではベガ既存個体を保護。カントーでは高レベル個体・隠れ特性・タマゴ技探索を担当。,固定／既存,既存個体を変更しない。カントー側DexNavまたは特性パッチで隠れ特性を補完。,通常種は両地方で捕獲可能。,ベガ既存テーブル・固定イベント・配布・進化参照を変更しない。
カントー,K30,イワヤマトンネル,認定章2～3,Lv.80～87,233,449,ヒポポタス,ヒポポタス → カバルドン,じめん,通常生態,外来生態レイヤーへ追加,いわくだき／DexNav,Lv.80～87,通常0%／DexNav 2～5%,ベガ初回殿堂入り後。認定章数でエリアと中間進化枠を段階解禁。,基礎種を通常配置。中間進化は高レベル地域のDexNav限定、最終進化は原則進化入手,トーホクは本編で使える低～中レベル基礎種、カントーは高レベル個体・中間進化・隠れ特性探索を担当。,R2,DexNav連鎖20以上または地方研究ランク2で隠れ特性判定を解禁。通常草むらでは標準特性のみ。,通常種は両地方で捕獲可能。進化後の通常野生化は段階解禁。,FR原作系統を地域の顔として残し、通常表・時間帯表・DexNav・大量発生を使って新種を混在。
トーホク,T031,ユキユキやま,中盤C,Lv.36～46／殿堂入り後Lv.58～72,233,449,ヒポポタス,ヒポポタス → カバルドン,じめん,通常生態,外来生態レイヤーへ追加,いわくだき／DexNav,Lv.36～46／殿堂入り後Lv.58～72,通常0%／DexNav 2～5%,本編必須フラグを変更せず、外来生態フラグ・時間帯・DexNav・大量発生で制御,基礎種を通常配置。中間進化は高レベル地域のDexNav限定、最終進化は原則進化入手,トーホクは本編で使える低～中レベル基礎種、カントーは高レベル個体・中間進化・隠れ特性探索を担当。,R2,DexNav連鎖20以上または地方研究ランク2で隠れ特性判定を解禁。通常草むらでは標準特性のみ。,通常種は両地方で捕獲可能。進化後の通常野生化は段階解禁。,ベガ既存の野生枠を上書きせず、条件付きオーバーレイ／DexNav／夜間・水上・釣り・大量発生の追加抽選へ登録。
カントー,K26,トキワのもり,カントー序盤,Lv.70～76,234,451,スコルピ,スコルピ → ドラピオン,どく／むし／あく,通常生態,ベガ既存系統を完全保持,夜間オーバーレイ,Lv.70～76,夜間8～12%,ベガ初回殿堂入り後。認定章数でエリアと中間進化枠を段階解禁。,既存個体を保護。追加地域では基礎種または中間進化を希少配置,トーホクではベガ既存個体を保護。カントーでは高レベル個体・隠れ特性・タマゴ技探索を担当。,R4,DexNav連鎖20以上または地方研究ランク2で隠れ特性判定を解禁。通常草むらでは標準特性のみ。,通常種は両地方で捕獲可能。進化後の通常野生化は段階解禁。,FR原作系統を地域の顔として残し、通常表・時間帯表・DexNav・大量発生を使って新種を混在。
トーホク,VEGA_NATIVE,ベガ既存地点（出現表・配布・進化を変更しない）,ベガ既存条件,既存値,234,451,スコルピ,スコルピ → ドラピオン,どく／むし／あく,通常生態,ベガ既存系統を完全保持,ベガ既存入手法,既存値,既存値,既存イベント・野生表・進化条件を原則維持。現代化で条件が壊れる場合のみ互換処理。,既存個体を保護。追加地域では基礎種または中間進化を希少配置,トーホクではベガ既存個体を保護。カントーでは高レベル個体・隠れ特性・タマゴ技探索を担当。,固定／既存,既存個体を変更しない。カントー側DexNavまたは特性パッチで隠れ特性を補完。,通常種は両地方で捕獲可能。,ベガ既存テーブル・固定イベント・配布・進化参照を変更しない。
カントー,K06,6ばんどうろ,認定章2前後,Lv.75～80,235,453,グレッグル,グレッグル → ドクロッグ,かくとう／どく,通常生態,外来生態レイヤーへ追加,草むらオーバーレイ,Lv.75～80,通常表8～15%,ベガ初回殿堂入り後。認定章数でエリアと中間進化枠を段階解禁。,基礎種を通常配置。中間進化は高レベル地域のDexNav限定、最終進化は原則進化入手,トーホクは本編で使える低～中レベル基礎種、カントーは高レベル個体・中間進化・隠れ特性探索を担当。,R2,DexNav連鎖20以上または地方研究ランク2で隠れ特性判定を解禁。通常草むらでは標準特性のみ。,通常種は両地方で捕獲可能。進化後の通常野生化は段階解禁。,FR原作系統を地域の顔として残し、通常表・時間帯表・DexNav・大量発生を使って新種を混在。
トーホク,T518,518ばんどうろ／すいどう,後半A,Lv.40～47,235,453,グレッグル,グレッグル → ドクロッグ,かくとう／どく,通常生態,外来生態レイヤーへ追加,草むらオーバーレイ,Lv.40～47,追加抽選3～6%,本編必須フラグを変更せず、外来生態フラグ・時間帯・DexNav・大量発生で制御,基礎種を通常配置。中間進化は高レベル地域のDexNav限定、最終進化は原則進化入手,トーホクは本編で使える低～中レベル基礎種、カントーは高レベル個体・中間進化・隠れ特性探索を担当。,R2,DexNav連鎖20以上または地方研究ランク2で隠れ特性判定を解禁。通常草むらでは標準特性のみ。,通常種は両地方で捕獲可能。進化後の通常野生化は段階解禁。,ベガ既存の野生枠を上書きせず、条件付きオーバーレイ／DexNav／夜間・水上・釣り・大量発生の追加抽選へ登録。
カントー,K35,サファリゾーン東,認定章5前後,Lv.85～94,236,455,マスキッパ,マスキッパ,くさ,通常生態,ベガ既存系統を完全保持,ずつき／朝昼オーバーレイ,Lv.85～94,通常表8～15%,ベガ初回殿堂入り後。認定章数でエリアと中間進化枠を段階解禁。,既存個体を保護。追加地域では基礎種または中間進化を希少配置,トーホクではベガ既存個体を保護。カントーでは高レベル個体・隠れ特性・タマゴ技探索を担当。,R4,DexNav連鎖20以上または地方研究ランク2で隠れ特性判定を解禁。通常草むらでは標準特性のみ。,通常種は両地方で捕獲可能。進化後の通常野生化は段階解禁。,FR原作系統を地域の顔として残し、通常表・時間帯表・DexNav・大量発生を使って新種を混在。
トーホク,VEGA_NATIVE,ベガ既存地点（出現表・配布・進化を変更しない）,ベガ既存条件,既存値,236,455,マスキッパ,マスキッパ,くさ,通常生態,ベガ既存系統を完全保持,ベガ既存入手法,既存値,既存値,既存イベント・野生表・進化条件を原則維持。現代化で条件が壊れる場合のみ互換処理。,既存個体を保護。追加地域では基礎種または中間進化を希少配置,トーホクではベガ既存個体を保護。カントーでは高レベル個体・隠れ特性・タマゴ技探索を担当。,固定／既存,既存個体を変更しない。カントー側DexNavまたは特性パッチで隠れ特性を補完。,通常種は両地方で捕獲可能。,ベガ既存テーブル・固定イベント・配布・進化参照を変更しない。
カントー,K13,13ばんどうろ,認定章4前後,Lv.83～88,237,456,ケイコウオ,ケイコウオ → ネオラント,みず,通常生態,外来生態レイヤーへ追加,釣りオーバーレイ,Lv.83～88,通常表10～20%,ベガ初回殿堂入り後。認定章数でエリアと中間進化枠を段階解禁。,基礎種を通常配置。中間進化は高レベル地域のDexNav限定、最終進化は原則進化入手,トーホクは本編で使える低～中レベル基礎種、カントーは高レベル個体・中間進化・隠れ特性探索を担当。,R1,DexNav連鎖20以上または地方研究ランク2で隠れ特性判定を解禁。通常草むらでは標準特性のみ。,通常種は両地方で捕獲可能。進化後の通常野生化は段階解禁。,FR原作系統を地域の顔として残し、通常表・時間帯表・DexNav・大量発生を使って新種を混在。
トーホク,T512,512ばんどうろ／すいどう,中盤B,Lv.27～33,237,456,ケイコウオ,ケイコウオ → ネオラント,みず,通常生態,外来生態レイヤーへ追加,釣りオーバーレイ,Lv.27～33,追加抽選4～8%,本編必須フラグを変更せず、外来生態フラグ・時間帯・DexNav・大量発生で制御,基礎種を通常配置。中間進化は高レベル地域のDexNav限定、最終進化は原則進化入手,トーホクは本編で使える低～中レベル基礎種、カントーは高レベル個体・中間進化・隠れ特性探索を担当。,R1,DexNav連鎖20以上または地方研究ランク2で隠れ特性判定を解禁。通常草むらでは標準特性のみ。,通常種は両地方で捕獲可能。進化後の通常野生化は段階解禁。,ベガ既存の野生枠を上書きせず、条件付きオーバーレイ／DexNav／夜間・水上・釣り・大量発生の追加抽選へ登録。
カントー,K11,11ばんどうろ,認定章2～3,Lv.76～82,116,458,タマンタ,タマンタ → マンタイン,ひこう／みず,ベビィ含有,外来生態レイヤーへ追加,DexNav隠し枠／低確率タマゴ,Lv.76～82,通常0%／DexNav 2～5%,ベガ初回殿堂入り後。認定章数でエリアと中間進化枠を段階解禁。,ベビィはタマゴ／DexNav。通常草むらは非ベビィ基礎種,トーホクは本編で使える低～中レベル基礎種、カントーは高レベル個体・中間進化・隠れ特性探索を担当。,R3,DexNav連鎖20以上または地方研究ランク2で隠れ特性判定を解禁。通常草むらでは標準特性のみ。,通常種は両地方で捕獲可能。進化後の通常野生化は段階解禁。,FR原作系統を地域の顔として残し、通常表・時間帯表・DexNav・大量発生を使って新種を混在。
トーホク,T508,508ばんどうろ／すいどう,中盤A,Lv.19～25,116,458,タマンタ,タマンタ → マンタイン,ひこう／みず,ベビィ含有,外来生態レイヤーへ追加,DexNav隠し枠／低確率タマゴ,Lv.19～25,通常0%／DexNav 2～5%,本編必須フラグを変更せず、外来生態フラグ・時間帯・DexNav・大量発生で制御,ベビィはタマゴ／DexNav。通常草むらは非ベビィ基礎種,トーホクは本編で使える低～中レベル基礎種、カントーは高レベル個体・中間進化・隠れ特性探索を担当。,R3,DexNav連鎖20以上または地方研究ランク2で隠れ特性判定を解禁。通常草むらでは標準特性のみ。,通常種は両地方で捕獲可能。進化後の通常野生化は段階解禁。,ベガ既存の野生枠を上書きせず、条件付きオーバーレイ／DexNav／夜間・水上・釣り・大量発生の追加抽選へ登録。
カントー,K24,24ばんどうろ,認定章1～2,Lv.74～79,239,459,ユキカブリ,ユキカブリ → ユキノオー,くさ／こおり,通常生態,ベガ既存系統を完全保持,草むらオーバーレイ,Lv.74～79,通常表8～15%,ベガ初回殿堂入り後。認定章数でエリアと中間進化枠を段階解禁。,既存個体を保護。追加地域では基礎種または中間進化を希少配置,トーホクではベガ既存個体を保護。カントーでは高レベル個体・隠れ特性・タマゴ技探索を担当。,R4,DexNav連鎖20以上または地方研究ランク2で隠れ特性判定を解禁。通常草むらでは標準特性のみ。,通常種は両地方で捕獲可能。進化後の通常野生化は段階解禁。,FR原作系統を地域の顔として残し、通常表・時間帯表・DexNav・大量発生を使って新種を混在。
トーホク,VEGA_NATIVE,ベガ既存地点（出現表・配布・進化を変更しない）,ベガ既存条件,既存値,239,459,ユキカブリ,ユキカブリ → ユキノオー,くさ／こおり,通常生態,ベガ既存系統を完全保持,ベガ既存入手法,既存値,既存値,既存イベント・野生表・進化条件を原則維持。現代化で条件が壊れる場合のみ互換処理。,既存個体を保護。追加地域では基礎種または中間進化を希少配置,トーホクではベガ既存個体を保護。カントーでは高レベル個体・隠れ特性・タマゴ技探索を担当。,固定／既存,既存個体を変更しない。カントー側DexNavまたは特性パッチで隠れ特性を補完。,通常種は両地方で捕獲可能。,ベガ既存テーブル・固定イベント・配布・進化参照を変更しない。
カントー,K39,ポケモンやしき,認定章6～7,Lv.91～98,240,479,ロトム,ロトム,ゴースト／でんき,人工・無機物,外来生態レイヤーへ追加,夜間オーバーレイ,Lv.91～98,夜間8～12%,ベガ初回殿堂入り後。認定章数でエリアと中間進化枠を段階解禁。,基礎種を通常配置。中間進化は高レベル地域のDexNav限定、最終進化は原則進化入手,トーホクは本編で使える低～中レベル基礎種、カントーは高レベル個体・中間進化・隠れ特性探索を担当。,R4,DexNav連鎖20以上または地方研究ランク2で隠れ特性判定を解禁。通常草むらでは標準特性のみ。,通常種は両地方で捕獲可能。進化後の通常野生化は段階解禁。,FR原作系統を地域の顔として残し、通常表・時間帯表・DexNav・大量発生を使って新種を混在。
トーホク,T035,D・Hだんアジト,後半A,Lv.44～57／殿堂入り後Lv.65～80,240,479,ロトム,ロトム,ゴースト／でんき,人工・無機物,外来生態レイヤーへ追加,夜間オーバーレイ,Lv.44～57／殿堂入り後Lv.65～80,追加抽選3～6%,本編必須フラグを変更せず、外来生態フラグ・時間帯・DexNav・大量発生で制御,基礎種を通常配置。中間進化は高レベル地域のDexNav限定、最終進化は原則進化入手,トーホクは本編で使える低～中レベル基礎種、カントーは高レベル個体・中間進化・隠れ特性探索を担当。,R4,DexNav連鎖20以上または地方研究ランク2で隠れ特性判定を解禁。通常草むらでは標準特性のみ。,通常種は両地方で捕獲可能。進化後の通常野生化は段階解禁。,ベガ既存の野生枠を上書きせず、条件付きオーバーレイ／DexNav／夜間・水上・釣り・大量発生の追加抽選へ登録。
カントー,EVENT_K,24ばんどうろ河岸／サファリ北／ハナダのどうくつ水晶湖,固定イベント／共鳴クエスト,Lv.75,241,480,ユクシー,ユクシー,エスパー,伝説,固定イベント追加,固定シンボル／専用クエスト,Lv.75,原則1体・撃破時復活,殿堂入り＋三湖の調査,固定シンボル／イベント専用。主捕獲地方でのみ捕獲し、副地方は手掛かり・共鳴戦・素材報酬。,主地方で1個体だけ捕獲し、副地方では手掛かり・共鳴戦・専用素材を扱う。捕獲済みフラグは両地方で共有し、重複個体を与えない。,イベント専用,固定個体の特性はイベント定義。隠れ特性は報酬・再戦・特性パッチで救済。,共有捕獲フラグで全地方1個体。撃破時のみ再出現、捕獲後は素材・再戦へ分岐。,野生通常表、DexNav通常検索、大量発生には登録しない。
トーホク,EVENT_T,シオウ湖畔／サファリ北湖／ニューアイランド湖,固定イベント／共鳴クエスト,イベント別,241,480,ユクシー,ユクシー,エスパー,伝説,固定イベント追加,手掛かり／共鳴戦／専用素材,イベント別,重複捕獲なし,殿堂入り＋三湖の調査＋主地方の捕獲フラグ共有,固定シンボル／イベント専用。主捕獲地方でのみ捕獲し、副地方は手掛かり・共鳴戦・素材報酬。,主地方で1個体だけ捕獲し、副地方では手掛かり・共鳴戦・専用素材を扱う。捕獲済みフラグは両地方で共有し、重複個体を与えない。,イベント専用,固定個体の特性はイベント定義。隠れ特性は報酬・再戦・特性パッチで救済。,共有捕獲フラグで全地方1個体。撃破時のみ再出現、捕獲後は素材・再戦へ分岐。,野生通常表、DexNav通常検索、大量発生には登録しない。
カントー,EVENT_K,24ばんどうろ河岸／サファリ北／ハナダのどうくつ水晶湖,固定イベント／共鳴クエスト,イベント別,242,481,エムリット,エムリット,エスパー,伝説,固定イベント追加,手掛かり／共鳴戦／専用素材,イベント別,重複捕獲なし,殿堂入り＋三湖の調査＋主地方の捕獲フラグ共有,固定シンボル／イベント専用。主捕獲地方でのみ捕獲し、副地方は手掛かり・共鳴戦・素材報酬。,主地方で1個体だけ捕獲し、副地方では手掛かり・共鳴戦・専用素材を扱う。捕獲済みフラグは両地方で共有し、重複個体を与えない。,イベント専用,固定個体の特性はイベント定義。隠れ特性は報酬・再戦・特性パッチで救済。,共有捕獲フラグで全地方1個体。撃破時のみ再出現、捕獲後は素材・再戦へ分岐。,野生通常表、DexNav通常検索、大量発生には登録しない。
トーホク,EVENT_T,シオウ湖畔／サファリ北湖／ニューアイランド湖,固定イベント／共鳴クエスト,Lv.75,242,481,エムリット,エムリット,エスパー,伝説,固定イベント追加,固定シンボル／専用クエスト,Lv.75,原則1体・撃破時復活,殿堂入り＋三湖の調査,固定シンボル／イベント専用。主捕獲地方でのみ捕獲し、副地方は手掛かり・共鳴戦・素材報酬。,主地方で1個体だけ捕獲し、副地方では手掛かり・共鳴戦・専用素材を扱う。捕獲済みフラグは両地方で共有し、重複個体を与えない。,イベント専用,固定個体の特性はイベント定義。隠れ特性は報酬・再戦・特性パッチで救済。,共有捕獲フラグで全地方1個体。撃破時のみ再出現、捕獲後は素材・再戦へ分岐。,野生通常表、DexNav通常検索、大量発生には登録しない。
カントー,EVENT_K,24ばんどうろ河岸／サファリ北／ハナダのどうくつ水晶湖,固定イベント／共鳴クエスト,イベント別,243,482,アグノム,アグノム,エスパー,伝説,固定イベント追加,手掛かり／共鳴戦／専用素材,イベント別,重複捕獲なし,殿堂入り＋三湖の調査＋主地方の捕獲フラグ共有,固定シンボル／イベント専用。主捕獲地方でのみ捕獲し、副地方は手掛かり・共鳴戦・素材報酬。,主地方で1個体だけ捕獲し、副地方では手掛かり・共鳴戦・専用素材を扱う。捕獲済みフラグは両地方で共有し、重複個体を与えない。,イベント専用,固定個体の特性はイベント定義。隠れ特性は報酬・再戦・特性パッチで救済。,共有捕獲フラグで全地方1個体。撃破時のみ再出現、捕獲後は素材・再戦へ分岐。,野生通常表、DexNav通常検索、大量発生には登録しない。
トーホク,EVENT_T,シオウ湖畔／サファリ北湖／ニューアイランド湖,固定イベント／共鳴クエスト,Lv.75,243,482,アグノム,アグノム,エスパー,伝説,固定イベント追加,固定シンボル／専用クエスト,Lv.75,原則1体・撃破時復活,殿堂入り＋三湖の調査,固定シンボル／イベント専用。主捕獲地方でのみ捕獲し、副地方は手掛かり・共鳴戦・素材報酬。,主地方で1個体だけ捕獲し、副地方では手掛かり・共鳴戦・専用素材を扱う。捕獲済みフラグは両地方で共有し、重複個体を与えない。,イベント専用,固定個体の特性はイベント定義。隠れ特性は報酬・再戦・特性パッチで救済。,共有捕獲フラグで全地方1個体。撃破時のみ再出現、捕獲後は素材・再戦へ分岐。,野生通常表、DexNav通常検索、大量発生には登録しない。
カントー,EVENT_K,カントー共鳴碑／研究記録,固定イベント／共鳴クエスト,イベント別,244,483,ディアルガ,ディアルガ,はがね／ドラゴン,伝説,ベガ既存特殊個体を保持＋他地方共鳴,手掛かり／共鳴戦／専用素材,イベント別,重複捕獲なし,既存条件＋主地方の捕獲フラグ共有,固定シンボル／イベント専用。主捕獲地方でのみ捕獲し、副地方は手掛かり・共鳴戦・素材報酬。,主地方で1個体だけ捕獲し、副地方では手掛かり・共鳴戦・専用素材を扱う。捕獲済みフラグは両地方で共有し、重複個体を与えない。,イベント専用,固定個体の特性はイベント定義。隠れ特性は報酬・再戦・特性パッチで救済。,共有捕獲フラグで全地方1個体。撃破時のみ再出現、捕獲後は素材・再戦へ分岐。,野生通常表、DexNav通常検索、大量発生には登録しない。
トーホク,EVENT_T,ベガ既存地点,固定イベント／共鳴クエスト,Lv.70,244,483,ディアルガ,ディアルガ,はがね／ドラゴン,伝説,ベガ既存特殊個体を保持＋他地方共鳴,ベガ既存入手法＋捕獲救済,Lv.70,原則1体・撃破時復活,既存条件,固定シンボル／イベント専用。主捕獲地方でのみ捕獲し、副地方は手掛かり・共鳴戦・素材報酬。,主地方で1個体だけ捕獲し、副地方では手掛かり・共鳴戦・専用素材を扱う。捕獲済みフラグは両地方で共有し、重複個体を与えない。,イベント専用,固定個体の特性はイベント定義。隠れ特性は報酬・再戦・特性パッチで救済。,共有捕獲フラグで全地方1個体。撃破時のみ再出現、捕獲後は素材・再戦へ分岐。,野生通常表、DexNav通常検索、大量発生には登録しない。
カントー,EVENT_K,カントー共鳴碑／研究記録,固定イベント／共鳴クエスト,イベント別,245,484,パルキア,パルキア,みず／ドラゴン,伝説,ベガ既存特殊個体を保持＋他地方共鳴,手掛かり／共鳴戦／専用素材,イベント別,重複捕獲なし,既存条件＋主地方の捕獲フラグ共有,固定シンボル／イベント専用。主捕獲地方でのみ捕獲し、副地方は手掛かり・共鳴戦・素材報酬。,主地方で1個体だけ捕獲し、副地方では手掛かり・共鳴戦・専用素材を扱う。捕獲済みフラグは両地方で共有し、重複個体を与えない。,イベント専用,固定個体の特性はイベント定義。隠れ特性は報酬・再戦・特性パッチで救済。,共有捕獲フラグで全地方1個体。撃破時のみ再出現、捕獲後は素材・再戦へ分岐。,野生通常表、DexNav通常検索、大量発生には登録しない。
トーホク,EVENT_T,ベガ既存地点,固定イベント／共鳴クエスト,Lv.70,245,484,パルキア,パルキア,みず／ドラゴン,伝説,ベガ既存特殊個体を保持＋他地方共鳴,ベガ既存入手法＋捕獲救済,Lv.70,原則1体・撃破時復活,既存条件,固定シンボル／イベント専用。主捕獲地方でのみ捕獲し、副地方は手掛かり・共鳴戦・素材報酬。,主地方で1個体だけ捕獲し、副地方では手掛かり・共鳴戦・専用素材を扱う。捕獲済みフラグは両地方で共有し、重複個体を与えない。,イベント専用,固定個体の特性はイベント定義。隠れ特性は報酬・再戦・特性パッチで救済。,共有捕獲フラグで全地方1個体。撃破時のみ再出現、捕獲後は素材・再戦へ分岐。,野生通常表、DexNav通常検索、大量発生には登録しない。
カントー,EVENT_K,カントー共鳴碑／研究記録,固定イベント／共鳴クエスト,イベント別,246,485,ヒードラン,ヒードラン,はがね／ほのお,伝説,ベガ既存特殊個体を保持＋他地方共鳴,手掛かり／共鳴戦／専用素材,イベント別,重複捕獲なし,既存条件＋主地方の捕獲フラグ共有,固定シンボル／イベント専用。主捕獲地方でのみ捕獲し、副地方は手掛かり・共鳴戦・素材報酬。,主地方で1個体だけ捕獲し、副地方では手掛かり・共鳴戦・専用素材を扱う。捕獲済みフラグは両地方で共有し、重複個体を与えない。,イベント専用,固定個体の特性はイベント定義。隠れ特性は報酬・再戦・特性パッチで救済。,共有捕獲フラグで全地方1個体。撃破時のみ再出現、捕獲後は素材・再戦へ分岐。,野生通常表、DexNav通常検索、大量発生には登録しない。
トーホク,EVENT_T,ベガ既存地点,固定イベント／共鳴クエスト,Lv.70,246,485,ヒードラン,ヒードラン,はがね／ほのお,伝説,ベガ既存特殊個体を保持＋他地方共鳴,ベガ既存入手法＋捕獲救済,Lv.70,原則1体・撃破時復活,既存条件,固定シンボル／イベント専用。主捕獲地方でのみ捕獲し、副地方は手掛かり・共鳴戦・素材報酬。,主地方で1個体だけ捕獲し、副地方では手掛かり・共鳴戦・専用素材を扱う。捕獲済みフラグは両地方で共有し、重複個体を与えない。,イベント専用,固定個体の特性はイベント定義。隠れ特性は報酬・再戦・特性パッチで救済。,共有捕獲フラグで全地方1個体。撃破時のみ再出現、捕獲後は素材・再戦へ分岐。,野生通常表、DexNav通常検索、大量発生には登録しない。
カントー,EVENT_K,セキエイ高原・石門,固定イベント／共鳴クエスト,イベント別,247,486,レジギガス,レジギガス,ノーマル,伝説,固定イベント追加,手掛かり／共鳴戦／専用素材,イベント別,重複捕獲なし,6体のレジ系登録＋主地方の捕獲フラグ共有,固定シンボル／イベント専用。主捕獲地方でのみ捕獲し、副地方は手掛かり・共鳴戦・素材報酬。,主地方で1個体だけ捕獲し、副地方では手掛かり・共鳴戦・専用素材を扱う。捕獲済みフラグは両地方で共有し、重複個体を与えない。,イベント専用,固定個体の特性はイベント定義。隠れ特性は報酬・再戦・特性パッチで救済。,共有捕獲フラグで全地方1個体。撃破時のみ再出現、捕獲後は素材・再戦へ分岐。,野生通常表、DexNav通常検索、大量発生には登録しない。
トーホク,EVENT_T,スフィアいせき・巨人の間,固定イベント／共鳴クエスト,Lv.75,247,486,レジギガス,レジギガス,ノーマル,伝説,固定イベント追加,固定シンボル／専用クエスト,Lv.75,原則1体・撃破時復活,6体のレジ系登録,固定シンボル／イベント専用。主捕獲地方でのみ捕獲し、副地方は手掛かり・共鳴戦・素材報酬。,主地方で1個体だけ捕獲し、副地方では手掛かり・共鳴戦・専用素材を扱う。捕獲済みフラグは両地方で共有し、重複個体を与えない。,イベント専用,固定個体の特性はイベント定義。隠れ特性は報酬・再戦・特性パッチで救済。,共有捕獲フラグで全地方1個体。撃破時のみ再出現、捕獲後は素材・再戦へ分岐。,野生通常表、DexNav通常検索、大量発生には登録しない。
カントー,EVENT_K,ポケモンタワー屋上／ハナダのどうくつ反転層,固定イベント／共鳴クエスト,イベント別,248,487,ギラティナ,ギラティナ,ゴースト／ドラゴン,伝説,固定イベント追加,手掛かり／共鳴戦／専用素材,イベント別,重複捕獲なし,殿堂入り＋時空イベント完了＋主地方の捕獲フラグ共有,固定シンボル／イベント専用。主捕獲地方でのみ捕獲し、副地方は手掛かり・共鳴戦・素材報酬。,主地方で1個体だけ捕獲し、副地方では手掛かり・共鳴戦・専用素材を扱う。捕獲済みフラグは両地方で共有し、重複個体を与えない。,イベント専用,固定個体の特性はイベント定義。隠れ特性は報酬・再戦・特性パッチで救済。,共有捕獲フラグで全地方1個体。撃破時のみ再出現、捕獲後は素材・再戦へ分岐。,野生通常表、DexNav通常検索、大量発生には登録しない。
トーホク,EVENT_T,ときのようかん／スフィアいせき裏回廊,固定イベント／共鳴クエスト,Lv.75,248,487,ギラティナ,ギラティナ,ゴースト／ドラゴン,伝説,固定イベント追加,固定シンボル／専用クエスト,Lv.75,原則1体・撃破時復活,殿堂入り＋時空イベント完了,固定シンボル／イベント専用。主捕獲地方でのみ捕獲し、副地方は手掛かり・共鳴戦・素材報酬。,主地方で1個体だけ捕獲し、副地方では手掛かり・共鳴戦・専用素材を扱う。捕獲済みフラグは両地方で共有し、重複個体を与えない。,イベント専用,固定個体の特性はイベント定義。隠れ特性は報酬・再戦・特性パッチで救済。,共有捕獲フラグで全地方1個体。撃破時のみ再出現、捕獲後は素材・再戦へ分岐。,野生通常表、DexNav通常検索、大量発生には登録しない。
カントー,EVENT_K,ポケモンタワー屋上／ハナダのどうくつ反転層,固定イベント／共鳴クエスト,イベント別,249,488,クレセリア,クレセリア,エスパー,伝説,固定イベント追加,手掛かり／共鳴戦／専用素材,イベント別,重複捕獲なし,殿堂入り＋時空イベント完了＋主地方の捕獲フラグ共有,固定シンボル／イベント専用。主捕獲地方でのみ捕獲し、副地方は手掛かり・共鳴戦・素材報酬。,主地方で1個体だけ捕獲し、副地方では手掛かり・共鳴戦・専用素材を扱う。捕獲済みフラグは両地方で共有し、重複個体を与えない。,イベント専用,固定個体の特性はイベント定義。隠れ特性は報酬・再戦・特性パッチで救済。,共有捕獲フラグで全地方1個体。撃破時のみ再出現、捕獲後は素材・再戦へ分岐。,野生通常表、DexNav通常検索、大量発生には登録しない。
トーホク,EVENT_T,ときのようかん／スフィアいせき裏回廊,固定イベント／共鳴クエスト,Lv.75,249,488,クレセリア,クレセリア,エスパー,伝説,固定イベント追加,固定シンボル／専用クエスト,Lv.75,原則1体・撃破時復活,殿堂入り＋時空イベント完了,固定シンボル／イベント専用。主捕獲地方でのみ捕獲し、副地方は手掛かり・共鳴戦・素材報酬。,主地方で1個体だけ捕獲し、副地方では手掛かり・共鳴戦・専用素材を扱う。捕獲済みフラグは両地方で共有し、重複個体を与えない。,イベント専用,固定個体の特性はイベント定義。隠れ特性は報酬・再戦・特性パッチで救済。,共有捕獲フラグで全地方1個体。撃破時のみ再出現、捕獲後は素材・再戦へ分岐。,野生通常表、DexNav通常検索、大量発生には登録しない。
カントー,EVENT_K,カントー共鳴碑／研究記録,固定イベント／共鳴クエスト,イベント別,250,489,フィオネ,フィオネ → マナフィ,みず,幻,ベガ既存特殊個体を保持＋他地方共鳴,手掛かり／共鳴戦／専用素材,イベント別,重複捕獲なし,既存条件＋主地方の捕獲フラグ共有,固定シンボル／イベント専用。主捕獲地方でのみ捕獲し、副地方は手掛かり・共鳴戦・素材報酬。,主地方で1個体だけ捕獲し、副地方では手掛かり・共鳴戦・専用素材を扱う。捕獲済みフラグは両地方で共有し、重複個体を与えない。,イベント専用,固定個体の特性はイベント定義。隠れ特性は報酬・再戦・特性パッチで救済。,共有捕獲フラグで全地方1個体。撃破時のみ再出現、捕獲後は素材・再戦へ分岐。,野生通常表、DexNav通常検索、大量発生には登録しない。
トーホク,EVENT_T,ベガ既存地点,固定イベント／共鳴クエスト,Lv.70,250,489,フィオネ,フィオネ → マナフィ,みず,幻,ベガ既存特殊個体を保持＋他地方共鳴,ベガ既存入手法＋捕獲救済,Lv.70,原則1体・撃破時復活,既存条件,固定シンボル／イベント専用。主捕獲地方でのみ捕獲し、副地方は手掛かり・共鳴戦・素材報酬。,主地方で1個体だけ捕獲し、副地方では手掛かり・共鳴戦・専用素材を扱う。捕獲済みフラグは両地方で共有し、重複個体を与えない。,イベント専用,固定個体の特性はイベント定義。隠れ特性は報酬・再戦・特性パッチで救済。,共有捕獲フラグで全地方1個体。撃破時のみ再出現、捕獲後は素材・再戦へ分岐。,野生通常表、DexNav通常検索、大量発生には登録しない。
カントー,EVENT_K,カントー共鳴碑／研究記録,固定イベント／共鳴クエスト,イベント別,252,491,ダークライ,ダークライ,あく,幻,ベガ既存特殊個体を保持＋他地方共鳴,手掛かり／共鳴戦／専用素材,イベント別,重複捕獲なし,既存条件＋主地方の捕獲フラグ共有,固定シンボル／イベント専用。主捕獲地方でのみ捕獲し、副地方は手掛かり・共鳴戦・素材報酬。,主地方で1個体だけ捕獲し、副地方では手掛かり・共鳴戦・専用素材を扱う。捕獲済みフラグは両地方で共有し、重複個体を与えない。,イベント専用,固定個体の特性はイベント定義。隠れ特性は報酬・再戦・特性パッチで救済。,共有捕獲フラグで全地方1個体。撃破時のみ再出現、捕獲後は素材・再戦へ分岐。,野生通常表、DexNav通常検索、大量発生には登録しない。
トーホク,EVENT_T,ベガ既存地点,固定イベント／共鳴クエスト,Lv.70,252,491,ダークライ,ダークライ,あく,幻,ベガ既存特殊個体を保持＋他地方共鳴,ベガ既存入手法＋捕獲救済,Lv.70,原則1体・撃破時復活,既存条件,固定シンボル／イベント専用。主捕獲地方でのみ捕獲し、副地方は手掛かり・共鳴戦・素材報酬。,主地方で1個体だけ捕獲し、副地方では手掛かり・共鳴戦・専用素材を扱う。捕獲済みフラグは両地方で共有し、重複個体を与えない。,イベント専用,固定個体の特性はイベント定義。隠れ特性は報酬・再戦・特性パッチで救済。,共有捕獲フラグで全地方1個体。撃破時のみ再出現、捕獲後は素材・再戦へ分岐。,野生通常表、DexNav通常検索、大量発生には登録しない。
カントー,EVENT_K,タマムシ温室・花園,固定イベント／共鳴クエスト,Lv.80,253,492,シェイミ,シェイミ,くさ,幻,固定イベント追加,固定シンボル／専用クエスト,Lv.80,原則1体・撃破時復活,全国研究ランク3,固定シンボル／イベント専用。主捕獲地方でのみ捕獲し、副地方は手掛かり・共鳴戦・素材報酬。,主地方で1個体だけ捕獲し、副地方では手掛かり・共鳴戦・専用素材を扱う。捕獲済みフラグは両地方で共有し、重複個体を与えない。,イベント専用,固定個体の特性はイベント定義。隠れ特性は報酬・再戦・特性パッチで救済。,共有捕獲フラグで全地方1個体。撃破時のみ再出現、捕獲後は素材・再戦へ分岐。,野生通常表、DexNav通常検索、大量発生には登録しない。
トーホク,EVENT_T,ハクジのもり奥,固定イベント／共鳴クエスト,イベント別,253,492,シェイミ,シェイミ,くさ,幻,固定イベント追加,手掛かり／共鳴戦／専用素材,イベント別,重複捕獲なし,全国研究ランク3＋主地方の捕獲フラグ共有,固定シンボル／イベント専用。主捕獲地方でのみ捕獲し、副地方は手掛かり・共鳴戦・素材報酬。,主地方で1個体だけ捕獲し、副地方では手掛かり・共鳴戦・専用素材を扱う。捕獲済みフラグは両地方で共有し、重複個体を与えない。,イベント専用,固定個体の特性はイベント定義。隠れ特性は報酬・再戦・特性パッチで救済。,共有捕獲フラグで全地方1個体。撃破時のみ再出現、捕獲後は素材・再戦へ分岐。,野生通常表、DexNav通常検索、大量発生には登録しない。
カントー,EVENT_K,ハナダのどうくつ・創世門,固定イベント／共鳴クエスト,イベント別,254,493,アルセウス,アルセウス,ノーマル,幻,固定イベント追加,手掛かり／共鳴戦／専用素材,イベント別,重複捕獲なし,各世代伝説アーク10件完了＋主地方の捕獲フラグ共有,固定シンボル／イベント専用。主捕獲地方でのみ捕獲し、副地方は手掛かり・共鳴戦・素材報酬。,主地方で1個体だけ捕獲し、副地方では手掛かり・共鳴戦・専用素材を扱う。捕獲済みフラグは両地方で共有し、重複個体を与えない。,イベント専用,固定個体の特性はイベント定義。隠れ特性は報酬・再戦・特性パッチで救済。,共有捕獲フラグで全地方1個体。撃破時のみ再出現、捕獲後は素材・再戦へ分岐。,野生通常表、DexNav通常検索、大量発生には登録しない。
トーホク,EVENT_T,スフィアいせき最深部,固定イベント／共鳴クエスト,Lv.100,254,493,アルセウス,アルセウス,ノーマル,幻,固定イベント追加,固定シンボル／専用クエスト,Lv.100,原則1体・撃破時復活,各世代伝説アーク10件完了,固定シンボル／イベント専用。主捕獲地方でのみ捕獲し、副地方は手掛かり・共鳴戦・素材報酬。,主地方で1個体だけ捕獲し、副地方では手掛かり・共鳴戦・専用素材を扱う。捕獲済みフラグは両地方で共有し、重複個体を与えない。,イベント専用,固定個体の特性はイベント定義。隠れ特性は報酬・再戦・特性パッチで救済。,共有捕獲フラグで全地方1個体。撃破時のみ再出現、捕獲後は素材・再戦へ分岐。,野生通常表、DexNav通常検索、大量発生には登録しない。
カントー,EVENT_K,セキエイ高原・勝利碑,固定イベント／共鳴クエスト,イベント別,255,494,ビクティニ,ビクティニ,ほのお／エスパー,幻,固定イベント追加,手掛かり／共鳴戦／専用素材,イベント別,重複捕獲なし,殿堂入り＋連勝10＋主地方の捕獲フラグ共有,固定シンボル／イベント専用。主捕獲地方でのみ捕獲し、副地方は手掛かり・共鳴戦・素材報酬。,主地方で1個体だけ捕獲し、副地方では手掛かり・共鳴戦・専用素材を扱う。捕獲済みフラグは両地方で共有し、重複個体を与えない。,イベント専用,固定個体の特性はイベント定義。隠れ特性は報酬・再戦・特性パッチで救済。,共有捕獲フラグで全地方1個体。撃破時のみ再出現、捕獲後は素材・再戦へ分岐。,野生通常表、DexNav通常検索、大量発生には登録しない。
トーホク,EVENT_T,ポケモンじょう小塔,固定イベント／共鳴クエスト,Lv.80,255,494,ビクティニ,ビクティニ,ほのお／エスパー,幻,固定イベント追加,固定シンボル／専用クエスト,Lv.80,原則1体・撃破時復活,殿堂入り＋連勝10,固定シンボル／イベント専用。主捕獲地方でのみ捕獲し、副地方は手掛かり・共鳴戦・素材報酬。,主地方で1個体だけ捕獲し、副地方では手掛かり・共鳴戦・専用素材を扱う。捕獲済みフラグは両地方で共有し、重複個体を与えない。,イベント専用,固定個体の特性はイベント定義。隠れ特性は報酬・再戦・特性パッチで救済。,共有捕獲フラグで全地方1個体。撃破時のみ再出現、捕獲後は素材・再戦へ分岐。,野生通常表、DexNav通常検索、大量発生には登録しない。
カントー,K47,マサラタウン・オーキド研究所,カントー序盤,配布個体Lv.5／調整戦Lv.70,256,495,ツタージャ,ツタージャ → ジャノビー → ジャローダ,くさ,御三家,地方研究タマゴ追加,オーキド研究所の生態交換タマゴ,Lv.5,カントー認定章2個ごとに1系統、最終的に全系統反復可,ベガ初回殿堂入り後。認定章数でエリアと中間進化枠を段階解禁。,基礎種をタマゴ配布,御三家を野生化せず、両地方の研究所を巡る収集導線にする。,R4,DexNav連鎖20以上または地方研究ランク2で隠れ特性判定を解禁。通常草むらでは標準特性のみ。,通常種は両地方で捕獲可能。進化後の通常野生化は段階解禁。,FR原作系統を地域の顔として残し、通常表・時間帯表・DexNav・大量発生を使って新種を混在。
トーホク,T_LAB,ハクジタウン・ヒイラギ研究所,個別条件,Lv.5,256,495,ツタージャ,ツタージャ → ジャノビー → ジャローダ,くさ,御三家,地方研究タマゴ追加,地域別研究依頼の報酬タマゴ,Lv.5,研究チケット1枚／系統選択・反復可,各世代の生態サンプルを3件提出。選択式にせず、依頼再受注で全系統入手可能。,基礎種をタマゴ配布,御三家を野生化せず、両地方の研究所を巡る収集導線にする。,R4,DexNav連鎖20以上または地方研究ランク2で隠れ特性判定を解禁。通常草むらでは標準特性のみ。,通常種は両地方で捕獲可能。進化後の通常野生化は段階解禁。,ベガ既存の野生枠を上書きせず、条件付きオーバーレイ／DexNav／夜間・水上・釣り・大量発生の追加抽選へ登録。
カントー,K47,マサラタウン・オーキド研究所,カントー序盤,配布個体Lv.5／調整戦Lv.70,257,498,ポカブ,ポカブ → チャオブー → エンブオー,かくとう／ほのお,御三家,地方研究タマゴ追加,オーキド研究所の生態交換タマゴ,Lv.5,カントー認定章2個ごとに1系統、最終的に全系統反復可,ベガ初回殿堂入り後。認定章数でエリアと中間進化枠を段階解禁。,基礎種をタマゴ配布,御三家を野生化せず、両地方の研究所を巡る収集導線にする。,R3,DexNav連鎖20以上または地方研究ランク2で隠れ特性判定を解禁。通常草むらでは標準特性のみ。,通常種は両地方で捕獲可能。進化後の通常野生化は段階解禁。,FR原作系統を地域の顔として残し、通常表・時間帯表・DexNav・大量発生を使って新種を混在。
トーホク,T_LAB,ハクジタウン・ヒイラギ研究所,個別条件,Lv.5,257,498,ポカブ,ポカブ → チャオブー → エンブオー,かくとう／ほのお,御三家,地方研究タマゴ追加,地域別研究依頼の報酬タマゴ,Lv.5,研究チケット1枚／系統選択・反復可,各世代の生態サンプルを3件提出。選択式にせず、依頼再受注で全系統入手可能。,基礎種をタマゴ配布,御三家を野生化せず、両地方の研究所を巡る収集導線にする。,R3,DexNav連鎖20以上または地方研究ランク2で隠れ特性判定を解禁。通常草むらでは標準特性のみ。,通常種は両地方で捕獲可能。進化後の通常野生化は段階解禁。,ベガ既存の野生枠を上書きせず、条件付きオーバーレイ／DexNav／夜間・水上・釣り・大量発生の追加抽選へ登録。
カントー,K47,マサラタウン・オーキド研究所,カントー序盤,配布個体Lv.5／調整戦Lv.70,258,501,ミジュマル,ミジュマル → フタチマル → ダイケンキ,みず,御三家,地方研究タマゴ追加,オーキド研究所の生態交換タマゴ,Lv.5,カントー認定章2個ごとに1系統、最終的に全系統反復可,ベガ初回殿堂入り後。認定章数でエリアと中間進化枠を段階解禁。,基礎種をタマゴ配布,御三家を野生化せず、両地方の研究所を巡る収集導線にする。,R2,DexNav連鎖20以上または地方研究ランク2で隠れ特性判定を解禁。通常草むらでは標準特性のみ。,通常種は両地方で捕獲可能。進化後の通常野生化は段階解禁。,FR原作系統を地域の顔として残し、通常表・時間帯表・DexNav・大量発生を使って新種を混在。
トーホク,T_LAB,ハクジタウン・ヒイラギ研究所,個別条件,Lv.5,258,501,ミジュマル,ミジュマル → フタチマル → ダイケンキ,みず,御三家,地方研究タマゴ追加,地域別研究依頼の報酬タマゴ,Lv.5,研究チケット1枚／系統選択・反復可,各世代の生態サンプルを3件提出。選択式にせず、依頼再受注で全系統入手可能。,基礎種をタマゴ配布,御三家を野生化せず、両地方の研究所を巡る収集導線にする。,R2,DexNav連鎖20以上または地方研究ランク2で隠れ特性判定を解禁。通常草むらでは標準特性のみ。,通常種は両地方で捕獲可能。進化後の通常野生化は段階解禁。,ベガ既存の野生枠を上書きせず、条件付きオーバーレイ／DexNav／夜間・水上・釣り・大量発生の追加抽選へ登録。
カントー,K16,16ばんどうろ,認定章4前後,Lv.81～86,259,504,ミネズミ,ミネズミ → ミルホッグ,ノーマル,通常生態,外来生態レイヤーへ追加,草むらオーバーレイ,Lv.81～86,通常表8～15%,ベガ初回殿堂入り後。認定章数でエリアと中間進化枠を段階解禁。,基礎種を通常配置。中間進化は高レベル地域のDexNav限定、最終進化は原則進化入手,トーホクは本編で使える低～中レベル基礎種、カントーは高レベル個体・中間進化・隠れ特性探索を担当。,R1,DexNav連鎖20以上または地方研究ランク2で隠れ特性判定を解禁。通常草むらでは標準特性のみ。,通常種は両地方で捕獲可能。進化後の通常野生化は段階解禁。,FR原作系統を地域の顔として残し、通常表・時間帯表・DexNav・大量発生を使って新種を混在。
トーホク,T501,501ばんどうろ／すいどう,序盤A,Lv.2～5,259,504,ミネズミ,ミネズミ → ミルホッグ,ノーマル,通常生態,外来生態レイヤーへ追加,草むらオーバーレイ,Lv.2～5,追加抽選3～6%,本編必須フラグを変更せず、外来生態フラグ・時間帯・DexNav・大量発生で制御,基礎種を通常配置。中間進化は高レベル地域のDexNav限定、最終進化は原則進化入手,トーホクは本編で使える低～中レベル基礎種、カントーは高レベル個体・中間進化・隠れ特性探索を担当。,R1,DexNav連鎖20以上または地方研究ランク2で隠れ特性判定を解禁。通常草むらでは標準特性のみ。,通常種は両地方で捕獲可能。進化後の通常野生化は段階解禁。,ベガ既存の野生枠を上書きせず、条件付きオーバーレイ／DexNav／夜間・水上・釣り・大量発生の追加抽選へ登録。
カントー,K01,1ばんどうろ,カントー序盤,Lv.68～72,260,506,ヨーテリー,ヨーテリー → ハーデリア → ムーランド,ノーマル,通常生態,外来生態レイヤーへ追加,草むらオーバーレイ,Lv.68～72,通常表8～15%,ベガ初回殿堂入り後。認定章数でエリアと中間進化枠を段階解禁。,基礎種を通常配置。中間進化は高レベル地域のDexNav限定、最終進化は原則進化入手,トーホクは本編で使える低～中レベル基礎種、カントーは高レベル個体・中間進化・隠れ特性探索を担当。,R3,DexNav連鎖20以上または地方研究ランク2で隠れ特性判定を解禁。通常草むらでは標準特性のみ。,通常種は両地方で捕獲可能。進化後の通常野生化は段階解禁。,FR原作系統を地域の顔として残し、通常表・時間帯表・DexNav・大量発生を使って新種を混在。
トーホク,T503,503ばんどうろ／すいどう,序盤A,Lv.5～9,260,506,ヨーテリー,ヨーテリー → ハーデリア → ムーランド,ノーマル,通常生態,外来生態レイヤーへ追加,草むらオーバーレイ,Lv.5～9,追加抽選3～6%,本編必須フラグを変更せず、外来生態フラグ・時間帯・DexNav・大量発生で制御,基礎種を通常配置。中間進化は高レベル地域のDexNav限定、最終進化は原則進化入手,トーホクは本編で使える低～中レベル基礎種、カントーは高レベル個体・中間進化・隠れ特性探索を担当。,R3,DexNav連鎖20以上または地方研究ランク2で隠れ特性判定を解禁。通常草むらでは標準特性のみ。,通常種は両地方で捕獲可能。進化後の通常野生化は段階解禁。,ベガ既存の野生枠を上書きせず、条件付きオーバーレイ／DexNav／夜間・水上・釣り・大量発生の追加抽選へ登録。
カントー,K32,ロケットだんアジト跡,認定章3～4,Lv.83～91,261,509,チョロネコ,チョロネコ → レパルダス,あく,通常生態,外来生態レイヤーへ追加,夜間オーバーレイ,Lv.83～91,夜間8～12%,ベガ初回殿堂入り後。認定章数でエリアと中間進化枠を段階解禁。,基礎種を通常配置。中間進化は高レベル地域のDexNav限定、最終進化は原則進化入手,トーホクは本編で使える低～中レベル基礎種、カントーは高レベル個体・中間進化・隠れ特性探索を担当。,R2,DexNav連鎖20以上または地方研究ランク2で隠れ特性判定を解禁。通常草むらでは標準特性のみ。,通常種は両地方で捕獲可能。進化後の通常野生化は段階解禁。,FR原作系統を地域の顔として残し、通常表・時間帯表・DexNav・大量発生を使って新種を混在。
トーホク,T035,D・Hだんアジト,後半A,Lv.44～57／殿堂入り後Lv.65～80,261,509,チョロネコ,チョロネコ → レパルダス,あく,通常生態,外来生態レイヤーへ追加,夜間オーバーレイ,Lv.44～57／殿堂入り後Lv.65～80,追加抽選3～6%,本編必須フラグを変更せず、外来生態フラグ・時間帯・DexNav・大量発生で制御,基礎種を通常配置。中間進化は高レベル地域のDexNav限定、最終進化は原則進化入手,トーホクは本編で使える低～中レベル基礎種、カントーは高レベル個体・中間進化・隠れ特性探索を担当。,R2,DexNav連鎖20以上または地方研究ランク2で隠れ特性判定を解禁。通常草むらでは標準特性のみ。,通常種は両地方で捕獲可能。進化後の通常野生化は段階解禁。,ベガ既存の野生枠を上書きせず、条件付きオーバーレイ／DexNav／夜間・水上・釣り・大量発生の追加抽選へ登録。
カントー,K26,トキワのもり,カントー序盤,Lv.70～76,262,511,ヤナップ,ヤナップ → ヤナッキー,くさ,通常生態,外来生態レイヤーへ追加,ずつき／朝昼オーバーレイ,Lv.70～76,通常表8～15%,ベガ初回殿堂入り後。認定章数でエリアと中間進化枠を段階解禁。,基礎種を通常配置。中間進化は高レベル地域のDexNav限定、最終進化は原則進化入手,トーホクは本編で使える低～中レベル基礎種、カントーは高レベル個体・中間進化・隠れ特性探索を担当。,R4,DexNav連鎖20以上または地方研究ランク2で隠れ特性判定を解禁。通常草むらでは標準特性のみ。,通常種は両地方で捕獲可能。進化後の通常野生化は段階解禁。,FR原作系統を地域の顔として残し、通常表・時間帯表・DexNav・大量発生を使って新種を混在。
トーホク,T517,517ばんどうろ／すいどう,後半A,Lv.38～45,262,511,ヤナップ,ヤナップ → ヤナッキー,くさ,通常生態,外来生態レイヤーへ追加,草むらオーバーレイ,Lv.38～45,追加抽選3～6%,本編必須フラグを変更せず、外来生態フラグ・時間帯・DexNav・大量発生で制御,基礎種を通常配置。中間進化は高レベル地域のDexNav限定、最終進化は原則進化入手,トーホクは本編で使える低～中レベル基礎種、カントーは高レベル個体・中間進化・隠れ特性探索を担当。,R4,DexNav連鎖20以上または地方研究ランク2で隠れ特性判定を解禁。通常草むらでは標準特性のみ。,通常種は両地方で捕獲可能。進化後の通常野生化は段階解禁。,ベガ既存の野生枠を上書きせず、条件付きオーバーレイ／DexNav／夜間・水上・釣り・大量発生の追加抽選へ登録。
カントー,K17,17ばんどうろ,認定章4～5,Lv.83～89,263,513,バオップ,バオップ → バオッキー,ほのお,通常生態,外来生態レイヤーへ追加,草むらオーバーレイ,Lv.83～89,通常表8～15%,ベガ初回殿堂入り後。認定章数でエリアと中間進化枠を段階解禁。,基礎種を通常配置。中間進化は高レベル地域のDexNav限定、最終進化は原則進化入手,トーホクは本編で使える低～中レベル基礎種、カントーは高レベル個体・中間進化・隠れ特性探索を担当。,R2,DexNav連鎖20以上または地方研究ランク2で隠れ特性判定を解禁。通常草むらでは標準特性のみ。,通常種は両地方で捕獲可能。進化後の通常野生化は段階解禁。,FR原作系統を地域の顔として残し、通常表・時間帯表・DexNav・大量発生を使って新種を混在。
トーホク,T521,521ばんどうろ／すいどう,後半B,Lv.45～52,263,513,バオップ,バオップ → バオッキー,ほのお,通常生態,外来生態レイヤーへ追加,草むらオーバーレイ,Lv.45～52,追加抽選3～6%,本編必須フラグを変更せず、外来生態フラグ・時間帯・DexNav・大量発生で制御,基礎種を通常配置。中間進化は高レベル地域のDexNav限定、最終進化は原則進化入手,トーホクは本編で使える低～中レベル基礎種、カントーは高レベル個体・中間進化・隠れ特性探索を担当。,R2,DexNav連鎖20以上または地方研究ランク2で隠れ特性判定を解禁。通常草むらでは標準特性のみ。,通常種は両地方で捕獲可能。進化後の通常野生化は段階解禁。,ベガ既存の野生枠を上書きせず、条件付きオーバーレイ／DexNav／夜間・水上・釣り・大量発生の追加抽選へ登録。
カントー,K36,サファリゾーン北,認定章5前後,Lv.85～94,264,515,ヒヤップ,ヒヤップ → ヒヤッキー,みず,通常生態,外来生態レイヤーへ追加,釣りオーバーレイ,Lv.85～94,通常表10～20%,ベガ初回殿堂入り後。認定章数でエリアと中間進化枠を段階解禁。,基礎種を通常配置。中間進化は高レベル地域のDexNav限定、最終進化は原則進化入手,トーホクは本編で使える低～中レベル基礎種、カントーは高レベル個体・中間進化・隠れ特性探索を担当。,R4,DexNav連鎖20以上または地方研究ランク2で隠れ特性判定を解禁。通常草むらでは標準特性のみ。,通常種は両地方で捕獲可能。進化後の通常野生化は段階解禁。,FR原作系統を地域の顔として残し、通常表・時間帯表・DexNav・大量発生を使って新種を混在。
トーホク,T510,510ばんどうろ／すいどう,中盤B,Lv.24～30,264,515,ヒヤップ,ヒヤップ → ヒヤッキー,みず,通常生態,外来生態レイヤーへ追加,釣りオーバーレイ,Lv.24～30,追加抽選4～8%,本編必須フラグを変更せず、外来生態フラグ・時間帯・DexNav・大量発生で制御,基礎種を通常配置。中間進化は高レベル地域のDexNav限定、最終進化は原則進化入手,トーホクは本編で使える低～中レベル基礎種、カントーは高レベル個体・中間進化・隠れ特性探索を担当。,R4,DexNav連鎖20以上または地方研究ランク2で隠れ特性判定を解禁。通常草むらでは標準特性のみ。,通常種は両地方で捕獲可能。進化後の通常野生化は段階解禁。,ベガ既存の野生枠を上書きせず、条件付きオーバーレイ／DexNav／夜間・水上・釣り・大量発生の追加抽選へ登録。
カントー,K08,8ばんどうろ,認定章3前後,Lv.79～84,265,517,ムンナ,ムンナ → ムシャーナ,エスパー,通常生態,外来生態レイヤーへ追加,草むらオーバーレイ,Lv.79～84,通常表8～15%,ベガ初回殿堂入り後。認定章数でエリアと中間進化枠を段階解禁。,基礎種を通常配置。中間進化は高レベル地域のDexNav限定、最終進化は原則進化入手,トーホクは本編で使える低～中レベル基礎種、カントーは高レベル個体・中間進化・隠れ特性探索を担当。,R2,DexNav連鎖20以上または地方研究ランク2で隠れ特性判定を解禁。通常草むらでは標準特性のみ。,通常種は両地方で捕獲可能。進化後の通常野生化は段階解禁。,FR原作系統を地域の顔として残し、通常表・時間帯表・DexNav・大量発生を使って新種を混在。
トーホク,T025,こころのやかた,序盤B,Lv.8～13／殿堂入り後Lv.45～48,265,517,ムンナ,ムンナ → ムシャーナ,エスパー,通常生態,外来生態レイヤーへ追加,洞窟・屋内オーバーレイ,Lv.8～13／殿堂入り後Lv.45～48,追加抽選3～6%,本編必須フラグを変更せず、外来生態フラグ・時間帯・DexNav・大量発生で制御,基礎種を通常配置。中間進化は高レベル地域のDexNav限定、最終進化は原則進化入手,トーホクは本編で使える低～中レベル基礎種、カントーは高レベル個体・中間進化・隠れ特性探索を担当。,R2,DexNav連鎖20以上または地方研究ランク2で隠れ特性判定を解禁。通常草むらでは標準特性のみ。,通常種は両地方で捕獲可能。進化後の通常野生化は段階解禁。,ベガ既存の野生枠を上書きせず、条件付きオーバーレイ／DexNav／夜間・水上・釣り・大量発生の追加抽選へ登録。
カントー,K25,25ばんどうろ,認定章1～2,Lv.75～80,266,519,マメパト,マメパト → ハトーボー → ケンホロウ,ノーマル／ひこう,通常生態,外来生態レイヤーへ追加,草むらオーバーレイ,Lv.75～80,通常表8～15%,ベガ初回殿堂入り後。認定章数でエリアと中間進化枠を段階解禁。,基礎種を通常配置。中間進化は高レベル地域のDexNav限定、最終進化は原則進化入手,トーホクは本編で使える低～中レベル基礎種、カントーは高レベル個体・中間進化・隠れ特性探索を担当。,R4,DexNav連鎖20以上または地方研究ランク2で隠れ特性判定を解禁。通常草むらでは標準特性のみ。,通常種は両地方で捕獲可能。進化後の通常野生化は段階解禁。,FR原作系統を地域の顔として残し、通常表・時間帯表・DexNav・大量発生を使って新種を混在。
トーホク,T501,501ばんどうろ／すいどう,序盤A,Lv.2～5,266,519,マメパト,マメパト → ハトーボー → ケンホロウ,ノーマル／ひこう,通常生態,外来生態レイヤーへ追加,草むらオーバーレイ,Lv.2～5,追加抽選3～6%,本編必須フラグを変更せず、外来生態フラグ・時間帯・DexNav・大量発生で制御,基礎種を通常配置。中間進化は高レベル地域のDexNav限定、最終進化は原則進化入手,トーホクは本編で使える低～中レベル基礎種、カントーは高レベル個体・中間進化・隠れ特性探索を担当。,R4,DexNav連鎖20以上または地方研究ランク2で隠れ特性判定を解禁。通常草むらでは標準特性のみ。,通常種は両地方で捕獲可能。進化後の通常野生化は段階解禁。,ベガ既存の野生枠を上書きせず、条件付きオーバーレイ／DexNav／夜間・水上・釣り・大量発生の追加抽選へ登録。
カントー,K10,10ばんどうろ,認定章2～3,Lv.78～84,267,522,シママ,シママ → ゼブライカ,でんき,通常生態,外来生態レイヤーへ追加,草むらオーバーレイ,Lv.78～84,通常表8～15%,ベガ初回殿堂入り後。認定章数でエリアと中間進化枠を段階解禁。,基礎種を通常配置。中間進化は高レベル地域のDexNav限定、最終進化は原則進化入手,トーホクは本編で使える低～中レベル基礎種、カントーは高レベル個体・中間進化・隠れ特性探索を担当。,R3,DexNav連鎖20以上または地方研究ランク2で隠れ特性判定を解禁。通常草むらでは標準特性のみ。,通常種は両地方で捕獲可能。進化後の通常野生化は段階解禁。,FR原作系統を地域の顔として残し、通常表・時間帯表・DexNav・大量発生を使って新種を混在。
トーホク,T029,かみなりのしま,中盤B,Lv.30～40／殿堂入り後Lv.55～70,267,522,シママ,シママ → ゼブライカ,でんき,通常生態,外来生態レイヤーへ追加,草むらオーバーレイ,Lv.30～40／殿堂入り後Lv.55～70,追加抽選3～6%,本編必須フラグを変更せず、外来生態フラグ・時間帯・DexNav・大量発生で制御,基礎種を通常配置。中間進化は高レベル地域のDexNav限定、最終進化は原則進化入手,トーホクは本編で使える低～中レベル基礎種、カントーは高レベル個体・中間進化・隠れ特性探索を担当。,R3,DexNav連鎖20以上または地方研究ランク2で隠れ特性判定を解禁。通常草むらでは標準特性のみ。,通常種は両地方で捕獲可能。進化後の通常野生化は段階解禁。,ベガ既存の野生枠を上書きせず、条件付きオーバーレイ／DexNav／夜間・水上・釣り・大量発生の追加抽選へ登録。
カントー,K30,イワヤマトンネル,認定章2～3,Lv.80～87,268,524,ダンゴロ,ダンゴロ → ガントル → ギガイアス,いわ,通常生態,外来生態レイヤーへ追加,いわくだき／DexNav,Lv.80～87,通常0%／DexNav 2～5%,ベガ初回殿堂入り後。認定章数でエリアと中間進化枠を段階解禁。,基礎種を通常配置。中間進化は高レベル地域のDexNav限定、最終進化は原則進化入手,トーホクは本編で使える低～中レベル基礎種、カントーは高レベル個体・中間進化・隠れ特性探索を担当。,R1,DexNav連鎖20以上または地方研究ランク2で隠れ特性判定を解禁。通常草むらでは標準特性のみ。,通常種は両地方で捕獲可能。進化後の通常野生化は段階解禁。,FR原作系統を地域の顔として残し、通常表・時間帯表・DexNav・大量発生を使って新種を混在。
トーホク,T031,ユキユキやま,中盤C,Lv.36～46／殿堂入り後Lv.58～72,268,524,ダンゴロ,ダンゴロ → ガントル → ギガイアス,いわ,通常生態,外来生態レイヤーへ追加,いわくだき／DexNav,Lv.36～46／殿堂入り後Lv.58～72,通常0%／DexNav 2～5%,本編必須フラグを変更せず、外来生態フラグ・時間帯・DexNav・大量発生で制御,基礎種を通常配置。中間進化は高レベル地域のDexNav限定、最終進化は原則進化入手,トーホクは本編で使える低～中レベル基礎種、カントーは高レベル個体・中間進化・隠れ特性探索を担当。,R1,DexNav連鎖20以上または地方研究ランク2で隠れ特性判定を解禁。通常草むらでは標準特性のみ。,通常種は両地方で捕獲可能。進化後の通常野生化は段階解禁。,ベガ既存の野生枠を上書きせず、条件付きオーバーレイ／DexNav／夜間・水上・釣り・大量発生の追加抽選へ登録。
カントー,K23,23ばんどうろ,認定章8後,Lv.92～98,269,527,コロモリ,コロモリ → ココロモリ,ひこう／エスパー,通常生態,外来生態レイヤーへ追加,草むらオーバーレイ,Lv.92～98,通常表8～15%,ベガ初回殿堂入り後。認定章数でエリアと中間進化枠を段階解禁。,基礎種を通常配置。中間進化は高レベル地域のDexNav限定、最終進化は原則進化入手,トーホクは本編で使える低～中レベル基礎種、カントーは高レベル個体・中間進化・隠れ特性探索を担当。,R4,DexNav連鎖20以上または地方研究ランク2で隠れ特性判定を解禁。通常草むらでは標準特性のみ。,通常種は両地方で捕獲可能。進化後の通常野生化は段階解禁。,FR原作系統を地域の顔として残し、通常表・時間帯表・DexNav・大量発生を使って新種を混在。
トーホク,T505,505ばんどうろ／すいどう,序盤B,Lv.10～14,269,527,コロモリ,コロモリ → ココロモリ,ひこう／エスパー,通常生態,外来生態レイヤーへ追加,大量発生,Lv.10～14,通常0%／発生中20～35%,本編必須フラグを変更せず、外来生態フラグ・時間帯・DexNav・大量発生で制御,基礎種を通常配置。中間進化は高レベル地域のDexNav限定、最終進化は原則進化入手,トーホクは本編で使える低～中レベル基礎種、カントーは高レベル個体・中間進化・隠れ特性探索を担当。,R4,DexNav連鎖20以上または地方研究ランク2で隠れ特性判定を解禁。通常草むらでは標準特性のみ。,通常種は両地方で捕獲可能。進化後の通常野生化は段階解禁。,ベガ既存の野生枠を上書きせず、条件付きオーバーレイ／DexNav／夜間・水上・釣り・大量発生の追加抽選へ登録。
カントー,K28,ディグダのあな,認定章2～3,Lv.76～83,270,529,モグリュー,モグリュー → ドリュウズ,じめん／はがね,通常生態,外来生態レイヤーへ追加,いわくだき／DexNav,Lv.76～83,通常0%／DexNav 2～5%,ベガ初回殿堂入り後。認定章数でエリアと中間進化枠を段階解禁。,基礎種を通常配置。中間進化は高レベル地域のDexNav限定、最終進化は原則進化入手,トーホクは本編で使える低～中レベル基礎種、カントーは高レベル個体・中間進化・隠れ特性探索を担当。,R2,DexNav連鎖20以上または地方研究ランク2で隠れ特性判定を解禁。通常草むらでは標準特性のみ。,通常種は両地方で捕獲可能。進化後の通常野生化は段階解禁。,FR原作系統を地域の顔として残し、通常表・時間帯表・DexNav・大量発生を使って新種を混在。
トーホク,T024,ちえのどうくつ,序盤A,Lv.6～9／殿堂入り後Lv.44～48,270,529,モグリュー,モグリュー → ドリュウズ,じめん／はがね,通常生態,外来生態レイヤーへ追加,いわくだき／DexNav,Lv.6～9／殿堂入り後Lv.44～48,通常0%／DexNav 2～5%,本編必須フラグを変更せず、外来生態フラグ・時間帯・DexNav・大量発生で制御,基礎種を通常配置。中間進化は高レベル地域のDexNav限定、最終進化は原則進化入手,トーホクは本編で使える低～中レベル基礎種、カントーは高レベル個体・中間進化・隠れ特性探索を担当。,R2,DexNav連鎖20以上または地方研究ランク2で隠れ特性判定を解禁。通常草むらでは標準特性のみ。,通常種は両地方で捕獲可能。進化後の通常野生化は段階解禁。,ベガ既存の野生枠を上書きせず、条件付きオーバーレイ／DexNav／夜間・水上・釣り・大量発生の追加抽選へ登録。
カントー,K18,18ばんどうろ,認定章4～5,Lv.84～90,271,531,タブンネ,タブンネ,ノーマル,通常生態,外来生態レイヤーへ追加,草むらオーバーレイ,Lv.84～90,通常表8～15%,ベガ初回殿堂入り後。認定章数でエリアと中間進化枠を段階解禁。,基礎種を通常配置。中間進化は高レベル地域のDexNav限定、最終進化は原則進化入手,トーホクは本編で使える低～中レベル基礎種、カントーは高レベル個体・中間進化・隠れ特性探索を担当。,R4,DexNav連鎖20以上または地方研究ランク2で隠れ特性判定を解禁。通常草むらでは標準特性のみ。,通常種は両地方で捕獲可能。進化後の通常野生化は段階解禁。,FR原作系統を地域の顔として残し、通常表・時間帯表・DexNav・大量発生を使って新種を混在。
トーホク,T504,504ばんどうろ／すいどう,序盤B,Lv.9～13,271,531,タブンネ,タブンネ,ノーマル,通常生態,外来生態レイヤーへ追加,草むらオーバーレイ,Lv.9～13,追加抽選3～6%,本編必須フラグを変更せず、外来生態フラグ・時間帯・DexNav・大量発生で制御,基礎種を通常配置。中間進化は高レベル地域のDexNav限定、最終進化は原則進化入手,トーホクは本編で使える低～中レベル基礎種、カントーは高レベル個体・中間進化・隠れ特性探索を担当。,R4,DexNav連鎖20以上または地方研究ランク2で隠れ特性判定を解禁。通常草むらでは標準特性のみ。,通常種は両地方で捕獲可能。進化後の通常野生化は段階解禁。,ベガ既存の野生枠を上書きせず、条件付きオーバーレイ／DexNav／夜間・水上・釣り・大量発生の追加抽選へ登録。
カントー,K09,9ばんどうろ,認定章2～3,Lv.77～82,272,532,ドッコラー,ドッコラー → ドテッコツ → ローブシン,かくとう,通常生態,外来生態レイヤーへ追加,草むらオーバーレイ,Lv.77～82,通常表8～15%,ベガ初回殿堂入り後。認定章数でエリアと中間進化枠を段階解禁。,基礎種を通常配置。中間進化は高レベル地域のDexNav限定、最終進化は原則進化入手,トーホクは本編で使える低～中レベル基礎種、カントーは高レベル個体・中間進化・隠れ特性探索を担当。,R1,DexNav連鎖20以上または地方研究ランク2で隠れ特性判定を解禁。通常草むらでは標準特性のみ。,通常種は両地方で捕獲可能。進化後の通常野生化は段階解禁。,FR原作系統を地域の顔として残し、通常表・時間帯表・DexNav・大量発生を使って新種を混在。
トーホク,T514,514ばんどうろ／すいどう,中盤C,Lv.31～38,272,532,ドッコラー,ドッコラー → ドテッコツ → ローブシン,かくとう,通常生態,外来生態レイヤーへ追加,草むらオーバーレイ,Lv.31～38,追加抽選3～6%,本編必須フラグを変更せず、外来生態フラグ・時間帯・DexNav・大量発生で制御,基礎種を通常配置。中間進化は高レベル地域のDexNav限定、最終進化は原則進化入手,トーホクは本編で使える低～中レベル基礎種、カントーは高レベル個体・中間進化・隠れ特性探索を担当。,R1,DexNav連鎖20以上または地方研究ランク2で隠れ特性判定を解禁。通常草むらでは標準特性のみ。,通常種は両地方で捕獲可能。進化後の通常野生化は段階解禁。,ベガ既存の野生枠を上書きせず、条件付きオーバーレイ／DexNav／夜間・水上・釣り・大量発生の追加抽選へ登録。
カントー,K15,15ばんどうろ,認定章4～5,Lv.85～90,273,535,オタマロ,オタマロ → ガマガル → ガマゲロゲ,じめん／みず,通常生態,外来生態レイヤーへ追加,釣りオーバーレイ,Lv.85～90,通常表10～20%,ベガ初回殿堂入り後。認定章数でエリアと中間進化枠を段階解禁。,基礎種を通常配置。中間進化は高レベル地域のDexNav限定、最終進化は原則進化入手,トーホクは本編で使える低～中レベル基礎種、カントーは高レベル個体・中間進化・隠れ特性探索を担当。,R4,DexNav連鎖20以上または地方研究ランク2で隠れ特性判定を解禁。通常草むらでは標準特性のみ。,通常種は両地方で捕獲可能。進化後の通常野生化は段階解禁。,FR原作系統を地域の顔として残し、通常表・時間帯表・DexNav・大量発生を使って新種を混在。
トーホク,T027,かいていトンネル,中盤A,Lv.20～30,273,535,オタマロ,オタマロ → ガマガル → ガマゲロゲ,じめん／みず,通常生態,外来生態レイヤーへ追加,釣りオーバーレイ,Lv.20～30,追加抽選4～8%,本編必須フラグを変更せず、外来生態フラグ・時間帯・DexNav・大量発生で制御,基礎種を通常配置。中間進化は高レベル地域のDexNav限定、最終進化は原則進化入手,トーホクは本編で使える低～中レベル基礎種、カントーは高レベル個体・中間進化・隠れ特性探索を担当。,R4,DexNav連鎖20以上または地方研究ランク2で隠れ特性判定を解禁。通常草むらでは標準特性のみ。,通常種は両地方で捕獲可能。進化後の通常野生化は段階解禁。,ベガ既存の野生枠を上書きせず、条件付きオーバーレイ／DexNav／夜間・水上・釣り・大量発生の追加抽選へ登録。
カントー,K09,9ばんどうろ,認定章2～3,Lv.77～82,274,538,ナゲキ,ナゲキ,かくとう,通常生態,外来生態レイヤーへ追加,草むらオーバーレイ,Lv.77～82,通常表8～15%,ベガ初回殿堂入り後。認定章数でエリアと中間進化枠を段階解禁。,基礎種を通常配置。中間進化は高レベル地域のDexNav限定、最終進化は原則進化入手,トーホクは本編で使える低～中レベル基礎種、カントーは高レベル個体・中間進化・隠れ特性探索を担当。,R3,DexNav連鎖20以上または地方研究ランク2で隠れ特性判定を解禁。通常草むらでは標準特性のみ。,通常種は両地方で捕獲可能。進化後の通常野生化は段階解禁。,FR原作系統を地域の顔として残し、通常表・時間帯表・DexNav・大量発生を使って新種を混在。
トーホク,T042,チャンピオンロード,リーグ前,Lv.58～66／殿堂入り後Lv.70～88,274,538,ナゲキ,ナゲキ,かくとう,通常生態,外来生態レイヤーへ追加,洞窟・屋内オーバーレイ,Lv.58～66／殿堂入り後Lv.70～88,追加抽選3～6%,本編必須フラグを変更せず、外来生態フラグ・時間帯・DexNav・大量発生で制御,基礎種を通常配置。中間進化は高レベル地域のDexNav限定、最終進化は原則進化入手,トーホクは本編で使える低～中レベル基礎種、カントーは高レベル個体・中間進化・隠れ特性探索を担当。,R3,DexNav連鎖20以上または地方研究ランク2で隠れ特性判定を解禁。通常草むらでは標準特性のみ。,通常種は両地方で捕獲可能。進化後の通常野生化は段階解禁。,ベガ既存の野生枠を上書きせず、条件付きオーバーレイ／DexNav／夜間・水上・釣り・大量発生の追加抽選へ登録。
カントー,K22,22ばんどうろ,認定章7前後,Lv.90～95,275,539,ダゲキ,ダゲキ,かくとう,通常生態,外来生態レイヤーへ追加,草むらオーバーレイ,Lv.90～95,通常表8～15%,ベガ初回殿堂入り後。認定章数でエリアと中間進化枠を段階解禁。,基礎種を通常配置。中間進化は高レベル地域のDexNav限定、最終進化は原則進化入手,トーホクは本編で使える低～中レベル基礎種、カントーは高レベル個体・中間進化・隠れ特性探索を担当。,R4,DexNav連鎖20以上または地方研究ランク2で隠れ特性判定を解禁。通常草むらでは標準特性のみ。,通常種は両地方で捕獲可能。進化後の通常野生化は段階解禁。,FR原作系統を地域の顔として残し、通常表・時間帯表・DexNav・大量発生を使って新種を混在。
トーホク,T042,チャンピオンロード,リーグ前,Lv.58～66／殿堂入り後Lv.70～88,275,539,ダゲキ,ダゲキ,かくとう,通常生態,外来生態レイヤーへ追加,洞窟・屋内オーバーレイ,Lv.58～66／殿堂入り後Lv.70～88,追加抽選3～6%,本編必須フラグを変更せず、外来生態フラグ・時間帯・DexNav・大量発生で制御,基礎種を通常配置。中間進化は高レベル地域のDexNav限定、最終進化は原則進化入手,トーホクは本編で使える低～中レベル基礎種、カントーは高レベル個体・中間進化・隠れ特性探索を担当。,R4,DexNav連鎖20以上または地方研究ランク2で隠れ特性判定を解禁。通常草むらでは標準特性のみ。,通常種は両地方で捕獲可能。進化後の通常野生化は段階解禁。,ベガ既存の野生枠を上書きせず、条件付きオーバーレイ／DexNav／夜間・水上・釣り・大量発生の追加抽選へ登録。
カントー,K35,サファリゾーン東,認定章5前後,Lv.85～94,276,540,クルミル,クルミル → クルマユ → ハハコモリ,むし／くさ,通常生態,外来生態レイヤーへ追加,ずつき／朝昼オーバーレイ,Lv.85～94,通常表8～15%,ベガ初回殿堂入り後。認定章数でエリアと中間進化枠を段階解禁。,基礎種を通常配置。中間進化は高レベル地域のDexNav限定、最終進化は原則進化入手,トーホクは本編で使える低～中レベル基礎種、カントーは高レベル個体・中間進化・隠れ特性探索を担当。,R1,DexNav連鎖20以上または地方研究ランク2で隠れ特性判定を解禁。通常草むらでは標準特性のみ。,通常種は両地方で捕獲可能。進化後の通常野生化は段階解禁。,FR原作系統を地域の顔として残し、通常表・時間帯表・DexNav・大量発生を使って新種を混在。
トーホク,T036,サファリゾーン東,後半B,Lv.38～48／殿堂入り後Lv.55～70,276,540,クルミル,クルミル → クルマユ → ハハコモリ,むし／くさ,通常生態,外来生態レイヤーへ追加,ずつき／朝昼オーバーレイ,Lv.38～48／殿堂入り後Lv.55～70,追加抽選3～6%,本編必須フラグを変更せず、外来生態フラグ・時間帯・DexNav・大量発生で制御,基礎種を通常配置。中間進化は高レベル地域のDexNav限定、最終進化は原則進化入手,トーホクは本編で使える低～中レベル基礎種、カントーは高レベル個体・中間進化・隠れ特性探索を担当。,R1,DexNav連鎖20以上または地方研究ランク2で隠れ特性判定を解禁。通常草むらでは標準特性のみ。,通常種は両地方で捕獲可能。進化後の通常野生化は段階解禁。,ベガ既存の野生枠を上書きせず、条件付きオーバーレイ／DexNav／夜間・水上・釣り・大量発生の追加抽選へ登録。
カントー,K33,タマムシ温室,認定章4前後,Lv.82～90,277,543,フシデ,フシデ → ホイーガ → ペンドラー,どく／むし,通常生態,外来生態レイヤーへ追加,ずつき／朝昼オーバーレイ,Lv.82～90,通常表8～15%,ベガ初回殿堂入り後。認定章数でエリアと中間進化枠を段階解禁。,基礎種を通常配置。中間進化は高レベル地域のDexNav限定、最終進化は原則進化入手,トーホクは本編で使える低～中レベル基礎種、カントーは高レベル個体・中間進化・隠れ特性探索を担当。,R4,DexNav連鎖20以上または地方研究ランク2で隠れ特性判定を解禁。通常草むらでは標準特性のみ。,通常種は両地方で捕獲可能。進化後の通常野生化は段階解禁。,FR原作系統を地域の顔として残し、通常表・時間帯表・DexNav・大量発生を使って新種を混在。
トーホク,T504,504ばんどうろ／すいどう,序盤B,Lv.9～13,277,543,フシデ,フシデ → ホイーガ → ペンドラー,どく／むし,通常生態,外来生態レイヤーへ追加,草むらオーバーレイ,Lv.9～13,追加抽選3～6%,本編必須フラグを変更せず、外来生態フラグ・時間帯・DexNav・大量発生で制御,基礎種を通常配置。中間進化は高レベル地域のDexNav限定、最終進化は原則進化入手,トーホクは本編で使える低～中レベル基礎種、カントーは高レベル個体・中間進化・隠れ特性探索を担当。,R4,DexNav連鎖20以上または地方研究ランク2で隠れ特性判定を解禁。通常草むらでは標準特性のみ。,通常種は両地方で捕獲可能。進化後の通常野生化は段階解禁。,ベガ既存の野生枠を上書きせず、条件付きオーバーレイ／DexNav／夜間・水上・釣り・大量発生の追加抽選へ登録。
カントー,K33,タマムシ温室,認定章4前後,Lv.82～90,278,546,モンメン,モンメン → エルフーン,くさ／フェアリー,通常生態,外来生態レイヤーへ追加,ずつき／朝昼オーバーレイ,Lv.82～90,通常表8～15%,ベガ初回殿堂入り後。認定章数でエリアと中間進化枠を段階解禁。,基礎種を通常配置。中間進化は高レベル地域のDexNav限定、最終進化は原則進化入手,トーホクは本編で使える低～中レベル基礎種、カントーは高レベル個体・中間進化・隠れ特性探索を担当。,R3,DexNav連鎖20以上または地方研究ランク2で隠れ特性判定を解禁。通常草むらでは標準特性のみ。,通常種は両地方で捕獲可能。進化後の通常野生化は段階解禁。,FR原作系統を地域の顔として残し、通常表・時間帯表・DexNav・大量発生を使って新種を混在。
トーホク,T502,502ばんどうろ／すいどう,序盤A,Lv.3～6,278,546,モンメン,モンメン → エルフーン,くさ／フェアリー,通常生態,外来生態レイヤーへ追加,ずつき／朝昼オーバーレイ,Lv.3～6,追加抽選3～6%,本編必須フラグを変更せず、外来生態フラグ・時間帯・DexNav・大量発生で制御,基礎種を通常配置。中間進化は高レベル地域のDexNav限定、最終進化は原則進化入手,トーホクは本編で使える低～中レベル基礎種、カントーは高レベル個体・中間進化・隠れ特性探索を担当。,R3,DexNav連鎖20以上または地方研究ランク2で隠れ特性判定を解禁。通常草むらでは標準特性のみ。,通常種は両地方で捕獲可能。進化後の通常野生化は段階解禁。,ベガ既存の野生枠を上書きせず、条件付きオーバーレイ／DexNav／夜間・水上・釣り・大量発生の追加抽選へ登録。
カントー,K35,サファリゾーン東,認定章5前後,Lv.85～94,279,548,チュリネ,チュリネ → ドレディア,くさ,通常生態,ベガ既存系統を完全保持,ずつき／朝昼オーバーレイ,Lv.85～94,通常表8～15%,ベガ初回殿堂入り後。認定章数でエリアと中間進化枠を段階解禁。,既存個体を保護。追加地域では基礎種または中間進化を希少配置,トーホクではベガ既存個体を保護。カントーでは高レベル個体・隠れ特性・タマゴ技探索を担当。,R1,DexNav連鎖20以上または地方研究ランク2で隠れ特性判定を解禁。通常草むらでは標準特性のみ。,通常種は両地方で捕獲可能。進化後の通常野生化は段階解禁。,FR原作系統を地域の顔として残し、通常表・時間帯表・DexNav・大量発生を使って新種を混在。
トーホク,VEGA_NATIVE,ベガ既存地点（出現表・配布・進化を変更しない）,ベガ既存条件,既存値,279,548,チュリネ,チュリネ → ドレディア,くさ,通常生態,ベガ既存系統を完全保持,ベガ既存入手法,既存値,既存値,既存イベント・野生表・進化条件を原則維持。現代化で条件が壊れる場合のみ互換処理。,既存個体を保護。追加地域では基礎種または中間進化を希少配置,トーホクではベガ既存個体を保護。カントーでは高レベル個体・隠れ特性・タマゴ技探索を担当。,固定／既存,既存個体を変更しない。カントー側DexNavまたは特性パッチで隠れ特性を補完。,通常種は両地方で捕獲可能。,ベガ既存テーブル・固定イベント・配布・進化参照を変更しない。
カントー,K15,15ばんどうろ,認定章4～5,Lv.85～90,280,550,バスラオ,バスラオ → イダイトウ,ゴースト／みず,通常生態,外来生態レイヤーへ追加,釣りオーバーレイ,Lv.85～90,通常表10～20%,ベガ初回殿堂入り後。認定章数でエリアと中間進化枠を段階解禁。,基礎種を通常配置。中間進化は高レベル地域のDexNav限定、最終進化は原則進化入手,トーホクは本編で使える低～中レベル基礎種、カントーは高レベル個体・中間進化・隠れ特性探索を担当。,R3,DexNav連鎖20以上または地方研究ランク2で隠れ特性判定を解禁。通常草むらでは標準特性のみ。,通常種は両地方で捕獲可能。進化後の通常野生化は段階解禁。,FR原作系統を地域の顔として残し、通常表・時間帯表・DexNav・大量発生を使って新種を混在。
トーホク,T513,513ばんどうろ／すいどう,中盤B,Lv.28～35,280,550,バスラオ,バスラオ → イダイトウ,ゴースト／みず,通常生態,外来生態レイヤーへ追加,水上／釣りオーバーレイ,Lv.28～35,追加抽選6～10%,バッジ4個＋なみのり,基礎種を通常配置。中間進化は高レベル地域のDexNav限定、最終進化は原則進化入手,トーホクは本編で使える低～中レベル基礎種、カントーは高レベル個体・中間進化・隠れ特性探索を担当。,R3,DexNav連鎖20以上または地方研究ランク2で隠れ特性判定を解禁。通常草むらでは標準特性のみ。,通常種は両地方で捕獲可能。進化後の通常野生化は段階解禁。,ベガ既存の野生枠を上書きせず、条件付きオーバーレイ／DexNav／夜間・水上・釣り・大量発生の追加抽選へ登録。
カントー,K30,イワヤマトンネル,認定章2～3,Lv.80～87,281,551,メグロコ,メグロコ → ワルビル → ワルビアル,じめん／あく,通常生態,ベガ既存系統を完全保持,夜間オーバーレイ,Lv.80～87,夜間8～12%,ベガ初回殿堂入り後。認定章数でエリアと中間進化枠を段階解禁。,既存個体を保護。追加地域では基礎種または中間進化を希少配置,トーホクではベガ既存個体を保護。カントーでは高レベル個体・隠れ特性・タマゴ技探索を担当。,R4,DexNav連鎖20以上または地方研究ランク2で隠れ特性判定を解禁。通常草むらでは標準特性のみ。,通常種は両地方で捕獲可能。進化後の通常野生化は段階解禁。,FR原作系統を地域の顔として残し、通常表・時間帯表・DexNav・大量発生を使って新種を混在。
トーホク,VEGA_NATIVE,ベガ既存地点（出現表・配布・進化を変更しない）,ベガ既存条件,既存値,281,551,メグロコ,メグロコ → ワルビル → ワルビアル,じめん／あく,通常生態,ベガ既存系統を完全保持,ベガ既存入手法,既存値,既存値,既存イベント・野生表・進化条件を原則維持。現代化で条件が壊れる場合のみ互換処理。,既存個体を保護。追加地域では基礎種または中間進化を希少配置,トーホクではベガ既存個体を保護。カントーでは高レベル個体・隠れ特性・タマゴ技探索を担当。,固定／既存,既存個体を変更しない。カントー側DexNavまたは特性パッチで隠れ特性を補完。,通常種は両地方で捕獲可能。,ベガ既存テーブル・固定イベント・配布・進化参照を変更しない。
カントー,K17,17ばんどうろ,認定章4～5,Lv.83～89,282,554,ダルマッカ,ダルマッカ → ヒヒダルマ,ほのお,通常生態,外来生態レイヤーへ追加,草むらオーバーレイ,Lv.83～89,通常表8～15%,ベガ初回殿堂入り後。認定章数でエリアと中間進化枠を段階解禁。,基礎種を通常配置。中間進化は高レベル地域のDexNav限定、最終進化は原則進化入手,トーホクは本編で使える低～中レベル基礎種、カントーは高レベル個体・中間進化・隠れ特性探索を担当。,R3,DexNav連鎖20以上または地方研究ランク2で隠れ特性判定を解禁。通常草むらでは標準特性のみ。,通常種は両地方で捕獲可能。進化後の通常野生化は段階解禁。,FR原作系統を地域の顔として残し、通常表・時間帯表・DexNav・大量発生を使って新種を混在。
トーホク,T521,521ばんどうろ／すいどう,後半B,Lv.45～52,282,554,ダルマッカ,ダルマッカ → ヒヒダルマ,ほのお,通常生態,外来生態レイヤーへ追加,草むらオーバーレイ,Lv.45～52,追加抽選3～6%,本編必須フラグを変更せず、外来生態フラグ・時間帯・DexNav・大量発生で制御,基礎種を通常配置。中間進化は高レベル地域のDexNav限定、最終進化は原則進化入手,トーホクは本編で使える低～中レベル基礎種、カントーは高レベル個体・中間進化・隠れ特性探索を担当。,R3,DexNav連鎖20以上または地方研究ランク2で隠れ特性判定を解禁。通常草むらでは標準特性のみ。,通常種は両地方で捕獲可能。進化後の通常野生化は段階解禁。,ベガ既存の野生枠を上書きせず、条件付きオーバーレイ／DexNav／夜間・水上・釣り・大量発生の追加抽選へ登録。
カントー,K26,トキワのもり,カントー序盤,Lv.70～76,283,556,マラカッチ,マラカッチ,くさ,通常生態,外来生態レイヤーへ追加,ずつき／朝昼オーバーレイ,Lv.70～76,通常表8～15%,ベガ初回殿堂入り後。認定章数でエリアと中間進化枠を段階解禁。,基礎種を通常配置。中間進化は高レベル地域のDexNav限定、最終進化は原則進化入手,トーホクは本編で使える低～中レベル基礎種、カントーは高レベル個体・中間進化・隠れ特性探索を担当。,R1,DexNav連鎖20以上または地方研究ランク2で隠れ特性判定を解禁。通常草むらでは標準特性のみ。,通常種は両地方で捕獲可能。進化後の通常野生化は段階解禁。,FR原作系統を地域の顔として残し、通常表・時間帯表・DexNav・大量発生を使って新種を混在。
トーホク,T026,ハクジのもり,後半A,Lv.38～48／殿堂入り後Lv.50～65,283,556,マラカッチ,マラカッチ,くさ,通常生態,外来生態レイヤーへ追加,ずつき／朝昼オーバーレイ,Lv.38～48／殿堂入り後Lv.50～65,追加抽選3～6%,本編必須フラグを変更せず、外来生態フラグ・時間帯・DexNav・大量発生で制御,基礎種を通常配置。中間進化は高レベル地域のDexNav限定、最終進化は原則進化入手,トーホクは本編で使える低～中レベル基礎種、カントーは高レベル個体・中間進化・隠れ特性探索を担当。,R1,DexNav連鎖20以上または地方研究ランク2で隠れ特性判定を解禁。通常草むらでは標準特性のみ。,通常種は両地方で捕獲可能。進化後の通常野生化は段階解禁。,ベガ既存の野生枠を上書きせず、条件付きオーバーレイ／DexNav／夜間・水上・釣り・大量発生の追加抽選へ登録。
カントー,K03,3ばんどうろ,認定章1前後,Lv.71～75,284,557,イシズマイ,イシズマイ → イワパレス,いわ／むし,通常生態,ベガ既存系統を完全保持,草むらオーバーレイ,Lv.71～75,通常表8～15%,ベガ初回殿堂入り後。認定章数でエリアと中間進化枠を段階解禁。,既存個体を保護。追加地域では基礎種または中間進化を希少配置,トーホクではベガ既存個体を保護。カントーでは高レベル個体・隠れ特性・タマゴ技探索を担当。,R2,DexNav連鎖20以上または地方研究ランク2で隠れ特性判定を解禁。通常草むらでは標準特性のみ。,通常種は両地方で捕獲可能。進化後の通常野生化は段階解禁。,FR原作系統を地域の顔として残し、通常表・時間帯表・DexNav・大量発生を使って新種を混在。
トーホク,VEGA_NATIVE,ベガ既存地点（出現表・配布・進化を変更しない）,ベガ既存条件,既存値,284,557,イシズマイ,イシズマイ → イワパレス,いわ／むし,通常生態,ベガ既存系統を完全保持,ベガ既存入手法,既存値,既存値,既存イベント・野生表・進化条件を原則維持。現代化で条件が壊れる場合のみ互換処理。,既存個体を保護。追加地域では基礎種または中間進化を希少配置,トーホクではベガ既存個体を保護。カントーでは高レベル個体・隠れ特性・タマゴ技探索を担当。,固定／既存,既存個体を変更しない。カントー側DexNavまたは特性パッチで隠れ特性を補完。,通常種は両地方で捕獲可能。,ベガ既存テーブル・固定イベント・配布・進化参照を変更しない。
カントー,K08,8ばんどうろ,認定章3前後,Lv.79～84,285,559,ズルッグ,ズルッグ → ズルズキン,かくとう／あく,通常生態,ベガ既存系統を完全保持,夜間オーバーレイ,Lv.79～84,夜間8～12%,ベガ初回殿堂入り後。認定章数でエリアと中間進化枠を段階解禁。,既存個体を保護。追加地域では基礎種または中間進化を希少配置,トーホクではベガ既存個体を保護。カントーでは高レベル個体・隠れ特性・タマゴ技探索を担当。,R4,DexNav連鎖20以上または地方研究ランク2で隠れ特性判定を解禁。通常草むらでは標準特性のみ。,通常種は両地方で捕獲可能。進化後の通常野生化は段階解禁。,FR原作系統を地域の顔として残し、通常表・時間帯表・DexNav・大量発生を使って新種を混在。
トーホク,VEGA_NATIVE,ベガ既存地点（出現表・配布・進化を変更しない）,ベガ既存条件,既存値,285,559,ズルッグ,ズルッグ → ズルズキン,かくとう／あく,通常生態,ベガ既存系統を完全保持,ベガ既存入手法,既存値,既存値,既存イベント・野生表・進化条件を原則維持。現代化で条件が壊れる場合のみ互換処理。,既存個体を保護。追加地域では基礎種または中間進化を希少配置,トーホクではベガ既存個体を保護。カントーでは高レベル個体・隠れ特性・タマゴ技探索を担当。,固定／既存,既存個体を変更しない。カントー側DexNavまたは特性パッチで隠れ特性を補完。,通常種は両地方で捕獲可能。,ベガ既存テーブル・固定イベント・配布・進化参照を変更しない。
カントー,K23,23ばんどうろ,認定章8後,Lv.92～98,286,561,シンボラー,シンボラー,ひこう／エスパー,通常生態,外来生態レイヤーへ追加,草むらオーバーレイ,Lv.92～98,通常表8～15%,ベガ初回殿堂入り後。認定章数でエリアと中間進化枠を段階解禁。,基礎種を通常配置。中間進化は高レベル地域のDexNav限定、最終進化は原則進化入手,トーホクは本編で使える低～中レベル基礎種、カントーは高レベル個体・中間進化・隠れ特性探索を担当。,R2,DexNav連鎖20以上または地方研究ランク2で隠れ特性判定を解禁。通常草むらでは標準特性のみ。,通常種は両地方で捕獲可能。進化後の通常野生化は段階解禁。,FR原作系統を地域の顔として残し、通常表・時間帯表・DexNav・大量発生を使って新種を混在。
トーホク,T505,505ばんどうろ／すいどう,序盤B,Lv.10～14,286,561,シンボラー,シンボラー,ひこう／エスパー,通常生態,外来生態レイヤーへ追加,大量発生,Lv.10～14,通常0%／発生中20～35%,本編必須フラグを変更せず、外来生態フラグ・時間帯・DexNav・大量発生で制御,基礎種を通常配置。中間進化は高レベル地域のDexNav限定、最終進化は原則進化入手,トーホクは本編で使える低～中レベル基礎種、カントーは高レベル個体・中間進化・隠れ特性探索を担当。,R2,DexNav連鎖20以上または地方研究ランク2で隠れ特性判定を解禁。通常草むらでは標準特性のみ。,通常種は両地方で捕獲可能。進化後の通常野生化は段階解禁。,ベガ既存の野生枠を上書きせず、条件付きオーバーレイ／DexNav／夜間・水上・釣り・大量発生の追加抽選へ登録。
カントー,K31,ポケモンタワー,認定章3～4,Lv.82～90,287,562,デスマス,デスマス → デスカーン → デスバーン,じめん／ゴースト,通常生態,外来生態レイヤーへ追加,夜間オーバーレイ,Lv.82～90,夜間8～12%,ベガ初回殿堂入り後。認定章数でエリアと中間進化枠を段階解禁。,基礎種を通常配置。中間進化は高レベル地域のDexNav限定、最終進化は原則進化入手,トーホクは本編で使える低～中レベル基礎種、カントーは高レベル個体・中間進化・隠れ特性探索を担当。,R3,DexNav連鎖20以上または地方研究ランク2で隠れ特性判定を解禁。通常草むらでは標準特性のみ。,通常種は両地方で捕獲可能。進化後の通常野生化は段階解禁。,FR原作系統を地域の顔として残し、通常表・時間帯表・DexNav・大量発生を使って新種を混在。
トーホク,T515,515ばんどうろ／すいどう,中盤C,Lv.33～40,287,562,デスマス,デスマス → デスカーン → デスバーン,じめん／ゴースト,通常生態,外来生態レイヤーへ追加,夜間オーバーレイ,Lv.33～40,追加抽選3～6%,本編必須フラグを変更せず、外来生態フラグ・時間帯・DexNav・大量発生で制御,基礎種を通常配置。中間進化は高レベル地域のDexNav限定、最終進化は原則進化入手,トーホクは本編で使える低～中レベル基礎種、カントーは高レベル個体・中間進化・隠れ特性探索を担当。,R3,DexNav連鎖20以上または地方研究ランク2で隠れ特性判定を解禁。通常草むらでは標準特性のみ。,通常種は両地方で捕獲可能。進化後の通常野生化は段階解禁。,ベガ既存の野生枠を上書きせず、条件付きオーバーレイ／DexNav／夜間・水上・釣り・大量発生の追加抽選へ登録。
カントー,K44,ニビ博物館・化石研究室,認定章1～6,復元個体Lv.20／再調整Lv.70,288,564,プロトーガ,プロトーガ → アバゴーラ,いわ／みず,化石,化石復元追加,博物館鑑定後に復元,Lv.30,月石片／火山灰を消費して反復可,ベガ初回殿堂入り後。認定章数でエリアと中間進化枠を段階解禁。,基礎種を復元,トーホクは早期の復元、カントーは高個体値・隠れ特性の再復元を担当。,R1,DexNav連鎖20以上または地方研究ランク2で隠れ特性判定を解禁。通常草むらでは標準特性のみ。,通常種は両地方で捕獲可能。進化後の通常野生化は段階解禁。,FR原作系統を地域の顔として残し、通常表・時間帯表・DexNav・大量発生を使って新種を混在。
トーホク,T_FOSSIL,ヒスイシティ考古学室,個別条件,Lv.20,288,564,プロトーガ,プロトーガ → アバゴーラ,いわ／みず,化石,化石復元追加,発掘片2個を納品して復元,Lv.20,反復採掘可,化石はちえのどうくつ／いわくだき／採掘依頼で反復入手。ガラル化石は2部品合成。,基礎種を復元,トーホクは早期の復元、カントーは高個体値・隠れ特性の再復元を担当。,R1,DexNav連鎖20以上または地方研究ランク2で隠れ特性判定を解禁。通常草むらでは標準特性のみ。,通常種は両地方で捕獲可能。進化後の通常野生化は段階解禁。,ベガ既存の野生枠を上書きせず、条件付きオーバーレイ／DexNav／夜間・水上・釣り・大量発生の追加抽選へ登録。
カントー,K44,ニビ博物館・化石研究室,認定章1～6,復元個体Lv.20／再調整Lv.70,289,566,アーケン,アーケン → アーケオス,ひこう／いわ,化石,化石復元追加,博物館鑑定後に復元,Lv.30,月石片／火山灰を消費して反復可,ベガ初回殿堂入り後。認定章数でエリアと中間進化枠を段階解禁。,基礎種を復元,トーホクは早期の復元、カントーは高個体値・隠れ特性の再復元を担当。,R3,DexNav連鎖20以上または地方研究ランク2で隠れ特性判定を解禁。通常草むらでは標準特性のみ。,通常種は両地方で捕獲可能。進化後の通常野生化は段階解禁。,FR原作系統を地域の顔として残し、通常表・時間帯表・DexNav・大量発生を使って新種を混在。
トーホク,T_FOSSIL,ヒスイシティ考古学室,個別条件,Lv.20,289,566,アーケン,アーケン → アーケオス,ひこう／いわ,化石,化石復元追加,発掘片2個を納品して復元,Lv.20,反復採掘可,化石はちえのどうくつ／いわくだき／採掘依頼で反復入手。ガラル化石は2部品合成。,基礎種を復元,トーホクは早期の復元、カントーは高個体値・隠れ特性の再復元を担当。,R3,DexNav連鎖20以上または地方研究ランク2で隠れ特性判定を解禁。通常草むらでは標準特性のみ。,通常種は両地方で捕獲可能。進化後の通常野生化は段階解禁。,ベガ既存の野生枠を上書きせず、条件付きオーバーレイ／DexNav／夜間・水上・釣り・大量発生の追加抽選へ登録。
カントー,K32,ロケットだんアジト跡,認定章3～4,Lv.83～91,290,568,ヤブクロン,ヤブクロン → ダストダス,どく,通常生態,外来生態レイヤーへ追加,洞窟・屋内オーバーレイ,Lv.83～91,通常表8～15%,ベガ初回殿堂入り後。認定章数でエリアと中間進化枠を段階解禁。,基礎種を通常配置。中間進化は高レベル地域のDexNav限定、最終進化は原則進化入手,トーホクは本編で使える低～中レベル基礎種、カントーは高レベル個体・中間進化・隠れ特性探索を担当。,R1,DexNav連鎖20以上または地方研究ランク2で隠れ特性判定を解禁。通常草むらでは標準特性のみ。,通常種は両地方で捕獲可能。進化後の通常野生化は段階解禁。,FR原作系統を地域の顔として残し、通常表・時間帯表・DexNav・大量発生を使って新種を混在。
トーホク,T035,D・Hだんアジト,後半A,Lv.44～57／殿堂入り後Lv.65～80,290,568,ヤブクロン,ヤブクロン → ダストダス,どく,通常生態,外来生態レイヤーへ追加,洞窟・屋内オーバーレイ,Lv.44～57／殿堂入り後Lv.65～80,追加抽選3～6%,本編必須フラグを変更せず、外来生態フラグ・時間帯・DexNav・大量発生で制御,基礎種を通常配置。中間進化は高レベル地域のDexNav限定、最終進化は原則進化入手,トーホクは本編で使える低～中レベル基礎種、カントーは高レベル個体・中間進化・隠れ特性探索を担当。,R1,DexNav連鎖20以上または地方研究ランク2で隠れ特性判定を解禁。通常草むらでは標準特性のみ。,通常種は両地方で捕獲可能。進化後の通常野生化は段階解禁。,ベガ既存の野生枠を上書きせず、条件付きオーバーレイ／DexNav／夜間・水上・釣り・大量発生の追加抽選へ登録。
カントー,K32,ロケットだんアジト跡,認定章3～4,Lv.83～91,291,570,ゾロア,ゾロア → ゾロアーク,あく,通常生態,外来生態レイヤーへ追加,夜間オーバーレイ,Lv.83～91,夜間8～12%,ベガ初回殿堂入り後。認定章数でエリアと中間進化枠を段階解禁。,基礎種を通常配置。中間進化は高レベル地域のDexNav限定、最終進化は原則進化入手,トーホクは本編で使える低～中レベル基礎種、カントーは高レベル個体・中間進化・隠れ特性探索を担当。,R3,DexNav連鎖20以上または地方研究ランク2で隠れ特性判定を解禁。通常草むらでは標準特性のみ。,通常種は両地方で捕獲可能。進化後の通常野生化は段階解禁。,FR原作系統を地域の顔として残し、通常表・時間帯表・DexNav・大量発生を使って新種を混在。
トーホク,T032,ダークタワー,後半A,Lv.44～54／殿堂入り後Lv.60～75,291,570,ゾロア,ゾロア → ゾロアーク,あく,通常生態,外来生態レイヤーへ追加,夜間オーバーレイ,Lv.44～54／殿堂入り後Lv.60～75,追加抽選3～6%,本編必須フラグを変更せず、外来生態フラグ・時間帯・DexNav・大量発生で制御,基礎種を通常配置。中間進化は高レベル地域のDexNav限定、最終進化は原則進化入手,トーホクは本編で使える低～中レベル基礎種、カントーは高レベル個体・中間進化・隠れ特性探索を担当。,R3,DexNav連鎖20以上または地方研究ランク2で隠れ特性判定を解禁。通常草むらでは標準特性のみ。,通常種は両地方で捕獲可能。進化後の通常野生化は段階解禁。,ベガ既存の野生枠を上書きせず、条件付きオーバーレイ／DexNav／夜間・水上・釣り・大量発生の追加抽選へ登録。
カントー,K14,14ばんどうろ,認定章4～5,Lv.84～89,292,572,チラーミィ,チラーミィ → チラチーノ,ノーマル,通常生態,外来生態レイヤーへ追加,草むらオーバーレイ,Lv.84～89,通常表8～15%,ベガ初回殿堂入り後。認定章数でエリアと中間進化枠を段階解禁。,基礎種を通常配置。中間進化は高レベル地域のDexNav限定、最終進化は原則進化入手,トーホクは本編で使える低～中レベル基礎種、カントーは高レベル個体・中間進化・隠れ特性探索を担当。,R1,DexNav連鎖20以上または地方研究ランク2で隠れ特性判定を解禁。通常草むらでは標準特性のみ。,通常種は両地方で捕獲可能。進化後の通常野生化は段階解禁。,FR原作系統を地域の顔として残し、通常表・時間帯表・DexNav・大量発生を使って新種を混在。
トーホク,T503,503ばんどうろ／すいどう,序盤A,Lv.5～9,292,572,チラーミィ,チラーミィ → チラチーノ,ノーマル,通常生態,外来生態レイヤーへ追加,草むらオーバーレイ,Lv.5～9,追加抽選3～6%,本編必須フラグを変更せず、外来生態フラグ・時間帯・DexNav・大量発生で制御,基礎種を通常配置。中間進化は高レベル地域のDexNav限定、最終進化は原則進化入手,トーホクは本編で使える低～中レベル基礎種、カントーは高レベル個体・中間進化・隠れ特性探索を担当。,R1,DexNav連鎖20以上または地方研究ランク2で隠れ特性判定を解禁。通常草むらでは標準特性のみ。,通常種は両地方で捕獲可能。進化後の通常野生化は段階解禁。,ベガ既存の野生枠を上書きせず、条件付きオーバーレイ／DexNav／夜間・水上・釣り・大量発生の追加抽選へ登録。
カントー,K27,おつきみやま,認定章1前後,Lv.73～80,293,574,ゴチム,ゴチム → ゴチミル → ゴチルゼル,エスパー,通常生態,外来生態レイヤーへ追加,洞窟・屋内オーバーレイ,Lv.73～80,通常表8～15%,ベガ初回殿堂入り後。認定章数でエリアと中間進化枠を段階解禁。,基礎種を通常配置。中間進化は高レベル地域のDexNav限定、最終進化は原則進化入手,トーホクは本編で使える低～中レベル基礎種、カントーは高レベル個体・中間進化・隠れ特性探索を担当。,R3,DexNav連鎖20以上または地方研究ランク2で隠れ特性判定を解禁。通常草むらでは標準特性のみ。,通常種は両地方で捕獲可能。進化後の通常野生化は段階解禁。,FR原作系統を地域の顔として残し、通常表・時間帯表・DexNav・大量発生を使って新種を混在。
トーホク,T040,ニューアイランド,リーグ前,Lv.50～60／殿堂入り後Lv.65～82,293,574,ゴチム,ゴチム → ゴチミル → ゴチルゼル,エスパー,通常生態,外来生態レイヤーへ追加,草むらオーバーレイ,Lv.50～60／殿堂入り後Lv.65～82,追加抽選3～6%,本編必須フラグを変更せず、外来生態フラグ・時間帯・DexNav・大量発生で制御,基礎種を通常配置。中間進化は高レベル地域のDexNav限定、最終進化は原則進化入手,トーホクは本編で使える低～中レベル基礎種、カントーは高レベル個体・中間進化・隠れ特性探索を担当。,R3,DexNav連鎖20以上または地方研究ランク2で隠れ特性判定を解禁。通常草むらでは標準特性のみ。,通常種は両地方で捕獲可能。進化後の通常野生化は段階解禁。,ベガ既存の野生枠を上書きせず、条件付きオーバーレイ／DexNav／夜間・水上・釣り・大量発生の追加抽選へ登録。
カントー,K43,ハナダのどうくつ,最終ポストゲーム,Lv.95～100,294,577,ユニラン,ユニラン → ダブラン → ランクルス,エスパー,通常生態,外来生態レイヤーへ追加,洞窟・屋内オーバーレイ,Lv.95～100,通常表8～15%,ベガ初回殿堂入り後。認定章数でエリアと中間進化枠を段階解禁。,基礎種を通常配置。中間進化は高レベル地域のDexNav限定、最終進化は原則進化入手,トーホクは本編で使える低～中レベル基礎種、カントーは高レベル個体・中間進化・隠れ特性探索を担当。,R2,DexNav連鎖20以上または地方研究ランク2で隠れ特性判定を解禁。通常草むらでは標準特性のみ。,通常種は両地方で捕獲可能。進化後の通常野生化は段階解禁。,FR原作系統を地域の顔として残し、通常表・時間帯表・DexNav・大量発生を使って新種を混在。
トーホク,T025,こころのやかた,序盤B,Lv.8～13／殿堂入り後Lv.45～48,294,577,ユニラン,ユニラン → ダブラン → ランクルス,エスパー,通常生態,外来生態レイヤーへ追加,洞窟・屋内オーバーレイ,Lv.8～13／殿堂入り後Lv.45～48,追加抽選3～6%,本編必須フラグを変更せず、外来生態フラグ・時間帯・DexNav・大量発生で制御,基礎種を通常配置。中間進化は高レベル地域のDexNav限定、最終進化は原則進化入手,トーホクは本編で使える低～中レベル基礎種、カントーは高レベル個体・中間進化・隠れ特性探索を担当。,R2,DexNav連鎖20以上または地方研究ランク2で隠れ特性判定を解禁。通常草むらでは標準特性のみ。,通常種は両地方で捕獲可能。進化後の通常野生化は段階解禁。,ベガ既存の野生枠を上書きせず、条件付きオーバーレイ／DexNav／夜間・水上・釣り・大量発生の追加抽選へ登録。
カントー,K11,11ばんどうろ,認定章2～3,Lv.76～82,295,580,コアルヒー,コアルヒー → スワンナ,ひこう／みず,通常生態,外来生態レイヤーへ追加,釣りオーバーレイ,Lv.76～82,通常表10～20%,ベガ初回殿堂入り後。認定章数でエリアと中間進化枠を段階解禁。,基礎種を通常配置。中間進化は高レベル地域のDexNav限定、最終進化は原則進化入手,トーホクは本編で使える低～中レベル基礎種、カントーは高レベル個体・中間進化・隠れ特性探索を担当。,R1,DexNav連鎖20以上または地方研究ランク2で隠れ特性判定を解禁。通常草むらでは標準特性のみ。,通常種は両地方で捕獲可能。進化後の通常野生化は段階解禁。,FR原作系統を地域の顔として残し、通常表・時間帯表・DexNav・大量発生を使って新種を混在。
トーホク,T509,509ばんどうろ／すいどう,中盤A,Lv.21～27,295,580,コアルヒー,コアルヒー → スワンナ,ひこう／みず,通常生態,外来生態レイヤーへ追加,釣りオーバーレイ,Lv.21～27,追加抽選4～8%,本編必須フラグを変更せず、外来生態フラグ・時間帯・DexNav・大量発生で制御,基礎種を通常配置。中間進化は高レベル地域のDexNav限定、最終進化は原則進化入手,トーホクは本編で使える低～中レベル基礎種、カントーは高レベル個体・中間進化・隠れ特性探索を担当。,R1,DexNav連鎖20以上または地方研究ランク2で隠れ特性判定を解禁。通常草むらでは標準特性のみ。,通常種は両地方で捕獲可能。進化後の通常野生化は段階解禁。,ベガ既存の野生枠を上書きせず、条件付きオーバーレイ／DexNav／夜間・水上・釣り・大量発生の追加抽選へ登録。
カントー,K38,ふたごじま,認定章5～6,Lv.88～96,296,582,バニプッチ,バニプッチ → バニリッチ → バイバニラ,こおり,通常生態,外来生態レイヤーへ追加,洞窟・屋内オーバーレイ,Lv.88～96,通常表8～15%,ベガ初回殿堂入り後。認定章数でエリアと中間進化枠を段階解禁。,基礎種を通常配置。中間進化は高レベル地域のDexNav限定、最終進化は原則進化入手,トーホクは本編で使える低～中レベル基礎種、カントーは高レベル個体・中間進化・隠れ特性探索を担当。,R3,DexNav連鎖20以上または地方研究ランク2で隠れ特性判定を解禁。通常草むらでは標準特性のみ。,通常種は両地方で捕獲可能。進化後の通常野生化は段階解禁。,FR原作系統を地域の顔として残し、通常表・時間帯表・DexNav・大量発生を使って新種を混在。
トーホク,T030,こおりのしま,中盤B,Lv.30～40／殿堂入り後Lv.55～70,296,582,バニプッチ,バニプッチ → バニリッチ → バイバニラ,こおり,通常生態,外来生態レイヤーへ追加,洞窟・屋内オーバーレイ,Lv.30～40／殿堂入り後Lv.55～70,追加抽選3～6%,本編必須フラグを変更せず、外来生態フラグ・時間帯・DexNav・大量発生で制御,基礎種を通常配置。中間進化は高レベル地域のDexNav限定、最終進化は原則進化入手,トーホクは本編で使える低～中レベル基礎種、カントーは高レベル個体・中間進化・隠れ特性探索を担当。,R3,DexNav連鎖20以上または地方研究ランク2で隠れ特性判定を解禁。通常草むらでは標準特性のみ。,通常種は両地方で捕獲可能。進化後の通常野生化は段階解禁。,ベガ既存の野生枠を上書きせず、条件付きオーバーレイ／DexNav／夜間・水上・釣り・大量発生の追加抽選へ登録。
カントー,K02,2ばんどうろ,カントー序盤,Lv.69～73,297,585,シキジカ,シキジカ → メブキジカ,ノーマル／くさ,通常生態,外来生態レイヤーへ追加,ずつき／朝昼オーバーレイ,Lv.69～73,通常表8～15%,ベガ初回殿堂入り後。認定章数でエリアと中間進化枠を段階解禁。,基礎種を通常配置。中間進化は高レベル地域のDexNav限定、最終進化は原則進化入手,トーホクは本編で使える低～中レベル基礎種、カントーは高レベル個体・中間進化・隠れ特性探索を担当。,R2,DexNav連鎖20以上または地方研究ランク2で隠れ特性判定を解禁。通常草むらでは標準特性のみ。,通常種は両地方で捕獲可能。進化後の通常野生化は段階解禁。,FR原作系統を地域の顔として残し、通常表・時間帯表・DexNav・大量発生を使って新種を混在。
トーホク,T517,517ばんどうろ／すいどう,後半A,Lv.38～45,297,585,シキジカ,シキジカ → メブキジカ,ノーマル／くさ,通常生態,外来生態レイヤーへ追加,草むらオーバーレイ,Lv.38～45,追加抽選3～6%,本編必須フラグを変更せず、外来生態フラグ・時間帯・DexNav・大量発生で制御,基礎種を通常配置。中間進化は高レベル地域のDexNav限定、最終進化は原則進化入手,トーホクは本編で使える低～中レベル基礎種、カントーは高レベル個体・中間進化・隠れ特性探索を担当。,R2,DexNav連鎖20以上または地方研究ランク2で隠れ特性判定を解禁。通常草むらでは標準特性のみ。,通常種は両地方で捕獲可能。進化後の通常野生化は段階解禁。,ベガ既存の野生枠を上書きせず、条件付きオーバーレイ／DexNav／夜間・水上・釣り・大量発生の追加抽選へ登録。
カントー,K10,10ばんどうろ,認定章2～3,Lv.78～84,298,587,エモンガ,エモンガ,ひこう／でんき,通常生態,外来生態レイヤーへ追加,草むらオーバーレイ,Lv.78～84,通常表8～15%,ベガ初回殿堂入り後。認定章数でエリアと中間進化枠を段階解禁。,基礎種を通常配置。中間進化は高レベル地域のDexNav限定、最終進化は原則進化入手,トーホクは本編で使える低～中レベル基礎種、カントーは高レベル個体・中間進化・隠れ特性探索を担当。,R4,DexNav連鎖20以上または地方研究ランク2で隠れ特性判定を解禁。通常草むらでは標準特性のみ。,通常種は両地方で捕獲可能。進化後の通常野生化は段階解禁。,FR原作系統を地域の顔として残し、通常表・時間帯表・DexNav・大量発生を使って新種を混在。
トーホク,T029,かみなりのしま,中盤B,Lv.30～40／殿堂入り後Lv.55～70,298,587,エモンガ,エモンガ,ひこう／でんき,通常生態,外来生態レイヤーへ追加,草むらオーバーレイ,Lv.30～40／殿堂入り後Lv.55～70,追加抽選3～6%,本編必須フラグを変更せず、外来生態フラグ・時間帯・DexNav・大量発生で制御,基礎種を通常配置。中間進化は高レベル地域のDexNav限定、最終進化は原則進化入手,トーホクは本編で使える低～中レベル基礎種、カントーは高レベル個体・中間進化・隠れ特性探索を担当。,R4,DexNav連鎖20以上または地方研究ランク2で隠れ特性判定を解禁。通常草むらでは標準特性のみ。,通常種は両地方で捕獲可能。進化後の通常野生化は段階解禁。,ベガ既存の野生枠を上書きせず、条件付きオーバーレイ／DexNav／夜間・水上・釣り・大量発生の追加抽選へ登録。
カントー,K33,タマムシ温室,認定章4前後,Lv.82～90,299,588,カブルモ,カブルモ → シュバルゴ,むし／はがね,通常生態,外来生態レイヤーへ追加,ずつき／朝昼オーバーレイ,Lv.82～90,通常表8～15%,ベガ初回殿堂入り後。認定章数でエリアと中間進化枠を段階解禁。,基礎種を通常配置。中間進化は高レベル地域のDexNav限定、最終進化は原則進化入手,トーホクは本編で使える低～中レベル基礎種、カントーは高レベル個体・中間進化・隠れ特性探索を担当。,R1,DexNav連鎖20以上または地方研究ランク2で隠れ特性判定を解禁。通常草むらでは標準特性のみ。,通常種は両地方で捕獲可能。進化後の通常野生化は段階解禁。,FR原作系統を地域の顔として残し、通常表・時間帯表・DexNav・大量発生を使って新種を混在。
トーホク,T026,ハクジのもり,後半A,Lv.38～48／殿堂入り後Lv.50～65,299,588,カブルモ,カブルモ → シュバルゴ,むし／はがね,通常生態,外来生態レイヤーへ追加,ずつき／朝昼オーバーレイ,Lv.38～48／殿堂入り後Lv.50～65,追加抽選3～6%,本編必須フラグを変更せず、外来生態フラグ・時間帯・DexNav・大量発生で制御,基礎種を通常配置。中間進化は高レベル地域のDexNav限定、最終進化は原則進化入手,トーホクは本編で使える低～中レベル基礎種、カントーは高レベル個体・中間進化・隠れ特性探索を担当。,R1,DexNav連鎖20以上または地方研究ランク2で隠れ特性判定を解禁。通常草むらでは標準特性のみ。,通常種は両地方で捕獲可能。進化後の通常野生化は段階解禁。,ベガ既存の野生枠を上書きせず、条件付きオーバーレイ／DexNav／夜間・水上・釣り・大量発生の追加抽選へ登録。
カントー,K06,6ばんどうろ,認定章2前後,Lv.75～80,300,590,タマゲタケ,タマゲタケ → モロバレル,どく／くさ,通常生態,外来生態レイヤーへ追加,草むらオーバーレイ,Lv.75～80,通常表8～15%,ベガ初回殿堂入り後。認定章数でエリアと中間進化枠を段階解禁。,基礎種を通常配置。中間進化は高レベル地域のDexNav限定、最終進化は原則進化入手,トーホクは本編で使える低～中レベル基礎種、カントーは高レベル個体・中間進化・隠れ特性探索を担当。,R3,DexNav連鎖20以上または地方研究ランク2で隠れ特性判定を解禁。通常草むらでは標準特性のみ。,通常種は両地方で捕獲可能。進化後の通常野生化は段階解禁。,FR原作系統を地域の顔として残し、通常表・時間帯表・DexNav・大量発生を使って新種を混在。
トーホク,T504,504ばんどうろ／すいどう,序盤B,Lv.9～13,300,590,タマゲタケ,タマゲタケ → モロバレル,どく／くさ,通常生態,外来生態レイヤーへ追加,大量発生,Lv.9～13,通常0%／発生中20～35%,本編必須フラグを変更せず、外来生態フラグ・時間帯・DexNav・大量発生で制御,基礎種を通常配置。中間進化は高レベル地域のDexNav限定、最終進化は原則進化入手,トーホクは本編で使える低～中レベル基礎種、カントーは高レベル個体・中間進化・隠れ特性探索を担当。,R3,DexNav連鎖20以上または地方研究ランク2で隠れ特性判定を解禁。通常草むらでは標準特性のみ。,通常種は両地方で捕獲可能。進化後の通常野生化は段階解禁。,ベガ既存の野生枠を上書きせず、条件付きオーバーレイ／DexNav／夜間・水上・釣り・大量発生の追加抽選へ登録。
カントー,K12,12ばんどうろ,認定章4前後,Lv.82～87,301,592,プルリル,プルリル → ブルンゲル,ゴースト／みず,通常生態,外来生態レイヤーへ追加,水上オーバーレイ,Lv.82～87,通常表10～20%,ベガ初回殿堂入り後。認定章数でエリアと中間進化枠を段階解禁。,基礎種を通常配置。中間進化は高レベル地域のDexNav限定、最終進化は原則進化入手,トーホクは本編で使える低～中レベル基礎種、カントーは高レベル個体・中間進化・隠れ特性探索を担当。,R1,DexNav連鎖20以上または地方研究ランク2で隠れ特性判定を解禁。通常草むらでは標準特性のみ。,通常種は両地方で捕獲可能。進化後の通常野生化は段階解禁。,FR原作系統を地域の顔として残し、通常表・時間帯表・DexNav・大量発生を使って新種を混在。
トーホク,T513,513ばんどうろ／すいどう,中盤B,Lv.28～35,301,592,プルリル,プルリル → ブルンゲル,ゴースト／みず,通常生態,外来生態レイヤーへ追加,夜間水上オーバーレイ,Lv.28～35,夜間追加抽選4～8%,バッジ4個＋夜、または生態チケット,基礎種を通常配置。中間進化は高レベル地域のDexNav限定、最終進化は原則進化入手,トーホクは本編で使える低～中レベル基礎種、カントーは高レベル個体・中間進化・隠れ特性探索を担当。,R1,DexNav連鎖20以上または地方研究ランク2で隠れ特性判定を解禁。通常草むらでは標準特性のみ。,通常種は両地方で捕獲可能。進化後の通常野生化は段階解禁。,ベガ既存の野生枠を上書きせず、条件付きオーバーレイ／DexNav／夜間・水上・釣り・大量発生の追加抽選へ登録。
カントー,K19,19ばんどうろ,認定章5後,Lv.87～92,302,594,ママンボウ,ママンボウ,みず,通常生態,外来生態レイヤーへ追加,釣りオーバーレイ,Lv.87～92,通常表10～20%,ベガ初回殿堂入り後。認定章数でエリアと中間進化枠を段階解禁。,基礎種を通常配置。中間進化は高レベル地域のDexNav限定、最終進化は原則進化入手,トーホクは本編で使える低～中レベル基礎種、カントーは高レベル個体・中間進化・隠れ特性探索を担当。,R3,DexNav連鎖20以上または地方研究ランク2で隠れ特性判定を解禁。通常草むらでは標準特性のみ。,通常種は両地方で捕獲可能。進化後の通常野生化は段階解禁。,FR原作系統を地域の顔として残し、通常表・時間帯表・DexNav・大量発生を使って新種を混在。
トーホク,T512,512ばんどうろ／すいどう,中盤B,Lv.27～33,302,594,ママンボウ,ママンボウ,みず,通常生態,外来生態レイヤーへ追加,釣りオーバーレイ,Lv.27～33,追加抽選4～8%,本編必須フラグを変更せず、外来生態フラグ・時間帯・DexNav・大量発生で制御,基礎種を通常配置。中間進化は高レベル地域のDexNav限定、最終進化は原則進化入手,トーホクは本編で使える低～中レベル基礎種、カントーは高レベル個体・中間進化・隠れ特性探索を担当。,R3,DexNav連鎖20以上または地方研究ランク2で隠れ特性判定を解禁。通常草むらでは標準特性のみ。,通常種は両地方で捕獲可能。進化後の通常野生化は段階解禁。,ベガ既存の野生枠を上書きせず、条件付きオーバーレイ／DexNav／夜間・水上・釣り・大量発生の追加抽選へ登録。
カントー,K40,むじんはつでんしょ,認定章2～6,Lv.82～94,303,595,バチュル,バチュル → デンチュラ,むし／でんき,通常生態,ベガ既存系統を完全保持,洞窟・屋内オーバーレイ,Lv.82～94,通常表8～15%,ベガ初回殿堂入り後。認定章数でエリアと中間進化枠を段階解禁。,既存個体を保護。追加地域では基礎種または中間進化を希少配置,トーホクではベガ既存個体を保護。カントーでは高レベル個体・隠れ特性・タマゴ技探索を担当。,R4,DexNav連鎖20以上または地方研究ランク2で隠れ特性判定を解禁。通常草むらでは標準特性のみ。,通常種は両地方で捕獲可能。進化後の通常野生化は段階解禁。,FR原作系統を地域の顔として残し、通常表・時間帯表・DexNav・大量発生を使って新種を混在。
トーホク,VEGA_NATIVE,ベガ既存地点（出現表・配布・進化を変更しない）,ベガ既存条件,既存値,303,595,バチュル,バチュル → デンチュラ,むし／でんき,通常生態,ベガ既存系統を完全保持,ベガ既存入手法,既存値,既存値,既存イベント・野生表・進化条件を原則維持。現代化で条件が壊れる場合のみ互換処理。,既存個体を保護。追加地域では基礎種または中間進化を希少配置,トーホクではベガ既存個体を保護。カントーでは高レベル個体・隠れ特性・タマゴ技探索を担当。,固定／既存,既存個体を変更しない。カントー側DexNavまたは特性パッチで隠れ特性を補完。,通常種は両地方で捕獲可能。,ベガ既存テーブル・固定イベント・配布・進化参照を変更しない。
カントー,K33,タマムシ温室,認定章4前後,Lv.82～90,304,597,テッシード,テッシード → ナットレイ,はがね／くさ,通常生態,ベガ既存系統を完全保持,ずつき／朝昼オーバーレイ,Lv.82～90,通常表8～15%,ベガ初回殿堂入り後。認定章数でエリアと中間進化枠を段階解禁。,既存個体を保護。追加地域では基礎種または中間進化を希少配置,トーホクではベガ既存個体を保護。カントーでは高レベル個体・隠れ特性・タマゴ技探索を担当。,R2,DexNav連鎖20以上または地方研究ランク2で隠れ特性判定を解禁。通常草むらでは標準特性のみ。,通常種は両地方で捕獲可能。進化後の通常野生化は段階解禁。,FR原作系統を地域の顔として残し、通常表・時間帯表・DexNav・大量発生を使って新種を混在。
トーホク,VEGA_NATIVE,ベガ既存地点（出現表・配布・進化を変更しない）,ベガ既存条件,既存値,304,597,テッシード,テッシード → ナットレイ,はがね／くさ,通常生態,ベガ既存系統を完全保持,ベガ既存入手法,既存値,既存値,既存イベント・野生表・進化条件を原則維持。現代化で条件が壊れる場合のみ互換処理。,既存個体を保護。追加地域では基礎種または中間進化を希少配置,トーホクではベガ既存個体を保護。カントーでは高レベル個体・隠れ特性・タマゴ技探索を担当。,固定／既存,既存個体を変更しない。カントー側DexNavまたは特性パッチで隠れ特性を補完。,通常種は両地方で捕獲可能。,ベガ既存テーブル・固定イベント・配布・進化参照を変更しない。
カントー,K40,むじんはつでんしょ,認定章2～6,Lv.82～94,305,599,ギアル,ギアル → ギギアル → ギギギアル,はがね,人工・無機物,ベガ既存系統を完全保持,屋内異常遭遇／DexNav,Lv.82～94,通常0%／DexNav 2～5%,ベガ初回殿堂入り後。認定章数でエリアと中間進化枠を段階解禁。,既存個体を保護。追加地域では基礎種または中間進化を希少配置,トーホクではベガ既存個体を保護。カントーでは高レベル個体・隠れ特性・タマゴ技探索を担当。,R4,DexNav連鎖20以上または地方研究ランク2で隠れ特性判定を解禁。通常草むらでは標準特性のみ。,通常種は両地方で捕獲可能。進化後の通常野生化は段階解禁。,FR原作系統を地域の顔として残し、通常表・時間帯表・DexNav・大量発生を使って新種を混在。
トーホク,VEGA_NATIVE,ベガ既存地点（出現表・配布・進化を変更しない）,ベガ既存条件,既存値,305,599,ギアル,ギアル → ギギアル → ギギギアル,はがね,人工・無機物,ベガ既存系統を完全保持,ベガ既存入手法,既存値,既存値,既存イベント・野生表・進化条件を原則維持。現代化で条件が壊れる場合のみ互換処理。,既存個体を保護。追加地域では基礎種または中間進化を希少配置,トーホクではベガ既存個体を保護。カントーでは高レベル個体・隠れ特性・タマゴ技探索を担当。,固定／既存,既存個体を変更しない。カントー側DexNavまたは特性パッチで隠れ特性を補完。,通常種は両地方で捕獲可能。,ベガ既存テーブル・固定イベント・配布・進化参照を変更しない。
カントー,K40,むじんはつでんしょ,認定章2～6,Lv.82～94,306,602,シビシラス,シビシラス → シビビール → シビルドン,でんき,通常生態,ベガ既存系統を完全保持,洞窟・屋内オーバーレイ,Lv.82～94,通常表8～15%,ベガ初回殿堂入り後。認定章数でエリアと中間進化枠を段階解禁。,既存個体を保護。追加地域では基礎種または中間進化を希少配置,トーホクではベガ既存個体を保護。カントーでは高レベル個体・隠れ特性・タマゴ技探索を担当。,R3,DexNav連鎖20以上または地方研究ランク2で隠れ特性判定を解禁。通常草むらでは標準特性のみ。,通常種は両地方で捕獲可能。進化後の通常野生化は段階解禁。,FR原作系統を地域の顔として残し、通常表・時間帯表・DexNav・大量発生を使って新種を混在。
トーホク,VEGA_NATIVE,ベガ既存地点（出現表・配布・進化を変更しない）,ベガ既存条件,既存値,306,602,シビシラス,シビシラス → シビビール → シビルドン,でんき,通常生態,ベガ既存系統を完全保持,ベガ既存入手法,既存値,既存値,既存イベント・野生表・進化条件を原則維持。現代化で条件が壊れる場合のみ互換処理。,既存個体を保護。追加地域では基礎種または中間進化を希少配置,トーホクではベガ既存個体を保護。カントーでは高レベル個体・隠れ特性・タマゴ技探索を担当。,固定／既存,既存個体を変更しない。カントー側DexNavまたは特性パッチで隠れ特性を補完。,通常種は両地方で捕獲可能。,ベガ既存テーブル・固定イベント・配布・進化参照を変更しない。
カントー,K27,おつきみやま,認定章1前後,Lv.73～80,307,605,リグレー,リグレー → オーベム,エスパー,通常生態,外来生態レイヤーへ追加,洞窟・屋内オーバーレイ,Lv.73～80,通常表8～15%,ベガ初回殿堂入り後。認定章数でエリアと中間進化枠を段階解禁。,基礎種を通常配置。中間進化は高レベル地域のDexNav限定、最終進化は原則進化入手,トーホクは本編で使える低～中レベル基礎種、カントーは高レベル個体・中間進化・隠れ特性探索を担当。,R2,DexNav連鎖20以上または地方研究ランク2で隠れ特性判定を解禁。通常草むらでは標準特性のみ。,通常種は両地方で捕獲可能。進化後の通常野生化は段階解禁。,FR原作系統を地域の顔として残し、通常表・時間帯表・DexNav・大量発生を使って新種を混在。
トーホク,T034,D・Hビル,後半A,Lv.42～55／殿堂入り後Lv.62～78,307,605,リグレー,リグレー → オーベム,エスパー,通常生態,外来生態レイヤーへ追加,洞窟・屋内オーバーレイ,Lv.42～55／殿堂入り後Lv.62～78,追加抽選3～6%,本編必須フラグを変更せず、外来生態フラグ・時間帯・DexNav・大量発生で制御,基礎種を通常配置。中間進化は高レベル地域のDexNav限定、最終進化は原則進化入手,トーホクは本編で使える低～中レベル基礎種、カントーは高レベル個体・中間進化・隠れ特性探索を担当。,R2,DexNav連鎖20以上または地方研究ランク2で隠れ特性判定を解禁。通常草むらでは標準特性のみ。,通常種は両地方で捕獲可能。進化後の通常野生化は段階解禁。,ベガ既存の野生枠を上書きせず、条件付きオーバーレイ／DexNav／夜間・水上・釣り・大量発生の追加抽選へ登録。
カントー,K31,ポケモンタワー,認定章3～4,Lv.82～90,308,607,ヒトモシ,ヒトモシ → ランプラー → シャンデラ,ゴースト／ほのお,通常生態,外来生態レイヤーへ追加,夜間オーバーレイ,Lv.82～90,夜間8～12%,ベガ初回殿堂入り後。認定章数でエリアと中間進化枠を段階解禁。,基礎種を通常配置。中間進化は高レベル地域のDexNav限定、最終進化は原則進化入手,トーホクは本編で使える低～中レベル基礎種、カントーは高レベル個体・中間進化・隠れ特性探索を担当。,R4,DexNav連鎖20以上または地方研究ランク2で隠れ特性判定を解禁。通常草むらでは標準特性のみ。,通常種は両地方で捕獲可能。進化後の通常野生化は段階解禁。,FR原作系統を地域の顔として残し、通常表・時間帯表・DexNav・大量発生を使って新種を混在。
トーホク,T025,こころのやかた,序盤B,Lv.8～13／殿堂入り後Lv.45～48,308,607,ヒトモシ,ヒトモシ → ランプラー → シャンデラ,ゴースト／ほのお,通常生態,外来生態レイヤーへ追加,夜間オーバーレイ,Lv.8～13／殿堂入り後Lv.45～48,追加抽選3～6%,本編必須フラグを変更せず、外来生態フラグ・時間帯・DexNav・大量発生で制御,基礎種を通常配置。中間進化は高レベル地域のDexNav限定、最終進化は原則進化入手,トーホクは本編で使える低～中レベル基礎種、カントーは高レベル個体・中間進化・隠れ特性探索を担当。,R4,DexNav連鎖20以上または地方研究ランク2で隠れ特性判定を解禁。通常草むらでは標準特性のみ。,通常種は両地方で捕獲可能。進化後の通常野生化は段階解禁。,ベガ既存の野生枠を上書きせず、条件付きオーバーレイ／DexNav／夜間・水上・釣り・大量発生の追加抽選へ登録。
カントー,K43,ハナダのどうくつ,最終ポストゲーム,Lv.95～100,309,610,キバゴ,キバゴ → オノンド → オノノクス,ドラゴン,通常生態,外来生態レイヤーへ追加,洞窟・屋内オーバーレイ,Lv.95～100,通常表8～15%,ベガ初回殿堂入り後。認定章数でエリアと中間進化枠を段階解禁。,基礎種を通常配置。中間進化は高レベル地域のDexNav限定、最終進化は原則進化入手,トーホクは本編で使える低～中レベル基礎種、カントーは高レベル個体・中間進化・隠れ特性探索を担当。,R3,DexNav連鎖20以上または地方研究ランク2で隠れ特性判定を解禁。通常草むらでは標準特性のみ。,通常種は両地方で捕獲可能。進化後の通常野生化は段階解禁。,FR原作系統を地域の顔として残し、通常表・時間帯表・DexNav・大量発生を使って新種を混在。
トーホク,T042,チャンピオンロード,リーグ前,Lv.58～66／殿堂入り後Lv.70～88,309,610,キバゴ,キバゴ → オノンド → オノノクス,ドラゴン,通常生態,外来生態レイヤーへ追加,洞窟・屋内オーバーレイ,Lv.58～66／殿堂入り後Lv.70～88,追加抽選3～6%,本編必須フラグを変更せず、外来生態フラグ・時間帯・DexNav・大量発生で制御,基礎種を通常配置。中間進化は高レベル地域のDexNav限定、最終進化は原則進化入手,トーホクは本編で使える低～中レベル基礎種、カントーは高レベル個体・中間進化・隠れ特性探索を担当。,R3,DexNav連鎖20以上または地方研究ランク2で隠れ特性判定を解禁。通常草むらでは標準特性のみ。,通常種は両地方で捕獲可能。進化後の通常野生化は段階解禁。,ベガ既存の野生枠を上書きせず、条件付きオーバーレイ／DexNav／夜間・水上・釣り・大量発生の追加抽選へ登録。
カントー,K38,ふたごじま,認定章5～6,Lv.88～96,310,613,クマシュン,クマシュン → ツンベアー,こおり,通常生態,外来生態レイヤーへ追加,洞窟・屋内オーバーレイ,Lv.88～96,通常表8～15%,ベガ初回殿堂入り後。認定章数でエリアと中間進化枠を段階解禁。,基礎種を通常配置。中間進化は高レベル地域のDexNav限定、最終進化は原則進化入手,トーホクは本編で使える低～中レベル基礎種、カントーは高レベル個体・中間進化・隠れ特性探索を担当。,R2,DexNav連鎖20以上または地方研究ランク2で隠れ特性判定を解禁。通常草むらでは標準特性のみ。,通常種は両地方で捕獲可能。進化後の通常野生化は段階解禁。,FR原作系統を地域の顔として残し、通常表・時間帯表・DexNav・大量発生を使って新種を混在。
トーホク,T030,こおりのしま,中盤B,Lv.30～40／殿堂入り後Lv.55～70,310,613,クマシュン,クマシュン → ツンベアー,こおり,通常生態,外来生態レイヤーへ追加,洞窟・屋内オーバーレイ,Lv.30～40／殿堂入り後Lv.55～70,追加抽選3～6%,本編必須フラグを変更せず、外来生態フラグ・時間帯・DexNav・大量発生で制御,基礎種を通常配置。中間進化は高レベル地域のDexNav限定、最終進化は原則進化入手,トーホクは本編で使える低～中レベル基礎種、カントーは高レベル個体・中間進化・隠れ特性探索を担当。,R2,DexNav連鎖20以上または地方研究ランク2で隠れ特性判定を解禁。通常草むらでは標準特性のみ。,通常種は両地方で捕獲可能。進化後の通常野生化は段階解禁。,ベガ既存の野生枠を上書きせず、条件付きオーバーレイ／DexNav／夜間・水上・釣り・大量発生の追加抽選へ登録。
カントー,K38,ふたごじま,認定章5～6,Lv.88～96,311,615,フリージオ,フリージオ,こおり,人工・無機物,ベガ既存系統を完全保持,屋内異常遭遇／DexNav,Lv.88～96,通常0%／DexNav 2～5%,ベガ初回殿堂入り後。認定章数でエリアと中間進化枠を段階解禁。,既存個体を保護。追加地域では基礎種または中間進化を希少配置,トーホクではベガ既存個体を保護。カントーでは高レベル個体・隠れ特性・タマゴ技探索を担当。,R4,DexNav連鎖20以上または地方研究ランク2で隠れ特性判定を解禁。通常草むらでは標準特性のみ。,通常種は両地方で捕獲可能。進化後の通常野生化は段階解禁。,FR原作系統を地域の顔として残し、通常表・時間帯表・DexNav・大量発生を使って新種を混在。
トーホク,VEGA_NATIVE,ベガ既存地点（出現表・配布・進化を変更しない）,ベガ既存条件,既存値,311,615,フリージオ,フリージオ,こおり,人工・無機物,ベガ既存系統を完全保持,ベガ既存入手法,既存値,既存値,既存イベント・野生表・進化条件を原則維持。現代化で条件が壊れる場合のみ互換処理。,既存個体を保護。追加地域では基礎種または中間進化を希少配置,トーホクではベガ既存個体を保護。カントーでは高レベル個体・隠れ特性・タマゴ技探索を担当。,固定／既存,既存個体を変更しない。カントー側DexNavまたは特性パッチで隠れ特性を補完。,通常種は両地方で捕獲可能。,ベガ既存テーブル・固定イベント・配布・進化参照を変更しない。
カントー,K35,サファリゾーン東,認定章5前後,Lv.85～94,312,616,チョボマキ,チョボマキ → アギルダー,むし,通常生態,外来生態レイヤーへ追加,ずつき／朝昼オーバーレイ,Lv.85～94,通常表8～15%,ベガ初回殿堂入り後。認定章数でエリアと中間進化枠を段階解禁。,基礎種を通常配置。中間進化は高レベル地域のDexNav限定、最終進化は原則進化入手,トーホクは本編で使える低～中レベル基礎種、カントーは高レベル個体・中間進化・隠れ特性探索を担当。,R1,DexNav連鎖20以上または地方研究ランク2で隠れ特性判定を解禁。通常草むらでは標準特性のみ。,通常種は両地方で捕獲可能。進化後の通常野生化は段階解禁。,FR原作系統を地域の顔として残し、通常表・時間帯表・DexNav・大量発生を使って新種を混在。
トーホク,T036,サファリゾーン東,後半B,Lv.38～48／殿堂入り後Lv.55～70,312,616,チョボマキ,チョボマキ → アギルダー,むし,通常生態,外来生態レイヤーへ追加,ずつき／朝昼オーバーレイ,Lv.38～48／殿堂入り後Lv.55～70,追加抽選3～6%,本編必須フラグを変更せず、外来生態フラグ・時間帯・DexNav・大量発生で制御,基礎種を通常配置。中間進化は高レベル地域のDexNav限定、最終進化は原則進化入手,トーホクは本編で使える低～中レベル基礎種、カントーは高レベル個体・中間進化・隠れ特性探索を担当。,R1,DexNav連鎖20以上または地方研究ランク2で隠れ特性判定を解禁。通常草むらでは標準特性のみ。,通常種は両地方で捕獲可能。進化後の通常野生化は段階解禁。,ベガ既存の野生枠を上書きせず、条件付きオーバーレイ／DexNav／夜間・水上・釣り・大量発生の追加抽選へ登録。
カントー,K10,10ばんどうろ,認定章2～3,Lv.78～84,313,618,マッギョ,マッギョ,じめん／でんき,通常生態,ベガ既存系統を完全保持,草むらオーバーレイ,Lv.78～84,通常表8～15%,ベガ初回殿堂入り後。認定章数でエリアと中間進化枠を段階解禁。,既存個体を保護。追加地域では基礎種または中間進化を希少配置,トーホクではベガ既存個体を保護。カントーでは高レベル個体・隠れ特性・タマゴ技探索を担当。,R3,DexNav連鎖20以上または地方研究ランク2で隠れ特性判定を解禁。通常草むらでは標準特性のみ。,通常種は両地方で捕獲可能。進化後の通常野生化は段階解禁。,FR原作系統を地域の顔として残し、通常表・時間帯表・DexNav・大量発生を使って新種を混在。
トーホク,VEGA_NATIVE,ベガ既存地点（出現表・配布・進化を変更しない）,ベガ既存条件,既存値,313,618,マッギョ,マッギョ,じめん／でんき,通常生態,ベガ既存系統を完全保持,ベガ既存入手法,既存値,既存値,既存イベント・野生表・進化条件を原則維持。現代化で条件が壊れる場合のみ互換処理。,既存個体を保護。追加地域では基礎種または中間進化を希少配置,トーホクではベガ既存個体を保護。カントーでは高レベル個体・隠れ特性・タマゴ技探索を担当。,固定／既存,既存個体を変更しない。カントー側DexNavまたは特性パッチで隠れ特性を補完。,通常種は両地方で捕獲可能。,ベガ既存テーブル・固定イベント・配布・進化参照を変更しない。
カントー,K09,9ばんどうろ,認定章2～3,Lv.77～82,314,619,コジョフー,コジョフー → コジョンド,かくとう,通常生態,ベガ既存系統を完全保持,草むらオーバーレイ,Lv.77～82,通常表8～15%,ベガ初回殿堂入り後。認定章数でエリアと中間進化枠を段階解禁。,既存個体を保護。追加地域では基礎種または中間進化を希少配置,トーホクではベガ既存個体を保護。カントーでは高レベル個体・隠れ特性・タマゴ技探索を担当。,R4,DexNav連鎖20以上または地方研究ランク2で隠れ特性判定を解禁。通常草むらでは標準特性のみ。,通常種は両地方で捕獲可能。進化後の通常野生化は段階解禁。,FR原作系統を地域の顔として残し、通常表・時間帯表・DexNav・大量発生を使って新種を混在。
トーホク,VEGA_NATIVE,ベガ既存地点（出現表・配布・進化を変更しない）,ベガ既存条件,既存値,314,619,コジョフー,コジョフー → コジョンド,かくとう,通常生態,ベガ既存系統を完全保持,ベガ既存入手法,既存値,既存値,既存イベント・野生表・進化条件を原則維持。現代化で条件が壊れる場合のみ互換処理。,既存個体を保護。追加地域では基礎種または中間進化を希少配置,トーホクではベガ既存個体を保護。カントーでは高レベル個体・隠れ特性・タマゴ技探索を担当。,固定／既存,既存個体を変更しない。カントー側DexNavまたは特性パッチで隠れ特性を補完。,通常種は両地方で捕獲可能。,ベガ既存テーブル・固定イベント・配布・進化参照を変更しない。
カントー,K43,ハナダのどうくつ,最終ポストゲーム,Lv.95～100,315,621,クリムガン,クリムガン,ドラゴン,通常生態,外来生態レイヤーへ追加,洞窟・屋内オーバーレイ,Lv.95～100,通常表8～15%,ベガ初回殿堂入り後。認定章数でエリアと中間進化枠を段階解禁。,基礎種を通常配置。中間進化は高レベル地域のDexNav限定、最終進化は原則進化入手,トーホクは本編で使える低～中レベル基礎種、カントーは高レベル個体・中間進化・隠れ特性探索を担当。,R2,DexNav連鎖20以上または地方研究ランク2で隠れ特性判定を解禁。通常草むらでは標準特性のみ。,通常種は両地方で捕獲可能。進化後の通常野生化は段階解禁。,FR原作系統を地域の顔として残し、通常表・時間帯表・DexNav・大量発生を使って新種を混在。
トーホク,T031,ユキユキやま,中盤C,Lv.36～46／殿堂入り後Lv.58～72,315,621,クリムガン,クリムガン,ドラゴン,通常生態,外来生態レイヤーへ追加,洞窟・屋内オーバーレイ,Lv.36～46／殿堂入り後Lv.58～72,追加抽選3～6%,本編必須フラグを変更せず、外来生態フラグ・時間帯・DexNav・大量発生で制御,基礎種を通常配置。中間進化は高レベル地域のDexNav限定、最終進化は原則進化入手,トーホクは本編で使える低～中レベル基礎種、カントーは高レベル個体・中間進化・隠れ特性探索を担当。,R2,DexNav連鎖20以上または地方研究ランク2で隠れ特性判定を解禁。通常草むらでは標準特性のみ。,通常種は両地方で捕獲可能。進化後の通常野生化は段階解禁。,ベガ既存の野生枠を上書きせず、条件付きオーバーレイ／DexNav／夜間・水上・釣り・大量発生の追加抽選へ登録。
カントー,K41,シルフカンパニー,認定章5～6,Lv.90～97（異常遭遇）,316,622,ゴビット,ゴビット → ゴルーグ,じめん／ゴースト,人工・無機物,外来生態レイヤーへ追加,屋内異常遭遇／DexNav,Lv.90～97（異常遭遇）,通常0%／DexNav 2～5%,ベガ初回殿堂入り後。認定章数でエリアと中間進化枠を段階解禁。,基礎種を通常配置。中間進化は高レベル地域のDexNav限定、最終進化は原則進化入手,トーホクは本編で使える低～中レベル基礎種、カントーは高レベル個体・中間進化・隠れ特性探索を担当。,R3,DexNav連鎖20以上または地方研究ランク2で隠れ特性判定を解禁。通常草むらでは標準特性のみ。,通常種は両地方で捕獲可能。進化後の通常野生化は段階解禁。,FR原作系統を地域の顔として残し、通常表・時間帯表・DexNav・大量発生を使って新種を混在。
トーホク,T034,D・Hビル,後半A,Lv.42～55／殿堂入り後Lv.62～78,316,622,ゴビット,ゴビット → ゴルーグ,じめん／ゴースト,人工・無機物,外来生態レイヤーへ追加,屋内異常遭遇／DexNav,Lv.42～55／殿堂入り後Lv.62～78,通常0%／DexNav 2～5%,本編必須フラグを変更せず、外来生態フラグ・時間帯・DexNav・大量発生で制御,基礎種を通常配置。中間進化は高レベル地域のDexNav限定、最終進化は原則進化入手,トーホクは本編で使える低～中レベル基礎種、カントーは高レベル個体・中間進化・隠れ特性探索を担当。,R3,DexNav連鎖20以上または地方研究ランク2で隠れ特性判定を解禁。通常草むらでは標準特性のみ。,通常種は両地方で捕獲可能。進化後の通常野生化は段階解禁。,ベガ既存の野生枠を上書きせず、条件付きオーバーレイ／DexNav／夜間・水上・釣り・大量発生の追加抽選へ登録。
カントー,K42,チャンピオンロード,認定章8後,Lv.94～100,317,624,コマタナ,コマタナ → キリキザン → ドドゲザン,はがね／あく,通常生態,外来生態レイヤーへ追加,いわくだき／DexNav,Lv.94～100,通常0%／DexNav 2～5%,ベガ初回殿堂入り後。認定章数でエリアと中間進化枠を段階解禁。,基礎種を通常配置。中間進化は高レベル地域のDexNav限定、最終進化は原則進化入手,トーホクは本編で使える低～中レベル基礎種、カントーは高レベル個体・中間進化・隠れ特性探索を担当。,R1,DexNav連鎖20以上または地方研究ランク2で隠れ特性判定を解禁。通常草むらでは標準特性のみ。,通常種は両地方で捕獲可能。進化後の通常野生化は段階解禁。,FR原作系統を地域の顔として残し、通常表・時間帯表・DexNav・大量発生を使って新種を混在。
トーホク,T035,D・Hだんアジト,後半A,Lv.44～57／殿堂入り後Lv.65～80,317,624,コマタナ,コマタナ → キリキザン → ドドゲザン,はがね／あく,通常生態,外来生態レイヤーへ追加,夜間オーバーレイ,Lv.44～57／殿堂入り後Lv.65～80,追加抽選3～6%,本編必須フラグを変更せず、外来生態フラグ・時間帯・DexNav・大量発生で制御,基礎種を通常配置。中間進化は高レベル地域のDexNav限定、最終進化は原則進化入手,トーホクは本編で使える低～中レベル基礎種、カントーは高レベル個体・中間進化・隠れ特性探索を担当。,R1,DexNav連鎖20以上または地方研究ランク2で隠れ特性判定を解禁。通常草むらでは標準特性のみ。,通常種は両地方で捕獲可能。進化後の通常野生化は段階解禁。,ベガ既存の野生枠を上書きせず、条件付きオーバーレイ／DexNav／夜間・水上・釣り・大量発生の追加抽選へ登録。
カントー,K34,サファリゾーン中央,認定章5前後,Lv.85～94,318,626,バッフロン,バッフロン,ノーマル,通常生態,外来生態レイヤーへ追加,草むらオーバーレイ,Lv.85～94,通常表8～15%,ベガ初回殿堂入り後。認定章数でエリアと中間進化枠を段階解禁。,基礎種を通常配置。中間進化は高レベル地域のDexNav限定、最終進化は原則進化入手,トーホクは本編で使える低～中レベル基礎種、カントーは高レベル個体・中間進化・隠れ特性探索を担当。,R3,DexNav連鎖20以上または地方研究ランク2で隠れ特性判定を解禁。通常草むらでは標準特性のみ。,通常種は両地方で捕獲可能。進化後の通常野生化は段階解禁。,FR原作系統を地域の顔として残し、通常表・時間帯表・DexNav・大量発生を使って新種を混在。
トーホク,T503,503ばんどうろ／すいどう,序盤A,Lv.5～9,318,626,バッフロン,バッフロン,ノーマル,通常生態,外来生態レイヤーへ追加,草むらオーバーレイ,Lv.5～9,追加抽選3～6%,本編必須フラグを変更せず、外来生態フラグ・時間帯・DexNav・大量発生で制御,基礎種を通常配置。中間進化は高レベル地域のDexNav限定、最終進化は原則進化入手,トーホクは本編で使える低～中レベル基礎種、カントーは高レベル個体・中間進化・隠れ特性探索を担当。,R3,DexNav連鎖20以上または地方研究ランク2で隠れ特性判定を解禁。通常草むらでは標準特性のみ。,通常種は両地方で捕獲可能。進化後の通常野生化は段階解禁。,ベガ既存の野生枠を上書きせず、条件付きオーバーレイ／DexNav／夜間・水上・釣り・大量発生の追加抽選へ登録。
カントー,K01,1ばんどうろ,カントー序盤,Lv.68～72,319,627,ワシボン,ワシボン → ウォーグル,ノーマル／ひこう,通常生態,外来生態レイヤーへ追加,大量発生,Lv.68～72,通常0%／発生中20～35%,ベガ初回殿堂入り後。認定章数でエリアと中間進化枠を段階解禁。,基礎種を通常配置。中間進化は高レベル地域のDexNav限定、最終進化は原則進化入手,トーホクは本編で使える低～中レベル基礎種、カントーは高レベル個体・中間進化・隠れ特性探索を担当。,R4,DexNav連鎖20以上または地方研究ランク2で隠れ特性判定を解禁。通常草むらでは標準特性のみ。,通常種は両地方で捕獲可能。進化後の通常野生化は段階解禁。,FR原作系統を地域の顔として残し、通常表・時間帯表・DexNav・大量発生を使って新種を混在。
トーホク,T501,501ばんどうろ／すいどう,序盤A,Lv.2～5,319,627,ワシボン,ワシボン → ウォーグル,ノーマル／ひこう,通常生態,外来生態レイヤーへ追加,大量発生,Lv.2～5,通常0%／発生中20～35%,本編必須フラグを変更せず、外来生態フラグ・時間帯・DexNav・大量発生で制御,基礎種を通常配置。中間進化は高レベル地域のDexNav限定、最終進化は原則進化入手,トーホクは本編で使える低～中レベル基礎種、カントーは高レベル個体・中間進化・隠れ特性探索を担当。,R4,DexNav連鎖20以上または地方研究ランク2で隠れ特性判定を解禁。通常草むらでは標準特性のみ。,通常種は両地方で捕獲可能。進化後の通常野生化は段階解禁。,ベガ既存の野生枠を上書きせず、条件付きオーバーレイ／DexNav／夜間・水上・釣り・大量発生の追加抽選へ登録。
カントー,K03,3ばんどうろ,認定章1前後,Lv.71～75,320,629,バルチャイ,バルチャイ → バルジーナ,ひこう／あく,通常生態,外来生態レイヤーへ追加,夜間オーバーレイ,Lv.71～75,夜間8～12%,ベガ初回殿堂入り後。認定章数でエリアと中間進化枠を段階解禁。,基礎種を通常配置。中間進化は高レベル地域のDexNav限定、最終進化は原則進化入手,トーホクは本編で使える低～中レベル基礎種、カントーは高レベル個体・中間進化・隠れ特性探索を担当。,R2,DexNav連鎖20以上または地方研究ランク2で隠れ特性判定を解禁。通常草むらでは標準特性のみ。,通常種は両地方で捕獲可能。進化後の通常野生化は段階解禁。,FR原作系統を地域の顔として残し、通常表・時間帯表・DexNav・大量発生を使って新種を混在。
トーホク,T522,522ばんどうろ／すいどう,後半B,Lv.47～54,320,629,バルチャイ,バルチャイ → バルジーナ,ひこう／あく,通常生態,外来生態レイヤーへ追加,夜間オーバーレイ,Lv.47～54,追加抽選3～6%,本編必須フラグを変更せず、外来生態フラグ・時間帯・DexNav・大量発生で制御,基礎種を通常配置。中間進化は高レベル地域のDexNav限定、最終進化は原則進化入手,トーホクは本編で使える低～中レベル基礎種、カントーは高レベル個体・中間進化・隠れ特性探索を担当。,R2,DexNav連鎖20以上または地方研究ランク2で隠れ特性判定を解禁。通常草むらでは標準特性のみ。,通常種は両地方で捕獲可能。進化後の通常野生化は段階解禁。,ベガ既存の野生枠を上書きせず、条件付きオーバーレイ／DexNav／夜間・水上・釣り・大量発生の追加抽選へ登録。
カントー,K17,17ばんどうろ,認定章4～5,Lv.83～89,321,631,クイタラン,クイタラン,ほのお,通常生態,外来生態レイヤーへ追加,草むらオーバーレイ,Lv.83～89,通常表8～15%,ベガ初回殿堂入り後。認定章数でエリアと中間進化枠を段階解禁。,基礎種を通常配置。中間進化は高レベル地域のDexNav限定、最終進化は原則進化入手,トーホクは本編で使える低～中レベル基礎種、カントーは高レベル個体・中間進化・隠れ特性探索を担当。,R4,DexNav連鎖20以上または地方研究ランク2で隠れ特性判定を解禁。通常草むらでは標準特性のみ。,通常種は両地方で捕獲可能。進化後の通常野生化は段階解禁。,FR原作系統を地域の顔として残し、通常表・時間帯表・DexNav・大量発生を使って新種を混在。
トーホク,T037,サファリゾーン西,後半B,Lv.38～48／殿堂入り後Lv.55～70,321,631,クイタラン,クイタラン,ほのお,通常生態,外来生態レイヤーへ追加,草むらオーバーレイ,Lv.38～48／殿堂入り後Lv.55～70,追加抽選3～6%,本編必須フラグを変更せず、外来生態フラグ・時間帯・DexNav・大量発生で制御,基礎種を通常配置。中間進化は高レベル地域のDexNav限定、最終進化は原則進化入手,トーホクは本編で使える低～中レベル基礎種、カントーは高レベル個体・中間進化・隠れ特性探索を担当。,R4,DexNav連鎖20以上または地方研究ランク2で隠れ特性判定を解禁。通常草むらでは標準特性のみ。,通常種は両地方で捕獲可能。進化後の通常野生化は段階解禁。,ベガ既存の野生枠を上書きせず、条件付きオーバーレイ／DexNav／夜間・水上・釣り・大量発生の追加抽選へ登録。
カントー,K33,タマムシ温室,認定章4前後,Lv.82～90,322,632,アイアント,アイアント,むし／はがね,通常生態,外来生態レイヤーへ追加,ずつき／朝昼オーバーレイ,Lv.82～90,通常表8～15%,ベガ初回殿堂入り後。認定章数でエリアと中間進化枠を段階解禁。,基礎種を通常配置。中間進化は高レベル地域のDexNav限定、最終進化は原則進化入手,トーホクは本編で使える低～中レベル基礎種、カントーは高レベル個体・中間進化・隠れ特性探索を担当。,R1,DexNav連鎖20以上または地方研究ランク2で隠れ特性判定を解禁。通常草むらでは標準特性のみ。,通常種は両地方で捕獲可能。進化後の通常野生化は段階解禁。,FR原作系統を地域の顔として残し、通常表・時間帯表・DexNav・大量発生を使って新種を混在。
トーホク,T036,サファリゾーン東,後半B,Lv.38～48／殿堂入り後Lv.55～70,322,632,アイアント,アイアント,むし／はがね,通常生態,外来生態レイヤーへ追加,ずつき／朝昼オーバーレイ,Lv.38～48／殿堂入り後Lv.55～70,追加抽選3～6%,本編必須フラグを変更せず、外来生態フラグ・時間帯・DexNav・大量発生で制御,基礎種を通常配置。中間進化は高レベル地域のDexNav限定、最終進化は原則進化入手,トーホクは本編で使える低～中レベル基礎種、カントーは高レベル個体・中間進化・隠れ特性探索を担当。,R1,DexNav連鎖20以上または地方研究ランク2で隠れ特性判定を解禁。通常草むらでは標準特性のみ。,通常種は両地方で捕獲可能。進化後の通常野生化は段階解禁。,ベガ既存の野生枠を上書きせず、条件付きオーバーレイ／DexNav／夜間・水上・釣り・大量発生の追加抽選へ登録。
カントー,K23,23ばんどうろ,認定章8後,Lv.92～98,323,633,モノズ,モノズ → ジヘッド → サザンドラ,ドラゴン／あく,600族,外来生態レイヤーへ追加,DexNav隠し枠,Lv.92～98,通常0%／DexNav 1～2%,ベガ初回殿堂入り後。認定章数でエリアと中間進化枠を段階解禁。,基礎種のみ通常枠。中間進化は殿堂入り後DexNav、最終進化は野生禁止,トーホクは本編で使える低～中レベル基礎種、カントーは高レベル個体・中間進化・隠れ特性探索を担当。,R2,DexNav連鎖20以上または地方研究ランク2で隠れ特性判定を解禁。通常草むらでは標準特性のみ。,通常種は両地方で捕獲可能。進化後の通常野生化は段階解禁。,FR原作系統を地域の顔として残し、通常表・時間帯表・DexNav・大量発生を使って新種を混在。
トーホク,T040,ニューアイランド,リーグ前,Lv.50～60／殿堂入り後Lv.65～82,323,633,モノズ,モノズ → ジヘッド → サザンドラ,ドラゴン／あく,600族,外来生態レイヤーへ追加,DexNav隠し枠,Lv.50～60／殿堂入り後Lv.65～82,通常0%／DexNav 1～2%,本編必須フラグを変更せず、外来生態フラグ・時間帯・DexNav・大量発生で制御,基礎種のみ通常枠。中間進化は殿堂入り後DexNav、最終進化は野生禁止,トーホクは本編で使える低～中レベル基礎種、カントーは高レベル個体・中間進化・隠れ特性探索を担当。,R2,DexNav連鎖20以上または地方研究ランク2で隠れ特性判定を解禁。通常草むらでは標準特性のみ。,通常種は両地方で捕獲可能。進化後の通常野生化は段階解禁。,ベガ既存の野生枠を上書きせず、条件付きオーバーレイ／DexNav／夜間・水上・釣り・大量発生の追加抽選へ登録。
カントー,K24,24ばんどうろ,認定章1～2,Lv.74～79,324,636,メラルバ,メラルバ → ウルガモス,むし／ほのお,通常生態,外来生態レイヤーへ追加,草むらオーバーレイ,Lv.74～79,通常表8～15%,ベガ初回殿堂入り後。認定章数でエリアと中間進化枠を段階解禁。,基礎種を通常配置。中間進化は高レベル地域のDexNav限定、最終進化は原則進化入手,トーホクは本編で使える低～中レベル基礎種、カントーは高レベル個体・中間進化・隠れ特性探索を担当。,R1,DexNav連鎖20以上または地方研究ランク2で隠れ特性判定を解禁。通常草むらでは標準特性のみ。,通常種は両地方で捕獲可能。進化後の通常野生化は段階解禁。,FR原作系統を地域の顔として残し、通常表・時間帯表・DexNav・大量発生を使って新種を混在。
トーホク,T503,503ばんどうろ／すいどう,序盤A,Lv.5～9,324,636,メラルバ,メラルバ → ウルガモス,むし／ほのお,通常生態,外来生態レイヤーへ追加,草むらオーバーレイ,Lv.5～9,追加抽選3～6%,本編必須フラグを変更せず、外来生態フラグ・時間帯・DexNav・大量発生で制御,基礎種を通常配置。中間進化は高レベル地域のDexNav限定、最終進化は原則進化入手,トーホクは本編で使える低～中レベル基礎種、カントーは高レベル個体・中間進化・隠れ特性探索を担当。,R1,DexNav連鎖20以上または地方研究ランク2で隠れ特性判定を解禁。通常草むらでは標準特性のみ。,通常種は両地方で捕獲可能。進化後の通常野生化は段階解禁。,ベガ既存の野生枠を上書きせず、条件付きオーバーレイ／DexNav／夜間・水上・釣り・大量発生の追加抽選へ登録。
カントー,EVENT_K,ヤマブキ格闘道場／チャンピオンロード,固定イベント／共鳴クエスト,Lv.75,325,638,コバルオン,コバルオン,かくとう／はがね,伝説,固定イベント追加,固定シンボル／専用クエスト,Lv.75,原則1体・撃破時復活,殿堂入り＋格闘調査,固定シンボル／イベント専用。主捕獲地方でのみ捕獲し、副地方は手掛かり・共鳴戦・素材報酬。,主地方で1個体だけ捕獲し、副地方では手掛かり・共鳴戦・専用素材を扱う。捕獲済みフラグは両地方で共有し、重複個体を与えない。,イベント専用,固定個体の特性はイベント定義。隠れ特性は報酬・再戦・特性パッチで救済。,共有捕獲フラグで全地方1個体。撃破時のみ再出現、捕獲後は素材・再戦へ分岐。,野生通常表、DexNav通常検索、大量発生には登録しない。
トーホク,EVENT_T,チャンピオンロード増設道場,固定イベント／共鳴クエスト,イベント別,325,638,コバルオン,コバルオン,かくとう／はがね,伝説,固定イベント追加,手掛かり／共鳴戦／専用素材,イベント別,重複捕獲なし,殿堂入り＋格闘調査＋主地方の捕獲フラグ共有,固定シンボル／イベント専用。主捕獲地方でのみ捕獲し、副地方は手掛かり・共鳴戦・素材報酬。,主地方で1個体だけ捕獲し、副地方では手掛かり・共鳴戦・専用素材を扱う。捕獲済みフラグは両地方で共有し、重複個体を与えない。,イベント専用,固定個体の特性はイベント定義。隠れ特性は報酬・再戦・特性パッチで救済。,共有捕獲フラグで全地方1個体。撃破時のみ再出現、捕獲後は素材・再戦へ分岐。,野生通常表、DexNav通常検索、大量発生には登録しない。
カントー,EVENT_K,ヤマブキ格闘道場／チャンピオンロード,固定イベント／共鳴クエスト,Lv.75,326,639,テラキオン,テラキオン,かくとう／いわ,伝説,固定イベント追加,固定シンボル／専用クエスト,Lv.75,原則1体・撃破時復活,殿堂入り＋格闘調査,固定シンボル／イベント専用。主捕獲地方でのみ捕獲し、副地方は手掛かり・共鳴戦・素材報酬。,主地方で1個体だけ捕獲し、副地方では手掛かり・共鳴戦・専用素材を扱う。捕獲済みフラグは両地方で共有し、重複個体を与えない。,イベント専用,固定個体の特性はイベント定義。隠れ特性は報酬・再戦・特性パッチで救済。,共有捕獲フラグで全地方1個体。撃破時のみ再出現、捕獲後は素材・再戦へ分岐。,野生通常表、DexNav通常検索、大量発生には登録しない。
トーホク,EVENT_T,チャンピオンロード増設道場,固定イベント／共鳴クエスト,イベント別,326,639,テラキオン,テラキオン,かくとう／いわ,伝説,固定イベント追加,手掛かり／共鳴戦／専用素材,イベント別,重複捕獲なし,殿堂入り＋格闘調査＋主地方の捕獲フラグ共有,固定シンボル／イベント専用。主捕獲地方でのみ捕獲し、副地方は手掛かり・共鳴戦・素材報酬。,主地方で1個体だけ捕獲し、副地方では手掛かり・共鳴戦・専用素材を扱う。捕獲済みフラグは両地方で共有し、重複個体を与えない。,イベント専用,固定個体の特性はイベント定義。隠れ特性は報酬・再戦・特性パッチで救済。,共有捕獲フラグで全地方1個体。撃破時のみ再出現、捕獲後は素材・再戦へ分岐。,野生通常表、DexNav通常検索、大量発生には登録しない。
カントー,EVENT_K,ヤマブキ格闘道場／チャンピオンロード,固定イベント／共鳴クエスト,Lv.75,327,640,ビリジオン,ビリジオン,かくとう／くさ,伝説,固定イベント追加,固定シンボル／専用クエスト,Lv.75,原則1体・撃破時復活,殿堂入り＋格闘調査,固定シンボル／イベント専用。主捕獲地方でのみ捕獲し、副地方は手掛かり・共鳴戦・素材報酬。,主地方で1個体だけ捕獲し、副地方では手掛かり・共鳴戦・専用素材を扱う。捕獲済みフラグは両地方で共有し、重複個体を与えない。,イベント専用,固定個体の特性はイベント定義。隠れ特性は報酬・再戦・特性パッチで救済。,共有捕獲フラグで全地方1個体。撃破時のみ再出現、捕獲後は素材・再戦へ分岐。,野生通常表、DexNav通常検索、大量発生には登録しない。
トーホク,EVENT_T,チャンピオンロード増設道場,固定イベント／共鳴クエスト,イベント別,327,640,ビリジオン,ビリジオン,かくとう／くさ,伝説,固定イベント追加,手掛かり／共鳴戦／専用素材,イベント別,重複捕獲なし,殿堂入り＋格闘調査＋主地方の捕獲フラグ共有,固定シンボル／イベント専用。主捕獲地方でのみ捕獲し、副地方は手掛かり・共鳴戦・素材報酬。,主地方で1個体だけ捕獲し、副地方では手掛かり・共鳴戦・専用素材を扱う。捕獲済みフラグは両地方で共有し、重複個体を与えない。,イベント専用,固定個体の特性はイベント定義。隠れ特性は報酬・再戦・特性パッチで救済。,共有捕獲フラグで全地方1個体。撃破時のみ再出現、捕獲後は素材・再戦へ分岐。,野生通常表、DexNav通常検索、大量発生には登録しない。
カントー,EVENT_K,9・10・17・20ばんどうろ観測柱,固定イベント／共鳴クエスト,イベント別,328,641,トルネロス,トルネロス,ひこう,伝説,固定イベント追加,手掛かり／共鳴戦／専用素材,イベント別,重複捕獲なし,殿堂入り＋天候観測器＋主地方の捕獲フラグ共有,固定シンボル／イベント専用。主捕獲地方でのみ捕獲し、副地方は手掛かり・共鳴戦・素材報酬。,主地方で1個体だけ捕獲し、副地方では手掛かり・共鳴戦・専用素材を扱う。捕獲済みフラグは両地方で共有し、重複個体を与えない。,イベント専用,固定個体の特性はイベント定義。隠れ特性は報酬・再戦・特性パッチで救済。,共有捕獲フラグで全地方1個体。撃破時のみ再出現、捕獲後は素材・再戦へ分岐。,野生通常表、DexNav通常検索、大量発生には登録しない。
トーホク,EVENT_T,三島＋521ばんどうろ,固定イベント／共鳴クエスト,Lv.75,328,641,トルネロス,トルネロス,ひこう,伝説,固定イベント追加,固定シンボル／専用クエスト,Lv.75,原則1体・撃破時復活,殿堂入り＋天候観測器,固定シンボル／イベント専用。主捕獲地方でのみ捕獲し、副地方は手掛かり・共鳴戦・素材報酬。,主地方で1個体だけ捕獲し、副地方では手掛かり・共鳴戦・専用素材を扱う。捕獲済みフラグは両地方で共有し、重複個体を与えない。,イベント専用,固定個体の特性はイベント定義。隠れ特性は報酬・再戦・特性パッチで救済。,共有捕獲フラグで全地方1個体。撃破時のみ再出現、捕獲後は素材・再戦へ分岐。,野生通常表、DexNav通常検索、大量発生には登録しない。
カントー,EVENT_K,9・10・17・20ばんどうろ観測柱,固定イベント／共鳴クエスト,Lv.75,329,642,ボルトロス,ボルトロス,ひこう／でんき,伝説,固定イベント追加,固定シンボル／専用クエスト,Lv.75,原則1体・撃破時復活,殿堂入り＋天候観測器,固定シンボル／イベント専用。主捕獲地方でのみ捕獲し、副地方は手掛かり・共鳴戦・素材報酬。,主地方で1個体だけ捕獲し、副地方では手掛かり・共鳴戦・専用素材を扱う。捕獲済みフラグは両地方で共有し、重複個体を与えない。,イベント専用,固定個体の特性はイベント定義。隠れ特性は報酬・再戦・特性パッチで救済。,共有捕獲フラグで全地方1個体。撃破時のみ再出現、捕獲後は素材・再戦へ分岐。,野生通常表、DexNav通常検索、大量発生には登録しない。
トーホク,EVENT_T,三島＋521ばんどうろ,固定イベント／共鳴クエスト,イベント別,329,642,ボルトロス,ボルトロス,ひこう／でんき,伝説,固定イベント追加,手掛かり／共鳴戦／専用素材,イベント別,重複捕獲なし,殿堂入り＋天候観測器＋主地方の捕獲フラグ共有,固定シンボル／イベント専用。主捕獲地方でのみ捕獲し、副地方は手掛かり・共鳴戦・素材報酬。,主地方で1個体だけ捕獲し、副地方では手掛かり・共鳴戦・専用素材を扱う。捕獲済みフラグは両地方で共有し、重複個体を与えない。,イベント専用,固定個体の特性はイベント定義。隠れ特性は報酬・再戦・特性パッチで救済。,共有捕獲フラグで全地方1個体。撃破時のみ再出現、捕獲後は素材・再戦へ分岐。,野生通常表、DexNav通常検索、大量発生には登録しない。
カントー,EVENT_K,むじんはつでんしょ／シルフ動力室,固定イベント／共鳴クエスト,イベント別,330,643,レシラム,レシラム,ほのお／ドラゴン,伝説,固定イベント追加,手掛かり／共鳴戦／専用素材,イベント別,重複捕獲なし,スフィアいせき後＋主地方の捕獲フラグ共有,固定シンボル／イベント専用。主捕獲地方でのみ捕獲し、副地方は手掛かり・共鳴戦・素材報酬。,主地方で1個体だけ捕獲し、副地方では手掛かり・共鳴戦・専用素材を扱う。捕獲済みフラグは両地方で共有し、重複個体を与えない。,イベント専用,固定個体の特性はイベント定義。隠れ特性は報酬・再戦・特性パッチで救済。,共有捕獲フラグで全地方1個体。撃破時のみ再出現、捕獲後は素材・再戦へ分岐。,野生通常表、DexNav通常検索、大量発生には登録しない。
トーホク,EVENT_T,D・Hビル地下反応炉,固定イベント／共鳴クエスト,Lv.75,330,643,レシラム,レシラム,ほのお／ドラゴン,伝説,固定イベント追加,固定シンボル／専用クエスト,Lv.75,原則1体・撃破時復活,スフィアいせき後,固定シンボル／イベント専用。主捕獲地方でのみ捕獲し、副地方は手掛かり・共鳴戦・素材報酬。,主地方で1個体だけ捕獲し、副地方では手掛かり・共鳴戦・専用素材を扱う。捕獲済みフラグは両地方で共有し、重複個体を与えない。,イベント専用,固定個体の特性はイベント定義。隠れ特性は報酬・再戦・特性パッチで救済。,共有捕獲フラグで全地方1個体。撃破時のみ再出現、捕獲後は素材・再戦へ分岐。,野生通常表、DexNav通常検索、大量発生には登録しない。
カントー,EVENT_K,むじんはつでんしょ／シルフ動力室,固定イベント／共鳴クエスト,イベント別,331,644,ゼクロム,ゼクロム,でんき／ドラゴン,伝説,固定イベント追加,手掛かり／共鳴戦／専用素材,イベント別,重複捕獲なし,スフィアいせき後＋主地方の捕獲フラグ共有,固定シンボル／イベント専用。主捕獲地方でのみ捕獲し、副地方は手掛かり・共鳴戦・素材報酬。,主地方で1個体だけ捕獲し、副地方では手掛かり・共鳴戦・専用素材を扱う。捕獲済みフラグは両地方で共有し、重複個体を与えない。,イベント専用,固定個体の特性はイベント定義。隠れ特性は報酬・再戦・特性パッチで救済。,共有捕獲フラグで全地方1個体。撃破時のみ再出現、捕獲後は素材・再戦へ分岐。,野生通常表、DexNav通常検索、大量発生には登録しない。
トーホク,EVENT_T,D・Hビル地下反応炉,固定イベント／共鳴クエスト,Lv.75,331,644,ゼクロム,ゼクロム,でんき／ドラゴン,伝説,固定イベント追加,固定シンボル／専用クエスト,Lv.75,原則1体・撃破時復活,スフィアいせき後,固定シンボル／イベント専用。主捕獲地方でのみ捕獲し、副地方は手掛かり・共鳴戦・素材報酬。,主地方で1個体だけ捕獲し、副地方では手掛かり・共鳴戦・専用素材を扱う。捕獲済みフラグは両地方で共有し、重複個体を与えない。,イベント専用,固定個体の特性はイベント定義。隠れ特性は報酬・再戦・特性パッチで救済。,共有捕獲フラグで全地方1個体。撃破時のみ再出現、捕獲後は素材・再戦へ分岐。,野生通常表、DexNav通常検索、大量発生には登録しない。
カントー,EVENT_K,9・10・17・20ばんどうろ観測柱,固定イベント／共鳴クエスト,Lv.75,332,645,ランドロス,ランドロス,ひこう／じめん,伝説,固定イベント追加,固定シンボル／専用クエスト,Lv.75,原則1体・撃破時復活,殿堂入り＋天候観測器,固定シンボル／イベント専用。主捕獲地方でのみ捕獲し、副地方は手掛かり・共鳴戦・素材報酬。,主地方で1個体だけ捕獲し、副地方では手掛かり・共鳴戦・専用素材を扱う。捕獲済みフラグは両地方で共有し、重複個体を与えない。,イベント専用,固定個体の特性はイベント定義。隠れ特性は報酬・再戦・特性パッチで救済。,共有捕獲フラグで全地方1個体。撃破時のみ再出現、捕獲後は素材・再戦へ分岐。,野生通常表、DexNav通常検索、大量発生には登録しない。
トーホク,EVENT_T,三島＋521ばんどうろ,固定イベント／共鳴クエスト,イベント別,332,645,ランドロス,ランドロス,ひこう／じめん,伝説,固定イベント追加,手掛かり／共鳴戦／専用素材,イベント別,重複捕獲なし,殿堂入り＋天候観測器＋主地方の捕獲フラグ共有,固定シンボル／イベント専用。主捕獲地方でのみ捕獲し、副地方は手掛かり・共鳴戦・素材報酬。,主地方で1個体だけ捕獲し、副地方では手掛かり・共鳴戦・専用素材を扱う。捕獲済みフラグは両地方で共有し、重複個体を与えない。,イベント専用,固定個体の特性はイベント定義。隠れ特性は報酬・再戦・特性パッチで救済。,共有捕獲フラグで全地方1個体。撃破時のみ再出現、捕獲後は素材・再戦へ分岐。,野生通常表、DexNav通常検索、大量発生には登録しない。
カントー,EVENT_K,むじんはつでんしょ／シルフ動力室,固定イベント／共鳴クエスト,イベント別,333,646,キュレム,キュレム,こおり／ドラゴン,伝説,固定イベント追加,手掛かり／共鳴戦／専用素材,イベント別,重複捕獲なし,スフィアいせき後＋主地方の捕獲フラグ共有,固定シンボル／イベント専用。主捕獲地方でのみ捕獲し、副地方は手掛かり・共鳴戦・素材報酬。,主地方で1個体だけ捕獲し、副地方では手掛かり・共鳴戦・専用素材を扱う。捕獲済みフラグは両地方で共有し、重複個体を与えない。,イベント専用,固定個体の特性はイベント定義。隠れ特性は報酬・再戦・特性パッチで救済。,共有捕獲フラグで全地方1個体。撃破時のみ再出現、捕獲後は素材・再戦へ分岐。,野生通常表、DexNav通常検索、大量発生には登録しない。
トーホク,EVENT_T,D・Hビル地下反応炉,固定イベント／共鳴クエスト,Lv.75,333,646,キュレム,キュレム,こおり／ドラゴン,伝説,固定イベント追加,固定シンボル／専用クエスト,Lv.75,原則1体・撃破時復活,スフィアいせき後,固定シンボル／イベント専用。主捕獲地方でのみ捕獲し、副地方は手掛かり・共鳴戦・素材報酬。,主地方で1個体だけ捕獲し、副地方では手掛かり・共鳴戦・専用素材を扱う。捕獲済みフラグは両地方で共有し、重複個体を与えない。,イベント専用,固定個体の特性はイベント定義。隠れ特性は報酬・再戦・特性パッチで救済。,共有捕獲フラグで全地方1個体。撃破時のみ再出現、捕獲後は素材・再戦へ分岐。,野生通常表、DexNav通常検索、大量発生には登録しない。
カントー,EVENT_K,25ばんどうろ岬,固定イベント／共鳴クエスト,Lv.80,334,647,ケルディオ,ケルディオ,かくとう／みず,幻,固定イベント追加,固定シンボル／専用クエスト,Lv.80,原則1体・撃破時復活,聖剣3体登録,固定シンボル／イベント専用。主捕獲地方でのみ捕獲し、副地方は手掛かり・共鳴戦・素材報酬。,主地方で1個体だけ捕獲し、副地方では手掛かり・共鳴戦・専用素材を扱う。捕獲済みフラグは両地方で共有し、重複個体を与えない。,イベント専用,固定個体の特性はイベント定義。隠れ特性は報酬・再戦・特性パッチで救済。,共有捕獲フラグで全地方1個体。撃破時のみ再出現、捕獲後は素材・再戦へ分岐。,野生通常表、DexNav通常検索、大量発生には登録しない。
トーホク,EVENT_T,アーシア島の入江,固定イベント／共鳴クエスト,イベント別,334,647,ケルディオ,ケルディオ,かくとう／みず,幻,固定イベント追加,手掛かり／共鳴戦／専用素材,イベント別,重複捕獲なし,聖剣3体登録＋主地方の捕獲フラグ共有,固定シンボル／イベント専用。主捕獲地方でのみ捕獲し、副地方は手掛かり・共鳴戦・素材報酬。,主地方で1個体だけ捕獲し、副地方では手掛かり・共鳴戦・専用素材を扱う。捕獲済みフラグは両地方で共有し、重複個体を与えない。,イベント専用,固定個体の特性はイベント定義。隠れ特性は報酬・再戦・特性パッチで救済。,共有捕獲フラグで全地方1個体。撃破時のみ再出現、捕獲後は素材・再戦へ分岐。,野生通常表、DexNav通常検索、大量発生には登録しない。
カントー,EVENT_K,シオン音楽堂,固定イベント／共鳴クエスト,Lv.80,335,648,メロエッタ,メロエッタ,ノーマル／エスパー,幻,固定イベント追加,固定シンボル／専用クエスト,Lv.80,原則1体・撃破時復活,殿堂入り＋音符アイテム4個,固定シンボル／イベント専用。主捕獲地方でのみ捕獲し、副地方は手掛かり・共鳴戦・素材報酬。,主地方で1個体だけ捕獲し、副地方では手掛かり・共鳴戦・専用素材を扱う。捕獲済みフラグは両地方で共有し、重複個体を与えない。,イベント専用,固定個体の特性はイベント定義。隠れ特性は報酬・再戦・特性パッチで救済。,共有捕獲フラグで全地方1個体。撃破時のみ再出現、捕獲後は素材・再戦へ分岐。,野生通常表、DexNav通常検索、大量発生には登録しない。
トーホク,EVENT_T,カラスバ劇場,固定イベント／共鳴クエスト,イベント別,335,648,メロエッタ,メロエッタ,ノーマル／エスパー,幻,固定イベント追加,手掛かり／共鳴戦／専用素材,イベント別,重複捕獲なし,殿堂入り＋音符アイテム4個＋主地方の捕獲フラグ共有,固定シンボル／イベント専用。主捕獲地方でのみ捕獲し、副地方は手掛かり・共鳴戦・素材報酬。,主地方で1個体だけ捕獲し、副地方では手掛かり・共鳴戦・専用素材を扱う。捕獲済みフラグは両地方で共有し、重複個体を与えない。,イベント専用,固定個体の特性はイベント定義。隠れ特性は報酬・再戦・特性パッチで救済。,共有捕獲フラグで全地方1個体。撃破時のみ再出現、捕獲後は素材・再戦へ分岐。,野生通常表、DexNav通常検索、大量発生には登録しない。
カントー,EVENT_K,ふたごじま凍結研究室,固定イベント／共鳴クエスト,Lv.80,336,649,ゲノセクト,ゲノセクト,むし／はがね,幻,固定イベント追加,固定シンボル／専用クエスト,Lv.80,原則1体・撃破時復活,殿堂入り＋研究ランク4,固定シンボル／イベント専用。主捕獲地方でのみ捕獲し、副地方は手掛かり・共鳴戦・素材報酬。,主地方で1個体だけ捕獲し、副地方では手掛かり・共鳴戦・専用素材を扱う。捕獲済みフラグは両地方で共有し、重複個体を与えない。,イベント専用,固定個体の特性はイベント定義。隠れ特性は報酬・再戦・特性パッチで救済。,共有捕獲フラグで全地方1個体。撃破時のみ再出現、捕獲後は素材・再戦へ分岐。,野生通常表、DexNav通常検索、大量発生には登録しない。
トーホク,EVENT_T,こおりのしま研究区,固定イベント／共鳴クエスト,イベント別,336,649,ゲノセクト,ゲノセクト,むし／はがね,幻,固定イベント追加,手掛かり／共鳴戦／専用素材,イベント別,重複捕獲なし,殿堂入り＋研究ランク4＋主地方の捕獲フラグ共有,固定シンボル／イベント専用。主捕獲地方でのみ捕獲し、副地方は手掛かり・共鳴戦・素材報酬。,主地方で1個体だけ捕獲し、副地方では手掛かり・共鳴戦・専用素材を扱う。捕獲済みフラグは両地方で共有し、重複個体を与えない。,イベント専用,固定個体の特性はイベント定義。隠れ特性は報酬・再戦・特性パッチで救済。,共有捕獲フラグで全地方1個体。撃破時のみ再出現、捕獲後は素材・再戦へ分岐。,野生通常表、DexNav通常検索、大量発生には登録しない。
カントー,K47,マサラタウン・オーキド研究所,カントー序盤,配布個体Lv.5／調整戦Lv.70,337,650,ハリマロン,ハリマロン → ハリボーグ → ブリガロン,かくとう／くさ,御三家,地方研究タマゴ追加,オーキド研究所の生態交換タマゴ,Lv.5,カントー認定章2個ごとに1系統、最終的に全系統反復可,ベガ初回殿堂入り後。認定章数でエリアと中間進化枠を段階解禁。,基礎種をタマゴ配布,御三家を野生化せず、両地方の研究所を巡る収集導線にする。,R3,DexNav連鎖20以上または地方研究ランク2で隠れ特性判定を解禁。通常草むらでは標準特性のみ。,通常種は両地方で捕獲可能。進化後の通常野生化は段階解禁。,FR原作系統を地域の顔として残し、通常表・時間帯表・DexNav・大量発生を使って新種を混在。
トーホク,T_LAB,ハクジタウン・ヒイラギ研究所,個別条件,Lv.5,337,650,ハリマロン,ハリマロン → ハリボーグ → ブリガロン,かくとう／くさ,御三家,地方研究タマゴ追加,地域別研究依頼の報酬タマゴ,Lv.5,研究チケット1枚／系統選択・反復可,各世代の生態サンプルを3件提出。選択式にせず、依頼再受注で全系統入手可能。,基礎種をタマゴ配布,御三家を野生化せず、両地方の研究所を巡る収集導線にする。,R3,DexNav連鎖20以上または地方研究ランク2で隠れ特性判定を解禁。通常草むらでは標準特性のみ。,通常種は両地方で捕獲可能。進化後の通常野生化は段階解禁。,ベガ既存の野生枠を上書きせず、条件付きオーバーレイ／DexNav／夜間・水上・釣り・大量発生の追加抽選へ登録。
カントー,K47,マサラタウン・オーキド研究所,カントー序盤,配布個体Lv.5／調整戦Lv.70,338,653,フォッコ,フォッコ → テールナー → マフォクシー,ほのお／エスパー,御三家,地方研究タマゴ追加,オーキド研究所の生態交換タマゴ,Lv.5,カントー認定章2個ごとに1系統、最終的に全系統反復可,ベガ初回殿堂入り後。認定章数でエリアと中間進化枠を段階解禁。,基礎種をタマゴ配布,御三家を野生化せず、両地方の研究所を巡る収集導線にする。,R2,DexNav連鎖20以上または地方研究ランク2で隠れ特性判定を解禁。通常草むらでは標準特性のみ。,通常種は両地方で捕獲可能。進化後の通常野生化は段階解禁。,FR原作系統を地域の顔として残し、通常表・時間帯表・DexNav・大量発生を使って新種を混在。
トーホク,T_LAB,ハクジタウン・ヒイラギ研究所,個別条件,Lv.5,338,653,フォッコ,フォッコ → テールナー → マフォクシー,ほのお／エスパー,御三家,地方研究タマゴ追加,地域別研究依頼の報酬タマゴ,Lv.5,研究チケット1枚／系統選択・反復可,各世代の生態サンプルを3件提出。選択式にせず、依頼再受注で全系統入手可能。,基礎種をタマゴ配布,御三家を野生化せず、両地方の研究所を巡る収集導線にする。,R2,DexNav連鎖20以上または地方研究ランク2で隠れ特性判定を解禁。通常草むらでは標準特性のみ。,通常種は両地方で捕獲可能。進化後の通常野生化は段階解禁。,ベガ既存の野生枠を上書きせず、条件付きオーバーレイ／DexNav／夜間・水上・釣り・大量発生の追加抽選へ登録。
カントー,K47,マサラタウン・オーキド研究所,カントー序盤,配布個体Lv.5／調整戦Lv.70,339,656,ケロマツ,ケロマツ → ゲコガシラ → ゲッコウガ,みず／あく,御三家,地方研究タマゴ追加,オーキド研究所の生態交換タマゴ,Lv.5,カントー認定章2個ごとに1系統、最終的に全系統反復可,ベガ初回殿堂入り後。認定章数でエリアと中間進化枠を段階解禁。,基礎種をタマゴ配布,御三家を野生化せず、両地方の研究所を巡る収集導線にする。,R1,DexNav連鎖20以上または地方研究ランク2で隠れ特性判定を解禁。通常草むらでは標準特性のみ。,通常種は両地方で捕獲可能。進化後の通常野生化は段階解禁。,FR原作系統を地域の顔として残し、通常表・時間帯表・DexNav・大量発生を使って新種を混在。
トーホク,T_LAB,ハクジタウン・ヒイラギ研究所,個別条件,Lv.5,339,656,ケロマツ,ケロマツ → ゲコガシラ → ゲッコウガ,みず／あく,御三家,地方研究タマゴ追加,地域別研究依頼の報酬タマゴ,Lv.5,研究チケット1枚／系統選択・反復可,各世代の生態サンプルを3件提出。選択式にせず、依頼再受注で全系統入手可能。,基礎種をタマゴ配布,御三家を野生化せず、両地方の研究所を巡る収集導線にする。,R1,DexNav連鎖20以上または地方研究ランク2で隠れ特性判定を解禁。通常草むらでは標準特性のみ。,通常種は両地方で捕獲可能。進化後の通常野生化は段階解禁。,ベガ既存の野生枠を上書きせず、条件付きオーバーレイ／DexNav／夜間・水上・釣り・大量発生の追加抽選へ登録。
カントー,K04,4ばんどうろ,認定章1前後,Lv.72～77,340,659,ホルビー,ホルビー → ホルード,ノーマル／じめん,通常生態,外来生態レイヤーへ追加,草むらオーバーレイ,Lv.72～77,通常表8～15%,ベガ初回殿堂入り後。認定章数でエリアと中間進化枠を段階解禁。,基礎種を通常配置。中間進化は高レベル地域のDexNav限定、最終進化は原則進化入手,トーホクは本編で使える低～中レベル基礎種、カントーは高レベル個体・中間進化・隠れ特性探索を担当。,R4,DexNav連鎖20以上または地方研究ランク2で隠れ特性判定を解禁。通常草むらでは標準特性のみ。,通常種は両地方で捕獲可能。進化後の通常野生化は段階解禁。,FR原作系統を地域の顔として残し、通常表・時間帯表・DexNav・大量発生を使って新種を混在。
トーホク,T501,501ばんどうろ／すいどう,序盤A,Lv.2～5,340,659,ホルビー,ホルビー → ホルード,ノーマル／じめん,通常生態,外来生態レイヤーへ追加,大量発生,Lv.2～5,通常0%／発生中20～35%,本編必須フラグを変更せず、外来生態フラグ・時間帯・DexNav・大量発生で制御,基礎種を通常配置。中間進化は高レベル地域のDexNav限定、最終進化は原則進化入手,トーホクは本編で使える低～中レベル基礎種、カントーは高レベル個体・中間進化・隠れ特性探索を担当。,R4,DexNav連鎖20以上または地方研究ランク2で隠れ特性判定を解禁。通常草むらでは標準特性のみ。,通常種は両地方で捕獲可能。進化後の通常野生化は段階解禁。,ベガ既存の野生枠を上書きせず、条件付きオーバーレイ／DexNav／夜間・水上・釣り・大量発生の追加抽選へ登録。
カントー,K01,1ばんどうろ,カントー序盤,Lv.68～72,341,661,ヤヤコマ,ヤヤコマ → ヒノヤコマ → ファイアロー,ノーマル／ひこう／ほのお,通常生態,外来生態レイヤーへ追加,草むらオーバーレイ,Lv.68～72,通常表8～15%,ベガ初回殿堂入り後。認定章数でエリアと中間進化枠を段階解禁。,基礎種を通常配置。中間進化は高レベル地域のDexNav限定、最終進化は原則進化入手,トーホクは本編で使える低～中レベル基礎種、カントーは高レベル個体・中間進化・隠れ特性探索を担当。,R2,DexNav連鎖20以上または地方研究ランク2で隠れ特性判定を解禁。通常草むらでは標準特性のみ。,通常種は両地方で捕獲可能。進化後の通常野生化は段階解禁。,FR原作系統を地域の顔として残し、通常表・時間帯表・DexNav・大量発生を使って新種を混在。
トーホク,T501,501ばんどうろ／すいどう,序盤A,Lv.2～5,341,661,ヤヤコマ,ヤヤコマ → ヒノヤコマ → ファイアロー,ノーマル／ひこう／ほのお,通常生態,外来生態レイヤーへ追加,草むらオーバーレイ,Lv.2～5,追加抽選3～6%,本編必須フラグを変更せず、外来生態フラグ・時間帯・DexNav・大量発生で制御,基礎種を通常配置。中間進化は高レベル地域のDexNav限定、最終進化は原則進化入手,トーホクは本編で使える低～中レベル基礎種、カントーは高レベル個体・中間進化・隠れ特性探索を担当。,R2,DexNav連鎖20以上または地方研究ランク2で隠れ特性判定を解禁。通常草むらでは標準特性のみ。,通常種は両地方で捕獲可能。進化後の通常野生化は段階解禁。,ベガ既存の野生枠を上書きせず、条件付きオーバーレイ／DexNav／夜間・水上・釣り・大量発生の追加抽選へ登録。
カントー,K24,24ばんどうろ,認定章1～2,Lv.74～79,342,664,コフキムシ,コフキムシ → コフーライ → ビビヨン,ひこう／むし,通常生態,外来生態レイヤーへ追加,草むらオーバーレイ,Lv.74～79,通常表8～15%,ベガ初回殿堂入り後。認定章数でエリアと中間進化枠を段階解禁。,基礎種を通常配置。中間進化は高レベル地域のDexNav限定、最終進化は原則進化入手,トーホクは本編で使える低～中レベル基礎種、カントーは高レベル個体・中間進化・隠れ特性探索を担当。,R1,DexNav連鎖20以上または地方研究ランク2で隠れ特性判定を解禁。通常草むらでは標準特性のみ。,通常種は両地方で捕獲可能。進化後の通常野生化は段階解禁。,FR原作系統を地域の顔として残し、通常表・時間帯表・DexNav・大量発生を使って新種を混在。
トーホク,T505,505ばんどうろ／すいどう,序盤B,Lv.10～14,342,664,コフキムシ,コフキムシ → コフーライ → ビビヨン,ひこう／むし,通常生態,外来生態レイヤーへ追加,草むらオーバーレイ,Lv.10～14,追加抽選3～6%,本編必須フラグを変更せず、外来生態フラグ・時間帯・DexNav・大量発生で制御,基礎種を通常配置。中間進化は高レベル地域のDexNav限定、最終進化は原則進化入手,トーホクは本編で使える低～中レベル基礎種、カントーは高レベル個体・中間進化・隠れ特性探索を担当。,R1,DexNav連鎖20以上または地方研究ランク2で隠れ特性判定を解禁。通常草むらでは標準特性のみ。,通常種は両地方で捕獲可能。進化後の通常野生化は段階解禁。,ベガ既存の野生枠を上書きせず、条件付きオーバーレイ／DexNav／夜間・水上・釣り・大量発生の追加抽選へ登録。
カントー,K17,17ばんどうろ,認定章4～5,Lv.83～89,343,667,シシコ,シシコ → カエンジシ,ノーマル／ほのお,通常生態,外来生態レイヤーへ追加,草むらオーバーレイ,Lv.83～89,通常表8～15%,ベガ初回殿堂入り後。認定章数でエリアと中間進化枠を段階解禁。,基礎種を通常配置。中間進化は高レベル地域のDexNav限定、最終進化は原則進化入手,トーホクは本編で使える低～中レベル基礎種、カントーは高レベル個体・中間進化・隠れ特性探索を担当。,R4,DexNav連鎖20以上または地方研究ランク2で隠れ特性判定を解禁。通常草むらでは標準特性のみ。,通常種は両地方で捕獲可能。進化後の通常野生化は段階解禁。,FR原作系統を地域の顔として残し、通常表・時間帯表・DexNav・大量発生を使って新種を混在。
トーホク,T503,503ばんどうろ／すいどう,序盤A,Lv.5～9,343,667,シシコ,シシコ → カエンジシ,ノーマル／ほのお,通常生態,外来生態レイヤーへ追加,草むらオーバーレイ,Lv.5～9,追加抽選3～6%,本編必須フラグを変更せず、外来生態フラグ・時間帯・DexNav・大量発生で制御,基礎種を通常配置。中間進化は高レベル地域のDexNav限定、最終進化は原則進化入手,トーホクは本編で使える低～中レベル基礎種、カントーは高レベル個体・中間進化・隠れ特性探索を担当。,R4,DexNav連鎖20以上または地方研究ランク2で隠れ特性判定を解禁。通常草むらでは標準特性のみ。,通常種は両地方で捕獲可能。進化後の通常野生化は段階解禁。,ベガ既存の野生枠を上書きせず、条件付きオーバーレイ／DexNav／夜間・水上・釣り・大量発生の追加抽選へ登録。
カントー,K33,タマムシ温室,認定章4前後,Lv.82～90,344,669,フラベベ,フラベベ → フラエッテ → フラージェス,フェアリー,通常生態,外来生態レイヤーへ追加,草むらオーバーレイ,Lv.82～90,通常表8～15%,ベガ初回殿堂入り後。認定章数でエリアと中間進化枠を段階解禁。,基礎種を通常配置。中間進化は高レベル地域のDexNav限定、最終進化は原則進化入手,トーホクは本編で使える低～中レベル基礎種、カントーは高レベル個体・中間進化・隠れ特性探索を担当。,R2,DexNav連鎖20以上または地方研究ランク2で隠れ特性判定を解禁。通常草むらでは標準特性のみ。,通常種は両地方で捕獲可能。進化後の通常野生化は段階解禁。,FR原作系統を地域の顔として残し、通常表・時間帯表・DexNav・大量発生を使って新種を混在。
トーホク,T026,ハクジのもり,後半A,Lv.38～48／殿堂入り後Lv.50～65,344,669,フラベベ,フラベベ → フラエッテ → フラージェス,フェアリー,通常生態,外来生態レイヤーへ追加,草むらオーバーレイ,Lv.38～48／殿堂入り後Lv.50～65,追加抽選3～6%,本編必須フラグを変更せず、外来生態フラグ・時間帯・DexNav・大量発生で制御,基礎種を通常配置。中間進化は高レベル地域のDexNav限定、最終進化は原則進化入手,トーホクは本編で使える低～中レベル基礎種、カントーは高レベル個体・中間進化・隠れ特性探索を担当。,R2,DexNav連鎖20以上または地方研究ランク2で隠れ特性判定を解禁。通常草むらでは標準特性のみ。,通常種は両地方で捕獲可能。進化後の通常野生化は段階解禁。,ベガ既存の野生枠を上書きせず、条件付きオーバーレイ／DexNav／夜間・水上・釣り・大量発生の追加抽選へ登録。
カントー,K26,トキワのもり,カントー序盤,Lv.70～76,345,672,メェークル,メェークル → ゴーゴート,くさ,通常生態,外来生態レイヤーへ追加,ずつき／朝昼オーバーレイ,Lv.70～76,通常表8～15%,ベガ初回殿堂入り後。認定章数でエリアと中間進化枠を段階解禁。,基礎種を通常配置。中間進化は高レベル地域のDexNav限定、最終進化は原則進化入手,トーホクは本編で使える低～中レベル基礎種、カントーは高レベル個体・中間進化・隠れ特性探索を担当。,R1,DexNav連鎖20以上または地方研究ランク2で隠れ特性判定を解禁。通常草むらでは標準特性のみ。,通常種は両地方で捕獲可能。進化後の通常野生化は段階解禁。,FR原作系統を地域の顔として残し、通常表・時間帯表・DexNav・大量発生を使って新種を混在。
トーホク,T517,517ばんどうろ／すいどう,後半A,Lv.38～45,345,672,メェークル,メェークル → ゴーゴート,くさ,通常生態,外来生態レイヤーへ追加,草むらオーバーレイ,Lv.38～45,追加抽選3～6%,本編必須フラグを変更せず、外来生態フラグ・時間帯・DexNav・大量発生で制御,基礎種を通常配置。中間進化は高レベル地域のDexNav限定、最終進化は原則進化入手,トーホクは本編で使える低～中レベル基礎種、カントーは高レベル個体・中間進化・隠れ特性探索を担当。,R1,DexNav連鎖20以上または地方研究ランク2で隠れ特性判定を解禁。通常草むらでは標準特性のみ。,通常種は両地方で捕獲可能。進化後の通常野生化は段階解禁。,ベガ既存の野生枠を上書きせず、条件付きオーバーレイ／DexNav／夜間・水上・釣り・大量発生の追加抽選へ登録。
カントー,K07,7ばんどうろ,認定章3前後,Lv.78～83,346,674,ヤンチャム,ヤンチャム → ゴロンダ,かくとう／あく,通常生態,外来生態レイヤーへ追加,夜間オーバーレイ,Lv.78～83,夜間8～12%,ベガ初回殿堂入り後。認定章数でエリアと中間進化枠を段階解禁。,基礎種を通常配置。中間進化は高レベル地域のDexNav限定、最終進化は原則進化入手,トーホクは本編で使える低～中レベル基礎種、カントーは高レベル個体・中間進化・隠れ特性探索を担当。,R3,DexNav連鎖20以上または地方研究ランク2で隠れ特性判定を解禁。通常草むらでは標準特性のみ。,通常種は両地方で捕獲可能。進化後の通常野生化は段階解禁。,FR原作系統を地域の顔として残し、通常表・時間帯表・DexNav・大量発生を使って新種を混在。
トーホク,T032,ダークタワー,後半A,Lv.44～54／殿堂入り後Lv.60～75,346,674,ヤンチャム,ヤンチャム → ゴロンダ,かくとう／あく,通常生態,外来生態レイヤーへ追加,夜間オーバーレイ,Lv.44～54／殿堂入り後Lv.60～75,追加抽選3～6%,本編必須フラグを変更せず、外来生態フラグ・時間帯・DexNav・大量発生で制御,基礎種を通常配置。中間進化は高レベル地域のDexNav限定、最終進化は原則進化入手,トーホクは本編で使える低～中レベル基礎種、カントーは高レベル個体・中間進化・隠れ特性探索を担当。,R3,DexNav連鎖20以上または地方研究ランク2で隠れ特性判定を解禁。通常草むらでは標準特性のみ。,通常種は両地方で捕獲可能。進化後の通常野生化は段階解禁。,ベガ既存の野生枠を上書きせず、条件付きオーバーレイ／DexNav／夜間・水上・釣り・大量発生の追加抽選へ登録。
カントー,K16,16ばんどうろ,認定章4前後,Lv.81～86,347,676,トリミアン,トリミアン,ノーマル,通常生態,外来生態レイヤーへ追加,草むらオーバーレイ,Lv.81～86,通常表8～15%,ベガ初回殿堂入り後。認定章数でエリアと中間進化枠を段階解禁。,基礎種を通常配置。中間進化は高レベル地域のDexNav限定、最終進化は原則進化入手,トーホクは本編で使える低～中レベル基礎種、カントーは高レベル個体・中間進化・隠れ特性探索を担当。,R1,DexNav連鎖20以上または地方研究ランク2で隠れ特性判定を解禁。通常草むらでは標準特性のみ。,通常種は両地方で捕獲可能。進化後の通常野生化は段階解禁。,FR原作系統を地域の顔として残し、通常表・時間帯表・DexNav・大量発生を使って新種を混在。
トーホク,T519,519ばんどうろ／すいどう,後半A,Lv.41～48,347,676,トリミアン,トリミアン,ノーマル,通常生態,外来生態レイヤーへ追加,草むらオーバーレイ,Lv.41～48,追加抽選3～6%,本編必須フラグを変更せず、外来生態フラグ・時間帯・DexNav・大量発生で制御,基礎種を通常配置。中間進化は高レベル地域のDexNav限定、最終進化は原則進化入手,トーホクは本編で使える低～中レベル基礎種、カントーは高レベル個体・中間進化・隠れ特性探索を担当。,R1,DexNav連鎖20以上または地方研究ランク2で隠れ特性判定を解禁。通常草むらでは標準特性のみ。,通常種は両地方で捕獲可能。進化後の通常野生化は段階解禁。,ベガ既存の野生枠を上書きせず、条件付きオーバーレイ／DexNav／夜間・水上・釣り・大量発生の追加抽選へ登録。
カントー,K05,5ばんどうろ,認定章2前後,Lv.74～79,348,677,ニャスパー,ニャスパー → ニャオニクス,エスパー,通常生態,外来生態レイヤーへ追加,草むらオーバーレイ,Lv.74～79,通常表8～15%,ベガ初回殿堂入り後。認定章数でエリアと中間進化枠を段階解禁。,基礎種を通常配置。中間進化は高レベル地域のDexNav限定、最終進化は原則進化入手,トーホクは本編で使える低～中レベル基礎種、カントーは高レベル個体・中間進化・隠れ特性探索を担当。,R2,DexNav連鎖20以上または地方研究ランク2で隠れ特性判定を解禁。通常草むらでは標準特性のみ。,通常種は両地方で捕獲可能。進化後の通常野生化は段階解禁。,FR原作系統を地域の顔として残し、通常表・時間帯表・DexNav・大量発生を使って新種を混在。
トーホク,T025,こころのやかた,序盤B,Lv.8～13／殿堂入り後Lv.45～48,348,677,ニャスパー,ニャスパー → ニャオニクス,エスパー,通常生態,外来生態レイヤーへ追加,洞窟・屋内オーバーレイ,Lv.8～13／殿堂入り後Lv.45～48,追加抽選3～6%,本編必須フラグを変更せず、外来生態フラグ・時間帯・DexNav・大量発生で制御,基礎種を通常配置。中間進化は高レベル地域のDexNav限定、最終進化は原則進化入手,トーホクは本編で使える低～中レベル基礎種、カントーは高レベル個体・中間進化・隠れ特性探索を担当。,R2,DexNav連鎖20以上または地方研究ランク2で隠れ特性判定を解禁。通常草むらでは標準特性のみ。,通常種は両地方で捕獲可能。進化後の通常野生化は段階解禁。,ベガ既存の野生枠を上書きせず、条件付きオーバーレイ／DexNav／夜間・水上・釣り・大量発生の追加抽選へ登録。
カントー,K42,チャンピオンロード,認定章8後,Lv.94～100,349,679,ヒトツキ,ヒトツキ → ニダンギル → ギルガルド,ゴースト／はがね,通常生態,外来生態レイヤーへ追加,いわくだき／DexNav,Lv.94～100,通常0%／DexNav 2～5%,ベガ初回殿堂入り後。認定章数でエリアと中間進化枠を段階解禁。,基礎種を通常配置。中間進化は高レベル地域のDexNav限定、最終進化は原則進化入手,トーホクは本編で使える低～中レベル基礎種、カントーは高レベル個体・中間進化・隠れ特性探索を担当。,R4,DexNav連鎖20以上または地方研究ランク2で隠れ特性判定を解禁。通常草むらでは標準特性のみ。,通常種は両地方で捕獲可能。進化後の通常野生化は段階解禁。,FR原作系統を地域の顔として残し、通常表・時間帯表・DexNav・大量発生を使って新種を混在。
トーホク,T032,ダークタワー,後半A,Lv.44～54／殿堂入り後Lv.60～75,349,679,ヒトツキ,ヒトツキ → ニダンギル → ギルガルド,ゴースト／はがね,通常生態,外来生態レイヤーへ追加,夜間オーバーレイ,Lv.44～54／殿堂入り後Lv.60～75,追加抽選3～6%,本編必須フラグを変更せず、外来生態フラグ・時間帯・DexNav・大量発生で制御,基礎種を通常配置。中間進化は高レベル地域のDexNav限定、最終進化は原則進化入手,トーホクは本編で使える低～中レベル基礎種、カントーは高レベル個体・中間進化・隠れ特性探索を担当。,R4,DexNav連鎖20以上または地方研究ランク2で隠れ特性判定を解禁。通常草むらでは標準特性のみ。,通常種は両地方で捕獲可能。進化後の通常野生化は段階解禁。,ベガ既存の野生枠を上書きせず、条件付きオーバーレイ／DexNav／夜間・水上・釣り・大量発生の追加抽選へ登録。
カントー,K33,タマムシ温室,認定章4前後,Lv.82～90,350,682,シュシュプ,シュシュプ → フレフワン,フェアリー,通常生態,外来生態レイヤーへ追加,草むらオーバーレイ,Lv.82～90,通常表8～15%,ベガ初回殿堂入り後。認定章数でエリアと中間進化枠を段階解禁。,基礎種を通常配置。中間進化は高レベル地域のDexNav限定、最終進化は原則進化入手,トーホクは本編で使える低～中レベル基礎種、カントーは高レベル個体・中間進化・隠れ特性探索を担当。,R3,DexNav連鎖20以上または地方研究ランク2で隠れ特性判定を解禁。通常草むらでは標準特性のみ。,通常種は両地方で捕獲可能。進化後の通常野生化は段階解禁。,FR原作系統を地域の顔として残し、通常表・時間帯表・DexNav・大量発生を使って新種を混在。
トーホク,T026,ハクジのもり,後半A,Lv.38～48／殿堂入り後Lv.50～65,350,682,シュシュプ,シュシュプ → フレフワン,フェアリー,通常生態,外来生態レイヤーへ追加,草むらオーバーレイ,Lv.38～48／殿堂入り後Lv.50～65,追加抽選3～6%,本編必須フラグを変更せず、外来生態フラグ・時間帯・DexNav・大量発生で制御,基礎種を通常配置。中間進化は高レベル地域のDexNav限定、最終進化は原則進化入手,トーホクは本編で使える低～中レベル基礎種、カントーは高レベル個体・中間進化・隠れ特性探索を担当。,R3,DexNav連鎖20以上または地方研究ランク2で隠れ特性判定を解禁。通常草むらでは標準特性のみ。,通常種は両地方で捕獲可能。進化後の通常野生化は段階解禁。,ベガ既存の野生枠を上書きせず、条件付きオーバーレイ／DexNav／夜間・水上・釣り・大量発生の追加抽選へ登録。
カントー,K34,サファリゾーン中央,認定章5前後,Lv.85～94,351,684,ペロッパフ,ペロッパフ → ペロリーム,フェアリー,通常生態,外来生態レイヤーへ追加,大量発生,Lv.85～94,通常0%／発生中20～35%,ベガ初回殿堂入り後。認定章数でエリアと中間進化枠を段階解禁。,基礎種を通常配置。中間進化は高レベル地域のDexNav限定、最終進化は原則進化入手,トーホクは本編で使える低～中レベル基礎種、カントーは高レベル個体・中間進化・隠れ特性探索を担当。,R1,DexNav連鎖20以上または地方研究ランク2で隠れ特性判定を解禁。通常草むらでは標準特性のみ。,通常種は両地方で捕獲可能。進化後の通常野生化は段階解禁。,FR原作系統を地域の顔として残し、通常表・時間帯表・DexNav・大量発生を使って新種を混在。
トーホク,T517,517ばんどうろ／すいどう,後半A,Lv.38～45,351,684,ペロッパフ,ペロッパフ → ペロリーム,フェアリー,通常生態,外来生態レイヤーへ追加,大量発生,Lv.38～45,通常0%／発生中20～35%,本編必須フラグを変更せず、外来生態フラグ・時間帯・DexNav・大量発生で制御,基礎種を通常配置。中間進化は高レベル地域のDexNav限定、最終進化は原則進化入手,トーホクは本編で使える低～中レベル基礎種、カントーは高レベル個体・中間進化・隠れ特性探索を担当。,R1,DexNav連鎖20以上または地方研究ランク2で隠れ特性判定を解禁。通常草むらでは標準特性のみ。,通常種は両地方で捕獲可能。進化後の通常野生化は段階解禁。,ベガ既存の野生枠を上書きせず、条件付きオーバーレイ／DexNav／夜間・水上・釣り・大量発生の追加抽選へ登録。
カントー,K08,8ばんどうろ,認定章3前後,Lv.79～84,352,686,マーイーカ,マーイーカ → カラマネロ,エスパー／あく,通常生態,外来生態レイヤーへ追加,夜間オーバーレイ,Lv.79～84,夜間8～12%,ベガ初回殿堂入り後。認定章数でエリアと中間進化枠を段階解禁。,基礎種を通常配置。中間進化は高レベル地域のDexNav限定、最終進化は原則進化入手,トーホクは本編で使える低～中レベル基礎種、カントーは高レベル個体・中間進化・隠れ特性探索を担当。,R3,DexNav連鎖20以上または地方研究ランク2で隠れ特性判定を解禁。通常草むらでは標準特性のみ。,通常種は両地方で捕獲可能。進化後の通常野生化は段階解禁。,FR原作系統を地域の顔として残し、通常表・時間帯表・DexNav・大量発生を使って新種を混在。
トーホク,T515,515ばんどうろ／すいどう,中盤C,Lv.33～40,352,686,マーイーカ,マーイーカ → カラマネロ,エスパー／あく,通常生態,外来生態レイヤーへ追加,夜間オーバーレイ,Lv.33～40,追加抽選3～6%,本編必須フラグを変更せず、外来生態フラグ・時間帯・DexNav・大量発生で制御,基礎種を通常配置。中間進化は高レベル地域のDexNav限定、最終進化は原則進化入手,トーホクは本編で使える低～中レベル基礎種、カントーは高レベル個体・中間進化・隠れ特性探索を担当。,R3,DexNav連鎖20以上または地方研究ランク2で隠れ特性判定を解禁。通常草むらでは標準特性のみ。,通常種は両地方で捕獲可能。進化後の通常野生化は段階解禁。,ベガ既存の野生枠を上書きせず、条件付きオーバーレイ／DexNav／夜間・水上・釣り・大量発生の追加抽選へ登録。
カントー,K21,21ばんどうろ,認定章6前後,Lv.89～94,353,688,カメテテ,カメテテ → ガメノデス,いわ／みず,通常生態,外来生態レイヤーへ追加,釣りオーバーレイ,Lv.89～94,通常表10～20%,ベガ初回殿堂入り後。認定章数でエリアと中間進化枠を段階解禁。,基礎種を通常配置。中間進化は高レベル地域のDexNav限定、最終進化は原則進化入手,トーホクは本編で使える低～中レベル基礎種、カントーは高レベル個体・中間進化・隠れ特性探索を担当。,R1,DexNav連鎖20以上または地方研究ランク2で隠れ特性判定を解禁。通常草むらでは標準特性のみ。,通常種は両地方で捕獲可能。進化後の通常野生化は段階解禁。,FR原作系統を地域の顔として残し、通常表・時間帯表・DexNav・大量発生を使って新種を混在。
トーホク,T027,かいていトンネル,中盤A,Lv.20～30,353,688,カメテテ,カメテテ → ガメノデス,いわ／みず,通常生態,外来生態レイヤーへ追加,釣りオーバーレイ,Lv.20～30,追加抽選4～8%,本編必須フラグを変更せず、外来生態フラグ・時間帯・DexNav・大量発生で制御,基礎種を通常配置。中間進化は高レベル地域のDexNav限定、最終進化は原則進化入手,トーホクは本編で使える低～中レベル基礎種、カントーは高レベル個体・中間進化・隠れ特性探索を担当。,R1,DexNav連鎖20以上または地方研究ランク2で隠れ特性判定を解禁。通常草むらでは標準特性のみ。,通常種は両地方で捕獲可能。進化後の通常野生化は段階解禁。,ベガ既存の野生枠を上書きせず、条件付きオーバーレイ／DexNav／夜間・水上・釣り・大量発生の追加抽選へ登録。
カントー,K13,13ばんどうろ,認定章4前後,Lv.83～88,354,690,クズモー,クズモー → ドラミドロ,どく／みず／ドラゴン,通常生態,外来生態レイヤーへ追加,水上オーバーレイ,Lv.83～88,通常表10～20%,ベガ初回殿堂入り後。認定章数でエリアと中間進化枠を段階解禁。,基礎種を通常配置。中間進化は高レベル地域のDexNav限定、最終進化は原則進化入手,トーホクは本編で使える低～中レベル基礎種、カントーは高レベル個体・中間進化・隠れ特性探索を担当。,R3,DexNav連鎖20以上または地方研究ランク2で隠れ特性判定を解禁。通常草むらでは標準特性のみ。,通常種は両地方で捕獲可能。進化後の通常野生化は段階解禁。,FR原作系統を地域の顔として残し、通常表・時間帯表・DexNav・大量発生を使って新種を混在。
トーホク,T027,かいていトンネル,中盤A,Lv.20～30,354,690,クズモー,クズモー → ドラミドロ,どく／みず／ドラゴン,通常生態,外来生態レイヤーへ追加,水上オーバーレイ,Lv.20～30,追加抽選4～8%,本編必須フラグを変更せず、外来生態フラグ・時間帯・DexNav・大量発生で制御,基礎種を通常配置。中間進化は高レベル地域のDexNav限定、最終進化は原則進化入手,トーホクは本編で使える低～中レベル基礎種、カントーは高レベル個体・中間進化・隠れ特性探索を担当。,R3,DexNav連鎖20以上または地方研究ランク2で隠れ特性判定を解禁。通常草むらでは標準特性のみ。,通常種は両地方で捕獲可能。進化後の通常野生化は段階解禁。,ベガ既存の野生枠を上書きせず、条件付きオーバーレイ／DexNav／夜間・水上・釣り・大量発生の追加抽選へ登録。
カントー,K19,19ばんどうろ,認定章5後,Lv.87～92,355,692,ウデッポウ,ウデッポウ → ブロスター,みず,通常生態,外来生態レイヤーへ追加,水上オーバーレイ,Lv.87～92,通常表10～20%,ベガ初回殿堂入り後。認定章数でエリアと中間進化枠を段階解禁。,基礎種を通常配置。中間進化は高レベル地域のDexNav限定、最終進化は原則進化入手,トーホクは本編で使える低～中レベル基礎種、カントーは高レベル個体・中間進化・隠れ特性探索を担当。,R1,DexNav連鎖20以上または地方研究ランク2で隠れ特性判定を解禁。通常草むらでは標準特性のみ。,通常種は両地方で捕獲可能。進化後の通常野生化は段階解禁。,FR原作系統を地域の顔として残し、通常表・時間帯表・DexNav・大量発生を使って新種を混在。
トーホク,T510,510ばんどうろ／すいどう,中盤B,Lv.24～30,355,692,ウデッポウ,ウデッポウ → ブロスター,みず,通常生態,外来生態レイヤーへ追加,水上オーバーレイ,Lv.24～30,追加抽選4～8%,本編必須フラグを変更せず、外来生態フラグ・時間帯・DexNav・大量発生で制御,基礎種を通常配置。中間進化は高レベル地域のDexNav限定、最終進化は原則進化入手,トーホクは本編で使える低～中レベル基礎種、カントーは高レベル個体・中間進化・隠れ特性探索を担当。,R1,DexNav連鎖20以上または地方研究ランク2で隠れ特性判定を解禁。通常草むらでは標準特性のみ。,通常種は両地方で捕獲可能。進化後の通常野生化は段階解禁。,ベガ既存の野生枠を上書きせず、条件付きオーバーレイ／DexNav／夜間・水上・釣り・大量発生の追加抽選へ登録。
カントー,K10,10ばんどうろ,認定章2～3,Lv.78～84,356,694,エリキテル,エリキテル → エレザード,ノーマル／でんき,通常生態,外来生態レイヤーへ追加,草むらオーバーレイ,Lv.78～84,通常表8～15%,ベガ初回殿堂入り後。認定章数でエリアと中間進化枠を段階解禁。,基礎種を通常配置。中間進化は高レベル地域のDexNav限定、最終進化は原則進化入手,トーホクは本編で使える低～中レベル基礎種、カントーは高レベル個体・中間進化・隠れ特性探索を担当。,R3,DexNav連鎖20以上または地方研究ランク2で隠れ特性判定を解禁。通常草むらでは標準特性のみ。,通常種は両地方で捕獲可能。進化後の通常野生化は段階解禁。,FR原作系統を地域の顔として残し、通常表・時間帯表・DexNav・大量発生を使って新種を混在。
トーホク,T029,かみなりのしま,中盤B,Lv.30～40／殿堂入り後Lv.55～70,356,694,エリキテル,エリキテル → エレザード,ノーマル／でんき,通常生態,外来生態レイヤーへ追加,草むらオーバーレイ,Lv.30～40／殿堂入り後Lv.55～70,追加抽選3～6%,本編必須フラグを変更せず、外来生態フラグ・時間帯・DexNav・大量発生で制御,基礎種を通常配置。中間進化は高レベル地域のDexNav限定、最終進化は原則進化入手,トーホクは本編で使える低～中レベル基礎種、カントーは高レベル個体・中間進化・隠れ特性探索を担当。,R3,DexNav連鎖20以上または地方研究ランク2で隠れ特性判定を解禁。通常草むらでは標準特性のみ。,通常種は両地方で捕獲可能。進化後の通常野生化は段階解禁。,ベガ既存の野生枠を上書きせず、条件付きオーバーレイ／DexNav／夜間・水上・釣り・大量発生の追加抽選へ登録。
カントー,K45,グレン研究所,認定章6～7,復元個体Lv.30／実験戦Lv.92,357,696,チゴラス,チゴラス → ガチゴラス,いわ／ドラゴン,化石,化石復元追加,博物館鑑定後に復元,Lv.30,月石片／火山灰を消費して反復可,ベガ初回殿堂入り後。認定章数でエリアと中間進化枠を段階解禁。,基礎種を復元,トーホクは早期の復元、カントーは高個体値・隠れ特性の再復元を担当。,R1,DexNav連鎖20以上または地方研究ランク2で隠れ特性判定を解禁。通常草むらでは標準特性のみ。,通常種は両地方で捕獲可能。進化後の通常野生化は段階解禁。,FR原作系統を地域の顔として残し、通常表・時間帯表・DexNav・大量発生を使って新種を混在。
トーホク,T_FOSSIL,ヒスイシティ考古学室,個別条件,Lv.20,357,696,チゴラス,チゴラス → ガチゴラス,いわ／ドラゴン,化石,化石復元追加,発掘片2個を納品して復元,Lv.20,反復採掘可,化石はちえのどうくつ／いわくだき／採掘依頼で反復入手。ガラル化石は2部品合成。,基礎種を復元,トーホクは早期の復元、カントーは高個体値・隠れ特性の再復元を担当。,R1,DexNav連鎖20以上または地方研究ランク2で隠れ特性判定を解禁。通常草むらでは標準特性のみ。,通常種は両地方で捕獲可能。進化後の通常野生化は段階解禁。,ベガ既存の野生枠を上書きせず、条件付きオーバーレイ／DexNav／夜間・水上・釣り・大量発生の追加抽選へ登録。
カントー,K45,グレン研究所,認定章6～7,復元個体Lv.30／実験戦Lv.92,358,698,アマルス,アマルス → アマルルガ,いわ／こおり,化石,化石復元追加,博物館鑑定後に復元,Lv.30,月石片／火山灰を消費して反復可,ベガ初回殿堂入り後。認定章数でエリアと中間進化枠を段階解禁。,基礎種を復元,トーホクは早期の復元、カントーは高個体値・隠れ特性の再復元を担当。,R3,DexNav連鎖20以上または地方研究ランク2で隠れ特性判定を解禁。通常草むらでは標準特性のみ。,通常種は両地方で捕獲可能。進化後の通常野生化は段階解禁。,FR原作系統を地域の顔として残し、通常表・時間帯表・DexNav・大量発生を使って新種を混在。
トーホク,T_FOSSIL,ヒスイシティ考古学室,個別条件,Lv.20,358,698,アマルス,アマルス → アマルルガ,いわ／こおり,化石,化石復元追加,発掘片2個を納品して復元,Lv.20,反復採掘可,化石はちえのどうくつ／いわくだき／採掘依頼で反復入手。ガラル化石は2部品合成。,基礎種を復元,トーホクは早期の復元、カントーは高個体値・隠れ特性の再復元を担当。,R3,DexNav連鎖20以上または地方研究ランク2で隠れ特性判定を解禁。通常草むらでは標準特性のみ。,通常種は両地方で捕獲可能。進化後の通常野生化は段階解禁。,ベガ既存の野生枠を上書きせず、条件付きオーバーレイ／DexNav／夜間・水上・釣り・大量発生の追加抽選へ登録。
カントー,K09,9ばんどうろ,認定章2～3,Lv.77～82,359,701,ルチャブル,ルチャブル,かくとう／ひこう,通常生態,外来生態レイヤーへ追加,草むらオーバーレイ,Lv.77～82,通常表8～15%,ベガ初回殿堂入り後。認定章数でエリアと中間進化枠を段階解禁。,基礎種を通常配置。中間進化は高レベル地域のDexNav限定、最終進化は原則進化入手,トーホクは本編で使える低～中レベル基礎種、カントーは高レベル個体・中間進化・隠れ特性探索を担当。,R2,DexNav連鎖20以上または地方研究ランク2で隠れ特性判定を解禁。通常草むらでは標準特性のみ。,通常種は両地方で捕獲可能。進化後の通常野生化は段階解禁。,FR原作系統を地域の顔として残し、通常表・時間帯表・DexNav・大量発生を使って新種を混在。
トーホク,T505,505ばんどうろ／すいどう,序盤B,Lv.10～14,359,701,ルチャブル,ルチャブル,かくとう／ひこう,通常生態,外来生態レイヤーへ追加,草むらオーバーレイ,Lv.10～14,追加抽選3～6%,本編必須フラグを変更せず、外来生態フラグ・時間帯・DexNav・大量発生で制御,基礎種を通常配置。中間進化は高レベル地域のDexNav限定、最終進化は原則進化入手,トーホクは本編で使える低～中レベル基礎種、カントーは高レベル個体・中間進化・隠れ特性探索を担当。,R2,DexNav連鎖20以上または地方研究ランク2で隠れ特性判定を解禁。通常草むらでは標準特性のみ。,通常種は両地方で捕獲可能。進化後の通常野生化は段階解禁。,ベガ既存の野生枠を上書きせず、条件付きオーバーレイ／DexNav／夜間・水上・釣り・大量発生の追加抽選へ登録。
カントー,K33,タマムシ温室,認定章4前後,Lv.82～90,360,702,デデンネ,デデンネ,でんき／フェアリー,通常生態,外来生態レイヤーへ追加,草むらオーバーレイ,Lv.82～90,通常表8～15%,ベガ初回殿堂入り後。認定章数でエリアと中間進化枠を段階解禁。,基礎種を通常配置。中間進化は高レベル地域のDexNav限定、最終進化は原則進化入手,トーホクは本編で使える低～中レベル基礎種、カントーは高レベル個体・中間進化・隠れ特性探索を担当。,R3,DexNav連鎖20以上または地方研究ランク2で隠れ特性判定を解禁。通常草むらでは標準特性のみ。,通常種は両地方で捕獲可能。進化後の通常野生化は段階解禁。,FR原作系統を地域の顔として残し、通常表・時間帯表・DexNav・大量発生を使って新種を混在。
トーホク,T029,かみなりのしま,中盤B,Lv.30～40／殿堂入り後Lv.55～70,360,702,デデンネ,デデンネ,でんき／フェアリー,通常生態,外来生態レイヤーへ追加,大量発生,Lv.30～40／殿堂入り後Lv.55～70,通常0%／発生中20～35%,本編必須フラグを変更せず、外来生態フラグ・時間帯・DexNav・大量発生で制御,基礎種を通常配置。中間進化は高レベル地域のDexNav限定、最終進化は原則進化入手,トーホクは本編で使える低～中レベル基礎種、カントーは高レベル個体・中間進化・隠れ特性探索を担当。,R3,DexNav連鎖20以上または地方研究ランク2で隠れ特性判定を解禁。通常草むらでは標準特性のみ。,通常種は両地方で捕獲可能。進化後の通常野生化は段階解禁。,ベガ既存の野生枠を上書きせず、条件付きオーバーレイ／DexNav／夜間・水上・釣り・大量発生の追加抽選へ登録。
カントー,K27,おつきみやま,認定章1前後,Lv.73～80,361,703,メレシー,メレシー,いわ／フェアリー,人工・無機物,外来生態レイヤーへ追加,いわくだき／DexNav,Lv.73～80,通常0%／DexNav 2～5%,ベガ初回殿堂入り後。認定章数でエリアと中間進化枠を段階解禁。,基礎種を通常配置。中間進化は高レベル地域のDexNav限定、最終進化は原則進化入手,トーホクは本編で使える低～中レベル基礎種、カントーは高レベル個体・中間進化・隠れ特性探索を担当。,R4,DexNav連鎖20以上または地方研究ランク2で隠れ特性判定を解禁。通常草むらでは標準特性のみ。,通常種は両地方で捕獲可能。進化後の通常野生化は段階解禁。,FR原作系統を地域の顔として残し、通常表・時間帯表・DexNav・大量発生を使って新種を混在。
トーホク,T024,ちえのどうくつ,序盤A,Lv.6～9／殿堂入り後Lv.44～48,361,703,メレシー,メレシー,いわ／フェアリー,人工・無機物,外来生態レイヤーへ追加,いわくだき／DexNav,Lv.6～9／殿堂入り後Lv.44～48,通常0%／DexNav 2～5%,本編必須フラグを変更せず、外来生態フラグ・時間帯・DexNav・大量発生で制御,基礎種を通常配置。中間進化は高レベル地域のDexNav限定、最終進化は原則進化入手,トーホクは本編で使える低～中レベル基礎種、カントーは高レベル個体・中間進化・隠れ特性探索を担当。,R4,DexNav連鎖20以上または地方研究ランク2で隠れ特性判定を解禁。通常草むらでは標準特性のみ。,通常種は両地方で捕獲可能。進化後の通常野生化は段階解禁。,ベガ既存の野生枠を上書きせず、条件付きオーバーレイ／DexNav／夜間・水上・釣り・大量発生の追加抽選へ登録。
カントー,K43,ハナダのどうくつ,最終ポストゲーム,Lv.95～100,362,704,ヌメラ,ヌメラ → ヌメイル → ヌメルゴン,ドラゴン,600族,外来生態レイヤーへ追加,DexNav隠し枠,Lv.95～100,通常0%／DexNav 1～2%,ベガ初回殿堂入り後。認定章数でエリアと中間進化枠を段階解禁。,基礎種のみ通常枠。中間進化は殿堂入り後DexNav、最終進化は野生禁止,トーホクは本編で使える低～中レベル基礎種、カントーは高レベル個体・中間進化・隠れ特性探索を担当。,R1,DexNav連鎖20以上または地方研究ランク2で隠れ特性判定を解禁。通常草むらでは標準特性のみ。,通常種は両地方で捕獲可能。進化後の通常野生化は段階解禁。,FR原作系統を地域の顔として残し、通常表・時間帯表・DexNav・大量発生を使って新種を混在。
トーホク,T042,チャンピオンロード,リーグ前,Lv.58～66／殿堂入り後Lv.70～88,362,704,ヌメラ,ヌメラ → ヌメイル → ヌメルゴン,ドラゴン,600族,外来生態レイヤーへ追加,DexNav隠し枠,Lv.58～66／殿堂入り後Lv.70～88,通常0%／DexNav 1～2%,本編必須フラグを変更せず、外来生態フラグ・時間帯・DexNav・大量発生で制御,基礎種のみ通常枠。中間進化は殿堂入り後DexNav、最終進化は野生禁止,トーホクは本編で使える低～中レベル基礎種、カントーは高レベル個体・中間進化・隠れ特性探索を担当。,R1,DexNav連鎖20以上または地方研究ランク2で隠れ特性判定を解禁。通常草むらでは標準特性のみ。,通常種は両地方で捕獲可能。進化後の通常野生化は段階解禁。,ベガ既存の野生枠を上書きせず、条件付きオーバーレイ／DexNav／夜間・水上・釣り・大量発生の追加抽選へ登録。
カントー,K41,シルフカンパニー,認定章5～6,Lv.90～97（異常遭遇）,363,707,クレッフィ,クレッフィ,はがね／フェアリー,人工・無機物,外来生態レイヤーへ追加,屋内異常遭遇／DexNav,Lv.90～97（異常遭遇）,通常0%／DexNav 2～5%,ベガ初回殿堂入り後。認定章数でエリアと中間進化枠を段階解禁。,基礎種を通常配置。中間進化は高レベル地域のDexNav限定、最終進化は原則進化入手,トーホクは本編で使える低～中レベル基礎種、カントーは高レベル個体・中間進化・隠れ特性探索を担当。,R4,DexNav連鎖20以上または地方研究ランク2で隠れ特性判定を解禁。通常草むらでは標準特性のみ。,通常種は両地方で捕獲可能。進化後の通常野生化は段階解禁。,FR原作系統を地域の顔として残し、通常表・時間帯表・DexNav・大量発生を使って新種を混在。
トーホク,T034,D・Hビル,後半A,Lv.42～55／殿堂入り後Lv.62～78,363,707,クレッフィ,クレッフィ,はがね／フェアリー,人工・無機物,外来生態レイヤーへ追加,屋内異常遭遇／DexNav,Lv.42～55／殿堂入り後Lv.62～78,通常0%／DexNav 2～5%,本編必須フラグを変更せず、外来生態フラグ・時間帯・DexNav・大量発生で制御,基礎種を通常配置。中間進化は高レベル地域のDexNav限定、最終進化は原則進化入手,トーホクは本編で使える低～中レベル基礎種、カントーは高レベル個体・中間進化・隠れ特性探索を担当。,R4,DexNav連鎖20以上または地方研究ランク2で隠れ特性判定を解禁。通常草むらでは標準特性のみ。,通常種は両地方で捕獲可能。進化後の通常野生化は段階解禁。,ベガ既存の野生枠を上書きせず、条件付きオーバーレイ／DexNav／夜間・水上・釣り・大量発生の追加抽選へ登録。
カントー,K26,トキワのもり,カントー序盤,Lv.70～76,364,708,ボクレー,ボクレー → オーロット,ゴースト／くさ,通常生態,外来生態レイヤーへ追加,夜間オーバーレイ,Lv.70～76,夜間8～12%,ベガ初回殿堂入り後。認定章数でエリアと中間進化枠を段階解禁。,基礎種を通常配置。中間進化は高レベル地域のDexNav限定、最終進化は原則進化入手,トーホクは本編で使える低～中レベル基礎種、カントーは高レベル個体・中間進化・隠れ特性探索を担当。,R1,DexNav連鎖20以上または地方研究ランク2で隠れ特性判定を解禁。通常草むらでは標準特性のみ。,通常種は両地方で捕獲可能。進化後の通常野生化は段階解禁。,FR原作系統を地域の顔として残し、通常表・時間帯表・DexNav・大量発生を使って新種を混在。
トーホク,T025,こころのやかた,序盤B,Lv.8～13／殿堂入り後Lv.45～48,364,708,ボクレー,ボクレー → オーロット,ゴースト／くさ,通常生態,外来生態レイヤーへ追加,夜間オーバーレイ,Lv.8～13／殿堂入り後Lv.45～48,追加抽選3～6%,本編必須フラグを変更せず、外来生態フラグ・時間帯・DexNav・大量発生で制御,基礎種を通常配置。中間進化は高レベル地域のDexNav限定、最終進化は原則進化入手,トーホクは本編で使える低～中レベル基礎種、カントーは高レベル個体・中間進化・隠れ特性探索を担当。,R1,DexNav連鎖20以上または地方研究ランク2で隠れ特性判定を解禁。通常草むらでは標準特性のみ。,通常種は両地方で捕獲可能。進化後の通常野生化は段階解禁。,ベガ既存の野生枠を上書きせず、条件付きオーバーレイ／DexNav／夜間・水上・釣り・大量発生の追加抽選へ登録。
カントー,K02,2ばんどうろ,カントー序盤,Lv.69～73,365,710,バケッチャ,バケッチャ → パンプジン,ゴースト／くさ,通常生態,外来生態レイヤーへ追加,夜間オーバーレイ,Lv.69～73,夜間8～12%,ベガ初回殿堂入り後。認定章数でエリアと中間進化枠を段階解禁。,基礎種を通常配置。中間進化は高レベル地域のDexNav限定、最終進化は原則進化入手,トーホクは本編で使える低～中レベル基礎種、カントーは高レベル個体・中間進化・隠れ特性探索を担当。,R3,DexNav連鎖20以上または地方研究ランク2で隠れ特性判定を解禁。通常草むらでは標準特性のみ。,通常種は両地方で捕獲可能。進化後の通常野生化は段階解禁。,FR原作系統を地域の顔として残し、通常表・時間帯表・DexNav・大量発生を使って新種を混在。
トーホク,T025,こころのやかた,序盤B,Lv.8～13／殿堂入り後Lv.45～48,365,710,バケッチャ,バケッチャ → パンプジン,ゴースト／くさ,通常生態,外来生態レイヤーへ追加,夜間オーバーレイ,Lv.8～13／殿堂入り後Lv.45～48,追加抽選3～6%,本編必須フラグを変更せず、外来生態フラグ・時間帯・DexNav・大量発生で制御,基礎種を通常配置。中間進化は高レベル地域のDexNav限定、最終進化は原則進化入手,トーホクは本編で使える低～中レベル基礎種、カントーは高レベル個体・中間進化・隠れ特性探索を担当。,R3,DexNav連鎖20以上または地方研究ランク2で隠れ特性判定を解禁。通常草むらでは標準特性のみ。,通常種は両地方で捕獲可能。進化後の通常野生化は段階解禁。,ベガ既存の野生枠を上書きせず、条件付きオーバーレイ／DexNav／夜間・水上・釣り・大量発生の追加抽選へ登録。
カントー,K38,ふたごじま,認定章5～6,Lv.88～96,366,712,カチコール,カチコール → クレベース,こおり,通常生態,外来生態レイヤーへ追加,洞窟・屋内オーバーレイ,Lv.88～96,通常表8～15%,ベガ初回殿堂入り後。認定章数でエリアと中間進化枠を段階解禁。,基礎種を通常配置。中間進化は高レベル地域のDexNav限定、最終進化は原則進化入手,トーホクは本編で使える低～中レベル基礎種、カントーは高レベル個体・中間進化・隠れ特性探索を担当。,R1,DexNav連鎖20以上または地方研究ランク2で隠れ特性判定を解禁。通常草むらでは標準特性のみ。,通常種は両地方で捕獲可能。進化後の通常野生化は段階解禁。,FR原作系統を地域の顔として残し、通常表・時間帯表・DexNav・大量発生を使って新種を混在。
トーホク,T030,こおりのしま,中盤B,Lv.30～40／殿堂入り後Lv.55～70,366,712,カチコール,カチコール → クレベース,こおり,通常生態,外来生態レイヤーへ追加,洞窟・屋内オーバーレイ,Lv.30～40／殿堂入り後Lv.55～70,追加抽選3～6%,本編必須フラグを変更せず、外来生態フラグ・時間帯・DexNav・大量発生で制御,基礎種を通常配置。中間進化は高レベル地域のDexNav限定、最終進化は原則進化入手,トーホクは本編で使える低～中レベル基礎種、カントーは高レベル個体・中間進化・隠れ特性探索を担当。,R1,DexNav連鎖20以上または地方研究ランク2で隠れ特性判定を解禁。通常草むらでは標準特性のみ。,通常種は両地方で捕獲可能。進化後の通常野生化は段階解禁。,ベガ既存の野生枠を上書きせず、条件付きオーバーレイ／DexNav／夜間・水上・釣り・大量発生の追加抽選へ登録。
カントー,K11,11ばんどうろ,認定章2～3,Lv.76～82,367,714,オンバット,オンバット → オンバーン,ひこう／ドラゴン,通常生態,外来生態レイヤーへ追加,草むらオーバーレイ,Lv.76～82,通常表8～15%,ベガ初回殿堂入り後。認定章数でエリアと中間進化枠を段階解禁。,基礎種を通常配置。中間進化は高レベル地域のDexNav限定、最終進化は原則進化入手,トーホクは本編で使える低～中レベル基礎種、カントーは高レベル個体・中間進化・隠れ特性探索を担当。,R3,DexNav連鎖20以上または地方研究ランク2で隠れ特性判定を解禁。通常草むらでは標準特性のみ。,通常種は両地方で捕獲可能。進化後の通常野生化は段階解禁。,FR原作系統を地域の顔として残し、通常表・時間帯表・DexNav・大量発生を使って新種を混在。
トーホク,T505,505ばんどうろ／すいどう,序盤B,Lv.10～14,367,714,オンバット,オンバット → オンバーン,ひこう／ドラゴン,通常生態,外来生態レイヤーへ追加,草むらオーバーレイ,Lv.10～14,追加抽選3～6%,本編必須フラグを変更せず、外来生態フラグ・時間帯・DexNav・大量発生で制御,基礎種を通常配置。中間進化は高レベル地域のDexNav限定、最終進化は原則進化入手,トーホクは本編で使える低～中レベル基礎種、カントーは高レベル個体・中間進化・隠れ特性探索を担当。,R3,DexNav連鎖20以上または地方研究ランク2で隠れ特性判定を解禁。通常草むらでは標準特性のみ。,通常種は両地方で捕獲可能。進化後の通常野生化は段階解禁。,ベガ既存の野生枠を上書きせず、条件付きオーバーレイ／DexNav／夜間・水上・釣り・大量発生の追加抽選へ登録。
カントー,EVENT_K,タマムシ温室／ポケモンタワー／ハナダのどうくつ,固定イベント／共鳴クエスト,イベント別,368,716,ゼルネアス,ゼルネアス,フェアリー,伝説,固定イベント追加,手掛かり／共鳴戦／専用素材,イベント別,重複捕獲なし,全国研究ランク4＋主地方の捕獲フラグ共有,固定シンボル／イベント専用。主捕獲地方でのみ捕獲し、副地方は手掛かり・共鳴戦・素材報酬。,主地方で1個体だけ捕獲し、副地方では手掛かり・共鳴戦・専用素材を扱う。捕獲済みフラグは両地方で共有し、重複個体を与えない。,イベント専用,固定個体の特性はイベント定義。隠れ特性は報酬・再戦・特性パッチで救済。,共有捕獲フラグで全地方1個体。撃破時のみ再出現、捕獲後は素材・再戦へ分岐。,野生通常表、DexNav通常検索、大量発生には登録しない。
トーホク,EVENT_T,ハクジのもり／ダークタワー／スフィアいせき,固定イベント／共鳴クエスト,Lv.75,368,716,ゼルネアス,ゼルネアス,フェアリー,伝説,固定イベント追加,固定シンボル／専用クエスト,Lv.75,原則1体・撃破時復活,全国研究ランク4,固定シンボル／イベント専用。主捕獲地方でのみ捕獲し、副地方は手掛かり・共鳴戦・素材報酬。,主地方で1個体だけ捕獲し、副地方では手掛かり・共鳴戦・専用素材を扱う。捕獲済みフラグは両地方で共有し、重複個体を与えない。,イベント専用,固定個体の特性はイベント定義。隠れ特性は報酬・再戦・特性パッチで救済。,共有捕獲フラグで全地方1個体。撃破時のみ再出現、捕獲後は素材・再戦へ分岐。,野生通常表、DexNav通常検索、大量発生には登録しない。
カントー,EVENT_K,タマムシ温室／ポケモンタワー／ハナダのどうくつ,固定イベント／共鳴クエスト,Lv.75,369,717,イベルタル,イベルタル,ひこう／あく,伝説,固定イベント追加,固定シンボル／専用クエスト,Lv.75,原則1体・撃破時復活,全国研究ランク4,固定シンボル／イベント専用。主捕獲地方でのみ捕獲し、副地方は手掛かり・共鳴戦・素材報酬。,主地方で1個体だけ捕獲し、副地方では手掛かり・共鳴戦・専用素材を扱う。捕獲済みフラグは両地方で共有し、重複個体を与えない。,イベント専用,固定個体の特性はイベント定義。隠れ特性は報酬・再戦・特性パッチで救済。,共有捕獲フラグで全地方1個体。撃破時のみ再出現、捕獲後は素材・再戦へ分岐。,野生通常表、DexNav通常検索、大量発生には登録しない。
トーホク,EVENT_T,ハクジのもり／ダークタワー／スフィアいせき,固定イベント／共鳴クエスト,イベント別,369,717,イベルタル,イベルタル,ひこう／あく,伝説,固定イベント追加,手掛かり／共鳴戦／専用素材,イベント別,重複捕獲なし,全国研究ランク4＋主地方の捕獲フラグ共有,固定シンボル／イベント専用。主捕獲地方でのみ捕獲し、副地方は手掛かり・共鳴戦・素材報酬。,主地方で1個体だけ捕獲し、副地方では手掛かり・共鳴戦・専用素材を扱う。捕獲済みフラグは両地方で共有し、重複個体を与えない。,イベント専用,固定個体の特性はイベント定義。隠れ特性は報酬・再戦・特性パッチで救済。,共有捕獲フラグで全地方1個体。撃破時のみ再出現、捕獲後は素材・再戦へ分岐。,野生通常表、DexNav通常検索、大量発生には登録しない。
カントー,EVENT_K,タマムシ温室／ポケモンタワー／ハナダのどうくつ,固定イベント／共鳴クエスト,イベント別,370,718,ジガルデ,ジガルデ,じめん／ドラゴン,伝説,固定イベント追加,手掛かり／共鳴戦／専用素材,イベント別,重複捕獲なし,全国研究ランク4＋主地方の捕獲フラグ共有,固定シンボル／イベント専用。主捕獲地方でのみ捕獲し、副地方は手掛かり・共鳴戦・素材報酬。,主地方で1個体だけ捕獲し、副地方では手掛かり・共鳴戦・専用素材を扱う。捕獲済みフラグは両地方で共有し、重複個体を与えない。,イベント専用,固定個体の特性はイベント定義。隠れ特性は報酬・再戦・特性パッチで救済。,共有捕獲フラグで全地方1個体。撃破時のみ再出現、捕獲後は素材・再戦へ分岐。,野生通常表、DexNav通常検索、大量発生には登録しない。
トーホク,EVENT_T,ハクジのもり／ダークタワー／スフィアいせき,固定イベント／共鳴クエスト,Lv.75,370,718,ジガルデ,ジガルデ,じめん／ドラゴン,伝説,固定イベント追加,固定シンボル／専用クエスト,Lv.75,原則1体・撃破時復活,全国研究ランク4,固定シンボル／イベント専用。主捕獲地方でのみ捕獲し、副地方は手掛かり・共鳴戦・素材報酬。,主地方で1個体だけ捕獲し、副地方では手掛かり・共鳴戦・専用素材を扱う。捕獲済みフラグは両地方で共有し、重複個体を与えない。,イベント専用,固定個体の特性はイベント定義。隠れ特性は報酬・再戦・特性パッチで救済。,共有捕獲フラグで全地方1個体。撃破時のみ再出現、捕獲後は素材・再戦へ分岐。,野生通常表、DexNav通常検索、大量発生には登録しない。
カントー,EVENT_K,おつきみやま結晶洞,固定イベント／共鳴クエスト,イベント別,371,719,ディアンシー,ディアンシー,いわ／フェアリー,幻,固定イベント追加,手掛かり／共鳴戦／専用素材,イベント別,重複捕獲なし,殿堂入り＋鉱石納品＋主地方の捕獲フラグ共有,固定シンボル／イベント専用。主捕獲地方でのみ捕獲し、副地方は手掛かり・共鳴戦・素材報酬。,主地方で1個体だけ捕獲し、副地方では手掛かり・共鳴戦・専用素材を扱う。捕獲済みフラグは両地方で共有し、重複個体を与えない。,イベント専用,固定個体の特性はイベント定義。隠れ特性は報酬・再戦・特性パッチで救済。,共有捕獲フラグで全地方1個体。撃破時のみ再出現、捕獲後は素材・再戦へ分岐。,野生通常表、DexNav通常検索、大量発生には登録しない。
トーホク,EVENT_T,ちえのどうくつ宝石層,固定イベント／共鳴クエスト,Lv.80,371,719,ディアンシー,ディアンシー,いわ／フェアリー,幻,固定イベント追加,固定シンボル／専用クエスト,Lv.80,原則1体・撃破時復活,殿堂入り＋鉱石納品,固定シンボル／イベント専用。主捕獲地方でのみ捕獲し、副地方は手掛かり・共鳴戦・素材報酬。,主地方で1個体だけ捕獲し、副地方では手掛かり・共鳴戦・専用素材を扱う。捕獲済みフラグは両地方で共有し、重複個体を与えない。,イベント専用,固定個体の特性はイベント定義。隠れ特性は報酬・再戦・特性パッチで救済。,共有捕獲フラグで全地方1個体。撃破時のみ再出現、捕獲後は素材・再戦へ分岐。,野生通常表、DexNav通常検索、大量発生には登録しない。
カントー,EVENT_K,ポケモンタワー封印階,固定イベント／共鳴クエスト,Lv.80,372,720,フーパ,フーパ,ゴースト／エスパー,幻,固定イベント追加,固定シンボル／専用クエスト,Lv.80,原則1体・撃破時復活,殿堂入り＋各地の封印輪3個,固定シンボル／イベント専用。主捕獲地方でのみ捕獲し、副地方は手掛かり・共鳴戦・素材報酬。,主地方で1個体だけ捕獲し、副地方では手掛かり・共鳴戦・専用素材を扱う。捕獲済みフラグは両地方で共有し、重複個体を与えない。,イベント専用,固定個体の特性はイベント定義。隠れ特性は報酬・再戦・特性パッチで救済。,共有捕獲フラグで全地方1個体。撃破時のみ再出現、捕獲後は素材・再戦へ分岐。,野生通常表、DexNav通常検索、大量発生には登録しない。
トーホク,EVENT_T,スフィアいせき封印室,固定イベント／共鳴クエスト,イベント別,372,720,フーパ,フーパ,ゴースト／エスパー,幻,固定イベント追加,手掛かり／共鳴戦／専用素材,イベント別,重複捕獲なし,殿堂入り＋各地の封印輪3個＋主地方の捕獲フラグ共有,固定シンボル／イベント専用。主捕獲地方でのみ捕獲し、副地方は手掛かり・共鳴戦・素材報酬。,主地方で1個体だけ捕獲し、副地方では手掛かり・共鳴戦・専用素材を扱う。捕獲済みフラグは両地方で共有し、重複個体を与えない。,イベント専用,固定個体の特性はイベント定義。隠れ特性は報酬・再戦・特性パッチで救済。,共有捕獲フラグで全地方1個体。撃破時のみ再出現、捕獲後は素材・再戦へ分岐。,野生通常表、DexNav通常検索、大量発生には登録しない。
カントー,EVENT_K,グレン研究所・蒸気実験室,固定イベント／共鳴クエスト,イベント別,373,721,ボルケニオン,ボルケニオン,ほのお／みず,幻,固定イベント追加,手掛かり／共鳴戦／専用素材,イベント別,重複捕獲なし,殿堂入り＋ボルケニオン用圧力弁＋主地方の捕獲フラグ共有,固定シンボル／イベント専用。主捕獲地方でのみ捕獲し、副地方は手掛かり・共鳴戦・素材報酬。,主地方で1個体だけ捕獲し、副地方では手掛かり・共鳴戦・専用素材を扱う。捕獲済みフラグは両地方で共有し、重複個体を与えない。,イベント専用,固定個体の特性はイベント定義。隠れ特性は報酬・再戦・特性パッチで救済。,共有捕獲フラグで全地方1個体。撃破時のみ再出現、捕獲後は素材・再戦へ分岐。,野生通常表、DexNav通常検索、大量発生には登録しない。
トーホク,EVENT_T,ひのしま蒸気坑,固定イベント／共鳴クエスト,Lv.80,373,721,ボルケニオン,ボルケニオン,ほのお／みず,幻,固定イベント追加,固定シンボル／専用クエスト,Lv.80,原則1体・撃破時復活,殿堂入り＋ボルケニオン用圧力弁,固定シンボル／イベント専用。主捕獲地方でのみ捕獲し、副地方は手掛かり・共鳴戦・素材報酬。,主地方で1個体だけ捕獲し、副地方では手掛かり・共鳴戦・専用素材を扱う。捕獲済みフラグは両地方で共有し、重複個体を与えない。,イベント専用,固定個体の特性はイベント定義。隠れ特性は報酬・再戦・特性パッチで救済。,共有捕獲フラグで全地方1個体。撃破時のみ再出現、捕獲後は素材・再戦へ分岐。,野生通常表、DexNav通常検索、大量発生には登録しない。
カントー,K47,マサラタウン・オーキド研究所,カントー序盤,配布個体Lv.5／調整戦Lv.70,374,722,モクロー,モクロー → フクスロー → ジュナイパー,ひこう／ゴースト／くさ,御三家,地方研究タマゴ追加,オーキド研究所の生態交換タマゴ,Lv.5,カントー認定章2個ごとに1系統、最終的に全系統反復可,ベガ初回殿堂入り後。認定章数でエリアと中間進化枠を段階解禁。,基礎種をタマゴ配布,御三家を野生化せず、両地方の研究所を巡る収集導線にする。,R3,DexNav連鎖20以上または地方研究ランク2で隠れ特性判定を解禁。通常草むらでは標準特性のみ。,通常種は両地方で捕獲可能。進化後の通常野生化は段階解禁。,FR原作系統を地域の顔として残し、通常表・時間帯表・DexNav・大量発生を使って新種を混在。
トーホク,T_LAB,ハクジタウン・ヒイラギ研究所,個別条件,Lv.5,374,722,モクロー,モクロー → フクスロー → ジュナイパー,ひこう／ゴースト／くさ,御三家,地方研究タマゴ追加,地域別研究依頼の報酬タマゴ,Lv.5,研究チケット1枚／系統選択・反復可,各世代の生態サンプルを3件提出。選択式にせず、依頼再受注で全系統入手可能。,基礎種をタマゴ配布,御三家を野生化せず、両地方の研究所を巡る収集導線にする。,R3,DexNav連鎖20以上または地方研究ランク2で隠れ特性判定を解禁。通常草むらでは標準特性のみ。,通常種は両地方で捕獲可能。進化後の通常野生化は段階解禁。,ベガ既存の野生枠を上書きせず、条件付きオーバーレイ／DexNav／夜間・水上・釣り・大量発生の追加抽選へ登録。
カントー,K47,マサラタウン・オーキド研究所,カントー序盤,配布個体Lv.5／調整戦Lv.70,375,725,ニャビー,ニャビー → ニャヒート → ガオガエン,ほのお／あく,御三家,地方研究タマゴ追加,オーキド研究所の生態交換タマゴ,Lv.5,カントー認定章2個ごとに1系統、最終的に全系統反復可,ベガ初回殿堂入り後。認定章数でエリアと中間進化枠を段階解禁。,基礎種をタマゴ配布,御三家を野生化せず、両地方の研究所を巡る収集導線にする。,R2,DexNav連鎖20以上または地方研究ランク2で隠れ特性判定を解禁。通常草むらでは標準特性のみ。,通常種は両地方で捕獲可能。進化後の通常野生化は段階解禁。,FR原作系統を地域の顔として残し、通常表・時間帯表・DexNav・大量発生を使って新種を混在。
トーホク,T_LAB,ハクジタウン・ヒイラギ研究所,個別条件,Lv.5,375,725,ニャビー,ニャビー → ニャヒート → ガオガエン,ほのお／あく,御三家,地方研究タマゴ追加,地域別研究依頼の報酬タマゴ,Lv.5,研究チケット1枚／系統選択・反復可,各世代の生態サンプルを3件提出。選択式にせず、依頼再受注で全系統入手可能。,基礎種をタマゴ配布,御三家を野生化せず、両地方の研究所を巡る収集導線にする。,R2,DexNav連鎖20以上または地方研究ランク2で隠れ特性判定を解禁。通常草むらでは標準特性のみ。,通常種は両地方で捕獲可能。進化後の通常野生化は段階解禁。,ベガ既存の野生枠を上書きせず、条件付きオーバーレイ／DexNav／夜間・水上・釣り・大量発生の追加抽選へ登録。
カントー,K47,マサラタウン・オーキド研究所,カントー序盤,配布個体Lv.5／調整戦Lv.70,376,728,アシマリ,アシマリ → オシャマリ → アシレーヌ,みず／フェアリー,御三家,地方研究タマゴ追加,オーキド研究所の生態交換タマゴ,Lv.5,カントー認定章2個ごとに1系統、最終的に全系統反復可,ベガ初回殿堂入り後。認定章数でエリアと中間進化枠を段階解禁。,基礎種をタマゴ配布,御三家を野生化せず、両地方の研究所を巡る収集導線にする。,R1,DexNav連鎖20以上または地方研究ランク2で隠れ特性判定を解禁。通常草むらでは標準特性のみ。,通常種は両地方で捕獲可能。進化後の通常野生化は段階解禁。,FR原作系統を地域の顔として残し、通常表・時間帯表・DexNav・大量発生を使って新種を混在。
トーホク,T_LAB,ハクジタウン・ヒイラギ研究所,個別条件,Lv.5,376,728,アシマリ,アシマリ → オシャマリ → アシレーヌ,みず／フェアリー,御三家,地方研究タマゴ追加,地域別研究依頼の報酬タマゴ,Lv.5,研究チケット1枚／系統選択・反復可,各世代の生態サンプルを3件提出。選択式にせず、依頼再受注で全系統入手可能。,基礎種をタマゴ配布,御三家を野生化せず、両地方の研究所を巡る収集導線にする。,R1,DexNav連鎖20以上または地方研究ランク2で隠れ特性判定を解禁。通常草むらでは標準特性のみ。,通常種は両地方で捕獲可能。進化後の通常野生化は段階解禁。,ベガ既存の野生枠を上書きせず、条件付きオーバーレイ／DexNav／夜間・水上・釣り・大量発生の追加抽選へ登録。
カントー,K25,25ばんどうろ,認定章1～2,Lv.75～80,377,731,ツツケラ,ツツケラ → ケララッパ → ドデカバシ,ノーマル／ひこう,通常生態,外来生態レイヤーへ追加,草むらオーバーレイ,Lv.75～80,通常表8～15%,ベガ初回殿堂入り後。認定章数でエリアと中間進化枠を段階解禁。,基礎種を通常配置。中間進化は高レベル地域のDexNav限定、最終進化は原則進化入手,トーホクは本編で使える低～中レベル基礎種、カントーは高レベル個体・中間進化・隠れ特性探索を担当。,R4,DexNav連鎖20以上または地方研究ランク2で隠れ特性判定を解禁。通常草むらでは標準特性のみ。,通常種は両地方で捕獲可能。進化後の通常野生化は段階解禁。,FR原作系統を地域の顔として残し、通常表・時間帯表・DexNav・大量発生を使って新種を混在。
トーホク,T501,501ばんどうろ／すいどう,序盤A,Lv.2～5,377,731,ツツケラ,ツツケラ → ケララッパ → ドデカバシ,ノーマル／ひこう,通常生態,外来生態レイヤーへ追加,草むらオーバーレイ,Lv.2～5,追加抽選3～6%,本編必須フラグを変更せず、外来生態フラグ・時間帯・DexNav・大量発生で制御,基礎種を通常配置。中間進化は高レベル地域のDexNav限定、最終進化は原則進化入手,トーホクは本編で使える低～中レベル基礎種、カントーは高レベル個体・中間進化・隠れ特性探索を担当。,R4,DexNav連鎖20以上または地方研究ランク2で隠れ特性判定を解禁。通常草むらでは標準特性のみ。,通常種は両地方で捕獲可能。進化後の通常野生化は段階解禁。,ベガ既存の野生枠を上書きせず、条件付きオーバーレイ／DexNav／夜間・水上・釣り・大量発生の追加抽選へ登録。
カントー,K18,18ばんどうろ,認定章4～5,Lv.84～90,378,734,ヤングース,ヤングース → デカグース,ノーマル,通常生態,外来生態レイヤーへ追加,草むらオーバーレイ,Lv.84～90,通常表8～15%,ベガ初回殿堂入り後。認定章数でエリアと中間進化枠を段階解禁。,基礎種を通常配置。中間進化は高レベル地域のDexNav限定、最終進化は原則進化入手,トーホクは本編で使える低～中レベル基礎種、カントーは高レベル個体・中間進化・隠れ特性探索を担当。,R3,DexNav連鎖20以上または地方研究ランク2で隠れ特性判定を解禁。通常草むらでは標準特性のみ。,通常種は両地方で捕獲可能。進化後の通常野生化は段階解禁。,FR原作系統を地域の顔として残し、通常表・時間帯表・DexNav・大量発生を使って新種を混在。
トーホク,T504,504ばんどうろ／すいどう,序盤B,Lv.9～13,378,734,ヤングース,ヤングース → デカグース,ノーマル,通常生態,外来生態レイヤーへ追加,草むらオーバーレイ,Lv.9～13,追加抽選3～6%,本編必須フラグを変更せず、外来生態フラグ・時間帯・DexNav・大量発生で制御,基礎種を通常配置。中間進化は高レベル地域のDexNav限定、最終進化は原則進化入手,トーホクは本編で使える低～中レベル基礎種、カントーは高レベル個体・中間進化・隠れ特性探索を担当。,R3,DexNav連鎖20以上または地方研究ランク2で隠れ特性判定を解禁。通常草むらでは標準特性のみ。,通常種は両地方で捕獲可能。進化後の通常野生化は段階解禁。,ベガ既存の野生枠を上書きせず、条件付きオーバーレイ／DexNav／夜間・水上・釣り・大量発生の追加抽選へ登録。
カントー,K35,サファリゾーン東,認定章5前後,Lv.85～94,379,736,アゴジムシ,アゴジムシ → デンヂムシ → クワガノン,むし／でんき,通常生態,外来生態レイヤーへ追加,ずつき／朝昼オーバーレイ,Lv.85～94,通常表8～15%,ベガ初回殿堂入り後。認定章数でエリアと中間進化枠を段階解禁。,基礎種を通常配置。中間進化は高レベル地域のDexNav限定、最終進化は原則進化入手,トーホクは本編で使える低～中レベル基礎種、カントーは高レベル個体・中間進化・隠れ特性探索を担当。,R1,DexNav連鎖20以上または地方研究ランク2で隠れ特性判定を解禁。通常草むらでは標準特性のみ。,通常種は両地方で捕獲可能。進化後の通常野生化は段階解禁。,FR原作系統を地域の顔として残し、通常表・時間帯表・DexNav・大量発生を使って新種を混在。
トーホク,T036,サファリゾーン東,後半B,Lv.38～48／殿堂入り後Lv.55～70,379,736,アゴジムシ,アゴジムシ → デンヂムシ → クワガノン,むし／でんき,通常生態,外来生態レイヤーへ追加,ずつき／朝昼オーバーレイ,Lv.38～48／殿堂入り後Lv.55～70,追加抽選3～6%,本編必須フラグを変更せず、外来生態フラグ・時間帯・DexNav・大量発生で制御,基礎種を通常配置。中間進化は高レベル地域のDexNav限定、最終進化は原則進化入手,トーホクは本編で使える低～中レベル基礎種、カントーは高レベル個体・中間進化・隠れ特性探索を担当。,R1,DexNav連鎖20以上または地方研究ランク2で隠れ特性判定を解禁。通常草むらでは標準特性のみ。,通常種は両地方で捕獲可能。進化後の通常野生化は段階解禁。,ベガ既存の野生枠を上書きせず、条件付きオーバーレイ／DexNav／夜間・水上・釣り・大量発生の追加抽選へ登録。
カントー,K20,20ばんどうろ,認定章5後,Lv.88～93,380,739,マケンカニ,マケンカニ → ケケンカニ,かくとう／こおり,通常生態,外来生態レイヤーへ追加,大量発生,Lv.88～93,通常0%／発生中20～35%,ベガ初回殿堂入り後。認定章数でエリアと中間進化枠を段階解禁。,基礎種を通常配置。中間進化は高レベル地域のDexNav限定、最終進化は原則進化入手,トーホクは本編で使える低～中レベル基礎種、カントーは高レベル個体・中間進化・隠れ特性探索を担当。,R4,DexNav連鎖20以上または地方研究ランク2で隠れ特性判定を解禁。通常草むらでは標準特性のみ。,通常種は両地方で捕獲可能。進化後の通常野生化は段階解禁。,FR原作系統を地域の顔として残し、通常表・時間帯表・DexNav・大量発生を使って新種を混在。
トーホク,T031,ユキユキやま,中盤C,Lv.36～46／殿堂入り後Lv.58～72,380,739,マケンカニ,マケンカニ → ケケンカニ,かくとう／こおり,通常生態,外来生態レイヤーへ追加,洞窟・屋内オーバーレイ,Lv.36～46／殿堂入り後Lv.58～72,追加抽選3～6%,本編必須フラグを変更せず、外来生態フラグ・時間帯・DexNav・大量発生で制御,基礎種を通常配置。中間進化は高レベル地域のDexNav限定、最終進化は原則進化入手,トーホクは本編で使える低～中レベル基礎種、カントーは高レベル個体・中間進化・隠れ特性探索を担当。,R4,DexNav連鎖20以上または地方研究ランク2で隠れ特性判定を解禁。通常草むらでは標準特性のみ。,通常種は両地方で捕獲可能。進化後の通常野生化は段階解禁。,ベガ既存の野生枠を上書きせず、条件付きオーバーレイ／DexNav／夜間・水上・釣り・大量発生の追加抽選へ登録。
カントー,K21,21ばんどうろ,認定章6前後,Lv.89～94,381,741,オドリドリ,オドリドリ,ひこう／ほのお,通常生態,外来生態レイヤーへ追加,草むらオーバーレイ,Lv.89～94,通常表8～15%,ベガ初回殿堂入り後。認定章数でエリアと中間進化枠を段階解禁。,基礎種を通常配置。中間進化は高レベル地域のDexNav限定、最終進化は原則進化入手,トーホクは本編で使える低～中レベル基礎種、カントーは高レベル個体・中間進化・隠れ特性探索を担当。,R2,DexNav連鎖20以上または地方研究ランク2で隠れ特性判定を解禁。通常草むらでは標準特性のみ。,通常種は両地方で捕獲可能。進化後の通常野生化は段階解禁。,FR原作系統を地域の顔として残し、通常表・時間帯表・DexNav・大量発生を使って新種を混在。
トーホク,T521,521ばんどうろ／すいどう,後半B,Lv.45～52,381,741,オドリドリ,オドリドリ,ひこう／ほのお,通常生態,外来生態レイヤーへ追加,草むらオーバーレイ,Lv.45～52,追加抽選3～6%,本編必須フラグを変更せず、外来生態フラグ・時間帯・DexNav・大量発生で制御,基礎種を通常配置。中間進化は高レベル地域のDexNav限定、最終進化は原則進化入手,トーホクは本編で使える低～中レベル基礎種、カントーは高レベル個体・中間進化・隠れ特性探索を担当。,R2,DexNav連鎖20以上または地方研究ランク2で隠れ特性判定を解禁。通常草むらでは標準特性のみ。,通常種は両地方で捕獲可能。進化後の通常野生化は段階解禁。,ベガ既存の野生枠を上書きせず、条件付きオーバーレイ／DexNav／夜間・水上・釣り・大量発生の追加抽選へ登録。
カントー,K35,サファリゾーン東,認定章5前後,Lv.85～94,382,742,アブリー,アブリー → アブリボン,むし／フェアリー,通常生態,外来生態レイヤーへ追加,ずつき／朝昼オーバーレイ,Lv.85～94,通常表8～15%,ベガ初回殿堂入り後。認定章数でエリアと中間進化枠を段階解禁。,基礎種を通常配置。中間進化は高レベル地域のDexNav限定、最終進化は原則進化入手,トーホクは本編で使える低～中レベル基礎種、カントーは高レベル個体・中間進化・隠れ特性探索を担当。,R3,DexNav連鎖20以上または地方研究ランク2で隠れ特性判定を解禁。通常草むらでは標準特性のみ。,通常種は両地方で捕獲可能。進化後の通常野生化は段階解禁。,FR原作系統を地域の顔として残し、通常表・時間帯表・DexNav・大量発生を使って新種を混在。
トーホク,T026,ハクジのもり,後半A,Lv.38～48／殿堂入り後Lv.50～65,382,742,アブリー,アブリー → アブリボン,むし／フェアリー,通常生態,外来生態レイヤーへ追加,ずつき／朝昼オーバーレイ,Lv.38～48／殿堂入り後Lv.50～65,追加抽選3～6%,本編必須フラグを変更せず、外来生態フラグ・時間帯・DexNav・大量発生で制御,基礎種を通常配置。中間進化は高レベル地域のDexNav限定、最終進化は原則進化入手,トーホクは本編で使える低～中レベル基礎種、カントーは高レベル個体・中間進化・隠れ特性探索を担当。,R3,DexNav連鎖20以上または地方研究ランク2で隠れ特性判定を解禁。通常草むらでは標準特性のみ。,通常種は両地方で捕獲可能。進化後の通常野生化は段階解禁。,ベガ既存の野生枠を上書きせず、条件付きオーバーレイ／DexNav／夜間・水上・釣り・大量発生の追加抽選へ登録。
カントー,K30,イワヤマトンネル,認定章2～3,Lv.80～87,383,744,イワンコ,イワンコ → ルガルガン,いわ,通常生態,外来生態レイヤーへ追加,いわくだき／DexNav,Lv.80～87,通常0%／DexNav 2～5%,ベガ初回殿堂入り後。認定章数でエリアと中間進化枠を段階解禁。,基礎種を通常配置。中間進化は高レベル地域のDexNav限定、最終進化は原則進化入手,トーホクは本編で使える低～中レベル基礎種、カントーは高レベル個体・中間進化・隠れ特性探索を担当。,R1,DexNav連鎖20以上または地方研究ランク2で隠れ特性判定を解禁。通常草むらでは標準特性のみ。,通常種は両地方で捕獲可能。進化後の通常野生化は段階解禁。,FR原作系統を地域の顔として残し、通常表・時間帯表・DexNav・大量発生を使って新種を混在。
トーホク,T028,ひのしま,中盤B,Lv.30～40／殿堂入り後Lv.55～70,383,744,イワンコ,イワンコ → ルガルガン,いわ,通常生態,外来生態レイヤーへ追加,いわくだき／DexNav,Lv.30～40／殿堂入り後Lv.55～70,通常0%／DexNav 2～5%,本編必須フラグを変更せず、外来生態フラグ・時間帯・DexNav・大量発生で制御,基礎種を通常配置。中間進化は高レベル地域のDexNav限定、最終進化は原則進化入手,トーホクは本編で使える低～中レベル基礎種、カントーは高レベル個体・中間進化・隠れ特性探索を担当。,R1,DexNav連鎖20以上または地方研究ランク2で隠れ特性判定を解禁。通常草むらでは標準特性のみ。,通常種は両地方で捕獲可能。進化後の通常野生化は段階解禁。,ベガ既存の野生枠を上書きせず、条件付きオーバーレイ／DexNav／夜間・水上・釣り・大量発生の追加抽選へ登録。
カントー,K36,サファリゾーン北,認定章5前後,Lv.85～94,384,746,ヨワシ,ヨワシ,みず,通常生態,外来生態レイヤーへ追加,水上オーバーレイ,Lv.85～94,通常表10～20%,ベガ初回殿堂入り後。認定章数でエリアと中間進化枠を段階解禁。,基礎種を通常配置。中間進化は高レベル地域のDexNav限定、最終進化は原則進化入手,トーホクは本編で使える低～中レベル基礎種、カントーは高レベル個体・中間進化・隠れ特性探索を担当。,R3,DexNav連鎖20以上または地方研究ランク2で隠れ特性判定を解禁。通常草むらでは標準特性のみ。,通常種は両地方で捕獲可能。進化後の通常野生化は段階解禁。,FR原作系統を地域の顔として残し、通常表・時間帯表・DexNav・大量発生を使って新種を混在。
トーホク,T507,507ばんどうろ／すいどう,中盤A,Lv.17～23,384,746,ヨワシ,ヨワシ,みず,通常生態,外来生態レイヤーへ追加,水上オーバーレイ,Lv.17～23,追加抽選4～8%,本編必須フラグを変更せず、外来生態フラグ・時間帯・DexNav・大量発生で制御,基礎種を通常配置。中間進化は高レベル地域のDexNav限定、最終進化は原則進化入手,トーホクは本編で使える低～中レベル基礎種、カントーは高レベル個体・中間進化・隠れ特性探索を担当。,R3,DexNav連鎖20以上または地方研究ランク2で隠れ特性判定を解禁。通常草むらでは標準特性のみ。,通常種は両地方で捕獲可能。進化後の通常野生化は段階解禁。,ベガ既存の野生枠を上書きせず、条件付きオーバーレイ／DexNav／夜間・水上・釣り・大量発生の追加抽選へ登録。
カントー,K06,6ばんどうろ,認定章2前後,Lv.75～80,385,747,ヒドイデ,ヒドイデ → ドヒドイデ,どく／みず,通常生態,外来生態レイヤーへ追加,水上オーバーレイ,Lv.75～80,通常表10～20%,ベガ初回殿堂入り後。認定章数でエリアと中間進化枠を段階解禁。,基礎種を通常配置。中間進化は高レベル地域のDexNav限定、最終進化は原則進化入手,トーホクは本編で使える低～中レベル基礎種、カントーは高レベル個体・中間進化・隠れ特性探索を担当。,R4,DexNav連鎖20以上または地方研究ランク2で隠れ特性判定を解禁。通常草むらでは標準特性のみ。,通常種は両地方で捕獲可能。進化後の通常野生化は段階解禁。,FR原作系統を地域の顔として残し、通常表・時間帯表・DexNav・大量発生を使って新種を混在。
トーホク,T038,サファリゾーン北,後半B,Lv.38～48／殿堂入り後Lv.55～70,385,747,ヒドイデ,ヒドイデ → ドヒドイデ,どく／みず,通常生態,外来生態レイヤーへ追加,水上オーバーレイ,Lv.38～48／殿堂入り後Lv.55～70,追加抽選4～8%,本編必須フラグを変更せず、外来生態フラグ・時間帯・DexNav・大量発生で制御,基礎種を通常配置。中間進化は高レベル地域のDexNav限定、最終進化は原則進化入手,トーホクは本編で使える低～中レベル基礎種、カントーは高レベル個体・中間進化・隠れ特性探索を担当。,R4,DexNav連鎖20以上または地方研究ランク2で隠れ特性判定を解禁。通常草むらでは標準特性のみ。,通常種は両地方で捕獲可能。進化後の通常野生化は段階解禁。,ベガ既存の野生枠を上書きせず、条件付きオーバーレイ／DexNav／夜間・水上・釣り・大量発生の追加抽選へ登録。
カントー,K37,サファリゾーン西,認定章5前後,Lv.85～94,386,749,ドロバンコ,ドロバンコ → バンバドロ,じめん,通常生態,外来生態レイヤーへ追加,いわくだき／DexNav,Lv.85～94,通常0%／DexNav 2～5%,ベガ初回殿堂入り後。認定章数でエリアと中間進化枠を段階解禁。,基礎種を通常配置。中間進化は高レベル地域のDexNav限定、最終進化は原則進化入手,トーホクは本編で使える低～中レベル基礎種、カントーは高レベル個体・中間進化・隠れ特性探索を担当。,R2,DexNav連鎖20以上または地方研究ランク2で隠れ特性判定を解禁。通常草むらでは標準特性のみ。,通常種は両地方で捕獲可能。進化後の通常野生化は段階解禁。,FR原作系統を地域の顔として残し、通常表・時間帯表・DexNav・大量発生を使って新種を混在。
トーホク,T028,ひのしま,中盤B,Lv.30～40／殿堂入り後Lv.55～70,386,749,ドロバンコ,ドロバンコ → バンバドロ,じめん,通常生態,外来生態レイヤーへ追加,いわくだき／DexNav,Lv.30～40／殿堂入り後Lv.55～70,通常0%／DexNav 2～5%,本編必須フラグを変更せず、外来生態フラグ・時間帯・DexNav・大量発生で制御,基礎種を通常配置。中間進化は高レベル地域のDexNav限定、最終進化は原則進化入手,トーホクは本編で使える低～中レベル基礎種、カントーは高レベル個体・中間進化・隠れ特性探索を担当。,R2,DexNav連鎖20以上または地方研究ランク2で隠れ特性判定を解禁。通常草むらでは標準特性のみ。,通常種は両地方で捕獲可能。進化後の通常野生化は段階解禁。,ベガ既存の野生枠を上書きせず、条件付きオーバーレイ／DexNav／夜間・水上・釣り・大量発生の追加抽選へ登録。
カントー,K12,12ばんどうろ,認定章4前後,Lv.82～87,387,751,シズクモ,シズクモ → オニシズクモ,むし／みず,通常生態,外来生態レイヤーへ追加,釣りオーバーレイ,Lv.82～87,通常表10～20%,ベガ初回殿堂入り後。認定章数でエリアと中間進化枠を段階解禁。,基礎種を通常配置。中間進化は高レベル地域のDexNav限定、最終進化は原則進化入手,トーホクは本編で使える低～中レベル基礎種、カントーは高レベル個体・中間進化・隠れ特性探索を担当。,R4,DexNav連鎖20以上または地方研究ランク2で隠れ特性判定を解禁。通常草むらでは標準特性のみ。,通常種は両地方で捕獲可能。進化後の通常野生化は段階解禁。,FR原作系統を地域の顔として残し、通常表・時間帯表・DexNav・大量発生を使って新種を混在。
トーホク,T508,508ばんどうろ／すいどう,中盤A,Lv.19～25,387,751,シズクモ,シズクモ → オニシズクモ,むし／みず,通常生態,外来生態レイヤーへ追加,釣りオーバーレイ,Lv.19～25,追加抽選4～8%,本編必須フラグを変更せず、外来生態フラグ・時間帯・DexNav・大量発生で制御,基礎種を通常配置。中間進化は高レベル地域のDexNav限定、最終進化は原則進化入手,トーホクは本編で使える低～中レベル基礎種、カントーは高レベル個体・中間進化・隠れ特性探索を担当。,R4,DexNav連鎖20以上または地方研究ランク2で隠れ特性判定を解禁。通常草むらでは標準特性のみ。,通常種は両地方で捕獲可能。進化後の通常野生化は段階解禁。,ベガ既存の野生枠を上書きせず、条件付きオーバーレイ／DexNav／夜間・水上・釣り・大量発生の追加抽選へ登録。
カントー,K35,サファリゾーン東,認定章5前後,Lv.85～94,388,753,カリキリ,カリキリ → ラランテス,くさ,通常生態,外来生態レイヤーへ追加,ずつき／朝昼オーバーレイ,Lv.85～94,通常表8～15%,ベガ初回殿堂入り後。認定章数でエリアと中間進化枠を段階解禁。,基礎種を通常配置。中間進化は高レベル地域のDexNav限定、最終進化は原則進化入手,トーホクは本編で使える低～中レベル基礎種、カントーは高レベル個体・中間進化・隠れ特性探索を担当。,R2,DexNav連鎖20以上または地方研究ランク2で隠れ特性判定を解禁。通常草むらでは標準特性のみ。,通常種は両地方で捕獲可能。進化後の通常野生化は段階解禁。,FR原作系統を地域の顔として残し、通常表・時間帯表・DexNav・大量発生を使って新種を混在。
トーホク,T026,ハクジのもり,後半A,Lv.38～48／殿堂入り後Lv.50～65,388,753,カリキリ,カリキリ → ラランテス,くさ,通常生態,外来生態レイヤーへ追加,ずつき／朝昼オーバーレイ,Lv.38～48／殿堂入り後Lv.50～65,追加抽選3～6%,本編必須フラグを変更せず、外来生態フラグ・時間帯・DexNav・大量発生で制御,基礎種を通常配置。中間進化は高レベル地域のDexNav限定、最終進化は原則進化入手,トーホクは本編で使える低～中レベル基礎種、カントーは高レベル個体・中間進化・隠れ特性探索を担当。,R2,DexNav連鎖20以上または地方研究ランク2で隠れ特性判定を解禁。通常草むらでは標準特性のみ。,通常種は両地方で捕獲可能。進化後の通常野生化は段階解禁。,ベガ既存の野生枠を上書きせず、条件付きオーバーレイ／DexNav／夜間・水上・釣り・大量発生の追加抽選へ登録。
カントー,K35,サファリゾーン東,認定章5前後,Lv.85～94,389,755,ネマシュ,ネマシュ → マシェード,くさ／フェアリー,通常生態,外来生態レイヤーへ追加,ずつき／朝昼オーバーレイ,Lv.85～94,通常表8～15%,ベガ初回殿堂入り後。認定章数でエリアと中間進化枠を段階解禁。,基礎種を通常配置。中間進化は高レベル地域のDexNav限定、最終進化は原則進化入手,トーホクは本編で使える低～中レベル基礎種、カントーは高レベル個体・中間進化・隠れ特性探索を担当。,R4,DexNav連鎖20以上または地方研究ランク2で隠れ特性判定を解禁。通常草むらでは標準特性のみ。,通常種は両地方で捕獲可能。進化後の通常野生化は段階解禁。,FR原作系統を地域の顔として残し、通常表・時間帯表・DexNav・大量発生を使って新種を混在。
トーホク,T026,ハクジのもり,後半A,Lv.38～48／殿堂入り後Lv.50～65,389,755,ネマシュ,ネマシュ → マシェード,くさ／フェアリー,通常生態,外来生態レイヤーへ追加,ずつき／朝昼オーバーレイ,Lv.38～48／殿堂入り後Lv.50～65,追加抽選3～6%,本編必須フラグを変更せず、外来生態フラグ・時間帯・DexNav・大量発生で制御,基礎種を通常配置。中間進化は高レベル地域のDexNav限定、最終進化は原則進化入手,トーホクは本編で使える低～中レベル基礎種、カントーは高レベル個体・中間進化・隠れ特性探索を担当。,R4,DexNav連鎖20以上または地方研究ランク2で隠れ特性判定を解禁。通常草むらでは標準特性のみ。,通常種は両地方で捕獲可能。進化後の通常野生化は段階解禁。,ベガ既存の野生枠を上書きせず、条件付きオーバーレイ／DexNav／夜間・水上・釣り・大量発生の追加抽選へ登録。
カントー,K39,ポケモンやしき,認定章6～7,Lv.91～98,390,757,ヤトウモリ,ヤトウモリ → エンニュート,どく／ほのお,通常生態,外来生態レイヤーへ追加,洞窟・屋内オーバーレイ,Lv.91～98,通常表8～15%,ベガ初回殿堂入り後。認定章数でエリアと中間進化枠を段階解禁。,基礎種を通常配置。中間進化は高レベル地域のDexNav限定、最終進化は原則進化入手,トーホクは本編で使える低～中レベル基礎種、カントーは高レベル個体・中間進化・隠れ特性探索を担当。,R2,DexNav連鎖20以上または地方研究ランク2で隠れ特性判定を解禁。通常草むらでは標準特性のみ。,通常種は両地方で捕獲可能。進化後の通常野生化は段階解禁。,FR原作系統を地域の顔として残し、通常表・時間帯表・DexNav・大量発生を使って新種を混在。
トーホク,T028,ひのしま,中盤B,Lv.30～40／殿堂入り後Lv.55～70,390,757,ヤトウモリ,ヤトウモリ → エンニュート,どく／ほのお,通常生態,外来生態レイヤーへ追加,洞窟・屋内オーバーレイ,Lv.30～40／殿堂入り後Lv.55～70,追加抽選3～6%,本編必須フラグを変更せず、外来生態フラグ・時間帯・DexNav・大量発生で制御,基礎種を通常配置。中間進化は高レベル地域のDexNav限定、最終進化は原則進化入手,トーホクは本編で使える低～中レベル基礎種、カントーは高レベル個体・中間進化・隠れ特性探索を担当。,R2,DexNav連鎖20以上または地方研究ランク2で隠れ特性判定を解禁。通常草むらでは標準特性のみ。,通常種は両地方で捕獲可能。進化後の通常野生化は段階解禁。,ベガ既存の野生枠を上書きせず、条件付きオーバーレイ／DexNav／夜間・水上・釣り・大量発生の追加抽選へ登録。
カントー,K04,4ばんどうろ,認定章1前後,Lv.72～77,391,759,ヌイコグマ,ヌイコグマ → キテルグマ,ノーマル／かくとう,通常生態,外来生態レイヤーへ追加,草むらオーバーレイ,Lv.72～77,通常表8～15%,ベガ初回殿堂入り後。認定章数でエリアと中間進化枠を段階解禁。,基礎種を通常配置。中間進化は高レベル地域のDexNav限定、最終進化は原則進化入手,トーホクは本編で使える低～中レベル基礎種、カントーは高レベル個体・中間進化・隠れ特性探索を担当。,R4,DexNav連鎖20以上または地方研究ランク2で隠れ特性判定を解禁。通常草むらでは標準特性のみ。,通常種は両地方で捕獲可能。進化後の通常野生化は段階解禁。,FR原作系統を地域の顔として残し、通常表・時間帯表・DexNav・大量発生を使って新種を混在。
トーホク,T518,518ばんどうろ／すいどう,後半A,Lv.40～47,391,759,ヌイコグマ,ヌイコグマ → キテルグマ,ノーマル／かくとう,通常生態,外来生態レイヤーへ追加,草むらオーバーレイ,Lv.40～47,追加抽選3～6%,本編必須フラグを変更せず、外来生態フラグ・時間帯・DexNav・大量発生で制御,基礎種を通常配置。中間進化は高レベル地域のDexNav限定、最終進化は原則進化入手,トーホクは本編で使える低～中レベル基礎種、カントーは高レベル個体・中間進化・隠れ特性探索を担当。,R4,DexNav連鎖20以上または地方研究ランク2で隠れ特性判定を解禁。通常草むらでは標準特性のみ。,通常種は両地方で捕獲可能。進化後の通常野生化は段階解禁。,ベガ既存の野生枠を上書きせず、条件付きオーバーレイ／DexNav／夜間・水上・釣り・大量発生の追加抽選へ登録。
カントー,K24,24ばんどうろ,認定章1～2,Lv.74～79,392,761,アマカジ,アマカジ → アママイコ → アマージョ,くさ,通常生態,外来生態レイヤーへ追加,草むらオーバーレイ,Lv.74～79,通常表8～15%,ベガ初回殿堂入り後。認定章数でエリアと中間進化枠を段階解禁。,基礎種を通常配置。中間進化は高レベル地域のDexNav限定、最終進化は原則進化入手,トーホクは本編で使える低～中レベル基礎種、カントーは高レベル個体・中間進化・隠れ特性探索を担当。,R2,DexNav連鎖20以上または地方研究ランク2で隠れ特性判定を解禁。通常草むらでは標準特性のみ。,通常種は両地方で捕獲可能。進化後の通常野生化は段階解禁。,FR原作系統を地域の顔として残し、通常表・時間帯表・DexNav・大量発生を使って新種を混在。
トーホク,T517,517ばんどうろ／すいどう,後半A,Lv.38～45,392,761,アマカジ,アマカジ → アママイコ → アマージョ,くさ,通常生態,外来生態レイヤーへ追加,大量発生,Lv.38～45,通常0%／発生中20～35%,本編必須フラグを変更せず、外来生態フラグ・時間帯・DexNav・大量発生で制御,基礎種を通常配置。中間進化は高レベル地域のDexNav限定、最終進化は原則進化入手,トーホクは本編で使える低～中レベル基礎種、カントーは高レベル個体・中間進化・隠れ特性探索を担当。,R2,DexNav連鎖20以上または地方研究ランク2で隠れ特性判定を解禁。通常草むらでは標準特性のみ。,通常種は両地方で捕獲可能。進化後の通常野生化は段階解禁。,ベガ既存の野生枠を上書きせず、条件付きオーバーレイ／DexNav／夜間・水上・釣り・大量発生の追加抽選へ登録。
カントー,K14,14ばんどうろ,認定章4～5,Lv.84～89,393,764,キュワワー,キュワワー,フェアリー,通常生態,外来生態レイヤーへ追加,草むらオーバーレイ,Lv.84～89,通常表8～15%,ベガ初回殿堂入り後。認定章数でエリアと中間進化枠を段階解禁。,基礎種を通常配置。中間進化は高レベル地域のDexNav限定、最終進化は原則進化入手,トーホクは本編で使える低～中レベル基礎種、カントーは高レベル個体・中間進化・隠れ特性探索を担当。,R1,DexNav連鎖20以上または地方研究ランク2で隠れ特性判定を解禁。通常草むらでは標準特性のみ。,通常種は両地方で捕獲可能。進化後の通常野生化は段階解禁。,FR原作系統を地域の顔として残し、通常表・時間帯表・DexNav・大量発生を使って新種を混在。
トーホク,T519,519ばんどうろ／すいどう,後半A,Lv.41～48,393,764,キュワワー,キュワワー,フェアリー,通常生態,外来生態レイヤーへ追加,草むらオーバーレイ,Lv.41～48,追加抽選3～6%,本編必須フラグを変更せず、外来生態フラグ・時間帯・DexNav・大量発生で制御,基礎種を通常配置。中間進化は高レベル地域のDexNav限定、最終進化は原則進化入手,トーホクは本編で使える低～中レベル基礎種、カントーは高レベル個体・中間進化・隠れ特性探索を担当。,R1,DexNav連鎖20以上または地方研究ランク2で隠れ特性判定を解禁。通常草むらでは標準特性のみ。,通常種は両地方で捕獲可能。進化後の通常野生化は段階解禁。,ベガ既存の野生枠を上書きせず、条件付きオーバーレイ／DexNav／夜間・水上・釣り・大量発生の追加抽選へ登録。
カントー,K16,16ばんどうろ,認定章4前後,Lv.81～86,394,765,ヤレユータン,ヤレユータン,ノーマル／エスパー,通常生態,外来生態レイヤーへ追加,草むらオーバーレイ,Lv.81～86,通常表8～15%,ベガ初回殿堂入り後。認定章数でエリアと中間進化枠を段階解禁。,基礎種を通常配置。中間進化は高レベル地域のDexNav限定、最終進化は原則進化入手,トーホクは本編で使える低～中レベル基礎種、カントーは高レベル個体・中間進化・隠れ特性探索を担当。,R2,DexNav連鎖20以上または地方研究ランク2で隠れ特性判定を解禁。通常草むらでは標準特性のみ。,通常種は両地方で捕獲可能。進化後の通常野生化は段階解禁。,FR原作系統を地域の顔として残し、通常表・時間帯表・DexNav・大量発生を使って新種を混在。
トーホク,T519,519ばんどうろ／すいどう,後半A,Lv.41～48,394,765,ヤレユータン,ヤレユータン,ノーマル／エスパー,通常生態,外来生態レイヤーへ追加,草むらオーバーレイ,Lv.41～48,追加抽選3～6%,本編必須フラグを変更せず、外来生態フラグ・時間帯・DexNav・大量発生で制御,基礎種を通常配置。中間進化は高レベル地域のDexNav限定、最終進化は原則進化入手,トーホクは本編で使える低～中レベル基礎種、カントーは高レベル個体・中間進化・隠れ特性探索を担当。,R2,DexNav連鎖20以上または地方研究ランク2で隠れ特性判定を解禁。通常草むらでは標準特性のみ。,通常種は両地方で捕獲可能。進化後の通常野生化は段階解禁。,ベガ既存の野生枠を上書きせず、条件付きオーバーレイ／DexNav／夜間・水上・釣り・大量発生の追加抽選へ登録。
カントー,K09,9ばんどうろ,認定章2～3,Lv.77～82,395,766,ナゲツケサル,ナゲツケサル,かくとう,通常生態,外来生態レイヤーへ追加,草むらオーバーレイ,Lv.77～82,通常表8～15%,ベガ初回殿堂入り後。認定章数でエリアと中間進化枠を段階解禁。,基礎種を通常配置。中間進化は高レベル地域のDexNav限定、最終進化は原則進化入手,トーホクは本編で使える低～中レベル基礎種、カントーは高レベル個体・中間進化・隠れ特性探索を担当。,R3,DexNav連鎖20以上または地方研究ランク2で隠れ特性判定を解禁。通常草むらでは標準特性のみ。,通常種は両地方で捕獲可能。進化後の通常野生化は段階解禁。,FR原作系統を地域の顔として残し、通常表・時間帯表・DexNav・大量発生を使って新種を混在。
トーホク,T514,514ばんどうろ／すいどう,中盤C,Lv.31～38,395,766,ナゲツケサル,ナゲツケサル,かくとう,通常生態,外来生態レイヤーへ追加,草むらオーバーレイ,Lv.31～38,追加抽選3～6%,本編必須フラグを変更せず、外来生態フラグ・時間帯・DexNav・大量発生で制御,基礎種を通常配置。中間進化は高レベル地域のDexNav限定、最終進化は原則進化入手,トーホクは本編で使える低～中レベル基礎種、カントーは高レベル個体・中間進化・隠れ特性探索を担当。,R3,DexNav連鎖20以上または地方研究ランク2で隠れ特性判定を解禁。通常草むらでは標準特性のみ。,通常種は両地方で捕獲可能。進化後の通常野生化は段階解禁。,ベガ既存の野生枠を上書きせず、条件付きオーバーレイ／DexNav／夜間・水上・釣り・大量発生の追加抽選へ登録。
カントー,K36,サファリゾーン北,認定章5前後,Lv.85～94,396,767,コソクムシ,コソクムシ → グソクムシャ,むし／みず,通常生態,外来生態レイヤーへ追加,水上オーバーレイ,Lv.85～94,通常表10～20%,ベガ初回殿堂入り後。認定章数でエリアと中間進化枠を段階解禁。,基礎種を通常配置。中間進化は高レベル地域のDexNav限定、最終進化は原則進化入手,トーホクは本編で使える低～中レベル基礎種、カントーは高レベル個体・中間進化・隠れ特性探索を担当。,R4,DexNav連鎖20以上または地方研究ランク2で隠れ特性判定を解禁。通常草むらでは標準特性のみ。,通常種は両地方で捕獲可能。進化後の通常野生化は段階解禁。,FR原作系統を地域の顔として残し、通常表・時間帯表・DexNav・大量発生を使って新種を混在。
トーホク,T038,サファリゾーン北,後半B,Lv.38～48／殿堂入り後Lv.55～70,396,767,コソクムシ,コソクムシ → グソクムシャ,むし／みず,通常生態,外来生態レイヤーへ追加,水上オーバーレイ,Lv.38～48／殿堂入り後Lv.55～70,追加抽選4～8%,本編必須フラグを変更せず、外来生態フラグ・時間帯・DexNav・大量発生で制御,基礎種を通常配置。中間進化は高レベル地域のDexNav限定、最終進化は原則進化入手,トーホクは本編で使える低～中レベル基礎種、カントーは高レベル個体・中間進化・隠れ特性探索を担当。,R4,DexNav連鎖20以上または地方研究ランク2で隠れ特性判定を解禁。通常草むらでは標準特性のみ。,通常種は両地方で捕獲可能。進化後の通常野生化は段階解禁。,ベガ既存の野生枠を上書きせず、条件付きオーバーレイ／DexNav／夜間・水上・釣り・大量発生の追加抽選へ登録。
カントー,K30,イワヤマトンネル,認定章2～3,Lv.80～87,397,769,スナバァ,スナバァ → シロデスナ,じめん／ゴースト,通常生態,外来生態レイヤーへ追加,夜間オーバーレイ,Lv.80～87,夜間8～12%,ベガ初回殿堂入り後。認定章数でエリアと中間進化枠を段階解禁。,基礎種を通常配置。中間進化は高レベル地域のDexNav限定、最終進化は原則進化入手,トーホクは本編で使える低～中レベル基礎種、カントーは高レベル個体・中間進化・隠れ特性探索を担当。,R2,DexNav連鎖20以上または地方研究ランク2で隠れ特性判定を解禁。通常草むらでは標準特性のみ。,通常種は両地方で捕獲可能。進化後の通常野生化は段階解禁。,FR原作系統を地域の顔として残し、通常表・時間帯表・DexNav・大量発生を使って新種を混在。
トーホク,T515,515ばんどうろ／すいどう,中盤C,Lv.33～40,397,769,スナバァ,スナバァ → シロデスナ,じめん／ゴースト,通常生態,外来生態レイヤーへ追加,夜間オーバーレイ,Lv.33～40,追加抽選3～6%,本編必須フラグを変更せず、外来生態フラグ・時間帯・DexNav・大量発生で制御,基礎種を通常配置。中間進化は高レベル地域のDexNav限定、最終進化は原則進化入手,トーホクは本編で使える低～中レベル基礎種、カントーは高レベル個体・中間進化・隠れ特性探索を担当。,R2,DexNav連鎖20以上または地方研究ランク2で隠れ特性判定を解禁。通常草むらでは標準特性のみ。,通常種は両地方で捕獲可能。進化後の通常野生化は段階解禁。,ベガ既存の野生枠を上書きせず、条件付きオーバーレイ／DexNav／夜間・水上・釣り・大量発生の追加抽選へ登録。
カントー,K19,19ばんどうろ,認定章5後,Lv.87～92,398,771,ナマコブシ,ナマコブシ,みず,通常生態,外来生態レイヤーへ追加,釣りオーバーレイ,Lv.87～92,通常表10～20%,ベガ初回殿堂入り後。認定章数でエリアと中間進化枠を段階解禁。,基礎種を通常配置。中間進化は高レベル地域のDexNav限定、最終進化は原則進化入手,トーホクは本編で使える低～中レベル基礎種、カントーは高レベル個体・中間進化・隠れ特性探索を担当。,R4,DexNav連鎖20以上または地方研究ランク2で隠れ特性判定を解禁。通常草むらでは標準特性のみ。,通常種は両地方で捕獲可能。進化後の通常野生化は段階解禁。,FR原作系統を地域の顔として残し、通常表・時間帯表・DexNav・大量発生を使って新種を混在。
トーホク,T513,513ばんどうろ／すいどう,中盤B,Lv.28～35,398,771,ナマコブシ,ナマコブシ,みず,通常生態,外来生態レイヤーへ追加,釣りオーバーレイ,Lv.28～35,追加抽選4～8%,本編必須フラグを変更せず、外来生態フラグ・時間帯・DexNav・大量発生で制御,基礎種を通常配置。中間進化は高レベル地域のDexNav限定、最終進化は原則進化入手,トーホクは本編で使える低～中レベル基礎種、カントーは高レベル個体・中間進化・隠れ特性探索を担当。,R4,DexNav連鎖20以上または地方研究ランク2で隠れ特性判定を解禁。通常草むらでは標準特性のみ。,通常種は両地方で捕獲可能。進化後の通常野生化は段階解禁。,ベガ既存の野生枠を上書きせず、条件付きオーバーレイ／DexNav／夜間・水上・釣り・大量発生の追加抽選へ登録。
カントー,EVENT_K,シルフカンパニー隔離室,固定イベント／共鳴クエスト,Lv.75,399,772,タイプ：ヌル,タイプ：ヌル → シルヴァディ,ノーマル,伝説,固定イベント追加,固定シンボル／専用クエスト,Lv.75,原則1体・撃破時復活,D・H残党イベント完了,固定シンボル／イベント専用。主捕獲地方でのみ捕獲し、副地方は手掛かり・共鳴戦・素材報酬。,主地方で1個体だけ捕獲し、副地方では手掛かり・共鳴戦・専用素材を扱う。捕獲済みフラグは両地方で共有し、重複個体を与えない。,イベント専用,固定個体の特性はイベント定義。隠れ特性は報酬・再戦・特性パッチで救済。,共有捕獲フラグで全地方1個体。撃破時のみ再出現、捕獲後は素材・再戦へ分岐。,野生通常表、DexNav通常検索、大量発生には登録しない。
トーホク,EVENT_T,D・H異常生態区画,固定イベント／共鳴クエスト,イベント別,399,772,タイプ：ヌル,タイプ：ヌル → シルヴァディ,ノーマル,伝説,固定イベント追加,手掛かり／共鳴戦／専用素材,イベント別,重複捕獲なし,D・H残党イベント完了＋主地方の捕獲フラグ共有,固定シンボル／イベント専用。主捕獲地方でのみ捕獲し、副地方は手掛かり・共鳴戦・素材報酬。,主地方で1個体だけ捕獲し、副地方では手掛かり・共鳴戦・専用素材を扱う。捕獲済みフラグは両地方で共有し、重複個体を与えない。,イベント専用,固定個体の特性はイベント定義。隠れ特性は報酬・再戦・特性パッチで救済。,共有捕獲フラグで全地方1個体。撃破時のみ再出現、捕獲後は素材・再戦へ分岐。,野生通常表、DexNav通常検索、大量発生には登録しない。
カントー,K27,おつきみやま,認定章1前後,Lv.73～80,400,774,メテノ,メテノ,ひこう／いわ,人工・無機物,外来生態レイヤーへ追加,いわくだき／DexNav,Lv.73～80,通常0%／DexNav 2～5%,ベガ初回殿堂入り後。認定章数でエリアと中間進化枠を段階解禁。,基礎種を通常配置。中間進化は高レベル地域のDexNav限定、最終進化は原則進化入手,トーホクは本編で使える低～中レベル基礎種、カントーは高レベル個体・中間進化・隠れ特性探索を担当。,R3,DexNav連鎖20以上または地方研究ランク2で隠れ特性判定を解禁。通常草むらでは標準特性のみ。,通常種は両地方で捕獲可能。進化後の通常野生化は段階解禁。,FR原作系統を地域の顔として残し、通常表・時間帯表・DexNav・大量発生を使って新種を混在。
トーホク,T040,ニューアイランド,リーグ前,Lv.50～60／殿堂入り後Lv.65～82,400,774,メテノ,メテノ,ひこう／いわ,人工・無機物,外来生態レイヤーへ追加,屋内異常遭遇／DexNav,Lv.50～60／殿堂入り後Lv.65～82,通常0%／DexNav 2～5%,本編必須フラグを変更せず、外来生態フラグ・時間帯・DexNav・大量発生で制御,基礎種を通常配置。中間進化は高レベル地域のDexNav限定、最終進化は原則進化入手,トーホクは本編で使える低～中レベル基礎種、カントーは高レベル個体・中間進化・隠れ特性探索を担当。,R3,DexNav連鎖20以上または地方研究ランク2で隠れ特性判定を解禁。通常草むらでは標準特性のみ。,通常種は両地方で捕獲可能。進化後の通常野生化は段階解禁。,ベガ既存の野生枠を上書きせず、条件付きオーバーレイ／DexNav／夜間・水上・釣り・大量発生の追加抽選へ登録。
カントー,K18,18ばんどうろ,認定章4～5,Lv.84～90,401,775,ネッコアラ,ネッコアラ,ノーマル,通常生態,外来生態レイヤーへ追加,草むらオーバーレイ,Lv.84～90,通常表8～15%,ベガ初回殿堂入り後。認定章数でエリアと中間進化枠を段階解禁。,基礎種を通常配置。中間進化は高レベル地域のDexNav限定、最終進化は原則進化入手,トーホクは本編で使える低～中レベル基礎種、カントーは高レベル個体・中間進化・隠れ特性探索を担当。,R4,DexNav連鎖20以上または地方研究ランク2で隠れ特性判定を解禁。通常草むらでは標準特性のみ。,通常種は両地方で捕獲可能。進化後の通常野生化は段階解禁。,FR原作系統を地域の顔として残し、通常表・時間帯表・DexNav・大量発生を使って新種を混在。
トーホク,T039,サファリゾーン中央,後半B,Lv.38～48／殿堂入り後Lv.55～70,401,775,ネッコアラ,ネッコアラ,ノーマル,通常生態,外来生態レイヤーへ追加,草むらオーバーレイ,Lv.38～48／殿堂入り後Lv.55～70,追加抽選3～6%,本編必須フラグを変更せず、外来生態フラグ・時間帯・DexNav・大量発生で制御,基礎種を通常配置。中間進化は高レベル地域のDexNav限定、最終進化は原則進化入手,トーホクは本編で使える低～中レベル基礎種、カントーは高レベル個体・中間進化・隠れ特性探索を担当。,R4,DexNav連鎖20以上または地方研究ランク2で隠れ特性判定を解禁。通常草むらでは標準特性のみ。,通常種は両地方で捕獲可能。進化後の通常野生化は段階解禁。,ベガ既存の野生枠を上書きせず、条件付きオーバーレイ／DexNav／夜間・水上・釣り・大量発生の追加抽選へ登録。
カントー,K21,21ばんどうろ,認定章6前後,Lv.89～94,402,776,バクガメス,バクガメス,ほのお／ドラゴン,通常生態,外来生態レイヤーへ追加,草むらオーバーレイ,Lv.89～94,通常表8～15%,ベガ初回殿堂入り後。認定章数でエリアと中間進化枠を段階解禁。,基礎種を通常配置。中間進化は高レベル地域のDexNav限定、最終進化は原則進化入手,トーホクは本編で使える低～中レベル基礎種、カントーは高レベル個体・中間進化・隠れ特性探索を担当。,R1,DexNav連鎖20以上または地方研究ランク2で隠れ特性判定を解禁。通常草むらでは標準特性のみ。,通常種は両地方で捕獲可能。進化後の通常野生化は段階解禁。,FR原作系統を地域の顔として残し、通常表・時間帯表・DexNav・大量発生を使って新種を混在。
トーホク,T037,サファリゾーン西,後半B,Lv.38～48／殿堂入り後Lv.55～70,402,776,バクガメス,バクガメス,ほのお／ドラゴン,通常生態,外来生態レイヤーへ追加,大量発生,Lv.38～48／殿堂入り後Lv.55～70,通常0%／発生中20～35%,本編必須フラグを変更せず、外来生態フラグ・時間帯・DexNav・大量発生で制御,基礎種を通常配置。中間進化は高レベル地域のDexNav限定、最終進化は原則進化入手,トーホクは本編で使える低～中レベル基礎種、カントーは高レベル個体・中間進化・隠れ特性探索を担当。,R1,DexNav連鎖20以上または地方研究ランク2で隠れ特性判定を解禁。通常草むらでは標準特性のみ。,通常種は両地方で捕獲可能。進化後の通常野生化は段階解禁。,ベガ既存の野生枠を上書きせず、条件付きオーバーレイ／DexNav／夜間・水上・釣り・大量発生の追加抽選へ登録。
カントー,K40,むじんはつでんしょ,認定章2～6,Lv.82～94,403,777,トゲデマル,トゲデマル,はがね／でんき,通常生態,外来生態レイヤーへ追加,洞窟・屋内オーバーレイ,Lv.82～94,通常表8～15%,ベガ初回殿堂入り後。認定章数でエリアと中間進化枠を段階解禁。,基礎種を通常配置。中間進化は高レベル地域のDexNav限定、最終進化は原則進化入手,トーホクは本編で使える低～中レベル基礎種、カントーは高レベル個体・中間進化・隠れ特性探索を担当。,R2,DexNav連鎖20以上または地方研究ランク2で隠れ特性判定を解禁。通常草むらでは標準特性のみ。,通常種は両地方で捕獲可能。進化後の通常野生化は段階解禁。,FR原作系統を地域の顔として残し、通常表・時間帯表・DexNav・大量発生を使って新種を混在。
トーホク,T029,かみなりのしま,中盤B,Lv.30～40／殿堂入り後Lv.55～70,403,777,トゲデマル,トゲデマル,はがね／でんき,通常生態,外来生態レイヤーへ追加,大量発生,Lv.30～40／殿堂入り後Lv.55～70,通常0%／発生中20～35%,本編必須フラグを変更せず、外来生態フラグ・時間帯・DexNav・大量発生で制御,基礎種を通常配置。中間進化は高レベル地域のDexNav限定、最終進化は原則進化入手,トーホクは本編で使える低～中レベル基礎種、カントーは高レベル個体・中間進化・隠れ特性探索を担当。,R2,DexNav連鎖20以上または地方研究ランク2で隠れ特性判定を解禁。通常草むらでは標準特性のみ。,通常種は両地方で捕獲可能。進化後の通常野生化は段階解禁。,ベガ既存の野生枠を上書きせず、条件付きオーバーレイ／DexNav／夜間・水上・釣り・大量発生の追加抽選へ登録。
カントー,K08,8ばんどうろ,認定章3前後,Lv.79～84,404,778,ミミッキュ,ミミッキュ,ゴースト／フェアリー,通常生態,外来生態レイヤーへ追加,夜間オーバーレイ,Lv.79～84,夜間8～12%,ベガ初回殿堂入り後。認定章数でエリアと中間進化枠を段階解禁。,基礎種を通常配置。中間進化は高レベル地域のDexNav限定、最終進化は原則進化入手,トーホクは本編で使える低～中レベル基礎種、カントーは高レベル個体・中間進化・隠れ特性探索を担当。,R3,DexNav連鎖20以上または地方研究ランク2で隠れ特性判定を解禁。通常草むらでは標準特性のみ。,通常種は両地方で捕獲可能。進化後の通常野生化は段階解禁。,FR原作系統を地域の顔として残し、通常表・時間帯表・DexNav・大量発生を使って新種を混在。
トーホク,T033,ときのようかん,後半A,Lv.43～55／殿堂入り後Lv.60～75,404,778,ミミッキュ,ミミッキュ,ゴースト／フェアリー,通常生態,外来生態レイヤーへ追加,夜間オーバーレイ,Lv.43～55／殿堂入り後Lv.60～75,追加抽選3～6%,本編必須フラグを変更せず、外来生態フラグ・時間帯・DexNav・大量発生で制御,基礎種を通常配置。中間進化は高レベル地域のDexNav限定、最終進化は原則進化入手,トーホクは本編で使える低～中レベル基礎種、カントーは高レベル個体・中間進化・隠れ特性探索を担当。,R3,DexNav連鎖20以上または地方研究ランク2で隠れ特性判定を解禁。通常草むらでは標準特性のみ。,通常種は両地方で捕獲可能。進化後の通常野生化は段階解禁。,ベガ既存の野生枠を上書きせず、条件付きオーバーレイ／DexNav／夜間・水上・釣り・大量発生の追加抽選へ登録。
カントー,K29,サント・アンヌ号,認定章2～3,Lv.78～84（固定戦）,405,779,ハギギシリ,ハギギシリ,みず／エスパー,通常生態,外来生態レイヤーへ追加,釣りオーバーレイ,Lv.78～84（固定戦）,通常表10～20%,ベガ初回殿堂入り後。認定章数でエリアと中間進化枠を段階解禁。,基礎種を通常配置。中間進化は高レベル地域のDexNav限定、最終進化は原則進化入手,トーホクは本編で使える低～中レベル基礎種、カントーは高レベル個体・中間進化・隠れ特性探索を担当。,R4,DexNav連鎖20以上または地方研究ランク2で隠れ特性判定を解禁。通常草むらでは標準特性のみ。,通常種は両地方で捕獲可能。進化後の通常野生化は段階解禁。,FR原作系統を地域の顔として残し、通常表・時間帯表・DexNav・大量発生を使って新種を混在。
トーホク,T510,510ばんどうろ／すいどう,中盤B,Lv.24～30,405,779,ハギギシリ,ハギギシリ,みず／エスパー,通常生態,外来生態レイヤーへ追加,水上オーバーレイ,Lv.24～30,追加抽選4～8%,本編必須フラグを変更せず、外来生態フラグ・時間帯・DexNav・大量発生で制御,基礎種を通常配置。中間進化は高レベル地域のDexNav限定、最終進化は原則進化入手,トーホクは本編で使える低～中レベル基礎種、カントーは高レベル個体・中間進化・隠れ特性探索を担当。,R4,DexNav連鎖20以上または地方研究ランク2で隠れ特性判定を解禁。通常草むらでは標準特性のみ。,通常種は両地方で捕獲可能。進化後の通常野生化は段階解禁。,ベガ既存の野生枠を上書きせず、条件付きオーバーレイ／DexNav／夜間・水上・釣り・大量発生の追加抽選へ登録。
カントー,K04,4ばんどうろ,認定章1前後,Lv.72～77,406,780,ジジーロン,ジジーロン,ノーマル／ドラゴン,通常生態,外来生態レイヤーへ追加,草むらオーバーレイ,Lv.72～77,通常表8～15%,ベガ初回殿堂入り後。認定章数でエリアと中間進化枠を段階解禁。,基礎種を通常配置。中間進化は高レベル地域のDexNav限定、最終進化は原則進化入手,トーホクは本編で使える低～中レベル基礎種、カントーは高レベル個体・中間進化・隠れ特性探索を担当。,R1,DexNav連鎖20以上または地方研究ランク2で隠れ特性判定を解禁。通常草むらでは標準特性のみ。,通常種は両地方で捕獲可能。進化後の通常野生化は段階解禁。,FR原作系統を地域の顔として残し、通常表・時間帯表・DexNav・大量発生を使って新種を混在。
トーホク,T509,509ばんどうろ／すいどう,中盤A,Lv.21～27,406,780,ジジーロン,ジジーロン,ノーマル／ドラゴン,通常生態,外来生態レイヤーへ追加,草むらオーバーレイ,Lv.21～27,追加抽選3～6%,本編必須フラグを変更せず、外来生態フラグ・時間帯・DexNav・大量発生で制御,基礎種を通常配置。中間進化は高レベル地域のDexNav限定、最終進化は原則進化入手,トーホクは本編で使える低～中レベル基礎種、カントーは高レベル個体・中間進化・隠れ特性探索を担当。,R1,DexNav連鎖20以上または地方研究ランク2で隠れ特性判定を解禁。通常草むらでは標準特性のみ。,通常種は両地方で捕獲可能。進化後の通常野生化は段階解禁。,ベガ既存の野生枠を上書きせず、条件付きオーバーレイ／DexNav／夜間・水上・釣り・大量発生の追加抽選へ登録。
カントー,K34,サファリゾーン中央,認定章5前後,Lv.85～94,407,781,ダダリン,ダダリン,ゴースト／くさ,人工・無機物,外来生態レイヤーへ追加,屋内異常遭遇／DexNav,Lv.85～94,通常0%／DexNav 2～5%,ベガ初回殿堂入り後。認定章数でエリアと中間進化枠を段階解禁。,基礎種を通常配置。中間進化は高レベル地域のDexNav限定、最終進化は原則進化入手,トーホクは本編で使える低～中レベル基礎種、カントーは高レベル個体・中間進化・隠れ特性探索を担当。,R2,DexNav連鎖20以上または地方研究ランク2で隠れ特性判定を解禁。通常草むらでは標準特性のみ。,通常種は両地方で捕獲可能。進化後の通常野生化は段階解禁。,FR原作系統を地域の顔として残し、通常表・時間帯表・DexNav・大量発生を使って新種を混在。
トーホク,T033,ときのようかん,後半A,Lv.43～55／殿堂入り後Lv.60～75,407,781,ダダリン,ダダリン,ゴースト／くさ,人工・無機物,外来生態レイヤーへ追加,夜間オーバーレイ,Lv.43～55／殿堂入り後Lv.60～75,追加抽選3～6%,本編必須フラグを変更せず、外来生態フラグ・時間帯・DexNav・大量発生で制御,基礎種を通常配置。中間進化は高レベル地域のDexNav限定、最終進化は原則進化入手,トーホクは本編で使える低～中レベル基礎種、カントーは高レベル個体・中間進化・隠れ特性探索を担当。,R2,DexNav連鎖20以上または地方研究ランク2で隠れ特性判定を解禁。通常草むらでは標準特性のみ。,通常種は両地方で捕獲可能。進化後の通常野生化は段階解禁。,ベガ既存の野生枠を上書きせず、条件付きオーバーレイ／DexNav／夜間・水上・釣り・大量発生の追加抽選へ登録。
カントー,K42,チャンピオンロード,認定章8後,Lv.94～100,408,782,ジャラコ,ジャラコ → ジャランゴ → ジャラランガ,かくとう／ドラゴン,600族,外来生態レイヤーへ追加,DexNav隠し枠,Lv.94～100,通常0%／DexNav 1～2%,ベガ初回殿堂入り後。認定章数でエリアと中間進化枠を段階解禁。,基礎種のみ通常枠。中間進化は殿堂入り後DexNav、最終進化は野生禁止,トーホクは本編で使える低～中レベル基礎種、カントーは高レベル個体・中間進化・隠れ特性探索を担当。,R3,DexNav連鎖20以上または地方研究ランク2で隠れ特性判定を解禁。通常草むらでは標準特性のみ。,通常種は両地方で捕獲可能。進化後の通常野生化は段階解禁。,FR原作系統を地域の顔として残し、通常表・時間帯表・DexNav・大量発生を使って新種を混在。
トーホク,T042,チャンピオンロード,リーグ前,Lv.58～66／殿堂入り後Lv.70～88,408,782,ジャラコ,ジャラコ → ジャランゴ → ジャラランガ,かくとう／ドラゴン,600族,外来生態レイヤーへ追加,DexNav隠し枠,Lv.58～66／殿堂入り後Lv.70～88,通常0%／DexNav 1～2%,本編必須フラグを変更せず、外来生態フラグ・時間帯・DexNav・大量発生で制御,基礎種のみ通常枠。中間進化は殿堂入り後DexNav、最終進化は野生禁止,トーホクは本編で使える低～中レベル基礎種、カントーは高レベル個体・中間進化・隠れ特性探索を担当。,R3,DexNav連鎖20以上または地方研究ランク2で隠れ特性判定を解禁。通常草むらでは標準特性のみ。,通常種は両地方で捕獲可能。進化後の通常野生化は段階解禁。,ベガ既存の野生枠を上書きせず、条件付きオーバーレイ／DexNav／夜間・水上・釣り・大量発生の追加抽選へ登録。
カントー,EVENT_K,トキワのもり／24ばんどうろ／セキチク湿地／20ばん水道,固定イベント／共鳴クエスト,イベント別,409,785,カプ・コケコ,カプ・コケコ,でんき／フェアリー,伝説,固定イベント追加,手掛かり／共鳴戦／専用素材,イベント別,重複捕獲なし,殿堂入り＋各島試練＋主地方の捕獲フラグ共有,固定シンボル／イベント専用。主捕獲地方でのみ捕獲し、副地方は手掛かり・共鳴戦・素材報酬。,主地方で1個体だけ捕獲し、副地方では手掛かり・共鳴戦・専用素材を扱う。捕獲済みフラグは両地方で共有し、重複個体を与えない。,イベント専用,固定個体の特性はイベント定義。隠れ特性は報酬・再戦・特性パッチで救済。,共有捕獲フラグで全地方1個体。撃破時のみ再出現、捕獲後は素材・再戦へ分岐。,野生通常表、DexNav通常検索、大量発生には登録しない。
トーホク,EVENT_T,火・雷・氷・ニューアイランド祭壇,固定イベント／共鳴クエスト,Lv.75,409,785,カプ・コケコ,カプ・コケコ,でんき／フェアリー,伝説,固定イベント追加,固定シンボル／専用クエスト,Lv.75,原則1体・撃破時復活,殿堂入り＋各島試練,固定シンボル／イベント専用。主捕獲地方でのみ捕獲し、副地方は手掛かり・共鳴戦・素材報酬。,主地方で1個体だけ捕獲し、副地方では手掛かり・共鳴戦・専用素材を扱う。捕獲済みフラグは両地方で共有し、重複個体を与えない。,イベント専用,固定個体の特性はイベント定義。隠れ特性は報酬・再戦・特性パッチで救済。,共有捕獲フラグで全地方1個体。撃破時のみ再出現、捕獲後は素材・再戦へ分岐。,野生通常表、DexNav通常検索、大量発生には登録しない。
カントー,EVENT_K,トキワのもり／24ばんどうろ／セキチク湿地／20ばん水道,固定イベント／共鳴クエスト,イベント別,410,786,カプ・テテフ,カプ・テテフ,エスパー／フェアリー,伝説,固定イベント追加,手掛かり／共鳴戦／専用素材,イベント別,重複捕獲なし,殿堂入り＋各島試練＋主地方の捕獲フラグ共有,固定シンボル／イベント専用。主捕獲地方でのみ捕獲し、副地方は手掛かり・共鳴戦・素材報酬。,主地方で1個体だけ捕獲し、副地方では手掛かり・共鳴戦・専用素材を扱う。捕獲済みフラグは両地方で共有し、重複個体を与えない。,イベント専用,固定個体の特性はイベント定義。隠れ特性は報酬・再戦・特性パッチで救済。,共有捕獲フラグで全地方1個体。撃破時のみ再出現、捕獲後は素材・再戦へ分岐。,野生通常表、DexNav通常検索、大量発生には登録しない。
トーホク,EVENT_T,火・雷・氷・ニューアイランド祭壇,固定イベント／共鳴クエスト,Lv.75,410,786,カプ・テテフ,カプ・テテフ,エスパー／フェアリー,伝説,固定イベント追加,固定シンボル／専用クエスト,Lv.75,原則1体・撃破時復活,殿堂入り＋各島試練,固定シンボル／イベント専用。主捕獲地方でのみ捕獲し、副地方は手掛かり・共鳴戦・素材報酬。,主地方で1個体だけ捕獲し、副地方では手掛かり・共鳴戦・専用素材を扱う。捕獲済みフラグは両地方で共有し、重複個体を与えない。,イベント専用,固定個体の特性はイベント定義。隠れ特性は報酬・再戦・特性パッチで救済。,共有捕獲フラグで全地方1個体。撃破時のみ再出現、捕獲後は素材・再戦へ分岐。,野生通常表、DexNav通常検索、大量発生には登録しない。
カントー,EVENT_K,トキワのもり／24ばんどうろ／セキチク湿地／20ばん水道,固定イベント／共鳴クエスト,イベント別,411,787,カプ・ブルル,カプ・ブルル,くさ／フェアリー,伝説,固定イベント追加,手掛かり／共鳴戦／専用素材,イベント別,重複捕獲なし,殿堂入り＋各島試練＋主地方の捕獲フラグ共有,固定シンボル／イベント専用。主捕獲地方でのみ捕獲し、副地方は手掛かり・共鳴戦・素材報酬。,主地方で1個体だけ捕獲し、副地方では手掛かり・共鳴戦・専用素材を扱う。捕獲済みフラグは両地方で共有し、重複個体を与えない。,イベント専用,固定個体の特性はイベント定義。隠れ特性は報酬・再戦・特性パッチで救済。,共有捕獲フラグで全地方1個体。撃破時のみ再出現、捕獲後は素材・再戦へ分岐。,野生通常表、DexNav通常検索、大量発生には登録しない。
トーホク,EVENT_T,火・雷・氷・ニューアイランド祭壇,固定イベント／共鳴クエスト,Lv.75,411,787,カプ・ブルル,カプ・ブルル,くさ／フェアリー,伝説,固定イベント追加,固定シンボル／専用クエスト,Lv.75,原則1体・撃破時復活,殿堂入り＋各島試練,固定シンボル／イベント専用。主捕獲地方でのみ捕獲し、副地方は手掛かり・共鳴戦・素材報酬。,主地方で1個体だけ捕獲し、副地方では手掛かり・共鳴戦・専用素材を扱う。捕獲済みフラグは両地方で共有し、重複個体を与えない。,イベント専用,固定個体の特性はイベント定義。隠れ特性は報酬・再戦・特性パッチで救済。,共有捕獲フラグで全地方1個体。撃破時のみ再出現、捕獲後は素材・再戦へ分岐。,野生通常表、DexNav通常検索、大量発生には登録しない。
カントー,EVENT_K,トキワのもり／24ばんどうろ／セキチク湿地／20ばん水道,固定イベント／共鳴クエスト,イベント別,412,788,カプ・レヒレ,カプ・レヒレ,みず／フェアリー,伝説,固定イベント追加,手掛かり／共鳴戦／専用素材,イベント別,重複捕獲なし,殿堂入り＋各島試練＋主地方の捕獲フラグ共有,固定シンボル／イベント専用。主捕獲地方でのみ捕獲し、副地方は手掛かり・共鳴戦・素材報酬。,主地方で1個体だけ捕獲し、副地方では手掛かり・共鳴戦・専用素材を扱う。捕獲済みフラグは両地方で共有し、重複個体を与えない。,イベント専用,固定個体の特性はイベント定義。隠れ特性は報酬・再戦・特性パッチで救済。,共有捕獲フラグで全地方1個体。撃破時のみ再出現、捕獲後は素材・再戦へ分岐。,野生通常表、DexNav通常検索、大量発生には登録しない。
トーホク,EVENT_T,火・雷・氷・ニューアイランド祭壇,固定イベント／共鳴クエスト,Lv.75,412,788,カプ・レヒレ,カプ・レヒレ,みず／フェアリー,伝説,固定イベント追加,固定シンボル／専用クエスト,Lv.75,原則1体・撃破時復活,殿堂入り＋各島試練,固定シンボル／イベント専用。主捕獲地方でのみ捕獲し、副地方は手掛かり・共鳴戦・素材報酬。,主地方で1個体だけ捕獲し、副地方では手掛かり・共鳴戦・専用素材を扱う。捕獲済みフラグは両地方で共有し、重複個体を与えない。,イベント専用,固定個体の特性はイベント定義。隠れ特性は報酬・再戦・特性パッチで救済。,共有捕獲フラグで全地方1個体。撃破時のみ再出現、捕獲後は素材・再戦へ分岐。,野生通常表、DexNav通常検索、大量発生には登録しない。
カントー,EVENT_K,ニビ博物館天文室／ハナダのどうくつ宇宙層,固定イベント／共鳴クエスト,イベント別,413,789,コスモッグ,コスモッグ → コスモウム → ソルガレオ → ルナアーラ,ゴースト／はがね／エスパー,伝説,固定イベント追加,手掛かり／共鳴戦／専用素材,イベント別,重複捕獲なし,殿堂入り＋星の祈り完了＋主地方の捕獲フラグ共有,固定シンボル／イベント専用。主捕獲地方でのみ捕獲し、副地方は手掛かり・共鳴戦・素材報酬。,主地方で1個体だけ捕獲し、副地方では手掛かり・共鳴戦・専用素材を扱う。捕獲済みフラグは両地方で共有し、重複個体を与えない。,イベント専用,固定個体の特性はイベント定義。隠れ特性は報酬・再戦・特性パッチで救済。,共有捕獲フラグで全地方1個体。撃破時のみ再出現、捕獲後は素材・再戦へ分岐。,野生通常表、DexNav通常検索、大量発生には登録しない。
トーホク,EVENT_T,ニューアイランド天文台／スフィアいせき,固定イベント／共鳴クエスト,Lv.75,413,789,コスモッグ,コスモッグ → コスモウム → ソルガレオ → ルナアーラ,ゴースト／はがね／エスパー,伝説,固定イベント追加,固定シンボル／専用クエスト,Lv.75,原則1体・撃破時復活,殿堂入り＋星の祈り完了,固定シンボル／イベント専用。主捕獲地方でのみ捕獲し、副地方は手掛かり・共鳴戦・素材報酬。,主地方で1個体だけ捕獲し、副地方では手掛かり・共鳴戦・専用素材を扱う。捕獲済みフラグは両地方で共有し、重複個体を与えない。,イベント専用,固定個体の特性はイベント定義。隠れ特性は報酬・再戦・特性パッチで救済。,共有捕獲フラグで全地方1個体。撃破時のみ再出現、捕獲後は素材・再戦へ分岐。,野生通常表、DexNav通常検索、大量発生には登録しない。
カントー,EVENT_K,シルフカンパニー異常転送室,固定イベント／共鳴クエスト,イベント別,414,793,ウツロイド,ウツロイド,どく／いわ,ウルトラビースト,固定イベント追加,手掛かり／共鳴戦／専用素材,イベント別,重複捕獲なし,殿堂入り＋ビーストボール解禁＋主地方の捕獲フラグ共有,固定シンボル／イベント専用。主捕獲地方でのみ捕獲し、副地方は手掛かり・共鳴戦・素材報酬。,主地方で1個体だけ捕獲し、副地方では手掛かり・共鳴戦・専用素材を扱う。捕獲済みフラグは両地方で共有し、重複個体を与えない。,イベント専用,固定個体の特性はイベント定義。隠れ特性は報酬・再戦・特性パッチで救済。,共有捕獲フラグで全地方1個体。撃破時のみ再出現、捕獲後は素材・再戦へ分岐。,野生通常表、DexNav通常検索、大量発生には登録しない。
トーホク,EVENT_T,スフィアいせき・裂け目区画,固定イベント／共鳴クエスト,Lv.90,414,793,ウツロイド,ウツロイド,どく／いわ,ウルトラビースト,固定イベント追加,固定シンボル／専用クエスト,Lv.90,原則1体・撃破時復活,殿堂入り＋ビーストボール解禁,固定シンボル／イベント専用。主捕獲地方でのみ捕獲し、副地方は手掛かり・共鳴戦・素材報酬。,主地方で1個体だけ捕獲し、副地方では手掛かり・共鳴戦・専用素材を扱う。捕獲済みフラグは両地方で共有し、重複個体を与えない。,イベント専用,固定個体の特性はイベント定義。隠れ特性は報酬・再戦・特性パッチで救済。,共有捕獲フラグで全地方1個体。撃破時のみ再出現、捕獲後は素材・再戦へ分岐。,野生通常表、DexNav通常検索、大量発生には登録しない。
カントー,EVENT_K,シルフカンパニー異常転送室,固定イベント／共鳴クエスト,Lv.90,415,794,マッシブーン,マッシブーン,かくとう／むし,ウルトラビースト,固定イベント追加,固定シンボル／専用クエスト,Lv.90,原則1体・撃破時復活,殿堂入り＋ビーストボール解禁,固定シンボル／イベント専用。主捕獲地方でのみ捕獲し、副地方は手掛かり・共鳴戦・素材報酬。,主地方で1個体だけ捕獲し、副地方では手掛かり・共鳴戦・専用素材を扱う。捕獲済みフラグは両地方で共有し、重複個体を与えない。,イベント専用,固定個体の特性はイベント定義。隠れ特性は報酬・再戦・特性パッチで救済。,共有捕獲フラグで全地方1個体。撃破時のみ再出現、捕獲後は素材・再戦へ分岐。,野生通常表、DexNav通常検索、大量発生には登録しない。
トーホク,EVENT_T,スフィアいせき・裂け目区画,固定イベント／共鳴クエスト,イベント別,415,794,マッシブーン,マッシブーン,かくとう／むし,ウルトラビースト,固定イベント追加,手掛かり／共鳴戦／専用素材,イベント別,重複捕獲なし,殿堂入り＋ビーストボール解禁＋主地方の捕獲フラグ共有,固定シンボル／イベント専用。主捕獲地方でのみ捕獲し、副地方は手掛かり・共鳴戦・素材報酬。,主地方で1個体だけ捕獲し、副地方では手掛かり・共鳴戦・専用素材を扱う。捕獲済みフラグは両地方で共有し、重複個体を与えない。,イベント専用,固定個体の特性はイベント定義。隠れ特性は報酬・再戦・特性パッチで救済。,共有捕獲フラグで全地方1個体。撃破時のみ再出現、捕獲後は素材・再戦へ分岐。,野生通常表、DexNav通常検索、大量発生には登録しない。
カントー,EVENT_K,シルフカンパニー異常転送室,固定イベント／共鳴クエスト,イベント別,416,795,フェローチェ,フェローチェ,かくとう／むし,ウルトラビースト,固定イベント追加,手掛かり／共鳴戦／専用素材,イベント別,重複捕獲なし,殿堂入り＋ビーストボール解禁＋主地方の捕獲フラグ共有,固定シンボル／イベント専用。主捕獲地方でのみ捕獲し、副地方は手掛かり・共鳴戦・素材報酬。,主地方で1個体だけ捕獲し、副地方では手掛かり・共鳴戦・専用素材を扱う。捕獲済みフラグは両地方で共有し、重複個体を与えない。,イベント専用,固定個体の特性はイベント定義。隠れ特性は報酬・再戦・特性パッチで救済。,共有捕獲フラグで全地方1個体。撃破時のみ再出現、捕獲後は素材・再戦へ分岐。,野生通常表、DexNav通常検索、大量発生には登録しない。
トーホク,EVENT_T,スフィアいせき・裂け目区画,固定イベント／共鳴クエスト,Lv.90,416,795,フェローチェ,フェローチェ,かくとう／むし,ウルトラビースト,固定イベント追加,固定シンボル／専用クエスト,Lv.90,原則1体・撃破時復活,殿堂入り＋ビーストボール解禁,固定シンボル／イベント専用。主捕獲地方でのみ捕獲し、副地方は手掛かり・共鳴戦・素材報酬。,主地方で1個体だけ捕獲し、副地方では手掛かり・共鳴戦・専用素材を扱う。捕獲済みフラグは両地方で共有し、重複個体を与えない。,イベント専用,固定個体の特性はイベント定義。隠れ特性は報酬・再戦・特性パッチで救済。,共有捕獲フラグで全地方1個体。撃破時のみ再出現、捕獲後は素材・再戦へ分岐。,野生通常表、DexNav通常検索、大量発生には登録しない。
カントー,EVENT_K,シルフカンパニー異常転送室,固定イベント／共鳴クエスト,Lv.90,417,796,デンジュモク,デンジュモク,でんき,ウルトラビースト,固定イベント追加,固定シンボル／専用クエスト,Lv.90,原則1体・撃破時復活,殿堂入り＋ビーストボール解禁,固定シンボル／イベント専用。主捕獲地方でのみ捕獲し、副地方は手掛かり・共鳴戦・素材報酬。,主地方で1個体だけ捕獲し、副地方では手掛かり・共鳴戦・専用素材を扱う。捕獲済みフラグは両地方で共有し、重複個体を与えない。,イベント専用,固定個体の特性はイベント定義。隠れ特性は報酬・再戦・特性パッチで救済。,共有捕獲フラグで全地方1個体。撃破時のみ再出現、捕獲後は素材・再戦へ分岐。,野生通常表、DexNav通常検索、大量発生には登録しない。
トーホク,EVENT_T,スフィアいせき・裂け目区画,固定イベント／共鳴クエスト,イベント別,417,796,デンジュモク,デンジュモク,でんき,ウルトラビースト,固定イベント追加,手掛かり／共鳴戦／専用素材,イベント別,重複捕獲なし,殿堂入り＋ビーストボール解禁＋主地方の捕獲フラグ共有,固定シンボル／イベント専用。主捕獲地方でのみ捕獲し、副地方は手掛かり・共鳴戦・素材報酬。,主地方で1個体だけ捕獲し、副地方では手掛かり・共鳴戦・専用素材を扱う。捕獲済みフラグは両地方で共有し、重複個体を与えない。,イベント専用,固定個体の特性はイベント定義。隠れ特性は報酬・再戦・特性パッチで救済。,共有捕獲フラグで全地方1個体。撃破時のみ再出現、捕獲後は素材・再戦へ分岐。,野生通常表、DexNav通常検索、大量発生には登録しない。
カントー,EVENT_K,シルフカンパニー異常転送室,固定イベント／共鳴クエスト,イベント別,418,797,テッカグヤ,テッカグヤ,ひこう／はがね,ウルトラビースト,固定イベント追加,手掛かり／共鳴戦／専用素材,イベント別,重複捕獲なし,殿堂入り＋ビーストボール解禁＋主地方の捕獲フラグ共有,固定シンボル／イベント専用。主捕獲地方でのみ捕獲し、副地方は手掛かり・共鳴戦・素材報酬。,主地方で1個体だけ捕獲し、副地方では手掛かり・共鳴戦・専用素材を扱う。捕獲済みフラグは両地方で共有し、重複個体を与えない。,イベント専用,固定個体の特性はイベント定義。隠れ特性は報酬・再戦・特性パッチで救済。,共有捕獲フラグで全地方1個体。撃破時のみ再出現、捕獲後は素材・再戦へ分岐。,野生通常表、DexNav通常検索、大量発生には登録しない。
トーホク,EVENT_T,スフィアいせき・裂け目区画,固定イベント／共鳴クエスト,Lv.90,418,797,テッカグヤ,テッカグヤ,ひこう／はがね,ウルトラビースト,固定イベント追加,固定シンボル／専用クエスト,Lv.90,原則1体・撃破時復活,殿堂入り＋ビーストボール解禁,固定シンボル／イベント専用。主捕獲地方でのみ捕獲し、副地方は手掛かり・共鳴戦・素材報酬。,主地方で1個体だけ捕獲し、副地方では手掛かり・共鳴戦・専用素材を扱う。捕獲済みフラグは両地方で共有し、重複個体を与えない。,イベント専用,固定個体の特性はイベント定義。隠れ特性は報酬・再戦・特性パッチで救済。,共有捕獲フラグで全地方1個体。撃破時のみ再出現、捕獲後は素材・再戦へ分岐。,野生通常表、DexNav通常検索、大量発生には登録しない。
カントー,EVENT_K,シルフカンパニー異常転送室,固定イベント／共鳴クエスト,Lv.90,419,798,カミツルギ,カミツルギ,はがね／くさ,ウルトラビースト,固定イベント追加,固定シンボル／専用クエスト,Lv.90,原則1体・撃破時復活,殿堂入り＋ビーストボール解禁,固定シンボル／イベント専用。主捕獲地方でのみ捕獲し、副地方は手掛かり・共鳴戦・素材報酬。,主地方で1個体だけ捕獲し、副地方では手掛かり・共鳴戦・専用素材を扱う。捕獲済みフラグは両地方で共有し、重複個体を与えない。,イベント専用,固定個体の特性はイベント定義。隠れ特性は報酬・再戦・特性パッチで救済。,共有捕獲フラグで全地方1個体。撃破時のみ再出現、捕獲後は素材・再戦へ分岐。,野生通常表、DexNav通常検索、大量発生には登録しない。
トーホク,EVENT_T,スフィアいせき・裂け目区画,固定イベント／共鳴クエスト,イベント別,419,798,カミツルギ,カミツルギ,はがね／くさ,ウルトラビースト,固定イベント追加,手掛かり／共鳴戦／専用素材,イベント別,重複捕獲なし,殿堂入り＋ビーストボール解禁＋主地方の捕獲フラグ共有,固定シンボル／イベント専用。主捕獲地方でのみ捕獲し、副地方は手掛かり・共鳴戦・素材報酬。,主地方で1個体だけ捕獲し、副地方では手掛かり・共鳴戦・専用素材を扱う。捕獲済みフラグは両地方で共有し、重複個体を与えない。,イベント専用,固定個体の特性はイベント定義。隠れ特性は報酬・再戦・特性パッチで救済。,共有捕獲フラグで全地方1個体。撃破時のみ再出現、捕獲後は素材・再戦へ分岐。,野生通常表、DexNav通常検索、大量発生には登録しない。
カントー,EVENT_K,シルフカンパニー異常転送室,固定イベント／共鳴クエスト,イベント別,420,799,アクジキング,アクジキング,ドラゴン／あく,ウルトラビースト,固定イベント追加,手掛かり／共鳴戦／専用素材,イベント別,重複捕獲なし,殿堂入り＋ビーストボール解禁＋主地方の捕獲フラグ共有,固定シンボル／イベント専用。主捕獲地方でのみ捕獲し、副地方は手掛かり・共鳴戦・素材報酬。,主地方で1個体だけ捕獲し、副地方では手掛かり・共鳴戦・専用素材を扱う。捕獲済みフラグは両地方で共有し、重複個体を与えない。,イベント専用,固定個体の特性はイベント定義。隠れ特性は報酬・再戦・特性パッチで救済。,共有捕獲フラグで全地方1個体。撃破時のみ再出現、捕獲後は素材・再戦へ分岐。,野生通常表、DexNav通常検索、大量発生には登録しない。
トーホク,EVENT_T,スフィアいせき・裂け目区画,固定イベント／共鳴クエスト,Lv.90,420,799,アクジキング,アクジキング,ドラゴン／あく,ウルトラビースト,固定イベント追加,固定シンボル／専用クエスト,Lv.90,原則1体・撃破時復活,殿堂入り＋ビーストボール解禁,固定シンボル／イベント専用。主捕獲地方でのみ捕獲し、副地方は手掛かり・共鳴戦・素材報酬。,主地方で1個体だけ捕獲し、副地方では手掛かり・共鳴戦・専用素材を扱う。捕獲済みフラグは両地方で共有し、重複個体を与えない。,イベント専用,固定個体の特性はイベント定義。隠れ特性は報酬・再戦・特性パッチで救済。,共有捕獲フラグで全地方1個体。撃破時のみ再出現、捕獲後は素材・再戦へ分岐。,野生通常表、DexNav通常検索、大量発生には登録しない。
カントー,EVENT_K,ニビ博物館天文室／ハナダのどうくつ宇宙層,固定イベント／共鳴クエスト,イベント別,421,800,ネクロズマ,ネクロズマ,エスパー,伝説,固定イベント追加,手掛かり／共鳴戦／専用素材,イベント別,重複捕獲なし,殿堂入り＋星の祈り完了＋主地方の捕獲フラグ共有,固定シンボル／イベント専用。主捕獲地方でのみ捕獲し、副地方は手掛かり・共鳴戦・素材報酬。,主地方で1個体だけ捕獲し、副地方では手掛かり・共鳴戦・専用素材を扱う。捕獲済みフラグは両地方で共有し、重複個体を与えない。,イベント専用,固定個体の特性はイベント定義。隠れ特性は報酬・再戦・特性パッチで救済。,共有捕獲フラグで全地方1個体。撃破時のみ再出現、捕獲後は素材・再戦へ分岐。,野生通常表、DexNav通常検索、大量発生には登録しない。
トーホク,EVENT_T,ニューアイランド天文台／スフィアいせき,固定イベント／共鳴クエスト,Lv.75,421,800,ネクロズマ,ネクロズマ,エスパー,伝説,固定イベント追加,固定シンボル／専用クエスト,Lv.75,原則1体・撃破時復活,殿堂入り＋星の祈り完了,固定シンボル／イベント専用。主捕獲地方でのみ捕獲し、副地方は手掛かり・共鳴戦・素材報酬。,主地方で1個体だけ捕獲し、副地方では手掛かり・共鳴戦・専用素材を扱う。捕獲済みフラグは両地方で共有し、重複個体を与えない。,イベント専用,固定個体の特性はイベント定義。隠れ特性は報酬・再戦・特性パッチで救済。,共有捕獲フラグで全地方1個体。撃破時のみ再出現、捕獲後は素材・再戦へ分岐。,野生通常表、DexNav通常検索、大量発生には登録しない。
カントー,EVENT_K,シルフ資料庫,固定イベント／共鳴クエスト,Lv.80,422,801,マギアナ,マギアナ,はがね／フェアリー,幻,固定イベント追加,固定シンボル／専用クエスト,Lv.80,原則1体・撃破時復活,殿堂入り＋部品5種,固定シンボル／イベント専用。主捕獲地方でのみ捕獲し、副地方は手掛かり・共鳴戦・素材報酬。,主地方で1個体だけ捕獲し、副地方では手掛かり・共鳴戦・専用素材を扱う。捕獲済みフラグは両地方で共有し、重複個体を与えない。,イベント専用,固定個体の特性はイベント定義。隠れ特性は報酬・再戦・特性パッチで救済。,共有捕獲フラグで全地方1個体。撃破時のみ再出現、捕獲後は素材・再戦へ分岐。,野生通常表、DexNav通常検索、大量発生には登録しない。
トーホク,EVENT_T,オウニ工房,固定イベント／共鳴クエスト,イベント別,422,801,マギアナ,マギアナ,はがね／フェアリー,幻,固定イベント追加,手掛かり／共鳴戦／専用素材,イベント別,重複捕獲なし,殿堂入り＋部品5種＋主地方の捕獲フラグ共有,固定シンボル／イベント専用。主捕獲地方でのみ捕獲し、副地方は手掛かり・共鳴戦・素材報酬。,主地方で1個体だけ捕獲し、副地方では手掛かり・共鳴戦・専用素材を扱う。捕獲済みフラグは両地方で共有し、重複個体を与えない。,イベント専用,固定個体の特性はイベント定義。隠れ特性は報酬・再戦・特性パッチで救済。,共有捕獲フラグで全地方1個体。撃破時のみ再出現、捕獲後は素材・再戦へ分岐。,野生通常表、DexNav通常検索、大量発生には登録しない。
カントー,EVENT_K,ポケモンタワー影階,固定イベント／共鳴クエスト,イベント別,423,802,マーシャドー,マーシャドー,かくとう／ゴースト,幻,固定イベント追加,手掛かり／共鳴戦／専用素材,イベント別,重複捕獲なし,殿堂入り＋夜間＋主地方の捕獲フラグ共有,固定シンボル／イベント専用。主捕獲地方でのみ捕獲し、副地方は手掛かり・共鳴戦・素材報酬。,主地方で1個体だけ捕獲し、副地方では手掛かり・共鳴戦・専用素材を扱う。捕獲済みフラグは両地方で共有し、重複個体を与えない。,イベント専用,固定個体の特性はイベント定義。隠れ特性は報酬・再戦・特性パッチで救済。,共有捕獲フラグで全地方1個体。撃破時のみ再出現、捕獲後は素材・再戦へ分岐。,野生通常表、DexNav通常検索、大量発生には登録しない。
トーホク,EVENT_T,ダークタワー影区画,固定イベント／共鳴クエスト,Lv.80,423,802,マーシャドー,マーシャドー,かくとう／ゴースト,幻,固定イベント追加,固定シンボル／専用クエスト,Lv.80,原則1体・撃破時復活,殿堂入り＋夜間,固定シンボル／イベント専用。主捕獲地方でのみ捕獲し、副地方は手掛かり・共鳴戦・素材報酬。,主地方で1個体だけ捕獲し、副地方では手掛かり・共鳴戦・専用素材を扱う。捕獲済みフラグは両地方で共有し、重複個体を与えない。,イベント専用,固定個体の特性はイベント定義。隠れ特性は報酬・再戦・特性パッチで救済。,共有捕獲フラグで全地方1個体。撃破時のみ再出現、捕獲後は素材・再戦へ分岐。,野生通常表、DexNav通常検索、大量発生には登録しない。
カントー,EVENT_K,シルフカンパニー異常転送室,固定イベント／共鳴クエスト,イベント別,424,803,ベベノム,ベベノム → アーゴヨン,どく／ドラゴン,ウルトラビースト,固定イベント追加,手掛かり／共鳴戦／専用素材,イベント別,重複捕獲なし,殿堂入り＋ビーストボール解禁＋主地方の捕獲フラグ共有,固定シンボル／イベント専用。主捕獲地方でのみ捕獲し、副地方は手掛かり・共鳴戦・素材報酬。,主地方で1個体だけ捕獲し、副地方では手掛かり・共鳴戦・専用素材を扱う。捕獲済みフラグは両地方で共有し、重複個体を与えない。,イベント専用,固定個体の特性はイベント定義。隠れ特性は報酬・再戦・特性パッチで救済。,共有捕獲フラグで全地方1個体。撃破時のみ再出現、捕獲後は素材・再戦へ分岐。,野生通常表、DexNav通常検索、大量発生には登録しない。
トーホク,EVENT_T,スフィアいせき・裂け目区画,固定イベント／共鳴クエスト,Lv.90,424,803,ベベノム,ベベノム → アーゴヨン,どく／ドラゴン,ウルトラビースト,固定イベント追加,固定シンボル／専用クエスト,Lv.90,原則1体・撃破時復活,殿堂入り＋ビーストボール解禁,固定シンボル／イベント専用。主捕獲地方でのみ捕獲し、副地方は手掛かり・共鳴戦・素材報酬。,主地方で1個体だけ捕獲し、副地方では手掛かり・共鳴戦・専用素材を扱う。捕獲済みフラグは両地方で共有し、重複個体を与えない。,イベント専用,固定個体の特性はイベント定義。隠れ特性は報酬・再戦・特性パッチで救済。,共有捕獲フラグで全地方1個体。撃破時のみ再出現、捕獲後は素材・再戦へ分岐。,野生通常表、DexNav通常検索、大量発生には登録しない。
カントー,EVENT_K,シルフカンパニー異常転送室,固定イベント／共鳴クエスト,イベント別,425,805,ツンデツンデ,ツンデツンデ,いわ／はがね,ウルトラビースト,固定イベント追加,手掛かり／共鳴戦／専用素材,イベント別,重複捕獲なし,殿堂入り＋ビーストボール解禁＋主地方の捕獲フラグ共有,固定シンボル／イベント専用。主捕獲地方でのみ捕獲し、副地方は手掛かり・共鳴戦・素材報酬。,主地方で1個体だけ捕獲し、副地方では手掛かり・共鳴戦・専用素材を扱う。捕獲済みフラグは両地方で共有し、重複個体を与えない。,イベント専用,固定個体の特性はイベント定義。隠れ特性は報酬・再戦・特性パッチで救済。,共有捕獲フラグで全地方1個体。撃破時のみ再出現、捕獲後は素材・再戦へ分岐。,野生通常表、DexNav通常検索、大量発生には登録しない。
トーホク,EVENT_T,スフィアいせき・裂け目区画,固定イベント／共鳴クエスト,Lv.90,425,805,ツンデツンデ,ツンデツンデ,いわ／はがね,ウルトラビースト,固定イベント追加,固定シンボル／専用クエスト,Lv.90,原則1体・撃破時復活,殿堂入り＋ビーストボール解禁,固定シンボル／イベント専用。主捕獲地方でのみ捕獲し、副地方は手掛かり・共鳴戦・素材報酬。,主地方で1個体だけ捕獲し、副地方では手掛かり・共鳴戦・専用素材を扱う。捕獲済みフラグは両地方で共有し、重複個体を与えない。,イベント専用,固定個体の特性はイベント定義。隠れ特性は報酬・再戦・特性パッチで救済。,共有捕獲フラグで全地方1個体。撃破時のみ再出現、捕獲後は素材・再戦へ分岐。,野生通常表、DexNav通常検索、大量発生には登録しない。
カントー,EVENT_K,シルフカンパニー異常転送室,固定イベント／共鳴クエスト,Lv.90,426,806,ズガドーン,ズガドーン,ゴースト／ほのお,ウルトラビースト,固定イベント追加,固定シンボル／専用クエスト,Lv.90,原則1体・撃破時復活,殿堂入り＋ビーストボール解禁,固定シンボル／イベント専用。主捕獲地方でのみ捕獲し、副地方は手掛かり・共鳴戦・素材報酬。,主地方で1個体だけ捕獲し、副地方では手掛かり・共鳴戦・専用素材を扱う。捕獲済みフラグは両地方で共有し、重複個体を与えない。,イベント専用,固定個体の特性はイベント定義。隠れ特性は報酬・再戦・特性パッチで救済。,共有捕獲フラグで全地方1個体。撃破時のみ再出現、捕獲後は素材・再戦へ分岐。,野生通常表、DexNav通常検索、大量発生には登録しない。
トーホク,EVENT_T,スフィアいせき・裂け目区画,固定イベント／共鳴クエスト,イベント別,426,806,ズガドーン,ズガドーン,ゴースト／ほのお,ウルトラビースト,固定イベント追加,手掛かり／共鳴戦／専用素材,イベント別,重複捕獲なし,殿堂入り＋ビーストボール解禁＋主地方の捕獲フラグ共有,固定シンボル／イベント専用。主捕獲地方でのみ捕獲し、副地方は手掛かり・共鳴戦・素材報酬。,主地方で1個体だけ捕獲し、副地方では手掛かり・共鳴戦・専用素材を扱う。捕獲済みフラグは両地方で共有し、重複個体を与えない。,イベント専用,固定個体の特性はイベント定義。隠れ特性は報酬・再戦・特性パッチで救済。,共有捕獲フラグで全地方1個体。撃破時のみ再出現、捕獲後は素材・再戦へ分岐。,野生通常表、DexNav通常検索、大量発生には登録しない。
カントー,EVENT_K,むじんはつでんしょ,固定イベント／共鳴クエスト,Lv.80,427,807,ゼラオラ,ゼラオラ,でんき,幻,固定イベント追加,固定シンボル／専用クエスト,Lv.80,原則1体・撃破時復活,殿堂入り＋停電復旧,固定シンボル／イベント専用。主捕獲地方でのみ捕獲し、副地方は手掛かり・共鳴戦・素材報酬。,主地方で1個体だけ捕獲し、副地方では手掛かり・共鳴戦・専用素材を扱う。捕獲済みフラグは両地方で共有し、重複個体を与えない。,イベント専用,固定個体の特性はイベント定義。隠れ特性は報酬・再戦・特性パッチで救済。,共有捕獲フラグで全地方1個体。撃破時のみ再出現、捕獲後は素材・再戦へ分岐。,野生通常表、DexNav通常検索、大量発生には登録しない。
トーホク,EVENT_T,かみなりのしま,固定イベント／共鳴クエスト,イベント別,427,807,ゼラオラ,ゼラオラ,でんき,幻,固定イベント追加,手掛かり／共鳴戦／専用素材,イベント別,重複捕獲なし,殿堂入り＋停電復旧＋主地方の捕獲フラグ共有,固定シンボル／イベント専用。主捕獲地方でのみ捕獲し、副地方は手掛かり・共鳴戦・素材報酬。,主地方で1個体だけ捕獲し、副地方では手掛かり・共鳴戦・専用素材を扱う。捕獲済みフラグは両地方で共有し、重複個体を与えない。,イベント専用,固定個体の特性はイベント定義。隠れ特性は報酬・再戦・特性パッチで救済。,共有捕獲フラグで全地方1個体。撃破時のみ再出現、捕獲後は素材・再戦へ分岐。,野生通常表、DexNav通常検索、大量発生には登録しない。
カントー,EVENT_K,シルフ地下／むじんはつでんしょ,固定イベント／共鳴クエスト,Lv.80,428,808,メルタン,メルタン,はがね,幻,固定イベント追加,固定シンボル／専用クエスト,Lv.80,原則1体・撃破時復活,殿堂入り,固定シンボル／イベント専用。主捕獲地方でのみ捕獲し、副地方は手掛かり・共鳴戦・素材報酬。,主地方で1個体だけ捕獲し、副地方では手掛かり・共鳴戦・専用素材を扱う。捕獲済みフラグは両地方で共有し、重複個体を与えない。,イベント専用,固定個体の特性はイベント定義。隠れ特性は報酬・再戦・特性パッチで救済。,共有捕獲フラグで全地方1個体。撃破時のみ再出現、捕獲後は素材・再戦へ分岐。,野生通常表、DexNav通常検索、大量発生には登録しない。
トーホク,EVENT_T,D・H工業区画,固定イベント／共鳴クエスト,イベント別,428,808,メルタン,メルタン,はがね,幻,固定イベント追加,手掛かり／共鳴戦／専用素材,イベント別,重複捕獲なし,殿堂入り＋主地方の捕獲フラグ共有,固定シンボル／イベント専用。主捕獲地方でのみ捕獲し、副地方は手掛かり・共鳴戦・素材報酬。,主地方で1個体だけ捕獲し、副地方では手掛かり・共鳴戦・専用素材を扱う。捕獲済みフラグは両地方で共有し、重複個体を与えない。,イベント専用,固定個体の特性はイベント定義。隠れ特性は報酬・再戦・特性パッチで救済。,共有捕獲フラグで全地方1個体。撃破時のみ再出現、捕獲後は素材・再戦へ分岐。,野生通常表、DexNav通常検索、大量発生には登録しない。
カントー,EVENT_K,シルフ地下／むじんはつでんしょ,固定イベント／共鳴クエスト,Lv.80,429,809,メルメタル,メルメタル,はがね,幻,固定イベント追加,固定シンボル／専用クエスト,Lv.80,原則1体・撃破時復活,殿堂入り,固定シンボル／イベント専用。主捕獲地方でのみ捕獲し、副地方は手掛かり・共鳴戦・素材報酬。,主地方で1個体だけ捕獲し、副地方では手掛かり・共鳴戦・専用素材を扱う。捕獲済みフラグは両地方で共有し、重複個体を与えない。,イベント専用,固定個体の特性はイベント定義。隠れ特性は報酬・再戦・特性パッチで救済。,共有捕獲フラグで全地方1個体。撃破時のみ再出現、捕獲後は素材・再戦へ分岐。,野生通常表、DexNav通常検索、大量発生には登録しない。
トーホク,EVENT_T,D・H工業区画,固定イベント／共鳴クエスト,イベント別,429,809,メルメタル,メルメタル,はがね,幻,固定イベント追加,手掛かり／共鳴戦／専用素材,イベント別,重複捕獲なし,殿堂入り＋主地方の捕獲フラグ共有,固定シンボル／イベント専用。主捕獲地方でのみ捕獲し、副地方は手掛かり・共鳴戦・素材報酬。,主地方で1個体だけ捕獲し、副地方では手掛かり・共鳴戦・専用素材を扱う。捕獲済みフラグは両地方で共有し、重複個体を与えない。,イベント専用,固定個体の特性はイベント定義。隠れ特性は報酬・再戦・特性パッチで救済。,共有捕獲フラグで全地方1個体。撃破時のみ再出現、捕獲後は素材・再戦へ分岐。,野生通常表、DexNav通常検索、大量発生には登録しない。
カントー,K47,マサラタウン・オーキド研究所,カントー序盤,配布個体Lv.5／調整戦Lv.70,430,810,サルノリ,サルノリ → バチンキー → ゴリランダー,くさ,御三家,地方研究タマゴ追加,オーキド研究所の生態交換タマゴ,Lv.5,カントー認定章2個ごとに1系統、最終的に全系統反復可,ベガ初回殿堂入り後。認定章数でエリアと中間進化枠を段階解禁。,基礎種をタマゴ配布,御三家を野生化せず、両地方の研究所を巡る収集導線にする。,R3,DexNav連鎖20以上または地方研究ランク2で隠れ特性判定を解禁。通常草むらでは標準特性のみ。,通常種は両地方で捕獲可能。進化後の通常野生化は段階解禁。,FR原作系統を地域の顔として残し、通常表・時間帯表・DexNav・大量発生を使って新種を混在。
トーホク,T_LAB,ハクジタウン・ヒイラギ研究所,個別条件,Lv.5,430,810,サルノリ,サルノリ → バチンキー → ゴリランダー,くさ,御三家,地方研究タマゴ追加,地域別研究依頼の報酬タマゴ,Lv.5,研究チケット1枚／系統選択・反復可,各世代の生態サンプルを3件提出。選択式にせず、依頼再受注で全系統入手可能。,基礎種をタマゴ配布,御三家を野生化せず、両地方の研究所を巡る収集導線にする。,R3,DexNav連鎖20以上または地方研究ランク2で隠れ特性判定を解禁。通常草むらでは標準特性のみ。,通常種は両地方で捕獲可能。進化後の通常野生化は段階解禁。,ベガ既存の野生枠を上書きせず、条件付きオーバーレイ／DexNav／夜間・水上・釣り・大量発生の追加抽選へ登録。
カントー,K47,マサラタウン・オーキド研究所,カントー序盤,配布個体Lv.5／調整戦Lv.70,431,813,ヒバニー,ヒバニー → ラビフット → エースバーン,ほのお,御三家,地方研究タマゴ追加,オーキド研究所の生態交換タマゴ,Lv.5,カントー認定章2個ごとに1系統、最終的に全系統反復可,ベガ初回殿堂入り後。認定章数でエリアと中間進化枠を段階解禁。,基礎種をタマゴ配布,御三家を野生化せず、両地方の研究所を巡る収集導線にする。,R2,DexNav連鎖20以上または地方研究ランク2で隠れ特性判定を解禁。通常草むらでは標準特性のみ。,通常種は両地方で捕獲可能。進化後の通常野生化は段階解禁。,FR原作系統を地域の顔として残し、通常表・時間帯表・DexNav・大量発生を使って新種を混在。
トーホク,T_LAB,ハクジタウン・ヒイラギ研究所,個別条件,Lv.5,431,813,ヒバニー,ヒバニー → ラビフット → エースバーン,ほのお,御三家,地方研究タマゴ追加,地域別研究依頼の報酬タマゴ,Lv.5,研究チケット1枚／系統選択・反復可,各世代の生態サンプルを3件提出。選択式にせず、依頼再受注で全系統入手可能。,基礎種をタマゴ配布,御三家を野生化せず、両地方の研究所を巡る収集導線にする。,R2,DexNav連鎖20以上または地方研究ランク2で隠れ特性判定を解禁。通常草むらでは標準特性のみ。,通常種は両地方で捕獲可能。進化後の通常野生化は段階解禁。,ベガ既存の野生枠を上書きせず、条件付きオーバーレイ／DexNav／夜間・水上・釣り・大量発生の追加抽選へ登録。
カントー,K47,マサラタウン・オーキド研究所,カントー序盤,配布個体Lv.5／調整戦Lv.70,432,816,メッソン,メッソン → ジメレオン → インテレオン,みず,御三家,地方研究タマゴ追加,オーキド研究所の生態交換タマゴ,Lv.5,カントー認定章2個ごとに1系統、最終的に全系統反復可,ベガ初回殿堂入り後。認定章数でエリアと中間進化枠を段階解禁。,基礎種をタマゴ配布,御三家を野生化せず、両地方の研究所を巡る収集導線にする。,R1,DexNav連鎖20以上または地方研究ランク2で隠れ特性判定を解禁。通常草むらでは標準特性のみ。,通常種は両地方で捕獲可能。進化後の通常野生化は段階解禁。,FR原作系統を地域の顔として残し、通常表・時間帯表・DexNav・大量発生を使って新種を混在。
トーホク,T_LAB,ハクジタウン・ヒイラギ研究所,個別条件,Lv.5,432,816,メッソン,メッソン → ジメレオン → インテレオン,みず,御三家,地方研究タマゴ追加,地域別研究依頼の報酬タマゴ,Lv.5,研究チケット1枚／系統選択・反復可,各世代の生態サンプルを3件提出。選択式にせず、依頼再受注で全系統入手可能。,基礎種をタマゴ配布,御三家を野生化せず、両地方の研究所を巡る収集導線にする。,R1,DexNav連鎖20以上または地方研究ランク2で隠れ特性判定を解禁。通常草むらでは標準特性のみ。,通常種は両地方で捕獲可能。進化後の通常野生化は段階解禁。,ベガ既存の野生枠を上書きせず、条件付きオーバーレイ／DexNav／夜間・水上・釣り・大量発生の追加抽選へ登録。
カントー,K01,1ばんどうろ,カントー序盤,Lv.68～72,433,819,ホシガリス,ホシガリス → ヨクバリス,ノーマル,通常生態,外来生態レイヤーへ追加,大量発生,Lv.68～72,通常0%／発生中20～35%,ベガ初回殿堂入り後。認定章数でエリアと中間進化枠を段階解禁。,基礎種を通常配置。中間進化は高レベル地域のDexNav限定、最終進化は原則進化入手,トーホクは本編で使える低～中レベル基礎種、カントーは高レベル個体・中間進化・隠れ特性探索を担当。,R4,DexNav連鎖20以上または地方研究ランク2で隠れ特性判定を解禁。通常草むらでは標準特性のみ。,通常種は両地方で捕獲可能。進化後の通常野生化は段階解禁。,FR原作系統を地域の顔として残し、通常表・時間帯表・DexNav・大量発生を使って新種を混在。
トーホク,T501,501ばんどうろ／すいどう,序盤A,Lv.2～5,433,819,ホシガリス,ホシガリス → ヨクバリス,ノーマル,通常生態,外来生態レイヤーへ追加,大量発生,Lv.2～5,通常0%／発生中20～35%,本編必須フラグを変更せず、外来生態フラグ・時間帯・DexNav・大量発生で制御,基礎種を通常配置。中間進化は高レベル地域のDexNav限定、最終進化は原則進化入手,トーホクは本編で使える低～中レベル基礎種、カントーは高レベル個体・中間進化・隠れ特性探索を担当。,R4,DexNav連鎖20以上または地方研究ランク2で隠れ特性判定を解禁。通常草むらでは標準特性のみ。,通常種は両地方で捕獲可能。進化後の通常野生化は段階解禁。,ベガ既存の野生枠を上書きせず、条件付きオーバーレイ／DexNav／夜間・水上・釣り・大量発生の追加抽選へ登録。
カントー,K02,2ばんどうろ,カントー序盤,Lv.69～73,434,821,ココガラ,ココガラ → アオガラス → アーマーガア,ひこう／はがね,通常生態,外来生態レイヤーへ追加,ずつき／朝昼オーバーレイ,Lv.69～73,通常表8～15%,ベガ初回殿堂入り後。認定章数でエリアと中間進化枠を段階解禁。,基礎種を通常配置。中間進化は高レベル地域のDexNav限定、最終進化は原則進化入手,トーホクは本編で使える低～中レベル基礎種、カントーは高レベル個体・中間進化・隠れ特性探索を担当。,R2,DexNav連鎖20以上または地方研究ランク2で隠れ特性判定を解禁。通常草むらでは標準特性のみ。,通常種は両地方で捕獲可能。進化後の通常野生化は段階解禁。,FR原作系統を地域の顔として残し、通常表・時間帯表・DexNav・大量発生を使って新種を混在。
トーホク,T502,502ばんどうろ／すいどう,序盤A,Lv.3～6,434,821,ココガラ,ココガラ → アオガラス → アーマーガア,ひこう／はがね,通常生態,外来生態レイヤーへ追加,ずつき／朝昼オーバーレイ,Lv.3～6,追加抽選3～6%,本編必須フラグを変更せず、外来生態フラグ・時間帯・DexNav・大量発生で制御,基礎種を通常配置。中間進化は高レベル地域のDexNav限定、最終進化は原則進化入手,トーホクは本編で使える低～中レベル基礎種、カントーは高レベル個体・中間進化・隠れ特性探索を担当。,R2,DexNav連鎖20以上または地方研究ランク2で隠れ特性判定を解禁。通常草むらでは標準特性のみ。,通常種は両地方で捕獲可能。進化後の通常野生化は段階解禁。,ベガ既存の野生枠を上書きせず、条件付きオーバーレイ／DexNav／夜間・水上・釣り・大量発生の追加抽選へ登録。
カントー,K26,トキワのもり,カントー序盤,Lv.70～76,435,824,サッチムシ,サッチムシ → レドームシ → イオルブ,むし／エスパー,通常生態,外来生態レイヤーへ追加,ずつき／朝昼オーバーレイ,Lv.70～76,通常表8～15%,ベガ初回殿堂入り後。認定章数でエリアと中間進化枠を段階解禁。,基礎種を通常配置。中間進化は高レベル地域のDexNav限定、最終進化は原則進化入手,トーホクは本編で使える低～中レベル基礎種、カントーは高レベル個体・中間進化・隠れ特性探索を担当。,R1,DexNav連鎖20以上または地方研究ランク2で隠れ特性判定を解禁。通常草むらでは標準特性のみ。,通常種は両地方で捕獲可能。進化後の通常野生化は段階解禁。,FR原作系統を地域の顔として残し、通常表・時間帯表・DexNav・大量発生を使って新種を混在。
トーホク,T026,ハクジのもり,後半A,Lv.38～48／殿堂入り後Lv.50～65,435,824,サッチムシ,サッチムシ → レドームシ → イオルブ,むし／エスパー,通常生態,外来生態レイヤーへ追加,ずつき／朝昼オーバーレイ,Lv.38～48／殿堂入り後Lv.50～65,追加抽選3～6%,本編必須フラグを変更せず、外来生態フラグ・時間帯・DexNav・大量発生で制御,基礎種を通常配置。中間進化は高レベル地域のDexNav限定、最終進化は原則進化入手,トーホクは本編で使える低～中レベル基礎種、カントーは高レベル個体・中間進化・隠れ特性探索を担当。,R1,DexNav連鎖20以上または地方研究ランク2で隠れ特性判定を解禁。通常草むらでは標準特性のみ。,通常種は両地方で捕獲可能。進化後の通常野生化は段階解禁。,ベガ既存の野生枠を上書きせず、条件付きオーバーレイ／DexNav／夜間・水上・釣り・大量発生の追加抽選へ登録。
カントー,K07,7ばんどうろ,認定章3前後,Lv.78～83,436,827,クスネ,クスネ → フォクスライ,あく,通常生態,外来生態レイヤーへ追加,夜間オーバーレイ,Lv.78～83,夜間8～12%,ベガ初回殿堂入り後。認定章数でエリアと中間進化枠を段階解禁。,基礎種を通常配置。中間進化は高レベル地域のDexNav限定、最終進化は原則進化入手,トーホクは本編で使える低～中レベル基礎種、カントーは高レベル個体・中間進化・隠れ特性探索を担当。,R4,DexNav連鎖20以上または地方研究ランク2で隠れ特性判定を解禁。通常草むらでは標準特性のみ。,通常種は両地方で捕獲可能。進化後の通常野生化は段階解禁。,FR原作系統を地域の顔として残し、通常表・時間帯表・DexNav・大量発生を使って新種を混在。
トーホク,T503,503ばんどうろ／すいどう,序盤A,Lv.5～9,436,827,クスネ,クスネ → フォクスライ,あく,通常生態,外来生態レイヤーへ追加,夜間オーバーレイ,Lv.5～9,追加抽選3～6%,本編必須フラグを変更せず、外来生態フラグ・時間帯・DexNav・大量発生で制御,基礎種を通常配置。中間進化は高レベル地域のDexNav限定、最終進化は原則進化入手,トーホクは本編で使える低～中レベル基礎種、カントーは高レベル個体・中間進化・隠れ特性探索を担当。,R4,DexNav連鎖20以上または地方研究ランク2で隠れ特性判定を解禁。通常草むらでは標準特性のみ。,通常種は両地方で捕獲可能。進化後の通常野生化は段階解禁。,ベガ既存の野生枠を上書きせず、条件付きオーバーレイ／DexNav／夜間・水上・釣り・大量発生の追加抽選へ登録。
カントー,K33,タマムシ温室,認定章4前後,Lv.82～90,437,829,ヒメンカ,ヒメンカ → ワタシラガ,くさ,通常生態,外来生態レイヤーへ追加,ずつき／朝昼オーバーレイ,Lv.82～90,通常表8～15%,ベガ初回殿堂入り後。認定章数でエリアと中間進化枠を段階解禁。,基礎種を通常配置。中間進化は高レベル地域のDexNav限定、最終進化は原則進化入手,トーホクは本編で使える低～中レベル基礎種、カントーは高レベル個体・中間進化・隠れ特性探索を担当。,R2,DexNav連鎖20以上または地方研究ランク2で隠れ特性判定を解禁。通常草むらでは標準特性のみ。,通常種は両地方で捕獲可能。進化後の通常野生化は段階解禁。,FR原作系統を地域の顔として残し、通常表・時間帯表・DexNav・大量発生を使って新種を混在。
トーホク,T504,504ばんどうろ／すいどう,序盤B,Lv.9～13,437,829,ヒメンカ,ヒメンカ → ワタシラガ,くさ,通常生態,外来生態レイヤーへ追加,草むらオーバーレイ,Lv.9～13,追加抽選3～6%,本編必須フラグを変更せず、外来生態フラグ・時間帯・DexNav・大量発生で制御,基礎種を通常配置。中間進化は高レベル地域のDexNav限定、最終進化は原則進化入手,トーホクは本編で使える低～中レベル基礎種、カントーは高レベル個体・中間進化・隠れ特性探索を担当。,R2,DexNav連鎖20以上または地方研究ランク2で隠れ特性判定を解禁。通常草むらでは標準特性のみ。,通常種は両地方で捕獲可能。進化後の通常野生化は段階解禁。,ベガ既存の野生枠を上書きせず、条件付きオーバーレイ／DexNav／夜間・水上・釣り・大量発生の追加抽選へ登録。
カントー,K14,14ばんどうろ,認定章4～5,Lv.84～89,438,831,ウールー,ウールー → バイウールー,ノーマル,通常生態,外来生態レイヤーへ追加,草むらオーバーレイ,Lv.84～89,通常表8～15%,ベガ初回殿堂入り後。認定章数でエリアと中間進化枠を段階解禁。,基礎種を通常配置。中間進化は高レベル地域のDexNav限定、最終進化は原則進化入手,トーホクは本編で使える低～中レベル基礎種、カントーは高レベル個体・中間進化・隠れ特性探索を担当。,R4,DexNav連鎖20以上または地方研究ランク2で隠れ特性判定を解禁。通常草むらでは標準特性のみ。,通常種は両地方で捕獲可能。進化後の通常野生化は段階解禁。,FR原作系統を地域の顔として残し、通常表・時間帯表・DexNav・大量発生を使って新種を混在。
トーホク,T519,519ばんどうろ／すいどう,後半A,Lv.41～48,438,831,ウールー,ウールー → バイウールー,ノーマル,通常生態,外来生態レイヤーへ追加,草むらオーバーレイ,Lv.41～48,追加抽選3～6%,本編必須フラグを変更せず、外来生態フラグ・時間帯・DexNav・大量発生で制御,基礎種を通常配置。中間進化は高レベル地域のDexNav限定、最終進化は原則進化入手,トーホクは本編で使える低～中レベル基礎種、カントーは高レベル個体・中間進化・隠れ特性探索を担当。,R4,DexNav連鎖20以上または地方研究ランク2で隠れ特性判定を解禁。通常草むらでは標準特性のみ。,通常種は両地方で捕獲可能。進化後の通常野生化は段階解禁。,ベガ既存の野生枠を上書きせず、条件付きオーバーレイ／DexNav／夜間・水上・釣り・大量発生の追加抽選へ登録。
カントー,K06,6ばんどうろ,認定章2前後,Lv.75～80,439,833,カムカメ,カムカメ → カジリガメ,いわ／みず,通常生態,外来生態レイヤーへ追加,釣りオーバーレイ,Lv.75～80,通常表10～20%,ベガ初回殿堂入り後。認定章数でエリアと中間進化枠を段階解禁。,基礎種を通常配置。中間進化は高レベル地域のDexNav限定、最終進化は原則進化入手,トーホクは本編で使える低～中レベル基礎種、カントーは高レベル個体・中間進化・隠れ特性探索を担当。,R2,DexNav連鎖20以上または地方研究ランク2で隠れ特性判定を解禁。通常草むらでは標準特性のみ。,通常種は両地方で捕獲可能。進化後の通常野生化は段階解禁。,FR原作系統を地域の顔として残し、通常表・時間帯表・DexNav・大量発生を使って新種を混在。
トーホク,T508,508ばんどうろ／すいどう,中盤A,Lv.19～25,439,833,カムカメ,カムカメ → カジリガメ,いわ／みず,通常生態,外来生態レイヤーへ追加,釣りオーバーレイ,Lv.19～25,追加抽選4～8%,本編必須フラグを変更せず、外来生態フラグ・時間帯・DexNav・大量発生で制御,基礎種を通常配置。中間進化は高レベル地域のDexNav限定、最終進化は原則進化入手,トーホクは本編で使える低～中レベル基礎種、カントーは高レベル個体・中間進化・隠れ特性探索を担当。,R2,DexNav連鎖20以上または地方研究ランク2で隠れ特性判定を解禁。通常草むらでは標準特性のみ。,通常種は両地方で捕獲可能。進化後の通常野生化は段階解禁。,ベガ既存の野生枠を上書きせず、条件付きオーバーレイ／DexNav／夜間・水上・釣り・大量発生の追加抽選へ登録。
カントー,K10,10ばんどうろ,認定章2～3,Lv.78～84,440,835,ワンパチ,ワンパチ → パルスワン,でんき,通常生態,外来生態レイヤーへ追加,草むらオーバーレイ,Lv.78～84,通常表8～15%,ベガ初回殿堂入り後。認定章数でエリアと中間進化枠を段階解禁。,基礎種を通常配置。中間進化は高レベル地域のDexNav限定、最終進化は原則進化入手,トーホクは本編で使える低～中レベル基礎種、カントーは高レベル個体・中間進化・隠れ特性探索を担当。,R4,DexNav連鎖20以上または地方研究ランク2で隠れ特性判定を解禁。通常草むらでは標準特性のみ。,通常種は両地方で捕獲可能。進化後の通常野生化は段階解禁。,FR原作系統を地域の顔として残し、通常表・時間帯表・DexNav・大量発生を使って新種を混在。
トーホク,T029,かみなりのしま,中盤B,Lv.30～40／殿堂入り後Lv.55～70,440,835,ワンパチ,ワンパチ → パルスワン,でんき,通常生態,外来生態レイヤーへ追加,大量発生,Lv.30～40／殿堂入り後Lv.55～70,通常0%／発生中20～35%,本編必須フラグを変更せず、外来生態フラグ・時間帯・DexNav・大量発生で制御,基礎種を通常配置。中間進化は高レベル地域のDexNav限定、最終進化は原則進化入手,トーホクは本編で使える低～中レベル基礎種、カントーは高レベル個体・中間進化・隠れ特性探索を担当。,R4,DexNav連鎖20以上または地方研究ランク2で隠れ特性判定を解禁。通常草むらでは標準特性のみ。,通常種は両地方で捕獲可能。進化後の通常野生化は段階解禁。,ベガ既存の野生枠を上書きせず、条件付きオーバーレイ／DexNav／夜間・水上・釣り・大量発生の追加抽選へ登録。
カントー,K39,ポケモンやしき,認定章6～7,Lv.91～98,441,837,タンドン,タンドン → トロッゴン → セキタンザン,いわ／ほのお,通常生態,外来生態レイヤーへ追加,洞窟・屋内オーバーレイ,Lv.91～98,通常表8～15%,ベガ初回殿堂入り後。認定章数でエリアと中間進化枠を段階解禁。,基礎種を通常配置。中間進化は高レベル地域のDexNav限定、最終進化は原則進化入手,トーホクは本編で使える低～中レベル基礎種、カントーは高レベル個体・中間進化・隠れ特性探索を担当。,R2,DexNav連鎖20以上または地方研究ランク2で隠れ特性判定を解禁。通常草むらでは標準特性のみ。,通常種は両地方で捕獲可能。進化後の通常野生化は段階解禁。,FR原作系統を地域の顔として残し、通常表・時間帯表・DexNav・大量発生を使って新種を混在。
トーホク,T024,ちえのどうくつ,序盤A,Lv.6～9／殿堂入り後Lv.44～48,441,837,タンドン,タンドン → トロッゴン → セキタンザン,いわ／ほのお,通常生態,外来生態レイヤーへ追加,いわくだき／DexNav,Lv.6～9／殿堂入り後Lv.44～48,通常0%／DexNav 2～5%,本編必須フラグを変更せず、外来生態フラグ・時間帯・DexNav・大量発生で制御,基礎種を通常配置。中間進化は高レベル地域のDexNav限定、最終進化は原則進化入手,トーホクは本編で使える低～中レベル基礎種、カントーは高レベル個体・中間進化・隠れ特性探索を担当。,R2,DexNav連鎖20以上または地方研究ランク2で隠れ特性判定を解禁。通常草むらでは標準特性のみ。,通常種は両地方で捕獲可能。進化後の通常野生化は段階解禁。,ベガ既存の野生枠を上書きせず、条件付きオーバーレイ／DexNav／夜間・水上・釣り・大量発生の追加抽選へ登録。
カントー,K33,タマムシ温室,認定章4前後,Lv.82～90,442,840,カジッチュ,カジッチュ → アップリュー → タルップル → カミッチュ → カミツオロチ,くさ／ドラゴン,通常生態,外来生態レイヤーへ追加,ずつき／朝昼オーバーレイ,Lv.82～90,通常表8～15%,ベガ初回殿堂入り後。認定章数でエリアと中間進化枠を段階解禁。,基礎種を通常配置。中間進化は高レベル地域のDexNav限定、最終進化は原則進化入手,トーホクは本編で使える低～中レベル基礎種、カントーは高レベル個体・中間進化・隠れ特性探索を担当。,R1,DexNav連鎖20以上または地方研究ランク2で隠れ特性判定を解禁。通常草むらでは標準特性のみ。,通常種は両地方で捕獲可能。進化後の通常野生化は段階解禁。,FR原作系統を地域の顔として残し、通常表・時間帯表・DexNav・大量発生を使って新種を混在。
トーホク,T026,ハクジのもり,後半A,Lv.38～48／殿堂入り後Lv.50～65,442,840,カジッチュ,カジッチュ → アップリュー → タルップル → カミッチュ → カミツオロチ,くさ／ドラゴン,通常生態,外来生態レイヤーへ追加,ずつき／朝昼オーバーレイ,Lv.38～48／殿堂入り後Lv.50～65,追加抽選3～6%,本編必須フラグを変更せず、外来生態フラグ・時間帯・DexNav・大量発生で制御,基礎種を通常配置。中間進化は高レベル地域のDexNav限定、最終進化は原則進化入手,トーホクは本編で使える低～中レベル基礎種、カントーは高レベル個体・中間進化・隠れ特性探索を担当。,R1,DexNav連鎖20以上または地方研究ランク2で隠れ特性判定を解禁。通常草むらでは標準特性のみ。,通常種は両地方で捕獲可能。進化後の通常野生化は段階解禁。,ベガ既存の野生枠を上書きせず、条件付きオーバーレイ／DexNav／夜間・水上・釣り・大量発生の追加抽選へ登録。
カントー,K28,ディグダのあな,認定章2～3,Lv.76～83,443,843,スナヘビ,スナヘビ → サダイジャ,じめん,通常生態,外来生態レイヤーへ追加,いわくだき／DexNav,Lv.76～83,通常0%／DexNav 2～5%,ベガ初回殿堂入り後。認定章数でエリアと中間進化枠を段階解禁。,基礎種を通常配置。中間進化は高レベル地域のDexNav限定、最終進化は原則進化入手,トーホクは本編で使える低～中レベル基礎種、カントーは高レベル個体・中間進化・隠れ特性探索を担当。,R4,DexNav連鎖20以上または地方研究ランク2で隠れ特性判定を解禁。通常草むらでは標準特性のみ。,通常種は両地方で捕獲可能。進化後の通常野生化は段階解禁。,FR原作系統を地域の顔として残し、通常表・時間帯表・DexNav・大量発生を使って新種を混在。
トーホク,T505,505ばんどうろ／すいどう,序盤B,Lv.10～14,443,843,スナヘビ,スナヘビ → サダイジャ,じめん,通常生態,外来生態レイヤーへ追加,いわくだき／DexNav,Lv.10～14,通常0%／DexNav 2～5%,本編必須フラグを変更せず、外来生態フラグ・時間帯・DexNav・大量発生で制御,基礎種を通常配置。中間進化は高レベル地域のDexNav限定、最終進化は原則進化入手,トーホクは本編で使える低～中レベル基礎種、カントーは高レベル個体・中間進化・隠れ特性探索を担当。,R4,DexNav連鎖20以上または地方研究ランク2で隠れ特性判定を解禁。通常草むらでは標準特性のみ。,通常種は両地方で捕獲可能。進化後の通常野生化は段階解禁。,ベガ既存の野生枠を上書きせず、条件付きオーバーレイ／DexNav／夜間・水上・釣り・大量発生の追加抽選へ登録。
カントー,K25,25ばんどうろ,認定章1～2,Lv.75～80,444,845,ウッウ,ウッウ,ひこう／みず,通常生態,外来生態レイヤーへ追加,水上オーバーレイ,Lv.75～80,通常表10～20%,ベガ初回殿堂入り後。認定章数でエリアと中間進化枠を段階解禁。,基礎種を通常配置。中間進化は高レベル地域のDexNav限定、最終進化は原則進化入手,トーホクは本編で使える低～中レベル基礎種、カントーは高レベル個体・中間進化・隠れ特性探索を担当。,R2,DexNav連鎖20以上または地方研究ランク2で隠れ特性判定を解禁。通常草むらでは標準特性のみ。,通常種は両地方で捕獲可能。進化後の通常野生化は段階解禁。,FR原作系統を地域の顔として残し、通常表・時間帯表・DexNav・大量発生を使って新種を混在。
トーホク,T509,509ばんどうろ／すいどう,中盤A,Lv.21～27,444,845,ウッウ,ウッウ,ひこう／みず,通常生態,外来生態レイヤーへ追加,水上オーバーレイ,Lv.21～27,追加抽選4～8%,本編必須フラグを変更せず、外来生態フラグ・時間帯・DexNav・大量発生で制御,基礎種を通常配置。中間進化は高レベル地域のDexNav限定、最終進化は原則進化入手,トーホクは本編で使える低～中レベル基礎種、カントーは高レベル個体・中間進化・隠れ特性探索を担当。,R2,DexNav連鎖20以上または地方研究ランク2で隠れ特性判定を解禁。通常草むらでは標準特性のみ。,通常種は両地方で捕獲可能。進化後の通常野生化は段階解禁。,ベガ既存の野生枠を上書きせず、条件付きオーバーレイ／DexNav／夜間・水上・釣り・大量発生の追加抽選へ登録。
カントー,K19,19ばんどうろ,認定章5後,Lv.87～92,445,846,サシカマス,サシカマス → カマスジョー,みず,通常生態,外来生態レイヤーへ追加,釣りオーバーレイ,Lv.87～92,通常表10～20%,ベガ初回殿堂入り後。認定章数でエリアと中間進化枠を段階解禁。,基礎種を通常配置。中間進化は高レベル地域のDexNav限定、最終進化は原則進化入手,トーホクは本編で使える低～中レベル基礎種、カントーは高レベル個体・中間進化・隠れ特性探索を担当。,R3,DexNav連鎖20以上または地方研究ランク2で隠れ特性判定を解禁。通常草むらでは標準特性のみ。,通常種は両地方で捕獲可能。進化後の通常野生化は段階解禁。,FR原作系統を地域の顔として残し、通常表・時間帯表・DexNav・大量発生を使って新種を混在。
トーホク,T507,507ばんどうろ／すいどう,中盤A,Lv.17～23,445,846,サシカマス,サシカマス → カマスジョー,みず,通常生態,外来生態レイヤーへ追加,釣りオーバーレイ,Lv.17～23,追加抽選4～8%,本編必須フラグを変更せず、外来生態フラグ・時間帯・DexNav・大量発生で制御,基礎種を通常配置。中間進化は高レベル地域のDexNav限定、最終進化は原則進化入手,トーホクは本編で使える低～中レベル基礎種、カントーは高レベル個体・中間進化・隠れ特性探索を担当。,R3,DexNav連鎖20以上または地方研究ランク2で隠れ特性判定を解禁。通常草むらでは標準特性のみ。,通常種は両地方で捕獲可能。進化後の通常野生化は段階解禁。,ベガ既存の野生枠を上書きせず、条件付きオーバーレイ／DexNav／夜間・水上・釣り・大量発生の追加抽選へ登録。
カントー,K40,むじんはつでんしょ,認定章2～6,Lv.82～94,446,848,エレズン,エレズン → ストリンダー,どく／でんき,ベビィ含有,外来生態レイヤーへ追加,DexNav隠し枠／低確率タマゴ,Lv.82～94,通常0%／DexNav 2～5%,ベガ初回殿堂入り後。認定章数でエリアと中間進化枠を段階解禁。,ベビィはタマゴ／DexNav。通常草むらは非ベビィ基礎種,トーホクは本編で使える低～中レベル基礎種、カントーは高レベル個体・中間進化・隠れ特性探索を担当。,R1,DexNav連鎖20以上または地方研究ランク2で隠れ特性判定を解禁。通常草むらでは標準特性のみ。,通常種は両地方で捕獲可能。進化後の通常野生化は段階解禁。,FR原作系統を地域の顔として残し、通常表・時間帯表・DexNav・大量発生を使って新種を混在。
トーホク,T029,かみなりのしま,中盤B,Lv.30～40／殿堂入り後Lv.55～70,446,848,エレズン,エレズン → ストリンダー,どく／でんき,ベビィ含有,外来生態レイヤーへ追加,DexNav隠し枠／低確率タマゴ,Lv.30～40／殿堂入り後Lv.55～70,通常0%／DexNav 2～5%,本編必須フラグを変更せず、外来生態フラグ・時間帯・DexNav・大量発生で制御,ベビィはタマゴ／DexNav。通常草むらは非ベビィ基礎種,トーホクは本編で使える低～中レベル基礎種、カントーは高レベル個体・中間進化・隠れ特性探索を担当。,R1,DexNav連鎖20以上または地方研究ランク2で隠れ特性判定を解禁。通常草むらでは標準特性のみ。,通常種は両地方で捕獲可能。進化後の通常野生化は段階解禁。,ベガ既存の野生枠を上書きせず、条件付きオーバーレイ／DexNav／夜間・水上・釣り・大量発生の追加抽選へ登録。
カントー,K39,ポケモンやしき,認定章6～7,Lv.91～98,447,850,ヤクデ,ヤクデ → マルヤクデ,むし／ほのお,通常生態,外来生態レイヤーへ追加,洞窟・屋内オーバーレイ,Lv.91～98,通常表8～15%,ベガ初回殿堂入り後。認定章数でエリアと中間進化枠を段階解禁。,基礎種を通常配置。中間進化は高レベル地域のDexNav限定、最終進化は原則進化入手,トーホクは本編で使える低～中レベル基礎種、カントーは高レベル個体・中間進化・隠れ特性探索を担当。,R3,DexNav連鎖20以上または地方研究ランク2で隠れ特性判定を解禁。通常草むらでは標準特性のみ。,通常種は両地方で捕獲可能。進化後の通常野生化は段階解禁。,FR原作系統を地域の顔として残し、通常表・時間帯表・DexNav・大量発生を使って新種を混在。
トーホク,T028,ひのしま,中盤B,Lv.30～40／殿堂入り後Lv.55～70,447,850,ヤクデ,ヤクデ → マルヤクデ,むし／ほのお,通常生態,外来生態レイヤーへ追加,洞窟・屋内オーバーレイ,Lv.30～40／殿堂入り後Lv.55～70,追加抽選3～6%,本編必須フラグを変更せず、外来生態フラグ・時間帯・DexNav・大量発生で制御,基礎種を通常配置。中間進化は高レベル地域のDexNav限定、最終進化は原則進化入手,トーホクは本編で使える低～中レベル基礎種、カントーは高レベル個体・中間進化・隠れ特性探索を担当。,R3,DexNav連鎖20以上または地方研究ランク2で隠れ特性判定を解禁。通常草むらでは標準特性のみ。,通常種は両地方で捕獲可能。進化後の通常野生化は段階解禁。,ベガ既存の野生枠を上書きせず、条件付きオーバーレイ／DexNav／夜間・水上・釣り・大量発生の追加抽選へ登録。
カントー,K22,22ばんどうろ,認定章7前後,Lv.90～95,448,852,タタッコ,タタッコ → オトスパス,かくとう,通常生態,外来生態レイヤーへ追加,草むらオーバーレイ,Lv.90～95,通常表8～15%,ベガ初回殿堂入り後。認定章数でエリアと中間進化枠を段階解禁。,基礎種を通常配置。中間進化は高レベル地域のDexNav限定、最終進化は原則進化入手,トーホクは本編で使える低～中レベル基礎種、カントーは高レベル個体・中間進化・隠れ特性探索を担当。,R1,DexNav連鎖20以上または地方研究ランク2で隠れ特性判定を解禁。通常草むらでは標準特性のみ。,通常種は両地方で捕獲可能。進化後の通常野生化は段階解禁。,FR原作系統を地域の顔として残し、通常表・時間帯表・DexNav・大量発生を使って新種を混在。
トーホク,T522,522ばんどうろ／すいどう,後半B,Lv.47～54,448,852,タタッコ,タタッコ → オトスパス,かくとう,通常生態,外来生態レイヤーへ追加,草むらオーバーレイ,Lv.47～54,追加抽選3～6%,本編必須フラグを変更せず、外来生態フラグ・時間帯・DexNav・大量発生で制御,基礎種を通常配置。中間進化は高レベル地域のDexNav限定、最終進化は原則進化入手,トーホクは本編で使える低～中レベル基礎種、カントーは高レベル個体・中間進化・隠れ特性探索を担当。,R1,DexNav連鎖20以上または地方研究ランク2で隠れ特性判定を解禁。通常草むらでは標準特性のみ。,通常種は両地方で捕獲可能。進化後の通常野生化は段階解禁。,ベガ既存の野生枠を上書きせず、条件付きオーバーレイ／DexNav／夜間・水上・釣り・大量発生の追加抽選へ登録。
カントー,K31,ポケモンタワー,認定章3～4,Lv.82～90,449,854,ヤバチャ,ヤバチャ → ポットデス,ゴースト,人工・無機物,外来生態レイヤーへ追加,夜間オーバーレイ,Lv.82～90,夜間8～12%,ベガ初回殿堂入り後。認定章数でエリアと中間進化枠を段階解禁。,基礎種を通常配置。中間進化は高レベル地域のDexNav限定、最終進化は原則進化入手,トーホクは本編で使える低～中レベル基礎種、カントーは高レベル個体・中間進化・隠れ特性探索を担当。,R3,DexNav連鎖20以上または地方研究ランク2で隠れ特性判定を解禁。通常草むらでは標準特性のみ。,通常種は両地方で捕獲可能。進化後の通常野生化は段階解禁。,FR原作系統を地域の顔として残し、通常表・時間帯表・DexNav・大量発生を使って新種を混在。
トーホク,T025,こころのやかた,序盤B,Lv.8～13／殿堂入り後Lv.45～48,449,854,ヤバチャ,ヤバチャ → ポットデス,ゴースト,人工・無機物,外来生態レイヤーへ追加,夜間オーバーレイ,Lv.8～13／殿堂入り後Lv.45～48,追加抽選3～6%,本編必須フラグを変更せず、外来生態フラグ・時間帯・DexNav・大量発生で制御,基礎種を通常配置。中間進化は高レベル地域のDexNav限定、最終進化は原則進化入手,トーホクは本編で使える低～中レベル基礎種、カントーは高レベル個体・中間進化・隠れ特性探索を担当。,R3,DexNav連鎖20以上または地方研究ランク2で隠れ特性判定を解禁。通常草むらでは標準特性のみ。,通常種は両地方で捕獲可能。進化後の通常野生化は段階解禁。,ベガ既存の野生枠を上書きせず、条件付きオーバーレイ／DexNav／夜間・水上・釣り・大量発生の追加抽選へ登録。
カントー,K41,シルフカンパニー,認定章5～6,Lv.90～97（異常遭遇）,450,856,ミブリム,ミブリム → テブリム → ブリムオン,エスパー／フェアリー,通常生態,外来生態レイヤーへ追加,洞窟・屋内オーバーレイ,Lv.90～97（異常遭遇）,通常表8～15%,ベガ初回殿堂入り後。認定章数でエリアと中間進化枠を段階解禁。,基礎種を通常配置。中間進化は高レベル地域のDexNav限定、最終進化は原則進化入手,トーホクは本編で使える低～中レベル基礎種、カントーは高レベル個体・中間進化・隠れ特性探索を担当。,R1,DexNav連鎖20以上または地方研究ランク2で隠れ特性判定を解禁。通常草むらでは標準特性のみ。,通常種は両地方で捕獲可能。進化後の通常野生化は段階解禁。,FR原作系統を地域の顔として残し、通常表・時間帯表・DexNav・大量発生を使って新種を混在。
トーホク,T025,こころのやかた,序盤B,Lv.8～13／殿堂入り後Lv.45～48,450,856,ミブリム,ミブリム → テブリム → ブリムオン,エスパー／フェアリー,通常生態,外来生態レイヤーへ追加,洞窟・屋内オーバーレイ,Lv.8～13／殿堂入り後Lv.45～48,追加抽選3～6%,本編必須フラグを変更せず、外来生態フラグ・時間帯・DexNav・大量発生で制御,基礎種を通常配置。中間進化は高レベル地域のDexNav限定、最終進化は原則進化入手,トーホクは本編で使える低～中レベル基礎種、カントーは高レベル個体・中間進化・隠れ特性探索を担当。,R1,DexNav連鎖20以上または地方研究ランク2で隠れ特性判定を解禁。通常草むらでは標準特性のみ。,通常種は両地方で捕獲可能。進化後の通常野生化は段階解禁。,ベガ既存の野生枠を上書きせず、条件付きオーバーレイ／DexNav／夜間・水上・釣り・大量発生の追加抽選へ登録。
カントー,K32,ロケットだんアジト跡,認定章3～4,Lv.83～91,451,859,ベロバー,ベロバー → ギモー → オーロンゲ,あく／フェアリー,人工・無機物,外来生態レイヤーへ追加,夜間オーバーレイ,Lv.83～91,夜間8～12%,ベガ初回殿堂入り後。認定章数でエリアと中間進化枠を段階解禁。,基礎種を通常配置。中間進化は高レベル地域のDexNav限定、最終進化は原則進化入手,トーホクは本編で使える低～中レベル基礎種、カントーは高レベル個体・中間進化・隠れ特性探索を担当。,R4,DexNav連鎖20以上または地方研究ランク2で隠れ特性判定を解禁。通常草むらでは標準特性のみ。,通常種は両地方で捕獲可能。進化後の通常野生化は段階解禁。,FR原作系統を地域の顔として残し、通常表・時間帯表・DexNav・大量発生を使って新種を混在。
トーホク,T035,D・Hだんアジト,後半A,Lv.44～57／殿堂入り後Lv.65～80,451,859,ベロバー,ベロバー → ギモー → オーロンゲ,あく／フェアリー,人工・無機物,外来生態レイヤーへ追加,夜間オーバーレイ,Lv.44～57／殿堂入り後Lv.65～80,追加抽選3～6%,本編必須フラグを変更せず、外来生態フラグ・時間帯・DexNav・大量発生で制御,基礎種を通常配置。中間進化は高レベル地域のDexNav限定、最終進化は原則進化入手,トーホクは本編で使える低～中レベル基礎種、カントーは高レベル個体・中間進化・隠れ特性探索を担当。,R4,DexNav連鎖20以上または地方研究ランク2で隠れ特性判定を解禁。通常草むらでは標準特性のみ。,通常種は両地方で捕獲可能。進化後の通常野生化は段階解禁。,ベガ既存の野生枠を上書きせず、条件付きオーバーレイ／DexNav／夜間・水上・釣り・大量発生の追加抽選へ登録。
カントー,K33,タマムシ温室,認定章4前後,Lv.82～90,452,868,マホミル,マホミル → マホイップ,フェアリー,通常生態,外来生態レイヤーへ追加,草むらオーバーレイ,Lv.82～90,通常表8～15%,ベガ初回殿堂入り後。認定章数でエリアと中間進化枠を段階解禁。,基礎種を通常配置。中間進化は高レベル地域のDexNav限定、最終進化は原則進化入手,トーホクは本編で使える低～中レベル基礎種、カントーは高レベル個体・中間進化・隠れ特性探索を担当。,R1,DexNav連鎖20以上または地方研究ランク2で隠れ特性判定を解禁。通常草むらでは標準特性のみ。,通常種は両地方で捕獲可能。進化後の通常野生化は段階解禁。,FR原作系統を地域の顔として残し、通常表・時間帯表・DexNav・大量発生を使って新種を混在。
トーホク,T519,519ばんどうろ／すいどう,後半A,Lv.41～48,452,868,マホミル,マホミル → マホイップ,フェアリー,通常生態,外来生態レイヤーへ追加,草むらオーバーレイ,Lv.41～48,追加抽選3～6%,本編必須フラグを変更せず、外来生態フラグ・時間帯・DexNav・大量発生で制御,基礎種を通常配置。中間進化は高レベル地域のDexNav限定、最終進化は原則進化入手,トーホクは本編で使える低～中レベル基礎種、カントーは高レベル個体・中間進化・隠れ特性探索を担当。,R1,DexNav連鎖20以上または地方研究ランク2で隠れ特性判定を解禁。通常草むらでは標準特性のみ。,通常種は両地方で捕獲可能。進化後の通常野生化は段階解禁。,ベガ既存の野生枠を上書きせず、条件付きオーバーレイ／DexNav／夜間・水上・釣り・大量発生の追加抽選へ登録。
カントー,K42,チャンピオンロード,認定章8後,Lv.94～100,453,870,タイレーツ,タイレーツ,かくとう,人工・無機物,外来生態レイヤーへ追加,屋内異常遭遇／DexNav,Lv.94～100,通常0%／DexNav 2～5%,ベガ初回殿堂入り後。認定章数でエリアと中間進化枠を段階解禁。,基礎種を通常配置。中間進化は高レベル地域のDexNav限定、最終進化は原則進化入手,トーホクは本編で使える低～中レベル基礎種、カントーは高レベル個体・中間進化・隠れ特性探索を担当。,R3,DexNav連鎖20以上または地方研究ランク2で隠れ特性判定を解禁。通常草むらでは標準特性のみ。,通常種は両地方で捕獲可能。進化後の通常野生化は段階解禁。,FR原作系統を地域の顔として残し、通常表・時間帯表・DexNav・大量発生を使って新種を混在。
トーホク,T042,チャンピオンロード,リーグ前,Lv.58～66／殿堂入り後Lv.70～88,453,870,タイレーツ,タイレーツ,かくとう,人工・無機物,外来生態レイヤーへ追加,屋内異常遭遇／DexNav,Lv.58～66／殿堂入り後Lv.70～88,通常0%／DexNav 2～5%,本編必須フラグを変更せず、外来生態フラグ・時間帯・DexNav・大量発生で制御,基礎種を通常配置。中間進化は高レベル地域のDexNav限定、最終進化は原則進化入手,トーホクは本編で使える低～中レベル基礎種、カントーは高レベル個体・中間進化・隠れ特性探索を担当。,R3,DexNav連鎖20以上または地方研究ランク2で隠れ特性判定を解禁。通常草むらでは標準特性のみ。,通常種は両地方で捕獲可能。進化後の通常野生化は段階解禁。,ベガ既存の野生枠を上書きせず、条件付きオーバーレイ／DexNav／夜間・水上・釣り・大量発生の追加抽選へ登録。
カントー,K20,20ばんどうろ,認定章5後,Lv.88～93,454,871,バチンウニ,バチンウニ,でんき,通常生態,外来生態レイヤーへ追加,草むらオーバーレイ,Lv.88～93,通常表8～15%,ベガ初回殿堂入り後。認定章数でエリアと中間進化枠を段階解禁。,基礎種を通常配置。中間進化は高レベル地域のDexNav限定、最終進化は原則進化入手,トーホクは本編で使える低～中レベル基礎種、カントーは高レベル個体・中間進化・隠れ特性探索を担当。,R4,DexNav連鎖20以上または地方研究ランク2で隠れ特性判定を解禁。通常草むらでは標準特性のみ。,通常種は両地方で捕獲可能。進化後の通常野生化は段階解禁。,FR原作系統を地域の顔として残し、通常表・時間帯表・DexNav・大量発生を使って新種を混在。
トーホク,T512,512ばんどうろ／すいどう,中盤B,Lv.27～33,454,871,バチンウニ,バチンウニ,でんき,通常生態,外来生態レイヤーへ追加,草むらオーバーレイ,Lv.27～33,追加抽選3～6%,本編必須フラグを変更せず、外来生態フラグ・時間帯・DexNav・大量発生で制御,基礎種を通常配置。中間進化は高レベル地域のDexNav限定、最終進化は原則進化入手,トーホクは本編で使える低～中レベル基礎種、カントーは高レベル個体・中間進化・隠れ特性探索を担当。,R4,DexNav連鎖20以上または地方研究ランク2で隠れ特性判定を解禁。通常草むらでは標準特性のみ。,通常種は両地方で捕獲可能。進化後の通常野生化は段階解禁。,ベガ既存の野生枠を上書きせず、条件付きオーバーレイ／DexNav／夜間・水上・釣り・大量発生の追加抽選へ登録。
カントー,K38,ふたごじま,認定章5～6,Lv.88～96,455,872,ユキハミ,ユキハミ → モスノウ,むし／こおり,通常生態,外来生態レイヤーへ追加,洞窟・屋内オーバーレイ,Lv.88～96,通常表8～15%,ベガ初回殿堂入り後。認定章数でエリアと中間進化枠を段階解禁。,基礎種を通常配置。中間進化は高レベル地域のDexNav限定、最終進化は原則進化入手,トーホクは本編で使える低～中レベル基礎種、カントーは高レベル個体・中間進化・隠れ特性探索を担当。,R1,DexNav連鎖20以上または地方研究ランク2で隠れ特性判定を解禁。通常草むらでは標準特性のみ。,通常種は両地方で捕獲可能。進化後の通常野生化は段階解禁。,FR原作系統を地域の顔として残し、通常表・時間帯表・DexNav・大量発生を使って新種を混在。
トーホク,T030,こおりのしま,中盤B,Lv.30～40／殿堂入り後Lv.55～70,455,872,ユキハミ,ユキハミ → モスノウ,むし／こおり,通常生態,外来生態レイヤーへ追加,洞窟・屋内オーバーレイ,Lv.30～40／殿堂入り後Lv.55～70,追加抽選3～6%,本編必須フラグを変更せず、外来生態フラグ・時間帯・DexNav・大量発生で制御,基礎種を通常配置。中間進化は高レベル地域のDexNav限定、最終進化は原則進化入手,トーホクは本編で使える低～中レベル基礎種、カントーは高レベル個体・中間進化・隠れ特性探索を担当。,R1,DexNav連鎖20以上または地方研究ランク2で隠れ特性判定を解禁。通常草むらでは標準特性のみ。,通常種は両地方で捕獲可能。進化後の通常野生化は段階解禁。,ベガ既存の野生枠を上書きせず、条件付きオーバーレイ／DexNav／夜間・水上・釣り・大量発生の追加抽選へ登録。
カントー,K37,サファリゾーン西,認定章5前後,Lv.85～94,456,874,イシヘンジン,イシヘンジン,いわ,人工・無機物,外来生態レイヤーへ追加,いわくだき／DexNav,Lv.85～94,通常0%／DexNav 2～5%,ベガ初回殿堂入り後。認定章数でエリアと中間進化枠を段階解禁。,基礎種を通常配置。中間進化は高レベル地域のDexNav限定、最終進化は原則進化入手,トーホクは本編で使える低～中レベル基礎種、カントーは高レベル個体・中間進化・隠れ特性探索を担当。,R3,DexNav連鎖20以上または地方研究ランク2で隠れ特性判定を解禁。通常草むらでは標準特性のみ。,通常種は両地方で捕獲可能。進化後の通常野生化は段階解禁。,FR原作系統を地域の顔として残し、通常表・時間帯表・DexNav・大量発生を使って新種を混在。
トーホク,T521,521ばんどうろ／すいどう,後半B,Lv.45～52,456,874,イシヘンジン,イシヘンジン,いわ,人工・無機物,外来生態レイヤーへ追加,いわくだき／DexNav,Lv.45～52,通常0%／DexNav 2～5%,本編必須フラグを変更せず、外来生態フラグ・時間帯・DexNav・大量発生で制御,基礎種を通常配置。中間進化は高レベル地域のDexNav限定、最終進化は原則進化入手,トーホクは本編で使える低～中レベル基礎種、カントーは高レベル個体・中間進化・隠れ特性探索を担当。,R3,DexNav連鎖20以上または地方研究ランク2で隠れ特性判定を解禁。通常草むらでは標準特性のみ。,通常種は両地方で捕獲可能。進化後の通常野生化は段階解禁。,ベガ既存の野生枠を上書きせず、条件付きオーバーレイ／DexNav／夜間・水上・釣り・大量発生の追加抽選へ登録。
カントー,K38,ふたごじま,認定章5～6,Lv.88～96,457,875,コオリッポ,コオリッポ,こおり,通常生態,外来生態レイヤーへ追加,洞窟・屋内オーバーレイ,Lv.88～96,通常表8～15%,ベガ初回殿堂入り後。認定章数でエリアと中間進化枠を段階解禁。,基礎種を通常配置。中間進化は高レベル地域のDexNav限定、最終進化は原則進化入手,トーホクは本編で使える低～中レベル基礎種、カントーは高レベル個体・中間進化・隠れ特性探索を担当。,R4,DexNav連鎖20以上または地方研究ランク2で隠れ特性判定を解禁。通常草むらでは標準特性のみ。,通常種は両地方で捕獲可能。進化後の通常野生化は段階解禁。,FR原作系統を地域の顔として残し、通常表・時間帯表・DexNav・大量発生を使って新種を混在。
トーホク,T030,こおりのしま,中盤B,Lv.30～40／殿堂入り後Lv.55～70,457,875,コオリッポ,コオリッポ,こおり,通常生態,外来生態レイヤーへ追加,洞窟・屋内オーバーレイ,Lv.30～40／殿堂入り後Lv.55～70,追加抽選3～6%,本編必須フラグを変更せず、外来生態フラグ・時間帯・DexNav・大量発生で制御,基礎種を通常配置。中間進化は高レベル地域のDexNav限定、最終進化は原則進化入手,トーホクは本編で使える低～中レベル基礎種、カントーは高レベル個体・中間進化・隠れ特性探索を担当。,R4,DexNav連鎖20以上または地方研究ランク2で隠れ特性判定を解禁。通常草むらでは標準特性のみ。,通常種は両地方で捕獲可能。進化後の通常野生化は段階解禁。,ベガ既存の野生枠を上書きせず、条件付きオーバーレイ／DexNav／夜間・水上・釣り・大量発生の追加抽選へ登録。
カントー,K41,シルフカンパニー,認定章5～6,Lv.90～97（異常遭遇）,458,876,イエッサン,イエッサン,ノーマル／エスパー,通常生態,外来生態レイヤーへ追加,洞窟・屋内オーバーレイ,Lv.90～97（異常遭遇）,通常表8～15%,ベガ初回殿堂入り後。認定章数でエリアと中間進化枠を段階解禁。,基礎種を通常配置。中間進化は高レベル地域のDexNav限定、最終進化は原則進化入手,トーホクは本編で使える低～中レベル基礎種、カントーは高レベル個体・中間進化・隠れ特性探索を担当。,R1,DexNav連鎖20以上または地方研究ランク2で隠れ特性判定を解禁。通常草むらでは標準特性のみ。,通常種は両地方で捕獲可能。進化後の通常野生化は段階解禁。,FR原作系統を地域の顔として残し、通常表・時間帯表・DexNav・大量発生を使って新種を混在。
トーホク,T519,519ばんどうろ／すいどう,後半A,Lv.41～48,458,876,イエッサン,イエッサン,ノーマル／エスパー,通常生態,外来生態レイヤーへ追加,草むらオーバーレイ,Lv.41～48,追加抽選3～6%,本編必須フラグを変更せず、外来生態フラグ・時間帯・DexNav・大量発生で制御,基礎種を通常配置。中間進化は高レベル地域のDexNav限定、最終進化は原則進化入手,トーホクは本編で使える低～中レベル基礎種、カントーは高レベル個体・中間進化・隠れ特性探索を担当。,R1,DexNav連鎖20以上または地方研究ランク2で隠れ特性判定を解禁。通常草むらでは標準特性のみ。,通常種は両地方で捕獲可能。進化後の通常野生化は段階解禁。,ベガ既存の野生枠を上書きせず、条件付きオーバーレイ／DexNav／夜間・水上・釣り・大量発生の追加抽選へ登録。
カントー,K07,7ばんどうろ,認定章3前後,Lv.78～83,459,877,モルペコ,モルペコ,でんき／あく,人工・無機物,外来生態レイヤーへ追加,夜間オーバーレイ,Lv.78～83,夜間8～12%,ベガ初回殿堂入り後。認定章数でエリアと中間進化枠を段階解禁。,基礎種を通常配置。中間進化は高レベル地域のDexNav限定、最終進化は原則進化入手,トーホクは本編で使える低～中レベル基礎種、カントーは高レベル個体・中間進化・隠れ特性探索を担当。,R2,DexNav連鎖20以上または地方研究ランク2で隠れ特性判定を解禁。通常草むらでは標準特性のみ。,通常種は両地方で捕獲可能。進化後の通常野生化は段階解禁。,FR原作系統を地域の顔として残し、通常表・時間帯表・DexNav・大量発生を使って新種を混在。
トーホク,T515,515ばんどうろ／すいどう,中盤C,Lv.33～40,459,877,モルペコ,モルペコ,でんき／あく,人工・無機物,外来生態レイヤーへ追加,夜間オーバーレイ,Lv.33～40,追加抽選3～6%,本編必須フラグを変更せず、外来生態フラグ・時間帯・DexNav・大量発生で制御,基礎種を通常配置。中間進化は高レベル地域のDexNav限定、最終進化は原則進化入手,トーホクは本編で使える低～中レベル基礎種、カントーは高レベル個体・中間進化・隠れ特性探索を担当。,R2,DexNav連鎖20以上または地方研究ランク2で隠れ特性判定を解禁。通常草むらでは標準特性のみ。,通常種は両地方で捕獲可能。進化後の通常野生化は段階解禁。,ベガ既存の野生枠を上書きせず、条件付きオーバーレイ／DexNav／夜間・水上・釣り・大量発生の追加抽選へ登録。
カントー,K37,サファリゾーン西,認定章5前後,Lv.85～94,460,878,ゾウドウ,ゾウドウ → ダイオウドウ,はがね,通常生態,外来生態レイヤーへ追加,いわくだき／DexNav,Lv.85～94,通常0%／DexNav 2～5%,ベガ初回殿堂入り後。認定章数でエリアと中間進化枠を段階解禁。,基礎種を通常配置。中間進化は高レベル地域のDexNav限定、最終進化は原則進化入手,トーホクは本編で使える低～中レベル基礎種、カントーは高レベル個体・中間進化・隠れ特性探索を担当。,R3,DexNav連鎖20以上または地方研究ランク2で隠れ特性判定を解禁。通常草むらでは標準特性のみ。,通常種は両地方で捕獲可能。進化後の通常野生化は段階解禁。,FR原作系統を地域の顔として残し、通常表・時間帯表・DexNav・大量発生を使って新種を混在。
トーホク,T037,サファリゾーン西,後半B,Lv.38～48／殿堂入り後Lv.55～70,460,878,ゾウドウ,ゾウドウ → ダイオウドウ,はがね,通常生態,外来生態レイヤーへ追加,いわくだき／DexNav,Lv.38～48／殿堂入り後Lv.55～70,通常0%／DexNav 2～5%,本編必須フラグを変更せず、外来生態フラグ・時間帯・DexNav・大量発生で制御,基礎種を通常配置。中間進化は高レベル地域のDexNav限定、最終進化は原則進化入手,トーホクは本編で使える低～中レベル基礎種、カントーは高レベル個体・中間進化・隠れ特性探索を担当。,R3,DexNav連鎖20以上または地方研究ランク2で隠れ特性判定を解禁。通常草むらでは標準特性のみ。,通常種は両地方で捕獲可能。進化後の通常野生化は段階解禁。,ベガ既存の野生枠を上書きせず、条件付きオーバーレイ／DexNav／夜間・水上・釣り・大量発生の追加抽選へ登録。
カントー,K45,グレン研究所,認定章6～7,復元個体Lv.30／実験戦Lv.92,461,880,パッチラゴン,パッチラゴン,でんき／ドラゴン,化石,化石復元追加,博物館鑑定後に復元,Lv.30,月石片／火山灰を消費して反復可,ベガ初回殿堂入り後。認定章数でエリアと中間進化枠を段階解禁。,基礎種を復元,トーホクは早期の復元、カントーは高個体値・隠れ特性の再復元を担当。,R1,DexNav連鎖20以上または地方研究ランク2で隠れ特性判定を解禁。通常草むらでは標準特性のみ。,通常種は両地方で捕獲可能。進化後の通常野生化は段階解禁。,FR原作系統を地域の顔として残し、通常表・時間帯表・DexNav・大量発生を使って新種を混在。
トーホク,T_FOSSIL,ヒスイシティ考古学室,個別条件,Lv.20,461,880,パッチラゴン,パッチラゴン,でんき／ドラゴン,化石,化石復元追加,発掘片2個を納品して復元,Lv.20,反復採掘可,化石はちえのどうくつ／いわくだき／採掘依頼で反復入手。ガラル化石は2部品合成。,基礎種を復元,トーホクは早期の復元、カントーは高個体値・隠れ特性の再復元を担当。,R1,DexNav連鎖20以上または地方研究ランク2で隠れ特性判定を解禁。通常草むらでは標準特性のみ。,通常種は両地方で捕獲可能。進化後の通常野生化は段階解禁。,ベガ既存の野生枠を上書きせず、条件付きオーバーレイ／DexNav／夜間・水上・釣り・大量発生の追加抽選へ登録。
カントー,K44,ニビ博物館・化石研究室,認定章1～6,復元個体Lv.20／再調整Lv.70,462,881,パッチルドン,パッチルドン,でんき／こおり,化石,化石復元追加,博物館鑑定後に復元,Lv.30,月石片／火山灰を消費して反復可,ベガ初回殿堂入り後。認定章数でエリアと中間進化枠を段階解禁。,基礎種を復元,トーホクは早期の復元、カントーは高個体値・隠れ特性の再復元を担当。,R2,DexNav連鎖20以上または地方研究ランク2で隠れ特性判定を解禁。通常草むらでは標準特性のみ。,通常種は両地方で捕獲可能。進化後の通常野生化は段階解禁。,FR原作系統を地域の顔として残し、通常表・時間帯表・DexNav・大量発生を使って新種を混在。
トーホク,T_FOSSIL,ヒスイシティ考古学室,個別条件,Lv.20,462,881,パッチルドン,パッチルドン,でんき／こおり,化石,化石復元追加,発掘片2個を納品して復元,Lv.20,反復採掘可,化石はちえのどうくつ／いわくだき／採掘依頼で反復入手。ガラル化石は2部品合成。,基礎種を復元,トーホクは早期の復元、カントーは高個体値・隠れ特性の再復元を担当。,R2,DexNav連鎖20以上または地方研究ランク2で隠れ特性判定を解禁。通常草むらでは標準特性のみ。,通常種は両地方で捕獲可能。進化後の通常野生化は段階解禁。,ベガ既存の野生枠を上書きせず、条件付きオーバーレイ／DexNav／夜間・水上・釣り・大量発生の追加抽選へ登録。
カントー,K44,ニビ博物館・化石研究室,認定章1～6,復元個体Lv.20／再調整Lv.70,463,882,ウオノラゴン,ウオノラゴン,みず／ドラゴン,化石,化石復元追加,博物館鑑定後に復元,Lv.30,月石片／火山灰を消費して反復可,ベガ初回殿堂入り後。認定章数でエリアと中間進化枠を段階解禁。,基礎種を復元,トーホクは早期の復元、カントーは高個体値・隠れ特性の再復元を担当。,R3,DexNav連鎖20以上または地方研究ランク2で隠れ特性判定を解禁。通常草むらでは標準特性のみ。,通常種は両地方で捕獲可能。進化後の通常野生化は段階解禁。,FR原作系統を地域の顔として残し、通常表・時間帯表・DexNav・大量発生を使って新種を混在。
トーホク,T_FOSSIL,ヒスイシティ考古学室,個別条件,Lv.20,463,882,ウオノラゴン,ウオノラゴン,みず／ドラゴン,化石,化石復元追加,発掘片2個を納品して復元,Lv.20,反復採掘可,化石はちえのどうくつ／いわくだき／採掘依頼で反復入手。ガラル化石は2部品合成。,基礎種を復元,トーホクは早期の復元、カントーは高個体値・隠れ特性の再復元を担当。,R3,DexNav連鎖20以上または地方研究ランク2で隠れ特性判定を解禁。通常草むらでは標準特性のみ。,通常種は両地方で捕獲可能。進化後の通常野生化は段階解禁。,ベガ既存の野生枠を上書きせず、条件付きオーバーレイ／DexNav／夜間・水上・釣り・大量発生の追加抽選へ登録。
カントー,K44,ニビ博物館・化石研究室,認定章1～6,復元個体Lv.20／再調整Lv.70,464,883,ウオチルドン,ウオチルドン,みず／こおり,化石,化石復元追加,博物館鑑定後に復元,Lv.30,月石片／火山灰を消費して反復可,ベガ初回殿堂入り後。認定章数でエリアと中間進化枠を段階解禁。,基礎種を復元,トーホクは早期の復元、カントーは高個体値・隠れ特性の再復元を担当。,R4,DexNav連鎖20以上または地方研究ランク2で隠れ特性判定を解禁。通常草むらでは標準特性のみ。,通常種は両地方で捕獲可能。進化後の通常野生化は段階解禁。,FR原作系統を地域の顔として残し、通常表・時間帯表・DexNav・大量発生を使って新種を混在。
トーホク,T_FOSSIL,ヒスイシティ考古学室,個別条件,Lv.20,464,883,ウオチルドン,ウオチルドン,みず／こおり,化石,化石復元追加,発掘片2個を納品して復元,Lv.20,反復採掘可,化石はちえのどうくつ／いわくだき／採掘依頼で反復入手。ガラル化石は2部品合成。,基礎種を復元,トーホクは早期の復元、カントーは高個体値・隠れ特性の再復元を担当。,R4,DexNav連鎖20以上または地方研究ランク2で隠れ特性判定を解禁。通常草むらでは標準特性のみ。,通常種は両地方で捕獲可能。進化後の通常野生化は段階解禁。,ベガ既存の野生枠を上書きせず、条件付きオーバーレイ／DexNav／夜間・水上・釣り・大量発生の追加抽選へ登録。
カントー,K41,シルフカンパニー,認定章5～6,Lv.90～97（異常遭遇）,465,884,ジュラルドン,ジュラルドン → ブリジュラス,はがね／ドラゴン,人工・無機物,外来生態レイヤーへ追加,屋内異常遭遇／DexNav,Lv.90～97（異常遭遇）,通常0%／DexNav 2～5%,ベガ初回殿堂入り後。認定章数でエリアと中間進化枠を段階解禁。,基礎種を通常配置。中間進化は高レベル地域のDexNav限定、最終進化は原則進化入手,トーホクは本編で使える低～中レベル基礎種、カントーは高レベル個体・中間進化・隠れ特性探索を担当。,R1,DexNav連鎖20以上または地方研究ランク2で隠れ特性判定を解禁。通常草むらでは標準特性のみ。,通常種は両地方で捕獲可能。進化後の通常野生化は段階解禁。,FR原作系統を地域の顔として残し、通常表・時間帯表・DexNav・大量発生を使って新種を混在。
トーホク,T034,D・Hビル,後半A,Lv.42～55／殿堂入り後Lv.62～78,465,884,ジュラルドン,ジュラルドン → ブリジュラス,はがね／ドラゴン,人工・無機物,外来生態レイヤーへ追加,屋内異常遭遇／DexNav,Lv.42～55／殿堂入り後Lv.62～78,通常0%／DexNav 2～5%,本編必須フラグを変更せず、外来生態フラグ・時間帯・DexNav・大量発生で制御,基礎種を通常配置。中間進化は高レベル地域のDexNav限定、最終進化は原則進化入手,トーホクは本編で使える低～中レベル基礎種、カントーは高レベル個体・中間進化・隠れ特性探索を担当。,R1,DexNav連鎖20以上または地方研究ランク2で隠れ特性判定を解禁。通常草むらでは標準特性のみ。,通常種は両地方で捕獲可能。進化後の通常野生化は段階解禁。,ベガ既存の野生枠を上書きせず、条件付きオーバーレイ／DexNav／夜間・水上・釣り・大量発生の追加抽選へ登録。
カントー,K43,ハナダのどうくつ,最終ポストゲーム,Lv.95～100,466,885,ドラメシヤ,ドラメシヤ → ドロンチ → ドラパルト,ゴースト／ドラゴン,600族,外来生態レイヤーへ追加,DexNav隠し枠,Lv.95～100,通常0%／DexNav 1～2%,ベガ初回殿堂入り後。認定章数でエリアと中間進化枠を段階解禁。,基礎種のみ通常枠。中間進化は殿堂入り後DexNav、最終進化は野生禁止,トーホクは本編で使える低～中レベル基礎種、カントーは高レベル個体・中間進化・隠れ特性探索を担当。,R2,DexNav連鎖20以上または地方研究ランク2で隠れ特性判定を解禁。通常草むらでは標準特性のみ。,通常種は両地方で捕獲可能。進化後の通常野生化は段階解禁。,FR原作系統を地域の顔として残し、通常表・時間帯表・DexNav・大量発生を使って新種を混在。
トーホク,T033,ときのようかん,後半A,Lv.43～55／殿堂入り後Lv.60～75,466,885,ドラメシヤ,ドラメシヤ → ドロンチ → ドラパルト,ゴースト／ドラゴン,600族,外来生態レイヤーへ追加,DexNav隠し枠,Lv.43～55／殿堂入り後Lv.60～75,通常0%／DexNav 1～2%,本編必須フラグを変更せず、外来生態フラグ・時間帯・DexNav・大量発生で制御,基礎種のみ通常枠。中間進化は殿堂入り後DexNav、最終進化は野生禁止,トーホクは本編で使える低～中レベル基礎種、カントーは高レベル個体・中間進化・隠れ特性探索を担当。,R2,DexNav連鎖20以上または地方研究ランク2で隠れ特性判定を解禁。通常草むらでは標準特性のみ。,通常種は両地方で捕獲可能。進化後の通常野生化は段階解禁。,ベガ既存の野生枠を上書きせず、条件付きオーバーレイ／DexNav／夜間・水上・釣り・大量発生の追加抽選へ登録。
カントー,EVENT_K,ニビ博物館王具展示室,固定イベント／共鳴クエスト,Lv.75,467,888,ザシアン,ザシアン,フェアリー,伝説,固定イベント追加,固定シンボル／専用クエスト,Lv.75,原則1体・撃破時復活,スフィアいせき後,固定シンボル／イベント専用。主捕獲地方でのみ捕獲し、副地方は手掛かり・共鳴戦・素材報酬。,主地方で1個体だけ捕獲し、副地方では手掛かり・共鳴戦・専用素材を扱う。捕獲済みフラグは両地方で共有し、重複個体を与えない。,イベント専用,固定個体の特性はイベント定義。隠れ特性は報酬・再戦・特性パッチで救済。,共有捕獲フラグで全地方1個体。撃破時のみ再出現、捕獲後は素材・再戦へ分岐。,野生通常表、DexNav通常検索、大量発生には登録しない。
トーホク,EVENT_T,ポケモンじょう宝物庫,固定イベント／共鳴クエスト,イベント別,467,888,ザシアン,ザシアン,フェアリー,伝説,固定イベント追加,手掛かり／共鳴戦／専用素材,イベント別,重複捕獲なし,スフィアいせき後＋主地方の捕獲フラグ共有,固定シンボル／イベント専用。主捕獲地方でのみ捕獲し、副地方は手掛かり・共鳴戦・素材報酬。,主地方で1個体だけ捕獲し、副地方では手掛かり・共鳴戦・専用素材を扱う。捕獲済みフラグは両地方で共有し、重複個体を与えない。,イベント専用,固定個体の特性はイベント定義。隠れ特性は報酬・再戦・特性パッチで救済。,共有捕獲フラグで全地方1個体。撃破時のみ再出現、捕獲後は素材・再戦へ分岐。,野生通常表、DexNav通常検索、大量発生には登録しない。
カントー,EVENT_K,ニビ博物館王具展示室,固定イベント／共鳴クエスト,イベント別,468,889,ザマゼンタ,ザマゼンタ,かくとう,伝説,固定イベント追加,手掛かり／共鳴戦／専用素材,イベント別,重複捕獲なし,スフィアいせき後＋主地方の捕獲フラグ共有,固定シンボル／イベント専用。主捕獲地方でのみ捕獲し、副地方は手掛かり・共鳴戦・素材報酬。,主地方で1個体だけ捕獲し、副地方では手掛かり・共鳴戦・専用素材を扱う。捕獲済みフラグは両地方で共有し、重複個体を与えない。,イベント専用,固定個体の特性はイベント定義。隠れ特性は報酬・再戦・特性パッチで救済。,共有捕獲フラグで全地方1個体。撃破時のみ再出現、捕獲後は素材・再戦へ分岐。,野生通常表、DexNav通常検索、大量発生には登録しない。
トーホク,EVENT_T,ポケモンじょう宝物庫,固定イベント／共鳴クエスト,Lv.75,468,889,ザマゼンタ,ザマゼンタ,かくとう,伝説,固定イベント追加,固定シンボル／専用クエスト,Lv.75,原則1体・撃破時復活,スフィアいせき後,固定シンボル／イベント専用。主捕獲地方でのみ捕獲し、副地方は手掛かり・共鳴戦・素材報酬。,主地方で1個体だけ捕獲し、副地方では手掛かり・共鳴戦・専用素材を扱う。捕獲済みフラグは両地方で共有し、重複個体を与えない。,イベント専用,固定個体の特性はイベント定義。隠れ特性は報酬・再戦・特性パッチで救済。,共有捕獲フラグで全地方1個体。撃破時のみ再出現、捕獲後は素材・再戦へ分岐。,野生通常表、DexNav通常検索、大量発生には登録しない。
カントー,EVENT_K,シルフ非常電源室,固定イベント／共鳴クエスト,Lv.75,469,890,ムゲンダイナ,ムゲンダイナ,どく／ドラゴン,伝説,固定イベント追加,固定シンボル／専用クエスト,Lv.75,原則1体・撃破時復活,殿堂入り＋ダイマックスバンド,固定シンボル／イベント専用。主捕獲地方でのみ捕獲し、副地方は手掛かり・共鳴戦・素材報酬。,主地方で1個体だけ捕獲し、副地方では手掛かり・共鳴戦・専用素材を扱う。捕獲済みフラグは両地方で共有し、重複個体を与えない。,イベント専用,固定個体の特性はイベント定義。隠れ特性は報酬・再戦・特性パッチで救済。,共有捕獲フラグで全地方1個体。撃破時のみ再出現、捕獲後は素材・再戦へ分岐。,野生通常表、DexNav通常検索、大量発生には登録しない。
トーホク,EVENT_T,D・H炉心,固定イベント／共鳴クエスト,イベント別,469,890,ムゲンダイナ,ムゲンダイナ,どく／ドラゴン,伝説,固定イベント追加,手掛かり／共鳴戦／専用素材,イベント別,重複捕獲なし,殿堂入り＋ダイマックスバンド＋主地方の捕獲フラグ共有,固定シンボル／イベント専用。主捕獲地方でのみ捕獲し、副地方は手掛かり・共鳴戦・素材報酬。,主地方で1個体だけ捕獲し、副地方では手掛かり・共鳴戦・専用素材を扱う。捕獲済みフラグは両地方で共有し、重複個体を与えない。,イベント専用,固定個体の特性はイベント定義。隠れ特性は報酬・再戦・特性パッチで救済。,共有捕獲フラグで全地方1個体。撃破時のみ再出現、捕獲後は素材・再戦へ分岐。,野生通常表、DexNav通常検索、大量発生には登録しない。
カントー,EVENT_K,ヤマブキ格闘道場,固定イベント／共鳴クエスト,Lv.75,470,891,ダクマ,ダクマ → ウーラオス,かくとう／あく,伝説,固定イベント追加,固定シンボル／専用クエスト,Lv.75,原則1体・撃破時復活,殿堂入り,固定シンボル／イベント専用。主捕獲地方でのみ捕獲し、副地方は手掛かり・共鳴戦・素材報酬。,主地方で1個体だけ捕獲し、副地方では手掛かり・共鳴戦・専用素材を扱う。捕獲済みフラグは両地方で共有し、重複個体を与えない。,イベント専用,固定個体の特性はイベント定義。隠れ特性は報酬・再戦・特性パッチで救済。,共有捕獲フラグで全地方1個体。撃破時のみ再出現、捕獲後は素材・再戦へ分岐。,野生通常表、DexNav通常検索、大量発生には登録しない。
トーホク,EVENT_T,ポケモンじょう修練場,固定イベント／共鳴クエスト,イベント別,470,891,ダクマ,ダクマ → ウーラオス,かくとう／あく,伝説,固定イベント追加,手掛かり／共鳴戦／専用素材,イベント別,重複捕獲なし,殿堂入り＋主地方の捕獲フラグ共有,固定シンボル／イベント専用。主捕獲地方でのみ捕獲し、副地方は手掛かり・共鳴戦・素材報酬。,主地方で1個体だけ捕獲し、副地方では手掛かり・共鳴戦・専用素材を扱う。捕獲済みフラグは両地方で共有し、重複個体を与えない。,イベント専用,固定個体の特性はイベント定義。隠れ特性は報酬・再戦・特性パッチで救済。,共有捕獲フラグで全地方1個体。撃破時のみ再出現、捕獲後は素材・再戦へ分岐。,野生通常表、DexNav通常検索、大量発生には登録しない。
カントー,EVENT_K,トキワのもり奥,固定イベント／共鳴クエスト,イベント別,471,893,ザルード,ザルード,くさ／あく,幻,固定イベント追加,手掛かり／共鳴戦／専用素材,イベント別,重複捕獲なし,全国研究ランク4＋主地方の捕獲フラグ共有,固定シンボル／イベント専用。主捕獲地方でのみ捕獲し、副地方は手掛かり・共鳴戦・素材報酬。,主地方で1個体だけ捕獲し、副地方では手掛かり・共鳴戦・専用素材を扱う。捕獲済みフラグは両地方で共有し、重複個体を与えない。,イベント専用,固定個体の特性はイベント定義。隠れ特性は報酬・再戦・特性パッチで救済。,共有捕獲フラグで全地方1個体。撃破時のみ再出現、捕獲後は素材・再戦へ分岐。,野生通常表、DexNav通常検索、大量発生には登録しない。
トーホク,EVENT_T,ハクジのもり奥,固定イベント／共鳴クエスト,Lv.80,471,893,ザルード,ザルード,くさ／あく,幻,固定イベント追加,固定シンボル／専用クエスト,Lv.80,原則1体・撃破時復活,全国研究ランク4,固定シンボル／イベント専用。主捕獲地方でのみ捕獲し、副地方は手掛かり・共鳴戦・素材報酬。,主地方で1個体だけ捕獲し、副地方では手掛かり・共鳴戦・専用素材を扱う。捕獲済みフラグは両地方で共有し、重複個体を与えない。,イベント専用,固定個体の特性はイベント定義。隠れ特性は報酬・再戦・特性パッチで救済。,共有捕獲フラグで全地方1個体。撃破時のみ再出現、捕獲後は素材・再戦へ分岐。,野生通常表、DexNav通常検索、大量発生には登録しない。
カントー,EVENT_K,むじんはつでんしょ／ハナダのどうくつ,固定イベント／共鳴クエスト,Lv.75,472,894,レジエレキ,レジエレキ,でんき,伝説,固定イベント追加,固定シンボル／専用クエスト,Lv.75,原則1体・撃破時復活,レジ系3体登録,固定シンボル／イベント専用。主捕獲地方でのみ捕獲し、副地方は手掛かり・共鳴戦・素材報酬。,主地方で1個体だけ捕獲し、副地方では手掛かり・共鳴戦・専用素材を扱う。捕獲済みフラグは両地方で共有し、重複個体を与えない。,イベント専用,固定個体の特性はイベント定義。隠れ特性は報酬・再戦・特性パッチで救済。,共有捕獲フラグで全地方1個体。撃破時のみ再出現、捕獲後は素材・再戦へ分岐。,野生通常表、DexNav通常検索、大量発生には登録しない。
トーホク,EVENT_T,かみなりのしま／D・H時空観測室,固定イベント／共鳴クエスト,イベント別,472,894,レジエレキ,レジエレキ,でんき,伝説,固定イベント追加,手掛かり／共鳴戦／専用素材,イベント別,重複捕獲なし,レジ系3体登録＋主地方の捕獲フラグ共有,固定シンボル／イベント専用。主捕獲地方でのみ捕獲し、副地方は手掛かり・共鳴戦・素材報酬。,主地方で1個体だけ捕獲し、副地方では手掛かり・共鳴戦・専用素材を扱う。捕獲済みフラグは両地方で共有し、重複個体を与えない。,イベント専用,固定個体の特性はイベント定義。隠れ特性は報酬・再戦・特性パッチで救済。,共有捕獲フラグで全地方1個体。撃破時のみ再出現、捕獲後は素材・再戦へ分岐。,野生通常表、DexNav通常検索、大量発生には登録しない。
カントー,EVENT_K,むじんはつでんしょ／ハナダのどうくつ,固定イベント／共鳴クエスト,Lv.75,473,895,レジドラゴ,レジドラゴ,ドラゴン,伝説,固定イベント追加,固定シンボル／専用クエスト,Lv.75,原則1体・撃破時復活,レジ系3体登録,固定シンボル／イベント専用。主捕獲地方でのみ捕獲し、副地方は手掛かり・共鳴戦・素材報酬。,主地方で1個体だけ捕獲し、副地方では手掛かり・共鳴戦・専用素材を扱う。捕獲済みフラグは両地方で共有し、重複個体を与えない。,イベント専用,固定個体の特性はイベント定義。隠れ特性は報酬・再戦・特性パッチで救済。,共有捕獲フラグで全地方1個体。撃破時のみ再出現、捕獲後は素材・再戦へ分岐。,野生通常表、DexNav通常検索、大量発生には登録しない。
トーホク,EVENT_T,かみなりのしま／D・H時空観測室,固定イベント／共鳴クエスト,イベント別,473,895,レジドラゴ,レジドラゴ,ドラゴン,伝説,固定イベント追加,手掛かり／共鳴戦／専用素材,イベント別,重複捕獲なし,レジ系3体登録＋主地方の捕獲フラグ共有,固定シンボル／イベント専用。主捕獲地方でのみ捕獲し、副地方は手掛かり・共鳴戦・素材報酬。,主地方で1個体だけ捕獲し、副地方では手掛かり・共鳴戦・専用素材を扱う。捕獲済みフラグは両地方で共有し、重複個体を与えない。,イベント専用,固定個体の特性はイベント定義。隠れ特性は報酬・再戦・特性パッチで救済。,共有捕獲フラグで全地方1個体。撃破時のみ再出現、捕獲後は素材・再戦へ分岐。,野生通常表、DexNav通常検索、大量発生には登録しない。
カントー,EVENT_K,ふたごじま地下王冠区画,固定イベント／共鳴クエスト,イベント別,474,896,ブリザポス,ブリザポス,こおり,伝説,固定イベント追加,手掛かり／共鳴戦／専用素材,イベント別,重複捕獲なし,殿堂入り＋豊穣イベント＋主地方の捕獲フラグ共有,固定シンボル／イベント専用。主捕獲地方でのみ捕獲し、副地方は手掛かり・共鳴戦・素材報酬。,主地方で1個体だけ捕獲し、副地方では手掛かり・共鳴戦・専用素材を扱う。捕獲済みフラグは両地方で共有し、重複個体を与えない。,イベント専用,固定個体の特性はイベント定義。隠れ特性は報酬・再戦・特性パッチで救済。,共有捕獲フラグで全地方1個体。撃破時のみ再出現、捕獲後は素材・再戦へ分岐。,野生通常表、DexNav通常検索、大量発生には登録しない。
トーホク,EVENT_T,ユキユキやま王冠区画,固定イベント／共鳴クエスト,Lv.75,474,896,ブリザポス,ブリザポス,こおり,伝説,固定イベント追加,固定シンボル／専用クエスト,Lv.75,原則1体・撃破時復活,殿堂入り＋豊穣イベント,固定シンボル／イベント専用。主捕獲地方でのみ捕獲し、副地方は手掛かり・共鳴戦・素材報酬。,主地方で1個体だけ捕獲し、副地方では手掛かり・共鳴戦・専用素材を扱う。捕獲済みフラグは両地方で共有し、重複個体を与えない。,イベント専用,固定個体の特性はイベント定義。隠れ特性は報酬・再戦・特性パッチで救済。,共有捕獲フラグで全地方1個体。撃破時のみ再出現、捕獲後は素材・再戦へ分岐。,野生通常表、DexNav通常検索、大量発生には登録しない。
カントー,EVENT_K,ふたごじま地下王冠区画,固定イベント／共鳴クエスト,Lv.75,475,897,レイスポス,レイスポス,ゴースト,伝説,固定イベント追加,固定シンボル／専用クエスト,Lv.75,原則1体・撃破時復活,殿堂入り＋豊穣イベント,固定シンボル／イベント専用。主捕獲地方でのみ捕獲し、副地方は手掛かり・共鳴戦・素材報酬。,主地方で1個体だけ捕獲し、副地方では手掛かり・共鳴戦・専用素材を扱う。捕獲済みフラグは両地方で共有し、重複個体を与えない。,イベント専用,固定個体の特性はイベント定義。隠れ特性は報酬・再戦・特性パッチで救済。,共有捕獲フラグで全地方1個体。撃破時のみ再出現、捕獲後は素材・再戦へ分岐。,野生通常表、DexNav通常検索、大量発生には登録しない。
トーホク,EVENT_T,ユキユキやま王冠区画,固定イベント／共鳴クエスト,イベント別,475,897,レイスポス,レイスポス,ゴースト,伝説,固定イベント追加,手掛かり／共鳴戦／専用素材,イベント別,重複捕獲なし,殿堂入り＋豊穣イベント＋主地方の捕獲フラグ共有,固定シンボル／イベント専用。主捕獲地方でのみ捕獲し、副地方は手掛かり・共鳴戦・素材報酬。,主地方で1個体だけ捕獲し、副地方では手掛かり・共鳴戦・専用素材を扱う。捕獲済みフラグは両地方で共有し、重複個体を与えない。,イベント専用,固定個体の特性はイベント定義。隠れ特性は報酬・再戦・特性パッチで救済。,共有捕獲フラグで全地方1個体。撃破時のみ再出現、捕獲後は素材・再戦へ分岐。,野生通常表、DexNav通常検索、大量発生には登録しない。
カントー,EVENT_K,ふたごじま地下王冠区画,固定イベント／共鳴クエスト,イベント別,476,898,バドレックス,バドレックス,くさ／エスパー,伝説,固定イベント追加,手掛かり／共鳴戦／専用素材,イベント別,重複捕獲なし,殿堂入り＋豊穣イベント＋主地方の捕獲フラグ共有,固定シンボル／イベント専用。主捕獲地方でのみ捕獲し、副地方は手掛かり・共鳴戦・素材報酬。,主地方で1個体だけ捕獲し、副地方では手掛かり・共鳴戦・専用素材を扱う。捕獲済みフラグは両地方で共有し、重複個体を与えない。,イベント専用,固定個体の特性はイベント定義。隠れ特性は報酬・再戦・特性パッチで救済。,共有捕獲フラグで全地方1個体。撃破時のみ再出現、捕獲後は素材・再戦へ分岐。,野生通常表、DexNav通常検索、大量発生には登録しない。
トーホク,EVENT_T,ユキユキやま王冠区画,固定イベント／共鳴クエスト,Lv.75,476,898,バドレックス,バドレックス,くさ／エスパー,伝説,固定イベント追加,固定シンボル／専用クエスト,Lv.75,原則1体・撃破時復活,殿堂入り＋豊穣イベント,固定シンボル／イベント専用。主捕獲地方でのみ捕獲し、副地方は手掛かり・共鳴戦・素材報酬。,主地方で1個体だけ捕獲し、副地方では手掛かり・共鳴戦・専用素材を扱う。捕獲済みフラグは両地方で共有し、重複個体を与えない。,イベント専用,固定個体の特性はイベント定義。隠れ特性は報酬・再戦・特性パッチで救済。,共有捕獲フラグで全地方1個体。撃破時のみ再出現、捕獲後は素材・再戦へ分岐。,野生通常表、DexNav通常検索、大量発生には登録しない。
カントー,EVENT_K,9・10・17・20ばんどうろ観測柱,固定イベント／共鳴クエスト,イベント別,477,905,ラブトロス,ラブトロス,ひこう／フェアリー,伝説,固定イベント追加,手掛かり／共鳴戦／専用素材,イベント別,重複捕獲なし,殿堂入り＋天候観測器＋主地方の捕獲フラグ共有,固定シンボル／イベント専用。主捕獲地方でのみ捕獲し、副地方は手掛かり・共鳴戦・素材報酬。,主地方で1個体だけ捕獲し、副地方では手掛かり・共鳴戦・専用素材を扱う。捕獲済みフラグは両地方で共有し、重複個体を与えない。,イベント専用,固定個体の特性はイベント定義。隠れ特性は報酬・再戦・特性パッチで救済。,共有捕獲フラグで全地方1個体。撃破時のみ再出現、捕獲後は素材・再戦へ分岐。,野生通常表、DexNav通常検索、大量発生には登録しない。
トーホク,EVENT_T,三島＋521ばんどうろ,固定イベント／共鳴クエスト,Lv.75,477,905,ラブトロス,ラブトロス,ひこう／フェアリー,伝説,固定イベント追加,固定シンボル／専用クエスト,Lv.75,原則1体・撃破時復活,殿堂入り＋天候観測器,固定シンボル／イベント専用。主捕獲地方でのみ捕獲し、副地方は手掛かり・共鳴戦・素材報酬。,主地方で1個体だけ捕獲し、副地方では手掛かり・共鳴戦・専用素材を扱う。捕獲済みフラグは両地方で共有し、重複個体を与えない。,イベント専用,固定個体の特性はイベント定義。隠れ特性は報酬・再戦・特性パッチで救済。,共有捕獲フラグで全地方1個体。撃破時のみ再出現、捕獲後は素材・再戦へ分岐。,野生通常表、DexNav通常検索、大量発生には登録しない。
カントー,K47,マサラタウン・オーキド研究所,カントー序盤,配布個体Lv.5／調整戦Lv.70,478,906,ニャオハ,ニャオハ → ニャローテ → マスカーニャ,くさ／あく,御三家,地方研究タマゴ追加,オーキド研究所の生態交換タマゴ,Lv.5,カントー認定章2個ごとに1系統、最終的に全系統反復可,ベガ初回殿堂入り後。認定章数でエリアと中間進化枠を段階解禁。,基礎種をタマゴ配布,御三家を野生化せず、両地方の研究所を巡る収集導線にする。,R3,DexNav連鎖20以上または地方研究ランク2で隠れ特性判定を解禁。通常草むらでは標準特性のみ。,通常種は両地方で捕獲可能。進化後の通常野生化は段階解禁。,FR原作系統を地域の顔として残し、通常表・時間帯表・DexNav・大量発生を使って新種を混在。
トーホク,T_LAB,ハクジタウン・ヒイラギ研究所,個別条件,Lv.5,478,906,ニャオハ,ニャオハ → ニャローテ → マスカーニャ,くさ／あく,御三家,地方研究タマゴ追加,地域別研究依頼の報酬タマゴ,Lv.5,研究チケット1枚／系統選択・反復可,各世代の生態サンプルを3件提出。選択式にせず、依頼再受注で全系統入手可能。,基礎種をタマゴ配布,御三家を野生化せず、両地方の研究所を巡る収集導線にする。,R3,DexNav連鎖20以上または地方研究ランク2で隠れ特性判定を解禁。通常草むらでは標準特性のみ。,通常種は両地方で捕獲可能。進化後の通常野生化は段階解禁。,ベガ既存の野生枠を上書きせず、条件付きオーバーレイ／DexNav／夜間・水上・釣り・大量発生の追加抽選へ登録。
カントー,K47,マサラタウン・オーキド研究所,カントー序盤,配布個体Lv.5／調整戦Lv.70,479,909,ホゲータ,ホゲータ → アチゲータ → ラウドボーン,ゴースト／ほのお,御三家,地方研究タマゴ追加,オーキド研究所の生態交換タマゴ,Lv.5,カントー認定章2個ごとに1系統、最終的に全系統反復可,ベガ初回殿堂入り後。認定章数でエリアと中間進化枠を段階解禁。,基礎種をタマゴ配布,御三家を野生化せず、両地方の研究所を巡る収集導線にする。,R2,DexNav連鎖20以上または地方研究ランク2で隠れ特性判定を解禁。通常草むらでは標準特性のみ。,通常種は両地方で捕獲可能。進化後の通常野生化は段階解禁。,FR原作系統を地域の顔として残し、通常表・時間帯表・DexNav・大量発生を使って新種を混在。
トーホク,T_LAB,ハクジタウン・ヒイラギ研究所,個別条件,Lv.5,479,909,ホゲータ,ホゲータ → アチゲータ → ラウドボーン,ゴースト／ほのお,御三家,地方研究タマゴ追加,地域別研究依頼の報酬タマゴ,Lv.5,研究チケット1枚／系統選択・反復可,各世代の生態サンプルを3件提出。選択式にせず、依頼再受注で全系統入手可能。,基礎種をタマゴ配布,御三家を野生化せず、両地方の研究所を巡る収集導線にする。,R2,DexNav連鎖20以上または地方研究ランク2で隠れ特性判定を解禁。通常草むらでは標準特性のみ。,通常種は両地方で捕獲可能。進化後の通常野生化は段階解禁。,ベガ既存の野生枠を上書きせず、条件付きオーバーレイ／DexNav／夜間・水上・釣り・大量発生の追加抽選へ登録。
カントー,K47,マサラタウン・オーキド研究所,カントー序盤,配布個体Lv.5／調整戦Lv.70,480,912,クワッス,クワッス → ウェルカモ → ウェーニバル,かくとう／みず,御三家,地方研究タマゴ追加,オーキド研究所の生態交換タマゴ,Lv.5,カントー認定章2個ごとに1系統、最終的に全系統反復可,ベガ初回殿堂入り後。認定章数でエリアと中間進化枠を段階解禁。,基礎種をタマゴ配布,御三家を野生化せず、両地方の研究所を巡る収集導線にする。,R1,DexNav連鎖20以上または地方研究ランク2で隠れ特性判定を解禁。通常草むらでは標準特性のみ。,通常種は両地方で捕獲可能。進化後の通常野生化は段階解禁。,FR原作系統を地域の顔として残し、通常表・時間帯表・DexNav・大量発生を使って新種を混在。
トーホク,T_LAB,ハクジタウン・ヒイラギ研究所,個別条件,Lv.5,480,912,クワッス,クワッス → ウェルカモ → ウェーニバル,かくとう／みず,御三家,地方研究タマゴ追加,地域別研究依頼の報酬タマゴ,Lv.5,研究チケット1枚／系統選択・反復可,各世代の生態サンプルを3件提出。選択式にせず、依頼再受注で全系統入手可能。,基礎種をタマゴ配布,御三家を野生化せず、両地方の研究所を巡る収集導線にする。,R1,DexNav連鎖20以上または地方研究ランク2で隠れ特性判定を解禁。通常草むらでは標準特性のみ。,通常種は両地方で捕獲可能。進化後の通常野生化は段階解禁。,ベガ既存の野生枠を上書きせず、条件付きオーバーレイ／DexNav／夜間・水上・釣り・大量発生の追加抽選へ登録。
カントー,K01,1ばんどうろ,カントー序盤,Lv.68～72,481,915,グルトン,グルトン → パフュートン,ノーマル,通常生態,外来生態レイヤーへ追加,大量発生,Lv.68～72,通常0%／発生中20～35%,ベガ初回殿堂入り後。認定章数でエリアと中間進化枠を段階解禁。,基礎種を通常配置。中間進化は高レベル地域のDexNav限定、最終進化は原則進化入手,トーホクは本編で使える低～中レベル基礎種、カントーは高レベル個体・中間進化・隠れ特性探索を担当。,R4,DexNav連鎖20以上または地方研究ランク2で隠れ特性判定を解禁。通常草むらでは標準特性のみ。,通常種は両地方で捕獲可能。進化後の通常野生化は段階解禁。,FR原作系統を地域の顔として残し、通常表・時間帯表・DexNav・大量発生を使って新種を混在。
トーホク,T501,501ばんどうろ／すいどう,序盤A,Lv.2～5,481,915,グルトン,グルトン → パフュートン,ノーマル,通常生態,外来生態レイヤーへ追加,大量発生,Lv.2～5,通常0%／発生中20～35%,本編必須フラグを変更せず、外来生態フラグ・時間帯・DexNav・大量発生で制御,基礎種を通常配置。中間進化は高レベル地域のDexNav限定、最終進化は原則進化入手,トーホクは本編で使える低～中レベル基礎種、カントーは高レベル個体・中間進化・隠れ特性探索を担当。,R4,DexNav連鎖20以上または地方研究ランク2で隠れ特性判定を解禁。通常草むらでは標準特性のみ。,通常種は両地方で捕獲可能。進化後の通常野生化は段階解禁。,ベガ既存の野生枠を上書きせず、条件付きオーバーレイ／DexNav／夜間・水上・釣り・大量発生の追加抽選へ登録。
カントー,K26,トキワのもり,カントー序盤,Lv.70～76,482,917,タマンチュラ,タマンチュラ → ワナイダー,むし,通常生態,外来生態レイヤーへ追加,ずつき／朝昼オーバーレイ,Lv.70～76,通常表8～15%,ベガ初回殿堂入り後。認定章数でエリアと中間進化枠を段階解禁。,基礎種を通常配置。中間進化は高レベル地域のDexNav限定、最終進化は原則進化入手,トーホクは本編で使える低～中レベル基礎種、カントーは高レベル個体・中間進化・隠れ特性探索を担当。,R2,DexNav連鎖20以上または地方研究ランク2で隠れ特性判定を解禁。通常草むらでは標準特性のみ。,通常種は両地方で捕獲可能。進化後の通常野生化は段階解禁。,FR原作系統を地域の顔として残し、通常表・時間帯表・DexNav・大量発生を使って新種を混在。
トーホク,T502,502ばんどうろ／すいどう,序盤A,Lv.3～6,482,917,タマンチュラ,タマンチュラ → ワナイダー,むし,通常生態,外来生態レイヤーへ追加,ずつき／朝昼オーバーレイ,Lv.3～6,追加抽選3～6%,本編必須フラグを変更せず、外来生態フラグ・時間帯・DexNav・大量発生で制御,基礎種を通常配置。中間進化は高レベル地域のDexNav限定、最終進化は原則進化入手,トーホクは本編で使える低～中レベル基礎種、カントーは高レベル個体・中間進化・隠れ特性探索を担当。,R2,DexNav連鎖20以上または地方研究ランク2で隠れ特性判定を解禁。通常草むらでは標準特性のみ。,通常種は両地方で捕獲可能。進化後の通常野生化は段階解禁。,ベガ既存の野生枠を上書きせず、条件付きオーバーレイ／DexNav／夜間・水上・釣り・大量発生の追加抽選へ登録。
カントー,K03,3ばんどうろ,認定章1前後,Lv.71～75,483,919,マメバッタ,マメバッタ → エクスレッグ,むし／あく,通常生態,外来生態レイヤーへ追加,夜間オーバーレイ,Lv.71～75,夜間8～12%,ベガ初回殿堂入り後。認定章数でエリアと中間進化枠を段階解禁。,基礎種を通常配置。中間進化は高レベル地域のDexNav限定、最終進化は原則進化入手,トーホクは本編で使える低～中レベル基礎種、カントーは高レベル個体・中間進化・隠れ特性探索を担当。,R4,DexNav連鎖20以上または地方研究ランク2で隠れ特性判定を解禁。通常草むらでは標準特性のみ。,通常種は両地方で捕獲可能。進化後の通常野生化は段階解禁。,FR原作系統を地域の顔として残し、通常表・時間帯表・DexNav・大量発生を使って新種を混在。
トーホク,T503,503ばんどうろ／すいどう,序盤A,Lv.5～9,483,919,マメバッタ,マメバッタ → エクスレッグ,むし／あく,通常生態,外来生態レイヤーへ追加,夜間オーバーレイ,Lv.5～9,追加抽選3～6%,本編必須フラグを変更せず、外来生態フラグ・時間帯・DexNav・大量発生で制御,基礎種を通常配置。中間進化は高レベル地域のDexNav限定、最終進化は原則進化入手,トーホクは本編で使える低～中レベル基礎種、カントーは高レベル個体・中間進化・隠れ特性探索を担当。,R4,DexNav連鎖20以上または地方研究ランク2で隠れ特性判定を解禁。通常草むらでは標準特性のみ。,通常種は両地方で捕獲可能。進化後の通常野生化は段階解禁。,ベガ既存の野生枠を上書きせず、条件付きオーバーレイ／DexNav／夜間・水上・釣り・大量発生の追加抽選へ登録。
カントー,K01,1ばんどうろ,カントー序盤,Lv.68～72,484,921,パモ,パモ → パモット → パーモット,かくとう／でんき,通常生態,外来生態レイヤーへ追加,草むらオーバーレイ,Lv.68～72,通常表8～15%,ベガ初回殿堂入り後。認定章数でエリアと中間進化枠を段階解禁。,基礎種を通常配置。中間進化は高レベル地域のDexNav限定、最終進化は原則進化入手,トーホクは本編で使える低～中レベル基礎種、カントーは高レベル個体・中間進化・隠れ特性探索を担当。,R2,DexNav連鎖20以上または地方研究ランク2で隠れ特性判定を解禁。通常草むらでは標準特性のみ。,通常種は両地方で捕獲可能。進化後の通常野生化は段階解禁。,FR原作系統を地域の顔として残し、通常表・時間帯表・DexNav・大量発生を使って新種を混在。
トーホク,T501,501ばんどうろ／すいどう,序盤A,Lv.2～5,484,921,パモ,パモ → パモット → パーモット,かくとう／でんき,通常生態,外来生態レイヤーへ追加,草むらオーバーレイ,Lv.2～5,追加抽選3～6%,本編必須フラグを変更せず、外来生態フラグ・時間帯・DexNav・大量発生で制御,基礎種を通常配置。中間進化は高レベル地域のDexNav限定、最終進化は原則進化入手,トーホクは本編で使える低～中レベル基礎種、カントーは高レベル個体・中間進化・隠れ特性探索を担当。,R2,DexNav連鎖20以上または地方研究ランク2で隠れ特性判定を解禁。通常草むらでは標準特性のみ。,通常種は両地方で捕獲可能。進化後の通常野生化は段階解禁。,ベガ既存の野生枠を上書きせず、条件付きオーバーレイ／DexNav／夜間・水上・釣り・大量発生の追加抽選へ登録。
カントー,K05,5ばんどうろ,認定章2前後,Lv.74～79,485,924,ワッカネズミ,ワッカネズミ → イッカネズミ,ノーマル,通常生態,外来生態レイヤーへ追加,草むらオーバーレイ,Lv.74～79,通常表8～15%,ベガ初回殿堂入り後。認定章数でエリアと中間進化枠を段階解禁。,基礎種を通常配置。中間進化は高レベル地域のDexNav限定、最終進化は原則進化入手,トーホクは本編で使える低～中レベル基礎種、カントーは高レベル個体・中間進化・隠れ特性探索を担当。,R1,DexNav連鎖20以上または地方研究ランク2で隠れ特性判定を解禁。通常草むらでは標準特性のみ。,通常種は両地方で捕獲可能。進化後の通常野生化は段階解禁。,FR原作系統を地域の顔として残し、通常表・時間帯表・DexNav・大量発生を使って新種を混在。
トーホク,T502,502ばんどうろ／すいどう,序盤A,Lv.3～6,485,924,ワッカネズミ,ワッカネズミ → イッカネズミ,ノーマル,通常生態,外来生態レイヤーへ追加,草むらオーバーレイ,Lv.3～6,追加抽選3～6%,本編必須フラグを変更せず、外来生態フラグ・時間帯・DexNav・大量発生で制御,基礎種を通常配置。中間進化は高レベル地域のDexNav限定、最終進化は原則進化入手,トーホクは本編で使える低～中レベル基礎種、カントーは高レベル個体・中間進化・隠れ特性探索を担当。,R1,DexNav連鎖20以上または地方研究ランク2で隠れ特性判定を解禁。通常草むらでは標準特性のみ。,通常種は両地方で捕獲可能。進化後の通常野生化は段階解禁。,ベガ既存の野生枠を上書きせず、条件付きオーバーレイ／DexNav／夜間・水上・釣り・大量発生の追加抽選へ登録。
カントー,K05,5ばんどうろ,認定章2前後,Lv.74～79,486,926,パピモッチ,パピモッチ → バウッツェル,フェアリー,通常生態,外来生態レイヤーへ追加,草むらオーバーレイ,Lv.74～79,通常表8～15%,ベガ初回殿堂入り後。認定章数でエリアと中間進化枠を段階解禁。,基礎種を通常配置。中間進化は高レベル地域のDexNav限定、最終進化は原則進化入手,トーホクは本編で使える低～中レベル基礎種、カントーは高レベル個体・中間進化・隠れ特性探索を担当。,R3,DexNav連鎖20以上または地方研究ランク2で隠れ特性判定を解禁。通常草むらでは標準特性のみ。,通常種は両地方で捕獲可能。進化後の通常野生化は段階解禁。,FR原作系統を地域の顔として残し、通常表・時間帯表・DexNav・大量発生を使って新種を混在。
トーホク,T504,504ばんどうろ／すいどう,序盤B,Lv.9～13,486,926,パピモッチ,パピモッチ → バウッツェル,フェアリー,通常生態,外来生態レイヤーへ追加,大量発生,Lv.9～13,通常0%／発生中20～35%,本編必須フラグを変更せず、外来生態フラグ・時間帯・DexNav・大量発生で制御,基礎種を通常配置。中間進化は高レベル地域のDexNav限定、最終進化は原則進化入手,トーホクは本編で使える低～中レベル基礎種、カントーは高レベル個体・中間進化・隠れ特性探索を担当。,R3,DexNav連鎖20以上または地方研究ランク2で隠れ特性判定を解禁。通常草むらでは標準特性のみ。,通常種は両地方で捕獲可能。進化後の通常野生化は段階解禁。,ベガ既存の野生枠を上書きせず、条件付きオーバーレイ／DexNav／夜間・水上・釣り・大量発生の追加抽選へ登録。
カントー,K33,タマムシ温室,認定章4前後,Lv.82～90,487,928,ミニーブ,ミニーブ → オリーニョ → オリーヴァ,ノーマル／くさ,通常生態,外来生態レイヤーへ追加,ずつき／朝昼オーバーレイ,Lv.82～90,通常表8～15%,ベガ初回殿堂入り後。認定章数でエリアと中間進化枠を段階解禁。,基礎種を通常配置。中間進化は高レベル地域のDexNav限定、最終進化は原則進化入手,トーホクは本編で使える低～中レベル基礎種、カントーは高レベル個体・中間進化・隠れ特性探索を担当。,R1,DexNav連鎖20以上または地方研究ランク2で隠れ特性判定を解禁。通常草むらでは標準特性のみ。,通常種は両地方で捕獲可能。進化後の通常野生化は段階解禁。,FR原作系統を地域の顔として残し、通常表・時間帯表・DexNav・大量発生を使って新種を混在。
トーホク,T504,504ばんどうろ／すいどう,序盤B,Lv.9～13,487,928,ミニーブ,ミニーブ → オリーニョ → オリーヴァ,ノーマル／くさ,通常生態,外来生態レイヤーへ追加,大量発生,Lv.9～13,通常0%／発生中20～35%,本編必須フラグを変更せず、外来生態フラグ・時間帯・DexNav・大量発生で制御,基礎種を通常配置。中間進化は高レベル地域のDexNav限定、最終進化は原則進化入手,トーホクは本編で使える低～中レベル基礎種、カントーは高レベル個体・中間進化・隠れ特性探索を担当。,R1,DexNav連鎖20以上または地方研究ランク2で隠れ特性判定を解禁。通常草むらでは標準特性のみ。,通常種は両地方で捕獲可能。進化後の通常野生化は段階解禁。,ベガ既存の野生枠を上書きせず、条件付きオーバーレイ／DexNav／夜間・水上・釣り・大量発生の追加抽選へ登録。
カントー,K11,11ばんどうろ,認定章2～3,Lv.76～82,488,931,イキリンコ,イキリンコ,ノーマル／ひこう,通常生態,外来生態レイヤーへ追加,草むらオーバーレイ,Lv.76～82,通常表8～15%,ベガ初回殿堂入り後。認定章数でエリアと中間進化枠を段階解禁。,基礎種を通常配置。中間進化は高レベル地域のDexNav限定、最終進化は原則進化入手,トーホクは本編で使える低～中レベル基礎種、カントーは高レベル個体・中間進化・隠れ特性探索を担当。,R4,DexNav連鎖20以上または地方研究ランク2で隠れ特性判定を解禁。通常草むらでは標準特性のみ。,通常種は両地方で捕獲可能。進化後の通常野生化は段階解禁。,FR原作系統を地域の顔として残し、通常表・時間帯表・DexNav・大量発生を使って新種を混在。
トーホク,T517,517ばんどうろ／すいどう,後半A,Lv.38～45,488,931,イキリンコ,イキリンコ,ノーマル／ひこう,通常生態,外来生態レイヤーへ追加,草むらオーバーレイ,Lv.38～45,追加抽選3～6%,本編必須フラグを変更せず、外来生態フラグ・時間帯・DexNav・大量発生で制御,基礎種を通常配置。中間進化は高レベル地域のDexNav限定、最終進化は原則進化入手,トーホクは本編で使える低～中レベル基礎種、カントーは高レベル個体・中間進化・隠れ特性探索を担当。,R4,DexNav連鎖20以上または地方研究ランク2で隠れ特性判定を解禁。通常草むらでは標準特性のみ。,通常種は両地方で捕獲可能。進化後の通常野生化は段階解禁。,ベガ既存の野生枠を上書きせず、条件付きオーバーレイ／DexNav／夜間・水上・釣り・大量発生の追加抽選へ登録。
カントー,K27,おつきみやま,認定章1前後,Lv.73～80,489,932,コジオ,コジオ → ジオヅム → キョジオーン,いわ,通常生態,外来生態レイヤーへ追加,いわくだき／DexNav,Lv.73～80,通常0%／DexNav 2～5%,ベガ初回殿堂入り後。認定章数でエリアと中間進化枠を段階解禁。,基礎種を通常配置。中間進化は高レベル地域のDexNav限定、最終進化は原則進化入手,トーホクは本編で使える低～中レベル基礎種、カントーは高レベル個体・中間進化・隠れ特性探索を担当。,R1,DexNav連鎖20以上または地方研究ランク2で隠れ特性判定を解禁。通常草むらでは標準特性のみ。,通常種は両地方で捕獲可能。進化後の通常野生化は段階解禁。,FR原作系統を地域の顔として残し、通常表・時間帯表・DexNav・大量発生を使って新種を混在。
トーホク,T024,ちえのどうくつ,序盤A,Lv.6～9／殿堂入り後Lv.44～48,489,932,コジオ,コジオ → ジオヅム → キョジオーン,いわ,通常生態,外来生態レイヤーへ追加,いわくだき／DexNav,Lv.6～9／殿堂入り後Lv.44～48,通常0%／DexNav 2～5%,本編必須フラグを変更せず、外来生態フラグ・時間帯・DexNav・大量発生で制御,基礎種を通常配置。中間進化は高レベル地域のDexNav限定、最終進化は原則進化入手,トーホクは本編で使える低～中レベル基礎種、カントーは高レベル個体・中間進化・隠れ特性探索を担当。,R1,DexNav連鎖20以上または地方研究ランク2で隠れ特性判定を解禁。通常草むらでは標準特性のみ。,通常種は両地方で捕獲可能。進化後の通常野生化は段階解禁。,ベガ既存の野生枠を上書きせず、条件付きオーバーレイ／DexNav／夜間・水上・釣り・大量発生の追加抽選へ登録。
カントー,K39,ポケモンやしき,認定章6～7,Lv.91～98,490,935,カルボウ,カルボウ → グレンアルマ → ソウブレイズ,ゴースト／ほのお／エスパー,通常生態,外来生態レイヤーへ追加,夜間オーバーレイ,Lv.91～98,夜間8～12%,ベガ初回殿堂入り後。認定章数でエリアと中間進化枠を段階解禁。,基礎種を通常配置。中間進化は高レベル地域のDexNav限定、最終進化は原則進化入手,トーホクは本編で使える低～中レベル基礎種、カントーは高レベル個体・中間進化・隠れ特性探索を担当。,R4,DexNav連鎖20以上または地方研究ランク2で隠れ特性判定を解禁。通常草むらでは標準特性のみ。,通常種は両地方で捕獲可能。進化後の通常野生化は段階解禁。,FR原作系統を地域の顔として残し、通常表・時間帯表・DexNav・大量発生を使って新種を混在。
トーホク,T028,ひのしま,中盤B,Lv.30～40／殿堂入り後Lv.55～70,490,935,カルボウ,カルボウ → グレンアルマ → ソウブレイズ,ゴースト／ほのお／エスパー,通常生態,外来生態レイヤーへ追加,洞窟・屋内オーバーレイ,Lv.30～40／殿堂入り後Lv.55～70,追加抽選3～6%,本編必須フラグを変更せず、外来生態フラグ・時間帯・DexNav・大量発生で制御,基礎種を通常配置。中間進化は高レベル地域のDexNav限定、最終進化は原則進化入手,トーホクは本編で使える低～中レベル基礎種、カントーは高レベル個体・中間進化・隠れ特性探索を担当。,R4,DexNav連鎖20以上または地方研究ランク2で隠れ特性判定を解禁。通常草むらでは標準特性のみ。,通常種は両地方で捕獲可能。進化後の通常野生化は段階解禁。,ベガ既存の野生枠を上書きせず、条件付きオーバーレイ／DexNav／夜間・水上・釣り・大量発生の追加抽選へ登録。
カントー,K40,むじんはつでんしょ,認定章2～6,Lv.82～94,491,938,ズピカ,ズピカ → ハラバリー,でんき,通常生態,外来生態レイヤーへ追加,洞窟・屋内オーバーレイ,Lv.82～94,通常表8～15%,ベガ初回殿堂入り後。認定章数でエリアと中間進化枠を段階解禁。,基礎種を通常配置。中間進化は高レベル地域のDexNav限定、最終進化は原則進化入手,トーホクは本編で使える低～中レベル基礎種、カントーは高レベル個体・中間進化・隠れ特性探索を担当。,R3,DexNav連鎖20以上または地方研究ランク2で隠れ特性判定を解禁。通常草むらでは標準特性のみ。,通常種は両地方で捕獲可能。進化後の通常野生化は段階解禁。,FR原作系統を地域の顔として残し、通常表・時間帯表・DexNav・大量発生を使って新種を混在。
トーホク,T508,508ばんどうろ／すいどう,中盤A,Lv.19～25,491,938,ズピカ,ズピカ → ハラバリー,でんき,通常生態,外来生態レイヤーへ追加,草むらオーバーレイ,Lv.19～25,追加抽選3～6%,本編必須フラグを変更せず、外来生態フラグ・時間帯・DexNav・大量発生で制御,基礎種を通常配置。中間進化は高レベル地域のDexNav限定、最終進化は原則進化入手,トーホクは本編で使える低～中レベル基礎種、カントーは高レベル個体・中間進化・隠れ特性探索を担当。,R3,DexNav連鎖20以上または地方研究ランク2で隠れ特性判定を解禁。通常草むらでは標準特性のみ。,通常種は両地方で捕獲可能。進化後の通常野生化は段階解禁。,ベガ既存の野生枠を上書きせず、条件付きオーバーレイ／DexNav／夜間・水上・釣り・大量発生の追加抽選へ登録。
カントー,K11,11ばんどうろ,認定章2～3,Lv.76～82,492,940,カイデン,カイデン → タイカイデン,ひこう／でんき,通常生態,外来生態レイヤーへ追加,草むらオーバーレイ,Lv.76～82,通常表8～15%,ベガ初回殿堂入り後。認定章数でエリアと中間進化枠を段階解禁。,基礎種を通常配置。中間進化は高レベル地域のDexNav限定、最終進化は原則進化入手,トーホクは本編で使える低～中レベル基礎種、カントーは高レベル個体・中間進化・隠れ特性探索を担当。,R1,DexNav連鎖20以上または地方研究ランク2で隠れ特性判定を解禁。通常草むらでは標準特性のみ。,通常種は両地方で捕獲可能。進化後の通常野生化は段階解禁。,FR原作系統を地域の顔として残し、通常表・時間帯表・DexNav・大量発生を使って新種を混在。
トーホク,T507,507ばんどうろ／すいどう,中盤A,Lv.17～23,492,940,カイデン,カイデン → タイカイデン,ひこう／でんき,通常生態,外来生態レイヤーへ追加,草むらオーバーレイ,Lv.17～23,追加抽選3～6%,本編必須フラグを変更せず、外来生態フラグ・時間帯・DexNav・大量発生で制御,基礎種を通常配置。中間進化は高レベル地域のDexNav限定、最終進化は原則進化入手,トーホクは本編で使える低～中レベル基礎種、カントーは高レベル個体・中間進化・隠れ特性探索を担当。,R1,DexNav連鎖20以上または地方研究ランク2で隠れ特性判定を解禁。通常草むらでは標準特性のみ。,通常種は両地方で捕獲可能。進化後の通常野生化は段階解禁。,ベガ既存の野生枠を上書きせず、条件付きオーバーレイ／DexNav／夜間・水上・釣り・大量発生の追加抽選へ登録。
カントー,K08,8ばんどうろ,認定章3前後,Lv.79～84,493,942,オラチフ,オラチフ → マフィティフ,あく,通常生態,外来生態レイヤーへ追加,夜間オーバーレイ,Lv.79～84,夜間8～12%,ベガ初回殿堂入り後。認定章数でエリアと中間進化枠を段階解禁。,基礎種を通常配置。中間進化は高レベル地域のDexNav限定、最終進化は原則進化入手,トーホクは本編で使える低～中レベル基礎種、カントーは高レベル個体・中間進化・隠れ特性探索を担当。,R3,DexNav連鎖20以上または地方研究ランク2で隠れ特性判定を解禁。通常草むらでは標準特性のみ。,通常種は両地方で捕獲可能。進化後の通常野生化は段階解禁。,FR原作系統を地域の顔として残し、通常表・時間帯表・DexNav・大量発生を使って新種を混在。
トーホク,T515,515ばんどうろ／すいどう,中盤C,Lv.33～40,493,942,オラチフ,オラチフ → マフィティフ,あく,通常生態,外来生態レイヤーへ追加,夜間オーバーレイ,Lv.33～40,追加抽選3～6%,本編必須フラグを変更せず、外来生態フラグ・時間帯・DexNav・大量発生で制御,基礎種を通常配置。中間進化は高レベル地域のDexNav限定、最終進化は原則進化入手,トーホクは本編で使える低～中レベル基礎種、カントーは高レベル個体・中間進化・隠れ特性探索を担当。,R3,DexNav連鎖20以上または地方研究ランク2で隠れ特性判定を解禁。通常草むらでは標準特性のみ。,通常種は両地方で捕獲可能。進化後の通常野生化は段階解禁。,ベガ既存の野生枠を上書きせず、条件付きオーバーレイ／DexNav／夜間・水上・釣り・大量発生の追加抽選へ登録。
カントー,K07,7ばんどうろ,認定章3前後,Lv.78～83,494,944,シルシュルー,シルシュルー → タギングル,ノーマル／どく,通常生態,外来生態レイヤーへ追加,草むらオーバーレイ,Lv.78～83,通常表8～15%,ベガ初回殿堂入り後。認定章数でエリアと中間進化枠を段階解禁。,基礎種を通常配置。中間進化は高レベル地域のDexNav限定、最終進化は原則進化入手,トーホクは本編で使える低～中レベル基礎種、カントーは高レベル個体・中間進化・隠れ特性探索を担当。,R1,DexNav連鎖20以上または地方研究ランク2で隠れ特性判定を解禁。通常草むらでは標準特性のみ。,通常種は両地方で捕獲可能。進化後の通常野生化は段階解禁。,FR原作系統を地域の顔として残し、通常表・時間帯表・DexNav・大量発生を使って新種を混在。
トーホク,T515,515ばんどうろ／すいどう,中盤C,Lv.33～40,494,944,シルシュルー,シルシュルー → タギングル,ノーマル／どく,通常生態,外来生態レイヤーへ追加,草むらオーバーレイ,Lv.33～40,追加抽選3～6%,本編必須フラグを変更せず、外来生態フラグ・時間帯・DexNav・大量発生で制御,基礎種を通常配置。中間進化は高レベル地域のDexNav限定、最終進化は原則進化入手,トーホクは本編で使える低～中レベル基礎種、カントーは高レベル個体・中間進化・隠れ特性探索を担当。,R1,DexNav連鎖20以上または地方研究ランク2で隠れ特性判定を解禁。通常草むらでは標準特性のみ。,通常種は両地方で捕獲可能。進化後の通常野生化は段階解禁。,ベガ既存の野生枠を上書きせず、条件付きオーバーレイ／DexNav／夜間・水上・釣り・大量発生の追加抽選へ登録。
カントー,K17,17ばんどうろ,認定章4～5,Lv.83～89,495,946,アノクサ,アノクサ → アノホラグサ,ゴースト／くさ,通常生態,外来生態レイヤーへ追加,大量発生,Lv.83～89,通常0%／発生中20～35%,ベガ初回殿堂入り後。認定章数でエリアと中間進化枠を段階解禁。,基礎種を通常配置。中間進化は高レベル地域のDexNav限定、最終進化は原則進化入手,トーホクは本編で使える低～中レベル基礎種、カントーは高レベル個体・中間進化・隠れ特性探索を担当。,R3,DexNav連鎖20以上または地方研究ランク2で隠れ特性判定を解禁。通常草むらでは標準特性のみ。,通常種は両地方で捕獲可能。進化後の通常野生化は段階解禁。,FR原作系統を地域の顔として残し、通常表・時間帯表・DexNav・大量発生を使って新種を混在。
トーホク,T521,521ばんどうろ／すいどう,後半B,Lv.45～52,495,946,アノクサ,アノクサ → アノホラグサ,ゴースト／くさ,通常生態,外来生態レイヤーへ追加,大量発生,Lv.45～52,通常0%／発生中20～35%,本編必須フラグを変更せず、外来生態フラグ・時間帯・DexNav・大量発生で制御,基礎種を通常配置。中間進化は高レベル地域のDexNav限定、最終進化は原則進化入手,トーホクは本編で使える低～中レベル基礎種、カントーは高レベル個体・中間進化・隠れ特性探索を担当。,R3,DexNav連鎖20以上または地方研究ランク2で隠れ特性判定を解禁。通常草むらでは標準特性のみ。,通常種は両地方で捕獲可能。進化後の通常野生化は段階解禁。,ベガ既存の野生枠を上書きせず、条件付きオーバーレイ／DexNav／夜間・水上・釣り・大量発生の追加抽選へ登録。
カントー,K35,サファリゾーン東,認定章5前後,Lv.85～94,496,948,ノノクラゲ,ノノクラゲ → リククラゲ,じめん／くさ,通常生態,外来生態レイヤーへ追加,ずつき／朝昼オーバーレイ,Lv.85～94,通常表8～15%,ベガ初回殿堂入り後。認定章数でエリアと中間進化枠を段階解禁。,基礎種を通常配置。中間進化は高レベル地域のDexNav限定、最終進化は原則進化入手,トーホクは本編で使える低～中レベル基礎種、カントーは高レベル個体・中間進化・隠れ特性探索を担当。,R1,DexNav連鎖20以上または地方研究ランク2で隠れ特性判定を解禁。通常草むらでは標準特性のみ。,通常種は両地方で捕獲可能。進化後の通常野生化は段階解禁。,FR原作系統を地域の顔として残し、通常表・時間帯表・DexNav・大量発生を使って新種を混在。
トーホク,T026,ハクジのもり,後半A,Lv.38～48／殿堂入り後Lv.50～65,496,948,ノノクラゲ,ノノクラゲ → リククラゲ,じめん／くさ,通常生態,外来生態レイヤーへ追加,ずつき／朝昼オーバーレイ,Lv.38～48／殿堂入り後Lv.50～65,追加抽選3～6%,本編必須フラグを変更せず、外来生態フラグ・時間帯・DexNav・大量発生で制御,基礎種を通常配置。中間進化は高レベル地域のDexNav限定、最終進化は原則進化入手,トーホクは本編で使える低～中レベル基礎種、カントーは高レベル個体・中間進化・隠れ特性探索を担当。,R1,DexNav連鎖20以上または地方研究ランク2で隠れ特性判定を解禁。通常草むらでは標準特性のみ。,通常種は両地方で捕獲可能。進化後の通常野生化は段階解禁。,ベガ既存の野生枠を上書きせず、条件付きオーバーレイ／DexNav／夜間・水上・釣り・大量発生の追加抽選へ登録。
カントー,K30,イワヤマトンネル,認定章2～3,Lv.80～87,497,950,ガケガニ,ガケガニ,いわ,通常生態,外来生態レイヤーへ追加,いわくだき／DexNav,Lv.80～87,通常0%／DexNav 2～5%,ベガ初回殿堂入り後。認定章数でエリアと中間進化枠を段階解禁。,基礎種を通常配置。中間進化は高レベル地域のDexNav限定、最終進化は原則進化入手,トーホクは本編で使える低～中レベル基礎種、カントーは高レベル個体・中間進化・隠れ特性探索を担当。,R3,DexNav連鎖20以上または地方研究ランク2で隠れ特性判定を解禁。通常草むらでは標準特性のみ。,通常種は両地方で捕獲可能。進化後の通常野生化は段階解禁。,FR原作系統を地域の顔として残し、通常表・時間帯表・DexNav・大量発生を使って新種を混在。
トーホク,T505,505ばんどうろ／すいどう,序盤B,Lv.10～14,497,950,ガケガニ,ガケガニ,いわ,通常生態,外来生態レイヤーへ追加,いわくだき／DexNav,Lv.10～14,通常0%／DexNav 2～5%,本編必須フラグを変更せず、外来生態フラグ・時間帯・DexNav・大量発生で制御,基礎種を通常配置。中間進化は高レベル地域のDexNav限定、最終進化は原則進化入手,トーホクは本編で使える低～中レベル基礎種、カントーは高レベル個体・中間進化・隠れ特性探索を担当。,R3,DexNav連鎖20以上または地方研究ランク2で隠れ特性判定を解禁。通常草むらでは標準特性のみ。,通常種は両地方で捕獲可能。進化後の通常野生化は段階解禁。,ベガ既存の野生枠を上書きせず、条件付きオーバーレイ／DexNav／夜間・水上・釣り・大量発生の追加抽選へ登録。
カントー,K39,ポケモンやしき,認定章6～7,Lv.91～98,498,951,カプサイジ,カプサイジ → スコヴィラン,ほのお／くさ,通常生態,外来生態レイヤーへ追加,洞窟・屋内オーバーレイ,Lv.91～98,通常表8～15%,ベガ初回殿堂入り後。認定章数でエリアと中間進化枠を段階解禁。,基礎種を通常配置。中間進化は高レベル地域のDexNav限定、最終進化は原則進化入手,トーホクは本編で使える低～中レベル基礎種、カントーは高レベル個体・中間進化・隠れ特性探索を担当。,R4,DexNav連鎖20以上または地方研究ランク2で隠れ特性判定を解禁。通常草むらでは標準特性のみ。,通常種は両地方で捕獲可能。進化後の通常野生化は段階解禁。,FR原作系統を地域の顔として残し、通常表・時間帯表・DexNav・大量発生を使って新種を混在。
トーホク,T028,ひのしま,中盤B,Lv.30～40／殿堂入り後Lv.55～70,498,951,カプサイジ,カプサイジ → スコヴィラン,ほのお／くさ,通常生態,外来生態レイヤーへ追加,洞窟・屋内オーバーレイ,Lv.30～40／殿堂入り後Lv.55～70,追加抽選3～6%,本編必須フラグを変更せず、外来生態フラグ・時間帯・DexNav・大量発生で制御,基礎種を通常配置。中間進化は高レベル地域のDexNav限定、最終進化は原則進化入手,トーホクは本編で使える低～中レベル基礎種、カントーは高レベル個体・中間進化・隠れ特性探索を担当。,R4,DexNav連鎖20以上または地方研究ランク2で隠れ特性判定を解禁。通常草むらでは標準特性のみ。,通常種は両地方で捕獲可能。進化後の通常野生化は段階解禁。,ベガ既存の野生枠を上書きせず、条件付きオーバーレイ／DexNav／夜間・水上・釣り・大量発生の追加抽選へ登録。
カントー,K17,17ばんどうろ,認定章4～5,Lv.83～89,499,953,シガロコ,シガロコ → ベラカス,むし／エスパー,通常生態,外来生態レイヤーへ追加,草むらオーバーレイ,Lv.83～89,通常表8～15%,ベガ初回殿堂入り後。認定章数でエリアと中間進化枠を段階解禁。,基礎種を通常配置。中間進化は高レベル地域のDexNav限定、最終進化は原則進化入手,トーホクは本編で使える低～中レベル基礎種、カントーは高レベル個体・中間進化・隠れ特性探索を担当。,R2,DexNav連鎖20以上または地方研究ランク2で隠れ特性判定を解禁。通常草むらでは標準特性のみ。,通常種は両地方で捕獲可能。進化後の通常野生化は段階解禁。,FR原作系統を地域の顔として残し、通常表・時間帯表・DexNav・大量発生を使って新種を混在。
トーホク,T521,521ばんどうろ／すいどう,後半B,Lv.45～52,499,953,シガロコ,シガロコ → ベラカス,むし／エスパー,通常生態,外来生態レイヤーへ追加,草むらオーバーレイ,Lv.45～52,追加抽選3～6%,本編必須フラグを変更せず、外来生態フラグ・時間帯・DexNav・大量発生で制御,基礎種を通常配置。中間進化は高レベル地域のDexNav限定、最終進化は原則進化入手,トーホクは本編で使える低～中レベル基礎種、カントーは高レベル個体・中間進化・隠れ特性探索を担当。,R2,DexNav連鎖20以上または地方研究ランク2で隠れ特性判定を解禁。通常草むらでは標準特性のみ。,通常種は両地方で捕獲可能。進化後の通常野生化は段階解禁。,ベガ既存の野生枠を上書きせず、条件付きオーバーレイ／DexNav／夜間・水上・釣り・大量発生の追加抽選へ登録。
カントー,K17,17ばんどうろ,認定章4～5,Lv.83～89,500,955,ヒラヒナ,ヒラヒナ → クエスパトラ,エスパー,通常生態,外来生態レイヤーへ追加,大量発生,Lv.83～89,通常0%／発生中20～35%,ベガ初回殿堂入り後。認定章数でエリアと中間進化枠を段階解禁。,基礎種を通常配置。中間進化は高レベル地域のDexNav限定、最終進化は原則進化入手,トーホクは本編で使える低～中レベル基礎種、カントーは高レベル個体・中間進化・隠れ特性探索を担当。,R4,DexNav連鎖20以上または地方研究ランク2で隠れ特性判定を解禁。通常草むらでは標準特性のみ。,通常種は両地方で捕獲可能。進化後の通常野生化は段階解禁。,FR原作系統を地域の顔として残し、通常表・時間帯表・DexNav・大量発生を使って新種を混在。
トーホク,T521,521ばんどうろ／すいどう,後半B,Lv.45～52,500,955,ヒラヒナ,ヒラヒナ → クエスパトラ,エスパー,通常生態,外来生態レイヤーへ追加,大量発生,Lv.45～52,通常0%／発生中20～35%,本編必須フラグを変更せず、外来生態フラグ・時間帯・DexNav・大量発生で制御,基礎種を通常配置。中間進化は高レベル地域のDexNav限定、最終進化は原則進化入手,トーホクは本編で使える低～中レベル基礎種、カントーは高レベル個体・中間進化・隠れ特性探索を担当。,R4,DexNav連鎖20以上または地方研究ランク2で隠れ特性判定を解禁。通常草むらでは標準特性のみ。,通常種は両地方で捕獲可能。進化後の通常野生化は段階解禁。,ベガ既存の野生枠を上書きせず、条件付きオーバーレイ／DexNav／夜間・水上・釣り・大量発生の追加抽選へ登録。
カントー,K41,シルフカンパニー,認定章5～6,Lv.90～97（異常遭遇）,501,957,カヌチャン,カヌチャン → ナカヌチャン → デカヌチャン,はがね／フェアリー,通常生態,外来生態レイヤーへ追加,洞窟・屋内オーバーレイ,Lv.90～97（異常遭遇）,通常表8～15%,ベガ初回殿堂入り後。認定章数でエリアと中間進化枠を段階解禁。,基礎種を通常配置。中間進化は高レベル地域のDexNav限定、最終進化は原則進化入手,トーホクは本編で使える低～中レベル基礎種、カントーは高レベル個体・中間進化・隠れ特性探索を担当。,R2,DexNav連鎖20以上または地方研究ランク2で隠れ特性判定を解禁。通常草むらでは標準特性のみ。,通常種は両地方で捕獲可能。進化後の通常野生化は段階解禁。,FR原作系統を地域の顔として残し、通常表・時間帯表・DexNav・大量発生を使って新種を混在。
トーホク,T034,D・Hビル,後半A,Lv.42～55／殿堂入り後Lv.62～78,501,957,カヌチャン,カヌチャン → ナカヌチャン → デカヌチャン,はがね／フェアリー,通常生態,外来生態レイヤーへ追加,洞窟・屋内オーバーレイ,Lv.42～55／殿堂入り後Lv.62～78,追加抽選3～6%,本編必須フラグを変更せず、外来生態フラグ・時間帯・DexNav・大量発生で制御,基礎種を通常配置。中間進化は高レベル地域のDexNav限定、最終進化は原則進化入手,トーホクは本編で使える低～中レベル基礎種、カントーは高レベル個体・中間進化・隠れ特性探索を担当。,R2,DexNav連鎖20以上または地方研究ランク2で隠れ特性判定を解禁。通常草むらでは標準特性のみ。,通常種は両地方で捕獲可能。進化後の通常野生化は段階解禁。,ベガ既存の野生枠を上書きせず、条件付きオーバーレイ／DexNav／夜間・水上・釣り・大量発生の追加抽選へ登録。
カントー,K19,19ばんどうろ,認定章5後,Lv.87～92,502,960,ウミディグダ,ウミディグダ → ウミトリオ,みず,通常生態,外来生態レイヤーへ追加,水上オーバーレイ,Lv.87～92,通常表10～20%,ベガ初回殿堂入り後。認定章数でエリアと中間進化枠を段階解禁。,基礎種を通常配置。中間進化は高レベル地域のDexNav限定、最終進化は原則進化入手,トーホクは本編で使える低～中レベル基礎種、カントーは高レベル個体・中間進化・隠れ特性探索を担当。,R1,DexNav連鎖20以上または地方研究ランク2で隠れ特性判定を解禁。通常草むらでは標準特性のみ。,通常種は両地方で捕獲可能。進化後の通常野生化は段階解禁。,FR原作系統を地域の顔として残し、通常表・時間帯表・DexNav・大量発生を使って新種を混在。
トーホク,T507,507ばんどうろ／すいどう,中盤A,Lv.17～23,502,960,ウミディグダ,ウミディグダ → ウミトリオ,みず,通常生態,外来生態レイヤーへ追加,水上オーバーレイ,Lv.17～23,追加抽選4～8%,本編必須フラグを変更せず、外来生態フラグ・時間帯・DexNav・大量発生で制御,基礎種を通常配置。中間進化は高レベル地域のDexNav限定、最終進化は原則進化入手,トーホクは本編で使える低～中レベル基礎種、カントーは高レベル個体・中間進化・隠れ特性探索を担当。,R1,DexNav連鎖20以上または地方研究ランク2で隠れ特性判定を解禁。通常草むらでは標準特性のみ。,通常種は両地方で捕獲可能。進化後の通常野生化は段階解禁。,ベガ既存の野生枠を上書きせず、条件付きオーバーレイ／DexNav／夜間・水上・釣り・大量発生の追加抽選へ登録。
カントー,K16,16ばんどうろ,認定章4前後,Lv.81～86,503,962,オトシドリ,オトシドリ,ひこう／あく,通常生態,外来生態レイヤーへ追加,夜間オーバーレイ,Lv.81～86,夜間8～12%,ベガ初回殿堂入り後。認定章数でエリアと中間進化枠を段階解禁。,基礎種を通常配置。中間進化は高レベル地域のDexNav限定、最終進化は原則進化入手,トーホクは本編で使える低～中レベル基礎種、カントーは高レベル個体・中間進化・隠れ特性探索を担当。,R3,DexNav連鎖20以上または地方研究ランク2で隠れ特性判定を解禁。通常草むらでは標準特性のみ。,通常種は両地方で捕獲可能。進化後の通常野生化は段階解禁。,FR原作系統を地域の顔として残し、通常表・時間帯表・DexNav・大量発生を使って新種を混在。
トーホク,T514,514ばんどうろ／すいどう,中盤C,Lv.31～38,503,962,オトシドリ,オトシドリ,ひこう／あく,通常生態,外来生態レイヤーへ追加,夜間オーバーレイ,Lv.31～38,追加抽選3～6%,本編必須フラグを変更せず、外来生態フラグ・時間帯・DexNav・大量発生で制御,基礎種を通常配置。中間進化は高レベル地域のDexNav限定、最終進化は原則進化入手,トーホクは本編で使える低～中レベル基礎種、カントーは高レベル個体・中間進化・隠れ特性探索を担当。,R3,DexNav連鎖20以上または地方研究ランク2で隠れ特性判定を解禁。通常草むらでは標準特性のみ。,通常種は両地方で捕獲可能。進化後の通常野生化は段階解禁。,ベガ既存の野生枠を上書きせず、条件付きオーバーレイ／DexNav／夜間・水上・釣り・大量発生の追加抽選へ登録。
カントー,K19,19ばんどうろ,認定章5後,Lv.87～92,504,963,ナミイルカ,ナミイルカ → イルカマン,みず,通常生態,外来生態レイヤーへ追加,水上オーバーレイ,Lv.87～92,通常表10～20%,ベガ初回殿堂入り後。認定章数でエリアと中間進化枠を段階解禁。,基礎種を通常配置。中間進化は高レベル地域のDexNav限定、最終進化は原則進化入手,トーホクは本編で使える低～中レベル基礎種、カントーは高レベル個体・中間進化・隠れ特性探索を担当。,R4,DexNav連鎖20以上または地方研究ランク2で隠れ特性判定を解禁。通常草むらでは標準特性のみ。,通常種は両地方で捕獲可能。進化後の通常野生化は段階解禁。,FR原作系統を地域の顔として残し、通常表・時間帯表・DexNav・大量発生を使って新種を混在。
トーホク,T507,507ばんどうろ／すいどう,中盤A,Lv.17～23,504,963,ナミイルカ,ナミイルカ → イルカマン,みず,通常生態,外来生態レイヤーへ追加,水上オーバーレイ,Lv.17～23,追加抽選4～8%,本編必須フラグを変更せず、外来生態フラグ・時間帯・DexNav・大量発生で制御,基礎種を通常配置。中間進化は高レベル地域のDexNav限定、最終進化は原則進化入手,トーホクは本編で使える低～中レベル基礎種、カントーは高レベル個体・中間進化・隠れ特性探索を担当。,R4,DexNav連鎖20以上または地方研究ランク2で隠れ特性判定を解禁。通常草むらでは標準特性のみ。,通常種は両地方で捕獲可能。進化後の通常野生化は段階解禁。,ベガ既存の野生枠を上書きせず、条件付きオーバーレイ／DexNav／夜間・水上・釣り・大量発生の追加抽選へ登録。
カントー,K32,ロケットだんアジト跡,認定章3～4,Lv.83～91,505,965,ブロロン,ブロロン → ブロロローム,どく／はがね,通常生態,外来生態レイヤーへ追加,洞窟・屋内オーバーレイ,Lv.83～91,通常表8～15%,ベガ初回殿堂入り後。認定章数でエリアと中間進化枠を段階解禁。,基礎種を通常配置。中間進化は高レベル地域のDexNav限定、最終進化は原則進化入手,トーホクは本編で使える低～中レベル基礎種、カントーは高レベル個体・中間進化・隠れ特性探索を担当。,R2,DexNav連鎖20以上または地方研究ランク2で隠れ特性判定を解禁。通常草むらでは標準特性のみ。,通常種は両地方で捕獲可能。進化後の通常野生化は段階解禁。,FR原作系統を地域の顔として残し、通常表・時間帯表・DexNav・大量発生を使って新種を混在。
トーホク,T034,D・Hビル,後半A,Lv.42～55／殿堂入り後Lv.62～78,505,965,ブロロン,ブロロン → ブロロローム,どく／はがね,通常生態,外来生態レイヤーへ追加,洞窟・屋内オーバーレイ,Lv.42～55／殿堂入り後Lv.62～78,追加抽選3～6%,本編必須フラグを変更せず、外来生態フラグ・時間帯・DexNav・大量発生で制御,基礎種を通常配置。中間進化は高レベル地域のDexNav限定、最終進化は原則進化入手,トーホクは本編で使える低～中レベル基礎種、カントーは高レベル個体・中間進化・隠れ特性探索を担当。,R2,DexNav連鎖20以上または地方研究ランク2で隠れ特性判定を解禁。通常草むらでは標準特性のみ。,通常種は両地方で捕獲可能。進化後の通常野生化は段階解禁。,ベガ既存の野生枠を上書きせず、条件付きオーバーレイ／DexNav／夜間・水上・釣り・大量発生の追加抽選へ登録。
カントー,K17,17ばんどうろ,認定章4～5,Lv.83～89,506,967,モトトカゲ,モトトカゲ,ノーマル／ドラゴン,通常生態,外来生態レイヤーへ追加,大量発生,Lv.83～89,通常0%／発生中20～35%,ベガ初回殿堂入り後。認定章数でエリアと中間進化枠を段階解禁。,基礎種を通常配置。中間進化は高レベル地域のDexNav限定、最終進化は原則進化入手,トーホクは本編で使える低～中レベル基礎種、カントーは高レベル個体・中間進化・隠れ特性探索を担当。,R4,DexNav連鎖20以上または地方研究ランク2で隠れ特性判定を解禁。通常草むらでは標準特性のみ。,通常種は両地方で捕獲可能。進化後の通常野生化は段階解禁。,FR原作系統を地域の顔として残し、通常表・時間帯表・DexNav・大量発生を使って新種を混在。
トーホク,T517,517ばんどうろ／すいどう,後半A,Lv.38～45,506,967,モトトカゲ,モトトカゲ,ノーマル／ドラゴン,通常生態,外来生態レイヤーへ追加,大量発生,Lv.38～45,通常0%／発生中20～35%,本編必須フラグを変更せず、外来生態フラグ・時間帯・DexNav・大量発生で制御,基礎種を通常配置。中間進化は高レベル地域のDexNav限定、最終進化は原則進化入手,トーホクは本編で使える低～中レベル基礎種、カントーは高レベル個体・中間進化・隠れ特性探索を担当。,R4,DexNav連鎖20以上または地方研究ランク2で隠れ特性判定を解禁。通常草むらでは標準特性のみ。,通常種は両地方で捕獲可能。進化後の通常野生化は段階解禁。,ベガ既存の野生枠を上書きせず、条件付きオーバーレイ／DexNav／夜間・水上・釣り・大量発生の追加抽選へ登録。
カントー,K28,ディグダのあな,認定章2～3,Lv.76～83,507,968,ミミズズ,ミミズズ,はがね,通常生態,外来生態レイヤーへ追加,いわくだき／DexNav,Lv.76～83,通常0%／DexNav 2～5%,ベガ初回殿堂入り後。認定章数でエリアと中間進化枠を段階解禁。,基礎種を通常配置。中間進化は高レベル地域のDexNav限定、最終進化は原則進化入手,トーホクは本編で使える低～中レベル基礎種、カントーは高レベル個体・中間進化・隠れ特性探索を担当。,R1,DexNav連鎖20以上または地方研究ランク2で隠れ特性判定を解禁。通常草むらでは標準特性のみ。,通常種は両地方で捕獲可能。進化後の通常野生化は段階解禁。,FR原作系統を地域の顔として残し、通常表・時間帯表・DexNav・大量発生を使って新種を混在。
トーホク,T518,518ばんどうろ／すいどう,後半A,Lv.40～47,507,968,ミミズズ,ミミズズ,はがね,通常生態,外来生態レイヤーへ追加,いわくだき／DexNav,Lv.40～47,通常0%／DexNav 2～5%,本編必須フラグを変更せず、外来生態フラグ・時間帯・DexNav・大量発生で制御,基礎種を通常配置。中間進化は高レベル地域のDexNav限定、最終進化は原則進化入手,トーホクは本編で使える低～中レベル基礎種、カントーは高レベル個体・中間進化・隠れ特性探索を担当。,R1,DexNav連鎖20以上または地方研究ランク2で隠れ特性判定を解禁。通常草むらでは標準特性のみ。,通常種は両地方で捕獲可能。進化後の通常野生化は段階解禁。,ベガ既存の野生枠を上書きせず、条件付きオーバーレイ／DexNav／夜間・水上・釣り・大量発生の追加抽選へ登録。
カントー,K39,ポケモンやしき,認定章6～7,Lv.91～98,508,969,キラーメ,キラーメ → キラフロル,どく／いわ,通常生態,外来生態レイヤーへ追加,洞窟・屋内オーバーレイ,Lv.91～98,通常表8～15%,ベガ初回殿堂入り後。認定章数でエリアと中間進化枠を段階解禁。,基礎種を通常配置。中間進化は高レベル地域のDexNav限定、最終進化は原則進化入手,トーホクは本編で使える低～中レベル基礎種、カントーは高レベル個体・中間進化・隠れ特性探索を担当。,R2,DexNav連鎖20以上または地方研究ランク2で隠れ特性判定を解禁。通常草むらでは標準特性のみ。,通常種は両地方で捕獲可能。進化後の通常野生化は段階解禁。,FR原作系統を地域の顔として残し、通常表・時間帯表・DexNav・大量発生を使って新種を混在。
トーホク,T043,スフィアいせき,ポストゲーム,Lv.55～70／深層Lv.75～90,508,969,キラーメ,キラーメ → キラフロル,どく／いわ,通常生態,外来生態レイヤーへ追加,洞窟・屋内オーバーレイ,Lv.55～70／深層Lv.75～90,追加抽選3～6%,本編必須フラグを変更せず、外来生態フラグ・時間帯・DexNav・大量発生で制御,基礎種を通常配置。中間進化は高レベル地域のDexNav限定、最終進化は原則進化入手,トーホクは本編で使える低～中レベル基礎種、カントーは高レベル個体・中間進化・隠れ特性探索を担当。,R2,DexNav連鎖20以上または地方研究ランク2で隠れ特性判定を解禁。通常草むらでは標準特性のみ。,通常種は両地方で捕獲可能。進化後の通常野生化は段階解禁。,ベガ既存の野生枠を上書きせず、条件付きオーバーレイ／DexNav／夜間・水上・釣り・大量発生の追加抽選へ登録。
カントー,K31,ポケモンタワー,認定章3～4,Lv.82～90,509,971,ボチ,ボチ → ハカドッグ,ゴースト,通常生態,外来生態レイヤーへ追加,夜間オーバーレイ,Lv.82～90,夜間8～12%,ベガ初回殿堂入り後。認定章数でエリアと中間進化枠を段階解禁。,基礎種を通常配置。中間進化は高レベル地域のDexNav限定、最終進化は原則進化入手,トーホクは本編で使える低～中レベル基礎種、カントーは高レベル個体・中間進化・隠れ特性探索を担当。,R4,DexNav連鎖20以上または地方研究ランク2で隠れ特性判定を解禁。通常草むらでは標準特性のみ。,通常種は両地方で捕獲可能。進化後の通常野生化は段階解禁。,FR原作系統を地域の顔として残し、通常表・時間帯表・DexNav・大量発生を使って新種を混在。
トーホク,T025,こころのやかた,序盤B,Lv.8～13／殿堂入り後Lv.45～48,509,971,ボチ,ボチ → ハカドッグ,ゴースト,通常生態,外来生態レイヤーへ追加,夜間オーバーレイ,Lv.8～13／殿堂入り後Lv.45～48,追加抽選3～6%,本編必須フラグを変更せず、外来生態フラグ・時間帯・DexNav・大量発生で制御,基礎種を通常配置。中間進化は高レベル地域のDexNav限定、最終進化は原則進化入手,トーホクは本編で使える低～中レベル基礎種、カントーは高レベル個体・中間進化・隠れ特性探索を担当。,R4,DexNav連鎖20以上または地方研究ランク2で隠れ特性判定を解禁。通常草むらでは標準特性のみ。,通常種は両地方で捕獲可能。進化後の通常野生化は段階解禁。,ベガ既存の野生枠を上書きせず、条件付きオーバーレイ／DexNav／夜間・水上・釣り・大量発生の追加抽選へ登録。
カントー,K14,14ばんどうろ,認定章4～5,Lv.84～89,510,973,カラミンゴ,カラミンゴ,かくとう／ひこう,通常生態,外来生態レイヤーへ追加,大量発生,Lv.84～89,通常0%／発生中20～35%,ベガ初回殿堂入り後。認定章数でエリアと中間進化枠を段階解禁。,基礎種を通常配置。中間進化は高レベル地域のDexNav限定、最終進化は原則進化入手,トーホクは本編で使える低～中レベル基礎種、カントーは高レベル個体・中間進化・隠れ特性探索を担当。,R2,DexNav連鎖20以上または地方研究ランク2で隠れ特性判定を解禁。通常草むらでは標準特性のみ。,通常種は両地方で捕獲可能。進化後の通常野生化は段階解禁。,FR原作系統を地域の顔として残し、通常表・時間帯表・DexNav・大量発生を使って新種を混在。
トーホク,T520,520ばんどうろ／すいどう,後半A,Lv.42～49,510,973,カラミンゴ,カラミンゴ,かくとう／ひこう,通常生態,外来生態レイヤーへ追加,大量発生,Lv.42～49,通常0%／発生中20～35%,本編必須フラグを変更せず、外来生態フラグ・時間帯・DexNav・大量発生で制御,基礎種を通常配置。中間進化は高レベル地域のDexNav限定、最終進化は原則進化入手,トーホクは本編で使える低～中レベル基礎種、カントーは高レベル個体・中間進化・隠れ特性探索を担当。,R2,DexNav連鎖20以上または地方研究ランク2で隠れ特性判定を解禁。通常草むらでは標準特性のみ。,通常種は両地方で捕獲可能。進化後の通常野生化は段階解禁。,ベガ既存の野生枠を上書きせず、条件付きオーバーレイ／DexNav／夜間・水上・釣り・大量発生の追加抽選へ登録。
カントー,K38,ふたごじま,認定章5～6,Lv.88～96,511,974,アルクジラ,アルクジラ → ハルクジラ,こおり,通常生態,外来生態レイヤーへ追加,洞窟・屋内オーバーレイ,Lv.88～96,通常表8～15%,ベガ初回殿堂入り後。認定章数でエリアと中間進化枠を段階解禁。,基礎種を通常配置。中間進化は高レベル地域のDexNav限定、最終進化は原則進化入手,トーホクは本編で使える低～中レベル基礎種、カントーは高レベル個体・中間進化・隠れ特性探索を担当。,R3,DexNav連鎖20以上または地方研究ランク2で隠れ特性判定を解禁。通常草むらでは標準特性のみ。,通常種は両地方で捕獲可能。進化後の通常野生化は段階解禁。,FR原作系統を地域の顔として残し、通常表・時間帯表・DexNav・大量発生を使って新種を混在。
トーホク,T030,こおりのしま,中盤B,Lv.30～40／殿堂入り後Lv.55～70,511,974,アルクジラ,アルクジラ → ハルクジラ,こおり,通常生態,外来生態レイヤーへ追加,洞窟・屋内オーバーレイ,Lv.30～40／殿堂入り後Lv.55～70,追加抽選3～6%,本編必須フラグを変更せず、外来生態フラグ・時間帯・DexNav・大量発生で制御,基礎種を通常配置。中間進化は高レベル地域のDexNav限定、最終進化は原則進化入手,トーホクは本編で使える低～中レベル基礎種、カントーは高レベル個体・中間進化・隠れ特性探索を担当。,R3,DexNav連鎖20以上または地方研究ランク2で隠れ特性判定を解禁。通常草むらでは標準特性のみ。,通常種は両地方で捕獲可能。進化後の通常野生化は段階解禁。,ベガ既存の野生枠を上書きせず、条件付きオーバーレイ／DexNav／夜間・水上・釣り・大量発生の追加抽選へ登録。
カントー,K19,19ばんどうろ,認定章5後,Lv.87～92,512,976,ミガルーサ,ミガルーサ,みず／エスパー,通常生態,外来生態レイヤーへ追加,水上オーバーレイ,Lv.87～92,通常表10～20%,ベガ初回殿堂入り後。認定章数でエリアと中間進化枠を段階解禁。,基礎種を通常配置。中間進化は高レベル地域のDexNav限定、最終進化は原則進化入手,トーホクは本編で使える低～中レベル基礎種、カントーは高レベル個体・中間進化・隠れ特性探索を担当。,R1,DexNav連鎖20以上または地方研究ランク2で隠れ特性判定を解禁。通常草むらでは標準特性のみ。,通常種は両地方で捕獲可能。進化後の通常野生化は段階解禁。,FR原作系統を地域の顔として残し、通常表・時間帯表・DexNav・大量発生を使って新種を混在。
トーホク,T510,510ばんどうろ／すいどう,中盤B,Lv.24～30,512,976,ミガルーサ,ミガルーサ,みず／エスパー,通常生態,外来生態レイヤーへ追加,水上オーバーレイ,Lv.24～30,追加抽選4～8%,本編必須フラグを変更せず、外来生態フラグ・時間帯・DexNav・大量発生で制御,基礎種を通常配置。中間進化は高レベル地域のDexNav限定、最終進化は原則進化入手,トーホクは本編で使える低～中レベル基礎種、カントーは高レベル個体・中間進化・隠れ特性探索を担当。,R1,DexNav連鎖20以上または地方研究ランク2で隠れ特性判定を解禁。通常草むらでは標準特性のみ。,通常種は両地方で捕獲可能。進化後の通常野生化は段階解禁。,ベガ既存の野生枠を上書きせず、条件付きオーバーレイ／DexNav／夜間・水上・釣り・大量発生の追加抽選へ登録。
カントー,K21,21ばんどうろ,認定章6前後,Lv.89～94,513,977,ヘイラッシャ,ヘイラッシャ,みず,通常生態,外来生態レイヤーへ追加,釣りオーバーレイ,Lv.89～94,通常表10～20%,ベガ初回殿堂入り後。認定章数でエリアと中間進化枠を段階解禁。,基礎種を通常配置。中間進化は高レベル地域のDexNav限定、最終進化は原則進化入手,トーホクは本編で使える低～中レベル基礎種、カントーは高レベル個体・中間進化・隠れ特性探索を担当。,R2,DexNav連鎖20以上または地方研究ランク2で隠れ特性判定を解禁。通常草むらでは標準特性のみ。,通常種は両地方で捕獲可能。進化後の通常野生化は段階解禁。,FR原作系統を地域の顔として残し、通常表・時間帯表・DexNav・大量発生を使って新種を混在。
トーホク,T523,523ばんどうろ／すいどう,リーグ前,Lv.55～65,513,977,ヘイラッシャ,ヘイラッシャ,みず,通常生態,外来生態レイヤーへ追加,釣りオーバーレイ,Lv.55～65,追加抽選4～8%,本編必須フラグを変更せず、外来生態フラグ・時間帯・DexNav・大量発生で制御,基礎種を通常配置。中間進化は高レベル地域のDexNav限定、最終進化は原則進化入手,トーホクは本編で使える低～中レベル基礎種、カントーは高レベル個体・中間進化・隠れ特性探索を担当。,R2,DexNav連鎖20以上または地方研究ランク2で隠れ特性判定を解禁。通常草むらでは標準特性のみ。,通常種は両地方で捕獲可能。進化後の通常野生化は段階解禁。,ベガ既存の野生枠を上書きせず、条件付きオーバーレイ／DexNav／夜間・水上・釣り・大量発生の追加抽選へ登録。
カントー,K21,21ばんどうろ,認定章6前後,Lv.89～94,514,978,シャリタツ,シャリタツ,みず／ドラゴン,通常生態,外来生態レイヤーへ追加,水上オーバーレイ,Lv.89～94,通常表10～20%,ベガ初回殿堂入り後。認定章数でエリアと中間進化枠を段階解禁。,基礎種を通常配置。中間進化は高レベル地域のDexNav限定、最終進化は原則進化入手,トーホクは本編で使える低～中レベル基礎種、カントーは高レベル個体・中間進化・隠れ特性探索を担当。,R3,DexNav連鎖20以上または地方研究ランク2で隠れ特性判定を解禁。通常草むらでは標準特性のみ。,通常種は両地方で捕獲可能。進化後の通常野生化は段階解禁。,FR原作系統を地域の顔として残し、通常表・時間帯表・DexNav・大量発生を使って新種を混在。
トーホク,T523,523ばんどうろ／すいどう,リーグ前,Lv.55～65,514,978,シャリタツ,シャリタツ,みず／ドラゴン,通常生態,外来生態レイヤーへ追加,水上オーバーレイ,Lv.55～65,追加抽選4～8%,本編必須フラグを変更せず、外来生態フラグ・時間帯・DexNav・大量発生で制御,基礎種を通常配置。中間進化は高レベル地域のDexNav限定、最終進化は原則進化入手,トーホクは本編で使える低～中レベル基礎種、カントーは高レベル個体・中間進化・隠れ特性探索を担当。,R3,DexNav連鎖20以上または地方研究ランク2で隠れ特性判定を解禁。通常草むらでは標準特性のみ。,通常種は両地方で捕獲可能。進化後の通常野生化は段階解禁。,ベガ既存の野生枠を上書きせず、条件付きオーバーレイ／DexNav／夜間・水上・釣り・大量発生の追加抽選へ登録。
カントー,EVENT_K,ハナダのどうくつ・共鳴裂け目,固定イベント／共鳴クエスト,Lv.90,515,984,イダイナキバ,イダイナキバ,かくとう／じめん,パラドックスポケモン,固定イベント追加,固定シンボル／専用クエスト,Lv.90,原則1体・撃破時復活,スフィアいせき後,固定シンボル／イベント専用。主捕獲地方でのみ捕獲し、副地方は手掛かり・共鳴戦・素材報酬。,主地方で1個体だけ捕獲し、副地方では手掛かり・共鳴戦・専用素材を扱う。捕獲済みフラグは両地方で共有し、重複個体を与えない。,イベント専用,固定個体の特性はイベント定義。隠れ特性は報酬・再戦・特性パッチで救済。,共有捕獲フラグで全地方1個体。撃破時のみ再出現、捕獲後は素材・再戦へ分岐。,野生通常表、DexNav通常検索、大量発生には登録しない。
トーホク,EVENT_T,スフィアいせき・裂け目区画,固定イベント／共鳴クエスト,イベント別,515,984,イダイナキバ,イダイナキバ,かくとう／じめん,パラドックスポケモン,固定イベント追加,手掛かり／共鳴戦／専用素材,イベント別,重複捕獲なし,スフィアいせき後＋主地方の捕獲フラグ共有,固定シンボル／イベント専用。主捕獲地方でのみ捕獲し、副地方は手掛かり・共鳴戦・素材報酬。,主地方で1個体だけ捕獲し、副地方では手掛かり・共鳴戦・専用素材を扱う。捕獲済みフラグは両地方で共有し、重複個体を与えない。,イベント専用,固定個体の特性はイベント定義。隠れ特性は報酬・再戦・特性パッチで救済。,共有捕獲フラグで全地方1個体。撃破時のみ再出現、捕獲後は素材・再戦へ分岐。,野生通常表、DexNav通常検索、大量発生には登録しない。
カントー,EVENT_K,ハナダのどうくつ・共鳴裂け目,固定イベント／共鳴クエスト,イベント別,516,985,サケブシッポ,サケブシッポ,エスパー／フェアリー,パラドックスポケモン,固定イベント追加,手掛かり／共鳴戦／専用素材,イベント別,重複捕獲なし,スフィアいせき後＋主地方の捕獲フラグ共有,固定シンボル／イベント専用。主捕獲地方でのみ捕獲し、副地方は手掛かり・共鳴戦・素材報酬。,主地方で1個体だけ捕獲し、副地方では手掛かり・共鳴戦・専用素材を扱う。捕獲済みフラグは両地方で共有し、重複個体を与えない。,イベント専用,固定個体の特性はイベント定義。隠れ特性は報酬・再戦・特性パッチで救済。,共有捕獲フラグで全地方1個体。撃破時のみ再出現、捕獲後は素材・再戦へ分岐。,野生通常表、DexNav通常検索、大量発生には登録しない。
トーホク,EVENT_T,スフィアいせき・裂け目区画,固定イベント／共鳴クエスト,Lv.90,516,985,サケブシッポ,サケブシッポ,エスパー／フェアリー,パラドックスポケモン,固定イベント追加,固定シンボル／専用クエスト,Lv.90,原則1体・撃破時復活,スフィアいせき後,固定シンボル／イベント専用。主捕獲地方でのみ捕獲し、副地方は手掛かり・共鳴戦・素材報酬。,主地方で1個体だけ捕獲し、副地方では手掛かり・共鳴戦・専用素材を扱う。捕獲済みフラグは両地方で共有し、重複個体を与えない。,イベント専用,固定個体の特性はイベント定義。隠れ特性は報酬・再戦・特性パッチで救済。,共有捕獲フラグで全地方1個体。撃破時のみ再出現、捕獲後は素材・再戦へ分岐。,野生通常表、DexNav通常検索、大量発生には登録しない。
カントー,EVENT_K,ハナダのどうくつ・共鳴裂け目,固定イベント／共鳴クエスト,Lv.90,517,986,アラブルタケ,アラブルタケ,くさ／あく,パラドックスポケモン,固定イベント追加,固定シンボル／専用クエスト,Lv.90,原則1体・撃破時復活,スフィアいせき後,固定シンボル／イベント専用。主捕獲地方でのみ捕獲し、副地方は手掛かり・共鳴戦・素材報酬。,主地方で1個体だけ捕獲し、副地方では手掛かり・共鳴戦・専用素材を扱う。捕獲済みフラグは両地方で共有し、重複個体を与えない。,イベント専用,固定個体の特性はイベント定義。隠れ特性は報酬・再戦・特性パッチで救済。,共有捕獲フラグで全地方1個体。撃破時のみ再出現、捕獲後は素材・再戦へ分岐。,野生通常表、DexNav通常検索、大量発生には登録しない。
トーホク,EVENT_T,スフィアいせき・裂け目区画,固定イベント／共鳴クエスト,イベント別,517,986,アラブルタケ,アラブルタケ,くさ／あく,パラドックスポケモン,固定イベント追加,手掛かり／共鳴戦／専用素材,イベント別,重複捕獲なし,スフィアいせき後＋主地方の捕獲フラグ共有,固定シンボル／イベント専用。主捕獲地方でのみ捕獲し、副地方は手掛かり・共鳴戦・素材報酬。,主地方で1個体だけ捕獲し、副地方では手掛かり・共鳴戦・専用素材を扱う。捕獲済みフラグは両地方で共有し、重複個体を与えない。,イベント専用,固定個体の特性はイベント定義。隠れ特性は報酬・再戦・特性パッチで救済。,共有捕獲フラグで全地方1個体。撃破時のみ再出現、捕獲後は素材・再戦へ分岐。,野生通常表、DexNav通常検索、大量発生には登録しない。
カントー,EVENT_K,ハナダのどうくつ・共鳴裂け目,固定イベント／共鳴クエスト,イベント別,518,987,ハバタクカミ,ハバタクカミ,ゴースト／フェアリー,パラドックスポケモン,固定イベント追加,手掛かり／共鳴戦／専用素材,イベント別,重複捕獲なし,スフィアいせき後＋主地方の捕獲フラグ共有,固定シンボル／イベント専用。主捕獲地方でのみ捕獲し、副地方は手掛かり・共鳴戦・素材報酬。,主地方で1個体だけ捕獲し、副地方では手掛かり・共鳴戦・専用素材を扱う。捕獲済みフラグは両地方で共有し、重複個体を与えない。,イベント専用,固定個体の特性はイベント定義。隠れ特性は報酬・再戦・特性パッチで救済。,共有捕獲フラグで全地方1個体。撃破時のみ再出現、捕獲後は素材・再戦へ分岐。,野生通常表、DexNav通常検索、大量発生には登録しない。
トーホク,EVENT_T,スフィアいせき・裂け目区画,固定イベント／共鳴クエスト,Lv.90,518,987,ハバタクカミ,ハバタクカミ,ゴースト／フェアリー,パラドックスポケモン,固定イベント追加,固定シンボル／専用クエスト,Lv.90,原則1体・撃破時復活,スフィアいせき後,固定シンボル／イベント専用。主捕獲地方でのみ捕獲し、副地方は手掛かり・共鳴戦・素材報酬。,主地方で1個体だけ捕獲し、副地方では手掛かり・共鳴戦・専用素材を扱う。捕獲済みフラグは両地方で共有し、重複個体を与えない。,イベント専用,固定個体の特性はイベント定義。隠れ特性は報酬・再戦・特性パッチで救済。,共有捕獲フラグで全地方1個体。撃破時のみ再出現、捕獲後は素材・再戦へ分岐。,野生通常表、DexNav通常検索、大量発生には登録しない。
カントー,EVENT_K,ハナダのどうくつ・共鳴裂け目,固定イベント／共鳴クエスト,Lv.90,519,988,チヲハウハネ,チヲハウハネ,かくとう／むし,パラドックスポケモン,固定イベント追加,固定シンボル／専用クエスト,Lv.90,原則1体・撃破時復活,スフィアいせき後,固定シンボル／イベント専用。主捕獲地方でのみ捕獲し、副地方は手掛かり・共鳴戦・素材報酬。,主地方で1個体だけ捕獲し、副地方では手掛かり・共鳴戦・専用素材を扱う。捕獲済みフラグは両地方で共有し、重複個体を与えない。,イベント専用,固定個体の特性はイベント定義。隠れ特性は報酬・再戦・特性パッチで救済。,共有捕獲フラグで全地方1個体。撃破時のみ再出現、捕獲後は素材・再戦へ分岐。,野生通常表、DexNav通常検索、大量発生には登録しない。
トーホク,EVENT_T,スフィアいせき・裂け目区画,固定イベント／共鳴クエスト,イベント別,519,988,チヲハウハネ,チヲハウハネ,かくとう／むし,パラドックスポケモン,固定イベント追加,手掛かり／共鳴戦／専用素材,イベント別,重複捕獲なし,スフィアいせき後＋主地方の捕獲フラグ共有,固定シンボル／イベント専用。主捕獲地方でのみ捕獲し、副地方は手掛かり・共鳴戦・素材報酬。,主地方で1個体だけ捕獲し、副地方では手掛かり・共鳴戦・専用素材を扱う。捕獲済みフラグは両地方で共有し、重複個体を与えない。,イベント専用,固定個体の特性はイベント定義。隠れ特性は報酬・再戦・特性パッチで救済。,共有捕獲フラグで全地方1個体。撃破時のみ再出現、捕獲後は素材・再戦へ分岐。,野生通常表、DexNav通常検索、大量発生には登録しない。
カントー,EVENT_K,ハナダのどうくつ・共鳴裂け目,固定イベント／共鳴クエスト,イベント別,520,989,スナノケガワ,スナノケガワ,じめん／でんき,パラドックスポケモン,固定イベント追加,手掛かり／共鳴戦／専用素材,イベント別,重複捕獲なし,スフィアいせき後＋主地方の捕獲フラグ共有,固定シンボル／イベント専用。主捕獲地方でのみ捕獲し、副地方は手掛かり・共鳴戦・素材報酬。,主地方で1個体だけ捕獲し、副地方では手掛かり・共鳴戦・専用素材を扱う。捕獲済みフラグは両地方で共有し、重複個体を与えない。,イベント専用,固定個体の特性はイベント定義。隠れ特性は報酬・再戦・特性パッチで救済。,共有捕獲フラグで全地方1個体。撃破時のみ再出現、捕獲後は素材・再戦へ分岐。,野生通常表、DexNav通常検索、大量発生には登録しない。
トーホク,EVENT_T,スフィアいせき・裂け目区画,固定イベント／共鳴クエスト,Lv.90,520,989,スナノケガワ,スナノケガワ,じめん／でんき,パラドックスポケモン,固定イベント追加,固定シンボル／専用クエスト,Lv.90,原則1体・撃破時復活,スフィアいせき後,固定シンボル／イベント専用。主捕獲地方でのみ捕獲し、副地方は手掛かり・共鳴戦・素材報酬。,主地方で1個体だけ捕獲し、副地方では手掛かり・共鳴戦・専用素材を扱う。捕獲済みフラグは両地方で共有し、重複個体を与えない。,イベント専用,固定個体の特性はイベント定義。隠れ特性は報酬・再戦・特性パッチで救済。,共有捕獲フラグで全地方1個体。撃破時のみ再出現、捕獲後は素材・再戦へ分岐。,野生通常表、DexNav通常検索、大量発生には登録しない。
カントー,EVENT_K,ハナダのどうくつ・共鳴裂け目,固定イベント／共鳴クエスト,Lv.90,521,990,テツノワダチ,テツノワダチ,じめん／はがね,パラドックスポケモン,固定イベント追加,固定シンボル／専用クエスト,Lv.90,原則1体・撃破時復活,スフィアいせき後,固定シンボル／イベント専用。主捕獲地方でのみ捕獲し、副地方は手掛かり・共鳴戦・素材報酬。,主地方で1個体だけ捕獲し、副地方では手掛かり・共鳴戦・専用素材を扱う。捕獲済みフラグは両地方で共有し、重複個体を与えない。,イベント専用,固定個体の特性はイベント定義。隠れ特性は報酬・再戦・特性パッチで救済。,共有捕獲フラグで全地方1個体。撃破時のみ再出現、捕獲後は素材・再戦へ分岐。,野生通常表、DexNav通常検索、大量発生には登録しない。
トーホク,EVENT_T,スフィアいせき・裂け目区画,固定イベント／共鳴クエスト,イベント別,521,990,テツノワダチ,テツノワダチ,じめん／はがね,パラドックスポケモン,固定イベント追加,手掛かり／共鳴戦／専用素材,イベント別,重複捕獲なし,スフィアいせき後＋主地方の捕獲フラグ共有,固定シンボル／イベント専用。主捕獲地方でのみ捕獲し、副地方は手掛かり・共鳴戦・素材報酬。,主地方で1個体だけ捕獲し、副地方では手掛かり・共鳴戦・専用素材を扱う。捕獲済みフラグは両地方で共有し、重複個体を与えない。,イベント専用,固定個体の特性はイベント定義。隠れ特性は報酬・再戦・特性パッチで救済。,共有捕獲フラグで全地方1個体。撃破時のみ再出現、捕獲後は素材・再戦へ分岐。,野生通常表、DexNav通常検索、大量発生には登録しない。
カントー,EVENT_K,ハナダのどうくつ・共鳴裂け目,固定イベント／共鳴クエスト,イベント別,522,991,テツノツツミ,テツノツツミ,みず／こおり,パラドックスポケモン,固定イベント追加,手掛かり／共鳴戦／専用素材,イベント別,重複捕獲なし,スフィアいせき後＋主地方の捕獲フラグ共有,固定シンボル／イベント専用。主捕獲地方でのみ捕獲し、副地方は手掛かり・共鳴戦・素材報酬。,主地方で1個体だけ捕獲し、副地方では手掛かり・共鳴戦・専用素材を扱う。捕獲済みフラグは両地方で共有し、重複個体を与えない。,イベント専用,固定個体の特性はイベント定義。隠れ特性は報酬・再戦・特性パッチで救済。,共有捕獲フラグで全地方1個体。撃破時のみ再出現、捕獲後は素材・再戦へ分岐。,野生通常表、DexNav通常検索、大量発生には登録しない。
トーホク,EVENT_T,スフィアいせき・裂け目区画,固定イベント／共鳴クエスト,Lv.90,522,991,テツノツツミ,テツノツツミ,みず／こおり,パラドックスポケモン,固定イベント追加,固定シンボル／専用クエスト,Lv.90,原則1体・撃破時復活,スフィアいせき後,固定シンボル／イベント専用。主捕獲地方でのみ捕獲し、副地方は手掛かり・共鳴戦・素材報酬。,主地方で1個体だけ捕獲し、副地方では手掛かり・共鳴戦・専用素材を扱う。捕獲済みフラグは両地方で共有し、重複個体を与えない。,イベント専用,固定個体の特性はイベント定義。隠れ特性は報酬・再戦・特性パッチで救済。,共有捕獲フラグで全地方1個体。撃破時のみ再出現、捕獲後は素材・再戦へ分岐。,野生通常表、DexNav通常検索、大量発生には登録しない。
カントー,EVENT_K,ハナダのどうくつ・共鳴裂け目,固定イベント／共鳴クエスト,Lv.90,523,992,テツノカイナ,テツノカイナ,かくとう／でんき,パラドックスポケモン,固定イベント追加,固定シンボル／専用クエスト,Lv.90,原則1体・撃破時復活,スフィアいせき後,固定シンボル／イベント専用。主捕獲地方でのみ捕獲し、副地方は手掛かり・共鳴戦・素材報酬。,主地方で1個体だけ捕獲し、副地方では手掛かり・共鳴戦・専用素材を扱う。捕獲済みフラグは両地方で共有し、重複個体を与えない。,イベント専用,固定個体の特性はイベント定義。隠れ特性は報酬・再戦・特性パッチで救済。,共有捕獲フラグで全地方1個体。撃破時のみ再出現、捕獲後は素材・再戦へ分岐。,野生通常表、DexNav通常検索、大量発生には登録しない。
トーホク,EVENT_T,スフィアいせき・裂け目区画,固定イベント／共鳴クエスト,イベント別,523,992,テツノカイナ,テツノカイナ,かくとう／でんき,パラドックスポケモン,固定イベント追加,手掛かり／共鳴戦／専用素材,イベント別,重複捕獲なし,スフィアいせき後＋主地方の捕獲フラグ共有,固定シンボル／イベント専用。主捕獲地方でのみ捕獲し、副地方は手掛かり・共鳴戦・素材報酬。,主地方で1個体だけ捕獲し、副地方では手掛かり・共鳴戦・専用素材を扱う。捕獲済みフラグは両地方で共有し、重複個体を与えない。,イベント専用,固定個体の特性はイベント定義。隠れ特性は報酬・再戦・特性パッチで救済。,共有捕獲フラグで全地方1個体。撃破時のみ再出現、捕獲後は素材・再戦へ分岐。,野生通常表、DexNav通常検索、大量発生には登録しない。
カントー,EVENT_K,ハナダのどうくつ・共鳴裂け目,固定イベント／共鳴クエスト,イベント別,524,993,テツノコウベ,テツノコウベ,ひこう／あく,パラドックスポケモン,固定イベント追加,手掛かり／共鳴戦／専用素材,イベント別,重複捕獲なし,スフィアいせき後＋主地方の捕獲フラグ共有,固定シンボル／イベント専用。主捕獲地方でのみ捕獲し、副地方は手掛かり・共鳴戦・素材報酬。,主地方で1個体だけ捕獲し、副地方では手掛かり・共鳴戦・専用素材を扱う。捕獲済みフラグは両地方で共有し、重複個体を与えない。,イベント専用,固定個体の特性はイベント定義。隠れ特性は報酬・再戦・特性パッチで救済。,共有捕獲フラグで全地方1個体。撃破時のみ再出現、捕獲後は素材・再戦へ分岐。,野生通常表、DexNav通常検索、大量発生には登録しない。
トーホク,EVENT_T,スフィアいせき・裂け目区画,固定イベント／共鳴クエスト,Lv.90,524,993,テツノコウベ,テツノコウベ,ひこう／あく,パラドックスポケモン,固定イベント追加,固定シンボル／専用クエスト,Lv.90,原則1体・撃破時復活,スフィアいせき後,固定シンボル／イベント専用。主捕獲地方でのみ捕獲し、副地方は手掛かり・共鳴戦・素材報酬。,主地方で1個体だけ捕獲し、副地方では手掛かり・共鳴戦・専用素材を扱う。捕獲済みフラグは両地方で共有し、重複個体を与えない。,イベント専用,固定個体の特性はイベント定義。隠れ特性は報酬・再戦・特性パッチで救済。,共有捕獲フラグで全地方1個体。撃破時のみ再出現、捕獲後は素材・再戦へ分岐。,野生通常表、DexNav通常検索、大量発生には登録しない。
カントー,EVENT_K,ハナダのどうくつ・共鳴裂け目,固定イベント／共鳴クエスト,Lv.90,525,994,テツノドクガ,テツノドクガ,どく／ほのお,パラドックスポケモン,固定イベント追加,固定シンボル／専用クエスト,Lv.90,原則1体・撃破時復活,スフィアいせき後,固定シンボル／イベント専用。主捕獲地方でのみ捕獲し、副地方は手掛かり・共鳴戦・素材報酬。,主地方で1個体だけ捕獲し、副地方では手掛かり・共鳴戦・専用素材を扱う。捕獲済みフラグは両地方で共有し、重複個体を与えない。,イベント専用,固定個体の特性はイベント定義。隠れ特性は報酬・再戦・特性パッチで救済。,共有捕獲フラグで全地方1個体。撃破時のみ再出現、捕獲後は素材・再戦へ分岐。,野生通常表、DexNav通常検索、大量発生には登録しない。
トーホク,EVENT_T,スフィアいせき・裂け目区画,固定イベント／共鳴クエスト,イベント別,525,994,テツノドクガ,テツノドクガ,どく／ほのお,パラドックスポケモン,固定イベント追加,手掛かり／共鳴戦／専用素材,イベント別,重複捕獲なし,スフィアいせき後＋主地方の捕獲フラグ共有,固定シンボル／イベント専用。主捕獲地方でのみ捕獲し、副地方は手掛かり・共鳴戦・素材報酬。,主地方で1個体だけ捕獲し、副地方では手掛かり・共鳴戦・専用素材を扱う。捕獲済みフラグは両地方で共有し、重複個体を与えない。,イベント専用,固定個体の特性はイベント定義。隠れ特性は報酬・再戦・特性パッチで救済。,共有捕獲フラグで全地方1個体。撃破時のみ再出現、捕獲後は素材・再戦へ分岐。,野生通常表、DexNav通常検索、大量発生には登録しない。
カントー,EVENT_K,ハナダのどうくつ・共鳴裂け目,固定イベント／共鳴クエスト,イベント別,526,995,テツノイバラ,テツノイバラ,いわ／でんき,パラドックスポケモン,固定イベント追加,手掛かり／共鳴戦／専用素材,イベント別,重複捕獲なし,スフィアいせき後＋主地方の捕獲フラグ共有,固定シンボル／イベント専用。主捕獲地方でのみ捕獲し、副地方は手掛かり・共鳴戦・素材報酬。,主地方で1個体だけ捕獲し、副地方では手掛かり・共鳴戦・専用素材を扱う。捕獲済みフラグは両地方で共有し、重複個体を与えない。,イベント専用,固定個体の特性はイベント定義。隠れ特性は報酬・再戦・特性パッチで救済。,共有捕獲フラグで全地方1個体。撃破時のみ再出現、捕獲後は素材・再戦へ分岐。,野生通常表、DexNav通常検索、大量発生には登録しない。
トーホク,EVENT_T,スフィアいせき・裂け目区画,固定イベント／共鳴クエスト,Lv.90,526,995,テツノイバラ,テツノイバラ,いわ／でんき,パラドックスポケモン,固定イベント追加,固定シンボル／専用クエスト,Lv.90,原則1体・撃破時復活,スフィアいせき後,固定シンボル／イベント専用。主捕獲地方でのみ捕獲し、副地方は手掛かり・共鳴戦・素材報酬。,主地方で1個体だけ捕獲し、副地方では手掛かり・共鳴戦・専用素材を扱う。捕獲済みフラグは両地方で共有し、重複個体を与えない。,イベント専用,固定個体の特性はイベント定義。隠れ特性は報酬・再戦・特性パッチで救済。,共有捕獲フラグで全地方1個体。撃破時のみ再出現、捕獲後は素材・再戦へ分岐。,野生通常表、DexNav通常検索、大量発生には登録しない。
カントー,K42,チャンピオンロード,認定章8後,Lv.94～100,527,996,セビエ,セビエ → セゴール → セグレイブ,こおり／ドラゴン,600族,外来生態レイヤーへ追加,DexNav隠し枠,Lv.94～100,通常0%／DexNav 1～2%,ベガ初回殿堂入り後。認定章数でエリアと中間進化枠を段階解禁。,基礎種のみ通常枠。中間進化は殿堂入り後DexNav、最終進化は野生禁止,トーホクは本編で使える低～中レベル基礎種、カントーは高レベル個体・中間進化・隠れ特性探索を担当。,R1,DexNav連鎖20以上または地方研究ランク2で隠れ特性判定を解禁。通常草むらでは標準特性のみ。,通常種は両地方で捕獲可能。進化後の通常野生化は段階解禁。,FR原作系統を地域の顔として残し、通常表・時間帯表・DexNav・大量発生を使って新種を混在。
トーホク,T031,ユキユキやま,中盤C,Lv.36～46／殿堂入り後Lv.58～72,527,996,セビエ,セビエ → セゴール → セグレイブ,こおり／ドラゴン,600族,外来生態レイヤーへ追加,DexNav隠し枠,Lv.36～46／殿堂入り後Lv.58～72,通常0%／DexNav 1～2%,本編必須フラグを変更せず、外来生態フラグ・時間帯・DexNav・大量発生で制御,基礎種のみ通常枠。中間進化は殿堂入り後DexNav、最終進化は野生禁止,トーホクは本編で使える低～中レベル基礎種、カントーは高レベル個体・中間進化・隠れ特性探索を担当。,R1,DexNav連鎖20以上または地方研究ランク2で隠れ特性判定を解禁。通常草むらでは標準特性のみ。,通常種は両地方で捕獲可能。進化後の通常野生化は段階解禁。,ベガ既存の野生枠を上書きせず、条件付きオーバーレイ／DexNav／夜間・水上・釣り・大量発生の追加抽選へ登録。
カントー,K41,シルフカンパニー,認定章5～6,Lv.90～97（異常遭遇）,528,999,コレクレー,コレクレー → サーフゴー,ゴースト／はがね,人工・無機物,外来生態レイヤーへ追加,屋内異常遭遇／DexNav,Lv.90～97（異常遭遇）,通常0%／DexNav 2～5%,ベガ初回殿堂入り後。認定章数でエリアと中間進化枠を段階解禁。,基礎種を通常配置。中間進化は高レベル地域のDexNav限定、最終進化は原則進化入手,トーホクは本編で使える低～中レベル基礎種、カントーは高レベル個体・中間進化・隠れ特性探索を担当。,R4,DexNav連鎖20以上または地方研究ランク2で隠れ特性判定を解禁。通常草むらでは標準特性のみ。,通常種は両地方で捕獲可能。進化後の通常野生化は段階解禁。,FR原作系統を地域の顔として残し、通常表・時間帯表・DexNav・大量発生を使って新種を混在。
トーホク,T043,スフィアいせき,ポストゲーム,Lv.55～70／深層Lv.75～90,528,999,コレクレー,コレクレー → サーフゴー,ゴースト／はがね,人工・無機物,外来生態レイヤーへ追加,屋内異常遭遇／DexNav,Lv.55～70／深層Lv.75～90,通常0%／DexNav 2～5%,本編必須フラグを変更せず、外来生態フラグ・時間帯・DexNav・大量発生で制御,基礎種を通常配置。中間進化は高レベル地域のDexNav限定、最終進化は原則進化入手,トーホクは本編で使える低～中レベル基礎種、カントーは高レベル個体・中間進化・隠れ特性探索を担当。,R4,DexNav連鎖20以上または地方研究ランク2で隠れ特性判定を解禁。通常草むらでは標準特性のみ。,通常種は両地方で捕獲可能。進化後の通常野生化は段階解禁。,ベガ既存の野生枠を上書きせず、条件付きオーバーレイ／DexNav／夜間・水上・釣り・大量発生の追加抽選へ登録。
カントー,EVENT_K,カントー四祠（森・雪・洞窟・火山）,固定イベント／共鳴クエスト,イベント別,529,1001,チオンジェン,チオンジェン,くさ／あく,伝説,固定イベント追加,手掛かり／共鳴戦／専用素材,イベント別,重複捕獲なし,スフィアいせき後＋主地方の捕獲フラグ共有,固定シンボル／イベント専用。主捕獲地方でのみ捕獲し、副地方は手掛かり・共鳴戦・素材報酬。,主地方で1個体だけ捕獲し、副地方では手掛かり・共鳴戦・専用素材を扱う。捕獲済みフラグは両地方で共有し、重複個体を与えない。,イベント専用,固定個体の特性はイベント定義。隠れ特性は報酬・再戦・特性パッチで救済。,共有捕獲フラグで全地方1個体。撃破時のみ再出現、捕獲後は素材・再戦へ分岐。,野生通常表、DexNav通常検索、大量発生には登録しない。
トーホク,EVENT_T,トーホク各地の封印祠,固定イベント／共鳴クエスト,Lv.90,529,1001,チオンジェン,チオンジェン,くさ／あく,伝説,固定イベント追加,固定シンボル／専用クエスト,Lv.90,原則1体・撃破時復活,スフィアいせき後,固定シンボル／イベント専用。主捕獲地方でのみ捕獲し、副地方は手掛かり・共鳴戦・素材報酬。,主地方で1個体だけ捕獲し、副地方では手掛かり・共鳴戦・専用素材を扱う。捕獲済みフラグは両地方で共有し、重複個体を与えない。,イベント専用,固定個体の特性はイベント定義。隠れ特性は報酬・再戦・特性パッチで救済。,共有捕獲フラグで全地方1個体。撃破時のみ再出現、捕獲後は素材・再戦へ分岐。,野生通常表、DexNav通常検索、大量発生には登録しない。
カントー,EVENT_K,カントー四祠（森・雪・洞窟・火山）,固定イベント／共鳴クエスト,イベント別,530,1002,パオジアン,パオジアン,こおり／あく,伝説,固定イベント追加,手掛かり／共鳴戦／専用素材,イベント別,重複捕獲なし,スフィアいせき後＋主地方の捕獲フラグ共有,固定シンボル／イベント専用。主捕獲地方でのみ捕獲し、副地方は手掛かり・共鳴戦・素材報酬。,主地方で1個体だけ捕獲し、副地方では手掛かり・共鳴戦・専用素材を扱う。捕獲済みフラグは両地方で共有し、重複個体を与えない。,イベント専用,固定個体の特性はイベント定義。隠れ特性は報酬・再戦・特性パッチで救済。,共有捕獲フラグで全地方1個体。撃破時のみ再出現、捕獲後は素材・再戦へ分岐。,野生通常表、DexNav通常検索、大量発生には登録しない。
トーホク,EVENT_T,トーホク各地の封印祠,固定イベント／共鳴クエスト,Lv.90,530,1002,パオジアン,パオジアン,こおり／あく,伝説,固定イベント追加,固定シンボル／専用クエスト,Lv.90,原則1体・撃破時復活,スフィアいせき後,固定シンボル／イベント専用。主捕獲地方でのみ捕獲し、副地方は手掛かり・共鳴戦・素材報酬。,主地方で1個体だけ捕獲し、副地方では手掛かり・共鳴戦・専用素材を扱う。捕獲済みフラグは両地方で共有し、重複個体を与えない。,イベント専用,固定個体の特性はイベント定義。隠れ特性は報酬・再戦・特性パッチで救済。,共有捕獲フラグで全地方1個体。撃破時のみ再出現、捕獲後は素材・再戦へ分岐。,野生通常表、DexNav通常検索、大量発生には登録しない。
カントー,EVENT_K,カントー四祠（森・雪・洞窟・火山）,固定イベント／共鳴クエスト,イベント別,531,1003,ディンルー,ディンルー,じめん／あく,伝説,固定イベント追加,手掛かり／共鳴戦／専用素材,イベント別,重複捕獲なし,スフィアいせき後＋主地方の捕獲フラグ共有,固定シンボル／イベント専用。主捕獲地方でのみ捕獲し、副地方は手掛かり・共鳴戦・素材報酬。,主地方で1個体だけ捕獲し、副地方では手掛かり・共鳴戦・専用素材を扱う。捕獲済みフラグは両地方で共有し、重複個体を与えない。,イベント専用,固定個体の特性はイベント定義。隠れ特性は報酬・再戦・特性パッチで救済。,共有捕獲フラグで全地方1個体。撃破時のみ再出現、捕獲後は素材・再戦へ分岐。,野生通常表、DexNav通常検索、大量発生には登録しない。
トーホク,EVENT_T,トーホク各地の封印祠,固定イベント／共鳴クエスト,Lv.90,531,1003,ディンルー,ディンルー,じめん／あく,伝説,固定イベント追加,固定シンボル／専用クエスト,Lv.90,原則1体・撃破時復活,スフィアいせき後,固定シンボル／イベント専用。主捕獲地方でのみ捕獲し、副地方は手掛かり・共鳴戦・素材報酬。,主地方で1個体だけ捕獲し、副地方では手掛かり・共鳴戦・専用素材を扱う。捕獲済みフラグは両地方で共有し、重複個体を与えない。,イベント専用,固定個体の特性はイベント定義。隠れ特性は報酬・再戦・特性パッチで救済。,共有捕獲フラグで全地方1個体。撃破時のみ再出現、捕獲後は素材・再戦へ分岐。,野生通常表、DexNav通常検索、大量発生には登録しない。
カントー,EVENT_K,カントー四祠（森・雪・洞窟・火山）,固定イベント／共鳴クエスト,イベント別,532,1004,イーユイ,イーユイ,ほのお／あく,伝説,固定イベント追加,手掛かり／共鳴戦／専用素材,イベント別,重複捕獲なし,スフィアいせき後＋主地方の捕獲フラグ共有,固定シンボル／イベント専用。主捕獲地方でのみ捕獲し、副地方は手掛かり・共鳴戦・素材報酬。,主地方で1個体だけ捕獲し、副地方では手掛かり・共鳴戦・専用素材を扱う。捕獲済みフラグは両地方で共有し、重複個体を与えない。,イベント専用,固定個体の特性はイベント定義。隠れ特性は報酬・再戦・特性パッチで救済。,共有捕獲フラグで全地方1個体。撃破時のみ再出現、捕獲後は素材・再戦へ分岐。,野生通常表、DexNav通常検索、大量発生には登録しない。
トーホク,EVENT_T,トーホク各地の封印祠,固定イベント／共鳴クエスト,Lv.90,532,1004,イーユイ,イーユイ,ほのお／あく,伝説,固定イベント追加,固定シンボル／専用クエスト,Lv.90,原則1体・撃破時復活,スフィアいせき後,固定シンボル／イベント専用。主捕獲地方でのみ捕獲し、副地方は手掛かり・共鳴戦・素材報酬。,主地方で1個体だけ捕獲し、副地方では手掛かり・共鳴戦・専用素材を扱う。捕獲済みフラグは両地方で共有し、重複個体を与えない。,イベント専用,固定個体の特性はイベント定義。隠れ特性は報酬・再戦・特性パッチで救済。,共有捕獲フラグで全地方1個体。撃破時のみ再出現、捕獲後は素材・再戦へ分岐。,野生通常表、DexNav通常検索、大量発生には登録しない。
カントー,EVENT_K,ハナダのどうくつ・共鳴裂け目,固定イベント／共鳴クエスト,イベント別,533,1005,トドロクツキ,トドロクツキ,ドラゴン／あく,パラドックスポケモン,固定イベント追加,手掛かり／共鳴戦／専用素材,イベント別,重複捕獲なし,スフィアいせき後＋主地方の捕獲フラグ共有,固定シンボル／イベント専用。主捕獲地方でのみ捕獲し、副地方は手掛かり・共鳴戦・素材報酬。,主地方で1個体だけ捕獲し、副地方では手掛かり・共鳴戦・専用素材を扱う。捕獲済みフラグは両地方で共有し、重複個体を与えない。,イベント専用,固定個体の特性はイベント定義。隠れ特性は報酬・再戦・特性パッチで救済。,共有捕獲フラグで全地方1個体。撃破時のみ再出現、捕獲後は素材・再戦へ分岐。,野生通常表、DexNav通常検索、大量発生には登録しない。
トーホク,EVENT_T,スフィアいせき・裂け目区画,固定イベント／共鳴クエスト,Lv.90,533,1005,トドロクツキ,トドロクツキ,ドラゴン／あく,パラドックスポケモン,固定イベント追加,固定シンボル／専用クエスト,Lv.90,原則1体・撃破時復活,スフィアいせき後,固定シンボル／イベント専用。主捕獲地方でのみ捕獲し、副地方は手掛かり・共鳴戦・素材報酬。,主地方で1個体だけ捕獲し、副地方では手掛かり・共鳴戦・専用素材を扱う。捕獲済みフラグは両地方で共有し、重複個体を与えない。,イベント専用,固定個体の特性はイベント定義。隠れ特性は報酬・再戦・特性パッチで救済。,共有捕獲フラグで全地方1個体。撃破時のみ再出現、捕獲後は素材・再戦へ分岐。,野生通常表、DexNav通常検索、大量発生には登録しない。
カントー,EVENT_K,ハナダのどうくつ・共鳴裂け目,固定イベント／共鳴クエスト,Lv.90,534,1006,テツノブジン,テツノブジン,かくとう／フェアリー,パラドックスポケモン,固定イベント追加,固定シンボル／専用クエスト,Lv.90,原則1体・撃破時復活,スフィアいせき後,固定シンボル／イベント専用。主捕獲地方でのみ捕獲し、副地方は手掛かり・共鳴戦・素材報酬。,主地方で1個体だけ捕獲し、副地方では手掛かり・共鳴戦・専用素材を扱う。捕獲済みフラグは両地方で共有し、重複個体を与えない。,イベント専用,固定個体の特性はイベント定義。隠れ特性は報酬・再戦・特性パッチで救済。,共有捕獲フラグで全地方1個体。撃破時のみ再出現、捕獲後は素材・再戦へ分岐。,野生通常表、DexNav通常検索、大量発生には登録しない。
トーホク,EVENT_T,スフィアいせき・裂け目区画,固定イベント／共鳴クエスト,イベント別,534,1006,テツノブジン,テツノブジン,かくとう／フェアリー,パラドックスポケモン,固定イベント追加,手掛かり／共鳴戦／専用素材,イベント別,重複捕獲なし,スフィアいせき後＋主地方の捕獲フラグ共有,固定シンボル／イベント専用。主捕獲地方でのみ捕獲し、副地方は手掛かり・共鳴戦・素材報酬。,主地方で1個体だけ捕獲し、副地方では手掛かり・共鳴戦・専用素材を扱う。捕獲済みフラグは両地方で共有し、重複個体を与えない。,イベント専用,固定個体の特性はイベント定義。隠れ特性は報酬・再戦・特性パッチで救済。,共有捕獲フラグで全地方1個体。撃破時のみ再出現、捕獲後は素材・再戦へ分岐。,野生通常表、DexNav通常検索、大量発生には登録しない。
カントー,EVENT_K,17ばんどうろ・時空レース区間,固定イベント／共鳴クエスト,イベント別,535,1007,コライドン,コライドン,かくとう／ドラゴン,伝説,固定イベント追加,手掛かり／共鳴戦／専用素材,イベント別,重複捕獲なし,スフィアいせき後＋パラドックス調査＋主地方の捕獲フラグ共有,固定シンボル／イベント専用。主捕獲地方でのみ捕獲し、副地方は手掛かり・共鳴戦・素材報酬。,主地方で1個体だけ捕獲し、副地方では手掛かり・共鳴戦・専用素材を扱う。捕獲済みフラグは両地方で共有し、重複個体を与えない。,イベント専用,固定個体の特性はイベント定義。隠れ特性は報酬・再戦・特性パッチで救済。,共有捕獲フラグで全地方1個体。撃破時のみ再出現、捕獲後は素材・再戦へ分岐。,野生通常表、DexNav通常検索、大量発生には登録しない。
トーホク,EVENT_T,D・H時空観測室,固定イベント／共鳴クエスト,Lv.100,535,1007,コライドン,コライドン,かくとう／ドラゴン,伝説,固定イベント追加,固定シンボル／専用クエスト,Lv.100,原則1体・撃破時復活,スフィアいせき後＋パラドックス調査,固定シンボル／イベント専用。主捕獲地方でのみ捕獲し、副地方は手掛かり・共鳴戦・素材報酬。,主地方で1個体だけ捕獲し、副地方では手掛かり・共鳴戦・専用素材を扱う。捕獲済みフラグは両地方で共有し、重複個体を与えない。,イベント専用,固定個体の特性はイベント定義。隠れ特性は報酬・再戦・特性パッチで救済。,共有捕獲フラグで全地方1個体。撃破時のみ再出現、捕獲後は素材・再戦へ分岐。,野生通常表、DexNav通常検索、大量発生には登録しない。
カントー,EVENT_K,17ばんどうろ・時空レース区間,固定イベント／共鳴クエスト,Lv.100,536,1008,ミライドン,ミライドン,でんき／ドラゴン,伝説,固定イベント追加,固定シンボル／専用クエスト,Lv.100,原則1体・撃破時復活,スフィアいせき後＋パラドックス調査,固定シンボル／イベント専用。主捕獲地方でのみ捕獲し、副地方は手掛かり・共鳴戦・素材報酬。,主地方で1個体だけ捕獲し、副地方では手掛かり・共鳴戦・専用素材を扱う。捕獲済みフラグは両地方で共有し、重複個体を与えない。,イベント専用,固定個体の特性はイベント定義。隠れ特性は報酬・再戦・特性パッチで救済。,共有捕獲フラグで全地方1個体。撃破時のみ再出現、捕獲後は素材・再戦へ分岐。,野生通常表、DexNav通常検索、大量発生には登録しない。
トーホク,EVENT_T,D・H時空観測室,固定イベント／共鳴クエスト,イベント別,536,1008,ミライドン,ミライドン,でんき／ドラゴン,伝説,固定イベント追加,手掛かり／共鳴戦／専用素材,イベント別,重複捕獲なし,スフィアいせき後＋パラドックス調査＋主地方の捕獲フラグ共有,固定シンボル／イベント専用。主捕獲地方でのみ捕獲し、副地方は手掛かり・共鳴戦・素材報酬。,主地方で1個体だけ捕獲し、副地方では手掛かり・共鳴戦・専用素材を扱う。捕獲済みフラグは両地方で共有し、重複個体を与えない。,イベント専用,固定個体の特性はイベント定義。隠れ特性は報酬・再戦・特性パッチで救済。,共有捕獲フラグで全地方1個体。撃破時のみ再出現、捕獲後は素材・再戦へ分岐。,野生通常表、DexNav通常検索、大量発生には登録しない。
カントー,EVENT_K,ハナダのどうくつ・共鳴裂け目,固定イベント／共鳴クエスト,イベント別,537,1009,ウネルミナモ,ウネルミナモ,みず／ドラゴン,パラドックスポケモン,固定イベント追加,手掛かり／共鳴戦／専用素材,イベント別,重複捕獲なし,スフィアいせき後＋主地方の捕獲フラグ共有,固定シンボル／イベント専用。主捕獲地方でのみ捕獲し、副地方は手掛かり・共鳴戦・素材報酬。,主地方で1個体だけ捕獲し、副地方では手掛かり・共鳴戦・専用素材を扱う。捕獲済みフラグは両地方で共有し、重複個体を与えない。,イベント専用,固定個体の特性はイベント定義。隠れ特性は報酬・再戦・特性パッチで救済。,共有捕獲フラグで全地方1個体。撃破時のみ再出現、捕獲後は素材・再戦へ分岐。,野生通常表、DexNav通常検索、大量発生には登録しない。
トーホク,EVENT_T,スフィアいせき・裂け目区画,固定イベント／共鳴クエスト,Lv.90,537,1009,ウネルミナモ,ウネルミナモ,みず／ドラゴン,パラドックスポケモン,固定イベント追加,固定シンボル／専用クエスト,Lv.90,原則1体・撃破時復活,スフィアいせき後,固定シンボル／イベント専用。主捕獲地方でのみ捕獲し、副地方は手掛かり・共鳴戦・素材報酬。,主地方で1個体だけ捕獲し、副地方では手掛かり・共鳴戦・専用素材を扱う。捕獲済みフラグは両地方で共有し、重複個体を与えない。,イベント専用,固定個体の特性はイベント定義。隠れ特性は報酬・再戦・特性パッチで救済。,共有捕獲フラグで全地方1個体。撃破時のみ再出現、捕獲後は素材・再戦へ分岐。,野生通常表、DexNav通常検索、大量発生には登録しない。
カントー,EVENT_K,ハナダのどうくつ・共鳴裂け目,固定イベント／共鳴クエスト,Lv.90,538,1010,テツノイサハ,テツノイサハ,くさ／エスパー,パラドックスポケモン,固定イベント追加,固定シンボル／専用クエスト,Lv.90,原則1体・撃破時復活,スフィアいせき後,固定シンボル／イベント専用。主捕獲地方でのみ捕獲し、副地方は手掛かり・共鳴戦・素材報酬。,主地方で1個体だけ捕獲し、副地方では手掛かり・共鳴戦・専用素材を扱う。捕獲済みフラグは両地方で共有し、重複個体を与えない。,イベント専用,固定個体の特性はイベント定義。隠れ特性は報酬・再戦・特性パッチで救済。,共有捕獲フラグで全地方1個体。撃破時のみ再出現、捕獲後は素材・再戦へ分岐。,野生通常表、DexNav通常検索、大量発生には登録しない。
トーホク,EVENT_T,スフィアいせき・裂け目区画,固定イベント／共鳴クエスト,イベント別,538,1010,テツノイサハ,テツノイサハ,くさ／エスパー,パラドックスポケモン,固定イベント追加,手掛かり／共鳴戦／専用素材,イベント別,重複捕獲なし,スフィアいせき後＋主地方の捕獲フラグ共有,固定シンボル／イベント専用。主捕獲地方でのみ捕獲し、副地方は手掛かり・共鳴戦・素材報酬。,主地方で1個体だけ捕獲し、副地方では手掛かり・共鳴戦・専用素材を扱う。捕獲済みフラグは両地方で共有し、重複個体を与えない。,イベント専用,固定個体の特性はイベント定義。隠れ特性は報酬・再戦・特性パッチで救済。,共有捕獲フラグで全地方1個体。撃破時のみ再出現、捕獲後は素材・再戦へ分岐。,野生通常表、DexNav通常検索、大量発生には登録しない。
カントー,K31,ポケモンタワー,認定章3～4,Lv.82～90,539,1012,チャデス,チャデス → ヤバソチャ,ゴースト／くさ,通常生態,外来生態レイヤーへ追加,夜間オーバーレイ,Lv.82～90,夜間8～12%,ベガ初回殿堂入り後。認定章数でエリアと中間進化枠を段階解禁。,基礎種を通常配置。中間進化は高レベル地域のDexNav限定、最終進化は原則進化入手,トーホクは本編で使える低～中レベル基礎種、カントーは高レベル個体・中間進化・隠れ特性探索を担当。,R1,DexNav連鎖20以上または地方研究ランク2で隠れ特性判定を解禁。通常草むらでは標準特性のみ。,通常種は両地方で捕獲可能。進化後の通常野生化は段階解禁。,FR原作系統を地域の顔として残し、通常表・時間帯表・DexNav・大量発生を使って新種を混在。
トーホク,T033,ときのようかん,後半A,Lv.43～55／殿堂入り後Lv.60～75,539,1012,チャデス,チャデス → ヤバソチャ,ゴースト／くさ,通常生態,外来生態レイヤーへ追加,夜間オーバーレイ,Lv.43～55／殿堂入り後Lv.60～75,追加抽選3～6%,本編必須フラグを変更せず、外来生態フラグ・時間帯・DexNav・大量発生で制御,基礎種を通常配置。中間進化は高レベル地域のDexNav限定、最終進化は原則進化入手,トーホクは本編で使える低～中レベル基礎種、カントーは高レベル個体・中間進化・隠れ特性探索を担当。,R1,DexNav連鎖20以上または地方研究ランク2で隠れ特性判定を解禁。通常草むらでは標準特性のみ。,通常種は両地方で捕獲可能。進化後の通常野生化は段階解禁。,ベガ既存の野生枠を上書きせず、条件付きオーバーレイ／DexNav／夜間・水上・釣り・大量発生の追加抽選へ登録。
カントー,EVENT_K,タマムシ広場＋トキワのもり,固定イベント／共鳴クエスト,イベント別,540,1014,イイネイヌ,イイネイヌ,かくとう／どく,伝説,固定イベント追加,手掛かり／共鳴戦／専用素材,イベント別,重複捕獲なし,殿堂入り＋研究ランク5＋主地方の捕獲フラグ共有,固定シンボル／イベント専用。主捕獲地方でのみ捕獲し、副地方は手掛かり・共鳴戦・素材報酬。,主地方で1個体だけ捕獲し、副地方では手掛かり・共鳴戦・専用素材を扱う。捕獲済みフラグは両地方で共有し、重複個体を与えない。,イベント専用,固定個体の特性はイベント定義。隠れ特性は報酬・再戦・特性パッチで救済。,共有捕獲フラグで全地方1個体。撃破時のみ再出現、捕獲後は素材・再戦へ分岐。,野生通常表、DexNav通常検索、大量発生には登録しない。
トーホク,EVENT_T,ハクジタウン祭会場＋ハクジのもり,固定イベント／共鳴クエスト,Lv.75,540,1014,イイネイヌ,イイネイヌ,かくとう／どく,伝説,固定イベント追加,固定シンボル／専用クエスト,Lv.75,原則1体・撃破時復活,殿堂入り＋研究ランク5,固定シンボル／イベント専用。主捕獲地方でのみ捕獲し、副地方は手掛かり・共鳴戦・素材報酬。,主地方で1個体だけ捕獲し、副地方では手掛かり・共鳴戦・専用素材を扱う。捕獲済みフラグは両地方で共有し、重複個体を与えない。,イベント専用,固定個体の特性はイベント定義。隠れ特性は報酬・再戦・特性パッチで救済。,共有捕獲フラグで全地方1個体。撃破時のみ再出現、捕獲後は素材・再戦へ分岐。,野生通常表、DexNav通常検索、大量発生には登録しない。
カントー,EVENT_K,タマムシ広場＋トキワのもり,固定イベント／共鳴クエスト,イベント別,541,1015,マシマシラ,マシマシラ,どく／エスパー,伝説,固定イベント追加,手掛かり／共鳴戦／専用素材,イベント別,重複捕獲なし,殿堂入り＋研究ランク5＋主地方の捕獲フラグ共有,固定シンボル／イベント専用。主捕獲地方でのみ捕獲し、副地方は手掛かり・共鳴戦・素材報酬。,主地方で1個体だけ捕獲し、副地方では手掛かり・共鳴戦・専用素材を扱う。捕獲済みフラグは両地方で共有し、重複個体を与えない。,イベント専用,固定個体の特性はイベント定義。隠れ特性は報酬・再戦・特性パッチで救済。,共有捕獲フラグで全地方1個体。撃破時のみ再出現、捕獲後は素材・再戦へ分岐。,野生通常表、DexNav通常検索、大量発生には登録しない。
トーホク,EVENT_T,ハクジタウン祭会場＋ハクジのもり,固定イベント／共鳴クエスト,Lv.75,541,1015,マシマシラ,マシマシラ,どく／エスパー,伝説,固定イベント追加,固定シンボル／専用クエスト,Lv.75,原則1体・撃破時復活,殿堂入り＋研究ランク5,固定シンボル／イベント専用。主捕獲地方でのみ捕獲し、副地方は手掛かり・共鳴戦・素材報酬。,主地方で1個体だけ捕獲し、副地方では手掛かり・共鳴戦・専用素材を扱う。捕獲済みフラグは両地方で共有し、重複個体を与えない。,イベント専用,固定個体の特性はイベント定義。隠れ特性は報酬・再戦・特性パッチで救済。,共有捕獲フラグで全地方1個体。撃破時のみ再出現、捕獲後は素材・再戦へ分岐。,野生通常表、DexNav通常検索、大量発生には登録しない。
カントー,EVENT_K,タマムシ広場＋トキワのもり,固定イベント／共鳴クエスト,イベント別,542,1016,キチキギス,キチキギス,どく／フェアリー,伝説,固定イベント追加,手掛かり／共鳴戦／専用素材,イベント別,重複捕獲なし,殿堂入り＋研究ランク5＋主地方の捕獲フラグ共有,固定シンボル／イベント専用。主捕獲地方でのみ捕獲し、副地方は手掛かり・共鳴戦・素材報酬。,主地方で1個体だけ捕獲し、副地方では手掛かり・共鳴戦・専用素材を扱う。捕獲済みフラグは両地方で共有し、重複個体を与えない。,イベント専用,固定個体の特性はイベント定義。隠れ特性は報酬・再戦・特性パッチで救済。,共有捕獲フラグで全地方1個体。撃破時のみ再出現、捕獲後は素材・再戦へ分岐。,野生通常表、DexNav通常検索、大量発生には登録しない。
トーホク,EVENT_T,ハクジタウン祭会場＋ハクジのもり,固定イベント／共鳴クエスト,Lv.75,542,1016,キチキギス,キチキギス,どく／フェアリー,伝説,固定イベント追加,固定シンボル／専用クエスト,Lv.75,原則1体・撃破時復活,殿堂入り＋研究ランク5,固定シンボル／イベント専用。主捕獲地方でのみ捕獲し、副地方は手掛かり・共鳴戦・素材報酬。,主地方で1個体だけ捕獲し、副地方では手掛かり・共鳴戦・専用素材を扱う。捕獲済みフラグは両地方で共有し、重複個体を与えない。,イベント専用,固定個体の特性はイベント定義。隠れ特性は報酬・再戦・特性パッチで救済。,共有捕獲フラグで全地方1個体。撃破時のみ再出現、捕獲後は素材・再戦へ分岐。,野生通常表、DexNav通常検索、大量発生には登録しない。
カントー,EVENT_K,タマムシ広場＋トキワのもり,固定イベント／共鳴クエスト,イベント別,543,1017,オーガポン,オーガポン,くさ,伝説,固定イベント追加,手掛かり／共鳴戦／専用素材,イベント別,重複捕獲なし,殿堂入り＋研究ランク5＋主地方の捕獲フラグ共有,固定シンボル／イベント専用。主捕獲地方でのみ捕獲し、副地方は手掛かり・共鳴戦・素材報酬。,主地方で1個体だけ捕獲し、副地方では手掛かり・共鳴戦・専用素材を扱う。捕獲済みフラグは両地方で共有し、重複個体を与えない。,イベント専用,固定個体の特性はイベント定義。隠れ特性は報酬・再戦・特性パッチで救済。,共有捕獲フラグで全地方1個体。撃破時のみ再出現、捕獲後は素材・再戦へ分岐。,野生通常表、DexNav通常検索、大量発生には登録しない。
トーホク,EVENT_T,ハクジタウン祭会場＋ハクジのもり,固定イベント／共鳴クエスト,Lv.75,543,1017,オーガポン,オーガポン,くさ,伝説,固定イベント追加,固定シンボル／専用クエスト,Lv.75,原則1体・撃破時復活,殿堂入り＋研究ランク5,固定シンボル／イベント専用。主捕獲地方でのみ捕獲し、副地方は手掛かり・共鳴戦・素材報酬。,主地方で1個体だけ捕獲し、副地方では手掛かり・共鳴戦・専用素材を扱う。捕獲済みフラグは両地方で共有し、重複個体を与えない。,イベント専用,固定個体の特性はイベント定義。隠れ特性は報酬・再戦・特性パッチで救済。,共有捕獲フラグで全地方1個体。撃破時のみ再出現、捕獲後は素材・再戦へ分岐。,野生通常表、DexNav通常検索、大量発生には登録しない。
カントー,EVENT_K,ハナダのどうくつ・共鳴裂け目,固定イベント／共鳴クエスト,Lv.90,544,1020,ウガツホムラ,ウガツホムラ,ほのお／ドラゴン,パラドックスポケモン,固定イベント追加,固定シンボル／専用クエスト,Lv.90,原則1体・撃破時復活,スフィアいせき後,固定シンボル／イベント専用。主捕獲地方でのみ捕獲し、副地方は手掛かり・共鳴戦・素材報酬。,主地方で1個体だけ捕獲し、副地方では手掛かり・共鳴戦・専用素材を扱う。捕獲済みフラグは両地方で共有し、重複個体を与えない。,イベント専用,固定個体の特性はイベント定義。隠れ特性は報酬・再戦・特性パッチで救済。,共有捕獲フラグで全地方1個体。撃破時のみ再出現、捕獲後は素材・再戦へ分岐。,野生通常表、DexNav通常検索、大量発生には登録しない。
トーホク,EVENT_T,スフィアいせき・裂け目区画,固定イベント／共鳴クエスト,イベント別,544,1020,ウガツホムラ,ウガツホムラ,ほのお／ドラゴン,パラドックスポケモン,固定イベント追加,手掛かり／共鳴戦／専用素材,イベント別,重複捕獲なし,スフィアいせき後＋主地方の捕獲フラグ共有,固定シンボル／イベント専用。主捕獲地方でのみ捕獲し、副地方は手掛かり・共鳴戦・素材報酬。,主地方で1個体だけ捕獲し、副地方では手掛かり・共鳴戦・専用素材を扱う。捕獲済みフラグは両地方で共有し、重複個体を与えない。,イベント専用,固定個体の特性はイベント定義。隠れ特性は報酬・再戦・特性パッチで救済。,共有捕獲フラグで全地方1個体。撃破時のみ再出現、捕獲後は素材・再戦へ分岐。,野生通常表、DexNav通常検索、大量発生には登録しない。
カントー,EVENT_K,ハナダのどうくつ・共鳴裂け目,固定イベント／共鳴クエスト,イベント別,545,1021,タケルライコ,タケルライコ,でんき／ドラゴン,パラドックスポケモン,固定イベント追加,手掛かり／共鳴戦／専用素材,イベント別,重複捕獲なし,スフィアいせき後＋主地方の捕獲フラグ共有,固定シンボル／イベント専用。主捕獲地方でのみ捕獲し、副地方は手掛かり・共鳴戦・素材報酬。,主地方で1個体だけ捕獲し、副地方では手掛かり・共鳴戦・専用素材を扱う。捕獲済みフラグは両地方で共有し、重複個体を与えない。,イベント専用,固定個体の特性はイベント定義。隠れ特性は報酬・再戦・特性パッチで救済。,共有捕獲フラグで全地方1個体。撃破時のみ再出現、捕獲後は素材・再戦へ分岐。,野生通常表、DexNav通常検索、大量発生には登録しない。
トーホク,EVENT_T,スフィアいせき・裂け目区画,固定イベント／共鳴クエスト,Lv.90,545,1021,タケルライコ,タケルライコ,でんき／ドラゴン,パラドックスポケモン,固定イベント追加,固定シンボル／専用クエスト,Lv.90,原則1体・撃破時復活,スフィアいせき後,固定シンボル／イベント専用。主捕獲地方でのみ捕獲し、副地方は手掛かり・共鳴戦・素材報酬。,主地方で1個体だけ捕獲し、副地方では手掛かり・共鳴戦・専用素材を扱う。捕獲済みフラグは両地方で共有し、重複個体を与えない。,イベント専用,固定個体の特性はイベント定義。隠れ特性は報酬・再戦・特性パッチで救済。,共有捕獲フラグで全地方1個体。撃破時のみ再出現、捕獲後は素材・再戦へ分岐。,野生通常表、DexNav通常検索、大量発生には登録しない。
カントー,EVENT_K,ハナダのどうくつ・共鳴裂け目,固定イベント／共鳴クエスト,Lv.90,547,1022,テツノイワオ,テツノイワオ,いわ／エスパー,パラドックスポケモン,固定イベント追加,固定シンボル／専用クエスト,Lv.90,原則1体・撃破時復活,スフィアいせき後,固定シンボル／イベント専用。主捕獲地方でのみ捕獲し、副地方は手掛かり・共鳴戦・素材報酬。,主地方で1個体だけ捕獲し、副地方では手掛かり・共鳴戦・専用素材を扱う。捕獲済みフラグは両地方で共有し、重複個体を与えない。,イベント専用,固定個体の特性はイベント定義。隠れ特性は報酬・再戦・特性パッチで救済。,共有捕獲フラグで全地方1個体。撃破時のみ再出現、捕獲後は素材・再戦へ分岐。,野生通常表、DexNav通常検索、大量発生には登録しない。
トーホク,EVENT_T,スフィアいせき・裂け目区画,固定イベント／共鳴クエスト,イベント別,547,1022,テツノイワオ,テツノイワオ,いわ／エスパー,パラドックスポケモン,固定イベント追加,手掛かり／共鳴戦／専用素材,イベント別,重複捕獲なし,スフィアいせき後＋主地方の捕獲フラグ共有,固定シンボル／イベント専用。主捕獲地方でのみ捕獲し、副地方は手掛かり・共鳴戦・素材報酬。,主地方で1個体だけ捕獲し、副地方では手掛かり・共鳴戦・専用素材を扱う。捕獲済みフラグは両地方で共有し、重複個体を与えない。,イベント専用,固定個体の特性はイベント定義。隠れ特性は報酬・再戦・特性パッチで救済。,共有捕獲フラグで全地方1個体。撃破時のみ再出現、捕獲後は素材・再戦へ分岐。,野生通常表、DexNav通常検索、大量発生には登録しない。
カントー,EVENT_K,ハナダのどうくつ・共鳴裂け目,固定イベント／共鳴クエスト,イベント別,546,1023,テツノカシラ,テツノカシラ,はがね／エスパー,パラドックスポケモン,固定イベント追加,手掛かり／共鳴戦／専用素材,イベント別,重複捕獲なし,スフィアいせき後＋主地方の捕獲フラグ共有,固定シンボル／イベント専用。主捕獲地方でのみ捕獲し、副地方は手掛かり・共鳴戦・素材報酬。,主地方で1個体だけ捕獲し、副地方では手掛かり・共鳴戦・専用素材を扱う。捕獲済みフラグは両地方で共有し、重複個体を与えない。,イベント専用,固定個体の特性はイベント定義。隠れ特性は報酬・再戦・特性パッチで救済。,共有捕獲フラグで全地方1個体。撃破時のみ再出現、捕獲後は素材・再戦へ分岐。,野生通常表、DexNav通常検索、大量発生には登録しない。
トーホク,EVENT_T,スフィアいせき・裂け目区画,固定イベント／共鳴クエスト,Lv.90,546,1023,テツノカシラ,テツノカシラ,はがね／エスパー,パラドックスポケモン,固定イベント追加,固定シンボル／専用クエスト,Lv.90,原則1体・撃破時復活,スフィアいせき後,固定シンボル／イベント専用。主捕獲地方でのみ捕獲し、副地方は手掛かり・共鳴戦・素材報酬。,主地方で1個体だけ捕獲し、副地方では手掛かり・共鳴戦・専用素材を扱う。捕獲済みフラグは両地方で共有し、重複個体を与えない。,イベント専用,固定個体の特性はイベント定義。隠れ特性は報酬・再戦・特性パッチで救済。,共有捕獲フラグで全地方1個体。撃破時のみ再出現、捕獲後は素材・再戦へ分岐。,野生通常表、DexNav通常検索、大量発生には登録しない。
カントー,EVENT_K,ハナダのどうくつ結晶層,固定イベント／共鳴クエスト,イベント別,548,1024,テラパゴス,テラパゴス,ノーマル,伝説,固定イベント追加,手掛かり／共鳴戦／専用素材,イベント別,重複捕獲なし,テラオーブ解禁＋研究ランク5＋主地方の捕獲フラグ共有,固定シンボル／イベント専用。主捕獲地方でのみ捕獲し、副地方は手掛かり・共鳴戦・素材報酬。,主地方で1個体だけ捕獲し、副地方では手掛かり・共鳴戦・専用素材を扱う。捕獲済みフラグは両地方で共有し、重複個体を与えない。,イベント専用,固定個体の特性はイベント定義。隠れ特性は報酬・再戦・特性パッチで救済。,共有捕獲フラグで全地方1個体。撃破時のみ再出現、捕獲後は素材・再戦へ分岐。,野生通常表、DexNav通常検索、大量発生には登録しない。
トーホク,EVENT_T,スフィアいせき結晶層,固定イベント／共鳴クエスト,Lv.100,548,1024,テラパゴス,テラパゴス,ノーマル,伝説,固定イベント追加,固定シンボル／専用クエスト,Lv.100,原則1体・撃破時復活,テラオーブ解禁＋研究ランク5,固定シンボル／イベント専用。主捕獲地方でのみ捕獲し、副地方は手掛かり・共鳴戦・素材報酬。,主地方で1個体だけ捕獲し、副地方では手掛かり・共鳴戦・専用素材を扱う。捕獲済みフラグは両地方で共有し、重複個体を与えない。,イベント専用,固定個体の特性はイベント定義。隠れ特性は報酬・再戦・特性パッチで救済。,共有捕獲フラグで全地方1個体。撃破時のみ再出現、捕獲後は素材・再戦へ分岐。,野生通常表、DexNav通常検索、大量発生には登録しない。
カントー,EVENT_K,タマムシ広場＋トキワのもり,固定イベント／共鳴クエスト,イベント別,549,1025,モモワロウ,モモワロウ,どく／ゴースト,幻,固定イベント追加,手掛かり／共鳴戦／専用素材,イベント別,重複捕獲なし,殿堂入り＋研究ランク5＋主地方の捕獲フラグ共有,固定シンボル／イベント専用。主捕獲地方でのみ捕獲し、副地方は手掛かり・共鳴戦・素材報酬。,主地方で1個体だけ捕獲し、副地方では手掛かり・共鳴戦・専用素材を扱う。捕獲済みフラグは両地方で共有し、重複個体を与えない。,イベント専用,固定個体の特性はイベント定義。隠れ特性は報酬・再戦・特性パッチで救済。,共有捕獲フラグで全地方1個体。撃破時のみ再出現、捕獲後は素材・再戦へ分岐。,野生通常表、DexNav通常検索、大量発生には登録しない。
トーホク,EVENT_T,ハクジタウン祭会場＋ハクジのもり,固定イベント／共鳴クエスト,Lv.80,549,1025,モモワロウ,モモワロウ,どく／ゴースト,幻,固定イベント追加,固定シンボル／専用クエスト,Lv.80,原則1体・撃破時復活,殿堂入り＋研究ランク5,固定シンボル／イベント専用。主捕獲地方でのみ捕獲し、副地方は手掛かり・共鳴戦・素材報酬。,主地方で1個体だけ捕獲し、副地方では手掛かり・共鳴戦・専用素材を扱う。捕獲済みフラグは両地方で共有し、重複個体を与えない。,イベント専用,固定個体の特性はイベント定義。隠れ特性は報酬・再戦・特性パッチで救済。,共有捕獲フラグで全地方1個体。撃破時のみ再出現、捕獲後は素材・再戦へ分岐。,野生通常表、DexNav通常検索、大量発生には登録しない。
