dialogue_key,event_key,state_key,speaker,text,choice_yes,choice_no,next_state,max_lines,width_check,notes
DIALOGUE_EVENT_SPECIAL_NATIONAL_0144,EVENT_SPECIAL_NATIONAL_0144,LOCKED,調査端末,"まだ反応がない。
調査条件を満たしていない。",,,,2,GEN3_JP_MESSAGE_WINDOW_CHECK_REQUIRED,実charmap encodeはintegration buildで検証。
DIALOGUE_EVENT_SPECIAL_NATIONAL_0144,EVENT_SPECIAL_NATIONAL_0144,INTRO,調査端末,"フリーザーの反応を確認した。
固定遭遇を開始しますか？",はい,いいえ,PREPARE,2,GEN3_JP_MESSAGE_WINDOW_CHECK_REQUIRED,実charmap encodeはintegration buildで検証。
DIALOGUE_EVENT_SPECIAL_NATIONAL_0144,EVENT_SPECIAL_NATIONAL_0144,CANCEL,調査端末,"処理を中止した。
記録も素材も変更していない。",,,,2,GEN3_JP_MESSAGE_WINDOW_CHECK_REQUIRED,実charmap encodeはintegration buildで検証。
DIALOGUE_EVENT_SPECIAL_NATIONAL_0144,EVENT_SPECIAL_NATIONAL_0144,DEFEAT,調査端末,"フリーザーの反応が消えた。
再入場すれば再調査できる。",,,,2,GEN3_JP_MESSAGE_WINDOW_CHECK_REQUIRED,実charmap encodeはintegration buildで検証。
DIALOGUE_EVENT_SPECIAL_NATIONAL_0144,EVENT_SPECIAL_NATIONAL_0144,ESCAPE,調査端末,"フリーザーを見失った。
記録は未確定のままだ。",,,,2,GEN3_JP_MESSAGE_WINDOW_CHECK_REQUIRED,実charmap encodeはintegration buildで検証。
DIALOGUE_EVENT_SPECIAL_NATIONAL_0144,EVENT_SPECIAL_NATIONAL_0144,PARTY_FULL,調査端末,"手持ちがいっぱいだ。
PCへの転送を確認する。",,,,2,GEN3_JP_MESSAGE_WINDOW_CHECK_REQUIRED,実charmap encodeはintegration buildで検証。
DIALOGUE_EVENT_SPECIAL_NATIONAL_0144,EVENT_SPECIAL_NATIONAL_0144,BOX_FULL,調査端末,"PCと保管枠がいっぱいだ。
何も消費せず中止した。",,,,2,GEN3_JP_MESSAGE_WINDOW_CHECK_REQUIRED,実charmap encodeはintegration buildで検証。
DIALOGUE_EVENT_SPECIAL_NATIONAL_0144,EVENT_SPECIAL_NATIONAL_0144,SUCCESS,調査端末,"フリーザーの捕獲を記録した。
共有台帳を更新した。",,,,2,GEN3_JP_MESSAGE_WINDOW_CHECK_REQUIRED,実charmap encodeはintegration buildで検証。
DIALOGUE_EVENT_SPECIAL_NATIONAL_0144,EVENT_SPECIAL_NATIONAL_0144,ALREADY,調査端末,"この対象は登録済みだ。
重複個体は受け取れない。",,,,2,GEN3_JP_MESSAGE_WINDOW_CHECK_REQUIRED,実charmap encodeはintegration buildで検証。
DIALOGUE_EVENT_SPECIAL_NATIONAL_0145,EVENT_SPECIAL_NATIONAL_0145,LOCKED,調査端末,"まだ反応がない。
調査条件を満たしていない。",,,,2,GEN3_JP_MESSAGE_WINDOW_CHECK_REQUIRED,実charmap encodeはintegration buildで検証。
DIALOGUE_EVENT_SPECIAL_NATIONAL_0145,EVENT_SPECIAL_NATIONAL_0145,INTRO,調査端末,"サンダーの反応を確認した。
固定遭遇を開始しますか？",はい,いいえ,PREPARE,2,GEN3_JP_MESSAGE_WINDOW_CHECK_REQUIRED,実charmap encodeはintegration buildで検証。
DIALOGUE_EVENT_SPECIAL_NATIONAL_0145,EVENT_SPECIAL_NATIONAL_0145,CANCEL,調査端末,"処理を中止した。
記録も素材も変更していない。",,,,2,GEN3_JP_MESSAGE_WINDOW_CHECK_REQUIRED,実charmap encodeはintegration buildで検証。
DIALOGUE_EVENT_SPECIAL_NATIONAL_0145,EVENT_SPECIAL_NATIONAL_0145,DEFEAT,調査端末,"サンダーの反応が消えた。
再入場すれば再調査できる。",,,,2,GEN3_JP_MESSAGE_WINDOW_CHECK_REQUIRED,実charmap encodeはintegration buildで検証。
DIALOGUE_EVENT_SPECIAL_NATIONAL_0145,EVENT_SPECIAL_NATIONAL_0145,ESCAPE,調査端末,"サンダーを見失った。
記録は未確定のままだ。",,,,2,GEN3_JP_MESSAGE_WINDOW_CHECK_REQUIRED,実charmap encodeはintegration buildで検証。
DIALOGUE_EVENT_SPECIAL_NATIONAL_0145,EVENT_SPECIAL_NATIONAL_0145,PARTY_FULL,調査端末,"手持ちがいっぱいだ。
PCへの転送を確認する。",,,,2,GEN3_JP_MESSAGE_WINDOW_CHECK_REQUIRED,実charmap encodeはintegration buildで検証。
DIALOGUE_EVENT_SPECIAL_NATIONAL_0145,EVENT_SPECIAL_NATIONAL_0145,BOX_FULL,調査端末,"PCと保管枠がいっぱいだ。
何も消費せず中止した。",,,,2,GEN3_JP_MESSAGE_WINDOW_CHECK_REQUIRED,実charmap encodeはintegration buildで検証。
DIALOGUE_EVENT_SPECIAL_NATIONAL_0145,EVENT_SPECIAL_NATIONAL_0145,SUCCESS,調査端末,"サンダーの捕獲を記録した。
共有台帳を更新した。",,,,2,GEN3_JP_MESSAGE_WINDOW_CHECK_REQUIRED,実charmap encodeはintegration buildで検証。
DIALOGUE_EVENT_SPECIAL_NATIONAL_0145,EVENT_SPECIAL_NATIONAL_0145,ALREADY,調査端末,"この対象は登録済みだ。
重複個体は受け取れない。",,,,2,GEN3_JP_MESSAGE_WINDOW_CHECK_REQUIRED,実charmap encodeはintegration buildで検証。
DIALOGUE_EVENT_SPECIAL_NATIONAL_0146,EVENT_SPECIAL_NATIONAL_0146,LOCKED,調査端末,"まだ反応がない。
調査条件を満たしていない。",,,,2,GEN3_JP_MESSAGE_WINDOW_CHECK_REQUIRED,実charmap encodeはintegration buildで検証。
DIALOGUE_EVENT_SPECIAL_NATIONAL_0146,EVENT_SPECIAL_NATIONAL_0146,INTRO,調査端末,"ファイヤーの反応を確認した。
固定遭遇を開始しますか？",はい,いいえ,PREPARE,2,GEN3_JP_MESSAGE_WINDOW_CHECK_REQUIRED,実charmap encodeはintegration buildで検証。
DIALOGUE_EVENT_SPECIAL_NATIONAL_0146,EVENT_SPECIAL_NATIONAL_0146,CANCEL,調査端末,"処理を中止した。
記録も素材も変更していない。",,,,2,GEN3_JP_MESSAGE_WINDOW_CHECK_REQUIRED,実charmap encodeはintegration buildで検証。
DIALOGUE_EVENT_SPECIAL_NATIONAL_0146,EVENT_SPECIAL_NATIONAL_0146,DEFEAT,調査端末,"ファイヤーの反応が消えた。
再入場すれば再調査できる。",,,,2,GEN3_JP_MESSAGE_WINDOW_CHECK_REQUIRED,実charmap encodeはintegration buildで検証。
DIALOGUE_EVENT_SPECIAL_NATIONAL_0146,EVENT_SPECIAL_NATIONAL_0146,ESCAPE,調査端末,"ファイヤーを見失った。
記録は未確定のままだ。",,,,2,GEN3_JP_MESSAGE_WINDOW_CHECK_REQUIRED,実charmap encodeはintegration buildで検証。
DIALOGUE_EVENT_SPECIAL_NATIONAL_0146,EVENT_SPECIAL_NATIONAL_0146,PARTY_FULL,調査端末,"手持ちがいっぱいだ。
PCへの転送を確認する。",,,,2,GEN3_JP_MESSAGE_WINDOW_CHECK_REQUIRED,実charmap encodeはintegration buildで検証。
DIALOGUE_EVENT_SPECIAL_NATIONAL_0146,EVENT_SPECIAL_NATIONAL_0146,BOX_FULL,調査端末,"PCと保管枠がいっぱいだ。
何も消費せず中止した。",,,,2,GEN3_JP_MESSAGE_WINDOW_CHECK_REQUIRED,実charmap encodeはintegration buildで検証。
DIALOGUE_EVENT_SPECIAL_NATIONAL_0146,EVENT_SPECIAL_NATIONAL_0146,SUCCESS,調査端末,"ファイヤーの捕獲を記録した。
共有台帳を更新した。",,,,2,GEN3_JP_MESSAGE_WINDOW_CHECK_REQUIRED,実charmap encodeはintegration buildで検証。
DIALOGUE_EVENT_SPECIAL_NATIONAL_0146,EVENT_SPECIAL_NATIONAL_0146,ALREADY,調査端末,"この対象は登録済みだ。
重複個体は受け取れない。",,,,2,GEN3_JP_MESSAGE_WINDOW_CHECK_REQUIRED,実charmap encodeはintegration buildで検証。
DIALOGUE_EVENT_SPECIAL_NATIONAL_0150,EVENT_SPECIAL_NATIONAL_0150,LOCKED,調査端末,"まだ反応がない。
調査条件を満たしていない。",,,,2,GEN3_JP_MESSAGE_WINDOW_CHECK_REQUIRED,実charmap encodeはintegration buildで検証。
DIALOGUE_EVENT_SPECIAL_NATIONAL_0150,EVENT_SPECIAL_NATIONAL_0150,INTRO,調査端末,"ミュウツーの反応を確認した。
固定遭遇を開始しますか？",はい,いいえ,PREPARE,2,GEN3_JP_MESSAGE_WINDOW_CHECK_REQUIRED,実charmap encodeはintegration buildで検証。
DIALOGUE_EVENT_SPECIAL_NATIONAL_0150,EVENT_SPECIAL_NATIONAL_0150,CANCEL,調査端末,"処理を中止した。
記録も素材も変更していない。",,,,2,GEN3_JP_MESSAGE_WINDOW_CHECK_REQUIRED,実charmap encodeはintegration buildで検証。
DIALOGUE_EVENT_SPECIAL_NATIONAL_0150,EVENT_SPECIAL_NATIONAL_0150,DEFEAT,調査端末,"ミュウツーの反応が消えた。
再入場すれば再調査できる。",,,,2,GEN3_JP_MESSAGE_WINDOW_CHECK_REQUIRED,実charmap encodeはintegration buildで検証。
DIALOGUE_EVENT_SPECIAL_NATIONAL_0150,EVENT_SPECIAL_NATIONAL_0150,ESCAPE,調査端末,"ミュウツーを見失った。
記録は未確定のままだ。",,,,2,GEN3_JP_MESSAGE_WINDOW_CHECK_REQUIRED,実charmap encodeはintegration buildで検証。
DIALOGUE_EVENT_SPECIAL_NATIONAL_0150,EVENT_SPECIAL_NATIONAL_0150,PARTY_FULL,調査端末,"手持ちがいっぱいだ。
PCへの転送を確認する。",,,,2,GEN3_JP_MESSAGE_WINDOW_CHECK_REQUIRED,実charmap encodeはintegration buildで検証。
DIALOGUE_EVENT_SPECIAL_NATIONAL_0150,EVENT_SPECIAL_NATIONAL_0150,BOX_FULL,調査端末,"PCと保管枠がいっぱいだ。
何も消費せず中止した。",,,,2,GEN3_JP_MESSAGE_WINDOW_CHECK_REQUIRED,実charmap encodeはintegration buildで検証。
DIALOGUE_EVENT_SPECIAL_NATIONAL_0150,EVENT_SPECIAL_NATIONAL_0150,SUCCESS,調査端末,"ミュウツーの捕獲を記録した。
共有台帳を更新した。",,,,2,GEN3_JP_MESSAGE_WINDOW_CHECK_REQUIRED,実charmap encodeはintegration buildで検証。
DIALOGUE_EVENT_SPECIAL_NATIONAL_0150,EVENT_SPECIAL_NATIONAL_0150,ALREADY,調査端末,"この対象は登録済みだ。
重複個体は受け取れない。",,,,2,GEN3_JP_MESSAGE_WINDOW_CHECK_REQUIRED,実charmap encodeはintegration buildで検証。
DIALOGUE_EVENT_SPECIAL_NATIONAL_0151,EVENT_SPECIAL_NATIONAL_0151,LOCKED,調査端末,"まだ反応がない。
調査条件を満たしていない。",,,,2,GEN3_JP_MESSAGE_WINDOW_CHECK_REQUIRED,実charmap encodeはintegration buildで検証。
DIALOGUE_EVENT_SPECIAL_NATIONAL_0151,EVENT_SPECIAL_NATIONAL_0151,INTRO,調査端末,"ミュウの反応を確認した。
固定遭遇を開始しますか？",はい,いいえ,PREPARE,2,GEN3_JP_MESSAGE_WINDOW_CHECK_REQUIRED,実charmap encodeはintegration buildで検証。
DIALOGUE_EVENT_SPECIAL_NATIONAL_0151,EVENT_SPECIAL_NATIONAL_0151,CANCEL,調査端末,"処理を中止した。
記録も素材も変更していない。",,,,2,GEN3_JP_MESSAGE_WINDOW_CHECK_REQUIRED,実charmap encodeはintegration buildで検証。
DIALOGUE_EVENT_SPECIAL_NATIONAL_0151,EVENT_SPECIAL_NATIONAL_0151,DEFEAT,調査端末,"ミュウの反応が消えた。
再入場すれば再調査できる。",,,,2,GEN3_JP_MESSAGE_WINDOW_CHECK_REQUIRED,実charmap encodeはintegration buildで検証。
DIALOGUE_EVENT_SPECIAL_NATIONAL_0151,EVENT_SPECIAL_NATIONAL_0151,ESCAPE,調査端末,"ミュウを見失った。
記録は未確定のままだ。",,,,2,GEN3_JP_MESSAGE_WINDOW_CHECK_REQUIRED,実charmap encodeはintegration buildで検証。
DIALOGUE_EVENT_SPECIAL_NATIONAL_0151,EVENT_SPECIAL_NATIONAL_0151,PARTY_FULL,調査端末,"手持ちがいっぱいだ。
PCへの転送を確認する。",,,,2,GEN3_JP_MESSAGE_WINDOW_CHECK_REQUIRED,実charmap encodeはintegration buildで検証。
DIALOGUE_EVENT_SPECIAL_NATIONAL_0151,EVENT_SPECIAL_NATIONAL_0151,BOX_FULL,調査端末,"PCと保管枠がいっぱいだ。
何も消費せず中止した。",,,,2,GEN3_JP_MESSAGE_WINDOW_CHECK_REQUIRED,実charmap encodeはintegration buildで検証。
DIALOGUE_EVENT_SPECIAL_NATIONAL_0151,EVENT_SPECIAL_NATIONAL_0151,SUCCESS,調査端末,"ミュウの捕獲を記録した。
共有台帳を更新した。",,,,2,GEN3_JP_MESSAGE_WINDOW_CHECK_REQUIRED,実charmap encodeはintegration buildで検証。
DIALOGUE_EVENT_SPECIAL_NATIONAL_0151,EVENT_SPECIAL_NATIONAL_0151,ALREADY,調査端末,"この対象は登録済みだ。
重複個体は受け取れない。",,,,2,GEN3_JP_MESSAGE_WINDOW_CHECK_REQUIRED,実charmap encodeはintegration buildで検証。
DIALOGUE_EVENT_SPECIAL_NATIONAL_0243,EVENT_SPECIAL_NATIONAL_0243,LOCKED,調査端末,"まだ反応がない。
調査条件を満たしていない。",,,,2,GEN3_JP_MESSAGE_WINDOW_CHECK_REQUIRED,実charmap encodeはintegration buildで検証。
DIALOGUE_EVENT_SPECIAL_NATIONAL_0243,EVENT_SPECIAL_NATIONAL_0243,INTRO,調査端末,"ライコウの反応を確認した。
固定遭遇を開始しますか？",はい,いいえ,PREPARE,2,GEN3_JP_MESSAGE_WINDOW_CHECK_REQUIRED,実charmap encodeはintegration buildで検証。
DIALOGUE_EVENT_SPECIAL_NATIONAL_0243,EVENT_SPECIAL_NATIONAL_0243,CANCEL,調査端末,"処理を中止した。
記録も素材も変更していない。",,,,2,GEN3_JP_MESSAGE_WINDOW_CHECK_REQUIRED,実charmap encodeはintegration buildで検証。
DIALOGUE_EVENT_SPECIAL_NATIONAL_0243,EVENT_SPECIAL_NATIONAL_0243,DEFEAT,調査端末,"ライコウの反応が消えた。
再入場すれば再調査できる。",,,,2,GEN3_JP_MESSAGE_WINDOW_CHECK_REQUIRED,実charmap encodeはintegration buildで検証。
DIALOGUE_EVENT_SPECIAL_NATIONAL_0243,EVENT_SPECIAL_NATIONAL_0243,ESCAPE,調査端末,"ライコウを見失った。
記録は未確定のままだ。",,,,2,GEN3_JP_MESSAGE_WINDOW_CHECK_REQUIRED,実charmap encodeはintegration buildで検証。
DIALOGUE_EVENT_SPECIAL_NATIONAL_0243,EVENT_SPECIAL_NATIONAL_0243,PARTY_FULL,調査端末,"手持ちがいっぱいだ。
PCへの転送を確認する。",,,,2,GEN3_JP_MESSAGE_WINDOW_CHECK_REQUIRED,実charmap encodeはintegration buildで検証。
DIALOGUE_EVENT_SPECIAL_NATIONAL_0243,EVENT_SPECIAL_NATIONAL_0243,BOX_FULL,調査端末,"PCと保管枠がいっぱいだ。
何も消費せず中止した。",,,,2,GEN3_JP_MESSAGE_WINDOW_CHECK_REQUIRED,実charmap encodeはintegration buildで検証。
DIALOGUE_EVENT_SPECIAL_NATIONAL_0243,EVENT_SPECIAL_NATIONAL_0243,SUCCESS,調査端末,"ライコウの捕獲を記録した。
共有台帳を更新した。",,,,2,GEN3_JP_MESSAGE_WINDOW_CHECK_REQUIRED,実charmap encodeはintegration buildで検証。
DIALOGUE_EVENT_SPECIAL_NATIONAL_0243,EVENT_SPECIAL_NATIONAL_0243,ALREADY,調査端末,"この対象は登録済みだ。
重複個体は受け取れない。",,,,2,GEN3_JP_MESSAGE_WINDOW_CHECK_REQUIRED,実charmap encodeはintegration buildで検証。
DIALOGUE_EVENT_SPECIAL_NATIONAL_0244,EVENT_SPECIAL_NATIONAL_0244,LOCKED,調査端末,"まだ反応がない。
調査条件を満たしていない。",,,,2,GEN3_JP_MESSAGE_WINDOW_CHECK_REQUIRED,実charmap encodeはintegration buildで検証。
DIALOGUE_EVENT_SPECIAL_NATIONAL_0244,EVENT_SPECIAL_NATIONAL_0244,INTRO,調査端末,"エンテイの反応を確認した。
固定遭遇を開始しますか？",はい,いいえ,PREPARE,2,GEN3_JP_MESSAGE_WINDOW_CHECK_REQUIRED,実charmap encodeはintegration buildで検証。
DIALOGUE_EVENT_SPECIAL_NATIONAL_0244,EVENT_SPECIAL_NATIONAL_0244,CANCEL,調査端末,"処理を中止した。
記録も素材も変更していない。",,,,2,GEN3_JP_MESSAGE_WINDOW_CHECK_REQUIRED,実charmap encodeはintegration buildで検証。
DIALOGUE_EVENT_SPECIAL_NATIONAL_0244,EVENT_SPECIAL_NATIONAL_0244,DEFEAT,調査端末,"エンテイの反応が消えた。
再入場すれば再調査できる。",,,,2,GEN3_JP_MESSAGE_WINDOW_CHECK_REQUIRED,実charmap encodeはintegration buildで検証。
DIALOGUE_EVENT_SPECIAL_NATIONAL_0244,EVENT_SPECIAL_NATIONAL_0244,ESCAPE,調査端末,"エンテイを見失った。
記録は未確定のままだ。",,,,2,GEN3_JP_MESSAGE_WINDOW_CHECK_REQUIRED,実charmap encodeはintegration buildで検証。
DIALOGUE_EVENT_SPECIAL_NATIONAL_0244,EVENT_SPECIAL_NATIONAL_0244,PARTY_FULL,調査端末,"手持ちがいっぱいだ。
PCへの転送を確認する。",,,,2,GEN3_JP_MESSAGE_WINDOW_CHECK_REQUIRED,実charmap encodeはintegration buildで検証。
DIALOGUE_EVENT_SPECIAL_NATIONAL_0244,EVENT_SPECIAL_NATIONAL_0244,BOX_FULL,調査端末,"PCと保管枠がいっぱいだ。
何も消費せず中止した。",,,,2,GEN3_JP_MESSAGE_WINDOW_CHECK_REQUIRED,実charmap encodeはintegration buildで検証。
DIALOGUE_EVENT_SPECIAL_NATIONAL_0244,EVENT_SPECIAL_NATIONAL_0244,SUCCESS,調査端末,"エンテイの捕獲を記録した。
共有台帳を更新した。",,,,2,GEN3_JP_MESSAGE_WINDOW_CHECK_REQUIRED,実charmap encodeはintegration buildで検証。
DIALOGUE_EVENT_SPECIAL_NATIONAL_0244,EVENT_SPECIAL_NATIONAL_0244,ALREADY,調査端末,"この対象は登録済みだ。
重複個体は受け取れない。",,,,2,GEN3_JP_MESSAGE_WINDOW_CHECK_REQUIRED,実charmap encodeはintegration buildで検証。
DIALOGUE_EVENT_SPECIAL_NATIONAL_0245,EVENT_SPECIAL_NATIONAL_0245,LOCKED,調査端末,"まだ反応がない。
調査条件を満たしていない。",,,,2,GEN3_JP_MESSAGE_WINDOW_CHECK_REQUIRED,実charmap encodeはintegration buildで検証。
DIALOGUE_EVENT_SPECIAL_NATIONAL_0245,EVENT_SPECIAL_NATIONAL_0245,INTRO,調査端末,"スイクンの反応を確認した。
固定遭遇を開始しますか？",はい,いいえ,PREPARE,2,GEN3_JP_MESSAGE_WINDOW_CHECK_REQUIRED,実charmap encodeはintegration buildで検証。
DIALOGUE_EVENT_SPECIAL_NATIONAL_0245,EVENT_SPECIAL_NATIONAL_0245,CANCEL,調査端末,"処理を中止した。
記録も素材も変更していない。",,,,2,GEN3_JP_MESSAGE_WINDOW_CHECK_REQUIRED,実charmap encodeはintegration buildで検証。
DIALOGUE_EVENT_SPECIAL_NATIONAL_0245,EVENT_SPECIAL_NATIONAL_0245,DEFEAT,調査端末,"スイクンの反応が消えた。
再入場すれば再調査できる。",,,,2,GEN3_JP_MESSAGE_WINDOW_CHECK_REQUIRED,実charmap encodeはintegration buildで検証。
DIALOGUE_EVENT_SPECIAL_NATIONAL_0245,EVENT_SPECIAL_NATIONAL_0245,ESCAPE,調査端末,"スイクンを見失った。
記録は未確定のままだ。",,,,2,GEN3_JP_MESSAGE_WINDOW_CHECK_REQUIRED,実charmap encodeはintegration buildで検証。
DIALOGUE_EVENT_SPECIAL_NATIONAL_0245,EVENT_SPECIAL_NATIONAL_0245,PARTY_FULL,調査端末,"手持ちがいっぱいだ。
PCへの転送を確認する。",,,,2,GEN3_JP_MESSAGE_WINDOW_CHECK_REQUIRED,実charmap encodeはintegration buildで検証。
DIALOGUE_EVENT_SPECIAL_NATIONAL_0245,EVENT_SPECIAL_NATIONAL_0245,BOX_FULL,調査端末,"PCと保管枠がいっぱいだ。
何も消費せず中止した。",,,,2,GEN3_JP_MESSAGE_WINDOW_CHECK_REQUIRED,実charmap encodeはintegration buildで検証。
DIALOGUE_EVENT_SPECIAL_NATIONAL_0245,EVENT_SPECIAL_NATIONAL_0245,SUCCESS,調査端末,"スイクンの捕獲を記録した。
共有台帳を更新した。",,,,2,GEN3_JP_MESSAGE_WINDOW_CHECK_REQUIRED,実charmap encodeはintegration buildで検証。
DIALOGUE_EVENT_SPECIAL_NATIONAL_0245,EVENT_SPECIAL_NATIONAL_0245,ALREADY,調査端末,"この対象は登録済みだ。
重複個体は受け取れない。",,,,2,GEN3_JP_MESSAGE_WINDOW_CHECK_REQUIRED,実charmap encodeはintegration buildで検証。
DIALOGUE_EVENT_SPECIAL_NATIONAL_0249,EVENT_SPECIAL_NATIONAL_0249,LOCKED,調査端末,"まだ反応がない。
調査条件を満たしていない。",,,,2,GEN3_JP_MESSAGE_WINDOW_CHECK_REQUIRED,実charmap encodeはintegration buildで検証。
DIALOGUE_EVENT_SPECIAL_NATIONAL_0249,EVENT_SPECIAL_NATIONAL_0249,INTRO,調査端末,"ルギアの反応を確認した。
固定遭遇を開始しますか？",はい,いいえ,PREPARE,2,GEN3_JP_MESSAGE_WINDOW_CHECK_REQUIRED,実charmap encodeはintegration buildで検証。
DIALOGUE_EVENT_SPECIAL_NATIONAL_0249,EVENT_SPECIAL_NATIONAL_0249,CANCEL,調査端末,"処理を中止した。
記録も素材も変更していない。",,,,2,GEN3_JP_MESSAGE_WINDOW_CHECK_REQUIRED,実charmap encodeはintegration buildで検証。
DIALOGUE_EVENT_SPECIAL_NATIONAL_0249,EVENT_SPECIAL_NATIONAL_0249,DEFEAT,調査端末,"ルギアの反応が消えた。
再入場すれば再調査できる。",,,,2,GEN3_JP_MESSAGE_WINDOW_CHECK_REQUIRED,実charmap encodeはintegration buildで検証。
DIALOGUE_EVENT_SPECIAL_NATIONAL_0249,EVENT_SPECIAL_NATIONAL_0249,ESCAPE,調査端末,"ルギアを見失った。
記録は未確定のままだ。",,,,2,GEN3_JP_MESSAGE_WINDOW_CHECK_REQUIRED,実charmap encodeはintegration buildで検証。
DIALOGUE_EVENT_SPECIAL_NATIONAL_0249,EVENT_SPECIAL_NATIONAL_0249,PARTY_FULL,調査端末,"手持ちがいっぱいだ。
PCへの転送を確認する。",,,,2,GEN3_JP_MESSAGE_WINDOW_CHECK_REQUIRED,実charmap encodeはintegration buildで検証。
DIALOGUE_EVENT_SPECIAL_NATIONAL_0249,EVENT_SPECIAL_NATIONAL_0249,BOX_FULL,調査端末,"PCと保管枠がいっぱいだ。
何も消費せず中止した。",,,,2,GEN3_JP_MESSAGE_WINDOW_CHECK_REQUIRED,実charmap encodeはintegration buildで検証。
DIALOGUE_EVENT_SPECIAL_NATIONAL_0249,EVENT_SPECIAL_NATIONAL_0249,SUCCESS,調査端末,"ルギアの捕獲を記録した。
共有台帳を更新した。",,,,2,GEN3_JP_MESSAGE_WINDOW_CHECK_REQUIRED,実charmap encodeはintegration buildで検証。
DIALOGUE_EVENT_SPECIAL_NATIONAL_0249,EVENT_SPECIAL_NATIONAL_0249,ALREADY,調査端末,"この対象は登録済みだ。
重複個体は受け取れない。",,,,2,GEN3_JP_MESSAGE_WINDOW_CHECK_REQUIRED,実charmap encodeはintegration buildで検証。
DIALOGUE_EVENT_SPECIAL_NATIONAL_0250,EVENT_SPECIAL_NATIONAL_0250,LOCKED,調査端末,"まだ反応がない。
調査条件を満たしていない。",,,,2,GEN3_JP_MESSAGE_WINDOW_CHECK_REQUIRED,実charmap encodeはintegration buildで検証。
DIALOGUE_EVENT_SPECIAL_NATIONAL_0250,EVENT_SPECIAL_NATIONAL_0250,INTRO,調査端末,"ホウオウの反応を確認した。
固定遭遇を開始しますか？",はい,いいえ,PREPARE,2,GEN3_JP_MESSAGE_WINDOW_CHECK_REQUIRED,実charmap encodeはintegration buildで検証。
DIALOGUE_EVENT_SPECIAL_NATIONAL_0250,EVENT_SPECIAL_NATIONAL_0250,CANCEL,調査端末,"処理を中止した。
記録も素材も変更していない。",,,,2,GEN3_JP_MESSAGE_WINDOW_CHECK_REQUIRED,実charmap encodeはintegration buildで検証。
DIALOGUE_EVENT_SPECIAL_NATIONAL_0250,EVENT_SPECIAL_NATIONAL_0250,DEFEAT,調査端末,"ホウオウの反応が消えた。
再入場すれば再調査できる。",,,,2,GEN3_JP_MESSAGE_WINDOW_CHECK_REQUIRED,実charmap encodeはintegration buildで検証。
DIALOGUE_EVENT_SPECIAL_NATIONAL_0250,EVENT_SPECIAL_NATIONAL_0250,ESCAPE,調査端末,"ホウオウを見失った。
記録は未確定のままだ。",,,,2,GEN3_JP_MESSAGE_WINDOW_CHECK_REQUIRED,実charmap encodeはintegration buildで検証。
DIALOGUE_EVENT_SPECIAL_NATIONAL_0250,EVENT_SPECIAL_NATIONAL_0250,PARTY_FULL,調査端末,"手持ちがいっぱいだ。
PCへの転送を確認する。",,,,2,GEN3_JP_MESSAGE_WINDOW_CHECK_REQUIRED,実charmap encodeはintegration buildで検証。
DIALOGUE_EVENT_SPECIAL_NATIONAL_0250,EVENT_SPECIAL_NATIONAL_0250,BOX_FULL,調査端末,"PCと保管枠がいっぱいだ。
何も消費せず中止した。",,,,2,GEN3_JP_MESSAGE_WINDOW_CHECK_REQUIRED,実charmap encodeはintegration buildで検証。
DIALOGUE_EVENT_SPECIAL_NATIONAL_0250,EVENT_SPECIAL_NATIONAL_0250,SUCCESS,調査端末,"ホウオウの捕獲を記録した。
共有台帳を更新した。",,,,2,GEN3_JP_MESSAGE_WINDOW_CHECK_REQUIRED,実charmap encodeはintegration buildで検証。
DIALOGUE_EVENT_SPECIAL_NATIONAL_0250,EVENT_SPECIAL_NATIONAL_0250,ALREADY,調査端末,"この対象は登録済みだ。
重複個体は受け取れない。",,,,2,GEN3_JP_MESSAGE_WINDOW_CHECK_REQUIRED,実charmap encodeはintegration buildで検証。
DIALOGUE_EVENT_SPECIAL_NATIONAL_0251,EVENT_SPECIAL_NATIONAL_0251,LOCKED,調査端末,"まだ反応がない。
調査条件を満たしていない。",,,,2,GEN3_JP_MESSAGE_WINDOW_CHECK_REQUIRED,実charmap encodeはintegration buildで検証。
DIALOGUE_EVENT_SPECIAL_NATIONAL_0251,EVENT_SPECIAL_NATIONAL_0251,INTRO,調査端末,"セレビィの反応を確認した。
固定遭遇を開始しますか？",はい,いいえ,PREPARE,2,GEN3_JP_MESSAGE_WINDOW_CHECK_REQUIRED,実charmap encodeはintegration buildで検証。
DIALOGUE_EVENT_SPECIAL_NATIONAL_0251,EVENT_SPECIAL_NATIONAL_0251,CANCEL,調査端末,"処理を中止した。
記録も素材も変更していない。",,,,2,GEN3_JP_MESSAGE_WINDOW_CHECK_REQUIRED,実charmap encodeはintegration buildで検証。
DIALOGUE_EVENT_SPECIAL_NATIONAL_0251,EVENT_SPECIAL_NATIONAL_0251,DEFEAT,調査端末,"セレビィの反応が消えた。
再入場すれば再調査できる。",,,,2,GEN3_JP_MESSAGE_WINDOW_CHECK_REQUIRED,実charmap encodeはintegration buildで検証。
DIALOGUE_EVENT_SPECIAL_NATIONAL_0251,EVENT_SPECIAL_NATIONAL_0251,ESCAPE,調査端末,"セレビィを見失った。
記録は未確定のままだ。",,,,2,GEN3_JP_MESSAGE_WINDOW_CHECK_REQUIRED,実charmap encodeはintegration buildで検証。
DIALOGUE_EVENT_SPECIAL_NATIONAL_0251,EVENT_SPECIAL_NATIONAL_0251,PARTY_FULL,調査端末,"手持ちがいっぱいだ。
PCへの転送を確認する。",,,,2,GEN3_JP_MESSAGE_WINDOW_CHECK_REQUIRED,実charmap encodeはintegration buildで検証。
DIALOGUE_EVENT_SPECIAL_NATIONAL_0251,EVENT_SPECIAL_NATIONAL_0251,BOX_FULL,調査端末,"PCと保管枠がいっぱいだ。
何も消費せず中止した。",,,,2,GEN3_JP_MESSAGE_WINDOW_CHECK_REQUIRED,実charmap encodeはintegration buildで検証。
DIALOGUE_EVENT_SPECIAL_NATIONAL_0251,EVENT_SPECIAL_NATIONAL_0251,SUCCESS,調査端末,"セレビィの捕獲を記録した。
共有台帳を更新した。",,,,2,GEN3_JP_MESSAGE_WINDOW_CHECK_REQUIRED,実charmap encodeはintegration buildで検証。
DIALOGUE_EVENT_SPECIAL_NATIONAL_0251,EVENT_SPECIAL_NATIONAL_0251,ALREADY,調査端末,"この対象は登録済みだ。
重複個体は受け取れない。",,,,2,GEN3_JP_MESSAGE_WINDOW_CHECK_REQUIRED,実charmap encodeはintegration buildで検証。
DIALOGUE_EVENT_SPECIAL_NATIONAL_0377,EVENT_SPECIAL_NATIONAL_0377,LOCKED,調査端末,"まだ反応がない。
調査条件を満たしていない。",,,,2,GEN3_JP_MESSAGE_WINDOW_CHECK_REQUIRED,実charmap encodeはintegration buildで検証。
DIALOGUE_EVENT_SPECIAL_NATIONAL_0377,EVENT_SPECIAL_NATIONAL_0377,INTRO,調査端末,"レジロックの反応を確認した。
固定遭遇を開始しますか？",はい,いいえ,PREPARE,2,GEN3_JP_MESSAGE_WINDOW_CHECK_REQUIRED,実charmap encodeはintegration buildで検証。
DIALOGUE_EVENT_SPECIAL_NATIONAL_0377,EVENT_SPECIAL_NATIONAL_0377,CANCEL,調査端末,"処理を中止した。
記録も素材も変更していない。",,,,2,GEN3_JP_MESSAGE_WINDOW_CHECK_REQUIRED,実charmap encodeはintegration buildで検証。
DIALOGUE_EVENT_SPECIAL_NATIONAL_0377,EVENT_SPECIAL_NATIONAL_0377,DEFEAT,調査端末,"レジロックの反応が消えた。
再入場すれば再調査できる。",,,,2,GEN3_JP_MESSAGE_WINDOW_CHECK_REQUIRED,実charmap encodeはintegration buildで検証。
DIALOGUE_EVENT_SPECIAL_NATIONAL_0377,EVENT_SPECIAL_NATIONAL_0377,ESCAPE,調査端末,"レジロックを見失った。
記録は未確定のままだ。",,,,2,GEN3_JP_MESSAGE_WINDOW_CHECK_REQUIRED,実charmap encodeはintegration buildで検証。
DIALOGUE_EVENT_SPECIAL_NATIONAL_0377,EVENT_SPECIAL_NATIONAL_0377,PARTY_FULL,調査端末,"手持ちがいっぱいだ。
PCへの転送を確認する。",,,,2,GEN3_JP_MESSAGE_WINDOW_CHECK_REQUIRED,実charmap encodeはintegration buildで検証。
DIALOGUE_EVENT_SPECIAL_NATIONAL_0377,EVENT_SPECIAL_NATIONAL_0377,BOX_FULL,調査端末,"PCと保管枠がいっぱいだ。
何も消費せず中止した。",,,,2,GEN3_JP_MESSAGE_WINDOW_CHECK_REQUIRED,実charmap encodeはintegration buildで検証。
DIALOGUE_EVENT_SPECIAL_NATIONAL_0377,EVENT_SPECIAL_NATIONAL_0377,SUCCESS,調査端末,"レジロックの捕獲を記録した。
共有台帳を更新した。",,,,2,GEN3_JP_MESSAGE_WINDOW_CHECK_REQUIRED,実charmap encodeはintegration buildで検証。
DIALOGUE_EVENT_SPECIAL_NATIONAL_0377,EVENT_SPECIAL_NATIONAL_0377,ALREADY,調査端末,"この対象は登録済みだ。
重複個体は受け取れない。",,,,2,GEN3_JP_MESSAGE_WINDOW_CHECK_REQUIRED,実charmap encodeはintegration buildで検証。
DIALOGUE_EVENT_SPECIAL_NATIONAL_0378,EVENT_SPECIAL_NATIONAL_0378,LOCKED,調査端末,"まだ反応がない。
調査条件を満たしていない。",,,,2,GEN3_JP_MESSAGE_WINDOW_CHECK_REQUIRED,実charmap encodeはintegration buildで検証。
DIALOGUE_EVENT_SPECIAL_NATIONAL_0378,EVENT_SPECIAL_NATIONAL_0378,INTRO,調査端末,"レジアイスの反応を確認した。
固定遭遇を開始しますか？",はい,いいえ,PREPARE,2,GEN3_JP_MESSAGE_WINDOW_CHECK_REQUIRED,実charmap encodeはintegration buildで検証。
DIALOGUE_EVENT_SPECIAL_NATIONAL_0378,EVENT_SPECIAL_NATIONAL_0378,CANCEL,調査端末,"処理を中止した。
記録も素材も変更していない。",,,,2,GEN3_JP_MESSAGE_WINDOW_CHECK_REQUIRED,実charmap encodeはintegration buildで検証。
DIALOGUE_EVENT_SPECIAL_NATIONAL_0378,EVENT_SPECIAL_NATIONAL_0378,DEFEAT,調査端末,"レジアイスの反応が消えた。
再入場すれば再調査できる。",,,,2,GEN3_JP_MESSAGE_WINDOW_CHECK_REQUIRED,実charmap encodeはintegration buildで検証。
DIALOGUE_EVENT_SPECIAL_NATIONAL_0378,EVENT_SPECIAL_NATIONAL_0378,ESCAPE,調査端末,"レジアイスを見失った。
記録は未確定のままだ。",,,,2,GEN3_JP_MESSAGE_WINDOW_CHECK_REQUIRED,実charmap encodeはintegration buildで検証。
DIALOGUE_EVENT_SPECIAL_NATIONAL_0378,EVENT_SPECIAL_NATIONAL_0378,PARTY_FULL,調査端末,"手持ちがいっぱいだ。
PCへの転送を確認する。",,,,2,GEN3_JP_MESSAGE_WINDOW_CHECK_REQUIRED,実charmap encodeはintegration buildで検証。
DIALOGUE_EVENT_SPECIAL_NATIONAL_0378,EVENT_SPECIAL_NATIONAL_0378,BOX_FULL,調査端末,"PCと保管枠がいっぱいだ。
何も消費せず中止した。",,,,2,GEN3_JP_MESSAGE_WINDOW_CHECK_REQUIRED,実charmap encodeはintegration buildで検証。
DIALOGUE_EVENT_SPECIAL_NATIONAL_0378,EVENT_SPECIAL_NATIONAL_0378,SUCCESS,調査端末,"レジアイスの捕獲を記録した。
共有台帳を更新した。",,,,2,GEN3_JP_MESSAGE_WINDOW_CHECK_REQUIRED,実charmap encodeはintegration buildで検証。
DIALOGUE_EVENT_SPECIAL_NATIONAL_0378,EVENT_SPECIAL_NATIONAL_0378,ALREADY,調査端末,"この対象は登録済みだ。
重複個体は受け取れない。",,,,2,GEN3_JP_MESSAGE_WINDOW_CHECK_REQUIRED,実charmap encodeはintegration buildで検証。
DIALOGUE_EVENT_SPECIAL_NATIONAL_0379,EVENT_SPECIAL_NATIONAL_0379,LOCKED,調査端末,"まだ反応がない。
調査条件を満たしていない。",,,,2,GEN3_JP_MESSAGE_WINDOW_CHECK_REQUIRED,実charmap encodeはintegration buildで検証。
DIALOGUE_EVENT_SPECIAL_NATIONAL_0379,EVENT_SPECIAL_NATIONAL_0379,INTRO,調査端末,"レジスチルの反応を確認した。
固定遭遇を開始しますか？",はい,いいえ,PREPARE,2,GEN3_JP_MESSAGE_WINDOW_CHECK_REQUIRED,実charmap encodeはintegration buildで検証。
DIALOGUE_EVENT_SPECIAL_NATIONAL_0379,EVENT_SPECIAL_NATIONAL_0379,CANCEL,調査端末,"処理を中止した。
記録も素材も変更していない。",,,,2,GEN3_JP_MESSAGE_WINDOW_CHECK_REQUIRED,実charmap encodeはintegration buildで検証。
DIALOGUE_EVENT_SPECIAL_NATIONAL_0379,EVENT_SPECIAL_NATIONAL_0379,DEFEAT,調査端末,"レジスチルの反応が消えた。
再入場すれば再調査できる。",,,,2,GEN3_JP_MESSAGE_WINDOW_CHECK_REQUIRED,実charmap encodeはintegration buildで検証。
DIALOGUE_EVENT_SPECIAL_NATIONAL_0379,EVENT_SPECIAL_NATIONAL_0379,ESCAPE,調査端末,"レジスチルを見失った。
記録は未確定のままだ。",,,,2,GEN3_JP_MESSAGE_WINDOW_CHECK_REQUIRED,実charmap encodeはintegration buildで検証。
DIALOGUE_EVENT_SPECIAL_NATIONAL_0379,EVENT_SPECIAL_NATIONAL_0379,PARTY_FULL,調査端末,"手持ちがいっぱいだ。
PCへの転送を確認する。",,,,2,GEN3_JP_MESSAGE_WINDOW_CHECK_REQUIRED,実charmap encodeはintegration buildで検証。
DIALOGUE_EVENT_SPECIAL_NATIONAL_0379,EVENT_SPECIAL_NATIONAL_0379,BOX_FULL,調査端末,"PCと保管枠がいっぱいだ。
何も消費せず中止した。",,,,2,GEN3_JP_MESSAGE_WINDOW_CHECK_REQUIRED,実charmap encodeはintegration buildで検証。
DIALOGUE_EVENT_SPECIAL_NATIONAL_0379,EVENT_SPECIAL_NATIONAL_0379,SUCCESS,調査端末,"レジスチルの捕獲を記録した。
共有台帳を更新した。",,,,2,GEN3_JP_MESSAGE_WINDOW_CHECK_REQUIRED,実charmap encodeはintegration buildで検証。
DIALOGUE_EVENT_SPECIAL_NATIONAL_0379,EVENT_SPECIAL_NATIONAL_0379,ALREADY,調査端末,"この対象は登録済みだ。
重複個体は受け取れない。",,,,2,GEN3_JP_MESSAGE_WINDOW_CHECK_REQUIRED,実charmap encodeはintegration buildで検証。
DIALOGUE_EVENT_SPECIAL_NATIONAL_0380,EVENT_SPECIAL_NATIONAL_0380,LOCKED,調査端末,"まだ反応がない。
調査条件を満たしていない。",,,,2,GEN3_JP_MESSAGE_WINDOW_CHECK_REQUIRED,実charmap encodeはintegration buildで検証。
DIALOGUE_EVENT_SPECIAL_NATIONAL_0380,EVENT_SPECIAL_NATIONAL_0380,INTRO,調査端末,"ラティアスの反応を確認した。
固定遭遇を開始しますか？",はい,いいえ,PREPARE,2,GEN3_JP_MESSAGE_WINDOW_CHECK_REQUIRED,実charmap encodeはintegration buildで検証。
DIALOGUE_EVENT_SPECIAL_NATIONAL_0380,EVENT_SPECIAL_NATIONAL_0380,CANCEL,調査端末,"処理を中止した。
記録も素材も変更していない。",,,,2,GEN3_JP_MESSAGE_WINDOW_CHECK_REQUIRED,実charmap encodeはintegration buildで検証。
DIALOGUE_EVENT_SPECIAL_NATIONAL_0380,EVENT_SPECIAL_NATIONAL_0380,DEFEAT,調査端末,"ラティアスの反応が消えた。
再入場すれば再調査できる。",,,,2,GEN3_JP_MESSAGE_WINDOW_CHECK_REQUIRED,実charmap encodeはintegration buildで検証。
DIALOGUE_EVENT_SPECIAL_NATIONAL_0380,EVENT_SPECIAL_NATIONAL_0380,ESCAPE,調査端末,"ラティアスを見失った。
記録は未確定のままだ。",,,,2,GEN3_JP_MESSAGE_WINDOW_CHECK_REQUIRED,実charmap encodeはintegration buildで検証。
DIALOGUE_EVENT_SPECIAL_NATIONAL_0380,EVENT_SPECIAL_NATIONAL_0380,PARTY_FULL,調査端末,"手持ちがいっぱいだ。
PCへの転送を確認する。",,,,2,GEN3_JP_MESSAGE_WINDOW_CHECK_REQUIRED,実charmap encodeはintegration buildで検証。
DIALOGUE_EVENT_SPECIAL_NATIONAL_0380,EVENT_SPECIAL_NATIONAL_0380,BOX_FULL,調査端末,"PCと保管枠がいっぱいだ。
何も消費せず中止した。",,,,2,GEN3_JP_MESSAGE_WINDOW_CHECK_REQUIRED,実charmap encodeはintegration buildで検証。
DIALOGUE_EVENT_SPECIAL_NATIONAL_0380,EVENT_SPECIAL_NATIONAL_0380,SUCCESS,調査端末,"ラティアスの捕獲を記録した。
共有台帳を更新した。",,,,2,GEN3_JP_MESSAGE_WINDOW_CHECK_REQUIRED,実charmap encodeはintegration buildで検証。
DIALOGUE_EVENT_SPECIAL_NATIONAL_0380,EVENT_SPECIAL_NATIONAL_0380,ALREADY,調査端末,"この対象は登録済みだ。
重複個体は受け取れない。",,,,2,GEN3_JP_MESSAGE_WINDOW_CHECK_REQUIRED,実charmap encodeはintegration buildで検証。
DIALOGUE_EVENT_SPECIAL_NATIONAL_0381,EVENT_SPECIAL_NATIONAL_0381,LOCKED,調査端末,"まだ反応がない。
調査条件を満たしていない。",,,,2,GEN3_JP_MESSAGE_WINDOW_CHECK_REQUIRED,実charmap encodeはintegration buildで検証。
DIALOGUE_EVENT_SPECIAL_NATIONAL_0381,EVENT_SPECIAL_NATIONAL_0381,INTRO,調査端末,"ラティオスの反応を確認した。
固定遭遇を開始しますか？",はい,いいえ,PREPARE,2,GEN3_JP_MESSAGE_WINDOW_CHECK_REQUIRED,実charmap encodeはintegration buildで検証。
DIALOGUE_EVENT_SPECIAL_NATIONAL_0381,EVENT_SPECIAL_NATIONAL_0381,CANCEL,調査端末,"処理を中止した。
記録も素材も変更していない。",,,,2,GEN3_JP_MESSAGE_WINDOW_CHECK_REQUIRED,実charmap encodeはintegration buildで検証。
DIALOGUE_EVENT_SPECIAL_NATIONAL_0381,EVENT_SPECIAL_NATIONAL_0381,DEFEAT,調査端末,"ラティオスの反応が消えた。
再入場すれば再調査できる。",,,,2,GEN3_JP_MESSAGE_WINDOW_CHECK_REQUIRED,実charmap encodeはintegration buildで検証。
DIALOGUE_EVENT_SPECIAL_NATIONAL_0381,EVENT_SPECIAL_NATIONAL_0381,ESCAPE,調査端末,"ラティオスを見失った。
記録は未確定のままだ。",,,,2,GEN3_JP_MESSAGE_WINDOW_CHECK_REQUIRED,実charmap encodeはintegration buildで検証。
DIALOGUE_EVENT_SPECIAL_NATIONAL_0381,EVENT_SPECIAL_NATIONAL_0381,PARTY_FULL,調査端末,"手持ちがいっぱいだ。
PCへの転送を確認する。",,,,2,GEN3_JP_MESSAGE_WINDOW_CHECK_REQUIRED,実charmap encodeはintegration buildで検証。
DIALOGUE_EVENT_SPECIAL_NATIONAL_0381,EVENT_SPECIAL_NATIONAL_0381,BOX_FULL,調査端末,"PCと保管枠がいっぱいだ。
何も消費せず中止した。",,,,2,GEN3_JP_MESSAGE_WINDOW_CHECK_REQUIRED,実charmap encodeはintegration buildで検証。
DIALOGUE_EVENT_SPECIAL_NATIONAL_0381,EVENT_SPECIAL_NATIONAL_0381,SUCCESS,調査端末,"ラティオスの捕獲を記録した。
共有台帳を更新した。",,,,2,GEN3_JP_MESSAGE_WINDOW_CHECK_REQUIRED,実charmap encodeはintegration buildで検証。
DIALOGUE_EVENT_SPECIAL_NATIONAL_0381,EVENT_SPECIAL_NATIONAL_0381,ALREADY,調査端末,"この対象は登録済みだ。
重複個体は受け取れない。",,,,2,GEN3_JP_MESSAGE_WINDOW_CHECK_REQUIRED,実charmap encodeはintegration buildで検証。
DIALOGUE_EVENT_SPECIAL_NATIONAL_0382,EVENT_SPECIAL_NATIONAL_0382,LOCKED,調査端末,"まだ反応がない。
調査条件を満たしていない。",,,,2,GEN3_JP_MESSAGE_WINDOW_CHECK_REQUIRED,実charmap encodeはintegration buildで検証。
DIALOGUE_EVENT_SPECIAL_NATIONAL_0382,EVENT_SPECIAL_NATIONAL_0382,INTRO,調査端末,"カイオーガの反応を確認した。
固定遭遇を開始しますか？",はい,いいえ,PREPARE,2,GEN3_JP_MESSAGE_WINDOW_CHECK_REQUIRED,実charmap encodeはintegration buildで検証。
DIALOGUE_EVENT_SPECIAL_NATIONAL_0382,EVENT_SPECIAL_NATIONAL_0382,CANCEL,調査端末,"処理を中止した。
記録も素材も変更していない。",,,,2,GEN3_JP_MESSAGE_WINDOW_CHECK_REQUIRED,実charmap encodeはintegration buildで検証。
DIALOGUE_EVENT_SPECIAL_NATIONAL_0382,EVENT_SPECIAL_NATIONAL_0382,DEFEAT,調査端末,"カイオーガの反応が消えた。
再入場すれば再調査できる。",,,,2,GEN3_JP_MESSAGE_WINDOW_CHECK_REQUIRED,実charmap encodeはintegration buildで検証。
DIALOGUE_EVENT_SPECIAL_NATIONAL_0382,EVENT_SPECIAL_NATIONAL_0382,ESCAPE,調査端末,"カイオーガを見失った。
記録は未確定のままだ。",,,,2,GEN3_JP_MESSAGE_WINDOW_CHECK_REQUIRED,実charmap encodeはintegration buildで検証。
DIALOGUE_EVENT_SPECIAL_NATIONAL_0382,EVENT_SPECIAL_NATIONAL_0382,PARTY_FULL,調査端末,"手持ちがいっぱいだ。
PCへの転送を確認する。",,,,2,GEN3_JP_MESSAGE_WINDOW_CHECK_REQUIRED,実charmap encodeはintegration buildで検証。
DIALOGUE_EVENT_SPECIAL_NATIONAL_0382,EVENT_SPECIAL_NATIONAL_0382,BOX_FULL,調査端末,"PCと保管枠がいっぱいだ。
何も消費せず中止した。",,,,2,GEN3_JP_MESSAGE_WINDOW_CHECK_REQUIRED,実charmap encodeはintegration buildで検証。
DIALOGUE_EVENT_SPECIAL_NATIONAL_0382,EVENT_SPECIAL_NATIONAL_0382,SUCCESS,調査端末,"カイオーガの捕獲を記録した。
共有台帳を更新した。",,,,2,GEN3_JP_MESSAGE_WINDOW_CHECK_REQUIRED,実charmap encodeはintegration buildで検証。
DIALOGUE_EVENT_SPECIAL_NATIONAL_0382,EVENT_SPECIAL_NATIONAL_0382,ALREADY,調査端末,"この対象は登録済みだ。
重複個体は受け取れない。",,,,2,GEN3_JP_MESSAGE_WINDOW_CHECK_REQUIRED,実charmap encodeはintegration buildで検証。
DIALOGUE_EVENT_SPECIAL_NATIONAL_0383,EVENT_SPECIAL_NATIONAL_0383,LOCKED,調査端末,"まだ反応がない。
調査条件を満たしていない。",,,,2,GEN3_JP_MESSAGE_WINDOW_CHECK_REQUIRED,実charmap encodeはintegration buildで検証。
DIALOGUE_EVENT_SPECIAL_NATIONAL_0383,EVENT_SPECIAL_NATIONAL_0383,INTRO,調査端末,"グラードンの反応を確認した。
固定遭遇を開始しますか？",はい,いいえ,PREPARE,2,GEN3_JP_MESSAGE_WINDOW_CHECK_REQUIRED,実charmap encodeはintegration buildで検証。
DIALOGUE_EVENT_SPECIAL_NATIONAL_0383,EVENT_SPECIAL_NATIONAL_0383,CANCEL,調査端末,"処理を中止した。
記録も素材も変更していない。",,,,2,GEN3_JP_MESSAGE_WINDOW_CHECK_REQUIRED,実charmap encodeはintegration buildで検証。
DIALOGUE_EVENT_SPECIAL_NATIONAL_0383,EVENT_SPECIAL_NATIONAL_0383,DEFEAT,調査端末,"グラードンの反応が消えた。
再入場すれば再調査できる。",,,,2,GEN3_JP_MESSAGE_WINDOW_CHECK_REQUIRED,実charmap encodeはintegration buildで検証。
DIALOGUE_EVENT_SPECIAL_NATIONAL_0383,EVENT_SPECIAL_NATIONAL_0383,ESCAPE,調査端末,"グラードンを見失った。
記録は未確定のままだ。",,,,2,GEN3_JP_MESSAGE_WINDOW_CHECK_REQUIRED,実charmap encodeはintegration buildで検証。
DIALOGUE_EVENT_SPECIAL_NATIONAL_0383,EVENT_SPECIAL_NATIONAL_0383,PARTY_FULL,調査端末,"手持ちがいっぱいだ。
PCへの転送を確認する。",,,,2,GEN3_JP_MESSAGE_WINDOW_CHECK_REQUIRED,実charmap encodeはintegration buildで検証。
DIALOGUE_EVENT_SPECIAL_NATIONAL_0383,EVENT_SPECIAL_NATIONAL_0383,BOX_FULL,調査端末,"PCと保管枠がいっぱいだ。
何も消費せず中止した。",,,,2,GEN3_JP_MESSAGE_WINDOW_CHECK_REQUIRED,実charmap encodeはintegration buildで検証。
DIALOGUE_EVENT_SPECIAL_NATIONAL_0383,EVENT_SPECIAL_NATIONAL_0383,SUCCESS,調査端末,"グラードンの捕獲を記録した。
共有台帳を更新した。",,,,2,GEN3_JP_MESSAGE_WINDOW_CHECK_REQUIRED,実charmap encodeはintegration buildで検証。
DIALOGUE_EVENT_SPECIAL_NATIONAL_0383,EVENT_SPECIAL_NATIONAL_0383,ALREADY,調査端末,"この対象は登録済みだ。
重複個体は受け取れない。",,,,2,GEN3_JP_MESSAGE_WINDOW_CHECK_REQUIRED,実charmap encodeはintegration buildで検証。
DIALOGUE_EVENT_SPECIAL_NATIONAL_0384,EVENT_SPECIAL_NATIONAL_0384,LOCKED,調査端末,"まだ反応がない。
調査条件を満たしていない。",,,,2,GEN3_JP_MESSAGE_WINDOW_CHECK_REQUIRED,実charmap encodeはintegration buildで検証。
DIALOGUE_EVENT_SPECIAL_NATIONAL_0384,EVENT_SPECIAL_NATIONAL_0384,INTRO,調査端末,"レックウザの反応を確認した。
固定遭遇を開始しますか？",はい,いいえ,PREPARE,2,GEN3_JP_MESSAGE_WINDOW_CHECK_REQUIRED,実charmap encodeはintegration buildで検証。
DIALOGUE_EVENT_SPECIAL_NATIONAL_0384,EVENT_SPECIAL_NATIONAL_0384,CANCEL,調査端末,"処理を中止した。
記録も素材も変更していない。",,,,2,GEN3_JP_MESSAGE_WINDOW_CHECK_REQUIRED,実charmap encodeはintegration buildで検証。
DIALOGUE_EVENT_SPECIAL_NATIONAL_0384,EVENT_SPECIAL_NATIONAL_0384,DEFEAT,調査端末,"レックウザの反応が消えた。
再入場すれば再調査できる。",,,,2,GEN3_JP_MESSAGE_WINDOW_CHECK_REQUIRED,実charmap encodeはintegration buildで検証。
DIALOGUE_EVENT_SPECIAL_NATIONAL_0384,EVENT_SPECIAL_NATIONAL_0384,ESCAPE,調査端末,"レックウザを見失った。
記録は未確定のままだ。",,,,2,GEN3_JP_MESSAGE_WINDOW_CHECK_REQUIRED,実charmap encodeはintegration buildで検証。
DIALOGUE_EVENT_SPECIAL_NATIONAL_0384,EVENT_SPECIAL_NATIONAL_0384,PARTY_FULL,調査端末,"手持ちがいっぱいだ。
PCへの転送を確認する。",,,,2,GEN3_JP_MESSAGE_WINDOW_CHECK_REQUIRED,実charmap encodeはintegration buildで検証。
DIALOGUE_EVENT_SPECIAL_NATIONAL_0384,EVENT_SPECIAL_NATIONAL_0384,BOX_FULL,調査端末,"PCと保管枠がいっぱいだ。
何も消費せず中止した。",,,,2,GEN3_JP_MESSAGE_WINDOW_CHECK_REQUIRED,実charmap encodeはintegration buildで検証。
DIALOGUE_EVENT_SPECIAL_NATIONAL_0384,EVENT_SPECIAL_NATIONAL_0384,SUCCESS,調査端末,"レックウザの捕獲を記録した。
共有台帳を更新した。",,,,2,GEN3_JP_MESSAGE_WINDOW_CHECK_REQUIRED,実charmap encodeはintegration buildで検証。
DIALOGUE_EVENT_SPECIAL_NATIONAL_0384,EVENT_SPECIAL_NATIONAL_0384,ALREADY,調査端末,"この対象は登録済みだ。
重複個体は受け取れない。",,,,2,GEN3_JP_MESSAGE_WINDOW_CHECK_REQUIRED,実charmap encodeはintegration buildで検証。
DIALOGUE_EVENT_SPECIAL_NATIONAL_0385,EVENT_SPECIAL_NATIONAL_0385,LOCKED,調査端末,"まだ反応がない。
調査条件を満たしていない。",,,,2,GEN3_JP_MESSAGE_WINDOW_CHECK_REQUIRED,実charmap encodeはintegration buildで検証。
DIALOGUE_EVENT_SPECIAL_NATIONAL_0385,EVENT_SPECIAL_NATIONAL_0385,INTRO,調査端末,"ジラーチの反応を確認した。
固定遭遇を開始しますか？",はい,いいえ,PREPARE,2,GEN3_JP_MESSAGE_WINDOW_CHECK_REQUIRED,実charmap encodeはintegration buildで検証。
DIALOGUE_EVENT_SPECIAL_NATIONAL_0385,EVENT_SPECIAL_NATIONAL_0385,CANCEL,調査端末,"処理を中止した。
記録も素材も変更していない。",,,,2,GEN3_JP_MESSAGE_WINDOW_CHECK_REQUIRED,実charmap encodeはintegration buildで検証。
DIALOGUE_EVENT_SPECIAL_NATIONAL_0385,EVENT_SPECIAL_NATIONAL_0385,DEFEAT,調査端末,"ジラーチの反応が消えた。
再入場すれば再調査できる。",,,,2,GEN3_JP_MESSAGE_WINDOW_CHECK_REQUIRED,実charmap encodeはintegration buildで検証。
DIALOGUE_EVENT_SPECIAL_NATIONAL_0385,EVENT_SPECIAL_NATIONAL_0385,ESCAPE,調査端末,"ジラーチを見失った。
記録は未確定のままだ。",,,,2,GEN3_JP_MESSAGE_WINDOW_CHECK_REQUIRED,実charmap encodeはintegration buildで検証。
DIALOGUE_EVENT_SPECIAL_NATIONAL_0385,EVENT_SPECIAL_NATIONAL_0385,PARTY_FULL,調査端末,"手持ちがいっぱいだ。
PCへの転送を確認する。",,,,2,GEN3_JP_MESSAGE_WINDOW_CHECK_REQUIRED,実charmap encodeはintegration buildで検証。
DIALOGUE_EVENT_SPECIAL_NATIONAL_0385,EVENT_SPECIAL_NATIONAL_0385,BOX_FULL,調査端末,"PCと保管枠がいっぱいだ。
何も消費せず中止した。",,,,2,GEN3_JP_MESSAGE_WINDOW_CHECK_REQUIRED,実charmap encodeはintegration buildで検証。
DIALOGUE_EVENT_SPECIAL_NATIONAL_0385,EVENT_SPECIAL_NATIONAL_0385,SUCCESS,調査端末,"ジラーチの捕獲を記録した。
共有台帳を更新した。",,,,2,GEN3_JP_MESSAGE_WINDOW_CHECK_REQUIRED,実charmap encodeはintegration buildで検証。
DIALOGUE_EVENT_SPECIAL_NATIONAL_0385,EVENT_SPECIAL_NATIONAL_0385,ALREADY,調査端末,"この対象は登録済みだ。
重複個体は受け取れない。",,,,2,GEN3_JP_MESSAGE_WINDOW_CHECK_REQUIRED,実charmap encodeはintegration buildで検証。
DIALOGUE_EVENT_SPECIAL_NATIONAL_0386,EVENT_SPECIAL_NATIONAL_0386,LOCKED,調査端末,"まだ反応がない。
調査条件を満たしていない。",,,,2,GEN3_JP_MESSAGE_WINDOW_CHECK_REQUIRED,実charmap encodeはintegration buildで検証。
DIALOGUE_EVENT_SPECIAL_NATIONAL_0386,EVENT_SPECIAL_NATIONAL_0386,INTRO,調査端末,"デオキシスの反応を確認した。
固定遭遇を開始しますか？",はい,いいえ,PREPARE,2,GEN3_JP_MESSAGE_WINDOW_CHECK_REQUIRED,実charmap encodeはintegration buildで検証。
DIALOGUE_EVENT_SPECIAL_NATIONAL_0386,EVENT_SPECIAL_NATIONAL_0386,CANCEL,調査端末,"処理を中止した。
記録も素材も変更していない。",,,,2,GEN3_JP_MESSAGE_WINDOW_CHECK_REQUIRED,実charmap encodeはintegration buildで検証。
DIALOGUE_EVENT_SPECIAL_NATIONAL_0386,EVENT_SPECIAL_NATIONAL_0386,DEFEAT,調査端末,"デオキシスの反応が消えた。
再入場すれば再調査できる。",,,,2,GEN3_JP_MESSAGE_WINDOW_CHECK_REQUIRED,実charmap encodeはintegration buildで検証。
DIALOGUE_EVENT_SPECIAL_NATIONAL_0386,EVENT_SPECIAL_NATIONAL_0386,ESCAPE,調査端末,"デオキシスを見失った。
記録は未確定のままだ。",,,,2,GEN3_JP_MESSAGE_WINDOW_CHECK_REQUIRED,実charmap encodeはintegration buildで検証。
DIALOGUE_EVENT_SPECIAL_NATIONAL_0386,EVENT_SPECIAL_NATIONAL_0386,PARTY_FULL,調査端末,"手持ちがいっぱいだ。
PCへの転送を確認する。",,,,2,GEN3_JP_MESSAGE_WINDOW_CHECK_REQUIRED,実charmap encodeはintegration buildで検証。
DIALOGUE_EVENT_SPECIAL_NATIONAL_0386,EVENT_SPECIAL_NATIONAL_0386,BOX_FULL,調査端末,"PCと保管枠がいっぱいだ。
何も消費せず中止した。",,,,2,GEN3_JP_MESSAGE_WINDOW_CHECK_REQUIRED,実charmap encodeはintegration buildで検証。
DIALOGUE_EVENT_SPECIAL_NATIONAL_0386,EVENT_SPECIAL_NATIONAL_0386,SUCCESS,調査端末,"デオキシスの捕獲を記録した。
共有台帳を更新した。",,,,2,GEN3_JP_MESSAGE_WINDOW_CHECK_REQUIRED,実charmap encodeはintegration buildで検証。
DIALOGUE_EVENT_SPECIAL_NATIONAL_0386,EVENT_SPECIAL_NATIONAL_0386,ALREADY,調査端末,"この対象は登録済みだ。
重複個体は受け取れない。",,,,2,GEN3_JP_MESSAGE_WINDOW_CHECK_REQUIRED,実charmap encodeはintegration buildで検証。
DIALOGUE_EVENT_SPECIAL_NATIONAL_0480,EVENT_SPECIAL_NATIONAL_0480,LOCKED,調査端末,"まだ反応がない。
調査条件を満たしていない。",,,,2,GEN3_JP_MESSAGE_WINDOW_CHECK_REQUIRED,実charmap encodeはintegration buildで検証。
DIALOGUE_EVENT_SPECIAL_NATIONAL_0480,EVENT_SPECIAL_NATIONAL_0480,INTRO,調査端末,"ユクシーの反応を確認した。
固定遭遇を開始しますか？",はい,いいえ,PREPARE,2,GEN3_JP_MESSAGE_WINDOW_CHECK_REQUIRED,実charmap encodeはintegration buildで検証。
DIALOGUE_EVENT_SPECIAL_NATIONAL_0480,EVENT_SPECIAL_NATIONAL_0480,CANCEL,調査端末,"処理を中止した。
記録も素材も変更していない。",,,,2,GEN3_JP_MESSAGE_WINDOW_CHECK_REQUIRED,実charmap encodeはintegration buildで検証。
DIALOGUE_EVENT_SPECIAL_NATIONAL_0480,EVENT_SPECIAL_NATIONAL_0480,DEFEAT,調査端末,"ユクシーの反応が消えた。
再入場すれば再調査できる。",,,,2,GEN3_JP_MESSAGE_WINDOW_CHECK_REQUIRED,実charmap encodeはintegration buildで検証。
DIALOGUE_EVENT_SPECIAL_NATIONAL_0480,EVENT_SPECIAL_NATIONAL_0480,ESCAPE,調査端末,"ユクシーを見失った。
記録は未確定のままだ。",,,,2,GEN3_JP_MESSAGE_WINDOW_CHECK_REQUIRED,実charmap encodeはintegration buildで検証。
DIALOGUE_EVENT_SPECIAL_NATIONAL_0480,EVENT_SPECIAL_NATIONAL_0480,PARTY_FULL,調査端末,"手持ちがいっぱいだ。
PCへの転送を確認する。",,,,2,GEN3_JP_MESSAGE_WINDOW_CHECK_REQUIRED,実charmap encodeはintegration buildで検証。
DIALOGUE_EVENT_SPECIAL_NATIONAL_0480,EVENT_SPECIAL_NATIONAL_0480,BOX_FULL,調査端末,"PCと保管枠がいっぱいだ。
何も消費せず中止した。",,,,2,GEN3_JP_MESSAGE_WINDOW_CHECK_REQUIRED,実charmap encodeはintegration buildで検証。
DIALOGUE_EVENT_SPECIAL_NATIONAL_0480,EVENT_SPECIAL_NATIONAL_0480,SUCCESS,調査端末,"ユクシーの捕獲を記録した。
共有台帳を更新した。",,,,2,GEN3_JP_MESSAGE_WINDOW_CHECK_REQUIRED,実charmap encodeはintegration buildで検証。
DIALOGUE_EVENT_SPECIAL_NATIONAL_0480,EVENT_SPECIAL_NATIONAL_0480,ALREADY,調査端末,"この対象は登録済みだ。
重複個体は受け取れない。",,,,2,GEN3_JP_MESSAGE_WINDOW_CHECK_REQUIRED,実charmap encodeはintegration buildで検証。
DIALOGUE_EVENT_SPECIAL_NATIONAL_0481,EVENT_SPECIAL_NATIONAL_0481,LOCKED,調査端末,"まだ反応がない。
調査条件を満たしていない。",,,,2,GEN3_JP_MESSAGE_WINDOW_CHECK_REQUIRED,実charmap encodeはintegration buildで検証。
DIALOGUE_EVENT_SPECIAL_NATIONAL_0481,EVENT_SPECIAL_NATIONAL_0481,INTRO,調査端末,"エムリットの反応を確認した。
固定遭遇を開始しますか？",はい,いいえ,PREPARE,2,GEN3_JP_MESSAGE_WINDOW_CHECK_REQUIRED,実charmap encodeはintegration buildで検証。
DIALOGUE_EVENT_SPECIAL_NATIONAL_0481,EVENT_SPECIAL_NATIONAL_0481,CANCEL,調査端末,"処理を中止した。
記録も素材も変更していない。",,,,2,GEN3_JP_MESSAGE_WINDOW_CHECK_REQUIRED,実charmap encodeはintegration buildで検証。
DIALOGUE_EVENT_SPECIAL_NATIONAL_0481,EVENT_SPECIAL_NATIONAL_0481,DEFEAT,調査端末,"エムリットの反応が消えた。
再入場すれば再調査できる。",,,,2,GEN3_JP_MESSAGE_WINDOW_CHECK_REQUIRED,実charmap encodeはintegration buildで検証。
DIALOGUE_EVENT_SPECIAL_NATIONAL_0481,EVENT_SPECIAL_NATIONAL_0481,ESCAPE,調査端末,"エムリットを見失った。
記録は未確定のままだ。",,,,2,GEN3_JP_MESSAGE_WINDOW_CHECK_REQUIRED,実charmap encodeはintegration buildで検証。
DIALOGUE_EVENT_SPECIAL_NATIONAL_0481,EVENT_SPECIAL_NATIONAL_0481,PARTY_FULL,調査端末,"手持ちがいっぱいだ。
PCへの転送を確認する。",,,,2,GEN3_JP_MESSAGE_WINDOW_CHECK_REQUIRED,実charmap encodeはintegration buildで検証。
DIALOGUE_EVENT_SPECIAL_NATIONAL_0481,EVENT_SPECIAL_NATIONAL_0481,BOX_FULL,調査端末,"PCと保管枠がいっぱいだ。
何も消費せず中止した。",,,,2,GEN3_JP_MESSAGE_WINDOW_CHECK_REQUIRED,実charmap encodeはintegration buildで検証。
DIALOGUE_EVENT_SPECIAL_NATIONAL_0481,EVENT_SPECIAL_NATIONAL_0481,SUCCESS,調査端末,"エムリットの捕獲を記録した。
共有台帳を更新した。",,,,2,GEN3_JP_MESSAGE_WINDOW_CHECK_REQUIRED,実charmap encodeはintegration buildで検証。
DIALOGUE_EVENT_SPECIAL_NATIONAL_0481,EVENT_SPECIAL_NATIONAL_0481,ALREADY,調査端末,"この対象は登録済みだ。
重複個体は受け取れない。",,,,2,GEN3_JP_MESSAGE_WINDOW_CHECK_REQUIRED,実charmap encodeはintegration buildで検証。
DIALOGUE_EVENT_SPECIAL_NATIONAL_0482,EVENT_SPECIAL_NATIONAL_0482,LOCKED,調査端末,"まだ反応がない。
調査条件を満たしていない。",,,,2,GEN3_JP_MESSAGE_WINDOW_CHECK_REQUIRED,実charmap encodeはintegration buildで検証。
DIALOGUE_EVENT_SPECIAL_NATIONAL_0482,EVENT_SPECIAL_NATIONAL_0482,INTRO,調査端末,"アグノムの反応を確認した。
固定遭遇を開始しますか？",はい,いいえ,PREPARE,2,GEN3_JP_MESSAGE_WINDOW_CHECK_REQUIRED,実charmap encodeはintegration buildで検証。
DIALOGUE_EVENT_SPECIAL_NATIONAL_0482,EVENT_SPECIAL_NATIONAL_0482,CANCEL,調査端末,"処理を中止した。
記録も素材も変更していない。",,,,2,GEN3_JP_MESSAGE_WINDOW_CHECK_REQUIRED,実charmap encodeはintegration buildで検証。
DIALOGUE_EVENT_SPECIAL_NATIONAL_0482,EVENT_SPECIAL_NATIONAL_0482,DEFEAT,調査端末,"アグノムの反応が消えた。
再入場すれば再調査できる。",,,,2,GEN3_JP_MESSAGE_WINDOW_CHECK_REQUIRED,実charmap encodeはintegration buildで検証。
DIALOGUE_EVENT_SPECIAL_NATIONAL_0482,EVENT_SPECIAL_NATIONAL_0482,ESCAPE,調査端末,"アグノムを見失った。
記録は未確定のままだ。",,,,2,GEN3_JP_MESSAGE_WINDOW_CHECK_REQUIRED,実charmap encodeはintegration buildで検証。
DIALOGUE_EVENT_SPECIAL_NATIONAL_0482,EVENT_SPECIAL_NATIONAL_0482,PARTY_FULL,調査端末,"手持ちがいっぱいだ。
PCへの転送を確認する。",,,,2,GEN3_JP_MESSAGE_WINDOW_CHECK_REQUIRED,実charmap encodeはintegration buildで検証。
DIALOGUE_EVENT_SPECIAL_NATIONAL_0482,EVENT_SPECIAL_NATIONAL_0482,BOX_FULL,調査端末,"PCと保管枠がいっぱいだ。
何も消費せず中止した。",,,,2,GEN3_JP_MESSAGE_WINDOW_CHECK_REQUIRED,実charmap encodeはintegration buildで検証。
DIALOGUE_EVENT_SPECIAL_NATIONAL_0482,EVENT_SPECIAL_NATIONAL_0482,SUCCESS,調査端末,"アグノムの捕獲を記録した。
共有台帳を更新した。",,,,2,GEN3_JP_MESSAGE_WINDOW_CHECK_REQUIRED,実charmap encodeはintegration buildで検証。
DIALOGUE_EVENT_SPECIAL_NATIONAL_0482,EVENT_SPECIAL_NATIONAL_0482,ALREADY,調査端末,"この対象は登録済みだ。
重複個体は受け取れない。",,,,2,GEN3_JP_MESSAGE_WINDOW_CHECK_REQUIRED,実charmap encodeはintegration buildで検証。
DIALOGUE_EVENT_SPECIAL_NATIONAL_0483,EVENT_SPECIAL_NATIONAL_0483,LOCKED,調査端末,"まだ反応がない。
調査条件を満たしていない。",,,,2,GEN3_JP_MESSAGE_WINDOW_CHECK_REQUIRED,実charmap encodeはintegration buildで検証。
DIALOGUE_EVENT_SPECIAL_NATIONAL_0483,EVENT_SPECIAL_NATIONAL_0483,INTRO,調査端末,"ディアルガの反応を確認した。
固定遭遇を開始しますか？",はい,いいえ,PREPARE,2,GEN3_JP_MESSAGE_WINDOW_CHECK_REQUIRED,実charmap encodeはintegration buildで検証。
DIALOGUE_EVENT_SPECIAL_NATIONAL_0483,EVENT_SPECIAL_NATIONAL_0483,CANCEL,調査端末,"処理を中止した。
記録も素材も変更していない。",,,,2,GEN3_JP_MESSAGE_WINDOW_CHECK_REQUIRED,実charmap encodeはintegration buildで検証。
DIALOGUE_EVENT_SPECIAL_NATIONAL_0483,EVENT_SPECIAL_NATIONAL_0483,DEFEAT,調査端末,"ディアルガの反応が消えた。
再入場すれば再調査できる。",,,,2,GEN3_JP_MESSAGE_WINDOW_CHECK_REQUIRED,実charmap encodeはintegration buildで検証。
DIALOGUE_EVENT_SPECIAL_NATIONAL_0483,EVENT_SPECIAL_NATIONAL_0483,ESCAPE,調査端末,"ディアルガを見失った。
記録は未確定のままだ。",,,,2,GEN3_JP_MESSAGE_WINDOW_CHECK_REQUIRED,実charmap encodeはintegration buildで検証。
DIALOGUE_EVENT_SPECIAL_NATIONAL_0483,EVENT_SPECIAL_NATIONAL_0483,PARTY_FULL,調査端末,"手持ちがいっぱいだ。
PCへの転送を確認する。",,,,2,GEN3_JP_MESSAGE_WINDOW_CHECK_REQUIRED,実charmap encodeはintegration buildで検証。
DIALOGUE_EVENT_SPECIAL_NATIONAL_0483,EVENT_SPECIAL_NATIONAL_0483,BOX_FULL,調査端末,"PCと保管枠がいっぱいだ。
何も消費せず中止した。",,,,2,GEN3_JP_MESSAGE_WINDOW_CHECK_REQUIRED,実charmap encodeはintegration buildで検証。
DIALOGUE_EVENT_SPECIAL_NATIONAL_0483,EVENT_SPECIAL_NATIONAL_0483,SUCCESS,調査端末,"ディアルガの捕獲を記録した。
共有台帳を更新した。",,,,2,GEN3_JP_MESSAGE_WINDOW_CHECK_REQUIRED,実charmap encodeはintegration buildで検証。
DIALOGUE_EVENT_SPECIAL_NATIONAL_0483,EVENT_SPECIAL_NATIONAL_0483,ALREADY,調査端末,"この対象は登録済みだ。
重複個体は受け取れない。",,,,2,GEN3_JP_MESSAGE_WINDOW_CHECK_REQUIRED,実charmap encodeはintegration buildで検証。
DIALOGUE_EVENT_SPECIAL_NATIONAL_0484,EVENT_SPECIAL_NATIONAL_0484,LOCKED,調査端末,"まだ反応がない。
調査条件を満たしていない。",,,,2,GEN3_JP_MESSAGE_WINDOW_CHECK_REQUIRED,実charmap encodeはintegration buildで検証。
DIALOGUE_EVENT_SPECIAL_NATIONAL_0484,EVENT_SPECIAL_NATIONAL_0484,INTRO,調査端末,"パルキアの反応を確認した。
固定遭遇を開始しますか？",はい,いいえ,PREPARE,2,GEN3_JP_MESSAGE_WINDOW_CHECK_REQUIRED,実charmap encodeはintegration buildで検証。
DIALOGUE_EVENT_SPECIAL_NATIONAL_0484,EVENT_SPECIAL_NATIONAL_0484,CANCEL,調査端末,"処理を中止した。
記録も素材も変更していない。",,,,2,GEN3_JP_MESSAGE_WINDOW_CHECK_REQUIRED,実charmap encodeはintegration buildで検証。
DIALOGUE_EVENT_SPECIAL_NATIONAL_0484,EVENT_SPECIAL_NATIONAL_0484,DEFEAT,調査端末,"パルキアの反応が消えた。
再入場すれば再調査できる。",,,,2,GEN3_JP_MESSAGE_WINDOW_CHECK_REQUIRED,実charmap encodeはintegration buildで検証。
DIALOGUE_EVENT_SPECIAL_NATIONAL_0484,EVENT_SPECIAL_NATIONAL_0484,ESCAPE,調査端末,"パルキアを見失った。
記録は未確定のままだ。",,,,2,GEN3_JP_MESSAGE_WINDOW_CHECK_REQUIRED,実charmap encodeはintegration buildで検証。
DIALOGUE_EVENT_SPECIAL_NATIONAL_0484,EVENT_SPECIAL_NATIONAL_0484,PARTY_FULL,調査端末,"手持ちがいっぱいだ。
PCへの転送を確認する。",,,,2,GEN3_JP_MESSAGE_WINDOW_CHECK_REQUIRED,実charmap encodeはintegration buildで検証。
DIALOGUE_EVENT_SPECIAL_NATIONAL_0484,EVENT_SPECIAL_NATIONAL_0484,BOX_FULL,調査端末,"PCと保管枠がいっぱいだ。
何も消費せず中止した。",,,,2,GEN3_JP_MESSAGE_WINDOW_CHECK_REQUIRED,実charmap encodeはintegration buildで検証。
DIALOGUE_EVENT_SPECIAL_NATIONAL_0484,EVENT_SPECIAL_NATIONAL_0484,SUCCESS,調査端末,"パルキアの捕獲を記録した。
共有台帳を更新した。",,,,2,GEN3_JP_MESSAGE_WINDOW_CHECK_REQUIRED,実charmap encodeはintegration buildで検証。
DIALOGUE_EVENT_SPECIAL_NATIONAL_0484,EVENT_SPECIAL_NATIONAL_0484,ALREADY,調査端末,"この対象は登録済みだ。
重複個体は受け取れない。",,,,2,GEN3_JP_MESSAGE_WINDOW_CHECK_REQUIRED,実charmap encodeはintegration buildで検証。
DIALOGUE_EVENT_SPECIAL_NATIONAL_0485,EVENT_SPECIAL_NATIONAL_0485,LOCKED,調査端末,"まだ反応がない。
調査条件を満たしていない。",,,,2,GEN3_JP_MESSAGE_WINDOW_CHECK_REQUIRED,実charmap encodeはintegration buildで検証。
DIALOGUE_EVENT_SPECIAL_NATIONAL_0485,EVENT_SPECIAL_NATIONAL_0485,INTRO,調査端末,"ヒードランの反応を確認した。
固定遭遇を開始しますか？",はい,いいえ,PREPARE,2,GEN3_JP_MESSAGE_WINDOW_CHECK_REQUIRED,実charmap encodeはintegration buildで検証。
DIALOGUE_EVENT_SPECIAL_NATIONAL_0485,EVENT_SPECIAL_NATIONAL_0485,CANCEL,調査端末,"処理を中止した。
記録も素材も変更していない。",,,,2,GEN3_JP_MESSAGE_WINDOW_CHECK_REQUIRED,実charmap encodeはintegration buildで検証。
DIALOGUE_EVENT_SPECIAL_NATIONAL_0485,EVENT_SPECIAL_NATIONAL_0485,DEFEAT,調査端末,"ヒードランの反応が消えた。
再入場すれば再調査できる。",,,,2,GEN3_JP_MESSAGE_WINDOW_CHECK_REQUIRED,実charmap encodeはintegration buildで検証。
DIALOGUE_EVENT_SPECIAL_NATIONAL_0485,EVENT_SPECIAL_NATIONAL_0485,ESCAPE,調査端末,"ヒードランを見失った。
記録は未確定のままだ。",,,,2,GEN3_JP_MESSAGE_WINDOW_CHECK_REQUIRED,実charmap encodeはintegration buildで検証。
DIALOGUE_EVENT_SPECIAL_NATIONAL_0485,EVENT_SPECIAL_NATIONAL_0485,PARTY_FULL,調査端末,"手持ちがいっぱいだ。
PCへの転送を確認する。",,,,2,GEN3_JP_MESSAGE_WINDOW_CHECK_REQUIRED,実charmap encodeはintegration buildで検証。
DIALOGUE_EVENT_SPECIAL_NATIONAL_0485,EVENT_SPECIAL_NATIONAL_0485,BOX_FULL,調査端末,"PCと保管枠がいっぱいだ。
何も消費せず中止した。",,,,2,GEN3_JP_MESSAGE_WINDOW_CHECK_REQUIRED,実charmap encodeはintegration buildで検証。
DIALOGUE_EVENT_SPECIAL_NATIONAL_0485,EVENT_SPECIAL_NATIONAL_0485,SUCCESS,調査端末,"ヒードランの捕獲を記録した。
共有台帳を更新した。",,,,2,GEN3_JP_MESSAGE_WINDOW_CHECK_REQUIRED,実charmap encodeはintegration buildで検証。
DIALOGUE_EVENT_SPECIAL_NATIONAL_0485,EVENT_SPECIAL_NATIONAL_0485,ALREADY,調査端末,"この対象は登録済みだ。
重複個体は受け取れない。",,,,2,GEN3_JP_MESSAGE_WINDOW_CHECK_REQUIRED,実charmap encodeはintegration buildで検証。
DIALOGUE_EVENT_SPECIAL_NATIONAL_0486,EVENT_SPECIAL_NATIONAL_0486,LOCKED,調査端末,"まだ反応がない。
調査条件を満たしていない。",,,,2,GEN3_JP_MESSAGE_WINDOW_CHECK_REQUIRED,実charmap encodeはintegration buildで検証。
DIALOGUE_EVENT_SPECIAL_NATIONAL_0486,EVENT_SPECIAL_NATIONAL_0486,INTRO,調査端末,"レジギガスの反応を確認した。
固定遭遇を開始しますか？",はい,いいえ,PREPARE,2,GEN3_JP_MESSAGE_WINDOW_CHECK_REQUIRED,実charmap encodeはintegration buildで検証。
DIALOGUE_EVENT_SPECIAL_NATIONAL_0486,EVENT_SPECIAL_NATIONAL_0486,CANCEL,調査端末,"処理を中止した。
記録も素材も変更していない。",,,,2,GEN3_JP_MESSAGE_WINDOW_CHECK_REQUIRED,実charmap encodeはintegration buildで検証。
DIALOGUE_EVENT_SPECIAL_NATIONAL_0486,EVENT_SPECIAL_NATIONAL_0486,DEFEAT,調査端末,"レジギガスの反応が消えた。
再入場すれば再調査できる。",,,,2,GEN3_JP_MESSAGE_WINDOW_CHECK_REQUIRED,実charmap encodeはintegration buildで検証。
DIALOGUE_EVENT_SPECIAL_NATIONAL_0486,EVENT_SPECIAL_NATIONAL_0486,ESCAPE,調査端末,"レジギガスを見失った。
記録は未確定のままだ。",,,,2,GEN3_JP_MESSAGE_WINDOW_CHECK_REQUIRED,実charmap encodeはintegration buildで検証。
DIALOGUE_EVENT_SPECIAL_NATIONAL_0486,EVENT_SPECIAL_NATIONAL_0486,PARTY_FULL,調査端末,"手持ちがいっぱいだ。
PCへの転送を確認する。",,,,2,GEN3_JP_MESSAGE_WINDOW_CHECK_REQUIRED,実charmap encodeはintegration buildで検証。
DIALOGUE_EVENT_SPECIAL_NATIONAL_0486,EVENT_SPECIAL_NATIONAL_0486,BOX_FULL,調査端末,"PCと保管枠がいっぱいだ。
何も消費せず中止した。",,,,2,GEN3_JP_MESSAGE_WINDOW_CHECK_REQUIRED,実charmap encodeはintegration buildで検証。
DIALOGUE_EVENT_SPECIAL_NATIONAL_0486,EVENT_SPECIAL_NATIONAL_0486,SUCCESS,調査端末,"レジギガスの捕獲を記録した。
共有台帳を更新した。",,,,2,GEN3_JP_MESSAGE_WINDOW_CHECK_REQUIRED,実charmap encodeはintegration buildで検証。
DIALOGUE_EVENT_SPECIAL_NATIONAL_0486,EVENT_SPECIAL_NATIONAL_0486,ALREADY,調査端末,"この対象は登録済みだ。
重複個体は受け取れない。",,,,2,GEN3_JP_MESSAGE_WINDOW_CHECK_REQUIRED,実charmap encodeはintegration buildで検証。
DIALOGUE_EVENT_SPECIAL_NATIONAL_0487,EVENT_SPECIAL_NATIONAL_0487,LOCKED,調査端末,"まだ反応がない。
調査条件を満たしていない。",,,,2,GEN3_JP_MESSAGE_WINDOW_CHECK_REQUIRED,実charmap encodeはintegration buildで検証。
DIALOGUE_EVENT_SPECIAL_NATIONAL_0487,EVENT_SPECIAL_NATIONAL_0487,INTRO,調査端末,"ギラティナの反応を確認した。
固定遭遇を開始しますか？",はい,いいえ,PREPARE,2,GEN3_JP_MESSAGE_WINDOW_CHECK_REQUIRED,実charmap encodeはintegration buildで検証。
DIALOGUE_EVENT_SPECIAL_NATIONAL_0487,EVENT_SPECIAL_NATIONAL_0487,CANCEL,調査端末,"処理を中止した。
記録も素材も変更していない。",,,,2,GEN3_JP_MESSAGE_WINDOW_CHECK_REQUIRED,実charmap encodeはintegration buildで検証。
DIALOGUE_EVENT_SPECIAL_NATIONAL_0487,EVENT_SPECIAL_NATIONAL_0487,DEFEAT,調査端末,"ギラティナの反応が消えた。
再入場すれば再調査できる。",,,,2,GEN3_JP_MESSAGE_WINDOW_CHECK_REQUIRED,実charmap encodeはintegration buildで検証。
DIALOGUE_EVENT_SPECIAL_NATIONAL_0487,EVENT_SPECIAL_NATIONAL_0487,ESCAPE,調査端末,"ギラティナを見失った。
記録は未確定のままだ。",,,,2,GEN3_JP_MESSAGE_WINDOW_CHECK_REQUIRED,実charmap encodeはintegration buildで検証。
DIALOGUE_EVENT_SPECIAL_NATIONAL_0487,EVENT_SPECIAL_NATIONAL_0487,PARTY_FULL,調査端末,"手持ちがいっぱいだ。
PCへの転送を確認する。",,,,2,GEN3_JP_MESSAGE_WINDOW_CHECK_REQUIRED,実charmap encodeはintegration buildで検証。
DIALOGUE_EVENT_SPECIAL_NATIONAL_0487,EVENT_SPECIAL_NATIONAL_0487,BOX_FULL,調査端末,"PCと保管枠がいっぱいだ。
何も消費せず中止した。",,,,2,GEN3_JP_MESSAGE_WINDOW_CHECK_REQUIRED,実charmap encodeはintegration buildで検証。
DIALOGUE_EVENT_SPECIAL_NATIONAL_0487,EVENT_SPECIAL_NATIONAL_0487,SUCCESS,調査端末,"ギラティナの捕獲を記録した。
共有台帳を更新した。",,,,2,GEN3_JP_MESSAGE_WINDOW_CHECK_REQUIRED,実charmap encodeはintegration buildで検証。
DIALOGUE_EVENT_SPECIAL_NATIONAL_0487,EVENT_SPECIAL_NATIONAL_0487,ALREADY,調査端末,"この対象は登録済みだ。
重複個体は受け取れない。",,,,2,GEN3_JP_MESSAGE_WINDOW_CHECK_REQUIRED,実charmap encodeはintegration buildで検証。
DIALOGUE_EVENT_SPECIAL_NATIONAL_0488,EVENT_SPECIAL_NATIONAL_0488,LOCKED,調査端末,"まだ反応がない。
調査条件を満たしていない。",,,,2,GEN3_JP_MESSAGE_WINDOW_CHECK_REQUIRED,実charmap encodeはintegration buildで検証。
DIALOGUE_EVENT_SPECIAL_NATIONAL_0488,EVENT_SPECIAL_NATIONAL_0488,INTRO,調査端末,"クレセリアの反応を確認した。
固定遭遇を開始しますか？",はい,いいえ,PREPARE,2,GEN3_JP_MESSAGE_WINDOW_CHECK_REQUIRED,実charmap encodeはintegration buildで検証。
DIALOGUE_EVENT_SPECIAL_NATIONAL_0488,EVENT_SPECIAL_NATIONAL_0488,CANCEL,調査端末,"処理を中止した。
記録も素材も変更していない。",,,,2,GEN3_JP_MESSAGE_WINDOW_CHECK_REQUIRED,実charmap encodeはintegration buildで検証。
DIALOGUE_EVENT_SPECIAL_NATIONAL_0488,EVENT_SPECIAL_NATIONAL_0488,DEFEAT,調査端末,"クレセリアの反応が消えた。
再入場すれば再調査できる。",,,,2,GEN3_JP_MESSAGE_WINDOW_CHECK_REQUIRED,実charmap encodeはintegration buildで検証。
DIALOGUE_EVENT_SPECIAL_NATIONAL_0488,EVENT_SPECIAL_NATIONAL_0488,ESCAPE,調査端末,"クレセリアを見失った。
記録は未確定のままだ。",,,,2,GEN3_JP_MESSAGE_WINDOW_CHECK_REQUIRED,実charmap encodeはintegration buildで検証。
DIALOGUE_EVENT_SPECIAL_NATIONAL_0488,EVENT_SPECIAL_NATIONAL_0488,PARTY_FULL,調査端末,"手持ちがいっぱいだ。
PCへの転送を確認する。",,,,2,GEN3_JP_MESSAGE_WINDOW_CHECK_REQUIRED,実charmap encodeはintegration buildで検証。
DIALOGUE_EVENT_SPECIAL_NATIONAL_0488,EVENT_SPECIAL_NATIONAL_0488,BOX_FULL,調査端末,"PCと保管枠がいっぱいだ。
何も消費せず中止した。",,,,2,GEN3_JP_MESSAGE_WINDOW_CHECK_REQUIRED,実charmap encodeはintegration buildで検証。
DIALOGUE_EVENT_SPECIAL_NATIONAL_0488,EVENT_SPECIAL_NATIONAL_0488,SUCCESS,調査端末,"クレセリアの捕獲を記録した。
共有台帳を更新した。",,,,2,GEN3_JP_MESSAGE_WINDOW_CHECK_REQUIRED,実charmap encodeはintegration buildで検証。
DIALOGUE_EVENT_SPECIAL_NATIONAL_0488,EVENT_SPECIAL_NATIONAL_0488,ALREADY,調査端末,"この対象は登録済みだ。
重複個体は受け取れない。",,,,2,GEN3_JP_MESSAGE_WINDOW_CHECK_REQUIRED,実charmap encodeはintegration buildで検証。
DIALOGUE_EVENT_SPECIAL_NATIONAL_0489,EVENT_SPECIAL_NATIONAL_0489,LOCKED,研究員,"まだ反応がない。
調査条件を満たしていない。",,,,2,GEN3_JP_MESSAGE_WINDOW_CHECK_REQUIRED,実charmap encodeはintegration buildで検証。
DIALOGUE_EVENT_SPECIAL_NATIONAL_0489,EVENT_SPECIAL_NATIONAL_0489,INTRO,研究員,"フィオネの研究タマゴを
受け取りますか？",はい,いいえ,PREPARE,2,GEN3_JP_MESSAGE_WINDOW_CHECK_REQUIRED,実charmap encodeはintegration buildで検証。
DIALOGUE_EVENT_SPECIAL_NATIONAL_0489,EVENT_SPECIAL_NATIONAL_0489,CANCEL,研究員,"処理を中止した。
記録も素材も変更していない。",,,,2,GEN3_JP_MESSAGE_WINDOW_CHECK_REQUIRED,実charmap encodeはintegration buildで検証。
DIALOGUE_EVENT_SPECIAL_NATIONAL_0489,EVENT_SPECIAL_NATIONAL_0489,DEFEAT,研究員,"フィオネの反応が消えた。
再入場すれば再調査できる。",,,,2,GEN3_JP_MESSAGE_WINDOW_CHECK_REQUIRED,実charmap encodeはintegration buildで検証。
DIALOGUE_EVENT_SPECIAL_NATIONAL_0489,EVENT_SPECIAL_NATIONAL_0489,ESCAPE,研究員,"フィオネを見失った。
記録は未確定のままだ。",,,,2,GEN3_JP_MESSAGE_WINDOW_CHECK_REQUIRED,実charmap encodeはintegration buildで検証。
DIALOGUE_EVENT_SPECIAL_NATIONAL_0489,EVENT_SPECIAL_NATIONAL_0489,PARTY_FULL,研究員,"手持ちがいっぱいだ。
PCへの転送を確認する。",,,,2,GEN3_JP_MESSAGE_WINDOW_CHECK_REQUIRED,実charmap encodeはintegration buildで検証。
DIALOGUE_EVENT_SPECIAL_NATIONAL_0489,EVENT_SPECIAL_NATIONAL_0489,BOX_FULL,研究員,"PCと保管枠がいっぱいだ。
何も消費せず中止した。",,,,2,GEN3_JP_MESSAGE_WINDOW_CHECK_REQUIRED,実charmap encodeはintegration buildで検証。
DIALOGUE_EVENT_SPECIAL_NATIONAL_0489,EVENT_SPECIAL_NATIONAL_0489,SUCCESS,研究員,"フィオネのタマゴを預かった。
受取記録を保存した。",,,,2,GEN3_JP_MESSAGE_WINDOW_CHECK_REQUIRED,実charmap encodeはintegration buildで検証。
DIALOGUE_EVENT_SPECIAL_NATIONAL_0489,EVENT_SPECIAL_NATIONAL_0489,ALREADY,研究員,"この対象は登録済みだ。
重複個体は受け取れない。",,,,2,GEN3_JP_MESSAGE_WINDOW_CHECK_REQUIRED,実charmap encodeはintegration buildで検証。
DIALOGUE_EVENT_SPECIAL_NATIONAL_0490,EVENT_SPECIAL_NATIONAL_0490,LOCKED,調査端末,"まだ反応がない。
調査条件を満たしていない。",,,,2,GEN3_JP_MESSAGE_WINDOW_CHECK_REQUIRED,実charmap encodeはintegration buildで検証。
DIALOGUE_EVENT_SPECIAL_NATIONAL_0490,EVENT_SPECIAL_NATIONAL_0490,INTRO,調査端末,"マナフィの反応を確認した。
固定遭遇を開始しますか？",はい,いいえ,PREPARE,2,GEN3_JP_MESSAGE_WINDOW_CHECK_REQUIRED,実charmap encodeはintegration buildで検証。
DIALOGUE_EVENT_SPECIAL_NATIONAL_0490,EVENT_SPECIAL_NATIONAL_0490,CANCEL,調査端末,"処理を中止した。
記録も素材も変更していない。",,,,2,GEN3_JP_MESSAGE_WINDOW_CHECK_REQUIRED,実charmap encodeはintegration buildで検証。
DIALOGUE_EVENT_SPECIAL_NATIONAL_0490,EVENT_SPECIAL_NATIONAL_0490,DEFEAT,調査端末,"マナフィの反応が消えた。
再入場すれば再調査できる。",,,,2,GEN3_JP_MESSAGE_WINDOW_CHECK_REQUIRED,実charmap encodeはintegration buildで検証。
DIALOGUE_EVENT_SPECIAL_NATIONAL_0490,EVENT_SPECIAL_NATIONAL_0490,ESCAPE,調査端末,"マナフィを見失った。
記録は未確定のままだ。",,,,2,GEN3_JP_MESSAGE_WINDOW_CHECK_REQUIRED,実charmap encodeはintegration buildで検証。
DIALOGUE_EVENT_SPECIAL_NATIONAL_0490,EVENT_SPECIAL_NATIONAL_0490,PARTY_FULL,調査端末,"手持ちがいっぱいだ。
PCへの転送を確認する。",,,,2,GEN3_JP_MESSAGE_WINDOW_CHECK_REQUIRED,実charmap encodeはintegration buildで検証。
DIALOGUE_EVENT_SPECIAL_NATIONAL_0490,EVENT_SPECIAL_NATIONAL_0490,BOX_FULL,調査端末,"PCと保管枠がいっぱいだ。
何も消費せず中止した。",,,,2,GEN3_JP_MESSAGE_WINDOW_CHECK_REQUIRED,実charmap encodeはintegration buildで検証。
DIALOGUE_EVENT_SPECIAL_NATIONAL_0490,EVENT_SPECIAL_NATIONAL_0490,SUCCESS,調査端末,"マナフィの捕獲を記録した。
共有台帳を更新した。",,,,2,GEN3_JP_MESSAGE_WINDOW_CHECK_REQUIRED,実charmap encodeはintegration buildで検証。
DIALOGUE_EVENT_SPECIAL_NATIONAL_0490,EVENT_SPECIAL_NATIONAL_0490,ALREADY,調査端末,"この対象は登録済みだ。
重複個体は受け取れない。",,,,2,GEN3_JP_MESSAGE_WINDOW_CHECK_REQUIRED,実charmap encodeはintegration buildで検証。
DIALOGUE_EVENT_SPECIAL_NATIONAL_0491,EVENT_SPECIAL_NATIONAL_0491,LOCKED,調査端末,"まだ反応がない。
調査条件を満たしていない。",,,,2,GEN3_JP_MESSAGE_WINDOW_CHECK_REQUIRED,実charmap encodeはintegration buildで検証。
DIALOGUE_EVENT_SPECIAL_NATIONAL_0491,EVENT_SPECIAL_NATIONAL_0491,INTRO,調査端末,"ダークライの反応を確認した。
固定遭遇を開始しますか？",はい,いいえ,PREPARE,2,GEN3_JP_MESSAGE_WINDOW_CHECK_REQUIRED,実charmap encodeはintegration buildで検証。
DIALOGUE_EVENT_SPECIAL_NATIONAL_0491,EVENT_SPECIAL_NATIONAL_0491,CANCEL,調査端末,"処理を中止した。
記録も素材も変更していない。",,,,2,GEN3_JP_MESSAGE_WINDOW_CHECK_REQUIRED,実charmap encodeはintegration buildで検証。
DIALOGUE_EVENT_SPECIAL_NATIONAL_0491,EVENT_SPECIAL_NATIONAL_0491,DEFEAT,調査端末,"ダークライの反応が消えた。
再入場すれば再調査できる。",,,,2,GEN3_JP_MESSAGE_WINDOW_CHECK_REQUIRED,実charmap encodeはintegration buildで検証。
DIALOGUE_EVENT_SPECIAL_NATIONAL_0491,EVENT_SPECIAL_NATIONAL_0491,ESCAPE,調査端末,"ダークライを見失った。
記録は未確定のままだ。",,,,2,GEN3_JP_MESSAGE_WINDOW_CHECK_REQUIRED,実charmap encodeはintegration buildで検証。
DIALOGUE_EVENT_SPECIAL_NATIONAL_0491,EVENT_SPECIAL_NATIONAL_0491,PARTY_FULL,調査端末,"手持ちがいっぱいだ。
PCへの転送を確認する。",,,,2,GEN3_JP_MESSAGE_WINDOW_CHECK_REQUIRED,実charmap encodeはintegration buildで検証。
DIALOGUE_EVENT_SPECIAL_NATIONAL_0491,EVENT_SPECIAL_NATIONAL_0491,BOX_FULL,調査端末,"PCと保管枠がいっぱいだ。
何も消費せず中止した。",,,,2,GEN3_JP_MESSAGE_WINDOW_CHECK_REQUIRED,実charmap encodeはintegration buildで検証。
DIALOGUE_EVENT_SPECIAL_NATIONAL_0491,EVENT_SPECIAL_NATIONAL_0491,SUCCESS,調査端末,"ダークライの捕獲を記録した。
共有台帳を更新した。",,,,2,GEN3_JP_MESSAGE_WINDOW_CHECK_REQUIRED,実charmap encodeはintegration buildで検証。
DIALOGUE_EVENT_SPECIAL_NATIONAL_0491,EVENT_SPECIAL_NATIONAL_0491,ALREADY,調査端末,"この対象は登録済みだ。
重複個体は受け取れない。",,,,2,GEN3_JP_MESSAGE_WINDOW_CHECK_REQUIRED,実charmap encodeはintegration buildで検証。
DIALOGUE_EVENT_SPECIAL_NATIONAL_0492,EVENT_SPECIAL_NATIONAL_0492,LOCKED,調査端末,"まだ反応がない。
調査条件を満たしていない。",,,,2,GEN3_JP_MESSAGE_WINDOW_CHECK_REQUIRED,実charmap encodeはintegration buildで検証。
DIALOGUE_EVENT_SPECIAL_NATIONAL_0492,EVENT_SPECIAL_NATIONAL_0492,INTRO,調査端末,"シェイミの反応を確認した。
固定遭遇を開始しますか？",はい,いいえ,PREPARE,2,GEN3_JP_MESSAGE_WINDOW_CHECK_REQUIRED,実charmap encodeはintegration buildで検証。
DIALOGUE_EVENT_SPECIAL_NATIONAL_0492,EVENT_SPECIAL_NATIONAL_0492,CANCEL,調査端末,"処理を中止した。
記録も素材も変更していない。",,,,2,GEN3_JP_MESSAGE_WINDOW_CHECK_REQUIRED,実charmap encodeはintegration buildで検証。
DIALOGUE_EVENT_SPECIAL_NATIONAL_0492,EVENT_SPECIAL_NATIONAL_0492,DEFEAT,調査端末,"シェイミの反応が消えた。
再入場すれば再調査できる。",,,,2,GEN3_JP_MESSAGE_WINDOW_CHECK_REQUIRED,実charmap encodeはintegration buildで検証。
DIALOGUE_EVENT_SPECIAL_NATIONAL_0492,EVENT_SPECIAL_NATIONAL_0492,ESCAPE,調査端末,"シェイミを見失った。
記録は未確定のままだ。",,,,2,GEN3_JP_MESSAGE_WINDOW_CHECK_REQUIRED,実charmap encodeはintegration buildで検証。
DIALOGUE_EVENT_SPECIAL_NATIONAL_0492,EVENT_SPECIAL_NATIONAL_0492,PARTY_FULL,調査端末,"手持ちがいっぱいだ。
PCへの転送を確認する。",,,,2,GEN3_JP_MESSAGE_WINDOW_CHECK_REQUIRED,実charmap encodeはintegration buildで検証。
DIALOGUE_EVENT_SPECIAL_NATIONAL_0492,EVENT_SPECIAL_NATIONAL_0492,BOX_FULL,調査端末,"PCと保管枠がいっぱいだ。
何も消費せず中止した。",,,,2,GEN3_JP_MESSAGE_WINDOW_CHECK_REQUIRED,実charmap encodeはintegration buildで検証。
DIALOGUE_EVENT_SPECIAL_NATIONAL_0492,EVENT_SPECIAL_NATIONAL_0492,SUCCESS,調査端末,"シェイミの捕獲を記録した。
共有台帳を更新した。",,,,2,GEN3_JP_MESSAGE_WINDOW_CHECK_REQUIRED,実charmap encodeはintegration buildで検証。
DIALOGUE_EVENT_SPECIAL_NATIONAL_0492,EVENT_SPECIAL_NATIONAL_0492,ALREADY,調査端末,"この対象は登録済みだ。
重複個体は受け取れない。",,,,2,GEN3_JP_MESSAGE_WINDOW_CHECK_REQUIRED,実charmap encodeはintegration buildで検証。
DIALOGUE_EVENT_SPECIAL_NATIONAL_0493,EVENT_SPECIAL_NATIONAL_0493,LOCKED,調査端末,"まだ反応がない。
調査条件を満たしていない。",,,,2,GEN3_JP_MESSAGE_WINDOW_CHECK_REQUIRED,実charmap encodeはintegration buildで検証。
DIALOGUE_EVENT_SPECIAL_NATIONAL_0493,EVENT_SPECIAL_NATIONAL_0493,INTRO,調査端末,"アルセウスの反応を確認した。
固定遭遇を開始しますか？",はい,いいえ,PREPARE,2,GEN3_JP_MESSAGE_WINDOW_CHECK_REQUIRED,実charmap encodeはintegration buildで検証。
DIALOGUE_EVENT_SPECIAL_NATIONAL_0493,EVENT_SPECIAL_NATIONAL_0493,CANCEL,調査端末,"処理を中止した。
記録も素材も変更していない。",,,,2,GEN3_JP_MESSAGE_WINDOW_CHECK_REQUIRED,実charmap encodeはintegration buildで検証。
DIALOGUE_EVENT_SPECIAL_NATIONAL_0493,EVENT_SPECIAL_NATIONAL_0493,DEFEAT,調査端末,"アルセウスの反応が消えた。
再入場すれば再調査できる。",,,,2,GEN3_JP_MESSAGE_WINDOW_CHECK_REQUIRED,実charmap encodeはintegration buildで検証。
DIALOGUE_EVENT_SPECIAL_NATIONAL_0493,EVENT_SPECIAL_NATIONAL_0493,ESCAPE,調査端末,"アルセウスを見失った。
記録は未確定のままだ。",,,,2,GEN3_JP_MESSAGE_WINDOW_CHECK_REQUIRED,実charmap encodeはintegration buildで検証。
DIALOGUE_EVENT_SPECIAL_NATIONAL_0493,EVENT_SPECIAL_NATIONAL_0493,PARTY_FULL,調査端末,"手持ちがいっぱいだ。
PCへの転送を確認する。",,,,2,GEN3_JP_MESSAGE_WINDOW_CHECK_REQUIRED,実charmap encodeはintegration buildで検証。
DIALOGUE_EVENT_SPECIAL_NATIONAL_0493,EVENT_SPECIAL_NATIONAL_0493,BOX_FULL,調査端末,"PCと保管枠がいっぱいだ。
何も消費せず中止した。",,,,2,GEN3_JP_MESSAGE_WINDOW_CHECK_REQUIRED,実charmap encodeはintegration buildで検証。
DIALOGUE_EVENT_SPECIAL_NATIONAL_0493,EVENT_SPECIAL_NATIONAL_0493,SUCCESS,調査端末,"アルセウスの捕獲を記録した。
共有台帳を更新した。",,,,2,GEN3_JP_MESSAGE_WINDOW_CHECK_REQUIRED,実charmap encodeはintegration buildで検証。
DIALOGUE_EVENT_SPECIAL_NATIONAL_0493,EVENT_SPECIAL_NATIONAL_0493,ALREADY,調査端末,"この対象は登録済みだ。
重複個体は受け取れない。",,,,2,GEN3_JP_MESSAGE_WINDOW_CHECK_REQUIRED,実charmap encodeはintegration buildで検証。
DIALOGUE_EVENT_SPECIAL_NATIONAL_0494,EVENT_SPECIAL_NATIONAL_0494,LOCKED,調査端末,"まだ反応がない。
調査条件を満たしていない。",,,,2,GEN3_JP_MESSAGE_WINDOW_CHECK_REQUIRED,実charmap encodeはintegration buildで検証。
DIALOGUE_EVENT_SPECIAL_NATIONAL_0494,EVENT_SPECIAL_NATIONAL_0494,INTRO,調査端末,"ビクティニの反応を確認した。
固定遭遇を開始しますか？",はい,いいえ,PREPARE,2,GEN3_JP_MESSAGE_WINDOW_CHECK_REQUIRED,実charmap encodeはintegration buildで検証。
DIALOGUE_EVENT_SPECIAL_NATIONAL_0494,EVENT_SPECIAL_NATIONAL_0494,CANCEL,調査端末,"処理を中止した。
記録も素材も変更していない。",,,,2,GEN3_JP_MESSAGE_WINDOW_CHECK_REQUIRED,実charmap encodeはintegration buildで検証。
DIALOGUE_EVENT_SPECIAL_NATIONAL_0494,EVENT_SPECIAL_NATIONAL_0494,DEFEAT,調査端末,"ビクティニの反応が消えた。
再入場すれば再調査できる。",,,,2,GEN3_JP_MESSAGE_WINDOW_CHECK_REQUIRED,実charmap encodeはintegration buildで検証。
DIALOGUE_EVENT_SPECIAL_NATIONAL_0494,EVENT_SPECIAL_NATIONAL_0494,ESCAPE,調査端末,"ビクティニを見失った。
記録は未確定のままだ。",,,,2,GEN3_JP_MESSAGE_WINDOW_CHECK_REQUIRED,実charmap encodeはintegration buildで検証。
DIALOGUE_EVENT_SPECIAL_NATIONAL_0494,EVENT_SPECIAL_NATIONAL_0494,PARTY_FULL,調査端末,"手持ちがいっぱいだ。
PCへの転送を確認する。",,,,2,GEN3_JP_MESSAGE_WINDOW_CHECK_REQUIRED,実charmap encodeはintegration buildで検証。
DIALOGUE_EVENT_SPECIAL_NATIONAL_0494,EVENT_SPECIAL_NATIONAL_0494,BOX_FULL,調査端末,"PCと保管枠がいっぱいだ。
何も消費せず中止した。",,,,2,GEN3_JP_MESSAGE_WINDOW_CHECK_REQUIRED,実charmap encodeはintegration buildで検証。
DIALOGUE_EVENT_SPECIAL_NATIONAL_0494,EVENT_SPECIAL_NATIONAL_0494,SUCCESS,調査端末,"ビクティニの捕獲を記録した。
共有台帳を更新した。",,,,2,GEN3_JP_MESSAGE_WINDOW_CHECK_REQUIRED,実charmap encodeはintegration buildで検証。
DIALOGUE_EVENT_SPECIAL_NATIONAL_0494,EVENT_SPECIAL_NATIONAL_0494,ALREADY,調査端末,"この対象は登録済みだ。
重複個体は受け取れない。",,,,2,GEN3_JP_MESSAGE_WINDOW_CHECK_REQUIRED,実charmap encodeはintegration buildで検証。
DIALOGUE_EVENT_SPECIAL_NATIONAL_0638,EVENT_SPECIAL_NATIONAL_0638,LOCKED,調査端末,"まだ反応がない。
調査条件を満たしていない。",,,,2,GEN3_JP_MESSAGE_WINDOW_CHECK_REQUIRED,実charmap encodeはintegration buildで検証。
DIALOGUE_EVENT_SPECIAL_NATIONAL_0638,EVENT_SPECIAL_NATIONAL_0638,INTRO,調査端末,"コバルオンの反応を確認した。
固定遭遇を開始しますか？",はい,いいえ,PREPARE,2,GEN3_JP_MESSAGE_WINDOW_CHECK_REQUIRED,実charmap encodeはintegration buildで検証。
DIALOGUE_EVENT_SPECIAL_NATIONAL_0638,EVENT_SPECIAL_NATIONAL_0638,CANCEL,調査端末,"処理を中止した。
記録も素材も変更していない。",,,,2,GEN3_JP_MESSAGE_WINDOW_CHECK_REQUIRED,実charmap encodeはintegration buildで検証。
DIALOGUE_EVENT_SPECIAL_NATIONAL_0638,EVENT_SPECIAL_NATIONAL_0638,DEFEAT,調査端末,"コバルオンの反応が消えた。
再入場すれば再調査できる。",,,,2,GEN3_JP_MESSAGE_WINDOW_CHECK_REQUIRED,実charmap encodeはintegration buildで検証。
DIALOGUE_EVENT_SPECIAL_NATIONAL_0638,EVENT_SPECIAL_NATIONAL_0638,ESCAPE,調査端末,"コバルオンを見失った。
記録は未確定のままだ。",,,,2,GEN3_JP_MESSAGE_WINDOW_CHECK_REQUIRED,実charmap encodeはintegration buildで検証。
DIALOGUE_EVENT_SPECIAL_NATIONAL_0638,EVENT_SPECIAL_NATIONAL_0638,PARTY_FULL,調査端末,"手持ちがいっぱいだ。
PCへの転送を確認する。",,,,2,GEN3_JP_MESSAGE_WINDOW_CHECK_REQUIRED,実charmap encodeはintegration buildで検証。
DIALOGUE_EVENT_SPECIAL_NATIONAL_0638,EVENT_SPECIAL_NATIONAL_0638,BOX_FULL,調査端末,"PCと保管枠がいっぱいだ。
何も消費せず中止した。",,,,2,GEN3_JP_MESSAGE_WINDOW_CHECK_REQUIRED,実charmap encodeはintegration buildで検証。
DIALOGUE_EVENT_SPECIAL_NATIONAL_0638,EVENT_SPECIAL_NATIONAL_0638,SUCCESS,調査端末,"コバルオンの捕獲を記録した。
共有台帳を更新した。",,,,2,GEN3_JP_MESSAGE_WINDOW_CHECK_REQUIRED,実charmap encodeはintegration buildで検証。
DIALOGUE_EVENT_SPECIAL_NATIONAL_0638,EVENT_SPECIAL_NATIONAL_0638,ALREADY,調査端末,"この対象は登録済みだ。
重複個体は受け取れない。",,,,2,GEN3_JP_MESSAGE_WINDOW_CHECK_REQUIRED,実charmap encodeはintegration buildで検証。
DIALOGUE_EVENT_SPECIAL_NATIONAL_0639,EVENT_SPECIAL_NATIONAL_0639,LOCKED,調査端末,"まだ反応がない。
調査条件を満たしていない。",,,,2,GEN3_JP_MESSAGE_WINDOW_CHECK_REQUIRED,実charmap encodeはintegration buildで検証。
DIALOGUE_EVENT_SPECIAL_NATIONAL_0639,EVENT_SPECIAL_NATIONAL_0639,INTRO,調査端末,"テラキオンの反応を確認した。
固定遭遇を開始しますか？",はい,いいえ,PREPARE,2,GEN3_JP_MESSAGE_WINDOW_CHECK_REQUIRED,実charmap encodeはintegration buildで検証。
DIALOGUE_EVENT_SPECIAL_NATIONAL_0639,EVENT_SPECIAL_NATIONAL_0639,CANCEL,調査端末,"処理を中止した。
記録も素材も変更していない。",,,,2,GEN3_JP_MESSAGE_WINDOW_CHECK_REQUIRED,実charmap encodeはintegration buildで検証。
DIALOGUE_EVENT_SPECIAL_NATIONAL_0639,EVENT_SPECIAL_NATIONAL_0639,DEFEAT,調査端末,"テラキオンの反応が消えた。
再入場すれば再調査できる。",,,,2,GEN3_JP_MESSAGE_WINDOW_CHECK_REQUIRED,実charmap encodeはintegration buildで検証。
DIALOGUE_EVENT_SPECIAL_NATIONAL_0639,EVENT_SPECIAL_NATIONAL_0639,ESCAPE,調査端末,"テラキオンを見失った。
記録は未確定のままだ。",,,,2,GEN3_JP_MESSAGE_WINDOW_CHECK_REQUIRED,実charmap encodeはintegration buildで検証。
DIALOGUE_EVENT_SPECIAL_NATIONAL_0639,EVENT_SPECIAL_NATIONAL_0639,PARTY_FULL,調査端末,"手持ちがいっぱいだ。
PCへの転送を確認する。",,,,2,GEN3_JP_MESSAGE_WINDOW_CHECK_REQUIRED,実charmap encodeはintegration buildで検証。
DIALOGUE_EVENT_SPECIAL_NATIONAL_0639,EVENT_SPECIAL_NATIONAL_0639,BOX_FULL,調査端末,"PCと保管枠がいっぱいだ。
何も消費せず中止した。",,,,2,GEN3_JP_MESSAGE_WINDOW_CHECK_REQUIRED,実charmap encodeはintegration buildで検証。
DIALOGUE_EVENT_SPECIAL_NATIONAL_0639,EVENT_SPECIAL_NATIONAL_0639,SUCCESS,調査端末,"テラキオンの捕獲を記録した。
共有台帳を更新した。",,,,2,GEN3_JP_MESSAGE_WINDOW_CHECK_REQUIRED,実charmap encodeはintegration buildで検証。
DIALOGUE_EVENT_SPECIAL_NATIONAL_0639,EVENT_SPECIAL_NATIONAL_0639,ALREADY,調査端末,"この対象は登録済みだ。
重複個体は受け取れない。",,,,2,GEN3_JP_MESSAGE_WINDOW_CHECK_REQUIRED,実charmap encodeはintegration buildで検証。
DIALOGUE_EVENT_SPECIAL_NATIONAL_0640,EVENT_SPECIAL_NATIONAL_0640,LOCKED,調査端末,"まだ反応がない。
調査条件を満たしていない。",,,,2,GEN3_JP_MESSAGE_WINDOW_CHECK_REQUIRED,実charmap encodeはintegration buildで検証。
DIALOGUE_EVENT_SPECIAL_NATIONAL_0640,EVENT_SPECIAL_NATIONAL_0640,INTRO,調査端末,"ビリジオンの反応を確認した。
固定遭遇を開始しますか？",はい,いいえ,PREPARE,2,GEN3_JP_MESSAGE_WINDOW_CHECK_REQUIRED,実charmap encodeはintegration buildで検証。
DIALOGUE_EVENT_SPECIAL_NATIONAL_0640,EVENT_SPECIAL_NATIONAL_0640,CANCEL,調査端末,"処理を中止した。
記録も素材も変更していない。",,,,2,GEN3_JP_MESSAGE_WINDOW_CHECK_REQUIRED,実charmap encodeはintegration buildで検証。
DIALOGUE_EVENT_SPECIAL_NATIONAL_0640,EVENT_SPECIAL_NATIONAL_0640,DEFEAT,調査端末,"ビリジオンの反応が消えた。
再入場すれば再調査できる。",,,,2,GEN3_JP_MESSAGE_WINDOW_CHECK_REQUIRED,実charmap encodeはintegration buildで検証。
DIALOGUE_EVENT_SPECIAL_NATIONAL_0640,EVENT_SPECIAL_NATIONAL_0640,ESCAPE,調査端末,"ビリジオンを見失った。
記録は未確定のままだ。",,,,2,GEN3_JP_MESSAGE_WINDOW_CHECK_REQUIRED,実charmap encodeはintegration buildで検証。
DIALOGUE_EVENT_SPECIAL_NATIONAL_0640,EVENT_SPECIAL_NATIONAL_0640,PARTY_FULL,調査端末,"手持ちがいっぱいだ。
PCへの転送を確認する。",,,,2,GEN3_JP_MESSAGE_WINDOW_CHECK_REQUIRED,実charmap encodeはintegration buildで検証。
DIALOGUE_EVENT_SPECIAL_NATIONAL_0640,EVENT_SPECIAL_NATIONAL_0640,BOX_FULL,調査端末,"PCと保管枠がいっぱいだ。
何も消費せず中止した。",,,,2,GEN3_JP_MESSAGE_WINDOW_CHECK_REQUIRED,実charmap encodeはintegration buildで検証。
DIALOGUE_EVENT_SPECIAL_NATIONAL_0640,EVENT_SPECIAL_NATIONAL_0640,SUCCESS,調査端末,"ビリジオンの捕獲を記録した。
共有台帳を更新した。",,,,2,GEN3_JP_MESSAGE_WINDOW_CHECK_REQUIRED,実charmap encodeはintegration buildで検証。
DIALOGUE_EVENT_SPECIAL_NATIONAL_0640,EVENT_SPECIAL_NATIONAL_0640,ALREADY,調査端末,"この対象は登録済みだ。
重複個体は受け取れない。",,,,2,GEN3_JP_MESSAGE_WINDOW_CHECK_REQUIRED,実charmap encodeはintegration buildで検証。
DIALOGUE_EVENT_SPECIAL_NATIONAL_0641,EVENT_SPECIAL_NATIONAL_0641,LOCKED,調査端末,"まだ反応がない。
調査条件を満たしていない。",,,,2,GEN3_JP_MESSAGE_WINDOW_CHECK_REQUIRED,実charmap encodeはintegration buildで検証。
DIALOGUE_EVENT_SPECIAL_NATIONAL_0641,EVENT_SPECIAL_NATIONAL_0641,INTRO,調査端末,"トルネロスの反応を確認した。
固定遭遇を開始しますか？",はい,いいえ,PREPARE,2,GEN3_JP_MESSAGE_WINDOW_CHECK_REQUIRED,実charmap encodeはintegration buildで検証。
DIALOGUE_EVENT_SPECIAL_NATIONAL_0641,EVENT_SPECIAL_NATIONAL_0641,CANCEL,調査端末,"処理を中止した。
記録も素材も変更していない。",,,,2,GEN3_JP_MESSAGE_WINDOW_CHECK_REQUIRED,実charmap encodeはintegration buildで検証。
DIALOGUE_EVENT_SPECIAL_NATIONAL_0641,EVENT_SPECIAL_NATIONAL_0641,DEFEAT,調査端末,"トルネロスの反応が消えた。
再入場すれば再調査できる。",,,,2,GEN3_JP_MESSAGE_WINDOW_CHECK_REQUIRED,実charmap encodeはintegration buildで検証。
DIALOGUE_EVENT_SPECIAL_NATIONAL_0641,EVENT_SPECIAL_NATIONAL_0641,ESCAPE,調査端末,"トルネロスを見失った。
記録は未確定のままだ。",,,,2,GEN3_JP_MESSAGE_WINDOW_CHECK_REQUIRED,実charmap encodeはintegration buildで検証。
DIALOGUE_EVENT_SPECIAL_NATIONAL_0641,EVENT_SPECIAL_NATIONAL_0641,PARTY_FULL,調査端末,"手持ちがいっぱいだ。
PCへの転送を確認する。",,,,2,GEN3_JP_MESSAGE_WINDOW_CHECK_REQUIRED,実charmap encodeはintegration buildで検証。
DIALOGUE_EVENT_SPECIAL_NATIONAL_0641,EVENT_SPECIAL_NATIONAL_0641,BOX_FULL,調査端末,"PCと保管枠がいっぱいだ。
何も消費せず中止した。",,,,2,GEN3_JP_MESSAGE_WINDOW_CHECK_REQUIRED,実charmap encodeはintegration buildで検証。
DIALOGUE_EVENT_SPECIAL_NATIONAL_0641,EVENT_SPECIAL_NATIONAL_0641,SUCCESS,調査端末,"トルネロスの捕獲を記録した。
共有台帳を更新した。",,,,2,GEN3_JP_MESSAGE_WINDOW_CHECK_REQUIRED,実charmap encodeはintegration buildで検証。
DIALOGUE_EVENT_SPECIAL_NATIONAL_0641,EVENT_SPECIAL_NATIONAL_0641,ALREADY,調査端末,"この対象は登録済みだ。
重複個体は受け取れない。",,,,2,GEN3_JP_MESSAGE_WINDOW_CHECK_REQUIRED,実charmap encodeはintegration buildで検証。
DIALOGUE_EVENT_SPECIAL_NATIONAL_0642,EVENT_SPECIAL_NATIONAL_0642,LOCKED,調査端末,"まだ反応がない。
調査条件を満たしていない。",,,,2,GEN3_JP_MESSAGE_WINDOW_CHECK_REQUIRED,実charmap encodeはintegration buildで検証。
DIALOGUE_EVENT_SPECIAL_NATIONAL_0642,EVENT_SPECIAL_NATIONAL_0642,INTRO,調査端末,"ボルトロスの反応を確認した。
固定遭遇を開始しますか？",はい,いいえ,PREPARE,2,GEN3_JP_MESSAGE_WINDOW_CHECK_REQUIRED,実charmap encodeはintegration buildで検証。
DIALOGUE_EVENT_SPECIAL_NATIONAL_0642,EVENT_SPECIAL_NATIONAL_0642,CANCEL,調査端末,"処理を中止した。
記録も素材も変更していない。",,,,2,GEN3_JP_MESSAGE_WINDOW_CHECK_REQUIRED,実charmap encodeはintegration buildで検証。
DIALOGUE_EVENT_SPECIAL_NATIONAL_0642,EVENT_SPECIAL_NATIONAL_0642,DEFEAT,調査端末,"ボルトロスの反応が消えた。
再入場すれば再調査できる。",,,,2,GEN3_JP_MESSAGE_WINDOW_CHECK_REQUIRED,実charmap encodeはintegration buildで検証。
DIALOGUE_EVENT_SPECIAL_NATIONAL_0642,EVENT_SPECIAL_NATIONAL_0642,ESCAPE,調査端末,"ボルトロスを見失った。
記録は未確定のままだ。",,,,2,GEN3_JP_MESSAGE_WINDOW_CHECK_REQUIRED,実charmap encodeはintegration buildで検証。
DIALOGUE_EVENT_SPECIAL_NATIONAL_0642,EVENT_SPECIAL_NATIONAL_0642,PARTY_FULL,調査端末,"手持ちがいっぱいだ。
PCへの転送を確認する。",,,,2,GEN3_JP_MESSAGE_WINDOW_CHECK_REQUIRED,実charmap encodeはintegration buildで検証。
DIALOGUE_EVENT_SPECIAL_NATIONAL_0642,EVENT_SPECIAL_NATIONAL_0642,BOX_FULL,調査端末,"PCと保管枠がいっぱいだ。
何も消費せず中止した。",,,,2,GEN3_JP_MESSAGE_WINDOW_CHECK_REQUIRED,実charmap encodeはintegration buildで検証。
DIALOGUE_EVENT_SPECIAL_NATIONAL_0642,EVENT_SPECIAL_NATIONAL_0642,SUCCESS,調査端末,"ボルトロスの捕獲を記録した。
共有台帳を更新した。",,,,2,GEN3_JP_MESSAGE_WINDOW_CHECK_REQUIRED,実charmap encodeはintegration buildで検証。
DIALOGUE_EVENT_SPECIAL_NATIONAL_0642,EVENT_SPECIAL_NATIONAL_0642,ALREADY,調査端末,"この対象は登録済みだ。
重複個体は受け取れない。",,,,2,GEN3_JP_MESSAGE_WINDOW_CHECK_REQUIRED,実charmap encodeはintegration buildで検証。
DIALOGUE_EVENT_SPECIAL_NATIONAL_0643,EVENT_SPECIAL_NATIONAL_0643,LOCKED,調査端末,"まだ反応がない。
調査条件を満たしていない。",,,,2,GEN3_JP_MESSAGE_WINDOW_CHECK_REQUIRED,実charmap encodeはintegration buildで検証。
DIALOGUE_EVENT_SPECIAL_NATIONAL_0643,EVENT_SPECIAL_NATIONAL_0643,INTRO,調査端末,"レシラムの反応を確認した。
固定遭遇を開始しますか？",はい,いいえ,PREPARE,2,GEN3_JP_MESSAGE_WINDOW_CHECK_REQUIRED,実charmap encodeはintegration buildで検証。
DIALOGUE_EVENT_SPECIAL_NATIONAL_0643,EVENT_SPECIAL_NATIONAL_0643,CANCEL,調査端末,"処理を中止した。
記録も素材も変更していない。",,,,2,GEN3_JP_MESSAGE_WINDOW_CHECK_REQUIRED,実charmap encodeはintegration buildで検証。
DIALOGUE_EVENT_SPECIAL_NATIONAL_0643,EVENT_SPECIAL_NATIONAL_0643,DEFEAT,調査端末,"レシラムの反応が消えた。
再入場すれば再調査できる。",,,,2,GEN3_JP_MESSAGE_WINDOW_CHECK_REQUIRED,実charmap encodeはintegration buildで検証。
DIALOGUE_EVENT_SPECIAL_NATIONAL_0643,EVENT_SPECIAL_NATIONAL_0643,ESCAPE,調査端末,"レシラムを見失った。
記録は未確定のままだ。",,,,2,GEN3_JP_MESSAGE_WINDOW_CHECK_REQUIRED,実charmap encodeはintegration buildで検証。
DIALOGUE_EVENT_SPECIAL_NATIONAL_0643,EVENT_SPECIAL_NATIONAL_0643,PARTY_FULL,調査端末,"手持ちがいっぱいだ。
PCへの転送を確認する。",,,,2,GEN3_JP_MESSAGE_WINDOW_CHECK_REQUIRED,実charmap encodeはintegration buildで検証。
DIALOGUE_EVENT_SPECIAL_NATIONAL_0643,EVENT_SPECIAL_NATIONAL_0643,BOX_FULL,調査端末,"PCと保管枠がいっぱいだ。
何も消費せず中止した。",,,,2,GEN3_JP_MESSAGE_WINDOW_CHECK_REQUIRED,実charmap encodeはintegration buildで検証。
DIALOGUE_EVENT_SPECIAL_NATIONAL_0643,EVENT_SPECIAL_NATIONAL_0643,SUCCESS,調査端末,"レシラムの捕獲を記録した。
共有台帳を更新した。",,,,2,GEN3_JP_MESSAGE_WINDOW_CHECK_REQUIRED,実charmap encodeはintegration buildで検証。
DIALOGUE_EVENT_SPECIAL_NATIONAL_0643,EVENT_SPECIAL_NATIONAL_0643,ALREADY,調査端末,"この対象は登録済みだ。
重複個体は受け取れない。",,,,2,GEN3_JP_MESSAGE_WINDOW_CHECK_REQUIRED,実charmap encodeはintegration buildで検証。
DIALOGUE_EVENT_SPECIAL_NATIONAL_0644,EVENT_SPECIAL_NATIONAL_0644,LOCKED,調査端末,"まだ反応がない。
調査条件を満たしていない。",,,,2,GEN3_JP_MESSAGE_WINDOW_CHECK_REQUIRED,実charmap encodeはintegration buildで検証。
DIALOGUE_EVENT_SPECIAL_NATIONAL_0644,EVENT_SPECIAL_NATIONAL_0644,INTRO,調査端末,"ゼクロムの反応を確認した。
固定遭遇を開始しますか？",はい,いいえ,PREPARE,2,GEN3_JP_MESSAGE_WINDOW_CHECK_REQUIRED,実charmap encodeはintegration buildで検証。
DIALOGUE_EVENT_SPECIAL_NATIONAL_0644,EVENT_SPECIAL_NATIONAL_0644,CANCEL,調査端末,"処理を中止した。
記録も素材も変更していない。",,,,2,GEN3_JP_MESSAGE_WINDOW_CHECK_REQUIRED,実charmap encodeはintegration buildで検証。
DIALOGUE_EVENT_SPECIAL_NATIONAL_0644,EVENT_SPECIAL_NATIONAL_0644,DEFEAT,調査端末,"ゼクロムの反応が消えた。
再入場すれば再調査できる。",,,,2,GEN3_JP_MESSAGE_WINDOW_CHECK_REQUIRED,実charmap encodeはintegration buildで検証。
DIALOGUE_EVENT_SPECIAL_NATIONAL_0644,EVENT_SPECIAL_NATIONAL_0644,ESCAPE,調査端末,"ゼクロムを見失った。
記録は未確定のままだ。",,,,2,GEN3_JP_MESSAGE_WINDOW_CHECK_REQUIRED,実charmap encodeはintegration buildで検証。
DIALOGUE_EVENT_SPECIAL_NATIONAL_0644,EVENT_SPECIAL_NATIONAL_0644,PARTY_FULL,調査端末,"手持ちがいっぱいだ。
PCへの転送を確認する。",,,,2,GEN3_JP_MESSAGE_WINDOW_CHECK_REQUIRED,実charmap encodeはintegration buildで検証。
DIALOGUE_EVENT_SPECIAL_NATIONAL_0644,EVENT_SPECIAL_NATIONAL_0644,BOX_FULL,調査端末,"PCと保管枠がいっぱいだ。
何も消費せず中止した。",,,,2,GEN3_JP_MESSAGE_WINDOW_CHECK_REQUIRED,実charmap encodeはintegration buildで検証。
DIALOGUE_EVENT_SPECIAL_NATIONAL_0644,EVENT_SPECIAL_NATIONAL_0644,SUCCESS,調査端末,"ゼクロムの捕獲を記録した。
共有台帳を更新した。",,,,2,GEN3_JP_MESSAGE_WINDOW_CHECK_REQUIRED,実charmap encodeはintegration buildで検証。
DIALOGUE_EVENT_SPECIAL_NATIONAL_0644,EVENT_SPECIAL_NATIONAL_0644,ALREADY,調査端末,"この対象は登録済みだ。
重複個体は受け取れない。",,,,2,GEN3_JP_MESSAGE_WINDOW_CHECK_REQUIRED,実charmap encodeはintegration buildで検証。
DIALOGUE_EVENT_SPECIAL_NATIONAL_0645,EVENT_SPECIAL_NATIONAL_0645,LOCKED,調査端末,"まだ反応がない。
調査条件を満たしていない。",,,,2,GEN3_JP_MESSAGE_WINDOW_CHECK_REQUIRED,実charmap encodeはintegration buildで検証。
DIALOGUE_EVENT_SPECIAL_NATIONAL_0645,EVENT_SPECIAL_NATIONAL_0645,INTRO,調査端末,"ランドロスの反応を確認した。
固定遭遇を開始しますか？",はい,いいえ,PREPARE,2,GEN3_JP_MESSAGE_WINDOW_CHECK_REQUIRED,実charmap encodeはintegration buildで検証。
DIALOGUE_EVENT_SPECIAL_NATIONAL_0645,EVENT_SPECIAL_NATIONAL_0645,CANCEL,調査端末,"処理を中止した。
記録も素材も変更していない。",,,,2,GEN3_JP_MESSAGE_WINDOW_CHECK_REQUIRED,実charmap encodeはintegration buildで検証。
DIALOGUE_EVENT_SPECIAL_NATIONAL_0645,EVENT_SPECIAL_NATIONAL_0645,DEFEAT,調査端末,"ランドロスの反応が消えた。
再入場すれば再調査できる。",,,,2,GEN3_JP_MESSAGE_WINDOW_CHECK_REQUIRED,実charmap encodeはintegration buildで検証。
DIALOGUE_EVENT_SPECIAL_NATIONAL_0645,EVENT_SPECIAL_NATIONAL_0645,ESCAPE,調査端末,"ランドロスを見失った。
記録は未確定のままだ。",,,,2,GEN3_JP_MESSAGE_WINDOW_CHECK_REQUIRED,実charmap encodeはintegration buildで検証。
DIALOGUE_EVENT_SPECIAL_NATIONAL_0645,EVENT_SPECIAL_NATIONAL_0645,PARTY_FULL,調査端末,"手持ちがいっぱいだ。
PCへの転送を確認する。",,,,2,GEN3_JP_MESSAGE_WINDOW_CHECK_REQUIRED,実charmap encodeはintegration buildで検証。
DIALOGUE_EVENT_SPECIAL_NATIONAL_0645,EVENT_SPECIAL_NATIONAL_0645,BOX_FULL,調査端末,"PCと保管枠がいっぱいだ。
何も消費せず中止した。",,,,2,GEN3_JP_MESSAGE_WINDOW_CHECK_REQUIRED,実charmap encodeはintegration buildで検証。
DIALOGUE_EVENT_SPECIAL_NATIONAL_0645,EVENT_SPECIAL_NATIONAL_0645,SUCCESS,調査端末,"ランドロスの捕獲を記録した。
共有台帳を更新した。",,,,2,GEN3_JP_MESSAGE_WINDOW_CHECK_REQUIRED,実charmap encodeはintegration buildで検証。
DIALOGUE_EVENT_SPECIAL_NATIONAL_0645,EVENT_SPECIAL_NATIONAL_0645,ALREADY,調査端末,"この対象は登録済みだ。
重複個体は受け取れない。",,,,2,GEN3_JP_MESSAGE_WINDOW_CHECK_REQUIRED,実charmap encodeはintegration buildで検証。
DIALOGUE_EVENT_SPECIAL_NATIONAL_0646,EVENT_SPECIAL_NATIONAL_0646,LOCKED,調査端末,"まだ反応がない。
調査条件を満たしていない。",,,,2,GEN3_JP_MESSAGE_WINDOW_CHECK_REQUIRED,実charmap encodeはintegration buildで検証。
DIALOGUE_EVENT_SPECIAL_NATIONAL_0646,EVENT_SPECIAL_NATIONAL_0646,INTRO,調査端末,"キュレムの反応を確認した。
固定遭遇を開始しますか？",はい,いいえ,PREPARE,2,GEN3_JP_MESSAGE_WINDOW_CHECK_REQUIRED,実charmap encodeはintegration buildで検証。
DIALOGUE_EVENT_SPECIAL_NATIONAL_0646,EVENT_SPECIAL_NATIONAL_0646,CANCEL,調査端末,"処理を中止した。
記録も素材も変更していない。",,,,2,GEN3_JP_MESSAGE_WINDOW_CHECK_REQUIRED,実charmap encodeはintegration buildで検証。
DIALOGUE_EVENT_SPECIAL_NATIONAL_0646,EVENT_SPECIAL_NATIONAL_0646,DEFEAT,調査端末,"キュレムの反応が消えた。
再入場すれば再調査できる。",,,,2,GEN3_JP_MESSAGE_WINDOW_CHECK_REQUIRED,実charmap encodeはintegration buildで検証。
DIALOGUE_EVENT_SPECIAL_NATIONAL_0646,EVENT_SPECIAL_NATIONAL_0646,ESCAPE,調査端末,"キュレムを見失った。
記録は未確定のままだ。",,,,2,GEN3_JP_MESSAGE_WINDOW_CHECK_REQUIRED,実charmap encodeはintegration buildで検証。
DIALOGUE_EVENT_SPECIAL_NATIONAL_0646,EVENT_SPECIAL_NATIONAL_0646,PARTY_FULL,調査端末,"手持ちがいっぱいだ。
PCへの転送を確認する。",,,,2,GEN3_JP_MESSAGE_WINDOW_CHECK_REQUIRED,実charmap encodeはintegration buildで検証。
DIALOGUE_EVENT_SPECIAL_NATIONAL_0646,EVENT_SPECIAL_NATIONAL_0646,BOX_FULL,調査端末,"PCと保管枠がいっぱいだ。
何も消費せず中止した。",,,,2,GEN3_JP_MESSAGE_WINDOW_CHECK_REQUIRED,実charmap encodeはintegration buildで検証。
DIALOGUE_EVENT_SPECIAL_NATIONAL_0646,EVENT_SPECIAL_NATIONAL_0646,SUCCESS,調査端末,"キュレムの捕獲を記録した。
共有台帳を更新した。",,,,2,GEN3_JP_MESSAGE_WINDOW_CHECK_REQUIRED,実charmap encodeはintegration buildで検証。
DIALOGUE_EVENT_SPECIAL_NATIONAL_0646,EVENT_SPECIAL_NATIONAL_0646,ALREADY,調査端末,"この対象は登録済みだ。
重複個体は受け取れない。",,,,2,GEN3_JP_MESSAGE_WINDOW_CHECK_REQUIRED,実charmap encodeはintegration buildで検証。
DIALOGUE_EVENT_SPECIAL_NATIONAL_0647,EVENT_SPECIAL_NATIONAL_0647,LOCKED,調査端末,"まだ反応がない。
調査条件を満たしていない。",,,,2,GEN3_JP_MESSAGE_WINDOW_CHECK_REQUIRED,実charmap encodeはintegration buildで検証。
DIALOGUE_EVENT_SPECIAL_NATIONAL_0647,EVENT_SPECIAL_NATIONAL_0647,INTRO,調査端末,"ケルディオの反応を確認した。
固定遭遇を開始しますか？",はい,いいえ,PREPARE,2,GEN3_JP_MESSAGE_WINDOW_CHECK_REQUIRED,実charmap encodeはintegration buildで検証。
DIALOGUE_EVENT_SPECIAL_NATIONAL_0647,EVENT_SPECIAL_NATIONAL_0647,CANCEL,調査端末,"処理を中止した。
記録も素材も変更していない。",,,,2,GEN3_JP_MESSAGE_WINDOW_CHECK_REQUIRED,実charmap encodeはintegration buildで検証。
DIALOGUE_EVENT_SPECIAL_NATIONAL_0647,EVENT_SPECIAL_NATIONAL_0647,DEFEAT,調査端末,"ケルディオの反応が消えた。
再入場すれば再調査できる。",,,,2,GEN3_JP_MESSAGE_WINDOW_CHECK_REQUIRED,実charmap encodeはintegration buildで検証。
DIALOGUE_EVENT_SPECIAL_NATIONAL_0647,EVENT_SPECIAL_NATIONAL_0647,ESCAPE,調査端末,"ケルディオを見失った。
記録は未確定のままだ。",,,,2,GEN3_JP_MESSAGE_WINDOW_CHECK_REQUIRED,実charmap encodeはintegration buildで検証。
DIALOGUE_EVENT_SPECIAL_NATIONAL_0647,EVENT_SPECIAL_NATIONAL_0647,PARTY_FULL,調査端末,"手持ちがいっぱいだ。
PCへの転送を確認する。",,,,2,GEN3_JP_MESSAGE_WINDOW_CHECK_REQUIRED,実charmap encodeはintegration buildで検証。
DIALOGUE_EVENT_SPECIAL_NATIONAL_0647,EVENT_SPECIAL_NATIONAL_0647,BOX_FULL,調査端末,"PCと保管枠がいっぱいだ。
何も消費せず中止した。",,,,2,GEN3_JP_MESSAGE_WINDOW_CHECK_REQUIRED,実charmap encodeはintegration buildで検証。
DIALOGUE_EVENT_SPECIAL_NATIONAL_0647,EVENT_SPECIAL_NATIONAL_0647,SUCCESS,調査端末,"ケルディオの捕獲を記録した。
共有台帳を更新した。",,,,2,GEN3_JP_MESSAGE_WINDOW_CHECK_REQUIRED,実charmap encodeはintegration buildで検証。
DIALOGUE_EVENT_SPECIAL_NATIONAL_0647,EVENT_SPECIAL_NATIONAL_0647,ALREADY,調査端末,"この対象は登録済みだ。
重複個体は受け取れない。",,,,2,GEN3_JP_MESSAGE_WINDOW_CHECK_REQUIRED,実charmap encodeはintegration buildで検証。
DIALOGUE_EVENT_SPECIAL_NATIONAL_0648,EVENT_SPECIAL_NATIONAL_0648,LOCKED,調査端末,"まだ反応がない。
調査条件を満たしていない。",,,,2,GEN3_JP_MESSAGE_WINDOW_CHECK_REQUIRED,実charmap encodeはintegration buildで検証。
DIALOGUE_EVENT_SPECIAL_NATIONAL_0648,EVENT_SPECIAL_NATIONAL_0648,INTRO,調査端末,"メロエッタの反応を確認した。
固定遭遇を開始しますか？",はい,いいえ,PREPARE,2,GEN3_JP_MESSAGE_WINDOW_CHECK_REQUIRED,実charmap encodeはintegration buildで検証。
DIALOGUE_EVENT_SPECIAL_NATIONAL_0648,EVENT_SPECIAL_NATIONAL_0648,CANCEL,調査端末,"処理を中止した。
記録も素材も変更していない。",,,,2,GEN3_JP_MESSAGE_WINDOW_CHECK_REQUIRED,実charmap encodeはintegration buildで検証。
DIALOGUE_EVENT_SPECIAL_NATIONAL_0648,EVENT_SPECIAL_NATIONAL_0648,DEFEAT,調査端末,"メロエッタの反応が消えた。
再入場すれば再調査できる。",,,,2,GEN3_JP_MESSAGE_WINDOW_CHECK_REQUIRED,実charmap encodeはintegration buildで検証。
DIALOGUE_EVENT_SPECIAL_NATIONAL_0648,EVENT_SPECIAL_NATIONAL_0648,ESCAPE,調査端末,"メロエッタを見失った。
記録は未確定のままだ。",,,,2,GEN3_JP_MESSAGE_WINDOW_CHECK_REQUIRED,実charmap encodeはintegration buildで検証。
DIALOGUE_EVENT_SPECIAL_NATIONAL_0648,EVENT_SPECIAL_NATIONAL_0648,PARTY_FULL,調査端末,"手持ちがいっぱいだ。
PCへの転送を確認する。",,,,2,GEN3_JP_MESSAGE_WINDOW_CHECK_REQUIRED,実charmap encodeはintegration buildで検証。
DIALOGUE_EVENT_SPECIAL_NATIONAL_0648,EVENT_SPECIAL_NATIONAL_0648,BOX_FULL,調査端末,"PCと保管枠がいっぱいだ。
何も消費せず中止した。",,,,2,GEN3_JP_MESSAGE_WINDOW_CHECK_REQUIRED,実charmap encodeはintegration buildで検証。
DIALOGUE_EVENT_SPECIAL_NATIONAL_0648,EVENT_SPECIAL_NATIONAL_0648,SUCCESS,調査端末,"メロエッタの捕獲を記録した。
共有台帳を更新した。",,,,2,GEN3_JP_MESSAGE_WINDOW_CHECK_REQUIRED,実charmap encodeはintegration buildで検証。
DIALOGUE_EVENT_SPECIAL_NATIONAL_0648,EVENT_SPECIAL_NATIONAL_0648,ALREADY,調査端末,"この対象は登録済みだ。
重複個体は受け取れない。",,,,2,GEN3_JP_MESSAGE_WINDOW_CHECK_REQUIRED,実charmap encodeはintegration buildで検証。
DIALOGUE_EVENT_SPECIAL_NATIONAL_0649,EVENT_SPECIAL_NATIONAL_0649,LOCKED,調査端末,"まだ反応がない。
調査条件を満たしていない。",,,,2,GEN3_JP_MESSAGE_WINDOW_CHECK_REQUIRED,実charmap encodeはintegration buildで検証。
DIALOGUE_EVENT_SPECIAL_NATIONAL_0649,EVENT_SPECIAL_NATIONAL_0649,INTRO,調査端末,"ゲノセクトの反応を確認した。
固定遭遇を開始しますか？",はい,いいえ,PREPARE,2,GEN3_JP_MESSAGE_WINDOW_CHECK_REQUIRED,実charmap encodeはintegration buildで検証。
DIALOGUE_EVENT_SPECIAL_NATIONAL_0649,EVENT_SPECIAL_NATIONAL_0649,CANCEL,調査端末,"処理を中止した。
記録も素材も変更していない。",,,,2,GEN3_JP_MESSAGE_WINDOW_CHECK_REQUIRED,実charmap encodeはintegration buildで検証。
DIALOGUE_EVENT_SPECIAL_NATIONAL_0649,EVENT_SPECIAL_NATIONAL_0649,DEFEAT,調査端末,"ゲノセクトの反応が消えた。
再入場すれば再調査できる。",,,,2,GEN3_JP_MESSAGE_WINDOW_CHECK_REQUIRED,実charmap encodeはintegration buildで検証。
DIALOGUE_EVENT_SPECIAL_NATIONAL_0649,EVENT_SPECIAL_NATIONAL_0649,ESCAPE,調査端末,"ゲノセクトを見失った。
記録は未確定のままだ。",,,,2,GEN3_JP_MESSAGE_WINDOW_CHECK_REQUIRED,実charmap encodeはintegration buildで検証。
DIALOGUE_EVENT_SPECIAL_NATIONAL_0649,EVENT_SPECIAL_NATIONAL_0649,PARTY_FULL,調査端末,"手持ちがいっぱいだ。
PCへの転送を確認する。",,,,2,GEN3_JP_MESSAGE_WINDOW_CHECK_REQUIRED,実charmap encodeはintegration buildで検証。
DIALOGUE_EVENT_SPECIAL_NATIONAL_0649,EVENT_SPECIAL_NATIONAL_0649,BOX_FULL,調査端末,"PCと保管枠がいっぱいだ。
何も消費せず中止した。",,,,2,GEN3_JP_MESSAGE_WINDOW_CHECK_REQUIRED,実charmap encodeはintegration buildで検証。
DIALOGUE_EVENT_SPECIAL_NATIONAL_0649,EVENT_SPECIAL_NATIONAL_0649,SUCCESS,調査端末,"ゲノセクトの捕獲を記録した。
共有台帳を更新した。",,,,2,GEN3_JP_MESSAGE_WINDOW_CHECK_REQUIRED,実charmap encodeはintegration buildで検証。
DIALOGUE_EVENT_SPECIAL_NATIONAL_0649,EVENT_SPECIAL_NATIONAL_0649,ALREADY,調査端末,"この対象は登録済みだ。
重複個体は受け取れない。",,,,2,GEN3_JP_MESSAGE_WINDOW_CHECK_REQUIRED,実charmap encodeはintegration buildで検証。
DIALOGUE_EVENT_SPECIAL_NATIONAL_0716,EVENT_SPECIAL_NATIONAL_0716,LOCKED,調査端末,"まだ反応がない。
調査条件を満たしていない。",,,,2,GEN3_JP_MESSAGE_WINDOW_CHECK_REQUIRED,実charmap encodeはintegration buildで検証。
DIALOGUE_EVENT_SPECIAL_NATIONAL_0716,EVENT_SPECIAL_NATIONAL_0716,INTRO,調査端末,"ゼルネアスの反応を確認した。
固定遭遇を開始しますか？",はい,いいえ,PREPARE,2,GEN3_JP_MESSAGE_WINDOW_CHECK_REQUIRED,実charmap encodeはintegration buildで検証。
DIALOGUE_EVENT_SPECIAL_NATIONAL_0716,EVENT_SPECIAL_NATIONAL_0716,CANCEL,調査端末,"処理を中止した。
記録も素材も変更していない。",,,,2,GEN3_JP_MESSAGE_WINDOW_CHECK_REQUIRED,実charmap encodeはintegration buildで検証。
DIALOGUE_EVENT_SPECIAL_NATIONAL_0716,EVENT_SPECIAL_NATIONAL_0716,DEFEAT,調査端末,"ゼルネアスの反応が消えた。
再入場すれば再調査できる。",,,,2,GEN3_JP_MESSAGE_WINDOW_CHECK_REQUIRED,実charmap encodeはintegration buildで検証。
DIALOGUE_EVENT_SPECIAL_NATIONAL_0716,EVENT_SPECIAL_NATIONAL_0716,ESCAPE,調査端末,"ゼルネアスを見失った。
記録は未確定のままだ。",,,,2,GEN3_JP_MESSAGE_WINDOW_CHECK_REQUIRED,実charmap encodeはintegration buildで検証。
DIALOGUE_EVENT_SPECIAL_NATIONAL_0716,EVENT_SPECIAL_NATIONAL_0716,PARTY_FULL,調査端末,"手持ちがいっぱいだ。
PCへの転送を確認する。",,,,2,GEN3_JP_MESSAGE_WINDOW_CHECK_REQUIRED,実charmap encodeはintegration buildで検証。
DIALOGUE_EVENT_SPECIAL_NATIONAL_0716,EVENT_SPECIAL_NATIONAL_0716,BOX_FULL,調査端末,"PCと保管枠がいっぱいだ。
何も消費せず中止した。",,,,2,GEN3_JP_MESSAGE_WINDOW_CHECK_REQUIRED,実charmap encodeはintegration buildで検証。
DIALOGUE_EVENT_SPECIAL_NATIONAL_0716,EVENT_SPECIAL_NATIONAL_0716,SUCCESS,調査端末,"ゼルネアスの捕獲を記録した。
共有台帳を更新した。",,,,2,GEN3_JP_MESSAGE_WINDOW_CHECK_REQUIRED,実charmap encodeはintegration buildで検証。
DIALOGUE_EVENT_SPECIAL_NATIONAL_0716,EVENT_SPECIAL_NATIONAL_0716,ALREADY,調査端末,"この対象は登録済みだ。
重複個体は受け取れない。",,,,2,GEN3_JP_MESSAGE_WINDOW_CHECK_REQUIRED,実charmap encodeはintegration buildで検証。
DIALOGUE_EVENT_SPECIAL_NATIONAL_0717,EVENT_SPECIAL_NATIONAL_0717,LOCKED,調査端末,"まだ反応がない。
調査条件を満たしていない。",,,,2,GEN3_JP_MESSAGE_WINDOW_CHECK_REQUIRED,実charmap encodeはintegration buildで検証。
DIALOGUE_EVENT_SPECIAL_NATIONAL_0717,EVENT_SPECIAL_NATIONAL_0717,INTRO,調査端末,"イベルタルの反応を確認した。
固定遭遇を開始しますか？",はい,いいえ,PREPARE,2,GEN3_JP_MESSAGE_WINDOW_CHECK_REQUIRED,実charmap encodeはintegration buildで検証。
DIALOGUE_EVENT_SPECIAL_NATIONAL_0717,EVENT_SPECIAL_NATIONAL_0717,CANCEL,調査端末,"処理を中止した。
記録も素材も変更していない。",,,,2,GEN3_JP_MESSAGE_WINDOW_CHECK_REQUIRED,実charmap encodeはintegration buildで検証。
DIALOGUE_EVENT_SPECIAL_NATIONAL_0717,EVENT_SPECIAL_NATIONAL_0717,DEFEAT,調査端末,"イベルタルの反応が消えた。
再入場すれば再調査できる。",,,,2,GEN3_JP_MESSAGE_WINDOW_CHECK_REQUIRED,実charmap encodeはintegration buildで検証。
DIALOGUE_EVENT_SPECIAL_NATIONAL_0717,EVENT_SPECIAL_NATIONAL_0717,ESCAPE,調査端末,"イベルタルを見失った。
記録は未確定のままだ。",,,,2,GEN3_JP_MESSAGE_WINDOW_CHECK_REQUIRED,実charmap encodeはintegration buildで検証。
DIALOGUE_EVENT_SPECIAL_NATIONAL_0717,EVENT_SPECIAL_NATIONAL_0717,PARTY_FULL,調査端末,"手持ちがいっぱいだ。
PCへの転送を確認する。",,,,2,GEN3_JP_MESSAGE_WINDOW_CHECK_REQUIRED,実charmap encodeはintegration buildで検証。
DIALOGUE_EVENT_SPECIAL_NATIONAL_0717,EVENT_SPECIAL_NATIONAL_0717,BOX_FULL,調査端末,"PCと保管枠がいっぱいだ。
何も消費せず中止した。",,,,2,GEN3_JP_MESSAGE_WINDOW_CHECK_REQUIRED,実charmap encodeはintegration buildで検証。
DIALOGUE_EVENT_SPECIAL_NATIONAL_0717,EVENT_SPECIAL_NATIONAL_0717,SUCCESS,調査端末,"イベルタルの捕獲を記録した。
共有台帳を更新した。",,,,2,GEN3_JP_MESSAGE_WINDOW_CHECK_REQUIRED,実charmap encodeはintegration buildで検証。
DIALOGUE_EVENT_SPECIAL_NATIONAL_0717,EVENT_SPECIAL_NATIONAL_0717,ALREADY,調査端末,"この対象は登録済みだ。
重複個体は受け取れない。",,,,2,GEN3_JP_MESSAGE_WINDOW_CHECK_REQUIRED,実charmap encodeはintegration buildで検証。
DIALOGUE_EVENT_SPECIAL_NATIONAL_0718,EVENT_SPECIAL_NATIONAL_0718,LOCKED,調査端末,"まだ反応がない。
調査条件を満たしていない。",,,,2,GEN3_JP_MESSAGE_WINDOW_CHECK_REQUIRED,実charmap encodeはintegration buildで検証。
DIALOGUE_EVENT_SPECIAL_NATIONAL_0718,EVENT_SPECIAL_NATIONAL_0718,INTRO,調査端末,"ジガルデの反応を確認した。
固定遭遇を開始しますか？",はい,いいえ,PREPARE,2,GEN3_JP_MESSAGE_WINDOW_CHECK_REQUIRED,実charmap encodeはintegration buildで検証。
DIALOGUE_EVENT_SPECIAL_NATIONAL_0718,EVENT_SPECIAL_NATIONAL_0718,CANCEL,調査端末,"処理を中止した。
記録も素材も変更していない。",,,,2,GEN3_JP_MESSAGE_WINDOW_CHECK_REQUIRED,実charmap encodeはintegration buildで検証。
DIALOGUE_EVENT_SPECIAL_NATIONAL_0718,EVENT_SPECIAL_NATIONAL_0718,DEFEAT,調査端末,"ジガルデの反応が消えた。
再入場すれば再調査できる。",,,,2,GEN3_JP_MESSAGE_WINDOW_CHECK_REQUIRED,実charmap encodeはintegration buildで検証。
DIALOGUE_EVENT_SPECIAL_NATIONAL_0718,EVENT_SPECIAL_NATIONAL_0718,ESCAPE,調査端末,"ジガルデを見失った。
記録は未確定のままだ。",,,,2,GEN3_JP_MESSAGE_WINDOW_CHECK_REQUIRED,実charmap encodeはintegration buildで検証。
DIALOGUE_EVENT_SPECIAL_NATIONAL_0718,EVENT_SPECIAL_NATIONAL_0718,PARTY_FULL,調査端末,"手持ちがいっぱいだ。
PCへの転送を確認する。",,,,2,GEN3_JP_MESSAGE_WINDOW_CHECK_REQUIRED,実charmap encodeはintegration buildで検証。
DIALOGUE_EVENT_SPECIAL_NATIONAL_0718,EVENT_SPECIAL_NATIONAL_0718,BOX_FULL,調査端末,"PCと保管枠がいっぱいだ。
何も消費せず中止した。",,,,2,GEN3_JP_MESSAGE_WINDOW_CHECK_REQUIRED,実charmap encodeはintegration buildで検証。
DIALOGUE_EVENT_SPECIAL_NATIONAL_0718,EVENT_SPECIAL_NATIONAL_0718,SUCCESS,調査端末,"ジガルデの捕獲を記録した。
共有台帳を更新した。",,,,2,GEN3_JP_MESSAGE_WINDOW_CHECK_REQUIRED,実charmap encodeはintegration buildで検証。
DIALOGUE_EVENT_SPECIAL_NATIONAL_0718,EVENT_SPECIAL_NATIONAL_0718,ALREADY,調査端末,"この対象は登録済みだ。
重複個体は受け取れない。",,,,2,GEN3_JP_MESSAGE_WINDOW_CHECK_REQUIRED,実charmap encodeはintegration buildで検証。
DIALOGUE_EVENT_SPECIAL_NATIONAL_0719,EVENT_SPECIAL_NATIONAL_0719,LOCKED,調査端末,"まだ反応がない。
調査条件を満たしていない。",,,,2,GEN3_JP_MESSAGE_WINDOW_CHECK_REQUIRED,実charmap encodeはintegration buildで検証。
DIALOGUE_EVENT_SPECIAL_NATIONAL_0719,EVENT_SPECIAL_NATIONAL_0719,INTRO,調査端末,"ディアンシーの反応を確認した。
固定遭遇を開始しますか？",はい,いいえ,PREPARE,2,GEN3_JP_MESSAGE_WINDOW_CHECK_REQUIRED,実charmap encodeはintegration buildで検証。
DIALOGUE_EVENT_SPECIAL_NATIONAL_0719,EVENT_SPECIAL_NATIONAL_0719,CANCEL,調査端末,"処理を中止した。
記録も素材も変更していない。",,,,2,GEN3_JP_MESSAGE_WINDOW_CHECK_REQUIRED,実charmap encodeはintegration buildで検証。
DIALOGUE_EVENT_SPECIAL_NATIONAL_0719,EVENT_SPECIAL_NATIONAL_0719,DEFEAT,調査端末,"ディアンシーの反応が消えた。
再入場すれば再調査できる。",,,,2,GEN3_JP_MESSAGE_WINDOW_CHECK_REQUIRED,実charmap encodeはintegration buildで検証。
DIALOGUE_EVENT_SPECIAL_NATIONAL_0719,EVENT_SPECIAL_NATIONAL_0719,ESCAPE,調査端末,"ディアンシーを見失った。
記録は未確定のままだ。",,,,2,GEN3_JP_MESSAGE_WINDOW_CHECK_REQUIRED,実charmap encodeはintegration buildで検証。
DIALOGUE_EVENT_SPECIAL_NATIONAL_0719,EVENT_SPECIAL_NATIONAL_0719,PARTY_FULL,調査端末,"手持ちがいっぱいだ。
PCへの転送を確認する。",,,,2,GEN3_JP_MESSAGE_WINDOW_CHECK_REQUIRED,実charmap encodeはintegration buildで検証。
DIALOGUE_EVENT_SPECIAL_NATIONAL_0719,EVENT_SPECIAL_NATIONAL_0719,BOX_FULL,調査端末,"PCと保管枠がいっぱいだ。
何も消費せず中止した。",,,,2,GEN3_JP_MESSAGE_WINDOW_CHECK_REQUIRED,実charmap encodeはintegration buildで検証。
DIALOGUE_EVENT_SPECIAL_NATIONAL_0719,EVENT_SPECIAL_NATIONAL_0719,SUCCESS,調査端末,"ディアンシーの捕獲を記録した。
共有台帳を更新した。",,,,2,GEN3_JP_MESSAGE_WINDOW_CHECK_REQUIRED,実charmap encodeはintegration buildで検証。
DIALOGUE_EVENT_SPECIAL_NATIONAL_0719,EVENT_SPECIAL_NATIONAL_0719,ALREADY,調査端末,"この対象は登録済みだ。
重複個体は受け取れない。",,,,2,GEN3_JP_MESSAGE_WINDOW_CHECK_REQUIRED,実charmap encodeはintegration buildで検証。
DIALOGUE_EVENT_SPECIAL_NATIONAL_0720,EVENT_SPECIAL_NATIONAL_0720,LOCKED,調査端末,"まだ反応がない。
調査条件を満たしていない。",,,,2,GEN3_JP_MESSAGE_WINDOW_CHECK_REQUIRED,実charmap encodeはintegration buildで検証。
DIALOGUE_EVENT_SPECIAL_NATIONAL_0720,EVENT_SPECIAL_NATIONAL_0720,INTRO,調査端末,"フーパの反応を確認した。
固定遭遇を開始しますか？",はい,いいえ,PREPARE,2,GEN3_JP_MESSAGE_WINDOW_CHECK_REQUIRED,実charmap encodeはintegration buildで検証。
DIALOGUE_EVENT_SPECIAL_NATIONAL_0720,EVENT_SPECIAL_NATIONAL_0720,CANCEL,調査端末,"処理を中止した。
記録も素材も変更していない。",,,,2,GEN3_JP_MESSAGE_WINDOW_CHECK_REQUIRED,実charmap encodeはintegration buildで検証。
DIALOGUE_EVENT_SPECIAL_NATIONAL_0720,EVENT_SPECIAL_NATIONAL_0720,DEFEAT,調査端末,"フーパの反応が消えた。
再入場すれば再調査できる。",,,,2,GEN3_JP_MESSAGE_WINDOW_CHECK_REQUIRED,実charmap encodeはintegration buildで検証。
DIALOGUE_EVENT_SPECIAL_NATIONAL_0720,EVENT_SPECIAL_NATIONAL_0720,ESCAPE,調査端末,"フーパを見失った。
記録は未確定のままだ。",,,,2,GEN3_JP_MESSAGE_WINDOW_CHECK_REQUIRED,実charmap encodeはintegration buildで検証。
DIALOGUE_EVENT_SPECIAL_NATIONAL_0720,EVENT_SPECIAL_NATIONAL_0720,PARTY_FULL,調査端末,"手持ちがいっぱいだ。
PCへの転送を確認する。",,,,2,GEN3_JP_MESSAGE_WINDOW_CHECK_REQUIRED,実charmap encodeはintegration buildで検証。
DIALOGUE_EVENT_SPECIAL_NATIONAL_0720,EVENT_SPECIAL_NATIONAL_0720,BOX_FULL,調査端末,"PCと保管枠がいっぱいだ。
何も消費せず中止した。",,,,2,GEN3_JP_MESSAGE_WINDOW_CHECK_REQUIRED,実charmap encodeはintegration buildで検証。
DIALOGUE_EVENT_SPECIAL_NATIONAL_0720,EVENT_SPECIAL_NATIONAL_0720,SUCCESS,調査端末,"フーパの捕獲を記録した。
共有台帳を更新した。",,,,2,GEN3_JP_MESSAGE_WINDOW_CHECK_REQUIRED,実charmap encodeはintegration buildで検証。
DIALOGUE_EVENT_SPECIAL_NATIONAL_0720,EVENT_SPECIAL_NATIONAL_0720,ALREADY,調査端末,"この対象は登録済みだ。
重複個体は受け取れない。",,,,2,GEN3_JP_MESSAGE_WINDOW_CHECK_REQUIRED,実charmap encodeはintegration buildで検証。
DIALOGUE_EVENT_SPECIAL_NATIONAL_0721,EVENT_SPECIAL_NATIONAL_0721,LOCKED,調査端末,"まだ反応がない。
調査条件を満たしていない。",,,,2,GEN3_JP_MESSAGE_WINDOW_CHECK_REQUIRED,実charmap encodeはintegration buildで検証。
DIALOGUE_EVENT_SPECIAL_NATIONAL_0721,EVENT_SPECIAL_NATIONAL_0721,INTRO,調査端末,"ボルケニオンの反応を確認した。
固定遭遇を開始しますか？",はい,いいえ,PREPARE,2,GEN3_JP_MESSAGE_WINDOW_CHECK_REQUIRED,実charmap encodeはintegration buildで検証。
DIALOGUE_EVENT_SPECIAL_NATIONAL_0721,EVENT_SPECIAL_NATIONAL_0721,CANCEL,調査端末,"処理を中止した。
記録も素材も変更していない。",,,,2,GEN3_JP_MESSAGE_WINDOW_CHECK_REQUIRED,実charmap encodeはintegration buildで検証。
DIALOGUE_EVENT_SPECIAL_NATIONAL_0721,EVENT_SPECIAL_NATIONAL_0721,DEFEAT,調査端末,"ボルケニオンの反応が消えた。
再入場すれば再調査できる。",,,,2,GEN3_JP_MESSAGE_WINDOW_CHECK_REQUIRED,実charmap encodeはintegration buildで検証。
DIALOGUE_EVENT_SPECIAL_NATIONAL_0721,EVENT_SPECIAL_NATIONAL_0721,ESCAPE,調査端末,"ボルケニオンを見失った。
記録は未確定のままだ。",,,,2,GEN3_JP_MESSAGE_WINDOW_CHECK_REQUIRED,実charmap encodeはintegration buildで検証。
DIALOGUE_EVENT_SPECIAL_NATIONAL_0721,EVENT_SPECIAL_NATIONAL_0721,PARTY_FULL,調査端末,"手持ちがいっぱいだ。
PCへの転送を確認する。",,,,2,GEN3_JP_MESSAGE_WINDOW_CHECK_REQUIRED,実charmap encodeはintegration buildで検証。
DIALOGUE_EVENT_SPECIAL_NATIONAL_0721,EVENT_SPECIAL_NATIONAL_0721,BOX_FULL,調査端末,"PCと保管枠がいっぱいだ。
何も消費せず中止した。",,,,2,GEN3_JP_MESSAGE_WINDOW_CHECK_REQUIRED,実charmap encodeはintegration buildで検証。
DIALOGUE_EVENT_SPECIAL_NATIONAL_0721,EVENT_SPECIAL_NATIONAL_0721,SUCCESS,調査端末,"ボルケニオンの捕獲を記録した。
共有台帳を更新した。",,,,2,GEN3_JP_MESSAGE_WINDOW_CHECK_REQUIRED,実charmap encodeはintegration buildで検証。
DIALOGUE_EVENT_SPECIAL_NATIONAL_0721,EVENT_SPECIAL_NATIONAL_0721,ALREADY,調査端末,"この対象は登録済みだ。
重複個体は受け取れない。",,,,2,GEN3_JP_MESSAGE_WINDOW_CHECK_REQUIRED,実charmap encodeはintegration buildで検証。
DIALOGUE_EVENT_SPECIAL_NATIONAL_0772,EVENT_SPECIAL_NATIONAL_0772,LOCKED,研究員,"まだ反応がない。
調査条件を満たしていない。",,,,2,GEN3_JP_MESSAGE_WINDOW_CHECK_REQUIRED,実charmap encodeはintegration buildで検証。
DIALOGUE_EVENT_SPECIAL_NATIONAL_0772,EVENT_SPECIAL_NATIONAL_0772,INTRO,研究員,"保護中のタイプ:ヌルを
引き取りますか？",はい,いいえ,PREPARE,2,GEN3_JP_MESSAGE_WINDOW_CHECK_REQUIRED,実charmap encodeはintegration buildで検証。
DIALOGUE_EVENT_SPECIAL_NATIONAL_0772,EVENT_SPECIAL_NATIONAL_0772,CANCEL,研究員,"処理を中止した。
記録も素材も変更していない。",,,,2,GEN3_JP_MESSAGE_WINDOW_CHECK_REQUIRED,実charmap encodeはintegration buildで検証。
DIALOGUE_EVENT_SPECIAL_NATIONAL_0772,EVENT_SPECIAL_NATIONAL_0772,DEFEAT,研究員,"タイプ:ヌルの反応が消えた。
再入場すれば再調査できる。",,,,2,GEN3_JP_MESSAGE_WINDOW_CHECK_REQUIRED,実charmap encodeはintegration buildで検証。
DIALOGUE_EVENT_SPECIAL_NATIONAL_0772,EVENT_SPECIAL_NATIONAL_0772,ESCAPE,研究員,"タイプ:ヌルを見失った。
記録は未確定のままだ。",,,,2,GEN3_JP_MESSAGE_WINDOW_CHECK_REQUIRED,実charmap encodeはintegration buildで検証。
DIALOGUE_EVENT_SPECIAL_NATIONAL_0772,EVENT_SPECIAL_NATIONAL_0772,PARTY_FULL,研究員,"手持ちがいっぱいだ。
PCへの転送を確認する。",,,,2,GEN3_JP_MESSAGE_WINDOW_CHECK_REQUIRED,実charmap encodeはintegration buildで検証。
DIALOGUE_EVENT_SPECIAL_NATIONAL_0772,EVENT_SPECIAL_NATIONAL_0772,BOX_FULL,研究員,"PCと保管枠がいっぱいだ。
何も消費せず中止した。",,,,2,GEN3_JP_MESSAGE_WINDOW_CHECK_REQUIRED,実charmap encodeはintegration buildで検証。
DIALOGUE_EVENT_SPECIAL_NATIONAL_0772,EVENT_SPECIAL_NATIONAL_0772,SUCCESS,研究員,"タイプ:ヌルを受け取った。
受取記録を保存した。",,,,2,GEN3_JP_MESSAGE_WINDOW_CHECK_REQUIRED,実charmap encodeはintegration buildで検証。
DIALOGUE_EVENT_SPECIAL_NATIONAL_0772,EVENT_SPECIAL_NATIONAL_0772,ALREADY,研究員,"この対象は登録済みだ。
重複個体は受け取れない。",,,,2,GEN3_JP_MESSAGE_WINDOW_CHECK_REQUIRED,実charmap encodeはintegration buildで検証。
DIALOGUE_EVENT_SPECIAL_NATIONAL_0773,EVENT_SPECIAL_NATIONAL_0773,LOCKED,研究員,"まだ反応がない。
調査条件を満たしていない。",,,,2,GEN3_JP_MESSAGE_WINDOW_CHECK_REQUIRED,実charmap encodeはintegration buildで検証。
DIALOGUE_EVENT_SPECIAL_NATIONAL_0773,EVENT_SPECIAL_NATIONAL_0773,INTRO,研究員,"シルヴァディへの進化条件を
確認・補助しますか？",はい,いいえ,PREPARE,2,GEN3_JP_MESSAGE_WINDOW_CHECK_REQUIRED,実charmap encodeはintegration buildで検証。
DIALOGUE_EVENT_SPECIAL_NATIONAL_0773,EVENT_SPECIAL_NATIONAL_0773,CANCEL,研究員,"処理を中止した。
記録も素材も変更していない。",,,,2,GEN3_JP_MESSAGE_WINDOW_CHECK_REQUIRED,実charmap encodeはintegration buildで検証。
DIALOGUE_EVENT_SPECIAL_NATIONAL_0773,EVENT_SPECIAL_NATIONAL_0773,DEFEAT,研究員,"シルヴァディの反応が消えた。
再入場すれば再調査できる。",,,,2,GEN3_JP_MESSAGE_WINDOW_CHECK_REQUIRED,実charmap encodeはintegration buildで検証。
DIALOGUE_EVENT_SPECIAL_NATIONAL_0773,EVENT_SPECIAL_NATIONAL_0773,ESCAPE,研究員,"シルヴァディを見失った。
記録は未確定のままだ。",,,,2,GEN3_JP_MESSAGE_WINDOW_CHECK_REQUIRED,実charmap encodeはintegration buildで検証。
DIALOGUE_EVENT_SPECIAL_NATIONAL_0773,EVENT_SPECIAL_NATIONAL_0773,PARTY_FULL,研究員,"手持ちがいっぱいだ。
PCへの転送を確認する。",,,,2,GEN3_JP_MESSAGE_WINDOW_CHECK_REQUIRED,実charmap encodeはintegration buildで検証。
DIALOGUE_EVENT_SPECIAL_NATIONAL_0773,EVENT_SPECIAL_NATIONAL_0773,BOX_FULL,研究員,"PCと保管枠がいっぱいだ。
何も消費せず中止した。",,,,2,GEN3_JP_MESSAGE_WINDOW_CHECK_REQUIRED,実charmap encodeはintegration buildで検証。
DIALOGUE_EVENT_SPECIAL_NATIONAL_0773,EVENT_SPECIAL_NATIONAL_0773,SUCCESS,研究員,"シルヴァディへの条件を整えた。
進化は手持ち画面で行える。",,,,2,GEN3_JP_MESSAGE_WINDOW_CHECK_REQUIRED,実charmap encodeはintegration buildで検証。
DIALOGUE_EVENT_SPECIAL_NATIONAL_0773,EVENT_SPECIAL_NATIONAL_0773,ALREADY,研究員,"この対象は登録済みだ。
重複個体は受け取れない。",,,,2,GEN3_JP_MESSAGE_WINDOW_CHECK_REQUIRED,実charmap encodeはintegration buildで検証。
DIALOGUE_EVENT_SPECIAL_NATIONAL_0785,EVENT_SPECIAL_NATIONAL_0785,LOCKED,調査端末,"まだ反応がない。
調査条件を満たしていない。",,,,2,GEN3_JP_MESSAGE_WINDOW_CHECK_REQUIRED,実charmap encodeはintegration buildで検証。
DIALOGUE_EVENT_SPECIAL_NATIONAL_0785,EVENT_SPECIAL_NATIONAL_0785,INTRO,調査端末,"カプ・コケコの反応を確認した。
固定遭遇を開始しますか？",はい,いいえ,PREPARE,2,GEN3_JP_MESSAGE_WINDOW_CHECK_REQUIRED,実charmap encodeはintegration buildで検証。
DIALOGUE_EVENT_SPECIAL_NATIONAL_0785,EVENT_SPECIAL_NATIONAL_0785,CANCEL,調査端末,"処理を中止した。
記録も素材も変更していない。",,,,2,GEN3_JP_MESSAGE_WINDOW_CHECK_REQUIRED,実charmap encodeはintegration buildで検証。
DIALOGUE_EVENT_SPECIAL_NATIONAL_0785,EVENT_SPECIAL_NATIONAL_0785,DEFEAT,調査端末,"カプ・コケコの反応が消えた。
再入場すれば再調査できる。",,,,2,GEN3_JP_MESSAGE_WINDOW_CHECK_REQUIRED,実charmap encodeはintegration buildで検証。
DIALOGUE_EVENT_SPECIAL_NATIONAL_0785,EVENT_SPECIAL_NATIONAL_0785,ESCAPE,調査端末,"カプ・コケコを見失った。
記録は未確定のままだ。",,,,2,GEN3_JP_MESSAGE_WINDOW_CHECK_REQUIRED,実charmap encodeはintegration buildで検証。
DIALOGUE_EVENT_SPECIAL_NATIONAL_0785,EVENT_SPECIAL_NATIONAL_0785,PARTY_FULL,調査端末,"手持ちがいっぱいだ。
PCへの転送を確認する。",,,,2,GEN3_JP_MESSAGE_WINDOW_CHECK_REQUIRED,実charmap encodeはintegration buildで検証。
DIALOGUE_EVENT_SPECIAL_NATIONAL_0785,EVENT_SPECIAL_NATIONAL_0785,BOX_FULL,調査端末,"PCと保管枠がいっぱいだ。
何も消費せず中止した。",,,,2,GEN3_JP_MESSAGE_WINDOW_CHECK_REQUIRED,実charmap encodeはintegration buildで検証。
DIALOGUE_EVENT_SPECIAL_NATIONAL_0785,EVENT_SPECIAL_NATIONAL_0785,SUCCESS,調査端末,"カプ・コケコの捕獲を記録した。
共有台帳を更新した。",,,,2,GEN3_JP_MESSAGE_WINDOW_CHECK_REQUIRED,実charmap encodeはintegration buildで検証。
DIALOGUE_EVENT_SPECIAL_NATIONAL_0785,EVENT_SPECIAL_NATIONAL_0785,ALREADY,調査端末,"この対象は登録済みだ。
重複個体は受け取れない。",,,,2,GEN3_JP_MESSAGE_WINDOW_CHECK_REQUIRED,実charmap encodeはintegration buildで検証。
DIALOGUE_EVENT_SPECIAL_NATIONAL_0786,EVENT_SPECIAL_NATIONAL_0786,LOCKED,調査端末,"まだ反応がない。
調査条件を満たしていない。",,,,2,GEN3_JP_MESSAGE_WINDOW_CHECK_REQUIRED,実charmap encodeはintegration buildで検証。
DIALOGUE_EVENT_SPECIAL_NATIONAL_0786,EVENT_SPECIAL_NATIONAL_0786,INTRO,調査端末,"カプ・テテフの反応を確認した。
固定遭遇を開始しますか？",はい,いいえ,PREPARE,2,GEN3_JP_MESSAGE_WINDOW_CHECK_REQUIRED,実charmap encodeはintegration buildで検証。
DIALOGUE_EVENT_SPECIAL_NATIONAL_0786,EVENT_SPECIAL_NATIONAL_0786,CANCEL,調査端末,"処理を中止した。
記録も素材も変更していない。",,,,2,GEN3_JP_MESSAGE_WINDOW_CHECK_REQUIRED,実charmap encodeはintegration buildで検証。
DIALOGUE_EVENT_SPECIAL_NATIONAL_0786,EVENT_SPECIAL_NATIONAL_0786,DEFEAT,調査端末,"カプ・テテフの反応が消えた。
再入場すれば再調査できる。",,,,2,GEN3_JP_MESSAGE_WINDOW_CHECK_REQUIRED,実charmap encodeはintegration buildで検証。
DIALOGUE_EVENT_SPECIAL_NATIONAL_0786,EVENT_SPECIAL_NATIONAL_0786,ESCAPE,調査端末,"カプ・テテフを見失った。
記録は未確定のままだ。",,,,2,GEN3_JP_MESSAGE_WINDOW_CHECK_REQUIRED,実charmap encodeはintegration buildで検証。
DIALOGUE_EVENT_SPECIAL_NATIONAL_0786,EVENT_SPECIAL_NATIONAL_0786,PARTY_FULL,調査端末,"手持ちがいっぱいだ。
PCへの転送を確認する。",,,,2,GEN3_JP_MESSAGE_WINDOW_CHECK_REQUIRED,実charmap encodeはintegration buildで検証。
DIALOGUE_EVENT_SPECIAL_NATIONAL_0786,EVENT_SPECIAL_NATIONAL_0786,BOX_FULL,調査端末,"PCと保管枠がいっぱいだ。
何も消費せず中止した。",,,,2,GEN3_JP_MESSAGE_WINDOW_CHECK_REQUIRED,実charmap encodeはintegration buildで検証。
DIALOGUE_EVENT_SPECIAL_NATIONAL_0786,EVENT_SPECIAL_NATIONAL_0786,SUCCESS,調査端末,"カプ・テテフの捕獲を記録した。
共有台帳を更新した。",,,,2,GEN3_JP_MESSAGE_WINDOW_CHECK_REQUIRED,実charmap encodeはintegration buildで検証。
DIALOGUE_EVENT_SPECIAL_NATIONAL_0786,EVENT_SPECIAL_NATIONAL_0786,ALREADY,調査端末,"この対象は登録済みだ。
重複個体は受け取れない。",,,,2,GEN3_JP_MESSAGE_WINDOW_CHECK_REQUIRED,実charmap encodeはintegration buildで検証。
DIALOGUE_EVENT_SPECIAL_NATIONAL_0787,EVENT_SPECIAL_NATIONAL_0787,LOCKED,調査端末,"まだ反応がない。
調査条件を満たしていない。",,,,2,GEN3_JP_MESSAGE_WINDOW_CHECK_REQUIRED,実charmap encodeはintegration buildで検証。
DIALOGUE_EVENT_SPECIAL_NATIONAL_0787,EVENT_SPECIAL_NATIONAL_0787,INTRO,調査端末,"カプ・ブルルの反応を確認した。
固定遭遇を開始しますか？",はい,いいえ,PREPARE,2,GEN3_JP_MESSAGE_WINDOW_CHECK_REQUIRED,実charmap encodeはintegration buildで検証。
DIALOGUE_EVENT_SPECIAL_NATIONAL_0787,EVENT_SPECIAL_NATIONAL_0787,CANCEL,調査端末,"処理を中止した。
記録も素材も変更していない。",,,,2,GEN3_JP_MESSAGE_WINDOW_CHECK_REQUIRED,実charmap encodeはintegration buildで検証。
DIALOGUE_EVENT_SPECIAL_NATIONAL_0787,EVENT_SPECIAL_NATIONAL_0787,DEFEAT,調査端末,"カプ・ブルルの反応が消えた。
再入場すれば再調査できる。",,,,2,GEN3_JP_MESSAGE_WINDOW_CHECK_REQUIRED,実charmap encodeはintegration buildで検証。
DIALOGUE_EVENT_SPECIAL_NATIONAL_0787,EVENT_SPECIAL_NATIONAL_0787,ESCAPE,調査端末,"カプ・ブルルを見失った。
記録は未確定のままだ。",,,,2,GEN3_JP_MESSAGE_WINDOW_CHECK_REQUIRED,実charmap encodeはintegration buildで検証。
DIALOGUE_EVENT_SPECIAL_NATIONAL_0787,EVENT_SPECIAL_NATIONAL_0787,PARTY_FULL,調査端末,"手持ちがいっぱいだ。
PCへの転送を確認する。",,,,2,GEN3_JP_MESSAGE_WINDOW_CHECK_REQUIRED,実charmap encodeはintegration buildで検証。
DIALOGUE_EVENT_SPECIAL_NATIONAL_0787,EVENT_SPECIAL_NATIONAL_0787,BOX_FULL,調査端末,"PCと保管枠がいっぱいだ。
何も消費せず中止した。",,,,2,GEN3_JP_MESSAGE_WINDOW_CHECK_REQUIRED,実charmap encodeはintegration buildで検証。
DIALOGUE_EVENT_SPECIAL_NATIONAL_0787,EVENT_SPECIAL_NATIONAL_0787,SUCCESS,調査端末,"カプ・ブルルの捕獲を記録した。
共有台帳を更新した。",,,,2,GEN3_JP_MESSAGE_WINDOW_CHECK_REQUIRED,実charmap encodeはintegration buildで検証。
DIALOGUE_EVENT_SPECIAL_NATIONAL_0787,EVENT_SPECIAL_NATIONAL_0787,ALREADY,調査端末,"この対象は登録済みだ。
重複個体は受け取れない。",,,,2,GEN3_JP_MESSAGE_WINDOW_CHECK_REQUIRED,実charmap encodeはintegration buildで検証。
DIALOGUE_EVENT_SPECIAL_NATIONAL_0788,EVENT_SPECIAL_NATIONAL_0788,LOCKED,調査端末,"まだ反応がない。
調査条件を満たしていない。",,,,2,GEN3_JP_MESSAGE_WINDOW_CHECK_REQUIRED,実charmap encodeはintegration buildで検証。
DIALOGUE_EVENT_SPECIAL_NATIONAL_0788,EVENT_SPECIAL_NATIONAL_0788,INTRO,調査端末,"カプ・レヒレの反応を確認した。
固定遭遇を開始しますか？",はい,いいえ,PREPARE,2,GEN3_JP_MESSAGE_WINDOW_CHECK_REQUIRED,実charmap encodeはintegration buildで検証。
DIALOGUE_EVENT_SPECIAL_NATIONAL_0788,EVENT_SPECIAL_NATIONAL_0788,CANCEL,調査端末,"処理を中止した。
記録も素材も変更していない。",,,,2,GEN3_JP_MESSAGE_WINDOW_CHECK_REQUIRED,実charmap encodeはintegration buildで検証。
DIALOGUE_EVENT_SPECIAL_NATIONAL_0788,EVENT_SPECIAL_NATIONAL_0788,DEFEAT,調査端末,"カプ・レヒレの反応が消えた。
再入場すれば再調査できる。",,,,2,GEN3_JP_MESSAGE_WINDOW_CHECK_REQUIRED,実charmap encodeはintegration buildで検証。
DIALOGUE_EVENT_SPECIAL_NATIONAL_0788,EVENT_SPECIAL_NATIONAL_0788,ESCAPE,調査端末,"カプ・レヒレを見失った。
記録は未確定のままだ。",,,,2,GEN3_JP_MESSAGE_WINDOW_CHECK_REQUIRED,実charmap encodeはintegration buildで検証。
DIALOGUE_EVENT_SPECIAL_NATIONAL_0788,EVENT_SPECIAL_NATIONAL_0788,PARTY_FULL,調査端末,"手持ちがいっぱいだ。
PCへの転送を確認する。",,,,2,GEN3_JP_MESSAGE_WINDOW_CHECK_REQUIRED,実charmap encodeはintegration buildで検証。
DIALOGUE_EVENT_SPECIAL_NATIONAL_0788,EVENT_SPECIAL_NATIONAL_0788,BOX_FULL,調査端末,"PCと保管枠がいっぱいだ。
何も消費せず中止した。",,,,2,GEN3_JP_MESSAGE_WINDOW_CHECK_REQUIRED,実charmap encodeはintegration buildで検証。
DIALOGUE_EVENT_SPECIAL_NATIONAL_0788,EVENT_SPECIAL_NATIONAL_0788,SUCCESS,調査端末,"カプ・レヒレの捕獲を記録した。
共有台帳を更新した。",,,,2,GEN3_JP_MESSAGE_WINDOW_CHECK_REQUIRED,実charmap encodeはintegration buildで検証。
DIALOGUE_EVENT_SPECIAL_NATIONAL_0788,EVENT_SPECIAL_NATIONAL_0788,ALREADY,調査端末,"この対象は登録済みだ。
重複個体は受け取れない。",,,,2,GEN3_JP_MESSAGE_WINDOW_CHECK_REQUIRED,実charmap encodeはintegration buildで検証。
DIALOGUE_EVENT_SPECIAL_NATIONAL_0789,EVENT_SPECIAL_NATIONAL_0789,LOCKED,研究員,"まだ反応がない。
調査条件を満たしていない。",,,,2,GEN3_JP_MESSAGE_WINDOW_CHECK_REQUIRED,実charmap encodeはintegration buildで検証。
DIALOGUE_EVENT_SPECIAL_NATIONAL_0789,EVENT_SPECIAL_NATIONAL_0789,INTRO,研究員,"保護中のコスモッグを
引き取りますか？",はい,いいえ,PREPARE,2,GEN3_JP_MESSAGE_WINDOW_CHECK_REQUIRED,実charmap encodeはintegration buildで検証。
DIALOGUE_EVENT_SPECIAL_NATIONAL_0789,EVENT_SPECIAL_NATIONAL_0789,CANCEL,研究員,"処理を中止した。
記録も素材も変更していない。",,,,2,GEN3_JP_MESSAGE_WINDOW_CHECK_REQUIRED,実charmap encodeはintegration buildで検証。
DIALOGUE_EVENT_SPECIAL_NATIONAL_0789,EVENT_SPECIAL_NATIONAL_0789,DEFEAT,研究員,"コスモッグの反応が消えた。
再入場すれば再調査できる。",,,,2,GEN3_JP_MESSAGE_WINDOW_CHECK_REQUIRED,実charmap encodeはintegration buildで検証。
DIALOGUE_EVENT_SPECIAL_NATIONAL_0789,EVENT_SPECIAL_NATIONAL_0789,ESCAPE,研究員,"コスモッグを見失った。
記録は未確定のままだ。",,,,2,GEN3_JP_MESSAGE_WINDOW_CHECK_REQUIRED,実charmap encodeはintegration buildで検証。
DIALOGUE_EVENT_SPECIAL_NATIONAL_0789,EVENT_SPECIAL_NATIONAL_0789,PARTY_FULL,研究員,"手持ちがいっぱいだ。
PCへの転送を確認する。",,,,2,GEN3_JP_MESSAGE_WINDOW_CHECK_REQUIRED,実charmap encodeはintegration buildで検証。
DIALOGUE_EVENT_SPECIAL_NATIONAL_0789,EVENT_SPECIAL_NATIONAL_0789,BOX_FULL,研究員,"PCと保管枠がいっぱいだ。
何も消費せず中止した。",,,,2,GEN3_JP_MESSAGE_WINDOW_CHECK_REQUIRED,実charmap encodeはintegration buildで検証。
DIALOGUE_EVENT_SPECIAL_NATIONAL_0789,EVENT_SPECIAL_NATIONAL_0789,SUCCESS,研究員,"コスモッグを受け取った。
受取記録を保存した。",,,,2,GEN3_JP_MESSAGE_WINDOW_CHECK_REQUIRED,実charmap encodeはintegration buildで検証。
DIALOGUE_EVENT_SPECIAL_NATIONAL_0789,EVENT_SPECIAL_NATIONAL_0789,ALREADY,研究員,"この対象は登録済みだ。
重複個体は受け取れない。",,,,2,GEN3_JP_MESSAGE_WINDOW_CHECK_REQUIRED,実charmap encodeはintegration buildで検証。
DIALOGUE_EVENT_SPECIAL_NATIONAL_0790,EVENT_SPECIAL_NATIONAL_0790,LOCKED,研究員,"まだ反応がない。
調査条件を満たしていない。",,,,2,GEN3_JP_MESSAGE_WINDOW_CHECK_REQUIRED,実charmap encodeはintegration buildで検証。
DIALOGUE_EVENT_SPECIAL_NATIONAL_0790,EVENT_SPECIAL_NATIONAL_0790,INTRO,研究員,"コスモウムへの進化条件を
確認・補助しますか？",はい,いいえ,PREPARE,2,GEN3_JP_MESSAGE_WINDOW_CHECK_REQUIRED,実charmap encodeはintegration buildで検証。
DIALOGUE_EVENT_SPECIAL_NATIONAL_0790,EVENT_SPECIAL_NATIONAL_0790,CANCEL,研究員,"処理を中止した。
記録も素材も変更していない。",,,,2,GEN3_JP_MESSAGE_WINDOW_CHECK_REQUIRED,実charmap encodeはintegration buildで検証。
DIALOGUE_EVENT_SPECIAL_NATIONAL_0790,EVENT_SPECIAL_NATIONAL_0790,DEFEAT,研究員,"コスモウムの反応が消えた。
再入場すれば再調査できる。",,,,2,GEN3_JP_MESSAGE_WINDOW_CHECK_REQUIRED,実charmap encodeはintegration buildで検証。
DIALOGUE_EVENT_SPECIAL_NATIONAL_0790,EVENT_SPECIAL_NATIONAL_0790,ESCAPE,研究員,"コスモウムを見失った。
記録は未確定のままだ。",,,,2,GEN3_JP_MESSAGE_WINDOW_CHECK_REQUIRED,実charmap encodeはintegration buildで検証。
DIALOGUE_EVENT_SPECIAL_NATIONAL_0790,EVENT_SPECIAL_NATIONAL_0790,PARTY_FULL,研究員,"手持ちがいっぱいだ。
PCへの転送を確認する。",,,,2,GEN3_JP_MESSAGE_WINDOW_CHECK_REQUIRED,実charmap encodeはintegration buildで検証。
DIALOGUE_EVENT_SPECIAL_NATIONAL_0790,EVENT_SPECIAL_NATIONAL_0790,BOX_FULL,研究員,"PCと保管枠がいっぱいだ。
何も消費せず中止した。",,,,2,GEN3_JP_MESSAGE_WINDOW_CHECK_REQUIRED,実charmap encodeはintegration buildで検証。
DIALOGUE_EVENT_SPECIAL_NATIONAL_0790,EVENT_SPECIAL_NATIONAL_0790,SUCCESS,研究員,"コスモウムへの条件を整えた。
進化は手持ち画面で行える。",,,,2,GEN3_JP_MESSAGE_WINDOW_CHECK_REQUIRED,実charmap encodeはintegration buildで検証。
DIALOGUE_EVENT_SPECIAL_NATIONAL_0790,EVENT_SPECIAL_NATIONAL_0790,ALREADY,研究員,"この対象は登録済みだ。
重複個体は受け取れない。",,,,2,GEN3_JP_MESSAGE_WINDOW_CHECK_REQUIRED,実charmap encodeはintegration buildで検証。
DIALOGUE_EVENT_SPECIAL_NATIONAL_0791,EVENT_SPECIAL_NATIONAL_0791,LOCKED,研究員,"まだ反応がない。
調査条件を満たしていない。",,,,2,GEN3_JP_MESSAGE_WINDOW_CHECK_REQUIRED,実charmap encodeはintegration buildで検証。
DIALOGUE_EVENT_SPECIAL_NATIONAL_0791,EVENT_SPECIAL_NATIONAL_0791,INTRO,研究員,"ソルガレオへの進化条件を
確認・補助しますか？",はい,いいえ,PREPARE,2,GEN3_JP_MESSAGE_WINDOW_CHECK_REQUIRED,実charmap encodeはintegration buildで検証。
DIALOGUE_EVENT_SPECIAL_NATIONAL_0791,EVENT_SPECIAL_NATIONAL_0791,CANCEL,研究員,"処理を中止した。
記録も素材も変更していない。",,,,2,GEN3_JP_MESSAGE_WINDOW_CHECK_REQUIRED,実charmap encodeはintegration buildで検証。
DIALOGUE_EVENT_SPECIAL_NATIONAL_0791,EVENT_SPECIAL_NATIONAL_0791,DEFEAT,研究員,"ソルガレオの反応が消えた。
再入場すれば再調査できる。",,,,2,GEN3_JP_MESSAGE_WINDOW_CHECK_REQUIRED,実charmap encodeはintegration buildで検証。
DIALOGUE_EVENT_SPECIAL_NATIONAL_0791,EVENT_SPECIAL_NATIONAL_0791,ESCAPE,研究員,"ソルガレオを見失った。
記録は未確定のままだ。",,,,2,GEN3_JP_MESSAGE_WINDOW_CHECK_REQUIRED,実charmap encodeはintegration buildで検証。
DIALOGUE_EVENT_SPECIAL_NATIONAL_0791,EVENT_SPECIAL_NATIONAL_0791,PARTY_FULL,研究員,"手持ちがいっぱいだ。
PCへの転送を確認する。",,,,2,GEN3_JP_MESSAGE_WINDOW_CHECK_REQUIRED,実charmap encodeはintegration buildで検証。
DIALOGUE_EVENT_SPECIAL_NATIONAL_0791,EVENT_SPECIAL_NATIONAL_0791,BOX_FULL,研究員,"PCと保管枠がいっぱいだ。
何も消費せず中止した。",,,,2,GEN3_JP_MESSAGE_WINDOW_CHECK_REQUIRED,実charmap encodeはintegration buildで検証。
DIALOGUE_EVENT_SPECIAL_NATIONAL_0791,EVENT_SPECIAL_NATIONAL_0791,SUCCESS,研究員,"ソルガレオへの条件を整えた。
進化は手持ち画面で行える。",,,,2,GEN3_JP_MESSAGE_WINDOW_CHECK_REQUIRED,実charmap encodeはintegration buildで検証。
DIALOGUE_EVENT_SPECIAL_NATIONAL_0791,EVENT_SPECIAL_NATIONAL_0791,ALREADY,研究員,"この対象は登録済みだ。
重複個体は受け取れない。",,,,2,GEN3_JP_MESSAGE_WINDOW_CHECK_REQUIRED,実charmap encodeはintegration buildで検証。
DIALOGUE_EVENT_SPECIAL_NATIONAL_0792,EVENT_SPECIAL_NATIONAL_0792,LOCKED,研究員,"まだ反応がない。
調査条件を満たしていない。",,,,2,GEN3_JP_MESSAGE_WINDOW_CHECK_REQUIRED,実charmap encodeはintegration buildで検証。
DIALOGUE_EVENT_SPECIAL_NATIONAL_0792,EVENT_SPECIAL_NATIONAL_0792,INTRO,研究員,"ルナアーラへの進化条件を
確認・補助しますか？",はい,いいえ,PREPARE,2,GEN3_JP_MESSAGE_WINDOW_CHECK_REQUIRED,実charmap encodeはintegration buildで検証。
DIALOGUE_EVENT_SPECIAL_NATIONAL_0792,EVENT_SPECIAL_NATIONAL_0792,CANCEL,研究員,"処理を中止した。
記録も素材も変更していない。",,,,2,GEN3_JP_MESSAGE_WINDOW_CHECK_REQUIRED,実charmap encodeはintegration buildで検証。
DIALOGUE_EVENT_SPECIAL_NATIONAL_0792,EVENT_SPECIAL_NATIONAL_0792,DEFEAT,研究員,"ルナアーラの反応が消えた。
再入場すれば再調査できる。",,,,2,GEN3_JP_MESSAGE_WINDOW_CHECK_REQUIRED,実charmap encodeはintegration buildで検証。
DIALOGUE_EVENT_SPECIAL_NATIONAL_0792,EVENT_SPECIAL_NATIONAL_0792,ESCAPE,研究員,"ルナアーラを見失った。
記録は未確定のままだ。",,,,2,GEN3_JP_MESSAGE_WINDOW_CHECK_REQUIRED,実charmap encodeはintegration buildで検証。
DIALOGUE_EVENT_SPECIAL_NATIONAL_0792,EVENT_SPECIAL_NATIONAL_0792,PARTY_FULL,研究員,"手持ちがいっぱいだ。
PCへの転送を確認する。",,,,2,GEN3_JP_MESSAGE_WINDOW_CHECK_REQUIRED,実charmap encodeはintegration buildで検証。
DIALOGUE_EVENT_SPECIAL_NATIONAL_0792,EVENT_SPECIAL_NATIONAL_0792,BOX_FULL,研究員,"PCと保管枠がいっぱいだ。
何も消費せず中止した。",,,,2,GEN3_JP_MESSAGE_WINDOW_CHECK_REQUIRED,実charmap encodeはintegration buildで検証。
DIALOGUE_EVENT_SPECIAL_NATIONAL_0792,EVENT_SPECIAL_NATIONAL_0792,SUCCESS,研究員,"ルナアーラへの条件を整えた。
進化は手持ち画面で行える。",,,,2,GEN3_JP_MESSAGE_WINDOW_CHECK_REQUIRED,実charmap encodeはintegration buildで検証。
DIALOGUE_EVENT_SPECIAL_NATIONAL_0792,EVENT_SPECIAL_NATIONAL_0792,ALREADY,研究員,"この対象は登録済みだ。
重複個体は受け取れない。",,,,2,GEN3_JP_MESSAGE_WINDOW_CHECK_REQUIRED,実charmap encodeはintegration buildで検証。
DIALOGUE_EVENT_SPECIAL_NATIONAL_0793,EVENT_SPECIAL_NATIONAL_0793,LOCKED,調査端末,"まだ反応がない。
調査条件を満たしていない。",,,,2,GEN3_JP_MESSAGE_WINDOW_CHECK_REQUIRED,実charmap encodeはintegration buildで検証。
DIALOGUE_EVENT_SPECIAL_NATIONAL_0793,EVENT_SPECIAL_NATIONAL_0793,INTRO,調査端末,"ウツロイドの反応を確認した。
固定遭遇を開始しますか？",はい,いいえ,PREPARE,2,GEN3_JP_MESSAGE_WINDOW_CHECK_REQUIRED,実charmap encodeはintegration buildで検証。
DIALOGUE_EVENT_SPECIAL_NATIONAL_0793,EVENT_SPECIAL_NATIONAL_0793,CANCEL,調査端末,"処理を中止した。
記録も素材も変更していない。",,,,2,GEN3_JP_MESSAGE_WINDOW_CHECK_REQUIRED,実charmap encodeはintegration buildで検証。
DIALOGUE_EVENT_SPECIAL_NATIONAL_0793,EVENT_SPECIAL_NATIONAL_0793,DEFEAT,調査端末,"ウツロイドの反応が消えた。
再入場すれば再調査できる。",,,,2,GEN3_JP_MESSAGE_WINDOW_CHECK_REQUIRED,実charmap encodeはintegration buildで検証。
DIALOGUE_EVENT_SPECIAL_NATIONAL_0793,EVENT_SPECIAL_NATIONAL_0793,ESCAPE,調査端末,"ウツロイドを見失った。
記録は未確定のままだ。",,,,2,GEN3_JP_MESSAGE_WINDOW_CHECK_REQUIRED,実charmap encodeはintegration buildで検証。
DIALOGUE_EVENT_SPECIAL_NATIONAL_0793,EVENT_SPECIAL_NATIONAL_0793,PARTY_FULL,調査端末,"手持ちがいっぱいだ。
PCへの転送を確認する。",,,,2,GEN3_JP_MESSAGE_WINDOW_CHECK_REQUIRED,実charmap encodeはintegration buildで検証。
DIALOGUE_EVENT_SPECIAL_NATIONAL_0793,EVENT_SPECIAL_NATIONAL_0793,BOX_FULL,調査端末,"PCと保管枠がいっぱいだ。
何も消費せず中止した。",,,,2,GEN3_JP_MESSAGE_WINDOW_CHECK_REQUIRED,実charmap encodeはintegration buildで検証。
DIALOGUE_EVENT_SPECIAL_NATIONAL_0793,EVENT_SPECIAL_NATIONAL_0793,SUCCESS,調査端末,"ウツロイドの捕獲を記録した。
共有台帳を更新した。",,,,2,GEN3_JP_MESSAGE_WINDOW_CHECK_REQUIRED,実charmap encodeはintegration buildで検証。
DIALOGUE_EVENT_SPECIAL_NATIONAL_0793,EVENT_SPECIAL_NATIONAL_0793,ALREADY,調査端末,"この対象は登録済みだ。
重複個体は受け取れない。",,,,2,GEN3_JP_MESSAGE_WINDOW_CHECK_REQUIRED,実charmap encodeはintegration buildで検証。
DIALOGUE_EVENT_SPECIAL_NATIONAL_0794,EVENT_SPECIAL_NATIONAL_0794,LOCKED,調査端末,"まだ反応がない。
調査条件を満たしていない。",,,,2,GEN3_JP_MESSAGE_WINDOW_CHECK_REQUIRED,実charmap encodeはintegration buildで検証。
DIALOGUE_EVENT_SPECIAL_NATIONAL_0794,EVENT_SPECIAL_NATIONAL_0794,INTRO,調査端末,"マッシブーンの反応を確認した。
固定遭遇を開始しますか？",はい,いいえ,PREPARE,2,GEN3_JP_MESSAGE_WINDOW_CHECK_REQUIRED,実charmap encodeはintegration buildで検証。
DIALOGUE_EVENT_SPECIAL_NATIONAL_0794,EVENT_SPECIAL_NATIONAL_0794,CANCEL,調査端末,"処理を中止した。
記録も素材も変更していない。",,,,2,GEN3_JP_MESSAGE_WINDOW_CHECK_REQUIRED,実charmap encodeはintegration buildで検証。
DIALOGUE_EVENT_SPECIAL_NATIONAL_0794,EVENT_SPECIAL_NATIONAL_0794,DEFEAT,調査端末,"マッシブーンの反応が消えた。
再入場すれば再調査できる。",,,,2,GEN3_JP_MESSAGE_WINDOW_CHECK_REQUIRED,実charmap encodeはintegration buildで検証。
DIALOGUE_EVENT_SPECIAL_NATIONAL_0794,EVENT_SPECIAL_NATIONAL_0794,ESCAPE,調査端末,"マッシブーンを見失った。
記録は未確定のままだ。",,,,2,GEN3_JP_MESSAGE_WINDOW_CHECK_REQUIRED,実charmap encodeはintegration buildで検証。
DIALOGUE_EVENT_SPECIAL_NATIONAL_0794,EVENT_SPECIAL_NATIONAL_0794,PARTY_FULL,調査端末,"手持ちがいっぱいだ。
PCへの転送を確認する。",,,,2,GEN3_JP_MESSAGE_WINDOW_CHECK_REQUIRED,実charmap encodeはintegration buildで検証。
DIALOGUE_EVENT_SPECIAL_NATIONAL_0794,EVENT_SPECIAL_NATIONAL_0794,BOX_FULL,調査端末,"PCと保管枠がいっぱいだ。
何も消費せず中止した。",,,,2,GEN3_JP_MESSAGE_WINDOW_CHECK_REQUIRED,実charmap encodeはintegration buildで検証。
DIALOGUE_EVENT_SPECIAL_NATIONAL_0794,EVENT_SPECIAL_NATIONAL_0794,SUCCESS,調査端末,"マッシブーンの捕獲を記録した。
共有台帳を更新した。",,,,2,GEN3_JP_MESSAGE_WINDOW_CHECK_REQUIRED,実charmap encodeはintegration buildで検証。
DIALOGUE_EVENT_SPECIAL_NATIONAL_0794,EVENT_SPECIAL_NATIONAL_0794,ALREADY,調査端末,"この対象は登録済みだ。
重複個体は受け取れない。",,,,2,GEN3_JP_MESSAGE_WINDOW_CHECK_REQUIRED,実charmap encodeはintegration buildで検証。
DIALOGUE_EVENT_SPECIAL_NATIONAL_0795,EVENT_SPECIAL_NATIONAL_0795,LOCKED,調査端末,"まだ反応がない。
調査条件を満たしていない。",,,,2,GEN3_JP_MESSAGE_WINDOW_CHECK_REQUIRED,実charmap encodeはintegration buildで検証。
DIALOGUE_EVENT_SPECIAL_NATIONAL_0795,EVENT_SPECIAL_NATIONAL_0795,INTRO,調査端末,"フェローチェの反応を確認した。
固定遭遇を開始しますか？",はい,いいえ,PREPARE,2,GEN3_JP_MESSAGE_WINDOW_CHECK_REQUIRED,実charmap encodeはintegration buildで検証。
DIALOGUE_EVENT_SPECIAL_NATIONAL_0795,EVENT_SPECIAL_NATIONAL_0795,CANCEL,調査端末,"処理を中止した。
記録も素材も変更していない。",,,,2,GEN3_JP_MESSAGE_WINDOW_CHECK_REQUIRED,実charmap encodeはintegration buildで検証。
DIALOGUE_EVENT_SPECIAL_NATIONAL_0795,EVENT_SPECIAL_NATIONAL_0795,DEFEAT,調査端末,"フェローチェの反応が消えた。
再入場すれば再調査できる。",,,,2,GEN3_JP_MESSAGE_WINDOW_CHECK_REQUIRED,実charmap encodeはintegration buildで検証。
DIALOGUE_EVENT_SPECIAL_NATIONAL_0795,EVENT_SPECIAL_NATIONAL_0795,ESCAPE,調査端末,"フェローチェを見失った。
記録は未確定のままだ。",,,,2,GEN3_JP_MESSAGE_WINDOW_CHECK_REQUIRED,実charmap encodeはintegration buildで検証。
DIALOGUE_EVENT_SPECIAL_NATIONAL_0795,EVENT_SPECIAL_NATIONAL_0795,PARTY_FULL,調査端末,"手持ちがいっぱいだ。
PCへの転送を確認する。",,,,2,GEN3_JP_MESSAGE_WINDOW_CHECK_REQUIRED,実charmap encodeはintegration buildで検証。
DIALOGUE_EVENT_SPECIAL_NATIONAL_0795,EVENT_SPECIAL_NATIONAL_0795,BOX_FULL,調査端末,"PCと保管枠がいっぱいだ。
何も消費せず中止した。",,,,2,GEN3_JP_MESSAGE_WINDOW_CHECK_REQUIRED,実charmap encodeはintegration buildで検証。
DIALOGUE_EVENT_SPECIAL_NATIONAL_0795,EVENT_SPECIAL_NATIONAL_0795,SUCCESS,調査端末,"フェローチェの捕獲を記録した。
共有台帳を更新した。",,,,2,GEN3_JP_MESSAGE_WINDOW_CHECK_REQUIRED,実charmap encodeはintegration buildで検証。
DIALOGUE_EVENT_SPECIAL_NATIONAL_0795,EVENT_SPECIAL_NATIONAL_0795,ALREADY,調査端末,"この対象は登録済みだ。
重複個体は受け取れない。",,,,2,GEN3_JP_MESSAGE_WINDOW_CHECK_REQUIRED,実charmap encodeはintegration buildで検証。
DIALOGUE_EVENT_SPECIAL_NATIONAL_0796,EVENT_SPECIAL_NATIONAL_0796,LOCKED,調査端末,"まだ反応がない。
調査条件を満たしていない。",,,,2,GEN3_JP_MESSAGE_WINDOW_CHECK_REQUIRED,実charmap encodeはintegration buildで検証。
DIALOGUE_EVENT_SPECIAL_NATIONAL_0796,EVENT_SPECIAL_NATIONAL_0796,INTRO,調査端末,"デンジュモクの反応を確認した。
固定遭遇を開始しますか？",はい,いいえ,PREPARE,2,GEN3_JP_MESSAGE_WINDOW_CHECK_REQUIRED,実charmap encodeはintegration buildで検証。
DIALOGUE_EVENT_SPECIAL_NATIONAL_0796,EVENT_SPECIAL_NATIONAL_0796,CANCEL,調査端末,"処理を中止した。
記録も素材も変更していない。",,,,2,GEN3_JP_MESSAGE_WINDOW_CHECK_REQUIRED,実charmap encodeはintegration buildで検証。
DIALOGUE_EVENT_SPECIAL_NATIONAL_0796,EVENT_SPECIAL_NATIONAL_0796,DEFEAT,調査端末,"デンジュモクの反応が消えた。
再入場すれば再調査できる。",,,,2,GEN3_JP_MESSAGE_WINDOW_CHECK_REQUIRED,実charmap encodeはintegration buildで検証。
DIALOGUE_EVENT_SPECIAL_NATIONAL_0796,EVENT_SPECIAL_NATIONAL_0796,ESCAPE,調査端末,"デンジュモクを見失った。
記録は未確定のままだ。",,,,2,GEN3_JP_MESSAGE_WINDOW_CHECK_REQUIRED,実charmap encodeはintegration buildで検証。
DIALOGUE_EVENT_SPECIAL_NATIONAL_0796,EVENT_SPECIAL_NATIONAL_0796,PARTY_FULL,調査端末,"手持ちがいっぱいだ。
PCへの転送を確認する。",,,,2,GEN3_JP_MESSAGE_WINDOW_CHECK_REQUIRED,実charmap encodeはintegration buildで検証。
DIALOGUE_EVENT_SPECIAL_NATIONAL_0796,EVENT_SPECIAL_NATIONAL_0796,BOX_FULL,調査端末,"PCと保管枠がいっぱいだ。
何も消費せず中止した。",,,,2,GEN3_JP_MESSAGE_WINDOW_CHECK_REQUIRED,実charmap encodeはintegration buildで検証。
DIALOGUE_EVENT_SPECIAL_NATIONAL_0796,EVENT_SPECIAL_NATIONAL_0796,SUCCESS,調査端末,"デンジュモクの捕獲を記録した。
共有台帳を更新した。",,,,2,GEN3_JP_MESSAGE_WINDOW_CHECK_REQUIRED,実charmap encodeはintegration buildで検証。
DIALOGUE_EVENT_SPECIAL_NATIONAL_0796,EVENT_SPECIAL_NATIONAL_0796,ALREADY,調査端末,"この対象は登録済みだ。
重複個体は受け取れない。",,,,2,GEN3_JP_MESSAGE_WINDOW_CHECK_REQUIRED,実charmap encodeはintegration buildで検証。
DIALOGUE_EVENT_SPECIAL_NATIONAL_0797,EVENT_SPECIAL_NATIONAL_0797,LOCKED,調査端末,"まだ反応がない。
調査条件を満たしていない。",,,,2,GEN3_JP_MESSAGE_WINDOW_CHECK_REQUIRED,実charmap encodeはintegration buildで検証。
DIALOGUE_EVENT_SPECIAL_NATIONAL_0797,EVENT_SPECIAL_NATIONAL_0797,INTRO,調査端末,"テッカグヤの反応を確認した。
固定遭遇を開始しますか？",はい,いいえ,PREPARE,2,GEN3_JP_MESSAGE_WINDOW_CHECK_REQUIRED,実charmap encodeはintegration buildで検証。
DIALOGUE_EVENT_SPECIAL_NATIONAL_0797,EVENT_SPECIAL_NATIONAL_0797,CANCEL,調査端末,"処理を中止した。
記録も素材も変更していない。",,,,2,GEN3_JP_MESSAGE_WINDOW_CHECK_REQUIRED,実charmap encodeはintegration buildで検証。
DIALOGUE_EVENT_SPECIAL_NATIONAL_0797,EVENT_SPECIAL_NATIONAL_0797,DEFEAT,調査端末,"テッカグヤの反応が消えた。
再入場すれば再調査できる。",,,,2,GEN3_JP_MESSAGE_WINDOW_CHECK_REQUIRED,実charmap encodeはintegration buildで検証。
DIALOGUE_EVENT_SPECIAL_NATIONAL_0797,EVENT_SPECIAL_NATIONAL_0797,ESCAPE,調査端末,"テッカグヤを見失った。
記録は未確定のままだ。",,,,2,GEN3_JP_MESSAGE_WINDOW_CHECK_REQUIRED,実charmap encodeはintegration buildで検証。
DIALOGUE_EVENT_SPECIAL_NATIONAL_0797,EVENT_SPECIAL_NATIONAL_0797,PARTY_FULL,調査端末,"手持ちがいっぱいだ。
PCへの転送を確認する。",,,,2,GEN3_JP_MESSAGE_WINDOW_CHECK_REQUIRED,実charmap encodeはintegration buildで検証。
DIALOGUE_EVENT_SPECIAL_NATIONAL_0797,EVENT_SPECIAL_NATIONAL_0797,BOX_FULL,調査端末,"PCと保管枠がいっぱいだ。
何も消費せず中止した。",,,,2,GEN3_JP_MESSAGE_WINDOW_CHECK_REQUIRED,実charmap encodeはintegration buildで検証。
DIALOGUE_EVENT_SPECIAL_NATIONAL_0797,EVENT_SPECIAL_NATIONAL_0797,SUCCESS,調査端末,"テッカグヤの捕獲を記録した。
共有台帳を更新した。",,,,2,GEN3_JP_MESSAGE_WINDOW_CHECK_REQUIRED,実charmap encodeはintegration buildで検証。
DIALOGUE_EVENT_SPECIAL_NATIONAL_0797,EVENT_SPECIAL_NATIONAL_0797,ALREADY,調査端末,"この対象は登録済みだ。
重複個体は受け取れない。",,,,2,GEN3_JP_MESSAGE_WINDOW_CHECK_REQUIRED,実charmap encodeはintegration buildで検証。
DIALOGUE_EVENT_SPECIAL_NATIONAL_0798,EVENT_SPECIAL_NATIONAL_0798,LOCKED,調査端末,"まだ反応がない。
調査条件を満たしていない。",,,,2,GEN3_JP_MESSAGE_WINDOW_CHECK_REQUIRED,実charmap encodeはintegration buildで検証。
DIALOGUE_EVENT_SPECIAL_NATIONAL_0798,EVENT_SPECIAL_NATIONAL_0798,INTRO,調査端末,"カミツルギの反応を確認した。
固定遭遇を開始しますか？",はい,いいえ,PREPARE,2,GEN3_JP_MESSAGE_WINDOW_CHECK_REQUIRED,実charmap encodeはintegration buildで検証。
DIALOGUE_EVENT_SPECIAL_NATIONAL_0798,EVENT_SPECIAL_NATIONAL_0798,CANCEL,調査端末,"処理を中止した。
記録も素材も変更していない。",,,,2,GEN3_JP_MESSAGE_WINDOW_CHECK_REQUIRED,実charmap encodeはintegration buildで検証。
DIALOGUE_EVENT_SPECIAL_NATIONAL_0798,EVENT_SPECIAL_NATIONAL_0798,DEFEAT,調査端末,"カミツルギの反応が消えた。
再入場すれば再調査できる。",,,,2,GEN3_JP_MESSAGE_WINDOW_CHECK_REQUIRED,実charmap encodeはintegration buildで検証。
DIALOGUE_EVENT_SPECIAL_NATIONAL_0798,EVENT_SPECIAL_NATIONAL_0798,ESCAPE,調査端末,"カミツルギを見失った。
記録は未確定のままだ。",,,,2,GEN3_JP_MESSAGE_WINDOW_CHECK_REQUIRED,実charmap encodeはintegration buildで検証。
DIALOGUE_EVENT_SPECIAL_NATIONAL_0798,EVENT_SPECIAL_NATIONAL_0798,PARTY_FULL,調査端末,"手持ちがいっぱいだ。
PCへの転送を確認する。",,,,2,GEN3_JP_MESSAGE_WINDOW_CHECK_REQUIRED,実charmap encodeはintegration buildで検証。
DIALOGUE_EVENT_SPECIAL_NATIONAL_0798,EVENT_SPECIAL_NATIONAL_0798,BOX_FULL,調査端末,"PCと保管枠がいっぱいだ。
何も消費せず中止した。",,,,2,GEN3_JP_MESSAGE_WINDOW_CHECK_REQUIRED,実charmap encodeはintegration buildで検証。
DIALOGUE_EVENT_SPECIAL_NATIONAL_0798,EVENT_SPECIAL_NATIONAL_0798,SUCCESS,調査端末,"カミツルギの捕獲を記録した。
共有台帳を更新した。",,,,2,GEN3_JP_MESSAGE_WINDOW_CHECK_REQUIRED,実charmap encodeはintegration buildで検証。
DIALOGUE_EVENT_SPECIAL_NATIONAL_0798,EVENT_SPECIAL_NATIONAL_0798,ALREADY,調査端末,"この対象は登録済みだ。
重複個体は受け取れない。",,,,2,GEN3_JP_MESSAGE_WINDOW_CHECK_REQUIRED,実charmap encodeはintegration buildで検証。
DIALOGUE_EVENT_SPECIAL_NATIONAL_0799,EVENT_SPECIAL_NATIONAL_0799,LOCKED,調査端末,"まだ反応がない。
調査条件を満たしていない。",,,,2,GEN3_JP_MESSAGE_WINDOW_CHECK_REQUIRED,実charmap encodeはintegration buildで検証。
DIALOGUE_EVENT_SPECIAL_NATIONAL_0799,EVENT_SPECIAL_NATIONAL_0799,INTRO,調査端末,"アクジキングの反応を確認した。
固定遭遇を開始しますか？",はい,いいえ,PREPARE,2,GEN3_JP_MESSAGE_WINDOW_CHECK_REQUIRED,実charmap encodeはintegration buildで検証。
DIALOGUE_EVENT_SPECIAL_NATIONAL_0799,EVENT_SPECIAL_NATIONAL_0799,CANCEL,調査端末,"処理を中止した。
記録も素材も変更していない。",,,,2,GEN3_JP_MESSAGE_WINDOW_CHECK_REQUIRED,実charmap encodeはintegration buildで検証。
DIALOGUE_EVENT_SPECIAL_NATIONAL_0799,EVENT_SPECIAL_NATIONAL_0799,DEFEAT,調査端末,"アクジキングの反応が消えた。
再入場すれば再調査できる。",,,,2,GEN3_JP_MESSAGE_WINDOW_CHECK_REQUIRED,実charmap encodeはintegration buildで検証。
DIALOGUE_EVENT_SPECIAL_NATIONAL_0799,EVENT_SPECIAL_NATIONAL_0799,ESCAPE,調査端末,"アクジキングを見失った。
記録は未確定のままだ。",,,,2,GEN3_JP_MESSAGE_WINDOW_CHECK_REQUIRED,実charmap encodeはintegration buildで検証。
DIALOGUE_EVENT_SPECIAL_NATIONAL_0799,EVENT_SPECIAL_NATIONAL_0799,PARTY_FULL,調査端末,"手持ちがいっぱいだ。
PCへの転送を確認する。",,,,2,GEN3_JP_MESSAGE_WINDOW_CHECK_REQUIRED,実charmap encodeはintegration buildで検証。
DIALOGUE_EVENT_SPECIAL_NATIONAL_0799,EVENT_SPECIAL_NATIONAL_0799,BOX_FULL,調査端末,"PCと保管枠がいっぱいだ。
何も消費せず中止した。",,,,2,GEN3_JP_MESSAGE_WINDOW_CHECK_REQUIRED,実charmap encodeはintegration buildで検証。
DIALOGUE_EVENT_SPECIAL_NATIONAL_0799,EVENT_SPECIAL_NATIONAL_0799,SUCCESS,調査端末,"アクジキングの捕獲を記録した。
共有台帳を更新した。",,,,2,GEN3_JP_MESSAGE_WINDOW_CHECK_REQUIRED,実charmap encodeはintegration buildで検証。
DIALOGUE_EVENT_SPECIAL_NATIONAL_0799,EVENT_SPECIAL_NATIONAL_0799,ALREADY,調査端末,"この対象は登録済みだ。
重複個体は受け取れない。",,,,2,GEN3_JP_MESSAGE_WINDOW_CHECK_REQUIRED,実charmap encodeはintegration buildで検証。
DIALOGUE_EVENT_SPECIAL_NATIONAL_0800,EVENT_SPECIAL_NATIONAL_0800,LOCKED,調査端末,"まだ反応がない。
調査条件を満たしていない。",,,,2,GEN3_JP_MESSAGE_WINDOW_CHECK_REQUIRED,実charmap encodeはintegration buildで検証。
DIALOGUE_EVENT_SPECIAL_NATIONAL_0800,EVENT_SPECIAL_NATIONAL_0800,INTRO,調査端末,"ネクロズマの反応を確認した。
固定遭遇を開始しますか？",はい,いいえ,PREPARE,2,GEN3_JP_MESSAGE_WINDOW_CHECK_REQUIRED,実charmap encodeはintegration buildで検証。
DIALOGUE_EVENT_SPECIAL_NATIONAL_0800,EVENT_SPECIAL_NATIONAL_0800,CANCEL,調査端末,"処理を中止した。
記録も素材も変更していない。",,,,2,GEN3_JP_MESSAGE_WINDOW_CHECK_REQUIRED,実charmap encodeはintegration buildで検証。
DIALOGUE_EVENT_SPECIAL_NATIONAL_0800,EVENT_SPECIAL_NATIONAL_0800,DEFEAT,調査端末,"ネクロズマの反応が消えた。
再入場すれば再調査できる。",,,,2,GEN3_JP_MESSAGE_WINDOW_CHECK_REQUIRED,実charmap encodeはintegration buildで検証。
DIALOGUE_EVENT_SPECIAL_NATIONAL_0800,EVENT_SPECIAL_NATIONAL_0800,ESCAPE,調査端末,"ネクロズマを見失った。
記録は未確定のままだ。",,,,2,GEN3_JP_MESSAGE_WINDOW_CHECK_REQUIRED,実charmap encodeはintegration buildで検証。
DIALOGUE_EVENT_SPECIAL_NATIONAL_0800,EVENT_SPECIAL_NATIONAL_0800,PARTY_FULL,調査端末,"手持ちがいっぱいだ。
PCへの転送を確認する。",,,,2,GEN3_JP_MESSAGE_WINDOW_CHECK_REQUIRED,実charmap encodeはintegration buildで検証。
DIALOGUE_EVENT_SPECIAL_NATIONAL_0800,EVENT_SPECIAL_NATIONAL_0800,BOX_FULL,調査端末,"PCと保管枠がいっぱいだ。
何も消費せず中止した。",,,,2,GEN3_JP_MESSAGE_WINDOW_CHECK_REQUIRED,実charmap encodeはintegration buildで検証。
DIALOGUE_EVENT_SPECIAL_NATIONAL_0800,EVENT_SPECIAL_NATIONAL_0800,SUCCESS,調査端末,"ネクロズマの捕獲を記録した。
共有台帳を更新した。",,,,2,GEN3_JP_MESSAGE_WINDOW_CHECK_REQUIRED,実charmap encodeはintegration buildで検証。
DIALOGUE_EVENT_SPECIAL_NATIONAL_0800,EVENT_SPECIAL_NATIONAL_0800,ALREADY,調査端末,"この対象は登録済みだ。
重複個体は受け取れない。",,,,2,GEN3_JP_MESSAGE_WINDOW_CHECK_REQUIRED,実charmap encodeはintegration buildで検証。
DIALOGUE_EVENT_SPECIAL_NATIONAL_0801,EVENT_SPECIAL_NATIONAL_0801,LOCKED,研究員,"まだ反応がない。
調査条件を満たしていない。",,,,2,GEN3_JP_MESSAGE_WINDOW_CHECK_REQUIRED,実charmap encodeはintegration buildで検証。
DIALOGUE_EVENT_SPECIAL_NATIONAL_0801,EVENT_SPECIAL_NATIONAL_0801,INTRO,研究員,"保護中のマギアナを
引き取りますか？",はい,いいえ,PREPARE,2,GEN3_JP_MESSAGE_WINDOW_CHECK_REQUIRED,実charmap encodeはintegration buildで検証。
DIALOGUE_EVENT_SPECIAL_NATIONAL_0801,EVENT_SPECIAL_NATIONAL_0801,CANCEL,研究員,"処理を中止した。
記録も素材も変更していない。",,,,2,GEN3_JP_MESSAGE_WINDOW_CHECK_REQUIRED,実charmap encodeはintegration buildで検証。
DIALOGUE_EVENT_SPECIAL_NATIONAL_0801,EVENT_SPECIAL_NATIONAL_0801,DEFEAT,研究員,"マギアナの反応が消えた。
再入場すれば再調査できる。",,,,2,GEN3_JP_MESSAGE_WINDOW_CHECK_REQUIRED,実charmap encodeはintegration buildで検証。
DIALOGUE_EVENT_SPECIAL_NATIONAL_0801,EVENT_SPECIAL_NATIONAL_0801,ESCAPE,研究員,"マギアナを見失った。
記録は未確定のままだ。",,,,2,GEN3_JP_MESSAGE_WINDOW_CHECK_REQUIRED,実charmap encodeはintegration buildで検証。
DIALOGUE_EVENT_SPECIAL_NATIONAL_0801,EVENT_SPECIAL_NATIONAL_0801,PARTY_FULL,研究員,"手持ちがいっぱいだ。
PCへの転送を確認する。",,,,2,GEN3_JP_MESSAGE_WINDOW_CHECK_REQUIRED,実charmap encodeはintegration buildで検証。
DIALOGUE_EVENT_SPECIAL_NATIONAL_0801,EVENT_SPECIAL_NATIONAL_0801,BOX_FULL,研究員,"PCと保管枠がいっぱいだ。
何も消費せず中止した。",,,,2,GEN3_JP_MESSAGE_WINDOW_CHECK_REQUIRED,実charmap encodeはintegration buildで検証。
DIALOGUE_EVENT_SPECIAL_NATIONAL_0801,EVENT_SPECIAL_NATIONAL_0801,SUCCESS,研究員,"マギアナを受け取った。
受取記録を保存した。",,,,2,GEN3_JP_MESSAGE_WINDOW_CHECK_REQUIRED,実charmap encodeはintegration buildで検証。
DIALOGUE_EVENT_SPECIAL_NATIONAL_0801,EVENT_SPECIAL_NATIONAL_0801,ALREADY,研究員,"この対象は登録済みだ。
重複個体は受け取れない。",,,,2,GEN3_JP_MESSAGE_WINDOW_CHECK_REQUIRED,実charmap encodeはintegration buildで検証。
DIALOGUE_EVENT_SPECIAL_NATIONAL_0802,EVENT_SPECIAL_NATIONAL_0802,LOCKED,調査端末,"まだ反応がない。
調査条件を満たしていない。",,,,2,GEN3_JP_MESSAGE_WINDOW_CHECK_REQUIRED,実charmap encodeはintegration buildで検証。
DIALOGUE_EVENT_SPECIAL_NATIONAL_0802,EVENT_SPECIAL_NATIONAL_0802,INTRO,調査端末,"マーシャドーの反応を確認した。
固定遭遇を開始しますか？",はい,いいえ,PREPARE,2,GEN3_JP_MESSAGE_WINDOW_CHECK_REQUIRED,実charmap encodeはintegration buildで検証。
DIALOGUE_EVENT_SPECIAL_NATIONAL_0802,EVENT_SPECIAL_NATIONAL_0802,CANCEL,調査端末,"処理を中止した。
記録も素材も変更していない。",,,,2,GEN3_JP_MESSAGE_WINDOW_CHECK_REQUIRED,実charmap encodeはintegration buildで検証。
DIALOGUE_EVENT_SPECIAL_NATIONAL_0802,EVENT_SPECIAL_NATIONAL_0802,DEFEAT,調査端末,"マーシャドーの反応が消えた。
再入場すれば再調査できる。",,,,2,GEN3_JP_MESSAGE_WINDOW_CHECK_REQUIRED,実charmap encodeはintegration buildで検証。
DIALOGUE_EVENT_SPECIAL_NATIONAL_0802,EVENT_SPECIAL_NATIONAL_0802,ESCAPE,調査端末,"マーシャドーを見失った。
記録は未確定のままだ。",,,,2,GEN3_JP_MESSAGE_WINDOW_CHECK_REQUIRED,実charmap encodeはintegration buildで検証。
DIALOGUE_EVENT_SPECIAL_NATIONAL_0802,EVENT_SPECIAL_NATIONAL_0802,PARTY_FULL,調査端末,"手持ちがいっぱいだ。
PCへの転送を確認する。",,,,2,GEN3_JP_MESSAGE_WINDOW_CHECK_REQUIRED,実charmap encodeはintegration buildで検証。
DIALOGUE_EVENT_SPECIAL_NATIONAL_0802,EVENT_SPECIAL_NATIONAL_0802,BOX_FULL,調査端末,"PCと保管枠がいっぱいだ。
何も消費せず中止した。",,,,2,GEN3_JP_MESSAGE_WINDOW_CHECK_REQUIRED,実charmap encodeはintegration buildで検証。
DIALOGUE_EVENT_SPECIAL_NATIONAL_0802,EVENT_SPECIAL_NATIONAL_0802,SUCCESS,調査端末,"マーシャドーの捕獲を記録した。
共有台帳を更新した。",,,,2,GEN3_JP_MESSAGE_WINDOW_CHECK_REQUIRED,実charmap encodeはintegration buildで検証。
DIALOGUE_EVENT_SPECIAL_NATIONAL_0802,EVENT_SPECIAL_NATIONAL_0802,ALREADY,調査端末,"この対象は登録済みだ。
重複個体は受け取れない。",,,,2,GEN3_JP_MESSAGE_WINDOW_CHECK_REQUIRED,実charmap encodeはintegration buildで検証。
DIALOGUE_EVENT_SPECIAL_NATIONAL_0803,EVENT_SPECIAL_NATIONAL_0803,LOCKED,研究員,"まだ反応がない。
調査条件を満たしていない。",,,,2,GEN3_JP_MESSAGE_WINDOW_CHECK_REQUIRED,実charmap encodeはintegration buildで検証。
DIALOGUE_EVENT_SPECIAL_NATIONAL_0803,EVENT_SPECIAL_NATIONAL_0803,INTRO,研究員,"保護中のベベノムを
引き取りますか？",はい,いいえ,PREPARE,2,GEN3_JP_MESSAGE_WINDOW_CHECK_REQUIRED,実charmap encodeはintegration buildで検証。
DIALOGUE_EVENT_SPECIAL_NATIONAL_0803,EVENT_SPECIAL_NATIONAL_0803,CANCEL,研究員,"処理を中止した。
記録も素材も変更していない。",,,,2,GEN3_JP_MESSAGE_WINDOW_CHECK_REQUIRED,実charmap encodeはintegration buildで検証。
DIALOGUE_EVENT_SPECIAL_NATIONAL_0803,EVENT_SPECIAL_NATIONAL_0803,DEFEAT,研究員,"ベベノムの反応が消えた。
再入場すれば再調査できる。",,,,2,GEN3_JP_MESSAGE_WINDOW_CHECK_REQUIRED,実charmap encodeはintegration buildで検証。
DIALOGUE_EVENT_SPECIAL_NATIONAL_0803,EVENT_SPECIAL_NATIONAL_0803,ESCAPE,研究員,"ベベノムを見失った。
記録は未確定のままだ。",,,,2,GEN3_JP_MESSAGE_WINDOW_CHECK_REQUIRED,実charmap encodeはintegration buildで検証。
DIALOGUE_EVENT_SPECIAL_NATIONAL_0803,EVENT_SPECIAL_NATIONAL_0803,PARTY_FULL,研究員,"手持ちがいっぱいだ。
PCへの転送を確認する。",,,,2,GEN3_JP_MESSAGE_WINDOW_CHECK_REQUIRED,実charmap encodeはintegration buildで検証。
DIALOGUE_EVENT_SPECIAL_NATIONAL_0803,EVENT_SPECIAL_NATIONAL_0803,BOX_FULL,研究員,"PCと保管枠がいっぱいだ。
何も消費せず中止した。",,,,2,GEN3_JP_MESSAGE_WINDOW_CHECK_REQUIRED,実charmap encodeはintegration buildで検証。
DIALOGUE_EVENT_SPECIAL_NATIONAL_0803,EVENT_SPECIAL_NATIONAL_0803,SUCCESS,研究員,"ベベノムを受け取った。
受取記録を保存した。",,,,2,GEN3_JP_MESSAGE_WINDOW_CHECK_REQUIRED,実charmap encodeはintegration buildで検証。
DIALOGUE_EVENT_SPECIAL_NATIONAL_0803,EVENT_SPECIAL_NATIONAL_0803,ALREADY,研究員,"この対象は登録済みだ。
重複個体は受け取れない。",,,,2,GEN3_JP_MESSAGE_WINDOW_CHECK_REQUIRED,実charmap encodeはintegration buildで検証。
DIALOGUE_EVENT_SPECIAL_NATIONAL_0804,EVENT_SPECIAL_NATIONAL_0804,LOCKED,研究員,"まだ反応がない。
調査条件を満たしていない。",,,,2,GEN3_JP_MESSAGE_WINDOW_CHECK_REQUIRED,実charmap encodeはintegration buildで検証。
DIALOGUE_EVENT_SPECIAL_NATIONAL_0804,EVENT_SPECIAL_NATIONAL_0804,INTRO,研究員,"アーゴヨンへの進化条件を
確認・補助しますか？",はい,いいえ,PREPARE,2,GEN3_JP_MESSAGE_WINDOW_CHECK_REQUIRED,実charmap encodeはintegration buildで検証。
DIALOGUE_EVENT_SPECIAL_NATIONAL_0804,EVENT_SPECIAL_NATIONAL_0804,CANCEL,研究員,"処理を中止した。
記録も素材も変更していない。",,,,2,GEN3_JP_MESSAGE_WINDOW_CHECK_REQUIRED,実charmap encodeはintegration buildで検証。
DIALOGUE_EVENT_SPECIAL_NATIONAL_0804,EVENT_SPECIAL_NATIONAL_0804,DEFEAT,研究員,"アーゴヨンの反応が消えた。
再入場すれば再調査できる。",,,,2,GEN3_JP_MESSAGE_WINDOW_CHECK_REQUIRED,実charmap encodeはintegration buildで検証。
DIALOGUE_EVENT_SPECIAL_NATIONAL_0804,EVENT_SPECIAL_NATIONAL_0804,ESCAPE,研究員,"アーゴヨンを見失った。
記録は未確定のままだ。",,,,2,GEN3_JP_MESSAGE_WINDOW_CHECK_REQUIRED,実charmap encodeはintegration buildで検証。
DIALOGUE_EVENT_SPECIAL_NATIONAL_0804,EVENT_SPECIAL_NATIONAL_0804,PARTY_FULL,研究員,"手持ちがいっぱいだ。
PCへの転送を確認する。",,,,2,GEN3_JP_MESSAGE_WINDOW_CHECK_REQUIRED,実charmap encodeはintegration buildで検証。
DIALOGUE_EVENT_SPECIAL_NATIONAL_0804,EVENT_SPECIAL_NATIONAL_0804,BOX_FULL,研究員,"PCと保管枠がいっぱいだ。
何も消費せず中止した。",,,,2,GEN3_JP_MESSAGE_WINDOW_CHECK_REQUIRED,実charmap encodeはintegration buildで検証。
DIALOGUE_EVENT_SPECIAL_NATIONAL_0804,EVENT_SPECIAL_NATIONAL_0804,SUCCESS,研究員,"アーゴヨンへの条件を整えた。
進化は手持ち画面で行える。",,,,2,GEN3_JP_MESSAGE_WINDOW_CHECK_REQUIRED,実charmap encodeはintegration buildで検証。
DIALOGUE_EVENT_SPECIAL_NATIONAL_0804,EVENT_SPECIAL_NATIONAL_0804,ALREADY,研究員,"この対象は登録済みだ。
重複個体は受け取れない。",,,,2,GEN3_JP_MESSAGE_WINDOW_CHECK_REQUIRED,実charmap encodeはintegration buildで検証。
DIALOGUE_EVENT_SPECIAL_NATIONAL_0805,EVENT_SPECIAL_NATIONAL_0805,LOCKED,調査端末,"まだ反応がない。
調査条件を満たしていない。",,,,2,GEN3_JP_MESSAGE_WINDOW_CHECK_REQUIRED,実charmap encodeはintegration buildで検証。
DIALOGUE_EVENT_SPECIAL_NATIONAL_0805,EVENT_SPECIAL_NATIONAL_0805,INTRO,調査端末,"ツンデツンデの反応を確認した。
固定遭遇を開始しますか？",はい,いいえ,PREPARE,2,GEN3_JP_MESSAGE_WINDOW_CHECK_REQUIRED,実charmap encodeはintegration buildで検証。
DIALOGUE_EVENT_SPECIAL_NATIONAL_0805,EVENT_SPECIAL_NATIONAL_0805,CANCEL,調査端末,"処理を中止した。
記録も素材も変更していない。",,,,2,GEN3_JP_MESSAGE_WINDOW_CHECK_REQUIRED,実charmap encodeはintegration buildで検証。
DIALOGUE_EVENT_SPECIAL_NATIONAL_0805,EVENT_SPECIAL_NATIONAL_0805,DEFEAT,調査端末,"ツンデツンデの反応が消えた。
再入場すれば再調査できる。",,,,2,GEN3_JP_MESSAGE_WINDOW_CHECK_REQUIRED,実charmap encodeはintegration buildで検証。
DIALOGUE_EVENT_SPECIAL_NATIONAL_0805,EVENT_SPECIAL_NATIONAL_0805,ESCAPE,調査端末,"ツンデツンデを見失った。
記録は未確定のままだ。",,,,2,GEN3_JP_MESSAGE_WINDOW_CHECK_REQUIRED,実charmap encodeはintegration buildで検証。
DIALOGUE_EVENT_SPECIAL_NATIONAL_0805,EVENT_SPECIAL_NATIONAL_0805,PARTY_FULL,調査端末,"手持ちがいっぱいだ。
PCへの転送を確認する。",,,,2,GEN3_JP_MESSAGE_WINDOW_CHECK_REQUIRED,実charmap encodeはintegration buildで検証。
DIALOGUE_EVENT_SPECIAL_NATIONAL_0805,EVENT_SPECIAL_NATIONAL_0805,BOX_FULL,調査端末,"PCと保管枠がいっぱいだ。
何も消費せず中止した。",,,,2,GEN3_JP_MESSAGE_WINDOW_CHECK_REQUIRED,実charmap encodeはintegration buildで検証。
DIALOGUE_EVENT_SPECIAL_NATIONAL_0805,EVENT_SPECIAL_NATIONAL_0805,SUCCESS,調査端末,"ツンデツンデの捕獲を記録した。
共有台帳を更新した。",,,,2,GEN3_JP_MESSAGE_WINDOW_CHECK_REQUIRED,実charmap encodeはintegration buildで検証。
DIALOGUE_EVENT_SPECIAL_NATIONAL_0805,EVENT_SPECIAL_NATIONAL_0805,ALREADY,調査端末,"この対象は登録済みだ。
重複個体は受け取れない。",,,,2,GEN3_JP_MESSAGE_WINDOW_CHECK_REQUIRED,実charmap encodeはintegration buildで検証。
DIALOGUE_EVENT_SPECIAL_NATIONAL_0806,EVENT_SPECIAL_NATIONAL_0806,LOCKED,調査端末,"まだ反応がない。
調査条件を満たしていない。",,,,2,GEN3_JP_MESSAGE_WINDOW_CHECK_REQUIRED,実charmap encodeはintegration buildで検証。
DIALOGUE_EVENT_SPECIAL_NATIONAL_0806,EVENT_SPECIAL_NATIONAL_0806,INTRO,調査端末,"ズガドーンの反応を確認した。
固定遭遇を開始しますか？",はい,いいえ,PREPARE,2,GEN3_JP_MESSAGE_WINDOW_CHECK_REQUIRED,実charmap encodeはintegration buildで検証。
DIALOGUE_EVENT_SPECIAL_NATIONAL_0806,EVENT_SPECIAL_NATIONAL_0806,CANCEL,調査端末,"処理を中止した。
記録も素材も変更していない。",,,,2,GEN3_JP_MESSAGE_WINDOW_CHECK_REQUIRED,実charmap encodeはintegration buildで検証。
DIALOGUE_EVENT_SPECIAL_NATIONAL_0806,EVENT_SPECIAL_NATIONAL_0806,DEFEAT,調査端末,"ズガドーンの反応が消えた。
再入場すれば再調査できる。",,,,2,GEN3_JP_MESSAGE_WINDOW_CHECK_REQUIRED,実charmap encodeはintegration buildで検証。
DIALOGUE_EVENT_SPECIAL_NATIONAL_0806,EVENT_SPECIAL_NATIONAL_0806,ESCAPE,調査端末,"ズガドーンを見失った。
記録は未確定のままだ。",,,,2,GEN3_JP_MESSAGE_WINDOW_CHECK_REQUIRED,実charmap encodeはintegration buildで検証。
DIALOGUE_EVENT_SPECIAL_NATIONAL_0806,EVENT_SPECIAL_NATIONAL_0806,PARTY_FULL,調査端末,"手持ちがいっぱいだ。
PCへの転送を確認する。",,,,2,GEN3_JP_MESSAGE_WINDOW_CHECK_REQUIRED,実charmap encodeはintegration buildで検証。
DIALOGUE_EVENT_SPECIAL_NATIONAL_0806,EVENT_SPECIAL_NATIONAL_0806,BOX_FULL,調査端末,"PCと保管枠がいっぱいだ。
何も消費せず中止した。",,,,2,GEN3_JP_MESSAGE_WINDOW_CHECK_REQUIRED,実charmap encodeはintegration buildで検証。
DIALOGUE_EVENT_SPECIAL_NATIONAL_0806,EVENT_SPECIAL_NATIONAL_0806,SUCCESS,調査端末,"ズガドーンの捕獲を記録した。
共有台帳を更新した。",,,,2,GEN3_JP_MESSAGE_WINDOW_CHECK_REQUIRED,実charmap encodeはintegration buildで検証。
DIALOGUE_EVENT_SPECIAL_NATIONAL_0806,EVENT_SPECIAL_NATIONAL_0806,ALREADY,調査端末,"この対象は登録済みだ。
重複個体は受け取れない。",,,,2,GEN3_JP_MESSAGE_WINDOW_CHECK_REQUIRED,実charmap encodeはintegration buildで検証。
DIALOGUE_EVENT_SPECIAL_NATIONAL_0807,EVENT_SPECIAL_NATIONAL_0807,LOCKED,調査端末,"まだ反応がない。
調査条件を満たしていない。",,,,2,GEN3_JP_MESSAGE_WINDOW_CHECK_REQUIRED,実charmap encodeはintegration buildで検証。
DIALOGUE_EVENT_SPECIAL_NATIONAL_0807,EVENT_SPECIAL_NATIONAL_0807,INTRO,調査端末,"ゼラオラの反応を確認した。
固定遭遇を開始しますか？",はい,いいえ,PREPARE,2,GEN3_JP_MESSAGE_WINDOW_CHECK_REQUIRED,実charmap encodeはintegration buildで検証。
DIALOGUE_EVENT_SPECIAL_NATIONAL_0807,EVENT_SPECIAL_NATIONAL_0807,CANCEL,調査端末,"処理を中止した。
記録も素材も変更していない。",,,,2,GEN3_JP_MESSAGE_WINDOW_CHECK_REQUIRED,実charmap encodeはintegration buildで検証。
DIALOGUE_EVENT_SPECIAL_NATIONAL_0807,EVENT_SPECIAL_NATIONAL_0807,DEFEAT,調査端末,"ゼラオラの反応が消えた。
再入場すれば再調査できる。",,,,2,GEN3_JP_MESSAGE_WINDOW_CHECK_REQUIRED,実charmap encodeはintegration buildで検証。
DIALOGUE_EVENT_SPECIAL_NATIONAL_0807,EVENT_SPECIAL_NATIONAL_0807,ESCAPE,調査端末,"ゼラオラを見失った。
記録は未確定のままだ。",,,,2,GEN3_JP_MESSAGE_WINDOW_CHECK_REQUIRED,実charmap encodeはintegration buildで検証。
DIALOGUE_EVENT_SPECIAL_NATIONAL_0807,EVENT_SPECIAL_NATIONAL_0807,PARTY_FULL,調査端末,"手持ちがいっぱいだ。
PCへの転送を確認する。",,,,2,GEN3_JP_MESSAGE_WINDOW_CHECK_REQUIRED,実charmap encodeはintegration buildで検証。
DIALOGUE_EVENT_SPECIAL_NATIONAL_0807,EVENT_SPECIAL_NATIONAL_0807,BOX_FULL,調査端末,"PCと保管枠がいっぱいだ。
何も消費せず中止した。",,,,2,GEN3_JP_MESSAGE_WINDOW_CHECK_REQUIRED,実charmap encodeはintegration buildで検証。
DIALOGUE_EVENT_SPECIAL_NATIONAL_0807,EVENT_SPECIAL_NATIONAL_0807,SUCCESS,調査端末,"ゼラオラの捕獲を記録した。
共有台帳を更新した。",,,,2,GEN3_JP_MESSAGE_WINDOW_CHECK_REQUIRED,実charmap encodeはintegration buildで検証。
DIALOGUE_EVENT_SPECIAL_NATIONAL_0807,EVENT_SPECIAL_NATIONAL_0807,ALREADY,調査端末,"この対象は登録済みだ。
重複個体は受け取れない。",,,,2,GEN3_JP_MESSAGE_WINDOW_CHECK_REQUIRED,実charmap encodeはintegration buildで検証。
DIALOGUE_EVENT_SPECIAL_NATIONAL_0808,EVENT_SPECIAL_NATIONAL_0808,LOCKED,研究員,"まだ反応がない。
調査条件を満たしていない。",,,,2,GEN3_JP_MESSAGE_WINDOW_CHECK_REQUIRED,実charmap encodeはintegration buildで検証。
DIALOGUE_EVENT_SPECIAL_NATIONAL_0808,EVENT_SPECIAL_NATIONAL_0808,INTRO,研究員,"保護中のメルタンを
引き取りますか？",はい,いいえ,PREPARE,2,GEN3_JP_MESSAGE_WINDOW_CHECK_REQUIRED,実charmap encodeはintegration buildで検証。
DIALOGUE_EVENT_SPECIAL_NATIONAL_0808,EVENT_SPECIAL_NATIONAL_0808,CANCEL,研究員,"処理を中止した。
記録も素材も変更していない。",,,,2,GEN3_JP_MESSAGE_WINDOW_CHECK_REQUIRED,実charmap encodeはintegration buildで検証。
DIALOGUE_EVENT_SPECIAL_NATIONAL_0808,EVENT_SPECIAL_NATIONAL_0808,DEFEAT,研究員,"メルタンの反応が消えた。
再入場すれば再調査できる。",,,,2,GEN3_JP_MESSAGE_WINDOW_CHECK_REQUIRED,実charmap encodeはintegration buildで検証。
DIALOGUE_EVENT_SPECIAL_NATIONAL_0808,EVENT_SPECIAL_NATIONAL_0808,ESCAPE,研究員,"メルタンを見失った。
記録は未確定のままだ。",,,,2,GEN3_JP_MESSAGE_WINDOW_CHECK_REQUIRED,実charmap encodeはintegration buildで検証。
DIALOGUE_EVENT_SPECIAL_NATIONAL_0808,EVENT_SPECIAL_NATIONAL_0808,PARTY_FULL,研究員,"手持ちがいっぱいだ。
PCへの転送を確認する。",,,,2,GEN3_JP_MESSAGE_WINDOW_CHECK_REQUIRED,実charmap encodeはintegration buildで検証。
DIALOGUE_EVENT_SPECIAL_NATIONAL_0808,EVENT_SPECIAL_NATIONAL_0808,BOX_FULL,研究員,"PCと保管枠がいっぱいだ。
何も消費せず中止した。",,,,2,GEN3_JP_MESSAGE_WINDOW_CHECK_REQUIRED,実charmap encodeはintegration buildで検証。
DIALOGUE_EVENT_SPECIAL_NATIONAL_0808,EVENT_SPECIAL_NATIONAL_0808,SUCCESS,研究員,"メルタンを受け取った。
受取記録を保存した。",,,,2,GEN3_JP_MESSAGE_WINDOW_CHECK_REQUIRED,実charmap encodeはintegration buildで検証。
DIALOGUE_EVENT_SPECIAL_NATIONAL_0808,EVENT_SPECIAL_NATIONAL_0808,ALREADY,研究員,"この対象は登録済みだ。
重複個体は受け取れない。",,,,2,GEN3_JP_MESSAGE_WINDOW_CHECK_REQUIRED,実charmap encodeはintegration buildで検証。
DIALOGUE_EVENT_SPECIAL_NATIONAL_0809,EVENT_SPECIAL_NATIONAL_0809,LOCKED,研究員,"まだ反応がない。
調査条件を満たしていない。",,,,2,GEN3_JP_MESSAGE_WINDOW_CHECK_REQUIRED,実charmap encodeはintegration buildで検証。
DIALOGUE_EVENT_SPECIAL_NATIONAL_0809,EVENT_SPECIAL_NATIONAL_0809,INTRO,研究員,"メルメタルへの進化条件を
確認・補助しますか？",はい,いいえ,PREPARE,2,GEN3_JP_MESSAGE_WINDOW_CHECK_REQUIRED,実charmap encodeはintegration buildで検証。
DIALOGUE_EVENT_SPECIAL_NATIONAL_0809,EVENT_SPECIAL_NATIONAL_0809,CANCEL,研究員,"処理を中止した。
記録も素材も変更していない。",,,,2,GEN3_JP_MESSAGE_WINDOW_CHECK_REQUIRED,実charmap encodeはintegration buildで検証。
DIALOGUE_EVENT_SPECIAL_NATIONAL_0809,EVENT_SPECIAL_NATIONAL_0809,DEFEAT,研究員,"メルメタルの反応が消えた。
再入場すれば再調査できる。",,,,2,GEN3_JP_MESSAGE_WINDOW_CHECK_REQUIRED,実charmap encodeはintegration buildで検証。
DIALOGUE_EVENT_SPECIAL_NATIONAL_0809,EVENT_SPECIAL_NATIONAL_0809,ESCAPE,研究員,"メルメタルを見失った。
記録は未確定のままだ。",,,,2,GEN3_JP_MESSAGE_WINDOW_CHECK_REQUIRED,実charmap encodeはintegration buildで検証。
DIALOGUE_EVENT_SPECIAL_NATIONAL_0809,EVENT_SPECIAL_NATIONAL_0809,PARTY_FULL,研究員,"手持ちがいっぱいだ。
PCへの転送を確認する。",,,,2,GEN3_JP_MESSAGE_WINDOW_CHECK_REQUIRED,実charmap encodeはintegration buildで検証。
DIALOGUE_EVENT_SPECIAL_NATIONAL_0809,EVENT_SPECIAL_NATIONAL_0809,BOX_FULL,研究員,"PCと保管枠がいっぱいだ。
何も消費せず中止した。",,,,2,GEN3_JP_MESSAGE_WINDOW_CHECK_REQUIRED,実charmap encodeはintegration buildで検証。
DIALOGUE_EVENT_SPECIAL_NATIONAL_0809,EVENT_SPECIAL_NATIONAL_0809,SUCCESS,研究員,"メルメタルへの条件を整えた。
進化は手持ち画面で行える。",,,,2,GEN3_JP_MESSAGE_WINDOW_CHECK_REQUIRED,実charmap encodeはintegration buildで検証。
DIALOGUE_EVENT_SPECIAL_NATIONAL_0809,EVENT_SPECIAL_NATIONAL_0809,ALREADY,研究員,"この対象は登録済みだ。
重複個体は受け取れない。",,,,2,GEN3_JP_MESSAGE_WINDOW_CHECK_REQUIRED,実charmap encodeはintegration buildで検証。
DIALOGUE_EVENT_SPECIAL_NATIONAL_0888,EVENT_SPECIAL_NATIONAL_0888,LOCKED,調査端末,"まだ反応がない。
調査条件を満たしていない。",,,,2,GEN3_JP_MESSAGE_WINDOW_CHECK_REQUIRED,実charmap encodeはintegration buildで検証。
DIALOGUE_EVENT_SPECIAL_NATIONAL_0888,EVENT_SPECIAL_NATIONAL_0888,INTRO,調査端末,"ザシアンの反応を確認した。
固定遭遇を開始しますか？",はい,いいえ,PREPARE,2,GEN3_JP_MESSAGE_WINDOW_CHECK_REQUIRED,実charmap encodeはintegration buildで検証。
DIALOGUE_EVENT_SPECIAL_NATIONAL_0888,EVENT_SPECIAL_NATIONAL_0888,CANCEL,調査端末,"処理を中止した。
記録も素材も変更していない。",,,,2,GEN3_JP_MESSAGE_WINDOW_CHECK_REQUIRED,実charmap encodeはintegration buildで検証。
DIALOGUE_EVENT_SPECIAL_NATIONAL_0888,EVENT_SPECIAL_NATIONAL_0888,DEFEAT,調査端末,"ザシアンの反応が消えた。
再入場すれば再調査できる。",,,,2,GEN3_JP_MESSAGE_WINDOW_CHECK_REQUIRED,実charmap encodeはintegration buildで検証。
DIALOGUE_EVENT_SPECIAL_NATIONAL_0888,EVENT_SPECIAL_NATIONAL_0888,ESCAPE,調査端末,"ザシアンを見失った。
記録は未確定のままだ。",,,,2,GEN3_JP_MESSAGE_WINDOW_CHECK_REQUIRED,実charmap encodeはintegration buildで検証。
DIALOGUE_EVENT_SPECIAL_NATIONAL_0888,EVENT_SPECIAL_NATIONAL_0888,PARTY_FULL,調査端末,"手持ちがいっぱいだ。
PCへの転送を確認する。",,,,2,GEN3_JP_MESSAGE_WINDOW_CHECK_REQUIRED,実charmap encodeはintegration buildで検証。
DIALOGUE_EVENT_SPECIAL_NATIONAL_0888,EVENT_SPECIAL_NATIONAL_0888,BOX_FULL,調査端末,"PCと保管枠がいっぱいだ。
何も消費せず中止した。",,,,2,GEN3_JP_MESSAGE_WINDOW_CHECK_REQUIRED,実charmap encodeはintegration buildで検証。
DIALOGUE_EVENT_SPECIAL_NATIONAL_0888,EVENT_SPECIAL_NATIONAL_0888,SUCCESS,調査端末,"ザシアンの捕獲を記録した。
共有台帳を更新した。",,,,2,GEN3_JP_MESSAGE_WINDOW_CHECK_REQUIRED,実charmap encodeはintegration buildで検証。
DIALOGUE_EVENT_SPECIAL_NATIONAL_0888,EVENT_SPECIAL_NATIONAL_0888,ALREADY,調査端末,"この対象は登録済みだ。
重複個体は受け取れない。",,,,2,GEN3_JP_MESSAGE_WINDOW_CHECK_REQUIRED,実charmap encodeはintegration buildで検証。
DIALOGUE_EVENT_SPECIAL_NATIONAL_0889,EVENT_SPECIAL_NATIONAL_0889,LOCKED,調査端末,"まだ反応がない。
調査条件を満たしていない。",,,,2,GEN3_JP_MESSAGE_WINDOW_CHECK_REQUIRED,実charmap encodeはintegration buildで検証。
DIALOGUE_EVENT_SPECIAL_NATIONAL_0889,EVENT_SPECIAL_NATIONAL_0889,INTRO,調査端末,"ザマゼンタの反応を確認した。
固定遭遇を開始しますか？",はい,いいえ,PREPARE,2,GEN3_JP_MESSAGE_WINDOW_CHECK_REQUIRED,実charmap encodeはintegration buildで検証。
DIALOGUE_EVENT_SPECIAL_NATIONAL_0889,EVENT_SPECIAL_NATIONAL_0889,CANCEL,調査端末,"処理を中止した。
記録も素材も変更していない。",,,,2,GEN3_JP_MESSAGE_WINDOW_CHECK_REQUIRED,実charmap encodeはintegration buildで検証。
DIALOGUE_EVENT_SPECIAL_NATIONAL_0889,EVENT_SPECIAL_NATIONAL_0889,DEFEAT,調査端末,"ザマゼンタの反応が消えた。
再入場すれば再調査できる。",,,,2,GEN3_JP_MESSAGE_WINDOW_CHECK_REQUIRED,実charmap encodeはintegration buildで検証。
DIALOGUE_EVENT_SPECIAL_NATIONAL_0889,EVENT_SPECIAL_NATIONAL_0889,ESCAPE,調査端末,"ザマゼンタを見失った。
記録は未確定のままだ。",,,,2,GEN3_JP_MESSAGE_WINDOW_CHECK_REQUIRED,実charmap encodeはintegration buildで検証。
DIALOGUE_EVENT_SPECIAL_NATIONAL_0889,EVENT_SPECIAL_NATIONAL_0889,PARTY_FULL,調査端末,"手持ちがいっぱいだ。
PCへの転送を確認する。",,,,2,GEN3_JP_MESSAGE_WINDOW_CHECK_REQUIRED,実charmap encodeはintegration buildで検証。
DIALOGUE_EVENT_SPECIAL_NATIONAL_0889,EVENT_SPECIAL_NATIONAL_0889,BOX_FULL,調査端末,"PCと保管枠がいっぱいだ。
何も消費せず中止した。",,,,2,GEN3_JP_MESSAGE_WINDOW_CHECK_REQUIRED,実charmap encodeはintegration buildで検証。
DIALOGUE_EVENT_SPECIAL_NATIONAL_0889,EVENT_SPECIAL_NATIONAL_0889,SUCCESS,調査端末,"ザマゼンタの捕獲を記録した。
共有台帳を更新した。",,,,2,GEN3_JP_MESSAGE_WINDOW_CHECK_REQUIRED,実charmap encodeはintegration buildで検証。
DIALOGUE_EVENT_SPECIAL_NATIONAL_0889,EVENT_SPECIAL_NATIONAL_0889,ALREADY,調査端末,"この対象は登録済みだ。
重複個体は受け取れない。",,,,2,GEN3_JP_MESSAGE_WINDOW_CHECK_REQUIRED,実charmap encodeはintegration buildで検証。
DIALOGUE_EVENT_SPECIAL_NATIONAL_0890,EVENT_SPECIAL_NATIONAL_0890,LOCKED,調査端末,"まだ反応がない。
調査条件を満たしていない。",,,,2,GEN3_JP_MESSAGE_WINDOW_CHECK_REQUIRED,実charmap encodeはintegration buildで検証。
DIALOGUE_EVENT_SPECIAL_NATIONAL_0890,EVENT_SPECIAL_NATIONAL_0890,INTRO,調査端末,"ムゲンダイナの反応を確認した。
固定遭遇を開始しますか？",はい,いいえ,PREPARE,2,GEN3_JP_MESSAGE_WINDOW_CHECK_REQUIRED,実charmap encodeはintegration buildで検証。
DIALOGUE_EVENT_SPECIAL_NATIONAL_0890,EVENT_SPECIAL_NATIONAL_0890,CANCEL,調査端末,"処理を中止した。
記録も素材も変更していない。",,,,2,GEN3_JP_MESSAGE_WINDOW_CHECK_REQUIRED,実charmap encodeはintegration buildで検証。
DIALOGUE_EVENT_SPECIAL_NATIONAL_0890,EVENT_SPECIAL_NATIONAL_0890,DEFEAT,調査端末,"ムゲンダイナの反応が消えた。
再入場すれば再調査できる。",,,,2,GEN3_JP_MESSAGE_WINDOW_CHECK_REQUIRED,実charmap encodeはintegration buildで検証。
DIALOGUE_EVENT_SPECIAL_NATIONAL_0890,EVENT_SPECIAL_NATIONAL_0890,ESCAPE,調査端末,"ムゲンダイナを見失った。
記録は未確定のままだ。",,,,2,GEN3_JP_MESSAGE_WINDOW_CHECK_REQUIRED,実charmap encodeはintegration buildで検証。
DIALOGUE_EVENT_SPECIAL_NATIONAL_0890,EVENT_SPECIAL_NATIONAL_0890,PARTY_FULL,調査端末,"手持ちがいっぱいだ。
PCへの転送を確認する。",,,,2,GEN3_JP_MESSAGE_WINDOW_CHECK_REQUIRED,実charmap encodeはintegration buildで検証。
DIALOGUE_EVENT_SPECIAL_NATIONAL_0890,EVENT_SPECIAL_NATIONAL_0890,BOX_FULL,調査端末,"PCと保管枠がいっぱいだ。
何も消費せず中止した。",,,,2,GEN3_JP_MESSAGE_WINDOW_CHECK_REQUIRED,実charmap encodeはintegration buildで検証。
DIALOGUE_EVENT_SPECIAL_NATIONAL_0890,EVENT_SPECIAL_NATIONAL_0890,SUCCESS,調査端末,"ムゲンダイナの捕獲を記録した。
共有台帳を更新した。",,,,2,GEN3_JP_MESSAGE_WINDOW_CHECK_REQUIRED,実charmap encodeはintegration buildで検証。
DIALOGUE_EVENT_SPECIAL_NATIONAL_0890,EVENT_SPECIAL_NATIONAL_0890,ALREADY,調査端末,"この対象は登録済みだ。
重複個体は受け取れない。",,,,2,GEN3_JP_MESSAGE_WINDOW_CHECK_REQUIRED,実charmap encodeはintegration buildで検証。
DIALOGUE_EVENT_SPECIAL_NATIONAL_0891,EVENT_SPECIAL_NATIONAL_0891,LOCKED,研究員,"まだ反応がない。
調査条件を満たしていない。",,,,2,GEN3_JP_MESSAGE_WINDOW_CHECK_REQUIRED,実charmap encodeはintegration buildで検証。
DIALOGUE_EVENT_SPECIAL_NATIONAL_0891,EVENT_SPECIAL_NATIONAL_0891,INTRO,研究員,"保護中のダクマを
引き取りますか？",はい,いいえ,PREPARE,2,GEN3_JP_MESSAGE_WINDOW_CHECK_REQUIRED,実charmap encodeはintegration buildで検証。
DIALOGUE_EVENT_SPECIAL_NATIONAL_0891,EVENT_SPECIAL_NATIONAL_0891,CANCEL,研究員,"処理を中止した。
記録も素材も変更していない。",,,,2,GEN3_JP_MESSAGE_WINDOW_CHECK_REQUIRED,実charmap encodeはintegration buildで検証。
DIALOGUE_EVENT_SPECIAL_NATIONAL_0891,EVENT_SPECIAL_NATIONAL_0891,DEFEAT,研究員,"ダクマの反応が消えた。
再入場すれば再調査できる。",,,,2,GEN3_JP_MESSAGE_WINDOW_CHECK_REQUIRED,実charmap encodeはintegration buildで検証。
DIALOGUE_EVENT_SPECIAL_NATIONAL_0891,EVENT_SPECIAL_NATIONAL_0891,ESCAPE,研究員,"ダクマを見失った。
記録は未確定のままだ。",,,,2,GEN3_JP_MESSAGE_WINDOW_CHECK_REQUIRED,実charmap encodeはintegration buildで検証。
DIALOGUE_EVENT_SPECIAL_NATIONAL_0891,EVENT_SPECIAL_NATIONAL_0891,PARTY_FULL,研究員,"手持ちがいっぱいだ。
PCへの転送を確認する。",,,,2,GEN3_JP_MESSAGE_WINDOW_CHECK_REQUIRED,実charmap encodeはintegration buildで検証。
DIALOGUE_EVENT_SPECIAL_NATIONAL_0891,EVENT_SPECIAL_NATIONAL_0891,BOX_FULL,研究員,"PCと保管枠がいっぱいだ。
何も消費せず中止した。",,,,2,GEN3_JP_MESSAGE_WINDOW_CHECK_REQUIRED,実charmap encodeはintegration buildで検証。
DIALOGUE_EVENT_SPECIAL_NATIONAL_0891,EVENT_SPECIAL_NATIONAL_0891,SUCCESS,研究員,"ダクマを受け取った。
受取記録を保存した。",,,,2,GEN3_JP_MESSAGE_WINDOW_CHECK_REQUIRED,実charmap encodeはintegration buildで検証。
DIALOGUE_EVENT_SPECIAL_NATIONAL_0891,EVENT_SPECIAL_NATIONAL_0891,ALREADY,研究員,"この対象は登録済みだ。
重複個体は受け取れない。",,,,2,GEN3_JP_MESSAGE_WINDOW_CHECK_REQUIRED,実charmap encodeはintegration buildで検証。
DIALOGUE_EVENT_SPECIAL_NATIONAL_0892,EVENT_SPECIAL_NATIONAL_0892,LOCKED,研究員,"まだ反応がない。
調査条件を満たしていない。",,,,2,GEN3_JP_MESSAGE_WINDOW_CHECK_REQUIRED,実charmap encodeはintegration buildで検証。
DIALOGUE_EVENT_SPECIAL_NATIONAL_0892,EVENT_SPECIAL_NATIONAL_0892,INTRO,研究員,"ウーラオスへの進化条件を
確認・補助しますか？",はい,いいえ,PREPARE,2,GEN3_JP_MESSAGE_WINDOW_CHECK_REQUIRED,実charmap encodeはintegration buildで検証。
DIALOGUE_EVENT_SPECIAL_NATIONAL_0892,EVENT_SPECIAL_NATIONAL_0892,CANCEL,研究員,"処理を中止した。
記録も素材も変更していない。",,,,2,GEN3_JP_MESSAGE_WINDOW_CHECK_REQUIRED,実charmap encodeはintegration buildで検証。
DIALOGUE_EVENT_SPECIAL_NATIONAL_0892,EVENT_SPECIAL_NATIONAL_0892,DEFEAT,研究員,"ウーラオスの反応が消えた。
再入場すれば再調査できる。",,,,2,GEN3_JP_MESSAGE_WINDOW_CHECK_REQUIRED,実charmap encodeはintegration buildで検証。
DIALOGUE_EVENT_SPECIAL_NATIONAL_0892,EVENT_SPECIAL_NATIONAL_0892,ESCAPE,研究員,"ウーラオスを見失った。
記録は未確定のままだ。",,,,2,GEN3_JP_MESSAGE_WINDOW_CHECK_REQUIRED,実charmap encodeはintegration buildで検証。
DIALOGUE_EVENT_SPECIAL_NATIONAL_0892,EVENT_SPECIAL_NATIONAL_0892,PARTY_FULL,研究員,"手持ちがいっぱいだ。
PCへの転送を確認する。",,,,2,GEN3_JP_MESSAGE_WINDOW_CHECK_REQUIRED,実charmap encodeはintegration buildで検証。
DIALOGUE_EVENT_SPECIAL_NATIONAL_0892,EVENT_SPECIAL_NATIONAL_0892,BOX_FULL,研究員,"PCと保管枠がいっぱいだ。
何も消費せず中止した。",,,,2,GEN3_JP_MESSAGE_WINDOW_CHECK_REQUIRED,実charmap encodeはintegration buildで検証。
DIALOGUE_EVENT_SPECIAL_NATIONAL_0892,EVENT_SPECIAL_NATIONAL_0892,SUCCESS,研究員,"ウーラオスへの条件を整えた。
進化は手持ち画面で行える。",,,,2,GEN3_JP_MESSAGE_WINDOW_CHECK_REQUIRED,実charmap encodeはintegration buildで検証。
DIALOGUE_EVENT_SPECIAL_NATIONAL_0892,EVENT_SPECIAL_NATIONAL_0892,ALREADY,研究員,"この対象は登録済みだ。
重複個体は受け取れない。",,,,2,GEN3_JP_MESSAGE_WINDOW_CHECK_REQUIRED,実charmap encodeはintegration buildで検証。
DIALOGUE_EVENT_SPECIAL_NATIONAL_0893,EVENT_SPECIAL_NATIONAL_0893,LOCKED,調査端末,"まだ反応がない。
調査条件を満たしていない。",,,,2,GEN3_JP_MESSAGE_WINDOW_CHECK_REQUIRED,実charmap encodeはintegration buildで検証。
DIALOGUE_EVENT_SPECIAL_NATIONAL_0893,EVENT_SPECIAL_NATIONAL_0893,INTRO,調査端末,"ザルードの反応を確認した。
固定遭遇を開始しますか？",はい,いいえ,PREPARE,2,GEN3_JP_MESSAGE_WINDOW_CHECK_REQUIRED,実charmap encodeはintegration buildで検証。
DIALOGUE_EVENT_SPECIAL_NATIONAL_0893,EVENT_SPECIAL_NATIONAL_0893,CANCEL,調査端末,"処理を中止した。
記録も素材も変更していない。",,,,2,GEN3_JP_MESSAGE_WINDOW_CHECK_REQUIRED,実charmap encodeはintegration buildで検証。
DIALOGUE_EVENT_SPECIAL_NATIONAL_0893,EVENT_SPECIAL_NATIONAL_0893,DEFEAT,調査端末,"ザルードの反応が消えた。
再入場すれば再調査できる。",,,,2,GEN3_JP_MESSAGE_WINDOW_CHECK_REQUIRED,実charmap encodeはintegration buildで検証。
DIALOGUE_EVENT_SPECIAL_NATIONAL_0893,EVENT_SPECIAL_NATIONAL_0893,ESCAPE,調査端末,"ザルードを見失った。
記録は未確定のままだ。",,,,2,GEN3_JP_MESSAGE_WINDOW_CHECK_REQUIRED,実charmap encodeはintegration buildで検証。
DIALOGUE_EVENT_SPECIAL_NATIONAL_0893,EVENT_SPECIAL_NATIONAL_0893,PARTY_FULL,調査端末,"手持ちがいっぱいだ。
PCへの転送を確認する。",,,,2,GEN3_JP_MESSAGE_WINDOW_CHECK_REQUIRED,実charmap encodeはintegration buildで検証。
DIALOGUE_EVENT_SPECIAL_NATIONAL_0893,EVENT_SPECIAL_NATIONAL_0893,BOX_FULL,調査端末,"PCと保管枠がいっぱいだ。
何も消費せず中止した。",,,,2,GEN3_JP_MESSAGE_WINDOW_CHECK_REQUIRED,実charmap encodeはintegration buildで検証。
DIALOGUE_EVENT_SPECIAL_NATIONAL_0893,EVENT_SPECIAL_NATIONAL_0893,SUCCESS,調査端末,"ザルードの捕獲を記録した。
共有台帳を更新した。",,,,2,GEN3_JP_MESSAGE_WINDOW_CHECK_REQUIRED,実charmap encodeはintegration buildで検証。
DIALOGUE_EVENT_SPECIAL_NATIONAL_0893,EVENT_SPECIAL_NATIONAL_0893,ALREADY,調査端末,"この対象は登録済みだ。
重複個体は受け取れない。",,,,2,GEN3_JP_MESSAGE_WINDOW_CHECK_REQUIRED,実charmap encodeはintegration buildで検証。
DIALOGUE_EVENT_SPECIAL_NATIONAL_0894,EVENT_SPECIAL_NATIONAL_0894,LOCKED,調査端末,"まだ反応がない。
調査条件を満たしていない。",,,,2,GEN3_JP_MESSAGE_WINDOW_CHECK_REQUIRED,実charmap encodeはintegration buildで検証。
DIALOGUE_EVENT_SPECIAL_NATIONAL_0894,EVENT_SPECIAL_NATIONAL_0894,INTRO,調査端末,"レジエレキの反応を確認した。
固定遭遇を開始しますか？",はい,いいえ,PREPARE,2,GEN3_JP_MESSAGE_WINDOW_CHECK_REQUIRED,実charmap encodeはintegration buildで検証。
DIALOGUE_EVENT_SPECIAL_NATIONAL_0894,EVENT_SPECIAL_NATIONAL_0894,CANCEL,調査端末,"処理を中止した。
記録も素材も変更していない。",,,,2,GEN3_JP_MESSAGE_WINDOW_CHECK_REQUIRED,実charmap encodeはintegration buildで検証。
DIALOGUE_EVENT_SPECIAL_NATIONAL_0894,EVENT_SPECIAL_NATIONAL_0894,DEFEAT,調査端末,"レジエレキの反応が消えた。
再入場すれば再調査できる。",,,,2,GEN3_JP_MESSAGE_WINDOW_CHECK_REQUIRED,実charmap encodeはintegration buildで検証。
DIALOGUE_EVENT_SPECIAL_NATIONAL_0894,EVENT_SPECIAL_NATIONAL_0894,ESCAPE,調査端末,"レジエレキを見失った。
記録は未確定のままだ。",,,,2,GEN3_JP_MESSAGE_WINDOW_CHECK_REQUIRED,実charmap encodeはintegration buildで検証。
DIALOGUE_EVENT_SPECIAL_NATIONAL_0894,EVENT_SPECIAL_NATIONAL_0894,PARTY_FULL,調査端末,"手持ちがいっぱいだ。
PCへの転送を確認する。",,,,2,GEN3_JP_MESSAGE_WINDOW_CHECK_REQUIRED,実charmap encodeはintegration buildで検証。
DIALOGUE_EVENT_SPECIAL_NATIONAL_0894,EVENT_SPECIAL_NATIONAL_0894,BOX_FULL,調査端末,"PCと保管枠がいっぱいだ。
何も消費せず中止した。",,,,2,GEN3_JP_MESSAGE_WINDOW_CHECK_REQUIRED,実charmap encodeはintegration buildで検証。
DIALOGUE_EVENT_SPECIAL_NATIONAL_0894,EVENT_SPECIAL_NATIONAL_0894,SUCCESS,調査端末,"レジエレキの捕獲を記録した。
共有台帳を更新した。",,,,2,GEN3_JP_MESSAGE_WINDOW_CHECK_REQUIRED,実charmap encodeはintegration buildで検証。
DIALOGUE_EVENT_SPECIAL_NATIONAL_0894,EVENT_SPECIAL_NATIONAL_0894,ALREADY,調査端末,"この対象は登録済みだ。
重複個体は受け取れない。",,,,2,GEN3_JP_MESSAGE_WINDOW_CHECK_REQUIRED,実charmap encodeはintegration buildで検証。
DIALOGUE_EVENT_SPECIAL_NATIONAL_0895,EVENT_SPECIAL_NATIONAL_0895,LOCKED,調査端末,"まだ反応がない。
調査条件を満たしていない。",,,,2,GEN3_JP_MESSAGE_WINDOW_CHECK_REQUIRED,実charmap encodeはintegration buildで検証。
DIALOGUE_EVENT_SPECIAL_NATIONAL_0895,EVENT_SPECIAL_NATIONAL_0895,INTRO,調査端末,"レジドラゴの反応を確認した。
固定遭遇を開始しますか？",はい,いいえ,PREPARE,2,GEN3_JP_MESSAGE_WINDOW_CHECK_REQUIRED,実charmap encodeはintegration buildで検証。
DIALOGUE_EVENT_SPECIAL_NATIONAL_0895,EVENT_SPECIAL_NATIONAL_0895,CANCEL,調査端末,"処理を中止した。
記録も素材も変更していない。",,,,2,GEN3_JP_MESSAGE_WINDOW_CHECK_REQUIRED,実charmap encodeはintegration buildで検証。
DIALOGUE_EVENT_SPECIAL_NATIONAL_0895,EVENT_SPECIAL_NATIONAL_0895,DEFEAT,調査端末,"レジドラゴの反応が消えた。
再入場すれば再調査できる。",,,,2,GEN3_JP_MESSAGE_WINDOW_CHECK_REQUIRED,実charmap encodeはintegration buildで検証。
DIALOGUE_EVENT_SPECIAL_NATIONAL_0895,EVENT_SPECIAL_NATIONAL_0895,ESCAPE,調査端末,"レジドラゴを見失った。
記録は未確定のままだ。",,,,2,GEN3_JP_MESSAGE_WINDOW_CHECK_REQUIRED,実charmap encodeはintegration buildで検証。
DIALOGUE_EVENT_SPECIAL_NATIONAL_0895,EVENT_SPECIAL_NATIONAL_0895,PARTY_FULL,調査端末,"手持ちがいっぱいだ。
PCへの転送を確認する。",,,,2,GEN3_JP_MESSAGE_WINDOW_CHECK_REQUIRED,実charmap encodeはintegration buildで検証。
DIALOGUE_EVENT_SPECIAL_NATIONAL_0895,EVENT_SPECIAL_NATIONAL_0895,BOX_FULL,調査端末,"PCと保管枠がいっぱいだ。
何も消費せず中止した。",,,,2,GEN3_JP_MESSAGE_WINDOW_CHECK_REQUIRED,実charmap encodeはintegration buildで検証。
DIALOGUE_EVENT_SPECIAL_NATIONAL_0895,EVENT_SPECIAL_NATIONAL_0895,SUCCESS,調査端末,"レジドラゴの捕獲を記録した。
共有台帳を更新した。",,,,2,GEN3_JP_MESSAGE_WINDOW_CHECK_REQUIRED,実charmap encodeはintegration buildで検証。
DIALOGUE_EVENT_SPECIAL_NATIONAL_0895,EVENT_SPECIAL_NATIONAL_0895,ALREADY,調査端末,"この対象は登録済みだ。
重複個体は受け取れない。",,,,2,GEN3_JP_MESSAGE_WINDOW_CHECK_REQUIRED,実charmap encodeはintegration buildで検証。
DIALOGUE_EVENT_SPECIAL_NATIONAL_0896,EVENT_SPECIAL_NATIONAL_0896,LOCKED,調査端末,"まだ反応がない。
調査条件を満たしていない。",,,,2,GEN3_JP_MESSAGE_WINDOW_CHECK_REQUIRED,実charmap encodeはintegration buildで検証。
DIALOGUE_EVENT_SPECIAL_NATIONAL_0896,EVENT_SPECIAL_NATIONAL_0896,INTRO,調査端末,"ブリザポスの反応を確認した。
固定遭遇を開始しますか？",はい,いいえ,PREPARE,2,GEN3_JP_MESSAGE_WINDOW_CHECK_REQUIRED,実charmap encodeはintegration buildで検証。
DIALOGUE_EVENT_SPECIAL_NATIONAL_0896,EVENT_SPECIAL_NATIONAL_0896,CANCEL,調査端末,"処理を中止した。
記録も素材も変更していない。",,,,2,GEN3_JP_MESSAGE_WINDOW_CHECK_REQUIRED,実charmap encodeはintegration buildで検証。
DIALOGUE_EVENT_SPECIAL_NATIONAL_0896,EVENT_SPECIAL_NATIONAL_0896,DEFEAT,調査端末,"ブリザポスの反応が消えた。
再入場すれば再調査できる。",,,,2,GEN3_JP_MESSAGE_WINDOW_CHECK_REQUIRED,実charmap encodeはintegration buildで検証。
DIALOGUE_EVENT_SPECIAL_NATIONAL_0896,EVENT_SPECIAL_NATIONAL_0896,ESCAPE,調査端末,"ブリザポスを見失った。
記録は未確定のままだ。",,,,2,GEN3_JP_MESSAGE_WINDOW_CHECK_REQUIRED,実charmap encodeはintegration buildで検証。
DIALOGUE_EVENT_SPECIAL_NATIONAL_0896,EVENT_SPECIAL_NATIONAL_0896,PARTY_FULL,調査端末,"手持ちがいっぱいだ。
PCへの転送を確認する。",,,,2,GEN3_JP_MESSAGE_WINDOW_CHECK_REQUIRED,実charmap encodeはintegration buildで検証。
DIALOGUE_EVENT_SPECIAL_NATIONAL_0896,EVENT_SPECIAL_NATIONAL_0896,BOX_FULL,調査端末,"PCと保管枠がいっぱいだ。
何も消費せず中止した。",,,,2,GEN3_JP_MESSAGE_WINDOW_CHECK_REQUIRED,実charmap encodeはintegration buildで検証。
DIALOGUE_EVENT_SPECIAL_NATIONAL_0896,EVENT_SPECIAL_NATIONAL_0896,SUCCESS,調査端末,"ブリザポスの捕獲を記録した。
共有台帳を更新した。",,,,2,GEN3_JP_MESSAGE_WINDOW_CHECK_REQUIRED,実charmap encodeはintegration buildで検証。
DIALOGUE_EVENT_SPECIAL_NATIONAL_0896,EVENT_SPECIAL_NATIONAL_0896,ALREADY,調査端末,"この対象は登録済みだ。
重複個体は受け取れない。",,,,2,GEN3_JP_MESSAGE_WINDOW_CHECK_REQUIRED,実charmap encodeはintegration buildで検証。
DIALOGUE_EVENT_SPECIAL_NATIONAL_0897,EVENT_SPECIAL_NATIONAL_0897,LOCKED,調査端末,"まだ反応がない。
調査条件を満たしていない。",,,,2,GEN3_JP_MESSAGE_WINDOW_CHECK_REQUIRED,実charmap encodeはintegration buildで検証。
DIALOGUE_EVENT_SPECIAL_NATIONAL_0897,EVENT_SPECIAL_NATIONAL_0897,INTRO,調査端末,"レイスポスの反応を確認した。
固定遭遇を開始しますか？",はい,いいえ,PREPARE,2,GEN3_JP_MESSAGE_WINDOW_CHECK_REQUIRED,実charmap encodeはintegration buildで検証。
DIALOGUE_EVENT_SPECIAL_NATIONAL_0897,EVENT_SPECIAL_NATIONAL_0897,CANCEL,調査端末,"処理を中止した。
記録も素材も変更していない。",,,,2,GEN3_JP_MESSAGE_WINDOW_CHECK_REQUIRED,実charmap encodeはintegration buildで検証。
DIALOGUE_EVENT_SPECIAL_NATIONAL_0897,EVENT_SPECIAL_NATIONAL_0897,DEFEAT,調査端末,"レイスポスの反応が消えた。
再入場すれば再調査できる。",,,,2,GEN3_JP_MESSAGE_WINDOW_CHECK_REQUIRED,実charmap encodeはintegration buildで検証。
DIALOGUE_EVENT_SPECIAL_NATIONAL_0897,EVENT_SPECIAL_NATIONAL_0897,ESCAPE,調査端末,"レイスポスを見失った。
記録は未確定のままだ。",,,,2,GEN3_JP_MESSAGE_WINDOW_CHECK_REQUIRED,実charmap encodeはintegration buildで検証。
DIALOGUE_EVENT_SPECIAL_NATIONAL_0897,EVENT_SPECIAL_NATIONAL_0897,PARTY_FULL,調査端末,"手持ちがいっぱいだ。
PCへの転送を確認する。",,,,2,GEN3_JP_MESSAGE_WINDOW_CHECK_REQUIRED,実charmap encodeはintegration buildで検証。
DIALOGUE_EVENT_SPECIAL_NATIONAL_0897,EVENT_SPECIAL_NATIONAL_0897,BOX_FULL,調査端末,"PCと保管枠がいっぱいだ。
何も消費せず中止した。",,,,2,GEN3_JP_MESSAGE_WINDOW_CHECK_REQUIRED,実charmap encodeはintegration buildで検証。
DIALOGUE_EVENT_SPECIAL_NATIONAL_0897,EVENT_SPECIAL_NATIONAL_0897,SUCCESS,調査端末,"レイスポスの捕獲を記録した。
共有台帳を更新した。",,,,2,GEN3_JP_MESSAGE_WINDOW_CHECK_REQUIRED,実charmap encodeはintegration buildで検証。
DIALOGUE_EVENT_SPECIAL_NATIONAL_0897,EVENT_SPECIAL_NATIONAL_0897,ALREADY,調査端末,"この対象は登録済みだ。
重複個体は受け取れない。",,,,2,GEN3_JP_MESSAGE_WINDOW_CHECK_REQUIRED,実charmap encodeはintegration buildで検証。
DIALOGUE_EVENT_SPECIAL_NATIONAL_0898,EVENT_SPECIAL_NATIONAL_0898,LOCKED,調査端末,"まだ反応がない。
調査条件を満たしていない。",,,,2,GEN3_JP_MESSAGE_WINDOW_CHECK_REQUIRED,実charmap encodeはintegration buildで検証。
DIALOGUE_EVENT_SPECIAL_NATIONAL_0898,EVENT_SPECIAL_NATIONAL_0898,INTRO,調査端末,"バドレックスの反応を確認した。
固定遭遇を開始しますか？",はい,いいえ,PREPARE,2,GEN3_JP_MESSAGE_WINDOW_CHECK_REQUIRED,実charmap encodeはintegration buildで検証。
DIALOGUE_EVENT_SPECIAL_NATIONAL_0898,EVENT_SPECIAL_NATIONAL_0898,CANCEL,調査端末,"処理を中止した。
記録も素材も変更していない。",,,,2,GEN3_JP_MESSAGE_WINDOW_CHECK_REQUIRED,実charmap encodeはintegration buildで検証。
DIALOGUE_EVENT_SPECIAL_NATIONAL_0898,EVENT_SPECIAL_NATIONAL_0898,DEFEAT,調査端末,"バドレックスの反応が消えた。
再入場すれば再調査できる。",,,,2,GEN3_JP_MESSAGE_WINDOW_CHECK_REQUIRED,実charmap encodeはintegration buildで検証。
DIALOGUE_EVENT_SPECIAL_NATIONAL_0898,EVENT_SPECIAL_NATIONAL_0898,ESCAPE,調査端末,"バドレックスを見失った。
記録は未確定のままだ。",,,,2,GEN3_JP_MESSAGE_WINDOW_CHECK_REQUIRED,実charmap encodeはintegration buildで検証。
DIALOGUE_EVENT_SPECIAL_NATIONAL_0898,EVENT_SPECIAL_NATIONAL_0898,PARTY_FULL,調査端末,"手持ちがいっぱいだ。
PCへの転送を確認する。",,,,2,GEN3_JP_MESSAGE_WINDOW_CHECK_REQUIRED,実charmap encodeはintegration buildで検証。
DIALOGUE_EVENT_SPECIAL_NATIONAL_0898,EVENT_SPECIAL_NATIONAL_0898,BOX_FULL,調査端末,"PCと保管枠がいっぱいだ。
何も消費せず中止した。",,,,2,GEN3_JP_MESSAGE_WINDOW_CHECK_REQUIRED,実charmap encodeはintegration buildで検証。
DIALOGUE_EVENT_SPECIAL_NATIONAL_0898,EVENT_SPECIAL_NATIONAL_0898,SUCCESS,調査端末,"バドレックスの捕獲を記録した。
共有台帳を更新した。",,,,2,GEN3_JP_MESSAGE_WINDOW_CHECK_REQUIRED,実charmap encodeはintegration buildで検証。
DIALOGUE_EVENT_SPECIAL_NATIONAL_0898,EVENT_SPECIAL_NATIONAL_0898,ALREADY,調査端末,"この対象は登録済みだ。
重複個体は受け取れない。",,,,2,GEN3_JP_MESSAGE_WINDOW_CHECK_REQUIRED,実charmap encodeはintegration buildで検証。
DIALOGUE_EVENT_SPECIAL_NATIONAL_0905,EVENT_SPECIAL_NATIONAL_0905,LOCKED,調査端末,"まだ反応がない。
調査条件を満たしていない。",,,,2,GEN3_JP_MESSAGE_WINDOW_CHECK_REQUIRED,実charmap encodeはintegration buildで検証。
DIALOGUE_EVENT_SPECIAL_NATIONAL_0905,EVENT_SPECIAL_NATIONAL_0905,INTRO,調査端末,"ラブトロスの反応を確認した。
固定遭遇を開始しますか？",はい,いいえ,PREPARE,2,GEN3_JP_MESSAGE_WINDOW_CHECK_REQUIRED,実charmap encodeはintegration buildで検証。
DIALOGUE_EVENT_SPECIAL_NATIONAL_0905,EVENT_SPECIAL_NATIONAL_0905,CANCEL,調査端末,"処理を中止した。
記録も素材も変更していない。",,,,2,GEN3_JP_MESSAGE_WINDOW_CHECK_REQUIRED,実charmap encodeはintegration buildで検証。
DIALOGUE_EVENT_SPECIAL_NATIONAL_0905,EVENT_SPECIAL_NATIONAL_0905,DEFEAT,調査端末,"ラブトロスの反応が消えた。
再入場すれば再調査できる。",,,,2,GEN3_JP_MESSAGE_WINDOW_CHECK_REQUIRED,実charmap encodeはintegration buildで検証。
DIALOGUE_EVENT_SPECIAL_NATIONAL_0905,EVENT_SPECIAL_NATIONAL_0905,ESCAPE,調査端末,"ラブトロスを見失った。
記録は未確定のままだ。",,,,2,GEN3_JP_MESSAGE_WINDOW_CHECK_REQUIRED,実charmap encodeはintegration buildで検証。
DIALOGUE_EVENT_SPECIAL_NATIONAL_0905,EVENT_SPECIAL_NATIONAL_0905,PARTY_FULL,調査端末,"手持ちがいっぱいだ。
PCへの転送を確認する。",,,,2,GEN3_JP_MESSAGE_WINDOW_CHECK_REQUIRED,実charmap encodeはintegration buildで検証。
DIALOGUE_EVENT_SPECIAL_NATIONAL_0905,EVENT_SPECIAL_NATIONAL_0905,BOX_FULL,調査端末,"PCと保管枠がいっぱいだ。
何も消費せず中止した。",,,,2,GEN3_JP_MESSAGE_WINDOW_CHECK_REQUIRED,実charmap encodeはintegration buildで検証。
DIALOGUE_EVENT_SPECIAL_NATIONAL_0905,EVENT_SPECIAL_NATIONAL_0905,SUCCESS,調査端末,"ラブトロスの捕獲を記録した。
共有台帳を更新した。",,,,2,GEN3_JP_MESSAGE_WINDOW_CHECK_REQUIRED,実charmap encodeはintegration buildで検証。
DIALOGUE_EVENT_SPECIAL_NATIONAL_0905,EVENT_SPECIAL_NATIONAL_0905,ALREADY,調査端末,"この対象は登録済みだ。
重複個体は受け取れない。",,,,2,GEN3_JP_MESSAGE_WINDOW_CHECK_REQUIRED,実charmap encodeはintegration buildで検証。
DIALOGUE_EVENT_SPECIAL_NATIONAL_0984,EVENT_SPECIAL_NATIONAL_0984,LOCKED,調査端末,"まだ反応がない。
調査条件を満たしていない。",,,,2,GEN3_JP_MESSAGE_WINDOW_CHECK_REQUIRED,実charmap encodeはintegration buildで検証。
DIALOGUE_EVENT_SPECIAL_NATIONAL_0984,EVENT_SPECIAL_NATIONAL_0984,INTRO,調査端末,"イダイナキバの反応を確認した。
固定遭遇を開始しますか？",はい,いいえ,PREPARE,2,GEN3_JP_MESSAGE_WINDOW_CHECK_REQUIRED,実charmap encodeはintegration buildで検証。
DIALOGUE_EVENT_SPECIAL_NATIONAL_0984,EVENT_SPECIAL_NATIONAL_0984,CANCEL,調査端末,"処理を中止した。
記録も素材も変更していない。",,,,2,GEN3_JP_MESSAGE_WINDOW_CHECK_REQUIRED,実charmap encodeはintegration buildで検証。
DIALOGUE_EVENT_SPECIAL_NATIONAL_0984,EVENT_SPECIAL_NATIONAL_0984,DEFEAT,調査端末,"イダイナキバの反応が消えた。
再入場すれば再調査できる。",,,,2,GEN3_JP_MESSAGE_WINDOW_CHECK_REQUIRED,実charmap encodeはintegration buildで検証。
DIALOGUE_EVENT_SPECIAL_NATIONAL_0984,EVENT_SPECIAL_NATIONAL_0984,ESCAPE,調査端末,"イダイナキバを見失った。
記録は未確定のままだ。",,,,2,GEN3_JP_MESSAGE_WINDOW_CHECK_REQUIRED,実charmap encodeはintegration buildで検証。
DIALOGUE_EVENT_SPECIAL_NATIONAL_0984,EVENT_SPECIAL_NATIONAL_0984,PARTY_FULL,調査端末,"手持ちがいっぱいだ。
PCへの転送を確認する。",,,,2,GEN3_JP_MESSAGE_WINDOW_CHECK_REQUIRED,実charmap encodeはintegration buildで検証。
DIALOGUE_EVENT_SPECIAL_NATIONAL_0984,EVENT_SPECIAL_NATIONAL_0984,BOX_FULL,調査端末,"PCと保管枠がいっぱいだ。
何も消費せず中止した。",,,,2,GEN3_JP_MESSAGE_WINDOW_CHECK_REQUIRED,実charmap encodeはintegration buildで検証。
DIALOGUE_EVENT_SPECIAL_NATIONAL_0984,EVENT_SPECIAL_NATIONAL_0984,SUCCESS,調査端末,"イダイナキバの捕獲を記録した。
共有台帳を更新した。",,,,2,GEN3_JP_MESSAGE_WINDOW_CHECK_REQUIRED,実charmap encodeはintegration buildで検証。
DIALOGUE_EVENT_SPECIAL_NATIONAL_0984,EVENT_SPECIAL_NATIONAL_0984,ALREADY,調査端末,"この対象は登録済みだ。
重複個体は受け取れない。",,,,2,GEN3_JP_MESSAGE_WINDOW_CHECK_REQUIRED,実charmap encodeはintegration buildで検証。
DIALOGUE_EVENT_SPECIAL_NATIONAL_0985,EVENT_SPECIAL_NATIONAL_0985,LOCKED,調査端末,"まだ反応がない。
調査条件を満たしていない。",,,,2,GEN3_JP_MESSAGE_WINDOW_CHECK_REQUIRED,実charmap encodeはintegration buildで検証。
DIALOGUE_EVENT_SPECIAL_NATIONAL_0985,EVENT_SPECIAL_NATIONAL_0985,INTRO,調査端末,"サケブシッポの反応を確認した。
固定遭遇を開始しますか？",はい,いいえ,PREPARE,2,GEN3_JP_MESSAGE_WINDOW_CHECK_REQUIRED,実charmap encodeはintegration buildで検証。
DIALOGUE_EVENT_SPECIAL_NATIONAL_0985,EVENT_SPECIAL_NATIONAL_0985,CANCEL,調査端末,"処理を中止した。
記録も素材も変更していない。",,,,2,GEN3_JP_MESSAGE_WINDOW_CHECK_REQUIRED,実charmap encodeはintegration buildで検証。
DIALOGUE_EVENT_SPECIAL_NATIONAL_0985,EVENT_SPECIAL_NATIONAL_0985,DEFEAT,調査端末,"サケブシッポの反応が消えた。
再入場すれば再調査できる。",,,,2,GEN3_JP_MESSAGE_WINDOW_CHECK_REQUIRED,実charmap encodeはintegration buildで検証。
DIALOGUE_EVENT_SPECIAL_NATIONAL_0985,EVENT_SPECIAL_NATIONAL_0985,ESCAPE,調査端末,"サケブシッポを見失った。
記録は未確定のままだ。",,,,2,GEN3_JP_MESSAGE_WINDOW_CHECK_REQUIRED,実charmap encodeはintegration buildで検証。
DIALOGUE_EVENT_SPECIAL_NATIONAL_0985,EVENT_SPECIAL_NATIONAL_0985,PARTY_FULL,調査端末,"手持ちがいっぱいだ。
PCへの転送を確認する。",,,,2,GEN3_JP_MESSAGE_WINDOW_CHECK_REQUIRED,実charmap encodeはintegration buildで検証。
DIALOGUE_EVENT_SPECIAL_NATIONAL_0985,EVENT_SPECIAL_NATIONAL_0985,BOX_FULL,調査端末,"PCと保管枠がいっぱいだ。
何も消費せず中止した。",,,,2,GEN3_JP_MESSAGE_WINDOW_CHECK_REQUIRED,実charmap encodeはintegration buildで検証。
DIALOGUE_EVENT_SPECIAL_NATIONAL_0985,EVENT_SPECIAL_NATIONAL_0985,SUCCESS,調査端末,"サケブシッポの捕獲を記録した。
共有台帳を更新した。",,,,2,GEN3_JP_MESSAGE_WINDOW_CHECK_REQUIRED,実charmap encodeはintegration buildで検証。
DIALOGUE_EVENT_SPECIAL_NATIONAL_0985,EVENT_SPECIAL_NATIONAL_0985,ALREADY,調査端末,"この対象は登録済みだ。
重複個体は受け取れない。",,,,2,GEN3_JP_MESSAGE_WINDOW_CHECK_REQUIRED,実charmap encodeはintegration buildで検証。
DIALOGUE_EVENT_SPECIAL_NATIONAL_0986,EVENT_SPECIAL_NATIONAL_0986,LOCKED,調査端末,"まだ反応がない。
調査条件を満たしていない。",,,,2,GEN3_JP_MESSAGE_WINDOW_CHECK_REQUIRED,実charmap encodeはintegration buildで検証。
DIALOGUE_EVENT_SPECIAL_NATIONAL_0986,EVENT_SPECIAL_NATIONAL_0986,INTRO,調査端末,"アラブルタケの反応を確認した。
固定遭遇を開始しますか？",はい,いいえ,PREPARE,2,GEN3_JP_MESSAGE_WINDOW_CHECK_REQUIRED,実charmap encodeはintegration buildで検証。
DIALOGUE_EVENT_SPECIAL_NATIONAL_0986,EVENT_SPECIAL_NATIONAL_0986,CANCEL,調査端末,"処理を中止した。
記録も素材も変更していない。",,,,2,GEN3_JP_MESSAGE_WINDOW_CHECK_REQUIRED,実charmap encodeはintegration buildで検証。
DIALOGUE_EVENT_SPECIAL_NATIONAL_0986,EVENT_SPECIAL_NATIONAL_0986,DEFEAT,調査端末,"アラブルタケの反応が消えた。
再入場すれば再調査できる。",,,,2,GEN3_JP_MESSAGE_WINDOW_CHECK_REQUIRED,実charmap encodeはintegration buildで検証。
DIALOGUE_EVENT_SPECIAL_NATIONAL_0986,EVENT_SPECIAL_NATIONAL_0986,ESCAPE,調査端末,"アラブルタケを見失った。
記録は未確定のままだ。",,,,2,GEN3_JP_MESSAGE_WINDOW_CHECK_REQUIRED,実charmap encodeはintegration buildで検証。
DIALOGUE_EVENT_SPECIAL_NATIONAL_0986,EVENT_SPECIAL_NATIONAL_0986,PARTY_FULL,調査端末,"手持ちがいっぱいだ。
PCへの転送を確認する。",,,,2,GEN3_JP_MESSAGE_WINDOW_CHECK_REQUIRED,実charmap encodeはintegration buildで検証。
DIALOGUE_EVENT_SPECIAL_NATIONAL_0986,EVENT_SPECIAL_NATIONAL_0986,BOX_FULL,調査端末,"PCと保管枠がいっぱいだ。
何も消費せず中止した。",,,,2,GEN3_JP_MESSAGE_WINDOW_CHECK_REQUIRED,実charmap encodeはintegration buildで検証。
DIALOGUE_EVENT_SPECIAL_NATIONAL_0986,EVENT_SPECIAL_NATIONAL_0986,SUCCESS,調査端末,"アラブルタケの捕獲を記録した。
共有台帳を更新した。",,,,2,GEN3_JP_MESSAGE_WINDOW_CHECK_REQUIRED,実charmap encodeはintegration buildで検証。
DIALOGUE_EVENT_SPECIAL_NATIONAL_0986,EVENT_SPECIAL_NATIONAL_0986,ALREADY,調査端末,"この対象は登録済みだ。
重複個体は受け取れない。",,,,2,GEN3_JP_MESSAGE_WINDOW_CHECK_REQUIRED,実charmap encodeはintegration buildで検証。
DIALOGUE_EVENT_SPECIAL_NATIONAL_0987,EVENT_SPECIAL_NATIONAL_0987,LOCKED,調査端末,"まだ反応がない。
調査条件を満たしていない。",,,,2,GEN3_JP_MESSAGE_WINDOW_CHECK_REQUIRED,実charmap encodeはintegration buildで検証。
DIALOGUE_EVENT_SPECIAL_NATIONAL_0987,EVENT_SPECIAL_NATIONAL_0987,INTRO,調査端末,"ハバタクカミの反応を確認した。
固定遭遇を開始しますか？",はい,いいえ,PREPARE,2,GEN3_JP_MESSAGE_WINDOW_CHECK_REQUIRED,実charmap encodeはintegration buildで検証。
DIALOGUE_EVENT_SPECIAL_NATIONAL_0987,EVENT_SPECIAL_NATIONAL_0987,CANCEL,調査端末,"処理を中止した。
記録も素材も変更していない。",,,,2,GEN3_JP_MESSAGE_WINDOW_CHECK_REQUIRED,実charmap encodeはintegration buildで検証。
DIALOGUE_EVENT_SPECIAL_NATIONAL_0987,EVENT_SPECIAL_NATIONAL_0987,DEFEAT,調査端末,"ハバタクカミの反応が消えた。
再入場すれば再調査できる。",,,,2,GEN3_JP_MESSAGE_WINDOW_CHECK_REQUIRED,実charmap encodeはintegration buildで検証。
DIALOGUE_EVENT_SPECIAL_NATIONAL_0987,EVENT_SPECIAL_NATIONAL_0987,ESCAPE,調査端末,"ハバタクカミを見失った。
記録は未確定のままだ。",,,,2,GEN3_JP_MESSAGE_WINDOW_CHECK_REQUIRED,実charmap encodeはintegration buildで検証。
DIALOGUE_EVENT_SPECIAL_NATIONAL_0987,EVENT_SPECIAL_NATIONAL_0987,PARTY_FULL,調査端末,"手持ちがいっぱいだ。
PCへの転送を確認する。",,,,2,GEN3_JP_MESSAGE_WINDOW_CHECK_REQUIRED,実charmap encodeはintegration buildで検証。
DIALOGUE_EVENT_SPECIAL_NATIONAL_0987,EVENT_SPECIAL_NATIONAL_0987,BOX_FULL,調査端末,"PCと保管枠がいっぱいだ。
何も消費せず中止した。",,,,2,GEN3_JP_MESSAGE_WINDOW_CHECK_REQUIRED,実charmap encodeはintegration buildで検証。
DIALOGUE_EVENT_SPECIAL_NATIONAL_0987,EVENT_SPECIAL_NATIONAL_0987,SUCCESS,調査端末,"ハバタクカミの捕獲を記録した。
共有台帳を更新した。",,,,2,GEN3_JP_MESSAGE_WINDOW_CHECK_REQUIRED,実charmap encodeはintegration buildで検証。
DIALOGUE_EVENT_SPECIAL_NATIONAL_0987,EVENT_SPECIAL_NATIONAL_0987,ALREADY,調査端末,"この対象は登録済みだ。
重複個体は受け取れない。",,,,2,GEN3_JP_MESSAGE_WINDOW_CHECK_REQUIRED,実charmap encodeはintegration buildで検証。
DIALOGUE_EVENT_SPECIAL_NATIONAL_0988,EVENT_SPECIAL_NATIONAL_0988,LOCKED,調査端末,"まだ反応がない。
調査条件を満たしていない。",,,,2,GEN3_JP_MESSAGE_WINDOW_CHECK_REQUIRED,実charmap encodeはintegration buildで検証。
DIALOGUE_EVENT_SPECIAL_NATIONAL_0988,EVENT_SPECIAL_NATIONAL_0988,INTRO,調査端末,"チヲハウハネの反応を確認した。
固定遭遇を開始しますか？",はい,いいえ,PREPARE,2,GEN3_JP_MESSAGE_WINDOW_CHECK_REQUIRED,実charmap encodeはintegration buildで検証。
DIALOGUE_EVENT_SPECIAL_NATIONAL_0988,EVENT_SPECIAL_NATIONAL_0988,CANCEL,調査端末,"処理を中止した。
記録も素材も変更していない。",,,,2,GEN3_JP_MESSAGE_WINDOW_CHECK_REQUIRED,実charmap encodeはintegration buildで検証。
DIALOGUE_EVENT_SPECIAL_NATIONAL_0988,EVENT_SPECIAL_NATIONAL_0988,DEFEAT,調査端末,"チヲハウハネの反応が消えた。
再入場すれば再調査できる。",,,,2,GEN3_JP_MESSAGE_WINDOW_CHECK_REQUIRED,実charmap encodeはintegration buildで検証。
DIALOGUE_EVENT_SPECIAL_NATIONAL_0988,EVENT_SPECIAL_NATIONAL_0988,ESCAPE,調査端末,"チヲハウハネを見失った。
記録は未確定のままだ。",,,,2,GEN3_JP_MESSAGE_WINDOW_CHECK_REQUIRED,実charmap encodeはintegration buildで検証。
DIALOGUE_EVENT_SPECIAL_NATIONAL_0988,EVENT_SPECIAL_NATIONAL_0988,PARTY_FULL,調査端末,"手持ちがいっぱいだ。
PCへの転送を確認する。",,,,2,GEN3_JP_MESSAGE_WINDOW_CHECK_REQUIRED,実charmap encodeはintegration buildで検証。
DIALOGUE_EVENT_SPECIAL_NATIONAL_0988,EVENT_SPECIAL_NATIONAL_0988,BOX_FULL,調査端末,"PCと保管枠がいっぱいだ。
何も消費せず中止した。",,,,2,GEN3_JP_MESSAGE_WINDOW_CHECK_REQUIRED,実charmap encodeはintegration buildで検証。
DIALOGUE_EVENT_SPECIAL_NATIONAL_0988,EVENT_SPECIAL_NATIONAL_0988,SUCCESS,調査端末,"チヲハウハネの捕獲を記録した。
共有台帳を更新した。",,,,2,GEN3_JP_MESSAGE_WINDOW_CHECK_REQUIRED,実charmap encodeはintegration buildで検証。
DIALOGUE_EVENT_SPECIAL_NATIONAL_0988,EVENT_SPECIAL_NATIONAL_0988,ALREADY,調査端末,"この対象は登録済みだ。
重複個体は受け取れない。",,,,2,GEN3_JP_MESSAGE_WINDOW_CHECK_REQUIRED,実charmap encodeはintegration buildで検証。
DIALOGUE_EVENT_SPECIAL_NATIONAL_0989,EVENT_SPECIAL_NATIONAL_0989,LOCKED,調査端末,"まだ反応がない。
調査条件を満たしていない。",,,,2,GEN3_JP_MESSAGE_WINDOW_CHECK_REQUIRED,実charmap encodeはintegration buildで検証。
DIALOGUE_EVENT_SPECIAL_NATIONAL_0989,EVENT_SPECIAL_NATIONAL_0989,INTRO,調査端末,"スナノケガワの反応を確認した。
固定遭遇を開始しますか？",はい,いいえ,PREPARE,2,GEN3_JP_MESSAGE_WINDOW_CHECK_REQUIRED,実charmap encodeはintegration buildで検証。
DIALOGUE_EVENT_SPECIAL_NATIONAL_0989,EVENT_SPECIAL_NATIONAL_0989,CANCEL,調査端末,"処理を中止した。
記録も素材も変更していない。",,,,2,GEN3_JP_MESSAGE_WINDOW_CHECK_REQUIRED,実charmap encodeはintegration buildで検証。
DIALOGUE_EVENT_SPECIAL_NATIONAL_0989,EVENT_SPECIAL_NATIONAL_0989,DEFEAT,調査端末,"スナノケガワの反応が消えた。
再入場すれば再調査できる。",,,,2,GEN3_JP_MESSAGE_WINDOW_CHECK_REQUIRED,実charmap encodeはintegration buildで検証。
DIALOGUE_EVENT_SPECIAL_NATIONAL_0989,EVENT_SPECIAL_NATIONAL_0989,ESCAPE,調査端末,"スナノケガワを見失った。
記録は未確定のままだ。",,,,2,GEN3_JP_MESSAGE_WINDOW_CHECK_REQUIRED,実charmap encodeはintegration buildで検証。
DIALOGUE_EVENT_SPECIAL_NATIONAL_0989,EVENT_SPECIAL_NATIONAL_0989,PARTY_FULL,調査端末,"手持ちがいっぱいだ。
PCへの転送を確認する。",,,,2,GEN3_JP_MESSAGE_WINDOW_CHECK_REQUIRED,実charmap encodeはintegration buildで検証。
DIALOGUE_EVENT_SPECIAL_NATIONAL_0989,EVENT_SPECIAL_NATIONAL_0989,BOX_FULL,調査端末,"PCと保管枠がいっぱいだ。
何も消費せず中止した。",,,,2,GEN3_JP_MESSAGE_WINDOW_CHECK_REQUIRED,実charmap encodeはintegration buildで検証。
DIALOGUE_EVENT_SPECIAL_NATIONAL_0989,EVENT_SPECIAL_NATIONAL_0989,SUCCESS,調査端末,"スナノケガワの捕獲を記録した。
共有台帳を更新した。",,,,2,GEN3_JP_MESSAGE_WINDOW_CHECK_REQUIRED,実charmap encodeはintegration buildで検証。
DIALOGUE_EVENT_SPECIAL_NATIONAL_0989,EVENT_SPECIAL_NATIONAL_0989,ALREADY,調査端末,"この対象は登録済みだ。
重複個体は受け取れない。",,,,2,GEN3_JP_MESSAGE_WINDOW_CHECK_REQUIRED,実charmap encodeはintegration buildで検証。
DIALOGUE_EVENT_SPECIAL_NATIONAL_0990,EVENT_SPECIAL_NATIONAL_0990,LOCKED,調査端末,"まだ反応がない。
調査条件を満たしていない。",,,,2,GEN3_JP_MESSAGE_WINDOW_CHECK_REQUIRED,実charmap encodeはintegration buildで検証。
DIALOGUE_EVENT_SPECIAL_NATIONAL_0990,EVENT_SPECIAL_NATIONAL_0990,INTRO,調査端末,"テツノワダチの反応を確認した。
固定遭遇を開始しますか？",はい,いいえ,PREPARE,2,GEN3_JP_MESSAGE_WINDOW_CHECK_REQUIRED,実charmap encodeはintegration buildで検証。
DIALOGUE_EVENT_SPECIAL_NATIONAL_0990,EVENT_SPECIAL_NATIONAL_0990,CANCEL,調査端末,"処理を中止した。
記録も素材も変更していない。",,,,2,GEN3_JP_MESSAGE_WINDOW_CHECK_REQUIRED,実charmap encodeはintegration buildで検証。
DIALOGUE_EVENT_SPECIAL_NATIONAL_0990,EVENT_SPECIAL_NATIONAL_0990,DEFEAT,調査端末,"テツノワダチの反応が消えた。
再入場すれば再調査できる。",,,,2,GEN3_JP_MESSAGE_WINDOW_CHECK_REQUIRED,実charmap encodeはintegration buildで検証。
DIALOGUE_EVENT_SPECIAL_NATIONAL_0990,EVENT_SPECIAL_NATIONAL_0990,ESCAPE,調査端末,"テツノワダチを見失った。
記録は未確定のままだ。",,,,2,GEN3_JP_MESSAGE_WINDOW_CHECK_REQUIRED,実charmap encodeはintegration buildで検証。
DIALOGUE_EVENT_SPECIAL_NATIONAL_0990,EVENT_SPECIAL_NATIONAL_0990,PARTY_FULL,調査端末,"手持ちがいっぱいだ。
PCへの転送を確認する。",,,,2,GEN3_JP_MESSAGE_WINDOW_CHECK_REQUIRED,実charmap encodeはintegration buildで検証。
DIALOGUE_EVENT_SPECIAL_NATIONAL_0990,EVENT_SPECIAL_NATIONAL_0990,BOX_FULL,調査端末,"PCと保管枠がいっぱいだ。
何も消費せず中止した。",,,,2,GEN3_JP_MESSAGE_WINDOW_CHECK_REQUIRED,実charmap encodeはintegration buildで検証。
DIALOGUE_EVENT_SPECIAL_NATIONAL_0990,EVENT_SPECIAL_NATIONAL_0990,SUCCESS,調査端末,"テツノワダチの捕獲を記録した。
共有台帳を更新した。",,,,2,GEN3_JP_MESSAGE_WINDOW_CHECK_REQUIRED,実charmap encodeはintegration buildで検証。
DIALOGUE_EVENT_SPECIAL_NATIONAL_0990,EVENT_SPECIAL_NATIONAL_0990,ALREADY,調査端末,"この対象は登録済みだ。
重複個体は受け取れない。",,,,2,GEN3_JP_MESSAGE_WINDOW_CHECK_REQUIRED,実charmap encodeはintegration buildで検証。
DIALOGUE_EVENT_SPECIAL_NATIONAL_0991,EVENT_SPECIAL_NATIONAL_0991,LOCKED,調査端末,"まだ反応がない。
調査条件を満たしていない。",,,,2,GEN3_JP_MESSAGE_WINDOW_CHECK_REQUIRED,実charmap encodeはintegration buildで検証。
DIALOGUE_EVENT_SPECIAL_NATIONAL_0991,EVENT_SPECIAL_NATIONAL_0991,INTRO,調査端末,"テツノツツミの反応を確認した。
固定遭遇を開始しますか？",はい,いいえ,PREPARE,2,GEN3_JP_MESSAGE_WINDOW_CHECK_REQUIRED,実charmap encodeはintegration buildで検証。
DIALOGUE_EVENT_SPECIAL_NATIONAL_0991,EVENT_SPECIAL_NATIONAL_0991,CANCEL,調査端末,"処理を中止した。
記録も素材も変更していない。",,,,2,GEN3_JP_MESSAGE_WINDOW_CHECK_REQUIRED,実charmap encodeはintegration buildで検証。
DIALOGUE_EVENT_SPECIAL_NATIONAL_0991,EVENT_SPECIAL_NATIONAL_0991,DEFEAT,調査端末,"テツノツツミの反応が消えた。
再入場すれば再調査できる。",,,,2,GEN3_JP_MESSAGE_WINDOW_CHECK_REQUIRED,実charmap encodeはintegration buildで検証。
DIALOGUE_EVENT_SPECIAL_NATIONAL_0991,EVENT_SPECIAL_NATIONAL_0991,ESCAPE,調査端末,"テツノツツミを見失った。
記録は未確定のままだ。",,,,2,GEN3_JP_MESSAGE_WINDOW_CHECK_REQUIRED,実charmap encodeはintegration buildで検証。
DIALOGUE_EVENT_SPECIAL_NATIONAL_0991,EVENT_SPECIAL_NATIONAL_0991,PARTY_FULL,調査端末,"手持ちがいっぱいだ。
PCへの転送を確認する。",,,,2,GEN3_JP_MESSAGE_WINDOW_CHECK_REQUIRED,実charmap encodeはintegration buildで検証。
DIALOGUE_EVENT_SPECIAL_NATIONAL_0991,EVENT_SPECIAL_NATIONAL_0991,BOX_FULL,調査端末,"PCと保管枠がいっぱいだ。
何も消費せず中止した。",,,,2,GEN3_JP_MESSAGE_WINDOW_CHECK_REQUIRED,実charmap encodeはintegration buildで検証。
DIALOGUE_EVENT_SPECIAL_NATIONAL_0991,EVENT_SPECIAL_NATIONAL_0991,SUCCESS,調査端末,"テツノツツミの捕獲を記録した。
共有台帳を更新した。",,,,2,GEN3_JP_MESSAGE_WINDOW_CHECK_REQUIRED,実charmap encodeはintegration buildで検証。
DIALOGUE_EVENT_SPECIAL_NATIONAL_0991,EVENT_SPECIAL_NATIONAL_0991,ALREADY,調査端末,"この対象は登録済みだ。
重複個体は受け取れない。",,,,2,GEN3_JP_MESSAGE_WINDOW_CHECK_REQUIRED,実charmap encodeはintegration buildで検証。
DIALOGUE_EVENT_SPECIAL_NATIONAL_0992,EVENT_SPECIAL_NATIONAL_0992,LOCKED,調査端末,"まだ反応がない。
調査条件を満たしていない。",,,,2,GEN3_JP_MESSAGE_WINDOW_CHECK_REQUIRED,実charmap encodeはintegration buildで検証。
DIALOGUE_EVENT_SPECIAL_NATIONAL_0992,EVENT_SPECIAL_NATIONAL_0992,INTRO,調査端末,"テツノカイナの反応を確認した。
固定遭遇を開始しますか？",はい,いいえ,PREPARE,2,GEN3_JP_MESSAGE_WINDOW_CHECK_REQUIRED,実charmap encodeはintegration buildで検証。
DIALOGUE_EVENT_SPECIAL_NATIONAL_0992,EVENT_SPECIAL_NATIONAL_0992,CANCEL,調査端末,"処理を中止した。
記録も素材も変更していない。",,,,2,GEN3_JP_MESSAGE_WINDOW_CHECK_REQUIRED,実charmap encodeはintegration buildで検証。
DIALOGUE_EVENT_SPECIAL_NATIONAL_0992,EVENT_SPECIAL_NATIONAL_0992,DEFEAT,調査端末,"テツノカイナの反応が消えた。
再入場すれば再調査できる。",,,,2,GEN3_JP_MESSAGE_WINDOW_CHECK_REQUIRED,実charmap encodeはintegration buildで検証。
DIALOGUE_EVENT_SPECIAL_NATIONAL_0992,EVENT_SPECIAL_NATIONAL_0992,ESCAPE,調査端末,"テツノカイナを見失った。
記録は未確定のままだ。",,,,2,GEN3_JP_MESSAGE_WINDOW_CHECK_REQUIRED,実charmap encodeはintegration buildで検証。
DIALOGUE_EVENT_SPECIAL_NATIONAL_0992,EVENT_SPECIAL_NATIONAL_0992,PARTY_FULL,調査端末,"手持ちがいっぱいだ。
PCへの転送を確認する。",,,,2,GEN3_JP_MESSAGE_WINDOW_CHECK_REQUIRED,実charmap encodeはintegration buildで検証。
DIALOGUE_EVENT_SPECIAL_NATIONAL_0992,EVENT_SPECIAL_NATIONAL_0992,BOX_FULL,調査端末,"PCと保管枠がいっぱいだ。
何も消費せず中止した。",,,,2,GEN3_JP_MESSAGE_WINDOW_CHECK_REQUIRED,実charmap encodeはintegration buildで検証。
DIALOGUE_EVENT_SPECIAL_NATIONAL_0992,EVENT_SPECIAL_NATIONAL_0992,SUCCESS,調査端末,"テツノカイナの捕獲を記録した。
共有台帳を更新した。",,,,2,GEN3_JP_MESSAGE_WINDOW_CHECK_REQUIRED,実charmap encodeはintegration buildで検証。
DIALOGUE_EVENT_SPECIAL_NATIONAL_0992,EVENT_SPECIAL_NATIONAL_0992,ALREADY,調査端末,"この対象は登録済みだ。
重複個体は受け取れない。",,,,2,GEN3_JP_MESSAGE_WINDOW_CHECK_REQUIRED,実charmap encodeはintegration buildで検証。
DIALOGUE_EVENT_SPECIAL_NATIONAL_0993,EVENT_SPECIAL_NATIONAL_0993,LOCKED,調査端末,"まだ反応がない。
調査条件を満たしていない。",,,,2,GEN3_JP_MESSAGE_WINDOW_CHECK_REQUIRED,実charmap encodeはintegration buildで検証。
DIALOGUE_EVENT_SPECIAL_NATIONAL_0993,EVENT_SPECIAL_NATIONAL_0993,INTRO,調査端末,"テツノコウベの反応を確認した。
固定遭遇を開始しますか？",はい,いいえ,PREPARE,2,GEN3_JP_MESSAGE_WINDOW_CHECK_REQUIRED,実charmap encodeはintegration buildで検証。
DIALOGUE_EVENT_SPECIAL_NATIONAL_0993,EVENT_SPECIAL_NATIONAL_0993,CANCEL,調査端末,"処理を中止した。
記録も素材も変更していない。",,,,2,GEN3_JP_MESSAGE_WINDOW_CHECK_REQUIRED,実charmap encodeはintegration buildで検証。
DIALOGUE_EVENT_SPECIAL_NATIONAL_0993,EVENT_SPECIAL_NATIONAL_0993,DEFEAT,調査端末,"テツノコウベの反応が消えた。
再入場すれば再調査できる。",,,,2,GEN3_JP_MESSAGE_WINDOW_CHECK_REQUIRED,実charmap encodeはintegration buildで検証。
DIALOGUE_EVENT_SPECIAL_NATIONAL_0993,EVENT_SPECIAL_NATIONAL_0993,ESCAPE,調査端末,"テツノコウベを見失った。
記録は未確定のままだ。",,,,2,GEN3_JP_MESSAGE_WINDOW_CHECK_REQUIRED,実charmap encodeはintegration buildで検証。
DIALOGUE_EVENT_SPECIAL_NATIONAL_0993,EVENT_SPECIAL_NATIONAL_0993,PARTY_FULL,調査端末,"手持ちがいっぱいだ。
PCへの転送を確認する。",,,,2,GEN3_JP_MESSAGE_WINDOW_CHECK_REQUIRED,実charmap encodeはintegration buildで検証。
DIALOGUE_EVENT_SPECIAL_NATIONAL_0993,EVENT_SPECIAL_NATIONAL_0993,BOX_FULL,調査端末,"PCと保管枠がいっぱいだ。
何も消費せず中止した。",,,,2,GEN3_JP_MESSAGE_WINDOW_CHECK_REQUIRED,実charmap encodeはintegration buildで検証。
DIALOGUE_EVENT_SPECIAL_NATIONAL_0993,EVENT_SPECIAL_NATIONAL_0993,SUCCESS,調査端末,"テツノコウベの捕獲を記録した。
共有台帳を更新した。",,,,2,GEN3_JP_MESSAGE_WINDOW_CHECK_REQUIRED,実charmap encodeはintegration buildで検証。
DIALOGUE_EVENT_SPECIAL_NATIONAL_0993,EVENT_SPECIAL_NATIONAL_0993,ALREADY,調査端末,"この対象は登録済みだ。
重複個体は受け取れない。",,,,2,GEN3_JP_MESSAGE_WINDOW_CHECK_REQUIRED,実charmap encodeはintegration buildで検証。
DIALOGUE_EVENT_SPECIAL_NATIONAL_0994,EVENT_SPECIAL_NATIONAL_0994,LOCKED,調査端末,"まだ反応がない。
調査条件を満たしていない。",,,,2,GEN3_JP_MESSAGE_WINDOW_CHECK_REQUIRED,実charmap encodeはintegration buildで検証。
DIALOGUE_EVENT_SPECIAL_NATIONAL_0994,EVENT_SPECIAL_NATIONAL_0994,INTRO,調査端末,"テツノドクガの反応を確認した。
固定遭遇を開始しますか？",はい,いいえ,PREPARE,2,GEN3_JP_MESSAGE_WINDOW_CHECK_REQUIRED,実charmap encodeはintegration buildで検証。
DIALOGUE_EVENT_SPECIAL_NATIONAL_0994,EVENT_SPECIAL_NATIONAL_0994,CANCEL,調査端末,"処理を中止した。
記録も素材も変更していない。",,,,2,GEN3_JP_MESSAGE_WINDOW_CHECK_REQUIRED,実charmap encodeはintegration buildで検証。
DIALOGUE_EVENT_SPECIAL_NATIONAL_0994,EVENT_SPECIAL_NATIONAL_0994,DEFEAT,調査端末,"テツノドクガの反応が消えた。
再入場すれば再調査できる。",,,,2,GEN3_JP_MESSAGE_WINDOW_CHECK_REQUIRED,実charmap encodeはintegration buildで検証。
DIALOGUE_EVENT_SPECIAL_NATIONAL_0994,EVENT_SPECIAL_NATIONAL_0994,ESCAPE,調査端末,"テツノドクガを見失った。
記録は未確定のままだ。",,,,2,GEN3_JP_MESSAGE_WINDOW_CHECK_REQUIRED,実charmap encodeはintegration buildで検証。
DIALOGUE_EVENT_SPECIAL_NATIONAL_0994,EVENT_SPECIAL_NATIONAL_0994,PARTY_FULL,調査端末,"手持ちがいっぱいだ。
PCへの転送を確認する。",,,,2,GEN3_JP_MESSAGE_WINDOW_CHECK_REQUIRED,実charmap encodeはintegration buildで検証。
DIALOGUE_EVENT_SPECIAL_NATIONAL_0994,EVENT_SPECIAL_NATIONAL_0994,BOX_FULL,調査端末,"PCと保管枠がいっぱいだ。
何も消費せず中止した。",,,,2,GEN3_JP_MESSAGE_WINDOW_CHECK_REQUIRED,実charmap encodeはintegration buildで検証。
DIALOGUE_EVENT_SPECIAL_NATIONAL_0994,EVENT_SPECIAL_NATIONAL_0994,SUCCESS,調査端末,"テツノドクガの捕獲を記録した。
共有台帳を更新した。",,,,2,GEN3_JP_MESSAGE_WINDOW_CHECK_REQUIRED,実charmap encodeはintegration buildで検証。
DIALOGUE_EVENT_SPECIAL_NATIONAL_0994,EVENT_SPECIAL_NATIONAL_0994,ALREADY,調査端末,"この対象は登録済みだ。
重複個体は受け取れない。",,,,2,GEN3_JP_MESSAGE_WINDOW_CHECK_REQUIRED,実charmap encodeはintegration buildで検証。
DIALOGUE_EVENT_SPECIAL_NATIONAL_0995,EVENT_SPECIAL_NATIONAL_0995,LOCKED,調査端末,"まだ反応がない。
調査条件を満たしていない。",,,,2,GEN3_JP_MESSAGE_WINDOW_CHECK_REQUIRED,実charmap encodeはintegration buildで検証。
DIALOGUE_EVENT_SPECIAL_NATIONAL_0995,EVENT_SPECIAL_NATIONAL_0995,INTRO,調査端末,"テツノイバラの反応を確認した。
固定遭遇を開始しますか？",はい,いいえ,PREPARE,2,GEN3_JP_MESSAGE_WINDOW_CHECK_REQUIRED,実charmap encodeはintegration buildで検証。
DIALOGUE_EVENT_SPECIAL_NATIONAL_0995,EVENT_SPECIAL_NATIONAL_0995,CANCEL,調査端末,"処理を中止した。
記録も素材も変更していない。",,,,2,GEN3_JP_MESSAGE_WINDOW_CHECK_REQUIRED,実charmap encodeはintegration buildで検証。
DIALOGUE_EVENT_SPECIAL_NATIONAL_0995,EVENT_SPECIAL_NATIONAL_0995,DEFEAT,調査端末,"テツノイバラの反応が消えた。
再入場すれば再調査できる。",,,,2,GEN3_JP_MESSAGE_WINDOW_CHECK_REQUIRED,実charmap encodeはintegration buildで検証。
DIALOGUE_EVENT_SPECIAL_NATIONAL_0995,EVENT_SPECIAL_NATIONAL_0995,ESCAPE,調査端末,"テツノイバラを見失った。
記録は未確定のままだ。",,,,2,GEN3_JP_MESSAGE_WINDOW_CHECK_REQUIRED,実charmap encodeはintegration buildで検証。
DIALOGUE_EVENT_SPECIAL_NATIONAL_0995,EVENT_SPECIAL_NATIONAL_0995,PARTY_FULL,調査端末,"手持ちがいっぱいだ。
PCへの転送を確認する。",,,,2,GEN3_JP_MESSAGE_WINDOW_CHECK_REQUIRED,実charmap encodeはintegration buildで検証。
DIALOGUE_EVENT_SPECIAL_NATIONAL_0995,EVENT_SPECIAL_NATIONAL_0995,BOX_FULL,調査端末,"PCと保管枠がいっぱいだ。
何も消費せず中止した。",,,,2,GEN3_JP_MESSAGE_WINDOW_CHECK_REQUIRED,実charmap encodeはintegration buildで検証。
DIALOGUE_EVENT_SPECIAL_NATIONAL_0995,EVENT_SPECIAL_NATIONAL_0995,SUCCESS,調査端末,"テツノイバラの捕獲を記録した。
共有台帳を更新した。",,,,2,GEN3_JP_MESSAGE_WINDOW_CHECK_REQUIRED,実charmap encodeはintegration buildで検証。
DIALOGUE_EVENT_SPECIAL_NATIONAL_0995,EVENT_SPECIAL_NATIONAL_0995,ALREADY,調査端末,"この対象は登録済みだ。
重複個体は受け取れない。",,,,2,GEN3_JP_MESSAGE_WINDOW_CHECK_REQUIRED,実charmap encodeはintegration buildで検証。
DIALOGUE_EVENT_SPECIAL_NATIONAL_1001,EVENT_SPECIAL_NATIONAL_1001,LOCKED,調査端末,"まだ反応がない。
調査条件を満たしていない。",,,,2,GEN3_JP_MESSAGE_WINDOW_CHECK_REQUIRED,実charmap encodeはintegration buildで検証。
DIALOGUE_EVENT_SPECIAL_NATIONAL_1001,EVENT_SPECIAL_NATIONAL_1001,INTRO,調査端末,"チオンジェンの反応を確認した。
固定遭遇を開始しますか？",はい,いいえ,PREPARE,2,GEN3_JP_MESSAGE_WINDOW_CHECK_REQUIRED,実charmap encodeはintegration buildで検証。
DIALOGUE_EVENT_SPECIAL_NATIONAL_1001,EVENT_SPECIAL_NATIONAL_1001,CANCEL,調査端末,"処理を中止した。
記録も素材も変更していない。",,,,2,GEN3_JP_MESSAGE_WINDOW_CHECK_REQUIRED,実charmap encodeはintegration buildで検証。
DIALOGUE_EVENT_SPECIAL_NATIONAL_1001,EVENT_SPECIAL_NATIONAL_1001,DEFEAT,調査端末,"チオンジェンの反応が消えた。
再入場すれば再調査できる。",,,,2,GEN3_JP_MESSAGE_WINDOW_CHECK_REQUIRED,実charmap encodeはintegration buildで検証。
DIALOGUE_EVENT_SPECIAL_NATIONAL_1001,EVENT_SPECIAL_NATIONAL_1001,ESCAPE,調査端末,"チオンジェンを見失った。
記録は未確定のままだ。",,,,2,GEN3_JP_MESSAGE_WINDOW_CHECK_REQUIRED,実charmap encodeはintegration buildで検証。
DIALOGUE_EVENT_SPECIAL_NATIONAL_1001,EVENT_SPECIAL_NATIONAL_1001,PARTY_FULL,調査端末,"手持ちがいっぱいだ。
PCへの転送を確認する。",,,,2,GEN3_JP_MESSAGE_WINDOW_CHECK_REQUIRED,実charmap encodeはintegration buildで検証。
DIALOGUE_EVENT_SPECIAL_NATIONAL_1001,EVENT_SPECIAL_NATIONAL_1001,BOX_FULL,調査端末,"PCと保管枠がいっぱいだ。
何も消費せず中止した。",,,,2,GEN3_JP_MESSAGE_WINDOW_CHECK_REQUIRED,実charmap encodeはintegration buildで検証。
DIALOGUE_EVENT_SPECIAL_NATIONAL_1001,EVENT_SPECIAL_NATIONAL_1001,SUCCESS,調査端末,"チオンジェンの捕獲を記録した。
共有台帳を更新した。",,,,2,GEN3_JP_MESSAGE_WINDOW_CHECK_REQUIRED,実charmap encodeはintegration buildで検証。
DIALOGUE_EVENT_SPECIAL_NATIONAL_1001,EVENT_SPECIAL_NATIONAL_1001,ALREADY,調査端末,"この対象は登録済みだ。
重複個体は受け取れない。",,,,2,GEN3_JP_MESSAGE_WINDOW_CHECK_REQUIRED,実charmap encodeはintegration buildで検証。
DIALOGUE_EVENT_SPECIAL_NATIONAL_1002,EVENT_SPECIAL_NATIONAL_1002,LOCKED,調査端末,"まだ反応がない。
調査条件を満たしていない。",,,,2,GEN3_JP_MESSAGE_WINDOW_CHECK_REQUIRED,実charmap encodeはintegration buildで検証。
DIALOGUE_EVENT_SPECIAL_NATIONAL_1002,EVENT_SPECIAL_NATIONAL_1002,INTRO,調査端末,"パオジアンの反応を確認した。
固定遭遇を開始しますか？",はい,いいえ,PREPARE,2,GEN3_JP_MESSAGE_WINDOW_CHECK_REQUIRED,実charmap encodeはintegration buildで検証。
DIALOGUE_EVENT_SPECIAL_NATIONAL_1002,EVENT_SPECIAL_NATIONAL_1002,CANCEL,調査端末,"処理を中止した。
記録も素材も変更していない。",,,,2,GEN3_JP_MESSAGE_WINDOW_CHECK_REQUIRED,実charmap encodeはintegration buildで検証。
DIALOGUE_EVENT_SPECIAL_NATIONAL_1002,EVENT_SPECIAL_NATIONAL_1002,DEFEAT,調査端末,"パオジアンの反応が消えた。
再入場すれば再調査できる。",,,,2,GEN3_JP_MESSAGE_WINDOW_CHECK_REQUIRED,実charmap encodeはintegration buildで検証。
DIALOGUE_EVENT_SPECIAL_NATIONAL_1002,EVENT_SPECIAL_NATIONAL_1002,ESCAPE,調査端末,"パオジアンを見失った。
記録は未確定のままだ。",,,,2,GEN3_JP_MESSAGE_WINDOW_CHECK_REQUIRED,実charmap encodeはintegration buildで検証。
DIALOGUE_EVENT_SPECIAL_NATIONAL_1002,EVENT_SPECIAL_NATIONAL_1002,PARTY_FULL,調査端末,"手持ちがいっぱいだ。
PCへの転送を確認する。",,,,2,GEN3_JP_MESSAGE_WINDOW_CHECK_REQUIRED,実charmap encodeはintegration buildで検証。
DIALOGUE_EVENT_SPECIAL_NATIONAL_1002,EVENT_SPECIAL_NATIONAL_1002,BOX_FULL,調査端末,"PCと保管枠がいっぱいだ。
何も消費せず中止した。",,,,2,GEN3_JP_MESSAGE_WINDOW_CHECK_REQUIRED,実charmap encodeはintegration buildで検証。
DIALOGUE_EVENT_SPECIAL_NATIONAL_1002,EVENT_SPECIAL_NATIONAL_1002,SUCCESS,調査端末,"パオジアンの捕獲を記録した。
共有台帳を更新した。",,,,2,GEN3_JP_MESSAGE_WINDOW_CHECK_REQUIRED,実charmap encodeはintegration buildで検証。
DIALOGUE_EVENT_SPECIAL_NATIONAL_1002,EVENT_SPECIAL_NATIONAL_1002,ALREADY,調査端末,"この対象は登録済みだ。
重複個体は受け取れない。",,,,2,GEN3_JP_MESSAGE_WINDOW_CHECK_REQUIRED,実charmap encodeはintegration buildで検証。
DIALOGUE_EVENT_SPECIAL_NATIONAL_1003,EVENT_SPECIAL_NATIONAL_1003,LOCKED,調査端末,"まだ反応がない。
調査条件を満たしていない。",,,,2,GEN3_JP_MESSAGE_WINDOW_CHECK_REQUIRED,実charmap encodeはintegration buildで検証。
DIALOGUE_EVENT_SPECIAL_NATIONAL_1003,EVENT_SPECIAL_NATIONAL_1003,INTRO,調査端末,"ディンルーの反応を確認した。
固定遭遇を開始しますか？",はい,いいえ,PREPARE,2,GEN3_JP_MESSAGE_WINDOW_CHECK_REQUIRED,実charmap encodeはintegration buildで検証。
DIALOGUE_EVENT_SPECIAL_NATIONAL_1003,EVENT_SPECIAL_NATIONAL_1003,CANCEL,調査端末,"処理を中止した。
記録も素材も変更していない。",,,,2,GEN3_JP_MESSAGE_WINDOW_CHECK_REQUIRED,実charmap encodeはintegration buildで検証。
DIALOGUE_EVENT_SPECIAL_NATIONAL_1003,EVENT_SPECIAL_NATIONAL_1003,DEFEAT,調査端末,"ディンルーの反応が消えた。
再入場すれば再調査できる。",,,,2,GEN3_JP_MESSAGE_WINDOW_CHECK_REQUIRED,実charmap encodeはintegration buildで検証。
DIALOGUE_EVENT_SPECIAL_NATIONAL_1003,EVENT_SPECIAL_NATIONAL_1003,ESCAPE,調査端末,"ディンルーを見失った。
記録は未確定のままだ。",,,,2,GEN3_JP_MESSAGE_WINDOW_CHECK_REQUIRED,実charmap encodeはintegration buildで検証。
DIALOGUE_EVENT_SPECIAL_NATIONAL_1003,EVENT_SPECIAL_NATIONAL_1003,PARTY_FULL,調査端末,"手持ちがいっぱいだ。
PCへの転送を確認する。",,,,2,GEN3_JP_MESSAGE_WINDOW_CHECK_REQUIRED,実charmap encodeはintegration buildで検証。
DIALOGUE_EVENT_SPECIAL_NATIONAL_1003,EVENT_SPECIAL_NATIONAL_1003,BOX_FULL,調査端末,"PCと保管枠がいっぱいだ。
何も消費せず中止した。",,,,2,GEN3_JP_MESSAGE_WINDOW_CHECK_REQUIRED,実charmap encodeはintegration buildで検証。
DIALOGUE_EVENT_SPECIAL_NATIONAL_1003,EVENT_SPECIAL_NATIONAL_1003,SUCCESS,調査端末,"ディンルーの捕獲を記録した。
共有台帳を更新した。",,,,2,GEN3_JP_MESSAGE_WINDOW_CHECK_REQUIRED,実charmap encodeはintegration buildで検証。
DIALOGUE_EVENT_SPECIAL_NATIONAL_1003,EVENT_SPECIAL_NATIONAL_1003,ALREADY,調査端末,"この対象は登録済みだ。
重複個体は受け取れない。",,,,2,GEN3_JP_MESSAGE_WINDOW_CHECK_REQUIRED,実charmap encodeはintegration buildで検証。
DIALOGUE_EVENT_SPECIAL_NATIONAL_1004,EVENT_SPECIAL_NATIONAL_1004,LOCKED,調査端末,"まだ反応がない。
調査条件を満たしていない。",,,,2,GEN3_JP_MESSAGE_WINDOW_CHECK_REQUIRED,実charmap encodeはintegration buildで検証。
DIALOGUE_EVENT_SPECIAL_NATIONAL_1004,EVENT_SPECIAL_NATIONAL_1004,INTRO,調査端末,"イーユイの反応を確認した。
固定遭遇を開始しますか？",はい,いいえ,PREPARE,2,GEN3_JP_MESSAGE_WINDOW_CHECK_REQUIRED,実charmap encodeはintegration buildで検証。
DIALOGUE_EVENT_SPECIAL_NATIONAL_1004,EVENT_SPECIAL_NATIONAL_1004,CANCEL,調査端末,"処理を中止した。
記録も素材も変更していない。",,,,2,GEN3_JP_MESSAGE_WINDOW_CHECK_REQUIRED,実charmap encodeはintegration buildで検証。
DIALOGUE_EVENT_SPECIAL_NATIONAL_1004,EVENT_SPECIAL_NATIONAL_1004,DEFEAT,調査端末,"イーユイの反応が消えた。
再入場すれば再調査できる。",,,,2,GEN3_JP_MESSAGE_WINDOW_CHECK_REQUIRED,実charmap encodeはintegration buildで検証。
DIALOGUE_EVENT_SPECIAL_NATIONAL_1004,EVENT_SPECIAL_NATIONAL_1004,ESCAPE,調査端末,"イーユイを見失った。
記録は未確定のままだ。",,,,2,GEN3_JP_MESSAGE_WINDOW_CHECK_REQUIRED,実charmap encodeはintegration buildで検証。
DIALOGUE_EVENT_SPECIAL_NATIONAL_1004,EVENT_SPECIAL_NATIONAL_1004,PARTY_FULL,調査端末,"手持ちがいっぱいだ。
PCへの転送を確認する。",,,,2,GEN3_JP_MESSAGE_WINDOW_CHECK_REQUIRED,実charmap encodeはintegration buildで検証。
DIALOGUE_EVENT_SPECIAL_NATIONAL_1004,EVENT_SPECIAL_NATIONAL_1004,BOX_FULL,調査端末,"PCと保管枠がいっぱいだ。
何も消費せず中止した。",,,,2,GEN3_JP_MESSAGE_WINDOW_CHECK_REQUIRED,実charmap encodeはintegration buildで検証。
DIALOGUE_EVENT_SPECIAL_NATIONAL_1004,EVENT_SPECIAL_NATIONAL_1004,SUCCESS,調査端末,"イーユイの捕獲を記録した。
共有台帳を更新した。",,,,2,GEN3_JP_MESSAGE_WINDOW_CHECK_REQUIRED,実charmap encodeはintegration buildで検証。
DIALOGUE_EVENT_SPECIAL_NATIONAL_1004,EVENT_SPECIAL_NATIONAL_1004,ALREADY,調査端末,"この対象は登録済みだ。
重複個体は受け取れない。",,,,2,GEN3_JP_MESSAGE_WINDOW_CHECK_REQUIRED,実charmap encodeはintegration buildで検証。
DIALOGUE_EVENT_SPECIAL_NATIONAL_1005,EVENT_SPECIAL_NATIONAL_1005,LOCKED,調査端末,"まだ反応がない。
調査条件を満たしていない。",,,,2,GEN3_JP_MESSAGE_WINDOW_CHECK_REQUIRED,実charmap encodeはintegration buildで検証。
DIALOGUE_EVENT_SPECIAL_NATIONAL_1005,EVENT_SPECIAL_NATIONAL_1005,INTRO,調査端末,"トドロクツキの反応を確認した。
固定遭遇を開始しますか？",はい,いいえ,PREPARE,2,GEN3_JP_MESSAGE_WINDOW_CHECK_REQUIRED,実charmap encodeはintegration buildで検証。
DIALOGUE_EVENT_SPECIAL_NATIONAL_1005,EVENT_SPECIAL_NATIONAL_1005,CANCEL,調査端末,"処理を中止した。
記録も素材も変更していない。",,,,2,GEN3_JP_MESSAGE_WINDOW_CHECK_REQUIRED,実charmap encodeはintegration buildで検証。
DIALOGUE_EVENT_SPECIAL_NATIONAL_1005,EVENT_SPECIAL_NATIONAL_1005,DEFEAT,調査端末,"トドロクツキの反応が消えた。
再入場すれば再調査できる。",,,,2,GEN3_JP_MESSAGE_WINDOW_CHECK_REQUIRED,実charmap encodeはintegration buildで検証。
DIALOGUE_EVENT_SPECIAL_NATIONAL_1005,EVENT_SPECIAL_NATIONAL_1005,ESCAPE,調査端末,"トドロクツキを見失った。
記録は未確定のままだ。",,,,2,GEN3_JP_MESSAGE_WINDOW_CHECK_REQUIRED,実charmap encodeはintegration buildで検証。
DIALOGUE_EVENT_SPECIAL_NATIONAL_1005,EVENT_SPECIAL_NATIONAL_1005,PARTY_FULL,調査端末,"手持ちがいっぱいだ。
PCへの転送を確認する。",,,,2,GEN3_JP_MESSAGE_WINDOW_CHECK_REQUIRED,実charmap encodeはintegration buildで検証。
DIALOGUE_EVENT_SPECIAL_NATIONAL_1005,EVENT_SPECIAL_NATIONAL_1005,BOX_FULL,調査端末,"PCと保管枠がいっぱいだ。
何も消費せず中止した。",,,,2,GEN3_JP_MESSAGE_WINDOW_CHECK_REQUIRED,実charmap encodeはintegration buildで検証。
DIALOGUE_EVENT_SPECIAL_NATIONAL_1005,EVENT_SPECIAL_NATIONAL_1005,SUCCESS,調査端末,"トドロクツキの捕獲を記録した。
共有台帳を更新した。",,,,2,GEN3_JP_MESSAGE_WINDOW_CHECK_REQUIRED,実charmap encodeはintegration buildで検証。
DIALOGUE_EVENT_SPECIAL_NATIONAL_1005,EVENT_SPECIAL_NATIONAL_1005,ALREADY,調査端末,"この対象は登録済みだ。
重複個体は受け取れない。",,,,2,GEN3_JP_MESSAGE_WINDOW_CHECK_REQUIRED,実charmap encodeはintegration buildで検証。
DIALOGUE_EVENT_SPECIAL_NATIONAL_1006,EVENT_SPECIAL_NATIONAL_1006,LOCKED,調査端末,"まだ反応がない。
調査条件を満たしていない。",,,,2,GEN3_JP_MESSAGE_WINDOW_CHECK_REQUIRED,実charmap encodeはintegration buildで検証。
DIALOGUE_EVENT_SPECIAL_NATIONAL_1006,EVENT_SPECIAL_NATIONAL_1006,INTRO,調査端末,"テツノブジンの反応を確認した。
固定遭遇を開始しますか？",はい,いいえ,PREPARE,2,GEN3_JP_MESSAGE_WINDOW_CHECK_REQUIRED,実charmap encodeはintegration buildで検証。
DIALOGUE_EVENT_SPECIAL_NATIONAL_1006,EVENT_SPECIAL_NATIONAL_1006,CANCEL,調査端末,"処理を中止した。
記録も素材も変更していない。",,,,2,GEN3_JP_MESSAGE_WINDOW_CHECK_REQUIRED,実charmap encodeはintegration buildで検証。
DIALOGUE_EVENT_SPECIAL_NATIONAL_1006,EVENT_SPECIAL_NATIONAL_1006,DEFEAT,調査端末,"テツノブジンの反応が消えた。
再入場すれば再調査できる。",,,,2,GEN3_JP_MESSAGE_WINDOW_CHECK_REQUIRED,実charmap encodeはintegration buildで検証。
DIALOGUE_EVENT_SPECIAL_NATIONAL_1006,EVENT_SPECIAL_NATIONAL_1006,ESCAPE,調査端末,"テツノブジンを見失った。
記録は未確定のままだ。",,,,2,GEN3_JP_MESSAGE_WINDOW_CHECK_REQUIRED,実charmap encodeはintegration buildで検証。
DIALOGUE_EVENT_SPECIAL_NATIONAL_1006,EVENT_SPECIAL_NATIONAL_1006,PARTY_FULL,調査端末,"手持ちがいっぱいだ。
PCへの転送を確認する。",,,,2,GEN3_JP_MESSAGE_WINDOW_CHECK_REQUIRED,実charmap encodeはintegration buildで検証。
DIALOGUE_EVENT_SPECIAL_NATIONAL_1006,EVENT_SPECIAL_NATIONAL_1006,BOX_FULL,調査端末,"PCと保管枠がいっぱいだ。
何も消費せず中止した。",,,,2,GEN3_JP_MESSAGE_WINDOW_CHECK_REQUIRED,実charmap encodeはintegration buildで検証。
DIALOGUE_EVENT_SPECIAL_NATIONAL_1006,EVENT_SPECIAL_NATIONAL_1006,SUCCESS,調査端末,"テツノブジンの捕獲を記録した。
共有台帳を更新した。",,,,2,GEN3_JP_MESSAGE_WINDOW_CHECK_REQUIRED,実charmap encodeはintegration buildで検証。
DIALOGUE_EVENT_SPECIAL_NATIONAL_1006,EVENT_SPECIAL_NATIONAL_1006,ALREADY,調査端末,"この対象は登録済みだ。
重複個体は受け取れない。",,,,2,GEN3_JP_MESSAGE_WINDOW_CHECK_REQUIRED,実charmap encodeはintegration buildで検証。
DIALOGUE_EVENT_SPECIAL_NATIONAL_1007,EVENT_SPECIAL_NATIONAL_1007,LOCKED,調査端末,"まだ反応がない。
調査条件を満たしていない。",,,,2,GEN3_JP_MESSAGE_WINDOW_CHECK_REQUIRED,実charmap encodeはintegration buildで検証。
DIALOGUE_EVENT_SPECIAL_NATIONAL_1007,EVENT_SPECIAL_NATIONAL_1007,INTRO,調査端末,"コライドンの反応を確認した。
固定遭遇を開始しますか？",はい,いいえ,PREPARE,2,GEN3_JP_MESSAGE_WINDOW_CHECK_REQUIRED,実charmap encodeはintegration buildで検証。
DIALOGUE_EVENT_SPECIAL_NATIONAL_1007,EVENT_SPECIAL_NATIONAL_1007,CANCEL,調査端末,"処理を中止した。
記録も素材も変更していない。",,,,2,GEN3_JP_MESSAGE_WINDOW_CHECK_REQUIRED,実charmap encodeはintegration buildで検証。
DIALOGUE_EVENT_SPECIAL_NATIONAL_1007,EVENT_SPECIAL_NATIONAL_1007,DEFEAT,調査端末,"コライドンの反応が消えた。
再入場すれば再調査できる。",,,,2,GEN3_JP_MESSAGE_WINDOW_CHECK_REQUIRED,実charmap encodeはintegration buildで検証。
DIALOGUE_EVENT_SPECIAL_NATIONAL_1007,EVENT_SPECIAL_NATIONAL_1007,ESCAPE,調査端末,"コライドンを見失った。
記録は未確定のままだ。",,,,2,GEN3_JP_MESSAGE_WINDOW_CHECK_REQUIRED,実charmap encodeはintegration buildで検証。
DIALOGUE_EVENT_SPECIAL_NATIONAL_1007,EVENT_SPECIAL_NATIONAL_1007,PARTY_FULL,調査端末,"手持ちがいっぱいだ。
PCへの転送を確認する。",,,,2,GEN3_JP_MESSAGE_WINDOW_CHECK_REQUIRED,実charmap encodeはintegration buildで検証。
DIALOGUE_EVENT_SPECIAL_NATIONAL_1007,EVENT_SPECIAL_NATIONAL_1007,BOX_FULL,調査端末,"PCと保管枠がいっぱいだ。
何も消費せず中止した。",,,,2,GEN3_JP_MESSAGE_WINDOW_CHECK_REQUIRED,実charmap encodeはintegration buildで検証。
DIALOGUE_EVENT_SPECIAL_NATIONAL_1007,EVENT_SPECIAL_NATIONAL_1007,SUCCESS,調査端末,"コライドンの捕獲を記録した。
共有台帳を更新した。",,,,2,GEN3_JP_MESSAGE_WINDOW_CHECK_REQUIRED,実charmap encodeはintegration buildで検証。
DIALOGUE_EVENT_SPECIAL_NATIONAL_1007,EVENT_SPECIAL_NATIONAL_1007,ALREADY,調査端末,"この対象は登録済みだ。
重複個体は受け取れない。",,,,2,GEN3_JP_MESSAGE_WINDOW_CHECK_REQUIRED,実charmap encodeはintegration buildで検証。
DIALOGUE_EVENT_SPECIAL_NATIONAL_1008,EVENT_SPECIAL_NATIONAL_1008,LOCKED,調査端末,"まだ反応がない。
調査条件を満たしていない。",,,,2,GEN3_JP_MESSAGE_WINDOW_CHECK_REQUIRED,実charmap encodeはintegration buildで検証。
DIALOGUE_EVENT_SPECIAL_NATIONAL_1008,EVENT_SPECIAL_NATIONAL_1008,INTRO,調査端末,"ミライドンの反応を確認した。
固定遭遇を開始しますか？",はい,いいえ,PREPARE,2,GEN3_JP_MESSAGE_WINDOW_CHECK_REQUIRED,実charmap encodeはintegration buildで検証。
DIALOGUE_EVENT_SPECIAL_NATIONAL_1008,EVENT_SPECIAL_NATIONAL_1008,CANCEL,調査端末,"処理を中止した。
記録も素材も変更していない。",,,,2,GEN3_JP_MESSAGE_WINDOW_CHECK_REQUIRED,実charmap encodeはintegration buildで検証。
DIALOGUE_EVENT_SPECIAL_NATIONAL_1008,EVENT_SPECIAL_NATIONAL_1008,DEFEAT,調査端末,"ミライドンの反応が消えた。
再入場すれば再調査できる。",,,,2,GEN3_JP_MESSAGE_WINDOW_CHECK_REQUIRED,実charmap encodeはintegration buildで検証。
DIALOGUE_EVENT_SPECIAL_NATIONAL_1008,EVENT_SPECIAL_NATIONAL_1008,ESCAPE,調査端末,"ミライドンを見失った。
記録は未確定のままだ。",,,,2,GEN3_JP_MESSAGE_WINDOW_CHECK_REQUIRED,実charmap encodeはintegration buildで検証。
DIALOGUE_EVENT_SPECIAL_NATIONAL_1008,EVENT_SPECIAL_NATIONAL_1008,PARTY_FULL,調査端末,"手持ちがいっぱいだ。
PCへの転送を確認する。",,,,2,GEN3_JP_MESSAGE_WINDOW_CHECK_REQUIRED,実charmap encodeはintegration buildで検証。
DIALOGUE_EVENT_SPECIAL_NATIONAL_1008,EVENT_SPECIAL_NATIONAL_1008,BOX_FULL,調査端末,"PCと保管枠がいっぱいだ。
何も消費せず中止した。",,,,2,GEN3_JP_MESSAGE_WINDOW_CHECK_REQUIRED,実charmap encodeはintegration buildで検証。
DIALOGUE_EVENT_SPECIAL_NATIONAL_1008,EVENT_SPECIAL_NATIONAL_1008,SUCCESS,調査端末,"ミライドンの捕獲を記録した。
共有台帳を更新した。",,,,2,GEN3_JP_MESSAGE_WINDOW_CHECK_REQUIRED,実charmap encodeはintegration buildで検証。
DIALOGUE_EVENT_SPECIAL_NATIONAL_1008,EVENT_SPECIAL_NATIONAL_1008,ALREADY,調査端末,"この対象は登録済みだ。
重複個体は受け取れない。",,,,2,GEN3_JP_MESSAGE_WINDOW_CHECK_REQUIRED,実charmap encodeはintegration buildで検証。
DIALOGUE_EVENT_SPECIAL_NATIONAL_1009,EVENT_SPECIAL_NATIONAL_1009,LOCKED,調査端末,"まだ反応がない。
調査条件を満たしていない。",,,,2,GEN3_JP_MESSAGE_WINDOW_CHECK_REQUIRED,実charmap encodeはintegration buildで検証。
DIALOGUE_EVENT_SPECIAL_NATIONAL_1009,EVENT_SPECIAL_NATIONAL_1009,INTRO,調査端末,"ウネルミナモの反応を確認した。
固定遭遇を開始しますか？",はい,いいえ,PREPARE,2,GEN3_JP_MESSAGE_WINDOW_CHECK_REQUIRED,実charmap encodeはintegration buildで検証。
DIALOGUE_EVENT_SPECIAL_NATIONAL_1009,EVENT_SPECIAL_NATIONAL_1009,CANCEL,調査端末,"処理を中止した。
記録も素材も変更していない。",,,,2,GEN3_JP_MESSAGE_WINDOW_CHECK_REQUIRED,実charmap encodeはintegration buildで検証。
DIALOGUE_EVENT_SPECIAL_NATIONAL_1009,EVENT_SPECIAL_NATIONAL_1009,DEFEAT,調査端末,"ウネルミナモの反応が消えた。
再入場すれば再調査できる。",,,,2,GEN3_JP_MESSAGE_WINDOW_CHECK_REQUIRED,実charmap encodeはintegration buildで検証。
DIALOGUE_EVENT_SPECIAL_NATIONAL_1009,EVENT_SPECIAL_NATIONAL_1009,ESCAPE,調査端末,"ウネルミナモを見失った。
記録は未確定のままだ。",,,,2,GEN3_JP_MESSAGE_WINDOW_CHECK_REQUIRED,実charmap encodeはintegration buildで検証。
DIALOGUE_EVENT_SPECIAL_NATIONAL_1009,EVENT_SPECIAL_NATIONAL_1009,PARTY_FULL,調査端末,"手持ちがいっぱいだ。
PCへの転送を確認する。",,,,2,GEN3_JP_MESSAGE_WINDOW_CHECK_REQUIRED,実charmap encodeはintegration buildで検証。
DIALOGUE_EVENT_SPECIAL_NATIONAL_1009,EVENT_SPECIAL_NATIONAL_1009,BOX_FULL,調査端末,"PCと保管枠がいっぱいだ。
何も消費せず中止した。",,,,2,GEN3_JP_MESSAGE_WINDOW_CHECK_REQUIRED,実charmap encodeはintegration buildで検証。
DIALOGUE_EVENT_SPECIAL_NATIONAL_1009,EVENT_SPECIAL_NATIONAL_1009,SUCCESS,調査端末,"ウネルミナモの捕獲を記録した。
共有台帳を更新した。",,,,2,GEN3_JP_MESSAGE_WINDOW_CHECK_REQUIRED,実charmap encodeはintegration buildで検証。
DIALOGUE_EVENT_SPECIAL_NATIONAL_1009,EVENT_SPECIAL_NATIONAL_1009,ALREADY,調査端末,"この対象は登録済みだ。
重複個体は受け取れない。",,,,2,GEN3_JP_MESSAGE_WINDOW_CHECK_REQUIRED,実charmap encodeはintegration buildで検証。
DIALOGUE_EVENT_SPECIAL_NATIONAL_1010,EVENT_SPECIAL_NATIONAL_1010,LOCKED,調査端末,"まだ反応がない。
調査条件を満たしていない。",,,,2,GEN3_JP_MESSAGE_WINDOW_CHECK_REQUIRED,実charmap encodeはintegration buildで検証。
DIALOGUE_EVENT_SPECIAL_NATIONAL_1010,EVENT_SPECIAL_NATIONAL_1010,INTRO,調査端末,"テツノイサハの反応を確認した。
固定遭遇を開始しますか？",はい,いいえ,PREPARE,2,GEN3_JP_MESSAGE_WINDOW_CHECK_REQUIRED,実charmap encodeはintegration buildで検証。
DIALOGUE_EVENT_SPECIAL_NATIONAL_1010,EVENT_SPECIAL_NATIONAL_1010,CANCEL,調査端末,"処理を中止した。
記録も素材も変更していない。",,,,2,GEN3_JP_MESSAGE_WINDOW_CHECK_REQUIRED,実charmap encodeはintegration buildで検証。
DIALOGUE_EVENT_SPECIAL_NATIONAL_1010,EVENT_SPECIAL_NATIONAL_1010,DEFEAT,調査端末,"テツノイサハの反応が消えた。
再入場すれば再調査できる。",,,,2,GEN3_JP_MESSAGE_WINDOW_CHECK_REQUIRED,実charmap encodeはintegration buildで検証。
DIALOGUE_EVENT_SPECIAL_NATIONAL_1010,EVENT_SPECIAL_NATIONAL_1010,ESCAPE,調査端末,"テツノイサハを見失った。
記録は未確定のままだ。",,,,2,GEN3_JP_MESSAGE_WINDOW_CHECK_REQUIRED,実charmap encodeはintegration buildで検証。
DIALOGUE_EVENT_SPECIAL_NATIONAL_1010,EVENT_SPECIAL_NATIONAL_1010,PARTY_FULL,調査端末,"手持ちがいっぱいだ。
PCへの転送を確認する。",,,,2,GEN3_JP_MESSAGE_WINDOW_CHECK_REQUIRED,実charmap encodeはintegration buildで検証。
DIALOGUE_EVENT_SPECIAL_NATIONAL_1010,EVENT_SPECIAL_NATIONAL_1010,BOX_FULL,調査端末,"PCと保管枠がいっぱいだ。
何も消費せず中止した。",,,,2,GEN3_JP_MESSAGE_WINDOW_CHECK_REQUIRED,実charmap encodeはintegration buildで検証。
DIALOGUE_EVENT_SPECIAL_NATIONAL_1010,EVENT_SPECIAL_NATIONAL_1010,SUCCESS,調査端末,"テツノイサハの捕獲を記録した。
共有台帳を更新した。",,,,2,GEN3_JP_MESSAGE_WINDOW_CHECK_REQUIRED,実charmap encodeはintegration buildで検証。
DIALOGUE_EVENT_SPECIAL_NATIONAL_1010,EVENT_SPECIAL_NATIONAL_1010,ALREADY,調査端末,"この対象は登録済みだ。
重複個体は受け取れない。",,,,2,GEN3_JP_MESSAGE_WINDOW_CHECK_REQUIRED,実charmap encodeはintegration buildで検証。
DIALOGUE_EVENT_SPECIAL_NATIONAL_1014,EVENT_SPECIAL_NATIONAL_1014,LOCKED,調査端末,"まだ反応がない。
調査条件を満たしていない。",,,,2,GEN3_JP_MESSAGE_WINDOW_CHECK_REQUIRED,実charmap encodeはintegration buildで検証。
DIALOGUE_EVENT_SPECIAL_NATIONAL_1014,EVENT_SPECIAL_NATIONAL_1014,INTRO,調査端末,"イイネイヌの反応を確認した。
固定遭遇を開始しますか？",はい,いいえ,PREPARE,2,GEN3_JP_MESSAGE_WINDOW_CHECK_REQUIRED,実charmap encodeはintegration buildで検証。
DIALOGUE_EVENT_SPECIAL_NATIONAL_1014,EVENT_SPECIAL_NATIONAL_1014,CANCEL,調査端末,"処理を中止した。
記録も素材も変更していない。",,,,2,GEN3_JP_MESSAGE_WINDOW_CHECK_REQUIRED,実charmap encodeはintegration buildで検証。
DIALOGUE_EVENT_SPECIAL_NATIONAL_1014,EVENT_SPECIAL_NATIONAL_1014,DEFEAT,調査端末,"イイネイヌの反応が消えた。
再入場すれば再調査できる。",,,,2,GEN3_JP_MESSAGE_WINDOW_CHECK_REQUIRED,実charmap encodeはintegration buildで検証。
DIALOGUE_EVENT_SPECIAL_NATIONAL_1014,EVENT_SPECIAL_NATIONAL_1014,ESCAPE,調査端末,"イイネイヌを見失った。
記録は未確定のままだ。",,,,2,GEN3_JP_MESSAGE_WINDOW_CHECK_REQUIRED,実charmap encodeはintegration buildで検証。
DIALOGUE_EVENT_SPECIAL_NATIONAL_1014,EVENT_SPECIAL_NATIONAL_1014,PARTY_FULL,調査端末,"手持ちがいっぱいだ。
PCへの転送を確認する。",,,,2,GEN3_JP_MESSAGE_WINDOW_CHECK_REQUIRED,実charmap encodeはintegration buildで検証。
DIALOGUE_EVENT_SPECIAL_NATIONAL_1014,EVENT_SPECIAL_NATIONAL_1014,BOX_FULL,調査端末,"PCと保管枠がいっぱいだ。
何も消費せず中止した。",,,,2,GEN3_JP_MESSAGE_WINDOW_CHECK_REQUIRED,実charmap encodeはintegration buildで検証。
DIALOGUE_EVENT_SPECIAL_NATIONAL_1014,EVENT_SPECIAL_NATIONAL_1014,SUCCESS,調査端末,"イイネイヌの捕獲を記録した。
共有台帳を更新した。",,,,2,GEN3_JP_MESSAGE_WINDOW_CHECK_REQUIRED,実charmap encodeはintegration buildで検証。
DIALOGUE_EVENT_SPECIAL_NATIONAL_1014,EVENT_SPECIAL_NATIONAL_1014,ALREADY,調査端末,"この対象は登録済みだ。
重複個体は受け取れない。",,,,2,GEN3_JP_MESSAGE_WINDOW_CHECK_REQUIRED,実charmap encodeはintegration buildで検証。
DIALOGUE_EVENT_SPECIAL_NATIONAL_1015,EVENT_SPECIAL_NATIONAL_1015,LOCKED,調査端末,"まだ反応がない。
調査条件を満たしていない。",,,,2,GEN3_JP_MESSAGE_WINDOW_CHECK_REQUIRED,実charmap encodeはintegration buildで検証。
DIALOGUE_EVENT_SPECIAL_NATIONAL_1015,EVENT_SPECIAL_NATIONAL_1015,INTRO,調査端末,"マシマシラの反応を確認した。
固定遭遇を開始しますか？",はい,いいえ,PREPARE,2,GEN3_JP_MESSAGE_WINDOW_CHECK_REQUIRED,実charmap encodeはintegration buildで検証。
DIALOGUE_EVENT_SPECIAL_NATIONAL_1015,EVENT_SPECIAL_NATIONAL_1015,CANCEL,調査端末,"処理を中止した。
記録も素材も変更していない。",,,,2,GEN3_JP_MESSAGE_WINDOW_CHECK_REQUIRED,実charmap encodeはintegration buildで検証。
DIALOGUE_EVENT_SPECIAL_NATIONAL_1015,EVENT_SPECIAL_NATIONAL_1015,DEFEAT,調査端末,"マシマシラの反応が消えた。
再入場すれば再調査できる。",,,,2,GEN3_JP_MESSAGE_WINDOW_CHECK_REQUIRED,実charmap encodeはintegration buildで検証。
DIALOGUE_EVENT_SPECIAL_NATIONAL_1015,EVENT_SPECIAL_NATIONAL_1015,ESCAPE,調査端末,"マシマシラを見失った。
記録は未確定のままだ。",,,,2,GEN3_JP_MESSAGE_WINDOW_CHECK_REQUIRED,実charmap encodeはintegration buildで検証。
DIALOGUE_EVENT_SPECIAL_NATIONAL_1015,EVENT_SPECIAL_NATIONAL_1015,PARTY_FULL,調査端末,"手持ちがいっぱいだ。
PCへの転送を確認する。",,,,2,GEN3_JP_MESSAGE_WINDOW_CHECK_REQUIRED,実charmap encodeはintegration buildで検証。
DIALOGUE_EVENT_SPECIAL_NATIONAL_1015,EVENT_SPECIAL_NATIONAL_1015,BOX_FULL,調査端末,"PCと保管枠がいっぱいだ。
何も消費せず中止した。",,,,2,GEN3_JP_MESSAGE_WINDOW_CHECK_REQUIRED,実charmap encodeはintegration buildで検証。
DIALOGUE_EVENT_SPECIAL_NATIONAL_1015,EVENT_SPECIAL_NATIONAL_1015,SUCCESS,調査端末,"マシマシラの捕獲を記録した。
共有台帳を更新した。",,,,2,GEN3_JP_MESSAGE_WINDOW_CHECK_REQUIRED,実charmap encodeはintegration buildで検証。
DIALOGUE_EVENT_SPECIAL_NATIONAL_1015,EVENT_SPECIAL_NATIONAL_1015,ALREADY,調査端末,"この対象は登録済みだ。
重複個体は受け取れない。",,,,2,GEN3_JP_MESSAGE_WINDOW_CHECK_REQUIRED,実charmap encodeはintegration buildで検証。
DIALOGUE_EVENT_SPECIAL_NATIONAL_1016,EVENT_SPECIAL_NATIONAL_1016,LOCKED,調査端末,"まだ反応がない。
調査条件を満たしていない。",,,,2,GEN3_JP_MESSAGE_WINDOW_CHECK_REQUIRED,実charmap encodeはintegration buildで検証。
DIALOGUE_EVENT_SPECIAL_NATIONAL_1016,EVENT_SPECIAL_NATIONAL_1016,INTRO,調査端末,"キチキギスの反応を確認した。
固定遭遇を開始しますか？",はい,いいえ,PREPARE,2,GEN3_JP_MESSAGE_WINDOW_CHECK_REQUIRED,実charmap encodeはintegration buildで検証。
DIALOGUE_EVENT_SPECIAL_NATIONAL_1016,EVENT_SPECIAL_NATIONAL_1016,CANCEL,調査端末,"処理を中止した。
記録も素材も変更していない。",,,,2,GEN3_JP_MESSAGE_WINDOW_CHECK_REQUIRED,実charmap encodeはintegration buildで検証。
DIALOGUE_EVENT_SPECIAL_NATIONAL_1016,EVENT_SPECIAL_NATIONAL_1016,DEFEAT,調査端末,"キチキギスの反応が消えた。
再入場すれば再調査できる。",,,,2,GEN3_JP_MESSAGE_WINDOW_CHECK_REQUIRED,実charmap encodeはintegration buildで検証。
DIALOGUE_EVENT_SPECIAL_NATIONAL_1016,EVENT_SPECIAL_NATIONAL_1016,ESCAPE,調査端末,"キチキギスを見失った。
記録は未確定のままだ。",,,,2,GEN3_JP_MESSAGE_WINDOW_CHECK_REQUIRED,実charmap encodeはintegration buildで検証。
DIALOGUE_EVENT_SPECIAL_NATIONAL_1016,EVENT_SPECIAL_NATIONAL_1016,PARTY_FULL,調査端末,"手持ちがいっぱいだ。
PCへの転送を確認する。",,,,2,GEN3_JP_MESSAGE_WINDOW_CHECK_REQUIRED,実charmap encodeはintegration buildで検証。
DIALOGUE_EVENT_SPECIAL_NATIONAL_1016,EVENT_SPECIAL_NATIONAL_1016,BOX_FULL,調査端末,"PCと保管枠がいっぱいだ。
何も消費せず中止した。",,,,2,GEN3_JP_MESSAGE_WINDOW_CHECK_REQUIRED,実charmap encodeはintegration buildで検証。
DIALOGUE_EVENT_SPECIAL_NATIONAL_1016,EVENT_SPECIAL_NATIONAL_1016,SUCCESS,調査端末,"キチキギスの捕獲を記録した。
共有台帳を更新した。",,,,2,GEN3_JP_MESSAGE_WINDOW_CHECK_REQUIRED,実charmap encodeはintegration buildで検証。
DIALOGUE_EVENT_SPECIAL_NATIONAL_1016,EVENT_SPECIAL_NATIONAL_1016,ALREADY,調査端末,"この対象は登録済みだ。
重複個体は受け取れない。",,,,2,GEN3_JP_MESSAGE_WINDOW_CHECK_REQUIRED,実charmap encodeはintegration buildで検証。
DIALOGUE_EVENT_SPECIAL_NATIONAL_1017,EVENT_SPECIAL_NATIONAL_1017,LOCKED,調査端末,"まだ反応がない。
調査条件を満たしていない。",,,,2,GEN3_JP_MESSAGE_WINDOW_CHECK_REQUIRED,実charmap encodeはintegration buildで検証。
DIALOGUE_EVENT_SPECIAL_NATIONAL_1017,EVENT_SPECIAL_NATIONAL_1017,INTRO,調査端末,"オーガポンの反応を確認した。
固定遭遇を開始しますか？",はい,いいえ,PREPARE,2,GEN3_JP_MESSAGE_WINDOW_CHECK_REQUIRED,実charmap encodeはintegration buildで検証。
DIALOGUE_EVENT_SPECIAL_NATIONAL_1017,EVENT_SPECIAL_NATIONAL_1017,CANCEL,調査端末,"処理を中止した。
記録も素材も変更していない。",,,,2,GEN3_JP_MESSAGE_WINDOW_CHECK_REQUIRED,実charmap encodeはintegration buildで検証。
DIALOGUE_EVENT_SPECIAL_NATIONAL_1017,EVENT_SPECIAL_NATIONAL_1017,DEFEAT,調査端末,"オーガポンの反応が消えた。
再入場すれば再調査できる。",,,,2,GEN3_JP_MESSAGE_WINDOW_CHECK_REQUIRED,実charmap encodeはintegration buildで検証。
DIALOGUE_EVENT_SPECIAL_NATIONAL_1017,EVENT_SPECIAL_NATIONAL_1017,ESCAPE,調査端末,"オーガポンを見失った。
記録は未確定のままだ。",,,,2,GEN3_JP_MESSAGE_WINDOW_CHECK_REQUIRED,実charmap encodeはintegration buildで検証。
DIALOGUE_EVENT_SPECIAL_NATIONAL_1017,EVENT_SPECIAL_NATIONAL_1017,PARTY_FULL,調査端末,"手持ちがいっぱいだ。
PCへの転送を確認する。",,,,2,GEN3_JP_MESSAGE_WINDOW_CHECK_REQUIRED,実charmap encodeはintegration buildで検証。
DIALOGUE_EVENT_SPECIAL_NATIONAL_1017,EVENT_SPECIAL_NATIONAL_1017,BOX_FULL,調査端末,"PCと保管枠がいっぱいだ。
何も消費せず中止した。",,,,2,GEN3_JP_MESSAGE_WINDOW_CHECK_REQUIRED,実charmap encodeはintegration buildで検証。
DIALOGUE_EVENT_SPECIAL_NATIONAL_1017,EVENT_SPECIAL_NATIONAL_1017,SUCCESS,調査端末,"オーガポンの捕獲を記録した。
共有台帳を更新した。",,,,2,GEN3_JP_MESSAGE_WINDOW_CHECK_REQUIRED,実charmap encodeはintegration buildで検証。
DIALOGUE_EVENT_SPECIAL_NATIONAL_1017,EVENT_SPECIAL_NATIONAL_1017,ALREADY,調査端末,"この対象は登録済みだ。
重複個体は受け取れない。",,,,2,GEN3_JP_MESSAGE_WINDOW_CHECK_REQUIRED,実charmap encodeはintegration buildで検証。
DIALOGUE_EVENT_SPECIAL_NATIONAL_1020,EVENT_SPECIAL_NATIONAL_1020,LOCKED,調査端末,"まだ反応がない。
調査条件を満たしていない。",,,,2,GEN3_JP_MESSAGE_WINDOW_CHECK_REQUIRED,実charmap encodeはintegration buildで検証。
DIALOGUE_EVENT_SPECIAL_NATIONAL_1020,EVENT_SPECIAL_NATIONAL_1020,INTRO,調査端末,"ウガツホムラの反応を確認した。
固定遭遇を開始しますか？",はい,いいえ,PREPARE,2,GEN3_JP_MESSAGE_WINDOW_CHECK_REQUIRED,実charmap encodeはintegration buildで検証。
DIALOGUE_EVENT_SPECIAL_NATIONAL_1020,EVENT_SPECIAL_NATIONAL_1020,CANCEL,調査端末,"処理を中止した。
記録も素材も変更していない。",,,,2,GEN3_JP_MESSAGE_WINDOW_CHECK_REQUIRED,実charmap encodeはintegration buildで検証。
DIALOGUE_EVENT_SPECIAL_NATIONAL_1020,EVENT_SPECIAL_NATIONAL_1020,DEFEAT,調査端末,"ウガツホムラの反応が消えた。
再入場すれば再調査できる。",,,,2,GEN3_JP_MESSAGE_WINDOW_CHECK_REQUIRED,実charmap encodeはintegration buildで検証。
DIALOGUE_EVENT_SPECIAL_NATIONAL_1020,EVENT_SPECIAL_NATIONAL_1020,ESCAPE,調査端末,"ウガツホムラを見失った。
記録は未確定のままだ。",,,,2,GEN3_JP_MESSAGE_WINDOW_CHECK_REQUIRED,実charmap encodeはintegration buildで検証。
DIALOGUE_EVENT_SPECIAL_NATIONAL_1020,EVENT_SPECIAL_NATIONAL_1020,PARTY_FULL,調査端末,"手持ちがいっぱいだ。
PCへの転送を確認する。",,,,2,GEN3_JP_MESSAGE_WINDOW_CHECK_REQUIRED,実charmap encodeはintegration buildで検証。
DIALOGUE_EVENT_SPECIAL_NATIONAL_1020,EVENT_SPECIAL_NATIONAL_1020,BOX_FULL,調査端末,"PCと保管枠がいっぱいだ。
何も消費せず中止した。",,,,2,GEN3_JP_MESSAGE_WINDOW_CHECK_REQUIRED,実charmap encodeはintegration buildで検証。
DIALOGUE_EVENT_SPECIAL_NATIONAL_1020,EVENT_SPECIAL_NATIONAL_1020,SUCCESS,調査端末,"ウガツホムラの捕獲を記録した。
共有台帳を更新した。",,,,2,GEN3_JP_MESSAGE_WINDOW_CHECK_REQUIRED,実charmap encodeはintegration buildで検証。
DIALOGUE_EVENT_SPECIAL_NATIONAL_1020,EVENT_SPECIAL_NATIONAL_1020,ALREADY,調査端末,"この対象は登録済みだ。
重複個体は受け取れない。",,,,2,GEN3_JP_MESSAGE_WINDOW_CHECK_REQUIRED,実charmap encodeはintegration buildで検証。
DIALOGUE_EVENT_SPECIAL_NATIONAL_1021,EVENT_SPECIAL_NATIONAL_1021,LOCKED,調査端末,"まだ反応がない。
調査条件を満たしていない。",,,,2,GEN3_JP_MESSAGE_WINDOW_CHECK_REQUIRED,実charmap encodeはintegration buildで検証。
DIALOGUE_EVENT_SPECIAL_NATIONAL_1021,EVENT_SPECIAL_NATIONAL_1021,INTRO,調査端末,"タケルライコの反応を確認した。
固定遭遇を開始しますか？",はい,いいえ,PREPARE,2,GEN3_JP_MESSAGE_WINDOW_CHECK_REQUIRED,実charmap encodeはintegration buildで検証。
DIALOGUE_EVENT_SPECIAL_NATIONAL_1021,EVENT_SPECIAL_NATIONAL_1021,CANCEL,調査端末,"処理を中止した。
記録も素材も変更していない。",,,,2,GEN3_JP_MESSAGE_WINDOW_CHECK_REQUIRED,実charmap encodeはintegration buildで検証。
DIALOGUE_EVENT_SPECIAL_NATIONAL_1021,EVENT_SPECIAL_NATIONAL_1021,DEFEAT,調査端末,"タケルライコの反応が消えた。
再入場すれば再調査できる。",,,,2,GEN3_JP_MESSAGE_WINDOW_CHECK_REQUIRED,実charmap encodeはintegration buildで検証。
DIALOGUE_EVENT_SPECIAL_NATIONAL_1021,EVENT_SPECIAL_NATIONAL_1021,ESCAPE,調査端末,"タケルライコを見失った。
記録は未確定のままだ。",,,,2,GEN3_JP_MESSAGE_WINDOW_CHECK_REQUIRED,実charmap encodeはintegration buildで検証。
DIALOGUE_EVENT_SPECIAL_NATIONAL_1021,EVENT_SPECIAL_NATIONAL_1021,PARTY_FULL,調査端末,"手持ちがいっぱいだ。
PCへの転送を確認する。",,,,2,GEN3_JP_MESSAGE_WINDOW_CHECK_REQUIRED,実charmap encodeはintegration buildで検証。
DIALOGUE_EVENT_SPECIAL_NATIONAL_1021,EVENT_SPECIAL_NATIONAL_1021,BOX_FULL,調査端末,"PCと保管枠がいっぱいだ。
何も消費せず中止した。",,,,2,GEN3_JP_MESSAGE_WINDOW_CHECK_REQUIRED,実charmap encodeはintegration buildで検証。
DIALOGUE_EVENT_SPECIAL_NATIONAL_1021,EVENT_SPECIAL_NATIONAL_1021,SUCCESS,調査端末,"タケルライコの捕獲を記録した。
共有台帳を更新した。",,,,2,GEN3_JP_MESSAGE_WINDOW_CHECK_REQUIRED,実charmap encodeはintegration buildで検証。
DIALOGUE_EVENT_SPECIAL_NATIONAL_1021,EVENT_SPECIAL_NATIONAL_1021,ALREADY,調査端末,"この対象は登録済みだ。
重複個体は受け取れない。",,,,2,GEN3_JP_MESSAGE_WINDOW_CHECK_REQUIRED,実charmap encodeはintegration buildで検証。
DIALOGUE_EVENT_SPECIAL_NATIONAL_1022,EVENT_SPECIAL_NATIONAL_1022,LOCKED,調査端末,"まだ反応がない。
調査条件を満たしていない。",,,,2,GEN3_JP_MESSAGE_WINDOW_CHECK_REQUIRED,実charmap encodeはintegration buildで検証。
DIALOGUE_EVENT_SPECIAL_NATIONAL_1022,EVENT_SPECIAL_NATIONAL_1022,INTRO,調査端末,"テツノイワオの反応を確認した。
固定遭遇を開始しますか？",はい,いいえ,PREPARE,2,GEN3_JP_MESSAGE_WINDOW_CHECK_REQUIRED,実charmap encodeはintegration buildで検証。
DIALOGUE_EVENT_SPECIAL_NATIONAL_1022,EVENT_SPECIAL_NATIONAL_1022,CANCEL,調査端末,"処理を中止した。
記録も素材も変更していない。",,,,2,GEN3_JP_MESSAGE_WINDOW_CHECK_REQUIRED,実charmap encodeはintegration buildで検証。
DIALOGUE_EVENT_SPECIAL_NATIONAL_1022,EVENT_SPECIAL_NATIONAL_1022,DEFEAT,調査端末,"テツノイワオの反応が消えた。
再入場すれば再調査できる。",,,,2,GEN3_JP_MESSAGE_WINDOW_CHECK_REQUIRED,実charmap encodeはintegration buildで検証。
DIALOGUE_EVENT_SPECIAL_NATIONAL_1022,EVENT_SPECIAL_NATIONAL_1022,ESCAPE,調査端末,"テツノイワオを見失った。
記録は未確定のままだ。",,,,2,GEN3_JP_MESSAGE_WINDOW_CHECK_REQUIRED,実charmap encodeはintegration buildで検証。
DIALOGUE_EVENT_SPECIAL_NATIONAL_1022,EVENT_SPECIAL_NATIONAL_1022,PARTY_FULL,調査端末,"手持ちがいっぱいだ。
PCへの転送を確認する。",,,,2,GEN3_JP_MESSAGE_WINDOW_CHECK_REQUIRED,実charmap encodeはintegration buildで検証。
DIALOGUE_EVENT_SPECIAL_NATIONAL_1022,EVENT_SPECIAL_NATIONAL_1022,BOX_FULL,調査端末,"PCと保管枠がいっぱいだ。
何も消費せず中止した。",,,,2,GEN3_JP_MESSAGE_WINDOW_CHECK_REQUIRED,実charmap encodeはintegration buildで検証。
DIALOGUE_EVENT_SPECIAL_NATIONAL_1022,EVENT_SPECIAL_NATIONAL_1022,SUCCESS,調査端末,"テツノイワオの捕獲を記録した。
共有台帳を更新した。",,,,2,GEN3_JP_MESSAGE_WINDOW_CHECK_REQUIRED,実charmap encodeはintegration buildで検証。
DIALOGUE_EVENT_SPECIAL_NATIONAL_1022,EVENT_SPECIAL_NATIONAL_1022,ALREADY,調査端末,"この対象は登録済みだ。
重複個体は受け取れない。",,,,2,GEN3_JP_MESSAGE_WINDOW_CHECK_REQUIRED,実charmap encodeはintegration buildで検証。
DIALOGUE_EVENT_SPECIAL_NATIONAL_1023,EVENT_SPECIAL_NATIONAL_1023,LOCKED,調査端末,"まだ反応がない。
調査条件を満たしていない。",,,,2,GEN3_JP_MESSAGE_WINDOW_CHECK_REQUIRED,実charmap encodeはintegration buildで検証。
DIALOGUE_EVENT_SPECIAL_NATIONAL_1023,EVENT_SPECIAL_NATIONAL_1023,INTRO,調査端末,"テツノカシラの反応を確認した。
固定遭遇を開始しますか？",はい,いいえ,PREPARE,2,GEN3_JP_MESSAGE_WINDOW_CHECK_REQUIRED,実charmap encodeはintegration buildで検証。
DIALOGUE_EVENT_SPECIAL_NATIONAL_1023,EVENT_SPECIAL_NATIONAL_1023,CANCEL,調査端末,"処理を中止した。
記録も素材も変更していない。",,,,2,GEN3_JP_MESSAGE_WINDOW_CHECK_REQUIRED,実charmap encodeはintegration buildで検証。
DIALOGUE_EVENT_SPECIAL_NATIONAL_1023,EVENT_SPECIAL_NATIONAL_1023,DEFEAT,調査端末,"テツノカシラの反応が消えた。
再入場すれば再調査できる。",,,,2,GEN3_JP_MESSAGE_WINDOW_CHECK_REQUIRED,実charmap encodeはintegration buildで検証。
DIALOGUE_EVENT_SPECIAL_NATIONAL_1023,EVENT_SPECIAL_NATIONAL_1023,ESCAPE,調査端末,"テツノカシラを見失った。
記録は未確定のままだ。",,,,2,GEN3_JP_MESSAGE_WINDOW_CHECK_REQUIRED,実charmap encodeはintegration buildで検証。
DIALOGUE_EVENT_SPECIAL_NATIONAL_1023,EVENT_SPECIAL_NATIONAL_1023,PARTY_FULL,調査端末,"手持ちがいっぱいだ。
PCへの転送を確認する。",,,,2,GEN3_JP_MESSAGE_WINDOW_CHECK_REQUIRED,実charmap encodeはintegration buildで検証。
DIALOGUE_EVENT_SPECIAL_NATIONAL_1023,EVENT_SPECIAL_NATIONAL_1023,BOX_FULL,調査端末,"PCと保管枠がいっぱいだ。
何も消費せず中止した。",,,,2,GEN3_JP_MESSAGE_WINDOW_CHECK_REQUIRED,実charmap encodeはintegration buildで検証。
DIALOGUE_EVENT_SPECIAL_NATIONAL_1023,EVENT_SPECIAL_NATIONAL_1023,SUCCESS,調査端末,"テツノカシラの捕獲を記録した。
共有台帳を更新した。",,,,2,GEN3_JP_MESSAGE_WINDOW_CHECK_REQUIRED,実charmap encodeはintegration buildで検証。
DIALOGUE_EVENT_SPECIAL_NATIONAL_1023,EVENT_SPECIAL_NATIONAL_1023,ALREADY,調査端末,"この対象は登録済みだ。
重複個体は受け取れない。",,,,2,GEN3_JP_MESSAGE_WINDOW_CHECK_REQUIRED,実charmap encodeはintegration buildで検証。
DIALOGUE_EVENT_SPECIAL_NATIONAL_1024,EVENT_SPECIAL_NATIONAL_1024,LOCKED,調査端末,"まだ反応がない。
調査条件を満たしていない。",,,,2,GEN3_JP_MESSAGE_WINDOW_CHECK_REQUIRED,実charmap encodeはintegration buildで検証。
DIALOGUE_EVENT_SPECIAL_NATIONAL_1024,EVENT_SPECIAL_NATIONAL_1024,INTRO,調査端末,"テラパゴスの反応を確認した。
固定遭遇を開始しますか？",はい,いいえ,PREPARE,2,GEN3_JP_MESSAGE_WINDOW_CHECK_REQUIRED,実charmap encodeはintegration buildで検証。
DIALOGUE_EVENT_SPECIAL_NATIONAL_1024,EVENT_SPECIAL_NATIONAL_1024,CANCEL,調査端末,"処理を中止した。
記録も素材も変更していない。",,,,2,GEN3_JP_MESSAGE_WINDOW_CHECK_REQUIRED,実charmap encodeはintegration buildで検証。
DIALOGUE_EVENT_SPECIAL_NATIONAL_1024,EVENT_SPECIAL_NATIONAL_1024,DEFEAT,調査端末,"テラパゴスの反応が消えた。
再入場すれば再調査できる。",,,,2,GEN3_JP_MESSAGE_WINDOW_CHECK_REQUIRED,実charmap encodeはintegration buildで検証。
DIALOGUE_EVENT_SPECIAL_NATIONAL_1024,EVENT_SPECIAL_NATIONAL_1024,ESCAPE,調査端末,"テラパゴスを見失った。
記録は未確定のままだ。",,,,2,GEN3_JP_MESSAGE_WINDOW_CHECK_REQUIRED,実charmap encodeはintegration buildで検証。
DIALOGUE_EVENT_SPECIAL_NATIONAL_1024,EVENT_SPECIAL_NATIONAL_1024,PARTY_FULL,調査端末,"手持ちがいっぱいだ。
PCへの転送を確認する。",,,,2,GEN3_JP_MESSAGE_WINDOW_CHECK_REQUIRED,実charmap encodeはintegration buildで検証。
DIALOGUE_EVENT_SPECIAL_NATIONAL_1024,EVENT_SPECIAL_NATIONAL_1024,BOX_FULL,調査端末,"PCと保管枠がいっぱいだ。
何も消費せず中止した。",,,,2,GEN3_JP_MESSAGE_WINDOW_CHECK_REQUIRED,実charmap encodeはintegration buildで検証。
DIALOGUE_EVENT_SPECIAL_NATIONAL_1024,EVENT_SPECIAL_NATIONAL_1024,SUCCESS,調査端末,"テラパゴスの捕獲を記録した。
共有台帳を更新した。",,,,2,GEN3_JP_MESSAGE_WINDOW_CHECK_REQUIRED,実charmap encodeはintegration buildで検証。
DIALOGUE_EVENT_SPECIAL_NATIONAL_1024,EVENT_SPECIAL_NATIONAL_1024,ALREADY,調査端末,"この対象は登録済みだ。
重複個体は受け取れない。",,,,2,GEN3_JP_MESSAGE_WINDOW_CHECK_REQUIRED,実charmap encodeはintegration buildで検証。
DIALOGUE_EVENT_SPECIAL_NATIONAL_1025,EVENT_SPECIAL_NATIONAL_1025,LOCKED,調査端末,"まだ反応がない。
調査条件を満たしていない。",,,,2,GEN3_JP_MESSAGE_WINDOW_CHECK_REQUIRED,実charmap encodeはintegration buildで検証。
DIALOGUE_EVENT_SPECIAL_NATIONAL_1025,EVENT_SPECIAL_NATIONAL_1025,INTRO,調査端末,"モモワロウの反応を確認した。
固定遭遇を開始しますか？",はい,いいえ,PREPARE,2,GEN3_JP_MESSAGE_WINDOW_CHECK_REQUIRED,実charmap encodeはintegration buildで検証。
DIALOGUE_EVENT_SPECIAL_NATIONAL_1025,EVENT_SPECIAL_NATIONAL_1025,CANCEL,調査端末,"処理を中止した。
記録も素材も変更していない。",,,,2,GEN3_JP_MESSAGE_WINDOW_CHECK_REQUIRED,実charmap encodeはintegration buildで検証。
DIALOGUE_EVENT_SPECIAL_NATIONAL_1025,EVENT_SPECIAL_NATIONAL_1025,DEFEAT,調査端末,"モモワロウの反応が消えた。
再入場すれば再調査できる。",,,,2,GEN3_JP_MESSAGE_WINDOW_CHECK_REQUIRED,実charmap encodeはintegration buildで検証。
DIALOGUE_EVENT_SPECIAL_NATIONAL_1025,EVENT_SPECIAL_NATIONAL_1025,ESCAPE,調査端末,"モモワロウを見失った。
記録は未確定のままだ。",,,,2,GEN3_JP_MESSAGE_WINDOW_CHECK_REQUIRED,実charmap encodeはintegration buildで検証。
DIALOGUE_EVENT_SPECIAL_NATIONAL_1025,EVENT_SPECIAL_NATIONAL_1025,PARTY_FULL,調査端末,"手持ちがいっぱいだ。
PCへの転送を確認する。",,,,2,GEN3_JP_MESSAGE_WINDOW_CHECK_REQUIRED,実charmap encodeはintegration buildで検証。
DIALOGUE_EVENT_SPECIAL_NATIONAL_1025,EVENT_SPECIAL_NATIONAL_1025,BOX_FULL,調査端末,"PCと保管枠がいっぱいだ。
何も消費せず中止した。",,,,2,GEN3_JP_MESSAGE_WINDOW_CHECK_REQUIRED,実charmap encodeはintegration buildで検証。
DIALOGUE_EVENT_SPECIAL_NATIONAL_1025,EVENT_SPECIAL_NATIONAL_1025,SUCCESS,調査端末,"モモワロウの捕獲を記録した。
共有台帳を更新した。",,,,2,GEN3_JP_MESSAGE_WINDOW_CHECK_REQUIRED,実charmap encodeはintegration buildで検証。
DIALOGUE_EVENT_SPECIAL_NATIONAL_1025,EVENT_SPECIAL_NATIONAL_1025,ALREADY,調査端末,"この対象は登録済みだ。
重複個体は受け取れない。",,,,2,GEN3_JP_MESSAGE_WINDOW_CHECK_REQUIRED,実charmap encodeはintegration buildで検証。
DIALOGUE_EVENT_STARTER_LAB_NATIONAL_0152,EVENT_STARTER_LAB_NATIONAL_0152,LOCKED,研究員,"まだ反応がない。
調査条件を満たしていない。",,,,2,GEN3_JP_MESSAGE_WINDOW_CHECK_REQUIRED,実charmap encodeはintegration buildで検証。
DIALOGUE_EVENT_STARTER_LAB_NATIONAL_0152,EVENT_STARTER_LAB_NATIONAL_0152,INTRO,研究員,"チコリータの研究タマゴを
受け取りますか？",はい,いいえ,PREPARE,2,GEN3_JP_MESSAGE_WINDOW_CHECK_REQUIRED,実charmap encodeはintegration buildで検証。
DIALOGUE_EVENT_STARTER_LAB_NATIONAL_0152,EVENT_STARTER_LAB_NATIONAL_0152,CANCEL,研究員,"処理を中止した。
記録も素材も変更していない。",,,,2,GEN3_JP_MESSAGE_WINDOW_CHECK_REQUIRED,実charmap encodeはintegration buildで検証。
DIALOGUE_EVENT_STARTER_LAB_NATIONAL_0152,EVENT_STARTER_LAB_NATIONAL_0152,DEFEAT,研究員,"チコリータの反応が消えた。
再入場すれば再調査できる。",,,,2,GEN3_JP_MESSAGE_WINDOW_CHECK_REQUIRED,実charmap encodeはintegration buildで検証。
DIALOGUE_EVENT_STARTER_LAB_NATIONAL_0152,EVENT_STARTER_LAB_NATIONAL_0152,ESCAPE,研究員,"チコリータを見失った。
記録は未確定のままだ。",,,,2,GEN3_JP_MESSAGE_WINDOW_CHECK_REQUIRED,実charmap encodeはintegration buildで検証。
DIALOGUE_EVENT_STARTER_LAB_NATIONAL_0152,EVENT_STARTER_LAB_NATIONAL_0152,PARTY_FULL,研究員,"手持ちがいっぱいだ。
PCへの転送を確認する。",,,,2,GEN3_JP_MESSAGE_WINDOW_CHECK_REQUIRED,実charmap encodeはintegration buildで検証。
DIALOGUE_EVENT_STARTER_LAB_NATIONAL_0152,EVENT_STARTER_LAB_NATIONAL_0152,BOX_FULL,研究員,"PCと保管枠がいっぱいだ。
何も消費せず中止した。",,,,2,GEN3_JP_MESSAGE_WINDOW_CHECK_REQUIRED,実charmap encodeはintegration buildで検証。
DIALOGUE_EVENT_STARTER_LAB_NATIONAL_0152,EVENT_STARTER_LAB_NATIONAL_0152,SUCCESS,研究員,"チコリータのタマゴを預かった。
受取記録を保存した。",,,,2,GEN3_JP_MESSAGE_WINDOW_CHECK_REQUIRED,実charmap encodeはintegration buildで検証。
DIALOGUE_EVENT_STARTER_LAB_NATIONAL_0152,EVENT_STARTER_LAB_NATIONAL_0152,ALREADY,研究員,"この対象は登録済みだ。
重複個体は受け取れない。",,,,2,GEN3_JP_MESSAGE_WINDOW_CHECK_REQUIRED,実charmap encodeはintegration buildで検証。
DIALOGUE_EVENT_STARTER_LAB_NATIONAL_0155,EVENT_STARTER_LAB_NATIONAL_0155,LOCKED,研究員,"まだ反応がない。
調査条件を満たしていない。",,,,2,GEN3_JP_MESSAGE_WINDOW_CHECK_REQUIRED,実charmap encodeはintegration buildで検証。
DIALOGUE_EVENT_STARTER_LAB_NATIONAL_0155,EVENT_STARTER_LAB_NATIONAL_0155,INTRO,研究員,"ヒノアラシの研究タマゴを
受け取りますか？",はい,いいえ,PREPARE,2,GEN3_JP_MESSAGE_WINDOW_CHECK_REQUIRED,実charmap encodeはintegration buildで検証。
DIALOGUE_EVENT_STARTER_LAB_NATIONAL_0155,EVENT_STARTER_LAB_NATIONAL_0155,CANCEL,研究員,"処理を中止した。
記録も素材も変更していない。",,,,2,GEN3_JP_MESSAGE_WINDOW_CHECK_REQUIRED,実charmap encodeはintegration buildで検証。
DIALOGUE_EVENT_STARTER_LAB_NATIONAL_0155,EVENT_STARTER_LAB_NATIONAL_0155,DEFEAT,研究員,"ヒノアラシの反応が消えた。
再入場すれば再調査できる。",,,,2,GEN3_JP_MESSAGE_WINDOW_CHECK_REQUIRED,実charmap encodeはintegration buildで検証。
DIALOGUE_EVENT_STARTER_LAB_NATIONAL_0155,EVENT_STARTER_LAB_NATIONAL_0155,ESCAPE,研究員,"ヒノアラシを見失った。
記録は未確定のままだ。",,,,2,GEN3_JP_MESSAGE_WINDOW_CHECK_REQUIRED,実charmap encodeはintegration buildで検証。
DIALOGUE_EVENT_STARTER_LAB_NATIONAL_0155,EVENT_STARTER_LAB_NATIONAL_0155,PARTY_FULL,研究員,"手持ちがいっぱいだ。
PCへの転送を確認する。",,,,2,GEN3_JP_MESSAGE_WINDOW_CHECK_REQUIRED,実charmap encodeはintegration buildで検証。
DIALOGUE_EVENT_STARTER_LAB_NATIONAL_0155,EVENT_STARTER_LAB_NATIONAL_0155,BOX_FULL,研究員,"PCと保管枠がいっぱいだ。
何も消費せず中止した。",,,,2,GEN3_JP_MESSAGE_WINDOW_CHECK_REQUIRED,実charmap encodeはintegration buildで検証。
DIALOGUE_EVENT_STARTER_LAB_NATIONAL_0155,EVENT_STARTER_LAB_NATIONAL_0155,SUCCESS,研究員,"ヒノアラシのタマゴを預かった。
受取記録を保存した。",,,,2,GEN3_JP_MESSAGE_WINDOW_CHECK_REQUIRED,実charmap encodeはintegration buildで検証。
DIALOGUE_EVENT_STARTER_LAB_NATIONAL_0155,EVENT_STARTER_LAB_NATIONAL_0155,ALREADY,研究員,"この対象は登録済みだ。
重複個体は受け取れない。",,,,2,GEN3_JP_MESSAGE_WINDOW_CHECK_REQUIRED,実charmap encodeはintegration buildで検証。
DIALOGUE_EVENT_STARTER_LAB_NATIONAL_0158,EVENT_STARTER_LAB_NATIONAL_0158,LOCKED,研究員,"まだ反応がない。
調査条件を満たしていない。",,,,2,GEN3_JP_MESSAGE_WINDOW_CHECK_REQUIRED,実charmap encodeはintegration buildで検証。
DIALOGUE_EVENT_STARTER_LAB_NATIONAL_0158,EVENT_STARTER_LAB_NATIONAL_0158,INTRO,研究員,"ワニノコの研究タマゴを
受け取りますか？",はい,いいえ,PREPARE,2,GEN3_JP_MESSAGE_WINDOW_CHECK_REQUIRED,実charmap encodeはintegration buildで検証。
DIALOGUE_EVENT_STARTER_LAB_NATIONAL_0158,EVENT_STARTER_LAB_NATIONAL_0158,CANCEL,研究員,"処理を中止した。
記録も素材も変更していない。",,,,2,GEN3_JP_MESSAGE_WINDOW_CHECK_REQUIRED,実charmap encodeはintegration buildで検証。
DIALOGUE_EVENT_STARTER_LAB_NATIONAL_0158,EVENT_STARTER_LAB_NATIONAL_0158,DEFEAT,研究員,"ワニノコの反応が消えた。
再入場すれば再調査できる。",,,,2,GEN3_JP_MESSAGE_WINDOW_CHECK_REQUIRED,実charmap encodeはintegration buildで検証。
DIALOGUE_EVENT_STARTER_LAB_NATIONAL_0158,EVENT_STARTER_LAB_NATIONAL_0158,ESCAPE,研究員,"ワニノコを見失った。
記録は未確定のままだ。",,,,2,GEN3_JP_MESSAGE_WINDOW_CHECK_REQUIRED,実charmap encodeはintegration buildで検証。
DIALOGUE_EVENT_STARTER_LAB_NATIONAL_0158,EVENT_STARTER_LAB_NATIONAL_0158,PARTY_FULL,研究員,"手持ちがいっぱいだ。
PCへの転送を確認する。",,,,2,GEN3_JP_MESSAGE_WINDOW_CHECK_REQUIRED,実charmap encodeはintegration buildで検証。
DIALOGUE_EVENT_STARTER_LAB_NATIONAL_0158,EVENT_STARTER_LAB_NATIONAL_0158,BOX_FULL,研究員,"PCと保管枠がいっぱいだ。
何も消費せず中止した。",,,,2,GEN3_JP_MESSAGE_WINDOW_CHECK_REQUIRED,実charmap encodeはintegration buildで検証。
DIALOGUE_EVENT_STARTER_LAB_NATIONAL_0158,EVENT_STARTER_LAB_NATIONAL_0158,SUCCESS,研究員,"ワニノコのタマゴを預かった。
受取記録を保存した。",,,,2,GEN3_JP_MESSAGE_WINDOW_CHECK_REQUIRED,実charmap encodeはintegration buildで検証。
DIALOGUE_EVENT_STARTER_LAB_NATIONAL_0158,EVENT_STARTER_LAB_NATIONAL_0158,ALREADY,研究員,"この対象は登録済みだ。
重複個体は受け取れない。",,,,2,GEN3_JP_MESSAGE_WINDOW_CHECK_REQUIRED,実charmap encodeはintegration buildで検証。
DIALOGUE_EVENT_STARTER_LAB_NATIONAL_0252,EVENT_STARTER_LAB_NATIONAL_0252,LOCKED,研究員,"まだ反応がない。
調査条件を満たしていない。",,,,2,GEN3_JP_MESSAGE_WINDOW_CHECK_REQUIRED,実charmap encodeはintegration buildで検証。
DIALOGUE_EVENT_STARTER_LAB_NATIONAL_0252,EVENT_STARTER_LAB_NATIONAL_0252,INTRO,研究員,"キモリの研究タマゴを
受け取りますか？",はい,いいえ,PREPARE,2,GEN3_JP_MESSAGE_WINDOW_CHECK_REQUIRED,実charmap encodeはintegration buildで検証。
DIALOGUE_EVENT_STARTER_LAB_NATIONAL_0252,EVENT_STARTER_LAB_NATIONAL_0252,CANCEL,研究員,"処理を中止した。
記録も素材も変更していない。",,,,2,GEN3_JP_MESSAGE_WINDOW_CHECK_REQUIRED,実charmap encodeはintegration buildで検証。
DIALOGUE_EVENT_STARTER_LAB_NATIONAL_0252,EVENT_STARTER_LAB_NATIONAL_0252,DEFEAT,研究員,"キモリの反応が消えた。
再入場すれば再調査できる。",,,,2,GEN3_JP_MESSAGE_WINDOW_CHECK_REQUIRED,実charmap encodeはintegration buildで検証。
DIALOGUE_EVENT_STARTER_LAB_NATIONAL_0252,EVENT_STARTER_LAB_NATIONAL_0252,ESCAPE,研究員,"キモリを見失った。
記録は未確定のままだ。",,,,2,GEN3_JP_MESSAGE_WINDOW_CHECK_REQUIRED,実charmap encodeはintegration buildで検証。
DIALOGUE_EVENT_STARTER_LAB_NATIONAL_0252,EVENT_STARTER_LAB_NATIONAL_0252,PARTY_FULL,研究員,"手持ちがいっぱいだ。
PCへの転送を確認する。",,,,2,GEN3_JP_MESSAGE_WINDOW_CHECK_REQUIRED,実charmap encodeはintegration buildで検証。
DIALOGUE_EVENT_STARTER_LAB_NATIONAL_0252,EVENT_STARTER_LAB_NATIONAL_0252,BOX_FULL,研究員,"PCと保管枠がいっぱいだ。
何も消費せず中止した。",,,,2,GEN3_JP_MESSAGE_WINDOW_CHECK_REQUIRED,実charmap encodeはintegration buildで検証。
DIALOGUE_EVENT_STARTER_LAB_NATIONAL_0252,EVENT_STARTER_LAB_NATIONAL_0252,SUCCESS,研究員,"キモリのタマゴを預かった。
受取記録を保存した。",,,,2,GEN3_JP_MESSAGE_WINDOW_CHECK_REQUIRED,実charmap encodeはintegration buildで検証。
DIALOGUE_EVENT_STARTER_LAB_NATIONAL_0252,EVENT_STARTER_LAB_NATIONAL_0252,ALREADY,研究員,"この対象は登録済みだ。
重複個体は受け取れない。",,,,2,GEN3_JP_MESSAGE_WINDOW_CHECK_REQUIRED,実charmap encodeはintegration buildで検証。
DIALOGUE_EVENT_STARTER_LAB_NATIONAL_0255,EVENT_STARTER_LAB_NATIONAL_0255,LOCKED,研究員,"まだ反応がない。
調査条件を満たしていない。",,,,2,GEN3_JP_MESSAGE_WINDOW_CHECK_REQUIRED,実charmap encodeはintegration buildで検証。
DIALOGUE_EVENT_STARTER_LAB_NATIONAL_0255,EVENT_STARTER_LAB_NATIONAL_0255,INTRO,研究員,"アチャモの研究タマゴを
受け取りますか？",はい,いいえ,PREPARE,2,GEN3_JP_MESSAGE_WINDOW_CHECK_REQUIRED,実charmap encodeはintegration buildで検証。
DIALOGUE_EVENT_STARTER_LAB_NATIONAL_0255,EVENT_STARTER_LAB_NATIONAL_0255,CANCEL,研究員,"処理を中止した。
記録も素材も変更していない。",,,,2,GEN3_JP_MESSAGE_WINDOW_CHECK_REQUIRED,実charmap encodeはintegration buildで検証。
DIALOGUE_EVENT_STARTER_LAB_NATIONAL_0255,EVENT_STARTER_LAB_NATIONAL_0255,DEFEAT,研究員,"アチャモの反応が消えた。
再入場すれば再調査できる。",,,,2,GEN3_JP_MESSAGE_WINDOW_CHECK_REQUIRED,実charmap encodeはintegration buildで検証。
DIALOGUE_EVENT_STARTER_LAB_NATIONAL_0255,EVENT_STARTER_LAB_NATIONAL_0255,ESCAPE,研究員,"アチャモを見失った。
記録は未確定のままだ。",,,,2,GEN3_JP_MESSAGE_WINDOW_CHECK_REQUIRED,実charmap encodeはintegration buildで検証。
DIALOGUE_EVENT_STARTER_LAB_NATIONAL_0255,EVENT_STARTER_LAB_NATIONAL_0255,PARTY_FULL,研究員,"手持ちがいっぱいだ。
PCへの転送を確認する。",,,,2,GEN3_JP_MESSAGE_WINDOW_CHECK_REQUIRED,実charmap encodeはintegration buildで検証。
DIALOGUE_EVENT_STARTER_LAB_NATIONAL_0255,EVENT_STARTER_LAB_NATIONAL_0255,BOX_FULL,研究員,"PCと保管枠がいっぱいだ。
何も消費せず中止した。",,,,2,GEN3_JP_MESSAGE_WINDOW_CHECK_REQUIRED,実charmap encodeはintegration buildで検証。
DIALOGUE_EVENT_STARTER_LAB_NATIONAL_0255,EVENT_STARTER_LAB_NATIONAL_0255,SUCCESS,研究員,"アチャモのタマゴを預かった。
受取記録を保存した。",,,,2,GEN3_JP_MESSAGE_WINDOW_CHECK_REQUIRED,実charmap encodeはintegration buildで検証。
DIALOGUE_EVENT_STARTER_LAB_NATIONAL_0255,EVENT_STARTER_LAB_NATIONAL_0255,ALREADY,研究員,"この対象は登録済みだ。
重複個体は受け取れない。",,,,2,GEN3_JP_MESSAGE_WINDOW_CHECK_REQUIRED,実charmap encodeはintegration buildで検証。
DIALOGUE_EVENT_STARTER_LAB_NATIONAL_0258,EVENT_STARTER_LAB_NATIONAL_0258,LOCKED,研究員,"まだ反応がない。
調査条件を満たしていない。",,,,2,GEN3_JP_MESSAGE_WINDOW_CHECK_REQUIRED,実charmap encodeはintegration buildで検証。
DIALOGUE_EVENT_STARTER_LAB_NATIONAL_0258,EVENT_STARTER_LAB_NATIONAL_0258,INTRO,研究員,"ミズゴロウの研究タマゴを
受け取りますか？",はい,いいえ,PREPARE,2,GEN3_JP_MESSAGE_WINDOW_CHECK_REQUIRED,実charmap encodeはintegration buildで検証。
DIALOGUE_EVENT_STARTER_LAB_NATIONAL_0258,EVENT_STARTER_LAB_NATIONAL_0258,CANCEL,研究員,"処理を中止した。
記録も素材も変更していない。",,,,2,GEN3_JP_MESSAGE_WINDOW_CHECK_REQUIRED,実charmap encodeはintegration buildで検証。
DIALOGUE_EVENT_STARTER_LAB_NATIONAL_0258,EVENT_STARTER_LAB_NATIONAL_0258,DEFEAT,研究員,"ミズゴロウの反応が消えた。
再入場すれば再調査できる。",,,,2,GEN3_JP_MESSAGE_WINDOW_CHECK_REQUIRED,実charmap encodeはintegration buildで検証。
DIALOGUE_EVENT_STARTER_LAB_NATIONAL_0258,EVENT_STARTER_LAB_NATIONAL_0258,ESCAPE,研究員,"ミズゴロウを見失った。
記録は未確定のままだ。",,,,2,GEN3_JP_MESSAGE_WINDOW_CHECK_REQUIRED,実charmap encodeはintegration buildで検証。
DIALOGUE_EVENT_STARTER_LAB_NATIONAL_0258,EVENT_STARTER_LAB_NATIONAL_0258,PARTY_FULL,研究員,"手持ちがいっぱいだ。
PCへの転送を確認する。",,,,2,GEN3_JP_MESSAGE_WINDOW_CHECK_REQUIRED,実charmap encodeはintegration buildで検証。
DIALOGUE_EVENT_STARTER_LAB_NATIONAL_0258,EVENT_STARTER_LAB_NATIONAL_0258,BOX_FULL,研究員,"PCと保管枠がいっぱいだ。
何も消費せず中止した。",,,,2,GEN3_JP_MESSAGE_WINDOW_CHECK_REQUIRED,実charmap encodeはintegration buildで検証。
DIALOGUE_EVENT_STARTER_LAB_NATIONAL_0258,EVENT_STARTER_LAB_NATIONAL_0258,SUCCESS,研究員,"ミズゴロウのタマゴを預かった。
受取記録を保存した。",,,,2,GEN3_JP_MESSAGE_WINDOW_CHECK_REQUIRED,実charmap encodeはintegration buildで検証。
DIALOGUE_EVENT_STARTER_LAB_NATIONAL_0258,EVENT_STARTER_LAB_NATIONAL_0258,ALREADY,研究員,"この対象は登録済みだ。
重複個体は受け取れない。",,,,2,GEN3_JP_MESSAGE_WINDOW_CHECK_REQUIRED,実charmap encodeはintegration buildで検証。
DIALOGUE_EVENT_STARTER_LAB_NATIONAL_0387,EVENT_STARTER_LAB_NATIONAL_0387,LOCKED,研究員,"まだ反応がない。
調査条件を満たしていない。",,,,2,GEN3_JP_MESSAGE_WINDOW_CHECK_REQUIRED,実charmap encodeはintegration buildで検証。
DIALOGUE_EVENT_STARTER_LAB_NATIONAL_0387,EVENT_STARTER_LAB_NATIONAL_0387,INTRO,研究員,"ナエトルの研究タマゴを
受け取りますか？",はい,いいえ,PREPARE,2,GEN3_JP_MESSAGE_WINDOW_CHECK_REQUIRED,実charmap encodeはintegration buildで検証。
DIALOGUE_EVENT_STARTER_LAB_NATIONAL_0387,EVENT_STARTER_LAB_NATIONAL_0387,CANCEL,研究員,"処理を中止した。
記録も素材も変更していない。",,,,2,GEN3_JP_MESSAGE_WINDOW_CHECK_REQUIRED,実charmap encodeはintegration buildで検証。
DIALOGUE_EVENT_STARTER_LAB_NATIONAL_0387,EVENT_STARTER_LAB_NATIONAL_0387,DEFEAT,研究員,"ナエトルの反応が消えた。
再入場すれば再調査できる。",,,,2,GEN3_JP_MESSAGE_WINDOW_CHECK_REQUIRED,実charmap encodeはintegration buildで検証。
DIALOGUE_EVENT_STARTER_LAB_NATIONAL_0387,EVENT_STARTER_LAB_NATIONAL_0387,ESCAPE,研究員,"ナエトルを見失った。
記録は未確定のままだ。",,,,2,GEN3_JP_MESSAGE_WINDOW_CHECK_REQUIRED,実charmap encodeはintegration buildで検証。
DIALOGUE_EVENT_STARTER_LAB_NATIONAL_0387,EVENT_STARTER_LAB_NATIONAL_0387,PARTY_FULL,研究員,"手持ちがいっぱいだ。
PCへの転送を確認する。",,,,2,GEN3_JP_MESSAGE_WINDOW_CHECK_REQUIRED,実charmap encodeはintegration buildで検証。
DIALOGUE_EVENT_STARTER_LAB_NATIONAL_0387,EVENT_STARTER_LAB_NATIONAL_0387,BOX_FULL,研究員,"PCと保管枠がいっぱいだ。
何も消費せず中止した。",,,,2,GEN3_JP_MESSAGE_WINDOW_CHECK_REQUIRED,実charmap encodeはintegration buildで検証。
DIALOGUE_EVENT_STARTER_LAB_NATIONAL_0387,EVENT_STARTER_LAB_NATIONAL_0387,SUCCESS,研究員,"ナエトルのタマゴを預かった。
受取記録を保存した。",,,,2,GEN3_JP_MESSAGE_WINDOW_CHECK_REQUIRED,実charmap encodeはintegration buildで検証。
DIALOGUE_EVENT_STARTER_LAB_NATIONAL_0387,EVENT_STARTER_LAB_NATIONAL_0387,ALREADY,研究員,"この対象は登録済みだ。
重複個体は受け取れない。",,,,2,GEN3_JP_MESSAGE_WINDOW_CHECK_REQUIRED,実charmap encodeはintegration buildで検証。
DIALOGUE_EVENT_STARTER_LAB_NATIONAL_0390,EVENT_STARTER_LAB_NATIONAL_0390,LOCKED,研究員,"まだ反応がない。
調査条件を満たしていない。",,,,2,GEN3_JP_MESSAGE_WINDOW_CHECK_REQUIRED,実charmap encodeはintegration buildで検証。
DIALOGUE_EVENT_STARTER_LAB_NATIONAL_0390,EVENT_STARTER_LAB_NATIONAL_0390,INTRO,研究員,"ヒコザルの研究タマゴを
受け取りますか？",はい,いいえ,PREPARE,2,GEN3_JP_MESSAGE_WINDOW_CHECK_REQUIRED,実charmap encodeはintegration buildで検証。
DIALOGUE_EVENT_STARTER_LAB_NATIONAL_0390,EVENT_STARTER_LAB_NATIONAL_0390,CANCEL,研究員,"処理を中止した。
記録も素材も変更していない。",,,,2,GEN3_JP_MESSAGE_WINDOW_CHECK_REQUIRED,実charmap encodeはintegration buildで検証。
DIALOGUE_EVENT_STARTER_LAB_NATIONAL_0390,EVENT_STARTER_LAB_NATIONAL_0390,DEFEAT,研究員,"ヒコザルの反応が消えた。
再入場すれば再調査できる。",,,,2,GEN3_JP_MESSAGE_WINDOW_CHECK_REQUIRED,実charmap encodeはintegration buildで検証。
DIALOGUE_EVENT_STARTER_LAB_NATIONAL_0390,EVENT_STARTER_LAB_NATIONAL_0390,ESCAPE,研究員,"ヒコザルを見失った。
記録は未確定のままだ。",,,,2,GEN3_JP_MESSAGE_WINDOW_CHECK_REQUIRED,実charmap encodeはintegration buildで検証。
DIALOGUE_EVENT_STARTER_LAB_NATIONAL_0390,EVENT_STARTER_LAB_NATIONAL_0390,PARTY_FULL,研究員,"手持ちがいっぱいだ。
PCへの転送を確認する。",,,,2,GEN3_JP_MESSAGE_WINDOW_CHECK_REQUIRED,実charmap encodeはintegration buildで検証。
DIALOGUE_EVENT_STARTER_LAB_NATIONAL_0390,EVENT_STARTER_LAB_NATIONAL_0390,BOX_FULL,研究員,"PCと保管枠がいっぱいだ。
何も消費せず中止した。",,,,2,GEN3_JP_MESSAGE_WINDOW_CHECK_REQUIRED,実charmap encodeはintegration buildで検証。
DIALOGUE_EVENT_STARTER_LAB_NATIONAL_0390,EVENT_STARTER_LAB_NATIONAL_0390,SUCCESS,研究員,"ヒコザルのタマゴを預かった。
受取記録を保存した。",,,,2,GEN3_JP_MESSAGE_WINDOW_CHECK_REQUIRED,実charmap encodeはintegration buildで検証。
DIALOGUE_EVENT_STARTER_LAB_NATIONAL_0390,EVENT_STARTER_LAB_NATIONAL_0390,ALREADY,研究員,"この対象は登録済みだ。
重複個体は受け取れない。",,,,2,GEN3_JP_MESSAGE_WINDOW_CHECK_REQUIRED,実charmap encodeはintegration buildで検証。
DIALOGUE_EVENT_STARTER_LAB_NATIONAL_0393,EVENT_STARTER_LAB_NATIONAL_0393,LOCKED,研究員,"まだ反応がない。
調査条件を満たしていない。",,,,2,GEN3_JP_MESSAGE_WINDOW_CHECK_REQUIRED,実charmap encodeはintegration buildで検証。
DIALOGUE_EVENT_STARTER_LAB_NATIONAL_0393,EVENT_STARTER_LAB_NATIONAL_0393,INTRO,研究員,"ポッチャマの研究タマゴを
受け取りますか？",はい,いいえ,PREPARE,2,GEN3_JP_MESSAGE_WINDOW_CHECK_REQUIRED,実charmap encodeはintegration buildで検証。
DIALOGUE_EVENT_STARTER_LAB_NATIONAL_0393,EVENT_STARTER_LAB_NATIONAL_0393,CANCEL,研究員,"処理を中止した。
記録も素材も変更していない。",,,,2,GEN3_JP_MESSAGE_WINDOW_CHECK_REQUIRED,実charmap encodeはintegration buildで検証。
DIALOGUE_EVENT_STARTER_LAB_NATIONAL_0393,EVENT_STARTER_LAB_NATIONAL_0393,DEFEAT,研究員,"ポッチャマの反応が消えた。
再入場すれば再調査できる。",,,,2,GEN3_JP_MESSAGE_WINDOW_CHECK_REQUIRED,実charmap encodeはintegration buildで検証。
DIALOGUE_EVENT_STARTER_LAB_NATIONAL_0393,EVENT_STARTER_LAB_NATIONAL_0393,ESCAPE,研究員,"ポッチャマを見失った。
記録は未確定のままだ。",,,,2,GEN3_JP_MESSAGE_WINDOW_CHECK_REQUIRED,実charmap encodeはintegration buildで検証。
DIALOGUE_EVENT_STARTER_LAB_NATIONAL_0393,EVENT_STARTER_LAB_NATIONAL_0393,PARTY_FULL,研究員,"手持ちがいっぱいだ。
PCへの転送を確認する。",,,,2,GEN3_JP_MESSAGE_WINDOW_CHECK_REQUIRED,実charmap encodeはintegration buildで検証。
DIALOGUE_EVENT_STARTER_LAB_NATIONAL_0393,EVENT_STARTER_LAB_NATIONAL_0393,BOX_FULL,研究員,"PCと保管枠がいっぱいだ。
何も消費せず中止した。",,,,2,GEN3_JP_MESSAGE_WINDOW_CHECK_REQUIRED,実charmap encodeはintegration buildで検証。
DIALOGUE_EVENT_STARTER_LAB_NATIONAL_0393,EVENT_STARTER_LAB_NATIONAL_0393,SUCCESS,研究員,"ポッチャマのタマゴを預かった。
受取記録を保存した。",,,,2,GEN3_JP_MESSAGE_WINDOW_CHECK_REQUIRED,実charmap encodeはintegration buildで検証。
DIALOGUE_EVENT_STARTER_LAB_NATIONAL_0393,EVENT_STARTER_LAB_NATIONAL_0393,ALREADY,研究員,"この対象は登録済みだ。
重複個体は受け取れない。",,,,2,GEN3_JP_MESSAGE_WINDOW_CHECK_REQUIRED,実charmap encodeはintegration buildで検証。
DIALOGUE_EVENT_STARTER_LAB_NATIONAL_0495,EVENT_STARTER_LAB_NATIONAL_0495,LOCKED,研究員,"まだ反応がない。
調査条件を満たしていない。",,,,2,GEN3_JP_MESSAGE_WINDOW_CHECK_REQUIRED,実charmap encodeはintegration buildで検証。
DIALOGUE_EVENT_STARTER_LAB_NATIONAL_0495,EVENT_STARTER_LAB_NATIONAL_0495,INTRO,研究員,"ツタージャの研究タマゴを
受け取りますか？",はい,いいえ,PREPARE,2,GEN3_JP_MESSAGE_WINDOW_CHECK_REQUIRED,実charmap encodeはintegration buildで検証。
DIALOGUE_EVENT_STARTER_LAB_NATIONAL_0495,EVENT_STARTER_LAB_NATIONAL_0495,CANCEL,研究員,"処理を中止した。
記録も素材も変更していない。",,,,2,GEN3_JP_MESSAGE_WINDOW_CHECK_REQUIRED,実charmap encodeはintegration buildで検証。
DIALOGUE_EVENT_STARTER_LAB_NATIONAL_0495,EVENT_STARTER_LAB_NATIONAL_0495,DEFEAT,研究員,"ツタージャの反応が消えた。
再入場すれば再調査できる。",,,,2,GEN3_JP_MESSAGE_WINDOW_CHECK_REQUIRED,実charmap encodeはintegration buildで検証。
DIALOGUE_EVENT_STARTER_LAB_NATIONAL_0495,EVENT_STARTER_LAB_NATIONAL_0495,ESCAPE,研究員,"ツタージャを見失った。
記録は未確定のままだ。",,,,2,GEN3_JP_MESSAGE_WINDOW_CHECK_REQUIRED,実charmap encodeはintegration buildで検証。
DIALOGUE_EVENT_STARTER_LAB_NATIONAL_0495,EVENT_STARTER_LAB_NATIONAL_0495,PARTY_FULL,研究員,"手持ちがいっぱいだ。
PCへの転送を確認する。",,,,2,GEN3_JP_MESSAGE_WINDOW_CHECK_REQUIRED,実charmap encodeはintegration buildで検証。
DIALOGUE_EVENT_STARTER_LAB_NATIONAL_0495,EVENT_STARTER_LAB_NATIONAL_0495,BOX_FULL,研究員,"PCと保管枠がいっぱいだ。
何も消費せず中止した。",,,,2,GEN3_JP_MESSAGE_WINDOW_CHECK_REQUIRED,実charmap encodeはintegration buildで検証。
DIALOGUE_EVENT_STARTER_LAB_NATIONAL_0495,EVENT_STARTER_LAB_NATIONAL_0495,SUCCESS,研究員,"ツタージャのタマゴを預かった。
受取記録を保存した。",,,,2,GEN3_JP_MESSAGE_WINDOW_CHECK_REQUIRED,実charmap encodeはintegration buildで検証。
DIALOGUE_EVENT_STARTER_LAB_NATIONAL_0495,EVENT_STARTER_LAB_NATIONAL_0495,ALREADY,研究員,"この対象は登録済みだ。
重複個体は受け取れない。",,,,2,GEN3_JP_MESSAGE_WINDOW_CHECK_REQUIRED,実charmap encodeはintegration buildで検証。
DIALOGUE_EVENT_STARTER_LAB_NATIONAL_0498,EVENT_STARTER_LAB_NATIONAL_0498,LOCKED,研究員,"まだ反応がない。
調査条件を満たしていない。",,,,2,GEN3_JP_MESSAGE_WINDOW_CHECK_REQUIRED,実charmap encodeはintegration buildで検証。
DIALOGUE_EVENT_STARTER_LAB_NATIONAL_0498,EVENT_STARTER_LAB_NATIONAL_0498,INTRO,研究員,"ポカブの研究タマゴを
受け取りますか？",はい,いいえ,PREPARE,2,GEN3_JP_MESSAGE_WINDOW_CHECK_REQUIRED,実charmap encodeはintegration buildで検証。
DIALOGUE_EVENT_STARTER_LAB_NATIONAL_0498,EVENT_STARTER_LAB_NATIONAL_0498,CANCEL,研究員,"処理を中止した。
記録も素材も変更していない。",,,,2,GEN3_JP_MESSAGE_WINDOW_CHECK_REQUIRED,実charmap encodeはintegration buildで検証。
DIALOGUE_EVENT_STARTER_LAB_NATIONAL_0498,EVENT_STARTER_LAB_NATIONAL_0498,DEFEAT,研究員,"ポカブの反応が消えた。
再入場すれば再調査できる。",,,,2,GEN3_JP_MESSAGE_WINDOW_CHECK_REQUIRED,実charmap encodeはintegration buildで検証。
DIALOGUE_EVENT_STARTER_LAB_NATIONAL_0498,EVENT_STARTER_LAB_NATIONAL_0498,ESCAPE,研究員,"ポカブを見失った。
記録は未確定のままだ。",,,,2,GEN3_JP_MESSAGE_WINDOW_CHECK_REQUIRED,実charmap encodeはintegration buildで検証。
DIALOGUE_EVENT_STARTER_LAB_NATIONAL_0498,EVENT_STARTER_LAB_NATIONAL_0498,PARTY_FULL,研究員,"手持ちがいっぱいだ。
PCへの転送を確認する。",,,,2,GEN3_JP_MESSAGE_WINDOW_CHECK_REQUIRED,実charmap encodeはintegration buildで検証。
DIALOGUE_EVENT_STARTER_LAB_NATIONAL_0498,EVENT_STARTER_LAB_NATIONAL_0498,BOX_FULL,研究員,"PCと保管枠がいっぱいだ。
何も消費せず中止した。",,,,2,GEN3_JP_MESSAGE_WINDOW_CHECK_REQUIRED,実charmap encodeはintegration buildで検証。
DIALOGUE_EVENT_STARTER_LAB_NATIONAL_0498,EVENT_STARTER_LAB_NATIONAL_0498,SUCCESS,研究員,"ポカブのタマゴを預かった。
受取記録を保存した。",,,,2,GEN3_JP_MESSAGE_WINDOW_CHECK_REQUIRED,実charmap encodeはintegration buildで検証。
DIALOGUE_EVENT_STARTER_LAB_NATIONAL_0498,EVENT_STARTER_LAB_NATIONAL_0498,ALREADY,研究員,"この対象は登録済みだ。
重複個体は受け取れない。",,,,2,GEN3_JP_MESSAGE_WINDOW_CHECK_REQUIRED,実charmap encodeはintegration buildで検証。
DIALOGUE_EVENT_STARTER_LAB_NATIONAL_0501,EVENT_STARTER_LAB_NATIONAL_0501,LOCKED,研究員,"まだ反応がない。
調査条件を満たしていない。",,,,2,GEN3_JP_MESSAGE_WINDOW_CHECK_REQUIRED,実charmap encodeはintegration buildで検証。
DIALOGUE_EVENT_STARTER_LAB_NATIONAL_0501,EVENT_STARTER_LAB_NATIONAL_0501,INTRO,研究員,"ミジュマルの研究タマゴを
受け取りますか？",はい,いいえ,PREPARE,2,GEN3_JP_MESSAGE_WINDOW_CHECK_REQUIRED,実charmap encodeはintegration buildで検証。
DIALOGUE_EVENT_STARTER_LAB_NATIONAL_0501,EVENT_STARTER_LAB_NATIONAL_0501,CANCEL,研究員,"処理を中止した。
記録も素材も変更していない。",,,,2,GEN3_JP_MESSAGE_WINDOW_CHECK_REQUIRED,実charmap encodeはintegration buildで検証。
DIALOGUE_EVENT_STARTER_LAB_NATIONAL_0501,EVENT_STARTER_LAB_NATIONAL_0501,DEFEAT,研究員,"ミジュマルの反応が消えた。
再入場すれば再調査できる。",,,,2,GEN3_JP_MESSAGE_WINDOW_CHECK_REQUIRED,実charmap encodeはintegration buildで検証。
DIALOGUE_EVENT_STARTER_LAB_NATIONAL_0501,EVENT_STARTER_LAB_NATIONAL_0501,ESCAPE,研究員,"ミジュマルを見失った。
記録は未確定のままだ。",,,,2,GEN3_JP_MESSAGE_WINDOW_CHECK_REQUIRED,実charmap encodeはintegration buildで検証。
DIALOGUE_EVENT_STARTER_LAB_NATIONAL_0501,EVENT_STARTER_LAB_NATIONAL_0501,PARTY_FULL,研究員,"手持ちがいっぱいだ。
PCへの転送を確認する。",,,,2,GEN3_JP_MESSAGE_WINDOW_CHECK_REQUIRED,実charmap encodeはintegration buildで検証。
DIALOGUE_EVENT_STARTER_LAB_NATIONAL_0501,EVENT_STARTER_LAB_NATIONAL_0501,BOX_FULL,研究員,"PCと保管枠がいっぱいだ。
何も消費せず中止した。",,,,2,GEN3_JP_MESSAGE_WINDOW_CHECK_REQUIRED,実charmap encodeはintegration buildで検証。
DIALOGUE_EVENT_STARTER_LAB_NATIONAL_0501,EVENT_STARTER_LAB_NATIONAL_0501,SUCCESS,研究員,"ミジュマルのタマゴを預かった。
受取記録を保存した。",,,,2,GEN3_JP_MESSAGE_WINDOW_CHECK_REQUIRED,実charmap encodeはintegration buildで検証。
DIALOGUE_EVENT_STARTER_LAB_NATIONAL_0501,EVENT_STARTER_LAB_NATIONAL_0501,ALREADY,研究員,"この対象は登録済みだ。
重複個体は受け取れない。",,,,2,GEN3_JP_MESSAGE_WINDOW_CHECK_REQUIRED,実charmap encodeはintegration buildで検証。
DIALOGUE_EVENT_STARTER_LAB_NATIONAL_0650,EVENT_STARTER_LAB_NATIONAL_0650,LOCKED,研究員,"まだ反応がない。
調査条件を満たしていない。",,,,2,GEN3_JP_MESSAGE_WINDOW_CHECK_REQUIRED,実charmap encodeはintegration buildで検証。
DIALOGUE_EVENT_STARTER_LAB_NATIONAL_0650,EVENT_STARTER_LAB_NATIONAL_0650,INTRO,研究員,"ハリマロンの研究タマゴを
受け取りますか？",はい,いいえ,PREPARE,2,GEN3_JP_MESSAGE_WINDOW_CHECK_REQUIRED,実charmap encodeはintegration buildで検証。
DIALOGUE_EVENT_STARTER_LAB_NATIONAL_0650,EVENT_STARTER_LAB_NATIONAL_0650,CANCEL,研究員,"処理を中止した。
記録も素材も変更していない。",,,,2,GEN3_JP_MESSAGE_WINDOW_CHECK_REQUIRED,実charmap encodeはintegration buildで検証。
DIALOGUE_EVENT_STARTER_LAB_NATIONAL_0650,EVENT_STARTER_LAB_NATIONAL_0650,DEFEAT,研究員,"ハリマロンの反応が消えた。
再入場すれば再調査できる。",,,,2,GEN3_JP_MESSAGE_WINDOW_CHECK_REQUIRED,実charmap encodeはintegration buildで検証。
DIALOGUE_EVENT_STARTER_LAB_NATIONAL_0650,EVENT_STARTER_LAB_NATIONAL_0650,ESCAPE,研究員,"ハリマロンを見失った。
記録は未確定のままだ。",,,,2,GEN3_JP_MESSAGE_WINDOW_CHECK_REQUIRED,実charmap encodeはintegration buildで検証。
DIALOGUE_EVENT_STARTER_LAB_NATIONAL_0650,EVENT_STARTER_LAB_NATIONAL_0650,PARTY_FULL,研究員,"手持ちがいっぱいだ。
PCへの転送を確認する。",,,,2,GEN3_JP_MESSAGE_WINDOW_CHECK_REQUIRED,実charmap encodeはintegration buildで検証。
DIALOGUE_EVENT_STARTER_LAB_NATIONAL_0650,EVENT_STARTER_LAB_NATIONAL_0650,BOX_FULL,研究員,"PCと保管枠がいっぱいだ。
何も消費せず中止した。",,,,2,GEN3_JP_MESSAGE_WINDOW_CHECK_REQUIRED,実charmap encodeはintegration buildで検証。
DIALOGUE_EVENT_STARTER_LAB_NATIONAL_0650,EVENT_STARTER_LAB_NATIONAL_0650,SUCCESS,研究員,"ハリマロンのタマゴを預かった。
受取記録を保存した。",,,,2,GEN3_JP_MESSAGE_WINDOW_CHECK_REQUIRED,実charmap encodeはintegration buildで検証。
DIALOGUE_EVENT_STARTER_LAB_NATIONAL_0650,EVENT_STARTER_LAB_NATIONAL_0650,ALREADY,研究員,"この対象は登録済みだ。
重複個体は受け取れない。",,,,2,GEN3_JP_MESSAGE_WINDOW_CHECK_REQUIRED,実charmap encodeはintegration buildで検証。
DIALOGUE_EVENT_STARTER_LAB_NATIONAL_0653,EVENT_STARTER_LAB_NATIONAL_0653,LOCKED,研究員,"まだ反応がない。
調査条件を満たしていない。",,,,2,GEN3_JP_MESSAGE_WINDOW_CHECK_REQUIRED,実charmap encodeはintegration buildで検証。
DIALOGUE_EVENT_STARTER_LAB_NATIONAL_0653,EVENT_STARTER_LAB_NATIONAL_0653,INTRO,研究員,"フォッコの研究タマゴを
受け取りますか？",はい,いいえ,PREPARE,2,GEN3_JP_MESSAGE_WINDOW_CHECK_REQUIRED,実charmap encodeはintegration buildで検証。
DIALOGUE_EVENT_STARTER_LAB_NATIONAL_0653,EVENT_STARTER_LAB_NATIONAL_0653,CANCEL,研究員,"処理を中止した。
記録も素材も変更していない。",,,,2,GEN3_JP_MESSAGE_WINDOW_CHECK_REQUIRED,実charmap encodeはintegration buildで検証。
DIALOGUE_EVENT_STARTER_LAB_NATIONAL_0653,EVENT_STARTER_LAB_NATIONAL_0653,DEFEAT,研究員,"フォッコの反応が消えた。
再入場すれば再調査できる。",,,,2,GEN3_JP_MESSAGE_WINDOW_CHECK_REQUIRED,実charmap encodeはintegration buildで検証。
DIALOGUE_EVENT_STARTER_LAB_NATIONAL_0653,EVENT_STARTER_LAB_NATIONAL_0653,ESCAPE,研究員,"フォッコを見失った。
記録は未確定のままだ。",,,,2,GEN3_JP_MESSAGE_WINDOW_CHECK_REQUIRED,実charmap encodeはintegration buildで検証。
DIALOGUE_EVENT_STARTER_LAB_NATIONAL_0653,EVENT_STARTER_LAB_NATIONAL_0653,PARTY_FULL,研究員,"手持ちがいっぱいだ。
PCへの転送を確認する。",,,,2,GEN3_JP_MESSAGE_WINDOW_CHECK_REQUIRED,実charmap encodeはintegration buildで検証。
DIALOGUE_EVENT_STARTER_LAB_NATIONAL_0653,EVENT_STARTER_LAB_NATIONAL_0653,BOX_FULL,研究員,"PCと保管枠がいっぱいだ。
何も消費せず中止した。",,,,2,GEN3_JP_MESSAGE_WINDOW_CHECK_REQUIRED,実charmap encodeはintegration buildで検証。
DIALOGUE_EVENT_STARTER_LAB_NATIONAL_0653,EVENT_STARTER_LAB_NATIONAL_0653,SUCCESS,研究員,"フォッコのタマゴを預かった。
受取記録を保存した。",,,,2,GEN3_JP_MESSAGE_WINDOW_CHECK_REQUIRED,実charmap encodeはintegration buildで検証。
DIALOGUE_EVENT_STARTER_LAB_NATIONAL_0653,EVENT_STARTER_LAB_NATIONAL_0653,ALREADY,研究員,"この対象は登録済みだ。
重複個体は受け取れない。",,,,2,GEN3_JP_MESSAGE_WINDOW_CHECK_REQUIRED,実charmap encodeはintegration buildで検証。
DIALOGUE_EVENT_STARTER_LAB_NATIONAL_0656,EVENT_STARTER_LAB_NATIONAL_0656,LOCKED,研究員,"まだ反応がない。
調査条件を満たしていない。",,,,2,GEN3_JP_MESSAGE_WINDOW_CHECK_REQUIRED,実charmap encodeはintegration buildで検証。
DIALOGUE_EVENT_STARTER_LAB_NATIONAL_0656,EVENT_STARTER_LAB_NATIONAL_0656,INTRO,研究員,"ケロマツの研究タマゴを
受け取りますか？",はい,いいえ,PREPARE,2,GEN3_JP_MESSAGE_WINDOW_CHECK_REQUIRED,実charmap encodeはintegration buildで検証。
DIALOGUE_EVENT_STARTER_LAB_NATIONAL_0656,EVENT_STARTER_LAB_NATIONAL_0656,CANCEL,研究員,"処理を中止した。
記録も素材も変更していない。",,,,2,GEN3_JP_MESSAGE_WINDOW_CHECK_REQUIRED,実charmap encodeはintegration buildで検証。
DIALOGUE_EVENT_STARTER_LAB_NATIONAL_0656,EVENT_STARTER_LAB_NATIONAL_0656,DEFEAT,研究員,"ケロマツの反応が消えた。
再入場すれば再調査できる。",,,,2,GEN3_JP_MESSAGE_WINDOW_CHECK_REQUIRED,実charmap encodeはintegration buildで検証。
DIALOGUE_EVENT_STARTER_LAB_NATIONAL_0656,EVENT_STARTER_LAB_NATIONAL_0656,ESCAPE,研究員,"ケロマツを見失った。
記録は未確定のままだ。",,,,2,GEN3_JP_MESSAGE_WINDOW_CHECK_REQUIRED,実charmap encodeはintegration buildで検証。
DIALOGUE_EVENT_STARTER_LAB_NATIONAL_0656,EVENT_STARTER_LAB_NATIONAL_0656,PARTY_FULL,研究員,"手持ちがいっぱいだ。
PCへの転送を確認する。",,,,2,GEN3_JP_MESSAGE_WINDOW_CHECK_REQUIRED,実charmap encodeはintegration buildで検証。
DIALOGUE_EVENT_STARTER_LAB_NATIONAL_0656,EVENT_STARTER_LAB_NATIONAL_0656,BOX_FULL,研究員,"PCと保管枠がいっぱいだ。
何も消費せず中止した。",,,,2,GEN3_JP_MESSAGE_WINDOW_CHECK_REQUIRED,実charmap encodeはintegration buildで検証。
DIALOGUE_EVENT_STARTER_LAB_NATIONAL_0656,EVENT_STARTER_LAB_NATIONAL_0656,SUCCESS,研究員,"ケロマツのタマゴを預かった。
受取記録を保存した。",,,,2,GEN3_JP_MESSAGE_WINDOW_CHECK_REQUIRED,実charmap encodeはintegration buildで検証。
DIALOGUE_EVENT_STARTER_LAB_NATIONAL_0656,EVENT_STARTER_LAB_NATIONAL_0656,ALREADY,研究員,"この対象は登録済みだ。
重複個体は受け取れない。",,,,2,GEN3_JP_MESSAGE_WINDOW_CHECK_REQUIRED,実charmap encodeはintegration buildで検証。
DIALOGUE_EVENT_STARTER_LAB_NATIONAL_0722,EVENT_STARTER_LAB_NATIONAL_0722,LOCKED,研究員,"まだ反応がない。
調査条件を満たしていない。",,,,2,GEN3_JP_MESSAGE_WINDOW_CHECK_REQUIRED,実charmap encodeはintegration buildで検証。
DIALOGUE_EVENT_STARTER_LAB_NATIONAL_0722,EVENT_STARTER_LAB_NATIONAL_0722,INTRO,研究員,"モクローの研究タマゴを
受け取りますか？",はい,いいえ,PREPARE,2,GEN3_JP_MESSAGE_WINDOW_CHECK_REQUIRED,実charmap encodeはintegration buildで検証。
DIALOGUE_EVENT_STARTER_LAB_NATIONAL_0722,EVENT_STARTER_LAB_NATIONAL_0722,CANCEL,研究員,"処理を中止した。
記録も素材も変更していない。",,,,2,GEN3_JP_MESSAGE_WINDOW_CHECK_REQUIRED,実charmap encodeはintegration buildで検証。
DIALOGUE_EVENT_STARTER_LAB_NATIONAL_0722,EVENT_STARTER_LAB_NATIONAL_0722,DEFEAT,研究員,"モクローの反応が消えた。
再入場すれば再調査できる。",,,,2,GEN3_JP_MESSAGE_WINDOW_CHECK_REQUIRED,実charmap encodeはintegration buildで検証。
DIALOGUE_EVENT_STARTER_LAB_NATIONAL_0722,EVENT_STARTER_LAB_NATIONAL_0722,ESCAPE,研究員,"モクローを見失った。
記録は未確定のままだ。",,,,2,GEN3_JP_MESSAGE_WINDOW_CHECK_REQUIRED,実charmap encodeはintegration buildで検証。
DIALOGUE_EVENT_STARTER_LAB_NATIONAL_0722,EVENT_STARTER_LAB_NATIONAL_0722,PARTY_FULL,研究員,"手持ちがいっぱいだ。
PCへの転送を確認する。",,,,2,GEN3_JP_MESSAGE_WINDOW_CHECK_REQUIRED,実charmap encodeはintegration buildで検証。
DIALOGUE_EVENT_STARTER_LAB_NATIONAL_0722,EVENT_STARTER_LAB_NATIONAL_0722,BOX_FULL,研究員,"PCと保管枠がいっぱいだ。
何も消費せず中止した。",,,,2,GEN3_JP_MESSAGE_WINDOW_CHECK_REQUIRED,実charmap encodeはintegration buildで検証。
DIALOGUE_EVENT_STARTER_LAB_NATIONAL_0722,EVENT_STARTER_LAB_NATIONAL_0722,SUCCESS,研究員,"モクローのタマゴを預かった。
受取記録を保存した。",,,,2,GEN3_JP_MESSAGE_WINDOW_CHECK_REQUIRED,実charmap encodeはintegration buildで検証。
DIALOGUE_EVENT_STARTER_LAB_NATIONAL_0722,EVENT_STARTER_LAB_NATIONAL_0722,ALREADY,研究員,"この対象は登録済みだ。
重複個体は受け取れない。",,,,2,GEN3_JP_MESSAGE_WINDOW_CHECK_REQUIRED,実charmap encodeはintegration buildで検証。
DIALOGUE_EVENT_STARTER_LAB_NATIONAL_0725,EVENT_STARTER_LAB_NATIONAL_0725,LOCKED,研究員,"まだ反応がない。
調査条件を満たしていない。",,,,2,GEN3_JP_MESSAGE_WINDOW_CHECK_REQUIRED,実charmap encodeはintegration buildで検証。
DIALOGUE_EVENT_STARTER_LAB_NATIONAL_0725,EVENT_STARTER_LAB_NATIONAL_0725,INTRO,研究員,"ニャビーの研究タマゴを
受け取りますか？",はい,いいえ,PREPARE,2,GEN3_JP_MESSAGE_WINDOW_CHECK_REQUIRED,実charmap encodeはintegration buildで検証。
DIALOGUE_EVENT_STARTER_LAB_NATIONAL_0725,EVENT_STARTER_LAB_NATIONAL_0725,CANCEL,研究員,"処理を中止した。
記録も素材も変更していない。",,,,2,GEN3_JP_MESSAGE_WINDOW_CHECK_REQUIRED,実charmap encodeはintegration buildで検証。
DIALOGUE_EVENT_STARTER_LAB_NATIONAL_0725,EVENT_STARTER_LAB_NATIONAL_0725,DEFEAT,研究員,"ニャビーの反応が消えた。
再入場すれば再調査できる。",,,,2,GEN3_JP_MESSAGE_WINDOW_CHECK_REQUIRED,実charmap encodeはintegration buildで検証。
DIALOGUE_EVENT_STARTER_LAB_NATIONAL_0725,EVENT_STARTER_LAB_NATIONAL_0725,ESCAPE,研究員,"ニャビーを見失った。
記録は未確定のままだ。",,,,2,GEN3_JP_MESSAGE_WINDOW_CHECK_REQUIRED,実charmap encodeはintegration buildで検証。
DIALOGUE_EVENT_STARTER_LAB_NATIONAL_0725,EVENT_STARTER_LAB_NATIONAL_0725,PARTY_FULL,研究員,"手持ちがいっぱいだ。
PCへの転送を確認する。",,,,2,GEN3_JP_MESSAGE_WINDOW_CHECK_REQUIRED,実charmap encodeはintegration buildで検証。
DIALOGUE_EVENT_STARTER_LAB_NATIONAL_0725,EVENT_STARTER_LAB_NATIONAL_0725,BOX_FULL,研究員,"PCと保管枠がいっぱいだ。
何も消費せず中止した。",,,,2,GEN3_JP_MESSAGE_WINDOW_CHECK_REQUIRED,実charmap encodeはintegration buildで検証。
DIALOGUE_EVENT_STARTER_LAB_NATIONAL_0725,EVENT_STARTER_LAB_NATIONAL_0725,SUCCESS,研究員,"ニャビーのタマゴを預かった。
受取記録を保存した。",,,,2,GEN3_JP_MESSAGE_WINDOW_CHECK_REQUIRED,実charmap encodeはintegration buildで検証。
DIALOGUE_EVENT_STARTER_LAB_NATIONAL_0725,EVENT_STARTER_LAB_NATIONAL_0725,ALREADY,研究員,"この対象は登録済みだ。
重複個体は受け取れない。",,,,2,GEN3_JP_MESSAGE_WINDOW_CHECK_REQUIRED,実charmap encodeはintegration buildで検証。
DIALOGUE_EVENT_STARTER_LAB_NATIONAL_0728,EVENT_STARTER_LAB_NATIONAL_0728,LOCKED,研究員,"まだ反応がない。
調査条件を満たしていない。",,,,2,GEN3_JP_MESSAGE_WINDOW_CHECK_REQUIRED,実charmap encodeはintegration buildで検証。
DIALOGUE_EVENT_STARTER_LAB_NATIONAL_0728,EVENT_STARTER_LAB_NATIONAL_0728,INTRO,研究員,"アシマリの研究タマゴを
受け取りますか？",はい,いいえ,PREPARE,2,GEN3_JP_MESSAGE_WINDOW_CHECK_REQUIRED,実charmap encodeはintegration buildで検証。
DIALOGUE_EVENT_STARTER_LAB_NATIONAL_0728,EVENT_STARTER_LAB_NATIONAL_0728,CANCEL,研究員,"処理を中止した。
記録も素材も変更していない。",,,,2,GEN3_JP_MESSAGE_WINDOW_CHECK_REQUIRED,実charmap encodeはintegration buildで検証。
DIALOGUE_EVENT_STARTER_LAB_NATIONAL_0728,EVENT_STARTER_LAB_NATIONAL_0728,DEFEAT,研究員,"アシマリの反応が消えた。
再入場すれば再調査できる。",,,,2,GEN3_JP_MESSAGE_WINDOW_CHECK_REQUIRED,実charmap encodeはintegration buildで検証。
DIALOGUE_EVENT_STARTER_LAB_NATIONAL_0728,EVENT_STARTER_LAB_NATIONAL_0728,ESCAPE,研究員,"アシマリを見失った。
記録は未確定のままだ。",,,,2,GEN3_JP_MESSAGE_WINDOW_CHECK_REQUIRED,実charmap encodeはintegration buildで検証。
DIALOGUE_EVENT_STARTER_LAB_NATIONAL_0728,EVENT_STARTER_LAB_NATIONAL_0728,PARTY_FULL,研究員,"手持ちがいっぱいだ。
PCへの転送を確認する。",,,,2,GEN3_JP_MESSAGE_WINDOW_CHECK_REQUIRED,実charmap encodeはintegration buildで検証。
DIALOGUE_EVENT_STARTER_LAB_NATIONAL_0728,EVENT_STARTER_LAB_NATIONAL_0728,BOX_FULL,研究員,"PCと保管枠がいっぱいだ。
何も消費せず中止した。",,,,2,GEN3_JP_MESSAGE_WINDOW_CHECK_REQUIRED,実charmap encodeはintegration buildで検証。
DIALOGUE_EVENT_STARTER_LAB_NATIONAL_0728,EVENT_STARTER_LAB_NATIONAL_0728,SUCCESS,研究員,"アシマリのタマゴを預かった。
受取記録を保存した。",,,,2,GEN3_JP_MESSAGE_WINDOW_CHECK_REQUIRED,実charmap encodeはintegration buildで検証。
DIALOGUE_EVENT_STARTER_LAB_NATIONAL_0728,EVENT_STARTER_LAB_NATIONAL_0728,ALREADY,研究員,"この対象は登録済みだ。
重複個体は受け取れない。",,,,2,GEN3_JP_MESSAGE_WINDOW_CHECK_REQUIRED,実charmap encodeはintegration buildで検証。
DIALOGUE_EVENT_STARTER_LAB_NATIONAL_0810,EVENT_STARTER_LAB_NATIONAL_0810,LOCKED,研究員,"まだ反応がない。
調査条件を満たしていない。",,,,2,GEN3_JP_MESSAGE_WINDOW_CHECK_REQUIRED,実charmap encodeはintegration buildで検証。
DIALOGUE_EVENT_STARTER_LAB_NATIONAL_0810,EVENT_STARTER_LAB_NATIONAL_0810,INTRO,研究員,"サルノリの研究タマゴを
受け取りますか？",はい,いいえ,PREPARE,2,GEN3_JP_MESSAGE_WINDOW_CHECK_REQUIRED,実charmap encodeはintegration buildで検証。
DIALOGUE_EVENT_STARTER_LAB_NATIONAL_0810,EVENT_STARTER_LAB_NATIONAL_0810,CANCEL,研究員,"処理を中止した。
記録も素材も変更していない。",,,,2,GEN3_JP_MESSAGE_WINDOW_CHECK_REQUIRED,実charmap encodeはintegration buildで検証。
DIALOGUE_EVENT_STARTER_LAB_NATIONAL_0810,EVENT_STARTER_LAB_NATIONAL_0810,DEFEAT,研究員,"サルノリの反応が消えた。
再入場すれば再調査できる。",,,,2,GEN3_JP_MESSAGE_WINDOW_CHECK_REQUIRED,実charmap encodeはintegration buildで検証。
DIALOGUE_EVENT_STARTER_LAB_NATIONAL_0810,EVENT_STARTER_LAB_NATIONAL_0810,ESCAPE,研究員,"サルノリを見失った。
記録は未確定のままだ。",,,,2,GEN3_JP_MESSAGE_WINDOW_CHECK_REQUIRED,実charmap encodeはintegration buildで検証。
DIALOGUE_EVENT_STARTER_LAB_NATIONAL_0810,EVENT_STARTER_LAB_NATIONAL_0810,PARTY_FULL,研究員,"手持ちがいっぱいだ。
PCへの転送を確認する。",,,,2,GEN3_JP_MESSAGE_WINDOW_CHECK_REQUIRED,実charmap encodeはintegration buildで検証。
DIALOGUE_EVENT_STARTER_LAB_NATIONAL_0810,EVENT_STARTER_LAB_NATIONAL_0810,BOX_FULL,研究員,"PCと保管枠がいっぱいだ。
何も消費せず中止した。",,,,2,GEN3_JP_MESSAGE_WINDOW_CHECK_REQUIRED,実charmap encodeはintegration buildで検証。
DIALOGUE_EVENT_STARTER_LAB_NATIONAL_0810,EVENT_STARTER_LAB_NATIONAL_0810,SUCCESS,研究員,"サルノリのタマゴを預かった。
受取記録を保存した。",,,,2,GEN3_JP_MESSAGE_WINDOW_CHECK_REQUIRED,実charmap encodeはintegration buildで検証。
DIALOGUE_EVENT_STARTER_LAB_NATIONAL_0810,EVENT_STARTER_LAB_NATIONAL_0810,ALREADY,研究員,"この対象は登録済みだ。
重複個体は受け取れない。",,,,2,GEN3_JP_MESSAGE_WINDOW_CHECK_REQUIRED,実charmap encodeはintegration buildで検証。
DIALOGUE_EVENT_STARTER_LAB_NATIONAL_0813,EVENT_STARTER_LAB_NATIONAL_0813,LOCKED,研究員,"まだ反応がない。
調査条件を満たしていない。",,,,2,GEN3_JP_MESSAGE_WINDOW_CHECK_REQUIRED,実charmap encodeはintegration buildで検証。
DIALOGUE_EVENT_STARTER_LAB_NATIONAL_0813,EVENT_STARTER_LAB_NATIONAL_0813,INTRO,研究員,"ヒバニーの研究タマゴを
受け取りますか？",はい,いいえ,PREPARE,2,GEN3_JP_MESSAGE_WINDOW_CHECK_REQUIRED,実charmap encodeはintegration buildで検証。
DIALOGUE_EVENT_STARTER_LAB_NATIONAL_0813,EVENT_STARTER_LAB_NATIONAL_0813,CANCEL,研究員,"処理を中止した。
記録も素材も変更していない。",,,,2,GEN3_JP_MESSAGE_WINDOW_CHECK_REQUIRED,実charmap encodeはintegration buildで検証。
DIALOGUE_EVENT_STARTER_LAB_NATIONAL_0813,EVENT_STARTER_LAB_NATIONAL_0813,DEFEAT,研究員,"ヒバニーの反応が消えた。
再入場すれば再調査できる。",,,,2,GEN3_JP_MESSAGE_WINDOW_CHECK_REQUIRED,実charmap encodeはintegration buildで検証。
DIALOGUE_EVENT_STARTER_LAB_NATIONAL_0813,EVENT_STARTER_LAB_NATIONAL_0813,ESCAPE,研究員,"ヒバニーを見失った。
記録は未確定のままだ。",,,,2,GEN3_JP_MESSAGE_WINDOW_CHECK_REQUIRED,実charmap encodeはintegration buildで検証。
DIALOGUE_EVENT_STARTER_LAB_NATIONAL_0813,EVENT_STARTER_LAB_NATIONAL_0813,PARTY_FULL,研究員,"手持ちがいっぱいだ。
PCへの転送を確認する。",,,,2,GEN3_JP_MESSAGE_WINDOW_CHECK_REQUIRED,実charmap encodeはintegration buildで検証。
DIALOGUE_EVENT_STARTER_LAB_NATIONAL_0813,EVENT_STARTER_LAB_NATIONAL_0813,BOX_FULL,研究員,"PCと保管枠がいっぱいだ。
何も消費せず中止した。",,,,2,GEN3_JP_MESSAGE_WINDOW_CHECK_REQUIRED,実charmap encodeはintegration buildで検証。
DIALOGUE_EVENT_STARTER_LAB_NATIONAL_0813,EVENT_STARTER_LAB_NATIONAL_0813,SUCCESS,研究員,"ヒバニーのタマゴを預かった。
受取記録を保存した。",,,,2,GEN3_JP_MESSAGE_WINDOW_CHECK_REQUIRED,実charmap encodeはintegration buildで検証。
DIALOGUE_EVENT_STARTER_LAB_NATIONAL_0813,EVENT_STARTER_LAB_NATIONAL_0813,ALREADY,研究員,"この対象は登録済みだ。
重複個体は受け取れない。",,,,2,GEN3_JP_MESSAGE_WINDOW_CHECK_REQUIRED,実charmap encodeはintegration buildで検証。
DIALOGUE_EVENT_STARTER_LAB_NATIONAL_0816,EVENT_STARTER_LAB_NATIONAL_0816,LOCKED,研究員,"まだ反応がない。
調査条件を満たしていない。",,,,2,GEN3_JP_MESSAGE_WINDOW_CHECK_REQUIRED,実charmap encodeはintegration buildで検証。
DIALOGUE_EVENT_STARTER_LAB_NATIONAL_0816,EVENT_STARTER_LAB_NATIONAL_0816,INTRO,研究員,"メッソンの研究タマゴを
受け取りますか？",はい,いいえ,PREPARE,2,GEN3_JP_MESSAGE_WINDOW_CHECK_REQUIRED,実charmap encodeはintegration buildで検証。
DIALOGUE_EVENT_STARTER_LAB_NATIONAL_0816,EVENT_STARTER_LAB_NATIONAL_0816,CANCEL,研究員,"処理を中止した。
記録も素材も変更していない。",,,,2,GEN3_JP_MESSAGE_WINDOW_CHECK_REQUIRED,実charmap encodeはintegration buildで検証。
DIALOGUE_EVENT_STARTER_LAB_NATIONAL_0816,EVENT_STARTER_LAB_NATIONAL_0816,DEFEAT,研究員,"メッソンの反応が消えた。
再入場すれば再調査できる。",,,,2,GEN3_JP_MESSAGE_WINDOW_CHECK_REQUIRED,実charmap encodeはintegration buildで検証。
DIALOGUE_EVENT_STARTER_LAB_NATIONAL_0816,EVENT_STARTER_LAB_NATIONAL_0816,ESCAPE,研究員,"メッソンを見失った。
記録は未確定のままだ。",,,,2,GEN3_JP_MESSAGE_WINDOW_CHECK_REQUIRED,実charmap encodeはintegration buildで検証。
DIALOGUE_EVENT_STARTER_LAB_NATIONAL_0816,EVENT_STARTER_LAB_NATIONAL_0816,PARTY_FULL,研究員,"手持ちがいっぱいだ。
PCへの転送を確認する。",,,,2,GEN3_JP_MESSAGE_WINDOW_CHECK_REQUIRED,実charmap encodeはintegration buildで検証。
DIALOGUE_EVENT_STARTER_LAB_NATIONAL_0816,EVENT_STARTER_LAB_NATIONAL_0816,BOX_FULL,研究員,"PCと保管枠がいっぱいだ。
何も消費せず中止した。",,,,2,GEN3_JP_MESSAGE_WINDOW_CHECK_REQUIRED,実charmap encodeはintegration buildで検証。
DIALOGUE_EVENT_STARTER_LAB_NATIONAL_0816,EVENT_STARTER_LAB_NATIONAL_0816,SUCCESS,研究員,"メッソンのタマゴを預かった。
受取記録を保存した。",,,,2,GEN3_JP_MESSAGE_WINDOW_CHECK_REQUIRED,実charmap encodeはintegration buildで検証。
DIALOGUE_EVENT_STARTER_LAB_NATIONAL_0816,EVENT_STARTER_LAB_NATIONAL_0816,ALREADY,研究員,"この対象は登録済みだ。
重複個体は受け取れない。",,,,2,GEN3_JP_MESSAGE_WINDOW_CHECK_REQUIRED,実charmap encodeはintegration buildで検証。
DIALOGUE_EVENT_STARTER_LAB_NATIONAL_0906,EVENT_STARTER_LAB_NATIONAL_0906,LOCKED,研究員,"まだ反応がない。
調査条件を満たしていない。",,,,2,GEN3_JP_MESSAGE_WINDOW_CHECK_REQUIRED,実charmap encodeはintegration buildで検証。
DIALOGUE_EVENT_STARTER_LAB_NATIONAL_0906,EVENT_STARTER_LAB_NATIONAL_0906,INTRO,研究員,"ニャオハの研究タマゴを
受け取りますか？",はい,いいえ,PREPARE,2,GEN3_JP_MESSAGE_WINDOW_CHECK_REQUIRED,実charmap encodeはintegration buildで検証。
DIALOGUE_EVENT_STARTER_LAB_NATIONAL_0906,EVENT_STARTER_LAB_NATIONAL_0906,CANCEL,研究員,"処理を中止した。
記録も素材も変更していない。",,,,2,GEN3_JP_MESSAGE_WINDOW_CHECK_REQUIRED,実charmap encodeはintegration buildで検証。
DIALOGUE_EVENT_STARTER_LAB_NATIONAL_0906,EVENT_STARTER_LAB_NATIONAL_0906,DEFEAT,研究員,"ニャオハの反応が消えた。
再入場すれば再調査できる。",,,,2,GEN3_JP_MESSAGE_WINDOW_CHECK_REQUIRED,実charmap encodeはintegration buildで検証。
DIALOGUE_EVENT_STARTER_LAB_NATIONAL_0906,EVENT_STARTER_LAB_NATIONAL_0906,ESCAPE,研究員,"ニャオハを見失った。
記録は未確定のままだ。",,,,2,GEN3_JP_MESSAGE_WINDOW_CHECK_REQUIRED,実charmap encodeはintegration buildで検証。
DIALOGUE_EVENT_STARTER_LAB_NATIONAL_0906,EVENT_STARTER_LAB_NATIONAL_0906,PARTY_FULL,研究員,"手持ちがいっぱいだ。
PCへの転送を確認する。",,,,2,GEN3_JP_MESSAGE_WINDOW_CHECK_REQUIRED,実charmap encodeはintegration buildで検証。
DIALOGUE_EVENT_STARTER_LAB_NATIONAL_0906,EVENT_STARTER_LAB_NATIONAL_0906,BOX_FULL,研究員,"PCと保管枠がいっぱいだ。
何も消費せず中止した。",,,,2,GEN3_JP_MESSAGE_WINDOW_CHECK_REQUIRED,実charmap encodeはintegration buildで検証。
DIALOGUE_EVENT_STARTER_LAB_NATIONAL_0906,EVENT_STARTER_LAB_NATIONAL_0906,SUCCESS,研究員,"ニャオハのタマゴを預かった。
受取記録を保存した。",,,,2,GEN3_JP_MESSAGE_WINDOW_CHECK_REQUIRED,実charmap encodeはintegration buildで検証。
DIALOGUE_EVENT_STARTER_LAB_NATIONAL_0906,EVENT_STARTER_LAB_NATIONAL_0906,ALREADY,研究員,"この対象は登録済みだ。
重複個体は受け取れない。",,,,2,GEN3_JP_MESSAGE_WINDOW_CHECK_REQUIRED,実charmap encodeはintegration buildで検証。
DIALOGUE_EVENT_STARTER_LAB_NATIONAL_0909,EVENT_STARTER_LAB_NATIONAL_0909,LOCKED,研究員,"まだ反応がない。
調査条件を満たしていない。",,,,2,GEN3_JP_MESSAGE_WINDOW_CHECK_REQUIRED,実charmap encodeはintegration buildで検証。
DIALOGUE_EVENT_STARTER_LAB_NATIONAL_0909,EVENT_STARTER_LAB_NATIONAL_0909,INTRO,研究員,"ホゲータの研究タマゴを
受け取りますか？",はい,いいえ,PREPARE,2,GEN3_JP_MESSAGE_WINDOW_CHECK_REQUIRED,実charmap encodeはintegration buildで検証。
DIALOGUE_EVENT_STARTER_LAB_NATIONAL_0909,EVENT_STARTER_LAB_NATIONAL_0909,CANCEL,研究員,"処理を中止した。
記録も素材も変更していない。",,,,2,GEN3_JP_MESSAGE_WINDOW_CHECK_REQUIRED,実charmap encodeはintegration buildで検証。
DIALOGUE_EVENT_STARTER_LAB_NATIONAL_0909,EVENT_STARTER_LAB_NATIONAL_0909,DEFEAT,研究員,"ホゲータの反応が消えた。
再入場すれば再調査できる。",,,,2,GEN3_JP_MESSAGE_WINDOW_CHECK_REQUIRED,実charmap encodeはintegration buildで検証。
DIALOGUE_EVENT_STARTER_LAB_NATIONAL_0909,EVENT_STARTER_LAB_NATIONAL_0909,ESCAPE,研究員,"ホゲータを見失った。
記録は未確定のままだ。",,,,2,GEN3_JP_MESSAGE_WINDOW_CHECK_REQUIRED,実charmap encodeはintegration buildで検証。
DIALOGUE_EVENT_STARTER_LAB_NATIONAL_0909,EVENT_STARTER_LAB_NATIONAL_0909,PARTY_FULL,研究員,"手持ちがいっぱいだ。
PCへの転送を確認する。",,,,2,GEN3_JP_MESSAGE_WINDOW_CHECK_REQUIRED,実charmap encodeはintegration buildで検証。
DIALOGUE_EVENT_STARTER_LAB_NATIONAL_0909,EVENT_STARTER_LAB_NATIONAL_0909,BOX_FULL,研究員,"PCと保管枠がいっぱいだ。
何も消費せず中止した。",,,,2,GEN3_JP_MESSAGE_WINDOW_CHECK_REQUIRED,実charmap encodeはintegration buildで検証。
DIALOGUE_EVENT_STARTER_LAB_NATIONAL_0909,EVENT_STARTER_LAB_NATIONAL_0909,SUCCESS,研究員,"ホゲータのタマゴを預かった。
受取記録を保存した。",,,,2,GEN3_JP_MESSAGE_WINDOW_CHECK_REQUIRED,実charmap encodeはintegration buildで検証。
DIALOGUE_EVENT_STARTER_LAB_NATIONAL_0909,EVENT_STARTER_LAB_NATIONAL_0909,ALREADY,研究員,"この対象は登録済みだ。
重複個体は受け取れない。",,,,2,GEN3_JP_MESSAGE_WINDOW_CHECK_REQUIRED,実charmap encodeはintegration buildで検証。
DIALOGUE_EVENT_STARTER_LAB_NATIONAL_0912,EVENT_STARTER_LAB_NATIONAL_0912,LOCKED,研究員,"まだ反応がない。
調査条件を満たしていない。",,,,2,GEN3_JP_MESSAGE_WINDOW_CHECK_REQUIRED,実charmap encodeはintegration buildで検証。
DIALOGUE_EVENT_STARTER_LAB_NATIONAL_0912,EVENT_STARTER_LAB_NATIONAL_0912,INTRO,研究員,"クワッスの研究タマゴを
受け取りますか？",はい,いいえ,PREPARE,2,GEN3_JP_MESSAGE_WINDOW_CHECK_REQUIRED,実charmap encodeはintegration buildで検証。
DIALOGUE_EVENT_STARTER_LAB_NATIONAL_0912,EVENT_STARTER_LAB_NATIONAL_0912,CANCEL,研究員,"処理を中止した。
記録も素材も変更していない。",,,,2,GEN3_JP_MESSAGE_WINDOW_CHECK_REQUIRED,実charmap encodeはintegration buildで検証。
DIALOGUE_EVENT_STARTER_LAB_NATIONAL_0912,EVENT_STARTER_LAB_NATIONAL_0912,DEFEAT,研究員,"クワッスの反応が消えた。
再入場すれば再調査できる。",,,,2,GEN3_JP_MESSAGE_WINDOW_CHECK_REQUIRED,実charmap encodeはintegration buildで検証。
DIALOGUE_EVENT_STARTER_LAB_NATIONAL_0912,EVENT_STARTER_LAB_NATIONAL_0912,ESCAPE,研究員,"クワッスを見失った。
記録は未確定のままだ。",,,,2,GEN3_JP_MESSAGE_WINDOW_CHECK_REQUIRED,実charmap encodeはintegration buildで検証。
DIALOGUE_EVENT_STARTER_LAB_NATIONAL_0912,EVENT_STARTER_LAB_NATIONAL_0912,PARTY_FULL,研究員,"手持ちがいっぱいだ。
PCへの転送を確認する。",,,,2,GEN3_JP_MESSAGE_WINDOW_CHECK_REQUIRED,実charmap encodeはintegration buildで検証。
DIALOGUE_EVENT_STARTER_LAB_NATIONAL_0912,EVENT_STARTER_LAB_NATIONAL_0912,BOX_FULL,研究員,"PCと保管枠がいっぱいだ。
何も消費せず中止した。",,,,2,GEN3_JP_MESSAGE_WINDOW_CHECK_REQUIRED,実charmap encodeはintegration buildで検証。
DIALOGUE_EVENT_STARTER_LAB_NATIONAL_0912,EVENT_STARTER_LAB_NATIONAL_0912,SUCCESS,研究員,"クワッスのタマゴを預かった。
受取記録を保存した。",,,,2,GEN3_JP_MESSAGE_WINDOW_CHECK_REQUIRED,実charmap encodeはintegration buildで検証。
DIALOGUE_EVENT_STARTER_LAB_NATIONAL_0912,EVENT_STARTER_LAB_NATIONAL_0912,ALREADY,研究員,"この対象は登録済みだ。
重複個体は受け取れない。",,,,2,GEN3_JP_MESSAGE_WINDOW_CHECK_REQUIRED,実charmap encodeはintegration buildで検証。
DIALOGUE_EVENT_REGIONAL_EGG_1393,EVENT_REGIONAL_EGG_1393,LOCKED,研究員,"まだ反応がない。
調査条件を満たしていない。",,,,2,GEN3_JP_MESSAGE_WINDOW_CHECK_REQUIRED,実charmap encodeはintegration buildで検証。
DIALOGUE_EVENT_REGIONAL_EGG_1393,EVENT_REGIONAL_EGG_1393,INTRO,研究員,"ニャースの研究タマゴを
受け取りますか？",はい,いいえ,PREPARE,2,GEN3_JP_MESSAGE_WINDOW_CHECK_REQUIRED,実charmap encodeはintegration buildで検証。
DIALOGUE_EVENT_REGIONAL_EGG_1393,EVENT_REGIONAL_EGG_1393,CANCEL,研究員,"処理を中止した。
記録も素材も変更していない。",,,,2,GEN3_JP_MESSAGE_WINDOW_CHECK_REQUIRED,実charmap encodeはintegration buildで検証。
DIALOGUE_EVENT_REGIONAL_EGG_1393,EVENT_REGIONAL_EGG_1393,DEFEAT,研究員,"ニャースの反応が消えた。
再入場すれば再調査できる。",,,,2,GEN3_JP_MESSAGE_WINDOW_CHECK_REQUIRED,実charmap encodeはintegration buildで検証。
DIALOGUE_EVENT_REGIONAL_EGG_1393,EVENT_REGIONAL_EGG_1393,ESCAPE,研究員,"ニャースを見失った。
記録は未確定のままだ。",,,,2,GEN3_JP_MESSAGE_WINDOW_CHECK_REQUIRED,実charmap encodeはintegration buildで検証。
DIALOGUE_EVENT_REGIONAL_EGG_1393,EVENT_REGIONAL_EGG_1393,PARTY_FULL,研究員,"手持ちがいっぱいだ。
PCへの転送を確認する。",,,,2,GEN3_JP_MESSAGE_WINDOW_CHECK_REQUIRED,実charmap encodeはintegration buildで検証。
DIALOGUE_EVENT_REGIONAL_EGG_1393,EVENT_REGIONAL_EGG_1393,BOX_FULL,研究員,"PCと保管枠がいっぱいだ。
何も消費せず中止した。",,,,2,GEN3_JP_MESSAGE_WINDOW_CHECK_REQUIRED,実charmap encodeはintegration buildで検証。
DIALOGUE_EVENT_REGIONAL_EGG_1393,EVENT_REGIONAL_EGG_1393,SUCCESS,研究員,"ニャースのタマゴを預かった。
受取記録を保存した。",,,,2,GEN3_JP_MESSAGE_WINDOW_CHECK_REQUIRED,実charmap encodeはintegration buildで検証。
DIALOGUE_EVENT_REGIONAL_EGG_1393,EVENT_REGIONAL_EGG_1393,ALREADY,研究員,"この対象は登録済みだ。
重複個体は受け取れない。",,,,2,GEN3_JP_MESSAGE_WINDOW_CHECK_REQUIRED,実charmap encodeはintegration buildで検証。
DIALOGUE_EVENT_REGIONAL_EGG_1398,EVENT_REGIONAL_EGG_1398,LOCKED,研究員,"まだ反応がない。
調査条件を満たしていない。",,,,2,GEN3_JP_MESSAGE_WINDOW_CHECK_REQUIRED,実charmap encodeはintegration buildで検証。
DIALOGUE_EVENT_REGIONAL_EGG_1398,EVENT_REGIONAL_EGG_1398,INTRO,研究員,"カモネギの研究タマゴを
受け取りますか？",はい,いいえ,PREPARE,2,GEN3_JP_MESSAGE_WINDOW_CHECK_REQUIRED,実charmap encodeはintegration buildで検証。
DIALOGUE_EVENT_REGIONAL_EGG_1398,EVENT_REGIONAL_EGG_1398,CANCEL,研究員,"処理を中止した。
記録も素材も変更していない。",,,,2,GEN3_JP_MESSAGE_WINDOW_CHECK_REQUIRED,実charmap encodeはintegration buildで検証。
DIALOGUE_EVENT_REGIONAL_EGG_1398,EVENT_REGIONAL_EGG_1398,DEFEAT,研究員,"カモネギの反応が消えた。
再入場すれば再調査できる。",,,,2,GEN3_JP_MESSAGE_WINDOW_CHECK_REQUIRED,実charmap encodeはintegration buildで検証。
DIALOGUE_EVENT_REGIONAL_EGG_1398,EVENT_REGIONAL_EGG_1398,ESCAPE,研究員,"カモネギを見失った。
記録は未確定のままだ。",,,,2,GEN3_JP_MESSAGE_WINDOW_CHECK_REQUIRED,実charmap encodeはintegration buildで検証。
DIALOGUE_EVENT_REGIONAL_EGG_1398,EVENT_REGIONAL_EGG_1398,PARTY_FULL,研究員,"手持ちがいっぱいだ。
PCへの転送を確認する。",,,,2,GEN3_JP_MESSAGE_WINDOW_CHECK_REQUIRED,実charmap encodeはintegration buildで検証。
DIALOGUE_EVENT_REGIONAL_EGG_1398,EVENT_REGIONAL_EGG_1398,BOX_FULL,研究員,"PCと保管枠がいっぱいだ。
何も消費せず中止した。",,,,2,GEN3_JP_MESSAGE_WINDOW_CHECK_REQUIRED,実charmap encodeはintegration buildで検証。
DIALOGUE_EVENT_REGIONAL_EGG_1398,EVENT_REGIONAL_EGG_1398,SUCCESS,研究員,"カモネギのタマゴを預かった。
受取記録を保存した。",,,,2,GEN3_JP_MESSAGE_WINDOW_CHECK_REQUIRED,実charmap encodeはintegration buildで検証。
DIALOGUE_EVENT_REGIONAL_EGG_1398,EVENT_REGIONAL_EGG_1398,ALREADY,研究員,"この対象は登録済みだ。
重複個体は受け取れない。",,,,2,GEN3_JP_MESSAGE_WINDOW_CHECK_REQUIRED,実charmap encodeはintegration buildで検証。
DIALOGUE_EVENT_REGIONAL_EGG_1401,EVENT_REGIONAL_EGG_1401,LOCKED,研究員,"まだ反応がない。
調査条件を満たしていない。",,,,2,GEN3_JP_MESSAGE_WINDOW_CHECK_REQUIRED,実charmap encodeはintegration buildで検証。
DIALOGUE_EVENT_REGIONAL_EGG_1401,EVENT_REGIONAL_EGG_1401,INTRO,研究員,"バリヤードの研究タマゴを
受け取りますか？",はい,いいえ,PREPARE,2,GEN3_JP_MESSAGE_WINDOW_CHECK_REQUIRED,実charmap encodeはintegration buildで検証。
DIALOGUE_EVENT_REGIONAL_EGG_1401,EVENT_REGIONAL_EGG_1401,CANCEL,研究員,"処理を中止した。
記録も素材も変更していない。",,,,2,GEN3_JP_MESSAGE_WINDOW_CHECK_REQUIRED,実charmap encodeはintegration buildで検証。
DIALOGUE_EVENT_REGIONAL_EGG_1401,EVENT_REGIONAL_EGG_1401,DEFEAT,研究員,"バリヤードの反応が消えた。
再入場すれば再調査できる。",,,,2,GEN3_JP_MESSAGE_WINDOW_CHECK_REQUIRED,実charmap encodeはintegration buildで検証。
DIALOGUE_EVENT_REGIONAL_EGG_1401,EVENT_REGIONAL_EGG_1401,ESCAPE,研究員,"バリヤードを見失った。
記録は未確定のままだ。",,,,2,GEN3_JP_MESSAGE_WINDOW_CHECK_REQUIRED,実charmap encodeはintegration buildで検証。
DIALOGUE_EVENT_REGIONAL_EGG_1401,EVENT_REGIONAL_EGG_1401,PARTY_FULL,研究員,"手持ちがいっぱいだ。
PCへの転送を確認する。",,,,2,GEN3_JP_MESSAGE_WINDOW_CHECK_REQUIRED,実charmap encodeはintegration buildで検証。
DIALOGUE_EVENT_REGIONAL_EGG_1401,EVENT_REGIONAL_EGG_1401,BOX_FULL,研究員,"PCと保管枠がいっぱいだ。
何も消費せず中止した。",,,,2,GEN3_JP_MESSAGE_WINDOW_CHECK_REQUIRED,実charmap encodeはintegration buildで検証。
DIALOGUE_EVENT_REGIONAL_EGG_1401,EVENT_REGIONAL_EGG_1401,SUCCESS,研究員,"バリヤードのタマゴを預かった。
受取記録を保存した。",,,,2,GEN3_JP_MESSAGE_WINDOW_CHECK_REQUIRED,実charmap encodeはintegration buildで検証。
DIALOGUE_EVENT_REGIONAL_EGG_1401,EVENT_REGIONAL_EGG_1401,ALREADY,研究員,"この対象は登録済みだ。
重複個体は受け取れない。",,,,2,GEN3_JP_MESSAGE_WINDOW_CHECK_REQUIRED,実charmap encodeはintegration buildで検証。
DIALOGUE_EVENT_REGIONAL_EGG_1406,EVENT_REGIONAL_EGG_1406,LOCKED,研究員,"まだ反応がない。
調査条件を満たしていない。",,,,2,GEN3_JP_MESSAGE_WINDOW_CHECK_REQUIRED,実charmap encodeはintegration buildで検証。
DIALOGUE_EVENT_REGIONAL_EGG_1406,EVENT_REGIONAL_EGG_1406,INTRO,研究員,"サニーゴの研究タマゴを
受け取りますか？",はい,いいえ,PREPARE,2,GEN3_JP_MESSAGE_WINDOW_CHECK_REQUIRED,実charmap encodeはintegration buildで検証。
DIALOGUE_EVENT_REGIONAL_EGG_1406,EVENT_REGIONAL_EGG_1406,CANCEL,研究員,"処理を中止した。
記録も素材も変更していない。",,,,2,GEN3_JP_MESSAGE_WINDOW_CHECK_REQUIRED,実charmap encodeはintegration buildで検証。
DIALOGUE_EVENT_REGIONAL_EGG_1406,EVENT_REGIONAL_EGG_1406,DEFEAT,研究員,"サニーゴの反応が消えた。
再入場すれば再調査できる。",,,,2,GEN3_JP_MESSAGE_WINDOW_CHECK_REQUIRED,実charmap encodeはintegration buildで検証。
DIALOGUE_EVENT_REGIONAL_EGG_1406,EVENT_REGIONAL_EGG_1406,ESCAPE,研究員,"サニーゴを見失った。
記録は未確定のままだ。",,,,2,GEN3_JP_MESSAGE_WINDOW_CHECK_REQUIRED,実charmap encodeはintegration buildで検証。
DIALOGUE_EVENT_REGIONAL_EGG_1406,EVENT_REGIONAL_EGG_1406,PARTY_FULL,研究員,"手持ちがいっぱいだ。
PCへの転送を確認する。",,,,2,GEN3_JP_MESSAGE_WINDOW_CHECK_REQUIRED,実charmap encodeはintegration buildで検証。
DIALOGUE_EVENT_REGIONAL_EGG_1406,EVENT_REGIONAL_EGG_1406,BOX_FULL,研究員,"PCと保管枠がいっぱいだ。
何も消費せず中止した。",,,,2,GEN3_JP_MESSAGE_WINDOW_CHECK_REQUIRED,実charmap encodeはintegration buildで検証。
DIALOGUE_EVENT_REGIONAL_EGG_1406,EVENT_REGIONAL_EGG_1406,SUCCESS,研究員,"サニーゴのタマゴを預かった。
受取記録を保存した。",,,,2,GEN3_JP_MESSAGE_WINDOW_CHECK_REQUIRED,実charmap encodeはintegration buildで検証。
DIALOGUE_EVENT_REGIONAL_EGG_1406,EVENT_REGIONAL_EGG_1406,ALREADY,研究員,"この対象は登録済みだ。
重複個体は受け取れない。",,,,2,GEN3_JP_MESSAGE_WINDOW_CHECK_REQUIRED,実charmap encodeはintegration buildで検証。
DIALOGUE_EVENT_REGIONAL_EGG_1408,EVENT_REGIONAL_EGG_1408,LOCKED,研究員,"まだ反応がない。
調査条件を満たしていない。",,,,2,GEN3_JP_MESSAGE_WINDOW_CHECK_REQUIRED,実charmap encodeはintegration buildで検証。
DIALOGUE_EVENT_REGIONAL_EGG_1408,EVENT_REGIONAL_EGG_1408,INTRO,研究員,"マッスグマの研究タマゴを
受け取りますか？",はい,いいえ,PREPARE,2,GEN3_JP_MESSAGE_WINDOW_CHECK_REQUIRED,実charmap encodeはintegration buildで検証。
DIALOGUE_EVENT_REGIONAL_EGG_1408,EVENT_REGIONAL_EGG_1408,CANCEL,研究員,"処理を中止した。
記録も素材も変更していない。",,,,2,GEN3_JP_MESSAGE_WINDOW_CHECK_REQUIRED,実charmap encodeはintegration buildで検証。
DIALOGUE_EVENT_REGIONAL_EGG_1408,EVENT_REGIONAL_EGG_1408,DEFEAT,研究員,"マッスグマの反応が消えた。
再入場すれば再調査できる。",,,,2,GEN3_JP_MESSAGE_WINDOW_CHECK_REQUIRED,実charmap encodeはintegration buildで検証。
DIALOGUE_EVENT_REGIONAL_EGG_1408,EVENT_REGIONAL_EGG_1408,ESCAPE,研究員,"マッスグマを見失った。
記録は未確定のままだ。",,,,2,GEN3_JP_MESSAGE_WINDOW_CHECK_REQUIRED,実charmap encodeはintegration buildで検証。
DIALOGUE_EVENT_REGIONAL_EGG_1408,EVENT_REGIONAL_EGG_1408,PARTY_FULL,研究員,"手持ちがいっぱいだ。
PCへの転送を確認する。",,,,2,GEN3_JP_MESSAGE_WINDOW_CHECK_REQUIRED,実charmap encodeはintegration buildで検証。
DIALOGUE_EVENT_REGIONAL_EGG_1408,EVENT_REGIONAL_EGG_1408,BOX_FULL,研究員,"PCと保管枠がいっぱいだ。
何も消費せず中止した。",,,,2,GEN3_JP_MESSAGE_WINDOW_CHECK_REQUIRED,実charmap encodeはintegration buildで検証。
DIALOGUE_EVENT_REGIONAL_EGG_1408,EVENT_REGIONAL_EGG_1408,SUCCESS,研究員,"マッスグマのタマゴを預かった。
受取記録を保存した。",,,,2,GEN3_JP_MESSAGE_WINDOW_CHECK_REQUIRED,実charmap encodeはintegration buildで検証。
DIALOGUE_EVENT_REGIONAL_EGG_1408,EVENT_REGIONAL_EGG_1408,ALREADY,研究員,"この対象は登録済みだ。
重複個体は受け取れない。",,,,2,GEN3_JP_MESSAGE_WINDOW_CHECK_REQUIRED,実charmap encodeはintegration buildで検証。
DIALOGUE_EVENT_REGIONAL_EGG_1413,EVENT_REGIONAL_EGG_1413,LOCKED,研究員,"まだ反応がない。
調査条件を満たしていない。",,,,2,GEN3_JP_MESSAGE_WINDOW_CHECK_REQUIRED,実charmap encodeはintegration buildで検証。
DIALOGUE_EVENT_REGIONAL_EGG_1413,EVENT_REGIONAL_EGG_1413,INTRO,研究員,"デスマスの研究タマゴを
受け取りますか？",はい,いいえ,PREPARE,2,GEN3_JP_MESSAGE_WINDOW_CHECK_REQUIRED,実charmap encodeはintegration buildで検証。
DIALOGUE_EVENT_REGIONAL_EGG_1413,EVENT_REGIONAL_EGG_1413,CANCEL,研究員,"処理を中止した。
記録も素材も変更していない。",,,,2,GEN3_JP_MESSAGE_WINDOW_CHECK_REQUIRED,実charmap encodeはintegration buildで検証。
DIALOGUE_EVENT_REGIONAL_EGG_1413,EVENT_REGIONAL_EGG_1413,DEFEAT,研究員,"デスマスの反応が消えた。
再入場すれば再調査できる。",,,,2,GEN3_JP_MESSAGE_WINDOW_CHECK_REQUIRED,実charmap encodeはintegration buildで検証。
DIALOGUE_EVENT_REGIONAL_EGG_1413,EVENT_REGIONAL_EGG_1413,ESCAPE,研究員,"デスマスを見失った。
記録は未確定のままだ。",,,,2,GEN3_JP_MESSAGE_WINDOW_CHECK_REQUIRED,実charmap encodeはintegration buildで検証。
DIALOGUE_EVENT_REGIONAL_EGG_1413,EVENT_REGIONAL_EGG_1413,PARTY_FULL,研究員,"手持ちがいっぱいだ。
PCへの転送を確認する。",,,,2,GEN3_JP_MESSAGE_WINDOW_CHECK_REQUIRED,実charmap encodeはintegration buildで検証。
DIALOGUE_EVENT_REGIONAL_EGG_1413,EVENT_REGIONAL_EGG_1413,BOX_FULL,研究員,"PCと保管枠がいっぱいだ。
何も消費せず中止した。",,,,2,GEN3_JP_MESSAGE_WINDOW_CHECK_REQUIRED,実charmap encodeはintegration buildで検証。
DIALOGUE_EVENT_REGIONAL_EGG_1413,EVENT_REGIONAL_EGG_1413,SUCCESS,研究員,"デスマスのタマゴを預かった。
受取記録を保存した。",,,,2,GEN3_JP_MESSAGE_WINDOW_CHECK_REQUIRED,実charmap encodeはintegration buildで検証。
DIALOGUE_EVENT_REGIONAL_EGG_1413,EVENT_REGIONAL_EGG_1413,ALREADY,研究員,"この対象は登録済みだ。
重複個体は受け取れない。",,,,2,GEN3_JP_MESSAGE_WINDOW_CHECK_REQUIRED,実charmap encodeはintegration buildで検証。
DIALOGUE_EVENT_REGIONAL_EGG_1420,EVENT_REGIONAL_EGG_1420,LOCKED,研究員,"まだ反応がない。
調査条件を満たしていない。",,,,2,GEN3_JP_MESSAGE_WINDOW_CHECK_REQUIRED,実charmap encodeはintegration buildで検証。
DIALOGUE_EVENT_REGIONAL_EGG_1420,EVENT_REGIONAL_EGG_1420,INTRO,研究員,"ハリーセンの研究タマゴを
受け取りますか？",はい,いいえ,PREPARE,2,GEN3_JP_MESSAGE_WINDOW_CHECK_REQUIRED,実charmap encodeはintegration buildで検証。
DIALOGUE_EVENT_REGIONAL_EGG_1420,EVENT_REGIONAL_EGG_1420,CANCEL,研究員,"処理を中止した。
記録も素材も変更していない。",,,,2,GEN3_JP_MESSAGE_WINDOW_CHECK_REQUIRED,実charmap encodeはintegration buildで検証。
DIALOGUE_EVENT_REGIONAL_EGG_1420,EVENT_REGIONAL_EGG_1420,DEFEAT,研究員,"ハリーセンの反応が消えた。
再入場すれば再調査できる。",,,,2,GEN3_JP_MESSAGE_WINDOW_CHECK_REQUIRED,実charmap encodeはintegration buildで検証。
DIALOGUE_EVENT_REGIONAL_EGG_1420,EVENT_REGIONAL_EGG_1420,ESCAPE,研究員,"ハリーセンを見失った。
記録は未確定のままだ。",,,,2,GEN3_JP_MESSAGE_WINDOW_CHECK_REQUIRED,実charmap encodeはintegration buildで検証。
DIALOGUE_EVENT_REGIONAL_EGG_1420,EVENT_REGIONAL_EGG_1420,PARTY_FULL,研究員,"手持ちがいっぱいだ。
PCへの転送を確認する。",,,,2,GEN3_JP_MESSAGE_WINDOW_CHECK_REQUIRED,実charmap encodeはintegration buildで検証。
DIALOGUE_EVENT_REGIONAL_EGG_1420,EVENT_REGIONAL_EGG_1420,BOX_FULL,研究員,"PCと保管枠がいっぱいだ。
何も消費せず中止した。",,,,2,GEN3_JP_MESSAGE_WINDOW_CHECK_REQUIRED,実charmap encodeはintegration buildで検証。
DIALOGUE_EVENT_REGIONAL_EGG_1420,EVENT_REGIONAL_EGG_1420,SUCCESS,研究員,"ハリーセンのタマゴを預かった。
受取記録を保存した。",,,,2,GEN3_JP_MESSAGE_WINDOW_CHECK_REQUIRED,実charmap encodeはintegration buildで検証。
DIALOGUE_EVENT_REGIONAL_EGG_1420,EVENT_REGIONAL_EGG_1420,ALREADY,研究員,"この対象は登録済みだ。
重複個体は受け取れない。",,,,2,GEN3_JP_MESSAGE_WINDOW_CHECK_REQUIRED,実charmap encodeはintegration buildで検証。
DIALOGUE_EVENT_REGIONAL_EGG_1421,EVENT_REGIONAL_EGG_1421,LOCKED,研究員,"まだ反応がない。
調査条件を満たしていない。",,,,2,GEN3_JP_MESSAGE_WINDOW_CHECK_REQUIRED,実charmap encodeはintegration buildで検証。
DIALOGUE_EVENT_REGIONAL_EGG_1421,EVENT_REGIONAL_EGG_1421,INTRO,研究員,"ニューラの研究タマゴを
受け取りますか？",はい,いいえ,PREPARE,2,GEN3_JP_MESSAGE_WINDOW_CHECK_REQUIRED,実charmap encodeはintegration buildで検証。
DIALOGUE_EVENT_REGIONAL_EGG_1421,EVENT_REGIONAL_EGG_1421,CANCEL,研究員,"処理を中止した。
記録も素材も変更していない。",,,,2,GEN3_JP_MESSAGE_WINDOW_CHECK_REQUIRED,実charmap encodeはintegration buildで検証。
DIALOGUE_EVENT_REGIONAL_EGG_1421,EVENT_REGIONAL_EGG_1421,DEFEAT,研究員,"ニューラの反応が消えた。
再入場すれば再調査できる。",,,,2,GEN3_JP_MESSAGE_WINDOW_CHECK_REQUIRED,実charmap encodeはintegration buildで検証。
DIALOGUE_EVENT_REGIONAL_EGG_1421,EVENT_REGIONAL_EGG_1421,ESCAPE,研究員,"ニューラを見失った。
記録は未確定のままだ。",,,,2,GEN3_JP_MESSAGE_WINDOW_CHECK_REQUIRED,実charmap encodeはintegration buildで検証。
DIALOGUE_EVENT_REGIONAL_EGG_1421,EVENT_REGIONAL_EGG_1421,PARTY_FULL,研究員,"手持ちがいっぱいだ。
PCへの転送を確認する。",,,,2,GEN3_JP_MESSAGE_WINDOW_CHECK_REQUIRED,実charmap encodeはintegration buildで検証。
DIALOGUE_EVENT_REGIONAL_EGG_1421,EVENT_REGIONAL_EGG_1421,BOX_FULL,研究員,"PCと保管枠がいっぱいだ。
何も消費せず中止した。",,,,2,GEN3_JP_MESSAGE_WINDOW_CHECK_REQUIRED,実charmap encodeはintegration buildで検証。
DIALOGUE_EVENT_REGIONAL_EGG_1421,EVENT_REGIONAL_EGG_1421,SUCCESS,研究員,"ニューラのタマゴを預かった。
受取記録を保存した。",,,,2,GEN3_JP_MESSAGE_WINDOW_CHECK_REQUIRED,実charmap encodeはintegration buildで検証。
DIALOGUE_EVENT_REGIONAL_EGG_1421,EVENT_REGIONAL_EGG_1421,ALREADY,研究員,"この対象は登録済みだ。
重複個体は受け取れない。",,,,2,GEN3_JP_MESSAGE_WINDOW_CHECK_REQUIRED,実charmap encodeはintegration buildで検証。
DIALOGUE_EVENT_REGIONAL_EGG_1424,EVENT_REGIONAL_EGG_1424,LOCKED,研究員,"まだ反応がない。
調査条件を満たしていない。",,,,2,GEN3_JP_MESSAGE_WINDOW_CHECK_REQUIRED,実charmap encodeはintegration buildで検証。
DIALOGUE_EVENT_REGIONAL_EGG_1424,EVENT_REGIONAL_EGG_1424,INTRO,研究員,"バスラオの研究タマゴを
受け取りますか？",はい,いいえ,PREPARE,2,GEN3_JP_MESSAGE_WINDOW_CHECK_REQUIRED,実charmap encodeはintegration buildで検証。
DIALOGUE_EVENT_REGIONAL_EGG_1424,EVENT_REGIONAL_EGG_1424,CANCEL,研究員,"処理を中止した。
記録も素材も変更していない。",,,,2,GEN3_JP_MESSAGE_WINDOW_CHECK_REQUIRED,実charmap encodeはintegration buildで検証。
DIALOGUE_EVENT_REGIONAL_EGG_1424,EVENT_REGIONAL_EGG_1424,DEFEAT,研究員,"バスラオの反応が消えた。
再入場すれば再調査できる。",,,,2,GEN3_JP_MESSAGE_WINDOW_CHECK_REQUIRED,実charmap encodeはintegration buildで検証。
DIALOGUE_EVENT_REGIONAL_EGG_1424,EVENT_REGIONAL_EGG_1424,ESCAPE,研究員,"バスラオを見失った。
記録は未確定のままだ。",,,,2,GEN3_JP_MESSAGE_WINDOW_CHECK_REQUIRED,実charmap encodeはintegration buildで検証。
DIALOGUE_EVENT_REGIONAL_EGG_1424,EVENT_REGIONAL_EGG_1424,PARTY_FULL,研究員,"手持ちがいっぱいだ。
PCへの転送を確認する。",,,,2,GEN3_JP_MESSAGE_WINDOW_CHECK_REQUIRED,実charmap encodeはintegration buildで検証。
DIALOGUE_EVENT_REGIONAL_EGG_1424,EVENT_REGIONAL_EGG_1424,BOX_FULL,研究員,"PCと保管枠がいっぱいだ。
何も消費せず中止した。",,,,2,GEN3_JP_MESSAGE_WINDOW_CHECK_REQUIRED,実charmap encodeはintegration buildで検証。
DIALOGUE_EVENT_REGIONAL_EGG_1424,EVENT_REGIONAL_EGG_1424,SUCCESS,研究員,"バスラオのタマゴを預かった。
受取記録を保存した。",,,,2,GEN3_JP_MESSAGE_WINDOW_CHECK_REQUIRED,実charmap encodeはintegration buildで検証。
DIALOGUE_EVENT_REGIONAL_EGG_1424,EVENT_REGIONAL_EGG_1424,ALREADY,研究員,"この対象は登録済みだ。
重複個体は受け取れない。",,,,2,GEN3_JP_MESSAGE_WINDOW_CHECK_REQUIRED,実charmap encodeはintegration buildで検証。
DIALOGUE_EVENT_REGIONAL_EGG_1593,EVENT_REGIONAL_EGG_1593,LOCKED,研究員,"まだ反応がない。
調査条件を満たしていない。",,,,2,GEN3_JP_MESSAGE_WINDOW_CHECK_REQUIRED,実charmap encodeはintegration buildで検証。
DIALOGUE_EVENT_REGIONAL_EGG_1593,EVENT_REGIONAL_EGG_1593,INTRO,研究員,"ウパーの研究タマゴを
受け取りますか？",はい,いいえ,PREPARE,2,GEN3_JP_MESSAGE_WINDOW_CHECK_REQUIRED,実charmap encodeはintegration buildで検証。
DIALOGUE_EVENT_REGIONAL_EGG_1593,EVENT_REGIONAL_EGG_1593,CANCEL,研究員,"処理を中止した。
記録も素材も変更していない。",,,,2,GEN3_JP_MESSAGE_WINDOW_CHECK_REQUIRED,実charmap encodeはintegration buildで検証。
DIALOGUE_EVENT_REGIONAL_EGG_1593,EVENT_REGIONAL_EGG_1593,DEFEAT,研究員,"ウパーの反応が消えた。
再入場すれば再調査できる。",,,,2,GEN3_JP_MESSAGE_WINDOW_CHECK_REQUIRED,実charmap encodeはintegration buildで検証。
DIALOGUE_EVENT_REGIONAL_EGG_1593,EVENT_REGIONAL_EGG_1593,ESCAPE,研究員,"ウパーを見失った。
記録は未確定のままだ。",,,,2,GEN3_JP_MESSAGE_WINDOW_CHECK_REQUIRED,実charmap encodeはintegration buildで検証。
DIALOGUE_EVENT_REGIONAL_EGG_1593,EVENT_REGIONAL_EGG_1593,PARTY_FULL,研究員,"手持ちがいっぱいだ。
PCへの転送を確認する。",,,,2,GEN3_JP_MESSAGE_WINDOW_CHECK_REQUIRED,実charmap encodeはintegration buildで検証。
DIALOGUE_EVENT_REGIONAL_EGG_1593,EVENT_REGIONAL_EGG_1593,BOX_FULL,研究員,"PCと保管枠がいっぱいだ。
何も消費せず中止した。",,,,2,GEN3_JP_MESSAGE_WINDOW_CHECK_REQUIRED,実charmap encodeはintegration buildで検証。
DIALOGUE_EVENT_REGIONAL_EGG_1593,EVENT_REGIONAL_EGG_1593,SUCCESS,研究員,"ウパーのタマゴを預かった。
受取記録を保存した。",,,,2,GEN3_JP_MESSAGE_WINDOW_CHECK_REQUIRED,実charmap encodeはintegration buildで検証。
DIALOGUE_EVENT_REGIONAL_EGG_1593,EVENT_REGIONAL_EGG_1593,ALREADY,研究員,"この対象は登録済みだ。
重複個体は受け取れない。",,,,2,GEN3_JP_MESSAGE_WINDOW_CHECK_REQUIRED,実charmap encodeはintegration buildで検証。
DIALOGUE_EVENT_FOSSIL_RESTORE_NATIONAL_0138,EVENT_FOSSIL_RESTORE_NATIONAL_0138,LOCKED,研究員,"まだ反応がない。
調査条件を満たしていない。",,,,2,GEN3_JP_MESSAGE_WINDOW_CHECK_REQUIRED,実charmap encodeはintegration buildで検証。
DIALOGUE_EVENT_FOSSIL_RESTORE_NATIONAL_0138,EVENT_FOSSIL_RESTORE_NATIONAL_0138,INTRO,研究員,"オムナイトを復元します。
素材を使いますか？",はい,いいえ,PREPARE,2,GEN3_JP_MESSAGE_WINDOW_CHECK_REQUIRED,実charmap encodeはintegration buildで検証。
DIALOGUE_EVENT_FOSSIL_RESTORE_NATIONAL_0138,EVENT_FOSSIL_RESTORE_NATIONAL_0138,CANCEL,研究員,"処理を中止した。
記録も素材も変更していない。",,,,2,GEN3_JP_MESSAGE_WINDOW_CHECK_REQUIRED,実charmap encodeはintegration buildで検証。
DIALOGUE_EVENT_FOSSIL_RESTORE_NATIONAL_0138,EVENT_FOSSIL_RESTORE_NATIONAL_0138,DEFEAT,研究員,"オムナイトの反応が消えた。
再入場すれば再調査できる。",,,,2,GEN3_JP_MESSAGE_WINDOW_CHECK_REQUIRED,実charmap encodeはintegration buildで検証。
DIALOGUE_EVENT_FOSSIL_RESTORE_NATIONAL_0138,EVENT_FOSSIL_RESTORE_NATIONAL_0138,ESCAPE,研究員,"オムナイトを見失った。
記録は未確定のままだ。",,,,2,GEN3_JP_MESSAGE_WINDOW_CHECK_REQUIRED,実charmap encodeはintegration buildで検証。
DIALOGUE_EVENT_FOSSIL_RESTORE_NATIONAL_0138,EVENT_FOSSIL_RESTORE_NATIONAL_0138,PARTY_FULL,研究員,"手持ちがいっぱいだ。
PCへの転送を確認する。",,,,2,GEN3_JP_MESSAGE_WINDOW_CHECK_REQUIRED,実charmap encodeはintegration buildで検証。
DIALOGUE_EVENT_FOSSIL_RESTORE_NATIONAL_0138,EVENT_FOSSIL_RESTORE_NATIONAL_0138,BOX_FULL,研究員,"PCと保管枠がいっぱいだ。
何も消費せず中止した。",,,,2,GEN3_JP_MESSAGE_WINDOW_CHECK_REQUIRED,実charmap encodeはintegration buildで検証。
DIALOGUE_EVENT_FOSSIL_RESTORE_NATIONAL_0138,EVENT_FOSSIL_RESTORE_NATIONAL_0138,SUCCESS,研究員,"オムナイトの復元に成功した。
素材と記録を確定した。",,,,2,GEN3_JP_MESSAGE_WINDOW_CHECK_REQUIRED,実charmap encodeはintegration buildで検証。
DIALOGUE_EVENT_FOSSIL_RESTORE_NATIONAL_0138,EVENT_FOSSIL_RESTORE_NATIONAL_0138,ALREADY,研究員,"この対象は登録済みだ。
重複個体は受け取れない。",,,,2,GEN3_JP_MESSAGE_WINDOW_CHECK_REQUIRED,実charmap encodeはintegration buildで検証。
DIALOGUE_EVENT_FOSSIL_RESTORE_NATIONAL_0140,EVENT_FOSSIL_RESTORE_NATIONAL_0140,LOCKED,研究員,"まだ反応がない。
調査条件を満たしていない。",,,,2,GEN3_JP_MESSAGE_WINDOW_CHECK_REQUIRED,実charmap encodeはintegration buildで検証。
DIALOGUE_EVENT_FOSSIL_RESTORE_NATIONAL_0140,EVENT_FOSSIL_RESTORE_NATIONAL_0140,INTRO,研究員,"カブトを復元します。
素材を使いますか？",はい,いいえ,PREPARE,2,GEN3_JP_MESSAGE_WINDOW_CHECK_REQUIRED,実charmap encodeはintegration buildで検証。
DIALOGUE_EVENT_FOSSIL_RESTORE_NATIONAL_0140,EVENT_FOSSIL_RESTORE_NATIONAL_0140,CANCEL,研究員,"処理を中止した。
記録も素材も変更していない。",,,,2,GEN3_JP_MESSAGE_WINDOW_CHECK_REQUIRED,実charmap encodeはintegration buildで検証。
DIALOGUE_EVENT_FOSSIL_RESTORE_NATIONAL_0140,EVENT_FOSSIL_RESTORE_NATIONAL_0140,DEFEAT,研究員,"カブトの反応が消えた。
再入場すれば再調査できる。",,,,2,GEN3_JP_MESSAGE_WINDOW_CHECK_REQUIRED,実charmap encodeはintegration buildで検証。
DIALOGUE_EVENT_FOSSIL_RESTORE_NATIONAL_0140,EVENT_FOSSIL_RESTORE_NATIONAL_0140,ESCAPE,研究員,"カブトを見失った。
記録は未確定のままだ。",,,,2,GEN3_JP_MESSAGE_WINDOW_CHECK_REQUIRED,実charmap encodeはintegration buildで検証。
DIALOGUE_EVENT_FOSSIL_RESTORE_NATIONAL_0140,EVENT_FOSSIL_RESTORE_NATIONAL_0140,PARTY_FULL,研究員,"手持ちがいっぱいだ。
PCへの転送を確認する。",,,,2,GEN3_JP_MESSAGE_WINDOW_CHECK_REQUIRED,実charmap encodeはintegration buildで検証。
DIALOGUE_EVENT_FOSSIL_RESTORE_NATIONAL_0140,EVENT_FOSSIL_RESTORE_NATIONAL_0140,BOX_FULL,研究員,"PCと保管枠がいっぱいだ。
何も消費せず中止した。",,,,2,GEN3_JP_MESSAGE_WINDOW_CHECK_REQUIRED,実charmap encodeはintegration buildで検証。
DIALOGUE_EVENT_FOSSIL_RESTORE_NATIONAL_0140,EVENT_FOSSIL_RESTORE_NATIONAL_0140,SUCCESS,研究員,"カブトの復元に成功した。
素材と記録を確定した。",,,,2,GEN3_JP_MESSAGE_WINDOW_CHECK_REQUIRED,実charmap encodeはintegration buildで検証。
DIALOGUE_EVENT_FOSSIL_RESTORE_NATIONAL_0140,EVENT_FOSSIL_RESTORE_NATIONAL_0140,ALREADY,研究員,"この対象は登録済みだ。
重複個体は受け取れない。",,,,2,GEN3_JP_MESSAGE_WINDOW_CHECK_REQUIRED,実charmap encodeはintegration buildで検証。
DIALOGUE_EVENT_FOSSIL_RESTORE_NATIONAL_0347,EVENT_FOSSIL_RESTORE_NATIONAL_0347,LOCKED,研究員,"まだ反応がない。
調査条件を満たしていない。",,,,2,GEN3_JP_MESSAGE_WINDOW_CHECK_REQUIRED,実charmap encodeはintegration buildで検証。
DIALOGUE_EVENT_FOSSIL_RESTORE_NATIONAL_0347,EVENT_FOSSIL_RESTORE_NATIONAL_0347,INTRO,研究員,"アノプスを復元します。
素材を使いますか？",はい,いいえ,PREPARE,2,GEN3_JP_MESSAGE_WINDOW_CHECK_REQUIRED,実charmap encodeはintegration buildで検証。
DIALOGUE_EVENT_FOSSIL_RESTORE_NATIONAL_0347,EVENT_FOSSIL_RESTORE_NATIONAL_0347,CANCEL,研究員,"処理を中止した。
記録も素材も変更していない。",,,,2,GEN3_JP_MESSAGE_WINDOW_CHECK_REQUIRED,実charmap encodeはintegration buildで検証。
DIALOGUE_EVENT_FOSSIL_RESTORE_NATIONAL_0347,EVENT_FOSSIL_RESTORE_NATIONAL_0347,DEFEAT,研究員,"アノプスの反応が消えた。
再入場すれば再調査できる。",,,,2,GEN3_JP_MESSAGE_WINDOW_CHECK_REQUIRED,実charmap encodeはintegration buildで検証。
DIALOGUE_EVENT_FOSSIL_RESTORE_NATIONAL_0347,EVENT_FOSSIL_RESTORE_NATIONAL_0347,ESCAPE,研究員,"アノプスを見失った。
記録は未確定のままだ。",,,,2,GEN3_JP_MESSAGE_WINDOW_CHECK_REQUIRED,実charmap encodeはintegration buildで検証。
DIALOGUE_EVENT_FOSSIL_RESTORE_NATIONAL_0347,EVENT_FOSSIL_RESTORE_NATIONAL_0347,PARTY_FULL,研究員,"手持ちがいっぱいだ。
PCへの転送を確認する。",,,,2,GEN3_JP_MESSAGE_WINDOW_CHECK_REQUIRED,実charmap encodeはintegration buildで検証。
DIALOGUE_EVENT_FOSSIL_RESTORE_NATIONAL_0347,EVENT_FOSSIL_RESTORE_NATIONAL_0347,BOX_FULL,研究員,"PCと保管枠がいっぱいだ。
何も消費せず中止した。",,,,2,GEN3_JP_MESSAGE_WINDOW_CHECK_REQUIRED,実charmap encodeはintegration buildで検証。
DIALOGUE_EVENT_FOSSIL_RESTORE_NATIONAL_0347,EVENT_FOSSIL_RESTORE_NATIONAL_0347,SUCCESS,研究員,"アノプスの復元に成功した。
素材と記録を確定した。",,,,2,GEN3_JP_MESSAGE_WINDOW_CHECK_REQUIRED,実charmap encodeはintegration buildで検証。
DIALOGUE_EVENT_FOSSIL_RESTORE_NATIONAL_0347,EVENT_FOSSIL_RESTORE_NATIONAL_0347,ALREADY,研究員,"この対象は登録済みだ。
重複個体は受け取れない。",,,,2,GEN3_JP_MESSAGE_WINDOW_CHECK_REQUIRED,実charmap encodeはintegration buildで検証。
DIALOGUE_EVENT_FOSSIL_RESTORE_NATIONAL_0408,EVENT_FOSSIL_RESTORE_NATIONAL_0408,LOCKED,研究員,"まだ反応がない。
調査条件を満たしていない。",,,,2,GEN3_JP_MESSAGE_WINDOW_CHECK_REQUIRED,実charmap encodeはintegration buildで検証。
DIALOGUE_EVENT_FOSSIL_RESTORE_NATIONAL_0408,EVENT_FOSSIL_RESTORE_NATIONAL_0408,INTRO,研究員,"ズガイドスを復元します。
素材を使いますか？",はい,いいえ,PREPARE,2,GEN3_JP_MESSAGE_WINDOW_CHECK_REQUIRED,実charmap encodeはintegration buildで検証。
DIALOGUE_EVENT_FOSSIL_RESTORE_NATIONAL_0408,EVENT_FOSSIL_RESTORE_NATIONAL_0408,CANCEL,研究員,"処理を中止した。
記録も素材も変更していない。",,,,2,GEN3_JP_MESSAGE_WINDOW_CHECK_REQUIRED,実charmap encodeはintegration buildで検証。
DIALOGUE_EVENT_FOSSIL_RESTORE_NATIONAL_0408,EVENT_FOSSIL_RESTORE_NATIONAL_0408,DEFEAT,研究員,"ズガイドスの反応が消えた。
再入場すれば再調査できる。",,,,2,GEN3_JP_MESSAGE_WINDOW_CHECK_REQUIRED,実charmap encodeはintegration buildで検証。
DIALOGUE_EVENT_FOSSIL_RESTORE_NATIONAL_0408,EVENT_FOSSIL_RESTORE_NATIONAL_0408,ESCAPE,研究員,"ズガイドスを見失った。
記録は未確定のままだ。",,,,2,GEN3_JP_MESSAGE_WINDOW_CHECK_REQUIRED,実charmap encodeはintegration buildで検証。
DIALOGUE_EVENT_FOSSIL_RESTORE_NATIONAL_0408,EVENT_FOSSIL_RESTORE_NATIONAL_0408,PARTY_FULL,研究員,"手持ちがいっぱいだ。
PCへの転送を確認する。",,,,2,GEN3_JP_MESSAGE_WINDOW_CHECK_REQUIRED,実charmap encodeはintegration buildで検証。
DIALOGUE_EVENT_FOSSIL_RESTORE_NATIONAL_0408,EVENT_FOSSIL_RESTORE_NATIONAL_0408,BOX_FULL,研究員,"PCと保管枠がいっぱいだ。
何も消費せず中止した。",,,,2,GEN3_JP_MESSAGE_WINDOW_CHECK_REQUIRED,実charmap encodeはintegration buildで検証。
DIALOGUE_EVENT_FOSSIL_RESTORE_NATIONAL_0408,EVENT_FOSSIL_RESTORE_NATIONAL_0408,SUCCESS,研究員,"ズガイドスの復元に成功した。
素材と記録を確定した。",,,,2,GEN3_JP_MESSAGE_WINDOW_CHECK_REQUIRED,実charmap encodeはintegration buildで検証。
DIALOGUE_EVENT_FOSSIL_RESTORE_NATIONAL_0408,EVENT_FOSSIL_RESTORE_NATIONAL_0408,ALREADY,研究員,"この対象は登録済みだ。
重複個体は受け取れない。",,,,2,GEN3_JP_MESSAGE_WINDOW_CHECK_REQUIRED,実charmap encodeはintegration buildで検証。
DIALOGUE_EVENT_FOSSIL_RESTORE_NATIONAL_0410,EVENT_FOSSIL_RESTORE_NATIONAL_0410,LOCKED,研究員,"まだ反応がない。
調査条件を満たしていない。",,,,2,GEN3_JP_MESSAGE_WINDOW_CHECK_REQUIRED,実charmap encodeはintegration buildで検証。
DIALOGUE_EVENT_FOSSIL_RESTORE_NATIONAL_0410,EVENT_FOSSIL_RESTORE_NATIONAL_0410,INTRO,研究員,"タテトプスを復元します。
素材を使いますか？",はい,いいえ,PREPARE,2,GEN3_JP_MESSAGE_WINDOW_CHECK_REQUIRED,実charmap encodeはintegration buildで検証。
DIALOGUE_EVENT_FOSSIL_RESTORE_NATIONAL_0410,EVENT_FOSSIL_RESTORE_NATIONAL_0410,CANCEL,研究員,"処理を中止した。
記録も素材も変更していない。",,,,2,GEN3_JP_MESSAGE_WINDOW_CHECK_REQUIRED,実charmap encodeはintegration buildで検証。
DIALOGUE_EVENT_FOSSIL_RESTORE_NATIONAL_0410,EVENT_FOSSIL_RESTORE_NATIONAL_0410,DEFEAT,研究員,"タテトプスの反応が消えた。
再入場すれば再調査できる。",,,,2,GEN3_JP_MESSAGE_WINDOW_CHECK_REQUIRED,実charmap encodeはintegration buildで検証。
DIALOGUE_EVENT_FOSSIL_RESTORE_NATIONAL_0410,EVENT_FOSSIL_RESTORE_NATIONAL_0410,ESCAPE,研究員,"タテトプスを見失った。
記録は未確定のままだ。",,,,2,GEN3_JP_MESSAGE_WINDOW_CHECK_REQUIRED,実charmap encodeはintegration buildで検証。
DIALOGUE_EVENT_FOSSIL_RESTORE_NATIONAL_0410,EVENT_FOSSIL_RESTORE_NATIONAL_0410,PARTY_FULL,研究員,"手持ちがいっぱいだ。
PCへの転送を確認する。",,,,2,GEN3_JP_MESSAGE_WINDOW_CHECK_REQUIRED,実charmap encodeはintegration buildで検証。
DIALOGUE_EVENT_FOSSIL_RESTORE_NATIONAL_0410,EVENT_FOSSIL_RESTORE_NATIONAL_0410,BOX_FULL,研究員,"PCと保管枠がいっぱいだ。
何も消費せず中止した。",,,,2,GEN3_JP_MESSAGE_WINDOW_CHECK_REQUIRED,実charmap encodeはintegration buildで検証。
DIALOGUE_EVENT_FOSSIL_RESTORE_NATIONAL_0410,EVENT_FOSSIL_RESTORE_NATIONAL_0410,SUCCESS,研究員,"タテトプスの復元に成功した。
素材と記録を確定した。",,,,2,GEN3_JP_MESSAGE_WINDOW_CHECK_REQUIRED,実charmap encodeはintegration buildで検証。
DIALOGUE_EVENT_FOSSIL_RESTORE_NATIONAL_0410,EVENT_FOSSIL_RESTORE_NATIONAL_0410,ALREADY,研究員,"この対象は登録済みだ。
重複個体は受け取れない。",,,,2,GEN3_JP_MESSAGE_WINDOW_CHECK_REQUIRED,実charmap encodeはintegration buildで検証。
DIALOGUE_EVENT_FOSSIL_RESTORE_NATIONAL_0564,EVENT_FOSSIL_RESTORE_NATIONAL_0564,LOCKED,研究員,"まだ反応がない。
調査条件を満たしていない。",,,,2,GEN3_JP_MESSAGE_WINDOW_CHECK_REQUIRED,実charmap encodeはintegration buildで検証。
DIALOGUE_EVENT_FOSSIL_RESTORE_NATIONAL_0564,EVENT_FOSSIL_RESTORE_NATIONAL_0564,INTRO,研究員,"プロトーガを復元します。
素材を使いますか？",はい,いいえ,PREPARE,2,GEN3_JP_MESSAGE_WINDOW_CHECK_REQUIRED,実charmap encodeはintegration buildで検証。
DIALOGUE_EVENT_FOSSIL_RESTORE_NATIONAL_0564,EVENT_FOSSIL_RESTORE_NATIONAL_0564,CANCEL,研究員,"処理を中止した。
記録も素材も変更していない。",,,,2,GEN3_JP_MESSAGE_WINDOW_CHECK_REQUIRED,実charmap encodeはintegration buildで検証。
DIALOGUE_EVENT_FOSSIL_RESTORE_NATIONAL_0564,EVENT_FOSSIL_RESTORE_NATIONAL_0564,DEFEAT,研究員,"プロトーガの反応が消えた。
再入場すれば再調査できる。",,,,2,GEN3_JP_MESSAGE_WINDOW_CHECK_REQUIRED,実charmap encodeはintegration buildで検証。
DIALOGUE_EVENT_FOSSIL_RESTORE_NATIONAL_0564,EVENT_FOSSIL_RESTORE_NATIONAL_0564,ESCAPE,研究員,"プロトーガを見失った。
記録は未確定のままだ。",,,,2,GEN3_JP_MESSAGE_WINDOW_CHECK_REQUIRED,実charmap encodeはintegration buildで検証。
DIALOGUE_EVENT_FOSSIL_RESTORE_NATIONAL_0564,EVENT_FOSSIL_RESTORE_NATIONAL_0564,PARTY_FULL,研究員,"手持ちがいっぱいだ。
PCへの転送を確認する。",,,,2,GEN3_JP_MESSAGE_WINDOW_CHECK_REQUIRED,実charmap encodeはintegration buildで検証。
DIALOGUE_EVENT_FOSSIL_RESTORE_NATIONAL_0564,EVENT_FOSSIL_RESTORE_NATIONAL_0564,BOX_FULL,研究員,"PCと保管枠がいっぱいだ。
何も消費せず中止した。",,,,2,GEN3_JP_MESSAGE_WINDOW_CHECK_REQUIRED,実charmap encodeはintegration buildで検証。
DIALOGUE_EVENT_FOSSIL_RESTORE_NATIONAL_0564,EVENT_FOSSIL_RESTORE_NATIONAL_0564,SUCCESS,研究員,"プロトーガの復元に成功した。
素材と記録を確定した。",,,,2,GEN3_JP_MESSAGE_WINDOW_CHECK_REQUIRED,実charmap encodeはintegration buildで検証。
DIALOGUE_EVENT_FOSSIL_RESTORE_NATIONAL_0564,EVENT_FOSSIL_RESTORE_NATIONAL_0564,ALREADY,研究員,"この対象は登録済みだ。
重複個体は受け取れない。",,,,2,GEN3_JP_MESSAGE_WINDOW_CHECK_REQUIRED,実charmap encodeはintegration buildで検証。
DIALOGUE_EVENT_FOSSIL_RESTORE_NATIONAL_0566,EVENT_FOSSIL_RESTORE_NATIONAL_0566,LOCKED,研究員,"まだ反応がない。
調査条件を満たしていない。",,,,2,GEN3_JP_MESSAGE_WINDOW_CHECK_REQUIRED,実charmap encodeはintegration buildで検証。
DIALOGUE_EVENT_FOSSIL_RESTORE_NATIONAL_0566,EVENT_FOSSIL_RESTORE_NATIONAL_0566,INTRO,研究員,"アーケンを復元します。
素材を使いますか？",はい,いいえ,PREPARE,2,GEN3_JP_MESSAGE_WINDOW_CHECK_REQUIRED,実charmap encodeはintegration buildで検証。
DIALOGUE_EVENT_FOSSIL_RESTORE_NATIONAL_0566,EVENT_FOSSIL_RESTORE_NATIONAL_0566,CANCEL,研究員,"処理を中止した。
記録も素材も変更していない。",,,,2,GEN3_JP_MESSAGE_WINDOW_CHECK_REQUIRED,実charmap encodeはintegration buildで検証。
DIALOGUE_EVENT_FOSSIL_RESTORE_NATIONAL_0566,EVENT_FOSSIL_RESTORE_NATIONAL_0566,DEFEAT,研究員,"アーケンの反応が消えた。
再入場すれば再調査できる。",,,,2,GEN3_JP_MESSAGE_WINDOW_CHECK_REQUIRED,実charmap encodeはintegration buildで検証。
DIALOGUE_EVENT_FOSSIL_RESTORE_NATIONAL_0566,EVENT_FOSSIL_RESTORE_NATIONAL_0566,ESCAPE,研究員,"アーケンを見失った。
記録は未確定のままだ。",,,,2,GEN3_JP_MESSAGE_WINDOW_CHECK_REQUIRED,実charmap encodeはintegration buildで検証。
DIALOGUE_EVENT_FOSSIL_RESTORE_NATIONAL_0566,EVENT_FOSSIL_RESTORE_NATIONAL_0566,PARTY_FULL,研究員,"手持ちがいっぱいだ。
PCへの転送を確認する。",,,,2,GEN3_JP_MESSAGE_WINDOW_CHECK_REQUIRED,実charmap encodeはintegration buildで検証。
DIALOGUE_EVENT_FOSSIL_RESTORE_NATIONAL_0566,EVENT_FOSSIL_RESTORE_NATIONAL_0566,BOX_FULL,研究員,"PCと保管枠がいっぱいだ。
何も消費せず中止した。",,,,2,GEN3_JP_MESSAGE_WINDOW_CHECK_REQUIRED,実charmap encodeはintegration buildで検証。
DIALOGUE_EVENT_FOSSIL_RESTORE_NATIONAL_0566,EVENT_FOSSIL_RESTORE_NATIONAL_0566,SUCCESS,研究員,"アーケンの復元に成功した。
素材と記録を確定した。",,,,2,GEN3_JP_MESSAGE_WINDOW_CHECK_REQUIRED,実charmap encodeはintegration buildで検証。
DIALOGUE_EVENT_FOSSIL_RESTORE_NATIONAL_0566,EVENT_FOSSIL_RESTORE_NATIONAL_0566,ALREADY,研究員,"この対象は登録済みだ。
重複個体は受け取れない。",,,,2,GEN3_JP_MESSAGE_WINDOW_CHECK_REQUIRED,実charmap encodeはintegration buildで検証。
DIALOGUE_EVENT_FOSSIL_RESTORE_NATIONAL_0696,EVENT_FOSSIL_RESTORE_NATIONAL_0696,LOCKED,研究員,"まだ反応がない。
調査条件を満たしていない。",,,,2,GEN3_JP_MESSAGE_WINDOW_CHECK_REQUIRED,実charmap encodeはintegration buildで検証。
DIALOGUE_EVENT_FOSSIL_RESTORE_NATIONAL_0696,EVENT_FOSSIL_RESTORE_NATIONAL_0696,INTRO,研究員,"チゴラスを復元します。
素材を使いますか？",はい,いいえ,PREPARE,2,GEN3_JP_MESSAGE_WINDOW_CHECK_REQUIRED,実charmap encodeはintegration buildで検証。
DIALOGUE_EVENT_FOSSIL_RESTORE_NATIONAL_0696,EVENT_FOSSIL_RESTORE_NATIONAL_0696,CANCEL,研究員,"処理を中止した。
記録も素材も変更していない。",,,,2,GEN3_JP_MESSAGE_WINDOW_CHECK_REQUIRED,実charmap encodeはintegration buildで検証。
DIALOGUE_EVENT_FOSSIL_RESTORE_NATIONAL_0696,EVENT_FOSSIL_RESTORE_NATIONAL_0696,DEFEAT,研究員,"チゴラスの反応が消えた。
再入場すれば再調査できる。",,,,2,GEN3_JP_MESSAGE_WINDOW_CHECK_REQUIRED,実charmap encodeはintegration buildで検証。
DIALOGUE_EVENT_FOSSIL_RESTORE_NATIONAL_0696,EVENT_FOSSIL_RESTORE_NATIONAL_0696,ESCAPE,研究員,"チゴラスを見失った。
記録は未確定のままだ。",,,,2,GEN3_JP_MESSAGE_WINDOW_CHECK_REQUIRED,実charmap encodeはintegration buildで検証。
DIALOGUE_EVENT_FOSSIL_RESTORE_NATIONAL_0696,EVENT_FOSSIL_RESTORE_NATIONAL_0696,PARTY_FULL,研究員,"手持ちがいっぱいだ。
PCへの転送を確認する。",,,,2,GEN3_JP_MESSAGE_WINDOW_CHECK_REQUIRED,実charmap encodeはintegration buildで検証。
DIALOGUE_EVENT_FOSSIL_RESTORE_NATIONAL_0696,EVENT_FOSSIL_RESTORE_NATIONAL_0696,BOX_FULL,研究員,"PCと保管枠がいっぱいだ。
何も消費せず中止した。",,,,2,GEN3_JP_MESSAGE_WINDOW_CHECK_REQUIRED,実charmap encodeはintegration buildで検証。
DIALOGUE_EVENT_FOSSIL_RESTORE_NATIONAL_0696,EVENT_FOSSIL_RESTORE_NATIONAL_0696,SUCCESS,研究員,"チゴラスの復元に成功した。
素材と記録を確定した。",,,,2,GEN3_JP_MESSAGE_WINDOW_CHECK_REQUIRED,実charmap encodeはintegration buildで検証。
DIALOGUE_EVENT_FOSSIL_RESTORE_NATIONAL_0696,EVENT_FOSSIL_RESTORE_NATIONAL_0696,ALREADY,研究員,"この対象は登録済みだ。
重複個体は受け取れない。",,,,2,GEN3_JP_MESSAGE_WINDOW_CHECK_REQUIRED,実charmap encodeはintegration buildで検証。
DIALOGUE_EVENT_FOSSIL_RESTORE_NATIONAL_0698,EVENT_FOSSIL_RESTORE_NATIONAL_0698,LOCKED,研究員,"まだ反応がない。
調査条件を満たしていない。",,,,2,GEN3_JP_MESSAGE_WINDOW_CHECK_REQUIRED,実charmap encodeはintegration buildで検証。
DIALOGUE_EVENT_FOSSIL_RESTORE_NATIONAL_0698,EVENT_FOSSIL_RESTORE_NATIONAL_0698,INTRO,研究員,"アマルスを復元します。
素材を使いますか？",はい,いいえ,PREPARE,2,GEN3_JP_MESSAGE_WINDOW_CHECK_REQUIRED,実charmap encodeはintegration buildで検証。
DIALOGUE_EVENT_FOSSIL_RESTORE_NATIONAL_0698,EVENT_FOSSIL_RESTORE_NATIONAL_0698,CANCEL,研究員,"処理を中止した。
記録も素材も変更していない。",,,,2,GEN3_JP_MESSAGE_WINDOW_CHECK_REQUIRED,実charmap encodeはintegration buildで検証。
DIALOGUE_EVENT_FOSSIL_RESTORE_NATIONAL_0698,EVENT_FOSSIL_RESTORE_NATIONAL_0698,DEFEAT,研究員,"アマルスの反応が消えた。
再入場すれば再調査できる。",,,,2,GEN3_JP_MESSAGE_WINDOW_CHECK_REQUIRED,実charmap encodeはintegration buildで検証。
DIALOGUE_EVENT_FOSSIL_RESTORE_NATIONAL_0698,EVENT_FOSSIL_RESTORE_NATIONAL_0698,ESCAPE,研究員,"アマルスを見失った。
記録は未確定のままだ。",,,,2,GEN3_JP_MESSAGE_WINDOW_CHECK_REQUIRED,実charmap encodeはintegration buildで検証。
DIALOGUE_EVENT_FOSSIL_RESTORE_NATIONAL_0698,EVENT_FOSSIL_RESTORE_NATIONAL_0698,PARTY_FULL,研究員,"手持ちがいっぱいだ。
PCへの転送を確認する。",,,,2,GEN3_JP_MESSAGE_WINDOW_CHECK_REQUIRED,実charmap encodeはintegration buildで検証。
DIALOGUE_EVENT_FOSSIL_RESTORE_NATIONAL_0698,EVENT_FOSSIL_RESTORE_NATIONAL_0698,BOX_FULL,研究員,"PCと保管枠がいっぱいだ。
何も消費せず中止した。",,,,2,GEN3_JP_MESSAGE_WINDOW_CHECK_REQUIRED,実charmap encodeはintegration buildで検証。
DIALOGUE_EVENT_FOSSIL_RESTORE_NATIONAL_0698,EVENT_FOSSIL_RESTORE_NATIONAL_0698,SUCCESS,研究員,"アマルスの復元に成功した。
素材と記録を確定した。",,,,2,GEN3_JP_MESSAGE_WINDOW_CHECK_REQUIRED,実charmap encodeはintegration buildで検証。
DIALOGUE_EVENT_FOSSIL_RESTORE_NATIONAL_0698,EVENT_FOSSIL_RESTORE_NATIONAL_0698,ALREADY,研究員,"この対象は登録済みだ。
重複個体は受け取れない。",,,,2,GEN3_JP_MESSAGE_WINDOW_CHECK_REQUIRED,実charmap encodeはintegration buildで検証。
DIALOGUE_EVENT_FOSSIL_RESTORE_NATIONAL_0880,EVENT_FOSSIL_RESTORE_NATIONAL_0880,LOCKED,研究員,"まだ反応がない。
調査条件を満たしていない。",,,,2,GEN3_JP_MESSAGE_WINDOW_CHECK_REQUIRED,実charmap encodeはintegration buildで検証。
DIALOGUE_EVENT_FOSSIL_RESTORE_NATIONAL_0880,EVENT_FOSSIL_RESTORE_NATIONAL_0880,INTRO,研究員,"パッチラゴンを復元します。
素材を使いますか？",はい,いいえ,PREPARE,2,GEN3_JP_MESSAGE_WINDOW_CHECK_REQUIRED,実charmap encodeはintegration buildで検証。
DIALOGUE_EVENT_FOSSIL_RESTORE_NATIONAL_0880,EVENT_FOSSIL_RESTORE_NATIONAL_0880,CANCEL,研究員,"処理を中止した。
記録も素材も変更していない。",,,,2,GEN3_JP_MESSAGE_WINDOW_CHECK_REQUIRED,実charmap encodeはintegration buildで検証。
DIALOGUE_EVENT_FOSSIL_RESTORE_NATIONAL_0880,EVENT_FOSSIL_RESTORE_NATIONAL_0880,DEFEAT,研究員,"パッチラゴンの反応が消えた。
再入場すれば再調査できる。",,,,2,GEN3_JP_MESSAGE_WINDOW_CHECK_REQUIRED,実charmap encodeはintegration buildで検証。
DIALOGUE_EVENT_FOSSIL_RESTORE_NATIONAL_0880,EVENT_FOSSIL_RESTORE_NATIONAL_0880,ESCAPE,研究員,"パッチラゴンを見失った。
記録は未確定のままだ。",,,,2,GEN3_JP_MESSAGE_WINDOW_CHECK_REQUIRED,実charmap encodeはintegration buildで検証。
DIALOGUE_EVENT_FOSSIL_RESTORE_NATIONAL_0880,EVENT_FOSSIL_RESTORE_NATIONAL_0880,PARTY_FULL,研究員,"手持ちがいっぱいだ。
PCへの転送を確認する。",,,,2,GEN3_JP_MESSAGE_WINDOW_CHECK_REQUIRED,実charmap encodeはintegration buildで検証。
DIALOGUE_EVENT_FOSSIL_RESTORE_NATIONAL_0880,EVENT_FOSSIL_RESTORE_NATIONAL_0880,BOX_FULL,研究員,"PCと保管枠がいっぱいだ。
何も消費せず中止した。",,,,2,GEN3_JP_MESSAGE_WINDOW_CHECK_REQUIRED,実charmap encodeはintegration buildで検証。
DIALOGUE_EVENT_FOSSIL_RESTORE_NATIONAL_0880,EVENT_FOSSIL_RESTORE_NATIONAL_0880,SUCCESS,研究員,"パッチラゴンの復元に成功した。
素材と記録を確定した。",,,,2,GEN3_JP_MESSAGE_WINDOW_CHECK_REQUIRED,実charmap encodeはintegration buildで検証。
DIALOGUE_EVENT_FOSSIL_RESTORE_NATIONAL_0880,EVENT_FOSSIL_RESTORE_NATIONAL_0880,ALREADY,研究員,"この対象は登録済みだ。
重複個体は受け取れない。",,,,2,GEN3_JP_MESSAGE_WINDOW_CHECK_REQUIRED,実charmap encodeはintegration buildで検証。
DIALOGUE_EVENT_FOSSIL_RESTORE_NATIONAL_0881,EVENT_FOSSIL_RESTORE_NATIONAL_0881,LOCKED,研究員,"まだ反応がない。
調査条件を満たしていない。",,,,2,GEN3_JP_MESSAGE_WINDOW_CHECK_REQUIRED,実charmap encodeはintegration buildで検証。
DIALOGUE_EVENT_FOSSIL_RESTORE_NATIONAL_0881,EVENT_FOSSIL_RESTORE_NATIONAL_0881,INTRO,研究員,"パッチルドンを復元します。
素材を使いますか？",はい,いいえ,PREPARE,2,GEN3_JP_MESSAGE_WINDOW_CHECK_REQUIRED,実charmap encodeはintegration buildで検証。
DIALOGUE_EVENT_FOSSIL_RESTORE_NATIONAL_0881,EVENT_FOSSIL_RESTORE_NATIONAL_0881,CANCEL,研究員,"処理を中止した。
記録も素材も変更していない。",,,,2,GEN3_JP_MESSAGE_WINDOW_CHECK_REQUIRED,実charmap encodeはintegration buildで検証。
DIALOGUE_EVENT_FOSSIL_RESTORE_NATIONAL_0881,EVENT_FOSSIL_RESTORE_NATIONAL_0881,DEFEAT,研究員,"パッチルドンの反応が消えた。
再入場すれば再調査できる。",,,,2,GEN3_JP_MESSAGE_WINDOW_CHECK_REQUIRED,実charmap encodeはintegration buildで検証。
DIALOGUE_EVENT_FOSSIL_RESTORE_NATIONAL_0881,EVENT_FOSSIL_RESTORE_NATIONAL_0881,ESCAPE,研究員,"パッチルドンを見失った。
記録は未確定のままだ。",,,,2,GEN3_JP_MESSAGE_WINDOW_CHECK_REQUIRED,実charmap encodeはintegration buildで検証。
DIALOGUE_EVENT_FOSSIL_RESTORE_NATIONAL_0881,EVENT_FOSSIL_RESTORE_NATIONAL_0881,PARTY_FULL,研究員,"手持ちがいっぱいだ。
PCへの転送を確認する。",,,,2,GEN3_JP_MESSAGE_WINDOW_CHECK_REQUIRED,実charmap encodeはintegration buildで検証。
DIALOGUE_EVENT_FOSSIL_RESTORE_NATIONAL_0881,EVENT_FOSSIL_RESTORE_NATIONAL_0881,BOX_FULL,研究員,"PCと保管枠がいっぱいだ。
何も消費せず中止した。",,,,2,GEN3_JP_MESSAGE_WINDOW_CHECK_REQUIRED,実charmap encodeはintegration buildで検証。
DIALOGUE_EVENT_FOSSIL_RESTORE_NATIONAL_0881,EVENT_FOSSIL_RESTORE_NATIONAL_0881,SUCCESS,研究員,"パッチルドンの復元に成功した。
素材と記録を確定した。",,,,2,GEN3_JP_MESSAGE_WINDOW_CHECK_REQUIRED,実charmap encodeはintegration buildで検証。
DIALOGUE_EVENT_FOSSIL_RESTORE_NATIONAL_0881,EVENT_FOSSIL_RESTORE_NATIONAL_0881,ALREADY,研究員,"この対象は登録済みだ。
重複個体は受け取れない。",,,,2,GEN3_JP_MESSAGE_WINDOW_CHECK_REQUIRED,実charmap encodeはintegration buildで検証。
DIALOGUE_EVENT_FOSSIL_RESTORE_NATIONAL_0882,EVENT_FOSSIL_RESTORE_NATIONAL_0882,LOCKED,研究員,"まだ反応がない。
調査条件を満たしていない。",,,,2,GEN3_JP_MESSAGE_WINDOW_CHECK_REQUIRED,実charmap encodeはintegration buildで検証。
DIALOGUE_EVENT_FOSSIL_RESTORE_NATIONAL_0882,EVENT_FOSSIL_RESTORE_NATIONAL_0882,INTRO,研究員,"ウオノラゴンを復元します。
素材を使いますか？",はい,いいえ,PREPARE,2,GEN3_JP_MESSAGE_WINDOW_CHECK_REQUIRED,実charmap encodeはintegration buildで検証。
DIALOGUE_EVENT_FOSSIL_RESTORE_NATIONAL_0882,EVENT_FOSSIL_RESTORE_NATIONAL_0882,CANCEL,研究員,"処理を中止した。
記録も素材も変更していない。",,,,2,GEN3_JP_MESSAGE_WINDOW_CHECK_REQUIRED,実charmap encodeはintegration buildで検証。
DIALOGUE_EVENT_FOSSIL_RESTORE_NATIONAL_0882,EVENT_FOSSIL_RESTORE_NATIONAL_0882,DEFEAT,研究員,"ウオノラゴンの反応が消えた。
再入場すれば再調査できる。",,,,2,GEN3_JP_MESSAGE_WINDOW_CHECK_REQUIRED,実charmap encodeはintegration buildで検証。
DIALOGUE_EVENT_FOSSIL_RESTORE_NATIONAL_0882,EVENT_FOSSIL_RESTORE_NATIONAL_0882,ESCAPE,研究員,"ウオノラゴンを見失った。
記録は未確定のままだ。",,,,2,GEN3_JP_MESSAGE_WINDOW_CHECK_REQUIRED,実charmap encodeはintegration buildで検証。
DIALOGUE_EVENT_FOSSIL_RESTORE_NATIONAL_0882,EVENT_FOSSIL_RESTORE_NATIONAL_0882,PARTY_FULL,研究員,"手持ちがいっぱいだ。
PCへの転送を確認する。",,,,2,GEN3_JP_MESSAGE_WINDOW_CHECK_REQUIRED,実charmap encodeはintegration buildで検証。
DIALOGUE_EVENT_FOSSIL_RESTORE_NATIONAL_0882,EVENT_FOSSIL_RESTORE_NATIONAL_0882,BOX_FULL,研究員,"PCと保管枠がいっぱいだ。
何も消費せず中止した。",,,,2,GEN3_JP_MESSAGE_WINDOW_CHECK_REQUIRED,実charmap encodeはintegration buildで検証。
DIALOGUE_EVENT_FOSSIL_RESTORE_NATIONAL_0882,EVENT_FOSSIL_RESTORE_NATIONAL_0882,SUCCESS,研究員,"ウオノラゴンの復元に成功した。
素材と記録を確定した。",,,,2,GEN3_JP_MESSAGE_WINDOW_CHECK_REQUIRED,実charmap encodeはintegration buildで検証。
DIALOGUE_EVENT_FOSSIL_RESTORE_NATIONAL_0882,EVENT_FOSSIL_RESTORE_NATIONAL_0882,ALREADY,研究員,"この対象は登録済みだ。
重複個体は受け取れない。",,,,2,GEN3_JP_MESSAGE_WINDOW_CHECK_REQUIRED,実charmap encodeはintegration buildで検証。
DIALOGUE_EVENT_FOSSIL_RESTORE_NATIONAL_0883,EVENT_FOSSIL_RESTORE_NATIONAL_0883,LOCKED,研究員,"まだ反応がない。
調査条件を満たしていない。",,,,2,GEN3_JP_MESSAGE_WINDOW_CHECK_REQUIRED,実charmap encodeはintegration buildで検証。
DIALOGUE_EVENT_FOSSIL_RESTORE_NATIONAL_0883,EVENT_FOSSIL_RESTORE_NATIONAL_0883,INTRO,研究員,"ウオチルドンを復元します。
素材を使いますか？",はい,いいえ,PREPARE,2,GEN3_JP_MESSAGE_WINDOW_CHECK_REQUIRED,実charmap encodeはintegration buildで検証。
DIALOGUE_EVENT_FOSSIL_RESTORE_NATIONAL_0883,EVENT_FOSSIL_RESTORE_NATIONAL_0883,CANCEL,研究員,"処理を中止した。
記録も素材も変更していない。",,,,2,GEN3_JP_MESSAGE_WINDOW_CHECK_REQUIRED,実charmap encodeはintegration buildで検証。
DIALOGUE_EVENT_FOSSIL_RESTORE_NATIONAL_0883,EVENT_FOSSIL_RESTORE_NATIONAL_0883,DEFEAT,研究員,"ウオチルドンの反応が消えた。
再入場すれば再調査できる。",,,,2,GEN3_JP_MESSAGE_WINDOW_CHECK_REQUIRED,実charmap encodeはintegration buildで検証。
DIALOGUE_EVENT_FOSSIL_RESTORE_NATIONAL_0883,EVENT_FOSSIL_RESTORE_NATIONAL_0883,ESCAPE,研究員,"ウオチルドンを見失った。
記録は未確定のままだ。",,,,2,GEN3_JP_MESSAGE_WINDOW_CHECK_REQUIRED,実charmap encodeはintegration buildで検証。
DIALOGUE_EVENT_FOSSIL_RESTORE_NATIONAL_0883,EVENT_FOSSIL_RESTORE_NATIONAL_0883,PARTY_FULL,研究員,"手持ちがいっぱいだ。
PCへの転送を確認する。",,,,2,GEN3_JP_MESSAGE_WINDOW_CHECK_REQUIRED,実charmap encodeはintegration buildで検証。
DIALOGUE_EVENT_FOSSIL_RESTORE_NATIONAL_0883,EVENT_FOSSIL_RESTORE_NATIONAL_0883,BOX_FULL,研究員,"PCと保管枠がいっぱいだ。
何も消費せず中止した。",,,,2,GEN3_JP_MESSAGE_WINDOW_CHECK_REQUIRED,実charmap encodeはintegration buildで検証。
DIALOGUE_EVENT_FOSSIL_RESTORE_NATIONAL_0883,EVENT_FOSSIL_RESTORE_NATIONAL_0883,SUCCESS,研究員,"ウオチルドンの復元に成功した。
素材と記録を確定した。",,,,2,GEN3_JP_MESSAGE_WINDOW_CHECK_REQUIRED,実charmap encodeはintegration buildで検証。
DIALOGUE_EVENT_FOSSIL_RESTORE_NATIONAL_0883,EVENT_FOSSIL_RESTORE_NATIONAL_0883,ALREADY,研究員,"この対象は登録済みだ。
重複個体は受け取れない。",,,,2,GEN3_JP_MESSAGE_WINDOW_CHECK_REQUIRED,実charmap encodeはintegration buildで検証。
DIALOGUE_EVENT_FOSSIL_RESTORE_VEGA_0121,EVENT_FOSSIL_RESTORE_VEGA_0121,LOCKED,研究員,"まだ反応がない。
調査条件を満たしていない。",,,,2,GEN3_JP_MESSAGE_WINDOW_CHECK_REQUIRED,実charmap encodeはintegration buildで検証。
DIALOGUE_EVENT_FOSSIL_RESTORE_VEGA_0121,EVENT_FOSSIL_RESTORE_VEGA_0121,INTRO,研究員,"スミロドンを復元します。
素材を使いますか？",はい,いいえ,PREPARE,2,GEN3_JP_MESSAGE_WINDOW_CHECK_REQUIRED,実charmap encodeはintegration buildで検証。
DIALOGUE_EVENT_FOSSIL_RESTORE_VEGA_0121,EVENT_FOSSIL_RESTORE_VEGA_0121,CANCEL,研究員,"処理を中止した。
記録も素材も変更していない。",,,,2,GEN3_JP_MESSAGE_WINDOW_CHECK_REQUIRED,実charmap encodeはintegration buildで検証。
DIALOGUE_EVENT_FOSSIL_RESTORE_VEGA_0121,EVENT_FOSSIL_RESTORE_VEGA_0121,DEFEAT,研究員,"スミロドンの反応が消えた。
再入場すれば再調査できる。",,,,2,GEN3_JP_MESSAGE_WINDOW_CHECK_REQUIRED,実charmap encodeはintegration buildで検証。
DIALOGUE_EVENT_FOSSIL_RESTORE_VEGA_0121,EVENT_FOSSIL_RESTORE_VEGA_0121,ESCAPE,研究員,"スミロドンを見失った。
記録は未確定のままだ。",,,,2,GEN3_JP_MESSAGE_WINDOW_CHECK_REQUIRED,実charmap encodeはintegration buildで検証。
DIALOGUE_EVENT_FOSSIL_RESTORE_VEGA_0121,EVENT_FOSSIL_RESTORE_VEGA_0121,PARTY_FULL,研究員,"手持ちがいっぱいだ。
PCへの転送を確認する。",,,,2,GEN3_JP_MESSAGE_WINDOW_CHECK_REQUIRED,実charmap encodeはintegration buildで検証。
DIALOGUE_EVENT_FOSSIL_RESTORE_VEGA_0121,EVENT_FOSSIL_RESTORE_VEGA_0121,BOX_FULL,研究員,"PCと保管枠がいっぱいだ。
何も消費せず中止した。",,,,2,GEN3_JP_MESSAGE_WINDOW_CHECK_REQUIRED,実charmap encodeはintegration buildで検証。
DIALOGUE_EVENT_FOSSIL_RESTORE_VEGA_0121,EVENT_FOSSIL_RESTORE_VEGA_0121,SUCCESS,研究員,"スミロドンの復元に成功した。
素材と記録を確定した。",,,,2,GEN3_JP_MESSAGE_WINDOW_CHECK_REQUIRED,実charmap encodeはintegration buildで検証。
DIALOGUE_EVENT_FOSSIL_RESTORE_VEGA_0121,EVENT_FOSSIL_RESTORE_VEGA_0121,ALREADY,研究員,"この対象は登録済みだ。
重複個体は受け取れない。",,,,2,GEN3_JP_MESSAGE_WINDOW_CHECK_REQUIRED,実charmap encodeはintegration buildで検証。
DIALOGUE_EVENT_FOSSIL_RESTORE_VEGA_0388,EVENT_FOSSIL_RESTORE_VEGA_0388,LOCKED,研究員,"まだ反応がない。
調査条件を満たしていない。",,,,2,GEN3_JP_MESSAGE_WINDOW_CHECK_REQUIRED,実charmap encodeはintegration buildで検証。
DIALOGUE_EVENT_FOSSIL_RESTORE_VEGA_0388,EVENT_FOSSIL_RESTORE_VEGA_0388,INTRO,研究員,"ティオルスを復元します。
素材を使いますか？",はい,いいえ,PREPARE,2,GEN3_JP_MESSAGE_WINDOW_CHECK_REQUIRED,実charmap encodeはintegration buildで検証。
DIALOGUE_EVENT_FOSSIL_RESTORE_VEGA_0388,EVENT_FOSSIL_RESTORE_VEGA_0388,CANCEL,研究員,"処理を中止した。
記録も素材も変更していない。",,,,2,GEN3_JP_MESSAGE_WINDOW_CHECK_REQUIRED,実charmap encodeはintegration buildで検証。
DIALOGUE_EVENT_FOSSIL_RESTORE_VEGA_0388,EVENT_FOSSIL_RESTORE_VEGA_0388,DEFEAT,研究員,"ティオルスの反応が消えた。
再入場すれば再調査できる。",,,,2,GEN3_JP_MESSAGE_WINDOW_CHECK_REQUIRED,実charmap encodeはintegration buildで検証。
DIALOGUE_EVENT_FOSSIL_RESTORE_VEGA_0388,EVENT_FOSSIL_RESTORE_VEGA_0388,ESCAPE,研究員,"ティオルスを見失った。
記録は未確定のままだ。",,,,2,GEN3_JP_MESSAGE_WINDOW_CHECK_REQUIRED,実charmap encodeはintegration buildで検証。
DIALOGUE_EVENT_FOSSIL_RESTORE_VEGA_0388,EVENT_FOSSIL_RESTORE_VEGA_0388,PARTY_FULL,研究員,"手持ちがいっぱいだ。
PCへの転送を確認する。",,,,2,GEN3_JP_MESSAGE_WINDOW_CHECK_REQUIRED,実charmap encodeはintegration buildで検証。
DIALOGUE_EVENT_FOSSIL_RESTORE_VEGA_0388,EVENT_FOSSIL_RESTORE_VEGA_0388,BOX_FULL,研究員,"PCと保管枠がいっぱいだ。
何も消費せず中止した。",,,,2,GEN3_JP_MESSAGE_WINDOW_CHECK_REQUIRED,実charmap encodeはintegration buildで検証。
DIALOGUE_EVENT_FOSSIL_RESTORE_VEGA_0388,EVENT_FOSSIL_RESTORE_VEGA_0388,SUCCESS,研究員,"ティオルスの復元に成功した。
素材と記録を確定した。",,,,2,GEN3_JP_MESSAGE_WINDOW_CHECK_REQUIRED,実charmap encodeはintegration buildで検証。
DIALOGUE_EVENT_FOSSIL_RESTORE_VEGA_0388,EVENT_FOSSIL_RESTORE_VEGA_0388,ALREADY,研究員,"この対象は登録済みだ。
重複個体は受け取れない。",,,,2,GEN3_JP_MESSAGE_WINDOW_CHECK_REQUIRED,実charmap encodeはintegration buildで検証。
DIALOGUE_EVENT_FOSSIL_RESTORE_VEGA_0390,EVENT_FOSSIL_RESTORE_VEGA_0390,LOCKED,研究員,"まだ反応がない。
調査条件を満たしていない。",,,,2,GEN3_JP_MESSAGE_WINDOW_CHECK_REQUIRED,実charmap encodeはintegration buildで検証。
DIALOGUE_EVENT_FOSSIL_RESTORE_VEGA_0390,EVENT_FOSSIL_RESTORE_VEGA_0390,INTRO,研究員,"ティラノスを復元します。
素材を使いますか？",はい,いいえ,PREPARE,2,GEN3_JP_MESSAGE_WINDOW_CHECK_REQUIRED,実charmap encodeはintegration buildで検証。
DIALOGUE_EVENT_FOSSIL_RESTORE_VEGA_0390,EVENT_FOSSIL_RESTORE_VEGA_0390,CANCEL,研究員,"処理を中止した。
記録も素材も変更していない。",,,,2,GEN3_JP_MESSAGE_WINDOW_CHECK_REQUIRED,実charmap encodeはintegration buildで検証。
DIALOGUE_EVENT_FOSSIL_RESTORE_VEGA_0390,EVENT_FOSSIL_RESTORE_VEGA_0390,DEFEAT,研究員,"ティラノスの反応が消えた。
再入場すれば再調査できる。",,,,2,GEN3_JP_MESSAGE_WINDOW_CHECK_REQUIRED,実charmap encodeはintegration buildで検証。
DIALOGUE_EVENT_FOSSIL_RESTORE_VEGA_0390,EVENT_FOSSIL_RESTORE_VEGA_0390,ESCAPE,研究員,"ティラノスを見失った。
記録は未確定のままだ。",,,,2,GEN3_JP_MESSAGE_WINDOW_CHECK_REQUIRED,実charmap encodeはintegration buildで検証。
DIALOGUE_EVENT_FOSSIL_RESTORE_VEGA_0390,EVENT_FOSSIL_RESTORE_VEGA_0390,PARTY_FULL,研究員,"手持ちがいっぱいだ。
PCへの転送を確認する。",,,,2,GEN3_JP_MESSAGE_WINDOW_CHECK_REQUIRED,実charmap encodeはintegration buildで検証。
DIALOGUE_EVENT_FOSSIL_RESTORE_VEGA_0390,EVENT_FOSSIL_RESTORE_VEGA_0390,BOX_FULL,研究員,"PCと保管枠がいっぱいだ。
何も消費せず中止した。",,,,2,GEN3_JP_MESSAGE_WINDOW_CHECK_REQUIRED,実charmap encodeはintegration buildで検証。
DIALOGUE_EVENT_FOSSIL_RESTORE_VEGA_0390,EVENT_FOSSIL_RESTORE_VEGA_0390,SUCCESS,研究員,"ティラノスの復元に成功した。
素材と記録を確定した。",,,,2,GEN3_JP_MESSAGE_WINDOW_CHECK_REQUIRED,実charmap encodeはintegration buildで検証。
DIALOGUE_EVENT_FOSSIL_RESTORE_VEGA_0390,EVENT_FOSSIL_RESTORE_VEGA_0390,ALREADY,研究員,"この対象は登録済みだ。
重複個体は受け取れない。",,,,2,GEN3_JP_MESSAGE_WINDOW_CHECK_REQUIRED,実charmap encodeはintegration buildで検証。
DIALOGUE_EVENT_VEGA_ARCHIVE_0122,EVENT_VEGA_ARCHIVE_0122,LOCKED,研究員,"まだ反応がない。
調査条件を満たしていない。",,,,2,GEN3_JP_MESSAGE_WINDOW_CHECK_REQUIRED,実charmap encodeはintegration buildで検証。
DIALOGUE_EVENT_VEGA_ARCHIVE_0122,EVENT_VEGA_ARCHIVE_0122,INTRO,研究員,"マカドゥスへの進化条件を
確認・補助しますか？",はい,いいえ,PREPARE,2,GEN3_JP_MESSAGE_WINDOW_CHECK_REQUIRED,実charmap encodeはintegration buildで検証。
DIALOGUE_EVENT_VEGA_ARCHIVE_0122,EVENT_VEGA_ARCHIVE_0122,CANCEL,研究員,"処理を中止した。
記録も素材も変更していない。",,,,2,GEN3_JP_MESSAGE_WINDOW_CHECK_REQUIRED,実charmap encodeはintegration buildで検証。
DIALOGUE_EVENT_VEGA_ARCHIVE_0122,EVENT_VEGA_ARCHIVE_0122,DEFEAT,研究員,"マカドゥスの反応が消えた。
再入場すれば再調査できる。",,,,2,GEN3_JP_MESSAGE_WINDOW_CHECK_REQUIRED,実charmap encodeはintegration buildで検証。
DIALOGUE_EVENT_VEGA_ARCHIVE_0122,EVENT_VEGA_ARCHIVE_0122,ESCAPE,研究員,"マカドゥスを見失った。
記録は未確定のままだ。",,,,2,GEN3_JP_MESSAGE_WINDOW_CHECK_REQUIRED,実charmap encodeはintegration buildで検証。
DIALOGUE_EVENT_VEGA_ARCHIVE_0122,EVENT_VEGA_ARCHIVE_0122,PARTY_FULL,研究員,"手持ちがいっぱいだ。
PCへの転送を確認する。",,,,2,GEN3_JP_MESSAGE_WINDOW_CHECK_REQUIRED,実charmap encodeはintegration buildで検証。
DIALOGUE_EVENT_VEGA_ARCHIVE_0122,EVENT_VEGA_ARCHIVE_0122,BOX_FULL,研究員,"PCと保管枠がいっぱいだ。
何も消費せず中止した。",,,,2,GEN3_JP_MESSAGE_WINDOW_CHECK_REQUIRED,実charmap encodeはintegration buildで検証。
DIALOGUE_EVENT_VEGA_ARCHIVE_0122,EVENT_VEGA_ARCHIVE_0122,SUCCESS,研究員,"マカドゥスへの条件を整えた。
進化は手持ち画面で行える。",,,,2,GEN3_JP_MESSAGE_WINDOW_CHECK_REQUIRED,実charmap encodeはintegration buildで検証。
DIALOGUE_EVENT_VEGA_ARCHIVE_0122,EVENT_VEGA_ARCHIVE_0122,ALREADY,研究員,"この対象は登録済みだ。
重複個体は受け取れない。",,,,2,GEN3_JP_MESSAGE_WINDOW_CHECK_REQUIRED,実charmap encodeはintegration buildで検証。
DIALOGUE_EVENT_VEGA_ARCHIVE_0142,EVENT_VEGA_ARCHIVE_0142,LOCKED,調査端末,"まだ反応がない。
調査条件を満たしていない。",,,,2,GEN3_JP_MESSAGE_WINDOW_CHECK_REQUIRED,実charmap encodeはintegration buildで検証。
DIALOGUE_EVENT_VEGA_ARCHIVE_0142,EVENT_VEGA_ARCHIVE_0142,INTRO,調査端末,"ライラプスの反応を確認した。
固定遭遇を開始しますか？",はい,いいえ,PREPARE,2,GEN3_JP_MESSAGE_WINDOW_CHECK_REQUIRED,実charmap encodeはintegration buildで検証。
DIALOGUE_EVENT_VEGA_ARCHIVE_0142,EVENT_VEGA_ARCHIVE_0142,CANCEL,調査端末,"処理を中止した。
記録も素材も変更していない。",,,,2,GEN3_JP_MESSAGE_WINDOW_CHECK_REQUIRED,実charmap encodeはintegration buildで検証。
DIALOGUE_EVENT_VEGA_ARCHIVE_0142,EVENT_VEGA_ARCHIVE_0142,DEFEAT,調査端末,"ライラプスの反応が消えた。
再入場すれば再調査できる。",,,,2,GEN3_JP_MESSAGE_WINDOW_CHECK_REQUIRED,実charmap encodeはintegration buildで検証。
DIALOGUE_EVENT_VEGA_ARCHIVE_0142,EVENT_VEGA_ARCHIVE_0142,ESCAPE,調査端末,"ライラプスを見失った。
記録は未確定のままだ。",,,,2,GEN3_JP_MESSAGE_WINDOW_CHECK_REQUIRED,実charmap encodeはintegration buildで検証。
DIALOGUE_EVENT_VEGA_ARCHIVE_0142,EVENT_VEGA_ARCHIVE_0142,PARTY_FULL,調査端末,"手持ちがいっぱいだ。
PCへの転送を確認する。",,,,2,GEN3_JP_MESSAGE_WINDOW_CHECK_REQUIRED,実charmap encodeはintegration buildで検証。
DIALOGUE_EVENT_VEGA_ARCHIVE_0142,EVENT_VEGA_ARCHIVE_0142,BOX_FULL,調査端末,"PCと保管枠がいっぱいだ。
何も消費せず中止した。",,,,2,GEN3_JP_MESSAGE_WINDOW_CHECK_REQUIRED,実charmap encodeはintegration buildで検証。
DIALOGUE_EVENT_VEGA_ARCHIVE_0142,EVENT_VEGA_ARCHIVE_0142,SUCCESS,調査端末,"ライラプスの捕獲を記録した。
共有台帳を更新した。",,,,2,GEN3_JP_MESSAGE_WINDOW_CHECK_REQUIRED,実charmap encodeはintegration buildで検証。
DIALOGUE_EVENT_VEGA_ARCHIVE_0142,EVENT_VEGA_ARCHIVE_0142,ALREADY,調査端末,"この対象は登録済みだ。
重複個体は受け取れない。",,,,2,GEN3_JP_MESSAGE_WINDOW_CHECK_REQUIRED,実charmap encodeはintegration buildで検証。
DIALOGUE_EVENT_VEGA_ARCHIVE_0143,EVENT_VEGA_ARCHIVE_0143,LOCKED,調査端末,"まだ反応がない。
調査条件を満たしていない。",,,,2,GEN3_JP_MESSAGE_WINDOW_CHECK_REQUIRED,実charmap encodeはintegration buildで検証。
DIALOGUE_EVENT_VEGA_ARCHIVE_0143,EVENT_VEGA_ARCHIVE_0143,INTRO,調査端末,"ガニメデの反応を確認した。
固定遭遇を開始しますか？",はい,いいえ,PREPARE,2,GEN3_JP_MESSAGE_WINDOW_CHECK_REQUIRED,実charmap encodeはintegration buildで検証。
DIALOGUE_EVENT_VEGA_ARCHIVE_0143,EVENT_VEGA_ARCHIVE_0143,CANCEL,調査端末,"処理を中止した。
記録も素材も変更していない。",,,,2,GEN3_JP_MESSAGE_WINDOW_CHECK_REQUIRED,実charmap encodeはintegration buildで検証。
DIALOGUE_EVENT_VEGA_ARCHIVE_0143,EVENT_VEGA_ARCHIVE_0143,DEFEAT,調査端末,"ガニメデの反応が消えた。
再入場すれば再調査できる。",,,,2,GEN3_JP_MESSAGE_WINDOW_CHECK_REQUIRED,実charmap encodeはintegration buildで検証。
DIALOGUE_EVENT_VEGA_ARCHIVE_0143,EVENT_VEGA_ARCHIVE_0143,ESCAPE,調査端末,"ガニメデを見失った。
記録は未確定のままだ。",,,,2,GEN3_JP_MESSAGE_WINDOW_CHECK_REQUIRED,実charmap encodeはintegration buildで検証。
DIALOGUE_EVENT_VEGA_ARCHIVE_0143,EVENT_VEGA_ARCHIVE_0143,PARTY_FULL,調査端末,"手持ちがいっぱいだ。
PCへの転送を確認する。",,,,2,GEN3_JP_MESSAGE_WINDOW_CHECK_REQUIRED,実charmap encodeはintegration buildで検証。
DIALOGUE_EVENT_VEGA_ARCHIVE_0143,EVENT_VEGA_ARCHIVE_0143,BOX_FULL,調査端末,"PCと保管枠がいっぱいだ。
何も消費せず中止した。",,,,2,GEN3_JP_MESSAGE_WINDOW_CHECK_REQUIRED,実charmap encodeはintegration buildで検証。
DIALOGUE_EVENT_VEGA_ARCHIVE_0143,EVENT_VEGA_ARCHIVE_0143,SUCCESS,調査端末,"ガニメデの捕獲を記録した。
共有台帳を更新した。",,,,2,GEN3_JP_MESSAGE_WINDOW_CHECK_REQUIRED,実charmap encodeはintegration buildで検証。
DIALOGUE_EVENT_VEGA_ARCHIVE_0143,EVENT_VEGA_ARCHIVE_0143,ALREADY,調査端末,"この対象は登録済みだ。
重複個体は受け取れない。",,,,2,GEN3_JP_MESSAGE_WINDOW_CHECK_REQUIRED,実charmap encodeはintegration buildで検証。
DIALOGUE_EVENT_VEGA_ARCHIVE_0144,EVENT_VEGA_ARCHIVE_0144,LOCKED,調査端末,"まだ反応がない。
調査条件を満たしていない。",,,,2,GEN3_JP_MESSAGE_WINDOW_CHECK_REQUIRED,実charmap encodeはintegration buildで検証。
DIALOGUE_EVENT_VEGA_ARCHIVE_0144,EVENT_VEGA_ARCHIVE_0144,INTRO,調査端末,"ネメアの反応を確認した。
固定遭遇を開始しますか？",はい,いいえ,PREPARE,2,GEN3_JP_MESSAGE_WINDOW_CHECK_REQUIRED,実charmap encodeはintegration buildで検証。
DIALOGUE_EVENT_VEGA_ARCHIVE_0144,EVENT_VEGA_ARCHIVE_0144,CANCEL,調査端末,"処理を中止した。
記録も素材も変更していない。",,,,2,GEN3_JP_MESSAGE_WINDOW_CHECK_REQUIRED,実charmap encodeはintegration buildで検証。
DIALOGUE_EVENT_VEGA_ARCHIVE_0144,EVENT_VEGA_ARCHIVE_0144,DEFEAT,調査端末,"ネメアの反応が消えた。
再入場すれば再調査できる。",,,,2,GEN3_JP_MESSAGE_WINDOW_CHECK_REQUIRED,実charmap encodeはintegration buildで検証。
DIALOGUE_EVENT_VEGA_ARCHIVE_0144,EVENT_VEGA_ARCHIVE_0144,ESCAPE,調査端末,"ネメアを見失った。
記録は未確定のままだ。",,,,2,GEN3_JP_MESSAGE_WINDOW_CHECK_REQUIRED,実charmap encodeはintegration buildで検証。
DIALOGUE_EVENT_VEGA_ARCHIVE_0144,EVENT_VEGA_ARCHIVE_0144,PARTY_FULL,調査端末,"手持ちがいっぱいだ。
PCへの転送を確認する。",,,,2,GEN3_JP_MESSAGE_WINDOW_CHECK_REQUIRED,実charmap encodeはintegration buildで検証。
DIALOGUE_EVENT_VEGA_ARCHIVE_0144,EVENT_VEGA_ARCHIVE_0144,BOX_FULL,調査端末,"PCと保管枠がいっぱいだ。
何も消費せず中止した。",,,,2,GEN3_JP_MESSAGE_WINDOW_CHECK_REQUIRED,実charmap encodeはintegration buildで検証。
DIALOGUE_EVENT_VEGA_ARCHIVE_0144,EVENT_VEGA_ARCHIVE_0144,SUCCESS,調査端末,"ネメアの捕獲を記録した。
共有台帳を更新した。",,,,2,GEN3_JP_MESSAGE_WINDOW_CHECK_REQUIRED,実charmap encodeはintegration buildで検証。
DIALOGUE_EVENT_VEGA_ARCHIVE_0144,EVENT_VEGA_ARCHIVE_0144,ALREADY,調査端末,"この対象は登録済みだ。
重複個体は受け取れない。",,,,2,GEN3_JP_MESSAGE_WINDOW_CHECK_REQUIRED,実charmap encodeはintegration buildで検証。
DIALOGUE_EVENT_VEGA_ARCHIVE_0389,EVENT_VEGA_ARCHIVE_0389,LOCKED,研究員,"まだ反応がない。
調査条件を満たしていない。",,,,2,GEN3_JP_MESSAGE_WINDOW_CHECK_REQUIRED,実charmap encodeはintegration buildで検証。
DIALOGUE_EVENT_VEGA_ARCHIVE_0389,EVENT_VEGA_ARCHIVE_0389,INTRO,研究員,"プテリクスへの進化条件を
確認・補助しますか？",はい,いいえ,PREPARE,2,GEN3_JP_MESSAGE_WINDOW_CHECK_REQUIRED,実charmap encodeはintegration buildで検証。
DIALOGUE_EVENT_VEGA_ARCHIVE_0389,EVENT_VEGA_ARCHIVE_0389,CANCEL,研究員,"処理を中止した。
記録も素材も変更していない。",,,,2,GEN3_JP_MESSAGE_WINDOW_CHECK_REQUIRED,実charmap encodeはintegration buildで検証。
DIALOGUE_EVENT_VEGA_ARCHIVE_0389,EVENT_VEGA_ARCHIVE_0389,DEFEAT,研究員,"プテリクスの反応が消えた。
再入場すれば再調査できる。",,,,2,GEN3_JP_MESSAGE_WINDOW_CHECK_REQUIRED,実charmap encodeはintegration buildで検証。
DIALOGUE_EVENT_VEGA_ARCHIVE_0389,EVENT_VEGA_ARCHIVE_0389,ESCAPE,研究員,"プテリクスを見失った。
記録は未確定のままだ。",,,,2,GEN3_JP_MESSAGE_WINDOW_CHECK_REQUIRED,実charmap encodeはintegration buildで検証。
DIALOGUE_EVENT_VEGA_ARCHIVE_0389,EVENT_VEGA_ARCHIVE_0389,PARTY_FULL,研究員,"手持ちがいっぱいだ。
PCへの転送を確認する。",,,,2,GEN3_JP_MESSAGE_WINDOW_CHECK_REQUIRED,実charmap encodeはintegration buildで検証。
DIALOGUE_EVENT_VEGA_ARCHIVE_0389,EVENT_VEGA_ARCHIVE_0389,BOX_FULL,研究員,"PCと保管枠がいっぱいだ。
何も消費せず中止した。",,,,2,GEN3_JP_MESSAGE_WINDOW_CHECK_REQUIRED,実charmap encodeはintegration buildで検証。
DIALOGUE_EVENT_VEGA_ARCHIVE_0389,EVENT_VEGA_ARCHIVE_0389,SUCCESS,研究員,"プテリクスへの条件を整えた。
進化は手持ち画面で行える。",,,,2,GEN3_JP_MESSAGE_WINDOW_CHECK_REQUIRED,実charmap encodeはintegration buildで検証。
DIALOGUE_EVENT_VEGA_ARCHIVE_0389,EVENT_VEGA_ARCHIVE_0389,ALREADY,研究員,"この対象は登録済みだ。
重複個体は受け取れない。",,,,2,GEN3_JP_MESSAGE_WINDOW_CHECK_REQUIRED,実charmap encodeはintegration buildで検証。
DIALOGUE_EVENT_VEGA_ARCHIVE_0400,EVENT_VEGA_ARCHIVE_0400,LOCKED,調査端末,"まだ反応がない。
調査条件を満たしていない。",,,,2,GEN3_JP_MESSAGE_WINDOW_CHECK_REQUIRED,実charmap encodeはintegration buildで検証。
DIALOGUE_EVENT_VEGA_ARCHIVE_0400,EVENT_VEGA_ARCHIVE_0400,INTRO,調査端末,"ロイツァーの反応を確認した。
固定遭遇を開始しますか？",はい,いいえ,PREPARE,2,GEN3_JP_MESSAGE_WINDOW_CHECK_REQUIRED,実charmap encodeはintegration buildで検証。
DIALOGUE_EVENT_VEGA_ARCHIVE_0400,EVENT_VEGA_ARCHIVE_0400,CANCEL,調査端末,"処理を中止した。
記録も素材も変更していない。",,,,2,GEN3_JP_MESSAGE_WINDOW_CHECK_REQUIRED,実charmap encodeはintegration buildで検証。
DIALOGUE_EVENT_VEGA_ARCHIVE_0400,EVENT_VEGA_ARCHIVE_0400,DEFEAT,調査端末,"ロイツァーの反応が消えた。
再入場すれば再調査できる。",,,,2,GEN3_JP_MESSAGE_WINDOW_CHECK_REQUIRED,実charmap encodeはintegration buildで検証。
DIALOGUE_EVENT_VEGA_ARCHIVE_0400,EVENT_VEGA_ARCHIVE_0400,ESCAPE,調査端末,"ロイツァーを見失った。
記録は未確定のままだ。",,,,2,GEN3_JP_MESSAGE_WINDOW_CHECK_REQUIRED,実charmap encodeはintegration buildで検証。
DIALOGUE_EVENT_VEGA_ARCHIVE_0400,EVENT_VEGA_ARCHIVE_0400,PARTY_FULL,調査端末,"手持ちがいっぱいだ。
PCへの転送を確認する。",,,,2,GEN3_JP_MESSAGE_WINDOW_CHECK_REQUIRED,実charmap encodeはintegration buildで検証。
DIALOGUE_EVENT_VEGA_ARCHIVE_0400,EVENT_VEGA_ARCHIVE_0400,BOX_FULL,調査端末,"PCと保管枠がいっぱいだ。
何も消費せず中止した。",,,,2,GEN3_JP_MESSAGE_WINDOW_CHECK_REQUIRED,実charmap encodeはintegration buildで検証。
DIALOGUE_EVENT_VEGA_ARCHIVE_0400,EVENT_VEGA_ARCHIVE_0400,SUCCESS,調査端末,"ロイツァーの捕獲を記録した。
共有台帳を更新した。",,,,2,GEN3_JP_MESSAGE_WINDOW_CHECK_REQUIRED,実charmap encodeはintegration buildで検証。
DIALOGUE_EVENT_VEGA_ARCHIVE_0400,EVENT_VEGA_ARCHIVE_0400,ALREADY,調査端末,"この対象は登録済みだ。
重複個体は受け取れない。",,,,2,GEN3_JP_MESSAGE_WINDOW_CHECK_REQUIRED,実charmap encodeはintegration buildで検証。
DIALOGUE_EVENT_VEGA_ARCHIVE_0401,EVENT_VEGA_ARCHIVE_0401,LOCKED,調査端末,"まだ反応がない。
調査条件を満たしていない。",,,,2,GEN3_JP_MESSAGE_WINDOW_CHECK_REQUIRED,実charmap encodeはintegration buildで検証。
DIALOGUE_EVENT_VEGA_ARCHIVE_0401,EVENT_VEGA_ARCHIVE_0401,INTRO,調査端末,"ガタノアの反応を確認した。
固定遭遇を開始しますか？",はい,いいえ,PREPARE,2,GEN3_JP_MESSAGE_WINDOW_CHECK_REQUIRED,実charmap encodeはintegration buildで検証。
DIALOGUE_EVENT_VEGA_ARCHIVE_0401,EVENT_VEGA_ARCHIVE_0401,CANCEL,調査端末,"処理を中止した。
記録も素材も変更していない。",,,,2,GEN3_JP_MESSAGE_WINDOW_CHECK_REQUIRED,実charmap encodeはintegration buildで検証。
DIALOGUE_EVENT_VEGA_ARCHIVE_0401,EVENT_VEGA_ARCHIVE_0401,DEFEAT,調査端末,"ガタノアの反応が消えた。
再入場すれば再調査できる。",,,,2,GEN3_JP_MESSAGE_WINDOW_CHECK_REQUIRED,実charmap encodeはintegration buildで検証。
DIALOGUE_EVENT_VEGA_ARCHIVE_0401,EVENT_VEGA_ARCHIVE_0401,ESCAPE,調査端末,"ガタノアを見失った。
記録は未確定のままだ。",,,,2,GEN3_JP_MESSAGE_WINDOW_CHECK_REQUIRED,実charmap encodeはintegration buildで検証。
DIALOGUE_EVENT_VEGA_ARCHIVE_0401,EVENT_VEGA_ARCHIVE_0401,PARTY_FULL,調査端末,"手持ちがいっぱいだ。
PCへの転送を確認する。",,,,2,GEN3_JP_MESSAGE_WINDOW_CHECK_REQUIRED,実charmap encodeはintegration buildで検証。
DIALOGUE_EVENT_VEGA_ARCHIVE_0401,EVENT_VEGA_ARCHIVE_0401,BOX_FULL,調査端末,"PCと保管枠がいっぱいだ。
何も消費せず中止した。",,,,2,GEN3_JP_MESSAGE_WINDOW_CHECK_REQUIRED,実charmap encodeはintegration buildで検証。
DIALOGUE_EVENT_VEGA_ARCHIVE_0401,EVENT_VEGA_ARCHIVE_0401,SUCCESS,調査端末,"ガタノアの捕獲を記録した。
共有台帳を更新した。",,,,2,GEN3_JP_MESSAGE_WINDOW_CHECK_REQUIRED,実charmap encodeはintegration buildで検証。
DIALOGUE_EVENT_VEGA_ARCHIVE_0401,EVENT_VEGA_ARCHIVE_0401,ALREADY,調査端末,"この対象は登録済みだ。
重複個体は受け取れない。",,,,2,GEN3_JP_MESSAGE_WINDOW_CHECK_REQUIRED,実charmap encodeはintegration buildで検証。
DIALOGUE_EVENT_VEGA_ARCHIVE_0402,EVENT_VEGA_ARCHIVE_0402,LOCKED,研究員,"まだ反応がない。
調査条件を満たしていない。",,,,2,GEN3_JP_MESSAGE_WINDOW_CHECK_REQUIRED,実charmap encodeはintegration buildで検証。
DIALOGUE_EVENT_VEGA_ARCHIVE_0402,EVENT_VEGA_ARCHIVE_0402,INTRO,研究員,"保護中のテツカブリを
引き取りますか？",はい,いいえ,PREPARE,2,GEN3_JP_MESSAGE_WINDOW_CHECK_REQUIRED,実charmap encodeはintegration buildで検証。
DIALOGUE_EVENT_VEGA_ARCHIVE_0402,EVENT_VEGA_ARCHIVE_0402,CANCEL,研究員,"処理を中止した。
記録も素材も変更していない。",,,,2,GEN3_JP_MESSAGE_WINDOW_CHECK_REQUIRED,実charmap encodeはintegration buildで検証。
DIALOGUE_EVENT_VEGA_ARCHIVE_0402,EVENT_VEGA_ARCHIVE_0402,DEFEAT,研究員,"テツカブリの反応が消えた。
再入場すれば再調査できる。",,,,2,GEN3_JP_MESSAGE_WINDOW_CHECK_REQUIRED,実charmap encodeはintegration buildで検証。
DIALOGUE_EVENT_VEGA_ARCHIVE_0402,EVENT_VEGA_ARCHIVE_0402,ESCAPE,研究員,"テツカブリを見失った。
記録は未確定のままだ。",,,,2,GEN3_JP_MESSAGE_WINDOW_CHECK_REQUIRED,実charmap encodeはintegration buildで検証。
DIALOGUE_EVENT_VEGA_ARCHIVE_0402,EVENT_VEGA_ARCHIVE_0402,PARTY_FULL,研究員,"手持ちがいっぱいだ。
PCへの転送を確認する。",,,,2,GEN3_JP_MESSAGE_WINDOW_CHECK_REQUIRED,実charmap encodeはintegration buildで検証。
DIALOGUE_EVENT_VEGA_ARCHIVE_0402,EVENT_VEGA_ARCHIVE_0402,BOX_FULL,研究員,"PCと保管枠がいっぱいだ。
何も消費せず中止した。",,,,2,GEN3_JP_MESSAGE_WINDOW_CHECK_REQUIRED,実charmap encodeはintegration buildで検証。
DIALOGUE_EVENT_VEGA_ARCHIVE_0402,EVENT_VEGA_ARCHIVE_0402,SUCCESS,研究員,"テツカブリを受け取った。
受取記録を保存した。",,,,2,GEN3_JP_MESSAGE_WINDOW_CHECK_REQUIRED,実charmap encodeはintegration buildで検証。
DIALOGUE_EVENT_VEGA_ARCHIVE_0402,EVENT_VEGA_ARCHIVE_0402,ALREADY,研究員,"この対象は登録済みだ。
重複個体は受け取れない。",,,,2,GEN3_JP_MESSAGE_WINDOW_CHECK_REQUIRED,実charmap encodeはintegration buildで検証。
DIALOGUE_EVENT_VEGA_ARCHIVE_0406,EVENT_VEGA_ARCHIVE_0406,LOCKED,研究員,"まだ反応がない。
調査条件を満たしていない。",,,,2,GEN3_JP_MESSAGE_WINDOW_CHECK_REQUIRED,実charmap encodeはintegration buildで検証。
DIALOGUE_EVENT_VEGA_ARCHIVE_0406,EVENT_VEGA_ARCHIVE_0406,INTRO,研究員,"保護中のオルディナを
引き取りますか？",はい,いいえ,PREPARE,2,GEN3_JP_MESSAGE_WINDOW_CHECK_REQUIRED,実charmap encodeはintegration buildで検証。
DIALOGUE_EVENT_VEGA_ARCHIVE_0406,EVENT_VEGA_ARCHIVE_0406,CANCEL,研究員,"処理を中止した。
記録も素材も変更していない。",,,,2,GEN3_JP_MESSAGE_WINDOW_CHECK_REQUIRED,実charmap encodeはintegration buildで検証。
DIALOGUE_EVENT_VEGA_ARCHIVE_0406,EVENT_VEGA_ARCHIVE_0406,DEFEAT,研究員,"オルディナの反応が消えた。
再入場すれば再調査できる。",,,,2,GEN3_JP_MESSAGE_WINDOW_CHECK_REQUIRED,実charmap encodeはintegration buildで検証。
DIALOGUE_EVENT_VEGA_ARCHIVE_0406,EVENT_VEGA_ARCHIVE_0406,ESCAPE,研究員,"オルディナを見失った。
記録は未確定のままだ。",,,,2,GEN3_JP_MESSAGE_WINDOW_CHECK_REQUIRED,実charmap encodeはintegration buildで検証。
DIALOGUE_EVENT_VEGA_ARCHIVE_0406,EVENT_VEGA_ARCHIVE_0406,PARTY_FULL,研究員,"手持ちがいっぱいだ。
PCへの転送を確認する。",,,,2,GEN3_JP_MESSAGE_WINDOW_CHECK_REQUIRED,実charmap encodeはintegration buildで検証。
DIALOGUE_EVENT_VEGA_ARCHIVE_0406,EVENT_VEGA_ARCHIVE_0406,BOX_FULL,研究員,"PCと保管枠がいっぱいだ。
何も消費せず中止した。",,,,2,GEN3_JP_MESSAGE_WINDOW_CHECK_REQUIRED,実charmap encodeはintegration buildで検証。
DIALOGUE_EVENT_VEGA_ARCHIVE_0406,EVENT_VEGA_ARCHIVE_0406,SUCCESS,研究員,"オルディナを受け取った。
受取記録を保存した。",,,,2,GEN3_JP_MESSAGE_WINDOW_CHECK_REQUIRED,実charmap encodeはintegration buildで検証。
DIALOGUE_EVENT_VEGA_ARCHIVE_0406,EVENT_VEGA_ARCHIVE_0406,ALREADY,研究員,"この対象は登録済みだ。
重複個体は受け取れない。",,,,2,GEN3_JP_MESSAGE_WINDOW_CHECK_REQUIRED,実charmap encodeはintegration buildで検証。
DIALOGUE_EVENT_VEGA_ARCHIVE_0409,EVENT_VEGA_ARCHIVE_0409,LOCKED,研究員,"まだ反応がない。
調査条件を満たしていない。",,,,2,GEN3_JP_MESSAGE_WINDOW_CHECK_REQUIRED,実charmap encodeはintegration buildで検証。
DIALOGUE_EVENT_VEGA_ARCHIVE_0409,EVENT_VEGA_ARCHIVE_0409,INTRO,研究員,"オルマリアへの進化条件を
確認・補助しますか？",はい,いいえ,PREPARE,2,GEN3_JP_MESSAGE_WINDOW_CHECK_REQUIRED,実charmap encodeはintegration buildで検証。
DIALOGUE_EVENT_VEGA_ARCHIVE_0409,EVENT_VEGA_ARCHIVE_0409,CANCEL,研究員,"処理を中止した。
記録も素材も変更していない。",,,,2,GEN3_JP_MESSAGE_WINDOW_CHECK_REQUIRED,実charmap encodeはintegration buildで検証。
DIALOGUE_EVENT_VEGA_ARCHIVE_0409,EVENT_VEGA_ARCHIVE_0409,DEFEAT,研究員,"オルマリアの反応が消えた。
再入場すれば再調査できる。",,,,2,GEN3_JP_MESSAGE_WINDOW_CHECK_REQUIRED,実charmap encodeはintegration buildで検証。
DIALOGUE_EVENT_VEGA_ARCHIVE_0409,EVENT_VEGA_ARCHIVE_0409,ESCAPE,研究員,"オルマリアを見失った。
記録は未確定のままだ。",,,,2,GEN3_JP_MESSAGE_WINDOW_CHECK_REQUIRED,実charmap encodeはintegration buildで検証。
DIALOGUE_EVENT_VEGA_ARCHIVE_0409,EVENT_VEGA_ARCHIVE_0409,PARTY_FULL,研究員,"手持ちがいっぱいだ。
PCへの転送を確認する。",,,,2,GEN3_JP_MESSAGE_WINDOW_CHECK_REQUIRED,実charmap encodeはintegration buildで検証。
DIALOGUE_EVENT_VEGA_ARCHIVE_0409,EVENT_VEGA_ARCHIVE_0409,BOX_FULL,研究員,"PCと保管枠がいっぱいだ。
何も消費せず中止した。",,,,2,GEN3_JP_MESSAGE_WINDOW_CHECK_REQUIRED,実charmap encodeはintegration buildで検証。
DIALOGUE_EVENT_VEGA_ARCHIVE_0409,EVENT_VEGA_ARCHIVE_0409,SUCCESS,研究員,"オルマリアへの条件を整えた。
進化は手持ち画面で行える。",,,,2,GEN3_JP_MESSAGE_WINDOW_CHECK_REQUIRED,実charmap encodeはintegration buildで検証。
DIALOGUE_EVENT_VEGA_ARCHIVE_0409,EVENT_VEGA_ARCHIVE_0409,ALREADY,研究員,"この対象は登録済みだ。
重複個体は受け取れない。",,,,2,GEN3_JP_MESSAGE_WINDOW_CHECK_REQUIRED,実charmap encodeはintegration buildで検証。
DIALOGUE_EVENT_VEGA_ARCHIVE_0410,EVENT_VEGA_ARCHIVE_0410,LOCKED,調査端末,"まだ反応がない。
調査条件を満たしていない。",,,,2,GEN3_JP_MESSAGE_WINDOW_CHECK_REQUIRED,実charmap encodeはintegration buildで検証。
DIALOGUE_EVENT_VEGA_ARCHIVE_0410,EVENT_VEGA_ARCHIVE_0410,INTRO,調査端末,"アスフィアの反応を確認した。
固定遭遇を開始しますか？",はい,いいえ,PREPARE,2,GEN3_JP_MESSAGE_WINDOW_CHECK_REQUIRED,実charmap encodeはintegration buildで検証。
DIALOGUE_EVENT_VEGA_ARCHIVE_0410,EVENT_VEGA_ARCHIVE_0410,CANCEL,調査端末,"処理を中止した。
記録も素材も変更していない。",,,,2,GEN3_JP_MESSAGE_WINDOW_CHECK_REQUIRED,実charmap encodeはintegration buildで検証。
DIALOGUE_EVENT_VEGA_ARCHIVE_0410,EVENT_VEGA_ARCHIVE_0410,DEFEAT,調査端末,"アスフィアの反応が消えた。
再入場すれば再調査できる。",,,,2,GEN3_JP_MESSAGE_WINDOW_CHECK_REQUIRED,実charmap encodeはintegration buildで検証。
DIALOGUE_EVENT_VEGA_ARCHIVE_0410,EVENT_VEGA_ARCHIVE_0410,ESCAPE,調査端末,"アスフィアを見失った。
記録は未確定のままだ。",,,,2,GEN3_JP_MESSAGE_WINDOW_CHECK_REQUIRED,実charmap encodeはintegration buildで検証。
DIALOGUE_EVENT_VEGA_ARCHIVE_0410,EVENT_VEGA_ARCHIVE_0410,PARTY_FULL,調査端末,"手持ちがいっぱいだ。
PCへの転送を確認する。",,,,2,GEN3_JP_MESSAGE_WINDOW_CHECK_REQUIRED,実charmap encodeはintegration buildで検証。
DIALOGUE_EVENT_VEGA_ARCHIVE_0410,EVENT_VEGA_ARCHIVE_0410,BOX_FULL,調査端末,"PCと保管枠がいっぱいだ。
何も消費せず中止した。",,,,2,GEN3_JP_MESSAGE_WINDOW_CHECK_REQUIRED,実charmap encodeはintegration buildで検証。
DIALOGUE_EVENT_VEGA_ARCHIVE_0410,EVENT_VEGA_ARCHIVE_0410,SUCCESS,調査端末,"アスフィアの捕獲を記録した。
共有台帳を更新した。",,,,2,GEN3_JP_MESSAGE_WINDOW_CHECK_REQUIRED,実charmap encodeはintegration buildで検証。
DIALOGUE_EVENT_VEGA_ARCHIVE_0410,EVENT_VEGA_ARCHIVE_0410,ALREADY,調査端末,"この対象は登録済みだ。
重複個体は受け取れない。",,,,2,GEN3_JP_MESSAGE_WINDOW_CHECK_REQUIRED,実charmap encodeはintegration buildで検証。
DIALOGUE_EVENT_EVOLUTION_SUPPORT_NATIONAL_0862,EVENT_EVOLUTION_SUPPORT_NATIONAL_0862,LOCKED,研究員,"まだ反応がない。
調査条件を満たしていない。",,,,2,GEN3_JP_MESSAGE_WINDOW_CHECK_REQUIRED,実charmap encodeはintegration buildで検証。
DIALOGUE_EVENT_EVOLUTION_SUPPORT_NATIONAL_0862,EVENT_EVOLUTION_SUPPORT_NATIONAL_0862,INTRO,研究員,"タチフサグマへの進化条件を
確認・補助しますか？",はい,いいえ,PREPARE,2,GEN3_JP_MESSAGE_WINDOW_CHECK_REQUIRED,実charmap encodeはintegration buildで検証。
DIALOGUE_EVENT_EVOLUTION_SUPPORT_NATIONAL_0862,EVENT_EVOLUTION_SUPPORT_NATIONAL_0862,CANCEL,研究員,"処理を中止した。
記録も素材も変更していない。",,,,2,GEN3_JP_MESSAGE_WINDOW_CHECK_REQUIRED,実charmap encodeはintegration buildで検証。
DIALOGUE_EVENT_EVOLUTION_SUPPORT_NATIONAL_0862,EVENT_EVOLUTION_SUPPORT_NATIONAL_0862,DEFEAT,研究員,"タチフサグマの反応が消えた。
再入場すれば再調査できる。",,,,2,GEN3_JP_MESSAGE_WINDOW_CHECK_REQUIRED,実charmap encodeはintegration buildで検証。
DIALOGUE_EVENT_EVOLUTION_SUPPORT_NATIONAL_0862,EVENT_EVOLUTION_SUPPORT_NATIONAL_0862,ESCAPE,研究員,"タチフサグマを見失った。
記録は未確定のままだ。",,,,2,GEN3_JP_MESSAGE_WINDOW_CHECK_REQUIRED,実charmap encodeはintegration buildで検証。
DIALOGUE_EVENT_EVOLUTION_SUPPORT_NATIONAL_0862,EVENT_EVOLUTION_SUPPORT_NATIONAL_0862,PARTY_FULL,研究員,"手持ちがいっぱいだ。
PCへの転送を確認する。",,,,2,GEN3_JP_MESSAGE_WINDOW_CHECK_REQUIRED,実charmap encodeはintegration buildで検証。
DIALOGUE_EVENT_EVOLUTION_SUPPORT_NATIONAL_0862,EVENT_EVOLUTION_SUPPORT_NATIONAL_0862,BOX_FULL,研究員,"PCと保管枠がいっぱいだ。
何も消費せず中止した。",,,,2,GEN3_JP_MESSAGE_WINDOW_CHECK_REQUIRED,実charmap encodeはintegration buildで検証。
DIALOGUE_EVENT_EVOLUTION_SUPPORT_NATIONAL_0862,EVENT_EVOLUTION_SUPPORT_NATIONAL_0862,SUCCESS,研究員,"タチフサグマへの条件を整えた。
進化は手持ち画面で行える。",,,,2,GEN3_JP_MESSAGE_WINDOW_CHECK_REQUIRED,実charmap encodeはintegration buildで検証。
DIALOGUE_EVENT_EVOLUTION_SUPPORT_NATIONAL_0862,EVENT_EVOLUTION_SUPPORT_NATIONAL_0862,ALREADY,研究員,"この対象は登録済みだ。
重複個体は受け取れない。",,,,2,GEN3_JP_MESSAGE_WINDOW_CHECK_REQUIRED,実charmap encodeはintegration buildで検証。
DIALOGUE_EVENT_EVOLUTION_SUPPORT_NATIONAL_0863,EVENT_EVOLUTION_SUPPORT_NATIONAL_0863,LOCKED,研究員,"まだ反応がない。
調査条件を満たしていない。",,,,2,GEN3_JP_MESSAGE_WINDOW_CHECK_REQUIRED,実charmap encodeはintegration buildで検証。
DIALOGUE_EVENT_EVOLUTION_SUPPORT_NATIONAL_0863,EVENT_EVOLUTION_SUPPORT_NATIONAL_0863,INTRO,研究員,"ニャイキングへの進化条件を
確認・補助しますか？",はい,いいえ,PREPARE,2,GEN3_JP_MESSAGE_WINDOW_CHECK_REQUIRED,実charmap encodeはintegration buildで検証。
DIALOGUE_EVENT_EVOLUTION_SUPPORT_NATIONAL_0863,EVENT_EVOLUTION_SUPPORT_NATIONAL_0863,CANCEL,研究員,"処理を中止した。
記録も素材も変更していない。",,,,2,GEN3_JP_MESSAGE_WINDOW_CHECK_REQUIRED,実charmap encodeはintegration buildで検証。
DIALOGUE_EVENT_EVOLUTION_SUPPORT_NATIONAL_0863,EVENT_EVOLUTION_SUPPORT_NATIONAL_0863,DEFEAT,研究員,"ニャイキングの反応が消えた。
再入場すれば再調査できる。",,,,2,GEN3_JP_MESSAGE_WINDOW_CHECK_REQUIRED,実charmap encodeはintegration buildで検証。
DIALOGUE_EVENT_EVOLUTION_SUPPORT_NATIONAL_0863,EVENT_EVOLUTION_SUPPORT_NATIONAL_0863,ESCAPE,研究員,"ニャイキングを見失った。
記録は未確定のままだ。",,,,2,GEN3_JP_MESSAGE_WINDOW_CHECK_REQUIRED,実charmap encodeはintegration buildで検証。
DIALOGUE_EVENT_EVOLUTION_SUPPORT_NATIONAL_0863,EVENT_EVOLUTION_SUPPORT_NATIONAL_0863,PARTY_FULL,研究員,"手持ちがいっぱいだ。
PCへの転送を確認する。",,,,2,GEN3_JP_MESSAGE_WINDOW_CHECK_REQUIRED,実charmap encodeはintegration buildで検証。
DIALOGUE_EVENT_EVOLUTION_SUPPORT_NATIONAL_0863,EVENT_EVOLUTION_SUPPORT_NATIONAL_0863,BOX_FULL,研究員,"PCと保管枠がいっぱいだ。
何も消費せず中止した。",,,,2,GEN3_JP_MESSAGE_WINDOW_CHECK_REQUIRED,実charmap encodeはintegration buildで検証。
DIALOGUE_EVENT_EVOLUTION_SUPPORT_NATIONAL_0863,EVENT_EVOLUTION_SUPPORT_NATIONAL_0863,SUCCESS,研究員,"ニャイキングへの条件を整えた。
進化は手持ち画面で行える。",,,,2,GEN3_JP_MESSAGE_WINDOW_CHECK_REQUIRED,実charmap encodeはintegration buildで検証。
DIALOGUE_EVENT_EVOLUTION_SUPPORT_NATIONAL_0863,EVENT_EVOLUTION_SUPPORT_NATIONAL_0863,ALREADY,研究員,"この対象は登録済みだ。
重複個体は受け取れない。",,,,2,GEN3_JP_MESSAGE_WINDOW_CHECK_REQUIRED,実charmap encodeはintegration buildで検証。
DIALOGUE_EVENT_EVOLUTION_SUPPORT_NATIONAL_0864,EVENT_EVOLUTION_SUPPORT_NATIONAL_0864,LOCKED,研究員,"まだ反応がない。
調査条件を満たしていない。",,,,2,GEN3_JP_MESSAGE_WINDOW_CHECK_REQUIRED,実charmap encodeはintegration buildで検証。
DIALOGUE_EVENT_EVOLUTION_SUPPORT_NATIONAL_0864,EVENT_EVOLUTION_SUPPORT_NATIONAL_0864,INTRO,研究員,"サニゴーンへの進化条件を
確認・補助しますか？",はい,いいえ,PREPARE,2,GEN3_JP_MESSAGE_WINDOW_CHECK_REQUIRED,実charmap encodeはintegration buildで検証。
DIALOGUE_EVENT_EVOLUTION_SUPPORT_NATIONAL_0864,EVENT_EVOLUTION_SUPPORT_NATIONAL_0864,CANCEL,研究員,"処理を中止した。
記録も素材も変更していない。",,,,2,GEN3_JP_MESSAGE_WINDOW_CHECK_REQUIRED,実charmap encodeはintegration buildで検証。
DIALOGUE_EVENT_EVOLUTION_SUPPORT_NATIONAL_0864,EVENT_EVOLUTION_SUPPORT_NATIONAL_0864,DEFEAT,研究員,"サニゴーンの反応が消えた。
再入場すれば再調査できる。",,,,2,GEN3_JP_MESSAGE_WINDOW_CHECK_REQUIRED,実charmap encodeはintegration buildで検証。
DIALOGUE_EVENT_EVOLUTION_SUPPORT_NATIONAL_0864,EVENT_EVOLUTION_SUPPORT_NATIONAL_0864,ESCAPE,研究員,"サニゴーンを見失った。
記録は未確定のままだ。",,,,2,GEN3_JP_MESSAGE_WINDOW_CHECK_REQUIRED,実charmap encodeはintegration buildで検証。
DIALOGUE_EVENT_EVOLUTION_SUPPORT_NATIONAL_0864,EVENT_EVOLUTION_SUPPORT_NATIONAL_0864,PARTY_FULL,研究員,"手持ちがいっぱいだ。
PCへの転送を確認する。",,,,2,GEN3_JP_MESSAGE_WINDOW_CHECK_REQUIRED,実charmap encodeはintegration buildで検証。
DIALOGUE_EVENT_EVOLUTION_SUPPORT_NATIONAL_0864,EVENT_EVOLUTION_SUPPORT_NATIONAL_0864,BOX_FULL,研究員,"PCと保管枠がいっぱいだ。
何も消費せず中止した。",,,,2,GEN3_JP_MESSAGE_WINDOW_CHECK_REQUIRED,実charmap encodeはintegration buildで検証。
DIALOGUE_EVENT_EVOLUTION_SUPPORT_NATIONAL_0864,EVENT_EVOLUTION_SUPPORT_NATIONAL_0864,SUCCESS,研究員,"サニゴーンへの条件を整えた。
進化は手持ち画面で行える。",,,,2,GEN3_JP_MESSAGE_WINDOW_CHECK_REQUIRED,実charmap encodeはintegration buildで検証。
DIALOGUE_EVENT_EVOLUTION_SUPPORT_NATIONAL_0864,EVENT_EVOLUTION_SUPPORT_NATIONAL_0864,ALREADY,研究員,"この対象は登録済みだ。
重複個体は受け取れない。",,,,2,GEN3_JP_MESSAGE_WINDOW_CHECK_REQUIRED,実charmap encodeはintegration buildで検証。
DIALOGUE_EVENT_EVOLUTION_SUPPORT_NATIONAL_0865,EVENT_EVOLUTION_SUPPORT_NATIONAL_0865,LOCKED,研究員,"まだ反応がない。
調査条件を満たしていない。",,,,2,GEN3_JP_MESSAGE_WINDOW_CHECK_REQUIRED,実charmap encodeはintegration buildで検証。
DIALOGUE_EVENT_EVOLUTION_SUPPORT_NATIONAL_0865,EVENT_EVOLUTION_SUPPORT_NATIONAL_0865,INTRO,研究員,"ネギガナイトへの進化条件を
確認・補助しますか？",はい,いいえ,PREPARE,2,GEN3_JP_MESSAGE_WINDOW_CHECK_REQUIRED,実charmap encodeはintegration buildで検証。
DIALOGUE_EVENT_EVOLUTION_SUPPORT_NATIONAL_0865,EVENT_EVOLUTION_SUPPORT_NATIONAL_0865,CANCEL,研究員,"処理を中止した。
記録も素材も変更していない。",,,,2,GEN3_JP_MESSAGE_WINDOW_CHECK_REQUIRED,実charmap encodeはintegration buildで検証。
DIALOGUE_EVENT_EVOLUTION_SUPPORT_NATIONAL_0865,EVENT_EVOLUTION_SUPPORT_NATIONAL_0865,DEFEAT,研究員,"ネギガナイトの反応が消えた。
再入場すれば再調査できる。",,,,2,GEN3_JP_MESSAGE_WINDOW_CHECK_REQUIRED,実charmap encodeはintegration buildで検証。
DIALOGUE_EVENT_EVOLUTION_SUPPORT_NATIONAL_0865,EVENT_EVOLUTION_SUPPORT_NATIONAL_0865,ESCAPE,研究員,"ネギガナイトを見失った。
記録は未確定のままだ。",,,,2,GEN3_JP_MESSAGE_WINDOW_CHECK_REQUIRED,実charmap encodeはintegration buildで検証。
DIALOGUE_EVENT_EVOLUTION_SUPPORT_NATIONAL_0865,EVENT_EVOLUTION_SUPPORT_NATIONAL_0865,PARTY_FULL,研究員,"手持ちがいっぱいだ。
PCへの転送を確認する。",,,,2,GEN3_JP_MESSAGE_WINDOW_CHECK_REQUIRED,実charmap encodeはintegration buildで検証。
DIALOGUE_EVENT_EVOLUTION_SUPPORT_NATIONAL_0865,EVENT_EVOLUTION_SUPPORT_NATIONAL_0865,BOX_FULL,研究員,"PCと保管枠がいっぱいだ。
何も消費せず中止した。",,,,2,GEN3_JP_MESSAGE_WINDOW_CHECK_REQUIRED,実charmap encodeはintegration buildで検証。
DIALOGUE_EVENT_EVOLUTION_SUPPORT_NATIONAL_0865,EVENT_EVOLUTION_SUPPORT_NATIONAL_0865,SUCCESS,研究員,"ネギガナイトへの条件を整えた。
進化は手持ち画面で行える。",,,,2,GEN3_JP_MESSAGE_WINDOW_CHECK_REQUIRED,実charmap encodeはintegration buildで検証。
DIALOGUE_EVENT_EVOLUTION_SUPPORT_NATIONAL_0865,EVENT_EVOLUTION_SUPPORT_NATIONAL_0865,ALREADY,研究員,"この対象は登録済みだ。
重複個体は受け取れない。",,,,2,GEN3_JP_MESSAGE_WINDOW_CHECK_REQUIRED,実charmap encodeはintegration buildで検証。
DIALOGUE_EVENT_EVOLUTION_SUPPORT_NATIONAL_0866,EVENT_EVOLUTION_SUPPORT_NATIONAL_0866,LOCKED,研究員,"まだ反応がない。
調査条件を満たしていない。",,,,2,GEN3_JP_MESSAGE_WINDOW_CHECK_REQUIRED,実charmap encodeはintegration buildで検証。
DIALOGUE_EVENT_EVOLUTION_SUPPORT_NATIONAL_0866,EVENT_EVOLUTION_SUPPORT_NATIONAL_0866,INTRO,研究員,"バリコオルへの進化条件を
確認・補助しますか？",はい,いいえ,PREPARE,2,GEN3_JP_MESSAGE_WINDOW_CHECK_REQUIRED,実charmap encodeはintegration buildで検証。
DIALOGUE_EVENT_EVOLUTION_SUPPORT_NATIONAL_0866,EVENT_EVOLUTION_SUPPORT_NATIONAL_0866,CANCEL,研究員,"処理を中止した。
記録も素材も変更していない。",,,,2,GEN3_JP_MESSAGE_WINDOW_CHECK_REQUIRED,実charmap encodeはintegration buildで検証。
DIALOGUE_EVENT_EVOLUTION_SUPPORT_NATIONAL_0866,EVENT_EVOLUTION_SUPPORT_NATIONAL_0866,DEFEAT,研究員,"バリコオルの反応が消えた。
再入場すれば再調査できる。",,,,2,GEN3_JP_MESSAGE_WINDOW_CHECK_REQUIRED,実charmap encodeはintegration buildで検証。
DIALOGUE_EVENT_EVOLUTION_SUPPORT_NATIONAL_0866,EVENT_EVOLUTION_SUPPORT_NATIONAL_0866,ESCAPE,研究員,"バリコオルを見失った。
記録は未確定のままだ。",,,,2,GEN3_JP_MESSAGE_WINDOW_CHECK_REQUIRED,実charmap encodeはintegration buildで検証。
DIALOGUE_EVENT_EVOLUTION_SUPPORT_NATIONAL_0866,EVENT_EVOLUTION_SUPPORT_NATIONAL_0866,PARTY_FULL,研究員,"手持ちがいっぱいだ。
PCへの転送を確認する。",,,,2,GEN3_JP_MESSAGE_WINDOW_CHECK_REQUIRED,実charmap encodeはintegration buildで検証。
DIALOGUE_EVENT_EVOLUTION_SUPPORT_NATIONAL_0866,EVENT_EVOLUTION_SUPPORT_NATIONAL_0866,BOX_FULL,研究員,"PCと保管枠がいっぱいだ。
何も消費せず中止した。",,,,2,GEN3_JP_MESSAGE_WINDOW_CHECK_REQUIRED,実charmap encodeはintegration buildで検証。
DIALOGUE_EVENT_EVOLUTION_SUPPORT_NATIONAL_0866,EVENT_EVOLUTION_SUPPORT_NATIONAL_0866,SUCCESS,研究員,"バリコオルへの条件を整えた。
進化は手持ち画面で行える。",,,,2,GEN3_JP_MESSAGE_WINDOW_CHECK_REQUIRED,実charmap encodeはintegration buildで検証。
DIALOGUE_EVENT_EVOLUTION_SUPPORT_NATIONAL_0866,EVENT_EVOLUTION_SUPPORT_NATIONAL_0866,ALREADY,研究員,"この対象は登録済みだ。
重複個体は受け取れない。",,,,2,GEN3_JP_MESSAGE_WINDOW_CHECK_REQUIRED,実charmap encodeはintegration buildで検証。
DIALOGUE_EVENT_EVOLUTION_SUPPORT_NATIONAL_0867,EVENT_EVOLUTION_SUPPORT_NATIONAL_0867,LOCKED,研究員,"まだ反応がない。
調査条件を満たしていない。",,,,2,GEN3_JP_MESSAGE_WINDOW_CHECK_REQUIRED,実charmap encodeはintegration buildで検証。
DIALOGUE_EVENT_EVOLUTION_SUPPORT_NATIONAL_0867,EVENT_EVOLUTION_SUPPORT_NATIONAL_0867,INTRO,研究員,"デスバーンへの進化条件を
確認・補助しますか？",はい,いいえ,PREPARE,2,GEN3_JP_MESSAGE_WINDOW_CHECK_REQUIRED,実charmap encodeはintegration buildで検証。
DIALOGUE_EVENT_EVOLUTION_SUPPORT_NATIONAL_0867,EVENT_EVOLUTION_SUPPORT_NATIONAL_0867,CANCEL,研究員,"処理を中止した。
記録も素材も変更していない。",,,,2,GEN3_JP_MESSAGE_WINDOW_CHECK_REQUIRED,実charmap encodeはintegration buildで検証。
DIALOGUE_EVENT_EVOLUTION_SUPPORT_NATIONAL_0867,EVENT_EVOLUTION_SUPPORT_NATIONAL_0867,DEFEAT,研究員,"デスバーンの反応が消えた。
再入場すれば再調査できる。",,,,2,GEN3_JP_MESSAGE_WINDOW_CHECK_REQUIRED,実charmap encodeはintegration buildで検証。
DIALOGUE_EVENT_EVOLUTION_SUPPORT_NATIONAL_0867,EVENT_EVOLUTION_SUPPORT_NATIONAL_0867,ESCAPE,研究員,"デスバーンを見失った。
記録は未確定のままだ。",,,,2,GEN3_JP_MESSAGE_WINDOW_CHECK_REQUIRED,実charmap encodeはintegration buildで検証。
DIALOGUE_EVENT_EVOLUTION_SUPPORT_NATIONAL_0867,EVENT_EVOLUTION_SUPPORT_NATIONAL_0867,PARTY_FULL,研究員,"手持ちがいっぱいだ。
PCへの転送を確認する。",,,,2,GEN3_JP_MESSAGE_WINDOW_CHECK_REQUIRED,実charmap encodeはintegration buildで検証。
DIALOGUE_EVENT_EVOLUTION_SUPPORT_NATIONAL_0867,EVENT_EVOLUTION_SUPPORT_NATIONAL_0867,BOX_FULL,研究員,"PCと保管枠がいっぱいだ。
何も消費せず中止した。",,,,2,GEN3_JP_MESSAGE_WINDOW_CHECK_REQUIRED,実charmap encodeはintegration buildで検証。
DIALOGUE_EVENT_EVOLUTION_SUPPORT_NATIONAL_0867,EVENT_EVOLUTION_SUPPORT_NATIONAL_0867,SUCCESS,研究員,"デスバーンへの条件を整えた。
進化は手持ち画面で行える。",,,,2,GEN3_JP_MESSAGE_WINDOW_CHECK_REQUIRED,実charmap encodeはintegration buildで検証。
DIALOGUE_EVENT_EVOLUTION_SUPPORT_NATIONAL_0867,EVENT_EVOLUTION_SUPPORT_NATIONAL_0867,ALREADY,研究員,"この対象は登録済みだ。
重複個体は受け取れない。",,,,2,GEN3_JP_MESSAGE_WINDOW_CHECK_REQUIRED,実charmap encodeはintegration buildで検証。
DIALOGUE_EVENT_EVOLUTION_SUPPORT_NATIONAL_0900,EVENT_EVOLUTION_SUPPORT_NATIONAL_0900,LOCKED,研究員,"まだ反応がない。
調査条件を満たしていない。",,,,2,GEN3_JP_MESSAGE_WINDOW_CHECK_REQUIRED,実charmap encodeはintegration buildで検証。
DIALOGUE_EVENT_EVOLUTION_SUPPORT_NATIONAL_0900,EVENT_EVOLUTION_SUPPORT_NATIONAL_0900,INTRO,研究員,"バサギリへの進化条件を
確認・補助しますか？",はい,いいえ,PREPARE,2,GEN3_JP_MESSAGE_WINDOW_CHECK_REQUIRED,実charmap encodeはintegration buildで検証。
DIALOGUE_EVENT_EVOLUTION_SUPPORT_NATIONAL_0900,EVENT_EVOLUTION_SUPPORT_NATIONAL_0900,CANCEL,研究員,"処理を中止した。
記録も素材も変更していない。",,,,2,GEN3_JP_MESSAGE_WINDOW_CHECK_REQUIRED,実charmap encodeはintegration buildで検証。
DIALOGUE_EVENT_EVOLUTION_SUPPORT_NATIONAL_0900,EVENT_EVOLUTION_SUPPORT_NATIONAL_0900,DEFEAT,研究員,"バサギリの反応が消えた。
再入場すれば再調査できる。",,,,2,GEN3_JP_MESSAGE_WINDOW_CHECK_REQUIRED,実charmap encodeはintegration buildで検証。
DIALOGUE_EVENT_EVOLUTION_SUPPORT_NATIONAL_0900,EVENT_EVOLUTION_SUPPORT_NATIONAL_0900,ESCAPE,研究員,"バサギリを見失った。
記録は未確定のままだ。",,,,2,GEN3_JP_MESSAGE_WINDOW_CHECK_REQUIRED,実charmap encodeはintegration buildで検証。
DIALOGUE_EVENT_EVOLUTION_SUPPORT_NATIONAL_0900,EVENT_EVOLUTION_SUPPORT_NATIONAL_0900,PARTY_FULL,研究員,"手持ちがいっぱいだ。
PCへの転送を確認する。",,,,2,GEN3_JP_MESSAGE_WINDOW_CHECK_REQUIRED,実charmap encodeはintegration buildで検証。
DIALOGUE_EVENT_EVOLUTION_SUPPORT_NATIONAL_0900,EVENT_EVOLUTION_SUPPORT_NATIONAL_0900,BOX_FULL,研究員,"PCと保管枠がいっぱいだ。
何も消費せず中止した。",,,,2,GEN3_JP_MESSAGE_WINDOW_CHECK_REQUIRED,実charmap encodeはintegration buildで検証。
DIALOGUE_EVENT_EVOLUTION_SUPPORT_NATIONAL_0900,EVENT_EVOLUTION_SUPPORT_NATIONAL_0900,SUCCESS,研究員,"バサギリへの条件を整えた。
進化は手持ち画面で行える。",,,,2,GEN3_JP_MESSAGE_WINDOW_CHECK_REQUIRED,実charmap encodeはintegration buildで検証。
DIALOGUE_EVENT_EVOLUTION_SUPPORT_NATIONAL_0900,EVENT_EVOLUTION_SUPPORT_NATIONAL_0900,ALREADY,研究員,"この対象は登録済みだ。
重複個体は受け取れない。",,,,2,GEN3_JP_MESSAGE_WINDOW_CHECK_REQUIRED,実charmap encodeはintegration buildで検証。
DIALOGUE_EVENT_EVOLUTION_SUPPORT_NATIONAL_0902,EVENT_EVOLUTION_SUPPORT_NATIONAL_0902,LOCKED,研究員,"まだ反応がない。
調査条件を満たしていない。",,,,2,GEN3_JP_MESSAGE_WINDOW_CHECK_REQUIRED,実charmap encodeはintegration buildで検証。
DIALOGUE_EVENT_EVOLUTION_SUPPORT_NATIONAL_0902,EVENT_EVOLUTION_SUPPORT_NATIONAL_0902,INTRO,研究員,"イダイトウへの進化条件を
確認・補助しますか？",はい,いいえ,PREPARE,2,GEN3_JP_MESSAGE_WINDOW_CHECK_REQUIRED,実charmap encodeはintegration buildで検証。
DIALOGUE_EVENT_EVOLUTION_SUPPORT_NATIONAL_0902,EVENT_EVOLUTION_SUPPORT_NATIONAL_0902,CANCEL,研究員,"処理を中止した。
記録も素材も変更していない。",,,,2,GEN3_JP_MESSAGE_WINDOW_CHECK_REQUIRED,実charmap encodeはintegration buildで検証。
DIALOGUE_EVENT_EVOLUTION_SUPPORT_NATIONAL_0902,EVENT_EVOLUTION_SUPPORT_NATIONAL_0902,DEFEAT,研究員,"イダイトウの反応が消えた。
再入場すれば再調査できる。",,,,2,GEN3_JP_MESSAGE_WINDOW_CHECK_REQUIRED,実charmap encodeはintegration buildで検証。
DIALOGUE_EVENT_EVOLUTION_SUPPORT_NATIONAL_0902,EVENT_EVOLUTION_SUPPORT_NATIONAL_0902,ESCAPE,研究員,"イダイトウを見失った。
記録は未確定のままだ。",,,,2,GEN3_JP_MESSAGE_WINDOW_CHECK_REQUIRED,実charmap encodeはintegration buildで検証。
DIALOGUE_EVENT_EVOLUTION_SUPPORT_NATIONAL_0902,EVENT_EVOLUTION_SUPPORT_NATIONAL_0902,PARTY_FULL,研究員,"手持ちがいっぱいだ。
PCへの転送を確認する。",,,,2,GEN3_JP_MESSAGE_WINDOW_CHECK_REQUIRED,実charmap encodeはintegration buildで検証。
DIALOGUE_EVENT_EVOLUTION_SUPPORT_NATIONAL_0902,EVENT_EVOLUTION_SUPPORT_NATIONAL_0902,BOX_FULL,研究員,"PCと保管枠がいっぱいだ。
何も消費せず中止した。",,,,2,GEN3_JP_MESSAGE_WINDOW_CHECK_REQUIRED,実charmap encodeはintegration buildで検証。
DIALOGUE_EVENT_EVOLUTION_SUPPORT_NATIONAL_0902,EVENT_EVOLUTION_SUPPORT_NATIONAL_0902,SUCCESS,研究員,"イダイトウへの条件を整えた。
進化は手持ち画面で行える。",,,,2,GEN3_JP_MESSAGE_WINDOW_CHECK_REQUIRED,実charmap encodeはintegration buildで検証。
DIALOGUE_EVENT_EVOLUTION_SUPPORT_NATIONAL_0902,EVENT_EVOLUTION_SUPPORT_NATIONAL_0902,ALREADY,研究員,"この対象は登録済みだ。
重複個体は受け取れない。",,,,2,GEN3_JP_MESSAGE_WINDOW_CHECK_REQUIRED,実charmap encodeはintegration buildで検証。
DIALOGUE_EVENT_EVOLUTION_SUPPORT_NATIONAL_0903,EVENT_EVOLUTION_SUPPORT_NATIONAL_0903,LOCKED,研究員,"まだ反応がない。
調査条件を満たしていない。",,,,2,GEN3_JP_MESSAGE_WINDOW_CHECK_REQUIRED,実charmap encodeはintegration buildで検証。
DIALOGUE_EVENT_EVOLUTION_SUPPORT_NATIONAL_0903,EVENT_EVOLUTION_SUPPORT_NATIONAL_0903,INTRO,研究員,"オオニューラへの進化条件を
確認・補助しますか？",はい,いいえ,PREPARE,2,GEN3_JP_MESSAGE_WINDOW_CHECK_REQUIRED,実charmap encodeはintegration buildで検証。
DIALOGUE_EVENT_EVOLUTION_SUPPORT_NATIONAL_0903,EVENT_EVOLUTION_SUPPORT_NATIONAL_0903,CANCEL,研究員,"処理を中止した。
記録も素材も変更していない。",,,,2,GEN3_JP_MESSAGE_WINDOW_CHECK_REQUIRED,実charmap encodeはintegration buildで検証。
DIALOGUE_EVENT_EVOLUTION_SUPPORT_NATIONAL_0903,EVENT_EVOLUTION_SUPPORT_NATIONAL_0903,DEFEAT,研究員,"オオニューラの反応が消えた。
再入場すれば再調査できる。",,,,2,GEN3_JP_MESSAGE_WINDOW_CHECK_REQUIRED,実charmap encodeはintegration buildで検証。
DIALOGUE_EVENT_EVOLUTION_SUPPORT_NATIONAL_0903,EVENT_EVOLUTION_SUPPORT_NATIONAL_0903,ESCAPE,研究員,"オオニューラを見失った。
記録は未確定のままだ。",,,,2,GEN3_JP_MESSAGE_WINDOW_CHECK_REQUIRED,実charmap encodeはintegration buildで検証。
DIALOGUE_EVENT_EVOLUTION_SUPPORT_NATIONAL_0903,EVENT_EVOLUTION_SUPPORT_NATIONAL_0903,PARTY_FULL,研究員,"手持ちがいっぱいだ。
PCへの転送を確認する。",,,,2,GEN3_JP_MESSAGE_WINDOW_CHECK_REQUIRED,実charmap encodeはintegration buildで検証。
DIALOGUE_EVENT_EVOLUTION_SUPPORT_NATIONAL_0903,EVENT_EVOLUTION_SUPPORT_NATIONAL_0903,BOX_FULL,研究員,"PCと保管枠がいっぱいだ。
何も消費せず中止した。",,,,2,GEN3_JP_MESSAGE_WINDOW_CHECK_REQUIRED,実charmap encodeはintegration buildで検証。
DIALOGUE_EVENT_EVOLUTION_SUPPORT_NATIONAL_0903,EVENT_EVOLUTION_SUPPORT_NATIONAL_0903,SUCCESS,研究員,"オオニューラへの条件を整えた。
進化は手持ち画面で行える。",,,,2,GEN3_JP_MESSAGE_WINDOW_CHECK_REQUIRED,実charmap encodeはintegration buildで検証。
DIALOGUE_EVENT_EVOLUTION_SUPPORT_NATIONAL_0903,EVENT_EVOLUTION_SUPPORT_NATIONAL_0903,ALREADY,研究員,"この対象は登録済みだ。
重複個体は受け取れない。",,,,2,GEN3_JP_MESSAGE_WINDOW_CHECK_REQUIRED,実charmap encodeはintegration buildで検証。
DIALOGUE_EVENT_EVOLUTION_SUPPORT_NATIONAL_0904,EVENT_EVOLUTION_SUPPORT_NATIONAL_0904,LOCKED,研究員,"まだ反応がない。
調査条件を満たしていない。",,,,2,GEN3_JP_MESSAGE_WINDOW_CHECK_REQUIRED,実charmap encodeはintegration buildで検証。
DIALOGUE_EVENT_EVOLUTION_SUPPORT_NATIONAL_0904,EVENT_EVOLUTION_SUPPORT_NATIONAL_0904,INTRO,研究員,"ハリーマンへの進化条件を
確認・補助しますか？",はい,いいえ,PREPARE,2,GEN3_JP_MESSAGE_WINDOW_CHECK_REQUIRED,実charmap encodeはintegration buildで検証。
DIALOGUE_EVENT_EVOLUTION_SUPPORT_NATIONAL_0904,EVENT_EVOLUTION_SUPPORT_NATIONAL_0904,CANCEL,研究員,"処理を中止した。
記録も素材も変更していない。",,,,2,GEN3_JP_MESSAGE_WINDOW_CHECK_REQUIRED,実charmap encodeはintegration buildで検証。
DIALOGUE_EVENT_EVOLUTION_SUPPORT_NATIONAL_0904,EVENT_EVOLUTION_SUPPORT_NATIONAL_0904,DEFEAT,研究員,"ハリーマンの反応が消えた。
再入場すれば再調査できる。",,,,2,GEN3_JP_MESSAGE_WINDOW_CHECK_REQUIRED,実charmap encodeはintegration buildで検証。
DIALOGUE_EVENT_EVOLUTION_SUPPORT_NATIONAL_0904,EVENT_EVOLUTION_SUPPORT_NATIONAL_0904,ESCAPE,研究員,"ハリーマンを見失った。
記録は未確定のままだ。",,,,2,GEN3_JP_MESSAGE_WINDOW_CHECK_REQUIRED,実charmap encodeはintegration buildで検証。
DIALOGUE_EVENT_EVOLUTION_SUPPORT_NATIONAL_0904,EVENT_EVOLUTION_SUPPORT_NATIONAL_0904,PARTY_FULL,研究員,"手持ちがいっぱいだ。
PCへの転送を確認する。",,,,2,GEN3_JP_MESSAGE_WINDOW_CHECK_REQUIRED,実charmap encodeはintegration buildで検証。
DIALOGUE_EVENT_EVOLUTION_SUPPORT_NATIONAL_0904,EVENT_EVOLUTION_SUPPORT_NATIONAL_0904,BOX_FULL,研究員,"PCと保管枠がいっぱいだ。
何も消費せず中止した。",,,,2,GEN3_JP_MESSAGE_WINDOW_CHECK_REQUIRED,実charmap encodeはintegration buildで検証。
DIALOGUE_EVENT_EVOLUTION_SUPPORT_NATIONAL_0904,EVENT_EVOLUTION_SUPPORT_NATIONAL_0904,SUCCESS,研究員,"ハリーマンへの条件を整えた。
進化は手持ち画面で行える。",,,,2,GEN3_JP_MESSAGE_WINDOW_CHECK_REQUIRED,実charmap encodeはintegration buildで検証。
DIALOGUE_EVENT_EVOLUTION_SUPPORT_NATIONAL_0904,EVENT_EVOLUTION_SUPPORT_NATIONAL_0904,ALREADY,研究員,"この対象は登録済みだ。
重複個体は受け取れない。",,,,2,GEN3_JP_MESSAGE_WINDOW_CHECK_REQUIRED,実charmap encodeはintegration buildで検証。
DIALOGUE_EVENT_EVOLUTION_SUPPORT_NATIONAL_0980,EVENT_EVOLUTION_SUPPORT_NATIONAL_0980,LOCKED,研究員,"まだ反応がない。
調査条件を満たしていない。",,,,2,GEN3_JP_MESSAGE_WINDOW_CHECK_REQUIRED,実charmap encodeはintegration buildで検証。
DIALOGUE_EVENT_EVOLUTION_SUPPORT_NATIONAL_0980,EVENT_EVOLUTION_SUPPORT_NATIONAL_0980,INTRO,研究員,"ドオーへの進化条件を
確認・補助しますか？",はい,いいえ,PREPARE,2,GEN3_JP_MESSAGE_WINDOW_CHECK_REQUIRED,実charmap encodeはintegration buildで検証。
DIALOGUE_EVENT_EVOLUTION_SUPPORT_NATIONAL_0980,EVENT_EVOLUTION_SUPPORT_NATIONAL_0980,CANCEL,研究員,"処理を中止した。
記録も素材も変更していない。",,,,2,GEN3_JP_MESSAGE_WINDOW_CHECK_REQUIRED,実charmap encodeはintegration buildで検証。
DIALOGUE_EVENT_EVOLUTION_SUPPORT_NATIONAL_0980,EVENT_EVOLUTION_SUPPORT_NATIONAL_0980,DEFEAT,研究員,"ドオーの反応が消えた。
再入場すれば再調査できる。",,,,2,GEN3_JP_MESSAGE_WINDOW_CHECK_REQUIRED,実charmap encodeはintegration buildで検証。
DIALOGUE_EVENT_EVOLUTION_SUPPORT_NATIONAL_0980,EVENT_EVOLUTION_SUPPORT_NATIONAL_0980,ESCAPE,研究員,"ドオーを見失った。
記録は未確定のままだ。",,,,2,GEN3_JP_MESSAGE_WINDOW_CHECK_REQUIRED,実charmap encodeはintegration buildで検証。
DIALOGUE_EVENT_EVOLUTION_SUPPORT_NATIONAL_0980,EVENT_EVOLUTION_SUPPORT_NATIONAL_0980,PARTY_FULL,研究員,"手持ちがいっぱいだ。
PCへの転送を確認する。",,,,2,GEN3_JP_MESSAGE_WINDOW_CHECK_REQUIRED,実charmap encodeはintegration buildで検証。
DIALOGUE_EVENT_EVOLUTION_SUPPORT_NATIONAL_0980,EVENT_EVOLUTION_SUPPORT_NATIONAL_0980,BOX_FULL,研究員,"PCと保管枠がいっぱいだ。
何も消費せず中止した。",,,,2,GEN3_JP_MESSAGE_WINDOW_CHECK_REQUIRED,実charmap encodeはintegration buildで検証。
DIALOGUE_EVENT_EVOLUTION_SUPPORT_NATIONAL_0980,EVENT_EVOLUTION_SUPPORT_NATIONAL_0980,SUCCESS,研究員,"ドオーへの条件を整えた。
進化は手持ち画面で行える。",,,,2,GEN3_JP_MESSAGE_WINDOW_CHECK_REQUIRED,実charmap encodeはintegration buildで検証。
DIALOGUE_EVENT_EVOLUTION_SUPPORT_NATIONAL_0980,EVENT_EVOLUTION_SUPPORT_NATIONAL_0980,ALREADY,研究員,"この対象は登録済みだ。
重複個体は受け取れない。",,,,2,GEN3_JP_MESSAGE_WINDOW_CHECK_REQUIRED,実charmap encodeはintegration buildで検証。
DIALOGUE_EVENT_EVOLUTION_SUPPORT_NATIONAL_0981,EVENT_EVOLUTION_SUPPORT_NATIONAL_0981,LOCKED,研究員,"まだ反応がない。
調査条件を満たしていない。",,,,2,GEN3_JP_MESSAGE_WINDOW_CHECK_REQUIRED,実charmap encodeはintegration buildで検証。
DIALOGUE_EVENT_EVOLUTION_SUPPORT_NATIONAL_0981,EVENT_EVOLUTION_SUPPORT_NATIONAL_0981,INTRO,研究員,"リキキリンへの進化条件を
確認・補助しますか？",はい,いいえ,PREPARE,2,GEN3_JP_MESSAGE_WINDOW_CHECK_REQUIRED,実charmap encodeはintegration buildで検証。
DIALOGUE_EVENT_EVOLUTION_SUPPORT_NATIONAL_0981,EVENT_EVOLUTION_SUPPORT_NATIONAL_0981,CANCEL,研究員,"処理を中止した。
記録も素材も変更していない。",,,,2,GEN3_JP_MESSAGE_WINDOW_CHECK_REQUIRED,実charmap encodeはintegration buildで検証。
DIALOGUE_EVENT_EVOLUTION_SUPPORT_NATIONAL_0981,EVENT_EVOLUTION_SUPPORT_NATIONAL_0981,DEFEAT,研究員,"リキキリンの反応が消えた。
再入場すれば再調査できる。",,,,2,GEN3_JP_MESSAGE_WINDOW_CHECK_REQUIRED,実charmap encodeはintegration buildで検証。
DIALOGUE_EVENT_EVOLUTION_SUPPORT_NATIONAL_0981,EVENT_EVOLUTION_SUPPORT_NATIONAL_0981,ESCAPE,研究員,"リキキリンを見失った。
記録は未確定のままだ。",,,,2,GEN3_JP_MESSAGE_WINDOW_CHECK_REQUIRED,実charmap encodeはintegration buildで検証。
DIALOGUE_EVENT_EVOLUTION_SUPPORT_NATIONAL_0981,EVENT_EVOLUTION_SUPPORT_NATIONAL_0981,PARTY_FULL,研究員,"手持ちがいっぱいだ。
PCへの転送を確認する。",,,,2,GEN3_JP_MESSAGE_WINDOW_CHECK_REQUIRED,実charmap encodeはintegration buildで検証。
DIALOGUE_EVENT_EVOLUTION_SUPPORT_NATIONAL_0981,EVENT_EVOLUTION_SUPPORT_NATIONAL_0981,BOX_FULL,研究員,"PCと保管枠がいっぱいだ。
何も消費せず中止した。",,,,2,GEN3_JP_MESSAGE_WINDOW_CHECK_REQUIRED,実charmap encodeはintegration buildで検証。
DIALOGUE_EVENT_EVOLUTION_SUPPORT_NATIONAL_0981,EVENT_EVOLUTION_SUPPORT_NATIONAL_0981,SUCCESS,研究員,"リキキリンへの条件を整えた。
進化は手持ち画面で行える。",,,,2,GEN3_JP_MESSAGE_WINDOW_CHECK_REQUIRED,実charmap encodeはintegration buildで検証。
DIALOGUE_EVENT_EVOLUTION_SUPPORT_NATIONAL_0981,EVENT_EVOLUTION_SUPPORT_NATIONAL_0981,ALREADY,研究員,"この対象は登録済みだ。
重複個体は受け取れない。",,,,2,GEN3_JP_MESSAGE_WINDOW_CHECK_REQUIRED,実charmap encodeはintegration buildで検証。
DIALOGUE_EVENT_EVOLUTION_SUPPORT_NATIONAL_0982,EVENT_EVOLUTION_SUPPORT_NATIONAL_0982,LOCKED,研究員,"まだ反応がない。
調査条件を満たしていない。",,,,2,GEN3_JP_MESSAGE_WINDOW_CHECK_REQUIRED,実charmap encodeはintegration buildで検証。
DIALOGUE_EVENT_EVOLUTION_SUPPORT_NATIONAL_0982,EVENT_EVOLUTION_SUPPORT_NATIONAL_0982,INTRO,研究員,"ノココッチへの進化条件を
確認・補助しますか？",はい,いいえ,PREPARE,2,GEN3_JP_MESSAGE_WINDOW_CHECK_REQUIRED,実charmap encodeはintegration buildで検証。
DIALOGUE_EVENT_EVOLUTION_SUPPORT_NATIONAL_0982,EVENT_EVOLUTION_SUPPORT_NATIONAL_0982,CANCEL,研究員,"処理を中止した。
記録も素材も変更していない。",,,,2,GEN3_JP_MESSAGE_WINDOW_CHECK_REQUIRED,実charmap encodeはintegration buildで検証。
DIALOGUE_EVENT_EVOLUTION_SUPPORT_NATIONAL_0982,EVENT_EVOLUTION_SUPPORT_NATIONAL_0982,DEFEAT,研究員,"ノココッチの反応が消えた。
再入場すれば再調査できる。",,,,2,GEN3_JP_MESSAGE_WINDOW_CHECK_REQUIRED,実charmap encodeはintegration buildで検証。
DIALOGUE_EVENT_EVOLUTION_SUPPORT_NATIONAL_0982,EVENT_EVOLUTION_SUPPORT_NATIONAL_0982,ESCAPE,研究員,"ノココッチを見失った。
記録は未確定のままだ。",,,,2,GEN3_JP_MESSAGE_WINDOW_CHECK_REQUIRED,実charmap encodeはintegration buildで検証。
DIALOGUE_EVENT_EVOLUTION_SUPPORT_NATIONAL_0982,EVENT_EVOLUTION_SUPPORT_NATIONAL_0982,PARTY_FULL,研究員,"手持ちがいっぱいだ。
PCへの転送を確認する。",,,,2,GEN3_JP_MESSAGE_WINDOW_CHECK_REQUIRED,実charmap encodeはintegration buildで検証。
DIALOGUE_EVENT_EVOLUTION_SUPPORT_NATIONAL_0982,EVENT_EVOLUTION_SUPPORT_NATIONAL_0982,BOX_FULL,研究員,"PCと保管枠がいっぱいだ。
何も消費せず中止した。",,,,2,GEN3_JP_MESSAGE_WINDOW_CHECK_REQUIRED,実charmap encodeはintegration buildで検証。
DIALOGUE_EVENT_EVOLUTION_SUPPORT_NATIONAL_0982,EVENT_EVOLUTION_SUPPORT_NATIONAL_0982,SUCCESS,研究員,"ノココッチへの条件を整えた。
進化は手持ち画面で行える。",,,,2,GEN3_JP_MESSAGE_WINDOW_CHECK_REQUIRED,実charmap encodeはintegration buildで検証。
DIALOGUE_EVENT_EVOLUTION_SUPPORT_NATIONAL_0982,EVENT_EVOLUTION_SUPPORT_NATIONAL_0982,ALREADY,研究員,"この対象は登録済みだ。
重複個体は受け取れない。",,,,2,GEN3_JP_MESSAGE_WINDOW_CHECK_REQUIRED,実charmap encodeはintegration buildで検証。
DIALOGUE_EVENT_TRADE_EMULATOR_SERVICE,EVENT_TRADE_EMULATOR_SERVICE,LOCKED,研究員,"まだ反応がない。
調査条件を満たしていない。",,,,2,GEN3_JP_MESSAGE_WINDOW_CHECK_REQUIRED,実charmap encodeはintegration buildで検証。
DIALOGUE_EVENT_TRADE_EMULATOR_SERVICE,EVENT_TRADE_EMULATOR_SERVICE,INTRO,研究員,"通信なし進化を補助します。
対象を選びますか？",はい,いいえ,PREPARE,2,GEN3_JP_MESSAGE_WINDOW_CHECK_REQUIRED,実charmap encodeはintegration buildで検証。
DIALOGUE_EVENT_TRADE_EMULATOR_SERVICE,EVENT_TRADE_EMULATOR_SERVICE,CANCEL,研究員,"処理を中止した。
記録も素材も変更していない。",,,,2,GEN3_JP_MESSAGE_WINDOW_CHECK_REQUIRED,実charmap encodeはintegration buildで検証。
DIALOGUE_EVENT_TRADE_EMULATOR_SERVICE,EVENT_TRADE_EMULATOR_SERVICE,DEFEAT,研究員,"このサービスの反応が消えた。
再入場すれば再調査できる。",,,,2,GEN3_JP_MESSAGE_WINDOW_CHECK_REQUIRED,実charmap encodeはintegration buildで検証。
DIALOGUE_EVENT_TRADE_EMULATOR_SERVICE,EVENT_TRADE_EMULATOR_SERVICE,ESCAPE,研究員,"このサービスを見失った。
記録は未確定のままだ。",,,,2,GEN3_JP_MESSAGE_WINDOW_CHECK_REQUIRED,実charmap encodeはintegration buildで検証。
DIALOGUE_EVENT_TRADE_EMULATOR_SERVICE,EVENT_TRADE_EMULATOR_SERVICE,PARTY_FULL,研究員,"手持ちがいっぱいだ。
PCへの転送を確認する。",,,,2,GEN3_JP_MESSAGE_WINDOW_CHECK_REQUIRED,実charmap encodeはintegration buildで検証。
DIALOGUE_EVENT_TRADE_EMULATOR_SERVICE,EVENT_TRADE_EMULATOR_SERVICE,BOX_FULL,研究員,"PCと保管枠がいっぱいだ。
何も消費せず中止した。",,,,2,GEN3_JP_MESSAGE_WINDOW_CHECK_REQUIRED,実charmap encodeはintegration buildで検証。
DIALOGUE_EVENT_TRADE_EMULATOR_SERVICE,EVENT_TRADE_EMULATOR_SERVICE,SUCCESS,研究員,"交換条件を安全に再現した。
進化処理が完了した。",,,,2,GEN3_JP_MESSAGE_WINDOW_CHECK_REQUIRED,実charmap encodeはintegration buildで検証。
DIALOGUE_EVENT_TRADE_EMULATOR_SERVICE,EVENT_TRADE_EMULATOR_SERVICE,ALREADY,研究員,"この対象は登録済みだ。
重複個体は受け取れない。",,,,2,GEN3_JP_MESSAGE_WINDOW_CHECK_REQUIRED,実charmap encodeはintegration buildで検証。
DIALOGUE_EVENT_ECOLOGY_RADAR_TIME_SERVICE,EVENT_ECOLOGY_RADAR_TIME_SERVICE,LOCKED,研究員,"まだ反応がない。
調査条件を満たしていない。",,,,2,GEN3_JP_MESSAGE_WINDOW_CHECK_REQUIRED,実charmap encodeはintegration buildで検証。
DIALOGUE_EVENT_ECOLOGY_RADAR_TIME_SERVICE,EVENT_ECOLOGY_RADAR_TIME_SERVICE,INTRO,研究員,調査モードを変更しますか？,はい,いいえ,PREPARE,2,GEN3_JP_MESSAGE_WINDOW_CHECK_REQUIRED,実charmap encodeはintegration buildで検証。
DIALOGUE_EVENT_ECOLOGY_RADAR_TIME_SERVICE,EVENT_ECOLOGY_RADAR_TIME_SERVICE,CANCEL,研究員,"処理を中止した。
記録も素材も変更していない。",,,,2,GEN3_JP_MESSAGE_WINDOW_CHECK_REQUIRED,実charmap encodeはintegration buildで検証。
DIALOGUE_EVENT_ECOLOGY_RADAR_TIME_SERVICE,EVENT_ECOLOGY_RADAR_TIME_SERVICE,DEFEAT,研究員,"このサービスの反応が消えた。
再入場すれば再調査できる。",,,,2,GEN3_JP_MESSAGE_WINDOW_CHECK_REQUIRED,実charmap encodeはintegration buildで検証。
DIALOGUE_EVENT_ECOLOGY_RADAR_TIME_SERVICE,EVENT_ECOLOGY_RADAR_TIME_SERVICE,ESCAPE,研究員,"このサービスを見失った。
記録は未確定のままだ。",,,,2,GEN3_JP_MESSAGE_WINDOW_CHECK_REQUIRED,実charmap encodeはintegration buildで検証。
DIALOGUE_EVENT_ECOLOGY_RADAR_TIME_SERVICE,EVENT_ECOLOGY_RADAR_TIME_SERVICE,PARTY_FULL,研究員,"手持ちがいっぱいだ。
PCへの転送を確認する。",,,,2,GEN3_JP_MESSAGE_WINDOW_CHECK_REQUIRED,実charmap encodeはintegration buildで検証。
DIALOGUE_EVENT_ECOLOGY_RADAR_TIME_SERVICE,EVENT_ECOLOGY_RADAR_TIME_SERVICE,BOX_FULL,研究員,"PCと保管枠がいっぱいだ。
何も消費せず中止した。",,,,2,GEN3_JP_MESSAGE_WINDOW_CHECK_REQUIRED,実charmap encodeはintegration buildで検証。
DIALOGUE_EVENT_ECOLOGY_RADAR_TIME_SERVICE,EVENT_ECOLOGY_RADAR_TIME_SERVICE,SUCCESS,研究員,調査モードを更新した。,,,,2,GEN3_JP_MESSAGE_WINDOW_CHECK_REQUIRED,実charmap encodeはintegration buildで検証。
DIALOGUE_EVENT_ECOLOGY_RADAR_TIME_SERVICE,EVENT_ECOLOGY_RADAR_TIME_SERVICE,ALREADY,研究員,"この対象は登録済みだ。
重複個体は受け取れない。",,,,2,GEN3_JP_MESSAGE_WINDOW_CHECK_REQUIRED,実charmap encodeはintegration buildで検証。
