event_key,state_key,entry_condition,actions,next_on_success,next_on_defeat,next_on_escape,next_on_cancel,next_on_party_full,next_on_box_full,persisted_writes,rollback_actions
EVENT_SPECIAL_NATIONAL_0144,CHECK_UNLOCK,host interaction,test unlock expression,CHECK_LEDGER,LOCKED,LOCKED,LOCKED,LOCKED,LOCKED,NONE,NONE
EVENT_SPECIAL_NATIONAL_0144,CHECK_LEDGER,unlock true,test shared ledger/dex migration,OFFER,DONE,DONE,DONE,DONE,DONE,NONE,NONE
EVENT_SPECIAL_NATIONAL_0144,OFFER,not already complete,show INTRO; Yes/No,PREPARE,RETRY,RETRY,RETRY,RETRY,RETRY,NONE,NONE
EVENT_SPECIAL_NATIONAL_0144,PREPARE,Yes selected,write pending transaction only; reserve no item/flag,EXECUTE,RETRY,RETRY,RETRY,FULL,FULL,NONE,clear pending; restore unconsumed source item; no capture ledger write
EVENT_SPECIAL_NATIONAL_0144,EXECUTE,pending valid,run CAPTURE adapter,COMMIT,RETRY,RETRY,RETRY,FULL,FULL,NONE,clear pending; restore unconsumed source item; no capture ledger write
EVENT_SPECIAL_NATIONAL_0144,COMMIT,operation success,"write ledger, dex, claim count; persist atomically; clear pending",DONE,RETRY,RETRY,RETRY,RETRY,RETRY,ledger+dex+claim only in COMMIT,NONE
EVENT_SPECIAL_NATIONAL_0144,RETRY,cancel/defeat/escape/reset recovery,clear pending; leave encounter/claim available,OFFER,OFFER,OFFER,OFFER,OFFER,OFFER,NONE,clear pending; restore unconsumed source item; no capture ledger write
EVENT_SPECIAL_NATIONAL_0144,FULL,party/PC/queue unavailable,show FULL; consume nothing; clear pending,OFFER,OFFER,OFFER,OFFER,OFFER,OFFER,NONE,clear pending; restore unconsumed source item; no capture ledger write
EVENT_SPECIAL_NATIONAL_0144,DONE,ledger or commit true,show SUCCESS or ALREADY; no duplicate,DONE,DONE,DONE,DONE,DONE,DONE,NONE,NONE
EVENT_SPECIAL_NATIONAL_0145,CHECK_UNLOCK,host interaction,test unlock expression,CHECK_LEDGER,LOCKED,LOCKED,LOCKED,LOCKED,LOCKED,NONE,NONE
EVENT_SPECIAL_NATIONAL_0145,CHECK_LEDGER,unlock true,test shared ledger/dex migration,OFFER,DONE,DONE,DONE,DONE,DONE,NONE,NONE
EVENT_SPECIAL_NATIONAL_0145,OFFER,not already complete,show INTRO; Yes/No,PREPARE,RETRY,RETRY,RETRY,RETRY,RETRY,NONE,NONE
EVENT_SPECIAL_NATIONAL_0145,PREPARE,Yes selected,write pending transaction only; reserve no item/flag,EXECUTE,RETRY,RETRY,RETRY,FULL,FULL,NONE,clear pending; restore unconsumed source item; no capture ledger write
EVENT_SPECIAL_NATIONAL_0145,EXECUTE,pending valid,run CAPTURE adapter,COMMIT,RETRY,RETRY,RETRY,FULL,FULL,NONE,clear pending; restore unconsumed source item; no capture ledger write
EVENT_SPECIAL_NATIONAL_0145,COMMIT,operation success,"write ledger, dex, claim count; persist atomically; clear pending",DONE,RETRY,RETRY,RETRY,RETRY,RETRY,ledger+dex+claim only in COMMIT,NONE
EVENT_SPECIAL_NATIONAL_0145,RETRY,cancel/defeat/escape/reset recovery,clear pending; leave encounter/claim available,OFFER,OFFER,OFFER,OFFER,OFFER,OFFER,NONE,clear pending; restore unconsumed source item; no capture ledger write
EVENT_SPECIAL_NATIONAL_0145,FULL,party/PC/queue unavailable,show FULL; consume nothing; clear pending,OFFER,OFFER,OFFER,OFFER,OFFER,OFFER,NONE,clear pending; restore unconsumed source item; no capture ledger write
EVENT_SPECIAL_NATIONAL_0145,DONE,ledger or commit true,show SUCCESS or ALREADY; no duplicate,DONE,DONE,DONE,DONE,DONE,DONE,NONE,NONE
EVENT_SPECIAL_NATIONAL_0146,CHECK_UNLOCK,host interaction,test unlock expression,CHECK_LEDGER,LOCKED,LOCKED,LOCKED,LOCKED,LOCKED,NONE,NONE
EVENT_SPECIAL_NATIONAL_0146,CHECK_LEDGER,unlock true,test shared ledger/dex migration,OFFER,DONE,DONE,DONE,DONE,DONE,NONE,NONE
EVENT_SPECIAL_NATIONAL_0146,OFFER,not already complete,show INTRO; Yes/No,PREPARE,RETRY,RETRY,RETRY,RETRY,RETRY,NONE,NONE
EVENT_SPECIAL_NATIONAL_0146,PREPARE,Yes selected,write pending transaction only; reserve no item/flag,EXECUTE,RETRY,RETRY,RETRY,FULL,FULL,NONE,clear pending; restore unconsumed source item; no capture ledger write
EVENT_SPECIAL_NATIONAL_0146,EXECUTE,pending valid,run CAPTURE adapter,COMMIT,RETRY,RETRY,RETRY,FULL,FULL,NONE,clear pending; restore unconsumed source item; no capture ledger write
EVENT_SPECIAL_NATIONAL_0146,COMMIT,operation success,"write ledger, dex, claim count; persist atomically; clear pending",DONE,RETRY,RETRY,RETRY,RETRY,RETRY,ledger+dex+claim only in COMMIT,NONE
EVENT_SPECIAL_NATIONAL_0146,RETRY,cancel/defeat/escape/reset recovery,clear pending; leave encounter/claim available,OFFER,OFFER,OFFER,OFFER,OFFER,OFFER,NONE,clear pending; restore unconsumed source item; no capture ledger write
EVENT_SPECIAL_NATIONAL_0146,FULL,party/PC/queue unavailable,show FULL; consume nothing; clear pending,OFFER,OFFER,OFFER,OFFER,OFFER,OFFER,NONE,clear pending; restore unconsumed source item; no capture ledger write
EVENT_SPECIAL_NATIONAL_0146,DONE,ledger or commit true,show SUCCESS or ALREADY; no duplicate,DONE,DONE,DONE,DONE,DONE,DONE,NONE,NONE
EVENT_SPECIAL_NATIONAL_0150,CHECK_UNLOCK,host interaction,test unlock expression,CHECK_LEDGER,LOCKED,LOCKED,LOCKED,LOCKED,LOCKED,NONE,NONE
EVENT_SPECIAL_NATIONAL_0150,CHECK_LEDGER,unlock true,test shared ledger/dex migration,OFFER,DONE,DONE,DONE,DONE,DONE,NONE,NONE
EVENT_SPECIAL_NATIONAL_0150,OFFER,not already complete,show INTRO; Yes/No,PREPARE,RETRY,RETRY,RETRY,RETRY,RETRY,NONE,NONE
EVENT_SPECIAL_NATIONAL_0150,PREPARE,Yes selected,write pending transaction only; reserve no item/flag,EXECUTE,RETRY,RETRY,RETRY,FULL,FULL,NONE,clear pending; restore unconsumed source item; no capture ledger write
EVENT_SPECIAL_NATIONAL_0150,EXECUTE,pending valid,run CAPTURE adapter,COMMIT,RETRY,RETRY,RETRY,FULL,FULL,NONE,clear pending; restore unconsumed source item; no capture ledger write
EVENT_SPECIAL_NATIONAL_0150,COMMIT,operation success,"write ledger, dex, claim count; persist atomically; clear pending",DONE,RETRY,RETRY,RETRY,RETRY,RETRY,ledger+dex+claim only in COMMIT,NONE
EVENT_SPECIAL_NATIONAL_0150,RETRY,cancel/defeat/escape/reset recovery,clear pending; leave encounter/claim available,OFFER,OFFER,OFFER,OFFER,OFFER,OFFER,NONE,clear pending; restore unconsumed source item; no capture ledger write
EVENT_SPECIAL_NATIONAL_0150,FULL,party/PC/queue unavailable,show FULL; consume nothing; clear pending,OFFER,OFFER,OFFER,OFFER,OFFER,OFFER,NONE,clear pending; restore unconsumed source item; no capture ledger write
EVENT_SPECIAL_NATIONAL_0150,DONE,ledger or commit true,show SUCCESS or ALREADY; no duplicate,DONE,DONE,DONE,DONE,DONE,DONE,NONE,NONE
EVENT_SPECIAL_NATIONAL_0151,CHECK_UNLOCK,host interaction,test unlock expression,CHECK_LEDGER,LOCKED,LOCKED,LOCKED,LOCKED,LOCKED,NONE,NONE
EVENT_SPECIAL_NATIONAL_0151,CHECK_LEDGER,unlock true,test shared ledger/dex migration,OFFER,DONE,DONE,DONE,DONE,DONE,NONE,NONE
EVENT_SPECIAL_NATIONAL_0151,OFFER,not already complete,show INTRO; Yes/No,PREPARE,RETRY,RETRY,RETRY,RETRY,RETRY,NONE,NONE
EVENT_SPECIAL_NATIONAL_0151,PREPARE,Yes selected,write pending transaction only; reserve no item/flag,EXECUTE,RETRY,RETRY,RETRY,FULL,FULL,NONE,clear pending; restore unconsumed source item; no capture ledger write
EVENT_SPECIAL_NATIONAL_0151,EXECUTE,pending valid,run CAPTURE adapter,COMMIT,RETRY,RETRY,RETRY,FULL,FULL,NONE,clear pending; restore unconsumed source item; no capture ledger write
EVENT_SPECIAL_NATIONAL_0151,COMMIT,operation success,"write ledger, dex, claim count; persist atomically; clear pending",DONE,RETRY,RETRY,RETRY,RETRY,RETRY,ledger+dex+claim only in COMMIT,NONE
EVENT_SPECIAL_NATIONAL_0151,RETRY,cancel/defeat/escape/reset recovery,clear pending; leave encounter/claim available,OFFER,OFFER,OFFER,OFFER,OFFER,OFFER,NONE,clear pending; restore unconsumed source item; no capture ledger write
EVENT_SPECIAL_NATIONAL_0151,FULL,party/PC/queue unavailable,show FULL; consume nothing; clear pending,OFFER,OFFER,OFFER,OFFER,OFFER,OFFER,NONE,clear pending; restore unconsumed source item; no capture ledger write
EVENT_SPECIAL_NATIONAL_0151,DONE,ledger or commit true,show SUCCESS or ALREADY; no duplicate,DONE,DONE,DONE,DONE,DONE,DONE,NONE,NONE
EVENT_SPECIAL_NATIONAL_0243,CHECK_UNLOCK,host interaction,test unlock expression,CHECK_LEDGER,LOCKED,LOCKED,LOCKED,LOCKED,LOCKED,NONE,NONE
EVENT_SPECIAL_NATIONAL_0243,CHECK_LEDGER,unlock true,test shared ledger/dex migration,OFFER,DONE,DONE,DONE,DONE,DONE,NONE,NONE
EVENT_SPECIAL_NATIONAL_0243,OFFER,not already complete,show INTRO; Yes/No,PREPARE,RETRY,RETRY,RETRY,RETRY,RETRY,NONE,NONE
EVENT_SPECIAL_NATIONAL_0243,PREPARE,Yes selected,write pending transaction only; reserve no item/flag,EXECUTE,RETRY,RETRY,RETRY,FULL,FULL,NONE,clear pending; restore unconsumed source item; no capture ledger write
EVENT_SPECIAL_NATIONAL_0243,EXECUTE,pending valid,run CAPTURE adapter,COMMIT,RETRY,RETRY,RETRY,FULL,FULL,NONE,clear pending; restore unconsumed source item; no capture ledger write
EVENT_SPECIAL_NATIONAL_0243,COMMIT,operation success,"write ledger, dex, claim count; persist atomically; clear pending",DONE,RETRY,RETRY,RETRY,RETRY,RETRY,ledger+dex+claim only in COMMIT,NONE
EVENT_SPECIAL_NATIONAL_0243,RETRY,cancel/defeat/escape/reset recovery,clear pending; leave encounter/claim available,OFFER,OFFER,OFFER,OFFER,OFFER,OFFER,NONE,clear pending; restore unconsumed source item; no capture ledger write
EVENT_SPECIAL_NATIONAL_0243,FULL,party/PC/queue unavailable,show FULL; consume nothing; clear pending,OFFER,OFFER,OFFER,OFFER,OFFER,OFFER,NONE,clear pending; restore unconsumed source item; no capture ledger write
EVENT_SPECIAL_NATIONAL_0243,DONE,ledger or commit true,show SUCCESS or ALREADY; no duplicate,DONE,DONE,DONE,DONE,DONE,DONE,NONE,NONE
EVENT_SPECIAL_NATIONAL_0244,CHECK_UNLOCK,host interaction,test unlock expression,CHECK_LEDGER,LOCKED,LOCKED,LOCKED,LOCKED,LOCKED,NONE,NONE
EVENT_SPECIAL_NATIONAL_0244,CHECK_LEDGER,unlock true,test shared ledger/dex migration,OFFER,DONE,DONE,DONE,DONE,DONE,NONE,NONE
EVENT_SPECIAL_NATIONAL_0244,OFFER,not already complete,show INTRO; Yes/No,PREPARE,RETRY,RETRY,RETRY,RETRY,RETRY,NONE,NONE
EVENT_SPECIAL_NATIONAL_0244,PREPARE,Yes selected,write pending transaction only; reserve no item/flag,EXECUTE,RETRY,RETRY,RETRY,FULL,FULL,NONE,clear pending; restore unconsumed source item; no capture ledger write
EVENT_SPECIAL_NATIONAL_0244,EXECUTE,pending valid,run CAPTURE adapter,COMMIT,RETRY,RETRY,RETRY,FULL,FULL,NONE,clear pending; restore unconsumed source item; no capture ledger write
EVENT_SPECIAL_NATIONAL_0244,COMMIT,operation success,"write ledger, dex, claim count; persist atomically; clear pending",DONE,RETRY,RETRY,RETRY,RETRY,RETRY,ledger+dex+claim only in COMMIT,NONE
EVENT_SPECIAL_NATIONAL_0244,RETRY,cancel/defeat/escape/reset recovery,clear pending; leave encounter/claim available,OFFER,OFFER,OFFER,OFFER,OFFER,OFFER,NONE,clear pending; restore unconsumed source item; no capture ledger write
EVENT_SPECIAL_NATIONAL_0244,FULL,party/PC/queue unavailable,show FULL; consume nothing; clear pending,OFFER,OFFER,OFFER,OFFER,OFFER,OFFER,NONE,clear pending; restore unconsumed source item; no capture ledger write
EVENT_SPECIAL_NATIONAL_0244,DONE,ledger or commit true,show SUCCESS or ALREADY; no duplicate,DONE,DONE,DONE,DONE,DONE,DONE,NONE,NONE
EVENT_SPECIAL_NATIONAL_0245,CHECK_UNLOCK,host interaction,test unlock expression,CHECK_LEDGER,LOCKED,LOCKED,LOCKED,LOCKED,LOCKED,NONE,NONE
EVENT_SPECIAL_NATIONAL_0245,CHECK_LEDGER,unlock true,test shared ledger/dex migration,OFFER,DONE,DONE,DONE,DONE,DONE,NONE,NONE
EVENT_SPECIAL_NATIONAL_0245,OFFER,not already complete,show INTRO; Yes/No,PREPARE,RETRY,RETRY,RETRY,RETRY,RETRY,NONE,NONE
EVENT_SPECIAL_NATIONAL_0245,PREPARE,Yes selected,write pending transaction only; reserve no item/flag,EXECUTE,RETRY,RETRY,RETRY,FULL,FULL,NONE,clear pending; restore unconsumed source item; no capture ledger write
EVENT_SPECIAL_NATIONAL_0245,EXECUTE,pending valid,run CAPTURE adapter,COMMIT,RETRY,RETRY,RETRY,FULL,FULL,NONE,clear pending; restore unconsumed source item; no capture ledger write
EVENT_SPECIAL_NATIONAL_0245,COMMIT,operation success,"write ledger, dex, claim count; persist atomically; clear pending",DONE,RETRY,RETRY,RETRY,RETRY,RETRY,ledger+dex+claim only in COMMIT,NONE
EVENT_SPECIAL_NATIONAL_0245,RETRY,cancel/defeat/escape/reset recovery,clear pending; leave encounter/claim available,OFFER,OFFER,OFFER,OFFER,OFFER,OFFER,NONE,clear pending; restore unconsumed source item; no capture ledger write
EVENT_SPECIAL_NATIONAL_0245,FULL,party/PC/queue unavailable,show FULL; consume nothing; clear pending,OFFER,OFFER,OFFER,OFFER,OFFER,OFFER,NONE,clear pending; restore unconsumed source item; no capture ledger write
EVENT_SPECIAL_NATIONAL_0245,DONE,ledger or commit true,show SUCCESS or ALREADY; no duplicate,DONE,DONE,DONE,DONE,DONE,DONE,NONE,NONE
EVENT_SPECIAL_NATIONAL_0249,CHECK_UNLOCK,host interaction,test unlock expression,CHECK_LEDGER,LOCKED,LOCKED,LOCKED,LOCKED,LOCKED,NONE,NONE
EVENT_SPECIAL_NATIONAL_0249,CHECK_LEDGER,unlock true,test shared ledger/dex migration,OFFER,DONE,DONE,DONE,DONE,DONE,NONE,NONE
EVENT_SPECIAL_NATIONAL_0249,OFFER,not already complete,show INTRO; Yes/No,PREPARE,RETRY,RETRY,RETRY,RETRY,RETRY,NONE,NONE
EVENT_SPECIAL_NATIONAL_0249,PREPARE,Yes selected,write pending transaction only; reserve no item/flag,EXECUTE,RETRY,RETRY,RETRY,FULL,FULL,NONE,clear pending; restore unconsumed source item; no capture ledger write
EVENT_SPECIAL_NATIONAL_0249,EXECUTE,pending valid,run CAPTURE adapter,COMMIT,RETRY,RETRY,RETRY,FULL,FULL,NONE,clear pending; restore unconsumed source item; no capture ledger write
EVENT_SPECIAL_NATIONAL_0249,COMMIT,operation success,"write ledger, dex, claim count; persist atomically; clear pending",DONE,RETRY,RETRY,RETRY,RETRY,RETRY,ledger+dex+claim only in COMMIT,NONE
EVENT_SPECIAL_NATIONAL_0249,RETRY,cancel/defeat/escape/reset recovery,clear pending; leave encounter/claim available,OFFER,OFFER,OFFER,OFFER,OFFER,OFFER,NONE,clear pending; restore unconsumed source item; no capture ledger write
EVENT_SPECIAL_NATIONAL_0249,FULL,party/PC/queue unavailable,show FULL; consume nothing; clear pending,OFFER,OFFER,OFFER,OFFER,OFFER,OFFER,NONE,clear pending; restore unconsumed source item; no capture ledger write
EVENT_SPECIAL_NATIONAL_0249,DONE,ledger or commit true,show SUCCESS or ALREADY; no duplicate,DONE,DONE,DONE,DONE,DONE,DONE,NONE,NONE
EVENT_SPECIAL_NATIONAL_0250,CHECK_UNLOCK,host interaction,test unlock expression,CHECK_LEDGER,LOCKED,LOCKED,LOCKED,LOCKED,LOCKED,NONE,NONE
EVENT_SPECIAL_NATIONAL_0250,CHECK_LEDGER,unlock true,test shared ledger/dex migration,OFFER,DONE,DONE,DONE,DONE,DONE,NONE,NONE
EVENT_SPECIAL_NATIONAL_0250,OFFER,not already complete,show INTRO; Yes/No,PREPARE,RETRY,RETRY,RETRY,RETRY,RETRY,NONE,NONE
EVENT_SPECIAL_NATIONAL_0250,PREPARE,Yes selected,write pending transaction only; reserve no item/flag,EXECUTE,RETRY,RETRY,RETRY,FULL,FULL,NONE,clear pending; restore unconsumed source item; no capture ledger write
EVENT_SPECIAL_NATIONAL_0250,EXECUTE,pending valid,run CAPTURE adapter,COMMIT,RETRY,RETRY,RETRY,FULL,FULL,NONE,clear pending; restore unconsumed source item; no capture ledger write
EVENT_SPECIAL_NATIONAL_0250,COMMIT,operation success,"write ledger, dex, claim count; persist atomically; clear pending",DONE,RETRY,RETRY,RETRY,RETRY,RETRY,ledger+dex+claim only in COMMIT,NONE
EVENT_SPECIAL_NATIONAL_0250,RETRY,cancel/defeat/escape/reset recovery,clear pending; leave encounter/claim available,OFFER,OFFER,OFFER,OFFER,OFFER,OFFER,NONE,clear pending; restore unconsumed source item; no capture ledger write
EVENT_SPECIAL_NATIONAL_0250,FULL,party/PC/queue unavailable,show FULL; consume nothing; clear pending,OFFER,OFFER,OFFER,OFFER,OFFER,OFFER,NONE,clear pending; restore unconsumed source item; no capture ledger write
EVENT_SPECIAL_NATIONAL_0250,DONE,ledger or commit true,show SUCCESS or ALREADY; no duplicate,DONE,DONE,DONE,DONE,DONE,DONE,NONE,NONE
EVENT_SPECIAL_NATIONAL_0251,CHECK_UNLOCK,host interaction,test unlock expression,CHECK_LEDGER,LOCKED,LOCKED,LOCKED,LOCKED,LOCKED,NONE,NONE
EVENT_SPECIAL_NATIONAL_0251,CHECK_LEDGER,unlock true,test shared ledger/dex migration,OFFER,DONE,DONE,DONE,DONE,DONE,NONE,NONE
EVENT_SPECIAL_NATIONAL_0251,OFFER,not already complete,show INTRO; Yes/No,PREPARE,RETRY,RETRY,RETRY,RETRY,RETRY,NONE,NONE
EVENT_SPECIAL_NATIONAL_0251,PREPARE,Yes selected,write pending transaction only; reserve no item/flag,EXECUTE,RETRY,RETRY,RETRY,FULL,FULL,NONE,clear pending; restore unconsumed source item; no capture ledger write
EVENT_SPECIAL_NATIONAL_0251,EXECUTE,pending valid,run CAPTURE adapter,COMMIT,RETRY,RETRY,RETRY,FULL,FULL,NONE,clear pending; restore unconsumed source item; no capture ledger write
EVENT_SPECIAL_NATIONAL_0251,COMMIT,operation success,"write ledger, dex, claim count; persist atomically; clear pending",DONE,RETRY,RETRY,RETRY,RETRY,RETRY,ledger+dex+claim only in COMMIT,NONE
EVENT_SPECIAL_NATIONAL_0251,RETRY,cancel/defeat/escape/reset recovery,clear pending; leave encounter/claim available,OFFER,OFFER,OFFER,OFFER,OFFER,OFFER,NONE,clear pending; restore unconsumed source item; no capture ledger write
EVENT_SPECIAL_NATIONAL_0251,FULL,party/PC/queue unavailable,show FULL; consume nothing; clear pending,OFFER,OFFER,OFFER,OFFER,OFFER,OFFER,NONE,clear pending; restore unconsumed source item; no capture ledger write
EVENT_SPECIAL_NATIONAL_0251,DONE,ledger or commit true,show SUCCESS or ALREADY; no duplicate,DONE,DONE,DONE,DONE,DONE,DONE,NONE,NONE
EVENT_SPECIAL_NATIONAL_0377,CHECK_UNLOCK,host interaction,test unlock expression,CHECK_LEDGER,LOCKED,LOCKED,LOCKED,LOCKED,LOCKED,NONE,NONE
EVENT_SPECIAL_NATIONAL_0377,CHECK_LEDGER,unlock true,test shared ledger/dex migration,OFFER,DONE,DONE,DONE,DONE,DONE,NONE,NONE
EVENT_SPECIAL_NATIONAL_0377,OFFER,not already complete,show INTRO; Yes/No,PREPARE,RETRY,RETRY,RETRY,RETRY,RETRY,NONE,NONE
EVENT_SPECIAL_NATIONAL_0377,PREPARE,Yes selected,write pending transaction only; reserve no item/flag,EXECUTE,RETRY,RETRY,RETRY,FULL,FULL,NONE,clear pending; restore unconsumed source item; no capture ledger write
EVENT_SPECIAL_NATIONAL_0377,EXECUTE,pending valid,run CAPTURE adapter,COMMIT,RETRY,RETRY,RETRY,FULL,FULL,NONE,clear pending; restore unconsumed source item; no capture ledger write
EVENT_SPECIAL_NATIONAL_0377,COMMIT,operation success,"write ledger, dex, claim count; persist atomically; clear pending",DONE,RETRY,RETRY,RETRY,RETRY,RETRY,ledger+dex+claim only in COMMIT,NONE
EVENT_SPECIAL_NATIONAL_0377,RETRY,cancel/defeat/escape/reset recovery,clear pending; leave encounter/claim available,OFFER,OFFER,OFFER,OFFER,OFFER,OFFER,NONE,clear pending; restore unconsumed source item; no capture ledger write
EVENT_SPECIAL_NATIONAL_0377,FULL,party/PC/queue unavailable,show FULL; consume nothing; clear pending,OFFER,OFFER,OFFER,OFFER,OFFER,OFFER,NONE,clear pending; restore unconsumed source item; no capture ledger write
EVENT_SPECIAL_NATIONAL_0377,DONE,ledger or commit true,show SUCCESS or ALREADY; no duplicate,DONE,DONE,DONE,DONE,DONE,DONE,NONE,NONE
EVENT_SPECIAL_NATIONAL_0378,CHECK_UNLOCK,host interaction,test unlock expression,CHECK_LEDGER,LOCKED,LOCKED,LOCKED,LOCKED,LOCKED,NONE,NONE
EVENT_SPECIAL_NATIONAL_0378,CHECK_LEDGER,unlock true,test shared ledger/dex migration,OFFER,DONE,DONE,DONE,DONE,DONE,NONE,NONE
EVENT_SPECIAL_NATIONAL_0378,OFFER,not already complete,show INTRO; Yes/No,PREPARE,RETRY,RETRY,RETRY,RETRY,RETRY,NONE,NONE
EVENT_SPECIAL_NATIONAL_0378,PREPARE,Yes selected,write pending transaction only; reserve no item/flag,EXECUTE,RETRY,RETRY,RETRY,FULL,FULL,NONE,clear pending; restore unconsumed source item; no capture ledger write
EVENT_SPECIAL_NATIONAL_0378,EXECUTE,pending valid,run CAPTURE adapter,COMMIT,RETRY,RETRY,RETRY,FULL,FULL,NONE,clear pending; restore unconsumed source item; no capture ledger write
EVENT_SPECIAL_NATIONAL_0378,COMMIT,operation success,"write ledger, dex, claim count; persist atomically; clear pending",DONE,RETRY,RETRY,RETRY,RETRY,RETRY,ledger+dex+claim only in COMMIT,NONE
EVENT_SPECIAL_NATIONAL_0378,RETRY,cancel/defeat/escape/reset recovery,clear pending; leave encounter/claim available,OFFER,OFFER,OFFER,OFFER,OFFER,OFFER,NONE,clear pending; restore unconsumed source item; no capture ledger write
EVENT_SPECIAL_NATIONAL_0378,FULL,party/PC/queue unavailable,show FULL; consume nothing; clear pending,OFFER,OFFER,OFFER,OFFER,OFFER,OFFER,NONE,clear pending; restore unconsumed source item; no capture ledger write
EVENT_SPECIAL_NATIONAL_0378,DONE,ledger or commit true,show SUCCESS or ALREADY; no duplicate,DONE,DONE,DONE,DONE,DONE,DONE,NONE,NONE
EVENT_SPECIAL_NATIONAL_0379,CHECK_UNLOCK,host interaction,test unlock expression,CHECK_LEDGER,LOCKED,LOCKED,LOCKED,LOCKED,LOCKED,NONE,NONE
EVENT_SPECIAL_NATIONAL_0379,CHECK_LEDGER,unlock true,test shared ledger/dex migration,OFFER,DONE,DONE,DONE,DONE,DONE,NONE,NONE
EVENT_SPECIAL_NATIONAL_0379,OFFER,not already complete,show INTRO; Yes/No,PREPARE,RETRY,RETRY,RETRY,RETRY,RETRY,NONE,NONE
EVENT_SPECIAL_NATIONAL_0379,PREPARE,Yes selected,write pending transaction only; reserve no item/flag,EXECUTE,RETRY,RETRY,RETRY,FULL,FULL,NONE,clear pending; restore unconsumed source item; no capture ledger write
EVENT_SPECIAL_NATIONAL_0379,EXECUTE,pending valid,run CAPTURE adapter,COMMIT,RETRY,RETRY,RETRY,FULL,FULL,NONE,clear pending; restore unconsumed source item; no capture ledger write
EVENT_SPECIAL_NATIONAL_0379,COMMIT,operation success,"write ledger, dex, claim count; persist atomically; clear pending",DONE,RETRY,RETRY,RETRY,RETRY,RETRY,ledger+dex+claim only in COMMIT,NONE
EVENT_SPECIAL_NATIONAL_0379,RETRY,cancel/defeat/escape/reset recovery,clear pending; leave encounter/claim available,OFFER,OFFER,OFFER,OFFER,OFFER,OFFER,NONE,clear pending; restore unconsumed source item; no capture ledger write
EVENT_SPECIAL_NATIONAL_0379,FULL,party/PC/queue unavailable,show FULL; consume nothing; clear pending,OFFER,OFFER,OFFER,OFFER,OFFER,OFFER,NONE,clear pending; restore unconsumed source item; no capture ledger write
EVENT_SPECIAL_NATIONAL_0379,DONE,ledger or commit true,show SUCCESS or ALREADY; no duplicate,DONE,DONE,DONE,DONE,DONE,DONE,NONE,NONE
EVENT_SPECIAL_NATIONAL_0380,CHECK_UNLOCK,host interaction,test unlock expression,CHECK_LEDGER,LOCKED,LOCKED,LOCKED,LOCKED,LOCKED,NONE,NONE
EVENT_SPECIAL_NATIONAL_0380,CHECK_LEDGER,unlock true,test shared ledger/dex migration,OFFER,DONE,DONE,DONE,DONE,DONE,NONE,NONE
EVENT_SPECIAL_NATIONAL_0380,OFFER,not already complete,show INTRO; Yes/No,PREPARE,RETRY,RETRY,RETRY,RETRY,RETRY,NONE,NONE
EVENT_SPECIAL_NATIONAL_0380,PREPARE,Yes selected,write pending transaction only; reserve no item/flag,EXECUTE,RETRY,RETRY,RETRY,FULL,FULL,NONE,clear pending; restore unconsumed source item; no capture ledger write
EVENT_SPECIAL_NATIONAL_0380,EXECUTE,pending valid,run CAPTURE adapter,COMMIT,RETRY,RETRY,RETRY,FULL,FULL,NONE,clear pending; restore unconsumed source item; no capture ledger write
EVENT_SPECIAL_NATIONAL_0380,COMMIT,operation success,"write ledger, dex, claim count; persist atomically; clear pending",DONE,RETRY,RETRY,RETRY,RETRY,RETRY,ledger+dex+claim only in COMMIT,NONE
EVENT_SPECIAL_NATIONAL_0380,RETRY,cancel/defeat/escape/reset recovery,clear pending; leave encounter/claim available,OFFER,OFFER,OFFER,OFFER,OFFER,OFFER,NONE,clear pending; restore unconsumed source item; no capture ledger write
EVENT_SPECIAL_NATIONAL_0380,FULL,party/PC/queue unavailable,show FULL; consume nothing; clear pending,OFFER,OFFER,OFFER,OFFER,OFFER,OFFER,NONE,clear pending; restore unconsumed source item; no capture ledger write
EVENT_SPECIAL_NATIONAL_0380,DONE,ledger or commit true,show SUCCESS or ALREADY; no duplicate,DONE,DONE,DONE,DONE,DONE,DONE,NONE,NONE
EVENT_SPECIAL_NATIONAL_0381,CHECK_UNLOCK,host interaction,test unlock expression,CHECK_LEDGER,LOCKED,LOCKED,LOCKED,LOCKED,LOCKED,NONE,NONE
EVENT_SPECIAL_NATIONAL_0381,CHECK_LEDGER,unlock true,test shared ledger/dex migration,OFFER,DONE,DONE,DONE,DONE,DONE,NONE,NONE
EVENT_SPECIAL_NATIONAL_0381,OFFER,not already complete,show INTRO; Yes/No,PREPARE,RETRY,RETRY,RETRY,RETRY,RETRY,NONE,NONE
EVENT_SPECIAL_NATIONAL_0381,PREPARE,Yes selected,write pending transaction only; reserve no item/flag,EXECUTE,RETRY,RETRY,RETRY,FULL,FULL,NONE,clear pending; restore unconsumed source item; no capture ledger write
EVENT_SPECIAL_NATIONAL_0381,EXECUTE,pending valid,run CAPTURE adapter,COMMIT,RETRY,RETRY,RETRY,FULL,FULL,NONE,clear pending; restore unconsumed source item; no capture ledger write
EVENT_SPECIAL_NATIONAL_0381,COMMIT,operation success,"write ledger, dex, claim count; persist atomically; clear pending",DONE,RETRY,RETRY,RETRY,RETRY,RETRY,ledger+dex+claim only in COMMIT,NONE
EVENT_SPECIAL_NATIONAL_0381,RETRY,cancel/defeat/escape/reset recovery,clear pending; leave encounter/claim available,OFFER,OFFER,OFFER,OFFER,OFFER,OFFER,NONE,clear pending; restore unconsumed source item; no capture ledger write
EVENT_SPECIAL_NATIONAL_0381,FULL,party/PC/queue unavailable,show FULL; consume nothing; clear pending,OFFER,OFFER,OFFER,OFFER,OFFER,OFFER,NONE,clear pending; restore unconsumed source item; no capture ledger write
EVENT_SPECIAL_NATIONAL_0381,DONE,ledger or commit true,show SUCCESS or ALREADY; no duplicate,DONE,DONE,DONE,DONE,DONE,DONE,NONE,NONE
EVENT_SPECIAL_NATIONAL_0382,CHECK_UNLOCK,host interaction,test unlock expression,CHECK_LEDGER,LOCKED,LOCKED,LOCKED,LOCKED,LOCKED,NONE,NONE
EVENT_SPECIAL_NATIONAL_0382,CHECK_LEDGER,unlock true,test shared ledger/dex migration,OFFER,DONE,DONE,DONE,DONE,DONE,NONE,NONE
EVENT_SPECIAL_NATIONAL_0382,OFFER,not already complete,show INTRO; Yes/No,PREPARE,RETRY,RETRY,RETRY,RETRY,RETRY,NONE,NONE
EVENT_SPECIAL_NATIONAL_0382,PREPARE,Yes selected,write pending transaction only; reserve no item/flag,EXECUTE,RETRY,RETRY,RETRY,FULL,FULL,NONE,clear pending; restore unconsumed source item; no capture ledger write
EVENT_SPECIAL_NATIONAL_0382,EXECUTE,pending valid,run CAPTURE adapter,COMMIT,RETRY,RETRY,RETRY,FULL,FULL,NONE,clear pending; restore unconsumed source item; no capture ledger write
EVENT_SPECIAL_NATIONAL_0382,COMMIT,operation success,"write ledger, dex, claim count; persist atomically; clear pending",DONE,RETRY,RETRY,RETRY,RETRY,RETRY,ledger+dex+claim only in COMMIT,NONE
EVENT_SPECIAL_NATIONAL_0382,RETRY,cancel/defeat/escape/reset recovery,clear pending; leave encounter/claim available,OFFER,OFFER,OFFER,OFFER,OFFER,OFFER,NONE,clear pending; restore unconsumed source item; no capture ledger write
EVENT_SPECIAL_NATIONAL_0382,FULL,party/PC/queue unavailable,show FULL; consume nothing; clear pending,OFFER,OFFER,OFFER,OFFER,OFFER,OFFER,NONE,clear pending; restore unconsumed source item; no capture ledger write
EVENT_SPECIAL_NATIONAL_0382,DONE,ledger or commit true,show SUCCESS or ALREADY; no duplicate,DONE,DONE,DONE,DONE,DONE,DONE,NONE,NONE
EVENT_SPECIAL_NATIONAL_0383,CHECK_UNLOCK,host interaction,test unlock expression,CHECK_LEDGER,LOCKED,LOCKED,LOCKED,LOCKED,LOCKED,NONE,NONE
EVENT_SPECIAL_NATIONAL_0383,CHECK_LEDGER,unlock true,test shared ledger/dex migration,OFFER,DONE,DONE,DONE,DONE,DONE,NONE,NONE
EVENT_SPECIAL_NATIONAL_0383,OFFER,not already complete,show INTRO; Yes/No,PREPARE,RETRY,RETRY,RETRY,RETRY,RETRY,NONE,NONE
EVENT_SPECIAL_NATIONAL_0383,PREPARE,Yes selected,write pending transaction only; reserve no item/flag,EXECUTE,RETRY,RETRY,RETRY,FULL,FULL,NONE,clear pending; restore unconsumed source item; no capture ledger write
EVENT_SPECIAL_NATIONAL_0383,EXECUTE,pending valid,run CAPTURE adapter,COMMIT,RETRY,RETRY,RETRY,FULL,FULL,NONE,clear pending; restore unconsumed source item; no capture ledger write
EVENT_SPECIAL_NATIONAL_0383,COMMIT,operation success,"write ledger, dex, claim count; persist atomically; clear pending",DONE,RETRY,RETRY,RETRY,RETRY,RETRY,ledger+dex+claim only in COMMIT,NONE
EVENT_SPECIAL_NATIONAL_0383,RETRY,cancel/defeat/escape/reset recovery,clear pending; leave encounter/claim available,OFFER,OFFER,OFFER,OFFER,OFFER,OFFER,NONE,clear pending; restore unconsumed source item; no capture ledger write
EVENT_SPECIAL_NATIONAL_0383,FULL,party/PC/queue unavailable,show FULL; consume nothing; clear pending,OFFER,OFFER,OFFER,OFFER,OFFER,OFFER,NONE,clear pending; restore unconsumed source item; no capture ledger write
EVENT_SPECIAL_NATIONAL_0383,DONE,ledger or commit true,show SUCCESS or ALREADY; no duplicate,DONE,DONE,DONE,DONE,DONE,DONE,NONE,NONE
EVENT_SPECIAL_NATIONAL_0384,CHECK_UNLOCK,host interaction,test unlock expression,CHECK_LEDGER,LOCKED,LOCKED,LOCKED,LOCKED,LOCKED,NONE,NONE
EVENT_SPECIAL_NATIONAL_0384,CHECK_LEDGER,unlock true,test shared ledger/dex migration,OFFER,DONE,DONE,DONE,DONE,DONE,NONE,NONE
EVENT_SPECIAL_NATIONAL_0384,OFFER,not already complete,show INTRO; Yes/No,PREPARE,RETRY,RETRY,RETRY,RETRY,RETRY,NONE,NONE
EVENT_SPECIAL_NATIONAL_0384,PREPARE,Yes selected,write pending transaction only; reserve no item/flag,EXECUTE,RETRY,RETRY,RETRY,FULL,FULL,NONE,clear pending; restore unconsumed source item; no capture ledger write
EVENT_SPECIAL_NATIONAL_0384,EXECUTE,pending valid,run CAPTURE adapter,COMMIT,RETRY,RETRY,RETRY,FULL,FULL,NONE,clear pending; restore unconsumed source item; no capture ledger write
EVENT_SPECIAL_NATIONAL_0384,COMMIT,operation success,"write ledger, dex, claim count; persist atomically; clear pending",DONE,RETRY,RETRY,RETRY,RETRY,RETRY,ledger+dex+claim only in COMMIT,NONE
EVENT_SPECIAL_NATIONAL_0384,RETRY,cancel/defeat/escape/reset recovery,clear pending; leave encounter/claim available,OFFER,OFFER,OFFER,OFFER,OFFER,OFFER,NONE,clear pending; restore unconsumed source item; no capture ledger write
EVENT_SPECIAL_NATIONAL_0384,FULL,party/PC/queue unavailable,show FULL; consume nothing; clear pending,OFFER,OFFER,OFFER,OFFER,OFFER,OFFER,NONE,clear pending; restore unconsumed source item; no capture ledger write
EVENT_SPECIAL_NATIONAL_0384,DONE,ledger or commit true,show SUCCESS or ALREADY; no duplicate,DONE,DONE,DONE,DONE,DONE,DONE,NONE,NONE
EVENT_SPECIAL_NATIONAL_0385,CHECK_UNLOCK,host interaction,test unlock expression,CHECK_LEDGER,LOCKED,LOCKED,LOCKED,LOCKED,LOCKED,NONE,NONE
EVENT_SPECIAL_NATIONAL_0385,CHECK_LEDGER,unlock true,test shared ledger/dex migration,OFFER,DONE,DONE,DONE,DONE,DONE,NONE,NONE
EVENT_SPECIAL_NATIONAL_0385,OFFER,not already complete,show INTRO; Yes/No,PREPARE,RETRY,RETRY,RETRY,RETRY,RETRY,NONE,NONE
EVENT_SPECIAL_NATIONAL_0385,PREPARE,Yes selected,write pending transaction only; reserve no item/flag,EXECUTE,RETRY,RETRY,RETRY,FULL,FULL,NONE,clear pending; restore unconsumed source item; no capture ledger write
EVENT_SPECIAL_NATIONAL_0385,EXECUTE,pending valid,run CAPTURE adapter,COMMIT,RETRY,RETRY,RETRY,FULL,FULL,NONE,clear pending; restore unconsumed source item; no capture ledger write
EVENT_SPECIAL_NATIONAL_0385,COMMIT,operation success,"write ledger, dex, claim count; persist atomically; clear pending",DONE,RETRY,RETRY,RETRY,RETRY,RETRY,ledger+dex+claim only in COMMIT,NONE
EVENT_SPECIAL_NATIONAL_0385,RETRY,cancel/defeat/escape/reset recovery,clear pending; leave encounter/claim available,OFFER,OFFER,OFFER,OFFER,OFFER,OFFER,NONE,clear pending; restore unconsumed source item; no capture ledger write
EVENT_SPECIAL_NATIONAL_0385,FULL,party/PC/queue unavailable,show FULL; consume nothing; clear pending,OFFER,OFFER,OFFER,OFFER,OFFER,OFFER,NONE,clear pending; restore unconsumed source item; no capture ledger write
EVENT_SPECIAL_NATIONAL_0385,DONE,ledger or commit true,show SUCCESS or ALREADY; no duplicate,DONE,DONE,DONE,DONE,DONE,DONE,NONE,NONE
EVENT_SPECIAL_NATIONAL_0386,CHECK_UNLOCK,host interaction,test unlock expression,CHECK_LEDGER,LOCKED,LOCKED,LOCKED,LOCKED,LOCKED,NONE,NONE
EVENT_SPECIAL_NATIONAL_0386,CHECK_LEDGER,unlock true,test shared ledger/dex migration,OFFER,DONE,DONE,DONE,DONE,DONE,NONE,NONE
EVENT_SPECIAL_NATIONAL_0386,OFFER,not already complete,show INTRO; Yes/No,PREPARE,RETRY,RETRY,RETRY,RETRY,RETRY,NONE,NONE
EVENT_SPECIAL_NATIONAL_0386,PREPARE,Yes selected,write pending transaction only; reserve no item/flag,EXECUTE,RETRY,RETRY,RETRY,FULL,FULL,NONE,clear pending; restore unconsumed source item; no capture ledger write
EVENT_SPECIAL_NATIONAL_0386,EXECUTE,pending valid,run CAPTURE adapter,COMMIT,RETRY,RETRY,RETRY,FULL,FULL,NONE,clear pending; restore unconsumed source item; no capture ledger write
EVENT_SPECIAL_NATIONAL_0386,COMMIT,operation success,"write ledger, dex, claim count; persist atomically; clear pending",DONE,RETRY,RETRY,RETRY,RETRY,RETRY,ledger+dex+claim only in COMMIT,NONE
EVENT_SPECIAL_NATIONAL_0386,RETRY,cancel/defeat/escape/reset recovery,clear pending; leave encounter/claim available,OFFER,OFFER,OFFER,OFFER,OFFER,OFFER,NONE,clear pending; restore unconsumed source item; no capture ledger write
EVENT_SPECIAL_NATIONAL_0386,FULL,party/PC/queue unavailable,show FULL; consume nothing; clear pending,OFFER,OFFER,OFFER,OFFER,OFFER,OFFER,NONE,clear pending; restore unconsumed source item; no capture ledger write
EVENT_SPECIAL_NATIONAL_0386,DONE,ledger or commit true,show SUCCESS or ALREADY; no duplicate,DONE,DONE,DONE,DONE,DONE,DONE,NONE,NONE
EVENT_SPECIAL_NATIONAL_0480,CHECK_UNLOCK,host interaction,test unlock expression,CHECK_LEDGER,LOCKED,LOCKED,LOCKED,LOCKED,LOCKED,NONE,NONE
EVENT_SPECIAL_NATIONAL_0480,CHECK_LEDGER,unlock true,test shared ledger/dex migration,OFFER,DONE,DONE,DONE,DONE,DONE,NONE,NONE
EVENT_SPECIAL_NATIONAL_0480,OFFER,not already complete,show INTRO; Yes/No,PREPARE,RETRY,RETRY,RETRY,RETRY,RETRY,NONE,NONE
EVENT_SPECIAL_NATIONAL_0480,PREPARE,Yes selected,write pending transaction only; reserve no item/flag,EXECUTE,RETRY,RETRY,RETRY,FULL,FULL,NONE,clear pending; restore unconsumed source item; no capture ledger write
EVENT_SPECIAL_NATIONAL_0480,EXECUTE,pending valid,run CAPTURE adapter,COMMIT,RETRY,RETRY,RETRY,FULL,FULL,NONE,clear pending; restore unconsumed source item; no capture ledger write
EVENT_SPECIAL_NATIONAL_0480,COMMIT,operation success,"write ledger, dex, claim count; persist atomically; clear pending",DONE,RETRY,RETRY,RETRY,RETRY,RETRY,ledger+dex+claim only in COMMIT,NONE
EVENT_SPECIAL_NATIONAL_0480,RETRY,cancel/defeat/escape/reset recovery,clear pending; leave encounter/claim available,OFFER,OFFER,OFFER,OFFER,OFFER,OFFER,NONE,clear pending; restore unconsumed source item; no capture ledger write
EVENT_SPECIAL_NATIONAL_0480,FULL,party/PC/queue unavailable,show FULL; consume nothing; clear pending,OFFER,OFFER,OFFER,OFFER,OFFER,OFFER,NONE,clear pending; restore unconsumed source item; no capture ledger write
EVENT_SPECIAL_NATIONAL_0480,DONE,ledger or commit true,show SUCCESS or ALREADY; no duplicate,DONE,DONE,DONE,DONE,DONE,DONE,NONE,NONE
EVENT_SPECIAL_NATIONAL_0481,CHECK_UNLOCK,host interaction,test unlock expression,CHECK_LEDGER,LOCKED,LOCKED,LOCKED,LOCKED,LOCKED,NONE,NONE
EVENT_SPECIAL_NATIONAL_0481,CHECK_LEDGER,unlock true,test shared ledger/dex migration,OFFER,DONE,DONE,DONE,DONE,DONE,NONE,NONE
EVENT_SPECIAL_NATIONAL_0481,OFFER,not already complete,show INTRO; Yes/No,PREPARE,RETRY,RETRY,RETRY,RETRY,RETRY,NONE,NONE
EVENT_SPECIAL_NATIONAL_0481,PREPARE,Yes selected,write pending transaction only; reserve no item/flag,EXECUTE,RETRY,RETRY,RETRY,FULL,FULL,NONE,clear pending; restore unconsumed source item; no capture ledger write
EVENT_SPECIAL_NATIONAL_0481,EXECUTE,pending valid,run CAPTURE adapter,COMMIT,RETRY,RETRY,RETRY,FULL,FULL,NONE,clear pending; restore unconsumed source item; no capture ledger write
EVENT_SPECIAL_NATIONAL_0481,COMMIT,operation success,"write ledger, dex, claim count; persist atomically; clear pending",DONE,RETRY,RETRY,RETRY,RETRY,RETRY,ledger+dex+claim only in COMMIT,NONE
EVENT_SPECIAL_NATIONAL_0481,RETRY,cancel/defeat/escape/reset recovery,clear pending; leave encounter/claim available,OFFER,OFFER,OFFER,OFFER,OFFER,OFFER,NONE,clear pending; restore unconsumed source item; no capture ledger write
EVENT_SPECIAL_NATIONAL_0481,FULL,party/PC/queue unavailable,show FULL; consume nothing; clear pending,OFFER,OFFER,OFFER,OFFER,OFFER,OFFER,NONE,clear pending; restore unconsumed source item; no capture ledger write
EVENT_SPECIAL_NATIONAL_0481,DONE,ledger or commit true,show SUCCESS or ALREADY; no duplicate,DONE,DONE,DONE,DONE,DONE,DONE,NONE,NONE
EVENT_SPECIAL_NATIONAL_0482,CHECK_UNLOCK,host interaction,test unlock expression,CHECK_LEDGER,LOCKED,LOCKED,LOCKED,LOCKED,LOCKED,NONE,NONE
EVENT_SPECIAL_NATIONAL_0482,CHECK_LEDGER,unlock true,test shared ledger/dex migration,OFFER,DONE,DONE,DONE,DONE,DONE,NONE,NONE
EVENT_SPECIAL_NATIONAL_0482,OFFER,not already complete,show INTRO; Yes/No,PREPARE,RETRY,RETRY,RETRY,RETRY,RETRY,NONE,NONE
EVENT_SPECIAL_NATIONAL_0482,PREPARE,Yes selected,write pending transaction only; reserve no item/flag,EXECUTE,RETRY,RETRY,RETRY,FULL,FULL,NONE,clear pending; restore unconsumed source item; no capture ledger write
EVENT_SPECIAL_NATIONAL_0482,EXECUTE,pending valid,run CAPTURE adapter,COMMIT,RETRY,RETRY,RETRY,FULL,FULL,NONE,clear pending; restore unconsumed source item; no capture ledger write
EVENT_SPECIAL_NATIONAL_0482,COMMIT,operation success,"write ledger, dex, claim count; persist atomically; clear pending",DONE,RETRY,RETRY,RETRY,RETRY,RETRY,ledger+dex+claim only in COMMIT,NONE
EVENT_SPECIAL_NATIONAL_0482,RETRY,cancel/defeat/escape/reset recovery,clear pending; leave encounter/claim available,OFFER,OFFER,OFFER,OFFER,OFFER,OFFER,NONE,clear pending; restore unconsumed source item; no capture ledger write
EVENT_SPECIAL_NATIONAL_0482,FULL,party/PC/queue unavailable,show FULL; consume nothing; clear pending,OFFER,OFFER,OFFER,OFFER,OFFER,OFFER,NONE,clear pending; restore unconsumed source item; no capture ledger write
EVENT_SPECIAL_NATIONAL_0482,DONE,ledger or commit true,show SUCCESS or ALREADY; no duplicate,DONE,DONE,DONE,DONE,DONE,DONE,NONE,NONE
EVENT_SPECIAL_NATIONAL_0483,CHECK_UNLOCK,host interaction,test unlock expression,CHECK_LEDGER,LOCKED,LOCKED,LOCKED,LOCKED,LOCKED,NONE,NONE
EVENT_SPECIAL_NATIONAL_0483,CHECK_LEDGER,unlock true,test shared ledger/dex migration,OFFER,DONE,DONE,DONE,DONE,DONE,NONE,NONE
EVENT_SPECIAL_NATIONAL_0483,OFFER,not already complete,show INTRO; Yes/No,PREPARE,RETRY,RETRY,RETRY,RETRY,RETRY,NONE,NONE
EVENT_SPECIAL_NATIONAL_0483,PREPARE,Yes selected,write pending transaction only; reserve no item/flag,EXECUTE,RETRY,RETRY,RETRY,FULL,FULL,NONE,clear pending; restore unconsumed source item; no capture ledger write
EVENT_SPECIAL_NATIONAL_0483,EXECUTE,pending valid,run CAPTURE adapter,COMMIT,RETRY,RETRY,RETRY,FULL,FULL,NONE,clear pending; restore unconsumed source item; no capture ledger write
EVENT_SPECIAL_NATIONAL_0483,COMMIT,operation success,"write ledger, dex, claim count; persist atomically; clear pending",DONE,RETRY,RETRY,RETRY,RETRY,RETRY,ledger+dex+claim only in COMMIT,NONE
EVENT_SPECIAL_NATIONAL_0483,RETRY,cancel/defeat/escape/reset recovery,clear pending; leave encounter/claim available,OFFER,OFFER,OFFER,OFFER,OFFER,OFFER,NONE,clear pending; restore unconsumed source item; no capture ledger write
EVENT_SPECIAL_NATIONAL_0483,FULL,party/PC/queue unavailable,show FULL; consume nothing; clear pending,OFFER,OFFER,OFFER,OFFER,OFFER,OFFER,NONE,clear pending; restore unconsumed source item; no capture ledger write
EVENT_SPECIAL_NATIONAL_0483,DONE,ledger or commit true,show SUCCESS or ALREADY; no duplicate,DONE,DONE,DONE,DONE,DONE,DONE,NONE,NONE
EVENT_SPECIAL_NATIONAL_0484,CHECK_UNLOCK,host interaction,test unlock expression,CHECK_LEDGER,LOCKED,LOCKED,LOCKED,LOCKED,LOCKED,NONE,NONE
EVENT_SPECIAL_NATIONAL_0484,CHECK_LEDGER,unlock true,test shared ledger/dex migration,OFFER,DONE,DONE,DONE,DONE,DONE,NONE,NONE
EVENT_SPECIAL_NATIONAL_0484,OFFER,not already complete,show INTRO; Yes/No,PREPARE,RETRY,RETRY,RETRY,RETRY,RETRY,NONE,NONE
EVENT_SPECIAL_NATIONAL_0484,PREPARE,Yes selected,write pending transaction only; reserve no item/flag,EXECUTE,RETRY,RETRY,RETRY,FULL,FULL,NONE,clear pending; restore unconsumed source item; no capture ledger write
EVENT_SPECIAL_NATIONAL_0484,EXECUTE,pending valid,run CAPTURE adapter,COMMIT,RETRY,RETRY,RETRY,FULL,FULL,NONE,clear pending; restore unconsumed source item; no capture ledger write
EVENT_SPECIAL_NATIONAL_0484,COMMIT,operation success,"write ledger, dex, claim count; persist atomically; clear pending",DONE,RETRY,RETRY,RETRY,RETRY,RETRY,ledger+dex+claim only in COMMIT,NONE
EVENT_SPECIAL_NATIONAL_0484,RETRY,cancel/defeat/escape/reset recovery,clear pending; leave encounter/claim available,OFFER,OFFER,OFFER,OFFER,OFFER,OFFER,NONE,clear pending; restore unconsumed source item; no capture ledger write
EVENT_SPECIAL_NATIONAL_0484,FULL,party/PC/queue unavailable,show FULL; consume nothing; clear pending,OFFER,OFFER,OFFER,OFFER,OFFER,OFFER,NONE,clear pending; restore unconsumed source item; no capture ledger write
EVENT_SPECIAL_NATIONAL_0484,DONE,ledger or commit true,show SUCCESS or ALREADY; no duplicate,DONE,DONE,DONE,DONE,DONE,DONE,NONE,NONE
EVENT_SPECIAL_NATIONAL_0485,CHECK_UNLOCK,host interaction,test unlock expression,CHECK_LEDGER,LOCKED,LOCKED,LOCKED,LOCKED,LOCKED,NONE,NONE
EVENT_SPECIAL_NATIONAL_0485,CHECK_LEDGER,unlock true,test shared ledger/dex migration,OFFER,DONE,DONE,DONE,DONE,DONE,NONE,NONE
EVENT_SPECIAL_NATIONAL_0485,OFFER,not already complete,show INTRO; Yes/No,PREPARE,RETRY,RETRY,RETRY,RETRY,RETRY,NONE,NONE
EVENT_SPECIAL_NATIONAL_0485,PREPARE,Yes selected,write pending transaction only; reserve no item/flag,EXECUTE,RETRY,RETRY,RETRY,FULL,FULL,NONE,clear pending; restore unconsumed source item; no capture ledger write
EVENT_SPECIAL_NATIONAL_0485,EXECUTE,pending valid,run CAPTURE adapter,COMMIT,RETRY,RETRY,RETRY,FULL,FULL,NONE,clear pending; restore unconsumed source item; no capture ledger write
EVENT_SPECIAL_NATIONAL_0485,COMMIT,operation success,"write ledger, dex, claim count; persist atomically; clear pending",DONE,RETRY,RETRY,RETRY,RETRY,RETRY,ledger+dex+claim only in COMMIT,NONE
EVENT_SPECIAL_NATIONAL_0485,RETRY,cancel/defeat/escape/reset recovery,clear pending; leave encounter/claim available,OFFER,OFFER,OFFER,OFFER,OFFER,OFFER,NONE,clear pending; restore unconsumed source item; no capture ledger write
EVENT_SPECIAL_NATIONAL_0485,FULL,party/PC/queue unavailable,show FULL; consume nothing; clear pending,OFFER,OFFER,OFFER,OFFER,OFFER,OFFER,NONE,clear pending; restore unconsumed source item; no capture ledger write
EVENT_SPECIAL_NATIONAL_0485,DONE,ledger or commit true,show SUCCESS or ALREADY; no duplicate,DONE,DONE,DONE,DONE,DONE,DONE,NONE,NONE
EVENT_SPECIAL_NATIONAL_0486,CHECK_UNLOCK,host interaction,test unlock expression,CHECK_LEDGER,LOCKED,LOCKED,LOCKED,LOCKED,LOCKED,NONE,NONE
EVENT_SPECIAL_NATIONAL_0486,CHECK_LEDGER,unlock true,test shared ledger/dex migration,OFFER,DONE,DONE,DONE,DONE,DONE,NONE,NONE
EVENT_SPECIAL_NATIONAL_0486,OFFER,not already complete,show INTRO; Yes/No,PREPARE,RETRY,RETRY,RETRY,RETRY,RETRY,NONE,NONE
EVENT_SPECIAL_NATIONAL_0486,PREPARE,Yes selected,write pending transaction only; reserve no item/flag,EXECUTE,RETRY,RETRY,RETRY,FULL,FULL,NONE,clear pending; restore unconsumed source item; no capture ledger write
EVENT_SPECIAL_NATIONAL_0486,EXECUTE,pending valid,run CAPTURE adapter,COMMIT,RETRY,RETRY,RETRY,FULL,FULL,NONE,clear pending; restore unconsumed source item; no capture ledger write
EVENT_SPECIAL_NATIONAL_0486,COMMIT,operation success,"write ledger, dex, claim count; persist atomically; clear pending",DONE,RETRY,RETRY,RETRY,RETRY,RETRY,ledger+dex+claim only in COMMIT,NONE
EVENT_SPECIAL_NATIONAL_0486,RETRY,cancel/defeat/escape/reset recovery,clear pending; leave encounter/claim available,OFFER,OFFER,OFFER,OFFER,OFFER,OFFER,NONE,clear pending; restore unconsumed source item; no capture ledger write
EVENT_SPECIAL_NATIONAL_0486,FULL,party/PC/queue unavailable,show FULL; consume nothing; clear pending,OFFER,OFFER,OFFER,OFFER,OFFER,OFFER,NONE,clear pending; restore unconsumed source item; no capture ledger write
EVENT_SPECIAL_NATIONAL_0486,DONE,ledger or commit true,show SUCCESS or ALREADY; no duplicate,DONE,DONE,DONE,DONE,DONE,DONE,NONE,NONE
EVENT_SPECIAL_NATIONAL_0487,CHECK_UNLOCK,host interaction,test unlock expression,CHECK_LEDGER,LOCKED,LOCKED,LOCKED,LOCKED,LOCKED,NONE,NONE
EVENT_SPECIAL_NATIONAL_0487,CHECK_LEDGER,unlock true,test shared ledger/dex migration,OFFER,DONE,DONE,DONE,DONE,DONE,NONE,NONE
EVENT_SPECIAL_NATIONAL_0487,OFFER,not already complete,show INTRO; Yes/No,PREPARE,RETRY,RETRY,RETRY,RETRY,RETRY,NONE,NONE
EVENT_SPECIAL_NATIONAL_0487,PREPARE,Yes selected,write pending transaction only; reserve no item/flag,EXECUTE,RETRY,RETRY,RETRY,FULL,FULL,NONE,clear pending; restore unconsumed source item; no capture ledger write
EVENT_SPECIAL_NATIONAL_0487,EXECUTE,pending valid,run CAPTURE adapter,COMMIT,RETRY,RETRY,RETRY,FULL,FULL,NONE,clear pending; restore unconsumed source item; no capture ledger write
EVENT_SPECIAL_NATIONAL_0487,COMMIT,operation success,"write ledger, dex, claim count; persist atomically; clear pending",DONE,RETRY,RETRY,RETRY,RETRY,RETRY,ledger+dex+claim only in COMMIT,NONE
EVENT_SPECIAL_NATIONAL_0487,RETRY,cancel/defeat/escape/reset recovery,clear pending; leave encounter/claim available,OFFER,OFFER,OFFER,OFFER,OFFER,OFFER,NONE,clear pending; restore unconsumed source item; no capture ledger write
EVENT_SPECIAL_NATIONAL_0487,FULL,party/PC/queue unavailable,show FULL; consume nothing; clear pending,OFFER,OFFER,OFFER,OFFER,OFFER,OFFER,NONE,clear pending; restore unconsumed source item; no capture ledger write
EVENT_SPECIAL_NATIONAL_0487,DONE,ledger or commit true,show SUCCESS or ALREADY; no duplicate,DONE,DONE,DONE,DONE,DONE,DONE,NONE,NONE
EVENT_SPECIAL_NATIONAL_0488,CHECK_UNLOCK,host interaction,test unlock expression,CHECK_LEDGER,LOCKED,LOCKED,LOCKED,LOCKED,LOCKED,NONE,NONE
EVENT_SPECIAL_NATIONAL_0488,CHECK_LEDGER,unlock true,test shared ledger/dex migration,OFFER,DONE,DONE,DONE,DONE,DONE,NONE,NONE
EVENT_SPECIAL_NATIONAL_0488,OFFER,not already complete,show INTRO; Yes/No,PREPARE,RETRY,RETRY,RETRY,RETRY,RETRY,NONE,NONE
EVENT_SPECIAL_NATIONAL_0488,PREPARE,Yes selected,write pending transaction only; reserve no item/flag,EXECUTE,RETRY,RETRY,RETRY,FULL,FULL,NONE,clear pending; restore unconsumed source item; no capture ledger write
EVENT_SPECIAL_NATIONAL_0488,EXECUTE,pending valid,run CAPTURE adapter,COMMIT,RETRY,RETRY,RETRY,FULL,FULL,NONE,clear pending; restore unconsumed source item; no capture ledger write
EVENT_SPECIAL_NATIONAL_0488,COMMIT,operation success,"write ledger, dex, claim count; persist atomically; clear pending",DONE,RETRY,RETRY,RETRY,RETRY,RETRY,ledger+dex+claim only in COMMIT,NONE
EVENT_SPECIAL_NATIONAL_0488,RETRY,cancel/defeat/escape/reset recovery,clear pending; leave encounter/claim available,OFFER,OFFER,OFFER,OFFER,OFFER,OFFER,NONE,clear pending; restore unconsumed source item; no capture ledger write
EVENT_SPECIAL_NATIONAL_0488,FULL,party/PC/queue unavailable,show FULL; consume nothing; clear pending,OFFER,OFFER,OFFER,OFFER,OFFER,OFFER,NONE,clear pending; restore unconsumed source item; no capture ledger write
EVENT_SPECIAL_NATIONAL_0488,DONE,ledger or commit true,show SUCCESS or ALREADY; no duplicate,DONE,DONE,DONE,DONE,DONE,DONE,NONE,NONE
EVENT_SPECIAL_NATIONAL_0489,CHECK_UNLOCK,host interaction,test unlock expression,CHECK_LEDGER,LOCKED,LOCKED,LOCKED,LOCKED,LOCKED,NONE,NONE
EVENT_SPECIAL_NATIONAL_0489,CHECK_LEDGER,unlock true,test shared ledger/dex migration,OFFER,DONE,DONE,DONE,DONE,DONE,NONE,NONE
EVENT_SPECIAL_NATIONAL_0489,OFFER,not already complete,show INTRO; Yes/No,PREPARE,RETRY,RETRY,RETRY,RETRY,RETRY,NONE,NONE
EVENT_SPECIAL_NATIONAL_0489,PREPARE,Yes selected,write pending transaction only; reserve no item/flag,EXECUTE,RETRY,RETRY,RETRY,FULL,FULL,NONE,clear pending; restore unconsumed source item; no capture ledger write
EVENT_SPECIAL_NATIONAL_0489,EXECUTE,pending valid,run EGG adapter,COMMIT,RETRY,RETRY,RETRY,FULL,FULL,NONE,clear pending; restore unconsumed source item; no capture ledger write
EVENT_SPECIAL_NATIONAL_0489,COMMIT,operation success,"write ledger, dex, claim count; persist atomically; clear pending",DONE,RETRY,RETRY,RETRY,RETRY,RETRY,ledger+dex+claim only in COMMIT,NONE
EVENT_SPECIAL_NATIONAL_0489,RETRY,cancel/defeat/escape/reset recovery,clear pending; leave encounter/claim available,OFFER,OFFER,OFFER,OFFER,OFFER,OFFER,NONE,clear pending; restore unconsumed source item; no capture ledger write
EVENT_SPECIAL_NATIONAL_0489,FULL,party/PC/queue unavailable,show FULL; consume nothing; clear pending,OFFER,OFFER,OFFER,OFFER,OFFER,OFFER,NONE,clear pending; restore unconsumed source item; no capture ledger write
EVENT_SPECIAL_NATIONAL_0489,DONE,ledger or commit true,show SUCCESS or ALREADY; no duplicate,DONE,DONE,DONE,DONE,DONE,DONE,NONE,NONE
EVENT_SPECIAL_NATIONAL_0490,CHECK_UNLOCK,host interaction,test unlock expression,CHECK_LEDGER,LOCKED,LOCKED,LOCKED,LOCKED,LOCKED,NONE,NONE
EVENT_SPECIAL_NATIONAL_0490,CHECK_LEDGER,unlock true,test shared ledger/dex migration,OFFER,DONE,DONE,DONE,DONE,DONE,NONE,NONE
EVENT_SPECIAL_NATIONAL_0490,OFFER,not already complete,show INTRO; Yes/No,PREPARE,RETRY,RETRY,RETRY,RETRY,RETRY,NONE,NONE
EVENT_SPECIAL_NATIONAL_0490,PREPARE,Yes selected,write pending transaction only; reserve no item/flag,EXECUTE,RETRY,RETRY,RETRY,FULL,FULL,NONE,clear pending; restore unconsumed source item; no capture ledger write
EVENT_SPECIAL_NATIONAL_0490,EXECUTE,pending valid,run CAPTURE adapter,COMMIT,RETRY,RETRY,RETRY,FULL,FULL,NONE,clear pending; restore unconsumed source item; no capture ledger write
EVENT_SPECIAL_NATIONAL_0490,COMMIT,operation success,"write ledger, dex, claim count; persist atomically; clear pending",DONE,RETRY,RETRY,RETRY,RETRY,RETRY,ledger+dex+claim only in COMMIT,NONE
EVENT_SPECIAL_NATIONAL_0490,RETRY,cancel/defeat/escape/reset recovery,clear pending; leave encounter/claim available,OFFER,OFFER,OFFER,OFFER,OFFER,OFFER,NONE,clear pending; restore unconsumed source item; no capture ledger write
EVENT_SPECIAL_NATIONAL_0490,FULL,party/PC/queue unavailable,show FULL; consume nothing; clear pending,OFFER,OFFER,OFFER,OFFER,OFFER,OFFER,NONE,clear pending; restore unconsumed source item; no capture ledger write
EVENT_SPECIAL_NATIONAL_0490,DONE,ledger or commit true,show SUCCESS or ALREADY; no duplicate,DONE,DONE,DONE,DONE,DONE,DONE,NONE,NONE
EVENT_SPECIAL_NATIONAL_0491,CHECK_UNLOCK,host interaction,test unlock expression,CHECK_LEDGER,LOCKED,LOCKED,LOCKED,LOCKED,LOCKED,NONE,NONE
EVENT_SPECIAL_NATIONAL_0491,CHECK_LEDGER,unlock true,test shared ledger/dex migration,OFFER,DONE,DONE,DONE,DONE,DONE,NONE,NONE
EVENT_SPECIAL_NATIONAL_0491,OFFER,not already complete,show INTRO; Yes/No,PREPARE,RETRY,RETRY,RETRY,RETRY,RETRY,NONE,NONE
EVENT_SPECIAL_NATIONAL_0491,PREPARE,Yes selected,write pending transaction only; reserve no item/flag,EXECUTE,RETRY,RETRY,RETRY,FULL,FULL,NONE,clear pending; restore unconsumed source item; no capture ledger write
EVENT_SPECIAL_NATIONAL_0491,EXECUTE,pending valid,run CAPTURE adapter,COMMIT,RETRY,RETRY,RETRY,FULL,FULL,NONE,clear pending; restore unconsumed source item; no capture ledger write
EVENT_SPECIAL_NATIONAL_0491,COMMIT,operation success,"write ledger, dex, claim count; persist atomically; clear pending",DONE,RETRY,RETRY,RETRY,RETRY,RETRY,ledger+dex+claim only in COMMIT,NONE
EVENT_SPECIAL_NATIONAL_0491,RETRY,cancel/defeat/escape/reset recovery,clear pending; leave encounter/claim available,OFFER,OFFER,OFFER,OFFER,OFFER,OFFER,NONE,clear pending; restore unconsumed source item; no capture ledger write
EVENT_SPECIAL_NATIONAL_0491,FULL,party/PC/queue unavailable,show FULL; consume nothing; clear pending,OFFER,OFFER,OFFER,OFFER,OFFER,OFFER,NONE,clear pending; restore unconsumed source item; no capture ledger write
EVENT_SPECIAL_NATIONAL_0491,DONE,ledger or commit true,show SUCCESS or ALREADY; no duplicate,DONE,DONE,DONE,DONE,DONE,DONE,NONE,NONE
EVENT_SPECIAL_NATIONAL_0492,CHECK_UNLOCK,host interaction,test unlock expression,CHECK_LEDGER,LOCKED,LOCKED,LOCKED,LOCKED,LOCKED,NONE,NONE
EVENT_SPECIAL_NATIONAL_0492,CHECK_LEDGER,unlock true,test shared ledger/dex migration,OFFER,DONE,DONE,DONE,DONE,DONE,NONE,NONE
EVENT_SPECIAL_NATIONAL_0492,OFFER,not already complete,show INTRO; Yes/No,PREPARE,RETRY,RETRY,RETRY,RETRY,RETRY,NONE,NONE
EVENT_SPECIAL_NATIONAL_0492,PREPARE,Yes selected,write pending transaction only; reserve no item/flag,EXECUTE,RETRY,RETRY,RETRY,FULL,FULL,NONE,clear pending; restore unconsumed source item; no capture ledger write
EVENT_SPECIAL_NATIONAL_0492,EXECUTE,pending valid,run CAPTURE adapter,COMMIT,RETRY,RETRY,RETRY,FULL,FULL,NONE,clear pending; restore unconsumed source item; no capture ledger write
EVENT_SPECIAL_NATIONAL_0492,COMMIT,operation success,"write ledger, dex, claim count; persist atomically; clear pending",DONE,RETRY,RETRY,RETRY,RETRY,RETRY,ledger+dex+claim only in COMMIT,NONE
EVENT_SPECIAL_NATIONAL_0492,RETRY,cancel/defeat/escape/reset recovery,clear pending; leave encounter/claim available,OFFER,OFFER,OFFER,OFFER,OFFER,OFFER,NONE,clear pending; restore unconsumed source item; no capture ledger write
EVENT_SPECIAL_NATIONAL_0492,FULL,party/PC/queue unavailable,show FULL; consume nothing; clear pending,OFFER,OFFER,OFFER,OFFER,OFFER,OFFER,NONE,clear pending; restore unconsumed source item; no capture ledger write
EVENT_SPECIAL_NATIONAL_0492,DONE,ledger or commit true,show SUCCESS or ALREADY; no duplicate,DONE,DONE,DONE,DONE,DONE,DONE,NONE,NONE
EVENT_SPECIAL_NATIONAL_0493,CHECK_UNLOCK,host interaction,test unlock expression,CHECK_LEDGER,LOCKED,LOCKED,LOCKED,LOCKED,LOCKED,NONE,NONE
EVENT_SPECIAL_NATIONAL_0493,CHECK_LEDGER,unlock true,test shared ledger/dex migration,OFFER,DONE,DONE,DONE,DONE,DONE,NONE,NONE
EVENT_SPECIAL_NATIONAL_0493,OFFER,not already complete,show INTRO; Yes/No,PREPARE,RETRY,RETRY,RETRY,RETRY,RETRY,NONE,NONE
EVENT_SPECIAL_NATIONAL_0493,PREPARE,Yes selected,write pending transaction only; reserve no item/flag,EXECUTE,RETRY,RETRY,RETRY,FULL,FULL,NONE,clear pending; restore unconsumed source item; no capture ledger write
EVENT_SPECIAL_NATIONAL_0493,EXECUTE,pending valid,run CAPTURE adapter,COMMIT,RETRY,RETRY,RETRY,FULL,FULL,NONE,clear pending; restore unconsumed source item; no capture ledger write
EVENT_SPECIAL_NATIONAL_0493,COMMIT,operation success,"write ledger, dex, claim count; persist atomically; clear pending",DONE,RETRY,RETRY,RETRY,RETRY,RETRY,ledger+dex+claim only in COMMIT,NONE
EVENT_SPECIAL_NATIONAL_0493,RETRY,cancel/defeat/escape/reset recovery,clear pending; leave encounter/claim available,OFFER,OFFER,OFFER,OFFER,OFFER,OFFER,NONE,clear pending; restore unconsumed source item; no capture ledger write
EVENT_SPECIAL_NATIONAL_0493,FULL,party/PC/queue unavailable,show FULL; consume nothing; clear pending,OFFER,OFFER,OFFER,OFFER,OFFER,OFFER,NONE,clear pending; restore unconsumed source item; no capture ledger write
EVENT_SPECIAL_NATIONAL_0493,DONE,ledger or commit true,show SUCCESS or ALREADY; no duplicate,DONE,DONE,DONE,DONE,DONE,DONE,NONE,NONE
EVENT_SPECIAL_NATIONAL_0494,CHECK_UNLOCK,host interaction,test unlock expression,CHECK_LEDGER,LOCKED,LOCKED,LOCKED,LOCKED,LOCKED,NONE,NONE
EVENT_SPECIAL_NATIONAL_0494,CHECK_LEDGER,unlock true,test shared ledger/dex migration,OFFER,DONE,DONE,DONE,DONE,DONE,NONE,NONE
EVENT_SPECIAL_NATIONAL_0494,OFFER,not already complete,show INTRO; Yes/No,PREPARE,RETRY,RETRY,RETRY,RETRY,RETRY,NONE,NONE
EVENT_SPECIAL_NATIONAL_0494,PREPARE,Yes selected,write pending transaction only; reserve no item/flag,EXECUTE,RETRY,RETRY,RETRY,FULL,FULL,NONE,clear pending; restore unconsumed source item; no capture ledger write
EVENT_SPECIAL_NATIONAL_0494,EXECUTE,pending valid,run CAPTURE adapter,COMMIT,RETRY,RETRY,RETRY,FULL,FULL,NONE,clear pending; restore unconsumed source item; no capture ledger write
EVENT_SPECIAL_NATIONAL_0494,COMMIT,operation success,"write ledger, dex, claim count; persist atomically; clear pending",DONE,RETRY,RETRY,RETRY,RETRY,RETRY,ledger+dex+claim only in COMMIT,NONE
EVENT_SPECIAL_NATIONAL_0494,RETRY,cancel/defeat/escape/reset recovery,clear pending; leave encounter/claim available,OFFER,OFFER,OFFER,OFFER,OFFER,OFFER,NONE,clear pending; restore unconsumed source item; no capture ledger write
EVENT_SPECIAL_NATIONAL_0494,FULL,party/PC/queue unavailable,show FULL; consume nothing; clear pending,OFFER,OFFER,OFFER,OFFER,OFFER,OFFER,NONE,clear pending; restore unconsumed source item; no capture ledger write
EVENT_SPECIAL_NATIONAL_0494,DONE,ledger or commit true,show SUCCESS or ALREADY; no duplicate,DONE,DONE,DONE,DONE,DONE,DONE,NONE,NONE
EVENT_SPECIAL_NATIONAL_0638,CHECK_UNLOCK,host interaction,test unlock expression,CHECK_LEDGER,LOCKED,LOCKED,LOCKED,LOCKED,LOCKED,NONE,NONE
EVENT_SPECIAL_NATIONAL_0638,CHECK_LEDGER,unlock true,test shared ledger/dex migration,OFFER,DONE,DONE,DONE,DONE,DONE,NONE,NONE
EVENT_SPECIAL_NATIONAL_0638,OFFER,not already complete,show INTRO; Yes/No,PREPARE,RETRY,RETRY,RETRY,RETRY,RETRY,NONE,NONE
EVENT_SPECIAL_NATIONAL_0638,PREPARE,Yes selected,write pending transaction only; reserve no item/flag,EXECUTE,RETRY,RETRY,RETRY,FULL,FULL,NONE,clear pending; restore unconsumed source item; no capture ledger write
EVENT_SPECIAL_NATIONAL_0638,EXECUTE,pending valid,run CAPTURE adapter,COMMIT,RETRY,RETRY,RETRY,FULL,FULL,NONE,clear pending; restore unconsumed source item; no capture ledger write
EVENT_SPECIAL_NATIONAL_0638,COMMIT,operation success,"write ledger, dex, claim count; persist atomically; clear pending",DONE,RETRY,RETRY,RETRY,RETRY,RETRY,ledger+dex+claim only in COMMIT,NONE
EVENT_SPECIAL_NATIONAL_0638,RETRY,cancel/defeat/escape/reset recovery,clear pending; leave encounter/claim available,OFFER,OFFER,OFFER,OFFER,OFFER,OFFER,NONE,clear pending; restore unconsumed source item; no capture ledger write
EVENT_SPECIAL_NATIONAL_0638,FULL,party/PC/queue unavailable,show FULL; consume nothing; clear pending,OFFER,OFFER,OFFER,OFFER,OFFER,OFFER,NONE,clear pending; restore unconsumed source item; no capture ledger write
EVENT_SPECIAL_NATIONAL_0638,DONE,ledger or commit true,show SUCCESS or ALREADY; no duplicate,DONE,DONE,DONE,DONE,DONE,DONE,NONE,NONE
EVENT_SPECIAL_NATIONAL_0639,CHECK_UNLOCK,host interaction,test unlock expression,CHECK_LEDGER,LOCKED,LOCKED,LOCKED,LOCKED,LOCKED,NONE,NONE
EVENT_SPECIAL_NATIONAL_0639,CHECK_LEDGER,unlock true,test shared ledger/dex migration,OFFER,DONE,DONE,DONE,DONE,DONE,NONE,NONE
EVENT_SPECIAL_NATIONAL_0639,OFFER,not already complete,show INTRO; Yes/No,PREPARE,RETRY,RETRY,RETRY,RETRY,RETRY,NONE,NONE
EVENT_SPECIAL_NATIONAL_0639,PREPARE,Yes selected,write pending transaction only; reserve no item/flag,EXECUTE,RETRY,RETRY,RETRY,FULL,FULL,NONE,clear pending; restore unconsumed source item; no capture ledger write
EVENT_SPECIAL_NATIONAL_0639,EXECUTE,pending valid,run CAPTURE adapter,COMMIT,RETRY,RETRY,RETRY,FULL,FULL,NONE,clear pending; restore unconsumed source item; no capture ledger write
EVENT_SPECIAL_NATIONAL_0639,COMMIT,operation success,"write ledger, dex, claim count; persist atomically; clear pending",DONE,RETRY,RETRY,RETRY,RETRY,RETRY,ledger+dex+claim only in COMMIT,NONE
EVENT_SPECIAL_NATIONAL_0639,RETRY,cancel/defeat/escape/reset recovery,clear pending; leave encounter/claim available,OFFER,OFFER,OFFER,OFFER,OFFER,OFFER,NONE,clear pending; restore unconsumed source item; no capture ledger write
EVENT_SPECIAL_NATIONAL_0639,FULL,party/PC/queue unavailable,show FULL; consume nothing; clear pending,OFFER,OFFER,OFFER,OFFER,OFFER,OFFER,NONE,clear pending; restore unconsumed source item; no capture ledger write
EVENT_SPECIAL_NATIONAL_0639,DONE,ledger or commit true,show SUCCESS or ALREADY; no duplicate,DONE,DONE,DONE,DONE,DONE,DONE,NONE,NONE
EVENT_SPECIAL_NATIONAL_0640,CHECK_UNLOCK,host interaction,test unlock expression,CHECK_LEDGER,LOCKED,LOCKED,LOCKED,LOCKED,LOCKED,NONE,NONE
EVENT_SPECIAL_NATIONAL_0640,CHECK_LEDGER,unlock true,test shared ledger/dex migration,OFFER,DONE,DONE,DONE,DONE,DONE,NONE,NONE
EVENT_SPECIAL_NATIONAL_0640,OFFER,not already complete,show INTRO; Yes/No,PREPARE,RETRY,RETRY,RETRY,RETRY,RETRY,NONE,NONE
EVENT_SPECIAL_NATIONAL_0640,PREPARE,Yes selected,write pending transaction only; reserve no item/flag,EXECUTE,RETRY,RETRY,RETRY,FULL,FULL,NONE,clear pending; restore unconsumed source item; no capture ledger write
EVENT_SPECIAL_NATIONAL_0640,EXECUTE,pending valid,run CAPTURE adapter,COMMIT,RETRY,RETRY,RETRY,FULL,FULL,NONE,clear pending; restore unconsumed source item; no capture ledger write
EVENT_SPECIAL_NATIONAL_0640,COMMIT,operation success,"write ledger, dex, claim count; persist atomically; clear pending",DONE,RETRY,RETRY,RETRY,RETRY,RETRY,ledger+dex+claim only in COMMIT,NONE
EVENT_SPECIAL_NATIONAL_0640,RETRY,cancel/defeat/escape/reset recovery,clear pending; leave encounter/claim available,OFFER,OFFER,OFFER,OFFER,OFFER,OFFER,NONE,clear pending; restore unconsumed source item; no capture ledger write
EVENT_SPECIAL_NATIONAL_0640,FULL,party/PC/queue unavailable,show FULL; consume nothing; clear pending,OFFER,OFFER,OFFER,OFFER,OFFER,OFFER,NONE,clear pending; restore unconsumed source item; no capture ledger write
EVENT_SPECIAL_NATIONAL_0640,DONE,ledger or commit true,show SUCCESS or ALREADY; no duplicate,DONE,DONE,DONE,DONE,DONE,DONE,NONE,NONE
EVENT_SPECIAL_NATIONAL_0641,CHECK_UNLOCK,host interaction,test unlock expression,CHECK_LEDGER,LOCKED,LOCKED,LOCKED,LOCKED,LOCKED,NONE,NONE
EVENT_SPECIAL_NATIONAL_0641,CHECK_LEDGER,unlock true,test shared ledger/dex migration,OFFER,DONE,DONE,DONE,DONE,DONE,NONE,NONE
EVENT_SPECIAL_NATIONAL_0641,OFFER,not already complete,show INTRO; Yes/No,PREPARE,RETRY,RETRY,RETRY,RETRY,RETRY,NONE,NONE
EVENT_SPECIAL_NATIONAL_0641,PREPARE,Yes selected,write pending transaction only; reserve no item/flag,EXECUTE,RETRY,RETRY,RETRY,FULL,FULL,NONE,clear pending; restore unconsumed source item; no capture ledger write
EVENT_SPECIAL_NATIONAL_0641,EXECUTE,pending valid,run CAPTURE adapter,COMMIT,RETRY,RETRY,RETRY,FULL,FULL,NONE,clear pending; restore unconsumed source item; no capture ledger write
EVENT_SPECIAL_NATIONAL_0641,COMMIT,operation success,"write ledger, dex, claim count; persist atomically; clear pending",DONE,RETRY,RETRY,RETRY,RETRY,RETRY,ledger+dex+claim only in COMMIT,NONE
EVENT_SPECIAL_NATIONAL_0641,RETRY,cancel/defeat/escape/reset recovery,clear pending; leave encounter/claim available,OFFER,OFFER,OFFER,OFFER,OFFER,OFFER,NONE,clear pending; restore unconsumed source item; no capture ledger write
EVENT_SPECIAL_NATIONAL_0641,FULL,party/PC/queue unavailable,show FULL; consume nothing; clear pending,OFFER,OFFER,OFFER,OFFER,OFFER,OFFER,NONE,clear pending; restore unconsumed source item; no capture ledger write
EVENT_SPECIAL_NATIONAL_0641,DONE,ledger or commit true,show SUCCESS or ALREADY; no duplicate,DONE,DONE,DONE,DONE,DONE,DONE,NONE,NONE
EVENT_SPECIAL_NATIONAL_0642,CHECK_UNLOCK,host interaction,test unlock expression,CHECK_LEDGER,LOCKED,LOCKED,LOCKED,LOCKED,LOCKED,NONE,NONE
EVENT_SPECIAL_NATIONAL_0642,CHECK_LEDGER,unlock true,test shared ledger/dex migration,OFFER,DONE,DONE,DONE,DONE,DONE,NONE,NONE
EVENT_SPECIAL_NATIONAL_0642,OFFER,not already complete,show INTRO; Yes/No,PREPARE,RETRY,RETRY,RETRY,RETRY,RETRY,NONE,NONE
EVENT_SPECIAL_NATIONAL_0642,PREPARE,Yes selected,write pending transaction only; reserve no item/flag,EXECUTE,RETRY,RETRY,RETRY,FULL,FULL,NONE,clear pending; restore unconsumed source item; no capture ledger write
EVENT_SPECIAL_NATIONAL_0642,EXECUTE,pending valid,run CAPTURE adapter,COMMIT,RETRY,RETRY,RETRY,FULL,FULL,NONE,clear pending; restore unconsumed source item; no capture ledger write
EVENT_SPECIAL_NATIONAL_0642,COMMIT,operation success,"write ledger, dex, claim count; persist atomically; clear pending",DONE,RETRY,RETRY,RETRY,RETRY,RETRY,ledger+dex+claim only in COMMIT,NONE
EVENT_SPECIAL_NATIONAL_0642,RETRY,cancel/defeat/escape/reset recovery,clear pending; leave encounter/claim available,OFFER,OFFER,OFFER,OFFER,OFFER,OFFER,NONE,clear pending; restore unconsumed source item; no capture ledger write
EVENT_SPECIAL_NATIONAL_0642,FULL,party/PC/queue unavailable,show FULL; consume nothing; clear pending,OFFER,OFFER,OFFER,OFFER,OFFER,OFFER,NONE,clear pending; restore unconsumed source item; no capture ledger write
EVENT_SPECIAL_NATIONAL_0642,DONE,ledger or commit true,show SUCCESS or ALREADY; no duplicate,DONE,DONE,DONE,DONE,DONE,DONE,NONE,NONE
EVENT_SPECIAL_NATIONAL_0643,CHECK_UNLOCK,host interaction,test unlock expression,CHECK_LEDGER,LOCKED,LOCKED,LOCKED,LOCKED,LOCKED,NONE,NONE
EVENT_SPECIAL_NATIONAL_0643,CHECK_LEDGER,unlock true,test shared ledger/dex migration,OFFER,DONE,DONE,DONE,DONE,DONE,NONE,NONE
EVENT_SPECIAL_NATIONAL_0643,OFFER,not already complete,show INTRO; Yes/No,PREPARE,RETRY,RETRY,RETRY,RETRY,RETRY,NONE,NONE
EVENT_SPECIAL_NATIONAL_0643,PREPARE,Yes selected,write pending transaction only; reserve no item/flag,EXECUTE,RETRY,RETRY,RETRY,FULL,FULL,NONE,clear pending; restore unconsumed source item; no capture ledger write
EVENT_SPECIAL_NATIONAL_0643,EXECUTE,pending valid,run CAPTURE adapter,COMMIT,RETRY,RETRY,RETRY,FULL,FULL,NONE,clear pending; restore unconsumed source item; no capture ledger write
EVENT_SPECIAL_NATIONAL_0643,COMMIT,operation success,"write ledger, dex, claim count; persist atomically; clear pending",DONE,RETRY,RETRY,RETRY,RETRY,RETRY,ledger+dex+claim only in COMMIT,NONE
EVENT_SPECIAL_NATIONAL_0643,RETRY,cancel/defeat/escape/reset recovery,clear pending; leave encounter/claim available,OFFER,OFFER,OFFER,OFFER,OFFER,OFFER,NONE,clear pending; restore unconsumed source item; no capture ledger write
EVENT_SPECIAL_NATIONAL_0643,FULL,party/PC/queue unavailable,show FULL; consume nothing; clear pending,OFFER,OFFER,OFFER,OFFER,OFFER,OFFER,NONE,clear pending; restore unconsumed source item; no capture ledger write
EVENT_SPECIAL_NATIONAL_0643,DONE,ledger or commit true,show SUCCESS or ALREADY; no duplicate,DONE,DONE,DONE,DONE,DONE,DONE,NONE,NONE
EVENT_SPECIAL_NATIONAL_0644,CHECK_UNLOCK,host interaction,test unlock expression,CHECK_LEDGER,LOCKED,LOCKED,LOCKED,LOCKED,LOCKED,NONE,NONE
EVENT_SPECIAL_NATIONAL_0644,CHECK_LEDGER,unlock true,test shared ledger/dex migration,OFFER,DONE,DONE,DONE,DONE,DONE,NONE,NONE
EVENT_SPECIAL_NATIONAL_0644,OFFER,not already complete,show INTRO; Yes/No,PREPARE,RETRY,RETRY,RETRY,RETRY,RETRY,NONE,NONE
EVENT_SPECIAL_NATIONAL_0644,PREPARE,Yes selected,write pending transaction only; reserve no item/flag,EXECUTE,RETRY,RETRY,RETRY,FULL,FULL,NONE,clear pending; restore unconsumed source item; no capture ledger write
EVENT_SPECIAL_NATIONAL_0644,EXECUTE,pending valid,run CAPTURE adapter,COMMIT,RETRY,RETRY,RETRY,FULL,FULL,NONE,clear pending; restore unconsumed source item; no capture ledger write
EVENT_SPECIAL_NATIONAL_0644,COMMIT,operation success,"write ledger, dex, claim count; persist atomically; clear pending",DONE,RETRY,RETRY,RETRY,RETRY,RETRY,ledger+dex+claim only in COMMIT,NONE
EVENT_SPECIAL_NATIONAL_0644,RETRY,cancel/defeat/escape/reset recovery,clear pending; leave encounter/claim available,OFFER,OFFER,OFFER,OFFER,OFFER,OFFER,NONE,clear pending; restore unconsumed source item; no capture ledger write
EVENT_SPECIAL_NATIONAL_0644,FULL,party/PC/queue unavailable,show FULL; consume nothing; clear pending,OFFER,OFFER,OFFER,OFFER,OFFER,OFFER,NONE,clear pending; restore unconsumed source item; no capture ledger write
EVENT_SPECIAL_NATIONAL_0644,DONE,ledger or commit true,show SUCCESS or ALREADY; no duplicate,DONE,DONE,DONE,DONE,DONE,DONE,NONE,NONE
EVENT_SPECIAL_NATIONAL_0645,CHECK_UNLOCK,host interaction,test unlock expression,CHECK_LEDGER,LOCKED,LOCKED,LOCKED,LOCKED,LOCKED,NONE,NONE
EVENT_SPECIAL_NATIONAL_0645,CHECK_LEDGER,unlock true,test shared ledger/dex migration,OFFER,DONE,DONE,DONE,DONE,DONE,NONE,NONE
EVENT_SPECIAL_NATIONAL_0645,OFFER,not already complete,show INTRO; Yes/No,PREPARE,RETRY,RETRY,RETRY,RETRY,RETRY,NONE,NONE
EVENT_SPECIAL_NATIONAL_0645,PREPARE,Yes selected,write pending transaction only; reserve no item/flag,EXECUTE,RETRY,RETRY,RETRY,FULL,FULL,NONE,clear pending; restore unconsumed source item; no capture ledger write
EVENT_SPECIAL_NATIONAL_0645,EXECUTE,pending valid,run CAPTURE adapter,COMMIT,RETRY,RETRY,RETRY,FULL,FULL,NONE,clear pending; restore unconsumed source item; no capture ledger write
EVENT_SPECIAL_NATIONAL_0645,COMMIT,operation success,"write ledger, dex, claim count; persist atomically; clear pending",DONE,RETRY,RETRY,RETRY,RETRY,RETRY,ledger+dex+claim only in COMMIT,NONE
EVENT_SPECIAL_NATIONAL_0645,RETRY,cancel/defeat/escape/reset recovery,clear pending; leave encounter/claim available,OFFER,OFFER,OFFER,OFFER,OFFER,OFFER,NONE,clear pending; restore unconsumed source item; no capture ledger write
EVENT_SPECIAL_NATIONAL_0645,FULL,party/PC/queue unavailable,show FULL; consume nothing; clear pending,OFFER,OFFER,OFFER,OFFER,OFFER,OFFER,NONE,clear pending; restore unconsumed source item; no capture ledger write
EVENT_SPECIAL_NATIONAL_0645,DONE,ledger or commit true,show SUCCESS or ALREADY; no duplicate,DONE,DONE,DONE,DONE,DONE,DONE,NONE,NONE
EVENT_SPECIAL_NATIONAL_0646,CHECK_UNLOCK,host interaction,test unlock expression,CHECK_LEDGER,LOCKED,LOCKED,LOCKED,LOCKED,LOCKED,NONE,NONE
EVENT_SPECIAL_NATIONAL_0646,CHECK_LEDGER,unlock true,test shared ledger/dex migration,OFFER,DONE,DONE,DONE,DONE,DONE,NONE,NONE
EVENT_SPECIAL_NATIONAL_0646,OFFER,not already complete,show INTRO; Yes/No,PREPARE,RETRY,RETRY,RETRY,RETRY,RETRY,NONE,NONE
EVENT_SPECIAL_NATIONAL_0646,PREPARE,Yes selected,write pending transaction only; reserve no item/flag,EXECUTE,RETRY,RETRY,RETRY,FULL,FULL,NONE,clear pending; restore unconsumed source item; no capture ledger write
EVENT_SPECIAL_NATIONAL_0646,EXECUTE,pending valid,run CAPTURE adapter,COMMIT,RETRY,RETRY,RETRY,FULL,FULL,NONE,clear pending; restore unconsumed source item; no capture ledger write
EVENT_SPECIAL_NATIONAL_0646,COMMIT,operation success,"write ledger, dex, claim count; persist atomically; clear pending",DONE,RETRY,RETRY,RETRY,RETRY,RETRY,ledger+dex+claim only in COMMIT,NONE
EVENT_SPECIAL_NATIONAL_0646,RETRY,cancel/defeat/escape/reset recovery,clear pending; leave encounter/claim available,OFFER,OFFER,OFFER,OFFER,OFFER,OFFER,NONE,clear pending; restore unconsumed source item; no capture ledger write
EVENT_SPECIAL_NATIONAL_0646,FULL,party/PC/queue unavailable,show FULL; consume nothing; clear pending,OFFER,OFFER,OFFER,OFFER,OFFER,OFFER,NONE,clear pending; restore unconsumed source item; no capture ledger write
EVENT_SPECIAL_NATIONAL_0646,DONE,ledger or commit true,show SUCCESS or ALREADY; no duplicate,DONE,DONE,DONE,DONE,DONE,DONE,NONE,NONE
EVENT_SPECIAL_NATIONAL_0647,CHECK_UNLOCK,host interaction,test unlock expression,CHECK_LEDGER,LOCKED,LOCKED,LOCKED,LOCKED,LOCKED,NONE,NONE
EVENT_SPECIAL_NATIONAL_0647,CHECK_LEDGER,unlock true,test shared ledger/dex migration,OFFER,DONE,DONE,DONE,DONE,DONE,NONE,NONE
EVENT_SPECIAL_NATIONAL_0647,OFFER,not already complete,show INTRO; Yes/No,PREPARE,RETRY,RETRY,RETRY,RETRY,RETRY,NONE,NONE
EVENT_SPECIAL_NATIONAL_0647,PREPARE,Yes selected,write pending transaction only; reserve no item/flag,EXECUTE,RETRY,RETRY,RETRY,FULL,FULL,NONE,clear pending; restore unconsumed source item; no capture ledger write
EVENT_SPECIAL_NATIONAL_0647,EXECUTE,pending valid,run CAPTURE adapter,COMMIT,RETRY,RETRY,RETRY,FULL,FULL,NONE,clear pending; restore unconsumed source item; no capture ledger write
EVENT_SPECIAL_NATIONAL_0647,COMMIT,operation success,"write ledger, dex, claim count; persist atomically; clear pending",DONE,RETRY,RETRY,RETRY,RETRY,RETRY,ledger+dex+claim only in COMMIT,NONE
EVENT_SPECIAL_NATIONAL_0647,RETRY,cancel/defeat/escape/reset recovery,clear pending; leave encounter/claim available,OFFER,OFFER,OFFER,OFFER,OFFER,OFFER,NONE,clear pending; restore unconsumed source item; no capture ledger write
EVENT_SPECIAL_NATIONAL_0647,FULL,party/PC/queue unavailable,show FULL; consume nothing; clear pending,OFFER,OFFER,OFFER,OFFER,OFFER,OFFER,NONE,clear pending; restore unconsumed source item; no capture ledger write
EVENT_SPECIAL_NATIONAL_0647,DONE,ledger or commit true,show SUCCESS or ALREADY; no duplicate,DONE,DONE,DONE,DONE,DONE,DONE,NONE,NONE
EVENT_SPECIAL_NATIONAL_0648,CHECK_UNLOCK,host interaction,test unlock expression,CHECK_LEDGER,LOCKED,LOCKED,LOCKED,LOCKED,LOCKED,NONE,NONE
EVENT_SPECIAL_NATIONAL_0648,CHECK_LEDGER,unlock true,test shared ledger/dex migration,OFFER,DONE,DONE,DONE,DONE,DONE,NONE,NONE
EVENT_SPECIAL_NATIONAL_0648,OFFER,not already complete,show INTRO; Yes/No,PREPARE,RETRY,RETRY,RETRY,RETRY,RETRY,NONE,NONE
EVENT_SPECIAL_NATIONAL_0648,PREPARE,Yes selected,write pending transaction only; reserve no item/flag,EXECUTE,RETRY,RETRY,RETRY,FULL,FULL,NONE,clear pending; restore unconsumed source item; no capture ledger write
EVENT_SPECIAL_NATIONAL_0648,EXECUTE,pending valid,run CAPTURE adapter,COMMIT,RETRY,RETRY,RETRY,FULL,FULL,NONE,clear pending; restore unconsumed source item; no capture ledger write
EVENT_SPECIAL_NATIONAL_0648,COMMIT,operation success,"write ledger, dex, claim count; persist atomically; clear pending",DONE,RETRY,RETRY,RETRY,RETRY,RETRY,ledger+dex+claim only in COMMIT,NONE
EVENT_SPECIAL_NATIONAL_0648,RETRY,cancel/defeat/escape/reset recovery,clear pending; leave encounter/claim available,OFFER,OFFER,OFFER,OFFER,OFFER,OFFER,NONE,clear pending; restore unconsumed source item; no capture ledger write
EVENT_SPECIAL_NATIONAL_0648,FULL,party/PC/queue unavailable,show FULL; consume nothing; clear pending,OFFER,OFFER,OFFER,OFFER,OFFER,OFFER,NONE,clear pending; restore unconsumed source item; no capture ledger write
EVENT_SPECIAL_NATIONAL_0648,DONE,ledger or commit true,show SUCCESS or ALREADY; no duplicate,DONE,DONE,DONE,DONE,DONE,DONE,NONE,NONE
EVENT_SPECIAL_NATIONAL_0649,CHECK_UNLOCK,host interaction,test unlock expression,CHECK_LEDGER,LOCKED,LOCKED,LOCKED,LOCKED,LOCKED,NONE,NONE
EVENT_SPECIAL_NATIONAL_0649,CHECK_LEDGER,unlock true,test shared ledger/dex migration,OFFER,DONE,DONE,DONE,DONE,DONE,NONE,NONE
EVENT_SPECIAL_NATIONAL_0649,OFFER,not already complete,show INTRO; Yes/No,PREPARE,RETRY,RETRY,RETRY,RETRY,RETRY,NONE,NONE
EVENT_SPECIAL_NATIONAL_0649,PREPARE,Yes selected,write pending transaction only; reserve no item/flag,EXECUTE,RETRY,RETRY,RETRY,FULL,FULL,NONE,clear pending; restore unconsumed source item; no capture ledger write
EVENT_SPECIAL_NATIONAL_0649,EXECUTE,pending valid,run CAPTURE adapter,COMMIT,RETRY,RETRY,RETRY,FULL,FULL,NONE,clear pending; restore unconsumed source item; no capture ledger write
EVENT_SPECIAL_NATIONAL_0649,COMMIT,operation success,"write ledger, dex, claim count; persist atomically; clear pending",DONE,RETRY,RETRY,RETRY,RETRY,RETRY,ledger+dex+claim only in COMMIT,NONE
EVENT_SPECIAL_NATIONAL_0649,RETRY,cancel/defeat/escape/reset recovery,clear pending; leave encounter/claim available,OFFER,OFFER,OFFER,OFFER,OFFER,OFFER,NONE,clear pending; restore unconsumed source item; no capture ledger write
EVENT_SPECIAL_NATIONAL_0649,FULL,party/PC/queue unavailable,show FULL; consume nothing; clear pending,OFFER,OFFER,OFFER,OFFER,OFFER,OFFER,NONE,clear pending; restore unconsumed source item; no capture ledger write
EVENT_SPECIAL_NATIONAL_0649,DONE,ledger or commit true,show SUCCESS or ALREADY; no duplicate,DONE,DONE,DONE,DONE,DONE,DONE,NONE,NONE
EVENT_SPECIAL_NATIONAL_0716,CHECK_UNLOCK,host interaction,test unlock expression,CHECK_LEDGER,LOCKED,LOCKED,LOCKED,LOCKED,LOCKED,NONE,NONE
EVENT_SPECIAL_NATIONAL_0716,CHECK_LEDGER,unlock true,test shared ledger/dex migration,OFFER,DONE,DONE,DONE,DONE,DONE,NONE,NONE
EVENT_SPECIAL_NATIONAL_0716,OFFER,not already complete,show INTRO; Yes/No,PREPARE,RETRY,RETRY,RETRY,RETRY,RETRY,NONE,NONE
EVENT_SPECIAL_NATIONAL_0716,PREPARE,Yes selected,write pending transaction only; reserve no item/flag,EXECUTE,RETRY,RETRY,RETRY,FULL,FULL,NONE,clear pending; restore unconsumed source item; no capture ledger write
EVENT_SPECIAL_NATIONAL_0716,EXECUTE,pending valid,run CAPTURE adapter,COMMIT,RETRY,RETRY,RETRY,FULL,FULL,NONE,clear pending; restore unconsumed source item; no capture ledger write
EVENT_SPECIAL_NATIONAL_0716,COMMIT,operation success,"write ledger, dex, claim count; persist atomically; clear pending",DONE,RETRY,RETRY,RETRY,RETRY,RETRY,ledger+dex+claim only in COMMIT,NONE
EVENT_SPECIAL_NATIONAL_0716,RETRY,cancel/defeat/escape/reset recovery,clear pending; leave encounter/claim available,OFFER,OFFER,OFFER,OFFER,OFFER,OFFER,NONE,clear pending; restore unconsumed source item; no capture ledger write
EVENT_SPECIAL_NATIONAL_0716,FULL,party/PC/queue unavailable,show FULL; consume nothing; clear pending,OFFER,OFFER,OFFER,OFFER,OFFER,OFFER,NONE,clear pending; restore unconsumed source item; no capture ledger write
EVENT_SPECIAL_NATIONAL_0716,DONE,ledger or commit true,show SUCCESS or ALREADY; no duplicate,DONE,DONE,DONE,DONE,DONE,DONE,NONE,NONE
EVENT_SPECIAL_NATIONAL_0717,CHECK_UNLOCK,host interaction,test unlock expression,CHECK_LEDGER,LOCKED,LOCKED,LOCKED,LOCKED,LOCKED,NONE,NONE
EVENT_SPECIAL_NATIONAL_0717,CHECK_LEDGER,unlock true,test shared ledger/dex migration,OFFER,DONE,DONE,DONE,DONE,DONE,NONE,NONE
EVENT_SPECIAL_NATIONAL_0717,OFFER,not already complete,show INTRO; Yes/No,PREPARE,RETRY,RETRY,RETRY,RETRY,RETRY,NONE,NONE
EVENT_SPECIAL_NATIONAL_0717,PREPARE,Yes selected,write pending transaction only; reserve no item/flag,EXECUTE,RETRY,RETRY,RETRY,FULL,FULL,NONE,clear pending; restore unconsumed source item; no capture ledger write
EVENT_SPECIAL_NATIONAL_0717,EXECUTE,pending valid,run CAPTURE adapter,COMMIT,RETRY,RETRY,RETRY,FULL,FULL,NONE,clear pending; restore unconsumed source item; no capture ledger write
EVENT_SPECIAL_NATIONAL_0717,COMMIT,operation success,"write ledger, dex, claim count; persist atomically; clear pending",DONE,RETRY,RETRY,RETRY,RETRY,RETRY,ledger+dex+claim only in COMMIT,NONE
EVENT_SPECIAL_NATIONAL_0717,RETRY,cancel/defeat/escape/reset recovery,clear pending; leave encounter/claim available,OFFER,OFFER,OFFER,OFFER,OFFER,OFFER,NONE,clear pending; restore unconsumed source item; no capture ledger write
EVENT_SPECIAL_NATIONAL_0717,FULL,party/PC/queue unavailable,show FULL; consume nothing; clear pending,OFFER,OFFER,OFFER,OFFER,OFFER,OFFER,NONE,clear pending; restore unconsumed source item; no capture ledger write
EVENT_SPECIAL_NATIONAL_0717,DONE,ledger or commit true,show SUCCESS or ALREADY; no duplicate,DONE,DONE,DONE,DONE,DONE,DONE,NONE,NONE
EVENT_SPECIAL_NATIONAL_0718,CHECK_UNLOCK,host interaction,test unlock expression,CHECK_LEDGER,LOCKED,LOCKED,LOCKED,LOCKED,LOCKED,NONE,NONE
EVENT_SPECIAL_NATIONAL_0718,CHECK_LEDGER,unlock true,test shared ledger/dex migration,OFFER,DONE,DONE,DONE,DONE,DONE,NONE,NONE
EVENT_SPECIAL_NATIONAL_0718,OFFER,not already complete,show INTRO; Yes/No,PREPARE,RETRY,RETRY,RETRY,RETRY,RETRY,NONE,NONE
EVENT_SPECIAL_NATIONAL_0718,PREPARE,Yes selected,write pending transaction only; reserve no item/flag,EXECUTE,RETRY,RETRY,RETRY,FULL,FULL,NONE,clear pending; restore unconsumed source item; no capture ledger write
EVENT_SPECIAL_NATIONAL_0718,EXECUTE,pending valid,run CAPTURE adapter,COMMIT,RETRY,RETRY,RETRY,FULL,FULL,NONE,clear pending; restore unconsumed source item; no capture ledger write
EVENT_SPECIAL_NATIONAL_0718,COMMIT,operation success,"write ledger, dex, claim count; persist atomically; clear pending",DONE,RETRY,RETRY,RETRY,RETRY,RETRY,ledger+dex+claim only in COMMIT,NONE
EVENT_SPECIAL_NATIONAL_0718,RETRY,cancel/defeat/escape/reset recovery,clear pending; leave encounter/claim available,OFFER,OFFER,OFFER,OFFER,OFFER,OFFER,NONE,clear pending; restore unconsumed source item; no capture ledger write
EVENT_SPECIAL_NATIONAL_0718,FULL,party/PC/queue unavailable,show FULL; consume nothing; clear pending,OFFER,OFFER,OFFER,OFFER,OFFER,OFFER,NONE,clear pending; restore unconsumed source item; no capture ledger write
EVENT_SPECIAL_NATIONAL_0718,DONE,ledger or commit true,show SUCCESS or ALREADY; no duplicate,DONE,DONE,DONE,DONE,DONE,DONE,NONE,NONE
EVENT_SPECIAL_NATIONAL_0719,CHECK_UNLOCK,host interaction,test unlock expression,CHECK_LEDGER,LOCKED,LOCKED,LOCKED,LOCKED,LOCKED,NONE,NONE
EVENT_SPECIAL_NATIONAL_0719,CHECK_LEDGER,unlock true,test shared ledger/dex migration,OFFER,DONE,DONE,DONE,DONE,DONE,NONE,NONE
EVENT_SPECIAL_NATIONAL_0719,OFFER,not already complete,show INTRO; Yes/No,PREPARE,RETRY,RETRY,RETRY,RETRY,RETRY,NONE,NONE
EVENT_SPECIAL_NATIONAL_0719,PREPARE,Yes selected,write pending transaction only; reserve no item/flag,EXECUTE,RETRY,RETRY,RETRY,FULL,FULL,NONE,clear pending; restore unconsumed source item; no capture ledger write
EVENT_SPECIAL_NATIONAL_0719,EXECUTE,pending valid,run CAPTURE adapter,COMMIT,RETRY,RETRY,RETRY,FULL,FULL,NONE,clear pending; restore unconsumed source item; no capture ledger write
EVENT_SPECIAL_NATIONAL_0719,COMMIT,operation success,"write ledger, dex, claim count; persist atomically; clear pending",DONE,RETRY,RETRY,RETRY,RETRY,RETRY,ledger+dex+claim only in COMMIT,NONE
EVENT_SPECIAL_NATIONAL_0719,RETRY,cancel/defeat/escape/reset recovery,clear pending; leave encounter/claim available,OFFER,OFFER,OFFER,OFFER,OFFER,OFFER,NONE,clear pending; restore unconsumed source item; no capture ledger write
EVENT_SPECIAL_NATIONAL_0719,FULL,party/PC/queue unavailable,show FULL; consume nothing; clear pending,OFFER,OFFER,OFFER,OFFER,OFFER,OFFER,NONE,clear pending; restore unconsumed source item; no capture ledger write
EVENT_SPECIAL_NATIONAL_0719,DONE,ledger or commit true,show SUCCESS or ALREADY; no duplicate,DONE,DONE,DONE,DONE,DONE,DONE,NONE,NONE
EVENT_SPECIAL_NATIONAL_0720,CHECK_UNLOCK,host interaction,test unlock expression,CHECK_LEDGER,LOCKED,LOCKED,LOCKED,LOCKED,LOCKED,NONE,NONE
EVENT_SPECIAL_NATIONAL_0720,CHECK_LEDGER,unlock true,test shared ledger/dex migration,OFFER,DONE,DONE,DONE,DONE,DONE,NONE,NONE
EVENT_SPECIAL_NATIONAL_0720,OFFER,not already complete,show INTRO; Yes/No,PREPARE,RETRY,RETRY,RETRY,RETRY,RETRY,NONE,NONE
EVENT_SPECIAL_NATIONAL_0720,PREPARE,Yes selected,write pending transaction only; reserve no item/flag,EXECUTE,RETRY,RETRY,RETRY,FULL,FULL,NONE,clear pending; restore unconsumed source item; no capture ledger write
EVENT_SPECIAL_NATIONAL_0720,EXECUTE,pending valid,run CAPTURE adapter,COMMIT,RETRY,RETRY,RETRY,FULL,FULL,NONE,clear pending; restore unconsumed source item; no capture ledger write
EVENT_SPECIAL_NATIONAL_0720,COMMIT,operation success,"write ledger, dex, claim count; persist atomically; clear pending",DONE,RETRY,RETRY,RETRY,RETRY,RETRY,ledger+dex+claim only in COMMIT,NONE
EVENT_SPECIAL_NATIONAL_0720,RETRY,cancel/defeat/escape/reset recovery,clear pending; leave encounter/claim available,OFFER,OFFER,OFFER,OFFER,OFFER,OFFER,NONE,clear pending; restore unconsumed source item; no capture ledger write
EVENT_SPECIAL_NATIONAL_0720,FULL,party/PC/queue unavailable,show FULL; consume nothing; clear pending,OFFER,OFFER,OFFER,OFFER,OFFER,OFFER,NONE,clear pending; restore unconsumed source item; no capture ledger write
EVENT_SPECIAL_NATIONAL_0720,DONE,ledger or commit true,show SUCCESS or ALREADY; no duplicate,DONE,DONE,DONE,DONE,DONE,DONE,NONE,NONE
EVENT_SPECIAL_NATIONAL_0721,CHECK_UNLOCK,host interaction,test unlock expression,CHECK_LEDGER,LOCKED,LOCKED,LOCKED,LOCKED,LOCKED,NONE,NONE
EVENT_SPECIAL_NATIONAL_0721,CHECK_LEDGER,unlock true,test shared ledger/dex migration,OFFER,DONE,DONE,DONE,DONE,DONE,NONE,NONE
EVENT_SPECIAL_NATIONAL_0721,OFFER,not already complete,show INTRO; Yes/No,PREPARE,RETRY,RETRY,RETRY,RETRY,RETRY,NONE,NONE
EVENT_SPECIAL_NATIONAL_0721,PREPARE,Yes selected,write pending transaction only; reserve no item/flag,EXECUTE,RETRY,RETRY,RETRY,FULL,FULL,NONE,clear pending; restore unconsumed source item; no capture ledger write
EVENT_SPECIAL_NATIONAL_0721,EXECUTE,pending valid,run CAPTURE adapter,COMMIT,RETRY,RETRY,RETRY,FULL,FULL,NONE,clear pending; restore unconsumed source item; no capture ledger write
EVENT_SPECIAL_NATIONAL_0721,COMMIT,operation success,"write ledger, dex, claim count; persist atomically; clear pending",DONE,RETRY,RETRY,RETRY,RETRY,RETRY,ledger+dex+claim only in COMMIT,NONE
EVENT_SPECIAL_NATIONAL_0721,RETRY,cancel/defeat/escape/reset recovery,clear pending; leave encounter/claim available,OFFER,OFFER,OFFER,OFFER,OFFER,OFFER,NONE,clear pending; restore unconsumed source item; no capture ledger write
EVENT_SPECIAL_NATIONAL_0721,FULL,party/PC/queue unavailable,show FULL; consume nothing; clear pending,OFFER,OFFER,OFFER,OFFER,OFFER,OFFER,NONE,clear pending; restore unconsumed source item; no capture ledger write
EVENT_SPECIAL_NATIONAL_0721,DONE,ledger or commit true,show SUCCESS or ALREADY; no duplicate,DONE,DONE,DONE,DONE,DONE,DONE,NONE,NONE
EVENT_SPECIAL_NATIONAL_0772,CHECK_UNLOCK,host interaction,test unlock expression,CHECK_LEDGER,LOCKED,LOCKED,LOCKED,LOCKED,LOCKED,NONE,NONE
EVENT_SPECIAL_NATIONAL_0772,CHECK_LEDGER,unlock true,test shared ledger/dex migration,OFFER,DONE,DONE,DONE,DONE,DONE,NONE,NONE
EVENT_SPECIAL_NATIONAL_0772,OFFER,not already complete,show INTRO; Yes/No,PREPARE,RETRY,RETRY,RETRY,RETRY,RETRY,NONE,NONE
EVENT_SPECIAL_NATIONAL_0772,PREPARE,Yes selected,write pending transaction only; reserve no item/flag,EXECUTE,RETRY,RETRY,RETRY,FULL,FULL,NONE,clear pending; restore unconsumed source item; no capture ledger write
EVENT_SPECIAL_NATIONAL_0772,EXECUTE,pending valid,run GIFT adapter,COMMIT,RETRY,RETRY,RETRY,FULL,FULL,NONE,clear pending; restore unconsumed source item; no capture ledger write
EVENT_SPECIAL_NATIONAL_0772,COMMIT,operation success,"write ledger, dex, claim count; persist atomically; clear pending",DONE,RETRY,RETRY,RETRY,RETRY,RETRY,ledger+dex+claim only in COMMIT,NONE
EVENT_SPECIAL_NATIONAL_0772,RETRY,cancel/defeat/escape/reset recovery,clear pending; leave encounter/claim available,OFFER,OFFER,OFFER,OFFER,OFFER,OFFER,NONE,clear pending; restore unconsumed source item; no capture ledger write
EVENT_SPECIAL_NATIONAL_0772,FULL,party/PC/queue unavailable,show FULL; consume nothing; clear pending,OFFER,OFFER,OFFER,OFFER,OFFER,OFFER,NONE,clear pending; restore unconsumed source item; no capture ledger write
EVENT_SPECIAL_NATIONAL_0772,DONE,ledger or commit true,show SUCCESS or ALREADY; no duplicate,DONE,DONE,DONE,DONE,DONE,DONE,NONE,NONE
EVENT_SPECIAL_NATIONAL_0773,CHECK_UNLOCK,host interaction,test unlock expression,CHECK_LEDGER,LOCKED,LOCKED,LOCKED,LOCKED,LOCKED,NONE,NONE
EVENT_SPECIAL_NATIONAL_0773,CHECK_LEDGER,unlock true,test shared ledger/dex migration,OFFER,DONE,DONE,DONE,DONE,DONE,NONE,NONE
EVENT_SPECIAL_NATIONAL_0773,OFFER,not already complete,show INTRO; Yes/No,PREPARE,RETRY,RETRY,RETRY,RETRY,RETRY,NONE,NONE
EVENT_SPECIAL_NATIONAL_0773,PREPARE,Yes selected,write pending transaction only; reserve no item/flag,EXECUTE,RETRY,RETRY,RETRY,FULL,FULL,NONE,clear pending; restore unconsumed source item; no capture ledger write
EVENT_SPECIAL_NATIONAL_0773,EXECUTE,pending valid,run EVOLUTION_SUPPORT adapter,COMMIT,RETRY,RETRY,RETRY,FULL,FULL,NONE,clear pending; restore unconsumed source item; no capture ledger write
EVENT_SPECIAL_NATIONAL_0773,COMMIT,operation success,"write ledger, dex, claim count; persist atomically; clear pending",DONE,RETRY,RETRY,RETRY,RETRY,RETRY,ledger+dex+claim only in COMMIT,NONE
EVENT_SPECIAL_NATIONAL_0773,RETRY,cancel/defeat/escape/reset recovery,clear pending; leave encounter/claim available,OFFER,OFFER,OFFER,OFFER,OFFER,OFFER,NONE,clear pending; restore unconsumed source item; no capture ledger write
EVENT_SPECIAL_NATIONAL_0773,FULL,party/PC/queue unavailable,show FULL; consume nothing; clear pending,OFFER,OFFER,OFFER,OFFER,OFFER,OFFER,NONE,clear pending; restore unconsumed source item; no capture ledger write
EVENT_SPECIAL_NATIONAL_0773,DONE,ledger or commit true,show SUCCESS or ALREADY; no duplicate,DONE,DONE,DONE,DONE,DONE,DONE,NONE,NONE
EVENT_SPECIAL_NATIONAL_0785,CHECK_UNLOCK,host interaction,test unlock expression,CHECK_LEDGER,LOCKED,LOCKED,LOCKED,LOCKED,LOCKED,NONE,NONE
EVENT_SPECIAL_NATIONAL_0785,CHECK_LEDGER,unlock true,test shared ledger/dex migration,OFFER,DONE,DONE,DONE,DONE,DONE,NONE,NONE
EVENT_SPECIAL_NATIONAL_0785,OFFER,not already complete,show INTRO; Yes/No,PREPARE,RETRY,RETRY,RETRY,RETRY,RETRY,NONE,NONE
EVENT_SPECIAL_NATIONAL_0785,PREPARE,Yes selected,write pending transaction only; reserve no item/flag,EXECUTE,RETRY,RETRY,RETRY,FULL,FULL,NONE,clear pending; restore unconsumed source item; no capture ledger write
EVENT_SPECIAL_NATIONAL_0785,EXECUTE,pending valid,run CAPTURE adapter,COMMIT,RETRY,RETRY,RETRY,FULL,FULL,NONE,clear pending; restore unconsumed source item; no capture ledger write
EVENT_SPECIAL_NATIONAL_0785,COMMIT,operation success,"write ledger, dex, claim count; persist atomically; clear pending",DONE,RETRY,RETRY,RETRY,RETRY,RETRY,ledger+dex+claim only in COMMIT,NONE
EVENT_SPECIAL_NATIONAL_0785,RETRY,cancel/defeat/escape/reset recovery,clear pending; leave encounter/claim available,OFFER,OFFER,OFFER,OFFER,OFFER,OFFER,NONE,clear pending; restore unconsumed source item; no capture ledger write
EVENT_SPECIAL_NATIONAL_0785,FULL,party/PC/queue unavailable,show FULL; consume nothing; clear pending,OFFER,OFFER,OFFER,OFFER,OFFER,OFFER,NONE,clear pending; restore unconsumed source item; no capture ledger write
EVENT_SPECIAL_NATIONAL_0785,DONE,ledger or commit true,show SUCCESS or ALREADY; no duplicate,DONE,DONE,DONE,DONE,DONE,DONE,NONE,NONE
EVENT_SPECIAL_NATIONAL_0786,CHECK_UNLOCK,host interaction,test unlock expression,CHECK_LEDGER,LOCKED,LOCKED,LOCKED,LOCKED,LOCKED,NONE,NONE
EVENT_SPECIAL_NATIONAL_0786,CHECK_LEDGER,unlock true,test shared ledger/dex migration,OFFER,DONE,DONE,DONE,DONE,DONE,NONE,NONE
EVENT_SPECIAL_NATIONAL_0786,OFFER,not already complete,show INTRO; Yes/No,PREPARE,RETRY,RETRY,RETRY,RETRY,RETRY,NONE,NONE
EVENT_SPECIAL_NATIONAL_0786,PREPARE,Yes selected,write pending transaction only; reserve no item/flag,EXECUTE,RETRY,RETRY,RETRY,FULL,FULL,NONE,clear pending; restore unconsumed source item; no capture ledger write
EVENT_SPECIAL_NATIONAL_0786,EXECUTE,pending valid,run CAPTURE adapter,COMMIT,RETRY,RETRY,RETRY,FULL,FULL,NONE,clear pending; restore unconsumed source item; no capture ledger write
EVENT_SPECIAL_NATIONAL_0786,COMMIT,operation success,"write ledger, dex, claim count; persist atomically; clear pending",DONE,RETRY,RETRY,RETRY,RETRY,RETRY,ledger+dex+claim only in COMMIT,NONE
EVENT_SPECIAL_NATIONAL_0786,RETRY,cancel/defeat/escape/reset recovery,clear pending; leave encounter/claim available,OFFER,OFFER,OFFER,OFFER,OFFER,OFFER,NONE,clear pending; restore unconsumed source item; no capture ledger write
EVENT_SPECIAL_NATIONAL_0786,FULL,party/PC/queue unavailable,show FULL; consume nothing; clear pending,OFFER,OFFER,OFFER,OFFER,OFFER,OFFER,NONE,clear pending; restore unconsumed source item; no capture ledger write
EVENT_SPECIAL_NATIONAL_0786,DONE,ledger or commit true,show SUCCESS or ALREADY; no duplicate,DONE,DONE,DONE,DONE,DONE,DONE,NONE,NONE
EVENT_SPECIAL_NATIONAL_0787,CHECK_UNLOCK,host interaction,test unlock expression,CHECK_LEDGER,LOCKED,LOCKED,LOCKED,LOCKED,LOCKED,NONE,NONE
EVENT_SPECIAL_NATIONAL_0787,CHECK_LEDGER,unlock true,test shared ledger/dex migration,OFFER,DONE,DONE,DONE,DONE,DONE,NONE,NONE
EVENT_SPECIAL_NATIONAL_0787,OFFER,not already complete,show INTRO; Yes/No,PREPARE,RETRY,RETRY,RETRY,RETRY,RETRY,NONE,NONE
EVENT_SPECIAL_NATIONAL_0787,PREPARE,Yes selected,write pending transaction only; reserve no item/flag,EXECUTE,RETRY,RETRY,RETRY,FULL,FULL,NONE,clear pending; restore unconsumed source item; no capture ledger write
EVENT_SPECIAL_NATIONAL_0787,EXECUTE,pending valid,run CAPTURE adapter,COMMIT,RETRY,RETRY,RETRY,FULL,FULL,NONE,clear pending; restore unconsumed source item; no capture ledger write
EVENT_SPECIAL_NATIONAL_0787,COMMIT,operation success,"write ledger, dex, claim count; persist atomically; clear pending",DONE,RETRY,RETRY,RETRY,RETRY,RETRY,ledger+dex+claim only in COMMIT,NONE
EVENT_SPECIAL_NATIONAL_0787,RETRY,cancel/defeat/escape/reset recovery,clear pending; leave encounter/claim available,OFFER,OFFER,OFFER,OFFER,OFFER,OFFER,NONE,clear pending; restore unconsumed source item; no capture ledger write
EVENT_SPECIAL_NATIONAL_0787,FULL,party/PC/queue unavailable,show FULL; consume nothing; clear pending,OFFER,OFFER,OFFER,OFFER,OFFER,OFFER,NONE,clear pending; restore unconsumed source item; no capture ledger write
EVENT_SPECIAL_NATIONAL_0787,DONE,ledger or commit true,show SUCCESS or ALREADY; no duplicate,DONE,DONE,DONE,DONE,DONE,DONE,NONE,NONE
EVENT_SPECIAL_NATIONAL_0788,CHECK_UNLOCK,host interaction,test unlock expression,CHECK_LEDGER,LOCKED,LOCKED,LOCKED,LOCKED,LOCKED,NONE,NONE
EVENT_SPECIAL_NATIONAL_0788,CHECK_LEDGER,unlock true,test shared ledger/dex migration,OFFER,DONE,DONE,DONE,DONE,DONE,NONE,NONE
EVENT_SPECIAL_NATIONAL_0788,OFFER,not already complete,show INTRO; Yes/No,PREPARE,RETRY,RETRY,RETRY,RETRY,RETRY,NONE,NONE
EVENT_SPECIAL_NATIONAL_0788,PREPARE,Yes selected,write pending transaction only; reserve no item/flag,EXECUTE,RETRY,RETRY,RETRY,FULL,FULL,NONE,clear pending; restore unconsumed source item; no capture ledger write
EVENT_SPECIAL_NATIONAL_0788,EXECUTE,pending valid,run CAPTURE adapter,COMMIT,RETRY,RETRY,RETRY,FULL,FULL,NONE,clear pending; restore unconsumed source item; no capture ledger write
EVENT_SPECIAL_NATIONAL_0788,COMMIT,operation success,"write ledger, dex, claim count; persist atomically; clear pending",DONE,RETRY,RETRY,RETRY,RETRY,RETRY,ledger+dex+claim only in COMMIT,NONE
EVENT_SPECIAL_NATIONAL_0788,RETRY,cancel/defeat/escape/reset recovery,clear pending; leave encounter/claim available,OFFER,OFFER,OFFER,OFFER,OFFER,OFFER,NONE,clear pending; restore unconsumed source item; no capture ledger write
EVENT_SPECIAL_NATIONAL_0788,FULL,party/PC/queue unavailable,show FULL; consume nothing; clear pending,OFFER,OFFER,OFFER,OFFER,OFFER,OFFER,NONE,clear pending; restore unconsumed source item; no capture ledger write
EVENT_SPECIAL_NATIONAL_0788,DONE,ledger or commit true,show SUCCESS or ALREADY; no duplicate,DONE,DONE,DONE,DONE,DONE,DONE,NONE,NONE
EVENT_SPECIAL_NATIONAL_0789,CHECK_UNLOCK,host interaction,test unlock expression,CHECK_LEDGER,LOCKED,LOCKED,LOCKED,LOCKED,LOCKED,NONE,NONE
EVENT_SPECIAL_NATIONAL_0789,CHECK_LEDGER,unlock true,test shared ledger/dex migration,OFFER,DONE,DONE,DONE,DONE,DONE,NONE,NONE
EVENT_SPECIAL_NATIONAL_0789,OFFER,not already complete,show INTRO; Yes/No,PREPARE,RETRY,RETRY,RETRY,RETRY,RETRY,NONE,NONE
EVENT_SPECIAL_NATIONAL_0789,PREPARE,Yes selected,write pending transaction only; reserve no item/flag,EXECUTE,RETRY,RETRY,RETRY,FULL,FULL,NONE,clear pending; restore unconsumed source item; no capture ledger write
EVENT_SPECIAL_NATIONAL_0789,EXECUTE,pending valid,run GIFT adapter,COMMIT,RETRY,RETRY,RETRY,FULL,FULL,NONE,clear pending; restore unconsumed source item; no capture ledger write
EVENT_SPECIAL_NATIONAL_0789,COMMIT,operation success,"write ledger, dex, claim count; persist atomically; clear pending",DONE,RETRY,RETRY,RETRY,RETRY,RETRY,ledger+dex+claim only in COMMIT,NONE
EVENT_SPECIAL_NATIONAL_0789,RETRY,cancel/defeat/escape/reset recovery,clear pending; leave encounter/claim available,OFFER,OFFER,OFFER,OFFER,OFFER,OFFER,NONE,clear pending; restore unconsumed source item; no capture ledger write
EVENT_SPECIAL_NATIONAL_0789,FULL,party/PC/queue unavailable,show FULL; consume nothing; clear pending,OFFER,OFFER,OFFER,OFFER,OFFER,OFFER,NONE,clear pending; restore unconsumed source item; no capture ledger write
EVENT_SPECIAL_NATIONAL_0789,DONE,ledger or commit true,show SUCCESS or ALREADY; no duplicate,DONE,DONE,DONE,DONE,DONE,DONE,NONE,NONE
EVENT_SPECIAL_NATIONAL_0790,CHECK_UNLOCK,host interaction,test unlock expression,CHECK_LEDGER,LOCKED,LOCKED,LOCKED,LOCKED,LOCKED,NONE,NONE
EVENT_SPECIAL_NATIONAL_0790,CHECK_LEDGER,unlock true,test shared ledger/dex migration,OFFER,DONE,DONE,DONE,DONE,DONE,NONE,NONE
EVENT_SPECIAL_NATIONAL_0790,OFFER,not already complete,show INTRO; Yes/No,PREPARE,RETRY,RETRY,RETRY,RETRY,RETRY,NONE,NONE
EVENT_SPECIAL_NATIONAL_0790,PREPARE,Yes selected,write pending transaction only; reserve no item/flag,EXECUTE,RETRY,RETRY,RETRY,FULL,FULL,NONE,clear pending; restore unconsumed source item; no capture ledger write
EVENT_SPECIAL_NATIONAL_0790,EXECUTE,pending valid,run EVOLUTION_SUPPORT adapter,COMMIT,RETRY,RETRY,RETRY,FULL,FULL,NONE,clear pending; restore unconsumed source item; no capture ledger write
EVENT_SPECIAL_NATIONAL_0790,COMMIT,operation success,"write ledger, dex, claim count; persist atomically; clear pending",DONE,RETRY,RETRY,RETRY,RETRY,RETRY,ledger+dex+claim only in COMMIT,NONE
EVENT_SPECIAL_NATIONAL_0790,RETRY,cancel/defeat/escape/reset recovery,clear pending; leave encounter/claim available,OFFER,OFFER,OFFER,OFFER,OFFER,OFFER,NONE,clear pending; restore unconsumed source item; no capture ledger write
EVENT_SPECIAL_NATIONAL_0790,FULL,party/PC/queue unavailable,show FULL; consume nothing; clear pending,OFFER,OFFER,OFFER,OFFER,OFFER,OFFER,NONE,clear pending; restore unconsumed source item; no capture ledger write
EVENT_SPECIAL_NATIONAL_0790,DONE,ledger or commit true,show SUCCESS or ALREADY; no duplicate,DONE,DONE,DONE,DONE,DONE,DONE,NONE,NONE
EVENT_SPECIAL_NATIONAL_0791,CHECK_UNLOCK,host interaction,test unlock expression,CHECK_LEDGER,LOCKED,LOCKED,LOCKED,LOCKED,LOCKED,NONE,NONE
EVENT_SPECIAL_NATIONAL_0791,CHECK_LEDGER,unlock true,test shared ledger/dex migration,OFFER,DONE,DONE,DONE,DONE,DONE,NONE,NONE
EVENT_SPECIAL_NATIONAL_0791,OFFER,not already complete,show INTRO; Yes/No,PREPARE,RETRY,RETRY,RETRY,RETRY,RETRY,NONE,NONE
EVENT_SPECIAL_NATIONAL_0791,PREPARE,Yes selected,write pending transaction only; reserve no item/flag,EXECUTE,RETRY,RETRY,RETRY,FULL,FULL,NONE,clear pending; restore unconsumed source item; no capture ledger write
EVENT_SPECIAL_NATIONAL_0791,EXECUTE,pending valid,run EVOLUTION_SUPPORT adapter,COMMIT,RETRY,RETRY,RETRY,FULL,FULL,NONE,clear pending; restore unconsumed source item; no capture ledger write
EVENT_SPECIAL_NATIONAL_0791,COMMIT,operation success,"write ledger, dex, claim count; persist atomically; clear pending",DONE,RETRY,RETRY,RETRY,RETRY,RETRY,ledger+dex+claim only in COMMIT,NONE
EVENT_SPECIAL_NATIONAL_0791,RETRY,cancel/defeat/escape/reset recovery,clear pending; leave encounter/claim available,OFFER,OFFER,OFFER,OFFER,OFFER,OFFER,NONE,clear pending; restore unconsumed source item; no capture ledger write
EVENT_SPECIAL_NATIONAL_0791,FULL,party/PC/queue unavailable,show FULL; consume nothing; clear pending,OFFER,OFFER,OFFER,OFFER,OFFER,OFFER,NONE,clear pending; restore unconsumed source item; no capture ledger write
EVENT_SPECIAL_NATIONAL_0791,DONE,ledger or commit true,show SUCCESS or ALREADY; no duplicate,DONE,DONE,DONE,DONE,DONE,DONE,NONE,NONE
EVENT_SPECIAL_NATIONAL_0792,CHECK_UNLOCK,host interaction,test unlock expression,CHECK_LEDGER,LOCKED,LOCKED,LOCKED,LOCKED,LOCKED,NONE,NONE
EVENT_SPECIAL_NATIONAL_0792,CHECK_LEDGER,unlock true,test shared ledger/dex migration,OFFER,DONE,DONE,DONE,DONE,DONE,NONE,NONE
EVENT_SPECIAL_NATIONAL_0792,OFFER,not already complete,show INTRO; Yes/No,PREPARE,RETRY,RETRY,RETRY,RETRY,RETRY,NONE,NONE
EVENT_SPECIAL_NATIONAL_0792,PREPARE,Yes selected,write pending transaction only; reserve no item/flag,EXECUTE,RETRY,RETRY,RETRY,FULL,FULL,NONE,clear pending; restore unconsumed source item; no capture ledger write
EVENT_SPECIAL_NATIONAL_0792,EXECUTE,pending valid,run EVOLUTION_SUPPORT adapter,COMMIT,RETRY,RETRY,RETRY,FULL,FULL,NONE,clear pending; restore unconsumed source item; no capture ledger write
EVENT_SPECIAL_NATIONAL_0792,COMMIT,operation success,"write ledger, dex, claim count; persist atomically; clear pending",DONE,RETRY,RETRY,RETRY,RETRY,RETRY,ledger+dex+claim only in COMMIT,NONE
EVENT_SPECIAL_NATIONAL_0792,RETRY,cancel/defeat/escape/reset recovery,clear pending; leave encounter/claim available,OFFER,OFFER,OFFER,OFFER,OFFER,OFFER,NONE,clear pending; restore unconsumed source item; no capture ledger write
EVENT_SPECIAL_NATIONAL_0792,FULL,party/PC/queue unavailable,show FULL; consume nothing; clear pending,OFFER,OFFER,OFFER,OFFER,OFFER,OFFER,NONE,clear pending; restore unconsumed source item; no capture ledger write
EVENT_SPECIAL_NATIONAL_0792,DONE,ledger or commit true,show SUCCESS or ALREADY; no duplicate,DONE,DONE,DONE,DONE,DONE,DONE,NONE,NONE
EVENT_SPECIAL_NATIONAL_0793,CHECK_UNLOCK,host interaction,test unlock expression,CHECK_LEDGER,LOCKED,LOCKED,LOCKED,LOCKED,LOCKED,NONE,NONE
EVENT_SPECIAL_NATIONAL_0793,CHECK_LEDGER,unlock true,test shared ledger/dex migration,OFFER,DONE,DONE,DONE,DONE,DONE,NONE,NONE
EVENT_SPECIAL_NATIONAL_0793,OFFER,not already complete,show INTRO; Yes/No,PREPARE,RETRY,RETRY,RETRY,RETRY,RETRY,NONE,NONE
EVENT_SPECIAL_NATIONAL_0793,PREPARE,Yes selected,write pending transaction only; reserve no item/flag,EXECUTE,RETRY,RETRY,RETRY,FULL,FULL,NONE,clear pending; restore unconsumed source item; no capture ledger write
EVENT_SPECIAL_NATIONAL_0793,EXECUTE,pending valid,run CAPTURE adapter,COMMIT,RETRY,RETRY,RETRY,FULL,FULL,NONE,clear pending; restore unconsumed source item; no capture ledger write
EVENT_SPECIAL_NATIONAL_0793,COMMIT,operation success,"write ledger, dex, claim count; persist atomically; clear pending",DONE,RETRY,RETRY,RETRY,RETRY,RETRY,ledger+dex+claim only in COMMIT,NONE
EVENT_SPECIAL_NATIONAL_0793,RETRY,cancel/defeat/escape/reset recovery,clear pending; leave encounter/claim available,OFFER,OFFER,OFFER,OFFER,OFFER,OFFER,NONE,clear pending; restore unconsumed source item; no capture ledger write
EVENT_SPECIAL_NATIONAL_0793,FULL,party/PC/queue unavailable,show FULL; consume nothing; clear pending,OFFER,OFFER,OFFER,OFFER,OFFER,OFFER,NONE,clear pending; restore unconsumed source item; no capture ledger write
EVENT_SPECIAL_NATIONAL_0793,DONE,ledger or commit true,show SUCCESS or ALREADY; no duplicate,DONE,DONE,DONE,DONE,DONE,DONE,NONE,NONE
EVENT_SPECIAL_NATIONAL_0794,CHECK_UNLOCK,host interaction,test unlock expression,CHECK_LEDGER,LOCKED,LOCKED,LOCKED,LOCKED,LOCKED,NONE,NONE
EVENT_SPECIAL_NATIONAL_0794,CHECK_LEDGER,unlock true,test shared ledger/dex migration,OFFER,DONE,DONE,DONE,DONE,DONE,NONE,NONE
EVENT_SPECIAL_NATIONAL_0794,OFFER,not already complete,show INTRO; Yes/No,PREPARE,RETRY,RETRY,RETRY,RETRY,RETRY,NONE,NONE
EVENT_SPECIAL_NATIONAL_0794,PREPARE,Yes selected,write pending transaction only; reserve no item/flag,EXECUTE,RETRY,RETRY,RETRY,FULL,FULL,NONE,clear pending; restore unconsumed source item; no capture ledger write
EVENT_SPECIAL_NATIONAL_0794,EXECUTE,pending valid,run CAPTURE adapter,COMMIT,RETRY,RETRY,RETRY,FULL,FULL,NONE,clear pending; restore unconsumed source item; no capture ledger write
EVENT_SPECIAL_NATIONAL_0794,COMMIT,operation success,"write ledger, dex, claim count; persist atomically; clear pending",DONE,RETRY,RETRY,RETRY,RETRY,RETRY,ledger+dex+claim only in COMMIT,NONE
EVENT_SPECIAL_NATIONAL_0794,RETRY,cancel/defeat/escape/reset recovery,clear pending; leave encounter/claim available,OFFER,OFFER,OFFER,OFFER,OFFER,OFFER,NONE,clear pending; restore unconsumed source item; no capture ledger write
EVENT_SPECIAL_NATIONAL_0794,FULL,party/PC/queue unavailable,show FULL; consume nothing; clear pending,OFFER,OFFER,OFFER,OFFER,OFFER,OFFER,NONE,clear pending; restore unconsumed source item; no capture ledger write
EVENT_SPECIAL_NATIONAL_0794,DONE,ledger or commit true,show SUCCESS or ALREADY; no duplicate,DONE,DONE,DONE,DONE,DONE,DONE,NONE,NONE
EVENT_SPECIAL_NATIONAL_0795,CHECK_UNLOCK,host interaction,test unlock expression,CHECK_LEDGER,LOCKED,LOCKED,LOCKED,LOCKED,LOCKED,NONE,NONE
EVENT_SPECIAL_NATIONAL_0795,CHECK_LEDGER,unlock true,test shared ledger/dex migration,OFFER,DONE,DONE,DONE,DONE,DONE,NONE,NONE
EVENT_SPECIAL_NATIONAL_0795,OFFER,not already complete,show INTRO; Yes/No,PREPARE,RETRY,RETRY,RETRY,RETRY,RETRY,NONE,NONE
EVENT_SPECIAL_NATIONAL_0795,PREPARE,Yes selected,write pending transaction only; reserve no item/flag,EXECUTE,RETRY,RETRY,RETRY,FULL,FULL,NONE,clear pending; restore unconsumed source item; no capture ledger write
EVENT_SPECIAL_NATIONAL_0795,EXECUTE,pending valid,run CAPTURE adapter,COMMIT,RETRY,RETRY,RETRY,FULL,FULL,NONE,clear pending; restore unconsumed source item; no capture ledger write
EVENT_SPECIAL_NATIONAL_0795,COMMIT,operation success,"write ledger, dex, claim count; persist atomically; clear pending",DONE,RETRY,RETRY,RETRY,RETRY,RETRY,ledger+dex+claim only in COMMIT,NONE
EVENT_SPECIAL_NATIONAL_0795,RETRY,cancel/defeat/escape/reset recovery,clear pending; leave encounter/claim available,OFFER,OFFER,OFFER,OFFER,OFFER,OFFER,NONE,clear pending; restore unconsumed source item; no capture ledger write
EVENT_SPECIAL_NATIONAL_0795,FULL,party/PC/queue unavailable,show FULL; consume nothing; clear pending,OFFER,OFFER,OFFER,OFFER,OFFER,OFFER,NONE,clear pending; restore unconsumed source item; no capture ledger write
EVENT_SPECIAL_NATIONAL_0795,DONE,ledger or commit true,show SUCCESS or ALREADY; no duplicate,DONE,DONE,DONE,DONE,DONE,DONE,NONE,NONE
EVENT_SPECIAL_NATIONAL_0796,CHECK_UNLOCK,host interaction,test unlock expression,CHECK_LEDGER,LOCKED,LOCKED,LOCKED,LOCKED,LOCKED,NONE,NONE
EVENT_SPECIAL_NATIONAL_0796,CHECK_LEDGER,unlock true,test shared ledger/dex migration,OFFER,DONE,DONE,DONE,DONE,DONE,NONE,NONE
EVENT_SPECIAL_NATIONAL_0796,OFFER,not already complete,show INTRO; Yes/No,PREPARE,RETRY,RETRY,RETRY,RETRY,RETRY,NONE,NONE
EVENT_SPECIAL_NATIONAL_0796,PREPARE,Yes selected,write pending transaction only; reserve no item/flag,EXECUTE,RETRY,RETRY,RETRY,FULL,FULL,NONE,clear pending; restore unconsumed source item; no capture ledger write
EVENT_SPECIAL_NATIONAL_0796,EXECUTE,pending valid,run CAPTURE adapter,COMMIT,RETRY,RETRY,RETRY,FULL,FULL,NONE,clear pending; restore unconsumed source item; no capture ledger write
EVENT_SPECIAL_NATIONAL_0796,COMMIT,operation success,"write ledger, dex, claim count; persist atomically; clear pending",DONE,RETRY,RETRY,RETRY,RETRY,RETRY,ledger+dex+claim only in COMMIT,NONE
EVENT_SPECIAL_NATIONAL_0796,RETRY,cancel/defeat/escape/reset recovery,clear pending; leave encounter/claim available,OFFER,OFFER,OFFER,OFFER,OFFER,OFFER,NONE,clear pending; restore unconsumed source item; no capture ledger write
EVENT_SPECIAL_NATIONAL_0796,FULL,party/PC/queue unavailable,show FULL; consume nothing; clear pending,OFFER,OFFER,OFFER,OFFER,OFFER,OFFER,NONE,clear pending; restore unconsumed source item; no capture ledger write
EVENT_SPECIAL_NATIONAL_0796,DONE,ledger or commit true,show SUCCESS or ALREADY; no duplicate,DONE,DONE,DONE,DONE,DONE,DONE,NONE,NONE
EVENT_SPECIAL_NATIONAL_0797,CHECK_UNLOCK,host interaction,test unlock expression,CHECK_LEDGER,LOCKED,LOCKED,LOCKED,LOCKED,LOCKED,NONE,NONE
EVENT_SPECIAL_NATIONAL_0797,CHECK_LEDGER,unlock true,test shared ledger/dex migration,OFFER,DONE,DONE,DONE,DONE,DONE,NONE,NONE
EVENT_SPECIAL_NATIONAL_0797,OFFER,not already complete,show INTRO; Yes/No,PREPARE,RETRY,RETRY,RETRY,RETRY,RETRY,NONE,NONE
EVENT_SPECIAL_NATIONAL_0797,PREPARE,Yes selected,write pending transaction only; reserve no item/flag,EXECUTE,RETRY,RETRY,RETRY,FULL,FULL,NONE,clear pending; restore unconsumed source item; no capture ledger write
EVENT_SPECIAL_NATIONAL_0797,EXECUTE,pending valid,run CAPTURE adapter,COMMIT,RETRY,RETRY,RETRY,FULL,FULL,NONE,clear pending; restore unconsumed source item; no capture ledger write
EVENT_SPECIAL_NATIONAL_0797,COMMIT,operation success,"write ledger, dex, claim count; persist atomically; clear pending",DONE,RETRY,RETRY,RETRY,RETRY,RETRY,ledger+dex+claim only in COMMIT,NONE
EVENT_SPECIAL_NATIONAL_0797,RETRY,cancel/defeat/escape/reset recovery,clear pending; leave encounter/claim available,OFFER,OFFER,OFFER,OFFER,OFFER,OFFER,NONE,clear pending; restore unconsumed source item; no capture ledger write
EVENT_SPECIAL_NATIONAL_0797,FULL,party/PC/queue unavailable,show FULL; consume nothing; clear pending,OFFER,OFFER,OFFER,OFFER,OFFER,OFFER,NONE,clear pending; restore unconsumed source item; no capture ledger write
EVENT_SPECIAL_NATIONAL_0797,DONE,ledger or commit true,show SUCCESS or ALREADY; no duplicate,DONE,DONE,DONE,DONE,DONE,DONE,NONE,NONE
EVENT_SPECIAL_NATIONAL_0798,CHECK_UNLOCK,host interaction,test unlock expression,CHECK_LEDGER,LOCKED,LOCKED,LOCKED,LOCKED,LOCKED,NONE,NONE
EVENT_SPECIAL_NATIONAL_0798,CHECK_LEDGER,unlock true,test shared ledger/dex migration,OFFER,DONE,DONE,DONE,DONE,DONE,NONE,NONE
EVENT_SPECIAL_NATIONAL_0798,OFFER,not already complete,show INTRO; Yes/No,PREPARE,RETRY,RETRY,RETRY,RETRY,RETRY,NONE,NONE
EVENT_SPECIAL_NATIONAL_0798,PREPARE,Yes selected,write pending transaction only; reserve no item/flag,EXECUTE,RETRY,RETRY,RETRY,FULL,FULL,NONE,clear pending; restore unconsumed source item; no capture ledger write
EVENT_SPECIAL_NATIONAL_0798,EXECUTE,pending valid,run CAPTURE adapter,COMMIT,RETRY,RETRY,RETRY,FULL,FULL,NONE,clear pending; restore unconsumed source item; no capture ledger write
EVENT_SPECIAL_NATIONAL_0798,COMMIT,operation success,"write ledger, dex, claim count; persist atomically; clear pending",DONE,RETRY,RETRY,RETRY,RETRY,RETRY,ledger+dex+claim only in COMMIT,NONE
EVENT_SPECIAL_NATIONAL_0798,RETRY,cancel/defeat/escape/reset recovery,clear pending; leave encounter/claim available,OFFER,OFFER,OFFER,OFFER,OFFER,OFFER,NONE,clear pending; restore unconsumed source item; no capture ledger write
EVENT_SPECIAL_NATIONAL_0798,FULL,party/PC/queue unavailable,show FULL; consume nothing; clear pending,OFFER,OFFER,OFFER,OFFER,OFFER,OFFER,NONE,clear pending; restore unconsumed source item; no capture ledger write
EVENT_SPECIAL_NATIONAL_0798,DONE,ledger or commit true,show SUCCESS or ALREADY; no duplicate,DONE,DONE,DONE,DONE,DONE,DONE,NONE,NONE
EVENT_SPECIAL_NATIONAL_0799,CHECK_UNLOCK,host interaction,test unlock expression,CHECK_LEDGER,LOCKED,LOCKED,LOCKED,LOCKED,LOCKED,NONE,NONE
EVENT_SPECIAL_NATIONAL_0799,CHECK_LEDGER,unlock true,test shared ledger/dex migration,OFFER,DONE,DONE,DONE,DONE,DONE,NONE,NONE
EVENT_SPECIAL_NATIONAL_0799,OFFER,not already complete,show INTRO; Yes/No,PREPARE,RETRY,RETRY,RETRY,RETRY,RETRY,NONE,NONE
EVENT_SPECIAL_NATIONAL_0799,PREPARE,Yes selected,write pending transaction only; reserve no item/flag,EXECUTE,RETRY,RETRY,RETRY,FULL,FULL,NONE,clear pending; restore unconsumed source item; no capture ledger write
EVENT_SPECIAL_NATIONAL_0799,EXECUTE,pending valid,run CAPTURE adapter,COMMIT,RETRY,RETRY,RETRY,FULL,FULL,NONE,clear pending; restore unconsumed source item; no capture ledger write
EVENT_SPECIAL_NATIONAL_0799,COMMIT,operation success,"write ledger, dex, claim count; persist atomically; clear pending",DONE,RETRY,RETRY,RETRY,RETRY,RETRY,ledger+dex+claim only in COMMIT,NONE
EVENT_SPECIAL_NATIONAL_0799,RETRY,cancel/defeat/escape/reset recovery,clear pending; leave encounter/claim available,OFFER,OFFER,OFFER,OFFER,OFFER,OFFER,NONE,clear pending; restore unconsumed source item; no capture ledger write
EVENT_SPECIAL_NATIONAL_0799,FULL,party/PC/queue unavailable,show FULL; consume nothing; clear pending,OFFER,OFFER,OFFER,OFFER,OFFER,OFFER,NONE,clear pending; restore unconsumed source item; no capture ledger write
EVENT_SPECIAL_NATIONAL_0799,DONE,ledger or commit true,show SUCCESS or ALREADY; no duplicate,DONE,DONE,DONE,DONE,DONE,DONE,NONE,NONE
EVENT_SPECIAL_NATIONAL_0800,CHECK_UNLOCK,host interaction,test unlock expression,CHECK_LEDGER,LOCKED,LOCKED,LOCKED,LOCKED,LOCKED,NONE,NONE
EVENT_SPECIAL_NATIONAL_0800,CHECK_LEDGER,unlock true,test shared ledger/dex migration,OFFER,DONE,DONE,DONE,DONE,DONE,NONE,NONE
EVENT_SPECIAL_NATIONAL_0800,OFFER,not already complete,show INTRO; Yes/No,PREPARE,RETRY,RETRY,RETRY,RETRY,RETRY,NONE,NONE
EVENT_SPECIAL_NATIONAL_0800,PREPARE,Yes selected,write pending transaction only; reserve no item/flag,EXECUTE,RETRY,RETRY,RETRY,FULL,FULL,NONE,clear pending; restore unconsumed source item; no capture ledger write
EVENT_SPECIAL_NATIONAL_0800,EXECUTE,pending valid,run CAPTURE adapter,COMMIT,RETRY,RETRY,RETRY,FULL,FULL,NONE,clear pending; restore unconsumed source item; no capture ledger write
EVENT_SPECIAL_NATIONAL_0800,COMMIT,operation success,"write ledger, dex, claim count; persist atomically; clear pending",DONE,RETRY,RETRY,RETRY,RETRY,RETRY,ledger+dex+claim only in COMMIT,NONE
EVENT_SPECIAL_NATIONAL_0800,RETRY,cancel/defeat/escape/reset recovery,clear pending; leave encounter/claim available,OFFER,OFFER,OFFER,OFFER,OFFER,OFFER,NONE,clear pending; restore unconsumed source item; no capture ledger write
EVENT_SPECIAL_NATIONAL_0800,FULL,party/PC/queue unavailable,show FULL; consume nothing; clear pending,OFFER,OFFER,OFFER,OFFER,OFFER,OFFER,NONE,clear pending; restore unconsumed source item; no capture ledger write
EVENT_SPECIAL_NATIONAL_0800,DONE,ledger or commit true,show SUCCESS or ALREADY; no duplicate,DONE,DONE,DONE,DONE,DONE,DONE,NONE,NONE
EVENT_SPECIAL_NATIONAL_0801,CHECK_UNLOCK,host interaction,test unlock expression,CHECK_LEDGER,LOCKED,LOCKED,LOCKED,LOCKED,LOCKED,NONE,NONE
EVENT_SPECIAL_NATIONAL_0801,CHECK_LEDGER,unlock true,test shared ledger/dex migration,OFFER,DONE,DONE,DONE,DONE,DONE,NONE,NONE
EVENT_SPECIAL_NATIONAL_0801,OFFER,not already complete,show INTRO; Yes/No,PREPARE,RETRY,RETRY,RETRY,RETRY,RETRY,NONE,NONE
EVENT_SPECIAL_NATIONAL_0801,PREPARE,Yes selected,write pending transaction only; reserve no item/flag,EXECUTE,RETRY,RETRY,RETRY,FULL,FULL,NONE,clear pending; restore unconsumed source item; no capture ledger write
EVENT_SPECIAL_NATIONAL_0801,EXECUTE,pending valid,run GIFT adapter,COMMIT,RETRY,RETRY,RETRY,FULL,FULL,NONE,clear pending; restore unconsumed source item; no capture ledger write
EVENT_SPECIAL_NATIONAL_0801,COMMIT,operation success,"write ledger, dex, claim count; persist atomically; clear pending",DONE,RETRY,RETRY,RETRY,RETRY,RETRY,ledger+dex+claim only in COMMIT,NONE
EVENT_SPECIAL_NATIONAL_0801,RETRY,cancel/defeat/escape/reset recovery,clear pending; leave encounter/claim available,OFFER,OFFER,OFFER,OFFER,OFFER,OFFER,NONE,clear pending; restore unconsumed source item; no capture ledger write
EVENT_SPECIAL_NATIONAL_0801,FULL,party/PC/queue unavailable,show FULL; consume nothing; clear pending,OFFER,OFFER,OFFER,OFFER,OFFER,OFFER,NONE,clear pending; restore unconsumed source item; no capture ledger write
EVENT_SPECIAL_NATIONAL_0801,DONE,ledger or commit true,show SUCCESS or ALREADY; no duplicate,DONE,DONE,DONE,DONE,DONE,DONE,NONE,NONE
EVENT_SPECIAL_NATIONAL_0802,CHECK_UNLOCK,host interaction,test unlock expression,CHECK_LEDGER,LOCKED,LOCKED,LOCKED,LOCKED,LOCKED,NONE,NONE
EVENT_SPECIAL_NATIONAL_0802,CHECK_LEDGER,unlock true,test shared ledger/dex migration,OFFER,DONE,DONE,DONE,DONE,DONE,NONE,NONE
EVENT_SPECIAL_NATIONAL_0802,OFFER,not already complete,show INTRO; Yes/No,PREPARE,RETRY,RETRY,RETRY,RETRY,RETRY,NONE,NONE
EVENT_SPECIAL_NATIONAL_0802,PREPARE,Yes selected,write pending transaction only; reserve no item/flag,EXECUTE,RETRY,RETRY,RETRY,FULL,FULL,NONE,clear pending; restore unconsumed source item; no capture ledger write
EVENT_SPECIAL_NATIONAL_0802,EXECUTE,pending valid,run CAPTURE adapter,COMMIT,RETRY,RETRY,RETRY,FULL,FULL,NONE,clear pending; restore unconsumed source item; no capture ledger write
EVENT_SPECIAL_NATIONAL_0802,COMMIT,operation success,"write ledger, dex, claim count; persist atomically; clear pending",DONE,RETRY,RETRY,RETRY,RETRY,RETRY,ledger+dex+claim only in COMMIT,NONE
EVENT_SPECIAL_NATIONAL_0802,RETRY,cancel/defeat/escape/reset recovery,clear pending; leave encounter/claim available,OFFER,OFFER,OFFER,OFFER,OFFER,OFFER,NONE,clear pending; restore unconsumed source item; no capture ledger write
EVENT_SPECIAL_NATIONAL_0802,FULL,party/PC/queue unavailable,show FULL; consume nothing; clear pending,OFFER,OFFER,OFFER,OFFER,OFFER,OFFER,NONE,clear pending; restore unconsumed source item; no capture ledger write
EVENT_SPECIAL_NATIONAL_0802,DONE,ledger or commit true,show SUCCESS or ALREADY; no duplicate,DONE,DONE,DONE,DONE,DONE,DONE,NONE,NONE
EVENT_SPECIAL_NATIONAL_0803,CHECK_UNLOCK,host interaction,test unlock expression,CHECK_LEDGER,LOCKED,LOCKED,LOCKED,LOCKED,LOCKED,NONE,NONE
EVENT_SPECIAL_NATIONAL_0803,CHECK_LEDGER,unlock true,test shared ledger/dex migration,OFFER,DONE,DONE,DONE,DONE,DONE,NONE,NONE
EVENT_SPECIAL_NATIONAL_0803,OFFER,not already complete,show INTRO; Yes/No,PREPARE,RETRY,RETRY,RETRY,RETRY,RETRY,NONE,NONE
EVENT_SPECIAL_NATIONAL_0803,PREPARE,Yes selected,write pending transaction only; reserve no item/flag,EXECUTE,RETRY,RETRY,RETRY,FULL,FULL,NONE,clear pending; restore unconsumed source item; no capture ledger write
EVENT_SPECIAL_NATIONAL_0803,EXECUTE,pending valid,run GIFT adapter,COMMIT,RETRY,RETRY,RETRY,FULL,FULL,NONE,clear pending; restore unconsumed source item; no capture ledger write
EVENT_SPECIAL_NATIONAL_0803,COMMIT,operation success,"write ledger, dex, claim count; persist atomically; clear pending",DONE,RETRY,RETRY,RETRY,RETRY,RETRY,ledger+dex+claim only in COMMIT,NONE
EVENT_SPECIAL_NATIONAL_0803,RETRY,cancel/defeat/escape/reset recovery,clear pending; leave encounter/claim available,OFFER,OFFER,OFFER,OFFER,OFFER,OFFER,NONE,clear pending; restore unconsumed source item; no capture ledger write
EVENT_SPECIAL_NATIONAL_0803,FULL,party/PC/queue unavailable,show FULL; consume nothing; clear pending,OFFER,OFFER,OFFER,OFFER,OFFER,OFFER,NONE,clear pending; restore unconsumed source item; no capture ledger write
EVENT_SPECIAL_NATIONAL_0803,DONE,ledger or commit true,show SUCCESS or ALREADY; no duplicate,DONE,DONE,DONE,DONE,DONE,DONE,NONE,NONE
EVENT_SPECIAL_NATIONAL_0804,CHECK_UNLOCK,host interaction,test unlock expression,CHECK_LEDGER,LOCKED,LOCKED,LOCKED,LOCKED,LOCKED,NONE,NONE
EVENT_SPECIAL_NATIONAL_0804,CHECK_LEDGER,unlock true,test shared ledger/dex migration,OFFER,DONE,DONE,DONE,DONE,DONE,NONE,NONE
EVENT_SPECIAL_NATIONAL_0804,OFFER,not already complete,show INTRO; Yes/No,PREPARE,RETRY,RETRY,RETRY,RETRY,RETRY,NONE,NONE
EVENT_SPECIAL_NATIONAL_0804,PREPARE,Yes selected,write pending transaction only; reserve no item/flag,EXECUTE,RETRY,RETRY,RETRY,FULL,FULL,NONE,clear pending; restore unconsumed source item; no capture ledger write
EVENT_SPECIAL_NATIONAL_0804,EXECUTE,pending valid,run EVOLUTION_SUPPORT adapter,COMMIT,RETRY,RETRY,RETRY,FULL,FULL,NONE,clear pending; restore unconsumed source item; no capture ledger write
EVENT_SPECIAL_NATIONAL_0804,COMMIT,operation success,"write ledger, dex, claim count; persist atomically; clear pending",DONE,RETRY,RETRY,RETRY,RETRY,RETRY,ledger+dex+claim only in COMMIT,NONE
EVENT_SPECIAL_NATIONAL_0804,RETRY,cancel/defeat/escape/reset recovery,clear pending; leave encounter/claim available,OFFER,OFFER,OFFER,OFFER,OFFER,OFFER,NONE,clear pending; restore unconsumed source item; no capture ledger write
EVENT_SPECIAL_NATIONAL_0804,FULL,party/PC/queue unavailable,show FULL; consume nothing; clear pending,OFFER,OFFER,OFFER,OFFER,OFFER,OFFER,NONE,clear pending; restore unconsumed source item; no capture ledger write
EVENT_SPECIAL_NATIONAL_0804,DONE,ledger or commit true,show SUCCESS or ALREADY; no duplicate,DONE,DONE,DONE,DONE,DONE,DONE,NONE,NONE
EVENT_SPECIAL_NATIONAL_0805,CHECK_UNLOCK,host interaction,test unlock expression,CHECK_LEDGER,LOCKED,LOCKED,LOCKED,LOCKED,LOCKED,NONE,NONE
EVENT_SPECIAL_NATIONAL_0805,CHECK_LEDGER,unlock true,test shared ledger/dex migration,OFFER,DONE,DONE,DONE,DONE,DONE,NONE,NONE
EVENT_SPECIAL_NATIONAL_0805,OFFER,not already complete,show INTRO; Yes/No,PREPARE,RETRY,RETRY,RETRY,RETRY,RETRY,NONE,NONE
EVENT_SPECIAL_NATIONAL_0805,PREPARE,Yes selected,write pending transaction only; reserve no item/flag,EXECUTE,RETRY,RETRY,RETRY,FULL,FULL,NONE,clear pending; restore unconsumed source item; no capture ledger write
EVENT_SPECIAL_NATIONAL_0805,EXECUTE,pending valid,run CAPTURE adapter,COMMIT,RETRY,RETRY,RETRY,FULL,FULL,NONE,clear pending; restore unconsumed source item; no capture ledger write
EVENT_SPECIAL_NATIONAL_0805,COMMIT,operation success,"write ledger, dex, claim count; persist atomically; clear pending",DONE,RETRY,RETRY,RETRY,RETRY,RETRY,ledger+dex+claim only in COMMIT,NONE
EVENT_SPECIAL_NATIONAL_0805,RETRY,cancel/defeat/escape/reset recovery,clear pending; leave encounter/claim available,OFFER,OFFER,OFFER,OFFER,OFFER,OFFER,NONE,clear pending; restore unconsumed source item; no capture ledger write
EVENT_SPECIAL_NATIONAL_0805,FULL,party/PC/queue unavailable,show FULL; consume nothing; clear pending,OFFER,OFFER,OFFER,OFFER,OFFER,OFFER,NONE,clear pending; restore unconsumed source item; no capture ledger write
EVENT_SPECIAL_NATIONAL_0805,DONE,ledger or commit true,show SUCCESS or ALREADY; no duplicate,DONE,DONE,DONE,DONE,DONE,DONE,NONE,NONE
EVENT_SPECIAL_NATIONAL_0806,CHECK_UNLOCK,host interaction,test unlock expression,CHECK_LEDGER,LOCKED,LOCKED,LOCKED,LOCKED,LOCKED,NONE,NONE
EVENT_SPECIAL_NATIONAL_0806,CHECK_LEDGER,unlock true,test shared ledger/dex migration,OFFER,DONE,DONE,DONE,DONE,DONE,NONE,NONE
EVENT_SPECIAL_NATIONAL_0806,OFFER,not already complete,show INTRO; Yes/No,PREPARE,RETRY,RETRY,RETRY,RETRY,RETRY,NONE,NONE
EVENT_SPECIAL_NATIONAL_0806,PREPARE,Yes selected,write pending transaction only; reserve no item/flag,EXECUTE,RETRY,RETRY,RETRY,FULL,FULL,NONE,clear pending; restore unconsumed source item; no capture ledger write
EVENT_SPECIAL_NATIONAL_0806,EXECUTE,pending valid,run CAPTURE adapter,COMMIT,RETRY,RETRY,RETRY,FULL,FULL,NONE,clear pending; restore unconsumed source item; no capture ledger write
EVENT_SPECIAL_NATIONAL_0806,COMMIT,operation success,"write ledger, dex, claim count; persist atomically; clear pending",DONE,RETRY,RETRY,RETRY,RETRY,RETRY,ledger+dex+claim only in COMMIT,NONE
EVENT_SPECIAL_NATIONAL_0806,RETRY,cancel/defeat/escape/reset recovery,clear pending; leave encounter/claim available,OFFER,OFFER,OFFER,OFFER,OFFER,OFFER,NONE,clear pending; restore unconsumed source item; no capture ledger write
EVENT_SPECIAL_NATIONAL_0806,FULL,party/PC/queue unavailable,show FULL; consume nothing; clear pending,OFFER,OFFER,OFFER,OFFER,OFFER,OFFER,NONE,clear pending; restore unconsumed source item; no capture ledger write
EVENT_SPECIAL_NATIONAL_0806,DONE,ledger or commit true,show SUCCESS or ALREADY; no duplicate,DONE,DONE,DONE,DONE,DONE,DONE,NONE,NONE
EVENT_SPECIAL_NATIONAL_0807,CHECK_UNLOCK,host interaction,test unlock expression,CHECK_LEDGER,LOCKED,LOCKED,LOCKED,LOCKED,LOCKED,NONE,NONE
EVENT_SPECIAL_NATIONAL_0807,CHECK_LEDGER,unlock true,test shared ledger/dex migration,OFFER,DONE,DONE,DONE,DONE,DONE,NONE,NONE
EVENT_SPECIAL_NATIONAL_0807,OFFER,not already complete,show INTRO; Yes/No,PREPARE,RETRY,RETRY,RETRY,RETRY,RETRY,NONE,NONE
EVENT_SPECIAL_NATIONAL_0807,PREPARE,Yes selected,write pending transaction only; reserve no item/flag,EXECUTE,RETRY,RETRY,RETRY,FULL,FULL,NONE,clear pending; restore unconsumed source item; no capture ledger write
EVENT_SPECIAL_NATIONAL_0807,EXECUTE,pending valid,run CAPTURE adapter,COMMIT,RETRY,RETRY,RETRY,FULL,FULL,NONE,clear pending; restore unconsumed source item; no capture ledger write
EVENT_SPECIAL_NATIONAL_0807,COMMIT,operation success,"write ledger, dex, claim count; persist atomically; clear pending",DONE,RETRY,RETRY,RETRY,RETRY,RETRY,ledger+dex+claim only in COMMIT,NONE
EVENT_SPECIAL_NATIONAL_0807,RETRY,cancel/defeat/escape/reset recovery,clear pending; leave encounter/claim available,OFFER,OFFER,OFFER,OFFER,OFFER,OFFER,NONE,clear pending; restore unconsumed source item; no capture ledger write
EVENT_SPECIAL_NATIONAL_0807,FULL,party/PC/queue unavailable,show FULL; consume nothing; clear pending,OFFER,OFFER,OFFER,OFFER,OFFER,OFFER,NONE,clear pending; restore unconsumed source item; no capture ledger write
EVENT_SPECIAL_NATIONAL_0807,DONE,ledger or commit true,show SUCCESS or ALREADY; no duplicate,DONE,DONE,DONE,DONE,DONE,DONE,NONE,NONE
EVENT_SPECIAL_NATIONAL_0808,CHECK_UNLOCK,host interaction,test unlock expression,CHECK_LEDGER,LOCKED,LOCKED,LOCKED,LOCKED,LOCKED,NONE,NONE
EVENT_SPECIAL_NATIONAL_0808,CHECK_LEDGER,unlock true,test shared ledger/dex migration,OFFER,DONE,DONE,DONE,DONE,DONE,NONE,NONE
EVENT_SPECIAL_NATIONAL_0808,OFFER,not already complete,show INTRO; Yes/No,PREPARE,RETRY,RETRY,RETRY,RETRY,RETRY,NONE,NONE
EVENT_SPECIAL_NATIONAL_0808,PREPARE,Yes selected,write pending transaction only; reserve no item/flag,EXECUTE,RETRY,RETRY,RETRY,FULL,FULL,NONE,clear pending; restore unconsumed source item; no capture ledger write
EVENT_SPECIAL_NATIONAL_0808,EXECUTE,pending valid,run GIFT adapter,COMMIT,RETRY,RETRY,RETRY,FULL,FULL,NONE,clear pending; restore unconsumed source item; no capture ledger write
EVENT_SPECIAL_NATIONAL_0808,COMMIT,operation success,"write ledger, dex, claim count; persist atomically; clear pending",DONE,RETRY,RETRY,RETRY,RETRY,RETRY,ledger+dex+claim only in COMMIT,NONE
EVENT_SPECIAL_NATIONAL_0808,RETRY,cancel/defeat/escape/reset recovery,clear pending; leave encounter/claim available,OFFER,OFFER,OFFER,OFFER,OFFER,OFFER,NONE,clear pending; restore unconsumed source item; no capture ledger write
EVENT_SPECIAL_NATIONAL_0808,FULL,party/PC/queue unavailable,show FULL; consume nothing; clear pending,OFFER,OFFER,OFFER,OFFER,OFFER,OFFER,NONE,clear pending; restore unconsumed source item; no capture ledger write
EVENT_SPECIAL_NATIONAL_0808,DONE,ledger or commit true,show SUCCESS or ALREADY; no duplicate,DONE,DONE,DONE,DONE,DONE,DONE,NONE,NONE
EVENT_SPECIAL_NATIONAL_0809,CHECK_UNLOCK,host interaction,test unlock expression,CHECK_LEDGER,LOCKED,LOCKED,LOCKED,LOCKED,LOCKED,NONE,NONE
EVENT_SPECIAL_NATIONAL_0809,CHECK_LEDGER,unlock true,test shared ledger/dex migration,OFFER,DONE,DONE,DONE,DONE,DONE,NONE,NONE
EVENT_SPECIAL_NATIONAL_0809,OFFER,not already complete,show INTRO; Yes/No,PREPARE,RETRY,RETRY,RETRY,RETRY,RETRY,NONE,NONE
EVENT_SPECIAL_NATIONAL_0809,PREPARE,Yes selected,write pending transaction only; reserve no item/flag,EXECUTE,RETRY,RETRY,RETRY,FULL,FULL,NONE,clear pending; restore unconsumed source item; no capture ledger write
EVENT_SPECIAL_NATIONAL_0809,EXECUTE,pending valid,run EVOLUTION_SUPPORT adapter,COMMIT,RETRY,RETRY,RETRY,FULL,FULL,NONE,clear pending; restore unconsumed source item; no capture ledger write
EVENT_SPECIAL_NATIONAL_0809,COMMIT,operation success,"write ledger, dex, claim count; persist atomically; clear pending",DONE,RETRY,RETRY,RETRY,RETRY,RETRY,ledger+dex+claim only in COMMIT,NONE
EVENT_SPECIAL_NATIONAL_0809,RETRY,cancel/defeat/escape/reset recovery,clear pending; leave encounter/claim available,OFFER,OFFER,OFFER,OFFER,OFFER,OFFER,NONE,clear pending; restore unconsumed source item; no capture ledger write
EVENT_SPECIAL_NATIONAL_0809,FULL,party/PC/queue unavailable,show FULL; consume nothing; clear pending,OFFER,OFFER,OFFER,OFFER,OFFER,OFFER,NONE,clear pending; restore unconsumed source item; no capture ledger write
EVENT_SPECIAL_NATIONAL_0809,DONE,ledger or commit true,show SUCCESS or ALREADY; no duplicate,DONE,DONE,DONE,DONE,DONE,DONE,NONE,NONE
EVENT_SPECIAL_NATIONAL_0888,CHECK_UNLOCK,host interaction,test unlock expression,CHECK_LEDGER,LOCKED,LOCKED,LOCKED,LOCKED,LOCKED,NONE,NONE
EVENT_SPECIAL_NATIONAL_0888,CHECK_LEDGER,unlock true,test shared ledger/dex migration,OFFER,DONE,DONE,DONE,DONE,DONE,NONE,NONE
EVENT_SPECIAL_NATIONAL_0888,OFFER,not already complete,show INTRO; Yes/No,PREPARE,RETRY,RETRY,RETRY,RETRY,RETRY,NONE,NONE
EVENT_SPECIAL_NATIONAL_0888,PREPARE,Yes selected,write pending transaction only; reserve no item/flag,EXECUTE,RETRY,RETRY,RETRY,FULL,FULL,NONE,clear pending; restore unconsumed source item; no capture ledger write
EVENT_SPECIAL_NATIONAL_0888,EXECUTE,pending valid,run CAPTURE adapter,COMMIT,RETRY,RETRY,RETRY,FULL,FULL,NONE,clear pending; restore unconsumed source item; no capture ledger write
EVENT_SPECIAL_NATIONAL_0888,COMMIT,operation success,"write ledger, dex, claim count; persist atomically; clear pending",DONE,RETRY,RETRY,RETRY,RETRY,RETRY,ledger+dex+claim only in COMMIT,NONE
EVENT_SPECIAL_NATIONAL_0888,RETRY,cancel/defeat/escape/reset recovery,clear pending; leave encounter/claim available,OFFER,OFFER,OFFER,OFFER,OFFER,OFFER,NONE,clear pending; restore unconsumed source item; no capture ledger write
EVENT_SPECIAL_NATIONAL_0888,FULL,party/PC/queue unavailable,show FULL; consume nothing; clear pending,OFFER,OFFER,OFFER,OFFER,OFFER,OFFER,NONE,clear pending; restore unconsumed source item; no capture ledger write
EVENT_SPECIAL_NATIONAL_0888,DONE,ledger or commit true,show SUCCESS or ALREADY; no duplicate,DONE,DONE,DONE,DONE,DONE,DONE,NONE,NONE
EVENT_SPECIAL_NATIONAL_0889,CHECK_UNLOCK,host interaction,test unlock expression,CHECK_LEDGER,LOCKED,LOCKED,LOCKED,LOCKED,LOCKED,NONE,NONE
EVENT_SPECIAL_NATIONAL_0889,CHECK_LEDGER,unlock true,test shared ledger/dex migration,OFFER,DONE,DONE,DONE,DONE,DONE,NONE,NONE
EVENT_SPECIAL_NATIONAL_0889,OFFER,not already complete,show INTRO; Yes/No,PREPARE,RETRY,RETRY,RETRY,RETRY,RETRY,NONE,NONE
EVENT_SPECIAL_NATIONAL_0889,PREPARE,Yes selected,write pending transaction only; reserve no item/flag,EXECUTE,RETRY,RETRY,RETRY,FULL,FULL,NONE,clear pending; restore unconsumed source item; no capture ledger write
EVENT_SPECIAL_NATIONAL_0889,EXECUTE,pending valid,run CAPTURE adapter,COMMIT,RETRY,RETRY,RETRY,FULL,FULL,NONE,clear pending; restore unconsumed source item; no capture ledger write
EVENT_SPECIAL_NATIONAL_0889,COMMIT,operation success,"write ledger, dex, claim count; persist atomically; clear pending",DONE,RETRY,RETRY,RETRY,RETRY,RETRY,ledger+dex+claim only in COMMIT,NONE
EVENT_SPECIAL_NATIONAL_0889,RETRY,cancel/defeat/escape/reset recovery,clear pending; leave encounter/claim available,OFFER,OFFER,OFFER,OFFER,OFFER,OFFER,NONE,clear pending; restore unconsumed source item; no capture ledger write
EVENT_SPECIAL_NATIONAL_0889,FULL,party/PC/queue unavailable,show FULL; consume nothing; clear pending,OFFER,OFFER,OFFER,OFFER,OFFER,OFFER,NONE,clear pending; restore unconsumed source item; no capture ledger write
EVENT_SPECIAL_NATIONAL_0889,DONE,ledger or commit true,show SUCCESS or ALREADY; no duplicate,DONE,DONE,DONE,DONE,DONE,DONE,NONE,NONE
EVENT_SPECIAL_NATIONAL_0890,CHECK_UNLOCK,host interaction,test unlock expression,CHECK_LEDGER,LOCKED,LOCKED,LOCKED,LOCKED,LOCKED,NONE,NONE
EVENT_SPECIAL_NATIONAL_0890,CHECK_LEDGER,unlock true,test shared ledger/dex migration,OFFER,DONE,DONE,DONE,DONE,DONE,NONE,NONE
EVENT_SPECIAL_NATIONAL_0890,OFFER,not already complete,show INTRO; Yes/No,PREPARE,RETRY,RETRY,RETRY,RETRY,RETRY,NONE,NONE
EVENT_SPECIAL_NATIONAL_0890,PREPARE,Yes selected,write pending transaction only; reserve no item/flag,EXECUTE,RETRY,RETRY,RETRY,FULL,FULL,NONE,clear pending; restore unconsumed source item; no capture ledger write
EVENT_SPECIAL_NATIONAL_0890,EXECUTE,pending valid,run CAPTURE adapter,COMMIT,RETRY,RETRY,RETRY,FULL,FULL,NONE,clear pending; restore unconsumed source item; no capture ledger write
EVENT_SPECIAL_NATIONAL_0890,COMMIT,operation success,"write ledger, dex, claim count; persist atomically; clear pending",DONE,RETRY,RETRY,RETRY,RETRY,RETRY,ledger+dex+claim only in COMMIT,NONE
EVENT_SPECIAL_NATIONAL_0890,RETRY,cancel/defeat/escape/reset recovery,clear pending; leave encounter/claim available,OFFER,OFFER,OFFER,OFFER,OFFER,OFFER,NONE,clear pending; restore unconsumed source item; no capture ledger write
EVENT_SPECIAL_NATIONAL_0890,FULL,party/PC/queue unavailable,show FULL; consume nothing; clear pending,OFFER,OFFER,OFFER,OFFER,OFFER,OFFER,NONE,clear pending; restore unconsumed source item; no capture ledger write
EVENT_SPECIAL_NATIONAL_0890,DONE,ledger or commit true,show SUCCESS or ALREADY; no duplicate,DONE,DONE,DONE,DONE,DONE,DONE,NONE,NONE
EVENT_SPECIAL_NATIONAL_0891,CHECK_UNLOCK,host interaction,test unlock expression,CHECK_LEDGER,LOCKED,LOCKED,LOCKED,LOCKED,LOCKED,NONE,NONE
EVENT_SPECIAL_NATIONAL_0891,CHECK_LEDGER,unlock true,test shared ledger/dex migration,OFFER,DONE,DONE,DONE,DONE,DONE,NONE,NONE
EVENT_SPECIAL_NATIONAL_0891,OFFER,not already complete,show INTRO; Yes/No,PREPARE,RETRY,RETRY,RETRY,RETRY,RETRY,NONE,NONE
EVENT_SPECIAL_NATIONAL_0891,PREPARE,Yes selected,write pending transaction only; reserve no item/flag,EXECUTE,RETRY,RETRY,RETRY,FULL,FULL,NONE,clear pending; restore unconsumed source item; no capture ledger write
EVENT_SPECIAL_NATIONAL_0891,EXECUTE,pending valid,run GIFT adapter,COMMIT,RETRY,RETRY,RETRY,FULL,FULL,NONE,clear pending; restore unconsumed source item; no capture ledger write
EVENT_SPECIAL_NATIONAL_0891,COMMIT,operation success,"write ledger, dex, claim count; persist atomically; clear pending",DONE,RETRY,RETRY,RETRY,RETRY,RETRY,ledger+dex+claim only in COMMIT,NONE
EVENT_SPECIAL_NATIONAL_0891,RETRY,cancel/defeat/escape/reset recovery,clear pending; leave encounter/claim available,OFFER,OFFER,OFFER,OFFER,OFFER,OFFER,NONE,clear pending; restore unconsumed source item; no capture ledger write
EVENT_SPECIAL_NATIONAL_0891,FULL,party/PC/queue unavailable,show FULL; consume nothing; clear pending,OFFER,OFFER,OFFER,OFFER,OFFER,OFFER,NONE,clear pending; restore unconsumed source item; no capture ledger write
EVENT_SPECIAL_NATIONAL_0891,DONE,ledger or commit true,show SUCCESS or ALREADY; no duplicate,DONE,DONE,DONE,DONE,DONE,DONE,NONE,NONE
EVENT_SPECIAL_NATIONAL_0892,CHECK_UNLOCK,host interaction,test unlock expression,CHECK_LEDGER,LOCKED,LOCKED,LOCKED,LOCKED,LOCKED,NONE,NONE
EVENT_SPECIAL_NATIONAL_0892,CHECK_LEDGER,unlock true,test shared ledger/dex migration,OFFER,DONE,DONE,DONE,DONE,DONE,NONE,NONE
EVENT_SPECIAL_NATIONAL_0892,OFFER,not already complete,show INTRO; Yes/No,PREPARE,RETRY,RETRY,RETRY,RETRY,RETRY,NONE,NONE
EVENT_SPECIAL_NATIONAL_0892,PREPARE,Yes selected,write pending transaction only; reserve no item/flag,EXECUTE,RETRY,RETRY,RETRY,FULL,FULL,NONE,clear pending; restore unconsumed source item; no capture ledger write
EVENT_SPECIAL_NATIONAL_0892,EXECUTE,pending valid,run EVOLUTION_SUPPORT adapter,COMMIT,RETRY,RETRY,RETRY,FULL,FULL,NONE,clear pending; restore unconsumed source item; no capture ledger write
EVENT_SPECIAL_NATIONAL_0892,COMMIT,operation success,"write ledger, dex, claim count; persist atomically; clear pending",DONE,RETRY,RETRY,RETRY,RETRY,RETRY,ledger+dex+claim only in COMMIT,NONE
EVENT_SPECIAL_NATIONAL_0892,RETRY,cancel/defeat/escape/reset recovery,clear pending; leave encounter/claim available,OFFER,OFFER,OFFER,OFFER,OFFER,OFFER,NONE,clear pending; restore unconsumed source item; no capture ledger write
EVENT_SPECIAL_NATIONAL_0892,FULL,party/PC/queue unavailable,show FULL; consume nothing; clear pending,OFFER,OFFER,OFFER,OFFER,OFFER,OFFER,NONE,clear pending; restore unconsumed source item; no capture ledger write
EVENT_SPECIAL_NATIONAL_0892,DONE,ledger or commit true,show SUCCESS or ALREADY; no duplicate,DONE,DONE,DONE,DONE,DONE,DONE,NONE,NONE
EVENT_SPECIAL_NATIONAL_0893,CHECK_UNLOCK,host interaction,test unlock expression,CHECK_LEDGER,LOCKED,LOCKED,LOCKED,LOCKED,LOCKED,NONE,NONE
EVENT_SPECIAL_NATIONAL_0893,CHECK_LEDGER,unlock true,test shared ledger/dex migration,OFFER,DONE,DONE,DONE,DONE,DONE,NONE,NONE
EVENT_SPECIAL_NATIONAL_0893,OFFER,not already complete,show INTRO; Yes/No,PREPARE,RETRY,RETRY,RETRY,RETRY,RETRY,NONE,NONE
EVENT_SPECIAL_NATIONAL_0893,PREPARE,Yes selected,write pending transaction only; reserve no item/flag,EXECUTE,RETRY,RETRY,RETRY,FULL,FULL,NONE,clear pending; restore unconsumed source item; no capture ledger write
EVENT_SPECIAL_NATIONAL_0893,EXECUTE,pending valid,run CAPTURE adapter,COMMIT,RETRY,RETRY,RETRY,FULL,FULL,NONE,clear pending; restore unconsumed source item; no capture ledger write
EVENT_SPECIAL_NATIONAL_0893,COMMIT,operation success,"write ledger, dex, claim count; persist atomically; clear pending",DONE,RETRY,RETRY,RETRY,RETRY,RETRY,ledger+dex+claim only in COMMIT,NONE
EVENT_SPECIAL_NATIONAL_0893,RETRY,cancel/defeat/escape/reset recovery,clear pending; leave encounter/claim available,OFFER,OFFER,OFFER,OFFER,OFFER,OFFER,NONE,clear pending; restore unconsumed source item; no capture ledger write
EVENT_SPECIAL_NATIONAL_0893,FULL,party/PC/queue unavailable,show FULL; consume nothing; clear pending,OFFER,OFFER,OFFER,OFFER,OFFER,OFFER,NONE,clear pending; restore unconsumed source item; no capture ledger write
EVENT_SPECIAL_NATIONAL_0893,DONE,ledger or commit true,show SUCCESS or ALREADY; no duplicate,DONE,DONE,DONE,DONE,DONE,DONE,NONE,NONE
EVENT_SPECIAL_NATIONAL_0894,CHECK_UNLOCK,host interaction,test unlock expression,CHECK_LEDGER,LOCKED,LOCKED,LOCKED,LOCKED,LOCKED,NONE,NONE
EVENT_SPECIAL_NATIONAL_0894,CHECK_LEDGER,unlock true,test shared ledger/dex migration,OFFER,DONE,DONE,DONE,DONE,DONE,NONE,NONE
EVENT_SPECIAL_NATIONAL_0894,OFFER,not already complete,show INTRO; Yes/No,PREPARE,RETRY,RETRY,RETRY,RETRY,RETRY,NONE,NONE
EVENT_SPECIAL_NATIONAL_0894,PREPARE,Yes selected,write pending transaction only; reserve no item/flag,EXECUTE,RETRY,RETRY,RETRY,FULL,FULL,NONE,clear pending; restore unconsumed source item; no capture ledger write
EVENT_SPECIAL_NATIONAL_0894,EXECUTE,pending valid,run CAPTURE adapter,COMMIT,RETRY,RETRY,RETRY,FULL,FULL,NONE,clear pending; restore unconsumed source item; no capture ledger write
EVENT_SPECIAL_NATIONAL_0894,COMMIT,operation success,"write ledger, dex, claim count; persist atomically; clear pending",DONE,RETRY,RETRY,RETRY,RETRY,RETRY,ledger+dex+claim only in COMMIT,NONE
EVENT_SPECIAL_NATIONAL_0894,RETRY,cancel/defeat/escape/reset recovery,clear pending; leave encounter/claim available,OFFER,OFFER,OFFER,OFFER,OFFER,OFFER,NONE,clear pending; restore unconsumed source item; no capture ledger write
EVENT_SPECIAL_NATIONAL_0894,FULL,party/PC/queue unavailable,show FULL; consume nothing; clear pending,OFFER,OFFER,OFFER,OFFER,OFFER,OFFER,NONE,clear pending; restore unconsumed source item; no capture ledger write
EVENT_SPECIAL_NATIONAL_0894,DONE,ledger or commit true,show SUCCESS or ALREADY; no duplicate,DONE,DONE,DONE,DONE,DONE,DONE,NONE,NONE
EVENT_SPECIAL_NATIONAL_0895,CHECK_UNLOCK,host interaction,test unlock expression,CHECK_LEDGER,LOCKED,LOCKED,LOCKED,LOCKED,LOCKED,NONE,NONE
EVENT_SPECIAL_NATIONAL_0895,CHECK_LEDGER,unlock true,test shared ledger/dex migration,OFFER,DONE,DONE,DONE,DONE,DONE,NONE,NONE
EVENT_SPECIAL_NATIONAL_0895,OFFER,not already complete,show INTRO; Yes/No,PREPARE,RETRY,RETRY,RETRY,RETRY,RETRY,NONE,NONE
EVENT_SPECIAL_NATIONAL_0895,PREPARE,Yes selected,write pending transaction only; reserve no item/flag,EXECUTE,RETRY,RETRY,RETRY,FULL,FULL,NONE,clear pending; restore unconsumed source item; no capture ledger write
EVENT_SPECIAL_NATIONAL_0895,EXECUTE,pending valid,run CAPTURE adapter,COMMIT,RETRY,RETRY,RETRY,FULL,FULL,NONE,clear pending; restore unconsumed source item; no capture ledger write
EVENT_SPECIAL_NATIONAL_0895,COMMIT,operation success,"write ledger, dex, claim count; persist atomically; clear pending",DONE,RETRY,RETRY,RETRY,RETRY,RETRY,ledger+dex+claim only in COMMIT,NONE
EVENT_SPECIAL_NATIONAL_0895,RETRY,cancel/defeat/escape/reset recovery,clear pending; leave encounter/claim available,OFFER,OFFER,OFFER,OFFER,OFFER,OFFER,NONE,clear pending; restore unconsumed source item; no capture ledger write
EVENT_SPECIAL_NATIONAL_0895,FULL,party/PC/queue unavailable,show FULL; consume nothing; clear pending,OFFER,OFFER,OFFER,OFFER,OFFER,OFFER,NONE,clear pending; restore unconsumed source item; no capture ledger write
EVENT_SPECIAL_NATIONAL_0895,DONE,ledger or commit true,show SUCCESS or ALREADY; no duplicate,DONE,DONE,DONE,DONE,DONE,DONE,NONE,NONE
EVENT_SPECIAL_NATIONAL_0896,CHECK_UNLOCK,host interaction,test unlock expression,CHECK_LEDGER,LOCKED,LOCKED,LOCKED,LOCKED,LOCKED,NONE,NONE
EVENT_SPECIAL_NATIONAL_0896,CHECK_LEDGER,unlock true,test shared ledger/dex migration,OFFER,DONE,DONE,DONE,DONE,DONE,NONE,NONE
EVENT_SPECIAL_NATIONAL_0896,OFFER,not already complete,show INTRO; Yes/No,PREPARE,RETRY,RETRY,RETRY,RETRY,RETRY,NONE,NONE
EVENT_SPECIAL_NATIONAL_0896,PREPARE,Yes selected,write pending transaction only; reserve no item/flag,EXECUTE,RETRY,RETRY,RETRY,FULL,FULL,NONE,clear pending; restore unconsumed source item; no capture ledger write
EVENT_SPECIAL_NATIONAL_0896,EXECUTE,pending valid,run CAPTURE adapter,COMMIT,RETRY,RETRY,RETRY,FULL,FULL,NONE,clear pending; restore unconsumed source item; no capture ledger write
EVENT_SPECIAL_NATIONAL_0896,COMMIT,operation success,"write ledger, dex, claim count; persist atomically; clear pending",DONE,RETRY,RETRY,RETRY,RETRY,RETRY,ledger+dex+claim only in COMMIT,NONE
EVENT_SPECIAL_NATIONAL_0896,RETRY,cancel/defeat/escape/reset recovery,clear pending; leave encounter/claim available,OFFER,OFFER,OFFER,OFFER,OFFER,OFFER,NONE,clear pending; restore unconsumed source item; no capture ledger write
EVENT_SPECIAL_NATIONAL_0896,FULL,party/PC/queue unavailable,show FULL; consume nothing; clear pending,OFFER,OFFER,OFFER,OFFER,OFFER,OFFER,NONE,clear pending; restore unconsumed source item; no capture ledger write
EVENT_SPECIAL_NATIONAL_0896,DONE,ledger or commit true,show SUCCESS or ALREADY; no duplicate,DONE,DONE,DONE,DONE,DONE,DONE,NONE,NONE
EVENT_SPECIAL_NATIONAL_0897,CHECK_UNLOCK,host interaction,test unlock expression,CHECK_LEDGER,LOCKED,LOCKED,LOCKED,LOCKED,LOCKED,NONE,NONE
EVENT_SPECIAL_NATIONAL_0897,CHECK_LEDGER,unlock true,test shared ledger/dex migration,OFFER,DONE,DONE,DONE,DONE,DONE,NONE,NONE
EVENT_SPECIAL_NATIONAL_0897,OFFER,not already complete,show INTRO; Yes/No,PREPARE,RETRY,RETRY,RETRY,RETRY,RETRY,NONE,NONE
EVENT_SPECIAL_NATIONAL_0897,PREPARE,Yes selected,write pending transaction only; reserve no item/flag,EXECUTE,RETRY,RETRY,RETRY,FULL,FULL,NONE,clear pending; restore unconsumed source item; no capture ledger write
EVENT_SPECIAL_NATIONAL_0897,EXECUTE,pending valid,run CAPTURE adapter,COMMIT,RETRY,RETRY,RETRY,FULL,FULL,NONE,clear pending; restore unconsumed source item; no capture ledger write
EVENT_SPECIAL_NATIONAL_0897,COMMIT,operation success,"write ledger, dex, claim count; persist atomically; clear pending",DONE,RETRY,RETRY,RETRY,RETRY,RETRY,ledger+dex+claim only in COMMIT,NONE
EVENT_SPECIAL_NATIONAL_0897,RETRY,cancel/defeat/escape/reset recovery,clear pending; leave encounter/claim available,OFFER,OFFER,OFFER,OFFER,OFFER,OFFER,NONE,clear pending; restore unconsumed source item; no capture ledger write
EVENT_SPECIAL_NATIONAL_0897,FULL,party/PC/queue unavailable,show FULL; consume nothing; clear pending,OFFER,OFFER,OFFER,OFFER,OFFER,OFFER,NONE,clear pending; restore unconsumed source item; no capture ledger write
EVENT_SPECIAL_NATIONAL_0897,DONE,ledger or commit true,show SUCCESS or ALREADY; no duplicate,DONE,DONE,DONE,DONE,DONE,DONE,NONE,NONE
EVENT_SPECIAL_NATIONAL_0898,CHECK_UNLOCK,host interaction,test unlock expression,CHECK_LEDGER,LOCKED,LOCKED,LOCKED,LOCKED,LOCKED,NONE,NONE
EVENT_SPECIAL_NATIONAL_0898,CHECK_LEDGER,unlock true,test shared ledger/dex migration,OFFER,DONE,DONE,DONE,DONE,DONE,NONE,NONE
EVENT_SPECIAL_NATIONAL_0898,OFFER,not already complete,show INTRO; Yes/No,PREPARE,RETRY,RETRY,RETRY,RETRY,RETRY,NONE,NONE
EVENT_SPECIAL_NATIONAL_0898,PREPARE,Yes selected,write pending transaction only; reserve no item/flag,EXECUTE,RETRY,RETRY,RETRY,FULL,FULL,NONE,clear pending; restore unconsumed source item; no capture ledger write
EVENT_SPECIAL_NATIONAL_0898,EXECUTE,pending valid,run CAPTURE adapter,COMMIT,RETRY,RETRY,RETRY,FULL,FULL,NONE,clear pending; restore unconsumed source item; no capture ledger write
EVENT_SPECIAL_NATIONAL_0898,COMMIT,operation success,"write ledger, dex, claim count; persist atomically; clear pending",DONE,RETRY,RETRY,RETRY,RETRY,RETRY,ledger+dex+claim only in COMMIT,NONE
EVENT_SPECIAL_NATIONAL_0898,RETRY,cancel/defeat/escape/reset recovery,clear pending; leave encounter/claim available,OFFER,OFFER,OFFER,OFFER,OFFER,OFFER,NONE,clear pending; restore unconsumed source item; no capture ledger write
EVENT_SPECIAL_NATIONAL_0898,FULL,party/PC/queue unavailable,show FULL; consume nothing; clear pending,OFFER,OFFER,OFFER,OFFER,OFFER,OFFER,NONE,clear pending; restore unconsumed source item; no capture ledger write
EVENT_SPECIAL_NATIONAL_0898,DONE,ledger or commit true,show SUCCESS or ALREADY; no duplicate,DONE,DONE,DONE,DONE,DONE,DONE,NONE,NONE
EVENT_SPECIAL_NATIONAL_0905,CHECK_UNLOCK,host interaction,test unlock expression,CHECK_LEDGER,LOCKED,LOCKED,LOCKED,LOCKED,LOCKED,NONE,NONE
EVENT_SPECIAL_NATIONAL_0905,CHECK_LEDGER,unlock true,test shared ledger/dex migration,OFFER,DONE,DONE,DONE,DONE,DONE,NONE,NONE
EVENT_SPECIAL_NATIONAL_0905,OFFER,not already complete,show INTRO; Yes/No,PREPARE,RETRY,RETRY,RETRY,RETRY,RETRY,NONE,NONE
EVENT_SPECIAL_NATIONAL_0905,PREPARE,Yes selected,write pending transaction only; reserve no item/flag,EXECUTE,RETRY,RETRY,RETRY,FULL,FULL,NONE,clear pending; restore unconsumed source item; no capture ledger write
EVENT_SPECIAL_NATIONAL_0905,EXECUTE,pending valid,run CAPTURE adapter,COMMIT,RETRY,RETRY,RETRY,FULL,FULL,NONE,clear pending; restore unconsumed source item; no capture ledger write
EVENT_SPECIAL_NATIONAL_0905,COMMIT,operation success,"write ledger, dex, claim count; persist atomically; clear pending",DONE,RETRY,RETRY,RETRY,RETRY,RETRY,ledger+dex+claim only in COMMIT,NONE
EVENT_SPECIAL_NATIONAL_0905,RETRY,cancel/defeat/escape/reset recovery,clear pending; leave encounter/claim available,OFFER,OFFER,OFFER,OFFER,OFFER,OFFER,NONE,clear pending; restore unconsumed source item; no capture ledger write
EVENT_SPECIAL_NATIONAL_0905,FULL,party/PC/queue unavailable,show FULL; consume nothing; clear pending,OFFER,OFFER,OFFER,OFFER,OFFER,OFFER,NONE,clear pending; restore unconsumed source item; no capture ledger write
EVENT_SPECIAL_NATIONAL_0905,DONE,ledger or commit true,show SUCCESS or ALREADY; no duplicate,DONE,DONE,DONE,DONE,DONE,DONE,NONE,NONE
EVENT_SPECIAL_NATIONAL_0984,CHECK_UNLOCK,host interaction,test unlock expression,CHECK_LEDGER,LOCKED,LOCKED,LOCKED,LOCKED,LOCKED,NONE,NONE
EVENT_SPECIAL_NATIONAL_0984,CHECK_LEDGER,unlock true,test shared ledger/dex migration,OFFER,DONE,DONE,DONE,DONE,DONE,NONE,NONE
EVENT_SPECIAL_NATIONAL_0984,OFFER,not already complete,show INTRO; Yes/No,PREPARE,RETRY,RETRY,RETRY,RETRY,RETRY,NONE,NONE
EVENT_SPECIAL_NATIONAL_0984,PREPARE,Yes selected,write pending transaction only; reserve no item/flag,EXECUTE,RETRY,RETRY,RETRY,FULL,FULL,NONE,clear pending; restore unconsumed source item; no capture ledger write
EVENT_SPECIAL_NATIONAL_0984,EXECUTE,pending valid,run CAPTURE adapter,COMMIT,RETRY,RETRY,RETRY,FULL,FULL,NONE,clear pending; restore unconsumed source item; no capture ledger write
EVENT_SPECIAL_NATIONAL_0984,COMMIT,operation success,"write ledger, dex, claim count; persist atomically; clear pending",DONE,RETRY,RETRY,RETRY,RETRY,RETRY,ledger+dex+claim only in COMMIT,NONE
EVENT_SPECIAL_NATIONAL_0984,RETRY,cancel/defeat/escape/reset recovery,clear pending; leave encounter/claim available,OFFER,OFFER,OFFER,OFFER,OFFER,OFFER,NONE,clear pending; restore unconsumed source item; no capture ledger write
EVENT_SPECIAL_NATIONAL_0984,FULL,party/PC/queue unavailable,show FULL; consume nothing; clear pending,OFFER,OFFER,OFFER,OFFER,OFFER,OFFER,NONE,clear pending; restore unconsumed source item; no capture ledger write
EVENT_SPECIAL_NATIONAL_0984,DONE,ledger or commit true,show SUCCESS or ALREADY; no duplicate,DONE,DONE,DONE,DONE,DONE,DONE,NONE,NONE
EVENT_SPECIAL_NATIONAL_0985,CHECK_UNLOCK,host interaction,test unlock expression,CHECK_LEDGER,LOCKED,LOCKED,LOCKED,LOCKED,LOCKED,NONE,NONE
EVENT_SPECIAL_NATIONAL_0985,CHECK_LEDGER,unlock true,test shared ledger/dex migration,OFFER,DONE,DONE,DONE,DONE,DONE,NONE,NONE
EVENT_SPECIAL_NATIONAL_0985,OFFER,not already complete,show INTRO; Yes/No,PREPARE,RETRY,RETRY,RETRY,RETRY,RETRY,NONE,NONE
EVENT_SPECIAL_NATIONAL_0985,PREPARE,Yes selected,write pending transaction only; reserve no item/flag,EXECUTE,RETRY,RETRY,RETRY,FULL,FULL,NONE,clear pending; restore unconsumed source item; no capture ledger write
EVENT_SPECIAL_NATIONAL_0985,EXECUTE,pending valid,run CAPTURE adapter,COMMIT,RETRY,RETRY,RETRY,FULL,FULL,NONE,clear pending; restore unconsumed source item; no capture ledger write
EVENT_SPECIAL_NATIONAL_0985,COMMIT,operation success,"write ledger, dex, claim count; persist atomically; clear pending",DONE,RETRY,RETRY,RETRY,RETRY,RETRY,ledger+dex+claim only in COMMIT,NONE
EVENT_SPECIAL_NATIONAL_0985,RETRY,cancel/defeat/escape/reset recovery,clear pending; leave encounter/claim available,OFFER,OFFER,OFFER,OFFER,OFFER,OFFER,NONE,clear pending; restore unconsumed source item; no capture ledger write
EVENT_SPECIAL_NATIONAL_0985,FULL,party/PC/queue unavailable,show FULL; consume nothing; clear pending,OFFER,OFFER,OFFER,OFFER,OFFER,OFFER,NONE,clear pending; restore unconsumed source item; no capture ledger write
EVENT_SPECIAL_NATIONAL_0985,DONE,ledger or commit true,show SUCCESS or ALREADY; no duplicate,DONE,DONE,DONE,DONE,DONE,DONE,NONE,NONE
EVENT_SPECIAL_NATIONAL_0986,CHECK_UNLOCK,host interaction,test unlock expression,CHECK_LEDGER,LOCKED,LOCKED,LOCKED,LOCKED,LOCKED,NONE,NONE
EVENT_SPECIAL_NATIONAL_0986,CHECK_LEDGER,unlock true,test shared ledger/dex migration,OFFER,DONE,DONE,DONE,DONE,DONE,NONE,NONE
EVENT_SPECIAL_NATIONAL_0986,OFFER,not already complete,show INTRO; Yes/No,PREPARE,RETRY,RETRY,RETRY,RETRY,RETRY,NONE,NONE
EVENT_SPECIAL_NATIONAL_0986,PREPARE,Yes selected,write pending transaction only; reserve no item/flag,EXECUTE,RETRY,RETRY,RETRY,FULL,FULL,NONE,clear pending; restore unconsumed source item; no capture ledger write
EVENT_SPECIAL_NATIONAL_0986,EXECUTE,pending valid,run CAPTURE adapter,COMMIT,RETRY,RETRY,RETRY,FULL,FULL,NONE,clear pending; restore unconsumed source item; no capture ledger write
EVENT_SPECIAL_NATIONAL_0986,COMMIT,operation success,"write ledger, dex, claim count; persist atomically; clear pending",DONE,RETRY,RETRY,RETRY,RETRY,RETRY,ledger+dex+claim only in COMMIT,NONE
EVENT_SPECIAL_NATIONAL_0986,RETRY,cancel/defeat/escape/reset recovery,clear pending; leave encounter/claim available,OFFER,OFFER,OFFER,OFFER,OFFER,OFFER,NONE,clear pending; restore unconsumed source item; no capture ledger write
EVENT_SPECIAL_NATIONAL_0986,FULL,party/PC/queue unavailable,show FULL; consume nothing; clear pending,OFFER,OFFER,OFFER,OFFER,OFFER,OFFER,NONE,clear pending; restore unconsumed source item; no capture ledger write
EVENT_SPECIAL_NATIONAL_0986,DONE,ledger or commit true,show SUCCESS or ALREADY; no duplicate,DONE,DONE,DONE,DONE,DONE,DONE,NONE,NONE
EVENT_SPECIAL_NATIONAL_0987,CHECK_UNLOCK,host interaction,test unlock expression,CHECK_LEDGER,LOCKED,LOCKED,LOCKED,LOCKED,LOCKED,NONE,NONE
EVENT_SPECIAL_NATIONAL_0987,CHECK_LEDGER,unlock true,test shared ledger/dex migration,OFFER,DONE,DONE,DONE,DONE,DONE,NONE,NONE
EVENT_SPECIAL_NATIONAL_0987,OFFER,not already complete,show INTRO; Yes/No,PREPARE,RETRY,RETRY,RETRY,RETRY,RETRY,NONE,NONE
EVENT_SPECIAL_NATIONAL_0987,PREPARE,Yes selected,write pending transaction only; reserve no item/flag,EXECUTE,RETRY,RETRY,RETRY,FULL,FULL,NONE,clear pending; restore unconsumed source item; no capture ledger write
EVENT_SPECIAL_NATIONAL_0987,EXECUTE,pending valid,run CAPTURE adapter,COMMIT,RETRY,RETRY,RETRY,FULL,FULL,NONE,clear pending; restore unconsumed source item; no capture ledger write
EVENT_SPECIAL_NATIONAL_0987,COMMIT,operation success,"write ledger, dex, claim count; persist atomically; clear pending",DONE,RETRY,RETRY,RETRY,RETRY,RETRY,ledger+dex+claim only in COMMIT,NONE
EVENT_SPECIAL_NATIONAL_0987,RETRY,cancel/defeat/escape/reset recovery,clear pending; leave encounter/claim available,OFFER,OFFER,OFFER,OFFER,OFFER,OFFER,NONE,clear pending; restore unconsumed source item; no capture ledger write
EVENT_SPECIAL_NATIONAL_0987,FULL,party/PC/queue unavailable,show FULL; consume nothing; clear pending,OFFER,OFFER,OFFER,OFFER,OFFER,OFFER,NONE,clear pending; restore unconsumed source item; no capture ledger write
EVENT_SPECIAL_NATIONAL_0987,DONE,ledger or commit true,show SUCCESS or ALREADY; no duplicate,DONE,DONE,DONE,DONE,DONE,DONE,NONE,NONE
EVENT_SPECIAL_NATIONAL_0988,CHECK_UNLOCK,host interaction,test unlock expression,CHECK_LEDGER,LOCKED,LOCKED,LOCKED,LOCKED,LOCKED,NONE,NONE
EVENT_SPECIAL_NATIONAL_0988,CHECK_LEDGER,unlock true,test shared ledger/dex migration,OFFER,DONE,DONE,DONE,DONE,DONE,NONE,NONE
EVENT_SPECIAL_NATIONAL_0988,OFFER,not already complete,show INTRO; Yes/No,PREPARE,RETRY,RETRY,RETRY,RETRY,RETRY,NONE,NONE
EVENT_SPECIAL_NATIONAL_0988,PREPARE,Yes selected,write pending transaction only; reserve no item/flag,EXECUTE,RETRY,RETRY,RETRY,FULL,FULL,NONE,clear pending; restore unconsumed source item; no capture ledger write
EVENT_SPECIAL_NATIONAL_0988,EXECUTE,pending valid,run CAPTURE adapter,COMMIT,RETRY,RETRY,RETRY,FULL,FULL,NONE,clear pending; restore unconsumed source item; no capture ledger write
EVENT_SPECIAL_NATIONAL_0988,COMMIT,operation success,"write ledger, dex, claim count; persist atomically; clear pending",DONE,RETRY,RETRY,RETRY,RETRY,RETRY,ledger+dex+claim only in COMMIT,NONE
EVENT_SPECIAL_NATIONAL_0988,RETRY,cancel/defeat/escape/reset recovery,clear pending; leave encounter/claim available,OFFER,OFFER,OFFER,OFFER,OFFER,OFFER,NONE,clear pending; restore unconsumed source item; no capture ledger write
EVENT_SPECIAL_NATIONAL_0988,FULL,party/PC/queue unavailable,show FULL; consume nothing; clear pending,OFFER,OFFER,OFFER,OFFER,OFFER,OFFER,NONE,clear pending; restore unconsumed source item; no capture ledger write
EVENT_SPECIAL_NATIONAL_0988,DONE,ledger or commit true,show SUCCESS or ALREADY; no duplicate,DONE,DONE,DONE,DONE,DONE,DONE,NONE,NONE
EVENT_SPECIAL_NATIONAL_0989,CHECK_UNLOCK,host interaction,test unlock expression,CHECK_LEDGER,LOCKED,LOCKED,LOCKED,LOCKED,LOCKED,NONE,NONE
EVENT_SPECIAL_NATIONAL_0989,CHECK_LEDGER,unlock true,test shared ledger/dex migration,OFFER,DONE,DONE,DONE,DONE,DONE,NONE,NONE
EVENT_SPECIAL_NATIONAL_0989,OFFER,not already complete,show INTRO; Yes/No,PREPARE,RETRY,RETRY,RETRY,RETRY,RETRY,NONE,NONE
EVENT_SPECIAL_NATIONAL_0989,PREPARE,Yes selected,write pending transaction only; reserve no item/flag,EXECUTE,RETRY,RETRY,RETRY,FULL,FULL,NONE,clear pending; restore unconsumed source item; no capture ledger write
EVENT_SPECIAL_NATIONAL_0989,EXECUTE,pending valid,run CAPTURE adapter,COMMIT,RETRY,RETRY,RETRY,FULL,FULL,NONE,clear pending; restore unconsumed source item; no capture ledger write
EVENT_SPECIAL_NATIONAL_0989,COMMIT,operation success,"write ledger, dex, claim count; persist atomically; clear pending",DONE,RETRY,RETRY,RETRY,RETRY,RETRY,ledger+dex+claim only in COMMIT,NONE
EVENT_SPECIAL_NATIONAL_0989,RETRY,cancel/defeat/escape/reset recovery,clear pending; leave encounter/claim available,OFFER,OFFER,OFFER,OFFER,OFFER,OFFER,NONE,clear pending; restore unconsumed source item; no capture ledger write
EVENT_SPECIAL_NATIONAL_0989,FULL,party/PC/queue unavailable,show FULL; consume nothing; clear pending,OFFER,OFFER,OFFER,OFFER,OFFER,OFFER,NONE,clear pending; restore unconsumed source item; no capture ledger write
EVENT_SPECIAL_NATIONAL_0989,DONE,ledger or commit true,show SUCCESS or ALREADY; no duplicate,DONE,DONE,DONE,DONE,DONE,DONE,NONE,NONE
EVENT_SPECIAL_NATIONAL_0990,CHECK_UNLOCK,host interaction,test unlock expression,CHECK_LEDGER,LOCKED,LOCKED,LOCKED,LOCKED,LOCKED,NONE,NONE
EVENT_SPECIAL_NATIONAL_0990,CHECK_LEDGER,unlock true,test shared ledger/dex migration,OFFER,DONE,DONE,DONE,DONE,DONE,NONE,NONE
EVENT_SPECIAL_NATIONAL_0990,OFFER,not already complete,show INTRO; Yes/No,PREPARE,RETRY,RETRY,RETRY,RETRY,RETRY,NONE,NONE
EVENT_SPECIAL_NATIONAL_0990,PREPARE,Yes selected,write pending transaction only; reserve no item/flag,EXECUTE,RETRY,RETRY,RETRY,FULL,FULL,NONE,clear pending; restore unconsumed source item; no capture ledger write
EVENT_SPECIAL_NATIONAL_0990,EXECUTE,pending valid,run CAPTURE adapter,COMMIT,RETRY,RETRY,RETRY,FULL,FULL,NONE,clear pending; restore unconsumed source item; no capture ledger write
EVENT_SPECIAL_NATIONAL_0990,COMMIT,operation success,"write ledger, dex, claim count; persist atomically; clear pending",DONE,RETRY,RETRY,RETRY,RETRY,RETRY,ledger+dex+claim only in COMMIT,NONE
EVENT_SPECIAL_NATIONAL_0990,RETRY,cancel/defeat/escape/reset recovery,clear pending; leave encounter/claim available,OFFER,OFFER,OFFER,OFFER,OFFER,OFFER,NONE,clear pending; restore unconsumed source item; no capture ledger write
EVENT_SPECIAL_NATIONAL_0990,FULL,party/PC/queue unavailable,show FULL; consume nothing; clear pending,OFFER,OFFER,OFFER,OFFER,OFFER,OFFER,NONE,clear pending; restore unconsumed source item; no capture ledger write
EVENT_SPECIAL_NATIONAL_0990,DONE,ledger or commit true,show SUCCESS or ALREADY; no duplicate,DONE,DONE,DONE,DONE,DONE,DONE,NONE,NONE
EVENT_SPECIAL_NATIONAL_0991,CHECK_UNLOCK,host interaction,test unlock expression,CHECK_LEDGER,LOCKED,LOCKED,LOCKED,LOCKED,LOCKED,NONE,NONE
EVENT_SPECIAL_NATIONAL_0991,CHECK_LEDGER,unlock true,test shared ledger/dex migration,OFFER,DONE,DONE,DONE,DONE,DONE,NONE,NONE
EVENT_SPECIAL_NATIONAL_0991,OFFER,not already complete,show INTRO; Yes/No,PREPARE,RETRY,RETRY,RETRY,RETRY,RETRY,NONE,NONE
EVENT_SPECIAL_NATIONAL_0991,PREPARE,Yes selected,write pending transaction only; reserve no item/flag,EXECUTE,RETRY,RETRY,RETRY,FULL,FULL,NONE,clear pending; restore unconsumed source item; no capture ledger write
EVENT_SPECIAL_NATIONAL_0991,EXECUTE,pending valid,run CAPTURE adapter,COMMIT,RETRY,RETRY,RETRY,FULL,FULL,NONE,clear pending; restore unconsumed source item; no capture ledger write
EVENT_SPECIAL_NATIONAL_0991,COMMIT,operation success,"write ledger, dex, claim count; persist atomically; clear pending",DONE,RETRY,RETRY,RETRY,RETRY,RETRY,ledger+dex+claim only in COMMIT,NONE
EVENT_SPECIAL_NATIONAL_0991,RETRY,cancel/defeat/escape/reset recovery,clear pending; leave encounter/claim available,OFFER,OFFER,OFFER,OFFER,OFFER,OFFER,NONE,clear pending; restore unconsumed source item; no capture ledger write
EVENT_SPECIAL_NATIONAL_0991,FULL,party/PC/queue unavailable,show FULL; consume nothing; clear pending,OFFER,OFFER,OFFER,OFFER,OFFER,OFFER,NONE,clear pending; restore unconsumed source item; no capture ledger write
EVENT_SPECIAL_NATIONAL_0991,DONE,ledger or commit true,show SUCCESS or ALREADY; no duplicate,DONE,DONE,DONE,DONE,DONE,DONE,NONE,NONE
EVENT_SPECIAL_NATIONAL_0992,CHECK_UNLOCK,host interaction,test unlock expression,CHECK_LEDGER,LOCKED,LOCKED,LOCKED,LOCKED,LOCKED,NONE,NONE
EVENT_SPECIAL_NATIONAL_0992,CHECK_LEDGER,unlock true,test shared ledger/dex migration,OFFER,DONE,DONE,DONE,DONE,DONE,NONE,NONE
EVENT_SPECIAL_NATIONAL_0992,OFFER,not already complete,show INTRO; Yes/No,PREPARE,RETRY,RETRY,RETRY,RETRY,RETRY,NONE,NONE
EVENT_SPECIAL_NATIONAL_0992,PREPARE,Yes selected,write pending transaction only; reserve no item/flag,EXECUTE,RETRY,RETRY,RETRY,FULL,FULL,NONE,clear pending; restore unconsumed source item; no capture ledger write
EVENT_SPECIAL_NATIONAL_0992,EXECUTE,pending valid,run CAPTURE adapter,COMMIT,RETRY,RETRY,RETRY,FULL,FULL,NONE,clear pending; restore unconsumed source item; no capture ledger write
EVENT_SPECIAL_NATIONAL_0992,COMMIT,operation success,"write ledger, dex, claim count; persist atomically; clear pending",DONE,RETRY,RETRY,RETRY,RETRY,RETRY,ledger+dex+claim only in COMMIT,NONE
EVENT_SPECIAL_NATIONAL_0992,RETRY,cancel/defeat/escape/reset recovery,clear pending; leave encounter/claim available,OFFER,OFFER,OFFER,OFFER,OFFER,OFFER,NONE,clear pending; restore unconsumed source item; no capture ledger write
EVENT_SPECIAL_NATIONAL_0992,FULL,party/PC/queue unavailable,show FULL; consume nothing; clear pending,OFFER,OFFER,OFFER,OFFER,OFFER,OFFER,NONE,clear pending; restore unconsumed source item; no capture ledger write
EVENT_SPECIAL_NATIONAL_0992,DONE,ledger or commit true,show SUCCESS or ALREADY; no duplicate,DONE,DONE,DONE,DONE,DONE,DONE,NONE,NONE
EVENT_SPECIAL_NATIONAL_0993,CHECK_UNLOCK,host interaction,test unlock expression,CHECK_LEDGER,LOCKED,LOCKED,LOCKED,LOCKED,LOCKED,NONE,NONE
EVENT_SPECIAL_NATIONAL_0993,CHECK_LEDGER,unlock true,test shared ledger/dex migration,OFFER,DONE,DONE,DONE,DONE,DONE,NONE,NONE
EVENT_SPECIAL_NATIONAL_0993,OFFER,not already complete,show INTRO; Yes/No,PREPARE,RETRY,RETRY,RETRY,RETRY,RETRY,NONE,NONE
EVENT_SPECIAL_NATIONAL_0993,PREPARE,Yes selected,write pending transaction only; reserve no item/flag,EXECUTE,RETRY,RETRY,RETRY,FULL,FULL,NONE,clear pending; restore unconsumed source item; no capture ledger write
EVENT_SPECIAL_NATIONAL_0993,EXECUTE,pending valid,run CAPTURE adapter,COMMIT,RETRY,RETRY,RETRY,FULL,FULL,NONE,clear pending; restore unconsumed source item; no capture ledger write
EVENT_SPECIAL_NATIONAL_0993,COMMIT,operation success,"write ledger, dex, claim count; persist atomically; clear pending",DONE,RETRY,RETRY,RETRY,RETRY,RETRY,ledger+dex+claim only in COMMIT,NONE
EVENT_SPECIAL_NATIONAL_0993,RETRY,cancel/defeat/escape/reset recovery,clear pending; leave encounter/claim available,OFFER,OFFER,OFFER,OFFER,OFFER,OFFER,NONE,clear pending; restore unconsumed source item; no capture ledger write
EVENT_SPECIAL_NATIONAL_0993,FULL,party/PC/queue unavailable,show FULL; consume nothing; clear pending,OFFER,OFFER,OFFER,OFFER,OFFER,OFFER,NONE,clear pending; restore unconsumed source item; no capture ledger write
EVENT_SPECIAL_NATIONAL_0993,DONE,ledger or commit true,show SUCCESS or ALREADY; no duplicate,DONE,DONE,DONE,DONE,DONE,DONE,NONE,NONE
EVENT_SPECIAL_NATIONAL_0994,CHECK_UNLOCK,host interaction,test unlock expression,CHECK_LEDGER,LOCKED,LOCKED,LOCKED,LOCKED,LOCKED,NONE,NONE
EVENT_SPECIAL_NATIONAL_0994,CHECK_LEDGER,unlock true,test shared ledger/dex migration,OFFER,DONE,DONE,DONE,DONE,DONE,NONE,NONE
EVENT_SPECIAL_NATIONAL_0994,OFFER,not already complete,show INTRO; Yes/No,PREPARE,RETRY,RETRY,RETRY,RETRY,RETRY,NONE,NONE
EVENT_SPECIAL_NATIONAL_0994,PREPARE,Yes selected,write pending transaction only; reserve no item/flag,EXECUTE,RETRY,RETRY,RETRY,FULL,FULL,NONE,clear pending; restore unconsumed source item; no capture ledger write
EVENT_SPECIAL_NATIONAL_0994,EXECUTE,pending valid,run CAPTURE adapter,COMMIT,RETRY,RETRY,RETRY,FULL,FULL,NONE,clear pending; restore unconsumed source item; no capture ledger write
EVENT_SPECIAL_NATIONAL_0994,COMMIT,operation success,"write ledger, dex, claim count; persist atomically; clear pending",DONE,RETRY,RETRY,RETRY,RETRY,RETRY,ledger+dex+claim only in COMMIT,NONE
EVENT_SPECIAL_NATIONAL_0994,RETRY,cancel/defeat/escape/reset recovery,clear pending; leave encounter/claim available,OFFER,OFFER,OFFER,OFFER,OFFER,OFFER,NONE,clear pending; restore unconsumed source item; no capture ledger write
EVENT_SPECIAL_NATIONAL_0994,FULL,party/PC/queue unavailable,show FULL; consume nothing; clear pending,OFFER,OFFER,OFFER,OFFER,OFFER,OFFER,NONE,clear pending; restore unconsumed source item; no capture ledger write
EVENT_SPECIAL_NATIONAL_0994,DONE,ledger or commit true,show SUCCESS or ALREADY; no duplicate,DONE,DONE,DONE,DONE,DONE,DONE,NONE,NONE
EVENT_SPECIAL_NATIONAL_0995,CHECK_UNLOCK,host interaction,test unlock expression,CHECK_LEDGER,LOCKED,LOCKED,LOCKED,LOCKED,LOCKED,NONE,NONE
EVENT_SPECIAL_NATIONAL_0995,CHECK_LEDGER,unlock true,test shared ledger/dex migration,OFFER,DONE,DONE,DONE,DONE,DONE,NONE,NONE
EVENT_SPECIAL_NATIONAL_0995,OFFER,not already complete,show INTRO; Yes/No,PREPARE,RETRY,RETRY,RETRY,RETRY,RETRY,NONE,NONE
EVENT_SPECIAL_NATIONAL_0995,PREPARE,Yes selected,write pending transaction only; reserve no item/flag,EXECUTE,RETRY,RETRY,RETRY,FULL,FULL,NONE,clear pending; restore unconsumed source item; no capture ledger write
EVENT_SPECIAL_NATIONAL_0995,EXECUTE,pending valid,run CAPTURE adapter,COMMIT,RETRY,RETRY,RETRY,FULL,FULL,NONE,clear pending; restore unconsumed source item; no capture ledger write
EVENT_SPECIAL_NATIONAL_0995,COMMIT,operation success,"write ledger, dex, claim count; persist atomically; clear pending",DONE,RETRY,RETRY,RETRY,RETRY,RETRY,ledger+dex+claim only in COMMIT,NONE
EVENT_SPECIAL_NATIONAL_0995,RETRY,cancel/defeat/escape/reset recovery,clear pending; leave encounter/claim available,OFFER,OFFER,OFFER,OFFER,OFFER,OFFER,NONE,clear pending; restore unconsumed source item; no capture ledger write
EVENT_SPECIAL_NATIONAL_0995,FULL,party/PC/queue unavailable,show FULL; consume nothing; clear pending,OFFER,OFFER,OFFER,OFFER,OFFER,OFFER,NONE,clear pending; restore unconsumed source item; no capture ledger write
EVENT_SPECIAL_NATIONAL_0995,DONE,ledger or commit true,show SUCCESS or ALREADY; no duplicate,DONE,DONE,DONE,DONE,DONE,DONE,NONE,NONE
EVENT_SPECIAL_NATIONAL_1001,CHECK_UNLOCK,host interaction,test unlock expression,CHECK_LEDGER,LOCKED,LOCKED,LOCKED,LOCKED,LOCKED,NONE,NONE
EVENT_SPECIAL_NATIONAL_1001,CHECK_LEDGER,unlock true,test shared ledger/dex migration,OFFER,DONE,DONE,DONE,DONE,DONE,NONE,NONE
EVENT_SPECIAL_NATIONAL_1001,OFFER,not already complete,show INTRO; Yes/No,PREPARE,RETRY,RETRY,RETRY,RETRY,RETRY,NONE,NONE
EVENT_SPECIAL_NATIONAL_1001,PREPARE,Yes selected,write pending transaction only; reserve no item/flag,EXECUTE,RETRY,RETRY,RETRY,FULL,FULL,NONE,clear pending; restore unconsumed source item; no capture ledger write
EVENT_SPECIAL_NATIONAL_1001,EXECUTE,pending valid,run CAPTURE adapter,COMMIT,RETRY,RETRY,RETRY,FULL,FULL,NONE,clear pending; restore unconsumed source item; no capture ledger write
EVENT_SPECIAL_NATIONAL_1001,COMMIT,operation success,"write ledger, dex, claim count; persist atomically; clear pending",DONE,RETRY,RETRY,RETRY,RETRY,RETRY,ledger+dex+claim only in COMMIT,NONE
EVENT_SPECIAL_NATIONAL_1001,RETRY,cancel/defeat/escape/reset recovery,clear pending; leave encounter/claim available,OFFER,OFFER,OFFER,OFFER,OFFER,OFFER,NONE,clear pending; restore unconsumed source item; no capture ledger write
EVENT_SPECIAL_NATIONAL_1001,FULL,party/PC/queue unavailable,show FULL; consume nothing; clear pending,OFFER,OFFER,OFFER,OFFER,OFFER,OFFER,NONE,clear pending; restore unconsumed source item; no capture ledger write
EVENT_SPECIAL_NATIONAL_1001,DONE,ledger or commit true,show SUCCESS or ALREADY; no duplicate,DONE,DONE,DONE,DONE,DONE,DONE,NONE,NONE
EVENT_SPECIAL_NATIONAL_1002,CHECK_UNLOCK,host interaction,test unlock expression,CHECK_LEDGER,LOCKED,LOCKED,LOCKED,LOCKED,LOCKED,NONE,NONE
EVENT_SPECIAL_NATIONAL_1002,CHECK_LEDGER,unlock true,test shared ledger/dex migration,OFFER,DONE,DONE,DONE,DONE,DONE,NONE,NONE
EVENT_SPECIAL_NATIONAL_1002,OFFER,not already complete,show INTRO; Yes/No,PREPARE,RETRY,RETRY,RETRY,RETRY,RETRY,NONE,NONE
EVENT_SPECIAL_NATIONAL_1002,PREPARE,Yes selected,write pending transaction only; reserve no item/flag,EXECUTE,RETRY,RETRY,RETRY,FULL,FULL,NONE,clear pending; restore unconsumed source item; no capture ledger write
EVENT_SPECIAL_NATIONAL_1002,EXECUTE,pending valid,run CAPTURE adapter,COMMIT,RETRY,RETRY,RETRY,FULL,FULL,NONE,clear pending; restore unconsumed source item; no capture ledger write
EVENT_SPECIAL_NATIONAL_1002,COMMIT,operation success,"write ledger, dex, claim count; persist atomically; clear pending",DONE,RETRY,RETRY,RETRY,RETRY,RETRY,ledger+dex+claim only in COMMIT,NONE
EVENT_SPECIAL_NATIONAL_1002,RETRY,cancel/defeat/escape/reset recovery,clear pending; leave encounter/claim available,OFFER,OFFER,OFFER,OFFER,OFFER,OFFER,NONE,clear pending; restore unconsumed source item; no capture ledger write
EVENT_SPECIAL_NATIONAL_1002,FULL,party/PC/queue unavailable,show FULL; consume nothing; clear pending,OFFER,OFFER,OFFER,OFFER,OFFER,OFFER,NONE,clear pending; restore unconsumed source item; no capture ledger write
EVENT_SPECIAL_NATIONAL_1002,DONE,ledger or commit true,show SUCCESS or ALREADY; no duplicate,DONE,DONE,DONE,DONE,DONE,DONE,NONE,NONE
EVENT_SPECIAL_NATIONAL_1003,CHECK_UNLOCK,host interaction,test unlock expression,CHECK_LEDGER,LOCKED,LOCKED,LOCKED,LOCKED,LOCKED,NONE,NONE
EVENT_SPECIAL_NATIONAL_1003,CHECK_LEDGER,unlock true,test shared ledger/dex migration,OFFER,DONE,DONE,DONE,DONE,DONE,NONE,NONE
EVENT_SPECIAL_NATIONAL_1003,OFFER,not already complete,show INTRO; Yes/No,PREPARE,RETRY,RETRY,RETRY,RETRY,RETRY,NONE,NONE
EVENT_SPECIAL_NATIONAL_1003,PREPARE,Yes selected,write pending transaction only; reserve no item/flag,EXECUTE,RETRY,RETRY,RETRY,FULL,FULL,NONE,clear pending; restore unconsumed source item; no capture ledger write
EVENT_SPECIAL_NATIONAL_1003,EXECUTE,pending valid,run CAPTURE adapter,COMMIT,RETRY,RETRY,RETRY,FULL,FULL,NONE,clear pending; restore unconsumed source item; no capture ledger write
EVENT_SPECIAL_NATIONAL_1003,COMMIT,operation success,"write ledger, dex, claim count; persist atomically; clear pending",DONE,RETRY,RETRY,RETRY,RETRY,RETRY,ledger+dex+claim only in COMMIT,NONE
EVENT_SPECIAL_NATIONAL_1003,RETRY,cancel/defeat/escape/reset recovery,clear pending; leave encounter/claim available,OFFER,OFFER,OFFER,OFFER,OFFER,OFFER,NONE,clear pending; restore unconsumed source item; no capture ledger write
EVENT_SPECIAL_NATIONAL_1003,FULL,party/PC/queue unavailable,show FULL; consume nothing; clear pending,OFFER,OFFER,OFFER,OFFER,OFFER,OFFER,NONE,clear pending; restore unconsumed source item; no capture ledger write
EVENT_SPECIAL_NATIONAL_1003,DONE,ledger or commit true,show SUCCESS or ALREADY; no duplicate,DONE,DONE,DONE,DONE,DONE,DONE,NONE,NONE
EVENT_SPECIAL_NATIONAL_1004,CHECK_UNLOCK,host interaction,test unlock expression,CHECK_LEDGER,LOCKED,LOCKED,LOCKED,LOCKED,LOCKED,NONE,NONE
EVENT_SPECIAL_NATIONAL_1004,CHECK_LEDGER,unlock true,test shared ledger/dex migration,OFFER,DONE,DONE,DONE,DONE,DONE,NONE,NONE
EVENT_SPECIAL_NATIONAL_1004,OFFER,not already complete,show INTRO; Yes/No,PREPARE,RETRY,RETRY,RETRY,RETRY,RETRY,NONE,NONE
EVENT_SPECIAL_NATIONAL_1004,PREPARE,Yes selected,write pending transaction only; reserve no item/flag,EXECUTE,RETRY,RETRY,RETRY,FULL,FULL,NONE,clear pending; restore unconsumed source item; no capture ledger write
EVENT_SPECIAL_NATIONAL_1004,EXECUTE,pending valid,run CAPTURE adapter,COMMIT,RETRY,RETRY,RETRY,FULL,FULL,NONE,clear pending; restore unconsumed source item; no capture ledger write
EVENT_SPECIAL_NATIONAL_1004,COMMIT,operation success,"write ledger, dex, claim count; persist atomically; clear pending",DONE,RETRY,RETRY,RETRY,RETRY,RETRY,ledger+dex+claim only in COMMIT,NONE
EVENT_SPECIAL_NATIONAL_1004,RETRY,cancel/defeat/escape/reset recovery,clear pending; leave encounter/claim available,OFFER,OFFER,OFFER,OFFER,OFFER,OFFER,NONE,clear pending; restore unconsumed source item; no capture ledger write
EVENT_SPECIAL_NATIONAL_1004,FULL,party/PC/queue unavailable,show FULL; consume nothing; clear pending,OFFER,OFFER,OFFER,OFFER,OFFER,OFFER,NONE,clear pending; restore unconsumed source item; no capture ledger write
EVENT_SPECIAL_NATIONAL_1004,DONE,ledger or commit true,show SUCCESS or ALREADY; no duplicate,DONE,DONE,DONE,DONE,DONE,DONE,NONE,NONE
EVENT_SPECIAL_NATIONAL_1005,CHECK_UNLOCK,host interaction,test unlock expression,CHECK_LEDGER,LOCKED,LOCKED,LOCKED,LOCKED,LOCKED,NONE,NONE
EVENT_SPECIAL_NATIONAL_1005,CHECK_LEDGER,unlock true,test shared ledger/dex migration,OFFER,DONE,DONE,DONE,DONE,DONE,NONE,NONE
EVENT_SPECIAL_NATIONAL_1005,OFFER,not already complete,show INTRO; Yes/No,PREPARE,RETRY,RETRY,RETRY,RETRY,RETRY,NONE,NONE
EVENT_SPECIAL_NATIONAL_1005,PREPARE,Yes selected,write pending transaction only; reserve no item/flag,EXECUTE,RETRY,RETRY,RETRY,FULL,FULL,NONE,clear pending; restore unconsumed source item; no capture ledger write
EVENT_SPECIAL_NATIONAL_1005,EXECUTE,pending valid,run CAPTURE adapter,COMMIT,RETRY,RETRY,RETRY,FULL,FULL,NONE,clear pending; restore unconsumed source item; no capture ledger write
EVENT_SPECIAL_NATIONAL_1005,COMMIT,operation success,"write ledger, dex, claim count; persist atomically; clear pending",DONE,RETRY,RETRY,RETRY,RETRY,RETRY,ledger+dex+claim only in COMMIT,NONE
EVENT_SPECIAL_NATIONAL_1005,RETRY,cancel/defeat/escape/reset recovery,clear pending; leave encounter/claim available,OFFER,OFFER,OFFER,OFFER,OFFER,OFFER,NONE,clear pending; restore unconsumed source item; no capture ledger write
EVENT_SPECIAL_NATIONAL_1005,FULL,party/PC/queue unavailable,show FULL; consume nothing; clear pending,OFFER,OFFER,OFFER,OFFER,OFFER,OFFER,NONE,clear pending; restore unconsumed source item; no capture ledger write
EVENT_SPECIAL_NATIONAL_1005,DONE,ledger or commit true,show SUCCESS or ALREADY; no duplicate,DONE,DONE,DONE,DONE,DONE,DONE,NONE,NONE
EVENT_SPECIAL_NATIONAL_1006,CHECK_UNLOCK,host interaction,test unlock expression,CHECK_LEDGER,LOCKED,LOCKED,LOCKED,LOCKED,LOCKED,NONE,NONE
EVENT_SPECIAL_NATIONAL_1006,CHECK_LEDGER,unlock true,test shared ledger/dex migration,OFFER,DONE,DONE,DONE,DONE,DONE,NONE,NONE
EVENT_SPECIAL_NATIONAL_1006,OFFER,not already complete,show INTRO; Yes/No,PREPARE,RETRY,RETRY,RETRY,RETRY,RETRY,NONE,NONE
EVENT_SPECIAL_NATIONAL_1006,PREPARE,Yes selected,write pending transaction only; reserve no item/flag,EXECUTE,RETRY,RETRY,RETRY,FULL,FULL,NONE,clear pending; restore unconsumed source item; no capture ledger write
EVENT_SPECIAL_NATIONAL_1006,EXECUTE,pending valid,run CAPTURE adapter,COMMIT,RETRY,RETRY,RETRY,FULL,FULL,NONE,clear pending; restore unconsumed source item; no capture ledger write
EVENT_SPECIAL_NATIONAL_1006,COMMIT,operation success,"write ledger, dex, claim count; persist atomically; clear pending",DONE,RETRY,RETRY,RETRY,RETRY,RETRY,ledger+dex+claim only in COMMIT,NONE
EVENT_SPECIAL_NATIONAL_1006,RETRY,cancel/defeat/escape/reset recovery,clear pending; leave encounter/claim available,OFFER,OFFER,OFFER,OFFER,OFFER,OFFER,NONE,clear pending; restore unconsumed source item; no capture ledger write
EVENT_SPECIAL_NATIONAL_1006,FULL,party/PC/queue unavailable,show FULL; consume nothing; clear pending,OFFER,OFFER,OFFER,OFFER,OFFER,OFFER,NONE,clear pending; restore unconsumed source item; no capture ledger write
EVENT_SPECIAL_NATIONAL_1006,DONE,ledger or commit true,show SUCCESS or ALREADY; no duplicate,DONE,DONE,DONE,DONE,DONE,DONE,NONE,NONE
EVENT_SPECIAL_NATIONAL_1007,CHECK_UNLOCK,host interaction,test unlock expression,CHECK_LEDGER,LOCKED,LOCKED,LOCKED,LOCKED,LOCKED,NONE,NONE
EVENT_SPECIAL_NATIONAL_1007,CHECK_LEDGER,unlock true,test shared ledger/dex migration,OFFER,DONE,DONE,DONE,DONE,DONE,NONE,NONE
EVENT_SPECIAL_NATIONAL_1007,OFFER,not already complete,show INTRO; Yes/No,PREPARE,RETRY,RETRY,RETRY,RETRY,RETRY,NONE,NONE
EVENT_SPECIAL_NATIONAL_1007,PREPARE,Yes selected,write pending transaction only; reserve no item/flag,EXECUTE,RETRY,RETRY,RETRY,FULL,FULL,NONE,clear pending; restore unconsumed source item; no capture ledger write
EVENT_SPECIAL_NATIONAL_1007,EXECUTE,pending valid,run CAPTURE adapter,COMMIT,RETRY,RETRY,RETRY,FULL,FULL,NONE,clear pending; restore unconsumed source item; no capture ledger write
EVENT_SPECIAL_NATIONAL_1007,COMMIT,operation success,"write ledger, dex, claim count; persist atomically; clear pending",DONE,RETRY,RETRY,RETRY,RETRY,RETRY,ledger+dex+claim only in COMMIT,NONE
EVENT_SPECIAL_NATIONAL_1007,RETRY,cancel/defeat/escape/reset recovery,clear pending; leave encounter/claim available,OFFER,OFFER,OFFER,OFFER,OFFER,OFFER,NONE,clear pending; restore unconsumed source item; no capture ledger write
EVENT_SPECIAL_NATIONAL_1007,FULL,party/PC/queue unavailable,show FULL; consume nothing; clear pending,OFFER,OFFER,OFFER,OFFER,OFFER,OFFER,NONE,clear pending; restore unconsumed source item; no capture ledger write
EVENT_SPECIAL_NATIONAL_1007,DONE,ledger or commit true,show SUCCESS or ALREADY; no duplicate,DONE,DONE,DONE,DONE,DONE,DONE,NONE,NONE
EVENT_SPECIAL_NATIONAL_1008,CHECK_UNLOCK,host interaction,test unlock expression,CHECK_LEDGER,LOCKED,LOCKED,LOCKED,LOCKED,LOCKED,NONE,NONE
EVENT_SPECIAL_NATIONAL_1008,CHECK_LEDGER,unlock true,test shared ledger/dex migration,OFFER,DONE,DONE,DONE,DONE,DONE,NONE,NONE
EVENT_SPECIAL_NATIONAL_1008,OFFER,not already complete,show INTRO; Yes/No,PREPARE,RETRY,RETRY,RETRY,RETRY,RETRY,NONE,NONE
EVENT_SPECIAL_NATIONAL_1008,PREPARE,Yes selected,write pending transaction only; reserve no item/flag,EXECUTE,RETRY,RETRY,RETRY,FULL,FULL,NONE,clear pending; restore unconsumed source item; no capture ledger write
EVENT_SPECIAL_NATIONAL_1008,EXECUTE,pending valid,run CAPTURE adapter,COMMIT,RETRY,RETRY,RETRY,FULL,FULL,NONE,clear pending; restore unconsumed source item; no capture ledger write
EVENT_SPECIAL_NATIONAL_1008,COMMIT,operation success,"write ledger, dex, claim count; persist atomically; clear pending",DONE,RETRY,RETRY,RETRY,RETRY,RETRY,ledger+dex+claim only in COMMIT,NONE
EVENT_SPECIAL_NATIONAL_1008,RETRY,cancel/defeat/escape/reset recovery,clear pending; leave encounter/claim available,OFFER,OFFER,OFFER,OFFER,OFFER,OFFER,NONE,clear pending; restore unconsumed source item; no capture ledger write
EVENT_SPECIAL_NATIONAL_1008,FULL,party/PC/queue unavailable,show FULL; consume nothing; clear pending,OFFER,OFFER,OFFER,OFFER,OFFER,OFFER,NONE,clear pending; restore unconsumed source item; no capture ledger write
EVENT_SPECIAL_NATIONAL_1008,DONE,ledger or commit true,show SUCCESS or ALREADY; no duplicate,DONE,DONE,DONE,DONE,DONE,DONE,NONE,NONE
EVENT_SPECIAL_NATIONAL_1009,CHECK_UNLOCK,host interaction,test unlock expression,CHECK_LEDGER,LOCKED,LOCKED,LOCKED,LOCKED,LOCKED,NONE,NONE
EVENT_SPECIAL_NATIONAL_1009,CHECK_LEDGER,unlock true,test shared ledger/dex migration,OFFER,DONE,DONE,DONE,DONE,DONE,NONE,NONE
EVENT_SPECIAL_NATIONAL_1009,OFFER,not already complete,show INTRO; Yes/No,PREPARE,RETRY,RETRY,RETRY,RETRY,RETRY,NONE,NONE
EVENT_SPECIAL_NATIONAL_1009,PREPARE,Yes selected,write pending transaction only; reserve no item/flag,EXECUTE,RETRY,RETRY,RETRY,FULL,FULL,NONE,clear pending; restore unconsumed source item; no capture ledger write
EVENT_SPECIAL_NATIONAL_1009,EXECUTE,pending valid,run CAPTURE adapter,COMMIT,RETRY,RETRY,RETRY,FULL,FULL,NONE,clear pending; restore unconsumed source item; no capture ledger write
EVENT_SPECIAL_NATIONAL_1009,COMMIT,operation success,"write ledger, dex, claim count; persist atomically; clear pending",DONE,RETRY,RETRY,RETRY,RETRY,RETRY,ledger+dex+claim only in COMMIT,NONE
EVENT_SPECIAL_NATIONAL_1009,RETRY,cancel/defeat/escape/reset recovery,clear pending; leave encounter/claim available,OFFER,OFFER,OFFER,OFFER,OFFER,OFFER,NONE,clear pending; restore unconsumed source item; no capture ledger write
EVENT_SPECIAL_NATIONAL_1009,FULL,party/PC/queue unavailable,show FULL; consume nothing; clear pending,OFFER,OFFER,OFFER,OFFER,OFFER,OFFER,NONE,clear pending; restore unconsumed source item; no capture ledger write
EVENT_SPECIAL_NATIONAL_1009,DONE,ledger or commit true,show SUCCESS or ALREADY; no duplicate,DONE,DONE,DONE,DONE,DONE,DONE,NONE,NONE
EVENT_SPECIAL_NATIONAL_1010,CHECK_UNLOCK,host interaction,test unlock expression,CHECK_LEDGER,LOCKED,LOCKED,LOCKED,LOCKED,LOCKED,NONE,NONE
EVENT_SPECIAL_NATIONAL_1010,CHECK_LEDGER,unlock true,test shared ledger/dex migration,OFFER,DONE,DONE,DONE,DONE,DONE,NONE,NONE
EVENT_SPECIAL_NATIONAL_1010,OFFER,not already complete,show INTRO; Yes/No,PREPARE,RETRY,RETRY,RETRY,RETRY,RETRY,NONE,NONE
EVENT_SPECIAL_NATIONAL_1010,PREPARE,Yes selected,write pending transaction only; reserve no item/flag,EXECUTE,RETRY,RETRY,RETRY,FULL,FULL,NONE,clear pending; restore unconsumed source item; no capture ledger write
EVENT_SPECIAL_NATIONAL_1010,EXECUTE,pending valid,run CAPTURE adapter,COMMIT,RETRY,RETRY,RETRY,FULL,FULL,NONE,clear pending; restore unconsumed source item; no capture ledger write
EVENT_SPECIAL_NATIONAL_1010,COMMIT,operation success,"write ledger, dex, claim count; persist atomically; clear pending",DONE,RETRY,RETRY,RETRY,RETRY,RETRY,ledger+dex+claim only in COMMIT,NONE
EVENT_SPECIAL_NATIONAL_1010,RETRY,cancel/defeat/escape/reset recovery,clear pending; leave encounter/claim available,OFFER,OFFER,OFFER,OFFER,OFFER,OFFER,NONE,clear pending; restore unconsumed source item; no capture ledger write
EVENT_SPECIAL_NATIONAL_1010,FULL,party/PC/queue unavailable,show FULL; consume nothing; clear pending,OFFER,OFFER,OFFER,OFFER,OFFER,OFFER,NONE,clear pending; restore unconsumed source item; no capture ledger write
EVENT_SPECIAL_NATIONAL_1010,DONE,ledger or commit true,show SUCCESS or ALREADY; no duplicate,DONE,DONE,DONE,DONE,DONE,DONE,NONE,NONE
EVENT_SPECIAL_NATIONAL_1014,CHECK_UNLOCK,host interaction,test unlock expression,CHECK_LEDGER,LOCKED,LOCKED,LOCKED,LOCKED,LOCKED,NONE,NONE
EVENT_SPECIAL_NATIONAL_1014,CHECK_LEDGER,unlock true,test shared ledger/dex migration,OFFER,DONE,DONE,DONE,DONE,DONE,NONE,NONE
EVENT_SPECIAL_NATIONAL_1014,OFFER,not already complete,show INTRO; Yes/No,PREPARE,RETRY,RETRY,RETRY,RETRY,RETRY,NONE,NONE
EVENT_SPECIAL_NATIONAL_1014,PREPARE,Yes selected,write pending transaction only; reserve no item/flag,EXECUTE,RETRY,RETRY,RETRY,FULL,FULL,NONE,clear pending; restore unconsumed source item; no capture ledger write
EVENT_SPECIAL_NATIONAL_1014,EXECUTE,pending valid,run CAPTURE adapter,COMMIT,RETRY,RETRY,RETRY,FULL,FULL,NONE,clear pending; restore unconsumed source item; no capture ledger write
EVENT_SPECIAL_NATIONAL_1014,COMMIT,operation success,"write ledger, dex, claim count; persist atomically; clear pending",DONE,RETRY,RETRY,RETRY,RETRY,RETRY,ledger+dex+claim only in COMMIT,NONE
EVENT_SPECIAL_NATIONAL_1014,RETRY,cancel/defeat/escape/reset recovery,clear pending; leave encounter/claim available,OFFER,OFFER,OFFER,OFFER,OFFER,OFFER,NONE,clear pending; restore unconsumed source item; no capture ledger write
EVENT_SPECIAL_NATIONAL_1014,FULL,party/PC/queue unavailable,show FULL; consume nothing; clear pending,OFFER,OFFER,OFFER,OFFER,OFFER,OFFER,NONE,clear pending; restore unconsumed source item; no capture ledger write
EVENT_SPECIAL_NATIONAL_1014,DONE,ledger or commit true,show SUCCESS or ALREADY; no duplicate,DONE,DONE,DONE,DONE,DONE,DONE,NONE,NONE
EVENT_SPECIAL_NATIONAL_1015,CHECK_UNLOCK,host interaction,test unlock expression,CHECK_LEDGER,LOCKED,LOCKED,LOCKED,LOCKED,LOCKED,NONE,NONE
EVENT_SPECIAL_NATIONAL_1015,CHECK_LEDGER,unlock true,test shared ledger/dex migration,OFFER,DONE,DONE,DONE,DONE,DONE,NONE,NONE
EVENT_SPECIAL_NATIONAL_1015,OFFER,not already complete,show INTRO; Yes/No,PREPARE,RETRY,RETRY,RETRY,RETRY,RETRY,NONE,NONE
EVENT_SPECIAL_NATIONAL_1015,PREPARE,Yes selected,write pending transaction only; reserve no item/flag,EXECUTE,RETRY,RETRY,RETRY,FULL,FULL,NONE,clear pending; restore unconsumed source item; no capture ledger write
EVENT_SPECIAL_NATIONAL_1015,EXECUTE,pending valid,run CAPTURE adapter,COMMIT,RETRY,RETRY,RETRY,FULL,FULL,NONE,clear pending; restore unconsumed source item; no capture ledger write
EVENT_SPECIAL_NATIONAL_1015,COMMIT,operation success,"write ledger, dex, claim count; persist atomically; clear pending",DONE,RETRY,RETRY,RETRY,RETRY,RETRY,ledger+dex+claim only in COMMIT,NONE
EVENT_SPECIAL_NATIONAL_1015,RETRY,cancel/defeat/escape/reset recovery,clear pending; leave encounter/claim available,OFFER,OFFER,OFFER,OFFER,OFFER,OFFER,NONE,clear pending; restore unconsumed source item; no capture ledger write
EVENT_SPECIAL_NATIONAL_1015,FULL,party/PC/queue unavailable,show FULL; consume nothing; clear pending,OFFER,OFFER,OFFER,OFFER,OFFER,OFFER,NONE,clear pending; restore unconsumed source item; no capture ledger write
EVENT_SPECIAL_NATIONAL_1015,DONE,ledger or commit true,show SUCCESS or ALREADY; no duplicate,DONE,DONE,DONE,DONE,DONE,DONE,NONE,NONE
EVENT_SPECIAL_NATIONAL_1016,CHECK_UNLOCK,host interaction,test unlock expression,CHECK_LEDGER,LOCKED,LOCKED,LOCKED,LOCKED,LOCKED,NONE,NONE
EVENT_SPECIAL_NATIONAL_1016,CHECK_LEDGER,unlock true,test shared ledger/dex migration,OFFER,DONE,DONE,DONE,DONE,DONE,NONE,NONE
EVENT_SPECIAL_NATIONAL_1016,OFFER,not already complete,show INTRO; Yes/No,PREPARE,RETRY,RETRY,RETRY,RETRY,RETRY,NONE,NONE
EVENT_SPECIAL_NATIONAL_1016,PREPARE,Yes selected,write pending transaction only; reserve no item/flag,EXECUTE,RETRY,RETRY,RETRY,FULL,FULL,NONE,clear pending; restore unconsumed source item; no capture ledger write
EVENT_SPECIAL_NATIONAL_1016,EXECUTE,pending valid,run CAPTURE adapter,COMMIT,RETRY,RETRY,RETRY,FULL,FULL,NONE,clear pending; restore unconsumed source item; no capture ledger write
EVENT_SPECIAL_NATIONAL_1016,COMMIT,operation success,"write ledger, dex, claim count; persist atomically; clear pending",DONE,RETRY,RETRY,RETRY,RETRY,RETRY,ledger+dex+claim only in COMMIT,NONE
EVENT_SPECIAL_NATIONAL_1016,RETRY,cancel/defeat/escape/reset recovery,clear pending; leave encounter/claim available,OFFER,OFFER,OFFER,OFFER,OFFER,OFFER,NONE,clear pending; restore unconsumed source item; no capture ledger write
EVENT_SPECIAL_NATIONAL_1016,FULL,party/PC/queue unavailable,show FULL; consume nothing; clear pending,OFFER,OFFER,OFFER,OFFER,OFFER,OFFER,NONE,clear pending; restore unconsumed source item; no capture ledger write
EVENT_SPECIAL_NATIONAL_1016,DONE,ledger or commit true,show SUCCESS or ALREADY; no duplicate,DONE,DONE,DONE,DONE,DONE,DONE,NONE,NONE
EVENT_SPECIAL_NATIONAL_1017,CHECK_UNLOCK,host interaction,test unlock expression,CHECK_LEDGER,LOCKED,LOCKED,LOCKED,LOCKED,LOCKED,NONE,NONE
EVENT_SPECIAL_NATIONAL_1017,CHECK_LEDGER,unlock true,test shared ledger/dex migration,OFFER,DONE,DONE,DONE,DONE,DONE,NONE,NONE
EVENT_SPECIAL_NATIONAL_1017,OFFER,not already complete,show INTRO; Yes/No,PREPARE,RETRY,RETRY,RETRY,RETRY,RETRY,NONE,NONE
EVENT_SPECIAL_NATIONAL_1017,PREPARE,Yes selected,write pending transaction only; reserve no item/flag,EXECUTE,RETRY,RETRY,RETRY,FULL,FULL,NONE,clear pending; restore unconsumed source item; no capture ledger write
EVENT_SPECIAL_NATIONAL_1017,EXECUTE,pending valid,run CAPTURE adapter,COMMIT,RETRY,RETRY,RETRY,FULL,FULL,NONE,clear pending; restore unconsumed source item; no capture ledger write
EVENT_SPECIAL_NATIONAL_1017,COMMIT,operation success,"write ledger, dex, claim count; persist atomically; clear pending",DONE,RETRY,RETRY,RETRY,RETRY,RETRY,ledger+dex+claim only in COMMIT,NONE
EVENT_SPECIAL_NATIONAL_1017,RETRY,cancel/defeat/escape/reset recovery,clear pending; leave encounter/claim available,OFFER,OFFER,OFFER,OFFER,OFFER,OFFER,NONE,clear pending; restore unconsumed source item; no capture ledger write
EVENT_SPECIAL_NATIONAL_1017,FULL,party/PC/queue unavailable,show FULL; consume nothing; clear pending,OFFER,OFFER,OFFER,OFFER,OFFER,OFFER,NONE,clear pending; restore unconsumed source item; no capture ledger write
EVENT_SPECIAL_NATIONAL_1017,DONE,ledger or commit true,show SUCCESS or ALREADY; no duplicate,DONE,DONE,DONE,DONE,DONE,DONE,NONE,NONE
EVENT_SPECIAL_NATIONAL_1020,CHECK_UNLOCK,host interaction,test unlock expression,CHECK_LEDGER,LOCKED,LOCKED,LOCKED,LOCKED,LOCKED,NONE,NONE
EVENT_SPECIAL_NATIONAL_1020,CHECK_LEDGER,unlock true,test shared ledger/dex migration,OFFER,DONE,DONE,DONE,DONE,DONE,NONE,NONE
EVENT_SPECIAL_NATIONAL_1020,OFFER,not already complete,show INTRO; Yes/No,PREPARE,RETRY,RETRY,RETRY,RETRY,RETRY,NONE,NONE
EVENT_SPECIAL_NATIONAL_1020,PREPARE,Yes selected,write pending transaction only; reserve no item/flag,EXECUTE,RETRY,RETRY,RETRY,FULL,FULL,NONE,clear pending; restore unconsumed source item; no capture ledger write
EVENT_SPECIAL_NATIONAL_1020,EXECUTE,pending valid,run CAPTURE adapter,COMMIT,RETRY,RETRY,RETRY,FULL,FULL,NONE,clear pending; restore unconsumed source item; no capture ledger write
EVENT_SPECIAL_NATIONAL_1020,COMMIT,operation success,"write ledger, dex, claim count; persist atomically; clear pending",DONE,RETRY,RETRY,RETRY,RETRY,RETRY,ledger+dex+claim only in COMMIT,NONE
EVENT_SPECIAL_NATIONAL_1020,RETRY,cancel/defeat/escape/reset recovery,clear pending; leave encounter/claim available,OFFER,OFFER,OFFER,OFFER,OFFER,OFFER,NONE,clear pending; restore unconsumed source item; no capture ledger write
EVENT_SPECIAL_NATIONAL_1020,FULL,party/PC/queue unavailable,show FULL; consume nothing; clear pending,OFFER,OFFER,OFFER,OFFER,OFFER,OFFER,NONE,clear pending; restore unconsumed source item; no capture ledger write
EVENT_SPECIAL_NATIONAL_1020,DONE,ledger or commit true,show SUCCESS or ALREADY; no duplicate,DONE,DONE,DONE,DONE,DONE,DONE,NONE,NONE
EVENT_SPECIAL_NATIONAL_1021,CHECK_UNLOCK,host interaction,test unlock expression,CHECK_LEDGER,LOCKED,LOCKED,LOCKED,LOCKED,LOCKED,NONE,NONE
EVENT_SPECIAL_NATIONAL_1021,CHECK_LEDGER,unlock true,test shared ledger/dex migration,OFFER,DONE,DONE,DONE,DONE,DONE,NONE,NONE
EVENT_SPECIAL_NATIONAL_1021,OFFER,not already complete,show INTRO; Yes/No,PREPARE,RETRY,RETRY,RETRY,RETRY,RETRY,NONE,NONE
EVENT_SPECIAL_NATIONAL_1021,PREPARE,Yes selected,write pending transaction only; reserve no item/flag,EXECUTE,RETRY,RETRY,RETRY,FULL,FULL,NONE,clear pending; restore unconsumed source item; no capture ledger write
EVENT_SPECIAL_NATIONAL_1021,EXECUTE,pending valid,run CAPTURE adapter,COMMIT,RETRY,RETRY,RETRY,FULL,FULL,NONE,clear pending; restore unconsumed source item; no capture ledger write
EVENT_SPECIAL_NATIONAL_1021,COMMIT,operation success,"write ledger, dex, claim count; persist atomically; clear pending",DONE,RETRY,RETRY,RETRY,RETRY,RETRY,ledger+dex+claim only in COMMIT,NONE
EVENT_SPECIAL_NATIONAL_1021,RETRY,cancel/defeat/escape/reset recovery,clear pending; leave encounter/claim available,OFFER,OFFER,OFFER,OFFER,OFFER,OFFER,NONE,clear pending; restore unconsumed source item; no capture ledger write
EVENT_SPECIAL_NATIONAL_1021,FULL,party/PC/queue unavailable,show FULL; consume nothing; clear pending,OFFER,OFFER,OFFER,OFFER,OFFER,OFFER,NONE,clear pending; restore unconsumed source item; no capture ledger write
EVENT_SPECIAL_NATIONAL_1021,DONE,ledger or commit true,show SUCCESS or ALREADY; no duplicate,DONE,DONE,DONE,DONE,DONE,DONE,NONE,NONE
EVENT_SPECIAL_NATIONAL_1022,CHECK_UNLOCK,host interaction,test unlock expression,CHECK_LEDGER,LOCKED,LOCKED,LOCKED,LOCKED,LOCKED,NONE,NONE
EVENT_SPECIAL_NATIONAL_1022,CHECK_LEDGER,unlock true,test shared ledger/dex migration,OFFER,DONE,DONE,DONE,DONE,DONE,NONE,NONE
EVENT_SPECIAL_NATIONAL_1022,OFFER,not already complete,show INTRO; Yes/No,PREPARE,RETRY,RETRY,RETRY,RETRY,RETRY,NONE,NONE
EVENT_SPECIAL_NATIONAL_1022,PREPARE,Yes selected,write pending transaction only; reserve no item/flag,EXECUTE,RETRY,RETRY,RETRY,FULL,FULL,NONE,clear pending; restore unconsumed source item; no capture ledger write
EVENT_SPECIAL_NATIONAL_1022,EXECUTE,pending valid,run CAPTURE adapter,COMMIT,RETRY,RETRY,RETRY,FULL,FULL,NONE,clear pending; restore unconsumed source item; no capture ledger write
EVENT_SPECIAL_NATIONAL_1022,COMMIT,operation success,"write ledger, dex, claim count; persist atomically; clear pending",DONE,RETRY,RETRY,RETRY,RETRY,RETRY,ledger+dex+claim only in COMMIT,NONE
EVENT_SPECIAL_NATIONAL_1022,RETRY,cancel/defeat/escape/reset recovery,clear pending; leave encounter/claim available,OFFER,OFFER,OFFER,OFFER,OFFER,OFFER,NONE,clear pending; restore unconsumed source item; no capture ledger write
EVENT_SPECIAL_NATIONAL_1022,FULL,party/PC/queue unavailable,show FULL; consume nothing; clear pending,OFFER,OFFER,OFFER,OFFER,OFFER,OFFER,NONE,clear pending; restore unconsumed source item; no capture ledger write
EVENT_SPECIAL_NATIONAL_1022,DONE,ledger or commit true,show SUCCESS or ALREADY; no duplicate,DONE,DONE,DONE,DONE,DONE,DONE,NONE,NONE
EVENT_SPECIAL_NATIONAL_1023,CHECK_UNLOCK,host interaction,test unlock expression,CHECK_LEDGER,LOCKED,LOCKED,LOCKED,LOCKED,LOCKED,NONE,NONE
EVENT_SPECIAL_NATIONAL_1023,CHECK_LEDGER,unlock true,test shared ledger/dex migration,OFFER,DONE,DONE,DONE,DONE,DONE,NONE,NONE
EVENT_SPECIAL_NATIONAL_1023,OFFER,not already complete,show INTRO; Yes/No,PREPARE,RETRY,RETRY,RETRY,RETRY,RETRY,NONE,NONE
EVENT_SPECIAL_NATIONAL_1023,PREPARE,Yes selected,write pending transaction only; reserve no item/flag,EXECUTE,RETRY,RETRY,RETRY,FULL,FULL,NONE,clear pending; restore unconsumed source item; no capture ledger write
EVENT_SPECIAL_NATIONAL_1023,EXECUTE,pending valid,run CAPTURE adapter,COMMIT,RETRY,RETRY,RETRY,FULL,FULL,NONE,clear pending; restore unconsumed source item; no capture ledger write
EVENT_SPECIAL_NATIONAL_1023,COMMIT,operation success,"write ledger, dex, claim count; persist atomically; clear pending",DONE,RETRY,RETRY,RETRY,RETRY,RETRY,ledger+dex+claim only in COMMIT,NONE
EVENT_SPECIAL_NATIONAL_1023,RETRY,cancel/defeat/escape/reset recovery,clear pending; leave encounter/claim available,OFFER,OFFER,OFFER,OFFER,OFFER,OFFER,NONE,clear pending; restore unconsumed source item; no capture ledger write
EVENT_SPECIAL_NATIONAL_1023,FULL,party/PC/queue unavailable,show FULL; consume nothing; clear pending,OFFER,OFFER,OFFER,OFFER,OFFER,OFFER,NONE,clear pending; restore unconsumed source item; no capture ledger write
EVENT_SPECIAL_NATIONAL_1023,DONE,ledger or commit true,show SUCCESS or ALREADY; no duplicate,DONE,DONE,DONE,DONE,DONE,DONE,NONE,NONE
EVENT_SPECIAL_NATIONAL_1024,CHECK_UNLOCK,host interaction,test unlock expression,CHECK_LEDGER,LOCKED,LOCKED,LOCKED,LOCKED,LOCKED,NONE,NONE
EVENT_SPECIAL_NATIONAL_1024,CHECK_LEDGER,unlock true,test shared ledger/dex migration,OFFER,DONE,DONE,DONE,DONE,DONE,NONE,NONE
EVENT_SPECIAL_NATIONAL_1024,OFFER,not already complete,show INTRO; Yes/No,PREPARE,RETRY,RETRY,RETRY,RETRY,RETRY,NONE,NONE
EVENT_SPECIAL_NATIONAL_1024,PREPARE,Yes selected,write pending transaction only; reserve no item/flag,EXECUTE,RETRY,RETRY,RETRY,FULL,FULL,NONE,clear pending; restore unconsumed source item; no capture ledger write
EVENT_SPECIAL_NATIONAL_1024,EXECUTE,pending valid,run CAPTURE adapter,COMMIT,RETRY,RETRY,RETRY,FULL,FULL,NONE,clear pending; restore unconsumed source item; no capture ledger write
EVENT_SPECIAL_NATIONAL_1024,COMMIT,operation success,"write ledger, dex, claim count; persist atomically; clear pending",DONE,RETRY,RETRY,RETRY,RETRY,RETRY,ledger+dex+claim only in COMMIT,NONE
EVENT_SPECIAL_NATIONAL_1024,RETRY,cancel/defeat/escape/reset recovery,clear pending; leave encounter/claim available,OFFER,OFFER,OFFER,OFFER,OFFER,OFFER,NONE,clear pending; restore unconsumed source item; no capture ledger write
EVENT_SPECIAL_NATIONAL_1024,FULL,party/PC/queue unavailable,show FULL; consume nothing; clear pending,OFFER,OFFER,OFFER,OFFER,OFFER,OFFER,NONE,clear pending; restore unconsumed source item; no capture ledger write
EVENT_SPECIAL_NATIONAL_1024,DONE,ledger or commit true,show SUCCESS or ALREADY; no duplicate,DONE,DONE,DONE,DONE,DONE,DONE,NONE,NONE
EVENT_SPECIAL_NATIONAL_1025,CHECK_UNLOCK,host interaction,test unlock expression,CHECK_LEDGER,LOCKED,LOCKED,LOCKED,LOCKED,LOCKED,NONE,NONE
EVENT_SPECIAL_NATIONAL_1025,CHECK_LEDGER,unlock true,test shared ledger/dex migration,OFFER,DONE,DONE,DONE,DONE,DONE,NONE,NONE
EVENT_SPECIAL_NATIONAL_1025,OFFER,not already complete,show INTRO; Yes/No,PREPARE,RETRY,RETRY,RETRY,RETRY,RETRY,NONE,NONE
EVENT_SPECIAL_NATIONAL_1025,PREPARE,Yes selected,write pending transaction only; reserve no item/flag,EXECUTE,RETRY,RETRY,RETRY,FULL,FULL,NONE,clear pending; restore unconsumed source item; no capture ledger write
EVENT_SPECIAL_NATIONAL_1025,EXECUTE,pending valid,run CAPTURE adapter,COMMIT,RETRY,RETRY,RETRY,FULL,FULL,NONE,clear pending; restore unconsumed source item; no capture ledger write
EVENT_SPECIAL_NATIONAL_1025,COMMIT,operation success,"write ledger, dex, claim count; persist atomically; clear pending",DONE,RETRY,RETRY,RETRY,RETRY,RETRY,ledger+dex+claim only in COMMIT,NONE
EVENT_SPECIAL_NATIONAL_1025,RETRY,cancel/defeat/escape/reset recovery,clear pending; leave encounter/claim available,OFFER,OFFER,OFFER,OFFER,OFFER,OFFER,NONE,clear pending; restore unconsumed source item; no capture ledger write
EVENT_SPECIAL_NATIONAL_1025,FULL,party/PC/queue unavailable,show FULL; consume nothing; clear pending,OFFER,OFFER,OFFER,OFFER,OFFER,OFFER,NONE,clear pending; restore unconsumed source item; no capture ledger write
EVENT_SPECIAL_NATIONAL_1025,DONE,ledger or commit true,show SUCCESS or ALREADY; no duplicate,DONE,DONE,DONE,DONE,DONE,DONE,NONE,NONE
EVENT_STARTER_LAB_NATIONAL_0152,CHECK_UNLOCK,host interaction,test unlock expression,CHECK_LEDGER,LOCKED,LOCKED,LOCKED,LOCKED,LOCKED,NONE,NONE
EVENT_STARTER_LAB_NATIONAL_0152,CHECK_LEDGER,unlock true,test shared ledger/dex migration,OFFER,DONE,DONE,DONE,DONE,DONE,NONE,NONE
EVENT_STARTER_LAB_NATIONAL_0152,OFFER,not already complete,show INTRO; Yes/No,PREPARE,RETRY,RETRY,RETRY,RETRY,RETRY,NONE,NONE
EVENT_STARTER_LAB_NATIONAL_0152,PREPARE,Yes selected,write pending transaction only; reserve no item/flag,EXECUTE,RETRY,RETRY,RETRY,FULL,FULL,NONE,clear pending; restore unconsumed source item; no capture ledger write
EVENT_STARTER_LAB_NATIONAL_0152,EXECUTE,pending valid,run EGG adapter,COMMIT,RETRY,RETRY,RETRY,FULL,FULL,NONE,clear pending; restore unconsumed source item; no capture ledger write
EVENT_STARTER_LAB_NATIONAL_0152,COMMIT,operation success,"write ledger, dex, claim count; persist atomically; clear pending",DONE,RETRY,RETRY,RETRY,RETRY,RETRY,ledger+dex+claim only in COMMIT,NONE
EVENT_STARTER_LAB_NATIONAL_0152,RETRY,cancel/defeat/escape/reset recovery,clear pending; leave encounter/claim available,OFFER,OFFER,OFFER,OFFER,OFFER,OFFER,NONE,clear pending; restore unconsumed source item; no capture ledger write
EVENT_STARTER_LAB_NATIONAL_0152,FULL,party/PC/queue unavailable,show FULL; consume nothing; clear pending,OFFER,OFFER,OFFER,OFFER,OFFER,OFFER,NONE,clear pending; restore unconsumed source item; no capture ledger write
EVENT_STARTER_LAB_NATIONAL_0152,DONE,ledger or commit true,show SUCCESS or ALREADY; no duplicate,DONE,DONE,DONE,DONE,DONE,DONE,NONE,NONE
EVENT_STARTER_LAB_NATIONAL_0155,CHECK_UNLOCK,host interaction,test unlock expression,CHECK_LEDGER,LOCKED,LOCKED,LOCKED,LOCKED,LOCKED,NONE,NONE
EVENT_STARTER_LAB_NATIONAL_0155,CHECK_LEDGER,unlock true,test shared ledger/dex migration,OFFER,DONE,DONE,DONE,DONE,DONE,NONE,NONE
EVENT_STARTER_LAB_NATIONAL_0155,OFFER,not already complete,show INTRO; Yes/No,PREPARE,RETRY,RETRY,RETRY,RETRY,RETRY,NONE,NONE
EVENT_STARTER_LAB_NATIONAL_0155,PREPARE,Yes selected,write pending transaction only; reserve no item/flag,EXECUTE,RETRY,RETRY,RETRY,FULL,FULL,NONE,clear pending; restore unconsumed source item; no capture ledger write
EVENT_STARTER_LAB_NATIONAL_0155,EXECUTE,pending valid,run EGG adapter,COMMIT,RETRY,RETRY,RETRY,FULL,FULL,NONE,clear pending; restore unconsumed source item; no capture ledger write
EVENT_STARTER_LAB_NATIONAL_0155,COMMIT,operation success,"write ledger, dex, claim count; persist atomically; clear pending",DONE,RETRY,RETRY,RETRY,RETRY,RETRY,ledger+dex+claim only in COMMIT,NONE
EVENT_STARTER_LAB_NATIONAL_0155,RETRY,cancel/defeat/escape/reset recovery,clear pending; leave encounter/claim available,OFFER,OFFER,OFFER,OFFER,OFFER,OFFER,NONE,clear pending; restore unconsumed source item; no capture ledger write
EVENT_STARTER_LAB_NATIONAL_0155,FULL,party/PC/queue unavailable,show FULL; consume nothing; clear pending,OFFER,OFFER,OFFER,OFFER,OFFER,OFFER,NONE,clear pending; restore unconsumed source item; no capture ledger write
EVENT_STARTER_LAB_NATIONAL_0155,DONE,ledger or commit true,show SUCCESS or ALREADY; no duplicate,DONE,DONE,DONE,DONE,DONE,DONE,NONE,NONE
EVENT_STARTER_LAB_NATIONAL_0158,CHECK_UNLOCK,host interaction,test unlock expression,CHECK_LEDGER,LOCKED,LOCKED,LOCKED,LOCKED,LOCKED,NONE,NONE
EVENT_STARTER_LAB_NATIONAL_0158,CHECK_LEDGER,unlock true,test shared ledger/dex migration,OFFER,DONE,DONE,DONE,DONE,DONE,NONE,NONE
EVENT_STARTER_LAB_NATIONAL_0158,OFFER,not already complete,show INTRO; Yes/No,PREPARE,RETRY,RETRY,RETRY,RETRY,RETRY,NONE,NONE
EVENT_STARTER_LAB_NATIONAL_0158,PREPARE,Yes selected,write pending transaction only; reserve no item/flag,EXECUTE,RETRY,RETRY,RETRY,FULL,FULL,NONE,clear pending; restore unconsumed source item; no capture ledger write
EVENT_STARTER_LAB_NATIONAL_0158,EXECUTE,pending valid,run EGG adapter,COMMIT,RETRY,RETRY,RETRY,FULL,FULL,NONE,clear pending; restore unconsumed source item; no capture ledger write
EVENT_STARTER_LAB_NATIONAL_0158,COMMIT,operation success,"write ledger, dex, claim count; persist atomically; clear pending",DONE,RETRY,RETRY,RETRY,RETRY,RETRY,ledger+dex+claim only in COMMIT,NONE
EVENT_STARTER_LAB_NATIONAL_0158,RETRY,cancel/defeat/escape/reset recovery,clear pending; leave encounter/claim available,OFFER,OFFER,OFFER,OFFER,OFFER,OFFER,NONE,clear pending; restore unconsumed source item; no capture ledger write
EVENT_STARTER_LAB_NATIONAL_0158,FULL,party/PC/queue unavailable,show FULL; consume nothing; clear pending,OFFER,OFFER,OFFER,OFFER,OFFER,OFFER,NONE,clear pending; restore unconsumed source item; no capture ledger write
EVENT_STARTER_LAB_NATIONAL_0158,DONE,ledger or commit true,show SUCCESS or ALREADY; no duplicate,DONE,DONE,DONE,DONE,DONE,DONE,NONE,NONE
EVENT_STARTER_LAB_NATIONAL_0252,CHECK_UNLOCK,host interaction,test unlock expression,CHECK_LEDGER,LOCKED,LOCKED,LOCKED,LOCKED,LOCKED,NONE,NONE
EVENT_STARTER_LAB_NATIONAL_0252,CHECK_LEDGER,unlock true,test shared ledger/dex migration,OFFER,DONE,DONE,DONE,DONE,DONE,NONE,NONE
EVENT_STARTER_LAB_NATIONAL_0252,OFFER,not already complete,show INTRO; Yes/No,PREPARE,RETRY,RETRY,RETRY,RETRY,RETRY,NONE,NONE
EVENT_STARTER_LAB_NATIONAL_0252,PREPARE,Yes selected,write pending transaction only; reserve no item/flag,EXECUTE,RETRY,RETRY,RETRY,FULL,FULL,NONE,clear pending; restore unconsumed source item; no capture ledger write
EVENT_STARTER_LAB_NATIONAL_0252,EXECUTE,pending valid,run EGG adapter,COMMIT,RETRY,RETRY,RETRY,FULL,FULL,NONE,clear pending; restore unconsumed source item; no capture ledger write
EVENT_STARTER_LAB_NATIONAL_0252,COMMIT,operation success,"write ledger, dex, claim count; persist atomically; clear pending",DONE,RETRY,RETRY,RETRY,RETRY,RETRY,ledger+dex+claim only in COMMIT,NONE
EVENT_STARTER_LAB_NATIONAL_0252,RETRY,cancel/defeat/escape/reset recovery,clear pending; leave encounter/claim available,OFFER,OFFER,OFFER,OFFER,OFFER,OFFER,NONE,clear pending; restore unconsumed source item; no capture ledger write
EVENT_STARTER_LAB_NATIONAL_0252,FULL,party/PC/queue unavailable,show FULL; consume nothing; clear pending,OFFER,OFFER,OFFER,OFFER,OFFER,OFFER,NONE,clear pending; restore unconsumed source item; no capture ledger write
EVENT_STARTER_LAB_NATIONAL_0252,DONE,ledger or commit true,show SUCCESS or ALREADY; no duplicate,DONE,DONE,DONE,DONE,DONE,DONE,NONE,NONE
EVENT_STARTER_LAB_NATIONAL_0255,CHECK_UNLOCK,host interaction,test unlock expression,CHECK_LEDGER,LOCKED,LOCKED,LOCKED,LOCKED,LOCKED,NONE,NONE
EVENT_STARTER_LAB_NATIONAL_0255,CHECK_LEDGER,unlock true,test shared ledger/dex migration,OFFER,DONE,DONE,DONE,DONE,DONE,NONE,NONE
EVENT_STARTER_LAB_NATIONAL_0255,OFFER,not already complete,show INTRO; Yes/No,PREPARE,RETRY,RETRY,RETRY,RETRY,RETRY,NONE,NONE
EVENT_STARTER_LAB_NATIONAL_0255,PREPARE,Yes selected,write pending transaction only; reserve no item/flag,EXECUTE,RETRY,RETRY,RETRY,FULL,FULL,NONE,clear pending; restore unconsumed source item; no capture ledger write
EVENT_STARTER_LAB_NATIONAL_0255,EXECUTE,pending valid,run EGG adapter,COMMIT,RETRY,RETRY,RETRY,FULL,FULL,NONE,clear pending; restore unconsumed source item; no capture ledger write
EVENT_STARTER_LAB_NATIONAL_0255,COMMIT,operation success,"write ledger, dex, claim count; persist atomically; clear pending",DONE,RETRY,RETRY,RETRY,RETRY,RETRY,ledger+dex+claim only in COMMIT,NONE
EVENT_STARTER_LAB_NATIONAL_0255,RETRY,cancel/defeat/escape/reset recovery,clear pending; leave encounter/claim available,OFFER,OFFER,OFFER,OFFER,OFFER,OFFER,NONE,clear pending; restore unconsumed source item; no capture ledger write
EVENT_STARTER_LAB_NATIONAL_0255,FULL,party/PC/queue unavailable,show FULL; consume nothing; clear pending,OFFER,OFFER,OFFER,OFFER,OFFER,OFFER,NONE,clear pending; restore unconsumed source item; no capture ledger write
EVENT_STARTER_LAB_NATIONAL_0255,DONE,ledger or commit true,show SUCCESS or ALREADY; no duplicate,DONE,DONE,DONE,DONE,DONE,DONE,NONE,NONE
EVENT_STARTER_LAB_NATIONAL_0258,CHECK_UNLOCK,host interaction,test unlock expression,CHECK_LEDGER,LOCKED,LOCKED,LOCKED,LOCKED,LOCKED,NONE,NONE
EVENT_STARTER_LAB_NATIONAL_0258,CHECK_LEDGER,unlock true,test shared ledger/dex migration,OFFER,DONE,DONE,DONE,DONE,DONE,NONE,NONE
EVENT_STARTER_LAB_NATIONAL_0258,OFFER,not already complete,show INTRO; Yes/No,PREPARE,RETRY,RETRY,RETRY,RETRY,RETRY,NONE,NONE
EVENT_STARTER_LAB_NATIONAL_0258,PREPARE,Yes selected,write pending transaction only; reserve no item/flag,EXECUTE,RETRY,RETRY,RETRY,FULL,FULL,NONE,clear pending; restore unconsumed source item; no capture ledger write
EVENT_STARTER_LAB_NATIONAL_0258,EXECUTE,pending valid,run EGG adapter,COMMIT,RETRY,RETRY,RETRY,FULL,FULL,NONE,clear pending; restore unconsumed source item; no capture ledger write
EVENT_STARTER_LAB_NATIONAL_0258,COMMIT,operation success,"write ledger, dex, claim count; persist atomically; clear pending",DONE,RETRY,RETRY,RETRY,RETRY,RETRY,ledger+dex+claim only in COMMIT,NONE
EVENT_STARTER_LAB_NATIONAL_0258,RETRY,cancel/defeat/escape/reset recovery,clear pending; leave encounter/claim available,OFFER,OFFER,OFFER,OFFER,OFFER,OFFER,NONE,clear pending; restore unconsumed source item; no capture ledger write
EVENT_STARTER_LAB_NATIONAL_0258,FULL,party/PC/queue unavailable,show FULL; consume nothing; clear pending,OFFER,OFFER,OFFER,OFFER,OFFER,OFFER,NONE,clear pending; restore unconsumed source item; no capture ledger write
EVENT_STARTER_LAB_NATIONAL_0258,DONE,ledger or commit true,show SUCCESS or ALREADY; no duplicate,DONE,DONE,DONE,DONE,DONE,DONE,NONE,NONE
EVENT_STARTER_LAB_NATIONAL_0387,CHECK_UNLOCK,host interaction,test unlock expression,CHECK_LEDGER,LOCKED,LOCKED,LOCKED,LOCKED,LOCKED,NONE,NONE
EVENT_STARTER_LAB_NATIONAL_0387,CHECK_LEDGER,unlock true,test shared ledger/dex migration,OFFER,DONE,DONE,DONE,DONE,DONE,NONE,NONE
EVENT_STARTER_LAB_NATIONAL_0387,OFFER,not already complete,show INTRO; Yes/No,PREPARE,RETRY,RETRY,RETRY,RETRY,RETRY,NONE,NONE
EVENT_STARTER_LAB_NATIONAL_0387,PREPARE,Yes selected,write pending transaction only; reserve no item/flag,EXECUTE,RETRY,RETRY,RETRY,FULL,FULL,NONE,clear pending; restore unconsumed source item; no capture ledger write
EVENT_STARTER_LAB_NATIONAL_0387,EXECUTE,pending valid,run EGG adapter,COMMIT,RETRY,RETRY,RETRY,FULL,FULL,NONE,clear pending; restore unconsumed source item; no capture ledger write
EVENT_STARTER_LAB_NATIONAL_0387,COMMIT,operation success,"write ledger, dex, claim count; persist atomically; clear pending",DONE,RETRY,RETRY,RETRY,RETRY,RETRY,ledger+dex+claim only in COMMIT,NONE
EVENT_STARTER_LAB_NATIONAL_0387,RETRY,cancel/defeat/escape/reset recovery,clear pending; leave encounter/claim available,OFFER,OFFER,OFFER,OFFER,OFFER,OFFER,NONE,clear pending; restore unconsumed source item; no capture ledger write
EVENT_STARTER_LAB_NATIONAL_0387,FULL,party/PC/queue unavailable,show FULL; consume nothing; clear pending,OFFER,OFFER,OFFER,OFFER,OFFER,OFFER,NONE,clear pending; restore unconsumed source item; no capture ledger write
EVENT_STARTER_LAB_NATIONAL_0387,DONE,ledger or commit true,show SUCCESS or ALREADY; no duplicate,DONE,DONE,DONE,DONE,DONE,DONE,NONE,NONE
EVENT_STARTER_LAB_NATIONAL_0390,CHECK_UNLOCK,host interaction,test unlock expression,CHECK_LEDGER,LOCKED,LOCKED,LOCKED,LOCKED,LOCKED,NONE,NONE
EVENT_STARTER_LAB_NATIONAL_0390,CHECK_LEDGER,unlock true,test shared ledger/dex migration,OFFER,DONE,DONE,DONE,DONE,DONE,NONE,NONE
EVENT_STARTER_LAB_NATIONAL_0390,OFFER,not already complete,show INTRO; Yes/No,PREPARE,RETRY,RETRY,RETRY,RETRY,RETRY,NONE,NONE
EVENT_STARTER_LAB_NATIONAL_0390,PREPARE,Yes selected,write pending transaction only; reserve no item/flag,EXECUTE,RETRY,RETRY,RETRY,FULL,FULL,NONE,clear pending; restore unconsumed source item; no capture ledger write
EVENT_STARTER_LAB_NATIONAL_0390,EXECUTE,pending valid,run EGG adapter,COMMIT,RETRY,RETRY,RETRY,FULL,FULL,NONE,clear pending; restore unconsumed source item; no capture ledger write
EVENT_STARTER_LAB_NATIONAL_0390,COMMIT,operation success,"write ledger, dex, claim count; persist atomically; clear pending",DONE,RETRY,RETRY,RETRY,RETRY,RETRY,ledger+dex+claim only in COMMIT,NONE
EVENT_STARTER_LAB_NATIONAL_0390,RETRY,cancel/defeat/escape/reset recovery,clear pending; leave encounter/claim available,OFFER,OFFER,OFFER,OFFER,OFFER,OFFER,NONE,clear pending; restore unconsumed source item; no capture ledger write
EVENT_STARTER_LAB_NATIONAL_0390,FULL,party/PC/queue unavailable,show FULL; consume nothing; clear pending,OFFER,OFFER,OFFER,OFFER,OFFER,OFFER,NONE,clear pending; restore unconsumed source item; no capture ledger write
EVENT_STARTER_LAB_NATIONAL_0390,DONE,ledger or commit true,show SUCCESS or ALREADY; no duplicate,DONE,DONE,DONE,DONE,DONE,DONE,NONE,NONE
EVENT_STARTER_LAB_NATIONAL_0393,CHECK_UNLOCK,host interaction,test unlock expression,CHECK_LEDGER,LOCKED,LOCKED,LOCKED,LOCKED,LOCKED,NONE,NONE
EVENT_STARTER_LAB_NATIONAL_0393,CHECK_LEDGER,unlock true,test shared ledger/dex migration,OFFER,DONE,DONE,DONE,DONE,DONE,NONE,NONE
EVENT_STARTER_LAB_NATIONAL_0393,OFFER,not already complete,show INTRO; Yes/No,PREPARE,RETRY,RETRY,RETRY,RETRY,RETRY,NONE,NONE
EVENT_STARTER_LAB_NATIONAL_0393,PREPARE,Yes selected,write pending transaction only; reserve no item/flag,EXECUTE,RETRY,RETRY,RETRY,FULL,FULL,NONE,clear pending; restore unconsumed source item; no capture ledger write
EVENT_STARTER_LAB_NATIONAL_0393,EXECUTE,pending valid,run EGG adapter,COMMIT,RETRY,RETRY,RETRY,FULL,FULL,NONE,clear pending; restore unconsumed source item; no capture ledger write
EVENT_STARTER_LAB_NATIONAL_0393,COMMIT,operation success,"write ledger, dex, claim count; persist atomically; clear pending",DONE,RETRY,RETRY,RETRY,RETRY,RETRY,ledger+dex+claim only in COMMIT,NONE
EVENT_STARTER_LAB_NATIONAL_0393,RETRY,cancel/defeat/escape/reset recovery,clear pending; leave encounter/claim available,OFFER,OFFER,OFFER,OFFER,OFFER,OFFER,NONE,clear pending; restore unconsumed source item; no capture ledger write
EVENT_STARTER_LAB_NATIONAL_0393,FULL,party/PC/queue unavailable,show FULL; consume nothing; clear pending,OFFER,OFFER,OFFER,OFFER,OFFER,OFFER,NONE,clear pending; restore unconsumed source item; no capture ledger write
EVENT_STARTER_LAB_NATIONAL_0393,DONE,ledger or commit true,show SUCCESS or ALREADY; no duplicate,DONE,DONE,DONE,DONE,DONE,DONE,NONE,NONE
EVENT_STARTER_LAB_NATIONAL_0495,CHECK_UNLOCK,host interaction,test unlock expression,CHECK_LEDGER,LOCKED,LOCKED,LOCKED,LOCKED,LOCKED,NONE,NONE
EVENT_STARTER_LAB_NATIONAL_0495,CHECK_LEDGER,unlock true,test shared ledger/dex migration,OFFER,DONE,DONE,DONE,DONE,DONE,NONE,NONE
EVENT_STARTER_LAB_NATIONAL_0495,OFFER,not already complete,show INTRO; Yes/No,PREPARE,RETRY,RETRY,RETRY,RETRY,RETRY,NONE,NONE
EVENT_STARTER_LAB_NATIONAL_0495,PREPARE,Yes selected,write pending transaction only; reserve no item/flag,EXECUTE,RETRY,RETRY,RETRY,FULL,FULL,NONE,clear pending; restore unconsumed source item; no capture ledger write
EVENT_STARTER_LAB_NATIONAL_0495,EXECUTE,pending valid,run EGG adapter,COMMIT,RETRY,RETRY,RETRY,FULL,FULL,NONE,clear pending; restore unconsumed source item; no capture ledger write
EVENT_STARTER_LAB_NATIONAL_0495,COMMIT,operation success,"write ledger, dex, claim count; persist atomically; clear pending",DONE,RETRY,RETRY,RETRY,RETRY,RETRY,ledger+dex+claim only in COMMIT,NONE
EVENT_STARTER_LAB_NATIONAL_0495,RETRY,cancel/defeat/escape/reset recovery,clear pending; leave encounter/claim available,OFFER,OFFER,OFFER,OFFER,OFFER,OFFER,NONE,clear pending; restore unconsumed source item; no capture ledger write
EVENT_STARTER_LAB_NATIONAL_0495,FULL,party/PC/queue unavailable,show FULL; consume nothing; clear pending,OFFER,OFFER,OFFER,OFFER,OFFER,OFFER,NONE,clear pending; restore unconsumed source item; no capture ledger write
EVENT_STARTER_LAB_NATIONAL_0495,DONE,ledger or commit true,show SUCCESS or ALREADY; no duplicate,DONE,DONE,DONE,DONE,DONE,DONE,NONE,NONE
EVENT_STARTER_LAB_NATIONAL_0498,CHECK_UNLOCK,host interaction,test unlock expression,CHECK_LEDGER,LOCKED,LOCKED,LOCKED,LOCKED,LOCKED,NONE,NONE
EVENT_STARTER_LAB_NATIONAL_0498,CHECK_LEDGER,unlock true,test shared ledger/dex migration,OFFER,DONE,DONE,DONE,DONE,DONE,NONE,NONE
EVENT_STARTER_LAB_NATIONAL_0498,OFFER,not already complete,show INTRO; Yes/No,PREPARE,RETRY,RETRY,RETRY,RETRY,RETRY,NONE,NONE
EVENT_STARTER_LAB_NATIONAL_0498,PREPARE,Yes selected,write pending transaction only; reserve no item/flag,EXECUTE,RETRY,RETRY,RETRY,FULL,FULL,NONE,clear pending; restore unconsumed source item; no capture ledger write
EVENT_STARTER_LAB_NATIONAL_0498,EXECUTE,pending valid,run EGG adapter,COMMIT,RETRY,RETRY,RETRY,FULL,FULL,NONE,clear pending; restore unconsumed source item; no capture ledger write
EVENT_STARTER_LAB_NATIONAL_0498,COMMIT,operation success,"write ledger, dex, claim count; persist atomically; clear pending",DONE,RETRY,RETRY,RETRY,RETRY,RETRY,ledger+dex+claim only in COMMIT,NONE
EVENT_STARTER_LAB_NATIONAL_0498,RETRY,cancel/defeat/escape/reset recovery,clear pending; leave encounter/claim available,OFFER,OFFER,OFFER,OFFER,OFFER,OFFER,NONE,clear pending; restore unconsumed source item; no capture ledger write
EVENT_STARTER_LAB_NATIONAL_0498,FULL,party/PC/queue unavailable,show FULL; consume nothing; clear pending,OFFER,OFFER,OFFER,OFFER,OFFER,OFFER,NONE,clear pending; restore unconsumed source item; no capture ledger write
EVENT_STARTER_LAB_NATIONAL_0498,DONE,ledger or commit true,show SUCCESS or ALREADY; no duplicate,DONE,DONE,DONE,DONE,DONE,DONE,NONE,NONE
EVENT_STARTER_LAB_NATIONAL_0501,CHECK_UNLOCK,host interaction,test unlock expression,CHECK_LEDGER,LOCKED,LOCKED,LOCKED,LOCKED,LOCKED,NONE,NONE
EVENT_STARTER_LAB_NATIONAL_0501,CHECK_LEDGER,unlock true,test shared ledger/dex migration,OFFER,DONE,DONE,DONE,DONE,DONE,NONE,NONE
EVENT_STARTER_LAB_NATIONAL_0501,OFFER,not already complete,show INTRO; Yes/No,PREPARE,RETRY,RETRY,RETRY,RETRY,RETRY,NONE,NONE
EVENT_STARTER_LAB_NATIONAL_0501,PREPARE,Yes selected,write pending transaction only; reserve no item/flag,EXECUTE,RETRY,RETRY,RETRY,FULL,FULL,NONE,clear pending; restore unconsumed source item; no capture ledger write
EVENT_STARTER_LAB_NATIONAL_0501,EXECUTE,pending valid,run EGG adapter,COMMIT,RETRY,RETRY,RETRY,FULL,FULL,NONE,clear pending; restore unconsumed source item; no capture ledger write
EVENT_STARTER_LAB_NATIONAL_0501,COMMIT,operation success,"write ledger, dex, claim count; persist atomically; clear pending",DONE,RETRY,RETRY,RETRY,RETRY,RETRY,ledger+dex+claim only in COMMIT,NONE
EVENT_STARTER_LAB_NATIONAL_0501,RETRY,cancel/defeat/escape/reset recovery,clear pending; leave encounter/claim available,OFFER,OFFER,OFFER,OFFER,OFFER,OFFER,NONE,clear pending; restore unconsumed source item; no capture ledger write
EVENT_STARTER_LAB_NATIONAL_0501,FULL,party/PC/queue unavailable,show FULL; consume nothing; clear pending,OFFER,OFFER,OFFER,OFFER,OFFER,OFFER,NONE,clear pending; restore unconsumed source item; no capture ledger write
EVENT_STARTER_LAB_NATIONAL_0501,DONE,ledger or commit true,show SUCCESS or ALREADY; no duplicate,DONE,DONE,DONE,DONE,DONE,DONE,NONE,NONE
EVENT_STARTER_LAB_NATIONAL_0650,CHECK_UNLOCK,host interaction,test unlock expression,CHECK_LEDGER,LOCKED,LOCKED,LOCKED,LOCKED,LOCKED,NONE,NONE
EVENT_STARTER_LAB_NATIONAL_0650,CHECK_LEDGER,unlock true,test shared ledger/dex migration,OFFER,DONE,DONE,DONE,DONE,DONE,NONE,NONE
EVENT_STARTER_LAB_NATIONAL_0650,OFFER,not already complete,show INTRO; Yes/No,PREPARE,RETRY,RETRY,RETRY,RETRY,RETRY,NONE,NONE
EVENT_STARTER_LAB_NATIONAL_0650,PREPARE,Yes selected,write pending transaction only; reserve no item/flag,EXECUTE,RETRY,RETRY,RETRY,FULL,FULL,NONE,clear pending; restore unconsumed source item; no capture ledger write
EVENT_STARTER_LAB_NATIONAL_0650,EXECUTE,pending valid,run EGG adapter,COMMIT,RETRY,RETRY,RETRY,FULL,FULL,NONE,clear pending; restore unconsumed source item; no capture ledger write
EVENT_STARTER_LAB_NATIONAL_0650,COMMIT,operation success,"write ledger, dex, claim count; persist atomically; clear pending",DONE,RETRY,RETRY,RETRY,RETRY,RETRY,ledger+dex+claim only in COMMIT,NONE
EVENT_STARTER_LAB_NATIONAL_0650,RETRY,cancel/defeat/escape/reset recovery,clear pending; leave encounter/claim available,OFFER,OFFER,OFFER,OFFER,OFFER,OFFER,NONE,clear pending; restore unconsumed source item; no capture ledger write
EVENT_STARTER_LAB_NATIONAL_0650,FULL,party/PC/queue unavailable,show FULL; consume nothing; clear pending,OFFER,OFFER,OFFER,OFFER,OFFER,OFFER,NONE,clear pending; restore unconsumed source item; no capture ledger write
EVENT_STARTER_LAB_NATIONAL_0650,DONE,ledger or commit true,show SUCCESS or ALREADY; no duplicate,DONE,DONE,DONE,DONE,DONE,DONE,NONE,NONE
EVENT_STARTER_LAB_NATIONAL_0653,CHECK_UNLOCK,host interaction,test unlock expression,CHECK_LEDGER,LOCKED,LOCKED,LOCKED,LOCKED,LOCKED,NONE,NONE
EVENT_STARTER_LAB_NATIONAL_0653,CHECK_LEDGER,unlock true,test shared ledger/dex migration,OFFER,DONE,DONE,DONE,DONE,DONE,NONE,NONE
EVENT_STARTER_LAB_NATIONAL_0653,OFFER,not already complete,show INTRO; Yes/No,PREPARE,RETRY,RETRY,RETRY,RETRY,RETRY,NONE,NONE
EVENT_STARTER_LAB_NATIONAL_0653,PREPARE,Yes selected,write pending transaction only; reserve no item/flag,EXECUTE,RETRY,RETRY,RETRY,FULL,FULL,NONE,clear pending; restore unconsumed source item; no capture ledger write
EVENT_STARTER_LAB_NATIONAL_0653,EXECUTE,pending valid,run EGG adapter,COMMIT,RETRY,RETRY,RETRY,FULL,FULL,NONE,clear pending; restore unconsumed source item; no capture ledger write
EVENT_STARTER_LAB_NATIONAL_0653,COMMIT,operation success,"write ledger, dex, claim count; persist atomically; clear pending",DONE,RETRY,RETRY,RETRY,RETRY,RETRY,ledger+dex+claim only in COMMIT,NONE
EVENT_STARTER_LAB_NATIONAL_0653,RETRY,cancel/defeat/escape/reset recovery,clear pending; leave encounter/claim available,OFFER,OFFER,OFFER,OFFER,OFFER,OFFER,NONE,clear pending; restore unconsumed source item; no capture ledger write
EVENT_STARTER_LAB_NATIONAL_0653,FULL,party/PC/queue unavailable,show FULL; consume nothing; clear pending,OFFER,OFFER,OFFER,OFFER,OFFER,OFFER,NONE,clear pending; restore unconsumed source item; no capture ledger write
EVENT_STARTER_LAB_NATIONAL_0653,DONE,ledger or commit true,show SUCCESS or ALREADY; no duplicate,DONE,DONE,DONE,DONE,DONE,DONE,NONE,NONE
EVENT_STARTER_LAB_NATIONAL_0656,CHECK_UNLOCK,host interaction,test unlock expression,CHECK_LEDGER,LOCKED,LOCKED,LOCKED,LOCKED,LOCKED,NONE,NONE
EVENT_STARTER_LAB_NATIONAL_0656,CHECK_LEDGER,unlock true,test shared ledger/dex migration,OFFER,DONE,DONE,DONE,DONE,DONE,NONE,NONE
EVENT_STARTER_LAB_NATIONAL_0656,OFFER,not already complete,show INTRO; Yes/No,PREPARE,RETRY,RETRY,RETRY,RETRY,RETRY,NONE,NONE
EVENT_STARTER_LAB_NATIONAL_0656,PREPARE,Yes selected,write pending transaction only; reserve no item/flag,EXECUTE,RETRY,RETRY,RETRY,FULL,FULL,NONE,clear pending; restore unconsumed source item; no capture ledger write
EVENT_STARTER_LAB_NATIONAL_0656,EXECUTE,pending valid,run EGG adapter,COMMIT,RETRY,RETRY,RETRY,FULL,FULL,NONE,clear pending; restore unconsumed source item; no capture ledger write
EVENT_STARTER_LAB_NATIONAL_0656,COMMIT,operation success,"write ledger, dex, claim count; persist atomically; clear pending",DONE,RETRY,RETRY,RETRY,RETRY,RETRY,ledger+dex+claim only in COMMIT,NONE
EVENT_STARTER_LAB_NATIONAL_0656,RETRY,cancel/defeat/escape/reset recovery,clear pending; leave encounter/claim available,OFFER,OFFER,OFFER,OFFER,OFFER,OFFER,NONE,clear pending; restore unconsumed source item; no capture ledger write
EVENT_STARTER_LAB_NATIONAL_0656,FULL,party/PC/queue unavailable,show FULL; consume nothing; clear pending,OFFER,OFFER,OFFER,OFFER,OFFER,OFFER,NONE,clear pending; restore unconsumed source item; no capture ledger write
EVENT_STARTER_LAB_NATIONAL_0656,DONE,ledger or commit true,show SUCCESS or ALREADY; no duplicate,DONE,DONE,DONE,DONE,DONE,DONE,NONE,NONE
EVENT_STARTER_LAB_NATIONAL_0722,CHECK_UNLOCK,host interaction,test unlock expression,CHECK_LEDGER,LOCKED,LOCKED,LOCKED,LOCKED,LOCKED,NONE,NONE
EVENT_STARTER_LAB_NATIONAL_0722,CHECK_LEDGER,unlock true,test shared ledger/dex migration,OFFER,DONE,DONE,DONE,DONE,DONE,NONE,NONE
EVENT_STARTER_LAB_NATIONAL_0722,OFFER,not already complete,show INTRO; Yes/No,PREPARE,RETRY,RETRY,RETRY,RETRY,RETRY,NONE,NONE
EVENT_STARTER_LAB_NATIONAL_0722,PREPARE,Yes selected,write pending transaction only; reserve no item/flag,EXECUTE,RETRY,RETRY,RETRY,FULL,FULL,NONE,clear pending; restore unconsumed source item; no capture ledger write
EVENT_STARTER_LAB_NATIONAL_0722,EXECUTE,pending valid,run EGG adapter,COMMIT,RETRY,RETRY,RETRY,FULL,FULL,NONE,clear pending; restore unconsumed source item; no capture ledger write
EVENT_STARTER_LAB_NATIONAL_0722,COMMIT,operation success,"write ledger, dex, claim count; persist atomically; clear pending",DONE,RETRY,RETRY,RETRY,RETRY,RETRY,ledger+dex+claim only in COMMIT,NONE
EVENT_STARTER_LAB_NATIONAL_0722,RETRY,cancel/defeat/escape/reset recovery,clear pending; leave encounter/claim available,OFFER,OFFER,OFFER,OFFER,OFFER,OFFER,NONE,clear pending; restore unconsumed source item; no capture ledger write
EVENT_STARTER_LAB_NATIONAL_0722,FULL,party/PC/queue unavailable,show FULL; consume nothing; clear pending,OFFER,OFFER,OFFER,OFFER,OFFER,OFFER,NONE,clear pending; restore unconsumed source item; no capture ledger write
EVENT_STARTER_LAB_NATIONAL_0722,DONE,ledger or commit true,show SUCCESS or ALREADY; no duplicate,DONE,DONE,DONE,DONE,DONE,DONE,NONE,NONE
EVENT_STARTER_LAB_NATIONAL_0725,CHECK_UNLOCK,host interaction,test unlock expression,CHECK_LEDGER,LOCKED,LOCKED,LOCKED,LOCKED,LOCKED,NONE,NONE
EVENT_STARTER_LAB_NATIONAL_0725,CHECK_LEDGER,unlock true,test shared ledger/dex migration,OFFER,DONE,DONE,DONE,DONE,DONE,NONE,NONE
EVENT_STARTER_LAB_NATIONAL_0725,OFFER,not already complete,show INTRO; Yes/No,PREPARE,RETRY,RETRY,RETRY,RETRY,RETRY,NONE,NONE
EVENT_STARTER_LAB_NATIONAL_0725,PREPARE,Yes selected,write pending transaction only; reserve no item/flag,EXECUTE,RETRY,RETRY,RETRY,FULL,FULL,NONE,clear pending; restore unconsumed source item; no capture ledger write
EVENT_STARTER_LAB_NATIONAL_0725,EXECUTE,pending valid,run EGG adapter,COMMIT,RETRY,RETRY,RETRY,FULL,FULL,NONE,clear pending; restore unconsumed source item; no capture ledger write
EVENT_STARTER_LAB_NATIONAL_0725,COMMIT,operation success,"write ledger, dex, claim count; persist atomically; clear pending",DONE,RETRY,RETRY,RETRY,RETRY,RETRY,ledger+dex+claim only in COMMIT,NONE
EVENT_STARTER_LAB_NATIONAL_0725,RETRY,cancel/defeat/escape/reset recovery,clear pending; leave encounter/claim available,OFFER,OFFER,OFFER,OFFER,OFFER,OFFER,NONE,clear pending; restore unconsumed source item; no capture ledger write
EVENT_STARTER_LAB_NATIONAL_0725,FULL,party/PC/queue unavailable,show FULL; consume nothing; clear pending,OFFER,OFFER,OFFER,OFFER,OFFER,OFFER,NONE,clear pending; restore unconsumed source item; no capture ledger write
EVENT_STARTER_LAB_NATIONAL_0725,DONE,ledger or commit true,show SUCCESS or ALREADY; no duplicate,DONE,DONE,DONE,DONE,DONE,DONE,NONE,NONE
EVENT_STARTER_LAB_NATIONAL_0728,CHECK_UNLOCK,host interaction,test unlock expression,CHECK_LEDGER,LOCKED,LOCKED,LOCKED,LOCKED,LOCKED,NONE,NONE
EVENT_STARTER_LAB_NATIONAL_0728,CHECK_LEDGER,unlock true,test shared ledger/dex migration,OFFER,DONE,DONE,DONE,DONE,DONE,NONE,NONE
EVENT_STARTER_LAB_NATIONAL_0728,OFFER,not already complete,show INTRO; Yes/No,PREPARE,RETRY,RETRY,RETRY,RETRY,RETRY,NONE,NONE
EVENT_STARTER_LAB_NATIONAL_0728,PREPARE,Yes selected,write pending transaction only; reserve no item/flag,EXECUTE,RETRY,RETRY,RETRY,FULL,FULL,NONE,clear pending; restore unconsumed source item; no capture ledger write
EVENT_STARTER_LAB_NATIONAL_0728,EXECUTE,pending valid,run EGG adapter,COMMIT,RETRY,RETRY,RETRY,FULL,FULL,NONE,clear pending; restore unconsumed source item; no capture ledger write
EVENT_STARTER_LAB_NATIONAL_0728,COMMIT,operation success,"write ledger, dex, claim count; persist atomically; clear pending",DONE,RETRY,RETRY,RETRY,RETRY,RETRY,ledger+dex+claim only in COMMIT,NONE
EVENT_STARTER_LAB_NATIONAL_0728,RETRY,cancel/defeat/escape/reset recovery,clear pending; leave encounter/claim available,OFFER,OFFER,OFFER,OFFER,OFFER,OFFER,NONE,clear pending; restore unconsumed source item; no capture ledger write
EVENT_STARTER_LAB_NATIONAL_0728,FULL,party/PC/queue unavailable,show FULL; consume nothing; clear pending,OFFER,OFFER,OFFER,OFFER,OFFER,OFFER,NONE,clear pending; restore unconsumed source item; no capture ledger write
EVENT_STARTER_LAB_NATIONAL_0728,DONE,ledger or commit true,show SUCCESS or ALREADY; no duplicate,DONE,DONE,DONE,DONE,DONE,DONE,NONE,NONE
EVENT_STARTER_LAB_NATIONAL_0810,CHECK_UNLOCK,host interaction,test unlock expression,CHECK_LEDGER,LOCKED,LOCKED,LOCKED,LOCKED,LOCKED,NONE,NONE
EVENT_STARTER_LAB_NATIONAL_0810,CHECK_LEDGER,unlock true,test shared ledger/dex migration,OFFER,DONE,DONE,DONE,DONE,DONE,NONE,NONE
EVENT_STARTER_LAB_NATIONAL_0810,OFFER,not already complete,show INTRO; Yes/No,PREPARE,RETRY,RETRY,RETRY,RETRY,RETRY,NONE,NONE
EVENT_STARTER_LAB_NATIONAL_0810,PREPARE,Yes selected,write pending transaction only; reserve no item/flag,EXECUTE,RETRY,RETRY,RETRY,FULL,FULL,NONE,clear pending; restore unconsumed source item; no capture ledger write
EVENT_STARTER_LAB_NATIONAL_0810,EXECUTE,pending valid,run EGG adapter,COMMIT,RETRY,RETRY,RETRY,FULL,FULL,NONE,clear pending; restore unconsumed source item; no capture ledger write
EVENT_STARTER_LAB_NATIONAL_0810,COMMIT,operation success,"write ledger, dex, claim count; persist atomically; clear pending",DONE,RETRY,RETRY,RETRY,RETRY,RETRY,ledger+dex+claim only in COMMIT,NONE
EVENT_STARTER_LAB_NATIONAL_0810,RETRY,cancel/defeat/escape/reset recovery,clear pending; leave encounter/claim available,OFFER,OFFER,OFFER,OFFER,OFFER,OFFER,NONE,clear pending; restore unconsumed source item; no capture ledger write
EVENT_STARTER_LAB_NATIONAL_0810,FULL,party/PC/queue unavailable,show FULL; consume nothing; clear pending,OFFER,OFFER,OFFER,OFFER,OFFER,OFFER,NONE,clear pending; restore unconsumed source item; no capture ledger write
EVENT_STARTER_LAB_NATIONAL_0810,DONE,ledger or commit true,show SUCCESS or ALREADY; no duplicate,DONE,DONE,DONE,DONE,DONE,DONE,NONE,NONE
EVENT_STARTER_LAB_NATIONAL_0813,CHECK_UNLOCK,host interaction,test unlock expression,CHECK_LEDGER,LOCKED,LOCKED,LOCKED,LOCKED,LOCKED,NONE,NONE
EVENT_STARTER_LAB_NATIONAL_0813,CHECK_LEDGER,unlock true,test shared ledger/dex migration,OFFER,DONE,DONE,DONE,DONE,DONE,NONE,NONE
EVENT_STARTER_LAB_NATIONAL_0813,OFFER,not already complete,show INTRO; Yes/No,PREPARE,RETRY,RETRY,RETRY,RETRY,RETRY,NONE,NONE
EVENT_STARTER_LAB_NATIONAL_0813,PREPARE,Yes selected,write pending transaction only; reserve no item/flag,EXECUTE,RETRY,RETRY,RETRY,FULL,FULL,NONE,clear pending; restore unconsumed source item; no capture ledger write
EVENT_STARTER_LAB_NATIONAL_0813,EXECUTE,pending valid,run EGG adapter,COMMIT,RETRY,RETRY,RETRY,FULL,FULL,NONE,clear pending; restore unconsumed source item; no capture ledger write
EVENT_STARTER_LAB_NATIONAL_0813,COMMIT,operation success,"write ledger, dex, claim count; persist atomically; clear pending",DONE,RETRY,RETRY,RETRY,RETRY,RETRY,ledger+dex+claim only in COMMIT,NONE
EVENT_STARTER_LAB_NATIONAL_0813,RETRY,cancel/defeat/escape/reset recovery,clear pending; leave encounter/claim available,OFFER,OFFER,OFFER,OFFER,OFFER,OFFER,NONE,clear pending; restore unconsumed source item; no capture ledger write
EVENT_STARTER_LAB_NATIONAL_0813,FULL,party/PC/queue unavailable,show FULL; consume nothing; clear pending,OFFER,OFFER,OFFER,OFFER,OFFER,OFFER,NONE,clear pending; restore unconsumed source item; no capture ledger write
EVENT_STARTER_LAB_NATIONAL_0813,DONE,ledger or commit true,show SUCCESS or ALREADY; no duplicate,DONE,DONE,DONE,DONE,DONE,DONE,NONE,NONE
EVENT_STARTER_LAB_NATIONAL_0816,CHECK_UNLOCK,host interaction,test unlock expression,CHECK_LEDGER,LOCKED,LOCKED,LOCKED,LOCKED,LOCKED,NONE,NONE
EVENT_STARTER_LAB_NATIONAL_0816,CHECK_LEDGER,unlock true,test shared ledger/dex migration,OFFER,DONE,DONE,DONE,DONE,DONE,NONE,NONE
EVENT_STARTER_LAB_NATIONAL_0816,OFFER,not already complete,show INTRO; Yes/No,PREPARE,RETRY,RETRY,RETRY,RETRY,RETRY,NONE,NONE
EVENT_STARTER_LAB_NATIONAL_0816,PREPARE,Yes selected,write pending transaction only; reserve no item/flag,EXECUTE,RETRY,RETRY,RETRY,FULL,FULL,NONE,clear pending; restore unconsumed source item; no capture ledger write
EVENT_STARTER_LAB_NATIONAL_0816,EXECUTE,pending valid,run EGG adapter,COMMIT,RETRY,RETRY,RETRY,FULL,FULL,NONE,clear pending; restore unconsumed source item; no capture ledger write
EVENT_STARTER_LAB_NATIONAL_0816,COMMIT,operation success,"write ledger, dex, claim count; persist atomically; clear pending",DONE,RETRY,RETRY,RETRY,RETRY,RETRY,ledger+dex+claim only in COMMIT,NONE
EVENT_STARTER_LAB_NATIONAL_0816,RETRY,cancel/defeat/escape/reset recovery,clear pending; leave encounter/claim available,OFFER,OFFER,OFFER,OFFER,OFFER,OFFER,NONE,clear pending; restore unconsumed source item; no capture ledger write
EVENT_STARTER_LAB_NATIONAL_0816,FULL,party/PC/queue unavailable,show FULL; consume nothing; clear pending,OFFER,OFFER,OFFER,OFFER,OFFER,OFFER,NONE,clear pending; restore unconsumed source item; no capture ledger write
EVENT_STARTER_LAB_NATIONAL_0816,DONE,ledger or commit true,show SUCCESS or ALREADY; no duplicate,DONE,DONE,DONE,DONE,DONE,DONE,NONE,NONE
EVENT_STARTER_LAB_NATIONAL_0906,CHECK_UNLOCK,host interaction,test unlock expression,CHECK_LEDGER,LOCKED,LOCKED,LOCKED,LOCKED,LOCKED,NONE,NONE
EVENT_STARTER_LAB_NATIONAL_0906,CHECK_LEDGER,unlock true,test shared ledger/dex migration,OFFER,DONE,DONE,DONE,DONE,DONE,NONE,NONE
EVENT_STARTER_LAB_NATIONAL_0906,OFFER,not already complete,show INTRO; Yes/No,PREPARE,RETRY,RETRY,RETRY,RETRY,RETRY,NONE,NONE
EVENT_STARTER_LAB_NATIONAL_0906,PREPARE,Yes selected,write pending transaction only; reserve no item/flag,EXECUTE,RETRY,RETRY,RETRY,FULL,FULL,NONE,clear pending; restore unconsumed source item; no capture ledger write
EVENT_STARTER_LAB_NATIONAL_0906,EXECUTE,pending valid,run EGG adapter,COMMIT,RETRY,RETRY,RETRY,FULL,FULL,NONE,clear pending; restore unconsumed source item; no capture ledger write
EVENT_STARTER_LAB_NATIONAL_0906,COMMIT,operation success,"write ledger, dex, claim count; persist atomically; clear pending",DONE,RETRY,RETRY,RETRY,RETRY,RETRY,ledger+dex+claim only in COMMIT,NONE
EVENT_STARTER_LAB_NATIONAL_0906,RETRY,cancel/defeat/escape/reset recovery,clear pending; leave encounter/claim available,OFFER,OFFER,OFFER,OFFER,OFFER,OFFER,NONE,clear pending; restore unconsumed source item; no capture ledger write
EVENT_STARTER_LAB_NATIONAL_0906,FULL,party/PC/queue unavailable,show FULL; consume nothing; clear pending,OFFER,OFFER,OFFER,OFFER,OFFER,OFFER,NONE,clear pending; restore unconsumed source item; no capture ledger write
EVENT_STARTER_LAB_NATIONAL_0906,DONE,ledger or commit true,show SUCCESS or ALREADY; no duplicate,DONE,DONE,DONE,DONE,DONE,DONE,NONE,NONE
EVENT_STARTER_LAB_NATIONAL_0909,CHECK_UNLOCK,host interaction,test unlock expression,CHECK_LEDGER,LOCKED,LOCKED,LOCKED,LOCKED,LOCKED,NONE,NONE
EVENT_STARTER_LAB_NATIONAL_0909,CHECK_LEDGER,unlock true,test shared ledger/dex migration,OFFER,DONE,DONE,DONE,DONE,DONE,NONE,NONE
EVENT_STARTER_LAB_NATIONAL_0909,OFFER,not already complete,show INTRO; Yes/No,PREPARE,RETRY,RETRY,RETRY,RETRY,RETRY,NONE,NONE
EVENT_STARTER_LAB_NATIONAL_0909,PREPARE,Yes selected,write pending transaction only; reserve no item/flag,EXECUTE,RETRY,RETRY,RETRY,FULL,FULL,NONE,clear pending; restore unconsumed source item; no capture ledger write
EVENT_STARTER_LAB_NATIONAL_0909,EXECUTE,pending valid,run EGG adapter,COMMIT,RETRY,RETRY,RETRY,FULL,FULL,NONE,clear pending; restore unconsumed source item; no capture ledger write
EVENT_STARTER_LAB_NATIONAL_0909,COMMIT,operation success,"write ledger, dex, claim count; persist atomically; clear pending",DONE,RETRY,RETRY,RETRY,RETRY,RETRY,ledger+dex+claim only in COMMIT,NONE
EVENT_STARTER_LAB_NATIONAL_0909,RETRY,cancel/defeat/escape/reset recovery,clear pending; leave encounter/claim available,OFFER,OFFER,OFFER,OFFER,OFFER,OFFER,NONE,clear pending; restore unconsumed source item; no capture ledger write
EVENT_STARTER_LAB_NATIONAL_0909,FULL,party/PC/queue unavailable,show FULL; consume nothing; clear pending,OFFER,OFFER,OFFER,OFFER,OFFER,OFFER,NONE,clear pending; restore unconsumed source item; no capture ledger write
EVENT_STARTER_LAB_NATIONAL_0909,DONE,ledger or commit true,show SUCCESS or ALREADY; no duplicate,DONE,DONE,DONE,DONE,DONE,DONE,NONE,NONE
EVENT_STARTER_LAB_NATIONAL_0912,CHECK_UNLOCK,host interaction,test unlock expression,CHECK_LEDGER,LOCKED,LOCKED,LOCKED,LOCKED,LOCKED,NONE,NONE
EVENT_STARTER_LAB_NATIONAL_0912,CHECK_LEDGER,unlock true,test shared ledger/dex migration,OFFER,DONE,DONE,DONE,DONE,DONE,NONE,NONE
EVENT_STARTER_LAB_NATIONAL_0912,OFFER,not already complete,show INTRO; Yes/No,PREPARE,RETRY,RETRY,RETRY,RETRY,RETRY,NONE,NONE
EVENT_STARTER_LAB_NATIONAL_0912,PREPARE,Yes selected,write pending transaction only; reserve no item/flag,EXECUTE,RETRY,RETRY,RETRY,FULL,FULL,NONE,clear pending; restore unconsumed source item; no capture ledger write
EVENT_STARTER_LAB_NATIONAL_0912,EXECUTE,pending valid,run EGG adapter,COMMIT,RETRY,RETRY,RETRY,FULL,FULL,NONE,clear pending; restore unconsumed source item; no capture ledger write
EVENT_STARTER_LAB_NATIONAL_0912,COMMIT,operation success,"write ledger, dex, claim count; persist atomically; clear pending",DONE,RETRY,RETRY,RETRY,RETRY,RETRY,ledger+dex+claim only in COMMIT,NONE
EVENT_STARTER_LAB_NATIONAL_0912,RETRY,cancel/defeat/escape/reset recovery,clear pending; leave encounter/claim available,OFFER,OFFER,OFFER,OFFER,OFFER,OFFER,NONE,clear pending; restore unconsumed source item; no capture ledger write
EVENT_STARTER_LAB_NATIONAL_0912,FULL,party/PC/queue unavailable,show FULL; consume nothing; clear pending,OFFER,OFFER,OFFER,OFFER,OFFER,OFFER,NONE,clear pending; restore unconsumed source item; no capture ledger write
EVENT_STARTER_LAB_NATIONAL_0912,DONE,ledger or commit true,show SUCCESS or ALREADY; no duplicate,DONE,DONE,DONE,DONE,DONE,DONE,NONE,NONE
EVENT_REGIONAL_EGG_1393,CHECK_UNLOCK,host interaction,test unlock expression,CHECK_LEDGER,LOCKED,LOCKED,LOCKED,LOCKED,LOCKED,NONE,NONE
EVENT_REGIONAL_EGG_1393,CHECK_LEDGER,unlock true,test shared ledger/dex migration,OFFER,DONE,DONE,DONE,DONE,DONE,NONE,NONE
EVENT_REGIONAL_EGG_1393,OFFER,not already complete,show INTRO; Yes/No,PREPARE,RETRY,RETRY,RETRY,RETRY,RETRY,NONE,NONE
EVENT_REGIONAL_EGG_1393,PREPARE,Yes selected,write pending transaction only; reserve no item/flag,EXECUTE,RETRY,RETRY,RETRY,FULL,FULL,NONE,clear pending; restore unconsumed source item; no capture ledger write
EVENT_REGIONAL_EGG_1393,EXECUTE,pending valid,run EGG adapter,COMMIT,RETRY,RETRY,RETRY,FULL,FULL,NONE,clear pending; restore unconsumed source item; no capture ledger write
EVENT_REGIONAL_EGG_1393,COMMIT,operation success,"write ledger, dex, claim count; persist atomically; clear pending",DONE,RETRY,RETRY,RETRY,RETRY,RETRY,ledger+dex+claim only in COMMIT,NONE
EVENT_REGIONAL_EGG_1393,RETRY,cancel/defeat/escape/reset recovery,clear pending; leave encounter/claim available,OFFER,OFFER,OFFER,OFFER,OFFER,OFFER,NONE,clear pending; restore unconsumed source item; no capture ledger write
EVENT_REGIONAL_EGG_1393,FULL,party/PC/queue unavailable,show FULL; consume nothing; clear pending,OFFER,OFFER,OFFER,OFFER,OFFER,OFFER,NONE,clear pending; restore unconsumed source item; no capture ledger write
EVENT_REGIONAL_EGG_1393,DONE,ledger or commit true,show SUCCESS or ALREADY; no duplicate,DONE,DONE,DONE,DONE,DONE,DONE,NONE,NONE
EVENT_REGIONAL_EGG_1398,CHECK_UNLOCK,host interaction,test unlock expression,CHECK_LEDGER,LOCKED,LOCKED,LOCKED,LOCKED,LOCKED,NONE,NONE
EVENT_REGIONAL_EGG_1398,CHECK_LEDGER,unlock true,test shared ledger/dex migration,OFFER,DONE,DONE,DONE,DONE,DONE,NONE,NONE
EVENT_REGIONAL_EGG_1398,OFFER,not already complete,show INTRO; Yes/No,PREPARE,RETRY,RETRY,RETRY,RETRY,RETRY,NONE,NONE
EVENT_REGIONAL_EGG_1398,PREPARE,Yes selected,write pending transaction only; reserve no item/flag,EXECUTE,RETRY,RETRY,RETRY,FULL,FULL,NONE,clear pending; restore unconsumed source item; no capture ledger write
EVENT_REGIONAL_EGG_1398,EXECUTE,pending valid,run EGG adapter,COMMIT,RETRY,RETRY,RETRY,FULL,FULL,NONE,clear pending; restore unconsumed source item; no capture ledger write
EVENT_REGIONAL_EGG_1398,COMMIT,operation success,"write ledger, dex, claim count; persist atomically; clear pending",DONE,RETRY,RETRY,RETRY,RETRY,RETRY,ledger+dex+claim only in COMMIT,NONE
EVENT_REGIONAL_EGG_1398,RETRY,cancel/defeat/escape/reset recovery,clear pending; leave encounter/claim available,OFFER,OFFER,OFFER,OFFER,OFFER,OFFER,NONE,clear pending; restore unconsumed source item; no capture ledger write
EVENT_REGIONAL_EGG_1398,FULL,party/PC/queue unavailable,show FULL; consume nothing; clear pending,OFFER,OFFER,OFFER,OFFER,OFFER,OFFER,NONE,clear pending; restore unconsumed source item; no capture ledger write
EVENT_REGIONAL_EGG_1398,DONE,ledger or commit true,show SUCCESS or ALREADY; no duplicate,DONE,DONE,DONE,DONE,DONE,DONE,NONE,NONE
EVENT_REGIONAL_EGG_1401,CHECK_UNLOCK,host interaction,test unlock expression,CHECK_LEDGER,LOCKED,LOCKED,LOCKED,LOCKED,LOCKED,NONE,NONE
EVENT_REGIONAL_EGG_1401,CHECK_LEDGER,unlock true,test shared ledger/dex migration,OFFER,DONE,DONE,DONE,DONE,DONE,NONE,NONE
EVENT_REGIONAL_EGG_1401,OFFER,not already complete,show INTRO; Yes/No,PREPARE,RETRY,RETRY,RETRY,RETRY,RETRY,NONE,NONE
EVENT_REGIONAL_EGG_1401,PREPARE,Yes selected,write pending transaction only; reserve no item/flag,EXECUTE,RETRY,RETRY,RETRY,FULL,FULL,NONE,clear pending; restore unconsumed source item; no capture ledger write
EVENT_REGIONAL_EGG_1401,EXECUTE,pending valid,run EGG adapter,COMMIT,RETRY,RETRY,RETRY,FULL,FULL,NONE,clear pending; restore unconsumed source item; no capture ledger write
EVENT_REGIONAL_EGG_1401,COMMIT,operation success,"write ledger, dex, claim count; persist atomically; clear pending",DONE,RETRY,RETRY,RETRY,RETRY,RETRY,ledger+dex+claim only in COMMIT,NONE
EVENT_REGIONAL_EGG_1401,RETRY,cancel/defeat/escape/reset recovery,clear pending; leave encounter/claim available,OFFER,OFFER,OFFER,OFFER,OFFER,OFFER,NONE,clear pending; restore unconsumed source item; no capture ledger write
EVENT_REGIONAL_EGG_1401,FULL,party/PC/queue unavailable,show FULL; consume nothing; clear pending,OFFER,OFFER,OFFER,OFFER,OFFER,OFFER,NONE,clear pending; restore unconsumed source item; no capture ledger write
EVENT_REGIONAL_EGG_1401,DONE,ledger or commit true,show SUCCESS or ALREADY; no duplicate,DONE,DONE,DONE,DONE,DONE,DONE,NONE,NONE
EVENT_REGIONAL_EGG_1406,CHECK_UNLOCK,host interaction,test unlock expression,CHECK_LEDGER,LOCKED,LOCKED,LOCKED,LOCKED,LOCKED,NONE,NONE
EVENT_REGIONAL_EGG_1406,CHECK_LEDGER,unlock true,test shared ledger/dex migration,OFFER,DONE,DONE,DONE,DONE,DONE,NONE,NONE
EVENT_REGIONAL_EGG_1406,OFFER,not already complete,show INTRO; Yes/No,PREPARE,RETRY,RETRY,RETRY,RETRY,RETRY,NONE,NONE
EVENT_REGIONAL_EGG_1406,PREPARE,Yes selected,write pending transaction only; reserve no item/flag,EXECUTE,RETRY,RETRY,RETRY,FULL,FULL,NONE,clear pending; restore unconsumed source item; no capture ledger write
EVENT_REGIONAL_EGG_1406,EXECUTE,pending valid,run EGG adapter,COMMIT,RETRY,RETRY,RETRY,FULL,FULL,NONE,clear pending; restore unconsumed source item; no capture ledger write
EVENT_REGIONAL_EGG_1406,COMMIT,operation success,"write ledger, dex, claim count; persist atomically; clear pending",DONE,RETRY,RETRY,RETRY,RETRY,RETRY,ledger+dex+claim only in COMMIT,NONE
EVENT_REGIONAL_EGG_1406,RETRY,cancel/defeat/escape/reset recovery,clear pending; leave encounter/claim available,OFFER,OFFER,OFFER,OFFER,OFFER,OFFER,NONE,clear pending; restore unconsumed source item; no capture ledger write
EVENT_REGIONAL_EGG_1406,FULL,party/PC/queue unavailable,show FULL; consume nothing; clear pending,OFFER,OFFER,OFFER,OFFER,OFFER,OFFER,NONE,clear pending; restore unconsumed source item; no capture ledger write
EVENT_REGIONAL_EGG_1406,DONE,ledger or commit true,show SUCCESS or ALREADY; no duplicate,DONE,DONE,DONE,DONE,DONE,DONE,NONE,NONE
EVENT_REGIONAL_EGG_1408,CHECK_UNLOCK,host interaction,test unlock expression,CHECK_LEDGER,LOCKED,LOCKED,LOCKED,LOCKED,LOCKED,NONE,NONE
EVENT_REGIONAL_EGG_1408,CHECK_LEDGER,unlock true,test shared ledger/dex migration,OFFER,DONE,DONE,DONE,DONE,DONE,NONE,NONE
EVENT_REGIONAL_EGG_1408,OFFER,not already complete,show INTRO; Yes/No,PREPARE,RETRY,RETRY,RETRY,RETRY,RETRY,NONE,NONE
EVENT_REGIONAL_EGG_1408,PREPARE,Yes selected,write pending transaction only; reserve no item/flag,EXECUTE,RETRY,RETRY,RETRY,FULL,FULL,NONE,clear pending; restore unconsumed source item; no capture ledger write
EVENT_REGIONAL_EGG_1408,EXECUTE,pending valid,run EGG adapter,COMMIT,RETRY,RETRY,RETRY,FULL,FULL,NONE,clear pending; restore unconsumed source item; no capture ledger write
EVENT_REGIONAL_EGG_1408,COMMIT,operation success,"write ledger, dex, claim count; persist atomically; clear pending",DONE,RETRY,RETRY,RETRY,RETRY,RETRY,ledger+dex+claim only in COMMIT,NONE
EVENT_REGIONAL_EGG_1408,RETRY,cancel/defeat/escape/reset recovery,clear pending; leave encounter/claim available,OFFER,OFFER,OFFER,OFFER,OFFER,OFFER,NONE,clear pending; restore unconsumed source item; no capture ledger write
EVENT_REGIONAL_EGG_1408,FULL,party/PC/queue unavailable,show FULL; consume nothing; clear pending,OFFER,OFFER,OFFER,OFFER,OFFER,OFFER,NONE,clear pending; restore unconsumed source item; no capture ledger write
EVENT_REGIONAL_EGG_1408,DONE,ledger or commit true,show SUCCESS or ALREADY; no duplicate,DONE,DONE,DONE,DONE,DONE,DONE,NONE,NONE
EVENT_REGIONAL_EGG_1413,CHECK_UNLOCK,host interaction,test unlock expression,CHECK_LEDGER,LOCKED,LOCKED,LOCKED,LOCKED,LOCKED,NONE,NONE
EVENT_REGIONAL_EGG_1413,CHECK_LEDGER,unlock true,test shared ledger/dex migration,OFFER,DONE,DONE,DONE,DONE,DONE,NONE,NONE
EVENT_REGIONAL_EGG_1413,OFFER,not already complete,show INTRO; Yes/No,PREPARE,RETRY,RETRY,RETRY,RETRY,RETRY,NONE,NONE
EVENT_REGIONAL_EGG_1413,PREPARE,Yes selected,write pending transaction only; reserve no item/flag,EXECUTE,RETRY,RETRY,RETRY,FULL,FULL,NONE,clear pending; restore unconsumed source item; no capture ledger write
EVENT_REGIONAL_EGG_1413,EXECUTE,pending valid,run EGG adapter,COMMIT,RETRY,RETRY,RETRY,FULL,FULL,NONE,clear pending; restore unconsumed source item; no capture ledger write
EVENT_REGIONAL_EGG_1413,COMMIT,operation success,"write ledger, dex, claim count; persist atomically; clear pending",DONE,RETRY,RETRY,RETRY,RETRY,RETRY,ledger+dex+claim only in COMMIT,NONE
EVENT_REGIONAL_EGG_1413,RETRY,cancel/defeat/escape/reset recovery,clear pending; leave encounter/claim available,OFFER,OFFER,OFFER,OFFER,OFFER,OFFER,NONE,clear pending; restore unconsumed source item; no capture ledger write
EVENT_REGIONAL_EGG_1413,FULL,party/PC/queue unavailable,show FULL; consume nothing; clear pending,OFFER,OFFER,OFFER,OFFER,OFFER,OFFER,NONE,clear pending; restore unconsumed source item; no capture ledger write
EVENT_REGIONAL_EGG_1413,DONE,ledger or commit true,show SUCCESS or ALREADY; no duplicate,DONE,DONE,DONE,DONE,DONE,DONE,NONE,NONE
EVENT_REGIONAL_EGG_1420,CHECK_UNLOCK,host interaction,test unlock expression,CHECK_LEDGER,LOCKED,LOCKED,LOCKED,LOCKED,LOCKED,NONE,NONE
EVENT_REGIONAL_EGG_1420,CHECK_LEDGER,unlock true,test shared ledger/dex migration,OFFER,DONE,DONE,DONE,DONE,DONE,NONE,NONE
EVENT_REGIONAL_EGG_1420,OFFER,not already complete,show INTRO; Yes/No,PREPARE,RETRY,RETRY,RETRY,RETRY,RETRY,NONE,NONE
EVENT_REGIONAL_EGG_1420,PREPARE,Yes selected,write pending transaction only; reserve no item/flag,EXECUTE,RETRY,RETRY,RETRY,FULL,FULL,NONE,clear pending; restore unconsumed source item; no capture ledger write
EVENT_REGIONAL_EGG_1420,EXECUTE,pending valid,run EGG adapter,COMMIT,RETRY,RETRY,RETRY,FULL,FULL,NONE,clear pending; restore unconsumed source item; no capture ledger write
EVENT_REGIONAL_EGG_1420,COMMIT,operation success,"write ledger, dex, claim count; persist atomically; clear pending",DONE,RETRY,RETRY,RETRY,RETRY,RETRY,ledger+dex+claim only in COMMIT,NONE
EVENT_REGIONAL_EGG_1420,RETRY,cancel/defeat/escape/reset recovery,clear pending; leave encounter/claim available,OFFER,OFFER,OFFER,OFFER,OFFER,OFFER,NONE,clear pending; restore unconsumed source item; no capture ledger write
EVENT_REGIONAL_EGG_1420,FULL,party/PC/queue unavailable,show FULL; consume nothing; clear pending,OFFER,OFFER,OFFER,OFFER,OFFER,OFFER,NONE,clear pending; restore unconsumed source item; no capture ledger write
EVENT_REGIONAL_EGG_1420,DONE,ledger or commit true,show SUCCESS or ALREADY; no duplicate,DONE,DONE,DONE,DONE,DONE,DONE,NONE,NONE
EVENT_REGIONAL_EGG_1421,CHECK_UNLOCK,host interaction,test unlock expression,CHECK_LEDGER,LOCKED,LOCKED,LOCKED,LOCKED,LOCKED,NONE,NONE
EVENT_REGIONAL_EGG_1421,CHECK_LEDGER,unlock true,test shared ledger/dex migration,OFFER,DONE,DONE,DONE,DONE,DONE,NONE,NONE
EVENT_REGIONAL_EGG_1421,OFFER,not already complete,show INTRO; Yes/No,PREPARE,RETRY,RETRY,RETRY,RETRY,RETRY,NONE,NONE
EVENT_REGIONAL_EGG_1421,PREPARE,Yes selected,write pending transaction only; reserve no item/flag,EXECUTE,RETRY,RETRY,RETRY,FULL,FULL,NONE,clear pending; restore unconsumed source item; no capture ledger write
EVENT_REGIONAL_EGG_1421,EXECUTE,pending valid,run EGG adapter,COMMIT,RETRY,RETRY,RETRY,FULL,FULL,NONE,clear pending; restore unconsumed source item; no capture ledger write
EVENT_REGIONAL_EGG_1421,COMMIT,operation success,"write ledger, dex, claim count; persist atomically; clear pending",DONE,RETRY,RETRY,RETRY,RETRY,RETRY,ledger+dex+claim only in COMMIT,NONE
EVENT_REGIONAL_EGG_1421,RETRY,cancel/defeat/escape/reset recovery,clear pending; leave encounter/claim available,OFFER,OFFER,OFFER,OFFER,OFFER,OFFER,NONE,clear pending; restore unconsumed source item; no capture ledger write
EVENT_REGIONAL_EGG_1421,FULL,party/PC/queue unavailable,show FULL; consume nothing; clear pending,OFFER,OFFER,OFFER,OFFER,OFFER,OFFER,NONE,clear pending; restore unconsumed source item; no capture ledger write
EVENT_REGIONAL_EGG_1421,DONE,ledger or commit true,show SUCCESS or ALREADY; no duplicate,DONE,DONE,DONE,DONE,DONE,DONE,NONE,NONE
EVENT_REGIONAL_EGG_1424,CHECK_UNLOCK,host interaction,test unlock expression,CHECK_LEDGER,LOCKED,LOCKED,LOCKED,LOCKED,LOCKED,NONE,NONE
EVENT_REGIONAL_EGG_1424,CHECK_LEDGER,unlock true,test shared ledger/dex migration,OFFER,DONE,DONE,DONE,DONE,DONE,NONE,NONE
EVENT_REGIONAL_EGG_1424,OFFER,not already complete,show INTRO; Yes/No,PREPARE,RETRY,RETRY,RETRY,RETRY,RETRY,NONE,NONE
EVENT_REGIONAL_EGG_1424,PREPARE,Yes selected,write pending transaction only; reserve no item/flag,EXECUTE,RETRY,RETRY,RETRY,FULL,FULL,NONE,clear pending; restore unconsumed source item; no capture ledger write
EVENT_REGIONAL_EGG_1424,EXECUTE,pending valid,run EGG adapter,COMMIT,RETRY,RETRY,RETRY,FULL,FULL,NONE,clear pending; restore unconsumed source item; no capture ledger write
EVENT_REGIONAL_EGG_1424,COMMIT,operation success,"write ledger, dex, claim count; persist atomically; clear pending",DONE,RETRY,RETRY,RETRY,RETRY,RETRY,ledger+dex+claim only in COMMIT,NONE
EVENT_REGIONAL_EGG_1424,RETRY,cancel/defeat/escape/reset recovery,clear pending; leave encounter/claim available,OFFER,OFFER,OFFER,OFFER,OFFER,OFFER,NONE,clear pending; restore unconsumed source item; no capture ledger write
EVENT_REGIONAL_EGG_1424,FULL,party/PC/queue unavailable,show FULL; consume nothing; clear pending,OFFER,OFFER,OFFER,OFFER,OFFER,OFFER,NONE,clear pending; restore unconsumed source item; no capture ledger write
EVENT_REGIONAL_EGG_1424,DONE,ledger or commit true,show SUCCESS or ALREADY; no duplicate,DONE,DONE,DONE,DONE,DONE,DONE,NONE,NONE
EVENT_REGIONAL_EGG_1593,CHECK_UNLOCK,host interaction,test unlock expression,CHECK_LEDGER,LOCKED,LOCKED,LOCKED,LOCKED,LOCKED,NONE,NONE
EVENT_REGIONAL_EGG_1593,CHECK_LEDGER,unlock true,test shared ledger/dex migration,OFFER,DONE,DONE,DONE,DONE,DONE,NONE,NONE
EVENT_REGIONAL_EGG_1593,OFFER,not already complete,show INTRO; Yes/No,PREPARE,RETRY,RETRY,RETRY,RETRY,RETRY,NONE,NONE
EVENT_REGIONAL_EGG_1593,PREPARE,Yes selected,write pending transaction only; reserve no item/flag,EXECUTE,RETRY,RETRY,RETRY,FULL,FULL,NONE,clear pending; restore unconsumed source item; no capture ledger write
EVENT_REGIONAL_EGG_1593,EXECUTE,pending valid,run EGG adapter,COMMIT,RETRY,RETRY,RETRY,FULL,FULL,NONE,clear pending; restore unconsumed source item; no capture ledger write
EVENT_REGIONAL_EGG_1593,COMMIT,operation success,"write ledger, dex, claim count; persist atomically; clear pending",DONE,RETRY,RETRY,RETRY,RETRY,RETRY,ledger+dex+claim only in COMMIT,NONE
EVENT_REGIONAL_EGG_1593,RETRY,cancel/defeat/escape/reset recovery,clear pending; leave encounter/claim available,OFFER,OFFER,OFFER,OFFER,OFFER,OFFER,NONE,clear pending; restore unconsumed source item; no capture ledger write
EVENT_REGIONAL_EGG_1593,FULL,party/PC/queue unavailable,show FULL; consume nothing; clear pending,OFFER,OFFER,OFFER,OFFER,OFFER,OFFER,NONE,clear pending; restore unconsumed source item; no capture ledger write
EVENT_REGIONAL_EGG_1593,DONE,ledger or commit true,show SUCCESS or ALREADY; no duplicate,DONE,DONE,DONE,DONE,DONE,DONE,NONE,NONE
EVENT_FOSSIL_RESTORE_NATIONAL_0138,CHECK_UNLOCK,host interaction,test unlock expression,CHECK_LEDGER,LOCKED,LOCKED,LOCKED,LOCKED,LOCKED,NONE,NONE
EVENT_FOSSIL_RESTORE_NATIONAL_0138,CHECK_LEDGER,unlock true,test shared ledger/dex migration,OFFER,DONE,DONE,DONE,DONE,DONE,NONE,NONE
EVENT_FOSSIL_RESTORE_NATIONAL_0138,OFFER,not already complete,show INTRO; Yes/No,PREPARE,RETRY,RETRY,RETRY,RETRY,RETRY,NONE,NONE
EVENT_FOSSIL_RESTORE_NATIONAL_0138,PREPARE,Yes selected,write pending transaction only; reserve no item/flag,EXECUTE,RETRY,RETRY,RETRY,FULL,FULL,NONE,clear pending; restore unconsumed source item; no capture ledger write
EVENT_FOSSIL_RESTORE_NATIONAL_0138,EXECUTE,pending valid,run FOSSIL adapter,COMMIT,RETRY,RETRY,RETRY,FULL,FULL,NONE,clear pending; restore unconsumed source item; no capture ledger write
EVENT_FOSSIL_RESTORE_NATIONAL_0138,COMMIT,operation success,"write ledger, dex, claim count; persist atomically; clear pending",DONE,RETRY,RETRY,RETRY,RETRY,RETRY,ledger+dex+claim only in COMMIT,NONE
EVENT_FOSSIL_RESTORE_NATIONAL_0138,RETRY,cancel/defeat/escape/reset recovery,clear pending; leave encounter/claim available,OFFER,OFFER,OFFER,OFFER,OFFER,OFFER,NONE,clear pending; restore unconsumed source item; no capture ledger write
EVENT_FOSSIL_RESTORE_NATIONAL_0138,FULL,party/PC/queue unavailable,show FULL; consume nothing; clear pending,OFFER,OFFER,OFFER,OFFER,OFFER,OFFER,NONE,clear pending; restore unconsumed source item; no capture ledger write
EVENT_FOSSIL_RESTORE_NATIONAL_0138,DONE,ledger or commit true,show SUCCESS or ALREADY; no duplicate,DONE,DONE,DONE,DONE,DONE,DONE,NONE,NONE
EVENT_FOSSIL_RESTORE_NATIONAL_0140,CHECK_UNLOCK,host interaction,test unlock expression,CHECK_LEDGER,LOCKED,LOCKED,LOCKED,LOCKED,LOCKED,NONE,NONE
EVENT_FOSSIL_RESTORE_NATIONAL_0140,CHECK_LEDGER,unlock true,test shared ledger/dex migration,OFFER,DONE,DONE,DONE,DONE,DONE,NONE,NONE
EVENT_FOSSIL_RESTORE_NATIONAL_0140,OFFER,not already complete,show INTRO; Yes/No,PREPARE,RETRY,RETRY,RETRY,RETRY,RETRY,NONE,NONE
EVENT_FOSSIL_RESTORE_NATIONAL_0140,PREPARE,Yes selected,write pending transaction only; reserve no item/flag,EXECUTE,RETRY,RETRY,RETRY,FULL,FULL,NONE,clear pending; restore unconsumed source item; no capture ledger write
EVENT_FOSSIL_RESTORE_NATIONAL_0140,EXECUTE,pending valid,run FOSSIL adapter,COMMIT,RETRY,RETRY,RETRY,FULL,FULL,NONE,clear pending; restore unconsumed source item; no capture ledger write
EVENT_FOSSIL_RESTORE_NATIONAL_0140,COMMIT,operation success,"write ledger, dex, claim count; persist atomically; clear pending",DONE,RETRY,RETRY,RETRY,RETRY,RETRY,ledger+dex+claim only in COMMIT,NONE
EVENT_FOSSIL_RESTORE_NATIONAL_0140,RETRY,cancel/defeat/escape/reset recovery,clear pending; leave encounter/claim available,OFFER,OFFER,OFFER,OFFER,OFFER,OFFER,NONE,clear pending; restore unconsumed source item; no capture ledger write
EVENT_FOSSIL_RESTORE_NATIONAL_0140,FULL,party/PC/queue unavailable,show FULL; consume nothing; clear pending,OFFER,OFFER,OFFER,OFFER,OFFER,OFFER,NONE,clear pending; restore unconsumed source item; no capture ledger write
EVENT_FOSSIL_RESTORE_NATIONAL_0140,DONE,ledger or commit true,show SUCCESS or ALREADY; no duplicate,DONE,DONE,DONE,DONE,DONE,DONE,NONE,NONE
EVENT_FOSSIL_RESTORE_NATIONAL_0347,CHECK_UNLOCK,host interaction,test unlock expression,CHECK_LEDGER,LOCKED,LOCKED,LOCKED,LOCKED,LOCKED,NONE,NONE
EVENT_FOSSIL_RESTORE_NATIONAL_0347,CHECK_LEDGER,unlock true,test shared ledger/dex migration,OFFER,DONE,DONE,DONE,DONE,DONE,NONE,NONE
EVENT_FOSSIL_RESTORE_NATIONAL_0347,OFFER,not already complete,show INTRO; Yes/No,PREPARE,RETRY,RETRY,RETRY,RETRY,RETRY,NONE,NONE
EVENT_FOSSIL_RESTORE_NATIONAL_0347,PREPARE,Yes selected,write pending transaction only; reserve no item/flag,EXECUTE,RETRY,RETRY,RETRY,FULL,FULL,NONE,clear pending; restore unconsumed source item; no capture ledger write
EVENT_FOSSIL_RESTORE_NATIONAL_0347,EXECUTE,pending valid,run FOSSIL adapter,COMMIT,RETRY,RETRY,RETRY,FULL,FULL,NONE,clear pending; restore unconsumed source item; no capture ledger write
EVENT_FOSSIL_RESTORE_NATIONAL_0347,COMMIT,operation success,"write ledger, dex, claim count; persist atomically; clear pending",DONE,RETRY,RETRY,RETRY,RETRY,RETRY,ledger+dex+claim only in COMMIT,NONE
EVENT_FOSSIL_RESTORE_NATIONAL_0347,RETRY,cancel/defeat/escape/reset recovery,clear pending; leave encounter/claim available,OFFER,OFFER,OFFER,OFFER,OFFER,OFFER,NONE,clear pending; restore unconsumed source item; no capture ledger write
EVENT_FOSSIL_RESTORE_NATIONAL_0347,FULL,party/PC/queue unavailable,show FULL; consume nothing; clear pending,OFFER,OFFER,OFFER,OFFER,OFFER,OFFER,NONE,clear pending; restore unconsumed source item; no capture ledger write
EVENT_FOSSIL_RESTORE_NATIONAL_0347,DONE,ledger or commit true,show SUCCESS or ALREADY; no duplicate,DONE,DONE,DONE,DONE,DONE,DONE,NONE,NONE
EVENT_FOSSIL_RESTORE_NATIONAL_0408,CHECK_UNLOCK,host interaction,test unlock expression,CHECK_LEDGER,LOCKED,LOCKED,LOCKED,LOCKED,LOCKED,NONE,NONE
EVENT_FOSSIL_RESTORE_NATIONAL_0408,CHECK_LEDGER,unlock true,test shared ledger/dex migration,OFFER,DONE,DONE,DONE,DONE,DONE,NONE,NONE
EVENT_FOSSIL_RESTORE_NATIONAL_0408,OFFER,not already complete,show INTRO; Yes/No,PREPARE,RETRY,RETRY,RETRY,RETRY,RETRY,NONE,NONE
EVENT_FOSSIL_RESTORE_NATIONAL_0408,PREPARE,Yes selected,write pending transaction only; reserve no item/flag,EXECUTE,RETRY,RETRY,RETRY,FULL,FULL,NONE,clear pending; restore unconsumed source item; no capture ledger write
EVENT_FOSSIL_RESTORE_NATIONAL_0408,EXECUTE,pending valid,run FOSSIL adapter,COMMIT,RETRY,RETRY,RETRY,FULL,FULL,NONE,clear pending; restore unconsumed source item; no capture ledger write
EVENT_FOSSIL_RESTORE_NATIONAL_0408,COMMIT,operation success,"write ledger, dex, claim count; persist atomically; clear pending",DONE,RETRY,RETRY,RETRY,RETRY,RETRY,ledger+dex+claim only in COMMIT,NONE
EVENT_FOSSIL_RESTORE_NATIONAL_0408,RETRY,cancel/defeat/escape/reset recovery,clear pending; leave encounter/claim available,OFFER,OFFER,OFFER,OFFER,OFFER,OFFER,NONE,clear pending; restore unconsumed source item; no capture ledger write
EVENT_FOSSIL_RESTORE_NATIONAL_0408,FULL,party/PC/queue unavailable,show FULL; consume nothing; clear pending,OFFER,OFFER,OFFER,OFFER,OFFER,OFFER,NONE,clear pending; restore unconsumed source item; no capture ledger write
EVENT_FOSSIL_RESTORE_NATIONAL_0408,DONE,ledger or commit true,show SUCCESS or ALREADY; no duplicate,DONE,DONE,DONE,DONE,DONE,DONE,NONE,NONE
EVENT_FOSSIL_RESTORE_NATIONAL_0410,CHECK_UNLOCK,host interaction,test unlock expression,CHECK_LEDGER,LOCKED,LOCKED,LOCKED,LOCKED,LOCKED,NONE,NONE
EVENT_FOSSIL_RESTORE_NATIONAL_0410,CHECK_LEDGER,unlock true,test shared ledger/dex migration,OFFER,DONE,DONE,DONE,DONE,DONE,NONE,NONE
EVENT_FOSSIL_RESTORE_NATIONAL_0410,OFFER,not already complete,show INTRO; Yes/No,PREPARE,RETRY,RETRY,RETRY,RETRY,RETRY,NONE,NONE
EVENT_FOSSIL_RESTORE_NATIONAL_0410,PREPARE,Yes selected,write pending transaction only; reserve no item/flag,EXECUTE,RETRY,RETRY,RETRY,FULL,FULL,NONE,clear pending; restore unconsumed source item; no capture ledger write
EVENT_FOSSIL_RESTORE_NATIONAL_0410,EXECUTE,pending valid,run FOSSIL adapter,COMMIT,RETRY,RETRY,RETRY,FULL,FULL,NONE,clear pending; restore unconsumed source item; no capture ledger write
EVENT_FOSSIL_RESTORE_NATIONAL_0410,COMMIT,operation success,"write ledger, dex, claim count; persist atomically; clear pending",DONE,RETRY,RETRY,RETRY,RETRY,RETRY,ledger+dex+claim only in COMMIT,NONE
EVENT_FOSSIL_RESTORE_NATIONAL_0410,RETRY,cancel/defeat/escape/reset recovery,clear pending; leave encounter/claim available,OFFER,OFFER,OFFER,OFFER,OFFER,OFFER,NONE,clear pending; restore unconsumed source item; no capture ledger write
EVENT_FOSSIL_RESTORE_NATIONAL_0410,FULL,party/PC/queue unavailable,show FULL; consume nothing; clear pending,OFFER,OFFER,OFFER,OFFER,OFFER,OFFER,NONE,clear pending; restore unconsumed source item; no capture ledger write
EVENT_FOSSIL_RESTORE_NATIONAL_0410,DONE,ledger or commit true,show SUCCESS or ALREADY; no duplicate,DONE,DONE,DONE,DONE,DONE,DONE,NONE,NONE
EVENT_FOSSIL_RESTORE_NATIONAL_0564,CHECK_UNLOCK,host interaction,test unlock expression,CHECK_LEDGER,LOCKED,LOCKED,LOCKED,LOCKED,LOCKED,NONE,NONE
EVENT_FOSSIL_RESTORE_NATIONAL_0564,CHECK_LEDGER,unlock true,test shared ledger/dex migration,OFFER,DONE,DONE,DONE,DONE,DONE,NONE,NONE
EVENT_FOSSIL_RESTORE_NATIONAL_0564,OFFER,not already complete,show INTRO; Yes/No,PREPARE,RETRY,RETRY,RETRY,RETRY,RETRY,NONE,NONE
EVENT_FOSSIL_RESTORE_NATIONAL_0564,PREPARE,Yes selected,write pending transaction only; reserve no item/flag,EXECUTE,RETRY,RETRY,RETRY,FULL,FULL,NONE,clear pending; restore unconsumed source item; no capture ledger write
EVENT_FOSSIL_RESTORE_NATIONAL_0564,EXECUTE,pending valid,run FOSSIL adapter,COMMIT,RETRY,RETRY,RETRY,FULL,FULL,NONE,clear pending; restore unconsumed source item; no capture ledger write
EVENT_FOSSIL_RESTORE_NATIONAL_0564,COMMIT,operation success,"write ledger, dex, claim count; persist atomically; clear pending",DONE,RETRY,RETRY,RETRY,RETRY,RETRY,ledger+dex+claim only in COMMIT,NONE
EVENT_FOSSIL_RESTORE_NATIONAL_0564,RETRY,cancel/defeat/escape/reset recovery,clear pending; leave encounter/claim available,OFFER,OFFER,OFFER,OFFER,OFFER,OFFER,NONE,clear pending; restore unconsumed source item; no capture ledger write
EVENT_FOSSIL_RESTORE_NATIONAL_0564,FULL,party/PC/queue unavailable,show FULL; consume nothing; clear pending,OFFER,OFFER,OFFER,OFFER,OFFER,OFFER,NONE,clear pending; restore unconsumed source item; no capture ledger write
EVENT_FOSSIL_RESTORE_NATIONAL_0564,DONE,ledger or commit true,show SUCCESS or ALREADY; no duplicate,DONE,DONE,DONE,DONE,DONE,DONE,NONE,NONE
EVENT_FOSSIL_RESTORE_NATIONAL_0566,CHECK_UNLOCK,host interaction,test unlock expression,CHECK_LEDGER,LOCKED,LOCKED,LOCKED,LOCKED,LOCKED,NONE,NONE
EVENT_FOSSIL_RESTORE_NATIONAL_0566,CHECK_LEDGER,unlock true,test shared ledger/dex migration,OFFER,DONE,DONE,DONE,DONE,DONE,NONE,NONE
EVENT_FOSSIL_RESTORE_NATIONAL_0566,OFFER,not already complete,show INTRO; Yes/No,PREPARE,RETRY,RETRY,RETRY,RETRY,RETRY,NONE,NONE
EVENT_FOSSIL_RESTORE_NATIONAL_0566,PREPARE,Yes selected,write pending transaction only; reserve no item/flag,EXECUTE,RETRY,RETRY,RETRY,FULL,FULL,NONE,clear pending; restore unconsumed source item; no capture ledger write
EVENT_FOSSIL_RESTORE_NATIONAL_0566,EXECUTE,pending valid,run FOSSIL adapter,COMMIT,RETRY,RETRY,RETRY,FULL,FULL,NONE,clear pending; restore unconsumed source item; no capture ledger write
EVENT_FOSSIL_RESTORE_NATIONAL_0566,COMMIT,operation success,"write ledger, dex, claim count; persist atomically; clear pending",DONE,RETRY,RETRY,RETRY,RETRY,RETRY,ledger+dex+claim only in COMMIT,NONE
EVENT_FOSSIL_RESTORE_NATIONAL_0566,RETRY,cancel/defeat/escape/reset recovery,clear pending; leave encounter/claim available,OFFER,OFFER,OFFER,OFFER,OFFER,OFFER,NONE,clear pending; restore unconsumed source item; no capture ledger write
EVENT_FOSSIL_RESTORE_NATIONAL_0566,FULL,party/PC/queue unavailable,show FULL; consume nothing; clear pending,OFFER,OFFER,OFFER,OFFER,OFFER,OFFER,NONE,clear pending; restore unconsumed source item; no capture ledger write
EVENT_FOSSIL_RESTORE_NATIONAL_0566,DONE,ledger or commit true,show SUCCESS or ALREADY; no duplicate,DONE,DONE,DONE,DONE,DONE,DONE,NONE,NONE
EVENT_FOSSIL_RESTORE_NATIONAL_0696,CHECK_UNLOCK,host interaction,test unlock expression,CHECK_LEDGER,LOCKED,LOCKED,LOCKED,LOCKED,LOCKED,NONE,NONE
EVENT_FOSSIL_RESTORE_NATIONAL_0696,CHECK_LEDGER,unlock true,test shared ledger/dex migration,OFFER,DONE,DONE,DONE,DONE,DONE,NONE,NONE
EVENT_FOSSIL_RESTORE_NATIONAL_0696,OFFER,not already complete,show INTRO; Yes/No,PREPARE,RETRY,RETRY,RETRY,RETRY,RETRY,NONE,NONE
EVENT_FOSSIL_RESTORE_NATIONAL_0696,PREPARE,Yes selected,write pending transaction only; reserve no item/flag,EXECUTE,RETRY,RETRY,RETRY,FULL,FULL,NONE,clear pending; restore unconsumed source item; no capture ledger write
EVENT_FOSSIL_RESTORE_NATIONAL_0696,EXECUTE,pending valid,run FOSSIL adapter,COMMIT,RETRY,RETRY,RETRY,FULL,FULL,NONE,clear pending; restore unconsumed source item; no capture ledger write
EVENT_FOSSIL_RESTORE_NATIONAL_0696,COMMIT,operation success,"write ledger, dex, claim count; persist atomically; clear pending",DONE,RETRY,RETRY,RETRY,RETRY,RETRY,ledger+dex+claim only in COMMIT,NONE
EVENT_FOSSIL_RESTORE_NATIONAL_0696,RETRY,cancel/defeat/escape/reset recovery,clear pending; leave encounter/claim available,OFFER,OFFER,OFFER,OFFER,OFFER,OFFER,NONE,clear pending; restore unconsumed source item; no capture ledger write
EVENT_FOSSIL_RESTORE_NATIONAL_0696,FULL,party/PC/queue unavailable,show FULL; consume nothing; clear pending,OFFER,OFFER,OFFER,OFFER,OFFER,OFFER,NONE,clear pending; restore unconsumed source item; no capture ledger write
EVENT_FOSSIL_RESTORE_NATIONAL_0696,DONE,ledger or commit true,show SUCCESS or ALREADY; no duplicate,DONE,DONE,DONE,DONE,DONE,DONE,NONE,NONE
EVENT_FOSSIL_RESTORE_NATIONAL_0698,CHECK_UNLOCK,host interaction,test unlock expression,CHECK_LEDGER,LOCKED,LOCKED,LOCKED,LOCKED,LOCKED,NONE,NONE
EVENT_FOSSIL_RESTORE_NATIONAL_0698,CHECK_LEDGER,unlock true,test shared ledger/dex migration,OFFER,DONE,DONE,DONE,DONE,DONE,NONE,NONE
EVENT_FOSSIL_RESTORE_NATIONAL_0698,OFFER,not already complete,show INTRO; Yes/No,PREPARE,RETRY,RETRY,RETRY,RETRY,RETRY,NONE,NONE
EVENT_FOSSIL_RESTORE_NATIONAL_0698,PREPARE,Yes selected,write pending transaction only; reserve no item/flag,EXECUTE,RETRY,RETRY,RETRY,FULL,FULL,NONE,clear pending; restore unconsumed source item; no capture ledger write
EVENT_FOSSIL_RESTORE_NATIONAL_0698,EXECUTE,pending valid,run FOSSIL adapter,COMMIT,RETRY,RETRY,RETRY,FULL,FULL,NONE,clear pending; restore unconsumed source item; no capture ledger write
EVENT_FOSSIL_RESTORE_NATIONAL_0698,COMMIT,operation success,"write ledger, dex, claim count; persist atomically; clear pending",DONE,RETRY,RETRY,RETRY,RETRY,RETRY,ledger+dex+claim only in COMMIT,NONE
EVENT_FOSSIL_RESTORE_NATIONAL_0698,RETRY,cancel/defeat/escape/reset recovery,clear pending; leave encounter/claim available,OFFER,OFFER,OFFER,OFFER,OFFER,OFFER,NONE,clear pending; restore unconsumed source item; no capture ledger write
EVENT_FOSSIL_RESTORE_NATIONAL_0698,FULL,party/PC/queue unavailable,show FULL; consume nothing; clear pending,OFFER,OFFER,OFFER,OFFER,OFFER,OFFER,NONE,clear pending; restore unconsumed source item; no capture ledger write
EVENT_FOSSIL_RESTORE_NATIONAL_0698,DONE,ledger or commit true,show SUCCESS or ALREADY; no duplicate,DONE,DONE,DONE,DONE,DONE,DONE,NONE,NONE
EVENT_FOSSIL_RESTORE_NATIONAL_0880,CHECK_UNLOCK,host interaction,test unlock expression,CHECK_LEDGER,LOCKED,LOCKED,LOCKED,LOCKED,LOCKED,NONE,NONE
EVENT_FOSSIL_RESTORE_NATIONAL_0880,CHECK_LEDGER,unlock true,test shared ledger/dex migration,OFFER,DONE,DONE,DONE,DONE,DONE,NONE,NONE
EVENT_FOSSIL_RESTORE_NATIONAL_0880,OFFER,not already complete,show INTRO; Yes/No,PREPARE,RETRY,RETRY,RETRY,RETRY,RETRY,NONE,NONE
EVENT_FOSSIL_RESTORE_NATIONAL_0880,PREPARE,Yes selected,write pending transaction only; reserve no item/flag,EXECUTE,RETRY,RETRY,RETRY,FULL,FULL,NONE,clear pending; restore unconsumed source item; no capture ledger write
EVENT_FOSSIL_RESTORE_NATIONAL_0880,EXECUTE,pending valid,run FOSSIL adapter,COMMIT,RETRY,RETRY,RETRY,FULL,FULL,NONE,clear pending; restore unconsumed source item; no capture ledger write
EVENT_FOSSIL_RESTORE_NATIONAL_0880,COMMIT,operation success,"write ledger, dex, claim count; persist atomically; clear pending",DONE,RETRY,RETRY,RETRY,RETRY,RETRY,ledger+dex+claim only in COMMIT,NONE
EVENT_FOSSIL_RESTORE_NATIONAL_0880,RETRY,cancel/defeat/escape/reset recovery,clear pending; leave encounter/claim available,OFFER,OFFER,OFFER,OFFER,OFFER,OFFER,NONE,clear pending; restore unconsumed source item; no capture ledger write
EVENT_FOSSIL_RESTORE_NATIONAL_0880,FULL,party/PC/queue unavailable,show FULL; consume nothing; clear pending,OFFER,OFFER,OFFER,OFFER,OFFER,OFFER,NONE,clear pending; restore unconsumed source item; no capture ledger write
EVENT_FOSSIL_RESTORE_NATIONAL_0880,DONE,ledger or commit true,show SUCCESS or ALREADY; no duplicate,DONE,DONE,DONE,DONE,DONE,DONE,NONE,NONE
EVENT_FOSSIL_RESTORE_NATIONAL_0881,CHECK_UNLOCK,host interaction,test unlock expression,CHECK_LEDGER,LOCKED,LOCKED,LOCKED,LOCKED,LOCKED,NONE,NONE
EVENT_FOSSIL_RESTORE_NATIONAL_0881,CHECK_LEDGER,unlock true,test shared ledger/dex migration,OFFER,DONE,DONE,DONE,DONE,DONE,NONE,NONE
EVENT_FOSSIL_RESTORE_NATIONAL_0881,OFFER,not already complete,show INTRO; Yes/No,PREPARE,RETRY,RETRY,RETRY,RETRY,RETRY,NONE,NONE
EVENT_FOSSIL_RESTORE_NATIONAL_0881,PREPARE,Yes selected,write pending transaction only; reserve no item/flag,EXECUTE,RETRY,RETRY,RETRY,FULL,FULL,NONE,clear pending; restore unconsumed source item; no capture ledger write
EVENT_FOSSIL_RESTORE_NATIONAL_0881,EXECUTE,pending valid,run FOSSIL adapter,COMMIT,RETRY,RETRY,RETRY,FULL,FULL,NONE,clear pending; restore unconsumed source item; no capture ledger write
EVENT_FOSSIL_RESTORE_NATIONAL_0881,COMMIT,operation success,"write ledger, dex, claim count; persist atomically; clear pending",DONE,RETRY,RETRY,RETRY,RETRY,RETRY,ledger+dex+claim only in COMMIT,NONE
EVENT_FOSSIL_RESTORE_NATIONAL_0881,RETRY,cancel/defeat/escape/reset recovery,clear pending; leave encounter/claim available,OFFER,OFFER,OFFER,OFFER,OFFER,OFFER,NONE,clear pending; restore unconsumed source item; no capture ledger write
EVENT_FOSSIL_RESTORE_NATIONAL_0881,FULL,party/PC/queue unavailable,show FULL; consume nothing; clear pending,OFFER,OFFER,OFFER,OFFER,OFFER,OFFER,NONE,clear pending; restore unconsumed source item; no capture ledger write
EVENT_FOSSIL_RESTORE_NATIONAL_0881,DONE,ledger or commit true,show SUCCESS or ALREADY; no duplicate,DONE,DONE,DONE,DONE,DONE,DONE,NONE,NONE
EVENT_FOSSIL_RESTORE_NATIONAL_0882,CHECK_UNLOCK,host interaction,test unlock expression,CHECK_LEDGER,LOCKED,LOCKED,LOCKED,LOCKED,LOCKED,NONE,NONE
EVENT_FOSSIL_RESTORE_NATIONAL_0882,CHECK_LEDGER,unlock true,test shared ledger/dex migration,OFFER,DONE,DONE,DONE,DONE,DONE,NONE,NONE
EVENT_FOSSIL_RESTORE_NATIONAL_0882,OFFER,not already complete,show INTRO; Yes/No,PREPARE,RETRY,RETRY,RETRY,RETRY,RETRY,NONE,NONE
EVENT_FOSSIL_RESTORE_NATIONAL_0882,PREPARE,Yes selected,write pending transaction only; reserve no item/flag,EXECUTE,RETRY,RETRY,RETRY,FULL,FULL,NONE,clear pending; restore unconsumed source item; no capture ledger write
EVENT_FOSSIL_RESTORE_NATIONAL_0882,EXECUTE,pending valid,run FOSSIL adapter,COMMIT,RETRY,RETRY,RETRY,FULL,FULL,NONE,clear pending; restore unconsumed source item; no capture ledger write
EVENT_FOSSIL_RESTORE_NATIONAL_0882,COMMIT,operation success,"write ledger, dex, claim count; persist atomically; clear pending",DONE,RETRY,RETRY,RETRY,RETRY,RETRY,ledger+dex+claim only in COMMIT,NONE
EVENT_FOSSIL_RESTORE_NATIONAL_0882,RETRY,cancel/defeat/escape/reset recovery,clear pending; leave encounter/claim available,OFFER,OFFER,OFFER,OFFER,OFFER,OFFER,NONE,clear pending; restore unconsumed source item; no capture ledger write
EVENT_FOSSIL_RESTORE_NATIONAL_0882,FULL,party/PC/queue unavailable,show FULL; consume nothing; clear pending,OFFER,OFFER,OFFER,OFFER,OFFER,OFFER,NONE,clear pending; restore unconsumed source item; no capture ledger write
EVENT_FOSSIL_RESTORE_NATIONAL_0882,DONE,ledger or commit true,show SUCCESS or ALREADY; no duplicate,DONE,DONE,DONE,DONE,DONE,DONE,NONE,NONE
EVENT_FOSSIL_RESTORE_NATIONAL_0883,CHECK_UNLOCK,host interaction,test unlock expression,CHECK_LEDGER,LOCKED,LOCKED,LOCKED,LOCKED,LOCKED,NONE,NONE
EVENT_FOSSIL_RESTORE_NATIONAL_0883,CHECK_LEDGER,unlock true,test shared ledger/dex migration,OFFER,DONE,DONE,DONE,DONE,DONE,NONE,NONE
EVENT_FOSSIL_RESTORE_NATIONAL_0883,OFFER,not already complete,show INTRO; Yes/No,PREPARE,RETRY,RETRY,RETRY,RETRY,RETRY,NONE,NONE
EVENT_FOSSIL_RESTORE_NATIONAL_0883,PREPARE,Yes selected,write pending transaction only; reserve no item/flag,EXECUTE,RETRY,RETRY,RETRY,FULL,FULL,NONE,clear pending; restore unconsumed source item; no capture ledger write
EVENT_FOSSIL_RESTORE_NATIONAL_0883,EXECUTE,pending valid,run FOSSIL adapter,COMMIT,RETRY,RETRY,RETRY,FULL,FULL,NONE,clear pending; restore unconsumed source item; no capture ledger write
EVENT_FOSSIL_RESTORE_NATIONAL_0883,COMMIT,operation success,"write ledger, dex, claim count; persist atomically; clear pending",DONE,RETRY,RETRY,RETRY,RETRY,RETRY,ledger+dex+claim only in COMMIT,NONE
EVENT_FOSSIL_RESTORE_NATIONAL_0883,RETRY,cancel/defeat/escape/reset recovery,clear pending; leave encounter/claim available,OFFER,OFFER,OFFER,OFFER,OFFER,OFFER,NONE,clear pending; restore unconsumed source item; no capture ledger write
EVENT_FOSSIL_RESTORE_NATIONAL_0883,FULL,party/PC/queue unavailable,show FULL; consume nothing; clear pending,OFFER,OFFER,OFFER,OFFER,OFFER,OFFER,NONE,clear pending; restore unconsumed source item; no capture ledger write
EVENT_FOSSIL_RESTORE_NATIONAL_0883,DONE,ledger or commit true,show SUCCESS or ALREADY; no duplicate,DONE,DONE,DONE,DONE,DONE,DONE,NONE,NONE
EVENT_FOSSIL_RESTORE_VEGA_0121,CHECK_UNLOCK,host interaction,test unlock expression,CHECK_LEDGER,LOCKED,LOCKED,LOCKED,LOCKED,LOCKED,NONE,NONE
EVENT_FOSSIL_RESTORE_VEGA_0121,CHECK_LEDGER,unlock true,test shared ledger/dex migration,OFFER,DONE,DONE,DONE,DONE,DONE,NONE,NONE
EVENT_FOSSIL_RESTORE_VEGA_0121,OFFER,not already complete,show INTRO; Yes/No,PREPARE,RETRY,RETRY,RETRY,RETRY,RETRY,NONE,NONE
EVENT_FOSSIL_RESTORE_VEGA_0121,PREPARE,Yes selected,write pending transaction only; reserve no item/flag,EXECUTE,RETRY,RETRY,RETRY,FULL,FULL,NONE,clear pending; restore unconsumed source item; no capture ledger write
EVENT_FOSSIL_RESTORE_VEGA_0121,EXECUTE,pending valid,run FOSSIL adapter,COMMIT,RETRY,RETRY,RETRY,FULL,FULL,NONE,clear pending; restore unconsumed source item; no capture ledger write
EVENT_FOSSIL_RESTORE_VEGA_0121,COMMIT,operation success,"write ledger, dex, claim count; persist atomically; clear pending",DONE,RETRY,RETRY,RETRY,RETRY,RETRY,ledger+dex+claim only in COMMIT,NONE
EVENT_FOSSIL_RESTORE_VEGA_0121,RETRY,cancel/defeat/escape/reset recovery,clear pending; leave encounter/claim available,OFFER,OFFER,OFFER,OFFER,OFFER,OFFER,NONE,clear pending; restore unconsumed source item; no capture ledger write
EVENT_FOSSIL_RESTORE_VEGA_0121,FULL,party/PC/queue unavailable,show FULL; consume nothing; clear pending,OFFER,OFFER,OFFER,OFFER,OFFER,OFFER,NONE,clear pending; restore unconsumed source item; no capture ledger write
EVENT_FOSSIL_RESTORE_VEGA_0121,DONE,ledger or commit true,show SUCCESS or ALREADY; no duplicate,DONE,DONE,DONE,DONE,DONE,DONE,NONE,NONE
EVENT_FOSSIL_RESTORE_VEGA_0388,CHECK_UNLOCK,host interaction,test unlock expression,CHECK_LEDGER,LOCKED,LOCKED,LOCKED,LOCKED,LOCKED,NONE,NONE
EVENT_FOSSIL_RESTORE_VEGA_0388,CHECK_LEDGER,unlock true,test shared ledger/dex migration,OFFER,DONE,DONE,DONE,DONE,DONE,NONE,NONE
EVENT_FOSSIL_RESTORE_VEGA_0388,OFFER,not already complete,show INTRO; Yes/No,PREPARE,RETRY,RETRY,RETRY,RETRY,RETRY,NONE,NONE
EVENT_FOSSIL_RESTORE_VEGA_0388,PREPARE,Yes selected,write pending transaction only; reserve no item/flag,EXECUTE,RETRY,RETRY,RETRY,FULL,FULL,NONE,clear pending; restore unconsumed source item; no capture ledger write
EVENT_FOSSIL_RESTORE_VEGA_0388,EXECUTE,pending valid,run FOSSIL adapter,COMMIT,RETRY,RETRY,RETRY,FULL,FULL,NONE,clear pending; restore unconsumed source item; no capture ledger write
EVENT_FOSSIL_RESTORE_VEGA_0388,COMMIT,operation success,"write ledger, dex, claim count; persist atomically; clear pending",DONE,RETRY,RETRY,RETRY,RETRY,RETRY,ledger+dex+claim only in COMMIT,NONE
EVENT_FOSSIL_RESTORE_VEGA_0388,RETRY,cancel/defeat/escape/reset recovery,clear pending; leave encounter/claim available,OFFER,OFFER,OFFER,OFFER,OFFER,OFFER,NONE,clear pending; restore unconsumed source item; no capture ledger write
EVENT_FOSSIL_RESTORE_VEGA_0388,FULL,party/PC/queue unavailable,show FULL; consume nothing; clear pending,OFFER,OFFER,OFFER,OFFER,OFFER,OFFER,NONE,clear pending; restore unconsumed source item; no capture ledger write
EVENT_FOSSIL_RESTORE_VEGA_0388,DONE,ledger or commit true,show SUCCESS or ALREADY; no duplicate,DONE,DONE,DONE,DONE,DONE,DONE,NONE,NONE
EVENT_FOSSIL_RESTORE_VEGA_0390,CHECK_UNLOCK,host interaction,test unlock expression,CHECK_LEDGER,LOCKED,LOCKED,LOCKED,LOCKED,LOCKED,NONE,NONE
EVENT_FOSSIL_RESTORE_VEGA_0390,CHECK_LEDGER,unlock true,test shared ledger/dex migration,OFFER,DONE,DONE,DONE,DONE,DONE,NONE,NONE
EVENT_FOSSIL_RESTORE_VEGA_0390,OFFER,not already complete,show INTRO; Yes/No,PREPARE,RETRY,RETRY,RETRY,RETRY,RETRY,NONE,NONE
EVENT_FOSSIL_RESTORE_VEGA_0390,PREPARE,Yes selected,write pending transaction only; reserve no item/flag,EXECUTE,RETRY,RETRY,RETRY,FULL,FULL,NONE,clear pending; restore unconsumed source item; no capture ledger write
EVENT_FOSSIL_RESTORE_VEGA_0390,EXECUTE,pending valid,run FOSSIL adapter,COMMIT,RETRY,RETRY,RETRY,FULL,FULL,NONE,clear pending; restore unconsumed source item; no capture ledger write
EVENT_FOSSIL_RESTORE_VEGA_0390,COMMIT,operation success,"write ledger, dex, claim count; persist atomically; clear pending",DONE,RETRY,RETRY,RETRY,RETRY,RETRY,ledger+dex+claim only in COMMIT,NONE
EVENT_FOSSIL_RESTORE_VEGA_0390,RETRY,cancel/defeat/escape/reset recovery,clear pending; leave encounter/claim available,OFFER,OFFER,OFFER,OFFER,OFFER,OFFER,NONE,clear pending; restore unconsumed source item; no capture ledger write
EVENT_FOSSIL_RESTORE_VEGA_0390,FULL,party/PC/queue unavailable,show FULL; consume nothing; clear pending,OFFER,OFFER,OFFER,OFFER,OFFER,OFFER,NONE,clear pending; restore unconsumed source item; no capture ledger write
EVENT_FOSSIL_RESTORE_VEGA_0390,DONE,ledger or commit true,show SUCCESS or ALREADY; no duplicate,DONE,DONE,DONE,DONE,DONE,DONE,NONE,NONE
EVENT_VEGA_ARCHIVE_0122,CHECK_UNLOCK,host interaction,test unlock expression,CHECK_LEDGER,LOCKED,LOCKED,LOCKED,LOCKED,LOCKED,NONE,NONE
EVENT_VEGA_ARCHIVE_0122,CHECK_LEDGER,unlock true,test shared ledger/dex migration,OFFER,DONE,DONE,DONE,DONE,DONE,NONE,NONE
EVENT_VEGA_ARCHIVE_0122,OFFER,not already complete,show INTRO; Yes/No,PREPARE,RETRY,RETRY,RETRY,RETRY,RETRY,NONE,NONE
EVENT_VEGA_ARCHIVE_0122,PREPARE,Yes selected,write pending transaction only; reserve no item/flag,EXECUTE,RETRY,RETRY,RETRY,FULL,FULL,NONE,clear pending; restore unconsumed source item; no capture ledger write
EVENT_VEGA_ARCHIVE_0122,EXECUTE,pending valid,run EVOLUTION_SUPPORT adapter,COMMIT,RETRY,RETRY,RETRY,FULL,FULL,NONE,clear pending; restore unconsumed source item; no capture ledger write
EVENT_VEGA_ARCHIVE_0122,COMMIT,operation success,"write ledger, dex, claim count; persist atomically; clear pending",DONE,RETRY,RETRY,RETRY,RETRY,RETRY,ledger+dex+claim only in COMMIT,NONE
EVENT_VEGA_ARCHIVE_0122,RETRY,cancel/defeat/escape/reset recovery,clear pending; leave encounter/claim available,OFFER,OFFER,OFFER,OFFER,OFFER,OFFER,NONE,clear pending; restore unconsumed source item; no capture ledger write
EVENT_VEGA_ARCHIVE_0122,FULL,party/PC/queue unavailable,show FULL; consume nothing; clear pending,OFFER,OFFER,OFFER,OFFER,OFFER,OFFER,NONE,clear pending; restore unconsumed source item; no capture ledger write
EVENT_VEGA_ARCHIVE_0122,DONE,ledger or commit true,show SUCCESS or ALREADY; no duplicate,DONE,DONE,DONE,DONE,DONE,DONE,NONE,NONE
EVENT_VEGA_ARCHIVE_0142,CHECK_UNLOCK,host interaction,test unlock expression,CHECK_LEDGER,LOCKED,LOCKED,LOCKED,LOCKED,LOCKED,NONE,NONE
EVENT_VEGA_ARCHIVE_0142,CHECK_LEDGER,unlock true,test shared ledger/dex migration,OFFER,DONE,DONE,DONE,DONE,DONE,NONE,NONE
EVENT_VEGA_ARCHIVE_0142,OFFER,not already complete,show INTRO; Yes/No,PREPARE,RETRY,RETRY,RETRY,RETRY,RETRY,NONE,NONE
EVENT_VEGA_ARCHIVE_0142,PREPARE,Yes selected,write pending transaction only; reserve no item/flag,EXECUTE,RETRY,RETRY,RETRY,FULL,FULL,NONE,clear pending; restore unconsumed source item; no capture ledger write
EVENT_VEGA_ARCHIVE_0142,EXECUTE,pending valid,run CAPTURE adapter,COMMIT,RETRY,RETRY,RETRY,FULL,FULL,NONE,clear pending; restore unconsumed source item; no capture ledger write
EVENT_VEGA_ARCHIVE_0142,COMMIT,operation success,"write ledger, dex, claim count; persist atomically; clear pending",DONE,RETRY,RETRY,RETRY,RETRY,RETRY,ledger+dex+claim only in COMMIT,NONE
EVENT_VEGA_ARCHIVE_0142,RETRY,cancel/defeat/escape/reset recovery,clear pending; leave encounter/claim available,OFFER,OFFER,OFFER,OFFER,OFFER,OFFER,NONE,clear pending; restore unconsumed source item; no capture ledger write
EVENT_VEGA_ARCHIVE_0142,FULL,party/PC/queue unavailable,show FULL; consume nothing; clear pending,OFFER,OFFER,OFFER,OFFER,OFFER,OFFER,NONE,clear pending; restore unconsumed source item; no capture ledger write
EVENT_VEGA_ARCHIVE_0142,DONE,ledger or commit true,show SUCCESS or ALREADY; no duplicate,DONE,DONE,DONE,DONE,DONE,DONE,NONE,NONE
EVENT_VEGA_ARCHIVE_0143,CHECK_UNLOCK,host interaction,test unlock expression,CHECK_LEDGER,LOCKED,LOCKED,LOCKED,LOCKED,LOCKED,NONE,NONE
EVENT_VEGA_ARCHIVE_0143,CHECK_LEDGER,unlock true,test shared ledger/dex migration,OFFER,DONE,DONE,DONE,DONE,DONE,NONE,NONE
EVENT_VEGA_ARCHIVE_0143,OFFER,not already complete,show INTRO; Yes/No,PREPARE,RETRY,RETRY,RETRY,RETRY,RETRY,NONE,NONE
EVENT_VEGA_ARCHIVE_0143,PREPARE,Yes selected,write pending transaction only; reserve no item/flag,EXECUTE,RETRY,RETRY,RETRY,FULL,FULL,NONE,clear pending; restore unconsumed source item; no capture ledger write
EVENT_VEGA_ARCHIVE_0143,EXECUTE,pending valid,run CAPTURE adapter,COMMIT,RETRY,RETRY,RETRY,FULL,FULL,NONE,clear pending; restore unconsumed source item; no capture ledger write
EVENT_VEGA_ARCHIVE_0143,COMMIT,operation success,"write ledger, dex, claim count; persist atomically; clear pending",DONE,RETRY,RETRY,RETRY,RETRY,RETRY,ledger+dex+claim only in COMMIT,NONE
EVENT_VEGA_ARCHIVE_0143,RETRY,cancel/defeat/escape/reset recovery,clear pending; leave encounter/claim available,OFFER,OFFER,OFFER,OFFER,OFFER,OFFER,NONE,clear pending; restore unconsumed source item; no capture ledger write
EVENT_VEGA_ARCHIVE_0143,FULL,party/PC/queue unavailable,show FULL; consume nothing; clear pending,OFFER,OFFER,OFFER,OFFER,OFFER,OFFER,NONE,clear pending; restore unconsumed source item; no capture ledger write
EVENT_VEGA_ARCHIVE_0143,DONE,ledger or commit true,show SUCCESS or ALREADY; no duplicate,DONE,DONE,DONE,DONE,DONE,DONE,NONE,NONE
EVENT_VEGA_ARCHIVE_0144,CHECK_UNLOCK,host interaction,test unlock expression,CHECK_LEDGER,LOCKED,LOCKED,LOCKED,LOCKED,LOCKED,NONE,NONE
EVENT_VEGA_ARCHIVE_0144,CHECK_LEDGER,unlock true,test shared ledger/dex migration,OFFER,DONE,DONE,DONE,DONE,DONE,NONE,NONE
EVENT_VEGA_ARCHIVE_0144,OFFER,not already complete,show INTRO; Yes/No,PREPARE,RETRY,RETRY,RETRY,RETRY,RETRY,NONE,NONE
EVENT_VEGA_ARCHIVE_0144,PREPARE,Yes selected,write pending transaction only; reserve no item/flag,EXECUTE,RETRY,RETRY,RETRY,FULL,FULL,NONE,clear pending; restore unconsumed source item; no capture ledger write
EVENT_VEGA_ARCHIVE_0144,EXECUTE,pending valid,run CAPTURE adapter,COMMIT,RETRY,RETRY,RETRY,FULL,FULL,NONE,clear pending; restore unconsumed source item; no capture ledger write
EVENT_VEGA_ARCHIVE_0144,COMMIT,operation success,"write ledger, dex, claim count; persist atomically; clear pending",DONE,RETRY,RETRY,RETRY,RETRY,RETRY,ledger+dex+claim only in COMMIT,NONE
EVENT_VEGA_ARCHIVE_0144,RETRY,cancel/defeat/escape/reset recovery,clear pending; leave encounter/claim available,OFFER,OFFER,OFFER,OFFER,OFFER,OFFER,NONE,clear pending; restore unconsumed source item; no capture ledger write
EVENT_VEGA_ARCHIVE_0144,FULL,party/PC/queue unavailable,show FULL; consume nothing; clear pending,OFFER,OFFER,OFFER,OFFER,OFFER,OFFER,NONE,clear pending; restore unconsumed source item; no capture ledger write
EVENT_VEGA_ARCHIVE_0144,DONE,ledger or commit true,show SUCCESS or ALREADY; no duplicate,DONE,DONE,DONE,DONE,DONE,DONE,NONE,NONE
EVENT_VEGA_ARCHIVE_0389,CHECK_UNLOCK,host interaction,test unlock expression,CHECK_LEDGER,LOCKED,LOCKED,LOCKED,LOCKED,LOCKED,NONE,NONE
EVENT_VEGA_ARCHIVE_0389,CHECK_LEDGER,unlock true,test shared ledger/dex migration,OFFER,DONE,DONE,DONE,DONE,DONE,NONE,NONE
EVENT_VEGA_ARCHIVE_0389,OFFER,not already complete,show INTRO; Yes/No,PREPARE,RETRY,RETRY,RETRY,RETRY,RETRY,NONE,NONE
EVENT_VEGA_ARCHIVE_0389,PREPARE,Yes selected,write pending transaction only; reserve no item/flag,EXECUTE,RETRY,RETRY,RETRY,FULL,FULL,NONE,clear pending; restore unconsumed source item; no capture ledger write
EVENT_VEGA_ARCHIVE_0389,EXECUTE,pending valid,run EVOLUTION_SUPPORT adapter,COMMIT,RETRY,RETRY,RETRY,FULL,FULL,NONE,clear pending; restore unconsumed source item; no capture ledger write
EVENT_VEGA_ARCHIVE_0389,COMMIT,operation success,"write ledger, dex, claim count; persist atomically; clear pending",DONE,RETRY,RETRY,RETRY,RETRY,RETRY,ledger+dex+claim only in COMMIT,NONE
EVENT_VEGA_ARCHIVE_0389,RETRY,cancel/defeat/escape/reset recovery,clear pending; leave encounter/claim available,OFFER,OFFER,OFFER,OFFER,OFFER,OFFER,NONE,clear pending; restore unconsumed source item; no capture ledger write
EVENT_VEGA_ARCHIVE_0389,FULL,party/PC/queue unavailable,show FULL; consume nothing; clear pending,OFFER,OFFER,OFFER,OFFER,OFFER,OFFER,NONE,clear pending; restore unconsumed source item; no capture ledger write
EVENT_VEGA_ARCHIVE_0389,DONE,ledger or commit true,show SUCCESS or ALREADY; no duplicate,DONE,DONE,DONE,DONE,DONE,DONE,NONE,NONE
EVENT_VEGA_ARCHIVE_0400,CHECK_UNLOCK,host interaction,test unlock expression,CHECK_LEDGER,LOCKED,LOCKED,LOCKED,LOCKED,LOCKED,NONE,NONE
EVENT_VEGA_ARCHIVE_0400,CHECK_LEDGER,unlock true,test shared ledger/dex migration,OFFER,DONE,DONE,DONE,DONE,DONE,NONE,NONE
EVENT_VEGA_ARCHIVE_0400,OFFER,not already complete,show INTRO; Yes/No,PREPARE,RETRY,RETRY,RETRY,RETRY,RETRY,NONE,NONE
EVENT_VEGA_ARCHIVE_0400,PREPARE,Yes selected,write pending transaction only; reserve no item/flag,EXECUTE,RETRY,RETRY,RETRY,FULL,FULL,NONE,clear pending; restore unconsumed source item; no capture ledger write
EVENT_VEGA_ARCHIVE_0400,EXECUTE,pending valid,run CAPTURE adapter,COMMIT,RETRY,RETRY,RETRY,FULL,FULL,NONE,clear pending; restore unconsumed source item; no capture ledger write
EVENT_VEGA_ARCHIVE_0400,COMMIT,operation success,"write ledger, dex, claim count; persist atomically; clear pending",DONE,RETRY,RETRY,RETRY,RETRY,RETRY,ledger+dex+claim only in COMMIT,NONE
EVENT_VEGA_ARCHIVE_0400,RETRY,cancel/defeat/escape/reset recovery,clear pending; leave encounter/claim available,OFFER,OFFER,OFFER,OFFER,OFFER,OFFER,NONE,clear pending; restore unconsumed source item; no capture ledger write
EVENT_VEGA_ARCHIVE_0400,FULL,party/PC/queue unavailable,show FULL; consume nothing; clear pending,OFFER,OFFER,OFFER,OFFER,OFFER,OFFER,NONE,clear pending; restore unconsumed source item; no capture ledger write
EVENT_VEGA_ARCHIVE_0400,DONE,ledger or commit true,show SUCCESS or ALREADY; no duplicate,DONE,DONE,DONE,DONE,DONE,DONE,NONE,NONE
EVENT_VEGA_ARCHIVE_0401,CHECK_UNLOCK,host interaction,test unlock expression,CHECK_LEDGER,LOCKED,LOCKED,LOCKED,LOCKED,LOCKED,NONE,NONE
EVENT_VEGA_ARCHIVE_0401,CHECK_LEDGER,unlock true,test shared ledger/dex migration,OFFER,DONE,DONE,DONE,DONE,DONE,NONE,NONE
EVENT_VEGA_ARCHIVE_0401,OFFER,not already complete,show INTRO; Yes/No,PREPARE,RETRY,RETRY,RETRY,RETRY,RETRY,NONE,NONE
EVENT_VEGA_ARCHIVE_0401,PREPARE,Yes selected,write pending transaction only; reserve no item/flag,EXECUTE,RETRY,RETRY,RETRY,FULL,FULL,NONE,clear pending; restore unconsumed source item; no capture ledger write
EVENT_VEGA_ARCHIVE_0401,EXECUTE,pending valid,run CAPTURE adapter,COMMIT,RETRY,RETRY,RETRY,FULL,FULL,NONE,clear pending; restore unconsumed source item; no capture ledger write
EVENT_VEGA_ARCHIVE_0401,COMMIT,operation success,"write ledger, dex, claim count; persist atomically; clear pending",DONE,RETRY,RETRY,RETRY,RETRY,RETRY,ledger+dex+claim only in COMMIT,NONE
EVENT_VEGA_ARCHIVE_0401,RETRY,cancel/defeat/escape/reset recovery,clear pending; leave encounter/claim available,OFFER,OFFER,OFFER,OFFER,OFFER,OFFER,NONE,clear pending; restore unconsumed source item; no capture ledger write
EVENT_VEGA_ARCHIVE_0401,FULL,party/PC/queue unavailable,show FULL; consume nothing; clear pending,OFFER,OFFER,OFFER,OFFER,OFFER,OFFER,NONE,clear pending; restore unconsumed source item; no capture ledger write
EVENT_VEGA_ARCHIVE_0401,DONE,ledger or commit true,show SUCCESS or ALREADY; no duplicate,DONE,DONE,DONE,DONE,DONE,DONE,NONE,NONE
EVENT_VEGA_ARCHIVE_0402,CHECK_UNLOCK,host interaction,test unlock expression,CHECK_LEDGER,LOCKED,LOCKED,LOCKED,LOCKED,LOCKED,NONE,NONE
EVENT_VEGA_ARCHIVE_0402,CHECK_LEDGER,unlock true,test shared ledger/dex migration,OFFER,DONE,DONE,DONE,DONE,DONE,NONE,NONE
EVENT_VEGA_ARCHIVE_0402,OFFER,not already complete,show INTRO; Yes/No,PREPARE,RETRY,RETRY,RETRY,RETRY,RETRY,NONE,NONE
EVENT_VEGA_ARCHIVE_0402,PREPARE,Yes selected,write pending transaction only; reserve no item/flag,EXECUTE,RETRY,RETRY,RETRY,FULL,FULL,NONE,clear pending; restore unconsumed source item; no capture ledger write
EVENT_VEGA_ARCHIVE_0402,EXECUTE,pending valid,run GIFT adapter,COMMIT,RETRY,RETRY,RETRY,FULL,FULL,NONE,clear pending; restore unconsumed source item; no capture ledger write
EVENT_VEGA_ARCHIVE_0402,COMMIT,operation success,"write ledger, dex, claim count; persist atomically; clear pending",DONE,RETRY,RETRY,RETRY,RETRY,RETRY,ledger+dex+claim only in COMMIT,NONE
EVENT_VEGA_ARCHIVE_0402,RETRY,cancel/defeat/escape/reset recovery,clear pending; leave encounter/claim available,OFFER,OFFER,OFFER,OFFER,OFFER,OFFER,NONE,clear pending; restore unconsumed source item; no capture ledger write
EVENT_VEGA_ARCHIVE_0402,FULL,party/PC/queue unavailable,show FULL; consume nothing; clear pending,OFFER,OFFER,OFFER,OFFER,OFFER,OFFER,NONE,clear pending; restore unconsumed source item; no capture ledger write
EVENT_VEGA_ARCHIVE_0402,DONE,ledger or commit true,show SUCCESS or ALREADY; no duplicate,DONE,DONE,DONE,DONE,DONE,DONE,NONE,NONE
EVENT_VEGA_ARCHIVE_0406,CHECK_UNLOCK,host interaction,test unlock expression,CHECK_LEDGER,LOCKED,LOCKED,LOCKED,LOCKED,LOCKED,NONE,NONE
EVENT_VEGA_ARCHIVE_0406,CHECK_LEDGER,unlock true,test shared ledger/dex migration,OFFER,DONE,DONE,DONE,DONE,DONE,NONE,NONE
EVENT_VEGA_ARCHIVE_0406,OFFER,not already complete,show INTRO; Yes/No,PREPARE,RETRY,RETRY,RETRY,RETRY,RETRY,NONE,NONE
EVENT_VEGA_ARCHIVE_0406,PREPARE,Yes selected,write pending transaction only; reserve no item/flag,EXECUTE,RETRY,RETRY,RETRY,FULL,FULL,NONE,clear pending; restore unconsumed source item; no capture ledger write
EVENT_VEGA_ARCHIVE_0406,EXECUTE,pending valid,run GIFT adapter,COMMIT,RETRY,RETRY,RETRY,FULL,FULL,NONE,clear pending; restore unconsumed source item; no capture ledger write
EVENT_VEGA_ARCHIVE_0406,COMMIT,operation success,"write ledger, dex, claim count; persist atomically; clear pending",DONE,RETRY,RETRY,RETRY,RETRY,RETRY,ledger+dex+claim only in COMMIT,NONE
EVENT_VEGA_ARCHIVE_0406,RETRY,cancel/defeat/escape/reset recovery,clear pending; leave encounter/claim available,OFFER,OFFER,OFFER,OFFER,OFFER,OFFER,NONE,clear pending; restore unconsumed source item; no capture ledger write
EVENT_VEGA_ARCHIVE_0406,FULL,party/PC/queue unavailable,show FULL; consume nothing; clear pending,OFFER,OFFER,OFFER,OFFER,OFFER,OFFER,NONE,clear pending; restore unconsumed source item; no capture ledger write
EVENT_VEGA_ARCHIVE_0406,DONE,ledger or commit true,show SUCCESS or ALREADY; no duplicate,DONE,DONE,DONE,DONE,DONE,DONE,NONE,NONE
EVENT_VEGA_ARCHIVE_0409,CHECK_UNLOCK,host interaction,test unlock expression,CHECK_LEDGER,LOCKED,LOCKED,LOCKED,LOCKED,LOCKED,NONE,NONE
EVENT_VEGA_ARCHIVE_0409,CHECK_LEDGER,unlock true,test shared ledger/dex migration,OFFER,DONE,DONE,DONE,DONE,DONE,NONE,NONE
EVENT_VEGA_ARCHIVE_0409,OFFER,not already complete,show INTRO; Yes/No,PREPARE,RETRY,RETRY,RETRY,RETRY,RETRY,NONE,NONE
EVENT_VEGA_ARCHIVE_0409,PREPARE,Yes selected,write pending transaction only; reserve no item/flag,EXECUTE,RETRY,RETRY,RETRY,FULL,FULL,NONE,clear pending; restore unconsumed source item; no capture ledger write
EVENT_VEGA_ARCHIVE_0409,EXECUTE,pending valid,run EVOLUTION_SUPPORT adapter,COMMIT,RETRY,RETRY,RETRY,FULL,FULL,NONE,clear pending; restore unconsumed source item; no capture ledger write
EVENT_VEGA_ARCHIVE_0409,COMMIT,operation success,"write ledger, dex, claim count; persist atomically; clear pending",DONE,RETRY,RETRY,RETRY,RETRY,RETRY,ledger+dex+claim only in COMMIT,NONE
EVENT_VEGA_ARCHIVE_0409,RETRY,cancel/defeat/escape/reset recovery,clear pending; leave encounter/claim available,OFFER,OFFER,OFFER,OFFER,OFFER,OFFER,NONE,clear pending; restore unconsumed source item; no capture ledger write
EVENT_VEGA_ARCHIVE_0409,FULL,party/PC/queue unavailable,show FULL; consume nothing; clear pending,OFFER,OFFER,OFFER,OFFER,OFFER,OFFER,NONE,clear pending; restore unconsumed source item; no capture ledger write
EVENT_VEGA_ARCHIVE_0409,DONE,ledger or commit true,show SUCCESS or ALREADY; no duplicate,DONE,DONE,DONE,DONE,DONE,DONE,NONE,NONE
EVENT_VEGA_ARCHIVE_0410,CHECK_UNLOCK,host interaction,test unlock expression,CHECK_LEDGER,LOCKED,LOCKED,LOCKED,LOCKED,LOCKED,NONE,NONE
EVENT_VEGA_ARCHIVE_0410,CHECK_LEDGER,unlock true,test shared ledger/dex migration,OFFER,DONE,DONE,DONE,DONE,DONE,NONE,NONE
EVENT_VEGA_ARCHIVE_0410,OFFER,not already complete,show INTRO; Yes/No,PREPARE,RETRY,RETRY,RETRY,RETRY,RETRY,NONE,NONE
EVENT_VEGA_ARCHIVE_0410,PREPARE,Yes selected,write pending transaction only; reserve no item/flag,EXECUTE,RETRY,RETRY,RETRY,FULL,FULL,NONE,clear pending; restore unconsumed source item; no capture ledger write
EVENT_VEGA_ARCHIVE_0410,EXECUTE,pending valid,run CAPTURE adapter,COMMIT,RETRY,RETRY,RETRY,FULL,FULL,NONE,clear pending; restore unconsumed source item; no capture ledger write
EVENT_VEGA_ARCHIVE_0410,COMMIT,operation success,"write ledger, dex, claim count; persist atomically; clear pending",DONE,RETRY,RETRY,RETRY,RETRY,RETRY,ledger+dex+claim only in COMMIT,NONE
EVENT_VEGA_ARCHIVE_0410,RETRY,cancel/defeat/escape/reset recovery,clear pending; leave encounter/claim available,OFFER,OFFER,OFFER,OFFER,OFFER,OFFER,NONE,clear pending; restore unconsumed source item; no capture ledger write
EVENT_VEGA_ARCHIVE_0410,FULL,party/PC/queue unavailable,show FULL; consume nothing; clear pending,OFFER,OFFER,OFFER,OFFER,OFFER,OFFER,NONE,clear pending; restore unconsumed source item; no capture ledger write
EVENT_VEGA_ARCHIVE_0410,DONE,ledger or commit true,show SUCCESS or ALREADY; no duplicate,DONE,DONE,DONE,DONE,DONE,DONE,NONE,NONE
EVENT_EVOLUTION_SUPPORT_NATIONAL_0862,CHECK_UNLOCK,host interaction,test unlock expression,CHECK_LEDGER,LOCKED,LOCKED,LOCKED,LOCKED,LOCKED,NONE,NONE
EVENT_EVOLUTION_SUPPORT_NATIONAL_0862,CHECK_LEDGER,unlock true,test shared ledger/dex migration,OFFER,DONE,DONE,DONE,DONE,DONE,NONE,NONE
EVENT_EVOLUTION_SUPPORT_NATIONAL_0862,OFFER,not already complete,show INTRO; Yes/No,PREPARE,RETRY,RETRY,RETRY,RETRY,RETRY,NONE,NONE
EVENT_EVOLUTION_SUPPORT_NATIONAL_0862,PREPARE,Yes selected,write pending transaction only; reserve no item/flag,EXECUTE,RETRY,RETRY,RETRY,FULL,FULL,NONE,clear pending; restore unconsumed source item; no capture ledger write
EVENT_EVOLUTION_SUPPORT_NATIONAL_0862,EXECUTE,pending valid,run EVOLUTION_SUPPORT adapter,COMMIT,RETRY,RETRY,RETRY,FULL,FULL,NONE,clear pending; restore unconsumed source item; no capture ledger write
EVENT_EVOLUTION_SUPPORT_NATIONAL_0862,COMMIT,operation success,"write ledger, dex, claim count; persist atomically; clear pending",DONE,RETRY,RETRY,RETRY,RETRY,RETRY,ledger+dex+claim only in COMMIT,NONE
EVENT_EVOLUTION_SUPPORT_NATIONAL_0862,RETRY,cancel/defeat/escape/reset recovery,clear pending; leave encounter/claim available,OFFER,OFFER,OFFER,OFFER,OFFER,OFFER,NONE,clear pending; restore unconsumed source item; no capture ledger write
EVENT_EVOLUTION_SUPPORT_NATIONAL_0862,FULL,party/PC/queue unavailable,show FULL; consume nothing; clear pending,OFFER,OFFER,OFFER,OFFER,OFFER,OFFER,NONE,clear pending; restore unconsumed source item; no capture ledger write
EVENT_EVOLUTION_SUPPORT_NATIONAL_0862,DONE,ledger or commit true,show SUCCESS or ALREADY; no duplicate,DONE,DONE,DONE,DONE,DONE,DONE,NONE,NONE
EVENT_EVOLUTION_SUPPORT_NATIONAL_0863,CHECK_UNLOCK,host interaction,test unlock expression,CHECK_LEDGER,LOCKED,LOCKED,LOCKED,LOCKED,LOCKED,NONE,NONE
EVENT_EVOLUTION_SUPPORT_NATIONAL_0863,CHECK_LEDGER,unlock true,test shared ledger/dex migration,OFFER,DONE,DONE,DONE,DONE,DONE,NONE,NONE
EVENT_EVOLUTION_SUPPORT_NATIONAL_0863,OFFER,not already complete,show INTRO; Yes/No,PREPARE,RETRY,RETRY,RETRY,RETRY,RETRY,NONE,NONE
EVENT_EVOLUTION_SUPPORT_NATIONAL_0863,PREPARE,Yes selected,write pending transaction only; reserve no item/flag,EXECUTE,RETRY,RETRY,RETRY,FULL,FULL,NONE,clear pending; restore unconsumed source item; no capture ledger write
EVENT_EVOLUTION_SUPPORT_NATIONAL_0863,EXECUTE,pending valid,run EVOLUTION_SUPPORT adapter,COMMIT,RETRY,RETRY,RETRY,FULL,FULL,NONE,clear pending; restore unconsumed source item; no capture ledger write
EVENT_EVOLUTION_SUPPORT_NATIONAL_0863,COMMIT,operation success,"write ledger, dex, claim count; persist atomically; clear pending",DONE,RETRY,RETRY,RETRY,RETRY,RETRY,ledger+dex+claim only in COMMIT,NONE
EVENT_EVOLUTION_SUPPORT_NATIONAL_0863,RETRY,cancel/defeat/escape/reset recovery,clear pending; leave encounter/claim available,OFFER,OFFER,OFFER,OFFER,OFFER,OFFER,NONE,clear pending; restore unconsumed source item; no capture ledger write
EVENT_EVOLUTION_SUPPORT_NATIONAL_0863,FULL,party/PC/queue unavailable,show FULL; consume nothing; clear pending,OFFER,OFFER,OFFER,OFFER,OFFER,OFFER,NONE,clear pending; restore unconsumed source item; no capture ledger write
EVENT_EVOLUTION_SUPPORT_NATIONAL_0863,DONE,ledger or commit true,show SUCCESS or ALREADY; no duplicate,DONE,DONE,DONE,DONE,DONE,DONE,NONE,NONE
EVENT_EVOLUTION_SUPPORT_NATIONAL_0864,CHECK_UNLOCK,host interaction,test unlock expression,CHECK_LEDGER,LOCKED,LOCKED,LOCKED,LOCKED,LOCKED,NONE,NONE
EVENT_EVOLUTION_SUPPORT_NATIONAL_0864,CHECK_LEDGER,unlock true,test shared ledger/dex migration,OFFER,DONE,DONE,DONE,DONE,DONE,NONE,NONE
EVENT_EVOLUTION_SUPPORT_NATIONAL_0864,OFFER,not already complete,show INTRO; Yes/No,PREPARE,RETRY,RETRY,RETRY,RETRY,RETRY,NONE,NONE
EVENT_EVOLUTION_SUPPORT_NATIONAL_0864,PREPARE,Yes selected,write pending transaction only; reserve no item/flag,EXECUTE,RETRY,RETRY,RETRY,FULL,FULL,NONE,clear pending; restore unconsumed source item; no capture ledger write
EVENT_EVOLUTION_SUPPORT_NATIONAL_0864,EXECUTE,pending valid,run EVOLUTION_SUPPORT adapter,COMMIT,RETRY,RETRY,RETRY,FULL,FULL,NONE,clear pending; restore unconsumed source item; no capture ledger write
EVENT_EVOLUTION_SUPPORT_NATIONAL_0864,COMMIT,operation success,"write ledger, dex, claim count; persist atomically; clear pending",DONE,RETRY,RETRY,RETRY,RETRY,RETRY,ledger+dex+claim only in COMMIT,NONE
EVENT_EVOLUTION_SUPPORT_NATIONAL_0864,RETRY,cancel/defeat/escape/reset recovery,clear pending; leave encounter/claim available,OFFER,OFFER,OFFER,OFFER,OFFER,OFFER,NONE,clear pending; restore unconsumed source item; no capture ledger write
EVENT_EVOLUTION_SUPPORT_NATIONAL_0864,FULL,party/PC/queue unavailable,show FULL; consume nothing; clear pending,OFFER,OFFER,OFFER,OFFER,OFFER,OFFER,NONE,clear pending; restore unconsumed source item; no capture ledger write
EVENT_EVOLUTION_SUPPORT_NATIONAL_0864,DONE,ledger or commit true,show SUCCESS or ALREADY; no duplicate,DONE,DONE,DONE,DONE,DONE,DONE,NONE,NONE
EVENT_EVOLUTION_SUPPORT_NATIONAL_0865,CHECK_UNLOCK,host interaction,test unlock expression,CHECK_LEDGER,LOCKED,LOCKED,LOCKED,LOCKED,LOCKED,NONE,NONE
EVENT_EVOLUTION_SUPPORT_NATIONAL_0865,CHECK_LEDGER,unlock true,test shared ledger/dex migration,OFFER,DONE,DONE,DONE,DONE,DONE,NONE,NONE
EVENT_EVOLUTION_SUPPORT_NATIONAL_0865,OFFER,not already complete,show INTRO; Yes/No,PREPARE,RETRY,RETRY,RETRY,RETRY,RETRY,NONE,NONE
EVENT_EVOLUTION_SUPPORT_NATIONAL_0865,PREPARE,Yes selected,write pending transaction only; reserve no item/flag,EXECUTE,RETRY,RETRY,RETRY,FULL,FULL,NONE,clear pending; restore unconsumed source item; no capture ledger write
EVENT_EVOLUTION_SUPPORT_NATIONAL_0865,EXECUTE,pending valid,run EVOLUTION_SUPPORT adapter,COMMIT,RETRY,RETRY,RETRY,FULL,FULL,NONE,clear pending; restore unconsumed source item; no capture ledger write
EVENT_EVOLUTION_SUPPORT_NATIONAL_0865,COMMIT,operation success,"write ledger, dex, claim count; persist atomically; clear pending",DONE,RETRY,RETRY,RETRY,RETRY,RETRY,ledger+dex+claim only in COMMIT,NONE
EVENT_EVOLUTION_SUPPORT_NATIONAL_0865,RETRY,cancel/defeat/escape/reset recovery,clear pending; leave encounter/claim available,OFFER,OFFER,OFFER,OFFER,OFFER,OFFER,NONE,clear pending; restore unconsumed source item; no capture ledger write
EVENT_EVOLUTION_SUPPORT_NATIONAL_0865,FULL,party/PC/queue unavailable,show FULL; consume nothing; clear pending,OFFER,OFFER,OFFER,OFFER,OFFER,OFFER,NONE,clear pending; restore unconsumed source item; no capture ledger write
EVENT_EVOLUTION_SUPPORT_NATIONAL_0865,DONE,ledger or commit true,show SUCCESS or ALREADY; no duplicate,DONE,DONE,DONE,DONE,DONE,DONE,NONE,NONE
EVENT_EVOLUTION_SUPPORT_NATIONAL_0866,CHECK_UNLOCK,host interaction,test unlock expression,CHECK_LEDGER,LOCKED,LOCKED,LOCKED,LOCKED,LOCKED,NONE,NONE
EVENT_EVOLUTION_SUPPORT_NATIONAL_0866,CHECK_LEDGER,unlock true,test shared ledger/dex migration,OFFER,DONE,DONE,DONE,DONE,DONE,NONE,NONE
EVENT_EVOLUTION_SUPPORT_NATIONAL_0866,OFFER,not already complete,show INTRO; Yes/No,PREPARE,RETRY,RETRY,RETRY,RETRY,RETRY,NONE,NONE
EVENT_EVOLUTION_SUPPORT_NATIONAL_0866,PREPARE,Yes selected,write pending transaction only; reserve no item/flag,EXECUTE,RETRY,RETRY,RETRY,FULL,FULL,NONE,clear pending; restore unconsumed source item; no capture ledger write
EVENT_EVOLUTION_SUPPORT_NATIONAL_0866,EXECUTE,pending valid,run EVOLUTION_SUPPORT adapter,COMMIT,RETRY,RETRY,RETRY,FULL,FULL,NONE,clear pending; restore unconsumed source item; no capture ledger write
EVENT_EVOLUTION_SUPPORT_NATIONAL_0866,COMMIT,operation success,"write ledger, dex, claim count; persist atomically; clear pending",DONE,RETRY,RETRY,RETRY,RETRY,RETRY,ledger+dex+claim only in COMMIT,NONE
EVENT_EVOLUTION_SUPPORT_NATIONAL_0866,RETRY,cancel/defeat/escape/reset recovery,clear pending; leave encounter/claim available,OFFER,OFFER,OFFER,OFFER,OFFER,OFFER,NONE,clear pending; restore unconsumed source item; no capture ledger write
EVENT_EVOLUTION_SUPPORT_NATIONAL_0866,FULL,party/PC/queue unavailable,show FULL; consume nothing; clear pending,OFFER,OFFER,OFFER,OFFER,OFFER,OFFER,NONE,clear pending; restore unconsumed source item; no capture ledger write
EVENT_EVOLUTION_SUPPORT_NATIONAL_0866,DONE,ledger or commit true,show SUCCESS or ALREADY; no duplicate,DONE,DONE,DONE,DONE,DONE,DONE,NONE,NONE
EVENT_EVOLUTION_SUPPORT_NATIONAL_0867,CHECK_UNLOCK,host interaction,test unlock expression,CHECK_LEDGER,LOCKED,LOCKED,LOCKED,LOCKED,LOCKED,NONE,NONE
EVENT_EVOLUTION_SUPPORT_NATIONAL_0867,CHECK_LEDGER,unlock true,test shared ledger/dex migration,OFFER,DONE,DONE,DONE,DONE,DONE,NONE,NONE
EVENT_EVOLUTION_SUPPORT_NATIONAL_0867,OFFER,not already complete,show INTRO; Yes/No,PREPARE,RETRY,RETRY,RETRY,RETRY,RETRY,NONE,NONE
EVENT_EVOLUTION_SUPPORT_NATIONAL_0867,PREPARE,Yes selected,write pending transaction only; reserve no item/flag,EXECUTE,RETRY,RETRY,RETRY,FULL,FULL,NONE,clear pending; restore unconsumed source item; no capture ledger write
EVENT_EVOLUTION_SUPPORT_NATIONAL_0867,EXECUTE,pending valid,run EVOLUTION_SUPPORT adapter,COMMIT,RETRY,RETRY,RETRY,FULL,FULL,NONE,clear pending; restore unconsumed source item; no capture ledger write
EVENT_EVOLUTION_SUPPORT_NATIONAL_0867,COMMIT,operation success,"write ledger, dex, claim count; persist atomically; clear pending",DONE,RETRY,RETRY,RETRY,RETRY,RETRY,ledger+dex+claim only in COMMIT,NONE
EVENT_EVOLUTION_SUPPORT_NATIONAL_0867,RETRY,cancel/defeat/escape/reset recovery,clear pending; leave encounter/claim available,OFFER,OFFER,OFFER,OFFER,OFFER,OFFER,NONE,clear pending; restore unconsumed source item; no capture ledger write
EVENT_EVOLUTION_SUPPORT_NATIONAL_0867,FULL,party/PC/queue unavailable,show FULL; consume nothing; clear pending,OFFER,OFFER,OFFER,OFFER,OFFER,OFFER,NONE,clear pending; restore unconsumed source item; no capture ledger write
EVENT_EVOLUTION_SUPPORT_NATIONAL_0867,DONE,ledger or commit true,show SUCCESS or ALREADY; no duplicate,DONE,DONE,DONE,DONE,DONE,DONE,NONE,NONE
EVENT_EVOLUTION_SUPPORT_NATIONAL_0900,CHECK_UNLOCK,host interaction,test unlock expression,CHECK_LEDGER,LOCKED,LOCKED,LOCKED,LOCKED,LOCKED,NONE,NONE
EVENT_EVOLUTION_SUPPORT_NATIONAL_0900,CHECK_LEDGER,unlock true,test shared ledger/dex migration,OFFER,DONE,DONE,DONE,DONE,DONE,NONE,NONE
EVENT_EVOLUTION_SUPPORT_NATIONAL_0900,OFFER,not already complete,show INTRO; Yes/No,PREPARE,RETRY,RETRY,RETRY,RETRY,RETRY,NONE,NONE
EVENT_EVOLUTION_SUPPORT_NATIONAL_0900,PREPARE,Yes selected,write pending transaction only; reserve no item/flag,EXECUTE,RETRY,RETRY,RETRY,FULL,FULL,NONE,clear pending; restore unconsumed source item; no capture ledger write
EVENT_EVOLUTION_SUPPORT_NATIONAL_0900,EXECUTE,pending valid,run EVOLUTION_SUPPORT adapter,COMMIT,RETRY,RETRY,RETRY,FULL,FULL,NONE,clear pending; restore unconsumed source item; no capture ledger write
EVENT_EVOLUTION_SUPPORT_NATIONAL_0900,COMMIT,operation success,"write ledger, dex, claim count; persist atomically; clear pending",DONE,RETRY,RETRY,RETRY,RETRY,RETRY,ledger+dex+claim only in COMMIT,NONE
EVENT_EVOLUTION_SUPPORT_NATIONAL_0900,RETRY,cancel/defeat/escape/reset recovery,clear pending; leave encounter/claim available,OFFER,OFFER,OFFER,OFFER,OFFER,OFFER,NONE,clear pending; restore unconsumed source item; no capture ledger write
EVENT_EVOLUTION_SUPPORT_NATIONAL_0900,FULL,party/PC/queue unavailable,show FULL; consume nothing; clear pending,OFFER,OFFER,OFFER,OFFER,OFFER,OFFER,NONE,clear pending; restore unconsumed source item; no capture ledger write
EVENT_EVOLUTION_SUPPORT_NATIONAL_0900,DONE,ledger or commit true,show SUCCESS or ALREADY; no duplicate,DONE,DONE,DONE,DONE,DONE,DONE,NONE,NONE
EVENT_EVOLUTION_SUPPORT_NATIONAL_0902,CHECK_UNLOCK,host interaction,test unlock expression,CHECK_LEDGER,LOCKED,LOCKED,LOCKED,LOCKED,LOCKED,NONE,NONE
EVENT_EVOLUTION_SUPPORT_NATIONAL_0902,CHECK_LEDGER,unlock true,test shared ledger/dex migration,OFFER,DONE,DONE,DONE,DONE,DONE,NONE,NONE
EVENT_EVOLUTION_SUPPORT_NATIONAL_0902,OFFER,not already complete,show INTRO; Yes/No,PREPARE,RETRY,RETRY,RETRY,RETRY,RETRY,NONE,NONE
EVENT_EVOLUTION_SUPPORT_NATIONAL_0902,PREPARE,Yes selected,write pending transaction only; reserve no item/flag,EXECUTE,RETRY,RETRY,RETRY,FULL,FULL,NONE,clear pending; restore unconsumed source item; no capture ledger write
EVENT_EVOLUTION_SUPPORT_NATIONAL_0902,EXECUTE,pending valid,run EVOLUTION_SUPPORT adapter,COMMIT,RETRY,RETRY,RETRY,FULL,FULL,NONE,clear pending; restore unconsumed source item; no capture ledger write
EVENT_EVOLUTION_SUPPORT_NATIONAL_0902,COMMIT,operation success,"write ledger, dex, claim count; persist atomically; clear pending",DONE,RETRY,RETRY,RETRY,RETRY,RETRY,ledger+dex+claim only in COMMIT,NONE
EVENT_EVOLUTION_SUPPORT_NATIONAL_0902,RETRY,cancel/defeat/escape/reset recovery,clear pending; leave encounter/claim available,OFFER,OFFER,OFFER,OFFER,OFFER,OFFER,NONE,clear pending; restore unconsumed source item; no capture ledger write
EVENT_EVOLUTION_SUPPORT_NATIONAL_0902,FULL,party/PC/queue unavailable,show FULL; consume nothing; clear pending,OFFER,OFFER,OFFER,OFFER,OFFER,OFFER,NONE,clear pending; restore unconsumed source item; no capture ledger write
EVENT_EVOLUTION_SUPPORT_NATIONAL_0902,DONE,ledger or commit true,show SUCCESS or ALREADY; no duplicate,DONE,DONE,DONE,DONE,DONE,DONE,NONE,NONE
EVENT_EVOLUTION_SUPPORT_NATIONAL_0903,CHECK_UNLOCK,host interaction,test unlock expression,CHECK_LEDGER,LOCKED,LOCKED,LOCKED,LOCKED,LOCKED,NONE,NONE
EVENT_EVOLUTION_SUPPORT_NATIONAL_0903,CHECK_LEDGER,unlock true,test shared ledger/dex migration,OFFER,DONE,DONE,DONE,DONE,DONE,NONE,NONE
EVENT_EVOLUTION_SUPPORT_NATIONAL_0903,OFFER,not already complete,show INTRO; Yes/No,PREPARE,RETRY,RETRY,RETRY,RETRY,RETRY,NONE,NONE
EVENT_EVOLUTION_SUPPORT_NATIONAL_0903,PREPARE,Yes selected,write pending transaction only; reserve no item/flag,EXECUTE,RETRY,RETRY,RETRY,FULL,FULL,NONE,clear pending; restore unconsumed source item; no capture ledger write
EVENT_EVOLUTION_SUPPORT_NATIONAL_0903,EXECUTE,pending valid,run EVOLUTION_SUPPORT adapter,COMMIT,RETRY,RETRY,RETRY,FULL,FULL,NONE,clear pending; restore unconsumed source item; no capture ledger write
EVENT_EVOLUTION_SUPPORT_NATIONAL_0903,COMMIT,operation success,"write ledger, dex, claim count; persist atomically; clear pending",DONE,RETRY,RETRY,RETRY,RETRY,RETRY,ledger+dex+claim only in COMMIT,NONE
EVENT_EVOLUTION_SUPPORT_NATIONAL_0903,RETRY,cancel/defeat/escape/reset recovery,clear pending; leave encounter/claim available,OFFER,OFFER,OFFER,OFFER,OFFER,OFFER,NONE,clear pending; restore unconsumed source item; no capture ledger write
EVENT_EVOLUTION_SUPPORT_NATIONAL_0903,FULL,party/PC/queue unavailable,show FULL; consume nothing; clear pending,OFFER,OFFER,OFFER,OFFER,OFFER,OFFER,NONE,clear pending; restore unconsumed source item; no capture ledger write
EVENT_EVOLUTION_SUPPORT_NATIONAL_0903,DONE,ledger or commit true,show SUCCESS or ALREADY; no duplicate,DONE,DONE,DONE,DONE,DONE,DONE,NONE,NONE
EVENT_EVOLUTION_SUPPORT_NATIONAL_0904,CHECK_UNLOCK,host interaction,test unlock expression,CHECK_LEDGER,LOCKED,LOCKED,LOCKED,LOCKED,LOCKED,NONE,NONE
EVENT_EVOLUTION_SUPPORT_NATIONAL_0904,CHECK_LEDGER,unlock true,test shared ledger/dex migration,OFFER,DONE,DONE,DONE,DONE,DONE,NONE,NONE
EVENT_EVOLUTION_SUPPORT_NATIONAL_0904,OFFER,not already complete,show INTRO; Yes/No,PREPARE,RETRY,RETRY,RETRY,RETRY,RETRY,NONE,NONE
EVENT_EVOLUTION_SUPPORT_NATIONAL_0904,PREPARE,Yes selected,write pending transaction only; reserve no item/flag,EXECUTE,RETRY,RETRY,RETRY,FULL,FULL,NONE,clear pending; restore unconsumed source item; no capture ledger write
EVENT_EVOLUTION_SUPPORT_NATIONAL_0904,EXECUTE,pending valid,run EVOLUTION_SUPPORT adapter,COMMIT,RETRY,RETRY,RETRY,FULL,FULL,NONE,clear pending; restore unconsumed source item; no capture ledger write
EVENT_EVOLUTION_SUPPORT_NATIONAL_0904,COMMIT,operation success,"write ledger, dex, claim count; persist atomically; clear pending",DONE,RETRY,RETRY,RETRY,RETRY,RETRY,ledger+dex+claim only in COMMIT,NONE
EVENT_EVOLUTION_SUPPORT_NATIONAL_0904,RETRY,cancel/defeat/escape/reset recovery,clear pending; leave encounter/claim available,OFFER,OFFER,OFFER,OFFER,OFFER,OFFER,NONE,clear pending; restore unconsumed source item; no capture ledger write
EVENT_EVOLUTION_SUPPORT_NATIONAL_0904,FULL,party/PC/queue unavailable,show FULL; consume nothing; clear pending,OFFER,OFFER,OFFER,OFFER,OFFER,OFFER,NONE,clear pending; restore unconsumed source item; no capture ledger write
EVENT_EVOLUTION_SUPPORT_NATIONAL_0904,DONE,ledger or commit true,show SUCCESS or ALREADY; no duplicate,DONE,DONE,DONE,DONE,DONE,DONE,NONE,NONE
EVENT_EVOLUTION_SUPPORT_NATIONAL_0980,CHECK_UNLOCK,host interaction,test unlock expression,CHECK_LEDGER,LOCKED,LOCKED,LOCKED,LOCKED,LOCKED,NONE,NONE
EVENT_EVOLUTION_SUPPORT_NATIONAL_0980,CHECK_LEDGER,unlock true,test shared ledger/dex migration,OFFER,DONE,DONE,DONE,DONE,DONE,NONE,NONE
EVENT_EVOLUTION_SUPPORT_NATIONAL_0980,OFFER,not already complete,show INTRO; Yes/No,PREPARE,RETRY,RETRY,RETRY,RETRY,RETRY,NONE,NONE
EVENT_EVOLUTION_SUPPORT_NATIONAL_0980,PREPARE,Yes selected,write pending transaction only; reserve no item/flag,EXECUTE,RETRY,RETRY,RETRY,FULL,FULL,NONE,clear pending; restore unconsumed source item; no capture ledger write
EVENT_EVOLUTION_SUPPORT_NATIONAL_0980,EXECUTE,pending valid,run EVOLUTION_SUPPORT adapter,COMMIT,RETRY,RETRY,RETRY,FULL,FULL,NONE,clear pending; restore unconsumed source item; no capture ledger write
EVENT_EVOLUTION_SUPPORT_NATIONAL_0980,COMMIT,operation success,"write ledger, dex, claim count; persist atomically; clear pending",DONE,RETRY,RETRY,RETRY,RETRY,RETRY,ledger+dex+claim only in COMMIT,NONE
EVENT_EVOLUTION_SUPPORT_NATIONAL_0980,RETRY,cancel/defeat/escape/reset recovery,clear pending; leave encounter/claim available,OFFER,OFFER,OFFER,OFFER,OFFER,OFFER,NONE,clear pending; restore unconsumed source item; no capture ledger write
EVENT_EVOLUTION_SUPPORT_NATIONAL_0980,FULL,party/PC/queue unavailable,show FULL; consume nothing; clear pending,OFFER,OFFER,OFFER,OFFER,OFFER,OFFER,NONE,clear pending; restore unconsumed source item; no capture ledger write
EVENT_EVOLUTION_SUPPORT_NATIONAL_0980,DONE,ledger or commit true,show SUCCESS or ALREADY; no duplicate,DONE,DONE,DONE,DONE,DONE,DONE,NONE,NONE
EVENT_EVOLUTION_SUPPORT_NATIONAL_0981,CHECK_UNLOCK,host interaction,test unlock expression,CHECK_LEDGER,LOCKED,LOCKED,LOCKED,LOCKED,LOCKED,NONE,NONE
EVENT_EVOLUTION_SUPPORT_NATIONAL_0981,CHECK_LEDGER,unlock true,test shared ledger/dex migration,OFFER,DONE,DONE,DONE,DONE,DONE,NONE,NONE
EVENT_EVOLUTION_SUPPORT_NATIONAL_0981,OFFER,not already complete,show INTRO; Yes/No,PREPARE,RETRY,RETRY,RETRY,RETRY,RETRY,NONE,NONE
EVENT_EVOLUTION_SUPPORT_NATIONAL_0981,PREPARE,Yes selected,write pending transaction only; reserve no item/flag,EXECUTE,RETRY,RETRY,RETRY,FULL,FULL,NONE,clear pending; restore unconsumed source item; no capture ledger write
EVENT_EVOLUTION_SUPPORT_NATIONAL_0981,EXECUTE,pending valid,run EVOLUTION_SUPPORT adapter,COMMIT,RETRY,RETRY,RETRY,FULL,FULL,NONE,clear pending; restore unconsumed source item; no capture ledger write
EVENT_EVOLUTION_SUPPORT_NATIONAL_0981,COMMIT,operation success,"write ledger, dex, claim count; persist atomically; clear pending",DONE,RETRY,RETRY,RETRY,RETRY,RETRY,ledger+dex+claim only in COMMIT,NONE
EVENT_EVOLUTION_SUPPORT_NATIONAL_0981,RETRY,cancel/defeat/escape/reset recovery,clear pending; leave encounter/claim available,OFFER,OFFER,OFFER,OFFER,OFFER,OFFER,NONE,clear pending; restore unconsumed source item; no capture ledger write
EVENT_EVOLUTION_SUPPORT_NATIONAL_0981,FULL,party/PC/queue unavailable,show FULL; consume nothing; clear pending,OFFER,OFFER,OFFER,OFFER,OFFER,OFFER,NONE,clear pending; restore unconsumed source item; no capture ledger write
EVENT_EVOLUTION_SUPPORT_NATIONAL_0981,DONE,ledger or commit true,show SUCCESS or ALREADY; no duplicate,DONE,DONE,DONE,DONE,DONE,DONE,NONE,NONE
EVENT_EVOLUTION_SUPPORT_NATIONAL_0982,CHECK_UNLOCK,host interaction,test unlock expression,CHECK_LEDGER,LOCKED,LOCKED,LOCKED,LOCKED,LOCKED,NONE,NONE
EVENT_EVOLUTION_SUPPORT_NATIONAL_0982,CHECK_LEDGER,unlock true,test shared ledger/dex migration,OFFER,DONE,DONE,DONE,DONE,DONE,NONE,NONE
EVENT_EVOLUTION_SUPPORT_NATIONAL_0982,OFFER,not already complete,show INTRO; Yes/No,PREPARE,RETRY,RETRY,RETRY,RETRY,RETRY,NONE,NONE
EVENT_EVOLUTION_SUPPORT_NATIONAL_0982,PREPARE,Yes selected,write pending transaction only; reserve no item/flag,EXECUTE,RETRY,RETRY,RETRY,FULL,FULL,NONE,clear pending; restore unconsumed source item; no capture ledger write
EVENT_EVOLUTION_SUPPORT_NATIONAL_0982,EXECUTE,pending valid,run EVOLUTION_SUPPORT adapter,COMMIT,RETRY,RETRY,RETRY,FULL,FULL,NONE,clear pending; restore unconsumed source item; no capture ledger write
EVENT_EVOLUTION_SUPPORT_NATIONAL_0982,COMMIT,operation success,"write ledger, dex, claim count; persist atomically; clear pending",DONE,RETRY,RETRY,RETRY,RETRY,RETRY,ledger+dex+claim only in COMMIT,NONE
EVENT_EVOLUTION_SUPPORT_NATIONAL_0982,RETRY,cancel/defeat/escape/reset recovery,clear pending; leave encounter/claim available,OFFER,OFFER,OFFER,OFFER,OFFER,OFFER,NONE,clear pending; restore unconsumed source item; no capture ledger write
EVENT_EVOLUTION_SUPPORT_NATIONAL_0982,FULL,party/PC/queue unavailable,show FULL; consume nothing; clear pending,OFFER,OFFER,OFFER,OFFER,OFFER,OFFER,NONE,clear pending; restore unconsumed source item; no capture ledger write
EVENT_EVOLUTION_SUPPORT_NATIONAL_0982,DONE,ledger or commit true,show SUCCESS or ALREADY; no duplicate,DONE,DONE,DONE,DONE,DONE,DONE,NONE,NONE
EVENT_TRADE_EMULATOR_SERVICE,CHECK_UNLOCK,host interaction,test unlock expression,CHECK_LEDGER,LOCKED,LOCKED,LOCKED,LOCKED,LOCKED,NONE,NONE
EVENT_TRADE_EMULATOR_SERVICE,CHECK_LEDGER,unlock true,test shared ledger/dex migration,OFFER,DONE,DONE,DONE,DONE,DONE,NONE,NONE
EVENT_TRADE_EMULATOR_SERVICE,OFFER,not already complete,show INTRO; Yes/No,PREPARE,RETRY,RETRY,RETRY,RETRY,RETRY,NONE,NONE
EVENT_TRADE_EMULATOR_SERVICE,PREPARE,Yes selected,write pending transaction only; reserve no item/flag,EXECUTE,RETRY,RETRY,RETRY,FULL,FULL,NONE,clear pending; restore unconsumed source item; no capture ledger write
EVENT_TRADE_EMULATOR_SERVICE,EXECUTE,pending valid,run TRADE_EMULATOR adapter,COMMIT,RETRY,RETRY,RETRY,FULL,FULL,NONE,clear pending; restore unconsumed source item; no capture ledger write
EVENT_TRADE_EMULATOR_SERVICE,COMMIT,operation success,"write ledger, dex, claim count; persist atomically; clear pending",DONE,RETRY,RETRY,RETRY,RETRY,RETRY,ledger+dex+claim only in COMMIT,NONE
EVENT_TRADE_EMULATOR_SERVICE,RETRY,cancel/defeat/escape/reset recovery,clear pending; leave encounter/claim available,OFFER,OFFER,OFFER,OFFER,OFFER,OFFER,NONE,clear pending; restore unconsumed source item; no capture ledger write
EVENT_TRADE_EMULATOR_SERVICE,FULL,party/PC/queue unavailable,show FULL; consume nothing; clear pending,OFFER,OFFER,OFFER,OFFER,OFFER,OFFER,NONE,clear pending; restore unconsumed source item; no capture ledger write
EVENT_TRADE_EMULATOR_SERVICE,DONE,ledger or commit true,show SUCCESS or ALREADY; no duplicate,DONE,DONE,DONE,DONE,DONE,DONE,NONE,NONE
EVENT_ECOLOGY_RADAR_TIME_SERVICE,CHECK_UNLOCK,host interaction,test unlock expression,CHECK_LEDGER,LOCKED,LOCKED,LOCKED,LOCKED,LOCKED,NONE,NONE
EVENT_ECOLOGY_RADAR_TIME_SERVICE,CHECK_LEDGER,unlock true,test shared ledger/dex migration,OFFER,DONE,DONE,DONE,DONE,DONE,NONE,NONE
EVENT_ECOLOGY_RADAR_TIME_SERVICE,OFFER,not already complete,show INTRO; Yes/No,PREPARE,RETRY,RETRY,RETRY,RETRY,RETRY,NONE,NONE
EVENT_ECOLOGY_RADAR_TIME_SERVICE,PREPARE,Yes selected,write pending transaction only; reserve no item/flag,EXECUTE,RETRY,RETRY,RETRY,FULL,FULL,NONE,clear pending; restore unconsumed source item; no capture ledger write
EVENT_ECOLOGY_RADAR_TIME_SERVICE,EXECUTE,pending valid,run SERVICE adapter,COMMIT,RETRY,RETRY,RETRY,FULL,FULL,NONE,clear pending; restore unconsumed source item; no capture ledger write
EVENT_ECOLOGY_RADAR_TIME_SERVICE,COMMIT,operation success,"write ledger, dex, claim count; persist atomically; clear pending",DONE,RETRY,RETRY,RETRY,RETRY,RETRY,ledger+dex+claim only in COMMIT,NONE
EVENT_ECOLOGY_RADAR_TIME_SERVICE,RETRY,cancel/defeat/escape/reset recovery,clear pending; leave encounter/claim available,OFFER,OFFER,OFFER,OFFER,OFFER,OFFER,NONE,clear pending; restore unconsumed source item; no capture ledger write
EVENT_ECOLOGY_RADAR_TIME_SERVICE,FULL,party/PC/queue unavailable,show FULL; consume nothing; clear pending,OFFER,OFFER,OFFER,OFFER,OFFER,OFFER,NONE,clear pending; restore unconsumed source item; no capture ledger write
EVENT_ECOLOGY_RADAR_TIME_SERVICE,DONE,ledger or commit true,show SUCCESS or ALREADY; no duplicate,DONE,DONE,DONE,DONE,DONE,DONE,NONE,NONE
