event_key,event_arc,target_species_keys,region,logical_location_key,physical_map_key,group_id,map_id,host_event_kind,host_key,host_local_id_or_bg_index,host_script_before,host_script_after,x,y,elevation,graphics_id,movement_type,object_count_before,object_count_after,unlock_key,condition_expression,trigger,flow_state_keys,dialogue_key,battle_or_gift,capture_level,reward_key,flag_key,var_key,shared_capture_key,retry_policy,party_full_policy,box_full_policy,rtc_policy,ui_profile,required_runtime,generator_owner,serializer_output,runtime_status,physical_constraints,acceptance_tests,notes
EVENT_SPECIAL_NATIONAL_0144,ARC_LEGACY_GUARDIANS,SPECIES_KEY_ARTICUNO,KANTO,K38,KANTO_DUNGEON_SEAFOAM_ISLANDS_B4_F,97,87,OBJECT_REUSE,HOST_ICONIC_ARTICUNO,3,KANTO_DUNGEON_SEAFOAM_ISLANDS_B4_F_OBJECT_03_STUB,ACQ_HOST_SCRIPT_HOST_ICONIC_ARTICUNO,9,2,4,OBJ_EVENT_GFX_ARTICUNO,MOVEMENT_TYPE_FACE_DOWN,4,4,UNLOCK_SPECIAL_ARCHIVE,UNLOCK_SPECIAL_ARCHIVE AND (既存条件),TALK_OR_EXAMINE_EXISTING_HOST,CHECK_UNLOCK|CHECK_LEDGER|OFFER|PREPARE|EXECUTE|COMMIT|RETRY|FULL|DONE,DIALOGUE_EVENT_SPECIAL_NATIONAL_0144,CAPTURE,70,REWARD_SPECIAL_NATIONAL_0144,LEDGER_BIT_EVENT_SPECIAL_NATIONAL_0144,VAR_KEY_ACQUISITION_SELECTION,SHARED_CAPTURE_KEY_NATIONAL_0144,failure/cancel/reset rollback; success ledger commit,capture: normal storage check; gift/egg: party then PC then queue,do not begin/consume/commit; show FULL and remain available,never hard-block on RTC; use ecology radar fixed-day/night selector,STANDARD_MESSAGE_YESNO_LIST_PARTY_PC,ACQ_RUNTIME_CAPTURE,scripts/build_acquisition_content.py,generated/map_scripts/HOST_ICONIC_ARTICUNO.inc + generated/acquisition_event_defs.c,SCRIPT_PRESENT_ENTRY_UNVERIFIED_WITH_READY_KANTO_RESCUE,READY_TO_SERIALIZE; object delta=0; before=4; after=4,TEST_EVENT_SPECIAL_NATIONAL_0144_UNLOCK|_CANCEL|_RESET|_FULL|_SUCCESS|_DUPLICATE,ベガ遺産の守護者: 既存の固定シンボル・進化・配布条件を変更しない。再戦救済だけ追加。 既存条件文=既存条件
EVENT_SPECIAL_NATIONAL_0145,ARC_LEGACY_GUARDIANS,SPECIES_KEY_ZAPDOS,KANTO,K40,KANTO_DUNGEON_POWER_PLANT,97,95,OBJECT_REUSE,HOST_ICONIC_ZAPDOS,6,KANTO_DUNGEON_POWER_PLANT_OBJECT_06_STUB,ACQ_HOST_SCRIPT_HOST_ICONIC_ZAPDOS,5,11,3,OBJ_EVENT_GFX_ZAPDOS,MOVEMENT_TYPE_FACE_DOWN,8,8,UNLOCK_SPECIAL_ARCHIVE,UNLOCK_SPECIAL_ARCHIVE AND (既存条件),TALK_OR_EXAMINE_EXISTING_HOST,CHECK_UNLOCK|CHECK_LEDGER|OFFER|PREPARE|EXECUTE|COMMIT|RETRY|FULL|DONE,DIALOGUE_EVENT_SPECIAL_NATIONAL_0145,CAPTURE,70,REWARD_SPECIAL_NATIONAL_0145,LEDGER_BIT_EVENT_SPECIAL_NATIONAL_0145,VAR_KEY_ACQUISITION_SELECTION,SHARED_CAPTURE_KEY_NATIONAL_0145,failure/cancel/reset rollback; success ledger commit,capture: normal storage check; gift/egg: party then PC then queue,do not begin/consume/commit; show FULL and remain available,never hard-block on RTC; use ecology radar fixed-day/night selector,STANDARD_MESSAGE_YESNO_LIST_PARTY_PC,ACQ_RUNTIME_CAPTURE,scripts/build_acquisition_content.py,generated/map_scripts/HOST_ICONIC_ZAPDOS.inc + generated/acquisition_event_defs.c,SCRIPT_PRESENT_ENTRY_UNVERIFIED_WITH_READY_KANTO_RESCUE,READY_TO_SERIALIZE; object delta=0; before=8; after=8,TEST_EVENT_SPECIAL_NATIONAL_0145_UNLOCK|_CANCEL|_RESET|_FULL|_SUCCESS|_DUPLICATE,ベガ遺産の守護者: 既存の固定シンボル・進化・配布条件を変更しない。再戦救済だけ追加。 既存条件文=既存条件
EVENT_SPECIAL_NATIONAL_0146,ARC_LEGACY_GUARDIANS,SPECIES_KEY_MOLTRES,KANTO,K42,KANTO_INDOOR_INDIGO_PLATEAU_POKEMON_CENTER_1_F,98,80,OBJECT_REUSE,HOST_LEGACY_ARCHIVE,3,KANTO_INDOOR_INDIGO_PLATEAU_POKEMON_CENTER_1_F_OBJECT_03_STUB,ACQ_HOST_SCRIPT_HOST_LEGACY_ARCHIVE,7,14,3,OBJ_EVENT_GFX_GYM_GUY,MOVEMENT_TYPE_FACE_RIGHT,8,8,UNLOCK_SPECIAL_ARCHIVE,UNLOCK_SPECIAL_ARCHIVE AND (既存条件),TALK_OR_EXAMINE_EXISTING_HOST,CHECK_UNLOCK|CHECK_LEDGER|OFFER|PREPARE|EXECUTE|COMMIT|RETRY|FULL|DONE,DIALOGUE_EVENT_SPECIAL_NATIONAL_0146,CAPTURE,70,REWARD_SPECIAL_NATIONAL_0146,LEDGER_BIT_EVENT_SPECIAL_NATIONAL_0146,VAR_KEY_ACQUISITION_SELECTION,SHARED_CAPTURE_KEY_NATIONAL_0146,failure/cancel/reset rollback; success ledger commit,capture: normal storage check; gift/egg: party then PC then queue,do not begin/consume/commit; show FULL and remain available,never hard-block on RTC; use ecology radar fixed-day/night selector,STANDARD_MESSAGE_YESNO_LIST_PARTY_PC,ACQ_RUNTIME_CAPTURE,scripts/build_acquisition_content.py,generated/map_scripts/HOST_LEGACY_ARCHIVE.inc + generated/acquisition_event_defs.c,SCRIPT_PRESENT_ENTRY_UNVERIFIED_WITH_READY_KANTO_RESCUE,READY_TO_SERIALIZE; object delta=0; before=8; after=8,TEST_EVENT_SPECIAL_NATIONAL_0146_UNLOCK|_CANCEL|_RESET|_FULL|_SUCCESS|_DUPLICATE,ベガ遺産の守護者: 既存の固定シンボル・進化・配布条件を変更しない。再戦救済だけ追加。 既存条件文=既存条件
EVENT_SPECIAL_NATIONAL_0150,ARC_LEGACY_GUARDIANS,SPECIES_KEY_MEWTWO,KANTO,K43,KANTO_DUNGEON_CERULEAN_CAVE_B1_F,97,74,OBJECT_REUSE,HOST_ICONIC_MEWTWO,3,KANTO_DUNGEON_CERULEAN_CAVE_B1_F_OBJECT_03_STUB,ACQ_HOST_SCRIPT_HOST_ICONIC_MEWTWO,7,12,3,OBJ_EVENT_GFX_MEWTWO,MOVEMENT_TYPE_FACE_DOWN,12,12,UNLOCK_SPECIAL_ARCHIVE,UNLOCK_SPECIAL_ARCHIVE AND (既存条件),TALK_OR_EXAMINE_EXISTING_HOST,CHECK_UNLOCK|CHECK_LEDGER|OFFER|PREPARE|EXECUTE|COMMIT|RETRY|FULL|DONE,DIALOGUE_EVENT_SPECIAL_NATIONAL_0150,CAPTURE,70,REWARD_SPECIAL_NATIONAL_0150,LEDGER_BIT_EVENT_SPECIAL_NATIONAL_0150,VAR_KEY_ACQUISITION_SELECTION,SHARED_CAPTURE_KEY_NATIONAL_0150,failure/cancel/reset rollback; success ledger commit,capture: normal storage check; gift/egg: party then PC then queue,do not begin/consume/commit; show FULL and remain available,never hard-block on RTC; use ecology radar fixed-day/night selector,STANDARD_MESSAGE_YESNO_LIST_PARTY_PC,ACQ_RUNTIME_CAPTURE,scripts/build_acquisition_content.py,generated/map_scripts/HOST_ICONIC_MEWTWO.inc + generated/acquisition_event_defs.c,SCRIPT_PRESENT_ENTRY_UNVERIFIED_WITH_READY_KANTO_RESCUE,READY_TO_SERIALIZE; object delta=0; before=12; after=12,TEST_EVENT_SPECIAL_NATIONAL_0150_UNLOCK|_CANCEL|_RESET|_FULL|_SUCCESS|_DUPLICATE,ベガ遺産の守護者: 既存の固定シンボル・進化・配布条件を変更しない。再戦救済だけ追加。 既存条件文=既存条件
EVENT_SPECIAL_NATIONAL_0151,ARC_LEGACY_GUARDIANS,SPECIES_KEY_MEW,KANTO,K42,KANTO_INDOOR_INDIGO_PLATEAU_POKEMON_CENTER_1_F,98,80,OBJECT_REUSE,HOST_LEGACY_ARCHIVE,3,KANTO_INDOOR_INDIGO_PLATEAU_POKEMON_CENTER_1_F_OBJECT_03_STUB,ACQ_HOST_SCRIPT_HOST_LEGACY_ARCHIVE,7,14,3,OBJ_EVENT_GFX_GYM_GUY,MOVEMENT_TYPE_FACE_RIGHT,8,8,UNLOCK_SPECIAL_ARCHIVE,UNLOCK_SPECIAL_ARCHIVE AND (既存条件),TALK_OR_EXAMINE_EXISTING_HOST,CHECK_UNLOCK|CHECK_LEDGER|OFFER|PREPARE|EXECUTE|COMMIT|RETRY|FULL|DONE,DIALOGUE_EVENT_SPECIAL_NATIONAL_0151,CAPTURE,70,REWARD_SPECIAL_NATIONAL_0151,LEDGER_BIT_EVENT_SPECIAL_NATIONAL_0151,VAR_KEY_ACQUISITION_SELECTION,SHARED_CAPTURE_KEY_NATIONAL_0151,failure/cancel/reset rollback; success ledger commit,capture: normal storage check; gift/egg: party then PC then queue,do not begin/consume/commit; show FULL and remain available,never hard-block on RTC; use ecology radar fixed-day/night selector,STANDARD_MESSAGE_YESNO_LIST_PARTY_PC,ACQ_RUNTIME_CAPTURE,scripts/build_acquisition_content.py,generated/map_scripts/HOST_LEGACY_ARCHIVE.inc + generated/acquisition_event_defs.c,SCRIPT_PRESENT_ENTRY_UNVERIFIED_WITH_READY_KANTO_RESCUE,READY_TO_SERIALIZE; object delta=0; before=8; after=8,TEST_EVENT_SPECIAL_NATIONAL_0151_UNLOCK|_CANCEL|_RESET|_FULL|_SUCCESS|_DUPLICATE,ベガ遺産の守護者: 既存の固定シンボル・進化・配布条件を変更しない。再戦救済だけ追加。 既存条件文=既存条件
EVENT_SPECIAL_NATIONAL_0243,ARC_LEGACY_GUARDIANS,SPECIES_KEY_RAIKOU,KANTO,K42,KANTO_INDOOR_INDIGO_PLATEAU_POKEMON_CENTER_1_F,98,80,OBJECT_REUSE,HOST_LEGACY_ARCHIVE,3,KANTO_INDOOR_INDIGO_PLATEAU_POKEMON_CENTER_1_F_OBJECT_03_STUB,ACQ_HOST_SCRIPT_HOST_LEGACY_ARCHIVE,7,14,3,OBJ_EVENT_GFX_GYM_GUY,MOVEMENT_TYPE_FACE_RIGHT,8,8,UNLOCK_SPECIAL_ARCHIVE,UNLOCK_SPECIAL_ARCHIVE AND (既存条件),TALK_OR_EXAMINE_EXISTING_HOST,CHECK_UNLOCK|CHECK_LEDGER|OFFER|PREPARE|EXECUTE|COMMIT|RETRY|FULL|DONE,DIALOGUE_EVENT_SPECIAL_NATIONAL_0243,CAPTURE,70,REWARD_SPECIAL_NATIONAL_0243,LEDGER_BIT_EVENT_SPECIAL_NATIONAL_0243,VAR_KEY_ACQUISITION_SELECTION,SHARED_CAPTURE_KEY_NATIONAL_0243,failure/cancel/reset rollback; success ledger commit,capture: normal storage check; gift/egg: party then PC then queue,do not begin/consume/commit; show FULL and remain available,never hard-block on RTC; use ecology radar fixed-day/night selector,STANDARD_MESSAGE_YESNO_LIST_PARTY_PC,ACQ_RUNTIME_CAPTURE,scripts/build_acquisition_content.py,generated/map_scripts/HOST_LEGACY_ARCHIVE.inc + generated/acquisition_event_defs.c,SCRIPT_PRESENT_ENTRY_UNVERIFIED_WITH_READY_KANTO_RESCUE,READY_TO_SERIALIZE; object delta=0; before=8; after=8,TEST_EVENT_SPECIAL_NATIONAL_0243_UNLOCK|_CANCEL|_RESET|_FULL|_SUCCESS|_DUPLICATE,ベガ遺産の守護者: 既存の固定シンボル・進化・配布条件を変更しない。再戦救済だけ追加。 既存条件文=既存条件
EVENT_SPECIAL_NATIONAL_0244,ARC_LEGACY_GUARDIANS,SPECIES_KEY_ENTEI,KANTO,K42,KANTO_INDOOR_INDIGO_PLATEAU_POKEMON_CENTER_1_F,98,80,OBJECT_REUSE,HOST_LEGACY_ARCHIVE,3,KANTO_INDOOR_INDIGO_PLATEAU_POKEMON_CENTER_1_F_OBJECT_03_STUB,ACQ_HOST_SCRIPT_HOST_LEGACY_ARCHIVE,7,14,3,OBJ_EVENT_GFX_GYM_GUY,MOVEMENT_TYPE_FACE_RIGHT,8,8,UNLOCK_SPECIAL_ARCHIVE,UNLOCK_SPECIAL_ARCHIVE AND (既存条件),TALK_OR_EXAMINE_EXISTING_HOST,CHECK_UNLOCK|CHECK_LEDGER|OFFER|PREPARE|EXECUTE|COMMIT|RETRY|FULL|DONE,DIALOGUE_EVENT_SPECIAL_NATIONAL_0244,CAPTURE,70,REWARD_SPECIAL_NATIONAL_0244,LEDGER_BIT_EVENT_SPECIAL_NATIONAL_0244,VAR_KEY_ACQUISITION_SELECTION,SHARED_CAPTURE_KEY_NATIONAL_0244,failure/cancel/reset rollback; success ledger commit,capture: normal storage check; gift/egg: party then PC then queue,do not begin/consume/commit; show FULL and remain available,never hard-block on RTC; use ecology radar fixed-day/night selector,STANDARD_MESSAGE_YESNO_LIST_PARTY_PC,ACQ_RUNTIME_CAPTURE,scripts/build_acquisition_content.py,generated/map_scripts/HOST_LEGACY_ARCHIVE.inc + generated/acquisition_event_defs.c,SCRIPT_PRESENT_ENTRY_UNVERIFIED_WITH_READY_KANTO_RESCUE,READY_TO_SERIALIZE; object delta=0; before=8; after=8,TEST_EVENT_SPECIAL_NATIONAL_0244_UNLOCK|_CANCEL|_RESET|_FULL|_SUCCESS|_DUPLICATE,ベガ遺産の守護者: 既存の固定シンボル・進化・配布条件を変更しない。再戦救済だけ追加。 既存条件文=既存条件
EVENT_SPECIAL_NATIONAL_0245,ARC_LEGACY_GUARDIANS,SPECIES_KEY_SUICUNE,KANTO,K42,KANTO_INDOOR_INDIGO_PLATEAU_POKEMON_CENTER_1_F,98,80,OBJECT_REUSE,HOST_LEGACY_ARCHIVE,3,KANTO_INDOOR_INDIGO_PLATEAU_POKEMON_CENTER_1_F_OBJECT_03_STUB,ACQ_HOST_SCRIPT_HOST_LEGACY_ARCHIVE,7,14,3,OBJ_EVENT_GFX_GYM_GUY,MOVEMENT_TYPE_FACE_RIGHT,8,8,UNLOCK_SPECIAL_ARCHIVE,UNLOCK_SPECIAL_ARCHIVE AND (既存条件),TALK_OR_EXAMINE_EXISTING_HOST,CHECK_UNLOCK|CHECK_LEDGER|OFFER|PREPARE|EXECUTE|COMMIT|RETRY|FULL|DONE,DIALOGUE_EVENT_SPECIAL_NATIONAL_0245,CAPTURE,70,REWARD_SPECIAL_NATIONAL_0245,LEDGER_BIT_EVENT_SPECIAL_NATIONAL_0245,VAR_KEY_ACQUISITION_SELECTION,SHARED_CAPTURE_KEY_NATIONAL_0245,failure/cancel/reset rollback; success ledger commit,capture: normal storage check; gift/egg: party then PC then queue,do not begin/consume/commit; show FULL and remain available,never hard-block on RTC; use ecology radar fixed-day/night selector,STANDARD_MESSAGE_YESNO_LIST_PARTY_PC,ACQ_RUNTIME_CAPTURE,scripts/build_acquisition_content.py,generated/map_scripts/HOST_LEGACY_ARCHIVE.inc + generated/acquisition_event_defs.c,SCRIPT_PRESENT_ENTRY_UNVERIFIED_WITH_READY_KANTO_RESCUE,READY_TO_SERIALIZE; object delta=0; before=8; after=8,TEST_EVENT_SPECIAL_NATIONAL_0245_UNLOCK|_CANCEL|_RESET|_FULL|_SUCCESS|_DUPLICATE,ベガ遺産の守護者: 既存の固定シンボル・進化・配布条件を変更しない。再戦救済だけ追加。 既存条件文=既存条件
EVENT_SPECIAL_NATIONAL_0249,ARC_LEGACY_GUARDIANS,SPECIES_KEY_LUGIA,KANTO,K42,KANTO_INDOOR_INDIGO_PLATEAU_POKEMON_CENTER_1_F,98,80,OBJECT_REUSE,HOST_LEGACY_ARCHIVE,3,KANTO_INDOOR_INDIGO_PLATEAU_POKEMON_CENTER_1_F_OBJECT_03_STUB,ACQ_HOST_SCRIPT_HOST_LEGACY_ARCHIVE,7,14,3,OBJ_EVENT_GFX_GYM_GUY,MOVEMENT_TYPE_FACE_RIGHT,8,8,UNLOCK_SPECIAL_ARCHIVE,UNLOCK_SPECIAL_ARCHIVE AND (既存条件),TALK_OR_EXAMINE_EXISTING_HOST,CHECK_UNLOCK|CHECK_LEDGER|OFFER|PREPARE|EXECUTE|COMMIT|RETRY|FULL|DONE,DIALOGUE_EVENT_SPECIAL_NATIONAL_0249,CAPTURE,70,REWARD_SPECIAL_NATIONAL_0249,LEDGER_BIT_EVENT_SPECIAL_NATIONAL_0249,VAR_KEY_ACQUISITION_SELECTION,SHARED_CAPTURE_KEY_NATIONAL_0249,failure/cancel/reset rollback; success ledger commit,capture: normal storage check; gift/egg: party then PC then queue,do not begin/consume/commit; show FULL and remain available,never hard-block on RTC; use ecology radar fixed-day/night selector,STANDARD_MESSAGE_YESNO_LIST_PARTY_PC,ACQ_RUNTIME_CAPTURE,scripts/build_acquisition_content.py,generated/map_scripts/HOST_LEGACY_ARCHIVE.inc + generated/acquisition_event_defs.c,SCRIPT_PRESENT_ENTRY_UNVERIFIED_WITH_READY_KANTO_RESCUE,READY_TO_SERIALIZE; object delta=0; before=8; after=8,TEST_EVENT_SPECIAL_NATIONAL_0249_UNLOCK|_CANCEL|_RESET|_FULL|_SUCCESS|_DUPLICATE,ベガ遺産の守護者: 既存の固定シンボル・進化・配布条件を変更しない。再戦救済だけ追加。 既存条件文=既存条件
EVENT_SPECIAL_NATIONAL_0250,ARC_LEGACY_GUARDIANS,SPECIES_KEY_HO_OH,KANTO,K42,KANTO_INDOOR_INDIGO_PLATEAU_POKEMON_CENTER_1_F,98,80,OBJECT_REUSE,HOST_LEGACY_ARCHIVE,3,KANTO_INDOOR_INDIGO_PLATEAU_POKEMON_CENTER_1_F_OBJECT_03_STUB,ACQ_HOST_SCRIPT_HOST_LEGACY_ARCHIVE,7,14,3,OBJ_EVENT_GFX_GYM_GUY,MOVEMENT_TYPE_FACE_RIGHT,8,8,UNLOCK_SPECIAL_ARCHIVE,UNLOCK_SPECIAL_ARCHIVE AND (既存条件),TALK_OR_EXAMINE_EXISTING_HOST,CHECK_UNLOCK|CHECK_LEDGER|OFFER|PREPARE|EXECUTE|COMMIT|RETRY|FULL|DONE,DIALOGUE_EVENT_SPECIAL_NATIONAL_0250,CAPTURE,70,REWARD_SPECIAL_NATIONAL_0250,LEDGER_BIT_EVENT_SPECIAL_NATIONAL_0250,VAR_KEY_ACQUISITION_SELECTION,SHARED_CAPTURE_KEY_NATIONAL_0250,failure/cancel/reset rollback; success ledger commit,capture: normal storage check; gift/egg: party then PC then queue,do not begin/consume/commit; show FULL and remain available,never hard-block on RTC; use ecology radar fixed-day/night selector,STANDARD_MESSAGE_YESNO_LIST_PARTY_PC,ACQ_RUNTIME_CAPTURE,scripts/build_acquisition_content.py,generated/map_scripts/HOST_LEGACY_ARCHIVE.inc + generated/acquisition_event_defs.c,SCRIPT_PRESENT_ENTRY_UNVERIFIED_WITH_READY_KANTO_RESCUE,READY_TO_SERIALIZE; object delta=0; before=8; after=8,TEST_EVENT_SPECIAL_NATIONAL_0250_UNLOCK|_CANCEL|_RESET|_FULL|_SUCCESS|_DUPLICATE,ベガ遺産の守護者: 既存の固定シンボル・進化・配布条件を変更しない。再戦救済だけ追加。 既存条件文=既存条件
EVENT_SPECIAL_NATIONAL_0251,ARC_JOHTO_TIME,SPECIES_KEY_CELEBI,KANTO,K25,KANTO_OUTDOOR_ROUTE25,96,37,OBJECT_REUSE,HOST_JOHTO_TIME,1,KANTO_OUTDOOR_ROUTE25_OBJECT_01_STUB,ACQ_HOST_SCRIPT_HOST_JOHTO_TIME,11,4,3,OBJ_EVENT_GFX_HIKER,MOVEMENT_TYPE_FACE_RIGHT,13,13,UNLOCK_HALL_OF_FAME,UNLOCK_HALL_OF_FAME AND (殿堂入り＋ときのかけら3個),TALK_OR_EXAMINE_EXISTING_HOST,CHECK_UNLOCK|CHECK_LEDGER|OFFER|PREPARE|EXECUTE|COMMIT|RETRY|FULL|DONE,DIALOGUE_EVENT_SPECIAL_NATIONAL_0251,CAPTURE,80,REWARD_SPECIAL_NATIONAL_0251,LEDGER_BIT_EVENT_SPECIAL_NATIONAL_0251,VAR_KEY_ACQUISITION_SELECTION,SHARED_CAPTURE_KEY_NATIONAL_0251,failure/cancel/reset rollback; success ledger commit,capture: normal storage check; gift/egg: party then PC then queue,do not begin/consume/commit; show FULL and remain available,never hard-block on RTC; use ecology radar fixed-day/night selector,STANDARD_MESSAGE_YESNO_LIST_PARTY_PC,ACQ_RUNTIME_CAPTURE,scripts/build_acquisition_content.py,generated/map_scripts/HOST_JOHTO_TIME.inc + generated/acquisition_event_defs.c,READY_TO_INTEGRATE,READY_TO_SERIALIZE; object delta=0; before=13; after=13,TEST_EVENT_SPECIAL_NATIONAL_0251_UNLOCK|_CANCEL|_RESET|_FULL|_SUCCESS|_DUPLICATE,時渡りと三獣: 館内の時計を3つ直すと庭が出現し、セレビィと固定戦。 既存条件文=殿堂入り＋ときのかけら3個
EVENT_SPECIAL_NATIONAL_0377,ARC_ANCIENT_GIANTS,SPECIES_KEY_REGIROCK,KANTO,K27,KANTO_DUNGEON_MT_MOON_B2_F,97,3,OBJECT_REUSE,HOST_ANCIENT_GIANTS,1,KANTO_DUNGEON_MT_MOON_B2_F_OBJECT_01_STUB,ACQ_HOST_SCRIPT_HOST_ANCIENT_GIANTS,13,7,3,OBJ_EVENT_GFX_FOSSIL,MOVEMENT_TYPE_FACE_DOWN,11,11,UNLOCK_HALL_OF_FAME,UNLOCK_HALL_OF_FAME AND (殿堂入り＋点字石板3枚),TALK_OR_EXAMINE_EXISTING_HOST,CHECK_UNLOCK|CHECK_LEDGER|OFFER|PREPARE|EXECUTE|COMMIT|RETRY|FULL|DONE,DIALOGUE_EVENT_SPECIAL_NATIONAL_0377,CAPTURE,75,REWARD_SPECIAL_NATIONAL_0377,LEDGER_BIT_EVENT_SPECIAL_NATIONAL_0377,VAR_KEY_ACQUISITION_SELECTION,SHARED_CAPTURE_KEY_NATIONAL_0377,failure/cancel/reset rollback; success ledger commit,capture: normal storage check; gift/egg: party then PC then queue,do not begin/consume/commit; show FULL and remain available,never hard-block on RTC; use ecology radar fixed-day/night selector,STANDARD_MESSAGE_YESNO_LIST_PARTY_PC,ACQ_RUNTIME_CAPTURE,scripts/build_acquisition_content.py,generated/map_scripts/HOST_ANCIENT_GIANTS.inc + generated/acquisition_event_defs.c,READY_TO_INTEGRATE,READY_TO_SERIALIZE; object delta=0; before=11; after=11,TEST_EVENT_SPECIAL_NATIONAL_0377_UNLOCK|_CANCEL|_RESET|_FULL|_SUCCESS|_DUPLICATE,古代巨人の封印: 三つの石室を順に解放。全捕獲でレジギガス条件を立てる。 既存条件文=殿堂入り＋点字石板3枚
EVENT_SPECIAL_NATIONAL_0378,ARC_ANCIENT_GIANTS,SPECIES_KEY_REGICE,KANTO,K27,KANTO_DUNGEON_MT_MOON_B2_F,97,3,OBJECT_REUSE,HOST_ANCIENT_GIANTS,1,KANTO_DUNGEON_MT_MOON_B2_F_OBJECT_01_STUB,ACQ_HOST_SCRIPT_HOST_ANCIENT_GIANTS,13,7,3,OBJ_EVENT_GFX_FOSSIL,MOVEMENT_TYPE_FACE_DOWN,11,11,UNLOCK_HALL_OF_FAME,UNLOCK_HALL_OF_FAME AND (殿堂入り＋点字石板3枚),TALK_OR_EXAMINE_EXISTING_HOST,CHECK_UNLOCK|CHECK_LEDGER|OFFER|PREPARE|EXECUTE|COMMIT|RETRY|FULL|DONE,DIALOGUE_EVENT_SPECIAL_NATIONAL_0378,CAPTURE,75,REWARD_SPECIAL_NATIONAL_0378,LEDGER_BIT_EVENT_SPECIAL_NATIONAL_0378,VAR_KEY_ACQUISITION_SELECTION,SHARED_CAPTURE_KEY_NATIONAL_0378,failure/cancel/reset rollback; success ledger commit,capture: normal storage check; gift/egg: party then PC then queue,do not begin/consume/commit; show FULL and remain available,never hard-block on RTC; use ecology radar fixed-day/night selector,STANDARD_MESSAGE_YESNO_LIST_PARTY_PC,ACQ_RUNTIME_CAPTURE,scripts/build_acquisition_content.py,generated/map_scripts/HOST_ANCIENT_GIANTS.inc + generated/acquisition_event_defs.c,READY_TO_INTEGRATE,READY_TO_SERIALIZE; object delta=0; before=11; after=11,TEST_EVENT_SPECIAL_NATIONAL_0378_UNLOCK|_CANCEL|_RESET|_FULL|_SUCCESS|_DUPLICATE,古代巨人の封印: 三つの石室を順に解放。全捕獲でレジギガス条件を立てる。 既存条件文=殿堂入り＋点字石板3枚
EVENT_SPECIAL_NATIONAL_0379,ARC_ANCIENT_GIANTS,SPECIES_KEY_REGISTEEL,KANTO,K27,KANTO_DUNGEON_MT_MOON_B2_F,97,3,OBJECT_REUSE,HOST_ANCIENT_GIANTS,1,KANTO_DUNGEON_MT_MOON_B2_F_OBJECT_01_STUB,ACQ_HOST_SCRIPT_HOST_ANCIENT_GIANTS,13,7,3,OBJ_EVENT_GFX_FOSSIL,MOVEMENT_TYPE_FACE_DOWN,11,11,UNLOCK_HALL_OF_FAME,UNLOCK_HALL_OF_FAME AND (殿堂入り＋点字石板3枚),TALK_OR_EXAMINE_EXISTING_HOST,CHECK_UNLOCK|CHECK_LEDGER|OFFER|PREPARE|EXECUTE|COMMIT|RETRY|FULL|DONE,DIALOGUE_EVENT_SPECIAL_NATIONAL_0379,CAPTURE,75,REWARD_SPECIAL_NATIONAL_0379,LEDGER_BIT_EVENT_SPECIAL_NATIONAL_0379,VAR_KEY_ACQUISITION_SELECTION,SHARED_CAPTURE_KEY_NATIONAL_0379,failure/cancel/reset rollback; success ledger commit,capture: normal storage check; gift/egg: party then PC then queue,do not begin/consume/commit; show FULL and remain available,never hard-block on RTC; use ecology radar fixed-day/night selector,STANDARD_MESSAGE_YESNO_LIST_PARTY_PC,ACQ_RUNTIME_CAPTURE,scripts/build_acquisition_content.py,generated/map_scripts/HOST_ANCIENT_GIANTS.inc + generated/acquisition_event_defs.c,READY_TO_INTEGRATE,READY_TO_SERIALIZE; object delta=0; before=11; after=11,TEST_EVENT_SPECIAL_NATIONAL_0379_UNLOCK|_CANCEL|_RESET|_FULL|_SUCCESS|_DUPLICATE,古代巨人の封印: 三つの石室を順に解放。全捕獲でレジギガス条件を立てる。 既存条件文=殿堂入り＋点字石板3枚
EVENT_SPECIAL_NATIONAL_0380,ARC_LEGACY_GUARDIANS,SPECIES_KEY_LATIAS,KANTO,K42,KANTO_INDOOR_INDIGO_PLATEAU_POKEMON_CENTER_1_F,98,80,OBJECT_REUSE,HOST_LEGACY_ARCHIVE,3,KANTO_INDOOR_INDIGO_PLATEAU_POKEMON_CENTER_1_F_OBJECT_03_STUB,ACQ_HOST_SCRIPT_HOST_LEGACY_ARCHIVE,7,14,3,OBJ_EVENT_GFX_GYM_GUY,MOVEMENT_TYPE_FACE_RIGHT,8,8,UNLOCK_SPECIAL_ARCHIVE,UNLOCK_SPECIAL_ARCHIVE AND (既存条件),TALK_OR_EXAMINE_EXISTING_HOST,CHECK_UNLOCK|CHECK_LEDGER|OFFER|PREPARE|EXECUTE|COMMIT|RETRY|FULL|DONE,DIALOGUE_EVENT_SPECIAL_NATIONAL_0380,CAPTURE,70,REWARD_SPECIAL_NATIONAL_0380,LEDGER_BIT_EVENT_SPECIAL_NATIONAL_0380,VAR_KEY_ACQUISITION_SELECTION,SHARED_CAPTURE_KEY_NATIONAL_0380,failure/cancel/reset rollback; success ledger commit,capture: normal storage check; gift/egg: party then PC then queue,do not begin/consume/commit; show FULL and remain available,never hard-block on RTC; use ecology radar fixed-day/night selector,STANDARD_MESSAGE_YESNO_LIST_PARTY_PC,ACQ_RUNTIME_CAPTURE,scripts/build_acquisition_content.py,generated/map_scripts/HOST_LEGACY_ARCHIVE.inc + generated/acquisition_event_defs.c,SCRIPT_PRESENT_ENTRY_UNVERIFIED_WITH_READY_KANTO_RESCUE,READY_TO_SERIALIZE; object delta=0; before=8; after=8,TEST_EVENT_SPECIAL_NATIONAL_0380_UNLOCK|_CANCEL|_RESET|_FULL|_SUCCESS|_DUPLICATE,ベガ遺産の守護者: 既存の固定シンボル・進化・配布条件を変更しない。再戦救済だけ追加。 既存条件文=既存条件
EVENT_SPECIAL_NATIONAL_0381,ARC_LEGACY_GUARDIANS,SPECIES_KEY_LATIOS,KANTO,K42,KANTO_INDOOR_INDIGO_PLATEAU_POKEMON_CENTER_1_F,98,80,OBJECT_REUSE,HOST_LEGACY_ARCHIVE,3,KANTO_INDOOR_INDIGO_PLATEAU_POKEMON_CENTER_1_F_OBJECT_03_STUB,ACQ_HOST_SCRIPT_HOST_LEGACY_ARCHIVE,7,14,3,OBJ_EVENT_GFX_GYM_GUY,MOVEMENT_TYPE_FACE_RIGHT,8,8,UNLOCK_SPECIAL_ARCHIVE,UNLOCK_SPECIAL_ARCHIVE AND (既存条件),TALK_OR_EXAMINE_EXISTING_HOST,CHECK_UNLOCK|CHECK_LEDGER|OFFER|PREPARE|EXECUTE|COMMIT|RETRY|FULL|DONE,DIALOGUE_EVENT_SPECIAL_NATIONAL_0381,CAPTURE,70,REWARD_SPECIAL_NATIONAL_0381,LEDGER_BIT_EVENT_SPECIAL_NATIONAL_0381,VAR_KEY_ACQUISITION_SELECTION,SHARED_CAPTURE_KEY_NATIONAL_0381,failure/cancel/reset rollback; success ledger commit,capture: normal storage check; gift/egg: party then PC then queue,do not begin/consume/commit; show FULL and remain available,never hard-block on RTC; use ecology radar fixed-day/night selector,STANDARD_MESSAGE_YESNO_LIST_PARTY_PC,ACQ_RUNTIME_CAPTURE,scripts/build_acquisition_content.py,generated/map_scripts/HOST_LEGACY_ARCHIVE.inc + generated/acquisition_event_defs.c,SCRIPT_PRESENT_ENTRY_UNVERIFIED_WITH_READY_KANTO_RESCUE,READY_TO_SERIALIZE; object delta=0; before=8; after=8,TEST_EVENT_SPECIAL_NATIONAL_0381_UNLOCK|_CANCEL|_RESET|_FULL|_SUCCESS|_DUPLICATE,ベガ遺産の守護者: 既存の固定シンボル・進化・配布条件を変更しない。再戦救済だけ追加。 既存条件文=既存条件
EVENT_SPECIAL_NATIONAL_0382,ARC_HOENN_RESONANCE,SPECIES_KEY_KYOGRE,KANTO,K39,KANTO_DUNGEON_POKEMON_MANSION_B1_F,97,62,OBJECT_REUSE,HOST_HOENN_SPACE,3,KANTO_DUNGEON_POKEMON_MANSION_B1_F_OBJECT_03_STUB,ACQ_HOST_SCRIPT_HOST_HOENN_SPACE,34,13,3,OBJ_EVENT_GFX_SCIENTIST,MOVEMENT_TYPE_FACE_DOWN,6,6,UNLOCK_HALL_OF_FAME,UNLOCK_HALL_OF_FAME AND (殿堂入り＋各島の環境調査),TALK_OR_EXAMINE_EXISTING_HOST,CHECK_UNLOCK|CHECK_LEDGER|OFFER|PREPARE|EXECUTE|COMMIT|RETRY|FULL|DONE,DIALOGUE_EVENT_SPECIAL_NATIONAL_0382,CAPTURE,75,REWARD_SPECIAL_NATIONAL_0382,LEDGER_BIT_EVENT_SPECIAL_NATIONAL_0382,VAR_KEY_ACQUISITION_SELECTION,SHARED_CAPTURE_KEY_NATIONAL_0382,failure/cancel/reset rollback; success ledger commit,capture: normal storage check; gift/egg: party then PC then queue,do not begin/consume/commit; show FULL and remain available,never hard-block on RTC; use ecology radar fixed-day/night selector,STANDARD_MESSAGE_YESNO_LIST_PARTY_PC,ACQ_RUNTIME_CAPTURE,scripts/build_acquisition_content.py,generated/map_scripts/HOST_HOENN_SPACE.inc + generated/acquisition_event_defs.c,READY_TO_INTEGRATE,READY_TO_SERIALIZE; object delta=0; before=6; after=6,TEST_EVENT_SPECIAL_NATIONAL_0382_UNLOCK|_CANCEL|_RESET|_FULL|_SUCCESS|_DUPLICATE,海・陸・空と星: 天候を正常化する短いダンジョン後に固定戦。 既存条件文=殿堂入り＋各島の環境調査
EVENT_SPECIAL_NATIONAL_0383,ARC_HOENN_RESONANCE,SPECIES_KEY_GROUDON,KANTO,K39,KANTO_DUNGEON_POKEMON_MANSION_B1_F,97,62,OBJECT_REUSE,HOST_HOENN_SPACE,3,KANTO_DUNGEON_POKEMON_MANSION_B1_F_OBJECT_03_STUB,ACQ_HOST_SCRIPT_HOST_HOENN_SPACE,34,13,3,OBJ_EVENT_GFX_SCIENTIST,MOVEMENT_TYPE_FACE_DOWN,6,6,UNLOCK_HALL_OF_FAME,UNLOCK_HALL_OF_FAME AND (殿堂入り＋各島の環境調査),TALK_OR_EXAMINE_EXISTING_HOST,CHECK_UNLOCK|CHECK_LEDGER|OFFER|PREPARE|EXECUTE|COMMIT|RETRY|FULL|DONE,DIALOGUE_EVENT_SPECIAL_NATIONAL_0383,CAPTURE,75,REWARD_SPECIAL_NATIONAL_0383,LEDGER_BIT_EVENT_SPECIAL_NATIONAL_0383,VAR_KEY_ACQUISITION_SELECTION,SHARED_CAPTURE_KEY_NATIONAL_0383,failure/cancel/reset rollback; success ledger commit,capture: normal storage check; gift/egg: party then PC then queue,do not begin/consume/commit; show FULL and remain available,never hard-block on RTC; use ecology radar fixed-day/night selector,STANDARD_MESSAGE_YESNO_LIST_PARTY_PC,ACQ_RUNTIME_CAPTURE,scripts/build_acquisition_content.py,generated/map_scripts/HOST_HOENN_SPACE.inc + generated/acquisition_event_defs.c,READY_TO_INTEGRATE,READY_TO_SERIALIZE; object delta=0; before=6; after=6,TEST_EVENT_SPECIAL_NATIONAL_0383_UNLOCK|_CANCEL|_RESET|_FULL|_SUCCESS|_DUPLICATE,海・陸・空と星: 天候を正常化する短いダンジョン後に固定戦。 既存条件文=殿堂入り＋各島の環境調査
EVENT_SPECIAL_NATIONAL_0384,ARC_HOENN_RESONANCE,SPECIES_KEY_RAYQUAZA,KANTO,K39,KANTO_DUNGEON_POKEMON_MANSION_B1_F,97,62,OBJECT_REUSE,HOST_HOENN_SPACE,3,KANTO_DUNGEON_POKEMON_MANSION_B1_F_OBJECT_03_STUB,ACQ_HOST_SCRIPT_HOST_HOENN_SPACE,34,13,3,OBJ_EVENT_GFX_SCIENTIST,MOVEMENT_TYPE_FACE_DOWN,6,6,UNLOCK_HALL_OF_FAME,UNLOCK_HALL_OF_FAME AND (殿堂入り＋各島の環境調査),TALK_OR_EXAMINE_EXISTING_HOST,CHECK_UNLOCK|CHECK_LEDGER|OFFER|PREPARE|EXECUTE|COMMIT|RETRY|FULL|DONE,DIALOGUE_EVENT_SPECIAL_NATIONAL_0384,CAPTURE,75,REWARD_SPECIAL_NATIONAL_0384,LEDGER_BIT_EVENT_SPECIAL_NATIONAL_0384,VAR_KEY_ACQUISITION_SELECTION,SHARED_CAPTURE_KEY_NATIONAL_0384,failure/cancel/reset rollback; success ledger commit,capture: normal storage check; gift/egg: party then PC then queue,do not begin/consume/commit; show FULL and remain available,never hard-block on RTC; use ecology radar fixed-day/night selector,STANDARD_MESSAGE_YESNO_LIST_PARTY_PC,ACQ_RUNTIME_CAPTURE,scripts/build_acquisition_content.py,generated/map_scripts/HOST_HOENN_SPACE.inc + generated/acquisition_event_defs.c,READY_TO_INTEGRATE,READY_TO_SERIALIZE; object delta=0; before=6; after=6,TEST_EVENT_SPECIAL_NATIONAL_0384_UNLOCK|_CANCEL|_RESET|_FULL|_SUCCESS|_DUPLICATE,海・陸・空と星: 天候を正常化する短いダンジョン後に固定戦。 既存条件文=殿堂入り＋各島の環境調査
EVENT_SPECIAL_NATIONAL_0385,ARC_HOENN_RESONANCE,SPECIES_KEY_JIRACHI,KANTO,K39,KANTO_DUNGEON_POKEMON_MANSION_B1_F,97,62,OBJECT_REUSE,HOST_HOENN_SPACE,3,KANTO_DUNGEON_POKEMON_MANSION_B1_F_OBJECT_03_STUB,ACQ_HOST_SCRIPT_HOST_HOENN_SPACE,34,13,3,OBJ_EVENT_GFX_SCIENTIST,MOVEMENT_TYPE_FACE_DOWN,6,6,UNLOCK_HALL_OF_FAME,UNLOCK_HALL_OF_FAME AND (殿堂入り＋ほしのかけら7個),TALK_OR_EXAMINE_EXISTING_HOST,CHECK_UNLOCK|CHECK_LEDGER|OFFER|PREPARE|EXECUTE|COMMIT|RETRY|FULL|DONE,DIALOGUE_EVENT_SPECIAL_NATIONAL_0385,CAPTURE,80,REWARD_SPECIAL_NATIONAL_0385,LEDGER_BIT_EVENT_SPECIAL_NATIONAL_0385,VAR_KEY_ACQUISITION_SELECTION,SHARED_CAPTURE_KEY_NATIONAL_0385,failure/cancel/reset rollback; success ledger commit,capture: normal storage check; gift/egg: party then PC then queue,do not begin/consume/commit; show FULL and remain available,never hard-block on RTC; use ecology radar fixed-day/night selector,STANDARD_MESSAGE_YESNO_LIST_PARTY_PC,ACQ_RUNTIME_CAPTURE,scripts/build_acquisition_content.py,generated/map_scripts/HOST_HOENN_SPACE.inc + generated/acquisition_event_defs.c,READY_TO_INTEGRATE,READY_TO_SERIALIZE; object delta=0; before=6; after=6,TEST_EVENT_SPECIAL_NATIONAL_0385_UNLOCK|_CANCEL|_RESET|_FULL|_SUCCESS|_DUPLICATE,海・陸・空と星: 夜空観測イベント。RTCなしでも観測装置で夜に固定可能。 既存条件文=殿堂入り＋ほしのかけら7個
EVENT_SPECIAL_NATIONAL_0386,ARC_HOENN_RESONANCE,SPECIES_KEY_DEOXYS,KANTO,K39,KANTO_DUNGEON_POKEMON_MANSION_B1_F,97,62,OBJECT_REUSE,HOST_HOENN_SPACE,3,KANTO_DUNGEON_POKEMON_MANSION_B1_F_OBJECT_03_STUB,ACQ_HOST_SCRIPT_HOST_HOENN_SPACE,34,13,3,OBJ_EVENT_GFX_SCIENTIST,MOVEMENT_TYPE_FACE_DOWN,6,6,UNLOCK_HALL_OF_FAME,UNLOCK_HALL_OF_FAME AND (殿堂入り＋いんせき入手),TALK_OR_EXAMINE_EXISTING_HOST,CHECK_UNLOCK|CHECK_LEDGER|OFFER|PREPARE|EXECUTE|COMMIT|RETRY|FULL|DONE,DIALOGUE_EVENT_SPECIAL_NATIONAL_0386,CAPTURE,80,REWARD_SPECIAL_NATIONAL_0386,LEDGER_BIT_EVENT_SPECIAL_NATIONAL_0386,VAR_KEY_ACQUISITION_SELECTION,SHARED_CAPTURE_KEY_NATIONAL_0386,failure/cancel/reset rollback; success ledger commit,capture: normal storage check; gift/egg: party then PC then queue,do not begin/consume/commit; show FULL and remain available,never hard-block on RTC; use ecology radar fixed-day/night selector,STANDARD_MESSAGE_YESNO_LIST_PARTY_PC,ACQ_RUNTIME_CAPTURE,scripts/build_acquisition_content.py,generated/map_scripts/HOST_HOENN_SPACE.inc + generated/acquisition_event_defs.c,READY_TO_INTEGRATE,READY_TO_SERIALIZE; object delta=0; before=6; after=6,TEST_EVENT_SPECIAL_NATIONAL_0386_UNLOCK|_CANCEL|_RESET|_FULL|_SUCCESS|_DUPLICATE,海・陸・空と星: 培養槽停止後に固定戦。フォルムは隕石端末で変更。 既存条件文=殿堂入り＋いんせき入手
EVENT_SPECIAL_NATIONAL_0480,ARC_SINNOH_RIFT,SPECIES_KEY_UXIE,KANTO,K43,KANTO_DUNGEON_CERULEAN_CAVE_2_F,97,73,OBJECT_REUSE,HOST_LAKE_RIFT,1,KANTO_DUNGEON_CERULEAN_CAVE_2_F_OBJECT_01_STUB,ACQ_HOST_SCRIPT_HOST_LAKE_RIFT,9,18,3,OBJ_EVENT_GFX_ITEM_BALL,MOVEMENT_TYPE_FACE_DOWN,13,13,UNLOCK_HALL_OF_FAME,UNLOCK_HALL_OF_FAME AND (殿堂入り＋三湖の調査),TALK_OR_EXAMINE_EXISTING_HOST,CHECK_UNLOCK|CHECK_LEDGER|OFFER|PREPARE|EXECUTE|COMMIT|RETRY|FULL|DONE,DIALOGUE_EVENT_SPECIAL_NATIONAL_0480,CAPTURE,75,REWARD_SPECIAL_NATIONAL_0480,LEDGER_BIT_EVENT_SPECIAL_NATIONAL_0480,VAR_KEY_ACQUISITION_SELECTION,SHARED_CAPTURE_KEY_NATIONAL_0480,failure/cancel/reset rollback; success ledger commit,capture: normal storage check; gift/egg: party then PC then queue,do not begin/consume/commit; show FULL and remain available,never hard-block on RTC; use ecology radar fixed-day/night selector,STANDARD_MESSAGE_YESNO_LIST_PARTY_PC,ACQ_RUNTIME_CAPTURE,scripts/build_acquisition_content.py,generated/map_scripts/HOST_LAKE_RIFT.inc + generated/acquisition_event_defs.c,READY_TO_INTEGRATE,READY_TO_SERIALIZE; object delta=0; before=13; after=13,TEST_EVENT_SPECIAL_NATIONAL_0480_UNLOCK|_CANCEL|_RESET|_FULL|_SUCCESS|_DUPLICATE,湖と時空の裂け目: 三体は逃走せず固定戦。エムリットのみ短い徘徊演出を選択可。 既存条件文=殿堂入り＋三湖の調査
EVENT_SPECIAL_NATIONAL_0481,ARC_SINNOH_RIFT,SPECIES_KEY_MESPRIT,KANTO,K43,KANTO_DUNGEON_CERULEAN_CAVE_2_F,97,73,OBJECT_REUSE,HOST_LAKE_RIFT,1,KANTO_DUNGEON_CERULEAN_CAVE_2_F_OBJECT_01_STUB,ACQ_HOST_SCRIPT_HOST_LAKE_RIFT,9,18,3,OBJ_EVENT_GFX_ITEM_BALL,MOVEMENT_TYPE_FACE_DOWN,13,13,UNLOCK_HALL_OF_FAME,UNLOCK_HALL_OF_FAME AND (殿堂入り＋三湖の調査),TALK_OR_EXAMINE_EXISTING_HOST,CHECK_UNLOCK|CHECK_LEDGER|OFFER|PREPARE|EXECUTE|COMMIT|RETRY|FULL|DONE,DIALOGUE_EVENT_SPECIAL_NATIONAL_0481,CAPTURE,75,REWARD_SPECIAL_NATIONAL_0481,LEDGER_BIT_EVENT_SPECIAL_NATIONAL_0481,VAR_KEY_ACQUISITION_SELECTION,SHARED_CAPTURE_KEY_NATIONAL_0481,failure/cancel/reset rollback; success ledger commit,capture: normal storage check; gift/egg: party then PC then queue,do not begin/consume/commit; show FULL and remain available,never hard-block on RTC; use ecology radar fixed-day/night selector,STANDARD_MESSAGE_YESNO_LIST_PARTY_PC,ACQ_RUNTIME_CAPTURE,scripts/build_acquisition_content.py,generated/map_scripts/HOST_LAKE_RIFT.inc + generated/acquisition_event_defs.c,READY_TO_INTEGRATE,READY_TO_SERIALIZE; object delta=0; before=13; after=13,TEST_EVENT_SPECIAL_NATIONAL_0481_UNLOCK|_CANCEL|_RESET|_FULL|_SUCCESS|_DUPLICATE,湖と時空の裂け目: 三体は逃走せず固定戦。エムリットのみ短い徘徊演出を選択可。 既存条件文=殿堂入り＋三湖の調査
EVENT_SPECIAL_NATIONAL_0482,ARC_SINNOH_RIFT,SPECIES_KEY_AZELF,KANTO,K43,KANTO_DUNGEON_CERULEAN_CAVE_2_F,97,73,OBJECT_REUSE,HOST_LAKE_RIFT,1,KANTO_DUNGEON_CERULEAN_CAVE_2_F_OBJECT_01_STUB,ACQ_HOST_SCRIPT_HOST_LAKE_RIFT,9,18,3,OBJ_EVENT_GFX_ITEM_BALL,MOVEMENT_TYPE_FACE_DOWN,13,13,UNLOCK_HALL_OF_FAME,UNLOCK_HALL_OF_FAME AND (殿堂入り＋三湖の調査),TALK_OR_EXAMINE_EXISTING_HOST,CHECK_UNLOCK|CHECK_LEDGER|OFFER|PREPARE|EXECUTE|COMMIT|RETRY|FULL|DONE,DIALOGUE_EVENT_SPECIAL_NATIONAL_0482,CAPTURE,75,REWARD_SPECIAL_NATIONAL_0482,LEDGER_BIT_EVENT_SPECIAL_NATIONAL_0482,VAR_KEY_ACQUISITION_SELECTION,SHARED_CAPTURE_KEY_NATIONAL_0482,failure/cancel/reset rollback; success ledger commit,capture: normal storage check; gift/egg: party then PC then queue,do not begin/consume/commit; show FULL and remain available,never hard-block on RTC; use ecology radar fixed-day/night selector,STANDARD_MESSAGE_YESNO_LIST_PARTY_PC,ACQ_RUNTIME_CAPTURE,scripts/build_acquisition_content.py,generated/map_scripts/HOST_LAKE_RIFT.inc + generated/acquisition_event_defs.c,READY_TO_INTEGRATE,READY_TO_SERIALIZE; object delta=0; before=13; after=13,TEST_EVENT_SPECIAL_NATIONAL_0482_UNLOCK|_CANCEL|_RESET|_FULL|_SUCCESS|_DUPLICATE,湖と時空の裂け目: 三体は逃走せず固定戦。エムリットのみ短い徘徊演出を選択可。 既存条件文=殿堂入り＋三湖の調査
EVENT_SPECIAL_NATIONAL_0483,ARC_LEGACY_GUARDIANS,SPECIES_KEY_DIALGA,KANTO,K42,KANTO_INDOOR_INDIGO_PLATEAU_POKEMON_CENTER_1_F,98,80,OBJECT_REUSE,HOST_LEGACY_ARCHIVE,3,KANTO_INDOOR_INDIGO_PLATEAU_POKEMON_CENTER_1_F_OBJECT_03_STUB,ACQ_HOST_SCRIPT_HOST_LEGACY_ARCHIVE,7,14,3,OBJ_EVENT_GFX_GYM_GUY,MOVEMENT_TYPE_FACE_RIGHT,8,8,UNLOCK_SPECIAL_ARCHIVE,UNLOCK_SPECIAL_ARCHIVE AND (既存条件),TALK_OR_EXAMINE_EXISTING_HOST,CHECK_UNLOCK|CHECK_LEDGER|OFFER|PREPARE|EXECUTE|COMMIT|RETRY|FULL|DONE,DIALOGUE_EVENT_SPECIAL_NATIONAL_0483,CAPTURE,70,REWARD_SPECIAL_NATIONAL_0483,LEDGER_BIT_EVENT_SPECIAL_NATIONAL_0483,VAR_KEY_ACQUISITION_SELECTION,SHARED_CAPTURE_KEY_NATIONAL_0483,failure/cancel/reset rollback; success ledger commit,capture: normal storage check; gift/egg: party then PC then queue,do not begin/consume/commit; show FULL and remain available,never hard-block on RTC; use ecology radar fixed-day/night selector,STANDARD_MESSAGE_YESNO_LIST_PARTY_PC,ACQ_RUNTIME_CAPTURE,scripts/build_acquisition_content.py,generated/map_scripts/HOST_LEGACY_ARCHIVE.inc + generated/acquisition_event_defs.c,SCRIPT_PRESENT_ENTRY_UNVERIFIED_WITH_READY_KANTO_RESCUE,READY_TO_SERIALIZE; object delta=0; before=8; after=8,TEST_EVENT_SPECIAL_NATIONAL_0483_UNLOCK|_CANCEL|_RESET|_FULL|_SUCCESS|_DUPLICATE,ベガ遺産の守護者: 既存の固定シンボル・進化・配布条件を変更しない。再戦救済だけ追加。 既存条件文=既存条件
EVENT_SPECIAL_NATIONAL_0484,ARC_LEGACY_GUARDIANS,SPECIES_KEY_PALKIA,KANTO,K42,KANTO_INDOOR_INDIGO_PLATEAU_POKEMON_CENTER_1_F,98,80,OBJECT_REUSE,HOST_LEGACY_ARCHIVE,3,KANTO_INDOOR_INDIGO_PLATEAU_POKEMON_CENTER_1_F_OBJECT_03_STUB,ACQ_HOST_SCRIPT_HOST_LEGACY_ARCHIVE,7,14,3,OBJ_EVENT_GFX_GYM_GUY,MOVEMENT_TYPE_FACE_RIGHT,8,8,UNLOCK_SPECIAL_ARCHIVE,UNLOCK_SPECIAL_ARCHIVE AND (既存条件),TALK_OR_EXAMINE_EXISTING_HOST,CHECK_UNLOCK|CHECK_LEDGER|OFFER|PREPARE|EXECUTE|COMMIT|RETRY|FULL|DONE,DIALOGUE_EVENT_SPECIAL_NATIONAL_0484,CAPTURE,70,REWARD_SPECIAL_NATIONAL_0484,LEDGER_BIT_EVENT_SPECIAL_NATIONAL_0484,VAR_KEY_ACQUISITION_SELECTION,SHARED_CAPTURE_KEY_NATIONAL_0484,failure/cancel/reset rollback; success ledger commit,capture: normal storage check; gift/egg: party then PC then queue,do not begin/consume/commit; show FULL and remain available,never hard-block on RTC; use ecology radar fixed-day/night selector,STANDARD_MESSAGE_YESNO_LIST_PARTY_PC,ACQ_RUNTIME_CAPTURE,scripts/build_acquisition_content.py,generated/map_scripts/HOST_LEGACY_ARCHIVE.inc + generated/acquisition_event_defs.c,SCRIPT_PRESENT_ENTRY_UNVERIFIED_WITH_READY_KANTO_RESCUE,READY_TO_SERIALIZE; object delta=0; before=8; after=8,TEST_EVENT_SPECIAL_NATIONAL_0484_UNLOCK|_CANCEL|_RESET|_FULL|_SUCCESS|_DUPLICATE,ベガ遺産の守護者: 既存の固定シンボル・進化・配布条件を変更しない。再戦救済だけ追加。 既存条件文=既存条件
EVENT_SPECIAL_NATIONAL_0485,ARC_LEGACY_GUARDIANS,SPECIES_KEY_HEATRAN,KANTO,K42,KANTO_INDOOR_INDIGO_PLATEAU_POKEMON_CENTER_1_F,98,80,OBJECT_REUSE,HOST_LEGACY_ARCHIVE,3,KANTO_INDOOR_INDIGO_PLATEAU_POKEMON_CENTER_1_F_OBJECT_03_STUB,ACQ_HOST_SCRIPT_HOST_LEGACY_ARCHIVE,7,14,3,OBJ_EVENT_GFX_GYM_GUY,MOVEMENT_TYPE_FACE_RIGHT,8,8,UNLOCK_SPECIAL_ARCHIVE,UNLOCK_SPECIAL_ARCHIVE AND (既存条件),TALK_OR_EXAMINE_EXISTING_HOST,CHECK_UNLOCK|CHECK_LEDGER|OFFER|PREPARE|EXECUTE|COMMIT|RETRY|FULL|DONE,DIALOGUE_EVENT_SPECIAL_NATIONAL_0485,CAPTURE,70,REWARD_SPECIAL_NATIONAL_0485,LEDGER_BIT_EVENT_SPECIAL_NATIONAL_0485,VAR_KEY_ACQUISITION_SELECTION,SHARED_CAPTURE_KEY_NATIONAL_0485,failure/cancel/reset rollback; success ledger commit,capture: normal storage check; gift/egg: party then PC then queue,do not begin/consume/commit; show FULL and remain available,never hard-block on RTC; use ecology radar fixed-day/night selector,STANDARD_MESSAGE_YESNO_LIST_PARTY_PC,ACQ_RUNTIME_CAPTURE,scripts/build_acquisition_content.py,generated/map_scripts/HOST_LEGACY_ARCHIVE.inc + generated/acquisition_event_defs.c,SCRIPT_PRESENT_ENTRY_UNVERIFIED_WITH_READY_KANTO_RESCUE,READY_TO_SERIALIZE; object delta=0; before=8; after=8,TEST_EVENT_SPECIAL_NATIONAL_0485_UNLOCK|_CANCEL|_RESET|_FULL|_SUCCESS|_DUPLICATE,ベガ遺産の守護者: 既存の固定シンボル・進化・配布条件を変更しない。再戦救済だけ追加。 既存条件文=既存条件
EVENT_SPECIAL_NATIONAL_0486,ARC_ANCIENT_GIANTS,SPECIES_KEY_REGIGIGAS,KANTO,K27,KANTO_DUNGEON_MT_MOON_B2_F,97,3,OBJECT_REUSE,HOST_ANCIENT_GIANTS,1,KANTO_DUNGEON_MT_MOON_B2_F_OBJECT_01_STUB,ACQ_HOST_SCRIPT_HOST_ANCIENT_GIANTS,13,7,3,OBJ_EVENT_GFX_FOSSIL,MOVEMENT_TYPE_FACE_DOWN,11,11,UNLOCK_HALL_OF_FAME,UNLOCK_HALL_OF_FAME AND (6体のレジ系登録),TALK_OR_EXAMINE_EXISTING_HOST,CHECK_UNLOCK|CHECK_LEDGER|OFFER|PREPARE|EXECUTE|COMMIT|RETRY|FULL|DONE,DIALOGUE_EVENT_SPECIAL_NATIONAL_0486,CAPTURE,75,REWARD_SPECIAL_NATIONAL_0486,LEDGER_BIT_EVENT_SPECIAL_NATIONAL_0486,VAR_KEY_ACQUISITION_SELECTION,SHARED_CAPTURE_KEY_NATIONAL_0486,failure/cancel/reset rollback; success ledger commit,capture: normal storage check; gift/egg: party then PC then queue,do not begin/consume/commit; show FULL and remain available,never hard-block on RTC; use ecology radar fixed-day/night selector,STANDARD_MESSAGE_YESNO_LIST_PARTY_PC,ACQ_RUNTIME_CAPTURE,scripts/build_acquisition_content.py,generated/map_scripts/HOST_ANCIENT_GIANTS.inc + generated/acquisition_event_defs.c,READY_TO_INTEGRATE,READY_TO_SERIALIZE; object delta=0; before=11; after=11,TEST_EVENT_SPECIAL_NATIONAL_0486_UNLOCK|_CANCEL|_RESET|_FULL|_SUCCESS|_DUPLICATE,古代巨人の封印: 石像に6つの紋章をはめて固定戦。 既存条件文=6体のレジ系登録
EVENT_SPECIAL_NATIONAL_0487,ARC_SINNOH_RIFT,SPECIES_KEY_GIRATINA,KANTO,K43,KANTO_DUNGEON_CERULEAN_CAVE_2_F,97,73,OBJECT_REUSE,HOST_LAKE_RIFT,1,KANTO_DUNGEON_CERULEAN_CAVE_2_F_OBJECT_01_STUB,ACQ_HOST_SCRIPT_HOST_LAKE_RIFT,9,18,3,OBJ_EVENT_GFX_ITEM_BALL,MOVEMENT_TYPE_FACE_DOWN,13,13,UNLOCK_HALL_OF_FAME,UNLOCK_HALL_OF_FAME AND (殿堂入り＋時空イベント完了),TALK_OR_EXAMINE_EXISTING_HOST,CHECK_UNLOCK|CHECK_LEDGER|OFFER|PREPARE|EXECUTE|COMMIT|RETRY|FULL|DONE,DIALOGUE_EVENT_SPECIAL_NATIONAL_0487,CAPTURE,75,REWARD_SPECIAL_NATIONAL_0487,LEDGER_BIT_EVENT_SPECIAL_NATIONAL_0487,VAR_KEY_ACQUISITION_SELECTION,SHARED_CAPTURE_KEY_NATIONAL_0487,failure/cancel/reset rollback; success ledger commit,capture: normal storage check; gift/egg: party then PC then queue,do not begin/consume/commit; show FULL and remain available,never hard-block on RTC; use ecology radar fixed-day/night selector,STANDARD_MESSAGE_YESNO_LIST_PARTY_PC,ACQ_RUNTIME_CAPTURE,scripts/build_acquisition_content.py,generated/map_scripts/HOST_LAKE_RIFT.inc + generated/acquisition_event_defs.c,READY_TO_INTEGRATE,READY_TO_SERIALIZE; object delta=0; before=13; after=13,TEST_EVENT_SPECIAL_NATIONAL_0487_UNLOCK|_CANCEL|_RESET|_FULL|_SUCCESS|_DUPLICATE,湖と時空の裂け目: 満月と新月を端末で切替え、それぞれ固定戦。 既存条件文=殿堂入り＋時空イベント完了
EVENT_SPECIAL_NATIONAL_0488,ARC_SINNOH_RIFT,SPECIES_KEY_CRESSELIA,KANTO,K43,KANTO_DUNGEON_CERULEAN_CAVE_2_F,97,73,OBJECT_REUSE,HOST_LAKE_RIFT,1,KANTO_DUNGEON_CERULEAN_CAVE_2_F_OBJECT_01_STUB,ACQ_HOST_SCRIPT_HOST_LAKE_RIFT,9,18,3,OBJ_EVENT_GFX_ITEM_BALL,MOVEMENT_TYPE_FACE_DOWN,13,13,UNLOCK_HALL_OF_FAME,UNLOCK_HALL_OF_FAME AND (殿堂入り＋時空イベント完了),TALK_OR_EXAMINE_EXISTING_HOST,CHECK_UNLOCK|CHECK_LEDGER|OFFER|PREPARE|EXECUTE|COMMIT|RETRY|FULL|DONE,DIALOGUE_EVENT_SPECIAL_NATIONAL_0488,CAPTURE,75,REWARD_SPECIAL_NATIONAL_0488,LEDGER_BIT_EVENT_SPECIAL_NATIONAL_0488,VAR_KEY_ACQUISITION_SELECTION,SHARED_CAPTURE_KEY_NATIONAL_0488,failure/cancel/reset rollback; success ledger commit,capture: normal storage check; gift/egg: party then PC then queue,do not begin/consume/commit; show FULL and remain available,never hard-block on RTC; use ecology radar fixed-day/night selector,STANDARD_MESSAGE_YESNO_LIST_PARTY_PC,ACQ_RUNTIME_CAPTURE,scripts/build_acquisition_content.py,generated/map_scripts/HOST_LAKE_RIFT.inc + generated/acquisition_event_defs.c,READY_TO_INTEGRATE,READY_TO_SERIALIZE; object delta=0; before=13; after=13,TEST_EVENT_SPECIAL_NATIONAL_0488_UNLOCK|_CANCEL|_RESET|_FULL|_SUCCESS|_DUPLICATE,湖と時空の裂け目: 満月と新月を端末で切替え、それぞれ固定戦。 既存条件文=殿堂入り＋時空イベント完了
EVENT_SPECIAL_NATIONAL_0489,ARC_LEGACY_GUARDIANS,SPECIES_KEY_PHIONE,KANTO,K42,KANTO_INDOOR_INDIGO_PLATEAU_POKEMON_CENTER_1_F,98,80,OBJECT_REUSE,HOST_LEGACY_ARCHIVE,3,KANTO_INDOOR_INDIGO_PLATEAU_POKEMON_CENTER_1_F_OBJECT_03_STUB,ACQ_HOST_SCRIPT_HOST_LEGACY_ARCHIVE,7,14,3,OBJ_EVENT_GFX_GYM_GUY,MOVEMENT_TYPE_FACE_RIGHT,8,8,UNLOCK_SPECIAL_ARCHIVE,UNLOCK_SPECIAL_ARCHIVE AND (既存条件),TALK_OR_EXAMINE_EXISTING_HOST,CHECK_UNLOCK|CHECK_LEDGER|OFFER|PREPARE|EXECUTE|COMMIT|RETRY|FULL|DONE,DIALOGUE_EVENT_SPECIAL_NATIONAL_0489,EGG,,REWARD_SPECIAL_NATIONAL_0489,LEDGER_BIT_EVENT_SPECIAL_NATIONAL_0489,VAR_KEY_ACQUISITION_SELECTION,SHARED_CAPTURE_KEY_NATIONAL_0489,failure/cancel/reset rollback; success ledger commit,capture: normal storage check; gift/egg: party then PC then queue,do not begin/consume/commit; show FULL and remain available,never hard-block on RTC; use ecology radar fixed-day/night selector,STANDARD_MESSAGE_YESNO_LIST_PARTY_PC,ACQ_RUNTIME_EGG,scripts/build_acquisition_content.py,generated/map_scripts/HOST_LEGACY_ARCHIVE.inc + generated/acquisition_event_defs.c,SCRIPT_PRESENT_ENTRY_UNVERIFIED_WITH_READY_KANTO_RESCUE,READY_TO_SERIALIZE; object delta=0; before=8; after=8,TEST_EVENT_SPECIAL_NATIONAL_0489_UNLOCK|_CANCEL|_RESET|_FULL|_SUCCESS|_DUPLICATE,ベガ遺産の守護者: 既存の固定シンボル・進化・配布条件を変更しない。再戦救済だけ追加。 既存条件文=既存条件
EVENT_SPECIAL_NATIONAL_0490,ARC_LEGACY_GUARDIANS,SPECIES_KEY_MANAPHY,KANTO,K42,KANTO_INDOOR_INDIGO_PLATEAU_POKEMON_CENTER_1_F,98,80,OBJECT_REUSE,HOST_LEGACY_ARCHIVE,3,KANTO_INDOOR_INDIGO_PLATEAU_POKEMON_CENTER_1_F_OBJECT_03_STUB,ACQ_HOST_SCRIPT_HOST_LEGACY_ARCHIVE,7,14,3,OBJ_EVENT_GFX_GYM_GUY,MOVEMENT_TYPE_FACE_RIGHT,8,8,UNLOCK_SPECIAL_ARCHIVE,UNLOCK_SPECIAL_ARCHIVE AND (既存条件),TALK_OR_EXAMINE_EXISTING_HOST,CHECK_UNLOCK|CHECK_LEDGER|OFFER|PREPARE|EXECUTE|COMMIT|RETRY|FULL|DONE,DIALOGUE_EVENT_SPECIAL_NATIONAL_0490,CAPTURE,70,REWARD_SPECIAL_NATIONAL_0490,LEDGER_BIT_EVENT_SPECIAL_NATIONAL_0490,VAR_KEY_ACQUISITION_SELECTION,SHARED_CAPTURE_KEY_NATIONAL_0490,failure/cancel/reset rollback; success ledger commit,capture: normal storage check; gift/egg: party then PC then queue,do not begin/consume/commit; show FULL and remain available,never hard-block on RTC; use ecology radar fixed-day/night selector,STANDARD_MESSAGE_YESNO_LIST_PARTY_PC,ACQ_RUNTIME_CAPTURE,scripts/build_acquisition_content.py,generated/map_scripts/HOST_LEGACY_ARCHIVE.inc + generated/acquisition_event_defs.c,SCRIPT_PRESENT_ENTRY_UNVERIFIED_WITH_READY_KANTO_RESCUE,READY_TO_SERIALIZE; object delta=0; before=8; after=8,TEST_EVENT_SPECIAL_NATIONAL_0490_UNLOCK|_CANCEL|_RESET|_FULL|_SUCCESS|_DUPLICATE,ベガ遺産の守護者: 既存の固定シンボル・進化・配布条件を変更しない。再戦救済だけ追加。 既存条件文=既存条件
EVENT_SPECIAL_NATIONAL_0491,ARC_LEGACY_GUARDIANS,SPECIES_KEY_DARKRAI,KANTO,K42,KANTO_INDOOR_INDIGO_PLATEAU_POKEMON_CENTER_1_F,98,80,OBJECT_REUSE,HOST_LEGACY_ARCHIVE,3,KANTO_INDOOR_INDIGO_PLATEAU_POKEMON_CENTER_1_F_OBJECT_03_STUB,ACQ_HOST_SCRIPT_HOST_LEGACY_ARCHIVE,7,14,3,OBJ_EVENT_GFX_GYM_GUY,MOVEMENT_TYPE_FACE_RIGHT,8,8,UNLOCK_SPECIAL_ARCHIVE,UNLOCK_SPECIAL_ARCHIVE AND (既存条件),TALK_OR_EXAMINE_EXISTING_HOST,CHECK_UNLOCK|CHECK_LEDGER|OFFER|PREPARE|EXECUTE|COMMIT|RETRY|FULL|DONE,DIALOGUE_EVENT_SPECIAL_NATIONAL_0491,CAPTURE,70,REWARD_SPECIAL_NATIONAL_0491,LEDGER_BIT_EVENT_SPECIAL_NATIONAL_0491,VAR_KEY_ACQUISITION_SELECTION,SHARED_CAPTURE_KEY_NATIONAL_0491,failure/cancel/reset rollback; success ledger commit,capture: normal storage check; gift/egg: party then PC then queue,do not begin/consume/commit; show FULL and remain available,never hard-block on RTC; use ecology radar fixed-day/night selector,STANDARD_MESSAGE_YESNO_LIST_PARTY_PC,ACQ_RUNTIME_CAPTURE,scripts/build_acquisition_content.py,generated/map_scripts/HOST_LEGACY_ARCHIVE.inc + generated/acquisition_event_defs.c,SCRIPT_PRESENT_ENTRY_UNVERIFIED_WITH_READY_KANTO_RESCUE,READY_TO_SERIALIZE; object delta=0; before=8; after=8,TEST_EVENT_SPECIAL_NATIONAL_0491_UNLOCK|_CANCEL|_RESET|_FULL|_SUCCESS|_DUPLICATE,ベガ遺産の守護者: 既存の固定シンボル・進化・配布条件を変更しない。再戦救済だけ追加。 既存条件文=既存条件
EVENT_SPECIAL_NATIONAL_0492,ARC_SINNOH_RIFT,SPECIES_KEY_SHAYMIN,KANTO,K43,KANTO_DUNGEON_CERULEAN_CAVE_2_F,97,73,OBJECT_REUSE,HOST_LAKE_RIFT,1,KANTO_DUNGEON_CERULEAN_CAVE_2_F_OBJECT_01_STUB,ACQ_HOST_SCRIPT_HOST_LAKE_RIFT,9,18,3,OBJ_EVENT_GFX_ITEM_BALL,MOVEMENT_TYPE_FACE_DOWN,13,13,UNLOCK_HALL_OF_FAME,UNLOCK_HALL_OF_FAME AND (全国研究ランク3),TALK_OR_EXAMINE_EXISTING_HOST,CHECK_UNLOCK|CHECK_LEDGER|OFFER|PREPARE|EXECUTE|COMMIT|RETRY|FULL|DONE,DIALOGUE_EVENT_SPECIAL_NATIONAL_0492,CAPTURE,80,REWARD_SPECIAL_NATIONAL_0492,LEDGER_BIT_EVENT_SPECIAL_NATIONAL_0492,VAR_KEY_ACQUISITION_SELECTION,SHARED_CAPTURE_KEY_NATIONAL_0492,failure/cancel/reset rollback; success ledger commit,capture: normal storage check; gift/egg: party then PC then queue,do not begin/consume/commit; show FULL and remain available,never hard-block on RTC; use ecology radar fixed-day/night selector,STANDARD_MESSAGE_YESNO_LIST_PARTY_PC,ACQ_RUNTIME_CAPTURE,scripts/build_acquisition_content.py,generated/map_scripts/HOST_LAKE_RIFT.inc + generated/acquisition_event_defs.c,READY_TO_INTEGRATE,READY_TO_SERIALIZE; object delta=0; before=13; after=13,TEST_EVENT_SPECIAL_NATIONAL_0492_UNLOCK|_CANCEL|_RESET|_FULL|_SUCCESS|_DUPLICATE,湖と時空の裂け目: 汚染された花畑を回復。グラシデアも同時解禁。 既存条件文=全国研究ランク3
EVENT_SPECIAL_NATIONAL_0493,ARC_SINNOH_RIFT,SPECIES_KEY_ARCEUS,KANTO,K43,KANTO_DUNGEON_CERULEAN_CAVE_2_F,97,73,OBJECT_REUSE,HOST_LAKE_RIFT,1,KANTO_DUNGEON_CERULEAN_CAVE_2_F_OBJECT_01_STUB,ACQ_HOST_SCRIPT_HOST_LAKE_RIFT,9,18,3,OBJ_EVENT_GFX_ITEM_BALL,MOVEMENT_TYPE_FACE_DOWN,13,13,UNLOCK_HALL_OF_FAME,UNLOCK_HALL_OF_FAME AND (各世代伝説アーク10件完了),TALK_OR_EXAMINE_EXISTING_HOST,CHECK_UNLOCK|CHECK_LEDGER|OFFER|PREPARE|EXECUTE|COMMIT|RETRY|FULL|DONE,DIALOGUE_EVENT_SPECIAL_NATIONAL_0493,CAPTURE,100,REWARD_SPECIAL_NATIONAL_0493,LEDGER_BIT_EVENT_SPECIAL_NATIONAL_0493,VAR_KEY_ACQUISITION_SELECTION,SHARED_CAPTURE_KEY_NATIONAL_0493,failure/cancel/reset rollback; success ledger commit,capture: normal storage check; gift/egg: party then PC then queue,do not begin/consume/commit; show FULL and remain available,never hard-block on RTC; use ecology radar fixed-day/night selector,STANDARD_MESSAGE_YESNO_LIST_PARTY_PC,ACQ_RUNTIME_CAPTURE,scripts/build_acquisition_content.py,generated/map_scripts/HOST_LAKE_RIFT.inc + generated/acquisition_event_defs.c,READY_TO_INTEGRATE,READY_TO_SERIALIZE; object delta=0; before=13; after=13,TEST_EVENT_SPECIAL_NATIONAL_0493_UNLOCK|_CANCEL|_RESET|_FULL|_SUCCESS|_DUPLICATE,湖と時空の裂け目: プレート収集を簡略化し、代表18枚ではなく6属性章で解禁。 既存条件文=各世代伝説アーク10件完了
EVENT_SPECIAL_NATIONAL_0494,ARC_SINNOH_RIFT,SPECIES_KEY_VICTINI,KANTO,K43,KANTO_DUNGEON_CERULEAN_CAVE_2_F,97,73,OBJECT_REUSE,HOST_LAKE_RIFT,1,KANTO_DUNGEON_CERULEAN_CAVE_2_F_OBJECT_01_STUB,ACQ_HOST_SCRIPT_HOST_LAKE_RIFT,9,18,3,OBJ_EVENT_GFX_ITEM_BALL,MOVEMENT_TYPE_FACE_DOWN,13,13,UNLOCK_HALL_OF_FAME,UNLOCK_HALL_OF_FAME AND (殿堂入り＋連勝10),TALK_OR_EXAMINE_EXISTING_HOST,CHECK_UNLOCK|CHECK_LEDGER|OFFER|PREPARE|EXECUTE|COMMIT|RETRY|FULL|DONE,DIALOGUE_EVENT_SPECIAL_NATIONAL_0494,CAPTURE,80,REWARD_SPECIAL_NATIONAL_0494,LEDGER_BIT_EVENT_SPECIAL_NATIONAL_0494,VAR_KEY_ACQUISITION_SELECTION,SHARED_CAPTURE_KEY_NATIONAL_0494,failure/cancel/reset rollback; success ledger commit,capture: normal storage check; gift/egg: party then PC then queue,do not begin/consume/commit; show FULL and remain available,never hard-block on RTC; use ecology radar fixed-day/night selector,STANDARD_MESSAGE_YESNO_LIST_PARTY_PC,ACQ_RUNTIME_CAPTURE,scripts/build_acquisition_content.py,generated/map_scripts/HOST_LAKE_RIFT.inc + generated/acquisition_event_defs.c,READY_TO_INTEGRATE,READY_TO_SERIALIZE; object delta=0; before=13; after=13,TEST_EVENT_SPECIAL_NATIONAL_0494_UNLOCK|_CANCEL|_RESET|_FULL|_SUCCESS|_DUPLICATE,湖と時空の裂け目: 塔の試練後に固定戦。 既存条件文=殿堂入り＋連勝10
EVENT_SPECIAL_NATIONAL_0638,ARC_UNOVA_OATH,SPECIES_KEY_COBALION,KANTO,K41,KANTO_INDOOR_SAFFRON_CITY_DOJO,98,84,OBJECT_REUSE,HOST_SWORDS,5,KANTO_INDOOR_SAFFRON_CITY_DOJO_OBJECT_05_STUB,ACQ_HOST_SCRIPT_HOST_SWORDS,6,5,3,OBJ_EVENT_GFX_BLACK_BELT,MOVEMENT_TYPE_FACE_DOWN,7,7,UNLOCK_HALL_OF_FAME,UNLOCK_HALL_OF_FAME AND (殿堂入り＋格闘調査),TALK_OR_EXAMINE_EXISTING_HOST,CHECK_UNLOCK|CHECK_LEDGER|OFFER|PREPARE|EXECUTE|COMMIT|RETRY|FULL|DONE,DIALOGUE_EVENT_SPECIAL_NATIONAL_0638,CAPTURE,75,REWARD_SPECIAL_NATIONAL_0638,LEDGER_BIT_EVENT_SPECIAL_NATIONAL_0638,VAR_KEY_ACQUISITION_SELECTION,SHARED_CAPTURE_KEY_NATIONAL_0638,failure/cancel/reset rollback; success ledger commit,capture: normal storage check; gift/egg: party then PC then queue,do not begin/consume/commit; show FULL and remain available,never hard-block on RTC; use ecology radar fixed-day/night selector,STANDARD_MESSAGE_YESNO_LIST_PARTY_PC,ACQ_RUNTIME_CAPTURE,scripts/build_acquisition_content.py,generated/map_scripts/HOST_SWORDS.inc + generated/acquisition_event_defs.c,READY_TO_INTEGRATE,READY_TO_SERIALIZE; object delta=0; before=7; after=7,TEST_EVENT_SPECIAL_NATIONAL_0638_UNLOCK|_CANCEL|_RESET|_FULL|_SUCCESS|_DUPLICATE,聖剣・四風・白黒炉心: 三つの実戦課題をクリアして順番に固定戦。 既存条件文=殿堂入り＋格闘調査
EVENT_SPECIAL_NATIONAL_0639,ARC_UNOVA_OATH,SPECIES_KEY_TERRAKION,KANTO,K41,KANTO_INDOOR_SAFFRON_CITY_DOJO,98,84,OBJECT_REUSE,HOST_SWORDS,5,KANTO_INDOOR_SAFFRON_CITY_DOJO_OBJECT_05_STUB,ACQ_HOST_SCRIPT_HOST_SWORDS,6,5,3,OBJ_EVENT_GFX_BLACK_BELT,MOVEMENT_TYPE_FACE_DOWN,7,7,UNLOCK_HALL_OF_FAME,UNLOCK_HALL_OF_FAME AND (殿堂入り＋格闘調査),TALK_OR_EXAMINE_EXISTING_HOST,CHECK_UNLOCK|CHECK_LEDGER|OFFER|PREPARE|EXECUTE|COMMIT|RETRY|FULL|DONE,DIALOGUE_EVENT_SPECIAL_NATIONAL_0639,CAPTURE,75,REWARD_SPECIAL_NATIONAL_0639,LEDGER_BIT_EVENT_SPECIAL_NATIONAL_0639,VAR_KEY_ACQUISITION_SELECTION,SHARED_CAPTURE_KEY_NATIONAL_0639,failure/cancel/reset rollback; success ledger commit,capture: normal storage check; gift/egg: party then PC then queue,do not begin/consume/commit; show FULL and remain available,never hard-block on RTC; use ecology radar fixed-day/night selector,STANDARD_MESSAGE_YESNO_LIST_PARTY_PC,ACQ_RUNTIME_CAPTURE,scripts/build_acquisition_content.py,generated/map_scripts/HOST_SWORDS.inc + generated/acquisition_event_defs.c,READY_TO_INTEGRATE,READY_TO_SERIALIZE; object delta=0; before=7; after=7,TEST_EVENT_SPECIAL_NATIONAL_0639_UNLOCK|_CANCEL|_RESET|_FULL|_SUCCESS|_DUPLICATE,聖剣・四風・白黒炉心: 三つの実戦課題をクリアして順番に固定戦。 既存条件文=殿堂入り＋格闘調査
EVENT_SPECIAL_NATIONAL_0640,ARC_UNOVA_OATH,SPECIES_KEY_VIRIZION,KANTO,K41,KANTO_INDOOR_SAFFRON_CITY_DOJO,98,84,OBJECT_REUSE,HOST_SWORDS,5,KANTO_INDOOR_SAFFRON_CITY_DOJO_OBJECT_05_STUB,ACQ_HOST_SCRIPT_HOST_SWORDS,6,5,3,OBJ_EVENT_GFX_BLACK_BELT,MOVEMENT_TYPE_FACE_DOWN,7,7,UNLOCK_HALL_OF_FAME,UNLOCK_HALL_OF_FAME AND (殿堂入り＋格闘調査),TALK_OR_EXAMINE_EXISTING_HOST,CHECK_UNLOCK|CHECK_LEDGER|OFFER|PREPARE|EXECUTE|COMMIT|RETRY|FULL|DONE,DIALOGUE_EVENT_SPECIAL_NATIONAL_0640,CAPTURE,75,REWARD_SPECIAL_NATIONAL_0640,LEDGER_BIT_EVENT_SPECIAL_NATIONAL_0640,VAR_KEY_ACQUISITION_SELECTION,SHARED_CAPTURE_KEY_NATIONAL_0640,failure/cancel/reset rollback; success ledger commit,capture: normal storage check; gift/egg: party then PC then queue,do not begin/consume/commit; show FULL and remain available,never hard-block on RTC; use ecology radar fixed-day/night selector,STANDARD_MESSAGE_YESNO_LIST_PARTY_PC,ACQ_RUNTIME_CAPTURE,scripts/build_acquisition_content.py,generated/map_scripts/HOST_SWORDS.inc + generated/acquisition_event_defs.c,READY_TO_INTEGRATE,READY_TO_SERIALIZE; object delta=0; before=7; after=7,TEST_EVENT_SPECIAL_NATIONAL_0640_UNLOCK|_CANCEL|_RESET|_FULL|_SUCCESS|_DUPLICATE,聖剣・四風・白黒炉心: 三つの実戦課題をクリアして順番に固定戦。 既存条件文=殿堂入り＋格闘調査
EVENT_SPECIAL_NATIONAL_0641,ARC_UNOVA_OATH,SPECIES_KEY_TORNADUS,KANTO,K41,KANTO_INDOOR_SAFFRON_CITY_DOJO,98,84,OBJECT_REUSE,HOST_SWORDS,5,KANTO_INDOOR_SAFFRON_CITY_DOJO_OBJECT_05_STUB,ACQ_HOST_SCRIPT_HOST_SWORDS,6,5,3,OBJ_EVENT_GFX_BLACK_BELT,MOVEMENT_TYPE_FACE_DOWN,7,7,UNLOCK_HALL_OF_FAME,UNLOCK_HALL_OF_FAME AND (殿堂入り＋天候観測器),TALK_OR_EXAMINE_EXISTING_HOST,CHECK_UNLOCK|CHECK_LEDGER|OFFER|PREPARE|EXECUTE|COMMIT|RETRY|FULL|DONE,DIALOGUE_EVENT_SPECIAL_NATIONAL_0641,CAPTURE,75,REWARD_SPECIAL_NATIONAL_0641,LEDGER_BIT_EVENT_SPECIAL_NATIONAL_0641,VAR_KEY_ACQUISITION_SELECTION,SHARED_CAPTURE_KEY_NATIONAL_0641,failure/cancel/reset rollback; success ledger commit,capture: normal storage check; gift/egg: party then PC then queue,do not begin/consume/commit; show FULL and remain available,never hard-block on RTC; use ecology radar fixed-day/night selector,STANDARD_MESSAGE_YESNO_LIST_PARTY_PC,ACQ_RUNTIME_CAPTURE,scripts/build_acquisition_content.py,generated/map_scripts/HOST_SWORDS.inc + generated/acquisition_event_defs.c,READY_TO_INTEGRATE,READY_TO_SERIALIZE; object delta=0; before=7; after=7,TEST_EVENT_SPECIAL_NATIONAL_0641_UNLOCK|_CANCEL|_RESET|_FULL|_SUCCESS|_DUPLICATE,聖剣・四風・白黒炉心: 天候を切替えて固定戦。うつしかがみを同時入手。 既存条件文=殿堂入り＋天候観測器
EVENT_SPECIAL_NATIONAL_0642,ARC_UNOVA_OATH,SPECIES_KEY_THUNDURUS,KANTO,K41,KANTO_INDOOR_SAFFRON_CITY_DOJO,98,84,OBJECT_REUSE,HOST_SWORDS,5,KANTO_INDOOR_SAFFRON_CITY_DOJO_OBJECT_05_STUB,ACQ_HOST_SCRIPT_HOST_SWORDS,6,5,3,OBJ_EVENT_GFX_BLACK_BELT,MOVEMENT_TYPE_FACE_DOWN,7,7,UNLOCK_HALL_OF_FAME,UNLOCK_HALL_OF_FAME AND (殿堂入り＋天候観測器),TALK_OR_EXAMINE_EXISTING_HOST,CHECK_UNLOCK|CHECK_LEDGER|OFFER|PREPARE|EXECUTE|COMMIT|RETRY|FULL|DONE,DIALOGUE_EVENT_SPECIAL_NATIONAL_0642,CAPTURE,75,REWARD_SPECIAL_NATIONAL_0642,LEDGER_BIT_EVENT_SPECIAL_NATIONAL_0642,VAR_KEY_ACQUISITION_SELECTION,SHARED_CAPTURE_KEY_NATIONAL_0642,failure/cancel/reset rollback; success ledger commit,capture: normal storage check; gift/egg: party then PC then queue,do not begin/consume/commit; show FULL and remain available,never hard-block on RTC; use ecology radar fixed-day/night selector,STANDARD_MESSAGE_YESNO_LIST_PARTY_PC,ACQ_RUNTIME_CAPTURE,scripts/build_acquisition_content.py,generated/map_scripts/HOST_SWORDS.inc + generated/acquisition_event_defs.c,READY_TO_INTEGRATE,READY_TO_SERIALIZE; object delta=0; before=7; after=7,TEST_EVENT_SPECIAL_NATIONAL_0642_UNLOCK|_CANCEL|_RESET|_FULL|_SUCCESS|_DUPLICATE,聖剣・四風・白黒炉心: 天候を切替えて固定戦。うつしかがみを同時入手。 既存条件文=殿堂入り＋天候観測器
EVENT_SPECIAL_NATIONAL_0643,ARC_UNOVA_OATH,SPECIES_KEY_RESHIRAM,KANTO,K41,KANTO_INDOOR_SAFFRON_CITY_DOJO,98,84,OBJECT_REUSE,HOST_SWORDS,5,KANTO_INDOOR_SAFFRON_CITY_DOJO_OBJECT_05_STUB,ACQ_HOST_SCRIPT_HOST_SWORDS,6,5,3,OBJ_EVENT_GFX_BLACK_BELT,MOVEMENT_TYPE_FACE_DOWN,7,7,UNLOCK_HALL_OF_FAME,UNLOCK_HALL_OF_FAME AND (スフィアいせき後),TALK_OR_EXAMINE_EXISTING_HOST,CHECK_UNLOCK|CHECK_LEDGER|OFFER|PREPARE|EXECUTE|COMMIT|RETRY|FULL|DONE,DIALOGUE_EVENT_SPECIAL_NATIONAL_0643,CAPTURE,75,REWARD_SPECIAL_NATIONAL_0643,LEDGER_BIT_EVENT_SPECIAL_NATIONAL_0643,VAR_KEY_ACQUISITION_SELECTION,SHARED_CAPTURE_KEY_NATIONAL_0643,failure/cancel/reset rollback; success ledger commit,capture: normal storage check; gift/egg: party then PC then queue,do not begin/consume/commit; show FULL and remain available,never hard-block on RTC; use ecology radar fixed-day/night selector,STANDARD_MESSAGE_YESNO_LIST_PARTY_PC,ACQ_RUNTIME_CAPTURE,scripts/build_acquisition_content.py,generated/map_scripts/HOST_SWORDS.inc + generated/acquisition_event_defs.c,READY_TO_INTEGRATE,READY_TO_SERIALIZE; object delta=0; before=7; after=7,TEST_EVENT_SPECIAL_NATIONAL_0643_UNLOCK|_CANCEL|_RESET|_FULL|_SUCCESS|_DUPLICATE,聖剣・四風・白黒炉心: 二つのエネルギーセルを停止し、キュレムを含む三連イベント。合体器具も解禁。 既存条件文=スフィアいせき後
EVENT_SPECIAL_NATIONAL_0644,ARC_UNOVA_OATH,SPECIES_KEY_ZEKROM,KANTO,K41,KANTO_INDOOR_SAFFRON_CITY_DOJO,98,84,OBJECT_REUSE,HOST_SWORDS,5,KANTO_INDOOR_SAFFRON_CITY_DOJO_OBJECT_05_STUB,ACQ_HOST_SCRIPT_HOST_SWORDS,6,5,3,OBJ_EVENT_GFX_BLACK_BELT,MOVEMENT_TYPE_FACE_DOWN,7,7,UNLOCK_HALL_OF_FAME,UNLOCK_HALL_OF_FAME AND (スフィアいせき後),TALK_OR_EXAMINE_EXISTING_HOST,CHECK_UNLOCK|CHECK_LEDGER|OFFER|PREPARE|EXECUTE|COMMIT|RETRY|FULL|DONE,DIALOGUE_EVENT_SPECIAL_NATIONAL_0644,CAPTURE,75,REWARD_SPECIAL_NATIONAL_0644,LEDGER_BIT_EVENT_SPECIAL_NATIONAL_0644,VAR_KEY_ACQUISITION_SELECTION,SHARED_CAPTURE_KEY_NATIONAL_0644,failure/cancel/reset rollback; success ledger commit,capture: normal storage check; gift/egg: party then PC then queue,do not begin/consume/commit; show FULL and remain available,never hard-block on RTC; use ecology radar fixed-day/night selector,STANDARD_MESSAGE_YESNO_LIST_PARTY_PC,ACQ_RUNTIME_CAPTURE,scripts/build_acquisition_content.py,generated/map_scripts/HOST_SWORDS.inc + generated/acquisition_event_defs.c,READY_TO_INTEGRATE,READY_TO_SERIALIZE; object delta=0; before=7; after=7,TEST_EVENT_SPECIAL_NATIONAL_0644_UNLOCK|_CANCEL|_RESET|_FULL|_SUCCESS|_DUPLICATE,聖剣・四風・白黒炉心: 二つのエネルギーセルを停止し、キュレムを含む三連イベント。合体器具も解禁。 既存条件文=スフィアいせき後
EVENT_SPECIAL_NATIONAL_0645,ARC_UNOVA_OATH,SPECIES_KEY_LANDORUS,KANTO,K41,KANTO_INDOOR_SAFFRON_CITY_DOJO,98,84,OBJECT_REUSE,HOST_SWORDS,5,KANTO_INDOOR_SAFFRON_CITY_DOJO_OBJECT_05_STUB,ACQ_HOST_SCRIPT_HOST_SWORDS,6,5,3,OBJ_EVENT_GFX_BLACK_BELT,MOVEMENT_TYPE_FACE_DOWN,7,7,UNLOCK_HALL_OF_FAME,UNLOCK_HALL_OF_FAME AND (殿堂入り＋天候観測器),TALK_OR_EXAMINE_EXISTING_HOST,CHECK_UNLOCK|CHECK_LEDGER|OFFER|PREPARE|EXECUTE|COMMIT|RETRY|FULL|DONE,DIALOGUE_EVENT_SPECIAL_NATIONAL_0645,CAPTURE,75,REWARD_SPECIAL_NATIONAL_0645,LEDGER_BIT_EVENT_SPECIAL_NATIONAL_0645,VAR_KEY_ACQUISITION_SELECTION,SHARED_CAPTURE_KEY_NATIONAL_0645,failure/cancel/reset rollback; success ledger commit,capture: normal storage check; gift/egg: party then PC then queue,do not begin/consume/commit; show FULL and remain available,never hard-block on RTC; use ecology radar fixed-day/night selector,STANDARD_MESSAGE_YESNO_LIST_PARTY_PC,ACQ_RUNTIME_CAPTURE,scripts/build_acquisition_content.py,generated/map_scripts/HOST_SWORDS.inc + generated/acquisition_event_defs.c,READY_TO_INTEGRATE,READY_TO_SERIALIZE; object delta=0; before=7; after=7,TEST_EVENT_SPECIAL_NATIONAL_0645_UNLOCK|_CANCEL|_RESET|_FULL|_SUCCESS|_DUPLICATE,聖剣・四風・白黒炉心: 天候を切替えて固定戦。うつしかがみを同時入手。 既存条件文=殿堂入り＋天候観測器
EVENT_SPECIAL_NATIONAL_0646,ARC_UNOVA_OATH,SPECIES_KEY_KYUREM,KANTO,K41,KANTO_INDOOR_SAFFRON_CITY_DOJO,98,84,OBJECT_REUSE,HOST_SWORDS,5,KANTO_INDOOR_SAFFRON_CITY_DOJO_OBJECT_05_STUB,ACQ_HOST_SCRIPT_HOST_SWORDS,6,5,3,OBJ_EVENT_GFX_BLACK_BELT,MOVEMENT_TYPE_FACE_DOWN,7,7,UNLOCK_HALL_OF_FAME,UNLOCK_HALL_OF_FAME AND (スフィアいせき後),TALK_OR_EXAMINE_EXISTING_HOST,CHECK_UNLOCK|CHECK_LEDGER|OFFER|PREPARE|EXECUTE|COMMIT|RETRY|FULL|DONE,DIALOGUE_EVENT_SPECIAL_NATIONAL_0646,CAPTURE,75,REWARD_SPECIAL_NATIONAL_0646,LEDGER_BIT_EVENT_SPECIAL_NATIONAL_0646,VAR_KEY_ACQUISITION_SELECTION,SHARED_CAPTURE_KEY_NATIONAL_0646,failure/cancel/reset rollback; success ledger commit,capture: normal storage check; gift/egg: party then PC then queue,do not begin/consume/commit; show FULL and remain available,never hard-block on RTC; use ecology radar fixed-day/night selector,STANDARD_MESSAGE_YESNO_LIST_PARTY_PC,ACQ_RUNTIME_CAPTURE,scripts/build_acquisition_content.py,generated/map_scripts/HOST_SWORDS.inc + generated/acquisition_event_defs.c,READY_TO_INTEGRATE,READY_TO_SERIALIZE; object delta=0; before=7; after=7,TEST_EVENT_SPECIAL_NATIONAL_0646_UNLOCK|_CANCEL|_RESET|_FULL|_SUCCESS|_DUPLICATE,聖剣・四風・白黒炉心: 二つのエネルギーセルを停止し、キュレムを含む三連イベント。合体器具も解禁。 既存条件文=スフィアいせき後
EVENT_SPECIAL_NATIONAL_0647,ARC_UNOVA_OATH,SPECIES_KEY_KELDEO,KANTO,K41,KANTO_INDOOR_SAFFRON_CITY_DOJO,98,84,OBJECT_REUSE,HOST_SWORDS,5,KANTO_INDOOR_SAFFRON_CITY_DOJO_OBJECT_05_STUB,ACQ_HOST_SCRIPT_HOST_SWORDS,6,5,3,OBJ_EVENT_GFX_BLACK_BELT,MOVEMENT_TYPE_FACE_DOWN,7,7,UNLOCK_HALL_OF_FAME,UNLOCK_HALL_OF_FAME AND (聖剣3体登録),TALK_OR_EXAMINE_EXISTING_HOST,CHECK_UNLOCK|CHECK_LEDGER|OFFER|PREPARE|EXECUTE|COMMIT|RETRY|FULL|DONE,DIALOGUE_EVENT_SPECIAL_NATIONAL_0647,CAPTURE,80,REWARD_SPECIAL_NATIONAL_0647,LEDGER_BIT_EVENT_SPECIAL_NATIONAL_0647,VAR_KEY_ACQUISITION_SELECTION,SHARED_CAPTURE_KEY_NATIONAL_0647,failure/cancel/reset rollback; success ledger commit,capture: normal storage check; gift/egg: party then PC then queue,do not begin/consume/commit; show FULL and remain available,never hard-block on RTC; use ecology radar fixed-day/night selector,STANDARD_MESSAGE_YESNO_LIST_PARTY_PC,ACQ_RUNTIME_CAPTURE,scripts/build_acquisition_content.py,generated/map_scripts/HOST_SWORDS.inc + generated/acquisition_event_defs.c,READY_TO_INTEGRATE,READY_TO_SERIALIZE; object delta=0; before=7; after=7,TEST_EVENT_SPECIAL_NATIONAL_0647_UNLOCK|_CANCEL|_RESET|_FULL|_SUCCESS|_DUPLICATE,聖剣・四風・白黒炉心: 水上のリングを巡るタイムアタック後に固定戦。 既存条件文=聖剣3体登録
EVENT_SPECIAL_NATIONAL_0648,ARC_UNOVA_OATH,SPECIES_KEY_MELOETTA,KANTO,K41,KANTO_INDOOR_SAFFRON_CITY_DOJO,98,84,OBJECT_REUSE,HOST_SWORDS,5,KANTO_INDOOR_SAFFRON_CITY_DOJO_OBJECT_05_STUB,ACQ_HOST_SCRIPT_HOST_SWORDS,6,5,3,OBJ_EVENT_GFX_BLACK_BELT,MOVEMENT_TYPE_FACE_DOWN,7,7,UNLOCK_HALL_OF_FAME,UNLOCK_HALL_OF_FAME AND (殿堂入り＋音符アイテム4個),TALK_OR_EXAMINE_EXISTING_HOST,CHECK_UNLOCK|CHECK_LEDGER|OFFER|PREPARE|EXECUTE|COMMIT|RETRY|FULL|DONE,DIALOGUE_EVENT_SPECIAL_NATIONAL_0648,CAPTURE,80,REWARD_SPECIAL_NATIONAL_0648,LEDGER_BIT_EVENT_SPECIAL_NATIONAL_0648,VAR_KEY_ACQUISITION_SELECTION,SHARED_CAPTURE_KEY_NATIONAL_0648,failure/cancel/reset rollback; success ledger commit,capture: normal storage check; gift/egg: party then PC then queue,do not begin/consume/commit; show FULL and remain available,never hard-block on RTC; use ecology radar fixed-day/night selector,STANDARD_MESSAGE_YESNO_LIST_PARTY_PC,ACQ_RUNTIME_CAPTURE,scripts/build_acquisition_content.py,generated/map_scripts/HOST_SWORDS.inc + generated/acquisition_event_defs.c,READY_TO_INTEGRATE,READY_TO_SERIALIZE; object delta=0; before=7; after=7,TEST_EVENT_SPECIAL_NATIONAL_0648_UNLOCK|_CANCEL|_RESET|_FULL|_SUCCESS|_DUPLICATE,聖剣・四風・白黒炉心: 地方各地の演奏家から音符を集め、舞台で固定戦。 既存条件文=殿堂入り＋音符アイテム4個
EVENT_SPECIAL_NATIONAL_0649,ARC_UNOVA_OATH,SPECIES_KEY_GENESECT,KANTO,K41,KANTO_INDOOR_SAFFRON_CITY_DOJO,98,84,OBJECT_REUSE,HOST_SWORDS,5,KANTO_INDOOR_SAFFRON_CITY_DOJO_OBJECT_05_STUB,ACQ_HOST_SCRIPT_HOST_SWORDS,6,5,3,OBJ_EVENT_GFX_BLACK_BELT,MOVEMENT_TYPE_FACE_DOWN,7,7,UNLOCK_HALL_OF_FAME,UNLOCK_HALL_OF_FAME AND (殿堂入り＋研究ランク4),TALK_OR_EXAMINE_EXISTING_HOST,CHECK_UNLOCK|CHECK_LEDGER|OFFER|PREPARE|EXECUTE|COMMIT|RETRY|FULL|DONE,DIALOGUE_EVENT_SPECIAL_NATIONAL_0649,CAPTURE,80,REWARD_SPECIAL_NATIONAL_0649,LEDGER_BIT_EVENT_SPECIAL_NATIONAL_0649,VAR_KEY_ACQUISITION_SELECTION,SHARED_CAPTURE_KEY_NATIONAL_0649,failure/cancel/reset rollback; success ledger commit,capture: normal storage check; gift/egg: party then PC then queue,do not begin/consume/commit; show FULL and remain available,never hard-block on RTC; use ecology radar fixed-day/night selector,STANDARD_MESSAGE_YESNO_LIST_PARTY_PC,ACQ_RUNTIME_CAPTURE,scripts/build_acquisition_content.py,generated/map_scripts/HOST_SWORDS.inc + generated/acquisition_event_defs.c,READY_TO_INTEGRATE,READY_TO_SERIALIZE; object delta=0; before=7; after=7,TEST_EVENT_SPECIAL_NATIONAL_0649_UNLOCK|_CANCEL|_RESET|_FULL|_SUCCESS|_DUPLICATE,聖剣・四風・白黒炉心: 復元端末にカセット4種を登録して固定戦。 既存条件文=殿堂入り＋研究ランク4
EVENT_SPECIAL_NATIONAL_0716,ARC_KALOS_BALANCE,SPECIES_KEY_XERNEAS,KANTO,K26,KANTO_DUNGEON_VIRIDIAN_FOREST,97,0,OBJECT_REUSE,HOST_KALOS_BALANCE,1,KANTO_DUNGEON_VIRIDIAN_FOREST_OBJECT_01_STUB,ACQ_HOST_SCRIPT_HOST_KALOS_BALANCE,29,58,3,OBJ_EVENT_GFX_YOUNGSTER,MOVEMENT_TYPE_FACE_UP,11,11,UNLOCK_RESEARCH_RANK_4,UNLOCK_RESEARCH_RANK_4 AND (全国研究ランク4),TALK_OR_EXAMINE_EXISTING_HOST,CHECK_UNLOCK|CHECK_LEDGER|OFFER|PREPARE|EXECUTE|COMMIT|RETRY|FULL|DONE,DIALOGUE_EVENT_SPECIAL_NATIONAL_0716,CAPTURE,75,REWARD_SPECIAL_NATIONAL_0716,LEDGER_BIT_EVENT_SPECIAL_NATIONAL_0716,VAR_KEY_ACQUISITION_SELECTION,SHARED_CAPTURE_KEY_NATIONAL_0716,failure/cancel/reset rollback; success ledger commit,capture: normal storage check; gift/egg: party then PC then queue,do not begin/consume/commit; show FULL and remain available,never hard-block on RTC; use ecology radar fixed-day/night selector,STANDARD_MESSAGE_YESNO_LIST_PARTY_PC,ACQ_RUNTIME_CAPTURE,scripts/build_acquisition_content.py,generated/map_scripts/HOST_KALOS_BALANCE.inc + generated/acquisition_event_defs.c,READY_TO_INTEGRATE,READY_TO_SERIALIZE; object delta=0; before=11; after=11,TEST_EVENT_SPECIAL_NATIONAL_0716_UNLOCK|_CANCEL|_RESET|_FULL|_SUCCESS|_DUPLICATE,生命・破壊・秩序: 環境ゲージを均衡させる。ジガルデセル収集は50個に圧縮。 既存条件文=全国研究ランク4
EVENT_SPECIAL_NATIONAL_0717,ARC_KALOS_BALANCE,SPECIES_KEY_YVELTAL,KANTO,K26,KANTO_DUNGEON_VIRIDIAN_FOREST,97,0,OBJECT_REUSE,HOST_KALOS_BALANCE,1,KANTO_DUNGEON_VIRIDIAN_FOREST_OBJECT_01_STUB,ACQ_HOST_SCRIPT_HOST_KALOS_BALANCE,29,58,3,OBJ_EVENT_GFX_YOUNGSTER,MOVEMENT_TYPE_FACE_UP,11,11,UNLOCK_RESEARCH_RANK_4,UNLOCK_RESEARCH_RANK_4 AND (全国研究ランク4),TALK_OR_EXAMINE_EXISTING_HOST,CHECK_UNLOCK|CHECK_LEDGER|OFFER|PREPARE|EXECUTE|COMMIT|RETRY|FULL|DONE,DIALOGUE_EVENT_SPECIAL_NATIONAL_0717,CAPTURE,75,REWARD_SPECIAL_NATIONAL_0717,LEDGER_BIT_EVENT_SPECIAL_NATIONAL_0717,VAR_KEY_ACQUISITION_SELECTION,SHARED_CAPTURE_KEY_NATIONAL_0717,failure/cancel/reset rollback; success ledger commit,capture: normal storage check; gift/egg: party then PC then queue,do not begin/consume/commit; show FULL and remain available,never hard-block on RTC; use ecology radar fixed-day/night selector,STANDARD_MESSAGE_YESNO_LIST_PARTY_PC,ACQ_RUNTIME_CAPTURE,scripts/build_acquisition_content.py,generated/map_scripts/HOST_KALOS_BALANCE.inc + generated/acquisition_event_defs.c,READY_TO_INTEGRATE,READY_TO_SERIALIZE; object delta=0; before=11; after=11,TEST_EVENT_SPECIAL_NATIONAL_0717_UNLOCK|_CANCEL|_RESET|_FULL|_SUCCESS|_DUPLICATE,生命・破壊・秩序: 環境ゲージを均衡させる。ジガルデセル収集は50個に圧縮。 既存条件文=全国研究ランク4
EVENT_SPECIAL_NATIONAL_0718,ARC_KALOS_BALANCE,SPECIES_KEY_ZYGARDE,KANTO,K26,KANTO_DUNGEON_VIRIDIAN_FOREST,97,0,OBJECT_REUSE,HOST_KALOS_BALANCE,1,KANTO_DUNGEON_VIRIDIAN_FOREST_OBJECT_01_STUB,ACQ_HOST_SCRIPT_HOST_KALOS_BALANCE,29,58,3,OBJ_EVENT_GFX_YOUNGSTER,MOVEMENT_TYPE_FACE_UP,11,11,UNLOCK_RESEARCH_RANK_4,UNLOCK_RESEARCH_RANK_4 AND (全国研究ランク4),TALK_OR_EXAMINE_EXISTING_HOST,CHECK_UNLOCK|CHECK_LEDGER|OFFER|PREPARE|EXECUTE|COMMIT|RETRY|FULL|DONE,DIALOGUE_EVENT_SPECIAL_NATIONAL_0718,CAPTURE,75,REWARD_SPECIAL_NATIONAL_0718,LEDGER_BIT_EVENT_SPECIAL_NATIONAL_0718,VAR_KEY_ACQUISITION_SELECTION,SHARED_CAPTURE_KEY_NATIONAL_0718,failure/cancel/reset rollback; success ledger commit,capture: normal storage check; gift/egg: party then PC then queue,do not begin/consume/commit; show FULL and remain available,never hard-block on RTC; use ecology radar fixed-day/night selector,STANDARD_MESSAGE_YESNO_LIST_PARTY_PC,ACQ_RUNTIME_CAPTURE,scripts/build_acquisition_content.py,generated/map_scripts/HOST_KALOS_BALANCE.inc + generated/acquisition_event_defs.c,READY_TO_INTEGRATE,READY_TO_SERIALIZE; object delta=0; before=11; after=11,TEST_EVENT_SPECIAL_NATIONAL_0718_UNLOCK|_CANCEL|_RESET|_FULL|_SUCCESS|_DUPLICATE,生命・破壊・秩序: 環境ゲージを均衡させる。ジガルデセル収集は50個に圧縮。 既存条件文=全国研究ランク4
EVENT_SPECIAL_NATIONAL_0719,ARC_KALOS_BALANCE,SPECIES_KEY_DIANCIE,KANTO,K26,KANTO_DUNGEON_VIRIDIAN_FOREST,97,0,OBJECT_REUSE,HOST_KALOS_BALANCE,1,KANTO_DUNGEON_VIRIDIAN_FOREST_OBJECT_01_STUB,ACQ_HOST_SCRIPT_HOST_KALOS_BALANCE,29,58,3,OBJ_EVENT_GFX_YOUNGSTER,MOVEMENT_TYPE_FACE_UP,11,11,UNLOCK_RESEARCH_RANK_4,UNLOCK_RESEARCH_RANK_4 AND (殿堂入り＋鉱石納品),TALK_OR_EXAMINE_EXISTING_HOST,CHECK_UNLOCK|CHECK_LEDGER|OFFER|PREPARE|EXECUTE|COMMIT|RETRY|FULL|DONE,DIALOGUE_EVENT_SPECIAL_NATIONAL_0719,CAPTURE,80,REWARD_SPECIAL_NATIONAL_0719,LEDGER_BIT_EVENT_SPECIAL_NATIONAL_0719,VAR_KEY_ACQUISITION_SELECTION,SHARED_CAPTURE_KEY_NATIONAL_0719,failure/cancel/reset rollback; success ledger commit,capture: normal storage check; gift/egg: party then PC then queue,do not begin/consume/commit; show FULL and remain available,never hard-block on RTC; use ecology radar fixed-day/night selector,STANDARD_MESSAGE_YESNO_LIST_PARTY_PC,ACQ_RUNTIME_CAPTURE,scripts/build_acquisition_content.py,generated/map_scripts/HOST_KALOS_BALANCE.inc + generated/acquisition_event_defs.c,READY_TO_INTEGRATE,READY_TO_SERIALIZE; object delta=0; before=11; after=11,TEST_EVENT_SPECIAL_NATIONAL_0719_UNLOCK|_CANCEL|_RESET|_FULL|_SUCCESS|_DUPLICATE,生命・破壊・秩序: 鉱夫救助後に固定戦。 既存条件文=殿堂入り＋鉱石納品
EVENT_SPECIAL_NATIONAL_0720,ARC_KALOS_BALANCE,SPECIES_KEY_HOOPA,KANTO,K26,KANTO_DUNGEON_VIRIDIAN_FOREST,97,0,OBJECT_REUSE,HOST_KALOS_BALANCE,1,KANTO_DUNGEON_VIRIDIAN_FOREST_OBJECT_01_STUB,ACQ_HOST_SCRIPT_HOST_KALOS_BALANCE,29,58,3,OBJ_EVENT_GFX_YOUNGSTER,MOVEMENT_TYPE_FACE_UP,11,11,UNLOCK_RESEARCH_RANK_4,UNLOCK_RESEARCH_RANK_4 AND (殿堂入り＋各地の封印輪3個),TALK_OR_EXAMINE_EXISTING_HOST,CHECK_UNLOCK|CHECK_LEDGER|OFFER|PREPARE|EXECUTE|COMMIT|RETRY|FULL|DONE,DIALOGUE_EVENT_SPECIAL_NATIONAL_0720,CAPTURE,80,REWARD_SPECIAL_NATIONAL_0720,LEDGER_BIT_EVENT_SPECIAL_NATIONAL_0720,VAR_KEY_ACQUISITION_SELECTION,SHARED_CAPTURE_KEY_NATIONAL_0720,failure/cancel/reset rollback; success ledger commit,capture: normal storage check; gift/egg: party then PC then queue,do not begin/consume/commit; show FULL and remain available,never hard-block on RTC; use ecology radar fixed-day/night selector,STANDARD_MESSAGE_YESNO_LIST_PARTY_PC,ACQ_RUNTIME_CAPTURE,scripts/build_acquisition_content.py,generated/map_scripts/HOST_KALOS_BALANCE.inc + generated/acquisition_event_defs.c,READY_TO_INTEGRATE,READY_TO_SERIALIZE; object delta=0; before=11; after=11,TEST_EVENT_SPECIAL_NATIONAL_0720_UNLOCK|_CANCEL|_RESET|_FULL|_SUCCESS|_DUPLICATE,生命・破壊・秩序: 輪を開閉する短いワープパズル。 既存条件文=殿堂入り＋各地の封印輪3個
EVENT_SPECIAL_NATIONAL_0721,ARC_KALOS_BALANCE,SPECIES_KEY_VOLCANION,KANTO,K26,KANTO_DUNGEON_VIRIDIAN_FOREST,97,0,OBJECT_REUSE,HOST_KALOS_BALANCE,1,KANTO_DUNGEON_VIRIDIAN_FOREST_OBJECT_01_STUB,ACQ_HOST_SCRIPT_HOST_KALOS_BALANCE,29,58,3,OBJ_EVENT_GFX_YOUNGSTER,MOVEMENT_TYPE_FACE_UP,11,11,UNLOCK_RESEARCH_RANK_4,UNLOCK_RESEARCH_RANK_4 AND (殿堂入り＋ボルケニオン用圧力弁),TALK_OR_EXAMINE_EXISTING_HOST,CHECK_UNLOCK|CHECK_LEDGER|OFFER|PREPARE|EXECUTE|COMMIT|RETRY|FULL|DONE,DIALOGUE_EVENT_SPECIAL_NATIONAL_0721,CAPTURE,80,REWARD_SPECIAL_NATIONAL_0721,LEDGER_BIT_EVENT_SPECIAL_NATIONAL_0721,VAR_KEY_ACQUISITION_SELECTION,SHARED_CAPTURE_KEY_NATIONAL_0721,failure/cancel/reset rollback; success ledger commit,capture: normal storage check; gift/egg: party then PC then queue,do not begin/consume/commit; show FULL and remain available,never hard-block on RTC; use ecology radar fixed-day/night selector,STANDARD_MESSAGE_YESNO_LIST_PARTY_PC,ACQ_RUNTIME_CAPTURE,scripts/build_acquisition_content.py,generated/map_scripts/HOST_KALOS_BALANCE.inc + generated/acquisition_event_defs.c,READY_TO_INTEGRATE,READY_TO_SERIALIZE; object delta=0; before=11; after=11,TEST_EVENT_SPECIAL_NATIONAL_0721_UNLOCK|_CANCEL|_RESET|_FULL|_SUCCESS|_DUPLICATE,生命・破壊・秩序: 噴気孔を閉じて固定戦。 既存条件文=殿堂入り＋ボルケニオン用圧力弁
EVENT_SPECIAL_NATIONAL_0772,ARC_ALOLA_LIGHT,SPECIES_KEY_TYPE_NULL,KANTO,K38,KANTO_DUNGEON_SEAFOAM_ISLANDS_B4_F,97,87,OBJECT_REUSE,HOST_ALOLA_LIGHT,1,KANTO_DUNGEON_SEAFOAM_ISLANDS_B4_F_OBJECT_01_STUB,ACQ_HOST_SCRIPT_HOST_ALOLA_LIGHT,8,18,1,OBJ_EVENT_GFX_PUSHABLE_BOULDER,MOVEMENT_TYPE_FACE_DOWN,4,4,UNLOCK_HALL_OF_FAME,UNLOCK_HALL_OF_FAME AND (D・H残党イベント完了),TALK_OR_EXAMINE_EXISTING_HOST,CHECK_UNLOCK|CHECK_LEDGER|OFFER|PREPARE|EXECUTE|COMMIT|RETRY|FULL|DONE,DIALOGUE_EVENT_SPECIAL_NATIONAL_0772,GIFT,,REWARD_SPECIAL_NATIONAL_0772,LEDGER_BIT_EVENT_SPECIAL_NATIONAL_0772,VAR_KEY_ACQUISITION_SELECTION,SHARED_CAPTURE_KEY_NATIONAL_0772,failure/cancel/reset rollback; success ledger commit,capture: normal storage check; gift/egg: party then PC then queue,do not begin/consume/commit; show FULL and remain available,never hard-block on RTC; use ecology radar fixed-day/night selector,STANDARD_MESSAGE_YESNO_LIST_PARTY_PC,ACQ_RUNTIME_GIFT,scripts/build_acquisition_content.py,generated/map_scripts/HOST_ALOLA_LIGHT.inc + generated/acquisition_event_defs.c,READY_TO_INTEGRATE,READY_TO_SERIALIZE; object delta=0; before=4; after=4,TEST_EVENT_SPECIAL_NATIONAL_0772_UNLOCK|_CANCEL|_RESET|_FULL|_SUCCESS|_DUPLICATE,四島と星雲の子: タイプ：ヌルを譲渡。十分になつかせて通常進化。メモリは研究ランク報酬。 既存条件文=D・H残党イベント完了
EVENT_SPECIAL_NATIONAL_0773,ARC_ALOLA_LIGHT,SPECIES_KEY_SILVALLY,KANTO,K38,KANTO_DUNGEON_SEAFOAM_ISLANDS_B4_F,97,87,OBJECT_REUSE,HOST_ALOLA_LIGHT,1,KANTO_DUNGEON_SEAFOAM_ISLANDS_B4_F_OBJECT_01_STUB,ACQ_HOST_SCRIPT_HOST_ALOLA_LIGHT,8,18,1,OBJ_EVENT_GFX_PUSHABLE_BOULDER,MOVEMENT_TYPE_FACE_DOWN,4,4,UNLOCK_HALL_OF_FAME,UNLOCK_HALL_OF_FAME AND (D・H残党イベント完了),TALK_OR_EXAMINE_EXISTING_HOST,CHECK_UNLOCK|CHECK_LEDGER|OFFER|PREPARE|EXECUTE|COMMIT|RETRY|FULL|DONE,DIALOGUE_EVENT_SPECIAL_NATIONAL_0773,EVOLUTION_SUPPORT,,REWARD_SPECIAL_NATIONAL_0773,LEDGER_BIT_EVENT_SPECIAL_NATIONAL_0773,VAR_KEY_ACQUISITION_SELECTION,SHARED_CAPTURE_KEY_NATIONAL_0773,failure/cancel/reset rollback; success ledger commit,capture: normal storage check; gift/egg: party then PC then queue,do not begin/consume/commit; show FULL and remain available,never hard-block on RTC; use ecology radar fixed-day/night selector,STANDARD_MESSAGE_YESNO_LIST_PARTY_PC,ACQ_RUNTIME_EVOLUTION_SUPPORT,scripts/build_acquisition_content.py,generated/map_scripts/HOST_ALOLA_LIGHT.inc + generated/acquisition_event_defs.c,READY_TO_INTEGRATE,READY_TO_SERIALIZE; object delta=0; before=4; after=4,TEST_EVENT_SPECIAL_NATIONAL_0773_UNLOCK|_CANCEL|_RESET|_FULL|_SUCCESS|_DUPLICATE,四島と星雲の子: タイプ：ヌルを譲渡。十分になつかせて通常進化。メモリは研究ランク報酬。 既存条件文=D・H残党イベント完了
EVENT_SPECIAL_NATIONAL_0785,ARC_ALOLA_LIGHT,SPECIES_KEY_TAPU_KOKO,KANTO,K38,KANTO_DUNGEON_SEAFOAM_ISLANDS_B4_F,97,87,OBJECT_REUSE,HOST_ALOLA_LIGHT,1,KANTO_DUNGEON_SEAFOAM_ISLANDS_B4_F_OBJECT_01_STUB,ACQ_HOST_SCRIPT_HOST_ALOLA_LIGHT,8,18,1,OBJ_EVENT_GFX_PUSHABLE_BOULDER,MOVEMENT_TYPE_FACE_DOWN,4,4,UNLOCK_HALL_OF_FAME,UNLOCK_HALL_OF_FAME AND (殿堂入り＋各島試練),TALK_OR_EXAMINE_EXISTING_HOST,CHECK_UNLOCK|CHECK_LEDGER|OFFER|PREPARE|EXECUTE|COMMIT|RETRY|FULL|DONE,DIALOGUE_EVENT_SPECIAL_NATIONAL_0785,CAPTURE,75,REWARD_SPECIAL_NATIONAL_0785,LEDGER_BIT_EVENT_SPECIAL_NATIONAL_0785,VAR_KEY_ACQUISITION_SELECTION,SHARED_CAPTURE_KEY_NATIONAL_0785,failure/cancel/reset rollback; success ledger commit,capture: normal storage check; gift/egg: party then PC then queue,do not begin/consume/commit; show FULL and remain available,never hard-block on RTC; use ecology radar fixed-day/night selector,STANDARD_MESSAGE_YESNO_LIST_PARTY_PC,ACQ_RUNTIME_CAPTURE,scripts/build_acquisition_content.py,generated/map_scripts/HOST_ALOLA_LIGHT.inc + generated/acquisition_event_defs.c,READY_TO_INTEGRATE,READY_TO_SERIALIZE; object delta=0; before=4; after=4,TEST_EVENT_SPECIAL_NATIONAL_0785_UNLOCK|_CANCEL|_RESET|_FULL|_SUCCESS|_DUPLICATE,四島と星雲の子: 島ごとの3分程度の試練後に固定戦。 既存条件文=殿堂入り＋各島試練
EVENT_SPECIAL_NATIONAL_0786,ARC_ALOLA_LIGHT,SPECIES_KEY_TAPU_LELE,KANTO,K38,KANTO_DUNGEON_SEAFOAM_ISLANDS_B4_F,97,87,OBJECT_REUSE,HOST_ALOLA_LIGHT,1,KANTO_DUNGEON_SEAFOAM_ISLANDS_B4_F_OBJECT_01_STUB,ACQ_HOST_SCRIPT_HOST_ALOLA_LIGHT,8,18,1,OBJ_EVENT_GFX_PUSHABLE_BOULDER,MOVEMENT_TYPE_FACE_DOWN,4,4,UNLOCK_HALL_OF_FAME,UNLOCK_HALL_OF_FAME AND (殿堂入り＋各島試練),TALK_OR_EXAMINE_EXISTING_HOST,CHECK_UNLOCK|CHECK_LEDGER|OFFER|PREPARE|EXECUTE|COMMIT|RETRY|FULL|DONE,DIALOGUE_EVENT_SPECIAL_NATIONAL_0786,CAPTURE,75,REWARD_SPECIAL_NATIONAL_0786,LEDGER_BIT_EVENT_SPECIAL_NATIONAL_0786,VAR_KEY_ACQUISITION_SELECTION,SHARED_CAPTURE_KEY_NATIONAL_0786,failure/cancel/reset rollback; success ledger commit,capture: normal storage check; gift/egg: party then PC then queue,do not begin/consume/commit; show FULL and remain available,never hard-block on RTC; use ecology radar fixed-day/night selector,STANDARD_MESSAGE_YESNO_LIST_PARTY_PC,ACQ_RUNTIME_CAPTURE,scripts/build_acquisition_content.py,generated/map_scripts/HOST_ALOLA_LIGHT.inc + generated/acquisition_event_defs.c,READY_TO_INTEGRATE,READY_TO_SERIALIZE; object delta=0; before=4; after=4,TEST_EVENT_SPECIAL_NATIONAL_0786_UNLOCK|_CANCEL|_RESET|_FULL|_SUCCESS|_DUPLICATE,四島と星雲の子: 島ごとの3分程度の試練後に固定戦。 既存条件文=殿堂入り＋各島試練
EVENT_SPECIAL_NATIONAL_0787,ARC_ALOLA_LIGHT,SPECIES_KEY_TAPU_BULU,KANTO,K38,KANTO_DUNGEON_SEAFOAM_ISLANDS_B4_F,97,87,OBJECT_REUSE,HOST_ALOLA_LIGHT,1,KANTO_DUNGEON_SEAFOAM_ISLANDS_B4_F_OBJECT_01_STUB,ACQ_HOST_SCRIPT_HOST_ALOLA_LIGHT,8,18,1,OBJ_EVENT_GFX_PUSHABLE_BOULDER,MOVEMENT_TYPE_FACE_DOWN,4,4,UNLOCK_HALL_OF_FAME,UNLOCK_HALL_OF_FAME AND (殿堂入り＋各島試練),TALK_OR_EXAMINE_EXISTING_HOST,CHECK_UNLOCK|CHECK_LEDGER|OFFER|PREPARE|EXECUTE|COMMIT|RETRY|FULL|DONE,DIALOGUE_EVENT_SPECIAL_NATIONAL_0787,CAPTURE,75,REWARD_SPECIAL_NATIONAL_0787,LEDGER_BIT_EVENT_SPECIAL_NATIONAL_0787,VAR_KEY_ACQUISITION_SELECTION,SHARED_CAPTURE_KEY_NATIONAL_0787,failure/cancel/reset rollback; success ledger commit,capture: normal storage check; gift/egg: party then PC then queue,do not begin/consume/commit; show FULL and remain available,never hard-block on RTC; use ecology radar fixed-day/night selector,STANDARD_MESSAGE_YESNO_LIST_PARTY_PC,ACQ_RUNTIME_CAPTURE,scripts/build_acquisition_content.py,generated/map_scripts/HOST_ALOLA_LIGHT.inc + generated/acquisition_event_defs.c,READY_TO_INTEGRATE,READY_TO_SERIALIZE; object delta=0; before=4; after=4,TEST_EVENT_SPECIAL_NATIONAL_0787_UNLOCK|_CANCEL|_RESET|_FULL|_SUCCESS|_DUPLICATE,四島と星雲の子: 島ごとの3分程度の試練後に固定戦。 既存条件文=殿堂入り＋各島試練
EVENT_SPECIAL_NATIONAL_0788,ARC_ALOLA_LIGHT,SPECIES_KEY_TAPU_FINI,KANTO,K38,KANTO_DUNGEON_SEAFOAM_ISLANDS_B4_F,97,87,OBJECT_REUSE,HOST_ALOLA_LIGHT,1,KANTO_DUNGEON_SEAFOAM_ISLANDS_B4_F_OBJECT_01_STUB,ACQ_HOST_SCRIPT_HOST_ALOLA_LIGHT,8,18,1,OBJ_EVENT_GFX_PUSHABLE_BOULDER,MOVEMENT_TYPE_FACE_DOWN,4,4,UNLOCK_HALL_OF_FAME,UNLOCK_HALL_OF_FAME AND (殿堂入り＋各島試練),TALK_OR_EXAMINE_EXISTING_HOST,CHECK_UNLOCK|CHECK_LEDGER|OFFER|PREPARE|EXECUTE|COMMIT|RETRY|FULL|DONE,DIALOGUE_EVENT_SPECIAL_NATIONAL_0788,CAPTURE,75,REWARD_SPECIAL_NATIONAL_0788,LEDGER_BIT_EVENT_SPECIAL_NATIONAL_0788,VAR_KEY_ACQUISITION_SELECTION,SHARED_CAPTURE_KEY_NATIONAL_0788,failure/cancel/reset rollback; success ledger commit,capture: normal storage check; gift/egg: party then PC then queue,do not begin/consume/commit; show FULL and remain available,never hard-block on RTC; use ecology radar fixed-day/night selector,STANDARD_MESSAGE_YESNO_LIST_PARTY_PC,ACQ_RUNTIME_CAPTURE,scripts/build_acquisition_content.py,generated/map_scripts/HOST_ALOLA_LIGHT.inc + generated/acquisition_event_defs.c,READY_TO_INTEGRATE,READY_TO_SERIALIZE; object delta=0; before=4; after=4,TEST_EVENT_SPECIAL_NATIONAL_0788_UNLOCK|_CANCEL|_RESET|_FULL|_SUCCESS|_DUPLICATE,四島と星雲の子: 島ごとの3分程度の試練後に固定戦。 既存条件文=殿堂入り＋各島試練
EVENT_SPECIAL_NATIONAL_0789,ARC_ALOLA_LIGHT,SPECIES_KEY_COSMOG,KANTO,K38,KANTO_DUNGEON_SEAFOAM_ISLANDS_B4_F,97,87,OBJECT_REUSE,HOST_ALOLA_LIGHT,1,KANTO_DUNGEON_SEAFOAM_ISLANDS_B4_F_OBJECT_01_STUB,ACQ_HOST_SCRIPT_HOST_ALOLA_LIGHT,8,18,1,OBJ_EVENT_GFX_PUSHABLE_BOULDER,MOVEMENT_TYPE_FACE_DOWN,4,4,UNLOCK_HALL_OF_FAME,UNLOCK_HALL_OF_FAME AND (殿堂入り＋星の祈り完了),TALK_OR_EXAMINE_EXISTING_HOST,CHECK_UNLOCK|CHECK_LEDGER|OFFER|PREPARE|EXECUTE|COMMIT|RETRY|FULL|DONE,DIALOGUE_EVENT_SPECIAL_NATIONAL_0789,GIFT,,REWARD_SPECIAL_NATIONAL_0789,LEDGER_BIT_EVENT_SPECIAL_NATIONAL_0789,VAR_KEY_ACQUISITION_SELECTION,SHARED_CAPTURE_KEY_NATIONAL_0789,failure/cancel/reset rollback; success ledger commit,capture: normal storage check; gift/egg: party then PC then queue,do not begin/consume/commit; show FULL and remain available,never hard-block on RTC; use ecology radar fixed-day/night selector,STANDARD_MESSAGE_YESNO_LIST_PARTY_PC,ACQ_RUNTIME_GIFT,scripts/build_acquisition_content.py,generated/map_scripts/HOST_ALOLA_LIGHT.inc + generated/acquisition_event_defs.c,READY_TO_INTEGRATE,READY_TO_SERIALIZE; object delta=0; before=4; after=4,TEST_EVENT_SPECIAL_NATIONAL_0789_UNLOCK|_CANCEL|_RESET|_FULL|_SUCCESS|_DUPLICATE,四島と星雲の子: コスモッグを保護し、日輪核／月輪核で進化先を選択。ネクロズマは後続戦。 既存条件文=殿堂入り＋星の祈り完了
EVENT_SPECIAL_NATIONAL_0790,ARC_ALOLA_LIGHT,SPECIES_KEY_COSMOEM,KANTO,K38,KANTO_DUNGEON_SEAFOAM_ISLANDS_B4_F,97,87,OBJECT_REUSE,HOST_ALOLA_LIGHT,1,KANTO_DUNGEON_SEAFOAM_ISLANDS_B4_F_OBJECT_01_STUB,ACQ_HOST_SCRIPT_HOST_ALOLA_LIGHT,8,18,1,OBJ_EVENT_GFX_PUSHABLE_BOULDER,MOVEMENT_TYPE_FACE_DOWN,4,4,UNLOCK_HALL_OF_FAME,UNLOCK_HALL_OF_FAME AND (殿堂入り＋星の祈り完了),TALK_OR_EXAMINE_EXISTING_HOST,CHECK_UNLOCK|CHECK_LEDGER|OFFER|PREPARE|EXECUTE|COMMIT|RETRY|FULL|DONE,DIALOGUE_EVENT_SPECIAL_NATIONAL_0790,EVOLUTION_SUPPORT,,REWARD_SPECIAL_NATIONAL_0790,LEDGER_BIT_EVENT_SPECIAL_NATIONAL_0790,VAR_KEY_ACQUISITION_SELECTION,SHARED_CAPTURE_KEY_NATIONAL_0790,failure/cancel/reset rollback; success ledger commit,capture: normal storage check; gift/egg: party then PC then queue,do not begin/consume/commit; show FULL and remain available,never hard-block on RTC; use ecology radar fixed-day/night selector,STANDARD_MESSAGE_YESNO_LIST_PARTY_PC,ACQ_RUNTIME_EVOLUTION_SUPPORT,scripts/build_acquisition_content.py,generated/map_scripts/HOST_ALOLA_LIGHT.inc + generated/acquisition_event_defs.c,READY_TO_INTEGRATE,READY_TO_SERIALIZE; object delta=0; before=4; after=4,TEST_EVENT_SPECIAL_NATIONAL_0790_UNLOCK|_CANCEL|_RESET|_FULL|_SUCCESS|_DUPLICATE,四島と星雲の子: コスモッグを保護し、日輪核／月輪核で進化先を選択。ネクロズマは後続戦。 既存条件文=殿堂入り＋星の祈り完了
EVENT_SPECIAL_NATIONAL_0791,ARC_ALOLA_LIGHT,SPECIES_KEY_SOLGALEO,KANTO,K38,KANTO_DUNGEON_SEAFOAM_ISLANDS_B4_F,97,87,OBJECT_REUSE,HOST_ALOLA_LIGHT,1,KANTO_DUNGEON_SEAFOAM_ISLANDS_B4_F_OBJECT_01_STUB,ACQ_HOST_SCRIPT_HOST_ALOLA_LIGHT,8,18,1,OBJ_EVENT_GFX_PUSHABLE_BOULDER,MOVEMENT_TYPE_FACE_DOWN,4,4,UNLOCK_HALL_OF_FAME,UNLOCK_HALL_OF_FAME AND (殿堂入り＋星の祈り完了),TALK_OR_EXAMINE_EXISTING_HOST,CHECK_UNLOCK|CHECK_LEDGER|OFFER|PREPARE|EXECUTE|COMMIT|RETRY|FULL|DONE,DIALOGUE_EVENT_SPECIAL_NATIONAL_0791,EVOLUTION_SUPPORT,,REWARD_SPECIAL_NATIONAL_0791,LEDGER_BIT_EVENT_SPECIAL_NATIONAL_0791,VAR_KEY_ACQUISITION_SELECTION,SHARED_CAPTURE_KEY_NATIONAL_0791,failure/cancel/reset rollback; success ledger commit,capture: normal storage check; gift/egg: party then PC then queue,do not begin/consume/commit; show FULL and remain available,never hard-block on RTC; use ecology radar fixed-day/night selector,STANDARD_MESSAGE_YESNO_LIST_PARTY_PC,ACQ_RUNTIME_EVOLUTION_SUPPORT,scripts/build_acquisition_content.py,generated/map_scripts/HOST_ALOLA_LIGHT.inc + generated/acquisition_event_defs.c,READY_TO_INTEGRATE,READY_TO_SERIALIZE; object delta=0; before=4; after=4,TEST_EVENT_SPECIAL_NATIONAL_0791_UNLOCK|_CANCEL|_RESET|_FULL|_SUCCESS|_DUPLICATE,四島と星雲の子: コスモッグを保護し、日輪核／月輪核で進化先を選択。ネクロズマは後続戦。 既存条件文=殿堂入り＋星の祈り完了
EVENT_SPECIAL_NATIONAL_0792,ARC_ALOLA_LIGHT,SPECIES_KEY_LUNALA,KANTO,K38,KANTO_DUNGEON_SEAFOAM_ISLANDS_B4_F,97,87,OBJECT_REUSE,HOST_ALOLA_LIGHT,1,KANTO_DUNGEON_SEAFOAM_ISLANDS_B4_F_OBJECT_01_STUB,ACQ_HOST_SCRIPT_HOST_ALOLA_LIGHT,8,18,1,OBJ_EVENT_GFX_PUSHABLE_BOULDER,MOVEMENT_TYPE_FACE_DOWN,4,4,UNLOCK_HALL_OF_FAME,UNLOCK_HALL_OF_FAME AND (殿堂入り＋星の祈り完了),TALK_OR_EXAMINE_EXISTING_HOST,CHECK_UNLOCK|CHECK_LEDGER|OFFER|PREPARE|EXECUTE|COMMIT|RETRY|FULL|DONE,DIALOGUE_EVENT_SPECIAL_NATIONAL_0792,EVOLUTION_SUPPORT,,REWARD_SPECIAL_NATIONAL_0792,LEDGER_BIT_EVENT_SPECIAL_NATIONAL_0792,VAR_KEY_ACQUISITION_SELECTION,SHARED_CAPTURE_KEY_NATIONAL_0792,failure/cancel/reset rollback; success ledger commit,capture: normal storage check; gift/egg: party then PC then queue,do not begin/consume/commit; show FULL and remain available,never hard-block on RTC; use ecology radar fixed-day/night selector,STANDARD_MESSAGE_YESNO_LIST_PARTY_PC,ACQ_RUNTIME_EVOLUTION_SUPPORT,scripts/build_acquisition_content.py,generated/map_scripts/HOST_ALOLA_LIGHT.inc + generated/acquisition_event_defs.c,READY_TO_INTEGRATE,READY_TO_SERIALIZE; object delta=0; before=4; after=4,TEST_EVENT_SPECIAL_NATIONAL_0792_UNLOCK|_CANCEL|_RESET|_FULL|_SUCCESS|_DUPLICATE,四島と星雲の子: コスモッグを保護し、日輪核／月輪核で進化先を選択。ネクロズマは後続戦。 既存条件文=殿堂入り＋星の祈り完了
EVENT_SPECIAL_NATIONAL_0793,ARC_ULTRA_BREACH,SPECIES_KEY_NIHILEGO,KANTO,K41,KANTO_DUNGEON_SILPH_CO_7_F,97,53,OBJECT_REUSE,HOST_ULTRA_BREACH,1,KANTO_DUNGEON_SILPH_CO_7_F_OBJECT_01_STUB,ACQ_HOST_SCRIPT_HOST_ULTRA_BREACH,2,6,3,OBJ_EVENT_GFX_BLUE,MOVEMENT_TYPE_FACE_UP,11,11,UNLOCK_BEAST_BALL,UNLOCK_BEAST_BALL AND (殿堂入り＋ビーストボール解禁),TALK_OR_EXAMINE_EXISTING_HOST,CHECK_UNLOCK|CHECK_LEDGER|OFFER|PREPARE|EXECUTE|COMMIT|RETRY|FULL|DONE,DIALOGUE_EVENT_SPECIAL_NATIONAL_0793,CAPTURE,90,REWARD_SPECIAL_NATIONAL_0793,LEDGER_BIT_EVENT_SPECIAL_NATIONAL_0793,VAR_KEY_ACQUISITION_SELECTION,SHARED_CAPTURE_KEY_NATIONAL_0793,failure/cancel/reset rollback; success ledger commit,capture: normal storage check; gift/egg: party then PC then queue,do not begin/consume/commit; show FULL and remain available,never hard-block on RTC; use ecology radar fixed-day/night selector,STANDARD_MESSAGE_YESNO_LIST_PARTY_PC,ACQ_RUNTIME_CAPTURE,scripts/build_acquisition_content.py,generated/map_scripts/HOST_ULTRA_BREACH.inc + generated/acquisition_event_defs.c,READY_TO_INTEGRATE,READY_TO_SERIALIZE; object delta=0; before=11; after=11,TEST_EVENT_SPECIAL_NATIONAL_0793_UNLOCK|_CANCEL|_RESET|_FULL|_SUCCESS|_DUPLICATE,ウルトラホール調査: 種ごとに異なる色の裂け目を調査。初回固定、以後は低確率レイド。 既存条件文=殿堂入り＋ビーストボール解禁
EVENT_SPECIAL_NATIONAL_0794,ARC_ULTRA_BREACH,SPECIES_KEY_BUZZWOLE,KANTO,K41,KANTO_DUNGEON_SILPH_CO_7_F,97,53,OBJECT_REUSE,HOST_ULTRA_BREACH,1,KANTO_DUNGEON_SILPH_CO_7_F_OBJECT_01_STUB,ACQ_HOST_SCRIPT_HOST_ULTRA_BREACH,2,6,3,OBJ_EVENT_GFX_BLUE,MOVEMENT_TYPE_FACE_UP,11,11,UNLOCK_BEAST_BALL,UNLOCK_BEAST_BALL AND (殿堂入り＋ビーストボール解禁),TALK_OR_EXAMINE_EXISTING_HOST,CHECK_UNLOCK|CHECK_LEDGER|OFFER|PREPARE|EXECUTE|COMMIT|RETRY|FULL|DONE,DIALOGUE_EVENT_SPECIAL_NATIONAL_0794,CAPTURE,90,REWARD_SPECIAL_NATIONAL_0794,LEDGER_BIT_EVENT_SPECIAL_NATIONAL_0794,VAR_KEY_ACQUISITION_SELECTION,SHARED_CAPTURE_KEY_NATIONAL_0794,failure/cancel/reset rollback; success ledger commit,capture: normal storage check; gift/egg: party then PC then queue,do not begin/consume/commit; show FULL and remain available,never hard-block on RTC; use ecology radar fixed-day/night selector,STANDARD_MESSAGE_YESNO_LIST_PARTY_PC,ACQ_RUNTIME_CAPTURE,scripts/build_acquisition_content.py,generated/map_scripts/HOST_ULTRA_BREACH.inc + generated/acquisition_event_defs.c,READY_TO_INTEGRATE,READY_TO_SERIALIZE; object delta=0; before=11; after=11,TEST_EVENT_SPECIAL_NATIONAL_0794_UNLOCK|_CANCEL|_RESET|_FULL|_SUCCESS|_DUPLICATE,ウルトラホール調査: 種ごとに異なる色の裂け目を調査。初回固定、以後は低確率レイド。 既存条件文=殿堂入り＋ビーストボール解禁
EVENT_SPECIAL_NATIONAL_0795,ARC_ULTRA_BREACH,SPECIES_KEY_PHEROMOSA,KANTO,K41,KANTO_DUNGEON_SILPH_CO_7_F,97,53,OBJECT_REUSE,HOST_ULTRA_BREACH,1,KANTO_DUNGEON_SILPH_CO_7_F_OBJECT_01_STUB,ACQ_HOST_SCRIPT_HOST_ULTRA_BREACH,2,6,3,OBJ_EVENT_GFX_BLUE,MOVEMENT_TYPE_FACE_UP,11,11,UNLOCK_BEAST_BALL,UNLOCK_BEAST_BALL AND (殿堂入り＋ビーストボール解禁),TALK_OR_EXAMINE_EXISTING_HOST,CHECK_UNLOCK|CHECK_LEDGER|OFFER|PREPARE|EXECUTE|COMMIT|RETRY|FULL|DONE,DIALOGUE_EVENT_SPECIAL_NATIONAL_0795,CAPTURE,90,REWARD_SPECIAL_NATIONAL_0795,LEDGER_BIT_EVENT_SPECIAL_NATIONAL_0795,VAR_KEY_ACQUISITION_SELECTION,SHARED_CAPTURE_KEY_NATIONAL_0795,failure/cancel/reset rollback; success ledger commit,capture: normal storage check; gift/egg: party then PC then queue,do not begin/consume/commit; show FULL and remain available,never hard-block on RTC; use ecology radar fixed-day/night selector,STANDARD_MESSAGE_YESNO_LIST_PARTY_PC,ACQ_RUNTIME_CAPTURE,scripts/build_acquisition_content.py,generated/map_scripts/HOST_ULTRA_BREACH.inc + generated/acquisition_event_defs.c,READY_TO_INTEGRATE,READY_TO_SERIALIZE; object delta=0; before=11; after=11,TEST_EVENT_SPECIAL_NATIONAL_0795_UNLOCK|_CANCEL|_RESET|_FULL|_SUCCESS|_DUPLICATE,ウルトラホール調査: 種ごとに異なる色の裂け目を調査。初回固定、以後は低確率レイド。 既存条件文=殿堂入り＋ビーストボール解禁
EVENT_SPECIAL_NATIONAL_0796,ARC_ULTRA_BREACH,SPECIES_KEY_XURKITREE,KANTO,K41,KANTO_DUNGEON_SILPH_CO_7_F,97,53,OBJECT_REUSE,HOST_ULTRA_BREACH,1,KANTO_DUNGEON_SILPH_CO_7_F_OBJECT_01_STUB,ACQ_HOST_SCRIPT_HOST_ULTRA_BREACH,2,6,3,OBJ_EVENT_GFX_BLUE,MOVEMENT_TYPE_FACE_UP,11,11,UNLOCK_BEAST_BALL,UNLOCK_BEAST_BALL AND (殿堂入り＋ビーストボール解禁),TALK_OR_EXAMINE_EXISTING_HOST,CHECK_UNLOCK|CHECK_LEDGER|OFFER|PREPARE|EXECUTE|COMMIT|RETRY|FULL|DONE,DIALOGUE_EVENT_SPECIAL_NATIONAL_0796,CAPTURE,90,REWARD_SPECIAL_NATIONAL_0796,LEDGER_BIT_EVENT_SPECIAL_NATIONAL_0796,VAR_KEY_ACQUISITION_SELECTION,SHARED_CAPTURE_KEY_NATIONAL_0796,failure/cancel/reset rollback; success ledger commit,capture: normal storage check; gift/egg: party then PC then queue,do not begin/consume/commit; show FULL and remain available,never hard-block on RTC; use ecology radar fixed-day/night selector,STANDARD_MESSAGE_YESNO_LIST_PARTY_PC,ACQ_RUNTIME_CAPTURE,scripts/build_acquisition_content.py,generated/map_scripts/HOST_ULTRA_BREACH.inc + generated/acquisition_event_defs.c,READY_TO_INTEGRATE,READY_TO_SERIALIZE; object delta=0; before=11; after=11,TEST_EVENT_SPECIAL_NATIONAL_0796_UNLOCK|_CANCEL|_RESET|_FULL|_SUCCESS|_DUPLICATE,ウルトラホール調査: 種ごとに異なる色の裂け目を調査。初回固定、以後は低確率レイド。 既存条件文=殿堂入り＋ビーストボール解禁
EVENT_SPECIAL_NATIONAL_0797,ARC_ULTRA_BREACH,SPECIES_KEY_CELESTEELA,KANTO,K41,KANTO_DUNGEON_SILPH_CO_7_F,97,53,OBJECT_REUSE,HOST_ULTRA_BREACH,1,KANTO_DUNGEON_SILPH_CO_7_F_OBJECT_01_STUB,ACQ_HOST_SCRIPT_HOST_ULTRA_BREACH,2,6,3,OBJ_EVENT_GFX_BLUE,MOVEMENT_TYPE_FACE_UP,11,11,UNLOCK_BEAST_BALL,UNLOCK_BEAST_BALL AND (殿堂入り＋ビーストボール解禁),TALK_OR_EXAMINE_EXISTING_HOST,CHECK_UNLOCK|CHECK_LEDGER|OFFER|PREPARE|EXECUTE|COMMIT|RETRY|FULL|DONE,DIALOGUE_EVENT_SPECIAL_NATIONAL_0797,CAPTURE,90,REWARD_SPECIAL_NATIONAL_0797,LEDGER_BIT_EVENT_SPECIAL_NATIONAL_0797,VAR_KEY_ACQUISITION_SELECTION,SHARED_CAPTURE_KEY_NATIONAL_0797,failure/cancel/reset rollback; success ledger commit,capture: normal storage check; gift/egg: party then PC then queue,do not begin/consume/commit; show FULL and remain available,never hard-block on RTC; use ecology radar fixed-day/night selector,STANDARD_MESSAGE_YESNO_LIST_PARTY_PC,ACQ_RUNTIME_CAPTURE,scripts/build_acquisition_content.py,generated/map_scripts/HOST_ULTRA_BREACH.inc + generated/acquisition_event_defs.c,READY_TO_INTEGRATE,READY_TO_SERIALIZE; object delta=0; before=11; after=11,TEST_EVENT_SPECIAL_NATIONAL_0797_UNLOCK|_CANCEL|_RESET|_FULL|_SUCCESS|_DUPLICATE,ウルトラホール調査: 種ごとに異なる色の裂け目を調査。初回固定、以後は低確率レイド。 既存条件文=殿堂入り＋ビーストボール解禁
EVENT_SPECIAL_NATIONAL_0798,ARC_ULTRA_BREACH,SPECIES_KEY_KARTANA,KANTO,K41,KANTO_DUNGEON_SILPH_CO_7_F,97,53,OBJECT_REUSE,HOST_ULTRA_BREACH,1,KANTO_DUNGEON_SILPH_CO_7_F_OBJECT_01_STUB,ACQ_HOST_SCRIPT_HOST_ULTRA_BREACH,2,6,3,OBJ_EVENT_GFX_BLUE,MOVEMENT_TYPE_FACE_UP,11,11,UNLOCK_BEAST_BALL,UNLOCK_BEAST_BALL AND (殿堂入り＋ビーストボール解禁),TALK_OR_EXAMINE_EXISTING_HOST,CHECK_UNLOCK|CHECK_LEDGER|OFFER|PREPARE|EXECUTE|COMMIT|RETRY|FULL|DONE,DIALOGUE_EVENT_SPECIAL_NATIONAL_0798,CAPTURE,90,REWARD_SPECIAL_NATIONAL_0798,LEDGER_BIT_EVENT_SPECIAL_NATIONAL_0798,VAR_KEY_ACQUISITION_SELECTION,SHARED_CAPTURE_KEY_NATIONAL_0798,failure/cancel/reset rollback; success ledger commit,capture: normal storage check; gift/egg: party then PC then queue,do not begin/consume/commit; show FULL and remain available,never hard-block on RTC; use ecology radar fixed-day/night selector,STANDARD_MESSAGE_YESNO_LIST_PARTY_PC,ACQ_RUNTIME_CAPTURE,scripts/build_acquisition_content.py,generated/map_scripts/HOST_ULTRA_BREACH.inc + generated/acquisition_event_defs.c,READY_TO_INTEGRATE,READY_TO_SERIALIZE; object delta=0; before=11; after=11,TEST_EVENT_SPECIAL_NATIONAL_0798_UNLOCK|_CANCEL|_RESET|_FULL|_SUCCESS|_DUPLICATE,ウルトラホール調査: 種ごとに異なる色の裂け目を調査。初回固定、以後は低確率レイド。 既存条件文=殿堂入り＋ビーストボール解禁
EVENT_SPECIAL_NATIONAL_0799,ARC_ULTRA_BREACH,SPECIES_KEY_GUZZLORD,KANTO,K41,KANTO_DUNGEON_SILPH_CO_7_F,97,53,OBJECT_REUSE,HOST_ULTRA_BREACH,1,KANTO_DUNGEON_SILPH_CO_7_F_OBJECT_01_STUB,ACQ_HOST_SCRIPT_HOST_ULTRA_BREACH,2,6,3,OBJ_EVENT_GFX_BLUE,MOVEMENT_TYPE_FACE_UP,11,11,UNLOCK_BEAST_BALL,UNLOCK_BEAST_BALL AND (殿堂入り＋ビーストボール解禁),TALK_OR_EXAMINE_EXISTING_HOST,CHECK_UNLOCK|CHECK_LEDGER|OFFER|PREPARE|EXECUTE|COMMIT|RETRY|FULL|DONE,DIALOGUE_EVENT_SPECIAL_NATIONAL_0799,CAPTURE,90,REWARD_SPECIAL_NATIONAL_0799,LEDGER_BIT_EVENT_SPECIAL_NATIONAL_0799,VAR_KEY_ACQUISITION_SELECTION,SHARED_CAPTURE_KEY_NATIONAL_0799,failure/cancel/reset rollback; success ledger commit,capture: normal storage check; gift/egg: party then PC then queue,do not begin/consume/commit; show FULL and remain available,never hard-block on RTC; use ecology radar fixed-day/night selector,STANDARD_MESSAGE_YESNO_LIST_PARTY_PC,ACQ_RUNTIME_CAPTURE,scripts/build_acquisition_content.py,generated/map_scripts/HOST_ULTRA_BREACH.inc + generated/acquisition_event_defs.c,READY_TO_INTEGRATE,READY_TO_SERIALIZE; object delta=0; before=11; after=11,TEST_EVENT_SPECIAL_NATIONAL_0799_UNLOCK|_CANCEL|_RESET|_FULL|_SUCCESS|_DUPLICATE,ウルトラホール調査: 種ごとに異なる色の裂け目を調査。初回固定、以後は低確率レイド。 既存条件文=殿堂入り＋ビーストボール解禁
EVENT_SPECIAL_NATIONAL_0800,ARC_ALOLA_LIGHT,SPECIES_KEY_NECROZMA,KANTO,K38,KANTO_DUNGEON_SEAFOAM_ISLANDS_B4_F,97,87,OBJECT_REUSE,HOST_ALOLA_LIGHT,1,KANTO_DUNGEON_SEAFOAM_ISLANDS_B4_F_OBJECT_01_STUB,ACQ_HOST_SCRIPT_HOST_ALOLA_LIGHT,8,18,1,OBJ_EVENT_GFX_PUSHABLE_BOULDER,MOVEMENT_TYPE_FACE_DOWN,4,4,UNLOCK_HALL_OF_FAME,UNLOCK_HALL_OF_FAME AND (殿堂入り＋星の祈り完了),TALK_OR_EXAMINE_EXISTING_HOST,CHECK_UNLOCK|CHECK_LEDGER|OFFER|PREPARE|EXECUTE|COMMIT|RETRY|FULL|DONE,DIALOGUE_EVENT_SPECIAL_NATIONAL_0800,CAPTURE,75,REWARD_SPECIAL_NATIONAL_0800,LEDGER_BIT_EVENT_SPECIAL_NATIONAL_0800,VAR_KEY_ACQUISITION_SELECTION,SHARED_CAPTURE_KEY_NATIONAL_0800,failure/cancel/reset rollback; success ledger commit,capture: normal storage check; gift/egg: party then PC then queue,do not begin/consume/commit; show FULL and remain available,never hard-block on RTC; use ecology radar fixed-day/night selector,STANDARD_MESSAGE_YESNO_LIST_PARTY_PC,ACQ_RUNTIME_CAPTURE,scripts/build_acquisition_content.py,generated/map_scripts/HOST_ALOLA_LIGHT.inc + generated/acquisition_event_defs.c,READY_TO_INTEGRATE,READY_TO_SERIALIZE; object delta=0; before=4; after=4,TEST_EVENT_SPECIAL_NATIONAL_0800_UNLOCK|_CANCEL|_RESET|_FULL|_SUCCESS|_DUPLICATE,四島と星雲の子: コスモッグを保護し、日輪核／月輪核で進化先を選択。ネクロズマは後続戦。 既存条件文=殿堂入り＋星の祈り完了
EVENT_SPECIAL_NATIONAL_0801,ARC_ALOLA_LIGHT,SPECIES_KEY_MAGEARNA,KANTO,K38,KANTO_DUNGEON_SEAFOAM_ISLANDS_B4_F,97,87,OBJECT_REUSE,HOST_ALOLA_LIGHT,1,KANTO_DUNGEON_SEAFOAM_ISLANDS_B4_F_OBJECT_01_STUB,ACQ_HOST_SCRIPT_HOST_ALOLA_LIGHT,8,18,1,OBJ_EVENT_GFX_PUSHABLE_BOULDER,MOVEMENT_TYPE_FACE_DOWN,4,4,UNLOCK_HALL_OF_FAME,UNLOCK_HALL_OF_FAME AND (殿堂入り＋部品5種),TALK_OR_EXAMINE_EXISTING_HOST,CHECK_UNLOCK|CHECK_LEDGER|OFFER|PREPARE|EXECUTE|COMMIT|RETRY|FULL|DONE,DIALOGUE_EVENT_SPECIAL_NATIONAL_0801,GIFT,,REWARD_SPECIAL_NATIONAL_0801,LEDGER_BIT_EVENT_SPECIAL_NATIONAL_0801,VAR_KEY_ACQUISITION_SELECTION,SHARED_CAPTURE_KEY_NATIONAL_0801,failure/cancel/reset rollback; success ledger commit,capture: normal storage check; gift/egg: party then PC then queue,do not begin/consume/commit; show FULL and remain available,never hard-block on RTC; use ecology radar fixed-day/night selector,STANDARD_MESSAGE_YESNO_LIST_PARTY_PC,ACQ_RUNTIME_GIFT,scripts/build_acquisition_content.py,generated/map_scripts/HOST_ALOLA_LIGHT.inc + generated/acquisition_event_defs.c,READY_TO_INTEGRATE,READY_TO_SERIALIZE; object delta=0; before=4; after=4,TEST_EVENT_SPECIAL_NATIONAL_0801_UNLOCK|_CANCEL|_RESET|_FULL|_SUCCESS|_DUPLICATE,四島と星雲の子: 工房で復元して受取。 既存条件文=殿堂入り＋部品5種
EVENT_SPECIAL_NATIONAL_0802,ARC_ALOLA_LIGHT,SPECIES_KEY_MARSHADOW,KANTO,K38,KANTO_DUNGEON_SEAFOAM_ISLANDS_B4_F,97,87,OBJECT_REUSE,HOST_ALOLA_LIGHT,1,KANTO_DUNGEON_SEAFOAM_ISLANDS_B4_F_OBJECT_01_STUB,ACQ_HOST_SCRIPT_HOST_ALOLA_LIGHT,8,18,1,OBJ_EVENT_GFX_PUSHABLE_BOULDER,MOVEMENT_TYPE_FACE_DOWN,4,4,UNLOCK_HALL_OF_FAME,UNLOCK_HALL_OF_FAME AND (殿堂入り＋夜間),TALK_OR_EXAMINE_EXISTING_HOST,CHECK_UNLOCK|CHECK_LEDGER|OFFER|PREPARE|EXECUTE|COMMIT|RETRY|FULL|DONE,DIALOGUE_EVENT_SPECIAL_NATIONAL_0802,CAPTURE,80,REWARD_SPECIAL_NATIONAL_0802,LEDGER_BIT_EVENT_SPECIAL_NATIONAL_0802,VAR_KEY_ACQUISITION_SELECTION,SHARED_CAPTURE_KEY_NATIONAL_0802,failure/cancel/reset rollback; success ledger commit,capture: normal storage check; gift/egg: party then PC then queue,do not begin/consume/commit; show FULL and remain available,never hard-block on RTC; use ecology radar fixed-day/night selector,STANDARD_MESSAGE_YESNO_LIST_PARTY_PC,ACQ_RUNTIME_CAPTURE,scripts/build_acquisition_content.py,generated/map_scripts/HOST_ALOLA_LIGHT.inc + generated/acquisition_event_defs.c,READY_TO_INTEGRATE,READY_TO_SERIALIZE; object delta=0; before=4; after=4,TEST_EVENT_SPECIAL_NATIONAL_0802_UNLOCK|_CANCEL|_RESET|_FULL|_SUCCESS|_DUPLICATE,四島と星雲の子: 影だけを追う短い追跡イベント後に固定戦。 既存条件文=殿堂入り＋夜間
EVENT_SPECIAL_NATIONAL_0803,ARC_ULTRA_BREACH,SPECIES_KEY_POIPOLE,KANTO,K41,KANTO_DUNGEON_SILPH_CO_7_F,97,53,OBJECT_REUSE,HOST_ULTRA_BREACH,1,KANTO_DUNGEON_SILPH_CO_7_F_OBJECT_01_STUB,ACQ_HOST_SCRIPT_HOST_ULTRA_BREACH,2,6,3,OBJ_EVENT_GFX_BLUE,MOVEMENT_TYPE_FACE_UP,11,11,UNLOCK_BEAST_BALL,UNLOCK_BEAST_BALL AND (殿堂入り＋ビーストボール解禁),TALK_OR_EXAMINE_EXISTING_HOST,CHECK_UNLOCK|CHECK_LEDGER|OFFER|PREPARE|EXECUTE|COMMIT|RETRY|FULL|DONE,DIALOGUE_EVENT_SPECIAL_NATIONAL_0803,GIFT,,REWARD_SPECIAL_NATIONAL_0803,LEDGER_BIT_EVENT_SPECIAL_NATIONAL_0803,VAR_KEY_ACQUISITION_SELECTION,SHARED_CAPTURE_KEY_NATIONAL_0803,failure/cancel/reset rollback; success ledger commit,capture: normal storage check; gift/egg: party then PC then queue,do not begin/consume/commit; show FULL and remain available,never hard-block on RTC; use ecology radar fixed-day/night selector,STANDARD_MESSAGE_YESNO_LIST_PARTY_PC,ACQ_RUNTIME_GIFT,scripts/build_acquisition_content.py,generated/map_scripts/HOST_ULTRA_BREACH.inc + generated/acquisition_event_defs.c,READY_TO_INTEGRATE,READY_TO_SERIALIZE; object delta=0; before=11; after=11,TEST_EVENT_SPECIAL_NATIONAL_0803_UNLOCK|_CANCEL|_RESET|_FULL|_SUCCESS|_DUPLICATE,ウルトラホール調査: 種ごとに異なる色の裂け目を調査。初回固定、以後は低確率レイド。 既存条件文=殿堂入り＋ビーストボール解禁
EVENT_SPECIAL_NATIONAL_0804,ARC_ULTRA_BREACH,SPECIES_KEY_NAGANADEL,KANTO,K41,KANTO_DUNGEON_SILPH_CO_7_F,97,53,OBJECT_REUSE,HOST_ULTRA_BREACH,1,KANTO_DUNGEON_SILPH_CO_7_F_OBJECT_01_STUB,ACQ_HOST_SCRIPT_HOST_ULTRA_BREACH,2,6,3,OBJ_EVENT_GFX_BLUE,MOVEMENT_TYPE_FACE_UP,11,11,UNLOCK_BEAST_BALL,UNLOCK_BEAST_BALL AND (殿堂入り＋ビーストボール解禁),TALK_OR_EXAMINE_EXISTING_HOST,CHECK_UNLOCK|CHECK_LEDGER|OFFER|PREPARE|EXECUTE|COMMIT|RETRY|FULL|DONE,DIALOGUE_EVENT_SPECIAL_NATIONAL_0804,EVOLUTION_SUPPORT,,REWARD_SPECIAL_NATIONAL_0804,LEDGER_BIT_EVENT_SPECIAL_NATIONAL_0804,VAR_KEY_ACQUISITION_SELECTION,SHARED_CAPTURE_KEY_NATIONAL_0804,failure/cancel/reset rollback; success ledger commit,capture: normal storage check; gift/egg: party then PC then queue,do not begin/consume/commit; show FULL and remain available,never hard-block on RTC; use ecology radar fixed-day/night selector,STANDARD_MESSAGE_YESNO_LIST_PARTY_PC,ACQ_RUNTIME_EVOLUTION_SUPPORT,scripts/build_acquisition_content.py,generated/map_scripts/HOST_ULTRA_BREACH.inc + generated/acquisition_event_defs.c,READY_TO_INTEGRATE,READY_TO_SERIALIZE; object delta=0; before=11; after=11,TEST_EVENT_SPECIAL_NATIONAL_0804_UNLOCK|_CANCEL|_RESET|_FULL|_SUCCESS|_DUPLICATE,ウルトラホール調査: 種ごとに異なる色の裂け目を調査。初回固定、以後は低確率レイド。 既存条件文=殿堂入り＋ビーストボール解禁
EVENT_SPECIAL_NATIONAL_0805,ARC_ULTRA_BREACH,SPECIES_KEY_STAKATAKA,KANTO,K41,KANTO_DUNGEON_SILPH_CO_7_F,97,53,OBJECT_REUSE,HOST_ULTRA_BREACH,1,KANTO_DUNGEON_SILPH_CO_7_F_OBJECT_01_STUB,ACQ_HOST_SCRIPT_HOST_ULTRA_BREACH,2,6,3,OBJ_EVENT_GFX_BLUE,MOVEMENT_TYPE_FACE_UP,11,11,UNLOCK_BEAST_BALL,UNLOCK_BEAST_BALL AND (殿堂入り＋ビーストボール解禁),TALK_OR_EXAMINE_EXISTING_HOST,CHECK_UNLOCK|CHECK_LEDGER|OFFER|PREPARE|EXECUTE|COMMIT|RETRY|FULL|DONE,DIALOGUE_EVENT_SPECIAL_NATIONAL_0805,CAPTURE,90,REWARD_SPECIAL_NATIONAL_0805,LEDGER_BIT_EVENT_SPECIAL_NATIONAL_0805,VAR_KEY_ACQUISITION_SELECTION,SHARED_CAPTURE_KEY_NATIONAL_0805,failure/cancel/reset rollback; success ledger commit,capture: normal storage check; gift/egg: party then PC then queue,do not begin/consume/commit; show FULL and remain available,never hard-block on RTC; use ecology radar fixed-day/night selector,STANDARD_MESSAGE_YESNO_LIST_PARTY_PC,ACQ_RUNTIME_CAPTURE,scripts/build_acquisition_content.py,generated/map_scripts/HOST_ULTRA_BREACH.inc + generated/acquisition_event_defs.c,READY_TO_INTEGRATE,READY_TO_SERIALIZE; object delta=0; before=11; after=11,TEST_EVENT_SPECIAL_NATIONAL_0805_UNLOCK|_CANCEL|_RESET|_FULL|_SUCCESS|_DUPLICATE,ウルトラホール調査: 種ごとに異なる色の裂け目を調査。初回固定、以後は低確率レイド。 既存条件文=殿堂入り＋ビーストボール解禁
EVENT_SPECIAL_NATIONAL_0806,ARC_ULTRA_BREACH,SPECIES_KEY_BLACEPHALON,KANTO,K41,KANTO_DUNGEON_SILPH_CO_7_F,97,53,OBJECT_REUSE,HOST_ULTRA_BREACH,1,KANTO_DUNGEON_SILPH_CO_7_F_OBJECT_01_STUB,ACQ_HOST_SCRIPT_HOST_ULTRA_BREACH,2,6,3,OBJ_EVENT_GFX_BLUE,MOVEMENT_TYPE_FACE_UP,11,11,UNLOCK_BEAST_BALL,UNLOCK_BEAST_BALL AND (殿堂入り＋ビーストボール解禁),TALK_OR_EXAMINE_EXISTING_HOST,CHECK_UNLOCK|CHECK_LEDGER|OFFER|PREPARE|EXECUTE|COMMIT|RETRY|FULL|DONE,DIALOGUE_EVENT_SPECIAL_NATIONAL_0806,CAPTURE,90,REWARD_SPECIAL_NATIONAL_0806,LEDGER_BIT_EVENT_SPECIAL_NATIONAL_0806,VAR_KEY_ACQUISITION_SELECTION,SHARED_CAPTURE_KEY_NATIONAL_0806,failure/cancel/reset rollback; success ledger commit,capture: normal storage check; gift/egg: party then PC then queue,do not begin/consume/commit; show FULL and remain available,never hard-block on RTC; use ecology radar fixed-day/night selector,STANDARD_MESSAGE_YESNO_LIST_PARTY_PC,ACQ_RUNTIME_CAPTURE,scripts/build_acquisition_content.py,generated/map_scripts/HOST_ULTRA_BREACH.inc + generated/acquisition_event_defs.c,READY_TO_INTEGRATE,READY_TO_SERIALIZE; object delta=0; before=11; after=11,TEST_EVENT_SPECIAL_NATIONAL_0806_UNLOCK|_CANCEL|_RESET|_FULL|_SUCCESS|_DUPLICATE,ウルトラホール調査: 種ごとに異なる色の裂け目を調査。初回固定、以後は低確率レイド。 既存条件文=殿堂入り＋ビーストボール解禁
EVENT_SPECIAL_NATIONAL_0807,ARC_ALOLA_LIGHT,SPECIES_KEY_ZERAORA,KANTO,K38,KANTO_DUNGEON_SEAFOAM_ISLANDS_B4_F,97,87,OBJECT_REUSE,HOST_ALOLA_LIGHT,1,KANTO_DUNGEON_SEAFOAM_ISLANDS_B4_F_OBJECT_01_STUB,ACQ_HOST_SCRIPT_HOST_ALOLA_LIGHT,8,18,1,OBJ_EVENT_GFX_PUSHABLE_BOULDER,MOVEMENT_TYPE_FACE_DOWN,4,4,UNLOCK_HALL_OF_FAME,UNLOCK_HALL_OF_FAME AND (殿堂入り＋停電復旧),TALK_OR_EXAMINE_EXISTING_HOST,CHECK_UNLOCK|CHECK_LEDGER|OFFER|PREPARE|EXECUTE|COMMIT|RETRY|FULL|DONE,DIALOGUE_EVENT_SPECIAL_NATIONAL_0807,CAPTURE,80,REWARD_SPECIAL_NATIONAL_0807,LEDGER_BIT_EVENT_SPECIAL_NATIONAL_0807,VAR_KEY_ACQUISITION_SELECTION,SHARED_CAPTURE_KEY_NATIONAL_0807,failure/cancel/reset rollback; success ledger commit,capture: normal storage check; gift/egg: party then PC then queue,do not begin/consume/commit; show FULL and remain available,never hard-block on RTC; use ecology radar fixed-day/night selector,STANDARD_MESSAGE_YESNO_LIST_PARTY_PC,ACQ_RUNTIME_CAPTURE,scripts/build_acquisition_content.py,generated/map_scripts/HOST_ALOLA_LIGHT.inc + generated/acquisition_event_defs.c,READY_TO_INTEGRATE,READY_TO_SERIALIZE; object delta=0; before=4; after=4,TEST_EVENT_SPECIAL_NATIONAL_0807_UNLOCK|_CANCEL|_RESET|_FULL|_SUCCESS|_DUPLICATE,四島と星雲の子: 発電設備を直すと固定戦。 既存条件文=殿堂入り＋停電復旧
EVENT_SPECIAL_NATIONAL_0808,ARC_MELTAN_FORGE,SPECIES_KEY_MELTAN,KANTO,K40,KANTO_DUNGEON_POWER_PLANT,97,95,OBJECT_REUSE,HOST_FUTURE_CORE,1,KANTO_DUNGEON_POWER_PLANT_OBJECT_01_STUB,ACQ_HOST_SCRIPT_HOST_FUTURE_CORE,7,27,3,OBJ_EVENT_GFX_ITEM_BALL,MOVEMENT_TYPE_FACE_DOWN,8,8,UNLOCK_HALL_OF_FAME,UNLOCK_HALL_OF_FAME AND (殿堂入り),TALK_OR_EXAMINE_EXISTING_HOST,CHECK_UNLOCK|CHECK_LEDGER|OFFER|PREPARE|EXECUTE|COMMIT|RETRY|FULL|DONE,DIALOGUE_EVENT_SPECIAL_NATIONAL_0808,GIFT,,REWARD_SPECIAL_NATIONAL_0808,LEDGER_BIT_EVENT_SPECIAL_NATIONAL_0808,VAR_KEY_ACQUISITION_SELECTION,SHARED_CAPTURE_KEY_NATIONAL_0808,failure/cancel/reset rollback; success ledger commit,capture: normal storage check; gift/egg: party then PC then queue,do not begin/consume/commit; show FULL and remain available,never hard-block on RTC; use ecology radar fixed-day/night selector,STANDARD_MESSAGE_YESNO_LIST_PARTY_PC,ACQ_RUNTIME_GIFT,scripts/build_acquisition_content.py,generated/map_scripts/HOST_FUTURE_CORE.inc + generated/acquisition_event_defs.c,READY_TO_INTEGRATE,READY_TO_SERIALIZE; object delta=0; before=8; after=8,TEST_EVENT_SPECIAL_NATIONAL_0808_UNLOCK|_CANCEL|_RESET|_FULL|_SUCCESS|_DUPLICATE,金属生命の炉: メルタンは複数捕獲可。メタルくず40個でメルメタル進化。 既存条件文=殿堂入り
EVENT_SPECIAL_NATIONAL_0809,ARC_MELTAN_FORGE,SPECIES_KEY_MELMETAL,KANTO,K40,KANTO_DUNGEON_POWER_PLANT,97,95,OBJECT_REUSE,HOST_FUTURE_CORE,1,KANTO_DUNGEON_POWER_PLANT_OBJECT_01_STUB,ACQ_HOST_SCRIPT_HOST_FUTURE_CORE,7,27,3,OBJ_EVENT_GFX_ITEM_BALL,MOVEMENT_TYPE_FACE_DOWN,8,8,UNLOCK_HALL_OF_FAME,UNLOCK_HALL_OF_FAME AND (殿堂入り),TALK_OR_EXAMINE_EXISTING_HOST,CHECK_UNLOCK|CHECK_LEDGER|OFFER|PREPARE|EXECUTE|COMMIT|RETRY|FULL|DONE,DIALOGUE_EVENT_SPECIAL_NATIONAL_0809,EVOLUTION_SUPPORT,,REWARD_SPECIAL_NATIONAL_0809,LEDGER_BIT_EVENT_SPECIAL_NATIONAL_0809,VAR_KEY_ACQUISITION_SELECTION,SHARED_CAPTURE_KEY_NATIONAL_0809,failure/cancel/reset rollback; success ledger commit,capture: normal storage check; gift/egg: party then PC then queue,do not begin/consume/commit; show FULL and remain available,never hard-block on RTC; use ecology radar fixed-day/night selector,STANDARD_MESSAGE_YESNO_LIST_PARTY_PC,ACQ_RUNTIME_EVOLUTION_SUPPORT,scripts/build_acquisition_content.py,generated/map_scripts/HOST_FUTURE_CORE.inc + generated/acquisition_event_defs.c,READY_TO_INTEGRATE,READY_TO_SERIALIZE; object delta=0; before=8; after=8,TEST_EVENT_SPECIAL_NATIONAL_0809_UNLOCK|_CANCEL|_RESET|_FULL|_SUCCESS|_DUPLICATE,金属生命の炉: メルタンは複数捕獲可。メタルくず40個でメルメタル進化。 既存条件文=殿堂入り
EVENT_SPECIAL_NATIONAL_0888,ARC_GALAR_CROWN,SPECIES_KEY_ZACIAN,KANTO,K42,KANTO_DUNGEON_VICTORY_ROAD_3_F,97,41,OBJECT_REUSE,HOST_GALAR_CROWN,1,KANTO_DUNGEON_VICTORY_ROAD_3_F_OBJECT_01_STUB,ACQ_HOST_SCRIPT_HOST_GALAR_CROWN,40,7,3,OBJ_EVENT_GFX_COOLTRAINER_M,MOVEMENT_TYPE_FACE_LEFT,12,12,UNLOCK_SPHERE_RUINS_CLEAR,UNLOCK_SPHERE_RUINS_CLEAR AND (スフィアいせき後),TALK_OR_EXAMINE_EXISTING_HOST,CHECK_UNLOCK|CHECK_LEDGER|OFFER|PREPARE|EXECUTE|COMMIT|RETRY|FULL|DONE,DIALOGUE_EVENT_SPECIAL_NATIONAL_0888,CAPTURE,75,REWARD_SPECIAL_NATIONAL_0888,LEDGER_BIT_EVENT_SPECIAL_NATIONAL_0888,VAR_KEY_ACQUISITION_SELECTION,SHARED_CAPTURE_KEY_NATIONAL_0888,failure/cancel/reset rollback; success ledger commit,capture: normal storage check; gift/egg: party then PC then queue,do not begin/consume/commit; show FULL and remain available,never hard-block on RTC; use ecology radar fixed-day/night selector,STANDARD_MESSAGE_YESNO_LIST_PARTY_PC,ACQ_RUNTIME_CAPTURE,scripts/build_acquisition_content.py,generated/map_scripts/HOST_GALAR_CROWN.inc + generated/acquisition_event_defs.c,READY_TO_INTEGRATE,READY_TO_SERIALIZE; object delta=0; before=12; after=12,TEST_EVENT_SPECIAL_NATIONAL_0888_UNLOCK|_CANCEL|_RESET|_FULL|_SUCCESS|_DUPLICATE,双王・双拳・雪原: くちたけん／くちたたてを返還して各固定戦。 既存条件文=スフィアいせき後
EVENT_SPECIAL_NATIONAL_0889,ARC_GALAR_CROWN,SPECIES_KEY_ZAMAZENTA,KANTO,K42,KANTO_DUNGEON_VICTORY_ROAD_3_F,97,41,OBJECT_REUSE,HOST_GALAR_CROWN,1,KANTO_DUNGEON_VICTORY_ROAD_3_F_OBJECT_01_STUB,ACQ_HOST_SCRIPT_HOST_GALAR_CROWN,40,7,3,OBJ_EVENT_GFX_COOLTRAINER_M,MOVEMENT_TYPE_FACE_LEFT,12,12,UNLOCK_SPHERE_RUINS_CLEAR,UNLOCK_SPHERE_RUINS_CLEAR AND (スフィアいせき後),TALK_OR_EXAMINE_EXISTING_HOST,CHECK_UNLOCK|CHECK_LEDGER|OFFER|PREPARE|EXECUTE|COMMIT|RETRY|FULL|DONE,DIALOGUE_EVENT_SPECIAL_NATIONAL_0889,CAPTURE,75,REWARD_SPECIAL_NATIONAL_0889,LEDGER_BIT_EVENT_SPECIAL_NATIONAL_0889,VAR_KEY_ACQUISITION_SELECTION,SHARED_CAPTURE_KEY_NATIONAL_0889,failure/cancel/reset rollback; success ledger commit,capture: normal storage check; gift/egg: party then PC then queue,do not begin/consume/commit; show FULL and remain available,never hard-block on RTC; use ecology radar fixed-day/night selector,STANDARD_MESSAGE_YESNO_LIST_PARTY_PC,ACQ_RUNTIME_CAPTURE,scripts/build_acquisition_content.py,generated/map_scripts/HOST_GALAR_CROWN.inc + generated/acquisition_event_defs.c,READY_TO_INTEGRATE,READY_TO_SERIALIZE; object delta=0; before=12; after=12,TEST_EVENT_SPECIAL_NATIONAL_0889_UNLOCK|_CANCEL|_RESET|_FULL|_SUCCESS|_DUPLICATE,双王・双拳・雪原: くちたけん／くちたたてを返還して各固定戦。 既存条件文=スフィアいせき後
EVENT_SPECIAL_NATIONAL_0890,ARC_GALAR_CROWN,SPECIES_KEY_ETERNATUS,KANTO,K42,KANTO_DUNGEON_VICTORY_ROAD_3_F,97,41,OBJECT_REUSE,HOST_GALAR_CROWN,1,KANTO_DUNGEON_VICTORY_ROAD_3_F_OBJECT_01_STUB,ACQ_HOST_SCRIPT_HOST_GALAR_CROWN,40,7,3,OBJ_EVENT_GFX_COOLTRAINER_M,MOVEMENT_TYPE_FACE_LEFT,12,12,UNLOCK_SPHERE_RUINS_CLEAR,UNLOCK_SPHERE_RUINS_CLEAR AND (殿堂入り＋ダイマックスバンド),TALK_OR_EXAMINE_EXISTING_HOST,CHECK_UNLOCK|CHECK_LEDGER|OFFER|PREPARE|EXECUTE|COMMIT|RETRY|FULL|DONE,DIALOGUE_EVENT_SPECIAL_NATIONAL_0890,CAPTURE,75,REWARD_SPECIAL_NATIONAL_0890,LEDGER_BIT_EVENT_SPECIAL_NATIONAL_0890,VAR_KEY_ACQUISITION_SELECTION,SHARED_CAPTURE_KEY_NATIONAL_0890,failure/cancel/reset rollback; success ledger commit,capture: normal storage check; gift/egg: party then PC then queue,do not begin/consume/commit; show FULL and remain available,never hard-block on RTC; use ecology radar fixed-day/night selector,STANDARD_MESSAGE_YESNO_LIST_PARTY_PC,ACQ_RUNTIME_CAPTURE,scripts/build_acquisition_content.py,generated/map_scripts/HOST_GALAR_CROWN.inc + generated/acquisition_event_defs.c,READY_TO_INTEGRATE,READY_TO_SERIALIZE; object delta=0; before=12; after=12,TEST_EVENT_SPECIAL_NATIONAL_0890_UNLOCK|_CANCEL|_RESET|_FULL|_SUCCESS|_DUPLICATE,双王・双拳・雪原: 指定レイドとして戦闘。捕獲は初回のみ。 既存条件文=殿堂入り＋ダイマックスバンド
EVENT_SPECIAL_NATIONAL_0891,ARC_GALAR_CROWN,SPECIES_KEY_KUBFU,KANTO,K42,KANTO_DUNGEON_VICTORY_ROAD_3_F,97,41,OBJECT_REUSE,HOST_GALAR_CROWN,1,KANTO_DUNGEON_VICTORY_ROAD_3_F_OBJECT_01_STUB,ACQ_HOST_SCRIPT_HOST_GALAR_CROWN,40,7,3,OBJ_EVENT_GFX_COOLTRAINER_M,MOVEMENT_TYPE_FACE_LEFT,12,12,UNLOCK_SPHERE_RUINS_CLEAR,UNLOCK_SPHERE_RUINS_CLEAR AND (殿堂入り),TALK_OR_EXAMINE_EXISTING_HOST,CHECK_UNLOCK|CHECK_LEDGER|OFFER|PREPARE|EXECUTE|COMMIT|RETRY|FULL|DONE,DIALOGUE_EVENT_SPECIAL_NATIONAL_0891,GIFT,,REWARD_SPECIAL_NATIONAL_0891,LEDGER_BIT_EVENT_SPECIAL_NATIONAL_0891,VAR_KEY_ACQUISITION_SELECTION,SHARED_CAPTURE_KEY_NATIONAL_0891,failure/cancel/reset rollback; success ledger commit,capture: normal storage check; gift/egg: party then PC then queue,do not begin/consume/commit; show FULL and remain available,never hard-block on RTC; use ecology radar fixed-day/night selector,STANDARD_MESSAGE_YESNO_LIST_PARTY_PC,ACQ_RUNTIME_GIFT,scripts/build_acquisition_content.py,generated/map_scripts/HOST_GALAR_CROWN.inc + generated/acquisition_event_defs.c,READY_TO_INTEGRATE,READY_TO_SERIALIZE; object delta=0; before=12; after=12,TEST_EVENT_SPECIAL_NATIONAL_0891_UNLOCK|_CANCEL|_RESET|_FULL|_SUCCESS|_DUPLICATE,双王・双拳・雪原: ダクマ譲渡後、あく／みずの修練札で分岐進化。 既存条件文=殿堂入り
EVENT_SPECIAL_NATIONAL_0892,ARC_GALAR_CROWN,SPECIES_KEY_URSHIFU_SINGLE,KANTO,K42,KANTO_DUNGEON_VICTORY_ROAD_3_F,97,41,OBJECT_REUSE,HOST_GALAR_CROWN,1,KANTO_DUNGEON_VICTORY_ROAD_3_F_OBJECT_01_STUB,ACQ_HOST_SCRIPT_HOST_GALAR_CROWN,40,7,3,OBJ_EVENT_GFX_COOLTRAINER_M,MOVEMENT_TYPE_FACE_LEFT,12,12,UNLOCK_SPHERE_RUINS_CLEAR,UNLOCK_SPHERE_RUINS_CLEAR AND (殿堂入り),TALK_OR_EXAMINE_EXISTING_HOST,CHECK_UNLOCK|CHECK_LEDGER|OFFER|PREPARE|EXECUTE|COMMIT|RETRY|FULL|DONE,DIALOGUE_EVENT_SPECIAL_NATIONAL_0892,EVOLUTION_SUPPORT,,REWARD_SPECIAL_NATIONAL_0892,LEDGER_BIT_EVENT_SPECIAL_NATIONAL_0892,VAR_KEY_ACQUISITION_SELECTION,SHARED_CAPTURE_KEY_NATIONAL_0892,failure/cancel/reset rollback; success ledger commit,capture: normal storage check; gift/egg: party then PC then queue,do not begin/consume/commit; show FULL and remain available,never hard-block on RTC; use ecology radar fixed-day/night selector,STANDARD_MESSAGE_YESNO_LIST_PARTY_PC,ACQ_RUNTIME_EVOLUTION_SUPPORT,scripts/build_acquisition_content.py,generated/map_scripts/HOST_GALAR_CROWN.inc + generated/acquisition_event_defs.c,READY_TO_INTEGRATE,READY_TO_SERIALIZE; object delta=0; before=12; after=12,TEST_EVENT_SPECIAL_NATIONAL_0892_UNLOCK|_CANCEL|_RESET|_FULL|_SUCCESS|_DUPLICATE,双王・双拳・雪原: ダクマ譲渡後、あく／みずの修練札で分岐進化。 既存条件文=殿堂入り
EVENT_SPECIAL_NATIONAL_0893,ARC_GALAR_CROWN,SPECIES_KEY_ZARUDE,KANTO,K42,KANTO_DUNGEON_VICTORY_ROAD_3_F,97,41,OBJECT_REUSE,HOST_GALAR_CROWN,1,KANTO_DUNGEON_VICTORY_ROAD_3_F_OBJECT_01_STUB,ACQ_HOST_SCRIPT_HOST_GALAR_CROWN,40,7,3,OBJ_EVENT_GFX_COOLTRAINER_M,MOVEMENT_TYPE_FACE_LEFT,12,12,UNLOCK_SPHERE_RUINS_CLEAR,UNLOCK_SPHERE_RUINS_CLEAR AND (全国研究ランク4),TALK_OR_EXAMINE_EXISTING_HOST,CHECK_UNLOCK|CHECK_LEDGER|OFFER|PREPARE|EXECUTE|COMMIT|RETRY|FULL|DONE,DIALOGUE_EVENT_SPECIAL_NATIONAL_0893,CAPTURE,80,REWARD_SPECIAL_NATIONAL_0893,LEDGER_BIT_EVENT_SPECIAL_NATIONAL_0893,VAR_KEY_ACQUISITION_SELECTION,SHARED_CAPTURE_KEY_NATIONAL_0893,failure/cancel/reset rollback; success ledger commit,capture: normal storage check; gift/egg: party then PC then queue,do not begin/consume/commit; show FULL and remain available,never hard-block on RTC; use ecology radar fixed-day/night selector,STANDARD_MESSAGE_YESNO_LIST_PARTY_PC,ACQ_RUNTIME_CAPTURE,scripts/build_acquisition_content.py,generated/map_scripts/HOST_GALAR_CROWN.inc + generated/acquisition_event_defs.c,READY_TO_INTEGRATE,READY_TO_SERIALIZE; object delta=0; before=12; after=12,TEST_EVENT_SPECIAL_NATIONAL_0893_UNLOCK|_CANCEL|_RESET|_FULL|_SUCCESS|_DUPLICATE,双王・双拳・雪原: 森の薬草を守るイベント後に固定戦。 既存条件文=全国研究ランク4
EVENT_SPECIAL_NATIONAL_0894,ARC_ANCIENT_GIANTS,SPECIES_KEY_REGIELEKI,KANTO,K27,KANTO_DUNGEON_MT_MOON_B2_F,97,3,OBJECT_REUSE,HOST_ANCIENT_GIANTS,1,KANTO_DUNGEON_MT_MOON_B2_F_OBJECT_01_STUB,ACQ_HOST_SCRIPT_HOST_ANCIENT_GIANTS,13,7,3,OBJ_EVENT_GFX_FOSSIL,MOVEMENT_TYPE_FACE_DOWN,11,11,UNLOCK_HALL_OF_FAME,UNLOCK_HALL_OF_FAME AND (レジ系3体登録),TALK_OR_EXAMINE_EXISTING_HOST,CHECK_UNLOCK|CHECK_LEDGER|OFFER|PREPARE|EXECUTE|COMMIT|RETRY|FULL|DONE,DIALOGUE_EVENT_SPECIAL_NATIONAL_0894,CAPTURE,75,REWARD_SPECIAL_NATIONAL_0894,LEDGER_BIT_EVENT_SPECIAL_NATIONAL_0894,VAR_KEY_ACQUISITION_SELECTION,SHARED_CAPTURE_KEY_NATIONAL_0894,failure/cancel/reset rollback; success ledger commit,capture: normal storage check; gift/egg: party then PC then queue,do not begin/consume/commit; show FULL and remain available,never hard-block on RTC; use ecology radar fixed-day/night selector,STANDARD_MESSAGE_YESNO_LIST_PARTY_PC,ACQ_RUNTIME_CAPTURE,scripts/build_acquisition_content.py,generated/map_scripts/HOST_ANCIENT_GIANTS.inc + generated/acquisition_event_defs.c,READY_TO_INTEGRATE,READY_TO_SERIALIZE; object delta=0; before=11; after=11,TEST_EVENT_SPECIAL_NATIONAL_0894_UNLOCK|_CANCEL|_RESET|_FULL|_SUCCESS|_DUPLICATE,古代巨人の封印: 左右どちらも最終的に解禁し、排他にしない。 既存条件文=レジ系3体登録
EVENT_SPECIAL_NATIONAL_0895,ARC_ANCIENT_GIANTS,SPECIES_KEY_REGIDRAGO,KANTO,K27,KANTO_DUNGEON_MT_MOON_B2_F,97,3,OBJECT_REUSE,HOST_ANCIENT_GIANTS,1,KANTO_DUNGEON_MT_MOON_B2_F_OBJECT_01_STUB,ACQ_HOST_SCRIPT_HOST_ANCIENT_GIANTS,13,7,3,OBJ_EVENT_GFX_FOSSIL,MOVEMENT_TYPE_FACE_DOWN,11,11,UNLOCK_HALL_OF_FAME,UNLOCK_HALL_OF_FAME AND (レジ系3体登録),TALK_OR_EXAMINE_EXISTING_HOST,CHECK_UNLOCK|CHECK_LEDGER|OFFER|PREPARE|EXECUTE|COMMIT|RETRY|FULL|DONE,DIALOGUE_EVENT_SPECIAL_NATIONAL_0895,CAPTURE,75,REWARD_SPECIAL_NATIONAL_0895,LEDGER_BIT_EVENT_SPECIAL_NATIONAL_0895,VAR_KEY_ACQUISITION_SELECTION,SHARED_CAPTURE_KEY_NATIONAL_0895,failure/cancel/reset rollback; success ledger commit,capture: normal storage check; gift/egg: party then PC then queue,do not begin/consume/commit; show FULL and remain available,never hard-block on RTC; use ecology radar fixed-day/night selector,STANDARD_MESSAGE_YESNO_LIST_PARTY_PC,ACQ_RUNTIME_CAPTURE,scripts/build_acquisition_content.py,generated/map_scripts/HOST_ANCIENT_GIANTS.inc + generated/acquisition_event_defs.c,READY_TO_INTEGRATE,READY_TO_SERIALIZE; object delta=0; before=11; after=11,TEST_EVENT_SPECIAL_NATIONAL_0895_UNLOCK|_CANCEL|_RESET|_FULL|_SUCCESS|_DUPLICATE,古代巨人の封印: 左右どちらも最終的に解禁し、排他にしない。 既存条件文=レジ系3体登録
EVENT_SPECIAL_NATIONAL_0896,ARC_GALAR_CROWN,SPECIES_KEY_GLASTRIER,KANTO,K42,KANTO_DUNGEON_VICTORY_ROAD_3_F,97,41,OBJECT_REUSE,HOST_GALAR_CROWN,1,KANTO_DUNGEON_VICTORY_ROAD_3_F_OBJECT_01_STUB,ACQ_HOST_SCRIPT_HOST_GALAR_CROWN,40,7,3,OBJ_EVENT_GFX_COOLTRAINER_M,MOVEMENT_TYPE_FACE_LEFT,12,12,UNLOCK_SPHERE_RUINS_CLEAR,UNLOCK_SPHERE_RUINS_CLEAR AND (殿堂入り＋豊穣イベント),TALK_OR_EXAMINE_EXISTING_HOST,CHECK_UNLOCK|CHECK_LEDGER|OFFER|PREPARE|EXECUTE|COMMIT|RETRY|FULL|DONE,DIALOGUE_EVENT_SPECIAL_NATIONAL_0896,CAPTURE,75,REWARD_SPECIAL_NATIONAL_0896,LEDGER_BIT_EVENT_SPECIAL_NATIONAL_0896,VAR_KEY_ACQUISITION_SELECTION,SHARED_CAPTURE_KEY_NATIONAL_0896,failure/cancel/reset rollback; success ledger commit,capture: normal storage check; gift/egg: party then PC then queue,do not begin/consume/commit; show FULL and remain available,never hard-block on RTC; use ecology radar fixed-day/night selector,STANDARD_MESSAGE_YESNO_LIST_PARTY_PC,ACQ_RUNTIME_CAPTURE,scripts/build_acquisition_content.py,generated/map_scripts/HOST_GALAR_CROWN.inc + generated/acquisition_event_defs.c,READY_TO_INTEGRATE,READY_TO_SERIALIZE; object delta=0; before=12; after=12,TEST_EVENT_SPECIAL_NATIONAL_0896_UNLOCK|_CANCEL|_RESET|_FULL|_SUCCESS|_DUPLICATE,双王・双拳・雪原: 二頭を個別捕獲後、バドレックスを固定戦。手綱で合体切替。 既存条件文=殿堂入り＋豊穣イベント
EVENT_SPECIAL_NATIONAL_0897,ARC_GALAR_CROWN,SPECIES_KEY_SPECTRIER,KANTO,K42,KANTO_DUNGEON_VICTORY_ROAD_3_F,97,41,OBJECT_REUSE,HOST_GALAR_CROWN,1,KANTO_DUNGEON_VICTORY_ROAD_3_F_OBJECT_01_STUB,ACQ_HOST_SCRIPT_HOST_GALAR_CROWN,40,7,3,OBJ_EVENT_GFX_COOLTRAINER_M,MOVEMENT_TYPE_FACE_LEFT,12,12,UNLOCK_SPHERE_RUINS_CLEAR,UNLOCK_SPHERE_RUINS_CLEAR AND (殿堂入り＋豊穣イベント),TALK_OR_EXAMINE_EXISTING_HOST,CHECK_UNLOCK|CHECK_LEDGER|OFFER|PREPARE|EXECUTE|COMMIT|RETRY|FULL|DONE,DIALOGUE_EVENT_SPECIAL_NATIONAL_0897,CAPTURE,75,REWARD_SPECIAL_NATIONAL_0897,LEDGER_BIT_EVENT_SPECIAL_NATIONAL_0897,VAR_KEY_ACQUISITION_SELECTION,SHARED_CAPTURE_KEY_NATIONAL_0897,failure/cancel/reset rollback; success ledger commit,capture: normal storage check; gift/egg: party then PC then queue,do not begin/consume/commit; show FULL and remain available,never hard-block on RTC; use ecology radar fixed-day/night selector,STANDARD_MESSAGE_YESNO_LIST_PARTY_PC,ACQ_RUNTIME_CAPTURE,scripts/build_acquisition_content.py,generated/map_scripts/HOST_GALAR_CROWN.inc + generated/acquisition_event_defs.c,READY_TO_INTEGRATE,READY_TO_SERIALIZE; object delta=0; before=12; after=12,TEST_EVENT_SPECIAL_NATIONAL_0897_UNLOCK|_CANCEL|_RESET|_FULL|_SUCCESS|_DUPLICATE,双王・双拳・雪原: 二頭を個別捕獲後、バドレックスを固定戦。手綱で合体切替。 既存条件文=殿堂入り＋豊穣イベント
EVENT_SPECIAL_NATIONAL_0898,ARC_GALAR_CROWN,SPECIES_KEY_CALYREX,KANTO,K42,KANTO_DUNGEON_VICTORY_ROAD_3_F,97,41,OBJECT_REUSE,HOST_GALAR_CROWN,1,KANTO_DUNGEON_VICTORY_ROAD_3_F_OBJECT_01_STUB,ACQ_HOST_SCRIPT_HOST_GALAR_CROWN,40,7,3,OBJ_EVENT_GFX_COOLTRAINER_M,MOVEMENT_TYPE_FACE_LEFT,12,12,UNLOCK_SPHERE_RUINS_CLEAR,UNLOCK_SPHERE_RUINS_CLEAR AND (殿堂入り＋豊穣イベント),TALK_OR_EXAMINE_EXISTING_HOST,CHECK_UNLOCK|CHECK_LEDGER|OFFER|PREPARE|EXECUTE|COMMIT|RETRY|FULL|DONE,DIALOGUE_EVENT_SPECIAL_NATIONAL_0898,CAPTURE,75,REWARD_SPECIAL_NATIONAL_0898,LEDGER_BIT_EVENT_SPECIAL_NATIONAL_0898,VAR_KEY_ACQUISITION_SELECTION,SHARED_CAPTURE_KEY_NATIONAL_0898,failure/cancel/reset rollback; success ledger commit,capture: normal storage check; gift/egg: party then PC then queue,do not begin/consume/commit; show FULL and remain available,never hard-block on RTC; use ecology radar fixed-day/night selector,STANDARD_MESSAGE_YESNO_LIST_PARTY_PC,ACQ_RUNTIME_CAPTURE,scripts/build_acquisition_content.py,generated/map_scripts/HOST_GALAR_CROWN.inc + generated/acquisition_event_defs.c,READY_TO_INTEGRATE,READY_TO_SERIALIZE; object delta=0; before=12; after=12,TEST_EVENT_SPECIAL_NATIONAL_0898_UNLOCK|_CANCEL|_RESET|_FULL|_SUCCESS|_DUPLICATE,双王・双拳・雪原: 二頭を個別捕獲後、バドレックスを固定戦。手綱で合体切替。 既存条件文=殿堂入り＋豊穣イベント
EVENT_SPECIAL_NATIONAL_0905,ARC_HISUI_MEMORY,SPECIES_KEY_ENAMORUS,KANTO,K31,KANTO_DUNGEON_POKEMON_TOWER_5_F,97,92,OBJECT_REUSE,HOST_RUINOUS_SEALS,5,KANTO_DUNGEON_POKEMON_TOWER_5_F_OBJECT_05_STUB,ACQ_HOST_SCRIPT_HOST_RUINOUS_SEALS,12,8,3,OBJ_EVENT_GFX_CHANNELER,MOVEMENT_TYPE_FACE_RIGHT,7,7,UNLOCK_RESEARCH_RANK_4,UNLOCK_RESEARCH_RANK_4 AND (殿堂入り＋天候観測器),TALK_OR_EXAMINE_EXISTING_HOST,CHECK_UNLOCK|CHECK_LEDGER|OFFER|PREPARE|EXECUTE|COMMIT|RETRY|FULL|DONE,DIALOGUE_EVENT_SPECIAL_NATIONAL_0905,CAPTURE,75,REWARD_SPECIAL_NATIONAL_0905,LEDGER_BIT_EVENT_SPECIAL_NATIONAL_0905,VAR_KEY_ACQUISITION_SELECTION,SHARED_CAPTURE_KEY_NATIONAL_0905,failure/cancel/reset rollback; success ledger commit,capture: normal storage check; gift/egg: party then PC then queue,do not begin/consume/commit; show FULL and remain available,never hard-block on RTC; use ecology radar fixed-day/night selector,STANDARD_MESSAGE_YESNO_LIST_PARTY_PC,ACQ_RUNTIME_CAPTURE,scripts/build_acquisition_content.py,generated/map_scripts/HOST_RUINOUS_SEALS.inc + generated/acquisition_event_defs.c,READY_TO_INTEGRATE,READY_TO_SERIALIZE; object delta=0; before=7; after=7,TEST_EVENT_SPECIAL_NATIONAL_0905_UNLOCK|_CANCEL|_RESET|_FULL|_SUCCESS|_DUPLICATE,ヒスイの記憶: 天候を切替えて固定戦。うつしかがみを同時入手。 既存条件文=殿堂入り＋天候観測器
EVENT_SPECIAL_NATIONAL_0984,ARC_PARADOX_PAST,SPECIES_KEY_GREAT_TUSK,KANTO,K27,KANTO_DUNGEON_MT_MOON_B2_F,97,3,OBJECT_REUSE,HOST_ANCIENT_GIANTS,1,KANTO_DUNGEON_MT_MOON_B2_F_OBJECT_01_STUB,ACQ_HOST_SCRIPT_HOST_ANCIENT_GIANTS,13,7,3,OBJ_EVENT_GFX_FOSSIL,MOVEMENT_TYPE_FACE_DOWN,11,11,UNLOCK_PARADOX_RESEARCH,UNLOCK_PARADOX_RESEARCH AND (スフィアいせき後),TALK_OR_EXAMINE_EXISTING_HOST,CHECK_UNLOCK|CHECK_LEDGER|OFFER|PREPARE|EXECUTE|COMMIT|RETRY|FULL|DONE,DIALOGUE_EVENT_SPECIAL_NATIONAL_0984,CAPTURE,90,REWARD_SPECIAL_NATIONAL_0984,LEDGER_BIT_EVENT_SPECIAL_NATIONAL_0984,VAR_KEY_ACQUISITION_SELECTION,SHARED_CAPTURE_KEY_NATIONAL_0984,failure/cancel/reset rollback; success ledger commit,capture: normal storage check; gift/egg: party then PC then queue,do not begin/consume/commit; show FULL and remain available,never hard-block on RTC; use ecology radar fixed-day/night selector,STANDARD_MESSAGE_YESNO_LIST_PARTY_PC,ACQ_RUNTIME_CAPTURE,scripts/build_acquisition_content.py,generated/map_scripts/HOST_ANCIENT_GIANTS.inc + generated/acquisition_event_defs.c,READY_TO_INTEGRATE,READY_TO_SERIALIZE; object delta=0; before=11; after=11,TEST_EVENT_SPECIAL_NATIONAL_0984_UNLOCK|_CANCEL|_RESET|_FULL|_SUCCESS|_DUPLICATE,過去の時代裂け目: 過去・未来チケットで出現群を切替。バージョン排他は設けない。 既存条件文=スフィアいせき後
EVENT_SPECIAL_NATIONAL_0985,ARC_PARADOX_PAST,SPECIES_KEY_SCREAM_TAIL,KANTO,K27,KANTO_DUNGEON_MT_MOON_B2_F,97,3,OBJECT_REUSE,HOST_ANCIENT_GIANTS,1,KANTO_DUNGEON_MT_MOON_B2_F_OBJECT_01_STUB,ACQ_HOST_SCRIPT_HOST_ANCIENT_GIANTS,13,7,3,OBJ_EVENT_GFX_FOSSIL,MOVEMENT_TYPE_FACE_DOWN,11,11,UNLOCK_PARADOX_RESEARCH,UNLOCK_PARADOX_RESEARCH AND (スフィアいせき後),TALK_OR_EXAMINE_EXISTING_HOST,CHECK_UNLOCK|CHECK_LEDGER|OFFER|PREPARE|EXECUTE|COMMIT|RETRY|FULL|DONE,DIALOGUE_EVENT_SPECIAL_NATIONAL_0985,CAPTURE,90,REWARD_SPECIAL_NATIONAL_0985,LEDGER_BIT_EVENT_SPECIAL_NATIONAL_0985,VAR_KEY_ACQUISITION_SELECTION,SHARED_CAPTURE_KEY_NATIONAL_0985,failure/cancel/reset rollback; success ledger commit,capture: normal storage check; gift/egg: party then PC then queue,do not begin/consume/commit; show FULL and remain available,never hard-block on RTC; use ecology radar fixed-day/night selector,STANDARD_MESSAGE_YESNO_LIST_PARTY_PC,ACQ_RUNTIME_CAPTURE,scripts/build_acquisition_content.py,generated/map_scripts/HOST_ANCIENT_GIANTS.inc + generated/acquisition_event_defs.c,READY_TO_INTEGRATE,READY_TO_SERIALIZE; object delta=0; before=11; after=11,TEST_EVENT_SPECIAL_NATIONAL_0985_UNLOCK|_CANCEL|_RESET|_FULL|_SUCCESS|_DUPLICATE,過去の時代裂け目: 過去・未来チケットで出現群を切替。バージョン排他は設けない。 既存条件文=スフィアいせき後
EVENT_SPECIAL_NATIONAL_0986,ARC_PARADOX_PAST,SPECIES_KEY_BRUTE_BONNET,KANTO,K27,KANTO_DUNGEON_MT_MOON_B2_F,97,3,OBJECT_REUSE,HOST_ANCIENT_GIANTS,1,KANTO_DUNGEON_MT_MOON_B2_F_OBJECT_01_STUB,ACQ_HOST_SCRIPT_HOST_ANCIENT_GIANTS,13,7,3,OBJ_EVENT_GFX_FOSSIL,MOVEMENT_TYPE_FACE_DOWN,11,11,UNLOCK_PARADOX_RESEARCH,UNLOCK_PARADOX_RESEARCH AND (スフィアいせき後),TALK_OR_EXAMINE_EXISTING_HOST,CHECK_UNLOCK|CHECK_LEDGER|OFFER|PREPARE|EXECUTE|COMMIT|RETRY|FULL|DONE,DIALOGUE_EVENT_SPECIAL_NATIONAL_0986,CAPTURE,90,REWARD_SPECIAL_NATIONAL_0986,LEDGER_BIT_EVENT_SPECIAL_NATIONAL_0986,VAR_KEY_ACQUISITION_SELECTION,SHARED_CAPTURE_KEY_NATIONAL_0986,failure/cancel/reset rollback; success ledger commit,capture: normal storage check; gift/egg: party then PC then queue,do not begin/consume/commit; show FULL and remain available,never hard-block on RTC; use ecology radar fixed-day/night selector,STANDARD_MESSAGE_YESNO_LIST_PARTY_PC,ACQ_RUNTIME_CAPTURE,scripts/build_acquisition_content.py,generated/map_scripts/HOST_ANCIENT_GIANTS.inc + generated/acquisition_event_defs.c,READY_TO_INTEGRATE,READY_TO_SERIALIZE; object delta=0; before=11; after=11,TEST_EVENT_SPECIAL_NATIONAL_0986_UNLOCK|_CANCEL|_RESET|_FULL|_SUCCESS|_DUPLICATE,過去の時代裂け目: 過去・未来チケットで出現群を切替。バージョン排他は設けない。 既存条件文=スフィアいせき後
EVENT_SPECIAL_NATIONAL_0987,ARC_PARADOX_PAST,SPECIES_KEY_FLUTTER_MANE,KANTO,K27,KANTO_DUNGEON_MT_MOON_B2_F,97,3,OBJECT_REUSE,HOST_ANCIENT_GIANTS,1,KANTO_DUNGEON_MT_MOON_B2_F_OBJECT_01_STUB,ACQ_HOST_SCRIPT_HOST_ANCIENT_GIANTS,13,7,3,OBJ_EVENT_GFX_FOSSIL,MOVEMENT_TYPE_FACE_DOWN,11,11,UNLOCK_PARADOX_RESEARCH,UNLOCK_PARADOX_RESEARCH AND (スフィアいせき後),TALK_OR_EXAMINE_EXISTING_HOST,CHECK_UNLOCK|CHECK_LEDGER|OFFER|PREPARE|EXECUTE|COMMIT|RETRY|FULL|DONE,DIALOGUE_EVENT_SPECIAL_NATIONAL_0987,CAPTURE,90,REWARD_SPECIAL_NATIONAL_0987,LEDGER_BIT_EVENT_SPECIAL_NATIONAL_0987,VAR_KEY_ACQUISITION_SELECTION,SHARED_CAPTURE_KEY_NATIONAL_0987,failure/cancel/reset rollback; success ledger commit,capture: normal storage check; gift/egg: party then PC then queue,do not begin/consume/commit; show FULL and remain available,never hard-block on RTC; use ecology radar fixed-day/night selector,STANDARD_MESSAGE_YESNO_LIST_PARTY_PC,ACQ_RUNTIME_CAPTURE,scripts/build_acquisition_content.py,generated/map_scripts/HOST_ANCIENT_GIANTS.inc + generated/acquisition_event_defs.c,READY_TO_INTEGRATE,READY_TO_SERIALIZE; object delta=0; before=11; after=11,TEST_EVENT_SPECIAL_NATIONAL_0987_UNLOCK|_CANCEL|_RESET|_FULL|_SUCCESS|_DUPLICATE,過去の時代裂け目: 過去・未来チケットで出現群を切替。バージョン排他は設けない。 既存条件文=スフィアいせき後
EVENT_SPECIAL_NATIONAL_0988,ARC_PARADOX_PAST,SPECIES_KEY_SLITHER_WING,KANTO,K27,KANTO_DUNGEON_MT_MOON_B2_F,97,3,OBJECT_REUSE,HOST_ANCIENT_GIANTS,1,KANTO_DUNGEON_MT_MOON_B2_F_OBJECT_01_STUB,ACQ_HOST_SCRIPT_HOST_ANCIENT_GIANTS,13,7,3,OBJ_EVENT_GFX_FOSSIL,MOVEMENT_TYPE_FACE_DOWN,11,11,UNLOCK_PARADOX_RESEARCH,UNLOCK_PARADOX_RESEARCH AND (スフィアいせき後),TALK_OR_EXAMINE_EXISTING_HOST,CHECK_UNLOCK|CHECK_LEDGER|OFFER|PREPARE|EXECUTE|COMMIT|RETRY|FULL|DONE,DIALOGUE_EVENT_SPECIAL_NATIONAL_0988,CAPTURE,90,REWARD_SPECIAL_NATIONAL_0988,LEDGER_BIT_EVENT_SPECIAL_NATIONAL_0988,VAR_KEY_ACQUISITION_SELECTION,SHARED_CAPTURE_KEY_NATIONAL_0988,failure/cancel/reset rollback; success ledger commit,capture: normal storage check; gift/egg: party then PC then queue,do not begin/consume/commit; show FULL and remain available,never hard-block on RTC; use ecology radar fixed-day/night selector,STANDARD_MESSAGE_YESNO_LIST_PARTY_PC,ACQ_RUNTIME_CAPTURE,scripts/build_acquisition_content.py,generated/map_scripts/HOST_ANCIENT_GIANTS.inc + generated/acquisition_event_defs.c,READY_TO_INTEGRATE,READY_TO_SERIALIZE; object delta=0; before=11; after=11,TEST_EVENT_SPECIAL_NATIONAL_0988_UNLOCK|_CANCEL|_RESET|_FULL|_SUCCESS|_DUPLICATE,過去の時代裂け目: 過去・未来チケットで出現群を切替。バージョン排他は設けない。 既存条件文=スフィアいせき後
EVENT_SPECIAL_NATIONAL_0989,ARC_PARADOX_PAST,SPECIES_KEY_SANDY_SHOCKS,KANTO,K27,KANTO_DUNGEON_MT_MOON_B2_F,97,3,OBJECT_REUSE,HOST_ANCIENT_GIANTS,1,KANTO_DUNGEON_MT_MOON_B2_F_OBJECT_01_STUB,ACQ_HOST_SCRIPT_HOST_ANCIENT_GIANTS,13,7,3,OBJ_EVENT_GFX_FOSSIL,MOVEMENT_TYPE_FACE_DOWN,11,11,UNLOCK_PARADOX_RESEARCH,UNLOCK_PARADOX_RESEARCH AND (スフィアいせき後),TALK_OR_EXAMINE_EXISTING_HOST,CHECK_UNLOCK|CHECK_LEDGER|OFFER|PREPARE|EXECUTE|COMMIT|RETRY|FULL|DONE,DIALOGUE_EVENT_SPECIAL_NATIONAL_0989,CAPTURE,90,REWARD_SPECIAL_NATIONAL_0989,LEDGER_BIT_EVENT_SPECIAL_NATIONAL_0989,VAR_KEY_ACQUISITION_SELECTION,SHARED_CAPTURE_KEY_NATIONAL_0989,failure/cancel/reset rollback; success ledger commit,capture: normal storage check; gift/egg: party then PC then queue,do not begin/consume/commit; show FULL and remain available,never hard-block on RTC; use ecology radar fixed-day/night selector,STANDARD_MESSAGE_YESNO_LIST_PARTY_PC,ACQ_RUNTIME_CAPTURE,scripts/build_acquisition_content.py,generated/map_scripts/HOST_ANCIENT_GIANTS.inc + generated/acquisition_event_defs.c,READY_TO_INTEGRATE,READY_TO_SERIALIZE; object delta=0; before=11; after=11,TEST_EVENT_SPECIAL_NATIONAL_0989_UNLOCK|_CANCEL|_RESET|_FULL|_SUCCESS|_DUPLICATE,過去の時代裂け目: 過去・未来チケットで出現群を切替。バージョン排他は設けない。 既存条件文=スフィアいせき後
EVENT_SPECIAL_NATIONAL_0990,ARC_PARADOX_FUTURE,SPECIES_KEY_IRON_TREADS,KANTO,K40,KANTO_DUNGEON_POWER_PLANT,97,95,OBJECT_REUSE,HOST_FUTURE_CORE,1,KANTO_DUNGEON_POWER_PLANT_OBJECT_01_STUB,ACQ_HOST_SCRIPT_HOST_FUTURE_CORE,7,27,3,OBJ_EVENT_GFX_ITEM_BALL,MOVEMENT_TYPE_FACE_DOWN,8,8,UNLOCK_PARADOX_RESEARCH,UNLOCK_PARADOX_RESEARCH AND (スフィアいせき後),TALK_OR_EXAMINE_EXISTING_HOST,CHECK_UNLOCK|CHECK_LEDGER|OFFER|PREPARE|EXECUTE|COMMIT|RETRY|FULL|DONE,DIALOGUE_EVENT_SPECIAL_NATIONAL_0990,CAPTURE,90,REWARD_SPECIAL_NATIONAL_0990,LEDGER_BIT_EVENT_SPECIAL_NATIONAL_0990,VAR_KEY_ACQUISITION_SELECTION,SHARED_CAPTURE_KEY_NATIONAL_0990,failure/cancel/reset rollback; success ledger commit,capture: normal storage check; gift/egg: party then PC then queue,do not begin/consume/commit; show FULL and remain available,never hard-block on RTC; use ecology radar fixed-day/night selector,STANDARD_MESSAGE_YESNO_LIST_PARTY_PC,ACQ_RUNTIME_CAPTURE,scripts/build_acquisition_content.py,generated/map_scripts/HOST_FUTURE_CORE.inc + generated/acquisition_event_defs.c,READY_TO_INTEGRATE,READY_TO_SERIALIZE; object delta=0; before=8; after=8,TEST_EVENT_SPECIAL_NATIONAL_0990_UNLOCK|_CANCEL|_RESET|_FULL|_SUCCESS|_DUPLICATE,未来の時代裂け目: 過去・未来チケットで出現群を切替。バージョン排他は設けない。 既存条件文=スフィアいせき後
EVENT_SPECIAL_NATIONAL_0991,ARC_PARADOX_FUTURE,SPECIES_KEY_IRON_BUNDLE,KANTO,K40,KANTO_DUNGEON_POWER_PLANT,97,95,OBJECT_REUSE,HOST_FUTURE_CORE,1,KANTO_DUNGEON_POWER_PLANT_OBJECT_01_STUB,ACQ_HOST_SCRIPT_HOST_FUTURE_CORE,7,27,3,OBJ_EVENT_GFX_ITEM_BALL,MOVEMENT_TYPE_FACE_DOWN,8,8,UNLOCK_PARADOX_RESEARCH,UNLOCK_PARADOX_RESEARCH AND (スフィアいせき後),TALK_OR_EXAMINE_EXISTING_HOST,CHECK_UNLOCK|CHECK_LEDGER|OFFER|PREPARE|EXECUTE|COMMIT|RETRY|FULL|DONE,DIALOGUE_EVENT_SPECIAL_NATIONAL_0991,CAPTURE,90,REWARD_SPECIAL_NATIONAL_0991,LEDGER_BIT_EVENT_SPECIAL_NATIONAL_0991,VAR_KEY_ACQUISITION_SELECTION,SHARED_CAPTURE_KEY_NATIONAL_0991,failure/cancel/reset rollback; success ledger commit,capture: normal storage check; gift/egg: party then PC then queue,do not begin/consume/commit; show FULL and remain available,never hard-block on RTC; use ecology radar fixed-day/night selector,STANDARD_MESSAGE_YESNO_LIST_PARTY_PC,ACQ_RUNTIME_CAPTURE,scripts/build_acquisition_content.py,generated/map_scripts/HOST_FUTURE_CORE.inc + generated/acquisition_event_defs.c,READY_TO_INTEGRATE,READY_TO_SERIALIZE; object delta=0; before=8; after=8,TEST_EVENT_SPECIAL_NATIONAL_0991_UNLOCK|_CANCEL|_RESET|_FULL|_SUCCESS|_DUPLICATE,未来の時代裂け目: 過去・未来チケットで出現群を切替。バージョン排他は設けない。 既存条件文=スフィアいせき後
EVENT_SPECIAL_NATIONAL_0992,ARC_PARADOX_FUTURE,SPECIES_KEY_IRON_HANDS,KANTO,K40,KANTO_DUNGEON_POWER_PLANT,97,95,OBJECT_REUSE,HOST_FUTURE_CORE,1,KANTO_DUNGEON_POWER_PLANT_OBJECT_01_STUB,ACQ_HOST_SCRIPT_HOST_FUTURE_CORE,7,27,3,OBJ_EVENT_GFX_ITEM_BALL,MOVEMENT_TYPE_FACE_DOWN,8,8,UNLOCK_PARADOX_RESEARCH,UNLOCK_PARADOX_RESEARCH AND (スフィアいせき後),TALK_OR_EXAMINE_EXISTING_HOST,CHECK_UNLOCK|CHECK_LEDGER|OFFER|PREPARE|EXECUTE|COMMIT|RETRY|FULL|DONE,DIALOGUE_EVENT_SPECIAL_NATIONAL_0992,CAPTURE,90,REWARD_SPECIAL_NATIONAL_0992,LEDGER_BIT_EVENT_SPECIAL_NATIONAL_0992,VAR_KEY_ACQUISITION_SELECTION,SHARED_CAPTURE_KEY_NATIONAL_0992,failure/cancel/reset rollback; success ledger commit,capture: normal storage check; gift/egg: party then PC then queue,do not begin/consume/commit; show FULL and remain available,never hard-block on RTC; use ecology radar fixed-day/night selector,STANDARD_MESSAGE_YESNO_LIST_PARTY_PC,ACQ_RUNTIME_CAPTURE,scripts/build_acquisition_content.py,generated/map_scripts/HOST_FUTURE_CORE.inc + generated/acquisition_event_defs.c,READY_TO_INTEGRATE,READY_TO_SERIALIZE; object delta=0; before=8; after=8,TEST_EVENT_SPECIAL_NATIONAL_0992_UNLOCK|_CANCEL|_RESET|_FULL|_SUCCESS|_DUPLICATE,未来の時代裂け目: 過去・未来チケットで出現群を切替。バージョン排他は設けない。 既存条件文=スフィアいせき後
EVENT_SPECIAL_NATIONAL_0993,ARC_PARADOX_FUTURE,SPECIES_KEY_IRON_JUGULIS,KANTO,K40,KANTO_DUNGEON_POWER_PLANT,97,95,OBJECT_REUSE,HOST_FUTURE_CORE,1,KANTO_DUNGEON_POWER_PLANT_OBJECT_01_STUB,ACQ_HOST_SCRIPT_HOST_FUTURE_CORE,7,27,3,OBJ_EVENT_GFX_ITEM_BALL,MOVEMENT_TYPE_FACE_DOWN,8,8,UNLOCK_PARADOX_RESEARCH,UNLOCK_PARADOX_RESEARCH AND (スフィアいせき後),TALK_OR_EXAMINE_EXISTING_HOST,CHECK_UNLOCK|CHECK_LEDGER|OFFER|PREPARE|EXECUTE|COMMIT|RETRY|FULL|DONE,DIALOGUE_EVENT_SPECIAL_NATIONAL_0993,CAPTURE,90,REWARD_SPECIAL_NATIONAL_0993,LEDGER_BIT_EVENT_SPECIAL_NATIONAL_0993,VAR_KEY_ACQUISITION_SELECTION,SHARED_CAPTURE_KEY_NATIONAL_0993,failure/cancel/reset rollback; success ledger commit,capture: normal storage check; gift/egg: party then PC then queue,do not begin/consume/commit; show FULL and remain available,never hard-block on RTC; use ecology radar fixed-day/night selector,STANDARD_MESSAGE_YESNO_LIST_PARTY_PC,ACQ_RUNTIME_CAPTURE,scripts/build_acquisition_content.py,generated/map_scripts/HOST_FUTURE_CORE.inc + generated/acquisition_event_defs.c,READY_TO_INTEGRATE,READY_TO_SERIALIZE; object delta=0; before=8; after=8,TEST_EVENT_SPECIAL_NATIONAL_0993_UNLOCK|_CANCEL|_RESET|_FULL|_SUCCESS|_DUPLICATE,未来の時代裂け目: 過去・未来チケットで出現群を切替。バージョン排他は設けない。 既存条件文=スフィアいせき後
EVENT_SPECIAL_NATIONAL_0994,ARC_PARADOX_FUTURE,SPECIES_KEY_IRON_MOTH,KANTO,K40,KANTO_DUNGEON_POWER_PLANT,97,95,OBJECT_REUSE,HOST_FUTURE_CORE,1,KANTO_DUNGEON_POWER_PLANT_OBJECT_01_STUB,ACQ_HOST_SCRIPT_HOST_FUTURE_CORE,7,27,3,OBJ_EVENT_GFX_ITEM_BALL,MOVEMENT_TYPE_FACE_DOWN,8,8,UNLOCK_PARADOX_RESEARCH,UNLOCK_PARADOX_RESEARCH AND (スフィアいせき後),TALK_OR_EXAMINE_EXISTING_HOST,CHECK_UNLOCK|CHECK_LEDGER|OFFER|PREPARE|EXECUTE|COMMIT|RETRY|FULL|DONE,DIALOGUE_EVENT_SPECIAL_NATIONAL_0994,CAPTURE,90,REWARD_SPECIAL_NATIONAL_0994,LEDGER_BIT_EVENT_SPECIAL_NATIONAL_0994,VAR_KEY_ACQUISITION_SELECTION,SHARED_CAPTURE_KEY_NATIONAL_0994,failure/cancel/reset rollback; success ledger commit,capture: normal storage check; gift/egg: party then PC then queue,do not begin/consume/commit; show FULL and remain available,never hard-block on RTC; use ecology radar fixed-day/night selector,STANDARD_MESSAGE_YESNO_LIST_PARTY_PC,ACQ_RUNTIME_CAPTURE,scripts/build_acquisition_content.py,generated/map_scripts/HOST_FUTURE_CORE.inc + generated/acquisition_event_defs.c,READY_TO_INTEGRATE,READY_TO_SERIALIZE; object delta=0; before=8; after=8,TEST_EVENT_SPECIAL_NATIONAL_0994_UNLOCK|_CANCEL|_RESET|_FULL|_SUCCESS|_DUPLICATE,未来の時代裂け目: 過去・未来チケットで出現群を切替。バージョン排他は設けない。 既存条件文=スフィアいせき後
EVENT_SPECIAL_NATIONAL_0995,ARC_PARADOX_FUTURE,SPECIES_KEY_IRON_THORNS,KANTO,K40,KANTO_DUNGEON_POWER_PLANT,97,95,OBJECT_REUSE,HOST_FUTURE_CORE,1,KANTO_DUNGEON_POWER_PLANT_OBJECT_01_STUB,ACQ_HOST_SCRIPT_HOST_FUTURE_CORE,7,27,3,OBJ_EVENT_GFX_ITEM_BALL,MOVEMENT_TYPE_FACE_DOWN,8,8,UNLOCK_PARADOX_RESEARCH,UNLOCK_PARADOX_RESEARCH AND (スフィアいせき後),TALK_OR_EXAMINE_EXISTING_HOST,CHECK_UNLOCK|CHECK_LEDGER|OFFER|PREPARE|EXECUTE|COMMIT|RETRY|FULL|DONE,DIALOGUE_EVENT_SPECIAL_NATIONAL_0995,CAPTURE,90,REWARD_SPECIAL_NATIONAL_0995,LEDGER_BIT_EVENT_SPECIAL_NATIONAL_0995,VAR_KEY_ACQUISITION_SELECTION,SHARED_CAPTURE_KEY_NATIONAL_0995,failure/cancel/reset rollback; success ledger commit,capture: normal storage check; gift/egg: party then PC then queue,do not begin/consume/commit; show FULL and remain available,never hard-block on RTC; use ecology radar fixed-day/night selector,STANDARD_MESSAGE_YESNO_LIST_PARTY_PC,ACQ_RUNTIME_CAPTURE,scripts/build_acquisition_content.py,generated/map_scripts/HOST_FUTURE_CORE.inc + generated/acquisition_event_defs.c,READY_TO_INTEGRATE,READY_TO_SERIALIZE; object delta=0; before=8; after=8,TEST_EVENT_SPECIAL_NATIONAL_0995_UNLOCK|_CANCEL|_RESET|_FULL|_SUCCESS|_DUPLICATE,未来の時代裂け目: 過去・未来チケットで出現群を切替。バージョン排他は設けない。 既存条件文=スフィアいせき後
EVENT_SPECIAL_NATIONAL_1001,ARC_RUINOUS_SEALS,SPECIES_KEY_WO_CHIEN,KANTO,K31,KANTO_DUNGEON_POKEMON_TOWER_5_F,97,92,OBJECT_REUSE,HOST_RUINOUS_SEALS,5,KANTO_DUNGEON_POKEMON_TOWER_5_F_OBJECT_05_STUB,ACQ_HOST_SCRIPT_HOST_RUINOUS_SEALS,12,8,3,OBJ_EVENT_GFX_CHANNELER,MOVEMENT_TYPE_FACE_RIGHT,7,7,UNLOCK_SPHERE_RUINS_CLEAR,UNLOCK_SPHERE_RUINS_CLEAR AND (スフィアいせき後),TALK_OR_EXAMINE_EXISTING_HOST,CHECK_UNLOCK|CHECK_LEDGER|OFFER|PREPARE|EXECUTE|COMMIT|RETRY|FULL|DONE,DIALOGUE_EVENT_SPECIAL_NATIONAL_1001,CAPTURE,90,REWARD_SPECIAL_NATIONAL_1001,LEDGER_BIT_EVENT_SPECIAL_NATIONAL_1001,VAR_KEY_ACQUISITION_SELECTION,SHARED_CAPTURE_KEY_NATIONAL_1001,failure/cancel/reset rollback; success ledger commit,capture: normal storage check; gift/egg: party then PC then queue,do not begin/consume/commit; show FULL and remain available,never hard-block on RTC; use ecology radar fixed-day/night selector,STANDARD_MESSAGE_YESNO_LIST_PARTY_PC,ACQ_RUNTIME_CAPTURE,scripts/build_acquisition_content.py,generated/map_scripts/HOST_RUINOUS_SEALS.inc + generated/acquisition_event_defs.c,READY_TO_INTEGRATE,READY_TO_SERIALIZE; object delta=0; before=7; after=7,TEST_EVENT_SPECIAL_NATIONAL_1001_UNLOCK|_CANCEL|_RESET|_FULL|_SUCCESS|_DUPLICATE,災いの四封: 杭は8本×4ではなく、各祠の封印札3枚に圧縮。 既存条件文=スフィアいせき後
EVENT_SPECIAL_NATIONAL_1002,ARC_RUINOUS_SEALS,SPECIES_KEY_CHIEN_PAO,KANTO,K31,KANTO_DUNGEON_POKEMON_TOWER_5_F,97,92,OBJECT_REUSE,HOST_RUINOUS_SEALS,5,KANTO_DUNGEON_POKEMON_TOWER_5_F_OBJECT_05_STUB,ACQ_HOST_SCRIPT_HOST_RUINOUS_SEALS,12,8,3,OBJ_EVENT_GFX_CHANNELER,MOVEMENT_TYPE_FACE_RIGHT,7,7,UNLOCK_SPHERE_RUINS_CLEAR,UNLOCK_SPHERE_RUINS_CLEAR AND (スフィアいせき後),TALK_OR_EXAMINE_EXISTING_HOST,CHECK_UNLOCK|CHECK_LEDGER|OFFER|PREPARE|EXECUTE|COMMIT|RETRY|FULL|DONE,DIALOGUE_EVENT_SPECIAL_NATIONAL_1002,CAPTURE,90,REWARD_SPECIAL_NATIONAL_1002,LEDGER_BIT_EVENT_SPECIAL_NATIONAL_1002,VAR_KEY_ACQUISITION_SELECTION,SHARED_CAPTURE_KEY_NATIONAL_1002,failure/cancel/reset rollback; success ledger commit,capture: normal storage check; gift/egg: party then PC then queue,do not begin/consume/commit; show FULL and remain available,never hard-block on RTC; use ecology radar fixed-day/night selector,STANDARD_MESSAGE_YESNO_LIST_PARTY_PC,ACQ_RUNTIME_CAPTURE,scripts/build_acquisition_content.py,generated/map_scripts/HOST_RUINOUS_SEALS.inc + generated/acquisition_event_defs.c,READY_TO_INTEGRATE,READY_TO_SERIALIZE; object delta=0; before=7; after=7,TEST_EVENT_SPECIAL_NATIONAL_1002_UNLOCK|_CANCEL|_RESET|_FULL|_SUCCESS|_DUPLICATE,災いの四封: 杭は8本×4ではなく、各祠の封印札3枚に圧縮。 既存条件文=スフィアいせき後
EVENT_SPECIAL_NATIONAL_1003,ARC_RUINOUS_SEALS,SPECIES_KEY_TING_LU,KANTO,K31,KANTO_DUNGEON_POKEMON_TOWER_5_F,97,92,OBJECT_REUSE,HOST_RUINOUS_SEALS,5,KANTO_DUNGEON_POKEMON_TOWER_5_F_OBJECT_05_STUB,ACQ_HOST_SCRIPT_HOST_RUINOUS_SEALS,12,8,3,OBJ_EVENT_GFX_CHANNELER,MOVEMENT_TYPE_FACE_RIGHT,7,7,UNLOCK_SPHERE_RUINS_CLEAR,UNLOCK_SPHERE_RUINS_CLEAR AND (スフィアいせき後),TALK_OR_EXAMINE_EXISTING_HOST,CHECK_UNLOCK|CHECK_LEDGER|OFFER|PREPARE|EXECUTE|COMMIT|RETRY|FULL|DONE,DIALOGUE_EVENT_SPECIAL_NATIONAL_1003,CAPTURE,90,REWARD_SPECIAL_NATIONAL_1003,LEDGER_BIT_EVENT_SPECIAL_NATIONAL_1003,VAR_KEY_ACQUISITION_SELECTION,SHARED_CAPTURE_KEY_NATIONAL_1003,failure/cancel/reset rollback; success ledger commit,capture: normal storage check; gift/egg: party then PC then queue,do not begin/consume/commit; show FULL and remain available,never hard-block on RTC; use ecology radar fixed-day/night selector,STANDARD_MESSAGE_YESNO_LIST_PARTY_PC,ACQ_RUNTIME_CAPTURE,scripts/build_acquisition_content.py,generated/map_scripts/HOST_RUINOUS_SEALS.inc + generated/acquisition_event_defs.c,READY_TO_INTEGRATE,READY_TO_SERIALIZE; object delta=0; before=7; after=7,TEST_EVENT_SPECIAL_NATIONAL_1003_UNLOCK|_CANCEL|_RESET|_FULL|_SUCCESS|_DUPLICATE,災いの四封: 杭は8本×4ではなく、各祠の封印札3枚に圧縮。 既存条件文=スフィアいせき後
EVENT_SPECIAL_NATIONAL_1004,ARC_RUINOUS_SEALS,SPECIES_KEY_CHI_YU,KANTO,K31,KANTO_DUNGEON_POKEMON_TOWER_5_F,97,92,OBJECT_REUSE,HOST_RUINOUS_SEALS,5,KANTO_DUNGEON_POKEMON_TOWER_5_F_OBJECT_05_STUB,ACQ_HOST_SCRIPT_HOST_RUINOUS_SEALS,12,8,3,OBJ_EVENT_GFX_CHANNELER,MOVEMENT_TYPE_FACE_RIGHT,7,7,UNLOCK_SPHERE_RUINS_CLEAR,UNLOCK_SPHERE_RUINS_CLEAR AND (スフィアいせき後),TALK_OR_EXAMINE_EXISTING_HOST,CHECK_UNLOCK|CHECK_LEDGER|OFFER|PREPARE|EXECUTE|COMMIT|RETRY|FULL|DONE,DIALOGUE_EVENT_SPECIAL_NATIONAL_1004,CAPTURE,90,REWARD_SPECIAL_NATIONAL_1004,LEDGER_BIT_EVENT_SPECIAL_NATIONAL_1004,VAR_KEY_ACQUISITION_SELECTION,SHARED_CAPTURE_KEY_NATIONAL_1004,failure/cancel/reset rollback; success ledger commit,capture: normal storage check; gift/egg: party then PC then queue,do not begin/consume/commit; show FULL and remain available,never hard-block on RTC; use ecology radar fixed-day/night selector,STANDARD_MESSAGE_YESNO_LIST_PARTY_PC,ACQ_RUNTIME_CAPTURE,scripts/build_acquisition_content.py,generated/map_scripts/HOST_RUINOUS_SEALS.inc + generated/acquisition_event_defs.c,READY_TO_INTEGRATE,READY_TO_SERIALIZE; object delta=0; before=7; after=7,TEST_EVENT_SPECIAL_NATIONAL_1004_UNLOCK|_CANCEL|_RESET|_FULL|_SUCCESS|_DUPLICATE,災いの四封: 杭は8本×4ではなく、各祠の封印札3枚に圧縮。 既存条件文=スフィアいせき後
EVENT_SPECIAL_NATIONAL_1005,ARC_PARADOX_PAST,SPECIES_KEY_ROARING_MOON,KANTO,K27,KANTO_DUNGEON_MT_MOON_B2_F,97,3,OBJECT_REUSE,HOST_ANCIENT_GIANTS,1,KANTO_DUNGEON_MT_MOON_B2_F_OBJECT_01_STUB,ACQ_HOST_SCRIPT_HOST_ANCIENT_GIANTS,13,7,3,OBJ_EVENT_GFX_FOSSIL,MOVEMENT_TYPE_FACE_DOWN,11,11,UNLOCK_PARADOX_RESEARCH,UNLOCK_PARADOX_RESEARCH AND (スフィアいせき後),TALK_OR_EXAMINE_EXISTING_HOST,CHECK_UNLOCK|CHECK_LEDGER|OFFER|PREPARE|EXECUTE|COMMIT|RETRY|FULL|DONE,DIALOGUE_EVENT_SPECIAL_NATIONAL_1005,CAPTURE,90,REWARD_SPECIAL_NATIONAL_1005,LEDGER_BIT_EVENT_SPECIAL_NATIONAL_1005,VAR_KEY_ACQUISITION_SELECTION,SHARED_CAPTURE_KEY_NATIONAL_1005,failure/cancel/reset rollback; success ledger commit,capture: normal storage check; gift/egg: party then PC then queue,do not begin/consume/commit; show FULL and remain available,never hard-block on RTC; use ecology radar fixed-day/night selector,STANDARD_MESSAGE_YESNO_LIST_PARTY_PC,ACQ_RUNTIME_CAPTURE,scripts/build_acquisition_content.py,generated/map_scripts/HOST_ANCIENT_GIANTS.inc + generated/acquisition_event_defs.c,READY_TO_INTEGRATE,READY_TO_SERIALIZE; object delta=0; before=11; after=11,TEST_EVENT_SPECIAL_NATIONAL_1005_UNLOCK|_CANCEL|_RESET|_FULL|_SUCCESS|_DUPLICATE,過去の時代裂け目: 過去・未来チケットで出現群を切替。バージョン排他は設けない。 既存条件文=スフィアいせき後
EVENT_SPECIAL_NATIONAL_1006,ARC_PARADOX_FUTURE,SPECIES_KEY_IRON_VALIANT,KANTO,K40,KANTO_DUNGEON_POWER_PLANT,97,95,OBJECT_REUSE,HOST_FUTURE_CORE,1,KANTO_DUNGEON_POWER_PLANT_OBJECT_01_STUB,ACQ_HOST_SCRIPT_HOST_FUTURE_CORE,7,27,3,OBJ_EVENT_GFX_ITEM_BALL,MOVEMENT_TYPE_FACE_DOWN,8,8,UNLOCK_PARADOX_RESEARCH,UNLOCK_PARADOX_RESEARCH AND (スフィアいせき後),TALK_OR_EXAMINE_EXISTING_HOST,CHECK_UNLOCK|CHECK_LEDGER|OFFER|PREPARE|EXECUTE|COMMIT|RETRY|FULL|DONE,DIALOGUE_EVENT_SPECIAL_NATIONAL_1006,CAPTURE,90,REWARD_SPECIAL_NATIONAL_1006,LEDGER_BIT_EVENT_SPECIAL_NATIONAL_1006,VAR_KEY_ACQUISITION_SELECTION,SHARED_CAPTURE_KEY_NATIONAL_1006,failure/cancel/reset rollback; success ledger commit,capture: normal storage check; gift/egg: party then PC then queue,do not begin/consume/commit; show FULL and remain available,never hard-block on RTC; use ecology radar fixed-day/night selector,STANDARD_MESSAGE_YESNO_LIST_PARTY_PC,ACQ_RUNTIME_CAPTURE,scripts/build_acquisition_content.py,generated/map_scripts/HOST_FUTURE_CORE.inc + generated/acquisition_event_defs.c,READY_TO_INTEGRATE,READY_TO_SERIALIZE; object delta=0; before=8; after=8,TEST_EVENT_SPECIAL_NATIONAL_1006_UNLOCK|_CANCEL|_RESET|_FULL|_SUCCESS|_DUPLICATE,未来の時代裂け目: 過去・未来チケットで出現群を切替。バージョン排他は設けない。 既存条件文=スフィアいせき後
EVENT_SPECIAL_NATIONAL_1007,ARC_AREA_ZERO_CORE,SPECIES_KEY_KORAIDON,KANTO,K43,KANTO_DUNGEON_CERULEAN_CAVE_B1_F,97,74,OBJECT_REUSE,HOST_AREA_ZERO,1,KANTO_DUNGEON_CERULEAN_CAVE_B1_F_OBJECT_01_STUB,ACQ_HOST_SCRIPT_HOST_AREA_ZERO,31,9,4,OBJ_EVENT_GFX_ITEM_BALL,MOVEMENT_TYPE_FACE_DOWN,12,12,UNLOCK_PARADOX_RESEARCH,UNLOCK_PARADOX_RESEARCH AND (スフィアいせき後＋パラドックス調査),TALK_OR_EXAMINE_EXISTING_HOST,CHECK_UNLOCK|CHECK_LEDGER|OFFER|PREPARE|EXECUTE|COMMIT|RETRY|FULL|DONE,DIALOGUE_EVENT_SPECIAL_NATIONAL_1007,CAPTURE,100,REWARD_SPECIAL_NATIONAL_1007,LEDGER_BIT_EVENT_SPECIAL_NATIONAL_1007,VAR_KEY_ACQUISITION_SELECTION,SHARED_CAPTURE_KEY_NATIONAL_1007,failure/cancel/reset rollback; success ledger commit,capture: normal storage check; gift/egg: party then PC then queue,do not begin/consume/commit; show FULL and remain available,never hard-block on RTC; use ecology radar fixed-day/night selector,STANDARD_MESSAGE_YESNO_LIST_PARTY_PC,ACQ_RUNTIME_CAPTURE,scripts/build_acquisition_content.py,generated/map_scripts/HOST_AREA_ZERO.inc + generated/acquisition_event_defs.c,READY_TO_INTEGRATE,READY_TO_SERIALIZE; object delta=0; before=12; after=12,TEST_EVENT_SPECIAL_NATIONAL_1007_UNLOCK|_CANCEL|_RESET|_FULL|_SUCCESS|_DUPLICATE,過去と未来の走者: 二つの時代座標を安定化し、それぞれ固定戦。 既存条件文=スフィアいせき後＋パラドックス調査
EVENT_SPECIAL_NATIONAL_1008,ARC_AREA_ZERO_CORE,SPECIES_KEY_MIRAIDON,KANTO,K43,KANTO_DUNGEON_CERULEAN_CAVE_B1_F,97,74,OBJECT_REUSE,HOST_AREA_ZERO,1,KANTO_DUNGEON_CERULEAN_CAVE_B1_F_OBJECT_01_STUB,ACQ_HOST_SCRIPT_HOST_AREA_ZERO,31,9,4,OBJ_EVENT_GFX_ITEM_BALL,MOVEMENT_TYPE_FACE_DOWN,12,12,UNLOCK_PARADOX_RESEARCH,UNLOCK_PARADOX_RESEARCH AND (スフィアいせき後＋パラドックス調査),TALK_OR_EXAMINE_EXISTING_HOST,CHECK_UNLOCK|CHECK_LEDGER|OFFER|PREPARE|EXECUTE|COMMIT|RETRY|FULL|DONE,DIALOGUE_EVENT_SPECIAL_NATIONAL_1008,CAPTURE,100,REWARD_SPECIAL_NATIONAL_1008,LEDGER_BIT_EVENT_SPECIAL_NATIONAL_1008,VAR_KEY_ACQUISITION_SELECTION,SHARED_CAPTURE_KEY_NATIONAL_1008,failure/cancel/reset rollback; success ledger commit,capture: normal storage check; gift/egg: party then PC then queue,do not begin/consume/commit; show FULL and remain available,never hard-block on RTC; use ecology radar fixed-day/night selector,STANDARD_MESSAGE_YESNO_LIST_PARTY_PC,ACQ_RUNTIME_CAPTURE,scripts/build_acquisition_content.py,generated/map_scripts/HOST_AREA_ZERO.inc + generated/acquisition_event_defs.c,READY_TO_INTEGRATE,READY_TO_SERIALIZE; object delta=0; before=12; after=12,TEST_EVENT_SPECIAL_NATIONAL_1008_UNLOCK|_CANCEL|_RESET|_FULL|_SUCCESS|_DUPLICATE,過去と未来の走者: 二つの時代座標を安定化し、それぞれ固定戦。 既存条件文=スフィアいせき後＋パラドックス調査
EVENT_SPECIAL_NATIONAL_1009,ARC_PARADOX_PAST,SPECIES_KEY_WALKING_WAKE,KANTO,K27,KANTO_DUNGEON_MT_MOON_B2_F,97,3,OBJECT_REUSE,HOST_ANCIENT_GIANTS,1,KANTO_DUNGEON_MT_MOON_B2_F_OBJECT_01_STUB,ACQ_HOST_SCRIPT_HOST_ANCIENT_GIANTS,13,7,3,OBJ_EVENT_GFX_FOSSIL,MOVEMENT_TYPE_FACE_DOWN,11,11,UNLOCK_PARADOX_RESEARCH,UNLOCK_PARADOX_RESEARCH AND (スフィアいせき後),TALK_OR_EXAMINE_EXISTING_HOST,CHECK_UNLOCK|CHECK_LEDGER|OFFER|PREPARE|EXECUTE|COMMIT|RETRY|FULL|DONE,DIALOGUE_EVENT_SPECIAL_NATIONAL_1009,CAPTURE,90,REWARD_SPECIAL_NATIONAL_1009,LEDGER_BIT_EVENT_SPECIAL_NATIONAL_1009,VAR_KEY_ACQUISITION_SELECTION,SHARED_CAPTURE_KEY_NATIONAL_1009,failure/cancel/reset rollback; success ledger commit,capture: normal storage check; gift/egg: party then PC then queue,do not begin/consume/commit; show FULL and remain available,never hard-block on RTC; use ecology radar fixed-day/night selector,STANDARD_MESSAGE_YESNO_LIST_PARTY_PC,ACQ_RUNTIME_CAPTURE,scripts/build_acquisition_content.py,generated/map_scripts/HOST_ANCIENT_GIANTS.inc + generated/acquisition_event_defs.c,READY_TO_INTEGRATE,READY_TO_SERIALIZE; object delta=0; before=11; after=11,TEST_EVENT_SPECIAL_NATIONAL_1009_UNLOCK|_CANCEL|_RESET|_FULL|_SUCCESS|_DUPLICATE,過去の時代裂け目: 過去・未来チケットで出現群を切替。バージョン排他は設けない。 既存条件文=スフィアいせき後
EVENT_SPECIAL_NATIONAL_1010,ARC_PARADOX_FUTURE,SPECIES_KEY_IRON_LEAVES,KANTO,K40,KANTO_DUNGEON_POWER_PLANT,97,95,OBJECT_REUSE,HOST_FUTURE_CORE,1,KANTO_DUNGEON_POWER_PLANT_OBJECT_01_STUB,ACQ_HOST_SCRIPT_HOST_FUTURE_CORE,7,27,3,OBJ_EVENT_GFX_ITEM_BALL,MOVEMENT_TYPE_FACE_DOWN,8,8,UNLOCK_PARADOX_RESEARCH,UNLOCK_PARADOX_RESEARCH AND (スフィアいせき後),TALK_OR_EXAMINE_EXISTING_HOST,CHECK_UNLOCK|CHECK_LEDGER|OFFER|PREPARE|EXECUTE|COMMIT|RETRY|FULL|DONE,DIALOGUE_EVENT_SPECIAL_NATIONAL_1010,CAPTURE,90,REWARD_SPECIAL_NATIONAL_1010,LEDGER_BIT_EVENT_SPECIAL_NATIONAL_1010,VAR_KEY_ACQUISITION_SELECTION,SHARED_CAPTURE_KEY_NATIONAL_1010,failure/cancel/reset rollback; success ledger commit,capture: normal storage check; gift/egg: party then PC then queue,do not begin/consume/commit; show FULL and remain available,never hard-block on RTC; use ecology radar fixed-day/night selector,STANDARD_MESSAGE_YESNO_LIST_PARTY_PC,ACQ_RUNTIME_CAPTURE,scripts/build_acquisition_content.py,generated/map_scripts/HOST_FUTURE_CORE.inc + generated/acquisition_event_defs.c,READY_TO_INTEGRATE,READY_TO_SERIALIZE; object delta=0; before=8; after=8,TEST_EVENT_SPECIAL_NATIONAL_1010_UNLOCK|_CANCEL|_RESET|_FULL|_SUCCESS|_DUPLICATE,未来の時代裂け目: 過去・未来チケットで出現群を切替。バージョン排他は設けない。 既存条件文=スフィアいせき後
EVENT_SPECIAL_NATIONAL_1014,ARC_KITAKAMI_MASK,SPECIES_KEY_OKIDOGI,KANTO,K26,KANTO_DUNGEON_VIRIDIAN_FOREST,97,0,OBJECT_REUSE,HOST_KITAKAMI_MASK,2,KANTO_DUNGEON_VIRIDIAN_FOREST_OBJECT_02_STUB,ACQ_HOST_SCRIPT_HOST_KITAKAMI_MASK,45,58,3,OBJ_EVENT_GFX_BOY,MOVEMENT_TYPE_FACE_LEFT,11,11,UNLOCK_RESEARCH_RANK_5,UNLOCK_RESEARCH_RANK_5 AND (殿堂入り＋研究ランク5),TALK_OR_EXAMINE_EXISTING_HOST,CHECK_UNLOCK|CHECK_LEDGER|OFFER|PREPARE|EXECUTE|COMMIT|RETRY|FULL|DONE,DIALOGUE_EVENT_SPECIAL_NATIONAL_1014,CAPTURE,75,REWARD_SPECIAL_NATIONAL_1014,LEDGER_BIT_EVENT_SPECIAL_NATIONAL_1014,VAR_KEY_ACQUISITION_SELECTION,SHARED_CAPTURE_KEY_NATIONAL_1014,failure/cancel/reset rollback; success ledger commit,capture: normal storage check; gift/egg: party then PC then queue,do not begin/consume/commit; show FULL and remain available,never hard-block on RTC; use ecology radar fixed-day/night selector,STANDARD_MESSAGE_YESNO_LIST_PARTY_PC,ACQ_RUNTIME_CAPTURE,scripts/build_acquisition_content.py,generated/map_scripts/HOST_KITAKAMI_MASK.inc + generated/acquisition_event_defs.c,READY_TO_INTEGRATE,READY_TO_SERIALIZE; object delta=0; before=11; after=11,TEST_EVENT_SPECIAL_NATIONAL_1014_UNLOCK|_CANCEL|_RESET|_FULL|_SUCCESS|_DUPLICATE,仮面祭とくさりもち: オーガポンを先に保護し、三体、最後にモモワロウ。仮面はイベント中に入手。 既存条件文=殿堂入り＋研究ランク5
EVENT_SPECIAL_NATIONAL_1015,ARC_KITAKAMI_MASK,SPECIES_KEY_MUNKIDORI,KANTO,K26,KANTO_DUNGEON_VIRIDIAN_FOREST,97,0,OBJECT_REUSE,HOST_KITAKAMI_MASK,2,KANTO_DUNGEON_VIRIDIAN_FOREST_OBJECT_02_STUB,ACQ_HOST_SCRIPT_HOST_KITAKAMI_MASK,45,58,3,OBJ_EVENT_GFX_BOY,MOVEMENT_TYPE_FACE_LEFT,11,11,UNLOCK_RESEARCH_RANK_5,UNLOCK_RESEARCH_RANK_5 AND (殿堂入り＋研究ランク5),TALK_OR_EXAMINE_EXISTING_HOST,CHECK_UNLOCK|CHECK_LEDGER|OFFER|PREPARE|EXECUTE|COMMIT|RETRY|FULL|DONE,DIALOGUE_EVENT_SPECIAL_NATIONAL_1015,CAPTURE,75,REWARD_SPECIAL_NATIONAL_1015,LEDGER_BIT_EVENT_SPECIAL_NATIONAL_1015,VAR_KEY_ACQUISITION_SELECTION,SHARED_CAPTURE_KEY_NATIONAL_1015,failure/cancel/reset rollback; success ledger commit,capture: normal storage check; gift/egg: party then PC then queue,do not begin/consume/commit; show FULL and remain available,never hard-block on RTC; use ecology radar fixed-day/night selector,STANDARD_MESSAGE_YESNO_LIST_PARTY_PC,ACQ_RUNTIME_CAPTURE,scripts/build_acquisition_content.py,generated/map_scripts/HOST_KITAKAMI_MASK.inc + generated/acquisition_event_defs.c,READY_TO_INTEGRATE,READY_TO_SERIALIZE; object delta=0; before=11; after=11,TEST_EVENT_SPECIAL_NATIONAL_1015_UNLOCK|_CANCEL|_RESET|_FULL|_SUCCESS|_DUPLICATE,仮面祭とくさりもち: オーガポンを先に保護し、三体、最後にモモワロウ。仮面はイベント中に入手。 既存条件文=殿堂入り＋研究ランク5
EVENT_SPECIAL_NATIONAL_1016,ARC_KITAKAMI_MASK,SPECIES_KEY_FEZANDIPITI,KANTO,K26,KANTO_DUNGEON_VIRIDIAN_FOREST,97,0,OBJECT_REUSE,HOST_KITAKAMI_MASK,2,KANTO_DUNGEON_VIRIDIAN_FOREST_OBJECT_02_STUB,ACQ_HOST_SCRIPT_HOST_KITAKAMI_MASK,45,58,3,OBJ_EVENT_GFX_BOY,MOVEMENT_TYPE_FACE_LEFT,11,11,UNLOCK_RESEARCH_RANK_5,UNLOCK_RESEARCH_RANK_5 AND (殿堂入り＋研究ランク5),TALK_OR_EXAMINE_EXISTING_HOST,CHECK_UNLOCK|CHECK_LEDGER|OFFER|PREPARE|EXECUTE|COMMIT|RETRY|FULL|DONE,DIALOGUE_EVENT_SPECIAL_NATIONAL_1016,CAPTURE,75,REWARD_SPECIAL_NATIONAL_1016,LEDGER_BIT_EVENT_SPECIAL_NATIONAL_1016,VAR_KEY_ACQUISITION_SELECTION,SHARED_CAPTURE_KEY_NATIONAL_1016,failure/cancel/reset rollback; success ledger commit,capture: normal storage check; gift/egg: party then PC then queue,do not begin/consume/commit; show FULL and remain available,never hard-block on RTC; use ecology radar fixed-day/night selector,STANDARD_MESSAGE_YESNO_LIST_PARTY_PC,ACQ_RUNTIME_CAPTURE,scripts/build_acquisition_content.py,generated/map_scripts/HOST_KITAKAMI_MASK.inc + generated/acquisition_event_defs.c,READY_TO_INTEGRATE,READY_TO_SERIALIZE; object delta=0; before=11; after=11,TEST_EVENT_SPECIAL_NATIONAL_1016_UNLOCK|_CANCEL|_RESET|_FULL|_SUCCESS|_DUPLICATE,仮面祭とくさりもち: オーガポンを先に保護し、三体、最後にモモワロウ。仮面はイベント中に入手。 既存条件文=殿堂入り＋研究ランク5
EVENT_SPECIAL_NATIONAL_1017,ARC_KITAKAMI_MASK,SPECIES_KEY_OGERPON,KANTO,K26,KANTO_DUNGEON_VIRIDIAN_FOREST,97,0,OBJECT_REUSE,HOST_KITAKAMI_MASK,2,KANTO_DUNGEON_VIRIDIAN_FOREST_OBJECT_02_STUB,ACQ_HOST_SCRIPT_HOST_KITAKAMI_MASK,45,58,3,OBJ_EVENT_GFX_BOY,MOVEMENT_TYPE_FACE_LEFT,11,11,UNLOCK_RESEARCH_RANK_5,UNLOCK_RESEARCH_RANK_5 AND (殿堂入り＋研究ランク5),TALK_OR_EXAMINE_EXISTING_HOST,CHECK_UNLOCK|CHECK_LEDGER|OFFER|PREPARE|EXECUTE|COMMIT|RETRY|FULL|DONE,DIALOGUE_EVENT_SPECIAL_NATIONAL_1017,CAPTURE,75,REWARD_SPECIAL_NATIONAL_1017,LEDGER_BIT_EVENT_SPECIAL_NATIONAL_1017,VAR_KEY_ACQUISITION_SELECTION,SHARED_CAPTURE_KEY_NATIONAL_1017,failure/cancel/reset rollback; success ledger commit,capture: normal storage check; gift/egg: party then PC then queue,do not begin/consume/commit; show FULL and remain available,never hard-block on RTC; use ecology radar fixed-day/night selector,STANDARD_MESSAGE_YESNO_LIST_PARTY_PC,ACQ_RUNTIME_CAPTURE,scripts/build_acquisition_content.py,generated/map_scripts/HOST_KITAKAMI_MASK.inc + generated/acquisition_event_defs.c,READY_TO_INTEGRATE,READY_TO_SERIALIZE; object delta=0; before=11; after=11,TEST_EVENT_SPECIAL_NATIONAL_1017_UNLOCK|_CANCEL|_RESET|_FULL|_SUCCESS|_DUPLICATE,仮面祭とくさりもち: オーガポンを先に保護し、三体、最後にモモワロウ。仮面はイベント中に入手。 既存条件文=殿堂入り＋研究ランク5
EVENT_SPECIAL_NATIONAL_1020,ARC_PARADOX_PAST,SPECIES_KEY_GOUGING_FIRE,KANTO,K27,KANTO_DUNGEON_MT_MOON_B2_F,97,3,OBJECT_REUSE,HOST_ANCIENT_GIANTS,1,KANTO_DUNGEON_MT_MOON_B2_F_OBJECT_01_STUB,ACQ_HOST_SCRIPT_HOST_ANCIENT_GIANTS,13,7,3,OBJ_EVENT_GFX_FOSSIL,MOVEMENT_TYPE_FACE_DOWN,11,11,UNLOCK_PARADOX_RESEARCH,UNLOCK_PARADOX_RESEARCH AND (スフィアいせき後),TALK_OR_EXAMINE_EXISTING_HOST,CHECK_UNLOCK|CHECK_LEDGER|OFFER|PREPARE|EXECUTE|COMMIT|RETRY|FULL|DONE,DIALOGUE_EVENT_SPECIAL_NATIONAL_1020,CAPTURE,90,REWARD_SPECIAL_NATIONAL_1020,LEDGER_BIT_EVENT_SPECIAL_NATIONAL_1020,VAR_KEY_ACQUISITION_SELECTION,SHARED_CAPTURE_KEY_NATIONAL_1020,failure/cancel/reset rollback; success ledger commit,capture: normal storage check; gift/egg: party then PC then queue,do not begin/consume/commit; show FULL and remain available,never hard-block on RTC; use ecology radar fixed-day/night selector,STANDARD_MESSAGE_YESNO_LIST_PARTY_PC,ACQ_RUNTIME_CAPTURE,scripts/build_acquisition_content.py,generated/map_scripts/HOST_ANCIENT_GIANTS.inc + generated/acquisition_event_defs.c,READY_TO_INTEGRATE,READY_TO_SERIALIZE; object delta=0; before=11; after=11,TEST_EVENT_SPECIAL_NATIONAL_1020_UNLOCK|_CANCEL|_RESET|_FULL|_SUCCESS|_DUPLICATE,過去の時代裂け目: 過去・未来チケットで出現群を切替。バージョン排他は設けない。 既存条件文=スフィアいせき後
EVENT_SPECIAL_NATIONAL_1021,ARC_PARADOX_PAST,SPECIES_KEY_RAGING_BOLT,KANTO,K27,KANTO_DUNGEON_MT_MOON_B2_F,97,3,OBJECT_REUSE,HOST_ANCIENT_GIANTS,1,KANTO_DUNGEON_MT_MOON_B2_F_OBJECT_01_STUB,ACQ_HOST_SCRIPT_HOST_ANCIENT_GIANTS,13,7,3,OBJ_EVENT_GFX_FOSSIL,MOVEMENT_TYPE_FACE_DOWN,11,11,UNLOCK_PARADOX_RESEARCH,UNLOCK_PARADOX_RESEARCH AND (スフィアいせき後),TALK_OR_EXAMINE_EXISTING_HOST,CHECK_UNLOCK|CHECK_LEDGER|OFFER|PREPARE|EXECUTE|COMMIT|RETRY|FULL|DONE,DIALOGUE_EVENT_SPECIAL_NATIONAL_1021,CAPTURE,90,REWARD_SPECIAL_NATIONAL_1021,LEDGER_BIT_EVENT_SPECIAL_NATIONAL_1021,VAR_KEY_ACQUISITION_SELECTION,SHARED_CAPTURE_KEY_NATIONAL_1021,failure/cancel/reset rollback; success ledger commit,capture: normal storage check; gift/egg: party then PC then queue,do not begin/consume/commit; show FULL and remain available,never hard-block on RTC; use ecology radar fixed-day/night selector,STANDARD_MESSAGE_YESNO_LIST_PARTY_PC,ACQ_RUNTIME_CAPTURE,scripts/build_acquisition_content.py,generated/map_scripts/HOST_ANCIENT_GIANTS.inc + generated/acquisition_event_defs.c,READY_TO_INTEGRATE,READY_TO_SERIALIZE; object delta=0; before=11; after=11,TEST_EVENT_SPECIAL_NATIONAL_1021_UNLOCK|_CANCEL|_RESET|_FULL|_SUCCESS|_DUPLICATE,過去の時代裂け目: 過去・未来チケットで出現群を切替。バージョン排他は設けない。 既存条件文=スフィアいせき後
EVENT_SPECIAL_NATIONAL_1022,ARC_PARADOX_FUTURE,SPECIES_KEY_IRON_BOULDER,KANTO,K40,KANTO_DUNGEON_POWER_PLANT,97,95,OBJECT_REUSE,HOST_FUTURE_CORE,1,KANTO_DUNGEON_POWER_PLANT_OBJECT_01_STUB,ACQ_HOST_SCRIPT_HOST_FUTURE_CORE,7,27,3,OBJ_EVENT_GFX_ITEM_BALL,MOVEMENT_TYPE_FACE_DOWN,8,8,UNLOCK_PARADOX_RESEARCH,UNLOCK_PARADOX_RESEARCH AND (スフィアいせき後),TALK_OR_EXAMINE_EXISTING_HOST,CHECK_UNLOCK|CHECK_LEDGER|OFFER|PREPARE|EXECUTE|COMMIT|RETRY|FULL|DONE,DIALOGUE_EVENT_SPECIAL_NATIONAL_1022,CAPTURE,90,REWARD_SPECIAL_NATIONAL_1022,LEDGER_BIT_EVENT_SPECIAL_NATIONAL_1022,VAR_KEY_ACQUISITION_SELECTION,SHARED_CAPTURE_KEY_NATIONAL_1022,failure/cancel/reset rollback; success ledger commit,capture: normal storage check; gift/egg: party then PC then queue,do not begin/consume/commit; show FULL and remain available,never hard-block on RTC; use ecology radar fixed-day/night selector,STANDARD_MESSAGE_YESNO_LIST_PARTY_PC,ACQ_RUNTIME_CAPTURE,scripts/build_acquisition_content.py,generated/map_scripts/HOST_FUTURE_CORE.inc + generated/acquisition_event_defs.c,READY_TO_INTEGRATE,READY_TO_SERIALIZE; object delta=0; before=8; after=8,TEST_EVENT_SPECIAL_NATIONAL_1022_UNLOCK|_CANCEL|_RESET|_FULL|_SUCCESS|_DUPLICATE,未来の時代裂け目: 過去・未来チケットで出現群を切替。バージョン排他は設けない。 既存条件文=スフィアいせき後
EVENT_SPECIAL_NATIONAL_1023,ARC_PARADOX_FUTURE,SPECIES_KEY_IRON_CROWN,KANTO,K40,KANTO_DUNGEON_POWER_PLANT,97,95,OBJECT_REUSE,HOST_FUTURE_CORE,1,KANTO_DUNGEON_POWER_PLANT_OBJECT_01_STUB,ACQ_HOST_SCRIPT_HOST_FUTURE_CORE,7,27,3,OBJ_EVENT_GFX_ITEM_BALL,MOVEMENT_TYPE_FACE_DOWN,8,8,UNLOCK_PARADOX_RESEARCH,UNLOCK_PARADOX_RESEARCH AND (スフィアいせき後),TALK_OR_EXAMINE_EXISTING_HOST,CHECK_UNLOCK|CHECK_LEDGER|OFFER|PREPARE|EXECUTE|COMMIT|RETRY|FULL|DONE,DIALOGUE_EVENT_SPECIAL_NATIONAL_1023,CAPTURE,90,REWARD_SPECIAL_NATIONAL_1023,LEDGER_BIT_EVENT_SPECIAL_NATIONAL_1023,VAR_KEY_ACQUISITION_SELECTION,SHARED_CAPTURE_KEY_NATIONAL_1023,failure/cancel/reset rollback; success ledger commit,capture: normal storage check; gift/egg: party then PC then queue,do not begin/consume/commit; show FULL and remain available,never hard-block on RTC; use ecology radar fixed-day/night selector,STANDARD_MESSAGE_YESNO_LIST_PARTY_PC,ACQ_RUNTIME_CAPTURE,scripts/build_acquisition_content.py,generated/map_scripts/HOST_FUTURE_CORE.inc + generated/acquisition_event_defs.c,READY_TO_INTEGRATE,READY_TO_SERIALIZE; object delta=0; before=8; after=8,TEST_EVENT_SPECIAL_NATIONAL_1023_UNLOCK|_CANCEL|_RESET|_FULL|_SUCCESS|_DUPLICATE,未来の時代裂け目: 過去・未来チケットで出現群を切替。バージョン排他は設けない。 既存条件文=スフィアいせき後
EVENT_SPECIAL_NATIONAL_1024,ARC_FINAL_CREATION,SPECIES_KEY_TERAPAGOS,KANTO,K42,KANTO_OUTDOOR_INDIGO_PLATEAU_EXTERIOR,96,9,OBJECT_REUSE,HOST_FINAL_CREATION,2,KANTO_OUTDOOR_INDIGO_PLATEAU_EXTERIOR_OBJECT_02_STUB,ACQ_HOST_SCRIPT_HOST_FINAL_CREATION,11,6,0,OBJ_EVENT_GFX_PROF_OAK,MOVEMENT_TYPE_FACE_DOWN,2,2,UNLOCK_TERA_ORB,UNLOCK_TERA_ORB AND (テラオーブ解禁＋研究ランク5),TALK_OR_EXAMINE_EXISTING_HOST,CHECK_UNLOCK|CHECK_LEDGER|OFFER|PREPARE|EXECUTE|COMMIT|RETRY|FULL|DONE,DIALOGUE_EVENT_SPECIAL_NATIONAL_1024,CAPTURE,100,REWARD_SPECIAL_NATIONAL_1024,LEDGER_BIT_EVENT_SPECIAL_NATIONAL_1024,VAR_KEY_ACQUISITION_SELECTION,SHARED_CAPTURE_KEY_NATIONAL_1024,failure/cancel/reset rollback; success ledger commit,capture: normal storage check; gift/egg: party then PC then queue,do not begin/consume/commit; show FULL and remain available,never hard-block on RTC; use ecology radar fixed-day/night selector,STANDARD_MESSAGE_YESNO_LIST_PARTY_PC,ACQ_RUNTIME_CAPTURE,scripts/build_acquisition_content.py,generated/map_scripts/HOST_FINAL_CREATION.inc + generated/acquisition_event_defs.c,READY_TO_INTEGRATE,READY_TO_SERIALIZE; object delta=0; before=2; after=2,TEST_EVENT_SPECIAL_NATIONAL_1024_UNLOCK|_CANCEL|_RESET|_FULL|_SUCCESS|_DUPLICATE,結晶と創世: 結晶を3箇所安定化して固定戦。 既存条件文=テラオーブ解禁＋研究ランク5
EVENT_SPECIAL_NATIONAL_1025,ARC_KITAKAMI_MASK,SPECIES_KEY_PECHARUNT,KANTO,K26,KANTO_DUNGEON_VIRIDIAN_FOREST,97,0,OBJECT_REUSE,HOST_KITAKAMI_MASK,2,KANTO_DUNGEON_VIRIDIAN_FOREST_OBJECT_02_STUB,ACQ_HOST_SCRIPT_HOST_KITAKAMI_MASK,45,58,3,OBJ_EVENT_GFX_BOY,MOVEMENT_TYPE_FACE_LEFT,11,11,UNLOCK_RESEARCH_RANK_5,UNLOCK_RESEARCH_RANK_5 AND (殿堂入り＋研究ランク5),TALK_OR_EXAMINE_EXISTING_HOST,CHECK_UNLOCK|CHECK_LEDGER|OFFER|PREPARE|EXECUTE|COMMIT|RETRY|FULL|DONE,DIALOGUE_EVENT_SPECIAL_NATIONAL_1025,CAPTURE,80,REWARD_SPECIAL_NATIONAL_1025,LEDGER_BIT_EVENT_SPECIAL_NATIONAL_1025,VAR_KEY_ACQUISITION_SELECTION,SHARED_CAPTURE_KEY_NATIONAL_1025,failure/cancel/reset rollback; success ledger commit,capture: normal storage check; gift/egg: party then PC then queue,do not begin/consume/commit; show FULL and remain available,never hard-block on RTC; use ecology radar fixed-day/night selector,STANDARD_MESSAGE_YESNO_LIST_PARTY_PC,ACQ_RUNTIME_CAPTURE,scripts/build_acquisition_content.py,generated/map_scripts/HOST_KITAKAMI_MASK.inc + generated/acquisition_event_defs.c,READY_TO_INTEGRATE,READY_TO_SERIALIZE; object delta=0; before=11; after=11,TEST_EVENT_SPECIAL_NATIONAL_1025_UNLOCK|_CANCEL|_RESET|_FULL|_SUCCESS|_DUPLICATE,仮面祭とくさりもち: オーガポンを先に保護し、三体、最後にモモワロウ。仮面はイベント中に入手。 既存条件文=殿堂入り＋研究ランク5
EVENT_STARTER_LAB_NATIONAL_0152,ARC_STARTER_RESEARCH,SPECIES_KEY_CHIKORITA,KANTO,K47,KANTO_INDOOR_PALLET_TOWN_PROFESSOR_OAKS_LAB,98,3,OBJECT_REUSE,HOST_STARTER_LAB,1,KANTO_INDOOR_PALLET_TOWN_PROFESSOR_OAKS_LAB_OBJECT_01_STUB,ACQ_HOST_SCRIPT_HOST_STARTER_LAB,3,11,3,OBJ_EVENT_GFX_SCIENTIST,MOVEMENT_TYPE_LOOK_AROUND,10,10,UNLOCK_KANTO_EARLY_ACCESS,BACKUP_REGISTERED_ONLY,TALK_OR_EXAMINE_EXISTING_HOST,CHECK_UNLOCK|CHECK_LEDGER|OFFER|PREPARE|EXECUTE|COMMIT|RETRY|FULL|DONE,DIALOGUE_EVENT_STARTER_LAB_NATIONAL_0152,EGG,,REWARD_STARTER_LAB_NATIONAL_0152,LEDGER_BIT_EVENT_STARTER_LAB_NATIONAL_0152,VAR_KEY_ACQUISITION_SELECTION,CLAIM_STARTER_NATIONAL_0152,failure/cancel/reset rollback; success ledger commit,capture: normal storage check; gift/egg: party then PC then queue,do not begin/consume/commit; show FULL and remain available,never hard-block on RTC; use ecology radar fixed-day/night selector,STANDARD_MESSAGE_YESNO_LIST_PARTY_PC,ACQ_RUNTIME_EGG,scripts/build_acquisition_content.py,generated/map_scripts/HOST_STARTER_LAB.inc + generated/acquisition_event_defs.c,READY_TO_INTEGRATE,READY_TO_SERIALIZE; object delta=0; before=10; after=10,TEST_EVENT_STARTER_LAB_NATIONAL_0152_UNLOCK|_CANCEL|_RESET|_FULL|_SUCCESS|_DUPLICATE,ARC_STARTER_RESEARCH: 第2世代研究タマゴ。BACKUP_REGISTERED_ONLY
EVENT_STARTER_LAB_NATIONAL_0155,ARC_STARTER_RESEARCH,SPECIES_KEY_CYNDAQUIL,KANTO,K47,KANTO_INDOOR_PALLET_TOWN_PROFESSOR_OAKS_LAB,98,3,OBJECT_REUSE,HOST_STARTER_LAB,1,KANTO_INDOOR_PALLET_TOWN_PROFESSOR_OAKS_LAB_OBJECT_01_STUB,ACQ_HOST_SCRIPT_HOST_STARTER_LAB,3,11,3,OBJ_EVENT_GFX_SCIENTIST,MOVEMENT_TYPE_LOOK_AROUND,10,10,UNLOCK_KANTO_EARLY_ACCESS,BACKUP_REGISTERED_ONLY,TALK_OR_EXAMINE_EXISTING_HOST,CHECK_UNLOCK|CHECK_LEDGER|OFFER|PREPARE|EXECUTE|COMMIT|RETRY|FULL|DONE,DIALOGUE_EVENT_STARTER_LAB_NATIONAL_0155,EGG,,REWARD_STARTER_LAB_NATIONAL_0155,LEDGER_BIT_EVENT_STARTER_LAB_NATIONAL_0155,VAR_KEY_ACQUISITION_SELECTION,CLAIM_STARTER_NATIONAL_0155,failure/cancel/reset rollback; success ledger commit,capture: normal storage check; gift/egg: party then PC then queue,do not begin/consume/commit; show FULL and remain available,never hard-block on RTC; use ecology radar fixed-day/night selector,STANDARD_MESSAGE_YESNO_LIST_PARTY_PC,ACQ_RUNTIME_EGG,scripts/build_acquisition_content.py,generated/map_scripts/HOST_STARTER_LAB.inc + generated/acquisition_event_defs.c,READY_TO_INTEGRATE,READY_TO_SERIALIZE; object delta=0; before=10; after=10,TEST_EVENT_STARTER_LAB_NATIONAL_0155_UNLOCK|_CANCEL|_RESET|_FULL|_SUCCESS|_DUPLICATE,ARC_STARTER_RESEARCH: 第2世代研究タマゴ。BACKUP_REGISTERED_ONLY
EVENT_STARTER_LAB_NATIONAL_0158,ARC_STARTER_RESEARCH,SPECIES_KEY_TOTODILE,KANTO,K47,KANTO_INDOOR_PALLET_TOWN_PROFESSOR_OAKS_LAB,98,3,OBJECT_REUSE,HOST_STARTER_LAB,1,KANTO_INDOOR_PALLET_TOWN_PROFESSOR_OAKS_LAB_OBJECT_01_STUB,ACQ_HOST_SCRIPT_HOST_STARTER_LAB,3,11,3,OBJ_EVENT_GFX_SCIENTIST,MOVEMENT_TYPE_LOOK_AROUND,10,10,UNLOCK_KANTO_EARLY_ACCESS,BACKUP_REGISTERED_ONLY,TALK_OR_EXAMINE_EXISTING_HOST,CHECK_UNLOCK|CHECK_LEDGER|OFFER|PREPARE|EXECUTE|COMMIT|RETRY|FULL|DONE,DIALOGUE_EVENT_STARTER_LAB_NATIONAL_0158,EGG,,REWARD_STARTER_LAB_NATIONAL_0158,LEDGER_BIT_EVENT_STARTER_LAB_NATIONAL_0158,VAR_KEY_ACQUISITION_SELECTION,CLAIM_STARTER_NATIONAL_0158,failure/cancel/reset rollback; success ledger commit,capture: normal storage check; gift/egg: party then PC then queue,do not begin/consume/commit; show FULL and remain available,never hard-block on RTC; use ecology radar fixed-day/night selector,STANDARD_MESSAGE_YESNO_LIST_PARTY_PC,ACQ_RUNTIME_EGG,scripts/build_acquisition_content.py,generated/map_scripts/HOST_STARTER_LAB.inc + generated/acquisition_event_defs.c,READY_TO_INTEGRATE,READY_TO_SERIALIZE; object delta=0; before=10; after=10,TEST_EVENT_STARTER_LAB_NATIONAL_0158_UNLOCK|_CANCEL|_RESET|_FULL|_SUCCESS|_DUPLICATE,ARC_STARTER_RESEARCH: 第2世代研究タマゴ。BACKUP_REGISTERED_ONLY
EVENT_STARTER_LAB_NATIONAL_0252,ARC_STARTER_RESEARCH,SPECIES_KEY_TREECKO,KANTO,K47,KANTO_INDOOR_PALLET_TOWN_PROFESSOR_OAKS_LAB,98,3,OBJECT_REUSE,HOST_STARTER_LAB,1,KANTO_INDOOR_PALLET_TOWN_PROFESSOR_OAKS_LAB_OBJECT_01_STUB,ACQ_HOST_SCRIPT_HOST_STARTER_LAB,3,11,3,OBJ_EVENT_GFX_SCIENTIST,MOVEMENT_TYPE_LOOK_AROUND,10,10,UNLOCK_KANTO_EARLY_ACCESS,BACKUP_REGISTERED_ONLY,TALK_OR_EXAMINE_EXISTING_HOST,CHECK_UNLOCK|CHECK_LEDGER|OFFER|PREPARE|EXECUTE|COMMIT|RETRY|FULL|DONE,DIALOGUE_EVENT_STARTER_LAB_NATIONAL_0252,EGG,,REWARD_STARTER_LAB_NATIONAL_0252,LEDGER_BIT_EVENT_STARTER_LAB_NATIONAL_0252,VAR_KEY_ACQUISITION_SELECTION,CLAIM_STARTER_NATIONAL_0252,failure/cancel/reset rollback; success ledger commit,capture: normal storage check; gift/egg: party then PC then queue,do not begin/consume/commit; show FULL and remain available,never hard-block on RTC; use ecology radar fixed-day/night selector,STANDARD_MESSAGE_YESNO_LIST_PARTY_PC,ACQ_RUNTIME_EGG,scripts/build_acquisition_content.py,generated/map_scripts/HOST_STARTER_LAB.inc + generated/acquisition_event_defs.c,READY_TO_INTEGRATE,READY_TO_SERIALIZE; object delta=0; before=10; after=10,TEST_EVENT_STARTER_LAB_NATIONAL_0252_UNLOCK|_CANCEL|_RESET|_FULL|_SUCCESS|_DUPLICATE,ARC_STARTER_RESEARCH: 第3世代研究タマゴ。BACKUP_REGISTERED_ONLY
EVENT_STARTER_LAB_NATIONAL_0255,ARC_STARTER_RESEARCH,SPECIES_KEY_TORCHIC,KANTO,K47,KANTO_INDOOR_PALLET_TOWN_PROFESSOR_OAKS_LAB,98,3,OBJECT_REUSE,HOST_STARTER_LAB,1,KANTO_INDOOR_PALLET_TOWN_PROFESSOR_OAKS_LAB_OBJECT_01_STUB,ACQ_HOST_SCRIPT_HOST_STARTER_LAB,3,11,3,OBJ_EVENT_GFX_SCIENTIST,MOVEMENT_TYPE_LOOK_AROUND,10,10,UNLOCK_KANTO_EARLY_ACCESS,BACKUP_REGISTERED_ONLY,TALK_OR_EXAMINE_EXISTING_HOST,CHECK_UNLOCK|CHECK_LEDGER|OFFER|PREPARE|EXECUTE|COMMIT|RETRY|FULL|DONE,DIALOGUE_EVENT_STARTER_LAB_NATIONAL_0255,EGG,,REWARD_STARTER_LAB_NATIONAL_0255,LEDGER_BIT_EVENT_STARTER_LAB_NATIONAL_0255,VAR_KEY_ACQUISITION_SELECTION,CLAIM_STARTER_NATIONAL_0255,failure/cancel/reset rollback; success ledger commit,capture: normal storage check; gift/egg: party then PC then queue,do not begin/consume/commit; show FULL and remain available,never hard-block on RTC; use ecology radar fixed-day/night selector,STANDARD_MESSAGE_YESNO_LIST_PARTY_PC,ACQ_RUNTIME_EGG,scripts/build_acquisition_content.py,generated/map_scripts/HOST_STARTER_LAB.inc + generated/acquisition_event_defs.c,READY_TO_INTEGRATE,READY_TO_SERIALIZE; object delta=0; before=10; after=10,TEST_EVENT_STARTER_LAB_NATIONAL_0255_UNLOCK|_CANCEL|_RESET|_FULL|_SUCCESS|_DUPLICATE,ARC_STARTER_RESEARCH: 第3世代研究タマゴ。BACKUP_REGISTERED_ONLY
EVENT_STARTER_LAB_NATIONAL_0258,ARC_STARTER_RESEARCH,SPECIES_KEY_MUDKIP,KANTO,K47,KANTO_INDOOR_PALLET_TOWN_PROFESSOR_OAKS_LAB,98,3,OBJECT_REUSE,HOST_STARTER_LAB,1,KANTO_INDOOR_PALLET_TOWN_PROFESSOR_OAKS_LAB_OBJECT_01_STUB,ACQ_HOST_SCRIPT_HOST_STARTER_LAB,3,11,3,OBJ_EVENT_GFX_SCIENTIST,MOVEMENT_TYPE_LOOK_AROUND,10,10,UNLOCK_KANTO_EARLY_ACCESS,BACKUP_REGISTERED_ONLY,TALK_OR_EXAMINE_EXISTING_HOST,CHECK_UNLOCK|CHECK_LEDGER|OFFER|PREPARE|EXECUTE|COMMIT|RETRY|FULL|DONE,DIALOGUE_EVENT_STARTER_LAB_NATIONAL_0258,EGG,,REWARD_STARTER_LAB_NATIONAL_0258,LEDGER_BIT_EVENT_STARTER_LAB_NATIONAL_0258,VAR_KEY_ACQUISITION_SELECTION,CLAIM_STARTER_NATIONAL_0258,failure/cancel/reset rollback; success ledger commit,capture: normal storage check; gift/egg: party then PC then queue,do not begin/consume/commit; show FULL and remain available,never hard-block on RTC; use ecology radar fixed-day/night selector,STANDARD_MESSAGE_YESNO_LIST_PARTY_PC,ACQ_RUNTIME_EGG,scripts/build_acquisition_content.py,generated/map_scripts/HOST_STARTER_LAB.inc + generated/acquisition_event_defs.c,READY_TO_INTEGRATE,READY_TO_SERIALIZE; object delta=0; before=10; after=10,TEST_EVENT_STARTER_LAB_NATIONAL_0258_UNLOCK|_CANCEL|_RESET|_FULL|_SUCCESS|_DUPLICATE,ARC_STARTER_RESEARCH: 第3世代研究タマゴ。BACKUP_REGISTERED_ONLY
EVENT_STARTER_LAB_NATIONAL_0387,ARC_STARTER_RESEARCH,SPECIES_KEY_TURTWIG,KANTO,K47,KANTO_INDOOR_PALLET_TOWN_PROFESSOR_OAKS_LAB,98,3,OBJECT_REUSE,HOST_STARTER_LAB,1,KANTO_INDOOR_PALLET_TOWN_PROFESSOR_OAKS_LAB_OBJECT_01_STUB,ACQ_HOST_SCRIPT_HOST_STARTER_LAB,3,11,3,OBJ_EVENT_GFX_SCIENTIST,MOVEMENT_TYPE_LOOK_AROUND,10,10,UNLOCK_KANTO_EARLY_ACCESS,BACKUP_REGISTERED_ONLY,TALK_OR_EXAMINE_EXISTING_HOST,CHECK_UNLOCK|CHECK_LEDGER|OFFER|PREPARE|EXECUTE|COMMIT|RETRY|FULL|DONE,DIALOGUE_EVENT_STARTER_LAB_NATIONAL_0387,EGG,,REWARD_STARTER_LAB_NATIONAL_0387,LEDGER_BIT_EVENT_STARTER_LAB_NATIONAL_0387,VAR_KEY_ACQUISITION_SELECTION,CLAIM_STARTER_NATIONAL_0387,failure/cancel/reset rollback; success ledger commit,capture: normal storage check; gift/egg: party then PC then queue,do not begin/consume/commit; show FULL and remain available,never hard-block on RTC; use ecology radar fixed-day/night selector,STANDARD_MESSAGE_YESNO_LIST_PARTY_PC,ACQ_RUNTIME_EGG,scripts/build_acquisition_content.py,generated/map_scripts/HOST_STARTER_LAB.inc + generated/acquisition_event_defs.c,READY_TO_INTEGRATE,READY_TO_SERIALIZE; object delta=0; before=10; after=10,TEST_EVENT_STARTER_LAB_NATIONAL_0387_UNLOCK|_CANCEL|_RESET|_FULL|_SUCCESS|_DUPLICATE,ARC_STARTER_RESEARCH: 第4世代研究タマゴ。BACKUP_REGISTERED_ONLY
EVENT_STARTER_LAB_NATIONAL_0390,ARC_STARTER_RESEARCH,SPECIES_KEY_CHIMCHAR,KANTO,K47,KANTO_INDOOR_PALLET_TOWN_PROFESSOR_OAKS_LAB,98,3,OBJECT_REUSE,HOST_STARTER_LAB,1,KANTO_INDOOR_PALLET_TOWN_PROFESSOR_OAKS_LAB_OBJECT_01_STUB,ACQ_HOST_SCRIPT_HOST_STARTER_LAB,3,11,3,OBJ_EVENT_GFX_SCIENTIST,MOVEMENT_TYPE_LOOK_AROUND,10,10,UNLOCK_KANTO_EARLY_ACCESS,BACKUP_REGISTERED_ONLY,TALK_OR_EXAMINE_EXISTING_HOST,CHECK_UNLOCK|CHECK_LEDGER|OFFER|PREPARE|EXECUTE|COMMIT|RETRY|FULL|DONE,DIALOGUE_EVENT_STARTER_LAB_NATIONAL_0390,EGG,,REWARD_STARTER_LAB_NATIONAL_0390,LEDGER_BIT_EVENT_STARTER_LAB_NATIONAL_0390,VAR_KEY_ACQUISITION_SELECTION,CLAIM_STARTER_NATIONAL_0390,failure/cancel/reset rollback; success ledger commit,capture: normal storage check; gift/egg: party then PC then queue,do not begin/consume/commit; show FULL and remain available,never hard-block on RTC; use ecology radar fixed-day/night selector,STANDARD_MESSAGE_YESNO_LIST_PARTY_PC,ACQ_RUNTIME_EGG,scripts/build_acquisition_content.py,generated/map_scripts/HOST_STARTER_LAB.inc + generated/acquisition_event_defs.c,READY_TO_INTEGRATE,READY_TO_SERIALIZE; object delta=0; before=10; after=10,TEST_EVENT_STARTER_LAB_NATIONAL_0390_UNLOCK|_CANCEL|_RESET|_FULL|_SUCCESS|_DUPLICATE,ARC_STARTER_RESEARCH: 第4世代研究タマゴ。BACKUP_REGISTERED_ONLY
EVENT_STARTER_LAB_NATIONAL_0393,ARC_STARTER_RESEARCH,SPECIES_KEY_PIPLUP,KANTO,K47,KANTO_INDOOR_PALLET_TOWN_PROFESSOR_OAKS_LAB,98,3,OBJECT_REUSE,HOST_STARTER_LAB,1,KANTO_INDOOR_PALLET_TOWN_PROFESSOR_OAKS_LAB_OBJECT_01_STUB,ACQ_HOST_SCRIPT_HOST_STARTER_LAB,3,11,3,OBJ_EVENT_GFX_SCIENTIST,MOVEMENT_TYPE_LOOK_AROUND,10,10,UNLOCK_KANTO_EARLY_ACCESS,BACKUP_REGISTERED_ONLY,TALK_OR_EXAMINE_EXISTING_HOST,CHECK_UNLOCK|CHECK_LEDGER|OFFER|PREPARE|EXECUTE|COMMIT|RETRY|FULL|DONE,DIALOGUE_EVENT_STARTER_LAB_NATIONAL_0393,EGG,,REWARD_STARTER_LAB_NATIONAL_0393,LEDGER_BIT_EVENT_STARTER_LAB_NATIONAL_0393,VAR_KEY_ACQUISITION_SELECTION,CLAIM_STARTER_NATIONAL_0393,failure/cancel/reset rollback; success ledger commit,capture: normal storage check; gift/egg: party then PC then queue,do not begin/consume/commit; show FULL and remain available,never hard-block on RTC; use ecology radar fixed-day/night selector,STANDARD_MESSAGE_YESNO_LIST_PARTY_PC,ACQ_RUNTIME_EGG,scripts/build_acquisition_content.py,generated/map_scripts/HOST_STARTER_LAB.inc + generated/acquisition_event_defs.c,READY_TO_INTEGRATE,READY_TO_SERIALIZE; object delta=0; before=10; after=10,TEST_EVENT_STARTER_LAB_NATIONAL_0393_UNLOCK|_CANCEL|_RESET|_FULL|_SUCCESS|_DUPLICATE,ARC_STARTER_RESEARCH: 第4世代研究タマゴ。BACKUP_REGISTERED_ONLY
EVENT_STARTER_LAB_NATIONAL_0495,ARC_STARTER_RESEARCH,SPECIES_KEY_SNIVY,KANTO,K47,KANTO_INDOOR_PALLET_TOWN_PROFESSOR_OAKS_LAB,98,3,OBJECT_REUSE,HOST_STARTER_LAB,1,KANTO_INDOOR_PALLET_TOWN_PROFESSOR_OAKS_LAB_OBJECT_01_STUB,ACQ_HOST_SCRIPT_HOST_STARTER_LAB,3,11,3,OBJ_EVENT_GFX_SCIENTIST,MOVEMENT_TYPE_LOOK_AROUND,10,10,UNLOCK_KANTO_EARLY_ACCESS,BACKUP_REGISTERED_ONLY,TALK_OR_EXAMINE_EXISTING_HOST,CHECK_UNLOCK|CHECK_LEDGER|OFFER|PREPARE|EXECUTE|COMMIT|RETRY|FULL|DONE,DIALOGUE_EVENT_STARTER_LAB_NATIONAL_0495,EGG,,REWARD_STARTER_LAB_NATIONAL_0495,LEDGER_BIT_EVENT_STARTER_LAB_NATIONAL_0495,VAR_KEY_ACQUISITION_SELECTION,CLAIM_STARTER_NATIONAL_0495,failure/cancel/reset rollback; success ledger commit,capture: normal storage check; gift/egg: party then PC then queue,do not begin/consume/commit; show FULL and remain available,never hard-block on RTC; use ecology radar fixed-day/night selector,STANDARD_MESSAGE_YESNO_LIST_PARTY_PC,ACQ_RUNTIME_EGG,scripts/build_acquisition_content.py,generated/map_scripts/HOST_STARTER_LAB.inc + generated/acquisition_event_defs.c,READY_TO_INTEGRATE,READY_TO_SERIALIZE; object delta=0; before=10; after=10,TEST_EVENT_STARTER_LAB_NATIONAL_0495_UNLOCK|_CANCEL|_RESET|_FULL|_SUCCESS|_DUPLICATE,ARC_STARTER_RESEARCH: 第5世代研究タマゴ。BACKUP_REGISTERED_ONLY
EVENT_STARTER_LAB_NATIONAL_0498,ARC_STARTER_RESEARCH,SPECIES_KEY_TEPIG,KANTO,K47,KANTO_INDOOR_PALLET_TOWN_PROFESSOR_OAKS_LAB,98,3,OBJECT_REUSE,HOST_STARTER_LAB,1,KANTO_INDOOR_PALLET_TOWN_PROFESSOR_OAKS_LAB_OBJECT_01_STUB,ACQ_HOST_SCRIPT_HOST_STARTER_LAB,3,11,3,OBJ_EVENT_GFX_SCIENTIST,MOVEMENT_TYPE_LOOK_AROUND,10,10,UNLOCK_KANTO_EARLY_ACCESS,BACKUP_REGISTERED_ONLY,TALK_OR_EXAMINE_EXISTING_HOST,CHECK_UNLOCK|CHECK_LEDGER|OFFER|PREPARE|EXECUTE|COMMIT|RETRY|FULL|DONE,DIALOGUE_EVENT_STARTER_LAB_NATIONAL_0498,EGG,,REWARD_STARTER_LAB_NATIONAL_0498,LEDGER_BIT_EVENT_STARTER_LAB_NATIONAL_0498,VAR_KEY_ACQUISITION_SELECTION,CLAIM_STARTER_NATIONAL_0498,failure/cancel/reset rollback; success ledger commit,capture: normal storage check; gift/egg: party then PC then queue,do not begin/consume/commit; show FULL and remain available,never hard-block on RTC; use ecology radar fixed-day/night selector,STANDARD_MESSAGE_YESNO_LIST_PARTY_PC,ACQ_RUNTIME_EGG,scripts/build_acquisition_content.py,generated/map_scripts/HOST_STARTER_LAB.inc + generated/acquisition_event_defs.c,READY_TO_INTEGRATE,READY_TO_SERIALIZE; object delta=0; before=10; after=10,TEST_EVENT_STARTER_LAB_NATIONAL_0498_UNLOCK|_CANCEL|_RESET|_FULL|_SUCCESS|_DUPLICATE,ARC_STARTER_RESEARCH: 第5世代研究タマゴ。BACKUP_REGISTERED_ONLY
EVENT_STARTER_LAB_NATIONAL_0501,ARC_STARTER_RESEARCH,SPECIES_KEY_OSHAWOTT,KANTO,K47,KANTO_INDOOR_PALLET_TOWN_PROFESSOR_OAKS_LAB,98,3,OBJECT_REUSE,HOST_STARTER_LAB,1,KANTO_INDOOR_PALLET_TOWN_PROFESSOR_OAKS_LAB_OBJECT_01_STUB,ACQ_HOST_SCRIPT_HOST_STARTER_LAB,3,11,3,OBJ_EVENT_GFX_SCIENTIST,MOVEMENT_TYPE_LOOK_AROUND,10,10,UNLOCK_KANTO_EARLY_ACCESS,BACKUP_REGISTERED_ONLY,TALK_OR_EXAMINE_EXISTING_HOST,CHECK_UNLOCK|CHECK_LEDGER|OFFER|PREPARE|EXECUTE|COMMIT|RETRY|FULL|DONE,DIALOGUE_EVENT_STARTER_LAB_NATIONAL_0501,EGG,,REWARD_STARTER_LAB_NATIONAL_0501,LEDGER_BIT_EVENT_STARTER_LAB_NATIONAL_0501,VAR_KEY_ACQUISITION_SELECTION,CLAIM_STARTER_NATIONAL_0501,failure/cancel/reset rollback; success ledger commit,capture: normal storage check; gift/egg: party then PC then queue,do not begin/consume/commit; show FULL and remain available,never hard-block on RTC; use ecology radar fixed-day/night selector,STANDARD_MESSAGE_YESNO_LIST_PARTY_PC,ACQ_RUNTIME_EGG,scripts/build_acquisition_content.py,generated/map_scripts/HOST_STARTER_LAB.inc + generated/acquisition_event_defs.c,READY_TO_INTEGRATE,READY_TO_SERIALIZE; object delta=0; before=10; after=10,TEST_EVENT_STARTER_LAB_NATIONAL_0501_UNLOCK|_CANCEL|_RESET|_FULL|_SUCCESS|_DUPLICATE,ARC_STARTER_RESEARCH: 第5世代研究タマゴ。BACKUP_REGISTERED_ONLY
EVENT_STARTER_LAB_NATIONAL_0650,ARC_STARTER_RESEARCH,SPECIES_KEY_CHESPIN,KANTO,K47,KANTO_INDOOR_PALLET_TOWN_PROFESSOR_OAKS_LAB,98,3,OBJECT_REUSE,HOST_STARTER_LAB,1,KANTO_INDOOR_PALLET_TOWN_PROFESSOR_OAKS_LAB_OBJECT_01_STUB,ACQ_HOST_SCRIPT_HOST_STARTER_LAB,3,11,3,OBJ_EVENT_GFX_SCIENTIST,MOVEMENT_TYPE_LOOK_AROUND,10,10,UNLOCK_KANTO_EARLY_ACCESS,BACKUP_REGISTERED_ONLY,TALK_OR_EXAMINE_EXISTING_HOST,CHECK_UNLOCK|CHECK_LEDGER|OFFER|PREPARE|EXECUTE|COMMIT|RETRY|FULL|DONE,DIALOGUE_EVENT_STARTER_LAB_NATIONAL_0650,EGG,,REWARD_STARTER_LAB_NATIONAL_0650,LEDGER_BIT_EVENT_STARTER_LAB_NATIONAL_0650,VAR_KEY_ACQUISITION_SELECTION,CLAIM_STARTER_NATIONAL_0650,failure/cancel/reset rollback; success ledger commit,capture: normal storage check; gift/egg: party then PC then queue,do not begin/consume/commit; show FULL and remain available,never hard-block on RTC; use ecology radar fixed-day/night selector,STANDARD_MESSAGE_YESNO_LIST_PARTY_PC,ACQ_RUNTIME_EGG,scripts/build_acquisition_content.py,generated/map_scripts/HOST_STARTER_LAB.inc + generated/acquisition_event_defs.c,READY_TO_INTEGRATE,READY_TO_SERIALIZE; object delta=0; before=10; after=10,TEST_EVENT_STARTER_LAB_NATIONAL_0650_UNLOCK|_CANCEL|_RESET|_FULL|_SUCCESS|_DUPLICATE,ARC_STARTER_RESEARCH: 第6世代研究タマゴ。BACKUP_REGISTERED_ONLY
EVENT_STARTER_LAB_NATIONAL_0653,ARC_STARTER_RESEARCH,SPECIES_KEY_FENNEKIN,KANTO,K47,KANTO_INDOOR_PALLET_TOWN_PROFESSOR_OAKS_LAB,98,3,OBJECT_REUSE,HOST_STARTER_LAB,1,KANTO_INDOOR_PALLET_TOWN_PROFESSOR_OAKS_LAB_OBJECT_01_STUB,ACQ_HOST_SCRIPT_HOST_STARTER_LAB,3,11,3,OBJ_EVENT_GFX_SCIENTIST,MOVEMENT_TYPE_LOOK_AROUND,10,10,UNLOCK_KANTO_EARLY_ACCESS,PRIMARY_REQUIRED,TALK_OR_EXAMINE_EXISTING_HOST,CHECK_UNLOCK|CHECK_LEDGER|OFFER|PREPARE|EXECUTE|COMMIT|RETRY|FULL|DONE,DIALOGUE_EVENT_STARTER_LAB_NATIONAL_0653,EGG,,REWARD_STARTER_LAB_NATIONAL_0653,LEDGER_BIT_EVENT_STARTER_LAB_NATIONAL_0653,VAR_KEY_ACQUISITION_SELECTION,CLAIM_STARTER_NATIONAL_0653,failure/cancel/reset rollback; success ledger commit,capture: normal storage check; gift/egg: party then PC then queue,do not begin/consume/commit; show FULL and remain available,never hard-block on RTC; use ecology radar fixed-day/night selector,STANDARD_MESSAGE_YESNO_LIST_PARTY_PC,ACQ_RUNTIME_EGG,scripts/build_acquisition_content.py,generated/map_scripts/HOST_STARTER_LAB.inc + generated/acquisition_event_defs.c,READY_TO_INTEGRATE,READY_TO_SERIALIZE; object delta=0; before=10; after=10,TEST_EVENT_STARTER_LAB_NATIONAL_0653_UNLOCK|_CANCEL|_RESET|_FULL|_SUCCESS|_DUPLICATE,ARC_STARTER_RESEARCH: 第6世代研究タマゴ。PRIMARY_REQUIRED
EVENT_STARTER_LAB_NATIONAL_0656,ARC_STARTER_RESEARCH,SPECIES_KEY_FROAKIE,KANTO,K47,KANTO_INDOOR_PALLET_TOWN_PROFESSOR_OAKS_LAB,98,3,OBJECT_REUSE,HOST_STARTER_LAB,1,KANTO_INDOOR_PALLET_TOWN_PROFESSOR_OAKS_LAB_OBJECT_01_STUB,ACQ_HOST_SCRIPT_HOST_STARTER_LAB,3,11,3,OBJ_EVENT_GFX_SCIENTIST,MOVEMENT_TYPE_LOOK_AROUND,10,10,UNLOCK_KANTO_EARLY_ACCESS,PRIMARY_REQUIRED,TALK_OR_EXAMINE_EXISTING_HOST,CHECK_UNLOCK|CHECK_LEDGER|OFFER|PREPARE|EXECUTE|COMMIT|RETRY|FULL|DONE,DIALOGUE_EVENT_STARTER_LAB_NATIONAL_0656,EGG,,REWARD_STARTER_LAB_NATIONAL_0656,LEDGER_BIT_EVENT_STARTER_LAB_NATIONAL_0656,VAR_KEY_ACQUISITION_SELECTION,CLAIM_STARTER_NATIONAL_0656,failure/cancel/reset rollback; success ledger commit,capture: normal storage check; gift/egg: party then PC then queue,do not begin/consume/commit; show FULL and remain available,never hard-block on RTC; use ecology radar fixed-day/night selector,STANDARD_MESSAGE_YESNO_LIST_PARTY_PC,ACQ_RUNTIME_EGG,scripts/build_acquisition_content.py,generated/map_scripts/HOST_STARTER_LAB.inc + generated/acquisition_event_defs.c,READY_TO_INTEGRATE,READY_TO_SERIALIZE; object delta=0; before=10; after=10,TEST_EVENT_STARTER_LAB_NATIONAL_0656_UNLOCK|_CANCEL|_RESET|_FULL|_SUCCESS|_DUPLICATE,ARC_STARTER_RESEARCH: 第6世代研究タマゴ。PRIMARY_REQUIRED
EVENT_STARTER_LAB_NATIONAL_0722,ARC_STARTER_RESEARCH,SPECIES_KEY_ROWLET,KANTO,K47,KANTO_INDOOR_PALLET_TOWN_PROFESSOR_OAKS_LAB,98,3,OBJECT_REUSE,HOST_STARTER_LAB,1,KANTO_INDOOR_PALLET_TOWN_PROFESSOR_OAKS_LAB_OBJECT_01_STUB,ACQ_HOST_SCRIPT_HOST_STARTER_LAB,3,11,3,OBJ_EVENT_GFX_SCIENTIST,MOVEMENT_TYPE_LOOK_AROUND,10,10,UNLOCK_KANTO_EARLY_ACCESS,PRIMARY_REQUIRED,TALK_OR_EXAMINE_EXISTING_HOST,CHECK_UNLOCK|CHECK_LEDGER|OFFER|PREPARE|EXECUTE|COMMIT|RETRY|FULL|DONE,DIALOGUE_EVENT_STARTER_LAB_NATIONAL_0722,EGG,,REWARD_STARTER_LAB_NATIONAL_0722,LEDGER_BIT_EVENT_STARTER_LAB_NATIONAL_0722,VAR_KEY_ACQUISITION_SELECTION,CLAIM_STARTER_NATIONAL_0722,failure/cancel/reset rollback; success ledger commit,capture: normal storage check; gift/egg: party then PC then queue,do not begin/consume/commit; show FULL and remain available,never hard-block on RTC; use ecology radar fixed-day/night selector,STANDARD_MESSAGE_YESNO_LIST_PARTY_PC,ACQ_RUNTIME_EGG,scripts/build_acquisition_content.py,generated/map_scripts/HOST_STARTER_LAB.inc + generated/acquisition_event_defs.c,READY_TO_INTEGRATE,READY_TO_SERIALIZE; object delta=0; before=10; after=10,TEST_EVENT_STARTER_LAB_NATIONAL_0722_UNLOCK|_CANCEL|_RESET|_FULL|_SUCCESS|_DUPLICATE,ARC_STARTER_RESEARCH: 第7世代研究タマゴ。PRIMARY_REQUIRED
EVENT_STARTER_LAB_NATIONAL_0725,ARC_STARTER_RESEARCH,SPECIES_KEY_LITTEN,KANTO,K47,KANTO_INDOOR_PALLET_TOWN_PROFESSOR_OAKS_LAB,98,3,OBJECT_REUSE,HOST_STARTER_LAB,1,KANTO_INDOOR_PALLET_TOWN_PROFESSOR_OAKS_LAB_OBJECT_01_STUB,ACQ_HOST_SCRIPT_HOST_STARTER_LAB,3,11,3,OBJ_EVENT_GFX_SCIENTIST,MOVEMENT_TYPE_LOOK_AROUND,10,10,UNLOCK_KANTO_EARLY_ACCESS,PRIMARY_REQUIRED,TALK_OR_EXAMINE_EXISTING_HOST,CHECK_UNLOCK|CHECK_LEDGER|OFFER|PREPARE|EXECUTE|COMMIT|RETRY|FULL|DONE,DIALOGUE_EVENT_STARTER_LAB_NATIONAL_0725,EGG,,REWARD_STARTER_LAB_NATIONAL_0725,LEDGER_BIT_EVENT_STARTER_LAB_NATIONAL_0725,VAR_KEY_ACQUISITION_SELECTION,CLAIM_STARTER_NATIONAL_0725,failure/cancel/reset rollback; success ledger commit,capture: normal storage check; gift/egg: party then PC then queue,do not begin/consume/commit; show FULL and remain available,never hard-block on RTC; use ecology radar fixed-day/night selector,STANDARD_MESSAGE_YESNO_LIST_PARTY_PC,ACQ_RUNTIME_EGG,scripts/build_acquisition_content.py,generated/map_scripts/HOST_STARTER_LAB.inc + generated/acquisition_event_defs.c,READY_TO_INTEGRATE,READY_TO_SERIALIZE; object delta=0; before=10; after=10,TEST_EVENT_STARTER_LAB_NATIONAL_0725_UNLOCK|_CANCEL|_RESET|_FULL|_SUCCESS|_DUPLICATE,ARC_STARTER_RESEARCH: 第7世代研究タマゴ。PRIMARY_REQUIRED
EVENT_STARTER_LAB_NATIONAL_0728,ARC_STARTER_RESEARCH,SPECIES_KEY_POPPLIO,KANTO,K47,KANTO_INDOOR_PALLET_TOWN_PROFESSOR_OAKS_LAB,98,3,OBJECT_REUSE,HOST_STARTER_LAB,1,KANTO_INDOOR_PALLET_TOWN_PROFESSOR_OAKS_LAB_OBJECT_01_STUB,ACQ_HOST_SCRIPT_HOST_STARTER_LAB,3,11,3,OBJ_EVENT_GFX_SCIENTIST,MOVEMENT_TYPE_LOOK_AROUND,10,10,UNLOCK_KANTO_EARLY_ACCESS,PRIMARY_REQUIRED,TALK_OR_EXAMINE_EXISTING_HOST,CHECK_UNLOCK|CHECK_LEDGER|OFFER|PREPARE|EXECUTE|COMMIT|RETRY|FULL|DONE,DIALOGUE_EVENT_STARTER_LAB_NATIONAL_0728,EGG,,REWARD_STARTER_LAB_NATIONAL_0728,LEDGER_BIT_EVENT_STARTER_LAB_NATIONAL_0728,VAR_KEY_ACQUISITION_SELECTION,CLAIM_STARTER_NATIONAL_0728,failure/cancel/reset rollback; success ledger commit,capture: normal storage check; gift/egg: party then PC then queue,do not begin/consume/commit; show FULL and remain available,never hard-block on RTC; use ecology radar fixed-day/night selector,STANDARD_MESSAGE_YESNO_LIST_PARTY_PC,ACQ_RUNTIME_EGG,scripts/build_acquisition_content.py,generated/map_scripts/HOST_STARTER_LAB.inc + generated/acquisition_event_defs.c,READY_TO_INTEGRATE,READY_TO_SERIALIZE; object delta=0; before=10; after=10,TEST_EVENT_STARTER_LAB_NATIONAL_0728_UNLOCK|_CANCEL|_RESET|_FULL|_SUCCESS|_DUPLICATE,ARC_STARTER_RESEARCH: 第7世代研究タマゴ。PRIMARY_REQUIRED
EVENT_STARTER_LAB_NATIONAL_0810,ARC_STARTER_RESEARCH,SPECIES_KEY_GROOKEY,KANTO,K47,KANTO_INDOOR_PALLET_TOWN_PROFESSOR_OAKS_LAB,98,3,OBJECT_REUSE,HOST_STARTER_LAB,1,KANTO_INDOOR_PALLET_TOWN_PROFESSOR_OAKS_LAB_OBJECT_01_STUB,ACQ_HOST_SCRIPT_HOST_STARTER_LAB,3,11,3,OBJ_EVENT_GFX_SCIENTIST,MOVEMENT_TYPE_LOOK_AROUND,10,10,UNLOCK_KANTO_EARLY_ACCESS,PRIMARY_REQUIRED,TALK_OR_EXAMINE_EXISTING_HOST,CHECK_UNLOCK|CHECK_LEDGER|OFFER|PREPARE|EXECUTE|COMMIT|RETRY|FULL|DONE,DIALOGUE_EVENT_STARTER_LAB_NATIONAL_0810,EGG,,REWARD_STARTER_LAB_NATIONAL_0810,LEDGER_BIT_EVENT_STARTER_LAB_NATIONAL_0810,VAR_KEY_ACQUISITION_SELECTION,CLAIM_STARTER_NATIONAL_0810,failure/cancel/reset rollback; success ledger commit,capture: normal storage check; gift/egg: party then PC then queue,do not begin/consume/commit; show FULL and remain available,never hard-block on RTC; use ecology radar fixed-day/night selector,STANDARD_MESSAGE_YESNO_LIST_PARTY_PC,ACQ_RUNTIME_EGG,scripts/build_acquisition_content.py,generated/map_scripts/HOST_STARTER_LAB.inc + generated/acquisition_event_defs.c,READY_TO_INTEGRATE,READY_TO_SERIALIZE; object delta=0; before=10; after=10,TEST_EVENT_STARTER_LAB_NATIONAL_0810_UNLOCK|_CANCEL|_RESET|_FULL|_SUCCESS|_DUPLICATE,ARC_STARTER_RESEARCH: 第8世代研究タマゴ。PRIMARY_REQUIRED
EVENT_STARTER_LAB_NATIONAL_0813,ARC_STARTER_RESEARCH,SPECIES_KEY_SCORBUNNY,KANTO,K47,KANTO_INDOOR_PALLET_TOWN_PROFESSOR_OAKS_LAB,98,3,OBJECT_REUSE,HOST_STARTER_LAB,1,KANTO_INDOOR_PALLET_TOWN_PROFESSOR_OAKS_LAB_OBJECT_01_STUB,ACQ_HOST_SCRIPT_HOST_STARTER_LAB,3,11,3,OBJ_EVENT_GFX_SCIENTIST,MOVEMENT_TYPE_LOOK_AROUND,10,10,UNLOCK_KANTO_EARLY_ACCESS,PRIMARY_REQUIRED,TALK_OR_EXAMINE_EXISTING_HOST,CHECK_UNLOCK|CHECK_LEDGER|OFFER|PREPARE|EXECUTE|COMMIT|RETRY|FULL|DONE,DIALOGUE_EVENT_STARTER_LAB_NATIONAL_0813,EGG,,REWARD_STARTER_LAB_NATIONAL_0813,LEDGER_BIT_EVENT_STARTER_LAB_NATIONAL_0813,VAR_KEY_ACQUISITION_SELECTION,CLAIM_STARTER_NATIONAL_0813,failure/cancel/reset rollback; success ledger commit,capture: normal storage check; gift/egg: party then PC then queue,do not begin/consume/commit; show FULL and remain available,never hard-block on RTC; use ecology radar fixed-day/night selector,STANDARD_MESSAGE_YESNO_LIST_PARTY_PC,ACQ_RUNTIME_EGG,scripts/build_acquisition_content.py,generated/map_scripts/HOST_STARTER_LAB.inc + generated/acquisition_event_defs.c,READY_TO_INTEGRATE,READY_TO_SERIALIZE; object delta=0; before=10; after=10,TEST_EVENT_STARTER_LAB_NATIONAL_0813_UNLOCK|_CANCEL|_RESET|_FULL|_SUCCESS|_DUPLICATE,ARC_STARTER_RESEARCH: 第8世代研究タマゴ。PRIMARY_REQUIRED
EVENT_STARTER_LAB_NATIONAL_0816,ARC_STARTER_RESEARCH,SPECIES_KEY_SOBBLE,KANTO,K47,KANTO_INDOOR_PALLET_TOWN_PROFESSOR_OAKS_LAB,98,3,OBJECT_REUSE,HOST_STARTER_LAB,1,KANTO_INDOOR_PALLET_TOWN_PROFESSOR_OAKS_LAB_OBJECT_01_STUB,ACQ_HOST_SCRIPT_HOST_STARTER_LAB,3,11,3,OBJ_EVENT_GFX_SCIENTIST,MOVEMENT_TYPE_LOOK_AROUND,10,10,UNLOCK_KANTO_EARLY_ACCESS,PRIMARY_REQUIRED,TALK_OR_EXAMINE_EXISTING_HOST,CHECK_UNLOCK|CHECK_LEDGER|OFFER|PREPARE|EXECUTE|COMMIT|RETRY|FULL|DONE,DIALOGUE_EVENT_STARTER_LAB_NATIONAL_0816,EGG,,REWARD_STARTER_LAB_NATIONAL_0816,LEDGER_BIT_EVENT_STARTER_LAB_NATIONAL_0816,VAR_KEY_ACQUISITION_SELECTION,CLAIM_STARTER_NATIONAL_0816,failure/cancel/reset rollback; success ledger commit,capture: normal storage check; gift/egg: party then PC then queue,do not begin/consume/commit; show FULL and remain available,never hard-block on RTC; use ecology radar fixed-day/night selector,STANDARD_MESSAGE_YESNO_LIST_PARTY_PC,ACQ_RUNTIME_EGG,scripts/build_acquisition_content.py,generated/map_scripts/HOST_STARTER_LAB.inc + generated/acquisition_event_defs.c,READY_TO_INTEGRATE,READY_TO_SERIALIZE; object delta=0; before=10; after=10,TEST_EVENT_STARTER_LAB_NATIONAL_0816_UNLOCK|_CANCEL|_RESET|_FULL|_SUCCESS|_DUPLICATE,ARC_STARTER_RESEARCH: 第8世代研究タマゴ。PRIMARY_REQUIRED
EVENT_STARTER_LAB_NATIONAL_0906,ARC_STARTER_RESEARCH,SPECIES_KEY_SPRIGATITO,KANTO,K47,KANTO_INDOOR_PALLET_TOWN_PROFESSOR_OAKS_LAB,98,3,OBJECT_REUSE,HOST_STARTER_LAB,1,KANTO_INDOOR_PALLET_TOWN_PROFESSOR_OAKS_LAB_OBJECT_01_STUB,ACQ_HOST_SCRIPT_HOST_STARTER_LAB,3,11,3,OBJ_EVENT_GFX_SCIENTIST,MOVEMENT_TYPE_LOOK_AROUND,10,10,UNLOCK_KANTO_EARLY_ACCESS,PRIMARY_REQUIRED,TALK_OR_EXAMINE_EXISTING_HOST,CHECK_UNLOCK|CHECK_LEDGER|OFFER|PREPARE|EXECUTE|COMMIT|RETRY|FULL|DONE,DIALOGUE_EVENT_STARTER_LAB_NATIONAL_0906,EGG,,REWARD_STARTER_LAB_NATIONAL_0906,LEDGER_BIT_EVENT_STARTER_LAB_NATIONAL_0906,VAR_KEY_ACQUISITION_SELECTION,CLAIM_STARTER_NATIONAL_0906,failure/cancel/reset rollback; success ledger commit,capture: normal storage check; gift/egg: party then PC then queue,do not begin/consume/commit; show FULL and remain available,never hard-block on RTC; use ecology radar fixed-day/night selector,STANDARD_MESSAGE_YESNO_LIST_PARTY_PC,ACQ_RUNTIME_EGG,scripts/build_acquisition_content.py,generated/map_scripts/HOST_STARTER_LAB.inc + generated/acquisition_event_defs.c,READY_TO_INTEGRATE,READY_TO_SERIALIZE; object delta=0; before=10; after=10,TEST_EVENT_STARTER_LAB_NATIONAL_0906_UNLOCK|_CANCEL|_RESET|_FULL|_SUCCESS|_DUPLICATE,ARC_STARTER_RESEARCH: 第9世代研究タマゴ。PRIMARY_REQUIRED
EVENT_STARTER_LAB_NATIONAL_0909,ARC_STARTER_RESEARCH,SPECIES_KEY_FUECOCO,KANTO,K47,KANTO_INDOOR_PALLET_TOWN_PROFESSOR_OAKS_LAB,98,3,OBJECT_REUSE,HOST_STARTER_LAB,1,KANTO_INDOOR_PALLET_TOWN_PROFESSOR_OAKS_LAB_OBJECT_01_STUB,ACQ_HOST_SCRIPT_HOST_STARTER_LAB,3,11,3,OBJ_EVENT_GFX_SCIENTIST,MOVEMENT_TYPE_LOOK_AROUND,10,10,UNLOCK_KANTO_EARLY_ACCESS,PRIMARY_REQUIRED,TALK_OR_EXAMINE_EXISTING_HOST,CHECK_UNLOCK|CHECK_LEDGER|OFFER|PREPARE|EXECUTE|COMMIT|RETRY|FULL|DONE,DIALOGUE_EVENT_STARTER_LAB_NATIONAL_0909,EGG,,REWARD_STARTER_LAB_NATIONAL_0909,LEDGER_BIT_EVENT_STARTER_LAB_NATIONAL_0909,VAR_KEY_ACQUISITION_SELECTION,CLAIM_STARTER_NATIONAL_0909,failure/cancel/reset rollback; success ledger commit,capture: normal storage check; gift/egg: party then PC then queue,do not begin/consume/commit; show FULL and remain available,never hard-block on RTC; use ecology radar fixed-day/night selector,STANDARD_MESSAGE_YESNO_LIST_PARTY_PC,ACQ_RUNTIME_EGG,scripts/build_acquisition_content.py,generated/map_scripts/HOST_STARTER_LAB.inc + generated/acquisition_event_defs.c,READY_TO_INTEGRATE,READY_TO_SERIALIZE; object delta=0; before=10; after=10,TEST_EVENT_STARTER_LAB_NATIONAL_0909_UNLOCK|_CANCEL|_RESET|_FULL|_SUCCESS|_DUPLICATE,ARC_STARTER_RESEARCH: 第9世代研究タマゴ。PRIMARY_REQUIRED
EVENT_STARTER_LAB_NATIONAL_0912,ARC_STARTER_RESEARCH,SPECIES_KEY_QUAXLY,KANTO,K47,KANTO_INDOOR_PALLET_TOWN_PROFESSOR_OAKS_LAB,98,3,OBJECT_REUSE,HOST_STARTER_LAB,1,KANTO_INDOOR_PALLET_TOWN_PROFESSOR_OAKS_LAB_OBJECT_01_STUB,ACQ_HOST_SCRIPT_HOST_STARTER_LAB,3,11,3,OBJ_EVENT_GFX_SCIENTIST,MOVEMENT_TYPE_LOOK_AROUND,10,10,UNLOCK_KANTO_EARLY_ACCESS,PRIMARY_REQUIRED,TALK_OR_EXAMINE_EXISTING_HOST,CHECK_UNLOCK|CHECK_LEDGER|OFFER|PREPARE|EXECUTE|COMMIT|RETRY|FULL|DONE,DIALOGUE_EVENT_STARTER_LAB_NATIONAL_0912,EGG,,REWARD_STARTER_LAB_NATIONAL_0912,LEDGER_BIT_EVENT_STARTER_LAB_NATIONAL_0912,VAR_KEY_ACQUISITION_SELECTION,CLAIM_STARTER_NATIONAL_0912,failure/cancel/reset rollback; success ledger commit,capture: normal storage check; gift/egg: party then PC then queue,do not begin/consume/commit; show FULL and remain available,never hard-block on RTC; use ecology radar fixed-day/night selector,STANDARD_MESSAGE_YESNO_LIST_PARTY_PC,ACQ_RUNTIME_EGG,scripts/build_acquisition_content.py,generated/map_scripts/HOST_STARTER_LAB.inc + generated/acquisition_event_defs.c,READY_TO_INTEGRATE,READY_TO_SERIALIZE; object delta=0; before=10; after=10,TEST_EVENT_STARTER_LAB_NATIONAL_0912_UNLOCK|_CANCEL|_RESET|_FULL|_SUCCESS|_DUPLICATE,ARC_STARTER_RESEARCH: 第9世代研究タマゴ。PRIMARY_REQUIRED
EVENT_REGIONAL_EGG_1393,ARC_REGIONAL_NURSERY,SPECIES_KEY_MEOWTH_G,KANTO,K47,KANTO_INDOOR_PALLET_TOWN_PROFESSOR_OAKS_LAB,98,3,OBJECT_REUSE,HOST_REGIONAL_NURSERY,3,KANTO_INDOOR_PALLET_TOWN_PROFESSOR_OAKS_LAB_OBJECT_03_STUB,ACQ_HOST_SCRIPT_HOST_REGIONAL_NURSERY,11,10,3,OBJ_EVENT_GFX_SCIENTIST,MOVEMENT_TYPE_LOOK_AROUND,10,10,UNLOCK_REGIONAL_NURSERY,target evolution not registered OR enabling form not claimed,TALK_OR_EXAMINE_EXISTING_HOST,CHECK_UNLOCK|CHECK_LEDGER|OFFER|PREPARE|EXECUTE|COMMIT|RETRY|FULL|DONE,DIALOGUE_EVENT_REGIONAL_EGG_1393,EGG,,REWARD_EVENT_REGIONAL_EGG_1393,LEDGER_BIT_EVENT_REGIONAL_EGG_1393,VAR_KEY_ACQUISITION_SELECTION,CLAIM_ENABLING_FORM_1393,failure/cancel/reset rollback; success ledger commit,capture: normal storage check; gift/egg: party then PC then queue,do not begin/consume/commit; show FULL and remain available,never hard-block on RTC; use ecology radar fixed-day/night selector,STANDARD_MESSAGE_YESNO_LIST_PARTY_PC,ACQ_RUNTIME_EGG,scripts/build_acquisition_content.py,generated/map_scripts/HOST_REGIONAL_NURSERY.inc + generated/acquisition_event_defs.c,READY_TO_INTEGRATE,READY_TO_SERIALIZE; object delta=0; before=10; after=10,TEST_EVENT_REGIONAL_EGG_1393_UNLOCK|_CANCEL|_RESET|_FULL|_SUCCESS|_DUPLICATE,ARC_REGIONAL_NURSERY: 完成数には加算せず、分岐進化の入口として一度だけ受取。
EVENT_REGIONAL_EGG_1398,ARC_REGIONAL_NURSERY,SPECIES_KEY_FARFETCHD_G,KANTO,K47,KANTO_INDOOR_PALLET_TOWN_PROFESSOR_OAKS_LAB,98,3,OBJECT_REUSE,HOST_REGIONAL_NURSERY,3,KANTO_INDOOR_PALLET_TOWN_PROFESSOR_OAKS_LAB_OBJECT_03_STUB,ACQ_HOST_SCRIPT_HOST_REGIONAL_NURSERY,11,10,3,OBJ_EVENT_GFX_SCIENTIST,MOVEMENT_TYPE_LOOK_AROUND,10,10,UNLOCK_REGIONAL_NURSERY,target evolution not registered OR enabling form not claimed,TALK_OR_EXAMINE_EXISTING_HOST,CHECK_UNLOCK|CHECK_LEDGER|OFFER|PREPARE|EXECUTE|COMMIT|RETRY|FULL|DONE,DIALOGUE_EVENT_REGIONAL_EGG_1398,EGG,,REWARD_EVENT_REGIONAL_EGG_1398,LEDGER_BIT_EVENT_REGIONAL_EGG_1398,VAR_KEY_ACQUISITION_SELECTION,CLAIM_ENABLING_FORM_1398,failure/cancel/reset rollback; success ledger commit,capture: normal storage check; gift/egg: party then PC then queue,do not begin/consume/commit; show FULL and remain available,never hard-block on RTC; use ecology radar fixed-day/night selector,STANDARD_MESSAGE_YESNO_LIST_PARTY_PC,ACQ_RUNTIME_EGG,scripts/build_acquisition_content.py,generated/map_scripts/HOST_REGIONAL_NURSERY.inc + generated/acquisition_event_defs.c,READY_TO_INTEGRATE,READY_TO_SERIALIZE; object delta=0; before=10; after=10,TEST_EVENT_REGIONAL_EGG_1398_UNLOCK|_CANCEL|_RESET|_FULL|_SUCCESS|_DUPLICATE,ARC_REGIONAL_NURSERY: 完成数には加算せず、分岐進化の入口として一度だけ受取。
EVENT_REGIONAL_EGG_1401,ARC_REGIONAL_NURSERY,SPECIES_KEY_MR_MIME_G,KANTO,K47,KANTO_INDOOR_PALLET_TOWN_PROFESSOR_OAKS_LAB,98,3,OBJECT_REUSE,HOST_REGIONAL_NURSERY,3,KANTO_INDOOR_PALLET_TOWN_PROFESSOR_OAKS_LAB_OBJECT_03_STUB,ACQ_HOST_SCRIPT_HOST_REGIONAL_NURSERY,11,10,3,OBJ_EVENT_GFX_SCIENTIST,MOVEMENT_TYPE_LOOK_AROUND,10,10,UNLOCK_REGIONAL_NURSERY,target evolution not registered OR enabling form not claimed,TALK_OR_EXAMINE_EXISTING_HOST,CHECK_UNLOCK|CHECK_LEDGER|OFFER|PREPARE|EXECUTE|COMMIT|RETRY|FULL|DONE,DIALOGUE_EVENT_REGIONAL_EGG_1401,EGG,,REWARD_EVENT_REGIONAL_EGG_1401,LEDGER_BIT_EVENT_REGIONAL_EGG_1401,VAR_KEY_ACQUISITION_SELECTION,CLAIM_ENABLING_FORM_1401,failure/cancel/reset rollback; success ledger commit,capture: normal storage check; gift/egg: party then PC then queue,do not begin/consume/commit; show FULL and remain available,never hard-block on RTC; use ecology radar fixed-day/night selector,STANDARD_MESSAGE_YESNO_LIST_PARTY_PC,ACQ_RUNTIME_EGG,scripts/build_acquisition_content.py,generated/map_scripts/HOST_REGIONAL_NURSERY.inc + generated/acquisition_event_defs.c,READY_TO_INTEGRATE,READY_TO_SERIALIZE; object delta=0; before=10; after=10,TEST_EVENT_REGIONAL_EGG_1401_UNLOCK|_CANCEL|_RESET|_FULL|_SUCCESS|_DUPLICATE,ARC_REGIONAL_NURSERY: 完成数には加算せず、分岐進化の入口として一度だけ受取。
EVENT_REGIONAL_EGG_1406,ARC_REGIONAL_NURSERY,SPECIES_KEY_CORSOLA_G,KANTO,K47,KANTO_INDOOR_PALLET_TOWN_PROFESSOR_OAKS_LAB,98,3,OBJECT_REUSE,HOST_REGIONAL_NURSERY,3,KANTO_INDOOR_PALLET_TOWN_PROFESSOR_OAKS_LAB_OBJECT_03_STUB,ACQ_HOST_SCRIPT_HOST_REGIONAL_NURSERY,11,10,3,OBJ_EVENT_GFX_SCIENTIST,MOVEMENT_TYPE_LOOK_AROUND,10,10,UNLOCK_REGIONAL_NURSERY,target evolution not registered OR enabling form not claimed,TALK_OR_EXAMINE_EXISTING_HOST,CHECK_UNLOCK|CHECK_LEDGER|OFFER|PREPARE|EXECUTE|COMMIT|RETRY|FULL|DONE,DIALOGUE_EVENT_REGIONAL_EGG_1406,EGG,,REWARD_EVENT_REGIONAL_EGG_1406,LEDGER_BIT_EVENT_REGIONAL_EGG_1406,VAR_KEY_ACQUISITION_SELECTION,CLAIM_ENABLING_FORM_1406,failure/cancel/reset rollback; success ledger commit,capture: normal storage check; gift/egg: party then PC then queue,do not begin/consume/commit; show FULL and remain available,never hard-block on RTC; use ecology radar fixed-day/night selector,STANDARD_MESSAGE_YESNO_LIST_PARTY_PC,ACQ_RUNTIME_EGG,scripts/build_acquisition_content.py,generated/map_scripts/HOST_REGIONAL_NURSERY.inc + generated/acquisition_event_defs.c,READY_TO_INTEGRATE,READY_TO_SERIALIZE; object delta=0; before=10; after=10,TEST_EVENT_REGIONAL_EGG_1406_UNLOCK|_CANCEL|_RESET|_FULL|_SUCCESS|_DUPLICATE,ARC_REGIONAL_NURSERY: 完成数には加算せず、分岐進化の入口として一度だけ受取。
EVENT_REGIONAL_EGG_1408,ARC_REGIONAL_NURSERY,SPECIES_KEY_LINOONE_G,KANTO,K47,KANTO_INDOOR_PALLET_TOWN_PROFESSOR_OAKS_LAB,98,3,OBJECT_REUSE,HOST_REGIONAL_NURSERY,3,KANTO_INDOOR_PALLET_TOWN_PROFESSOR_OAKS_LAB_OBJECT_03_STUB,ACQ_HOST_SCRIPT_HOST_REGIONAL_NURSERY,11,10,3,OBJ_EVENT_GFX_SCIENTIST,MOVEMENT_TYPE_LOOK_AROUND,10,10,UNLOCK_REGIONAL_NURSERY,target evolution not registered OR enabling form not claimed,TALK_OR_EXAMINE_EXISTING_HOST,CHECK_UNLOCK|CHECK_LEDGER|OFFER|PREPARE|EXECUTE|COMMIT|RETRY|FULL|DONE,DIALOGUE_EVENT_REGIONAL_EGG_1408,EGG,,REWARD_EVENT_REGIONAL_EGG_1408,LEDGER_BIT_EVENT_REGIONAL_EGG_1408,VAR_KEY_ACQUISITION_SELECTION,CLAIM_ENABLING_FORM_1408,failure/cancel/reset rollback; success ledger commit,capture: normal storage check; gift/egg: party then PC then queue,do not begin/consume/commit; show FULL and remain available,never hard-block on RTC; use ecology radar fixed-day/night selector,STANDARD_MESSAGE_YESNO_LIST_PARTY_PC,ACQ_RUNTIME_EGG,scripts/build_acquisition_content.py,generated/map_scripts/HOST_REGIONAL_NURSERY.inc + generated/acquisition_event_defs.c,READY_TO_INTEGRATE,READY_TO_SERIALIZE; object delta=0; before=10; after=10,TEST_EVENT_REGIONAL_EGG_1408_UNLOCK|_CANCEL|_RESET|_FULL|_SUCCESS|_DUPLICATE,ARC_REGIONAL_NURSERY: 完成数には加算せず、分岐進化の入口として一度だけ受取。
EVENT_REGIONAL_EGG_1413,ARC_REGIONAL_NURSERY,SPECIES_KEY_YAMASK_G,KANTO,K47,KANTO_INDOOR_PALLET_TOWN_PROFESSOR_OAKS_LAB,98,3,OBJECT_REUSE,HOST_REGIONAL_NURSERY,3,KANTO_INDOOR_PALLET_TOWN_PROFESSOR_OAKS_LAB_OBJECT_03_STUB,ACQ_HOST_SCRIPT_HOST_REGIONAL_NURSERY,11,10,3,OBJ_EVENT_GFX_SCIENTIST,MOVEMENT_TYPE_LOOK_AROUND,10,10,UNLOCK_REGIONAL_NURSERY,target evolution not registered OR enabling form not claimed,TALK_OR_EXAMINE_EXISTING_HOST,CHECK_UNLOCK|CHECK_LEDGER|OFFER|PREPARE|EXECUTE|COMMIT|RETRY|FULL|DONE,DIALOGUE_EVENT_REGIONAL_EGG_1413,EGG,,REWARD_EVENT_REGIONAL_EGG_1413,LEDGER_BIT_EVENT_REGIONAL_EGG_1413,VAR_KEY_ACQUISITION_SELECTION,CLAIM_ENABLING_FORM_1413,failure/cancel/reset rollback; success ledger commit,capture: normal storage check; gift/egg: party then PC then queue,do not begin/consume/commit; show FULL and remain available,never hard-block on RTC; use ecology radar fixed-day/night selector,STANDARD_MESSAGE_YESNO_LIST_PARTY_PC,ACQ_RUNTIME_EGG,scripts/build_acquisition_content.py,generated/map_scripts/HOST_REGIONAL_NURSERY.inc + generated/acquisition_event_defs.c,READY_TO_INTEGRATE,READY_TO_SERIALIZE; object delta=0; before=10; after=10,TEST_EVENT_REGIONAL_EGG_1413_UNLOCK|_CANCEL|_RESET|_FULL|_SUCCESS|_DUPLICATE,ARC_REGIONAL_NURSERY: 完成数には加算せず、分岐進化の入口として一度だけ受取。
EVENT_REGIONAL_EGG_1420,ARC_REGIONAL_NURSERY,SPECIES_KEY_QWILFISH_H,KANTO,K47,KANTO_INDOOR_PALLET_TOWN_PROFESSOR_OAKS_LAB,98,3,OBJECT_REUSE,HOST_REGIONAL_NURSERY,3,KANTO_INDOOR_PALLET_TOWN_PROFESSOR_OAKS_LAB_OBJECT_03_STUB,ACQ_HOST_SCRIPT_HOST_REGIONAL_NURSERY,11,10,3,OBJ_EVENT_GFX_SCIENTIST,MOVEMENT_TYPE_LOOK_AROUND,10,10,UNLOCK_REGIONAL_NURSERY,target evolution not registered OR enabling form not claimed,TALK_OR_EXAMINE_EXISTING_HOST,CHECK_UNLOCK|CHECK_LEDGER|OFFER|PREPARE|EXECUTE|COMMIT|RETRY|FULL|DONE,DIALOGUE_EVENT_REGIONAL_EGG_1420,EGG,,REWARD_EVENT_REGIONAL_EGG_1420,LEDGER_BIT_EVENT_REGIONAL_EGG_1420,VAR_KEY_ACQUISITION_SELECTION,CLAIM_ENABLING_FORM_1420,failure/cancel/reset rollback; success ledger commit,capture: normal storage check; gift/egg: party then PC then queue,do not begin/consume/commit; show FULL and remain available,never hard-block on RTC; use ecology radar fixed-day/night selector,STANDARD_MESSAGE_YESNO_LIST_PARTY_PC,ACQ_RUNTIME_EGG,scripts/build_acquisition_content.py,generated/map_scripts/HOST_REGIONAL_NURSERY.inc + generated/acquisition_event_defs.c,READY_TO_INTEGRATE,READY_TO_SERIALIZE; object delta=0; before=10; after=10,TEST_EVENT_REGIONAL_EGG_1420_UNLOCK|_CANCEL|_RESET|_FULL|_SUCCESS|_DUPLICATE,ARC_REGIONAL_NURSERY: 完成数には加算せず、分岐進化の入口として一度だけ受取。
EVENT_REGIONAL_EGG_1421,ARC_REGIONAL_NURSERY,SPECIES_KEY_SNEASEL_H,KANTO,K47,KANTO_INDOOR_PALLET_TOWN_PROFESSOR_OAKS_LAB,98,3,OBJECT_REUSE,HOST_REGIONAL_NURSERY,3,KANTO_INDOOR_PALLET_TOWN_PROFESSOR_OAKS_LAB_OBJECT_03_STUB,ACQ_HOST_SCRIPT_HOST_REGIONAL_NURSERY,11,10,3,OBJ_EVENT_GFX_SCIENTIST,MOVEMENT_TYPE_LOOK_AROUND,10,10,UNLOCK_REGIONAL_NURSERY,target evolution not registered OR enabling form not claimed,TALK_OR_EXAMINE_EXISTING_HOST,CHECK_UNLOCK|CHECK_LEDGER|OFFER|PREPARE|EXECUTE|COMMIT|RETRY|FULL|DONE,DIALOGUE_EVENT_REGIONAL_EGG_1421,EGG,,REWARD_EVENT_REGIONAL_EGG_1421,LEDGER_BIT_EVENT_REGIONAL_EGG_1421,VAR_KEY_ACQUISITION_SELECTION,CLAIM_ENABLING_FORM_1421,failure/cancel/reset rollback; success ledger commit,capture: normal storage check; gift/egg: party then PC then queue,do not begin/consume/commit; show FULL and remain available,never hard-block on RTC; use ecology radar fixed-day/night selector,STANDARD_MESSAGE_YESNO_LIST_PARTY_PC,ACQ_RUNTIME_EGG,scripts/build_acquisition_content.py,generated/map_scripts/HOST_REGIONAL_NURSERY.inc + generated/acquisition_event_defs.c,READY_TO_INTEGRATE,READY_TO_SERIALIZE; object delta=0; before=10; after=10,TEST_EVENT_REGIONAL_EGG_1421_UNLOCK|_CANCEL|_RESET|_FULL|_SUCCESS|_DUPLICATE,ARC_REGIONAL_NURSERY: 完成数には加算せず、分岐進化の入口として一度だけ受取。
EVENT_REGIONAL_EGG_1424,ARC_REGIONAL_NURSERY,SPECIES_KEY_BASCULIN_H,KANTO,K47,KANTO_INDOOR_PALLET_TOWN_PROFESSOR_OAKS_LAB,98,3,OBJECT_REUSE,HOST_REGIONAL_NURSERY,3,KANTO_INDOOR_PALLET_TOWN_PROFESSOR_OAKS_LAB_OBJECT_03_STUB,ACQ_HOST_SCRIPT_HOST_REGIONAL_NURSERY,11,10,3,OBJ_EVENT_GFX_SCIENTIST,MOVEMENT_TYPE_LOOK_AROUND,10,10,UNLOCK_REGIONAL_NURSERY,target evolution not registered OR enabling form not claimed,TALK_OR_EXAMINE_EXISTING_HOST,CHECK_UNLOCK|CHECK_LEDGER|OFFER|PREPARE|EXECUTE|COMMIT|RETRY|FULL|DONE,DIALOGUE_EVENT_REGIONAL_EGG_1424,EGG,,REWARD_EVENT_REGIONAL_EGG_1424,LEDGER_BIT_EVENT_REGIONAL_EGG_1424,VAR_KEY_ACQUISITION_SELECTION,CLAIM_ENABLING_FORM_1424,failure/cancel/reset rollback; success ledger commit,capture: normal storage check; gift/egg: party then PC then queue,do not begin/consume/commit; show FULL and remain available,never hard-block on RTC; use ecology radar fixed-day/night selector,STANDARD_MESSAGE_YESNO_LIST_PARTY_PC,ACQ_RUNTIME_EGG,scripts/build_acquisition_content.py,generated/map_scripts/HOST_REGIONAL_NURSERY.inc + generated/acquisition_event_defs.c,READY_TO_INTEGRATE,READY_TO_SERIALIZE; object delta=0; before=10; after=10,TEST_EVENT_REGIONAL_EGG_1424_UNLOCK|_CANCEL|_RESET|_FULL|_SUCCESS|_DUPLICATE,ARC_REGIONAL_NURSERY: 完成数には加算せず、分岐進化の入口として一度だけ受取。
EVENT_REGIONAL_EGG_1593,ARC_REGIONAL_NURSERY,SPECIES_KEY_WOOPER_P,KANTO,K47,KANTO_INDOOR_PALLET_TOWN_PROFESSOR_OAKS_LAB,98,3,OBJECT_REUSE,HOST_REGIONAL_NURSERY,3,KANTO_INDOOR_PALLET_TOWN_PROFESSOR_OAKS_LAB_OBJECT_03_STUB,ACQ_HOST_SCRIPT_HOST_REGIONAL_NURSERY,11,10,3,OBJ_EVENT_GFX_SCIENTIST,MOVEMENT_TYPE_LOOK_AROUND,10,10,UNLOCK_REGIONAL_NURSERY,target evolution not registered OR enabling form not claimed,TALK_OR_EXAMINE_EXISTING_HOST,CHECK_UNLOCK|CHECK_LEDGER|OFFER|PREPARE|EXECUTE|COMMIT|RETRY|FULL|DONE,DIALOGUE_EVENT_REGIONAL_EGG_1593,EGG,,REWARD_EVENT_REGIONAL_EGG_1593,LEDGER_BIT_EVENT_REGIONAL_EGG_1593,VAR_KEY_ACQUISITION_SELECTION,CLAIM_ENABLING_FORM_1593,failure/cancel/reset rollback; success ledger commit,capture: normal storage check; gift/egg: party then PC then queue,do not begin/consume/commit; show FULL and remain available,never hard-block on RTC; use ecology radar fixed-day/night selector,STANDARD_MESSAGE_YESNO_LIST_PARTY_PC,ACQ_RUNTIME_EGG,scripts/build_acquisition_content.py,generated/map_scripts/HOST_REGIONAL_NURSERY.inc + generated/acquisition_event_defs.c,READY_TO_INTEGRATE,READY_TO_SERIALIZE; object delta=0; before=10; after=10,TEST_EVENT_REGIONAL_EGG_1593_UNLOCK|_CANCEL|_RESET|_FULL|_SUCCESS|_DUPLICATE,ARC_REGIONAL_NURSERY: 完成数には加算せず、分岐進化の入口として一度だけ受取。
EVENT_FOSSIL_RESTORE_NATIONAL_0138,ARC_FOSSIL_RESEARCH,SPECIES_KEY_OMANYTE,KANTO,K45,KANTO_INDOOR_CINNABAR_ISLAND_POKEMON_LAB_EXPERIMENT_ROOM,98,76,OBJECT_REUSE,HOST_FOSSIL_LAB,1,KANTO_INDOOR_CINNABAR_ISLAND_POKEMON_LAB_EXPERIMENT_ROOM_OBJECT_01_STUB,ACQ_HOST_SCRIPT_HOST_FOSSIL_LAB,11,8,3,OBJ_EVENT_GFX_BOY,MOVEMENT_TYPE_FACE_UP,2,2,UNLOCK_FOSSIL_SERVICE,bag has ITEM_KEY_ACQ_FOSSIL_NATIONAL_0138,TALK_OR_EXAMINE_EXISTING_HOST,CHECK_UNLOCK|CHECK_LEDGER|OFFER|PREPARE|EXECUTE|COMMIT|RETRY|FULL|DONE,DIALOGUE_EVENT_FOSSIL_RESTORE_NATIONAL_0138,FOSSIL,,REWARD_EVENT_FOSSIL_RESTORE_NATIONAL_0138,LEDGER_BIT_EVENT_FOSSIL_RESTORE_NATIONAL_0138,VAR_KEY_ACQUISITION_SELECTION,CLAIM_FOSSIL_NATIONAL_0138,failure/cancel/reset rollback; success ledger commit,capture: normal storage check; gift/egg: party then PC then queue,do not begin/consume/commit; show FULL and remain available,never hard-block on RTC; use ecology radar fixed-day/night selector,STANDARD_MESSAGE_YESNO_LIST_PARTY_PC,ACQ_RUNTIME_FOSSIL,scripts/build_acquisition_content.py,generated/map_scripts/HOST_FOSSIL_LAB.inc + generated/acquisition_event_defs.c,READY_TO_INTEGRATE,READY_TO_SERIALIZE; object delta=0; before=2; after=2,TEST_EVENT_FOSSIL_RESTORE_NATIONAL_0138_UNLOCK|_CANCEL|_RESET|_FULL|_SUCCESS|_DUPLICATE,ARC_FOSSIL_RESEARCH: 化石はちえのどうくつ／いわくだき／採掘依頼で反復入手。ガラル化石は2部品合成。
EVENT_FOSSIL_RESTORE_NATIONAL_0140,ARC_FOSSIL_RESEARCH,SPECIES_KEY_KABUTO,KANTO,K45,KANTO_INDOOR_CINNABAR_ISLAND_POKEMON_LAB_EXPERIMENT_ROOM,98,76,OBJECT_REUSE,HOST_FOSSIL_LAB,1,KANTO_INDOOR_CINNABAR_ISLAND_POKEMON_LAB_EXPERIMENT_ROOM_OBJECT_01_STUB,ACQ_HOST_SCRIPT_HOST_FOSSIL_LAB,11,8,3,OBJ_EVENT_GFX_BOY,MOVEMENT_TYPE_FACE_UP,2,2,UNLOCK_FOSSIL_SERVICE,bag has ITEM_KEY_ACQ_FOSSIL_NATIONAL_0140,TALK_OR_EXAMINE_EXISTING_HOST,CHECK_UNLOCK|CHECK_LEDGER|OFFER|PREPARE|EXECUTE|COMMIT|RETRY|FULL|DONE,DIALOGUE_EVENT_FOSSIL_RESTORE_NATIONAL_0140,FOSSIL,,REWARD_EVENT_FOSSIL_RESTORE_NATIONAL_0140,LEDGER_BIT_EVENT_FOSSIL_RESTORE_NATIONAL_0140,VAR_KEY_ACQUISITION_SELECTION,CLAIM_FOSSIL_NATIONAL_0140,failure/cancel/reset rollback; success ledger commit,capture: normal storage check; gift/egg: party then PC then queue,do not begin/consume/commit; show FULL and remain available,never hard-block on RTC; use ecology radar fixed-day/night selector,STANDARD_MESSAGE_YESNO_LIST_PARTY_PC,ACQ_RUNTIME_FOSSIL,scripts/build_acquisition_content.py,generated/map_scripts/HOST_FOSSIL_LAB.inc + generated/acquisition_event_defs.c,READY_TO_INTEGRATE,READY_TO_SERIALIZE; object delta=0; before=2; after=2,TEST_EVENT_FOSSIL_RESTORE_NATIONAL_0140_UNLOCK|_CANCEL|_RESET|_FULL|_SUCCESS|_DUPLICATE,ARC_FOSSIL_RESEARCH: 化石はちえのどうくつ／いわくだき／採掘依頼で反復入手。ガラル化石は2部品合成。
EVENT_FOSSIL_RESTORE_NATIONAL_0347,ARC_FOSSIL_RESEARCH,SPECIES_KEY_ANORITH,KANTO,K45,KANTO_INDOOR_CINNABAR_ISLAND_POKEMON_LAB_EXPERIMENT_ROOM,98,76,OBJECT_REUSE,HOST_FOSSIL_LAB,1,KANTO_INDOOR_CINNABAR_ISLAND_POKEMON_LAB_EXPERIMENT_ROOM_OBJECT_01_STUB,ACQ_HOST_SCRIPT_HOST_FOSSIL_LAB,11,8,3,OBJ_EVENT_GFX_BOY,MOVEMENT_TYPE_FACE_UP,2,2,UNLOCK_FOSSIL_SERVICE,bag has ITEM_KEY_ACQ_FOSSIL_NATIONAL_0347,TALK_OR_EXAMINE_EXISTING_HOST,CHECK_UNLOCK|CHECK_LEDGER|OFFER|PREPARE|EXECUTE|COMMIT|RETRY|FULL|DONE,DIALOGUE_EVENT_FOSSIL_RESTORE_NATIONAL_0347,FOSSIL,,REWARD_EVENT_FOSSIL_RESTORE_NATIONAL_0347,LEDGER_BIT_EVENT_FOSSIL_RESTORE_NATIONAL_0347,VAR_KEY_ACQUISITION_SELECTION,CLAIM_FOSSIL_NATIONAL_0347,failure/cancel/reset rollback; success ledger commit,capture: normal storage check; gift/egg: party then PC then queue,do not begin/consume/commit; show FULL and remain available,never hard-block on RTC; use ecology radar fixed-day/night selector,STANDARD_MESSAGE_YESNO_LIST_PARTY_PC,ACQ_RUNTIME_FOSSIL,scripts/build_acquisition_content.py,generated/map_scripts/HOST_FOSSIL_LAB.inc + generated/acquisition_event_defs.c,READY_TO_INTEGRATE,READY_TO_SERIALIZE; object delta=0; before=2; after=2,TEST_EVENT_FOSSIL_RESTORE_NATIONAL_0347_UNLOCK|_CANCEL|_RESET|_FULL|_SUCCESS|_DUPLICATE,ARC_FOSSIL_RESEARCH: 化石はちえのどうくつ／いわくだき／採掘依頼で反復入手。ガラル化石は2部品合成。
EVENT_FOSSIL_RESTORE_NATIONAL_0408,ARC_FOSSIL_RESEARCH,SPECIES_KEY_CRANIDOS,KANTO,K45,KANTO_INDOOR_CINNABAR_ISLAND_POKEMON_LAB_EXPERIMENT_ROOM,98,76,OBJECT_REUSE,HOST_FOSSIL_LAB,1,KANTO_INDOOR_CINNABAR_ISLAND_POKEMON_LAB_EXPERIMENT_ROOM_OBJECT_01_STUB,ACQ_HOST_SCRIPT_HOST_FOSSIL_LAB,11,8,3,OBJ_EVENT_GFX_BOY,MOVEMENT_TYPE_FACE_UP,2,2,UNLOCK_FOSSIL_SERVICE,bag has ITEM_KEY_ACQ_FOSSIL_NATIONAL_0408,TALK_OR_EXAMINE_EXISTING_HOST,CHECK_UNLOCK|CHECK_LEDGER|OFFER|PREPARE|EXECUTE|COMMIT|RETRY|FULL|DONE,DIALOGUE_EVENT_FOSSIL_RESTORE_NATIONAL_0408,FOSSIL,,REWARD_EVENT_FOSSIL_RESTORE_NATIONAL_0408,LEDGER_BIT_EVENT_FOSSIL_RESTORE_NATIONAL_0408,VAR_KEY_ACQUISITION_SELECTION,CLAIM_FOSSIL_NATIONAL_0408,failure/cancel/reset rollback; success ledger commit,capture: normal storage check; gift/egg: party then PC then queue,do not begin/consume/commit; show FULL and remain available,never hard-block on RTC; use ecology radar fixed-day/night selector,STANDARD_MESSAGE_YESNO_LIST_PARTY_PC,ACQ_RUNTIME_FOSSIL,scripts/build_acquisition_content.py,generated/map_scripts/HOST_FOSSIL_LAB.inc + generated/acquisition_event_defs.c,READY_TO_INTEGRATE,READY_TO_SERIALIZE; object delta=0; before=2; after=2,TEST_EVENT_FOSSIL_RESTORE_NATIONAL_0408_UNLOCK|_CANCEL|_RESET|_FULL|_SUCCESS|_DUPLICATE,ARC_FOSSIL_RESEARCH: 化石はちえのどうくつ／いわくだき／採掘依頼で反復入手。ガラル化石は2部品合成。
EVENT_FOSSIL_RESTORE_NATIONAL_0410,ARC_FOSSIL_RESEARCH,SPECIES_KEY_SHIELDON,KANTO,K45,KANTO_INDOOR_CINNABAR_ISLAND_POKEMON_LAB_EXPERIMENT_ROOM,98,76,OBJECT_REUSE,HOST_FOSSIL_LAB,1,KANTO_INDOOR_CINNABAR_ISLAND_POKEMON_LAB_EXPERIMENT_ROOM_OBJECT_01_STUB,ACQ_HOST_SCRIPT_HOST_FOSSIL_LAB,11,8,3,OBJ_EVENT_GFX_BOY,MOVEMENT_TYPE_FACE_UP,2,2,UNLOCK_FOSSIL_SERVICE,bag has ITEM_KEY_ACQ_FOSSIL_NATIONAL_0410,TALK_OR_EXAMINE_EXISTING_HOST,CHECK_UNLOCK|CHECK_LEDGER|OFFER|PREPARE|EXECUTE|COMMIT|RETRY|FULL|DONE,DIALOGUE_EVENT_FOSSIL_RESTORE_NATIONAL_0410,FOSSIL,,REWARD_EVENT_FOSSIL_RESTORE_NATIONAL_0410,LEDGER_BIT_EVENT_FOSSIL_RESTORE_NATIONAL_0410,VAR_KEY_ACQUISITION_SELECTION,CLAIM_FOSSIL_NATIONAL_0410,failure/cancel/reset rollback; success ledger commit,capture: normal storage check; gift/egg: party then PC then queue,do not begin/consume/commit; show FULL and remain available,never hard-block on RTC; use ecology radar fixed-day/night selector,STANDARD_MESSAGE_YESNO_LIST_PARTY_PC,ACQ_RUNTIME_FOSSIL,scripts/build_acquisition_content.py,generated/map_scripts/HOST_FOSSIL_LAB.inc + generated/acquisition_event_defs.c,READY_TO_INTEGRATE,READY_TO_SERIALIZE; object delta=0; before=2; after=2,TEST_EVENT_FOSSIL_RESTORE_NATIONAL_0410_UNLOCK|_CANCEL|_RESET|_FULL|_SUCCESS|_DUPLICATE,ARC_FOSSIL_RESEARCH: 化石はちえのどうくつ／いわくだき／採掘依頼で反復入手。ガラル化石は2部品合成。
EVENT_FOSSIL_RESTORE_NATIONAL_0564,ARC_FOSSIL_RESEARCH,SPECIES_KEY_TIRTOUGA,KANTO,K45,KANTO_INDOOR_CINNABAR_ISLAND_POKEMON_LAB_EXPERIMENT_ROOM,98,76,OBJECT_REUSE,HOST_FOSSIL_LAB,1,KANTO_INDOOR_CINNABAR_ISLAND_POKEMON_LAB_EXPERIMENT_ROOM_OBJECT_01_STUB,ACQ_HOST_SCRIPT_HOST_FOSSIL_LAB,11,8,3,OBJ_EVENT_GFX_BOY,MOVEMENT_TYPE_FACE_UP,2,2,UNLOCK_FOSSIL_SERVICE,bag has ITEM_KEY_ACQ_FOSSIL_NATIONAL_0564,TALK_OR_EXAMINE_EXISTING_HOST,CHECK_UNLOCK|CHECK_LEDGER|OFFER|PREPARE|EXECUTE|COMMIT|RETRY|FULL|DONE,DIALOGUE_EVENT_FOSSIL_RESTORE_NATIONAL_0564,FOSSIL,,REWARD_EVENT_FOSSIL_RESTORE_NATIONAL_0564,LEDGER_BIT_EVENT_FOSSIL_RESTORE_NATIONAL_0564,VAR_KEY_ACQUISITION_SELECTION,CLAIM_FOSSIL_NATIONAL_0564,failure/cancel/reset rollback; success ledger commit,capture: normal storage check; gift/egg: party then PC then queue,do not begin/consume/commit; show FULL and remain available,never hard-block on RTC; use ecology radar fixed-day/night selector,STANDARD_MESSAGE_YESNO_LIST_PARTY_PC,ACQ_RUNTIME_FOSSIL,scripts/build_acquisition_content.py,generated/map_scripts/HOST_FOSSIL_LAB.inc + generated/acquisition_event_defs.c,READY_TO_INTEGRATE,READY_TO_SERIALIZE; object delta=0; before=2; after=2,TEST_EVENT_FOSSIL_RESTORE_NATIONAL_0564_UNLOCK|_CANCEL|_RESET|_FULL|_SUCCESS|_DUPLICATE,ARC_FOSSIL_RESEARCH: 化石はちえのどうくつ／いわくだき／採掘依頼で反復入手。ガラル化石は2部品合成。
EVENT_FOSSIL_RESTORE_NATIONAL_0566,ARC_FOSSIL_RESEARCH,SPECIES_KEY_ARCHEN,KANTO,K45,KANTO_INDOOR_CINNABAR_ISLAND_POKEMON_LAB_EXPERIMENT_ROOM,98,76,OBJECT_REUSE,HOST_FOSSIL_LAB,1,KANTO_INDOOR_CINNABAR_ISLAND_POKEMON_LAB_EXPERIMENT_ROOM_OBJECT_01_STUB,ACQ_HOST_SCRIPT_HOST_FOSSIL_LAB,11,8,3,OBJ_EVENT_GFX_BOY,MOVEMENT_TYPE_FACE_UP,2,2,UNLOCK_FOSSIL_SERVICE,bag has ITEM_KEY_ACQ_FOSSIL_NATIONAL_0566,TALK_OR_EXAMINE_EXISTING_HOST,CHECK_UNLOCK|CHECK_LEDGER|OFFER|PREPARE|EXECUTE|COMMIT|RETRY|FULL|DONE,DIALOGUE_EVENT_FOSSIL_RESTORE_NATIONAL_0566,FOSSIL,,REWARD_EVENT_FOSSIL_RESTORE_NATIONAL_0566,LEDGER_BIT_EVENT_FOSSIL_RESTORE_NATIONAL_0566,VAR_KEY_ACQUISITION_SELECTION,CLAIM_FOSSIL_NATIONAL_0566,failure/cancel/reset rollback; success ledger commit,capture: normal storage check; gift/egg: party then PC then queue,do not begin/consume/commit; show FULL and remain available,never hard-block on RTC; use ecology radar fixed-day/night selector,STANDARD_MESSAGE_YESNO_LIST_PARTY_PC,ACQ_RUNTIME_FOSSIL,scripts/build_acquisition_content.py,generated/map_scripts/HOST_FOSSIL_LAB.inc + generated/acquisition_event_defs.c,READY_TO_INTEGRATE,READY_TO_SERIALIZE; object delta=0; before=2; after=2,TEST_EVENT_FOSSIL_RESTORE_NATIONAL_0566_UNLOCK|_CANCEL|_RESET|_FULL|_SUCCESS|_DUPLICATE,ARC_FOSSIL_RESEARCH: 化石はちえのどうくつ／いわくだき／採掘依頼で反復入手。ガラル化石は2部品合成。
EVENT_FOSSIL_RESTORE_NATIONAL_0696,ARC_FOSSIL_RESEARCH,SPECIES_KEY_TYRUNT,KANTO,K45,KANTO_INDOOR_CINNABAR_ISLAND_POKEMON_LAB_EXPERIMENT_ROOM,98,76,OBJECT_REUSE,HOST_FOSSIL_LAB,1,KANTO_INDOOR_CINNABAR_ISLAND_POKEMON_LAB_EXPERIMENT_ROOM_OBJECT_01_STUB,ACQ_HOST_SCRIPT_HOST_FOSSIL_LAB,11,8,3,OBJ_EVENT_GFX_BOY,MOVEMENT_TYPE_FACE_UP,2,2,UNLOCK_FOSSIL_SERVICE,bag has ITEM_KEY_ACQ_FOSSIL_NATIONAL_0696,TALK_OR_EXAMINE_EXISTING_HOST,CHECK_UNLOCK|CHECK_LEDGER|OFFER|PREPARE|EXECUTE|COMMIT|RETRY|FULL|DONE,DIALOGUE_EVENT_FOSSIL_RESTORE_NATIONAL_0696,FOSSIL,,REWARD_EVENT_FOSSIL_RESTORE_NATIONAL_0696,LEDGER_BIT_EVENT_FOSSIL_RESTORE_NATIONAL_0696,VAR_KEY_ACQUISITION_SELECTION,CLAIM_FOSSIL_NATIONAL_0696,failure/cancel/reset rollback; success ledger commit,capture: normal storage check; gift/egg: party then PC then queue,do not begin/consume/commit; show FULL and remain available,never hard-block on RTC; use ecology radar fixed-day/night selector,STANDARD_MESSAGE_YESNO_LIST_PARTY_PC,ACQ_RUNTIME_FOSSIL,scripts/build_acquisition_content.py,generated/map_scripts/HOST_FOSSIL_LAB.inc + generated/acquisition_event_defs.c,READY_TO_INTEGRATE,READY_TO_SERIALIZE; object delta=0; before=2; after=2,TEST_EVENT_FOSSIL_RESTORE_NATIONAL_0696_UNLOCK|_CANCEL|_RESET|_FULL|_SUCCESS|_DUPLICATE,ARC_FOSSIL_RESEARCH: 化石はちえのどうくつ／いわくだき／採掘依頼で反復入手。ガラル化石は2部品合成。
EVENT_FOSSIL_RESTORE_NATIONAL_0698,ARC_FOSSIL_RESEARCH,SPECIES_KEY_AMAURA,KANTO,K45,KANTO_INDOOR_CINNABAR_ISLAND_POKEMON_LAB_EXPERIMENT_ROOM,98,76,OBJECT_REUSE,HOST_FOSSIL_LAB,1,KANTO_INDOOR_CINNABAR_ISLAND_POKEMON_LAB_EXPERIMENT_ROOM_OBJECT_01_STUB,ACQ_HOST_SCRIPT_HOST_FOSSIL_LAB,11,8,3,OBJ_EVENT_GFX_BOY,MOVEMENT_TYPE_FACE_UP,2,2,UNLOCK_FOSSIL_SERVICE,bag has ITEM_KEY_ACQ_FOSSIL_NATIONAL_0698,TALK_OR_EXAMINE_EXISTING_HOST,CHECK_UNLOCK|CHECK_LEDGER|OFFER|PREPARE|EXECUTE|COMMIT|RETRY|FULL|DONE,DIALOGUE_EVENT_FOSSIL_RESTORE_NATIONAL_0698,FOSSIL,,REWARD_EVENT_FOSSIL_RESTORE_NATIONAL_0698,LEDGER_BIT_EVENT_FOSSIL_RESTORE_NATIONAL_0698,VAR_KEY_ACQUISITION_SELECTION,CLAIM_FOSSIL_NATIONAL_0698,failure/cancel/reset rollback; success ledger commit,capture: normal storage check; gift/egg: party then PC then queue,do not begin/consume/commit; show FULL and remain available,never hard-block on RTC; use ecology radar fixed-day/night selector,STANDARD_MESSAGE_YESNO_LIST_PARTY_PC,ACQ_RUNTIME_FOSSIL,scripts/build_acquisition_content.py,generated/map_scripts/HOST_FOSSIL_LAB.inc + generated/acquisition_event_defs.c,READY_TO_INTEGRATE,READY_TO_SERIALIZE; object delta=0; before=2; after=2,TEST_EVENT_FOSSIL_RESTORE_NATIONAL_0698_UNLOCK|_CANCEL|_RESET|_FULL|_SUCCESS|_DUPLICATE,ARC_FOSSIL_RESEARCH: 化石はちえのどうくつ／いわくだき／採掘依頼で反復入手。ガラル化石は2部品合成。
EVENT_FOSSIL_RESTORE_NATIONAL_0880,ARC_FOSSIL_RESEARCH,SPECIES_KEY_DRACOZOLT,KANTO,K45,KANTO_INDOOR_CINNABAR_ISLAND_POKEMON_LAB_EXPERIMENT_ROOM,98,76,OBJECT_REUSE,HOST_FOSSIL_LAB,1,KANTO_INDOOR_CINNABAR_ISLAND_POKEMON_LAB_EXPERIMENT_ROOM_OBJECT_01_STUB,ACQ_HOST_SCRIPT_HOST_FOSSIL_LAB,11,8,3,OBJ_EVENT_GFX_BOY,MOVEMENT_TYPE_FACE_UP,2,2,UNLOCK_FOSSIL_SERVICE,bag has ITEM_KEY_ACQ_FOSSIL_NATIONAL_0880,TALK_OR_EXAMINE_EXISTING_HOST,CHECK_UNLOCK|CHECK_LEDGER|OFFER|PREPARE|EXECUTE|COMMIT|RETRY|FULL|DONE,DIALOGUE_EVENT_FOSSIL_RESTORE_NATIONAL_0880,FOSSIL,,REWARD_EVENT_FOSSIL_RESTORE_NATIONAL_0880,LEDGER_BIT_EVENT_FOSSIL_RESTORE_NATIONAL_0880,VAR_KEY_ACQUISITION_SELECTION,CLAIM_FOSSIL_NATIONAL_0880,failure/cancel/reset rollback; success ledger commit,capture: normal storage check; gift/egg: party then PC then queue,do not begin/consume/commit; show FULL and remain available,never hard-block on RTC; use ecology radar fixed-day/night selector,STANDARD_MESSAGE_YESNO_LIST_PARTY_PC,ACQ_RUNTIME_FOSSIL,scripts/build_acquisition_content.py,generated/map_scripts/HOST_FOSSIL_LAB.inc + generated/acquisition_event_defs.c,READY_TO_INTEGRATE,READY_TO_SERIALIZE; object delta=0; before=2; after=2,TEST_EVENT_FOSSIL_RESTORE_NATIONAL_0880_UNLOCK|_CANCEL|_RESET|_FULL|_SUCCESS|_DUPLICATE,ARC_FOSSIL_RESEARCH: 化石はちえのどうくつ／いわくだき／採掘依頼で反復入手。ガラル化石は2部品合成。
EVENT_FOSSIL_RESTORE_NATIONAL_0881,ARC_FOSSIL_RESEARCH,SPECIES_KEY_ARCTOZOLT,KANTO,K45,KANTO_INDOOR_CINNABAR_ISLAND_POKEMON_LAB_EXPERIMENT_ROOM,98,76,OBJECT_REUSE,HOST_FOSSIL_LAB,1,KANTO_INDOOR_CINNABAR_ISLAND_POKEMON_LAB_EXPERIMENT_ROOM_OBJECT_01_STUB,ACQ_HOST_SCRIPT_HOST_FOSSIL_LAB,11,8,3,OBJ_EVENT_GFX_BOY,MOVEMENT_TYPE_FACE_UP,2,2,UNLOCK_FOSSIL_SERVICE,bag has ITEM_KEY_ACQ_FOSSIL_NATIONAL_0881,TALK_OR_EXAMINE_EXISTING_HOST,CHECK_UNLOCK|CHECK_LEDGER|OFFER|PREPARE|EXECUTE|COMMIT|RETRY|FULL|DONE,DIALOGUE_EVENT_FOSSIL_RESTORE_NATIONAL_0881,FOSSIL,,REWARD_EVENT_FOSSIL_RESTORE_NATIONAL_0881,LEDGER_BIT_EVENT_FOSSIL_RESTORE_NATIONAL_0881,VAR_KEY_ACQUISITION_SELECTION,CLAIM_FOSSIL_NATIONAL_0881,failure/cancel/reset rollback; success ledger commit,capture: normal storage check; gift/egg: party then PC then queue,do not begin/consume/commit; show FULL and remain available,never hard-block on RTC; use ecology radar fixed-day/night selector,STANDARD_MESSAGE_YESNO_LIST_PARTY_PC,ACQ_RUNTIME_FOSSIL,scripts/build_acquisition_content.py,generated/map_scripts/HOST_FOSSIL_LAB.inc + generated/acquisition_event_defs.c,READY_TO_INTEGRATE,READY_TO_SERIALIZE; object delta=0; before=2; after=2,TEST_EVENT_FOSSIL_RESTORE_NATIONAL_0881_UNLOCK|_CANCEL|_RESET|_FULL|_SUCCESS|_DUPLICATE,ARC_FOSSIL_RESEARCH: 化石はちえのどうくつ／いわくだき／採掘依頼で反復入手。ガラル化石は2部品合成。
EVENT_FOSSIL_RESTORE_NATIONAL_0882,ARC_FOSSIL_RESEARCH,SPECIES_KEY_DRACOVISH,KANTO,K45,KANTO_INDOOR_CINNABAR_ISLAND_POKEMON_LAB_EXPERIMENT_ROOM,98,76,OBJECT_REUSE,HOST_FOSSIL_LAB,1,KANTO_INDOOR_CINNABAR_ISLAND_POKEMON_LAB_EXPERIMENT_ROOM_OBJECT_01_STUB,ACQ_HOST_SCRIPT_HOST_FOSSIL_LAB,11,8,3,OBJ_EVENT_GFX_BOY,MOVEMENT_TYPE_FACE_UP,2,2,UNLOCK_FOSSIL_SERVICE,bag has ITEM_KEY_ACQ_FOSSIL_NATIONAL_0882,TALK_OR_EXAMINE_EXISTING_HOST,CHECK_UNLOCK|CHECK_LEDGER|OFFER|PREPARE|EXECUTE|COMMIT|RETRY|FULL|DONE,DIALOGUE_EVENT_FOSSIL_RESTORE_NATIONAL_0882,FOSSIL,,REWARD_EVENT_FOSSIL_RESTORE_NATIONAL_0882,LEDGER_BIT_EVENT_FOSSIL_RESTORE_NATIONAL_0882,VAR_KEY_ACQUISITION_SELECTION,CLAIM_FOSSIL_NATIONAL_0882,failure/cancel/reset rollback; success ledger commit,capture: normal storage check; gift/egg: party then PC then queue,do not begin/consume/commit; show FULL and remain available,never hard-block on RTC; use ecology radar fixed-day/night selector,STANDARD_MESSAGE_YESNO_LIST_PARTY_PC,ACQ_RUNTIME_FOSSIL,scripts/build_acquisition_content.py,generated/map_scripts/HOST_FOSSIL_LAB.inc + generated/acquisition_event_defs.c,READY_TO_INTEGRATE,READY_TO_SERIALIZE; object delta=0; before=2; after=2,TEST_EVENT_FOSSIL_RESTORE_NATIONAL_0882_UNLOCK|_CANCEL|_RESET|_FULL|_SUCCESS|_DUPLICATE,ARC_FOSSIL_RESEARCH: 化石はちえのどうくつ／いわくだき／採掘依頼で反復入手。ガラル化石は2部品合成。
EVENT_FOSSIL_RESTORE_NATIONAL_0883,ARC_FOSSIL_RESEARCH,SPECIES_KEY_ARCTOVISH,KANTO,K45,KANTO_INDOOR_CINNABAR_ISLAND_POKEMON_LAB_EXPERIMENT_ROOM,98,76,OBJECT_REUSE,HOST_FOSSIL_LAB,1,KANTO_INDOOR_CINNABAR_ISLAND_POKEMON_LAB_EXPERIMENT_ROOM_OBJECT_01_STUB,ACQ_HOST_SCRIPT_HOST_FOSSIL_LAB,11,8,3,OBJ_EVENT_GFX_BOY,MOVEMENT_TYPE_FACE_UP,2,2,UNLOCK_FOSSIL_SERVICE,bag has ITEM_KEY_ACQ_FOSSIL_NATIONAL_0883,TALK_OR_EXAMINE_EXISTING_HOST,CHECK_UNLOCK|CHECK_LEDGER|OFFER|PREPARE|EXECUTE|COMMIT|RETRY|FULL|DONE,DIALOGUE_EVENT_FOSSIL_RESTORE_NATIONAL_0883,FOSSIL,,REWARD_EVENT_FOSSIL_RESTORE_NATIONAL_0883,LEDGER_BIT_EVENT_FOSSIL_RESTORE_NATIONAL_0883,VAR_KEY_ACQUISITION_SELECTION,CLAIM_FOSSIL_NATIONAL_0883,failure/cancel/reset rollback; success ledger commit,capture: normal storage check; gift/egg: party then PC then queue,do not begin/consume/commit; show FULL and remain available,never hard-block on RTC; use ecology radar fixed-day/night selector,STANDARD_MESSAGE_YESNO_LIST_PARTY_PC,ACQ_RUNTIME_FOSSIL,scripts/build_acquisition_content.py,generated/map_scripts/HOST_FOSSIL_LAB.inc + generated/acquisition_event_defs.c,READY_TO_INTEGRATE,READY_TO_SERIALIZE; object delta=0; before=2; after=2,TEST_EVENT_FOSSIL_RESTORE_NATIONAL_0883_UNLOCK|_CANCEL|_RESET|_FULL|_SUCCESS|_DUPLICATE,ARC_FOSSIL_RESEARCH: 化石はちえのどうくつ／いわくだき／採掘依頼で反復入手。ガラル化石は2部品合成。
EVENT_FOSSIL_RESTORE_VEGA_0121,ARC_FOSSIL_RESEARCH,SPECIES_KEY_VEGA_121,KANTO,K45,KANTO_INDOOR_CINNABAR_ISLAND_POKEMON_LAB_EXPERIMENT_ROOM,98,76,OBJECT_REUSE,HOST_FOSSIL_LAB,1,KANTO_INDOOR_CINNABAR_ISLAND_POKEMON_LAB_EXPERIMENT_ROOM_OBJECT_01_STUB,ACQ_HOST_SCRIPT_HOST_FOSSIL_LAB,11,8,3,OBJ_EVENT_GFX_BOY,MOVEMENT_TYPE_FACE_UP,2,2,UNLOCK_FOSSIL_SERVICE,bag has ITEM_KEY_ACQ_VEGA_FOSSIL_0121,TALK_OR_EXAMINE_EXISTING_HOST,CHECK_UNLOCK|CHECK_LEDGER|OFFER|PREPARE|EXECUTE|COMMIT|RETRY|FULL|DONE,DIALOGUE_EVENT_FOSSIL_RESTORE_VEGA_0121,FOSSIL,,REWARD_EVENT_FOSSIL_RESTORE_VEGA_0121,LEDGER_BIT_EVENT_FOSSIL_RESTORE_VEGA_0121,VAR_KEY_ACQUISITION_SELECTION,SHARED_CAPTURE_KEY_VEGA_0121,failure/cancel/reset rollback; success ledger commit,capture: normal storage check; gift/egg: party then PC then queue,do not begin/consume/commit; show FULL and remain available,never hard-block on RTC; use ecology radar fixed-day/night selector,STANDARD_MESSAGE_YESNO_LIST_PARTY_PC,ACQ_RUNTIME_FOSSIL,scripts/build_acquisition_content.py,generated/map_scripts/HOST_FOSSIL_LAB.inc + generated/acquisition_event_defs.c,READY_TO_INTEGRATE_KANTO_FALLBACK,READY_TO_SERIALIZE; object delta=0; before=2; after=2,TEST_EVENT_FOSSIL_RESTORE_VEGA_0121_UNLOCK|_CANCEL|_RESET|_FULL|_SUCCESS|_DUPLICATE,ARC_FOSSIL_RESEARCH: キバのカセキ。既存シオリム復元を保持し、Kanto fallbackを共有ledgerで重複防止。
EVENT_FOSSIL_RESTORE_VEGA_0388,ARC_FOSSIL_RESEARCH,SPECIES_KEY_VEGA_388,KANTO,K45,KANTO_INDOOR_CINNABAR_ISLAND_POKEMON_LAB_EXPERIMENT_ROOM,98,76,OBJECT_REUSE,HOST_FOSSIL_LAB,1,KANTO_INDOOR_CINNABAR_ISLAND_POKEMON_LAB_EXPERIMENT_ROOM_OBJECT_01_STUB,ACQ_HOST_SCRIPT_HOST_FOSSIL_LAB,11,8,3,OBJ_EVENT_GFX_BOY,MOVEMENT_TYPE_FACE_UP,2,2,UNLOCK_FOSSIL_SERVICE,bag has ITEM_KEY_ACQ_VEGA_FOSSIL_0388,TALK_OR_EXAMINE_EXISTING_HOST,CHECK_UNLOCK|CHECK_LEDGER|OFFER|PREPARE|EXECUTE|COMMIT|RETRY|FULL|DONE,DIALOGUE_EVENT_FOSSIL_RESTORE_VEGA_0388,FOSSIL,,REWARD_EVENT_FOSSIL_RESTORE_VEGA_0388,LEDGER_BIT_EVENT_FOSSIL_RESTORE_VEGA_0388,VAR_KEY_ACQUISITION_SELECTION,SHARED_CAPTURE_KEY_VEGA_0388,failure/cancel/reset rollback; success ledger commit,capture: normal storage check; gift/egg: party then PC then queue,do not begin/consume/commit; show FULL and remain available,never hard-block on RTC; use ecology radar fixed-day/night selector,STANDARD_MESSAGE_YESNO_LIST_PARTY_PC,ACQ_RUNTIME_FOSSIL,scripts/build_acquisition_content.py,generated/map_scripts/HOST_FOSSIL_LAB.inc + generated/acquisition_event_defs.c,READY_TO_INTEGRATE_KANTO_FALLBACK,READY_TO_SERIALIZE; object delta=0; before=2; after=2,TEST_EVENT_FOSSIL_RESTORE_VEGA_0388_UNLOCK|_CANCEL|_RESET|_FULL|_SUCCESS|_DUPLICATE,ARC_FOSSIL_RESEARCH: つばさのカセキ。既存シオリム復元を保持し、Kanto fallbackを共有ledgerで重複防止。
EVENT_FOSSIL_RESTORE_VEGA_0390,ARC_FOSSIL_RESEARCH,SPECIES_KEY_VEGA_390,KANTO,K45,KANTO_INDOOR_CINNABAR_ISLAND_POKEMON_LAB_EXPERIMENT_ROOM,98,76,OBJECT_REUSE,HOST_FOSSIL_LAB,1,KANTO_INDOOR_CINNABAR_ISLAND_POKEMON_LAB_EXPERIMENT_ROOM_OBJECT_01_STUB,ACQ_HOST_SCRIPT_HOST_FOSSIL_LAB,11,8,3,OBJ_EVENT_GFX_BOY,MOVEMENT_TYPE_FACE_UP,2,2,UNLOCK_FOSSIL_SERVICE,bag has ITEM_KEY_ACQ_VEGA_FOSSIL_0390,TALK_OR_EXAMINE_EXISTING_HOST,CHECK_UNLOCK|CHECK_LEDGER|OFFER|PREPARE|EXECUTE|COMMIT|RETRY|FULL|DONE,DIALOGUE_EVENT_FOSSIL_RESTORE_VEGA_0390,FOSSIL,,REWARD_EVENT_FOSSIL_RESTORE_VEGA_0390,LEDGER_BIT_EVENT_FOSSIL_RESTORE_VEGA_0390,VAR_KEY_ACQUISITION_SELECTION,SHARED_CAPTURE_KEY_VEGA_0390,failure/cancel/reset rollback; success ledger commit,capture: normal storage check; gift/egg: party then PC then queue,do not begin/consume/commit; show FULL and remain available,never hard-block on RTC; use ecology radar fixed-day/night selector,STANDARD_MESSAGE_YESNO_LIST_PARTY_PC,ACQ_RUNTIME_FOSSIL,scripts/build_acquisition_content.py,generated/map_scripts/HOST_FOSSIL_LAB.inc + generated/acquisition_event_defs.c,READY_TO_INTEGRATE_KANTO_FALLBACK,READY_TO_SERIALIZE; object delta=0; before=2; after=2,TEST_EVENT_FOSSIL_RESTORE_VEGA_0390_UNLOCK|_CANCEL|_RESET|_FULL|_SUCCESS|_DUPLICATE,ARC_FOSSIL_RESEARCH: くらやみのカセキ。既存シオリム復元を保持し、Kanto fallbackを共有ledgerで重複防止。
EVENT_VEGA_ARCHIVE_0122,ARC_VEGA_LEGACY_ARCHIVE,SPECIES_KEY_VEGA_122,KANTO,K45,KANTO_INDOOR_CINNABAR_ISLAND_POKEMON_LAB_EXPERIMENT_ROOM,98,76,OBJECT_REUSE,HOST_FOSSIL_LAB,1,KANTO_INDOOR_CINNABAR_ISLAND_POKEMON_LAB_EXPERIMENT_ROOM_OBJECT_01_STUB,ACQ_HOST_SCRIPT_HOST_FOSSIL_LAB,11,8,3,OBJ_EVENT_GFX_BOY,MOVEMENT_TYPE_FACE_UP,2,2,UNLOCK_EVOLUTION_GLOBAL,legacy entry unavailable OR caught dex not set,TALK_OR_EXAMINE_EXISTING_HOST,CHECK_UNLOCK|CHECK_LEDGER|OFFER|PREPARE|EXECUTE|COMMIT|RETRY|FULL|DONE,DIALOGUE_EVENT_VEGA_ARCHIVE_0122,EVOLUTION_SUPPORT,,REWARD_EVENT_VEGA_ARCHIVE_0122,LEDGER_BIT_EVENT_VEGA_ARCHIVE_0122,VAR_KEY_ACQUISITION_SELECTION,SHARED_CAPTURE_KEY_VEGA_0122,failure/cancel/reset rollback; success ledger commit,capture: normal storage check; gift/egg: party then PC then queue,do not begin/consume/commit; show FULL and remain available,never hard-block on RTC; use ecology radar fixed-day/night selector,STANDARD_MESSAGE_YESNO_LIST_PARTY_PC,ACQ_RUNTIME_EVOLUTION_SUPPORT,scripts/build_acquisition_content.py,generated/map_scripts/HOST_FOSSIL_LAB.inc + generated/acquisition_event_defs.c,READY_TO_INTEGRATE_KANTO_FALLBACK,READY_TO_SERIALIZE; object delta=0; before=2; after=2,TEST_EVENT_VEGA_ARCHIVE_0122_UNLOCK|_CANCEL|_RESET|_FULL|_SUCCESS|_DUPLICATE,ARC_VEGA_LEGACY_ARCHIVE: スミロドンからLv.40で進化
EVENT_VEGA_ARCHIVE_0142,ARC_VEGA_LEGACY_ARCHIVE,SPECIES_KEY_VEGA_142,KANTO,K42,KANTO_INDOOR_INDIGO_PLATEAU_POKEMON_CENTER_1_F,98,80,OBJECT_REUSE,HOST_LEGACY_ARCHIVE,3,KANTO_INDOOR_INDIGO_PLATEAU_POKEMON_CENTER_1_F_OBJECT_03_STUB,ACQ_HOST_SCRIPT_HOST_LEGACY_ARCHIVE,7,14,3,OBJ_EVENT_GFX_GYM_GUY,MOVEMENT_TYPE_FACE_RIGHT,8,8,UNLOCK_SPECIAL_ARCHIVE,legacy entry unavailable OR caught dex not set,TALK_OR_EXAMINE_EXISTING_HOST,CHECK_UNLOCK|CHECK_LEDGER|OFFER|PREPARE|EXECUTE|COMMIT|RETRY|FULL|DONE,DIALOGUE_EVENT_VEGA_ARCHIVE_0142,CAPTURE,,REWARD_EVENT_VEGA_ARCHIVE_0142,LEDGER_BIT_EVENT_VEGA_ARCHIVE_0142,VAR_KEY_ACQUISITION_SELECTION,SHARED_CAPTURE_KEY_VEGA_0142,failure/cancel/reset rollback; success ledger commit,capture: normal storage check; gift/egg: party then PC then queue,do not begin/consume/commit; show FULL and remain available,never hard-block on RTC; use ecology radar fixed-day/night selector,STANDARD_MESSAGE_YESNO_LIST_PARTY_PC,ACQ_RUNTIME_CAPTURE,scripts/build_acquisition_content.py,generated/map_scripts/HOST_LEGACY_ARCHIVE.inc + generated/acquisition_event_defs.c,READY_TO_INTEGRATE_KANTO_FALLBACK,READY_TO_SERIALIZE; object delta=0; before=8; after=8,TEST_EVENT_VEGA_ARCHIVE_0142_UNLOCK|_CANCEL|_RESET|_FULL|_SUCCESS|_DUPLICATE,ARC_VEGA_LEGACY_ARCHIVE: ネメア後、海底トンネル1Fの固定個体
EVENT_VEGA_ARCHIVE_0143,ARC_VEGA_LEGACY_ARCHIVE,SPECIES_KEY_VEGA_143,KANTO,K42,KANTO_INDOOR_INDIGO_PLATEAU_POKEMON_CENTER_1_F,98,80,OBJECT_REUSE,HOST_LEGACY_ARCHIVE,3,KANTO_INDOOR_INDIGO_PLATEAU_POKEMON_CENTER_1_F_OBJECT_03_STUB,ACQ_HOST_SCRIPT_HOST_LEGACY_ARCHIVE,7,14,3,OBJ_EVENT_GFX_GYM_GUY,MOVEMENT_TYPE_FACE_RIGHT,8,8,UNLOCK_SPECIAL_ARCHIVE,legacy entry unavailable OR caught dex not set,TALK_OR_EXAMINE_EXISTING_HOST,CHECK_UNLOCK|CHECK_LEDGER|OFFER|PREPARE|EXECUTE|COMMIT|RETRY|FULL|DONE,DIALOGUE_EVENT_VEGA_ARCHIVE_0143,CAPTURE,,REWARD_EVENT_VEGA_ARCHIVE_0143,LEDGER_BIT_EVENT_VEGA_ARCHIVE_0143,VAR_KEY_ACQUISITION_SELECTION,SHARED_CAPTURE_KEY_VEGA_0143,failure/cancel/reset rollback; success ledger commit,capture: normal storage check; gift/egg: party then PC then queue,do not begin/consume/commit; show FULL and remain available,never hard-block on RTC; use ecology radar fixed-day/night selector,STANDARD_MESSAGE_YESNO_LIST_PARTY_PC,ACQ_RUNTIME_CAPTURE,scripts/build_acquisition_content.py,generated/map_scripts/HOST_LEGACY_ARCHIVE.inc + generated/acquisition_event_defs.c,READY_TO_INTEGRATE_KANTO_FALLBACK,READY_TO_SERIALIZE; object delta=0; before=8; after=8,TEST_EVENT_VEGA_ARCHIVE_0143_UNLOCK|_CANCEL|_RESET|_FULL|_SUCCESS|_DUPLICATE,ARC_VEGA_LEGACY_ARCHIVE: ネメア後、ユキユキ山1Fの固定個体
EVENT_VEGA_ARCHIVE_0144,ARC_VEGA_LEGACY_ARCHIVE,SPECIES_KEY_VEGA_144,KANTO,K42,KANTO_INDOOR_INDIGO_PLATEAU_POKEMON_CENTER_1_F,98,80,OBJECT_REUSE,HOST_LEGACY_ARCHIVE,3,KANTO_INDOOR_INDIGO_PLATEAU_POKEMON_CENTER_1_F_OBJECT_03_STUB,ACQ_HOST_SCRIPT_HOST_LEGACY_ARCHIVE,7,14,3,OBJ_EVENT_GFX_GYM_GUY,MOVEMENT_TYPE_FACE_RIGHT,8,8,UNLOCK_SPECIAL_ARCHIVE,legacy entry unavailable OR caught dex not set,TALK_OR_EXAMINE_EXISTING_HOST,CHECK_UNLOCK|CHECK_LEDGER|OFFER|PREPARE|EXECUTE|COMMIT|RETRY|FULL|DONE,DIALOGUE_EVENT_VEGA_ARCHIVE_0144,CAPTURE,,REWARD_EVENT_VEGA_ARCHIVE_0144,LEDGER_BIT_EVENT_VEGA_ARCHIVE_0144,VAR_KEY_ACQUISITION_SELECTION,SHARED_CAPTURE_KEY_VEGA_0144,failure/cancel/reset rollback; success ledger commit,capture: normal storage check; gift/egg: party then PC then queue,do not begin/consume/commit; show FULL and remain available,never hard-block on RTC; use ecology radar fixed-day/night selector,STANDARD_MESSAGE_YESNO_LIST_PARTY_PC,ACQ_RUNTIME_CAPTURE,scripts/build_acquisition_content.py,generated/map_scripts/HOST_LEGACY_ARCHIVE.inc + generated/acquisition_event_defs.c,READY_TO_INTEGRATE_KANTO_FALLBACK,READY_TO_SERIALIZE; object delta=0; before=8; after=8,TEST_EVENT_VEGA_ARCHIVE_0144_UNLOCK|_CANCEL|_RESET|_FULL|_SUCCESS|_DUPLICATE,ARC_VEGA_LEGACY_ARCHIVE: D・H団クリア後、ニューアイランド城3F
EVENT_VEGA_ARCHIVE_0389,ARC_VEGA_LEGACY_ARCHIVE,SPECIES_KEY_VEGA_389,KANTO,K45,KANTO_INDOOR_CINNABAR_ISLAND_POKEMON_LAB_EXPERIMENT_ROOM,98,76,OBJECT_REUSE,HOST_FOSSIL_LAB,1,KANTO_INDOOR_CINNABAR_ISLAND_POKEMON_LAB_EXPERIMENT_ROOM_OBJECT_01_STUB,ACQ_HOST_SCRIPT_HOST_FOSSIL_LAB,11,8,3,OBJ_EVENT_GFX_BOY,MOVEMENT_TYPE_FACE_UP,2,2,UNLOCK_EVOLUTION_GLOBAL,legacy entry unavailable OR caught dex not set,TALK_OR_EXAMINE_EXISTING_HOST,CHECK_UNLOCK|CHECK_LEDGER|OFFER|PREPARE|EXECUTE|COMMIT|RETRY|FULL|DONE,DIALOGUE_EVENT_VEGA_ARCHIVE_0389,EVOLUTION_SUPPORT,,REWARD_EVENT_VEGA_ARCHIVE_0389,LEDGER_BIT_EVENT_VEGA_ARCHIVE_0389,VAR_KEY_ACQUISITION_SELECTION,SHARED_CAPTURE_KEY_VEGA_0389,failure/cancel/reset rollback; success ledger commit,capture: normal storage check; gift/egg: party then PC then queue,do not begin/consume/commit; show FULL and remain available,never hard-block on RTC; use ecology radar fixed-day/night selector,STANDARD_MESSAGE_YESNO_LIST_PARTY_PC,ACQ_RUNTIME_EVOLUTION_SUPPORT,scripts/build_acquisition_content.py,generated/map_scripts/HOST_FOSSIL_LAB.inc + generated/acquisition_event_defs.c,READY_TO_INTEGRATE_KANTO_FALLBACK,READY_TO_SERIALIZE; object delta=0; before=2; after=2,TEST_EVENT_VEGA_ARCHIVE_0389_UNLOCK|_CANCEL|_RESET|_FULL|_SUCCESS|_DUPLICATE,ARC_VEGA_LEGACY_ARCHIVE: ティオルスからLv.40で進化
EVENT_VEGA_ARCHIVE_0400,ARC_VEGA_LEGACY_ARCHIVE,SPECIES_KEY_VEGA_400,KANTO,K42,KANTO_INDOOR_INDIGO_PLATEAU_POKEMON_CENTER_1_F,98,80,OBJECT_REUSE,HOST_LEGACY_ARCHIVE,3,KANTO_INDOOR_INDIGO_PLATEAU_POKEMON_CENTER_1_F_OBJECT_03_STUB,ACQ_HOST_SCRIPT_HOST_LEGACY_ARCHIVE,7,14,3,OBJ_EVENT_GFX_GYM_GUY,MOVEMENT_TYPE_FACE_RIGHT,8,8,UNLOCK_SPECIAL_ARCHIVE,legacy entry unavailable OR caught dex not set,TALK_OR_EXAMINE_EXISTING_HOST,CHECK_UNLOCK|CHECK_LEDGER|OFFER|PREPARE|EXECUTE|COMMIT|RETRY|FULL|DONE,DIALOGUE_EVENT_VEGA_ARCHIVE_0400,CAPTURE,,REWARD_EVENT_VEGA_ARCHIVE_0400,LEDGER_BIT_EVENT_VEGA_ARCHIVE_0400,VAR_KEY_ACQUISITION_SELECTION,SHARED_CAPTURE_KEY_VEGA_0400,failure/cancel/reset rollback; success ledger commit,capture: normal storage check; gift/egg: party then PC then queue,do not begin/consume/commit; show FULL and remain available,never hard-block on RTC; use ecology radar fixed-day/night selector,STANDARD_MESSAGE_YESNO_LIST_PARTY_PC,ACQ_RUNTIME_CAPTURE,scripts/build_acquisition_content.py,generated/map_scripts/HOST_LEGACY_ARCHIVE.inc + generated/acquisition_event_defs.c,READY_TO_INTEGRATE_KANTO_FALLBACK,READY_TO_SERIALIZE; object delta=0; before=8; after=8,TEST_EVENT_VEGA_ARCHIVE_0400_UNLOCK|_CANCEL|_RESET|_FULL|_SUCCESS|_DUPLICATE,ARC_VEGA_LEGACY_ARCHIVE: 殿堂入り後、スフィア遺跡B4F
EVENT_VEGA_ARCHIVE_0401,ARC_VEGA_LEGACY_ARCHIVE,SPECIES_KEY_VEGA_401,KANTO,K42,KANTO_INDOOR_INDIGO_PLATEAU_POKEMON_CENTER_1_F,98,80,OBJECT_REUSE,HOST_LEGACY_ARCHIVE,3,KANTO_INDOOR_INDIGO_PLATEAU_POKEMON_CENTER_1_F_OBJECT_03_STUB,ACQ_HOST_SCRIPT_HOST_LEGACY_ARCHIVE,7,14,3,OBJ_EVENT_GFX_GYM_GUY,MOVEMENT_TYPE_FACE_RIGHT,8,8,UNLOCK_SPECIAL_ARCHIVE,legacy entry unavailable OR caught dex not set,TALK_OR_EXAMINE_EXISTING_HOST,CHECK_UNLOCK|CHECK_LEDGER|OFFER|PREPARE|EXECUTE|COMMIT|RETRY|FULL|DONE,DIALOGUE_EVENT_VEGA_ARCHIVE_0401,CAPTURE,,REWARD_EVENT_VEGA_ARCHIVE_0401,LEDGER_BIT_EVENT_VEGA_ARCHIVE_0401,VAR_KEY_ACQUISITION_SELECTION,SHARED_CAPTURE_KEY_VEGA_0401,failure/cancel/reset rollback; success ledger commit,capture: normal storage check; gift/egg: party then PC then queue,do not begin/consume/commit; show FULL and remain available,never hard-block on RTC; use ecology radar fixed-day/night selector,STANDARD_MESSAGE_YESNO_LIST_PARTY_PC,ACQ_RUNTIME_CAPTURE,scripts/build_acquisition_content.py,generated/map_scripts/HOST_LEGACY_ARCHIVE.inc + generated/acquisition_event_defs.c,READY_TO_INTEGRATE_KANTO_FALLBACK,READY_TO_SERIALIZE; object delta=0; before=8; after=8,TEST_EVENT_VEGA_ARCHIVE_0401_UNLOCK|_CANCEL|_RESET|_FULL|_SUCCESS|_DUPLICATE,ARC_VEGA_LEGACY_ARCHIVE: 殿堂入り後、スフィア遺跡裏口B3F
EVENT_VEGA_ARCHIVE_0402,ARC_VEGA_LEGACY_ARCHIVE,SPECIES_KEY_VEGA_402,KANTO,K42,KANTO_INDOOR_INDIGO_PLATEAU_POKEMON_CENTER_1_F,98,80,OBJECT_REUSE,HOST_LEGACY_ARCHIVE,3,KANTO_INDOOR_INDIGO_PLATEAU_POKEMON_CENTER_1_F_OBJECT_03_STUB,ACQ_HOST_SCRIPT_HOST_LEGACY_ARCHIVE,7,14,3,OBJ_EVENT_GFX_GYM_GUY,MOVEMENT_TYPE_FACE_RIGHT,8,8,UNLOCK_SPECIAL_ARCHIVE,legacy entry unavailable OR caught dex not set,TALK_OR_EXAMINE_EXISTING_HOST,CHECK_UNLOCK|CHECK_LEDGER|OFFER|PREPARE|EXECUTE|COMMIT|RETRY|FULL|DONE,DIALOGUE_EVENT_VEGA_ARCHIVE_0402,GIFT,,REWARD_EVENT_VEGA_ARCHIVE_0402,LEDGER_BIT_EVENT_VEGA_ARCHIVE_0402,VAR_KEY_ACQUISITION_SELECTION,SHARED_CAPTURE_KEY_VEGA_0402,failure/cancel/reset rollback; success ledger commit,capture: normal storage check; gift/egg: party then PC then queue,do not begin/consume/commit; show FULL and remain available,never hard-block on RTC; use ecology radar fixed-day/night selector,STANDARD_MESSAGE_YESNO_LIST_PARTY_PC,ACQ_RUNTIME_GIFT,scripts/build_acquisition_content.py,generated/map_scripts/HOST_LEGACY_ARCHIVE.inc + generated/acquisition_event_defs.c,READY_TO_INTEGRATE_KANTO_FALLBACK,READY_TO_SERIALIZE; object delta=0; before=8; after=8,TEST_EVENT_VEGA_ARCHIVE_0402_UNLOCK|_CANCEL|_RESET|_FULL|_SUCCESS|_DUPLICATE,ARC_VEGA_LEGACY_ARCHIVE: ライバル戦後、B4Fで受取
EVENT_VEGA_ARCHIVE_0406,ARC_VEGA_LEGACY_ARCHIVE,SPECIES_KEY_VEGA_406,KANTO,K42,KANTO_INDOOR_INDIGO_PLATEAU_POKEMON_CENTER_1_F,98,80,OBJECT_REUSE,HOST_LEGACY_ARCHIVE,3,KANTO_INDOOR_INDIGO_PLATEAU_POKEMON_CENTER_1_F_OBJECT_03_STUB,ACQ_HOST_SCRIPT_HOST_LEGACY_ARCHIVE,7,14,3,OBJ_EVENT_GFX_GYM_GUY,MOVEMENT_TYPE_FACE_RIGHT,8,8,UNLOCK_SPECIAL_ARCHIVE,legacy entry unavailable OR caught dex not set,TALK_OR_EXAMINE_EXISTING_HOST,CHECK_UNLOCK|CHECK_LEDGER|OFFER|PREPARE|EXECUTE|COMMIT|RETRY|FULL|DONE,DIALOGUE_EVENT_VEGA_ARCHIVE_0406,GIFT,,REWARD_EVENT_VEGA_ARCHIVE_0406,LEDGER_BIT_EVENT_VEGA_ARCHIVE_0406,VAR_KEY_ACQUISITION_SELECTION,SHARED_CAPTURE_KEY_VEGA_0406,failure/cancel/reset rollback; success ledger commit,capture: normal storage check; gift/egg: party then PC then queue,do not begin/consume/commit; show FULL and remain available,never hard-block on RTC; use ecology radar fixed-day/night selector,STANDARD_MESSAGE_YESNO_LIST_PARTY_PC,ACQ_RUNTIME_GIFT,scripts/build_acquisition_content.py,generated/map_scripts/HOST_LEGACY_ARCHIVE.inc + generated/acquisition_event_defs.c,READY_TO_INTEGRATE_KANTO_FALLBACK,READY_TO_SERIALIZE; object delta=0; before=8; after=8,TEST_EVENT_VEGA_ARCHIVE_0406_UNLOCK|_CANCEL|_RESET|_FULL|_SUCCESS|_DUPLICATE,ARC_VEGA_LEGACY_ARCHIVE: ギンノとの会話後、チャンピオンロード拡張B6F
EVENT_VEGA_ARCHIVE_0409,ARC_VEGA_LEGACY_ARCHIVE,SPECIES_KEY_VEGA_409,KANTO,K42,KANTO_INDOOR_INDIGO_PLATEAU_POKEMON_CENTER_1_F,98,80,OBJECT_REUSE,HOST_LEGACY_ARCHIVE,3,KANTO_INDOOR_INDIGO_PLATEAU_POKEMON_CENTER_1_F_OBJECT_03_STUB,ACQ_HOST_SCRIPT_HOST_LEGACY_ARCHIVE,7,14,3,OBJ_EVENT_GFX_GYM_GUY,MOVEMENT_TYPE_FACE_RIGHT,8,8,UNLOCK_EVOLUTION_GLOBAL,legacy entry unavailable OR caught dex not set,TALK_OR_EXAMINE_EXISTING_HOST,CHECK_UNLOCK|CHECK_LEDGER|OFFER|PREPARE|EXECUTE|COMMIT|RETRY|FULL|DONE,DIALOGUE_EVENT_VEGA_ARCHIVE_0409,EVOLUTION_SUPPORT,,REWARD_EVENT_VEGA_ARCHIVE_0409,LEDGER_BIT_EVENT_VEGA_ARCHIVE_0409,VAR_KEY_ACQUISITION_SELECTION,SHARED_CAPTURE_KEY_VEGA_0409,failure/cancel/reset rollback; success ledger commit,capture: normal storage check; gift/egg: party then PC then queue,do not begin/consume/commit; show FULL and remain available,never hard-block on RTC; use ecology radar fixed-day/night selector,STANDARD_MESSAGE_YESNO_LIST_PARTY_PC,ACQ_RUNTIME_EVOLUTION_SUPPORT,scripts/build_acquisition_content.py,generated/map_scripts/HOST_LEGACY_ARCHIVE.inc + generated/acquisition_event_defs.c,READY_TO_INTEGRATE_KANTO_FALLBACK,READY_TO_SERIALIZE; object delta=0; before=8; after=8,TEST_EVENT_VEGA_ARCHIVE_0409_UNLOCK|_CANCEL|_RESET|_FULL|_SUCCESS|_DUPLICATE,ARC_VEGA_LEGACY_ARCHIVE: なつき進化
EVENT_VEGA_ARCHIVE_0410,ARC_VEGA_LEGACY_ARCHIVE,SPECIES_KEY_VEGA_410,KANTO,K42,KANTO_INDOOR_INDIGO_PLATEAU_POKEMON_CENTER_1_F,98,80,OBJECT_REUSE,HOST_LEGACY_ARCHIVE,3,KANTO_INDOOR_INDIGO_PLATEAU_POKEMON_CENTER_1_F_OBJECT_03_STUB,ACQ_HOST_SCRIPT_HOST_LEGACY_ARCHIVE,7,14,3,OBJ_EVENT_GFX_GYM_GUY,MOVEMENT_TYPE_FACE_RIGHT,8,8,UNLOCK_SPECIAL_ARCHIVE,legacy entry unavailable OR caught dex not set,TALK_OR_EXAMINE_EXISTING_HOST,CHECK_UNLOCK|CHECK_LEDGER|OFFER|PREPARE|EXECUTE|COMMIT|RETRY|FULL|DONE,DIALOGUE_EVENT_VEGA_ARCHIVE_0410,CAPTURE,,REWARD_EVENT_VEGA_ARCHIVE_0410,LEDGER_BIT_EVENT_VEGA_ARCHIVE_0410,VAR_KEY_ACQUISITION_SELECTION,SHARED_CAPTURE_KEY_VEGA_0410,failure/cancel/reset rollback; success ledger commit,capture: normal storage check; gift/egg: party then PC then queue,do not begin/consume/commit; show FULL and remain available,never hard-block on RTC; use ecology radar fixed-day/night selector,STANDARD_MESSAGE_YESNO_LIST_PARTY_PC,ACQ_RUNTIME_CAPTURE,scripts/build_acquisition_content.py,generated/map_scripts/HOST_LEGACY_ARCHIVE.inc + generated/acquisition_event_defs.c,READY_TO_INTEGRATE_KANTO_FALLBACK,READY_TO_SERIALIZE; object delta=0; before=8; after=8,TEST_EVENT_VEGA_ARCHIVE_0410_UNLOCK|_CANCEL|_RESET|_FULL|_SUCCESS|_DUPLICATE,ARC_VEGA_LEGACY_ARCHIVE: 殿堂入り後、スフィア遺跡裏口B9F
EVENT_EVOLUTION_SUPPORT_NATIONAL_0862,ARC_EVOLUTION_SUPPORT,SPECIES_KEY_OBSTAGOON,KANTO,K47,KANTO_INDOOR_PALLET_TOWN_PROFESSOR_OAKS_LAB,98,3,OBJECT_REUSE,HOST_REGIONAL_NURSERY,3,KANTO_INDOOR_PALLET_TOWN_PROFESSOR_OAKS_LAB_OBJECT_03_STUB,ACQ_HOST_SCRIPT_HOST_REGIONAL_NURSERY,11,10,3,OBJ_EVENT_GFX_SCIENTIST,MOVEMENT_TYPE_LOOK_AROUND,10,10,UNLOCK_REGIONAL_NURSERY,Lv.35以上＋夜,TALK_OR_EXAMINE_EXISTING_HOST,CHECK_UNLOCK|CHECK_LEDGER|OFFER|PREPARE|EXECUTE|COMMIT|RETRY|FULL|DONE,DIALOGUE_EVENT_EVOLUTION_SUPPORT_NATIONAL_0862,EVOLUTION_SUPPORT,,REWARD_EVENT_EVOLUTION_SUPPORT_NATIONAL_0862,LEDGER_BIT_EVENT_EVOLUTION_SUPPORT_NATIONAL_0862,VAR_KEY_ACQUISITION_SELECTION,,failure/cancel/reset rollback; success ledger commit,capture: normal storage check; gift/egg: party then PC then queue,do not begin/consume/commit; show FULL and remain available,never hard-block on RTC; use ecology radar fixed-day/night selector,STANDARD_MESSAGE_YESNO_LIST_PARTY_PC,ACQ_RUNTIME_EVOLUTION_SUPPORT,scripts/build_acquisition_content.py,generated/map_scripts/HOST_REGIONAL_NURSERY.inc + generated/acquisition_event_defs.c,READY_TO_INTEGRATE,READY_TO_SERIALIZE; object delta=0; before=10; after=10,TEST_EVENT_EVOLUTION_SUPPORT_NATIONAL_0862_UNLOCK|_CANCEL|_RESET|_FULL|_SUCCESS|_DUPLICATE,ARC_EVOLUTION_SUPPORT: source=SPECIES_KEY_LINOONE_G; fallback=せいたいレーダーの夜固定
EVENT_EVOLUTION_SUPPORT_NATIONAL_0863,ARC_EVOLUTION_SUPPORT,SPECIES_KEY_PERRSERKER,KANTO,K47,KANTO_INDOOR_PALLET_TOWN_PROFESSOR_OAKS_LAB,98,3,OBJECT_REUSE,HOST_REGIONAL_NURSERY,3,KANTO_INDOOR_PALLET_TOWN_PROFESSOR_OAKS_LAB_OBJECT_03_STUB,ACQ_HOST_SCRIPT_HOST_REGIONAL_NURSERY,11,10,3,OBJ_EVENT_GFX_SCIENTIST,MOVEMENT_TYPE_LOOK_AROUND,10,10,UNLOCK_REGIONAL_NURSERY,Lv.28以上,TALK_OR_EXAMINE_EXISTING_HOST,CHECK_UNLOCK|CHECK_LEDGER|OFFER|PREPARE|EXECUTE|COMMIT|RETRY|FULL|DONE,DIALOGUE_EVENT_EVOLUTION_SUPPORT_NATIONAL_0863,EVOLUTION_SUPPORT,,REWARD_EVENT_EVOLUTION_SUPPORT_NATIONAL_0863,LEDGER_BIT_EVENT_EVOLUTION_SUPPORT_NATIONAL_0863,VAR_KEY_ACQUISITION_SELECTION,,failure/cancel/reset rollback; success ledger commit,capture: normal storage check; gift/egg: party then PC then queue,do not begin/consume/commit; show FULL and remain available,never hard-block on RTC; use ecology radar fixed-day/night selector,STANDARD_MESSAGE_YESNO_LIST_PARTY_PC,ACQ_RUNTIME_EVOLUTION_SUPPORT,scripts/build_acquisition_content.py,generated/map_scripts/HOST_REGIONAL_NURSERY.inc + generated/acquisition_event_defs.c,READY_TO_INTEGRATE,READY_TO_SERIALIZE; object delta=0; before=10; after=10,TEST_EVENT_EVOLUTION_SUPPORT_NATIONAL_0863_UNLOCK|_CANCEL|_RESET|_FULL|_SUCCESS|_DUPLICATE,ARC_EVOLUTION_SUPPORT: source=SPECIES_KEY_MEOWTH_G; fallback=不要
EVENT_EVOLUTION_SUPPORT_NATIONAL_0864,ARC_EVOLUTION_SUPPORT,SPECIES_KEY_CURSOLA,KANTO,K47,KANTO_INDOOR_PALLET_TOWN_PROFESSOR_OAKS_LAB,98,3,OBJECT_REUSE,HOST_REGIONAL_NURSERY,3,KANTO_INDOOR_PALLET_TOWN_PROFESSOR_OAKS_LAB_OBJECT_03_STUB,ACQ_HOST_SCRIPT_HOST_REGIONAL_NURSERY,11,10,3,OBJ_EVENT_GFX_SCIENTIST,MOVEMENT_TYPE_LOOK_AROUND,10,10,UNLOCK_REGIONAL_NURSERY,Lv.38以上,TALK_OR_EXAMINE_EXISTING_HOST,CHECK_UNLOCK|CHECK_LEDGER|OFFER|PREPARE|EXECUTE|COMMIT|RETRY|FULL|DONE,DIALOGUE_EVENT_EVOLUTION_SUPPORT_NATIONAL_0864,EVOLUTION_SUPPORT,,REWARD_EVENT_EVOLUTION_SUPPORT_NATIONAL_0864,LEDGER_BIT_EVENT_EVOLUTION_SUPPORT_NATIONAL_0864,VAR_KEY_ACQUISITION_SELECTION,,failure/cancel/reset rollback; success ledger commit,capture: normal storage check; gift/egg: party then PC then queue,do not begin/consume/commit; show FULL and remain available,never hard-block on RTC; use ecology radar fixed-day/night selector,STANDARD_MESSAGE_YESNO_LIST_PARTY_PC,ACQ_RUNTIME_EVOLUTION_SUPPORT,scripts/build_acquisition_content.py,generated/map_scripts/HOST_REGIONAL_NURSERY.inc + generated/acquisition_event_defs.c,READY_TO_INTEGRATE,READY_TO_SERIALIZE; object delta=0; before=10; after=10,TEST_EVENT_EVOLUTION_SUPPORT_NATIONAL_0864_UNLOCK|_CANCEL|_RESET|_FULL|_SUCCESS|_DUPLICATE,ARC_EVOLUTION_SUPPORT: source=SPECIES_KEY_CORSOLA_G; fallback=不要
EVENT_EVOLUTION_SUPPORT_NATIONAL_0865,ARC_EVOLUTION_SUPPORT,SPECIES_KEY_SIRFETCHD,KANTO,K47,KANTO_INDOOR_PALLET_TOWN_PROFESSOR_OAKS_LAB,98,3,OBJECT_REUSE,HOST_REGIONAL_NURSERY,3,KANTO_INDOOR_PALLET_TOWN_PROFESSOR_OAKS_LAB_OBJECT_03_STUB,ACQ_HOST_SCRIPT_HOST_REGIONAL_NURSERY,11,10,3,OBJ_EVENT_GFX_SCIENTIST,MOVEMENT_TYPE_LOOK_AROUND,10,10,UNLOCK_REGIONAL_NURSERY,1戦中に急所3回,TALK_OR_EXAMINE_EXISTING_HOST,CHECK_UNLOCK|CHECK_LEDGER|OFFER|PREPARE|EXECUTE|COMMIT|RETRY|FULL|DONE,DIALOGUE_EVENT_EVOLUTION_SUPPORT_NATIONAL_0865,EVOLUTION_SUPPORT,,REWARD_EVENT_EVOLUTION_SUPPORT_NATIONAL_0865,LEDGER_BIT_EVENT_EVOLUTION_SUPPORT_NATIONAL_0865,VAR_KEY_ACQUISITION_SELECTION,,failure/cancel/reset rollback; success ledger commit,capture: normal storage check; gift/egg: party then PC then queue,do not begin/consume/commit; show FULL and remain available,never hard-block on RTC; use ecology radar fixed-day/night selector,STANDARD_MESSAGE_YESNO_LIST_PARTY_PC,ACQ_RUNTIME_EVOLUTION_SUPPORT,scripts/build_acquisition_content.py,generated/map_scripts/HOST_REGIONAL_NURSERY.inc + generated/acquisition_event_defs.c,READY_TO_INTEGRATE,READY_TO_SERIALIZE; object delta=0; before=10; after=10,TEST_EVENT_EVOLUTION_SUPPORT_NATIONAL_0865_UNLOCK|_CANCEL|_RESET|_FULL|_SUCCESS|_DUPLICATE,ARC_EVOLUTION_SUPPORT: source=SPECIES_KEY_FARFETCHD_G; fallback=れんげきのあかしを使用
EVENT_EVOLUTION_SUPPORT_NATIONAL_0866,ARC_EVOLUTION_SUPPORT,SPECIES_KEY_MR_RIME,KANTO,K47,KANTO_INDOOR_PALLET_TOWN_PROFESSOR_OAKS_LAB,98,3,OBJECT_REUSE,HOST_REGIONAL_NURSERY,3,KANTO_INDOOR_PALLET_TOWN_PROFESSOR_OAKS_LAB_OBJECT_03_STUB,ACQ_HOST_SCRIPT_HOST_REGIONAL_NURSERY,11,10,3,OBJ_EVENT_GFX_SCIENTIST,MOVEMENT_TYPE_LOOK_AROUND,10,10,UNLOCK_REGIONAL_NURSERY,Lv.42以上,TALK_OR_EXAMINE_EXISTING_HOST,CHECK_UNLOCK|CHECK_LEDGER|OFFER|PREPARE|EXECUTE|COMMIT|RETRY|FULL|DONE,DIALOGUE_EVENT_EVOLUTION_SUPPORT_NATIONAL_0866,EVOLUTION_SUPPORT,,REWARD_EVENT_EVOLUTION_SUPPORT_NATIONAL_0866,LEDGER_BIT_EVENT_EVOLUTION_SUPPORT_NATIONAL_0866,VAR_KEY_ACQUISITION_SELECTION,,failure/cancel/reset rollback; success ledger commit,capture: normal storage check; gift/egg: party then PC then queue,do not begin/consume/commit; show FULL and remain available,never hard-block on RTC; use ecology radar fixed-day/night selector,STANDARD_MESSAGE_YESNO_LIST_PARTY_PC,ACQ_RUNTIME_EVOLUTION_SUPPORT,scripts/build_acquisition_content.py,generated/map_scripts/HOST_REGIONAL_NURSERY.inc + generated/acquisition_event_defs.c,READY_TO_INTEGRATE,READY_TO_SERIALIZE; object delta=0; before=10; after=10,TEST_EVENT_EVOLUTION_SUPPORT_NATIONAL_0866_UNLOCK|_CANCEL|_RESET|_FULL|_SUCCESS|_DUPLICATE,ARC_EVOLUTION_SUPPORT: source=SPECIES_KEY_MR_MIME_G; fallback=不要
EVENT_EVOLUTION_SUPPORT_NATIONAL_0867,ARC_EVOLUTION_SUPPORT,SPECIES_KEY_RUNERIGUS,KANTO,K47,KANTO_INDOOR_PALLET_TOWN_PROFESSOR_OAKS_LAB,98,3,OBJECT_REUSE,HOST_REGIONAL_NURSERY,3,KANTO_INDOOR_PALLET_TOWN_PROFESSOR_OAKS_LAB_OBJECT_03_STUB,ACQ_HOST_SCRIPT_HOST_REGIONAL_NURSERY,11,10,3,OBJ_EVENT_GFX_SCIENTIST,MOVEMENT_TYPE_LOOK_AROUND,10,10,UNLOCK_REGIONAL_NURSERY,累積49以上の被ダメージ後、指定場所でレベルアップ,TALK_OR_EXAMINE_EXISTING_HOST,CHECK_UNLOCK|CHECK_LEDGER|OFFER|PREPARE|EXECUTE|COMMIT|RETRY|FULL|DONE,DIALOGUE_EVENT_EVOLUTION_SUPPORT_NATIONAL_0867,EVOLUTION_SUPPORT,,REWARD_EVENT_EVOLUTION_SUPPORT_NATIONAL_0867,LEDGER_BIT_EVENT_EVOLUTION_SUPPORT_NATIONAL_0867,VAR_KEY_ACQUISITION_SELECTION,,failure/cancel/reset rollback; success ledger commit,capture: normal storage check; gift/egg: party then PC then queue,do not begin/consume/commit; show FULL and remain available,never hard-block on RTC; use ecology radar fixed-day/night selector,STANDARD_MESSAGE_YESNO_LIST_PARTY_PC,ACQ_RUNTIME_EVOLUTION_SUPPORT,scripts/build_acquisition_content.py,generated/map_scripts/HOST_REGIONAL_NURSERY.inc + generated/acquisition_event_defs.c,READY_TO_INTEGRATE,READY_TO_SERIALIZE; object delta=0; before=10; after=10,TEST_EVENT_EVOLUTION_SUPPORT_NATIONAL_0867_UNLOCK|_CANCEL|_RESET|_FULL|_SUCCESS|_DUPLICATE,ARC_EVOLUTION_SUPPORT: source=SPECIES_KEY_YAMASK_G; fallback=われたせきばんを使用
EVENT_EVOLUTION_SUPPORT_NATIONAL_0900,ARC_EVOLUTION_SUPPORT,SPECIES_KEY_KLEAVOR,KANTO,K47,KANTO_INDOOR_PALLET_TOWN_PROFESSOR_OAKS_LAB,98,3,OBJECT_REUSE,HOST_REGIONAL_NURSERY,3,KANTO_INDOOR_PALLET_TOWN_PROFESSOR_OAKS_LAB_OBJECT_03_STUB,ACQ_HOST_SCRIPT_HOST_REGIONAL_NURSERY,11,10,3,OBJ_EVENT_GFX_SCIENTIST,MOVEMENT_TYPE_LOOK_AROUND,10,10,UNLOCK_REGIONAL_NURSERY,くろのきせき使用,TALK_OR_EXAMINE_EXISTING_HOST,CHECK_UNLOCK|CHECK_LEDGER|OFFER|PREPARE|EXECUTE|COMMIT|RETRY|FULL|DONE,DIALOGUE_EVENT_EVOLUTION_SUPPORT_NATIONAL_0900,EVOLUTION_SUPPORT,,REWARD_EVENT_EVOLUTION_SUPPORT_NATIONAL_0900,LEDGER_BIT_EVENT_EVOLUTION_SUPPORT_NATIONAL_0900,VAR_KEY_ACQUISITION_SELECTION,,failure/cancel/reset rollback; success ledger commit,capture: normal storage check; gift/egg: party then PC then queue,do not begin/consume/commit; show FULL and remain available,never hard-block on RTC; use ecology radar fixed-day/night selector,STANDARD_MESSAGE_YESNO_LIST_PARTY_PC,ACQ_RUNTIME_EVOLUTION_SUPPORT,scripts/build_acquisition_content.py,generated/map_scripts/HOST_REGIONAL_NURSERY.inc + generated/acquisition_event_defs.c,READY_TO_INTEGRATE,READY_TO_SERIALIZE; object delta=0; before=10; after=10,TEST_EVENT_EVOLUTION_SUPPORT_NATIONAL_0900_UNLOCK|_CANCEL|_RESET|_FULL|_SUCCESS|_DUPLICATE,ARC_EVOLUTION_SUPPORT: source=SPECIES_KEY_SCYTHER; fallback=化石調査所で反復供給
EVENT_EVOLUTION_SUPPORT_NATIONAL_0902,ARC_EVOLUTION_SUPPORT,SPECIES_KEY_BASCULEGION_M,KANTO,K47,KANTO_INDOOR_PALLET_TOWN_PROFESSOR_OAKS_LAB,98,3,OBJECT_REUSE,HOST_REGIONAL_NURSERY,3,KANTO_INDOOR_PALLET_TOWN_PROFESSOR_OAKS_LAB_OBJECT_03_STUB,ACQ_HOST_SCRIPT_HOST_REGIONAL_NURSERY,11,10,3,OBJ_EVENT_GFX_SCIENTIST,MOVEMENT_TYPE_LOOK_AROUND,10,10,UNLOCK_REGIONAL_NURSERY,反動ダメージ累計294以上,TALK_OR_EXAMINE_EXISTING_HOST,CHECK_UNLOCK|CHECK_LEDGER|OFFER|PREPARE|EXECUTE|COMMIT|RETRY|FULL|DONE,DIALOGUE_EVENT_EVOLUTION_SUPPORT_NATIONAL_0902,EVOLUTION_SUPPORT,,REWARD_EVENT_EVOLUTION_SUPPORT_NATIONAL_0902,LEDGER_BIT_EVENT_EVOLUTION_SUPPORT_NATIONAL_0902,VAR_KEY_ACQUISITION_SELECTION,,failure/cancel/reset rollback; success ledger commit,capture: normal storage check; gift/egg: party then PC then queue,do not begin/consume/commit; show FULL and remain available,never hard-block on RTC; use ecology radar fixed-day/night selector,STANDARD_MESSAGE_YESNO_LIST_PARTY_PC,ACQ_RUNTIME_EVOLUTION_SUPPORT,scripts/build_acquisition_content.py,generated/map_scripts/HOST_REGIONAL_NURSERY.inc + generated/acquisition_event_defs.c,READY_TO_INTEGRATE,READY_TO_SERIALIZE; object delta=0; before=10; after=10,TEST_EVENT_EVOLUTION_SUPPORT_NATIONAL_0902_UNLOCK|_CANCEL|_RESET|_FULL|_SUCCESS|_DUPLICATE,ARC_EVOLUTION_SUPPORT: source=SPECIES_KEY_BASCULIN_H; fallback=累計カウンタ表示＋研究員確認
EVENT_EVOLUTION_SUPPORT_NATIONAL_0903,ARC_EVOLUTION_SUPPORT,SPECIES_KEY_SNEASLER,KANTO,K47,KANTO_INDOOR_PALLET_TOWN_PROFESSOR_OAKS_LAB,98,3,OBJECT_REUSE,HOST_REGIONAL_NURSERY,3,KANTO_INDOOR_PALLET_TOWN_PROFESSOR_OAKS_LAB_OBJECT_03_STUB,ACQ_HOST_SCRIPT_HOST_REGIONAL_NURSERY,11,10,3,OBJ_EVENT_GFX_SCIENTIST,MOVEMENT_TYPE_LOOK_AROUND,10,10,UNLOCK_REGIONAL_NURSERY,昼にするどいツメ使用,TALK_OR_EXAMINE_EXISTING_HOST,CHECK_UNLOCK|CHECK_LEDGER|OFFER|PREPARE|EXECUTE|COMMIT|RETRY|FULL|DONE,DIALOGUE_EVENT_EVOLUTION_SUPPORT_NATIONAL_0903,EVOLUTION_SUPPORT,,REWARD_EVENT_EVOLUTION_SUPPORT_NATIONAL_0903,LEDGER_BIT_EVENT_EVOLUTION_SUPPORT_NATIONAL_0903,VAR_KEY_ACQUISITION_SELECTION,,failure/cancel/reset rollback; success ledger commit,capture: normal storage check; gift/egg: party then PC then queue,do not begin/consume/commit; show FULL and remain available,never hard-block on RTC; use ecology radar fixed-day/night selector,STANDARD_MESSAGE_YESNO_LIST_PARTY_PC,ACQ_RUNTIME_EVOLUTION_SUPPORT,scripts/build_acquisition_content.py,generated/map_scripts/HOST_REGIONAL_NURSERY.inc + generated/acquisition_event_defs.c,READY_TO_INTEGRATE,READY_TO_SERIALIZE; object delta=0; before=10; after=10,TEST_EVENT_EVOLUTION_SUPPORT_NATIONAL_0903_UNLOCK|_CANCEL|_RESET|_FULL|_SUCCESS|_DUPLICATE,ARC_EVOLUTION_SUPPORT: source=SPECIES_KEY_SNEASEL_H; fallback=せいたいレーダーの朝昼固定
EVENT_EVOLUTION_SUPPORT_NATIONAL_0904,ARC_EVOLUTION_SUPPORT,SPECIES_KEY_OVERQWIL,KANTO,K47,KANTO_INDOOR_PALLET_TOWN_PROFESSOR_OAKS_LAB,98,3,OBJECT_REUSE,HOST_REGIONAL_NURSERY,3,KANTO_INDOOR_PALLET_TOWN_PROFESSOR_OAKS_LAB_OBJECT_03_STUB,ACQ_HOST_SCRIPT_HOST_REGIONAL_NURSERY,11,10,3,OBJ_EVENT_GFX_SCIENTIST,MOVEMENT_TYPE_LOOK_AROUND,10,10,UNLOCK_REGIONAL_NURSERY,どくばりセンボンを20回使用後レベルアップ,TALK_OR_EXAMINE_EXISTING_HOST,CHECK_UNLOCK|CHECK_LEDGER|OFFER|PREPARE|EXECUTE|COMMIT|RETRY|FULL|DONE,DIALOGUE_EVENT_EVOLUTION_SUPPORT_NATIONAL_0904,EVOLUTION_SUPPORT,,REWARD_EVENT_EVOLUTION_SUPPORT_NATIONAL_0904,LEDGER_BIT_EVENT_EVOLUTION_SUPPORT_NATIONAL_0904,VAR_KEY_ACQUISITION_SELECTION,,failure/cancel/reset rollback; success ledger commit,capture: normal storage check; gift/egg: party then PC then queue,do not begin/consume/commit; show FULL and remain available,never hard-block on RTC; use ecology radar fixed-day/night selector,STANDARD_MESSAGE_YESNO_LIST_PARTY_PC,ACQ_RUNTIME_EVOLUTION_SUPPORT,scripts/build_acquisition_content.py,generated/map_scripts/HOST_REGIONAL_NURSERY.inc + generated/acquisition_event_defs.c,READY_TO_INTEGRATE,READY_TO_SERIALIZE; object delta=0; before=10; after=10,TEST_EVENT_EVOLUTION_SUPPORT_NATIONAL_0904_UNLOCK|_CANCEL|_RESET|_FULL|_SUCCESS|_DUPLICATE,ARC_EVOLUTION_SUPPORT: source=SPECIES_KEY_QWILFISH_H; fallback=技回数カウンタ表示＋技思い出し
EVENT_EVOLUTION_SUPPORT_NATIONAL_0980,ARC_EVOLUTION_SUPPORT,SPECIES_KEY_CLODSIRE,KANTO,K47,KANTO_INDOOR_PALLET_TOWN_PROFESSOR_OAKS_LAB,98,3,OBJECT_REUSE,HOST_REGIONAL_NURSERY,3,KANTO_INDOOR_PALLET_TOWN_PROFESSOR_OAKS_LAB_OBJECT_03_STUB,ACQ_HOST_SCRIPT_HOST_REGIONAL_NURSERY,11,10,3,OBJ_EVENT_GFX_SCIENTIST,MOVEMENT_TYPE_LOOK_AROUND,10,10,UNLOCK_REGIONAL_NURSERY,Lv.20以上,TALK_OR_EXAMINE_EXISTING_HOST,CHECK_UNLOCK|CHECK_LEDGER|OFFER|PREPARE|EXECUTE|COMMIT|RETRY|FULL|DONE,DIALOGUE_EVENT_EVOLUTION_SUPPORT_NATIONAL_0980,EVOLUTION_SUPPORT,,REWARD_EVENT_EVOLUTION_SUPPORT_NATIONAL_0980,LEDGER_BIT_EVENT_EVOLUTION_SUPPORT_NATIONAL_0980,VAR_KEY_ACQUISITION_SELECTION,,failure/cancel/reset rollback; success ledger commit,capture: normal storage check; gift/egg: party then PC then queue,do not begin/consume/commit; show FULL and remain available,never hard-block on RTC; use ecology radar fixed-day/night selector,STANDARD_MESSAGE_YESNO_LIST_PARTY_PC,ACQ_RUNTIME_EVOLUTION_SUPPORT,scripts/build_acquisition_content.py,generated/map_scripts/HOST_REGIONAL_NURSERY.inc + generated/acquisition_event_defs.c,READY_TO_INTEGRATE,READY_TO_SERIALIZE; object delta=0; before=10; after=10,TEST_EVENT_EVOLUTION_SUPPORT_NATIONAL_0980_UNLOCK|_CANCEL|_RESET|_FULL|_SUCCESS|_DUPLICATE,ARC_EVOLUTION_SUPPORT: source=SPECIES_KEY_WOOPER_P; fallback=不要
EVENT_EVOLUTION_SUPPORT_NATIONAL_0981,ARC_EVOLUTION_SUPPORT,SPECIES_KEY_FARIGIRAF,KANTO,K41,KANTO_INDOOR_SAFFRON_CITY_MR_PSYCHICS_HOUSE,98,90,OBJECT_REUSE,HOST_MOVE_TUTOR,1,KANTO_INDOOR_SAFFRON_CITY_MR_PSYCHICS_HOUSE_OBJECT_01_STUB,ACQ_HOST_SCRIPT_HOST_MOVE_TUTOR,7,4,3,OBJ_EVENT_GFX_BALDING_MAN,MOVEMENT_TYPE_FACE_LEFT,1,1,UNLOCK_MOVE_CONDITION_TUTOR,ツインビーム習得後レベルアップ,TALK_OR_EXAMINE_EXISTING_HOST,CHECK_UNLOCK|CHECK_LEDGER|OFFER|PREPARE|EXECUTE|COMMIT|RETRY|FULL|DONE,DIALOGUE_EVENT_EVOLUTION_SUPPORT_NATIONAL_0981,EVOLUTION_SUPPORT,,REWARD_EVENT_EVOLUTION_SUPPORT_NATIONAL_0981,LEDGER_BIT_EVENT_EVOLUTION_SUPPORT_NATIONAL_0981,VAR_KEY_ACQUISITION_SELECTION,,failure/cancel/reset rollback; success ledger commit,capture: normal storage check; gift/egg: party then PC then queue,do not begin/consume/commit; show FULL and remain available,never hard-block on RTC; use ecology radar fixed-day/night selector,STANDARD_MESSAGE_YESNO_LIST_PARTY_PC,ACQ_RUNTIME_EVOLUTION_SUPPORT,scripts/build_acquisition_content.py,generated/map_scripts/HOST_MOVE_TUTOR.inc + generated/acquisition_event_defs.c,READY_TO_INTEGRATE,READY_TO_SERIALIZE; object delta=0; before=1; after=1,TEST_EVENT_EVOLUTION_SUPPORT_NATIONAL_0981_UNLOCK|_CANCEL|_RESET|_FULL|_SUCCESS|_DUPLICATE,ARC_EVOLUTION_SUPPORT: source=SPECIES_KEY_GIRAFARIG; fallback=条件技教えNPC
EVENT_EVOLUTION_SUPPORT_NATIONAL_0982,ARC_EVOLUTION_SUPPORT,SPECIES_KEY_DUDUNSPARCE,KANTO,K41,KANTO_INDOOR_SAFFRON_CITY_MR_PSYCHICS_HOUSE,98,90,OBJECT_REUSE,HOST_MOVE_TUTOR,1,KANTO_INDOOR_SAFFRON_CITY_MR_PSYCHICS_HOUSE_OBJECT_01_STUB,ACQ_HOST_SCRIPT_HOST_MOVE_TUTOR,7,4,3,OBJ_EVENT_GFX_BALDING_MAN,MOVEMENT_TYPE_FACE_LEFT,1,1,UNLOCK_MOVE_CONDITION_TUTOR,ハイパードリル習得後レベルアップ,TALK_OR_EXAMINE_EXISTING_HOST,CHECK_UNLOCK|CHECK_LEDGER|OFFER|PREPARE|EXECUTE|COMMIT|RETRY|FULL|DONE,DIALOGUE_EVENT_EVOLUTION_SUPPORT_NATIONAL_0982,EVOLUTION_SUPPORT,,REWARD_EVENT_EVOLUTION_SUPPORT_NATIONAL_0982,LEDGER_BIT_EVENT_EVOLUTION_SUPPORT_NATIONAL_0982,VAR_KEY_ACQUISITION_SELECTION,,failure/cancel/reset rollback; success ledger commit,capture: normal storage check; gift/egg: party then PC then queue,do not begin/consume/commit; show FULL and remain available,never hard-block on RTC; use ecology radar fixed-day/night selector,STANDARD_MESSAGE_YESNO_LIST_PARTY_PC,ACQ_RUNTIME_EVOLUTION_SUPPORT,scripts/build_acquisition_content.py,generated/map_scripts/HOST_MOVE_TUTOR.inc + generated/acquisition_event_defs.c,READY_TO_INTEGRATE,READY_TO_SERIALIZE; object delta=0; before=1; after=1,TEST_EVENT_EVOLUTION_SUPPORT_NATIONAL_0982_UNLOCK|_CANCEL|_RESET|_FULL|_SUCCESS|_DUPLICATE,ARC_EVOLUTION_SUPPORT: source=SPECIES_KEY_DUNSPARCE; fallback=条件技教えNPC
EVENT_TRADE_EMULATOR_SERVICE,ARC_TRADE_EMULATOR,,KANTO,K41,KANTO_INDOOR_SAFFRON_CITY_POKEMON_CENTER_2_F,98,89,OBJECT_REUSE,HOST_TRADE_EMULATOR,1,KANTO_INDOOR_SAFFRON_CITY_POKEMON_CENTER_2_F_OBJECT_01_STUB,ACQ_HOST_SCRIPT_HOST_TRADE_EMULATOR,6,2,3,OBJ_EVENT_GFX_CABLE_CLUB_RECEPTIONIST,MOVEMENT_TYPE_FACE_DOWN,4,4,UNLOCK_LINK_CORD_SERVICE,selected party mon matches trade_alternative_catalog.csv,TALK_OR_EXAMINE_EXISTING_HOST,CHECK_UNLOCK|CHECK_LEDGER|OFFER|PREPARE|EXECUTE|COMMIT|RETRY|FULL|DONE,DIALOGUE_EVENT_TRADE_EMULATOR_SERVICE,TRADE_EMULATOR,,REWARD_EVENT_TRADE_EMULATOR_SERVICE,LEDGER_BIT_EVENT_TRADE_EMULATOR_SERVICE,VAR_KEY_ACQUISITION_SELECTION,,failure/cancel/reset rollback; success ledger commit,capture: normal storage check; gift/egg: party then PC then queue,do not begin/consume/commit; show FULL and remain available,never hard-block on RTC; use ecology radar fixed-day/night selector,STANDARD_MESSAGE_YESNO_LIST_PARTY_PC,ACQ_RUNTIME_TRADE_EMULATOR,scripts/build_acquisition_content.py,generated/map_scripts/HOST_TRADE_EMULATOR.inc + generated/acquisition_event_defs.c,READY_TO_INTEGRATE,READY_TO_SERIALIZE; object delta=0; before=4; after=4,TEST_EVENT_TRADE_EMULATOR_SERVICE_UNLOCK|_CANCEL|_RESET|_FULL|_SUCCESS|_DUPLICATE,ARC_TRADE_EMULATOR: 通信交換を残しつつ、つながりのヒモ／指定交換シミュレータで一人ROM完成を保証。
EVENT_ECOLOGY_RADAR_TIME_SERVICE,ARC_RTC_FALLBACK,,KANTO,K33,KANTO_OUTDOOR_CELADON_CITY,96,6,OBJECT_REUSE,HOST_MISC_NATURE,2,KANTO_OUTDOOR_CELADON_CITY_OBJECT_02_STUB,ACQ_HOST_SCRIPT_HOST_MISC_NATURE,38,14,3,OBJ_EVENT_GFX_FAT_MAN,MOVEMENT_TYPE_FACE_LEFT,15,15,UNLOCK_HALL_OF_FAME,player selects AUTO/DAY/NIGHT/SWARM/HIDDEN,TALK_OR_EXAMINE_EXISTING_HOST,CHECK_UNLOCK|CHECK_LEDGER|OFFER|PREPARE|EXECUTE|COMMIT|RETRY|FULL|DONE,DIALOGUE_EVENT_ECOLOGY_RADAR_TIME_SERVICE,SERVICE,,REWARD_EVENT_ECOLOGY_RADAR_TIME_SERVICE,LEDGER_BIT_EVENT_ECOLOGY_RADAR_TIME_SERVICE,VAR_KEY_ACQUISITION_SELECTION,,failure/cancel/reset rollback; success ledger commit,capture: normal storage check; gift/egg: party then PC then queue,do not begin/consume/commit; show FULL and remain available,never hard-block on RTC; use ecology radar fixed-day/night selector,STANDARD_MESSAGE_YESNO_LIST_PARTY_PC,ACQ_RUNTIME_SERVICE,scripts/build_acquisition_content.py,generated/map_scripts/HOST_MISC_NATURE.inc + generated/acquisition_event_defs.c,READY_TO_INTEGRATE,READY_TO_SERIALIZE; object delta=0; before=15; after=15,TEST_EVENT_ECOLOGY_RADAR_TIME_SERVICE_UNLOCK|_CANCEL|_RESET|_FULL|_SUCCESS|_DUPLICATE,ARC_RTC_FALLBACK: 既存せいたいレーダーruntimeを再利用。RTC値そのものを必須にしない。
