evolution_id,from_national_no,from_species_key,from_name,to_national_no,to_species_key,to_name,official_condition,integrated_condition,condition_class,supply_route_keys,rtc_fallback,communication_free,edge_source_status,supply_audit_status,required_exact_rom_tests,notes
1,1,SPECIES_KEY_BULBASAUR,フシギダネ,2,SPECIES_KEY_IVYSAUR,フシギソウ,レベルアップ＋Lv.16以上,レベルアップ＋Lv.16以上（CFRU/DPEの対応トリガーを使用。通信・RTC必須にはしない）,LEVEL_OR_STANDARD,,NOT_APPLICABLE,yes,ROM_EDGE_EXISTS_FOR_COVERED_ROWS; MASTER_DESIGN_FOR_OTHER_ROWS,READY_TO_INTEGRATE,TEST_EVOLUTION_0001_TRIGGER|_MISSING_INPUT|_SAVE_RELOAD,既存ベガ種族IDを参照元にしたまま、新種族IDへ接続
2,2,SPECIES_KEY_IVYSAUR,フシギソウ,3,SPECIES_KEY_VENUSAUR,フシギバナ,レベルアップ＋Lv.32以上,レベルアップ＋Lv.32以上（CFRU/DPEの対応トリガーを使用。通信・RTC必須にはしない）,LEVEL_OR_STANDARD,,NOT_APPLICABLE,yes,ROM_EDGE_EXISTS_FOR_COVERED_ROWS; MASTER_DESIGN_FOR_OTHER_ROWS,READY_TO_INTEGRATE,TEST_EVOLUTION_0002_TRIGGER|_MISSING_INPUT|_SAVE_RELOAD,既存ベガ種族IDを参照元にしたまま、新種族IDへ接続
3,4,SPECIES_KEY_CHARMANDER,ヒトカゲ,5,SPECIES_KEY_CHARMELEON,リザード,レベルアップ＋Lv.16以上,レベルアップ＋Lv.16以上（CFRU/DPEの対応トリガーを使用。通信・RTC必須にはしない）,LEVEL_OR_STANDARD,,NOT_APPLICABLE,yes,ROM_EDGE_EXISTS_FOR_COVERED_ROWS; MASTER_DESIGN_FOR_OTHER_ROWS,READY_TO_INTEGRATE,TEST_EVOLUTION_0003_TRIGGER|_MISSING_INPUT|_SAVE_RELOAD,既存ベガ種族IDを参照元にしたまま、新種族IDへ接続
4,5,SPECIES_KEY_CHARMELEON,リザード,6,SPECIES_KEY_CHARIZARD,リザードン,レベルアップ＋Lv.36以上,レベルアップ＋Lv.36以上（CFRU/DPEの対応トリガーを使用。通信・RTC必須にはしない）,LEVEL_OR_STANDARD,,NOT_APPLICABLE,yes,ROM_EDGE_EXISTS_FOR_COVERED_ROWS; MASTER_DESIGN_FOR_OTHER_ROWS,READY_TO_INTEGRATE,TEST_EVOLUTION_0004_TRIGGER|_MISSING_INPUT|_SAVE_RELOAD,既存ベガ種族IDを参照元にしたまま、新種族IDへ接続
5,7,SPECIES_KEY_SQUIRTLE,ゼニガメ,8,SPECIES_KEY_WARTORTLE,カメール,レベルアップ＋Lv.16以上,レベルアップ＋Lv.16以上（CFRU/DPEの対応トリガーを使用。通信・RTC必須にはしない）,LEVEL_OR_STANDARD,,NOT_APPLICABLE,yes,ROM_EDGE_EXISTS_FOR_COVERED_ROWS; MASTER_DESIGN_FOR_OTHER_ROWS,READY_TO_INTEGRATE,TEST_EVOLUTION_0005_TRIGGER|_MISSING_INPUT|_SAVE_RELOAD,既存ベガ種族IDを参照元にしたまま、新種族IDへ接続
6,8,SPECIES_KEY_WARTORTLE,カメール,9,SPECIES_KEY_BLASTOISE,カメックス,レベルアップ＋Lv.36以上,レベルアップ＋Lv.36以上（CFRU/DPEの対応トリガーを使用。通信・RTC必須にはしない）,LEVEL_OR_STANDARD,,NOT_APPLICABLE,yes,ROM_EDGE_EXISTS_FOR_COVERED_ROWS; MASTER_DESIGN_FOR_OTHER_ROWS,READY_TO_INTEGRATE,TEST_EVOLUTION_0006_TRIGGER|_MISSING_INPUT|_SAVE_RELOAD,既存ベガ種族IDを参照元にしたまま、新種族IDへ接続
7,10,SPECIES_KEY_CATERPIE,キャタピー,11,SPECIES_KEY_METAPOD,トランセル,レベルアップ＋Lv.7以上,レベルアップ＋Lv.7以上（CFRU/DPEの対応トリガーを使用。通信・RTC必須にはしない）,LEVEL_OR_STANDARD,,NOT_APPLICABLE,yes,ROM_EDGE_EXISTS_FOR_COVERED_ROWS; MASTER_DESIGN_FOR_OTHER_ROWS,READY_TO_INTEGRATE,TEST_EVOLUTION_0007_TRIGGER|_MISSING_INPUT|_SAVE_RELOAD,DPE拡張系統内で接続
8,11,SPECIES_KEY_METAPOD,トランセル,12,SPECIES_KEY_BUTTERFREE,バタフリー,レベルアップ＋Lv.10以上,レベルアップ＋Lv.10以上（CFRU/DPEの対応トリガーを使用。通信・RTC必須にはしない）,LEVEL_OR_STANDARD,,NOT_APPLICABLE,yes,ROM_EDGE_EXISTS_FOR_COVERED_ROWS; MASTER_DESIGN_FOR_OTHER_ROWS,READY_TO_INTEGRATE,TEST_EVOLUTION_0008_TRIGGER|_MISSING_INPUT|_SAVE_RELOAD,DPE拡張系統内で接続
9,13,SPECIES_KEY_WEEDLE,ビードル,14,SPECIES_KEY_KAKUNA,コクーン,レベルアップ＋Lv.7以上,レベルアップ＋Lv.7以上（CFRU/DPEの対応トリガーを使用。通信・RTC必須にはしない）,LEVEL_OR_STANDARD,,NOT_APPLICABLE,yes,ROM_EDGE_EXISTS_FOR_COVERED_ROWS; MASTER_DESIGN_FOR_OTHER_ROWS,READY_TO_INTEGRATE,TEST_EVOLUTION_0009_TRIGGER|_MISSING_INPUT|_SAVE_RELOAD,DPE拡張系統内で接続
10,14,SPECIES_KEY_KAKUNA,コクーン,15,SPECIES_KEY_BEEDRILL,スピアー,レベルアップ＋Lv.10以上,レベルアップ＋Lv.10以上（CFRU/DPEの対応トリガーを使用。通信・RTC必須にはしない）,LEVEL_OR_STANDARD,,NOT_APPLICABLE,yes,ROM_EDGE_EXISTS_FOR_COVERED_ROWS; MASTER_DESIGN_FOR_OTHER_ROWS,READY_TO_INTEGRATE,TEST_EVOLUTION_0010_TRIGGER|_MISSING_INPUT|_SAVE_RELOAD,DPE拡張系統内で接続
11,16,SPECIES_KEY_PIDGEY,ポッポ,17,SPECIES_KEY_PIDGEOTTO,ピジョン,レベルアップ＋Lv.18以上,レベルアップ＋Lv.18以上（CFRU/DPEの対応トリガーを使用。通信・RTC必須にはしない）,LEVEL_OR_STANDARD,,NOT_APPLICABLE,yes,ROM_EDGE_EXISTS_FOR_COVERED_ROWS; MASTER_DESIGN_FOR_OTHER_ROWS,READY_TO_INTEGRATE,TEST_EVOLUTION_0011_TRIGGER|_MISSING_INPUT|_SAVE_RELOAD,DPE拡張系統内で接続
12,17,SPECIES_KEY_PIDGEOTTO,ピジョン,18,SPECIES_KEY_PIDGEOT,ピジョット,レベルアップ＋Lv.36以上,レベルアップ＋Lv.36以上（CFRU/DPEの対応トリガーを使用。通信・RTC必須にはしない）,LEVEL_OR_STANDARD,,NOT_APPLICABLE,yes,ROM_EDGE_EXISTS_FOR_COVERED_ROWS; MASTER_DESIGN_FOR_OTHER_ROWS,READY_TO_INTEGRATE,TEST_EVOLUTION_0012_TRIGGER|_MISSING_INPUT|_SAVE_RELOAD,DPE拡張系統内で接続
13,19,SPECIES_KEY_RATTATA,コラッタ,20,SPECIES_KEY_RATICATE,ラッタ,レベルアップ＋Lv.20以上,レベルアップ＋Lv.20以上（CFRU/DPEの対応トリガーを使用。通信・RTC必須にはしない）,LEVEL_OR_STANDARD,,NOT_APPLICABLE,yes,ROM_EDGE_EXISTS_FOR_COVERED_ROWS; MASTER_DESIGN_FOR_OTHER_ROWS,READY_TO_INTEGRATE,TEST_EVOLUTION_0013_TRIGGER|_MISSING_INPUT|_SAVE_RELOAD,DPE拡張系統内で接続
14,21,SPECIES_KEY_SPEAROW,オニスズメ,22,SPECIES_KEY_FEAROW,オニドリル,レベルアップ＋Lv.20以上,レベルアップ＋Lv.20以上（CFRU/DPEの対応トリガーを使用。通信・RTC必須にはしない）,LEVEL_OR_STANDARD,,NOT_APPLICABLE,yes,ROM_EDGE_EXISTS_FOR_COVERED_ROWS; MASTER_DESIGN_FOR_OTHER_ROWS,READY_TO_INTEGRATE,TEST_EVOLUTION_0014_TRIGGER|_MISSING_INPUT|_SAVE_RELOAD,DPE拡張系統内で接続
15,23,SPECIES_KEY_EKANS,アーボ,24,SPECIES_KEY_ARBOK,アーボック,レベルアップ＋Lv.22以上,レベルアップ＋Lv.22以上（CFRU/DPEの対応トリガーを使用。通信・RTC必須にはしない）,LEVEL_OR_STANDARD,,NOT_APPLICABLE,yes,ROM_EDGE_EXISTS_FOR_COVERED_ROWS; MASTER_DESIGN_FOR_OTHER_ROWS,READY_TO_INTEGRATE,TEST_EVOLUTION_0015_TRIGGER|_MISSING_INPUT|_SAVE_RELOAD,既存ベガ種族IDを参照元にしたまま、新種族IDへ接続
16,172,SPECIES_KEY_PICHU,ピチュー,25,SPECIES_KEY_PIKACHU,ピカチュウ,レベルアップ＋なつき度220以上,レベルアップ＋なつき度220以上（CFRU/DPEの対応トリガーを使用。通信・RTC必須にはしない）,FRIENDSHIP,SUPPLY_FRIENDSHIP_SERVICES_EXISTING,NOT_APPLICABLE,yes,ROM_EDGE_EXISTS_FOR_COVERED_ROWS; MASTER_DESIGN_FOR_OTHER_ROWS,EXACT_ROM_SUPPLY_AUDIT_REQUIRED,TEST_EVOLUTION_0016_TRIGGER|_MISSING_INPUT|_SAVE_RELOAD,既存ベガ種族IDを参照元にしたまま、新種族IDへ接続
17,25,SPECIES_KEY_PIKACHU,ピカチュウ,26,SPECIES_KEY_RAICHU,ライチュウ,道具使用＋かみなりのいしを使う,道具使用＋かみなりのいしを使う（CFRU/DPEの対応トリガーを使用。通信・RTC必須にはしない）,ITEM,SUPPLY_ITEM_CATALOG_AUDIT,NOT_APPLICABLE,yes,ROM_EDGE_EXISTS_FOR_COVERED_ROWS; MASTER_DESIGN_FOR_OTHER_ROWS,EXACT_ROM_SUPPLY_AUDIT_REQUIRED,TEST_EVOLUTION_0017_TRIGGER|_MISSING_INPUT|_SAVE_RELOAD,既存ベガ種族IDを参照元にしたまま、新種族IDへ接続
18,27,SPECIES_KEY_SANDSHREW,サンド,28,SPECIES_KEY_SANDSLASH,サンドパン,レベルアップ＋Lv.22以上,レベルアップ＋Lv.22以上（CFRU/DPEの対応トリガーを使用。通信・RTC必須にはしない）,LEVEL_OR_STANDARD,,NOT_APPLICABLE,yes,ROM_EDGE_EXISTS_FOR_COVERED_ROWS; MASTER_DESIGN_FOR_OTHER_ROWS,READY_TO_INTEGRATE,TEST_EVOLUTION_0018_TRIGGER|_MISSING_INPUT|_SAVE_RELOAD,既存ベガ種族IDを参照元にしたまま、新種族IDへ接続
19,29,SPECIES_KEY_NIDORAN_F,ニドラン♀,30,SPECIES_KEY_NIDORINA,ニドリーナ,レベルアップ＋Lv.16以上,レベルアップ＋Lv.16以上（CFRU/DPEの対応トリガーを使用。通信・RTC必須にはしない）,LEVEL_OR_STANDARD,,NOT_APPLICABLE,yes,ROM_EDGE_EXISTS_FOR_COVERED_ROWS; MASTER_DESIGN_FOR_OTHER_ROWS,READY_TO_INTEGRATE,TEST_EVOLUTION_0019_TRIGGER|_MISSING_INPUT|_SAVE_RELOAD,既存ベガ種族IDを参照元にしたまま、新種族IDへ接続
20,30,SPECIES_KEY_NIDORINA,ニドリーナ,31,SPECIES_KEY_NIDOQUEEN,ニドクイン,道具使用＋つきのいしを使う,道具使用＋つきのいしを使う（CFRU/DPEの対応トリガーを使用。通信・RTC必須にはしない）,ITEM,SUPPLY_ITEM_CATALOG_AUDIT,NOT_APPLICABLE,yes,ROM_EDGE_EXISTS_FOR_COVERED_ROWS; MASTER_DESIGN_FOR_OTHER_ROWS,EXACT_ROM_SUPPLY_AUDIT_REQUIRED,TEST_EVOLUTION_0020_TRIGGER|_MISSING_INPUT|_SAVE_RELOAD,既存ベガ種族IDを参照元にしたまま、新種族IDへ接続
21,32,SPECIES_KEY_NIDORAN_M,ニドラン♂,33,SPECIES_KEY_NIDORINO,ニドリーノ,レベルアップ＋Lv.16以上,レベルアップ＋Lv.16以上（CFRU/DPEの対応トリガーを使用。通信・RTC必須にはしない）,LEVEL_OR_STANDARD,,NOT_APPLICABLE,yes,ROM_EDGE_EXISTS_FOR_COVERED_ROWS; MASTER_DESIGN_FOR_OTHER_ROWS,READY_TO_INTEGRATE,TEST_EVOLUTION_0021_TRIGGER|_MISSING_INPUT|_SAVE_RELOAD,既存ベガ種族IDを参照元にしたまま、新種族IDへ接続
22,33,SPECIES_KEY_NIDORINO,ニドリーノ,34,SPECIES_KEY_NIDOKING,ニドキング,道具使用＋つきのいしを使う,道具使用＋つきのいしを使う（CFRU/DPEの対応トリガーを使用。通信・RTC必須にはしない）,ITEM,SUPPLY_ITEM_CATALOG_AUDIT,NOT_APPLICABLE,yes,ROM_EDGE_EXISTS_FOR_COVERED_ROWS; MASTER_DESIGN_FOR_OTHER_ROWS,EXACT_ROM_SUPPLY_AUDIT_REQUIRED,TEST_EVOLUTION_0022_TRIGGER|_MISSING_INPUT|_SAVE_RELOAD,既存ベガ種族IDを参照元にしたまま、新種族IDへ接続
23,173,SPECIES_KEY_CLEFFA,ピィ,35,SPECIES_KEY_CLEFAIRY,ピッピ,レベルアップ＋なつき度160以上,レベルアップ＋なつき度160以上（CFRU/DPEの対応トリガーを使用。通信・RTC必須にはしない）,FRIENDSHIP,SUPPLY_FRIENDSHIP_SERVICES_EXISTING,NOT_APPLICABLE,yes,ROM_EDGE_EXISTS_FOR_COVERED_ROWS; MASTER_DESIGN_FOR_OTHER_ROWS,EXACT_ROM_SUPPLY_AUDIT_REQUIRED,TEST_EVOLUTION_0023_TRIGGER|_MISSING_INPUT|_SAVE_RELOAD,DPE拡張系統内で接続
24,35,SPECIES_KEY_CLEFAIRY,ピッピ,36,SPECIES_KEY_CLEFABLE,ピクシー,道具使用＋つきのいしを使う,道具使用＋つきのいしを使う（CFRU/DPEの対応トリガーを使用。通信・RTC必須にはしない）,ITEM,SUPPLY_ITEM_CATALOG_AUDIT,NOT_APPLICABLE,yes,ROM_EDGE_EXISTS_FOR_COVERED_ROWS; MASTER_DESIGN_FOR_OTHER_ROWS,EXACT_ROM_SUPPLY_AUDIT_REQUIRED,TEST_EVOLUTION_0024_TRIGGER|_MISSING_INPUT|_SAVE_RELOAD,DPE拡張系統内で接続
25,37,SPECIES_KEY_VULPIX,ロコン,38,SPECIES_KEY_NINETALES,キュウコン,道具使用＋ほのおのいしを使う,道具使用＋ほのおのいしを使う（CFRU/DPEの対応トリガーを使用。通信・RTC必須にはしない）,ITEM,SUPPLY_ITEM_CATALOG_AUDIT,NOT_APPLICABLE,yes,ROM_EDGE_EXISTS_FOR_COVERED_ROWS; MASTER_DESIGN_FOR_OTHER_ROWS,EXACT_ROM_SUPPLY_AUDIT_REQUIRED,TEST_EVOLUTION_0025_TRIGGER|_MISSING_INPUT|_SAVE_RELOAD,DPE拡張系統内で接続
26,174,SPECIES_KEY_IGGLYBUFF,ププリン,39,SPECIES_KEY_JIGGLYPUFF,プリン,レベルアップ＋なつき度160以上,レベルアップ＋なつき度160以上（CFRU/DPEの対応トリガーを使用。通信・RTC必須にはしない）,FRIENDSHIP,SUPPLY_FRIENDSHIP_SERVICES_EXISTING,NOT_APPLICABLE,yes,ROM_EDGE_EXISTS_FOR_COVERED_ROWS; MASTER_DESIGN_FOR_OTHER_ROWS,EXACT_ROM_SUPPLY_AUDIT_REQUIRED,TEST_EVOLUTION_0026_TRIGGER|_MISSING_INPUT|_SAVE_RELOAD,DPE拡張系統内で接続
27,39,SPECIES_KEY_JIGGLYPUFF,プリン,40,SPECIES_KEY_WIGGLYTUFF,プクリン,道具使用＋つきのいしを使う,道具使用＋つきのいしを使う（CFRU/DPEの対応トリガーを使用。通信・RTC必須にはしない）,ITEM,SUPPLY_ITEM_CATALOG_AUDIT,NOT_APPLICABLE,yes,ROM_EDGE_EXISTS_FOR_COVERED_ROWS; MASTER_DESIGN_FOR_OTHER_ROWS,EXACT_ROM_SUPPLY_AUDIT_REQUIRED,TEST_EVOLUTION_0027_TRIGGER|_MISSING_INPUT|_SAVE_RELOAD,DPE拡張系統内で接続
28,41,SPECIES_KEY_ZUBAT,ズバット,42,SPECIES_KEY_GOLBAT,ゴルバット,レベルアップ＋Lv.22以上,レベルアップ＋Lv.22以上（CFRU/DPEの対応トリガーを使用。通信・RTC必須にはしない）,LEVEL_OR_STANDARD,,NOT_APPLICABLE,yes,ROM_EDGE_EXISTS_FOR_COVERED_ROWS; MASTER_DESIGN_FOR_OTHER_ROWS,READY_TO_INTEGRATE,TEST_EVOLUTION_0028_TRIGGER|_MISSING_INPUT|_SAVE_RELOAD,DPE拡張系統内で接続
29,43,SPECIES_KEY_ODDISH,ナゾノクサ,44,SPECIES_KEY_GLOOM,クサイハナ,レベルアップ＋Lv.21以上,レベルアップ＋Lv.21以上（CFRU/DPEの対応トリガーを使用。通信・RTC必須にはしない）,LEVEL_OR_STANDARD,,NOT_APPLICABLE,yes,ROM_EDGE_EXISTS_FOR_COVERED_ROWS; MASTER_DESIGN_FOR_OTHER_ROWS,READY_TO_INTEGRATE,TEST_EVOLUTION_0029_TRIGGER|_MISSING_INPUT|_SAVE_RELOAD,DPE拡張系統内で接続
30,44,SPECIES_KEY_GLOOM,クサイハナ,45,SPECIES_KEY_VILEPLUME,ラフレシア,道具使用＋リーフのいしを使う,道具使用＋リーフのいしを使う（CFRU/DPEの対応トリガーを使用。通信・RTC必須にはしない）,ITEM,SUPPLY_ITEM_CATALOG_AUDIT,NOT_APPLICABLE,yes,ROM_EDGE_EXISTS_FOR_COVERED_ROWS; MASTER_DESIGN_FOR_OTHER_ROWS,EXACT_ROM_SUPPLY_AUDIT_REQUIRED,TEST_EVOLUTION_0030_TRIGGER|_MISSING_INPUT|_SAVE_RELOAD,DPE拡張系統内で接続
31,46,SPECIES_KEY_PARAS,パラス,47,SPECIES_KEY_PARASECT,パラセクト,レベルアップ＋Lv.24以上,レベルアップ＋Lv.24以上（CFRU/DPEの対応トリガーを使用。通信・RTC必須にはしない）,LEVEL_OR_STANDARD,,NOT_APPLICABLE,yes,ROM_EDGE_EXISTS_FOR_COVERED_ROWS; MASTER_DESIGN_FOR_OTHER_ROWS,READY_TO_INTEGRATE,TEST_EVOLUTION_0031_TRIGGER|_MISSING_INPUT|_SAVE_RELOAD,DPE拡張系統内で接続
32,48,SPECIES_KEY_VENONAT,コンパン,49,SPECIES_KEY_VENOMOTH,モルフォン,レベルアップ＋Lv.31以上,レベルアップ＋Lv.31以上（CFRU/DPEの対応トリガーを使用。通信・RTC必須にはしない）,LEVEL_OR_STANDARD,,NOT_APPLICABLE,yes,ROM_EDGE_EXISTS_FOR_COVERED_ROWS; MASTER_DESIGN_FOR_OTHER_ROWS,READY_TO_INTEGRATE,TEST_EVOLUTION_0032_TRIGGER|_MISSING_INPUT|_SAVE_RELOAD,DPE拡張系統内で接続
33,50,SPECIES_KEY_DIGLETT,ディグダ,51,SPECIES_KEY_DUGTRIO,ダグトリオ,レベルアップ＋Lv.26以上,レベルアップ＋Lv.26以上（CFRU/DPEの対応トリガーを使用。通信・RTC必須にはしない）,LEVEL_OR_STANDARD,,NOT_APPLICABLE,yes,ROM_EDGE_EXISTS_FOR_COVERED_ROWS; MASTER_DESIGN_FOR_OTHER_ROWS,READY_TO_INTEGRATE,TEST_EVOLUTION_0033_TRIGGER|_MISSING_INPUT|_SAVE_RELOAD,既存ベガ種族IDを参照元にしたまま、新種族IDへ接続
34,52,SPECIES_KEY_MEOWTH,ニャース,53,SPECIES_KEY_PERSIAN,ペルシアン,レベルアップ＋Lv.28以上,レベルアップ＋Lv.28以上（CFRU/DPEの対応トリガーを使用。通信・RTC必須にはしない）,LEVEL_OR_STANDARD,,NOT_APPLICABLE,yes,ROM_EDGE_EXISTS_FOR_COVERED_ROWS; MASTER_DESIGN_FOR_OTHER_ROWS,READY_TO_INTEGRATE,TEST_EVOLUTION_0034_TRIGGER|_MISSING_INPUT|_SAVE_RELOAD,DPE拡張系統内で接続
35,54,SPECIES_KEY_PSYDUCK,コダック,55,SPECIES_KEY_GOLDUCK,ゴルダック,レベルアップ＋Lv.33以上,レベルアップ＋Lv.33以上（CFRU/DPEの対応トリガーを使用。通信・RTC必須にはしない）,LEVEL_OR_STANDARD,,NOT_APPLICABLE,yes,ROM_EDGE_EXISTS_FOR_COVERED_ROWS; MASTER_DESIGN_FOR_OTHER_ROWS,READY_TO_INTEGRATE,TEST_EVOLUTION_0035_TRIGGER|_MISSING_INPUT|_SAVE_RELOAD,DPE拡張系統内で接続
36,56,SPECIES_KEY_MANKEY,マンキー,57,SPECIES_KEY_PRIMEAPE,オコリザル,レベルアップ＋Lv.28以上,レベルアップ＋Lv.28以上（CFRU/DPEの対応トリガーを使用。通信・RTC必須にはしない）,LEVEL_OR_STANDARD,,NOT_APPLICABLE,yes,ROM_EDGE_EXISTS_FOR_COVERED_ROWS; MASTER_DESIGN_FOR_OTHER_ROWS,READY_TO_INTEGRATE,TEST_EVOLUTION_0036_TRIGGER|_MISSING_INPUT|_SAVE_RELOAD,DPE拡張系統内で接続
37,58,SPECIES_KEY_GROWLITHE,ガーディ,59,SPECIES_KEY_ARCANINE,ウインディ,道具使用＋ほのおのいしを使う,道具使用＋ほのおのいしを使う（CFRU/DPEの対応トリガーを使用。通信・RTC必須にはしない）,ITEM,SUPPLY_ITEM_CATALOG_AUDIT,NOT_APPLICABLE,yes,ROM_EDGE_EXISTS_FOR_COVERED_ROWS; MASTER_DESIGN_FOR_OTHER_ROWS,EXACT_ROM_SUPPLY_AUDIT_REQUIRED,TEST_EVOLUTION_0037_TRIGGER|_MISSING_INPUT|_SAVE_RELOAD,DPE拡張系統内で接続
38,60,SPECIES_KEY_POLIWAG,ニョロモ,61,SPECIES_KEY_POLIWHIRL,ニョロゾ,レベルアップ＋Lv.25以上,レベルアップ＋Lv.25以上（CFRU/DPEの対応トリガーを使用。通信・RTC必須にはしない）,LEVEL_OR_STANDARD,,NOT_APPLICABLE,yes,ROM_EDGE_EXISTS_FOR_COVERED_ROWS; MASTER_DESIGN_FOR_OTHER_ROWS,READY_TO_INTEGRATE,TEST_EVOLUTION_0038_TRIGGER|_MISSING_INPUT|_SAVE_RELOAD,DPE拡張系統内で接続
39,61,SPECIES_KEY_POLIWHIRL,ニョロゾ,62,SPECIES_KEY_POLIWRATH,ニョロボン,道具使用＋みずのいしを使う,道具使用＋みずのいしを使う（CFRU/DPEの対応トリガーを使用。通信・RTC必須にはしない）,ITEM,SUPPLY_ITEM_CATALOG_AUDIT,NOT_APPLICABLE,yes,ROM_EDGE_EXISTS_FOR_COVERED_ROWS; MASTER_DESIGN_FOR_OTHER_ROWS,EXACT_ROM_SUPPLY_AUDIT_REQUIRED,TEST_EVOLUTION_0039_TRIGGER|_MISSING_INPUT|_SAVE_RELOAD,DPE拡張系統内で接続
40,63,SPECIES_KEY_ABRA,ケーシィ,64,SPECIES_KEY_KADABRA,ユンゲラー,レベルアップ＋Lv.16以上,レベルアップ＋Lv.16以上（CFRU/DPEの対応トリガーを使用。通信・RTC必須にはしない）,LEVEL_OR_STANDARD,,NOT_APPLICABLE,yes,ROM_EDGE_EXISTS_FOR_COVERED_ROWS; MASTER_DESIGN_FOR_OTHER_ROWS,READY_TO_INTEGRATE,TEST_EVOLUTION_0040_TRIGGER|_MISSING_INPUT|_SAVE_RELOAD,DPE拡張系統内で接続
41,64,SPECIES_KEY_KADABRA,ユンゲラー,65,SPECIES_KEY_ALAKAZAM,フーディン,通信交換,「つながりのヒモ」を使用。通信交換でも従来通り進化。,TRADE,EVENT_TRADE_EMULATOR_SERVICE,NOT_APPLICABLE,yes,ROM_EDGE_EXISTS_FOR_COVERED_ROWS; MASTER_DESIGN_FOR_OTHER_ROWS,EXACT_ROM_SUPPLY_AUDIT_REQUIRED,TEST_EVOLUTION_0041_TRIGGER|_MISSING_INPUT|_SAVE_RELOAD,DPE拡張系統内で接続
42,66,SPECIES_KEY_MACHOP,ワンリキー,67,SPECIES_KEY_MACHOKE,ゴーリキー,レベルアップ＋Lv.28以上,レベルアップ＋Lv.28以上（CFRU/DPEの対応トリガーを使用。通信・RTC必須にはしない）,LEVEL_OR_STANDARD,,NOT_APPLICABLE,yes,ROM_EDGE_EXISTS_FOR_COVERED_ROWS; MASTER_DESIGN_FOR_OTHER_ROWS,READY_TO_INTEGRATE,TEST_EVOLUTION_0042_TRIGGER|_MISSING_INPUT|_SAVE_RELOAD,DPE拡張系統内で接続
43,67,SPECIES_KEY_MACHOKE,ゴーリキー,68,SPECIES_KEY_MACHAMP,カイリキー,通信交換,「つながりのヒモ」を使用。通信交換でも従来通り進化。,TRADE,EVENT_TRADE_EMULATOR_SERVICE,NOT_APPLICABLE,yes,ROM_EDGE_EXISTS_FOR_COVERED_ROWS; MASTER_DESIGN_FOR_OTHER_ROWS,EXACT_ROM_SUPPLY_AUDIT_REQUIRED,TEST_EVOLUTION_0043_TRIGGER|_MISSING_INPUT|_SAVE_RELOAD,DPE拡張系統内で接続
44,69,SPECIES_KEY_BELLSPROUT,マダツボミ,70,SPECIES_KEY_WEEPINBELL,ウツドン,レベルアップ＋Lv.21以上,レベルアップ＋Lv.21以上（CFRU/DPEの対応トリガーを使用。通信・RTC必須にはしない）,LEVEL_OR_STANDARD,,NOT_APPLICABLE,yes,ROM_EDGE_EXISTS_FOR_COVERED_ROWS; MASTER_DESIGN_FOR_OTHER_ROWS,READY_TO_INTEGRATE,TEST_EVOLUTION_0044_TRIGGER|_MISSING_INPUT|_SAVE_RELOAD,DPE拡張系統内で接続
45,70,SPECIES_KEY_WEEPINBELL,ウツドン,71,SPECIES_KEY_VICTREEBEL,ウツボット,道具使用＋リーフのいしを使う,道具使用＋リーフのいしを使う（CFRU/DPEの対応トリガーを使用。通信・RTC必須にはしない）,ITEM,SUPPLY_ITEM_CATALOG_AUDIT,NOT_APPLICABLE,yes,ROM_EDGE_EXISTS_FOR_COVERED_ROWS; MASTER_DESIGN_FOR_OTHER_ROWS,EXACT_ROM_SUPPLY_AUDIT_REQUIRED,TEST_EVOLUTION_0045_TRIGGER|_MISSING_INPUT|_SAVE_RELOAD,DPE拡張系統内で接続
46,72,SPECIES_KEY_TENTACOOL,メノクラゲ,73,SPECIES_KEY_TENTACRUEL,ドククラゲ,レベルアップ＋Lv.30以上,レベルアップ＋Lv.30以上（CFRU/DPEの対応トリガーを使用。通信・RTC必須にはしない）,LEVEL_OR_STANDARD,,NOT_APPLICABLE,yes,ROM_EDGE_EXISTS_FOR_COVERED_ROWS; MASTER_DESIGN_FOR_OTHER_ROWS,READY_TO_INTEGRATE,TEST_EVOLUTION_0046_TRIGGER|_MISSING_INPUT|_SAVE_RELOAD,既存ベガ種族IDを参照元にしたまま、新種族IDへ接続
47,74,SPECIES_KEY_GEODUDE,イシツブテ,75,SPECIES_KEY_GRAVELER,ゴローン,レベルアップ＋Lv.25以上,レベルアップ＋Lv.25以上（CFRU/DPEの対応トリガーを使用。通信・RTC必須にはしない）,LEVEL_OR_STANDARD,,NOT_APPLICABLE,yes,ROM_EDGE_EXISTS_FOR_COVERED_ROWS; MASTER_DESIGN_FOR_OTHER_ROWS,READY_TO_INTEGRATE,TEST_EVOLUTION_0047_TRIGGER|_MISSING_INPUT|_SAVE_RELOAD,既存ベガ種族IDを参照元にしたまま、新種族IDへ接続
48,75,SPECIES_KEY_GRAVELER,ゴローン,76,SPECIES_KEY_GOLEM,ゴローニャ,通信交換,「つながりのヒモ」を使用。通信交換でも従来通り進化。,TRADE,EVENT_TRADE_EMULATOR_SERVICE,NOT_APPLICABLE,yes,ROM_EDGE_EXISTS_FOR_COVERED_ROWS; MASTER_DESIGN_FOR_OTHER_ROWS,EXACT_ROM_SUPPLY_AUDIT_REQUIRED,TEST_EVOLUTION_0048_TRIGGER|_MISSING_INPUT|_SAVE_RELOAD,既存ベガ種族IDを参照元にしたまま、新種族IDへ接続
49,77,SPECIES_KEY_PONYTA,ポニータ,78,SPECIES_KEY_RAPIDASH,ギャロップ,レベルアップ＋Lv.40以上,レベルアップ＋Lv.40以上（CFRU/DPEの対応トリガーを使用。通信・RTC必須にはしない）,LEVEL_OR_STANDARD,,NOT_APPLICABLE,yes,ROM_EDGE_EXISTS_FOR_COVERED_ROWS; MASTER_DESIGN_FOR_OTHER_ROWS,READY_TO_INTEGRATE,TEST_EVOLUTION_0049_TRIGGER|_MISSING_INPUT|_SAVE_RELOAD,DPE拡張系統内で接続
50,79,SPECIES_KEY_SLOWPOKE,ヤドン,80,SPECIES_KEY_SLOWBRO,ヤドラン,レベルアップ＋Lv.37以上,レベルアップ＋Lv.37以上（CFRU/DPEの対応トリガーを使用。通信・RTC必須にはしない）,LEVEL_OR_STANDARD,,NOT_APPLICABLE,yes,ROM_EDGE_EXISTS_FOR_COVERED_ROWS; MASTER_DESIGN_FOR_OTHER_ROWS,READY_TO_INTEGRATE,TEST_EVOLUTION_0050_TRIGGER|_MISSING_INPUT|_SAVE_RELOAD,DPE拡張系統内で接続
51,81,SPECIES_KEY_MAGNEMITE,コイル,82,SPECIES_KEY_MAGNETON,レアコイル,レベルアップ＋Lv.30以上,レベルアップ＋Lv.30以上（CFRU/DPEの対応トリガーを使用。通信・RTC必須にはしない）,LEVEL_OR_STANDARD,,NOT_APPLICABLE,yes,ROM_EDGE_EXISTS_FOR_COVERED_ROWS; MASTER_DESIGN_FOR_OTHER_ROWS,READY_TO_INTEGRATE,TEST_EVOLUTION_0051_TRIGGER|_MISSING_INPUT|_SAVE_RELOAD,既存ベガ種族IDを参照元にしたまま、新種族IDへ接続
52,84,SPECIES_KEY_DODUO,ドードー,85,SPECIES_KEY_DODRIO,ドードリオ,レベルアップ＋Lv.31以上,レベルアップ＋Lv.31以上（CFRU/DPEの対応トリガーを使用。通信・RTC必須にはしない）,LEVEL_OR_STANDARD,,NOT_APPLICABLE,yes,ROM_EDGE_EXISTS_FOR_COVERED_ROWS; MASTER_DESIGN_FOR_OTHER_ROWS,READY_TO_INTEGRATE,TEST_EVOLUTION_0052_TRIGGER|_MISSING_INPUT|_SAVE_RELOAD,DPE拡張系統内で接続
53,86,SPECIES_KEY_SEEL,パウワウ,87,SPECIES_KEY_DEWGONG,ジュゴン,レベルアップ＋Lv.34以上,レベルアップ＋Lv.34以上（CFRU/DPEの対応トリガーを使用。通信・RTC必須にはしない）,LEVEL_OR_STANDARD,,NOT_APPLICABLE,yes,ROM_EDGE_EXISTS_FOR_COVERED_ROWS; MASTER_DESIGN_FOR_OTHER_ROWS,READY_TO_INTEGRATE,TEST_EVOLUTION_0053_TRIGGER|_MISSING_INPUT|_SAVE_RELOAD,DPE拡張系統内で接続
54,88,SPECIES_KEY_GRIMER,ベトベター,89,SPECIES_KEY_MUK,ベトベトン,レベルアップ＋Lv.38以上,レベルアップ＋Lv.38以上（CFRU/DPEの対応トリガーを使用。通信・RTC必須にはしない）,LEVEL_OR_STANDARD,,NOT_APPLICABLE,yes,ROM_EDGE_EXISTS_FOR_COVERED_ROWS; MASTER_DESIGN_FOR_OTHER_ROWS,READY_TO_INTEGRATE,TEST_EVOLUTION_0054_TRIGGER|_MISSING_INPUT|_SAVE_RELOAD,DPE拡張系統内で接続
55,90,SPECIES_KEY_SHELLDER,シェルダー,91,SPECIES_KEY_CLOYSTER,パルシェン,道具使用＋みずのいしを使う,道具使用＋みずのいしを使う（CFRU/DPEの対応トリガーを使用。通信・RTC必須にはしない）,ITEM,SUPPLY_ITEM_CATALOG_AUDIT,NOT_APPLICABLE,yes,ROM_EDGE_EXISTS_FOR_COVERED_ROWS; MASTER_DESIGN_FOR_OTHER_ROWS,EXACT_ROM_SUPPLY_AUDIT_REQUIRED,TEST_EVOLUTION_0055_TRIGGER|_MISSING_INPUT|_SAVE_RELOAD,既存ベガ種族IDを参照元にしたまま、新種族IDへ接続
56,92,SPECIES_KEY_GASTLY,ゴース,93,SPECIES_KEY_HAUNTER,ゴースト,レベルアップ＋Lv.25以上,レベルアップ＋Lv.25以上（CFRU/DPEの対応トリガーを使用。通信・RTC必須にはしない）,LEVEL_OR_STANDARD,,NOT_APPLICABLE,yes,ROM_EDGE_EXISTS_FOR_COVERED_ROWS; MASTER_DESIGN_FOR_OTHER_ROWS,READY_TO_INTEGRATE,TEST_EVOLUTION_0056_TRIGGER|_MISSING_INPUT|_SAVE_RELOAD,既存ベガ種族IDを参照元にしたまま、新種族IDへ接続
57,93,SPECIES_KEY_HAUNTER,ゴースト,94,SPECIES_KEY_GENGAR,ゲンガー,通信交換,「つながりのヒモ」を使用。通信交換でも従来通り進化。,TRADE,EVENT_TRADE_EMULATOR_SERVICE,NOT_APPLICABLE,yes,ROM_EDGE_EXISTS_FOR_COVERED_ROWS; MASTER_DESIGN_FOR_OTHER_ROWS,EXACT_ROM_SUPPLY_AUDIT_REQUIRED,TEST_EVOLUTION_0057_TRIGGER|_MISSING_INPUT|_SAVE_RELOAD,既存ベガ種族IDを参照元にしたまま、新種族IDへ接続
58,96,SPECIES_KEY_DROWZEE,スリープ,97,SPECIES_KEY_HYPNO,スリーパー,レベルアップ＋Lv.26以上,レベルアップ＋Lv.26以上（CFRU/DPEの対応トリガーを使用。通信・RTC必須にはしない）,LEVEL_OR_STANDARD,,NOT_APPLICABLE,yes,ROM_EDGE_EXISTS_FOR_COVERED_ROWS; MASTER_DESIGN_FOR_OTHER_ROWS,READY_TO_INTEGRATE,TEST_EVOLUTION_0058_TRIGGER|_MISSING_INPUT|_SAVE_RELOAD,DPE拡張系統内で接続
59,98,SPECIES_KEY_KRABBY,クラブ,99,SPECIES_KEY_KINGLER,キングラー,レベルアップ＋Lv.28以上,レベルアップ＋Lv.28以上（CFRU/DPEの対応トリガーを使用。通信・RTC必須にはしない）,LEVEL_OR_STANDARD,,NOT_APPLICABLE,yes,ROM_EDGE_EXISTS_FOR_COVERED_ROWS; MASTER_DESIGN_FOR_OTHER_ROWS,READY_TO_INTEGRATE,TEST_EVOLUTION_0059_TRIGGER|_MISSING_INPUT|_SAVE_RELOAD,既存ベガ種族IDを参照元にしたまま、新種族IDへ接続
60,100,SPECIES_KEY_VOLTORB,ビリリダマ,101,SPECIES_KEY_ELECTRODE,マルマイン,レベルアップ＋Lv.30以上,レベルアップ＋Lv.30以上（CFRU/DPEの対応トリガーを使用。通信・RTC必須にはしない）,LEVEL_OR_STANDARD,,NOT_APPLICABLE,yes,ROM_EDGE_EXISTS_FOR_COVERED_ROWS; MASTER_DESIGN_FOR_OTHER_ROWS,READY_TO_INTEGRATE,TEST_EVOLUTION_0060_TRIGGER|_MISSING_INPUT|_SAVE_RELOAD,既存ベガ種族IDを参照元にしたまま、新種族IDへ接続
61,102,SPECIES_KEY_EXEGGCUTE,タマタマ,103,SPECIES_KEY_EXEGGUTOR,ナッシー,道具使用＋リーフのいしを使う,道具使用＋リーフのいしを使う（CFRU/DPEの対応トリガーを使用。通信・RTC必須にはしない）,ITEM,SUPPLY_ITEM_CATALOG_AUDIT,NOT_APPLICABLE,yes,ROM_EDGE_EXISTS_FOR_COVERED_ROWS; MASTER_DESIGN_FOR_OTHER_ROWS,EXACT_ROM_SUPPLY_AUDIT_REQUIRED,TEST_EVOLUTION_0061_TRIGGER|_MISSING_INPUT|_SAVE_RELOAD,既存ベガ種族IDを参照元にしたまま、新種族IDへ接続
62,104,SPECIES_KEY_CUBONE,カラカラ,105,SPECIES_KEY_MAROWAK,ガラガラ,レベルアップ＋Lv.28以上,レベルアップ＋Lv.28以上（CFRU/DPEの対応トリガーを使用。通信・RTC必須にはしない）,LEVEL_OR_STANDARD,,NOT_APPLICABLE,yes,ROM_EDGE_EXISTS_FOR_COVERED_ROWS; MASTER_DESIGN_FOR_OTHER_ROWS,READY_TO_INTEGRATE,TEST_EVOLUTION_0062_TRIGGER|_MISSING_INPUT|_SAVE_RELOAD,DPE拡張系統内で接続
63,236,SPECIES_KEY_TYROGUE,バルキー,106,SPECIES_KEY_HITMONLEE,サワムラー,レベルアップ＋Lv.20以上＋攻撃＞防御,レベルアップ＋Lv.20以上＋攻撃＞防御（CFRU/DPEの対応トリガーを使用。通信・RTC必須にはしない）,LEVEL_OR_STANDARD,,NOT_APPLICABLE,yes,ROM_EDGE_EXISTS_FOR_COVERED_ROWS; MASTER_DESIGN_FOR_OTHER_ROWS,READY_TO_INTEGRATE,TEST_EVOLUTION_0063_TRIGGER|_MISSING_INPUT|_SAVE_RELOAD,既存ベガ種族IDを参照元にしたまま、新種族IDへ接続
64,236,SPECIES_KEY_TYROGUE,バルキー,107,SPECIES_KEY_HITMONCHAN,エビワラー,レベルアップ＋Lv.20以上＋攻撃＜防御,レベルアップ＋Lv.20以上＋攻撃＜防御（CFRU/DPEの対応トリガーを使用。通信・RTC必須にはしない）,LEVEL_OR_STANDARD,,NOT_APPLICABLE,yes,ROM_EDGE_EXISTS_FOR_COVERED_ROWS; MASTER_DESIGN_FOR_OTHER_ROWS,READY_TO_INTEGRATE,TEST_EVOLUTION_0064_TRIGGER|_MISSING_INPUT|_SAVE_RELOAD,既存ベガ種族IDを参照元にしたまま、新種族IDへ接続
65,109,SPECIES_KEY_KOFFING,ドガース,110,SPECIES_KEY_WEEZING,マタドガス,レベルアップ＋Lv.35以上,レベルアップ＋Lv.35以上（CFRU/DPEの対応トリガーを使用。通信・RTC必須にはしない）,LEVEL_OR_STANDARD,,NOT_APPLICABLE,yes,ROM_EDGE_EXISTS_FOR_COVERED_ROWS; MASTER_DESIGN_FOR_OTHER_ROWS,READY_TO_INTEGRATE,TEST_EVOLUTION_0065_TRIGGER|_MISSING_INPUT|_SAVE_RELOAD,既存ベガ種族IDを参照元にしたまま、新種族IDへ接続
66,111,SPECIES_KEY_RHYHORN,サイホーン,112,SPECIES_KEY_RHYDON,サイドン,レベルアップ＋Lv.42以上,レベルアップ＋Lv.42以上（CFRU/DPEの対応トリガーを使用。通信・RTC必須にはしない）,LEVEL_OR_STANDARD,,NOT_APPLICABLE,yes,ROM_EDGE_EXISTS_FOR_COVERED_ROWS; MASTER_DESIGN_FOR_OTHER_ROWS,READY_TO_INTEGRATE,TEST_EVOLUTION_0066_TRIGGER|_MISSING_INPUT|_SAVE_RELOAD,既存ベガ種族IDを参照元にしたまま、新種族IDへ接続
67,440,SPECIES_KEY_HAPPINY,ピンプク,113,SPECIES_KEY_CHANSEY,ラッキー,レベルアップ＋まんまるいしを持たせる＋昼,レベルアップ＋まんまるいしを持たせる＋昼（CFRU/DPEの対応トリガーを使用。通信・RTC必須にはしない）,TIME|ITEM,EVENT_ECOLOGY_RADAR_TIME_SERVICE|SUPPLY_ITEM_CATALOG_AUDIT,EVENT_ECOLOGY_RADAR_TIME_SERVICE,yes,ROM_EDGE_EXISTS_FOR_COVERED_ROWS; MASTER_DESIGN_FOR_OTHER_ROWS,EXACT_ROM_SUPPLY_AUDIT_REQUIRED,TEST_EVOLUTION_0067_TRIGGER|_MISSING_INPUT|_SAVE_RELOAD,既存ベガ種族IDを参照元にしたまま、新種族IDへ接続
68,116,SPECIES_KEY_HORSEA,タッツー,117,SPECIES_KEY_SEADRA,シードラ,レベルアップ＋Lv.32以上,レベルアップ＋Lv.32以上（CFRU/DPEの対応トリガーを使用。通信・RTC必須にはしない）,LEVEL_OR_STANDARD,,NOT_APPLICABLE,yes,ROM_EDGE_EXISTS_FOR_COVERED_ROWS; MASTER_DESIGN_FOR_OTHER_ROWS,READY_TO_INTEGRATE,TEST_EVOLUTION_0068_TRIGGER|_MISSING_INPUT|_SAVE_RELOAD,DPE拡張系統内で接続
69,118,SPECIES_KEY_GOLDEEN,トサキント,119,SPECIES_KEY_SEAKING,アズマオウ,レベルアップ＋Lv.33以上,レベルアップ＋Lv.33以上（CFRU/DPEの対応トリガーを使用。通信・RTC必須にはしない）,LEVEL_OR_STANDARD,,NOT_APPLICABLE,yes,ROM_EDGE_EXISTS_FOR_COVERED_ROWS; MASTER_DESIGN_FOR_OTHER_ROWS,READY_TO_INTEGRATE,TEST_EVOLUTION_0069_TRIGGER|_MISSING_INPUT|_SAVE_RELOAD,DPE拡張系統内で接続
70,120,SPECIES_KEY_STARYU,ヒトデマン,121,SPECIES_KEY_STARMIE,スターミー,道具使用＋みずのいしを使う,道具使用＋みずのいしを使う（CFRU/DPEの対応トリガーを使用。通信・RTC必須にはしない）,ITEM,SUPPLY_ITEM_CATALOG_AUDIT,NOT_APPLICABLE,yes,ROM_EDGE_EXISTS_FOR_COVERED_ROWS; MASTER_DESIGN_FOR_OTHER_ROWS,EXACT_ROM_SUPPLY_AUDIT_REQUIRED,TEST_EVOLUTION_0070_TRIGGER|_MISSING_INPUT|_SAVE_RELOAD,既存ベガ種族IDを参照元にしたまま、新種族IDへ接続
71,439,SPECIES_KEY_MIME_JR,マネネ,122,SPECIES_KEY_MR_MIME,バリヤード,レベルアップ＋ものまねを覚えている,レベルアップ＋ものまねを覚えている（CFRU/DPEの対応トリガーを使用。通信・RTC必須にはしない）,MOVE,HOST_MOVE_TUTOR,NOT_APPLICABLE,yes,ROM_EDGE_EXISTS_FOR_COVERED_ROWS; MASTER_DESIGN_FOR_OTHER_ROWS,EXACT_ROM_SUPPLY_AUDIT_REQUIRED,TEST_EVOLUTION_0071_TRIGGER|_MISSING_INPUT|_SAVE_RELOAD,DPE拡張系統内で接続
72,238,SPECIES_KEY_SMOOCHUM,ムチュール,124,SPECIES_KEY_JYNX,ルージュラ,レベルアップ＋Lv.30以上,レベルアップ＋Lv.30以上（CFRU/DPEの対応トリガーを使用。通信・RTC必須にはしない）,LEVEL_OR_STANDARD,,NOT_APPLICABLE,yes,ROM_EDGE_EXISTS_FOR_COVERED_ROWS; MASTER_DESIGN_FOR_OTHER_ROWS,READY_TO_INTEGRATE,TEST_EVOLUTION_0072_TRIGGER|_MISSING_INPUT|_SAVE_RELOAD,既存ベガ種族IDを参照元にしたまま、新種族IDへ接続
73,239,SPECIES_KEY_ELEKID,エレキッド,125,SPECIES_KEY_ELECTABUZZ,エレブー,レベルアップ＋Lv.30以上,レベルアップ＋Lv.30以上（CFRU/DPEの対応トリガーを使用。通信・RTC必須にはしない）,LEVEL_OR_STANDARD,,NOT_APPLICABLE,yes,ROM_EDGE_EXISTS_FOR_COVERED_ROWS; MASTER_DESIGN_FOR_OTHER_ROWS,READY_TO_INTEGRATE,TEST_EVOLUTION_0073_TRIGGER|_MISSING_INPUT|_SAVE_RELOAD,既存ベガ種族IDを参照元にしたまま、新種族IDへ接続
74,240,SPECIES_KEY_MAGBY,ブビィ,126,SPECIES_KEY_MAGMAR,ブーバー,レベルアップ＋Lv.30以上,レベルアップ＋Lv.30以上（CFRU/DPEの対応トリガーを使用。通信・RTC必須にはしない）,LEVEL_OR_STANDARD,,NOT_APPLICABLE,yes,ROM_EDGE_EXISTS_FOR_COVERED_ROWS; MASTER_DESIGN_FOR_OTHER_ROWS,READY_TO_INTEGRATE,TEST_EVOLUTION_0074_TRIGGER|_MISSING_INPUT|_SAVE_RELOAD,既存ベガ種族IDを参照元にしたまま、新種族IDへ接続
75,129,SPECIES_KEY_MAGIKARP,コイキング,130,SPECIES_KEY_GYARADOS,ギャラドス,レベルアップ＋Lv.20以上,レベルアップ＋Lv.20以上（CFRU/DPEの対応トリガーを使用。通信・RTC必須にはしない）,LEVEL_OR_STANDARD,,NOT_APPLICABLE,yes,ROM_EDGE_EXISTS_FOR_COVERED_ROWS; MASTER_DESIGN_FOR_OTHER_ROWS,READY_TO_INTEGRATE,TEST_EVOLUTION_0075_TRIGGER|_MISSING_INPUT|_SAVE_RELOAD,DPE拡張系統内で接続
76,133,SPECIES_KEY_EEVEE,イーブイ,134,SPECIES_KEY_VAPOREON,シャワーズ,道具使用＋みずのいしを使う,道具使用＋みずのいしを使う（CFRU/DPEの対応トリガーを使用。通信・RTC必須にはしない）,ITEM,SUPPLY_ITEM_CATALOG_AUDIT,NOT_APPLICABLE,yes,ROM_EDGE_EXISTS_FOR_COVERED_ROWS; MASTER_DESIGN_FOR_OTHER_ROWS,EXACT_ROM_SUPPLY_AUDIT_REQUIRED,TEST_EVOLUTION_0076_TRIGGER|_MISSING_INPUT|_SAVE_RELOAD,DPE拡張系統内で接続
77,133,SPECIES_KEY_EEVEE,イーブイ,135,SPECIES_KEY_JOLTEON,サンダース,道具使用＋かみなりのいしを使う,道具使用＋かみなりのいしを使う（CFRU/DPEの対応トリガーを使用。通信・RTC必須にはしない）,ITEM,SUPPLY_ITEM_CATALOG_AUDIT,NOT_APPLICABLE,yes,ROM_EDGE_EXISTS_FOR_COVERED_ROWS; MASTER_DESIGN_FOR_OTHER_ROWS,EXACT_ROM_SUPPLY_AUDIT_REQUIRED,TEST_EVOLUTION_0077_TRIGGER|_MISSING_INPUT|_SAVE_RELOAD,DPE拡張系統内で接続
78,133,SPECIES_KEY_EEVEE,イーブイ,136,SPECIES_KEY_FLAREON,ブースター,道具使用＋ほのおのいしを使う,道具使用＋ほのおのいしを使う（CFRU/DPEの対応トリガーを使用。通信・RTC必須にはしない）,ITEM,SUPPLY_ITEM_CATALOG_AUDIT,NOT_APPLICABLE,yes,ROM_EDGE_EXISTS_FOR_COVERED_ROWS; MASTER_DESIGN_FOR_OTHER_ROWS,EXACT_ROM_SUPPLY_AUDIT_REQUIRED,TEST_EVOLUTION_0078_TRIGGER|_MISSING_INPUT|_SAVE_RELOAD,DPE拡張系統内で接続
79,138,SPECIES_KEY_OMANYTE,オムナイト,139,SPECIES_KEY_OMASTAR,オムスター,レベルアップ＋Lv.40以上,レベルアップ＋Lv.40以上（CFRU/DPEの対応トリガーを使用。通信・RTC必須にはしない）,LEVEL_OR_STANDARD,,NOT_APPLICABLE,yes,ROM_EDGE_EXISTS_FOR_COVERED_ROWS; MASTER_DESIGN_FOR_OTHER_ROWS,READY_TO_INTEGRATE,TEST_EVOLUTION_0079_TRIGGER|_MISSING_INPUT|_SAVE_RELOAD,DPE拡張系統内で接続
80,140,SPECIES_KEY_KABUTO,カブト,141,SPECIES_KEY_KABUTOPS,カブトプス,レベルアップ＋Lv.40以上,レベルアップ＋Lv.40以上（CFRU/DPEの対応トリガーを使用。通信・RTC必須にはしない）,LEVEL_OR_STANDARD,,NOT_APPLICABLE,yes,ROM_EDGE_EXISTS_FOR_COVERED_ROWS; MASTER_DESIGN_FOR_OTHER_ROWS,READY_TO_INTEGRATE,TEST_EVOLUTION_0080_TRIGGER|_MISSING_INPUT|_SAVE_RELOAD,DPE拡張系統内で接続
81,446,SPECIES_KEY_MUNCHLAX,ゴンベ,143,SPECIES_KEY_SNORLAX,カビゴン,レベルアップ＋なつき度160以上,レベルアップ＋なつき度160以上（CFRU/DPEの対応トリガーを使用。通信・RTC必須にはしない）,FRIENDSHIP,SUPPLY_FRIENDSHIP_SERVICES_EXISTING,NOT_APPLICABLE,yes,ROM_EDGE_EXISTS_FOR_COVERED_ROWS; MASTER_DESIGN_FOR_OTHER_ROWS,EXACT_ROM_SUPPLY_AUDIT_REQUIRED,TEST_EVOLUTION_0081_TRIGGER|_MISSING_INPUT|_SAVE_RELOAD,DPE拡張系統内で接続
82,147,SPECIES_KEY_DRATINI,ミニリュウ,148,SPECIES_KEY_DRAGONAIR,ハクリュー,レベルアップ＋Lv.30以上,レベルアップ＋Lv.30以上（CFRU/DPEの対応トリガーを使用。通信・RTC必須にはしない）,LEVEL_OR_STANDARD,,NOT_APPLICABLE,yes,ROM_EDGE_EXISTS_FOR_COVERED_ROWS; MASTER_DESIGN_FOR_OTHER_ROWS,READY_TO_INTEGRATE,TEST_EVOLUTION_0082_TRIGGER|_MISSING_INPUT|_SAVE_RELOAD,DPE拡張系統内で接続
83,148,SPECIES_KEY_DRAGONAIR,ハクリュー,149,SPECIES_KEY_DRAGONITE,カイリュー,レベルアップ＋Lv.55以上,レベルアップ＋Lv.55以上（CFRU/DPEの対応トリガーを使用。通信・RTC必須にはしない）,LEVEL_OR_STANDARD,,NOT_APPLICABLE,yes,ROM_EDGE_EXISTS_FOR_COVERED_ROWS; MASTER_DESIGN_FOR_OTHER_ROWS,READY_TO_INTEGRATE,TEST_EVOLUTION_0083_TRIGGER|_MISSING_INPUT|_SAVE_RELOAD,DPE拡張系統内で接続
84,152,SPECIES_KEY_CHIKORITA,チコリータ,153,SPECIES_KEY_BAYLEEF,ベイリーフ,レベルアップ＋Lv.16以上,レベルアップ＋Lv.16以上（CFRU/DPEの対応トリガーを使用。通信・RTC必須にはしない）,LEVEL_OR_STANDARD,,NOT_APPLICABLE,yes,ROM_EDGE_EXISTS_FOR_COVERED_ROWS; MASTER_DESIGN_FOR_OTHER_ROWS,READY_TO_INTEGRATE,TEST_EVOLUTION_0084_TRIGGER|_MISSING_INPUT|_SAVE_RELOAD,DPE拡張系統内で接続
85,153,SPECIES_KEY_BAYLEEF,ベイリーフ,154,SPECIES_KEY_MEGANIUM,メガニウム,レベルアップ＋Lv.32以上,レベルアップ＋Lv.32以上（CFRU/DPEの対応トリガーを使用。通信・RTC必須にはしない）,LEVEL_OR_STANDARD,,NOT_APPLICABLE,yes,ROM_EDGE_EXISTS_FOR_COVERED_ROWS; MASTER_DESIGN_FOR_OTHER_ROWS,READY_TO_INTEGRATE,TEST_EVOLUTION_0085_TRIGGER|_MISSING_INPUT|_SAVE_RELOAD,DPE拡張系統内で接続
86,155,SPECIES_KEY_CYNDAQUIL,ヒノアラシ,156,SPECIES_KEY_QUILAVA,マグマラシ,レベルアップ＋Lv.14以上,レベルアップ＋Lv.14以上（CFRU/DPEの対応トリガーを使用。通信・RTC必須にはしない）,LEVEL_OR_STANDARD,,NOT_APPLICABLE,yes,ROM_EDGE_EXISTS_FOR_COVERED_ROWS; MASTER_DESIGN_FOR_OTHER_ROWS,READY_TO_INTEGRATE,TEST_EVOLUTION_0086_TRIGGER|_MISSING_INPUT|_SAVE_RELOAD,DPE拡張系統内で接続
87,156,SPECIES_KEY_QUILAVA,マグマラシ,157,SPECIES_KEY_TYPHLOSION,バクフーン,レベルアップ＋Lv.36以上,レベルアップ＋Lv.36以上（CFRU/DPEの対応トリガーを使用。通信・RTC必須にはしない）,LEVEL_OR_STANDARD,,NOT_APPLICABLE,yes,ROM_EDGE_EXISTS_FOR_COVERED_ROWS; MASTER_DESIGN_FOR_OTHER_ROWS,READY_TO_INTEGRATE,TEST_EVOLUTION_0087_TRIGGER|_MISSING_INPUT|_SAVE_RELOAD,DPE拡張系統内で接続
88,158,SPECIES_KEY_TOTODILE,ワニノコ,159,SPECIES_KEY_CROCONAW,アリゲイツ,レベルアップ＋Lv.18以上,レベルアップ＋Lv.18以上（CFRU/DPEの対応トリガーを使用。通信・RTC必須にはしない）,LEVEL_OR_STANDARD,,NOT_APPLICABLE,yes,ROM_EDGE_EXISTS_FOR_COVERED_ROWS; MASTER_DESIGN_FOR_OTHER_ROWS,READY_TO_INTEGRATE,TEST_EVOLUTION_0088_TRIGGER|_MISSING_INPUT|_SAVE_RELOAD,DPE拡張系統内で接続
89,159,SPECIES_KEY_CROCONAW,アリゲイツ,160,SPECIES_KEY_FERALIGATR,オーダイル,レベルアップ＋Lv.30以上,レベルアップ＋Lv.30以上（CFRU/DPEの対応トリガーを使用。通信・RTC必須にはしない）,LEVEL_OR_STANDARD,,NOT_APPLICABLE,yes,ROM_EDGE_EXISTS_FOR_COVERED_ROWS; MASTER_DESIGN_FOR_OTHER_ROWS,READY_TO_INTEGRATE,TEST_EVOLUTION_0089_TRIGGER|_MISSING_INPUT|_SAVE_RELOAD,DPE拡張系統内で接続
90,161,SPECIES_KEY_SENTRET,オタチ,162,SPECIES_KEY_FURRET,オオタチ,レベルアップ＋Lv.15以上,レベルアップ＋Lv.15以上（CFRU/DPEの対応トリガーを使用。通信・RTC必須にはしない）,LEVEL_OR_STANDARD,,NOT_APPLICABLE,yes,ROM_EDGE_EXISTS_FOR_COVERED_ROWS; MASTER_DESIGN_FOR_OTHER_ROWS,READY_TO_INTEGRATE,TEST_EVOLUTION_0090_TRIGGER|_MISSING_INPUT|_SAVE_RELOAD,DPE拡張系統内で接続
91,163,SPECIES_KEY_HOOTHOOT,ホーホー,164,SPECIES_KEY_NOCTOWL,ヨルノズク,レベルアップ＋Lv.20以上,レベルアップ＋Lv.20以上（CFRU/DPEの対応トリガーを使用。通信・RTC必須にはしない）,LEVEL_OR_STANDARD,,NOT_APPLICABLE,yes,ROM_EDGE_EXISTS_FOR_COVERED_ROWS; MASTER_DESIGN_FOR_OTHER_ROWS,READY_TO_INTEGRATE,TEST_EVOLUTION_0091_TRIGGER|_MISSING_INPUT|_SAVE_RELOAD,既存ベガ種族IDを参照元にしたまま、新種族IDへ接続
92,165,SPECIES_KEY_LEDYBA,レディバ,166,SPECIES_KEY_LEDIAN,レディアン,レベルアップ＋Lv.18以上,レベルアップ＋Lv.18以上（CFRU/DPEの対応トリガーを使用。通信・RTC必須にはしない）,LEVEL_OR_STANDARD,,NOT_APPLICABLE,yes,ROM_EDGE_EXISTS_FOR_COVERED_ROWS; MASTER_DESIGN_FOR_OTHER_ROWS,READY_TO_INTEGRATE,TEST_EVOLUTION_0092_TRIGGER|_MISSING_INPUT|_SAVE_RELOAD,既存ベガ種族IDを参照元にしたまま、新種族IDへ接続
93,167,SPECIES_KEY_SPINARAK,イトマル,168,SPECIES_KEY_ARIADOS,アリアドス,レベルアップ＋Lv.22以上,レベルアップ＋Lv.22以上（CFRU/DPEの対応トリガーを使用。通信・RTC必須にはしない）,LEVEL_OR_STANDARD,,NOT_APPLICABLE,yes,ROM_EDGE_EXISTS_FOR_COVERED_ROWS; MASTER_DESIGN_FOR_OTHER_ROWS,READY_TO_INTEGRATE,TEST_EVOLUTION_0093_TRIGGER|_MISSING_INPUT|_SAVE_RELOAD,既存ベガ種族IDを参照元にしたまま、新種族IDへ接続
94,42,SPECIES_KEY_GOLBAT,ゴルバット,169,SPECIES_KEY_CROBAT,クロバット,レベルアップ＋なつき度160以上,レベルアップ＋なつき度160以上（CFRU/DPEの対応トリガーを使用。通信・RTC必須にはしない）,FRIENDSHIP,SUPPLY_FRIENDSHIP_SERVICES_EXISTING,NOT_APPLICABLE,yes,ROM_EDGE_EXISTS_FOR_COVERED_ROWS; MASTER_DESIGN_FOR_OTHER_ROWS,EXACT_ROM_SUPPLY_AUDIT_REQUIRED,TEST_EVOLUTION_0094_TRIGGER|_MISSING_INPUT|_SAVE_RELOAD,DPE拡張系統内で接続
95,170,SPECIES_KEY_CHINCHOU,チョンチー,171,SPECIES_KEY_LANTURN,ランターン,レベルアップ＋Lv.27以上,レベルアップ＋Lv.27以上（CFRU/DPEの対応トリガーを使用。通信・RTC必須にはしない）,LEVEL_OR_STANDARD,,NOT_APPLICABLE,yes,ROM_EDGE_EXISTS_FOR_COVERED_ROWS; MASTER_DESIGN_FOR_OTHER_ROWS,READY_TO_INTEGRATE,TEST_EVOLUTION_0095_TRIGGER|_MISSING_INPUT|_SAVE_RELOAD,DPE拡張系統内で接続
96,175,SPECIES_KEY_TOGEPI,トゲピー,176,SPECIES_KEY_TOGETIC,トゲチック,レベルアップ＋なつき度160以上,レベルアップ＋なつき度160以上（CFRU/DPEの対応トリガーを使用。通信・RTC必須にはしない）,FRIENDSHIP,SUPPLY_FRIENDSHIP_SERVICES_EXISTING,NOT_APPLICABLE,yes,ROM_EDGE_EXISTS_FOR_COVERED_ROWS; MASTER_DESIGN_FOR_OTHER_ROWS,EXACT_ROM_SUPPLY_AUDIT_REQUIRED,TEST_EVOLUTION_0096_TRIGGER|_MISSING_INPUT|_SAVE_RELOAD,既存ベガ種族IDを参照元にしたまま、新種族IDへ接続
97,177,SPECIES_KEY_NATU,ネイティ,178,SPECIES_KEY_XATU,ネイティオ,レベルアップ＋Lv.25以上,レベルアップ＋Lv.25以上（CFRU/DPEの対応トリガーを使用。通信・RTC必須にはしない）,LEVEL_OR_STANDARD,,NOT_APPLICABLE,yes,ROM_EDGE_EXISTS_FOR_COVERED_ROWS; MASTER_DESIGN_FOR_OTHER_ROWS,READY_TO_INTEGRATE,TEST_EVOLUTION_0097_TRIGGER|_MISSING_INPUT|_SAVE_RELOAD,DPE拡張系統内で接続
98,179,SPECIES_KEY_MAREEP,メリープ,180,SPECIES_KEY_FLAAFFY,モココ,レベルアップ＋Lv.15以上,レベルアップ＋Lv.15以上（CFRU/DPEの対応トリガーを使用。通信・RTC必須にはしない）,LEVEL_OR_STANDARD,,NOT_APPLICABLE,yes,ROM_EDGE_EXISTS_FOR_COVERED_ROWS; MASTER_DESIGN_FOR_OTHER_ROWS,READY_TO_INTEGRATE,TEST_EVOLUTION_0098_TRIGGER|_MISSING_INPUT|_SAVE_RELOAD,DPE拡張系統内で接続
99,180,SPECIES_KEY_FLAAFFY,モココ,181,SPECIES_KEY_AMPHAROS,デンリュウ,レベルアップ＋Lv.30以上,レベルアップ＋Lv.30以上（CFRU/DPEの対応トリガーを使用。通信・RTC必須にはしない）,LEVEL_OR_STANDARD,,NOT_APPLICABLE,yes,ROM_EDGE_EXISTS_FOR_COVERED_ROWS; MASTER_DESIGN_FOR_OTHER_ROWS,READY_TO_INTEGRATE,TEST_EVOLUTION_0099_TRIGGER|_MISSING_INPUT|_SAVE_RELOAD,DPE拡張系統内で接続
100,44,SPECIES_KEY_GLOOM,クサイハナ,182,SPECIES_KEY_BELLOSSOM,キレイハナ,道具使用＋たいようのいしを使う,道具使用＋たいようのいしを使う（CFRU/DPEの対応トリガーを使用。通信・RTC必須にはしない）,ITEM,SUPPLY_ITEM_CATALOG_AUDIT,NOT_APPLICABLE,yes,ROM_EDGE_EXISTS_FOR_COVERED_ROWS; MASTER_DESIGN_FOR_OTHER_ROWS,EXACT_ROM_SUPPLY_AUDIT_REQUIRED,TEST_EVOLUTION_0100_TRIGGER|_MISSING_INPUT|_SAVE_RELOAD,DPE拡張系統内で接続
101,298,SPECIES_KEY_AZURILL,ルリリ,183,SPECIES_KEY_MARILL,マリル,レベルアップ＋なつき度160以上,レベルアップ＋なつき度160以上（CFRU/DPEの対応トリガーを使用。通信・RTC必須にはしない）,FRIENDSHIP,SUPPLY_FRIENDSHIP_SERVICES_EXISTING,NOT_APPLICABLE,yes,ROM_EDGE_EXISTS_FOR_COVERED_ROWS; MASTER_DESIGN_FOR_OTHER_ROWS,EXACT_ROM_SUPPLY_AUDIT_REQUIRED,TEST_EVOLUTION_0101_TRIGGER|_MISSING_INPUT|_SAVE_RELOAD,DPE拡張系統内で接続
102,183,SPECIES_KEY_MARILL,マリル,184,SPECIES_KEY_AZUMARILL,マリルリ,レベルアップ＋Lv.18以上,レベルアップ＋Lv.18以上（CFRU/DPEの対応トリガーを使用。通信・RTC必須にはしない）,LEVEL_OR_STANDARD,,NOT_APPLICABLE,yes,ROM_EDGE_EXISTS_FOR_COVERED_ROWS; MASTER_DESIGN_FOR_OTHER_ROWS,READY_TO_INTEGRATE,TEST_EVOLUTION_0102_TRIGGER|_MISSING_INPUT|_SAVE_RELOAD,DPE拡張系統内で接続
103,438,SPECIES_KEY_BONSLY,ウソハチ,185,SPECIES_KEY_SUDOWOODO,ウソッキー,レベルアップ＋ものまねを覚えている,レベルアップ＋ものまねを覚えている（CFRU/DPEの対応トリガーを使用。通信・RTC必須にはしない）,MOVE,HOST_MOVE_TUTOR,NOT_APPLICABLE,yes,ROM_EDGE_EXISTS_FOR_COVERED_ROWS; MASTER_DESIGN_FOR_OTHER_ROWS,EXACT_ROM_SUPPLY_AUDIT_REQUIRED,TEST_EVOLUTION_0103_TRIGGER|_MISSING_INPUT|_SAVE_RELOAD,DPE拡張系統内で接続
104,61,SPECIES_KEY_POLIWHIRL,ニョロゾ,186,SPECIES_KEY_POLITOED,ニョロトノ,通信交換＋おうじゃのしるしを持たせる,おうじゃのしるしを持たせて「つながりのヒモ」を使用。NPC交換でも進化可。,TRADE|ITEM,EVENT_TRADE_EMULATOR_SERVICE|SUPPLY_ITEM_CATALOG_AUDIT,NOT_APPLICABLE,yes,ROM_EDGE_EXISTS_FOR_COVERED_ROWS; MASTER_DESIGN_FOR_OTHER_ROWS,EXACT_ROM_SUPPLY_AUDIT_REQUIRED,TEST_EVOLUTION_0104_TRIGGER|_MISSING_INPUT|_SAVE_RELOAD,DPE拡張系統内で接続
105,187,SPECIES_KEY_HOPPIP,ハネッコ,188,SPECIES_KEY_SKIPLOOM,ポポッコ,レベルアップ＋Lv.18以上,レベルアップ＋Lv.18以上（CFRU/DPEの対応トリガーを使用。通信・RTC必須にはしない）,LEVEL_OR_STANDARD,,NOT_APPLICABLE,yes,ROM_EDGE_EXISTS_FOR_COVERED_ROWS; MASTER_DESIGN_FOR_OTHER_ROWS,READY_TO_INTEGRATE,TEST_EVOLUTION_0105_TRIGGER|_MISSING_INPUT|_SAVE_RELOAD,DPE拡張系統内で接続
106,188,SPECIES_KEY_SKIPLOOM,ポポッコ,189,SPECIES_KEY_JUMPLUFF,ワタッコ,レベルアップ＋Lv.27以上,レベルアップ＋Lv.27以上（CFRU/DPEの対応トリガーを使用。通信・RTC必須にはしない）,LEVEL_OR_STANDARD,,NOT_APPLICABLE,yes,ROM_EDGE_EXISTS_FOR_COVERED_ROWS; MASTER_DESIGN_FOR_OTHER_ROWS,READY_TO_INTEGRATE,TEST_EVOLUTION_0106_TRIGGER|_MISSING_INPUT|_SAVE_RELOAD,DPE拡張系統内で接続
107,191,SPECIES_KEY_SUNKERN,ヒマナッツ,192,SPECIES_KEY_SUNFLORA,キマワリ,道具使用＋たいようのいしを使う,道具使用＋たいようのいしを使う（CFRU/DPEの対応トリガーを使用。通信・RTC必須にはしない）,ITEM,SUPPLY_ITEM_CATALOG_AUDIT,NOT_APPLICABLE,yes,ROM_EDGE_EXISTS_FOR_COVERED_ROWS; MASTER_DESIGN_FOR_OTHER_ROWS,EXACT_ROM_SUPPLY_AUDIT_REQUIRED,TEST_EVOLUTION_0107_TRIGGER|_MISSING_INPUT|_SAVE_RELOAD,DPE拡張系統内で接続
108,194,SPECIES_KEY_WOOPER,ウパー,195,SPECIES_KEY_QUAGSIRE,ヌオー,レベルアップ＋Lv.20以上,レベルアップ＋Lv.20以上（CFRU/DPEの対応トリガーを使用。通信・RTC必須にはしない）,LEVEL_OR_STANDARD,,NOT_APPLICABLE,yes,ROM_EDGE_EXISTS_FOR_COVERED_ROWS; MASTER_DESIGN_FOR_OTHER_ROWS,READY_TO_INTEGRATE,TEST_EVOLUTION_0108_TRIGGER|_MISSING_INPUT|_SAVE_RELOAD,DPE拡張系統内で接続
109,133,SPECIES_KEY_EEVEE,イーブイ,196,SPECIES_KEY_ESPEON,エーフィ,レベルアップ＋昼＋なつき度160以上,レベルアップ＋昼＋なつき度160以上（CFRU/DPEの対応トリガーを使用。通信・RTC必須にはしない）,TIME|FRIENDSHIP,EVENT_ECOLOGY_RADAR_TIME_SERVICE|SUPPLY_FRIENDSHIP_SERVICES_EXISTING,EVENT_ECOLOGY_RADAR_TIME_SERVICE,yes,ROM_EDGE_EXISTS_FOR_COVERED_ROWS; MASTER_DESIGN_FOR_OTHER_ROWS,EXACT_ROM_SUPPLY_AUDIT_REQUIRED,TEST_EVOLUTION_0109_TRIGGER|_MISSING_INPUT|_SAVE_RELOAD,DPE拡張系統内で接続
110,133,SPECIES_KEY_EEVEE,イーブイ,197,SPECIES_KEY_UMBREON,ブラッキー,レベルアップ＋夜＋なつき度160以上,レベルアップ＋夜＋なつき度160以上（CFRU/DPEの対応トリガーを使用。通信・RTC必須にはしない）,TIME|FRIENDSHIP,EVENT_ECOLOGY_RADAR_TIME_SERVICE|SUPPLY_FRIENDSHIP_SERVICES_EXISTING,EVENT_ECOLOGY_RADAR_TIME_SERVICE,yes,ROM_EDGE_EXISTS_FOR_COVERED_ROWS; MASTER_DESIGN_FOR_OTHER_ROWS,EXACT_ROM_SUPPLY_AUDIT_REQUIRED,TEST_EVOLUTION_0110_TRIGGER|_MISSING_INPUT|_SAVE_RELOAD,DPE拡張系統内で接続
111,79,SPECIES_KEY_SLOWPOKE,ヤドン,199,SPECIES_KEY_SLOWKING,ヤドキング,通信交換＋おうじゃのしるしを持たせる,おうじゃのしるしを持たせて「つながりのヒモ」を使用。NPC交換でも進化可。,TRADE|ITEM,EVENT_TRADE_EMULATOR_SERVICE|SUPPLY_ITEM_CATALOG_AUDIT,NOT_APPLICABLE,yes,ROM_EDGE_EXISTS_FOR_COVERED_ROWS; MASTER_DESIGN_FOR_OTHER_ROWS,EXACT_ROM_SUPPLY_AUDIT_REQUIRED,TEST_EVOLUTION_0111_TRIGGER|_MISSING_INPUT|_SAVE_RELOAD,DPE拡張系統内で接続
112,360,SPECIES_KEY_WYNAUT,ソーナノ,202,SPECIES_KEY_WOBBUFFET,ソーナンス,レベルアップ＋Lv.15以上,レベルアップ＋Lv.15以上（CFRU/DPEの対応トリガーを使用。通信・RTC必須にはしない）,LEVEL_OR_STANDARD,,NOT_APPLICABLE,yes,ROM_EDGE_EXISTS_FOR_COVERED_ROWS; MASTER_DESIGN_FOR_OTHER_ROWS,READY_TO_INTEGRATE,TEST_EVOLUTION_0112_TRIGGER|_MISSING_INPUT|_SAVE_RELOAD,DPE拡張系統内で接続
113,204,SPECIES_KEY_PINECO,クヌギダマ,205,SPECIES_KEY_FORRETRESS,フォレトス,レベルアップ＋Lv.31以上,レベルアップ＋Lv.31以上（CFRU/DPEの対応トリガーを使用。通信・RTC必須にはしない）,LEVEL_OR_STANDARD,,NOT_APPLICABLE,yes,ROM_EDGE_EXISTS_FOR_COVERED_ROWS; MASTER_DESIGN_FOR_OTHER_ROWS,READY_TO_INTEGRATE,TEST_EVOLUTION_0113_TRIGGER|_MISSING_INPUT|_SAVE_RELOAD,既存ベガ種族IDを参照元にしたまま、新種族IDへ接続
114,95,SPECIES_KEY_ONIX,イワーク,208,SPECIES_KEY_STEELIX,ハガネール,通信交換＋メタルコートを持たせる,メタルコートを持たせて「つながりのヒモ」を使用。NPC交換でも進化可。,TRADE|ITEM,EVENT_TRADE_EMULATOR_SERVICE|SUPPLY_ITEM_CATALOG_AUDIT,NOT_APPLICABLE,yes,ROM_EDGE_EXISTS_FOR_COVERED_ROWS; MASTER_DESIGN_FOR_OTHER_ROWS,EXACT_ROM_SUPPLY_AUDIT_REQUIRED,TEST_EVOLUTION_0114_TRIGGER|_MISSING_INPUT|_SAVE_RELOAD,DPE拡張系統内で接続
115,209,SPECIES_KEY_SNUBBULL,ブルー,210,SPECIES_KEY_GRANBULL,グランブル,レベルアップ＋Lv.23以上,レベルアップ＋Lv.23以上（CFRU/DPEの対応トリガーを使用。通信・RTC必須にはしない）,LEVEL_OR_STANDARD,,NOT_APPLICABLE,yes,ROM_EDGE_EXISTS_FOR_COVERED_ROWS; MASTER_DESIGN_FOR_OTHER_ROWS,READY_TO_INTEGRATE,TEST_EVOLUTION_0115_TRIGGER|_MISSING_INPUT|_SAVE_RELOAD,DPE拡張系統内で接続
116,123,SPECIES_KEY_SCYTHER,ストライク,212,SPECIES_KEY_SCIZOR,ハッサム,通信交換＋メタルコートを持たせる,メタルコートを持たせて「つながりのヒモ」を使用。NPC交換でも進化可。,TRADE|ITEM,EVENT_TRADE_EMULATOR_SERVICE|SUPPLY_ITEM_CATALOG_AUDIT,NOT_APPLICABLE,yes,ROM_EDGE_EXISTS_FOR_COVERED_ROWS; MASTER_DESIGN_FOR_OTHER_ROWS,EXACT_ROM_SUPPLY_AUDIT_REQUIRED,TEST_EVOLUTION_0116_TRIGGER|_MISSING_INPUT|_SAVE_RELOAD,既存ベガ種族IDを参照元にしたまま、新種族IDへ接続
117,216,SPECIES_KEY_TEDDIURSA,ヒメグマ,217,SPECIES_KEY_URSARING,リングマ,レベルアップ＋Lv.30以上,レベルアップ＋Lv.30以上（CFRU/DPEの対応トリガーを使用。通信・RTC必須にはしない）,LEVEL_OR_STANDARD,,NOT_APPLICABLE,yes,ROM_EDGE_EXISTS_FOR_COVERED_ROWS; MASTER_DESIGN_FOR_OTHER_ROWS,READY_TO_INTEGRATE,TEST_EVOLUTION_0117_TRIGGER|_MISSING_INPUT|_SAVE_RELOAD,DPE拡張系統内で接続
118,218,SPECIES_KEY_SLUGMA,マグマッグ,219,SPECIES_KEY_MAGCARGO,マグカルゴ,レベルアップ＋Lv.38以上,レベルアップ＋Lv.38以上（CFRU/DPEの対応トリガーを使用。通信・RTC必須にはしない）,LEVEL_OR_STANDARD,,NOT_APPLICABLE,yes,ROM_EDGE_EXISTS_FOR_COVERED_ROWS; MASTER_DESIGN_FOR_OTHER_ROWS,READY_TO_INTEGRATE,TEST_EVOLUTION_0118_TRIGGER|_MISSING_INPUT|_SAVE_RELOAD,DPE拡張系統内で接続
119,220,SPECIES_KEY_SWINUB,ウリムー,221,SPECIES_KEY_PILOSWINE,イノムー,レベルアップ＋Lv.33以上,レベルアップ＋Lv.33以上（CFRU/DPEの対応トリガーを使用。通信・RTC必須にはしない）,LEVEL_OR_STANDARD,,NOT_APPLICABLE,yes,ROM_EDGE_EXISTS_FOR_COVERED_ROWS; MASTER_DESIGN_FOR_OTHER_ROWS,READY_TO_INTEGRATE,TEST_EVOLUTION_0119_TRIGGER|_MISSING_INPUT|_SAVE_RELOAD,既存ベガ種族IDを参照元にしたまま、新種族IDへ接続
120,223,SPECIES_KEY_REMORAID,テッポウオ,224,SPECIES_KEY_OCTILLERY,オクタン,レベルアップ＋Lv.25以上,レベルアップ＋Lv.25以上（CFRU/DPEの対応トリガーを使用。通信・RTC必須にはしない）,LEVEL_OR_STANDARD,,NOT_APPLICABLE,yes,ROM_EDGE_EXISTS_FOR_COVERED_ROWS; MASTER_DESIGN_FOR_OTHER_ROWS,READY_TO_INTEGRATE,TEST_EVOLUTION_0120_TRIGGER|_MISSING_INPUT|_SAVE_RELOAD,既存ベガ種族IDを参照元にしたまま、新種族IDへ接続
121,458,SPECIES_KEY_MANTYKE,タマンタ,226,SPECIES_KEY_MANTINE,マンタイン,レベルアップ＋手持ちにテッポウオ,レベルアップ＋手持ちにテッポウオ（CFRU/DPEの対応トリガーを使用。通信・RTC必須にはしない）,PARTY_OR_FORM,SUPPLY_FORM_PARTY_CONDITION_AUDIT,NOT_APPLICABLE,yes,ROM_EDGE_EXISTS_FOR_COVERED_ROWS; MASTER_DESIGN_FOR_OTHER_ROWS,EXACT_ROM_SUPPLY_AUDIT_REQUIRED,TEST_EVOLUTION_0121_TRIGGER|_MISSING_INPUT|_SAVE_RELOAD,DPE拡張系統内で接続
122,228,SPECIES_KEY_HOUNDOUR,デルビル,229,SPECIES_KEY_HOUNDOOM,ヘルガー,レベルアップ＋Lv.24以上,レベルアップ＋Lv.24以上（CFRU/DPEの対応トリガーを使用。通信・RTC必須にはしない）,LEVEL_OR_STANDARD,,NOT_APPLICABLE,yes,ROM_EDGE_EXISTS_FOR_COVERED_ROWS; MASTER_DESIGN_FOR_OTHER_ROWS,READY_TO_INTEGRATE,TEST_EVOLUTION_0122_TRIGGER|_MISSING_INPUT|_SAVE_RELOAD,既存ベガ種族IDを参照元にしたまま、新種族IDへ接続
123,117,SPECIES_KEY_SEADRA,シードラ,230,SPECIES_KEY_KINGDRA,キングドラ,通信交換＋りゅうのウロコを持たせる,りゅうのウロコを持たせて「つながりのヒモ」を使用。NPC交換でも進化可。,TRADE|ITEM,EVENT_TRADE_EMULATOR_SERVICE|SUPPLY_ITEM_CATALOG_AUDIT,NOT_APPLICABLE,yes,ROM_EDGE_EXISTS_FOR_COVERED_ROWS; MASTER_DESIGN_FOR_OTHER_ROWS,EXACT_ROM_SUPPLY_AUDIT_REQUIRED,TEST_EVOLUTION_0123_TRIGGER|_MISSING_INPUT|_SAVE_RELOAD,DPE拡張系統内で接続
124,231,SPECIES_KEY_PHANPY,ゴマゾウ,232,SPECIES_KEY_DONPHAN,ドンファン,レベルアップ＋Lv.25以上,レベルアップ＋Lv.25以上（CFRU/DPEの対応トリガーを使用。通信・RTC必須にはしない）,LEVEL_OR_STANDARD,,NOT_APPLICABLE,yes,ROM_EDGE_EXISTS_FOR_COVERED_ROWS; MASTER_DESIGN_FOR_OTHER_ROWS,READY_TO_INTEGRATE,TEST_EVOLUTION_0124_TRIGGER|_MISSING_INPUT|_SAVE_RELOAD,DPE拡張系統内で接続
125,137,SPECIES_KEY_PORYGON,ポリゴン,233,SPECIES_KEY_PORYGON2,ポリゴン２,通信交換＋アップグレードを持たせる,アップグレードを持たせて「つながりのヒモ」を使用。NPC交換でも進化可。,TRADE|ITEM,EVENT_TRADE_EMULATOR_SERVICE|SUPPLY_ITEM_CATALOG_AUDIT,NOT_APPLICABLE,yes,ROM_EDGE_EXISTS_FOR_COVERED_ROWS; MASTER_DESIGN_FOR_OTHER_ROWS,EXACT_ROM_SUPPLY_AUDIT_REQUIRED,TEST_EVOLUTION_0125_TRIGGER|_MISSING_INPUT|_SAVE_RELOAD,既存ベガ種族IDを参照元にしたまま、新種族IDへ接続
126,236,SPECIES_KEY_TYROGUE,バルキー,237,SPECIES_KEY_HITMONTOP,カポエラー,レベルアップ＋Lv.20以上＋攻撃＝防御,レベルアップ＋Lv.20以上＋攻撃＝防御（CFRU/DPEの対応トリガーを使用。通信・RTC必須にはしない）,LEVEL_OR_STANDARD,,NOT_APPLICABLE,yes,ROM_EDGE_EXISTS_FOR_COVERED_ROWS; MASTER_DESIGN_FOR_OTHER_ROWS,READY_TO_INTEGRATE,TEST_EVOLUTION_0126_TRIGGER|_MISSING_INPUT|_SAVE_RELOAD,既存ベガ種族IDを参照元にしたまま、新種族IDへ接続
127,113,SPECIES_KEY_CHANSEY,ラッキー,242,SPECIES_KEY_BLISSEY,ハピナス,レベルアップ＋なつき度160以上,レベルアップ＋なつき度160以上（CFRU/DPEの対応トリガーを使用。通信・RTC必須にはしない）,FRIENDSHIP,SUPPLY_FRIENDSHIP_SERVICES_EXISTING,NOT_APPLICABLE,yes,ROM_EDGE_EXISTS_FOR_COVERED_ROWS; MASTER_DESIGN_FOR_OTHER_ROWS,EXACT_ROM_SUPPLY_AUDIT_REQUIRED,TEST_EVOLUTION_0127_TRIGGER|_MISSING_INPUT|_SAVE_RELOAD,既存ベガ種族IDを参照元にしたまま、新種族IDへ接続
128,246,SPECIES_KEY_LARVITAR,ヨーギラス,247,SPECIES_KEY_PUPITAR,サナギラス,レベルアップ＋Lv.30以上,レベルアップ＋Lv.30以上（CFRU/DPEの対応トリガーを使用。通信・RTC必須にはしない）,LEVEL_OR_STANDARD,,NOT_APPLICABLE,yes,ROM_EDGE_EXISTS_FOR_COVERED_ROWS; MASTER_DESIGN_FOR_OTHER_ROWS,READY_TO_INTEGRATE,TEST_EVOLUTION_0128_TRIGGER|_MISSING_INPUT|_SAVE_RELOAD,既存ベガ種族IDを参照元にしたまま、新種族IDへ接続
129,247,SPECIES_KEY_PUPITAR,サナギラス,248,SPECIES_KEY_TYRANITAR,バンギラス,レベルアップ＋Lv.55以上,レベルアップ＋Lv.55以上（CFRU/DPEの対応トリガーを使用。通信・RTC必須にはしない）,LEVEL_OR_STANDARD,,NOT_APPLICABLE,yes,ROM_EDGE_EXISTS_FOR_COVERED_ROWS; MASTER_DESIGN_FOR_OTHER_ROWS,READY_TO_INTEGRATE,TEST_EVOLUTION_0129_TRIGGER|_MISSING_INPUT|_SAVE_RELOAD,既存ベガ種族IDを参照元にしたまま、新種族IDへ接続
130,252,SPECIES_KEY_TREECKO,キモリ,253,SPECIES_KEY_GROVYLE,ジュプトル,レベルアップ＋Lv.16以上,レベルアップ＋Lv.16以上（CFRU/DPEの対応トリガーを使用。通信・RTC必須にはしない）,LEVEL_OR_STANDARD,,NOT_APPLICABLE,yes,ROM_EDGE_EXISTS_FOR_COVERED_ROWS; MASTER_DESIGN_FOR_OTHER_ROWS,READY_TO_INTEGRATE,TEST_EVOLUTION_0130_TRIGGER|_MISSING_INPUT|_SAVE_RELOAD,DPE拡張系統内で接続
131,253,SPECIES_KEY_GROVYLE,ジュプトル,254,SPECIES_KEY_SCEPTILE,ジュカイン,レベルアップ＋Lv.36以上,レベルアップ＋Lv.36以上（CFRU/DPEの対応トリガーを使用。通信・RTC必須にはしない）,LEVEL_OR_STANDARD,,NOT_APPLICABLE,yes,ROM_EDGE_EXISTS_FOR_COVERED_ROWS; MASTER_DESIGN_FOR_OTHER_ROWS,READY_TO_INTEGRATE,TEST_EVOLUTION_0131_TRIGGER|_MISSING_INPUT|_SAVE_RELOAD,DPE拡張系統内で接続
132,255,SPECIES_KEY_TORCHIC,アチャモ,256,SPECIES_KEY_COMBUSKEN,ワカシャモ,レベルアップ＋Lv.16以上,レベルアップ＋Lv.16以上（CFRU/DPEの対応トリガーを使用。通信・RTC必須にはしない）,LEVEL_OR_STANDARD,,NOT_APPLICABLE,yes,ROM_EDGE_EXISTS_FOR_COVERED_ROWS; MASTER_DESIGN_FOR_OTHER_ROWS,READY_TO_INTEGRATE,TEST_EVOLUTION_0132_TRIGGER|_MISSING_INPUT|_SAVE_RELOAD,DPE拡張系統内で接続
133,256,SPECIES_KEY_COMBUSKEN,ワカシャモ,257,SPECIES_KEY_BLAZIKEN,バシャーモ,レベルアップ＋Lv.36以上,レベルアップ＋Lv.36以上（CFRU/DPEの対応トリガーを使用。通信・RTC必須にはしない）,LEVEL_OR_STANDARD,,NOT_APPLICABLE,yes,ROM_EDGE_EXISTS_FOR_COVERED_ROWS; MASTER_DESIGN_FOR_OTHER_ROWS,READY_TO_INTEGRATE,TEST_EVOLUTION_0133_TRIGGER|_MISSING_INPUT|_SAVE_RELOAD,DPE拡張系統内で接続
134,258,SPECIES_KEY_MUDKIP,ミズゴロウ,259,SPECIES_KEY_MARSHTOMP,ヌマクロー,レベルアップ＋Lv.16以上,レベルアップ＋Lv.16以上（CFRU/DPEの対応トリガーを使用。通信・RTC必須にはしない）,LEVEL_OR_STANDARD,,NOT_APPLICABLE,yes,ROM_EDGE_EXISTS_FOR_COVERED_ROWS; MASTER_DESIGN_FOR_OTHER_ROWS,READY_TO_INTEGRATE,TEST_EVOLUTION_0134_TRIGGER|_MISSING_INPUT|_SAVE_RELOAD,DPE拡張系統内で接続
135,259,SPECIES_KEY_MARSHTOMP,ヌマクロー,260,SPECIES_KEY_SWAMPERT,ラグラージ,レベルアップ＋Lv.36以上,レベルアップ＋Lv.36以上（CFRU/DPEの対応トリガーを使用。通信・RTC必須にはしない）,LEVEL_OR_STANDARD,,NOT_APPLICABLE,yes,ROM_EDGE_EXISTS_FOR_COVERED_ROWS; MASTER_DESIGN_FOR_OTHER_ROWS,READY_TO_INTEGRATE,TEST_EVOLUTION_0135_TRIGGER|_MISSING_INPUT|_SAVE_RELOAD,DPE拡張系統内で接続
136,261,SPECIES_KEY_POOCHYENA,ポチエナ,262,SPECIES_KEY_MIGHTYENA,グラエナ,レベルアップ＋Lv.18以上,レベルアップ＋Lv.18以上（CFRU/DPEの対応トリガーを使用。通信・RTC必須にはしない）,LEVEL_OR_STANDARD,,NOT_APPLICABLE,yes,ROM_EDGE_EXISTS_FOR_COVERED_ROWS; MASTER_DESIGN_FOR_OTHER_ROWS,READY_TO_INTEGRATE,TEST_EVOLUTION_0136_TRIGGER|_MISSING_INPUT|_SAVE_RELOAD,DPE拡張系統内で接続
137,263,SPECIES_KEY_ZIGZAGOON,ジグザグマ,264,SPECIES_KEY_LINOONE,マッスグマ,レベルアップ＋Lv.20以上,レベルアップ＋Lv.20以上（CFRU/DPEの対応トリガーを使用。通信・RTC必須にはしない）,LEVEL_OR_STANDARD,,NOT_APPLICABLE,yes,ROM_EDGE_EXISTS_FOR_COVERED_ROWS; MASTER_DESIGN_FOR_OTHER_ROWS,READY_TO_INTEGRATE,TEST_EVOLUTION_0137_TRIGGER|_MISSING_INPUT|_SAVE_RELOAD,DPE拡張系統内で接続
138,265,SPECIES_KEY_WURMPLE,ケムッソ,266,SPECIES_KEY_SILCOON,カラサリス,レベルアップ＋Lv.7以上,レベルアップ＋Lv.7以上（CFRU/DPEの対応トリガーを使用。通信・RTC必須にはしない）,LEVEL_OR_STANDARD,,NOT_APPLICABLE,yes,ROM_EDGE_EXISTS_FOR_COVERED_ROWS; MASTER_DESIGN_FOR_OTHER_ROWS,READY_TO_INTEGRATE,TEST_EVOLUTION_0138_TRIGGER|_MISSING_INPUT|_SAVE_RELOAD,DPE拡張系統内で接続
139,266,SPECIES_KEY_SILCOON,カラサリス,267,SPECIES_KEY_BEAUTIFLY,アゲハント,レベルアップ＋Lv.10以上,レベルアップ＋Lv.10以上（CFRU/DPEの対応トリガーを使用。通信・RTC必須にはしない）,LEVEL_OR_STANDARD,,NOT_APPLICABLE,yes,ROM_EDGE_EXISTS_FOR_COVERED_ROWS; MASTER_DESIGN_FOR_OTHER_ROWS,READY_TO_INTEGRATE,TEST_EVOLUTION_0139_TRIGGER|_MISSING_INPUT|_SAVE_RELOAD,DPE拡張系統内で接続
140,265,SPECIES_KEY_WURMPLE,ケムッソ,268,SPECIES_KEY_CASCOON,マユルド,レベルアップ＋Lv.7以上,レベルアップ＋Lv.7以上（CFRU/DPEの対応トリガーを使用。通信・RTC必須にはしない）,LEVEL_OR_STANDARD,,NOT_APPLICABLE,yes,ROM_EDGE_EXISTS_FOR_COVERED_ROWS; MASTER_DESIGN_FOR_OTHER_ROWS,READY_TO_INTEGRATE,TEST_EVOLUTION_0140_TRIGGER|_MISSING_INPUT|_SAVE_RELOAD,DPE拡張系統内で接続
141,268,SPECIES_KEY_CASCOON,マユルド,269,SPECIES_KEY_DUSTOX,ドクケイル,レベルアップ＋Lv.10以上,レベルアップ＋Lv.10以上（CFRU/DPEの対応トリガーを使用。通信・RTC必須にはしない）,LEVEL_OR_STANDARD,,NOT_APPLICABLE,yes,ROM_EDGE_EXISTS_FOR_COVERED_ROWS; MASTER_DESIGN_FOR_OTHER_ROWS,READY_TO_INTEGRATE,TEST_EVOLUTION_0141_TRIGGER|_MISSING_INPUT|_SAVE_RELOAD,DPE拡張系統内で接続
142,270,SPECIES_KEY_LOTAD,ハスボー,271,SPECIES_KEY_LOMBRE,ハスブレロ,レベルアップ＋Lv.14以上,レベルアップ＋Lv.14以上（CFRU/DPEの対応トリガーを使用。通信・RTC必須にはしない）,LEVEL_OR_STANDARD,,NOT_APPLICABLE,yes,ROM_EDGE_EXISTS_FOR_COVERED_ROWS; MASTER_DESIGN_FOR_OTHER_ROWS,READY_TO_INTEGRATE,TEST_EVOLUTION_0142_TRIGGER|_MISSING_INPUT|_SAVE_RELOAD,DPE拡張系統内で接続
143,271,SPECIES_KEY_LOMBRE,ハスブレロ,272,SPECIES_KEY_LUDICOLO,ルンパッパ,道具使用＋みずのいしを使う,道具使用＋みずのいしを使う（CFRU/DPEの対応トリガーを使用。通信・RTC必須にはしない）,ITEM,SUPPLY_ITEM_CATALOG_AUDIT,NOT_APPLICABLE,yes,ROM_EDGE_EXISTS_FOR_COVERED_ROWS; MASTER_DESIGN_FOR_OTHER_ROWS,EXACT_ROM_SUPPLY_AUDIT_REQUIRED,TEST_EVOLUTION_0143_TRIGGER|_MISSING_INPUT|_SAVE_RELOAD,DPE拡張系統内で接続
144,273,SPECIES_KEY_SEEDOT,タネボー,274,SPECIES_KEY_NUZLEAF,コノハナ,レベルアップ＋Lv.14以上,レベルアップ＋Lv.14以上（CFRU/DPEの対応トリガーを使用。通信・RTC必須にはしない）,LEVEL_OR_STANDARD,,NOT_APPLICABLE,yes,ROM_EDGE_EXISTS_FOR_COVERED_ROWS; MASTER_DESIGN_FOR_OTHER_ROWS,READY_TO_INTEGRATE,TEST_EVOLUTION_0144_TRIGGER|_MISSING_INPUT|_SAVE_RELOAD,DPE拡張系統内で接続
145,274,SPECIES_KEY_NUZLEAF,コノハナ,275,SPECIES_KEY_SHIFTRY,ダーテング,道具使用＋リーフのいしを使う,道具使用＋リーフのいしを使う（CFRU/DPEの対応トリガーを使用。通信・RTC必須にはしない）,ITEM,SUPPLY_ITEM_CATALOG_AUDIT,NOT_APPLICABLE,yes,ROM_EDGE_EXISTS_FOR_COVERED_ROWS; MASTER_DESIGN_FOR_OTHER_ROWS,EXACT_ROM_SUPPLY_AUDIT_REQUIRED,TEST_EVOLUTION_0145_TRIGGER|_MISSING_INPUT|_SAVE_RELOAD,DPE拡張系統内で接続
146,276,SPECIES_KEY_TAILLOW,スバメ,277,SPECIES_KEY_SWELLOW,オオスバメ,レベルアップ＋Lv.22以上,レベルアップ＋Lv.22以上（CFRU/DPEの対応トリガーを使用。通信・RTC必須にはしない）,LEVEL_OR_STANDARD,,NOT_APPLICABLE,yes,ROM_EDGE_EXISTS_FOR_COVERED_ROWS; MASTER_DESIGN_FOR_OTHER_ROWS,READY_TO_INTEGRATE,TEST_EVOLUTION_0146_TRIGGER|_MISSING_INPUT|_SAVE_RELOAD,既存ベガ種族IDを参照元にしたまま、新種族IDへ接続
147,278,SPECIES_KEY_WINGULL,キャモメ,279,SPECIES_KEY_PELIPPER,ペリッパー,レベルアップ＋Lv.25以上,レベルアップ＋Lv.25以上（CFRU/DPEの対応トリガーを使用。通信・RTC必須にはしない）,LEVEL_OR_STANDARD,,NOT_APPLICABLE,yes,ROM_EDGE_EXISTS_FOR_COVERED_ROWS; MASTER_DESIGN_FOR_OTHER_ROWS,READY_TO_INTEGRATE,TEST_EVOLUTION_0147_TRIGGER|_MISSING_INPUT|_SAVE_RELOAD,DPE拡張系統内で接続
148,280,SPECIES_KEY_RALTS,ラルトス,281,SPECIES_KEY_KIRLIA,キルリア,レベルアップ＋Lv.20以上,レベルアップ＋Lv.20以上（CFRU/DPEの対応トリガーを使用。通信・RTC必須にはしない）,LEVEL_OR_STANDARD,,NOT_APPLICABLE,yes,ROM_EDGE_EXISTS_FOR_COVERED_ROWS; MASTER_DESIGN_FOR_OTHER_ROWS,READY_TO_INTEGRATE,TEST_EVOLUTION_0148_TRIGGER|_MISSING_INPUT|_SAVE_RELOAD,既存ベガ種族IDを参照元にしたまま、新種族IDへ接続
149,281,SPECIES_KEY_KIRLIA,キルリア,282,SPECIES_KEY_GARDEVOIR,サーナイト,レベルアップ＋Lv.30以上,レベルアップ＋Lv.30以上（CFRU/DPEの対応トリガーを使用。通信・RTC必須にはしない）,LEVEL_OR_STANDARD,,NOT_APPLICABLE,yes,ROM_EDGE_EXISTS_FOR_COVERED_ROWS; MASTER_DESIGN_FOR_OTHER_ROWS,READY_TO_INTEGRATE,TEST_EVOLUTION_0149_TRIGGER|_MISSING_INPUT|_SAVE_RELOAD,既存ベガ種族IDを参照元にしたまま、新種族IDへ接続
150,283,SPECIES_KEY_SURSKIT,アメタマ,284,SPECIES_KEY_MASQUERAIN,アメモース,レベルアップ＋Lv.22以上,レベルアップ＋Lv.22以上（CFRU/DPEの対応トリガーを使用。通信・RTC必須にはしない）,LEVEL_OR_STANDARD,,NOT_APPLICABLE,yes,ROM_EDGE_EXISTS_FOR_COVERED_ROWS; MASTER_DESIGN_FOR_OTHER_ROWS,READY_TO_INTEGRATE,TEST_EVOLUTION_0150_TRIGGER|_MISSING_INPUT|_SAVE_RELOAD,DPE拡張系統内で接続
151,285,SPECIES_KEY_SHROOMISH,キノココ,286,SPECIES_KEY_BRELOOM,キノガッサ,レベルアップ＋Lv.23以上,レベルアップ＋Lv.23以上（CFRU/DPEの対応トリガーを使用。通信・RTC必須にはしない）,LEVEL_OR_STANDARD,,NOT_APPLICABLE,yes,ROM_EDGE_EXISTS_FOR_COVERED_ROWS; MASTER_DESIGN_FOR_OTHER_ROWS,READY_TO_INTEGRATE,TEST_EVOLUTION_0151_TRIGGER|_MISSING_INPUT|_SAVE_RELOAD,既存ベガ種族IDを参照元にしたまま、新種族IDへ接続
152,287,SPECIES_KEY_SLAKOTH,ナマケロ,288,SPECIES_KEY_VIGOROTH,ヤルキモノ,レベルアップ＋Lv.18以上,レベルアップ＋Lv.18以上（CFRU/DPEの対応トリガーを使用。通信・RTC必須にはしない）,LEVEL_OR_STANDARD,,NOT_APPLICABLE,yes,ROM_EDGE_EXISTS_FOR_COVERED_ROWS; MASTER_DESIGN_FOR_OTHER_ROWS,READY_TO_INTEGRATE,TEST_EVOLUTION_0152_TRIGGER|_MISSING_INPUT|_SAVE_RELOAD,DPE拡張系統内で接続
153,288,SPECIES_KEY_VIGOROTH,ヤルキモノ,289,SPECIES_KEY_SLAKING,ケッキング,レベルアップ＋Lv.36以上,レベルアップ＋Lv.36以上（CFRU/DPEの対応トリガーを使用。通信・RTC必須にはしない）,LEVEL_OR_STANDARD,,NOT_APPLICABLE,yes,ROM_EDGE_EXISTS_FOR_COVERED_ROWS; MASTER_DESIGN_FOR_OTHER_ROWS,READY_TO_INTEGRATE,TEST_EVOLUTION_0153_TRIGGER|_MISSING_INPUT|_SAVE_RELOAD,DPE拡張系統内で接続
154,290,SPECIES_KEY_NINCADA,ツチニン,291,SPECIES_KEY_NINJASK,テッカニン,レベルアップ＋Lv.20以上,レベルアップ＋Lv.20以上（CFRU/DPEの対応トリガーを使用。通信・RTC必須にはしない）,LEVEL_OR_STANDARD,,NOT_APPLICABLE,yes,ROM_EDGE_EXISTS_FOR_COVERED_ROWS; MASTER_DESIGN_FOR_OTHER_ROWS,READY_TO_INTEGRATE,TEST_EVOLUTION_0154_TRIGGER|_MISSING_INPUT|_SAVE_RELOAD,既存ベガ種族IDを参照元にしたまま、新種族IDへ接続
155,290,SPECIES_KEY_NINCADA,ツチニン,292,SPECIES_KEY_SHEDINJA,ヌケニン,特殊分裂,特殊分裂（CFRU/DPEの対応トリガーを使用。通信・RTC必須にはしない）,LEVEL_OR_STANDARD,,NOT_APPLICABLE,yes,ROM_EDGE_EXISTS_FOR_COVERED_ROWS; MASTER_DESIGN_FOR_OTHER_ROWS,READY_TO_INTEGRATE,TEST_EVOLUTION_0155_TRIGGER|_MISSING_INPUT|_SAVE_RELOAD,既存ベガ種族IDを参照元にしたまま、新種族IDへ接続
156,293,SPECIES_KEY_WHISMUR,ゴニョニョ,294,SPECIES_KEY_LOUDRED,ドゴーム,レベルアップ＋Lv.20以上,レベルアップ＋Lv.20以上（CFRU/DPEの対応トリガーを使用。通信・RTC必須にはしない）,LEVEL_OR_STANDARD,,NOT_APPLICABLE,yes,ROM_EDGE_EXISTS_FOR_COVERED_ROWS; MASTER_DESIGN_FOR_OTHER_ROWS,READY_TO_INTEGRATE,TEST_EVOLUTION_0156_TRIGGER|_MISSING_INPUT|_SAVE_RELOAD,既存ベガ種族IDを参照元にしたまま、新種族IDへ接続
157,294,SPECIES_KEY_LOUDRED,ドゴーム,295,SPECIES_KEY_EXPLOUD,バクオング,レベルアップ＋Lv.40以上,レベルアップ＋Lv.40以上（CFRU/DPEの対応トリガーを使用。通信・RTC必須にはしない）,LEVEL_OR_STANDARD,,NOT_APPLICABLE,yes,ROM_EDGE_EXISTS_FOR_COVERED_ROWS; MASTER_DESIGN_FOR_OTHER_ROWS,READY_TO_INTEGRATE,TEST_EVOLUTION_0157_TRIGGER|_MISSING_INPUT|_SAVE_RELOAD,既存ベガ種族IDを参照元にしたまま、新種族IDへ接続
158,296,SPECIES_KEY_MAKUHITA,マクノシタ,297,SPECIES_KEY_HARIYAMA,ハリテヤマ,レベルアップ＋Lv.24以上,レベルアップ＋Lv.24以上（CFRU/DPEの対応トリガーを使用。通信・RTC必須にはしない）,LEVEL_OR_STANDARD,,NOT_APPLICABLE,yes,ROM_EDGE_EXISTS_FOR_COVERED_ROWS; MASTER_DESIGN_FOR_OTHER_ROWS,READY_TO_INTEGRATE,TEST_EVOLUTION_0158_TRIGGER|_MISSING_INPUT|_SAVE_RELOAD,DPE拡張系統内で接続
159,300,SPECIES_KEY_SKITTY,エネコ,301,SPECIES_KEY_DELCATTY,エネコロロ,道具使用＋つきのいしを使う,道具使用＋つきのいしを使う（CFRU/DPEの対応トリガーを使用。通信・RTC必須にはしない）,ITEM,SUPPLY_ITEM_CATALOG_AUDIT,NOT_APPLICABLE,yes,ROM_EDGE_EXISTS_FOR_COVERED_ROWS; MASTER_DESIGN_FOR_OTHER_ROWS,EXACT_ROM_SUPPLY_AUDIT_REQUIRED,TEST_EVOLUTION_0159_TRIGGER|_MISSING_INPUT|_SAVE_RELOAD,DPE拡張系統内で接続
160,304,SPECIES_KEY_ARON,ココドラ,305,SPECIES_KEY_LAIRON,コドラ,レベルアップ＋Lv.32以上,レベルアップ＋Lv.32以上（CFRU/DPEの対応トリガーを使用。通信・RTC必須にはしない）,LEVEL_OR_STANDARD,,NOT_APPLICABLE,yes,ROM_EDGE_EXISTS_FOR_COVERED_ROWS; MASTER_DESIGN_FOR_OTHER_ROWS,READY_TO_INTEGRATE,TEST_EVOLUTION_0160_TRIGGER|_MISSING_INPUT|_SAVE_RELOAD,DPE拡張系統内で接続
161,305,SPECIES_KEY_LAIRON,コドラ,306,SPECIES_KEY_AGGRON,ボスゴドラ,レベルアップ＋Lv.42以上,レベルアップ＋Lv.42以上（CFRU/DPEの対応トリガーを使用。通信・RTC必須にはしない）,LEVEL_OR_STANDARD,,NOT_APPLICABLE,yes,ROM_EDGE_EXISTS_FOR_COVERED_ROWS; MASTER_DESIGN_FOR_OTHER_ROWS,READY_TO_INTEGRATE,TEST_EVOLUTION_0161_TRIGGER|_MISSING_INPUT|_SAVE_RELOAD,DPE拡張系統内で接続
162,307,SPECIES_KEY_MEDITITE,アサナン,308,SPECIES_KEY_MEDICHAM,チャーレム,レベルアップ＋Lv.37以上,レベルアップ＋Lv.37以上（CFRU/DPEの対応トリガーを使用。通信・RTC必須にはしない）,LEVEL_OR_STANDARD,,NOT_APPLICABLE,yes,ROM_EDGE_EXISTS_FOR_COVERED_ROWS; MASTER_DESIGN_FOR_OTHER_ROWS,READY_TO_INTEGRATE,TEST_EVOLUTION_0162_TRIGGER|_MISSING_INPUT|_SAVE_RELOAD,DPE拡張系統内で接続
163,309,SPECIES_KEY_ELECTRIKE,ラクライ,310,SPECIES_KEY_MANECTRIC,ライボルト,レベルアップ＋Lv.26以上,レベルアップ＋Lv.26以上（CFRU/DPEの対応トリガーを使用。通信・RTC必須にはしない）,LEVEL_OR_STANDARD,,NOT_APPLICABLE,yes,ROM_EDGE_EXISTS_FOR_COVERED_ROWS; MASTER_DESIGN_FOR_OTHER_ROWS,READY_TO_INTEGRATE,TEST_EVOLUTION_0163_TRIGGER|_MISSING_INPUT|_SAVE_RELOAD,DPE拡張系統内で接続
164,406,SPECIES_KEY_BUDEW,スボミー,315,SPECIES_KEY_ROSELIA,ロゼリア,レベルアップ＋昼＋なつき度160以上,レベルアップ＋昼＋なつき度160以上（CFRU/DPEの対応トリガーを使用。通信・RTC必須にはしない）,TIME|FRIENDSHIP,EVENT_ECOLOGY_RADAR_TIME_SERVICE|SUPPLY_FRIENDSHIP_SERVICES_EXISTING,EVENT_ECOLOGY_RADAR_TIME_SERVICE,yes,ROM_EDGE_EXISTS_FOR_COVERED_ROWS; MASTER_DESIGN_FOR_OTHER_ROWS,EXACT_ROM_SUPPLY_AUDIT_REQUIRED,TEST_EVOLUTION_0164_TRIGGER|_MISSING_INPUT|_SAVE_RELOAD,DPE拡張系統内で接続
165,316,SPECIES_KEY_GULPIN,ゴクリン,317,SPECIES_KEY_SWALOT,マルノーム,レベルアップ＋Lv.26以上,レベルアップ＋Lv.26以上（CFRU/DPEの対応トリガーを使用。通信・RTC必須にはしない）,LEVEL_OR_STANDARD,,NOT_APPLICABLE,yes,ROM_EDGE_EXISTS_FOR_COVERED_ROWS; MASTER_DESIGN_FOR_OTHER_ROWS,READY_TO_INTEGRATE,TEST_EVOLUTION_0165_TRIGGER|_MISSING_INPUT|_SAVE_RELOAD,DPE拡張系統内で接続
166,318,SPECIES_KEY_CARVANHA,キバニア,319,SPECIES_KEY_SHARPEDO,サメハダー,レベルアップ＋Lv.30以上,レベルアップ＋Lv.30以上（CFRU/DPEの対応トリガーを使用。通信・RTC必須にはしない）,LEVEL_OR_STANDARD,,NOT_APPLICABLE,yes,ROM_EDGE_EXISTS_FOR_COVERED_ROWS; MASTER_DESIGN_FOR_OTHER_ROWS,READY_TO_INTEGRATE,TEST_EVOLUTION_0166_TRIGGER|_MISSING_INPUT|_SAVE_RELOAD,DPE拡張系統内で接続
167,320,SPECIES_KEY_WAILMER,ホエルコ,321,SPECIES_KEY_WAILORD,ホエルオー,レベルアップ＋Lv.40以上,レベルアップ＋Lv.40以上（CFRU/DPEの対応トリガーを使用。通信・RTC必須にはしない）,LEVEL_OR_STANDARD,,NOT_APPLICABLE,yes,ROM_EDGE_EXISTS_FOR_COVERED_ROWS; MASTER_DESIGN_FOR_OTHER_ROWS,READY_TO_INTEGRATE,TEST_EVOLUTION_0167_TRIGGER|_MISSING_INPUT|_SAVE_RELOAD,DPE拡張系統内で接続
168,322,SPECIES_KEY_NUMEL,ドンメル,323,SPECIES_KEY_CAMERUPT,バクーダ,レベルアップ＋Lv.33以上,レベルアップ＋Lv.33以上（CFRU/DPEの対応トリガーを使用。通信・RTC必須にはしない）,LEVEL_OR_STANDARD,,NOT_APPLICABLE,yes,ROM_EDGE_EXISTS_FOR_COVERED_ROWS; MASTER_DESIGN_FOR_OTHER_ROWS,READY_TO_INTEGRATE,TEST_EVOLUTION_0168_TRIGGER|_MISSING_INPUT|_SAVE_RELOAD,DPE拡張系統内で接続
169,325,SPECIES_KEY_SPOINK,バネブー,326,SPECIES_KEY_GRUMPIG,ブーピッグ,レベルアップ＋Lv.32以上,レベルアップ＋Lv.32以上（CFRU/DPEの対応トリガーを使用。通信・RTC必須にはしない）,LEVEL_OR_STANDARD,,NOT_APPLICABLE,yes,ROM_EDGE_EXISTS_FOR_COVERED_ROWS; MASTER_DESIGN_FOR_OTHER_ROWS,READY_TO_INTEGRATE,TEST_EVOLUTION_0169_TRIGGER|_MISSING_INPUT|_SAVE_RELOAD,DPE拡張系統内で接続
170,328,SPECIES_KEY_TRAPINCH,ナックラー,329,SPECIES_KEY_VIBRAVA,ビブラーバ,レベルアップ＋Lv.35以上,レベルアップ＋Lv.35以上（CFRU/DPEの対応トリガーを使用。通信・RTC必須にはしない）,LEVEL_OR_STANDARD,,NOT_APPLICABLE,yes,ROM_EDGE_EXISTS_FOR_COVERED_ROWS; MASTER_DESIGN_FOR_OTHER_ROWS,READY_TO_INTEGRATE,TEST_EVOLUTION_0170_TRIGGER|_MISSING_INPUT|_SAVE_RELOAD,DPE拡張系統内で接続
171,329,SPECIES_KEY_VIBRAVA,ビブラーバ,330,SPECIES_KEY_FLYGON,フライゴン,レベルアップ＋Lv.45以上,レベルアップ＋Lv.45以上（CFRU/DPEの対応トリガーを使用。通信・RTC必須にはしない）,LEVEL_OR_STANDARD,,NOT_APPLICABLE,yes,ROM_EDGE_EXISTS_FOR_COVERED_ROWS; MASTER_DESIGN_FOR_OTHER_ROWS,READY_TO_INTEGRATE,TEST_EVOLUTION_0171_TRIGGER|_MISSING_INPUT|_SAVE_RELOAD,DPE拡張系統内で接続
172,331,SPECIES_KEY_CACNEA,サボネア,332,SPECIES_KEY_CACTURNE,ノクタス,レベルアップ＋Lv.32以上,レベルアップ＋Lv.32以上（CFRU/DPEの対応トリガーを使用。通信・RTC必須にはしない）,LEVEL_OR_STANDARD,,NOT_APPLICABLE,yes,ROM_EDGE_EXISTS_FOR_COVERED_ROWS; MASTER_DESIGN_FOR_OTHER_ROWS,READY_TO_INTEGRATE,TEST_EVOLUTION_0172_TRIGGER|_MISSING_INPUT|_SAVE_RELOAD,既存ベガ種族IDを参照元にしたまま、新種族IDへ接続
173,333,SPECIES_KEY_SWABLU,チルット,334,SPECIES_KEY_ALTARIA,チルタリス,レベルアップ＋Lv.35以上,レベルアップ＋Lv.35以上（CFRU/DPEの対応トリガーを使用。通信・RTC必須にはしない）,LEVEL_OR_STANDARD,,NOT_APPLICABLE,yes,ROM_EDGE_EXISTS_FOR_COVERED_ROWS; MASTER_DESIGN_FOR_OTHER_ROWS,READY_TO_INTEGRATE,TEST_EVOLUTION_0173_TRIGGER|_MISSING_INPUT|_SAVE_RELOAD,DPE拡張系統内で接続
174,339,SPECIES_KEY_BARBOACH,ドジョッチ,340,SPECIES_KEY_WHISCASH,ナマズン,レベルアップ＋Lv.30以上,レベルアップ＋Lv.30以上（CFRU/DPEの対応トリガーを使用。通信・RTC必須にはしない）,LEVEL_OR_STANDARD,,NOT_APPLICABLE,yes,ROM_EDGE_EXISTS_FOR_COVERED_ROWS; MASTER_DESIGN_FOR_OTHER_ROWS,READY_TO_INTEGRATE,TEST_EVOLUTION_0174_TRIGGER|_MISSING_INPUT|_SAVE_RELOAD,DPE拡張系統内で接続
175,341,SPECIES_KEY_CORPHISH,ヘイガニ,342,SPECIES_KEY_CRAWDAUNT,シザリガー,レベルアップ＋Lv.30以上,レベルアップ＋Lv.30以上（CFRU/DPEの対応トリガーを使用。通信・RTC必須にはしない）,LEVEL_OR_STANDARD,,NOT_APPLICABLE,yes,ROM_EDGE_EXISTS_FOR_COVERED_ROWS; MASTER_DESIGN_FOR_OTHER_ROWS,READY_TO_INTEGRATE,TEST_EVOLUTION_0175_TRIGGER|_MISSING_INPUT|_SAVE_RELOAD,DPE拡張系統内で接続
176,343,SPECIES_KEY_BALTOY,ヤジロン,344,SPECIES_KEY_CLAYDOL,ネンドール,レベルアップ＋Lv.36以上,レベルアップ＋Lv.36以上（CFRU/DPEの対応トリガーを使用。通信・RTC必須にはしない）,LEVEL_OR_STANDARD,,NOT_APPLICABLE,yes,ROM_EDGE_EXISTS_FOR_COVERED_ROWS; MASTER_DESIGN_FOR_OTHER_ROWS,READY_TO_INTEGRATE,TEST_EVOLUTION_0176_TRIGGER|_MISSING_INPUT|_SAVE_RELOAD,DPE拡張系統内で接続
177,345,SPECIES_KEY_LILEEP,リリーラ,346,SPECIES_KEY_CRADILY,ユレイドル,レベルアップ＋Lv.40以上,レベルアップ＋Lv.40以上（CFRU/DPEの対応トリガーを使用。通信・RTC必須にはしない）,LEVEL_OR_STANDARD,,NOT_APPLICABLE,yes,ROM_EDGE_EXISTS_FOR_COVERED_ROWS; MASTER_DESIGN_FOR_OTHER_ROWS,READY_TO_INTEGRATE,TEST_EVOLUTION_0177_TRIGGER|_MISSING_INPUT|_SAVE_RELOAD,既存ベガ種族IDを参照元にしたまま、新種族IDへ接続
178,347,SPECIES_KEY_ANORITH,アノプス,348,SPECIES_KEY_ARMALDO,アーマルド,レベルアップ＋Lv.40以上,レベルアップ＋Lv.40以上（CFRU/DPEの対応トリガーを使用。通信・RTC必須にはしない）,LEVEL_OR_STANDARD,,NOT_APPLICABLE,yes,ROM_EDGE_EXISTS_FOR_COVERED_ROWS; MASTER_DESIGN_FOR_OTHER_ROWS,READY_TO_INTEGRATE,TEST_EVOLUTION_0178_TRIGGER|_MISSING_INPUT|_SAVE_RELOAD,DPE拡張系統内で接続
179,349,SPECIES_KEY_FEEBAS,ヒンバス,350,SPECIES_KEY_MILOTIC,ミロカロス,レベルアップ＋うつくしさ170以上,うつくしさはコンディション非依存にし、きれいなウロコ使用。,LEVEL_OR_STANDARD,,NOT_APPLICABLE,yes,ROM_EDGE_EXISTS_FOR_COVERED_ROWS; MASTER_DESIGN_FOR_OTHER_ROWS,READY_TO_INTEGRATE,TEST_EVOLUTION_0179_TRIGGER|_MISSING_INPUT|_SAVE_RELOAD,DPE拡張系統内で接続
180,353,SPECIES_KEY_SHUPPET,カゲボウズ,354,SPECIES_KEY_BANETTE,ジュペッタ,レベルアップ＋Lv.37以上,レベルアップ＋Lv.37以上（CFRU/DPEの対応トリガーを使用。通信・RTC必須にはしない）,LEVEL_OR_STANDARD,,NOT_APPLICABLE,yes,ROM_EDGE_EXISTS_FOR_COVERED_ROWS; MASTER_DESIGN_FOR_OTHER_ROWS,READY_TO_INTEGRATE,TEST_EVOLUTION_0180_TRIGGER|_MISSING_INPUT|_SAVE_RELOAD,既存ベガ種族IDを参照元にしたまま、新種族IDへ接続
181,355,SPECIES_KEY_DUSKULL,ヨマワル,356,SPECIES_KEY_DUSCLOPS,サマヨール,レベルアップ＋Lv.37以上,レベルアップ＋Lv.37以上（CFRU/DPEの対応トリガーを使用。通信・RTC必須にはしない）,LEVEL_OR_STANDARD,,NOT_APPLICABLE,yes,ROM_EDGE_EXISTS_FOR_COVERED_ROWS; MASTER_DESIGN_FOR_OTHER_ROWS,READY_TO_INTEGRATE,TEST_EVOLUTION_0181_TRIGGER|_MISSING_INPUT|_SAVE_RELOAD,既存ベガ種族IDを参照元にしたまま、新種族IDへ接続
182,433,SPECIES_KEY_CHINGLING,リーシャン,358,SPECIES_KEY_CHIMECHO,チリーン,レベルアップ＋夜＋なつき度220以上,レベルアップ＋夜＋なつき度220以上（CFRU/DPEの対応トリガーを使用。通信・RTC必須にはしない）,TIME|FRIENDSHIP,EVENT_ECOLOGY_RADAR_TIME_SERVICE|SUPPLY_FRIENDSHIP_SERVICES_EXISTING,EVENT_ECOLOGY_RADAR_TIME_SERVICE,yes,ROM_EDGE_EXISTS_FOR_COVERED_ROWS; MASTER_DESIGN_FOR_OTHER_ROWS,EXACT_ROM_SUPPLY_AUDIT_REQUIRED,TEST_EVOLUTION_0182_TRIGGER|_MISSING_INPUT|_SAVE_RELOAD,DPE拡張系統内で接続
183,361,SPECIES_KEY_SNORUNT,ユキワラシ,362,SPECIES_KEY_GLALIE,オニゴーリ,レベルアップ＋Lv.42以上,レベルアップ＋Lv.42以上（CFRU/DPEの対応トリガーを使用。通信・RTC必須にはしない）,LEVEL_OR_STANDARD,,NOT_APPLICABLE,yes,ROM_EDGE_EXISTS_FOR_COVERED_ROWS; MASTER_DESIGN_FOR_OTHER_ROWS,READY_TO_INTEGRATE,TEST_EVOLUTION_0183_TRIGGER|_MISSING_INPUT|_SAVE_RELOAD,DPE拡張系統内で接続
184,363,SPECIES_KEY_SPHEAL,タマザラシ,364,SPECIES_KEY_SEALEO,トドグラー,レベルアップ＋Lv.32以上,レベルアップ＋Lv.32以上（CFRU/DPEの対応トリガーを使用。通信・RTC必須にはしない）,LEVEL_OR_STANDARD,,NOT_APPLICABLE,yes,ROM_EDGE_EXISTS_FOR_COVERED_ROWS; MASTER_DESIGN_FOR_OTHER_ROWS,READY_TO_INTEGRATE,TEST_EVOLUTION_0184_TRIGGER|_MISSING_INPUT|_SAVE_RELOAD,既存ベガ種族IDを参照元にしたまま、新種族IDへ接続
185,364,SPECIES_KEY_SEALEO,トドグラー,365,SPECIES_KEY_WALREIN,トドゼルガ,レベルアップ＋Lv.44以上,レベルアップ＋Lv.44以上（CFRU/DPEの対応トリガーを使用。通信・RTC必須にはしない）,LEVEL_OR_STANDARD,,NOT_APPLICABLE,yes,ROM_EDGE_EXISTS_FOR_COVERED_ROWS; MASTER_DESIGN_FOR_OTHER_ROWS,READY_TO_INTEGRATE,TEST_EVOLUTION_0185_TRIGGER|_MISSING_INPUT|_SAVE_RELOAD,既存ベガ種族IDを参照元にしたまま、新種族IDへ接続
186,366,SPECIES_KEY_CLAMPERL,パールル,367,SPECIES_KEY_HUNTAIL,ハンテール,通信交換＋しんかいのキバを持たせる,しんかいのキバを持たせて「つながりのヒモ」を使用。NPC交換でも進化可。,TRADE|ITEM,EVENT_TRADE_EMULATOR_SERVICE|SUPPLY_ITEM_CATALOG_AUDIT,NOT_APPLICABLE,yes,ROM_EDGE_EXISTS_FOR_COVERED_ROWS; MASTER_DESIGN_FOR_OTHER_ROWS,EXACT_ROM_SUPPLY_AUDIT_REQUIRED,TEST_EVOLUTION_0186_TRIGGER|_MISSING_INPUT|_SAVE_RELOAD,DPE拡張系統内で接続
187,366,SPECIES_KEY_CLAMPERL,パールル,368,SPECIES_KEY_GOREBYSS,サクラビス,通信交換＋しんかいのウロコを持たせる,しんかいのウロコを持たせて「つながりのヒモ」を使用。NPC交換でも進化可。,TRADE|ITEM,EVENT_TRADE_EMULATOR_SERVICE|SUPPLY_ITEM_CATALOG_AUDIT,NOT_APPLICABLE,yes,ROM_EDGE_EXISTS_FOR_COVERED_ROWS; MASTER_DESIGN_FOR_OTHER_ROWS,EXACT_ROM_SUPPLY_AUDIT_REQUIRED,TEST_EVOLUTION_0187_TRIGGER|_MISSING_INPUT|_SAVE_RELOAD,DPE拡張系統内で接続
188,371,SPECIES_KEY_BAGON,タツベイ,372,SPECIES_KEY_SHELGON,コモルー,レベルアップ＋Lv.30以上,レベルアップ＋Lv.30以上（CFRU/DPEの対応トリガーを使用。通信・RTC必須にはしない）,LEVEL_OR_STANDARD,,NOT_APPLICABLE,yes,ROM_EDGE_EXISTS_FOR_COVERED_ROWS; MASTER_DESIGN_FOR_OTHER_ROWS,READY_TO_INTEGRATE,TEST_EVOLUTION_0188_TRIGGER|_MISSING_INPUT|_SAVE_RELOAD,DPE拡張系統内で接続
189,372,SPECIES_KEY_SHELGON,コモルー,373,SPECIES_KEY_SALAMENCE,ボーマンダ,レベルアップ＋Lv.50以上,レベルアップ＋Lv.50以上（CFRU/DPEの対応トリガーを使用。通信・RTC必須にはしない）,LEVEL_OR_STANDARD,,NOT_APPLICABLE,yes,ROM_EDGE_EXISTS_FOR_COVERED_ROWS; MASTER_DESIGN_FOR_OTHER_ROWS,READY_TO_INTEGRATE,TEST_EVOLUTION_0189_TRIGGER|_MISSING_INPUT|_SAVE_RELOAD,DPE拡張系統内で接続
190,374,SPECIES_KEY_BELDUM,ダンバル,375,SPECIES_KEY_METANG,メタング,レベルアップ＋Lv.20以上,レベルアップ＋Lv.20以上（CFRU/DPEの対応トリガーを使用。通信・RTC必須にはしない）,LEVEL_OR_STANDARD,,NOT_APPLICABLE,yes,ROM_EDGE_EXISTS_FOR_COVERED_ROWS; MASTER_DESIGN_FOR_OTHER_ROWS,READY_TO_INTEGRATE,TEST_EVOLUTION_0190_TRIGGER|_MISSING_INPUT|_SAVE_RELOAD,既存ベガ種族IDを参照元にしたまま、新種族IDへ接続
191,375,SPECIES_KEY_METANG,メタング,376,SPECIES_KEY_METAGROSS,メタグロス,レベルアップ＋Lv.45以上,レベルアップ＋Lv.45以上（CFRU/DPEの対応トリガーを使用。通信・RTC必須にはしない）,LEVEL_OR_STANDARD,,NOT_APPLICABLE,yes,ROM_EDGE_EXISTS_FOR_COVERED_ROWS; MASTER_DESIGN_FOR_OTHER_ROWS,READY_TO_INTEGRATE,TEST_EVOLUTION_0191_TRIGGER|_MISSING_INPUT|_SAVE_RELOAD,既存ベガ種族IDを参照元にしたまま、新種族IDへ接続
192,387,SPECIES_KEY_TURTWIG,ナエトル,388,SPECIES_KEY_GROTLE,ハヤシガメ,レベルアップ＋Lv.18以上,レベルアップ＋Lv.18以上（CFRU/DPEの対応トリガーを使用。通信・RTC必須にはしない）,LEVEL_OR_STANDARD,,NOT_APPLICABLE,yes,ROM_EDGE_EXISTS_FOR_COVERED_ROWS; MASTER_DESIGN_FOR_OTHER_ROWS,READY_TO_INTEGRATE,TEST_EVOLUTION_0192_TRIGGER|_MISSING_INPUT|_SAVE_RELOAD,DPE拡張系統内で接続
193,388,SPECIES_KEY_GROTLE,ハヤシガメ,389,SPECIES_KEY_TORTERRA,ドダイトス,レベルアップ＋Lv.32以上,レベルアップ＋Lv.32以上（CFRU/DPEの対応トリガーを使用。通信・RTC必須にはしない）,LEVEL_OR_STANDARD,,NOT_APPLICABLE,yes,ROM_EDGE_EXISTS_FOR_COVERED_ROWS; MASTER_DESIGN_FOR_OTHER_ROWS,READY_TO_INTEGRATE,TEST_EVOLUTION_0193_TRIGGER|_MISSING_INPUT|_SAVE_RELOAD,DPE拡張系統内で接続
194,390,SPECIES_KEY_CHIMCHAR,ヒコザル,391,SPECIES_KEY_MONFERNO,モウカザル,レベルアップ＋Lv.14以上,レベルアップ＋Lv.14以上（CFRU/DPEの対応トリガーを使用。通信・RTC必須にはしない）,LEVEL_OR_STANDARD,,NOT_APPLICABLE,yes,ROM_EDGE_EXISTS_FOR_COVERED_ROWS; MASTER_DESIGN_FOR_OTHER_ROWS,READY_TO_INTEGRATE,TEST_EVOLUTION_0194_TRIGGER|_MISSING_INPUT|_SAVE_RELOAD,DPE拡張系統内で接続
195,391,SPECIES_KEY_MONFERNO,モウカザル,392,SPECIES_KEY_INFERNAPE,ゴウカザル,レベルアップ＋Lv.36以上,レベルアップ＋Lv.36以上（CFRU/DPEの対応トリガーを使用。通信・RTC必須にはしない）,LEVEL_OR_STANDARD,,NOT_APPLICABLE,yes,ROM_EDGE_EXISTS_FOR_COVERED_ROWS; MASTER_DESIGN_FOR_OTHER_ROWS,READY_TO_INTEGRATE,TEST_EVOLUTION_0195_TRIGGER|_MISSING_INPUT|_SAVE_RELOAD,DPE拡張系統内で接続
196,393,SPECIES_KEY_PIPLUP,ポッチャマ,394,SPECIES_KEY_PRINPLUP,ポッタイシ,レベルアップ＋Lv.16以上,レベルアップ＋Lv.16以上（CFRU/DPEの対応トリガーを使用。通信・RTC必須にはしない）,LEVEL_OR_STANDARD,,NOT_APPLICABLE,yes,ROM_EDGE_EXISTS_FOR_COVERED_ROWS; MASTER_DESIGN_FOR_OTHER_ROWS,READY_TO_INTEGRATE,TEST_EVOLUTION_0196_TRIGGER|_MISSING_INPUT|_SAVE_RELOAD,DPE拡張系統内で接続
197,394,SPECIES_KEY_PRINPLUP,ポッタイシ,395,SPECIES_KEY_EMPOLEON,エンペルト,レベルアップ＋Lv.36以上,レベルアップ＋Lv.36以上（CFRU/DPEの対応トリガーを使用。通信・RTC必須にはしない）,LEVEL_OR_STANDARD,,NOT_APPLICABLE,yes,ROM_EDGE_EXISTS_FOR_COVERED_ROWS; MASTER_DESIGN_FOR_OTHER_ROWS,READY_TO_INTEGRATE,TEST_EVOLUTION_0197_TRIGGER|_MISSING_INPUT|_SAVE_RELOAD,DPE拡張系統内で接続
198,396,SPECIES_KEY_STARLY,ムックル,397,SPECIES_KEY_STARAVIA,ムクバード,レベルアップ＋Lv.14以上,レベルアップ＋Lv.14以上（CFRU/DPEの対応トリガーを使用。通信・RTC必須にはしない）,LEVEL_OR_STANDARD,,NOT_APPLICABLE,yes,ROM_EDGE_EXISTS_FOR_COVERED_ROWS; MASTER_DESIGN_FOR_OTHER_ROWS,READY_TO_INTEGRATE,TEST_EVOLUTION_0198_TRIGGER|_MISSING_INPUT|_SAVE_RELOAD,DPE拡張系統内で接続
199,397,SPECIES_KEY_STARAVIA,ムクバード,398,SPECIES_KEY_STARAPTOR,ムクホーク,レベルアップ＋Lv.34以上,レベルアップ＋Lv.34以上（CFRU/DPEの対応トリガーを使用。通信・RTC必須にはしない）,LEVEL_OR_STANDARD,,NOT_APPLICABLE,yes,ROM_EDGE_EXISTS_FOR_COVERED_ROWS; MASTER_DESIGN_FOR_OTHER_ROWS,READY_TO_INTEGRATE,TEST_EVOLUTION_0199_TRIGGER|_MISSING_INPUT|_SAVE_RELOAD,DPE拡張系統内で接続
200,399,SPECIES_KEY_BIDOOF,ビッパ,400,SPECIES_KEY_BIBAREL,ビーダル,レベルアップ＋Lv.15以上,レベルアップ＋Lv.15以上（CFRU/DPEの対応トリガーを使用。通信・RTC必須にはしない）,LEVEL_OR_STANDARD,,NOT_APPLICABLE,yes,ROM_EDGE_EXISTS_FOR_COVERED_ROWS; MASTER_DESIGN_FOR_OTHER_ROWS,READY_TO_INTEGRATE,TEST_EVOLUTION_0200_TRIGGER|_MISSING_INPUT|_SAVE_RELOAD,DPE拡張系統内で接続
201,401,SPECIES_KEY_KRICKETOT,コロボーシ,402,SPECIES_KEY_KRICKETUNE,コロトック,レベルアップ＋Lv.10以上,レベルアップ＋Lv.10以上（CFRU/DPEの対応トリガーを使用。通信・RTC必須にはしない）,LEVEL_OR_STANDARD,,NOT_APPLICABLE,yes,ROM_EDGE_EXISTS_FOR_COVERED_ROWS; MASTER_DESIGN_FOR_OTHER_ROWS,READY_TO_INTEGRATE,TEST_EVOLUTION_0201_TRIGGER|_MISSING_INPUT|_SAVE_RELOAD,DPE拡張系統内で接続
202,403,SPECIES_KEY_SHINX,コリンク,404,SPECIES_KEY_LUXIO,ルクシオ,レベルアップ＋Lv.15以上,レベルアップ＋Lv.15以上（CFRU/DPEの対応トリガーを使用。通信・RTC必須にはしない）,LEVEL_OR_STANDARD,,NOT_APPLICABLE,yes,ROM_EDGE_EXISTS_FOR_COVERED_ROWS; MASTER_DESIGN_FOR_OTHER_ROWS,READY_TO_INTEGRATE,TEST_EVOLUTION_0202_TRIGGER|_MISSING_INPUT|_SAVE_RELOAD,DPE拡張系統内で接続
203,404,SPECIES_KEY_LUXIO,ルクシオ,405,SPECIES_KEY_LUXRAY,レントラー,レベルアップ＋Lv.30以上,レベルアップ＋Lv.30以上（CFRU/DPEの対応トリガーを使用。通信・RTC必須にはしない）,LEVEL_OR_STANDARD,,NOT_APPLICABLE,yes,ROM_EDGE_EXISTS_FOR_COVERED_ROWS; MASTER_DESIGN_FOR_OTHER_ROWS,READY_TO_INTEGRATE,TEST_EVOLUTION_0203_TRIGGER|_MISSING_INPUT|_SAVE_RELOAD,DPE拡張系統内で接続
204,315,SPECIES_KEY_ROSELIA,ロゼリア,407,SPECIES_KEY_ROSERADE,ロズレイド,道具使用＋ひかりのいしを使う,道具使用＋ひかりのいしを使う（CFRU/DPEの対応トリガーを使用。通信・RTC必須にはしない）,ITEM,SUPPLY_ITEM_CATALOG_AUDIT,NOT_APPLICABLE,yes,ROM_EDGE_EXISTS_FOR_COVERED_ROWS; MASTER_DESIGN_FOR_OTHER_ROWS,EXACT_ROM_SUPPLY_AUDIT_REQUIRED,TEST_EVOLUTION_0204_TRIGGER|_MISSING_INPUT|_SAVE_RELOAD,DPE拡張系統内で接続
205,408,SPECIES_KEY_CRANIDOS,ズガイドス,409,SPECIES_KEY_RAMPARDOS,ラムパルド,レベルアップ＋Lv.30以上,レベルアップ＋Lv.30以上（CFRU/DPEの対応トリガーを使用。通信・RTC必須にはしない）,LEVEL_OR_STANDARD,,NOT_APPLICABLE,yes,ROM_EDGE_EXISTS_FOR_COVERED_ROWS; MASTER_DESIGN_FOR_OTHER_ROWS,READY_TO_INTEGRATE,TEST_EVOLUTION_0205_TRIGGER|_MISSING_INPUT|_SAVE_RELOAD,DPE拡張系統内で接続
206,410,SPECIES_KEY_SHIELDON,タテトプス,411,SPECIES_KEY_BASTIODON,トリデプス,レベルアップ＋Lv.30以上,レベルアップ＋Lv.30以上（CFRU/DPEの対応トリガーを使用。通信・RTC必須にはしない）,LEVEL_OR_STANDARD,,NOT_APPLICABLE,yes,ROM_EDGE_EXISTS_FOR_COVERED_ROWS; MASTER_DESIGN_FOR_OTHER_ROWS,READY_TO_INTEGRATE,TEST_EVOLUTION_0206_TRIGGER|_MISSING_INPUT|_SAVE_RELOAD,DPE拡張系統内で接続
207,412,SPECIES_KEY_BURMY,ミノムッチ,413,SPECIES_KEY_WORMADAM,ミノマダム,レベルアップ＋Lv.20以上＋♀,レベルアップ＋Lv.20以上＋♀（CFRU/DPEの対応トリガーを使用。通信・RTC必須にはしない）,LEVEL_OR_STANDARD,,NOT_APPLICABLE,yes,ROM_EDGE_EXISTS_FOR_COVERED_ROWS; MASTER_DESIGN_FOR_OTHER_ROWS,READY_TO_INTEGRATE,TEST_EVOLUTION_0207_TRIGGER|_MISSING_INPUT|_SAVE_RELOAD,DPE拡張系統内で接続
208,412,SPECIES_KEY_BURMY,ミノムッチ,414,SPECIES_KEY_MOTHIM,ガーメイル,レベルアップ＋Lv.20以上＋♂,レベルアップ＋Lv.20以上＋♂（CFRU/DPEの対応トリガーを使用。通信・RTC必須にはしない）,LEVEL_OR_STANDARD,,NOT_APPLICABLE,yes,ROM_EDGE_EXISTS_FOR_COVERED_ROWS; MASTER_DESIGN_FOR_OTHER_ROWS,READY_TO_INTEGRATE,TEST_EVOLUTION_0208_TRIGGER|_MISSING_INPUT|_SAVE_RELOAD,DPE拡張系統内で接続
209,415,SPECIES_KEY_COMBEE,ミツハニー,416,SPECIES_KEY_VESPIQUEN,ビークイン,レベルアップ＋Lv.21以上＋♀,レベルアップ＋Lv.21以上＋♀（CFRU/DPEの対応トリガーを使用。通信・RTC必須にはしない）,LEVEL_OR_STANDARD,,NOT_APPLICABLE,yes,ROM_EDGE_EXISTS_FOR_COVERED_ROWS; MASTER_DESIGN_FOR_OTHER_ROWS,READY_TO_INTEGRATE,TEST_EVOLUTION_0209_TRIGGER|_MISSING_INPUT|_SAVE_RELOAD,DPE拡張系統内で接続
210,418,SPECIES_KEY_BUIZEL,ブイゼル,419,SPECIES_KEY_FLOATZEL,フローゼル,レベルアップ＋Lv.26以上,レベルアップ＋Lv.26以上（CFRU/DPEの対応トリガーを使用。通信・RTC必須にはしない）,LEVEL_OR_STANDARD,,NOT_APPLICABLE,yes,ROM_EDGE_EXISTS_FOR_COVERED_ROWS; MASTER_DESIGN_FOR_OTHER_ROWS,READY_TO_INTEGRATE,TEST_EVOLUTION_0210_TRIGGER|_MISSING_INPUT|_SAVE_RELOAD,既存ベガ種族IDを参照元にしたまま、新種族IDへ接続
211,420,SPECIES_KEY_CHERUBI,チェリンボ,421,SPECIES_KEY_CHERRIM,チェリム,レベルアップ＋Lv.25以上,レベルアップ＋Lv.25以上（CFRU/DPEの対応トリガーを使用。通信・RTC必須にはしない）,LEVEL_OR_STANDARD,,NOT_APPLICABLE,yes,ROM_EDGE_EXISTS_FOR_COVERED_ROWS; MASTER_DESIGN_FOR_OTHER_ROWS,READY_TO_INTEGRATE,TEST_EVOLUTION_0211_TRIGGER|_MISSING_INPUT|_SAVE_RELOAD,DPE拡張系統内で接続
212,422,SPECIES_KEY_SHELLOS,カラナクシ,423,SPECIES_KEY_GASTRODON,トリトドン,レベルアップ＋Lv.30以上,レベルアップ＋Lv.30以上（CFRU/DPEの対応トリガーを使用。通信・RTC必須にはしない）,LEVEL_OR_STANDARD,,NOT_APPLICABLE,yes,ROM_EDGE_EXISTS_FOR_COVERED_ROWS; MASTER_DESIGN_FOR_OTHER_ROWS,READY_TO_INTEGRATE,TEST_EVOLUTION_0212_TRIGGER|_MISSING_INPUT|_SAVE_RELOAD,DPE拡張系統内で接続
213,190,SPECIES_KEY_AIPOM,エイパム,424,SPECIES_KEY_AMBIPOM,エテボース,レベルアップ＋ダブルアタックを覚えている,レベルアップ＋ダブルアタックを覚えている（CFRU/DPEの対応トリガーを使用。通信・RTC必須にはしない）,MOVE,HOST_MOVE_TUTOR,NOT_APPLICABLE,yes,ROM_EDGE_EXISTS_FOR_COVERED_ROWS; MASTER_DESIGN_FOR_OTHER_ROWS,EXACT_ROM_SUPPLY_AUDIT_REQUIRED,TEST_EVOLUTION_0213_TRIGGER|_MISSING_INPUT|_SAVE_RELOAD,DPE拡張系統内で接続
214,425,SPECIES_KEY_DRIFLOON,フワンテ,426,SPECIES_KEY_DRIFBLIM,フワライド,レベルアップ＋Lv.28以上,レベルアップ＋Lv.28以上（CFRU/DPEの対応トリガーを使用。通信・RTC必須にはしない）,LEVEL_OR_STANDARD,,NOT_APPLICABLE,yes,ROM_EDGE_EXISTS_FOR_COVERED_ROWS; MASTER_DESIGN_FOR_OTHER_ROWS,READY_TO_INTEGRATE,TEST_EVOLUTION_0214_TRIGGER|_MISSING_INPUT|_SAVE_RELOAD,DPE拡張系統内で接続
215,427,SPECIES_KEY_BUNEARY,ミミロル,428,SPECIES_KEY_LOPUNNY,ミミロップ,レベルアップ＋なつき度160以上,レベルアップ＋なつき度160以上（CFRU/DPEの対応トリガーを使用。通信・RTC必須にはしない）,FRIENDSHIP,SUPPLY_FRIENDSHIP_SERVICES_EXISTING,NOT_APPLICABLE,yes,ROM_EDGE_EXISTS_FOR_COVERED_ROWS; MASTER_DESIGN_FOR_OTHER_ROWS,EXACT_ROM_SUPPLY_AUDIT_REQUIRED,TEST_EVOLUTION_0215_TRIGGER|_MISSING_INPUT|_SAVE_RELOAD,DPE拡張系統内で接続
216,200,SPECIES_KEY_MISDREAVUS,ムウマ,429,SPECIES_KEY_MISMAGIUS,ムウマージ,道具使用＋やみのいしを使う,道具使用＋やみのいしを使う（CFRU/DPEの対応トリガーを使用。通信・RTC必須にはしない）,ITEM,SUPPLY_ITEM_CATALOG_AUDIT,NOT_APPLICABLE,yes,ROM_EDGE_EXISTS_FOR_COVERED_ROWS; MASTER_DESIGN_FOR_OTHER_ROWS,EXACT_ROM_SUPPLY_AUDIT_REQUIRED,TEST_EVOLUTION_0216_TRIGGER|_MISSING_INPUT|_SAVE_RELOAD,DPE拡張系統内で接続
217,198,SPECIES_KEY_MURKROW,ヤミカラス,430,SPECIES_KEY_HONCHKROW,ドンカラス,道具使用＋やみのいしを使う,道具使用＋やみのいしを使う（CFRU/DPEの対応トリガーを使用。通信・RTC必須にはしない）,ITEM,SUPPLY_ITEM_CATALOG_AUDIT,NOT_APPLICABLE,yes,ROM_EDGE_EXISTS_FOR_COVERED_ROWS; MASTER_DESIGN_FOR_OTHER_ROWS,EXACT_ROM_SUPPLY_AUDIT_REQUIRED,TEST_EVOLUTION_0217_TRIGGER|_MISSING_INPUT|_SAVE_RELOAD,既存ベガ種族IDを参照元にしたまま、新種族IDへ接続
218,431,SPECIES_KEY_GLAMEOW,ニャルマー,432,SPECIES_KEY_PURUGLY,ブニャット,レベルアップ＋Lv.38以上,レベルアップ＋Lv.38以上（CFRU/DPEの対応トリガーを使用。通信・RTC必須にはしない）,LEVEL_OR_STANDARD,,NOT_APPLICABLE,yes,ROM_EDGE_EXISTS_FOR_COVERED_ROWS; MASTER_DESIGN_FOR_OTHER_ROWS,READY_TO_INTEGRATE,TEST_EVOLUTION_0218_TRIGGER|_MISSING_INPUT|_SAVE_RELOAD,DPE拡張系統内で接続
219,434,SPECIES_KEY_STUNKY,スカンプー,435,SPECIES_KEY_SKUNTANK,スカタンク,レベルアップ＋Lv.34以上,レベルアップ＋Lv.34以上（CFRU/DPEの対応トリガーを使用。通信・RTC必須にはしない）,LEVEL_OR_STANDARD,,NOT_APPLICABLE,yes,ROM_EDGE_EXISTS_FOR_COVERED_ROWS; MASTER_DESIGN_FOR_OTHER_ROWS,READY_TO_INTEGRATE,TEST_EVOLUTION_0219_TRIGGER|_MISSING_INPUT|_SAVE_RELOAD,DPE拡張系統内で接続
220,436,SPECIES_KEY_BRONZOR,ドーミラー,437,SPECIES_KEY_BRONZONG,ドータクン,レベルアップ＋Lv.33以上,レベルアップ＋Lv.33以上（CFRU/DPEの対応トリガーを使用。通信・RTC必須にはしない）,LEVEL_OR_STANDARD,,NOT_APPLICABLE,yes,ROM_EDGE_EXISTS_FOR_COVERED_ROWS; MASTER_DESIGN_FOR_OTHER_ROWS,READY_TO_INTEGRATE,TEST_EVOLUTION_0220_TRIGGER|_MISSING_INPUT|_SAVE_RELOAD,DPE拡張系統内で接続
221,443,SPECIES_KEY_GIBLE,フカマル,444,SPECIES_KEY_GABITE,ガバイト,レベルアップ＋Lv.24以上,レベルアップ＋Lv.24以上（CFRU/DPEの対応トリガーを使用。通信・RTC必須にはしない）,LEVEL_OR_STANDARD,,NOT_APPLICABLE,yes,ROM_EDGE_EXISTS_FOR_COVERED_ROWS; MASTER_DESIGN_FOR_OTHER_ROWS,READY_TO_INTEGRATE,TEST_EVOLUTION_0221_TRIGGER|_MISSING_INPUT|_SAVE_RELOAD,既存ベガ種族IDを参照元にしたまま、新種族IDへ接続
222,444,SPECIES_KEY_GABITE,ガバイト,445,SPECIES_KEY_GARCHOMP,ガブリアス,レベルアップ＋Lv.48以上,レベルアップ＋Lv.48以上（CFRU/DPEの対応トリガーを使用。通信・RTC必須にはしない）,LEVEL_OR_STANDARD,,NOT_APPLICABLE,yes,ROM_EDGE_EXISTS_FOR_COVERED_ROWS; MASTER_DESIGN_FOR_OTHER_ROWS,READY_TO_INTEGRATE,TEST_EVOLUTION_0222_TRIGGER|_MISSING_INPUT|_SAVE_RELOAD,既存ベガ種族IDを参照元にしたまま、新種族IDへ接続
223,447,SPECIES_KEY_RIOLU,リオル,448,SPECIES_KEY_LUCARIO,ルカリオ,レベルアップ＋昼＋なつき度160以上,レベルアップ＋昼＋なつき度160以上（CFRU/DPEの対応トリガーを使用。通信・RTC必須にはしない）,TIME|FRIENDSHIP,EVENT_ECOLOGY_RADAR_TIME_SERVICE|SUPPLY_FRIENDSHIP_SERVICES_EXISTING,EVENT_ECOLOGY_RADAR_TIME_SERVICE,yes,ROM_EDGE_EXISTS_FOR_COVERED_ROWS; MASTER_DESIGN_FOR_OTHER_ROWS,EXACT_ROM_SUPPLY_AUDIT_REQUIRED,TEST_EVOLUTION_0223_TRIGGER|_MISSING_INPUT|_SAVE_RELOAD,既存ベガ種族IDを参照元にしたまま、新種族IDへ接続
224,449,SPECIES_KEY_HIPPOPOTAS,ヒポポタス,450,SPECIES_KEY_HIPPOWDON,カバルドン,レベルアップ＋Lv.34以上,レベルアップ＋Lv.34以上（CFRU/DPEの対応トリガーを使用。通信・RTC必須にはしない）,LEVEL_OR_STANDARD,,NOT_APPLICABLE,yes,ROM_EDGE_EXISTS_FOR_COVERED_ROWS; MASTER_DESIGN_FOR_OTHER_ROWS,READY_TO_INTEGRATE,TEST_EVOLUTION_0224_TRIGGER|_MISSING_INPUT|_SAVE_RELOAD,DPE拡張系統内で接続
225,451,SPECIES_KEY_SKORUPI,スコルピ,452,SPECIES_KEY_DRAPION,ドラピオン,レベルアップ＋Lv.40以上,レベルアップ＋Lv.40以上（CFRU/DPEの対応トリガーを使用。通信・RTC必須にはしない）,LEVEL_OR_STANDARD,,NOT_APPLICABLE,yes,ROM_EDGE_EXISTS_FOR_COVERED_ROWS; MASTER_DESIGN_FOR_OTHER_ROWS,READY_TO_INTEGRATE,TEST_EVOLUTION_0225_TRIGGER|_MISSING_INPUT|_SAVE_RELOAD,既存ベガ種族IDを参照元にしたまま、新種族IDへ接続
226,453,SPECIES_KEY_CROAGUNK,グレッグル,454,SPECIES_KEY_TOXICROAK,ドクロッグ,レベルアップ＋Lv.37以上,レベルアップ＋Lv.37以上（CFRU/DPEの対応トリガーを使用。通信・RTC必須にはしない）,LEVEL_OR_STANDARD,,NOT_APPLICABLE,yes,ROM_EDGE_EXISTS_FOR_COVERED_ROWS; MASTER_DESIGN_FOR_OTHER_ROWS,READY_TO_INTEGRATE,TEST_EVOLUTION_0226_TRIGGER|_MISSING_INPUT|_SAVE_RELOAD,DPE拡張系統内で接続
227,456,SPECIES_KEY_FINNEON,ケイコウオ,457,SPECIES_KEY_LUMINEON,ネオラント,レベルアップ＋Lv.31以上,レベルアップ＋Lv.31以上（CFRU/DPEの対応トリガーを使用。通信・RTC必須にはしない）,LEVEL_OR_STANDARD,,NOT_APPLICABLE,yes,ROM_EDGE_EXISTS_FOR_COVERED_ROWS; MASTER_DESIGN_FOR_OTHER_ROWS,READY_TO_INTEGRATE,TEST_EVOLUTION_0227_TRIGGER|_MISSING_INPUT|_SAVE_RELOAD,DPE拡張系統内で接続
228,459,SPECIES_KEY_SNOVER,ユキカブリ,460,SPECIES_KEY_ABOMASNOW,ユキノオー,レベルアップ＋Lv.40以上,レベルアップ＋Lv.40以上（CFRU/DPEの対応トリガーを使用。通信・RTC必須にはしない）,LEVEL_OR_STANDARD,,NOT_APPLICABLE,yes,ROM_EDGE_EXISTS_FOR_COVERED_ROWS; MASTER_DESIGN_FOR_OTHER_ROWS,READY_TO_INTEGRATE,TEST_EVOLUTION_0228_TRIGGER|_MISSING_INPUT|_SAVE_RELOAD,既存ベガ種族IDを参照元にしたまま、新種族IDへ接続
229,215,SPECIES_KEY_SNEASEL,ニューラ,461,SPECIES_KEY_WEAVILE,マニューラ,レベルアップ＋するどいツメを持たせる＋夜,レベルアップ＋するどいツメを持たせる＋夜（CFRU/DPEの対応トリガーを使用。通信・RTC必須にはしない）,TIME|ITEM,EVENT_ECOLOGY_RADAR_TIME_SERVICE|SUPPLY_ITEM_CATALOG_AUDIT,EVENT_ECOLOGY_RADAR_TIME_SERVICE,yes,ROM_EDGE_EXISTS_FOR_COVERED_ROWS; MASTER_DESIGN_FOR_OTHER_ROWS,EXACT_ROM_SUPPLY_AUDIT_REQUIRED,TEST_EVOLUTION_0229_TRIGGER|_MISSING_INPUT|_SAVE_RELOAD,既存ベガ種族IDを参照元にしたまま、新種族IDへ接続
230,82,SPECIES_KEY_MAGNETON,レアコイル,462,SPECIES_KEY_MAGNEZONE,ジバコイル,レベルアップ＋指定場所ID 10,「じばのコア」を持たせてレベルアップ。かみなりのしま／D・H炉心でも可。,PLACE,SUPPLY_PLACE_OR_TOKEN_AUDIT,NOT_APPLICABLE,yes,ROM_EDGE_EXISTS_FOR_COVERED_ROWS; MASTER_DESIGN_FOR_OTHER_ROWS,EXACT_ROM_SUPPLY_AUDIT_REQUIRED,TEST_EVOLUTION_0230_TRIGGER|_MISSING_INPUT|_SAVE_RELOAD,既存ベガ種族IDを参照元にしたまま、新種族IDへ接続
231,108,SPECIES_KEY_LICKITUNG,ベロリンガ,463,SPECIES_KEY_LICKILICKY,ベロベルト,レベルアップ＋ころがるを覚えている,レベルアップ＋ころがるを覚えている（CFRU/DPEの対応トリガーを使用。通信・RTC必須にはしない）,MOVE,HOST_MOVE_TUTOR,NOT_APPLICABLE,yes,ROM_EDGE_EXISTS_FOR_COVERED_ROWS; MASTER_DESIGN_FOR_OTHER_ROWS,EXACT_ROM_SUPPLY_AUDIT_REQUIRED,TEST_EVOLUTION_0231_TRIGGER|_MISSING_INPUT|_SAVE_RELOAD,既存ベガ種族IDを参照元にしたまま、新種族IDへ接続
232,112,SPECIES_KEY_RHYDON,サイドン,464,SPECIES_KEY_RHYPERIOR,ドサイドン,通信交換＋プロテクターを持たせる,プロテクターを持たせて「つながりのヒモ」を使用。NPC交換でも進化可。,TRADE|ITEM,EVENT_TRADE_EMULATOR_SERVICE|SUPPLY_ITEM_CATALOG_AUDIT,NOT_APPLICABLE,yes,ROM_EDGE_EXISTS_FOR_COVERED_ROWS; MASTER_DESIGN_FOR_OTHER_ROWS,EXACT_ROM_SUPPLY_AUDIT_REQUIRED,TEST_EVOLUTION_0232_TRIGGER|_MISSING_INPUT|_SAVE_RELOAD,既存ベガ種族IDを参照元にしたまま、新種族IDへ接続
233,114,SPECIES_KEY_TANGELA,モンジャラ,465,SPECIES_KEY_TANGROWTH,モジャンボ,レベルアップ＋げんしのちからを覚えている,レベルアップ＋げんしのちからを覚えている（CFRU/DPEの対応トリガーを使用。通信・RTC必須にはしない）,MOVE,HOST_MOVE_TUTOR,NOT_APPLICABLE,yes,ROM_EDGE_EXISTS_FOR_COVERED_ROWS; MASTER_DESIGN_FOR_OTHER_ROWS,EXACT_ROM_SUPPLY_AUDIT_REQUIRED,TEST_EVOLUTION_0233_TRIGGER|_MISSING_INPUT|_SAVE_RELOAD,DPE拡張系統内で接続
234,125,SPECIES_KEY_ELECTABUZZ,エレブー,466,SPECIES_KEY_ELECTIVIRE,エレキブル,通信交換＋エレキブースターを持たせる,エレキブースターを持たせて「つながりのヒモ」を使用。NPC交換でも進化可。,TRADE|ITEM,EVENT_TRADE_EMULATOR_SERVICE|SUPPLY_ITEM_CATALOG_AUDIT,NOT_APPLICABLE,yes,ROM_EDGE_EXISTS_FOR_COVERED_ROWS; MASTER_DESIGN_FOR_OTHER_ROWS,EXACT_ROM_SUPPLY_AUDIT_REQUIRED,TEST_EVOLUTION_0234_TRIGGER|_MISSING_INPUT|_SAVE_RELOAD,既存ベガ種族IDを参照元にしたまま、新種族IDへ接続
235,126,SPECIES_KEY_MAGMAR,ブーバー,467,SPECIES_KEY_MAGMORTAR,ブーバーン,通信交換＋マグマブースターを持たせる,マグマブースターを持たせて「つながりのヒモ」を使用。NPC交換でも進化可。,TRADE|ITEM,EVENT_TRADE_EMULATOR_SERVICE|SUPPLY_ITEM_CATALOG_AUDIT,NOT_APPLICABLE,yes,ROM_EDGE_EXISTS_FOR_COVERED_ROWS; MASTER_DESIGN_FOR_OTHER_ROWS,EXACT_ROM_SUPPLY_AUDIT_REQUIRED,TEST_EVOLUTION_0235_TRIGGER|_MISSING_INPUT|_SAVE_RELOAD,既存ベガ種族IDを参照元にしたまま、新種族IDへ接続
236,176,SPECIES_KEY_TOGETIC,トゲチック,468,SPECIES_KEY_TOGEKISS,トゲキッス,道具使用＋ひかりのいしを使う,道具使用＋ひかりのいしを使う（CFRU/DPEの対応トリガーを使用。通信・RTC必須にはしない）,ITEM,SUPPLY_ITEM_CATALOG_AUDIT,NOT_APPLICABLE,yes,ROM_EDGE_EXISTS_FOR_COVERED_ROWS; MASTER_DESIGN_FOR_OTHER_ROWS,EXACT_ROM_SUPPLY_AUDIT_REQUIRED,TEST_EVOLUTION_0236_TRIGGER|_MISSING_INPUT|_SAVE_RELOAD,既存ベガ種族IDを参照元にしたまま、新種族IDへ接続
237,193,SPECIES_KEY_YANMA,ヤンヤンマ,469,SPECIES_KEY_YANMEGA,メガヤンマ,レベルアップ＋げんしのちからを覚えている,レベルアップ＋げんしのちからを覚えている（CFRU/DPEの対応トリガーを使用。通信・RTC必須にはしない）,MOVE,HOST_MOVE_TUTOR,NOT_APPLICABLE,yes,ROM_EDGE_EXISTS_FOR_COVERED_ROWS; MASTER_DESIGN_FOR_OTHER_ROWS,EXACT_ROM_SUPPLY_AUDIT_REQUIRED,TEST_EVOLUTION_0237_TRIGGER|_MISSING_INPUT|_SAVE_RELOAD,DPE拡張系統内で接続
238,133,SPECIES_KEY_EEVEE,イーブイ,470,SPECIES_KEY_LEAFEON,リーフィア,レベルアップ＋指定場所ID 8＋特殊な岩の近く,「コケのコア」を持たせて昼にレベルアップ。ハクジのもりでも可。,PLACE,SUPPLY_PLACE_OR_TOKEN_AUDIT,NOT_APPLICABLE,yes,ROM_EDGE_EXISTS_FOR_COVERED_ROWS; MASTER_DESIGN_FOR_OTHER_ROWS,EXACT_ROM_SUPPLY_AUDIT_REQUIRED,TEST_EVOLUTION_0238_TRIGGER|_MISSING_INPUT|_SAVE_RELOAD,DPE拡張系統内で接続
239,133,SPECIES_KEY_EEVEE,イーブイ,471,SPECIES_KEY_GLACEON,グレイシア,レベルアップ＋指定場所ID 48＋特殊な岩の近く,「こおりのコア」を持たせて夜にレベルアップ。こおりのしまでも可。,PLACE,SUPPLY_PLACE_OR_TOKEN_AUDIT,NOT_APPLICABLE,yes,ROM_EDGE_EXISTS_FOR_COVERED_ROWS; MASTER_DESIGN_FOR_OTHER_ROWS,EXACT_ROM_SUPPLY_AUDIT_REQUIRED,TEST_EVOLUTION_0239_TRIGGER|_MISSING_INPUT|_SAVE_RELOAD,DPE拡張系統内で接続
240,207,SPECIES_KEY_GLIGAR,グライガー,472,SPECIES_KEY_GLISCOR,グライオン,レベルアップ＋するどいキバを持たせる＋夜,レベルアップ＋するどいキバを持たせる＋夜（CFRU/DPEの対応トリガーを使用。通信・RTC必須にはしない）,TIME|ITEM,EVENT_ECOLOGY_RADAR_TIME_SERVICE|SUPPLY_ITEM_CATALOG_AUDIT,EVENT_ECOLOGY_RADAR_TIME_SERVICE,yes,ROM_EDGE_EXISTS_FOR_COVERED_ROWS; MASTER_DESIGN_FOR_OTHER_ROWS,EXACT_ROM_SUPPLY_AUDIT_REQUIRED,TEST_EVOLUTION_0240_TRIGGER|_MISSING_INPUT|_SAVE_RELOAD,DPE拡張系統内で接続
241,221,SPECIES_KEY_PILOSWINE,イノムー,473,SPECIES_KEY_MAMOSWINE,マンムー,レベルアップ＋げんしのちからを覚えている,レベルアップ＋げんしのちからを覚えている（CFRU/DPEの対応トリガーを使用。通信・RTC必須にはしない）,MOVE,HOST_MOVE_TUTOR,NOT_APPLICABLE,yes,ROM_EDGE_EXISTS_FOR_COVERED_ROWS; MASTER_DESIGN_FOR_OTHER_ROWS,EXACT_ROM_SUPPLY_AUDIT_REQUIRED,TEST_EVOLUTION_0241_TRIGGER|_MISSING_INPUT|_SAVE_RELOAD,既存ベガ種族IDを参照元にしたまま、新種族IDへ接続
242,233,SPECIES_KEY_PORYGON2,ポリゴン２,474,SPECIES_KEY_PORYGON_Z,ポリゴンＺ,通信交換＋あやしいパッチを持たせる,あやしいパッチを持たせて「つながりのヒモ」を使用。NPC交換でも進化可。,TRADE|ITEM,EVENT_TRADE_EMULATOR_SERVICE|SUPPLY_ITEM_CATALOG_AUDIT,NOT_APPLICABLE,yes,ROM_EDGE_EXISTS_FOR_COVERED_ROWS; MASTER_DESIGN_FOR_OTHER_ROWS,EXACT_ROM_SUPPLY_AUDIT_REQUIRED,TEST_EVOLUTION_0242_TRIGGER|_MISSING_INPUT|_SAVE_RELOAD,既存ベガ種族IDを参照元にしたまま、新種族IDへ接続
243,281,SPECIES_KEY_KIRLIA,キルリア,475,SPECIES_KEY_GALLADE,エルレイド,道具使用＋めざめいしを使う＋♂,道具使用＋めざめいしを使う＋♂（CFRU/DPEの対応トリガーを使用。通信・RTC必須にはしない）,ITEM,SUPPLY_ITEM_CATALOG_AUDIT,NOT_APPLICABLE,yes,ROM_EDGE_EXISTS_FOR_COVERED_ROWS; MASTER_DESIGN_FOR_OTHER_ROWS,EXACT_ROM_SUPPLY_AUDIT_REQUIRED,TEST_EVOLUTION_0243_TRIGGER|_MISSING_INPUT|_SAVE_RELOAD,既存ベガ種族IDを参照元にしたまま、新種族IDへ接続
244,299,SPECIES_KEY_NOSEPASS,ノズパス,476,SPECIES_KEY_PROBOPASS,ダイノーズ,レベルアップ＋指定場所ID 10,「じばのコア」を持たせてレベルアップ。かみなりのしま／D・H炉心でも可。,PLACE,SUPPLY_PLACE_OR_TOKEN_AUDIT,NOT_APPLICABLE,yes,ROM_EDGE_EXISTS_FOR_COVERED_ROWS; MASTER_DESIGN_FOR_OTHER_ROWS,EXACT_ROM_SUPPLY_AUDIT_REQUIRED,TEST_EVOLUTION_0244_TRIGGER|_MISSING_INPUT|_SAVE_RELOAD,DPE拡張系統内で接続
245,356,SPECIES_KEY_DUSCLOPS,サマヨール,477,SPECIES_KEY_DUSKNOIR,ヨノワール,通信交換＋れいかいのぬのを持たせる,れいかいのぬのを持たせて「つながりのヒモ」を使用。NPC交換でも進化可。,TRADE|ITEM,EVENT_TRADE_EMULATOR_SERVICE|SUPPLY_ITEM_CATALOG_AUDIT,NOT_APPLICABLE,yes,ROM_EDGE_EXISTS_FOR_COVERED_ROWS; MASTER_DESIGN_FOR_OTHER_ROWS,EXACT_ROM_SUPPLY_AUDIT_REQUIRED,TEST_EVOLUTION_0245_TRIGGER|_MISSING_INPUT|_SAVE_RELOAD,既存ベガ種族IDを参照元にしたまま、新種族IDへ接続
246,361,SPECIES_KEY_SNORUNT,ユキワラシ,478,SPECIES_KEY_FROSLASS,ユキメノコ,道具使用＋めざめいしを使う＋♀,道具使用＋めざめいしを使う＋♀（CFRU/DPEの対応トリガーを使用。通信・RTC必須にはしない）,ITEM,SUPPLY_ITEM_CATALOG_AUDIT,NOT_APPLICABLE,yes,ROM_EDGE_EXISTS_FOR_COVERED_ROWS; MASTER_DESIGN_FOR_OTHER_ROWS,EXACT_ROM_SUPPLY_AUDIT_REQUIRED,TEST_EVOLUTION_0246_TRIGGER|_MISSING_INPUT|_SAVE_RELOAD,DPE拡張系統内で接続
247,495,SPECIES_KEY_SNIVY,ツタージャ,496,SPECIES_KEY_SERVINE,ジャノビー,レベルアップ＋Lv.17以上,レベルアップ＋Lv.17以上（CFRU/DPEの対応トリガーを使用。通信・RTC必須にはしない）,LEVEL_OR_STANDARD,,NOT_APPLICABLE,yes,ROM_EDGE_EXISTS_FOR_COVERED_ROWS; MASTER_DESIGN_FOR_OTHER_ROWS,READY_TO_INTEGRATE,TEST_EVOLUTION_0247_TRIGGER|_MISSING_INPUT|_SAVE_RELOAD,DPE拡張系統内で接続
248,496,SPECIES_KEY_SERVINE,ジャノビー,497,SPECIES_KEY_SERPERIOR,ジャローダ,レベルアップ＋Lv.36以上,レベルアップ＋Lv.36以上（CFRU/DPEの対応トリガーを使用。通信・RTC必須にはしない）,LEVEL_OR_STANDARD,,NOT_APPLICABLE,yes,ROM_EDGE_EXISTS_FOR_COVERED_ROWS; MASTER_DESIGN_FOR_OTHER_ROWS,READY_TO_INTEGRATE,TEST_EVOLUTION_0248_TRIGGER|_MISSING_INPUT|_SAVE_RELOAD,DPE拡張系統内で接続
249,498,SPECIES_KEY_TEPIG,ポカブ,499,SPECIES_KEY_PIGNITE,チャオブー,レベルアップ＋Lv.17以上,レベルアップ＋Lv.17以上（CFRU/DPEの対応トリガーを使用。通信・RTC必須にはしない）,LEVEL_OR_STANDARD,,NOT_APPLICABLE,yes,ROM_EDGE_EXISTS_FOR_COVERED_ROWS; MASTER_DESIGN_FOR_OTHER_ROWS,READY_TO_INTEGRATE,TEST_EVOLUTION_0249_TRIGGER|_MISSING_INPUT|_SAVE_RELOAD,DPE拡張系統内で接続
250,499,SPECIES_KEY_PIGNITE,チャオブー,500,SPECIES_KEY_EMBOAR,エンブオー,レベルアップ＋Lv.36以上,レベルアップ＋Lv.36以上（CFRU/DPEの対応トリガーを使用。通信・RTC必須にはしない）,LEVEL_OR_STANDARD,,NOT_APPLICABLE,yes,ROM_EDGE_EXISTS_FOR_COVERED_ROWS; MASTER_DESIGN_FOR_OTHER_ROWS,READY_TO_INTEGRATE,TEST_EVOLUTION_0250_TRIGGER|_MISSING_INPUT|_SAVE_RELOAD,DPE拡張系統内で接続
251,501,SPECIES_KEY_OSHAWOTT,ミジュマル,502,SPECIES_KEY_DEWOTT,フタチマル,レベルアップ＋Lv.17以上,レベルアップ＋Lv.17以上（CFRU/DPEの対応トリガーを使用。通信・RTC必須にはしない）,LEVEL_OR_STANDARD,,NOT_APPLICABLE,yes,ROM_EDGE_EXISTS_FOR_COVERED_ROWS; MASTER_DESIGN_FOR_OTHER_ROWS,READY_TO_INTEGRATE,TEST_EVOLUTION_0251_TRIGGER|_MISSING_INPUT|_SAVE_RELOAD,DPE拡張系統内で接続
252,502,SPECIES_KEY_DEWOTT,フタチマル,503,SPECIES_KEY_SAMUROTT,ダイケンキ,レベルアップ＋Lv.36以上,レベルアップ＋Lv.36以上（CFRU/DPEの対応トリガーを使用。通信・RTC必須にはしない）,LEVEL_OR_STANDARD,,NOT_APPLICABLE,yes,ROM_EDGE_EXISTS_FOR_COVERED_ROWS; MASTER_DESIGN_FOR_OTHER_ROWS,READY_TO_INTEGRATE,TEST_EVOLUTION_0252_TRIGGER|_MISSING_INPUT|_SAVE_RELOAD,DPE拡張系統内で接続
253,504,SPECIES_KEY_PATRAT,ミネズミ,505,SPECIES_KEY_WATCHOG,ミルホッグ,レベルアップ＋Lv.20以上,レベルアップ＋Lv.20以上（CFRU/DPEの対応トリガーを使用。通信・RTC必須にはしない）,LEVEL_OR_STANDARD,,NOT_APPLICABLE,yes,ROM_EDGE_EXISTS_FOR_COVERED_ROWS; MASTER_DESIGN_FOR_OTHER_ROWS,READY_TO_INTEGRATE,TEST_EVOLUTION_0253_TRIGGER|_MISSING_INPUT|_SAVE_RELOAD,DPE拡張系統内で接続
254,506,SPECIES_KEY_LILLIPUP,ヨーテリー,507,SPECIES_KEY_HERDIER,ハーデリア,レベルアップ＋Lv.16以上,レベルアップ＋Lv.16以上（CFRU/DPEの対応トリガーを使用。通信・RTC必須にはしない）,LEVEL_OR_STANDARD,,NOT_APPLICABLE,yes,ROM_EDGE_EXISTS_FOR_COVERED_ROWS; MASTER_DESIGN_FOR_OTHER_ROWS,READY_TO_INTEGRATE,TEST_EVOLUTION_0254_TRIGGER|_MISSING_INPUT|_SAVE_RELOAD,DPE拡張系統内で接続
255,507,SPECIES_KEY_HERDIER,ハーデリア,508,SPECIES_KEY_STOUTLAND,ムーランド,レベルアップ＋Lv.32以上,レベルアップ＋Lv.32以上（CFRU/DPEの対応トリガーを使用。通信・RTC必須にはしない）,LEVEL_OR_STANDARD,,NOT_APPLICABLE,yes,ROM_EDGE_EXISTS_FOR_COVERED_ROWS; MASTER_DESIGN_FOR_OTHER_ROWS,READY_TO_INTEGRATE,TEST_EVOLUTION_0255_TRIGGER|_MISSING_INPUT|_SAVE_RELOAD,DPE拡張系統内で接続
256,509,SPECIES_KEY_PURRLOIN,チョロネコ,510,SPECIES_KEY_LIEPARD,レパルダス,レベルアップ＋Lv.20以上,レベルアップ＋Lv.20以上（CFRU/DPEの対応トリガーを使用。通信・RTC必須にはしない）,LEVEL_OR_STANDARD,,NOT_APPLICABLE,yes,ROM_EDGE_EXISTS_FOR_COVERED_ROWS; MASTER_DESIGN_FOR_OTHER_ROWS,READY_TO_INTEGRATE,TEST_EVOLUTION_0256_TRIGGER|_MISSING_INPUT|_SAVE_RELOAD,DPE拡張系統内で接続
257,511,SPECIES_KEY_PANSAGE,ヤナップ,512,SPECIES_KEY_SIMISAGE,ヤナッキー,道具使用＋リーフのいしを使う,道具使用＋リーフのいしを使う（CFRU/DPEの対応トリガーを使用。通信・RTC必須にはしない）,ITEM,SUPPLY_ITEM_CATALOG_AUDIT,NOT_APPLICABLE,yes,ROM_EDGE_EXISTS_FOR_COVERED_ROWS; MASTER_DESIGN_FOR_OTHER_ROWS,EXACT_ROM_SUPPLY_AUDIT_REQUIRED,TEST_EVOLUTION_0257_TRIGGER|_MISSING_INPUT|_SAVE_RELOAD,DPE拡張系統内で接続
258,513,SPECIES_KEY_PANSEAR,バオップ,514,SPECIES_KEY_SIMISEAR,バオッキー,道具使用＋ほのおのいしを使う,道具使用＋ほのおのいしを使う（CFRU/DPEの対応トリガーを使用。通信・RTC必須にはしない）,ITEM,SUPPLY_ITEM_CATALOG_AUDIT,NOT_APPLICABLE,yes,ROM_EDGE_EXISTS_FOR_COVERED_ROWS; MASTER_DESIGN_FOR_OTHER_ROWS,EXACT_ROM_SUPPLY_AUDIT_REQUIRED,TEST_EVOLUTION_0258_TRIGGER|_MISSING_INPUT|_SAVE_RELOAD,DPE拡張系統内で接続
259,515,SPECIES_KEY_PANPOUR,ヒヤップ,516,SPECIES_KEY_SIMIPOUR,ヒヤッキー,道具使用＋みずのいしを使う,道具使用＋みずのいしを使う（CFRU/DPEの対応トリガーを使用。通信・RTC必須にはしない）,ITEM,SUPPLY_ITEM_CATALOG_AUDIT,NOT_APPLICABLE,yes,ROM_EDGE_EXISTS_FOR_COVERED_ROWS; MASTER_DESIGN_FOR_OTHER_ROWS,EXACT_ROM_SUPPLY_AUDIT_REQUIRED,TEST_EVOLUTION_0259_TRIGGER|_MISSING_INPUT|_SAVE_RELOAD,DPE拡張系統内で接続
260,517,SPECIES_KEY_MUNNA,ムンナ,518,SPECIES_KEY_MUSHARNA,ムシャーナ,道具使用＋つきのいしを使う,道具使用＋つきのいしを使う（CFRU/DPEの対応トリガーを使用。通信・RTC必須にはしない）,ITEM,SUPPLY_ITEM_CATALOG_AUDIT,NOT_APPLICABLE,yes,ROM_EDGE_EXISTS_FOR_COVERED_ROWS; MASTER_DESIGN_FOR_OTHER_ROWS,EXACT_ROM_SUPPLY_AUDIT_REQUIRED,TEST_EVOLUTION_0260_TRIGGER|_MISSING_INPUT|_SAVE_RELOAD,DPE拡張系統内で接続
261,519,SPECIES_KEY_PIDOVE,マメパト,520,SPECIES_KEY_TRANQUILL,ハトーボー,レベルアップ＋Lv.21以上,レベルアップ＋Lv.21以上（CFRU/DPEの対応トリガーを使用。通信・RTC必須にはしない）,LEVEL_OR_STANDARD,,NOT_APPLICABLE,yes,ROM_EDGE_EXISTS_FOR_COVERED_ROWS; MASTER_DESIGN_FOR_OTHER_ROWS,READY_TO_INTEGRATE,TEST_EVOLUTION_0261_TRIGGER|_MISSING_INPUT|_SAVE_RELOAD,DPE拡張系統内で接続
262,520,SPECIES_KEY_TRANQUILL,ハトーボー,521,SPECIES_KEY_UNFEZANT,ケンホロウ,レベルアップ＋Lv.32以上,レベルアップ＋Lv.32以上（CFRU/DPEの対応トリガーを使用。通信・RTC必須にはしない）,LEVEL_OR_STANDARD,,NOT_APPLICABLE,yes,ROM_EDGE_EXISTS_FOR_COVERED_ROWS; MASTER_DESIGN_FOR_OTHER_ROWS,READY_TO_INTEGRATE,TEST_EVOLUTION_0262_TRIGGER|_MISSING_INPUT|_SAVE_RELOAD,DPE拡張系統内で接続
263,522,SPECIES_KEY_BLITZLE,シママ,523,SPECIES_KEY_ZEBSTRIKA,ゼブライカ,レベルアップ＋Lv.27以上,レベルアップ＋Lv.27以上（CFRU/DPEの対応トリガーを使用。通信・RTC必須にはしない）,LEVEL_OR_STANDARD,,NOT_APPLICABLE,yes,ROM_EDGE_EXISTS_FOR_COVERED_ROWS; MASTER_DESIGN_FOR_OTHER_ROWS,READY_TO_INTEGRATE,TEST_EVOLUTION_0263_TRIGGER|_MISSING_INPUT|_SAVE_RELOAD,DPE拡張系統内で接続
264,524,SPECIES_KEY_ROGGENROLA,ダンゴロ,525,SPECIES_KEY_BOLDORE,ガントル,レベルアップ＋Lv.25以上,レベルアップ＋Lv.25以上（CFRU/DPEの対応トリガーを使用。通信・RTC必須にはしない）,LEVEL_OR_STANDARD,,NOT_APPLICABLE,yes,ROM_EDGE_EXISTS_FOR_COVERED_ROWS; MASTER_DESIGN_FOR_OTHER_ROWS,READY_TO_INTEGRATE,TEST_EVOLUTION_0264_TRIGGER|_MISSING_INPUT|_SAVE_RELOAD,DPE拡張系統内で接続
265,525,SPECIES_KEY_BOLDORE,ガントル,526,SPECIES_KEY_GIGALITH,ギガイアス,通信交換,「つながりのヒモ」を使用。通信交換でも従来通り進化。,TRADE,EVENT_TRADE_EMULATOR_SERVICE,NOT_APPLICABLE,yes,ROM_EDGE_EXISTS_FOR_COVERED_ROWS; MASTER_DESIGN_FOR_OTHER_ROWS,EXACT_ROM_SUPPLY_AUDIT_REQUIRED,TEST_EVOLUTION_0265_TRIGGER|_MISSING_INPUT|_SAVE_RELOAD,DPE拡張系統内で接続
266,527,SPECIES_KEY_WOOBAT,コロモリ,528,SPECIES_KEY_SWOOBAT,ココロモリ,レベルアップ＋なつき度160以上,レベルアップ＋なつき度160以上（CFRU/DPEの対応トリガーを使用。通信・RTC必須にはしない）,FRIENDSHIP,SUPPLY_FRIENDSHIP_SERVICES_EXISTING,NOT_APPLICABLE,yes,ROM_EDGE_EXISTS_FOR_COVERED_ROWS; MASTER_DESIGN_FOR_OTHER_ROWS,EXACT_ROM_SUPPLY_AUDIT_REQUIRED,TEST_EVOLUTION_0266_TRIGGER|_MISSING_INPUT|_SAVE_RELOAD,DPE拡張系統内で接続
267,529,SPECIES_KEY_DRILBUR,モグリュー,530,SPECIES_KEY_EXCADRILL,ドリュウズ,レベルアップ＋Lv.31以上,レベルアップ＋Lv.31以上（CFRU/DPEの対応トリガーを使用。通信・RTC必須にはしない）,LEVEL_OR_STANDARD,,NOT_APPLICABLE,yes,ROM_EDGE_EXISTS_FOR_COVERED_ROWS; MASTER_DESIGN_FOR_OTHER_ROWS,READY_TO_INTEGRATE,TEST_EVOLUTION_0267_TRIGGER|_MISSING_INPUT|_SAVE_RELOAD,DPE拡張系統内で接続
268,532,SPECIES_KEY_TIMBURR,ドッコラー,533,SPECIES_KEY_GURDURR,ドテッコツ,レベルアップ＋Lv.25以上,レベルアップ＋Lv.25以上（CFRU/DPEの対応トリガーを使用。通信・RTC必須にはしない）,LEVEL_OR_STANDARD,,NOT_APPLICABLE,yes,ROM_EDGE_EXISTS_FOR_COVERED_ROWS; MASTER_DESIGN_FOR_OTHER_ROWS,READY_TO_INTEGRATE,TEST_EVOLUTION_0268_TRIGGER|_MISSING_INPUT|_SAVE_RELOAD,DPE拡張系統内で接続
269,533,SPECIES_KEY_GURDURR,ドテッコツ,534,SPECIES_KEY_CONKELDURR,ローブシン,通信交換,「つながりのヒモ」を使用。通信交換でも従来通り進化。,TRADE,EVENT_TRADE_EMULATOR_SERVICE,NOT_APPLICABLE,yes,ROM_EDGE_EXISTS_FOR_COVERED_ROWS; MASTER_DESIGN_FOR_OTHER_ROWS,EXACT_ROM_SUPPLY_AUDIT_REQUIRED,TEST_EVOLUTION_0269_TRIGGER|_MISSING_INPUT|_SAVE_RELOAD,DPE拡張系統内で接続
270,535,SPECIES_KEY_TYMPOLE,オタマロ,536,SPECIES_KEY_PALPITOAD,ガマガル,レベルアップ＋Lv.25以上,レベルアップ＋Lv.25以上（CFRU/DPEの対応トリガーを使用。通信・RTC必須にはしない）,LEVEL_OR_STANDARD,,NOT_APPLICABLE,yes,ROM_EDGE_EXISTS_FOR_COVERED_ROWS; MASTER_DESIGN_FOR_OTHER_ROWS,READY_TO_INTEGRATE,TEST_EVOLUTION_0270_TRIGGER|_MISSING_INPUT|_SAVE_RELOAD,DPE拡張系統内で接続
271,536,SPECIES_KEY_PALPITOAD,ガマガル,537,SPECIES_KEY_SEISMITOAD,ガマゲロゲ,レベルアップ＋Lv.36以上,レベルアップ＋Lv.36以上（CFRU/DPEの対応トリガーを使用。通信・RTC必須にはしない）,LEVEL_OR_STANDARD,,NOT_APPLICABLE,yes,ROM_EDGE_EXISTS_FOR_COVERED_ROWS; MASTER_DESIGN_FOR_OTHER_ROWS,READY_TO_INTEGRATE,TEST_EVOLUTION_0271_TRIGGER|_MISSING_INPUT|_SAVE_RELOAD,DPE拡張系統内で接続
272,540,SPECIES_KEY_SEWADDLE,クルミル,541,SPECIES_KEY_SWADLOON,クルマユ,レベルアップ＋Lv.20以上,レベルアップ＋Lv.20以上（CFRU/DPEの対応トリガーを使用。通信・RTC必須にはしない）,LEVEL_OR_STANDARD,,NOT_APPLICABLE,yes,ROM_EDGE_EXISTS_FOR_COVERED_ROWS; MASTER_DESIGN_FOR_OTHER_ROWS,READY_TO_INTEGRATE,TEST_EVOLUTION_0272_TRIGGER|_MISSING_INPUT|_SAVE_RELOAD,DPE拡張系統内で接続
273,541,SPECIES_KEY_SWADLOON,クルマユ,542,SPECIES_KEY_LEAVANNY,ハハコモリ,レベルアップ＋なつき度220以上,レベルアップ＋なつき度220以上（CFRU/DPEの対応トリガーを使用。通信・RTC必須にはしない）,FRIENDSHIP,SUPPLY_FRIENDSHIP_SERVICES_EXISTING,NOT_APPLICABLE,yes,ROM_EDGE_EXISTS_FOR_COVERED_ROWS; MASTER_DESIGN_FOR_OTHER_ROWS,EXACT_ROM_SUPPLY_AUDIT_REQUIRED,TEST_EVOLUTION_0273_TRIGGER|_MISSING_INPUT|_SAVE_RELOAD,DPE拡張系統内で接続
274,543,SPECIES_KEY_VENIPEDE,フシデ,544,SPECIES_KEY_WHIRLIPEDE,ホイーガ,レベルアップ＋Lv.22以上,レベルアップ＋Lv.22以上（CFRU/DPEの対応トリガーを使用。通信・RTC必須にはしない）,LEVEL_OR_STANDARD,,NOT_APPLICABLE,yes,ROM_EDGE_EXISTS_FOR_COVERED_ROWS; MASTER_DESIGN_FOR_OTHER_ROWS,READY_TO_INTEGRATE,TEST_EVOLUTION_0274_TRIGGER|_MISSING_INPUT|_SAVE_RELOAD,DPE拡張系統内で接続
275,544,SPECIES_KEY_WHIRLIPEDE,ホイーガ,545,SPECIES_KEY_SCOLIPEDE,ペンドラー,レベルアップ＋Lv.30以上,レベルアップ＋Lv.30以上（CFRU/DPEの対応トリガーを使用。通信・RTC必須にはしない）,LEVEL_OR_STANDARD,,NOT_APPLICABLE,yes,ROM_EDGE_EXISTS_FOR_COVERED_ROWS; MASTER_DESIGN_FOR_OTHER_ROWS,READY_TO_INTEGRATE,TEST_EVOLUTION_0275_TRIGGER|_MISSING_INPUT|_SAVE_RELOAD,DPE拡張系統内で接続
276,546,SPECIES_KEY_COTTONEE,モンメン,547,SPECIES_KEY_WHIMSICOTT,エルフーン,道具使用＋たいようのいしを使う,道具使用＋たいようのいしを使う（CFRU/DPEの対応トリガーを使用。通信・RTC必須にはしない）,ITEM,SUPPLY_ITEM_CATALOG_AUDIT,NOT_APPLICABLE,yes,ROM_EDGE_EXISTS_FOR_COVERED_ROWS; MASTER_DESIGN_FOR_OTHER_ROWS,EXACT_ROM_SUPPLY_AUDIT_REQUIRED,TEST_EVOLUTION_0276_TRIGGER|_MISSING_INPUT|_SAVE_RELOAD,DPE拡張系統内で接続
277,548,SPECIES_KEY_PETILIL,チュリネ,549,SPECIES_KEY_LILLIGANT,ドレディア,道具使用＋たいようのいしを使う,道具使用＋たいようのいしを使う（CFRU/DPEの対応トリガーを使用。通信・RTC必須にはしない）,ITEM,SUPPLY_ITEM_CATALOG_AUDIT,NOT_APPLICABLE,yes,ROM_EDGE_EXISTS_FOR_COVERED_ROWS; MASTER_DESIGN_FOR_OTHER_ROWS,EXACT_ROM_SUPPLY_AUDIT_REQUIRED,TEST_EVOLUTION_0277_TRIGGER|_MISSING_INPUT|_SAVE_RELOAD,既存ベガ種族IDを参照元にしたまま、新種族IDへ接続
278,551,SPECIES_KEY_SANDILE,メグロコ,552,SPECIES_KEY_KROKOROK,ワルビル,レベルアップ＋Lv.29以上,レベルアップ＋Lv.29以上（CFRU/DPEの対応トリガーを使用。通信・RTC必須にはしない）,LEVEL_OR_STANDARD,,NOT_APPLICABLE,yes,ROM_EDGE_EXISTS_FOR_COVERED_ROWS; MASTER_DESIGN_FOR_OTHER_ROWS,READY_TO_INTEGRATE,TEST_EVOLUTION_0278_TRIGGER|_MISSING_INPUT|_SAVE_RELOAD,既存ベガ種族IDを参照元にしたまま、新種族IDへ接続
279,552,SPECIES_KEY_KROKOROK,ワルビル,553,SPECIES_KEY_KROOKODILE,ワルビアル,レベルアップ＋Lv.40以上,レベルアップ＋Lv.40以上（CFRU/DPEの対応トリガーを使用。通信・RTC必須にはしない）,LEVEL_OR_STANDARD,,NOT_APPLICABLE,yes,ROM_EDGE_EXISTS_FOR_COVERED_ROWS; MASTER_DESIGN_FOR_OTHER_ROWS,READY_TO_INTEGRATE,TEST_EVOLUTION_0279_TRIGGER|_MISSING_INPUT|_SAVE_RELOAD,既存ベガ種族IDを参照元にしたまま、新種族IDへ接続
280,554,SPECIES_KEY_DARUMAKA,ダルマッカ,555,SPECIES_KEY_DARMANITAN,ヒヒダルマ,レベルアップ＋Lv.35以上,レベルアップ＋Lv.35以上（CFRU/DPEの対応トリガーを使用。通信・RTC必須にはしない）,LEVEL_OR_STANDARD,,NOT_APPLICABLE,yes,ROM_EDGE_EXISTS_FOR_COVERED_ROWS; MASTER_DESIGN_FOR_OTHER_ROWS,READY_TO_INTEGRATE,TEST_EVOLUTION_0280_TRIGGER|_MISSING_INPUT|_SAVE_RELOAD,DPE拡張系統内で接続
281,557,SPECIES_KEY_DWEBBLE,イシズマイ,558,SPECIES_KEY_CRUSTLE,イワパレス,レベルアップ＋Lv.34以上,レベルアップ＋Lv.34以上（CFRU/DPEの対応トリガーを使用。通信・RTC必須にはしない）,LEVEL_OR_STANDARD,,NOT_APPLICABLE,yes,ROM_EDGE_EXISTS_FOR_COVERED_ROWS; MASTER_DESIGN_FOR_OTHER_ROWS,READY_TO_INTEGRATE,TEST_EVOLUTION_0281_TRIGGER|_MISSING_INPUT|_SAVE_RELOAD,既存ベガ種族IDを参照元にしたまま、新種族IDへ接続
282,559,SPECIES_KEY_SCRAGGY,ズルッグ,560,SPECIES_KEY_SCRAFTY,ズルズキン,レベルアップ＋Lv.39以上,レベルアップ＋Lv.39以上（CFRU/DPEの対応トリガーを使用。通信・RTC必須にはしない）,LEVEL_OR_STANDARD,,NOT_APPLICABLE,yes,ROM_EDGE_EXISTS_FOR_COVERED_ROWS; MASTER_DESIGN_FOR_OTHER_ROWS,READY_TO_INTEGRATE,TEST_EVOLUTION_0282_TRIGGER|_MISSING_INPUT|_SAVE_RELOAD,既存ベガ種族IDを参照元にしたまま、新種族IDへ接続
283,562,SPECIES_KEY_YAMASK,デスマス,563,SPECIES_KEY_COFAGRIGUS,デスカーン,レベルアップ＋Lv.34以上,レベルアップ＋Lv.34以上（CFRU/DPEの対応トリガーを使用。通信・RTC必須にはしない）,LEVEL_OR_STANDARD,,NOT_APPLICABLE,yes,ROM_EDGE_EXISTS_FOR_COVERED_ROWS; MASTER_DESIGN_FOR_OTHER_ROWS,READY_TO_INTEGRATE,TEST_EVOLUTION_0283_TRIGGER|_MISSING_INPUT|_SAVE_RELOAD,DPE拡張系統内で接続
284,564,SPECIES_KEY_TIRTOUGA,プロトーガ,565,SPECIES_KEY_CARRACOSTA,アバゴーラ,レベルアップ＋Lv.37以上,レベルアップ＋Lv.37以上（CFRU/DPEの対応トリガーを使用。通信・RTC必須にはしない）,LEVEL_OR_STANDARD,,NOT_APPLICABLE,yes,ROM_EDGE_EXISTS_FOR_COVERED_ROWS; MASTER_DESIGN_FOR_OTHER_ROWS,READY_TO_INTEGRATE,TEST_EVOLUTION_0284_TRIGGER|_MISSING_INPUT|_SAVE_RELOAD,DPE拡張系統内で接続
285,566,SPECIES_KEY_ARCHEN,アーケン,567,SPECIES_KEY_ARCHEOPS,アーケオス,レベルアップ＋Lv.37以上,レベルアップ＋Lv.37以上（CFRU/DPEの対応トリガーを使用。通信・RTC必須にはしない）,LEVEL_OR_STANDARD,,NOT_APPLICABLE,yes,ROM_EDGE_EXISTS_FOR_COVERED_ROWS; MASTER_DESIGN_FOR_OTHER_ROWS,READY_TO_INTEGRATE,TEST_EVOLUTION_0285_TRIGGER|_MISSING_INPUT|_SAVE_RELOAD,DPE拡張系統内で接続
286,568,SPECIES_KEY_TRUBBISH,ヤブクロン,569,SPECIES_KEY_GARBODOR,ダストダス,レベルアップ＋Lv.36以上,レベルアップ＋Lv.36以上（CFRU/DPEの対応トリガーを使用。通信・RTC必須にはしない）,LEVEL_OR_STANDARD,,NOT_APPLICABLE,yes,ROM_EDGE_EXISTS_FOR_COVERED_ROWS; MASTER_DESIGN_FOR_OTHER_ROWS,READY_TO_INTEGRATE,TEST_EVOLUTION_0286_TRIGGER|_MISSING_INPUT|_SAVE_RELOAD,DPE拡張系統内で接続
287,570,SPECIES_KEY_ZORUA,ゾロア,571,SPECIES_KEY_ZOROARK,ゾロアーク,レベルアップ＋Lv.30以上,レベルアップ＋Lv.30以上（CFRU/DPEの対応トリガーを使用。通信・RTC必須にはしない）,LEVEL_OR_STANDARD,,NOT_APPLICABLE,yes,ROM_EDGE_EXISTS_FOR_COVERED_ROWS; MASTER_DESIGN_FOR_OTHER_ROWS,READY_TO_INTEGRATE,TEST_EVOLUTION_0287_TRIGGER|_MISSING_INPUT|_SAVE_RELOAD,DPE拡張系統内で接続
288,572,SPECIES_KEY_MINCCINO,チラーミィ,573,SPECIES_KEY_CINCCINO,チラチーノ,道具使用＋ひかりのいしを使う,道具使用＋ひかりのいしを使う（CFRU/DPEの対応トリガーを使用。通信・RTC必須にはしない）,ITEM,SUPPLY_ITEM_CATALOG_AUDIT,NOT_APPLICABLE,yes,ROM_EDGE_EXISTS_FOR_COVERED_ROWS; MASTER_DESIGN_FOR_OTHER_ROWS,EXACT_ROM_SUPPLY_AUDIT_REQUIRED,TEST_EVOLUTION_0288_TRIGGER|_MISSING_INPUT|_SAVE_RELOAD,DPE拡張系統内で接続
289,574,SPECIES_KEY_GOTHITA,ゴチム,575,SPECIES_KEY_GOTHORITA,ゴチミル,レベルアップ＋Lv.32以上,レベルアップ＋Lv.32以上（CFRU/DPEの対応トリガーを使用。通信・RTC必須にはしない）,LEVEL_OR_STANDARD,,NOT_APPLICABLE,yes,ROM_EDGE_EXISTS_FOR_COVERED_ROWS; MASTER_DESIGN_FOR_OTHER_ROWS,READY_TO_INTEGRATE,TEST_EVOLUTION_0289_TRIGGER|_MISSING_INPUT|_SAVE_RELOAD,DPE拡張系統内で接続
290,575,SPECIES_KEY_GOTHORITA,ゴチミル,576,SPECIES_KEY_GOTHITELLE,ゴチルゼル,レベルアップ＋Lv.41以上,レベルアップ＋Lv.41以上（CFRU/DPEの対応トリガーを使用。通信・RTC必須にはしない）,LEVEL_OR_STANDARD,,NOT_APPLICABLE,yes,ROM_EDGE_EXISTS_FOR_COVERED_ROWS; MASTER_DESIGN_FOR_OTHER_ROWS,READY_TO_INTEGRATE,TEST_EVOLUTION_0290_TRIGGER|_MISSING_INPUT|_SAVE_RELOAD,DPE拡張系統内で接続
291,577,SPECIES_KEY_SOLOSIS,ユニラン,578,SPECIES_KEY_DUOSION,ダブラン,レベルアップ＋Lv.32以上,レベルアップ＋Lv.32以上（CFRU/DPEの対応トリガーを使用。通信・RTC必須にはしない）,LEVEL_OR_STANDARD,,NOT_APPLICABLE,yes,ROM_EDGE_EXISTS_FOR_COVERED_ROWS; MASTER_DESIGN_FOR_OTHER_ROWS,READY_TO_INTEGRATE,TEST_EVOLUTION_0291_TRIGGER|_MISSING_INPUT|_SAVE_RELOAD,DPE拡張系統内で接続
292,578,SPECIES_KEY_DUOSION,ダブラン,579,SPECIES_KEY_REUNICLUS,ランクルス,レベルアップ＋Lv.41以上,レベルアップ＋Lv.41以上（CFRU/DPEの対応トリガーを使用。通信・RTC必須にはしない）,LEVEL_OR_STANDARD,,NOT_APPLICABLE,yes,ROM_EDGE_EXISTS_FOR_COVERED_ROWS; MASTER_DESIGN_FOR_OTHER_ROWS,READY_TO_INTEGRATE,TEST_EVOLUTION_0292_TRIGGER|_MISSING_INPUT|_SAVE_RELOAD,DPE拡張系統内で接続
293,580,SPECIES_KEY_DUCKLETT,コアルヒー,581,SPECIES_KEY_SWANNA,スワンナ,レベルアップ＋Lv.35以上,レベルアップ＋Lv.35以上（CFRU/DPEの対応トリガーを使用。通信・RTC必須にはしない）,LEVEL_OR_STANDARD,,NOT_APPLICABLE,yes,ROM_EDGE_EXISTS_FOR_COVERED_ROWS; MASTER_DESIGN_FOR_OTHER_ROWS,READY_TO_INTEGRATE,TEST_EVOLUTION_0293_TRIGGER|_MISSING_INPUT|_SAVE_RELOAD,DPE拡張系統内で接続
294,582,SPECIES_KEY_VANILLITE,バニプッチ,583,SPECIES_KEY_VANILLISH,バニリッチ,レベルアップ＋Lv.35以上,レベルアップ＋Lv.35以上（CFRU/DPEの対応トリガーを使用。通信・RTC必須にはしない）,LEVEL_OR_STANDARD,,NOT_APPLICABLE,yes,ROM_EDGE_EXISTS_FOR_COVERED_ROWS; MASTER_DESIGN_FOR_OTHER_ROWS,READY_TO_INTEGRATE,TEST_EVOLUTION_0294_TRIGGER|_MISSING_INPUT|_SAVE_RELOAD,DPE拡張系統内で接続
295,583,SPECIES_KEY_VANILLISH,バニリッチ,584,SPECIES_KEY_VANILLUXE,バイバニラ,レベルアップ＋Lv.47以上,レベルアップ＋Lv.47以上（CFRU/DPEの対応トリガーを使用。通信・RTC必須にはしない）,LEVEL_OR_STANDARD,,NOT_APPLICABLE,yes,ROM_EDGE_EXISTS_FOR_COVERED_ROWS; MASTER_DESIGN_FOR_OTHER_ROWS,READY_TO_INTEGRATE,TEST_EVOLUTION_0295_TRIGGER|_MISSING_INPUT|_SAVE_RELOAD,DPE拡張系統内で接続
296,585,SPECIES_KEY_DEERLING,シキジカ,586,SPECIES_KEY_SAWSBUCK,メブキジカ,レベルアップ＋Lv.34以上,レベルアップ＋Lv.34以上（CFRU/DPEの対応トリガーを使用。通信・RTC必須にはしない）,LEVEL_OR_STANDARD,,NOT_APPLICABLE,yes,ROM_EDGE_EXISTS_FOR_COVERED_ROWS; MASTER_DESIGN_FOR_OTHER_ROWS,READY_TO_INTEGRATE,TEST_EVOLUTION_0296_TRIGGER|_MISSING_INPUT|_SAVE_RELOAD,DPE拡張系統内で接続
297,588,SPECIES_KEY_KARRABLAST,カブルモ,589,SPECIES_KEY_ESCAVALIER,シュバルゴ,通信交換＋チョボマキと交換,指定交換は残すが、図鑑完成用にハクジ研究所の「交換シミュレータ」でも進化可能。,TRADE,EVENT_TRADE_EMULATOR_SERVICE,NOT_APPLICABLE,yes,ROM_EDGE_EXISTS_FOR_COVERED_ROWS; MASTER_DESIGN_FOR_OTHER_ROWS,EXACT_ROM_SUPPLY_AUDIT_REQUIRED,TEST_EVOLUTION_0297_TRIGGER|_MISSING_INPUT|_SAVE_RELOAD,DPE拡張系統内で接続
298,590,SPECIES_KEY_FOONGUS,タマゲタケ,591,SPECIES_KEY_AMOONGUSS,モロバレル,レベルアップ＋Lv.39以上,レベルアップ＋Lv.39以上（CFRU/DPEの対応トリガーを使用。通信・RTC必須にはしない）,LEVEL_OR_STANDARD,,NOT_APPLICABLE,yes,ROM_EDGE_EXISTS_FOR_COVERED_ROWS; MASTER_DESIGN_FOR_OTHER_ROWS,READY_TO_INTEGRATE,TEST_EVOLUTION_0298_TRIGGER|_MISSING_INPUT|_SAVE_RELOAD,DPE拡張系統内で接続
299,592,SPECIES_KEY_FRILLISH,プルリル,593,SPECIES_KEY_JELLICENT,ブルンゲル,レベルアップ＋Lv.40以上,レベルアップ＋Lv.40以上（CFRU/DPEの対応トリガーを使用。通信・RTC必須にはしない）,LEVEL_OR_STANDARD,,NOT_APPLICABLE,yes,ROM_EDGE_EXISTS_FOR_COVERED_ROWS; MASTER_DESIGN_FOR_OTHER_ROWS,READY_TO_INTEGRATE,TEST_EVOLUTION_0299_TRIGGER|_MISSING_INPUT|_SAVE_RELOAD,DPE拡張系統内で接続
300,595,SPECIES_KEY_JOLTIK,バチュル,596,SPECIES_KEY_GALVANTULA,デンチュラ,レベルアップ＋Lv.36以上,レベルアップ＋Lv.36以上（CFRU/DPEの対応トリガーを使用。通信・RTC必須にはしない）,LEVEL_OR_STANDARD,,NOT_APPLICABLE,yes,ROM_EDGE_EXISTS_FOR_COVERED_ROWS; MASTER_DESIGN_FOR_OTHER_ROWS,READY_TO_INTEGRATE,TEST_EVOLUTION_0300_TRIGGER|_MISSING_INPUT|_SAVE_RELOAD,既存ベガ種族IDを参照元にしたまま、新種族IDへ接続
301,597,SPECIES_KEY_FERROSEED,テッシード,598,SPECIES_KEY_FERROTHORN,ナットレイ,レベルアップ＋Lv.40以上,レベルアップ＋Lv.40以上（CFRU/DPEの対応トリガーを使用。通信・RTC必須にはしない）,LEVEL_OR_STANDARD,,NOT_APPLICABLE,yes,ROM_EDGE_EXISTS_FOR_COVERED_ROWS; MASTER_DESIGN_FOR_OTHER_ROWS,READY_TO_INTEGRATE,TEST_EVOLUTION_0301_TRIGGER|_MISSING_INPUT|_SAVE_RELOAD,既存ベガ種族IDを参照元にしたまま、新種族IDへ接続
302,599,SPECIES_KEY_KLINK,ギアル,600,SPECIES_KEY_KLANG,ギギアル,レベルアップ＋Lv.38以上,レベルアップ＋Lv.38以上（CFRU/DPEの対応トリガーを使用。通信・RTC必須にはしない）,LEVEL_OR_STANDARD,,NOT_APPLICABLE,yes,ROM_EDGE_EXISTS_FOR_COVERED_ROWS; MASTER_DESIGN_FOR_OTHER_ROWS,READY_TO_INTEGRATE,TEST_EVOLUTION_0302_TRIGGER|_MISSING_INPUT|_SAVE_RELOAD,既存ベガ種族IDを参照元にしたまま、新種族IDへ接続
303,600,SPECIES_KEY_KLANG,ギギアル,601,SPECIES_KEY_KLINKLANG,ギギギアル,レベルアップ＋Lv.49以上,レベルアップ＋Lv.49以上（CFRU/DPEの対応トリガーを使用。通信・RTC必須にはしない）,LEVEL_OR_STANDARD,,NOT_APPLICABLE,yes,ROM_EDGE_EXISTS_FOR_COVERED_ROWS; MASTER_DESIGN_FOR_OTHER_ROWS,READY_TO_INTEGRATE,TEST_EVOLUTION_0303_TRIGGER|_MISSING_INPUT|_SAVE_RELOAD,既存ベガ種族IDを参照元にしたまま、新種族IDへ接続
304,602,SPECIES_KEY_TYNAMO,シビシラス,603,SPECIES_KEY_EELEKTRIK,シビビール,レベルアップ＋Lv.39以上,レベルアップ＋Lv.39以上（CFRU/DPEの対応トリガーを使用。通信・RTC必須にはしない）,LEVEL_OR_STANDARD,,NOT_APPLICABLE,yes,ROM_EDGE_EXISTS_FOR_COVERED_ROWS; MASTER_DESIGN_FOR_OTHER_ROWS,READY_TO_INTEGRATE,TEST_EVOLUTION_0304_TRIGGER|_MISSING_INPUT|_SAVE_RELOAD,既存ベガ種族IDを参照元にしたまま、新種族IDへ接続
305,603,SPECIES_KEY_EELEKTRIK,シビビール,604,SPECIES_KEY_EELEKTROSS,シビルドン,道具使用＋かみなりのいしを使う,道具使用＋かみなりのいしを使う（CFRU/DPEの対応トリガーを使用。通信・RTC必須にはしない）,ITEM,SUPPLY_ITEM_CATALOG_AUDIT,NOT_APPLICABLE,yes,ROM_EDGE_EXISTS_FOR_COVERED_ROWS; MASTER_DESIGN_FOR_OTHER_ROWS,EXACT_ROM_SUPPLY_AUDIT_REQUIRED,TEST_EVOLUTION_0305_TRIGGER|_MISSING_INPUT|_SAVE_RELOAD,既存ベガ種族IDを参照元にしたまま、新種族IDへ接続
306,605,SPECIES_KEY_ELGYEM,リグレー,606,SPECIES_KEY_BEHEEYEM,オーベム,レベルアップ＋Lv.42以上,レベルアップ＋Lv.42以上（CFRU/DPEの対応トリガーを使用。通信・RTC必須にはしない）,LEVEL_OR_STANDARD,,NOT_APPLICABLE,yes,ROM_EDGE_EXISTS_FOR_COVERED_ROWS; MASTER_DESIGN_FOR_OTHER_ROWS,READY_TO_INTEGRATE,TEST_EVOLUTION_0306_TRIGGER|_MISSING_INPUT|_SAVE_RELOAD,DPE拡張系統内で接続
307,607,SPECIES_KEY_LITWICK,ヒトモシ,608,SPECIES_KEY_LAMPENT,ランプラー,レベルアップ＋Lv.41以上,レベルアップ＋Lv.41以上（CFRU/DPEの対応トリガーを使用。通信・RTC必須にはしない）,LEVEL_OR_STANDARD,,NOT_APPLICABLE,yes,ROM_EDGE_EXISTS_FOR_COVERED_ROWS; MASTER_DESIGN_FOR_OTHER_ROWS,READY_TO_INTEGRATE,TEST_EVOLUTION_0307_TRIGGER|_MISSING_INPUT|_SAVE_RELOAD,DPE拡張系統内で接続
308,608,SPECIES_KEY_LAMPENT,ランプラー,609,SPECIES_KEY_CHANDELURE,シャンデラ,道具使用＋やみのいしを使う,道具使用＋やみのいしを使う（CFRU/DPEの対応トリガーを使用。通信・RTC必須にはしない）,ITEM,SUPPLY_ITEM_CATALOG_AUDIT,NOT_APPLICABLE,yes,ROM_EDGE_EXISTS_FOR_COVERED_ROWS; MASTER_DESIGN_FOR_OTHER_ROWS,EXACT_ROM_SUPPLY_AUDIT_REQUIRED,TEST_EVOLUTION_0308_TRIGGER|_MISSING_INPUT|_SAVE_RELOAD,DPE拡張系統内で接続
309,610,SPECIES_KEY_AXEW,キバゴ,611,SPECIES_KEY_FRAXURE,オノンド,レベルアップ＋Lv.38以上,レベルアップ＋Lv.38以上（CFRU/DPEの対応トリガーを使用。通信・RTC必須にはしない）,LEVEL_OR_STANDARD,,NOT_APPLICABLE,yes,ROM_EDGE_EXISTS_FOR_COVERED_ROWS; MASTER_DESIGN_FOR_OTHER_ROWS,READY_TO_INTEGRATE,TEST_EVOLUTION_0309_TRIGGER|_MISSING_INPUT|_SAVE_RELOAD,DPE拡張系統内で接続
310,611,SPECIES_KEY_FRAXURE,オノンド,612,SPECIES_KEY_HAXORUS,オノノクス,レベルアップ＋Lv.48以上,レベルアップ＋Lv.48以上（CFRU/DPEの対応トリガーを使用。通信・RTC必須にはしない）,LEVEL_OR_STANDARD,,NOT_APPLICABLE,yes,ROM_EDGE_EXISTS_FOR_COVERED_ROWS; MASTER_DESIGN_FOR_OTHER_ROWS,READY_TO_INTEGRATE,TEST_EVOLUTION_0310_TRIGGER|_MISSING_INPUT|_SAVE_RELOAD,DPE拡張系統内で接続
311,613,SPECIES_KEY_CUBCHOO,クマシュン,614,SPECIES_KEY_BEARTIC,ツンベアー,レベルアップ＋Lv.37以上,レベルアップ＋Lv.37以上（CFRU/DPEの対応トリガーを使用。通信・RTC必須にはしない）,LEVEL_OR_STANDARD,,NOT_APPLICABLE,yes,ROM_EDGE_EXISTS_FOR_COVERED_ROWS; MASTER_DESIGN_FOR_OTHER_ROWS,READY_TO_INTEGRATE,TEST_EVOLUTION_0311_TRIGGER|_MISSING_INPUT|_SAVE_RELOAD,DPE拡張系統内で接続
312,616,SPECIES_KEY_SHELMET,チョボマキ,617,SPECIES_KEY_ACCELGOR,アギルダー,通信交換＋カブルモと交換,指定交換は残すが、図鑑完成用にハクジ研究所の「交換シミュレータ」でも進化可能。,TRADE,EVENT_TRADE_EMULATOR_SERVICE,NOT_APPLICABLE,yes,ROM_EDGE_EXISTS_FOR_COVERED_ROWS; MASTER_DESIGN_FOR_OTHER_ROWS,EXACT_ROM_SUPPLY_AUDIT_REQUIRED,TEST_EVOLUTION_0312_TRIGGER|_MISSING_INPUT|_SAVE_RELOAD,DPE拡張系統内で接続
313,619,SPECIES_KEY_MIENFOO,コジョフー,620,SPECIES_KEY_MIENSHAO,コジョンド,レベルアップ＋Lv.50以上,レベルアップ＋Lv.50以上（CFRU/DPEの対応トリガーを使用。通信・RTC必須にはしない）,LEVEL_OR_STANDARD,,NOT_APPLICABLE,yes,ROM_EDGE_EXISTS_FOR_COVERED_ROWS; MASTER_DESIGN_FOR_OTHER_ROWS,READY_TO_INTEGRATE,TEST_EVOLUTION_0313_TRIGGER|_MISSING_INPUT|_SAVE_RELOAD,既存ベガ種族IDを参照元にしたまま、新種族IDへ接続
314,622,SPECIES_KEY_GOLETT,ゴビット,623,SPECIES_KEY_GOLURK,ゴルーグ,レベルアップ＋Lv.43以上,レベルアップ＋Lv.43以上（CFRU/DPEの対応トリガーを使用。通信・RTC必須にはしない）,LEVEL_OR_STANDARD,,NOT_APPLICABLE,yes,ROM_EDGE_EXISTS_FOR_COVERED_ROWS; MASTER_DESIGN_FOR_OTHER_ROWS,READY_TO_INTEGRATE,TEST_EVOLUTION_0314_TRIGGER|_MISSING_INPUT|_SAVE_RELOAD,DPE拡張系統内で接続
315,624,SPECIES_KEY_PAWNIARD,コマタナ,625,SPECIES_KEY_BISHARP,キリキザン,レベルアップ＋Lv.52以上,レベルアップ＋Lv.52以上（CFRU/DPEの対応トリガーを使用。通信・RTC必須にはしない）,LEVEL_OR_STANDARD,,NOT_APPLICABLE,yes,ROM_EDGE_EXISTS_FOR_COVERED_ROWS; MASTER_DESIGN_FOR_OTHER_ROWS,READY_TO_INTEGRATE,TEST_EVOLUTION_0315_TRIGGER|_MISSING_INPUT|_SAVE_RELOAD,DPE拡張系統内で接続
316,627,SPECIES_KEY_RUFFLET,ワシボン,628,SPECIES_KEY_BRAVIARY,ウォーグル,レベルアップ＋Lv.54以上,レベルアップ＋Lv.54以上（CFRU/DPEの対応トリガーを使用。通信・RTC必須にはしない）,LEVEL_OR_STANDARD,,NOT_APPLICABLE,yes,ROM_EDGE_EXISTS_FOR_COVERED_ROWS; MASTER_DESIGN_FOR_OTHER_ROWS,READY_TO_INTEGRATE,TEST_EVOLUTION_0316_TRIGGER|_MISSING_INPUT|_SAVE_RELOAD,DPE拡張系統内で接続
317,629,SPECIES_KEY_VULLABY,バルチャイ,630,SPECIES_KEY_MANDIBUZZ,バルジーナ,レベルアップ＋Lv.54以上,レベルアップ＋Lv.54以上（CFRU/DPEの対応トリガーを使用。通信・RTC必須にはしない）,LEVEL_OR_STANDARD,,NOT_APPLICABLE,yes,ROM_EDGE_EXISTS_FOR_COVERED_ROWS; MASTER_DESIGN_FOR_OTHER_ROWS,READY_TO_INTEGRATE,TEST_EVOLUTION_0317_TRIGGER|_MISSING_INPUT|_SAVE_RELOAD,DPE拡張系統内で接続
318,633,SPECIES_KEY_DEINO,モノズ,634,SPECIES_KEY_ZWEILOUS,ジヘッド,レベルアップ＋Lv.50以上,レベルアップ＋Lv.50以上（CFRU/DPEの対応トリガーを使用。通信・RTC必須にはしない）,LEVEL_OR_STANDARD,,NOT_APPLICABLE,yes,ROM_EDGE_EXISTS_FOR_COVERED_ROWS; MASTER_DESIGN_FOR_OTHER_ROWS,READY_TO_INTEGRATE,TEST_EVOLUTION_0318_TRIGGER|_MISSING_INPUT|_SAVE_RELOAD,DPE拡張系統内で接続
319,634,SPECIES_KEY_ZWEILOUS,ジヘッド,635,SPECIES_KEY_HYDREIGON,サザンドラ,レベルアップ＋Lv.64以上,レベルアップ＋Lv.64以上（CFRU/DPEの対応トリガーを使用。通信・RTC必須にはしない）,LEVEL_OR_STANDARD,,NOT_APPLICABLE,yes,ROM_EDGE_EXISTS_FOR_COVERED_ROWS; MASTER_DESIGN_FOR_OTHER_ROWS,READY_TO_INTEGRATE,TEST_EVOLUTION_0319_TRIGGER|_MISSING_INPUT|_SAVE_RELOAD,DPE拡張系統内で接続
320,636,SPECIES_KEY_LARVESTA,メラルバ,637,SPECIES_KEY_VOLCARONA,ウルガモス,レベルアップ＋Lv.59以上,レベルアップ＋Lv.59以上（CFRU/DPEの対応トリガーを使用。通信・RTC必須にはしない）,LEVEL_OR_STANDARD,,NOT_APPLICABLE,yes,ROM_EDGE_EXISTS_FOR_COVERED_ROWS; MASTER_DESIGN_FOR_OTHER_ROWS,READY_TO_INTEGRATE,TEST_EVOLUTION_0320_TRIGGER|_MISSING_INPUT|_SAVE_RELOAD,DPE拡張系統内で接続
321,349,SPECIES_KEY_FEEBAS,ヒンバス,350,SPECIES_KEY_MILOTIC,ミロカロス,通信交換＋きれいなウロコを持たせる,きれいなウロコを持たせて「つながりのヒモ」を使用。NPC交換でも進化可。,TRADE|ITEM,EVENT_TRADE_EMULATOR_SERVICE|SUPPLY_ITEM_CATALOG_AUDIT,NOT_APPLICABLE,yes,ROM_EDGE_EXISTS_FOR_COVERED_ROWS; MASTER_DESIGN_FOR_OTHER_ROWS,EXACT_ROM_SUPPLY_AUDIT_REQUIRED,TEST_EVOLUTION_0321_TRIGGER|_MISSING_INPUT|_SAVE_RELOAD,DPE拡張系統内で接続
322,82,SPECIES_KEY_MAGNETON,レアコイル,462,SPECIES_KEY_MAGNEZONE,ジバコイル,レベルアップ＋指定場所ID 379,「じばのコア」を持たせてレベルアップ。かみなりのしま／D・H炉心でも可。,PLACE,SUPPLY_PLACE_OR_TOKEN_AUDIT,NOT_APPLICABLE,yes,ROM_EDGE_EXISTS_FOR_COVERED_ROWS; MASTER_DESIGN_FOR_OTHER_ROWS,EXACT_ROM_SUPPLY_AUDIT_REQUIRED,TEST_EVOLUTION_0322_TRIGGER|_MISSING_INPUT|_SAVE_RELOAD,既存ベガ種族IDを参照元にしたまま、新種族IDへ接続
323,299,SPECIES_KEY_NOSEPASS,ノズパス,476,SPECIES_KEY_PROBOPASS,ダイノーズ,レベルアップ＋指定場所ID 379,「じばのコア」を持たせてレベルアップ。かみなりのしま／D・H炉心でも可。,PLACE,SUPPLY_PLACE_OR_TOKEN_AUDIT,NOT_APPLICABLE,yes,ROM_EDGE_EXISTS_FOR_COVERED_ROWS; MASTER_DESIGN_FOR_OTHER_ROWS,EXACT_ROM_SUPPLY_AUDIT_REQUIRED,TEST_EVOLUTION_0323_TRIGGER|_MISSING_INPUT|_SAVE_RELOAD,DPE拡張系統内で接続
324,133,SPECIES_KEY_EEVEE,イーブイ,470,SPECIES_KEY_LEAFEON,リーフィア,レベルアップ＋指定場所ID 375＋特殊な岩の近く,「コケのコア」を持たせて昼にレベルアップ。ハクジのもりでも可。,PLACE,SUPPLY_PLACE_OR_TOKEN_AUDIT,NOT_APPLICABLE,yes,ROM_EDGE_EXISTS_FOR_COVERED_ROWS; MASTER_DESIGN_FOR_OTHER_ROWS,EXACT_ROM_SUPPLY_AUDIT_REQUIRED,TEST_EVOLUTION_0324_TRIGGER|_MISSING_INPUT|_SAVE_RELOAD,DPE拡張系統内で接続
325,133,SPECIES_KEY_EEVEE,イーブイ,471,SPECIES_KEY_GLACEON,グレイシア,レベルアップ＋指定場所ID 380＋特殊な岩の近く,「こおりのコア」を持たせて夜にレベルアップ。こおりのしまでも可。,PLACE,SUPPLY_PLACE_OR_TOKEN_AUDIT,NOT_APPLICABLE,yes,ROM_EDGE_EXISTS_FOR_COVERED_ROWS; MASTER_DESIGN_FOR_OTHER_ROWS,EXACT_ROM_SUPPLY_AUDIT_REQUIRED,TEST_EVOLUTION_0325_TRIGGER|_MISSING_INPUT|_SAVE_RELOAD,DPE拡張系統内で接続
327,682,SPECIES_KEY_SPRITZEE,シュシュプ,683,SPECIES_KEY_AROMATISSE,フレフワン,通信交換＋においぶくろを持たせる,においぶくろを持たせて「つながりのヒモ」を使用。NPC交換でも進化可。,TRADE|ITEM,EVENT_TRADE_EMULATOR_SERVICE|SUPPLY_ITEM_CATALOG_AUDIT,NOT_APPLICABLE,yes,ROM_EDGE_EXISTS_FOR_COVERED_ROWS; MASTER_DESIGN_FOR_OTHER_ROWS,EXACT_ROM_SUPPLY_AUDIT_REQUIRED,TEST_EVOLUTION_0327_TRIGGER|_MISSING_INPUT|_SAVE_RELOAD,DPE拡張系統内で接続
328,661,SPECIES_KEY_FLETCHLING,ヤヤコマ,662,SPECIES_KEY_FLETCHINDER,ヒノヤコマ,レベルアップ＋Lv.17以上,レベルアップ＋Lv.17以上（CFRU/DPEの対応トリガーを使用。通信・RTC必須にはしない）,LEVEL_OR_STANDARD,,NOT_APPLICABLE,yes,ROM_EDGE_EXISTS_FOR_COVERED_ROWS; MASTER_DESIGN_FOR_OTHER_ROWS,READY_TO_INTEGRATE,TEST_EVOLUTION_0328_TRIGGER|_MISSING_INPUT|_SAVE_RELOAD,DPE拡張系統内で接続
329,708,SPECIES_KEY_PHANTUMP,ボクレー,709,SPECIES_KEY_TREVENANT,オーロット,通信交換,「つながりのヒモ」を使用。通信交換でも従来通り進化。,TRADE,EVENT_TRADE_EMULATOR_SERVICE,NOT_APPLICABLE,yes,ROM_EDGE_EXISTS_FOR_COVERED_ROWS; MASTER_DESIGN_FOR_OTHER_ROWS,EXACT_ROM_SUPPLY_AUDIT_REQUIRED,TEST_EVOLUTION_0329_TRIGGER|_MISSING_INPUT|_SAVE_RELOAD,DPE拡張系統内で接続
330,662,SPECIES_KEY_FLETCHINDER,ヒノヤコマ,663,SPECIES_KEY_TALONFLAME,ファイアロー,レベルアップ＋Lv.35以上,レベルアップ＋Lv.35以上（CFRU/DPEの対応トリガーを使用。通信・RTC必須にはしない）,LEVEL_OR_STANDARD,,NOT_APPLICABLE,yes,ROM_EDGE_EXISTS_FOR_COVERED_ROWS; MASTER_DESIGN_FOR_OTHER_ROWS,READY_TO_INTEGRATE,TEST_EVOLUTION_0330_TRIGGER|_MISSING_INPUT|_SAVE_RELOAD,DPE拡張系統内で接続
331,653,SPECIES_KEY_FENNEKIN,フォッコ,654,SPECIES_KEY_BRAIXEN,テールナー,レベルアップ＋Lv.16以上,レベルアップ＋Lv.16以上（CFRU/DPEの対応トリガーを使用。通信・RTC必須にはしない）,LEVEL_OR_STANDARD,,NOT_APPLICABLE,yes,ROM_EDGE_EXISTS_FOR_COVERED_ROWS; MASTER_DESIGN_FOR_OTHER_ROWS,READY_TO_INTEGRATE,TEST_EVOLUTION_0331_TRIGGER|_MISSING_INPUT|_SAVE_RELOAD,DPE拡張系統内で接続
332,686,SPECIES_KEY_INKAY,マーイーカ,687,SPECIES_KEY_MALAMAR,カラマネロ,レベルアップ＋Lv.30以上＋本体を上下反転,「さかさまのしるし」を持たせてレベルアップ。,LEVEL_OR_STANDARD,,NOT_APPLICABLE,yes,ROM_EDGE_EXISTS_FOR_COVERED_ROWS; MASTER_DESIGN_FOR_OTHER_ROWS,READY_TO_INTEGRATE,TEST_EVOLUTION_0332_TRIGGER|_MISSING_INPUT|_SAVE_RELOAD,DPE拡張系統内で接続
333,654,SPECIES_KEY_BRAIXEN,テールナー,655,SPECIES_KEY_DELPHOX,マフォクシー,レベルアップ＋Lv.36以上,レベルアップ＋Lv.36以上（CFRU/DPEの対応トリガーを使用。通信・RTC必須にはしない）,LEVEL_OR_STANDARD,,NOT_APPLICABLE,yes,ROM_EDGE_EXISTS_FOR_COVERED_ROWS; MASTER_DESIGN_FOR_OTHER_ROWS,READY_TO_INTEGRATE,TEST_EVOLUTION_0333_TRIGGER|_MISSING_INPUT|_SAVE_RELOAD,DPE拡張系統内で接続
334,650,SPECIES_KEY_CHESPIN,ハリマロン,651,SPECIES_KEY_QUILLADIN,ハリボーグ,レベルアップ＋Lv.16以上,レベルアップ＋Lv.16以上（CFRU/DPEの対応トリガーを使用。通信・RTC必須にはしない）,LEVEL_OR_STANDARD,,NOT_APPLICABLE,yes,ROM_EDGE_EXISTS_FOR_COVERED_ROWS; MASTER_DESIGN_FOR_OTHER_ROWS,READY_TO_INTEGRATE,TEST_EVOLUTION_0334_TRIGGER|_MISSING_INPUT|_SAVE_RELOAD,DPE拡張系統内で接続
335,692,SPECIES_KEY_CLAUNCHER,ウデッポウ,693,SPECIES_KEY_CLAWITZER,ブロスター,レベルアップ＋Lv.37以上,レベルアップ＋Lv.37以上（CFRU/DPEの対応トリガーを使用。通信・RTC必須にはしない）,LEVEL_OR_STANDARD,,NOT_APPLICABLE,yes,ROM_EDGE_EXISTS_FOR_COVERED_ROWS; MASTER_DESIGN_FOR_OTHER_ROWS,READY_TO_INTEGRATE,TEST_EVOLUTION_0335_TRIGGER|_MISSING_INPUT|_SAVE_RELOAD,DPE拡張系統内で接続
336,651,SPECIES_KEY_QUILLADIN,ハリボーグ,652,SPECIES_KEY_CHESNAUGHT,ブリガロン,レベルアップ＋Lv.36以上,レベルアップ＋Lv.36以上（CFRU/DPEの対応トリガーを使用。通信・RTC必須にはしない）,LEVEL_OR_STANDARD,,NOT_APPLICABLE,yes,ROM_EDGE_EXISTS_FOR_COVERED_ROWS; MASTER_DESIGN_FOR_OTHER_ROWS,READY_TO_INTEGRATE,TEST_EVOLUTION_0336_TRIGGER|_MISSING_INPUT|_SAVE_RELOAD,DPE拡張系統内で接続
337,656,SPECIES_KEY_FROAKIE,ケロマツ,657,SPECIES_KEY_FROGADIER,ゲコガシラ,レベルアップ＋Lv.16以上,レベルアップ＋Lv.16以上（CFRU/DPEの対応トリガーを使用。通信・RTC必須にはしない）,LEVEL_OR_STANDARD,,NOT_APPLICABLE,yes,ROM_EDGE_EXISTS_FOR_COVERED_ROWS; MASTER_DESIGN_FOR_OTHER_ROWS,READY_TO_INTEGRATE,TEST_EVOLUTION_0337_TRIGGER|_MISSING_INPUT|_SAVE_RELOAD,DPE拡張系統内で接続
338,657,SPECIES_KEY_FROGADIER,ゲコガシラ,658,SPECIES_KEY_GRENINJA,ゲッコウガ,レベルアップ＋Lv.36以上,レベルアップ＋Lv.36以上（CFRU/DPEの対応トリガーを使用。通信・RTC必須にはしない）,LEVEL_OR_STANDARD,,NOT_APPLICABLE,yes,ROM_EDGE_EXISTS_FOR_COVERED_ROWS; MASTER_DESIGN_FOR_OTHER_ROWS,READY_TO_INTEGRATE,TEST_EVOLUTION_0338_TRIGGER|_MISSING_INPUT|_SAVE_RELOAD,DPE拡張系統内で接続
339,679,SPECIES_KEY_HONEDGE,ヒトツキ,680,SPECIES_KEY_DOUBLADE,ニダンギル,レベルアップ＋Lv.35以上,レベルアップ＋Lv.35以上（CFRU/DPEの対応トリガーを使用。通信・RTC必須にはしない）,LEVEL_OR_STANDARD,,NOT_APPLICABLE,yes,ROM_EDGE_EXISTS_FOR_COVERED_ROWS; MASTER_DESIGN_FOR_OTHER_ROWS,READY_TO_INTEGRATE,TEST_EVOLUTION_0339_TRIGGER|_MISSING_INPUT|_SAVE_RELOAD,DPE拡張系統内で接続
340,704,SPECIES_KEY_GOOMY,ヌメラ,705,SPECIES_KEY_SLIGGOO,ヌメイル,レベルアップ＋Lv.40以上,レベルアップ＋Lv.40以上（CFRU/DPEの対応トリガーを使用。通信・RTC必須にはしない）,LEVEL_OR_STANDARD,,NOT_APPLICABLE,yes,ROM_EDGE_EXISTS_FOR_COVERED_ROWS; MASTER_DESIGN_FOR_OTHER_ROWS,READY_TO_INTEGRATE,TEST_EVOLUTION_0340_TRIGGER|_MISSING_INPUT|_SAVE_RELOAD,DPE拡張系統内で接続
341,665,SPECIES_KEY_SPEWPA,コフーライ,666,SPECIES_KEY_VIVILLON,ビビヨン,レベルアップ＋Lv.12以上,レベルアップ＋Lv.12以上（CFRU/DPEの対応トリガーを使用。通信・RTC必須にはしない）,LEVEL_OR_STANDARD,,NOT_APPLICABLE,yes,ROM_EDGE_EXISTS_FOR_COVERED_ROWS; MASTER_DESIGN_FOR_OTHER_ROWS,READY_TO_INTEGRATE,TEST_EVOLUTION_0341_TRIGGER|_MISSING_INPUT|_SAVE_RELOAD,DPE拡張系統内で接続
342,664,SPECIES_KEY_SCATTERBUG,コフキムシ,665,SPECIES_KEY_SPEWPA,コフーライ,レベルアップ＋Lv.9以上,レベルアップ＋Lv.9以上（CFRU/DPEの対応トリガーを使用。通信・RTC必須にはしない）,LEVEL_OR_STANDARD,,NOT_APPLICABLE,yes,ROM_EDGE_EXISTS_FOR_COVERED_ROWS; MASTER_DESIGN_FOR_OTHER_ROWS,READY_TO_INTEGRATE,TEST_EVOLUTION_0342_TRIGGER|_MISSING_INPUT|_SAVE_RELOAD,DPE拡張系統内で接続
343,688,SPECIES_KEY_BINACLE,カメテテ,689,SPECIES_KEY_BARBARACLE,ガメノデス,レベルアップ＋Lv.39以上,レベルアップ＋Lv.39以上（CFRU/DPEの対応トリガーを使用。通信・RTC必須にはしない）,LEVEL_OR_STANDARD,,NOT_APPLICABLE,yes,ROM_EDGE_EXISTS_FOR_COVERED_ROWS; MASTER_DESIGN_FOR_OTHER_ROWS,READY_TO_INTEGRATE,TEST_EVOLUTION_0343_TRIGGER|_MISSING_INPUT|_SAVE_RELOAD,DPE拡張系統内で接続
344,710,SPECIES_KEY_PUMPKABOO,バケッチャ,711,SPECIES_KEY_GOURGEIST,パンプジン,通信交換,「つながりのヒモ」を使用。通信交換でも従来通り進化。,TRADE,EVENT_TRADE_EMULATOR_SERVICE,NOT_APPLICABLE,yes,ROM_EDGE_EXISTS_FOR_COVERED_ROWS; MASTER_DESIGN_FOR_OTHER_ROWS,EXACT_ROM_SUPPLY_AUDIT_REQUIRED,TEST_EVOLUTION_0344_TRIGGER|_MISSING_INPUT|_SAVE_RELOAD,DPE拡張系統内で接続
345,659,SPECIES_KEY_BUNNELBY,ホルビー,660,SPECIES_KEY_DIGGERSBY,ホルード,レベルアップ＋Lv.20以上,レベルアップ＋Lv.20以上（CFRU/DPEの対応トリガーを使用。通信・RTC必須にはしない）,LEVEL_OR_STANDARD,,NOT_APPLICABLE,yes,ROM_EDGE_EXISTS_FOR_COVERED_ROWS; MASTER_DESIGN_FOR_OTHER_ROWS,READY_TO_INTEGRATE,TEST_EVOLUTION_0345_TRIGGER|_MISSING_INPUT|_SAVE_RELOAD,DPE拡張系統内で接続
346,669,SPECIES_KEY_FLABEBE,フラベベ,670,SPECIES_KEY_FLOETTE,フラエッテ,レベルアップ＋Lv.19以上,レベルアップ＋Lv.19以上（CFRU/DPEの対応トリガーを使用。通信・RTC必須にはしない）,LEVEL_OR_STANDARD,,NOT_APPLICABLE,yes,ROM_EDGE_EXISTS_FOR_COVERED_ROWS; MASTER_DESIGN_FOR_OTHER_ROWS,READY_TO_INTEGRATE,TEST_EVOLUTION_0346_TRIGGER|_MISSING_INPUT|_SAVE_RELOAD,DPE拡張系統内で接続
347,670,SPECIES_KEY_FLOETTE,フラエッテ,671,SPECIES_KEY_FLORGES,フラージェス,道具使用＋ひかりのいしを使う,道具使用＋ひかりのいしを使う（CFRU/DPEの対応トリガーを使用。通信・RTC必須にはしない）,ITEM,SUPPLY_ITEM_CATALOG_AUDIT,NOT_APPLICABLE,yes,ROM_EDGE_EXISTS_FOR_COVERED_ROWS; MASTER_DESIGN_FOR_OTHER_ROWS,EXACT_ROM_SUPPLY_AUDIT_REQUIRED,TEST_EVOLUTION_0347_TRIGGER|_MISSING_INPUT|_SAVE_RELOAD,DPE拡張系統内で接続
348,680,SPECIES_KEY_DOUBLADE,ニダンギル,681,SPECIES_KEY_AEGISLASH,ギルガルド,道具使用＋やみのいしを使う,道具使用＋やみのいしを使う（CFRU/DPEの対応トリガーを使用。通信・RTC必須にはしない）,ITEM,SUPPLY_ITEM_CATALOG_AUDIT,NOT_APPLICABLE,yes,ROM_EDGE_EXISTS_FOR_COVERED_ROWS; MASTER_DESIGN_FOR_OTHER_ROWS,EXACT_ROM_SUPPLY_AUDIT_REQUIRED,TEST_EVOLUTION_0348_TRIGGER|_MISSING_INPUT|_SAVE_RELOAD,DPE拡張系統内で接続
349,674,SPECIES_KEY_PANCHAM,ヤンチャム,675,SPECIES_KEY_PANGORO,ゴロンダ,レベルアップ＋Lv.32以上＋手持ちにあくタイプ,レベルアップ＋Lv.32以上＋手持ちにあくタイプ（CFRU/DPEの対応トリガーを使用。通信・RTC必須にはしない）,PARTY_OR_FORM,SUPPLY_FORM_PARTY_CONDITION_AUDIT,NOT_APPLICABLE,yes,ROM_EDGE_EXISTS_FOR_COVERED_ROWS; MASTER_DESIGN_FOR_OTHER_ROWS,EXACT_ROM_SUPPLY_AUDIT_REQUIRED,TEST_EVOLUTION_0349_TRIGGER|_MISSING_INPUT|_SAVE_RELOAD,DPE拡張系統内で接続
350,684,SPECIES_KEY_SWIRLIX,ペロッパフ,685,SPECIES_KEY_SLURPUFF,ペロリーム,通信交換＋ホイップポップを持たせる,ホイップポップを持たせて「つながりのヒモ」を使用。NPC交換でも進化可。,TRADE|ITEM,EVENT_TRADE_EMULATOR_SERVICE|SUPPLY_ITEM_CATALOG_AUDIT,NOT_APPLICABLE,yes,ROM_EDGE_EXISTS_FOR_COVERED_ROWS; MASTER_DESIGN_FOR_OTHER_ROWS,EXACT_ROM_SUPPLY_AUDIT_REQUIRED,TEST_EVOLUTION_0350_TRIGGER|_MISSING_INPUT|_SAVE_RELOAD,DPE拡張系統内で接続
351,690,SPECIES_KEY_SKRELP,クズモー,691,SPECIES_KEY_DRAGALGE,ドラミドロ,レベルアップ＋Lv.48以上,レベルアップ＋Lv.48以上（CFRU/DPEの対応トリガーを使用。通信・RTC必須にはしない）,LEVEL_OR_STANDARD,,NOT_APPLICABLE,yes,ROM_EDGE_EXISTS_FOR_COVERED_ROWS; MASTER_DESIGN_FOR_OTHER_ROWS,READY_TO_INTEGRATE,TEST_EVOLUTION_0351_TRIGGER|_MISSING_INPUT|_SAVE_RELOAD,DPE拡張系統内で接続
352,696,SPECIES_KEY_TYRUNT,チゴラス,697,SPECIES_KEY_TYRANTRUM,ガチゴラス,レベルアップ＋Lv.39以上＋昼,レベルアップ＋Lv.39以上＋昼（CFRU/DPEの対応トリガーを使用。通信・RTC必須にはしない）,TIME,EVENT_ECOLOGY_RADAR_TIME_SERVICE,EVENT_ECOLOGY_RADAR_TIME_SERVICE,yes,ROM_EDGE_EXISTS_FOR_COVERED_ROWS; MASTER_DESIGN_FOR_OTHER_ROWS,EXACT_ROM_SUPPLY_AUDIT_REQUIRED,TEST_EVOLUTION_0352_TRIGGER|_MISSING_INPUT|_SAVE_RELOAD,DPE拡張系統内で接続
353,698,SPECIES_KEY_AMAURA,アマルス,699,SPECIES_KEY_AURORUS,アマルルガ,レベルアップ＋Lv.39以上＋夜,レベルアップ＋Lv.39以上＋夜（CFRU/DPEの対応トリガーを使用。通信・RTC必須にはしない）,TIME,EVENT_ECOLOGY_RADAR_TIME_SERVICE,EVENT_ECOLOGY_RADAR_TIME_SERVICE,yes,ROM_EDGE_EXISTS_FOR_COVERED_ROWS; MASTER_DESIGN_FOR_OTHER_ROWS,EXACT_ROM_SUPPLY_AUDIT_REQUIRED,TEST_EVOLUTION_0353_TRIGGER|_MISSING_INPUT|_SAVE_RELOAD,DPE拡張系統内で接続
354,712,SPECIES_KEY_BERGMITE,カチコール,713,SPECIES_KEY_AVALUGG,クレベース,レベルアップ＋Lv.37以上,レベルアップ＋Lv.37以上（CFRU/DPEの対応トリガーを使用。通信・RTC必須にはしない）,LEVEL_OR_STANDARD,,NOT_APPLICABLE,yes,ROM_EDGE_EXISTS_FOR_COVERED_ROWS; MASTER_DESIGN_FOR_OTHER_ROWS,READY_TO_INTEGRATE,TEST_EVOLUTION_0354_TRIGGER|_MISSING_INPUT|_SAVE_RELOAD,DPE拡張系統内で接続
355,694,SPECIES_KEY_HELIOPTILE,エリキテル,695,SPECIES_KEY_HELIOLISK,エレザード,道具使用＋たいようのいしを使う,道具使用＋たいようのいしを使う（CFRU/DPEの対応トリガーを使用。通信・RTC必須にはしない）,ITEM,SUPPLY_ITEM_CATALOG_AUDIT,NOT_APPLICABLE,yes,ROM_EDGE_EXISTS_FOR_COVERED_ROWS; MASTER_DESIGN_FOR_OTHER_ROWS,EXACT_ROM_SUPPLY_AUDIT_REQUIRED,TEST_EVOLUTION_0355_TRIGGER|_MISSING_INPUT|_SAVE_RELOAD,DPE拡張系統内で接続
356,667,SPECIES_KEY_LITLEO,シシコ,668,SPECIES_KEY_PYROAR,カエンジシ,レベルアップ＋Lv.35以上,レベルアップ＋Lv.35以上（CFRU/DPEの対応トリガーを使用。通信・RTC必須にはしない）,LEVEL_OR_STANDARD,,NOT_APPLICABLE,yes,ROM_EDGE_EXISTS_FOR_COVERED_ROWS; MASTER_DESIGN_FOR_OTHER_ROWS,READY_TO_INTEGRATE,TEST_EVOLUTION_0356_TRIGGER|_MISSING_INPUT|_SAVE_RELOAD,DPE拡張系統内で接続
357,672,SPECIES_KEY_SKIDDO,メェークル,673,SPECIES_KEY_GOGOAT,ゴーゴート,レベルアップ＋Lv.32以上,レベルアップ＋Lv.32以上（CFRU/DPEの対応トリガーを使用。通信・RTC必須にはしない）,LEVEL_OR_STANDARD,,NOT_APPLICABLE,yes,ROM_EDGE_EXISTS_FOR_COVERED_ROWS; MASTER_DESIGN_FOR_OTHER_ROWS,READY_TO_INTEGRATE,TEST_EVOLUTION_0357_TRIGGER|_MISSING_INPUT|_SAVE_RELOAD,DPE拡張系統内で接続
358,705,SPECIES_KEY_SLIGGOO,ヌメイル,706,SPECIES_KEY_GOODRA,ヌメルゴン,レベルアップ＋Lv.50以上＋フィールドが雨,雨天時にレベルアップ。RTC・天候固定が使えない場合は「あめのしずく」を使用。,LEVEL_OR_STANDARD,,NOT_APPLICABLE,yes,ROM_EDGE_EXISTS_FOR_COVERED_ROWS; MASTER_DESIGN_FOR_OTHER_ROWS,READY_TO_INTEGRATE,TEST_EVOLUTION_0358_TRIGGER|_MISSING_INPUT|_SAVE_RELOAD,DPE拡張系統内で接続
359,714,SPECIES_KEY_NOIBAT,オンバット,715,SPECIES_KEY_NOIVERN,オンバーン,レベルアップ＋Lv.48以上,レベルアップ＋Lv.48以上（CFRU/DPEの対応トリガーを使用。通信・RTC必須にはしない）,LEVEL_OR_STANDARD,,NOT_APPLICABLE,yes,ROM_EDGE_EXISTS_FOR_COVERED_ROWS; MASTER_DESIGN_FOR_OTHER_ROWS,READY_TO_INTEGRATE,TEST_EVOLUTION_0359_TRIGGER|_MISSING_INPUT|_SAVE_RELOAD,DPE拡張系統内で接続
360,677,SPECIES_KEY_ESPURR,ニャスパー,678,SPECIES_KEY_MEOWSTIC,ニャオニクス,レベルアップ＋Lv.25以上,レベルアップ＋Lv.25以上（CFRU/DPEの対応トリガーを使用。通信・RTC必須にはしない）,LEVEL_OR_STANDARD,,NOT_APPLICABLE,yes,ROM_EDGE_EXISTS_FOR_COVERED_ROWS; MASTER_DESIGN_FOR_OTHER_ROWS,READY_TO_INTEGRATE,TEST_EVOLUTION_0360_TRIGGER|_MISSING_INPUT|_SAVE_RELOAD,DPE拡張系統内で接続
361,133,SPECIES_KEY_EEVEE,イーブイ,700,SPECIES_KEY_SYLVEON,ニンフィア,レベルアップ＋なかよし度2以上＋フェアリー技を覚えている,なかよし度をなつき度220以上へ統合し、条件技を覚えた状態でレベルアップ。,FRIENDSHIP|MOVE,SUPPLY_FRIENDSHIP_SERVICES_EXISTING|HOST_MOVE_TUTOR,NOT_APPLICABLE,yes,ROM_EDGE_EXISTS_FOR_COVERED_ROWS; MASTER_DESIGN_FOR_OTHER_ROWS,EXACT_ROM_SUPPLY_AUDIT_REQUIRED,TEST_EVOLUTION_0361_TRIGGER|_MISSING_INPUT|_SAVE_RELOAD,DPE拡張系統内で接続
362,82,SPECIES_KEY_MAGNETON,レアコイル,462,SPECIES_KEY_MAGNEZONE,ジバコイル,レベルアップ＋指定場所ID 629,「じばのコア」を持たせてレベルアップ。かみなりのしま／D・H炉心でも可。,PLACE,SUPPLY_PLACE_OR_TOKEN_AUDIT,NOT_APPLICABLE,yes,ROM_EDGE_EXISTS_FOR_COVERED_ROWS; MASTER_DESIGN_FOR_OTHER_ROWS,EXACT_ROM_SUPPLY_AUDIT_REQUIRED,TEST_EVOLUTION_0362_TRIGGER|_MISSING_INPUT|_SAVE_RELOAD,既存ベガ種族IDを参照元にしたまま、新種族IDへ接続
363,133,SPECIES_KEY_EEVEE,イーブイ,470,SPECIES_KEY_LEAFEON,リーフィア,レベルアップ＋指定場所ID 650＋特殊な岩の近く,「コケのコア」を持たせて昼にレベルアップ。ハクジのもりでも可。,PLACE,SUPPLY_PLACE_OR_TOKEN_AUDIT,NOT_APPLICABLE,yes,ROM_EDGE_EXISTS_FOR_COVERED_ROWS; MASTER_DESIGN_FOR_OTHER_ROWS,EXACT_ROM_SUPPLY_AUDIT_REQUIRED,TEST_EVOLUTION_0363_TRIGGER|_MISSING_INPUT|_SAVE_RELOAD,DPE拡張系統内で接続
364,133,SPECIES_KEY_EEVEE,イーブイ,471,SPECIES_KEY_GLACEON,グレイシア,レベルアップ＋指定場所ID 640＋特殊な岩の近く,「こおりのコア」を持たせて夜にレベルアップ。こおりのしまでも可。,PLACE,SUPPLY_PLACE_OR_TOKEN_AUDIT,NOT_APPLICABLE,yes,ROM_EDGE_EXISTS_FOR_COVERED_ROWS; MASTER_DESIGN_FOR_OTHER_ROWS,EXACT_ROM_SUPPLY_AUDIT_REQUIRED,TEST_EVOLUTION_0364_TRIGGER|_MISSING_INPUT|_SAVE_RELOAD,DPE拡張系統内で接続
365,299,SPECIES_KEY_NOSEPASS,ノズパス,476,SPECIES_KEY_PROBOPASS,ダイノーズ,レベルアップ＋指定場所ID 629,「じばのコア」を持たせてレベルアップ。かみなりのしま／D・H炉心でも可。,PLACE,SUPPLY_PLACE_OR_TOKEN_AUDIT,NOT_APPLICABLE,yes,ROM_EDGE_EXISTS_FOR_COVERED_ROWS; MASTER_DESIGN_FOR_OTHER_ROWS,EXACT_ROM_SUPPLY_AUDIT_REQUIRED,TEST_EVOLUTION_0365_TRIGGER|_MISSING_INPUT|_SAVE_RELOAD,DPE拡張系統内で接続
366,82,SPECIES_KEY_MAGNETON,レアコイル,462,SPECIES_KEY_MAGNEZONE,ジバコイル,レベルアップ＋指定場所ID 771,「じばのコア」を持たせてレベルアップ。かみなりのしま／D・H炉心でも可。,PLACE,SUPPLY_PLACE_OR_TOKEN_AUDIT,NOT_APPLICABLE,yes,ROM_EDGE_EXISTS_FOR_COVERED_ROWS; MASTER_DESIGN_FOR_OTHER_ROWS,EXACT_ROM_SUPPLY_AUDIT_REQUIRED,TEST_EVOLUTION_0366_TRIGGER|_MISSING_INPUT|_SAVE_RELOAD,既存ベガ種族IDを参照元にしたまま、新種族IDへ接続
367,104,SPECIES_KEY_CUBONE,カラカラ,105,SPECIES_KEY_MAROWAK,ガラガラ,レベルアップ＋Lv.28以上＋夜,レベルアップ＋Lv.28以上＋夜（CFRU/DPEの対応トリガーを使用。通信・RTC必須にはしない）,TIME,EVENT_ECOLOGY_RADAR_TIME_SERVICE,EVENT_ECOLOGY_RADAR_TIME_SERVICE,yes,ROM_EDGE_EXISTS_FOR_COVERED_ROWS; MASTER_DESIGN_FOR_OTHER_ROWS,EXACT_ROM_SUPPLY_AUDIT_REQUIRED,TEST_EVOLUTION_0367_TRIGGER|_MISSING_INPUT|_SAVE_RELOAD,DPE拡張系統内で接続
368,82,SPECIES_KEY_MAGNETON,レアコイル,462,SPECIES_KEY_MAGNEZONE,ジバコイル,レベルアップ＋指定場所ID 789,「じばのコア」を持たせてレベルアップ。かみなりのしま／D・H炉心でも可。,PLACE,SUPPLY_PLACE_OR_TOKEN_AUDIT,NOT_APPLICABLE,yes,ROM_EDGE_EXISTS_FOR_COVERED_ROWS; MASTER_DESIGN_FOR_OTHER_ROWS,EXACT_ROM_SUPPLY_AUDIT_REQUIRED,TEST_EVOLUTION_0368_TRIGGER|_MISSING_INPUT|_SAVE_RELOAD,既存ベガ種族IDを参照元にしたまま、新種族IDへ接続
369,299,SPECIES_KEY_NOSEPASS,ノズパス,476,SPECIES_KEY_PROBOPASS,ダイノーズ,レベルアップ＋指定場所ID 771,「じばのコア」を持たせてレベルアップ。かみなりのしま／D・H炉心でも可。,PLACE,SUPPLY_PLACE_OR_TOKEN_AUDIT,NOT_APPLICABLE,yes,ROM_EDGE_EXISTS_FOR_COVERED_ROWS; MASTER_DESIGN_FOR_OTHER_ROWS,EXACT_ROM_SUPPLY_AUDIT_REQUIRED,TEST_EVOLUTION_0369_TRIGGER|_MISSING_INPUT|_SAVE_RELOAD,DPE拡張系統内で接続
370,299,SPECIES_KEY_NOSEPASS,ノズパス,476,SPECIES_KEY_PROBOPASS,ダイノーズ,レベルアップ＋指定場所ID 789,「じばのコア」を持たせてレベルアップ。かみなりのしま／D・H炉心でも可。,PLACE,SUPPLY_PLACE_OR_TOKEN_AUDIT,NOT_APPLICABLE,yes,ROM_EDGE_EXISTS_FOR_COVERED_ROWS; MASTER_DESIGN_FOR_OTHER_ROWS,EXACT_ROM_SUPPLY_AUDIT_REQUIRED,TEST_EVOLUTION_0370_TRIGGER|_MISSING_INPUT|_SAVE_RELOAD,DPE拡張系統内で接続
371,737,SPECIES_KEY_CHARJABUG,デンヂムシ,738,SPECIES_KEY_VIKAVOLT,クワガノン,レベルアップ＋指定場所ID 789,指定場所をトーホクの対応バイオームへ置換。場所依存を避ける救済用「フィールドコア」も用意。,PLACE,SUPPLY_PLACE_OR_TOKEN_AUDIT,NOT_APPLICABLE,yes,ROM_EDGE_EXISTS_FOR_COVERED_ROWS; MASTER_DESIGN_FOR_OTHER_ROWS,EXACT_ROM_SUPPLY_AUDIT_REQUIRED,TEST_EVOLUTION_0371_TRIGGER|_MISSING_INPUT|_SAVE_RELOAD,DPE拡張系統内で接続
373,722,SPECIES_KEY_ROWLET,モクロー,723,SPECIES_KEY_DARTRIX,フクスロー,レベルアップ＋Lv.17以上,レベルアップ＋Lv.17以上（CFRU/DPEの対応トリガーを使用。通信・RTC必須にはしない）,LEVEL_OR_STANDARD,,NOT_APPLICABLE,yes,ROM_EDGE_EXISTS_FOR_COVERED_ROWS; MASTER_DESIGN_FOR_OTHER_ROWS,READY_TO_INTEGRATE,TEST_EVOLUTION_0373_TRIGGER|_MISSING_INPUT|_SAVE_RELOAD,DPE拡張系統内で接続
374,723,SPECIES_KEY_DARTRIX,フクスロー,724,SPECIES_KEY_DECIDUEYE,ジュナイパー,レベルアップ＋Lv.34以上,レベルアップ＋Lv.34以上（CFRU/DPEの対応トリガーを使用。通信・RTC必須にはしない）,LEVEL_OR_STANDARD,,NOT_APPLICABLE,yes,ROM_EDGE_EXISTS_FOR_COVERED_ROWS; MASTER_DESIGN_FOR_OTHER_ROWS,READY_TO_INTEGRATE,TEST_EVOLUTION_0374_TRIGGER|_MISSING_INPUT|_SAVE_RELOAD,DPE拡張系統内で接続
375,725,SPECIES_KEY_LITTEN,ニャビー,726,SPECIES_KEY_TORRACAT,ニャヒート,レベルアップ＋Lv.17以上,レベルアップ＋Lv.17以上（CFRU/DPEの対応トリガーを使用。通信・RTC必須にはしない）,LEVEL_OR_STANDARD,,NOT_APPLICABLE,yes,ROM_EDGE_EXISTS_FOR_COVERED_ROWS; MASTER_DESIGN_FOR_OTHER_ROWS,READY_TO_INTEGRATE,TEST_EVOLUTION_0375_TRIGGER|_MISSING_INPUT|_SAVE_RELOAD,DPE拡張系統内で接続
376,726,SPECIES_KEY_TORRACAT,ニャヒート,727,SPECIES_KEY_INCINEROAR,ガオガエン,レベルアップ＋Lv.34以上,レベルアップ＋Lv.34以上（CFRU/DPEの対応トリガーを使用。通信・RTC必須にはしない）,LEVEL_OR_STANDARD,,NOT_APPLICABLE,yes,ROM_EDGE_EXISTS_FOR_COVERED_ROWS; MASTER_DESIGN_FOR_OTHER_ROWS,READY_TO_INTEGRATE,TEST_EVOLUTION_0376_TRIGGER|_MISSING_INPUT|_SAVE_RELOAD,DPE拡張系統内で接続
377,728,SPECIES_KEY_POPPLIO,アシマリ,729,SPECIES_KEY_BRIONNE,オシャマリ,レベルアップ＋Lv.17以上,レベルアップ＋Lv.17以上（CFRU/DPEの対応トリガーを使用。通信・RTC必須にはしない）,LEVEL_OR_STANDARD,,NOT_APPLICABLE,yes,ROM_EDGE_EXISTS_FOR_COVERED_ROWS; MASTER_DESIGN_FOR_OTHER_ROWS,READY_TO_INTEGRATE,TEST_EVOLUTION_0377_TRIGGER|_MISSING_INPUT|_SAVE_RELOAD,DPE拡張系統内で接続
378,729,SPECIES_KEY_BRIONNE,オシャマリ,730,SPECIES_KEY_PRIMARINA,アシレーヌ,レベルアップ＋Lv.34以上,レベルアップ＋Lv.34以上（CFRU/DPEの対応トリガーを使用。通信・RTC必須にはしない）,LEVEL_OR_STANDARD,,NOT_APPLICABLE,yes,ROM_EDGE_EXISTS_FOR_COVERED_ROWS; MASTER_DESIGN_FOR_OTHER_ROWS,READY_TO_INTEGRATE,TEST_EVOLUTION_0378_TRIGGER|_MISSING_INPUT|_SAVE_RELOAD,DPE拡張系統内で接続
379,731,SPECIES_KEY_PIKIPEK,ツツケラ,732,SPECIES_KEY_TRUMBEAK,ケララッパ,レベルアップ＋Lv.14以上,レベルアップ＋Lv.14以上（CFRU/DPEの対応トリガーを使用。通信・RTC必須にはしない）,LEVEL_OR_STANDARD,,NOT_APPLICABLE,yes,ROM_EDGE_EXISTS_FOR_COVERED_ROWS; MASTER_DESIGN_FOR_OTHER_ROWS,READY_TO_INTEGRATE,TEST_EVOLUTION_0379_TRIGGER|_MISSING_INPUT|_SAVE_RELOAD,DPE拡張系統内で接続
380,732,SPECIES_KEY_TRUMBEAK,ケララッパ,733,SPECIES_KEY_TOUCANNON,ドデカバシ,レベルアップ＋Lv.28以上,レベルアップ＋Lv.28以上（CFRU/DPEの対応トリガーを使用。通信・RTC必須にはしない）,LEVEL_OR_STANDARD,,NOT_APPLICABLE,yes,ROM_EDGE_EXISTS_FOR_COVERED_ROWS; MASTER_DESIGN_FOR_OTHER_ROWS,READY_TO_INTEGRATE,TEST_EVOLUTION_0380_TRIGGER|_MISSING_INPUT|_SAVE_RELOAD,DPE拡張系統内で接続
381,734,SPECIES_KEY_YUNGOOS,ヤングース,735,SPECIES_KEY_GUMSHOOS,デカグース,レベルアップ＋Lv.20以上＋昼,レベルアップ＋Lv.20以上＋昼（CFRU/DPEの対応トリガーを使用。通信・RTC必須にはしない）,TIME,EVENT_ECOLOGY_RADAR_TIME_SERVICE,EVENT_ECOLOGY_RADAR_TIME_SERVICE,yes,ROM_EDGE_EXISTS_FOR_COVERED_ROWS; MASTER_DESIGN_FOR_OTHER_ROWS,EXACT_ROM_SUPPLY_AUDIT_REQUIRED,TEST_EVOLUTION_0381_TRIGGER|_MISSING_INPUT|_SAVE_RELOAD,DPE拡張系統内で接続
382,736,SPECIES_KEY_GRUBBIN,アゴジムシ,737,SPECIES_KEY_CHARJABUG,デンヂムシ,レベルアップ＋Lv.20以上,レベルアップ＋Lv.20以上（CFRU/DPEの対応トリガーを使用。通信・RTC必須にはしない）,LEVEL_OR_STANDARD,,NOT_APPLICABLE,yes,ROM_EDGE_EXISTS_FOR_COVERED_ROWS; MASTER_DESIGN_FOR_OTHER_ROWS,READY_TO_INTEGRATE,TEST_EVOLUTION_0382_TRIGGER|_MISSING_INPUT|_SAVE_RELOAD,DPE拡張系統内で接続
383,737,SPECIES_KEY_CHARJABUG,デンヂムシ,738,SPECIES_KEY_VIKAVOLT,クワガノン,レベルアップ＋指定場所ID 771,指定場所をトーホクの対応バイオームへ置換。場所依存を避ける救済用「フィールドコア」も用意。,PLACE,SUPPLY_PLACE_OR_TOKEN_AUDIT,NOT_APPLICABLE,yes,ROM_EDGE_EXISTS_FOR_COVERED_ROWS; MASTER_DESIGN_FOR_OTHER_ROWS,EXACT_ROM_SUPPLY_AUDIT_REQUIRED,TEST_EVOLUTION_0383_TRIGGER|_MISSING_INPUT|_SAVE_RELOAD,DPE拡張系統内で接続
384,739,SPECIES_KEY_CRABRAWLER,マケンカニ,740,SPECIES_KEY_CRABOMINABLE,ケケンカニ,レベルアップ＋指定場所ID 775,指定場所をトーホクの対応バイオームへ置換。場所依存を避ける救済用「フィールドコア」も用意。,PLACE,SUPPLY_PLACE_OR_TOKEN_AUDIT,NOT_APPLICABLE,yes,ROM_EDGE_EXISTS_FOR_COVERED_ROWS; MASTER_DESIGN_FOR_OTHER_ROWS,EXACT_ROM_SUPPLY_AUDIT_REQUIRED,TEST_EVOLUTION_0384_TRIGGER|_MISSING_INPUT|_SAVE_RELOAD,DPE拡張系統内で接続
385,742,SPECIES_KEY_CUTIEFLY,アブリー,743,SPECIES_KEY_RIBOMBEE,アブリボン,レベルアップ＋Lv.25以上,レベルアップ＋Lv.25以上（CFRU/DPEの対応トリガーを使用。通信・RTC必須にはしない）,LEVEL_OR_STANDARD,,NOT_APPLICABLE,yes,ROM_EDGE_EXISTS_FOR_COVERED_ROWS; MASTER_DESIGN_FOR_OTHER_ROWS,READY_TO_INTEGRATE,TEST_EVOLUTION_0385_TRIGGER|_MISSING_INPUT|_SAVE_RELOAD,DPE拡張系統内で接続
386,744,SPECIES_KEY_ROCKRUFF,イワンコ,745,SPECIES_KEY_LYCANROC,ルガルガン,レベルアップ＋Lv.25以上＋昼,レベルアップ＋Lv.25以上＋昼（CFRU/DPEの対応トリガーを使用。通信・RTC必須にはしない）,TIME,EVENT_ECOLOGY_RADAR_TIME_SERVICE,EVENT_ECOLOGY_RADAR_TIME_SERVICE,yes,ROM_EDGE_EXISTS_FOR_COVERED_ROWS; MASTER_DESIGN_FOR_OTHER_ROWS,EXACT_ROM_SUPPLY_AUDIT_REQUIRED,TEST_EVOLUTION_0386_TRIGGER|_MISSING_INPUT|_SAVE_RELOAD,DPE拡張系統内で接続
387,744,SPECIES_KEY_ROCKRUFF,イワンコ,745,SPECIES_KEY_LYCANROC,ルガルガン,レベルアップ＋Lv.25以上＋夜,レベルアップ＋Lv.25以上＋夜（CFRU/DPEの対応トリガーを使用。通信・RTC必須にはしない）,TIME,EVENT_ECOLOGY_RADAR_TIME_SERVICE,EVENT_ECOLOGY_RADAR_TIME_SERVICE,yes,ROM_EDGE_EXISTS_FOR_COVERED_ROWS; MASTER_DESIGN_FOR_OTHER_ROWS,EXACT_ROM_SUPPLY_AUDIT_REQUIRED,TEST_EVOLUTION_0387_TRIGGER|_MISSING_INPUT|_SAVE_RELOAD,DPE拡張系統内で接続
388,747,SPECIES_KEY_MAREANIE,ヒドイデ,748,SPECIES_KEY_TOXAPEX,ドヒドイデ,レベルアップ＋Lv.38以上,レベルアップ＋Lv.38以上（CFRU/DPEの対応トリガーを使用。通信・RTC必須にはしない）,LEVEL_OR_STANDARD,,NOT_APPLICABLE,yes,ROM_EDGE_EXISTS_FOR_COVERED_ROWS; MASTER_DESIGN_FOR_OTHER_ROWS,READY_TO_INTEGRATE,TEST_EVOLUTION_0388_TRIGGER|_MISSING_INPUT|_SAVE_RELOAD,DPE拡張系統内で接続
389,749,SPECIES_KEY_MUDBRAY,ドロバンコ,750,SPECIES_KEY_MUDSDALE,バンバドロ,レベルアップ＋Lv.30以上,レベルアップ＋Lv.30以上（CFRU/DPEの対応トリガーを使用。通信・RTC必須にはしない）,LEVEL_OR_STANDARD,,NOT_APPLICABLE,yes,ROM_EDGE_EXISTS_FOR_COVERED_ROWS; MASTER_DESIGN_FOR_OTHER_ROWS,READY_TO_INTEGRATE,TEST_EVOLUTION_0389_TRIGGER|_MISSING_INPUT|_SAVE_RELOAD,DPE拡張系統内で接続
390,751,SPECIES_KEY_DEWPIDER,シズクモ,752,SPECIES_KEY_ARAQUANID,オニシズクモ,レベルアップ＋Lv.22以上,レベルアップ＋Lv.22以上（CFRU/DPEの対応トリガーを使用。通信・RTC必須にはしない）,LEVEL_OR_STANDARD,,NOT_APPLICABLE,yes,ROM_EDGE_EXISTS_FOR_COVERED_ROWS; MASTER_DESIGN_FOR_OTHER_ROWS,READY_TO_INTEGRATE,TEST_EVOLUTION_0390_TRIGGER|_MISSING_INPUT|_SAVE_RELOAD,DPE拡張系統内で接続
391,753,SPECIES_KEY_FOMANTIS,カリキリ,754,SPECIES_KEY_LURANTIS,ラランテス,レベルアップ＋Lv.34以上＋昼,レベルアップ＋Lv.34以上＋昼（CFRU/DPEの対応トリガーを使用。通信・RTC必須にはしない）,TIME,EVENT_ECOLOGY_RADAR_TIME_SERVICE,EVENT_ECOLOGY_RADAR_TIME_SERVICE,yes,ROM_EDGE_EXISTS_FOR_COVERED_ROWS; MASTER_DESIGN_FOR_OTHER_ROWS,EXACT_ROM_SUPPLY_AUDIT_REQUIRED,TEST_EVOLUTION_0391_TRIGGER|_MISSING_INPUT|_SAVE_RELOAD,DPE拡張系統内で接続
392,755,SPECIES_KEY_MORELULL,ネマシュ,756,SPECIES_KEY_SHIINOTIC,マシェード,レベルアップ＋Lv.24以上,レベルアップ＋Lv.24以上（CFRU/DPEの対応トリガーを使用。通信・RTC必須にはしない）,LEVEL_OR_STANDARD,,NOT_APPLICABLE,yes,ROM_EDGE_EXISTS_FOR_COVERED_ROWS; MASTER_DESIGN_FOR_OTHER_ROWS,READY_TO_INTEGRATE,TEST_EVOLUTION_0392_TRIGGER|_MISSING_INPUT|_SAVE_RELOAD,DPE拡張系統内で接続
393,757,SPECIES_KEY_SALANDIT,ヤトウモリ,758,SPECIES_KEY_SALAZZLE,エンニュート,レベルアップ＋Lv.33以上＋♀,レベルアップ＋Lv.33以上＋♀（CFRU/DPEの対応トリガーを使用。通信・RTC必須にはしない）,LEVEL_OR_STANDARD,,NOT_APPLICABLE,yes,ROM_EDGE_EXISTS_FOR_COVERED_ROWS; MASTER_DESIGN_FOR_OTHER_ROWS,READY_TO_INTEGRATE,TEST_EVOLUTION_0393_TRIGGER|_MISSING_INPUT|_SAVE_RELOAD,DPE拡張系統内で接続
394,759,SPECIES_KEY_STUFFUL,ヌイコグマ,760,SPECIES_KEY_BEWEAR,キテルグマ,レベルアップ＋Lv.27以上,レベルアップ＋Lv.27以上（CFRU/DPEの対応トリガーを使用。通信・RTC必須にはしない）,LEVEL_OR_STANDARD,,NOT_APPLICABLE,yes,ROM_EDGE_EXISTS_FOR_COVERED_ROWS; MASTER_DESIGN_FOR_OTHER_ROWS,READY_TO_INTEGRATE,TEST_EVOLUTION_0394_TRIGGER|_MISSING_INPUT|_SAVE_RELOAD,DPE拡張系統内で接続
395,761,SPECIES_KEY_BOUNSWEET,アマカジ,762,SPECIES_KEY_STEENEE,アママイコ,レベルアップ＋Lv.18以上,レベルアップ＋Lv.18以上（CFRU/DPEの対応トリガーを使用。通信・RTC必須にはしない）,LEVEL_OR_STANDARD,,NOT_APPLICABLE,yes,ROM_EDGE_EXISTS_FOR_COVERED_ROWS; MASTER_DESIGN_FOR_OTHER_ROWS,READY_TO_INTEGRATE,TEST_EVOLUTION_0395_TRIGGER|_MISSING_INPUT|_SAVE_RELOAD,DPE拡張系統内で接続
396,762,SPECIES_KEY_STEENEE,アママイコ,763,SPECIES_KEY_TSAREENA,アマージョ,レベルアップ＋ふみつけを覚えている,レベルアップ＋ふみつけを覚えている（CFRU/DPEの対応トリガーを使用。通信・RTC必須にはしない）,MOVE,HOST_MOVE_TUTOR,NOT_APPLICABLE,yes,ROM_EDGE_EXISTS_FOR_COVERED_ROWS; MASTER_DESIGN_FOR_OTHER_ROWS,EXACT_ROM_SUPPLY_AUDIT_REQUIRED,TEST_EVOLUTION_0396_TRIGGER|_MISSING_INPUT|_SAVE_RELOAD,DPE拡張系統内で接続
397,767,SPECIES_KEY_WIMPOD,コソクムシ,768,SPECIES_KEY_GOLISOPOD,グソクムシャ,レベルアップ＋Lv.30以上,レベルアップ＋Lv.30以上（CFRU/DPEの対応トリガーを使用。通信・RTC必須にはしない）,LEVEL_OR_STANDARD,,NOT_APPLICABLE,yes,ROM_EDGE_EXISTS_FOR_COVERED_ROWS; MASTER_DESIGN_FOR_OTHER_ROWS,READY_TO_INTEGRATE,TEST_EVOLUTION_0397_TRIGGER|_MISSING_INPUT|_SAVE_RELOAD,DPE拡張系統内で接続
398,769,SPECIES_KEY_SANDYGAST,スナバァ,770,SPECIES_KEY_PALOSSAND,シロデスナ,レベルアップ＋Lv.42以上,レベルアップ＋Lv.42以上（CFRU/DPEの対応トリガーを使用。通信・RTC必須にはしない）,LEVEL_OR_STANDARD,,NOT_APPLICABLE,yes,ROM_EDGE_EXISTS_FOR_COVERED_ROWS; MASTER_DESIGN_FOR_OTHER_ROWS,READY_TO_INTEGRATE,TEST_EVOLUTION_0398_TRIGGER|_MISSING_INPUT|_SAVE_RELOAD,DPE拡張系統内で接続
399,772,SPECIES_KEY_TYPE_NULL,タイプ：ヌル,773,SPECIES_KEY_SILVALLY,シルヴァディ,レベルアップ＋なつき度160以上,レベルアップ＋なつき度160以上（CFRU/DPEの対応トリガーを使用。通信・RTC必須にはしない）,FRIENDSHIP,SUPPLY_FRIENDSHIP_SERVICES_EXISTING,NOT_APPLICABLE,yes,ROM_EDGE_EXISTS_FOR_COVERED_ROWS; MASTER_DESIGN_FOR_OTHER_ROWS,EXACT_ROM_SUPPLY_AUDIT_REQUIRED,TEST_EVOLUTION_0399_TRIGGER|_MISSING_INPUT|_SAVE_RELOAD,DPE拡張系統内で接続
400,782,SPECIES_KEY_JANGMO_O,ジャラコ,783,SPECIES_KEY_HAKAMO_O,ジャランゴ,レベルアップ＋Lv.35以上,レベルアップ＋Lv.35以上（CFRU/DPEの対応トリガーを使用。通信・RTC必須にはしない）,LEVEL_OR_STANDARD,,NOT_APPLICABLE,yes,ROM_EDGE_EXISTS_FOR_COVERED_ROWS; MASTER_DESIGN_FOR_OTHER_ROWS,READY_TO_INTEGRATE,TEST_EVOLUTION_0400_TRIGGER|_MISSING_INPUT|_SAVE_RELOAD,DPE拡張系統内で接続
401,783,SPECIES_KEY_HAKAMO_O,ジャランゴ,784,SPECIES_KEY_KOMMO_O,ジャラランガ,レベルアップ＋Lv.45以上,レベルアップ＋Lv.45以上（CFRU/DPEの対応トリガーを使用。通信・RTC必須にはしない）,LEVEL_OR_STANDARD,,NOT_APPLICABLE,yes,ROM_EDGE_EXISTS_FOR_COVERED_ROWS; MASTER_DESIGN_FOR_OTHER_ROWS,READY_TO_INTEGRATE,TEST_EVOLUTION_0401_TRIGGER|_MISSING_INPUT|_SAVE_RELOAD,DPE拡張系統内で接続
402,789,SPECIES_KEY_COSMOG,コスモッグ,790,SPECIES_KEY_COSMOEM,コスモウム,レベルアップ＋Lv.43以上,レベルアップ＋Lv.43以上（CFRU/DPEの対応トリガーを使用。通信・RTC必須にはしない）,LEVEL_OR_STANDARD,,NOT_APPLICABLE,yes,ROM_EDGE_EXISTS_FOR_COVERED_ROWS; MASTER_DESIGN_FOR_OTHER_ROWS,READY_TO_INTEGRATE,TEST_EVOLUTION_0402_TRIGGER|_MISSING_INPUT|_SAVE_RELOAD,DPE拡張系統内で接続
403,790,SPECIES_KEY_COSMOEM,コスモウム,791,SPECIES_KEY_SOLGALEO,ソルガレオ,レベルアップ＋Lv.53以上,レベルアップ＋Lv.53以上（CFRU/DPEの対応トリガーを使用。通信・RTC必須にはしない）,LEVEL_OR_STANDARD,,NOT_APPLICABLE,yes,ROM_EDGE_EXISTS_FOR_COVERED_ROWS; MASTER_DESIGN_FOR_OTHER_ROWS,READY_TO_INTEGRATE,TEST_EVOLUTION_0403_TRIGGER|_MISSING_INPUT|_SAVE_RELOAD,DPE拡張系統内で接続
404,790,SPECIES_KEY_COSMOEM,コスモウム,792,SPECIES_KEY_LUNALA,ルナアーラ,レベルアップ＋Lv.53以上,レベルアップ＋Lv.53以上（CFRU/DPEの対応トリガーを使用。通信・RTC必須にはしない）,LEVEL_OR_STANDARD,,NOT_APPLICABLE,yes,ROM_EDGE_EXISTS_FOR_COVERED_ROWS; MASTER_DESIGN_FOR_OTHER_ROWS,READY_TO_INTEGRATE,TEST_EVOLUTION_0404_TRIGGER|_MISSING_INPUT|_SAVE_RELOAD,DPE拡張系統内で接続
405,803,SPECIES_KEY_POIPOLE,ベベノム,804,SPECIES_KEY_NAGANADEL,アーゴヨン,レベルアップ＋りゅうのはどうを覚えている,レベルアップ＋りゅうのはどうを覚えている（CFRU/DPEの対応トリガーを使用。通信・RTC必須にはしない）,MOVE,HOST_MOVE_TUTOR,NOT_APPLICABLE,yes,ROM_EDGE_EXISTS_FOR_COVERED_ROWS; MASTER_DESIGN_FOR_OTHER_ROWS,EXACT_ROM_SUPPLY_AUDIT_REQUIRED,TEST_EVOLUTION_0405_TRIGGER|_MISSING_INPUT|_SAVE_RELOAD,DPE拡張系統内で接続
406,82,SPECIES_KEY_MAGNETON,レアコイル,462,SPECIES_KEY_MAGNEZONE,ジバコイル,道具使用＋かみなりのいしを使う,道具使用＋かみなりのいしを使う（CFRU/DPEの対応トリガーを使用。通信・RTC必須にはしない）,ITEM,SUPPLY_ITEM_CATALOG_AUDIT,NOT_APPLICABLE,yes,ROM_EDGE_EXISTS_FOR_COVERED_ROWS; MASTER_DESIGN_FOR_OTHER_ROWS,EXACT_ROM_SUPPLY_AUDIT_REQUIRED,TEST_EVOLUTION_0406_TRIGGER|_MISSING_INPUT|_SAVE_RELOAD,既存ベガ種族IDを参照元にしたまま、新種族IDへ接続
407,133,SPECIES_KEY_EEVEE,イーブイ,470,SPECIES_KEY_LEAFEON,リーフィア,道具使用＋リーフのいしを使う,道具使用＋リーフのいしを使う（CFRU/DPEの対応トリガーを使用。通信・RTC必須にはしない）,ITEM,SUPPLY_ITEM_CATALOG_AUDIT,NOT_APPLICABLE,yes,ROM_EDGE_EXISTS_FOR_COVERED_ROWS; MASTER_DESIGN_FOR_OTHER_ROWS,EXACT_ROM_SUPPLY_AUDIT_REQUIRED,TEST_EVOLUTION_0407_TRIGGER|_MISSING_INPUT|_SAVE_RELOAD,DPE拡張系統内で接続
408,133,SPECIES_KEY_EEVEE,イーブイ,471,SPECIES_KEY_GLACEON,グレイシア,道具使用＋こおりのいしを使う,道具使用＋こおりのいしを使う（CFRU/DPEの対応トリガーを使用。通信・RTC必須にはしない）,ITEM,SUPPLY_ITEM_CATALOG_AUDIT,NOT_APPLICABLE,yes,ROM_EDGE_EXISTS_FOR_COVERED_ROWS; MASTER_DESIGN_FOR_OTHER_ROWS,EXACT_ROM_SUPPLY_AUDIT_REQUIRED,TEST_EVOLUTION_0408_TRIGGER|_MISSING_INPUT|_SAVE_RELOAD,DPE拡張系統内で接続
409,133,SPECIES_KEY_EEVEE,イーブイ,700,SPECIES_KEY_SYLVEON,ニンフィア,レベルアップ＋なつき度160以上＋フェアリー技を覚えている,レベルアップ＋なつき度160以上＋フェアリー技を覚えている（CFRU/DPEの対応トリガーを使用。通信・RTC必須にはしない）,FRIENDSHIP|MOVE,SUPPLY_FRIENDSHIP_SERVICES_EXISTING|HOST_MOVE_TUTOR,NOT_APPLICABLE,yes,ROM_EDGE_EXISTS_FOR_COVERED_ROWS; MASTER_DESIGN_FOR_OTHER_ROWS,EXACT_ROM_SUPPLY_AUDIT_REQUIRED,TEST_EVOLUTION_0409_TRIGGER|_MISSING_INPUT|_SAVE_RELOAD,DPE拡張系統内で接続
410,737,SPECIES_KEY_CHARJABUG,デンヂムシ,738,SPECIES_KEY_VIKAVOLT,クワガノン,道具使用＋かみなりのいしを使う,道具使用＋かみなりのいしを使う（CFRU/DPEの対応トリガーを使用。通信・RTC必須にはしない）,ITEM,SUPPLY_ITEM_CATALOG_AUDIT,NOT_APPLICABLE,yes,ROM_EDGE_EXISTS_FOR_COVERED_ROWS; MASTER_DESIGN_FOR_OTHER_ROWS,EXACT_ROM_SUPPLY_AUDIT_REQUIRED,TEST_EVOLUTION_0410_TRIGGER|_MISSING_INPUT|_SAVE_RELOAD,DPE拡張系統内で接続
411,810,SPECIES_KEY_GROOKEY,サルノリ,811,SPECIES_KEY_THWACKEY,バチンキー,レベルアップ＋Lv.16以上,レベルアップ＋Lv.16以上（CFRU/DPEの対応トリガーを使用。通信・RTC必須にはしない）,LEVEL_OR_STANDARD,,NOT_APPLICABLE,yes,ROM_EDGE_EXISTS_FOR_COVERED_ROWS; MASTER_DESIGN_FOR_OTHER_ROWS,READY_TO_INTEGRATE,TEST_EVOLUTION_0411_TRIGGER|_MISSING_INPUT|_SAVE_RELOAD,DPE拡張系統内で接続
412,811,SPECIES_KEY_THWACKEY,バチンキー,812,SPECIES_KEY_RILLABOOM,ゴリランダー,レベルアップ＋Lv.35以上,レベルアップ＋Lv.35以上（CFRU/DPEの対応トリガーを使用。通信・RTC必須にはしない）,LEVEL_OR_STANDARD,,NOT_APPLICABLE,yes,ROM_EDGE_EXISTS_FOR_COVERED_ROWS; MASTER_DESIGN_FOR_OTHER_ROWS,READY_TO_INTEGRATE,TEST_EVOLUTION_0412_TRIGGER|_MISSING_INPUT|_SAVE_RELOAD,DPE拡張系統内で接続
413,813,SPECIES_KEY_SCORBUNNY,ヒバニー,814,SPECIES_KEY_RABOOT,ラビフット,レベルアップ＋Lv.16以上,レベルアップ＋Lv.16以上（CFRU/DPEの対応トリガーを使用。通信・RTC必須にはしない）,LEVEL_OR_STANDARD,,NOT_APPLICABLE,yes,ROM_EDGE_EXISTS_FOR_COVERED_ROWS; MASTER_DESIGN_FOR_OTHER_ROWS,READY_TO_INTEGRATE,TEST_EVOLUTION_0413_TRIGGER|_MISSING_INPUT|_SAVE_RELOAD,DPE拡張系統内で接続
414,814,SPECIES_KEY_RABOOT,ラビフット,815,SPECIES_KEY_CINDERACE,エースバーン,レベルアップ＋Lv.35以上,レベルアップ＋Lv.35以上（CFRU/DPEの対応トリガーを使用。通信・RTC必須にはしない）,LEVEL_OR_STANDARD,,NOT_APPLICABLE,yes,ROM_EDGE_EXISTS_FOR_COVERED_ROWS; MASTER_DESIGN_FOR_OTHER_ROWS,READY_TO_INTEGRATE,TEST_EVOLUTION_0414_TRIGGER|_MISSING_INPUT|_SAVE_RELOAD,DPE拡張系統内で接続
415,816,SPECIES_KEY_SOBBLE,メッソン,817,SPECIES_KEY_DRIZZILE,ジメレオン,レベルアップ＋Lv.16以上,レベルアップ＋Lv.16以上（CFRU/DPEの対応トリガーを使用。通信・RTC必須にはしない）,LEVEL_OR_STANDARD,,NOT_APPLICABLE,yes,ROM_EDGE_EXISTS_FOR_COVERED_ROWS; MASTER_DESIGN_FOR_OTHER_ROWS,READY_TO_INTEGRATE,TEST_EVOLUTION_0415_TRIGGER|_MISSING_INPUT|_SAVE_RELOAD,DPE拡張系統内で接続
416,817,SPECIES_KEY_DRIZZILE,ジメレオン,818,SPECIES_KEY_INTELEON,インテレオン,レベルアップ＋Lv.35以上,レベルアップ＋Lv.35以上（CFRU/DPEの対応トリガーを使用。通信・RTC必須にはしない）,LEVEL_OR_STANDARD,,NOT_APPLICABLE,yes,ROM_EDGE_EXISTS_FOR_COVERED_ROWS; MASTER_DESIGN_FOR_OTHER_ROWS,READY_TO_INTEGRATE,TEST_EVOLUTION_0416_TRIGGER|_MISSING_INPUT|_SAVE_RELOAD,DPE拡張系統内で接続
417,819,SPECIES_KEY_SKWOVET,ホシガリス,820,SPECIES_KEY_GREEDENT,ヨクバリス,レベルアップ＋Lv.24以上,レベルアップ＋Lv.24以上（CFRU/DPEの対応トリガーを使用。通信・RTC必須にはしない）,LEVEL_OR_STANDARD,,NOT_APPLICABLE,yes,ROM_EDGE_EXISTS_FOR_COVERED_ROWS; MASTER_DESIGN_FOR_OTHER_ROWS,READY_TO_INTEGRATE,TEST_EVOLUTION_0417_TRIGGER|_MISSING_INPUT|_SAVE_RELOAD,DPE拡張系統内で接続
418,821,SPECIES_KEY_ROOKIDEE,ココガラ,822,SPECIES_KEY_CORVISQUIRE,アオガラス,レベルアップ＋Lv.18以上,レベルアップ＋Lv.18以上（CFRU/DPEの対応トリガーを使用。通信・RTC必須にはしない）,LEVEL_OR_STANDARD,,NOT_APPLICABLE,yes,ROM_EDGE_EXISTS_FOR_COVERED_ROWS; MASTER_DESIGN_FOR_OTHER_ROWS,READY_TO_INTEGRATE,TEST_EVOLUTION_0418_TRIGGER|_MISSING_INPUT|_SAVE_RELOAD,DPE拡張系統内で接続
419,822,SPECIES_KEY_CORVISQUIRE,アオガラス,823,SPECIES_KEY_CORVIKNIGHT,アーマーガア,レベルアップ＋Lv.38以上,レベルアップ＋Lv.38以上（CFRU/DPEの対応トリガーを使用。通信・RTC必須にはしない）,LEVEL_OR_STANDARD,,NOT_APPLICABLE,yes,ROM_EDGE_EXISTS_FOR_COVERED_ROWS; MASTER_DESIGN_FOR_OTHER_ROWS,READY_TO_INTEGRATE,TEST_EVOLUTION_0419_TRIGGER|_MISSING_INPUT|_SAVE_RELOAD,DPE拡張系統内で接続
420,824,SPECIES_KEY_BLIPBUG,サッチムシ,825,SPECIES_KEY_DOTTLER,レドームシ,レベルアップ＋Lv.10以上,レベルアップ＋Lv.10以上（CFRU/DPEの対応トリガーを使用。通信・RTC必須にはしない）,LEVEL_OR_STANDARD,,NOT_APPLICABLE,yes,ROM_EDGE_EXISTS_FOR_COVERED_ROWS; MASTER_DESIGN_FOR_OTHER_ROWS,READY_TO_INTEGRATE,TEST_EVOLUTION_0420_TRIGGER|_MISSING_INPUT|_SAVE_RELOAD,DPE拡張系統内で接続
421,825,SPECIES_KEY_DOTTLER,レドームシ,826,SPECIES_KEY_ORBEETLE,イオルブ,レベルアップ＋Lv.30以上,レベルアップ＋Lv.30以上（CFRU/DPEの対応トリガーを使用。通信・RTC必須にはしない）,LEVEL_OR_STANDARD,,NOT_APPLICABLE,yes,ROM_EDGE_EXISTS_FOR_COVERED_ROWS; MASTER_DESIGN_FOR_OTHER_ROWS,READY_TO_INTEGRATE,TEST_EVOLUTION_0421_TRIGGER|_MISSING_INPUT|_SAVE_RELOAD,DPE拡張系統内で接続
422,827,SPECIES_KEY_NICKIT,クスネ,828,SPECIES_KEY_THIEVUL,フォクスライ,レベルアップ＋Lv.18以上,レベルアップ＋Lv.18以上（CFRU/DPEの対応トリガーを使用。通信・RTC必須にはしない）,LEVEL_OR_STANDARD,,NOT_APPLICABLE,yes,ROM_EDGE_EXISTS_FOR_COVERED_ROWS; MASTER_DESIGN_FOR_OTHER_ROWS,READY_TO_INTEGRATE,TEST_EVOLUTION_0422_TRIGGER|_MISSING_INPUT|_SAVE_RELOAD,DPE拡張系統内で接続
423,829,SPECIES_KEY_GOSSIFLEUR,ヒメンカ,830,SPECIES_KEY_ELDEGOSS,ワタシラガ,レベルアップ＋Lv.20以上,レベルアップ＋Lv.20以上（CFRU/DPEの対応トリガーを使用。通信・RTC必須にはしない）,LEVEL_OR_STANDARD,,NOT_APPLICABLE,yes,ROM_EDGE_EXISTS_FOR_COVERED_ROWS; MASTER_DESIGN_FOR_OTHER_ROWS,READY_TO_INTEGRATE,TEST_EVOLUTION_0423_TRIGGER|_MISSING_INPUT|_SAVE_RELOAD,DPE拡張系統内で接続
424,831,SPECIES_KEY_WOOLOO,ウールー,832,SPECIES_KEY_DUBWOOL,バイウールー,レベルアップ＋Lv.24以上,レベルアップ＋Lv.24以上（CFRU/DPEの対応トリガーを使用。通信・RTC必須にはしない）,LEVEL_OR_STANDARD,,NOT_APPLICABLE,yes,ROM_EDGE_EXISTS_FOR_COVERED_ROWS; MASTER_DESIGN_FOR_OTHER_ROWS,READY_TO_INTEGRATE,TEST_EVOLUTION_0424_TRIGGER|_MISSING_INPUT|_SAVE_RELOAD,DPE拡張系統内で接続
425,833,SPECIES_KEY_CHEWTLE,カムカメ,834,SPECIES_KEY_DREDNAW,カジリガメ,レベルアップ＋Lv.22以上,レベルアップ＋Lv.22以上（CFRU/DPEの対応トリガーを使用。通信・RTC必須にはしない）,LEVEL_OR_STANDARD,,NOT_APPLICABLE,yes,ROM_EDGE_EXISTS_FOR_COVERED_ROWS; MASTER_DESIGN_FOR_OTHER_ROWS,READY_TO_INTEGRATE,TEST_EVOLUTION_0425_TRIGGER|_MISSING_INPUT|_SAVE_RELOAD,DPE拡張系統内で接続
426,835,SPECIES_KEY_YAMPER,ワンパチ,836,SPECIES_KEY_BOLTUND,パルスワン,レベルアップ＋Lv.25以上,レベルアップ＋Lv.25以上（CFRU/DPEの対応トリガーを使用。通信・RTC必須にはしない）,LEVEL_OR_STANDARD,,NOT_APPLICABLE,yes,ROM_EDGE_EXISTS_FOR_COVERED_ROWS; MASTER_DESIGN_FOR_OTHER_ROWS,READY_TO_INTEGRATE,TEST_EVOLUTION_0426_TRIGGER|_MISSING_INPUT|_SAVE_RELOAD,DPE拡張系統内で接続
427,837,SPECIES_KEY_ROLYCOLY,タンドン,838,SPECIES_KEY_CARKOL,トロッゴン,レベルアップ＋Lv.18以上,レベルアップ＋Lv.18以上（CFRU/DPEの対応トリガーを使用。通信・RTC必須にはしない）,LEVEL_OR_STANDARD,,NOT_APPLICABLE,yes,ROM_EDGE_EXISTS_FOR_COVERED_ROWS; MASTER_DESIGN_FOR_OTHER_ROWS,READY_TO_INTEGRATE,TEST_EVOLUTION_0427_TRIGGER|_MISSING_INPUT|_SAVE_RELOAD,DPE拡張系統内で接続
428,838,SPECIES_KEY_CARKOL,トロッゴン,839,SPECIES_KEY_COALOSSAL,セキタンザン,レベルアップ＋Lv.34以上,レベルアップ＋Lv.34以上（CFRU/DPEの対応トリガーを使用。通信・RTC必須にはしない）,LEVEL_OR_STANDARD,,NOT_APPLICABLE,yes,ROM_EDGE_EXISTS_FOR_COVERED_ROWS; MASTER_DESIGN_FOR_OTHER_ROWS,READY_TO_INTEGRATE,TEST_EVOLUTION_0428_TRIGGER|_MISSING_INPUT|_SAVE_RELOAD,DPE拡張系統内で接続
429,840,SPECIES_KEY_APPLIN,カジッチュ,841,SPECIES_KEY_FLAPPLE,アップリュー,道具使用＋すっぱいりんごを使う,道具使用＋すっぱいりんごを使う（CFRU/DPEの対応トリガーを使用。通信・RTC必須にはしない）,ITEM,SUPPLY_ITEM_CATALOG_AUDIT,NOT_APPLICABLE,yes,ROM_EDGE_EXISTS_FOR_COVERED_ROWS; MASTER_DESIGN_FOR_OTHER_ROWS,EXACT_ROM_SUPPLY_AUDIT_REQUIRED,TEST_EVOLUTION_0429_TRIGGER|_MISSING_INPUT|_SAVE_RELOAD,DPE拡張系統内で接続
430,840,SPECIES_KEY_APPLIN,カジッチュ,842,SPECIES_KEY_APPLETUN,タルップル,道具使用＋あまーいりんごを使う,道具使用＋あまーいりんごを使う（CFRU/DPEの対応トリガーを使用。通信・RTC必須にはしない）,ITEM,SUPPLY_ITEM_CATALOG_AUDIT,NOT_APPLICABLE,yes,ROM_EDGE_EXISTS_FOR_COVERED_ROWS; MASTER_DESIGN_FOR_OTHER_ROWS,EXACT_ROM_SUPPLY_AUDIT_REQUIRED,TEST_EVOLUTION_0430_TRIGGER|_MISSING_INPUT|_SAVE_RELOAD,DPE拡張系統内で接続
431,843,SPECIES_KEY_SILICOBRA,スナヘビ,844,SPECIES_KEY_SANDACONDA,サダイジャ,レベルアップ＋Lv.36以上,レベルアップ＋Lv.36以上（CFRU/DPEの対応トリガーを使用。通信・RTC必須にはしない）,LEVEL_OR_STANDARD,,NOT_APPLICABLE,yes,ROM_EDGE_EXISTS_FOR_COVERED_ROWS; MASTER_DESIGN_FOR_OTHER_ROWS,READY_TO_INTEGRATE,TEST_EVOLUTION_0431_TRIGGER|_MISSING_INPUT|_SAVE_RELOAD,DPE拡張系統内で接続
432,846,SPECIES_KEY_ARROKUDA,サシカマス,847,SPECIES_KEY_BARRASKEWDA,カマスジョー,レベルアップ＋Lv.26以上,レベルアップ＋Lv.26以上（CFRU/DPEの対応トリガーを使用。通信・RTC必須にはしない）,LEVEL_OR_STANDARD,,NOT_APPLICABLE,yes,ROM_EDGE_EXISTS_FOR_COVERED_ROWS; MASTER_DESIGN_FOR_OTHER_ROWS,READY_TO_INTEGRATE,TEST_EVOLUTION_0432_TRIGGER|_MISSING_INPUT|_SAVE_RELOAD,DPE拡張系統内で接続
433,848,SPECIES_KEY_TOXEL,エレズン,849,SPECIES_KEY_TOXTRICITY,ストリンダー,レベルアップ＋Lv.30以上,レベルアップ＋Lv.30以上（CFRU/DPEの対応トリガーを使用。通信・RTC必須にはしない）,LEVEL_OR_STANDARD,,NOT_APPLICABLE,yes,ROM_EDGE_EXISTS_FOR_COVERED_ROWS; MASTER_DESIGN_FOR_OTHER_ROWS,READY_TO_INTEGRATE,TEST_EVOLUTION_0433_TRIGGER|_MISSING_INPUT|_SAVE_RELOAD,DPE拡張系統内で接続
434,850,SPECIES_KEY_SIZZLIPEDE,ヤクデ,851,SPECIES_KEY_CENTISKORCH,マルヤクデ,レベルアップ＋Lv.28以上,レベルアップ＋Lv.28以上（CFRU/DPEの対応トリガーを使用。通信・RTC必須にはしない）,LEVEL_OR_STANDARD,,NOT_APPLICABLE,yes,ROM_EDGE_EXISTS_FOR_COVERED_ROWS; MASTER_DESIGN_FOR_OTHER_ROWS,READY_TO_INTEGRATE,TEST_EVOLUTION_0434_TRIGGER|_MISSING_INPUT|_SAVE_RELOAD,DPE拡張系統内で接続
435,852,SPECIES_KEY_CLOBBOPUS,タタッコ,853,SPECIES_KEY_GRAPPLOCT,オトスパス,レベルアップ＋ちょうはつを覚えている,レベルアップ＋ちょうはつを覚えている（CFRU/DPEの対応トリガーを使用。通信・RTC必須にはしない）,MOVE,HOST_MOVE_TUTOR,NOT_APPLICABLE,yes,ROM_EDGE_EXISTS_FOR_COVERED_ROWS; MASTER_DESIGN_FOR_OTHER_ROWS,EXACT_ROM_SUPPLY_AUDIT_REQUIRED,TEST_EVOLUTION_0435_TRIGGER|_MISSING_INPUT|_SAVE_RELOAD,DPE拡張系統内で接続
436,854,SPECIES_KEY_SINISTEA,ヤバチャ,855,SPECIES_KEY_POLTEAGEIST,ポットデス,道具使用＋われたポットを使う,道具使用＋われたポットを使う（CFRU/DPEの対応トリガーを使用。通信・RTC必須にはしない）,ITEM,SUPPLY_ITEM_CATALOG_AUDIT,NOT_APPLICABLE,yes,ROM_EDGE_EXISTS_FOR_COVERED_ROWS; MASTER_DESIGN_FOR_OTHER_ROWS,EXACT_ROM_SUPPLY_AUDIT_REQUIRED,TEST_EVOLUTION_0436_TRIGGER|_MISSING_INPUT|_SAVE_RELOAD,DPE拡張系統内で接続
437,856,SPECIES_KEY_HATENNA,ミブリム,857,SPECIES_KEY_HATTREM,テブリム,レベルアップ＋Lv.32以上,レベルアップ＋Lv.32以上（CFRU/DPEの対応トリガーを使用。通信・RTC必須にはしない）,LEVEL_OR_STANDARD,,NOT_APPLICABLE,yes,ROM_EDGE_EXISTS_FOR_COVERED_ROWS; MASTER_DESIGN_FOR_OTHER_ROWS,READY_TO_INTEGRATE,TEST_EVOLUTION_0437_TRIGGER|_MISSING_INPUT|_SAVE_RELOAD,DPE拡張系統内で接続
438,857,SPECIES_KEY_HATTREM,テブリム,858,SPECIES_KEY_HATTERENE,ブリムオン,レベルアップ＋Lv.42以上,レベルアップ＋Lv.42以上（CFRU/DPEの対応トリガーを使用。通信・RTC必須にはしない）,LEVEL_OR_STANDARD,,NOT_APPLICABLE,yes,ROM_EDGE_EXISTS_FOR_COVERED_ROWS; MASTER_DESIGN_FOR_OTHER_ROWS,READY_TO_INTEGRATE,TEST_EVOLUTION_0438_TRIGGER|_MISSING_INPUT|_SAVE_RELOAD,DPE拡張系統内で接続
439,859,SPECIES_KEY_IMPIDIMP,ベロバー,860,SPECIES_KEY_MORGREM,ギモー,レベルアップ＋Lv.32以上,レベルアップ＋Lv.32以上（CFRU/DPEの対応トリガーを使用。通信・RTC必須にはしない）,LEVEL_OR_STANDARD,,NOT_APPLICABLE,yes,ROM_EDGE_EXISTS_FOR_COVERED_ROWS; MASTER_DESIGN_FOR_OTHER_ROWS,READY_TO_INTEGRATE,TEST_EVOLUTION_0439_TRIGGER|_MISSING_INPUT|_SAVE_RELOAD,DPE拡張系統内で接続
440,860,SPECIES_KEY_MORGREM,ギモー,861,SPECIES_KEY_GRIMMSNARL,オーロンゲ,レベルアップ＋Lv.42以上,レベルアップ＋Lv.42以上（CFRU/DPEの対応トリガーを使用。通信・RTC必須にはしない）,LEVEL_OR_STANDARD,,NOT_APPLICABLE,yes,ROM_EDGE_EXISTS_FOR_COVERED_ROWS; MASTER_DESIGN_FOR_OTHER_ROWS,READY_TO_INTEGRATE,TEST_EVOLUTION_0440_TRIGGER|_MISSING_INPUT|_SAVE_RELOAD,DPE拡張系統内で接続
441,868,SPECIES_KEY_MILCERY,マホミル,869,SPECIES_KEY_ALCREMIE_STRAWBERRY,マホイップ,回転,アメざいを持たせ、ミルシティのスイーツ職人に話す。時間・回転方向で姿を選択。,LEVEL_OR_STANDARD,,NOT_APPLICABLE,yes,ROM_EDGE_EXISTS_FOR_COVERED_ROWS; MASTER_DESIGN_FOR_OTHER_ROWS,READY_TO_INTEGRATE,TEST_EVOLUTION_0441_TRIGGER|_MISSING_INPUT|_SAVE_RELOAD,DPE拡張系統内で接続
442,872,SPECIES_KEY_SNOM,ユキハミ,873,SPECIES_KEY_FROSMOTH,モスノウ,レベルアップ＋夜＋なつき度160以上,レベルアップ＋夜＋なつき度160以上（CFRU/DPEの対応トリガーを使用。通信・RTC必須にはしない）,TIME|FRIENDSHIP,EVENT_ECOLOGY_RADAR_TIME_SERVICE|SUPPLY_FRIENDSHIP_SERVICES_EXISTING,EVENT_ECOLOGY_RADAR_TIME_SERVICE,yes,ROM_EDGE_EXISTS_FOR_COVERED_ROWS; MASTER_DESIGN_FOR_OTHER_ROWS,EXACT_ROM_SUPPLY_AUDIT_REQUIRED,TEST_EVOLUTION_0442_TRIGGER|_MISSING_INPUT|_SAVE_RELOAD,DPE拡張系統内で接続
443,878,SPECIES_KEY_CUFANT,ゾウドウ,879,SPECIES_KEY_COPPERAJAH,ダイオウドウ,レベルアップ＋Lv.34以上,レベルアップ＋Lv.34以上（CFRU/DPEの対応トリガーを使用。通信・RTC必須にはしない）,LEVEL_OR_STANDARD,,NOT_APPLICABLE,yes,ROM_EDGE_EXISTS_FOR_COVERED_ROWS; MASTER_DESIGN_FOR_OTHER_ROWS,READY_TO_INTEGRATE,TEST_EVOLUTION_0443_TRIGGER|_MISSING_INPUT|_SAVE_RELOAD,DPE拡張系統内で接続
444,885,SPECIES_KEY_DREEPY,ドラメシヤ,886,SPECIES_KEY_DRAKLOAK,ドロンチ,レベルアップ＋Lv.50以上,レベルアップ＋Lv.50以上（CFRU/DPEの対応トリガーを使用。通信・RTC必須にはしない）,LEVEL_OR_STANDARD,,NOT_APPLICABLE,yes,ROM_EDGE_EXISTS_FOR_COVERED_ROWS; MASTER_DESIGN_FOR_OTHER_ROWS,READY_TO_INTEGRATE,TEST_EVOLUTION_0444_TRIGGER|_MISSING_INPUT|_SAVE_RELOAD,DPE拡張系統内で接続
445,886,SPECIES_KEY_DRAKLOAK,ドロンチ,887,SPECIES_KEY_DRAGAPULT,ドラパルト,レベルアップ＋Lv.60以上,レベルアップ＋Lv.60以上（CFRU/DPEの対応トリガーを使用。通信・RTC必須にはしない）,LEVEL_OR_STANDARD,,NOT_APPLICABLE,yes,ROM_EDGE_EXISTS_FOR_COVERED_ROWS; MASTER_DESIGN_FOR_OTHER_ROWS,READY_TO_INTEGRATE,TEST_EVOLUTION_0445_TRIGGER|_MISSING_INPUT|_SAVE_RELOAD,DPE拡張系統内で接続
446,891,SPECIES_KEY_KUBFU,ダクマ,892,SPECIES_KEY_URSHIFU_SINGLE,ウーラオス,あくの塔,チャンピオンロード道場で「あくの修練札」または「みずの修練札」を使用。,LEVEL_OR_STANDARD,,NOT_APPLICABLE,yes,ROM_EDGE_EXISTS_FOR_COVERED_ROWS; MASTER_DESIGN_FOR_OTHER_ROWS,READY_TO_INTEGRATE,TEST_EVOLUTION_0446_TRIGGER|_MISSING_INPUT|_SAVE_RELOAD,DPE拡張系統内で接続
447,891,SPECIES_KEY_KUBFU,ダクマ,892,SPECIES_KEY_URSHIFU_SINGLE,ウーラオス,みずの塔,チャンピオンロード道場で「あくの修練札」または「みずの修練札」を使用。,LEVEL_OR_STANDARD,,NOT_APPLICABLE,yes,ROM_EDGE_EXISTS_FOR_COVERED_ROWS; MASTER_DESIGN_FOR_OTHER_ROWS,READY_TO_INTEGRATE,TEST_EVOLUTION_0447_TRIGGER|_MISSING_INPUT|_SAVE_RELOAD,DPE拡張系統内で接続
448,27,SPECIES_KEY_SANDSHREW,サンド,28,SPECIES_KEY_SANDSLASH,サンドパン,道具使用＋こおりのいしを使う,道具使用＋こおりのいしを使う（CFRU/DPEの対応トリガーを使用。通信・RTC必須にはしない）,ITEM,SUPPLY_ITEM_CATALOG_AUDIT,NOT_APPLICABLE,yes,ROM_EDGE_EXISTS_FOR_COVERED_ROWS; MASTER_DESIGN_FOR_OTHER_ROWS,EXACT_ROM_SUPPLY_AUDIT_REQUIRED,TEST_EVOLUTION_0448_TRIGGER|_MISSING_INPUT|_SAVE_RELOAD,既存ベガ種族IDを参照元にしたまま、新種族IDへ接続
449,37,SPECIES_KEY_VULPIX,ロコン,38,SPECIES_KEY_NINETALES,キュウコン,道具使用＋こおりのいしを使う,道具使用＋こおりのいしを使う（CFRU/DPEの対応トリガーを使用。通信・RTC必須にはしない）,ITEM,SUPPLY_ITEM_CATALOG_AUDIT,NOT_APPLICABLE,yes,ROM_EDGE_EXISTS_FOR_COVERED_ROWS; MASTER_DESIGN_FOR_OTHER_ROWS,EXACT_ROM_SUPPLY_AUDIT_REQUIRED,TEST_EVOLUTION_0449_TRIGGER|_MISSING_INPUT|_SAVE_RELOAD,DPE拡張系統内で接続
450,52,SPECIES_KEY_MEOWTH,ニャース,53,SPECIES_KEY_PERSIAN,ペルシアン,レベルアップ＋なつき度160以上,レベルアップ＋なつき度160以上（CFRU/DPEの対応トリガーを使用。通信・RTC必須にはしない）,FRIENDSHIP,SUPPLY_FRIENDSHIP_SERVICES_EXISTING,NOT_APPLICABLE,yes,ROM_EDGE_EXISTS_FOR_COVERED_ROWS; MASTER_DESIGN_FOR_OTHER_ROWS,EXACT_ROM_SUPPLY_AUDIT_REQUIRED,TEST_EVOLUTION_0450_TRIGGER|_MISSING_INPUT|_SAVE_RELOAD,DPE拡張系統内で接続
451,52,SPECIES_KEY_MEOWTH,ニャース,863,SPECIES_KEY_PERRSERKER,ニャイキング,レベルアップ＋Lv.28以上,レベルアップ＋Lv.28以上（CFRU/DPEの対応トリガーを使用。通信・RTC必須にはしない）,LEVEL_OR_STANDARD,,NOT_APPLICABLE,yes,ROM_EDGE_EXISTS_FOR_COVERED_ROWS; MASTER_DESIGN_FOR_OTHER_ROWS,READY_TO_INTEGRATE,TEST_EVOLUTION_0451_TRIGGER|_MISSING_INPUT|_SAVE_RELOAD,DPE拡張系統内で接続
452,79,SPECIES_KEY_SLOWPOKE,ヤドン,80,SPECIES_KEY_SLOWBRO,ヤドラン,道具使用＋ガラナツブレスを使う,道具使用＋ガラナツブレスを使う（CFRU/DPEの対応トリガーを使用。通信・RTC必須にはしない）,ITEM,SUPPLY_ITEM_CATALOG_AUDIT,NOT_APPLICABLE,yes,ROM_EDGE_EXISTS_FOR_COVERED_ROWS; MASTER_DESIGN_FOR_OTHER_ROWS,EXACT_ROM_SUPPLY_AUDIT_REQUIRED,TEST_EVOLUTION_0452_TRIGGER|_MISSING_INPUT|_SAVE_RELOAD,DPE拡張系統内で接続
453,79,SPECIES_KEY_SLOWPOKE,ヤドン,199,SPECIES_KEY_SLOWKING,ヤドキング,道具使用＋ガラナツリースを使う,道具使用＋ガラナツリースを使う（CFRU/DPEの対応トリガーを使用。通信・RTC必須にはしない）,ITEM,SUPPLY_ITEM_CATALOG_AUDIT,NOT_APPLICABLE,yes,ROM_EDGE_EXISTS_FOR_COVERED_ROWS; MASTER_DESIGN_FOR_OTHER_ROWS,EXACT_ROM_SUPPLY_AUDIT_REQUIRED,TEST_EVOLUTION_0453_TRIGGER|_MISSING_INPUT|_SAVE_RELOAD,DPE拡張系統内で接続
454,83,SPECIES_KEY_FARFETCHD,カモネギ,865,SPECIES_KEY_SIRFETCHD,ネギガナイト,1戦で急所3回,1回の戦闘で急所3回をCFRUカウンタで判定。未対応時は「れんげきのあかし」使用。,LEVEL_OR_STANDARD,,NOT_APPLICABLE,yes,ROM_EDGE_EXISTS_FOR_COVERED_ROWS; MASTER_DESIGN_FOR_OTHER_ROWS,READY_TO_INTEGRATE,TEST_EVOLUTION_0454_TRIGGER|_MISSING_INPUT|_SAVE_RELOAD,既存ベガ種族IDを参照元にしたまま、新種族IDへ接続
455,122,SPECIES_KEY_MR_MIME,バリヤード,866,SPECIES_KEY_MR_RIME,バリコオル,レベルアップ＋Lv.42以上,レベルアップ＋Lv.42以上（CFRU/DPEの対応トリガーを使用。通信・RTC必須にはしない）,LEVEL_OR_STANDARD,,NOT_APPLICABLE,yes,ROM_EDGE_EXISTS_FOR_COVERED_ROWS; MASTER_DESIGN_FOR_OTHER_ROWS,READY_TO_INTEGRATE,TEST_EVOLUTION_0455_TRIGGER|_MISSING_INPUT|_SAVE_RELOAD,DPE拡張系統内で接続
456,222,SPECIES_KEY_CORSOLA,サニーゴ,864,SPECIES_KEY_CURSOLA,サニゴーン,レベルアップ＋Lv.38以上,レベルアップ＋Lv.38以上（CFRU/DPEの対応トリガーを使用。通信・RTC必須にはしない）,LEVEL_OR_STANDARD,,NOT_APPLICABLE,yes,ROM_EDGE_EXISTS_FOR_COVERED_ROWS; MASTER_DESIGN_FOR_OTHER_ROWS,READY_TO_INTEGRATE,TEST_EVOLUTION_0456_TRIGGER|_MISSING_INPUT|_SAVE_RELOAD,DPE拡張系統内で接続
457,264,SPECIES_KEY_LINOONE,マッスグマ,862,SPECIES_KEY_OBSTAGOON,タチフサグマ,レベルアップ＋Lv.35以上＋夜,レベルアップ＋Lv.35以上＋夜（CFRU/DPEの対応トリガーを使用。通信・RTC必須にはしない）,TIME,EVENT_ECOLOGY_RADAR_TIME_SERVICE,EVENT_ECOLOGY_RADAR_TIME_SERVICE,yes,ROM_EDGE_EXISTS_FOR_COVERED_ROWS; MASTER_DESIGN_FOR_OTHER_ROWS,EXACT_ROM_SUPPLY_AUDIT_REQUIRED,TEST_EVOLUTION_0457_TRIGGER|_MISSING_INPUT|_SAVE_RELOAD,DPE拡張系統内で接続
458,554,SPECIES_KEY_DARUMAKA,ダルマッカ,555,SPECIES_KEY_DARMANITAN,ヒヒダルマ,道具使用＋こおりのいしを使う,道具使用＋こおりのいしを使う（CFRU/DPEの対応トリガーを使用。通信・RTC必須にはしない）,ITEM,SUPPLY_ITEM_CATALOG_AUDIT,NOT_APPLICABLE,yes,ROM_EDGE_EXISTS_FOR_COVERED_ROWS; MASTER_DESIGN_FOR_OTHER_ROWS,EXACT_ROM_SUPPLY_AUDIT_REQUIRED,TEST_EVOLUTION_0458_TRIGGER|_MISSING_INPUT|_SAVE_RELOAD,DPE拡張系統内で接続
459,562,SPECIES_KEY_YAMASK,デスマス,867,SPECIES_KEY_RUNERIGUS,デスバーン,被ダメージ＋累計49ダメージ,指定ダメージを受けた状態で対象地点を通過。未対応時は「われたせきばん」を使用。,LEVEL_OR_STANDARD,,NOT_APPLICABLE,yes,ROM_EDGE_EXISTS_FOR_COVERED_ROWS; MASTER_DESIGN_FOR_OTHER_ROWS,READY_TO_INTEGRATE,TEST_EVOLUTION_0459_TRIGGER|_MISSING_INPUT|_SAVE_RELOAD,DPE拡張系統内で接続
460,744,SPECIES_KEY_ROCKRUFF,イワンコ,745,SPECIES_KEY_LYCANROC,ルガルガン,レベルアップ＋Lv.25以上＋dusk,レベルアップ＋Lv.25以上＋dusk（CFRU/DPEの対応トリガーを使用。通信・RTC必須にはしない）,LEVEL_OR_STANDARD,,NOT_APPLICABLE,yes,ROM_EDGE_EXISTS_FOR_COVERED_ROWS; MASTER_DESIGN_FOR_OTHER_ROWS,READY_TO_INTEGRATE,TEST_EVOLUTION_0460_TRIGGER|_MISSING_INPUT|_SAVE_RELOAD,DPE拡張系統内で接続
461,19,SPECIES_KEY_RATTATA,コラッタ,20,SPECIES_KEY_RATICATE,ラッタ,レベルアップ＋Lv.20以上＋夜,レベルアップ＋Lv.20以上＋夜（CFRU/DPEの対応トリガーを使用。通信・RTC必須にはしない）,TIME,EVENT_ECOLOGY_RADAR_TIME_SERVICE,EVENT_ECOLOGY_RADAR_TIME_SERVICE,yes,ROM_EDGE_EXISTS_FOR_COVERED_ROWS; MASTER_DESIGN_FOR_OTHER_ROWS,EXACT_ROM_SUPPLY_AUDIT_REQUIRED,TEST_EVOLUTION_0461_TRIGGER|_MISSING_INPUT|_SAVE_RELOAD,DPE拡張系統内で接続
462,234,SPECIES_KEY_STANTLER,オドシシ,899,SPECIES_KEY_WYRDEER,アヤシシ,早業＋バリアーラッシュを使用＋20回,早業／力業はGBAにないため、「バリアーラッシュ」を20回使った後にレベルアップ。,ITEM,SUPPLY_ITEM_CATALOG_AUDIT,NOT_APPLICABLE,yes,ROM_EDGE_EXISTS_FOR_COVERED_ROWS; MASTER_DESIGN_FOR_OTHER_ROWS,EXACT_ROM_SUPPLY_AUDIT_REQUIRED,TEST_EVOLUTION_0462_TRIGGER|_MISSING_INPUT|_SAVE_RELOAD,DPE拡張系統内で接続
463,123,SPECIES_KEY_SCYTHER,ストライク,900,SPECIES_KEY_KLEAVOR,バサギリ,道具使用＋くろのきせきを使う,ストライクに「くろのきせき」を使用。ちえのどうくつ採掘で反復入手可能。,ITEM,SUPPLY_ITEM_CATALOG_AUDIT,NOT_APPLICABLE,yes,ROM_EDGE_EXISTS_FOR_COVERED_ROWS; MASTER_DESIGN_FOR_OTHER_ROWS,EXACT_ROM_SUPPLY_AUDIT_REQUIRED,TEST_EVOLUTION_0463_TRIGGER|_MISSING_INPUT|_SAVE_RELOAD,既存ベガ種族IDを参照元にしたまま、新種族IDへ接続
464,217,SPECIES_KEY_URSARING,リングマ,901,SPECIES_KEY_URSALUNA,ガチグマ,道具使用＋ピートブロックを使う＋満月,リングマに「ピートブロック」を夜に使用。RTC待ちを避ける場合はユキユキやまの月齢祭壇で満月を選択。,ITEM,SUPPLY_ITEM_CATALOG_AUDIT,NOT_APPLICABLE,yes,ROM_EDGE_EXISTS_FOR_COVERED_ROWS; MASTER_DESIGN_FOR_OTHER_ROWS,EXACT_ROM_SUPPLY_AUDIT_REQUIRED,TEST_EVOLUTION_0464_TRIGGER|_MISSING_INPUT|_SAVE_RELOAD,DPE拡張系統内で接続
465,550,SPECIES_KEY_BASCULIN_RED,バスラオ,902,SPECIES_KEY_BASCULEGION_M,イダイトウ,反動ダメージ＋累計294ダメージ,反動ダメージ累計をCFRUカウンタで保存し、規定値到達後にレベルアップ。,LEVEL_OR_STANDARD,,NOT_APPLICABLE,yes,ROM_EDGE_EXISTS_FOR_COVERED_ROWS; MASTER_DESIGN_FOR_OTHER_ROWS,READY_TO_INTEGRATE,TEST_EVOLUTION_0465_TRIGGER|_MISSING_INPUT|_SAVE_RELOAD,DPE拡張系統内で接続
466,215,SPECIES_KEY_SNEASEL,ニューラ,903,SPECIES_KEY_SNEASLER,オオニューラ,レベルアップ＋するどいツメを持たせる＋昼,レベルアップ＋するどいツメを持たせる＋昼（CFRU/DPEの対応トリガーを使用。通信・RTC必須にはしない）,TIME|ITEM,EVENT_ECOLOGY_RADAR_TIME_SERVICE|SUPPLY_ITEM_CATALOG_AUDIT,EVENT_ECOLOGY_RADAR_TIME_SERVICE,yes,ROM_EDGE_EXISTS_FOR_COVERED_ROWS; MASTER_DESIGN_FOR_OTHER_ROWS,EXACT_ROM_SUPPLY_AUDIT_REQUIRED,TEST_EVOLUTION_0466_TRIGGER|_MISSING_INPUT|_SAVE_RELOAD,既存ベガ種族IDを参照元にしたまま、新種族IDへ接続
467,211,SPECIES_KEY_QWILFISH,ハリーセン,904,SPECIES_KEY_OVERQWIL,ハリーマン,力業＋どくばりセンボンを使用＋20回,早業／力業はGBAにないため、「どくばりセンボン」を20回使った後にレベルアップ。,ITEM,SUPPLY_ITEM_CATALOG_AUDIT,NOT_APPLICABLE,yes,ROM_EDGE_EXISTS_FOR_COVERED_ROWS; MASTER_DESIGN_FOR_OTHER_ROWS,EXACT_ROM_SUPPLY_AUDIT_REQUIRED,TEST_EVOLUTION_0467_TRIGGER|_MISSING_INPUT|_SAVE_RELOAD,DPE拡張系統内で接続
468,906,SPECIES_KEY_SPRIGATITO,ニャオハ,907,SPECIES_KEY_FLORAGATO,ニャローテ,レベルアップ＋Lv.16以上,レベルアップ＋Lv.16以上（CFRU/DPEの対応トリガーを使用。通信・RTC必須にはしない）,LEVEL_OR_STANDARD,,NOT_APPLICABLE,yes,ROM_EDGE_EXISTS_FOR_COVERED_ROWS; MASTER_DESIGN_FOR_OTHER_ROWS,READY_TO_INTEGRATE,TEST_EVOLUTION_0468_TRIGGER|_MISSING_INPUT|_SAVE_RELOAD,DPE拡張系統内で接続
469,907,SPECIES_KEY_FLORAGATO,ニャローテ,908,SPECIES_KEY_MEOWSCARADA,マスカーニャ,レベルアップ＋Lv.36以上,レベルアップ＋Lv.36以上（CFRU/DPEの対応トリガーを使用。通信・RTC必須にはしない）,LEVEL_OR_STANDARD,,NOT_APPLICABLE,yes,ROM_EDGE_EXISTS_FOR_COVERED_ROWS; MASTER_DESIGN_FOR_OTHER_ROWS,READY_TO_INTEGRATE,TEST_EVOLUTION_0469_TRIGGER|_MISSING_INPUT|_SAVE_RELOAD,DPE拡張系統内で接続
470,909,SPECIES_KEY_FUECOCO,ホゲータ,910,SPECIES_KEY_CROCALOR,アチゲータ,レベルアップ＋Lv.16以上,レベルアップ＋Lv.16以上（CFRU/DPEの対応トリガーを使用。通信・RTC必須にはしない）,LEVEL_OR_STANDARD,,NOT_APPLICABLE,yes,ROM_EDGE_EXISTS_FOR_COVERED_ROWS; MASTER_DESIGN_FOR_OTHER_ROWS,READY_TO_INTEGRATE,TEST_EVOLUTION_0470_TRIGGER|_MISSING_INPUT|_SAVE_RELOAD,DPE拡張系統内で接続
471,910,SPECIES_KEY_CROCALOR,アチゲータ,911,SPECIES_KEY_SKELEDIRGE,ラウドボーン,レベルアップ＋Lv.36以上,レベルアップ＋Lv.36以上（CFRU/DPEの対応トリガーを使用。通信・RTC必須にはしない）,LEVEL_OR_STANDARD,,NOT_APPLICABLE,yes,ROM_EDGE_EXISTS_FOR_COVERED_ROWS; MASTER_DESIGN_FOR_OTHER_ROWS,READY_TO_INTEGRATE,TEST_EVOLUTION_0471_TRIGGER|_MISSING_INPUT|_SAVE_RELOAD,DPE拡張系統内で接続
472,912,SPECIES_KEY_QUAXLY,クワッス,913,SPECIES_KEY_QUAXWELL,ウェルカモ,レベルアップ＋Lv.16以上,レベルアップ＋Lv.16以上（CFRU/DPEの対応トリガーを使用。通信・RTC必須にはしない）,LEVEL_OR_STANDARD,,NOT_APPLICABLE,yes,ROM_EDGE_EXISTS_FOR_COVERED_ROWS; MASTER_DESIGN_FOR_OTHER_ROWS,READY_TO_INTEGRATE,TEST_EVOLUTION_0472_TRIGGER|_MISSING_INPUT|_SAVE_RELOAD,DPE拡張系統内で接続
473,913,SPECIES_KEY_QUAXWELL,ウェルカモ,914,SPECIES_KEY_QUAQUAVAL,ウェーニバル,レベルアップ＋Lv.36以上,レベルアップ＋Lv.36以上（CFRU/DPEの対応トリガーを使用。通信・RTC必須にはしない）,LEVEL_OR_STANDARD,,NOT_APPLICABLE,yes,ROM_EDGE_EXISTS_FOR_COVERED_ROWS; MASTER_DESIGN_FOR_OTHER_ROWS,READY_TO_INTEGRATE,TEST_EVOLUTION_0473_TRIGGER|_MISSING_INPUT|_SAVE_RELOAD,DPE拡張系統内で接続
474,915,SPECIES_KEY_LECHONK,グルトン,916,SPECIES_KEY_OINKOLOGNE,パフュートン,レベルアップ＋Lv.18以上,レベルアップ＋Lv.18以上（CFRU/DPEの対応トリガーを使用。通信・RTC必須にはしない）,LEVEL_OR_STANDARD,,NOT_APPLICABLE,yes,ROM_EDGE_EXISTS_FOR_COVERED_ROWS; MASTER_DESIGN_FOR_OTHER_ROWS,READY_TO_INTEGRATE,TEST_EVOLUTION_0474_TRIGGER|_MISSING_INPUT|_SAVE_RELOAD,DPE拡張系統内で接続
475,917,SPECIES_KEY_TAROUNTULA,タマンチュラ,918,SPECIES_KEY_SPIDOPS,ワナイダー,レベルアップ＋Lv.15以上,レベルアップ＋Lv.15以上（CFRU/DPEの対応トリガーを使用。通信・RTC必須にはしない）,LEVEL_OR_STANDARD,,NOT_APPLICABLE,yes,ROM_EDGE_EXISTS_FOR_COVERED_ROWS; MASTER_DESIGN_FOR_OTHER_ROWS,READY_TO_INTEGRATE,TEST_EVOLUTION_0475_TRIGGER|_MISSING_INPUT|_SAVE_RELOAD,DPE拡張系統内で接続
476,919,SPECIES_KEY_NYMBLE,マメバッタ,920,SPECIES_KEY_LOKIX,エクスレッグ,レベルアップ＋Lv.24以上,レベルアップ＋Lv.24以上（CFRU/DPEの対応トリガーを使用。通信・RTC必須にはしない）,LEVEL_OR_STANDARD,,NOT_APPLICABLE,yes,ROM_EDGE_EXISTS_FOR_COVERED_ROWS; MASTER_DESIGN_FOR_OTHER_ROWS,READY_TO_INTEGRATE,TEST_EVOLUTION_0476_TRIGGER|_MISSING_INPUT|_SAVE_RELOAD,DPE拡張系統内で接続
477,921,SPECIES_KEY_PAWMI,パモ,922,SPECIES_KEY_PAWMO,パモット,レベルアップ＋Lv.18以上,レベルアップ＋Lv.18以上（CFRU/DPEの対応トリガーを使用。通信・RTC必須にはしない）,LEVEL_OR_STANDARD,,NOT_APPLICABLE,yes,ROM_EDGE_EXISTS_FOR_COVERED_ROWS; MASTER_DESIGN_FOR_OTHER_ROWS,READY_TO_INTEGRATE,TEST_EVOLUTION_0477_TRIGGER|_MISSING_INPUT|_SAVE_RELOAD,DPE拡張系統内で接続
478,922,SPECIES_KEY_PAWMO,パモット,923,SPECIES_KEY_PAWMOT,パーモット,レベルアップ＋1000歩,連れ歩き1000歩を保存カウンタで判定。未対応時は「ほこうのあかし」を使用。,LEVEL_OR_STANDARD,,NOT_APPLICABLE,yes,ROM_EDGE_EXISTS_FOR_COVERED_ROWS; MASTER_DESIGN_FOR_OTHER_ROWS,READY_TO_INTEGRATE,TEST_EVOLUTION_0478_TRIGGER|_MISSING_INPUT|_SAVE_RELOAD,DPE拡張系統内で接続
479,924,SPECIES_KEY_TANDEMAUS,ワッカネズミ,925,SPECIES_KEY_MAUSHOLD,イッカネズミ,その他＋Lv.25以上,その他＋Lv.25以上（CFRU/DPEの対応トリガーを使用。通信・RTC必須にはしない）,LEVEL_OR_STANDARD,,NOT_APPLICABLE,yes,ROM_EDGE_EXISTS_FOR_COVERED_ROWS; MASTER_DESIGN_FOR_OTHER_ROWS,READY_TO_INTEGRATE,TEST_EVOLUTION_0479_TRIGGER|_MISSING_INPUT|_SAVE_RELOAD,DPE拡張系統内で接続
480,926,SPECIES_KEY_FIDOUGH,パピモッチ,927,SPECIES_KEY_DACHSBUN,バウッツェル,レベルアップ＋Lv.26以上,レベルアップ＋Lv.26以上（CFRU/DPEの対応トリガーを使用。通信・RTC必須にはしない）,LEVEL_OR_STANDARD,,NOT_APPLICABLE,yes,ROM_EDGE_EXISTS_FOR_COVERED_ROWS; MASTER_DESIGN_FOR_OTHER_ROWS,READY_TO_INTEGRATE,TEST_EVOLUTION_0480_TRIGGER|_MISSING_INPUT|_SAVE_RELOAD,DPE拡張系統内で接続
481,928,SPECIES_KEY_SMOLIV,ミニーブ,929,SPECIES_KEY_DOLLIV,オリーニョ,レベルアップ＋Lv.25以上,レベルアップ＋Lv.25以上（CFRU/DPEの対応トリガーを使用。通信・RTC必須にはしない）,LEVEL_OR_STANDARD,,NOT_APPLICABLE,yes,ROM_EDGE_EXISTS_FOR_COVERED_ROWS; MASTER_DESIGN_FOR_OTHER_ROWS,READY_TO_INTEGRATE,TEST_EVOLUTION_0481_TRIGGER|_MISSING_INPUT|_SAVE_RELOAD,DPE拡張系統内で接続
482,929,SPECIES_KEY_DOLLIV,オリーニョ,930,SPECIES_KEY_ARBOLIVA,オリーヴァ,レベルアップ＋Lv.35以上,レベルアップ＋Lv.35以上（CFRU/DPEの対応トリガーを使用。通信・RTC必須にはしない）,LEVEL_OR_STANDARD,,NOT_APPLICABLE,yes,ROM_EDGE_EXISTS_FOR_COVERED_ROWS; MASTER_DESIGN_FOR_OTHER_ROWS,READY_TO_INTEGRATE,TEST_EVOLUTION_0482_TRIGGER|_MISSING_INPUT|_SAVE_RELOAD,DPE拡張系統内で接続
483,932,SPECIES_KEY_NACLI,コジオ,933,SPECIES_KEY_NACLSTACK,ジオヅム,レベルアップ＋Lv.24以上,レベルアップ＋Lv.24以上（CFRU/DPEの対応トリガーを使用。通信・RTC必須にはしない）,LEVEL_OR_STANDARD,,NOT_APPLICABLE,yes,ROM_EDGE_EXISTS_FOR_COVERED_ROWS; MASTER_DESIGN_FOR_OTHER_ROWS,READY_TO_INTEGRATE,TEST_EVOLUTION_0483_TRIGGER|_MISSING_INPUT|_SAVE_RELOAD,DPE拡張系統内で接続
484,933,SPECIES_KEY_NACLSTACK,ジオヅム,934,SPECIES_KEY_GARGANACL,キョジオーン,レベルアップ＋Lv.38以上,レベルアップ＋Lv.38以上（CFRU/DPEの対応トリガーを使用。通信・RTC必須にはしない）,LEVEL_OR_STANDARD,,NOT_APPLICABLE,yes,ROM_EDGE_EXISTS_FOR_COVERED_ROWS; MASTER_DESIGN_FOR_OTHER_ROWS,READY_TO_INTEGRATE,TEST_EVOLUTION_0484_TRIGGER|_MISSING_INPUT|_SAVE_RELOAD,DPE拡張系統内で接続
485,935,SPECIES_KEY_CHARCADET,カルボウ,936,SPECIES_KEY_ARMAROUGE,グレンアルマ,道具使用＋イワイノヨロイを使う,道具使用＋イワイノヨロイを使う（CFRU/DPEの対応トリガーを使用。通信・RTC必須にはしない）,ITEM,SUPPLY_ITEM_CATALOG_AUDIT,NOT_APPLICABLE,yes,ROM_EDGE_EXISTS_FOR_COVERED_ROWS; MASTER_DESIGN_FOR_OTHER_ROWS,EXACT_ROM_SUPPLY_AUDIT_REQUIRED,TEST_EVOLUTION_0485_TRIGGER|_MISSING_INPUT|_SAVE_RELOAD,DPE拡張系統内で接続
486,935,SPECIES_KEY_CHARCADET,カルボウ,937,SPECIES_KEY_CERULEDGE,ソウブレイズ,道具使用＋ノロイノヨロイを使う,道具使用＋ノロイノヨロイを使う（CFRU/DPEの対応トリガーを使用。通信・RTC必須にはしない）,ITEM,SUPPLY_ITEM_CATALOG_AUDIT,NOT_APPLICABLE,yes,ROM_EDGE_EXISTS_FOR_COVERED_ROWS; MASTER_DESIGN_FOR_OTHER_ROWS,EXACT_ROM_SUPPLY_AUDIT_REQUIRED,TEST_EVOLUTION_0486_TRIGGER|_MISSING_INPUT|_SAVE_RELOAD,DPE拡張系統内で接続
487,938,SPECIES_KEY_TADBULB,ズピカ,939,SPECIES_KEY_BELLIBOLT,ハラバリー,道具使用＋かみなりのいしを使う,道具使用＋かみなりのいしを使う（CFRU/DPEの対応トリガーを使用。通信・RTC必須にはしない）,ITEM,SUPPLY_ITEM_CATALOG_AUDIT,NOT_APPLICABLE,yes,ROM_EDGE_EXISTS_FOR_COVERED_ROWS; MASTER_DESIGN_FOR_OTHER_ROWS,EXACT_ROM_SUPPLY_AUDIT_REQUIRED,TEST_EVOLUTION_0487_TRIGGER|_MISSING_INPUT|_SAVE_RELOAD,DPE拡張系統内で接続
488,940,SPECIES_KEY_WATTREL,カイデン,941,SPECIES_KEY_KILOWATTREL,タイカイデン,レベルアップ＋Lv.25以上,レベルアップ＋Lv.25以上（CFRU/DPEの対応トリガーを使用。通信・RTC必須にはしない）,LEVEL_OR_STANDARD,,NOT_APPLICABLE,yes,ROM_EDGE_EXISTS_FOR_COVERED_ROWS; MASTER_DESIGN_FOR_OTHER_ROWS,READY_TO_INTEGRATE,TEST_EVOLUTION_0488_TRIGGER|_MISSING_INPUT|_SAVE_RELOAD,DPE拡張系統内で接続
489,942,SPECIES_KEY_MASCHIFF,オラチフ,943,SPECIES_KEY_MABOSSTIFF,マフィティフ,レベルアップ＋Lv.30以上,レベルアップ＋Lv.30以上（CFRU/DPEの対応トリガーを使用。通信・RTC必須にはしない）,LEVEL_OR_STANDARD,,NOT_APPLICABLE,yes,ROM_EDGE_EXISTS_FOR_COVERED_ROWS; MASTER_DESIGN_FOR_OTHER_ROWS,READY_TO_INTEGRATE,TEST_EVOLUTION_0489_TRIGGER|_MISSING_INPUT|_SAVE_RELOAD,DPE拡張系統内で接続
490,944,SPECIES_KEY_SHROODLE,シルシュルー,945,SPECIES_KEY_GRAFAIAI,タギングル,レベルアップ＋Lv.28以上,レベルアップ＋Lv.28以上（CFRU/DPEの対応トリガーを使用。通信・RTC必須にはしない）,LEVEL_OR_STANDARD,,NOT_APPLICABLE,yes,ROM_EDGE_EXISTS_FOR_COVERED_ROWS; MASTER_DESIGN_FOR_OTHER_ROWS,READY_TO_INTEGRATE,TEST_EVOLUTION_0490_TRIGGER|_MISSING_INPUT|_SAVE_RELOAD,DPE拡張系統内で接続
491,946,SPECIES_KEY_BRAMBLIN,アノクサ,947,SPECIES_KEY_BRAMBLEGHAST,アノホラグサ,レベルアップ＋1000歩,連れ歩き1000歩を保存カウンタで判定。未対応時は「ほこうのあかし」を使用。,LEVEL_OR_STANDARD,,NOT_APPLICABLE,yes,ROM_EDGE_EXISTS_FOR_COVERED_ROWS; MASTER_DESIGN_FOR_OTHER_ROWS,READY_TO_INTEGRATE,TEST_EVOLUTION_0491_TRIGGER|_MISSING_INPUT|_SAVE_RELOAD,DPE拡張系統内で接続
492,948,SPECIES_KEY_TOEDSCOOL,ノノクラゲ,949,SPECIES_KEY_TOEDSCRUEL,リククラゲ,レベルアップ＋Lv.30以上,レベルアップ＋Lv.30以上（CFRU/DPEの対応トリガーを使用。通信・RTC必須にはしない）,LEVEL_OR_STANDARD,,NOT_APPLICABLE,yes,ROM_EDGE_EXISTS_FOR_COVERED_ROWS; MASTER_DESIGN_FOR_OTHER_ROWS,READY_TO_INTEGRATE,TEST_EVOLUTION_0492_TRIGGER|_MISSING_INPUT|_SAVE_RELOAD,DPE拡張系統内で接続
493,951,SPECIES_KEY_CAPSAKID,カプサイジ,952,SPECIES_KEY_SCOVILLAIN,スコヴィラン,道具使用＋ほのおのいしを使う,道具使用＋ほのおのいしを使う（CFRU/DPEの対応トリガーを使用。通信・RTC必須にはしない）,ITEM,SUPPLY_ITEM_CATALOG_AUDIT,NOT_APPLICABLE,yes,ROM_EDGE_EXISTS_FOR_COVERED_ROWS; MASTER_DESIGN_FOR_OTHER_ROWS,EXACT_ROM_SUPPLY_AUDIT_REQUIRED,TEST_EVOLUTION_0493_TRIGGER|_MISSING_INPUT|_SAVE_RELOAD,DPE拡張系統内で接続
494,953,SPECIES_KEY_RELLOR,シガロコ,954,SPECIES_KEY_RABSCA,ベラカス,レベルアップ＋1000歩,連れ歩き1000歩を保存カウンタで判定。未対応時は「ほこうのあかし」を使用。,LEVEL_OR_STANDARD,,NOT_APPLICABLE,yes,ROM_EDGE_EXISTS_FOR_COVERED_ROWS; MASTER_DESIGN_FOR_OTHER_ROWS,READY_TO_INTEGRATE,TEST_EVOLUTION_0494_TRIGGER|_MISSING_INPUT|_SAVE_RELOAD,DPE拡張系統内で接続
495,955,SPECIES_KEY_FLITTLE,ヒラヒナ,956,SPECIES_KEY_ESPATHRA,クエスパトラ,レベルアップ＋Lv.35以上,レベルアップ＋Lv.35以上（CFRU/DPEの対応トリガーを使用。通信・RTC必須にはしない）,LEVEL_OR_STANDARD,,NOT_APPLICABLE,yes,ROM_EDGE_EXISTS_FOR_COVERED_ROWS; MASTER_DESIGN_FOR_OTHER_ROWS,READY_TO_INTEGRATE,TEST_EVOLUTION_0495_TRIGGER|_MISSING_INPUT|_SAVE_RELOAD,DPE拡張系統内で接続
496,957,SPECIES_KEY_TINKATINK,カヌチャン,958,SPECIES_KEY_TINKATUFF,ナカヌチャン,レベルアップ＋Lv.24以上,レベルアップ＋Lv.24以上（CFRU/DPEの対応トリガーを使用。通信・RTC必須にはしない）,LEVEL_OR_STANDARD,,NOT_APPLICABLE,yes,ROM_EDGE_EXISTS_FOR_COVERED_ROWS; MASTER_DESIGN_FOR_OTHER_ROWS,READY_TO_INTEGRATE,TEST_EVOLUTION_0496_TRIGGER|_MISSING_INPUT|_SAVE_RELOAD,DPE拡張系統内で接続
497,958,SPECIES_KEY_TINKATUFF,ナカヌチャン,959,SPECIES_KEY_TINKATON,デカヌチャン,レベルアップ＋Lv.38以上,レベルアップ＋Lv.38以上（CFRU/DPEの対応トリガーを使用。通信・RTC必須にはしない）,LEVEL_OR_STANDARD,,NOT_APPLICABLE,yes,ROM_EDGE_EXISTS_FOR_COVERED_ROWS; MASTER_DESIGN_FOR_OTHER_ROWS,READY_TO_INTEGRATE,TEST_EVOLUTION_0497_TRIGGER|_MISSING_INPUT|_SAVE_RELOAD,DPE拡張系統内で接続
498,960,SPECIES_KEY_WIGLETT,ウミディグダ,961,SPECIES_KEY_WUGTRIO,ウミトリオ,レベルアップ＋Lv.26以上,レベルアップ＋Lv.26以上（CFRU/DPEの対応トリガーを使用。通信・RTC必須にはしない）,LEVEL_OR_STANDARD,,NOT_APPLICABLE,yes,ROM_EDGE_EXISTS_FOR_COVERED_ROWS; MASTER_DESIGN_FOR_OTHER_ROWS,READY_TO_INTEGRATE,TEST_EVOLUTION_0498_TRIGGER|_MISSING_INPUT|_SAVE_RELOAD,DPE拡張系統内で接続
499,963,SPECIES_KEY_FINIZEN,ナミイルカ,964,SPECIES_KEY_PALAFIN,イルカマン,レベルアップ＋Lv.38以上＋マルチプレイ,ユニオンサークルの代わりにダブルバトルを3勝し、「ヒーローのあかし」を持ってLv.38以上で進化。,LEVEL_OR_STANDARD,,NOT_APPLICABLE,yes,ROM_EDGE_EXISTS_FOR_COVERED_ROWS; MASTER_DESIGN_FOR_OTHER_ROWS,READY_TO_INTEGRATE,TEST_EVOLUTION_0499_TRIGGER|_MISSING_INPUT|_SAVE_RELOAD,DPE拡張系統内で接続
500,965,SPECIES_KEY_VAROOM,ブロロン,966,SPECIES_KEY_REVAVROOM,ブロロローム,レベルアップ＋Lv.40以上,レベルアップ＋Lv.40以上（CFRU/DPEの対応トリガーを使用。通信・RTC必須にはしない）,LEVEL_OR_STANDARD,,NOT_APPLICABLE,yes,ROM_EDGE_EXISTS_FOR_COVERED_ROWS; MASTER_DESIGN_FOR_OTHER_ROWS,READY_TO_INTEGRATE,TEST_EVOLUTION_0500_TRIGGER|_MISSING_INPUT|_SAVE_RELOAD,DPE拡張系統内で接続
501,969,SPECIES_KEY_GLIMMET,キラーメ,970,SPECIES_KEY_GLIMMORA,キラフロル,レベルアップ＋Lv.35以上,レベルアップ＋Lv.35以上（CFRU/DPEの対応トリガーを使用。通信・RTC必須にはしない）,LEVEL_OR_STANDARD,,NOT_APPLICABLE,yes,ROM_EDGE_EXISTS_FOR_COVERED_ROWS; MASTER_DESIGN_FOR_OTHER_ROWS,READY_TO_INTEGRATE,TEST_EVOLUTION_0501_TRIGGER|_MISSING_INPUT|_SAVE_RELOAD,DPE拡張系統内で接続
502,971,SPECIES_KEY_GREAVARD,ボチ,972,SPECIES_KEY_HOUNDSTONE,ハカドッグ,レベルアップ＋Lv.30以上＋夜,レベルアップ＋Lv.30以上＋夜（CFRU/DPEの対応トリガーを使用。通信・RTC必須にはしない）,TIME,EVENT_ECOLOGY_RADAR_TIME_SERVICE,EVENT_ECOLOGY_RADAR_TIME_SERVICE,yes,ROM_EDGE_EXISTS_FOR_COVERED_ROWS; MASTER_DESIGN_FOR_OTHER_ROWS,EXACT_ROM_SUPPLY_AUDIT_REQUIRED,TEST_EVOLUTION_0502_TRIGGER|_MISSING_INPUT|_SAVE_RELOAD,DPE拡張系統内で接続
503,974,SPECIES_KEY_CETODDLE,アルクジラ,975,SPECIES_KEY_CETITAN,ハルクジラ,道具使用＋こおりのいしを使う,道具使用＋こおりのいしを使う（CFRU/DPEの対応トリガーを使用。通信・RTC必須にはしない）,ITEM,SUPPLY_ITEM_CATALOG_AUDIT,NOT_APPLICABLE,yes,ROM_EDGE_EXISTS_FOR_COVERED_ROWS; MASTER_DESIGN_FOR_OTHER_ROWS,EXACT_ROM_SUPPLY_AUDIT_REQUIRED,TEST_EVOLUTION_0503_TRIGGER|_MISSING_INPUT|_SAVE_RELOAD,DPE拡張系統内で接続
504,57,SPECIES_KEY_PRIMEAPE,オコリザル,979,SPECIES_KEY_ANNIHILAPE,コノヨザル,技使用回数＋ふんどのこぶしを使用＋20回,「ふんどのこぶし」の使用回数をCFRUカウンタで保存し、20回使用後にレベルアップ。,MOVE|ITEM,HOST_MOVE_TUTOR|SUPPLY_ITEM_CATALOG_AUDIT,NOT_APPLICABLE,yes,ROM_EDGE_EXISTS_FOR_COVERED_ROWS; MASTER_DESIGN_FOR_OTHER_ROWS,EXACT_ROM_SUPPLY_AUDIT_REQUIRED,TEST_EVOLUTION_0504_TRIGGER|_MISSING_INPUT|_SAVE_RELOAD,DPE拡張系統内で接続
505,194,SPECIES_KEY_WOOPER,ウパー,980,SPECIES_KEY_CLODSIRE,ドオー,レベルアップ＋Lv.20以上,レベルアップ＋Lv.20以上（CFRU/DPEの対応トリガーを使用。通信・RTC必須にはしない）,LEVEL_OR_STANDARD,,NOT_APPLICABLE,yes,ROM_EDGE_EXISTS_FOR_COVERED_ROWS; MASTER_DESIGN_FOR_OTHER_ROWS,READY_TO_INTEGRATE,TEST_EVOLUTION_0505_TRIGGER|_MISSING_INPUT|_SAVE_RELOAD,DPE拡張系統内で接続
506,203,SPECIES_KEY_GIRAFARIG,キリンリキ,981,SPECIES_KEY_FARIGIRAF,リキキリン,レベルアップ＋ツインビームを覚えている,レベルアップ＋ツインビームを覚えている（CFRU/DPEの対応トリガーを使用。通信・RTC必須にはしない）,MOVE,HOST_MOVE_TUTOR,NOT_APPLICABLE,yes,ROM_EDGE_EXISTS_FOR_COVERED_ROWS; MASTER_DESIGN_FOR_OTHER_ROWS,EXACT_ROM_SUPPLY_AUDIT_REQUIRED,TEST_EVOLUTION_0506_TRIGGER|_MISSING_INPUT|_SAVE_RELOAD,既存ベガ種族IDを参照元にしたまま、新種族IDへ接続
507,206,SPECIES_KEY_DUNSPARCE,ノコッチ,982,SPECIES_KEY_DUDUNSPARCE,ノココッチ,レベルアップ＋ハイパードリルを覚えている,レベルアップ＋ハイパードリルを覚えている（CFRU/DPEの対応トリガーを使用。通信・RTC必須にはしない）,MOVE,HOST_MOVE_TUTOR,NOT_APPLICABLE,yes,ROM_EDGE_EXISTS_FOR_COVERED_ROWS; MASTER_DESIGN_FOR_OTHER_ROWS,EXACT_ROM_SUPPLY_AUDIT_REQUIRED,TEST_EVOLUTION_0507_TRIGGER|_MISSING_INPUT|_SAVE_RELOAD,既存ベガ種族IDを参照元にしたまま、新種族IDへ接続
508,625,SPECIES_KEY_BISHARP,キリキザン,983,SPECIES_KEY_KINGAMBIT,ドドゲザン,かしら持ち3体撃破,「かしらのしるし」を持つキリキザン3体を倒してレベルアップ。専用調査で対象を明示。,LEVEL_OR_STANDARD,,NOT_APPLICABLE,yes,ROM_EDGE_EXISTS_FOR_COVERED_ROWS; MASTER_DESIGN_FOR_OTHER_ROWS,READY_TO_INTEGRATE,TEST_EVOLUTION_0508_TRIGGER|_MISSING_INPUT|_SAVE_RELOAD,DPE拡張系統内で接続
509,996,SPECIES_KEY_FRIGIBAX,セビエ,997,SPECIES_KEY_ARCTIBAX,セゴール,レベルアップ＋Lv.35以上,レベルアップ＋Lv.35以上（CFRU/DPEの対応トリガーを使用。通信・RTC必須にはしない）,LEVEL_OR_STANDARD,,NOT_APPLICABLE,yes,ROM_EDGE_EXISTS_FOR_COVERED_ROWS; MASTER_DESIGN_FOR_OTHER_ROWS,READY_TO_INTEGRATE,TEST_EVOLUTION_0509_TRIGGER|_MISSING_INPUT|_SAVE_RELOAD,DPE拡張系統内で接続
510,997,SPECIES_KEY_ARCTIBAX,セゴール,998,SPECIES_KEY_BAXCALIBUR,セグレイブ,レベルアップ＋Lv.54以上,レベルアップ＋Lv.54以上（CFRU/DPEの対応トリガーを使用。通信・RTC必須にはしない）,LEVEL_OR_STANDARD,,NOT_APPLICABLE,yes,ROM_EDGE_EXISTS_FOR_COVERED_ROWS; MASTER_DESIGN_FOR_OTHER_ROWS,READY_TO_INTEGRATE,TEST_EVOLUTION_0510_TRIGGER|_MISSING_INPUT|_SAVE_RELOAD,DPE拡張系統内で接続
511,999,SPECIES_KEY_GIMMIGHOUL,コレクレー,1000,SPECIES_KEY_GHOLDENGO,サーフゴー,コイン999枚,コレクレーのコイン999枚は長すぎるため「古代コイン100枚」に圧縮して進化。,LEVEL_OR_STANDARD,,NOT_APPLICABLE,yes,ROM_EDGE_EXISTS_FOR_COVERED_ROWS; MASTER_DESIGN_FOR_OTHER_ROWS,READY_TO_INTEGRATE,TEST_EVOLUTION_0511_TRIGGER|_MISSING_INPUT|_SAVE_RELOAD,DPE拡張系統内で接続
512,739,SPECIES_KEY_CRABRAWLER,マケンカニ,740,SPECIES_KEY_CRABOMINABLE,ケケンカニ,道具使用＋こおりのいしを使う,道具使用＋こおりのいしを使う（CFRU/DPEの対応トリガーを使用。通信・RTC必須にはしない）,ITEM,SUPPLY_ITEM_CATALOG_AUDIT,NOT_APPLICABLE,yes,ROM_EDGE_EXISTS_FOR_COVERED_ROWS; MASTER_DESIGN_FOR_OTHER_ROWS,EXACT_ROM_SUPPLY_AUDIT_REQUIRED,TEST_EVOLUTION_0512_TRIGGER|_MISSING_INPUT|_SAVE_RELOAD,DPE拡張系統内で接続
514,299,SPECIES_KEY_NOSEPASS,ノズパス,476,SPECIES_KEY_PROBOPASS,ダイノーズ,道具使用＋かみなりのいしを使う,道具使用＋かみなりのいしを使う（CFRU/DPEの対応トリガーを使用。通信・RTC必須にはしない）,ITEM,SUPPLY_ITEM_CATALOG_AUDIT,NOT_APPLICABLE,yes,ROM_EDGE_EXISTS_FOR_COVERED_ROWS; MASTER_DESIGN_FOR_OTHER_ROWS,EXACT_ROM_SUPPLY_AUDIT_REQUIRED,TEST_EVOLUTION_0514_TRIGGER|_MISSING_INPUT|_SAVE_RELOAD,DPE拡張系統内で接続
515,211,SPECIES_KEY_QWILFISH,ハリーセン,904,SPECIES_KEY_OVERQWIL,ハリーマン,レベルアップ＋どくばりセンボンを覚えている,レベルアップ＋どくばりセンボンを覚えている（CFRU/DPEの対応トリガーを使用。通信・RTC必須にはしない）,MOVE,HOST_MOVE_TUTOR,NOT_APPLICABLE,yes,ROM_EDGE_EXISTS_FOR_COVERED_ROWS; MASTER_DESIGN_FOR_OTHER_ROWS,EXACT_ROM_SUPPLY_AUDIT_REQUIRED,TEST_EVOLUTION_0515_TRIGGER|_MISSING_INPUT|_SAVE_RELOAD,DPE拡張系統内で接続
516,211,SPECIES_KEY_QWILFISH,ハリーセン,904,SPECIES_KEY_OVERQWIL,ハリーマン,技使用回数＋どくばりセンボンを使用＋20回,「どくばりセンボン」の使用回数をCFRUカウンタで保存し、20回使用後にレベルアップ。,MOVE|ITEM,HOST_MOVE_TUTOR|SUPPLY_ITEM_CATALOG_AUDIT,NOT_APPLICABLE,yes,ROM_EDGE_EXISTS_FOR_COVERED_ROWS; MASTER_DESIGN_FOR_OTHER_ROWS,EXACT_ROM_SUPPLY_AUDIT_REQUIRED,TEST_EVOLUTION_0516_TRIGGER|_MISSING_INPUT|_SAVE_RELOAD,DPE拡張系統内で接続
517,25,SPECIES_KEY_PIKACHU,ピカチュウ,26,SPECIES_KEY_RAICHU,ライチュウ,道具使用＋かみなりのいしを使う,道具使用＋かみなりのいしを使う（CFRU/DPEの対応トリガーを使用。通信・RTC必須にはしない）,ITEM,SUPPLY_ITEM_CATALOG_AUDIT,NOT_APPLICABLE,yes,ROM_EDGE_EXISTS_FOR_COVERED_ROWS; MASTER_DESIGN_FOR_OTHER_ROWS,EXACT_ROM_SUPPLY_AUDIT_REQUIRED,TEST_EVOLUTION_0517_TRIGGER|_MISSING_INPUT|_SAVE_RELOAD,既存ベガ種族IDを参照元にしたまま、新種族IDへ接続
518,50,SPECIES_KEY_DIGLETT,ディグダ,51,SPECIES_KEY_DUGTRIO,ダグトリオ,レベルアップ＋Lv.26以上,レベルアップ＋Lv.26以上（CFRU/DPEの対応トリガーを使用。通信・RTC必須にはしない）,LEVEL_OR_STANDARD,,NOT_APPLICABLE,yes,ROM_EDGE_EXISTS_FOR_COVERED_ROWS; MASTER_DESIGN_FOR_OTHER_ROWS,READY_TO_INTEGRATE,TEST_EVOLUTION_0518_TRIGGER|_MISSING_INPUT|_SAVE_RELOAD,既存ベガ種族IDを参照元にしたまま、新種族IDへ接続
519,74,SPECIES_KEY_GEODUDE,イシツブテ,75,SPECIES_KEY_GRAVELER,ゴローン,レベルアップ＋Lv.25以上,レベルアップ＋Lv.25以上（CFRU/DPEの対応トリガーを使用。通信・RTC必須にはしない）,LEVEL_OR_STANDARD,,NOT_APPLICABLE,yes,ROM_EDGE_EXISTS_FOR_COVERED_ROWS; MASTER_DESIGN_FOR_OTHER_ROWS,READY_TO_INTEGRATE,TEST_EVOLUTION_0519_TRIGGER|_MISSING_INPUT|_SAVE_RELOAD,既存ベガ種族IDを参照元にしたまま、新種族IDへ接続
520,75,SPECIES_KEY_GRAVELER,ゴローン,76,SPECIES_KEY_GOLEM,ゴローニャ,通信交換,「つながりのヒモ」を使用。通信交換でも従来通り進化。,TRADE,EVENT_TRADE_EMULATOR_SERVICE,NOT_APPLICABLE,yes,ROM_EDGE_EXISTS_FOR_COVERED_ROWS; MASTER_DESIGN_FOR_OTHER_ROWS,EXACT_ROM_SUPPLY_AUDIT_REQUIRED,TEST_EVOLUTION_0520_TRIGGER|_MISSING_INPUT|_SAVE_RELOAD,既存ベガ種族IDを参照元にしたまま、新種族IDへ接続
521,88,SPECIES_KEY_GRIMER,ベトベター,89,SPECIES_KEY_MUK,ベトベトン,レベルアップ＋Lv.38以上,レベルアップ＋Lv.38以上（CFRU/DPEの対応トリガーを使用。通信・RTC必須にはしない）,LEVEL_OR_STANDARD,,NOT_APPLICABLE,yes,ROM_EDGE_EXISTS_FOR_COVERED_ROWS; MASTER_DESIGN_FOR_OTHER_ROWS,READY_TO_INTEGRATE,TEST_EVOLUTION_0521_TRIGGER|_MISSING_INPUT|_SAVE_RELOAD,DPE拡張系統内で接続
522,102,SPECIES_KEY_EXEGGCUTE,タマタマ,103,SPECIES_KEY_EXEGGUTOR,ナッシー,道具使用＋リーフのいしを使う,道具使用＋リーフのいしを使う（CFRU/DPEの対応トリガーを使用。通信・RTC必須にはしない）,ITEM,SUPPLY_ITEM_CATALOG_AUDIT,NOT_APPLICABLE,yes,ROM_EDGE_EXISTS_FOR_COVERED_ROWS; MASTER_DESIGN_FOR_OTHER_ROWS,EXACT_ROM_SUPPLY_AUDIT_REQUIRED,TEST_EVOLUTION_0522_TRIGGER|_MISSING_INPUT|_SAVE_RELOAD,既存ベガ種族IDを参照元にしたまま、新種族IDへ接続
523,58,SPECIES_KEY_GROWLITHE,ガーディ,59,SPECIES_KEY_ARCANINE,ウインディ,道具使用＋ほのおのいしを使う,道具使用＋ほのおのいしを使う（CFRU/DPEの対応トリガーを使用。通信・RTC必須にはしない）,ITEM,SUPPLY_ITEM_CATALOG_AUDIT,NOT_APPLICABLE,yes,ROM_EDGE_EXISTS_FOR_COVERED_ROWS; MASTER_DESIGN_FOR_OTHER_ROWS,EXACT_ROM_SUPPLY_AUDIT_REQUIRED,TEST_EVOLUTION_0523_TRIGGER|_MISSING_INPUT|_SAVE_RELOAD,DPE拡張系統内で接続
524,100,SPECIES_KEY_VOLTORB,ビリリダマ,101,SPECIES_KEY_ELECTRODE,マルマイン,道具使用＋リーフのいしを使う,道具使用＋リーフのいしを使う（CFRU/DPEの対応トリガーを使用。通信・RTC必須にはしない）,ITEM,SUPPLY_ITEM_CATALOG_AUDIT,NOT_APPLICABLE,yes,ROM_EDGE_EXISTS_FOR_COVERED_ROWS; MASTER_DESIGN_FOR_OTHER_ROWS,EXACT_ROM_SUPPLY_AUDIT_REQUIRED,TEST_EVOLUTION_0524_TRIGGER|_MISSING_INPUT|_SAVE_RELOAD,既存ベガ種族IDを参照元にしたまま、新種族IDへ接続
525,155,SPECIES_KEY_CYNDAQUIL,ヒノアラシ,156,SPECIES_KEY_QUILAVA,マグマラシ,レベルアップ＋Lv.17以上,レベルアップ＋Lv.17以上（CFRU/DPEの対応トリガーを使用。通信・RTC必須にはしない）,LEVEL_OR_STANDARD,,NOT_APPLICABLE,yes,ROM_EDGE_EXISTS_FOR_COVERED_ROWS; MASTER_DESIGN_FOR_OTHER_ROWS,READY_TO_INTEGRATE,TEST_EVOLUTION_0525_TRIGGER|_MISSING_INPUT|_SAVE_RELOAD,DPE拡張系統内で接続
526,156,SPECIES_KEY_QUILAVA,マグマラシ,157,SPECIES_KEY_TYPHLOSION,バクフーン,レベルアップ＋Lv.36以上,レベルアップ＋Lv.36以上（CFRU/DPEの対応トリガーを使用。通信・RTC必須にはしない）,LEVEL_OR_STANDARD,,NOT_APPLICABLE,yes,ROM_EDGE_EXISTS_FOR_COVERED_ROWS; MASTER_DESIGN_FOR_OTHER_ROWS,READY_TO_INTEGRATE,TEST_EVOLUTION_0526_TRIGGER|_MISSING_INPUT|_SAVE_RELOAD,DPE拡張系統内で接続
527,502,SPECIES_KEY_DEWOTT,フタチマル,503,SPECIES_KEY_SAMUROTT,ダイケンキ,レベルアップ＋Lv.36以上,レベルアップ＋Lv.36以上（CFRU/DPEの対応トリガーを使用。通信・RTC必須にはしない）,LEVEL_OR_STANDARD,,NOT_APPLICABLE,yes,ROM_EDGE_EXISTS_FOR_COVERED_ROWS; MASTER_DESIGN_FOR_OTHER_ROWS,READY_TO_INTEGRATE,TEST_EVOLUTION_0527_TRIGGER|_MISSING_INPUT|_SAVE_RELOAD,DPE拡張系統内で接続
528,548,SPECIES_KEY_PETILIL,チュリネ,549,SPECIES_KEY_LILLIGANT,ドレディア,道具使用＋たいようのいしを使う,道具使用＋たいようのいしを使う（CFRU/DPEの対応トリガーを使用。通信・RTC必須にはしない）,ITEM,SUPPLY_ITEM_CATALOG_AUDIT,NOT_APPLICABLE,yes,ROM_EDGE_EXISTS_FOR_COVERED_ROWS; MASTER_DESIGN_FOR_OTHER_ROWS,EXACT_ROM_SUPPLY_AUDIT_REQUIRED,TEST_EVOLUTION_0528_TRIGGER|_MISSING_INPUT|_SAVE_RELOAD,既存ベガ種族IDを参照元にしたまま、新種族IDへ接続
529,570,SPECIES_KEY_ZORUA,ゾロア,571,SPECIES_KEY_ZOROARK,ゾロアーク,レベルアップ＋Lv.30以上,レベルアップ＋Lv.30以上（CFRU/DPEの対応トリガーを使用。通信・RTC必須にはしない）,LEVEL_OR_STANDARD,,NOT_APPLICABLE,yes,ROM_EDGE_EXISTS_FOR_COVERED_ROWS; MASTER_DESIGN_FOR_OTHER_ROWS,READY_TO_INTEGRATE,TEST_EVOLUTION_0529_TRIGGER|_MISSING_INPUT|_SAVE_RELOAD,DPE拡張系統内で接続
530,627,SPECIES_KEY_RUFFLET,ワシボン,628,SPECIES_KEY_BRAVIARY,ウォーグル,レベルアップ＋Lv.54以上,レベルアップ＋Lv.54以上（CFRU/DPEの対応トリガーを使用。通信・RTC必須にはしない）,LEVEL_OR_STANDARD,,NOT_APPLICABLE,yes,ROM_EDGE_EXISTS_FOR_COVERED_ROWS; MASTER_DESIGN_FOR_OTHER_ROWS,READY_TO_INTEGRATE,TEST_EVOLUTION_0530_TRIGGER|_MISSING_INPUT|_SAVE_RELOAD,DPE拡張系統内で接続
531,704,SPECIES_KEY_GOOMY,ヌメラ,705,SPECIES_KEY_SLIGGOO,ヌメイル,レベルアップ＋Lv.40以上,レベルアップ＋Lv.40以上（CFRU/DPEの対応トリガーを使用。通信・RTC必須にはしない）,LEVEL_OR_STANDARD,,NOT_APPLICABLE,yes,ROM_EDGE_EXISTS_FOR_COVERED_ROWS; MASTER_DESIGN_FOR_OTHER_ROWS,READY_TO_INTEGRATE,TEST_EVOLUTION_0531_TRIGGER|_MISSING_INPUT|_SAVE_RELOAD,DPE拡張系統内で接続
532,705,SPECIES_KEY_SLIGGOO,ヌメイル,706,SPECIES_KEY_GOODRA,ヌメルゴン,レベルアップ＋Lv.50以上＋フィールドが雨,雨天時にレベルアップ。RTC・天候固定が使えない場合は「あめのしずく」を使用。,LEVEL_OR_STANDARD,,NOT_APPLICABLE,yes,ROM_EDGE_EXISTS_FOR_COVERED_ROWS; MASTER_DESIGN_FOR_OTHER_ROWS,READY_TO_INTEGRATE,TEST_EVOLUTION_0532_TRIGGER|_MISSING_INPUT|_SAVE_RELOAD,DPE拡張系統内で接続
533,712,SPECIES_KEY_BERGMITE,カチコール,713,SPECIES_KEY_AVALUGG,クレベース,レベルアップ＋Lv.37以上,レベルアップ＋Lv.37以上（CFRU/DPEの対応トリガーを使用。通信・RTC必須にはしない）,LEVEL_OR_STANDARD,,NOT_APPLICABLE,yes,ROM_EDGE_EXISTS_FOR_COVERED_ROWS; MASTER_DESIGN_FOR_OTHER_ROWS,READY_TO_INTEGRATE,TEST_EVOLUTION_0533_TRIGGER|_MISSING_INPUT|_SAVE_RELOAD,DPE拡張系統内で接続
534,723,SPECIES_KEY_DARTRIX,フクスロー,724,SPECIES_KEY_DECIDUEYE,ジュナイパー,レベルアップ＋Lv.36以上,レベルアップ＋Lv.36以上（CFRU/DPEの対応トリガーを使用。通信・RTC必須にはしない）,LEVEL_OR_STANDARD,,NOT_APPLICABLE,yes,ROM_EDGE_EXISTS_FOR_COVERED_ROWS; MASTER_DESIGN_FOR_OTHER_ROWS,READY_TO_INTEGRATE,TEST_EVOLUTION_0534_TRIGGER|_MISSING_INPUT|_SAVE_RELOAD,DPE拡張系統内で接続
535,77,SPECIES_KEY_PONYTA,ポニータ,78,SPECIES_KEY_RAPIDASH,ギャロップ,レベルアップ＋Lv.40以上,レベルアップ＋Lv.40以上（CFRU/DPEの対応トリガーを使用。通信・RTC必須にはしない）,LEVEL_OR_STANDARD,,NOT_APPLICABLE,yes,ROM_EDGE_EXISTS_FOR_COVERED_ROWS; MASTER_DESIGN_FOR_OTHER_ROWS,READY_TO_INTEGRATE,TEST_EVOLUTION_0535_TRIGGER|_MISSING_INPUT|_SAVE_RELOAD,DPE拡張系統内で接続
536,109,SPECIES_KEY_KOFFING,ドガース,110,SPECIES_KEY_WEEZING,マタドガス,レベルアップ＋Lv.35以上,レベルアップ＋Lv.35以上（CFRU/DPEの対応トリガーを使用。通信・RTC必須にはしない）,LEVEL_OR_STANDARD,,NOT_APPLICABLE,yes,ROM_EDGE_EXISTS_FOR_COVERED_ROWS; MASTER_DESIGN_FOR_OTHER_ROWS,READY_TO_INTEGRATE,TEST_EVOLUTION_0536_TRIGGER|_MISSING_INPUT|_SAVE_RELOAD,既存ベガ種族IDを参照元にしたまま、新種族IDへ接続
537,439,SPECIES_KEY_MIME_JR,マネネ,122,SPECIES_KEY_MR_MIME,バリヤード,レベルアップ＋ものまねを覚えている,レベルアップ＋ものまねを覚えている（CFRU/DPEの対応トリガーを使用。通信・RTC必須にはしない）,MOVE,HOST_MOVE_TUTOR,NOT_APPLICABLE,yes,ROM_EDGE_EXISTS_FOR_COVERED_ROWS; MASTER_DESIGN_FOR_OTHER_ROWS,EXACT_ROM_SUPPLY_AUDIT_REQUIRED,TEST_EVOLUTION_0537_TRIGGER|_MISSING_INPUT|_SAVE_RELOAD,DPE拡張系統内で接続
538,263,SPECIES_KEY_ZIGZAGOON,ジグザグマ,264,SPECIES_KEY_LINOONE,マッスグマ,レベルアップ＋Lv.20以上,レベルアップ＋Lv.20以上（CFRU/DPEの対応トリガーを使用。通信・RTC必須にはしない）,LEVEL_OR_STANDARD,,NOT_APPLICABLE,yes,ROM_EDGE_EXISTS_FOR_COVERED_ROWS; MASTER_DESIGN_FOR_OTHER_ROWS,READY_TO_INTEGRATE,TEST_EVOLUTION_0538_TRIGGER|_MISSING_INPUT|_SAVE_RELOAD,DPE拡張系統内で接続
539,891,SPECIES_KEY_KUBFU,ダクマ,892,SPECIES_KEY_URSHIFU_SINGLE,ウーラオス,道具使用＋あくのかけじくを使う,道具使用＋あくのかけじくを使う（CFRU/DPEの対応トリガーを使用。通信・RTC必須にはしない）,ITEM,SUPPLY_ITEM_CATALOG_AUDIT,NOT_APPLICABLE,yes,ROM_EDGE_EXISTS_FOR_COVERED_ROWS; MASTER_DESIGN_FOR_OTHER_ROWS,EXACT_ROM_SUPPLY_AUDIT_REQUIRED,TEST_EVOLUTION_0539_TRIGGER|_MISSING_INPUT|_SAVE_RELOAD,DPE拡張系統内で接続
540,891,SPECIES_KEY_KUBFU,ダクマ,892,SPECIES_KEY_URSHIFU_SINGLE,ウーラオス,道具使用＋みずのかけじくを使う,道具使用＋みずのかけじくを使う（CFRU/DPEの対応トリガーを使用。通信・RTC必須にはしない）,ITEM,SUPPLY_ITEM_CATALOG_AUDIT,NOT_APPLICABLE,yes,ROM_EDGE_EXISTS_FOR_COVERED_ROWS; MASTER_DESIGN_FOR_OTHER_ROWS,EXACT_ROM_SUPPLY_AUDIT_REQUIRED,TEST_EVOLUTION_0540_TRIGGER|_MISSING_INPUT|_SAVE_RELOAD,DPE拡張系統内で接続
541,840,SPECIES_KEY_APPLIN,カジッチュ,1011,SPECIES_KEY_DIPPLIN,カミッチュ,道具使用＋みついりりんごを使う,道具使用＋みついりりんごを使う（CFRU/DPEの対応トリガーを使用。通信・RTC必須にはしない）,ITEM,SUPPLY_ITEM_CATALOG_AUDIT,NOT_APPLICABLE,yes,ROM_EDGE_EXISTS_FOR_COVERED_ROWS; MASTER_DESIGN_FOR_OTHER_ROWS,EXACT_ROM_SUPPLY_AUDIT_REQUIRED,TEST_EVOLUTION_0541_TRIGGER|_MISSING_INPUT|_SAVE_RELOAD,DPE拡張系統内で接続
542,884,SPECIES_KEY_DURALUDON,ジュラルドン,1018,SPECIES_KEY_ARCHALUDON,ブリジュラス,道具使用＋ふくごうきんぞくを使う,ジュラルドンに「ふくごうきんぞく」を使用。D・H炉心で反復精製可能。,ITEM,SUPPLY_ITEM_CATALOG_AUDIT,NOT_APPLICABLE,yes,ROM_EDGE_EXISTS_FOR_COVERED_ROWS; MASTER_DESIGN_FOR_OTHER_ROWS,EXACT_ROM_SUPPLY_AUDIT_REQUIRED,TEST_EVOLUTION_0542_TRIGGER|_MISSING_INPUT|_SAVE_RELOAD,DPE拡張系統内で接続
543,1011,SPECIES_KEY_DIPPLIN,カミッチュ,1019,SPECIES_KEY_HYDRAPPLE,カミツオロチ,レベルアップ＋ドラゴンエールを覚えている,レベルアップ＋ドラゴンエールを覚えている（CFRU/DPEの対応トリガーを使用。通信・RTC必須にはしない）,MOVE,HOST_MOVE_TUTOR,NOT_APPLICABLE,yes,ROM_EDGE_EXISTS_FOR_COVERED_ROWS; MASTER_DESIGN_FOR_OTHER_ROWS,EXACT_ROM_SUPPLY_AUDIT_REQUIRED,TEST_EVOLUTION_0543_TRIGGER|_MISSING_INPUT|_SAVE_RELOAD,DPE拡張系統内で接続
544,1012,SPECIES_KEY_POLTCHAGEIST,チャデス,1013,SPECIES_KEY_SINISTCHA,ヤバソチャ,道具使用＋ボンサクのちゃわんを使う,道具使用＋ボンサクのちゃわんを使う（CFRU/DPEの対応トリガーを使用。通信・RTC必須にはしない）,ITEM,SUPPLY_ITEM_CATALOG_AUDIT,NOT_APPLICABLE,yes,ROM_EDGE_EXISTS_FOR_COVERED_ROWS; MASTER_DESIGN_FOR_OTHER_ROWS,EXACT_ROM_SUPPLY_AUDIT_REQUIRED,TEST_EVOLUTION_0544_TRIGGER|_MISSING_INPUT|_SAVE_RELOAD,DPE拡張系統内で接続
545,1012,SPECIES_KEY_POLTCHAGEIST,チャデス,1013,SPECIES_KEY_SINISTCHA,ヤバソチャ,道具使用＋ケッサクのちゃわんを使う,道具使用＋ケッサクのちゃわんを使う（CFRU/DPEの対応トリガーを使用。通信・RTC必須にはしない）,ITEM,SUPPLY_ITEM_CATALOG_AUDIT,NOT_APPLICABLE,yes,ROM_EDGE_EXISTS_FOR_COVERED_ROWS; MASTER_DESIGN_FOR_OTHER_ROWS,EXACT_ROM_SUPPLY_AUDIT_REQUIRED,TEST_EVOLUTION_0545_TRIGGER|_MISSING_INPUT|_SAVE_RELOAD,DPE拡張系統内で接続
546,82,SPECIES_KEY_MAGNETON,レアコイル,462,SPECIES_KEY_MAGNEZONE,ジバコイル,レベルアップ＋指定場所ID 446,「じばのコア」を持たせてレベルアップ。かみなりのしま／D・H炉心でも可。,PLACE,SUPPLY_PLACE_OR_TOKEN_AUDIT,NOT_APPLICABLE,yes,ROM_EDGE_EXISTS_FOR_COVERED_ROWS; MASTER_DESIGN_FOR_OTHER_ROWS,EXACT_ROM_SUPPLY_AUDIT_REQUIRED,TEST_EVOLUTION_0546_TRIGGER|_MISSING_INPUT|_SAVE_RELOAD,既存ベガ種族IDを参照元にしたまま、新種族IDへ接続
547,299,SPECIES_KEY_NOSEPASS,ノズパス,476,SPECIES_KEY_PROBOPASS,ダイノーズ,レベルアップ＋指定場所ID 446,「じばのコア」を持たせてレベルアップ。かみなりのしま／D・H炉心でも可。,PLACE,SUPPLY_PLACE_OR_TOKEN_AUDIT,NOT_APPLICABLE,yes,ROM_EDGE_EXISTS_FOR_COVERED_ROWS; MASTER_DESIGN_FOR_OTHER_ROWS,EXACT_ROM_SUPPLY_AUDIT_REQUIRED,TEST_EVOLUTION_0547_TRIGGER|_MISSING_INPUT|_SAVE_RELOAD,DPE拡張系統内で接続
548,133,SPECIES_KEY_EEVEE,イーブイ,470,SPECIES_KEY_LEAFEON,リーフィア,レベルアップ＋指定場所ID 438＋特殊な岩の近く,「コケのコア」を持たせて昼にレベルアップ。ハクジのもりでも可。,PLACE,SUPPLY_PLACE_OR_TOKEN_AUDIT,NOT_APPLICABLE,yes,ROM_EDGE_EXISTS_FOR_COVERED_ROWS; MASTER_DESIGN_FOR_OTHER_ROWS,EXACT_ROM_SUPPLY_AUDIT_REQUIRED,TEST_EVOLUTION_0548_TRIGGER|_MISSING_INPUT|_SAVE_RELOAD,DPE拡張系統内で接続
549,133,SPECIES_KEY_EEVEE,イーブイ,471,SPECIES_KEY_GLACEON,グレイシア,レベルアップ＋指定場所ID 445＋特殊な岩の近く,「こおりのコア」を持たせて夜にレベルアップ。こおりのしまでも可。,PLACE,SUPPLY_PLACE_OR_TOKEN_AUDIT,NOT_APPLICABLE,yes,ROM_EDGE_EXISTS_FOR_COVERED_ROWS; MASTER_DESIGN_FOR_OTHER_ROWS,EXACT_ROM_SUPPLY_AUDIT_REQUIRED,TEST_EVOLUTION_0549_TRIGGER|_MISSING_INPUT|_SAVE_RELOAD,DPE拡張系統内で接続
550,133,SPECIES_KEY_EEVEE,イーブイ,470,SPECIES_KEY_LEAFEON,リーフィア,レベルアップ＋指定場所ID 750＋特殊な岩の近く,「コケのコア」を持たせて昼にレベルアップ。ハクジのもりでも可。,PLACE,SUPPLY_PLACE_OR_TOKEN_AUDIT,NOT_APPLICABLE,yes,ROM_EDGE_EXISTS_FOR_COVERED_ROWS; MASTER_DESIGN_FOR_OTHER_ROWS,EXACT_ROM_SUPPLY_AUDIT_REQUIRED,TEST_EVOLUTION_0550_TRIGGER|_MISSING_INPUT|_SAVE_RELOAD,DPE拡張系統内で接続
551,133,SPECIES_KEY_EEVEE,イーブイ,471,SPECIES_KEY_GLACEON,グレイシア,レベルアップ＋指定場所ID 775＋特殊な岩の近く,「こおりのコア」を持たせて夜にレベルアップ。こおりのしまでも可。,PLACE,SUPPLY_PLACE_OR_TOKEN_AUDIT,NOT_APPLICABLE,yes,ROM_EDGE_EXISTS_FOR_COVERED_ROWS; MASTER_DESIGN_FOR_OTHER_ROWS,EXACT_ROM_SUPPLY_AUDIT_REQUIRED,TEST_EVOLUTION_0551_TRIGGER|_MISSING_INPUT|_SAVE_RELOAD,DPE拡張系統内で接続
552,854,SPECIES_KEY_SINISTEA,ヤバチャ,855,SPECIES_KEY_POLTEAGEIST,ポットデス,道具使用＋かけたポットを使う,道具使用＋かけたポットを使う（CFRU/DPEの対応トリガーを使用。通信・RTC必須にはしない）,ITEM,SUPPLY_ITEM_CATALOG_AUDIT,NOT_APPLICABLE,yes,ROM_EDGE_EXISTS_FOR_COVERED_ROWS; MASTER_DESIGN_FOR_OTHER_ROWS,EXACT_ROM_SUPPLY_AUDIT_REQUIRED,TEST_EVOLUTION_0552_TRIGGER|_MISSING_INPUT|_SAVE_RELOAD,DPE拡張系統内で接続
553,349,SPECIES_KEY_FEEBAS,ヒンバス,350,SPECIES_KEY_MILOTIC,ミロカロス,レベルアップ＋うつくしさ170以上,うつくしさはコンディション非依存にし、きれいなウロコ使用。,LEVEL_OR_STANDARD,,NOT_APPLICABLE,yes,ROM_EDGE_EXISTS_FOR_COVERED_ROWS; MASTER_DESIGN_FOR_OTHER_ROWS,READY_TO_INTEGRATE,TEST_EVOLUTION_0553_TRIGGER|_MISSING_INPUT|_SAVE_RELOAD,DPE拡張系統内で接続
554,710,SPECIES_KEY_PUMPKABOO,バケッチャ,711,SPECIES_KEY_GOURGEIST,パンプジン,通信交換,「つながりのヒモ」を使用。通信交換でも従来通り進化。,TRADE,EVENT_TRADE_EMULATOR_SERVICE,NOT_APPLICABLE,yes,ROM_EDGE_EXISTS_FOR_COVERED_ROWS; MASTER_DESIGN_FOR_OTHER_ROWS,EXACT_ROM_SUPPLY_AUDIT_REQUIRED,TEST_EVOLUTION_0554_TRIGGER|_MISSING_INPUT|_SAVE_RELOAD,DPE拡張系統内で接続
555,710,SPECIES_KEY_PUMPKABOO,バケッチャ,711,SPECIES_KEY_GOURGEIST,パンプジン,通信交換,「つながりのヒモ」を使用。通信交換でも従来通り進化。,TRADE,EVENT_TRADE_EMULATOR_SERVICE,NOT_APPLICABLE,yes,ROM_EDGE_EXISTS_FOR_COVERED_ROWS; MASTER_DESIGN_FOR_OTHER_ROWS,EXACT_ROM_SUPPLY_AUDIT_REQUIRED,TEST_EVOLUTION_0555_TRIGGER|_MISSING_INPUT|_SAVE_RELOAD,DPE拡張系統内で接続
556,710,SPECIES_KEY_PUMPKABOO,バケッチャ,711,SPECIES_KEY_GOURGEIST,パンプジン,通信交換,「つながりのヒモ」を使用。通信交換でも従来通り進化。,TRADE,EVENT_TRADE_EMULATOR_SERVICE,NOT_APPLICABLE,yes,ROM_EDGE_EXISTS_FOR_COVERED_ROWS; MASTER_DESIGN_FOR_OTHER_ROWS,EXACT_ROM_SUPPLY_AUDIT_REQUIRED,TEST_EVOLUTION_0556_TRIGGER|_MISSING_INPUT|_SAVE_RELOAD,DPE拡張系統内で接続
