route_key,prerequisite_kind,prerequisite_key,edge_status,evidence
ROUTE_0001_VEGA_001,UNLOCK,UNLOCK_EXISTING_MAP_PROGRESSION,ACTIVE,ROM_WILD:1/64:VEGA_NATIVE:LAND:Lv5-25
ROUTE_0001_VEGA_001,RUNTIME,WILD_TABLE,ACTIVE,ROM_REACHABLE_VERIFIED
ROUTE_0002_VEGA_002,UNLOCK,UNLOCK_EVOLUTION_GLOBAL,ACTIVE,analysis/CURRENT_ACQUISITION_COVERAGE_1231.csv; predecessor canonical id 1; evolution root 0x09F79290
ROUTE_0002_VEGA_002,SPECIES,SPECIES_KEY_VEGA_001,ACTIVE,analysis/CURRENT_ACQUISITION_COVERAGE_1231.csv; predecessor canonical id 1; evolution root 0x09F79290
ROUTE_0002_VEGA_002,RUNTIME,EVOLUTION,ACTIVE,ROM_EVOLUTION_EDGE_VERIFIED_TRIGGER_SUPPLY_AUDIT_REQUIRED
ROUTE_0003_VEGA_003,UNLOCK,UNLOCK_EVOLUTION_GLOBAL,ACTIVE,analysis/CURRENT_ACQUISITION_COVERAGE_1231.csv; predecessor canonical id 2; evolution root 0x09F79290
ROUTE_0003_VEGA_003,SPECIES,SPECIES_KEY_VEGA_002,ACTIVE,analysis/CURRENT_ACQUISITION_COVERAGE_1231.csv; predecessor canonical id 2; evolution root 0x09F79290
ROUTE_0003_VEGA_003,RUNTIME,EVOLUTION,ACTIVE,ROM_EVOLUTION_EDGE_VERIFIED_TRIGGER_SUPPLY_AUDIT_REQUIRED
ROUTE_0004_VEGA_004,UNLOCK,UNLOCK_EXISTING_MAP_PROGRESSION,ACTIVE,ROM_WILD:1/64:VEGA_NATIVE:LAND:Lv5-25
ROUTE_0004_VEGA_004,RUNTIME,WILD_TABLE,ACTIVE,ROM_REACHABLE_VERIFIED
ROUTE_0005_VEGA_005,UNLOCK,UNLOCK_EVOLUTION_GLOBAL,ACTIVE,analysis/CURRENT_ACQUISITION_COVERAGE_1231.csv; predecessor canonical id 4; evolution root 0x09F79290
ROUTE_0005_VEGA_005,SPECIES,SPECIES_KEY_VEGA_004,ACTIVE,analysis/CURRENT_ACQUISITION_COVERAGE_1231.csv; predecessor canonical id 4; evolution root 0x09F79290
ROUTE_0005_VEGA_005,RUNTIME,EVOLUTION,ACTIVE,ROM_EVOLUTION_EDGE_VERIFIED_TRIGGER_SUPPLY_AUDIT_REQUIRED
ROUTE_0006_VEGA_006,UNLOCK,UNLOCK_EVOLUTION_GLOBAL,ACTIVE,analysis/CURRENT_ACQUISITION_COVERAGE_1231.csv; predecessor canonical id 5; evolution root 0x09F79290
ROUTE_0006_VEGA_006,SPECIES,SPECIES_KEY_VEGA_005,ACTIVE,analysis/CURRENT_ACQUISITION_COVERAGE_1231.csv; predecessor canonical id 5; evolution root 0x09F79290
ROUTE_0006_VEGA_006,RUNTIME,EVOLUTION,ACTIVE,ROM_EVOLUTION_EDGE_VERIFIED_TRIGGER_SUPPLY_AUDIT_REQUIRED
ROUTE_0007_VEGA_007,UNLOCK,UNLOCK_EXISTING_MAP_PROGRESSION,ACTIVE,ROM_WILD:1/64:VEGA_NATIVE:WATER:Lv5-25
ROUTE_0007_VEGA_007,RUNTIME,WILD_TABLE,ACTIVE,ROM_REACHABLE_VERIFIED
ROUTE_0008_VEGA_008,UNLOCK,UNLOCK_EVOLUTION_GLOBAL,ACTIVE,analysis/CURRENT_ACQUISITION_COVERAGE_1231.csv; predecessor canonical id 7; evolution root 0x09F79290
ROUTE_0008_VEGA_008,SPECIES,SPECIES_KEY_VEGA_007,ACTIVE,analysis/CURRENT_ACQUISITION_COVERAGE_1231.csv; predecessor canonical id 7; evolution root 0x09F79290
ROUTE_0008_VEGA_008,RUNTIME,EVOLUTION,ACTIVE,ROM_EVOLUTION_EDGE_VERIFIED_TRIGGER_SUPPLY_AUDIT_REQUIRED
ROUTE_0009_VEGA_009,UNLOCK,UNLOCK_EVOLUTION_GLOBAL,ACTIVE,analysis/CURRENT_ACQUISITION_COVERAGE_1231.csv; predecessor canonical id 8; evolution root 0x09F79290
ROUTE_0009_VEGA_009,SPECIES,SPECIES_KEY_VEGA_008,ACTIVE,analysis/CURRENT_ACQUISITION_COVERAGE_1231.csv; predecessor canonical id 8; evolution root 0x09F79290
ROUTE_0009_VEGA_009,RUNTIME,EVOLUTION,ACTIVE,ROM_EVOLUTION_EDGE_VERIFIED_TRIGGER_SUPPLY_AUDIT_REQUIRED
ROUTE_0010_TAILLOW,UNLOCK,UNLOCK_EXISTING_MAP_PROGRESSION,ACTIVE,ROM_WILD:3/19:VEGA_NATIVE:LAND:Lv2-2
ROUTE_0010_TAILLOW,RUNTIME,WILD_TABLE,ACTIVE,ROM_REACHABLE_VERIFIED
ROUTE_0011_SWELLOW,UNLOCK,UNLOCK_EXISTING_MAP_PROGRESSION,ACTIVE,ROM_WILD:3/32:VEGA_NATIVE:ROCK:Lv2-2
ROUTE_0011_SWELLOW,RUNTIME,WILD_TABLE,ACTIVE,ROM_REACHABLE_VERIFIED
ROUTE_0012_RIOLU,UNLOCK,UNLOCK_EXISTING_MAP_PROGRESSION,ACTIVE,ROM_WILD:96/9:K42:FISHING:Lv94-100
ROUTE_0012_RIOLU,RUNTIME,WILD_TABLE,ACTIVE,ROM_REACHABLE_VERIFIED
ROUTE_0013_LUCARIO,UNLOCK,UNLOCK_EXISTING_MAP_PROGRESSION,ACTIVE,ROM_WILD:0/0:VEGA_NATIVE:LAND:Lv7-7
ROUTE_0013_LUCARIO,RUNTIME,WILD_TABLE,ACTIVE,ROM_REACHABLE_VERIFIED
ROUTE_0014_HOUNDOUR,UNLOCK,UNLOCK_EXISTING_MAP_PROGRESSION,ACTIVE,ROM_WILD:3/21:VEGA_NATIVE:LAND:Lv6-6
ROUTE_0014_HOUNDOUR,RUNTIME,WILD_TABLE,ACTIVE,ROM_REACHABLE_VERIFIED
ROUTE_0015_HOUNDOOM,UNLOCK,UNLOCK_EVOLUTION_GLOBAL,ACTIVE,analysis/CURRENT_ACQUISITION_COVERAGE_1231.csv; predecessor canonical id 14; evolution root 0x09F79290
ROUTE_0015_HOUNDOOM,SPECIES,SPECIES_KEY_HOUNDOUR,ACTIVE,analysis/CURRENT_ACQUISITION_COVERAGE_1231.csv; predecessor canonical id 14; evolution root 0x09F79290
ROUTE_0015_HOUNDOOM,RUNTIME,EVOLUTION,ACTIVE,ROM_EVOLUTION_EDGE_VERIFIED_TRIGGER_SUPPLY_AUDIT_REQUIRED
ROUTE_0016_DIGLETT,UNLOCK,UNLOCK_EXISTING_MAP_PROGRESSION,ACTIVE,ROM_WILD:1/73:VEGA_NATIVE:LAND:Lv6-6
ROUTE_0016_DIGLETT,RUNTIME,WILD_TABLE,ACTIVE,ROM_REACHABLE_VERIFIED
ROUTE_0017_DUGTRIO,UNLOCK,UNLOCK_EXISTING_MAP_PROGRESSION,ACTIVE,ROM_WILD:1/1:VEGA_NATIVE:LAND:Lv34-34
ROUTE_0017_DUGTRIO,RUNTIME,WILD_TABLE,ACTIVE,ROM_REACHABLE_VERIFIED
ROUTE_0018_TOGEPI,UNLOCK,UNLOCK_EXISTING_MAP_PROGRESSION,ACTIVE,ROM_WILD:3/20:VEGA_NATIVE:LAND:Lv3-3
ROUTE_0018_TOGEPI,RUNTIME,WILD_TABLE,ACTIVE,ROM_REACHABLE_VERIFIED
ROUTE_0019_TOGETIC,UNLOCK,UNLOCK_EXISTING_MAP_PROGRESSION,ACTIVE,ROM_WILD:0/0:VEGA_NATIVE:LAND:Lv2-2
ROUTE_0019_TOGETIC,RUNTIME,WILD_TABLE,ACTIVE,ROM_REACHABLE_VERIFIED
ROUTE_0020_TOGEKISS,UNLOCK,UNLOCK_EXISTING_MAP_PROGRESSION,ACTIVE,ROM_WILD:1/114:VEGA_NATIVE:LAND:Lv78-86
ROUTE_0020_TOGEKISS,RUNTIME,WILD_TABLE,ACTIVE,ROM_REACHABLE_VERIFIED
ROUTE_0021_VEGA_021,UNLOCK,UNLOCK_EXISTING_MAP_PROGRESSION,ACTIVE,ROM_WILD:3/19:VEGA_NATIVE:LAND:Lv2-2
ROUTE_0021_VEGA_021,RUNTIME,WILD_TABLE,ACTIVE,ROM_REACHABLE_VERIFIED
ROUTE_0022_VEGA_022,UNLOCK,UNLOCK_EXISTING_MAP_PROGRESSION,ACTIVE,ROM_WILD:3/32:VEGA_NATIVE:LAND:Lv31-31
ROUTE_0022_VEGA_022,RUNTIME,WILD_TABLE,ACTIVE,ROM_REACHABLE_VERIFIED
ROUTE_0023_VEGA_023,UNLOCK,UNLOCK_EXISTING_MAP_PROGRESSION,ACTIVE,ROM_WILD:0/0:VEGA_NATIVE:LAND:Lv32-32
ROUTE_0023_VEGA_023,RUNTIME,WILD_TABLE,ACTIVE,ROM_REACHABLE_VERIFIED
ROUTE_0024_PICHU,UNLOCK,UNLOCK_EXISTING_MAP_PROGRESSION,ACTIVE,ROM_WILD:3/23:VEGA_NATIVE:LAND:Lv6-6
ROUTE_0024_PICHU,RUNTIME,WILD_TABLE,ACTIVE,ROM_REACHABLE_VERIFIED
ROUTE_0025_PIKACHU,UNLOCK,UNLOCK_EXISTING_MAP_PROGRESSION,ACTIVE,ROM_WILD:1/66:VEGA_NATIVE:LAND:Lv20-23
ROUTE_0025_PIKACHU,RUNTIME,WILD_TABLE,ACTIVE,ROM_REACHABLE_VERIFIED
ROUTE_0026_RAICHU,UNLOCK,UNLOCK_EVOLUTION_GLOBAL,ACTIVE,analysis/CURRENT_ACQUISITION_COVERAGE_1231.csv; predecessor canonical id 25; evolution root 0x09F79290
ROUTE_0026_RAICHU,SPECIES,SPECIES_KEY_PIKACHU,ACTIVE,analysis/CURRENT_ACQUISITION_COVERAGE_1231.csv; predecessor canonical id 25; evolution root 0x09F79290
ROUTE_0026_RAICHU,RUNTIME,EVOLUTION,ACTIVE,ROM_EVOLUTION_EDGE_VERIFIED_TRIGGER_SUPPLY_AUDIT_REQUIRED
ROUTE_0027_VEGA_027,UNLOCK,UNLOCK_EXISTING_MAP_PROGRESSION,ACTIVE,ROM_WILD:1/118:VEGA_NATIVE:LAND:Lv89-95
ROUTE_0027_VEGA_027,RUNTIME,WILD_TABLE,ACTIVE,ROM_REACHABLE_VERIFIED
ROUTE_0028_SKARMORY,UNLOCK,UNLOCK_EXISTING_MAP_PROGRESSION,ACTIVE,ROM_WILD:1/63:VEGA_NATIVE:LAND:Lv22-22
ROUTE_0028_SKARMORY,RUNTIME,WILD_TABLE,ACTIVE,ROM_REACHABLE_VERIFIED
ROUTE_0029_NIDORAN_F,UNLOCK,UNLOCK_EXISTING_MAP_PROGRESSION,ACTIVE,ROM_WILD:3/21:VEGA_NATIVE:LAND:Lv6-6
ROUTE_0029_NIDORAN_F,RUNTIME,WILD_TABLE,ACTIVE,ROM_REACHABLE_VERIFIED
ROUTE_0030_NIDORINA,UNLOCK,UNLOCK_EXISTING_MAP_PROGRESSION,ACTIVE,ROM_WILD:3/32:VEGA_NATIVE:LAND:Lv31-31
ROUTE_0030_NIDORINA,RUNTIME,WILD_TABLE,ACTIVE,ROM_REACHABLE_VERIFIED
ROUTE_0031_NIDOQUEEN,UNLOCK,UNLOCK_EVOLUTION_GLOBAL,ACTIVE,analysis/CURRENT_ACQUISITION_COVERAGE_1231.csv; predecessor canonical id 30; evolution root 0x09F79290
ROUTE_0031_NIDOQUEEN,SPECIES,SPECIES_KEY_NIDORINA,ACTIVE,analysis/CURRENT_ACQUISITION_COVERAGE_1231.csv; predecessor canonical id 30; evolution root 0x09F79290
ROUTE_0031_NIDOQUEEN,RUNTIME,EVOLUTION,ACTIVE,ROM_EVOLUTION_EDGE_VERIFIED_TRIGGER_SUPPLY_AUDIT_REQUIRED
ROUTE_0032_NIDORAN_M,UNLOCK,UNLOCK_EXISTING_MAP_PROGRESSION,ACTIVE,ROM_WILD:3/21:VEGA_NATIVE:LAND:Lv6-6
ROUTE_0032_NIDORAN_M,RUNTIME,WILD_TABLE,ACTIVE,ROM_REACHABLE_VERIFIED
ROUTE_0033_NIDORINO,UNLOCK,UNLOCK_EXISTING_MAP_PROGRESSION,ACTIVE,ROM_WILD:3/32:VEGA_NATIVE:LAND:Lv31-31
ROUTE_0033_NIDORINO,RUNTIME,WILD_TABLE,ACTIVE,ROM_REACHABLE_VERIFIED
ROUTE_0034_NIDOKING,UNLOCK,UNLOCK_EVOLUTION_GLOBAL,ACTIVE,analysis/CURRENT_ACQUISITION_COVERAGE_1231.csv; predecessor canonical id 33; evolution root 0x09F79290
ROUTE_0034_NIDOKING,SPECIES,SPECIES_KEY_NIDORINO,ACTIVE,analysis/CURRENT_ACQUISITION_COVERAGE_1231.csv; predecessor canonical id 33; evolution root 0x09F79290
ROUTE_0034_NIDOKING,RUNTIME,EVOLUTION,ACTIVE,ROM_EVOLUTION_EDGE_VERIFIED_TRIGGER_SUPPLY_AUDIT_REQUIRED
ROUTE_0035_BUIZEL,UNLOCK,UNLOCK_EXISTING_MAP_PROGRESSION,ACTIVE,ROM_WILD:3/0:VEGA_NATIVE:FISHING:Lv5-10
ROUTE_0035_BUIZEL,RUNTIME,WILD_TABLE,ACTIVE,ROM_REACHABLE_VERIFIED
ROUTE_0036_FLOATZEL,UNLOCK,UNLOCK_EXISTING_MAP_PROGRESSION,ACTIVE,ROM_WILD:3/30:VEGA_NATIVE:WATER:Lv25-35
ROUTE_0036_FLOATZEL,RUNTIME,WILD_TABLE,ACTIVE,ROM_REACHABLE_VERIFIED
ROUTE_0037_VEGA_037,UNLOCK,UNLOCK_EXISTING_MAP_PROGRESSION,ACTIVE,ROM_WILD:3/32:VEGA_NATIVE:ROCK:Lv2-2
ROUTE_0037_VEGA_037,RUNTIME,WILD_TABLE,ACTIVE,ROM_REACHABLE_VERIFIED
ROUTE_0038_VEGA_038,UNLOCK,UNLOCK_EXISTING_MAP_PROGRESSION,ACTIVE,ROM_WILD:3/32:VEGA_NATIVE:ROCK:Lv2-2
ROUTE_0038_VEGA_038,RUNTIME,WILD_TABLE,ACTIVE,ROM_REACHABLE_VERIFIED
ROUTE_0039_PINECO,UNLOCK,UNLOCK_EXISTING_MAP_PROGRESSION,ACTIVE,ROM_WILD:3/19:VEGA_NATIVE:LAND:Lv2-3
ROUTE_0039_PINECO,RUNTIME,WILD_TABLE,ACTIVE,ROM_REACHABLE_VERIFIED
ROUTE_0040_FORRETRESS,UNLOCK,UNLOCK_EXISTING_MAP_PROGRESSION,ACTIVE,ROM_WILD:3/32:VEGA_NATIVE:WATER:Lv2-2
ROUTE_0040_FORRETRESS,RUNTIME,WILD_TABLE,ACTIVE,ROM_REACHABLE_VERIFIED
ROUTE_0041_SHELLDER,UNLOCK,UNLOCK_EXISTING_MAP_PROGRESSION,ACTIVE,ROM_WILD:11/3:VEGA_NATIVE:FISHING:Lv5-10
ROUTE_0041_SHELLDER,RUNTIME,WILD_TABLE,ACTIVE,ROM_REACHABLE_VERIFIED
ROUTE_0042_CLOYSTER,UNLOCK,UNLOCK_EXISTING_MAP_PROGRESSION,ACTIVE,ROM_WILD:11/3:VEGA_NATIVE:FISHING:Lv40-45
ROUTE_0042_CLOYSTER,RUNTIME,WILD_TABLE,ACTIVE,ROM_REACHABLE_VERIFIED
ROUTE_0043_VEGA_043,UNLOCK,UNLOCK_EXISTING_MAP_PROGRESSION,ACTIVE,ROM_WILD:0/0:VEGA_NATIVE:LAND:Lv12-12
ROUTE_0043_VEGA_043,RUNTIME,WILD_TABLE,ACTIVE,ROM_REACHABLE_VERIFIED
ROUTE_0044_VEGA_044,UNLOCK,UNLOCK_EVOLUTION_GLOBAL,ACTIVE,analysis/CURRENT_ACQUISITION_COVERAGE_1231.csv; predecessor canonical id 43; evolution root 0x09F79290
ROUTE_0044_VEGA_044,SPECIES,SPECIES_KEY_VEGA_043,ACTIVE,analysis/CURRENT_ACQUISITION_COVERAGE_1231.csv; predecessor canonical id 43; evolution root 0x09F79290
ROUTE_0044_VEGA_044,RUNTIME,EVOLUTION,ACTIVE,ROM_EVOLUTION_EDGE_VERIFIED_TRIGGER_SUPPLY_AUDIT_REQUIRED
ROUTE_0045_VEGA_045,UNLOCK,UNLOCK_EVOLUTION_GLOBAL,ACTIVE,analysis/CURRENT_ACQUISITION_COVERAGE_1231.csv; predecessor canonical id 43; evolution root 0x09F79290
ROUTE_0045_VEGA_045,SPECIES,SPECIES_KEY_VEGA_043,ACTIVE,analysis/CURRENT_ACQUISITION_COVERAGE_1231.csv; predecessor canonical id 43; evolution root 0x09F79290
ROUTE_0045_VEGA_045,RUNTIME,EVOLUTION,ACTIVE,ROM_EVOLUTION_EDGE_VERIFIED_TRIGGER_SUPPLY_AUDIT_REQUIRED
ROUTE_0046_TYROGUE,UNLOCK,UNLOCK_EXISTING_MAP_PROGRESSION,ACTIVE,ROM_WILD:1/73:VEGA_NATIVE:LAND:Lv6-7
ROUTE_0046_TYROGUE,RUNTIME,WILD_TABLE,ACTIVE,ROM_REACHABLE_VERIFIED
ROUTE_0047_HITMONLEE,UNLOCK,UNLOCK_EVOLUTION_GLOBAL,ACTIVE,analysis/CURRENT_ACQUISITION_COVERAGE_1231.csv; predecessor canonical id 46; evolution root 0x09F79290
ROUTE_0047_HITMONLEE,SPECIES,SPECIES_KEY_TYROGUE,ACTIVE,analysis/CURRENT_ACQUISITION_COVERAGE_1231.csv; predecessor canonical id 46; evolution root 0x09F79290
ROUTE_0047_HITMONLEE,RUNTIME,EVOLUTION,ACTIVE,ROM_EVOLUTION_EDGE_VERIFIED_TRIGGER_SUPPLY_AUDIT_REQUIRED
ROUTE_0048_HITMONCHAN,UNLOCK,UNLOCK_EVOLUTION_GLOBAL,ACTIVE,analysis/CURRENT_ACQUISITION_COVERAGE_1231.csv; predecessor canonical id 46; evolution root 0x09F79290
ROUTE_0048_HITMONCHAN,SPECIES,SPECIES_KEY_TYROGUE,ACTIVE,analysis/CURRENT_ACQUISITION_COVERAGE_1231.csv; predecessor canonical id 46; evolution root 0x09F79290
ROUTE_0048_HITMONCHAN,RUNTIME,EVOLUTION,ACTIVE,ROM_EVOLUTION_EDGE_VERIFIED_TRIGGER_SUPPLY_AUDIT_REQUIRED
ROUTE_0049_HITMONTOP,UNLOCK,UNLOCK_EVOLUTION_GLOBAL,ACTIVE,analysis/CURRENT_ACQUISITION_COVERAGE_1231.csv; predecessor canonical id 46; evolution root 0x09F79290
ROUTE_0049_HITMONTOP,SPECIES,SPECIES_KEY_TYROGUE,ACTIVE,analysis/CURRENT_ACQUISITION_COVERAGE_1231.csv; predecessor canonical id 46; evolution root 0x09F79290
ROUTE_0049_HITMONTOP,RUNTIME,EVOLUTION,ACTIVE,ROM_EVOLUTION_EDGE_VERIFIED_TRIGGER_SUPPLY_AUDIT_REQUIRED
ROUTE_0050_VEGA_050,UNLOCK,UNLOCK_EXISTING_MAP_PROGRESSION,ACTIVE,ROM_WILD:1/73:VEGA_NATIVE:LAND:Lv7-7
ROUTE_0050_VEGA_050,RUNTIME,WILD_TABLE,ACTIVE,ROM_REACHABLE_VERIFIED
ROUTE_0051_VEGA_051,UNLOCK,UNLOCK_EVOLUTION_GLOBAL,ACTIVE,analysis/CURRENT_ACQUISITION_COVERAGE_1231.csv; predecessor canonical id 50; evolution root 0x09F79290
ROUTE_0051_VEGA_051,SPECIES,SPECIES_KEY_VEGA_050,ACTIVE,analysis/CURRENT_ACQUISITION_COVERAGE_1231.csv; predecessor canonical id 50; evolution root 0x09F79290
ROUTE_0051_VEGA_051,RUNTIME,EVOLUTION,ACTIVE,ROM_EVOLUTION_EDGE_VERIFIED_TRIGGER_SUPPLY_AUDIT_REQUIRED
ROUTE_0052_ABSOL,UNLOCK,UNLOCK_EXISTING_MAP_PROGRESSION,ACTIVE,ROM_WILD:1/63:VEGA_NATIVE:LAND:Lv20-20
ROUTE_0052_ABSOL,RUNTIME,WILD_TABLE,ACTIVE,ROM_REACHABLE_VERIFIED
ROUTE_0053_VEGA_053,UNLOCK,UNLOCK_EXISTING_MAP_PROGRESSION,ACTIVE,ROM_WILD:1/114:VEGA_NATIVE:LAND:Lv78-86
ROUTE_0053_VEGA_053,RUNTIME,WILD_TABLE,ACTIVE,ROM_REACHABLE_VERIFIED
ROUTE_0054_GIRAFARIG,UNLOCK,UNLOCK_EXISTING_MAP_PROGRESSION,ACTIVE,ROM_WILD:0/0:VEGA_NATIVE:WATER:Lv5-35
ROUTE_0054_GIRAFARIG,RUNTIME,WILD_TABLE,ACTIVE,ROM_REACHABLE_VERIFIED
ROUTE_0055_VEGA_055,UNLOCK,UNLOCK_EXISTING_MAP_PROGRESSION,ACTIVE,ROM_WILD:1/113:VEGA_NATIVE:LAND:Lv75-83
ROUTE_0055_VEGA_055,RUNTIME,WILD_TABLE,ACTIVE,ROM_REACHABLE_VERIFIED
ROUTE_0056_VEGA_056,UNLOCK,UNLOCK_EXISTING_MAP_PROGRESSION,ACTIVE,ROM_WILD:0/0:VEGA_NATIVE:LAND:Lv2-2
ROUTE_0056_VEGA_056,RUNTIME,WILD_TABLE,ACTIVE,ROM_REACHABLE_VERIFIED
ROUTE_0057_VEGA_057,UNLOCK,UNLOCK_EXISTING_MAP_PROGRESSION,ACTIVE,ROM_WILD:0/0:VEGA_NATIVE:LAND:Lv42-42
ROUTE_0057_VEGA_057,RUNTIME,WILD_TABLE,ACTIVE,ROM_REACHABLE_VERIFIED
ROUTE_0058_MAGNEMITE,UNLOCK,UNLOCK_EXISTING_MAP_PROGRESSION,ACTIVE,ROM_WILD:1/12:VEGA_NATIVE:LAND:Lv34-34
ROUTE_0058_MAGNEMITE,RUNTIME,WILD_TABLE,ACTIVE,ROM_REACHABLE_VERIFIED
ROUTE_0059_MAGNETON,UNLOCK,UNLOCK_EXISTING_MAP_PROGRESSION,ACTIVE,ROM_WILD:1/12:VEGA_NATIVE:LAND:Lv38-38
ROUTE_0059_MAGNETON,RUNTIME,WILD_TABLE,ACTIVE,ROM_REACHABLE_VERIFIED
ROUTE_0060_MAGNEZONE,UNLOCK,UNLOCK_EXISTING_MAP_PROGRESSION,ACTIVE,ROM_WILD:0/0:VEGA_NATIVE:FISHING:Lv5-15
ROUTE_0060_MAGNEZONE,RUNTIME,WILD_TABLE,ACTIVE,ROM_REACHABLE_VERIFIED
ROUTE_0061_STARYU,UNLOCK,UNLOCK_EXISTING_MAP_PROGRESSION,ACTIVE,ROM_WILD:3/25:VEGA_NATIVE:FISHING:Lv10-30
ROUTE_0061_STARYU,RUNTIME,WILD_TABLE,ACTIVE,ROM_REACHABLE_VERIFIED
ROUTE_0062_STARMIE,UNLOCK,UNLOCK_EVOLUTION_GLOBAL,ACTIVE,analysis/CURRENT_ACQUISITION_COVERAGE_1231.csv; predecessor canonical id 61; evolution root 0x09F79290
ROUTE_0062_STARMIE,SPECIES,SPECIES_KEY_STARYU,ACTIVE,analysis/CURRENT_ACQUISITION_COVERAGE_1231.csv; predecessor canonical id 61; evolution root 0x09F79290
ROUTE_0062_STARMIE,RUNTIME,EVOLUTION,ACTIVE,ROM_EVOLUTION_EDGE_VERIFIED_TRIGGER_SUPPLY_AUDIT_REQUIRED
ROUTE_0063_GASTLY,UNLOCK,UNLOCK_EXISTING_MAP_PROGRESSION,ACTIVE,ROM_WILD:0/0:VEGA_NATIVE:LAND:Lv8-8
ROUTE_0063_GASTLY,RUNTIME,WILD_TABLE,ACTIVE,ROM_REACHABLE_VERIFIED
ROUTE_0064_HAUNTER,UNLOCK,UNLOCK_EXISTING_MAP_PROGRESSION,ACTIVE,ROM_WILD:1/5:VEGA_NATIVE:LAND:Lv32-32
ROUTE_0064_HAUNTER,RUNTIME,WILD_TABLE,ACTIVE,ROM_REACHABLE_VERIFIED
ROUTE_0065_GENGAR,UNLOCK,UNLOCK_EVOLUTION_GLOBAL,ACTIVE,analysis/CURRENT_ACQUISITION_COVERAGE_1231.csv; predecessor canonical id 64; evolution root 0x09F79290
ROUTE_0065_GENGAR,SPECIES,SPECIES_KEY_HAUNTER,ACTIVE,analysis/CURRENT_ACQUISITION_COVERAGE_1231.csv; predecessor canonical id 64; evolution root 0x09F79290
ROUTE_0065_GENGAR,RUNTIME,EVOLUTION,ACTIVE,ROM_EVOLUTION_EDGE_VERIFIED_TRIGGER_SUPPLY_AUDIT_REQUIRED
ROUTE_0066_EXEGGCUTE,UNLOCK,UNLOCK_EXISTING_MAP_PROGRESSION,ACTIVE,ROM_WILD:1/0:VEGA_NATIVE:LAND:Lv22-22
ROUTE_0066_EXEGGCUTE,RUNTIME,WILD_TABLE,ACTIVE,ROM_REACHABLE_VERIFIED
ROUTE_0067_EXEGGUTOR,UNLOCK,UNLOCK_EVOLUTION_GLOBAL,ACTIVE,analysis/CURRENT_ACQUISITION_COVERAGE_1231.csv; predecessor canonical id 66; evolution root 0x09F79290
ROUTE_0067_EXEGGUTOR,SPECIES,SPECIES_KEY_EXEGGCUTE,ACTIVE,analysis/CURRENT_ACQUISITION_COVERAGE_1231.csv; predecessor canonical id 66; evolution root 0x09F79290
ROUTE_0067_EXEGGUTOR,RUNTIME,EVOLUTION,ACTIVE,ROM_EVOLUTION_EDGE_VERIFIED_TRIGGER_SUPPLY_AUDIT_REQUIRED
ROUTE_0068_VEGA_068,UNLOCK,UNLOCK_EXISTING_MAP_PROGRESSION,ACTIVE,ROM_WILD:3/36:VEGA_NATIVE:LAND:Lv12-12
ROUTE_0068_VEGA_068,RUNTIME,WILD_TABLE,ACTIVE,ROM_REACHABLE_VERIFIED
ROUTE_0069_VEGA_069,UNLOCK,UNLOCK_EXISTING_MAP_PROGRESSION,ACTIVE,ROM_WILD:1/39:VEGA_NATIVE:LAND:Lv43-44
ROUTE_0069_VEGA_069,RUNTIME,WILD_TABLE,ACTIVE,ROM_REACHABLE_VERIFIED
ROUTE_0070_VEGA_070,UNLOCK,UNLOCK_EXISTING_MAP_PROGRESSION,ACTIVE,ROM_WILD:1/6:VEGA_NATIVE:LAND:Lv33-33
ROUTE_0070_VEGA_070,RUNTIME,WILD_TABLE,ACTIVE,ROM_REACHABLE_VERIFIED
ROUTE_0071_RHYHORN,UNLOCK,UNLOCK_EXISTING_MAP_PROGRESSION,ACTIVE,ROM_WILD:1/12:VEGA_NATIVE:ROCK:Lv20-30
ROUTE_0071_RHYHORN,RUNTIME,WILD_TABLE,ACTIVE,ROM_REACHABLE_VERIFIED
ROUTE_0072_RHYDON,UNLOCK,UNLOCK_EXISTING_MAP_PROGRESSION,ACTIVE,ROM_WILD:0/0:VEGA_NATIVE:WATER:Lv5-10
ROUTE_0072_RHYDON,RUNTIME,WILD_TABLE,ACTIVE,ROM_REACHABLE_VERIFIED
ROUTE_0073_RHYPERIOR,UNLOCK,UNLOCK_EXISTING_MAP_PROGRESSION,ACTIVE,ROM_WILD:0/0:VEGA_NATIVE:WATER:Lv35-40
ROUTE_0073_RHYPERIOR,RUNTIME,WILD_TABLE,ACTIVE,ROM_REACHABLE_VERIFIED
ROUTE_0074_TROPIUS,UNLOCK,UNLOCK_EXISTING_MAP_PROGRESSION,ACTIVE,ROM_WILD:3/42:VEGA_NATIVE:LAND:Lv15-15
ROUTE_0074_TROPIUS,RUNTIME,WILD_TABLE,ACTIVE,ROM_REACHABLE_VERIFIED
ROUTE_0075_PORYGON,UNLOCK,UNLOCK_EXISTING_MAP_PROGRESSION,ACTIVE,ROM_WILD:96/10:K41:FISHING:Lv90-97
ROUTE_0075_PORYGON,RUNTIME,WILD_TABLE,ACTIVE,ROM_REACHABLE_VERIFIED
ROUTE_0076_PORYGON2,UNLOCK,UNLOCK_EVOLUTION_GLOBAL,ACTIVE,analysis/CURRENT_ACQUISITION_COVERAGE_1231.csv; predecessor canonical id 75; evolution root 0x09F79290
ROUTE_0076_PORYGON2,SPECIES,SPECIES_KEY_PORYGON,ACTIVE,analysis/CURRENT_ACQUISITION_COVERAGE_1231.csv; predecessor canonical id 75; evolution root 0x09F79290
ROUTE_0076_PORYGON2,RUNTIME,EVOLUTION,ACTIVE,ROM_EVOLUTION_EDGE_VERIFIED_TRIGGER_SUPPLY_AUDIT_REQUIRED
ROUTE_0077_PORYGON_Z,UNLOCK,UNLOCK_EVOLUTION_GLOBAL,ACTIVE,analysis/CURRENT_ACQUISITION_COVERAGE_1231.csv; predecessor canonical id 76; evolution root 0x09F79290
ROUTE_0077_PORYGON_Z,SPECIES,SPECIES_KEY_PORYGON2,ACTIVE,analysis/CURRENT_ACQUISITION_COVERAGE_1231.csv; predecessor canonical id 76; evolution root 0x09F79290
ROUTE_0077_PORYGON_Z,RUNTIME,EVOLUTION,ACTIVE,ROM_EVOLUTION_EDGE_VERIFIED_TRIGGER_SUPPLY_AUDIT_REQUIRED
ROUTE_0078_SPHEAL,UNLOCK,UNLOCK_EXISTING_MAP_PROGRESSION,ACTIVE,ROM_WILD:3/28:VEGA_NATIVE:WATER:Lv10-15
ROUTE_0078_SPHEAL,RUNTIME,WILD_TABLE,ACTIVE,ROM_REACHABLE_VERIFIED
ROUTE_0079_SEALEO,UNLOCK,UNLOCK_EXISTING_MAP_PROGRESSION,ACTIVE,ROM_WILD:3/30:VEGA_NATIVE:WATER:Lv20-25
ROUTE_0079_SEALEO,RUNTIME,WILD_TABLE,ACTIVE,ROM_REACHABLE_VERIFIED
ROUTE_0080_WALREIN,UNLOCK,UNLOCK_EVOLUTION_GLOBAL,ACTIVE,analysis/CURRENT_ACQUISITION_COVERAGE_1231.csv; predecessor canonical id 79; evolution root 0x09F79290
ROUTE_0080_WALREIN,SPECIES,SPECIES_KEY_SEALEO,ACTIVE,analysis/CURRENT_ACQUISITION_COVERAGE_1231.csv; predecessor canonical id 79; evolution root 0x09F79290
ROUTE_0080_WALREIN,RUNTIME,EVOLUTION,ACTIVE,ROM_EVOLUTION_EDGE_VERIFIED_TRIGGER_SUPPLY_AUDIT_REQUIRED
ROUTE_0081_VEGA_081,UNLOCK,UNLOCK_EXISTING_MAP_PROGRESSION,ACTIVE,ROM_WILD:3/1:VEGA_NATIVE:ROCK:Lv5-15
ROUTE_0081_VEGA_081,RUNTIME,WILD_TABLE,ACTIVE,ROM_REACHABLE_VERIFIED
ROUTE_0082_VEGA_082,UNLOCK,UNLOCK_EXISTING_MAP_PROGRESSION,ACTIVE,ROM_WILD:3/1:VEGA_NATIVE:ROCK:Lv25-30
ROUTE_0082_VEGA_082,RUNTIME,WILD_TABLE,ACTIVE,ROM_REACHABLE_VERIFIED
ROUTE_0083_VEGA_083,UNLOCK,UNLOCK_EXISTING_MAP_PROGRESSION,ACTIVE,ROM_WILD:1/0:VEGA_NATIVE:LAND:Lv22-23
ROUTE_0083_VEGA_083,RUNTIME,WILD_TABLE,ACTIVE,ROM_REACHABLE_VERIFIED
ROUTE_0084_VEGA_084,UNLOCK,UNLOCK_EXISTING_MAP_PROGRESSION,ACTIVE,ROM_WILD:1/115:VEGA_NATIVE:LAND:Lv82-89
ROUTE_0084_VEGA_084,RUNTIME,WILD_TABLE,ACTIVE,ROM_REACHABLE_VERIFIED
ROUTE_0085_SNOVER,UNLOCK,UNLOCK_EXISTING_MAP_PROGRESSION,ACTIVE,ROM_WILD:3/35:VEGA_NATIVE:LAND:Lv28-29
ROUTE_0085_SNOVER,RUNTIME,WILD_TABLE,ACTIVE,ROM_REACHABLE_VERIFIED
ROUTE_0086_ABOMASNOW,UNLOCK,UNLOCK_EXISTING_MAP_PROGRESSION,ACTIVE,ROM_WILD:0/0:VEGA_NATIVE:LAND:Lv43-43
ROUTE_0086_ABOMASNOW,RUNTIME,WILD_TABLE,ACTIVE,ROM_REACHABLE_VERIFIED
ROUTE_0087_VEGA_087,UNLOCK,UNLOCK_EXISTING_MAP_PROGRESSION,ACTIVE,ROM_WILD:1/7:VEGA_NATIVE:LAND:Lv31-32
ROUTE_0087_VEGA_087,RUNTIME,WILD_TABLE,ACTIVE,ROM_REACHABLE_VERIFIED
ROUTE_0088_VEGA_088,UNLOCK,UNLOCK_EVOLUTION_GLOBAL,ACTIVE,analysis/CURRENT_ACQUISITION_COVERAGE_1231.csv; predecessor canonical id 87; evolution root 0x09F79290
ROUTE_0088_VEGA_088,SPECIES,SPECIES_KEY_VEGA_087,ACTIVE,analysis/CURRENT_ACQUISITION_COVERAGE_1231.csv; predecessor canonical id 87; evolution root 0x09F79290
ROUTE_0088_VEGA_088,RUNTIME,EVOLUTION,ACTIVE,ROM_EVOLUTION_EDGE_VERIFIED_TRIGGER_SUPPLY_AUDIT_REQUIRED
ROUTE_0089_VEGA_089,UNLOCK,UNLOCK_EXISTING_MAP_PROGRESSION,ACTIVE,ROM_WILD:3/23:VEGA_NATIVE:LAND:Lv7-7
ROUTE_0089_VEGA_089,RUNTIME,WILD_TABLE,ACTIVE,ROM_REACHABLE_VERIFIED
ROUTE_0090_VEGA_090,UNLOCK,UNLOCK_EXISTING_MAP_PROGRESSION,ACTIVE,ROM_WILD:0/0:VEGA_NATIVE:FISHING:Lv15-25
ROUTE_0090_VEGA_090,RUNTIME,WILD_TABLE,ACTIVE,ROM_REACHABLE_VERIFIED
ROUTE_0091_VEGA_091,UNLOCK,UNLOCK_EVOLUTION_GLOBAL,ACTIVE,analysis/CURRENT_ACQUISITION_COVERAGE_1231.csv; predecessor canonical id 90; evolution root 0x09F79290
ROUTE_0091_VEGA_091,SPECIES,SPECIES_KEY_VEGA_090,ACTIVE,analysis/CURRENT_ACQUISITION_COVERAGE_1231.csv; predecessor canonical id 90; evolution root 0x09F79290
ROUTE_0091_VEGA_091,RUNTIME,EVOLUTION,ACTIVE,ROM_EVOLUTION_EDGE_VERIFIED_TRIGGER_SUPPLY_AUDIT_REQUIRED
ROUTE_0092_MILTANK,UNLOCK,UNLOCK_EXISTING_MAP_PROGRESSION,ACTIVE,ROM_WILD:0/0:VEGA_NATIVE:LAND:Lv13-13
ROUTE_0092_MILTANK,RUNTIME,WILD_TABLE,ACTIVE,ROM_REACHABLE_VERIFIED
ROUTE_0093_SHUCKLE,UNLOCK,UNLOCK_EXISTING_MAP_PROGRESSION,ACTIVE,ROM_WILD:0/0:VEGA_NATIVE:LAND:Lv20-20
ROUTE_0093_SHUCKLE,RUNTIME,WILD_TABLE,ACTIVE,ROM_REACHABLE_VERIFIED
ROUTE_0094_VEGA_094,UNLOCK,UNLOCK_EXISTING_MAP_PROGRESSION,ACTIVE,ROM_WILD:1/31:VEGA_NATIVE:LAND:Lv34-35
ROUTE_0094_VEGA_094,RUNTIME,WILD_TABLE,ACTIVE,ROM_REACHABLE_VERIFIED
ROUTE_0095_VEGA_095,UNLOCK,UNLOCK_EXISTING_MAP_PROGRESSION,ACTIVE,ROM_WILD:1/31:VEGA_NATIVE:LAND:Lv38-38
ROUTE_0095_VEGA_095,RUNTIME,WILD_TABLE,ACTIVE,ROM_REACHABLE_VERIFIED
ROUTE_0096_VEGA_096,UNLOCK,UNLOCK_EXISTING_MAP_PROGRESSION,ACTIVE,ROM_WILD:1/111:VEGA_NATIVE:LAND:Lv64-74
ROUTE_0096_VEGA_096,RUNTIME,WILD_TABLE,ACTIVE,ROM_REACHABLE_VERIFIED
ROUTE_0097_VEGA_097,UNLOCK,UNLOCK_EXISTING_MAP_PROGRESSION,ACTIVE,ROM_WILD:3/32:VEGA_NATIVE:ROCK:Lv2-2
ROUTE_0097_VEGA_097,RUNTIME,WILD_TABLE,ACTIVE,ROM_REACHABLE_VERIFIED
ROUTE_0098_VEGA_098,UNLOCK,UNLOCK_EXISTING_MAP_PROGRESSION,ACTIVE,ROM_WILD:3/32:VEGA_NATIVE:ROCK:Lv2-2
ROUTE_0098_VEGA_098,RUNTIME,WILD_TABLE,ACTIVE,ROM_REACHABLE_VERIFIED
ROUTE_0099_VEGA_099,UNLOCK,UNLOCK_EXISTING_MAP_PROGRESSION,ACTIVE,ROM_WILD:1/31:VEGA_NATIVE:LAND:Lv34-35
ROUTE_0099_VEGA_099,RUNTIME,WILD_TABLE,ACTIVE,ROM_REACHABLE_VERIFIED
ROUTE_0100_VEGA_100,UNLOCK,UNLOCK_EXISTING_MAP_PROGRESSION,ACTIVE,ROM_WILD:1/31:VEGA_NATIVE:LAND:Lv35-36
ROUTE_0100_VEGA_100,RUNTIME,WILD_TABLE,ACTIVE,ROM_REACHABLE_VERIFIED
ROUTE_0101_VEGA_101,UNLOCK,UNLOCK_EXISTING_MAP_PROGRESSION,ACTIVE,ROM_WILD:3/32:VEGA_NATIVE:LAND:Lv28-28
ROUTE_0101_VEGA_101,RUNTIME,WILD_TABLE,ACTIVE,ROM_REACHABLE_VERIFIED
ROUTE_0102_VEGA_102,UNLOCK,UNLOCK_EVOLUTION_GLOBAL,ACTIVE,analysis/CURRENT_ACQUISITION_COVERAGE_1231.csv; predecessor canonical id 101; evolution root 0x09F79290
ROUTE_0102_VEGA_102,SPECIES,SPECIES_KEY_VEGA_101,ACTIVE,analysis/CURRENT_ACQUISITION_COVERAGE_1231.csv; predecessor canonical id 101; evolution root 0x09F79290
ROUTE_0102_VEGA_102,RUNTIME,EVOLUTION,ACTIVE,ROM_EVOLUTION_EDGE_VERIFIED_TRIGGER_SUPPLY_AUDIT_REQUIRED
ROUTE_0103_VEGA_103,UNLOCK,UNLOCK_EXISTING_MAP_PROGRESSION,ACTIVE,ROM_WILD:1/64:VEGA_NATIVE:FISHING:Lv5-10
ROUTE_0103_VEGA_103,RUNTIME,WILD_TABLE,ACTIVE,ROM_REACHABLE_VERIFIED
ROUTE_0104_VEGA_104,UNLOCK,UNLOCK_EXISTING_MAP_PROGRESSION,ACTIVE,ROM_WILD:0/0:VEGA_NATIVE:LAND:Lv15-15
ROUTE_0104_VEGA_104,RUNTIME,WILD_TABLE,ACTIVE,ROM_REACHABLE_VERIFIED
ROUTE_0105_VEGA_105,UNLOCK,UNLOCK_EXISTING_MAP_PROGRESSION,ACTIVE,ROM_WILD:1/60:VEGA_NATIVE:LAND:Lv8-8
ROUTE_0105_VEGA_105,RUNTIME,WILD_TABLE,ACTIVE,ROM_REACHABLE_VERIFIED
ROUTE_0106_VEGA_106,UNLOCK,UNLOCK_EXISTING_MAP_PROGRESSION,ACTIVE,ROM_WILD:1/59:VEGA_NATIVE:LAND:Lv8-8
ROUTE_0106_VEGA_106,RUNTIME,WILD_TABLE,ACTIVE,ROM_REACHABLE_VERIFIED
ROUTE_0107_VEGA_107,UNLOCK,UNLOCK_EXISTING_MAP_PROGRESSION,ACTIVE,ROM_WILD:1/63:VEGA_NATIVE:LAND:Lv20-21
ROUTE_0107_VEGA_107,RUNTIME,WILD_TABLE,ACTIVE,ROM_REACHABLE_VERIFIED
ROUTE_0108_VEGA_108,UNLOCK,UNLOCK_EVOLUTION_GLOBAL,ACTIVE,analysis/CURRENT_ACQUISITION_COVERAGE_1231.csv; predecessor canonical id 107; evolution root 0x09F79290
ROUTE_0108_VEGA_108,SPECIES,SPECIES_KEY_VEGA_107,ACTIVE,analysis/CURRENT_ACQUISITION_COVERAGE_1231.csv; predecessor canonical id 107; evolution root 0x09F79290
ROUTE_0108_VEGA_108,RUNTIME,EVOLUTION,ACTIVE,ROM_EVOLUTION_EDGE_VERIFIED_TRIGGER_SUPPLY_AUDIT_REQUIRED
ROUTE_0109_HOOTHOOT,UNLOCK,UNLOCK_EXISTING_MAP_PROGRESSION,ACTIVE,ROM_WILD:3/32:VEGA_NATIVE:WATER:Lv2-2
ROUTE_0109_HOOTHOOT,RUNTIME,WILD_TABLE,ACTIVE,ROM_REACHABLE_VERIFIED
ROUTE_0110_NOCTOWL,UNLOCK,UNLOCK_EXISTING_MAP_PROGRESSION,ACTIVE,ROM_WILD:3/32:VEGA_NATIVE:WATER:Lv2-2
ROUTE_0110_NOCTOWL,RUNTIME,WILD_TABLE,ACTIVE,ROM_REACHABLE_VERIFIED
ROUTE_0111_VEGA_111,UNLOCK,UNLOCK_EXISTING_MAP_PROGRESSION,ACTIVE,ROM_WILD:1/59:VEGA_NATIVE:LAND:Lv8-8
ROUTE_0111_VEGA_111,RUNTIME,WILD_TABLE,ACTIVE,ROM_REACHABLE_VERIFIED
ROUTE_0112_ELEKID,UNLOCK,UNLOCK_EXISTING_MAP_PROGRESSION,ACTIVE,ROM_WILD:1/12:VEGA_NATIVE:LAND:Lv34-35
ROUTE_0112_ELEKID,RUNTIME,WILD_TABLE,ACTIVE,ROM_REACHABLE_VERIFIED
ROUTE_0113_ELECTABUZZ,UNLOCK,UNLOCK_EXISTING_MAP_PROGRESSION,ACTIVE,ROM_WILD:1/12:VEGA_NATIVE:LAND:Lv36-37
ROUTE_0113_ELECTABUZZ,RUNTIME,WILD_TABLE,ACTIVE,ROM_REACHABLE_VERIFIED
ROUTE_0114_ELECTIVIRE,UNLOCK,UNLOCK_EXISTING_MAP_PROGRESSION,ACTIVE,ROM_WILD:0/0:VEGA_NATIVE:LAND:Lv17-17
ROUTE_0114_ELECTIVIRE,RUNTIME,WILD_TABLE,ACTIVE,ROM_REACHABLE_VERIFIED
ROUTE_0115_MAGBY,UNLOCK,UNLOCK_EXISTING_MAP_PROGRESSION,ACTIVE,ROM_WILD:1/31:VEGA_NATIVE:LAND:Lv34-35
ROUTE_0115_MAGBY,RUNTIME,WILD_TABLE,ACTIVE,ROM_REACHABLE_VERIFIED
ROUTE_0116_MAGMAR,UNLOCK,UNLOCK_EXISTING_MAP_PROGRESSION,ACTIVE,ROM_WILD:0/0:VEGA_NATIVE:FISHING:Lv5-15
ROUTE_0116_MAGMAR,RUNTIME,WILD_TABLE,ACTIVE,ROM_REACHABLE_VERIFIED
ROUTE_0117_MAGMORTAR,UNLOCK,UNLOCK_EXISTING_MAP_PROGRESSION,ACTIVE,ROM_WILD:0/0:VEGA_NATIVE:FISHING:Lv25-35
ROUTE_0117_MAGMORTAR,RUNTIME,WILD_TABLE,ACTIVE,ROM_REACHABLE_VERIFIED
ROUTE_0118_KANGASKHAN,UNLOCK,UNLOCK_EXISTING_MAP_PROGRESSION,ACTIVE,ROM_WILD:0/0:VEGA_NATIVE:FISHING:Lv5-15
ROUTE_0118_KANGASKHAN,RUNTIME,WILD_TABLE,ACTIVE,ROM_REACHABLE_VERIFIED
ROUTE_0119_LILEEP,UNLOCK,UNLOCK_EXISTING_MAP_PROGRESSION,ACTIVE,ROM_WILD:97/81:K30:FISHING:Lv80-87
ROUTE_0119_LILEEP,RUNTIME,WILD_TABLE,ACTIVE,ROM_REACHABLE_VERIFIED
ROUTE_0120_CRADILY,UNLOCK,UNLOCK_EVOLUTION_GLOBAL,ACTIVE,analysis/CURRENT_ACQUISITION_COVERAGE_1231.csv; predecessor canonical id 119; evolution root 0x09F79290
ROUTE_0120_CRADILY,SPECIES,SPECIES_KEY_LILEEP,ACTIVE,analysis/CURRENT_ACQUISITION_COVERAGE_1231.csv; predecessor canonical id 119; evolution root 0x09F79290
ROUTE_0120_CRADILY,RUNTIME,EVOLUTION,ACTIVE,ROM_EVOLUTION_EDGE_VERIFIED_TRIGGER_SUPPLY_AUDIT_REQUIRED
ROUTE_0121_VEGA_121,UNLOCK,UNLOCK_FOSSIL_SERVICE,ACTIVE,legacy acquisition references + exact Kanto fallback host; Tohoku coords/script entry unverified
ROUTE_0121_VEGA_121,HOST,HOST_FOSSIL_LAB,ACTIVE,READY_TO_SERIALIZE
ROUTE_0121_VEGA_121,RUNTIME,FOSSIL_RESTORE,ACTIVE,DESIGN_COMPLETE_PHYSICAL_AUDIT_REQUIRED_WITH_READY_KANTO_FALLBACK
ROUTE_0122_VEGA_122,UNLOCK,UNLOCK_EVOLUTION_GLOBAL,ACTIVE,legacy acquisition references + exact Kanto fallback host; Tohoku coords/script entry unverified
ROUTE_0122_VEGA_122,HOST,HOST_FOSSIL_LAB,ACTIVE,READY_TO_SERIALIZE
ROUTE_0122_VEGA_122,RUNTIME,EVOLUTION,ACTIVE,DESIGN_COMPLETE_PHYSICAL_AUDIT_REQUIRED_WITH_READY_KANTO_FALLBACK
ROUTE_0123_AERODACTYL,UNLOCK,UNLOCK_EXISTING_MAP_PROGRESSION,ACTIVE,ROM_WILD:96/2:K44:FISHING:Lv68-70
ROUTE_0123_AERODACTYL,RUNTIME,WILD_TABLE,ACTIVE,ROM_REACHABLE_VERIFIED
ROUTE_0124_LARVITAR,UNLOCK,UNLOCK_EXISTING_MAP_PROGRESSION,ACTIVE,ROM_WILD:1/2:VEGA_NATIVE:LAND:Lv33-33
ROUTE_0124_LARVITAR,RUNTIME,WILD_TABLE,ACTIVE,ROM_REACHABLE_VERIFIED
ROUTE_0125_PUPITAR,UNLOCK,UNLOCK_EXISTING_MAP_PROGRESSION,ACTIVE,ROM_WILD:1/116:VEGA_NATIVE:LAND:Lv82-89
ROUTE_0125_PUPITAR,RUNTIME,WILD_TABLE,ACTIVE,ROM_REACHABLE_VERIFIED
ROUTE_0126_TYRANITAR,UNLOCK,UNLOCK_EXISTING_MAP_PROGRESSION,ACTIVE,ROM_WILD:1/116:VEGA_NATIVE:LAND:Lv85-92
ROUTE_0126_TYRANITAR,RUNTIME,WILD_TABLE,ACTIVE,ROM_REACHABLE_VERIFIED
ROUTE_0127_BELDUM,UNLOCK,UNLOCK_EXISTING_MAP_PROGRESSION,ACTIVE,ROM_WILD:96/3:K43:FISHING:Lv95-100
ROUTE_0127_BELDUM,RUNTIME,WILD_TABLE,ACTIVE,ROM_REACHABLE_VERIFIED
ROUTE_0128_METANG,UNLOCK,UNLOCK_EVOLUTION_GLOBAL,ACTIVE,analysis/CURRENT_ACQUISITION_COVERAGE_1231.csv; predecessor canonical id 127; evolution root 0x09F79290
ROUTE_0128_METANG,SPECIES,SPECIES_KEY_BELDUM,ACTIVE,analysis/CURRENT_ACQUISITION_COVERAGE_1231.csv; predecessor canonical id 127; evolution root 0x09F79290
ROUTE_0128_METANG,RUNTIME,EVOLUTION,ACTIVE,ROM_EVOLUTION_EDGE_VERIFIED_TRIGGER_SUPPLY_AUDIT_REQUIRED
ROUTE_0129_METAGROSS,UNLOCK,UNLOCK_EXISTING_MAP_PROGRESSION,ACTIVE,ROM_WILD:0/0:VEGA_NATIVE:FISHING:Lv5-15
ROUTE_0129_METAGROSS,RUNTIME,WILD_TABLE,ACTIVE,ROM_REACHABLE_VERIFIED
ROUTE_0130_GIBLE,UNLOCK,UNLOCK_EXISTING_MAP_PROGRESSION,ACTIVE,ROM_WILD:0/0:VEGA_NATIVE:FISHING:Lv15-25
ROUTE_0130_GIBLE,RUNTIME,WILD_TABLE,ACTIVE,ROM_REACHABLE_VERIFIED
ROUTE_0131_GABITE,UNLOCK,UNLOCK_EXISTING_MAP_PROGRESSION,ACTIVE,ROM_WILD:0/0:VEGA_NATIVE:WATER:Lv30-45
ROUTE_0131_GABITE,RUNTIME,WILD_TABLE,ACTIVE,ROM_REACHABLE_VERIFIED
ROUTE_0132_GARCHOMP,UNLOCK,UNLOCK_EXISTING_MAP_PROGRESSION,ACTIVE,ROM_WILD:1/117:VEGA_NATIVE:LAND:Lv89-95
ROUTE_0132_GARCHOMP,RUNTIME,WILD_TABLE,ACTIVE,ROM_REACHABLE_VERIFIED
ROUTE_0133_VEGA_133,UNLOCK,UNLOCK_EXISTING_MAP_PROGRESSION,ACTIVE,ROM_WILD:3/38:VEGA_NATIVE:WATER:Lv35-40
ROUTE_0133_VEGA_133,RUNTIME,WILD_TABLE,ACTIVE,ROM_REACHABLE_VERIFIED
ROUTE_0134_VEGA_134,UNLOCK,UNLOCK_EXISTING_MAP_PROGRESSION,ACTIVE,ROM_WILD:1/118:VEGA_NATIVE:LAND:Lv90-100
ROUTE_0134_VEGA_134,RUNTIME,WILD_TABLE,ACTIVE,ROM_REACHABLE_VERIFIED
ROUTE_0135_VEGA_135,UNLOCK,UNLOCK_EXISTING_MAP_PROGRESSION,ACTIVE,ROM_WILD:1/118:VEGA_NATIVE:LAND:Lv90-100
ROUTE_0135_VEGA_135,RUNTIME,WILD_TABLE,ACTIVE,ROM_REACHABLE_VERIFIED
ROUTE_0136_ARTICUNO,UNLOCK,UNLOCK_SPECIAL_ARCHIVE,ACTIVE,special master vega_existing=yes; Tohoku exact script entry audit required; Kanto host JSON verified
ROUTE_0136_ARTICUNO,HOST,HOST_ICONIC_ARTICUNO,ACTIVE,READY_TO_SERIALIZE
ROUTE_0136_ARTICUNO,RUNTIME,FIXED_CAPTURE,ACTIVE,SCRIPT_PRESENT_ENTRY_UNVERIFIED_WITH_READY_KANTO_RESCUE
ROUTE_0137_ZAPDOS,UNLOCK,UNLOCK_SPECIAL_ARCHIVE,ACTIVE,special master vega_existing=yes; Tohoku exact script entry audit required; Kanto host JSON verified
ROUTE_0137_ZAPDOS,HOST,HOST_ICONIC_ZAPDOS,ACTIVE,READY_TO_SERIALIZE
ROUTE_0137_ZAPDOS,RUNTIME,FIXED_CAPTURE,ACTIVE,SCRIPT_PRESENT_ENTRY_UNVERIFIED_WITH_READY_KANTO_RESCUE
ROUTE_0138_MOLTRES,UNLOCK,UNLOCK_SPECIAL_ARCHIVE,ACTIVE,special master vega_existing=yes; Tohoku exact script entry audit required; Kanto host JSON verified
ROUTE_0138_MOLTRES,HOST,HOST_LEGACY_ARCHIVE,ACTIVE,READY_TO_SERIALIZE
ROUTE_0138_MOLTRES,RUNTIME,FIXED_CAPTURE,ACTIVE,SCRIPT_PRESENT_ENTRY_UNVERIFIED_WITH_READY_KANTO_RESCUE
ROUTE_0139_RAIKOU,UNLOCK,UNLOCK_SPECIAL_ARCHIVE,ACTIVE,special master vega_existing=yes; Tohoku exact script entry audit required; Kanto host JSON verified
ROUTE_0139_RAIKOU,HOST,HOST_LEGACY_ARCHIVE,ACTIVE,READY_TO_SERIALIZE
ROUTE_0139_RAIKOU,RUNTIME,FIXED_CAPTURE,ACTIVE,SCRIPT_PRESENT_ENTRY_UNVERIFIED_WITH_READY_KANTO_RESCUE
ROUTE_0140_ENTEI,UNLOCK,UNLOCK_SPECIAL_ARCHIVE,ACTIVE,special master vega_existing=yes; Tohoku exact script entry audit required; Kanto host JSON verified
ROUTE_0140_ENTEI,HOST,HOST_LEGACY_ARCHIVE,ACTIVE,READY_TO_SERIALIZE
ROUTE_0140_ENTEI,RUNTIME,FIXED_CAPTURE,ACTIVE,SCRIPT_PRESENT_ENTRY_UNVERIFIED_WITH_READY_KANTO_RESCUE
ROUTE_0141_SUICUNE,UNLOCK,UNLOCK_SPECIAL_ARCHIVE,ACTIVE,special master vega_existing=yes; Tohoku exact script entry audit required; Kanto host JSON verified
ROUTE_0141_SUICUNE,HOST,HOST_LEGACY_ARCHIVE,ACTIVE,READY_TO_SERIALIZE
ROUTE_0141_SUICUNE,RUNTIME,FIXED_CAPTURE,ACTIVE,SCRIPT_PRESENT_ENTRY_UNVERIFIED_WITH_READY_KANTO_RESCUE
ROUTE_0142_VEGA_142,UNLOCK,UNLOCK_SPECIAL_ARCHIVE,ACTIVE,legacy acquisition references + exact Kanto fallback host; Tohoku coords/script entry unverified
ROUTE_0142_VEGA_142,HOST,HOST_LEGACY_ARCHIVE,ACTIVE,READY_TO_SERIALIZE
ROUTE_0142_VEGA_142,RUNTIME,FIXED_CAPTURE,ACTIVE,DESIGN_COMPLETE_PHYSICAL_AUDIT_REQUIRED_WITH_READY_KANTO_FALLBACK
ROUTE_0143_VEGA_143,UNLOCK,UNLOCK_SPECIAL_ARCHIVE,ACTIVE,legacy acquisition references + exact Kanto fallback host; Tohoku coords/script entry unverified
ROUTE_0143_VEGA_143,HOST,HOST_LEGACY_ARCHIVE,ACTIVE,READY_TO_SERIALIZE
ROUTE_0143_VEGA_143,RUNTIME,FIXED_CAPTURE,ACTIVE,DESIGN_COMPLETE_PHYSICAL_AUDIT_REQUIRED_WITH_READY_KANTO_FALLBACK
ROUTE_0144_VEGA_144,UNLOCK,UNLOCK_SPECIAL_ARCHIVE,ACTIVE,legacy acquisition references + exact Kanto fallback host; Tohoku coords/script entry unverified
ROUTE_0144_VEGA_144,HOST,HOST_LEGACY_ARCHIVE,ACTIVE,READY_TO_SERIALIZE
ROUTE_0144_VEGA_144,RUNTIME,FIXED_CAPTURE,ACTIVE,DESIGN_COMPLETE_PHYSICAL_AUDIT_REQUIRED_WITH_READY_KANTO_FALLBACK
ROUTE_0145_DIALGA,UNLOCK,UNLOCK_SPECIAL_ARCHIVE,ACTIVE,special master vega_existing=yes; Tohoku exact script entry audit required; Kanto host JSON verified
ROUTE_0145_DIALGA,HOST,HOST_LEGACY_ARCHIVE,ACTIVE,READY_TO_SERIALIZE
ROUTE_0145_DIALGA,RUNTIME,FIXED_CAPTURE,ACTIVE,SCRIPT_PRESENT_ENTRY_UNVERIFIED_WITH_READY_KANTO_RESCUE
ROUTE_0146_PALKIA,UNLOCK,UNLOCK_SPECIAL_ARCHIVE,ACTIVE,special master vega_existing=yes; Tohoku exact script entry audit required; Kanto host JSON verified
ROUTE_0146_PALKIA,HOST,HOST_LEGACY_ARCHIVE,ACTIVE,READY_TO_SERIALIZE
ROUTE_0146_PALKIA,RUNTIME,FIXED_CAPTURE,ACTIVE,SCRIPT_PRESENT_ENTRY_UNVERIFIED_WITH_READY_KANTO_RESCUE
ROUTE_0147_DARKRAI,UNLOCK,UNLOCK_SPECIAL_ARCHIVE,ACTIVE,special master vega_existing=yes; Tohoku exact script entry audit required; Kanto host JSON verified
ROUTE_0147_DARKRAI,HOST,HOST_LEGACY_ARCHIVE,ACTIVE,READY_TO_SERIALIZE
ROUTE_0147_DARKRAI,RUNTIME,FIXED_CAPTURE,ACTIVE,SCRIPT_PRESENT_ENTRY_UNVERIFIED_WITH_READY_KANTO_RESCUE
ROUTE_0148_LUGIA,UNLOCK,UNLOCK_SPECIAL_ARCHIVE,ACTIVE,special master vega_existing=yes; Tohoku exact script entry audit required; Kanto host JSON verified
ROUTE_0148_LUGIA,HOST,HOST_LEGACY_ARCHIVE,ACTIVE,READY_TO_SERIALIZE
ROUTE_0148_LUGIA,RUNTIME,FIXED_CAPTURE,ACTIVE,SCRIPT_PRESENT_ENTRY_UNVERIFIED_WITH_READY_KANTO_RESCUE
ROUTE_0149_HO_OH,UNLOCK,UNLOCK_SPECIAL_ARCHIVE,ACTIVE,special master vega_existing=yes; Tohoku exact script entry audit required; Kanto host JSON verified
ROUTE_0149_HO_OH,HOST,HOST_LEGACY_ARCHIVE,ACTIVE,READY_TO_SERIALIZE
ROUTE_0149_HO_OH,RUNTIME,FIXED_CAPTURE,ACTIVE,SCRIPT_PRESENT_ENTRY_UNVERIFIED_WITH_READY_KANTO_RESCUE
ROUTE_0150_MEWTWO,UNLOCK,UNLOCK_SPECIAL_ARCHIVE,ACTIVE,special master vega_existing=yes; Tohoku exact script entry audit required; Kanto host JSON verified
ROUTE_0150_MEWTWO,HOST,HOST_ICONIC_MEWTWO,ACTIVE,READY_TO_SERIALIZE
ROUTE_0150_MEWTWO,RUNTIME,FIXED_CAPTURE,ACTIVE,SCRIPT_PRESENT_ENTRY_UNVERIFIED_WITH_READY_KANTO_RESCUE
ROUTE_0151_MEW,UNLOCK,UNLOCK_SPECIAL_ARCHIVE,ACTIVE,special master vega_existing=yes; Tohoku exact script entry audit required; Kanto host JSON verified
ROUTE_0151_MEW,HOST,HOST_LEGACY_ARCHIVE,ACTIVE,READY_TO_SERIALIZE
ROUTE_0151_MEW,RUNTIME,FIXED_CAPTURE,ACTIVE,SCRIPT_PRESENT_ENTRY_UNVERIFIED_WITH_READY_KANTO_RESCUE
ROUTE_0152_BULBASAUR,UNLOCK,UNLOCK_EXISTING_MAP_PROGRESSION,ACTIVE,ROM_WILD:96/6:K33:LAND:Lv82-90
ROUTE_0152_BULBASAUR,RUNTIME,WILD_TABLE,ACTIVE,ROM_REACHABLE_VERIFIED
ROUTE_0153_IVYSAUR,UNLOCK,UNLOCK_EVOLUTION_GLOBAL,ACTIVE,analysis/CURRENT_ACQUISITION_COVERAGE_1231.csv; predecessor canonical id 152; evolution root 0x09F79290
ROUTE_0153_IVYSAUR,SPECIES,SPECIES_KEY_BULBASAUR,ACTIVE,analysis/CURRENT_ACQUISITION_COVERAGE_1231.csv; predecessor canonical id 152; evolution root 0x09F79290
ROUTE_0153_IVYSAUR,RUNTIME,EVOLUTION,ACTIVE,ROM_EVOLUTION_EDGE_VERIFIED_TRIGGER_SUPPLY_AUDIT_REQUIRED
ROUTE_0154_VENUSAUR,UNLOCK,UNLOCK_EVOLUTION_GLOBAL,ACTIVE,analysis/CURRENT_ACQUISITION_COVERAGE_1231.csv; predecessor canonical id 153; evolution root 0x09F79290
ROUTE_0154_VENUSAUR,SPECIES,SPECIES_KEY_IVYSAUR,ACTIVE,analysis/CURRENT_ACQUISITION_COVERAGE_1231.csv; predecessor canonical id 153; evolution root 0x09F79290
ROUTE_0154_VENUSAUR,RUNTIME,EVOLUTION,ACTIVE,ROM_EVOLUTION_EDGE_VERIFIED_TRIGGER_SUPPLY_AUDIT_REQUIRED
ROUTE_0155_CHARMANDER,UNLOCK,UNLOCK_EXISTING_MAP_PROGRESSION,ACTIVE,ROM_WILD:96/14:K03:FISHING:Lv71-75
ROUTE_0155_CHARMANDER,RUNTIME,WILD_TABLE,ACTIVE,ROM_REACHABLE_VERIFIED
ROUTE_0156_CHARMELEON,UNLOCK,UNLOCK_EVOLUTION_GLOBAL,ACTIVE,analysis/CURRENT_ACQUISITION_COVERAGE_1231.csv; predecessor canonical id 155; evolution root 0x09F79290
ROUTE_0156_CHARMELEON,SPECIES,SPECIES_KEY_CHARMANDER,ACTIVE,analysis/CURRENT_ACQUISITION_COVERAGE_1231.csv; predecessor canonical id 155; evolution root 0x09F79290
ROUTE_0156_CHARMELEON,RUNTIME,EVOLUTION,ACTIVE,ROM_EVOLUTION_EDGE_VERIFIED_TRIGGER_SUPPLY_AUDIT_REQUIRED
ROUTE_0157_CHARIZARD,UNLOCK,UNLOCK_EVOLUTION_GLOBAL,ACTIVE,analysis/CURRENT_ACQUISITION_COVERAGE_1231.csv; predecessor canonical id 156; evolution root 0x09F79290
ROUTE_0157_CHARIZARD,SPECIES,SPECIES_KEY_CHARMELEON,ACTIVE,analysis/CURRENT_ACQUISITION_COVERAGE_1231.csv; predecessor canonical id 156; evolution root 0x09F79290
ROUTE_0157_CHARIZARD,RUNTIME,EVOLUTION,ACTIVE,ROM_EVOLUTION_EDGE_VERIFIED_TRIGGER_SUPPLY_AUDIT_REQUIRED
ROUTE_0158_SQUIRTLE,UNLOCK,UNLOCK_EXISTING_MAP_PROGRESSION,ACTIVE,ROM_WILD:96/26:K15:FISHING:Lv85-90
ROUTE_0158_SQUIRTLE,RUNTIME,WILD_TABLE,ACTIVE,ROM_REACHABLE_VERIFIED
ROUTE_0159_WARTORTLE,UNLOCK,UNLOCK_EVOLUTION_GLOBAL,ACTIVE,analysis/CURRENT_ACQUISITION_COVERAGE_1231.csv; predecessor canonical id 158; evolution root 0x09F79290
ROUTE_0159_WARTORTLE,SPECIES,SPECIES_KEY_SQUIRTLE,ACTIVE,analysis/CURRENT_ACQUISITION_COVERAGE_1231.csv; predecessor canonical id 158; evolution root 0x09F79290
ROUTE_0159_WARTORTLE,RUNTIME,EVOLUTION,ACTIVE,ROM_EVOLUTION_EDGE_VERIFIED_TRIGGER_SUPPLY_AUDIT_REQUIRED
ROUTE_0160_BLASTOISE,UNLOCK,UNLOCK_EVOLUTION_GLOBAL,ACTIVE,analysis/CURRENT_ACQUISITION_COVERAGE_1231.csv; predecessor canonical id 159; evolution root 0x09F79290
ROUTE_0160_BLASTOISE,SPECIES,SPECIES_KEY_WARTORTLE,ACTIVE,analysis/CURRENT_ACQUISITION_COVERAGE_1231.csv; predecessor canonical id 159; evolution root 0x09F79290
ROUTE_0160_BLASTOISE,RUNTIME,EVOLUTION,ACTIVE,ROM_EVOLUTION_EDGE_VERIFIED_TRIGGER_SUPPLY_AUDIT_REQUIRED
ROUTE_0161_VEGA_161,UNLOCK,UNLOCK_EXISTING_MAP_PROGRESSION,ACTIVE,ROM_WILD:1/64:VEGA_NATIVE:LAND:Lv5-45
ROUTE_0161_VEGA_161,RUNTIME,WILD_TABLE,ACTIVE,ROM_REACHABLE_VERIFIED
ROUTE_0162_VEGA_162,UNLOCK,UNLOCK_EVOLUTION_GLOBAL,ACTIVE,analysis/CURRENT_ACQUISITION_COVERAGE_1231.csv; predecessor canonical id 161; evolution root 0x09F79290
ROUTE_0162_VEGA_162,SPECIES,SPECIES_KEY_VEGA_161,ACTIVE,analysis/CURRENT_ACQUISITION_COVERAGE_1231.csv; predecessor canonical id 161; evolution root 0x09F79290
ROUTE_0162_VEGA_162,RUNTIME,EVOLUTION,ACTIVE,ROM_EVOLUTION_EDGE_VERIFIED_TRIGGER_SUPPLY_AUDIT_REQUIRED
ROUTE_0163_VEGA_163,UNLOCK,UNLOCK_EVOLUTION_GLOBAL,ACTIVE,analysis/CURRENT_ACQUISITION_COVERAGE_1231.csv; predecessor canonical id 162; evolution root 0x09F79290
ROUTE_0163_VEGA_163,SPECIES,SPECIES_KEY_VEGA_162,ACTIVE,analysis/CURRENT_ACQUISITION_COVERAGE_1231.csv; predecessor canonical id 162; evolution root 0x09F79290
ROUTE_0163_VEGA_163,RUNTIME,EVOLUTION,ACTIVE,ROM_EVOLUTION_EDGE_VERIFIED_TRIGGER_SUPPLY_AUDIT_REQUIRED
ROUTE_0164_VEGA_164,UNLOCK,UNLOCK_EXISTING_MAP_PROGRESSION,ACTIVE,ROM_WILD:1/64:VEGA_NATIVE:LAND:Lv5-45
ROUTE_0164_VEGA_164,RUNTIME,WILD_TABLE,ACTIVE,ROM_REACHABLE_VERIFIED
ROUTE_0165_VEGA_165,UNLOCK,UNLOCK_EVOLUTION_GLOBAL,ACTIVE,analysis/CURRENT_ACQUISITION_COVERAGE_1231.csv; predecessor canonical id 164; evolution root 0x09F79290
ROUTE_0165_VEGA_165,SPECIES,SPECIES_KEY_VEGA_164,ACTIVE,analysis/CURRENT_ACQUISITION_COVERAGE_1231.csv; predecessor canonical id 164; evolution root 0x09F79290
ROUTE_0165_VEGA_165,RUNTIME,EVOLUTION,ACTIVE,ROM_EVOLUTION_EDGE_VERIFIED_TRIGGER_SUPPLY_AUDIT_REQUIRED
ROUTE_0166_VEGA_166,UNLOCK,UNLOCK_EVOLUTION_GLOBAL,ACTIVE,analysis/CURRENT_ACQUISITION_COVERAGE_1231.csv; predecessor canonical id 165; evolution root 0x09F79290
ROUTE_0166_VEGA_166,SPECIES,SPECIES_KEY_VEGA_165,ACTIVE,analysis/CURRENT_ACQUISITION_COVERAGE_1231.csv; predecessor canonical id 165; evolution root 0x09F79290
ROUTE_0166_VEGA_166,RUNTIME,EVOLUTION,ACTIVE,ROM_EVOLUTION_EDGE_VERIFIED_TRIGGER_SUPPLY_AUDIT_REQUIRED
ROUTE_0167_VEGA_167,UNLOCK,UNLOCK_EXISTING_MAP_PROGRESSION,ACTIVE,ROM_WILD:1/64:VEGA_NATIVE:WATER:Lv5-45
ROUTE_0167_VEGA_167,RUNTIME,WILD_TABLE,ACTIVE,ROM_REACHABLE_VERIFIED
ROUTE_0168_VEGA_168,UNLOCK,UNLOCK_EVOLUTION_GLOBAL,ACTIVE,analysis/CURRENT_ACQUISITION_COVERAGE_1231.csv; predecessor canonical id 167; evolution root 0x09F79290
ROUTE_0168_VEGA_168,SPECIES,SPECIES_KEY_VEGA_167,ACTIVE,analysis/CURRENT_ACQUISITION_COVERAGE_1231.csv; predecessor canonical id 167; evolution root 0x09F79290
ROUTE_0168_VEGA_168,RUNTIME,EVOLUTION,ACTIVE,ROM_EVOLUTION_EDGE_VERIFIED_TRIGGER_SUPPLY_AUDIT_REQUIRED
ROUTE_0169_VEGA_169,UNLOCK,UNLOCK_EVOLUTION_GLOBAL,ACTIVE,analysis/CURRENT_ACQUISITION_COVERAGE_1231.csv; predecessor canonical id 168; evolution root 0x09F79290
ROUTE_0169_VEGA_169,SPECIES,SPECIES_KEY_VEGA_168,ACTIVE,analysis/CURRENT_ACQUISITION_COVERAGE_1231.csv; predecessor canonical id 168; evolution root 0x09F79290
ROUTE_0169_VEGA_169,RUNTIME,EVOLUTION,ACTIVE,ROM_EVOLUTION_EDGE_VERIFIED_TRIGGER_SUPPLY_AUDIT_REQUIRED
ROUTE_0170_VEGA_170,UNLOCK,UNLOCK_EXISTING_MAP_PROGRESSION,ACTIVE,ROM_WILD:3/63:VEGA_NATIVE:LAND:Lv46-47
ROUTE_0170_VEGA_170,RUNTIME,WILD_TABLE,ACTIVE,ROM_REACHABLE_VERIFIED
ROUTE_0171_VEGA_171,UNLOCK,UNLOCK_EVOLUTION_GLOBAL,ACTIVE,analysis/CURRENT_ACQUISITION_COVERAGE_1231.csv; predecessor canonical id 170; evolution root 0x09F79290
ROUTE_0171_VEGA_171,SPECIES,SPECIES_KEY_VEGA_170,ACTIVE,analysis/CURRENT_ACQUISITION_COVERAGE_1231.csv; predecessor canonical id 170; evolution root 0x09F79290
ROUTE_0171_VEGA_171,RUNTIME,EVOLUTION,ACTIVE,ROM_EVOLUTION_EDGE_VERIFIED_TRIGGER_SUPPLY_AUDIT_REQUIRED
ROUTE_0172_VEGA_172,UNLOCK,UNLOCK_EVOLUTION_GLOBAL,ACTIVE,analysis/CURRENT_ACQUISITION_COVERAGE_1231.csv; predecessor canonical id 170; evolution root 0x09F79290
ROUTE_0172_VEGA_172,SPECIES,SPECIES_KEY_VEGA_170,ACTIVE,analysis/CURRENT_ACQUISITION_COVERAGE_1231.csv; predecessor canonical id 170; evolution root 0x09F79290
ROUTE_0172_VEGA_172,RUNTIME,EVOLUTION,ACTIVE,ROM_EVOLUTION_EDGE_VERIFIED_TRIGGER_SUPPLY_AUDIT_REQUIRED
ROUTE_0173_VEGA_173,UNLOCK,UNLOCK_EXISTING_MAP_PROGRESSION,ACTIVE,ROM_WILD:1/64:VEGA_NATIVE:WATER:Lv10-40
ROUTE_0173_VEGA_173,RUNTIME,WILD_TABLE,ACTIVE,ROM_REACHABLE_VERIFIED
ROUTE_0174_VEGA_174,UNLOCK,UNLOCK_EXISTING_MAP_PROGRESSION,ACTIVE,ROM_WILD:3/12:VEGA_NATIVE:WATER:Lv30-40
ROUTE_0174_VEGA_174,RUNTIME,WILD_TABLE,ACTIVE,ROM_REACHABLE_VERIFIED
ROUTE_0175_PACHIRISU,UNLOCK,UNLOCK_EXISTING_MAP_PROGRESSION,ACTIVE,ROM_WILD:1/87:VEGA_NATIVE:LAND:Lv48-48
ROUTE_0175_PACHIRISU,RUNTIME,WILD_TABLE,ACTIVE,ROM_REACHABLE_VERIFIED
ROUTE_0176_VEGA_176,UNLOCK,UNLOCK_EVOLUTION_GLOBAL,ACTIVE,analysis/CURRENT_ACQUISITION_COVERAGE_1231.csv; predecessor canonical id 175; evolution root 0x09F79290
ROUTE_0176_VEGA_176,SPECIES,SPECIES_KEY_PACHIRISU,ACTIVE,analysis/CURRENT_ACQUISITION_COVERAGE_1231.csv; predecessor canonical id 175; evolution root 0x09F79290
ROUTE_0176_VEGA_176,RUNTIME,EVOLUTION,ACTIVE,ROM_EVOLUTION_EDGE_VERIFIED_TRIGGER_SUPPLY_AUDIT_REQUIRED
ROUTE_0177_VEGA_177,UNLOCK,UNLOCK_EXISTING_MAP_PROGRESSION,ACTIVE,ROM_WILD:1/10:VEGA_NATIVE:LAND:Lv49-50
ROUTE_0177_VEGA_177,RUNTIME,WILD_TABLE,ACTIVE,ROM_REACHABLE_VERIFIED
ROUTE_0178_VEGA_178,UNLOCK,UNLOCK_EXISTING_MAP_PROGRESSION,ACTIVE,ROM_WILD:1/110:VEGA_NATIVE:LAND:Lv64-74
ROUTE_0178_VEGA_178,RUNTIME,WILD_TABLE,ACTIVE,ROM_REACHABLE_VERIFIED
ROUTE_0179_VEGA_179,UNLOCK,UNLOCK_EXISTING_MAP_PROGRESSION,ACTIVE,ROM_WILD:1/55:VEGA_NATIVE:LAND:Lv48-49
ROUTE_0179_VEGA_179,RUNTIME,WILD_TABLE,ACTIVE,ROM_REACHABLE_VERIFIED
ROUTE_0180_VEGA_180,UNLOCK,UNLOCK_EXISTING_MAP_PROGRESSION,ACTIVE,ROM_WILD:1/114:VEGA_NATIVE:LAND:Lv75-83
ROUTE_0180_VEGA_180,RUNTIME,WILD_TABLE,ACTIVE,ROM_REACHABLE_VERIFIED
ROUTE_0181_VEGA_181,UNLOCK,UNLOCK_EXISTING_MAP_PROGRESSION,ACTIVE,ROM_WILD:3/63:VEGA_NATIVE:LAND:Lv46-46
ROUTE_0181_VEGA_181,RUNTIME,WILD_TABLE,ACTIVE,ROM_REACHABLE_VERIFIED
ROUTE_0182_VEGA_182,UNLOCK,UNLOCK_EXISTING_MAP_PROGRESSION,ACTIVE,ROM_WILD:1/114:VEGA_NATIVE:LAND:Lv75-83
ROUTE_0182_VEGA_182,RUNTIME,WILD_TABLE,ACTIVE,ROM_REACHABLE_VERIFIED
ROUTE_0183_DITTO,UNLOCK,UNLOCK_EXISTING_MAP_PROGRESSION,ACTIVE,ROM_WILD:1/55:VEGA_NATIVE:LAND:Lv48-49
ROUTE_0183_DITTO,RUNTIME,WILD_TABLE,ACTIVE,ROM_REACHABLE_VERIFIED
ROUTE_0184_SMOOCHUM,UNLOCK,UNLOCK_EXISTING_MAP_PROGRESSION,ACTIVE,ROM_WILD:3/59:VEGA_NATIVE:LAND:Lv48-49
ROUTE_0184_SMOOCHUM,RUNTIME,WILD_TABLE,ACTIVE,ROM_REACHABLE_VERIFIED
ROUTE_0185_JYNX,UNLOCK,UNLOCK_EXISTING_MAP_PROGRESSION,ACTIVE,ROM_WILD:3/59:VEGA_NATIVE:LAND:Lv50-50
ROUTE_0185_JYNX,RUNTIME,WILD_TABLE,ACTIVE,ROM_REACHABLE_VERIFIED
ROUTE_0186_VEGA_186,UNLOCK,UNLOCK_EXISTING_MAP_PROGRESSION,ACTIVE,ROM_WILD:1/118:VEGA_NATIVE:LAND:Lv89-95
ROUTE_0186_VEGA_186,RUNTIME,WILD_TABLE,ACTIVE,ROM_REACHABLE_VERIFIED
ROUTE_0187_VEGA_187,UNLOCK,UNLOCK_EXISTING_MAP_PROGRESSION,ACTIVE,ROM_WILD:0/0:VEGA_NATIVE:WATER:Lv5-15
ROUTE_0187_VEGA_187,RUNTIME,WILD_TABLE,ACTIVE,ROM_REACHABLE_VERIFIED
ROUTE_0188_VEGA_188,UNLOCK,UNLOCK_EVOLUTION_GLOBAL,ACTIVE,analysis/CURRENT_ACQUISITION_COVERAGE_1231.csv; predecessor canonical id 187; evolution root 0x09F79290
ROUTE_0188_VEGA_188,SPECIES,SPECIES_KEY_VEGA_187,ACTIVE,analysis/CURRENT_ACQUISITION_COVERAGE_1231.csv; predecessor canonical id 187; evolution root 0x09F79290
ROUTE_0188_VEGA_188,RUNTIME,EVOLUTION,ACTIVE,ROM_EVOLUTION_EDGE_VERIFIED_TRIGGER_SUPPLY_AUDIT_REQUIRED
ROUTE_0189_VEGA_189,UNLOCK,UNLOCK_EVOLUTION_GLOBAL,ACTIVE,analysis/CURRENT_ACQUISITION_COVERAGE_1231.csv; predecessor canonical id 188; evolution root 0x09F79290
ROUTE_0189_VEGA_189,SPECIES,SPECIES_KEY_VEGA_188,ACTIVE,analysis/CURRENT_ACQUISITION_COVERAGE_1231.csv; predecessor canonical id 188; evolution root 0x09F79290
ROUTE_0189_VEGA_189,RUNTIME,EVOLUTION,ACTIVE,ROM_EVOLUTION_EDGE_VERIFIED_TRIGGER_SUPPLY_AUDIT_REQUIRED
ROUTE_0190_VEGA_190,UNLOCK,UNLOCK_EXISTING_MAP_PROGRESSION,ACTIVE,ROM_WILD:1/100:VEGA_NATIVE:LAND:Lv48-49
ROUTE_0190_VEGA_190,RUNTIME,WILD_TABLE,ACTIVE,ROM_REACHABLE_VERIFIED
ROUTE_0191_VEGA_191,UNLOCK,UNLOCK_EXISTING_MAP_PROGRESSION,ACTIVE,ROM_WILD:1/109:VEGA_NATIVE:LAND:Lv46-47
ROUTE_0191_VEGA_191,RUNTIME,WILD_TABLE,ACTIVE,ROM_REACHABLE_VERIFIED
ROUTE_0192_VEGA_192,UNLOCK,UNLOCK_EVOLUTION_GLOBAL,ACTIVE,analysis/CURRENT_ACQUISITION_COVERAGE_1231.csv; predecessor canonical id 191; evolution root 0x09F79290
ROUTE_0192_VEGA_192,SPECIES,SPECIES_KEY_VEGA_191,ACTIVE,analysis/CURRENT_ACQUISITION_COVERAGE_1231.csv; predecessor canonical id 191; evolution root 0x09F79290
ROUTE_0192_VEGA_192,RUNTIME,EVOLUTION,ACTIVE,ROM_EVOLUTION_EDGE_VERIFIED_TRIGGER_SUPPLY_AUDIT_REQUIRED
ROUTE_0193_CHATOT,UNLOCK,UNLOCK_EXISTING_MAP_PROGRESSION,ACTIVE,ROM_WILD:3/32:VEGA_NATIVE:FISHING:Lv2-2
ROUTE_0193_CHATOT,RUNTIME,WILD_TABLE,ACTIVE,ROM_REACHABLE_VERIFIED
ROUTE_0194_VEGA_194,UNLOCK,UNLOCK_EXISTING_MAP_PROGRESSION,ACTIVE,ROM_WILD:0/0:VEGA_NATIVE:WATER:Lv5-15
ROUTE_0194_VEGA_194,RUNTIME,WILD_TABLE,ACTIVE,ROM_REACHABLE_VERIFIED
ROUTE_0195_VEGA_195,UNLOCK,UNLOCK_EXISTING_MAP_PROGRESSION,ACTIVE,ROM_WILD:1/4:VEGA_NATIVE:LAND:Lv47-48
ROUTE_0195_VEGA_195,RUNTIME,WILD_TABLE,ACTIVE,ROM_REACHABLE_VERIFIED
ROUTE_0196_VEGA_196,UNLOCK,UNLOCK_EXISTING_MAP_PROGRESSION,ACTIVE,ROM_WILD:3/57:VEGA_NATIVE:LAND:Lv47-48
ROUTE_0196_VEGA_196,RUNTIME,WILD_TABLE,ACTIVE,ROM_REACHABLE_VERIFIED
ROUTE_0197_VEGA_197,UNLOCK,UNLOCK_EXISTING_MAP_PROGRESSION,ACTIVE,ROM_WILD:3/58:VEGA_NATIVE:LAND:Lv47-48
ROUTE_0197_VEGA_197,RUNTIME,WILD_TABLE,ACTIVE,ROM_REACHABLE_VERIFIED
ROUTE_0198_LEDYBA,UNLOCK,UNLOCK_EXISTING_MAP_PROGRESSION,ACTIVE,ROM_WILD:3/32:VEGA_NATIVE:FISHING:Lv2-2
ROUTE_0198_LEDYBA,RUNTIME,WILD_TABLE,ACTIVE,ROM_REACHABLE_VERIFIED
ROUTE_0199_LEDIAN,UNLOCK,UNLOCK_EVOLUTION_GLOBAL,ACTIVE,analysis/CURRENT_ACQUISITION_COVERAGE_1231.csv; predecessor canonical id 198; evolution root 0x09F79290
ROUTE_0199_LEDIAN,SPECIES,SPECIES_KEY_LEDYBA,ACTIVE,analysis/CURRENT_ACQUISITION_COVERAGE_1231.csv; predecessor canonical id 198; evolution root 0x09F79290
ROUTE_0199_LEDIAN,RUNTIME,EVOLUTION,ACTIVE,ROM_EVOLUTION_EDGE_VERIFIED_TRIGGER_SUPPLY_AUDIT_REQUIRED
ROUTE_0200_VEGA_200,UNLOCK,UNLOCK_EVOLUTION_GLOBAL,ACTIVE,analysis/CURRENT_ACQUISITION_COVERAGE_1231.csv; predecessor canonical id 199; evolution root 0x09F79290
ROUTE_0200_VEGA_200,SPECIES,SPECIES_KEY_LEDIAN,ACTIVE,analysis/CURRENT_ACQUISITION_COVERAGE_1231.csv; predecessor canonical id 199; evolution root 0x09F79290
ROUTE_0200_VEGA_200,RUNTIME,EVOLUTION,ACTIVE,ROM_EVOLUTION_EDGE_VERIFIED_TRIGGER_SUPPLY_AUDIT_REQUIRED
ROUTE_0201_UNOWN,UNLOCK,UNLOCK_EXISTING_MAP_PROGRESSION,ACTIVE,ROM_WILD:2/27:VEGA_NATIVE:LAND:Lv25-25
ROUTE_0201_UNOWN,RUNTIME,WILD_TABLE,ACTIVE,ROM_REACHABLE_VERIFIED
ROUTE_0202_VEGA_202,UNLOCK,UNLOCK_EXISTING_MAP_PROGRESSION,ACTIVE,ROM_WILD:1/64:VEGA_NATIVE:LAND:Lv10-40
ROUTE_0202_VEGA_202,RUNTIME,WILD_TABLE,ACTIVE,ROM_REACHABLE_VERIFIED
ROUTE_0203_TAUROS,UNLOCK,UNLOCK_EXISTING_MAP_PROGRESSION,ACTIVE,ROM_WILD:97/66:K37:FISHING:Lv85-94
ROUTE_0203_TAUROS,RUNTIME,WILD_TABLE,ACTIVE,ROM_REACHABLE_VERIFIED
ROUTE_0204_LUNATONE,UNLOCK,UNLOCK_EXISTING_MAP_PROGRESSION,ACTIVE,ROM_WILD:1/3:VEGA_NATIVE:LAND:Lv47-48
ROUTE_0204_LUNATONE,RUNTIME,WILD_TABLE,ACTIVE,ROM_REACHABLE_VERIFIED
ROUTE_0205_SOLROCK,UNLOCK,UNLOCK_EXISTING_MAP_PROGRESSION,ACTIVE,ROM_WILD:1/3:VEGA_NATIVE:LAND:Lv47-48
ROUTE_0205_SOLROCK,RUNTIME,WILD_TABLE,ACTIVE,ROM_REACHABLE_VERIFIED
ROUTE_0206_VEGA_206,UNLOCK,UNLOCK_EXISTING_MAP_PROGRESSION,ACTIVE,ROM_WILD:1/3:VEGA_NATIVE:LAND:Lv47-47
ROUTE_0206_VEGA_206,RUNTIME,WILD_TABLE,ACTIVE,ROM_REACHABLE_VERIFIED
ROUTE_0207_VEGA_207,UNLOCK,UNLOCK_EXISTING_MAP_PROGRESSION,ACTIVE,ROM_WILD:1/116:VEGA_NATIVE:LAND:Lv82-89
ROUTE_0207_VEGA_207,RUNTIME,WILD_TABLE,ACTIVE,ROM_REACHABLE_VERIFIED
ROUTE_0208_VEGA_208,UNLOCK,UNLOCK_EXISTING_MAP_PROGRESSION,ACTIVE,ROM_WILD:2/55:VEGA_NATIVE:LAND:Lv52-53
ROUTE_0208_VEGA_208,RUNTIME,WILD_TABLE,ACTIVE,ROM_REACHABLE_VERIFIED
ROUTE_0209_VEGA_209,UNLOCK,UNLOCK_EXISTING_MAP_PROGRESSION,ACTIVE,ROM_WILD:1/115:VEGA_NATIVE:LAND:Lv82-89
ROUTE_0209_VEGA_209,RUNTIME,WILD_TABLE,ACTIVE,ROM_REACHABLE_VERIFIED
ROUTE_0210_REMORAID,UNLOCK,UNLOCK_EXISTING_MAP_PROGRESSION,ACTIVE,ROM_WILD:3/38:VEGA_NATIVE:FISHING:Lv20-30
ROUTE_0210_REMORAID,RUNTIME,WILD_TABLE,ACTIVE,ROM_REACHABLE_VERIFIED
ROUTE_0211_OCTILLERY,UNLOCK,UNLOCK_EXISTING_MAP_PROGRESSION,ACTIVE,ROM_WILD:0/0:VEGA_NATIVE:FISHING:Lv15-25
ROUTE_0211_OCTILLERY,RUNTIME,WILD_TABLE,ACTIVE,ROM_REACHABLE_VERIFIED
ROUTE_0212_TENTACOOL,UNLOCK,UNLOCK_EXISTING_MAP_PROGRESSION,ACTIVE,ROM_WILD:3/12:VEGA_NATIVE:FISHING:Lv5-10
ROUTE_0212_TENTACOOL,RUNTIME,WILD_TABLE,ACTIVE,ROM_REACHABLE_VERIFIED
ROUTE_0213_TENTACRUEL,UNLOCK,UNLOCK_EXISTING_MAP_PROGRESSION,ACTIVE,ROM_WILD:3/12:VEGA_NATIVE:FISHING:Lv35-45
ROUTE_0213_TENTACRUEL,RUNTIME,WILD_TABLE,ACTIVE,ROM_REACHABLE_VERIFIED
ROUTE_0214_VEGA_214,UNLOCK,UNLOCK_EVOLUTION_GLOBAL,ACTIVE,analysis/CURRENT_ACQUISITION_COVERAGE_1231.csv; predecessor canonical id 213; evolution root 0x09F79290
ROUTE_0214_VEGA_214,SPECIES,SPECIES_KEY_TENTACRUEL,ACTIVE,analysis/CURRENT_ACQUISITION_COVERAGE_1231.csv; predecessor canonical id 213; evolution root 0x09F79290
ROUTE_0214_VEGA_214,RUNTIME,EVOLUTION,ACTIVE,ROM_EVOLUTION_EDGE_VERIFIED_TRIGGER_SUPPLY_AUDIT_REQUIRED
ROUTE_0215_VEGA_215,UNLOCK,UNLOCK_EXISTING_MAP_PROGRESSION,ACTIVE,ROM_WILD:1/86:VEGA_NATIVE:LAND:Lv48-48
ROUTE_0215_VEGA_215,RUNTIME,WILD_TABLE,ACTIVE,ROM_REACHABLE_VERIFIED
ROUTE_0216_VEGA_216,UNLOCK,UNLOCK_EXISTING_MAP_PROGRESSION,ACTIVE,ROM_WILD:1/118:VEGA_NATIVE:LAND:Lv90-100
ROUTE_0216_VEGA_216,RUNTIME,WILD_TABLE,ACTIVE,ROM_REACHABLE_VERIFIED
ROUTE_0217_VEGA_217,UNLOCK,UNLOCK_EXISTING_MAP_PROGRESSION,ACTIVE,ROM_WILD:1/86:VEGA_NATIVE:LAND:Lv48-48
ROUTE_0217_VEGA_217,RUNTIME,WILD_TABLE,ACTIVE,ROM_REACHABLE_VERIFIED
ROUTE_0218_VEGA_218,UNLOCK,UNLOCK_EVOLUTION_GLOBAL,ACTIVE,analysis/CURRENT_ACQUISITION_COVERAGE_1231.csv; predecessor canonical id 217; evolution root 0x09F79290
ROUTE_0218_VEGA_218,SPECIES,SPECIES_KEY_VEGA_217,ACTIVE,analysis/CURRENT_ACQUISITION_COVERAGE_1231.csv; predecessor canonical id 217; evolution root 0x09F79290
ROUTE_0218_VEGA_218,RUNTIME,EVOLUTION,ACTIVE,ROM_EVOLUTION_EDGE_VERIFIED_TRIGGER_SUPPLY_AUDIT_REQUIRED
ROUTE_0219_VEGA_219,UNLOCK,UNLOCK_EXISTING_MAP_PROGRESSION,ACTIVE,ROM_WILD:1/62:VEGA_NATIVE:ROCK:Lv5-20
ROUTE_0219_VEGA_219,RUNTIME,WILD_TABLE,ACTIVE,ROM_REACHABLE_VERIFIED
ROUTE_0220_VEGA_220,UNLOCK,UNLOCK_EXISTING_MAP_PROGRESSION,ACTIVE,ROM_WILD:1/4:VEGA_NATIVE:LAND:Lv48-49
ROUTE_0220_VEGA_220,RUNTIME,WILD_TABLE,ACTIVE,ROM_REACHABLE_VERIFIED
ROUTE_0221_VEGA_221,UNLOCK,UNLOCK_EXISTING_MAP_PROGRESSION,ACTIVE,ROM_WILD:1/4:VEGA_NATIVE:LAND:Lv48-49
ROUTE_0221_VEGA_221,RUNTIME,WILD_TABLE,ACTIVE,ROM_REACHABLE_VERIFIED
ROUTE_0222_VEGA_222,UNLOCK,UNLOCK_EVOLUTION_GLOBAL,ACTIVE,analysis/CURRENT_ACQUISITION_COVERAGE_1231.csv; predecessor canonical id 221; evolution root 0x09F79290
ROUTE_0222_VEGA_222,SPECIES,SPECIES_KEY_VEGA_221,ACTIVE,analysis/CURRENT_ACQUISITION_COVERAGE_1231.csv; predecessor canonical id 221; evolution root 0x09F79290
ROUTE_0222_VEGA_222,RUNTIME,EVOLUTION,ACTIVE,ROM_EVOLUTION_EDGE_VERIFIED_TRIGGER_SUPPLY_AUDIT_REQUIRED
ROUTE_0223_VOLTORB,UNLOCK,UNLOCK_EXISTING_MAP_PROGRESSION,ACTIVE,ROM_WILD:1/87:VEGA_NATIVE:LAND:Lv48-49
ROUTE_0223_VOLTORB,RUNTIME,WILD_TABLE,ACTIVE,ROM_REACHABLE_VERIFIED
ROUTE_0224_ELECTRODE,UNLOCK,UNLOCK_EVOLUTION_GLOBAL,ACTIVE,analysis/CURRENT_ACQUISITION_COVERAGE_1231.csv; predecessor canonical id 223; evolution root 0x09F79290
ROUTE_0224_ELECTRODE,SPECIES,SPECIES_KEY_VOLTORB,ACTIVE,analysis/CURRENT_ACQUISITION_COVERAGE_1231.csv; predecessor canonical id 223; evolution root 0x09F79290
ROUTE_0224_ELECTRODE,RUNTIME,EVOLUTION,ACTIVE,ROM_EVOLUTION_EDGE_VERIFIED_TRIGGER_SUPPLY_AUDIT_REQUIRED
ROUTE_0225_VEGA_225,UNLOCK,UNLOCK_EVOLUTION_GLOBAL,ACTIVE,analysis/CURRENT_ACQUISITION_COVERAGE_1231.csv; predecessor canonical id 224; evolution root 0x09F79290
ROUTE_0225_VEGA_225,SPECIES,SPECIES_KEY_ELECTRODE,ACTIVE,analysis/CURRENT_ACQUISITION_COVERAGE_1231.csv; predecessor canonical id 224; evolution root 0x09F79290
ROUTE_0225_VEGA_225,RUNTIME,EVOLUTION,ACTIVE,ROM_EVOLUTION_EDGE_VERIFIED_TRIGGER_SUPPLY_AUDIT_REQUIRED
ROUTE_0226_MURKROW,UNLOCK,UNLOCK_EXISTING_MAP_PROGRESSION,ACTIVE,ROM_WILD:3/32:VEGA_NATIVE:FISHING:Lv2-2
ROUTE_0226_MURKROW,RUNTIME,WILD_TABLE,ACTIVE,ROM_REACHABLE_VERIFIED
ROUTE_0227_HONCHKROW,UNLOCK,UNLOCK_EVOLUTION_GLOBAL,ACTIVE,analysis/CURRENT_ACQUISITION_COVERAGE_1231.csv; predecessor canonical id 226; evolution root 0x09F79290
ROUTE_0227_HONCHKROW,SPECIES,SPECIES_KEY_MURKROW,ACTIVE,analysis/CURRENT_ACQUISITION_COVERAGE_1231.csv; predecessor canonical id 226; evolution root 0x09F79290
ROUTE_0227_HONCHKROW,RUNTIME,EVOLUTION,ACTIVE,ROM_EVOLUTION_EDGE_VERIFIED_TRIGGER_SUPPLY_AUDIT_REQUIRED
ROUTE_0228_WHISMUR,UNLOCK,UNLOCK_EXISTING_MAP_PROGRESSION,ACTIVE,ROM_WILD:1/61:VEGA_NATIVE:LAND:Lv45-45
ROUTE_0228_WHISMUR,RUNTIME,WILD_TABLE,ACTIVE,ROM_REACHABLE_VERIFIED
ROUTE_0229_LOUDRED,UNLOCK,UNLOCK_EVOLUTION_GLOBAL,ACTIVE,analysis/CURRENT_ACQUISITION_COVERAGE_1231.csv; predecessor canonical id 228; evolution root 0x09F79290
ROUTE_0229_LOUDRED,SPECIES,SPECIES_KEY_WHISMUR,ACTIVE,analysis/CURRENT_ACQUISITION_COVERAGE_1231.csv; predecessor canonical id 228; evolution root 0x09F79290
ROUTE_0229_LOUDRED,RUNTIME,EVOLUTION,ACTIVE,ROM_EVOLUTION_EDGE_VERIFIED_TRIGGER_SUPPLY_AUDIT_REQUIRED
ROUTE_0230_EXPLOUD,UNLOCK,UNLOCK_EVOLUTION_GLOBAL,ACTIVE,analysis/CURRENT_ACQUISITION_COVERAGE_1231.csv; predecessor canonical id 229; evolution root 0x09F79290
ROUTE_0230_EXPLOUD,SPECIES,SPECIES_KEY_LOUDRED,ACTIVE,analysis/CURRENT_ACQUISITION_COVERAGE_1231.csv; predecessor canonical id 229; evolution root 0x09F79290
ROUTE_0230_EXPLOUD,RUNTIME,EVOLUTION,ACTIVE,ROM_EVOLUTION_EDGE_VERIFIED_TRIGGER_SUPPLY_AUDIT_REQUIRED
ROUTE_0231_KRABBY,UNLOCK,UNLOCK_EXISTING_MAP_PROGRESSION,ACTIVE,ROM_WILD:3/28:VEGA_NATIVE:FISHING:Lv15-25
ROUTE_0231_KRABBY,RUNTIME,WILD_TABLE,ACTIVE,ROM_REACHABLE_VERIFIED
ROUTE_0232_KINGLER,UNLOCK,UNLOCK_EVOLUTION_GLOBAL,ACTIVE,analysis/CURRENT_ACQUISITION_COVERAGE_1231.csv; predecessor canonical id 231; evolution root 0x09F79290
ROUTE_0232_KINGLER,SPECIES,SPECIES_KEY_KRABBY,ACTIVE,analysis/CURRENT_ACQUISITION_COVERAGE_1231.csv; predecessor canonical id 231; evolution root 0x09F79290
ROUTE_0232_KINGLER,RUNTIME,EVOLUTION,ACTIVE,ROM_EVOLUTION_EDGE_VERIFIED_TRIGGER_SUPPLY_AUDIT_REQUIRED
ROUTE_0233_VEGA_233,UNLOCK,UNLOCK_EXISTING_MAP_PROGRESSION,ACTIVE,ROM_WILD:1/52:VEGA_NATIVE:LAND:Lv47-48
ROUTE_0233_VEGA_233,RUNTIME,WILD_TABLE,ACTIVE,ROM_REACHABLE_VERIFIED
ROUTE_0234_VEGA_234,UNLOCK,UNLOCK_EVOLUTION_GLOBAL,ACTIVE,analysis/CURRENT_ACQUISITION_COVERAGE_1231.csv; predecessor canonical id 233; evolution root 0x09F79290
ROUTE_0234_VEGA_234,SPECIES,SPECIES_KEY_VEGA_233,ACTIVE,analysis/CURRENT_ACQUISITION_COVERAGE_1231.csv; predecessor canonical id 233; evolution root 0x09F79290
ROUTE_0234_VEGA_234,RUNTIME,EVOLUTION,ACTIVE,ROM_EVOLUTION_EDGE_VERIFIED_TRIGGER_SUPPLY_AUDIT_REQUIRED
ROUTE_0235_VEGA_235,UNLOCK,UNLOCK_EXISTING_MAP_PROGRESSION,ACTIVE,ROM_WILD:3/32:VEGA_NATIVE:FISHING:Lv2-2
ROUTE_0235_VEGA_235,RUNTIME,WILD_TABLE,ACTIVE,ROM_REACHABLE_VERIFIED
ROUTE_0236_VEGA_236,UNLOCK,UNLOCK_EVOLUTION_GLOBAL,ACTIVE,analysis/CURRENT_ACQUISITION_COVERAGE_1231.csv; predecessor canonical id 235; evolution root 0x09F79290
ROUTE_0236_VEGA_236,SPECIES,SPECIES_KEY_VEGA_235,ACTIVE,analysis/CURRENT_ACQUISITION_COVERAGE_1231.csv; predecessor canonical id 235; evolution root 0x09F79290
ROUTE_0236_VEGA_236,RUNTIME,EVOLUTION,ACTIVE,ROM_EVOLUTION_EDGE_VERIFIED_TRIGGER_SUPPLY_AUDIT_REQUIRED
ROUTE_0237_VEGA_237,UNLOCK,UNLOCK_EVOLUTION_GLOBAL,ACTIVE,analysis/CURRENT_ACQUISITION_COVERAGE_1231.csv; predecessor canonical id 235; evolution root 0x09F79290
ROUTE_0237_VEGA_237,SPECIES,SPECIES_KEY_VEGA_235,ACTIVE,analysis/CURRENT_ACQUISITION_COVERAGE_1231.csv; predecessor canonical id 235; evolution root 0x09F79290
ROUTE_0237_VEGA_237,RUNTIME,EVOLUTION,ACTIVE,ROM_EVOLUTION_EDGE_VERIFIED_TRIGGER_SUPPLY_AUDIT_REQUIRED
ROUTE_0238_VEGA_238,UNLOCK,UNLOCK_EVOLUTION_GLOBAL,ACTIVE,analysis/CURRENT_ACQUISITION_COVERAGE_1231.csv; predecessor canonical id 235; evolution root 0x09F79290
ROUTE_0238_VEGA_238,SPECIES,SPECIES_KEY_VEGA_235,ACTIVE,analysis/CURRENT_ACQUISITION_COVERAGE_1231.csv; predecessor canonical id 235; evolution root 0x09F79290
ROUTE_0238_VEGA_238,RUNTIME,EVOLUTION,ACTIVE,ROM_EVOLUTION_EDGE_VERIFIED_TRIGGER_SUPPLY_AUDIT_REQUIRED
ROUTE_0239_VEGA_239,UNLOCK,UNLOCK_EVOLUTION_GLOBAL,ACTIVE,analysis/CURRENT_ACQUISITION_COVERAGE_1231.csv; predecessor canonical id 235; evolution root 0x09F79290
ROUTE_0239_VEGA_239,SPECIES,SPECIES_KEY_VEGA_235,ACTIVE,analysis/CURRENT_ACQUISITION_COVERAGE_1231.csv; predecessor canonical id 235; evolution root 0x09F79290
ROUTE_0239_VEGA_239,RUNTIME,EVOLUTION,ACTIVE,ROM_EVOLUTION_EDGE_VERIFIED_TRIGGER_SUPPLY_AUDIT_REQUIRED
ROUTE_0240_VEGA_240,UNLOCK,UNLOCK_EXISTING_MAP_PROGRESSION,ACTIVE,ROM_WILD:1/64:VEGA_NATIVE:FISHING:Lv5-25
ROUTE_0240_VEGA_240,RUNTIME,WILD_TABLE,ACTIVE,ROM_REACHABLE_VERIFIED
ROUTE_0241_VEGA_241,UNLOCK,UNLOCK_EVOLUTION_GLOBAL,ACTIVE,analysis/CURRENT_ACQUISITION_COVERAGE_1231.csv; predecessor canonical id 240; evolution root 0x09F79290
ROUTE_0241_VEGA_241,SPECIES,SPECIES_KEY_VEGA_240,ACTIVE,analysis/CURRENT_ACQUISITION_COVERAGE_1231.csv; predecessor canonical id 240; evolution root 0x09F79290
ROUTE_0241_VEGA_241,RUNTIME,EVOLUTION,ACTIVE,ROM_EVOLUTION_EDGE_VERIFIED_TRIGGER_SUPPLY_AUDIT_REQUIRED
ROUTE_0242_VEGA_242,UNLOCK,UNLOCK_EXISTING_MAP_PROGRESSION,ACTIVE,ROM_WILD:3/54:VEGA_NATIVE:LAND:Lv48-48
ROUTE_0242_VEGA_242,RUNTIME,WILD_TABLE,ACTIVE,ROM_REACHABLE_VERIFIED
ROUTE_0243_VEGA_243,UNLOCK,UNLOCK_EVOLUTION_GLOBAL,ACTIVE,analysis/CURRENT_ACQUISITION_COVERAGE_1231.csv; predecessor canonical id 242; evolution root 0x09F79290
ROUTE_0243_VEGA_243,SPECIES,SPECIES_KEY_VEGA_242,ACTIVE,analysis/CURRENT_ACQUISITION_COVERAGE_1231.csv; predecessor canonical id 242; evolution root 0x09F79290
ROUTE_0243_VEGA_243,RUNTIME,EVOLUTION,ACTIVE,ROM_EVOLUTION_EDGE_VERIFIED_TRIGGER_SUPPLY_AUDIT_REQUIRED
ROUTE_0244_VEGA_244,UNLOCK,UNLOCK_EXISTING_MAP_PROGRESSION,ACTIVE,ROM_WILD:1/112:VEGA_NATIVE:LAND:Lv68-77
ROUTE_0244_VEGA_244,RUNTIME,WILD_TABLE,ACTIVE,ROM_REACHABLE_VERIFIED
ROUTE_0245_VEGA_245,UNLOCK,UNLOCK_EVOLUTION_GLOBAL,ACTIVE,analysis/CURRENT_ACQUISITION_COVERAGE_1231.csv; predecessor canonical id 244; evolution root 0x09F79290
ROUTE_0245_VEGA_245,SPECIES,SPECIES_KEY_VEGA_244,ACTIVE,analysis/CURRENT_ACQUISITION_COVERAGE_1231.csv; predecessor canonical id 244; evolution root 0x09F79290
ROUTE_0245_VEGA_245,RUNTIME,EVOLUTION,ACTIVE,ROM_EVOLUTION_EDGE_VERIFIED_TRIGGER_SUPPLY_AUDIT_REQUIRED
ROUTE_0246_VEGA_246,UNLOCK,UNLOCK_EXISTING_MAP_PROGRESSION,ACTIVE,ROM_WILD:1/3:VEGA_NATIVE:LAND:Lv48-49
ROUTE_0246_VEGA_246,RUNTIME,WILD_TABLE,ACTIVE,ROM_REACHABLE_VERIFIED
ROUTE_0247_SNEASEL,UNLOCK,UNLOCK_EXISTING_MAP_PROGRESSION,ACTIVE,ROM_WILD:1/85:VEGA_NATIVE:LAND:Lv48-49
ROUTE_0247_SNEASEL,RUNTIME,WILD_TABLE,ACTIVE,ROM_REACHABLE_VERIFIED
ROUTE_0248_WEAVILE,UNLOCK,UNLOCK_EVOLUTION_GLOBAL,ACTIVE,analysis/CURRENT_ACQUISITION_COVERAGE_1231.csv; predecessor canonical id 247; evolution root 0x09F79290
ROUTE_0248_WEAVILE,SPECIES,SPECIES_KEY_SNEASEL,ACTIVE,analysis/CURRENT_ACQUISITION_COVERAGE_1231.csv; predecessor canonical id 247; evolution root 0x09F79290
ROUTE_0248_WEAVILE,RUNTIME,EVOLUTION,ACTIVE,ROM_EVOLUTION_EDGE_VERIFIED_TRIGGER_SUPPLY_AUDIT_REQUIRED
ROUTE_0249_SHROOMISH,UNLOCK,UNLOCK_EXISTING_MAP_PROGRESSION,ACTIVE,ROM_WILD:1/109:VEGA_NATIVE:LAND:Lv47-48
ROUTE_0249_SHROOMISH,RUNTIME,WILD_TABLE,ACTIVE,ROM_REACHABLE_VERIFIED
ROUTE_0250_BRELOOM,UNLOCK,UNLOCK_EVOLUTION_GLOBAL,ACTIVE,analysis/CURRENT_ACQUISITION_COVERAGE_1231.csv; predecessor canonical id 249; evolution root 0x09F79290
ROUTE_0250_BRELOOM,SPECIES,SPECIES_KEY_SHROOMISH,ACTIVE,analysis/CURRENT_ACQUISITION_COVERAGE_1231.csv; predecessor canonical id 249; evolution root 0x09F79290
ROUTE_0250_BRELOOM,RUNTIME,EVOLUTION,ACTIVE,ROM_EVOLUTION_EDGE_VERIFIED_TRIGGER_SUPPLY_AUDIT_REQUIRED
ROUTE_0251_VEGA_251,UNLOCK,UNLOCK_EXISTING_MAP_PROGRESSION,ACTIVE,ROM_WILD:1/55:VEGA_NATIVE:LAND:Lv48-48
ROUTE_0251_VEGA_251,RUNTIME,WILD_TABLE,ACTIVE,ROM_REACHABLE_VERIFIED
ROUTE_0255_SCYTHER,UNLOCK,UNLOCK_EXISTING_MAP_PROGRESSION,ACTIVE,ROM_WILD:97/64:K35:LAND:Lv85-94
ROUTE_0255_SCYTHER,RUNTIME,WILD_TABLE,ACTIVE,ROM_REACHABLE_VERIFIED
ROUTE_0277_VEGA_277,UNLOCK,UNLOCK_EXISTING_MAP_PROGRESSION,ACTIVE,ROM_WILD:3/47:VEGA_NATIVE:LAND:Lv50-50
ROUTE_0277_VEGA_277,RUNTIME,WILD_TABLE,ACTIVE,ROM_REACHABLE_VERIFIED
ROUTE_0278_SABLEYE,UNLOCK,UNLOCK_EXISTING_MAP_PROGRESSION,ACTIVE,ROM_WILD:3/48:VEGA_NATIVE:LAND:Lv47-47
ROUTE_0278_SABLEYE,RUNTIME,WILD_TABLE,ACTIVE,ROM_REACHABLE_VERIFIED
ROUTE_0279_VEGA_279,UNLOCK,UNLOCK_EXISTING_MAP_PROGRESSION,ACTIVE,ROM_WILD:1/112:VEGA_NATIVE:LAND:Lv71-80
ROUTE_0279_VEGA_279,RUNTIME,WILD_TABLE,ACTIVE,ROM_REACHABLE_VERIFIED
ROUTE_0280_MAWILE,UNLOCK,UNLOCK_EXISTING_MAP_PROGRESSION,ACTIVE,ROM_WILD:3/62:VEGA_NATIVE:LAND:Lv48-48
ROUTE_0280_MAWILE,RUNTIME,WILD_TABLE,ACTIVE,ROM_REACHABLE_VERIFIED
ROUTE_0281_VEGA_281,UNLOCK,UNLOCK_EXISTING_MAP_PROGRESSION,ACTIVE,ROM_WILD:1/111:VEGA_NATIVE:LAND:Lv68-77
ROUTE_0281_VEGA_281,RUNTIME,WILD_TABLE,ACTIVE,ROM_REACHABLE_VERIFIED
ROUTE_0283_SCIZOR,UNLOCK,UNLOCK_EXISTING_MAP_PROGRESSION,ACTIVE,ROM_WILD:1/111:VEGA_NATIVE:LAND:Lv68-77
ROUTE_0283_SCIZOR,RUNTIME,WILD_TABLE,ACTIVE,ROM_REACHABLE_VERIFIED
ROUTE_0284_PINSIR,UNLOCK,UNLOCK_EXISTING_MAP_PROGRESSION,ACTIVE,ROM_WILD:1/64:VEGA_NATIVE:LAND:Lv15-45
ROUTE_0284_PINSIR,RUNTIME,WILD_TABLE,ACTIVE,ROM_REACHABLE_VERIFIED
ROUTE_0285_VEGA_285,UNLOCK,UNLOCK_EXISTING_MAP_PROGRESSION,ACTIVE,ROM_WILD:1/112:VEGA_NATIVE:LAND:Lv71-80
ROUTE_0285_VEGA_285,RUNTIME,WILD_TABLE,ACTIVE,ROM_REACHABLE_VERIFIED
ROUTE_0286_EKANS,UNLOCK,UNLOCK_EXISTING_MAP_PROGRESSION,ACTIVE,ROM_WILD:1/52:VEGA_NATIVE:LAND:Lv47-47
ROUTE_0286_EKANS,RUNTIME,WILD_TABLE,ACTIVE,ROM_REACHABLE_VERIFIED
ROUTE_0287_ARBOK,UNLOCK,UNLOCK_EVOLUTION_GLOBAL,ACTIVE,analysis/CURRENT_ACQUISITION_COVERAGE_1231.csv; predecessor canonical id 286; evolution root 0x09F79290
ROUTE_0287_ARBOK,SPECIES,SPECIES_KEY_EKANS,ACTIVE,analysis/CURRENT_ACQUISITION_COVERAGE_1231.csv; predecessor canonical id 286; evolution root 0x09F79290
ROUTE_0287_ARBOK,RUNTIME,EVOLUTION,ACTIVE,ROM_EVOLUTION_EDGE_VERIFIED_TRIGGER_SUPPLY_AUDIT_REQUIRED
ROUTE_0288_VEGA_288,UNLOCK,UNLOCK_EVOLUTION_GLOBAL,ACTIVE,analysis/CURRENT_ACQUISITION_COVERAGE_1231.csv; predecessor canonical id 287; evolution root 0x09F79290
ROUTE_0288_VEGA_288,SPECIES,SPECIES_KEY_ARBOK,ACTIVE,analysis/CURRENT_ACQUISITION_COVERAGE_1231.csv; predecessor canonical id 287; evolution root 0x09F79290
ROUTE_0288_VEGA_288,RUNTIME,EVOLUTION,ACTIVE,ROM_EVOLUTION_EDGE_VERIFIED_TRIGGER_SUPPLY_AUDIT_REQUIRED
ROUTE_0289_KOFFING,UNLOCK,UNLOCK_EXISTING_MAP_PROGRESSION,ACTIVE,ROM_WILD:1/52:VEGA_NATIVE:LAND:Lv47-47
ROUTE_0289_KOFFING,RUNTIME,WILD_TABLE,ACTIVE,ROM_REACHABLE_VERIFIED
ROUTE_0290_WEEZING,UNLOCK,UNLOCK_EVOLUTION_GLOBAL,ACTIVE,analysis/CURRENT_ACQUISITION_COVERAGE_1231.csv; predecessor canonical id 289; evolution root 0x09F79290
ROUTE_0290_WEEZING,SPECIES,SPECIES_KEY_KOFFING,ACTIVE,analysis/CURRENT_ACQUISITION_COVERAGE_1231.csv; predecessor canonical id 289; evolution root 0x09F79290
ROUTE_0290_WEEZING,RUNTIME,EVOLUTION,ACTIVE,ROM_EVOLUTION_EDGE_VERIFIED_TRIGGER_SUPPLY_AUDIT_REQUIRED
ROUTE_0291_VEGA_291,UNLOCK,UNLOCK_EVOLUTION_GLOBAL,ACTIVE,analysis/CURRENT_ACQUISITION_COVERAGE_1231.csv; predecessor canonical id 290; evolution root 0x09F79290
ROUTE_0291_VEGA_291,SPECIES,SPECIES_KEY_WEEZING,ACTIVE,analysis/CURRENT_ACQUISITION_COVERAGE_1231.csv; predecessor canonical id 290; evolution root 0x09F79290
ROUTE_0291_VEGA_291,RUNTIME,EVOLUTION,ACTIVE,ROM_EVOLUTION_EDGE_VERIFIED_TRIGGER_SUPPLY_AUDIT_REQUIRED
ROUTE_0292_DUSKULL,UNLOCK,UNLOCK_EXISTING_MAP_PROGRESSION,ACTIVE,ROM_WILD:1/4:VEGA_NATIVE:LAND:Lv47-48
ROUTE_0292_DUSKULL,RUNTIME,WILD_TABLE,ACTIVE,ROM_REACHABLE_VERIFIED
ROUTE_0293_DUSCLOPS,UNLOCK,UNLOCK_EVOLUTION_GLOBAL,ACTIVE,analysis/CURRENT_ACQUISITION_COVERAGE_1231.csv; predecessor canonical id 292; evolution root 0x09F79290
ROUTE_0293_DUSCLOPS,SPECIES,SPECIES_KEY_DUSKULL,ACTIVE,analysis/CURRENT_ACQUISITION_COVERAGE_1231.csv; predecessor canonical id 292; evolution root 0x09F79290
ROUTE_0293_DUSCLOPS,RUNTIME,EVOLUTION,ACTIVE,ROM_EVOLUTION_EDGE_VERIFIED_TRIGGER_SUPPLY_AUDIT_REQUIRED
ROUTE_0294_DUSKNOIR,UNLOCK,UNLOCK_EVOLUTION_GLOBAL,ACTIVE,analysis/CURRENT_ACQUISITION_COVERAGE_1231.csv; predecessor canonical id 293; evolution root 0x09F79290
ROUTE_0294_DUSKNOIR,SPECIES,SPECIES_KEY_DUSCLOPS,ACTIVE,analysis/CURRENT_ACQUISITION_COVERAGE_1231.csv; predecessor canonical id 293; evolution root 0x09F79290
ROUTE_0294_DUSKNOIR,RUNTIME,EVOLUTION,ACTIVE,ROM_EVOLUTION_EDGE_VERIFIED_TRIGGER_SUPPLY_AUDIT_REQUIRED
ROUTE_0295_LICKITUNG,UNLOCK,UNLOCK_EXISTING_MAP_PROGRESSION,ACTIVE,ROM_WILD:1/64:VEGA_NATIVE:LAND:Lv15-45
ROUTE_0295_LICKITUNG,RUNTIME,WILD_TABLE,ACTIVE,ROM_REACHABLE_VERIFIED
ROUTE_0296_LICKILICKY,UNLOCK,UNLOCK_EVOLUTION_GLOBAL,ACTIVE,analysis/CURRENT_ACQUISITION_COVERAGE_1231.csv; predecessor canonical id 295; evolution root 0x09F79290
ROUTE_0296_LICKILICKY,SPECIES,SPECIES_KEY_LICKITUNG,ACTIVE,analysis/CURRENT_ACQUISITION_COVERAGE_1231.csv; predecessor canonical id 295; evolution root 0x09F79290
ROUTE_0296_LICKILICKY,RUNTIME,EVOLUTION,ACTIVE,ROM_EVOLUTION_EDGE_VERIFIED_TRIGGER_SUPPLY_AUDIT_REQUIRED
ROUTE_0297_SPINARAK,UNLOCK,UNLOCK_EXISTING_MAP_PROGRESSION,ACTIVE,ROM_WILD:3/32:VEGA_NATIVE:FISHING:Lv2-2
ROUTE_0297_SPINARAK,RUNTIME,WILD_TABLE,ACTIVE,ROM_REACHABLE_VERIFIED
ROUTE_0298_ARIADOS,UNLOCK,UNLOCK_EVOLUTION_GLOBAL,ACTIVE,analysis/CURRENT_ACQUISITION_COVERAGE_1231.csv; predecessor canonical id 297; evolution root 0x09F79290
ROUTE_0298_ARIADOS,SPECIES,SPECIES_KEY_SPINARAK,ACTIVE,analysis/CURRENT_ACQUISITION_COVERAGE_1231.csv; predecessor canonical id 297; evolution root 0x09F79290
ROUTE_0298_ARIADOS,RUNTIME,EVOLUTION,ACTIVE,ROM_EVOLUTION_EDGE_VERIFIED_TRIGGER_SUPPLY_AUDIT_REQUIRED
ROUTE_0299_JOLTIK,UNLOCK,UNLOCK_EXISTING_MAP_PROGRESSION,ACTIVE,ROM_WILD:3/55:VEGA_NATIVE:LAND:Lv49-49
ROUTE_0299_JOLTIK,RUNTIME,WILD_TABLE,ACTIVE,ROM_REACHABLE_VERIFIED
ROUTE_0300_GALVANTULA,UNLOCK,UNLOCK_EXISTING_MAP_PROGRESSION,ACTIVE,ROM_WILD:1/116:VEGA_NATIVE:LAND:Lv85-92
ROUTE_0300_GALVANTULA,RUNTIME,WILD_TABLE,ACTIVE,ROM_REACHABLE_VERIFIED
ROUTE_0301_NINCADA,UNLOCK,UNLOCK_EXISTING_MAP_PROGRESSION,ACTIVE,ROM_WILD:1/64:VEGA_NATIVE:LAND:Lv10-40
ROUTE_0301_NINCADA,RUNTIME,WILD_TABLE,ACTIVE,ROM_REACHABLE_VERIFIED
ROUTE_0302_NINJASK,UNLOCK,UNLOCK_EVOLUTION_GLOBAL,ACTIVE,analysis/CURRENT_ACQUISITION_COVERAGE_1231.csv; predecessor canonical id 301; evolution root 0x09F79290
ROUTE_0302_NINJASK,SPECIES,SPECIES_KEY_NINCADA,ACTIVE,analysis/CURRENT_ACQUISITION_COVERAGE_1231.csv; predecessor canonical id 301; evolution root 0x09F79290
ROUTE_0302_NINJASK,RUNTIME,EVOLUTION,ACTIVE,ROM_EVOLUTION_EDGE_VERIFIED_TRIGGER_SUPPLY_AUDIT_REQUIRED
ROUTE_0303_SHEDINJA,UNLOCK,UNLOCK_EVOLUTION_GLOBAL,ACTIVE,analysis/CURRENT_ACQUISITION_COVERAGE_1231.csv; predecessor canonical id 301; evolution root 0x09F79290
ROUTE_0303_SHEDINJA,SPECIES,SPECIES_KEY_NINCADA,ACTIVE,analysis/CURRENT_ACQUISITION_COVERAGE_1231.csv; predecessor canonical id 301; evolution root 0x09F79290
ROUTE_0303_SHEDINJA,RUNTIME,EVOLUTION,ACTIVE,ROM_EVOLUTION_EDGE_VERIFIED_TRIGGER_SUPPLY_AUDIT_REQUIRED
ROUTE_0304_VEGA_304,UNLOCK,UNLOCK_EXISTING_MAP_PROGRESSION,ACTIVE,ROM_WILD:1/112:VEGA_NATIVE:FISHING:Lv5-10
ROUTE_0304_VEGA_304,RUNTIME,WILD_TABLE,ACTIVE,ROM_REACHABLE_VERIFIED
ROUTE_0305_VEGA_305,UNLOCK,UNLOCK_EXISTING_MAP_PROGRESSION,ACTIVE,ROM_WILD:1/112:VEGA_NATIVE:FISHING:Lv30-40
ROUTE_0305_VEGA_305,RUNTIME,WILD_TABLE,ACTIVE,ROM_REACHABLE_VERIFIED
ROUTE_0306_VEGA_306,UNLOCK,UNLOCK_EVOLUTION_GLOBAL,ACTIVE,analysis/CURRENT_ACQUISITION_COVERAGE_1231.csv; predecessor canonical id 312; evolution root 0x09F79290
ROUTE_0306_VEGA_306,SPECIES,SPECIES_KEY_VEGA_312,ACTIVE,analysis/CURRENT_ACQUISITION_COVERAGE_1231.csv; predecessor canonical id 312; evolution root 0x09F79290
ROUTE_0306_VEGA_306,RUNTIME,EVOLUTION,ACTIVE,ROM_EVOLUTION_EDGE_VERIFIED_TRIGGER_SUPPLY_AUDIT_REQUIRED
ROUTE_0307_VEGA_307,UNLOCK,UNLOCK_EXISTING_MAP_PROGRESSION,ACTIVE,ROM_WILD:1/62:VEGA_NATIVE:LAND:Lv52-53
ROUTE_0307_VEGA_307,RUNTIME,WILD_TABLE,ACTIVE,ROM_REACHABLE_VERIFIED
ROUTE_0308_SPINDA,UNLOCK,UNLOCK_EXISTING_MAP_PROGRESSION,ACTIVE,ROM_WILD:1/61:VEGA_NATIVE:LAND:Lv46-47
ROUTE_0308_SPINDA,RUNTIME,WILD_TABLE,ACTIVE,ROM_REACHABLE_VERIFIED
ROUTE_0309_RELICANTH,UNLOCK,UNLOCK_EXISTING_MAP_PROGRESSION,ACTIVE,ROM_WILD:3/45:VEGA_NATIVE:FISHING:Lv30-40
ROUTE_0309_RELICANTH,RUNTIME,WILD_TABLE,ACTIVE,ROM_REACHABLE_VERIFIED
ROUTE_0310_VEGA_310,UNLOCK,UNLOCK_EXISTING_MAP_PROGRESSION,ACTIVE,ROM_WILD:1/112:VEGA_NATIVE:WATER:Lv50-55
ROUTE_0310_VEGA_310,RUNTIME,WILD_TABLE,ACTIVE,ROM_REACHABLE_VERIFIED
ROUTE_0311_VEGA_311,UNLOCK,UNLOCK_EXISTING_MAP_PROGRESSION,ACTIVE,ROM_WILD:1/112:VEGA_NATIVE:FISHING:Lv35-45
ROUTE_0311_VEGA_311,RUNTIME,WILD_TABLE,ACTIVE,ROM_REACHABLE_VERIFIED
ROUTE_0312_VEGA_312,UNLOCK,UNLOCK_EXISTING_MAP_PROGRESSION,ACTIVE,ROM_WILD:1/37:VEGA_NATIVE:LAND:Lv44-44
ROUTE_0312_VEGA_312,RUNTIME,WILD_TABLE,ACTIVE,ROM_REACHABLE_VERIFIED
ROUTE_0313_SHUPPET,UNLOCK,UNLOCK_EXISTING_MAP_PROGRESSION,ACTIVE,ROM_WILD:1/4:VEGA_NATIVE:LAND:Lv47-48
ROUTE_0313_SHUPPET,RUNTIME,WILD_TABLE,ACTIVE,ROM_REACHABLE_VERIFIED
ROUTE_0314_BANETTE,UNLOCK,UNLOCK_EVOLUTION_GLOBAL,ACTIVE,analysis/CURRENT_ACQUISITION_COVERAGE_1231.csv; predecessor canonical id 313; evolution root 0x09F79290
ROUTE_0314_BANETTE,SPECIES,SPECIES_KEY_SHUPPET,ACTIVE,analysis/CURRENT_ACQUISITION_COVERAGE_1231.csv; predecessor canonical id 313; evolution root 0x09F79290
ROUTE_0314_BANETTE,RUNTIME,EVOLUTION,ACTIVE,ROM_EVOLUTION_EDGE_VERIFIED_TRIGGER_SUPPLY_AUDIT_REQUIRED
ROUTE_0315_RALTS,UNLOCK,UNLOCK_EXISTING_MAP_PROGRESSION,ACTIVE,ROM_WILD:1/61:VEGA_NATIVE:LAND:Lv45-45
ROUTE_0315_RALTS,RUNTIME,WILD_TABLE,ACTIVE,ROM_REACHABLE_VERIFIED
ROUTE_0316_KIRLIA,UNLOCK,UNLOCK_EXISTING_MAP_PROGRESSION,ACTIVE,ROM_WILD:1/56:VEGA_NATIVE:LAND:Lv48-49
ROUTE_0316_KIRLIA,RUNTIME,WILD_TABLE,ACTIVE,ROM_REACHABLE_VERIFIED
ROUTE_0317_DWEBBLE,UNLOCK,UNLOCK_EXISTING_MAP_PROGRESSION,ACTIVE,ROM_WILD:3/45:VEGA_NATIVE:LAND:Lv47-48
ROUTE_0317_DWEBBLE,RUNTIME,WILD_TABLE,ACTIVE,ROM_REACHABLE_VERIFIED
ROUTE_0318_CACNEA,UNLOCK,UNLOCK_EXISTING_MAP_PROGRESSION,ACTIVE,ROM_WILD:1/62:VEGA_NATIVE:LAND:Lv52-52
ROUTE_0318_CACNEA,RUNTIME,WILD_TABLE,ACTIVE,ROM_REACHABLE_VERIFIED
ROUTE_0319_CACTURNE,UNLOCK,UNLOCK_EXISTING_MAP_PROGRESSION,ACTIVE,ROM_WILD:1/117:VEGA_NATIVE:LAND:Lv85-92
ROUTE_0319_CACTURNE,RUNTIME,WILD_TABLE,ACTIVE,ROM_REACHABLE_VERIFIED
ROUTE_0320_VEGA_320,UNLOCK,UNLOCK_EVOLUTION_GLOBAL,ACTIVE,analysis/CURRENT_ACQUISITION_COVERAGE_1231.csv; predecessor canonical id 336; evolution root 0x09F79290
ROUTE_0320_VEGA_320,SPECIES,SPECIES_KEY_VEGA_336,ACTIVE,analysis/CURRENT_ACQUISITION_COVERAGE_1231.csv; predecessor canonical id 336; evolution root 0x09F79290
ROUTE_0320_VEGA_320,RUNTIME,EVOLUTION,ACTIVE,ROM_EVOLUTION_EDGE_VERIFIED_TRIGGER_SUPPLY_AUDIT_REQUIRED
ROUTE_0321_PILOSWINE,UNLOCK,UNLOCK_EVOLUTION_GLOBAL,ACTIVE,analysis/CURRENT_ACQUISITION_COVERAGE_1231.csv; predecessor canonical id 340; evolution root 0x09F79290
ROUTE_0321_PILOSWINE,SPECIES,SPECIES_KEY_SWINUB,ACTIVE,analysis/CURRENT_ACQUISITION_COVERAGE_1231.csv; predecessor canonical id 340; evolution root 0x09F79290
ROUTE_0321_PILOSWINE,RUNTIME,EVOLUTION,ACTIVE,ROM_EVOLUTION_EDGE_VERIFIED_TRIGGER_SUPPLY_AUDIT_REQUIRED
ROUTE_0322_GARDEVOIR,UNLOCK,UNLOCK_EVOLUTION_GLOBAL,ACTIVE,analysis/CURRENT_ACQUISITION_COVERAGE_1231.csv; predecessor canonical id 316; evolution root 0x09F79290
ROUTE_0322_GARDEVOIR,SPECIES,SPECIES_KEY_KIRLIA,ACTIVE,analysis/CURRENT_ACQUISITION_COVERAGE_1231.csv; predecessor canonical id 316; evolution root 0x09F79290
ROUTE_0322_GARDEVOIR,RUNTIME,EVOLUTION,ACTIVE,ROM_EVOLUTION_EDGE_VERIFIED_TRIGGER_SUPPLY_AUDIT_REQUIRED
ROUTE_0323_VEGA_323,UNLOCK,UNLOCK_EXISTING_MAP_PROGRESSION,ACTIVE,ROM_WILD:3/45:VEGA_NATIVE:WATER:Lv30-40
ROUTE_0323_VEGA_323,RUNTIME,WILD_TABLE,ACTIVE,ROM_REACHABLE_VERIFIED
ROUTE_0324_LAPRAS,UNLOCK,UNLOCK_EXISTING_MAP_PROGRESSION,ACTIVE,ROM_WILD:3/12:VEGA_NATIVE:WATER:Lv40-45
ROUTE_0324_LAPRAS,RUNTIME,WILD_TABLE,ACTIVE,ROM_REACHABLE_VERIFIED
ROUTE_0325_LILLIGANT,UNLOCK,UNLOCK_EVOLUTION_GLOBAL,ACTIVE,analysis/CURRENT_ACQUISITION_COVERAGE_1231.csv; predecessor canonical id 381; evolution root 0x09F79290
ROUTE_0325_LILLIGANT,SPECIES,SPECIES_KEY_PETILIL,ACTIVE,analysis/CURRENT_ACQUISITION_COVERAGE_1231.csv; predecessor canonical id 381; evolution root 0x09F79290
ROUTE_0325_LILLIGANT,RUNTIME,EVOLUTION,ACTIVE,ROM_EVOLUTION_EDGE_VERIFIED_TRIGGER_SUPPLY_AUDIT_REQUIRED
ROUTE_0326_VEGA_326,UNLOCK,UNLOCK_EXISTING_MAP_PROGRESSION,ACTIVE,ROM_WILD:1/109:VEGA_NATIVE:LAND:Lv47-48
ROUTE_0326_VEGA_326,RUNTIME,WILD_TABLE,ACTIVE,ROM_REACHABLE_VERIFIED
ROUTE_0327_VEGA_327,UNLOCK,UNLOCK_EVOLUTION_GLOBAL,ACTIVE,analysis/CURRENT_ACQUISITION_COVERAGE_1231.csv; predecessor canonical id 326; evolution root 0x09F79290
ROUTE_0327_VEGA_327,SPECIES,SPECIES_KEY_VEGA_326,ACTIVE,analysis/CURRENT_ACQUISITION_COVERAGE_1231.csv; predecessor canonical id 326; evolution root 0x09F79290
ROUTE_0327_VEGA_327,RUNTIME,EVOLUTION,ACTIVE,ROM_EVOLUTION_EDGE_VERIFIED_TRIGGER_SUPPLY_AUDIT_REQUIRED
ROUTE_0328_VEGA_328,UNLOCK,UNLOCK_EVOLUTION_GLOBAL,ACTIVE,analysis/CURRENT_ACQUISITION_COVERAGE_1231.csv; predecessor canonical id 391; evolution root 0x09F79290
ROUTE_0328_VEGA_328,SPECIES,SPECIES_KEY_VEGA_391,ACTIVE,analysis/CURRENT_ACQUISITION_COVERAGE_1231.csv; predecessor canonical id 391; evolution root 0x09F79290
ROUTE_0328_VEGA_328,RUNTIME,EVOLUTION,ACTIVE,ROM_EVOLUTION_EDGE_VERIFIED_TRIGGER_SUPPLY_AUDIT_REQUIRED
ROUTE_0329_VEGA_329,UNLOCK,UNLOCK_EVOLUTION_GLOBAL,ACTIVE,analysis/CURRENT_ACQUISITION_COVERAGE_1231.csv; predecessor canonical id 391; evolution root 0x09F79290
ROUTE_0329_VEGA_329,SPECIES,SPECIES_KEY_VEGA_391,ACTIVE,analysis/CURRENT_ACQUISITION_COVERAGE_1231.csv; predecessor canonical id 391; evolution root 0x09F79290
ROUTE_0329_VEGA_329,RUNTIME,EVOLUTION,ACTIVE,ROM_EVOLUTION_EDGE_VERIFIED_TRIGGER_SUPPLY_AUDIT_REQUIRED
ROUTE_0330_SKORUPI,UNLOCK,UNLOCK_EXISTING_MAP_PROGRESSION,ACTIVE,ROM_WILD:3/61:VEGA_NATIVE:LAND:Lv47-47
ROUTE_0330_SKORUPI,RUNTIME,WILD_TABLE,ACTIVE,ROM_REACHABLE_VERIFIED
ROUTE_0331_DRAPION,UNLOCK,UNLOCK_EXISTING_MAP_PROGRESSION,ACTIVE,ROM_WILD:1/118:VEGA_NATIVE:LAND:Lv90-100
ROUTE_0331_DRAPION,RUNTIME,WILD_TABLE,ACTIVE,ROM_REACHABLE_VERIFIED
ROUTE_0332_CARNIVINE,UNLOCK,UNLOCK_EXISTING_MAP_PROGRESSION,ACTIVE,ROM_WILD:1/109:VEGA_NATIVE:LAND:Lv47-48
ROUTE_0332_CARNIVINE,RUNTIME,WILD_TABLE,ACTIVE,ROM_REACHABLE_VERIFIED
ROUTE_0333_VEGA_333,UNLOCK,UNLOCK_EXISTING_MAP_PROGRESSION,ACTIVE,ROM_WILD:1/109:VEGA_NATIVE:LAND:Lv50-50
ROUTE_0333_VEGA_333,RUNTIME,WILD_TABLE,ACTIVE,ROM_REACHABLE_VERIFIED
ROUTE_0334_VEGA_334,UNLOCK,UNLOCK_EXISTING_MAP_PROGRESSION,ACTIVE,ROM_WILD:1/52:VEGA_NATIVE:LAND:Lv46-46
ROUTE_0334_VEGA_334,RUNTIME,WILD_TABLE,ACTIVE,ROM_REACHABLE_VERIFIED
ROUTE_0335_VEGA_335,UNLOCK,UNLOCK_EXISTING_MAP_PROGRESSION,ACTIVE,ROM_WILD:1/55:VEGA_NATIVE:LAND:Lv48-48
ROUTE_0335_VEGA_335,RUNTIME,WILD_TABLE,ACTIVE,ROM_REACHABLE_VERIFIED
ROUTE_0336_VEGA_336,UNLOCK,UNLOCK_EXISTING_MAP_PROGRESSION,ACTIVE,ROM_WILD:1/118:VEGA_NATIVE:FISHING:Lv10-30
ROUTE_0336_VEGA_336,RUNTIME,WILD_TABLE,ACTIVE,ROM_REACHABLE_VERIFIED
ROUTE_0337_VEGA_337,UNLOCK,UNLOCK_EXISTING_MAP_PROGRESSION,ACTIVE,ROM_WILD:1/112:VEGA_NATIVE:LAND:Lv68-77
ROUTE_0337_VEGA_337,RUNTIME,WILD_TABLE,ACTIVE,ROM_REACHABLE_VERIFIED
ROUTE_0338_VEGA_338,UNLOCK,UNLOCK_EXISTING_MAP_PROGRESSION,ACTIVE,ROM_WILD:3/45:VEGA_NATIVE:LAND:Lv47-48
ROUTE_0338_VEGA_338,RUNTIME,WILD_TABLE,ACTIVE,ROM_REACHABLE_VERIFIED
ROUTE_0339_VEGA_339,UNLOCK,UNLOCK_EVOLUTION_GLOBAL,ACTIVE,analysis/CURRENT_ACQUISITION_COVERAGE_1231.csv; predecessor canonical id 314; evolution root 0x09F79290
ROUTE_0339_VEGA_339,SPECIES,SPECIES_KEY_BANETTE,ACTIVE,analysis/CURRENT_ACQUISITION_COVERAGE_1231.csv; predecessor canonical id 314; evolution root 0x09F79290
ROUTE_0339_VEGA_339,RUNTIME,EVOLUTION,ACTIVE,ROM_EVOLUTION_EDGE_VERIFIED_TRIGGER_SUPPLY_AUDIT_REQUIRED
ROUTE_0340_SWINUB,UNLOCK,UNLOCK_EXISTING_MAP_PROGRESSION,ACTIVE,ROM_WILD:1/85:VEGA_NATIVE:LAND:Lv48-49
ROUTE_0340_SWINUB,RUNTIME,WILD_TABLE,ACTIVE,ROM_REACHABLE_VERIFIED
ROUTE_0341_DUNSPARCE,UNLOCK,UNLOCK_EXISTING_MAP_PROGRESSION,ACTIVE,ROM_WILD:3/45:VEGA_NATIVE:LAND:Lv47-48
ROUTE_0341_DUNSPARCE,RUNTIME,WILD_TABLE,ACTIVE,ROM_REACHABLE_VERIFIED
ROUTE_0342_VEGA_342,UNLOCK,UNLOCK_EVOLUTION_GLOBAL,ACTIVE,analysis/CURRENT_ACQUISITION_COVERAGE_1231.csv; predecessor canonical id 341; evolution root 0x09F79290
ROUTE_0342_VEGA_342,SPECIES,SPECIES_KEY_DUNSPARCE,ACTIVE,analysis/CURRENT_ACQUISITION_COVERAGE_1231.csv; predecessor canonical id 341; evolution root 0x09F79290
ROUTE_0342_VEGA_342,RUNTIME,EVOLUTION,ACTIVE,ROM_EVOLUTION_EDGE_VERIFIED_TRIGGER_SUPPLY_AUDIT_REQUIRED
ROUTE_0343_FARFETCHD,UNLOCK,UNLOCK_EXISTING_MAP_PROGRESSION,ACTIVE,ROM_WILD:1/106:VEGA_NATIVE:LAND:Lv49-49
ROUTE_0343_FARFETCHD,RUNTIME,WILD_TABLE,ACTIVE,ROM_REACHABLE_VERIFIED
ROUTE_0344_VEGA_344,UNLOCK,UNLOCK_EVOLUTION_GLOBAL,ACTIVE,analysis/CURRENT_ACQUISITION_COVERAGE_1231.csv; predecessor canonical id 334; evolution root 0x09F79290
ROUTE_0344_VEGA_344,SPECIES,SPECIES_KEY_VEGA_334,ACTIVE,analysis/CURRENT_ACQUISITION_COVERAGE_1231.csv; predecessor canonical id 334; evolution root 0x09F79290
ROUTE_0344_VEGA_344,RUNTIME,EVOLUTION,ACTIVE,ROM_EVOLUTION_EDGE_VERIFIED_TRIGGER_SUPPLY_AUDIT_REQUIRED
ROUTE_0345_VEGA_345,UNLOCK,UNLOCK_EXISTING_MAP_PROGRESSION,ACTIVE,ROM_WILD:1/55:VEGA_NATIVE:LAND:Lv47-48
ROUTE_0345_VEGA_345,RUNTIME,WILD_TABLE,ACTIVE,ROM_REACHABLE_VERIFIED
ROUTE_0346_TORKOAL,UNLOCK,UNLOCK_EXISTING_MAP_PROGRESSION,ACTIVE,ROM_WILD:1/86:VEGA_NATIVE:LAND:Lv48-49
ROUTE_0346_TORKOAL,RUNTIME,WILD_TABLE,ACTIVE,ROM_REACHABLE_VERIFIED
ROUTE_0347_VEGA_347,UNLOCK,UNLOCK_EXISTING_MAP_PROGRESSION,ACTIVE,ROM_WILD:1/110:VEGA_NATIVE:LAND:Lv61-71
ROUTE_0347_VEGA_347,RUNTIME,WILD_TABLE,ACTIVE,ROM_REACHABLE_VERIFIED
ROUTE_0348_LUVDISC,UNLOCK,UNLOCK_EXISTING_MAP_PROGRESSION,ACTIVE,ROM_WILD:1/118:VEGA_NATIVE:FISHING:Lv5-10
ROUTE_0348_LUVDISC,RUNTIME,WILD_TABLE,ACTIVE,ROM_REACHABLE_VERIFIED
ROUTE_0349_VEGA_349,UNLOCK,UNLOCK_EXISTING_MAP_PROGRESSION,ACTIVE,ROM_WILD:1/118:VEGA_NATIVE:FISHING:Lv30-50
ROUTE_0349_VEGA_349,RUNTIME,WILD_TABLE,ACTIVE,ROM_REACHABLE_VERIFIED
ROUTE_0350_VEGA_350,UNLOCK,UNLOCK_EVOLUTION_GLOBAL,ACTIVE,analysis/CURRENT_ACQUISITION_COVERAGE_1231.csv; predecessor canonical id 336; evolution root 0x09F79290
ROUTE_0350_VEGA_350,SPECIES,SPECIES_KEY_VEGA_336,ACTIVE,analysis/CURRENT_ACQUISITION_COVERAGE_1231.csv; predecessor canonical id 336; evolution root 0x09F79290
ROUTE_0350_VEGA_350,RUNTIME,EVOLUTION,ACTIVE,ROM_EVOLUTION_EDGE_VERIFIED_TRIGGER_SUPPLY_AUDIT_REQUIRED
ROUTE_0351_MAMOSWINE,UNLOCK,UNLOCK_EVOLUTION_GLOBAL,ACTIVE,analysis/CURRENT_ACQUISITION_COVERAGE_1231.csv; predecessor canonical id 321; evolution root 0x09F79290
ROUTE_0351_MAMOSWINE,SPECIES,SPECIES_KEY_PILOSWINE,ACTIVE,analysis/CURRENT_ACQUISITION_COVERAGE_1231.csv; predecessor canonical id 321; evolution root 0x09F79290
ROUTE_0351_MAMOSWINE,RUNTIME,EVOLUTION,ACTIVE,ROM_EVOLUTION_EDGE_VERIFIED_TRIGGER_SUPPLY_AUDIT_REQUIRED
ROUTE_0352_STUNFISK,UNLOCK,UNLOCK_EXISTING_MAP_PROGRESSION,ACTIVE,ROM_WILD:3/45:VEGA_NATIVE:FISHING:Lv5-10
ROUTE_0352_STUNFISK,RUNTIME,WILD_TABLE,ACTIVE,ROM_REACHABLE_VERIFIED
ROUTE_0353_VEGA_353,UNLOCK,UNLOCK_EXISTING_MAP_PROGRESSION,ACTIVE,ROM_WILD:1/110:VEGA_NATIVE:LAND:Lv64-74
ROUTE_0353_VEGA_353,RUNTIME,WILD_TABLE,ACTIVE,ROM_REACHABLE_VERIFIED
ROUTE_0354_CRYOGONAL,UNLOCK,UNLOCK_EXISTING_MAP_PROGRESSION,ACTIVE,ROM_WILD:1/100:VEGA_NATIVE:LAND:Lv49-49
ROUTE_0354_CRYOGONAL,RUNTIME,WILD_TABLE,ACTIVE,ROM_REACHABLE_VERIFIED
ROUTE_0355_GALLADE,UNLOCK,UNLOCK_EVOLUTION_GLOBAL,ACTIVE,analysis/CURRENT_ACQUISITION_COVERAGE_1231.csv; predecessor canonical id 316; evolution root 0x09F79290
ROUTE_0355_GALLADE,SPECIES,SPECIES_KEY_KIRLIA,ACTIVE,analysis/CURRENT_ACQUISITION_COVERAGE_1231.csv; predecessor canonical id 316; evolution root 0x09F79290
ROUTE_0355_GALLADE,RUNTIME,EVOLUTION,ACTIVE,ROM_EVOLUTION_EDGE_VERIFIED_TRIGGER_SUPPLY_AUDIT_REQUIRED
ROUTE_0356_VEGA_356,UNLOCK,UNLOCK_EXISTING_MAP_PROGRESSION,ACTIVE,ROM_WILD:1/118:VEGA_NATIVE:WATER:Lv35-50
ROUTE_0356_VEGA_356,RUNTIME,WILD_TABLE,ACTIVE,ROM_REACHABLE_VERIFIED
ROUTE_0357_VEGA_357,UNLOCK,UNLOCK_EXISTING_MAP_PROGRESSION,ACTIVE,ROM_WILD:1/3:VEGA_NATIVE:LAND:Lv47-48
ROUTE_0357_VEGA_357,RUNTIME,WILD_TABLE,ACTIVE,ROM_REACHABLE_VERIFIED
ROUTE_0358_VEGA_358,UNLOCK,UNLOCK_EXISTING_MAP_PROGRESSION,ACTIVE,ROM_WILD:1/110:VEGA_NATIVE:LAND:Lv61-71
ROUTE_0358_VEGA_358,RUNTIME,WILD_TABLE,ACTIVE,ROM_REACHABLE_VERIFIED
ROUTE_0359_KLINK,UNLOCK,UNLOCK_EXISTING_MAP_PROGRESSION,ACTIVE,ROM_WILD:1/87:VEGA_NATIVE:LAND:Lv48-48
ROUTE_0359_KLINK,RUNTIME,WILD_TABLE,ACTIVE,ROM_REACHABLE_VERIFIED
ROUTE_0360_VEGA_360,UNLOCK,UNLOCK_EVOLUTION_GLOBAL,ACTIVE,analysis/CURRENT_ACQUISITION_COVERAGE_1231.csv; predecessor canonical id 376; evolution root 0x09F79290
ROUTE_0360_VEGA_360,SPECIES,SPECIES_KEY_DELIBIRD,ACTIVE,analysis/CURRENT_ACQUISITION_COVERAGE_1231.csv; predecessor canonical id 376; evolution root 0x09F79290
ROUTE_0360_VEGA_360,RUNTIME,EVOLUTION,ACTIVE,ROM_EVOLUTION_EDGE_VERIFIED_TRIGGER_SUPPLY_AUDIT_REQUIRED
ROUTE_0361_FERROTHORN,UNLOCK,UNLOCK_EXISTING_MAP_PROGRESSION,ACTIVE,ROM_WILD:1/113:VEGA_NATIVE:LAND:Lv75-83
ROUTE_0361_FERROTHORN,RUNTIME,WILD_TABLE,ACTIVE,ROM_REACHABLE_VERIFIED
ROUTE_0362_TYNAMO,UNLOCK,UNLOCK_EXISTING_MAP_PROGRESSION,ACTIVE,ROM_WILD:1/87:VEGA_NATIVE:LAND:Lv47-47
ROUTE_0362_TYNAMO,RUNTIME,WILD_TABLE,ACTIVE,ROM_REACHABLE_VERIFIED
ROUTE_0363_GEODUDE,UNLOCK,UNLOCK_EXISTING_MAP_PROGRESSION,ACTIVE,ROM_WILD:1/37:VEGA_NATIVE:ROCK:Lv5-20
ROUTE_0363_GEODUDE,RUNTIME,WILD_TABLE,ACTIVE,ROM_REACHABLE_VERIFIED
ROUTE_0364_HAPPINY,UNLOCK,UNLOCK_EXISTING_MAP_PROGRESSION,ACTIVE,ROM_WILD:3/32:VEGA_NATIVE:FISHING:Lv2-2
ROUTE_0364_HAPPINY,RUNTIME,WILD_TABLE,ACTIVE,ROM_REACHABLE_VERIFIED
ROUTE_0365_CHANSEY,UNLOCK,UNLOCK_EVOLUTION_GLOBAL,ACTIVE,analysis/CURRENT_ACQUISITION_COVERAGE_1231.csv; predecessor canonical id 364; evolution root 0x09F79290
ROUTE_0365_CHANSEY,SPECIES,SPECIES_KEY_HAPPINY,ACTIVE,analysis/CURRENT_ACQUISITION_COVERAGE_1231.csv; predecessor canonical id 364; evolution root 0x09F79290
ROUTE_0365_CHANSEY,RUNTIME,EVOLUTION,ACTIVE,ROM_EVOLUTION_EDGE_VERIFIED_TRIGGER_SUPPLY_AUDIT_REQUIRED
ROUTE_0366_BLISSEY,UNLOCK,UNLOCK_EVOLUTION_GLOBAL,ACTIVE,analysis/CURRENT_ACQUISITION_COVERAGE_1231.csv; predecessor canonical id 365; evolution root 0x09F79290
ROUTE_0366_BLISSEY,SPECIES,SPECIES_KEY_CHANSEY,ACTIVE,analysis/CURRENT_ACQUISITION_COVERAGE_1231.csv; predecessor canonical id 365; evolution root 0x09F79290
ROUTE_0366_BLISSEY,RUNTIME,EVOLUTION,ACTIVE,ROM_EVOLUTION_EDGE_VERIFIED_TRIGGER_SUPPLY_AUDIT_REQUIRED
ROUTE_0367_GRAVELER,UNLOCK,UNLOCK_EXISTING_MAP_PROGRESSION,ACTIVE,ROM_WILD:1/37:VEGA_NATIVE:ROCK:Lv30-40
ROUTE_0367_GRAVELER,RUNTIME,WILD_TABLE,ACTIVE,ROM_REACHABLE_VERIFIED
ROUTE_0368_GOLEM,UNLOCK,UNLOCK_EXISTING_MAP_PROGRESSION,ACTIVE,ROM_WILD:1/117:VEGA_NATIVE:LAND:Lv85-92
ROUTE_0368_GOLEM,RUNTIME,WILD_TABLE,ACTIVE,ROM_REACHABLE_VERIFIED
ROUTE_0369_EELEKTRIK,UNLOCK,UNLOCK_EXISTING_MAP_PROGRESSION,ACTIVE,ROM_WILD:1/110:VEGA_NATIVE:LAND:Lv61-71
ROUTE_0369_EELEKTRIK,RUNTIME,WILD_TABLE,ACTIVE,ROM_REACHABLE_VERIFIED
ROUTE_0370_SANDSHREW,UNLOCK,UNLOCK_EXISTING_MAP_PROGRESSION,ACTIVE,ROM_WILD:3/56:VEGA_NATIVE:LAND:Lv45-46
ROUTE_0370_SANDSHREW,RUNTIME,WILD_TABLE,ACTIVE,ROM_REACHABLE_VERIFIED
ROUTE_0371_SANDSLASH,UNLOCK,UNLOCK_EXISTING_MAP_PROGRESSION,ACTIVE,ROM_WILD:3/45:VEGA_NATIVE:LAND:Lv50-50
ROUTE_0371_SANDSLASH,RUNTIME,WILD_TABLE,ACTIVE,ROM_REACHABLE_VERIFIED
ROUTE_0372_VEGA_372,UNLOCK,UNLOCK_EVOLUTION_GLOBAL,ACTIVE,analysis/CURRENT_ACQUISITION_COVERAGE_1231.csv; predecessor canonical id 371; evolution root 0x09F79290
ROUTE_0372_VEGA_372,SPECIES,SPECIES_KEY_SANDSLASH,ACTIVE,analysis/CURRENT_ACQUISITION_COVERAGE_1231.csv; predecessor canonical id 371; evolution root 0x09F79290
ROUTE_0372_VEGA_372,RUNTIME,EVOLUTION,ACTIVE,ROM_EVOLUTION_EDGE_VERIFIED_TRIGGER_SUPPLY_AUDIT_REQUIRED
ROUTE_0373_VEGA_373,UNLOCK,UNLOCK_EVOLUTION_GLOBAL,ACTIVE,analysis/CURRENT_ACQUISITION_COVERAGE_1231.csv; predecessor canonical id 343; evolution root 0x09F79290
ROUTE_0373_VEGA_373,SPECIES,SPECIES_KEY_FARFETCHD,ACTIVE,analysis/CURRENT_ACQUISITION_COVERAGE_1231.csv; predecessor canonical id 343; evolution root 0x09F79290
ROUTE_0373_VEGA_373,RUNTIME,EVOLUTION,ACTIVE,ROM_EVOLUTION_EDGE_VERIFIED_TRIGGER_SUPPLY_AUDIT_REQUIRED
ROUTE_0374_SCRAGGY,UNLOCK,UNLOCK_EXISTING_MAP_PROGRESSION,ACTIVE,ROM_WILD:3/63:VEGA_NATIVE:LAND:Lv46-46
ROUTE_0374_SCRAGGY,RUNTIME,WILD_TABLE,ACTIVE,ROM_REACHABLE_VERIFIED
ROUTE_0375_SCRAFTY,UNLOCK,UNLOCK_EVOLUTION_GLOBAL,ACTIVE,analysis/CURRENT_ACQUISITION_COVERAGE_1231.csv; predecessor canonical id 374; evolution root 0x09F79290
ROUTE_0375_SCRAFTY,SPECIES,SPECIES_KEY_SCRAGGY,ACTIVE,analysis/CURRENT_ACQUISITION_COVERAGE_1231.csv; predecessor canonical id 374; evolution root 0x09F79290
ROUTE_0375_SCRAFTY,RUNTIME,EVOLUTION,ACTIVE,ROM_EVOLUTION_EDGE_VERIFIED_TRIGGER_SUPPLY_AUDIT_REQUIRED
ROUTE_0376_DELIBIRD,UNLOCK,UNLOCK_EXISTING_MAP_PROGRESSION,ACTIVE,ROM_WILD:1/3:VEGA_NATIVE:LAND:Lv48-49
ROUTE_0376_DELIBIRD,RUNTIME,WILD_TABLE,ACTIVE,ROM_REACHABLE_VERIFIED
ROUTE_0377_CRUSTLE,UNLOCK,UNLOCK_EXISTING_MAP_PROGRESSION,ACTIVE,ROM_WILD:1/117:VEGA_NATIVE:LAND:Lv85-92
ROUTE_0377_CRUSTLE,RUNTIME,WILD_TABLE,ACTIVE,ROM_REACHABLE_VERIFIED
ROUTE_0378_FERROSEED,UNLOCK,UNLOCK_EXISTING_MAP_PROGRESSION,ACTIVE,ROM_WILD:3/32:VEGA_NATIVE:FISHING:Lv2-2
ROUTE_0378_FERROSEED,RUNTIME,WILD_TABLE,ACTIVE,ROM_REACHABLE_VERIFIED
ROUTE_0379_KLINKLANG,UNLOCK,UNLOCK_EVOLUTION_GLOBAL,ACTIVE,analysis/CURRENT_ACQUISITION_COVERAGE_1231.csv; predecessor canonical id 380; evolution root 0x09F79290
ROUTE_0379_KLINKLANG,SPECIES,SPECIES_KEY_KLANG,ACTIVE,analysis/CURRENT_ACQUISITION_COVERAGE_1231.csv; predecessor canonical id 380; evolution root 0x09F79290
ROUTE_0379_KLINKLANG,RUNTIME,EVOLUTION,ACTIVE,ROM_EVOLUTION_EDGE_VERIFIED_TRIGGER_SUPPLY_AUDIT_REQUIRED
ROUTE_0380_KLANG,UNLOCK,UNLOCK_EXISTING_MAP_PROGRESSION,ACTIVE,ROM_WILD:3/49:VEGA_NATIVE:LAND:Lv52-53
ROUTE_0380_KLANG,RUNTIME,WILD_TABLE,ACTIVE,ROM_REACHABLE_VERIFIED
ROUTE_0381_PETILIL,UNLOCK,UNLOCK_EXISTING_MAP_PROGRESSION,ACTIVE,ROM_WILD:1/109:VEGA_NATIVE:LAND:Lv47-48
ROUTE_0381_PETILIL,RUNTIME,WILD_TABLE,ACTIVE,ROM_REACHABLE_VERIFIED
ROUTE_0382_VEGA_382,UNLOCK,UNLOCK_EVOLUTION_GLOBAL,ACTIVE,analysis/CURRENT_ACQUISITION_COVERAGE_1231.csv; predecessor canonical id 315; evolution root 0x09F79290
ROUTE_0382_VEGA_382,SPECIES,SPECIES_KEY_RALTS,ACTIVE,analysis/CURRENT_ACQUISITION_COVERAGE_1231.csv; predecessor canonical id 315; evolution root 0x09F79290
ROUTE_0382_VEGA_382,RUNTIME,EVOLUTION,ACTIVE,ROM_EVOLUTION_EDGE_VERIFIED_TRIGGER_SUPPLY_AUDIT_REQUIRED
ROUTE_0383_VEGA_383,UNLOCK,UNLOCK_EVOLUTION_GLOBAL,ACTIVE,analysis/CURRENT_ACQUISITION_COVERAGE_1231.csv; predecessor canonical id 382; evolution root 0x09F79290
ROUTE_0383_VEGA_383,SPECIES,SPECIES_KEY_VEGA_382,ACTIVE,analysis/CURRENT_ACQUISITION_COVERAGE_1231.csv; predecessor canonical id 382; evolution root 0x09F79290
ROUTE_0383_VEGA_383,RUNTIME,EVOLUTION,ACTIVE,ROM_EVOLUTION_EDGE_VERIFIED_TRIGGER_SUPPLY_AUDIT_REQUIRED
ROUTE_0384_VEGA_384,UNLOCK,UNLOCK_EXISTING_MAP_PROGRESSION,ACTIVE,ROM_WILD:1/118:VEGA_NATIVE:WATER:Lv30-45
ROUTE_0384_VEGA_384,RUNTIME,WILD_TABLE,ACTIVE,ROM_REACHABLE_VERIFIED
ROUTE_0385_VEGA_385,UNLOCK,UNLOCK_EXISTING_MAP_PROGRESSION,ACTIVE,ROM_WILD:3/32:VEGA_NATIVE:FISHING:Lv2-2
ROUTE_0385_VEGA_385,RUNTIME,WILD_TABLE,ACTIVE,ROM_REACHABLE_VERIFIED
ROUTE_0386_VEGA_386,UNLOCK,UNLOCK_EXISTING_MAP_PROGRESSION,ACTIVE,ROM_WILD:1/37:VEGA_NATIVE:LAND:Lv45-45
ROUTE_0386_VEGA_386,RUNTIME,WILD_TABLE,ACTIVE,ROM_REACHABLE_VERIFIED
ROUTE_0387_VEGA_387,UNLOCK,UNLOCK_EXISTING_MAP_PROGRESSION,ACTIVE,ROM_WILD:1/37:VEGA_NATIVE:LAND:Lv45-45
ROUTE_0387_VEGA_387,RUNTIME,WILD_TABLE,ACTIVE,ROM_REACHABLE_VERIFIED
ROUTE_0388_VEGA_388,UNLOCK,UNLOCK_FOSSIL_SERVICE,ACTIVE,legacy acquisition references + exact Kanto fallback host; Tohoku coords/script entry unverified
ROUTE_0388_VEGA_388,HOST,HOST_FOSSIL_LAB,ACTIVE,READY_TO_SERIALIZE
ROUTE_0388_VEGA_388,RUNTIME,FOSSIL_RESTORE,ACTIVE,DESIGN_COMPLETE_PHYSICAL_AUDIT_REQUIRED_WITH_READY_KANTO_FALLBACK
ROUTE_0389_VEGA_389,UNLOCK,UNLOCK_EVOLUTION_GLOBAL,ACTIVE,legacy acquisition references + exact Kanto fallback host; Tohoku coords/script entry unverified
ROUTE_0389_VEGA_389,HOST,HOST_FOSSIL_LAB,ACTIVE,READY_TO_SERIALIZE
ROUTE_0389_VEGA_389,RUNTIME,EVOLUTION,ACTIVE,DESIGN_COMPLETE_PHYSICAL_AUDIT_REQUIRED_WITH_READY_KANTO_FALLBACK
ROUTE_0390_VEGA_390,UNLOCK,UNLOCK_FOSSIL_SERVICE,ACTIVE,legacy acquisition references + exact Kanto fallback host; Tohoku coords/script entry unverified
ROUTE_0390_VEGA_390,HOST,HOST_FOSSIL_LAB,ACTIVE,READY_TO_SERIALIZE
ROUTE_0390_VEGA_390,RUNTIME,FOSSIL_RESTORE,ACTIVE,DESIGN_COMPLETE_PHYSICAL_AUDIT_REQUIRED_WITH_READY_KANTO_FALLBACK
ROUTE_0391_VEGA_391,UNLOCK,UNLOCK_EXISTING_MAP_PROGRESSION,ACTIVE,ROM_WILD:3/64:VEGA_NATIVE:LAND:Lv53-53
ROUTE_0391_VEGA_391,RUNTIME,WILD_TABLE,ACTIVE,ROM_REACHABLE_VERIFIED
ROUTE_0392_VEGA_392,UNLOCK,UNLOCK_EXISTING_MAP_PROGRESSION,ACTIVE,ROM_WILD:1/86:VEGA_NATIVE:LAND:Lv48-49
ROUTE_0392_VEGA_392,RUNTIME,WILD_TABLE,ACTIVE,ROM_REACHABLE_VERIFIED
ROUTE_0393_VEGA_393,UNLOCK,UNLOCK_EVOLUTION_GLOBAL,ACTIVE,analysis/CURRENT_ACQUISITION_COVERAGE_1231.csv; predecessor canonical id 392; evolution root 0x09F79290
ROUTE_0393_VEGA_393,SPECIES,SPECIES_KEY_VEGA_392,ACTIVE,analysis/CURRENT_ACQUISITION_COVERAGE_1231.csv; predecessor canonical id 392; evolution root 0x09F79290
ROUTE_0393_VEGA_393,RUNTIME,EVOLUTION,ACTIVE,ROM_EVOLUTION_EDGE_VERIFIED_TRIGGER_SUPPLY_AUDIT_REQUIRED
ROUTE_0394_VEGA_394,UNLOCK,UNLOCK_EXISTING_MAP_PROGRESSION,ACTIVE,ROM_WILD:1/112:VEGA_NATIVE:FISHING:Lv5-10
ROUTE_0394_VEGA_394,RUNTIME,WILD_TABLE,ACTIVE,ROM_REACHABLE_VERIFIED
ROUTE_0395_MIENFOO,UNLOCK,UNLOCK_EXISTING_MAP_PROGRESSION,ACTIVE,ROM_WILD:1/62:VEGA_NATIVE:LAND:Lv52-53
ROUTE_0395_MIENFOO,RUNTIME,WILD_TABLE,ACTIVE,ROM_REACHABLE_VERIFIED
ROUTE_0396_MIENSHAO,UNLOCK,UNLOCK_EVOLUTION_GLOBAL,ACTIVE,analysis/CURRENT_ACQUISITION_COVERAGE_1231.csv; predecessor canonical id 395; evolution root 0x09F79290
ROUTE_0396_MIENSHAO,SPECIES,SPECIES_KEY_MIENFOO,ACTIVE,analysis/CURRENT_ACQUISITION_COVERAGE_1231.csv; predecessor canonical id 395; evolution root 0x09F79290
ROUTE_0396_MIENSHAO,RUNTIME,EVOLUTION,ACTIVE,ROM_EVOLUTION_EDGE_VERIFIED_TRIGGER_SUPPLY_AUDIT_REQUIRED
ROUTE_0397_SANDILE,UNLOCK,UNLOCK_EXISTING_MAP_PROGRESSION,ACTIVE,ROM_WILD:1/103:VEGA_NATIVE:LAND:Lv49-50
ROUTE_0397_SANDILE,RUNTIME,WILD_TABLE,ACTIVE,ROM_REACHABLE_VERIFIED
ROUTE_0398_KROKOROK,UNLOCK,UNLOCK_EXISTING_MAP_PROGRESSION,ACTIVE,ROM_WILD:1/117:VEGA_NATIVE:LAND:Lv85-92
ROUTE_0398_KROKOROK,RUNTIME,WILD_TABLE,ACTIVE,ROM_REACHABLE_VERIFIED
ROUTE_0399_KROOKODILE,UNLOCK,UNLOCK_EXISTING_MAP_PROGRESSION,ACTIVE,ROM_WILD:1/117:VEGA_NATIVE:LAND:Lv89-95
ROUTE_0399_KROOKODILE,RUNTIME,WILD_TABLE,ACTIVE,ROM_REACHABLE_VERIFIED
ROUTE_0400_VEGA_400,UNLOCK,UNLOCK_SPECIAL_ARCHIVE,ACTIVE,legacy acquisition references + exact Kanto fallback host; Tohoku coords/script entry unverified
ROUTE_0400_VEGA_400,HOST,HOST_LEGACY_ARCHIVE,ACTIVE,READY_TO_SERIALIZE
ROUTE_0400_VEGA_400,RUNTIME,FIXED_CAPTURE,ACTIVE,DESIGN_COMPLETE_PHYSICAL_AUDIT_REQUIRED_WITH_READY_KANTO_FALLBACK
ROUTE_0401_VEGA_401,UNLOCK,UNLOCK_SPECIAL_ARCHIVE,ACTIVE,legacy acquisition references + exact Kanto fallback host; Tohoku coords/script entry unverified
ROUTE_0401_VEGA_401,HOST,HOST_LEGACY_ARCHIVE,ACTIVE,READY_TO_SERIALIZE
ROUTE_0401_VEGA_401,RUNTIME,FIXED_CAPTURE,ACTIVE,DESIGN_COMPLETE_PHYSICAL_AUDIT_REQUIRED_WITH_READY_KANTO_FALLBACK
ROUTE_0402_VEGA_402,UNLOCK,UNLOCK_SPECIAL_ARCHIVE,ACTIVE,legacy acquisition references + exact Kanto fallback host; Tohoku coords/script entry unverified
ROUTE_0402_VEGA_402,HOST,HOST_LEGACY_ARCHIVE,ACTIVE,READY_TO_SERIALIZE
ROUTE_0402_VEGA_402,RUNTIME,GIFT,ACTIVE,DESIGN_COMPLETE_PHYSICAL_AUDIT_REQUIRED_WITH_READY_KANTO_FALLBACK
ROUTE_0403_HEATRAN,UNLOCK,UNLOCK_SPECIAL_ARCHIVE,ACTIVE,special master vega_existing=yes; Tohoku exact script entry audit required; Kanto host JSON verified
ROUTE_0403_HEATRAN,HOST,HOST_LEGACY_ARCHIVE,ACTIVE,READY_TO_SERIALIZE
ROUTE_0403_HEATRAN,RUNTIME,FIXED_CAPTURE,ACTIVE,SCRIPT_PRESENT_ENTRY_UNVERIFIED_WITH_READY_KANTO_RESCUE
ROUTE_0404_PHIONE,UNLOCK,UNLOCK_HALL_OF_FAME,ACTIVE,special master + breeding fallback design
ROUTE_0404_PHIONE,SPECIES,SPECIES_KEY_MANAPHY,ACTIVE,special master + breeding fallback design
ROUTE_0404_PHIONE,HOST,HOST_ALOLA_LIGHT,ACTIVE,READY_TO_SERIALIZE
ROUTE_0404_PHIONE,RUNTIME,BREEDING_OR_RESEARCH_EGG,ACTIVE,READY_TO_INTEGRATE
ROUTE_0405_MANAPHY,UNLOCK,UNLOCK_SPECIAL_ARCHIVE,ACTIVE,special master vega_existing=yes; Tohoku exact script entry audit required; Kanto host JSON verified
ROUTE_0405_MANAPHY,HOST,HOST_LEGACY_ARCHIVE,ACTIVE,READY_TO_SERIALIZE
ROUTE_0405_MANAPHY,RUNTIME,FIXED_CAPTURE,ACTIVE,SCRIPT_PRESENT_ENTRY_UNVERIFIED_WITH_READY_KANTO_RESCUE
ROUTE_0406_VEGA_406,UNLOCK,UNLOCK_SPECIAL_ARCHIVE,ACTIVE,legacy acquisition references + exact Kanto fallback host; Tohoku coords/script entry unverified
ROUTE_0406_VEGA_406,HOST,HOST_LEGACY_ARCHIVE,ACTIVE,READY_TO_SERIALIZE
ROUTE_0406_VEGA_406,RUNTIME,GIFT,ACTIVE,DESIGN_COMPLETE_PHYSICAL_AUDIT_REQUIRED_WITH_READY_KANTO_FALLBACK
ROUTE_0407_LATIAS,UNLOCK,UNLOCK_SPECIAL_ARCHIVE,ACTIVE,special master vega_existing=yes; Tohoku exact script entry audit required; Kanto host JSON verified
ROUTE_0407_LATIAS,HOST,HOST_LEGACY_ARCHIVE,ACTIVE,READY_TO_SERIALIZE
ROUTE_0407_LATIAS,RUNTIME,FIXED_CAPTURE,ACTIVE,SCRIPT_PRESENT_ENTRY_UNVERIFIED_WITH_READY_KANTO_RESCUE
ROUTE_0408_LATIOS,UNLOCK,UNLOCK_SPECIAL_ARCHIVE,ACTIVE,special master vega_existing=yes; Tohoku exact script entry audit required; Kanto host JSON verified
ROUTE_0408_LATIOS,HOST,HOST_LEGACY_ARCHIVE,ACTIVE,READY_TO_SERIALIZE
ROUTE_0408_LATIOS,RUNTIME,FIXED_CAPTURE,ACTIVE,SCRIPT_PRESENT_ENTRY_UNVERIFIED_WITH_READY_KANTO_RESCUE
ROUTE_0409_VEGA_409,UNLOCK,UNLOCK_EVOLUTION_GLOBAL,ACTIVE,legacy acquisition references + exact Kanto fallback host; Tohoku coords/script entry unverified
ROUTE_0409_VEGA_409,HOST,HOST_LEGACY_ARCHIVE,ACTIVE,READY_TO_SERIALIZE
ROUTE_0409_VEGA_409,RUNTIME,EVOLUTION,ACTIVE,DESIGN_COMPLETE_PHYSICAL_AUDIT_REQUIRED_WITH_READY_KANTO_FALLBACK
ROUTE_0410_VEGA_410,UNLOCK,UNLOCK_SPECIAL_ARCHIVE,ACTIVE,legacy acquisition references + exact Kanto fallback host; Tohoku coords/script entry unverified
ROUTE_0410_VEGA_410,HOST,HOST_LEGACY_ARCHIVE,ACTIVE,READY_TO_SERIALIZE
ROUTE_0410_VEGA_410,RUNTIME,FIXED_CAPTURE,ACTIVE,DESIGN_COMPLETE_PHYSICAL_AUDIT_REQUIRED_WITH_READY_KANTO_FALLBACK
ROUTE_0411_EELEKTROSS,UNLOCK,UNLOCK_EXISTING_MAP_PROGRESSION,ACTIVE,ROM_WILD:1/113:VEGA_NATIVE:LAND:Lv71-80
ROUTE_0411_EELEKTROSS,RUNTIME,WILD_TABLE,ACTIVE,ROM_REACHABLE_VERIFIED
ROUTE_0412_CATERPIE,UNLOCK,UNLOCK_EXISTING_MAP_PROGRESSION,ACTIVE,TOHOKU_ECOLOGY:T502:ずつき／朝昼オーバーレイ:Lv3-6
ROUTE_0412_CATERPIE,RUNTIME,ECOLOGY_OVERLAY,ACTIVE,ROM_REACHABLE_VERIFIED
ROUTE_0413_METAPOD,UNLOCK,UNLOCK_EVOLUTION_GLOBAL,ACTIVE,analysis/CURRENT_ACQUISITION_COVERAGE_1231.csv; predecessor canonical id 412; evolution root 0x09F79290
ROUTE_0413_METAPOD,SPECIES,SPECIES_KEY_CATERPIE,ACTIVE,analysis/CURRENT_ACQUISITION_COVERAGE_1231.csv; predecessor canonical id 412; evolution root 0x09F79290
ROUTE_0413_METAPOD,RUNTIME,EVOLUTION,ACTIVE,ROM_EVOLUTION_EDGE_VERIFIED_TRIGGER_SUPPLY_AUDIT_REQUIRED
ROUTE_0414_BUTTERFREE,UNLOCK,UNLOCK_EVOLUTION_GLOBAL,ACTIVE,analysis/CURRENT_ACQUISITION_COVERAGE_1231.csv; predecessor canonical id 413; evolution root 0x09F79290
ROUTE_0414_BUTTERFREE,SPECIES,SPECIES_KEY_METAPOD,ACTIVE,analysis/CURRENT_ACQUISITION_COVERAGE_1231.csv; predecessor canonical id 413; evolution root 0x09F79290
ROUTE_0414_BUTTERFREE,RUNTIME,EVOLUTION,ACTIVE,ROM_EVOLUTION_EDGE_VERIFIED_TRIGGER_SUPPLY_AUDIT_REQUIRED
ROUTE_0415_WEEDLE,UNLOCK,UNLOCK_EXISTING_MAP_PROGRESSION,ACTIVE,TOHOKU_ECOLOGY:T504:草むらオーバーレイ:Lv9-13
ROUTE_0415_WEEDLE,RUNTIME,ECOLOGY_OVERLAY,ACTIVE,ROM_REACHABLE_VERIFIED
ROUTE_0416_KAKUNA,UNLOCK,UNLOCK_EVOLUTION_GLOBAL,ACTIVE,analysis/CURRENT_ACQUISITION_COVERAGE_1231.csv; predecessor canonical id 415; evolution root 0x09F79290
ROUTE_0416_KAKUNA,SPECIES,SPECIES_KEY_WEEDLE,ACTIVE,analysis/CURRENT_ACQUISITION_COVERAGE_1231.csv; predecessor canonical id 415; evolution root 0x09F79290
ROUTE_0416_KAKUNA,RUNTIME,EVOLUTION,ACTIVE,ROM_EVOLUTION_EDGE_VERIFIED_TRIGGER_SUPPLY_AUDIT_REQUIRED
ROUTE_0417_BEEDRILL,UNLOCK,UNLOCK_EVOLUTION_GLOBAL,ACTIVE,analysis/CURRENT_ACQUISITION_COVERAGE_1231.csv; predecessor canonical id 416; evolution root 0x09F79290
ROUTE_0417_BEEDRILL,SPECIES,SPECIES_KEY_KAKUNA,ACTIVE,analysis/CURRENT_ACQUISITION_COVERAGE_1231.csv; predecessor canonical id 416; evolution root 0x09F79290
ROUTE_0417_BEEDRILL,RUNTIME,EVOLUTION,ACTIVE,ROM_EVOLUTION_EDGE_VERIFIED_TRIGGER_SUPPLY_AUDIT_REQUIRED
ROUTE_0418_PIDGEY,UNLOCK,UNLOCK_EXISTING_MAP_PROGRESSION,ACTIVE,TOHOKU_ECOLOGY:T506:大量発生:Lv12-17
ROUTE_0418_PIDGEY,RUNTIME,ECOLOGY_OVERLAY,ACTIVE,ROM_REACHABLE_VERIFIED
ROUTE_0419_PIDGEOTTO,UNLOCK,UNLOCK_EVOLUTION_GLOBAL,ACTIVE,analysis/CURRENT_ACQUISITION_COVERAGE_1231.csv; predecessor canonical id 418; evolution root 0x09F79290
ROUTE_0419_PIDGEOTTO,SPECIES,SPECIES_KEY_PIDGEY,ACTIVE,analysis/CURRENT_ACQUISITION_COVERAGE_1231.csv; predecessor canonical id 418; evolution root 0x09F79290
ROUTE_0419_PIDGEOTTO,RUNTIME,EVOLUTION,ACTIVE,ROM_EVOLUTION_EDGE_VERIFIED_TRIGGER_SUPPLY_AUDIT_REQUIRED
ROUTE_0420_PIDGEOT,UNLOCK,UNLOCK_EVOLUTION_GLOBAL,ACTIVE,analysis/CURRENT_ACQUISITION_COVERAGE_1231.csv; predecessor canonical id 419; evolution root 0x09F79290
ROUTE_0420_PIDGEOT,SPECIES,SPECIES_KEY_PIDGEOTTO,ACTIVE,analysis/CURRENT_ACQUISITION_COVERAGE_1231.csv; predecessor canonical id 419; evolution root 0x09F79290
ROUTE_0420_PIDGEOT,RUNTIME,EVOLUTION,ACTIVE,ROM_EVOLUTION_EDGE_VERIFIED_TRIGGER_SUPPLY_AUDIT_REQUIRED
ROUTE_0421_RATTATA,UNLOCK,UNLOCK_EXISTING_MAP_PROGRESSION,ACTIVE,TOHOKU_ECOLOGY:T506:草むらオーバーレイ:Lv12-17
ROUTE_0421_RATTATA,RUNTIME,ECOLOGY_OVERLAY,ACTIVE,ROM_REACHABLE_VERIFIED
ROUTE_0422_RATICATE,UNLOCK,UNLOCK_EVOLUTION_GLOBAL,ACTIVE,analysis/CURRENT_ACQUISITION_COVERAGE_1231.csv; predecessor canonical id 421; evolution root 0x09F79290
ROUTE_0422_RATICATE,SPECIES,SPECIES_KEY_RATTATA,ACTIVE,analysis/CURRENT_ACQUISITION_COVERAGE_1231.csv; predecessor canonical id 421; evolution root 0x09F79290
ROUTE_0422_RATICATE,RUNTIME,EVOLUTION,ACTIVE,ROM_EVOLUTION_EDGE_VERIFIED_TRIGGER_SUPPLY_AUDIT_REQUIRED
ROUTE_0423_SPEAROW,UNLOCK,UNLOCK_EXISTING_MAP_PROGRESSION,ACTIVE,TOHOKU_ECOLOGY:T502:ずつき／朝昼オーバーレイ:Lv3-6
ROUTE_0423_SPEAROW,RUNTIME,ECOLOGY_OVERLAY,ACTIVE,ROM_REACHABLE_VERIFIED
ROUTE_0424_FEAROW,UNLOCK,UNLOCK_EVOLUTION_GLOBAL,ACTIVE,analysis/CURRENT_ACQUISITION_COVERAGE_1231.csv; predecessor canonical id 423; evolution root 0x09F79290
ROUTE_0424_FEAROW,SPECIES,SPECIES_KEY_SPEAROW,ACTIVE,analysis/CURRENT_ACQUISITION_COVERAGE_1231.csv; predecessor canonical id 423; evolution root 0x09F79290
ROUTE_0424_FEAROW,RUNTIME,EVOLUTION,ACTIVE,ROM_EVOLUTION_EDGE_VERIFIED_TRIGGER_SUPPLY_AUDIT_REQUIRED
ROUTE_0425_CLEFAIRY,UNLOCK,UNLOCK_EVOLUTION_GLOBAL,ACTIVE,analysis/CURRENT_ACQUISITION_COVERAGE_1231.csv; predecessor canonical id 509; evolution root 0x09F79290
ROUTE_0425_CLEFAIRY,SPECIES,SPECIES_KEY_CLEFFA,ACTIVE,analysis/CURRENT_ACQUISITION_COVERAGE_1231.csv; predecessor canonical id 509; evolution root 0x09F79290
ROUTE_0425_CLEFAIRY,RUNTIME,EVOLUTION,ACTIVE,ROM_EVOLUTION_EDGE_VERIFIED_TRIGGER_SUPPLY_AUDIT_REQUIRED
ROUTE_0426_CLEFABLE,UNLOCK,UNLOCK_EVOLUTION_GLOBAL,ACTIVE,analysis/CURRENT_ACQUISITION_COVERAGE_1231.csv; predecessor canonical id 425; evolution root 0x09F79290
ROUTE_0426_CLEFABLE,SPECIES,SPECIES_KEY_CLEFAIRY,ACTIVE,analysis/CURRENT_ACQUISITION_COVERAGE_1231.csv; predecessor canonical id 425; evolution root 0x09F79290
ROUTE_0426_CLEFABLE,RUNTIME,EVOLUTION,ACTIVE,ROM_EVOLUTION_EDGE_VERIFIED_TRIGGER_SUPPLY_AUDIT_REQUIRED
ROUTE_0427_VULPIX,UNLOCK,UNLOCK_EXISTING_MAP_PROGRESSION,ACTIVE,TOHOKU_ECOLOGY:T521:草むらオーバーレイ:Lv45-52
ROUTE_0427_VULPIX,RUNTIME,ECOLOGY_OVERLAY,ACTIVE,ROM_REACHABLE_VERIFIED
ROUTE_0428_NINETALES,UNLOCK,UNLOCK_EVOLUTION_GLOBAL,ACTIVE,analysis/CURRENT_ACQUISITION_COVERAGE_1231.csv; predecessor canonical id 427; evolution root 0x09F79290
ROUTE_0428_NINETALES,SPECIES,SPECIES_KEY_VULPIX,ACTIVE,analysis/CURRENT_ACQUISITION_COVERAGE_1231.csv; predecessor canonical id 427; evolution root 0x09F79290
ROUTE_0428_NINETALES,RUNTIME,EVOLUTION,ACTIVE,ROM_EVOLUTION_EDGE_VERIFIED_TRIGGER_SUPPLY_AUDIT_REQUIRED
ROUTE_0429_JIGGLYPUFF,UNLOCK,UNLOCK_EVOLUTION_GLOBAL,ACTIVE,analysis/CURRENT_ACQUISITION_COVERAGE_1231.csv; predecessor canonical id 510; evolution root 0x09F79290
ROUTE_0429_JIGGLYPUFF,SPECIES,SPECIES_KEY_IGGLYBUFF,ACTIVE,analysis/CURRENT_ACQUISITION_COVERAGE_1231.csv; predecessor canonical id 510; evolution root 0x09F79290
ROUTE_0429_JIGGLYPUFF,RUNTIME,EVOLUTION,ACTIVE,ROM_EVOLUTION_EDGE_VERIFIED_TRIGGER_SUPPLY_AUDIT_REQUIRED
ROUTE_0430_WIGGLYTUFF,UNLOCK,UNLOCK_EVOLUTION_GLOBAL,ACTIVE,analysis/CURRENT_ACQUISITION_COVERAGE_1231.csv; predecessor canonical id 429; evolution root 0x09F79290
ROUTE_0430_WIGGLYTUFF,SPECIES,SPECIES_KEY_JIGGLYPUFF,ACTIVE,analysis/CURRENT_ACQUISITION_COVERAGE_1231.csv; predecessor canonical id 429; evolution root 0x09F79290
ROUTE_0430_WIGGLYTUFF,RUNTIME,EVOLUTION,ACTIVE,ROM_EVOLUTION_EDGE_VERIFIED_TRIGGER_SUPPLY_AUDIT_REQUIRED
ROUTE_0431_ZUBAT,UNLOCK,UNLOCK_EXISTING_MAP_PROGRESSION,ACTIVE,TOHOKU_ECOLOGY:T505:大量発生:Lv10-14
ROUTE_0431_ZUBAT,RUNTIME,ECOLOGY_OVERLAY,ACTIVE,ROM_REACHABLE_VERIFIED
ROUTE_0432_GOLBAT,UNLOCK,UNLOCK_EVOLUTION_GLOBAL,ACTIVE,analysis/CURRENT_ACQUISITION_COVERAGE_1231.csv; predecessor canonical id 431; evolution root 0x09F79290
ROUTE_0432_GOLBAT,SPECIES,SPECIES_KEY_ZUBAT,ACTIVE,analysis/CURRENT_ACQUISITION_COVERAGE_1231.csv; predecessor canonical id 431; evolution root 0x09F79290
ROUTE_0432_GOLBAT,RUNTIME,EVOLUTION,ACTIVE,ROM_EVOLUTION_EDGE_VERIFIED_TRIGGER_SUPPLY_AUDIT_REQUIRED
ROUTE_0433_ODDISH,UNLOCK,UNLOCK_EXISTING_MAP_PROGRESSION,ACTIVE,TOHOKU_ECOLOGY:T504:草むらオーバーレイ:Lv9-13
ROUTE_0433_ODDISH,RUNTIME,ECOLOGY_OVERLAY,ACTIVE,ROM_REACHABLE_VERIFIED
ROUTE_0434_GLOOM,UNLOCK,UNLOCK_EVOLUTION_GLOBAL,ACTIVE,analysis/CURRENT_ACQUISITION_COVERAGE_1231.csv; predecessor canonical id 433; evolution root 0x09F79290
ROUTE_0434_GLOOM,SPECIES,SPECIES_KEY_ODDISH,ACTIVE,analysis/CURRENT_ACQUISITION_COVERAGE_1231.csv; predecessor canonical id 433; evolution root 0x09F79290
ROUTE_0434_GLOOM,RUNTIME,EVOLUTION,ACTIVE,ROM_EVOLUTION_EDGE_VERIFIED_TRIGGER_SUPPLY_AUDIT_REQUIRED
ROUTE_0435_VILEPLUME,UNLOCK,UNLOCK_EVOLUTION_GLOBAL,ACTIVE,analysis/CURRENT_ACQUISITION_COVERAGE_1231.csv; predecessor canonical id 434; evolution root 0x09F79290
ROUTE_0435_VILEPLUME,SPECIES,SPECIES_KEY_GLOOM,ACTIVE,analysis/CURRENT_ACQUISITION_COVERAGE_1231.csv; predecessor canonical id 434; evolution root 0x09F79290
ROUTE_0435_VILEPLUME,RUNTIME,EVOLUTION,ACTIVE,ROM_EVOLUTION_EDGE_VERIFIED_TRIGGER_SUPPLY_AUDIT_REQUIRED
ROUTE_0436_PARAS,UNLOCK,UNLOCK_EXISTING_MAP_PROGRESSION,ACTIVE,TOHOKU_ECOLOGY:T036:ずつき／朝昼オーバーレイ:Lv38-48
ROUTE_0436_PARAS,RUNTIME,ECOLOGY_OVERLAY,ACTIVE,ROM_REACHABLE_VERIFIED
ROUTE_0437_PARASECT,UNLOCK,UNLOCK_EVOLUTION_GLOBAL,ACTIVE,analysis/CURRENT_ACQUISITION_COVERAGE_1231.csv; predecessor canonical id 436; evolution root 0x09F79290
ROUTE_0437_PARASECT,SPECIES,SPECIES_KEY_PARAS,ACTIVE,analysis/CURRENT_ACQUISITION_COVERAGE_1231.csv; predecessor canonical id 436; evolution root 0x09F79290
ROUTE_0437_PARASECT,RUNTIME,EVOLUTION,ACTIVE,ROM_EVOLUTION_EDGE_VERIFIED_TRIGGER_SUPPLY_AUDIT_REQUIRED
ROUTE_0438_VENONAT,UNLOCK,UNLOCK_EXISTING_MAP_PROGRESSION,ACTIVE,TOHOKU_ECOLOGY:T504:大量発生:Lv9-13
ROUTE_0438_VENONAT,RUNTIME,ECOLOGY_OVERLAY,ACTIVE,ROM_REACHABLE_VERIFIED
ROUTE_0439_VENOMOTH,UNLOCK,UNLOCK_EVOLUTION_GLOBAL,ACTIVE,analysis/CURRENT_ACQUISITION_COVERAGE_1231.csv; predecessor canonical id 438; evolution root 0x09F79290
ROUTE_0439_VENOMOTH,SPECIES,SPECIES_KEY_VENONAT,ACTIVE,analysis/CURRENT_ACQUISITION_COVERAGE_1231.csv; predecessor canonical id 438; evolution root 0x09F79290
ROUTE_0439_VENOMOTH,RUNTIME,EVOLUTION,ACTIVE,ROM_EVOLUTION_EDGE_VERIFIED_TRIGGER_SUPPLY_AUDIT_REQUIRED
ROUTE_0440_MEOWTH,UNLOCK,UNLOCK_EXISTING_MAP_PROGRESSION,ACTIVE,TOHOKU_ECOLOGY:T506:大量発生:Lv12-17
ROUTE_0440_MEOWTH,RUNTIME,ECOLOGY_OVERLAY,ACTIVE,ROM_REACHABLE_VERIFIED
ROUTE_0441_PERSIAN,UNLOCK,UNLOCK_EVOLUTION_GLOBAL,ACTIVE,analysis/CURRENT_ACQUISITION_COVERAGE_1231.csv; predecessor canonical id 440; evolution root 0x09F79290
ROUTE_0441_PERSIAN,SPECIES,SPECIES_KEY_MEOWTH,ACTIVE,analysis/CURRENT_ACQUISITION_COVERAGE_1231.csv; predecessor canonical id 440; evolution root 0x09F79290
ROUTE_0441_PERSIAN,RUNTIME,EVOLUTION,ACTIVE,ROM_EVOLUTION_EDGE_VERIFIED_TRIGGER_SUPPLY_AUDIT_REQUIRED
ROUTE_0442_PSYDUCK,UNLOCK,UNLOCK_EXISTING_MAP_PROGRESSION,ACTIVE,TOHOKU_ECOLOGY:T512:釣りオーバーレイ:Lv27-33
ROUTE_0442_PSYDUCK,RUNTIME,ECOLOGY_OVERLAY,ACTIVE,ROM_REACHABLE_VERIFIED
ROUTE_0443_GOLDUCK,UNLOCK,UNLOCK_EVOLUTION_GLOBAL,ACTIVE,analysis/CURRENT_ACQUISITION_COVERAGE_1231.csv; predecessor canonical id 442; evolution root 0x09F79290
ROUTE_0443_GOLDUCK,SPECIES,SPECIES_KEY_PSYDUCK,ACTIVE,analysis/CURRENT_ACQUISITION_COVERAGE_1231.csv; predecessor canonical id 442; evolution root 0x09F79290
ROUTE_0443_GOLDUCK,RUNTIME,EVOLUTION,ACTIVE,ROM_EVOLUTION_EDGE_VERIFIED_TRIGGER_SUPPLY_AUDIT_REQUIRED
ROUTE_0444_MANKEY,UNLOCK,UNLOCK_EXISTING_MAP_PROGRESSION,ACTIVE,TOHOKU_ECOLOGY:T032:夜間オーバーレイ:Lv44-54
ROUTE_0444_MANKEY,RUNTIME,ECOLOGY_OVERLAY,ACTIVE,ROM_REACHABLE_VERIFIED
ROUTE_0445_PRIMEAPE,UNLOCK,UNLOCK_EVOLUTION_GLOBAL,ACTIVE,analysis/CURRENT_ACQUISITION_COVERAGE_1231.csv; predecessor canonical id 444; evolution root 0x09F79290
ROUTE_0445_PRIMEAPE,SPECIES,SPECIES_KEY_MANKEY,ACTIVE,analysis/CURRENT_ACQUISITION_COVERAGE_1231.csv; predecessor canonical id 444; evolution root 0x09F79290
ROUTE_0445_PRIMEAPE,RUNTIME,EVOLUTION,ACTIVE,ROM_EVOLUTION_EDGE_VERIFIED_TRIGGER_SUPPLY_AUDIT_REQUIRED
ROUTE_0446_GROWLITHE,UNLOCK,UNLOCK_EXISTING_MAP_PROGRESSION,ACTIVE,TOHOKU_ECOLOGY:T028:洞窟・屋内オーバーレイ:Lv30-40
ROUTE_0446_GROWLITHE,RUNTIME,ECOLOGY_OVERLAY,ACTIVE,ROM_REACHABLE_VERIFIED
ROUTE_0447_ARCANINE,UNLOCK,UNLOCK_EVOLUTION_GLOBAL,ACTIVE,analysis/CURRENT_ACQUISITION_COVERAGE_1231.csv; predecessor canonical id 446; evolution root 0x09F79290
ROUTE_0447_ARCANINE,SPECIES,SPECIES_KEY_GROWLITHE,ACTIVE,analysis/CURRENT_ACQUISITION_COVERAGE_1231.csv; predecessor canonical id 446; evolution root 0x09F79290
ROUTE_0447_ARCANINE,RUNTIME,EVOLUTION,ACTIVE,ROM_EVOLUTION_EDGE_VERIFIED_TRIGGER_SUPPLY_AUDIT_REQUIRED
ROUTE_0448_POLIWAG,UNLOCK,UNLOCK_EXISTING_MAP_PROGRESSION,ACTIVE,TOHOKU_ECOLOGY:T512:水上オーバーレイ:Lv27-33
ROUTE_0448_POLIWAG,RUNTIME,ECOLOGY_OVERLAY,ACTIVE,ROM_REACHABLE_VERIFIED
ROUTE_0449_POLIWHIRL,UNLOCK,UNLOCK_EVOLUTION_GLOBAL,ACTIVE,analysis/CURRENT_ACQUISITION_COVERAGE_1231.csv; predecessor canonical id 448; evolution root 0x09F79290
ROUTE_0449_POLIWHIRL,SPECIES,SPECIES_KEY_POLIWAG,ACTIVE,analysis/CURRENT_ACQUISITION_COVERAGE_1231.csv; predecessor canonical id 448; evolution root 0x09F79290
ROUTE_0449_POLIWHIRL,RUNTIME,EVOLUTION,ACTIVE,ROM_EVOLUTION_EDGE_VERIFIED_TRIGGER_SUPPLY_AUDIT_REQUIRED
ROUTE_0450_POLIWRATH,UNLOCK,UNLOCK_EVOLUTION_GLOBAL,ACTIVE,analysis/CURRENT_ACQUISITION_COVERAGE_1231.csv; predecessor canonical id 449; evolution root 0x09F79290
ROUTE_0450_POLIWRATH,SPECIES,SPECIES_KEY_POLIWHIRL,ACTIVE,analysis/CURRENT_ACQUISITION_COVERAGE_1231.csv; predecessor canonical id 449; evolution root 0x09F79290
ROUTE_0450_POLIWRATH,RUNTIME,EVOLUTION,ACTIVE,ROM_EVOLUTION_EDGE_VERIFIED_TRIGGER_SUPPLY_AUDIT_REQUIRED
ROUTE_0451_ABRA,UNLOCK,UNLOCK_EXISTING_MAP_PROGRESSION,ACTIVE,TOHOKU_ECOLOGY:T034:洞窟・屋内オーバーレイ:Lv42-55
ROUTE_0451_ABRA,RUNTIME,ECOLOGY_OVERLAY,ACTIVE,ROM_REACHABLE_VERIFIED
ROUTE_0452_KADABRA,UNLOCK,UNLOCK_EVOLUTION_GLOBAL,ACTIVE,analysis/CURRENT_ACQUISITION_COVERAGE_1231.csv; predecessor canonical id 451; evolution root 0x09F79290
ROUTE_0452_KADABRA,SPECIES,SPECIES_KEY_ABRA,ACTIVE,analysis/CURRENT_ACQUISITION_COVERAGE_1231.csv; predecessor canonical id 451; evolution root 0x09F79290
ROUTE_0452_KADABRA,RUNTIME,EVOLUTION,ACTIVE,ROM_EVOLUTION_EDGE_VERIFIED_TRIGGER_SUPPLY_AUDIT_REQUIRED
ROUTE_0453_ALAKAZAM,UNLOCK,UNLOCK_EVOLUTION_GLOBAL,ACTIVE,analysis/CURRENT_ACQUISITION_COVERAGE_1231.csv; predecessor canonical id 452; evolution root 0x09F79290
ROUTE_0453_ALAKAZAM,SPECIES,SPECIES_KEY_KADABRA,ACTIVE,analysis/CURRENT_ACQUISITION_COVERAGE_1231.csv; predecessor canonical id 452; evolution root 0x09F79290
ROUTE_0453_ALAKAZAM,RUNTIME,EVOLUTION,ACTIVE,ROM_EVOLUTION_EDGE_VERIFIED_TRIGGER_SUPPLY_AUDIT_REQUIRED
ROUTE_0454_MACHOP,UNLOCK,UNLOCK_EXISTING_MAP_PROGRESSION,ACTIVE,TOHOKU_ECOLOGY:T514:草むらオーバーレイ:Lv31-38
ROUTE_0454_MACHOP,RUNTIME,ECOLOGY_OVERLAY,ACTIVE,ROM_REACHABLE_VERIFIED
ROUTE_0455_MACHOKE,UNLOCK,UNLOCK_EVOLUTION_GLOBAL,ACTIVE,analysis/CURRENT_ACQUISITION_COVERAGE_1231.csv; predecessor canonical id 454; evolution root 0x09F79290
ROUTE_0455_MACHOKE,SPECIES,SPECIES_KEY_MACHOP,ACTIVE,analysis/CURRENT_ACQUISITION_COVERAGE_1231.csv; predecessor canonical id 454; evolution root 0x09F79290
ROUTE_0455_MACHOKE,RUNTIME,EVOLUTION,ACTIVE,ROM_EVOLUTION_EDGE_VERIFIED_TRIGGER_SUPPLY_AUDIT_REQUIRED
ROUTE_0456_MACHAMP,UNLOCK,UNLOCK_EVOLUTION_GLOBAL,ACTIVE,analysis/CURRENT_ACQUISITION_COVERAGE_1231.csv; predecessor canonical id 455; evolution root 0x09F79290
ROUTE_0456_MACHAMP,SPECIES,SPECIES_KEY_MACHOKE,ACTIVE,analysis/CURRENT_ACQUISITION_COVERAGE_1231.csv; predecessor canonical id 455; evolution root 0x09F79290
ROUTE_0456_MACHAMP,RUNTIME,EVOLUTION,ACTIVE,ROM_EVOLUTION_EDGE_VERIFIED_TRIGGER_SUPPLY_AUDIT_REQUIRED
ROUTE_0457_BELLSPROUT,UNLOCK,UNLOCK_EXISTING_MAP_PROGRESSION,ACTIVE,TOHOKU_ECOLOGY:T504:草むらオーバーレイ:Lv9-13
ROUTE_0457_BELLSPROUT,RUNTIME,ECOLOGY_OVERLAY,ACTIVE,ROM_REACHABLE_VERIFIED
ROUTE_0458_WEEPINBELL,UNLOCK,UNLOCK_EVOLUTION_GLOBAL,ACTIVE,analysis/CURRENT_ACQUISITION_COVERAGE_1231.csv; predecessor canonical id 457; evolution root 0x09F79290
ROUTE_0458_WEEPINBELL,SPECIES,SPECIES_KEY_BELLSPROUT,ACTIVE,analysis/CURRENT_ACQUISITION_COVERAGE_1231.csv; predecessor canonical id 457; evolution root 0x09F79290
ROUTE_0458_WEEPINBELL,RUNTIME,EVOLUTION,ACTIVE,ROM_EVOLUTION_EDGE_VERIFIED_TRIGGER_SUPPLY_AUDIT_REQUIRED
ROUTE_0459_VICTREEBEL,UNLOCK,UNLOCK_EVOLUTION_GLOBAL,ACTIVE,analysis/CURRENT_ACQUISITION_COVERAGE_1231.csv; predecessor canonical id 458; evolution root 0x09F79290
ROUTE_0459_VICTREEBEL,SPECIES,SPECIES_KEY_WEEPINBELL,ACTIVE,analysis/CURRENT_ACQUISITION_COVERAGE_1231.csv; predecessor canonical id 458; evolution root 0x09F79290
ROUTE_0459_VICTREEBEL,RUNTIME,EVOLUTION,ACTIVE,ROM_EVOLUTION_EDGE_VERIFIED_TRIGGER_SUPPLY_AUDIT_REQUIRED
ROUTE_0460_PONYTA,UNLOCK,UNLOCK_EXISTING_MAP_PROGRESSION,ACTIVE,TOHOKU_ECOLOGY:T028:洞窟・屋内オーバーレイ:Lv30-40
ROUTE_0460_PONYTA,RUNTIME,ECOLOGY_OVERLAY,ACTIVE,ROM_REACHABLE_VERIFIED
ROUTE_0461_RAPIDASH,UNLOCK,UNLOCK_EVOLUTION_GLOBAL,ACTIVE,analysis/CURRENT_ACQUISITION_COVERAGE_1231.csv; predecessor canonical id 460; evolution root 0x09F79290
ROUTE_0461_RAPIDASH,SPECIES,SPECIES_KEY_PONYTA,ACTIVE,analysis/CURRENT_ACQUISITION_COVERAGE_1231.csv; predecessor canonical id 460; evolution root 0x09F79290
ROUTE_0461_RAPIDASH,RUNTIME,EVOLUTION,ACTIVE,ROM_EVOLUTION_EDGE_VERIFIED_TRIGGER_SUPPLY_AUDIT_REQUIRED
ROUTE_0462_SLOWPOKE,UNLOCK,UNLOCK_EXISTING_MAP_PROGRESSION,ACTIVE,TOHOKU_ECOLOGY:T508:水上オーバーレイ:Lv19-25
ROUTE_0462_SLOWPOKE,RUNTIME,ECOLOGY_OVERLAY,ACTIVE,ROM_REACHABLE_VERIFIED
ROUTE_0463_SLOWBRO,UNLOCK,UNLOCK_EVOLUTION_GLOBAL,ACTIVE,analysis/CURRENT_ACQUISITION_COVERAGE_1231.csv; predecessor canonical id 462; evolution root 0x09F79290
ROUTE_0463_SLOWBRO,SPECIES,SPECIES_KEY_SLOWPOKE,ACTIVE,analysis/CURRENT_ACQUISITION_COVERAGE_1231.csv; predecessor canonical id 462; evolution root 0x09F79290
ROUTE_0463_SLOWBRO,RUNTIME,EVOLUTION,ACTIVE,ROM_EVOLUTION_EDGE_VERIFIED_TRIGGER_SUPPLY_AUDIT_REQUIRED
ROUTE_0464_DODUO,UNLOCK,UNLOCK_EXISTING_MAP_PROGRESSION,ACTIVE,TOHOKU_ECOLOGY:T501:草むらオーバーレイ:Lv2-5
ROUTE_0464_DODUO,RUNTIME,ECOLOGY_OVERLAY,ACTIVE,ROM_REACHABLE_VERIFIED
ROUTE_0465_DODRIO,UNLOCK,UNLOCK_EVOLUTION_GLOBAL,ACTIVE,analysis/CURRENT_ACQUISITION_COVERAGE_1231.csv; predecessor canonical id 464; evolution root 0x09F79290
ROUTE_0465_DODRIO,SPECIES,SPECIES_KEY_DODUO,ACTIVE,analysis/CURRENT_ACQUISITION_COVERAGE_1231.csv; predecessor canonical id 464; evolution root 0x09F79290
ROUTE_0465_DODRIO,RUNTIME,EVOLUTION,ACTIVE,ROM_EVOLUTION_EDGE_VERIFIED_TRIGGER_SUPPLY_AUDIT_REQUIRED
ROUTE_0466_SEEL,UNLOCK,UNLOCK_EXISTING_MAP_PROGRESSION,ACTIVE,TOHOKU_ECOLOGY:T513:水上／釣りオーバーレイ+釣りオーバーレイ:Lv28-35
ROUTE_0466_SEEL,RUNTIME,ECOLOGY_OVERLAY,ACTIVE,ROM_REACHABLE_VERIFIED
ROUTE_0467_DEWGONG,UNLOCK,UNLOCK_EVOLUTION_GLOBAL,ACTIVE,analysis/CURRENT_ACQUISITION_COVERAGE_1231.csv; predecessor canonical id 466; evolution root 0x09F79290
ROUTE_0467_DEWGONG,SPECIES,SPECIES_KEY_SEEL,ACTIVE,analysis/CURRENT_ACQUISITION_COVERAGE_1231.csv; predecessor canonical id 466; evolution root 0x09F79290
ROUTE_0467_DEWGONG,RUNTIME,EVOLUTION,ACTIVE,ROM_EVOLUTION_EDGE_VERIFIED_TRIGGER_SUPPLY_AUDIT_REQUIRED
ROUTE_0468_GRIMER,UNLOCK,UNLOCK_EXISTING_MAP_PROGRESSION,ACTIVE,TOHOKU_ECOLOGY:T512:草むらオーバーレイ:Lv27-33
ROUTE_0468_GRIMER,RUNTIME,ECOLOGY_OVERLAY,ACTIVE,ROM_REACHABLE_VERIFIED
ROUTE_0469_MUK,UNLOCK,UNLOCK_EVOLUTION_GLOBAL,ACTIVE,analysis/CURRENT_ACQUISITION_COVERAGE_1231.csv; predecessor canonical id 468; evolution root 0x09F79290
ROUTE_0469_MUK,SPECIES,SPECIES_KEY_GRIMER,ACTIVE,analysis/CURRENT_ACQUISITION_COVERAGE_1231.csv; predecessor canonical id 468; evolution root 0x09F79290
ROUTE_0469_MUK,RUNTIME,EVOLUTION,ACTIVE,ROM_EVOLUTION_EDGE_VERIFIED_TRIGGER_SUPPLY_AUDIT_REQUIRED
ROUTE_0470_ONIX,UNLOCK,UNLOCK_EXISTING_MAP_PROGRESSION,ACTIVE,TOHOKU_ECOLOGY:T028:いわくだき／DexNav:Lv30-40
ROUTE_0470_ONIX,RUNTIME,ECOLOGY_OVERLAY,ACTIVE,ROM_REACHABLE_VERIFIED
ROUTE_0471_DROWZEE,UNLOCK,UNLOCK_EXISTING_MAP_PROGRESSION,ACTIVE,TOHOKU_ECOLOGY:T034:洞窟・屋内オーバーレイ:Lv42-55
ROUTE_0471_DROWZEE,RUNTIME,ECOLOGY_OVERLAY,ACTIVE,ROM_REACHABLE_VERIFIED
ROUTE_0472_HYPNO,UNLOCK,UNLOCK_EVOLUTION_GLOBAL,ACTIVE,analysis/CURRENT_ACQUISITION_COVERAGE_1231.csv; predecessor canonical id 471; evolution root 0x09F79290
ROUTE_0472_HYPNO,SPECIES,SPECIES_KEY_DROWZEE,ACTIVE,analysis/CURRENT_ACQUISITION_COVERAGE_1231.csv; predecessor canonical id 471; evolution root 0x09F79290
ROUTE_0472_HYPNO,RUNTIME,EVOLUTION,ACTIVE,ROM_EVOLUTION_EDGE_VERIFIED_TRIGGER_SUPPLY_AUDIT_REQUIRED
ROUTE_0473_CUBONE,UNLOCK,UNLOCK_EXISTING_MAP_PROGRESSION,ACTIVE,TOHOKU_ECOLOGY:T028:いわくだき／DexNav:Lv30-40
ROUTE_0473_CUBONE,RUNTIME,ECOLOGY_OVERLAY,ACTIVE,ROM_REACHABLE_VERIFIED
ROUTE_0474_MAROWAK,UNLOCK,UNLOCK_EVOLUTION_GLOBAL,ACTIVE,analysis/CURRENT_ACQUISITION_COVERAGE_1231.csv; predecessor canonical id 473; evolution root 0x09F79290
ROUTE_0474_MAROWAK,SPECIES,SPECIES_KEY_CUBONE,ACTIVE,analysis/CURRENT_ACQUISITION_COVERAGE_1231.csv; predecessor canonical id 473; evolution root 0x09F79290
ROUTE_0474_MAROWAK,RUNTIME,EVOLUTION,ACTIVE,ROM_EVOLUTION_EDGE_VERIFIED_TRIGGER_SUPPLY_AUDIT_REQUIRED
ROUTE_0475_TANGELA,UNLOCK,UNLOCK_EXISTING_MAP_PROGRESSION,ACTIVE,TOHOKU_ECOLOGY:T502:ずつき／朝昼オーバーレイ:Lv3-6
ROUTE_0475_TANGELA,RUNTIME,ECOLOGY_OVERLAY,ACTIVE,ROM_REACHABLE_VERIFIED
ROUTE_0476_HORSEA,UNLOCK,UNLOCK_EXISTING_MAP_PROGRESSION,ACTIVE,TOHOKU_ECOLOGY:T512:水上オーバーレイ:Lv27-33
ROUTE_0476_HORSEA,RUNTIME,ECOLOGY_OVERLAY,ACTIVE,ROM_REACHABLE_VERIFIED
ROUTE_0477_SEADRA,UNLOCK,UNLOCK_EVOLUTION_GLOBAL,ACTIVE,analysis/CURRENT_ACQUISITION_COVERAGE_1231.csv; predecessor canonical id 476; evolution root 0x09F79290
ROUTE_0477_SEADRA,SPECIES,SPECIES_KEY_HORSEA,ACTIVE,analysis/CURRENT_ACQUISITION_COVERAGE_1231.csv; predecessor canonical id 476; evolution root 0x09F79290
ROUTE_0477_SEADRA,RUNTIME,EVOLUTION,ACTIVE,ROM_EVOLUTION_EDGE_VERIFIED_TRIGGER_SUPPLY_AUDIT_REQUIRED
ROUTE_0478_GOLDEEN,UNLOCK,UNLOCK_EXISTING_MAP_PROGRESSION,ACTIVE,TOHOKU_ECOLOGY:T508:水上オーバーレイ:Lv19-25
ROUTE_0478_GOLDEEN,RUNTIME,ECOLOGY_OVERLAY,ACTIVE,ROM_REACHABLE_VERIFIED
ROUTE_0479_SEAKING,UNLOCK,UNLOCK_EVOLUTION_GLOBAL,ACTIVE,analysis/CURRENT_ACQUISITION_COVERAGE_1231.csv; predecessor canonical id 478; evolution root 0x09F79290
ROUTE_0479_SEAKING,SPECIES,SPECIES_KEY_GOLDEEN,ACTIVE,analysis/CURRENT_ACQUISITION_COVERAGE_1231.csv; predecessor canonical id 478; evolution root 0x09F79290
ROUTE_0479_SEAKING,RUNTIME,EVOLUTION,ACTIVE,ROM_EVOLUTION_EDGE_VERIFIED_TRIGGER_SUPPLY_AUDIT_REQUIRED
ROUTE_0480_MR_MIME,UNLOCK,UNLOCK_EVOLUTION_GLOBAL,ACTIVE,analysis/CURRENT_ACQUISITION_COVERAGE_1231.csv; predecessor canonical id 725; evolution root 0x09F79290
ROUTE_0480_MR_MIME,SPECIES,SPECIES_KEY_MIME_JR,ACTIVE,analysis/CURRENT_ACQUISITION_COVERAGE_1231.csv; predecessor canonical id 725; evolution root 0x09F79290
ROUTE_0480_MR_MIME,RUNTIME,EVOLUTION,ACTIVE,ROM_EVOLUTION_EDGE_VERIFIED_TRIGGER_SUPPLY_AUDIT_REQUIRED
ROUTE_0481_MAGIKARP,UNLOCK,UNLOCK_EXISTING_MAP_PROGRESSION,ACTIVE,TOHOKU_ECOLOGY:T508:水上オーバーレイ:Lv19-25
ROUTE_0481_MAGIKARP,RUNTIME,ECOLOGY_OVERLAY,ACTIVE,ROM_REACHABLE_VERIFIED
ROUTE_0482_GYARADOS,UNLOCK,UNLOCK_EVOLUTION_GLOBAL,ACTIVE,analysis/CURRENT_ACQUISITION_COVERAGE_1231.csv; predecessor canonical id 481; evolution root 0x09F79290
ROUTE_0482_GYARADOS,SPECIES,SPECIES_KEY_MAGIKARP,ACTIVE,analysis/CURRENT_ACQUISITION_COVERAGE_1231.csv; predecessor canonical id 481; evolution root 0x09F79290
ROUTE_0482_GYARADOS,RUNTIME,EVOLUTION,ACTIVE,ROM_EVOLUTION_EDGE_VERIFIED_TRIGGER_SUPPLY_AUDIT_REQUIRED
ROUTE_0483_EEVEE,UNLOCK,UNLOCK_EXISTING_MAP_PROGRESSION,ACTIVE,TOHOKU_ECOLOGY:T029:夜間オーバーレイ:Lv30-40
ROUTE_0483_EEVEE,RUNTIME,ECOLOGY_OVERLAY,ACTIVE,ROM_REACHABLE_VERIFIED
ROUTE_0484_VAPOREON,UNLOCK,UNLOCK_EVOLUTION_GLOBAL,ACTIVE,analysis/CURRENT_ACQUISITION_COVERAGE_1231.csv; predecessor canonical id 483; evolution root 0x09F79290
ROUTE_0484_VAPOREON,SPECIES,SPECIES_KEY_EEVEE,ACTIVE,analysis/CURRENT_ACQUISITION_COVERAGE_1231.csv; predecessor canonical id 483; evolution root 0x09F79290
ROUTE_0484_VAPOREON,RUNTIME,EVOLUTION,ACTIVE,ROM_EVOLUTION_EDGE_VERIFIED_TRIGGER_SUPPLY_AUDIT_REQUIRED
ROUTE_0485_JOLTEON,UNLOCK,UNLOCK_EVOLUTION_GLOBAL,ACTIVE,analysis/CURRENT_ACQUISITION_COVERAGE_1231.csv; predecessor canonical id 483; evolution root 0x09F79290
ROUTE_0485_JOLTEON,SPECIES,SPECIES_KEY_EEVEE,ACTIVE,analysis/CURRENT_ACQUISITION_COVERAGE_1231.csv; predecessor canonical id 483; evolution root 0x09F79290
ROUTE_0485_JOLTEON,RUNTIME,EVOLUTION,ACTIVE,ROM_EVOLUTION_EDGE_VERIFIED_TRIGGER_SUPPLY_AUDIT_REQUIRED
ROUTE_0486_FLAREON,UNLOCK,UNLOCK_EVOLUTION_GLOBAL,ACTIVE,analysis/CURRENT_ACQUISITION_COVERAGE_1231.csv; predecessor canonical id 483; evolution root 0x09F79290
ROUTE_0486_FLAREON,SPECIES,SPECIES_KEY_EEVEE,ACTIVE,analysis/CURRENT_ACQUISITION_COVERAGE_1231.csv; predecessor canonical id 483; evolution root 0x09F79290
ROUTE_0486_FLAREON,RUNTIME,EVOLUTION,ACTIVE,ROM_EVOLUTION_EDGE_VERIFIED_TRIGGER_SUPPLY_AUDIT_REQUIRED
ROUTE_0487_OMANYTE,UNLOCK,UNLOCK_EXISTING_MAP_PROGRESSION,ACTIVE,ROM_WILD:96/8:K45:FISHING:Lv68-68
ROUTE_0487_OMANYTE,RUNTIME,WILD_TABLE,ACTIVE,ROM_REACHABLE_VERIFIED
ROUTE_0488_OMASTAR,UNLOCK,UNLOCK_EVOLUTION_GLOBAL,ACTIVE,analysis/CURRENT_ACQUISITION_COVERAGE_1231.csv; predecessor canonical id 487; evolution root 0x09F79290
ROUTE_0488_OMASTAR,SPECIES,SPECIES_KEY_OMANYTE,ACTIVE,analysis/CURRENT_ACQUISITION_COVERAGE_1231.csv; predecessor canonical id 487; evolution root 0x09F79290
ROUTE_0488_OMASTAR,RUNTIME,EVOLUTION,ACTIVE,ROM_EVOLUTION_EDGE_VERIFIED_TRIGGER_SUPPLY_AUDIT_REQUIRED
ROUTE_0489_KABUTO,UNLOCK,UNLOCK_EXISTING_MAP_PROGRESSION,ACTIVE,ROM_WILD:96/2:K44:FISHING:Lv68-68
ROUTE_0489_KABUTO,RUNTIME,WILD_TABLE,ACTIVE,ROM_REACHABLE_VERIFIED
ROUTE_0490_KABUTOPS,UNLOCK,UNLOCK_EVOLUTION_GLOBAL,ACTIVE,analysis/CURRENT_ACQUISITION_COVERAGE_1231.csv; predecessor canonical id 489; evolution root 0x09F79290
ROUTE_0490_KABUTOPS,SPECIES,SPECIES_KEY_KABUTO,ACTIVE,analysis/CURRENT_ACQUISITION_COVERAGE_1231.csv; predecessor canonical id 489; evolution root 0x09F79290
ROUTE_0490_KABUTOPS,RUNTIME,EVOLUTION,ACTIVE,ROM_EVOLUTION_EDGE_VERIFIED_TRIGGER_SUPPLY_AUDIT_REQUIRED
ROUTE_0491_SNORLAX,UNLOCK,UNLOCK_EVOLUTION_GLOBAL,ACTIVE,analysis/CURRENT_ACQUISITION_COVERAGE_1231.csv; predecessor canonical id 727; evolution root 0x09F79290
ROUTE_0491_SNORLAX,SPECIES,SPECIES_KEY_MUNCHLAX,ACTIVE,analysis/CURRENT_ACQUISITION_COVERAGE_1231.csv; predecessor canonical id 727; evolution root 0x09F79290
ROUTE_0491_SNORLAX,RUNTIME,EVOLUTION,ACTIVE,ROM_EVOLUTION_EDGE_VERIFIED_TRIGGER_SUPPLY_AUDIT_REQUIRED
ROUTE_0492_DRATINI,UNLOCK,UNLOCK_EXISTING_MAP_PROGRESSION,ACTIVE,TOHOKU_ECOLOGY:T523:DexNav隠し枠:Lv55-65
ROUTE_0492_DRATINI,RUNTIME,ECOLOGY_OVERLAY,ACTIVE,ROM_REACHABLE_VERIFIED
ROUTE_0493_DRAGONAIR,UNLOCK,UNLOCK_EVOLUTION_GLOBAL,ACTIVE,analysis/CURRENT_ACQUISITION_COVERAGE_1231.csv; predecessor canonical id 492; evolution root 0x09F79290
ROUTE_0493_DRAGONAIR,SPECIES,SPECIES_KEY_DRATINI,ACTIVE,analysis/CURRENT_ACQUISITION_COVERAGE_1231.csv; predecessor canonical id 492; evolution root 0x09F79290
ROUTE_0493_DRAGONAIR,RUNTIME,EVOLUTION,ACTIVE,ROM_EVOLUTION_EDGE_VERIFIED_TRIGGER_SUPPLY_AUDIT_REQUIRED
ROUTE_0494_DRAGONITE,UNLOCK,UNLOCK_EVOLUTION_GLOBAL,ACTIVE,analysis/CURRENT_ACQUISITION_COVERAGE_1231.csv; predecessor canonical id 493; evolution root 0x09F79290
ROUTE_0494_DRAGONITE,SPECIES,SPECIES_KEY_DRAGONAIR,ACTIVE,analysis/CURRENT_ACQUISITION_COVERAGE_1231.csv; predecessor canonical id 493; evolution root 0x09F79290
ROUTE_0494_DRAGONITE,RUNTIME,EVOLUTION,ACTIVE,ROM_EVOLUTION_EDGE_VERIFIED_TRIGGER_SUPPLY_AUDIT_REQUIRED
ROUTE_0495_CHIKORITA,UNLOCK,UNLOCK_KANTO_EARLY_ACCESS,ACTIVE,analysis/STARTER_LAB_EVENT_STATUS_24.csv + exact Oak lab host JSON
ROUTE_0495_CHIKORITA,HOST,HOST_STARTER_LAB,ACTIVE,READY_TO_SERIALIZE
ROUTE_0495_CHIKORITA,RUNTIME,RESEARCH_EGG,ACTIVE,ROM_REACHABLE_VERIFIED_WITH_OPTIONAL_BACKUP
ROUTE_0496_BAYLEEF,UNLOCK,UNLOCK_EVOLUTION_GLOBAL,ACTIVE,analysis/CURRENT_ACQUISITION_COVERAGE_1231.csv; predecessor canonical id 495; evolution root 0x09F79290
ROUTE_0496_BAYLEEF,SPECIES,SPECIES_KEY_CHIKORITA,ACTIVE,analysis/CURRENT_ACQUISITION_COVERAGE_1231.csv; predecessor canonical id 495; evolution root 0x09F79290
ROUTE_0496_BAYLEEF,RUNTIME,EVOLUTION,ACTIVE,ROM_EVOLUTION_EDGE_VERIFIED_TRIGGER_SUPPLY_AUDIT_REQUIRED
ROUTE_0497_MEGANIUM,UNLOCK,UNLOCK_EVOLUTION_GLOBAL,ACTIVE,analysis/CURRENT_ACQUISITION_COVERAGE_1231.csv; predecessor canonical id 496; evolution root 0x09F79290
ROUTE_0497_MEGANIUM,SPECIES,SPECIES_KEY_BAYLEEF,ACTIVE,analysis/CURRENT_ACQUISITION_COVERAGE_1231.csv; predecessor canonical id 496; evolution root 0x09F79290
ROUTE_0497_MEGANIUM,RUNTIME,EVOLUTION,ACTIVE,ROM_EVOLUTION_EDGE_VERIFIED_TRIGGER_SUPPLY_AUDIT_REQUIRED
ROUTE_0498_CYNDAQUIL,UNLOCK,UNLOCK_KANTO_EARLY_ACCESS,ACTIVE,analysis/STARTER_LAB_EVENT_STATUS_24.csv + exact Oak lab host JSON
ROUTE_0498_CYNDAQUIL,HOST,HOST_STARTER_LAB,ACTIVE,READY_TO_SERIALIZE
ROUTE_0498_CYNDAQUIL,RUNTIME,RESEARCH_EGG,ACTIVE,ROM_REACHABLE_VERIFIED_WITH_OPTIONAL_BACKUP
ROUTE_0499_QUILAVA,UNLOCK,UNLOCK_EVOLUTION_GLOBAL,ACTIVE,analysis/CURRENT_ACQUISITION_COVERAGE_1231.csv; predecessor canonical id 498; evolution root 0x09F79290
ROUTE_0499_QUILAVA,SPECIES,SPECIES_KEY_CYNDAQUIL,ACTIVE,analysis/CURRENT_ACQUISITION_COVERAGE_1231.csv; predecessor canonical id 498; evolution root 0x09F79290
ROUTE_0499_QUILAVA,RUNTIME,EVOLUTION,ACTIVE,ROM_EVOLUTION_EDGE_VERIFIED_TRIGGER_SUPPLY_AUDIT_REQUIRED
ROUTE_0500_TYPHLOSION,UNLOCK,UNLOCK_EVOLUTION_GLOBAL,ACTIVE,analysis/CURRENT_ACQUISITION_COVERAGE_1231.csv; predecessor canonical id 499; evolution root 0x09F79290
ROUTE_0500_TYPHLOSION,SPECIES,SPECIES_KEY_QUILAVA,ACTIVE,analysis/CURRENT_ACQUISITION_COVERAGE_1231.csv; predecessor canonical id 499; evolution root 0x09F79290
ROUTE_0500_TYPHLOSION,RUNTIME,EVOLUTION,ACTIVE,ROM_EVOLUTION_EDGE_VERIFIED_TRIGGER_SUPPLY_AUDIT_REQUIRED
ROUTE_0501_TOTODILE,UNLOCK,UNLOCK_KANTO_EARLY_ACCESS,ACTIVE,analysis/STARTER_LAB_EVENT_STATUS_24.csv + exact Oak lab host JSON
ROUTE_0501_TOTODILE,HOST,HOST_STARTER_LAB,ACTIVE,READY_TO_SERIALIZE
ROUTE_0501_TOTODILE,RUNTIME,RESEARCH_EGG,ACTIVE,ROM_REACHABLE_VERIFIED_WITH_OPTIONAL_BACKUP
ROUTE_0502_CROCONAW,UNLOCK,UNLOCK_EVOLUTION_GLOBAL,ACTIVE,analysis/CURRENT_ACQUISITION_COVERAGE_1231.csv; predecessor canonical id 501; evolution root 0x09F79290
ROUTE_0502_CROCONAW,SPECIES,SPECIES_KEY_TOTODILE,ACTIVE,analysis/CURRENT_ACQUISITION_COVERAGE_1231.csv; predecessor canonical id 501; evolution root 0x09F79290
ROUTE_0502_CROCONAW,RUNTIME,EVOLUTION,ACTIVE,ROM_EVOLUTION_EDGE_VERIFIED_TRIGGER_SUPPLY_AUDIT_REQUIRED
ROUTE_0503_FERALIGATR,UNLOCK,UNLOCK_EVOLUTION_GLOBAL,ACTIVE,analysis/CURRENT_ACQUISITION_COVERAGE_1231.csv; predecessor canonical id 502; evolution root 0x09F79290
ROUTE_0503_FERALIGATR,SPECIES,SPECIES_KEY_CROCONAW,ACTIVE,analysis/CURRENT_ACQUISITION_COVERAGE_1231.csv; predecessor canonical id 502; evolution root 0x09F79290
ROUTE_0503_FERALIGATR,RUNTIME,EVOLUTION,ACTIVE,ROM_EVOLUTION_EDGE_VERIFIED_TRIGGER_SUPPLY_AUDIT_REQUIRED
ROUTE_0504_SENTRET,UNLOCK,UNLOCK_EXISTING_MAP_PROGRESSION,ACTIVE,TOHOKU_ECOLOGY:T506:大量発生:Lv12-17
ROUTE_0504_SENTRET,RUNTIME,ECOLOGY_OVERLAY,ACTIVE,ROM_REACHABLE_VERIFIED
ROUTE_0505_FURRET,UNLOCK,UNLOCK_EVOLUTION_GLOBAL,ACTIVE,analysis/CURRENT_ACQUISITION_COVERAGE_1231.csv; predecessor canonical id 504; evolution root 0x09F79290
ROUTE_0505_FURRET,SPECIES,SPECIES_KEY_SENTRET,ACTIVE,analysis/CURRENT_ACQUISITION_COVERAGE_1231.csv; predecessor canonical id 504; evolution root 0x09F79290
ROUTE_0505_FURRET,RUNTIME,EVOLUTION,ACTIVE,ROM_EVOLUTION_EDGE_VERIFIED_TRIGGER_SUPPLY_AUDIT_REQUIRED
ROUTE_0506_CROBAT,UNLOCK,UNLOCK_EVOLUTION_GLOBAL,ACTIVE,analysis/CURRENT_ACQUISITION_COVERAGE_1231.csv; predecessor canonical id 432; evolution root 0x09F79290
ROUTE_0506_CROBAT,SPECIES,SPECIES_KEY_GOLBAT,ACTIVE,analysis/CURRENT_ACQUISITION_COVERAGE_1231.csv; predecessor canonical id 432; evolution root 0x09F79290
ROUTE_0506_CROBAT,RUNTIME,EVOLUTION,ACTIVE,ROM_EVOLUTION_EDGE_VERIFIED_TRIGGER_SUPPLY_AUDIT_REQUIRED
ROUTE_0507_CHINCHOU,UNLOCK,UNLOCK_EXISTING_MAP_PROGRESSION,ACTIVE,TOHOKU_ECOLOGY:T512:水上オーバーレイ:Lv27-33
ROUTE_0507_CHINCHOU,RUNTIME,ECOLOGY_OVERLAY,ACTIVE,ROM_REACHABLE_VERIFIED
ROUTE_0508_LANTURN,UNLOCK,UNLOCK_EVOLUTION_GLOBAL,ACTIVE,analysis/CURRENT_ACQUISITION_COVERAGE_1231.csv; predecessor canonical id 507; evolution root 0x09F79290
ROUTE_0508_LANTURN,SPECIES,SPECIES_KEY_CHINCHOU,ACTIVE,analysis/CURRENT_ACQUISITION_COVERAGE_1231.csv; predecessor canonical id 507; evolution root 0x09F79290
ROUTE_0508_LANTURN,RUNTIME,EVOLUTION,ACTIVE,ROM_EVOLUTION_EDGE_VERIFIED_TRIGGER_SUPPLY_AUDIT_REQUIRED
ROUTE_0509_CLEFFA,UNLOCK,UNLOCK_EXISTING_MAP_PROGRESSION,ACTIVE,TOHOKU_ECOLOGY:T502:DexNav隠し枠／低確率タマゴ:Lv3-6
ROUTE_0509_CLEFFA,RUNTIME,ECOLOGY_OVERLAY,ACTIVE,ROM_REACHABLE_VERIFIED
ROUTE_0510_IGGLYBUFF,UNLOCK,UNLOCK_EXISTING_MAP_PROGRESSION,ACTIVE,TOHOKU_ECOLOGY:T502:DexNav隠し枠／低確率タマゴ:Lv3-6
ROUTE_0510_IGGLYBUFF,RUNTIME,ECOLOGY_OVERLAY,ACTIVE,ROM_REACHABLE_VERIFIED
ROUTE_0511_NATU,UNLOCK,UNLOCK_EXISTING_MAP_PROGRESSION,ACTIVE,TOHOKU_ECOLOGY:T505:草むらオーバーレイ:Lv10-14
ROUTE_0511_NATU,RUNTIME,ECOLOGY_OVERLAY,ACTIVE,ROM_REACHABLE_VERIFIED
ROUTE_0512_XATU,UNLOCK,UNLOCK_EVOLUTION_GLOBAL,ACTIVE,analysis/CURRENT_ACQUISITION_COVERAGE_1231.csv; predecessor canonical id 511; evolution root 0x09F79290
ROUTE_0512_XATU,SPECIES,SPECIES_KEY_NATU,ACTIVE,analysis/CURRENT_ACQUISITION_COVERAGE_1231.csv; predecessor canonical id 511; evolution root 0x09F79290
ROUTE_0512_XATU,RUNTIME,EVOLUTION,ACTIVE,ROM_EVOLUTION_EDGE_VERIFIED_TRIGGER_SUPPLY_AUDIT_REQUIRED
ROUTE_0513_MAREEP,UNLOCK,UNLOCK_EXISTING_MAP_PROGRESSION,ACTIVE,TOHOKU_ECOLOGY:T029:大量発生:Lv30-40
ROUTE_0513_MAREEP,RUNTIME,ECOLOGY_OVERLAY,ACTIVE,ROM_REACHABLE_VERIFIED
ROUTE_0514_FLAAFFY,UNLOCK,UNLOCK_EVOLUTION_GLOBAL,ACTIVE,analysis/CURRENT_ACQUISITION_COVERAGE_1231.csv; predecessor canonical id 513; evolution root 0x09F79290
ROUTE_0514_FLAAFFY,SPECIES,SPECIES_KEY_MAREEP,ACTIVE,analysis/CURRENT_ACQUISITION_COVERAGE_1231.csv; predecessor canonical id 513; evolution root 0x09F79290
ROUTE_0514_FLAAFFY,RUNTIME,EVOLUTION,ACTIVE,ROM_EVOLUTION_EDGE_VERIFIED_TRIGGER_SUPPLY_AUDIT_REQUIRED
ROUTE_0515_AMPHAROS,UNLOCK,UNLOCK_EVOLUTION_GLOBAL,ACTIVE,analysis/CURRENT_ACQUISITION_COVERAGE_1231.csv; predecessor canonical id 514; evolution root 0x09F79290
ROUTE_0515_AMPHAROS,SPECIES,SPECIES_KEY_FLAAFFY,ACTIVE,analysis/CURRENT_ACQUISITION_COVERAGE_1231.csv; predecessor canonical id 514; evolution root 0x09F79290
ROUTE_0515_AMPHAROS,RUNTIME,EVOLUTION,ACTIVE,ROM_EVOLUTION_EDGE_VERIFIED_TRIGGER_SUPPLY_AUDIT_REQUIRED
ROUTE_0516_BELLOSSOM,UNLOCK,UNLOCK_EVOLUTION_GLOBAL,ACTIVE,analysis/CURRENT_ACQUISITION_COVERAGE_1231.csv; predecessor canonical id 434; evolution root 0x09F79290
ROUTE_0516_BELLOSSOM,SPECIES,SPECIES_KEY_GLOOM,ACTIVE,analysis/CURRENT_ACQUISITION_COVERAGE_1231.csv; predecessor canonical id 434; evolution root 0x09F79290
ROUTE_0516_BELLOSSOM,RUNTIME,EVOLUTION,ACTIVE,ROM_EVOLUTION_EDGE_VERIFIED_TRIGGER_SUPPLY_AUDIT_REQUIRED
ROUTE_0517_MARILL,UNLOCK,UNLOCK_EVOLUTION_GLOBAL,ACTIVE,analysis/CURRENT_ACQUISITION_COVERAGE_1231.csv; predecessor canonical id 608; evolution root 0x09F79290
ROUTE_0517_MARILL,SPECIES,SPECIES_KEY_AZURILL,ACTIVE,analysis/CURRENT_ACQUISITION_COVERAGE_1231.csv; predecessor canonical id 608; evolution root 0x09F79290
ROUTE_0517_MARILL,RUNTIME,EVOLUTION,ACTIVE,ROM_EVOLUTION_EDGE_VERIFIED_TRIGGER_SUPPLY_AUDIT_REQUIRED
ROUTE_0518_AZUMARILL,UNLOCK,UNLOCK_EVOLUTION_GLOBAL,ACTIVE,analysis/CURRENT_ACQUISITION_COVERAGE_1231.csv; predecessor canonical id 517; evolution root 0x09F79290
ROUTE_0518_AZUMARILL,SPECIES,SPECIES_KEY_MARILL,ACTIVE,analysis/CURRENT_ACQUISITION_COVERAGE_1231.csv; predecessor canonical id 517; evolution root 0x09F79290
ROUTE_0518_AZUMARILL,RUNTIME,EVOLUTION,ACTIVE,ROM_EVOLUTION_EDGE_VERIFIED_TRIGGER_SUPPLY_AUDIT_REQUIRED
ROUTE_0519_SUDOWOODO,UNLOCK,UNLOCK_EVOLUTION_GLOBAL,ACTIVE,analysis/CURRENT_ACQUISITION_COVERAGE_1231.csv; predecessor canonical id 724; evolution root 0x09F79290
ROUTE_0519_SUDOWOODO,SPECIES,SPECIES_KEY_BONSLY,ACTIVE,analysis/CURRENT_ACQUISITION_COVERAGE_1231.csv; predecessor canonical id 724; evolution root 0x09F79290
ROUTE_0519_SUDOWOODO,RUNTIME,EVOLUTION,ACTIVE,ROM_EVOLUTION_EDGE_VERIFIED_TRIGGER_SUPPLY_AUDIT_REQUIRED
ROUTE_0520_POLITOED,UNLOCK,UNLOCK_EVOLUTION_GLOBAL,ACTIVE,analysis/CURRENT_ACQUISITION_COVERAGE_1231.csv; predecessor canonical id 449; evolution root 0x09F79290
ROUTE_0520_POLITOED,SPECIES,SPECIES_KEY_POLIWHIRL,ACTIVE,analysis/CURRENT_ACQUISITION_COVERAGE_1231.csv; predecessor canonical id 449; evolution root 0x09F79290
ROUTE_0520_POLITOED,RUNTIME,EVOLUTION,ACTIVE,ROM_EVOLUTION_EDGE_VERIFIED_TRIGGER_SUPPLY_AUDIT_REQUIRED
ROUTE_0521_HOPPIP,UNLOCK,UNLOCK_EXISTING_MAP_PROGRESSION,ACTIVE,TOHOKU_ECOLOGY:T505:草むらオーバーレイ:Lv10-14
ROUTE_0521_HOPPIP,RUNTIME,ECOLOGY_OVERLAY,ACTIVE,ROM_REACHABLE_VERIFIED
ROUTE_0522_SKIPLOOM,UNLOCK,UNLOCK_EVOLUTION_GLOBAL,ACTIVE,analysis/CURRENT_ACQUISITION_COVERAGE_1231.csv; predecessor canonical id 521; evolution root 0x09F79290
ROUTE_0522_SKIPLOOM,SPECIES,SPECIES_KEY_HOPPIP,ACTIVE,analysis/CURRENT_ACQUISITION_COVERAGE_1231.csv; predecessor canonical id 521; evolution root 0x09F79290
ROUTE_0522_SKIPLOOM,RUNTIME,EVOLUTION,ACTIVE,ROM_EVOLUTION_EDGE_VERIFIED_TRIGGER_SUPPLY_AUDIT_REQUIRED
ROUTE_0523_JUMPLUFF,UNLOCK,UNLOCK_EVOLUTION_GLOBAL,ACTIVE,analysis/CURRENT_ACQUISITION_COVERAGE_1231.csv; predecessor canonical id 522; evolution root 0x09F79290
ROUTE_0523_JUMPLUFF,SPECIES,SPECIES_KEY_SKIPLOOM,ACTIVE,analysis/CURRENT_ACQUISITION_COVERAGE_1231.csv; predecessor canonical id 522; evolution root 0x09F79290
ROUTE_0523_JUMPLUFF,RUNTIME,EVOLUTION,ACTIVE,ROM_EVOLUTION_EDGE_VERIFIED_TRIGGER_SUPPLY_AUDIT_REQUIRED
ROUTE_0524_AIPOM,UNLOCK,UNLOCK_EXISTING_MAP_PROGRESSION,ACTIVE,TOHOKU_ECOLOGY:T503:草むらオーバーレイ:Lv5-9
ROUTE_0524_AIPOM,RUNTIME,ECOLOGY_OVERLAY,ACTIVE,ROM_REACHABLE_VERIFIED
ROUTE_0525_SUNKERN,UNLOCK,UNLOCK_EXISTING_MAP_PROGRESSION,ACTIVE,TOHOKU_ECOLOGY:T026:ずつき／朝昼オーバーレイ:Lv38-48
ROUTE_0525_SUNKERN,RUNTIME,ECOLOGY_OVERLAY,ACTIVE,ROM_REACHABLE_VERIFIED
ROUTE_0526_SUNFLORA,UNLOCK,UNLOCK_EVOLUTION_GLOBAL,ACTIVE,analysis/CURRENT_ACQUISITION_COVERAGE_1231.csv; predecessor canonical id 525; evolution root 0x09F79290
ROUTE_0526_SUNFLORA,SPECIES,SPECIES_KEY_SUNKERN,ACTIVE,analysis/CURRENT_ACQUISITION_COVERAGE_1231.csv; predecessor canonical id 525; evolution root 0x09F79290
ROUTE_0526_SUNFLORA,RUNTIME,EVOLUTION,ACTIVE,ROM_EVOLUTION_EDGE_VERIFIED_TRIGGER_SUPPLY_AUDIT_REQUIRED
ROUTE_0527_YANMA,UNLOCK,UNLOCK_EXISTING_MAP_PROGRESSION,ACTIVE,TOHOKU_ECOLOGY:T502:ずつき／朝昼オーバーレイ:Lv3-6
ROUTE_0527_YANMA,RUNTIME,ECOLOGY_OVERLAY,ACTIVE,ROM_REACHABLE_VERIFIED
ROUTE_0528_WOOPER,UNLOCK,UNLOCK_EXISTING_MAP_PROGRESSION,ACTIVE,TOHOKU_ECOLOGY:T027:釣りオーバーレイ:Lv20-30
ROUTE_0528_WOOPER,RUNTIME,ECOLOGY_OVERLAY,ACTIVE,ROM_REACHABLE_VERIFIED
ROUTE_0529_QUAGSIRE,UNLOCK,UNLOCK_EVOLUTION_GLOBAL,ACTIVE,analysis/CURRENT_ACQUISITION_COVERAGE_1231.csv; predecessor canonical id 528; evolution root 0x09F79290
ROUTE_0529_QUAGSIRE,SPECIES,SPECIES_KEY_WOOPER,ACTIVE,analysis/CURRENT_ACQUISITION_COVERAGE_1231.csv; predecessor canonical id 528; evolution root 0x09F79290
ROUTE_0529_QUAGSIRE,RUNTIME,EVOLUTION,ACTIVE,ROM_EVOLUTION_EDGE_VERIFIED_TRIGGER_SUPPLY_AUDIT_REQUIRED
ROUTE_0530_ESPEON,UNLOCK,UNLOCK_EVOLUTION_GLOBAL,ACTIVE,analysis/CURRENT_ACQUISITION_COVERAGE_1231.csv; predecessor canonical id 483; evolution root 0x09F79290
ROUTE_0530_ESPEON,SPECIES,SPECIES_KEY_EEVEE,ACTIVE,analysis/CURRENT_ACQUISITION_COVERAGE_1231.csv; predecessor canonical id 483; evolution root 0x09F79290
ROUTE_0530_ESPEON,RUNTIME,EVOLUTION,ACTIVE,ROM_EVOLUTION_EDGE_VERIFIED_TRIGGER_SUPPLY_AUDIT_REQUIRED
ROUTE_0531_UMBREON,UNLOCK,UNLOCK_EVOLUTION_GLOBAL,ACTIVE,analysis/CURRENT_ACQUISITION_COVERAGE_1231.csv; predecessor canonical id 483; evolution root 0x09F79290
ROUTE_0531_UMBREON,SPECIES,SPECIES_KEY_EEVEE,ACTIVE,analysis/CURRENT_ACQUISITION_COVERAGE_1231.csv; predecessor canonical id 483; evolution root 0x09F79290
ROUTE_0531_UMBREON,RUNTIME,EVOLUTION,ACTIVE,ROM_EVOLUTION_EDGE_VERIFIED_TRIGGER_SUPPLY_AUDIT_REQUIRED
ROUTE_0532_SLOWKING,UNLOCK,UNLOCK_EVOLUTION_GLOBAL,ACTIVE,analysis/CURRENT_ACQUISITION_COVERAGE_1231.csv; predecessor canonical id 462; evolution root 0x09F79290
ROUTE_0532_SLOWKING,SPECIES,SPECIES_KEY_SLOWPOKE,ACTIVE,analysis/CURRENT_ACQUISITION_COVERAGE_1231.csv; predecessor canonical id 462; evolution root 0x09F79290
ROUTE_0532_SLOWKING,RUNTIME,EVOLUTION,ACTIVE,ROM_EVOLUTION_EDGE_VERIFIED_TRIGGER_SUPPLY_AUDIT_REQUIRED
ROUTE_0533_MISDREAVUS,UNLOCK,UNLOCK_EXISTING_MAP_PROGRESSION,ACTIVE,TOHOKU_ECOLOGY:T033:夜間オーバーレイ:Lv43-55
ROUTE_0533_MISDREAVUS,RUNTIME,ECOLOGY_OVERLAY,ACTIVE,ROM_REACHABLE_VERIFIED
ROUTE_0534_WOBBUFFET,UNLOCK,UNLOCK_EVOLUTION_GLOBAL,ACTIVE,analysis/CURRENT_ACQUISITION_COVERAGE_1231.csv; predecessor canonical id 617; evolution root 0x09F79290
ROUTE_0534_WOBBUFFET,SPECIES,SPECIES_KEY_WYNAUT,ACTIVE,analysis/CURRENT_ACQUISITION_COVERAGE_1231.csv; predecessor canonical id 617; evolution root 0x09F79290
ROUTE_0534_WOBBUFFET,RUNTIME,EVOLUTION,ACTIVE,ROM_EVOLUTION_EDGE_VERIFIED_TRIGGER_SUPPLY_AUDIT_REQUIRED
ROUTE_0535_GLIGAR,UNLOCK,UNLOCK_EXISTING_MAP_PROGRESSION,ACTIVE,TOHOKU_ECOLOGY:T505:いわくだき／DexNav:Lv10-14
ROUTE_0535_GLIGAR,RUNTIME,ECOLOGY_OVERLAY,ACTIVE,ROM_REACHABLE_VERIFIED
ROUTE_0536_STEELIX,UNLOCK,UNLOCK_EVOLUTION_GLOBAL,ACTIVE,analysis/CURRENT_ACQUISITION_COVERAGE_1231.csv; predecessor canonical id 470; evolution root 0x09F79290
ROUTE_0536_STEELIX,SPECIES,SPECIES_KEY_ONIX,ACTIVE,analysis/CURRENT_ACQUISITION_COVERAGE_1231.csv; predecessor canonical id 470; evolution root 0x09F79290
ROUTE_0536_STEELIX,RUNTIME,EVOLUTION,ACTIVE,ROM_EVOLUTION_EDGE_VERIFIED_TRIGGER_SUPPLY_AUDIT_REQUIRED
ROUTE_0537_SNUBBULL,UNLOCK,UNLOCK_EXISTING_MAP_PROGRESSION,ACTIVE,TOHOKU_ECOLOGY:T517:草むらオーバーレイ:Lv38-45
ROUTE_0537_SNUBBULL,RUNTIME,ECOLOGY_OVERLAY,ACTIVE,ROM_REACHABLE_VERIFIED
ROUTE_0538_GRANBULL,UNLOCK,UNLOCK_EVOLUTION_GLOBAL,ACTIVE,analysis/CURRENT_ACQUISITION_COVERAGE_1231.csv; predecessor canonical id 537; evolution root 0x09F79290
ROUTE_0538_GRANBULL,SPECIES,SPECIES_KEY_SNUBBULL,ACTIVE,analysis/CURRENT_ACQUISITION_COVERAGE_1231.csv; predecessor canonical id 537; evolution root 0x09F79290
ROUTE_0538_GRANBULL,RUNTIME,EVOLUTION,ACTIVE,ROM_EVOLUTION_EDGE_VERIFIED_TRIGGER_SUPPLY_AUDIT_REQUIRED
ROUTE_0539_QWILFISH,UNLOCK,UNLOCK_EXISTING_MAP_PROGRESSION,ACTIVE,TOHOKU_ECOLOGY:T508:水上オーバーレイ:Lv19-25
ROUTE_0539_QWILFISH,RUNTIME,ECOLOGY_OVERLAY,ACTIVE,ROM_REACHABLE_VERIFIED
ROUTE_0540_HERACROSS,UNLOCK,UNLOCK_EXISTING_MAP_PROGRESSION,ACTIVE,TOHOKU_ECOLOGY:T505:草むらオーバーレイ:Lv10-14
ROUTE_0540_HERACROSS,RUNTIME,ECOLOGY_OVERLAY,ACTIVE,ROM_REACHABLE_VERIFIED
ROUTE_0541_TEDDIURSA,UNLOCK,UNLOCK_EXISTING_MAP_PROGRESSION,ACTIVE,TOHOKU_ECOLOGY:T501:草むらオーバーレイ:Lv2-5
ROUTE_0541_TEDDIURSA,RUNTIME,ECOLOGY_OVERLAY,ACTIVE,ROM_REACHABLE_VERIFIED
ROUTE_0542_URSARING,UNLOCK,UNLOCK_EVOLUTION_GLOBAL,ACTIVE,analysis/CURRENT_ACQUISITION_COVERAGE_1231.csv; predecessor canonical id 541; evolution root 0x09F79290
ROUTE_0542_URSARING,SPECIES,SPECIES_KEY_TEDDIURSA,ACTIVE,analysis/CURRENT_ACQUISITION_COVERAGE_1231.csv; predecessor canonical id 541; evolution root 0x09F79290
ROUTE_0542_URSARING,RUNTIME,EVOLUTION,ACTIVE,ROM_EVOLUTION_EDGE_VERIFIED_TRIGGER_SUPPLY_AUDIT_REQUIRED
ROUTE_0543_SLUGMA,UNLOCK,UNLOCK_EXISTING_MAP_PROGRESSION,ACTIVE,TOHOKU_ECOLOGY:T028:いわくだき／DexNav:Lv30-40
ROUTE_0543_SLUGMA,RUNTIME,ECOLOGY_OVERLAY,ACTIVE,ROM_REACHABLE_VERIFIED
ROUTE_0544_MAGCARGO,UNLOCK,UNLOCK_EVOLUTION_GLOBAL,ACTIVE,analysis/CURRENT_ACQUISITION_COVERAGE_1231.csv; predecessor canonical id 543; evolution root 0x09F79290
ROUTE_0544_MAGCARGO,SPECIES,SPECIES_KEY_SLUGMA,ACTIVE,analysis/CURRENT_ACQUISITION_COVERAGE_1231.csv; predecessor canonical id 543; evolution root 0x09F79290
ROUTE_0544_MAGCARGO,RUNTIME,EVOLUTION,ACTIVE,ROM_EVOLUTION_EDGE_VERIFIED_TRIGGER_SUPPLY_AUDIT_REQUIRED
ROUTE_0545_CORSOLA,UNLOCK,UNLOCK_EXISTING_MAP_PROGRESSION,ACTIVE,TOHOKU_ECOLOGY:T509:釣りオーバーレイ:Lv21-27
ROUTE_0545_CORSOLA,RUNTIME,ECOLOGY_OVERLAY,ACTIVE,ROM_REACHABLE_VERIFIED
ROUTE_0546_MANTINE,UNLOCK,UNLOCK_EVOLUTION_GLOBAL,ACTIVE,analysis/CURRENT_ACQUISITION_COVERAGE_1231.csv; predecessor canonical id 734; evolution root 0x09F79290
ROUTE_0546_MANTINE,SPECIES,SPECIES_KEY_MANTYKE,ACTIVE,analysis/CURRENT_ACQUISITION_COVERAGE_1231.csv; predecessor canonical id 734; evolution root 0x09F79290
ROUTE_0546_MANTINE,RUNTIME,EVOLUTION,ACTIVE,ROM_EVOLUTION_EDGE_VERIFIED_TRIGGER_SUPPLY_AUDIT_REQUIRED
ROUTE_0547_KINGDRA,UNLOCK,UNLOCK_EVOLUTION_GLOBAL,ACTIVE,analysis/CURRENT_ACQUISITION_COVERAGE_1231.csv; predecessor canonical id 477; evolution root 0x09F79290
ROUTE_0547_KINGDRA,SPECIES,SPECIES_KEY_SEADRA,ACTIVE,analysis/CURRENT_ACQUISITION_COVERAGE_1231.csv; predecessor canonical id 477; evolution root 0x09F79290
ROUTE_0547_KINGDRA,RUNTIME,EVOLUTION,ACTIVE,ROM_EVOLUTION_EDGE_VERIFIED_TRIGGER_SUPPLY_AUDIT_REQUIRED
ROUTE_0548_PHANPY,UNLOCK,UNLOCK_EXISTING_MAP_PROGRESSION,ACTIVE,TOHOKU_ECOLOGY:T031:いわくだき／DexNav:Lv36-46
ROUTE_0548_PHANPY,RUNTIME,ECOLOGY_OVERLAY,ACTIVE,ROM_REACHABLE_VERIFIED
ROUTE_0549_DONPHAN,UNLOCK,UNLOCK_EVOLUTION_GLOBAL,ACTIVE,analysis/CURRENT_ACQUISITION_COVERAGE_1231.csv; predecessor canonical id 548; evolution root 0x09F79290
ROUTE_0549_DONPHAN,SPECIES,SPECIES_KEY_PHANPY,ACTIVE,analysis/CURRENT_ACQUISITION_COVERAGE_1231.csv; predecessor canonical id 548; evolution root 0x09F79290
ROUTE_0549_DONPHAN,RUNTIME,EVOLUTION,ACTIVE,ROM_EVOLUTION_EDGE_VERIFIED_TRIGGER_SUPPLY_AUDIT_REQUIRED
ROUTE_0550_STANTLER,UNLOCK,UNLOCK_EXISTING_MAP_PROGRESSION,ACTIVE,TOHOKU_ECOLOGY:T506:草むらオーバーレイ:Lv12-17
ROUTE_0550_STANTLER,RUNTIME,ECOLOGY_OVERLAY,ACTIVE,ROM_REACHABLE_VERIFIED
ROUTE_0551_SMEARGLE,UNLOCK,UNLOCK_EXISTING_MAP_PROGRESSION,ACTIVE,TOHOKU_ECOLOGY:T506:草むらオーバーレイ:Lv12-17
ROUTE_0551_SMEARGLE,RUNTIME,ECOLOGY_OVERLAY,ACTIVE,ROM_REACHABLE_VERIFIED
ROUTE_0552_CELEBI,UNLOCK,UNLOCK_HALL_OF_FAME,ACTIVE,special master + exact Kanto host JSON + data-driven event runtime
ROUTE_0552_CELEBI,HOST,HOST_JOHTO_TIME,ACTIVE,READY_TO_SERIALIZE
ROUTE_0552_CELEBI,RUNTIME,FIXED_CAPTURE,ACTIVE,READY_TO_INTEGRATE
ROUTE_0553_TREECKO,UNLOCK,UNLOCK_KANTO_EARLY_ACCESS,ACTIVE,analysis/STARTER_LAB_EVENT_STATUS_24.csv + exact Oak lab host JSON
ROUTE_0553_TREECKO,HOST,HOST_STARTER_LAB,ACTIVE,READY_TO_SERIALIZE
ROUTE_0553_TREECKO,RUNTIME,RESEARCH_EGG,ACTIVE,ROM_REACHABLE_VERIFIED_WITH_OPTIONAL_BACKUP
ROUTE_0554_GROVYLE,UNLOCK,UNLOCK_EVOLUTION_GLOBAL,ACTIVE,analysis/CURRENT_ACQUISITION_COVERAGE_1231.csv; predecessor canonical id 553; evolution root 0x09F79290
ROUTE_0554_GROVYLE,SPECIES,SPECIES_KEY_TREECKO,ACTIVE,analysis/CURRENT_ACQUISITION_COVERAGE_1231.csv; predecessor canonical id 553; evolution root 0x09F79290
ROUTE_0554_GROVYLE,RUNTIME,EVOLUTION,ACTIVE,ROM_EVOLUTION_EDGE_VERIFIED_TRIGGER_SUPPLY_AUDIT_REQUIRED
ROUTE_0555_SCEPTILE,UNLOCK,UNLOCK_EVOLUTION_GLOBAL,ACTIVE,analysis/CURRENT_ACQUISITION_COVERAGE_1231.csv; predecessor canonical id 554; evolution root 0x09F79290
ROUTE_0555_SCEPTILE,SPECIES,SPECIES_KEY_GROVYLE,ACTIVE,analysis/CURRENT_ACQUISITION_COVERAGE_1231.csv; predecessor canonical id 554; evolution root 0x09F79290
ROUTE_0555_SCEPTILE,RUNTIME,EVOLUTION,ACTIVE,ROM_EVOLUTION_EDGE_VERIFIED_TRIGGER_SUPPLY_AUDIT_REQUIRED
ROUTE_0556_TORCHIC,UNLOCK,UNLOCK_KANTO_EARLY_ACCESS,ACTIVE,analysis/STARTER_LAB_EVENT_STATUS_24.csv + exact Oak lab host JSON
ROUTE_0556_TORCHIC,HOST,HOST_STARTER_LAB,ACTIVE,READY_TO_SERIALIZE
ROUTE_0556_TORCHIC,RUNTIME,RESEARCH_EGG,ACTIVE,ROM_REACHABLE_VERIFIED_WITH_OPTIONAL_BACKUP
ROUTE_0557_COMBUSKEN,UNLOCK,UNLOCK_EVOLUTION_GLOBAL,ACTIVE,analysis/CURRENT_ACQUISITION_COVERAGE_1231.csv; predecessor canonical id 556; evolution root 0x09F79290
ROUTE_0557_COMBUSKEN,SPECIES,SPECIES_KEY_TORCHIC,ACTIVE,analysis/CURRENT_ACQUISITION_COVERAGE_1231.csv; predecessor canonical id 556; evolution root 0x09F79290
ROUTE_0557_COMBUSKEN,RUNTIME,EVOLUTION,ACTIVE,ROM_EVOLUTION_EDGE_VERIFIED_TRIGGER_SUPPLY_AUDIT_REQUIRED
ROUTE_0558_BLAZIKEN,UNLOCK,UNLOCK_EVOLUTION_GLOBAL,ACTIVE,analysis/CURRENT_ACQUISITION_COVERAGE_1231.csv; predecessor canonical id 557; evolution root 0x09F79290
ROUTE_0558_BLAZIKEN,SPECIES,SPECIES_KEY_COMBUSKEN,ACTIVE,analysis/CURRENT_ACQUISITION_COVERAGE_1231.csv; predecessor canonical id 557; evolution root 0x09F79290
ROUTE_0558_BLAZIKEN,RUNTIME,EVOLUTION,ACTIVE,ROM_EVOLUTION_EDGE_VERIFIED_TRIGGER_SUPPLY_AUDIT_REQUIRED
ROUTE_0559_MUDKIP,UNLOCK,UNLOCK_KANTO_EARLY_ACCESS,ACTIVE,analysis/STARTER_LAB_EVENT_STATUS_24.csv + exact Oak lab host JSON
ROUTE_0559_MUDKIP,HOST,HOST_STARTER_LAB,ACTIVE,READY_TO_SERIALIZE
ROUTE_0559_MUDKIP,RUNTIME,RESEARCH_EGG,ACTIVE,ROM_REACHABLE_VERIFIED_WITH_OPTIONAL_BACKUP
ROUTE_0560_MARSHTOMP,UNLOCK,UNLOCK_EVOLUTION_GLOBAL,ACTIVE,analysis/CURRENT_ACQUISITION_COVERAGE_1231.csv; predecessor canonical id 559; evolution root 0x09F79290
ROUTE_0560_MARSHTOMP,SPECIES,SPECIES_KEY_MUDKIP,ACTIVE,analysis/CURRENT_ACQUISITION_COVERAGE_1231.csv; predecessor canonical id 559; evolution root 0x09F79290
ROUTE_0560_MARSHTOMP,RUNTIME,EVOLUTION,ACTIVE,ROM_EVOLUTION_EDGE_VERIFIED_TRIGGER_SUPPLY_AUDIT_REQUIRED
ROUTE_0561_SWAMPERT,UNLOCK,UNLOCK_EVOLUTION_GLOBAL,ACTIVE,analysis/CURRENT_ACQUISITION_COVERAGE_1231.csv; predecessor canonical id 560; evolution root 0x09F79290
ROUTE_0561_SWAMPERT,SPECIES,SPECIES_KEY_MARSHTOMP,ACTIVE,analysis/CURRENT_ACQUISITION_COVERAGE_1231.csv; predecessor canonical id 560; evolution root 0x09F79290
ROUTE_0561_SWAMPERT,RUNTIME,EVOLUTION,ACTIVE,ROM_EVOLUTION_EDGE_VERIFIED_TRIGGER_SUPPLY_AUDIT_REQUIRED
ROUTE_0562_POOCHYENA,UNLOCK,UNLOCK_EXISTING_MAP_PROGRESSION,ACTIVE,TOHOKU_ECOLOGY:T035:夜間オーバーレイ:Lv44-57
ROUTE_0562_POOCHYENA,RUNTIME,ECOLOGY_OVERLAY,ACTIVE,ROM_REACHABLE_VERIFIED
ROUTE_0563_MIGHTYENA,UNLOCK,UNLOCK_EVOLUTION_GLOBAL,ACTIVE,analysis/CURRENT_ACQUISITION_COVERAGE_1231.csv; predecessor canonical id 562; evolution root 0x09F79290
ROUTE_0563_MIGHTYENA,SPECIES,SPECIES_KEY_POOCHYENA,ACTIVE,analysis/CURRENT_ACQUISITION_COVERAGE_1231.csv; predecessor canonical id 562; evolution root 0x09F79290
ROUTE_0563_MIGHTYENA,RUNTIME,EVOLUTION,ACTIVE,ROM_EVOLUTION_EDGE_VERIFIED_TRIGGER_SUPPLY_AUDIT_REQUIRED
ROUTE_0564_ZIGZAGOON,UNLOCK,UNLOCK_EXISTING_MAP_PROGRESSION,ACTIVE,TOHOKU_ECOLOGY:T506:夜間オーバーレイ:Lv12-17
ROUTE_0564_ZIGZAGOON,RUNTIME,ECOLOGY_OVERLAY,ACTIVE,ROM_REACHABLE_VERIFIED
ROUTE_0565_LINOONE,UNLOCK,UNLOCK_EVOLUTION_GLOBAL,ACTIVE,analysis/CURRENT_ACQUISITION_COVERAGE_1231.csv; predecessor canonical id 564; evolution root 0x09F79290
ROUTE_0565_LINOONE,SPECIES,SPECIES_KEY_ZIGZAGOON,ACTIVE,analysis/CURRENT_ACQUISITION_COVERAGE_1231.csv; predecessor canonical id 564; evolution root 0x09F79290
ROUTE_0565_LINOONE,RUNTIME,EVOLUTION,ACTIVE,ROM_EVOLUTION_EDGE_VERIFIED_TRIGGER_SUPPLY_AUDIT_REQUIRED
ROUTE_0566_WURMPLE,UNLOCK,UNLOCK_EXISTING_MAP_PROGRESSION,ACTIVE,TOHOKU_ECOLOGY:T502:ずつき／朝昼オーバーレイ:Lv3-6
ROUTE_0566_WURMPLE,RUNTIME,ECOLOGY_OVERLAY,ACTIVE,ROM_REACHABLE_VERIFIED
ROUTE_0567_SILCOON,UNLOCK,UNLOCK_EVOLUTION_GLOBAL,ACTIVE,analysis/CURRENT_ACQUISITION_COVERAGE_1231.csv; predecessor canonical id 566; evolution root 0x09F79290
ROUTE_0567_SILCOON,SPECIES,SPECIES_KEY_WURMPLE,ACTIVE,analysis/CURRENT_ACQUISITION_COVERAGE_1231.csv; predecessor canonical id 566; evolution root 0x09F79290
ROUTE_0567_SILCOON,RUNTIME,EVOLUTION,ACTIVE,ROM_EVOLUTION_EDGE_VERIFIED_TRIGGER_SUPPLY_AUDIT_REQUIRED
ROUTE_0568_BEAUTIFLY,UNLOCK,UNLOCK_EVOLUTION_GLOBAL,ACTIVE,analysis/CURRENT_ACQUISITION_COVERAGE_1231.csv; predecessor canonical id 567; evolution root 0x09F79290
ROUTE_0568_BEAUTIFLY,SPECIES,SPECIES_KEY_SILCOON,ACTIVE,analysis/CURRENT_ACQUISITION_COVERAGE_1231.csv; predecessor canonical id 567; evolution root 0x09F79290
ROUTE_0568_BEAUTIFLY,RUNTIME,EVOLUTION,ACTIVE,ROM_EVOLUTION_EDGE_VERIFIED_TRIGGER_SUPPLY_AUDIT_REQUIRED
ROUTE_0569_CASCOON,UNLOCK,UNLOCK_EVOLUTION_GLOBAL,ACTIVE,analysis/CURRENT_ACQUISITION_COVERAGE_1231.csv; predecessor canonical id 566; evolution root 0x09F79290
ROUTE_0569_CASCOON,SPECIES,SPECIES_KEY_WURMPLE,ACTIVE,analysis/CURRENT_ACQUISITION_COVERAGE_1231.csv; predecessor canonical id 566; evolution root 0x09F79290
ROUTE_0569_CASCOON,RUNTIME,EVOLUTION,ACTIVE,ROM_EVOLUTION_EDGE_VERIFIED_TRIGGER_SUPPLY_AUDIT_REQUIRED
ROUTE_0570_DUSTOX,UNLOCK,UNLOCK_EVOLUTION_GLOBAL,ACTIVE,analysis/CURRENT_ACQUISITION_COVERAGE_1231.csv; predecessor canonical id 569; evolution root 0x09F79290
ROUTE_0570_DUSTOX,SPECIES,SPECIES_KEY_CASCOON,ACTIVE,analysis/CURRENT_ACQUISITION_COVERAGE_1231.csv; predecessor canonical id 569; evolution root 0x09F79290
ROUTE_0570_DUSTOX,RUNTIME,EVOLUTION,ACTIVE,ROM_EVOLUTION_EDGE_VERIFIED_TRIGGER_SUPPLY_AUDIT_REQUIRED
ROUTE_0571_LOTAD,UNLOCK,UNLOCK_EXISTING_MAP_PROGRESSION,ACTIVE,TOHOKU_ECOLOGY:T508:水上オーバーレイ:Lv19-25
ROUTE_0571_LOTAD,RUNTIME,ECOLOGY_OVERLAY,ACTIVE,ROM_REACHABLE_VERIFIED
ROUTE_0572_LOMBRE,UNLOCK,UNLOCK_EVOLUTION_GLOBAL,ACTIVE,analysis/CURRENT_ACQUISITION_COVERAGE_1231.csv; predecessor canonical id 571; evolution root 0x09F79290
ROUTE_0572_LOMBRE,SPECIES,SPECIES_KEY_LOTAD,ACTIVE,analysis/CURRENT_ACQUISITION_COVERAGE_1231.csv; predecessor canonical id 571; evolution root 0x09F79290
ROUTE_0572_LOMBRE,RUNTIME,EVOLUTION,ACTIVE,ROM_EVOLUTION_EDGE_VERIFIED_TRIGGER_SUPPLY_AUDIT_REQUIRED
ROUTE_0573_LUDICOLO,UNLOCK,UNLOCK_EVOLUTION_GLOBAL,ACTIVE,analysis/CURRENT_ACQUISITION_COVERAGE_1231.csv; predecessor canonical id 572; evolution root 0x09F79290
ROUTE_0573_LUDICOLO,SPECIES,SPECIES_KEY_LOMBRE,ACTIVE,analysis/CURRENT_ACQUISITION_COVERAGE_1231.csv; predecessor canonical id 572; evolution root 0x09F79290
ROUTE_0573_LUDICOLO,RUNTIME,EVOLUTION,ACTIVE,ROM_EVOLUTION_EDGE_VERIFIED_TRIGGER_SUPPLY_AUDIT_REQUIRED
ROUTE_0574_SEEDOT,UNLOCK,UNLOCK_EXISTING_MAP_PROGRESSION,ACTIVE,TOHOKU_ECOLOGY:T026:夜間オーバーレイ:Lv38-48
ROUTE_0574_SEEDOT,RUNTIME,ECOLOGY_OVERLAY,ACTIVE,ROM_REACHABLE_VERIFIED
ROUTE_0575_NUZLEAF,UNLOCK,UNLOCK_EVOLUTION_GLOBAL,ACTIVE,analysis/CURRENT_ACQUISITION_COVERAGE_1231.csv; predecessor canonical id 574; evolution root 0x09F79290
ROUTE_0575_NUZLEAF,SPECIES,SPECIES_KEY_SEEDOT,ACTIVE,analysis/CURRENT_ACQUISITION_COVERAGE_1231.csv; predecessor canonical id 574; evolution root 0x09F79290
ROUTE_0575_NUZLEAF,RUNTIME,EVOLUTION,ACTIVE,ROM_EVOLUTION_EDGE_VERIFIED_TRIGGER_SUPPLY_AUDIT_REQUIRED
ROUTE_0576_SHIFTRY,UNLOCK,UNLOCK_EVOLUTION_GLOBAL,ACTIVE,analysis/CURRENT_ACQUISITION_COVERAGE_1231.csv; predecessor canonical id 575; evolution root 0x09F79290
ROUTE_0576_SHIFTRY,SPECIES,SPECIES_KEY_NUZLEAF,ACTIVE,analysis/CURRENT_ACQUISITION_COVERAGE_1231.csv; predecessor canonical id 575; evolution root 0x09F79290
ROUTE_0576_SHIFTRY,RUNTIME,EVOLUTION,ACTIVE,ROM_EVOLUTION_EDGE_VERIFIED_TRIGGER_SUPPLY_AUDIT_REQUIRED
ROUTE_0577_WINGULL,UNLOCK,UNLOCK_EXISTING_MAP_PROGRESSION,ACTIVE,TOHOKU_ECOLOGY:T507:釣りオーバーレイ:Lv17-23
ROUTE_0577_WINGULL,RUNTIME,ECOLOGY_OVERLAY,ACTIVE,ROM_REACHABLE_VERIFIED
ROUTE_0578_PELIPPER,UNLOCK,UNLOCK_EVOLUTION_GLOBAL,ACTIVE,analysis/CURRENT_ACQUISITION_COVERAGE_1231.csv; predecessor canonical id 577; evolution root 0x09F79290
ROUTE_0578_PELIPPER,SPECIES,SPECIES_KEY_WINGULL,ACTIVE,analysis/CURRENT_ACQUISITION_COVERAGE_1231.csv; predecessor canonical id 577; evolution root 0x09F79290
ROUTE_0578_PELIPPER,RUNTIME,EVOLUTION,ACTIVE,ROM_EVOLUTION_EDGE_VERIFIED_TRIGGER_SUPPLY_AUDIT_REQUIRED
ROUTE_0579_SURSKIT,UNLOCK,UNLOCK_EXISTING_MAP_PROGRESSION,ACTIVE,TOHOKU_ECOLOGY:T508:釣りオーバーレイ:Lv19-25
ROUTE_0579_SURSKIT,RUNTIME,ECOLOGY_OVERLAY,ACTIVE,ROM_REACHABLE_VERIFIED
ROUTE_0580_MASQUERAIN,UNLOCK,UNLOCK_EVOLUTION_GLOBAL,ACTIVE,analysis/CURRENT_ACQUISITION_COVERAGE_1231.csv; predecessor canonical id 579; evolution root 0x09F79290
ROUTE_0580_MASQUERAIN,SPECIES,SPECIES_KEY_SURSKIT,ACTIVE,analysis/CURRENT_ACQUISITION_COVERAGE_1231.csv; predecessor canonical id 579; evolution root 0x09F79290
ROUTE_0580_MASQUERAIN,RUNTIME,EVOLUTION,ACTIVE,ROM_EVOLUTION_EDGE_VERIFIED_TRIGGER_SUPPLY_AUDIT_REQUIRED
ROUTE_0581_WAILMER,UNLOCK,UNLOCK_EXISTING_MAP_PROGRESSION,ACTIVE,TOHOKU_ECOLOGY:T512:水上オーバーレイ:Lv27-33
ROUTE_0581_WAILMER,RUNTIME,ECOLOGY_OVERLAY,ACTIVE,ROM_REACHABLE_VERIFIED
ROUTE_0582_WAILORD,UNLOCK,UNLOCK_EVOLUTION_GLOBAL,ACTIVE,analysis/CURRENT_ACQUISITION_COVERAGE_1231.csv; predecessor canonical id 581; evolution root 0x09F79290
ROUTE_0582_WAILORD,SPECIES,SPECIES_KEY_WAILMER,ACTIVE,analysis/CURRENT_ACQUISITION_COVERAGE_1231.csv; predecessor canonical id 581; evolution root 0x09F79290
ROUTE_0582_WAILORD,RUNTIME,EVOLUTION,ACTIVE,ROM_EVOLUTION_EDGE_VERIFIED_TRIGGER_SUPPLY_AUDIT_REQUIRED
ROUTE_0583_SKITTY,UNLOCK,UNLOCK_EXISTING_MAP_PROGRESSION,ACTIVE,TOHOKU_ECOLOGY:T501:草むらオーバーレイ:Lv2-5
ROUTE_0583_SKITTY,RUNTIME,ECOLOGY_OVERLAY,ACTIVE,ROM_REACHABLE_VERIFIED
ROUTE_0584_DELCATTY,UNLOCK,UNLOCK_EVOLUTION_GLOBAL,ACTIVE,analysis/CURRENT_ACQUISITION_COVERAGE_1231.csv; predecessor canonical id 583; evolution root 0x09F79290
ROUTE_0584_DELCATTY,SPECIES,SPECIES_KEY_SKITTY,ACTIVE,analysis/CURRENT_ACQUISITION_COVERAGE_1231.csv; predecessor canonical id 583; evolution root 0x09F79290
ROUTE_0584_DELCATTY,RUNTIME,EVOLUTION,ACTIVE,ROM_EVOLUTION_EDGE_VERIFIED_TRIGGER_SUPPLY_AUDIT_REQUIRED
ROUTE_0585_KECLEON,UNLOCK,UNLOCK_EXISTING_MAP_PROGRESSION,ACTIVE,TOHOKU_ECOLOGY:T503:草むらオーバーレイ:Lv5-9
ROUTE_0585_KECLEON,RUNTIME,ECOLOGY_OVERLAY,ACTIVE,ROM_REACHABLE_VERIFIED
ROUTE_0586_BALTOY,UNLOCK,UNLOCK_EXISTING_MAP_PROGRESSION,ACTIVE,TOHOKU_ECOLOGY:T034:DexNav隠し枠／低確率タマゴ+屋内異常遭遇／DexNav:Lv42-55
ROUTE_0586_BALTOY,RUNTIME,ECOLOGY_OVERLAY,ACTIVE,ROM_REACHABLE_VERIFIED
ROUTE_0587_CLAYDOL,UNLOCK,UNLOCK_EVOLUTION_GLOBAL,ACTIVE,analysis/CURRENT_ACQUISITION_COVERAGE_1231.csv; predecessor canonical id 586; evolution root 0x09F79290
ROUTE_0587_CLAYDOL,SPECIES,SPECIES_KEY_BALTOY,ACTIVE,analysis/CURRENT_ACQUISITION_COVERAGE_1231.csv; predecessor canonical id 586; evolution root 0x09F79290
ROUTE_0587_CLAYDOL,RUNTIME,EVOLUTION,ACTIVE,ROM_EVOLUTION_EDGE_VERIFIED_TRIGGER_SUPPLY_AUDIT_REQUIRED
ROUTE_0588_NOSEPASS,UNLOCK,UNLOCK_EXISTING_MAP_PROGRESSION,ACTIVE,TOHOKU_ECOLOGY:T031:いわくだき／DexNav:Lv36-46
ROUTE_0588_NOSEPASS,RUNTIME,ECOLOGY_OVERLAY,ACTIVE,ROM_REACHABLE_VERIFIED
ROUTE_0589_BARBOACH,UNLOCK,UNLOCK_EXISTING_MAP_PROGRESSION,ACTIVE,TOHOKU_ECOLOGY:T512:釣りオーバーレイ:Lv27-33
ROUTE_0589_BARBOACH,RUNTIME,ECOLOGY_OVERLAY,ACTIVE,ROM_REACHABLE_VERIFIED
ROUTE_0590_WHISCASH,UNLOCK,UNLOCK_EVOLUTION_GLOBAL,ACTIVE,analysis/CURRENT_ACQUISITION_COVERAGE_1231.csv; predecessor canonical id 589; evolution root 0x09F79290
ROUTE_0590_WHISCASH,SPECIES,SPECIES_KEY_BARBOACH,ACTIVE,analysis/CURRENT_ACQUISITION_COVERAGE_1231.csv; predecessor canonical id 589; evolution root 0x09F79290
ROUTE_0590_WHISCASH,RUNTIME,EVOLUTION,ACTIVE,ROM_EVOLUTION_EDGE_VERIFIED_TRIGGER_SUPPLY_AUDIT_REQUIRED
ROUTE_0591_CORPHISH,UNLOCK,UNLOCK_EXISTING_MAP_PROGRESSION,ACTIVE,TOHOKU_ECOLOGY:T508:釣りオーバーレイ:Lv19-25
ROUTE_0591_CORPHISH,RUNTIME,ECOLOGY_OVERLAY,ACTIVE,ROM_REACHABLE_VERIFIED
ROUTE_0592_CRAWDAUNT,UNLOCK,UNLOCK_EVOLUTION_GLOBAL,ACTIVE,analysis/CURRENT_ACQUISITION_COVERAGE_1231.csv; predecessor canonical id 591; evolution root 0x09F79290
ROUTE_0592_CRAWDAUNT,SPECIES,SPECIES_KEY_CORPHISH,ACTIVE,analysis/CURRENT_ACQUISITION_COVERAGE_1231.csv; predecessor canonical id 591; evolution root 0x09F79290
ROUTE_0592_CRAWDAUNT,RUNTIME,EVOLUTION,ACTIVE,ROM_EVOLUTION_EDGE_VERIFIED_TRIGGER_SUPPLY_AUDIT_REQUIRED
ROUTE_0593_FEEBAS,UNLOCK,UNLOCK_EXISTING_MAP_PROGRESSION,ACTIVE,TOHOKU_ECOLOGY:T510:釣りオーバーレイ:Lv24-30
ROUTE_0593_FEEBAS,RUNTIME,ECOLOGY_OVERLAY,ACTIVE,ROM_REACHABLE_VERIFIED
ROUTE_0594_MILOTIC,UNLOCK,UNLOCK_EVOLUTION_GLOBAL,ACTIVE,analysis/CURRENT_ACQUISITION_COVERAGE_1231.csv; predecessor canonical id 593; evolution root 0x09F79290
ROUTE_0594_MILOTIC,SPECIES,SPECIES_KEY_FEEBAS,ACTIVE,analysis/CURRENT_ACQUISITION_COVERAGE_1231.csv; predecessor canonical id 593; evolution root 0x09F79290
ROUTE_0594_MILOTIC,RUNTIME,EVOLUTION,ACTIVE,ROM_EVOLUTION_EDGE_VERIFIED_TRIGGER_SUPPLY_AUDIT_REQUIRED
ROUTE_0595_CARVANHA,UNLOCK,UNLOCK_EXISTING_MAP_PROGRESSION,ACTIVE,TOHOKU_ECOLOGY:T508:水上オーバーレイ:Lv19-25
ROUTE_0595_CARVANHA,RUNTIME,ECOLOGY_OVERLAY,ACTIVE,ROM_REACHABLE_VERIFIED
ROUTE_0596_SHARPEDO,UNLOCK,UNLOCK_EVOLUTION_GLOBAL,ACTIVE,analysis/CURRENT_ACQUISITION_COVERAGE_1231.csv; predecessor canonical id 595; evolution root 0x09F79290
ROUTE_0596_SHARPEDO,SPECIES,SPECIES_KEY_CARVANHA,ACTIVE,analysis/CURRENT_ACQUISITION_COVERAGE_1231.csv; predecessor canonical id 595; evolution root 0x09F79290
ROUTE_0596_SHARPEDO,RUNTIME,EVOLUTION,ACTIVE,ROM_EVOLUTION_EDGE_VERIFIED_TRIGGER_SUPPLY_AUDIT_REQUIRED
ROUTE_0597_TRAPINCH,UNLOCK,UNLOCK_EXISTING_MAP_PROGRESSION,ACTIVE,TOHOKU_ECOLOGY:T028:いわくだき／DexNav:Lv30-40
ROUTE_0597_TRAPINCH,RUNTIME,ECOLOGY_OVERLAY,ACTIVE,ROM_REACHABLE_VERIFIED
ROUTE_0598_VIBRAVA,UNLOCK,UNLOCK_EVOLUTION_GLOBAL,ACTIVE,analysis/CURRENT_ACQUISITION_COVERAGE_1231.csv; predecessor canonical id 597; evolution root 0x09F79290
ROUTE_0598_VIBRAVA,SPECIES,SPECIES_KEY_TRAPINCH,ACTIVE,analysis/CURRENT_ACQUISITION_COVERAGE_1231.csv; predecessor canonical id 597; evolution root 0x09F79290
ROUTE_0598_VIBRAVA,RUNTIME,EVOLUTION,ACTIVE,ROM_EVOLUTION_EDGE_VERIFIED_TRIGGER_SUPPLY_AUDIT_REQUIRED
ROUTE_0599_FLYGON,UNLOCK,UNLOCK_EVOLUTION_GLOBAL,ACTIVE,analysis/CURRENT_ACQUISITION_COVERAGE_1231.csv; predecessor canonical id 598; evolution root 0x09F79290
ROUTE_0599_FLYGON,SPECIES,SPECIES_KEY_VIBRAVA,ACTIVE,analysis/CURRENT_ACQUISITION_COVERAGE_1231.csv; predecessor canonical id 598; evolution root 0x09F79290
ROUTE_0599_FLYGON,RUNTIME,EVOLUTION,ACTIVE,ROM_EVOLUTION_EDGE_VERIFIED_TRIGGER_SUPPLY_AUDIT_REQUIRED
ROUTE_0600_MAKUHITA,UNLOCK,UNLOCK_EXISTING_MAP_PROGRESSION,ACTIVE,TOHOKU_ECOLOGY:T514:草むらオーバーレイ:Lv31-38
ROUTE_0600_MAKUHITA,RUNTIME,ECOLOGY_OVERLAY,ACTIVE,ROM_REACHABLE_VERIFIED
ROUTE_0601_HARIYAMA,UNLOCK,UNLOCK_EVOLUTION_GLOBAL,ACTIVE,analysis/CURRENT_ACQUISITION_COVERAGE_1231.csv; predecessor canonical id 600; evolution root 0x09F79290
ROUTE_0601_HARIYAMA,SPECIES,SPECIES_KEY_MAKUHITA,ACTIVE,analysis/CURRENT_ACQUISITION_COVERAGE_1231.csv; predecessor canonical id 600; evolution root 0x09F79290
ROUTE_0601_HARIYAMA,RUNTIME,EVOLUTION,ACTIVE,ROM_EVOLUTION_EDGE_VERIFIED_TRIGGER_SUPPLY_AUDIT_REQUIRED
ROUTE_0602_ELECTRIKE,UNLOCK,UNLOCK_EXISTING_MAP_PROGRESSION,ACTIVE,TOHOKU_ECOLOGY:T029:草むらオーバーレイ:Lv30-40
ROUTE_0602_ELECTRIKE,RUNTIME,ECOLOGY_OVERLAY,ACTIVE,ROM_REACHABLE_VERIFIED
ROUTE_0603_MANECTRIC,UNLOCK,UNLOCK_EVOLUTION_GLOBAL,ACTIVE,analysis/CURRENT_ACQUISITION_COVERAGE_1231.csv; predecessor canonical id 602; evolution root 0x09F79290
ROUTE_0603_MANECTRIC,SPECIES,SPECIES_KEY_ELECTRIKE,ACTIVE,analysis/CURRENT_ACQUISITION_COVERAGE_1231.csv; predecessor canonical id 602; evolution root 0x09F79290
ROUTE_0603_MANECTRIC,RUNTIME,EVOLUTION,ACTIVE,ROM_EVOLUTION_EDGE_VERIFIED_TRIGGER_SUPPLY_AUDIT_REQUIRED
ROUTE_0604_NUMEL,UNLOCK,UNLOCK_EXISTING_MAP_PROGRESSION,ACTIVE,TOHOKU_ECOLOGY:T028:いわくだき／DexNav:Lv30-40
ROUTE_0604_NUMEL,RUNTIME,ECOLOGY_OVERLAY,ACTIVE,ROM_REACHABLE_VERIFIED
ROUTE_0605_CAMERUPT,UNLOCK,UNLOCK_EVOLUTION_GLOBAL,ACTIVE,analysis/CURRENT_ACQUISITION_COVERAGE_1231.csv; predecessor canonical id 604; evolution root 0x09F79290
ROUTE_0605_CAMERUPT,SPECIES,SPECIES_KEY_NUMEL,ACTIVE,analysis/CURRENT_ACQUISITION_COVERAGE_1231.csv; predecessor canonical id 604; evolution root 0x09F79290
ROUTE_0605_CAMERUPT,RUNTIME,EVOLUTION,ACTIVE,ROM_EVOLUTION_EDGE_VERIFIED_TRIGGER_SUPPLY_AUDIT_REQUIRED
ROUTE_0606_SNORUNT,UNLOCK,UNLOCK_EXISTING_MAP_PROGRESSION,ACTIVE,TOHOKU_ECOLOGY:T516:夜間オーバーレイ:Lv35-42
ROUTE_0606_SNORUNT,RUNTIME,ECOLOGY_OVERLAY,ACTIVE,ROM_REACHABLE_VERIFIED
ROUTE_0607_GLALIE,UNLOCK,UNLOCK_EVOLUTION_GLOBAL,ACTIVE,analysis/CURRENT_ACQUISITION_COVERAGE_1231.csv; predecessor canonical id 606; evolution root 0x09F79290
ROUTE_0607_GLALIE,SPECIES,SPECIES_KEY_SNORUNT,ACTIVE,analysis/CURRENT_ACQUISITION_COVERAGE_1231.csv; predecessor canonical id 606; evolution root 0x09F79290
ROUTE_0607_GLALIE,RUNTIME,EVOLUTION,ACTIVE,ROM_EVOLUTION_EDGE_VERIFIED_TRIGGER_SUPPLY_AUDIT_REQUIRED
ROUTE_0608_AZURILL,UNLOCK,UNLOCK_EXISTING_MAP_PROGRESSION,ACTIVE,TOHOKU_ECOLOGY:T508:DexNav隠し枠／低確率タマゴ:Lv19-25
ROUTE_0608_AZURILL,RUNTIME,ECOLOGY_OVERLAY,ACTIVE,ROM_REACHABLE_VERIFIED
ROUTE_0609_SPOINK,UNLOCK,UNLOCK_EXISTING_MAP_PROGRESSION,ACTIVE,TOHOKU_ECOLOGY:T034:洞窟・屋内オーバーレイ:Lv42-55
ROUTE_0609_SPOINK,RUNTIME,ECOLOGY_OVERLAY,ACTIVE,ROM_REACHABLE_VERIFIED
ROUTE_0610_GRUMPIG,UNLOCK,UNLOCK_EVOLUTION_GLOBAL,ACTIVE,analysis/CURRENT_ACQUISITION_COVERAGE_1231.csv; predecessor canonical id 609; evolution root 0x09F79290
ROUTE_0610_GRUMPIG,SPECIES,SPECIES_KEY_SPOINK,ACTIVE,analysis/CURRENT_ACQUISITION_COVERAGE_1231.csv; predecessor canonical id 609; evolution root 0x09F79290
ROUTE_0610_GRUMPIG,RUNTIME,EVOLUTION,ACTIVE,ROM_EVOLUTION_EDGE_VERIFIED_TRIGGER_SUPPLY_AUDIT_REQUIRED
ROUTE_0611_PLUSLE,UNLOCK,UNLOCK_EXISTING_MAP_PROGRESSION,ACTIVE,TOHOKU_ECOLOGY:T029:草むらオーバーレイ:Lv30-40
ROUTE_0611_PLUSLE,RUNTIME,ECOLOGY_OVERLAY,ACTIVE,ROM_REACHABLE_VERIFIED
ROUTE_0612_MINUN,UNLOCK,UNLOCK_EXISTING_MAP_PROGRESSION,ACTIVE,TOHOKU_ECOLOGY:T029:草むらオーバーレイ:Lv30-40
ROUTE_0612_MINUN,RUNTIME,ECOLOGY_OVERLAY,ACTIVE,ROM_REACHABLE_VERIFIED
ROUTE_0613_MEDITITE,UNLOCK,UNLOCK_EXISTING_MAP_PROGRESSION,ACTIVE,TOHOKU_ECOLOGY:T032:洞窟・屋内オーバーレイ:Lv44-54
ROUTE_0613_MEDITITE,RUNTIME,ECOLOGY_OVERLAY,ACTIVE,ROM_REACHABLE_VERIFIED
ROUTE_0614_MEDICHAM,UNLOCK,UNLOCK_EVOLUTION_GLOBAL,ACTIVE,analysis/CURRENT_ACQUISITION_COVERAGE_1231.csv; predecessor canonical id 613; evolution root 0x09F79290
ROUTE_0614_MEDICHAM,SPECIES,SPECIES_KEY_MEDITITE,ACTIVE,analysis/CURRENT_ACQUISITION_COVERAGE_1231.csv; predecessor canonical id 613; evolution root 0x09F79290
ROUTE_0614_MEDICHAM,RUNTIME,EVOLUTION,ACTIVE,ROM_EVOLUTION_EDGE_VERIFIED_TRIGGER_SUPPLY_AUDIT_REQUIRED
ROUTE_0615_SWABLU,UNLOCK,UNLOCK_EXISTING_MAP_PROGRESSION,ACTIVE,TOHOKU_ECOLOGY:T501:大量発生:Lv2-5
ROUTE_0615_SWABLU,RUNTIME,ECOLOGY_OVERLAY,ACTIVE,ROM_REACHABLE_VERIFIED
ROUTE_0616_ALTARIA,UNLOCK,UNLOCK_EVOLUTION_GLOBAL,ACTIVE,analysis/CURRENT_ACQUISITION_COVERAGE_1231.csv; predecessor canonical id 615; evolution root 0x09F79290
ROUTE_0616_ALTARIA,SPECIES,SPECIES_KEY_SWABLU,ACTIVE,analysis/CURRENT_ACQUISITION_COVERAGE_1231.csv; predecessor canonical id 615; evolution root 0x09F79290
ROUTE_0616_ALTARIA,RUNTIME,EVOLUTION,ACTIVE,ROM_EVOLUTION_EDGE_VERIFIED_TRIGGER_SUPPLY_AUDIT_REQUIRED
ROUTE_0617_WYNAUT,UNLOCK,UNLOCK_EXISTING_MAP_PROGRESSION,ACTIVE,TOHOKU_ECOLOGY:T034:DexNav隠し枠／低確率タマゴ+屋内異常遭遇／DexNav:Lv42-55
ROUTE_0617_WYNAUT,RUNTIME,ECOLOGY_OVERLAY,ACTIVE,ROM_REACHABLE_VERIFIED
ROUTE_0618_ROSELIA,UNLOCK,UNLOCK_EVOLUTION_GLOBAL,ACTIVE,analysis/CURRENT_ACQUISITION_COVERAGE_1231.csv; predecessor canonical id 696; evolution root 0x09F79290
ROUTE_0618_ROSELIA,SPECIES,SPECIES_KEY_BUDEW,ACTIVE,analysis/CURRENT_ACQUISITION_COVERAGE_1231.csv; predecessor canonical id 696; evolution root 0x09F79290
ROUTE_0618_ROSELIA,RUNTIME,EVOLUTION,ACTIVE,ROM_EVOLUTION_EDGE_VERIFIED_TRIGGER_SUPPLY_AUDIT_REQUIRED
ROUTE_0619_SLAKOTH,UNLOCK,UNLOCK_EXISTING_MAP_PROGRESSION,ACTIVE,TOHOKU_ECOLOGY:T503:草むらオーバーレイ:Lv5-9
ROUTE_0619_SLAKOTH,RUNTIME,ECOLOGY_OVERLAY,ACTIVE,ROM_REACHABLE_VERIFIED
ROUTE_0620_VIGOROTH,UNLOCK,UNLOCK_EVOLUTION_GLOBAL,ACTIVE,analysis/CURRENT_ACQUISITION_COVERAGE_1231.csv; predecessor canonical id 619; evolution root 0x09F79290
ROUTE_0620_VIGOROTH,SPECIES,SPECIES_KEY_SLAKOTH,ACTIVE,analysis/CURRENT_ACQUISITION_COVERAGE_1231.csv; predecessor canonical id 619; evolution root 0x09F79290
ROUTE_0620_VIGOROTH,RUNTIME,EVOLUTION,ACTIVE,ROM_EVOLUTION_EDGE_VERIFIED_TRIGGER_SUPPLY_AUDIT_REQUIRED
ROUTE_0621_SLAKING,UNLOCK,UNLOCK_EVOLUTION_GLOBAL,ACTIVE,analysis/CURRENT_ACQUISITION_COVERAGE_1231.csv; predecessor canonical id 620; evolution root 0x09F79290
ROUTE_0621_SLAKING,SPECIES,SPECIES_KEY_VIGOROTH,ACTIVE,analysis/CURRENT_ACQUISITION_COVERAGE_1231.csv; predecessor canonical id 620; evolution root 0x09F79290
ROUTE_0621_SLAKING,RUNTIME,EVOLUTION,ACTIVE,ROM_EVOLUTION_EDGE_VERIFIED_TRIGGER_SUPPLY_AUDIT_REQUIRED
ROUTE_0622_GULPIN,UNLOCK,UNLOCK_EXISTING_MAP_PROGRESSION,ACTIVE,TOHOKU_ECOLOGY:T027:洞窟・屋内オーバーレイ:Lv20-30
ROUTE_0622_GULPIN,RUNTIME,ECOLOGY_OVERLAY,ACTIVE,ROM_REACHABLE_VERIFIED
ROUTE_0623_SWALOT,UNLOCK,UNLOCK_EVOLUTION_GLOBAL,ACTIVE,analysis/CURRENT_ACQUISITION_COVERAGE_1231.csv; predecessor canonical id 622; evolution root 0x09F79290
ROUTE_0623_SWALOT,SPECIES,SPECIES_KEY_GULPIN,ACTIVE,analysis/CURRENT_ACQUISITION_COVERAGE_1231.csv; predecessor canonical id 622; evolution root 0x09F79290
ROUTE_0623_SWALOT,RUNTIME,EVOLUTION,ACTIVE,ROM_EVOLUTION_EDGE_VERIFIED_TRIGGER_SUPPLY_AUDIT_REQUIRED
ROUTE_0624_CLAMPERL,UNLOCK,UNLOCK_EXISTING_MAP_PROGRESSION,ACTIVE,TOHOKU_ECOLOGY:T512:水上オーバーレイ:Lv27-33
ROUTE_0624_CLAMPERL,RUNTIME,ECOLOGY_OVERLAY,ACTIVE,ROM_REACHABLE_VERIFIED
ROUTE_0625_HUNTAIL,UNLOCK,UNLOCK_EVOLUTION_GLOBAL,ACTIVE,analysis/CURRENT_ACQUISITION_COVERAGE_1231.csv; predecessor canonical id 624; evolution root 0x09F79290
ROUTE_0625_HUNTAIL,SPECIES,SPECIES_KEY_CLAMPERL,ACTIVE,analysis/CURRENT_ACQUISITION_COVERAGE_1231.csv; predecessor canonical id 624; evolution root 0x09F79290
ROUTE_0625_HUNTAIL,RUNTIME,EVOLUTION,ACTIVE,ROM_EVOLUTION_EDGE_VERIFIED_TRIGGER_SUPPLY_AUDIT_REQUIRED
ROUTE_0626_GOREBYSS,UNLOCK,UNLOCK_EVOLUTION_GLOBAL,ACTIVE,analysis/CURRENT_ACQUISITION_COVERAGE_1231.csv; predecessor canonical id 624; evolution root 0x09F79290
ROUTE_0626_GOREBYSS,SPECIES,SPECIES_KEY_CLAMPERL,ACTIVE,analysis/CURRENT_ACQUISITION_COVERAGE_1231.csv; predecessor canonical id 624; evolution root 0x09F79290
ROUTE_0626_GOREBYSS,RUNTIME,EVOLUTION,ACTIVE,ROM_EVOLUTION_EDGE_VERIFIED_TRIGGER_SUPPLY_AUDIT_REQUIRED
ROUTE_0627_SEVIPER,UNLOCK,UNLOCK_EXISTING_MAP_PROGRESSION,ACTIVE,TOHOKU_ECOLOGY:T520:大量発生:Lv42-49
ROUTE_0627_SEVIPER,RUNTIME,ECOLOGY_OVERLAY,ACTIVE,ROM_REACHABLE_VERIFIED
ROUTE_0628_ZANGOOSE,UNLOCK,UNLOCK_EXISTING_MAP_PROGRESSION,ACTIVE,TOHOKU_ECOLOGY:T504:草むらオーバーレイ:Lv9-13
ROUTE_0628_ZANGOOSE,RUNTIME,ECOLOGY_OVERLAY,ACTIVE,ROM_REACHABLE_VERIFIED
ROUTE_0629_ARON,UNLOCK,UNLOCK_EXISTING_MAP_PROGRESSION,ACTIVE,TOHOKU_ECOLOGY:T031:いわくだき／DexNav:Lv36-46
ROUTE_0629_ARON,RUNTIME,ECOLOGY_OVERLAY,ACTIVE,ROM_REACHABLE_VERIFIED
ROUTE_0630_LAIRON,UNLOCK,UNLOCK_EVOLUTION_GLOBAL,ACTIVE,analysis/CURRENT_ACQUISITION_COVERAGE_1231.csv; predecessor canonical id 629; evolution root 0x09F79290
ROUTE_0630_LAIRON,SPECIES,SPECIES_KEY_ARON,ACTIVE,analysis/CURRENT_ACQUISITION_COVERAGE_1231.csv; predecessor canonical id 629; evolution root 0x09F79290
ROUTE_0630_LAIRON,RUNTIME,EVOLUTION,ACTIVE,ROM_EVOLUTION_EDGE_VERIFIED_TRIGGER_SUPPLY_AUDIT_REQUIRED
ROUTE_0631_AGGRON,UNLOCK,UNLOCK_EVOLUTION_GLOBAL,ACTIVE,analysis/CURRENT_ACQUISITION_COVERAGE_1231.csv; predecessor canonical id 630; evolution root 0x09F79290
ROUTE_0631_AGGRON,SPECIES,SPECIES_KEY_LAIRON,ACTIVE,analysis/CURRENT_ACQUISITION_COVERAGE_1231.csv; predecessor canonical id 630; evolution root 0x09F79290
ROUTE_0631_AGGRON,RUNTIME,EVOLUTION,ACTIVE,ROM_EVOLUTION_EDGE_VERIFIED_TRIGGER_SUPPLY_AUDIT_REQUIRED
ROUTE_0632_CASTFORM,UNLOCK,UNLOCK_EXISTING_MAP_PROGRESSION,ACTIVE,TOHOKU_ECOLOGY:T506:大量発生:Lv12-17
ROUTE_0632_CASTFORM,RUNTIME,ECOLOGY_OVERLAY,ACTIVE,ROM_REACHABLE_VERIFIED
ROUTE_0633_VOLBEAT,UNLOCK,UNLOCK_EXISTING_MAP_PROGRESSION,ACTIVE,TOHOKU_ECOLOGY:T036:ずつき／朝昼オーバーレイ:Lv38-48
ROUTE_0633_VOLBEAT,RUNTIME,ECOLOGY_OVERLAY,ACTIVE,ROM_REACHABLE_VERIFIED
ROUTE_0634_ILLUMISE,UNLOCK,UNLOCK_EXISTING_MAP_PROGRESSION,ACTIVE,TOHOKU_ECOLOGY:T036:ずつき／朝昼オーバーレイ:Lv38-48
ROUTE_0634_ILLUMISE,RUNTIME,ECOLOGY_OVERLAY,ACTIVE,ROM_REACHABLE_VERIFIED
ROUTE_0635_ANORITH,UNLOCK,UNLOCK_EXISTING_MAP_PROGRESSION,ACTIVE,ROM_WILD:96/8:K45:FISHING:Lv68-68
ROUTE_0635_ANORITH,RUNTIME,WILD_TABLE,ACTIVE,ROM_REACHABLE_VERIFIED
ROUTE_0636_ARMALDO,UNLOCK,UNLOCK_EVOLUTION_GLOBAL,ACTIVE,analysis/CURRENT_ACQUISITION_COVERAGE_1231.csv; predecessor canonical id 635; evolution root 0x09F79290
ROUTE_0636_ARMALDO,SPECIES,SPECIES_KEY_ANORITH,ACTIVE,analysis/CURRENT_ACQUISITION_COVERAGE_1231.csv; predecessor canonical id 635; evolution root 0x09F79290
ROUTE_0636_ARMALDO,RUNTIME,EVOLUTION,ACTIVE,ROM_EVOLUTION_EDGE_VERIFIED_TRIGGER_SUPPLY_AUDIT_REQUIRED
ROUTE_0637_BAGON,UNLOCK,UNLOCK_EXISTING_MAP_PROGRESSION,ACTIVE,TOHOKU_ECOLOGY:T523:DexNav隠し枠:Lv55-65
ROUTE_0637_BAGON,RUNTIME,ECOLOGY_OVERLAY,ACTIVE,ROM_REACHABLE_VERIFIED
ROUTE_0638_SHELGON,UNLOCK,UNLOCK_EVOLUTION_GLOBAL,ACTIVE,analysis/CURRENT_ACQUISITION_COVERAGE_1231.csv; predecessor canonical id 637; evolution root 0x09F79290
ROUTE_0638_SHELGON,SPECIES,SPECIES_KEY_BAGON,ACTIVE,analysis/CURRENT_ACQUISITION_COVERAGE_1231.csv; predecessor canonical id 637; evolution root 0x09F79290
ROUTE_0638_SHELGON,RUNTIME,EVOLUTION,ACTIVE,ROM_EVOLUTION_EDGE_VERIFIED_TRIGGER_SUPPLY_AUDIT_REQUIRED
ROUTE_0639_SALAMENCE,UNLOCK,UNLOCK_EVOLUTION_GLOBAL,ACTIVE,analysis/CURRENT_ACQUISITION_COVERAGE_1231.csv; predecessor canonical id 638; evolution root 0x09F79290
ROUTE_0639_SALAMENCE,SPECIES,SPECIES_KEY_SHELGON,ACTIVE,analysis/CURRENT_ACQUISITION_COVERAGE_1231.csv; predecessor canonical id 638; evolution root 0x09F79290
ROUTE_0639_SALAMENCE,RUNTIME,EVOLUTION,ACTIVE,ROM_EVOLUTION_EDGE_VERIFIED_TRIGGER_SUPPLY_AUDIT_REQUIRED
ROUTE_0640_REGIROCK,UNLOCK,UNLOCK_HALL_OF_FAME,ACTIVE,special master + exact Kanto host JSON + data-driven event runtime
ROUTE_0640_REGIROCK,HOST,HOST_ANCIENT_GIANTS,ACTIVE,READY_TO_SERIALIZE
ROUTE_0640_REGIROCK,RUNTIME,FIXED_CAPTURE,ACTIVE,READY_TO_INTEGRATE
ROUTE_0641_REGICE,UNLOCK,UNLOCK_HALL_OF_FAME,ACTIVE,special master + exact Kanto host JSON + data-driven event runtime
ROUTE_0641_REGICE,HOST,HOST_ANCIENT_GIANTS,ACTIVE,READY_TO_SERIALIZE
ROUTE_0641_REGICE,RUNTIME,FIXED_CAPTURE,ACTIVE,READY_TO_INTEGRATE
ROUTE_0642_REGISTEEL,UNLOCK,UNLOCK_HALL_OF_FAME,ACTIVE,special master + exact Kanto host JSON + data-driven event runtime
ROUTE_0642_REGISTEEL,HOST,HOST_ANCIENT_GIANTS,ACTIVE,READY_TO_SERIALIZE
ROUTE_0642_REGISTEEL,RUNTIME,FIXED_CAPTURE,ACTIVE,READY_TO_INTEGRATE
ROUTE_0643_KYOGRE,UNLOCK,UNLOCK_HALL_OF_FAME,ACTIVE,special master + exact Kanto host JSON + data-driven event runtime
ROUTE_0643_KYOGRE,HOST,HOST_HOENN_SPACE,ACTIVE,READY_TO_SERIALIZE
ROUTE_0643_KYOGRE,RUNTIME,FIXED_CAPTURE,ACTIVE,READY_TO_INTEGRATE
ROUTE_0644_GROUDON,UNLOCK,UNLOCK_HALL_OF_FAME,ACTIVE,special master + exact Kanto host JSON + data-driven event runtime
ROUTE_0644_GROUDON,HOST,HOST_HOENN_SPACE,ACTIVE,READY_TO_SERIALIZE
ROUTE_0644_GROUDON,RUNTIME,FIXED_CAPTURE,ACTIVE,READY_TO_INTEGRATE
ROUTE_0645_RAYQUAZA,UNLOCK,UNLOCK_HALL_OF_FAME,ACTIVE,special master + exact Kanto host JSON + data-driven event runtime
ROUTE_0645_RAYQUAZA,HOST,HOST_HOENN_SPACE,ACTIVE,READY_TO_SERIALIZE
ROUTE_0645_RAYQUAZA,RUNTIME,FIXED_CAPTURE,ACTIVE,READY_TO_INTEGRATE
ROUTE_0646_JIRACHI,UNLOCK,UNLOCK_HALL_OF_FAME,ACTIVE,special master + exact Kanto host JSON + data-driven event runtime
ROUTE_0646_JIRACHI,HOST,HOST_HOENN_SPACE,ACTIVE,READY_TO_SERIALIZE
ROUTE_0646_JIRACHI,RUNTIME,FIXED_CAPTURE,ACTIVE,READY_TO_INTEGRATE
ROUTE_0647_DEOXYS,UNLOCK,UNLOCK_HALL_OF_FAME,ACTIVE,special master + exact Kanto host JSON + data-driven event runtime
ROUTE_0647_DEOXYS,HOST,HOST_HOENN_SPACE,ACTIVE,READY_TO_SERIALIZE
ROUTE_0647_DEOXYS,RUNTIME,FIXED_CAPTURE,ACTIVE,READY_TO_INTEGRATE
ROUTE_0648_CHIMECHO,UNLOCK,UNLOCK_EVOLUTION_GLOBAL,ACTIVE,analysis/CURRENT_ACQUISITION_COVERAGE_1231.csv; predecessor canonical id 719; evolution root 0x09F79290
ROUTE_0648_CHIMECHO,SPECIES,SPECIES_KEY_CHINGLING,ACTIVE,analysis/CURRENT_ACQUISITION_COVERAGE_1231.csv; predecessor canonical id 719; evolution root 0x09F79290
ROUTE_0648_CHIMECHO,RUNTIME,EVOLUTION,ACTIVE,ROM_EVOLUTION_EDGE_VERIFIED_TRIGGER_SUPPLY_AUDIT_REQUIRED
ROUTE_0677_TURTWIG,UNLOCK,UNLOCK_KANTO_EARLY_ACCESS,ACTIVE,analysis/STARTER_LAB_EVENT_STATUS_24.csv + exact Oak lab host JSON
ROUTE_0677_TURTWIG,HOST,HOST_STARTER_LAB,ACTIVE,READY_TO_SERIALIZE
ROUTE_0677_TURTWIG,RUNTIME,RESEARCH_EGG,ACTIVE,ROM_REACHABLE_VERIFIED_WITH_OPTIONAL_BACKUP
ROUTE_0678_GROTLE,UNLOCK,UNLOCK_EVOLUTION_GLOBAL,ACTIVE,analysis/CURRENT_ACQUISITION_COVERAGE_1231.csv; predecessor canonical id 677; evolution root 0x09F79290
ROUTE_0678_GROTLE,SPECIES,SPECIES_KEY_TURTWIG,ACTIVE,analysis/CURRENT_ACQUISITION_COVERAGE_1231.csv; predecessor canonical id 677; evolution root 0x09F79290
ROUTE_0678_GROTLE,RUNTIME,EVOLUTION,ACTIVE,ROM_EVOLUTION_EDGE_VERIFIED_TRIGGER_SUPPLY_AUDIT_REQUIRED
ROUTE_0679_TORTERRA,UNLOCK,UNLOCK_EVOLUTION_GLOBAL,ACTIVE,analysis/CURRENT_ACQUISITION_COVERAGE_1231.csv; predecessor canonical id 678; evolution root 0x09F79290
ROUTE_0679_TORTERRA,SPECIES,SPECIES_KEY_GROTLE,ACTIVE,analysis/CURRENT_ACQUISITION_COVERAGE_1231.csv; predecessor canonical id 678; evolution root 0x09F79290
ROUTE_0679_TORTERRA,RUNTIME,EVOLUTION,ACTIVE,ROM_EVOLUTION_EDGE_VERIFIED_TRIGGER_SUPPLY_AUDIT_REQUIRED
ROUTE_0680_CHIMCHAR,UNLOCK,UNLOCK_KANTO_EARLY_ACCESS,ACTIVE,analysis/STARTER_LAB_EVENT_STATUS_24.csv + exact Oak lab host JSON
ROUTE_0680_CHIMCHAR,HOST,HOST_STARTER_LAB,ACTIVE,READY_TO_SERIALIZE
ROUTE_0680_CHIMCHAR,RUNTIME,RESEARCH_EGG,ACTIVE,ROM_REACHABLE_VERIFIED_WITH_OPTIONAL_BACKUP
ROUTE_0681_MONFERNO,UNLOCK,UNLOCK_EVOLUTION_GLOBAL,ACTIVE,analysis/CURRENT_ACQUISITION_COVERAGE_1231.csv; predecessor canonical id 680; evolution root 0x09F79290
ROUTE_0681_MONFERNO,SPECIES,SPECIES_KEY_CHIMCHAR,ACTIVE,analysis/CURRENT_ACQUISITION_COVERAGE_1231.csv; predecessor canonical id 680; evolution root 0x09F79290
ROUTE_0681_MONFERNO,RUNTIME,EVOLUTION,ACTIVE,ROM_EVOLUTION_EDGE_VERIFIED_TRIGGER_SUPPLY_AUDIT_REQUIRED
ROUTE_0682_INFERNAPE,UNLOCK,UNLOCK_EVOLUTION_GLOBAL,ACTIVE,analysis/CURRENT_ACQUISITION_COVERAGE_1231.csv; predecessor canonical id 681; evolution root 0x09F79290
ROUTE_0682_INFERNAPE,SPECIES,SPECIES_KEY_MONFERNO,ACTIVE,analysis/CURRENT_ACQUISITION_COVERAGE_1231.csv; predecessor canonical id 681; evolution root 0x09F79290
ROUTE_0682_INFERNAPE,RUNTIME,EVOLUTION,ACTIVE,ROM_EVOLUTION_EDGE_VERIFIED_TRIGGER_SUPPLY_AUDIT_REQUIRED
ROUTE_0683_PIPLUP,UNLOCK,UNLOCK_KANTO_EARLY_ACCESS,ACTIVE,analysis/STARTER_LAB_EVENT_STATUS_24.csv + exact Oak lab host JSON
ROUTE_0683_PIPLUP,HOST,HOST_STARTER_LAB,ACTIVE,READY_TO_SERIALIZE
ROUTE_0683_PIPLUP,RUNTIME,RESEARCH_EGG,ACTIVE,ROM_REACHABLE_VERIFIED_WITH_OPTIONAL_BACKUP
ROUTE_0684_PRINPLUP,UNLOCK,UNLOCK_EVOLUTION_GLOBAL,ACTIVE,analysis/CURRENT_ACQUISITION_COVERAGE_1231.csv; predecessor canonical id 683; evolution root 0x09F79290
ROUTE_0684_PRINPLUP,SPECIES,SPECIES_KEY_PIPLUP,ACTIVE,analysis/CURRENT_ACQUISITION_COVERAGE_1231.csv; predecessor canonical id 683; evolution root 0x09F79290
ROUTE_0684_PRINPLUP,RUNTIME,EVOLUTION,ACTIVE,ROM_EVOLUTION_EDGE_VERIFIED_TRIGGER_SUPPLY_AUDIT_REQUIRED
ROUTE_0685_EMPOLEON,UNLOCK,UNLOCK_EVOLUTION_GLOBAL,ACTIVE,analysis/CURRENT_ACQUISITION_COVERAGE_1231.csv; predecessor canonical id 684; evolution root 0x09F79290
ROUTE_0685_EMPOLEON,SPECIES,SPECIES_KEY_PRINPLUP,ACTIVE,analysis/CURRENT_ACQUISITION_COVERAGE_1231.csv; predecessor canonical id 684; evolution root 0x09F79290
ROUTE_0685_EMPOLEON,RUNTIME,EVOLUTION,ACTIVE,ROM_EVOLUTION_EDGE_VERIFIED_TRIGGER_SUPPLY_AUDIT_REQUIRED
ROUTE_0686_STARLY,UNLOCK,UNLOCK_EXISTING_MAP_PROGRESSION,ACTIVE,TOHOKU_ECOLOGY:T502:ずつき／朝昼オーバーレイ:Lv3-6
ROUTE_0686_STARLY,RUNTIME,ECOLOGY_OVERLAY,ACTIVE,ROM_REACHABLE_VERIFIED
ROUTE_0687_STARAVIA,UNLOCK,UNLOCK_EVOLUTION_GLOBAL,ACTIVE,analysis/CURRENT_ACQUISITION_COVERAGE_1231.csv; predecessor canonical id 686; evolution root 0x09F79290
ROUTE_0687_STARAVIA,SPECIES,SPECIES_KEY_STARLY,ACTIVE,analysis/CURRENT_ACQUISITION_COVERAGE_1231.csv; predecessor canonical id 686; evolution root 0x09F79290
ROUTE_0687_STARAVIA,RUNTIME,EVOLUTION,ACTIVE,ROM_EVOLUTION_EDGE_VERIFIED_TRIGGER_SUPPLY_AUDIT_REQUIRED
ROUTE_0688_STARAPTOR,UNLOCK,UNLOCK_EVOLUTION_GLOBAL,ACTIVE,analysis/CURRENT_ACQUISITION_COVERAGE_1231.csv; predecessor canonical id 687; evolution root 0x09F79290
ROUTE_0688_STARAPTOR,SPECIES,SPECIES_KEY_STARAVIA,ACTIVE,analysis/CURRENT_ACQUISITION_COVERAGE_1231.csv; predecessor canonical id 687; evolution root 0x09F79290
ROUTE_0688_STARAPTOR,RUNTIME,EVOLUTION,ACTIVE,ROM_EVOLUTION_EDGE_VERIFIED_TRIGGER_SUPPLY_AUDIT_REQUIRED
ROUTE_0689_BIDOOF,UNLOCK,UNLOCK_EXISTING_MAP_PROGRESSION,ACTIVE,TOHOKU_ECOLOGY:T509:釣りオーバーレイ:Lv21-27
ROUTE_0689_BIDOOF,RUNTIME,ECOLOGY_OVERLAY,ACTIVE,ROM_REACHABLE_VERIFIED
ROUTE_0690_BIBAREL,UNLOCK,UNLOCK_EVOLUTION_GLOBAL,ACTIVE,analysis/CURRENT_ACQUISITION_COVERAGE_1231.csv; predecessor canonical id 689; evolution root 0x09F79290
ROUTE_0690_BIBAREL,SPECIES,SPECIES_KEY_BIDOOF,ACTIVE,analysis/CURRENT_ACQUISITION_COVERAGE_1231.csv; predecessor canonical id 689; evolution root 0x09F79290
ROUTE_0690_BIBAREL,RUNTIME,EVOLUTION,ACTIVE,ROM_EVOLUTION_EDGE_VERIFIED_TRIGGER_SUPPLY_AUDIT_REQUIRED
ROUTE_0691_KRICKETOT,UNLOCK,UNLOCK_EXISTING_MAP_PROGRESSION,ACTIVE,TOHOKU_ECOLOGY:T036:ずつき／朝昼オーバーレイ:Lv38-48
ROUTE_0691_KRICKETOT,RUNTIME,ECOLOGY_OVERLAY,ACTIVE,ROM_REACHABLE_VERIFIED
ROUTE_0692_KRICKETUNE,UNLOCK,UNLOCK_EVOLUTION_GLOBAL,ACTIVE,analysis/CURRENT_ACQUISITION_COVERAGE_1231.csv; predecessor canonical id 691; evolution root 0x09F79290
ROUTE_0692_KRICKETUNE,SPECIES,SPECIES_KEY_KRICKETOT,ACTIVE,analysis/CURRENT_ACQUISITION_COVERAGE_1231.csv; predecessor canonical id 691; evolution root 0x09F79290
ROUTE_0692_KRICKETUNE,RUNTIME,EVOLUTION,ACTIVE,ROM_EVOLUTION_EDGE_VERIFIED_TRIGGER_SUPPLY_AUDIT_REQUIRED
ROUTE_0693_SHINX,UNLOCK,UNLOCK_EXISTING_MAP_PROGRESSION,ACTIVE,TOHOKU_ECOLOGY:T029:草むらオーバーレイ:Lv30-40
ROUTE_0693_SHINX,RUNTIME,ECOLOGY_OVERLAY,ACTIVE,ROM_REACHABLE_VERIFIED
ROUTE_0694_LUXIO,UNLOCK,UNLOCK_EVOLUTION_GLOBAL,ACTIVE,analysis/CURRENT_ACQUISITION_COVERAGE_1231.csv; predecessor canonical id 693; evolution root 0x09F79290
ROUTE_0694_LUXIO,SPECIES,SPECIES_KEY_SHINX,ACTIVE,analysis/CURRENT_ACQUISITION_COVERAGE_1231.csv; predecessor canonical id 693; evolution root 0x09F79290
ROUTE_0694_LUXIO,RUNTIME,EVOLUTION,ACTIVE,ROM_EVOLUTION_EDGE_VERIFIED_TRIGGER_SUPPLY_AUDIT_REQUIRED
ROUTE_0695_LUXRAY,UNLOCK,UNLOCK_EVOLUTION_GLOBAL,ACTIVE,analysis/CURRENT_ACQUISITION_COVERAGE_1231.csv; predecessor canonical id 694; evolution root 0x09F79290
ROUTE_0695_LUXRAY,SPECIES,SPECIES_KEY_LUXIO,ACTIVE,analysis/CURRENT_ACQUISITION_COVERAGE_1231.csv; predecessor canonical id 694; evolution root 0x09F79290
ROUTE_0695_LUXRAY,RUNTIME,EVOLUTION,ACTIVE,ROM_EVOLUTION_EDGE_VERIFIED_TRIGGER_SUPPLY_AUDIT_REQUIRED
ROUTE_0696_BUDEW,UNLOCK,UNLOCK_EXISTING_MAP_PROGRESSION,ACTIVE,TOHOKU_ECOLOGY:T504:DexNav隠し枠／低確率タマゴ:Lv9-13
ROUTE_0696_BUDEW,RUNTIME,ECOLOGY_OVERLAY,ACTIVE,ROM_REACHABLE_VERIFIED
ROUTE_0697_ROSERADE,UNLOCK,UNLOCK_EVOLUTION_GLOBAL,ACTIVE,analysis/CURRENT_ACQUISITION_COVERAGE_1231.csv; predecessor canonical id 618; evolution root 0x09F79290
ROUTE_0697_ROSERADE,SPECIES,SPECIES_KEY_ROSELIA,ACTIVE,analysis/CURRENT_ACQUISITION_COVERAGE_1231.csv; predecessor canonical id 618; evolution root 0x09F79290
ROUTE_0697_ROSERADE,RUNTIME,EVOLUTION,ACTIVE,ROM_EVOLUTION_EDGE_VERIFIED_TRIGGER_SUPPLY_AUDIT_REQUIRED
ROUTE_0698_CRANIDOS,UNLOCK,UNLOCK_EXISTING_MAP_PROGRESSION,ACTIVE,ROM_WILD:96/2:K44:FISHING:Lv68-68
ROUTE_0698_CRANIDOS,RUNTIME,WILD_TABLE,ACTIVE,ROM_REACHABLE_VERIFIED
ROUTE_0699_RAMPARDOS,UNLOCK,UNLOCK_EVOLUTION_GLOBAL,ACTIVE,analysis/CURRENT_ACQUISITION_COVERAGE_1231.csv; predecessor canonical id 698; evolution root 0x09F79290
ROUTE_0699_RAMPARDOS,SPECIES,SPECIES_KEY_CRANIDOS,ACTIVE,analysis/CURRENT_ACQUISITION_COVERAGE_1231.csv; predecessor canonical id 698; evolution root 0x09F79290
ROUTE_0699_RAMPARDOS,RUNTIME,EVOLUTION,ACTIVE,ROM_EVOLUTION_EDGE_VERIFIED_TRIGGER_SUPPLY_AUDIT_REQUIRED
ROUTE_0700_SHIELDON,UNLOCK,UNLOCK_EXISTING_MAP_PROGRESSION,ACTIVE,ROM_WILD:96/8:K45:FISHING:Lv68-68
ROUTE_0700_SHIELDON,RUNTIME,WILD_TABLE,ACTIVE,ROM_REACHABLE_VERIFIED
ROUTE_0701_BASTIODON,UNLOCK,UNLOCK_EVOLUTION_GLOBAL,ACTIVE,analysis/CURRENT_ACQUISITION_COVERAGE_1231.csv; predecessor canonical id 700; evolution root 0x09F79290
ROUTE_0701_BASTIODON,SPECIES,SPECIES_KEY_SHIELDON,ACTIVE,analysis/CURRENT_ACQUISITION_COVERAGE_1231.csv; predecessor canonical id 700; evolution root 0x09F79290
ROUTE_0701_BASTIODON,RUNTIME,EVOLUTION,ACTIVE,ROM_EVOLUTION_EDGE_VERIFIED_TRIGGER_SUPPLY_AUDIT_REQUIRED
ROUTE_0702_BURMY,UNLOCK,UNLOCK_EXISTING_MAP_PROGRESSION,ACTIVE,TOHOKU_ECOLOGY:T517:草むらオーバーレイ:Lv38-45
ROUTE_0702_BURMY,RUNTIME,ECOLOGY_OVERLAY,ACTIVE,ROM_REACHABLE_VERIFIED
ROUTE_0703_WORMADAM,UNLOCK,UNLOCK_EVOLUTION_GLOBAL,ACTIVE,analysis/CURRENT_ACQUISITION_COVERAGE_1231.csv; predecessor canonical id 702; evolution root 0x09F79290
ROUTE_0703_WORMADAM,SPECIES,SPECIES_KEY_BURMY,ACTIVE,analysis/CURRENT_ACQUISITION_COVERAGE_1231.csv; predecessor canonical id 702; evolution root 0x09F79290
ROUTE_0703_WORMADAM,RUNTIME,EVOLUTION,ACTIVE,ROM_EVOLUTION_EDGE_VERIFIED_TRIGGER_SUPPLY_AUDIT_REQUIRED
ROUTE_0704_MOTHIM,UNLOCK,UNLOCK_EVOLUTION_GLOBAL,ACTIVE,analysis/CURRENT_ACQUISITION_COVERAGE_1231.csv; predecessor canonical id 702; evolution root 0x09F79290
ROUTE_0704_MOTHIM,SPECIES,SPECIES_KEY_BURMY,ACTIVE,analysis/CURRENT_ACQUISITION_COVERAGE_1231.csv; predecessor canonical id 702; evolution root 0x09F79290
ROUTE_0704_MOTHIM,RUNTIME,EVOLUTION,ACTIVE,ROM_EVOLUTION_EDGE_VERIFIED_TRIGGER_SUPPLY_AUDIT_REQUIRED
ROUTE_0705_COMBEE,UNLOCK,UNLOCK_EXISTING_MAP_PROGRESSION,ACTIVE,TOHOKU_ECOLOGY:T502:ずつき／朝昼オーバーレイ:Lv3-6
ROUTE_0705_COMBEE,RUNTIME,ECOLOGY_OVERLAY,ACTIVE,ROM_REACHABLE_VERIFIED
ROUTE_0706_VESPIQUEN,UNLOCK,UNLOCK_EVOLUTION_GLOBAL,ACTIVE,analysis/CURRENT_ACQUISITION_COVERAGE_1231.csv; predecessor canonical id 705; evolution root 0x09F79290
ROUTE_0706_VESPIQUEN,SPECIES,SPECIES_KEY_COMBEE,ACTIVE,analysis/CURRENT_ACQUISITION_COVERAGE_1231.csv; predecessor canonical id 705; evolution root 0x09F79290
ROUTE_0706_VESPIQUEN,RUNTIME,EVOLUTION,ACTIVE,ROM_EVOLUTION_EDGE_VERIFIED_TRIGGER_SUPPLY_AUDIT_REQUIRED
ROUTE_0707_CHERUBI,UNLOCK,UNLOCK_EXISTING_MAP_PROGRESSION,ACTIVE,TOHOKU_ECOLOGY:T036:ずつき／朝昼オーバーレイ:Lv38-48
ROUTE_0707_CHERUBI,RUNTIME,ECOLOGY_OVERLAY,ACTIVE,ROM_REACHABLE_VERIFIED
ROUTE_0708_CHERRIM,UNLOCK,UNLOCK_EVOLUTION_GLOBAL,ACTIVE,analysis/CURRENT_ACQUISITION_COVERAGE_1231.csv; predecessor canonical id 707; evolution root 0x09F79290
ROUTE_0708_CHERRIM,SPECIES,SPECIES_KEY_CHERUBI,ACTIVE,analysis/CURRENT_ACQUISITION_COVERAGE_1231.csv; predecessor canonical id 707; evolution root 0x09F79290
ROUTE_0708_CHERRIM,RUNTIME,EVOLUTION,ACTIVE,ROM_EVOLUTION_EDGE_VERIFIED_TRIGGER_SUPPLY_AUDIT_REQUIRED
ROUTE_0709_SHELLOS,UNLOCK,UNLOCK_EXISTING_MAP_PROGRESSION,ACTIVE,TOHOKU_ECOLOGY:T027:水上オーバーレイ:Lv20-30
ROUTE_0709_SHELLOS,RUNTIME,ECOLOGY_OVERLAY,ACTIVE,ROM_REACHABLE_VERIFIED
ROUTE_0710_GASTRODON,UNLOCK,UNLOCK_EVOLUTION_GLOBAL,ACTIVE,analysis/CURRENT_ACQUISITION_COVERAGE_1231.csv; predecessor canonical id 709; evolution root 0x09F79290
ROUTE_0710_GASTRODON,SPECIES,SPECIES_KEY_SHELLOS,ACTIVE,analysis/CURRENT_ACQUISITION_COVERAGE_1231.csv; predecessor canonical id 709; evolution root 0x09F79290
ROUTE_0710_GASTRODON,RUNTIME,EVOLUTION,ACTIVE,ROM_EVOLUTION_EDGE_VERIFIED_TRIGGER_SUPPLY_AUDIT_REQUIRED
ROUTE_0711_AMBIPOM,UNLOCK,UNLOCK_EVOLUTION_GLOBAL,ACTIVE,analysis/CURRENT_ACQUISITION_COVERAGE_1231.csv; predecessor canonical id 524; evolution root 0x09F79290
ROUTE_0711_AMBIPOM,SPECIES,SPECIES_KEY_AIPOM,ACTIVE,analysis/CURRENT_ACQUISITION_COVERAGE_1231.csv; predecessor canonical id 524; evolution root 0x09F79290
ROUTE_0711_AMBIPOM,RUNTIME,EVOLUTION,ACTIVE,ROM_EVOLUTION_EDGE_VERIFIED_TRIGGER_SUPPLY_AUDIT_REQUIRED
ROUTE_0712_DRIFLOON,UNLOCK,UNLOCK_EXISTING_MAP_PROGRESSION,ACTIVE,TOHOKU_ECOLOGY:T515:夜間オーバーレイ:Lv33-40
ROUTE_0712_DRIFLOON,RUNTIME,ECOLOGY_OVERLAY,ACTIVE,ROM_REACHABLE_VERIFIED
ROUTE_0713_DRIFBLIM,UNLOCK,UNLOCK_EVOLUTION_GLOBAL,ACTIVE,analysis/CURRENT_ACQUISITION_COVERAGE_1231.csv; predecessor canonical id 712; evolution root 0x09F79290
ROUTE_0713_DRIFBLIM,SPECIES,SPECIES_KEY_DRIFLOON,ACTIVE,analysis/CURRENT_ACQUISITION_COVERAGE_1231.csv; predecessor canonical id 712; evolution root 0x09F79290
ROUTE_0713_DRIFBLIM,RUNTIME,EVOLUTION,ACTIVE,ROM_EVOLUTION_EDGE_VERIFIED_TRIGGER_SUPPLY_AUDIT_REQUIRED
ROUTE_0714_BUNEARY,UNLOCK,UNLOCK_EXISTING_MAP_PROGRESSION,ACTIVE,TOHOKU_ECOLOGY:T506:大量発生:Lv12-17
ROUTE_0714_BUNEARY,RUNTIME,ECOLOGY_OVERLAY,ACTIVE,ROM_REACHABLE_VERIFIED
ROUTE_0715_LOPUNNY,UNLOCK,UNLOCK_EVOLUTION_GLOBAL,ACTIVE,analysis/CURRENT_ACQUISITION_COVERAGE_1231.csv; predecessor canonical id 714; evolution root 0x09F79290
ROUTE_0715_LOPUNNY,SPECIES,SPECIES_KEY_BUNEARY,ACTIVE,analysis/CURRENT_ACQUISITION_COVERAGE_1231.csv; predecessor canonical id 714; evolution root 0x09F79290
ROUTE_0715_LOPUNNY,RUNTIME,EVOLUTION,ACTIVE,ROM_EVOLUTION_EDGE_VERIFIED_TRIGGER_SUPPLY_AUDIT_REQUIRED
ROUTE_0716_MISMAGIUS,UNLOCK,UNLOCK_EVOLUTION_GLOBAL,ACTIVE,analysis/CURRENT_ACQUISITION_COVERAGE_1231.csv; predecessor canonical id 533; evolution root 0x09F79290
ROUTE_0716_MISMAGIUS,SPECIES,SPECIES_KEY_MISDREAVUS,ACTIVE,analysis/CURRENT_ACQUISITION_COVERAGE_1231.csv; predecessor canonical id 533; evolution root 0x09F79290
ROUTE_0716_MISMAGIUS,RUNTIME,EVOLUTION,ACTIVE,ROM_EVOLUTION_EDGE_VERIFIED_TRIGGER_SUPPLY_AUDIT_REQUIRED
ROUTE_0717_GLAMEOW,UNLOCK,UNLOCK_EXISTING_MAP_PROGRESSION,ACTIVE,TOHOKU_ECOLOGY:T503:草むらオーバーレイ:Lv5-9
ROUTE_0717_GLAMEOW,RUNTIME,ECOLOGY_OVERLAY,ACTIVE,ROM_REACHABLE_VERIFIED
ROUTE_0718_PURUGLY,UNLOCK,UNLOCK_EVOLUTION_GLOBAL,ACTIVE,analysis/CURRENT_ACQUISITION_COVERAGE_1231.csv; predecessor canonical id 717; evolution root 0x09F79290
ROUTE_0718_PURUGLY,SPECIES,SPECIES_KEY_GLAMEOW,ACTIVE,analysis/CURRENT_ACQUISITION_COVERAGE_1231.csv; predecessor canonical id 717; evolution root 0x09F79290
ROUTE_0718_PURUGLY,RUNTIME,EVOLUTION,ACTIVE,ROM_EVOLUTION_EDGE_VERIFIED_TRIGGER_SUPPLY_AUDIT_REQUIRED
ROUTE_0719_CHINGLING,UNLOCK,UNLOCK_EXISTING_MAP_PROGRESSION,ACTIVE,TOHOKU_ECOLOGY:T034:DexNav隠し枠／低確率タマゴ+屋内異常遭遇／DexNav:Lv42-55
ROUTE_0719_CHINGLING,RUNTIME,ECOLOGY_OVERLAY,ACTIVE,ROM_REACHABLE_VERIFIED
ROUTE_0720_STUNKY,UNLOCK,UNLOCK_EXISTING_MAP_PROGRESSION,ACTIVE,TOHOKU_ECOLOGY:T035:夜間オーバーレイ:Lv44-57
ROUTE_0720_STUNKY,RUNTIME,ECOLOGY_OVERLAY,ACTIVE,ROM_REACHABLE_VERIFIED
ROUTE_0721_SKUNTANK,UNLOCK,UNLOCK_EVOLUTION_GLOBAL,ACTIVE,analysis/CURRENT_ACQUISITION_COVERAGE_1231.csv; predecessor canonical id 720; evolution root 0x09F79290
ROUTE_0721_SKUNTANK,SPECIES,SPECIES_KEY_STUNKY,ACTIVE,analysis/CURRENT_ACQUISITION_COVERAGE_1231.csv; predecessor canonical id 720; evolution root 0x09F79290
ROUTE_0721_SKUNTANK,RUNTIME,EVOLUTION,ACTIVE,ROM_EVOLUTION_EDGE_VERIFIED_TRIGGER_SUPPLY_AUDIT_REQUIRED
ROUTE_0722_BRONZOR,UNLOCK,UNLOCK_EXISTING_MAP_PROGRESSION,ACTIVE,TOHOKU_ECOLOGY:T034:DexNav隠し枠／低確率タマゴ+屋内異常遭遇／DexNav:Lv42-55
ROUTE_0722_BRONZOR,RUNTIME,ECOLOGY_OVERLAY,ACTIVE,ROM_REACHABLE_VERIFIED
ROUTE_0723_BRONZONG,UNLOCK,UNLOCK_EVOLUTION_GLOBAL,ACTIVE,analysis/CURRENT_ACQUISITION_COVERAGE_1231.csv; predecessor canonical id 722; evolution root 0x09F79290
ROUTE_0723_BRONZONG,SPECIES,SPECIES_KEY_BRONZOR,ACTIVE,analysis/CURRENT_ACQUISITION_COVERAGE_1231.csv; predecessor canonical id 722; evolution root 0x09F79290
ROUTE_0723_BRONZONG,RUNTIME,EVOLUTION,ACTIVE,ROM_EVOLUTION_EDGE_VERIFIED_TRIGGER_SUPPLY_AUDIT_REQUIRED
ROUTE_0724_BONSLY,UNLOCK,UNLOCK_EXISTING_MAP_PROGRESSION,ACTIVE,TOHOKU_ECOLOGY:T028:DexNav隠し枠／低確率タマゴ:Lv30-40
ROUTE_0724_BONSLY,RUNTIME,ECOLOGY_OVERLAY,ACTIVE,ROM_REACHABLE_VERIFIED
ROUTE_0725_MIME_JR,UNLOCK,UNLOCK_EXISTING_MAP_PROGRESSION,ACTIVE,TOHOKU_ECOLOGY:T513:DexNav隠し枠／低確率タマゴ:Lv28-35
ROUTE_0725_MIME_JR,RUNTIME,ECOLOGY_OVERLAY,ACTIVE,ROM_REACHABLE_VERIFIED
ROUTE_0726_SPIRITOMB,UNLOCK,UNLOCK_EXISTING_MAP_PROGRESSION,ACTIVE,TOHOKU_ECOLOGY:T033:夜間オーバーレイ:Lv43-55
ROUTE_0726_SPIRITOMB,RUNTIME,ECOLOGY_OVERLAY,ACTIVE,ROM_REACHABLE_VERIFIED
ROUTE_0727_MUNCHLAX,UNLOCK,UNLOCK_EXISTING_MAP_PROGRESSION,ACTIVE,TOHOKU_ECOLOGY:T506:DexNav隠し枠／低確率タマゴ:Lv12-17
ROUTE_0727_MUNCHLAX,RUNTIME,ECOLOGY_OVERLAY,ACTIVE,ROM_REACHABLE_VERIFIED
ROUTE_0728_HIPPOPOTAS,UNLOCK,UNLOCK_EXISTING_MAP_PROGRESSION,ACTIVE,TOHOKU_ECOLOGY:T031:いわくだき／DexNav:Lv36-46
ROUTE_0728_HIPPOPOTAS,RUNTIME,ECOLOGY_OVERLAY,ACTIVE,ROM_REACHABLE_VERIFIED
ROUTE_0729_HIPPOWDON,UNLOCK,UNLOCK_EVOLUTION_GLOBAL,ACTIVE,analysis/CURRENT_ACQUISITION_COVERAGE_1231.csv; predecessor canonical id 728; evolution root 0x09F79290
ROUTE_0729_HIPPOWDON,SPECIES,SPECIES_KEY_HIPPOPOTAS,ACTIVE,analysis/CURRENT_ACQUISITION_COVERAGE_1231.csv; predecessor canonical id 728; evolution root 0x09F79290
ROUTE_0729_HIPPOWDON,RUNTIME,EVOLUTION,ACTIVE,ROM_EVOLUTION_EDGE_VERIFIED_TRIGGER_SUPPLY_AUDIT_REQUIRED
ROUTE_0730_CROAGUNK,UNLOCK,UNLOCK_EXISTING_MAP_PROGRESSION,ACTIVE,TOHOKU_ECOLOGY:T518:草むらオーバーレイ:Lv40-47
ROUTE_0730_CROAGUNK,RUNTIME,ECOLOGY_OVERLAY,ACTIVE,ROM_REACHABLE_VERIFIED
ROUTE_0731_TOXICROAK,UNLOCK,UNLOCK_EVOLUTION_GLOBAL,ACTIVE,analysis/CURRENT_ACQUISITION_COVERAGE_1231.csv; predecessor canonical id 730; evolution root 0x09F79290
ROUTE_0731_TOXICROAK,SPECIES,SPECIES_KEY_CROAGUNK,ACTIVE,analysis/CURRENT_ACQUISITION_COVERAGE_1231.csv; predecessor canonical id 730; evolution root 0x09F79290
ROUTE_0731_TOXICROAK,RUNTIME,EVOLUTION,ACTIVE,ROM_EVOLUTION_EDGE_VERIFIED_TRIGGER_SUPPLY_AUDIT_REQUIRED
ROUTE_0732_FINNEON,UNLOCK,UNLOCK_EXISTING_MAP_PROGRESSION,ACTIVE,TOHOKU_ECOLOGY:T512:釣りオーバーレイ:Lv27-33
ROUTE_0732_FINNEON,RUNTIME,ECOLOGY_OVERLAY,ACTIVE,ROM_REACHABLE_VERIFIED
ROUTE_0733_LUMINEON,UNLOCK,UNLOCK_EVOLUTION_GLOBAL,ACTIVE,analysis/CURRENT_ACQUISITION_COVERAGE_1231.csv; predecessor canonical id 732; evolution root 0x09F79290
ROUTE_0733_LUMINEON,SPECIES,SPECIES_KEY_FINNEON,ACTIVE,analysis/CURRENT_ACQUISITION_COVERAGE_1231.csv; predecessor canonical id 732; evolution root 0x09F79290
ROUTE_0733_LUMINEON,RUNTIME,EVOLUTION,ACTIVE,ROM_EVOLUTION_EDGE_VERIFIED_TRIGGER_SUPPLY_AUDIT_REQUIRED
ROUTE_0734_MANTYKE,UNLOCK,UNLOCK_EXISTING_MAP_PROGRESSION,ACTIVE,TOHOKU_ECOLOGY:T508:DexNav隠し枠／低確率タマゴ:Lv19-25
ROUTE_0734_MANTYKE,RUNTIME,ECOLOGY_OVERLAY,ACTIVE,ROM_REACHABLE_VERIFIED
ROUTE_0735_TANGROWTH,UNLOCK,UNLOCK_EVOLUTION_GLOBAL,ACTIVE,analysis/CURRENT_ACQUISITION_COVERAGE_1231.csv; predecessor canonical id 475; evolution root 0x09F79290
ROUTE_0735_TANGROWTH,SPECIES,SPECIES_KEY_TANGELA,ACTIVE,analysis/CURRENT_ACQUISITION_COVERAGE_1231.csv; predecessor canonical id 475; evolution root 0x09F79290
ROUTE_0735_TANGROWTH,RUNTIME,EVOLUTION,ACTIVE,ROM_EVOLUTION_EDGE_VERIFIED_TRIGGER_SUPPLY_AUDIT_REQUIRED
ROUTE_0736_YANMEGA,UNLOCK,UNLOCK_EVOLUTION_GLOBAL,ACTIVE,analysis/CURRENT_ACQUISITION_COVERAGE_1231.csv; predecessor canonical id 527; evolution root 0x09F79290
ROUTE_0736_YANMEGA,SPECIES,SPECIES_KEY_YANMA,ACTIVE,analysis/CURRENT_ACQUISITION_COVERAGE_1231.csv; predecessor canonical id 527; evolution root 0x09F79290
ROUTE_0736_YANMEGA,RUNTIME,EVOLUTION,ACTIVE,ROM_EVOLUTION_EDGE_VERIFIED_TRIGGER_SUPPLY_AUDIT_REQUIRED
ROUTE_0737_LEAFEON,UNLOCK,UNLOCK_EVOLUTION_GLOBAL,ACTIVE,analysis/CURRENT_ACQUISITION_COVERAGE_1231.csv; predecessor canonical id 483; evolution root 0x09F79290
ROUTE_0737_LEAFEON,SPECIES,SPECIES_KEY_EEVEE,ACTIVE,analysis/CURRENT_ACQUISITION_COVERAGE_1231.csv; predecessor canonical id 483; evolution root 0x09F79290
ROUTE_0737_LEAFEON,RUNTIME,EVOLUTION,ACTIVE,ROM_EVOLUTION_EDGE_VERIFIED_TRIGGER_SUPPLY_AUDIT_REQUIRED
ROUTE_0738_GLACEON,UNLOCK,UNLOCK_EVOLUTION_GLOBAL,ACTIVE,analysis/CURRENT_ACQUISITION_COVERAGE_1231.csv; predecessor canonical id 483; evolution root 0x09F79290
ROUTE_0738_GLACEON,SPECIES,SPECIES_KEY_EEVEE,ACTIVE,analysis/CURRENT_ACQUISITION_COVERAGE_1231.csv; predecessor canonical id 483; evolution root 0x09F79290
ROUTE_0738_GLACEON,RUNTIME,EVOLUTION,ACTIVE,ROM_EVOLUTION_EDGE_VERIFIED_TRIGGER_SUPPLY_AUDIT_REQUIRED
ROUTE_0739_GLISCOR,UNLOCK,UNLOCK_EVOLUTION_GLOBAL,ACTIVE,analysis/CURRENT_ACQUISITION_COVERAGE_1231.csv; predecessor canonical id 535; evolution root 0x09F79290
ROUTE_0739_GLISCOR,SPECIES,SPECIES_KEY_GLIGAR,ACTIVE,analysis/CURRENT_ACQUISITION_COVERAGE_1231.csv; predecessor canonical id 535; evolution root 0x09F79290
ROUTE_0739_GLISCOR,RUNTIME,EVOLUTION,ACTIVE,ROM_EVOLUTION_EDGE_VERIFIED_TRIGGER_SUPPLY_AUDIT_REQUIRED
ROUTE_0740_PROBOPASS,UNLOCK,UNLOCK_EVOLUTION_GLOBAL,ACTIVE,analysis/CURRENT_ACQUISITION_COVERAGE_1231.csv; predecessor canonical id 588; evolution root 0x09F79290
ROUTE_0740_PROBOPASS,SPECIES,SPECIES_KEY_NOSEPASS,ACTIVE,analysis/CURRENT_ACQUISITION_COVERAGE_1231.csv; predecessor canonical id 588; evolution root 0x09F79290
ROUTE_0740_PROBOPASS,RUNTIME,EVOLUTION,ACTIVE,ROM_EVOLUTION_EDGE_VERIFIED_TRIGGER_SUPPLY_AUDIT_REQUIRED
ROUTE_0741_FROSLASS,UNLOCK,UNLOCK_EVOLUTION_GLOBAL,ACTIVE,analysis/CURRENT_ACQUISITION_COVERAGE_1231.csv; predecessor canonical id 606; evolution root 0x09F79290
ROUTE_0741_FROSLASS,SPECIES,SPECIES_KEY_SNORUNT,ACTIVE,analysis/CURRENT_ACQUISITION_COVERAGE_1231.csv; predecessor canonical id 606; evolution root 0x09F79290
ROUTE_0741_FROSLASS,RUNTIME,EVOLUTION,ACTIVE,ROM_EVOLUTION_EDGE_VERIFIED_TRIGGER_SUPPLY_AUDIT_REQUIRED
ROUTE_0742_ROTOM,UNLOCK,UNLOCK_EXISTING_MAP_PROGRESSION,ACTIVE,TOHOKU_ECOLOGY:T035:夜間オーバーレイ:Lv44-57
ROUTE_0742_ROTOM,RUNTIME,ECOLOGY_OVERLAY,ACTIVE,ROM_REACHABLE_VERIFIED
ROUTE_0743_UXIE,UNLOCK,UNLOCK_HALL_OF_FAME,ACTIVE,special master + exact Kanto host JSON + data-driven event runtime
ROUTE_0743_UXIE,HOST,HOST_LAKE_RIFT,ACTIVE,READY_TO_SERIALIZE
ROUTE_0743_UXIE,RUNTIME,FIXED_CAPTURE,ACTIVE,READY_TO_INTEGRATE
ROUTE_0744_MESPRIT,UNLOCK,UNLOCK_HALL_OF_FAME,ACTIVE,special master + exact Kanto host JSON + data-driven event runtime
ROUTE_0744_MESPRIT,HOST,HOST_LAKE_RIFT,ACTIVE,READY_TO_SERIALIZE
ROUTE_0744_MESPRIT,RUNTIME,FIXED_CAPTURE,ACTIVE,READY_TO_INTEGRATE
ROUTE_0745_AZELF,UNLOCK,UNLOCK_HALL_OF_FAME,ACTIVE,special master + exact Kanto host JSON + data-driven event runtime
ROUTE_0745_AZELF,HOST,HOST_LAKE_RIFT,ACTIVE,READY_TO_SERIALIZE
ROUTE_0745_AZELF,RUNTIME,FIXED_CAPTURE,ACTIVE,READY_TO_INTEGRATE
ROUTE_0746_REGIGIGAS,UNLOCK,UNLOCK_HALL_OF_FAME,ACTIVE,special master + exact Kanto host JSON + data-driven event runtime
ROUTE_0746_REGIGIGAS,HOST,HOST_ANCIENT_GIANTS,ACTIVE,READY_TO_SERIALIZE
ROUTE_0746_REGIGIGAS,RUNTIME,FIXED_CAPTURE,ACTIVE,READY_TO_INTEGRATE
ROUTE_0747_GIRATINA,UNLOCK,UNLOCK_HALL_OF_FAME,ACTIVE,special master + exact Kanto host JSON + data-driven event runtime
ROUTE_0747_GIRATINA,HOST,HOST_LAKE_RIFT,ACTIVE,READY_TO_SERIALIZE
ROUTE_0747_GIRATINA,RUNTIME,FIXED_CAPTURE,ACTIVE,READY_TO_INTEGRATE
ROUTE_0748_CRESSELIA,UNLOCK,UNLOCK_HALL_OF_FAME,ACTIVE,special master + exact Kanto host JSON + data-driven event runtime
ROUTE_0748_CRESSELIA,HOST,HOST_LAKE_RIFT,ACTIVE,READY_TO_SERIALIZE
ROUTE_0748_CRESSELIA,RUNTIME,FIXED_CAPTURE,ACTIVE,READY_TO_INTEGRATE
ROUTE_0749_SHAYMIN,UNLOCK,UNLOCK_HALL_OF_FAME,ACTIVE,special master + exact Kanto host JSON + data-driven event runtime
ROUTE_0749_SHAYMIN,HOST,HOST_LAKE_RIFT,ACTIVE,READY_TO_SERIALIZE
ROUTE_0749_SHAYMIN,RUNTIME,FIXED_CAPTURE,ACTIVE,READY_TO_INTEGRATE
ROUTE_0750_ARCEUS,UNLOCK,UNLOCK_HALL_OF_FAME,ACTIVE,special master + exact Kanto host JSON + data-driven event runtime
ROUTE_0750_ARCEUS,HOST,HOST_LAKE_RIFT,ACTIVE,READY_TO_SERIALIZE
ROUTE_0750_ARCEUS,RUNTIME,FIXED_CAPTURE,ACTIVE,READY_TO_INTEGRATE
ROUTE_0751_VICTINI,UNLOCK,UNLOCK_HALL_OF_FAME,ACTIVE,special master + exact Kanto host JSON + data-driven event runtime
ROUTE_0751_VICTINI,HOST,HOST_LAKE_RIFT,ACTIVE,READY_TO_SERIALIZE
ROUTE_0751_VICTINI,RUNTIME,FIXED_CAPTURE,ACTIVE,READY_TO_INTEGRATE
ROUTE_0752_SNIVY,UNLOCK,UNLOCK_KANTO_EARLY_ACCESS,ACTIVE,analysis/STARTER_LAB_EVENT_STATUS_24.csv + exact Oak lab host JSON
ROUTE_0752_SNIVY,HOST,HOST_STARTER_LAB,ACTIVE,READY_TO_SERIALIZE
ROUTE_0752_SNIVY,RUNTIME,RESEARCH_EGG,ACTIVE,ROM_REACHABLE_VERIFIED_WITH_OPTIONAL_BACKUP
ROUTE_0753_SERVINE,UNLOCK,UNLOCK_EVOLUTION_GLOBAL,ACTIVE,analysis/CURRENT_ACQUISITION_COVERAGE_1231.csv; predecessor canonical id 752; evolution root 0x09F79290
ROUTE_0753_SERVINE,SPECIES,SPECIES_KEY_SNIVY,ACTIVE,analysis/CURRENT_ACQUISITION_COVERAGE_1231.csv; predecessor canonical id 752; evolution root 0x09F79290
ROUTE_0753_SERVINE,RUNTIME,EVOLUTION,ACTIVE,ROM_EVOLUTION_EDGE_VERIFIED_TRIGGER_SUPPLY_AUDIT_REQUIRED
ROUTE_0754_SERPERIOR,UNLOCK,UNLOCK_EVOLUTION_GLOBAL,ACTIVE,analysis/CURRENT_ACQUISITION_COVERAGE_1231.csv; predecessor canonical id 753; evolution root 0x09F79290
ROUTE_0754_SERPERIOR,SPECIES,SPECIES_KEY_SERVINE,ACTIVE,analysis/CURRENT_ACQUISITION_COVERAGE_1231.csv; predecessor canonical id 753; evolution root 0x09F79290
ROUTE_0754_SERPERIOR,RUNTIME,EVOLUTION,ACTIVE,ROM_EVOLUTION_EDGE_VERIFIED_TRIGGER_SUPPLY_AUDIT_REQUIRED
ROUTE_0755_TEPIG,UNLOCK,UNLOCK_KANTO_EARLY_ACCESS,ACTIVE,analysis/STARTER_LAB_EVENT_STATUS_24.csv + exact Oak lab host JSON
ROUTE_0755_TEPIG,HOST,HOST_STARTER_LAB,ACTIVE,READY_TO_SERIALIZE
ROUTE_0755_TEPIG,RUNTIME,RESEARCH_EGG,ACTIVE,ROM_REACHABLE_VERIFIED_WITH_OPTIONAL_BACKUP
ROUTE_0756_PIGNITE,UNLOCK,UNLOCK_EVOLUTION_GLOBAL,ACTIVE,analysis/CURRENT_ACQUISITION_COVERAGE_1231.csv; predecessor canonical id 755; evolution root 0x09F79290
ROUTE_0756_PIGNITE,SPECIES,SPECIES_KEY_TEPIG,ACTIVE,analysis/CURRENT_ACQUISITION_COVERAGE_1231.csv; predecessor canonical id 755; evolution root 0x09F79290
ROUTE_0756_PIGNITE,RUNTIME,EVOLUTION,ACTIVE,ROM_EVOLUTION_EDGE_VERIFIED_TRIGGER_SUPPLY_AUDIT_REQUIRED
ROUTE_0757_EMBOAR,UNLOCK,UNLOCK_EVOLUTION_GLOBAL,ACTIVE,analysis/CURRENT_ACQUISITION_COVERAGE_1231.csv; predecessor canonical id 756; evolution root 0x09F79290
ROUTE_0757_EMBOAR,SPECIES,SPECIES_KEY_PIGNITE,ACTIVE,analysis/CURRENT_ACQUISITION_COVERAGE_1231.csv; predecessor canonical id 756; evolution root 0x09F79290
ROUTE_0757_EMBOAR,RUNTIME,EVOLUTION,ACTIVE,ROM_EVOLUTION_EDGE_VERIFIED_TRIGGER_SUPPLY_AUDIT_REQUIRED
ROUTE_0758_OSHAWOTT,UNLOCK,UNLOCK_KANTO_EARLY_ACCESS,ACTIVE,analysis/STARTER_LAB_EVENT_STATUS_24.csv + exact Oak lab host JSON
ROUTE_0758_OSHAWOTT,HOST,HOST_STARTER_LAB,ACTIVE,READY_TO_SERIALIZE
ROUTE_0758_OSHAWOTT,RUNTIME,RESEARCH_EGG,ACTIVE,ROM_REACHABLE_VERIFIED_WITH_OPTIONAL_BACKUP
ROUTE_0759_DEWOTT,UNLOCK,UNLOCK_EVOLUTION_GLOBAL,ACTIVE,analysis/CURRENT_ACQUISITION_COVERAGE_1231.csv; predecessor canonical id 758; evolution root 0x09F79290
ROUTE_0759_DEWOTT,SPECIES,SPECIES_KEY_OSHAWOTT,ACTIVE,analysis/CURRENT_ACQUISITION_COVERAGE_1231.csv; predecessor canonical id 758; evolution root 0x09F79290
ROUTE_0759_DEWOTT,RUNTIME,EVOLUTION,ACTIVE,ROM_EVOLUTION_EDGE_VERIFIED_TRIGGER_SUPPLY_AUDIT_REQUIRED
ROUTE_0760_SAMUROTT,UNLOCK,UNLOCK_EVOLUTION_GLOBAL,ACTIVE,analysis/CURRENT_ACQUISITION_COVERAGE_1231.csv; predecessor canonical id 759; evolution root 0x09F79290
ROUTE_0760_SAMUROTT,SPECIES,SPECIES_KEY_DEWOTT,ACTIVE,analysis/CURRENT_ACQUISITION_COVERAGE_1231.csv; predecessor canonical id 759; evolution root 0x09F79290
ROUTE_0760_SAMUROTT,RUNTIME,EVOLUTION,ACTIVE,ROM_EVOLUTION_EDGE_VERIFIED_TRIGGER_SUPPLY_AUDIT_REQUIRED
ROUTE_0761_PATRAT,UNLOCK,UNLOCK_EXISTING_MAP_PROGRESSION,ACTIVE,TOHOKU_ECOLOGY:T501:草むらオーバーレイ:Lv2-5
ROUTE_0761_PATRAT,RUNTIME,ECOLOGY_OVERLAY,ACTIVE,ROM_REACHABLE_VERIFIED
ROUTE_0762_WATCHOG,UNLOCK,UNLOCK_EVOLUTION_GLOBAL,ACTIVE,analysis/CURRENT_ACQUISITION_COVERAGE_1231.csv; predecessor canonical id 761; evolution root 0x09F79290
ROUTE_0762_WATCHOG,SPECIES,SPECIES_KEY_PATRAT,ACTIVE,analysis/CURRENT_ACQUISITION_COVERAGE_1231.csv; predecessor canonical id 761; evolution root 0x09F79290
ROUTE_0762_WATCHOG,RUNTIME,EVOLUTION,ACTIVE,ROM_EVOLUTION_EDGE_VERIFIED_TRIGGER_SUPPLY_AUDIT_REQUIRED
ROUTE_0763_LILLIPUP,UNLOCK,UNLOCK_EXISTING_MAP_PROGRESSION,ACTIVE,TOHOKU_ECOLOGY:T503:草むらオーバーレイ:Lv5-9
ROUTE_0763_LILLIPUP,RUNTIME,ECOLOGY_OVERLAY,ACTIVE,ROM_REACHABLE_VERIFIED
ROUTE_0764_HERDIER,UNLOCK,UNLOCK_EVOLUTION_GLOBAL,ACTIVE,analysis/CURRENT_ACQUISITION_COVERAGE_1231.csv; predecessor canonical id 763; evolution root 0x09F79290
ROUTE_0764_HERDIER,SPECIES,SPECIES_KEY_LILLIPUP,ACTIVE,analysis/CURRENT_ACQUISITION_COVERAGE_1231.csv; predecessor canonical id 763; evolution root 0x09F79290
ROUTE_0764_HERDIER,RUNTIME,EVOLUTION,ACTIVE,ROM_EVOLUTION_EDGE_VERIFIED_TRIGGER_SUPPLY_AUDIT_REQUIRED
ROUTE_0765_STOUTLAND,UNLOCK,UNLOCK_EVOLUTION_GLOBAL,ACTIVE,analysis/CURRENT_ACQUISITION_COVERAGE_1231.csv; predecessor canonical id 764; evolution root 0x09F79290
ROUTE_0765_STOUTLAND,SPECIES,SPECIES_KEY_HERDIER,ACTIVE,analysis/CURRENT_ACQUISITION_COVERAGE_1231.csv; predecessor canonical id 764; evolution root 0x09F79290
ROUTE_0765_STOUTLAND,RUNTIME,EVOLUTION,ACTIVE,ROM_EVOLUTION_EDGE_VERIFIED_TRIGGER_SUPPLY_AUDIT_REQUIRED
ROUTE_0766_PURRLOIN,UNLOCK,UNLOCK_EXISTING_MAP_PROGRESSION,ACTIVE,TOHOKU_ECOLOGY:T035:夜間オーバーレイ:Lv44-57
ROUTE_0766_PURRLOIN,RUNTIME,ECOLOGY_OVERLAY,ACTIVE,ROM_REACHABLE_VERIFIED
ROUTE_0767_LIEPARD,UNLOCK,UNLOCK_EVOLUTION_GLOBAL,ACTIVE,analysis/CURRENT_ACQUISITION_COVERAGE_1231.csv; predecessor canonical id 766; evolution root 0x09F79290
ROUTE_0767_LIEPARD,SPECIES,SPECIES_KEY_PURRLOIN,ACTIVE,analysis/CURRENT_ACQUISITION_COVERAGE_1231.csv; predecessor canonical id 766; evolution root 0x09F79290
ROUTE_0767_LIEPARD,RUNTIME,EVOLUTION,ACTIVE,ROM_EVOLUTION_EDGE_VERIFIED_TRIGGER_SUPPLY_AUDIT_REQUIRED
ROUTE_0768_PANSAGE,UNLOCK,UNLOCK_EXISTING_MAP_PROGRESSION,ACTIVE,TOHOKU_ECOLOGY:T517:草むらオーバーレイ:Lv38-45
ROUTE_0768_PANSAGE,RUNTIME,ECOLOGY_OVERLAY,ACTIVE,ROM_REACHABLE_VERIFIED
ROUTE_0769_SIMISAGE,UNLOCK,UNLOCK_EVOLUTION_GLOBAL,ACTIVE,analysis/CURRENT_ACQUISITION_COVERAGE_1231.csv; predecessor canonical id 768; evolution root 0x09F79290
ROUTE_0769_SIMISAGE,SPECIES,SPECIES_KEY_PANSAGE,ACTIVE,analysis/CURRENT_ACQUISITION_COVERAGE_1231.csv; predecessor canonical id 768; evolution root 0x09F79290
ROUTE_0769_SIMISAGE,RUNTIME,EVOLUTION,ACTIVE,ROM_EVOLUTION_EDGE_VERIFIED_TRIGGER_SUPPLY_AUDIT_REQUIRED
ROUTE_0770_PANSEAR,UNLOCK,UNLOCK_EXISTING_MAP_PROGRESSION,ACTIVE,TOHOKU_ECOLOGY:T521:草むらオーバーレイ:Lv45-52
ROUTE_0770_PANSEAR,RUNTIME,ECOLOGY_OVERLAY,ACTIVE,ROM_REACHABLE_VERIFIED
ROUTE_0771_SIMISEAR,UNLOCK,UNLOCK_EVOLUTION_GLOBAL,ACTIVE,analysis/CURRENT_ACQUISITION_COVERAGE_1231.csv; predecessor canonical id 770; evolution root 0x09F79290
ROUTE_0771_SIMISEAR,SPECIES,SPECIES_KEY_PANSEAR,ACTIVE,analysis/CURRENT_ACQUISITION_COVERAGE_1231.csv; predecessor canonical id 770; evolution root 0x09F79290
ROUTE_0771_SIMISEAR,RUNTIME,EVOLUTION,ACTIVE,ROM_EVOLUTION_EDGE_VERIFIED_TRIGGER_SUPPLY_AUDIT_REQUIRED
ROUTE_0772_PANPOUR,UNLOCK,UNLOCK_EXISTING_MAP_PROGRESSION,ACTIVE,TOHOKU_ECOLOGY:T510:釣りオーバーレイ:Lv24-30
ROUTE_0772_PANPOUR,RUNTIME,ECOLOGY_OVERLAY,ACTIVE,ROM_REACHABLE_VERIFIED
ROUTE_0773_SIMIPOUR,UNLOCK,UNLOCK_EVOLUTION_GLOBAL,ACTIVE,analysis/CURRENT_ACQUISITION_COVERAGE_1231.csv; predecessor canonical id 772; evolution root 0x09F79290
ROUTE_0773_SIMIPOUR,SPECIES,SPECIES_KEY_PANPOUR,ACTIVE,analysis/CURRENT_ACQUISITION_COVERAGE_1231.csv; predecessor canonical id 772; evolution root 0x09F79290
ROUTE_0773_SIMIPOUR,RUNTIME,EVOLUTION,ACTIVE,ROM_EVOLUTION_EDGE_VERIFIED_TRIGGER_SUPPLY_AUDIT_REQUIRED
ROUTE_0774_MUNNA,UNLOCK,UNLOCK_EXISTING_MAP_PROGRESSION,ACTIVE,TOHOKU_ECOLOGY:T025:洞窟・屋内オーバーレイ:Lv8-13
ROUTE_0774_MUNNA,RUNTIME,ECOLOGY_OVERLAY,ACTIVE,ROM_REACHABLE_VERIFIED
ROUTE_0775_MUSHARNA,UNLOCK,UNLOCK_EVOLUTION_GLOBAL,ACTIVE,analysis/CURRENT_ACQUISITION_COVERAGE_1231.csv; predecessor canonical id 774; evolution root 0x09F79290
ROUTE_0775_MUSHARNA,SPECIES,SPECIES_KEY_MUNNA,ACTIVE,analysis/CURRENT_ACQUISITION_COVERAGE_1231.csv; predecessor canonical id 774; evolution root 0x09F79290
ROUTE_0775_MUSHARNA,RUNTIME,EVOLUTION,ACTIVE,ROM_EVOLUTION_EDGE_VERIFIED_TRIGGER_SUPPLY_AUDIT_REQUIRED
ROUTE_0776_PIDOVE,UNLOCK,UNLOCK_EXISTING_MAP_PROGRESSION,ACTIVE,TOHOKU_ECOLOGY:T501:草むらオーバーレイ:Lv2-5
ROUTE_0776_PIDOVE,RUNTIME,ECOLOGY_OVERLAY,ACTIVE,ROM_REACHABLE_VERIFIED
ROUTE_0777_TRANQUILL,UNLOCK,UNLOCK_EVOLUTION_GLOBAL,ACTIVE,analysis/CURRENT_ACQUISITION_COVERAGE_1231.csv; predecessor canonical id 776; evolution root 0x09F79290
ROUTE_0777_TRANQUILL,SPECIES,SPECIES_KEY_PIDOVE,ACTIVE,analysis/CURRENT_ACQUISITION_COVERAGE_1231.csv; predecessor canonical id 776; evolution root 0x09F79290
ROUTE_0777_TRANQUILL,RUNTIME,EVOLUTION,ACTIVE,ROM_EVOLUTION_EDGE_VERIFIED_TRIGGER_SUPPLY_AUDIT_REQUIRED
ROUTE_0778_UNFEZANT,UNLOCK,UNLOCK_EVOLUTION_GLOBAL,ACTIVE,analysis/CURRENT_ACQUISITION_COVERAGE_1231.csv; predecessor canonical id 777; evolution root 0x09F79290
ROUTE_0778_UNFEZANT,SPECIES,SPECIES_KEY_TRANQUILL,ACTIVE,analysis/CURRENT_ACQUISITION_COVERAGE_1231.csv; predecessor canonical id 777; evolution root 0x09F79290
ROUTE_0778_UNFEZANT,RUNTIME,EVOLUTION,ACTIVE,ROM_EVOLUTION_EDGE_VERIFIED_TRIGGER_SUPPLY_AUDIT_REQUIRED
ROUTE_0779_BLITZLE,UNLOCK,UNLOCK_EXISTING_MAP_PROGRESSION,ACTIVE,TOHOKU_ECOLOGY:T029:草むらオーバーレイ:Lv30-40
ROUTE_0779_BLITZLE,RUNTIME,ECOLOGY_OVERLAY,ACTIVE,ROM_REACHABLE_VERIFIED
ROUTE_0780_ZEBSTRIKA,UNLOCK,UNLOCK_EVOLUTION_GLOBAL,ACTIVE,analysis/CURRENT_ACQUISITION_COVERAGE_1231.csv; predecessor canonical id 779; evolution root 0x09F79290
ROUTE_0780_ZEBSTRIKA,SPECIES,SPECIES_KEY_BLITZLE,ACTIVE,analysis/CURRENT_ACQUISITION_COVERAGE_1231.csv; predecessor canonical id 779; evolution root 0x09F79290
ROUTE_0780_ZEBSTRIKA,RUNTIME,EVOLUTION,ACTIVE,ROM_EVOLUTION_EDGE_VERIFIED_TRIGGER_SUPPLY_AUDIT_REQUIRED
ROUTE_0781_ROGGENROLA,UNLOCK,UNLOCK_EXISTING_MAP_PROGRESSION,ACTIVE,TOHOKU_ECOLOGY:T031:いわくだき／DexNav:Lv36-46
ROUTE_0781_ROGGENROLA,RUNTIME,ECOLOGY_OVERLAY,ACTIVE,ROM_REACHABLE_VERIFIED
ROUTE_0782_BOLDORE,UNLOCK,UNLOCK_EVOLUTION_GLOBAL,ACTIVE,analysis/CURRENT_ACQUISITION_COVERAGE_1231.csv; predecessor canonical id 781; evolution root 0x09F79290
ROUTE_0782_BOLDORE,SPECIES,SPECIES_KEY_ROGGENROLA,ACTIVE,analysis/CURRENT_ACQUISITION_COVERAGE_1231.csv; predecessor canonical id 781; evolution root 0x09F79290
ROUTE_0782_BOLDORE,RUNTIME,EVOLUTION,ACTIVE,ROM_EVOLUTION_EDGE_VERIFIED_TRIGGER_SUPPLY_AUDIT_REQUIRED
ROUTE_0783_GIGALITH,UNLOCK,UNLOCK_EVOLUTION_GLOBAL,ACTIVE,analysis/CURRENT_ACQUISITION_COVERAGE_1231.csv; predecessor canonical id 782; evolution root 0x09F79290
ROUTE_0783_GIGALITH,SPECIES,SPECIES_KEY_BOLDORE,ACTIVE,analysis/CURRENT_ACQUISITION_COVERAGE_1231.csv; predecessor canonical id 782; evolution root 0x09F79290
ROUTE_0783_GIGALITH,RUNTIME,EVOLUTION,ACTIVE,ROM_EVOLUTION_EDGE_VERIFIED_TRIGGER_SUPPLY_AUDIT_REQUIRED
ROUTE_0784_WOOBAT,UNLOCK,UNLOCK_EXISTING_MAP_PROGRESSION,ACTIVE,TOHOKU_ECOLOGY:T505:大量発生:Lv10-14
ROUTE_0784_WOOBAT,RUNTIME,ECOLOGY_OVERLAY,ACTIVE,ROM_REACHABLE_VERIFIED
ROUTE_0785_SWOOBAT,UNLOCK,UNLOCK_EVOLUTION_GLOBAL,ACTIVE,analysis/CURRENT_ACQUISITION_COVERAGE_1231.csv; predecessor canonical id 784; evolution root 0x09F79290
ROUTE_0785_SWOOBAT,SPECIES,SPECIES_KEY_WOOBAT,ACTIVE,analysis/CURRENT_ACQUISITION_COVERAGE_1231.csv; predecessor canonical id 784; evolution root 0x09F79290
ROUTE_0785_SWOOBAT,RUNTIME,EVOLUTION,ACTIVE,ROM_EVOLUTION_EDGE_VERIFIED_TRIGGER_SUPPLY_AUDIT_REQUIRED
ROUTE_0786_DRILBUR,UNLOCK,UNLOCK_EXISTING_MAP_PROGRESSION,ACTIVE,TOHOKU_ECOLOGY:T024:いわくだき／DexNav:Lv6-9
ROUTE_0786_DRILBUR,RUNTIME,ECOLOGY_OVERLAY,ACTIVE,ROM_REACHABLE_VERIFIED
ROUTE_0787_EXCADRILL,UNLOCK,UNLOCK_EVOLUTION_GLOBAL,ACTIVE,analysis/CURRENT_ACQUISITION_COVERAGE_1231.csv; predecessor canonical id 786; evolution root 0x09F79290
ROUTE_0787_EXCADRILL,SPECIES,SPECIES_KEY_DRILBUR,ACTIVE,analysis/CURRENT_ACQUISITION_COVERAGE_1231.csv; predecessor canonical id 786; evolution root 0x09F79290
ROUTE_0787_EXCADRILL,RUNTIME,EVOLUTION,ACTIVE,ROM_EVOLUTION_EDGE_VERIFIED_TRIGGER_SUPPLY_AUDIT_REQUIRED
ROUTE_0788_AUDINO,UNLOCK,UNLOCK_EXISTING_MAP_PROGRESSION,ACTIVE,TOHOKU_ECOLOGY:T504:草むらオーバーレイ:Lv9-13
ROUTE_0788_AUDINO,RUNTIME,ECOLOGY_OVERLAY,ACTIVE,ROM_REACHABLE_VERIFIED
ROUTE_0789_TIMBURR,UNLOCK,UNLOCK_EXISTING_MAP_PROGRESSION,ACTIVE,TOHOKU_ECOLOGY:T514:草むらオーバーレイ:Lv31-38
ROUTE_0789_TIMBURR,RUNTIME,ECOLOGY_OVERLAY,ACTIVE,ROM_REACHABLE_VERIFIED
ROUTE_0790_GURDURR,UNLOCK,UNLOCK_EVOLUTION_GLOBAL,ACTIVE,analysis/CURRENT_ACQUISITION_COVERAGE_1231.csv; predecessor canonical id 789; evolution root 0x09F79290
ROUTE_0790_GURDURR,SPECIES,SPECIES_KEY_TIMBURR,ACTIVE,analysis/CURRENT_ACQUISITION_COVERAGE_1231.csv; predecessor canonical id 789; evolution root 0x09F79290
ROUTE_0790_GURDURR,RUNTIME,EVOLUTION,ACTIVE,ROM_EVOLUTION_EDGE_VERIFIED_TRIGGER_SUPPLY_AUDIT_REQUIRED
ROUTE_0791_CONKELDURR,UNLOCK,UNLOCK_EVOLUTION_GLOBAL,ACTIVE,analysis/CURRENT_ACQUISITION_COVERAGE_1231.csv; predecessor canonical id 790; evolution root 0x09F79290
ROUTE_0791_CONKELDURR,SPECIES,SPECIES_KEY_GURDURR,ACTIVE,analysis/CURRENT_ACQUISITION_COVERAGE_1231.csv; predecessor canonical id 790; evolution root 0x09F79290
ROUTE_0791_CONKELDURR,RUNTIME,EVOLUTION,ACTIVE,ROM_EVOLUTION_EDGE_VERIFIED_TRIGGER_SUPPLY_AUDIT_REQUIRED
ROUTE_0792_TYMPOLE,UNLOCK,UNLOCK_EXISTING_MAP_PROGRESSION,ACTIVE,TOHOKU_ECOLOGY:T027:釣りオーバーレイ:Lv20-30
ROUTE_0792_TYMPOLE,RUNTIME,ECOLOGY_OVERLAY,ACTIVE,ROM_REACHABLE_VERIFIED
ROUTE_0793_PALPITOAD,UNLOCK,UNLOCK_EVOLUTION_GLOBAL,ACTIVE,analysis/CURRENT_ACQUISITION_COVERAGE_1231.csv; predecessor canonical id 792; evolution root 0x09F79290
ROUTE_0793_PALPITOAD,SPECIES,SPECIES_KEY_TYMPOLE,ACTIVE,analysis/CURRENT_ACQUISITION_COVERAGE_1231.csv; predecessor canonical id 792; evolution root 0x09F79290
ROUTE_0793_PALPITOAD,RUNTIME,EVOLUTION,ACTIVE,ROM_EVOLUTION_EDGE_VERIFIED_TRIGGER_SUPPLY_AUDIT_REQUIRED
ROUTE_0794_SEISMITOAD,UNLOCK,UNLOCK_EVOLUTION_GLOBAL,ACTIVE,analysis/CURRENT_ACQUISITION_COVERAGE_1231.csv; predecessor canonical id 793; evolution root 0x09F79290
ROUTE_0794_SEISMITOAD,SPECIES,SPECIES_KEY_PALPITOAD,ACTIVE,analysis/CURRENT_ACQUISITION_COVERAGE_1231.csv; predecessor canonical id 793; evolution root 0x09F79290
ROUTE_0794_SEISMITOAD,RUNTIME,EVOLUTION,ACTIVE,ROM_EVOLUTION_EDGE_VERIFIED_TRIGGER_SUPPLY_AUDIT_REQUIRED
ROUTE_0795_THROH,UNLOCK,UNLOCK_EXISTING_MAP_PROGRESSION,ACTIVE,TOHOKU_ECOLOGY:T042:洞窟・屋内オーバーレイ:Lv58-66
ROUTE_0795_THROH,RUNTIME,ECOLOGY_OVERLAY,ACTIVE,ROM_REACHABLE_VERIFIED
ROUTE_0796_SAWK,UNLOCK,UNLOCK_EXISTING_MAP_PROGRESSION,ACTIVE,TOHOKU_ECOLOGY:T042:洞窟・屋内オーバーレイ:Lv58-66
ROUTE_0796_SAWK,RUNTIME,ECOLOGY_OVERLAY,ACTIVE,ROM_REACHABLE_VERIFIED
ROUTE_0797_SEWADDLE,UNLOCK,UNLOCK_EXISTING_MAP_PROGRESSION,ACTIVE,TOHOKU_ECOLOGY:T036:ずつき／朝昼オーバーレイ:Lv38-48
ROUTE_0797_SEWADDLE,RUNTIME,ECOLOGY_OVERLAY,ACTIVE,ROM_REACHABLE_VERIFIED
ROUTE_0798_SWADLOON,UNLOCK,UNLOCK_EVOLUTION_GLOBAL,ACTIVE,analysis/CURRENT_ACQUISITION_COVERAGE_1231.csv; predecessor canonical id 797; evolution root 0x09F79290
ROUTE_0798_SWADLOON,SPECIES,SPECIES_KEY_SEWADDLE,ACTIVE,analysis/CURRENT_ACQUISITION_COVERAGE_1231.csv; predecessor canonical id 797; evolution root 0x09F79290
ROUTE_0798_SWADLOON,RUNTIME,EVOLUTION,ACTIVE,ROM_EVOLUTION_EDGE_VERIFIED_TRIGGER_SUPPLY_AUDIT_REQUIRED
ROUTE_0799_LEAVANNY,UNLOCK,UNLOCK_EVOLUTION_GLOBAL,ACTIVE,analysis/CURRENT_ACQUISITION_COVERAGE_1231.csv; predecessor canonical id 798; evolution root 0x09F79290
ROUTE_0799_LEAVANNY,SPECIES,SPECIES_KEY_SWADLOON,ACTIVE,analysis/CURRENT_ACQUISITION_COVERAGE_1231.csv; predecessor canonical id 798; evolution root 0x09F79290
ROUTE_0799_LEAVANNY,RUNTIME,EVOLUTION,ACTIVE,ROM_EVOLUTION_EDGE_VERIFIED_TRIGGER_SUPPLY_AUDIT_REQUIRED
ROUTE_0800_VENIPEDE,UNLOCK,UNLOCK_EXISTING_MAP_PROGRESSION,ACTIVE,TOHOKU_ECOLOGY:T504:草むらオーバーレイ:Lv9-13
ROUTE_0800_VENIPEDE,RUNTIME,ECOLOGY_OVERLAY,ACTIVE,ROM_REACHABLE_VERIFIED
ROUTE_0801_WHIRLIPEDE,UNLOCK,UNLOCK_EVOLUTION_GLOBAL,ACTIVE,analysis/CURRENT_ACQUISITION_COVERAGE_1231.csv; predecessor canonical id 800; evolution root 0x09F79290
ROUTE_0801_WHIRLIPEDE,SPECIES,SPECIES_KEY_VENIPEDE,ACTIVE,analysis/CURRENT_ACQUISITION_COVERAGE_1231.csv; predecessor canonical id 800; evolution root 0x09F79290
ROUTE_0801_WHIRLIPEDE,RUNTIME,EVOLUTION,ACTIVE,ROM_EVOLUTION_EDGE_VERIFIED_TRIGGER_SUPPLY_AUDIT_REQUIRED
ROUTE_0802_SCOLIPEDE,UNLOCK,UNLOCK_EVOLUTION_GLOBAL,ACTIVE,analysis/CURRENT_ACQUISITION_COVERAGE_1231.csv; predecessor canonical id 801; evolution root 0x09F79290
ROUTE_0802_SCOLIPEDE,SPECIES,SPECIES_KEY_WHIRLIPEDE,ACTIVE,analysis/CURRENT_ACQUISITION_COVERAGE_1231.csv; predecessor canonical id 801; evolution root 0x09F79290
ROUTE_0802_SCOLIPEDE,RUNTIME,EVOLUTION,ACTIVE,ROM_EVOLUTION_EDGE_VERIFIED_TRIGGER_SUPPLY_AUDIT_REQUIRED
ROUTE_0803_COTTONEE,UNLOCK,UNLOCK_EXISTING_MAP_PROGRESSION,ACTIVE,TOHOKU_ECOLOGY:T502:ずつき／朝昼オーバーレイ:Lv3-6
ROUTE_0803_COTTONEE,RUNTIME,ECOLOGY_OVERLAY,ACTIVE,ROM_REACHABLE_VERIFIED
ROUTE_0804_WHIMSICOTT,UNLOCK,UNLOCK_EVOLUTION_GLOBAL,ACTIVE,analysis/CURRENT_ACQUISITION_COVERAGE_1231.csv; predecessor canonical id 803; evolution root 0x09F79290
ROUTE_0804_WHIMSICOTT,SPECIES,SPECIES_KEY_COTTONEE,ACTIVE,analysis/CURRENT_ACQUISITION_COVERAGE_1231.csv; predecessor canonical id 803; evolution root 0x09F79290
ROUTE_0804_WHIMSICOTT,RUNTIME,EVOLUTION,ACTIVE,ROM_EVOLUTION_EDGE_VERIFIED_TRIGGER_SUPPLY_AUDIT_REQUIRED
ROUTE_0805_BASCULIN_RED,UNLOCK,UNLOCK_EXISTING_MAP_PROGRESSION,ACTIVE,TOHOKU_ECOLOGY:T513:水上／釣りオーバーレイ+釣りオーバーレイ:Lv28-35
ROUTE_0805_BASCULIN_RED,RUNTIME,ECOLOGY_OVERLAY,ACTIVE,ROM_REACHABLE_VERIFIED
ROUTE_0806_DARUMAKA,UNLOCK,UNLOCK_EXISTING_MAP_PROGRESSION,ACTIVE,TOHOKU_ECOLOGY:T521:草むらオーバーレイ:Lv45-52
ROUTE_0806_DARUMAKA,RUNTIME,ECOLOGY_OVERLAY,ACTIVE,ROM_REACHABLE_VERIFIED
ROUTE_0807_DARMANITAN,UNLOCK,UNLOCK_EVOLUTION_GLOBAL,ACTIVE,analysis/CURRENT_ACQUISITION_COVERAGE_1231.csv; predecessor canonical id 806; evolution root 0x09F79290
ROUTE_0807_DARMANITAN,SPECIES,SPECIES_KEY_DARUMAKA,ACTIVE,analysis/CURRENT_ACQUISITION_COVERAGE_1231.csv; predecessor canonical id 806; evolution root 0x09F79290
ROUTE_0807_DARMANITAN,RUNTIME,EVOLUTION,ACTIVE,ROM_EVOLUTION_EDGE_VERIFIED_TRIGGER_SUPPLY_AUDIT_REQUIRED
ROUTE_0808_MARACTUS,UNLOCK,UNLOCK_EXISTING_MAP_PROGRESSION,ACTIVE,TOHOKU_ECOLOGY:T026:ずつき／朝昼オーバーレイ:Lv38-48
ROUTE_0808_MARACTUS,RUNTIME,ECOLOGY_OVERLAY,ACTIVE,ROM_REACHABLE_VERIFIED
ROUTE_0809_SIGILYPH,UNLOCK,UNLOCK_EXISTING_MAP_PROGRESSION,ACTIVE,TOHOKU_ECOLOGY:T505:大量発生:Lv10-14
ROUTE_0809_SIGILYPH,RUNTIME,ECOLOGY_OVERLAY,ACTIVE,ROM_REACHABLE_VERIFIED
ROUTE_0810_YAMASK,UNLOCK,UNLOCK_EXISTING_MAP_PROGRESSION,ACTIVE,TOHOKU_ECOLOGY:T515:夜間オーバーレイ:Lv33-40
ROUTE_0810_YAMASK,RUNTIME,ECOLOGY_OVERLAY,ACTIVE,ROM_REACHABLE_VERIFIED
ROUTE_0811_COFAGRIGUS,UNLOCK,UNLOCK_EVOLUTION_GLOBAL,ACTIVE,analysis/CURRENT_ACQUISITION_COVERAGE_1231.csv; predecessor canonical id 810; evolution root 0x09F79290
ROUTE_0811_COFAGRIGUS,SPECIES,SPECIES_KEY_YAMASK,ACTIVE,analysis/CURRENT_ACQUISITION_COVERAGE_1231.csv; predecessor canonical id 810; evolution root 0x09F79290
ROUTE_0811_COFAGRIGUS,RUNTIME,EVOLUTION,ACTIVE,ROM_EVOLUTION_EDGE_VERIFIED_TRIGGER_SUPPLY_AUDIT_REQUIRED
ROUTE_0812_TIRTOUGA,UNLOCK,UNLOCK_EXISTING_MAP_PROGRESSION,ACTIVE,ROM_WILD:96/2:K44:FISHING:Lv68-68
ROUTE_0812_TIRTOUGA,RUNTIME,WILD_TABLE,ACTIVE,ROM_REACHABLE_VERIFIED
ROUTE_0813_CARRACOSTA,UNLOCK,UNLOCK_EVOLUTION_GLOBAL,ACTIVE,analysis/CURRENT_ACQUISITION_COVERAGE_1231.csv; predecessor canonical id 812; evolution root 0x09F79290
ROUTE_0813_CARRACOSTA,SPECIES,SPECIES_KEY_TIRTOUGA,ACTIVE,analysis/CURRENT_ACQUISITION_COVERAGE_1231.csv; predecessor canonical id 812; evolution root 0x09F79290
ROUTE_0813_CARRACOSTA,RUNTIME,EVOLUTION,ACTIVE,ROM_EVOLUTION_EDGE_VERIFIED_TRIGGER_SUPPLY_AUDIT_REQUIRED
ROUTE_0814_ARCHEN,UNLOCK,UNLOCK_EXISTING_MAP_PROGRESSION,ACTIVE,ROM_WILD:96/2:K44:FISHING:Lv68-68
ROUTE_0814_ARCHEN,RUNTIME,WILD_TABLE,ACTIVE,ROM_REACHABLE_VERIFIED
ROUTE_0815_ARCHEOPS,UNLOCK,UNLOCK_EVOLUTION_GLOBAL,ACTIVE,analysis/CURRENT_ACQUISITION_COVERAGE_1231.csv; predecessor canonical id 814; evolution root 0x09F79290
ROUTE_0815_ARCHEOPS,SPECIES,SPECIES_KEY_ARCHEN,ACTIVE,analysis/CURRENT_ACQUISITION_COVERAGE_1231.csv; predecessor canonical id 814; evolution root 0x09F79290
ROUTE_0815_ARCHEOPS,RUNTIME,EVOLUTION,ACTIVE,ROM_EVOLUTION_EDGE_VERIFIED_TRIGGER_SUPPLY_AUDIT_REQUIRED
ROUTE_0816_TRUBBISH,UNLOCK,UNLOCK_EXISTING_MAP_PROGRESSION,ACTIVE,TOHOKU_ECOLOGY:T035:洞窟・屋内オーバーレイ:Lv44-57
ROUTE_0816_TRUBBISH,RUNTIME,ECOLOGY_OVERLAY,ACTIVE,ROM_REACHABLE_VERIFIED
ROUTE_0817_GARBODOR,UNLOCK,UNLOCK_EVOLUTION_GLOBAL,ACTIVE,analysis/CURRENT_ACQUISITION_COVERAGE_1231.csv; predecessor canonical id 816; evolution root 0x09F79290
ROUTE_0817_GARBODOR,SPECIES,SPECIES_KEY_TRUBBISH,ACTIVE,analysis/CURRENT_ACQUISITION_COVERAGE_1231.csv; predecessor canonical id 816; evolution root 0x09F79290
ROUTE_0817_GARBODOR,RUNTIME,EVOLUTION,ACTIVE,ROM_EVOLUTION_EDGE_VERIFIED_TRIGGER_SUPPLY_AUDIT_REQUIRED
ROUTE_0818_ZORUA,UNLOCK,UNLOCK_EXISTING_MAP_PROGRESSION,ACTIVE,TOHOKU_ECOLOGY:T032:夜間オーバーレイ:Lv44-54
ROUTE_0818_ZORUA,RUNTIME,ECOLOGY_OVERLAY,ACTIVE,ROM_REACHABLE_VERIFIED
ROUTE_0819_ZOROARK,UNLOCK,UNLOCK_EVOLUTION_GLOBAL,ACTIVE,analysis/CURRENT_ACQUISITION_COVERAGE_1231.csv; predecessor canonical id 818; evolution root 0x09F79290
ROUTE_0819_ZOROARK,SPECIES,SPECIES_KEY_ZORUA,ACTIVE,analysis/CURRENT_ACQUISITION_COVERAGE_1231.csv; predecessor canonical id 818; evolution root 0x09F79290
ROUTE_0819_ZOROARK,RUNTIME,EVOLUTION,ACTIVE,ROM_EVOLUTION_EDGE_VERIFIED_TRIGGER_SUPPLY_AUDIT_REQUIRED
ROUTE_0820_MINCCINO,UNLOCK,UNLOCK_EXISTING_MAP_PROGRESSION,ACTIVE,TOHOKU_ECOLOGY:T503:草むらオーバーレイ:Lv5-9
ROUTE_0820_MINCCINO,RUNTIME,ECOLOGY_OVERLAY,ACTIVE,ROM_REACHABLE_VERIFIED
ROUTE_0821_CINCCINO,UNLOCK,UNLOCK_EVOLUTION_GLOBAL,ACTIVE,analysis/CURRENT_ACQUISITION_COVERAGE_1231.csv; predecessor canonical id 820; evolution root 0x09F79290
ROUTE_0821_CINCCINO,SPECIES,SPECIES_KEY_MINCCINO,ACTIVE,analysis/CURRENT_ACQUISITION_COVERAGE_1231.csv; predecessor canonical id 820; evolution root 0x09F79290
ROUTE_0821_CINCCINO,RUNTIME,EVOLUTION,ACTIVE,ROM_EVOLUTION_EDGE_VERIFIED_TRIGGER_SUPPLY_AUDIT_REQUIRED
ROUTE_0822_GOTHITA,UNLOCK,UNLOCK_EXISTING_MAP_PROGRESSION,ACTIVE,TOHOKU_ECOLOGY:T040:草むらオーバーレイ:Lv50-60
ROUTE_0822_GOTHITA,RUNTIME,ECOLOGY_OVERLAY,ACTIVE,ROM_REACHABLE_VERIFIED
ROUTE_0823_GOTHORITA,UNLOCK,UNLOCK_EVOLUTION_GLOBAL,ACTIVE,analysis/CURRENT_ACQUISITION_COVERAGE_1231.csv; predecessor canonical id 822; evolution root 0x09F79290
ROUTE_0823_GOTHORITA,SPECIES,SPECIES_KEY_GOTHITA,ACTIVE,analysis/CURRENT_ACQUISITION_COVERAGE_1231.csv; predecessor canonical id 822; evolution root 0x09F79290
ROUTE_0823_GOTHORITA,RUNTIME,EVOLUTION,ACTIVE,ROM_EVOLUTION_EDGE_VERIFIED_TRIGGER_SUPPLY_AUDIT_REQUIRED
ROUTE_0824_GOTHITELLE,UNLOCK,UNLOCK_EVOLUTION_GLOBAL,ACTIVE,analysis/CURRENT_ACQUISITION_COVERAGE_1231.csv; predecessor canonical id 823; evolution root 0x09F79290
ROUTE_0824_GOTHITELLE,SPECIES,SPECIES_KEY_GOTHORITA,ACTIVE,analysis/CURRENT_ACQUISITION_COVERAGE_1231.csv; predecessor canonical id 823; evolution root 0x09F79290
ROUTE_0824_GOTHITELLE,RUNTIME,EVOLUTION,ACTIVE,ROM_EVOLUTION_EDGE_VERIFIED_TRIGGER_SUPPLY_AUDIT_REQUIRED
ROUTE_0825_SOLOSIS,UNLOCK,UNLOCK_EXISTING_MAP_PROGRESSION,ACTIVE,TOHOKU_ECOLOGY:T025:洞窟・屋内オーバーレイ:Lv8-13
ROUTE_0825_SOLOSIS,RUNTIME,ECOLOGY_OVERLAY,ACTIVE,ROM_REACHABLE_VERIFIED
ROUTE_0826_DUOSION,UNLOCK,UNLOCK_EVOLUTION_GLOBAL,ACTIVE,analysis/CURRENT_ACQUISITION_COVERAGE_1231.csv; predecessor canonical id 825; evolution root 0x09F79290
ROUTE_0826_DUOSION,SPECIES,SPECIES_KEY_SOLOSIS,ACTIVE,analysis/CURRENT_ACQUISITION_COVERAGE_1231.csv; predecessor canonical id 825; evolution root 0x09F79290
ROUTE_0826_DUOSION,RUNTIME,EVOLUTION,ACTIVE,ROM_EVOLUTION_EDGE_VERIFIED_TRIGGER_SUPPLY_AUDIT_REQUIRED
ROUTE_0827_REUNICLUS,UNLOCK,UNLOCK_EVOLUTION_GLOBAL,ACTIVE,analysis/CURRENT_ACQUISITION_COVERAGE_1231.csv; predecessor canonical id 826; evolution root 0x09F79290
ROUTE_0827_REUNICLUS,SPECIES,SPECIES_KEY_DUOSION,ACTIVE,analysis/CURRENT_ACQUISITION_COVERAGE_1231.csv; predecessor canonical id 826; evolution root 0x09F79290
ROUTE_0827_REUNICLUS,RUNTIME,EVOLUTION,ACTIVE,ROM_EVOLUTION_EDGE_VERIFIED_TRIGGER_SUPPLY_AUDIT_REQUIRED
ROUTE_0828_DUCKLETT,UNLOCK,UNLOCK_EXISTING_MAP_PROGRESSION,ACTIVE,TOHOKU_ECOLOGY:T509:釣りオーバーレイ:Lv21-27
ROUTE_0828_DUCKLETT,RUNTIME,ECOLOGY_OVERLAY,ACTIVE,ROM_REACHABLE_VERIFIED
ROUTE_0829_SWANNA,UNLOCK,UNLOCK_EVOLUTION_GLOBAL,ACTIVE,analysis/CURRENT_ACQUISITION_COVERAGE_1231.csv; predecessor canonical id 828; evolution root 0x09F79290
ROUTE_0829_SWANNA,SPECIES,SPECIES_KEY_DUCKLETT,ACTIVE,analysis/CURRENT_ACQUISITION_COVERAGE_1231.csv; predecessor canonical id 828; evolution root 0x09F79290
ROUTE_0829_SWANNA,RUNTIME,EVOLUTION,ACTIVE,ROM_EVOLUTION_EDGE_VERIFIED_TRIGGER_SUPPLY_AUDIT_REQUIRED
ROUTE_0830_VANILLITE,UNLOCK,UNLOCK_EXISTING_MAP_PROGRESSION,ACTIVE,TOHOKU_ECOLOGY:T030:洞窟・屋内オーバーレイ:Lv30-40
ROUTE_0830_VANILLITE,RUNTIME,ECOLOGY_OVERLAY,ACTIVE,ROM_REACHABLE_VERIFIED
ROUTE_0831_VANILLISH,UNLOCK,UNLOCK_EVOLUTION_GLOBAL,ACTIVE,analysis/CURRENT_ACQUISITION_COVERAGE_1231.csv; predecessor canonical id 830; evolution root 0x09F79290
ROUTE_0831_VANILLISH,SPECIES,SPECIES_KEY_VANILLITE,ACTIVE,analysis/CURRENT_ACQUISITION_COVERAGE_1231.csv; predecessor canonical id 830; evolution root 0x09F79290
ROUTE_0831_VANILLISH,RUNTIME,EVOLUTION,ACTIVE,ROM_EVOLUTION_EDGE_VERIFIED_TRIGGER_SUPPLY_AUDIT_REQUIRED
ROUTE_0832_VANILLUXE,UNLOCK,UNLOCK_EVOLUTION_GLOBAL,ACTIVE,analysis/CURRENT_ACQUISITION_COVERAGE_1231.csv; predecessor canonical id 831; evolution root 0x09F79290
ROUTE_0832_VANILLUXE,SPECIES,SPECIES_KEY_VANILLISH,ACTIVE,analysis/CURRENT_ACQUISITION_COVERAGE_1231.csv; predecessor canonical id 831; evolution root 0x09F79290
ROUTE_0832_VANILLUXE,RUNTIME,EVOLUTION,ACTIVE,ROM_EVOLUTION_EDGE_VERIFIED_TRIGGER_SUPPLY_AUDIT_REQUIRED
ROUTE_0833_DEERLING,UNLOCK,UNLOCK_EXISTING_MAP_PROGRESSION,ACTIVE,TOHOKU_ECOLOGY:T517:草むらオーバーレイ:Lv38-45
ROUTE_0833_DEERLING,RUNTIME,ECOLOGY_OVERLAY,ACTIVE,ROM_REACHABLE_VERIFIED
ROUTE_0834_SAWSBUCK,UNLOCK,UNLOCK_EVOLUTION_GLOBAL,ACTIVE,analysis/CURRENT_ACQUISITION_COVERAGE_1231.csv; predecessor canonical id 833; evolution root 0x09F79290
ROUTE_0834_SAWSBUCK,SPECIES,SPECIES_KEY_DEERLING,ACTIVE,analysis/CURRENT_ACQUISITION_COVERAGE_1231.csv; predecessor canonical id 833; evolution root 0x09F79290
ROUTE_0834_SAWSBUCK,RUNTIME,EVOLUTION,ACTIVE,ROM_EVOLUTION_EDGE_VERIFIED_TRIGGER_SUPPLY_AUDIT_REQUIRED
ROUTE_0835_EMOLGA,UNLOCK,UNLOCK_EXISTING_MAP_PROGRESSION,ACTIVE,TOHOKU_ECOLOGY:T029:草むらオーバーレイ:Lv30-40
ROUTE_0835_EMOLGA,RUNTIME,ECOLOGY_OVERLAY,ACTIVE,ROM_REACHABLE_VERIFIED
ROUTE_0836_KARRABLAST,UNLOCK,UNLOCK_EXISTING_MAP_PROGRESSION,ACTIVE,TOHOKU_ECOLOGY:T026:ずつき／朝昼オーバーレイ:Lv38-48
ROUTE_0836_KARRABLAST,RUNTIME,ECOLOGY_OVERLAY,ACTIVE,ROM_REACHABLE_VERIFIED
ROUTE_0837_ESCAVALIER,UNLOCK,UNLOCK_EVOLUTION_GLOBAL,ACTIVE,analysis/CURRENT_ACQUISITION_COVERAGE_1231.csv; predecessor canonical id 836; evolution root 0x09F79290
ROUTE_0837_ESCAVALIER,SPECIES,SPECIES_KEY_KARRABLAST,ACTIVE,analysis/CURRENT_ACQUISITION_COVERAGE_1231.csv; predecessor canonical id 836; evolution root 0x09F79290
ROUTE_0837_ESCAVALIER,RUNTIME,EVOLUTION,ACTIVE,ROM_EVOLUTION_EDGE_VERIFIED_TRIGGER_SUPPLY_AUDIT_REQUIRED
ROUTE_0838_FOONGUS,UNLOCK,UNLOCK_EXISTING_MAP_PROGRESSION,ACTIVE,TOHOKU_ECOLOGY:T504:大量発生:Lv9-13
ROUTE_0838_FOONGUS,RUNTIME,ECOLOGY_OVERLAY,ACTIVE,ROM_REACHABLE_VERIFIED
ROUTE_0839_AMOONGUSS,UNLOCK,UNLOCK_EVOLUTION_GLOBAL,ACTIVE,analysis/CURRENT_ACQUISITION_COVERAGE_1231.csv; predecessor canonical id 838; evolution root 0x09F79290
ROUTE_0839_AMOONGUSS,SPECIES,SPECIES_KEY_FOONGUS,ACTIVE,analysis/CURRENT_ACQUISITION_COVERAGE_1231.csv; predecessor canonical id 838; evolution root 0x09F79290
ROUTE_0839_AMOONGUSS,RUNTIME,EVOLUTION,ACTIVE,ROM_EVOLUTION_EDGE_VERIFIED_TRIGGER_SUPPLY_AUDIT_REQUIRED
ROUTE_0840_FRILLISH,UNLOCK,UNLOCK_EXISTING_MAP_PROGRESSION,ACTIVE,TOHOKU_ECOLOGY:T513:夜間水上オーバーレイ:Lv28-35
ROUTE_0840_FRILLISH,RUNTIME,ECOLOGY_OVERLAY,ACTIVE,ROM_REACHABLE_VERIFIED
ROUTE_0841_JELLICENT,UNLOCK,UNLOCK_EVOLUTION_GLOBAL,ACTIVE,analysis/CURRENT_ACQUISITION_COVERAGE_1231.csv; predecessor canonical id 840; evolution root 0x09F79290
ROUTE_0841_JELLICENT,SPECIES,SPECIES_KEY_FRILLISH,ACTIVE,analysis/CURRENT_ACQUISITION_COVERAGE_1231.csv; predecessor canonical id 840; evolution root 0x09F79290
ROUTE_0841_JELLICENT,RUNTIME,EVOLUTION,ACTIVE,ROM_EVOLUTION_EDGE_VERIFIED_TRIGGER_SUPPLY_AUDIT_REQUIRED
ROUTE_0842_ALOMOMOLA,UNLOCK,UNLOCK_EXISTING_MAP_PROGRESSION,ACTIVE,TOHOKU_ECOLOGY:T512:釣りオーバーレイ:Lv27-33
ROUTE_0842_ALOMOMOLA,RUNTIME,ECOLOGY_OVERLAY,ACTIVE,ROM_REACHABLE_VERIFIED
ROUTE_0843_ELGYEM,UNLOCK,UNLOCK_EXISTING_MAP_PROGRESSION,ACTIVE,TOHOKU_ECOLOGY:T034:洞窟・屋内オーバーレイ:Lv42-55
ROUTE_0843_ELGYEM,RUNTIME,ECOLOGY_OVERLAY,ACTIVE,ROM_REACHABLE_VERIFIED
ROUTE_0844_BEHEEYEM,UNLOCK,UNLOCK_EVOLUTION_GLOBAL,ACTIVE,analysis/CURRENT_ACQUISITION_COVERAGE_1231.csv; predecessor canonical id 843; evolution root 0x09F79290
ROUTE_0844_BEHEEYEM,SPECIES,SPECIES_KEY_ELGYEM,ACTIVE,analysis/CURRENT_ACQUISITION_COVERAGE_1231.csv; predecessor canonical id 843; evolution root 0x09F79290
ROUTE_0844_BEHEEYEM,RUNTIME,EVOLUTION,ACTIVE,ROM_EVOLUTION_EDGE_VERIFIED_TRIGGER_SUPPLY_AUDIT_REQUIRED
ROUTE_0845_LITWICK,UNLOCK,UNLOCK_EXISTING_MAP_PROGRESSION,ACTIVE,TOHOKU_ECOLOGY:T025:夜間オーバーレイ:Lv8-13
ROUTE_0845_LITWICK,RUNTIME,ECOLOGY_OVERLAY,ACTIVE,ROM_REACHABLE_VERIFIED
ROUTE_0846_LAMPENT,UNLOCK,UNLOCK_EVOLUTION_GLOBAL,ACTIVE,analysis/CURRENT_ACQUISITION_COVERAGE_1231.csv; predecessor canonical id 845; evolution root 0x09F79290
ROUTE_0846_LAMPENT,SPECIES,SPECIES_KEY_LITWICK,ACTIVE,analysis/CURRENT_ACQUISITION_COVERAGE_1231.csv; predecessor canonical id 845; evolution root 0x09F79290
ROUTE_0846_LAMPENT,RUNTIME,EVOLUTION,ACTIVE,ROM_EVOLUTION_EDGE_VERIFIED_TRIGGER_SUPPLY_AUDIT_REQUIRED
ROUTE_0847_CHANDELURE,UNLOCK,UNLOCK_EVOLUTION_GLOBAL,ACTIVE,analysis/CURRENT_ACQUISITION_COVERAGE_1231.csv; predecessor canonical id 846; evolution root 0x09F79290
ROUTE_0847_CHANDELURE,SPECIES,SPECIES_KEY_LAMPENT,ACTIVE,analysis/CURRENT_ACQUISITION_COVERAGE_1231.csv; predecessor canonical id 846; evolution root 0x09F79290
ROUTE_0847_CHANDELURE,RUNTIME,EVOLUTION,ACTIVE,ROM_EVOLUTION_EDGE_VERIFIED_TRIGGER_SUPPLY_AUDIT_REQUIRED
ROUTE_0848_AXEW,UNLOCK,UNLOCK_EXISTING_MAP_PROGRESSION,ACTIVE,TOHOKU_ECOLOGY:T042:洞窟・屋内オーバーレイ:Lv58-66
ROUTE_0848_AXEW,RUNTIME,ECOLOGY_OVERLAY,ACTIVE,ROM_REACHABLE_VERIFIED
ROUTE_0849_FRAXURE,UNLOCK,UNLOCK_EVOLUTION_GLOBAL,ACTIVE,analysis/CURRENT_ACQUISITION_COVERAGE_1231.csv; predecessor canonical id 848; evolution root 0x09F79290
ROUTE_0849_FRAXURE,SPECIES,SPECIES_KEY_AXEW,ACTIVE,analysis/CURRENT_ACQUISITION_COVERAGE_1231.csv; predecessor canonical id 848; evolution root 0x09F79290
ROUTE_0849_FRAXURE,RUNTIME,EVOLUTION,ACTIVE,ROM_EVOLUTION_EDGE_VERIFIED_TRIGGER_SUPPLY_AUDIT_REQUIRED
ROUTE_0850_HAXORUS,UNLOCK,UNLOCK_EVOLUTION_GLOBAL,ACTIVE,analysis/CURRENT_ACQUISITION_COVERAGE_1231.csv; predecessor canonical id 849; evolution root 0x09F79290
ROUTE_0850_HAXORUS,SPECIES,SPECIES_KEY_FRAXURE,ACTIVE,analysis/CURRENT_ACQUISITION_COVERAGE_1231.csv; predecessor canonical id 849; evolution root 0x09F79290
ROUTE_0850_HAXORUS,RUNTIME,EVOLUTION,ACTIVE,ROM_EVOLUTION_EDGE_VERIFIED_TRIGGER_SUPPLY_AUDIT_REQUIRED
ROUTE_0851_CUBCHOO,UNLOCK,UNLOCK_EXISTING_MAP_PROGRESSION,ACTIVE,TOHOKU_ECOLOGY:T030:洞窟・屋内オーバーレイ:Lv30-40
ROUTE_0851_CUBCHOO,RUNTIME,ECOLOGY_OVERLAY,ACTIVE,ROM_REACHABLE_VERIFIED
ROUTE_0852_BEARTIC,UNLOCK,UNLOCK_EVOLUTION_GLOBAL,ACTIVE,analysis/CURRENT_ACQUISITION_COVERAGE_1231.csv; predecessor canonical id 851; evolution root 0x09F79290
ROUTE_0852_BEARTIC,SPECIES,SPECIES_KEY_CUBCHOO,ACTIVE,analysis/CURRENT_ACQUISITION_COVERAGE_1231.csv; predecessor canonical id 851; evolution root 0x09F79290
ROUTE_0852_BEARTIC,RUNTIME,EVOLUTION,ACTIVE,ROM_EVOLUTION_EDGE_VERIFIED_TRIGGER_SUPPLY_AUDIT_REQUIRED
ROUTE_0853_SHELMET,UNLOCK,UNLOCK_EXISTING_MAP_PROGRESSION,ACTIVE,TOHOKU_ECOLOGY:T036:ずつき／朝昼オーバーレイ:Lv38-48
ROUTE_0853_SHELMET,RUNTIME,ECOLOGY_OVERLAY,ACTIVE,ROM_REACHABLE_VERIFIED
ROUTE_0854_ACCELGOR,UNLOCK,UNLOCK_EVOLUTION_GLOBAL,ACTIVE,analysis/CURRENT_ACQUISITION_COVERAGE_1231.csv; predecessor canonical id 853; evolution root 0x09F79290
ROUTE_0854_ACCELGOR,SPECIES,SPECIES_KEY_SHELMET,ACTIVE,analysis/CURRENT_ACQUISITION_COVERAGE_1231.csv; predecessor canonical id 853; evolution root 0x09F79290
ROUTE_0854_ACCELGOR,RUNTIME,EVOLUTION,ACTIVE,ROM_EVOLUTION_EDGE_VERIFIED_TRIGGER_SUPPLY_AUDIT_REQUIRED
ROUTE_0855_DRUDDIGON,UNLOCK,UNLOCK_EXISTING_MAP_PROGRESSION,ACTIVE,TOHOKU_ECOLOGY:T031:洞窟・屋内オーバーレイ:Lv36-46
ROUTE_0855_DRUDDIGON,RUNTIME,ECOLOGY_OVERLAY,ACTIVE,ROM_REACHABLE_VERIFIED
ROUTE_0856_GOLETT,UNLOCK,UNLOCK_EXISTING_MAP_PROGRESSION,ACTIVE,TOHOKU_ECOLOGY:T034:DexNav隠し枠／低確率タマゴ+屋内異常遭遇／DexNav:Lv42-55
ROUTE_0856_GOLETT,RUNTIME,ECOLOGY_OVERLAY,ACTIVE,ROM_REACHABLE_VERIFIED
ROUTE_0857_GOLURK,UNLOCK,UNLOCK_EVOLUTION_GLOBAL,ACTIVE,analysis/CURRENT_ACQUISITION_COVERAGE_1231.csv; predecessor canonical id 856; evolution root 0x09F79290
ROUTE_0857_GOLURK,SPECIES,SPECIES_KEY_GOLETT,ACTIVE,analysis/CURRENT_ACQUISITION_COVERAGE_1231.csv; predecessor canonical id 856; evolution root 0x09F79290
ROUTE_0857_GOLURK,RUNTIME,EVOLUTION,ACTIVE,ROM_EVOLUTION_EDGE_VERIFIED_TRIGGER_SUPPLY_AUDIT_REQUIRED
ROUTE_0858_PAWNIARD,UNLOCK,UNLOCK_EXISTING_MAP_PROGRESSION,ACTIVE,TOHOKU_ECOLOGY:T035:夜間オーバーレイ:Lv44-57
ROUTE_0858_PAWNIARD,RUNTIME,ECOLOGY_OVERLAY,ACTIVE,ROM_REACHABLE_VERIFIED
ROUTE_0859_BISHARP,UNLOCK,UNLOCK_EVOLUTION_GLOBAL,ACTIVE,analysis/CURRENT_ACQUISITION_COVERAGE_1231.csv; predecessor canonical id 858; evolution root 0x09F79290
ROUTE_0859_BISHARP,SPECIES,SPECIES_KEY_PAWNIARD,ACTIVE,analysis/CURRENT_ACQUISITION_COVERAGE_1231.csv; predecessor canonical id 858; evolution root 0x09F79290
ROUTE_0859_BISHARP,RUNTIME,EVOLUTION,ACTIVE,ROM_EVOLUTION_EDGE_VERIFIED_TRIGGER_SUPPLY_AUDIT_REQUIRED
ROUTE_0860_BOUFFALANT,UNLOCK,UNLOCK_EXISTING_MAP_PROGRESSION,ACTIVE,TOHOKU_ECOLOGY:T503:草むらオーバーレイ:Lv5-9
ROUTE_0860_BOUFFALANT,RUNTIME,ECOLOGY_OVERLAY,ACTIVE,ROM_REACHABLE_VERIFIED
ROUTE_0861_RUFFLET,UNLOCK,UNLOCK_EXISTING_MAP_PROGRESSION,ACTIVE,TOHOKU_ECOLOGY:T501:大量発生:Lv2-5
ROUTE_0861_RUFFLET,RUNTIME,ECOLOGY_OVERLAY,ACTIVE,ROM_REACHABLE_VERIFIED
ROUTE_0862_BRAVIARY,UNLOCK,UNLOCK_EVOLUTION_GLOBAL,ACTIVE,analysis/CURRENT_ACQUISITION_COVERAGE_1231.csv; predecessor canonical id 861; evolution root 0x09F79290
ROUTE_0862_BRAVIARY,SPECIES,SPECIES_KEY_RUFFLET,ACTIVE,analysis/CURRENT_ACQUISITION_COVERAGE_1231.csv; predecessor canonical id 861; evolution root 0x09F79290
ROUTE_0862_BRAVIARY,RUNTIME,EVOLUTION,ACTIVE,ROM_EVOLUTION_EDGE_VERIFIED_TRIGGER_SUPPLY_AUDIT_REQUIRED
ROUTE_0863_VULLABY,UNLOCK,UNLOCK_EXISTING_MAP_PROGRESSION,ACTIVE,TOHOKU_ECOLOGY:T522:夜間オーバーレイ:Lv47-54
ROUTE_0863_VULLABY,RUNTIME,ECOLOGY_OVERLAY,ACTIVE,ROM_REACHABLE_VERIFIED
ROUTE_0864_MANDIBUZZ,UNLOCK,UNLOCK_EVOLUTION_GLOBAL,ACTIVE,analysis/CURRENT_ACQUISITION_COVERAGE_1231.csv; predecessor canonical id 863; evolution root 0x09F79290
ROUTE_0864_MANDIBUZZ,SPECIES,SPECIES_KEY_VULLABY,ACTIVE,analysis/CURRENT_ACQUISITION_COVERAGE_1231.csv; predecessor canonical id 863; evolution root 0x09F79290
ROUTE_0864_MANDIBUZZ,RUNTIME,EVOLUTION,ACTIVE,ROM_EVOLUTION_EDGE_VERIFIED_TRIGGER_SUPPLY_AUDIT_REQUIRED
ROUTE_0865_HEATMOR,UNLOCK,UNLOCK_EXISTING_MAP_PROGRESSION,ACTIVE,TOHOKU_ECOLOGY:T037:草むらオーバーレイ:Lv38-48
ROUTE_0865_HEATMOR,RUNTIME,ECOLOGY_OVERLAY,ACTIVE,ROM_REACHABLE_VERIFIED
ROUTE_0866_DURANT,UNLOCK,UNLOCK_EXISTING_MAP_PROGRESSION,ACTIVE,TOHOKU_ECOLOGY:T036:ずつき／朝昼オーバーレイ:Lv38-48
ROUTE_0866_DURANT,RUNTIME,ECOLOGY_OVERLAY,ACTIVE,ROM_REACHABLE_VERIFIED
ROUTE_0867_DEINO,UNLOCK,UNLOCK_EXISTING_MAP_PROGRESSION,ACTIVE,TOHOKU_ECOLOGY:T040:DexNav隠し枠+屋内異常遭遇／DexNav:Lv50-60
ROUTE_0867_DEINO,RUNTIME,ECOLOGY_OVERLAY,ACTIVE,ROM_REACHABLE_VERIFIED
ROUTE_0868_ZWEILOUS,UNLOCK,UNLOCK_EVOLUTION_GLOBAL,ACTIVE,analysis/CURRENT_ACQUISITION_COVERAGE_1231.csv; predecessor canonical id 867; evolution root 0x09F79290
ROUTE_0868_ZWEILOUS,SPECIES,SPECIES_KEY_DEINO,ACTIVE,analysis/CURRENT_ACQUISITION_COVERAGE_1231.csv; predecessor canonical id 867; evolution root 0x09F79290
ROUTE_0868_ZWEILOUS,RUNTIME,EVOLUTION,ACTIVE,ROM_EVOLUTION_EDGE_VERIFIED_TRIGGER_SUPPLY_AUDIT_REQUIRED
ROUTE_0869_HYDREIGON,UNLOCK,UNLOCK_EVOLUTION_GLOBAL,ACTIVE,analysis/CURRENT_ACQUISITION_COVERAGE_1231.csv; predecessor canonical id 868; evolution root 0x09F79290
ROUTE_0869_HYDREIGON,SPECIES,SPECIES_KEY_ZWEILOUS,ACTIVE,analysis/CURRENT_ACQUISITION_COVERAGE_1231.csv; predecessor canonical id 868; evolution root 0x09F79290
ROUTE_0869_HYDREIGON,RUNTIME,EVOLUTION,ACTIVE,ROM_EVOLUTION_EDGE_VERIFIED_TRIGGER_SUPPLY_AUDIT_REQUIRED
ROUTE_0870_LARVESTA,UNLOCK,UNLOCK_EXISTING_MAP_PROGRESSION,ACTIVE,TOHOKU_ECOLOGY:T503:草むらオーバーレイ:Lv5-9
ROUTE_0870_LARVESTA,RUNTIME,ECOLOGY_OVERLAY,ACTIVE,ROM_REACHABLE_VERIFIED
ROUTE_0871_VOLCARONA,UNLOCK,UNLOCK_EVOLUTION_GLOBAL,ACTIVE,analysis/CURRENT_ACQUISITION_COVERAGE_1231.csv; predecessor canonical id 870; evolution root 0x09F79290
ROUTE_0871_VOLCARONA,SPECIES,SPECIES_KEY_LARVESTA,ACTIVE,analysis/CURRENT_ACQUISITION_COVERAGE_1231.csv; predecessor canonical id 870; evolution root 0x09F79290
ROUTE_0871_VOLCARONA,RUNTIME,EVOLUTION,ACTIVE,ROM_EVOLUTION_EDGE_VERIFIED_TRIGGER_SUPPLY_AUDIT_REQUIRED
ROUTE_0872_COBALION,UNLOCK,UNLOCK_HALL_OF_FAME,ACTIVE,special master + exact Kanto host JSON + data-driven event runtime
ROUTE_0872_COBALION,HOST,HOST_SWORDS,ACTIVE,READY_TO_SERIALIZE
ROUTE_0872_COBALION,RUNTIME,FIXED_CAPTURE,ACTIVE,READY_TO_INTEGRATE
ROUTE_0873_TERRAKION,UNLOCK,UNLOCK_HALL_OF_FAME,ACTIVE,special master + exact Kanto host JSON + data-driven event runtime
ROUTE_0873_TERRAKION,HOST,HOST_SWORDS,ACTIVE,READY_TO_SERIALIZE
ROUTE_0873_TERRAKION,RUNTIME,FIXED_CAPTURE,ACTIVE,READY_TO_INTEGRATE
ROUTE_0874_VIRIZION,UNLOCK,UNLOCK_HALL_OF_FAME,ACTIVE,special master + exact Kanto host JSON + data-driven event runtime
ROUTE_0874_VIRIZION,HOST,HOST_SWORDS,ACTIVE,READY_TO_SERIALIZE
ROUTE_0874_VIRIZION,RUNTIME,FIXED_CAPTURE,ACTIVE,READY_TO_INTEGRATE
ROUTE_0875_TORNADUS,UNLOCK,UNLOCK_HALL_OF_FAME,ACTIVE,special master + exact Kanto host JSON + data-driven event runtime
ROUTE_0875_TORNADUS,HOST,HOST_SWORDS,ACTIVE,READY_TO_SERIALIZE
ROUTE_0875_TORNADUS,RUNTIME,FIXED_CAPTURE,ACTIVE,READY_TO_INTEGRATE
ROUTE_0876_THUNDURUS,UNLOCK,UNLOCK_HALL_OF_FAME,ACTIVE,special master + exact Kanto host JSON + data-driven event runtime
ROUTE_0876_THUNDURUS,HOST,HOST_SWORDS,ACTIVE,READY_TO_SERIALIZE
ROUTE_0876_THUNDURUS,RUNTIME,FIXED_CAPTURE,ACTIVE,READY_TO_INTEGRATE
ROUTE_0877_RESHIRAM,UNLOCK,UNLOCK_HALL_OF_FAME,ACTIVE,special master + exact Kanto host JSON + data-driven event runtime
ROUTE_0877_RESHIRAM,HOST,HOST_SWORDS,ACTIVE,READY_TO_SERIALIZE
ROUTE_0877_RESHIRAM,RUNTIME,FIXED_CAPTURE,ACTIVE,READY_TO_INTEGRATE
ROUTE_0878_ZEKROM,UNLOCK,UNLOCK_HALL_OF_FAME,ACTIVE,special master + exact Kanto host JSON + data-driven event runtime
ROUTE_0878_ZEKROM,HOST,HOST_SWORDS,ACTIVE,READY_TO_SERIALIZE
ROUTE_0878_ZEKROM,RUNTIME,FIXED_CAPTURE,ACTIVE,READY_TO_INTEGRATE
ROUTE_0879_LANDORUS,UNLOCK,UNLOCK_HALL_OF_FAME,ACTIVE,special master + exact Kanto host JSON + data-driven event runtime
ROUTE_0879_LANDORUS,HOST,HOST_SWORDS,ACTIVE,READY_TO_SERIALIZE
ROUTE_0879_LANDORUS,RUNTIME,FIXED_CAPTURE,ACTIVE,READY_TO_INTEGRATE
ROUTE_0880_KYUREM,UNLOCK,UNLOCK_HALL_OF_FAME,ACTIVE,special master + exact Kanto host JSON + data-driven event runtime
ROUTE_0880_KYUREM,HOST,HOST_SWORDS,ACTIVE,READY_TO_SERIALIZE
ROUTE_0880_KYUREM,RUNTIME,FIXED_CAPTURE,ACTIVE,READY_TO_INTEGRATE
ROUTE_0881_KELDEO,UNLOCK,UNLOCK_HALL_OF_FAME,ACTIVE,special master + exact Kanto host JSON + data-driven event runtime
ROUTE_0881_KELDEO,HOST,HOST_SWORDS,ACTIVE,READY_TO_SERIALIZE
ROUTE_0881_KELDEO,RUNTIME,FIXED_CAPTURE,ACTIVE,READY_TO_INTEGRATE
ROUTE_0882_MELOETTA,UNLOCK,UNLOCK_HALL_OF_FAME,ACTIVE,special master + exact Kanto host JSON + data-driven event runtime
ROUTE_0882_MELOETTA,HOST,HOST_SWORDS,ACTIVE,READY_TO_SERIALIZE
ROUTE_0882_MELOETTA,RUNTIME,FIXED_CAPTURE,ACTIVE,READY_TO_INTEGRATE
ROUTE_0883_GENESECT,UNLOCK,UNLOCK_HALL_OF_FAME,ACTIVE,special master + exact Kanto host JSON + data-driven event runtime
ROUTE_0883_GENESECT,HOST,HOST_SWORDS,ACTIVE,READY_TO_SERIALIZE
ROUTE_0883_GENESECT,RUNTIME,FIXED_CAPTURE,ACTIVE,READY_TO_INTEGRATE
ROUTE_0939_CHESPIN,UNLOCK,UNLOCK_KANTO_EARLY_ACCESS,ACTIVE,analysis/STARTER_LAB_EVENT_STATUS_24.csv + exact Oak lab host JSON
ROUTE_0939_CHESPIN,HOST,HOST_STARTER_LAB,ACTIVE,READY_TO_SERIALIZE
ROUTE_0939_CHESPIN,RUNTIME,RESEARCH_EGG,ACTIVE,ROM_REACHABLE_VERIFIED_WITH_OPTIONAL_BACKUP
ROUTE_0940_QUILLADIN,UNLOCK,UNLOCK_EVOLUTION_GLOBAL,ACTIVE,analysis/CURRENT_ACQUISITION_COVERAGE_1231.csv; predecessor canonical id 939; evolution root 0x09F79290
ROUTE_0940_QUILLADIN,SPECIES,SPECIES_KEY_CHESPIN,ACTIVE,analysis/CURRENT_ACQUISITION_COVERAGE_1231.csv; predecessor canonical id 939; evolution root 0x09F79290
ROUTE_0940_QUILLADIN,RUNTIME,EVOLUTION,ACTIVE,ROM_EVOLUTION_EDGE_VERIFIED_TRIGGER_SUPPLY_AUDIT_REQUIRED
ROUTE_0941_CHESNAUGHT,UNLOCK,UNLOCK_EVOLUTION_GLOBAL,ACTIVE,analysis/CURRENT_ACQUISITION_COVERAGE_1231.csv; predecessor canonical id 940; evolution root 0x09F79290
ROUTE_0941_CHESNAUGHT,SPECIES,SPECIES_KEY_QUILLADIN,ACTIVE,analysis/CURRENT_ACQUISITION_COVERAGE_1231.csv; predecessor canonical id 940; evolution root 0x09F79290
ROUTE_0941_CHESNAUGHT,RUNTIME,EVOLUTION,ACTIVE,ROM_EVOLUTION_EDGE_VERIFIED_TRIGGER_SUPPLY_AUDIT_REQUIRED
ROUTE_0942_FENNEKIN,UNLOCK,UNLOCK_KANTO_EARLY_ACCESS,ACTIVE,analysis/STARTER_LAB_EVENT_STATUS_24.csv + exact Oak lab host JSON
ROUTE_0942_FENNEKIN,HOST,HOST_STARTER_LAB,ACTIVE,READY_TO_SERIALIZE
ROUTE_0942_FENNEKIN,RUNTIME,RESEARCH_EGG,ACTIVE,READY_TO_INTEGRATE
ROUTE_0943_BRAIXEN,UNLOCK,UNLOCK_EVOLUTION_GLOBAL,ACTIVE,official evolution master + source species acquisition route
ROUTE_0943_BRAIXEN,SPECIES,SPECIES_KEY_FENNEKIN,ACTIVE,official evolution master + source species acquisition route
ROUTE_0943_BRAIXEN,RUNTIME,EVOLUTION,ACTIVE,READY_TO_INTEGRATE_AFTER_SOURCE_EVENT
ROUTE_0944_DELPHOX,UNLOCK,UNLOCK_EVOLUTION_GLOBAL,ACTIVE,official evolution master + source species acquisition route
ROUTE_0944_DELPHOX,SPECIES,SPECIES_KEY_BRAIXEN,ACTIVE,official evolution master + source species acquisition route
ROUTE_0944_DELPHOX,RUNTIME,EVOLUTION,ACTIVE,READY_TO_INTEGRATE_AFTER_SOURCE_EVENT
ROUTE_0945_FROAKIE,UNLOCK,UNLOCK_KANTO_EARLY_ACCESS,ACTIVE,analysis/STARTER_LAB_EVENT_STATUS_24.csv + exact Oak lab host JSON
ROUTE_0945_FROAKIE,HOST,HOST_STARTER_LAB,ACTIVE,READY_TO_SERIALIZE
ROUTE_0945_FROAKIE,RUNTIME,RESEARCH_EGG,ACTIVE,READY_TO_INTEGRATE
ROUTE_0946_FROGADIER,UNLOCK,UNLOCK_EVOLUTION_GLOBAL,ACTIVE,official evolution master + source species acquisition route
ROUTE_0946_FROGADIER,SPECIES,SPECIES_KEY_FROAKIE,ACTIVE,official evolution master + source species acquisition route
ROUTE_0946_FROGADIER,RUNTIME,EVOLUTION,ACTIVE,READY_TO_INTEGRATE_AFTER_SOURCE_EVENT
ROUTE_0947_GRENINJA,UNLOCK,UNLOCK_EVOLUTION_GLOBAL,ACTIVE,official evolution master + source species acquisition route
ROUTE_0947_GRENINJA,SPECIES,SPECIES_KEY_FROGADIER,ACTIVE,official evolution master + source species acquisition route
ROUTE_0947_GRENINJA,RUNTIME,EVOLUTION,ACTIVE,READY_TO_INTEGRATE_AFTER_SOURCE_EVENT
ROUTE_0948_BUNNELBY,UNLOCK,UNLOCK_EXISTING_MAP_PROGRESSION,ACTIVE,TOHOKU_ECOLOGY:T501:大量発生:Lv2-5
ROUTE_0948_BUNNELBY,RUNTIME,ECOLOGY_OVERLAY,ACTIVE,ROM_REACHABLE_VERIFIED
ROUTE_0949_DIGGERSBY,UNLOCK,UNLOCK_EVOLUTION_GLOBAL,ACTIVE,analysis/CURRENT_ACQUISITION_COVERAGE_1231.csv; predecessor canonical id 948; evolution root 0x09F79290
ROUTE_0949_DIGGERSBY,SPECIES,SPECIES_KEY_BUNNELBY,ACTIVE,analysis/CURRENT_ACQUISITION_COVERAGE_1231.csv; predecessor canonical id 948; evolution root 0x09F79290
ROUTE_0949_DIGGERSBY,RUNTIME,EVOLUTION,ACTIVE,ROM_EVOLUTION_EDGE_VERIFIED_TRIGGER_SUPPLY_AUDIT_REQUIRED
ROUTE_0950_FLETCHLING,UNLOCK,UNLOCK_EXISTING_MAP_PROGRESSION,ACTIVE,TOHOKU_ECOLOGY:T501:草むらオーバーレイ:Lv2-5
ROUTE_0950_FLETCHLING,RUNTIME,ECOLOGY_OVERLAY,ACTIVE,ROM_REACHABLE_VERIFIED
ROUTE_0951_FLETCHINDER,UNLOCK,UNLOCK_EVOLUTION_GLOBAL,ACTIVE,analysis/CURRENT_ACQUISITION_COVERAGE_1231.csv; predecessor canonical id 950; evolution root 0x09F79290
ROUTE_0951_FLETCHINDER,SPECIES,SPECIES_KEY_FLETCHLING,ACTIVE,analysis/CURRENT_ACQUISITION_COVERAGE_1231.csv; predecessor canonical id 950; evolution root 0x09F79290
ROUTE_0951_FLETCHINDER,RUNTIME,EVOLUTION,ACTIVE,ROM_EVOLUTION_EDGE_VERIFIED_TRIGGER_SUPPLY_AUDIT_REQUIRED
ROUTE_0952_TALONFLAME,UNLOCK,UNLOCK_EVOLUTION_GLOBAL,ACTIVE,analysis/CURRENT_ACQUISITION_COVERAGE_1231.csv; predecessor canonical id 951; evolution root 0x09F79290
ROUTE_0952_TALONFLAME,SPECIES,SPECIES_KEY_FLETCHINDER,ACTIVE,analysis/CURRENT_ACQUISITION_COVERAGE_1231.csv; predecessor canonical id 951; evolution root 0x09F79290
ROUTE_0952_TALONFLAME,RUNTIME,EVOLUTION,ACTIVE,ROM_EVOLUTION_EDGE_VERIFIED_TRIGGER_SUPPLY_AUDIT_REQUIRED
ROUTE_0953_SCATTERBUG,UNLOCK,UNLOCK_EXISTING_MAP_PROGRESSION,ACTIVE,TOHOKU_ECOLOGY:T505:草むらオーバーレイ:Lv10-14
ROUTE_0953_SCATTERBUG,RUNTIME,ECOLOGY_OVERLAY,ACTIVE,ROM_REACHABLE_VERIFIED
ROUTE_0954_SPEWPA,UNLOCK,UNLOCK_EVOLUTION_GLOBAL,ACTIVE,analysis/CURRENT_ACQUISITION_COVERAGE_1231.csv; predecessor canonical id 953; evolution root 0x09F79290
ROUTE_0954_SPEWPA,SPECIES,SPECIES_KEY_SCATTERBUG,ACTIVE,analysis/CURRENT_ACQUISITION_COVERAGE_1231.csv; predecessor canonical id 953; evolution root 0x09F79290
ROUTE_0954_SPEWPA,RUNTIME,EVOLUTION,ACTIVE,ROM_EVOLUTION_EDGE_VERIFIED_TRIGGER_SUPPLY_AUDIT_REQUIRED
ROUTE_0955_VIVILLON,UNLOCK,UNLOCK_EVOLUTION_GLOBAL,ACTIVE,analysis/CURRENT_ACQUISITION_COVERAGE_1231.csv; predecessor canonical id 954; evolution root 0x09F79290
ROUTE_0955_VIVILLON,SPECIES,SPECIES_KEY_SPEWPA,ACTIVE,analysis/CURRENT_ACQUISITION_COVERAGE_1231.csv; predecessor canonical id 954; evolution root 0x09F79290
ROUTE_0955_VIVILLON,RUNTIME,EVOLUTION,ACTIVE,ROM_EVOLUTION_EDGE_VERIFIED_TRIGGER_SUPPLY_AUDIT_REQUIRED
ROUTE_0956_LITLEO,UNLOCK,UNLOCK_EXISTING_MAP_PROGRESSION,ACTIVE,TOHOKU_ECOLOGY:T503:草むらオーバーレイ:Lv5-9
ROUTE_0956_LITLEO,RUNTIME,ECOLOGY_OVERLAY,ACTIVE,ROM_REACHABLE_VERIFIED
ROUTE_0957_PYROAR,UNLOCK,UNLOCK_EVOLUTION_GLOBAL,ACTIVE,analysis/CURRENT_ACQUISITION_COVERAGE_1231.csv; predecessor canonical id 956; evolution root 0x09F79290
ROUTE_0957_PYROAR,SPECIES,SPECIES_KEY_LITLEO,ACTIVE,analysis/CURRENT_ACQUISITION_COVERAGE_1231.csv; predecessor canonical id 956; evolution root 0x09F79290
ROUTE_0957_PYROAR,RUNTIME,EVOLUTION,ACTIVE,ROM_EVOLUTION_EDGE_VERIFIED_TRIGGER_SUPPLY_AUDIT_REQUIRED
ROUTE_0958_FLABEBE,UNLOCK,UNLOCK_EXISTING_MAP_PROGRESSION,ACTIVE,TOHOKU_ECOLOGY:T026:草むらオーバーレイ:Lv38-48
ROUTE_0958_FLABEBE,RUNTIME,ECOLOGY_OVERLAY,ACTIVE,ROM_REACHABLE_VERIFIED
ROUTE_0959_FLOETTE,UNLOCK,UNLOCK_EVOLUTION_GLOBAL,ACTIVE,analysis/CURRENT_ACQUISITION_COVERAGE_1231.csv; predecessor canonical id 958; evolution root 0x09F79290
ROUTE_0959_FLOETTE,SPECIES,SPECIES_KEY_FLABEBE,ACTIVE,analysis/CURRENT_ACQUISITION_COVERAGE_1231.csv; predecessor canonical id 958; evolution root 0x09F79290
ROUTE_0959_FLOETTE,RUNTIME,EVOLUTION,ACTIVE,ROM_EVOLUTION_EDGE_VERIFIED_TRIGGER_SUPPLY_AUDIT_REQUIRED
ROUTE_0960_FLORGES,UNLOCK,UNLOCK_EVOLUTION_GLOBAL,ACTIVE,analysis/CURRENT_ACQUISITION_COVERAGE_1231.csv; predecessor canonical id 959; evolution root 0x09F79290
ROUTE_0960_FLORGES,SPECIES,SPECIES_KEY_FLOETTE,ACTIVE,analysis/CURRENT_ACQUISITION_COVERAGE_1231.csv; predecessor canonical id 959; evolution root 0x09F79290
ROUTE_0960_FLORGES,RUNTIME,EVOLUTION,ACTIVE,ROM_EVOLUTION_EDGE_VERIFIED_TRIGGER_SUPPLY_AUDIT_REQUIRED
ROUTE_0961_SKIDDO,UNLOCK,UNLOCK_EXISTING_MAP_PROGRESSION,ACTIVE,TOHOKU_ECOLOGY:T517:草むらオーバーレイ:Lv38-45
ROUTE_0961_SKIDDO,RUNTIME,ECOLOGY_OVERLAY,ACTIVE,ROM_REACHABLE_VERIFIED
ROUTE_0962_GOGOAT,UNLOCK,UNLOCK_EVOLUTION_GLOBAL,ACTIVE,analysis/CURRENT_ACQUISITION_COVERAGE_1231.csv; predecessor canonical id 961; evolution root 0x09F79290
ROUTE_0962_GOGOAT,SPECIES,SPECIES_KEY_SKIDDO,ACTIVE,analysis/CURRENT_ACQUISITION_COVERAGE_1231.csv; predecessor canonical id 961; evolution root 0x09F79290
ROUTE_0962_GOGOAT,RUNTIME,EVOLUTION,ACTIVE,ROM_EVOLUTION_EDGE_VERIFIED_TRIGGER_SUPPLY_AUDIT_REQUIRED
ROUTE_0963_PANCHAM,UNLOCK,UNLOCK_EXISTING_MAP_PROGRESSION,ACTIVE,TOHOKU_ECOLOGY:T032:夜間オーバーレイ:Lv44-54
ROUTE_0963_PANCHAM,RUNTIME,ECOLOGY_OVERLAY,ACTIVE,ROM_REACHABLE_VERIFIED
ROUTE_0964_PANGORO,UNLOCK,UNLOCK_EVOLUTION_GLOBAL,ACTIVE,analysis/CURRENT_ACQUISITION_COVERAGE_1231.csv; predecessor canonical id 963; evolution root 0x09F79290
ROUTE_0964_PANGORO,SPECIES,SPECIES_KEY_PANCHAM,ACTIVE,analysis/CURRENT_ACQUISITION_COVERAGE_1231.csv; predecessor canonical id 963; evolution root 0x09F79290
ROUTE_0964_PANGORO,RUNTIME,EVOLUTION,ACTIVE,ROM_EVOLUTION_EDGE_VERIFIED_TRIGGER_SUPPLY_AUDIT_REQUIRED
ROUTE_0965_FURFROU,UNLOCK,UNLOCK_EXISTING_MAP_PROGRESSION,ACTIVE,TOHOKU_ECOLOGY:T519:草むらオーバーレイ:Lv41-48
ROUTE_0965_FURFROU,RUNTIME,ECOLOGY_OVERLAY,ACTIVE,ROM_REACHABLE_VERIFIED
ROUTE_0966_ESPURR,UNLOCK,UNLOCK_EXISTING_MAP_PROGRESSION,ACTIVE,TOHOKU_ECOLOGY:T025:洞窟・屋内オーバーレイ:Lv8-13
ROUTE_0966_ESPURR,RUNTIME,ECOLOGY_OVERLAY,ACTIVE,ROM_REACHABLE_VERIFIED
ROUTE_0967_MEOWSTIC,UNLOCK,UNLOCK_EVOLUTION_GLOBAL,ACTIVE,analysis/CURRENT_ACQUISITION_COVERAGE_1231.csv; predecessor canonical id 966; evolution root 0x09F79290
ROUTE_0967_MEOWSTIC,SPECIES,SPECIES_KEY_ESPURR,ACTIVE,analysis/CURRENT_ACQUISITION_COVERAGE_1231.csv; predecessor canonical id 966; evolution root 0x09F79290
ROUTE_0967_MEOWSTIC,RUNTIME,EVOLUTION,ACTIVE,ROM_EVOLUTION_EDGE_VERIFIED_TRIGGER_SUPPLY_AUDIT_REQUIRED
ROUTE_0968_HONEDGE,UNLOCK,UNLOCK_EXISTING_MAP_PROGRESSION,ACTIVE,TOHOKU_ECOLOGY:T032:夜間オーバーレイ:Lv44-54
ROUTE_0968_HONEDGE,RUNTIME,ECOLOGY_OVERLAY,ACTIVE,ROM_REACHABLE_VERIFIED
ROUTE_0969_DOUBLADE,UNLOCK,UNLOCK_EVOLUTION_GLOBAL,ACTIVE,analysis/CURRENT_ACQUISITION_COVERAGE_1231.csv; predecessor canonical id 968; evolution root 0x09F79290
ROUTE_0969_DOUBLADE,SPECIES,SPECIES_KEY_HONEDGE,ACTIVE,analysis/CURRENT_ACQUISITION_COVERAGE_1231.csv; predecessor canonical id 968; evolution root 0x09F79290
ROUTE_0969_DOUBLADE,RUNTIME,EVOLUTION,ACTIVE,ROM_EVOLUTION_EDGE_VERIFIED_TRIGGER_SUPPLY_AUDIT_REQUIRED
ROUTE_0970_AEGISLASH,UNLOCK,UNLOCK_EVOLUTION_GLOBAL,ACTIVE,analysis/CURRENT_ACQUISITION_COVERAGE_1231.csv; predecessor canonical id 969; evolution root 0x09F79290
ROUTE_0970_AEGISLASH,SPECIES,SPECIES_KEY_DOUBLADE,ACTIVE,analysis/CURRENT_ACQUISITION_COVERAGE_1231.csv; predecessor canonical id 969; evolution root 0x09F79290
ROUTE_0970_AEGISLASH,RUNTIME,EVOLUTION,ACTIVE,ROM_EVOLUTION_EDGE_VERIFIED_TRIGGER_SUPPLY_AUDIT_REQUIRED
ROUTE_0971_SPRITZEE,UNLOCK,UNLOCK_EXISTING_MAP_PROGRESSION,ACTIVE,TOHOKU_ECOLOGY:T026:草むらオーバーレイ:Lv38-48
ROUTE_0971_SPRITZEE,RUNTIME,ECOLOGY_OVERLAY,ACTIVE,ROM_REACHABLE_VERIFIED
ROUTE_0972_AROMATISSE,UNLOCK,UNLOCK_EVOLUTION_GLOBAL,ACTIVE,analysis/CURRENT_ACQUISITION_COVERAGE_1231.csv; predecessor canonical id 971; evolution root 0x09F79290
ROUTE_0972_AROMATISSE,SPECIES,SPECIES_KEY_SPRITZEE,ACTIVE,analysis/CURRENT_ACQUISITION_COVERAGE_1231.csv; predecessor canonical id 971; evolution root 0x09F79290
ROUTE_0972_AROMATISSE,RUNTIME,EVOLUTION,ACTIVE,ROM_EVOLUTION_EDGE_VERIFIED_TRIGGER_SUPPLY_AUDIT_REQUIRED
ROUTE_0973_SWIRLIX,UNLOCK,UNLOCK_EXISTING_MAP_PROGRESSION,ACTIVE,TOHOKU_ECOLOGY:T517:大量発生:Lv38-45
ROUTE_0973_SWIRLIX,RUNTIME,ECOLOGY_OVERLAY,ACTIVE,ROM_REACHABLE_VERIFIED
ROUTE_0974_SLURPUFF,UNLOCK,UNLOCK_EVOLUTION_GLOBAL,ACTIVE,analysis/CURRENT_ACQUISITION_COVERAGE_1231.csv; predecessor canonical id 973; evolution root 0x09F79290
ROUTE_0974_SLURPUFF,SPECIES,SPECIES_KEY_SWIRLIX,ACTIVE,analysis/CURRENT_ACQUISITION_COVERAGE_1231.csv; predecessor canonical id 973; evolution root 0x09F79290
ROUTE_0974_SLURPUFF,RUNTIME,EVOLUTION,ACTIVE,ROM_EVOLUTION_EDGE_VERIFIED_TRIGGER_SUPPLY_AUDIT_REQUIRED
ROUTE_0975_INKAY,UNLOCK,UNLOCK_EXISTING_MAP_PROGRESSION,ACTIVE,TOHOKU_ECOLOGY:T515:夜間オーバーレイ:Lv33-40
ROUTE_0975_INKAY,RUNTIME,ECOLOGY_OVERLAY,ACTIVE,ROM_REACHABLE_VERIFIED
ROUTE_0976_MALAMAR,UNLOCK,UNLOCK_EVOLUTION_GLOBAL,ACTIVE,analysis/CURRENT_ACQUISITION_COVERAGE_1231.csv; predecessor canonical id 975; evolution root 0x09F79290
ROUTE_0976_MALAMAR,SPECIES,SPECIES_KEY_INKAY,ACTIVE,analysis/CURRENT_ACQUISITION_COVERAGE_1231.csv; predecessor canonical id 975; evolution root 0x09F79290
ROUTE_0976_MALAMAR,RUNTIME,EVOLUTION,ACTIVE,ROM_EVOLUTION_EDGE_VERIFIED_TRIGGER_SUPPLY_AUDIT_REQUIRED
ROUTE_0977_BINACLE,UNLOCK,UNLOCK_EXISTING_MAP_PROGRESSION,ACTIVE,TOHOKU_ECOLOGY:T027:釣りオーバーレイ:Lv20-30
ROUTE_0977_BINACLE,RUNTIME,ECOLOGY_OVERLAY,ACTIVE,ROM_REACHABLE_VERIFIED
ROUTE_0978_BARBARACLE,UNLOCK,UNLOCK_EVOLUTION_GLOBAL,ACTIVE,analysis/CURRENT_ACQUISITION_COVERAGE_1231.csv; predecessor canonical id 977; evolution root 0x09F79290
ROUTE_0978_BARBARACLE,SPECIES,SPECIES_KEY_BINACLE,ACTIVE,analysis/CURRENT_ACQUISITION_COVERAGE_1231.csv; predecessor canonical id 977; evolution root 0x09F79290
ROUTE_0978_BARBARACLE,RUNTIME,EVOLUTION,ACTIVE,ROM_EVOLUTION_EDGE_VERIFIED_TRIGGER_SUPPLY_AUDIT_REQUIRED
ROUTE_0979_SKRELP,UNLOCK,UNLOCK_EXISTING_MAP_PROGRESSION,ACTIVE,TOHOKU_ECOLOGY:T027:水上オーバーレイ:Lv20-30
ROUTE_0979_SKRELP,RUNTIME,ECOLOGY_OVERLAY,ACTIVE,ROM_REACHABLE_VERIFIED
ROUTE_0980_DRAGALGE,UNLOCK,UNLOCK_EVOLUTION_GLOBAL,ACTIVE,analysis/CURRENT_ACQUISITION_COVERAGE_1231.csv; predecessor canonical id 979; evolution root 0x09F79290
ROUTE_0980_DRAGALGE,SPECIES,SPECIES_KEY_SKRELP,ACTIVE,analysis/CURRENT_ACQUISITION_COVERAGE_1231.csv; predecessor canonical id 979; evolution root 0x09F79290
ROUTE_0980_DRAGALGE,RUNTIME,EVOLUTION,ACTIVE,ROM_EVOLUTION_EDGE_VERIFIED_TRIGGER_SUPPLY_AUDIT_REQUIRED
ROUTE_0981_CLAUNCHER,UNLOCK,UNLOCK_EXISTING_MAP_PROGRESSION,ACTIVE,TOHOKU_ECOLOGY:T510:水上オーバーレイ:Lv24-30
ROUTE_0981_CLAUNCHER,RUNTIME,ECOLOGY_OVERLAY,ACTIVE,ROM_REACHABLE_VERIFIED
ROUTE_0982_CLAWITZER,UNLOCK,UNLOCK_EVOLUTION_GLOBAL,ACTIVE,analysis/CURRENT_ACQUISITION_COVERAGE_1231.csv; predecessor canonical id 981; evolution root 0x09F79290
ROUTE_0982_CLAWITZER,SPECIES,SPECIES_KEY_CLAUNCHER,ACTIVE,analysis/CURRENT_ACQUISITION_COVERAGE_1231.csv; predecessor canonical id 981; evolution root 0x09F79290
ROUTE_0982_CLAWITZER,RUNTIME,EVOLUTION,ACTIVE,ROM_EVOLUTION_EDGE_VERIFIED_TRIGGER_SUPPLY_AUDIT_REQUIRED
ROUTE_0983_HELIOPTILE,UNLOCK,UNLOCK_EXISTING_MAP_PROGRESSION,ACTIVE,TOHOKU_ECOLOGY:T029:草むらオーバーレイ:Lv30-40
ROUTE_0983_HELIOPTILE,RUNTIME,ECOLOGY_OVERLAY,ACTIVE,ROM_REACHABLE_VERIFIED
ROUTE_0984_HELIOLISK,UNLOCK,UNLOCK_EVOLUTION_GLOBAL,ACTIVE,analysis/CURRENT_ACQUISITION_COVERAGE_1231.csv; predecessor canonical id 983; evolution root 0x09F79290
ROUTE_0984_HELIOLISK,SPECIES,SPECIES_KEY_HELIOPTILE,ACTIVE,analysis/CURRENT_ACQUISITION_COVERAGE_1231.csv; predecessor canonical id 983; evolution root 0x09F79290
ROUTE_0984_HELIOLISK,RUNTIME,EVOLUTION,ACTIVE,ROM_EVOLUTION_EDGE_VERIFIED_TRIGGER_SUPPLY_AUDIT_REQUIRED
ROUTE_0985_TYRUNT,UNLOCK,UNLOCK_EXISTING_MAP_PROGRESSION,ACTIVE,ROM_WILD:96/8:K45:FISHING:Lv68-68
ROUTE_0985_TYRUNT,RUNTIME,WILD_TABLE,ACTIVE,ROM_REACHABLE_VERIFIED
ROUTE_0986_TYRANTRUM,UNLOCK,UNLOCK_EVOLUTION_GLOBAL,ACTIVE,analysis/CURRENT_ACQUISITION_COVERAGE_1231.csv; predecessor canonical id 985; evolution root 0x09F79290
ROUTE_0986_TYRANTRUM,SPECIES,SPECIES_KEY_TYRUNT,ACTIVE,analysis/CURRENT_ACQUISITION_COVERAGE_1231.csv; predecessor canonical id 985; evolution root 0x09F79290
ROUTE_0986_TYRANTRUM,RUNTIME,EVOLUTION,ACTIVE,ROM_EVOLUTION_EDGE_VERIFIED_TRIGGER_SUPPLY_AUDIT_REQUIRED
ROUTE_0987_AMAURA,UNLOCK,UNLOCK_EXISTING_MAP_PROGRESSION,ACTIVE,ROM_WILD:96/8:K45:FISHING:Lv68-68
ROUTE_0987_AMAURA,RUNTIME,WILD_TABLE,ACTIVE,ROM_REACHABLE_VERIFIED
ROUTE_0988_AURORUS,UNLOCK,UNLOCK_EVOLUTION_GLOBAL,ACTIVE,analysis/CURRENT_ACQUISITION_COVERAGE_1231.csv; predecessor canonical id 987; evolution root 0x09F79290
ROUTE_0988_AURORUS,SPECIES,SPECIES_KEY_AMAURA,ACTIVE,analysis/CURRENT_ACQUISITION_COVERAGE_1231.csv; predecessor canonical id 987; evolution root 0x09F79290
ROUTE_0988_AURORUS,RUNTIME,EVOLUTION,ACTIVE,ROM_EVOLUTION_EDGE_VERIFIED_TRIGGER_SUPPLY_AUDIT_REQUIRED
ROUTE_0989_SYLVEON,UNLOCK,UNLOCK_EVOLUTION_GLOBAL,ACTIVE,analysis/CURRENT_ACQUISITION_COVERAGE_1231.csv; predecessor canonical id 483; evolution root 0x09F79290
ROUTE_0989_SYLVEON,SPECIES,SPECIES_KEY_EEVEE,ACTIVE,analysis/CURRENT_ACQUISITION_COVERAGE_1231.csv; predecessor canonical id 483; evolution root 0x09F79290
ROUTE_0989_SYLVEON,RUNTIME,EVOLUTION,ACTIVE,ROM_EVOLUTION_EDGE_VERIFIED_TRIGGER_SUPPLY_AUDIT_REQUIRED
ROUTE_0990_HAWLUCHA,UNLOCK,UNLOCK_EXISTING_MAP_PROGRESSION,ACTIVE,TOHOKU_ECOLOGY:T505:草むらオーバーレイ:Lv10-14
ROUTE_0990_HAWLUCHA,RUNTIME,ECOLOGY_OVERLAY,ACTIVE,ROM_REACHABLE_VERIFIED
ROUTE_0991_DEDENNE,UNLOCK,UNLOCK_EXISTING_MAP_PROGRESSION,ACTIVE,TOHOKU_ECOLOGY:T029:大量発生:Lv30-40
ROUTE_0991_DEDENNE,RUNTIME,ECOLOGY_OVERLAY,ACTIVE,ROM_REACHABLE_VERIFIED
ROUTE_0992_CARBINK,UNLOCK,UNLOCK_EXISTING_MAP_PROGRESSION,ACTIVE,TOHOKU_ECOLOGY:T024:いわくだき／DexNav:Lv6-9
ROUTE_0992_CARBINK,RUNTIME,ECOLOGY_OVERLAY,ACTIVE,ROM_REACHABLE_VERIFIED
ROUTE_0993_GOOMY,UNLOCK,UNLOCK_EXISTING_MAP_PROGRESSION,ACTIVE,TOHOKU_ECOLOGY:T042:DexNav隠し枠+屋内異常遭遇／DexNav:Lv58-66
ROUTE_0993_GOOMY,RUNTIME,ECOLOGY_OVERLAY,ACTIVE,ROM_REACHABLE_VERIFIED
ROUTE_0994_SLIGGOO,UNLOCK,UNLOCK_EVOLUTION_GLOBAL,ACTIVE,analysis/CURRENT_ACQUISITION_COVERAGE_1231.csv; predecessor canonical id 993; evolution root 0x09F79290
ROUTE_0994_SLIGGOO,SPECIES,SPECIES_KEY_GOOMY,ACTIVE,analysis/CURRENT_ACQUISITION_COVERAGE_1231.csv; predecessor canonical id 993; evolution root 0x09F79290
ROUTE_0994_SLIGGOO,RUNTIME,EVOLUTION,ACTIVE,ROM_EVOLUTION_EDGE_VERIFIED_TRIGGER_SUPPLY_AUDIT_REQUIRED
ROUTE_0995_GOODRA,UNLOCK,UNLOCK_EVOLUTION_GLOBAL,ACTIVE,analysis/CURRENT_ACQUISITION_COVERAGE_1231.csv; predecessor canonical id 994; evolution root 0x09F79290
ROUTE_0995_GOODRA,SPECIES,SPECIES_KEY_SLIGGOO,ACTIVE,analysis/CURRENT_ACQUISITION_COVERAGE_1231.csv; predecessor canonical id 994; evolution root 0x09F79290
ROUTE_0995_GOODRA,RUNTIME,EVOLUTION,ACTIVE,ROM_EVOLUTION_EDGE_VERIFIED_TRIGGER_SUPPLY_AUDIT_REQUIRED
ROUTE_0996_KLEFKI,UNLOCK,UNLOCK_EXISTING_MAP_PROGRESSION,ACTIVE,TOHOKU_ECOLOGY:T034:DexNav隠し枠／低確率タマゴ+屋内異常遭遇／DexNav:Lv42-55
ROUTE_0996_KLEFKI,RUNTIME,ECOLOGY_OVERLAY,ACTIVE,ROM_REACHABLE_VERIFIED
ROUTE_0997_PHANTUMP,UNLOCK,UNLOCK_EXISTING_MAP_PROGRESSION,ACTIVE,TOHOKU_ECOLOGY:T025:夜間オーバーレイ:Lv8-13
ROUTE_0997_PHANTUMP,RUNTIME,ECOLOGY_OVERLAY,ACTIVE,ROM_REACHABLE_VERIFIED
ROUTE_0998_TREVENANT,UNLOCK,UNLOCK_EVOLUTION_GLOBAL,ACTIVE,analysis/CURRENT_ACQUISITION_COVERAGE_1231.csv; predecessor canonical id 997; evolution root 0x09F79290
ROUTE_0998_TREVENANT,SPECIES,SPECIES_KEY_PHANTUMP,ACTIVE,analysis/CURRENT_ACQUISITION_COVERAGE_1231.csv; predecessor canonical id 997; evolution root 0x09F79290
ROUTE_0998_TREVENANT,RUNTIME,EVOLUTION,ACTIVE,ROM_EVOLUTION_EDGE_VERIFIED_TRIGGER_SUPPLY_AUDIT_REQUIRED
ROUTE_0999_PUMPKABOO,UNLOCK,UNLOCK_EXISTING_MAP_PROGRESSION,ACTIVE,TOHOKU_ECOLOGY:T025:夜間オーバーレイ:Lv8-13
ROUTE_0999_PUMPKABOO,RUNTIME,ECOLOGY_OVERLAY,ACTIVE,ROM_REACHABLE_VERIFIED
ROUTE_1000_GOURGEIST,UNLOCK,UNLOCK_EVOLUTION_GLOBAL,ACTIVE,analysis/CURRENT_ACQUISITION_COVERAGE_1231.csv; predecessor canonical id 999; evolution root 0x09F79290
ROUTE_1000_GOURGEIST,SPECIES,SPECIES_KEY_PUMPKABOO,ACTIVE,analysis/CURRENT_ACQUISITION_COVERAGE_1231.csv; predecessor canonical id 999; evolution root 0x09F79290
ROUTE_1000_GOURGEIST,RUNTIME,EVOLUTION,ACTIVE,ROM_EVOLUTION_EDGE_VERIFIED_TRIGGER_SUPPLY_AUDIT_REQUIRED
ROUTE_1001_BERGMITE,UNLOCK,UNLOCK_EXISTING_MAP_PROGRESSION,ACTIVE,TOHOKU_ECOLOGY:T030:洞窟・屋内オーバーレイ:Lv30-40
ROUTE_1001_BERGMITE,RUNTIME,ECOLOGY_OVERLAY,ACTIVE,ROM_REACHABLE_VERIFIED
ROUTE_1002_AVALUGG,UNLOCK,UNLOCK_EVOLUTION_GLOBAL,ACTIVE,analysis/CURRENT_ACQUISITION_COVERAGE_1231.csv; predecessor canonical id 1001; evolution root 0x09F79290
ROUTE_1002_AVALUGG,SPECIES,SPECIES_KEY_BERGMITE,ACTIVE,analysis/CURRENT_ACQUISITION_COVERAGE_1231.csv; predecessor canonical id 1001; evolution root 0x09F79290
ROUTE_1002_AVALUGG,RUNTIME,EVOLUTION,ACTIVE,ROM_EVOLUTION_EDGE_VERIFIED_TRIGGER_SUPPLY_AUDIT_REQUIRED
ROUTE_1003_NOIBAT,UNLOCK,UNLOCK_EXISTING_MAP_PROGRESSION,ACTIVE,TOHOKU_ECOLOGY:T505:草むらオーバーレイ:Lv10-14
ROUTE_1003_NOIBAT,RUNTIME,ECOLOGY_OVERLAY,ACTIVE,ROM_REACHABLE_VERIFIED
ROUTE_1004_NOIVERN,UNLOCK,UNLOCK_EVOLUTION_GLOBAL,ACTIVE,analysis/CURRENT_ACQUISITION_COVERAGE_1231.csv; predecessor canonical id 1003; evolution root 0x09F79290
ROUTE_1004_NOIVERN,SPECIES,SPECIES_KEY_NOIBAT,ACTIVE,analysis/CURRENT_ACQUISITION_COVERAGE_1231.csv; predecessor canonical id 1003; evolution root 0x09F79290
ROUTE_1004_NOIVERN,RUNTIME,EVOLUTION,ACTIVE,ROM_EVOLUTION_EDGE_VERIFIED_TRIGGER_SUPPLY_AUDIT_REQUIRED
ROUTE_1005_XERNEAS,UNLOCK,UNLOCK_RESEARCH_RANK_4,ACTIVE,special master + exact Kanto host JSON + data-driven event runtime
ROUTE_1005_XERNEAS,HOST,HOST_KALOS_BALANCE,ACTIVE,READY_TO_SERIALIZE
ROUTE_1005_XERNEAS,RUNTIME,FIXED_CAPTURE,ACTIVE,READY_TO_INTEGRATE
ROUTE_1006_YVELTAL,UNLOCK,UNLOCK_RESEARCH_RANK_4,ACTIVE,special master + exact Kanto host JSON + data-driven event runtime
ROUTE_1006_YVELTAL,HOST,HOST_KALOS_BALANCE,ACTIVE,READY_TO_SERIALIZE
ROUTE_1006_YVELTAL,RUNTIME,FIXED_CAPTURE,ACTIVE,READY_TO_INTEGRATE
ROUTE_1007_ZYGARDE,UNLOCK,UNLOCK_RESEARCH_RANK_4,ACTIVE,special master + exact Kanto host JSON + data-driven event runtime
ROUTE_1007_ZYGARDE,HOST,HOST_KALOS_BALANCE,ACTIVE,READY_TO_SERIALIZE
ROUTE_1007_ZYGARDE,RUNTIME,FIXED_CAPTURE,ACTIVE,READY_TO_INTEGRATE
ROUTE_1008_DIANCIE,UNLOCK,UNLOCK_RESEARCH_RANK_4,ACTIVE,special master + exact Kanto host JSON + data-driven event runtime
ROUTE_1008_DIANCIE,HOST,HOST_KALOS_BALANCE,ACTIVE,READY_TO_SERIALIZE
ROUTE_1008_DIANCIE,RUNTIME,FIXED_CAPTURE,ACTIVE,READY_TO_INTEGRATE
ROUTE_1009_HOOPA,UNLOCK,UNLOCK_RESEARCH_RANK_4,ACTIVE,special master + exact Kanto host JSON + data-driven event runtime
ROUTE_1009_HOOPA,HOST,HOST_KALOS_BALANCE,ACTIVE,READY_TO_SERIALIZE
ROUTE_1009_HOOPA,RUNTIME,FIXED_CAPTURE,ACTIVE,READY_TO_INTEGRATE
ROUTE_1011_VOLCANION,UNLOCK,UNLOCK_RESEARCH_RANK_4,ACTIVE,special master + exact Kanto host JSON + data-driven event runtime
ROUTE_1011_VOLCANION,HOST,HOST_KALOS_BALANCE,ACTIVE,READY_TO_SERIALIZE
ROUTE_1011_VOLCANION,RUNTIME,FIXED_CAPTURE,ACTIVE,READY_TO_INTEGRATE
ROUTE_1120_ROWLET,UNLOCK,UNLOCK_KANTO_EARLY_ACCESS,ACTIVE,analysis/STARTER_LAB_EVENT_STATUS_24.csv + exact Oak lab host JSON
ROUTE_1120_ROWLET,HOST,HOST_STARTER_LAB,ACTIVE,READY_TO_SERIALIZE
ROUTE_1120_ROWLET,RUNTIME,RESEARCH_EGG,ACTIVE,READY_TO_INTEGRATE
ROUTE_1121_DARTRIX,UNLOCK,UNLOCK_EVOLUTION_GLOBAL,ACTIVE,official evolution master + source species acquisition route
ROUTE_1121_DARTRIX,SPECIES,SPECIES_KEY_ROWLET,ACTIVE,official evolution master + source species acquisition route
ROUTE_1121_DARTRIX,RUNTIME,EVOLUTION,ACTIVE,READY_TO_INTEGRATE_AFTER_SOURCE_EVENT
ROUTE_1122_DECIDUEYE,UNLOCK,UNLOCK_EVOLUTION_GLOBAL,ACTIVE,official evolution master + source species acquisition route
ROUTE_1122_DECIDUEYE,SPECIES,SPECIES_KEY_DARTRIX,ACTIVE,official evolution master + source species acquisition route
ROUTE_1122_DECIDUEYE,RUNTIME,EVOLUTION,ACTIVE,READY_TO_INTEGRATE_AFTER_SOURCE_EVENT
ROUTE_1123_LITTEN,UNLOCK,UNLOCK_KANTO_EARLY_ACCESS,ACTIVE,analysis/STARTER_LAB_EVENT_STATUS_24.csv + exact Oak lab host JSON
ROUTE_1123_LITTEN,HOST,HOST_STARTER_LAB,ACTIVE,READY_TO_SERIALIZE
ROUTE_1123_LITTEN,RUNTIME,RESEARCH_EGG,ACTIVE,READY_TO_INTEGRATE
ROUTE_1124_TORRACAT,UNLOCK,UNLOCK_EVOLUTION_GLOBAL,ACTIVE,official evolution master + source species acquisition route
ROUTE_1124_TORRACAT,SPECIES,SPECIES_KEY_LITTEN,ACTIVE,official evolution master + source species acquisition route
ROUTE_1124_TORRACAT,RUNTIME,EVOLUTION,ACTIVE,READY_TO_INTEGRATE_AFTER_SOURCE_EVENT
ROUTE_1125_INCINEROAR,UNLOCK,UNLOCK_EVOLUTION_GLOBAL,ACTIVE,official evolution master + source species acquisition route
ROUTE_1125_INCINEROAR,SPECIES,SPECIES_KEY_TORRACAT,ACTIVE,official evolution master + source species acquisition route
ROUTE_1125_INCINEROAR,RUNTIME,EVOLUTION,ACTIVE,READY_TO_INTEGRATE_AFTER_SOURCE_EVENT
ROUTE_1126_POPPLIO,UNLOCK,UNLOCK_KANTO_EARLY_ACCESS,ACTIVE,analysis/STARTER_LAB_EVENT_STATUS_24.csv + exact Oak lab host JSON
ROUTE_1126_POPPLIO,HOST,HOST_STARTER_LAB,ACTIVE,READY_TO_SERIALIZE
ROUTE_1126_POPPLIO,RUNTIME,RESEARCH_EGG,ACTIVE,READY_TO_INTEGRATE
ROUTE_1127_BRIONNE,UNLOCK,UNLOCK_EVOLUTION_GLOBAL,ACTIVE,official evolution master + source species acquisition route
ROUTE_1127_BRIONNE,SPECIES,SPECIES_KEY_POPPLIO,ACTIVE,official evolution master + source species acquisition route
ROUTE_1127_BRIONNE,RUNTIME,EVOLUTION,ACTIVE,READY_TO_INTEGRATE_AFTER_SOURCE_EVENT
ROUTE_1128_PRIMARINA,UNLOCK,UNLOCK_EVOLUTION_GLOBAL,ACTIVE,official evolution master + source species acquisition route
ROUTE_1128_PRIMARINA,SPECIES,SPECIES_KEY_BRIONNE,ACTIVE,official evolution master + source species acquisition route
ROUTE_1128_PRIMARINA,RUNTIME,EVOLUTION,ACTIVE,READY_TO_INTEGRATE_AFTER_SOURCE_EVENT
ROUTE_1129_PIKIPEK,UNLOCK,UNLOCK_EXISTING_MAP_PROGRESSION,ACTIVE,TOHOKU_ECOLOGY:T501:草むらオーバーレイ:Lv2-5
ROUTE_1129_PIKIPEK,RUNTIME,ECOLOGY_OVERLAY,ACTIVE,ROM_REACHABLE_VERIFIED
ROUTE_1130_TRUMBEAK,UNLOCK,UNLOCK_EVOLUTION_GLOBAL,ACTIVE,analysis/CURRENT_ACQUISITION_COVERAGE_1231.csv; predecessor canonical id 1129; evolution root 0x09F79290
ROUTE_1130_TRUMBEAK,SPECIES,SPECIES_KEY_PIKIPEK,ACTIVE,analysis/CURRENT_ACQUISITION_COVERAGE_1231.csv; predecessor canonical id 1129; evolution root 0x09F79290
ROUTE_1130_TRUMBEAK,RUNTIME,EVOLUTION,ACTIVE,ROM_EVOLUTION_EDGE_VERIFIED_TRIGGER_SUPPLY_AUDIT_REQUIRED
ROUTE_1131_TOUCANNON,UNLOCK,UNLOCK_EVOLUTION_GLOBAL,ACTIVE,analysis/CURRENT_ACQUISITION_COVERAGE_1231.csv; predecessor canonical id 1130; evolution root 0x09F79290
ROUTE_1131_TOUCANNON,SPECIES,SPECIES_KEY_TRUMBEAK,ACTIVE,analysis/CURRENT_ACQUISITION_COVERAGE_1231.csv; predecessor canonical id 1130; evolution root 0x09F79290
ROUTE_1131_TOUCANNON,RUNTIME,EVOLUTION,ACTIVE,ROM_EVOLUTION_EDGE_VERIFIED_TRIGGER_SUPPLY_AUDIT_REQUIRED
ROUTE_1132_YUNGOOS,UNLOCK,UNLOCK_EXISTING_MAP_PROGRESSION,ACTIVE,TOHOKU_ECOLOGY:T504:草むらオーバーレイ:Lv9-13
ROUTE_1132_YUNGOOS,RUNTIME,ECOLOGY_OVERLAY,ACTIVE,ROM_REACHABLE_VERIFIED
ROUTE_1133_GUMSHOOS,UNLOCK,UNLOCK_EVOLUTION_GLOBAL,ACTIVE,analysis/CURRENT_ACQUISITION_COVERAGE_1231.csv; predecessor canonical id 1132; evolution root 0x09F79290
ROUTE_1133_GUMSHOOS,SPECIES,SPECIES_KEY_YUNGOOS,ACTIVE,analysis/CURRENT_ACQUISITION_COVERAGE_1231.csv; predecessor canonical id 1132; evolution root 0x09F79290
ROUTE_1133_GUMSHOOS,RUNTIME,EVOLUTION,ACTIVE,ROM_EVOLUTION_EDGE_VERIFIED_TRIGGER_SUPPLY_AUDIT_REQUIRED
ROUTE_1134_GRUBBIN,UNLOCK,UNLOCK_EXISTING_MAP_PROGRESSION,ACTIVE,TOHOKU_ECOLOGY:T036:ずつき／朝昼オーバーレイ:Lv38-48
ROUTE_1134_GRUBBIN,RUNTIME,ECOLOGY_OVERLAY,ACTIVE,ROM_REACHABLE_VERIFIED
ROUTE_1135_CHARJABUG,UNLOCK,UNLOCK_EVOLUTION_GLOBAL,ACTIVE,analysis/CURRENT_ACQUISITION_COVERAGE_1231.csv; predecessor canonical id 1134; evolution root 0x09F79290
ROUTE_1135_CHARJABUG,SPECIES,SPECIES_KEY_GRUBBIN,ACTIVE,analysis/CURRENT_ACQUISITION_COVERAGE_1231.csv; predecessor canonical id 1134; evolution root 0x09F79290
ROUTE_1135_CHARJABUG,RUNTIME,EVOLUTION,ACTIVE,ROM_EVOLUTION_EDGE_VERIFIED_TRIGGER_SUPPLY_AUDIT_REQUIRED
ROUTE_1136_VIKAVOLT,UNLOCK,UNLOCK_EVOLUTION_GLOBAL,ACTIVE,analysis/CURRENT_ACQUISITION_COVERAGE_1231.csv; predecessor canonical id 1135; evolution root 0x09F79290
ROUTE_1136_VIKAVOLT,SPECIES,SPECIES_KEY_CHARJABUG,ACTIVE,analysis/CURRENT_ACQUISITION_COVERAGE_1231.csv; predecessor canonical id 1135; evolution root 0x09F79290
ROUTE_1136_VIKAVOLT,RUNTIME,EVOLUTION,ACTIVE,ROM_EVOLUTION_EDGE_VERIFIED_TRIGGER_SUPPLY_AUDIT_REQUIRED
ROUTE_1137_CRABRAWLER,UNLOCK,UNLOCK_EXISTING_MAP_PROGRESSION,ACTIVE,TOHOKU_ECOLOGY:T031:洞窟・屋内オーバーレイ:Lv36-46
ROUTE_1137_CRABRAWLER,RUNTIME,ECOLOGY_OVERLAY,ACTIVE,ROM_REACHABLE_VERIFIED
ROUTE_1138_CRABOMINABLE,UNLOCK,UNLOCK_EVOLUTION_GLOBAL,ACTIVE,analysis/CURRENT_ACQUISITION_COVERAGE_1231.csv; predecessor canonical id 1137; evolution root 0x09F79290
ROUTE_1138_CRABOMINABLE,SPECIES,SPECIES_KEY_CRABRAWLER,ACTIVE,analysis/CURRENT_ACQUISITION_COVERAGE_1231.csv; predecessor canonical id 1137; evolution root 0x09F79290
ROUTE_1138_CRABOMINABLE,RUNTIME,EVOLUTION,ACTIVE,ROM_EVOLUTION_EDGE_VERIFIED_TRIGGER_SUPPLY_AUDIT_REQUIRED
ROUTE_1139_ORICORIO,UNLOCK,UNLOCK_EXISTING_MAP_PROGRESSION,ACTIVE,TOHOKU_ECOLOGY:T521:草むらオーバーレイ:Lv45-52
ROUTE_1139_ORICORIO,RUNTIME,ECOLOGY_OVERLAY,ACTIVE,ROM_REACHABLE_VERIFIED
ROUTE_1140_CUTIEFLY,UNLOCK,UNLOCK_EXISTING_MAP_PROGRESSION,ACTIVE,TOHOKU_ECOLOGY:T026:ずつき／朝昼オーバーレイ:Lv38-48
ROUTE_1140_CUTIEFLY,RUNTIME,ECOLOGY_OVERLAY,ACTIVE,ROM_REACHABLE_VERIFIED
ROUTE_1141_RIBOMBEE,UNLOCK,UNLOCK_EVOLUTION_GLOBAL,ACTIVE,analysis/CURRENT_ACQUISITION_COVERAGE_1231.csv; predecessor canonical id 1140; evolution root 0x09F79290
ROUTE_1141_RIBOMBEE,SPECIES,SPECIES_KEY_CUTIEFLY,ACTIVE,analysis/CURRENT_ACQUISITION_COVERAGE_1231.csv; predecessor canonical id 1140; evolution root 0x09F79290
ROUTE_1141_RIBOMBEE,RUNTIME,EVOLUTION,ACTIVE,ROM_EVOLUTION_EDGE_VERIFIED_TRIGGER_SUPPLY_AUDIT_REQUIRED
ROUTE_1142_ROCKRUFF,UNLOCK,UNLOCK_EXISTING_MAP_PROGRESSION,ACTIVE,TOHOKU_ECOLOGY:T028:いわくだき／DexNav:Lv30-40
ROUTE_1142_ROCKRUFF,RUNTIME,ECOLOGY_OVERLAY,ACTIVE,ROM_REACHABLE_VERIFIED
ROUTE_1143_LYCANROC,UNLOCK,UNLOCK_EVOLUTION_GLOBAL,ACTIVE,analysis/CURRENT_ACQUISITION_COVERAGE_1231.csv; predecessor canonical id 1142; evolution root 0x09F79290
ROUTE_1143_LYCANROC,SPECIES,SPECIES_KEY_ROCKRUFF,ACTIVE,analysis/CURRENT_ACQUISITION_COVERAGE_1231.csv; predecessor canonical id 1142; evolution root 0x09F79290
ROUTE_1143_LYCANROC,RUNTIME,EVOLUTION,ACTIVE,ROM_EVOLUTION_EDGE_VERIFIED_TRIGGER_SUPPLY_AUDIT_REQUIRED
ROUTE_1144_WISHIWASHI,UNLOCK,UNLOCK_EXISTING_MAP_PROGRESSION,ACTIVE,TOHOKU_ECOLOGY:T507:水上オーバーレイ:Lv17-23
ROUTE_1144_WISHIWASHI,RUNTIME,ECOLOGY_OVERLAY,ACTIVE,ROM_REACHABLE_VERIFIED
ROUTE_1145_MAREANIE,UNLOCK,UNLOCK_EXISTING_MAP_PROGRESSION,ACTIVE,TOHOKU_ECOLOGY:T038:水上オーバーレイ:Lv38-48
ROUTE_1145_MAREANIE,RUNTIME,ECOLOGY_OVERLAY,ACTIVE,ROM_REACHABLE_VERIFIED
ROUTE_1146_TOXAPEX,UNLOCK,UNLOCK_EVOLUTION_GLOBAL,ACTIVE,analysis/CURRENT_ACQUISITION_COVERAGE_1231.csv; predecessor canonical id 1145; evolution root 0x09F79290
ROUTE_1146_TOXAPEX,SPECIES,SPECIES_KEY_MAREANIE,ACTIVE,analysis/CURRENT_ACQUISITION_COVERAGE_1231.csv; predecessor canonical id 1145; evolution root 0x09F79290
ROUTE_1146_TOXAPEX,RUNTIME,EVOLUTION,ACTIVE,ROM_EVOLUTION_EDGE_VERIFIED_TRIGGER_SUPPLY_AUDIT_REQUIRED
ROUTE_1147_MUDBRAY,UNLOCK,UNLOCK_EXISTING_MAP_PROGRESSION,ACTIVE,TOHOKU_ECOLOGY:T028:いわくだき／DexNav:Lv30-40
ROUTE_1147_MUDBRAY,RUNTIME,ECOLOGY_OVERLAY,ACTIVE,ROM_REACHABLE_VERIFIED
ROUTE_1148_MUDSDALE,UNLOCK,UNLOCK_EVOLUTION_GLOBAL,ACTIVE,analysis/CURRENT_ACQUISITION_COVERAGE_1231.csv; predecessor canonical id 1147; evolution root 0x09F79290
ROUTE_1148_MUDSDALE,SPECIES,SPECIES_KEY_MUDBRAY,ACTIVE,analysis/CURRENT_ACQUISITION_COVERAGE_1231.csv; predecessor canonical id 1147; evolution root 0x09F79290
ROUTE_1148_MUDSDALE,RUNTIME,EVOLUTION,ACTIVE,ROM_EVOLUTION_EDGE_VERIFIED_TRIGGER_SUPPLY_AUDIT_REQUIRED
ROUTE_1149_DEWPIDER,UNLOCK,UNLOCK_EXISTING_MAP_PROGRESSION,ACTIVE,TOHOKU_ECOLOGY:T508:釣りオーバーレイ:Lv19-25
ROUTE_1149_DEWPIDER,RUNTIME,ECOLOGY_OVERLAY,ACTIVE,ROM_REACHABLE_VERIFIED
ROUTE_1150_ARAQUANID,UNLOCK,UNLOCK_EVOLUTION_GLOBAL,ACTIVE,analysis/CURRENT_ACQUISITION_COVERAGE_1231.csv; predecessor canonical id 1149; evolution root 0x09F79290
ROUTE_1150_ARAQUANID,SPECIES,SPECIES_KEY_DEWPIDER,ACTIVE,analysis/CURRENT_ACQUISITION_COVERAGE_1231.csv; predecessor canonical id 1149; evolution root 0x09F79290
ROUTE_1150_ARAQUANID,RUNTIME,EVOLUTION,ACTIVE,ROM_EVOLUTION_EDGE_VERIFIED_TRIGGER_SUPPLY_AUDIT_REQUIRED
ROUTE_1151_FOMANTIS,UNLOCK,UNLOCK_EXISTING_MAP_PROGRESSION,ACTIVE,TOHOKU_ECOLOGY:T026:ずつき／朝昼オーバーレイ:Lv38-48
ROUTE_1151_FOMANTIS,RUNTIME,ECOLOGY_OVERLAY,ACTIVE,ROM_REACHABLE_VERIFIED
ROUTE_1152_LURANTIS,UNLOCK,UNLOCK_EVOLUTION_GLOBAL,ACTIVE,analysis/CURRENT_ACQUISITION_COVERAGE_1231.csv; predecessor canonical id 1151; evolution root 0x09F79290
ROUTE_1152_LURANTIS,SPECIES,SPECIES_KEY_FOMANTIS,ACTIVE,analysis/CURRENT_ACQUISITION_COVERAGE_1231.csv; predecessor canonical id 1151; evolution root 0x09F79290
ROUTE_1152_LURANTIS,RUNTIME,EVOLUTION,ACTIVE,ROM_EVOLUTION_EDGE_VERIFIED_TRIGGER_SUPPLY_AUDIT_REQUIRED
ROUTE_1153_MORELULL,UNLOCK,UNLOCK_EXISTING_MAP_PROGRESSION,ACTIVE,TOHOKU_ECOLOGY:T026:ずつき／朝昼オーバーレイ:Lv38-48
ROUTE_1153_MORELULL,RUNTIME,ECOLOGY_OVERLAY,ACTIVE,ROM_REACHABLE_VERIFIED
ROUTE_1154_SHIINOTIC,UNLOCK,UNLOCK_EVOLUTION_GLOBAL,ACTIVE,analysis/CURRENT_ACQUISITION_COVERAGE_1231.csv; predecessor canonical id 1153; evolution root 0x09F79290
ROUTE_1154_SHIINOTIC,SPECIES,SPECIES_KEY_MORELULL,ACTIVE,analysis/CURRENT_ACQUISITION_COVERAGE_1231.csv; predecessor canonical id 1153; evolution root 0x09F79290
ROUTE_1154_SHIINOTIC,RUNTIME,EVOLUTION,ACTIVE,ROM_EVOLUTION_EDGE_VERIFIED_TRIGGER_SUPPLY_AUDIT_REQUIRED
ROUTE_1155_SALANDIT,UNLOCK,UNLOCK_EXISTING_MAP_PROGRESSION,ACTIVE,TOHOKU_ECOLOGY:T028:洞窟・屋内オーバーレイ:Lv30-40
ROUTE_1155_SALANDIT,RUNTIME,ECOLOGY_OVERLAY,ACTIVE,ROM_REACHABLE_VERIFIED
ROUTE_1156_SALAZZLE,UNLOCK,UNLOCK_EVOLUTION_GLOBAL,ACTIVE,analysis/CURRENT_ACQUISITION_COVERAGE_1231.csv; predecessor canonical id 1155; evolution root 0x09F79290
ROUTE_1156_SALAZZLE,SPECIES,SPECIES_KEY_SALANDIT,ACTIVE,analysis/CURRENT_ACQUISITION_COVERAGE_1231.csv; predecessor canonical id 1155; evolution root 0x09F79290
ROUTE_1156_SALAZZLE,RUNTIME,EVOLUTION,ACTIVE,ROM_EVOLUTION_EDGE_VERIFIED_TRIGGER_SUPPLY_AUDIT_REQUIRED
ROUTE_1157_STUFFUL,UNLOCK,UNLOCK_EXISTING_MAP_PROGRESSION,ACTIVE,TOHOKU_ECOLOGY:T518:草むらオーバーレイ:Lv40-47
ROUTE_1157_STUFFUL,RUNTIME,ECOLOGY_OVERLAY,ACTIVE,ROM_REACHABLE_VERIFIED
ROUTE_1158_BEWEAR,UNLOCK,UNLOCK_EVOLUTION_GLOBAL,ACTIVE,analysis/CURRENT_ACQUISITION_COVERAGE_1231.csv; predecessor canonical id 1157; evolution root 0x09F79290
ROUTE_1158_BEWEAR,SPECIES,SPECIES_KEY_STUFFUL,ACTIVE,analysis/CURRENT_ACQUISITION_COVERAGE_1231.csv; predecessor canonical id 1157; evolution root 0x09F79290
ROUTE_1158_BEWEAR,RUNTIME,EVOLUTION,ACTIVE,ROM_EVOLUTION_EDGE_VERIFIED_TRIGGER_SUPPLY_AUDIT_REQUIRED
ROUTE_1159_BOUNSWEET,UNLOCK,UNLOCK_EXISTING_MAP_PROGRESSION,ACTIVE,TOHOKU_ECOLOGY:T517:大量発生:Lv38-45
ROUTE_1159_BOUNSWEET,RUNTIME,ECOLOGY_OVERLAY,ACTIVE,ROM_REACHABLE_VERIFIED
ROUTE_1160_STEENEE,UNLOCK,UNLOCK_EVOLUTION_GLOBAL,ACTIVE,analysis/CURRENT_ACQUISITION_COVERAGE_1231.csv; predecessor canonical id 1159; evolution root 0x09F79290
ROUTE_1160_STEENEE,SPECIES,SPECIES_KEY_BOUNSWEET,ACTIVE,analysis/CURRENT_ACQUISITION_COVERAGE_1231.csv; predecessor canonical id 1159; evolution root 0x09F79290
ROUTE_1160_STEENEE,RUNTIME,EVOLUTION,ACTIVE,ROM_EVOLUTION_EDGE_VERIFIED_TRIGGER_SUPPLY_AUDIT_REQUIRED
ROUTE_1161_TSAREENA,UNLOCK,UNLOCK_EVOLUTION_GLOBAL,ACTIVE,analysis/CURRENT_ACQUISITION_COVERAGE_1231.csv; predecessor canonical id 1160; evolution root 0x09F79290
ROUTE_1161_TSAREENA,SPECIES,SPECIES_KEY_STEENEE,ACTIVE,analysis/CURRENT_ACQUISITION_COVERAGE_1231.csv; predecessor canonical id 1160; evolution root 0x09F79290
ROUTE_1161_TSAREENA,RUNTIME,EVOLUTION,ACTIVE,ROM_EVOLUTION_EDGE_VERIFIED_TRIGGER_SUPPLY_AUDIT_REQUIRED
ROUTE_1162_COMFEY,UNLOCK,UNLOCK_EXISTING_MAP_PROGRESSION,ACTIVE,TOHOKU_ECOLOGY:T519:草むらオーバーレイ:Lv41-48
ROUTE_1162_COMFEY,RUNTIME,ECOLOGY_OVERLAY,ACTIVE,ROM_REACHABLE_VERIFIED
ROUTE_1163_ORANGURU,UNLOCK,UNLOCK_EXISTING_MAP_PROGRESSION,ACTIVE,TOHOKU_ECOLOGY:T519:草むらオーバーレイ:Lv41-48
ROUTE_1163_ORANGURU,RUNTIME,ECOLOGY_OVERLAY,ACTIVE,ROM_REACHABLE_VERIFIED
ROUTE_1164_PASSIMIAN,UNLOCK,UNLOCK_EXISTING_MAP_PROGRESSION,ACTIVE,TOHOKU_ECOLOGY:T514:草むらオーバーレイ:Lv31-38
ROUTE_1164_PASSIMIAN,RUNTIME,ECOLOGY_OVERLAY,ACTIVE,ROM_REACHABLE_VERIFIED
ROUTE_1165_WIMPOD,UNLOCK,UNLOCK_EXISTING_MAP_PROGRESSION,ACTIVE,TOHOKU_ECOLOGY:T038:水上オーバーレイ:Lv38-48
ROUTE_1165_WIMPOD,RUNTIME,ECOLOGY_OVERLAY,ACTIVE,ROM_REACHABLE_VERIFIED
ROUTE_1166_GOLISOPOD,UNLOCK,UNLOCK_EVOLUTION_GLOBAL,ACTIVE,analysis/CURRENT_ACQUISITION_COVERAGE_1231.csv; predecessor canonical id 1165; evolution root 0x09F79290
ROUTE_1166_GOLISOPOD,SPECIES,SPECIES_KEY_WIMPOD,ACTIVE,analysis/CURRENT_ACQUISITION_COVERAGE_1231.csv; predecessor canonical id 1165; evolution root 0x09F79290
ROUTE_1166_GOLISOPOD,RUNTIME,EVOLUTION,ACTIVE,ROM_EVOLUTION_EDGE_VERIFIED_TRIGGER_SUPPLY_AUDIT_REQUIRED
ROUTE_1167_SANDYGAST,UNLOCK,UNLOCK_EXISTING_MAP_PROGRESSION,ACTIVE,TOHOKU_ECOLOGY:T515:夜間オーバーレイ:Lv33-40
ROUTE_1167_SANDYGAST,RUNTIME,ECOLOGY_OVERLAY,ACTIVE,ROM_REACHABLE_VERIFIED
ROUTE_1168_PALOSSAND,UNLOCK,UNLOCK_EVOLUTION_GLOBAL,ACTIVE,analysis/CURRENT_ACQUISITION_COVERAGE_1231.csv; predecessor canonical id 1167; evolution root 0x09F79290
ROUTE_1168_PALOSSAND,SPECIES,SPECIES_KEY_SANDYGAST,ACTIVE,analysis/CURRENT_ACQUISITION_COVERAGE_1231.csv; predecessor canonical id 1167; evolution root 0x09F79290
ROUTE_1168_PALOSSAND,RUNTIME,EVOLUTION,ACTIVE,ROM_EVOLUTION_EDGE_VERIFIED_TRIGGER_SUPPLY_AUDIT_REQUIRED
ROUTE_1169_PYUKUMUKU,UNLOCK,UNLOCK_EXISTING_MAP_PROGRESSION,ACTIVE,TOHOKU_ECOLOGY:T513:水上／釣りオーバーレイ+釣りオーバーレイ:Lv28-35
ROUTE_1169_PYUKUMUKU,RUNTIME,ECOLOGY_OVERLAY,ACTIVE,ROM_REACHABLE_VERIFIED
ROUTE_1170_TYPE_NULL,UNLOCK,UNLOCK_HALL_OF_FAME,ACTIVE,special master + exact Kanto host JSON + data-driven event runtime
ROUTE_1170_TYPE_NULL,HOST,HOST_ALOLA_LIGHT,ACTIVE,READY_TO_SERIALIZE
ROUTE_1170_TYPE_NULL,RUNTIME,GIFT,ACTIVE,READY_TO_INTEGRATE
ROUTE_1171_SILVALLY,UNLOCK,UNLOCK_EVOLUTION_GLOBAL,ACTIVE,special master + explicit evolution/gift chain design
ROUTE_1171_SILVALLY,SPECIES,SPECIES_KEY_TYPE_NULL,ACTIVE,special master + explicit evolution/gift chain design
ROUTE_1171_SILVALLY,RUNTIME,EVOLUTION_SUPPORT,ACTIVE,READY_TO_INTEGRATE
ROUTE_1172_MINIOR_SHIELD,UNLOCK,UNLOCK_EXISTING_MAP_PROGRESSION,ACTIVE,TOHOKU_ECOLOGY:T040:DexNav隠し枠+屋内異常遭遇／DexNav:Lv50-60
ROUTE_1172_MINIOR_SHIELD,RUNTIME,ECOLOGY_OVERLAY,ACTIVE,ROM_REACHABLE_VERIFIED
ROUTE_1173_KOMALA,UNLOCK,UNLOCK_EXISTING_MAP_PROGRESSION,ACTIVE,TOHOKU_ECOLOGY:T039:草むらオーバーレイ:Lv38-48
ROUTE_1173_KOMALA,RUNTIME,ECOLOGY_OVERLAY,ACTIVE,ROM_REACHABLE_VERIFIED
ROUTE_1174_TURTONATOR,UNLOCK,UNLOCK_EXISTING_MAP_PROGRESSION,ACTIVE,TOHOKU_ECOLOGY:T037:大量発生:Lv38-48
ROUTE_1174_TURTONATOR,RUNTIME,ECOLOGY_OVERLAY,ACTIVE,ROM_REACHABLE_VERIFIED
ROUTE_1175_TOGEDEMARU,UNLOCK,UNLOCK_EXISTING_MAP_PROGRESSION,ACTIVE,TOHOKU_ECOLOGY:T029:大量発生:Lv30-40
ROUTE_1175_TOGEDEMARU,RUNTIME,ECOLOGY_OVERLAY,ACTIVE,ROM_REACHABLE_VERIFIED
ROUTE_1176_MIMIKYU,UNLOCK,UNLOCK_EXISTING_MAP_PROGRESSION,ACTIVE,TOHOKU_ECOLOGY:T033:夜間オーバーレイ:Lv43-55
ROUTE_1176_MIMIKYU,RUNTIME,ECOLOGY_OVERLAY,ACTIVE,ROM_REACHABLE_VERIFIED
ROUTE_1177_BRUXISH,UNLOCK,UNLOCK_EXISTING_MAP_PROGRESSION,ACTIVE,TOHOKU_ECOLOGY:T510:水上オーバーレイ:Lv24-30
ROUTE_1177_BRUXISH,RUNTIME,ECOLOGY_OVERLAY,ACTIVE,ROM_REACHABLE_VERIFIED
ROUTE_1178_DRAMPA,UNLOCK,UNLOCK_EXISTING_MAP_PROGRESSION,ACTIVE,TOHOKU_ECOLOGY:T509:草むらオーバーレイ:Lv21-27
ROUTE_1178_DRAMPA,RUNTIME,ECOLOGY_OVERLAY,ACTIVE,ROM_REACHABLE_VERIFIED
ROUTE_1179_DHELMISE,UNLOCK,UNLOCK_EXISTING_MAP_PROGRESSION,ACTIVE,TOHOKU_ECOLOGY:T033:夜間オーバーレイ:Lv43-55
ROUTE_1179_DHELMISE,RUNTIME,ECOLOGY_OVERLAY,ACTIVE,ROM_REACHABLE_VERIFIED
ROUTE_1180_JANGMO_O,UNLOCK,UNLOCK_EXISTING_MAP_PROGRESSION,ACTIVE,TOHOKU_ECOLOGY:T042:DexNav隠し枠+屋内異常遭遇／DexNav:Lv58-66
ROUTE_1180_JANGMO_O,RUNTIME,ECOLOGY_OVERLAY,ACTIVE,ROM_REACHABLE_VERIFIED
ROUTE_1181_HAKAMO_O,UNLOCK,UNLOCK_EVOLUTION_GLOBAL,ACTIVE,analysis/CURRENT_ACQUISITION_COVERAGE_1231.csv; predecessor canonical id 1180; evolution root 0x09F79290
ROUTE_1181_HAKAMO_O,SPECIES,SPECIES_KEY_JANGMO_O,ACTIVE,analysis/CURRENT_ACQUISITION_COVERAGE_1231.csv; predecessor canonical id 1180; evolution root 0x09F79290
ROUTE_1181_HAKAMO_O,RUNTIME,EVOLUTION,ACTIVE,ROM_EVOLUTION_EDGE_VERIFIED_TRIGGER_SUPPLY_AUDIT_REQUIRED
ROUTE_1182_KOMMO_O,UNLOCK,UNLOCK_EVOLUTION_GLOBAL,ACTIVE,analysis/CURRENT_ACQUISITION_COVERAGE_1231.csv; predecessor canonical id 1181; evolution root 0x09F79290
ROUTE_1182_KOMMO_O,SPECIES,SPECIES_KEY_HAKAMO_O,ACTIVE,analysis/CURRENT_ACQUISITION_COVERAGE_1231.csv; predecessor canonical id 1181; evolution root 0x09F79290
ROUTE_1182_KOMMO_O,RUNTIME,EVOLUTION,ACTIVE,ROM_EVOLUTION_EDGE_VERIFIED_TRIGGER_SUPPLY_AUDIT_REQUIRED
ROUTE_1183_TAPU_KOKO,UNLOCK,UNLOCK_HALL_OF_FAME,ACTIVE,special master + exact Kanto host JSON + data-driven event runtime
ROUTE_1183_TAPU_KOKO,HOST,HOST_ALOLA_LIGHT,ACTIVE,READY_TO_SERIALIZE
ROUTE_1183_TAPU_KOKO,RUNTIME,FIXED_CAPTURE,ACTIVE,READY_TO_INTEGRATE
ROUTE_1184_TAPU_LELE,UNLOCK,UNLOCK_HALL_OF_FAME,ACTIVE,special master + exact Kanto host JSON + data-driven event runtime
ROUTE_1184_TAPU_LELE,HOST,HOST_ALOLA_LIGHT,ACTIVE,READY_TO_SERIALIZE
ROUTE_1184_TAPU_LELE,RUNTIME,FIXED_CAPTURE,ACTIVE,READY_TO_INTEGRATE
ROUTE_1185_TAPU_BULU,UNLOCK,UNLOCK_HALL_OF_FAME,ACTIVE,special master + exact Kanto host JSON + data-driven event runtime
ROUTE_1185_TAPU_BULU,HOST,HOST_ALOLA_LIGHT,ACTIVE,READY_TO_SERIALIZE
ROUTE_1185_TAPU_BULU,RUNTIME,FIXED_CAPTURE,ACTIVE,READY_TO_INTEGRATE
ROUTE_1186_TAPU_FINI,UNLOCK,UNLOCK_HALL_OF_FAME,ACTIVE,special master + exact Kanto host JSON + data-driven event runtime
ROUTE_1186_TAPU_FINI,HOST,HOST_ALOLA_LIGHT,ACTIVE,READY_TO_SERIALIZE
ROUTE_1186_TAPU_FINI,RUNTIME,FIXED_CAPTURE,ACTIVE,READY_TO_INTEGRATE
ROUTE_1187_COSMOG,UNLOCK,UNLOCK_HALL_OF_FAME,ACTIVE,special master + exact Kanto host JSON + data-driven event runtime
ROUTE_1187_COSMOG,HOST,HOST_ALOLA_LIGHT,ACTIVE,READY_TO_SERIALIZE
ROUTE_1187_COSMOG,RUNTIME,GIFT,ACTIVE,READY_TO_INTEGRATE
ROUTE_1188_COSMOEM,UNLOCK,UNLOCK_EVOLUTION_GLOBAL,ACTIVE,special master + explicit evolution/gift chain design
ROUTE_1188_COSMOEM,SPECIES,SPECIES_KEY_COSMOG,ACTIVE,special master + explicit evolution/gift chain design
ROUTE_1188_COSMOEM,RUNTIME,EVOLUTION_SUPPORT,ACTIVE,READY_TO_INTEGRATE
ROUTE_1189_SOLGALEO,UNLOCK,UNLOCK_EVOLUTION_GLOBAL,ACTIVE,special master + explicit evolution/gift chain design
ROUTE_1189_SOLGALEO,SPECIES,SPECIES_KEY_COSMOEM,ACTIVE,special master + explicit evolution/gift chain design
ROUTE_1189_SOLGALEO,RUNTIME,EVOLUTION_SUPPORT,ACTIVE,READY_TO_INTEGRATE
ROUTE_1190_LUNALA,UNLOCK,UNLOCK_EVOLUTION_GLOBAL,ACTIVE,special master + explicit evolution/gift chain design
ROUTE_1190_LUNALA,SPECIES,SPECIES_KEY_COSMOEM,ACTIVE,special master + explicit evolution/gift chain design
ROUTE_1190_LUNALA,RUNTIME,EVOLUTION_SUPPORT,ACTIVE,READY_TO_INTEGRATE
ROUTE_1191_NIHILEGO,UNLOCK,UNLOCK_BEAST_BALL,ACTIVE,special master + exact Kanto host JSON + data-driven event runtime
ROUTE_1191_NIHILEGO,HOST,HOST_ULTRA_BREACH,ACTIVE,READY_TO_SERIALIZE
ROUTE_1191_NIHILEGO,RUNTIME,FIXED_CAPTURE,ACTIVE,READY_TO_INTEGRATE
ROUTE_1192_BUZZWOLE,UNLOCK,UNLOCK_BEAST_BALL,ACTIVE,special master + exact Kanto host JSON + data-driven event runtime
ROUTE_1192_BUZZWOLE,HOST,HOST_ULTRA_BREACH,ACTIVE,READY_TO_SERIALIZE
ROUTE_1192_BUZZWOLE,RUNTIME,FIXED_CAPTURE,ACTIVE,READY_TO_INTEGRATE
ROUTE_1193_PHEROMOSA,UNLOCK,UNLOCK_BEAST_BALL,ACTIVE,special master + exact Kanto host JSON + data-driven event runtime
ROUTE_1193_PHEROMOSA,HOST,HOST_ULTRA_BREACH,ACTIVE,READY_TO_SERIALIZE
ROUTE_1193_PHEROMOSA,RUNTIME,FIXED_CAPTURE,ACTIVE,READY_TO_INTEGRATE
ROUTE_1194_XURKITREE,UNLOCK,UNLOCK_BEAST_BALL,ACTIVE,special master + exact Kanto host JSON + data-driven event runtime
ROUTE_1194_XURKITREE,HOST,HOST_ULTRA_BREACH,ACTIVE,READY_TO_SERIALIZE
ROUTE_1194_XURKITREE,RUNTIME,FIXED_CAPTURE,ACTIVE,READY_TO_INTEGRATE
ROUTE_1195_CELESTEELA,UNLOCK,UNLOCK_BEAST_BALL,ACTIVE,special master + exact Kanto host JSON + data-driven event runtime
ROUTE_1195_CELESTEELA,HOST,HOST_ULTRA_BREACH,ACTIVE,READY_TO_SERIALIZE
ROUTE_1195_CELESTEELA,RUNTIME,FIXED_CAPTURE,ACTIVE,READY_TO_INTEGRATE
ROUTE_1196_KARTANA,UNLOCK,UNLOCK_BEAST_BALL,ACTIVE,special master + exact Kanto host JSON + data-driven event runtime
ROUTE_1196_KARTANA,HOST,HOST_ULTRA_BREACH,ACTIVE,READY_TO_SERIALIZE
ROUTE_1196_KARTANA,RUNTIME,FIXED_CAPTURE,ACTIVE,READY_TO_INTEGRATE
ROUTE_1197_GUZZLORD,UNLOCK,UNLOCK_BEAST_BALL,ACTIVE,special master + exact Kanto host JSON + data-driven event runtime
ROUTE_1197_GUZZLORD,HOST,HOST_ULTRA_BREACH,ACTIVE,READY_TO_SERIALIZE
ROUTE_1197_GUZZLORD,RUNTIME,FIXED_CAPTURE,ACTIVE,READY_TO_INTEGRATE
ROUTE_1198_NECROZMA,UNLOCK,UNLOCK_HALL_OF_FAME,ACTIVE,special master + exact Kanto host JSON + data-driven event runtime
ROUTE_1198_NECROZMA,HOST,HOST_ALOLA_LIGHT,ACTIVE,READY_TO_SERIALIZE
ROUTE_1198_NECROZMA,RUNTIME,FIXED_CAPTURE,ACTIVE,READY_TO_INTEGRATE
ROUTE_1199_MAGEARNA,UNLOCK,UNLOCK_HALL_OF_FAME,ACTIVE,special master + exact Kanto host JSON + data-driven event runtime
ROUTE_1199_MAGEARNA,HOST,HOST_ALOLA_LIGHT,ACTIVE,READY_TO_SERIALIZE
ROUTE_1199_MAGEARNA,RUNTIME,GIFT,ACTIVE,READY_TO_INTEGRATE
ROUTE_1200_MARSHADOW,UNLOCK,UNLOCK_HALL_OF_FAME,ACTIVE,special master + exact Kanto host JSON + data-driven event runtime
ROUTE_1200_MARSHADOW,HOST,HOST_ALOLA_LIGHT,ACTIVE,READY_TO_SERIALIZE
ROUTE_1200_MARSHADOW,RUNTIME,FIXED_CAPTURE,ACTIVE,READY_TO_INTEGRATE
ROUTE_1255_POIPOLE,UNLOCK,UNLOCK_BEAST_BALL,ACTIVE,special master + exact Kanto host JSON + data-driven event runtime
ROUTE_1255_POIPOLE,HOST,HOST_ULTRA_BREACH,ACTIVE,READY_TO_SERIALIZE
ROUTE_1255_POIPOLE,RUNTIME,GIFT,ACTIVE,READY_TO_INTEGRATE
ROUTE_1256_NAGANADEL,UNLOCK,UNLOCK_EVOLUTION_GLOBAL,ACTIVE,special master + explicit evolution/gift chain design
ROUTE_1256_NAGANADEL,SPECIES,SPECIES_KEY_POIPOLE,ACTIVE,special master + explicit evolution/gift chain design
ROUTE_1256_NAGANADEL,RUNTIME,EVOLUTION_SUPPORT,ACTIVE,READY_TO_INTEGRATE
ROUTE_1257_STAKATAKA,UNLOCK,UNLOCK_BEAST_BALL,ACTIVE,special master + exact Kanto host JSON + data-driven event runtime
ROUTE_1257_STAKATAKA,HOST,HOST_ULTRA_BREACH,ACTIVE,READY_TO_SERIALIZE
ROUTE_1257_STAKATAKA,RUNTIME,FIXED_CAPTURE,ACTIVE,READY_TO_INTEGRATE
ROUTE_1258_BLACEPHALON,UNLOCK,UNLOCK_BEAST_BALL,ACTIVE,special master + exact Kanto host JSON + data-driven event runtime
ROUTE_1258_BLACEPHALON,HOST,HOST_ULTRA_BREACH,ACTIVE,READY_TO_SERIALIZE
ROUTE_1258_BLACEPHALON,RUNTIME,FIXED_CAPTURE,ACTIVE,READY_TO_INTEGRATE
ROUTE_1259_ZERAORA,UNLOCK,UNLOCK_HALL_OF_FAME,ACTIVE,special master + exact Kanto host JSON + data-driven event runtime
ROUTE_1259_ZERAORA,HOST,HOST_ALOLA_LIGHT,ACTIVE,READY_TO_SERIALIZE
ROUTE_1259_ZERAORA,RUNTIME,FIXED_CAPTURE,ACTIVE,READY_TO_INTEGRATE
ROUTE_1264_MELTAN,UNLOCK,UNLOCK_HALL_OF_FAME,ACTIVE,special master + exact Kanto host JSON + data-driven event runtime
ROUTE_1264_MELTAN,HOST,HOST_FUTURE_CORE,ACTIVE,READY_TO_SERIALIZE
ROUTE_1264_MELTAN,RUNTIME,GIFT,ACTIVE,READY_TO_INTEGRATE
ROUTE_1265_MELMETAL,UNLOCK,UNLOCK_EVOLUTION_GLOBAL,ACTIVE,special master + explicit evolution/gift chain design
ROUTE_1265_MELMETAL,SPECIES,SPECIES_KEY_MELTAN,ACTIVE,special master + explicit evolution/gift chain design
ROUTE_1265_MELMETAL,RUNTIME,EVOLUTION_SUPPORT,ACTIVE,READY_TO_INTEGRATE
ROUTE_1283_GROOKEY,UNLOCK,UNLOCK_KANTO_EARLY_ACCESS,ACTIVE,analysis/STARTER_LAB_EVENT_STATUS_24.csv + exact Oak lab host JSON
ROUTE_1283_GROOKEY,HOST,HOST_STARTER_LAB,ACTIVE,READY_TO_SERIALIZE
ROUTE_1283_GROOKEY,RUNTIME,RESEARCH_EGG,ACTIVE,READY_TO_INTEGRATE
ROUTE_1284_THWACKEY,UNLOCK,UNLOCK_EVOLUTION_GLOBAL,ACTIVE,official evolution master + source species acquisition route
ROUTE_1284_THWACKEY,SPECIES,SPECIES_KEY_GROOKEY,ACTIVE,official evolution master + source species acquisition route
ROUTE_1284_THWACKEY,RUNTIME,EVOLUTION,ACTIVE,READY_TO_INTEGRATE_AFTER_SOURCE_EVENT
ROUTE_1285_RILLABOOM,UNLOCK,UNLOCK_EVOLUTION_GLOBAL,ACTIVE,official evolution master + source species acquisition route
ROUTE_1285_RILLABOOM,SPECIES,SPECIES_KEY_THWACKEY,ACTIVE,official evolution master + source species acquisition route
ROUTE_1285_RILLABOOM,RUNTIME,EVOLUTION,ACTIVE,READY_TO_INTEGRATE_AFTER_SOURCE_EVENT
ROUTE_1286_SCORBUNNY,UNLOCK,UNLOCK_KANTO_EARLY_ACCESS,ACTIVE,analysis/STARTER_LAB_EVENT_STATUS_24.csv + exact Oak lab host JSON
ROUTE_1286_SCORBUNNY,HOST,HOST_STARTER_LAB,ACTIVE,READY_TO_SERIALIZE
ROUTE_1286_SCORBUNNY,RUNTIME,RESEARCH_EGG,ACTIVE,READY_TO_INTEGRATE
ROUTE_1287_RABOOT,UNLOCK,UNLOCK_EVOLUTION_GLOBAL,ACTIVE,official evolution master + source species acquisition route
ROUTE_1287_RABOOT,SPECIES,SPECIES_KEY_SCORBUNNY,ACTIVE,official evolution master + source species acquisition route
ROUTE_1287_RABOOT,RUNTIME,EVOLUTION,ACTIVE,READY_TO_INTEGRATE_AFTER_SOURCE_EVENT
ROUTE_1288_CINDERACE,UNLOCK,UNLOCK_EVOLUTION_GLOBAL,ACTIVE,official evolution master + source species acquisition route
ROUTE_1288_CINDERACE,SPECIES,SPECIES_KEY_RABOOT,ACTIVE,official evolution master + source species acquisition route
ROUTE_1288_CINDERACE,RUNTIME,EVOLUTION,ACTIVE,READY_TO_INTEGRATE_AFTER_SOURCE_EVENT
ROUTE_1289_SOBBLE,UNLOCK,UNLOCK_KANTO_EARLY_ACCESS,ACTIVE,analysis/STARTER_LAB_EVENT_STATUS_24.csv + exact Oak lab host JSON
ROUTE_1289_SOBBLE,HOST,HOST_STARTER_LAB,ACTIVE,READY_TO_SERIALIZE
ROUTE_1289_SOBBLE,RUNTIME,RESEARCH_EGG,ACTIVE,READY_TO_INTEGRATE
ROUTE_1290_DRIZZILE,UNLOCK,UNLOCK_EVOLUTION_GLOBAL,ACTIVE,official evolution master + source species acquisition route
ROUTE_1290_DRIZZILE,SPECIES,SPECIES_KEY_SOBBLE,ACTIVE,official evolution master + source species acquisition route
ROUTE_1290_DRIZZILE,RUNTIME,EVOLUTION,ACTIVE,READY_TO_INTEGRATE_AFTER_SOURCE_EVENT
ROUTE_1291_INTELEON,UNLOCK,UNLOCK_EVOLUTION_GLOBAL,ACTIVE,official evolution master + source species acquisition route
ROUTE_1291_INTELEON,SPECIES,SPECIES_KEY_DRIZZILE,ACTIVE,official evolution master + source species acquisition route
ROUTE_1291_INTELEON,RUNTIME,EVOLUTION,ACTIVE,READY_TO_INTEGRATE_AFTER_SOURCE_EVENT
ROUTE_1292_SKWOVET,UNLOCK,UNLOCK_EXISTING_MAP_PROGRESSION,ACTIVE,TOHOKU_ECOLOGY:T501:大量発生:Lv2-5
ROUTE_1292_SKWOVET,RUNTIME,ECOLOGY_OVERLAY,ACTIVE,ROM_REACHABLE_VERIFIED
ROUTE_1293_GREEDENT,UNLOCK,UNLOCK_EVOLUTION_GLOBAL,ACTIVE,analysis/CURRENT_ACQUISITION_COVERAGE_1231.csv; predecessor canonical id 1292; evolution root 0x09F79290
ROUTE_1293_GREEDENT,SPECIES,SPECIES_KEY_SKWOVET,ACTIVE,analysis/CURRENT_ACQUISITION_COVERAGE_1231.csv; predecessor canonical id 1292; evolution root 0x09F79290
ROUTE_1293_GREEDENT,RUNTIME,EVOLUTION,ACTIVE,ROM_EVOLUTION_EDGE_VERIFIED_TRIGGER_SUPPLY_AUDIT_REQUIRED
ROUTE_1294_ROOKIDEE,UNLOCK,UNLOCK_EXISTING_MAP_PROGRESSION,ACTIVE,TOHOKU_ECOLOGY:T502:ずつき／朝昼オーバーレイ:Lv3-6
ROUTE_1294_ROOKIDEE,RUNTIME,ECOLOGY_OVERLAY,ACTIVE,ROM_REACHABLE_VERIFIED
ROUTE_1295_CORVISQUIRE,UNLOCK,UNLOCK_EVOLUTION_GLOBAL,ACTIVE,analysis/CURRENT_ACQUISITION_COVERAGE_1231.csv; predecessor canonical id 1294; evolution root 0x09F79290
ROUTE_1295_CORVISQUIRE,SPECIES,SPECIES_KEY_ROOKIDEE,ACTIVE,analysis/CURRENT_ACQUISITION_COVERAGE_1231.csv; predecessor canonical id 1294; evolution root 0x09F79290
ROUTE_1295_CORVISQUIRE,RUNTIME,EVOLUTION,ACTIVE,ROM_EVOLUTION_EDGE_VERIFIED_TRIGGER_SUPPLY_AUDIT_REQUIRED
ROUTE_1296_CORVIKNIGHT,UNLOCK,UNLOCK_EVOLUTION_GLOBAL,ACTIVE,analysis/CURRENT_ACQUISITION_COVERAGE_1231.csv; predecessor canonical id 1295; evolution root 0x09F79290
ROUTE_1296_CORVIKNIGHT,SPECIES,SPECIES_KEY_CORVISQUIRE,ACTIVE,analysis/CURRENT_ACQUISITION_COVERAGE_1231.csv; predecessor canonical id 1295; evolution root 0x09F79290
ROUTE_1296_CORVIKNIGHT,RUNTIME,EVOLUTION,ACTIVE,ROM_EVOLUTION_EDGE_VERIFIED_TRIGGER_SUPPLY_AUDIT_REQUIRED
ROUTE_1297_BLIPBUG,UNLOCK,UNLOCK_EXISTING_MAP_PROGRESSION,ACTIVE,TOHOKU_ECOLOGY:T026:ずつき／朝昼オーバーレイ:Lv38-48
ROUTE_1297_BLIPBUG,RUNTIME,ECOLOGY_OVERLAY,ACTIVE,ROM_REACHABLE_VERIFIED
ROUTE_1298_DOTTLER,UNLOCK,UNLOCK_EVOLUTION_GLOBAL,ACTIVE,analysis/CURRENT_ACQUISITION_COVERAGE_1231.csv; predecessor canonical id 1297; evolution root 0x09F79290
ROUTE_1298_DOTTLER,SPECIES,SPECIES_KEY_BLIPBUG,ACTIVE,analysis/CURRENT_ACQUISITION_COVERAGE_1231.csv; predecessor canonical id 1297; evolution root 0x09F79290
ROUTE_1298_DOTTLER,RUNTIME,EVOLUTION,ACTIVE,ROM_EVOLUTION_EDGE_VERIFIED_TRIGGER_SUPPLY_AUDIT_REQUIRED
ROUTE_1299_ORBEETLE,UNLOCK,UNLOCK_EVOLUTION_GLOBAL,ACTIVE,analysis/CURRENT_ACQUISITION_COVERAGE_1231.csv; predecessor canonical id 1298; evolution root 0x09F79290
ROUTE_1299_ORBEETLE,SPECIES,SPECIES_KEY_DOTTLER,ACTIVE,analysis/CURRENT_ACQUISITION_COVERAGE_1231.csv; predecessor canonical id 1298; evolution root 0x09F79290
ROUTE_1299_ORBEETLE,RUNTIME,EVOLUTION,ACTIVE,ROM_EVOLUTION_EDGE_VERIFIED_TRIGGER_SUPPLY_AUDIT_REQUIRED
ROUTE_1300_NICKIT,UNLOCK,UNLOCK_EXISTING_MAP_PROGRESSION,ACTIVE,TOHOKU_ECOLOGY:T503:夜間オーバーレイ:Lv5-9
ROUTE_1300_NICKIT,RUNTIME,ECOLOGY_OVERLAY,ACTIVE,ROM_REACHABLE_VERIFIED
ROUTE_1301_THIEVUL,UNLOCK,UNLOCK_EVOLUTION_GLOBAL,ACTIVE,analysis/CURRENT_ACQUISITION_COVERAGE_1231.csv; predecessor canonical id 1300; evolution root 0x09F79290
ROUTE_1301_THIEVUL,SPECIES,SPECIES_KEY_NICKIT,ACTIVE,analysis/CURRENT_ACQUISITION_COVERAGE_1231.csv; predecessor canonical id 1300; evolution root 0x09F79290
ROUTE_1301_THIEVUL,RUNTIME,EVOLUTION,ACTIVE,ROM_EVOLUTION_EDGE_VERIFIED_TRIGGER_SUPPLY_AUDIT_REQUIRED
ROUTE_1302_GOSSIFLEUR,UNLOCK,UNLOCK_EXISTING_MAP_PROGRESSION,ACTIVE,TOHOKU_ECOLOGY:T504:草むらオーバーレイ:Lv9-13
ROUTE_1302_GOSSIFLEUR,RUNTIME,ECOLOGY_OVERLAY,ACTIVE,ROM_REACHABLE_VERIFIED
ROUTE_1303_ELDEGOSS,UNLOCK,UNLOCK_EVOLUTION_GLOBAL,ACTIVE,analysis/CURRENT_ACQUISITION_COVERAGE_1231.csv; predecessor canonical id 1302; evolution root 0x09F79290
ROUTE_1303_ELDEGOSS,SPECIES,SPECIES_KEY_GOSSIFLEUR,ACTIVE,analysis/CURRENT_ACQUISITION_COVERAGE_1231.csv; predecessor canonical id 1302; evolution root 0x09F79290
ROUTE_1303_ELDEGOSS,RUNTIME,EVOLUTION,ACTIVE,ROM_EVOLUTION_EDGE_VERIFIED_TRIGGER_SUPPLY_AUDIT_REQUIRED
ROUTE_1304_WOOLOO,UNLOCK,UNLOCK_EXISTING_MAP_PROGRESSION,ACTIVE,TOHOKU_ECOLOGY:T519:草むらオーバーレイ:Lv41-48
ROUTE_1304_WOOLOO,RUNTIME,ECOLOGY_OVERLAY,ACTIVE,ROM_REACHABLE_VERIFIED
ROUTE_1305_DUBWOOL,UNLOCK,UNLOCK_EVOLUTION_GLOBAL,ACTIVE,analysis/CURRENT_ACQUISITION_COVERAGE_1231.csv; predecessor canonical id 1304; evolution root 0x09F79290
ROUTE_1305_DUBWOOL,SPECIES,SPECIES_KEY_WOOLOO,ACTIVE,analysis/CURRENT_ACQUISITION_COVERAGE_1231.csv; predecessor canonical id 1304; evolution root 0x09F79290
ROUTE_1305_DUBWOOL,RUNTIME,EVOLUTION,ACTIVE,ROM_EVOLUTION_EDGE_VERIFIED_TRIGGER_SUPPLY_AUDIT_REQUIRED
ROUTE_1306_CHEWTLE,UNLOCK,UNLOCK_EXISTING_MAP_PROGRESSION,ACTIVE,TOHOKU_ECOLOGY:T508:釣りオーバーレイ:Lv19-25
ROUTE_1306_CHEWTLE,RUNTIME,ECOLOGY_OVERLAY,ACTIVE,ROM_REACHABLE_VERIFIED
ROUTE_1307_DREDNAW,UNLOCK,UNLOCK_EVOLUTION_GLOBAL,ACTIVE,analysis/CURRENT_ACQUISITION_COVERAGE_1231.csv; predecessor canonical id 1306; evolution root 0x09F79290
ROUTE_1307_DREDNAW,SPECIES,SPECIES_KEY_CHEWTLE,ACTIVE,analysis/CURRENT_ACQUISITION_COVERAGE_1231.csv; predecessor canonical id 1306; evolution root 0x09F79290
ROUTE_1307_DREDNAW,RUNTIME,EVOLUTION,ACTIVE,ROM_EVOLUTION_EDGE_VERIFIED_TRIGGER_SUPPLY_AUDIT_REQUIRED
ROUTE_1308_YAMPER,UNLOCK,UNLOCK_EXISTING_MAP_PROGRESSION,ACTIVE,TOHOKU_ECOLOGY:T029:大量発生:Lv30-40
ROUTE_1308_YAMPER,RUNTIME,ECOLOGY_OVERLAY,ACTIVE,ROM_REACHABLE_VERIFIED
ROUTE_1309_BOLTUND,UNLOCK,UNLOCK_EVOLUTION_GLOBAL,ACTIVE,analysis/CURRENT_ACQUISITION_COVERAGE_1231.csv; predecessor canonical id 1308; evolution root 0x09F79290
ROUTE_1309_BOLTUND,SPECIES,SPECIES_KEY_YAMPER,ACTIVE,analysis/CURRENT_ACQUISITION_COVERAGE_1231.csv; predecessor canonical id 1308; evolution root 0x09F79290
ROUTE_1309_BOLTUND,RUNTIME,EVOLUTION,ACTIVE,ROM_EVOLUTION_EDGE_VERIFIED_TRIGGER_SUPPLY_AUDIT_REQUIRED
ROUTE_1310_ROLYCOLY,UNLOCK,UNLOCK_EXISTING_MAP_PROGRESSION,ACTIVE,TOHOKU_ECOLOGY:T024:いわくだき／DexNav:Lv6-9
ROUTE_1310_ROLYCOLY,RUNTIME,ECOLOGY_OVERLAY,ACTIVE,ROM_REACHABLE_VERIFIED
ROUTE_1311_CARKOL,UNLOCK,UNLOCK_EVOLUTION_GLOBAL,ACTIVE,analysis/CURRENT_ACQUISITION_COVERAGE_1231.csv; predecessor canonical id 1310; evolution root 0x09F79290
ROUTE_1311_CARKOL,SPECIES,SPECIES_KEY_ROLYCOLY,ACTIVE,analysis/CURRENT_ACQUISITION_COVERAGE_1231.csv; predecessor canonical id 1310; evolution root 0x09F79290
ROUTE_1311_CARKOL,RUNTIME,EVOLUTION,ACTIVE,ROM_EVOLUTION_EDGE_VERIFIED_TRIGGER_SUPPLY_AUDIT_REQUIRED
ROUTE_1312_COALOSSAL,UNLOCK,UNLOCK_EVOLUTION_GLOBAL,ACTIVE,analysis/CURRENT_ACQUISITION_COVERAGE_1231.csv; predecessor canonical id 1311; evolution root 0x09F79290
ROUTE_1312_COALOSSAL,SPECIES,SPECIES_KEY_CARKOL,ACTIVE,analysis/CURRENT_ACQUISITION_COVERAGE_1231.csv; predecessor canonical id 1311; evolution root 0x09F79290
ROUTE_1312_COALOSSAL,RUNTIME,EVOLUTION,ACTIVE,ROM_EVOLUTION_EDGE_VERIFIED_TRIGGER_SUPPLY_AUDIT_REQUIRED
ROUTE_1313_APPLIN,UNLOCK,UNLOCK_EXISTING_MAP_PROGRESSION,ACTIVE,TOHOKU_ECOLOGY:T026:ずつき／朝昼オーバーレイ:Lv38-48
ROUTE_1313_APPLIN,RUNTIME,ECOLOGY_OVERLAY,ACTIVE,ROM_REACHABLE_VERIFIED
ROUTE_1314_FLAPPLE,UNLOCK,UNLOCK_EVOLUTION_GLOBAL,ACTIVE,analysis/CURRENT_ACQUISITION_COVERAGE_1231.csv; predecessor canonical id 1313; evolution root 0x09F79290
ROUTE_1314_FLAPPLE,SPECIES,SPECIES_KEY_APPLIN,ACTIVE,analysis/CURRENT_ACQUISITION_COVERAGE_1231.csv; predecessor canonical id 1313; evolution root 0x09F79290
ROUTE_1314_FLAPPLE,RUNTIME,EVOLUTION,ACTIVE,ROM_EVOLUTION_EDGE_VERIFIED_TRIGGER_SUPPLY_AUDIT_REQUIRED
ROUTE_1315_APPLETUN,UNLOCK,UNLOCK_EVOLUTION_GLOBAL,ACTIVE,analysis/CURRENT_ACQUISITION_COVERAGE_1231.csv; predecessor canonical id 1313; evolution root 0x09F79290
ROUTE_1315_APPLETUN,SPECIES,SPECIES_KEY_APPLIN,ACTIVE,analysis/CURRENT_ACQUISITION_COVERAGE_1231.csv; predecessor canonical id 1313; evolution root 0x09F79290
ROUTE_1315_APPLETUN,RUNTIME,EVOLUTION,ACTIVE,ROM_EVOLUTION_EDGE_VERIFIED_TRIGGER_SUPPLY_AUDIT_REQUIRED
ROUTE_1316_SILICOBRA,UNLOCK,UNLOCK_EXISTING_MAP_PROGRESSION,ACTIVE,TOHOKU_ECOLOGY:T505:いわくだき／DexNav:Lv10-14
ROUTE_1316_SILICOBRA,RUNTIME,ECOLOGY_OVERLAY,ACTIVE,ROM_REACHABLE_VERIFIED
ROUTE_1317_SANDACONDA,UNLOCK,UNLOCK_EVOLUTION_GLOBAL,ACTIVE,analysis/CURRENT_ACQUISITION_COVERAGE_1231.csv; predecessor canonical id 1316; evolution root 0x09F79290
ROUTE_1317_SANDACONDA,SPECIES,SPECIES_KEY_SILICOBRA,ACTIVE,analysis/CURRENT_ACQUISITION_COVERAGE_1231.csv; predecessor canonical id 1316; evolution root 0x09F79290
ROUTE_1317_SANDACONDA,RUNTIME,EVOLUTION,ACTIVE,ROM_EVOLUTION_EDGE_VERIFIED_TRIGGER_SUPPLY_AUDIT_REQUIRED
ROUTE_1318_CRAMORANT,UNLOCK,UNLOCK_EXISTING_MAP_PROGRESSION,ACTIVE,TOHOKU_ECOLOGY:T509:水上オーバーレイ:Lv21-27
ROUTE_1318_CRAMORANT,RUNTIME,ECOLOGY_OVERLAY,ACTIVE,ROM_REACHABLE_VERIFIED
ROUTE_1319_ARROKUDA,UNLOCK,UNLOCK_EXISTING_MAP_PROGRESSION,ACTIVE,TOHOKU_ECOLOGY:T507:釣りオーバーレイ:Lv17-23
ROUTE_1319_ARROKUDA,RUNTIME,ECOLOGY_OVERLAY,ACTIVE,ROM_REACHABLE_VERIFIED
ROUTE_1320_BARRASKEWDA,UNLOCK,UNLOCK_EVOLUTION_GLOBAL,ACTIVE,analysis/CURRENT_ACQUISITION_COVERAGE_1231.csv; predecessor canonical id 1319; evolution root 0x09F79290
ROUTE_1320_BARRASKEWDA,SPECIES,SPECIES_KEY_ARROKUDA,ACTIVE,analysis/CURRENT_ACQUISITION_COVERAGE_1231.csv; predecessor canonical id 1319; evolution root 0x09F79290
ROUTE_1320_BARRASKEWDA,RUNTIME,EVOLUTION,ACTIVE,ROM_EVOLUTION_EDGE_VERIFIED_TRIGGER_SUPPLY_AUDIT_REQUIRED
ROUTE_1321_TOXEL,UNLOCK,UNLOCK_EXISTING_MAP_PROGRESSION,ACTIVE,TOHOKU_ECOLOGY:T029:DexNav隠し枠／低確率タマゴ:Lv30-40
ROUTE_1321_TOXEL,RUNTIME,ECOLOGY_OVERLAY,ACTIVE,ROM_REACHABLE_VERIFIED
ROUTE_1322_TOXTRICITY,UNLOCK,UNLOCK_EVOLUTION_GLOBAL,ACTIVE,analysis/CURRENT_ACQUISITION_COVERAGE_1231.csv; predecessor canonical id 1321; evolution root 0x09F79290
ROUTE_1322_TOXTRICITY,SPECIES,SPECIES_KEY_TOXEL,ACTIVE,analysis/CURRENT_ACQUISITION_COVERAGE_1231.csv; predecessor canonical id 1321; evolution root 0x09F79290
ROUTE_1322_TOXTRICITY,RUNTIME,EVOLUTION,ACTIVE,ROM_EVOLUTION_EDGE_VERIFIED_TRIGGER_SUPPLY_AUDIT_REQUIRED
ROUTE_1323_SIZZLIPEDE,UNLOCK,UNLOCK_EXISTING_MAP_PROGRESSION,ACTIVE,TOHOKU_ECOLOGY:T028:洞窟・屋内オーバーレイ:Lv30-40
ROUTE_1323_SIZZLIPEDE,RUNTIME,ECOLOGY_OVERLAY,ACTIVE,ROM_REACHABLE_VERIFIED
ROUTE_1324_CENTISKORCH,UNLOCK,UNLOCK_EVOLUTION_GLOBAL,ACTIVE,analysis/CURRENT_ACQUISITION_COVERAGE_1231.csv; predecessor canonical id 1323; evolution root 0x09F79290
ROUTE_1324_CENTISKORCH,SPECIES,SPECIES_KEY_SIZZLIPEDE,ACTIVE,analysis/CURRENT_ACQUISITION_COVERAGE_1231.csv; predecessor canonical id 1323; evolution root 0x09F79290
ROUTE_1324_CENTISKORCH,RUNTIME,EVOLUTION,ACTIVE,ROM_EVOLUTION_EDGE_VERIFIED_TRIGGER_SUPPLY_AUDIT_REQUIRED
ROUTE_1325_CLOBBOPUS,UNLOCK,UNLOCK_EXISTING_MAP_PROGRESSION,ACTIVE,TOHOKU_ECOLOGY:T522:草むらオーバーレイ:Lv47-54
ROUTE_1325_CLOBBOPUS,RUNTIME,ECOLOGY_OVERLAY,ACTIVE,ROM_REACHABLE_VERIFIED
ROUTE_1326_GRAPPLOCT,UNLOCK,UNLOCK_EVOLUTION_GLOBAL,ACTIVE,analysis/CURRENT_ACQUISITION_COVERAGE_1231.csv; predecessor canonical id 1325; evolution root 0x09F79290
ROUTE_1326_GRAPPLOCT,SPECIES,SPECIES_KEY_CLOBBOPUS,ACTIVE,analysis/CURRENT_ACQUISITION_COVERAGE_1231.csv; predecessor canonical id 1325; evolution root 0x09F79290
ROUTE_1326_GRAPPLOCT,RUNTIME,EVOLUTION,ACTIVE,ROM_EVOLUTION_EDGE_VERIFIED_TRIGGER_SUPPLY_AUDIT_REQUIRED
ROUTE_1327_SINISTEA,UNLOCK,UNLOCK_EXISTING_MAP_PROGRESSION,ACTIVE,TOHOKU_ECOLOGY:T025:夜間オーバーレイ:Lv8-13
ROUTE_1327_SINISTEA,RUNTIME,ECOLOGY_OVERLAY,ACTIVE,ROM_REACHABLE_VERIFIED
ROUTE_1328_POLTEAGEIST,UNLOCK,UNLOCK_EVOLUTION_GLOBAL,ACTIVE,analysis/CURRENT_ACQUISITION_COVERAGE_1231.csv; predecessor canonical id 1327; evolution root 0x09F79290
ROUTE_1328_POLTEAGEIST,SPECIES,SPECIES_KEY_SINISTEA,ACTIVE,analysis/CURRENT_ACQUISITION_COVERAGE_1231.csv; predecessor canonical id 1327; evolution root 0x09F79290
ROUTE_1328_POLTEAGEIST,RUNTIME,EVOLUTION,ACTIVE,ROM_EVOLUTION_EDGE_VERIFIED_TRIGGER_SUPPLY_AUDIT_REQUIRED
ROUTE_1329_HATENNA,UNLOCK,UNLOCK_EXISTING_MAP_PROGRESSION,ACTIVE,TOHOKU_ECOLOGY:T025:洞窟・屋内オーバーレイ:Lv8-13
ROUTE_1329_HATENNA,RUNTIME,ECOLOGY_OVERLAY,ACTIVE,ROM_REACHABLE_VERIFIED
ROUTE_1330_HATTREM,UNLOCK,UNLOCK_EVOLUTION_GLOBAL,ACTIVE,analysis/CURRENT_ACQUISITION_COVERAGE_1231.csv; predecessor canonical id 1329; evolution root 0x09F79290
ROUTE_1330_HATTREM,SPECIES,SPECIES_KEY_HATENNA,ACTIVE,analysis/CURRENT_ACQUISITION_COVERAGE_1231.csv; predecessor canonical id 1329; evolution root 0x09F79290
ROUTE_1330_HATTREM,RUNTIME,EVOLUTION,ACTIVE,ROM_EVOLUTION_EDGE_VERIFIED_TRIGGER_SUPPLY_AUDIT_REQUIRED
ROUTE_1331_HATTERENE,UNLOCK,UNLOCK_EVOLUTION_GLOBAL,ACTIVE,analysis/CURRENT_ACQUISITION_COVERAGE_1231.csv; predecessor canonical id 1330; evolution root 0x09F79290
ROUTE_1331_HATTERENE,SPECIES,SPECIES_KEY_HATTREM,ACTIVE,analysis/CURRENT_ACQUISITION_COVERAGE_1231.csv; predecessor canonical id 1330; evolution root 0x09F79290
ROUTE_1331_HATTERENE,RUNTIME,EVOLUTION,ACTIVE,ROM_EVOLUTION_EDGE_VERIFIED_TRIGGER_SUPPLY_AUDIT_REQUIRED
ROUTE_1332_IMPIDIMP,UNLOCK,UNLOCK_EXISTING_MAP_PROGRESSION,ACTIVE,TOHOKU_ECOLOGY:T035:夜間オーバーレイ:Lv44-57
ROUTE_1332_IMPIDIMP,RUNTIME,ECOLOGY_OVERLAY,ACTIVE,ROM_REACHABLE_VERIFIED
ROUTE_1333_MORGREM,UNLOCK,UNLOCK_EVOLUTION_GLOBAL,ACTIVE,analysis/CURRENT_ACQUISITION_COVERAGE_1231.csv; predecessor canonical id 1332; evolution root 0x09F79290
ROUTE_1333_MORGREM,SPECIES,SPECIES_KEY_IMPIDIMP,ACTIVE,analysis/CURRENT_ACQUISITION_COVERAGE_1231.csv; predecessor canonical id 1332; evolution root 0x09F79290
ROUTE_1333_MORGREM,RUNTIME,EVOLUTION,ACTIVE,ROM_EVOLUTION_EDGE_VERIFIED_TRIGGER_SUPPLY_AUDIT_REQUIRED
ROUTE_1334_GRIMMSNARL,UNLOCK,UNLOCK_EVOLUTION_GLOBAL,ACTIVE,analysis/CURRENT_ACQUISITION_COVERAGE_1231.csv; predecessor canonical id 1333; evolution root 0x09F79290
ROUTE_1334_GRIMMSNARL,SPECIES,SPECIES_KEY_MORGREM,ACTIVE,analysis/CURRENT_ACQUISITION_COVERAGE_1231.csv; predecessor canonical id 1333; evolution root 0x09F79290
ROUTE_1334_GRIMMSNARL,RUNTIME,EVOLUTION,ACTIVE,ROM_EVOLUTION_EDGE_VERIFIED_TRIGGER_SUPPLY_AUDIT_REQUIRED
ROUTE_1335_OBSTAGOON,UNLOCK,UNLOCK_REGIONAL_NURSERY,ACTIVE,modern evolution condition audit + enabling form catalog
ROUTE_1335_OBSTAGOON,SPECIES,SPECIES_KEY_LINOONE_G,ACTIVE,modern evolution condition audit + enabling form catalog
ROUTE_1335_OBSTAGOON,HOST,HOST_REGIONAL_NURSERY,ACTIVE,READY_TO_SERIALIZE
ROUTE_1335_OBSTAGOON,RUNTIME,EVOLUTION_SUPPORT,ACTIVE,READY_TO_INTEGRATE
ROUTE_1336_PERRSERKER,UNLOCK,UNLOCK_REGIONAL_NURSERY,ACTIVE,modern evolution condition audit + enabling form catalog
ROUTE_1336_PERRSERKER,SPECIES,SPECIES_KEY_MEOWTH_G,ACTIVE,modern evolution condition audit + enabling form catalog
ROUTE_1336_PERRSERKER,HOST,HOST_REGIONAL_NURSERY,ACTIVE,READY_TO_SERIALIZE
ROUTE_1336_PERRSERKER,RUNTIME,EVOLUTION_SUPPORT,ACTIVE,READY_TO_INTEGRATE
ROUTE_1337_CURSOLA,UNLOCK,UNLOCK_REGIONAL_NURSERY,ACTIVE,modern evolution condition audit + enabling form catalog
ROUTE_1337_CURSOLA,SPECIES,SPECIES_KEY_CORSOLA_G,ACTIVE,modern evolution condition audit + enabling form catalog
ROUTE_1337_CURSOLA,HOST,HOST_REGIONAL_NURSERY,ACTIVE,READY_TO_SERIALIZE
ROUTE_1337_CURSOLA,RUNTIME,EVOLUTION_SUPPORT,ACTIVE,READY_TO_INTEGRATE
ROUTE_1338_SIRFETCHD,UNLOCK,UNLOCK_REGIONAL_NURSERY,ACTIVE,modern evolution condition audit + enabling form catalog
ROUTE_1338_SIRFETCHD,SPECIES,SPECIES_KEY_FARFETCHD_G,ACTIVE,modern evolution condition audit + enabling form catalog
ROUTE_1338_SIRFETCHD,HOST,HOST_REGIONAL_NURSERY,ACTIVE,READY_TO_SERIALIZE
ROUTE_1338_SIRFETCHD,RUNTIME,EVOLUTION_SUPPORT,ACTIVE,READY_TO_INTEGRATE
ROUTE_1339_MR_RIME,UNLOCK,UNLOCK_REGIONAL_NURSERY,ACTIVE,modern evolution condition audit + enabling form catalog
ROUTE_1339_MR_RIME,SPECIES,SPECIES_KEY_MR_MIME_G,ACTIVE,modern evolution condition audit + enabling form catalog
ROUTE_1339_MR_RIME,HOST,HOST_REGIONAL_NURSERY,ACTIVE,READY_TO_SERIALIZE
ROUTE_1339_MR_RIME,RUNTIME,EVOLUTION_SUPPORT,ACTIVE,READY_TO_INTEGRATE
ROUTE_1340_RUNERIGUS,UNLOCK,UNLOCK_REGIONAL_NURSERY,ACTIVE,modern evolution condition audit + enabling form catalog
ROUTE_1340_RUNERIGUS,SPECIES,SPECIES_KEY_YAMASK_G,ACTIVE,modern evolution condition audit + enabling form catalog
ROUTE_1340_RUNERIGUS,HOST,HOST_REGIONAL_NURSERY,ACTIVE,READY_TO_SERIALIZE
ROUTE_1340_RUNERIGUS,RUNTIME,EVOLUTION_SUPPORT,ACTIVE,READY_TO_INTEGRATE
ROUTE_1341_MILCERY,UNLOCK,UNLOCK_EXISTING_MAP_PROGRESSION,ACTIVE,TOHOKU_ECOLOGY:T519:草むらオーバーレイ:Lv41-48
ROUTE_1341_MILCERY,RUNTIME,ECOLOGY_OVERLAY,ACTIVE,ROM_REACHABLE_VERIFIED
ROUTE_1342_ALCREMIE_STRAWBERRY,UNLOCK,UNLOCK_EVOLUTION_GLOBAL,ACTIVE,analysis/CURRENT_ACQUISITION_COVERAGE_1231.csv; predecessor canonical id 1341; evolution root 0x09F79290
ROUTE_1342_ALCREMIE_STRAWBERRY,SPECIES,SPECIES_KEY_MILCERY,ACTIVE,analysis/CURRENT_ACQUISITION_COVERAGE_1231.csv; predecessor canonical id 1341; evolution root 0x09F79290
ROUTE_1342_ALCREMIE_STRAWBERRY,RUNTIME,EVOLUTION,ACTIVE,ROM_EVOLUTION_EDGE_VERIFIED_TRIGGER_SUPPLY_AUDIT_REQUIRED
ROUTE_1343_FALINKS,UNLOCK,UNLOCK_EXISTING_MAP_PROGRESSION,ACTIVE,TOHOKU_ECOLOGY:T042:DexNav隠し枠+屋内異常遭遇／DexNav:Lv58-66
ROUTE_1343_FALINKS,RUNTIME,ECOLOGY_OVERLAY,ACTIVE,ROM_REACHABLE_VERIFIED
ROUTE_1344_PINCURCHIN,UNLOCK,UNLOCK_EXISTING_MAP_PROGRESSION,ACTIVE,TOHOKU_ECOLOGY:T512:草むらオーバーレイ:Lv27-33
ROUTE_1344_PINCURCHIN,RUNTIME,ECOLOGY_OVERLAY,ACTIVE,ROM_REACHABLE_VERIFIED
ROUTE_1345_SNOM,UNLOCK,UNLOCK_EXISTING_MAP_PROGRESSION,ACTIVE,TOHOKU_ECOLOGY:T030:洞窟・屋内オーバーレイ:Lv30-40
ROUTE_1345_SNOM,RUNTIME,ECOLOGY_OVERLAY,ACTIVE,ROM_REACHABLE_VERIFIED
ROUTE_1346_FROSMOTH,UNLOCK,UNLOCK_EVOLUTION_GLOBAL,ACTIVE,analysis/CURRENT_ACQUISITION_COVERAGE_1231.csv; predecessor canonical id 1345; evolution root 0x09F79290
ROUTE_1346_FROSMOTH,SPECIES,SPECIES_KEY_SNOM,ACTIVE,analysis/CURRENT_ACQUISITION_COVERAGE_1231.csv; predecessor canonical id 1345; evolution root 0x09F79290
ROUTE_1346_FROSMOTH,RUNTIME,EVOLUTION,ACTIVE,ROM_EVOLUTION_EDGE_VERIFIED_TRIGGER_SUPPLY_AUDIT_REQUIRED
ROUTE_1347_STONJOURNER,UNLOCK,UNLOCK_EXISTING_MAP_PROGRESSION,ACTIVE,TOHOKU_ECOLOGY:T521:いわくだき／DexNav:Lv45-52
ROUTE_1347_STONJOURNER,RUNTIME,ECOLOGY_OVERLAY,ACTIVE,ROM_REACHABLE_VERIFIED
ROUTE_1348_EISCUE,UNLOCK,UNLOCK_EXISTING_MAP_PROGRESSION,ACTIVE,TOHOKU_ECOLOGY:T030:洞窟・屋内オーバーレイ:Lv30-40
ROUTE_1348_EISCUE,RUNTIME,ECOLOGY_OVERLAY,ACTIVE,ROM_REACHABLE_VERIFIED
ROUTE_1349_INDEEDEE,UNLOCK,UNLOCK_EXISTING_MAP_PROGRESSION,ACTIVE,TOHOKU_ECOLOGY:T519:草むらオーバーレイ:Lv41-48
ROUTE_1349_INDEEDEE,RUNTIME,ECOLOGY_OVERLAY,ACTIVE,ROM_REACHABLE_VERIFIED
ROUTE_1350_MORPEKO,UNLOCK,UNLOCK_EXISTING_MAP_PROGRESSION,ACTIVE,TOHOKU_ECOLOGY:T515:夜間オーバーレイ:Lv33-40
ROUTE_1350_MORPEKO,RUNTIME,ECOLOGY_OVERLAY,ACTIVE,ROM_REACHABLE_VERIFIED
ROUTE_1351_CUFANT,UNLOCK,UNLOCK_EXISTING_MAP_PROGRESSION,ACTIVE,TOHOKU_ECOLOGY:T037:いわくだき／DexNav:Lv38-48
ROUTE_1351_CUFANT,RUNTIME,ECOLOGY_OVERLAY,ACTIVE,ROM_REACHABLE_VERIFIED
ROUTE_1352_COPPERAJAH,UNLOCK,UNLOCK_EVOLUTION_GLOBAL,ACTIVE,analysis/CURRENT_ACQUISITION_COVERAGE_1231.csv; predecessor canonical id 1351; evolution root 0x09F79290
ROUTE_1352_COPPERAJAH,SPECIES,SPECIES_KEY_CUFANT,ACTIVE,analysis/CURRENT_ACQUISITION_COVERAGE_1231.csv; predecessor canonical id 1351; evolution root 0x09F79290
ROUTE_1352_COPPERAJAH,RUNTIME,EVOLUTION,ACTIVE,ROM_EVOLUTION_EDGE_VERIFIED_TRIGGER_SUPPLY_AUDIT_REQUIRED
ROUTE_1353_DRACOZOLT,UNLOCK,UNLOCK_EXISTING_MAP_PROGRESSION,ACTIVE,ROM_WILD:96/8:K45:FISHING:Lv68-68
ROUTE_1353_DRACOZOLT,RUNTIME,WILD_TABLE,ACTIVE,ROM_REACHABLE_VERIFIED
ROUTE_1354_ARCTOZOLT,UNLOCK,UNLOCK_EXISTING_MAP_PROGRESSION,ACTIVE,ROM_WILD:96/2:K44:FISHING:Lv68-68
ROUTE_1354_ARCTOZOLT,RUNTIME,WILD_TABLE,ACTIVE,ROM_REACHABLE_VERIFIED
ROUTE_1355_DRACOVISH,UNLOCK,UNLOCK_EXISTING_MAP_PROGRESSION,ACTIVE,ROM_WILD:96/2:K44:FISHING:Lv68-68
ROUTE_1355_DRACOVISH,RUNTIME,WILD_TABLE,ACTIVE,ROM_REACHABLE_VERIFIED
ROUTE_1356_ARCTOVISH,UNLOCK,UNLOCK_EXISTING_MAP_PROGRESSION,ACTIVE,ROM_WILD:96/2:K44:FISHING:Lv68-68
ROUTE_1356_ARCTOVISH,RUNTIME,WILD_TABLE,ACTIVE,ROM_REACHABLE_VERIFIED
ROUTE_1357_DURALUDON,UNLOCK,UNLOCK_EXISTING_MAP_PROGRESSION,ACTIVE,TOHOKU_ECOLOGY:T034:DexNav隠し枠／低確率タマゴ+屋内異常遭遇／DexNav:Lv42-55
ROUTE_1357_DURALUDON,RUNTIME,ECOLOGY_OVERLAY,ACTIVE,ROM_REACHABLE_VERIFIED
ROUTE_1358_DREEPY,UNLOCK,UNLOCK_EXISTING_MAP_PROGRESSION,ACTIVE,TOHOKU_ECOLOGY:T033:DexNav隠し枠:Lv43-55
ROUTE_1358_DREEPY,RUNTIME,ECOLOGY_OVERLAY,ACTIVE,ROM_REACHABLE_VERIFIED
ROUTE_1359_DRAKLOAK,UNLOCK,UNLOCK_EVOLUTION_GLOBAL,ACTIVE,analysis/CURRENT_ACQUISITION_COVERAGE_1231.csv; predecessor canonical id 1358; evolution root 0x09F79290
ROUTE_1359_DRAKLOAK,SPECIES,SPECIES_KEY_DREEPY,ACTIVE,analysis/CURRENT_ACQUISITION_COVERAGE_1231.csv; predecessor canonical id 1358; evolution root 0x09F79290
ROUTE_1359_DRAKLOAK,RUNTIME,EVOLUTION,ACTIVE,ROM_EVOLUTION_EDGE_VERIFIED_TRIGGER_SUPPLY_AUDIT_REQUIRED
ROUTE_1360_DRAGAPULT,UNLOCK,UNLOCK_EVOLUTION_GLOBAL,ACTIVE,analysis/CURRENT_ACQUISITION_COVERAGE_1231.csv; predecessor canonical id 1359; evolution root 0x09F79290
ROUTE_1360_DRAGAPULT,SPECIES,SPECIES_KEY_DRAKLOAK,ACTIVE,analysis/CURRENT_ACQUISITION_COVERAGE_1231.csv; predecessor canonical id 1359; evolution root 0x09F79290
ROUTE_1360_DRAGAPULT,RUNTIME,EVOLUTION,ACTIVE,ROM_EVOLUTION_EDGE_VERIFIED_TRIGGER_SUPPLY_AUDIT_REQUIRED
ROUTE_1361_ZACIAN,UNLOCK,UNLOCK_SPHERE_RUINS_CLEAR,ACTIVE,special master + exact Kanto host JSON + data-driven event runtime
ROUTE_1361_ZACIAN,HOST,HOST_GALAR_CROWN,ACTIVE,READY_TO_SERIALIZE
ROUTE_1361_ZACIAN,RUNTIME,FIXED_CAPTURE,ACTIVE,READY_TO_INTEGRATE
ROUTE_1362_ZAMAZENTA,UNLOCK,UNLOCK_SPHERE_RUINS_CLEAR,ACTIVE,special master + exact Kanto host JSON + data-driven event runtime
ROUTE_1362_ZAMAZENTA,HOST,HOST_GALAR_CROWN,ACTIVE,READY_TO_SERIALIZE
ROUTE_1362_ZAMAZENTA,RUNTIME,FIXED_CAPTURE,ACTIVE,READY_TO_INTEGRATE
ROUTE_1363_ETERNATUS,UNLOCK,UNLOCK_SPHERE_RUINS_CLEAR,ACTIVE,special master + exact Kanto host JSON + data-driven event runtime
ROUTE_1363_ETERNATUS,HOST,HOST_GALAR_CROWN,ACTIVE,READY_TO_SERIALIZE
ROUTE_1363_ETERNATUS,RUNTIME,FIXED_CAPTURE,ACTIVE,READY_TO_INTEGRATE
ROUTE_1364_KUBFU,UNLOCK,UNLOCK_SPHERE_RUINS_CLEAR,ACTIVE,special master + exact Kanto host JSON + data-driven event runtime
ROUTE_1364_KUBFU,HOST,HOST_GALAR_CROWN,ACTIVE,READY_TO_SERIALIZE
ROUTE_1364_KUBFU,RUNTIME,GIFT,ACTIVE,READY_TO_INTEGRATE
ROUTE_1365_URSHIFU_SINGLE,UNLOCK,UNLOCK_EVOLUTION_GLOBAL,ACTIVE,special master + explicit evolution/gift chain design
ROUTE_1365_URSHIFU_SINGLE,SPECIES,SPECIES_KEY_KUBFU,ACTIVE,special master + explicit evolution/gift chain design
ROUTE_1365_URSHIFU_SINGLE,RUNTIME,EVOLUTION_SUPPORT,ACTIVE,READY_TO_INTEGRATE
ROUTE_1366_ZARUDE,UNLOCK,UNLOCK_SPHERE_RUINS_CLEAR,ACTIVE,special master + exact Kanto host JSON + data-driven event runtime
ROUTE_1366_ZARUDE,HOST,HOST_GALAR_CROWN,ACTIVE,READY_TO_SERIALIZE
ROUTE_1366_ZARUDE,RUNTIME,FIXED_CAPTURE,ACTIVE,READY_TO_INTEGRATE
ROUTE_1367_REGIELEKI,UNLOCK,UNLOCK_HALL_OF_FAME,ACTIVE,special master + exact Kanto host JSON + data-driven event runtime
ROUTE_1367_REGIELEKI,HOST,HOST_ANCIENT_GIANTS,ACTIVE,READY_TO_SERIALIZE
ROUTE_1367_REGIELEKI,RUNTIME,FIXED_CAPTURE,ACTIVE,READY_TO_INTEGRATE
ROUTE_1368_REGIDRAGO,UNLOCK,UNLOCK_HALL_OF_FAME,ACTIVE,special master + exact Kanto host JSON + data-driven event runtime
ROUTE_1368_REGIDRAGO,HOST,HOST_ANCIENT_GIANTS,ACTIVE,READY_TO_SERIALIZE
ROUTE_1368_REGIDRAGO,RUNTIME,FIXED_CAPTURE,ACTIVE,READY_TO_INTEGRATE
ROUTE_1369_GLASTRIER,UNLOCK,UNLOCK_SPHERE_RUINS_CLEAR,ACTIVE,special master + exact Kanto host JSON + data-driven event runtime
ROUTE_1369_GLASTRIER,HOST,HOST_GALAR_CROWN,ACTIVE,READY_TO_SERIALIZE
ROUTE_1369_GLASTRIER,RUNTIME,FIXED_CAPTURE,ACTIVE,READY_TO_INTEGRATE
ROUTE_1370_SPECTRIER,UNLOCK,UNLOCK_SPHERE_RUINS_CLEAR,ACTIVE,special master + exact Kanto host JSON + data-driven event runtime
ROUTE_1370_SPECTRIER,HOST,HOST_GALAR_CROWN,ACTIVE,READY_TO_SERIALIZE
ROUTE_1370_SPECTRIER,RUNTIME,FIXED_CAPTURE,ACTIVE,READY_TO_INTEGRATE
ROUTE_1371_CALYREX,UNLOCK,UNLOCK_SPHERE_RUINS_CLEAR,ACTIVE,special master + exact Kanto host JSON + data-driven event runtime
ROUTE_1371_CALYREX,HOST,HOST_GALAR_CROWN,ACTIVE,READY_TO_SERIALIZE
ROUTE_1371_CALYREX,RUNTIME,FIXED_CAPTURE,ACTIVE,READY_TO_INTEGRATE
ROUTE_1393_MEOWTH_G,UNLOCK,UNLOCK_REGIONAL_NURSERY,ACTIVE,exact Kanto host JSON + enabling-form dependency analysis
ROUTE_1393_MEOWTH_G,HOST,HOST_REGIONAL_NURSERY,ACTIVE,READY_TO_SERIALIZE
ROUTE_1393_MEOWTH_G,RUNTIME,RESEARCH_EGG,ACTIVE,READY_TO_INTEGRATE
ROUTE_1398_FARFETCHD_G,UNLOCK,UNLOCK_REGIONAL_NURSERY,ACTIVE,exact Kanto host JSON + enabling-form dependency analysis
ROUTE_1398_FARFETCHD_G,HOST,HOST_REGIONAL_NURSERY,ACTIVE,READY_TO_SERIALIZE
ROUTE_1398_FARFETCHD_G,RUNTIME,RESEARCH_EGG,ACTIVE,READY_TO_INTEGRATE
ROUTE_1401_MR_MIME_G,UNLOCK,UNLOCK_REGIONAL_NURSERY,ACTIVE,exact Kanto host JSON + enabling-form dependency analysis
ROUTE_1401_MR_MIME_G,HOST,HOST_REGIONAL_NURSERY,ACTIVE,READY_TO_SERIALIZE
ROUTE_1401_MR_MIME_G,RUNTIME,RESEARCH_EGG,ACTIVE,READY_TO_INTEGRATE
ROUTE_1406_CORSOLA_G,UNLOCK,UNLOCK_REGIONAL_NURSERY,ACTIVE,exact Kanto host JSON + enabling-form dependency analysis
ROUTE_1406_CORSOLA_G,HOST,HOST_REGIONAL_NURSERY,ACTIVE,READY_TO_SERIALIZE
ROUTE_1406_CORSOLA_G,RUNTIME,RESEARCH_EGG,ACTIVE,READY_TO_INTEGRATE
ROUTE_1408_LINOONE_G,UNLOCK,UNLOCK_REGIONAL_NURSERY,ACTIVE,exact Kanto host JSON + enabling-form dependency analysis
ROUTE_1408_LINOONE_G,HOST,HOST_REGIONAL_NURSERY,ACTIVE,READY_TO_SERIALIZE
ROUTE_1408_LINOONE_G,RUNTIME,RESEARCH_EGG,ACTIVE,READY_TO_INTEGRATE
ROUTE_1413_YAMASK_G,UNLOCK,UNLOCK_REGIONAL_NURSERY,ACTIVE,exact Kanto host JSON + enabling-form dependency analysis
ROUTE_1413_YAMASK_G,HOST,HOST_REGIONAL_NURSERY,ACTIVE,READY_TO_SERIALIZE
ROUTE_1413_YAMASK_G,RUNTIME,RESEARCH_EGG,ACTIVE,READY_TO_INTEGRATE
ROUTE_1420_QWILFISH_H,UNLOCK,UNLOCK_REGIONAL_NURSERY,ACTIVE,exact Kanto host JSON + enabling-form dependency analysis
ROUTE_1420_QWILFISH_H,HOST,HOST_REGIONAL_NURSERY,ACTIVE,READY_TO_SERIALIZE
ROUTE_1420_QWILFISH_H,RUNTIME,RESEARCH_EGG,ACTIVE,READY_TO_INTEGRATE
ROUTE_1421_SNEASEL_H,UNLOCK,UNLOCK_REGIONAL_NURSERY,ACTIVE,exact Kanto host JSON + enabling-form dependency analysis
ROUTE_1421_SNEASEL_H,HOST,HOST_REGIONAL_NURSERY,ACTIVE,READY_TO_SERIALIZE
ROUTE_1421_SNEASEL_H,RUNTIME,RESEARCH_EGG,ACTIVE,READY_TO_INTEGRATE
ROUTE_1424_BASCULIN_H,UNLOCK,UNLOCK_REGIONAL_NURSERY,ACTIVE,exact Kanto host JSON + enabling-form dependency analysis
ROUTE_1424_BASCULIN_H,HOST,HOST_REGIONAL_NURSERY,ACTIVE,READY_TO_SERIALIZE
ROUTE_1424_BASCULIN_H,RUNTIME,RESEARCH_EGG,ACTIVE,READY_TO_INTEGRATE
ROUTE_1432_WYRDEER,UNLOCK,UNLOCK_EVOLUTION_GLOBAL,ACTIVE,analysis/CURRENT_ACQUISITION_COVERAGE_1231.csv; predecessor canonical id 550; evolution root 0x09F79290
ROUTE_1432_WYRDEER,SPECIES,SPECIES_KEY_STANTLER,ACTIVE,analysis/CURRENT_ACQUISITION_COVERAGE_1231.csv; predecessor canonical id 550; evolution root 0x09F79290
ROUTE_1432_WYRDEER,RUNTIME,EVOLUTION,ACTIVE,ROM_EVOLUTION_EDGE_VERIFIED_TRIGGER_SUPPLY_AUDIT_REQUIRED
ROUTE_1433_KLEAVOR,UNLOCK,UNLOCK_REGIONAL_NURSERY,ACTIVE,modern evolution condition audit + enabling form catalog
ROUTE_1433_KLEAVOR,SPECIES,SPECIES_KEY_SCYTHER,ACTIVE,modern evolution condition audit + enabling form catalog
ROUTE_1433_KLEAVOR,HOST,HOST_REGIONAL_NURSERY,ACTIVE,READY_TO_SERIALIZE
ROUTE_1433_KLEAVOR,RUNTIME,EVOLUTION_SUPPORT,ACTIVE,READY_TO_INTEGRATE
ROUTE_1434_URSALUNA,UNLOCK,UNLOCK_EVOLUTION_GLOBAL,ACTIVE,analysis/CURRENT_ACQUISITION_COVERAGE_1231.csv; predecessor canonical id 542; evolution root 0x09F79290
ROUTE_1434_URSALUNA,SPECIES,SPECIES_KEY_URSARING,ACTIVE,analysis/CURRENT_ACQUISITION_COVERAGE_1231.csv; predecessor canonical id 542; evolution root 0x09F79290
ROUTE_1434_URSALUNA,RUNTIME,EVOLUTION,ACTIVE,ROM_EVOLUTION_EDGE_VERIFIED_TRIGGER_SUPPLY_AUDIT_REQUIRED
ROUTE_1435_BASCULEGION_M,UNLOCK,UNLOCK_REGIONAL_NURSERY,ACTIVE,modern evolution condition audit + enabling form catalog
ROUTE_1435_BASCULEGION_M,SPECIES,SPECIES_KEY_BASCULIN_H,ACTIVE,modern evolution condition audit + enabling form catalog
ROUTE_1435_BASCULEGION_M,HOST,HOST_REGIONAL_NURSERY,ACTIVE,READY_TO_SERIALIZE
ROUTE_1435_BASCULEGION_M,RUNTIME,EVOLUTION_SUPPORT,ACTIVE,READY_TO_INTEGRATE
ROUTE_1437_SNEASLER,UNLOCK,UNLOCK_REGIONAL_NURSERY,ACTIVE,modern evolution condition audit + enabling form catalog
ROUTE_1437_SNEASLER,SPECIES,SPECIES_KEY_SNEASEL_H,ACTIVE,modern evolution condition audit + enabling form catalog
ROUTE_1437_SNEASLER,HOST,HOST_REGIONAL_NURSERY,ACTIVE,READY_TO_SERIALIZE
ROUTE_1437_SNEASLER,RUNTIME,EVOLUTION_SUPPORT,ACTIVE,READY_TO_INTEGRATE
ROUTE_1438_OVERQWIL,UNLOCK,UNLOCK_REGIONAL_NURSERY,ACTIVE,modern evolution condition audit + enabling form catalog
ROUTE_1438_OVERQWIL,SPECIES,SPECIES_KEY_QWILFISH_H,ACTIVE,modern evolution condition audit + enabling form catalog
ROUTE_1438_OVERQWIL,HOST,HOST_REGIONAL_NURSERY,ACTIVE,READY_TO_SERIALIZE
ROUTE_1438_OVERQWIL,RUNTIME,EVOLUTION_SUPPORT,ACTIVE,READY_TO_INTEGRATE
ROUTE_1439_ENAMORUS,UNLOCK,UNLOCK_RESEARCH_RANK_4,ACTIVE,special master + exact Kanto host JSON + data-driven event runtime
ROUTE_1439_ENAMORUS,HOST,HOST_RUINOUS_SEALS,ACTIVE,READY_TO_SERIALIZE
ROUTE_1439_ENAMORUS,RUNTIME,FIXED_CAPTURE,ACTIVE,READY_TO_INTEGRATE
ROUTE_1475_SPRIGATITO,UNLOCK,UNLOCK_KANTO_EARLY_ACCESS,ACTIVE,analysis/STARTER_LAB_EVENT_STATUS_24.csv + exact Oak lab host JSON
ROUTE_1475_SPRIGATITO,HOST,HOST_STARTER_LAB,ACTIVE,READY_TO_SERIALIZE
ROUTE_1475_SPRIGATITO,RUNTIME,RESEARCH_EGG,ACTIVE,READY_TO_INTEGRATE
ROUTE_1476_FLORAGATO,UNLOCK,UNLOCK_EVOLUTION_GLOBAL,ACTIVE,official evolution master + source species acquisition route
ROUTE_1476_FLORAGATO,SPECIES,SPECIES_KEY_SPRIGATITO,ACTIVE,official evolution master + source species acquisition route
ROUTE_1476_FLORAGATO,RUNTIME,EVOLUTION,ACTIVE,READY_TO_INTEGRATE_AFTER_SOURCE_EVENT
ROUTE_1477_MEOWSCARADA,UNLOCK,UNLOCK_EVOLUTION_GLOBAL,ACTIVE,official evolution master + source species acquisition route
ROUTE_1477_MEOWSCARADA,SPECIES,SPECIES_KEY_FLORAGATO,ACTIVE,official evolution master + source species acquisition route
ROUTE_1477_MEOWSCARADA,RUNTIME,EVOLUTION,ACTIVE,READY_TO_INTEGRATE_AFTER_SOURCE_EVENT
ROUTE_1478_FUECOCO,UNLOCK,UNLOCK_KANTO_EARLY_ACCESS,ACTIVE,analysis/STARTER_LAB_EVENT_STATUS_24.csv + exact Oak lab host JSON
ROUTE_1478_FUECOCO,HOST,HOST_STARTER_LAB,ACTIVE,READY_TO_SERIALIZE
ROUTE_1478_FUECOCO,RUNTIME,RESEARCH_EGG,ACTIVE,READY_TO_INTEGRATE
ROUTE_1479_CROCALOR,UNLOCK,UNLOCK_EVOLUTION_GLOBAL,ACTIVE,official evolution master + source species acquisition route
ROUTE_1479_CROCALOR,SPECIES,SPECIES_KEY_FUECOCO,ACTIVE,official evolution master + source species acquisition route
ROUTE_1479_CROCALOR,RUNTIME,EVOLUTION,ACTIVE,READY_TO_INTEGRATE_AFTER_SOURCE_EVENT
ROUTE_1480_SKELEDIRGE,UNLOCK,UNLOCK_EVOLUTION_GLOBAL,ACTIVE,official evolution master + source species acquisition route
ROUTE_1480_SKELEDIRGE,SPECIES,SPECIES_KEY_CROCALOR,ACTIVE,official evolution master + source species acquisition route
ROUTE_1480_SKELEDIRGE,RUNTIME,EVOLUTION,ACTIVE,READY_TO_INTEGRATE_AFTER_SOURCE_EVENT
ROUTE_1481_QUAXLY,UNLOCK,UNLOCK_KANTO_EARLY_ACCESS,ACTIVE,analysis/STARTER_LAB_EVENT_STATUS_24.csv + exact Oak lab host JSON
ROUTE_1481_QUAXLY,HOST,HOST_STARTER_LAB,ACTIVE,READY_TO_SERIALIZE
ROUTE_1481_QUAXLY,RUNTIME,RESEARCH_EGG,ACTIVE,READY_TO_INTEGRATE
ROUTE_1482_QUAXWELL,UNLOCK,UNLOCK_EVOLUTION_GLOBAL,ACTIVE,official evolution master + source species acquisition route
ROUTE_1482_QUAXWELL,SPECIES,SPECIES_KEY_QUAXLY,ACTIVE,official evolution master + source species acquisition route
ROUTE_1482_QUAXWELL,RUNTIME,EVOLUTION,ACTIVE,READY_TO_INTEGRATE_AFTER_SOURCE_EVENT
ROUTE_1483_QUAQUAVAL,UNLOCK,UNLOCK_EVOLUTION_GLOBAL,ACTIVE,official evolution master + source species acquisition route
ROUTE_1483_QUAQUAVAL,SPECIES,SPECIES_KEY_QUAXWELL,ACTIVE,official evolution master + source species acquisition route
ROUTE_1483_QUAQUAVAL,RUNTIME,EVOLUTION,ACTIVE,READY_TO_INTEGRATE_AFTER_SOURCE_EVENT
ROUTE_1484_LECHONK,UNLOCK,UNLOCK_EXISTING_MAP_PROGRESSION,ACTIVE,TOHOKU_ECOLOGY:T501:大量発生:Lv2-5
ROUTE_1484_LECHONK,RUNTIME,ECOLOGY_OVERLAY,ACTIVE,ROM_REACHABLE_VERIFIED
ROUTE_1485_OINKOLOGNE,UNLOCK,UNLOCK_EVOLUTION_GLOBAL,ACTIVE,analysis/CURRENT_ACQUISITION_COVERAGE_1231.csv; predecessor canonical id 1484; evolution root 0x09F79290
ROUTE_1485_OINKOLOGNE,SPECIES,SPECIES_KEY_LECHONK,ACTIVE,analysis/CURRENT_ACQUISITION_COVERAGE_1231.csv; predecessor canonical id 1484; evolution root 0x09F79290
ROUTE_1485_OINKOLOGNE,RUNTIME,EVOLUTION,ACTIVE,ROM_EVOLUTION_EDGE_VERIFIED_TRIGGER_SUPPLY_AUDIT_REQUIRED
ROUTE_1487_TAROUNTULA,UNLOCK,UNLOCK_EXISTING_MAP_PROGRESSION,ACTIVE,TOHOKU_ECOLOGY:T502:ずつき／朝昼オーバーレイ:Lv3-6
ROUTE_1487_TAROUNTULA,RUNTIME,ECOLOGY_OVERLAY,ACTIVE,ROM_REACHABLE_VERIFIED
ROUTE_1488_SPIDOPS,UNLOCK,UNLOCK_EVOLUTION_GLOBAL,ACTIVE,analysis/CURRENT_ACQUISITION_COVERAGE_1231.csv; predecessor canonical id 1487; evolution root 0x09F79290
ROUTE_1488_SPIDOPS,SPECIES,SPECIES_KEY_TAROUNTULA,ACTIVE,analysis/CURRENT_ACQUISITION_COVERAGE_1231.csv; predecessor canonical id 1487; evolution root 0x09F79290
ROUTE_1488_SPIDOPS,RUNTIME,EVOLUTION,ACTIVE,ROM_EVOLUTION_EDGE_VERIFIED_TRIGGER_SUPPLY_AUDIT_REQUIRED
ROUTE_1489_NYMBLE,UNLOCK,UNLOCK_EXISTING_MAP_PROGRESSION,ACTIVE,TOHOKU_ECOLOGY:T503:夜間オーバーレイ:Lv5-9
ROUTE_1489_NYMBLE,RUNTIME,ECOLOGY_OVERLAY,ACTIVE,ROM_REACHABLE_VERIFIED
ROUTE_1490_LOKIX,UNLOCK,UNLOCK_EVOLUTION_GLOBAL,ACTIVE,analysis/CURRENT_ACQUISITION_COVERAGE_1231.csv; predecessor canonical id 1489; evolution root 0x09F79290
ROUTE_1490_LOKIX,SPECIES,SPECIES_KEY_NYMBLE,ACTIVE,analysis/CURRENT_ACQUISITION_COVERAGE_1231.csv; predecessor canonical id 1489; evolution root 0x09F79290
ROUTE_1490_LOKIX,RUNTIME,EVOLUTION,ACTIVE,ROM_EVOLUTION_EDGE_VERIFIED_TRIGGER_SUPPLY_AUDIT_REQUIRED
ROUTE_1491_PAWMI,UNLOCK,UNLOCK_EXISTING_MAP_PROGRESSION,ACTIVE,TOHOKU_ECOLOGY:T501:草むらオーバーレイ:Lv2-5
ROUTE_1491_PAWMI,RUNTIME,ECOLOGY_OVERLAY,ACTIVE,ROM_REACHABLE_VERIFIED
ROUTE_1492_PAWMO,UNLOCK,UNLOCK_EVOLUTION_GLOBAL,ACTIVE,analysis/CURRENT_ACQUISITION_COVERAGE_1231.csv; predecessor canonical id 1491; evolution root 0x09F79290
ROUTE_1492_PAWMO,SPECIES,SPECIES_KEY_PAWMI,ACTIVE,analysis/CURRENT_ACQUISITION_COVERAGE_1231.csv; predecessor canonical id 1491; evolution root 0x09F79290
ROUTE_1492_PAWMO,RUNTIME,EVOLUTION,ACTIVE,ROM_EVOLUTION_EDGE_VERIFIED_TRIGGER_SUPPLY_AUDIT_REQUIRED
ROUTE_1493_PAWMOT,UNLOCK,UNLOCK_EVOLUTION_GLOBAL,ACTIVE,analysis/CURRENT_ACQUISITION_COVERAGE_1231.csv; predecessor canonical id 1492; evolution root 0x09F79290
ROUTE_1493_PAWMOT,SPECIES,SPECIES_KEY_PAWMO,ACTIVE,analysis/CURRENT_ACQUISITION_COVERAGE_1231.csv; predecessor canonical id 1492; evolution root 0x09F79290
ROUTE_1493_PAWMOT,RUNTIME,EVOLUTION,ACTIVE,ROM_EVOLUTION_EDGE_VERIFIED_TRIGGER_SUPPLY_AUDIT_REQUIRED
ROUTE_1494_TANDEMAUS,UNLOCK,UNLOCK_EXISTING_MAP_PROGRESSION,ACTIVE,TOHOKU_ECOLOGY:T502:草むらオーバーレイ:Lv3-6
ROUTE_1494_TANDEMAUS,RUNTIME,ECOLOGY_OVERLAY,ACTIVE,ROM_REACHABLE_VERIFIED
ROUTE_1495_MAUSHOLD,UNLOCK,UNLOCK_EVOLUTION_GLOBAL,ACTIVE,analysis/CURRENT_ACQUISITION_COVERAGE_1231.csv; predecessor canonical id 1494; evolution root 0x09F79290
ROUTE_1495_MAUSHOLD,SPECIES,SPECIES_KEY_TANDEMAUS,ACTIVE,analysis/CURRENT_ACQUISITION_COVERAGE_1231.csv; predecessor canonical id 1494; evolution root 0x09F79290
ROUTE_1495_MAUSHOLD,RUNTIME,EVOLUTION,ACTIVE,ROM_EVOLUTION_EDGE_VERIFIED_TRIGGER_SUPPLY_AUDIT_REQUIRED
ROUTE_1497_FIDOUGH,UNLOCK,UNLOCK_EXISTING_MAP_PROGRESSION,ACTIVE,TOHOKU_ECOLOGY:T504:大量発生:Lv9-13
ROUTE_1497_FIDOUGH,RUNTIME,ECOLOGY_OVERLAY,ACTIVE,ROM_REACHABLE_VERIFIED
ROUTE_1498_DACHSBUN,UNLOCK,UNLOCK_EVOLUTION_GLOBAL,ACTIVE,analysis/CURRENT_ACQUISITION_COVERAGE_1231.csv; predecessor canonical id 1497; evolution root 0x09F79290
ROUTE_1498_DACHSBUN,SPECIES,SPECIES_KEY_FIDOUGH,ACTIVE,analysis/CURRENT_ACQUISITION_COVERAGE_1231.csv; predecessor canonical id 1497; evolution root 0x09F79290
ROUTE_1498_DACHSBUN,RUNTIME,EVOLUTION,ACTIVE,ROM_EVOLUTION_EDGE_VERIFIED_TRIGGER_SUPPLY_AUDIT_REQUIRED
ROUTE_1499_SMOLIV,UNLOCK,UNLOCK_EXISTING_MAP_PROGRESSION,ACTIVE,TOHOKU_ECOLOGY:T504:大量発生:Lv9-13
ROUTE_1499_SMOLIV,RUNTIME,ECOLOGY_OVERLAY,ACTIVE,ROM_REACHABLE_VERIFIED
ROUTE_1500_DOLLIV,UNLOCK,UNLOCK_EVOLUTION_GLOBAL,ACTIVE,analysis/CURRENT_ACQUISITION_COVERAGE_1231.csv; predecessor canonical id 1499; evolution root 0x09F79290
ROUTE_1500_DOLLIV,SPECIES,SPECIES_KEY_SMOLIV,ACTIVE,analysis/CURRENT_ACQUISITION_COVERAGE_1231.csv; predecessor canonical id 1499; evolution root 0x09F79290
ROUTE_1500_DOLLIV,RUNTIME,EVOLUTION,ACTIVE,ROM_EVOLUTION_EDGE_VERIFIED_TRIGGER_SUPPLY_AUDIT_REQUIRED
ROUTE_1501_ARBOLIVA,UNLOCK,UNLOCK_EVOLUTION_GLOBAL,ACTIVE,analysis/CURRENT_ACQUISITION_COVERAGE_1231.csv; predecessor canonical id 1500; evolution root 0x09F79290
ROUTE_1501_ARBOLIVA,SPECIES,SPECIES_KEY_DOLLIV,ACTIVE,analysis/CURRENT_ACQUISITION_COVERAGE_1231.csv; predecessor canonical id 1500; evolution root 0x09F79290
ROUTE_1501_ARBOLIVA,RUNTIME,EVOLUTION,ACTIVE,ROM_EVOLUTION_EDGE_VERIFIED_TRIGGER_SUPPLY_AUDIT_REQUIRED
ROUTE_1502_SQUAWKABILLY,UNLOCK,UNLOCK_EXISTING_MAP_PROGRESSION,ACTIVE,TOHOKU_ECOLOGY:T517:草むらオーバーレイ:Lv38-45
ROUTE_1502_SQUAWKABILLY,RUNTIME,ECOLOGY_OVERLAY,ACTIVE,ROM_REACHABLE_VERIFIED
ROUTE_1506_NACLI,UNLOCK,UNLOCK_EXISTING_MAP_PROGRESSION,ACTIVE,TOHOKU_ECOLOGY:T024:いわくだき／DexNav:Lv6-9
ROUTE_1506_NACLI,RUNTIME,ECOLOGY_OVERLAY,ACTIVE,ROM_REACHABLE_VERIFIED
ROUTE_1507_NACLSTACK,UNLOCK,UNLOCK_EVOLUTION_GLOBAL,ACTIVE,analysis/CURRENT_ACQUISITION_COVERAGE_1231.csv; predecessor canonical id 1506; evolution root 0x09F79290
ROUTE_1507_NACLSTACK,SPECIES,SPECIES_KEY_NACLI,ACTIVE,analysis/CURRENT_ACQUISITION_COVERAGE_1231.csv; predecessor canonical id 1506; evolution root 0x09F79290
ROUTE_1507_NACLSTACK,RUNTIME,EVOLUTION,ACTIVE,ROM_EVOLUTION_EDGE_VERIFIED_TRIGGER_SUPPLY_AUDIT_REQUIRED
ROUTE_1508_GARGANACL,UNLOCK,UNLOCK_EVOLUTION_GLOBAL,ACTIVE,analysis/CURRENT_ACQUISITION_COVERAGE_1231.csv; predecessor canonical id 1507; evolution root 0x09F79290
ROUTE_1508_GARGANACL,SPECIES,SPECIES_KEY_NACLSTACK,ACTIVE,analysis/CURRENT_ACQUISITION_COVERAGE_1231.csv; predecessor canonical id 1507; evolution root 0x09F79290
ROUTE_1508_GARGANACL,RUNTIME,EVOLUTION,ACTIVE,ROM_EVOLUTION_EDGE_VERIFIED_TRIGGER_SUPPLY_AUDIT_REQUIRED
ROUTE_1509_CHARCADET,UNLOCK,UNLOCK_EXISTING_MAP_PROGRESSION,ACTIVE,TOHOKU_ECOLOGY:T028:洞窟・屋内オーバーレイ:Lv30-40
ROUTE_1509_CHARCADET,RUNTIME,ECOLOGY_OVERLAY,ACTIVE,ROM_REACHABLE_VERIFIED
ROUTE_1510_ARMAROUGE,UNLOCK,UNLOCK_EVOLUTION_GLOBAL,ACTIVE,analysis/CURRENT_ACQUISITION_COVERAGE_1231.csv; predecessor canonical id 1509; evolution root 0x09F79290
ROUTE_1510_ARMAROUGE,SPECIES,SPECIES_KEY_CHARCADET,ACTIVE,analysis/CURRENT_ACQUISITION_COVERAGE_1231.csv; predecessor canonical id 1509; evolution root 0x09F79290
ROUTE_1510_ARMAROUGE,RUNTIME,EVOLUTION,ACTIVE,ROM_EVOLUTION_EDGE_VERIFIED_TRIGGER_SUPPLY_AUDIT_REQUIRED
ROUTE_1511_CERULEDGE,UNLOCK,UNLOCK_EVOLUTION_GLOBAL,ACTIVE,analysis/CURRENT_ACQUISITION_COVERAGE_1231.csv; predecessor canonical id 1509; evolution root 0x09F79290
ROUTE_1511_CERULEDGE,SPECIES,SPECIES_KEY_CHARCADET,ACTIVE,analysis/CURRENT_ACQUISITION_COVERAGE_1231.csv; predecessor canonical id 1509; evolution root 0x09F79290
ROUTE_1511_CERULEDGE,RUNTIME,EVOLUTION,ACTIVE,ROM_EVOLUTION_EDGE_VERIFIED_TRIGGER_SUPPLY_AUDIT_REQUIRED
ROUTE_1512_TADBULB,UNLOCK,UNLOCK_EXISTING_MAP_PROGRESSION,ACTIVE,TOHOKU_ECOLOGY:T508:草むらオーバーレイ:Lv19-25
ROUTE_1512_TADBULB,RUNTIME,ECOLOGY_OVERLAY,ACTIVE,ROM_REACHABLE_VERIFIED
ROUTE_1513_BELLIBOLT,UNLOCK,UNLOCK_EVOLUTION_GLOBAL,ACTIVE,analysis/CURRENT_ACQUISITION_COVERAGE_1231.csv; predecessor canonical id 1512; evolution root 0x09F79290
ROUTE_1513_BELLIBOLT,SPECIES,SPECIES_KEY_TADBULB,ACTIVE,analysis/CURRENT_ACQUISITION_COVERAGE_1231.csv; predecessor canonical id 1512; evolution root 0x09F79290
ROUTE_1513_BELLIBOLT,RUNTIME,EVOLUTION,ACTIVE,ROM_EVOLUTION_EDGE_VERIFIED_TRIGGER_SUPPLY_AUDIT_REQUIRED
ROUTE_1514_WATTREL,UNLOCK,UNLOCK_EXISTING_MAP_PROGRESSION,ACTIVE,TOHOKU_ECOLOGY:T507:草むらオーバーレイ:Lv17-23
ROUTE_1514_WATTREL,RUNTIME,ECOLOGY_OVERLAY,ACTIVE,ROM_REACHABLE_VERIFIED
ROUTE_1515_KILOWATTREL,UNLOCK,UNLOCK_EVOLUTION_GLOBAL,ACTIVE,analysis/CURRENT_ACQUISITION_COVERAGE_1231.csv; predecessor canonical id 1514; evolution root 0x09F79290
ROUTE_1515_KILOWATTREL,SPECIES,SPECIES_KEY_WATTREL,ACTIVE,analysis/CURRENT_ACQUISITION_COVERAGE_1231.csv; predecessor canonical id 1514; evolution root 0x09F79290
ROUTE_1515_KILOWATTREL,RUNTIME,EVOLUTION,ACTIVE,ROM_EVOLUTION_EDGE_VERIFIED_TRIGGER_SUPPLY_AUDIT_REQUIRED
ROUTE_1516_MASCHIFF,UNLOCK,UNLOCK_EXISTING_MAP_PROGRESSION,ACTIVE,TOHOKU_ECOLOGY:T515:夜間オーバーレイ:Lv33-40
ROUTE_1516_MASCHIFF,RUNTIME,ECOLOGY_OVERLAY,ACTIVE,ROM_REACHABLE_VERIFIED
ROUTE_1517_MABOSSTIFF,UNLOCK,UNLOCK_EVOLUTION_GLOBAL,ACTIVE,analysis/CURRENT_ACQUISITION_COVERAGE_1231.csv; predecessor canonical id 1516; evolution root 0x09F79290
ROUTE_1517_MABOSSTIFF,SPECIES,SPECIES_KEY_MASCHIFF,ACTIVE,analysis/CURRENT_ACQUISITION_COVERAGE_1231.csv; predecessor canonical id 1516; evolution root 0x09F79290
ROUTE_1517_MABOSSTIFF,RUNTIME,EVOLUTION,ACTIVE,ROM_EVOLUTION_EDGE_VERIFIED_TRIGGER_SUPPLY_AUDIT_REQUIRED
ROUTE_1518_SHROODLE,UNLOCK,UNLOCK_EXISTING_MAP_PROGRESSION,ACTIVE,TOHOKU_ECOLOGY:T515:草むらオーバーレイ:Lv33-40
ROUTE_1518_SHROODLE,RUNTIME,ECOLOGY_OVERLAY,ACTIVE,ROM_REACHABLE_VERIFIED
ROUTE_1519_GRAFAIAI,UNLOCK,UNLOCK_EVOLUTION_GLOBAL,ACTIVE,analysis/CURRENT_ACQUISITION_COVERAGE_1231.csv; predecessor canonical id 1518; evolution root 0x09F79290
ROUTE_1519_GRAFAIAI,SPECIES,SPECIES_KEY_SHROODLE,ACTIVE,analysis/CURRENT_ACQUISITION_COVERAGE_1231.csv; predecessor canonical id 1518; evolution root 0x09F79290
ROUTE_1519_GRAFAIAI,RUNTIME,EVOLUTION,ACTIVE,ROM_EVOLUTION_EDGE_VERIFIED_TRIGGER_SUPPLY_AUDIT_REQUIRED
ROUTE_1520_BRAMBLIN,UNLOCK,UNLOCK_EXISTING_MAP_PROGRESSION,ACTIVE,TOHOKU_ECOLOGY:T521:大量発生:Lv45-52
ROUTE_1520_BRAMBLIN,RUNTIME,ECOLOGY_OVERLAY,ACTIVE,ROM_REACHABLE_VERIFIED
ROUTE_1521_BRAMBLEGHAST,UNLOCK,UNLOCK_EVOLUTION_GLOBAL,ACTIVE,analysis/CURRENT_ACQUISITION_COVERAGE_1231.csv; predecessor canonical id 1520; evolution root 0x09F79290
ROUTE_1521_BRAMBLEGHAST,SPECIES,SPECIES_KEY_BRAMBLIN,ACTIVE,analysis/CURRENT_ACQUISITION_COVERAGE_1231.csv; predecessor canonical id 1520; evolution root 0x09F79290
ROUTE_1521_BRAMBLEGHAST,RUNTIME,EVOLUTION,ACTIVE,ROM_EVOLUTION_EDGE_VERIFIED_TRIGGER_SUPPLY_AUDIT_REQUIRED
ROUTE_1522_TOEDSCOOL,UNLOCK,UNLOCK_EXISTING_MAP_PROGRESSION,ACTIVE,TOHOKU_ECOLOGY:T026:ずつき／朝昼オーバーレイ:Lv38-48
ROUTE_1522_TOEDSCOOL,RUNTIME,ECOLOGY_OVERLAY,ACTIVE,ROM_REACHABLE_VERIFIED
ROUTE_1523_TOEDSCRUEL,UNLOCK,UNLOCK_EVOLUTION_GLOBAL,ACTIVE,analysis/CURRENT_ACQUISITION_COVERAGE_1231.csv; predecessor canonical id 1522; evolution root 0x09F79290
ROUTE_1523_TOEDSCRUEL,SPECIES,SPECIES_KEY_TOEDSCOOL,ACTIVE,analysis/CURRENT_ACQUISITION_COVERAGE_1231.csv; predecessor canonical id 1522; evolution root 0x09F79290
ROUTE_1523_TOEDSCRUEL,RUNTIME,EVOLUTION,ACTIVE,ROM_EVOLUTION_EDGE_VERIFIED_TRIGGER_SUPPLY_AUDIT_REQUIRED
ROUTE_1524_KLAWF,UNLOCK,UNLOCK_EXISTING_MAP_PROGRESSION,ACTIVE,TOHOKU_ECOLOGY:T505:いわくだき／DexNav:Lv10-14
ROUTE_1524_KLAWF,RUNTIME,ECOLOGY_OVERLAY,ACTIVE,ROM_REACHABLE_VERIFIED
ROUTE_1525_CAPSAKID,UNLOCK,UNLOCK_EXISTING_MAP_PROGRESSION,ACTIVE,TOHOKU_ECOLOGY:T028:洞窟・屋内オーバーレイ:Lv30-40
ROUTE_1525_CAPSAKID,RUNTIME,ECOLOGY_OVERLAY,ACTIVE,ROM_REACHABLE_VERIFIED
ROUTE_1526_SCOVILLAIN,UNLOCK,UNLOCK_EVOLUTION_GLOBAL,ACTIVE,analysis/CURRENT_ACQUISITION_COVERAGE_1231.csv; predecessor canonical id 1525; evolution root 0x09F79290
ROUTE_1526_SCOVILLAIN,SPECIES,SPECIES_KEY_CAPSAKID,ACTIVE,analysis/CURRENT_ACQUISITION_COVERAGE_1231.csv; predecessor canonical id 1525; evolution root 0x09F79290
ROUTE_1526_SCOVILLAIN,RUNTIME,EVOLUTION,ACTIVE,ROM_EVOLUTION_EDGE_VERIFIED_TRIGGER_SUPPLY_AUDIT_REQUIRED
ROUTE_1527_RELLOR,UNLOCK,UNLOCK_EXISTING_MAP_PROGRESSION,ACTIVE,TOHOKU_ECOLOGY:T521:草むらオーバーレイ:Lv45-52
ROUTE_1527_RELLOR,RUNTIME,ECOLOGY_OVERLAY,ACTIVE,ROM_REACHABLE_VERIFIED
ROUTE_1528_RABSCA,UNLOCK,UNLOCK_EVOLUTION_GLOBAL,ACTIVE,analysis/CURRENT_ACQUISITION_COVERAGE_1231.csv; predecessor canonical id 1527; evolution root 0x09F79290
ROUTE_1528_RABSCA,SPECIES,SPECIES_KEY_RELLOR,ACTIVE,analysis/CURRENT_ACQUISITION_COVERAGE_1231.csv; predecessor canonical id 1527; evolution root 0x09F79290
ROUTE_1528_RABSCA,RUNTIME,EVOLUTION,ACTIVE,ROM_EVOLUTION_EDGE_VERIFIED_TRIGGER_SUPPLY_AUDIT_REQUIRED
ROUTE_1529_FLITTLE,UNLOCK,UNLOCK_EXISTING_MAP_PROGRESSION,ACTIVE,TOHOKU_ECOLOGY:T521:大量発生:Lv45-52
ROUTE_1529_FLITTLE,RUNTIME,ECOLOGY_OVERLAY,ACTIVE,ROM_REACHABLE_VERIFIED
ROUTE_1530_ESPATHRA,UNLOCK,UNLOCK_EVOLUTION_GLOBAL,ACTIVE,analysis/CURRENT_ACQUISITION_COVERAGE_1231.csv; predecessor canonical id 1529; evolution root 0x09F79290
ROUTE_1530_ESPATHRA,SPECIES,SPECIES_KEY_FLITTLE,ACTIVE,analysis/CURRENT_ACQUISITION_COVERAGE_1231.csv; predecessor canonical id 1529; evolution root 0x09F79290
ROUTE_1530_ESPATHRA,RUNTIME,EVOLUTION,ACTIVE,ROM_EVOLUTION_EDGE_VERIFIED_TRIGGER_SUPPLY_AUDIT_REQUIRED
ROUTE_1531_TINKATINK,UNLOCK,UNLOCK_EXISTING_MAP_PROGRESSION,ACTIVE,TOHOKU_ECOLOGY:T034:洞窟・屋内オーバーレイ:Lv42-55
ROUTE_1531_TINKATINK,RUNTIME,ECOLOGY_OVERLAY,ACTIVE,ROM_REACHABLE_VERIFIED
ROUTE_1532_TINKATUFF,UNLOCK,UNLOCK_EVOLUTION_GLOBAL,ACTIVE,analysis/CURRENT_ACQUISITION_COVERAGE_1231.csv; predecessor canonical id 1531; evolution root 0x09F79290
ROUTE_1532_TINKATUFF,SPECIES,SPECIES_KEY_TINKATINK,ACTIVE,analysis/CURRENT_ACQUISITION_COVERAGE_1231.csv; predecessor canonical id 1531; evolution root 0x09F79290
ROUTE_1532_TINKATUFF,RUNTIME,EVOLUTION,ACTIVE,ROM_EVOLUTION_EDGE_VERIFIED_TRIGGER_SUPPLY_AUDIT_REQUIRED
ROUTE_1533_TINKATON,UNLOCK,UNLOCK_EVOLUTION_GLOBAL,ACTIVE,analysis/CURRENT_ACQUISITION_COVERAGE_1231.csv; predecessor canonical id 1532; evolution root 0x09F79290
ROUTE_1533_TINKATON,SPECIES,SPECIES_KEY_TINKATUFF,ACTIVE,analysis/CURRENT_ACQUISITION_COVERAGE_1231.csv; predecessor canonical id 1532; evolution root 0x09F79290
ROUTE_1533_TINKATON,RUNTIME,EVOLUTION,ACTIVE,ROM_EVOLUTION_EDGE_VERIFIED_TRIGGER_SUPPLY_AUDIT_REQUIRED
ROUTE_1534_WIGLETT,UNLOCK,UNLOCK_EXISTING_MAP_PROGRESSION,ACTIVE,TOHOKU_ECOLOGY:T507:水上オーバーレイ:Lv17-23
ROUTE_1534_WIGLETT,RUNTIME,ECOLOGY_OVERLAY,ACTIVE,ROM_REACHABLE_VERIFIED
ROUTE_1535_WUGTRIO,UNLOCK,UNLOCK_EVOLUTION_GLOBAL,ACTIVE,analysis/CURRENT_ACQUISITION_COVERAGE_1231.csv; predecessor canonical id 1534; evolution root 0x09F79290
ROUTE_1535_WUGTRIO,SPECIES,SPECIES_KEY_WIGLETT,ACTIVE,analysis/CURRENT_ACQUISITION_COVERAGE_1231.csv; predecessor canonical id 1534; evolution root 0x09F79290
ROUTE_1535_WUGTRIO,RUNTIME,EVOLUTION,ACTIVE,ROM_EVOLUTION_EDGE_VERIFIED_TRIGGER_SUPPLY_AUDIT_REQUIRED
ROUTE_1536_BOMBIRDIER,UNLOCK,UNLOCK_EXISTING_MAP_PROGRESSION,ACTIVE,TOHOKU_ECOLOGY:T514:夜間オーバーレイ:Lv31-38
ROUTE_1536_BOMBIRDIER,RUNTIME,ECOLOGY_OVERLAY,ACTIVE,ROM_REACHABLE_VERIFIED
ROUTE_1537_FINIZEN,UNLOCK,UNLOCK_EXISTING_MAP_PROGRESSION,ACTIVE,TOHOKU_ECOLOGY:T507:水上オーバーレイ:Lv17-23
ROUTE_1537_FINIZEN,RUNTIME,ECOLOGY_OVERLAY,ACTIVE,ROM_REACHABLE_VERIFIED
ROUTE_1538_PALAFIN,UNLOCK,UNLOCK_EVOLUTION_GLOBAL,ACTIVE,analysis/CURRENT_ACQUISITION_COVERAGE_1231.csv; predecessor canonical id 1537; evolution root 0x09F79290
ROUTE_1538_PALAFIN,SPECIES,SPECIES_KEY_FINIZEN,ACTIVE,analysis/CURRENT_ACQUISITION_COVERAGE_1231.csv; predecessor canonical id 1537; evolution root 0x09F79290
ROUTE_1538_PALAFIN,RUNTIME,EVOLUTION,ACTIVE,ROM_EVOLUTION_EDGE_VERIFIED_TRIGGER_SUPPLY_AUDIT_REQUIRED
ROUTE_1540_VAROOM,UNLOCK,UNLOCK_EXISTING_MAP_PROGRESSION,ACTIVE,TOHOKU_ECOLOGY:T034:洞窟・屋内オーバーレイ:Lv42-55
ROUTE_1540_VAROOM,RUNTIME,ECOLOGY_OVERLAY,ACTIVE,ROM_REACHABLE_VERIFIED
ROUTE_1541_REVAVROOM,UNLOCK,UNLOCK_EVOLUTION_GLOBAL,ACTIVE,analysis/CURRENT_ACQUISITION_COVERAGE_1231.csv; predecessor canonical id 1540; evolution root 0x09F79290
ROUTE_1541_REVAVROOM,SPECIES,SPECIES_KEY_VAROOM,ACTIVE,analysis/CURRENT_ACQUISITION_COVERAGE_1231.csv; predecessor canonical id 1540; evolution root 0x09F79290
ROUTE_1541_REVAVROOM,RUNTIME,EVOLUTION,ACTIVE,ROM_EVOLUTION_EDGE_VERIFIED_TRIGGER_SUPPLY_AUDIT_REQUIRED
ROUTE_1542_CYCLIZAR,UNLOCK,UNLOCK_EXISTING_MAP_PROGRESSION,ACTIVE,TOHOKU_ECOLOGY:T517:大量発生:Lv38-45
ROUTE_1542_CYCLIZAR,RUNTIME,ECOLOGY_OVERLAY,ACTIVE,ROM_REACHABLE_VERIFIED
ROUTE_1543_ORTHWORM,UNLOCK,UNLOCK_EXISTING_MAP_PROGRESSION,ACTIVE,TOHOKU_ECOLOGY:T518:いわくだき／DexNav:Lv40-47
ROUTE_1543_ORTHWORM,RUNTIME,ECOLOGY_OVERLAY,ACTIVE,ROM_REACHABLE_VERIFIED
ROUTE_1544_GLIMMET,UNLOCK,UNLOCK_EXISTING_MAP_PROGRESSION,ACTIVE,TOHOKU_ECOLOGY:T043:洞窟・屋内オーバーレイ:Lv55-70
ROUTE_1544_GLIMMET,RUNTIME,ECOLOGY_OVERLAY,ACTIVE,ROM_REACHABLE_VERIFIED
ROUTE_1545_GLIMMORA,UNLOCK,UNLOCK_EVOLUTION_GLOBAL,ACTIVE,analysis/CURRENT_ACQUISITION_COVERAGE_1231.csv; predecessor canonical id 1544; evolution root 0x09F79290
ROUTE_1545_GLIMMORA,SPECIES,SPECIES_KEY_GLIMMET,ACTIVE,analysis/CURRENT_ACQUISITION_COVERAGE_1231.csv; predecessor canonical id 1544; evolution root 0x09F79290
ROUTE_1545_GLIMMORA,RUNTIME,EVOLUTION,ACTIVE,ROM_EVOLUTION_EDGE_VERIFIED_TRIGGER_SUPPLY_AUDIT_REQUIRED
ROUTE_1546_GREAVARD,UNLOCK,UNLOCK_EXISTING_MAP_PROGRESSION,ACTIVE,TOHOKU_ECOLOGY:T025:夜間オーバーレイ:Lv8-13
ROUTE_1546_GREAVARD,RUNTIME,ECOLOGY_OVERLAY,ACTIVE,ROM_REACHABLE_VERIFIED
ROUTE_1547_HOUNDSTONE,UNLOCK,UNLOCK_EVOLUTION_GLOBAL,ACTIVE,analysis/CURRENT_ACQUISITION_COVERAGE_1231.csv; predecessor canonical id 1546; evolution root 0x09F79290
ROUTE_1547_HOUNDSTONE,SPECIES,SPECIES_KEY_GREAVARD,ACTIVE,analysis/CURRENT_ACQUISITION_COVERAGE_1231.csv; predecessor canonical id 1546; evolution root 0x09F79290
ROUTE_1547_HOUNDSTONE,RUNTIME,EVOLUTION,ACTIVE,ROM_EVOLUTION_EDGE_VERIFIED_TRIGGER_SUPPLY_AUDIT_REQUIRED
ROUTE_1548_FLAMIGO,UNLOCK,UNLOCK_EXISTING_MAP_PROGRESSION,ACTIVE,TOHOKU_ECOLOGY:T520:大量発生:Lv42-49
ROUTE_1548_FLAMIGO,RUNTIME,ECOLOGY_OVERLAY,ACTIVE,ROM_REACHABLE_VERIFIED
ROUTE_1549_CETODDLE,UNLOCK,UNLOCK_EXISTING_MAP_PROGRESSION,ACTIVE,TOHOKU_ECOLOGY:T030:洞窟・屋内オーバーレイ:Lv30-40
ROUTE_1549_CETODDLE,RUNTIME,ECOLOGY_OVERLAY,ACTIVE,ROM_REACHABLE_VERIFIED
ROUTE_1550_CETITAN,UNLOCK,UNLOCK_EVOLUTION_GLOBAL,ACTIVE,analysis/CURRENT_ACQUISITION_COVERAGE_1231.csv; predecessor canonical id 1549; evolution root 0x09F79290
ROUTE_1550_CETITAN,SPECIES,SPECIES_KEY_CETODDLE,ACTIVE,analysis/CURRENT_ACQUISITION_COVERAGE_1231.csv; predecessor canonical id 1549; evolution root 0x09F79290
ROUTE_1550_CETITAN,RUNTIME,EVOLUTION,ACTIVE,ROM_EVOLUTION_EDGE_VERIFIED_TRIGGER_SUPPLY_AUDIT_REQUIRED
ROUTE_1551_VELUZA,UNLOCK,UNLOCK_EXISTING_MAP_PROGRESSION,ACTIVE,TOHOKU_ECOLOGY:T510:水上オーバーレイ:Lv24-30
ROUTE_1551_VELUZA,RUNTIME,ECOLOGY_OVERLAY,ACTIVE,ROM_REACHABLE_VERIFIED
ROUTE_1552_DONDOZO,UNLOCK,UNLOCK_EXISTING_MAP_PROGRESSION,ACTIVE,TOHOKU_ECOLOGY:T523:釣りオーバーレイ:Lv55-65
ROUTE_1552_DONDOZO,RUNTIME,ECOLOGY_OVERLAY,ACTIVE,ROM_REACHABLE_VERIFIED
ROUTE_1553_TATSUGIRI,UNLOCK,UNLOCK_EXISTING_MAP_PROGRESSION,ACTIVE,TOHOKU_ECOLOGY:T523:水上オーバーレイ:Lv55-65
ROUTE_1553_TATSUGIRI,RUNTIME,ECOLOGY_OVERLAY,ACTIVE,ROM_REACHABLE_VERIFIED
ROUTE_1556_ANNIHILAPE,UNLOCK,UNLOCK_EVOLUTION_GLOBAL,ACTIVE,analysis/CURRENT_ACQUISITION_COVERAGE_1231.csv; predecessor canonical id 445; evolution root 0x09F79290
ROUTE_1556_ANNIHILAPE,SPECIES,SPECIES_KEY_PRIMEAPE,ACTIVE,analysis/CURRENT_ACQUISITION_COVERAGE_1231.csv; predecessor canonical id 445; evolution root 0x09F79290
ROUTE_1556_ANNIHILAPE,RUNTIME,EVOLUTION,ACTIVE,ROM_EVOLUTION_EDGE_VERIFIED_TRIGGER_SUPPLY_AUDIT_REQUIRED
ROUTE_1557_CLODSIRE,UNLOCK,UNLOCK_REGIONAL_NURSERY,ACTIVE,modern evolution condition audit + enabling form catalog
ROUTE_1557_CLODSIRE,SPECIES,SPECIES_KEY_WOOPER_P,ACTIVE,modern evolution condition audit + enabling form catalog
ROUTE_1557_CLODSIRE,HOST,HOST_REGIONAL_NURSERY,ACTIVE,READY_TO_SERIALIZE
ROUTE_1557_CLODSIRE,RUNTIME,EVOLUTION_SUPPORT,ACTIVE,READY_TO_INTEGRATE
ROUTE_1558_FARIGIRAF,UNLOCK,UNLOCK_MOVE_CONDITION_TUTOR,ACTIVE,modern evolution condition audit + enabling form catalog
ROUTE_1558_FARIGIRAF,SPECIES,SPECIES_KEY_GIRAFARIG,ACTIVE,modern evolution condition audit + enabling form catalog
ROUTE_1558_FARIGIRAF,HOST,HOST_MOVE_TUTOR,ACTIVE,READY_TO_SERIALIZE
ROUTE_1558_FARIGIRAF,RUNTIME,EVOLUTION_SUPPORT,ACTIVE,READY_TO_INTEGRATE
ROUTE_1559_DUDUNSPARCE,UNLOCK,UNLOCK_MOVE_CONDITION_TUTOR,ACTIVE,modern evolution condition audit + enabling form catalog
ROUTE_1559_DUDUNSPARCE,SPECIES,SPECIES_KEY_DUNSPARCE,ACTIVE,modern evolution condition audit + enabling form catalog
ROUTE_1559_DUDUNSPARCE,HOST,HOST_MOVE_TUTOR,ACTIVE,READY_TO_SERIALIZE
ROUTE_1559_DUDUNSPARCE,RUNTIME,EVOLUTION_SUPPORT,ACTIVE,READY_TO_INTEGRATE
ROUTE_1561_KINGAMBIT,UNLOCK,UNLOCK_EVOLUTION_GLOBAL,ACTIVE,analysis/CURRENT_ACQUISITION_COVERAGE_1231.csv; predecessor canonical id 859; evolution root 0x09F79290
ROUTE_1561_KINGAMBIT,SPECIES,SPECIES_KEY_BISHARP,ACTIVE,analysis/CURRENT_ACQUISITION_COVERAGE_1231.csv; predecessor canonical id 859; evolution root 0x09F79290
ROUTE_1561_KINGAMBIT,RUNTIME,EVOLUTION,ACTIVE,ROM_EVOLUTION_EDGE_VERIFIED_TRIGGER_SUPPLY_AUDIT_REQUIRED
ROUTE_1562_GREAT_TUSK,UNLOCK,UNLOCK_PARADOX_RESEARCH,ACTIVE,special master + exact Kanto host JSON + data-driven event runtime
ROUTE_1562_GREAT_TUSK,HOST,HOST_ANCIENT_GIANTS,ACTIVE,READY_TO_SERIALIZE
ROUTE_1562_GREAT_TUSK,RUNTIME,FIXED_CAPTURE,ACTIVE,READY_TO_INTEGRATE
ROUTE_1563_SCREAM_TAIL,UNLOCK,UNLOCK_PARADOX_RESEARCH,ACTIVE,special master + exact Kanto host JSON + data-driven event runtime
ROUTE_1563_SCREAM_TAIL,HOST,HOST_ANCIENT_GIANTS,ACTIVE,READY_TO_SERIALIZE
ROUTE_1563_SCREAM_TAIL,RUNTIME,FIXED_CAPTURE,ACTIVE,READY_TO_INTEGRATE
ROUTE_1564_BRUTE_BONNET,UNLOCK,UNLOCK_PARADOX_RESEARCH,ACTIVE,special master + exact Kanto host JSON + data-driven event runtime
ROUTE_1564_BRUTE_BONNET,HOST,HOST_ANCIENT_GIANTS,ACTIVE,READY_TO_SERIALIZE
ROUTE_1564_BRUTE_BONNET,RUNTIME,FIXED_CAPTURE,ACTIVE,READY_TO_INTEGRATE
ROUTE_1565_FLUTTER_MANE,UNLOCK,UNLOCK_PARADOX_RESEARCH,ACTIVE,special master + exact Kanto host JSON + data-driven event runtime
ROUTE_1565_FLUTTER_MANE,HOST,HOST_ANCIENT_GIANTS,ACTIVE,READY_TO_SERIALIZE
ROUTE_1565_FLUTTER_MANE,RUNTIME,FIXED_CAPTURE,ACTIVE,READY_TO_INTEGRATE
ROUTE_1566_SLITHER_WING,UNLOCK,UNLOCK_PARADOX_RESEARCH,ACTIVE,special master + exact Kanto host JSON + data-driven event runtime
ROUTE_1566_SLITHER_WING,HOST,HOST_ANCIENT_GIANTS,ACTIVE,READY_TO_SERIALIZE
ROUTE_1566_SLITHER_WING,RUNTIME,FIXED_CAPTURE,ACTIVE,READY_TO_INTEGRATE
ROUTE_1567_SANDY_SHOCKS,UNLOCK,UNLOCK_PARADOX_RESEARCH,ACTIVE,special master + exact Kanto host JSON + data-driven event runtime
ROUTE_1567_SANDY_SHOCKS,HOST,HOST_ANCIENT_GIANTS,ACTIVE,READY_TO_SERIALIZE
ROUTE_1567_SANDY_SHOCKS,RUNTIME,FIXED_CAPTURE,ACTIVE,READY_TO_INTEGRATE
ROUTE_1568_IRON_TREADS,UNLOCK,UNLOCK_PARADOX_RESEARCH,ACTIVE,special master + exact Kanto host JSON + data-driven event runtime
ROUTE_1568_IRON_TREADS,HOST,HOST_FUTURE_CORE,ACTIVE,READY_TO_SERIALIZE
ROUTE_1568_IRON_TREADS,RUNTIME,FIXED_CAPTURE,ACTIVE,READY_TO_INTEGRATE
ROUTE_1569_IRON_BUNDLE,UNLOCK,UNLOCK_PARADOX_RESEARCH,ACTIVE,special master + exact Kanto host JSON + data-driven event runtime
ROUTE_1569_IRON_BUNDLE,HOST,HOST_FUTURE_CORE,ACTIVE,READY_TO_SERIALIZE
ROUTE_1569_IRON_BUNDLE,RUNTIME,FIXED_CAPTURE,ACTIVE,READY_TO_INTEGRATE
ROUTE_1570_IRON_HANDS,UNLOCK,UNLOCK_PARADOX_RESEARCH,ACTIVE,special master + exact Kanto host JSON + data-driven event runtime
ROUTE_1570_IRON_HANDS,HOST,HOST_FUTURE_CORE,ACTIVE,READY_TO_SERIALIZE
ROUTE_1570_IRON_HANDS,RUNTIME,FIXED_CAPTURE,ACTIVE,READY_TO_INTEGRATE
ROUTE_1571_IRON_JUGULIS,UNLOCK,UNLOCK_PARADOX_RESEARCH,ACTIVE,special master + exact Kanto host JSON + data-driven event runtime
ROUTE_1571_IRON_JUGULIS,HOST,HOST_FUTURE_CORE,ACTIVE,READY_TO_SERIALIZE
ROUTE_1571_IRON_JUGULIS,RUNTIME,FIXED_CAPTURE,ACTIVE,READY_TO_INTEGRATE
ROUTE_1572_IRON_MOTH,UNLOCK,UNLOCK_PARADOX_RESEARCH,ACTIVE,special master + exact Kanto host JSON + data-driven event runtime
ROUTE_1572_IRON_MOTH,HOST,HOST_FUTURE_CORE,ACTIVE,READY_TO_SERIALIZE
ROUTE_1572_IRON_MOTH,RUNTIME,FIXED_CAPTURE,ACTIVE,READY_TO_INTEGRATE
ROUTE_1573_IRON_THORNS,UNLOCK,UNLOCK_PARADOX_RESEARCH,ACTIVE,special master + exact Kanto host JSON + data-driven event runtime
ROUTE_1573_IRON_THORNS,HOST,HOST_FUTURE_CORE,ACTIVE,READY_TO_SERIALIZE
ROUTE_1573_IRON_THORNS,RUNTIME,FIXED_CAPTURE,ACTIVE,READY_TO_INTEGRATE
ROUTE_1574_FRIGIBAX,UNLOCK,UNLOCK_EXISTING_MAP_PROGRESSION,ACTIVE,TOHOKU_ECOLOGY:T031:DexNav隠し枠:Lv36-46
ROUTE_1574_FRIGIBAX,RUNTIME,ECOLOGY_OVERLAY,ACTIVE,ROM_REACHABLE_VERIFIED
ROUTE_1575_ARCTIBAX,UNLOCK,UNLOCK_EVOLUTION_GLOBAL,ACTIVE,analysis/CURRENT_ACQUISITION_COVERAGE_1231.csv; predecessor canonical id 1574; evolution root 0x09F79290
ROUTE_1575_ARCTIBAX,SPECIES,SPECIES_KEY_FRIGIBAX,ACTIVE,analysis/CURRENT_ACQUISITION_COVERAGE_1231.csv; predecessor canonical id 1574; evolution root 0x09F79290
ROUTE_1575_ARCTIBAX,RUNTIME,EVOLUTION,ACTIVE,ROM_EVOLUTION_EDGE_VERIFIED_TRIGGER_SUPPLY_AUDIT_REQUIRED
ROUTE_1576_BAXCALIBUR,UNLOCK,UNLOCK_EVOLUTION_GLOBAL,ACTIVE,analysis/CURRENT_ACQUISITION_COVERAGE_1231.csv; predecessor canonical id 1575; evolution root 0x09F79290
ROUTE_1576_BAXCALIBUR,SPECIES,SPECIES_KEY_ARCTIBAX,ACTIVE,analysis/CURRENT_ACQUISITION_COVERAGE_1231.csv; predecessor canonical id 1575; evolution root 0x09F79290
ROUTE_1576_BAXCALIBUR,RUNTIME,EVOLUTION,ACTIVE,ROM_EVOLUTION_EDGE_VERIFIED_TRIGGER_SUPPLY_AUDIT_REQUIRED
ROUTE_1577_GIMMIGHOUL,UNLOCK,UNLOCK_EXISTING_MAP_PROGRESSION,ACTIVE,TOHOKU_ECOLOGY:T043:屋内異常遭遇／DexNav:Lv55-70
ROUTE_1577_GIMMIGHOUL,RUNTIME,ECOLOGY_OVERLAY,ACTIVE,ROM_REACHABLE_VERIFIED
ROUTE_1579_GHOLDENGO,UNLOCK,UNLOCK_EVOLUTION_GLOBAL,ACTIVE,analysis/CURRENT_ACQUISITION_COVERAGE_1231.csv; predecessor canonical id 1577; evolution root 0x09F79290
ROUTE_1579_GHOLDENGO,SPECIES,SPECIES_KEY_GIMMIGHOUL,ACTIVE,analysis/CURRENT_ACQUISITION_COVERAGE_1231.csv; predecessor canonical id 1577; evolution root 0x09F79290
ROUTE_1579_GHOLDENGO,RUNTIME,EVOLUTION,ACTIVE,ROM_EVOLUTION_EDGE_VERIFIED_TRIGGER_SUPPLY_AUDIT_REQUIRED
ROUTE_1580_WO_CHIEN,UNLOCK,UNLOCK_SPHERE_RUINS_CLEAR,ACTIVE,special master + exact Kanto host JSON + data-driven event runtime
ROUTE_1580_WO_CHIEN,HOST,HOST_RUINOUS_SEALS,ACTIVE,READY_TO_SERIALIZE
ROUTE_1580_WO_CHIEN,RUNTIME,FIXED_CAPTURE,ACTIVE,READY_TO_INTEGRATE
ROUTE_1581_CHIEN_PAO,UNLOCK,UNLOCK_SPHERE_RUINS_CLEAR,ACTIVE,special master + exact Kanto host JSON + data-driven event runtime
ROUTE_1581_CHIEN_PAO,HOST,HOST_RUINOUS_SEALS,ACTIVE,READY_TO_SERIALIZE
ROUTE_1581_CHIEN_PAO,RUNTIME,FIXED_CAPTURE,ACTIVE,READY_TO_INTEGRATE
ROUTE_1582_TING_LU,UNLOCK,UNLOCK_SPHERE_RUINS_CLEAR,ACTIVE,special master + exact Kanto host JSON + data-driven event runtime
ROUTE_1582_TING_LU,HOST,HOST_RUINOUS_SEALS,ACTIVE,READY_TO_SERIALIZE
ROUTE_1582_TING_LU,RUNTIME,FIXED_CAPTURE,ACTIVE,READY_TO_INTEGRATE
ROUTE_1583_CHI_YU,UNLOCK,UNLOCK_SPHERE_RUINS_CLEAR,ACTIVE,special master + exact Kanto host JSON + data-driven event runtime
ROUTE_1583_CHI_YU,HOST,HOST_RUINOUS_SEALS,ACTIVE,READY_TO_SERIALIZE
ROUTE_1583_CHI_YU,RUNTIME,FIXED_CAPTURE,ACTIVE,READY_TO_INTEGRATE
ROUTE_1584_ROARING_MOON,UNLOCK,UNLOCK_PARADOX_RESEARCH,ACTIVE,special master + exact Kanto host JSON + data-driven event runtime
ROUTE_1584_ROARING_MOON,HOST,HOST_ANCIENT_GIANTS,ACTIVE,READY_TO_SERIALIZE
ROUTE_1584_ROARING_MOON,RUNTIME,FIXED_CAPTURE,ACTIVE,READY_TO_INTEGRATE
ROUTE_1585_IRON_VALIANT,UNLOCK,UNLOCK_PARADOX_RESEARCH,ACTIVE,special master + exact Kanto host JSON + data-driven event runtime
ROUTE_1585_IRON_VALIANT,HOST,HOST_FUTURE_CORE,ACTIVE,READY_TO_SERIALIZE
ROUTE_1585_IRON_VALIANT,RUNTIME,FIXED_CAPTURE,ACTIVE,READY_TO_INTEGRATE
ROUTE_1586_KORAIDON,UNLOCK,UNLOCK_PARADOX_RESEARCH,ACTIVE,special master + exact Kanto host JSON + data-driven event runtime
ROUTE_1586_KORAIDON,HOST,HOST_AREA_ZERO,ACTIVE,READY_TO_SERIALIZE
ROUTE_1586_KORAIDON,RUNTIME,FIXED_CAPTURE,ACTIVE,READY_TO_INTEGRATE
ROUTE_1587_MIRAIDON,UNLOCK,UNLOCK_PARADOX_RESEARCH,ACTIVE,special master + exact Kanto host JSON + data-driven event runtime
ROUTE_1587_MIRAIDON,HOST,HOST_AREA_ZERO,ACTIVE,READY_TO_SERIALIZE
ROUTE_1587_MIRAIDON,RUNTIME,FIXED_CAPTURE,ACTIVE,READY_TO_INTEGRATE
ROUTE_1588_WALKING_WAKE,UNLOCK,UNLOCK_PARADOX_RESEARCH,ACTIVE,special master + exact Kanto host JSON + data-driven event runtime
ROUTE_1588_WALKING_WAKE,HOST,HOST_ANCIENT_GIANTS,ACTIVE,READY_TO_SERIALIZE
ROUTE_1588_WALKING_WAKE,RUNTIME,FIXED_CAPTURE,ACTIVE,READY_TO_INTEGRATE
ROUTE_1589_IRON_LEAVES,UNLOCK,UNLOCK_PARADOX_RESEARCH,ACTIVE,special master + exact Kanto host JSON + data-driven event runtime
ROUTE_1589_IRON_LEAVES,HOST,HOST_FUTURE_CORE,ACTIVE,READY_TO_SERIALIZE
ROUTE_1589_IRON_LEAVES,RUNTIME,FIXED_CAPTURE,ACTIVE,READY_TO_INTEGRATE
ROUTE_1593_WOOPER_P,UNLOCK,UNLOCK_REGIONAL_NURSERY,ACTIVE,exact Kanto host JSON + enabling-form dependency analysis
ROUTE_1593_WOOPER_P,HOST,HOST_REGIONAL_NURSERY,ACTIVE,READY_TO_SERIALIZE
ROUTE_1593_WOOPER_P,RUNTIME,RESEARCH_EGG,ACTIVE,READY_TO_INTEGRATE
ROUTE_1595_DIPPLIN,UNLOCK,UNLOCK_EVOLUTION_GLOBAL,ACTIVE,analysis/CURRENT_ACQUISITION_COVERAGE_1231.csv; predecessor canonical id 1313; evolution root 0x09F79290
ROUTE_1595_DIPPLIN,SPECIES,SPECIES_KEY_APPLIN,ACTIVE,analysis/CURRENT_ACQUISITION_COVERAGE_1231.csv; predecessor canonical id 1313; evolution root 0x09F79290
ROUTE_1595_DIPPLIN,RUNTIME,EVOLUTION,ACTIVE,ROM_EVOLUTION_EDGE_VERIFIED_TRIGGER_SUPPLY_AUDIT_REQUIRED
ROUTE_1596_POLTCHAGEIST,UNLOCK,UNLOCK_EXISTING_MAP_PROGRESSION,ACTIVE,TOHOKU_ECOLOGY:T033:夜間オーバーレイ:Lv43-55
ROUTE_1596_POLTCHAGEIST,RUNTIME,ECOLOGY_OVERLAY,ACTIVE,ROM_REACHABLE_VERIFIED
ROUTE_1598_SINISTCHA,UNLOCK,UNLOCK_EVOLUTION_GLOBAL,ACTIVE,analysis/CURRENT_ACQUISITION_COVERAGE_1231.csv; predecessor canonical id 1596; evolution root 0x09F79290
ROUTE_1598_SINISTCHA,SPECIES,SPECIES_KEY_POLTCHAGEIST,ACTIVE,analysis/CURRENT_ACQUISITION_COVERAGE_1231.csv; predecessor canonical id 1596; evolution root 0x09F79290
ROUTE_1598_SINISTCHA,RUNTIME,EVOLUTION,ACTIVE,ROM_EVOLUTION_EDGE_VERIFIED_TRIGGER_SUPPLY_AUDIT_REQUIRED
ROUTE_1600_OKIDOGI,UNLOCK,UNLOCK_RESEARCH_RANK_5,ACTIVE,special master + exact Kanto host JSON + data-driven event runtime
ROUTE_1600_OKIDOGI,HOST,HOST_KITAKAMI_MASK,ACTIVE,READY_TO_SERIALIZE
ROUTE_1600_OKIDOGI,RUNTIME,FIXED_CAPTURE,ACTIVE,READY_TO_INTEGRATE
ROUTE_1601_MUNKIDORI,UNLOCK,UNLOCK_RESEARCH_RANK_5,ACTIVE,special master + exact Kanto host JSON + data-driven event runtime
ROUTE_1601_MUNKIDORI,HOST,HOST_KITAKAMI_MASK,ACTIVE,READY_TO_SERIALIZE
ROUTE_1601_MUNKIDORI,RUNTIME,FIXED_CAPTURE,ACTIVE,READY_TO_INTEGRATE
ROUTE_1602_FEZANDIPITI,UNLOCK,UNLOCK_RESEARCH_RANK_5,ACTIVE,special master + exact Kanto host JSON + data-driven event runtime
ROUTE_1602_FEZANDIPITI,HOST,HOST_KITAKAMI_MASK,ACTIVE,READY_TO_SERIALIZE
ROUTE_1602_FEZANDIPITI,RUNTIME,FIXED_CAPTURE,ACTIVE,READY_TO_INTEGRATE
ROUTE_1603_OGERPON,UNLOCK,UNLOCK_RESEARCH_RANK_5,ACTIVE,special master + exact Kanto host JSON + data-driven event runtime
ROUTE_1603_OGERPON,HOST,HOST_KITAKAMI_MASK,ACTIVE,READY_TO_SERIALIZE
ROUTE_1603_OGERPON,RUNTIME,FIXED_CAPTURE,ACTIVE,READY_TO_INTEGRATE
ROUTE_1611_ARCHALUDON,UNLOCK,UNLOCK_EVOLUTION_GLOBAL,ACTIVE,analysis/CURRENT_ACQUISITION_COVERAGE_1231.csv; predecessor canonical id 1357; evolution root 0x09F79290
ROUTE_1611_ARCHALUDON,SPECIES,SPECIES_KEY_DURALUDON,ACTIVE,analysis/CURRENT_ACQUISITION_COVERAGE_1231.csv; predecessor canonical id 1357; evolution root 0x09F79290
ROUTE_1611_ARCHALUDON,RUNTIME,EVOLUTION,ACTIVE,ROM_EVOLUTION_EDGE_VERIFIED_TRIGGER_SUPPLY_AUDIT_REQUIRED
ROUTE_1612_HYDRAPPLE,UNLOCK,UNLOCK_EVOLUTION_GLOBAL,ACTIVE,analysis/CURRENT_ACQUISITION_COVERAGE_1231.csv; predecessor canonical id 1595; evolution root 0x09F79290
ROUTE_1612_HYDRAPPLE,SPECIES,SPECIES_KEY_DIPPLIN,ACTIVE,analysis/CURRENT_ACQUISITION_COVERAGE_1231.csv; predecessor canonical id 1595; evolution root 0x09F79290
ROUTE_1612_HYDRAPPLE,RUNTIME,EVOLUTION,ACTIVE,ROM_EVOLUTION_EDGE_VERIFIED_TRIGGER_SUPPLY_AUDIT_REQUIRED
ROUTE_1613_GOUGING_FIRE,UNLOCK,UNLOCK_PARADOX_RESEARCH,ACTIVE,special master + exact Kanto host JSON + data-driven event runtime
ROUTE_1613_GOUGING_FIRE,HOST,HOST_ANCIENT_GIANTS,ACTIVE,READY_TO_SERIALIZE
ROUTE_1613_GOUGING_FIRE,RUNTIME,FIXED_CAPTURE,ACTIVE,READY_TO_INTEGRATE
ROUTE_1614_RAGING_BOLT,UNLOCK,UNLOCK_PARADOX_RESEARCH,ACTIVE,special master + exact Kanto host JSON + data-driven event runtime
ROUTE_1614_RAGING_BOLT,HOST,HOST_ANCIENT_GIANTS,ACTIVE,READY_TO_SERIALIZE
ROUTE_1614_RAGING_BOLT,RUNTIME,FIXED_CAPTURE,ACTIVE,READY_TO_INTEGRATE
ROUTE_1615_IRON_BOULDER,UNLOCK,UNLOCK_PARADOX_RESEARCH,ACTIVE,special master + exact Kanto host JSON + data-driven event runtime
ROUTE_1615_IRON_BOULDER,HOST,HOST_FUTURE_CORE,ACTIVE,READY_TO_SERIALIZE
ROUTE_1615_IRON_BOULDER,RUNTIME,FIXED_CAPTURE,ACTIVE,READY_TO_INTEGRATE
ROUTE_1616_IRON_CROWN,UNLOCK,UNLOCK_PARADOX_RESEARCH,ACTIVE,special master + exact Kanto host JSON + data-driven event runtime
ROUTE_1616_IRON_CROWN,HOST,HOST_FUTURE_CORE,ACTIVE,READY_TO_SERIALIZE
ROUTE_1616_IRON_CROWN,RUNTIME,FIXED_CAPTURE,ACTIVE,READY_TO_INTEGRATE
ROUTE_1617_TERAPAGOS,UNLOCK,UNLOCK_TERA_ORB,ACTIVE,special master + exact Kanto host JSON + data-driven event runtime
ROUTE_1617_TERAPAGOS,HOST,HOST_FINAL_CREATION,ACTIVE,READY_TO_SERIALIZE
ROUTE_1617_TERAPAGOS,RUNTIME,FIXED_CAPTURE,ACTIVE,READY_TO_INTEGRATE
ROUTE_1620_PECHARUNT,UNLOCK,UNLOCK_RESEARCH_RANK_5,ACTIVE,special master + exact Kanto host JSON + data-driven event runtime
ROUTE_1620_PECHARUNT,HOST,HOST_KITAKAMI_MASK,ACTIVE,READY_TO_SERIALIZE
ROUTE_1620_PECHARUNT,RUNTIME,FIXED_CAPTURE,ACTIVE,READY_TO_INTEGRATE
ROUTE_0122_VEGA_122,SPECIES,SPECIES_KEY_VEGA_121,ACTIVE,legacy Vega evolution reference; exact trigger ABI remains acceptance-tested
ROUTE_0389_VEGA_389,SPECIES,SPECIES_KEY_VEGA_388,ACTIVE,legacy Vega evolution reference; exact trigger ABI remains acceptance-tested
ROUTE_0409_VEGA_409,SPECIES,SPECIES_KEY_VEGA_406,ACTIVE,legacy Vega evolution reference; exact trigger ABI remains acceptance-tested
