encounter_key,map_key,logical_location_key,method,condition,slot,species_key,evolution_chain_id,level_min,level_max,weight,table_profile,base_table_key,unlock_key,hidden_ability_policy,egg_move_policy,item_key,shared_capture_key,difficulty_policy,status,notes
ENCOUNTER_KEY_KANTO_FAMILY_0001,MAP_KEY_KANTO_K33,K33,ずつき／朝昼オーバーレイ,ベガ初回殿堂入り後。認定章数でエリアと中間進化枠を段階解禁。,1,SPECIES_KEY_BULBASAUR,1,82,90,8,NORMAL,TABLE_KEY_KANTO_K33,KANTO_CERT_2,DEXNAV_CHAIN_OR_RANK2,ONE_LEGAL_MOVE,ITEM_KEY_NONE,NONE,FIXED_HIGH_LEVEL_OPTIONAL,ACTIVE,トーホクではベガ既存個体を保護。カントーでは高レベル個体・隠れ特性・タマゴ技探索を担当。
ENCOUNTER_KEY_KANTO_FAMILY_0002,MAP_KEY_KANTO_K03,K03,草むらオーバーレイ,ベガ初回殿堂入り後。認定章数でエリアと中間進化枠を段階解禁。,2,SPECIES_KEY_CHARMANDER,2,71,75,8,NORMAL,TABLE_KEY_KANTO_K03,KANTO_EARLY_ACCESS,DEXNAV_CHAIN_OR_RANK2,ONE_LEGAL_MOVE,ITEM_KEY_NONE,NONE,FIXED_HIGH_LEVEL_OPTIONAL,ACTIVE,トーホクではベガ既存個体を保護。カントーでは高レベル個体・隠れ特性・タマゴ技探索を担当。
ENCOUNTER_KEY_KANTO_FAMILY_0003,MAP_KEY_KANTO_K15,K15,水上オーバーレイ,ベガ初回殿堂入り後。認定章数でエリアと中間進化枠を段階解禁。,3,SPECIES_KEY_SQUIRTLE,3,85,90,10,NORMAL,TABLE_KEY_KANTO_K15,KANTO_CERT_3,DEXNAV_CHAIN_OR_RANK2,ONE_LEGAL_MOVE,ITEM_KEY_NONE,NONE,FIXED_HIGH_LEVEL_OPTIONAL,ACTIVE,トーホクではベガ既存個体を保護。カントーでは高レベル個体・隠れ特性・タマゴ技探索を担当。
ENCOUNTER_KEY_KANTO_FAMILY_0004,MAP_KEY_KANTO_VIRIDIAN_FOREST,K26,ずつき／朝昼オーバーレイ,ベガ初回殿堂入り後。認定章数でエリアと中間進化枠を段階解禁。,4,SPECIES_KEY_CATERPIE,4,70,76,8,NORMAL,TABLE_KEY_KANTO_K26,KANTO_EARLY_ACCESS,DEXNAV_CHAIN_OR_RANK2,ONE_LEGAL_MOVE,ITEM_KEY_NONE,NONE,FIXED_HIGH_LEVEL_OPTIONAL,ACTIVE,トーホクは本編で使える低～中レベル基礎種、カントーは高レベル個体・中間進化・隠れ特性探索を担当。
ENCOUNTER_KEY_KANTO_FAMILY_0005,MAP_KEY_KANTO_VIRIDIAN_FOREST,K26,ずつき／朝昼オーバーレイ,ベガ初回殿堂入り後。認定章数でエリアと中間進化枠を段階解禁。,5,SPECIES_KEY_WEEDLE,5,70,76,8,NORMAL,TABLE_KEY_KANTO_K26,KANTO_EARLY_ACCESS,DEXNAV_CHAIN_OR_RANK2,ONE_LEGAL_MOVE,ITEM_KEY_NONE,NONE,FIXED_HIGH_LEVEL_OPTIONAL,ACTIVE,トーホクは本編で使える低～中レベル基礎種、カントーは高レベル個体・中間進化・隠れ特性探索を担当。
ENCOUNTER_KEY_KANTO_FAMILY_0006,MAP_KEY_KANTO_ROUTE1,K01,大量発生,ベガ初回殿堂入り後。認定章数でエリアと中間進化枠を段階解禁。,6,SPECIES_KEY_PIDGEY,6,68,72,0,NORMAL,TABLE_KEY_KANTO_K01,KANTO_EARLY_ACCESS,DEXNAV_CHAIN_OR_RANK2,ONE_LEGAL_MOVE,ITEM_KEY_NONE,NONE,FIXED_HIGH_LEVEL_OPTIONAL,ACTIVE,トーホクは本編で使える低～中レベル基礎種、カントーは高レベル個体・中間進化・隠れ特性探索を担当。
ENCOUNTER_KEY_KANTO_FAMILY_0007,MAP_KEY_KANTO_ROUTE1,K01,草むらオーバーレイ,ベガ初回殿堂入り後。認定章数でエリアと中間進化枠を段階解禁。,7,SPECIES_KEY_RATTATA,7,68,72,8,NORMAL,TABLE_KEY_KANTO_K01,KANTO_EARLY_ACCESS,DEXNAV_CHAIN_OR_RANK2,ONE_LEGAL_MOVE,ITEM_KEY_NONE,NONE,FIXED_HIGH_LEVEL_OPTIONAL,ACTIVE,トーホクは本編で使える低～中レベル基礎種、カントーは高レベル個体・中間進化・隠れ特性探索を担当。
ENCOUNTER_KEY_KANTO_FAMILY_0008,MAP_KEY_KANTO_K03,K03,草むらオーバーレイ,ベガ初回殿堂入り後。認定章数でエリアと中間進化枠を段階解禁。,8,SPECIES_KEY_SPEAROW,8,71,75,8,NORMAL,TABLE_KEY_KANTO_K03,KANTO_EARLY_ACCESS,DEXNAV_CHAIN_OR_RANK2,ONE_LEGAL_MOVE,ITEM_KEY_NONE,NONE,FIXED_HIGH_LEVEL_OPTIONAL,ACTIVE,トーホクは本編で使える低～中レベル基礎種、カントーは高レベル個体・中間進化・隠れ特性探索を担当。
ENCOUNTER_KEY_KANTO_FAMILY_0009,MAP_KEY_KANTO_K11,K11,草むらオーバーレイ,ベガ初回殿堂入り後。認定章数でエリアと中間進化枠を段階解禁。,9,SPECIES_KEY_EKANS,9,76,82,8,NORMAL,TABLE_KEY_KANTO_K11,KANTO_EARLY_ACCESS,DEXNAV_CHAIN_OR_RANK2,ONE_LEGAL_MOVE,ITEM_KEY_NONE,NONE,FIXED_HIGH_LEVEL_OPTIONAL,ACTIVE,トーホクではベガ既存個体を保護。カントーでは高レベル個体・隠れ特性・タマゴ技探索を担当。
ENCOUNTER_KEY_KANTO_FAMILY_0010,MAP_KEY_KANTO_K04,K04,草むらオーバーレイ,ベガ初回殿堂入り後。認定章数でエリアと中間進化枠を段階解禁。,10,SPECIES_KEY_SANDSHREW,11,72,77,8,NORMAL,TABLE_KEY_KANTO_K04,KANTO_EARLY_ACCESS,DEXNAV_CHAIN_OR_RANK2,ONE_LEGAL_MOVE,ITEM_KEY_NONE,NONE,FIXED_HIGH_LEVEL_OPTIONAL,ACTIVE,トーホクではベガ既存個体を保護。カントーでは高レベル個体・隠れ特性・タマゴ技探索を担当。
ENCOUNTER_KEY_KANTO_FAMILY_0011,MAP_KEY_KANTO_K03,K03,草むらオーバーレイ,ベガ初回殿堂入り後。認定章数でエリアと中間進化枠を段階解禁。,11,SPECIES_KEY_NIDORAN_F,12,71,75,8,NORMAL,TABLE_KEY_KANTO_K03,KANTO_EARLY_ACCESS,DEXNAV_CHAIN_OR_RANK2,ONE_LEGAL_MOVE,ITEM_KEY_NONE,NONE,FIXED_HIGH_LEVEL_OPTIONAL,ACTIVE,トーホクではベガ既存個体を保護。カントーでは高レベル個体・隠れ特性・タマゴ技探索を担当。
ENCOUNTER_KEY_KANTO_FAMILY_0012,MAP_KEY_KANTO_K03,K03,大量発生,ベガ初回殿堂入り後。認定章数でエリアと中間進化枠を段階解禁。,12,SPECIES_KEY_NIDORAN_M,13,71,75,0,NORMAL,TABLE_KEY_KANTO_K03,KANTO_EARLY_ACCESS,DEXNAV_CHAIN_OR_RANK2,ONE_LEGAL_MOVE,ITEM_KEY_NONE,NONE,FIXED_HIGH_LEVEL_OPTIONAL,ACTIVE,トーホクではベガ既存個体を保護。カントーでは高レベル個体・隠れ特性・タマゴ技探索を担当。
ENCOUNTER_KEY_KANTO_FAMILY_0013,MAP_KEY_KANTO_K07,K07,草むらオーバーレイ,ベガ初回殿堂入り後。認定章数でエリアと中間進化枠を段階解禁。,13,SPECIES_KEY_VULPIX,15,78,83,8,NORMAL,TABLE_KEY_KANTO_K07,KANTO_CERT_1,DEXNAV_CHAIN_OR_RANK2,ONE_LEGAL_MOVE,ITEM_KEY_NONE,NONE,FIXED_HIGH_LEVEL_OPTIONAL,ACTIVE,トーホクは本編で使える低～中レベル基礎種、カントーは高レベル個体・中間進化・隠れ特性探索を担当。
ENCOUNTER_KEY_KANTO_FAMILY_0014,MAP_KEY_KANTO_K27,K27,洞窟・屋内オーバーレイ,ベガ初回殿堂入り後。認定章数でエリアと中間進化枠を段階解禁。,14,SPECIES_KEY_ZUBAT,17,73,80,8,NORMAL,TABLE_KEY_KANTO_K27,KANTO_EARLY_ACCESS,DEXNAV_CHAIN_OR_RANK2,ONE_LEGAL_MOVE,ITEM_KEY_NONE,NONE,FIXED_HIGH_LEVEL_OPTIONAL,ACTIVE,トーホクは本編で使える低～中レベル基礎種、カントーは高レベル個体・中間進化・隠れ特性探索を担当。
ENCOUNTER_KEY_KANTO_FAMILY_0015,MAP_KEY_KANTO_K05,K05,草むらオーバーレイ,ベガ初回殿堂入り後。認定章数でエリアと中間進化枠を段階解禁。,15,SPECIES_KEY_ODDISH,18,74,79,8,NORMAL,TABLE_KEY_KANTO_K05,KANTO_EARLY_ACCESS,DEXNAV_CHAIN_OR_RANK2,ONE_LEGAL_MOVE,ITEM_KEY_NONE,NONE,FIXED_HIGH_LEVEL_OPTIONAL,ACTIVE,トーホクは本編で使える低～中レベル基礎種、カントーは高レベル個体・中間進化・隠れ特性探索を担当。
ENCOUNTER_KEY_KANTO_FAMILY_0016,MAP_KEY_KANTO_K27,K27,洞窟・屋内オーバーレイ,ベガ初回殿堂入り後。認定章数でエリアと中間進化枠を段階解禁。,16,SPECIES_KEY_PARAS,19,73,80,8,NORMAL,TABLE_KEY_KANTO_K27,KANTO_EARLY_ACCESS,DEXNAV_CHAIN_OR_RANK2,ONE_LEGAL_MOVE,ITEM_KEY_NONE,NONE,FIXED_HIGH_LEVEL_OPTIONAL,ACTIVE,トーホクは本編で使える低～中レベル基礎種、カントーは高レベル個体・中間進化・隠れ特性探索を担当。
ENCOUNTER_KEY_KANTO_FAMILY_0017,MAP_KEY_KANTO_K14,K14,大量発生,ベガ初回殿堂入り後。認定章数でエリアと中間進化枠を段階解禁。,17,SPECIES_KEY_VENONAT,20,84,89,0,NORMAL,TABLE_KEY_KANTO_K14,KANTO_CERT_3,DEXNAV_CHAIN_OR_RANK2,ONE_LEGAL_MOVE,ITEM_KEY_NONE,NONE,FIXED_HIGH_LEVEL_OPTIONAL,ACTIVE,トーホクは本編で使える低～中レベル基礎種、カントーは高レベル個体・中間進化・隠れ特性探索を担当。
ENCOUNTER_KEY_KANTO_FAMILY_0018,MAP_KEY_KANTO_K28,K28,いわくだき／DexNav,ベガ初回殿堂入り後。認定章数でエリアと中間進化枠を段階解禁。,18,SPECIES_KEY_DIGLETT,21,76,83,0,NORMAL,TABLE_KEY_KANTO_K28,KANTO_EARLY_ACCESS,DEXNAV_CHAIN_OR_RANK2,ONE_LEGAL_MOVE,ITEM_KEY_NONE,NONE,FIXED_HIGH_LEVEL_OPTIONAL,ACTIVE,トーホクではベガ既存個体を保護。カントーでは高レベル個体・隠れ特性・タマゴ技探索を担当。
ENCOUNTER_KEY_KANTO_FAMILY_0019,MAP_KEY_KANTO_K05,K05,草むらオーバーレイ,ベガ初回殿堂入り後。認定章数でエリアと中間進化枠を段階解禁。,19,SPECIES_KEY_MEOWTH,22,74,79,8,NORMAL,TABLE_KEY_KANTO_K05,KANTO_EARLY_ACCESS,DEXNAV_CHAIN_OR_RANK2,ONE_LEGAL_MOVE,ITEM_KEY_NONE,NONE,FIXED_HIGH_LEVEL_OPTIONAL,ACTIVE,トーホクは本編で使える低～中レベル基礎種、カントーは高レベル個体・中間進化・隠れ特性探索を担当。
ENCOUNTER_KEY_KANTO_FAMILY_0020,MAP_KEY_KANTO_K25,K25,釣りオーバーレイ,ベガ初回殿堂入り後。認定章数でエリアと中間進化枠を段階解禁。,20,SPECIES_KEY_PSYDUCK,23,75,80,10,NORMAL,TABLE_KEY_KANTO_K25,KANTO_EARLY_ACCESS,DEXNAV_CHAIN_OR_RANK2,ONE_LEGAL_MOVE,ITEM_KEY_NONE,NONE,FIXED_HIGH_LEVEL_OPTIONAL,ACTIVE,トーホクは本編で使える低～中レベル基礎種、カントーは高レベル個体・中間進化・隠れ特性探索を担当。
ENCOUNTER_KEY_KANTO_FAMILY_0021,MAP_KEY_KANTO_K22,K22,夜間オーバーレイ,ベガ初回殿堂入り後。認定章数でエリアと中間進化枠を段階解禁。,21,SPECIES_KEY_MANKEY,24,90,95,8,NORMAL,TABLE_KEY_KANTO_K22,KANTO_CERT_5,DEXNAV_CHAIN_OR_RANK2,ONE_LEGAL_MOVE,ITEM_KEY_NONE,NONE,FIXED_HIGH_LEVEL_OPTIONAL,ACTIVE,トーホクは本編で使える低～中レベル基礎種、カントーは高レベル個体・中間進化・隠れ特性探索を担当。
ENCOUNTER_KEY_KANTO_FAMILY_0022,MAP_KEY_KANTO_K07,K07,草むらオーバーレイ,ベガ初回殿堂入り後。認定章数でエリアと中間進化枠を段階解禁。,22,SPECIES_KEY_GROWLITHE,25,78,83,8,NORMAL,TABLE_KEY_KANTO_K07,KANTO_CERT_1,DEXNAV_CHAIN_OR_RANK2,ONE_LEGAL_MOVE,ITEM_KEY_NONE,NONE,FIXED_HIGH_LEVEL_OPTIONAL,ACTIVE,トーホクは本編で使える低～中レベル基礎種、カントーは高レベル個体・中間進化・隠れ特性探索を担当。
ENCOUNTER_KEY_KANTO_FAMILY_0023,MAP_KEY_KANTO_K25,K25,水上オーバーレイ,ベガ初回殿堂入り後。認定章数でエリアと中間進化枠を段階解禁。,23,SPECIES_KEY_POLIWAG,26,75,80,10,NORMAL,TABLE_KEY_KANTO_K25,KANTO_EARLY_ACCESS,DEXNAV_CHAIN_OR_RANK2,ONE_LEGAL_MOVE,ITEM_KEY_NONE,NONE,FIXED_HIGH_LEVEL_OPTIONAL,ACTIVE,トーホクは本編で使える低～中レベル基礎種、カントーは高レベル個体・中間進化・隠れ特性探索を担当。
ENCOUNTER_KEY_KANTO_FAMILY_0024,MAP_KEY_KANTO_K24,K24,草むらオーバーレイ,ベガ初回殿堂入り後。認定章数でエリアと中間進化枠を段階解禁。,24,SPECIES_KEY_ABRA,27,74,79,8,NORMAL,TABLE_KEY_KANTO_K24,KANTO_EARLY_ACCESS,DEXNAV_CHAIN_OR_RANK2,ONE_LEGAL_MOVE,ITEM_KEY_NONE,NONE,FIXED_HIGH_LEVEL_OPTIONAL,ACTIVE,トーホクは本編で使える低～中レベル基礎種、カントーは高レベル個体・中間進化・隠れ特性探索を担当。
ENCOUNTER_KEY_KANTO_FAMILY_0025,MAP_KEY_KANTO_K30,K30,洞窟・屋内オーバーレイ,ベガ初回殿堂入り後。認定章数でエリアと中間進化枠を段階解禁。,25,SPECIES_KEY_MACHOP,28,80,87,8,NORMAL,TABLE_KEY_KANTO_K30,KANTO_CERT_1,DEXNAV_CHAIN_OR_RANK2,ONE_LEGAL_MOVE,ITEM_KEY_NONE,NONE,FIXED_HIGH_LEVEL_OPTIONAL,ACTIVE,トーホクは本編で使える低～中レベル基礎種、カントーは高レベル個体・中間進化・隠れ特性探索を担当。
ENCOUNTER_KEY_KANTO_FAMILY_0026,MAP_KEY_KANTO_K05,K05,草むらオーバーレイ,ベガ初回殿堂入り後。認定章数でエリアと中間進化枠を段階解禁。,26,SPECIES_KEY_BELLSPROUT,29,74,79,8,NORMAL,TABLE_KEY_KANTO_K05,KANTO_EARLY_ACCESS,DEXNAV_CHAIN_OR_RANK2,ONE_LEGAL_MOVE,ITEM_KEY_NONE,NONE,FIXED_HIGH_LEVEL_OPTIONAL,ACTIVE,トーホクは本編で使える低～中レベル基礎種、カントーは高レベル個体・中間進化・隠れ特性探索を担当。
ENCOUNTER_KEY_KANTO_FAMILY_0027,MAP_KEY_KANTO_K19,K19,釣りオーバーレイ,ベガ初回殿堂入り後。認定章数でエリアと中間進化枠を段階解禁。,27,SPECIES_KEY_TENTACOOL,30,87,92,10,NORMAL,TABLE_KEY_KANTO_K19,KANTO_CERT_4,DEXNAV_CHAIN_OR_RANK2,ONE_LEGAL_MOVE,ITEM_KEY_NONE,NONE,FIXED_HIGH_LEVEL_OPTIONAL,ACTIVE,トーホクではベガ既存個体を保護。カントーでは高レベル個体・隠れ特性・タマゴ技探索を担当。
ENCOUNTER_KEY_KANTO_FAMILY_0028,MAP_KEY_KANTO_K27,K27,いわくだき／DexNav,ベガ初回殿堂入り後。認定章数でエリアと中間進化枠を段階解禁。,28,SPECIES_KEY_GEODUDE,31,73,80,0,NORMAL,TABLE_KEY_KANTO_K27,KANTO_EARLY_ACCESS,DEXNAV_CHAIN_OR_RANK2,ONE_LEGAL_MOVE,ITEM_KEY_NONE,NONE,FIXED_HIGH_LEVEL_OPTIONAL,ACTIVE,トーホクではベガ既存個体を保護。カントーでは高レベル個体・隠れ特性・タマゴ技探索を担当。
ENCOUNTER_KEY_KANTO_FAMILY_0029,MAP_KEY_KANTO_K17,K17,草むらオーバーレイ,ベガ初回殿堂入り後。認定章数でエリアと中間進化枠を段階解禁。,29,SPECIES_KEY_PONYTA,32,83,89,8,NORMAL,TABLE_KEY_KANTO_K17,KANTO_CERT_2,DEXNAV_CHAIN_OR_RANK2,ONE_LEGAL_MOVE,ITEM_KEY_NONE,NONE,FIXED_HIGH_LEVEL_OPTIONAL,ACTIVE,トーホクは本編で使える低～中レベル基礎種、カントーは高レベル個体・中間進化・隠れ特性探索を担当。
ENCOUNTER_KEY_KANTO_FAMILY_0030,MAP_KEY_KANTO_K38,K38,水上オーバーレイ,ベガ初回殿堂入り後。認定章数でエリアと中間進化枠を段階解禁。,30,SPECIES_KEY_SLOWPOKE,33,88,96,10,NORMAL,TABLE_KEY_KANTO_K38,KANTO_CERT_4,DEXNAV_CHAIN_OR_RANK2,ONE_LEGAL_MOVE,ITEM_KEY_NONE,NONE,FIXED_HIGH_LEVEL_OPTIONAL,ACTIVE,トーホクは本編で使える低～中レベル基礎種、カントーは高レベル個体・中間進化・隠れ特性探索を担当。
ENCOUNTER_KEY_KANTO_FAMILY_0031,MAP_KEY_KANTO_K40,K40,屋内異常遭遇／DexNav,ベガ初回殿堂入り後。認定章数でエリアと中間進化枠を段階解禁。,31,SPECIES_KEY_MAGNEMITE,34,82,94,0,NORMAL,TABLE_KEY_KANTO_K40,KANTO_CERT_2,DEXNAV_CHAIN_OR_RANK2,ONE_LEGAL_MOVE,ITEM_KEY_NONE,NONE,FIXED_HIGH_LEVEL_OPTIONAL,ACTIVE,トーホクではベガ既存個体を保護。カントーでは高レベル個体・隠れ特性・タマゴ技探索を担当。
ENCOUNTER_KEY_KANTO_FAMILY_0032,MAP_KEY_KANTO_K12,K12,草むらオーバーレイ＋追加進化道具,ベガ初回殿堂入り後。認定章数でエリアと中間進化枠を段階解禁。,32,SPECIES_KEY_FARFETCHD,35,82,87,8,NORMAL,TABLE_KEY_KANTO_K12,KANTO_CERT_2,DEXNAV_CHAIN_OR_RANK2,ONE_LEGAL_MOVE,ITEM_KEY_NONE,NONE,FIXED_HIGH_LEVEL_OPTIONAL,ACTIVE,トーホクの既存個体を無駄にせず追加進化可能。カントーは進化道具と高レベル素材の供給地。
ENCOUNTER_KEY_KANTO_FAMILY_0033,MAP_KEY_KANTO_K17,K17,草むらオーバーレイ,ベガ初回殿堂入り後。認定章数でエリアと中間進化枠を段階解禁。,33,SPECIES_KEY_DODUO,36,83,89,8,NORMAL,TABLE_KEY_KANTO_K17,KANTO_CERT_2,DEXNAV_CHAIN_OR_RANK2,ONE_LEGAL_MOVE,ITEM_KEY_NONE,NONE,FIXED_HIGH_LEVEL_OPTIONAL,ACTIVE,トーホクは本編で使える低～中レベル基礎種、カントーは高レベル個体・中間進化・隠れ特性探索を担当。
ENCOUNTER_KEY_KANTO_FAMILY_0034,MAP_KEY_KANTO_K38,K38,釣りオーバーレイ,ベガ初回殿堂入り後。認定章数でエリアと中間進化枠を段階解禁。,34,SPECIES_KEY_SEEL,37,88,96,10,NORMAL,TABLE_KEY_KANTO_K38,KANTO_CERT_4,DEXNAV_CHAIN_OR_RANK2,ONE_LEGAL_MOVE,ITEM_KEY_NONE,NONE,FIXED_HIGH_LEVEL_OPTIONAL,ACTIVE,トーホクは本編で使える低～中レベル基礎種、カントーは高レベル個体・中間進化・隠れ特性探索を担当。
ENCOUNTER_KEY_KANTO_FAMILY_0035,MAP_KEY_KANTO_K39,K39,洞窟・屋内オーバーレイ,ベガ初回殿堂入り後。認定章数でエリアと中間進化枠を段階解禁。,35,SPECIES_KEY_GRIMER,38,91,98,8,NORMAL,TABLE_KEY_KANTO_K39,KANTO_CERT_5,DEXNAV_CHAIN_OR_RANK2,ONE_LEGAL_MOVE,ITEM_KEY_NONE,NONE,FIXED_HIGH_LEVEL_OPTIONAL,ACTIVE,トーホクは本編で使える低～中レベル基礎種、カントーは高レベル個体・中間進化・隠れ特性探索を担当。
ENCOUNTER_KEY_KANTO_FAMILY_0036,MAP_KEY_KANTO_K38,K38,釣りオーバーレイ,ベガ初回殿堂入り後。認定章数でエリアと中間進化枠を段階解禁。,36,SPECIES_KEY_SHELLDER,39,88,96,10,NORMAL,TABLE_KEY_KANTO_K38,KANTO_CERT_4,DEXNAV_CHAIN_OR_RANK2,ONE_LEGAL_MOVE,ITEM_KEY_NONE,NONE,FIXED_HIGH_LEVEL_OPTIONAL,ACTIVE,トーホクではベガ既存個体を保護。カントーでは高レベル個体・隠れ特性・タマゴ技探索を担当。
ENCOUNTER_KEY_KANTO_FAMILY_0037,MAP_KEY_KANTO_K31,K31,夜間オーバーレイ,ベガ初回殿堂入り後。認定章数でエリアと中間進化枠を段階解禁。,37,SPECIES_KEY_GASTLY,40,82,90,8,NORMAL,TABLE_KEY_KANTO_K31,KANTO_CERT_2,DEXNAV_CHAIN_OR_RANK2,ONE_LEGAL_MOVE,ITEM_KEY_NONE,NONE,FIXED_HIGH_LEVEL_OPTIONAL,ACTIVE,トーホクではベガ既存個体を保護。カントーでは高レベル個体・隠れ特性・タマゴ技探索を担当。
ENCOUNTER_KEY_KANTO_FAMILY_0038,MAP_KEY_KANTO_K30,K30,いわくだき／DexNav,ベガ初回殿堂入り後。認定章数でエリアと中間進化枠を段階解禁。,38,SPECIES_KEY_ONIX,41,80,87,0,NORMAL,TABLE_KEY_KANTO_K30,KANTO_CERT_1,DEXNAV_CHAIN_OR_RANK2,ONE_LEGAL_MOVE,ITEM_KEY_NONE,NONE,FIXED_HIGH_LEVEL_OPTIONAL,ACTIVE,トーホクは本編で使える低～中レベル基礎種、カントーは高レベル個体・中間進化・隠れ特性探索を担当。
ENCOUNTER_KEY_KANTO_FAMILY_0039,MAP_KEY_KANTO_K11,K11,草むらオーバーレイ,ベガ初回殿堂入り後。認定章数でエリアと中間進化枠を段階解禁。,39,SPECIES_KEY_DROWZEE,42,76,82,8,NORMAL,TABLE_KEY_KANTO_K11,KANTO_EARLY_ACCESS,DEXNAV_CHAIN_OR_RANK2,ONE_LEGAL_MOVE,ITEM_KEY_NONE,NONE,FIXED_HIGH_LEVEL_OPTIONAL,ACTIVE,トーホクは本編で使える低～中レベル基礎種、カントーは高レベル個体・中間進化・隠れ特性探索を担当。
ENCOUNTER_KEY_KANTO_FAMILY_0040,MAP_KEY_KANTO_K12,K12,水上オーバーレイ,ベガ初回殿堂入り後。認定章数でエリアと中間進化枠を段階解禁。,40,SPECIES_KEY_KRABBY,43,82,87,10,NORMAL,TABLE_KEY_KANTO_K12,KANTO_CERT_2,DEXNAV_CHAIN_OR_RANK2,ONE_LEGAL_MOVE,ITEM_KEY_NONE,NONE,FIXED_HIGH_LEVEL_OPTIONAL,ACTIVE,トーホクではベガ既存個体を保護。カントーでは高レベル個体・隠れ特性・タマゴ技探索を担当。
ENCOUNTER_KEY_KANTO_FAMILY_0041,MAP_KEY_KANTO_K40,K40,屋内異常遭遇／DexNav,ベガ初回殿堂入り後。認定章数でエリアと中間進化枠を段階解禁。,41,SPECIES_KEY_VOLTORB,44,82,94,0,NORMAL,TABLE_KEY_KANTO_K40,KANTO_CERT_2,DEXNAV_CHAIN_OR_RANK2,ONE_LEGAL_MOVE,ITEM_KEY_NONE,NONE,FIXED_HIGH_LEVEL_OPTIONAL,ACTIVE,トーホクではベガ既存個体を保護。カントーでは高レベル個体・隠れ特性・タマゴ技探索を担当。
ENCOUNTER_KEY_KANTO_FAMILY_0042,MAP_KEY_KANTO_K35,K35,ずつき／朝昼オーバーレイ,ベガ初回殿堂入り後。認定章数でエリアと中間進化枠を段階解禁。,42,SPECIES_KEY_EXEGGCUTE,45,85,94,8,NORMAL,TABLE_KEY_KANTO_K35,KANTO_CERT_3,DEXNAV_CHAIN_OR_RANK2,ONE_LEGAL_MOVE,ITEM_KEY_NONE,NONE,FIXED_HIGH_LEVEL_OPTIONAL,ACTIVE,トーホクではベガ既存個体を保護。カントーでは高レベル個体・隠れ特性・タマゴ技探索を担当。
ENCOUNTER_KEY_KANTO_FAMILY_0043,MAP_KEY_KANTO_K31,K31,洞窟・屋内オーバーレイ,ベガ初回殿堂入り後。認定章数でエリアと中間進化枠を段階解禁。,43,SPECIES_KEY_CUBONE,46,82,90,8,NORMAL,TABLE_KEY_KANTO_K31,KANTO_CERT_2,DEXNAV_CHAIN_OR_RANK2,ONE_LEGAL_MOVE,ITEM_KEY_NONE,NONE,FIXED_HIGH_LEVEL_OPTIONAL,ACTIVE,トーホクは本編で使える低～中レベル基礎種、カントーは高レベル個体・中間進化・隠れ特性探索を担当。
ENCOUNTER_KEY_KANTO_FAMILY_0044,MAP_KEY_KANTO_K18,K18,草むらオーバーレイ,ベガ初回殿堂入り後。認定章数でエリアと中間進化枠を段階解禁。,44,SPECIES_KEY_LICKITUNG,48,84,90,8,NORMAL,TABLE_KEY_KANTO_K18,KANTO_CERT_3,DEXNAV_CHAIN_OR_RANK2,ONE_LEGAL_MOVE,ITEM_KEY_NONE,NONE,FIXED_HIGH_LEVEL_OPTIONAL,ACTIVE,トーホクではベガ既存個体を保護。カントーでは高レベル個体・隠れ特性・タマゴ技探索を担当。
ENCOUNTER_KEY_KANTO_FAMILY_0045,MAP_KEY_KANTO_K39,K39,洞窟・屋内オーバーレイ,ベガ初回殿堂入り後。認定章数でエリアと中間進化枠を段階解禁。,45,SPECIES_KEY_KOFFING,49,91,98,8,NORMAL,TABLE_KEY_KANTO_K39,KANTO_CERT_5,DEXNAV_CHAIN_OR_RANK2,ONE_LEGAL_MOVE,ITEM_KEY_NONE,NONE,FIXED_HIGH_LEVEL_OPTIONAL,ACTIVE,トーホクではベガ既存個体を保護。カントーでは高レベル個体・隠れ特性・タマゴ技探索を担当。
ENCOUNTER_KEY_KANTO_FAMILY_0046,MAP_KEY_KANTO_K37,K37,いわくだき／DexNav,ベガ初回殿堂入り後。認定章数でエリアと中間進化枠を段階解禁。,46,SPECIES_KEY_RHYHORN,50,85,94,0,NORMAL,TABLE_KEY_KANTO_K37,KANTO_CERT_3,DEXNAV_CHAIN_OR_RANK2,ONE_LEGAL_MOVE,ITEM_KEY_NONE,NONE,FIXED_HIGH_LEVEL_OPTIONAL,ACTIVE,トーホクではベガ既存個体を保護。カントーでは高レベル個体・隠れ特性・タマゴ技探索を担当。
ENCOUNTER_KEY_KANTO_FAMILY_0047,MAP_KEY_KANTO_K21,K21,草むらオーバーレイ,ベガ初回殿堂入り後。認定章数でエリアと中間進化枠を段階解禁。,47,SPECIES_KEY_TANGELA,52,89,94,8,NORMAL,TABLE_KEY_KANTO_K21,KANTO_CERT_4,DEXNAV_CHAIN_OR_RANK2,ONE_LEGAL_MOVE,ITEM_KEY_NONE,NONE,FIXED_HIGH_LEVEL_OPTIONAL,ACTIVE,トーホクは本編で使える低～中レベル基礎種、カントーは高レベル個体・中間進化・隠れ特性探索を担当。
ENCOUNTER_KEY_KANTO_FAMILY_0048,MAP_KEY_KANTO_K37,K37,大量発生,ベガ初回殿堂入り後。認定章数でエリアと中間進化枠を段階解禁。,48,SPECIES_KEY_KANGASKHAN,53,85,94,0,NORMAL,TABLE_KEY_KANTO_K37,KANTO_CERT_3,DEXNAV_CHAIN_OR_RANK2,ONE_LEGAL_MOVE,ITEM_KEY_NONE,NONE,FIXED_HIGH_LEVEL_OPTIONAL,ACTIVE,トーホクではベガ既存個体を保護。カントーでは高レベル個体・隠れ特性・タマゴ技探索を担当。
ENCOUNTER_KEY_KANTO_FAMILY_0049,MAP_KEY_KANTO_K19,K19,水上オーバーレイ,ベガ初回殿堂入り後。認定章数でエリアと中間進化枠を段階解禁。,49,SPECIES_KEY_HORSEA,54,87,92,10,NORMAL,TABLE_KEY_KANTO_K19,KANTO_CERT_4,DEXNAV_CHAIN_OR_RANK2,ONE_LEGAL_MOVE,ITEM_KEY_NONE,NONE,FIXED_HIGH_LEVEL_OPTIONAL,ACTIVE,トーホクは本編で使える低～中レベル基礎種、カントーは高レベル個体・中間進化・隠れ特性探索を担当。
ENCOUNTER_KEY_KANTO_FAMILY_0050,MAP_KEY_KANTO_K12,K12,水上オーバーレイ,ベガ初回殿堂入り後。認定章数でエリアと中間進化枠を段階解禁。,50,SPECIES_KEY_GOLDEEN,55,82,87,10,NORMAL,TABLE_KEY_KANTO_K12,KANTO_CERT_2,DEXNAV_CHAIN_OR_RANK2,ONE_LEGAL_MOVE,ITEM_KEY_NONE,NONE,FIXED_HIGH_LEVEL_OPTIONAL,ACTIVE,トーホクは本編で使える低～中レベル基礎種、カントーは高レベル個体・中間進化・隠れ特性探索を担当。
ENCOUNTER_KEY_KANTO_FAMILY_0051,MAP_KEY_KANTO_K20,K20,釣りオーバーレイ,ベガ初回殿堂入り後。認定章数でエリアと中間進化枠を段階解禁。,51,SPECIES_KEY_STARYU,56,88,93,10,NORMAL,TABLE_KEY_KANTO_K20,KANTO_CERT_4,DEXNAV_CHAIN_OR_RANK2,ONE_LEGAL_MOVE,ITEM_KEY_NONE,NONE,FIXED_HIGH_LEVEL_OPTIONAL,ACTIVE,トーホクではベガ既存個体を保護。カントーでは高レベル個体・隠れ特性・タマゴ技探索を担当。
ENCOUNTER_KEY_KANTO_FAMILY_0052,MAP_KEY_KANTO_K35,K35,ずつき／朝昼オーバーレイ＋追加進化道具,ベガ初回殿堂入り後。認定章数でエリアと中間進化枠を段階解禁。,52,SPECIES_KEY_SCYTHER,58,85,94,8,NORMAL,TABLE_KEY_KANTO_K35,KANTO_CERT_3,DEXNAV_CHAIN_OR_RANK2,ONE_LEGAL_MOVE,ITEM_KEY_NONE,NONE,FIXED_HIGH_LEVEL_OPTIONAL,ACTIVE,トーホクの既存個体を無駄にせず追加進化可能。カントーは進化道具と高レベル素材の供給地。
ENCOUNTER_KEY_KANTO_FAMILY_0053,MAP_KEY_KANTO_K35,K35,ずつき／朝昼オーバーレイ,ベガ初回殿堂入り後。認定章数でエリアと中間進化枠を段階解禁。,53,SPECIES_KEY_PINSIR,62,85,94,8,NORMAL,TABLE_KEY_KANTO_K35,KANTO_CERT_3,DEXNAV_CHAIN_OR_RANK2,ONE_LEGAL_MOVE,ITEM_KEY_NONE,NONE,FIXED_HIGH_LEVEL_OPTIONAL,ACTIVE,トーホクではベガ既存個体を保護。カントーでは高レベル個体・隠れ特性・タマゴ技探索を担当。
ENCOUNTER_KEY_KANTO_FAMILY_0054,MAP_KEY_KANTO_K37,K37,草むらオーバーレイ,ベガ初回殿堂入り後。認定章数でエリアと中間進化枠を段階解禁。,54,SPECIES_KEY_TAUROS,63,85,94,8,NORMAL,TABLE_KEY_KANTO_K37,KANTO_CERT_3,DEXNAV_CHAIN_OR_RANK2,ONE_LEGAL_MOVE,ITEM_KEY_NONE,NONE,FIXED_HIGH_LEVEL_OPTIONAL,ACTIVE,トーホクではベガ既存個体を保護。カントーでは高レベル個体・隠れ特性・タマゴ技探索を担当。
ENCOUNTER_KEY_KANTO_FAMILY_0055,MAP_KEY_KANTO_K19,K19,水上オーバーレイ,ベガ初回殿堂入り後。認定章数でエリアと中間進化枠を段階解禁。,55,SPECIES_KEY_MAGIKARP,64,87,92,10,NORMAL,TABLE_KEY_KANTO_K19,KANTO_CERT_4,DEXNAV_CHAIN_OR_RANK2,ONE_LEGAL_MOVE,ITEM_KEY_NONE,NONE,FIXED_HIGH_LEVEL_OPTIONAL,ACTIVE,トーホクは本編で使える低～中レベル基礎種、カントーは高レベル個体・中間進化・隠れ特性探索を担当。
ENCOUNTER_KEY_KANTO_FAMILY_0056,MAP_KEY_KANTO_K29,K29,釣りオーバーレイ,ベガ初回殿堂入り後。認定章数でエリアと中間進化枠を段階解禁。,56,SPECIES_KEY_LAPRAS,65,78,84,10,NORMAL,TABLE_KEY_KANTO_K29,KANTO_CERT_1,DEXNAV_CHAIN_OR_RANK2,ONE_LEGAL_MOVE,ITEM_KEY_NONE,NONE,FIXED_HIGH_LEVEL_OPTIONAL,ACTIVE,トーホクではベガ既存個体を保護。カントーでは高レベル個体・隠れ特性・タマゴ技探索を担当。
ENCOUNTER_KEY_KANTO_FAMILY_0057,MAP_KEY_KANTO_K43,K43,屋内異常遭遇／DexNav,ベガ初回殿堂入り後。認定章数でエリアと中間進化枠を段階解禁。,57,SPECIES_KEY_DITTO,66,95,100,0,NORMAL,TABLE_KEY_KANTO_K43,KANTO_CERT_6,DEXNAV_CHAIN_OR_RANK2,ONE_LEGAL_MOVE,ITEM_KEY_NONE,NONE,FIXED_HIGH_LEVEL_OPTIONAL,ACTIVE,トーホクではベガ既存個体を保護。カントーでは高レベル個体・隠れ特性・タマゴ技探索を担当。
ENCOUNTER_KEY_KANTO_FAMILY_0058,MAP_KEY_KANTO_K33,K33,ずつき／朝昼オーバーレイ,ベガ初回殿堂入り後。認定章数でエリアと中間進化枠を段階解禁。,58,SPECIES_KEY_EEVEE,67,82,90,8,NORMAL,TABLE_KEY_KANTO_K33,KANTO_CERT_2,DEXNAV_CHAIN_OR_RANK2,ONE_LEGAL_MOVE,ITEM_KEY_NONE,NONE,FIXED_HIGH_LEVEL_OPTIONAL,ACTIVE,トーホクは本編で使える低～中レベル基礎種、カントーは高レベル個体・中間進化・隠れ特性探索を担当。
ENCOUNTER_KEY_KANTO_FAMILY_0059,MAP_KEY_KANTO_K41,K41,屋内異常遭遇／DexNav,ベガ初回殿堂入り後。認定章数でエリアと中間進化枠を段階解禁。,59,SPECIES_KEY_PORYGON,68,90,97,0,NORMAL,TABLE_KEY_KANTO_K41,KANTO_CERT_5,DEXNAV_CHAIN_OR_RANK2,ONE_LEGAL_MOVE,ITEM_KEY_NONE,NONE,FIXED_HIGH_LEVEL_OPTIONAL,ACTIVE,トーホクではベガ既存個体を保護。カントーでは高レベル個体・隠れ特性・タマゴ技探索を担当。
ENCOUNTER_KEY_KANTO_FAMILY_0060,MAP_KEY_KANTO_K45,K45,博物館鑑定後に復元,ベガ初回殿堂入り後。認定章数でエリアと中間進化枠を段階解禁。,60,SPECIES_KEY_OMANYTE,69,68,68,8,NORMAL,TABLE_KEY_KANTO_K45,KANTO_EARLY_ACCESS,DEXNAV_CHAIN_OR_RANK2,ONE_LEGAL_MOVE,ITEM_KEY_NONE,NONE,FIXED_HIGH_LEVEL_OPTIONAL,ACTIVE,トーホクは早期の復元、カントーは高個体値・隠れ特性の再復元を担当。
ENCOUNTER_KEY_KANTO_FAMILY_0061,MAP_KEY_KANTO_K44,K44,博物館鑑定後に復元,ベガ初回殿堂入り後。認定章数でエリアと中間進化枠を段階解禁。,61,SPECIES_KEY_KABUTO,70,68,68,8,NORMAL,TABLE_KEY_KANTO_K44,KANTO_EARLY_ACCESS,DEXNAV_CHAIN_OR_RANK2,ONE_LEGAL_MOVE,ITEM_KEY_NONE,NONE,FIXED_HIGH_LEVEL_OPTIONAL,ACTIVE,トーホクは早期の復元、カントーは高個体値・隠れ特性の再復元を担当。
ENCOUNTER_KEY_KANTO_FAMILY_0062,MAP_KEY_KANTO_K44,K44,草むらオーバーレイ,ベガ初回殿堂入り後。認定章数でエリアと中間進化枠を段階解禁。,62,SPECIES_KEY_AERODACTYL,71,68,70,8,NORMAL,TABLE_KEY_KANTO_K44,KANTO_EARLY_ACCESS,DEXNAV_CHAIN_OR_RANK2,ONE_LEGAL_MOVE,ITEM_KEY_NONE,NONE,FIXED_HIGH_LEVEL_OPTIONAL,ACTIVE,トーホクではベガ既存個体を保護。カントーでは高レベル個体・隠れ特性・タマゴ技探索を担当。
ENCOUNTER_KEY_KANTO_FAMILY_0063,MAP_KEY_KANTO_K43,K43,SIMPLE_EVENT,既存条件＋主地方の捕獲フラグ共有,63,SPECIES_KEY_ARTICUNO,73,95,100,0,EVENT,TABLE_KEY_KANTO_K43,KANTO_LEAGUE_CLEAR,SHARED_ONCE,ONE_LEGAL_MOVE,ITEM_KEY_NONE,SHARED_CAPTURE_KEY_NATIONAL_0144,FIXED_HIGH_LEVEL_OPTIONAL,ACTIVE,主地方で1個体だけ捕獲し、副地方では手掛かり・共鳴戦・専用素材を扱う。捕獲済みフラグは両地方で共有し、重複個体を与えない。
ENCOUNTER_KEY_KANTO_FAMILY_0064,MAP_KEY_KANTO_K43,K43,SIMPLE_EVENT,既存条件＋主地方の捕獲フラグ共有,64,SPECIES_KEY_ZAPDOS,74,95,100,0,EVENT,TABLE_KEY_KANTO_K43,KANTO_LEAGUE_CLEAR,SHARED_ONCE,ONE_LEGAL_MOVE,ITEM_KEY_NONE,SHARED_CAPTURE_KEY_NATIONAL_0145,FIXED_HIGH_LEVEL_OPTIONAL,ACTIVE,主地方で1個体だけ捕獲し、副地方では手掛かり・共鳴戦・専用素材を扱う。捕獲済みフラグは両地方で共有し、重複個体を与えない。
ENCOUNTER_KEY_KANTO_FAMILY_0065,MAP_KEY_KANTO_K43,K43,SIMPLE_EVENT,既存条件＋主地方の捕獲フラグ共有,65,SPECIES_KEY_MOLTRES,75,95,100,0,EVENT,TABLE_KEY_KANTO_K43,KANTO_LEAGUE_CLEAR,SHARED_ONCE,ONE_LEGAL_MOVE,ITEM_KEY_NONE,SHARED_CAPTURE_KEY_NATIONAL_0146,FIXED_HIGH_LEVEL_OPTIONAL,ACTIVE,主地方で1個体だけ捕獲し、副地方では手掛かり・共鳴戦・専用素材を扱う。捕獲済みフラグは両地方で共有し、重複個体を与えない。
ENCOUNTER_KEY_KANTO_FAMILY_0066,MAP_KEY_KANTO_K36,K36,DexNav隠し枠,ベガ初回殿堂入り後。認定章数でエリアと中間進化枠を段階解禁。,66,SPECIES_KEY_DRATINI,76,85,94,0,NORMAL,TABLE_KEY_KANTO_K36,KANTO_CERT_3,DEXNAV_CHAIN_OR_RANK2,ONE_LEGAL_MOVE,ITEM_KEY_NONE,NONE,FIXED_HIGH_LEVEL_OPTIONAL,ACTIVE,トーホクは本編で使える低～中レベル基礎種、カントーは高レベル個体・中間進化・隠れ特性探索を担当。
ENCOUNTER_KEY_KANTO_FAMILY_0067,MAP_KEY_KANTO_K43,K43,SIMPLE_EVENT,既存条件＋主地方の捕獲フラグ共有,67,SPECIES_KEY_MEWTWO,77,95,100,0,EVENT,TABLE_KEY_KANTO_K43,KANTO_LEAGUE_CLEAR,SHARED_ONCE,ONE_LEGAL_MOVE,ITEM_KEY_NONE,SHARED_CAPTURE_KEY_NATIONAL_0150,FIXED_HIGH_LEVEL_OPTIONAL,ACTIVE,主地方で1個体だけ捕獲し、副地方では手掛かり・共鳴戦・専用素材を扱う。捕獲済みフラグは両地方で共有し、重複個体を与えない。
ENCOUNTER_KEY_KANTO_FAMILY_0068,MAP_KEY_KANTO_K43,K43,SIMPLE_EVENT,既存条件＋主地方の捕獲フラグ共有,68,SPECIES_KEY_MEW,78,95,100,0,EVENT,TABLE_KEY_KANTO_K43,KANTO_LEAGUE_CLEAR,SHARED_ONCE,ONE_LEGAL_MOVE,ITEM_KEY_NONE,SHARED_CAPTURE_KEY_NATIONAL_0151,FIXED_HIGH_LEVEL_OPTIONAL,ACTIVE,主地方で1個体だけ捕獲し、副地方では手掛かり・共鳴戦・専用素材を扱う。捕獲済みフラグは両地方で共有し、重複個体を与えない。
ENCOUNTER_KEY_KANTO_FAMILY_0069,MAP_KEY_KANTO_K47,K47,オーキド研究所の生態交換タマゴ,ベガ初回殿堂入り後。認定章数でエリアと中間進化枠を段階解禁。,69,SPECIES_KEY_CHIKORITA,79,68,68,2,NORMAL,TABLE_KEY_KANTO_K47,KANTO_EARLY_ACCESS,DEXNAV_CHAIN_OR_RANK2,ONE_LEGAL_MOVE,ITEM_KEY_NONE,NONE,FIXED_HIGH_LEVEL_OPTIONAL,ACTIVE,御三家を野生化せず、両地方の研究所を巡る収集導線にする。
ENCOUNTER_KEY_KANTO_FAMILY_0070,MAP_KEY_KANTO_K47,K47,オーキド研究所の生態交換タマゴ,ベガ初回殿堂入り後。認定章数でエリアと中間進化枠を段階解禁。,70,SPECIES_KEY_CYNDAQUIL,80,68,68,2,NORMAL,TABLE_KEY_KANTO_K47,KANTO_EARLY_ACCESS,DEXNAV_CHAIN_OR_RANK2,ONE_LEGAL_MOVE,ITEM_KEY_NONE,NONE,FIXED_HIGH_LEVEL_OPTIONAL,ACTIVE,御三家を野生化せず、両地方の研究所を巡る収集導線にする。
ENCOUNTER_KEY_KANTO_FAMILY_0071,MAP_KEY_KANTO_K47,K47,オーキド研究所の生態交換タマゴ,ベガ初回殿堂入り後。認定章数でエリアと中間進化枠を段階解禁。,71,SPECIES_KEY_TOTODILE,81,68,68,2,NORMAL,TABLE_KEY_KANTO_K47,KANTO_EARLY_ACCESS,DEXNAV_CHAIN_OR_RANK2,ONE_LEGAL_MOVE,ITEM_KEY_NONE,NONE,FIXED_HIGH_LEVEL_OPTIONAL,ACTIVE,御三家を野生化せず、両地方の研究所を巡る収集導線にする。
ENCOUNTER_KEY_KANTO_FAMILY_0072,MAP_KEY_KANTO_K18,K18,大量発生,ベガ初回殿堂入り後。認定章数でエリアと中間進化枠を段階解禁。,72,SPECIES_KEY_SENTRET,82,84,90,0,NORMAL,TABLE_KEY_KANTO_K18,KANTO_CERT_3,DEXNAV_CHAIN_OR_RANK2,ONE_LEGAL_MOVE,ITEM_KEY_NONE,NONE,FIXED_HIGH_LEVEL_OPTIONAL,ACTIVE,トーホクは本編で使える低～中レベル基礎種、カントーは高レベル個体・中間進化・隠れ特性探索を担当。
ENCOUNTER_KEY_KANTO_FAMILY_0073,MAP_KEY_KANTO_K03,K03,草むらオーバーレイ,ベガ初回殿堂入り後。認定章数でエリアと中間進化枠を段階解禁。,73,SPECIES_KEY_HOOTHOOT,83,71,75,8,NORMAL,TABLE_KEY_KANTO_K03,KANTO_EARLY_ACCESS,DEXNAV_CHAIN_OR_RANK2,ONE_LEGAL_MOVE,ITEM_KEY_NONE,NONE,FIXED_HIGH_LEVEL_OPTIONAL,ACTIVE,トーホクではベガ既存個体を保護。カントーでは高レベル個体・隠れ特性・タマゴ技探索を担当。
ENCOUNTER_KEY_KANTO_FAMILY_0074,MAP_KEY_KANTO_K24,K24,草むらオーバーレイ,ベガ初回殿堂入り後。認定章数でエリアと中間進化枠を段階解禁。,74,SPECIES_KEY_LEDYBA,84,74,79,8,NORMAL,TABLE_KEY_KANTO_K24,KANTO_EARLY_ACCESS,DEXNAV_CHAIN_OR_RANK2,ONE_LEGAL_MOVE,ITEM_KEY_NONE,NONE,FIXED_HIGH_LEVEL_OPTIONAL,ACTIVE,トーホクではベガ既存個体を保護。カントーでは高レベル個体・隠れ特性・タマゴ技探索を担当。
ENCOUNTER_KEY_KANTO_FAMILY_0075,MAP_KEY_KANTO_K35,K35,ずつき／朝昼オーバーレイ,ベガ初回殿堂入り後。認定章数でエリアと中間進化枠を段階解禁。,75,SPECIES_KEY_SPINARAK,85,85,94,8,NORMAL,TABLE_KEY_KANTO_K35,KANTO_CERT_3,DEXNAV_CHAIN_OR_RANK2,ONE_LEGAL_MOVE,ITEM_KEY_NONE,NONE,FIXED_HIGH_LEVEL_OPTIONAL,ACTIVE,トーホクではベガ既存個体を保護。カントーでは高レベル個体・隠れ特性・タマゴ技探索を担当。
ENCOUNTER_KEY_KANTO_FAMILY_0076,MAP_KEY_KANTO_K15,K15,水上オーバーレイ,ベガ初回殿堂入り後。認定章数でエリアと中間進化枠を段階解禁。,76,SPECIES_KEY_CHINCHOU,86,85,90,10,NORMAL,TABLE_KEY_KANTO_K15,KANTO_CERT_3,DEXNAV_CHAIN_OR_RANK2,ONE_LEGAL_MOVE,ITEM_KEY_NONE,NONE,FIXED_HIGH_LEVEL_OPTIONAL,ACTIVE,トーホクは本編で使える低～中レベル基礎種、カントーは高レベル個体・中間進化・隠れ特性探索を担当。
ENCOUNTER_KEY_KANTO_FAMILY_0077,MAP_KEY_KANTO_VIRIDIAN_FOREST,K26,DexNav隠し枠／低確率タマゴ,ベガ初回殿堂入り後。認定章数でエリアと中間進化枠を段階解禁。,77,SPECIES_KEY_PICHU,10,70,76,0,NORMAL,TABLE_KEY_KANTO_K26,KANTO_EARLY_ACCESS,DEXNAV_CHAIN_OR_RANK2,ONE_LEGAL_MOVE,ITEM_KEY_NONE,NONE,FIXED_HIGH_LEVEL_OPTIONAL,ACTIVE,トーホクではベガ既存個体を保護。カントーでは高レベル個体・隠れ特性・タマゴ技探索を担当。
ENCOUNTER_KEY_KANTO_FAMILY_0078,MAP_KEY_KANTO_K27,K27,DexNav隠し枠／低確率タマゴ,ベガ初回殿堂入り後。認定章数でエリアと中間進化枠を段階解禁。,78,SPECIES_KEY_CLEFFA,14,73,80,0,NORMAL,TABLE_KEY_KANTO_K27,KANTO_EARLY_ACCESS,DEXNAV_CHAIN_OR_RANK2,ONE_LEGAL_MOVE,ITEM_KEY_NONE,NONE,FIXED_HIGH_LEVEL_OPTIONAL,ACTIVE,トーホクは本編で使える低～中レベル基礎種、カントーは高レベル個体・中間進化・隠れ特性探索を担当。
ENCOUNTER_KEY_KANTO_FAMILY_0079,MAP_KEY_KANTO_K03,K03,DexNav隠し枠／低確率タマゴ,ベガ初回殿堂入り後。認定章数でエリアと中間進化枠を段階解禁。,79,SPECIES_KEY_IGGLYBUFF,16,71,75,0,NORMAL,TABLE_KEY_KANTO_K03,KANTO_EARLY_ACCESS,DEXNAV_CHAIN_OR_RANK2,ONE_LEGAL_MOVE,ITEM_KEY_NONE,NONE,FIXED_HIGH_LEVEL_OPTIONAL,ACTIVE,トーホクは本編で使える低～中レベル基礎種、カントーは高レベル個体・中間進化・隠れ特性探索を担当。
ENCOUNTER_KEY_KANTO_FAMILY_0080,MAP_KEY_KANTO_K03,K03,DexNav隠し枠／低確率タマゴ,ベガ初回殿堂入り後。認定章数でエリアと中間進化枠を段階解禁。,80,SPECIES_KEY_TOGEPI,87,71,75,0,NORMAL,TABLE_KEY_KANTO_K03,KANTO_EARLY_ACCESS,DEXNAV_CHAIN_OR_RANK2,ONE_LEGAL_MOVE,ITEM_KEY_NONE,NONE,FIXED_HIGH_LEVEL_OPTIONAL,ACTIVE,トーホクではベガ既存個体を保護。カントーでは高レベル個体・隠れ特性・タマゴ技探索を担当。
ENCOUNTER_KEY_KANTO_FAMILY_0081,MAP_KEY_KANTO_K23,K23,草むらオーバーレイ,ベガ初回殿堂入り後。認定章数でエリアと中間進化枠を段階解禁。,81,SPECIES_KEY_NATU,88,92,98,8,NORMAL,TABLE_KEY_KANTO_K23,KANTO_CERT_5,DEXNAV_CHAIN_OR_RANK2,ONE_LEGAL_MOVE,ITEM_KEY_NONE,NONE,FIXED_HIGH_LEVEL_OPTIONAL,ACTIVE,トーホクは本編で使える低～中レベル基礎種、カントーは高レベル個体・中間進化・隠れ特性探索を担当。
ENCOUNTER_KEY_KANTO_FAMILY_0082,MAP_KEY_KANTO_K32,K32,洞窟・屋内オーバーレイ,ベガ初回殿堂入り後。認定章数でエリアと中間進化枠を段階解禁。,82,SPECIES_KEY_MAREEP,89,83,91,8,NORMAL,TABLE_KEY_KANTO_K32,KANTO_CERT_2,DEXNAV_CHAIN_OR_RANK2,ONE_LEGAL_MOVE,ITEM_KEY_NONE,NONE,FIXED_HIGH_LEVEL_OPTIONAL,ACTIVE,トーホクは本編で使える低～中レベル基礎種、カントーは高レベル個体・中間進化・隠れ特性探索を担当。
ENCOUNTER_KEY_KANTO_FAMILY_0083,MAP_KEY_KANTO_K02,K02,ずつき／朝昼オーバーレイ,ベガ初回殿堂入り後。認定章数でエリアと中間進化枠を段階解禁。,83,SPECIES_KEY_HOPPIP,92,69,73,8,NORMAL,TABLE_KEY_KANTO_K02,KANTO_EARLY_ACCESS,DEXNAV_CHAIN_OR_RANK2,ONE_LEGAL_MOVE,ITEM_KEY_NONE,NONE,FIXED_HIGH_LEVEL_OPTIONAL,ACTIVE,トーホクは本編で使える低～中レベル基礎種、カントーは高レベル個体・中間進化・隠れ特性探索を担当。
ENCOUNTER_KEY_KANTO_FAMILY_0084,MAP_KEY_KANTO_K16,K16,草むらオーバーレイ,ベガ初回殿堂入り後。認定章数でエリアと中間進化枠を段階解禁。,84,SPECIES_KEY_AIPOM,93,81,86,8,NORMAL,TABLE_KEY_KANTO_K16,KANTO_CERT_2,DEXNAV_CHAIN_OR_RANK2,ONE_LEGAL_MOVE,ITEM_KEY_NONE,NONE,FIXED_HIGH_LEVEL_OPTIONAL,ACTIVE,トーホクは本編で使える低～中レベル基礎種、カントーは高レベル個体・中間進化・隠れ特性探索を担当。
ENCOUNTER_KEY_KANTO_FAMILY_0085,MAP_KEY_KANTO_K02,K02,ずつき／朝昼オーバーレイ,ベガ初回殿堂入り後。認定章数でエリアと中間進化枠を段階解禁。,85,SPECIES_KEY_SUNKERN,94,69,73,8,NORMAL,TABLE_KEY_KANTO_K02,KANTO_EARLY_ACCESS,DEXNAV_CHAIN_OR_RANK2,ONE_LEGAL_MOVE,ITEM_KEY_NONE,NONE,FIXED_HIGH_LEVEL_OPTIONAL,ACTIVE,トーホクは本編で使える低～中レベル基礎種、カントーは高レベル個体・中間進化・隠れ特性探索を担当。
ENCOUNTER_KEY_KANTO_FAMILY_0086,MAP_KEY_KANTO_K24,K24,草むらオーバーレイ,ベガ初回殿堂入り後。認定章数でエリアと中間進化枠を段階解禁。,86,SPECIES_KEY_YANMA,95,74,79,8,NORMAL,TABLE_KEY_KANTO_K24,KANTO_EARLY_ACCESS,DEXNAV_CHAIN_OR_RANK2,ONE_LEGAL_MOVE,ITEM_KEY_NONE,NONE,FIXED_HIGH_LEVEL_OPTIONAL,ACTIVE,トーホクは本編で使える低～中レベル基礎種、カントーは高レベル個体・中間進化・隠れ特性探索を担当。
ENCOUNTER_KEY_KANTO_FAMILY_0087,MAP_KEY_KANTO_K06,K06,釣りオーバーレイ,ベガ初回殿堂入り後。認定章数でエリアと中間進化枠を段階解禁。,87,SPECIES_KEY_WOOPER,96,75,80,10,NORMAL,TABLE_KEY_KANTO_K06,KANTO_EARLY_ACCESS,DEXNAV_CHAIN_OR_RANK2,ONE_LEGAL_MOVE,ITEM_KEY_NONE,NONE,FIXED_HIGH_LEVEL_OPTIONAL,ACTIVE,トーホクは本編で使える低～中レベル基礎種、カントーは高レベル個体・中間進化・隠れ特性探索を担当。
ENCOUNTER_KEY_KANTO_FAMILY_0088,MAP_KEY_KANTO_K11,K11,夜間オーバーレイ,ベガ初回殿堂入り後。認定章数でエリアと中間進化枠を段階解禁。,88,SPECIES_KEY_MURKROW,97,76,82,8,NORMAL,TABLE_KEY_KANTO_K11,KANTO_EARLY_ACCESS,DEXNAV_CHAIN_OR_RANK2,ONE_LEGAL_MOVE,ITEM_KEY_NONE,NONE,FIXED_HIGH_LEVEL_OPTIONAL,ACTIVE,トーホクではベガ既存個体を保護。カントーでは高レベル個体・隠れ特性・タマゴ技探索を担当。
ENCOUNTER_KEY_KANTO_FAMILY_0089,MAP_KEY_KANTO_K31,K31,夜間オーバーレイ,ベガ初回殿堂入り後。認定章数でエリアと中間進化枠を段階解禁。,89,SPECIES_KEY_MISDREAVUS,98,82,90,8,NORMAL,TABLE_KEY_KANTO_K31,KANTO_CERT_2,DEXNAV_CHAIN_OR_RANK2,ONE_LEGAL_MOVE,ITEM_KEY_NONE,NONE,FIXED_HIGH_LEVEL_OPTIONAL,ACTIVE,トーホクは本編で使える低～中レベル基礎種、カントーは高レベル個体・中間進化・隠れ特性探索を担当。
ENCOUNTER_KEY_KANTO_FAMILY_0090,MAP_KEY_KANTO_K41,K41,洞窟・屋内オーバーレイ,ベガ初回殿堂入り後。認定章数でエリアと中間進化枠を段階解禁。,90,SPECIES_KEY_UNOWN,99,90,97,8,NORMAL,TABLE_KEY_KANTO_K41,KANTO_CERT_5,DEXNAV_CHAIN_OR_RANK2,ONE_LEGAL_MOVE,ITEM_KEY_NONE,NONE,FIXED_HIGH_LEVEL_OPTIONAL,ACTIVE,トーホクではベガ既存個体を保護。カントーでは高レベル個体・隠れ特性・タマゴ技探索を担当。
ENCOUNTER_KEY_KANTO_FAMILY_0091,MAP_KEY_KANTO_K14,K14,草むらオーバーレイ＋追加進化道具,ベガ初回殿堂入り後。認定章数でエリアと中間進化枠を段階解禁。,91,SPECIES_KEY_GIRAFARIG,101,84,89,8,NORMAL,TABLE_KEY_KANTO_K14,KANTO_CERT_3,DEXNAV_CHAIN_OR_RANK2,ONE_LEGAL_MOVE,ITEM_KEY_NONE,NONE,FIXED_HIGH_LEVEL_OPTIONAL,ACTIVE,トーホクの既存個体を無駄にせず追加進化可能。カントーは進化道具と高レベル素材の供給地。
ENCOUNTER_KEY_KANTO_FAMILY_0092,MAP_KEY_KANTO_K33,K33,ずつき／朝昼オーバーレイ,ベガ初回殿堂入り後。認定章数でエリアと中間進化枠を段階解禁。,92,SPECIES_KEY_PINECO,102,82,90,8,NORMAL,TABLE_KEY_KANTO_K33,KANTO_CERT_2,DEXNAV_CHAIN_OR_RANK2,ONE_LEGAL_MOVE,ITEM_KEY_NONE,NONE,FIXED_HIGH_LEVEL_OPTIONAL,ACTIVE,トーホクではベガ既存個体を保護。カントーでは高レベル個体・隠れ特性・タマゴ技探索を担当。
ENCOUNTER_KEY_KANTO_FAMILY_0093,MAP_KEY_KANTO_K30,K30,洞窟・屋内オーバーレイ＋追加進化道具,ベガ初回殿堂入り後。認定章数でエリアと中間進化枠を段階解禁。,93,SPECIES_KEY_DUNSPARCE,103,80,87,8,NORMAL,TABLE_KEY_KANTO_K30,KANTO_CERT_1,DEXNAV_CHAIN_OR_RANK2,ONE_LEGAL_MOVE,ITEM_KEY_NONE,NONE,FIXED_HIGH_LEVEL_OPTIONAL,ACTIVE,トーホクの既存個体を無駄にせず追加進化可能。カントーは進化道具と高レベル素材の供給地。
ENCOUNTER_KEY_KANTO_FAMILY_0094,MAP_KEY_KANTO_K04,K04,草むらオーバーレイ,ベガ初回殿堂入り後。認定章数でエリアと中間進化枠を段階解禁。,94,SPECIES_KEY_GLIGAR,104,72,77,8,NORMAL,TABLE_KEY_KANTO_K04,KANTO_EARLY_ACCESS,DEXNAV_CHAIN_OR_RANK2,ONE_LEGAL_MOVE,ITEM_KEY_NONE,NONE,FIXED_HIGH_LEVEL_OPTIONAL,ACTIVE,トーホクは本編で使える低～中レベル基礎種、カントーは高レベル個体・中間進化・隠れ特性探索を担当。
ENCOUNTER_KEY_KANTO_FAMILY_0095,MAP_KEY_KANTO_K33,K33,草むらオーバーレイ,ベガ初回殿堂入り後。認定章数でエリアと中間進化枠を段階解禁。,95,SPECIES_KEY_SNUBBULL,105,82,90,8,NORMAL,TABLE_KEY_KANTO_K33,KANTO_CERT_2,DEXNAV_CHAIN_OR_RANK2,ONE_LEGAL_MOVE,ITEM_KEY_NONE,NONE,FIXED_HIGH_LEVEL_OPTIONAL,ACTIVE,トーホクは本編で使える低～中レベル基礎種、カントーは高レベル個体・中間進化・隠れ特性探索を担当。
ENCOUNTER_KEY_KANTO_FAMILY_0096,MAP_KEY_KANTO_K15,K15,水上オーバーレイ,ベガ初回殿堂入り後。認定章数でエリアと中間進化枠を段階解禁。,96,SPECIES_KEY_QWILFISH,106,85,90,10,NORMAL,TABLE_KEY_KANTO_K15,KANTO_CERT_3,DEXNAV_CHAIN_OR_RANK2,ONE_LEGAL_MOVE,ITEM_KEY_NONE,NONE,FIXED_HIGH_LEVEL_OPTIONAL,ACTIVE,トーホクは本編で使える低～中レベル基礎種、カントーは高レベル個体・中間進化・隠れ特性探索を担当。
ENCOUNTER_KEY_KANTO_FAMILY_0097,MAP_KEY_KANTO_K03,K03,草むらオーバーレイ,ベガ初回殿堂入り後。認定章数でエリアと中間進化枠を段階解禁。,97,SPECIES_KEY_SHUCKLE,107,71,75,8,NORMAL,TABLE_KEY_KANTO_K03,KANTO_EARLY_ACCESS,DEXNAV_CHAIN_OR_RANK2,ONE_LEGAL_MOVE,ITEM_KEY_NONE,NONE,FIXED_HIGH_LEVEL_OPTIONAL,ACTIVE,トーホクではベガ既存個体を保護。カントーでは高レベル個体・隠れ特性・タマゴ技探索を担当。
ENCOUNTER_KEY_KANTO_FAMILY_0098,MAP_KEY_KANTO_K02,K02,ずつき／朝昼オーバーレイ,ベガ初回殿堂入り後。認定章数でエリアと中間進化枠を段階解禁。,98,SPECIES_KEY_HERACROSS,108,69,73,8,NORMAL,TABLE_KEY_KANTO_K02,KANTO_EARLY_ACCESS,DEXNAV_CHAIN_OR_RANK2,ONE_LEGAL_MOVE,ITEM_KEY_NONE,NONE,FIXED_HIGH_LEVEL_OPTIONAL,ACTIVE,トーホクは本編で使える低～中レベル基礎種、カントーは高レベル個体・中間進化・隠れ特性探索を担当。
ENCOUNTER_KEY_KANTO_FAMILY_0099,MAP_KEY_KANTO_K38,K38,洞窟・屋内オーバーレイ＋追加進化道具,ベガ初回殿堂入り後。認定章数でエリアと中間進化枠を段階解禁。,99,SPECIES_KEY_SNEASEL,109,88,96,8,NORMAL,TABLE_KEY_KANTO_K38,KANTO_CERT_4,DEXNAV_CHAIN_OR_RANK2,ONE_LEGAL_MOVE,ITEM_KEY_NONE,NONE,FIXED_HIGH_LEVEL_OPTIONAL,ACTIVE,トーホクの既存個体を無駄にせず追加進化可能。カントーは進化道具と高レベル素材の供給地。
ENCOUNTER_KEY_KANTO_FAMILY_0100,MAP_KEY_KANTO_K04,K04,草むらオーバーレイ,ベガ初回殿堂入り後。認定章数でエリアと中間進化枠を段階解禁。,100,SPECIES_KEY_TEDDIURSA,110,72,77,8,NORMAL,TABLE_KEY_KANTO_K04,KANTO_EARLY_ACCESS,DEXNAV_CHAIN_OR_RANK2,ONE_LEGAL_MOVE,ITEM_KEY_NONE,NONE,FIXED_HIGH_LEVEL_OPTIONAL,ACTIVE,トーホクは本編で使える低～中レベル基礎種、カントーは高レベル個体・中間進化・隠れ特性探索を担当。
ENCOUNTER_KEY_KANTO_FAMILY_0101,MAP_KEY_KANTO_K21,K21,草むらオーバーレイ,ベガ初回殿堂入り後。認定章数でエリアと中間進化枠を段階解禁。,101,SPECIES_KEY_SLUGMA,111,89,94,8,NORMAL,TABLE_KEY_KANTO_K21,KANTO_CERT_4,DEXNAV_CHAIN_OR_RANK2,ONE_LEGAL_MOVE,ITEM_KEY_NONE,NONE,FIXED_HIGH_LEVEL_OPTIONAL,ACTIVE,トーホクは本編で使える低～中レベル基礎種、カントーは高レベル個体・中間進化・隠れ特性探索を担当。
ENCOUNTER_KEY_KANTO_FAMILY_0102,MAP_KEY_KANTO_K38,K38,洞窟・屋内オーバーレイ,ベガ初回殿堂入り後。認定章数でエリアと中間進化枠を段階解禁。,102,SPECIES_KEY_SWINUB,112,88,96,8,NORMAL,TABLE_KEY_KANTO_K38,KANTO_CERT_4,DEXNAV_CHAIN_OR_RANK2,ONE_LEGAL_MOVE,ITEM_KEY_NONE,NONE,FIXED_HIGH_LEVEL_OPTIONAL,ACTIVE,トーホクではベガ既存個体を保護。カントーでは高レベル個体・隠れ特性・タマゴ技探索を担当。
ENCOUNTER_KEY_KANTO_FAMILY_0103,MAP_KEY_KANTO_K21,K21,釣りオーバーレイ,ベガ初回殿堂入り後。認定章数でエリアと中間進化枠を段階解禁。,103,SPECIES_KEY_CORSOLA,113,89,94,10,NORMAL,TABLE_KEY_KANTO_K21,KANTO_CERT_4,DEXNAV_CHAIN_OR_RANK2,ONE_LEGAL_MOVE,ITEM_KEY_NONE,NONE,FIXED_HIGH_LEVEL_OPTIONAL,ACTIVE,トーホクは本編で使える低～中レベル基礎種、カントーは高レベル個体・中間進化・隠れ特性探索を担当。
ENCOUNTER_KEY_KANTO_FAMILY_0104,MAP_KEY_KANTO_K15,K15,水上オーバーレイ,ベガ初回殿堂入り後。認定章数でエリアと中間進化枠を段階解禁。,104,SPECIES_KEY_REMORAID,114,85,90,10,NORMAL,TABLE_KEY_KANTO_K15,KANTO_CERT_3,DEXNAV_CHAIN_OR_RANK2,ONE_LEGAL_MOVE,ITEM_KEY_NONE,NONE,FIXED_HIGH_LEVEL_OPTIONAL,ACTIVE,トーホクではベガ既存個体を保護。カントーでは高レベル個体・隠れ特性・タマゴ技探索を担当。
ENCOUNTER_KEY_KANTO_FAMILY_0105,MAP_KEY_KANTO_K20,K20,草むらオーバーレイ,ベガ初回殿堂入り後。認定章数でエリアと中間進化枠を段階解禁。,105,SPECIES_KEY_DELIBIRD,115,88,93,8,NORMAL,TABLE_KEY_KANTO_K20,KANTO_CERT_4,DEXNAV_CHAIN_OR_RANK2,ONE_LEGAL_MOVE,ITEM_KEY_NONE,NONE,FIXED_HIGH_LEVEL_OPTIONAL,ACTIVE,トーホクではベガ既存個体を保護。カントーでは高レベル個体・隠れ特性・タマゴ技探索を担当。
ENCOUNTER_KEY_KANTO_FAMILY_0106,MAP_KEY_KANTO_K11,K11,草むらオーバーレイ,ベガ初回殿堂入り後。認定章数でエリアと中間進化枠を段階解禁。,106,SPECIES_KEY_SKARMORY,117,76,82,8,NORMAL,TABLE_KEY_KANTO_K11,KANTO_EARLY_ACCESS,DEXNAV_CHAIN_OR_RANK2,ONE_LEGAL_MOVE,ITEM_KEY_NONE,NONE,FIXED_HIGH_LEVEL_OPTIONAL,ACTIVE,トーホクではベガ既存個体を保護。カントーでは高レベル個体・隠れ特性・タマゴ技探索を担当。
ENCOUNTER_KEY_KANTO_FAMILY_0107,MAP_KEY_KANTO_K39,K39,夜間オーバーレイ,ベガ初回殿堂入り後。認定章数でエリアと中間進化枠を段階解禁。,107,SPECIES_KEY_HOUNDOUR,118,91,98,8,NORMAL,TABLE_KEY_KANTO_K39,KANTO_CERT_5,DEXNAV_CHAIN_OR_RANK2,ONE_LEGAL_MOVE,ITEM_KEY_NONE,NONE,FIXED_HIGH_LEVEL_OPTIONAL,ACTIVE,トーホクではベガ既存個体を保護。カントーでは高レベル個体・隠れ特性・タマゴ技探索を担当。
ENCOUNTER_KEY_KANTO_FAMILY_0108,MAP_KEY_KANTO_K30,K30,いわくだき／DexNav,ベガ初回殿堂入り後。認定章数でエリアと中間進化枠を段階解禁。,108,SPECIES_KEY_PHANPY,119,80,87,0,NORMAL,TABLE_KEY_KANTO_K30,KANTO_CERT_1,DEXNAV_CHAIN_OR_RANK2,ONE_LEGAL_MOVE,ITEM_KEY_NONE,NONE,FIXED_HIGH_LEVEL_OPTIONAL,ACTIVE,トーホクは本編で使える低～中レベル基礎種、カントーは高レベル個体・中間進化・隠れ特性探索を担当。
ENCOUNTER_KEY_KANTO_FAMILY_0109,MAP_KEY_KANTO_K16,K16,草むらオーバーレイ,ベガ初回殿堂入り後。認定章数でエリアと中間進化枠を段階解禁。,109,SPECIES_KEY_STANTLER,120,81,86,8,NORMAL,TABLE_KEY_KANTO_K16,KANTO_CERT_2,DEXNAV_CHAIN_OR_RANK2,ONE_LEGAL_MOVE,ITEM_KEY_NONE,NONE,FIXED_HIGH_LEVEL_OPTIONAL,ACTIVE,トーホクは本編で使える低～中レベル基礎種、カントーは高レベル個体・中間進化・隠れ特性探索を担当。
ENCOUNTER_KEY_KANTO_FAMILY_0110,MAP_KEY_KANTO_K18,K18,草むらオーバーレイ,ベガ初回殿堂入り後。認定章数でエリアと中間進化枠を段階解禁。,110,SPECIES_KEY_SMEARGLE,121,84,90,8,NORMAL,TABLE_KEY_KANTO_K18,KANTO_CERT_3,DEXNAV_CHAIN_OR_RANK2,ONE_LEGAL_MOVE,ITEM_KEY_NONE,NONE,FIXED_HIGH_LEVEL_OPTIONAL,ACTIVE,トーホクは本編で使える低～中レベル基礎種、カントーは高レベル個体・中間進化・隠れ特性探索を担当。
ENCOUNTER_KEY_KANTO_FAMILY_0111,MAP_KEY_KANTO_K10,K10,DexNav隠し枠／低確率タマゴ,ベガ初回殿堂入り後。認定章数でエリアと中間進化枠を段階解禁。,111,SPECIES_KEY_TYROGUE,47,78,84,0,NORMAL,TABLE_KEY_KANTO_K10,KANTO_CERT_1,DEXNAV_CHAIN_OR_RANK2,ONE_LEGAL_MOVE,ITEM_KEY_NONE,NONE,FIXED_HIGH_LEVEL_OPTIONAL,ACTIVE,トーホクではベガ既存個体を保護。カントーでは高レベル個体・隠れ特性・タマゴ技探索を担当。
ENCOUNTER_KEY_KANTO_FAMILY_0112,MAP_KEY_KANTO_K38,K38,DexNav隠し枠／低確率タマゴ,ベガ初回殿堂入り後。認定章数でエリアと中間進化枠を段階解禁。,112,SPECIES_KEY_SMOOCHUM,59,88,96,0,NORMAL,TABLE_KEY_KANTO_K38,KANTO_CERT_4,DEXNAV_CHAIN_OR_RANK2,ONE_LEGAL_MOVE,ITEM_KEY_NONE,NONE,FIXED_HIGH_LEVEL_OPTIONAL,ACTIVE,トーホクではベガ既存個体を保護。カントーでは高レベル個体・隠れ特性・タマゴ技探索を担当。
ENCOUNTER_KEY_KANTO_FAMILY_0113,MAP_KEY_KANTO_K40,K40,DexNav隠し枠／低確率タマゴ,ベガ初回殿堂入り後。認定章数でエリアと中間進化枠を段階解禁。,113,SPECIES_KEY_ELEKID,60,82,94,0,NORMAL,TABLE_KEY_KANTO_K40,KANTO_CERT_2,DEXNAV_CHAIN_OR_RANK2,ONE_LEGAL_MOVE,ITEM_KEY_NONE,NONE,FIXED_HIGH_LEVEL_OPTIONAL,ACTIVE,トーホクではベガ既存個体を保護。カントーでは高レベル個体・隠れ特性・タマゴ技探索を担当。
ENCOUNTER_KEY_KANTO_FAMILY_0114,MAP_KEY_KANTO_K39,K39,DexNav隠し枠／低確率タマゴ,ベガ初回殿堂入り後。認定章数でエリアと中間進化枠を段階解禁。,114,SPECIES_KEY_MAGBY,61,91,98,0,NORMAL,TABLE_KEY_KANTO_K39,KANTO_CERT_5,DEXNAV_CHAIN_OR_RANK2,ONE_LEGAL_MOVE,ITEM_KEY_NONE,NONE,FIXED_HIGH_LEVEL_OPTIONAL,ACTIVE,トーホクではベガ既存個体を保護。カントーでは高レベル個体・隠れ特性・タマゴ技探索を担当。
ENCOUNTER_KEY_KANTO_FAMILY_0115,MAP_KEY_KANTO_K05,K05,草むらオーバーレイ,ベガ初回殿堂入り後。認定章数でエリアと中間進化枠を段階解禁。,115,SPECIES_KEY_MILTANK,122,74,79,8,NORMAL,TABLE_KEY_KANTO_K05,KANTO_EARLY_ACCESS,DEXNAV_CHAIN_OR_RANK2,ONE_LEGAL_MOVE,ITEM_KEY_NONE,NONE,FIXED_HIGH_LEVEL_OPTIONAL,ACTIVE,トーホクではベガ既存個体を保護。カントーでは高レベル個体・隠れ特性・タマゴ技探索を担当。
ENCOUNTER_KEY_KANTO_FAMILY_0116,MAP_KEY_KANTO_K43,K43,SIMPLE_EVENT,既存条件＋主地方の捕獲フラグ共有,116,SPECIES_KEY_RAIKOU,123,95,100,0,EVENT,TABLE_KEY_KANTO_K43,KANTO_LEAGUE_CLEAR,SHARED_ONCE,ONE_LEGAL_MOVE,ITEM_KEY_NONE,SHARED_CAPTURE_KEY_NATIONAL_0243,FIXED_HIGH_LEVEL_OPTIONAL,ACTIVE,主地方で1個体だけ捕獲し、副地方では手掛かり・共鳴戦・専用素材を扱う。捕獲済みフラグは両地方で共有し、重複個体を与えない。
ENCOUNTER_KEY_KANTO_FAMILY_0117,MAP_KEY_KANTO_K43,K43,SIMPLE_EVENT,既存条件＋主地方の捕獲フラグ共有,117,SPECIES_KEY_ENTEI,124,95,100,0,EVENT,TABLE_KEY_KANTO_K43,KANTO_LEAGUE_CLEAR,SHARED_ONCE,ONE_LEGAL_MOVE,ITEM_KEY_NONE,SHARED_CAPTURE_KEY_NATIONAL_0244,FIXED_HIGH_LEVEL_OPTIONAL,ACTIVE,主地方で1個体だけ捕獲し、副地方では手掛かり・共鳴戦・専用素材を扱う。捕獲済みフラグは両地方で共有し、重複個体を与えない。
ENCOUNTER_KEY_KANTO_FAMILY_0118,MAP_KEY_KANTO_K43,K43,SIMPLE_EVENT,既存条件＋主地方の捕獲フラグ共有,118,SPECIES_KEY_SUICUNE,125,95,100,0,EVENT,TABLE_KEY_KANTO_K43,KANTO_LEAGUE_CLEAR,SHARED_ONCE,ONE_LEGAL_MOVE,ITEM_KEY_NONE,SHARED_CAPTURE_KEY_NATIONAL_0245,FIXED_HIGH_LEVEL_OPTIONAL,ACTIVE,主地方で1個体だけ捕獲し、副地方では手掛かり・共鳴戦・専用素材を扱う。捕獲済みフラグは両地方で共有し、重複個体を与えない。
ENCOUNTER_KEY_KANTO_FAMILY_0119,MAP_KEY_KANTO_LEAGUE,K42,DexNav隠し枠,ベガ初回殿堂入り後。認定章数でエリアと中間進化枠を段階解禁。,119,SPECIES_KEY_LARVITAR,126,94,100,0,NORMAL,TABLE_KEY_KANTO_K42,KANTO_LEAGUE,DEXNAV_CHAIN_OR_RANK2,ONE_LEGAL_MOVE,ITEM_KEY_NONE,NONE,FIXED_HIGH_LEVEL_OPTIONAL,ACTIVE,トーホクではベガ既存個体を保護。カントーでは高レベル個体・隠れ特性・タマゴ技探索を担当。
ENCOUNTER_KEY_KANTO_FAMILY_0120,MAP_KEY_KANTO_K43,K43,SIMPLE_EVENT,既存条件＋主地方の捕獲フラグ共有,120,SPECIES_KEY_LUGIA,127,95,100,0,EVENT,TABLE_KEY_KANTO_K43,KANTO_LEAGUE_CLEAR,SHARED_ONCE,ONE_LEGAL_MOVE,ITEM_KEY_NONE,SHARED_CAPTURE_KEY_NATIONAL_0249,FIXED_HIGH_LEVEL_OPTIONAL,ACTIVE,主地方で1個体だけ捕獲し、副地方では手掛かり・共鳴戦・専用素材を扱う。捕獲済みフラグは両地方で共有し、重複個体を与えない。
ENCOUNTER_KEY_KANTO_FAMILY_0121,MAP_KEY_KANTO_K43,K43,SIMPLE_EVENT,既存条件＋主地方の捕獲フラグ共有,121,SPECIES_KEY_HO_OH,128,95,100,0,EVENT,TABLE_KEY_KANTO_K43,KANTO_LEAGUE_CLEAR,SHARED_ONCE,ONE_LEGAL_MOVE,ITEM_KEY_NONE,SHARED_CAPTURE_KEY_NATIONAL_0250,FIXED_HIGH_LEVEL_OPTIONAL,ACTIVE,主地方で1個体だけ捕獲し、副地方では手掛かり・共鳴戦・専用素材を扱う。捕獲済みフラグは両地方で共有し、重複個体を与えない。
ENCOUNTER_KEY_KANTO_FAMILY_0122,MAP_KEY_KANTO_K43,K43,SIMPLE_EVENT,殿堂入り＋ときのかけら3個＋主地方の捕獲フラグ共有,122,SPECIES_KEY_CELEBI,129,95,100,0,EVENT,TABLE_KEY_KANTO_K43,KANTO_LEAGUE_CLEAR,SHARED_ONCE,ONE_LEGAL_MOVE,ITEM_KEY_NONE,SHARED_CAPTURE_KEY_NATIONAL_0251,FIXED_HIGH_LEVEL_OPTIONAL,ACTIVE,主地方で1個体だけ捕獲し、副地方では手掛かり・共鳴戦・専用素材を扱う。捕獲済みフラグは両地方で共有し、重複個体を与えない。
ENCOUNTER_KEY_KANTO_FAMILY_0123,MAP_KEY_KANTO_K47,K47,オーキド研究所の生態交換タマゴ,ベガ初回殿堂入り後。認定章数でエリアと中間進化枠を段階解禁。,123,SPECIES_KEY_TREECKO,130,68,68,2,NORMAL,TABLE_KEY_KANTO_K47,KANTO_EARLY_ACCESS,DEXNAV_CHAIN_OR_RANK2,ONE_LEGAL_MOVE,ITEM_KEY_NONE,NONE,FIXED_HIGH_LEVEL_OPTIONAL,ACTIVE,御三家を野生化せず、両地方の研究所を巡る収集導線にする。
ENCOUNTER_KEY_KANTO_FAMILY_0124,MAP_KEY_KANTO_K47,K47,オーキド研究所の生態交換タマゴ,ベガ初回殿堂入り後。認定章数でエリアと中間進化枠を段階解禁。,124,SPECIES_KEY_TORCHIC,131,68,68,2,NORMAL,TABLE_KEY_KANTO_K47,KANTO_EARLY_ACCESS,DEXNAV_CHAIN_OR_RANK2,ONE_LEGAL_MOVE,ITEM_KEY_NONE,NONE,FIXED_HIGH_LEVEL_OPTIONAL,ACTIVE,御三家を野生化せず、両地方の研究所を巡る収集導線にする。
ENCOUNTER_KEY_KANTO_FAMILY_0125,MAP_KEY_KANTO_K47,K47,オーキド研究所の生態交換タマゴ,ベガ初回殿堂入り後。認定章数でエリアと中間進化枠を段階解禁。,125,SPECIES_KEY_MUDKIP,132,68,68,2,NORMAL,TABLE_KEY_KANTO_K47,KANTO_EARLY_ACCESS,DEXNAV_CHAIN_OR_RANK2,ONE_LEGAL_MOVE,ITEM_KEY_NONE,NONE,FIXED_HIGH_LEVEL_OPTIONAL,ACTIVE,御三家を野生化せず、両地方の研究所を巡る収集導線にする。
ENCOUNTER_KEY_KANTO_FAMILY_0126,MAP_KEY_KANTO_K08,K08,夜間オーバーレイ,ベガ初回殿堂入り後。認定章数でエリアと中間進化枠を段階解禁。,126,SPECIES_KEY_POOCHYENA,133,79,84,8,NORMAL,TABLE_KEY_KANTO_K08,KANTO_CERT_1,DEXNAV_CHAIN_OR_RANK2,ONE_LEGAL_MOVE,ITEM_KEY_NONE,NONE,FIXED_HIGH_LEVEL_OPTIONAL,ACTIVE,トーホクは本編で使える低～中レベル基礎種、カントーは高レベル個体・中間進化・隠れ特性探索を担当。
ENCOUNTER_KEY_KANTO_FAMILY_0127,MAP_KEY_KANTO_K16,K16,夜間オーバーレイ,ベガ初回殿堂入り後。認定章数でエリアと中間進化枠を段階解禁。,127,SPECIES_KEY_ZIGZAGOON,134,81,86,8,NORMAL,TABLE_KEY_KANTO_K16,KANTO_CERT_2,DEXNAV_CHAIN_OR_RANK2,ONE_LEGAL_MOVE,ITEM_KEY_NONE,NONE,FIXED_HIGH_LEVEL_OPTIONAL,ACTIVE,トーホクは本編で使える低～中レベル基礎種、カントーは高レベル個体・中間進化・隠れ特性探索を担当。
ENCOUNTER_KEY_KANTO_FAMILY_0128,MAP_KEY_KANTO_K24,K24,草むらオーバーレイ,ベガ初回殿堂入り後。認定章数でエリアと中間進化枠を段階解禁。,128,SPECIES_KEY_WURMPLE,135,74,79,8,NORMAL,TABLE_KEY_KANTO_K24,KANTO_EARLY_ACCESS,DEXNAV_CHAIN_OR_RANK2,ONE_LEGAL_MOVE,ITEM_KEY_NONE,NONE,FIXED_HIGH_LEVEL_OPTIONAL,ACTIVE,トーホクは本編で使える低～中レベル基礎種、カントーは高レベル個体・中間進化・隠れ特性探索を担当。
ENCOUNTER_KEY_KANTO_FAMILY_0129,MAP_KEY_KANTO_K15,K15,水上オーバーレイ,ベガ初回殿堂入り後。認定章数でエリアと中間進化枠を段階解禁。,129,SPECIES_KEY_LOTAD,136,85,90,10,NORMAL,TABLE_KEY_KANTO_K15,KANTO_CERT_3,DEXNAV_CHAIN_OR_RANK2,ONE_LEGAL_MOVE,ITEM_KEY_NONE,NONE,FIXED_HIGH_LEVEL_OPTIONAL,ACTIVE,トーホクは本編で使える低～中レベル基礎種、カントーは高レベル個体・中間進化・隠れ特性探索を担当。
ENCOUNTER_KEY_KANTO_FAMILY_0130,MAP_KEY_KANTO_VIRIDIAN_FOREST,K26,夜間オーバーレイ,ベガ初回殿堂入り後。認定章数でエリアと中間進化枠を段階解禁。,130,SPECIES_KEY_SEEDOT,137,70,76,8,NORMAL,TABLE_KEY_KANTO_K26,KANTO_EARLY_ACCESS,DEXNAV_CHAIN_OR_RANK2,ONE_LEGAL_MOVE,ITEM_KEY_NONE,NONE,FIXED_HIGH_LEVEL_OPTIONAL,ACTIVE,トーホクは本編で使える低～中レベル基礎種、カントーは高レベル個体・中間進化・隠れ特性探索を担当。
ENCOUNTER_KEY_KANTO_FAMILY_0131,MAP_KEY_KANTO_K24,K24,草むらオーバーレイ,ベガ初回殿堂入り後。認定章数でエリアと中間進化枠を段階解禁。,131,SPECIES_KEY_TAILLOW,138,74,79,8,NORMAL,TABLE_KEY_KANTO_K24,KANTO_EARLY_ACCESS,DEXNAV_CHAIN_OR_RANK2,ONE_LEGAL_MOVE,ITEM_KEY_NONE,NONE,FIXED_HIGH_LEVEL_OPTIONAL,ACTIVE,トーホクではベガ既存個体を保護。カントーでは高レベル個体・隠れ特性・タマゴ技探索を担当。
ENCOUNTER_KEY_KANTO_FAMILY_0132,MAP_KEY_KANTO_K25,K25,釣りオーバーレイ,ベガ初回殿堂入り後。認定章数でエリアと中間進化枠を段階解禁。,132,SPECIES_KEY_WINGULL,139,75,80,10,NORMAL,TABLE_KEY_KANTO_K25,KANTO_EARLY_ACCESS,DEXNAV_CHAIN_OR_RANK2,ONE_LEGAL_MOVE,ITEM_KEY_NONE,NONE,FIXED_HIGH_LEVEL_OPTIONAL,ACTIVE,トーホクは本編で使える低～中レベル基礎種、カントーは高レベル個体・中間進化・隠れ特性探索を担当。
ENCOUNTER_KEY_KANTO_FAMILY_0133,MAP_KEY_KANTO_K23,K23,草むらオーバーレイ,ベガ初回殿堂入り後。認定章数でエリアと中間進化枠を段階解禁。,133,SPECIES_KEY_RALTS,140,92,98,8,NORMAL,TABLE_KEY_KANTO_K23,KANTO_CERT_5,DEXNAV_CHAIN_OR_RANK2,ONE_LEGAL_MOVE,ITEM_KEY_NONE,NONE,FIXED_HIGH_LEVEL_OPTIONAL,ACTIVE,トーホクではベガ既存個体を保護。カントーでは高レベル個体・隠れ特性・タマゴ技探索を担当。
ENCOUNTER_KEY_KANTO_FAMILY_0134,MAP_KEY_KANTO_K15,K15,釣りオーバーレイ,ベガ初回殿堂入り後。認定章数でエリアと中間進化枠を段階解禁。,134,SPECIES_KEY_SURSKIT,141,85,90,10,NORMAL,TABLE_KEY_KANTO_K15,KANTO_CERT_3,DEXNAV_CHAIN_OR_RANK2,ONE_LEGAL_MOVE,ITEM_KEY_NONE,NONE,FIXED_HIGH_LEVEL_OPTIONAL,ACTIVE,トーホクは本編で使える低～中レベル基礎種、カントーは高レベル個体・中間進化・隠れ特性探索を担当。
ENCOUNTER_KEY_KANTO_FAMILY_0135,MAP_KEY_KANTO_K02,K02,ずつき／朝昼オーバーレイ,ベガ初回殿堂入り後。認定章数でエリアと中間進化枠を段階解禁。,135,SPECIES_KEY_SHROOMISH,142,69,73,8,NORMAL,TABLE_KEY_KANTO_K02,KANTO_EARLY_ACCESS,DEXNAV_CHAIN_OR_RANK2,ONE_LEGAL_MOVE,ITEM_KEY_NONE,NONE,FIXED_HIGH_LEVEL_OPTIONAL,ACTIVE,トーホクではベガ既存個体を保護。カントーでは高レベル個体・隠れ特性・タマゴ技探索を担当。
ENCOUNTER_KEY_KANTO_FAMILY_0136,MAP_KEY_KANTO_K18,K18,草むらオーバーレイ,ベガ初回殿堂入り後。認定章数でエリアと中間進化枠を段階解禁。,136,SPECIES_KEY_SLAKOTH,143,84,90,8,NORMAL,TABLE_KEY_KANTO_K18,KANTO_CERT_3,DEXNAV_CHAIN_OR_RANK2,ONE_LEGAL_MOVE,ITEM_KEY_NONE,NONE,FIXED_HIGH_LEVEL_OPTIONAL,ACTIVE,トーホクは本編で使える低～中レベル基礎種、カントーは高レベル個体・中間進化・隠れ特性探索を担当。
ENCOUNTER_KEY_KANTO_FAMILY_0137,MAP_KEY_KANTO_K03,K03,夜間オーバーレイ,ベガ初回殿堂入り後。認定章数でエリアと中間進化枠を段階解禁。,137,SPECIES_KEY_NINCADA,144,71,75,8,NORMAL,TABLE_KEY_KANTO_K03,KANTO_EARLY_ACCESS,DEXNAV_CHAIN_OR_RANK2,ONE_LEGAL_MOVE,ITEM_KEY_NONE,NONE,FIXED_HIGH_LEVEL_OPTIONAL,ACTIVE,トーホクではベガ既存個体を保護。カントーでは高レベル個体・隠れ特性・タマゴ技探索を担当。
ENCOUNTER_KEY_KANTO_FAMILY_0138,MAP_KEY_KANTO_K05,K05,草むらオーバーレイ,ベガ初回殿堂入り後。認定章数でエリアと中間進化枠を段階解禁。,138,SPECIES_KEY_WHISMUR,145,74,79,8,NORMAL,TABLE_KEY_KANTO_K05,KANTO_EARLY_ACCESS,DEXNAV_CHAIN_OR_RANK2,ONE_LEGAL_MOVE,ITEM_KEY_NONE,NONE,FIXED_HIGH_LEVEL_OPTIONAL,ACTIVE,トーホクではベガ既存個体を保護。カントーでは高レベル個体・隠れ特性・タマゴ技探索を担当。
ENCOUNTER_KEY_KANTO_FAMILY_0139,MAP_KEY_KANTO_LEAGUE,K42,洞窟・屋内オーバーレイ,ベガ初回殿堂入り後。認定章数でエリアと中間進化枠を段階解禁。,139,SPECIES_KEY_MAKUHITA,146,94,100,8,NORMAL,TABLE_KEY_KANTO_K42,KANTO_LEAGUE,DEXNAV_CHAIN_OR_RANK2,ONE_LEGAL_MOVE,ITEM_KEY_NONE,NONE,FIXED_HIGH_LEVEL_OPTIONAL,ACTIVE,トーホクは本編で使える低～中レベル基礎種、カントーは高レベル個体・中間進化・隠れ特性探索を担当。
ENCOUNTER_KEY_KANTO_FAMILY_0140,MAP_KEY_KANTO_K15,K15,DexNav隠し枠／低確率タマゴ,ベガ初回殿堂入り後。認定章数でエリアと中間進化枠を段階解禁。,140,SPECIES_KEY_AZURILL,90,85,90,0,NORMAL,TABLE_KEY_KANTO_K15,KANTO_CERT_3,DEXNAV_CHAIN_OR_RANK2,ONE_LEGAL_MOVE,ITEM_KEY_NONE,NONE,FIXED_HIGH_LEVEL_OPTIONAL,ACTIVE,トーホクは本編で使える低～中レベル基礎種、カントーは高レベル個体・中間進化・隠れ特性探索を担当。
ENCOUNTER_KEY_KANTO_FAMILY_0141,MAP_KEY_KANTO_K30,K30,いわくだき／DexNav,ベガ初回殿堂入り後。認定章数でエリアと中間進化枠を段階解禁。,141,SPECIES_KEY_NOSEPASS,147,80,87,0,NORMAL,TABLE_KEY_KANTO_K30,KANTO_CERT_1,DEXNAV_CHAIN_OR_RANK2,ONE_LEGAL_MOVE,ITEM_KEY_NONE,NONE,FIXED_HIGH_LEVEL_OPTIONAL,ACTIVE,トーホクは本編で使える低～中レベル基礎種、カントーは高レベル個体・中間進化・隠れ特性探索を担当。
ENCOUNTER_KEY_KANTO_FAMILY_0142,MAP_KEY_KANTO_K05,K05,草むらオーバーレイ,ベガ初回殿堂入り後。認定章数でエリアと中間進化枠を段階解禁。,142,SPECIES_KEY_SKITTY,148,74,79,8,NORMAL,TABLE_KEY_KANTO_K05,KANTO_EARLY_ACCESS,DEXNAV_CHAIN_OR_RANK2,ONE_LEGAL_MOVE,ITEM_KEY_NONE,NONE,FIXED_HIGH_LEVEL_OPTIONAL,ACTIVE,トーホクは本編で使える低～中レベル基礎種、カントーは高レベル個体・中間進化・隠れ特性探索を担当。
ENCOUNTER_KEY_KANTO_FAMILY_0143,MAP_KEY_KANTO_K31,K31,夜間オーバーレイ,ベガ初回殿堂入り後。認定章数でエリアと中間進化枠を段階解禁。,143,SPECIES_KEY_SABLEYE,149,82,90,8,NORMAL,TABLE_KEY_KANTO_K31,KANTO_CERT_2,DEXNAV_CHAIN_OR_RANK2,ONE_LEGAL_MOVE,ITEM_KEY_NONE,NONE,FIXED_HIGH_LEVEL_OPTIONAL,ACTIVE,トーホクではベガ既存個体を保護。カントーでは高レベル個体・隠れ特性・タマゴ技探索を担当。
ENCOUNTER_KEY_KANTO_FAMILY_0144,MAP_KEY_KANTO_LEAGUE,K42,いわくだき／DexNav,ベガ初回殿堂入り後。認定章数でエリアと中間進化枠を段階解禁。,144,SPECIES_KEY_MAWILE,150,94,100,0,NORMAL,TABLE_KEY_KANTO_K42,KANTO_LEAGUE,DEXNAV_CHAIN_OR_RANK2,ONE_LEGAL_MOVE,ITEM_KEY_NONE,NONE,FIXED_HIGH_LEVEL_OPTIONAL,ACTIVE,トーホクではベガ既存個体を保護。カントーでは高レベル個体・隠れ特性・タマゴ技探索を担当。
ENCOUNTER_KEY_KANTO_FAMILY_0145,MAP_KEY_KANTO_K30,K30,いわくだき／DexNav,ベガ初回殿堂入り後。認定章数でエリアと中間進化枠を段階解禁。,145,SPECIES_KEY_ARON,151,80,87,0,NORMAL,TABLE_KEY_KANTO_K30,KANTO_CERT_1,DEXNAV_CHAIN_OR_RANK2,ONE_LEGAL_MOVE,ITEM_KEY_NONE,NONE,FIXED_HIGH_LEVEL_OPTIONAL,ACTIVE,トーホクは本編で使える低～中レベル基礎種、カントーは高レベル個体・中間進化・隠れ特性探索を担当。
ENCOUNTER_KEY_KANTO_FAMILY_0146,MAP_KEY_KANTO_K23,K23,草むらオーバーレイ,ベガ初回殿堂入り後。認定章数でエリアと中間進化枠を段階解禁。,146,SPECIES_KEY_MEDITITE,152,92,98,8,NORMAL,TABLE_KEY_KANTO_K23,KANTO_CERT_5,DEXNAV_CHAIN_OR_RANK2,ONE_LEGAL_MOVE,ITEM_KEY_NONE,NONE,FIXED_HIGH_LEVEL_OPTIONAL,ACTIVE,トーホクは本編で使える低～中レベル基礎種、カントーは高レベル個体・中間進化・隠れ特性探索を担当。
ENCOUNTER_KEY_KANTO_FAMILY_0147,MAP_KEY_KANTO_K10,K10,草むらオーバーレイ,ベガ初回殿堂入り後。認定章数でエリアと中間進化枠を段階解禁。,147,SPECIES_KEY_ELECTRIKE,153,78,84,8,NORMAL,TABLE_KEY_KANTO_K10,KANTO_CERT_1,DEXNAV_CHAIN_OR_RANK2,ONE_LEGAL_MOVE,ITEM_KEY_NONE,NONE,FIXED_HIGH_LEVEL_OPTIONAL,ACTIVE,トーホクは本編で使える低～中レベル基礎種、カントーは高レベル個体・中間進化・隠れ特性探索を担当。
ENCOUNTER_KEY_KANTO_FAMILY_0148,MAP_KEY_KANTO_K10,K10,草むらオーバーレイ,ベガ初回殿堂入り後。認定章数でエリアと中間進化枠を段階解禁。,148,SPECIES_KEY_PLUSLE,154,78,84,8,NORMAL,TABLE_KEY_KANTO_K10,KANTO_CERT_1,DEXNAV_CHAIN_OR_RANK2,ONE_LEGAL_MOVE,ITEM_KEY_NONE,NONE,FIXED_HIGH_LEVEL_OPTIONAL,ACTIVE,トーホクは本編で使える低～中レベル基礎種、カントーは高レベル個体・中間進化・隠れ特性探索を担当。
ENCOUNTER_KEY_KANTO_FAMILY_0149,MAP_KEY_KANTO_K40,K40,洞窟・屋内オーバーレイ,ベガ初回殿堂入り後。認定章数でエリアと中間進化枠を段階解禁。,149,SPECIES_KEY_MINUN,155,82,94,8,NORMAL,TABLE_KEY_KANTO_K40,KANTO_CERT_2,DEXNAV_CHAIN_OR_RANK2,ONE_LEGAL_MOVE,ITEM_KEY_NONE,NONE,FIXED_HIGH_LEVEL_OPTIONAL,ACTIVE,トーホクは本編で使える低～中レベル基礎種、カントーは高レベル個体・中間進化・隠れ特性探索を担当。
ENCOUNTER_KEY_KANTO_FAMILY_0150,MAP_KEY_KANTO_K35,K35,ずつき／朝昼オーバーレイ,ベガ初回殿堂入り後。認定章数でエリアと中間進化枠を段階解禁。,150,SPECIES_KEY_VOLBEAT,156,85,94,8,NORMAL,TABLE_KEY_KANTO_K35,KANTO_CERT_3,DEXNAV_CHAIN_OR_RANK2,ONE_LEGAL_MOVE,ITEM_KEY_NONE,NONE,FIXED_HIGH_LEVEL_OPTIONAL,ACTIVE,トーホクは本編で使える低～中レベル基礎種、カントーは高レベル個体・中間進化・隠れ特性探索を担当。
ENCOUNTER_KEY_KANTO_FAMILY_0151,MAP_KEY_KANTO_K35,K35,ずつき／朝昼オーバーレイ,ベガ初回殿堂入り後。認定章数でエリアと中間進化枠を段階解禁。,151,SPECIES_KEY_ILLUMISE,157,85,94,8,NORMAL,TABLE_KEY_KANTO_K35,KANTO_CERT_3,DEXNAV_CHAIN_OR_RANK2,ONE_LEGAL_MOVE,ITEM_KEY_NONE,NONE,FIXED_HIGH_LEVEL_OPTIONAL,ACTIVE,トーホクは本編で使える低～中レベル基礎種、カントーは高レベル個体・中間進化・隠れ特性探索を担当。
ENCOUNTER_KEY_KANTO_FAMILY_0152,MAP_KEY_KANTO_K13,K13,草むらオーバーレイ,ベガ初回殿堂入り後。認定章数でエリアと中間進化枠を段階解禁。,152,SPECIES_KEY_GULPIN,159,83,88,8,NORMAL,TABLE_KEY_KANTO_K13,KANTO_CERT_2,DEXNAV_CHAIN_OR_RANK2,ONE_LEGAL_MOVE,ITEM_KEY_NONE,NONE,FIXED_HIGH_LEVEL_OPTIONAL,ACTIVE,トーホクは本編で使える低～中レベル基礎種、カントーは高レベル個体・中間進化・隠れ特性探索を担当。
ENCOUNTER_KEY_KANTO_FAMILY_0153,MAP_KEY_KANTO_K12,K12,水上オーバーレイ,ベガ初回殿堂入り後。認定章数でエリアと中間進化枠を段階解禁。,153,SPECIES_KEY_CARVANHA,160,82,87,10,NORMAL,TABLE_KEY_KANTO_K12,KANTO_CERT_2,DEXNAV_CHAIN_OR_RANK2,ONE_LEGAL_MOVE,ITEM_KEY_NONE,NONE,FIXED_HIGH_LEVEL_OPTIONAL,ACTIVE,トーホクは本編で使える低～中レベル基礎種、カントーは高レベル個体・中間進化・隠れ特性探索を担当。
ENCOUNTER_KEY_KANTO_FAMILY_0154,MAP_KEY_KANTO_K13,K13,水上オーバーレイ,ベガ初回殿堂入り後。認定章数でエリアと中間進化枠を段階解禁。,154,SPECIES_KEY_WAILMER,161,83,88,10,NORMAL,TABLE_KEY_KANTO_K13,KANTO_CERT_2,DEXNAV_CHAIN_OR_RANK2,ONE_LEGAL_MOVE,ITEM_KEY_NONE,NONE,FIXED_HIGH_LEVEL_OPTIONAL,ACTIVE,トーホクは本編で使える低～中レベル基礎種、カントーは高レベル個体・中間進化・隠れ特性探索を担当。
ENCOUNTER_KEY_KANTO_FAMILY_0155,MAP_KEY_KANTO_K21,K21,草むらオーバーレイ,ベガ初回殿堂入り後。認定章数でエリアと中間進化枠を段階解禁。,155,SPECIES_KEY_NUMEL,162,89,94,8,NORMAL,TABLE_KEY_KANTO_K21,KANTO_CERT_4,DEXNAV_CHAIN_OR_RANK2,ONE_LEGAL_MOVE,ITEM_KEY_NONE,NONE,FIXED_HIGH_LEVEL_OPTIONAL,ACTIVE,トーホクは本編で使える低～中レベル基礎種、カントーは高レベル個体・中間進化・隠れ特性探索を担当。
ENCOUNTER_KEY_KANTO_FAMILY_0156,MAP_KEY_KANTO_K21,K21,草むらオーバーレイ,ベガ初回殿堂入り後。認定章数でエリアと中間進化枠を段階解禁。,156,SPECIES_KEY_TORKOAL,163,89,94,8,NORMAL,TABLE_KEY_KANTO_K21,KANTO_CERT_4,DEXNAV_CHAIN_OR_RANK2,ONE_LEGAL_MOVE,ITEM_KEY_NONE,NONE,FIXED_HIGH_LEVEL_OPTIONAL,ACTIVE,トーホクではベガ既存個体を保護。カントーでは高レベル個体・隠れ特性・タマゴ技探索を担当。
ENCOUNTER_KEY_KANTO_FAMILY_0157,MAP_KEY_KANTO_K27,K27,洞窟・屋内オーバーレイ,ベガ初回殿堂入り後。認定章数でエリアと中間進化枠を段階解禁。,157,SPECIES_KEY_SPOINK,164,73,80,8,NORMAL,TABLE_KEY_KANTO_K27,KANTO_EARLY_ACCESS,DEXNAV_CHAIN_OR_RANK2,ONE_LEGAL_MOVE,ITEM_KEY_NONE,NONE,FIXED_HIGH_LEVEL_OPTIONAL,ACTIVE,トーホクは本編で使える低～中レベル基礎種、カントーは高レベル個体・中間進化・隠れ特性探索を担当。
ENCOUNTER_KEY_KANTO_FAMILY_0158,MAP_KEY_KANTO_K16,K16,草むらオーバーレイ,ベガ初回殿堂入り後。認定章数でエリアと中間進化枠を段階解禁。,158,SPECIES_KEY_SPINDA,165,81,86,8,NORMAL,TABLE_KEY_KANTO_K16,KANTO_CERT_2,DEXNAV_CHAIN_OR_RANK2,ONE_LEGAL_MOVE,ITEM_KEY_NONE,NONE,FIXED_HIGH_LEVEL_OPTIONAL,ACTIVE,トーホクではベガ既存個体を保護。カントーでは高レベル個体・隠れ特性・タマゴ技探索を担当。
ENCOUNTER_KEY_KANTO_FAMILY_0159,MAP_KEY_KANTO_LEAGUE,K42,いわくだき／DexNav,ベガ初回殿堂入り後。認定章数でエリアと中間進化枠を段階解禁。,159,SPECIES_KEY_TRAPINCH,166,94,100,0,NORMAL,TABLE_KEY_KANTO_K42,KANTO_LEAGUE,DEXNAV_CHAIN_OR_RANK2,ONE_LEGAL_MOVE,ITEM_KEY_NONE,NONE,FIXED_HIGH_LEVEL_OPTIONAL,ACTIVE,トーホクは本編で使える低～中レベル基礎種、カントーは高レベル個体・中間進化・隠れ特性探索を担当。
ENCOUNTER_KEY_KANTO_FAMILY_0160,MAP_KEY_KANTO_K02,K02,夜間オーバーレイ,ベガ初回殿堂入り後。認定章数でエリアと中間進化枠を段階解禁。,160,SPECIES_KEY_CACNEA,167,69,73,8,NORMAL,TABLE_KEY_KANTO_K02,KANTO_EARLY_ACCESS,DEXNAV_CHAIN_OR_RANK2,ONE_LEGAL_MOVE,ITEM_KEY_NONE,NONE,FIXED_HIGH_LEVEL_OPTIONAL,ACTIVE,トーホクではベガ既存個体を保護。カントーでは高レベル個体・隠れ特性・タマゴ技探索を担当。
ENCOUNTER_KEY_KANTO_FAMILY_0161,MAP_KEY_KANTO_K11,K11,草むらオーバーレイ,ベガ初回殿堂入り後。認定章数でエリアと中間進化枠を段階解禁。,161,SPECIES_KEY_SWABLU,168,76,82,8,NORMAL,TABLE_KEY_KANTO_K11,KANTO_EARLY_ACCESS,DEXNAV_CHAIN_OR_RANK2,ONE_LEGAL_MOVE,ITEM_KEY_NONE,NONE,FIXED_HIGH_LEVEL_OPTIONAL,ACTIVE,トーホクは本編で使える低～中レベル基礎種、カントーは高レベル個体・中間進化・隠れ特性探索を担当。
ENCOUNTER_KEY_KANTO_FAMILY_0162,MAP_KEY_KANTO_K18,K18,草むらオーバーレイ,ベガ初回殿堂入り後。認定章数でエリアと中間進化枠を段階解禁。,162,SPECIES_KEY_ZANGOOSE,169,84,90,8,NORMAL,TABLE_KEY_KANTO_K18,KANTO_CERT_3,DEXNAV_CHAIN_OR_RANK2,ONE_LEGAL_MOVE,ITEM_KEY_NONE,NONE,FIXED_HIGH_LEVEL_OPTIONAL,ACTIVE,トーホクは本編で使える低～中レベル基礎種、カントーは高レベル個体・中間進化・隠れ特性探索を担当。
ENCOUNTER_KEY_KANTO_FAMILY_0163,MAP_KEY_KANTO_K06,K06,草むらオーバーレイ,ベガ初回殿堂入り後。認定章数でエリアと中間進化枠を段階解禁。,163,SPECIES_KEY_SEVIPER,170,75,80,8,NORMAL,TABLE_KEY_KANTO_K06,KANTO_EARLY_ACCESS,DEXNAV_CHAIN_OR_RANK2,ONE_LEGAL_MOVE,ITEM_KEY_NONE,NONE,FIXED_HIGH_LEVEL_OPTIONAL,ACTIVE,トーホクは本編で使える低～中レベル基礎種、カントーは高レベル個体・中間進化・隠れ特性探索を担当。
ENCOUNTER_KEY_KANTO_FAMILY_0164,MAP_KEY_KANTO_K27,K27,いわくだき／DexNav,ベガ初回殿堂入り後。認定章数でエリアと中間進化枠を段階解禁。,164,SPECIES_KEY_LUNATONE,171,73,80,0,NORMAL,TABLE_KEY_KANTO_K27,KANTO_EARLY_ACCESS,DEXNAV_CHAIN_OR_RANK2,ONE_LEGAL_MOVE,ITEM_KEY_NONE,NONE,FIXED_HIGH_LEVEL_OPTIONAL,ACTIVE,トーホクではベガ既存個体を保護。カントーでは高レベル個体・隠れ特性・タマゴ技探索を担当。
ENCOUNTER_KEY_KANTO_FAMILY_0165,MAP_KEY_KANTO_K27,K27,いわくだき／DexNav,ベガ初回殿堂入り後。認定章数でエリアと中間進化枠を段階解禁。,165,SPECIES_KEY_SOLROCK,172,73,80,0,NORMAL,TABLE_KEY_KANTO_K27,KANTO_EARLY_ACCESS,DEXNAV_CHAIN_OR_RANK2,ONE_LEGAL_MOVE,ITEM_KEY_NONE,NONE,FIXED_HIGH_LEVEL_OPTIONAL,ACTIVE,トーホクではベガ既存個体を保護。カントーでは高レベル個体・隠れ特性・タマゴ技探索を担当。
ENCOUNTER_KEY_KANTO_FAMILY_0166,MAP_KEY_KANTO_K21,K21,釣りオーバーレイ,ベガ初回殿堂入り後。認定章数でエリアと中間進化枠を段階解禁。,166,SPECIES_KEY_BARBOACH,173,89,94,10,NORMAL,TABLE_KEY_KANTO_K21,KANTO_CERT_4,DEXNAV_CHAIN_OR_RANK2,ONE_LEGAL_MOVE,ITEM_KEY_NONE,NONE,FIXED_HIGH_LEVEL_OPTIONAL,ACTIVE,トーホクは本編で使える低～中レベル基礎種、カントーは高レベル個体・中間進化・隠れ特性探索を担当。
ENCOUNTER_KEY_KANTO_FAMILY_0167,MAP_KEY_KANTO_K12,K12,釣りオーバーレイ,ベガ初回殿堂入り後。認定章数でエリアと中間進化枠を段階解禁。,167,SPECIES_KEY_CORPHISH,174,82,87,10,NORMAL,TABLE_KEY_KANTO_K12,KANTO_CERT_2,DEXNAV_CHAIN_OR_RANK2,ONE_LEGAL_MOVE,ITEM_KEY_NONE,NONE,FIXED_HIGH_LEVEL_OPTIONAL,ACTIVE,トーホクは本編で使える低～中レベル基礎種、カントーは高レベル個体・中間進化・隠れ特性探索を担当。
ENCOUNTER_KEY_KANTO_FAMILY_0168,MAP_KEY_KANTO_K27,K27,いわくだき／DexNav,ベガ初回殿堂入り後。認定章数でエリアと中間進化枠を段階解禁。,168,SPECIES_KEY_BALTOY,175,73,80,0,NORMAL,TABLE_KEY_KANTO_K27,KANTO_EARLY_ACCESS,DEXNAV_CHAIN_OR_RANK2,ONE_LEGAL_MOVE,ITEM_KEY_NONE,NONE,FIXED_HIGH_LEVEL_OPTIONAL,ACTIVE,トーホクは本編で使える低～中レベル基礎種、カントーは高レベル個体・中間進化・隠れ特性探索を担当。
ENCOUNTER_KEY_KANTO_FAMILY_0169,MAP_KEY_KANTO_K30,K30,いわくだき／DexNav,ベガ初回殿堂入り後。認定章数でエリアと中間進化枠を段階解禁。,169,SPECIES_KEY_LILEEP,176,80,87,0,NORMAL,TABLE_KEY_KANTO_K30,KANTO_CERT_1,DEXNAV_CHAIN_OR_RANK2,ONE_LEGAL_MOVE,ITEM_KEY_NONE,NONE,FIXED_HIGH_LEVEL_OPTIONAL,ACTIVE,トーホクではベガ既存個体を保護。カントーでは高レベル個体・隠れ特性・タマゴ技探索を担当。
ENCOUNTER_KEY_KANTO_FAMILY_0170,MAP_KEY_KANTO_K45,K45,博物館鑑定後に復元,ベガ初回殿堂入り後。認定章数でエリアと中間進化枠を段階解禁。,170,SPECIES_KEY_ANORITH,177,68,68,8,NORMAL,TABLE_KEY_KANTO_K45,KANTO_EARLY_ACCESS,DEXNAV_CHAIN_OR_RANK2,ONE_LEGAL_MOVE,ITEM_KEY_NONE,NONE,FIXED_HIGH_LEVEL_OPTIONAL,ACTIVE,トーホクは早期の復元、カントーは高個体値・隠れ特性の再復元を担当。
ENCOUNTER_KEY_KANTO_FAMILY_0171,MAP_KEY_KANTO_K36,K36,釣りオーバーレイ,ベガ初回殿堂入り後。認定章数でエリアと中間進化枠を段階解禁。,171,SPECIES_KEY_FEEBAS,178,85,94,10,NORMAL,TABLE_KEY_KANTO_K36,KANTO_CERT_3,DEXNAV_CHAIN_OR_RANK2,ONE_LEGAL_MOVE,ITEM_KEY_NONE,NONE,FIXED_HIGH_LEVEL_OPTIONAL,ACTIVE,トーホクは本編で使える低～中レベル基礎種、カントーは高レベル個体・中間進化・隠れ特性探索を担当。
ENCOUNTER_KEY_KANTO_FAMILY_0172,MAP_KEY_KANTO_K16,K16,草むらオーバーレイ,ベガ初回殿堂入り後。認定章数でエリアと中間進化枠を段階解禁。,172,SPECIES_KEY_CASTFORM,179,81,86,8,NORMAL,TABLE_KEY_KANTO_K16,KANTO_CERT_2,DEXNAV_CHAIN_OR_RANK2,ONE_LEGAL_MOVE,ITEM_KEY_NONE,NONE,FIXED_HIGH_LEVEL_OPTIONAL,ACTIVE,トーホクは本編で使える低～中レベル基礎種、カントーは高レベル個体・中間進化・隠れ特性探索を担当。
ENCOUNTER_KEY_KANTO_FAMILY_0173,MAP_KEY_KANTO_K05,K05,草むらオーバーレイ,ベガ初回殿堂入り後。認定章数でエリアと中間進化枠を段階解禁。,173,SPECIES_KEY_KECLEON,180,74,79,8,NORMAL,TABLE_KEY_KANTO_K05,KANTO_EARLY_ACCESS,DEXNAV_CHAIN_OR_RANK2,ONE_LEGAL_MOVE,ITEM_KEY_NONE,NONE,FIXED_HIGH_LEVEL_OPTIONAL,ACTIVE,トーホクは本編で使える低～中レベル基礎種、カントーは高レベル個体・中間進化・隠れ特性探索を担当。
ENCOUNTER_KEY_KANTO_FAMILY_0174,MAP_KEY_KANTO_K08,K08,夜間オーバーレイ,ベガ初回殿堂入り後。認定章数でエリアと中間進化枠を段階解禁。,174,SPECIES_KEY_SHUPPET,181,79,84,8,NORMAL,TABLE_KEY_KANTO_K08,KANTO_CERT_1,DEXNAV_CHAIN_OR_RANK2,ONE_LEGAL_MOVE,ITEM_KEY_NONE,NONE,FIXED_HIGH_LEVEL_OPTIONAL,ACTIVE,トーホクではベガ既存個体を保護。カントーでは高レベル個体・隠れ特性・タマゴ技探索を担当。
ENCOUNTER_KEY_KANTO_FAMILY_0175,MAP_KEY_KANTO_K08,K08,夜間オーバーレイ,ベガ初回殿堂入り後。認定章数でエリアと中間進化枠を段階解禁。,175,SPECIES_KEY_DUSKULL,182,79,84,8,NORMAL,TABLE_KEY_KANTO_K08,KANTO_CERT_1,DEXNAV_CHAIN_OR_RANK2,ONE_LEGAL_MOVE,ITEM_KEY_NONE,NONE,FIXED_HIGH_LEVEL_OPTIONAL,ACTIVE,トーホクではベガ既存個体を保護。カントーでは高レベル個体・隠れ特性・タマゴ技探索を担当。
ENCOUNTER_KEY_KANTO_FAMILY_0176,MAP_KEY_KANTO_K24,K24,草むらオーバーレイ,ベガ初回殿堂入り後。認定章数でエリアと中間進化枠を段階解禁。,176,SPECIES_KEY_TROPIUS,183,74,79,8,NORMAL,TABLE_KEY_KANTO_K24,KANTO_EARLY_ACCESS,DEXNAV_CHAIN_OR_RANK2,ONE_LEGAL_MOVE,ITEM_KEY_NONE,NONE,FIXED_HIGH_LEVEL_OPTIONAL,ACTIVE,トーホクではベガ既存個体を保護。カントーでは高レベル個体・隠れ特性・タマゴ技探索を担当。
ENCOUNTER_KEY_KANTO_FAMILY_0177,MAP_KEY_KANTO_K08,K08,夜間オーバーレイ,ベガ初回殿堂入り後。認定章数でエリアと中間進化枠を段階解禁。,177,SPECIES_KEY_ABSOL,185,79,84,8,NORMAL,TABLE_KEY_KANTO_K08,KANTO_CERT_1,DEXNAV_CHAIN_OR_RANK2,ONE_LEGAL_MOVE,ITEM_KEY_NONE,NONE,FIXED_HIGH_LEVEL_OPTIONAL,ACTIVE,トーホクではベガ既存個体を保護。カントーでは高レベル個体・隠れ特性・タマゴ技探索を担当。
ENCOUNTER_KEY_KANTO_FAMILY_0178,MAP_KEY_KANTO_K41,K41,DexNav隠し枠／低確率タマゴ,ベガ初回殿堂入り後。認定章数でエリアと中間進化枠を段階解禁。,178,SPECIES_KEY_WYNAUT,100,90,97,0,NORMAL,TABLE_KEY_KANTO_K41,KANTO_CERT_5,DEXNAV_CHAIN_OR_RANK2,ONE_LEGAL_MOVE,ITEM_KEY_NONE,NONE,FIXED_HIGH_LEVEL_OPTIONAL,ACTIVE,トーホクは本編で使える低～中レベル基礎種、カントーは高レベル個体・中間進化・隠れ特性探索を担当。
ENCOUNTER_KEY_KANTO_FAMILY_0179,MAP_KEY_KANTO_K31,K31,夜間オーバーレイ,ベガ初回殿堂入り後。認定章数でエリアと中間進化枠を段階解禁。,179,SPECIES_KEY_SNORUNT,186,82,90,8,NORMAL,TABLE_KEY_KANTO_K31,KANTO_CERT_2,DEXNAV_CHAIN_OR_RANK2,ONE_LEGAL_MOVE,ITEM_KEY_NONE,NONE,FIXED_HIGH_LEVEL_OPTIONAL,ACTIVE,トーホクは本編で使える低～中レベル基礎種、カントーは高レベル個体・中間進化・隠れ特性探索を担当。
ENCOUNTER_KEY_KANTO_FAMILY_0180,MAP_KEY_KANTO_K20,K20,釣りオーバーレイ,ベガ初回殿堂入り後。認定章数でエリアと中間進化枠を段階解禁。,180,SPECIES_KEY_SPHEAL,187,88,93,10,NORMAL,TABLE_KEY_KANTO_K20,KANTO_CERT_4,DEXNAV_CHAIN_OR_RANK2,ONE_LEGAL_MOVE,ITEM_KEY_NONE,NONE,FIXED_HIGH_LEVEL_OPTIONAL,ACTIVE,トーホクではベガ既存個体を保護。カントーでは高レベル個体・隠れ特性・タマゴ技探索を担当。
ENCOUNTER_KEY_KANTO_FAMILY_0181,MAP_KEY_KANTO_K13,K13,水上オーバーレイ,ベガ初回殿堂入り後。認定章数でエリアと中間進化枠を段階解禁。,181,SPECIES_KEY_CLAMPERL,188,83,88,10,NORMAL,TABLE_KEY_KANTO_K13,KANTO_CERT_2,DEXNAV_CHAIN_OR_RANK2,ONE_LEGAL_MOVE,ITEM_KEY_NONE,NONE,FIXED_HIGH_LEVEL_OPTIONAL,ACTIVE,トーホクは本編で使える低～中レベル基礎種、カントーは高レベル個体・中間進化・隠れ特性探索を担当。
ENCOUNTER_KEY_KANTO_FAMILY_0182,MAP_KEY_KANTO_K21,K21,釣りオーバーレイ,ベガ初回殿堂入り後。認定章数でエリアと中間進化枠を段階解禁。,182,SPECIES_KEY_RELICANTH,189,89,94,10,NORMAL,TABLE_KEY_KANTO_K21,KANTO_CERT_4,DEXNAV_CHAIN_OR_RANK2,ONE_LEGAL_MOVE,ITEM_KEY_NONE,NONE,FIXED_HIGH_LEVEL_OPTIONAL,ACTIVE,トーホクではベガ既存個体を保護。カントーでは高レベル個体・隠れ特性・タマゴ技探索を担当。
ENCOUNTER_KEY_KANTO_FAMILY_0183,MAP_KEY_KANTO_K15,K15,釣りオーバーレイ,ベガ初回殿堂入り後。認定章数でエリアと中間進化枠を段階解禁。,183,SPECIES_KEY_LUVDISC,190,85,90,10,NORMAL,TABLE_KEY_KANTO_K15,KANTO_CERT_3,DEXNAV_CHAIN_OR_RANK2,ONE_LEGAL_MOVE,ITEM_KEY_NONE,NONE,FIXED_HIGH_LEVEL_OPTIONAL,ACTIVE,トーホクではベガ既存個体を保護。カントーでは高レベル個体・隠れ特性・タマゴ技探索を担当。
ENCOUNTER_KEY_KANTO_FAMILY_0184,MAP_KEY_KANTO_K23,K23,DexNav隠し枠,ベガ初回殿堂入り後。認定章数でエリアと中間進化枠を段階解禁。,184,SPECIES_KEY_BAGON,191,92,98,0,NORMAL,TABLE_KEY_KANTO_K23,KANTO_CERT_5,DEXNAV_CHAIN_OR_RANK2,ONE_LEGAL_MOVE,ITEM_KEY_NONE,NONE,FIXED_HIGH_LEVEL_OPTIONAL,ACTIVE,トーホクは本編で使える低～中レベル基礎種、カントーは高レベル個体・中間進化・隠れ特性探索を担当。
ENCOUNTER_KEY_KANTO_FAMILY_0185,MAP_KEY_KANTO_K43,K43,DexNav隠し枠,ベガ初回殿堂入り後。認定章数でエリアと中間進化枠を段階解禁。,185,SPECIES_KEY_BELDUM,192,95,100,0,NORMAL,TABLE_KEY_KANTO_K43,KANTO_CERT_6,DEXNAV_CHAIN_OR_RANK2,ONE_LEGAL_MOVE,ITEM_KEY_NONE,NONE,FIXED_HIGH_LEVEL_OPTIONAL,ACTIVE,トーホクではベガ既存個体を保護。カントーでは高レベル個体・隠れ特性・タマゴ技探索を担当。
ENCOUNTER_KEY_KANTO_FAMILY_0186,MAP_KEY_KANTO_K43,K43,SIMPLE_EVENT,殿堂入り＋点字石板3枚＋主地方の捕獲フラグ共有,186,SPECIES_KEY_REGIROCK,193,95,100,0,EVENT,TABLE_KEY_KANTO_K43,KANTO_LEAGUE_CLEAR,SHARED_ONCE,ONE_LEGAL_MOVE,ITEM_KEY_NONE,SHARED_CAPTURE_KEY_NATIONAL_0377,FIXED_HIGH_LEVEL_OPTIONAL,ACTIVE,主地方で1個体だけ捕獲し、副地方では手掛かり・共鳴戦・専用素材を扱う。捕獲済みフラグは両地方で共有し、重複個体を与えない。
ENCOUNTER_KEY_KANTO_FAMILY_0187,MAP_KEY_KANTO_K43,K43,SIMPLE_EVENT,殿堂入り＋点字石板3枚＋主地方の捕獲フラグ共有,187,SPECIES_KEY_REGICE,194,95,100,0,EVENT,TABLE_KEY_KANTO_K43,KANTO_LEAGUE_CLEAR,SHARED_ONCE,ONE_LEGAL_MOVE,ITEM_KEY_NONE,SHARED_CAPTURE_KEY_NATIONAL_0378,FIXED_HIGH_LEVEL_OPTIONAL,ACTIVE,主地方で1個体だけ捕獲し、副地方では手掛かり・共鳴戦・専用素材を扱う。捕獲済みフラグは両地方で共有し、重複個体を与えない。
ENCOUNTER_KEY_KANTO_FAMILY_0188,MAP_KEY_KANTO_K43,K43,SIMPLE_EVENT,殿堂入り＋点字石板3枚＋主地方の捕獲フラグ共有,188,SPECIES_KEY_REGISTEEL,195,95,100,0,EVENT,TABLE_KEY_KANTO_K43,KANTO_LEAGUE_CLEAR,SHARED_ONCE,ONE_LEGAL_MOVE,ITEM_KEY_NONE,SHARED_CAPTURE_KEY_NATIONAL_0379,FIXED_HIGH_LEVEL_OPTIONAL,ACTIVE,主地方で1個体だけ捕獲し、副地方では手掛かり・共鳴戦・専用素材を扱う。捕獲済みフラグは両地方で共有し、重複個体を与えない。
ENCOUNTER_KEY_KANTO_FAMILY_0189,MAP_KEY_KANTO_K43,K43,SIMPLE_EVENT,既存条件＋主地方の捕獲フラグ共有,189,SPECIES_KEY_LATIAS,196,95,100,0,EVENT,TABLE_KEY_KANTO_K43,KANTO_LEAGUE_CLEAR,SHARED_ONCE,ONE_LEGAL_MOVE,ITEM_KEY_NONE,SHARED_CAPTURE_KEY_NATIONAL_0380,FIXED_HIGH_LEVEL_OPTIONAL,ACTIVE,主地方で1個体だけ捕獲し、副地方では手掛かり・共鳴戦・専用素材を扱う。捕獲済みフラグは両地方で共有し、重複個体を与えない。
ENCOUNTER_KEY_KANTO_FAMILY_0190,MAP_KEY_KANTO_K43,K43,SIMPLE_EVENT,既存条件＋主地方の捕獲フラグ共有,190,SPECIES_KEY_LATIOS,197,95,100,0,EVENT,TABLE_KEY_KANTO_K43,KANTO_LEAGUE_CLEAR,SHARED_ONCE,ONE_LEGAL_MOVE,ITEM_KEY_NONE,SHARED_CAPTURE_KEY_NATIONAL_0381,FIXED_HIGH_LEVEL_OPTIONAL,ACTIVE,主地方で1個体だけ捕獲し、副地方では手掛かり・共鳴戦・専用素材を扱う。捕獲済みフラグは両地方で共有し、重複個体を与えない。
ENCOUNTER_KEY_KANTO_FAMILY_0191,MAP_KEY_KANTO_K43,K43,SIMPLE_EVENT,殿堂入り＋各島の環境調査＋主地方の捕獲フラグ共有,191,SPECIES_KEY_KYOGRE,198,95,100,0,EVENT,TABLE_KEY_KANTO_K43,KANTO_LEAGUE_CLEAR,SHARED_ONCE,ONE_LEGAL_MOVE,ITEM_KEY_NONE,SHARED_CAPTURE_KEY_NATIONAL_0382,FIXED_HIGH_LEVEL_OPTIONAL,ACTIVE,主地方で1個体だけ捕獲し、副地方では手掛かり・共鳴戦・専用素材を扱う。捕獲済みフラグは両地方で共有し、重複個体を与えない。
ENCOUNTER_KEY_KANTO_FAMILY_0192,MAP_KEY_KANTO_K43,K43,SIMPLE_EVENT,殿堂入り＋各島の環境調査＋主地方の捕獲フラグ共有,192,SPECIES_KEY_GROUDON,199,95,100,0,EVENT,TABLE_KEY_KANTO_K43,KANTO_LEAGUE_CLEAR,SHARED_ONCE,ONE_LEGAL_MOVE,ITEM_KEY_NONE,SHARED_CAPTURE_KEY_NATIONAL_0383,FIXED_HIGH_LEVEL_OPTIONAL,ACTIVE,主地方で1個体だけ捕獲し、副地方では手掛かり・共鳴戦・専用素材を扱う。捕獲済みフラグは両地方で共有し、重複個体を与えない。
ENCOUNTER_KEY_KANTO_FAMILY_0193,MAP_KEY_KANTO_K43,K43,SIMPLE_EVENT,殿堂入り＋各島の環境調査＋主地方の捕獲フラグ共有,193,SPECIES_KEY_RAYQUAZA,200,95,100,0,EVENT,TABLE_KEY_KANTO_K43,KANTO_LEAGUE_CLEAR,SHARED_ONCE,ONE_LEGAL_MOVE,ITEM_KEY_NONE,SHARED_CAPTURE_KEY_NATIONAL_0384,FIXED_HIGH_LEVEL_OPTIONAL,ACTIVE,主地方で1個体だけ捕獲し、副地方では手掛かり・共鳴戦・専用素材を扱う。捕獲済みフラグは両地方で共有し、重複個体を与えない。
ENCOUNTER_KEY_KANTO_FAMILY_0194,MAP_KEY_KANTO_K43,K43,SIMPLE_EVENT,殿堂入り＋ほしのかけら7個＋主地方の捕獲フラグ共有,194,SPECIES_KEY_JIRACHI,201,95,100,0,EVENT,TABLE_KEY_KANTO_K43,KANTO_LEAGUE_CLEAR,SHARED_ONCE,ONE_LEGAL_MOVE,ITEM_KEY_NONE,SHARED_CAPTURE_KEY_NATIONAL_0385,FIXED_HIGH_LEVEL_OPTIONAL,ACTIVE,主地方で1個体だけ捕獲し、副地方では手掛かり・共鳴戦・専用素材を扱う。捕獲済みフラグは両地方で共有し、重複個体を与えない。
ENCOUNTER_KEY_KANTO_FAMILY_0195,MAP_KEY_KANTO_K43,K43,SIMPLE_EVENT,殿堂入り＋いんせき入手＋主地方の捕獲フラグ共有,195,SPECIES_KEY_DEOXYS,202,95,100,0,EVENT,TABLE_KEY_KANTO_K43,KANTO_LEAGUE_CLEAR,SHARED_ONCE,ONE_LEGAL_MOVE,ITEM_KEY_NONE,SHARED_CAPTURE_KEY_NATIONAL_0386,FIXED_HIGH_LEVEL_OPTIONAL,ACTIVE,主地方で1個体だけ捕獲し、副地方では手掛かり・共鳴戦・専用素材を扱う。捕獲済みフラグは両地方で共有し、重複個体を与えない。
ENCOUNTER_KEY_KANTO_FAMILY_0196,MAP_KEY_KANTO_K47,K47,オーキド研究所の生態交換タマゴ,ベガ初回殿堂入り後。認定章数でエリアと中間進化枠を段階解禁。,196,SPECIES_KEY_TURTWIG,203,68,68,2,NORMAL,TABLE_KEY_KANTO_K47,KANTO_EARLY_ACCESS,DEXNAV_CHAIN_OR_RANK2,ONE_LEGAL_MOVE,ITEM_KEY_NONE,NONE,FIXED_HIGH_LEVEL_OPTIONAL,ACTIVE,御三家を野生化せず、両地方の研究所を巡る収集導線にする。
ENCOUNTER_KEY_KANTO_FAMILY_0197,MAP_KEY_KANTO_K47,K47,オーキド研究所の生態交換タマゴ,ベガ初回殿堂入り後。認定章数でエリアと中間進化枠を段階解禁。,197,SPECIES_KEY_CHIMCHAR,204,68,68,2,NORMAL,TABLE_KEY_KANTO_K47,KANTO_EARLY_ACCESS,DEXNAV_CHAIN_OR_RANK2,ONE_LEGAL_MOVE,ITEM_KEY_NONE,NONE,FIXED_HIGH_LEVEL_OPTIONAL,ACTIVE,御三家を野生化せず、両地方の研究所を巡る収集導線にする。
ENCOUNTER_KEY_KANTO_FAMILY_0198,MAP_KEY_KANTO_K47,K47,オーキド研究所の生態交換タマゴ,ベガ初回殿堂入り後。認定章数でエリアと中間進化枠を段階解禁。,198,SPECIES_KEY_PIPLUP,205,68,68,2,NORMAL,TABLE_KEY_KANTO_K47,KANTO_EARLY_ACCESS,DEXNAV_CHAIN_OR_RANK2,ONE_LEGAL_MOVE,ITEM_KEY_NONE,NONE,FIXED_HIGH_LEVEL_OPTIONAL,ACTIVE,御三家を野生化せず、両地方の研究所を巡る収集導線にする。
ENCOUNTER_KEY_KANTO_FAMILY_0199,MAP_KEY_KANTO_K04,K04,草むらオーバーレイ,ベガ初回殿堂入り後。認定章数でエリアと中間進化枠を段階解禁。,199,SPECIES_KEY_STARLY,206,72,77,8,NORMAL,TABLE_KEY_KANTO_K04,KANTO_EARLY_ACCESS,DEXNAV_CHAIN_OR_RANK2,ONE_LEGAL_MOVE,ITEM_KEY_NONE,NONE,FIXED_HIGH_LEVEL_OPTIONAL,ACTIVE,トーホクは本編で使える低～中レベル基礎種、カントーは高レベル個体・中間進化・隠れ特性探索を担当。
ENCOUNTER_KEY_KANTO_FAMILY_0200,MAP_KEY_KANTO_K06,K06,釣りオーバーレイ,ベガ初回殿堂入り後。認定章数でエリアと中間進化枠を段階解禁。,200,SPECIES_KEY_BIDOOF,207,75,80,10,NORMAL,TABLE_KEY_KANTO_K06,KANTO_EARLY_ACCESS,DEXNAV_CHAIN_OR_RANK2,ONE_LEGAL_MOVE,ITEM_KEY_NONE,NONE,FIXED_HIGH_LEVEL_OPTIONAL,ACTIVE,トーホクは本編で使える低～中レベル基礎種、カントーは高レベル個体・中間進化・隠れ特性探索を担当。
ENCOUNTER_KEY_KANTO_FAMILY_0201,MAP_KEY_KANTO_K35,K35,ずつき／朝昼オーバーレイ,ベガ初回殿堂入り後。認定章数でエリアと中間進化枠を段階解禁。,201,SPECIES_KEY_KRICKETOT,208,85,94,8,NORMAL,TABLE_KEY_KANTO_K35,KANTO_CERT_3,DEXNAV_CHAIN_OR_RANK2,ONE_LEGAL_MOVE,ITEM_KEY_NONE,NONE,FIXED_HIGH_LEVEL_OPTIONAL,ACTIVE,トーホクは本編で使える低～中レベル基礎種、カントーは高レベル個体・中間進化・隠れ特性探索を担当。
ENCOUNTER_KEY_KANTO_FAMILY_0202,MAP_KEY_KANTO_K40,K40,洞窟・屋内オーバーレイ,ベガ初回殿堂入り後。認定章数でエリアと中間進化枠を段階解禁。,202,SPECIES_KEY_SHINX,209,82,94,8,NORMAL,TABLE_KEY_KANTO_K40,KANTO_CERT_2,DEXNAV_CHAIN_OR_RANK2,ONE_LEGAL_MOVE,ITEM_KEY_NONE,NONE,FIXED_HIGH_LEVEL_OPTIONAL,ACTIVE,トーホクは本編で使える低～中レベル基礎種、カントーは高レベル個体・中間進化・隠れ特性探索を担当。
ENCOUNTER_KEY_KANTO_FAMILY_0203,MAP_KEY_KANTO_K33,K33,DexNav隠し枠／低確率タマゴ,ベガ初回殿堂入り後。認定章数でエリアと中間進化枠を段階解禁。,203,SPECIES_KEY_BUDEW,158,82,90,0,NORMAL,TABLE_KEY_KANTO_K33,KANTO_CERT_2,DEXNAV_CHAIN_OR_RANK2,ONE_LEGAL_MOVE,ITEM_KEY_NONE,NONE,FIXED_HIGH_LEVEL_OPTIONAL,ACTIVE,トーホクは本編で使える低～中レベル基礎種、カントーは高レベル個体・中間進化・隠れ特性探索を担当。
ENCOUNTER_KEY_KANTO_FAMILY_0204,MAP_KEY_KANTO_K44,K44,博物館鑑定後に復元,ベガ初回殿堂入り後。認定章数でエリアと中間進化枠を段階解禁。,204,SPECIES_KEY_CRANIDOS,211,68,68,8,NORMAL,TABLE_KEY_KANTO_K44,KANTO_EARLY_ACCESS,DEXNAV_CHAIN_OR_RANK2,ONE_LEGAL_MOVE,ITEM_KEY_NONE,NONE,FIXED_HIGH_LEVEL_OPTIONAL,ACTIVE,トーホクは早期の復元、カントーは高個体値・隠れ特性の再復元を担当。
ENCOUNTER_KEY_KANTO_FAMILY_0205,MAP_KEY_KANTO_K45,K45,博物館鑑定後に復元,ベガ初回殿堂入り後。認定章数でエリアと中間進化枠を段階解禁。,205,SPECIES_KEY_SHIELDON,212,68,68,8,NORMAL,TABLE_KEY_KANTO_K45,KANTO_EARLY_ACCESS,DEXNAV_CHAIN_OR_RANK2,ONE_LEGAL_MOVE,ITEM_KEY_NONE,NONE,FIXED_HIGH_LEVEL_OPTIONAL,ACTIVE,トーホクは早期の復元、カントーは高個体値・隠れ特性の再復元を担当。
ENCOUNTER_KEY_KANTO_FAMILY_0206,MAP_KEY_KANTO_K02,K02,ずつき／朝昼オーバーレイ,ベガ初回殿堂入り後。認定章数でエリアと中間進化枠を段階解禁。,206,SPECIES_KEY_BURMY,213,69,73,8,NORMAL,TABLE_KEY_KANTO_K02,KANTO_EARLY_ACCESS,DEXNAV_CHAIN_OR_RANK2,ONE_LEGAL_MOVE,ITEM_KEY_NONE,NONE,FIXED_HIGH_LEVEL_OPTIONAL,ACTIVE,トーホクは本編で使える低～中レベル基礎種、カントーは高レベル個体・中間進化・隠れ特性探索を担当。
ENCOUNTER_KEY_KANTO_FAMILY_0207,MAP_KEY_KANTO_K02,K02,ずつき／朝昼オーバーレイ,ベガ初回殿堂入り後。認定章数でエリアと中間進化枠を段階解禁。,207,SPECIES_KEY_COMBEE,214,69,73,8,NORMAL,TABLE_KEY_KANTO_K02,KANTO_EARLY_ACCESS,DEXNAV_CHAIN_OR_RANK2,ONE_LEGAL_MOVE,ITEM_KEY_NONE,NONE,FIXED_HIGH_LEVEL_OPTIONAL,ACTIVE,トーホクは本編で使える低～中レベル基礎種、カントーは高レベル個体・中間進化・隠れ特性探索を担当。
ENCOUNTER_KEY_KANTO_FAMILY_0208,MAP_KEY_KANTO_K10,K10,草むらオーバーレイ,ベガ初回殿堂入り後。認定章数でエリアと中間進化枠を段階解禁。,208,SPECIES_KEY_PACHIRISU,215,78,84,8,NORMAL,TABLE_KEY_KANTO_K10,KANTO_CERT_1,DEXNAV_CHAIN_OR_RANK2,ONE_LEGAL_MOVE,ITEM_KEY_NONE,NONE,FIXED_HIGH_LEVEL_OPTIONAL,ACTIVE,トーホクではベガ既存個体を保護。カントーでは高レベル個体・隠れ特性・タマゴ技探索を担当。
ENCOUNTER_KEY_KANTO_FAMILY_0209,MAP_KEY_KANTO_K15,K15,釣りオーバーレイ,ベガ初回殿堂入り後。認定章数でエリアと中間進化枠を段階解禁。,209,SPECIES_KEY_BUIZEL,216,85,90,10,NORMAL,TABLE_KEY_KANTO_K15,KANTO_CERT_3,DEXNAV_CHAIN_OR_RANK2,ONE_LEGAL_MOVE,ITEM_KEY_NONE,NONE,FIXED_HIGH_LEVEL_OPTIONAL,ACTIVE,トーホクではベガ既存個体を保護。カントーでは高レベル個体・隠れ特性・タマゴ技探索を担当。
ENCOUNTER_KEY_KANTO_FAMILY_0210,MAP_KEY_KANTO_K34,K34,草むらオーバーレイ,ベガ初回殿堂入り後。認定章数でエリアと中間進化枠を段階解禁。,210,SPECIES_KEY_CHERUBI,217,85,94,8,NORMAL,TABLE_KEY_KANTO_K34,KANTO_CERT_3,DEXNAV_CHAIN_OR_RANK2,ONE_LEGAL_MOVE,ITEM_KEY_NONE,NONE,FIXED_HIGH_LEVEL_OPTIONAL,ACTIVE,トーホクは本編で使える低～中レベル基礎種、カントーは高レベル個体・中間進化・隠れ特性探索を担当。
ENCOUNTER_KEY_KANTO_FAMILY_0211,MAP_KEY_KANTO_K21,K21,水上オーバーレイ,ベガ初回殿堂入り後。認定章数でエリアと中間進化枠を段階解禁。,211,SPECIES_KEY_SHELLOS,218,89,94,10,NORMAL,TABLE_KEY_KANTO_K21,KANTO_CERT_4,DEXNAV_CHAIN_OR_RANK2,ONE_LEGAL_MOVE,ITEM_KEY_NONE,NONE,FIXED_HIGH_LEVEL_OPTIONAL,ACTIVE,トーホクは本編で使える低～中レベル基礎種、カントーは高レベル個体・中間進化・隠れ特性探索を担当。
ENCOUNTER_KEY_KANTO_FAMILY_0212,MAP_KEY_KANTO_K08,K08,夜間オーバーレイ,ベガ初回殿堂入り後。認定章数でエリアと中間進化枠を段階解禁。,212,SPECIES_KEY_DRIFLOON,219,79,84,8,NORMAL,TABLE_KEY_KANTO_K08,KANTO_CERT_1,DEXNAV_CHAIN_OR_RANK2,ONE_LEGAL_MOVE,ITEM_KEY_NONE,NONE,FIXED_HIGH_LEVEL_OPTIONAL,ACTIVE,トーホクは本編で使える低～中レベル基礎種、カントーは高レベル個体・中間進化・隠れ特性探索を担当。
ENCOUNTER_KEY_KANTO_FAMILY_0213,MAP_KEY_KANTO_K14,K14,大量発生,ベガ初回殿堂入り後。認定章数でエリアと中間進化枠を段階解禁。,213,SPECIES_KEY_BUNEARY,220,84,89,0,NORMAL,TABLE_KEY_KANTO_K14,KANTO_CERT_3,DEXNAV_CHAIN_OR_RANK2,ONE_LEGAL_MOVE,ITEM_KEY_NONE,NONE,FIXED_HIGH_LEVEL_OPTIONAL,ACTIVE,トーホクは本編で使える低～中レベル基礎種、カントーは高レベル個体・中間進化・隠れ特性探索を担当。
ENCOUNTER_KEY_KANTO_FAMILY_0214,MAP_KEY_KANTO_K05,K05,草むらオーバーレイ,ベガ初回殿堂入り後。認定章数でエリアと中間進化枠を段階解禁。,214,SPECIES_KEY_GLAMEOW,221,74,79,8,NORMAL,TABLE_KEY_KANTO_K05,KANTO_EARLY_ACCESS,DEXNAV_CHAIN_OR_RANK2,ONE_LEGAL_MOVE,ITEM_KEY_NONE,NONE,FIXED_HIGH_LEVEL_OPTIONAL,ACTIVE,トーホクは本編で使える低～中レベル基礎種、カントーは高レベル個体・中間進化・隠れ特性探索を担当。
ENCOUNTER_KEY_KANTO_FAMILY_0215,MAP_KEY_KANTO_K41,K41,DexNav隠し枠／低確率タマゴ,ベガ初回殿堂入り後。認定章数でエリアと中間進化枠を段階解禁。,215,SPECIES_KEY_CHINGLING,184,90,97,0,NORMAL,TABLE_KEY_KANTO_K41,KANTO_CERT_5,DEXNAV_CHAIN_OR_RANK2,ONE_LEGAL_MOVE,ITEM_KEY_NONE,NONE,FIXED_HIGH_LEVEL_OPTIONAL,ACTIVE,トーホクは本編で使える低～中レベル基礎種、カントーは高レベル個体・中間進化・隠れ特性探索を担当。
ENCOUNTER_KEY_KANTO_FAMILY_0216,MAP_KEY_KANTO_K32,K32,夜間オーバーレイ,ベガ初回殿堂入り後。認定章数でエリアと中間進化枠を段階解禁。,216,SPECIES_KEY_STUNKY,223,83,91,8,NORMAL,TABLE_KEY_KANTO_K32,KANTO_CERT_2,DEXNAV_CHAIN_OR_RANK2,ONE_LEGAL_MOVE,ITEM_KEY_NONE,NONE,FIXED_HIGH_LEVEL_OPTIONAL,ACTIVE,トーホクは本編で使える低～中レベル基礎種、カントーは高レベル個体・中間進化・隠れ特性探索を担当。
ENCOUNTER_KEY_KANTO_FAMILY_0217,MAP_KEY_KANTO_K27,K27,いわくだき／DexNav,ベガ初回殿堂入り後。認定章数でエリアと中間進化枠を段階解禁。,217,SPECIES_KEY_BRONZOR,224,73,80,0,NORMAL,TABLE_KEY_KANTO_K27,KANTO_EARLY_ACCESS,DEXNAV_CHAIN_OR_RANK2,ONE_LEGAL_MOVE,ITEM_KEY_NONE,NONE,FIXED_HIGH_LEVEL_OPTIONAL,ACTIVE,トーホクは本編で使える低～中レベル基礎種、カントーは高レベル個体・中間進化・隠れ特性探索を担当。
ENCOUNTER_KEY_KANTO_FAMILY_0218,MAP_KEY_KANTO_K30,K30,DexNav隠し枠／低確率タマゴ,ベガ初回殿堂入り後。認定章数でエリアと中間進化枠を段階解禁。,218,SPECIES_KEY_BONSLY,91,80,87,0,NORMAL,TABLE_KEY_KANTO_K30,KANTO_CERT_1,DEXNAV_CHAIN_OR_RANK2,ONE_LEGAL_MOVE,ITEM_KEY_NONE,NONE,FIXED_HIGH_LEVEL_OPTIONAL,ACTIVE,トーホクは本編で使える低～中レベル基礎種、カントーは高レベル個体・中間進化・隠れ特性探索を担当。
ENCOUNTER_KEY_KANTO_FAMILY_0219,MAP_KEY_KANTO_K41,K41,DexNav隠し枠／低確率タマゴ,ベガ初回殿堂入り後。認定章数でエリアと中間進化枠を段階解禁。,219,SPECIES_KEY_MIME_JR,57,90,97,0,NORMAL,TABLE_KEY_KANTO_K41,KANTO_CERT_5,DEXNAV_CHAIN_OR_RANK2,ONE_LEGAL_MOVE,ITEM_KEY_NONE,NONE,FIXED_HIGH_LEVEL_OPTIONAL,ACTIVE,トーホクは本編で使える低～中レベル基礎種、カントーは高レベル個体・中間進化・隠れ特性探索を担当。
ENCOUNTER_KEY_KANTO_FAMILY_0220,MAP_KEY_KANTO_K37,K37,DexNav隠し枠／低確率タマゴ,ベガ初回殿堂入り後。認定章数でエリアと中間進化枠を段階解禁。,220,SPECIES_KEY_HAPPINY,51,85,94,0,NORMAL,TABLE_KEY_KANTO_K37,KANTO_CERT_3,DEXNAV_CHAIN_OR_RANK2,ONE_LEGAL_MOVE,ITEM_KEY_NONE,NONE,FIXED_HIGH_LEVEL_OPTIONAL,ACTIVE,トーホクではベガ既存個体を保護。カントーでは高レベル個体・隠れ特性・タマゴ技探索を担当。
ENCOUNTER_KEY_KANTO_FAMILY_0221,MAP_KEY_KANTO_K25,K25,草むらオーバーレイ,ベガ初回殿堂入り後。認定章数でエリアと中間進化枠を段階解禁。,221,SPECIES_KEY_CHATOT,228,75,80,8,NORMAL,TABLE_KEY_KANTO_K25,KANTO_EARLY_ACCESS,DEXNAV_CHAIN_OR_RANK2,ONE_LEGAL_MOVE,ITEM_KEY_NONE,NONE,FIXED_HIGH_LEVEL_OPTIONAL,ACTIVE,トーホクではベガ既存個体を保護。カントーでは高レベル個体・隠れ特性・タマゴ技探索を担当。
ENCOUNTER_KEY_KANTO_FAMILY_0222,MAP_KEY_KANTO_K08,K08,夜間オーバーレイ,ベガ初回殿堂入り後。認定章数でエリアと中間進化枠を段階解禁。,222,SPECIES_KEY_SPIRITOMB,229,79,84,8,NORMAL,TABLE_KEY_KANTO_K08,KANTO_CERT_1,DEXNAV_CHAIN_OR_RANK2,ONE_LEGAL_MOVE,ITEM_KEY_NONE,NONE,FIXED_HIGH_LEVEL_OPTIONAL,ACTIVE,トーホクは本編で使える低～中レベル基礎種、カントーは高レベル個体・中間進化・隠れ特性探索を担当。
ENCOUNTER_KEY_KANTO_FAMILY_0223,MAP_KEY_KANTO_LEAGUE,K42,DexNav隠し枠,ベガ初回殿堂入り後。認定章数でエリアと中間進化枠を段階解禁。,223,SPECIES_KEY_GIBLE,230,94,100,0,NORMAL,TABLE_KEY_KANTO_K42,KANTO_LEAGUE,DEXNAV_CHAIN_OR_RANK2,ONE_LEGAL_MOVE,ITEM_KEY_NONE,NONE,FIXED_HIGH_LEVEL_OPTIONAL,ACTIVE,トーホクではベガ既存個体を保護。カントーでは高レベル個体・隠れ特性・タマゴ技探索を担当。
ENCOUNTER_KEY_KANTO_FAMILY_0224,MAP_KEY_KANTO_K12,K12,DexNav隠し枠／低確率タマゴ,ベガ初回殿堂入り後。認定章数でエリアと中間進化枠を段階解禁。,224,SPECIES_KEY_MUNCHLAX,72,82,87,0,NORMAL,TABLE_KEY_KANTO_K12,KANTO_CERT_2,DEXNAV_CHAIN_OR_RANK2,ONE_LEGAL_MOVE,ITEM_KEY_NONE,NONE,FIXED_HIGH_LEVEL_OPTIONAL,ACTIVE,トーホクは本編で使える低～中レベル基礎種、カントーは高レベル個体・中間進化・隠れ特性探索を担当。
ENCOUNTER_KEY_KANTO_FAMILY_0225,MAP_KEY_KANTO_LEAGUE,K42,DexNav隠し枠／低確率タマゴ,ベガ初回殿堂入り後。認定章数でエリアと中間進化枠を段階解禁。,225,SPECIES_KEY_RIOLU,232,94,100,0,NORMAL,TABLE_KEY_KANTO_K42,KANTO_LEAGUE,DEXNAV_CHAIN_OR_RANK2,ONE_LEGAL_MOVE,ITEM_KEY_NONE,NONE,FIXED_HIGH_LEVEL_OPTIONAL,ACTIVE,トーホクではベガ既存個体を保護。カントーでは高レベル個体・隠れ特性・タマゴ技探索を担当。
ENCOUNTER_KEY_KANTO_FAMILY_0226,MAP_KEY_KANTO_K30,K30,いわくだき／DexNav,ベガ初回殿堂入り後。認定章数でエリアと中間進化枠を段階解禁。,226,SPECIES_KEY_HIPPOPOTAS,233,80,87,0,NORMAL,TABLE_KEY_KANTO_K30,KANTO_CERT_1,DEXNAV_CHAIN_OR_RANK2,ONE_LEGAL_MOVE,ITEM_KEY_NONE,NONE,FIXED_HIGH_LEVEL_OPTIONAL,ACTIVE,トーホクは本編で使える低～中レベル基礎種、カントーは高レベル個体・中間進化・隠れ特性探索を担当。
ENCOUNTER_KEY_KANTO_FAMILY_0227,MAP_KEY_KANTO_VIRIDIAN_FOREST,K26,夜間オーバーレイ,ベガ初回殿堂入り後。認定章数でエリアと中間進化枠を段階解禁。,227,SPECIES_KEY_SKORUPI,234,70,76,8,NORMAL,TABLE_KEY_KANTO_K26,KANTO_EARLY_ACCESS,DEXNAV_CHAIN_OR_RANK2,ONE_LEGAL_MOVE,ITEM_KEY_NONE,NONE,FIXED_HIGH_LEVEL_OPTIONAL,ACTIVE,トーホクではベガ既存個体を保護。カントーでは高レベル個体・隠れ特性・タマゴ技探索を担当。
ENCOUNTER_KEY_KANTO_FAMILY_0228,MAP_KEY_KANTO_K06,K06,草むらオーバーレイ,ベガ初回殿堂入り後。認定章数でエリアと中間進化枠を段階解禁。,228,SPECIES_KEY_CROAGUNK,235,75,80,8,NORMAL,TABLE_KEY_KANTO_K06,KANTO_EARLY_ACCESS,DEXNAV_CHAIN_OR_RANK2,ONE_LEGAL_MOVE,ITEM_KEY_NONE,NONE,FIXED_HIGH_LEVEL_OPTIONAL,ACTIVE,トーホクは本編で使える低～中レベル基礎種、カントーは高レベル個体・中間進化・隠れ特性探索を担当。
ENCOUNTER_KEY_KANTO_FAMILY_0229,MAP_KEY_KANTO_K35,K35,ずつき／朝昼オーバーレイ,ベガ初回殿堂入り後。認定章数でエリアと中間進化枠を段階解禁。,229,SPECIES_KEY_CARNIVINE,236,85,94,8,NORMAL,TABLE_KEY_KANTO_K35,KANTO_CERT_3,DEXNAV_CHAIN_OR_RANK2,ONE_LEGAL_MOVE,ITEM_KEY_NONE,NONE,FIXED_HIGH_LEVEL_OPTIONAL,ACTIVE,トーホクではベガ既存個体を保護。カントーでは高レベル個体・隠れ特性・タマゴ技探索を担当。
ENCOUNTER_KEY_KANTO_FAMILY_0230,MAP_KEY_KANTO_K13,K13,釣りオーバーレイ,ベガ初回殿堂入り後。認定章数でエリアと中間進化枠を段階解禁。,230,SPECIES_KEY_FINNEON,237,83,88,10,NORMAL,TABLE_KEY_KANTO_K13,KANTO_CERT_2,DEXNAV_CHAIN_OR_RANK2,ONE_LEGAL_MOVE,ITEM_KEY_NONE,NONE,FIXED_HIGH_LEVEL_OPTIONAL,ACTIVE,トーホクは本編で使える低～中レベル基礎種、カントーは高レベル個体・中間進化・隠れ特性探索を担当。
ENCOUNTER_KEY_KANTO_FAMILY_0231,MAP_KEY_KANTO_K11,K11,DexNav隠し枠／低確率タマゴ,ベガ初回殿堂入り後。認定章数でエリアと中間進化枠を段階解禁。,231,SPECIES_KEY_MANTYKE,116,76,82,0,NORMAL,TABLE_KEY_KANTO_K11,KANTO_EARLY_ACCESS,DEXNAV_CHAIN_OR_RANK2,ONE_LEGAL_MOVE,ITEM_KEY_NONE,NONE,FIXED_HIGH_LEVEL_OPTIONAL,ACTIVE,トーホクは本編で使える低～中レベル基礎種、カントーは高レベル個体・中間進化・隠れ特性探索を担当。
ENCOUNTER_KEY_KANTO_FAMILY_0232,MAP_KEY_KANTO_K24,K24,草むらオーバーレイ,ベガ初回殿堂入り後。認定章数でエリアと中間進化枠を段階解禁。,232,SPECIES_KEY_SNOVER,239,74,79,8,NORMAL,TABLE_KEY_KANTO_K24,KANTO_EARLY_ACCESS,DEXNAV_CHAIN_OR_RANK2,ONE_LEGAL_MOVE,ITEM_KEY_NONE,NONE,FIXED_HIGH_LEVEL_OPTIONAL,ACTIVE,トーホクではベガ既存個体を保護。カントーでは高レベル個体・隠れ特性・タマゴ技探索を担当。
ENCOUNTER_KEY_KANTO_FAMILY_0233,MAP_KEY_KANTO_K39,K39,夜間オーバーレイ,ベガ初回殿堂入り後。認定章数でエリアと中間進化枠を段階解禁。,233,SPECIES_KEY_ROTOM,240,91,98,8,NORMAL,TABLE_KEY_KANTO_K39,KANTO_CERT_5,DEXNAV_CHAIN_OR_RANK2,ONE_LEGAL_MOVE,ITEM_KEY_NONE,NONE,FIXED_HIGH_LEVEL_OPTIONAL,ACTIVE,トーホクは本編で使える低～中レベル基礎種、カントーは高レベル個体・中間進化・隠れ特性探索を担当。
ENCOUNTER_KEY_KANTO_FAMILY_0234,MAP_KEY_KANTO_K43,K43,SIMPLE_EVENT,殿堂入り＋三湖の調査,234,SPECIES_KEY_UXIE,241,75,75,0,EVENT,TABLE_KEY_KANTO_K43,KANTO_LEAGUE_CLEAR,SHARED_ONCE,ONE_LEGAL_MOVE,ITEM_KEY_NONE,SHARED_CAPTURE_KEY_NATIONAL_0480,FIXED_HIGH_LEVEL_OPTIONAL,ACTIVE,主地方で1個体だけ捕獲し、副地方では手掛かり・共鳴戦・専用素材を扱う。捕獲済みフラグは両地方で共有し、重複個体を与えない。
ENCOUNTER_KEY_KANTO_FAMILY_0235,MAP_KEY_KANTO_K43,K43,SIMPLE_EVENT,殿堂入り＋三湖の調査＋主地方の捕獲フラグ共有,235,SPECIES_KEY_MESPRIT,242,95,100,0,EVENT,TABLE_KEY_KANTO_K43,KANTO_LEAGUE_CLEAR,SHARED_ONCE,ONE_LEGAL_MOVE,ITEM_KEY_NONE,SHARED_CAPTURE_KEY_NATIONAL_0481,FIXED_HIGH_LEVEL_OPTIONAL,ACTIVE,主地方で1個体だけ捕獲し、副地方では手掛かり・共鳴戦・専用素材を扱う。捕獲済みフラグは両地方で共有し、重複個体を与えない。
ENCOUNTER_KEY_KANTO_FAMILY_0236,MAP_KEY_KANTO_K43,K43,SIMPLE_EVENT,殿堂入り＋三湖の調査＋主地方の捕獲フラグ共有,236,SPECIES_KEY_AZELF,243,95,100,0,EVENT,TABLE_KEY_KANTO_K43,KANTO_LEAGUE_CLEAR,SHARED_ONCE,ONE_LEGAL_MOVE,ITEM_KEY_NONE,SHARED_CAPTURE_KEY_NATIONAL_0482,FIXED_HIGH_LEVEL_OPTIONAL,ACTIVE,主地方で1個体だけ捕獲し、副地方では手掛かり・共鳴戦・専用素材を扱う。捕獲済みフラグは両地方で共有し、重複個体を与えない。
ENCOUNTER_KEY_KANTO_FAMILY_0237,MAP_KEY_KANTO_K43,K43,SIMPLE_EVENT,既存条件＋主地方の捕獲フラグ共有,237,SPECIES_KEY_DIALGA,244,95,100,0,EVENT,TABLE_KEY_KANTO_K43,KANTO_LEAGUE_CLEAR,SHARED_ONCE,ONE_LEGAL_MOVE,ITEM_KEY_NONE,SHARED_CAPTURE_KEY_NATIONAL_0483,FIXED_HIGH_LEVEL_OPTIONAL,ACTIVE,主地方で1個体だけ捕獲し、副地方では手掛かり・共鳴戦・専用素材を扱う。捕獲済みフラグは両地方で共有し、重複個体を与えない。
ENCOUNTER_KEY_KANTO_FAMILY_0238,MAP_KEY_KANTO_K43,K43,SIMPLE_EVENT,既存条件＋主地方の捕獲フラグ共有,238,SPECIES_KEY_PALKIA,245,95,100,0,EVENT,TABLE_KEY_KANTO_K43,KANTO_LEAGUE_CLEAR,SHARED_ONCE,ONE_LEGAL_MOVE,ITEM_KEY_NONE,SHARED_CAPTURE_KEY_NATIONAL_0484,FIXED_HIGH_LEVEL_OPTIONAL,ACTIVE,主地方で1個体だけ捕獲し、副地方では手掛かり・共鳴戦・専用素材を扱う。捕獲済みフラグは両地方で共有し、重複個体を与えない。
ENCOUNTER_KEY_KANTO_FAMILY_0239,MAP_KEY_KANTO_K43,K43,SIMPLE_EVENT,既存条件＋主地方の捕獲フラグ共有,239,SPECIES_KEY_HEATRAN,246,95,100,0,EVENT,TABLE_KEY_KANTO_K43,KANTO_LEAGUE_CLEAR,SHARED_ONCE,ONE_LEGAL_MOVE,ITEM_KEY_NONE,SHARED_CAPTURE_KEY_NATIONAL_0485,FIXED_HIGH_LEVEL_OPTIONAL,ACTIVE,主地方で1個体だけ捕獲し、副地方では手掛かり・共鳴戦・専用素材を扱う。捕獲済みフラグは両地方で共有し、重複個体を与えない。
ENCOUNTER_KEY_KANTO_FAMILY_0240,MAP_KEY_KANTO_K43,K43,SIMPLE_EVENT,6体のレジ系登録＋主地方の捕獲フラグ共有,240,SPECIES_KEY_REGIGIGAS,247,95,100,0,EVENT,TABLE_KEY_KANTO_K43,KANTO_LEAGUE_CLEAR,SHARED_ONCE,ONE_LEGAL_MOVE,ITEM_KEY_NONE,SHARED_CAPTURE_KEY_NATIONAL_0486,FIXED_HIGH_LEVEL_OPTIONAL,ACTIVE,主地方で1個体だけ捕獲し、副地方では手掛かり・共鳴戦・専用素材を扱う。捕獲済みフラグは両地方で共有し、重複個体を与えない。
ENCOUNTER_KEY_KANTO_FAMILY_0241,MAP_KEY_KANTO_K43,K43,SIMPLE_EVENT,殿堂入り＋時空イベント完了＋主地方の捕獲フラグ共有,241,SPECIES_KEY_GIRATINA,248,95,100,0,EVENT,TABLE_KEY_KANTO_K43,KANTO_LEAGUE_CLEAR,SHARED_ONCE,ONE_LEGAL_MOVE,ITEM_KEY_NONE,SHARED_CAPTURE_KEY_NATIONAL_0487,FIXED_HIGH_LEVEL_OPTIONAL,ACTIVE,主地方で1個体だけ捕獲し、副地方では手掛かり・共鳴戦・専用素材を扱う。捕獲済みフラグは両地方で共有し、重複個体を与えない。
ENCOUNTER_KEY_KANTO_FAMILY_0242,MAP_KEY_KANTO_K43,K43,SIMPLE_EVENT,殿堂入り＋時空イベント完了＋主地方の捕獲フラグ共有,242,SPECIES_KEY_CRESSELIA,249,95,100,0,EVENT,TABLE_KEY_KANTO_K43,KANTO_LEAGUE_CLEAR,SHARED_ONCE,ONE_LEGAL_MOVE,ITEM_KEY_NONE,SHARED_CAPTURE_KEY_NATIONAL_0488,FIXED_HIGH_LEVEL_OPTIONAL,ACTIVE,主地方で1個体だけ捕獲し、副地方では手掛かり・共鳴戦・専用素材を扱う。捕獲済みフラグは両地方で共有し、重複個体を与えない。
ENCOUNTER_KEY_KANTO_FAMILY_0243,MAP_KEY_KANTO_K43,K43,SIMPLE_EVENT,既存条件＋主地方の捕獲フラグ共有,243,SPECIES_KEY_PHIONE,250,95,100,0,EVENT,TABLE_KEY_KANTO_K43,KANTO_LEAGUE_CLEAR,SHARED_ONCE,ONE_LEGAL_MOVE,ITEM_KEY_NONE,SHARED_CAPTURE_KEY_NATIONAL_0489,FIXED_HIGH_LEVEL_OPTIONAL,ACTIVE,主地方で1個体だけ捕獲し、副地方では手掛かり・共鳴戦・専用素材を扱う。捕獲済みフラグは両地方で共有し、重複個体を与えない。
ENCOUNTER_KEY_KANTO_FAMILY_0244,MAP_KEY_KANTO_K43,K43,SIMPLE_EVENT,既存条件＋主地方の捕獲フラグ共有,244,SPECIES_KEY_DARKRAI,252,95,100,0,EVENT,TABLE_KEY_KANTO_K43,KANTO_LEAGUE_CLEAR,SHARED_ONCE,ONE_LEGAL_MOVE,ITEM_KEY_NONE,SHARED_CAPTURE_KEY_NATIONAL_0491,FIXED_HIGH_LEVEL_OPTIONAL,ACTIVE,主地方で1個体だけ捕獲し、副地方では手掛かり・共鳴戦・専用素材を扱う。捕獲済みフラグは両地方で共有し、重複個体を与えない。
ENCOUNTER_KEY_KANTO_FAMILY_0245,MAP_KEY_KANTO_K43,K43,SIMPLE_EVENT,全国研究ランク3,245,SPECIES_KEY_SHAYMIN,253,80,80,0,EVENT,TABLE_KEY_KANTO_K43,KANTO_LEAGUE_CLEAR,SHARED_ONCE,ONE_LEGAL_MOVE,ITEM_KEY_NONE,SHARED_CAPTURE_KEY_NATIONAL_0492,FIXED_HIGH_LEVEL_OPTIONAL,ACTIVE,主地方で1個体だけ捕獲し、副地方では手掛かり・共鳴戦・専用素材を扱う。捕獲済みフラグは両地方で共有し、重複個体を与えない。
ENCOUNTER_KEY_KANTO_FAMILY_0246,MAP_KEY_KANTO_K43,K43,SIMPLE_EVENT,各世代伝説アーク10件完了＋主地方の捕獲フラグ共有,246,SPECIES_KEY_ARCEUS,254,95,100,0,EVENT,TABLE_KEY_KANTO_K43,KANTO_LEAGUE_CLEAR,SHARED_ONCE,ONE_LEGAL_MOVE,ITEM_KEY_NONE,SHARED_CAPTURE_KEY_NATIONAL_0493,FIXED_HIGH_LEVEL_OPTIONAL,ACTIVE,主地方で1個体だけ捕獲し、副地方では手掛かり・共鳴戦・専用素材を扱う。捕獲済みフラグは両地方で共有し、重複個体を与えない。
ENCOUNTER_KEY_KANTO_FAMILY_0247,MAP_KEY_KANTO_K43,K43,SIMPLE_EVENT,殿堂入り＋連勝10＋主地方の捕獲フラグ共有,247,SPECIES_KEY_VICTINI,255,95,100,0,EVENT,TABLE_KEY_KANTO_K43,KANTO_LEAGUE_CLEAR,SHARED_ONCE,ONE_LEGAL_MOVE,ITEM_KEY_NONE,SHARED_CAPTURE_KEY_NATIONAL_0494,FIXED_HIGH_LEVEL_OPTIONAL,ACTIVE,主地方で1個体だけ捕獲し、副地方では手掛かり・共鳴戦・専用素材を扱う。捕獲済みフラグは両地方で共有し、重複個体を与えない。
ENCOUNTER_KEY_KANTO_FAMILY_0248,MAP_KEY_KANTO_K47,K47,オーキド研究所の生態交換タマゴ,ベガ初回殿堂入り後。認定章数でエリアと中間進化枠を段階解禁。,248,SPECIES_KEY_SNIVY,256,68,68,2,NORMAL,TABLE_KEY_KANTO_K47,KANTO_EARLY_ACCESS,DEXNAV_CHAIN_OR_RANK2,ONE_LEGAL_MOVE,ITEM_KEY_NONE,NONE,FIXED_HIGH_LEVEL_OPTIONAL,ACTIVE,御三家を野生化せず、両地方の研究所を巡る収集導線にする。
ENCOUNTER_KEY_KANTO_FAMILY_0249,MAP_KEY_KANTO_K47,K47,オーキド研究所の生態交換タマゴ,ベガ初回殿堂入り後。認定章数でエリアと中間進化枠を段階解禁。,249,SPECIES_KEY_TEPIG,257,68,68,2,NORMAL,TABLE_KEY_KANTO_K47,KANTO_EARLY_ACCESS,DEXNAV_CHAIN_OR_RANK2,ONE_LEGAL_MOVE,ITEM_KEY_NONE,NONE,FIXED_HIGH_LEVEL_OPTIONAL,ACTIVE,御三家を野生化せず、両地方の研究所を巡る収集導線にする。
ENCOUNTER_KEY_KANTO_FAMILY_0250,MAP_KEY_KANTO_K47,K47,オーキド研究所の生態交換タマゴ,ベガ初回殿堂入り後。認定章数でエリアと中間進化枠を段階解禁。,250,SPECIES_KEY_OSHAWOTT,258,68,68,2,NORMAL,TABLE_KEY_KANTO_K47,KANTO_EARLY_ACCESS,DEXNAV_CHAIN_OR_RANK2,ONE_LEGAL_MOVE,ITEM_KEY_NONE,NONE,FIXED_HIGH_LEVEL_OPTIONAL,ACTIVE,御三家を野生化せず、両地方の研究所を巡る収集導線にする。
ENCOUNTER_KEY_KANTO_FAMILY_0251,MAP_KEY_KANTO_K16,K16,草むらオーバーレイ,ベガ初回殿堂入り後。認定章数でエリアと中間進化枠を段階解禁。,251,SPECIES_KEY_PATRAT,259,81,86,8,NORMAL,TABLE_KEY_KANTO_K16,KANTO_CERT_2,DEXNAV_CHAIN_OR_RANK2,ONE_LEGAL_MOVE,ITEM_KEY_NONE,NONE,FIXED_HIGH_LEVEL_OPTIONAL,ACTIVE,トーホクは本編で使える低～中レベル基礎種、カントーは高レベル個体・中間進化・隠れ特性探索を担当。
ENCOUNTER_KEY_KANTO_FAMILY_0252,MAP_KEY_KANTO_ROUTE1,K01,草むらオーバーレイ,ベガ初回殿堂入り後。認定章数でエリアと中間進化枠を段階解禁。,252,SPECIES_KEY_LILLIPUP,260,68,72,8,NORMAL,TABLE_KEY_KANTO_K01,KANTO_EARLY_ACCESS,DEXNAV_CHAIN_OR_RANK2,ONE_LEGAL_MOVE,ITEM_KEY_NONE,NONE,FIXED_HIGH_LEVEL_OPTIONAL,ACTIVE,トーホクは本編で使える低～中レベル基礎種、カントーは高レベル個体・中間進化・隠れ特性探索を担当。
ENCOUNTER_KEY_KANTO_FAMILY_0253,MAP_KEY_KANTO_K32,K32,夜間オーバーレイ,ベガ初回殿堂入り後。認定章数でエリアと中間進化枠を段階解禁。,253,SPECIES_KEY_PURRLOIN,261,83,91,8,NORMAL,TABLE_KEY_KANTO_K32,KANTO_CERT_2,DEXNAV_CHAIN_OR_RANK2,ONE_LEGAL_MOVE,ITEM_KEY_NONE,NONE,FIXED_HIGH_LEVEL_OPTIONAL,ACTIVE,トーホクは本編で使える低～中レベル基礎種、カントーは高レベル個体・中間進化・隠れ特性探索を担当。
ENCOUNTER_KEY_KANTO_FAMILY_0254,MAP_KEY_KANTO_VIRIDIAN_FOREST,K26,ずつき／朝昼オーバーレイ,ベガ初回殿堂入り後。認定章数でエリアと中間進化枠を段階解禁。,254,SPECIES_KEY_PANSAGE,262,70,76,8,NORMAL,TABLE_KEY_KANTO_K26,KANTO_EARLY_ACCESS,DEXNAV_CHAIN_OR_RANK2,ONE_LEGAL_MOVE,ITEM_KEY_NONE,NONE,FIXED_HIGH_LEVEL_OPTIONAL,ACTIVE,トーホクは本編で使える低～中レベル基礎種、カントーは高レベル個体・中間進化・隠れ特性探索を担当。
ENCOUNTER_KEY_KANTO_FAMILY_0255,MAP_KEY_KANTO_K17,K17,草むらオーバーレイ,ベガ初回殿堂入り後。認定章数でエリアと中間進化枠を段階解禁。,255,SPECIES_KEY_PANSEAR,263,83,89,8,NORMAL,TABLE_KEY_KANTO_K17,KANTO_CERT_2,DEXNAV_CHAIN_OR_RANK2,ONE_LEGAL_MOVE,ITEM_KEY_NONE,NONE,FIXED_HIGH_LEVEL_OPTIONAL,ACTIVE,トーホクは本編で使える低～中レベル基礎種、カントーは高レベル個体・中間進化・隠れ特性探索を担当。
ENCOUNTER_KEY_KANTO_FAMILY_0256,MAP_KEY_KANTO_K36,K36,釣りオーバーレイ,ベガ初回殿堂入り後。認定章数でエリアと中間進化枠を段階解禁。,256,SPECIES_KEY_PANPOUR,264,85,94,10,NORMAL,TABLE_KEY_KANTO_K36,KANTO_CERT_3,DEXNAV_CHAIN_OR_RANK2,ONE_LEGAL_MOVE,ITEM_KEY_NONE,NONE,FIXED_HIGH_LEVEL_OPTIONAL,ACTIVE,トーホクは本編で使える低～中レベル基礎種、カントーは高レベル個体・中間進化・隠れ特性探索を担当。
ENCOUNTER_KEY_KANTO_FAMILY_0257,MAP_KEY_KANTO_K08,K08,草むらオーバーレイ,ベガ初回殿堂入り後。認定章数でエリアと中間進化枠を段階解禁。,257,SPECIES_KEY_MUNNA,265,79,84,8,NORMAL,TABLE_KEY_KANTO_K08,KANTO_CERT_1,DEXNAV_CHAIN_OR_RANK2,ONE_LEGAL_MOVE,ITEM_KEY_NONE,NONE,FIXED_HIGH_LEVEL_OPTIONAL,ACTIVE,トーホクは本編で使える低～中レベル基礎種、カントーは高レベル個体・中間進化・隠れ特性探索を担当。
ENCOUNTER_KEY_KANTO_FAMILY_0258,MAP_KEY_KANTO_K25,K25,草むらオーバーレイ,ベガ初回殿堂入り後。認定章数でエリアと中間進化枠を段階解禁。,258,SPECIES_KEY_PIDOVE,266,75,80,8,NORMAL,TABLE_KEY_KANTO_K25,KANTO_EARLY_ACCESS,DEXNAV_CHAIN_OR_RANK2,ONE_LEGAL_MOVE,ITEM_KEY_NONE,NONE,FIXED_HIGH_LEVEL_OPTIONAL,ACTIVE,トーホクは本編で使える低～中レベル基礎種、カントーは高レベル個体・中間進化・隠れ特性探索を担当。
ENCOUNTER_KEY_KANTO_FAMILY_0259,MAP_KEY_KANTO_K10,K10,草むらオーバーレイ,ベガ初回殿堂入り後。認定章数でエリアと中間進化枠を段階解禁。,259,SPECIES_KEY_BLITZLE,267,78,84,8,NORMAL,TABLE_KEY_KANTO_K10,KANTO_CERT_1,DEXNAV_CHAIN_OR_RANK2,ONE_LEGAL_MOVE,ITEM_KEY_NONE,NONE,FIXED_HIGH_LEVEL_OPTIONAL,ACTIVE,トーホクは本編で使える低～中レベル基礎種、カントーは高レベル個体・中間進化・隠れ特性探索を担当。
ENCOUNTER_KEY_KANTO_FAMILY_0260,MAP_KEY_KANTO_K30,K30,いわくだき／DexNav,ベガ初回殿堂入り後。認定章数でエリアと中間進化枠を段階解禁。,260,SPECIES_KEY_ROGGENROLA,268,80,87,0,NORMAL,TABLE_KEY_KANTO_K30,KANTO_CERT_1,DEXNAV_CHAIN_OR_RANK2,ONE_LEGAL_MOVE,ITEM_KEY_NONE,NONE,FIXED_HIGH_LEVEL_OPTIONAL,ACTIVE,トーホクは本編で使える低～中レベル基礎種、カントーは高レベル個体・中間進化・隠れ特性探索を担当。
ENCOUNTER_KEY_KANTO_FAMILY_0261,MAP_KEY_KANTO_K23,K23,草むらオーバーレイ,ベガ初回殿堂入り後。認定章数でエリアと中間進化枠を段階解禁。,261,SPECIES_KEY_WOOBAT,269,92,98,8,NORMAL,TABLE_KEY_KANTO_K23,KANTO_CERT_5,DEXNAV_CHAIN_OR_RANK2,ONE_LEGAL_MOVE,ITEM_KEY_NONE,NONE,FIXED_HIGH_LEVEL_OPTIONAL,ACTIVE,トーホクは本編で使える低～中レベル基礎種、カントーは高レベル個体・中間進化・隠れ特性探索を担当。
ENCOUNTER_KEY_KANTO_FAMILY_0262,MAP_KEY_KANTO_K28,K28,いわくだき／DexNav,ベガ初回殿堂入り後。認定章数でエリアと中間進化枠を段階解禁。,262,SPECIES_KEY_DRILBUR,270,76,83,0,NORMAL,TABLE_KEY_KANTO_K28,KANTO_EARLY_ACCESS,DEXNAV_CHAIN_OR_RANK2,ONE_LEGAL_MOVE,ITEM_KEY_NONE,NONE,FIXED_HIGH_LEVEL_OPTIONAL,ACTIVE,トーホクは本編で使える低～中レベル基礎種、カントーは高レベル個体・中間進化・隠れ特性探索を担当。
ENCOUNTER_KEY_KANTO_FAMILY_0263,MAP_KEY_KANTO_K18,K18,草むらオーバーレイ,ベガ初回殿堂入り後。認定章数でエリアと中間進化枠を段階解禁。,263,SPECIES_KEY_AUDINO,271,84,90,8,NORMAL,TABLE_KEY_KANTO_K18,KANTO_CERT_3,DEXNAV_CHAIN_OR_RANK2,ONE_LEGAL_MOVE,ITEM_KEY_NONE,NONE,FIXED_HIGH_LEVEL_OPTIONAL,ACTIVE,トーホクは本編で使える低～中レベル基礎種、カントーは高レベル個体・中間進化・隠れ特性探索を担当。
ENCOUNTER_KEY_KANTO_FAMILY_0264,MAP_KEY_KANTO_K09,K09,草むらオーバーレイ,ベガ初回殿堂入り後。認定章数でエリアと中間進化枠を段階解禁。,264,SPECIES_KEY_TIMBURR,272,77,82,8,NORMAL,TABLE_KEY_KANTO_K09,KANTO_EARLY_ACCESS,DEXNAV_CHAIN_OR_RANK2,ONE_LEGAL_MOVE,ITEM_KEY_NONE,NONE,FIXED_HIGH_LEVEL_OPTIONAL,ACTIVE,トーホクは本編で使える低～中レベル基礎種、カントーは高レベル個体・中間進化・隠れ特性探索を担当。
ENCOUNTER_KEY_KANTO_FAMILY_0265,MAP_KEY_KANTO_K15,K15,釣りオーバーレイ,ベガ初回殿堂入り後。認定章数でエリアと中間進化枠を段階解禁。,265,SPECIES_KEY_TYMPOLE,273,85,90,10,NORMAL,TABLE_KEY_KANTO_K15,KANTO_CERT_3,DEXNAV_CHAIN_OR_RANK2,ONE_LEGAL_MOVE,ITEM_KEY_NONE,NONE,FIXED_HIGH_LEVEL_OPTIONAL,ACTIVE,トーホクは本編で使える低～中レベル基礎種、カントーは高レベル個体・中間進化・隠れ特性探索を担当。
ENCOUNTER_KEY_KANTO_FAMILY_0266,MAP_KEY_KANTO_K09,K09,草むらオーバーレイ,ベガ初回殿堂入り後。認定章数でエリアと中間進化枠を段階解禁。,266,SPECIES_KEY_THROH,274,77,82,8,NORMAL,TABLE_KEY_KANTO_K09,KANTO_EARLY_ACCESS,DEXNAV_CHAIN_OR_RANK2,ONE_LEGAL_MOVE,ITEM_KEY_NONE,NONE,FIXED_HIGH_LEVEL_OPTIONAL,ACTIVE,トーホクは本編で使える低～中レベル基礎種、カントーは高レベル個体・中間進化・隠れ特性探索を担当。
ENCOUNTER_KEY_KANTO_FAMILY_0267,MAP_KEY_KANTO_K22,K22,草むらオーバーレイ,ベガ初回殿堂入り後。認定章数でエリアと中間進化枠を段階解禁。,267,SPECIES_KEY_SAWK,275,90,95,8,NORMAL,TABLE_KEY_KANTO_K22,KANTO_CERT_5,DEXNAV_CHAIN_OR_RANK2,ONE_LEGAL_MOVE,ITEM_KEY_NONE,NONE,FIXED_HIGH_LEVEL_OPTIONAL,ACTIVE,トーホクは本編で使える低～中レベル基礎種、カントーは高レベル個体・中間進化・隠れ特性探索を担当。
ENCOUNTER_KEY_KANTO_FAMILY_0268,MAP_KEY_KANTO_K35,K35,ずつき／朝昼オーバーレイ,ベガ初回殿堂入り後。認定章数でエリアと中間進化枠を段階解禁。,268,SPECIES_KEY_SEWADDLE,276,85,94,8,NORMAL,TABLE_KEY_KANTO_K35,KANTO_CERT_3,DEXNAV_CHAIN_OR_RANK2,ONE_LEGAL_MOVE,ITEM_KEY_NONE,NONE,FIXED_HIGH_LEVEL_OPTIONAL,ACTIVE,トーホクは本編で使える低～中レベル基礎種、カントーは高レベル個体・中間進化・隠れ特性探索を担当。
ENCOUNTER_KEY_KANTO_FAMILY_0269,MAP_KEY_KANTO_K33,K33,ずつき／朝昼オーバーレイ,ベガ初回殿堂入り後。認定章数でエリアと中間進化枠を段階解禁。,269,SPECIES_KEY_VENIPEDE,277,82,90,8,NORMAL,TABLE_KEY_KANTO_K33,KANTO_CERT_2,DEXNAV_CHAIN_OR_RANK2,ONE_LEGAL_MOVE,ITEM_KEY_NONE,NONE,FIXED_HIGH_LEVEL_OPTIONAL,ACTIVE,トーホクは本編で使える低～中レベル基礎種、カントーは高レベル個体・中間進化・隠れ特性探索を担当。
ENCOUNTER_KEY_KANTO_FAMILY_0270,MAP_KEY_KANTO_K33,K33,ずつき／朝昼オーバーレイ,ベガ初回殿堂入り後。認定章数でエリアと中間進化枠を段階解禁。,270,SPECIES_KEY_COTTONEE,278,82,90,8,NORMAL,TABLE_KEY_KANTO_K33,KANTO_CERT_2,DEXNAV_CHAIN_OR_RANK2,ONE_LEGAL_MOVE,ITEM_KEY_NONE,NONE,FIXED_HIGH_LEVEL_OPTIONAL,ACTIVE,トーホクは本編で使える低～中レベル基礎種、カントーは高レベル個体・中間進化・隠れ特性探索を担当。
ENCOUNTER_KEY_KANTO_FAMILY_0271,MAP_KEY_KANTO_K35,K35,ずつき／朝昼オーバーレイ,ベガ初回殿堂入り後。認定章数でエリアと中間進化枠を段階解禁。,271,SPECIES_KEY_PETILIL,279,85,94,8,NORMAL,TABLE_KEY_KANTO_K35,KANTO_CERT_3,DEXNAV_CHAIN_OR_RANK2,ONE_LEGAL_MOVE,ITEM_KEY_NONE,NONE,FIXED_HIGH_LEVEL_OPTIONAL,ACTIVE,トーホクではベガ既存個体を保護。カントーでは高レベル個体・隠れ特性・タマゴ技探索を担当。
ENCOUNTER_KEY_KANTO_FAMILY_0272,MAP_KEY_KANTO_K15,K15,釣りオーバーレイ,ベガ初回殿堂入り後。認定章数でエリアと中間進化枠を段階解禁。,272,SPECIES_KEY_BASCULIN_RED,280,85,90,10,NORMAL,TABLE_KEY_KANTO_K15,KANTO_CERT_3,DEXNAV_CHAIN_OR_RANK2,ONE_LEGAL_MOVE,ITEM_KEY_NONE,NONE,FIXED_HIGH_LEVEL_OPTIONAL,ACTIVE,トーホクは本編で使える低～中レベル基礎種、カントーは高レベル個体・中間進化・隠れ特性探索を担当。
ENCOUNTER_KEY_KANTO_FAMILY_0273,MAP_KEY_KANTO_K30,K30,夜間オーバーレイ,ベガ初回殿堂入り後。認定章数でエリアと中間進化枠を段階解禁。,273,SPECIES_KEY_SANDILE,281,80,87,8,NORMAL,TABLE_KEY_KANTO_K30,KANTO_CERT_1,DEXNAV_CHAIN_OR_RANK2,ONE_LEGAL_MOVE,ITEM_KEY_NONE,NONE,FIXED_HIGH_LEVEL_OPTIONAL,ACTIVE,トーホクではベガ既存個体を保護。カントーでは高レベル個体・隠れ特性・タマゴ技探索を担当。
ENCOUNTER_KEY_KANTO_FAMILY_0274,MAP_KEY_KANTO_K17,K17,草むらオーバーレイ,ベガ初回殿堂入り後。認定章数でエリアと中間進化枠を段階解禁。,274,SPECIES_KEY_DARUMAKA,282,83,89,8,NORMAL,TABLE_KEY_KANTO_K17,KANTO_CERT_2,DEXNAV_CHAIN_OR_RANK2,ONE_LEGAL_MOVE,ITEM_KEY_NONE,NONE,FIXED_HIGH_LEVEL_OPTIONAL,ACTIVE,トーホクは本編で使える低～中レベル基礎種、カントーは高レベル個体・中間進化・隠れ特性探索を担当。
ENCOUNTER_KEY_KANTO_FAMILY_0275,MAP_KEY_KANTO_VIRIDIAN_FOREST,K26,ずつき／朝昼オーバーレイ,ベガ初回殿堂入り後。認定章数でエリアと中間進化枠を段階解禁。,275,SPECIES_KEY_MARACTUS,283,70,76,8,NORMAL,TABLE_KEY_KANTO_K26,KANTO_EARLY_ACCESS,DEXNAV_CHAIN_OR_RANK2,ONE_LEGAL_MOVE,ITEM_KEY_NONE,NONE,FIXED_HIGH_LEVEL_OPTIONAL,ACTIVE,トーホクは本編で使える低～中レベル基礎種、カントーは高レベル個体・中間進化・隠れ特性探索を担当。
ENCOUNTER_KEY_KANTO_FAMILY_0276,MAP_KEY_KANTO_K03,K03,草むらオーバーレイ,ベガ初回殿堂入り後。認定章数でエリアと中間進化枠を段階解禁。,276,SPECIES_KEY_DWEBBLE,284,71,75,8,NORMAL,TABLE_KEY_KANTO_K03,KANTO_EARLY_ACCESS,DEXNAV_CHAIN_OR_RANK2,ONE_LEGAL_MOVE,ITEM_KEY_NONE,NONE,FIXED_HIGH_LEVEL_OPTIONAL,ACTIVE,トーホクではベガ既存個体を保護。カントーでは高レベル個体・隠れ特性・タマゴ技探索を担当。
ENCOUNTER_KEY_KANTO_FAMILY_0277,MAP_KEY_KANTO_K08,K08,夜間オーバーレイ,ベガ初回殿堂入り後。認定章数でエリアと中間進化枠を段階解禁。,277,SPECIES_KEY_SCRAGGY,285,79,84,8,NORMAL,TABLE_KEY_KANTO_K08,KANTO_CERT_1,DEXNAV_CHAIN_OR_RANK2,ONE_LEGAL_MOVE,ITEM_KEY_NONE,NONE,FIXED_HIGH_LEVEL_OPTIONAL,ACTIVE,トーホクではベガ既存個体を保護。カントーでは高レベル個体・隠れ特性・タマゴ技探索を担当。
ENCOUNTER_KEY_KANTO_FAMILY_0278,MAP_KEY_KANTO_K23,K23,草むらオーバーレイ,ベガ初回殿堂入り後。認定章数でエリアと中間進化枠を段階解禁。,278,SPECIES_KEY_SIGILYPH,286,92,98,8,NORMAL,TABLE_KEY_KANTO_K23,KANTO_CERT_5,DEXNAV_CHAIN_OR_RANK2,ONE_LEGAL_MOVE,ITEM_KEY_NONE,NONE,FIXED_HIGH_LEVEL_OPTIONAL,ACTIVE,トーホクは本編で使える低～中レベル基礎種、カントーは高レベル個体・中間進化・隠れ特性探索を担当。
ENCOUNTER_KEY_KANTO_FAMILY_0279,MAP_KEY_KANTO_K31,K31,夜間オーバーレイ,ベガ初回殿堂入り後。認定章数でエリアと中間進化枠を段階解禁。,279,SPECIES_KEY_YAMASK,287,82,90,8,NORMAL,TABLE_KEY_KANTO_K31,KANTO_CERT_2,DEXNAV_CHAIN_OR_RANK2,ONE_LEGAL_MOVE,ITEM_KEY_NONE,NONE,FIXED_HIGH_LEVEL_OPTIONAL,ACTIVE,トーホクは本編で使える低～中レベル基礎種、カントーは高レベル個体・中間進化・隠れ特性探索を担当。
ENCOUNTER_KEY_KANTO_FAMILY_0280,MAP_KEY_KANTO_K44,K44,博物館鑑定後に復元,ベガ初回殿堂入り後。認定章数でエリアと中間進化枠を段階解禁。,280,SPECIES_KEY_TIRTOUGA,288,68,68,8,NORMAL,TABLE_KEY_KANTO_K44,KANTO_EARLY_ACCESS,DEXNAV_CHAIN_OR_RANK2,ONE_LEGAL_MOVE,ITEM_KEY_NONE,NONE,FIXED_HIGH_LEVEL_OPTIONAL,ACTIVE,トーホクは早期の復元、カントーは高個体値・隠れ特性の再復元を担当。
ENCOUNTER_KEY_KANTO_FAMILY_0281,MAP_KEY_KANTO_K44,K44,博物館鑑定後に復元,ベガ初回殿堂入り後。認定章数でエリアと中間進化枠を段階解禁。,281,SPECIES_KEY_ARCHEN,289,68,68,8,NORMAL,TABLE_KEY_KANTO_K44,KANTO_EARLY_ACCESS,DEXNAV_CHAIN_OR_RANK2,ONE_LEGAL_MOVE,ITEM_KEY_NONE,NONE,FIXED_HIGH_LEVEL_OPTIONAL,ACTIVE,トーホクは早期の復元、カントーは高個体値・隠れ特性の再復元を担当。
ENCOUNTER_KEY_KANTO_FAMILY_0282,MAP_KEY_KANTO_K32,K32,洞窟・屋内オーバーレイ,ベガ初回殿堂入り後。認定章数でエリアと中間進化枠を段階解禁。,282,SPECIES_KEY_TRUBBISH,290,83,91,8,NORMAL,TABLE_KEY_KANTO_K32,KANTO_CERT_2,DEXNAV_CHAIN_OR_RANK2,ONE_LEGAL_MOVE,ITEM_KEY_NONE,NONE,FIXED_HIGH_LEVEL_OPTIONAL,ACTIVE,トーホクは本編で使える低～中レベル基礎種、カントーは高レベル個体・中間進化・隠れ特性探索を担当。
ENCOUNTER_KEY_KANTO_FAMILY_0283,MAP_KEY_KANTO_K32,K32,夜間オーバーレイ,ベガ初回殿堂入り後。認定章数でエリアと中間進化枠を段階解禁。,283,SPECIES_KEY_ZORUA,291,83,91,8,NORMAL,TABLE_KEY_KANTO_K32,KANTO_CERT_2,DEXNAV_CHAIN_OR_RANK2,ONE_LEGAL_MOVE,ITEM_KEY_NONE,NONE,FIXED_HIGH_LEVEL_OPTIONAL,ACTIVE,トーホクは本編で使える低～中レベル基礎種、カントーは高レベル個体・中間進化・隠れ特性探索を担当。
ENCOUNTER_KEY_KANTO_FAMILY_0284,MAP_KEY_KANTO_K14,K14,草むらオーバーレイ,ベガ初回殿堂入り後。認定章数でエリアと中間進化枠を段階解禁。,284,SPECIES_KEY_MINCCINO,292,84,89,8,NORMAL,TABLE_KEY_KANTO_K14,KANTO_CERT_3,DEXNAV_CHAIN_OR_RANK2,ONE_LEGAL_MOVE,ITEM_KEY_NONE,NONE,FIXED_HIGH_LEVEL_OPTIONAL,ACTIVE,トーホクは本編で使える低～中レベル基礎種、カントーは高レベル個体・中間進化・隠れ特性探索を担当。
ENCOUNTER_KEY_KANTO_FAMILY_0285,MAP_KEY_KANTO_K27,K27,洞窟・屋内オーバーレイ,ベガ初回殿堂入り後。認定章数でエリアと中間進化枠を段階解禁。,285,SPECIES_KEY_GOTHITA,293,73,80,8,NORMAL,TABLE_KEY_KANTO_K27,KANTO_EARLY_ACCESS,DEXNAV_CHAIN_OR_RANK2,ONE_LEGAL_MOVE,ITEM_KEY_NONE,NONE,FIXED_HIGH_LEVEL_OPTIONAL,ACTIVE,トーホクは本編で使える低～中レベル基礎種、カントーは高レベル個体・中間進化・隠れ特性探索を担当。
ENCOUNTER_KEY_KANTO_FAMILY_0286,MAP_KEY_KANTO_K43,K43,洞窟・屋内オーバーレイ,ベガ初回殿堂入り後。認定章数でエリアと中間進化枠を段階解禁。,286,SPECIES_KEY_SOLOSIS,294,95,100,8,NORMAL,TABLE_KEY_KANTO_K43,KANTO_CERT_6,DEXNAV_CHAIN_OR_RANK2,ONE_LEGAL_MOVE,ITEM_KEY_NONE,NONE,FIXED_HIGH_LEVEL_OPTIONAL,ACTIVE,トーホクは本編で使える低～中レベル基礎種、カントーは高レベル個体・中間進化・隠れ特性探索を担当。
ENCOUNTER_KEY_KANTO_FAMILY_0287,MAP_KEY_KANTO_K11,K11,釣りオーバーレイ,ベガ初回殿堂入り後。認定章数でエリアと中間進化枠を段階解禁。,287,SPECIES_KEY_DUCKLETT,295,76,82,10,NORMAL,TABLE_KEY_KANTO_K11,KANTO_EARLY_ACCESS,DEXNAV_CHAIN_OR_RANK2,ONE_LEGAL_MOVE,ITEM_KEY_NONE,NONE,FIXED_HIGH_LEVEL_OPTIONAL,ACTIVE,トーホクは本編で使える低～中レベル基礎種、カントーは高レベル個体・中間進化・隠れ特性探索を担当。
ENCOUNTER_KEY_KANTO_FAMILY_0288,MAP_KEY_KANTO_K38,K38,洞窟・屋内オーバーレイ,ベガ初回殿堂入り後。認定章数でエリアと中間進化枠を段階解禁。,288,SPECIES_KEY_VANILLITE,296,88,96,8,NORMAL,TABLE_KEY_KANTO_K38,KANTO_CERT_4,DEXNAV_CHAIN_OR_RANK2,ONE_LEGAL_MOVE,ITEM_KEY_NONE,NONE,FIXED_HIGH_LEVEL_OPTIONAL,ACTIVE,トーホクは本編で使える低～中レベル基礎種、カントーは高レベル個体・中間進化・隠れ特性探索を担当。
ENCOUNTER_KEY_KANTO_FAMILY_0289,MAP_KEY_KANTO_K02,K02,ずつき／朝昼オーバーレイ,ベガ初回殿堂入り後。認定章数でエリアと中間進化枠を段階解禁。,289,SPECIES_KEY_DEERLING,297,69,73,8,NORMAL,TABLE_KEY_KANTO_K02,KANTO_EARLY_ACCESS,DEXNAV_CHAIN_OR_RANK2,ONE_LEGAL_MOVE,ITEM_KEY_NONE,NONE,FIXED_HIGH_LEVEL_OPTIONAL,ACTIVE,トーホクは本編で使える低～中レベル基礎種、カントーは高レベル個体・中間進化・隠れ特性探索を担当。
ENCOUNTER_KEY_KANTO_FAMILY_0290,MAP_KEY_KANTO_K10,K10,草むらオーバーレイ,ベガ初回殿堂入り後。認定章数でエリアと中間進化枠を段階解禁。,290,SPECIES_KEY_EMOLGA,298,78,84,8,NORMAL,TABLE_KEY_KANTO_K10,KANTO_CERT_1,DEXNAV_CHAIN_OR_RANK2,ONE_LEGAL_MOVE,ITEM_KEY_NONE,NONE,FIXED_HIGH_LEVEL_OPTIONAL,ACTIVE,トーホクは本編で使える低～中レベル基礎種、カントーは高レベル個体・中間進化・隠れ特性探索を担当。
ENCOUNTER_KEY_KANTO_FAMILY_0291,MAP_KEY_KANTO_K33,K33,ずつき／朝昼オーバーレイ,ベガ初回殿堂入り後。認定章数でエリアと中間進化枠を段階解禁。,291,SPECIES_KEY_KARRABLAST,299,82,90,8,NORMAL,TABLE_KEY_KANTO_K33,KANTO_CERT_2,DEXNAV_CHAIN_OR_RANK2,ONE_LEGAL_MOVE,ITEM_KEY_NONE,NONE,FIXED_HIGH_LEVEL_OPTIONAL,ACTIVE,トーホクは本編で使える低～中レベル基礎種、カントーは高レベル個体・中間進化・隠れ特性探索を担当。
ENCOUNTER_KEY_KANTO_FAMILY_0292,MAP_KEY_KANTO_K06,K06,草むらオーバーレイ,ベガ初回殿堂入り後。認定章数でエリアと中間進化枠を段階解禁。,292,SPECIES_KEY_FOONGUS,300,75,80,8,NORMAL,TABLE_KEY_KANTO_K06,KANTO_EARLY_ACCESS,DEXNAV_CHAIN_OR_RANK2,ONE_LEGAL_MOVE,ITEM_KEY_NONE,NONE,FIXED_HIGH_LEVEL_OPTIONAL,ACTIVE,トーホクは本編で使える低～中レベル基礎種、カントーは高レベル個体・中間進化・隠れ特性探索を担当。
ENCOUNTER_KEY_KANTO_FAMILY_0293,MAP_KEY_KANTO_K12,K12,水上オーバーレイ,ベガ初回殿堂入り後。認定章数でエリアと中間進化枠を段階解禁。,293,SPECIES_KEY_FRILLISH,301,82,87,10,NORMAL,TABLE_KEY_KANTO_K12,KANTO_CERT_2,DEXNAV_CHAIN_OR_RANK2,ONE_LEGAL_MOVE,ITEM_KEY_NONE,NONE,FIXED_HIGH_LEVEL_OPTIONAL,ACTIVE,トーホクは本編で使える低～中レベル基礎種、カントーは高レベル個体・中間進化・隠れ特性探索を担当。
ENCOUNTER_KEY_KANTO_FAMILY_0294,MAP_KEY_KANTO_K19,K19,釣りオーバーレイ,ベガ初回殿堂入り後。認定章数でエリアと中間進化枠を段階解禁。,294,SPECIES_KEY_ALOMOMOLA,302,87,92,10,NORMAL,TABLE_KEY_KANTO_K19,KANTO_CERT_4,DEXNAV_CHAIN_OR_RANK2,ONE_LEGAL_MOVE,ITEM_KEY_NONE,NONE,FIXED_HIGH_LEVEL_OPTIONAL,ACTIVE,トーホクは本編で使える低～中レベル基礎種、カントーは高レベル個体・中間進化・隠れ特性探索を担当。
ENCOUNTER_KEY_KANTO_FAMILY_0295,MAP_KEY_KANTO_K40,K40,洞窟・屋内オーバーレイ,ベガ初回殿堂入り後。認定章数でエリアと中間進化枠を段階解禁。,295,SPECIES_KEY_JOLTIK,303,82,94,8,NORMAL,TABLE_KEY_KANTO_K40,KANTO_CERT_2,DEXNAV_CHAIN_OR_RANK2,ONE_LEGAL_MOVE,ITEM_KEY_NONE,NONE,FIXED_HIGH_LEVEL_OPTIONAL,ACTIVE,トーホクではベガ既存個体を保護。カントーでは高レベル個体・隠れ特性・タマゴ技探索を担当。
ENCOUNTER_KEY_KANTO_FAMILY_0296,MAP_KEY_KANTO_K33,K33,ずつき／朝昼オーバーレイ,ベガ初回殿堂入り後。認定章数でエリアと中間進化枠を段階解禁。,296,SPECIES_KEY_FERROSEED,304,82,90,8,NORMAL,TABLE_KEY_KANTO_K33,KANTO_CERT_2,DEXNAV_CHAIN_OR_RANK2,ONE_LEGAL_MOVE,ITEM_KEY_NONE,NONE,FIXED_HIGH_LEVEL_OPTIONAL,ACTIVE,トーホクではベガ既存個体を保護。カントーでは高レベル個体・隠れ特性・タマゴ技探索を担当。
ENCOUNTER_KEY_KANTO_FAMILY_0297,MAP_KEY_KANTO_K40,K40,屋内異常遭遇／DexNav,ベガ初回殿堂入り後。認定章数でエリアと中間進化枠を段階解禁。,297,SPECIES_KEY_KLINK,305,82,94,0,NORMAL,TABLE_KEY_KANTO_K40,KANTO_CERT_2,DEXNAV_CHAIN_OR_RANK2,ONE_LEGAL_MOVE,ITEM_KEY_NONE,NONE,FIXED_HIGH_LEVEL_OPTIONAL,ACTIVE,トーホクではベガ既存個体を保護。カントーでは高レベル個体・隠れ特性・タマゴ技探索を担当。
ENCOUNTER_KEY_KANTO_FAMILY_0298,MAP_KEY_KANTO_K40,K40,洞窟・屋内オーバーレイ,ベガ初回殿堂入り後。認定章数でエリアと中間進化枠を段階解禁。,298,SPECIES_KEY_TYNAMO,306,82,94,8,NORMAL,TABLE_KEY_KANTO_K40,KANTO_CERT_2,DEXNAV_CHAIN_OR_RANK2,ONE_LEGAL_MOVE,ITEM_KEY_NONE,NONE,FIXED_HIGH_LEVEL_OPTIONAL,ACTIVE,トーホクではベガ既存個体を保護。カントーでは高レベル個体・隠れ特性・タマゴ技探索を担当。
ENCOUNTER_KEY_KANTO_FAMILY_0299,MAP_KEY_KANTO_K27,K27,洞窟・屋内オーバーレイ,ベガ初回殿堂入り後。認定章数でエリアと中間進化枠を段階解禁。,299,SPECIES_KEY_ELGYEM,307,73,80,8,NORMAL,TABLE_KEY_KANTO_K27,KANTO_EARLY_ACCESS,DEXNAV_CHAIN_OR_RANK2,ONE_LEGAL_MOVE,ITEM_KEY_NONE,NONE,FIXED_HIGH_LEVEL_OPTIONAL,ACTIVE,トーホクは本編で使える低～中レベル基礎種、カントーは高レベル個体・中間進化・隠れ特性探索を担当。
ENCOUNTER_KEY_KANTO_FAMILY_0300,MAP_KEY_KANTO_K31,K31,夜間オーバーレイ,ベガ初回殿堂入り後。認定章数でエリアと中間進化枠を段階解禁。,300,SPECIES_KEY_LITWICK,308,82,90,8,NORMAL,TABLE_KEY_KANTO_K31,KANTO_CERT_2,DEXNAV_CHAIN_OR_RANK2,ONE_LEGAL_MOVE,ITEM_KEY_NONE,NONE,FIXED_HIGH_LEVEL_OPTIONAL,ACTIVE,トーホクは本編で使える低～中レベル基礎種、カントーは高レベル個体・中間進化・隠れ特性探索を担当。
ENCOUNTER_KEY_KANTO_FAMILY_0301,MAP_KEY_KANTO_K43,K43,洞窟・屋内オーバーレイ,ベガ初回殿堂入り後。認定章数でエリアと中間進化枠を段階解禁。,301,SPECIES_KEY_AXEW,309,95,100,8,NORMAL,TABLE_KEY_KANTO_K43,KANTO_CERT_6,DEXNAV_CHAIN_OR_RANK2,ONE_LEGAL_MOVE,ITEM_KEY_NONE,NONE,FIXED_HIGH_LEVEL_OPTIONAL,ACTIVE,トーホクは本編で使える低～中レベル基礎種、カントーは高レベル個体・中間進化・隠れ特性探索を担当。
ENCOUNTER_KEY_KANTO_FAMILY_0302,MAP_KEY_KANTO_K38,K38,洞窟・屋内オーバーレイ,ベガ初回殿堂入り後。認定章数でエリアと中間進化枠を段階解禁。,302,SPECIES_KEY_CUBCHOO,310,88,96,8,NORMAL,TABLE_KEY_KANTO_K38,KANTO_CERT_4,DEXNAV_CHAIN_OR_RANK2,ONE_LEGAL_MOVE,ITEM_KEY_NONE,NONE,FIXED_HIGH_LEVEL_OPTIONAL,ACTIVE,トーホクは本編で使える低～中レベル基礎種、カントーは高レベル個体・中間進化・隠れ特性探索を担当。
ENCOUNTER_KEY_KANTO_FAMILY_0303,MAP_KEY_KANTO_K38,K38,屋内異常遭遇／DexNav,ベガ初回殿堂入り後。認定章数でエリアと中間進化枠を段階解禁。,303,SPECIES_KEY_CRYOGONAL,311,88,96,0,NORMAL,TABLE_KEY_KANTO_K38,KANTO_CERT_4,DEXNAV_CHAIN_OR_RANK2,ONE_LEGAL_MOVE,ITEM_KEY_NONE,NONE,FIXED_HIGH_LEVEL_OPTIONAL,ACTIVE,トーホクではベガ既存個体を保護。カントーでは高レベル個体・隠れ特性・タマゴ技探索を担当。
ENCOUNTER_KEY_KANTO_FAMILY_0304,MAP_KEY_KANTO_K35,K35,ずつき／朝昼オーバーレイ,ベガ初回殿堂入り後。認定章数でエリアと中間進化枠を段階解禁。,304,SPECIES_KEY_SHELMET,312,85,94,8,NORMAL,TABLE_KEY_KANTO_K35,KANTO_CERT_3,DEXNAV_CHAIN_OR_RANK2,ONE_LEGAL_MOVE,ITEM_KEY_NONE,NONE,FIXED_HIGH_LEVEL_OPTIONAL,ACTIVE,トーホクは本編で使える低～中レベル基礎種、カントーは高レベル個体・中間進化・隠れ特性探索を担当。
ENCOUNTER_KEY_KANTO_FAMILY_0305,MAP_KEY_KANTO_K10,K10,草むらオーバーレイ,ベガ初回殿堂入り後。認定章数でエリアと中間進化枠を段階解禁。,305,SPECIES_KEY_STUNFISK,313,78,84,8,NORMAL,TABLE_KEY_KANTO_K10,KANTO_CERT_1,DEXNAV_CHAIN_OR_RANK2,ONE_LEGAL_MOVE,ITEM_KEY_NONE,NONE,FIXED_HIGH_LEVEL_OPTIONAL,ACTIVE,トーホクではベガ既存個体を保護。カントーでは高レベル個体・隠れ特性・タマゴ技探索を担当。
ENCOUNTER_KEY_KANTO_FAMILY_0306,MAP_KEY_KANTO_K09,K09,草むらオーバーレイ,ベガ初回殿堂入り後。認定章数でエリアと中間進化枠を段階解禁。,306,SPECIES_KEY_MIENFOO,314,77,82,8,NORMAL,TABLE_KEY_KANTO_K09,KANTO_EARLY_ACCESS,DEXNAV_CHAIN_OR_RANK2,ONE_LEGAL_MOVE,ITEM_KEY_NONE,NONE,FIXED_HIGH_LEVEL_OPTIONAL,ACTIVE,トーホクではベガ既存個体を保護。カントーでは高レベル個体・隠れ特性・タマゴ技探索を担当。
ENCOUNTER_KEY_KANTO_FAMILY_0307,MAP_KEY_KANTO_K43,K43,洞窟・屋内オーバーレイ,ベガ初回殿堂入り後。認定章数でエリアと中間進化枠を段階解禁。,307,SPECIES_KEY_DRUDDIGON,315,95,100,8,NORMAL,TABLE_KEY_KANTO_K43,KANTO_CERT_6,DEXNAV_CHAIN_OR_RANK2,ONE_LEGAL_MOVE,ITEM_KEY_NONE,NONE,FIXED_HIGH_LEVEL_OPTIONAL,ACTIVE,トーホクは本編で使える低～中レベル基礎種、カントーは高レベル個体・中間進化・隠れ特性探索を担当。
ENCOUNTER_KEY_KANTO_FAMILY_0308,MAP_KEY_KANTO_K41,K41,屋内異常遭遇／DexNav,ベガ初回殿堂入り後。認定章数でエリアと中間進化枠を段階解禁。,308,SPECIES_KEY_GOLETT,316,90,97,0,NORMAL,TABLE_KEY_KANTO_K41,KANTO_CERT_5,DEXNAV_CHAIN_OR_RANK2,ONE_LEGAL_MOVE,ITEM_KEY_NONE,NONE,FIXED_HIGH_LEVEL_OPTIONAL,ACTIVE,トーホクは本編で使える低～中レベル基礎種、カントーは高レベル個体・中間進化・隠れ特性探索を担当。
ENCOUNTER_KEY_KANTO_FAMILY_0309,MAP_KEY_KANTO_LEAGUE,K42,いわくだき／DexNav,ベガ初回殿堂入り後。認定章数でエリアと中間進化枠を段階解禁。,309,SPECIES_KEY_PAWNIARD,317,94,100,0,NORMAL,TABLE_KEY_KANTO_K42,KANTO_LEAGUE,DEXNAV_CHAIN_OR_RANK2,ONE_LEGAL_MOVE,ITEM_KEY_NONE,NONE,FIXED_HIGH_LEVEL_OPTIONAL,ACTIVE,トーホクは本編で使える低～中レベル基礎種、カントーは高レベル個体・中間進化・隠れ特性探索を担当。
ENCOUNTER_KEY_KANTO_FAMILY_0310,MAP_KEY_KANTO_K34,K34,草むらオーバーレイ,ベガ初回殿堂入り後。認定章数でエリアと中間進化枠を段階解禁。,310,SPECIES_KEY_BOUFFALANT,318,85,94,8,NORMAL,TABLE_KEY_KANTO_K34,KANTO_CERT_3,DEXNAV_CHAIN_OR_RANK2,ONE_LEGAL_MOVE,ITEM_KEY_NONE,NONE,FIXED_HIGH_LEVEL_OPTIONAL,ACTIVE,トーホクは本編で使える低～中レベル基礎種、カントーは高レベル個体・中間進化・隠れ特性探索を担当。
ENCOUNTER_KEY_KANTO_FAMILY_0311,MAP_KEY_KANTO_ROUTE1,K01,大量発生,ベガ初回殿堂入り後。認定章数でエリアと中間進化枠を段階解禁。,311,SPECIES_KEY_RUFFLET,319,68,72,0,NORMAL,TABLE_KEY_KANTO_K01,KANTO_EARLY_ACCESS,DEXNAV_CHAIN_OR_RANK2,ONE_LEGAL_MOVE,ITEM_KEY_NONE,NONE,FIXED_HIGH_LEVEL_OPTIONAL,ACTIVE,トーホクは本編で使える低～中レベル基礎種、カントーは高レベル個体・中間進化・隠れ特性探索を担当。
ENCOUNTER_KEY_KANTO_FAMILY_0312,MAP_KEY_KANTO_K03,K03,夜間オーバーレイ,ベガ初回殿堂入り後。認定章数でエリアと中間進化枠を段階解禁。,312,SPECIES_KEY_VULLABY,320,71,75,8,NORMAL,TABLE_KEY_KANTO_K03,KANTO_EARLY_ACCESS,DEXNAV_CHAIN_OR_RANK2,ONE_LEGAL_MOVE,ITEM_KEY_NONE,NONE,FIXED_HIGH_LEVEL_OPTIONAL,ACTIVE,トーホクは本編で使える低～中レベル基礎種、カントーは高レベル個体・中間進化・隠れ特性探索を担当。
ENCOUNTER_KEY_KANTO_FAMILY_0313,MAP_KEY_KANTO_K17,K17,草むらオーバーレイ,ベガ初回殿堂入り後。認定章数でエリアと中間進化枠を段階解禁。,313,SPECIES_KEY_HEATMOR,321,83,89,8,NORMAL,TABLE_KEY_KANTO_K17,KANTO_CERT_2,DEXNAV_CHAIN_OR_RANK2,ONE_LEGAL_MOVE,ITEM_KEY_NONE,NONE,FIXED_HIGH_LEVEL_OPTIONAL,ACTIVE,トーホクは本編で使える低～中レベル基礎種、カントーは高レベル個体・中間進化・隠れ特性探索を担当。
ENCOUNTER_KEY_KANTO_FAMILY_0314,MAP_KEY_KANTO_K33,K33,ずつき／朝昼オーバーレイ,ベガ初回殿堂入り後。認定章数でエリアと中間進化枠を段階解禁。,314,SPECIES_KEY_DURANT,322,82,90,8,NORMAL,TABLE_KEY_KANTO_K33,KANTO_CERT_2,DEXNAV_CHAIN_OR_RANK2,ONE_LEGAL_MOVE,ITEM_KEY_NONE,NONE,FIXED_HIGH_LEVEL_OPTIONAL,ACTIVE,トーホクは本編で使える低～中レベル基礎種、カントーは高レベル個体・中間進化・隠れ特性探索を担当。
ENCOUNTER_KEY_KANTO_FAMILY_0315,MAP_KEY_KANTO_K23,K23,DexNav隠し枠,ベガ初回殿堂入り後。認定章数でエリアと中間進化枠を段階解禁。,315,SPECIES_KEY_DEINO,323,92,98,0,NORMAL,TABLE_KEY_KANTO_K23,KANTO_CERT_5,DEXNAV_CHAIN_OR_RANK2,ONE_LEGAL_MOVE,ITEM_KEY_NONE,NONE,FIXED_HIGH_LEVEL_OPTIONAL,ACTIVE,トーホクは本編で使える低～中レベル基礎種、カントーは高レベル個体・中間進化・隠れ特性探索を担当。
ENCOUNTER_KEY_KANTO_FAMILY_0316,MAP_KEY_KANTO_K24,K24,草むらオーバーレイ,ベガ初回殿堂入り後。認定章数でエリアと中間進化枠を段階解禁。,316,SPECIES_KEY_LARVESTA,324,74,79,8,NORMAL,TABLE_KEY_KANTO_K24,KANTO_EARLY_ACCESS,DEXNAV_CHAIN_OR_RANK2,ONE_LEGAL_MOVE,ITEM_KEY_NONE,NONE,FIXED_HIGH_LEVEL_OPTIONAL,ACTIVE,トーホクは本編で使える低～中レベル基礎種、カントーは高レベル個体・中間進化・隠れ特性探索を担当。
ENCOUNTER_KEY_KANTO_FAMILY_0317,MAP_KEY_KANTO_K43,K43,SIMPLE_EVENT,殿堂入り＋格闘調査,317,SPECIES_KEY_COBALION,325,75,75,0,EVENT,TABLE_KEY_KANTO_K43,KANTO_LEAGUE_CLEAR,SHARED_ONCE,ONE_LEGAL_MOVE,ITEM_KEY_NONE,SHARED_CAPTURE_KEY_NATIONAL_0638,FIXED_HIGH_LEVEL_OPTIONAL,ACTIVE,主地方で1個体だけ捕獲し、副地方では手掛かり・共鳴戦・専用素材を扱う。捕獲済みフラグは両地方で共有し、重複個体を与えない。
ENCOUNTER_KEY_KANTO_FAMILY_0318,MAP_KEY_KANTO_K43,K43,SIMPLE_EVENT,殿堂入り＋格闘調査,318,SPECIES_KEY_TERRAKION,326,75,75,0,EVENT,TABLE_KEY_KANTO_K43,KANTO_LEAGUE_CLEAR,SHARED_ONCE,ONE_LEGAL_MOVE,ITEM_KEY_NONE,SHARED_CAPTURE_KEY_NATIONAL_0639,FIXED_HIGH_LEVEL_OPTIONAL,ACTIVE,主地方で1個体だけ捕獲し、副地方では手掛かり・共鳴戦・専用素材を扱う。捕獲済みフラグは両地方で共有し、重複個体を与えない。
ENCOUNTER_KEY_KANTO_FAMILY_0319,MAP_KEY_KANTO_K43,K43,SIMPLE_EVENT,殿堂入り＋格闘調査,319,SPECIES_KEY_VIRIZION,327,75,75,0,EVENT,TABLE_KEY_KANTO_K43,KANTO_LEAGUE_CLEAR,SHARED_ONCE,ONE_LEGAL_MOVE,ITEM_KEY_NONE,SHARED_CAPTURE_KEY_NATIONAL_0640,FIXED_HIGH_LEVEL_OPTIONAL,ACTIVE,主地方で1個体だけ捕獲し、副地方では手掛かり・共鳴戦・専用素材を扱う。捕獲済みフラグは両地方で共有し、重複個体を与えない。
ENCOUNTER_KEY_KANTO_FAMILY_0320,MAP_KEY_KANTO_K43,K43,SIMPLE_EVENT,殿堂入り＋天候観測器＋主地方の捕獲フラグ共有,320,SPECIES_KEY_TORNADUS,328,95,100,0,EVENT,TABLE_KEY_KANTO_K43,KANTO_LEAGUE_CLEAR,SHARED_ONCE,ONE_LEGAL_MOVE,ITEM_KEY_NONE,SHARED_CAPTURE_KEY_NATIONAL_0641,FIXED_HIGH_LEVEL_OPTIONAL,ACTIVE,主地方で1個体だけ捕獲し、副地方では手掛かり・共鳴戦・専用素材を扱う。捕獲済みフラグは両地方で共有し、重複個体を与えない。
ENCOUNTER_KEY_KANTO_FAMILY_0321,MAP_KEY_KANTO_K43,K43,SIMPLE_EVENT,殿堂入り＋天候観測器,321,SPECIES_KEY_THUNDURUS,329,75,75,0,EVENT,TABLE_KEY_KANTO_K43,KANTO_LEAGUE_CLEAR,SHARED_ONCE,ONE_LEGAL_MOVE,ITEM_KEY_NONE,SHARED_CAPTURE_KEY_NATIONAL_0642,FIXED_HIGH_LEVEL_OPTIONAL,ACTIVE,主地方で1個体だけ捕獲し、副地方では手掛かり・共鳴戦・専用素材を扱う。捕獲済みフラグは両地方で共有し、重複個体を与えない。
ENCOUNTER_KEY_KANTO_FAMILY_0322,MAP_KEY_KANTO_K43,K43,SIMPLE_EVENT,スフィアいせき後＋主地方の捕獲フラグ共有,322,SPECIES_KEY_RESHIRAM,330,95,100,0,EVENT,TABLE_KEY_KANTO_K43,KANTO_LEAGUE_CLEAR,SHARED_ONCE,ONE_LEGAL_MOVE,ITEM_KEY_NONE,SHARED_CAPTURE_KEY_NATIONAL_0643,FIXED_HIGH_LEVEL_OPTIONAL,ACTIVE,主地方で1個体だけ捕獲し、副地方では手掛かり・共鳴戦・専用素材を扱う。捕獲済みフラグは両地方で共有し、重複個体を与えない。
ENCOUNTER_KEY_KANTO_FAMILY_0323,MAP_KEY_KANTO_K43,K43,SIMPLE_EVENT,スフィアいせき後＋主地方の捕獲フラグ共有,323,SPECIES_KEY_ZEKROM,331,95,100,0,EVENT,TABLE_KEY_KANTO_K43,KANTO_LEAGUE_CLEAR,SHARED_ONCE,ONE_LEGAL_MOVE,ITEM_KEY_NONE,SHARED_CAPTURE_KEY_NATIONAL_0644,FIXED_HIGH_LEVEL_OPTIONAL,ACTIVE,主地方で1個体だけ捕獲し、副地方では手掛かり・共鳴戦・専用素材を扱う。捕獲済みフラグは両地方で共有し、重複個体を与えない。
ENCOUNTER_KEY_KANTO_FAMILY_0324,MAP_KEY_KANTO_K43,K43,SIMPLE_EVENT,殿堂入り＋天候観測器,324,SPECIES_KEY_LANDORUS,332,75,75,0,EVENT,TABLE_KEY_KANTO_K43,KANTO_LEAGUE_CLEAR,SHARED_ONCE,ONE_LEGAL_MOVE,ITEM_KEY_NONE,SHARED_CAPTURE_KEY_NATIONAL_0645,FIXED_HIGH_LEVEL_OPTIONAL,ACTIVE,主地方で1個体だけ捕獲し、副地方では手掛かり・共鳴戦・専用素材を扱う。捕獲済みフラグは両地方で共有し、重複個体を与えない。
ENCOUNTER_KEY_KANTO_FAMILY_0325,MAP_KEY_KANTO_K43,K43,SIMPLE_EVENT,スフィアいせき後＋主地方の捕獲フラグ共有,325,SPECIES_KEY_KYUREM,333,95,100,0,EVENT,TABLE_KEY_KANTO_K43,KANTO_LEAGUE_CLEAR,SHARED_ONCE,ONE_LEGAL_MOVE,ITEM_KEY_NONE,SHARED_CAPTURE_KEY_NATIONAL_0646,FIXED_HIGH_LEVEL_OPTIONAL,ACTIVE,主地方で1個体だけ捕獲し、副地方では手掛かり・共鳴戦・専用素材を扱う。捕獲済みフラグは両地方で共有し、重複個体を与えない。
ENCOUNTER_KEY_KANTO_FAMILY_0326,MAP_KEY_KANTO_K43,K43,SIMPLE_EVENT,聖剣3体登録,326,SPECIES_KEY_KELDEO,334,80,80,0,EVENT,TABLE_KEY_KANTO_K43,KANTO_LEAGUE_CLEAR,SHARED_ONCE,ONE_LEGAL_MOVE,ITEM_KEY_NONE,SHARED_CAPTURE_KEY_NATIONAL_0647,FIXED_HIGH_LEVEL_OPTIONAL,ACTIVE,主地方で1個体だけ捕獲し、副地方では手掛かり・共鳴戦・専用素材を扱う。捕獲済みフラグは両地方で共有し、重複個体を与えない。
ENCOUNTER_KEY_KANTO_FAMILY_0327,MAP_KEY_KANTO_K43,K43,SIMPLE_EVENT,殿堂入り＋音符アイテム4個,327,SPECIES_KEY_MELOETTA,335,80,80,0,EVENT,TABLE_KEY_KANTO_K43,KANTO_LEAGUE_CLEAR,SHARED_ONCE,ONE_LEGAL_MOVE,ITEM_KEY_NONE,SHARED_CAPTURE_KEY_NATIONAL_0648,FIXED_HIGH_LEVEL_OPTIONAL,ACTIVE,主地方で1個体だけ捕獲し、副地方では手掛かり・共鳴戦・専用素材を扱う。捕獲済みフラグは両地方で共有し、重複個体を与えない。
ENCOUNTER_KEY_KANTO_FAMILY_0328,MAP_KEY_KANTO_K43,K43,SIMPLE_EVENT,殿堂入り＋研究ランク4,328,SPECIES_KEY_GENESECT,336,80,80,0,EVENT,TABLE_KEY_KANTO_K43,KANTO_LEAGUE_CLEAR,SHARED_ONCE,ONE_LEGAL_MOVE,ITEM_KEY_NONE,SHARED_CAPTURE_KEY_NATIONAL_0649,FIXED_HIGH_LEVEL_OPTIONAL,ACTIVE,主地方で1個体だけ捕獲し、副地方では手掛かり・共鳴戦・専用素材を扱う。捕獲済みフラグは両地方で共有し、重複個体を与えない。
ENCOUNTER_KEY_KANTO_FAMILY_0329,MAP_KEY_KANTO_K47,K47,オーキド研究所の生態交換タマゴ,ベガ初回殿堂入り後。認定章数でエリアと中間進化枠を段階解禁。,329,SPECIES_KEY_CHESPIN,337,68,68,2,NORMAL,TABLE_KEY_KANTO_K47,KANTO_EARLY_ACCESS,DEXNAV_CHAIN_OR_RANK2,ONE_LEGAL_MOVE,ITEM_KEY_NONE,NONE,FIXED_HIGH_LEVEL_OPTIONAL,ACTIVE,御三家を野生化せず、両地方の研究所を巡る収集導線にする。
ENCOUNTER_KEY_KANTO_FAMILY_0330,MAP_KEY_KANTO_K47,K47,オーキド研究所の生態交換タマゴ,ベガ初回殿堂入り後。認定章数でエリアと中間進化枠を段階解禁。,330,SPECIES_KEY_FENNEKIN,338,68,68,2,NORMAL,TABLE_KEY_KANTO_K47,KANTO_EARLY_ACCESS,DEXNAV_CHAIN_OR_RANK2,ONE_LEGAL_MOVE,ITEM_KEY_NONE,NONE,FIXED_HIGH_LEVEL_OPTIONAL,ACTIVE,御三家を野生化せず、両地方の研究所を巡る収集導線にする。
ENCOUNTER_KEY_KANTO_FAMILY_0331,MAP_KEY_KANTO_K47,K47,オーキド研究所の生態交換タマゴ,ベガ初回殿堂入り後。認定章数でエリアと中間進化枠を段階解禁。,331,SPECIES_KEY_FROAKIE,339,68,68,2,NORMAL,TABLE_KEY_KANTO_K47,KANTO_EARLY_ACCESS,DEXNAV_CHAIN_OR_RANK2,ONE_LEGAL_MOVE,ITEM_KEY_NONE,NONE,FIXED_HIGH_LEVEL_OPTIONAL,ACTIVE,御三家を野生化せず、両地方の研究所を巡る収集導線にする。
ENCOUNTER_KEY_KANTO_FAMILY_0332,MAP_KEY_KANTO_K04,K04,草むらオーバーレイ,ベガ初回殿堂入り後。認定章数でエリアと中間進化枠を段階解禁。,332,SPECIES_KEY_BUNNELBY,340,72,77,8,NORMAL,TABLE_KEY_KANTO_K04,KANTO_EARLY_ACCESS,DEXNAV_CHAIN_OR_RANK2,ONE_LEGAL_MOVE,ITEM_KEY_NONE,NONE,FIXED_HIGH_LEVEL_OPTIONAL,ACTIVE,トーホクは本編で使える低～中レベル基礎種、カントーは高レベル個体・中間進化・隠れ特性探索を担当。
ENCOUNTER_KEY_KANTO_FAMILY_0333,MAP_KEY_KANTO_ROUTE1,K01,草むらオーバーレイ,ベガ初回殿堂入り後。認定章数でエリアと中間進化枠を段階解禁。,333,SPECIES_KEY_FLETCHLING,341,68,72,8,NORMAL,TABLE_KEY_KANTO_K01,KANTO_EARLY_ACCESS,DEXNAV_CHAIN_OR_RANK2,ONE_LEGAL_MOVE,ITEM_KEY_NONE,NONE,FIXED_HIGH_LEVEL_OPTIONAL,ACTIVE,トーホクは本編で使える低～中レベル基礎種、カントーは高レベル個体・中間進化・隠れ特性探索を担当。
ENCOUNTER_KEY_KANTO_FAMILY_0334,MAP_KEY_KANTO_K24,K24,草むらオーバーレイ,ベガ初回殿堂入り後。認定章数でエリアと中間進化枠を段階解禁。,334,SPECIES_KEY_SCATTERBUG,342,74,79,8,NORMAL,TABLE_KEY_KANTO_K24,KANTO_EARLY_ACCESS,DEXNAV_CHAIN_OR_RANK2,ONE_LEGAL_MOVE,ITEM_KEY_NONE,NONE,FIXED_HIGH_LEVEL_OPTIONAL,ACTIVE,トーホクは本編で使える低～中レベル基礎種、カントーは高レベル個体・中間進化・隠れ特性探索を担当。
ENCOUNTER_KEY_KANTO_FAMILY_0335,MAP_KEY_KANTO_K17,K17,草むらオーバーレイ,ベガ初回殿堂入り後。認定章数でエリアと中間進化枠を段階解禁。,335,SPECIES_KEY_LITLEO,343,83,89,8,NORMAL,TABLE_KEY_KANTO_K17,KANTO_CERT_2,DEXNAV_CHAIN_OR_RANK2,ONE_LEGAL_MOVE,ITEM_KEY_NONE,NONE,FIXED_HIGH_LEVEL_OPTIONAL,ACTIVE,トーホクは本編で使える低～中レベル基礎種、カントーは高レベル個体・中間進化・隠れ特性探索を担当。
ENCOUNTER_KEY_KANTO_FAMILY_0336,MAP_KEY_KANTO_K33,K33,草むらオーバーレイ,ベガ初回殿堂入り後。認定章数でエリアと中間進化枠を段階解禁。,336,SPECIES_KEY_FLABEBE,344,82,90,8,NORMAL,TABLE_KEY_KANTO_K33,KANTO_CERT_2,DEXNAV_CHAIN_OR_RANK2,ONE_LEGAL_MOVE,ITEM_KEY_NONE,NONE,FIXED_HIGH_LEVEL_OPTIONAL,ACTIVE,トーホクは本編で使える低～中レベル基礎種、カントーは高レベル個体・中間進化・隠れ特性探索を担当。
ENCOUNTER_KEY_KANTO_FAMILY_0337,MAP_KEY_KANTO_VIRIDIAN_FOREST,K26,ずつき／朝昼オーバーレイ,ベガ初回殿堂入り後。認定章数でエリアと中間進化枠を段階解禁。,337,SPECIES_KEY_SKIDDO,345,70,76,8,NORMAL,TABLE_KEY_KANTO_K26,KANTO_EARLY_ACCESS,DEXNAV_CHAIN_OR_RANK2,ONE_LEGAL_MOVE,ITEM_KEY_NONE,NONE,FIXED_HIGH_LEVEL_OPTIONAL,ACTIVE,トーホクは本編で使える低～中レベル基礎種、カントーは高レベル個体・中間進化・隠れ特性探索を担当。
ENCOUNTER_KEY_KANTO_FAMILY_0338,MAP_KEY_KANTO_K07,K07,夜間オーバーレイ,ベガ初回殿堂入り後。認定章数でエリアと中間進化枠を段階解禁。,338,SPECIES_KEY_PANCHAM,346,78,83,8,NORMAL,TABLE_KEY_KANTO_K07,KANTO_CERT_1,DEXNAV_CHAIN_OR_RANK2,ONE_LEGAL_MOVE,ITEM_KEY_NONE,NONE,FIXED_HIGH_LEVEL_OPTIONAL,ACTIVE,トーホクは本編で使える低～中レベル基礎種、カントーは高レベル個体・中間進化・隠れ特性探索を担当。
ENCOUNTER_KEY_KANTO_FAMILY_0339,MAP_KEY_KANTO_K16,K16,草むらオーバーレイ,ベガ初回殿堂入り後。認定章数でエリアと中間進化枠を段階解禁。,339,SPECIES_KEY_FURFROU,347,81,86,8,NORMAL,TABLE_KEY_KANTO_K16,KANTO_CERT_2,DEXNAV_CHAIN_OR_RANK2,ONE_LEGAL_MOVE,ITEM_KEY_NONE,NONE,FIXED_HIGH_LEVEL_OPTIONAL,ACTIVE,トーホクは本編で使える低～中レベル基礎種、カントーは高レベル個体・中間進化・隠れ特性探索を担当。
ENCOUNTER_KEY_KANTO_FAMILY_0340,MAP_KEY_KANTO_K05,K05,草むらオーバーレイ,ベガ初回殿堂入り後。認定章数でエリアと中間進化枠を段階解禁。,340,SPECIES_KEY_ESPURR,348,74,79,8,NORMAL,TABLE_KEY_KANTO_K05,KANTO_EARLY_ACCESS,DEXNAV_CHAIN_OR_RANK2,ONE_LEGAL_MOVE,ITEM_KEY_NONE,NONE,FIXED_HIGH_LEVEL_OPTIONAL,ACTIVE,トーホクは本編で使える低～中レベル基礎種、カントーは高レベル個体・中間進化・隠れ特性探索を担当。
ENCOUNTER_KEY_KANTO_FAMILY_0341,MAP_KEY_KANTO_LEAGUE,K42,いわくだき／DexNav,ベガ初回殿堂入り後。認定章数でエリアと中間進化枠を段階解禁。,341,SPECIES_KEY_HONEDGE,349,94,100,0,NORMAL,TABLE_KEY_KANTO_K42,KANTO_LEAGUE,DEXNAV_CHAIN_OR_RANK2,ONE_LEGAL_MOVE,ITEM_KEY_NONE,NONE,FIXED_HIGH_LEVEL_OPTIONAL,ACTIVE,トーホクは本編で使える低～中レベル基礎種、カントーは高レベル個体・中間進化・隠れ特性探索を担当。
ENCOUNTER_KEY_KANTO_FAMILY_0342,MAP_KEY_KANTO_K33,K33,草むらオーバーレイ,ベガ初回殿堂入り後。認定章数でエリアと中間進化枠を段階解禁。,342,SPECIES_KEY_SPRITZEE,350,82,90,8,NORMAL,TABLE_KEY_KANTO_K33,KANTO_CERT_2,DEXNAV_CHAIN_OR_RANK2,ONE_LEGAL_MOVE,ITEM_KEY_NONE,NONE,FIXED_HIGH_LEVEL_OPTIONAL,ACTIVE,トーホクは本編で使える低～中レベル基礎種、カントーは高レベル個体・中間進化・隠れ特性探索を担当。
ENCOUNTER_KEY_KANTO_FAMILY_0343,MAP_KEY_KANTO_K34,K34,大量発生,ベガ初回殿堂入り後。認定章数でエリアと中間進化枠を段階解禁。,343,SPECIES_KEY_SWIRLIX,351,85,94,0,NORMAL,TABLE_KEY_KANTO_K34,KANTO_CERT_3,DEXNAV_CHAIN_OR_RANK2,ONE_LEGAL_MOVE,ITEM_KEY_NONE,NONE,FIXED_HIGH_LEVEL_OPTIONAL,ACTIVE,トーホクは本編で使える低～中レベル基礎種、カントーは高レベル個体・中間進化・隠れ特性探索を担当。
ENCOUNTER_KEY_KANTO_FAMILY_0344,MAP_KEY_KANTO_K08,K08,夜間オーバーレイ,ベガ初回殿堂入り後。認定章数でエリアと中間進化枠を段階解禁。,344,SPECIES_KEY_INKAY,352,79,84,8,NORMAL,TABLE_KEY_KANTO_K08,KANTO_CERT_1,DEXNAV_CHAIN_OR_RANK2,ONE_LEGAL_MOVE,ITEM_KEY_NONE,NONE,FIXED_HIGH_LEVEL_OPTIONAL,ACTIVE,トーホクは本編で使える低～中レベル基礎種、カントーは高レベル個体・中間進化・隠れ特性探索を担当。
ENCOUNTER_KEY_KANTO_FAMILY_0345,MAP_KEY_KANTO_K21,K21,釣りオーバーレイ,ベガ初回殿堂入り後。認定章数でエリアと中間進化枠を段階解禁。,345,SPECIES_KEY_BINACLE,353,89,94,10,NORMAL,TABLE_KEY_KANTO_K21,KANTO_CERT_4,DEXNAV_CHAIN_OR_RANK2,ONE_LEGAL_MOVE,ITEM_KEY_NONE,NONE,FIXED_HIGH_LEVEL_OPTIONAL,ACTIVE,トーホクは本編で使える低～中レベル基礎種、カントーは高レベル個体・中間進化・隠れ特性探索を担当。
ENCOUNTER_KEY_KANTO_FAMILY_0346,MAP_KEY_KANTO_K13,K13,水上オーバーレイ,ベガ初回殿堂入り後。認定章数でエリアと中間進化枠を段階解禁。,346,SPECIES_KEY_SKRELP,354,83,88,10,NORMAL,TABLE_KEY_KANTO_K13,KANTO_CERT_2,DEXNAV_CHAIN_OR_RANK2,ONE_LEGAL_MOVE,ITEM_KEY_NONE,NONE,FIXED_HIGH_LEVEL_OPTIONAL,ACTIVE,トーホクは本編で使える低～中レベル基礎種、カントーは高レベル個体・中間進化・隠れ特性探索を担当。
ENCOUNTER_KEY_KANTO_FAMILY_0347,MAP_KEY_KANTO_K19,K19,水上オーバーレイ,ベガ初回殿堂入り後。認定章数でエリアと中間進化枠を段階解禁。,347,SPECIES_KEY_CLAUNCHER,355,87,92,10,NORMAL,TABLE_KEY_KANTO_K19,KANTO_CERT_4,DEXNAV_CHAIN_OR_RANK2,ONE_LEGAL_MOVE,ITEM_KEY_NONE,NONE,FIXED_HIGH_LEVEL_OPTIONAL,ACTIVE,トーホクは本編で使える低～中レベル基礎種、カントーは高レベル個体・中間進化・隠れ特性探索を担当。
ENCOUNTER_KEY_KANTO_FAMILY_0348,MAP_KEY_KANTO_K10,K10,草むらオーバーレイ,ベガ初回殿堂入り後。認定章数でエリアと中間進化枠を段階解禁。,348,SPECIES_KEY_HELIOPTILE,356,78,84,8,NORMAL,TABLE_KEY_KANTO_K10,KANTO_CERT_1,DEXNAV_CHAIN_OR_RANK2,ONE_LEGAL_MOVE,ITEM_KEY_NONE,NONE,FIXED_HIGH_LEVEL_OPTIONAL,ACTIVE,トーホクは本編で使える低～中レベル基礎種、カントーは高レベル個体・中間進化・隠れ特性探索を担当。
ENCOUNTER_KEY_KANTO_FAMILY_0349,MAP_KEY_KANTO_K45,K45,博物館鑑定後に復元,ベガ初回殿堂入り後。認定章数でエリアと中間進化枠を段階解禁。,349,SPECIES_KEY_TYRUNT,357,68,68,8,NORMAL,TABLE_KEY_KANTO_K45,KANTO_EARLY_ACCESS,DEXNAV_CHAIN_OR_RANK2,ONE_LEGAL_MOVE,ITEM_KEY_NONE,NONE,FIXED_HIGH_LEVEL_OPTIONAL,ACTIVE,トーホクは早期の復元、カントーは高個体値・隠れ特性の再復元を担当。
ENCOUNTER_KEY_KANTO_FAMILY_0350,MAP_KEY_KANTO_K45,K45,博物館鑑定後に復元,ベガ初回殿堂入り後。認定章数でエリアと中間進化枠を段階解禁。,350,SPECIES_KEY_AMAURA,358,68,68,8,NORMAL,TABLE_KEY_KANTO_K45,KANTO_EARLY_ACCESS,DEXNAV_CHAIN_OR_RANK2,ONE_LEGAL_MOVE,ITEM_KEY_NONE,NONE,FIXED_HIGH_LEVEL_OPTIONAL,ACTIVE,トーホクは早期の復元、カントーは高個体値・隠れ特性の再復元を担当。
ENCOUNTER_KEY_KANTO_FAMILY_0351,MAP_KEY_KANTO_K09,K09,草むらオーバーレイ,ベガ初回殿堂入り後。認定章数でエリアと中間進化枠を段階解禁。,351,SPECIES_KEY_HAWLUCHA,359,77,82,8,NORMAL,TABLE_KEY_KANTO_K09,KANTO_EARLY_ACCESS,DEXNAV_CHAIN_OR_RANK2,ONE_LEGAL_MOVE,ITEM_KEY_NONE,NONE,FIXED_HIGH_LEVEL_OPTIONAL,ACTIVE,トーホクは本編で使える低～中レベル基礎種、カントーは高レベル個体・中間進化・隠れ特性探索を担当。
ENCOUNTER_KEY_KANTO_FAMILY_0352,MAP_KEY_KANTO_K33,K33,草むらオーバーレイ,ベガ初回殿堂入り後。認定章数でエリアと中間進化枠を段階解禁。,352,SPECIES_KEY_DEDENNE,360,82,90,8,NORMAL,TABLE_KEY_KANTO_K33,KANTO_CERT_2,DEXNAV_CHAIN_OR_RANK2,ONE_LEGAL_MOVE,ITEM_KEY_NONE,NONE,FIXED_HIGH_LEVEL_OPTIONAL,ACTIVE,トーホクは本編で使える低～中レベル基礎種、カントーは高レベル個体・中間進化・隠れ特性探索を担当。
ENCOUNTER_KEY_KANTO_FAMILY_0353,MAP_KEY_KANTO_K27,K27,いわくだき／DexNav,ベガ初回殿堂入り後。認定章数でエリアと中間進化枠を段階解禁。,353,SPECIES_KEY_CARBINK,361,73,80,0,NORMAL,TABLE_KEY_KANTO_K27,KANTO_EARLY_ACCESS,DEXNAV_CHAIN_OR_RANK2,ONE_LEGAL_MOVE,ITEM_KEY_NONE,NONE,FIXED_HIGH_LEVEL_OPTIONAL,ACTIVE,トーホクは本編で使える低～中レベル基礎種、カントーは高レベル個体・中間進化・隠れ特性探索を担当。
ENCOUNTER_KEY_KANTO_FAMILY_0354,MAP_KEY_KANTO_K43,K43,DexNav隠し枠,ベガ初回殿堂入り後。認定章数でエリアと中間進化枠を段階解禁。,354,SPECIES_KEY_GOOMY,362,95,100,0,NORMAL,TABLE_KEY_KANTO_K43,KANTO_CERT_6,DEXNAV_CHAIN_OR_RANK2,ONE_LEGAL_MOVE,ITEM_KEY_NONE,NONE,FIXED_HIGH_LEVEL_OPTIONAL,ACTIVE,トーホクは本編で使える低～中レベル基礎種、カントーは高レベル個体・中間進化・隠れ特性探索を担当。
ENCOUNTER_KEY_KANTO_FAMILY_0355,MAP_KEY_KANTO_K41,K41,屋内異常遭遇／DexNav,ベガ初回殿堂入り後。認定章数でエリアと中間進化枠を段階解禁。,355,SPECIES_KEY_KLEFKI,363,90,97,0,NORMAL,TABLE_KEY_KANTO_K41,KANTO_CERT_5,DEXNAV_CHAIN_OR_RANK2,ONE_LEGAL_MOVE,ITEM_KEY_NONE,NONE,FIXED_HIGH_LEVEL_OPTIONAL,ACTIVE,トーホクは本編で使える低～中レベル基礎種、カントーは高レベル個体・中間進化・隠れ特性探索を担当。
ENCOUNTER_KEY_KANTO_FAMILY_0356,MAP_KEY_KANTO_VIRIDIAN_FOREST,K26,夜間オーバーレイ,ベガ初回殿堂入り後。認定章数でエリアと中間進化枠を段階解禁。,356,SPECIES_KEY_PHANTUMP,364,70,76,8,NORMAL,TABLE_KEY_KANTO_K26,KANTO_EARLY_ACCESS,DEXNAV_CHAIN_OR_RANK2,ONE_LEGAL_MOVE,ITEM_KEY_NONE,NONE,FIXED_HIGH_LEVEL_OPTIONAL,ACTIVE,トーホクは本編で使える低～中レベル基礎種、カントーは高レベル個体・中間進化・隠れ特性探索を担当。
ENCOUNTER_KEY_KANTO_FAMILY_0357,MAP_KEY_KANTO_K02,K02,夜間オーバーレイ,ベガ初回殿堂入り後。認定章数でエリアと中間進化枠を段階解禁。,357,SPECIES_KEY_PUMPKABOO,365,69,73,8,NORMAL,TABLE_KEY_KANTO_K02,KANTO_EARLY_ACCESS,DEXNAV_CHAIN_OR_RANK2,ONE_LEGAL_MOVE,ITEM_KEY_NONE,NONE,FIXED_HIGH_LEVEL_OPTIONAL,ACTIVE,トーホクは本編で使える低～中レベル基礎種、カントーは高レベル個体・中間進化・隠れ特性探索を担当。
ENCOUNTER_KEY_KANTO_FAMILY_0358,MAP_KEY_KANTO_K38,K38,洞窟・屋内オーバーレイ,ベガ初回殿堂入り後。認定章数でエリアと中間進化枠を段階解禁。,358,SPECIES_KEY_BERGMITE,366,88,96,8,NORMAL,TABLE_KEY_KANTO_K38,KANTO_CERT_4,DEXNAV_CHAIN_OR_RANK2,ONE_LEGAL_MOVE,ITEM_KEY_NONE,NONE,FIXED_HIGH_LEVEL_OPTIONAL,ACTIVE,トーホクは本編で使える低～中レベル基礎種、カントーは高レベル個体・中間進化・隠れ特性探索を担当。
ENCOUNTER_KEY_KANTO_FAMILY_0359,MAP_KEY_KANTO_K11,K11,草むらオーバーレイ,ベガ初回殿堂入り後。認定章数でエリアと中間進化枠を段階解禁。,359,SPECIES_KEY_NOIBAT,367,76,82,8,NORMAL,TABLE_KEY_KANTO_K11,KANTO_EARLY_ACCESS,DEXNAV_CHAIN_OR_RANK2,ONE_LEGAL_MOVE,ITEM_KEY_NONE,NONE,FIXED_HIGH_LEVEL_OPTIONAL,ACTIVE,トーホクは本編で使える低～中レベル基礎種、カントーは高レベル個体・中間進化・隠れ特性探索を担当。
ENCOUNTER_KEY_KANTO_FAMILY_0360,MAP_KEY_KANTO_K43,K43,SIMPLE_EVENT,全国研究ランク4＋主地方の捕獲フラグ共有,360,SPECIES_KEY_XERNEAS,368,95,100,0,EVENT,TABLE_KEY_KANTO_K43,KANTO_LEAGUE_CLEAR,SHARED_ONCE,ONE_LEGAL_MOVE,ITEM_KEY_NONE,SHARED_CAPTURE_KEY_NATIONAL_0716,FIXED_HIGH_LEVEL_OPTIONAL,ACTIVE,主地方で1個体だけ捕獲し、副地方では手掛かり・共鳴戦・専用素材を扱う。捕獲済みフラグは両地方で共有し、重複個体を与えない。
ENCOUNTER_KEY_KANTO_FAMILY_0361,MAP_KEY_KANTO_K43,K43,SIMPLE_EVENT,全国研究ランク4,361,SPECIES_KEY_YVELTAL,369,75,75,0,EVENT,TABLE_KEY_KANTO_K43,KANTO_LEAGUE_CLEAR,SHARED_ONCE,ONE_LEGAL_MOVE,ITEM_KEY_NONE,SHARED_CAPTURE_KEY_NATIONAL_0717,FIXED_HIGH_LEVEL_OPTIONAL,ACTIVE,主地方で1個体だけ捕獲し、副地方では手掛かり・共鳴戦・専用素材を扱う。捕獲済みフラグは両地方で共有し、重複個体を与えない。
ENCOUNTER_KEY_KANTO_FAMILY_0362,MAP_KEY_KANTO_K43,K43,SIMPLE_EVENT,全国研究ランク4＋主地方の捕獲フラグ共有,362,SPECIES_KEY_ZYGARDE,370,95,100,0,EVENT,TABLE_KEY_KANTO_K43,KANTO_LEAGUE_CLEAR,SHARED_ONCE,ONE_LEGAL_MOVE,ITEM_KEY_NONE,SHARED_CAPTURE_KEY_NATIONAL_0718,FIXED_HIGH_LEVEL_OPTIONAL,ACTIVE,主地方で1個体だけ捕獲し、副地方では手掛かり・共鳴戦・専用素材を扱う。捕獲済みフラグは両地方で共有し、重複個体を与えない。
ENCOUNTER_KEY_KANTO_FAMILY_0363,MAP_KEY_KANTO_K43,K43,SIMPLE_EVENT,殿堂入り＋鉱石納品＋主地方の捕獲フラグ共有,363,SPECIES_KEY_DIANCIE,371,95,100,0,EVENT,TABLE_KEY_KANTO_K43,KANTO_LEAGUE_CLEAR,SHARED_ONCE,ONE_LEGAL_MOVE,ITEM_KEY_NONE,SHARED_CAPTURE_KEY_NATIONAL_0719,FIXED_HIGH_LEVEL_OPTIONAL,ACTIVE,主地方で1個体だけ捕獲し、副地方では手掛かり・共鳴戦・専用素材を扱う。捕獲済みフラグは両地方で共有し、重複個体を与えない。
ENCOUNTER_KEY_KANTO_FAMILY_0364,MAP_KEY_KANTO_K43,K43,SIMPLE_EVENT,殿堂入り＋各地の封印輪3個,364,SPECIES_KEY_HOOPA,372,80,80,0,EVENT,TABLE_KEY_KANTO_K43,KANTO_LEAGUE_CLEAR,SHARED_ONCE,ONE_LEGAL_MOVE,ITEM_KEY_NONE,SHARED_CAPTURE_KEY_NATIONAL_0720,FIXED_HIGH_LEVEL_OPTIONAL,ACTIVE,主地方で1個体だけ捕獲し、副地方では手掛かり・共鳴戦・専用素材を扱う。捕獲済みフラグは両地方で共有し、重複個体を与えない。
ENCOUNTER_KEY_KANTO_FAMILY_0365,MAP_KEY_KANTO_K43,K43,SIMPLE_EVENT,殿堂入り＋ボルケニオン用圧力弁＋主地方の捕獲フラグ共有,365,SPECIES_KEY_VOLCANION,373,95,100,0,EVENT,TABLE_KEY_KANTO_K43,KANTO_LEAGUE_CLEAR,SHARED_ONCE,ONE_LEGAL_MOVE,ITEM_KEY_NONE,SHARED_CAPTURE_KEY_NATIONAL_0721,FIXED_HIGH_LEVEL_OPTIONAL,ACTIVE,主地方で1個体だけ捕獲し、副地方では手掛かり・共鳴戦・専用素材を扱う。捕獲済みフラグは両地方で共有し、重複個体を与えない。
ENCOUNTER_KEY_KANTO_FAMILY_0366,MAP_KEY_KANTO_K47,K47,オーキド研究所の生態交換タマゴ,ベガ初回殿堂入り後。認定章数でエリアと中間進化枠を段階解禁。,366,SPECIES_KEY_ROWLET,374,68,68,2,NORMAL,TABLE_KEY_KANTO_K47,KANTO_EARLY_ACCESS,DEXNAV_CHAIN_OR_RANK2,ONE_LEGAL_MOVE,ITEM_KEY_NONE,NONE,FIXED_HIGH_LEVEL_OPTIONAL,ACTIVE,御三家を野生化せず、両地方の研究所を巡る収集導線にする。
ENCOUNTER_KEY_KANTO_FAMILY_0367,MAP_KEY_KANTO_K47,K47,オーキド研究所の生態交換タマゴ,ベガ初回殿堂入り後。認定章数でエリアと中間進化枠を段階解禁。,367,SPECIES_KEY_LITTEN,375,68,68,2,NORMAL,TABLE_KEY_KANTO_K47,KANTO_EARLY_ACCESS,DEXNAV_CHAIN_OR_RANK2,ONE_LEGAL_MOVE,ITEM_KEY_NONE,NONE,FIXED_HIGH_LEVEL_OPTIONAL,ACTIVE,御三家を野生化せず、両地方の研究所を巡る収集導線にする。
ENCOUNTER_KEY_KANTO_FAMILY_0368,MAP_KEY_KANTO_K47,K47,オーキド研究所の生態交換タマゴ,ベガ初回殿堂入り後。認定章数でエリアと中間進化枠を段階解禁。,368,SPECIES_KEY_POPPLIO,376,68,68,2,NORMAL,TABLE_KEY_KANTO_K47,KANTO_EARLY_ACCESS,DEXNAV_CHAIN_OR_RANK2,ONE_LEGAL_MOVE,ITEM_KEY_NONE,NONE,FIXED_HIGH_LEVEL_OPTIONAL,ACTIVE,御三家を野生化せず、両地方の研究所を巡る収集導線にする。
ENCOUNTER_KEY_KANTO_FAMILY_0369,MAP_KEY_KANTO_K25,K25,草むらオーバーレイ,ベガ初回殿堂入り後。認定章数でエリアと中間進化枠を段階解禁。,369,SPECIES_KEY_PIKIPEK,377,75,80,8,NORMAL,TABLE_KEY_KANTO_K25,KANTO_EARLY_ACCESS,DEXNAV_CHAIN_OR_RANK2,ONE_LEGAL_MOVE,ITEM_KEY_NONE,NONE,FIXED_HIGH_LEVEL_OPTIONAL,ACTIVE,トーホクは本編で使える低～中レベル基礎種、カントーは高レベル個体・中間進化・隠れ特性探索を担当。
ENCOUNTER_KEY_KANTO_FAMILY_0370,MAP_KEY_KANTO_K18,K18,草むらオーバーレイ,ベガ初回殿堂入り後。認定章数でエリアと中間進化枠を段階解禁。,370,SPECIES_KEY_YUNGOOS,378,84,90,8,NORMAL,TABLE_KEY_KANTO_K18,KANTO_CERT_3,DEXNAV_CHAIN_OR_RANK2,ONE_LEGAL_MOVE,ITEM_KEY_NONE,NONE,FIXED_HIGH_LEVEL_OPTIONAL,ACTIVE,トーホクは本編で使える低～中レベル基礎種、カントーは高レベル個体・中間進化・隠れ特性探索を担当。
ENCOUNTER_KEY_KANTO_FAMILY_0371,MAP_KEY_KANTO_K35,K35,ずつき／朝昼オーバーレイ,ベガ初回殿堂入り後。認定章数でエリアと中間進化枠を段階解禁。,371,SPECIES_KEY_GRUBBIN,379,85,94,8,NORMAL,TABLE_KEY_KANTO_K35,KANTO_CERT_3,DEXNAV_CHAIN_OR_RANK2,ONE_LEGAL_MOVE,ITEM_KEY_NONE,NONE,FIXED_HIGH_LEVEL_OPTIONAL,ACTIVE,トーホクは本編で使える低～中レベル基礎種、カントーは高レベル個体・中間進化・隠れ特性探索を担当。
ENCOUNTER_KEY_KANTO_FAMILY_0372,MAP_KEY_KANTO_K20,K20,大量発生,ベガ初回殿堂入り後。認定章数でエリアと中間進化枠を段階解禁。,372,SPECIES_KEY_CRABRAWLER,380,88,93,0,NORMAL,TABLE_KEY_KANTO_K20,KANTO_CERT_4,DEXNAV_CHAIN_OR_RANK2,ONE_LEGAL_MOVE,ITEM_KEY_NONE,NONE,FIXED_HIGH_LEVEL_OPTIONAL,ACTIVE,トーホクは本編で使える低～中レベル基礎種、カントーは高レベル個体・中間進化・隠れ特性探索を担当。
ENCOUNTER_KEY_KANTO_FAMILY_0373,MAP_KEY_KANTO_K21,K21,草むらオーバーレイ,ベガ初回殿堂入り後。認定章数でエリアと中間進化枠を段階解禁。,373,SPECIES_KEY_ORICORIO,381,89,94,8,NORMAL,TABLE_KEY_KANTO_K21,KANTO_CERT_4,DEXNAV_CHAIN_OR_RANK2,ONE_LEGAL_MOVE,ITEM_KEY_NONE,NONE,FIXED_HIGH_LEVEL_OPTIONAL,ACTIVE,トーホクは本編で使える低～中レベル基礎種、カントーは高レベル個体・中間進化・隠れ特性探索を担当。
ENCOUNTER_KEY_KANTO_FAMILY_0374,MAP_KEY_KANTO_K35,K35,ずつき／朝昼オーバーレイ,ベガ初回殿堂入り後。認定章数でエリアと中間進化枠を段階解禁。,374,SPECIES_KEY_CUTIEFLY,382,85,94,8,NORMAL,TABLE_KEY_KANTO_K35,KANTO_CERT_3,DEXNAV_CHAIN_OR_RANK2,ONE_LEGAL_MOVE,ITEM_KEY_NONE,NONE,FIXED_HIGH_LEVEL_OPTIONAL,ACTIVE,トーホクは本編で使える低～中レベル基礎種、カントーは高レベル個体・中間進化・隠れ特性探索を担当。
ENCOUNTER_KEY_KANTO_FAMILY_0375,MAP_KEY_KANTO_K30,K30,いわくだき／DexNav,ベガ初回殿堂入り後。認定章数でエリアと中間進化枠を段階解禁。,375,SPECIES_KEY_ROCKRUFF,383,80,87,0,NORMAL,TABLE_KEY_KANTO_K30,KANTO_CERT_1,DEXNAV_CHAIN_OR_RANK2,ONE_LEGAL_MOVE,ITEM_KEY_NONE,NONE,FIXED_HIGH_LEVEL_OPTIONAL,ACTIVE,トーホクは本編で使える低～中レベル基礎種、カントーは高レベル個体・中間進化・隠れ特性探索を担当。
ENCOUNTER_KEY_KANTO_FAMILY_0376,MAP_KEY_KANTO_K36,K36,水上オーバーレイ,ベガ初回殿堂入り後。認定章数でエリアと中間進化枠を段階解禁。,376,SPECIES_KEY_WISHIWASHI,384,85,94,10,NORMAL,TABLE_KEY_KANTO_K36,KANTO_CERT_3,DEXNAV_CHAIN_OR_RANK2,ONE_LEGAL_MOVE,ITEM_KEY_NONE,NONE,FIXED_HIGH_LEVEL_OPTIONAL,ACTIVE,トーホクは本編で使える低～中レベル基礎種、カントーは高レベル個体・中間進化・隠れ特性探索を担当。
ENCOUNTER_KEY_KANTO_FAMILY_0377,MAP_KEY_KANTO_K06,K06,水上オーバーレイ,ベガ初回殿堂入り後。認定章数でエリアと中間進化枠を段階解禁。,377,SPECIES_KEY_MAREANIE,385,75,80,10,NORMAL,TABLE_KEY_KANTO_K06,KANTO_EARLY_ACCESS,DEXNAV_CHAIN_OR_RANK2,ONE_LEGAL_MOVE,ITEM_KEY_NONE,NONE,FIXED_HIGH_LEVEL_OPTIONAL,ACTIVE,トーホクは本編で使える低～中レベル基礎種、カントーは高レベル個体・中間進化・隠れ特性探索を担当。
ENCOUNTER_KEY_KANTO_FAMILY_0378,MAP_KEY_KANTO_K37,K37,いわくだき／DexNav,ベガ初回殿堂入り後。認定章数でエリアと中間進化枠を段階解禁。,378,SPECIES_KEY_MUDBRAY,386,85,94,0,NORMAL,TABLE_KEY_KANTO_K37,KANTO_CERT_3,DEXNAV_CHAIN_OR_RANK2,ONE_LEGAL_MOVE,ITEM_KEY_NONE,NONE,FIXED_HIGH_LEVEL_OPTIONAL,ACTIVE,トーホクは本編で使える低～中レベル基礎種、カントーは高レベル個体・中間進化・隠れ特性探索を担当。
ENCOUNTER_KEY_KANTO_FAMILY_0379,MAP_KEY_KANTO_K12,K12,釣りオーバーレイ,ベガ初回殿堂入り後。認定章数でエリアと中間進化枠を段階解禁。,379,SPECIES_KEY_DEWPIDER,387,82,87,10,NORMAL,TABLE_KEY_KANTO_K12,KANTO_CERT_2,DEXNAV_CHAIN_OR_RANK2,ONE_LEGAL_MOVE,ITEM_KEY_NONE,NONE,FIXED_HIGH_LEVEL_OPTIONAL,ACTIVE,トーホクは本編で使える低～中レベル基礎種、カントーは高レベル個体・中間進化・隠れ特性探索を担当。
ENCOUNTER_KEY_KANTO_FAMILY_0380,MAP_KEY_KANTO_K35,K35,ずつき／朝昼オーバーレイ,ベガ初回殿堂入り後。認定章数でエリアと中間進化枠を段階解禁。,380,SPECIES_KEY_FOMANTIS,388,85,94,8,NORMAL,TABLE_KEY_KANTO_K35,KANTO_CERT_3,DEXNAV_CHAIN_OR_RANK2,ONE_LEGAL_MOVE,ITEM_KEY_NONE,NONE,FIXED_HIGH_LEVEL_OPTIONAL,ACTIVE,トーホクは本編で使える低～中レベル基礎種、カントーは高レベル個体・中間進化・隠れ特性探索を担当。
ENCOUNTER_KEY_KANTO_FAMILY_0381,MAP_KEY_KANTO_K35,K35,ずつき／朝昼オーバーレイ,ベガ初回殿堂入り後。認定章数でエリアと中間進化枠を段階解禁。,381,SPECIES_KEY_MORELULL,389,85,94,8,NORMAL,TABLE_KEY_KANTO_K35,KANTO_CERT_3,DEXNAV_CHAIN_OR_RANK2,ONE_LEGAL_MOVE,ITEM_KEY_NONE,NONE,FIXED_HIGH_LEVEL_OPTIONAL,ACTIVE,トーホクは本編で使える低～中レベル基礎種、カントーは高レベル個体・中間進化・隠れ特性探索を担当。
ENCOUNTER_KEY_KANTO_FAMILY_0382,MAP_KEY_KANTO_K39,K39,洞窟・屋内オーバーレイ,ベガ初回殿堂入り後。認定章数でエリアと中間進化枠を段階解禁。,382,SPECIES_KEY_SALANDIT,390,91,98,8,NORMAL,TABLE_KEY_KANTO_K39,KANTO_CERT_5,DEXNAV_CHAIN_OR_RANK2,ONE_LEGAL_MOVE,ITEM_KEY_NONE,NONE,FIXED_HIGH_LEVEL_OPTIONAL,ACTIVE,トーホクは本編で使える低～中レベル基礎種、カントーは高レベル個体・中間進化・隠れ特性探索を担当。
ENCOUNTER_KEY_KANTO_FAMILY_0383,MAP_KEY_KANTO_K04,K04,草むらオーバーレイ,ベガ初回殿堂入り後。認定章数でエリアと中間進化枠を段階解禁。,383,SPECIES_KEY_STUFFUL,391,72,77,8,NORMAL,TABLE_KEY_KANTO_K04,KANTO_EARLY_ACCESS,DEXNAV_CHAIN_OR_RANK2,ONE_LEGAL_MOVE,ITEM_KEY_NONE,NONE,FIXED_HIGH_LEVEL_OPTIONAL,ACTIVE,トーホクは本編で使える低～中レベル基礎種、カントーは高レベル個体・中間進化・隠れ特性探索を担当。
ENCOUNTER_KEY_KANTO_FAMILY_0384,MAP_KEY_KANTO_K24,K24,草むらオーバーレイ,ベガ初回殿堂入り後。認定章数でエリアと中間進化枠を段階解禁。,384,SPECIES_KEY_BOUNSWEET,392,74,79,8,NORMAL,TABLE_KEY_KANTO_K24,KANTO_EARLY_ACCESS,DEXNAV_CHAIN_OR_RANK2,ONE_LEGAL_MOVE,ITEM_KEY_NONE,NONE,FIXED_HIGH_LEVEL_OPTIONAL,ACTIVE,トーホクは本編で使える低～中レベル基礎種、カントーは高レベル個体・中間進化・隠れ特性探索を担当。
ENCOUNTER_KEY_KANTO_FAMILY_0385,MAP_KEY_KANTO_K14,K14,草むらオーバーレイ,ベガ初回殿堂入り後。認定章数でエリアと中間進化枠を段階解禁。,385,SPECIES_KEY_COMFEY,393,84,89,8,NORMAL,TABLE_KEY_KANTO_K14,KANTO_CERT_3,DEXNAV_CHAIN_OR_RANK2,ONE_LEGAL_MOVE,ITEM_KEY_NONE,NONE,FIXED_HIGH_LEVEL_OPTIONAL,ACTIVE,トーホクは本編で使える低～中レベル基礎種、カントーは高レベル個体・中間進化・隠れ特性探索を担当。
ENCOUNTER_KEY_KANTO_FAMILY_0386,MAP_KEY_KANTO_K16,K16,草むらオーバーレイ,ベガ初回殿堂入り後。認定章数でエリアと中間進化枠を段階解禁。,386,SPECIES_KEY_ORANGURU,394,81,86,8,NORMAL,TABLE_KEY_KANTO_K16,KANTO_CERT_2,DEXNAV_CHAIN_OR_RANK2,ONE_LEGAL_MOVE,ITEM_KEY_NONE,NONE,FIXED_HIGH_LEVEL_OPTIONAL,ACTIVE,トーホクは本編で使える低～中レベル基礎種、カントーは高レベル個体・中間進化・隠れ特性探索を担当。
ENCOUNTER_KEY_KANTO_FAMILY_0387,MAP_KEY_KANTO_K09,K09,草むらオーバーレイ,ベガ初回殿堂入り後。認定章数でエリアと中間進化枠を段階解禁。,387,SPECIES_KEY_PASSIMIAN,395,77,82,8,NORMAL,TABLE_KEY_KANTO_K09,KANTO_EARLY_ACCESS,DEXNAV_CHAIN_OR_RANK2,ONE_LEGAL_MOVE,ITEM_KEY_NONE,NONE,FIXED_HIGH_LEVEL_OPTIONAL,ACTIVE,トーホクは本編で使える低～中レベル基礎種、カントーは高レベル個体・中間進化・隠れ特性探索を担当。
ENCOUNTER_KEY_KANTO_FAMILY_0388,MAP_KEY_KANTO_K36,K36,水上オーバーレイ,ベガ初回殿堂入り後。認定章数でエリアと中間進化枠を段階解禁。,388,SPECIES_KEY_WIMPOD,396,85,94,10,NORMAL,TABLE_KEY_KANTO_K36,KANTO_CERT_3,DEXNAV_CHAIN_OR_RANK2,ONE_LEGAL_MOVE,ITEM_KEY_NONE,NONE,FIXED_HIGH_LEVEL_OPTIONAL,ACTIVE,トーホクは本編で使える低～中レベル基礎種、カントーは高レベル個体・中間進化・隠れ特性探索を担当。
ENCOUNTER_KEY_KANTO_FAMILY_0389,MAP_KEY_KANTO_K30,K30,夜間オーバーレイ,ベガ初回殿堂入り後。認定章数でエリアと中間進化枠を段階解禁。,389,SPECIES_KEY_SANDYGAST,397,80,87,8,NORMAL,TABLE_KEY_KANTO_K30,KANTO_CERT_1,DEXNAV_CHAIN_OR_RANK2,ONE_LEGAL_MOVE,ITEM_KEY_NONE,NONE,FIXED_HIGH_LEVEL_OPTIONAL,ACTIVE,トーホクは本編で使える低～中レベル基礎種、カントーは高レベル個体・中間進化・隠れ特性探索を担当。
ENCOUNTER_KEY_KANTO_FAMILY_0390,MAP_KEY_KANTO_K19,K19,釣りオーバーレイ,ベガ初回殿堂入り後。認定章数でエリアと中間進化枠を段階解禁。,390,SPECIES_KEY_PYUKUMUKU,398,87,92,10,NORMAL,TABLE_KEY_KANTO_K19,KANTO_CERT_4,DEXNAV_CHAIN_OR_RANK2,ONE_LEGAL_MOVE,ITEM_KEY_NONE,NONE,FIXED_HIGH_LEVEL_OPTIONAL,ACTIVE,トーホクは本編で使える低～中レベル基礎種、カントーは高レベル個体・中間進化・隠れ特性探索を担当。
ENCOUNTER_KEY_KANTO_FAMILY_0391,MAP_KEY_KANTO_K43,K43,SIMPLE_EVENT,D・H残党イベント完了,391,SPECIES_KEY_TYPE_NULL,399,75,75,0,EVENT,TABLE_KEY_KANTO_K43,KANTO_LEAGUE_CLEAR,SHARED_ONCE,ONE_LEGAL_MOVE,ITEM_KEY_NONE,SHARED_CAPTURE_KEY_NATIONAL_0772,FIXED_HIGH_LEVEL_OPTIONAL,ACTIVE,主地方で1個体だけ捕獲し、副地方では手掛かり・共鳴戦・専用素材を扱う。捕獲済みフラグは両地方で共有し、重複個体を与えない。
ENCOUNTER_KEY_KANTO_FAMILY_0392,MAP_KEY_KANTO_K27,K27,いわくだき／DexNav,ベガ初回殿堂入り後。認定章数でエリアと中間進化枠を段階解禁。,392,SPECIES_KEY_MINIOR_SHIELD,400,73,80,0,NORMAL,TABLE_KEY_KANTO_K27,KANTO_EARLY_ACCESS,DEXNAV_CHAIN_OR_RANK2,ONE_LEGAL_MOVE,ITEM_KEY_NONE,NONE,FIXED_HIGH_LEVEL_OPTIONAL,ACTIVE,トーホクは本編で使える低～中レベル基礎種、カントーは高レベル個体・中間進化・隠れ特性探索を担当。
ENCOUNTER_KEY_KANTO_FAMILY_0393,MAP_KEY_KANTO_K18,K18,草むらオーバーレイ,ベガ初回殿堂入り後。認定章数でエリアと中間進化枠を段階解禁。,393,SPECIES_KEY_KOMALA,401,84,90,8,NORMAL,TABLE_KEY_KANTO_K18,KANTO_CERT_3,DEXNAV_CHAIN_OR_RANK2,ONE_LEGAL_MOVE,ITEM_KEY_NONE,NONE,FIXED_HIGH_LEVEL_OPTIONAL,ACTIVE,トーホクは本編で使える低～中レベル基礎種、カントーは高レベル個体・中間進化・隠れ特性探索を担当。
ENCOUNTER_KEY_KANTO_FAMILY_0394,MAP_KEY_KANTO_K21,K21,草むらオーバーレイ,ベガ初回殿堂入り後。認定章数でエリアと中間進化枠を段階解禁。,394,SPECIES_KEY_TURTONATOR,402,89,94,8,NORMAL,TABLE_KEY_KANTO_K21,KANTO_CERT_4,DEXNAV_CHAIN_OR_RANK2,ONE_LEGAL_MOVE,ITEM_KEY_NONE,NONE,FIXED_HIGH_LEVEL_OPTIONAL,ACTIVE,トーホクは本編で使える低～中レベル基礎種、カントーは高レベル個体・中間進化・隠れ特性探索を担当。
ENCOUNTER_KEY_KANTO_FAMILY_0395,MAP_KEY_KANTO_K40,K40,洞窟・屋内オーバーレイ,ベガ初回殿堂入り後。認定章数でエリアと中間進化枠を段階解禁。,395,SPECIES_KEY_TOGEDEMARU,403,82,94,8,NORMAL,TABLE_KEY_KANTO_K40,KANTO_CERT_2,DEXNAV_CHAIN_OR_RANK2,ONE_LEGAL_MOVE,ITEM_KEY_NONE,NONE,FIXED_HIGH_LEVEL_OPTIONAL,ACTIVE,トーホクは本編で使える低～中レベル基礎種、カントーは高レベル個体・中間進化・隠れ特性探索を担当。
ENCOUNTER_KEY_KANTO_FAMILY_0396,MAP_KEY_KANTO_K08,K08,夜間オーバーレイ,ベガ初回殿堂入り後。認定章数でエリアと中間進化枠を段階解禁。,396,SPECIES_KEY_MIMIKYU,404,79,84,8,NORMAL,TABLE_KEY_KANTO_K08,KANTO_CERT_1,DEXNAV_CHAIN_OR_RANK2,ONE_LEGAL_MOVE,ITEM_KEY_NONE,NONE,FIXED_HIGH_LEVEL_OPTIONAL,ACTIVE,トーホクは本編で使える低～中レベル基礎種、カントーは高レベル個体・中間進化・隠れ特性探索を担当。
ENCOUNTER_KEY_KANTO_FAMILY_0397,MAP_KEY_KANTO_K29,K29,釣りオーバーレイ,ベガ初回殿堂入り後。認定章数でエリアと中間進化枠を段階解禁。,397,SPECIES_KEY_BRUXISH,405,78,84,10,NORMAL,TABLE_KEY_KANTO_K29,KANTO_CERT_1,DEXNAV_CHAIN_OR_RANK2,ONE_LEGAL_MOVE,ITEM_KEY_NONE,NONE,FIXED_HIGH_LEVEL_OPTIONAL,ACTIVE,トーホクは本編で使える低～中レベル基礎種、カントーは高レベル個体・中間進化・隠れ特性探索を担当。
ENCOUNTER_KEY_KANTO_FAMILY_0398,MAP_KEY_KANTO_K04,K04,草むらオーバーレイ,ベガ初回殿堂入り後。認定章数でエリアと中間進化枠を段階解禁。,398,SPECIES_KEY_DRAMPA,406,72,77,8,NORMAL,TABLE_KEY_KANTO_K04,KANTO_EARLY_ACCESS,DEXNAV_CHAIN_OR_RANK2,ONE_LEGAL_MOVE,ITEM_KEY_NONE,NONE,FIXED_HIGH_LEVEL_OPTIONAL,ACTIVE,トーホクは本編で使える低～中レベル基礎種、カントーは高レベル個体・中間進化・隠れ特性探索を担当。
ENCOUNTER_KEY_KANTO_FAMILY_0399,MAP_KEY_KANTO_K34,K34,屋内異常遭遇／DexNav,ベガ初回殿堂入り後。認定章数でエリアと中間進化枠を段階解禁。,399,SPECIES_KEY_DHELMISE,407,85,94,0,NORMAL,TABLE_KEY_KANTO_K34,KANTO_CERT_3,DEXNAV_CHAIN_OR_RANK2,ONE_LEGAL_MOVE,ITEM_KEY_NONE,NONE,FIXED_HIGH_LEVEL_OPTIONAL,ACTIVE,トーホクは本編で使える低～中レベル基礎種、カントーは高レベル個体・中間進化・隠れ特性探索を担当。
ENCOUNTER_KEY_KANTO_FAMILY_0400,MAP_KEY_KANTO_LEAGUE,K42,DexNav隠し枠,ベガ初回殿堂入り後。認定章数でエリアと中間進化枠を段階解禁。,400,SPECIES_KEY_JANGMO_O,408,94,100,0,NORMAL,TABLE_KEY_KANTO_K42,KANTO_LEAGUE,DEXNAV_CHAIN_OR_RANK2,ONE_LEGAL_MOVE,ITEM_KEY_NONE,NONE,FIXED_HIGH_LEVEL_OPTIONAL,ACTIVE,トーホクは本編で使える低～中レベル基礎種、カントーは高レベル個体・中間進化・隠れ特性探索を担当。
ENCOUNTER_KEY_KANTO_FAMILY_0401,MAP_KEY_KANTO_K43,K43,SIMPLE_EVENT,殿堂入り＋各島試練＋主地方の捕獲フラグ共有,401,SPECIES_KEY_TAPU_KOKO,409,95,100,0,EVENT,TABLE_KEY_KANTO_K43,KANTO_LEAGUE_CLEAR,SHARED_ONCE,ONE_LEGAL_MOVE,ITEM_KEY_NONE,SHARED_CAPTURE_KEY_NATIONAL_0785,FIXED_HIGH_LEVEL_OPTIONAL,ACTIVE,主地方で1個体だけ捕獲し、副地方では手掛かり・共鳴戦・専用素材を扱う。捕獲済みフラグは両地方で共有し、重複個体を与えない。
ENCOUNTER_KEY_KANTO_FAMILY_0402,MAP_KEY_KANTO_K43,K43,SIMPLE_EVENT,殿堂入り＋各島試練＋主地方の捕獲フラグ共有,402,SPECIES_KEY_TAPU_LELE,410,95,100,0,EVENT,TABLE_KEY_KANTO_K43,KANTO_LEAGUE_CLEAR,SHARED_ONCE,ONE_LEGAL_MOVE,ITEM_KEY_NONE,SHARED_CAPTURE_KEY_NATIONAL_0786,FIXED_HIGH_LEVEL_OPTIONAL,ACTIVE,主地方で1個体だけ捕獲し、副地方では手掛かり・共鳴戦・専用素材を扱う。捕獲済みフラグは両地方で共有し、重複個体を与えない。
ENCOUNTER_KEY_KANTO_FAMILY_0403,MAP_KEY_KANTO_K43,K43,SIMPLE_EVENT,殿堂入り＋各島試練＋主地方の捕獲フラグ共有,403,SPECIES_KEY_TAPU_BULU,411,95,100,0,EVENT,TABLE_KEY_KANTO_K43,KANTO_LEAGUE_CLEAR,SHARED_ONCE,ONE_LEGAL_MOVE,ITEM_KEY_NONE,SHARED_CAPTURE_KEY_NATIONAL_0787,FIXED_HIGH_LEVEL_OPTIONAL,ACTIVE,主地方で1個体だけ捕獲し、副地方では手掛かり・共鳴戦・専用素材を扱う。捕獲済みフラグは両地方で共有し、重複個体を与えない。
ENCOUNTER_KEY_KANTO_FAMILY_0404,MAP_KEY_KANTO_K43,K43,SIMPLE_EVENT,殿堂入り＋各島試練＋主地方の捕獲フラグ共有,404,SPECIES_KEY_TAPU_FINI,412,95,100,0,EVENT,TABLE_KEY_KANTO_K43,KANTO_LEAGUE_CLEAR,SHARED_ONCE,ONE_LEGAL_MOVE,ITEM_KEY_NONE,SHARED_CAPTURE_KEY_NATIONAL_0788,FIXED_HIGH_LEVEL_OPTIONAL,ACTIVE,主地方で1個体だけ捕獲し、副地方では手掛かり・共鳴戦・専用素材を扱う。捕獲済みフラグは両地方で共有し、重複個体を与えない。
ENCOUNTER_KEY_KANTO_FAMILY_0405,MAP_KEY_KANTO_K43,K43,SIMPLE_EVENT,殿堂入り＋星の祈り完了＋主地方の捕獲フラグ共有,405,SPECIES_KEY_COSMOG,413,95,100,0,EVENT,TABLE_KEY_KANTO_K43,KANTO_LEAGUE_CLEAR,SHARED_ONCE,ONE_LEGAL_MOVE,ITEM_KEY_NONE,SHARED_CAPTURE_KEY_NATIONAL_0789,FIXED_HIGH_LEVEL_OPTIONAL,ACTIVE,主地方で1個体だけ捕獲し、副地方では手掛かり・共鳴戦・専用素材を扱う。捕獲済みフラグは両地方で共有し、重複個体を与えない。
ENCOUNTER_KEY_KANTO_FAMILY_0406,MAP_KEY_KANTO_K43,K43,SIMPLE_EVENT,殿堂入り＋ビーストボール解禁＋主地方の捕獲フラグ共有,406,SPECIES_KEY_NIHILEGO,414,95,100,0,EVENT,TABLE_KEY_KANTO_K43,KANTO_LEAGUE_CLEAR,SHARED_ONCE,ONE_LEGAL_MOVE,ITEM_KEY_NONE,SHARED_CAPTURE_KEY_NATIONAL_0793,FIXED_HIGH_LEVEL_OPTIONAL,ACTIVE,主地方で1個体だけ捕獲し、副地方では手掛かり・共鳴戦・専用素材を扱う。捕獲済みフラグは両地方で共有し、重複個体を与えない。
ENCOUNTER_KEY_KANTO_FAMILY_0407,MAP_KEY_KANTO_K43,K43,SIMPLE_EVENT,殿堂入り＋ビーストボール解禁,407,SPECIES_KEY_BUZZWOLE,415,90,90,0,EVENT,TABLE_KEY_KANTO_K43,KANTO_LEAGUE_CLEAR,SHARED_ONCE,ONE_LEGAL_MOVE,ITEM_KEY_NONE,SHARED_CAPTURE_KEY_NATIONAL_0794,FIXED_HIGH_LEVEL_OPTIONAL,ACTIVE,主地方で1個体だけ捕獲し、副地方では手掛かり・共鳴戦・専用素材を扱う。捕獲済みフラグは両地方で共有し、重複個体を与えない。
ENCOUNTER_KEY_KANTO_FAMILY_0408,MAP_KEY_KANTO_K43,K43,SIMPLE_EVENT,殿堂入り＋ビーストボール解禁＋主地方の捕獲フラグ共有,408,SPECIES_KEY_PHEROMOSA,416,95,100,0,EVENT,TABLE_KEY_KANTO_K43,KANTO_LEAGUE_CLEAR,SHARED_ONCE,ONE_LEGAL_MOVE,ITEM_KEY_NONE,SHARED_CAPTURE_KEY_NATIONAL_0795,FIXED_HIGH_LEVEL_OPTIONAL,ACTIVE,主地方で1個体だけ捕獲し、副地方では手掛かり・共鳴戦・専用素材を扱う。捕獲済みフラグは両地方で共有し、重複個体を与えない。
ENCOUNTER_KEY_KANTO_FAMILY_0409,MAP_KEY_KANTO_K43,K43,SIMPLE_EVENT,殿堂入り＋ビーストボール解禁,409,SPECIES_KEY_XURKITREE,417,90,90,0,EVENT,TABLE_KEY_KANTO_K43,KANTO_LEAGUE_CLEAR,SHARED_ONCE,ONE_LEGAL_MOVE,ITEM_KEY_NONE,SHARED_CAPTURE_KEY_NATIONAL_0796,FIXED_HIGH_LEVEL_OPTIONAL,ACTIVE,主地方で1個体だけ捕獲し、副地方では手掛かり・共鳴戦・専用素材を扱う。捕獲済みフラグは両地方で共有し、重複個体を与えない。
ENCOUNTER_KEY_KANTO_FAMILY_0410,MAP_KEY_KANTO_K43,K43,SIMPLE_EVENT,殿堂入り＋ビーストボール解禁＋主地方の捕獲フラグ共有,410,SPECIES_KEY_CELESTEELA,418,95,100,0,EVENT,TABLE_KEY_KANTO_K43,KANTO_LEAGUE_CLEAR,SHARED_ONCE,ONE_LEGAL_MOVE,ITEM_KEY_NONE,SHARED_CAPTURE_KEY_NATIONAL_0797,FIXED_HIGH_LEVEL_OPTIONAL,ACTIVE,主地方で1個体だけ捕獲し、副地方では手掛かり・共鳴戦・専用素材を扱う。捕獲済みフラグは両地方で共有し、重複個体を与えない。
ENCOUNTER_KEY_KANTO_FAMILY_0411,MAP_KEY_KANTO_K43,K43,SIMPLE_EVENT,殿堂入り＋ビーストボール解禁,411,SPECIES_KEY_KARTANA,419,90,90,0,EVENT,TABLE_KEY_KANTO_K43,KANTO_LEAGUE_CLEAR,SHARED_ONCE,ONE_LEGAL_MOVE,ITEM_KEY_NONE,SHARED_CAPTURE_KEY_NATIONAL_0798,FIXED_HIGH_LEVEL_OPTIONAL,ACTIVE,主地方で1個体だけ捕獲し、副地方では手掛かり・共鳴戦・専用素材を扱う。捕獲済みフラグは両地方で共有し、重複個体を与えない。
ENCOUNTER_KEY_KANTO_FAMILY_0412,MAP_KEY_KANTO_K43,K43,SIMPLE_EVENT,殿堂入り＋ビーストボール解禁＋主地方の捕獲フラグ共有,412,SPECIES_KEY_GUZZLORD,420,95,100,0,EVENT,TABLE_KEY_KANTO_K43,KANTO_LEAGUE_CLEAR,SHARED_ONCE,ONE_LEGAL_MOVE,ITEM_KEY_NONE,SHARED_CAPTURE_KEY_NATIONAL_0799,FIXED_HIGH_LEVEL_OPTIONAL,ACTIVE,主地方で1個体だけ捕獲し、副地方では手掛かり・共鳴戦・専用素材を扱う。捕獲済みフラグは両地方で共有し、重複個体を与えない。
ENCOUNTER_KEY_KANTO_FAMILY_0413,MAP_KEY_KANTO_K43,K43,SIMPLE_EVENT,殿堂入り＋星の祈り完了＋主地方の捕獲フラグ共有,413,SPECIES_KEY_NECROZMA,421,95,100,0,EVENT,TABLE_KEY_KANTO_K43,KANTO_LEAGUE_CLEAR,SHARED_ONCE,ONE_LEGAL_MOVE,ITEM_KEY_NONE,SHARED_CAPTURE_KEY_NATIONAL_0800,FIXED_HIGH_LEVEL_OPTIONAL,ACTIVE,主地方で1個体だけ捕獲し、副地方では手掛かり・共鳴戦・専用素材を扱う。捕獲済みフラグは両地方で共有し、重複個体を与えない。
ENCOUNTER_KEY_KANTO_FAMILY_0414,MAP_KEY_KANTO_K43,K43,SIMPLE_EVENT,殿堂入り＋部品5種,414,SPECIES_KEY_MAGEARNA,422,80,80,0,EVENT,TABLE_KEY_KANTO_K43,KANTO_LEAGUE_CLEAR,SHARED_ONCE,ONE_LEGAL_MOVE,ITEM_KEY_NONE,SHARED_CAPTURE_KEY_NATIONAL_0801,FIXED_HIGH_LEVEL_OPTIONAL,ACTIVE,主地方で1個体だけ捕獲し、副地方では手掛かり・共鳴戦・専用素材を扱う。捕獲済みフラグは両地方で共有し、重複個体を与えない。
ENCOUNTER_KEY_KANTO_FAMILY_0415,MAP_KEY_KANTO_K43,K43,SIMPLE_EVENT,殿堂入り＋夜間＋主地方の捕獲フラグ共有,415,SPECIES_KEY_MARSHADOW,423,95,100,0,EVENT,TABLE_KEY_KANTO_K43,KANTO_LEAGUE_CLEAR,SHARED_ONCE,ONE_LEGAL_MOVE,ITEM_KEY_NONE,SHARED_CAPTURE_KEY_NATIONAL_0802,FIXED_HIGH_LEVEL_OPTIONAL,ACTIVE,主地方で1個体だけ捕獲し、副地方では手掛かり・共鳴戦・専用素材を扱う。捕獲済みフラグは両地方で共有し、重複個体を与えない。
ENCOUNTER_KEY_KANTO_FAMILY_0416,MAP_KEY_KANTO_K43,K43,SIMPLE_EVENT,殿堂入り＋ビーストボール解禁＋主地方の捕獲フラグ共有,416,SPECIES_KEY_POIPOLE,424,95,100,0,EVENT,TABLE_KEY_KANTO_K43,KANTO_LEAGUE_CLEAR,SHARED_ONCE,ONE_LEGAL_MOVE,ITEM_KEY_NONE,SHARED_CAPTURE_KEY_NATIONAL_0803,FIXED_HIGH_LEVEL_OPTIONAL,ACTIVE,主地方で1個体だけ捕獲し、副地方では手掛かり・共鳴戦・専用素材を扱う。捕獲済みフラグは両地方で共有し、重複個体を与えない。
ENCOUNTER_KEY_KANTO_FAMILY_0417,MAP_KEY_KANTO_K43,K43,SIMPLE_EVENT,殿堂入り＋ビーストボール解禁＋主地方の捕獲フラグ共有,417,SPECIES_KEY_STAKATAKA,425,95,100,0,EVENT,TABLE_KEY_KANTO_K43,KANTO_LEAGUE_CLEAR,SHARED_ONCE,ONE_LEGAL_MOVE,ITEM_KEY_NONE,SHARED_CAPTURE_KEY_NATIONAL_0805,FIXED_HIGH_LEVEL_OPTIONAL,ACTIVE,主地方で1個体だけ捕獲し、副地方では手掛かり・共鳴戦・専用素材を扱う。捕獲済みフラグは両地方で共有し、重複個体を与えない。
ENCOUNTER_KEY_KANTO_FAMILY_0418,MAP_KEY_KANTO_K43,K43,SIMPLE_EVENT,殿堂入り＋ビーストボール解禁,418,SPECIES_KEY_BLACEPHALON,426,90,90,0,EVENT,TABLE_KEY_KANTO_K43,KANTO_LEAGUE_CLEAR,SHARED_ONCE,ONE_LEGAL_MOVE,ITEM_KEY_NONE,SHARED_CAPTURE_KEY_NATIONAL_0806,FIXED_HIGH_LEVEL_OPTIONAL,ACTIVE,主地方で1個体だけ捕獲し、副地方では手掛かり・共鳴戦・専用素材を扱う。捕獲済みフラグは両地方で共有し、重複個体を与えない。
ENCOUNTER_KEY_KANTO_FAMILY_0419,MAP_KEY_KANTO_K43,K43,SIMPLE_EVENT,殿堂入り＋停電復旧,419,SPECIES_KEY_ZERAORA,427,80,80,0,EVENT,TABLE_KEY_KANTO_K43,KANTO_LEAGUE_CLEAR,SHARED_ONCE,ONE_LEGAL_MOVE,ITEM_KEY_NONE,SHARED_CAPTURE_KEY_NATIONAL_0807,FIXED_HIGH_LEVEL_OPTIONAL,ACTIVE,主地方で1個体だけ捕獲し、副地方では手掛かり・共鳴戦・専用素材を扱う。捕獲済みフラグは両地方で共有し、重複個体を与えない。
ENCOUNTER_KEY_KANTO_FAMILY_0420,MAP_KEY_KANTO_K43,K43,SIMPLE_EVENT,殿堂入り,420,SPECIES_KEY_MELTAN,428,80,80,0,EVENT,TABLE_KEY_KANTO_K43,KANTO_LEAGUE_CLEAR,SHARED_ONCE,ONE_LEGAL_MOVE,ITEM_KEY_NONE,SHARED_CAPTURE_KEY_NATIONAL_0808,FIXED_HIGH_LEVEL_OPTIONAL,ACTIVE,主地方で1個体だけ捕獲し、副地方では手掛かり・共鳴戦・専用素材を扱う。捕獲済みフラグは両地方で共有し、重複個体を与えない。
ENCOUNTER_KEY_KANTO_FAMILY_0421,MAP_KEY_KANTO_K43,K43,SIMPLE_EVENT,殿堂入り,421,SPECIES_KEY_MELMETAL,429,80,80,0,EVENT,TABLE_KEY_KANTO_K43,KANTO_LEAGUE_CLEAR,SHARED_ONCE,ONE_LEGAL_MOVE,ITEM_KEY_NONE,SHARED_CAPTURE_KEY_NATIONAL_0809,FIXED_HIGH_LEVEL_OPTIONAL,ACTIVE,主地方で1個体だけ捕獲し、副地方では手掛かり・共鳴戦・専用素材を扱う。捕獲済みフラグは両地方で共有し、重複個体を与えない。
ENCOUNTER_KEY_KANTO_FAMILY_0422,MAP_KEY_KANTO_K47,K47,オーキド研究所の生態交換タマゴ,ベガ初回殿堂入り後。認定章数でエリアと中間進化枠を段階解禁。,422,SPECIES_KEY_GROOKEY,430,68,68,2,NORMAL,TABLE_KEY_KANTO_K47,KANTO_EARLY_ACCESS,DEXNAV_CHAIN_OR_RANK2,ONE_LEGAL_MOVE,ITEM_KEY_NONE,NONE,FIXED_HIGH_LEVEL_OPTIONAL,ACTIVE,御三家を野生化せず、両地方の研究所を巡る収集導線にする。
ENCOUNTER_KEY_KANTO_FAMILY_0423,MAP_KEY_KANTO_K47,K47,オーキド研究所の生態交換タマゴ,ベガ初回殿堂入り後。認定章数でエリアと中間進化枠を段階解禁。,423,SPECIES_KEY_SCORBUNNY,431,68,68,2,NORMAL,TABLE_KEY_KANTO_K47,KANTO_EARLY_ACCESS,DEXNAV_CHAIN_OR_RANK2,ONE_LEGAL_MOVE,ITEM_KEY_NONE,NONE,FIXED_HIGH_LEVEL_OPTIONAL,ACTIVE,御三家を野生化せず、両地方の研究所を巡る収集導線にする。
ENCOUNTER_KEY_KANTO_FAMILY_0424,MAP_KEY_KANTO_K47,K47,オーキド研究所の生態交換タマゴ,ベガ初回殿堂入り後。認定章数でエリアと中間進化枠を段階解禁。,424,SPECIES_KEY_SOBBLE,432,68,68,2,NORMAL,TABLE_KEY_KANTO_K47,KANTO_EARLY_ACCESS,DEXNAV_CHAIN_OR_RANK2,ONE_LEGAL_MOVE,ITEM_KEY_NONE,NONE,FIXED_HIGH_LEVEL_OPTIONAL,ACTIVE,御三家を野生化せず、両地方の研究所を巡る収集導線にする。
ENCOUNTER_KEY_KANTO_FAMILY_0425,MAP_KEY_KANTO_ROUTE1,K01,大量発生,ベガ初回殿堂入り後。認定章数でエリアと中間進化枠を段階解禁。,425,SPECIES_KEY_SKWOVET,433,68,72,0,NORMAL,TABLE_KEY_KANTO_K01,KANTO_EARLY_ACCESS,DEXNAV_CHAIN_OR_RANK2,ONE_LEGAL_MOVE,ITEM_KEY_NONE,NONE,FIXED_HIGH_LEVEL_OPTIONAL,ACTIVE,トーホクは本編で使える低～中レベル基礎種、カントーは高レベル個体・中間進化・隠れ特性探索を担当。
ENCOUNTER_KEY_KANTO_FAMILY_0426,MAP_KEY_KANTO_K02,K02,ずつき／朝昼オーバーレイ,ベガ初回殿堂入り後。認定章数でエリアと中間進化枠を段階解禁。,426,SPECIES_KEY_ROOKIDEE,434,69,73,8,NORMAL,TABLE_KEY_KANTO_K02,KANTO_EARLY_ACCESS,DEXNAV_CHAIN_OR_RANK2,ONE_LEGAL_MOVE,ITEM_KEY_NONE,NONE,FIXED_HIGH_LEVEL_OPTIONAL,ACTIVE,トーホクは本編で使える低～中レベル基礎種、カントーは高レベル個体・中間進化・隠れ特性探索を担当。
ENCOUNTER_KEY_KANTO_FAMILY_0427,MAP_KEY_KANTO_VIRIDIAN_FOREST,K26,ずつき／朝昼オーバーレイ,ベガ初回殿堂入り後。認定章数でエリアと中間進化枠を段階解禁。,427,SPECIES_KEY_BLIPBUG,435,70,76,8,NORMAL,TABLE_KEY_KANTO_K26,KANTO_EARLY_ACCESS,DEXNAV_CHAIN_OR_RANK2,ONE_LEGAL_MOVE,ITEM_KEY_NONE,NONE,FIXED_HIGH_LEVEL_OPTIONAL,ACTIVE,トーホクは本編で使える低～中レベル基礎種、カントーは高レベル個体・中間進化・隠れ特性探索を担当。
ENCOUNTER_KEY_KANTO_FAMILY_0428,MAP_KEY_KANTO_K07,K07,夜間オーバーレイ,ベガ初回殿堂入り後。認定章数でエリアと中間進化枠を段階解禁。,428,SPECIES_KEY_NICKIT,436,78,83,8,NORMAL,TABLE_KEY_KANTO_K07,KANTO_CERT_1,DEXNAV_CHAIN_OR_RANK2,ONE_LEGAL_MOVE,ITEM_KEY_NONE,NONE,FIXED_HIGH_LEVEL_OPTIONAL,ACTIVE,トーホクは本編で使える低～中レベル基礎種、カントーは高レベル個体・中間進化・隠れ特性探索を担当。
ENCOUNTER_KEY_KANTO_FAMILY_0429,MAP_KEY_KANTO_K33,K33,ずつき／朝昼オーバーレイ,ベガ初回殿堂入り後。認定章数でエリアと中間進化枠を段階解禁。,429,SPECIES_KEY_GOSSIFLEUR,437,82,90,8,NORMAL,TABLE_KEY_KANTO_K33,KANTO_CERT_2,DEXNAV_CHAIN_OR_RANK2,ONE_LEGAL_MOVE,ITEM_KEY_NONE,NONE,FIXED_HIGH_LEVEL_OPTIONAL,ACTIVE,トーホクは本編で使える低～中レベル基礎種、カントーは高レベル個体・中間進化・隠れ特性探索を担当。
ENCOUNTER_KEY_KANTO_FAMILY_0430,MAP_KEY_KANTO_K14,K14,草むらオーバーレイ,ベガ初回殿堂入り後。認定章数でエリアと中間進化枠を段階解禁。,430,SPECIES_KEY_WOOLOO,438,84,89,8,NORMAL,TABLE_KEY_KANTO_K14,KANTO_CERT_3,DEXNAV_CHAIN_OR_RANK2,ONE_LEGAL_MOVE,ITEM_KEY_NONE,NONE,FIXED_HIGH_LEVEL_OPTIONAL,ACTIVE,トーホクは本編で使える低～中レベル基礎種、カントーは高レベル個体・中間進化・隠れ特性探索を担当。
ENCOUNTER_KEY_KANTO_FAMILY_0431,MAP_KEY_KANTO_K06,K06,釣りオーバーレイ,ベガ初回殿堂入り後。認定章数でエリアと中間進化枠を段階解禁。,431,SPECIES_KEY_CHEWTLE,439,75,80,10,NORMAL,TABLE_KEY_KANTO_K06,KANTO_EARLY_ACCESS,DEXNAV_CHAIN_OR_RANK2,ONE_LEGAL_MOVE,ITEM_KEY_NONE,NONE,FIXED_HIGH_LEVEL_OPTIONAL,ACTIVE,トーホクは本編で使える低～中レベル基礎種、カントーは高レベル個体・中間進化・隠れ特性探索を担当。
ENCOUNTER_KEY_KANTO_FAMILY_0432,MAP_KEY_KANTO_K10,K10,草むらオーバーレイ,ベガ初回殿堂入り後。認定章数でエリアと中間進化枠を段階解禁。,432,SPECIES_KEY_YAMPER,440,78,84,8,NORMAL,TABLE_KEY_KANTO_K10,KANTO_CERT_1,DEXNAV_CHAIN_OR_RANK2,ONE_LEGAL_MOVE,ITEM_KEY_NONE,NONE,FIXED_HIGH_LEVEL_OPTIONAL,ACTIVE,トーホクは本編で使える低～中レベル基礎種、カントーは高レベル個体・中間進化・隠れ特性探索を担当。
ENCOUNTER_KEY_KANTO_FAMILY_0433,MAP_KEY_KANTO_K39,K39,洞窟・屋内オーバーレイ,ベガ初回殿堂入り後。認定章数でエリアと中間進化枠を段階解禁。,433,SPECIES_KEY_ROLYCOLY,441,91,98,8,NORMAL,TABLE_KEY_KANTO_K39,KANTO_CERT_5,DEXNAV_CHAIN_OR_RANK2,ONE_LEGAL_MOVE,ITEM_KEY_NONE,NONE,FIXED_HIGH_LEVEL_OPTIONAL,ACTIVE,トーホクは本編で使える低～中レベル基礎種、カントーは高レベル個体・中間進化・隠れ特性探索を担当。
ENCOUNTER_KEY_KANTO_FAMILY_0434,MAP_KEY_KANTO_K33,K33,ずつき／朝昼オーバーレイ,ベガ初回殿堂入り後。認定章数でエリアと中間進化枠を段階解禁。,434,SPECIES_KEY_APPLIN,442,82,90,8,NORMAL,TABLE_KEY_KANTO_K33,KANTO_CERT_2,DEXNAV_CHAIN_OR_RANK2,ONE_LEGAL_MOVE,ITEM_KEY_NONE,NONE,FIXED_HIGH_LEVEL_OPTIONAL,ACTIVE,トーホクは本編で使える低～中レベル基礎種、カントーは高レベル個体・中間進化・隠れ特性探索を担当。
ENCOUNTER_KEY_KANTO_FAMILY_0435,MAP_KEY_KANTO_K28,K28,いわくだき／DexNav,ベガ初回殿堂入り後。認定章数でエリアと中間進化枠を段階解禁。,435,SPECIES_KEY_SILICOBRA,443,76,83,0,NORMAL,TABLE_KEY_KANTO_K28,KANTO_EARLY_ACCESS,DEXNAV_CHAIN_OR_RANK2,ONE_LEGAL_MOVE,ITEM_KEY_NONE,NONE,FIXED_HIGH_LEVEL_OPTIONAL,ACTIVE,トーホクは本編で使える低～中レベル基礎種、カントーは高レベル個体・中間進化・隠れ特性探索を担当。
ENCOUNTER_KEY_KANTO_FAMILY_0436,MAP_KEY_KANTO_K25,K25,水上オーバーレイ,ベガ初回殿堂入り後。認定章数でエリアと中間進化枠を段階解禁。,436,SPECIES_KEY_CRAMORANT,444,75,80,10,NORMAL,TABLE_KEY_KANTO_K25,KANTO_EARLY_ACCESS,DEXNAV_CHAIN_OR_RANK2,ONE_LEGAL_MOVE,ITEM_KEY_NONE,NONE,FIXED_HIGH_LEVEL_OPTIONAL,ACTIVE,トーホクは本編で使える低～中レベル基礎種、カントーは高レベル個体・中間進化・隠れ特性探索を担当。
ENCOUNTER_KEY_KANTO_FAMILY_0437,MAP_KEY_KANTO_K19,K19,釣りオーバーレイ,ベガ初回殿堂入り後。認定章数でエリアと中間進化枠を段階解禁。,437,SPECIES_KEY_ARROKUDA,445,87,92,10,NORMAL,TABLE_KEY_KANTO_K19,KANTO_CERT_4,DEXNAV_CHAIN_OR_RANK2,ONE_LEGAL_MOVE,ITEM_KEY_NONE,NONE,FIXED_HIGH_LEVEL_OPTIONAL,ACTIVE,トーホクは本編で使える低～中レベル基礎種、カントーは高レベル個体・中間進化・隠れ特性探索を担当。
ENCOUNTER_KEY_KANTO_FAMILY_0438,MAP_KEY_KANTO_K40,K40,DexNav隠し枠／低確率タマゴ,ベガ初回殿堂入り後。認定章数でエリアと中間進化枠を段階解禁。,438,SPECIES_KEY_TOXEL,446,82,94,0,NORMAL,TABLE_KEY_KANTO_K40,KANTO_CERT_2,DEXNAV_CHAIN_OR_RANK2,ONE_LEGAL_MOVE,ITEM_KEY_NONE,NONE,FIXED_HIGH_LEVEL_OPTIONAL,ACTIVE,トーホクは本編で使える低～中レベル基礎種、カントーは高レベル個体・中間進化・隠れ特性探索を担当。
ENCOUNTER_KEY_KANTO_FAMILY_0439,MAP_KEY_KANTO_K39,K39,洞窟・屋内オーバーレイ,ベガ初回殿堂入り後。認定章数でエリアと中間進化枠を段階解禁。,439,SPECIES_KEY_SIZZLIPEDE,447,91,98,8,NORMAL,TABLE_KEY_KANTO_K39,KANTO_CERT_5,DEXNAV_CHAIN_OR_RANK2,ONE_LEGAL_MOVE,ITEM_KEY_NONE,NONE,FIXED_HIGH_LEVEL_OPTIONAL,ACTIVE,トーホクは本編で使える低～中レベル基礎種、カントーは高レベル個体・中間進化・隠れ特性探索を担当。
ENCOUNTER_KEY_KANTO_FAMILY_0440,MAP_KEY_KANTO_K22,K22,草むらオーバーレイ,ベガ初回殿堂入り後。認定章数でエリアと中間進化枠を段階解禁。,440,SPECIES_KEY_CLOBBOPUS,448,90,95,8,NORMAL,TABLE_KEY_KANTO_K22,KANTO_CERT_5,DEXNAV_CHAIN_OR_RANK2,ONE_LEGAL_MOVE,ITEM_KEY_NONE,NONE,FIXED_HIGH_LEVEL_OPTIONAL,ACTIVE,トーホクは本編で使える低～中レベル基礎種、カントーは高レベル個体・中間進化・隠れ特性探索を担当。
ENCOUNTER_KEY_KANTO_FAMILY_0441,MAP_KEY_KANTO_K31,K31,夜間オーバーレイ,ベガ初回殿堂入り後。認定章数でエリアと中間進化枠を段階解禁。,441,SPECIES_KEY_SINISTEA,449,82,90,8,NORMAL,TABLE_KEY_KANTO_K31,KANTO_CERT_2,DEXNAV_CHAIN_OR_RANK2,ONE_LEGAL_MOVE,ITEM_KEY_NONE,NONE,FIXED_HIGH_LEVEL_OPTIONAL,ACTIVE,トーホクは本編で使える低～中レベル基礎種、カントーは高レベル個体・中間進化・隠れ特性探索を担当。
ENCOUNTER_KEY_KANTO_FAMILY_0442,MAP_KEY_KANTO_K41,K41,洞窟・屋内オーバーレイ,ベガ初回殿堂入り後。認定章数でエリアと中間進化枠を段階解禁。,442,SPECIES_KEY_HATENNA,450,90,97,8,NORMAL,TABLE_KEY_KANTO_K41,KANTO_CERT_5,DEXNAV_CHAIN_OR_RANK2,ONE_LEGAL_MOVE,ITEM_KEY_NONE,NONE,FIXED_HIGH_LEVEL_OPTIONAL,ACTIVE,トーホクは本編で使える低～中レベル基礎種、カントーは高レベル個体・中間進化・隠れ特性探索を担当。
ENCOUNTER_KEY_KANTO_FAMILY_0443,MAP_KEY_KANTO_K32,K32,夜間オーバーレイ,ベガ初回殿堂入り後。認定章数でエリアと中間進化枠を段階解禁。,443,SPECIES_KEY_IMPIDIMP,451,83,91,8,NORMAL,TABLE_KEY_KANTO_K32,KANTO_CERT_2,DEXNAV_CHAIN_OR_RANK2,ONE_LEGAL_MOVE,ITEM_KEY_NONE,NONE,FIXED_HIGH_LEVEL_OPTIONAL,ACTIVE,トーホクは本編で使える低～中レベル基礎種、カントーは高レベル個体・中間進化・隠れ特性探索を担当。
ENCOUNTER_KEY_KANTO_FAMILY_0444,MAP_KEY_KANTO_K33,K33,草むらオーバーレイ,ベガ初回殿堂入り後。認定章数でエリアと中間進化枠を段階解禁。,444,SPECIES_KEY_MILCERY,452,82,90,8,NORMAL,TABLE_KEY_KANTO_K33,KANTO_CERT_2,DEXNAV_CHAIN_OR_RANK2,ONE_LEGAL_MOVE,ITEM_KEY_NONE,NONE,FIXED_HIGH_LEVEL_OPTIONAL,ACTIVE,トーホクは本編で使える低～中レベル基礎種、カントーは高レベル個体・中間進化・隠れ特性探索を担当。
ENCOUNTER_KEY_KANTO_FAMILY_0445,MAP_KEY_KANTO_LEAGUE,K42,屋内異常遭遇／DexNav,ベガ初回殿堂入り後。認定章数でエリアと中間進化枠を段階解禁。,445,SPECIES_KEY_FALINKS,453,94,100,0,NORMAL,TABLE_KEY_KANTO_K42,KANTO_LEAGUE,DEXNAV_CHAIN_OR_RANK2,ONE_LEGAL_MOVE,ITEM_KEY_NONE,NONE,FIXED_HIGH_LEVEL_OPTIONAL,ACTIVE,トーホクは本編で使える低～中レベル基礎種、カントーは高レベル個体・中間進化・隠れ特性探索を担当。
ENCOUNTER_KEY_KANTO_FAMILY_0446,MAP_KEY_KANTO_K20,K20,草むらオーバーレイ,ベガ初回殿堂入り後。認定章数でエリアと中間進化枠を段階解禁。,446,SPECIES_KEY_PINCURCHIN,454,88,93,8,NORMAL,TABLE_KEY_KANTO_K20,KANTO_CERT_4,DEXNAV_CHAIN_OR_RANK2,ONE_LEGAL_MOVE,ITEM_KEY_NONE,NONE,FIXED_HIGH_LEVEL_OPTIONAL,ACTIVE,トーホクは本編で使える低～中レベル基礎種、カントーは高レベル個体・中間進化・隠れ特性探索を担当。
ENCOUNTER_KEY_KANTO_FAMILY_0447,MAP_KEY_KANTO_K38,K38,洞窟・屋内オーバーレイ,ベガ初回殿堂入り後。認定章数でエリアと中間進化枠を段階解禁。,447,SPECIES_KEY_SNOM,455,88,96,8,NORMAL,TABLE_KEY_KANTO_K38,KANTO_CERT_4,DEXNAV_CHAIN_OR_RANK2,ONE_LEGAL_MOVE,ITEM_KEY_NONE,NONE,FIXED_HIGH_LEVEL_OPTIONAL,ACTIVE,トーホクは本編で使える低～中レベル基礎種、カントーは高レベル個体・中間進化・隠れ特性探索を担当。
ENCOUNTER_KEY_KANTO_FAMILY_0448,MAP_KEY_KANTO_K37,K37,いわくだき／DexNav,ベガ初回殿堂入り後。認定章数でエリアと中間進化枠を段階解禁。,448,SPECIES_KEY_STONJOURNER,456,85,94,0,NORMAL,TABLE_KEY_KANTO_K37,KANTO_CERT_3,DEXNAV_CHAIN_OR_RANK2,ONE_LEGAL_MOVE,ITEM_KEY_NONE,NONE,FIXED_HIGH_LEVEL_OPTIONAL,ACTIVE,トーホクは本編で使える低～中レベル基礎種、カントーは高レベル個体・中間進化・隠れ特性探索を担当。
ENCOUNTER_KEY_KANTO_FAMILY_0449,MAP_KEY_KANTO_K38,K38,洞窟・屋内オーバーレイ,ベガ初回殿堂入り後。認定章数でエリアと中間進化枠を段階解禁。,449,SPECIES_KEY_EISCUE,457,88,96,8,NORMAL,TABLE_KEY_KANTO_K38,KANTO_CERT_4,DEXNAV_CHAIN_OR_RANK2,ONE_LEGAL_MOVE,ITEM_KEY_NONE,NONE,FIXED_HIGH_LEVEL_OPTIONAL,ACTIVE,トーホクは本編で使える低～中レベル基礎種、カントーは高レベル個体・中間進化・隠れ特性探索を担当。
ENCOUNTER_KEY_KANTO_FAMILY_0450,MAP_KEY_KANTO_K41,K41,洞窟・屋内オーバーレイ,ベガ初回殿堂入り後。認定章数でエリアと中間進化枠を段階解禁。,450,SPECIES_KEY_INDEEDEE,458,90,97,8,NORMAL,TABLE_KEY_KANTO_K41,KANTO_CERT_5,DEXNAV_CHAIN_OR_RANK2,ONE_LEGAL_MOVE,ITEM_KEY_NONE,NONE,FIXED_HIGH_LEVEL_OPTIONAL,ACTIVE,トーホクは本編で使える低～中レベル基礎種、カントーは高レベル個体・中間進化・隠れ特性探索を担当。
ENCOUNTER_KEY_KANTO_FAMILY_0451,MAP_KEY_KANTO_K07,K07,夜間オーバーレイ,ベガ初回殿堂入り後。認定章数でエリアと中間進化枠を段階解禁。,451,SPECIES_KEY_MORPEKO,459,78,83,8,NORMAL,TABLE_KEY_KANTO_K07,KANTO_CERT_1,DEXNAV_CHAIN_OR_RANK2,ONE_LEGAL_MOVE,ITEM_KEY_NONE,NONE,FIXED_HIGH_LEVEL_OPTIONAL,ACTIVE,トーホクは本編で使える低～中レベル基礎種、カントーは高レベル個体・中間進化・隠れ特性探索を担当。
ENCOUNTER_KEY_KANTO_FAMILY_0452,MAP_KEY_KANTO_K37,K37,いわくだき／DexNav,ベガ初回殿堂入り後。認定章数でエリアと中間進化枠を段階解禁。,452,SPECIES_KEY_CUFANT,460,85,94,0,NORMAL,TABLE_KEY_KANTO_K37,KANTO_CERT_3,DEXNAV_CHAIN_OR_RANK2,ONE_LEGAL_MOVE,ITEM_KEY_NONE,NONE,FIXED_HIGH_LEVEL_OPTIONAL,ACTIVE,トーホクは本編で使える低～中レベル基礎種、カントーは高レベル個体・中間進化・隠れ特性探索を担当。
ENCOUNTER_KEY_KANTO_FAMILY_0453,MAP_KEY_KANTO_K45,K45,博物館鑑定後に復元,ベガ初回殿堂入り後。認定章数でエリアと中間進化枠を段階解禁。,453,SPECIES_KEY_DRACOZOLT,461,68,68,8,NORMAL,TABLE_KEY_KANTO_K45,KANTO_EARLY_ACCESS,DEXNAV_CHAIN_OR_RANK2,ONE_LEGAL_MOVE,ITEM_KEY_NONE,NONE,FIXED_HIGH_LEVEL_OPTIONAL,ACTIVE,トーホクは早期の復元、カントーは高個体値・隠れ特性の再復元を担当。
ENCOUNTER_KEY_KANTO_FAMILY_0454,MAP_KEY_KANTO_K44,K44,博物館鑑定後に復元,ベガ初回殿堂入り後。認定章数でエリアと中間進化枠を段階解禁。,454,SPECIES_KEY_ARCTOZOLT,462,68,68,8,NORMAL,TABLE_KEY_KANTO_K44,KANTO_EARLY_ACCESS,DEXNAV_CHAIN_OR_RANK2,ONE_LEGAL_MOVE,ITEM_KEY_NONE,NONE,FIXED_HIGH_LEVEL_OPTIONAL,ACTIVE,トーホクは早期の復元、カントーは高個体値・隠れ特性の再復元を担当。
ENCOUNTER_KEY_KANTO_FAMILY_0455,MAP_KEY_KANTO_K44,K44,博物館鑑定後に復元,ベガ初回殿堂入り後。認定章数でエリアと中間進化枠を段階解禁。,455,SPECIES_KEY_DRACOVISH,463,68,68,8,NORMAL,TABLE_KEY_KANTO_K44,KANTO_EARLY_ACCESS,DEXNAV_CHAIN_OR_RANK2,ONE_LEGAL_MOVE,ITEM_KEY_NONE,NONE,FIXED_HIGH_LEVEL_OPTIONAL,ACTIVE,トーホクは早期の復元、カントーは高個体値・隠れ特性の再復元を担当。
ENCOUNTER_KEY_KANTO_FAMILY_0456,MAP_KEY_KANTO_K44,K44,博物館鑑定後に復元,ベガ初回殿堂入り後。認定章数でエリアと中間進化枠を段階解禁。,456,SPECIES_KEY_ARCTOVISH,464,68,68,8,NORMAL,TABLE_KEY_KANTO_K44,KANTO_EARLY_ACCESS,DEXNAV_CHAIN_OR_RANK2,ONE_LEGAL_MOVE,ITEM_KEY_NONE,NONE,FIXED_HIGH_LEVEL_OPTIONAL,ACTIVE,トーホクは早期の復元、カントーは高個体値・隠れ特性の再復元を担当。
ENCOUNTER_KEY_KANTO_FAMILY_0457,MAP_KEY_KANTO_K41,K41,屋内異常遭遇／DexNav,ベガ初回殿堂入り後。認定章数でエリアと中間進化枠を段階解禁。,457,SPECIES_KEY_DURALUDON,465,90,97,0,NORMAL,TABLE_KEY_KANTO_K41,KANTO_CERT_5,DEXNAV_CHAIN_OR_RANK2,ONE_LEGAL_MOVE,ITEM_KEY_NONE,NONE,FIXED_HIGH_LEVEL_OPTIONAL,ACTIVE,トーホクは本編で使える低～中レベル基礎種、カントーは高レベル個体・中間進化・隠れ特性探索を担当。
ENCOUNTER_KEY_KANTO_FAMILY_0458,MAP_KEY_KANTO_K43,K43,DexNav隠し枠,ベガ初回殿堂入り後。認定章数でエリアと中間進化枠を段階解禁。,458,SPECIES_KEY_DREEPY,466,95,100,0,NORMAL,TABLE_KEY_KANTO_K43,KANTO_CERT_6,DEXNAV_CHAIN_OR_RANK2,ONE_LEGAL_MOVE,ITEM_KEY_NONE,NONE,FIXED_HIGH_LEVEL_OPTIONAL,ACTIVE,トーホクは本編で使える低～中レベル基礎種、カントーは高レベル個体・中間進化・隠れ特性探索を担当。
ENCOUNTER_KEY_KANTO_FAMILY_0459,MAP_KEY_KANTO_K43,K43,SIMPLE_EVENT,スフィアいせき後,459,SPECIES_KEY_ZACIAN,467,75,75,0,EVENT,TABLE_KEY_KANTO_K43,KANTO_LEAGUE_CLEAR,SHARED_ONCE,ONE_LEGAL_MOVE,ITEM_KEY_NONE,SHARED_CAPTURE_KEY_NATIONAL_0888,FIXED_HIGH_LEVEL_OPTIONAL,ACTIVE,主地方で1個体だけ捕獲し、副地方では手掛かり・共鳴戦・専用素材を扱う。捕獲済みフラグは両地方で共有し、重複個体を与えない。
ENCOUNTER_KEY_KANTO_FAMILY_0460,MAP_KEY_KANTO_K43,K43,SIMPLE_EVENT,スフィアいせき後＋主地方の捕獲フラグ共有,460,SPECIES_KEY_ZAMAZENTA,468,95,100,0,EVENT,TABLE_KEY_KANTO_K43,KANTO_LEAGUE_CLEAR,SHARED_ONCE,ONE_LEGAL_MOVE,ITEM_KEY_NONE,SHARED_CAPTURE_KEY_NATIONAL_0889,FIXED_HIGH_LEVEL_OPTIONAL,ACTIVE,主地方で1個体だけ捕獲し、副地方では手掛かり・共鳴戦・専用素材を扱う。捕獲済みフラグは両地方で共有し、重複個体を与えない。
ENCOUNTER_KEY_KANTO_FAMILY_0461,MAP_KEY_KANTO_K43,K43,SIMPLE_EVENT,殿堂入り＋ダイマックスバンド,461,SPECIES_KEY_ETERNATUS,469,75,75,0,EVENT,TABLE_KEY_KANTO_K43,KANTO_LEAGUE_CLEAR,SHARED_ONCE,ONE_LEGAL_MOVE,ITEM_KEY_NONE,SHARED_CAPTURE_KEY_NATIONAL_0890,FIXED_HIGH_LEVEL_OPTIONAL,ACTIVE,主地方で1個体だけ捕獲し、副地方では手掛かり・共鳴戦・専用素材を扱う。捕獲済みフラグは両地方で共有し、重複個体を与えない。
ENCOUNTER_KEY_KANTO_FAMILY_0462,MAP_KEY_KANTO_K43,K43,SIMPLE_EVENT,殿堂入り,462,SPECIES_KEY_KUBFU,470,75,75,0,EVENT,TABLE_KEY_KANTO_K43,KANTO_LEAGUE_CLEAR,SHARED_ONCE,ONE_LEGAL_MOVE,ITEM_KEY_NONE,SHARED_CAPTURE_KEY_NATIONAL_0891,FIXED_HIGH_LEVEL_OPTIONAL,ACTIVE,主地方で1個体だけ捕獲し、副地方では手掛かり・共鳴戦・専用素材を扱う。捕獲済みフラグは両地方で共有し、重複個体を与えない。
ENCOUNTER_KEY_KANTO_FAMILY_0463,MAP_KEY_KANTO_K43,K43,SIMPLE_EVENT,全国研究ランク4＋主地方の捕獲フラグ共有,463,SPECIES_KEY_ZARUDE,471,95,100,0,EVENT,TABLE_KEY_KANTO_K43,KANTO_LEAGUE_CLEAR,SHARED_ONCE,ONE_LEGAL_MOVE,ITEM_KEY_NONE,SHARED_CAPTURE_KEY_NATIONAL_0893,FIXED_HIGH_LEVEL_OPTIONAL,ACTIVE,主地方で1個体だけ捕獲し、副地方では手掛かり・共鳴戦・専用素材を扱う。捕獲済みフラグは両地方で共有し、重複個体を与えない。
ENCOUNTER_KEY_KANTO_FAMILY_0464,MAP_KEY_KANTO_K43,K43,SIMPLE_EVENT,レジ系3体登録,464,SPECIES_KEY_REGIELEKI,472,75,75,0,EVENT,TABLE_KEY_KANTO_K43,KANTO_LEAGUE_CLEAR,SHARED_ONCE,ONE_LEGAL_MOVE,ITEM_KEY_NONE,SHARED_CAPTURE_KEY_NATIONAL_0894,FIXED_HIGH_LEVEL_OPTIONAL,ACTIVE,主地方で1個体だけ捕獲し、副地方では手掛かり・共鳴戦・専用素材を扱う。捕獲済みフラグは両地方で共有し、重複個体を与えない。
ENCOUNTER_KEY_KANTO_FAMILY_0465,MAP_KEY_KANTO_K43,K43,SIMPLE_EVENT,レジ系3体登録,465,SPECIES_KEY_REGIDRAGO,473,75,75,0,EVENT,TABLE_KEY_KANTO_K43,KANTO_LEAGUE_CLEAR,SHARED_ONCE,ONE_LEGAL_MOVE,ITEM_KEY_NONE,SHARED_CAPTURE_KEY_NATIONAL_0895,FIXED_HIGH_LEVEL_OPTIONAL,ACTIVE,主地方で1個体だけ捕獲し、副地方では手掛かり・共鳴戦・専用素材を扱う。捕獲済みフラグは両地方で共有し、重複個体を与えない。
ENCOUNTER_KEY_KANTO_FAMILY_0466,MAP_KEY_KANTO_K43,K43,SIMPLE_EVENT,殿堂入り＋豊穣イベント＋主地方の捕獲フラグ共有,466,SPECIES_KEY_GLASTRIER,474,95,100,0,EVENT,TABLE_KEY_KANTO_K43,KANTO_LEAGUE_CLEAR,SHARED_ONCE,ONE_LEGAL_MOVE,ITEM_KEY_NONE,SHARED_CAPTURE_KEY_NATIONAL_0896,FIXED_HIGH_LEVEL_OPTIONAL,ACTIVE,主地方で1個体だけ捕獲し、副地方では手掛かり・共鳴戦・専用素材を扱う。捕獲済みフラグは両地方で共有し、重複個体を与えない。
ENCOUNTER_KEY_KANTO_FAMILY_0467,MAP_KEY_KANTO_K43,K43,SIMPLE_EVENT,殿堂入り＋豊穣イベント,467,SPECIES_KEY_SPECTRIER,475,75,75,0,EVENT,TABLE_KEY_KANTO_K43,KANTO_LEAGUE_CLEAR,SHARED_ONCE,ONE_LEGAL_MOVE,ITEM_KEY_NONE,SHARED_CAPTURE_KEY_NATIONAL_0897,FIXED_HIGH_LEVEL_OPTIONAL,ACTIVE,主地方で1個体だけ捕獲し、副地方では手掛かり・共鳴戦・専用素材を扱う。捕獲済みフラグは両地方で共有し、重複個体を与えない。
ENCOUNTER_KEY_KANTO_FAMILY_0468,MAP_KEY_KANTO_K43,K43,SIMPLE_EVENT,殿堂入り＋豊穣イベント＋主地方の捕獲フラグ共有,468,SPECIES_KEY_CALYREX,476,95,100,0,EVENT,TABLE_KEY_KANTO_K43,KANTO_LEAGUE_CLEAR,SHARED_ONCE,ONE_LEGAL_MOVE,ITEM_KEY_NONE,SHARED_CAPTURE_KEY_NATIONAL_0898,FIXED_HIGH_LEVEL_OPTIONAL,ACTIVE,主地方で1個体だけ捕獲し、副地方では手掛かり・共鳴戦・専用素材を扱う。捕獲済みフラグは両地方で共有し、重複個体を与えない。
ENCOUNTER_KEY_KANTO_FAMILY_0469,MAP_KEY_KANTO_K43,K43,SIMPLE_EVENT,殿堂入り＋天候観測器＋主地方の捕獲フラグ共有,469,SPECIES_KEY_ENAMORUS,477,95,100,0,EVENT,TABLE_KEY_KANTO_K43,KANTO_LEAGUE_CLEAR,SHARED_ONCE,ONE_LEGAL_MOVE,ITEM_KEY_NONE,SHARED_CAPTURE_KEY_NATIONAL_0905,FIXED_HIGH_LEVEL_OPTIONAL,ACTIVE,主地方で1個体だけ捕獲し、副地方では手掛かり・共鳴戦・専用素材を扱う。捕獲済みフラグは両地方で共有し、重複個体を与えない。
ENCOUNTER_KEY_KANTO_FAMILY_0470,MAP_KEY_KANTO_K47,K47,オーキド研究所の生態交換タマゴ,ベガ初回殿堂入り後。認定章数でエリアと中間進化枠を段階解禁。,470,SPECIES_KEY_SPRIGATITO,478,68,68,2,NORMAL,TABLE_KEY_KANTO_K47,KANTO_EARLY_ACCESS,DEXNAV_CHAIN_OR_RANK2,ONE_LEGAL_MOVE,ITEM_KEY_NONE,NONE,FIXED_HIGH_LEVEL_OPTIONAL,ACTIVE,御三家を野生化せず、両地方の研究所を巡る収集導線にする。
ENCOUNTER_KEY_KANTO_FAMILY_0471,MAP_KEY_KANTO_K47,K47,オーキド研究所の生態交換タマゴ,ベガ初回殿堂入り後。認定章数でエリアと中間進化枠を段階解禁。,471,SPECIES_KEY_FUECOCO,479,68,68,2,NORMAL,TABLE_KEY_KANTO_K47,KANTO_EARLY_ACCESS,DEXNAV_CHAIN_OR_RANK2,ONE_LEGAL_MOVE,ITEM_KEY_NONE,NONE,FIXED_HIGH_LEVEL_OPTIONAL,ACTIVE,御三家を野生化せず、両地方の研究所を巡る収集導線にする。
ENCOUNTER_KEY_KANTO_FAMILY_0472,MAP_KEY_KANTO_K47,K47,オーキド研究所の生態交換タマゴ,ベガ初回殿堂入り後。認定章数でエリアと中間進化枠を段階解禁。,472,SPECIES_KEY_QUAXLY,480,68,68,2,NORMAL,TABLE_KEY_KANTO_K47,KANTO_EARLY_ACCESS,DEXNAV_CHAIN_OR_RANK2,ONE_LEGAL_MOVE,ITEM_KEY_NONE,NONE,FIXED_HIGH_LEVEL_OPTIONAL,ACTIVE,御三家を野生化せず、両地方の研究所を巡る収集導線にする。
ENCOUNTER_KEY_KANTO_FAMILY_0473,MAP_KEY_KANTO_ROUTE1,K01,大量発生,ベガ初回殿堂入り後。認定章数でエリアと中間進化枠を段階解禁。,473,SPECIES_KEY_LECHONK,481,68,72,0,NORMAL,TABLE_KEY_KANTO_K01,KANTO_EARLY_ACCESS,DEXNAV_CHAIN_OR_RANK2,ONE_LEGAL_MOVE,ITEM_KEY_NONE,NONE,FIXED_HIGH_LEVEL_OPTIONAL,ACTIVE,トーホクは本編で使える低～中レベル基礎種、カントーは高レベル個体・中間進化・隠れ特性探索を担当。
ENCOUNTER_KEY_KANTO_FAMILY_0474,MAP_KEY_KANTO_VIRIDIAN_FOREST,K26,ずつき／朝昼オーバーレイ,ベガ初回殿堂入り後。認定章数でエリアと中間進化枠を段階解禁。,474,SPECIES_KEY_TAROUNTULA,482,70,76,8,NORMAL,TABLE_KEY_KANTO_K26,KANTO_EARLY_ACCESS,DEXNAV_CHAIN_OR_RANK2,ONE_LEGAL_MOVE,ITEM_KEY_NONE,NONE,FIXED_HIGH_LEVEL_OPTIONAL,ACTIVE,トーホクは本編で使える低～中レベル基礎種、カントーは高レベル個体・中間進化・隠れ特性探索を担当。
ENCOUNTER_KEY_KANTO_FAMILY_0475,MAP_KEY_KANTO_K03,K03,夜間オーバーレイ,ベガ初回殿堂入り後。認定章数でエリアと中間進化枠を段階解禁。,475,SPECIES_KEY_NYMBLE,483,71,75,8,NORMAL,TABLE_KEY_KANTO_K03,KANTO_EARLY_ACCESS,DEXNAV_CHAIN_OR_RANK2,ONE_LEGAL_MOVE,ITEM_KEY_NONE,NONE,FIXED_HIGH_LEVEL_OPTIONAL,ACTIVE,トーホクは本編で使える低～中レベル基礎種、カントーは高レベル個体・中間進化・隠れ特性探索を担当。
ENCOUNTER_KEY_KANTO_FAMILY_0476,MAP_KEY_KANTO_ROUTE1,K01,草むらオーバーレイ,ベガ初回殿堂入り後。認定章数でエリアと中間進化枠を段階解禁。,476,SPECIES_KEY_PAWMI,484,68,72,8,NORMAL,TABLE_KEY_KANTO_K01,KANTO_EARLY_ACCESS,DEXNAV_CHAIN_OR_RANK2,ONE_LEGAL_MOVE,ITEM_KEY_NONE,NONE,FIXED_HIGH_LEVEL_OPTIONAL,ACTIVE,トーホクは本編で使える低～中レベル基礎種、カントーは高レベル個体・中間進化・隠れ特性探索を担当。
ENCOUNTER_KEY_KANTO_FAMILY_0477,MAP_KEY_KANTO_K05,K05,草むらオーバーレイ,ベガ初回殿堂入り後。認定章数でエリアと中間進化枠を段階解禁。,477,SPECIES_KEY_TANDEMAUS,485,74,79,8,NORMAL,TABLE_KEY_KANTO_K05,KANTO_EARLY_ACCESS,DEXNAV_CHAIN_OR_RANK2,ONE_LEGAL_MOVE,ITEM_KEY_NONE,NONE,FIXED_HIGH_LEVEL_OPTIONAL,ACTIVE,トーホクは本編で使える低～中レベル基礎種、カントーは高レベル個体・中間進化・隠れ特性探索を担当。
ENCOUNTER_KEY_KANTO_FAMILY_0478,MAP_KEY_KANTO_K05,K05,草むらオーバーレイ,ベガ初回殿堂入り後。認定章数でエリアと中間進化枠を段階解禁。,478,SPECIES_KEY_FIDOUGH,486,74,79,8,NORMAL,TABLE_KEY_KANTO_K05,KANTO_EARLY_ACCESS,DEXNAV_CHAIN_OR_RANK2,ONE_LEGAL_MOVE,ITEM_KEY_NONE,NONE,FIXED_HIGH_LEVEL_OPTIONAL,ACTIVE,トーホクは本編で使える低～中レベル基礎種、カントーは高レベル個体・中間進化・隠れ特性探索を担当。
ENCOUNTER_KEY_KANTO_FAMILY_0479,MAP_KEY_KANTO_K33,K33,ずつき／朝昼オーバーレイ,ベガ初回殿堂入り後。認定章数でエリアと中間進化枠を段階解禁。,479,SPECIES_KEY_SMOLIV,487,82,90,8,NORMAL,TABLE_KEY_KANTO_K33,KANTO_CERT_2,DEXNAV_CHAIN_OR_RANK2,ONE_LEGAL_MOVE,ITEM_KEY_NONE,NONE,FIXED_HIGH_LEVEL_OPTIONAL,ACTIVE,トーホクは本編で使える低～中レベル基礎種、カントーは高レベル個体・中間進化・隠れ特性探索を担当。
ENCOUNTER_KEY_KANTO_FAMILY_0480,MAP_KEY_KANTO_K11,K11,草むらオーバーレイ,ベガ初回殿堂入り後。認定章数でエリアと中間進化枠を段階解禁。,480,SPECIES_KEY_SQUAWKABILLY,488,76,82,8,NORMAL,TABLE_KEY_KANTO_K11,KANTO_EARLY_ACCESS,DEXNAV_CHAIN_OR_RANK2,ONE_LEGAL_MOVE,ITEM_KEY_NONE,NONE,FIXED_HIGH_LEVEL_OPTIONAL,ACTIVE,トーホクは本編で使える低～中レベル基礎種、カントーは高レベル個体・中間進化・隠れ特性探索を担当。
ENCOUNTER_KEY_KANTO_FAMILY_0481,MAP_KEY_KANTO_K27,K27,いわくだき／DexNav,ベガ初回殿堂入り後。認定章数でエリアと中間進化枠を段階解禁。,481,SPECIES_KEY_NACLI,489,73,80,0,NORMAL,TABLE_KEY_KANTO_K27,KANTO_EARLY_ACCESS,DEXNAV_CHAIN_OR_RANK2,ONE_LEGAL_MOVE,ITEM_KEY_NONE,NONE,FIXED_HIGH_LEVEL_OPTIONAL,ACTIVE,トーホクは本編で使える低～中レベル基礎種、カントーは高レベル個体・中間進化・隠れ特性探索を担当。
ENCOUNTER_KEY_KANTO_FAMILY_0482,MAP_KEY_KANTO_K39,K39,夜間オーバーレイ,ベガ初回殿堂入り後。認定章数でエリアと中間進化枠を段階解禁。,482,SPECIES_KEY_CHARCADET,490,91,98,8,NORMAL,TABLE_KEY_KANTO_K39,KANTO_CERT_5,DEXNAV_CHAIN_OR_RANK2,ONE_LEGAL_MOVE,ITEM_KEY_NONE,NONE,FIXED_HIGH_LEVEL_OPTIONAL,ACTIVE,トーホクは本編で使える低～中レベル基礎種、カントーは高レベル個体・中間進化・隠れ特性探索を担当。
ENCOUNTER_KEY_KANTO_FAMILY_0483,MAP_KEY_KANTO_K40,K40,洞窟・屋内オーバーレイ,ベガ初回殿堂入り後。認定章数でエリアと中間進化枠を段階解禁。,483,SPECIES_KEY_TADBULB,491,82,94,8,NORMAL,TABLE_KEY_KANTO_K40,KANTO_CERT_2,DEXNAV_CHAIN_OR_RANK2,ONE_LEGAL_MOVE,ITEM_KEY_NONE,NONE,FIXED_HIGH_LEVEL_OPTIONAL,ACTIVE,トーホクは本編で使える低～中レベル基礎種、カントーは高レベル個体・中間進化・隠れ特性探索を担当。
ENCOUNTER_KEY_KANTO_FAMILY_0484,MAP_KEY_KANTO_K11,K11,草むらオーバーレイ,ベガ初回殿堂入り後。認定章数でエリアと中間進化枠を段階解禁。,484,SPECIES_KEY_WATTREL,492,76,82,8,NORMAL,TABLE_KEY_KANTO_K11,KANTO_EARLY_ACCESS,DEXNAV_CHAIN_OR_RANK2,ONE_LEGAL_MOVE,ITEM_KEY_NONE,NONE,FIXED_HIGH_LEVEL_OPTIONAL,ACTIVE,トーホクは本編で使える低～中レベル基礎種、カントーは高レベル個体・中間進化・隠れ特性探索を担当。
ENCOUNTER_KEY_KANTO_FAMILY_0485,MAP_KEY_KANTO_K08,K08,夜間オーバーレイ,ベガ初回殿堂入り後。認定章数でエリアと中間進化枠を段階解禁。,485,SPECIES_KEY_MASCHIFF,493,79,84,8,NORMAL,TABLE_KEY_KANTO_K08,KANTO_CERT_1,DEXNAV_CHAIN_OR_RANK2,ONE_LEGAL_MOVE,ITEM_KEY_NONE,NONE,FIXED_HIGH_LEVEL_OPTIONAL,ACTIVE,トーホクは本編で使える低～中レベル基礎種、カントーは高レベル個体・中間進化・隠れ特性探索を担当。
ENCOUNTER_KEY_KANTO_FAMILY_0486,MAP_KEY_KANTO_K07,K07,草むらオーバーレイ,ベガ初回殿堂入り後。認定章数でエリアと中間進化枠を段階解禁。,486,SPECIES_KEY_SHROODLE,494,78,83,8,NORMAL,TABLE_KEY_KANTO_K07,KANTO_CERT_1,DEXNAV_CHAIN_OR_RANK2,ONE_LEGAL_MOVE,ITEM_KEY_NONE,NONE,FIXED_HIGH_LEVEL_OPTIONAL,ACTIVE,トーホクは本編で使える低～中レベル基礎種、カントーは高レベル個体・中間進化・隠れ特性探索を担当。
ENCOUNTER_KEY_KANTO_FAMILY_0487,MAP_KEY_KANTO_K17,K17,大量発生,ベガ初回殿堂入り後。認定章数でエリアと中間進化枠を段階解禁。,487,SPECIES_KEY_BRAMBLIN,495,83,89,0,NORMAL,TABLE_KEY_KANTO_K17,KANTO_CERT_2,DEXNAV_CHAIN_OR_RANK2,ONE_LEGAL_MOVE,ITEM_KEY_NONE,NONE,FIXED_HIGH_LEVEL_OPTIONAL,ACTIVE,トーホクは本編で使える低～中レベル基礎種、カントーは高レベル個体・中間進化・隠れ特性探索を担当。
ENCOUNTER_KEY_KANTO_FAMILY_0488,MAP_KEY_KANTO_K35,K35,ずつき／朝昼オーバーレイ,ベガ初回殿堂入り後。認定章数でエリアと中間進化枠を段階解禁。,488,SPECIES_KEY_TOEDSCOOL,496,85,94,8,NORMAL,TABLE_KEY_KANTO_K35,KANTO_CERT_3,DEXNAV_CHAIN_OR_RANK2,ONE_LEGAL_MOVE,ITEM_KEY_NONE,NONE,FIXED_HIGH_LEVEL_OPTIONAL,ACTIVE,トーホクは本編で使える低～中レベル基礎種、カントーは高レベル個体・中間進化・隠れ特性探索を担当。
ENCOUNTER_KEY_KANTO_FAMILY_0489,MAP_KEY_KANTO_K30,K30,いわくだき／DexNav,ベガ初回殿堂入り後。認定章数でエリアと中間進化枠を段階解禁。,489,SPECIES_KEY_KLAWF,497,80,87,0,NORMAL,TABLE_KEY_KANTO_K30,KANTO_CERT_1,DEXNAV_CHAIN_OR_RANK2,ONE_LEGAL_MOVE,ITEM_KEY_NONE,NONE,FIXED_HIGH_LEVEL_OPTIONAL,ACTIVE,トーホクは本編で使える低～中レベル基礎種、カントーは高レベル個体・中間進化・隠れ特性探索を担当。
ENCOUNTER_KEY_KANTO_FAMILY_0490,MAP_KEY_KANTO_K39,K39,洞窟・屋内オーバーレイ,ベガ初回殿堂入り後。認定章数でエリアと中間進化枠を段階解禁。,490,SPECIES_KEY_CAPSAKID,498,91,98,8,NORMAL,TABLE_KEY_KANTO_K39,KANTO_CERT_5,DEXNAV_CHAIN_OR_RANK2,ONE_LEGAL_MOVE,ITEM_KEY_NONE,NONE,FIXED_HIGH_LEVEL_OPTIONAL,ACTIVE,トーホクは本編で使える低～中レベル基礎種、カントーは高レベル個体・中間進化・隠れ特性探索を担当。
ENCOUNTER_KEY_KANTO_FAMILY_0491,MAP_KEY_KANTO_K17,K17,草むらオーバーレイ,ベガ初回殿堂入り後。認定章数でエリアと中間進化枠を段階解禁。,491,SPECIES_KEY_RELLOR,499,83,89,8,NORMAL,TABLE_KEY_KANTO_K17,KANTO_CERT_2,DEXNAV_CHAIN_OR_RANK2,ONE_LEGAL_MOVE,ITEM_KEY_NONE,NONE,FIXED_HIGH_LEVEL_OPTIONAL,ACTIVE,トーホクは本編で使える低～中レベル基礎種、カントーは高レベル個体・中間進化・隠れ特性探索を担当。
ENCOUNTER_KEY_KANTO_FAMILY_0492,MAP_KEY_KANTO_K17,K17,大量発生,ベガ初回殿堂入り後。認定章数でエリアと中間進化枠を段階解禁。,492,SPECIES_KEY_FLITTLE,500,83,89,0,NORMAL,TABLE_KEY_KANTO_K17,KANTO_CERT_2,DEXNAV_CHAIN_OR_RANK2,ONE_LEGAL_MOVE,ITEM_KEY_NONE,NONE,FIXED_HIGH_LEVEL_OPTIONAL,ACTIVE,トーホクは本編で使える低～中レベル基礎種、カントーは高レベル個体・中間進化・隠れ特性探索を担当。
ENCOUNTER_KEY_KANTO_FAMILY_0493,MAP_KEY_KANTO_K41,K41,洞窟・屋内オーバーレイ,ベガ初回殿堂入り後。認定章数でエリアと中間進化枠を段階解禁。,493,SPECIES_KEY_TINKATINK,501,90,97,8,NORMAL,TABLE_KEY_KANTO_K41,KANTO_CERT_5,DEXNAV_CHAIN_OR_RANK2,ONE_LEGAL_MOVE,ITEM_KEY_NONE,NONE,FIXED_HIGH_LEVEL_OPTIONAL,ACTIVE,トーホクは本編で使える低～中レベル基礎種、カントーは高レベル個体・中間進化・隠れ特性探索を担当。
ENCOUNTER_KEY_KANTO_FAMILY_0494,MAP_KEY_KANTO_K19,K19,水上オーバーレイ,ベガ初回殿堂入り後。認定章数でエリアと中間進化枠を段階解禁。,494,SPECIES_KEY_WIGLETT,502,87,92,10,NORMAL,TABLE_KEY_KANTO_K19,KANTO_CERT_4,DEXNAV_CHAIN_OR_RANK2,ONE_LEGAL_MOVE,ITEM_KEY_NONE,NONE,FIXED_HIGH_LEVEL_OPTIONAL,ACTIVE,トーホクは本編で使える低～中レベル基礎種、カントーは高レベル個体・中間進化・隠れ特性探索を担当。
ENCOUNTER_KEY_KANTO_FAMILY_0495,MAP_KEY_KANTO_K16,K16,夜間オーバーレイ,ベガ初回殿堂入り後。認定章数でエリアと中間進化枠を段階解禁。,495,SPECIES_KEY_BOMBIRDIER,503,81,86,8,NORMAL,TABLE_KEY_KANTO_K16,KANTO_CERT_2,DEXNAV_CHAIN_OR_RANK2,ONE_LEGAL_MOVE,ITEM_KEY_NONE,NONE,FIXED_HIGH_LEVEL_OPTIONAL,ACTIVE,トーホクは本編で使える低～中レベル基礎種、カントーは高レベル個体・中間進化・隠れ特性探索を担当。
ENCOUNTER_KEY_KANTO_FAMILY_0496,MAP_KEY_KANTO_K19,K19,水上オーバーレイ,ベガ初回殿堂入り後。認定章数でエリアと中間進化枠を段階解禁。,496,SPECIES_KEY_FINIZEN,504,87,92,10,NORMAL,TABLE_KEY_KANTO_K19,KANTO_CERT_4,DEXNAV_CHAIN_OR_RANK2,ONE_LEGAL_MOVE,ITEM_KEY_NONE,NONE,FIXED_HIGH_LEVEL_OPTIONAL,ACTIVE,トーホクは本編で使える低～中レベル基礎種、カントーは高レベル個体・中間進化・隠れ特性探索を担当。
ENCOUNTER_KEY_KANTO_FAMILY_0497,MAP_KEY_KANTO_K32,K32,洞窟・屋内オーバーレイ,ベガ初回殿堂入り後。認定章数でエリアと中間進化枠を段階解禁。,497,SPECIES_KEY_VAROOM,505,83,91,8,NORMAL,TABLE_KEY_KANTO_K32,KANTO_CERT_2,DEXNAV_CHAIN_OR_RANK2,ONE_LEGAL_MOVE,ITEM_KEY_NONE,NONE,FIXED_HIGH_LEVEL_OPTIONAL,ACTIVE,トーホクは本編で使える低～中レベル基礎種、カントーは高レベル個体・中間進化・隠れ特性探索を担当。
ENCOUNTER_KEY_KANTO_FAMILY_0498,MAP_KEY_KANTO_K17,K17,大量発生,ベガ初回殿堂入り後。認定章数でエリアと中間進化枠を段階解禁。,498,SPECIES_KEY_CYCLIZAR,506,83,89,0,NORMAL,TABLE_KEY_KANTO_K17,KANTO_CERT_2,DEXNAV_CHAIN_OR_RANK2,ONE_LEGAL_MOVE,ITEM_KEY_NONE,NONE,FIXED_HIGH_LEVEL_OPTIONAL,ACTIVE,トーホクは本編で使える低～中レベル基礎種、カントーは高レベル個体・中間進化・隠れ特性探索を担当。
ENCOUNTER_KEY_KANTO_FAMILY_0499,MAP_KEY_KANTO_K28,K28,いわくだき／DexNav,ベガ初回殿堂入り後。認定章数でエリアと中間進化枠を段階解禁。,499,SPECIES_KEY_ORTHWORM,507,76,83,0,NORMAL,TABLE_KEY_KANTO_K28,KANTO_EARLY_ACCESS,DEXNAV_CHAIN_OR_RANK2,ONE_LEGAL_MOVE,ITEM_KEY_NONE,NONE,FIXED_HIGH_LEVEL_OPTIONAL,ACTIVE,トーホクは本編で使える低～中レベル基礎種、カントーは高レベル個体・中間進化・隠れ特性探索を担当。
ENCOUNTER_KEY_KANTO_FAMILY_0500,MAP_KEY_KANTO_K39,K39,洞窟・屋内オーバーレイ,ベガ初回殿堂入り後。認定章数でエリアと中間進化枠を段階解禁。,500,SPECIES_KEY_GLIMMET,508,91,98,8,NORMAL,TABLE_KEY_KANTO_K39,KANTO_CERT_5,DEXNAV_CHAIN_OR_RANK2,ONE_LEGAL_MOVE,ITEM_KEY_NONE,NONE,FIXED_HIGH_LEVEL_OPTIONAL,ACTIVE,トーホクは本編で使える低～中レベル基礎種、カントーは高レベル個体・中間進化・隠れ特性探索を担当。
ENCOUNTER_KEY_KANTO_FAMILY_0501,MAP_KEY_KANTO_K31,K31,夜間オーバーレイ,ベガ初回殿堂入り後。認定章数でエリアと中間進化枠を段階解禁。,501,SPECIES_KEY_GREAVARD,509,82,90,8,NORMAL,TABLE_KEY_KANTO_K31,KANTO_CERT_2,DEXNAV_CHAIN_OR_RANK2,ONE_LEGAL_MOVE,ITEM_KEY_NONE,NONE,FIXED_HIGH_LEVEL_OPTIONAL,ACTIVE,トーホクは本編で使える低～中レベル基礎種、カントーは高レベル個体・中間進化・隠れ特性探索を担当。
ENCOUNTER_KEY_KANTO_FAMILY_0502,MAP_KEY_KANTO_K14,K14,大量発生,ベガ初回殿堂入り後。認定章数でエリアと中間進化枠を段階解禁。,502,SPECIES_KEY_FLAMIGO,510,84,89,0,NORMAL,TABLE_KEY_KANTO_K14,KANTO_CERT_3,DEXNAV_CHAIN_OR_RANK2,ONE_LEGAL_MOVE,ITEM_KEY_NONE,NONE,FIXED_HIGH_LEVEL_OPTIONAL,ACTIVE,トーホクは本編で使える低～中レベル基礎種、カントーは高レベル個体・中間進化・隠れ特性探索を担当。
ENCOUNTER_KEY_KANTO_FAMILY_0503,MAP_KEY_KANTO_K38,K38,洞窟・屋内オーバーレイ,ベガ初回殿堂入り後。認定章数でエリアと中間進化枠を段階解禁。,503,SPECIES_KEY_CETODDLE,511,88,96,8,NORMAL,TABLE_KEY_KANTO_K38,KANTO_CERT_4,DEXNAV_CHAIN_OR_RANK2,ONE_LEGAL_MOVE,ITEM_KEY_NONE,NONE,FIXED_HIGH_LEVEL_OPTIONAL,ACTIVE,トーホクは本編で使える低～中レベル基礎種、カントーは高レベル個体・中間進化・隠れ特性探索を担当。
ENCOUNTER_KEY_KANTO_FAMILY_0504,MAP_KEY_KANTO_K19,K19,水上オーバーレイ,ベガ初回殿堂入り後。認定章数でエリアと中間進化枠を段階解禁。,504,SPECIES_KEY_VELUZA,512,87,92,10,NORMAL,TABLE_KEY_KANTO_K19,KANTO_CERT_4,DEXNAV_CHAIN_OR_RANK2,ONE_LEGAL_MOVE,ITEM_KEY_NONE,NONE,FIXED_HIGH_LEVEL_OPTIONAL,ACTIVE,トーホクは本編で使える低～中レベル基礎種、カントーは高レベル個体・中間進化・隠れ特性探索を担当。
ENCOUNTER_KEY_KANTO_FAMILY_0505,MAP_KEY_KANTO_K21,K21,釣りオーバーレイ,ベガ初回殿堂入り後。認定章数でエリアと中間進化枠を段階解禁。,505,SPECIES_KEY_DONDOZO,513,89,94,10,NORMAL,TABLE_KEY_KANTO_K21,KANTO_CERT_4,DEXNAV_CHAIN_OR_RANK2,ONE_LEGAL_MOVE,ITEM_KEY_NONE,NONE,FIXED_HIGH_LEVEL_OPTIONAL,ACTIVE,トーホクは本編で使える低～中レベル基礎種、カントーは高レベル個体・中間進化・隠れ特性探索を担当。
ENCOUNTER_KEY_KANTO_FAMILY_0506,MAP_KEY_KANTO_K21,K21,水上オーバーレイ,ベガ初回殿堂入り後。認定章数でエリアと中間進化枠を段階解禁。,506,SPECIES_KEY_TATSUGIRI,514,89,94,10,NORMAL,TABLE_KEY_KANTO_K21,KANTO_CERT_4,DEXNAV_CHAIN_OR_RANK2,ONE_LEGAL_MOVE,ITEM_KEY_NONE,NONE,FIXED_HIGH_LEVEL_OPTIONAL,ACTIVE,トーホクは本編で使える低～中レベル基礎種、カントーは高レベル個体・中間進化・隠れ特性探索を担当。
ENCOUNTER_KEY_KANTO_FAMILY_0507,MAP_KEY_KANTO_K43,K43,SIMPLE_EVENT,スフィアいせき後,507,SPECIES_KEY_GREAT_TUSK,515,90,90,0,EVENT,TABLE_KEY_KANTO_K43,KANTO_LEAGUE_CLEAR,SHARED_ONCE,ONE_LEGAL_MOVE,ITEM_KEY_NONE,SHARED_CAPTURE_KEY_NATIONAL_0984,FIXED_HIGH_LEVEL_OPTIONAL,ACTIVE,主地方で1個体だけ捕獲し、副地方では手掛かり・共鳴戦・専用素材を扱う。捕獲済みフラグは両地方で共有し、重複個体を与えない。
ENCOUNTER_KEY_KANTO_FAMILY_0508,MAP_KEY_KANTO_K43,K43,SIMPLE_EVENT,スフィアいせき後＋主地方の捕獲フラグ共有,508,SPECIES_KEY_SCREAM_TAIL,516,95,100,0,EVENT,TABLE_KEY_KANTO_K43,KANTO_LEAGUE_CLEAR,SHARED_ONCE,ONE_LEGAL_MOVE,ITEM_KEY_NONE,SHARED_CAPTURE_KEY_NATIONAL_0985,FIXED_HIGH_LEVEL_OPTIONAL,ACTIVE,主地方で1個体だけ捕獲し、副地方では手掛かり・共鳴戦・専用素材を扱う。捕獲済みフラグは両地方で共有し、重複個体を与えない。
ENCOUNTER_KEY_KANTO_FAMILY_0509,MAP_KEY_KANTO_K43,K43,SIMPLE_EVENT,スフィアいせき後,509,SPECIES_KEY_BRUTE_BONNET,517,90,90,0,EVENT,TABLE_KEY_KANTO_K43,KANTO_LEAGUE_CLEAR,SHARED_ONCE,ONE_LEGAL_MOVE,ITEM_KEY_NONE,SHARED_CAPTURE_KEY_NATIONAL_0986,FIXED_HIGH_LEVEL_OPTIONAL,ACTIVE,主地方で1個体だけ捕獲し、副地方では手掛かり・共鳴戦・専用素材を扱う。捕獲済みフラグは両地方で共有し、重複個体を与えない。
ENCOUNTER_KEY_KANTO_FAMILY_0510,MAP_KEY_KANTO_K43,K43,SIMPLE_EVENT,スフィアいせき後＋主地方の捕獲フラグ共有,510,SPECIES_KEY_FLUTTER_MANE,518,95,100,0,EVENT,TABLE_KEY_KANTO_K43,KANTO_LEAGUE_CLEAR,SHARED_ONCE,ONE_LEGAL_MOVE,ITEM_KEY_NONE,SHARED_CAPTURE_KEY_NATIONAL_0987,FIXED_HIGH_LEVEL_OPTIONAL,ACTIVE,主地方で1個体だけ捕獲し、副地方では手掛かり・共鳴戦・専用素材を扱う。捕獲済みフラグは両地方で共有し、重複個体を与えない。
ENCOUNTER_KEY_KANTO_FAMILY_0511,MAP_KEY_KANTO_K43,K43,SIMPLE_EVENT,スフィアいせき後,511,SPECIES_KEY_SLITHER_WING,519,90,90,0,EVENT,TABLE_KEY_KANTO_K43,KANTO_LEAGUE_CLEAR,SHARED_ONCE,ONE_LEGAL_MOVE,ITEM_KEY_NONE,SHARED_CAPTURE_KEY_NATIONAL_0988,FIXED_HIGH_LEVEL_OPTIONAL,ACTIVE,主地方で1個体だけ捕獲し、副地方では手掛かり・共鳴戦・専用素材を扱う。捕獲済みフラグは両地方で共有し、重複個体を与えない。
ENCOUNTER_KEY_KANTO_FAMILY_0512,MAP_KEY_KANTO_K43,K43,SIMPLE_EVENT,スフィアいせき後＋主地方の捕獲フラグ共有,512,SPECIES_KEY_SANDY_SHOCKS,520,95,100,0,EVENT,TABLE_KEY_KANTO_K43,KANTO_LEAGUE_CLEAR,SHARED_ONCE,ONE_LEGAL_MOVE,ITEM_KEY_NONE,SHARED_CAPTURE_KEY_NATIONAL_0989,FIXED_HIGH_LEVEL_OPTIONAL,ACTIVE,主地方で1個体だけ捕獲し、副地方では手掛かり・共鳴戦・専用素材を扱う。捕獲済みフラグは両地方で共有し、重複個体を与えない。
ENCOUNTER_KEY_KANTO_FAMILY_0513,MAP_KEY_KANTO_K43,K43,SIMPLE_EVENT,スフィアいせき後,513,SPECIES_KEY_IRON_TREADS,521,90,90,0,EVENT,TABLE_KEY_KANTO_K43,KANTO_LEAGUE_CLEAR,SHARED_ONCE,ONE_LEGAL_MOVE,ITEM_KEY_NONE,SHARED_CAPTURE_KEY_NATIONAL_0990,FIXED_HIGH_LEVEL_OPTIONAL,ACTIVE,主地方で1個体だけ捕獲し、副地方では手掛かり・共鳴戦・専用素材を扱う。捕獲済みフラグは両地方で共有し、重複個体を与えない。
ENCOUNTER_KEY_KANTO_FAMILY_0514,MAP_KEY_KANTO_K43,K43,SIMPLE_EVENT,スフィアいせき後＋主地方の捕獲フラグ共有,514,SPECIES_KEY_IRON_BUNDLE,522,95,100,0,EVENT,TABLE_KEY_KANTO_K43,KANTO_LEAGUE_CLEAR,SHARED_ONCE,ONE_LEGAL_MOVE,ITEM_KEY_NONE,SHARED_CAPTURE_KEY_NATIONAL_0991,FIXED_HIGH_LEVEL_OPTIONAL,ACTIVE,主地方で1個体だけ捕獲し、副地方では手掛かり・共鳴戦・専用素材を扱う。捕獲済みフラグは両地方で共有し、重複個体を与えない。
ENCOUNTER_KEY_KANTO_FAMILY_0515,MAP_KEY_KANTO_K43,K43,SIMPLE_EVENT,スフィアいせき後,515,SPECIES_KEY_IRON_HANDS,523,90,90,0,EVENT,TABLE_KEY_KANTO_K43,KANTO_LEAGUE_CLEAR,SHARED_ONCE,ONE_LEGAL_MOVE,ITEM_KEY_NONE,SHARED_CAPTURE_KEY_NATIONAL_0992,FIXED_HIGH_LEVEL_OPTIONAL,ACTIVE,主地方で1個体だけ捕獲し、副地方では手掛かり・共鳴戦・専用素材を扱う。捕獲済みフラグは両地方で共有し、重複個体を与えない。
ENCOUNTER_KEY_KANTO_FAMILY_0516,MAP_KEY_KANTO_K43,K43,SIMPLE_EVENT,スフィアいせき後＋主地方の捕獲フラグ共有,516,SPECIES_KEY_IRON_JUGULIS,524,95,100,0,EVENT,TABLE_KEY_KANTO_K43,KANTO_LEAGUE_CLEAR,SHARED_ONCE,ONE_LEGAL_MOVE,ITEM_KEY_NONE,SHARED_CAPTURE_KEY_NATIONAL_0993,FIXED_HIGH_LEVEL_OPTIONAL,ACTIVE,主地方で1個体だけ捕獲し、副地方では手掛かり・共鳴戦・専用素材を扱う。捕獲済みフラグは両地方で共有し、重複個体を与えない。
ENCOUNTER_KEY_KANTO_FAMILY_0517,MAP_KEY_KANTO_K43,K43,SIMPLE_EVENT,スフィアいせき後,517,SPECIES_KEY_IRON_MOTH,525,90,90,0,EVENT,TABLE_KEY_KANTO_K43,KANTO_LEAGUE_CLEAR,SHARED_ONCE,ONE_LEGAL_MOVE,ITEM_KEY_NONE,SHARED_CAPTURE_KEY_NATIONAL_0994,FIXED_HIGH_LEVEL_OPTIONAL,ACTIVE,主地方で1個体だけ捕獲し、副地方では手掛かり・共鳴戦・専用素材を扱う。捕獲済みフラグは両地方で共有し、重複個体を与えない。
ENCOUNTER_KEY_KANTO_FAMILY_0518,MAP_KEY_KANTO_K43,K43,SIMPLE_EVENT,スフィアいせき後＋主地方の捕獲フラグ共有,518,SPECIES_KEY_IRON_THORNS,526,95,100,0,EVENT,TABLE_KEY_KANTO_K43,KANTO_LEAGUE_CLEAR,SHARED_ONCE,ONE_LEGAL_MOVE,ITEM_KEY_NONE,SHARED_CAPTURE_KEY_NATIONAL_0995,FIXED_HIGH_LEVEL_OPTIONAL,ACTIVE,主地方で1個体だけ捕獲し、副地方では手掛かり・共鳴戦・専用素材を扱う。捕獲済みフラグは両地方で共有し、重複個体を与えない。
ENCOUNTER_KEY_KANTO_FAMILY_0519,MAP_KEY_KANTO_LEAGUE,K42,DexNav隠し枠,ベガ初回殿堂入り後。認定章数でエリアと中間進化枠を段階解禁。,519,SPECIES_KEY_FRIGIBAX,527,94,100,0,NORMAL,TABLE_KEY_KANTO_K42,KANTO_LEAGUE,DEXNAV_CHAIN_OR_RANK2,ONE_LEGAL_MOVE,ITEM_KEY_NONE,NONE,FIXED_HIGH_LEVEL_OPTIONAL,ACTIVE,トーホクは本編で使える低～中レベル基礎種、カントーは高レベル個体・中間進化・隠れ特性探索を担当。
ENCOUNTER_KEY_KANTO_FAMILY_0520,MAP_KEY_KANTO_K41,K41,屋内異常遭遇／DexNav,ベガ初回殿堂入り後。認定章数でエリアと中間進化枠を段階解禁。,520,SPECIES_KEY_GIMMIGHOUL,528,90,97,0,NORMAL,TABLE_KEY_KANTO_K41,KANTO_CERT_5,DEXNAV_CHAIN_OR_RANK2,ONE_LEGAL_MOVE,ITEM_KEY_NONE,NONE,FIXED_HIGH_LEVEL_OPTIONAL,ACTIVE,トーホクは本編で使える低～中レベル基礎種、カントーは高レベル個体・中間進化・隠れ特性探索を担当。
ENCOUNTER_KEY_KANTO_FAMILY_0521,MAP_KEY_KANTO_K43,K43,SIMPLE_EVENT,スフィアいせき後＋主地方の捕獲フラグ共有,521,SPECIES_KEY_WO_CHIEN,529,95,100,0,EVENT,TABLE_KEY_KANTO_K43,KANTO_LEAGUE_CLEAR,SHARED_ONCE,ONE_LEGAL_MOVE,ITEM_KEY_NONE,SHARED_CAPTURE_KEY_NATIONAL_1001,FIXED_HIGH_LEVEL_OPTIONAL,ACTIVE,主地方で1個体だけ捕獲し、副地方では手掛かり・共鳴戦・専用素材を扱う。捕獲済みフラグは両地方で共有し、重複個体を与えない。
ENCOUNTER_KEY_KANTO_FAMILY_0522,MAP_KEY_KANTO_K43,K43,SIMPLE_EVENT,スフィアいせき後＋主地方の捕獲フラグ共有,522,SPECIES_KEY_CHIEN_PAO,530,95,100,0,EVENT,TABLE_KEY_KANTO_K43,KANTO_LEAGUE_CLEAR,SHARED_ONCE,ONE_LEGAL_MOVE,ITEM_KEY_NONE,SHARED_CAPTURE_KEY_NATIONAL_1002,FIXED_HIGH_LEVEL_OPTIONAL,ACTIVE,主地方で1個体だけ捕獲し、副地方では手掛かり・共鳴戦・専用素材を扱う。捕獲済みフラグは両地方で共有し、重複個体を与えない。
ENCOUNTER_KEY_KANTO_FAMILY_0523,MAP_KEY_KANTO_K43,K43,SIMPLE_EVENT,スフィアいせき後＋主地方の捕獲フラグ共有,523,SPECIES_KEY_TING_LU,531,95,100,0,EVENT,TABLE_KEY_KANTO_K43,KANTO_LEAGUE_CLEAR,SHARED_ONCE,ONE_LEGAL_MOVE,ITEM_KEY_NONE,SHARED_CAPTURE_KEY_NATIONAL_1003,FIXED_HIGH_LEVEL_OPTIONAL,ACTIVE,主地方で1個体だけ捕獲し、副地方では手掛かり・共鳴戦・専用素材を扱う。捕獲済みフラグは両地方で共有し、重複個体を与えない。
ENCOUNTER_KEY_KANTO_FAMILY_0524,MAP_KEY_KANTO_K43,K43,SIMPLE_EVENT,スフィアいせき後＋主地方の捕獲フラグ共有,524,SPECIES_KEY_CHI_YU,532,95,100,0,EVENT,TABLE_KEY_KANTO_K43,KANTO_LEAGUE_CLEAR,SHARED_ONCE,ONE_LEGAL_MOVE,ITEM_KEY_NONE,SHARED_CAPTURE_KEY_NATIONAL_1004,FIXED_HIGH_LEVEL_OPTIONAL,ACTIVE,主地方で1個体だけ捕獲し、副地方では手掛かり・共鳴戦・専用素材を扱う。捕獲済みフラグは両地方で共有し、重複個体を与えない。
ENCOUNTER_KEY_KANTO_FAMILY_0525,MAP_KEY_KANTO_K43,K43,SIMPLE_EVENT,スフィアいせき後＋主地方の捕獲フラグ共有,525,SPECIES_KEY_ROARING_MOON,533,95,100,0,EVENT,TABLE_KEY_KANTO_K43,KANTO_LEAGUE_CLEAR,SHARED_ONCE,ONE_LEGAL_MOVE,ITEM_KEY_NONE,SHARED_CAPTURE_KEY_NATIONAL_1005,FIXED_HIGH_LEVEL_OPTIONAL,ACTIVE,主地方で1個体だけ捕獲し、副地方では手掛かり・共鳴戦・専用素材を扱う。捕獲済みフラグは両地方で共有し、重複個体を与えない。
ENCOUNTER_KEY_KANTO_FAMILY_0526,MAP_KEY_KANTO_K43,K43,SIMPLE_EVENT,スフィアいせき後,526,SPECIES_KEY_IRON_VALIANT,534,90,90,0,EVENT,TABLE_KEY_KANTO_K43,KANTO_LEAGUE_CLEAR,SHARED_ONCE,ONE_LEGAL_MOVE,ITEM_KEY_NONE,SHARED_CAPTURE_KEY_NATIONAL_1006,FIXED_HIGH_LEVEL_OPTIONAL,ACTIVE,主地方で1個体だけ捕獲し、副地方では手掛かり・共鳴戦・専用素材を扱う。捕獲済みフラグは両地方で共有し、重複個体を与えない。
ENCOUNTER_KEY_KANTO_FAMILY_0527,MAP_KEY_KANTO_K43,K43,SIMPLE_EVENT,スフィアいせき後＋パラドックス調査＋主地方の捕獲フラグ共有,527,SPECIES_KEY_KORAIDON,535,95,100,0,EVENT,TABLE_KEY_KANTO_K43,KANTO_LEAGUE_CLEAR,SHARED_ONCE,ONE_LEGAL_MOVE,ITEM_KEY_NONE,SHARED_CAPTURE_KEY_NATIONAL_1007,FIXED_HIGH_LEVEL_OPTIONAL,ACTIVE,主地方で1個体だけ捕獲し、副地方では手掛かり・共鳴戦・専用素材を扱う。捕獲済みフラグは両地方で共有し、重複個体を与えない。
ENCOUNTER_KEY_KANTO_FAMILY_0528,MAP_KEY_KANTO_K43,K43,SIMPLE_EVENT,スフィアいせき後＋パラドックス調査,528,SPECIES_KEY_MIRAIDON,536,100,100,0,EVENT,TABLE_KEY_KANTO_K43,KANTO_LEAGUE_CLEAR,SHARED_ONCE,ONE_LEGAL_MOVE,ITEM_KEY_NONE,SHARED_CAPTURE_KEY_NATIONAL_1008,FIXED_HIGH_LEVEL_OPTIONAL,ACTIVE,主地方で1個体だけ捕獲し、副地方では手掛かり・共鳴戦・専用素材を扱う。捕獲済みフラグは両地方で共有し、重複個体を与えない。
ENCOUNTER_KEY_KANTO_FAMILY_0529,MAP_KEY_KANTO_K43,K43,SIMPLE_EVENT,スフィアいせき後＋主地方の捕獲フラグ共有,529,SPECIES_KEY_WALKING_WAKE,537,95,100,0,EVENT,TABLE_KEY_KANTO_K43,KANTO_LEAGUE_CLEAR,SHARED_ONCE,ONE_LEGAL_MOVE,ITEM_KEY_NONE,SHARED_CAPTURE_KEY_NATIONAL_1009,FIXED_HIGH_LEVEL_OPTIONAL,ACTIVE,主地方で1個体だけ捕獲し、副地方では手掛かり・共鳴戦・専用素材を扱う。捕獲済みフラグは両地方で共有し、重複個体を与えない。
ENCOUNTER_KEY_KANTO_FAMILY_0530,MAP_KEY_KANTO_K43,K43,SIMPLE_EVENT,スフィアいせき後,530,SPECIES_KEY_IRON_LEAVES,538,90,90,0,EVENT,TABLE_KEY_KANTO_K43,KANTO_LEAGUE_CLEAR,SHARED_ONCE,ONE_LEGAL_MOVE,ITEM_KEY_NONE,SHARED_CAPTURE_KEY_NATIONAL_1010,FIXED_HIGH_LEVEL_OPTIONAL,ACTIVE,主地方で1個体だけ捕獲し、副地方では手掛かり・共鳴戦・専用素材を扱う。捕獲済みフラグは両地方で共有し、重複個体を与えない。
ENCOUNTER_KEY_KANTO_FAMILY_0531,MAP_KEY_KANTO_K31,K31,夜間オーバーレイ,ベガ初回殿堂入り後。認定章数でエリアと中間進化枠を段階解禁。,531,SPECIES_KEY_POLTCHAGEIST,539,82,90,8,NORMAL,TABLE_KEY_KANTO_K31,KANTO_CERT_2,DEXNAV_CHAIN_OR_RANK2,ONE_LEGAL_MOVE,ITEM_KEY_NONE,NONE,FIXED_HIGH_LEVEL_OPTIONAL,ACTIVE,トーホクは本編で使える低～中レベル基礎種、カントーは高レベル個体・中間進化・隠れ特性探索を担当。
ENCOUNTER_KEY_KANTO_FAMILY_0532,MAP_KEY_KANTO_K43,K43,SIMPLE_EVENT,殿堂入り＋研究ランク5＋主地方の捕獲フラグ共有,532,SPECIES_KEY_OKIDOGI,540,95,100,0,EVENT,TABLE_KEY_KANTO_K43,KANTO_LEAGUE_CLEAR,SHARED_ONCE,ONE_LEGAL_MOVE,ITEM_KEY_NONE,SHARED_CAPTURE_KEY_NATIONAL_1014,FIXED_HIGH_LEVEL_OPTIONAL,ACTIVE,主地方で1個体だけ捕獲し、副地方では手掛かり・共鳴戦・専用素材を扱う。捕獲済みフラグは両地方で共有し、重複個体を与えない。
ENCOUNTER_KEY_KANTO_FAMILY_0533,MAP_KEY_KANTO_K43,K43,SIMPLE_EVENT,殿堂入り＋研究ランク5＋主地方の捕獲フラグ共有,533,SPECIES_KEY_MUNKIDORI,541,95,100,0,EVENT,TABLE_KEY_KANTO_K43,KANTO_LEAGUE_CLEAR,SHARED_ONCE,ONE_LEGAL_MOVE,ITEM_KEY_NONE,SHARED_CAPTURE_KEY_NATIONAL_1015,FIXED_HIGH_LEVEL_OPTIONAL,ACTIVE,主地方で1個体だけ捕獲し、副地方では手掛かり・共鳴戦・専用素材を扱う。捕獲済みフラグは両地方で共有し、重複個体を与えない。
ENCOUNTER_KEY_KANTO_FAMILY_0534,MAP_KEY_KANTO_K43,K43,SIMPLE_EVENT,殿堂入り＋研究ランク5＋主地方の捕獲フラグ共有,534,SPECIES_KEY_FEZANDIPITI,542,95,100,0,EVENT,TABLE_KEY_KANTO_K43,KANTO_LEAGUE_CLEAR,SHARED_ONCE,ONE_LEGAL_MOVE,ITEM_KEY_NONE,SHARED_CAPTURE_KEY_NATIONAL_1016,FIXED_HIGH_LEVEL_OPTIONAL,ACTIVE,主地方で1個体だけ捕獲し、副地方では手掛かり・共鳴戦・専用素材を扱う。捕獲済みフラグは両地方で共有し、重複個体を与えない。
ENCOUNTER_KEY_KANTO_FAMILY_0535,MAP_KEY_KANTO_K43,K43,SIMPLE_EVENT,殿堂入り＋研究ランク5＋主地方の捕獲フラグ共有,535,SPECIES_KEY_OGERPON,543,95,100,0,EVENT,TABLE_KEY_KANTO_K43,KANTO_LEAGUE_CLEAR,SHARED_ONCE,ONE_LEGAL_MOVE,ITEM_KEY_NONE,SHARED_CAPTURE_KEY_NATIONAL_1017,FIXED_HIGH_LEVEL_OPTIONAL,ACTIVE,主地方で1個体だけ捕獲し、副地方では手掛かり・共鳴戦・専用素材を扱う。捕獲済みフラグは両地方で共有し、重複個体を与えない。
ENCOUNTER_KEY_KANTO_FAMILY_0536,MAP_KEY_KANTO_K43,K43,SIMPLE_EVENT,スフィアいせき後,536,SPECIES_KEY_GOUGING_FIRE,544,90,90,0,EVENT,TABLE_KEY_KANTO_K43,KANTO_LEAGUE_CLEAR,SHARED_ONCE,ONE_LEGAL_MOVE,ITEM_KEY_NONE,SHARED_CAPTURE_KEY_NATIONAL_1020,FIXED_HIGH_LEVEL_OPTIONAL,ACTIVE,主地方で1個体だけ捕獲し、副地方では手掛かり・共鳴戦・専用素材を扱う。捕獲済みフラグは両地方で共有し、重複個体を与えない。
ENCOUNTER_KEY_KANTO_FAMILY_0537,MAP_KEY_KANTO_K43,K43,SIMPLE_EVENT,スフィアいせき後＋主地方の捕獲フラグ共有,537,SPECIES_KEY_RAGING_BOLT,545,95,100,0,EVENT,TABLE_KEY_KANTO_K43,KANTO_LEAGUE_CLEAR,SHARED_ONCE,ONE_LEGAL_MOVE,ITEM_KEY_NONE,SHARED_CAPTURE_KEY_NATIONAL_1021,FIXED_HIGH_LEVEL_OPTIONAL,ACTIVE,主地方で1個体だけ捕獲し、副地方では手掛かり・共鳴戦・専用素材を扱う。捕獲済みフラグは両地方で共有し、重複個体を与えない。
ENCOUNTER_KEY_KANTO_FAMILY_0538,MAP_KEY_KANTO_K43,K43,SIMPLE_EVENT,スフィアいせき後,538,SPECIES_KEY_IRON_BOULDER,547,90,90,0,EVENT,TABLE_KEY_KANTO_K43,KANTO_LEAGUE_CLEAR,SHARED_ONCE,ONE_LEGAL_MOVE,ITEM_KEY_NONE,SHARED_CAPTURE_KEY_NATIONAL_1022,FIXED_HIGH_LEVEL_OPTIONAL,ACTIVE,主地方で1個体だけ捕獲し、副地方では手掛かり・共鳴戦・専用素材を扱う。捕獲済みフラグは両地方で共有し、重複個体を与えない。
ENCOUNTER_KEY_KANTO_FAMILY_0539,MAP_KEY_KANTO_K43,K43,SIMPLE_EVENT,スフィアいせき後＋主地方の捕獲フラグ共有,539,SPECIES_KEY_IRON_CROWN,546,95,100,0,EVENT,TABLE_KEY_KANTO_K43,KANTO_LEAGUE_CLEAR,SHARED_ONCE,ONE_LEGAL_MOVE,ITEM_KEY_NONE,SHARED_CAPTURE_KEY_NATIONAL_1023,FIXED_HIGH_LEVEL_OPTIONAL,ACTIVE,主地方で1個体だけ捕獲し、副地方では手掛かり・共鳴戦・専用素材を扱う。捕獲済みフラグは両地方で共有し、重複個体を与えない。
ENCOUNTER_KEY_KANTO_FAMILY_0540,MAP_KEY_KANTO_K43,K43,SIMPLE_EVENT,テラオーブ解禁＋研究ランク5＋主地方の捕獲フラグ共有,540,SPECIES_KEY_TERAPAGOS,548,95,100,0,EVENT,TABLE_KEY_KANTO_K43,KANTO_LEAGUE_CLEAR,SHARED_ONCE,ONE_LEGAL_MOVE,ITEM_KEY_NONE,SHARED_CAPTURE_KEY_NATIONAL_1024,FIXED_HIGH_LEVEL_OPTIONAL,ACTIVE,主地方で1個体だけ捕獲し、副地方では手掛かり・共鳴戦・専用素材を扱う。捕獲済みフラグは両地方で共有し、重複個体を与えない。
ENCOUNTER_KEY_KANTO_FAMILY_0541,MAP_KEY_KANTO_K43,K43,SIMPLE_EVENT,殿堂入り＋研究ランク5＋主地方の捕獲フラグ共有,541,SPECIES_KEY_PECHARUNT,549,95,100,0,EVENT,TABLE_KEY_KANTO_K43,KANTO_LEAGUE_CLEAR,SHARED_ONCE,ONE_LEGAL_MOVE,ITEM_KEY_NONE,SHARED_CAPTURE_KEY_NATIONAL_1025,FIXED_HIGH_LEVEL_OPTIONAL,ACTIVE,主地方で1個体だけ捕獲し、副地方では手掛かり・共鳴戦・専用素材を扱う。捕獲済みフラグは両地方で共有し、重複個体を与えない。
