move_key,id,vega_id,cfru_symbol,classification,display_name,status,notes
MOVE_KEY_NONE,0,0,MOVE_NONE,VEGA_CFRU_CANONICAL,ー,FROZEN,NFKC完全一致でCFRU identityを対応
MOVE_KEY_POUND,1,1,MOVE_POUND,VEGA_CFRU_CANONICAL,はたく,FROZEN,NFKC完全一致でCFRU identityを対応
MOVE_KEY_KARATECHOP,2,2,MOVE_KARATECHOP,VEGA_CFRU_CANONICAL,からてチョップ,FROZEN,NFKC完全一致でCFRU identityを対応
MOVE_KEY_DOUBLESLAP,3,3,MOVE_DOUBLESLAP,VEGA_CFRU_CANONICAL,おうふくビンタ,FROZEN,NFKC完全一致でCFRU identityを対応
MOVE_KEY_COMETPUNCH,4,4,MOVE_COMETPUNCH,VEGA_CFRU_CANONICAL,れんぞくパンチ,FROZEN,NFKC完全一致でCFRU identityを対応
MOVE_KEY_MEGAPUNCH,5,5,MOVE_MEGAPUNCH,VEGA_CFRU_CANONICAL,メガトンパンチ,FROZEN,NFKC完全一致でCFRU identityを対応
MOVE_KEY_PAYDAY,6,6,MOVE_PAYDAY,VEGA_CFRU_CANONICAL,ネコにこばん,FROZEN,NFKC完全一致でCFRU identityを対応
MOVE_KEY_FIREPUNCH,7,7,MOVE_FIREPUNCH,VEGA_CFRU_CANONICAL,ほのおのパンチ,FROZEN,NFKC完全一致でCFRU identityを対応
MOVE_KEY_ICEPUNCH,8,8,MOVE_ICEPUNCH,VEGA_CFRU_CANONICAL,れいとうパンチ,FROZEN,NFKC完全一致でCFRU identityを対応
MOVE_KEY_THUNDERPUNCH,9,9,MOVE_THUNDERPUNCH,VEGA_CFRU_CANONICAL,かみなりパンチ,FROZEN,NFKC完全一致でCFRU identityを対応
MOVE_KEY_SCRATCH,10,10,MOVE_SCRATCH,VEGA_CFRU_CANONICAL,ひっかく,FROZEN,NFKC完全一致でCFRU identityを対応
MOVE_KEY_VICEGRIP,11,11,MOVE_VICEGRIP,VEGA_CFRU_CANONICAL,はさむ,FROZEN,NFKC完全一致でCFRU identityを対応
MOVE_KEY_GUILLOTINE,12,12,MOVE_GUILLOTINE,VEGA_CFRU_CANONICAL,ハサミギロチン,FROZEN,NFKC完全一致でCFRU identityを対応
MOVE_KEY_RAZORWIND,13,13,MOVE_RAZORWIND,VEGA_CFRU_CANONICAL,かまいたち,FROZEN,NFKC完全一致でCFRU identityを対応
MOVE_KEY_SWORDSDANCE,14,14,MOVE_SWORDSDANCE,VEGA_CFRU_CANONICAL,つるぎのまい,FROZEN,NFKC完全一致でCFRU identityを対応
MOVE_KEY_CUT,15,15,MOVE_CUT,VEGA_CFRU_CANONICAL,いあいぎり,FROZEN,NFKC完全一致でCFRU identityを対応
MOVE_KEY_GUST,16,16,MOVE_GUST,VEGA_CFRU_CANONICAL,かぜおこし,FROZEN,NFKC完全一致でCFRU identityを対応
MOVE_KEY_WINGATTACK,17,17,MOVE_WINGATTACK,VEGA_CFRU_CANONICAL,つばさでうつ,FROZEN,NFKC完全一致でCFRU identityを対応
MOVE_KEY_WHIRLWIND,18,18,MOVE_WHIRLWIND,VEGA_CFRU_CANONICAL,ふきとばし,FROZEN,NFKC完全一致でCFRU identityを対応
MOVE_KEY_FLY,19,19,MOVE_FLY,VEGA_CFRU_CANONICAL,そらをとぶ,FROZEN,NFKC完全一致でCFRU identityを対応
MOVE_KEY_BIND,20,20,MOVE_BIND,VEGA_CFRU_CANONICAL,しめつける,FROZEN,NFKC完全一致でCFRU identityを対応
MOVE_KEY_SLAM,21,21,MOVE_SLAM,VEGA_CFRU_CANONICAL,たたきつける,FROZEN,NFKC完全一致でCFRU identityを対応
MOVE_KEY_VINEWHIP,22,22,MOVE_VINEWHIP,VEGA_CFRU_CANONICAL,つるのムチ,FROZEN,NFKC完全一致でCFRU identityを対応
MOVE_KEY_STOMP,23,23,MOVE_STOMP,VEGA_CFRU_CANONICAL,ふみつけ,FROZEN,NFKC完全一致でCFRU identityを対応
MOVE_KEY_DOUBLEKICK,24,24,MOVE_DOUBLEKICK,VEGA_CFRU_CANONICAL,にどげり,FROZEN,NFKC完全一致でCFRU identityを対応
MOVE_KEY_MEGAKICK,25,25,MOVE_MEGAKICK,VEGA_CFRU_CANONICAL,メガトンキック,FROZEN,NFKC完全一致でCFRU identityを対応
MOVE_KEY_JUMPKICK,26,26,MOVE_JUMPKICK,VEGA_CFRU_CANONICAL,とびげり,FROZEN,NFKC完全一致でCFRU identityを対応
MOVE_KEY_ROLLINGKICK,27,27,MOVE_ROLLINGKICK,VEGA_CFRU_CANONICAL,まわしげり,FROZEN,NFKC完全一致でCFRU identityを対応
MOVE_KEY_SANDATTACK,28,28,MOVE_SANDATTACK,VEGA_CFRU_CANONICAL,すなかけ,FROZEN,NFKC完全一致でCFRU identityを対応
MOVE_KEY_HEADBUTT,29,29,MOVE_HEADBUTT,VEGA_CFRU_CANONICAL,ずつき,FROZEN,NFKC完全一致でCFRU identityを対応
MOVE_KEY_HORNATTACK,30,30,MOVE_HORNATTACK,VEGA_CFRU_CANONICAL,つのでつく,FROZEN,NFKC完全一致でCFRU identityを対応
MOVE_KEY_FURYATTACK,31,31,MOVE_FURYATTACK,VEGA_CFRU_CANONICAL,みだれづき,FROZEN,NFKC完全一致でCFRU identityを対応
MOVE_KEY_HORNDRILL,32,32,MOVE_HORNDRILL,VEGA_CFRU_CANONICAL,つのドリル,FROZEN,NFKC完全一致でCFRU identityを対応
MOVE_KEY_TACKLE,33,33,MOVE_TACKLE,VEGA_CFRU_CANONICAL,たいあたり,FROZEN,NFKC完全一致でCFRU identityを対応
MOVE_KEY_BODYSLAM,34,34,MOVE_BODYSLAM,VEGA_CFRU_CANONICAL,のしかかり,FROZEN,NFKC完全一致でCFRU identityを対応
MOVE_KEY_WRAP,35,35,MOVE_WRAP,VEGA_CFRU_CANONICAL,まきつく,FROZEN,NFKC完全一致でCFRU identityを対応
MOVE_KEY_TAKEDOWN,36,36,MOVE_TAKEDOWN,VEGA_CFRU_CANONICAL,とっしん,FROZEN,NFKC完全一致でCFRU identityを対応
MOVE_KEY_THRASH,37,37,MOVE_THRASH,VEGA_CFRU_CANONICAL,あばれる,FROZEN,NFKC完全一致でCFRU identityを対応
MOVE_KEY_DOUBLEEDGE,38,38,MOVE_DOUBLEEDGE,VEGA_CFRU_CANONICAL,すてみタックル,FROZEN,NFKC完全一致でCFRU identityを対応
MOVE_KEY_TAILWHIP,39,39,MOVE_TAILWHIP,VEGA_CFRU_CANONICAL,しっぽをふる,FROZEN,NFKC完全一致でCFRU identityを対応
MOVE_KEY_POISONSTING,40,40,MOVE_POISONSTING,VEGA_CFRU_CANONICAL,どくばり,FROZEN,NFKC完全一致でCFRU identityを対応
MOVE_KEY_TWINEEDLE,41,41,MOVE_TWINEEDLE,VEGA_CFRU_CANONICAL,ダブルニードル,FROZEN,NFKC完全一致でCFRU identityを対応
MOVE_KEY_PINMISSILE,42,42,MOVE_PINMISSILE,VEGA_CFRU_CANONICAL,ミサイルばり,FROZEN,NFKC完全一致でCFRU identityを対応
MOVE_KEY_LEER,43,43,MOVE_LEER,VEGA_CFRU_CANONICAL,にらみつける,FROZEN,NFKC完全一致でCFRU identityを対応
MOVE_KEY_BITE,44,44,MOVE_BITE,VEGA_CFRU_CANONICAL,かみつく,FROZEN,NFKC完全一致でCFRU identityを対応
MOVE_KEY_GROWL,45,45,MOVE_GROWL,VEGA_CFRU_CANONICAL,なきごえ,FROZEN,NFKC完全一致でCFRU identityを対応
MOVE_KEY_ROAR,46,46,MOVE_ROAR,VEGA_CFRU_CANONICAL,ほえる,FROZEN,NFKC完全一致でCFRU identityを対応
MOVE_KEY_SING,47,47,MOVE_SING,VEGA_CFRU_CANONICAL,うたう,FROZEN,NFKC完全一致でCFRU identityを対応
MOVE_KEY_SUPERSONIC,48,48,MOVE_SUPERSONIC,VEGA_CFRU_CANONICAL,ちょうおんぱ,FROZEN,NFKC完全一致でCFRU identityを対応
MOVE_KEY_SONICBOOM,49,49,MOVE_SONICBOOM,VEGA_CFRU_CANONICAL,ソニックブーム,FROZEN,NFKC完全一致でCFRU identityを対応
MOVE_KEY_DISABLE,50,50,MOVE_DISABLE,VEGA_CFRU_CANONICAL,かなしばり,FROZEN,NFKC完全一致でCFRU identityを対応
MOVE_KEY_ACID,51,51,MOVE_ACID,VEGA_CFRU_CANONICAL,ようかいえき,FROZEN,NFKC完全一致でCFRU identityを対応
MOVE_KEY_EMBER,52,52,MOVE_EMBER,VEGA_CFRU_CANONICAL,ひのこ,FROZEN,NFKC完全一致でCFRU identityを対応
MOVE_KEY_FLAMETHROWER,53,53,MOVE_FLAMETHROWER,VEGA_CFRU_CANONICAL,かえんほうしゃ,FROZEN,NFKC完全一致でCFRU identityを対応
MOVE_KEY_MIST,54,54,MOVE_MIST,VEGA_CFRU_CANONICAL,しろいきり,FROZEN,NFKC完全一致でCFRU identityを対応
MOVE_KEY_WATERGUN,55,55,MOVE_WATERGUN,VEGA_CFRU_CANONICAL,みずでっぽう,FROZEN,NFKC完全一致でCFRU identityを対応
MOVE_KEY_HYDROPUMP,56,56,MOVE_HYDROPUMP,VEGA_CFRU_CANONICAL,ハイドロポンプ,FROZEN,NFKC完全一致でCFRU identityを対応
MOVE_KEY_SURF,57,57,MOVE_SURF,VEGA_CFRU_CANONICAL,なみのり,FROZEN,NFKC完全一致でCFRU identityを対応
MOVE_KEY_ICEBEAM,58,58,MOVE_ICEBEAM,VEGA_CFRU_CANONICAL,れいとうビーム,FROZEN,NFKC完全一致でCFRU identityを対応
MOVE_KEY_BLIZZARD,59,59,MOVE_BLIZZARD,VEGA_CFRU_CANONICAL,ふぶき,FROZEN,NFKC完全一致でCFRU identityを対応
MOVE_KEY_PSYBEAM,60,60,MOVE_PSYBEAM,VEGA_CFRU_CANONICAL,サイケこうせん,FROZEN,NFKC完全一致でCFRU identityを対応
MOVE_KEY_BUBBLEBEAM,61,61,MOVE_BUBBLEBEAM,VEGA_CFRU_CANONICAL,バブルこうせん,FROZEN,NFKC完全一致でCFRU identityを対応
MOVE_KEY_AURORABEAM,62,62,MOVE_AURORABEAM,VEGA_CFRU_CANONICAL,オーロラビーム,FROZEN,NFKC完全一致でCFRU identityを対応
MOVE_KEY_HYPERBEAM,63,63,MOVE_HYPERBEAM,VEGA_CFRU_CANONICAL,はかいこうせん,FROZEN,NFKC完全一致でCFRU identityを対応
MOVE_KEY_PECK,64,64,MOVE_PECK,VEGA_CFRU_CANONICAL,つつく,FROZEN,NFKC完全一致でCFRU identityを対応
MOVE_KEY_DRILLPECK,65,65,MOVE_DRILLPECK,VEGA_CFRU_CANONICAL,ドリルくちばし,FROZEN,NFKC完全一致でCFRU identityを対応
MOVE_KEY_SUBMISSION,66,66,MOVE_SUBMISSION,VEGA_CFRU_CANONICAL,じごくぐるま,FROZEN,NFKC完全一致でCFRU identityを対応
MOVE_KEY_LOWKICK,67,67,MOVE_LOWKICK,VEGA_CFRU_CANONICAL,けたぐり,FROZEN,NFKC完全一致でCFRU identityを対応
MOVE_KEY_COUNTER,68,68,MOVE_COUNTER,VEGA_CFRU_CANONICAL,カウンター,FROZEN,NFKC完全一致でCFRU identityを対応
MOVE_KEY_SEISMICTOSS,69,69,MOVE_SEISMICTOSS,VEGA_CFRU_CANONICAL,ちきゅうなげ,FROZEN,NFKC完全一致でCFRU identityを対応
MOVE_KEY_STRENGTH,70,70,MOVE_STRENGTH,VEGA_CFRU_CANONICAL,かいりき,FROZEN,NFKC完全一致でCFRU identityを対応
MOVE_KEY_ABSORB,71,71,MOVE_ABSORB,VEGA_CFRU_CANONICAL,すいとる,FROZEN,NFKC完全一致でCFRU identityを対応
MOVE_KEY_MEGADRAIN,72,72,MOVE_MEGADRAIN,VEGA_CFRU_CANONICAL,メガドレイン,FROZEN,NFKC完全一致でCFRU identityを対応
MOVE_KEY_LEECHSEED,73,73,MOVE_LEECHSEED,VEGA_CFRU_CANONICAL,やどりぎのタネ,FROZEN,NFKC完全一致でCFRU identityを対応
MOVE_KEY_GROWTH,74,74,MOVE_GROWTH,VEGA_CFRU_CANONICAL,せいちょう,FROZEN,NFKC完全一致でCFRU identityを対応
MOVE_KEY_RAZORLEAF,75,75,MOVE_RAZORLEAF,VEGA_CFRU_CANONICAL,はっぱカッター,FROZEN,NFKC完全一致でCFRU identityを対応
MOVE_KEY_SOLARBEAM,76,76,MOVE_SOLARBEAM,VEGA_CFRU_CANONICAL,ソーラービーム,FROZEN,NFKC完全一致でCFRU identityを対応
MOVE_KEY_POISONPOWDER,77,77,MOVE_POISONPOWDER,VEGA_CFRU_CANONICAL,どくのこな,FROZEN,NFKC完全一致でCFRU identityを対応
MOVE_KEY_STUNSPORE,78,78,MOVE_STUNSPORE,VEGA_CFRU_CANONICAL,しびれごな,FROZEN,NFKC完全一致でCFRU identityを対応
MOVE_KEY_SLEEPPOWDER,79,79,MOVE_SLEEPPOWDER,VEGA_CFRU_CANONICAL,ねむりごな,FROZEN,NFKC完全一致でCFRU identityを対応
MOVE_KEY_PETALDANCE,80,80,MOVE_PETALDANCE,VEGA_CFRU_CANONICAL,はなびらのまい,FROZEN,NFKC完全一致でCFRU identityを対応
MOVE_KEY_STRINGSHOT,81,81,MOVE_STRINGSHOT,VEGA_CFRU_CANONICAL,いとをはく,FROZEN,NFKC完全一致でCFRU identityを対応
MOVE_KEY_DRAGONRAGE,82,82,MOVE_DRAGONRAGE,VEGA_CFRU_CANONICAL,りゅうのいかり,FROZEN,NFKC完全一致でCFRU identityを対応
MOVE_KEY_FIRESPIN,83,83,MOVE_FIRESPIN,VEGA_CFRU_CANONICAL,ほのおのうず,FROZEN,NFKC完全一致でCFRU identityを対応
MOVE_KEY_THUNDERSHOCK,84,84,MOVE_THUNDERSHOCK,VEGA_CFRU_CANONICAL,でんきショック,FROZEN,NFKC完全一致でCFRU identityを対応
MOVE_KEY_THUNDERBOLT,85,85,MOVE_THUNDERBOLT,VEGA_CFRU_CANONICAL,10まんボルト,FROZEN,NFKC完全一致でCFRU identityを対応
MOVE_KEY_THUNDERWAVE,86,86,MOVE_THUNDERWAVE,VEGA_CFRU_CANONICAL,でんじは,FROZEN,NFKC完全一致でCFRU identityを対応
MOVE_KEY_THUNDER,87,87,MOVE_THUNDER,VEGA_CFRU_CANONICAL,かみなり,FROZEN,NFKC完全一致でCFRU identityを対応
MOVE_KEY_ROCKTHROW,88,88,MOVE_ROCKTHROW,VEGA_CFRU_CANONICAL,いわおとし,FROZEN,NFKC完全一致でCFRU identityを対応
MOVE_KEY_EARTHQUAKE,89,89,MOVE_EARTHQUAKE,VEGA_CFRU_CANONICAL,じしん,FROZEN,NFKC完全一致でCFRU identityを対応
MOVE_KEY_FISSURE,90,90,MOVE_FISSURE,VEGA_CFRU_CANONICAL,じわれ,FROZEN,NFKC完全一致でCFRU identityを対応
MOVE_KEY_DIG,91,91,MOVE_DIG,VEGA_CFRU_CANONICAL,あなをほる,FROZEN,NFKC完全一致でCFRU identityを対応
MOVE_KEY_TOXIC,92,92,MOVE_TOXIC,VEGA_CFRU_CANONICAL,どくどく,FROZEN,NFKC完全一致でCFRU identityを対応
MOVE_KEY_CONFUSION,93,93,MOVE_CONFUSION,VEGA_CFRU_CANONICAL,ねんりき,FROZEN,NFKC完全一致でCFRU identityを対応
MOVE_KEY_PSYCHIC,94,94,MOVE_PSYCHIC,VEGA_CFRU_CANONICAL,サイコキネシス,FROZEN,NFKC完全一致でCFRU identityを対応
MOVE_KEY_HYPNOSIS,95,95,MOVE_HYPNOSIS,VEGA_CFRU_CANONICAL,さいみんじゅつ,FROZEN,NFKC完全一致でCFRU identityを対応
MOVE_KEY_MEDITATE,96,96,MOVE_MEDITATE,VEGA_CFRU_CANONICAL,ヨガのポーズ,FROZEN,NFKC完全一致でCFRU identityを対応
MOVE_KEY_AGILITY,97,97,MOVE_AGILITY,VEGA_CFRU_CANONICAL,こうそくいどう,FROZEN,NFKC完全一致でCFRU identityを対応
MOVE_KEY_QUICKATTACK,98,98,MOVE_QUICKATTACK,VEGA_CFRU_CANONICAL,でんこうせっか,FROZEN,NFKC完全一致でCFRU identityを対応
MOVE_KEY_RAGE,99,99,MOVE_RAGE,VEGA_CFRU_CANONICAL,いかり,FROZEN,NFKC完全一致でCFRU identityを対応
MOVE_KEY_TELEPORT,100,100,MOVE_TELEPORT,VEGA_CFRU_CANONICAL,テレポート,FROZEN,NFKC完全一致でCFRU identityを対応
MOVE_KEY_NIGHTSHADE,101,101,MOVE_NIGHTSHADE,VEGA_CFRU_CANONICAL,ナイトヘッド,FROZEN,NFKC完全一致でCFRU identityを対応
MOVE_KEY_MIMIC,102,102,MOVE_MIMIC,VEGA_CFRU_CANONICAL,ものまね,FROZEN,NFKC完全一致でCFRU identityを対応
MOVE_KEY_SCREECH,103,103,MOVE_SCREECH,VEGA_CFRU_CANONICAL,いやなおと,FROZEN,NFKC完全一致でCFRU identityを対応
MOVE_KEY_DOUBLETEAM,104,104,MOVE_DOUBLETEAM,VEGA_CFRU_CANONICAL,かげぶんしん,FROZEN,NFKC完全一致でCFRU identityを対応
MOVE_KEY_RECOVER,105,105,MOVE_RECOVER,VEGA_CFRU_CANONICAL,じこさいせい,FROZEN,NFKC完全一致でCFRU identityを対応
MOVE_KEY_HARDEN,106,106,MOVE_HARDEN,VEGA_CFRU_CANONICAL,かたくなる,FROZEN,NFKC完全一致でCFRU identityを対応
MOVE_KEY_MINIMIZE,107,107,MOVE_MINIMIZE,VEGA_CFRU_CANONICAL,ちいさくなる,FROZEN,NFKC完全一致でCFRU identityを対応
MOVE_KEY_SMOKESCREEN,108,108,MOVE_SMOKESCREEN,VEGA_CFRU_CANONICAL,えんまく,FROZEN,NFKC完全一致でCFRU identityを対応
MOVE_KEY_CONFUSERAY,109,109,MOVE_CONFUSERAY,VEGA_CFRU_CANONICAL,あやしいひかり,FROZEN,NFKC完全一致でCFRU identityを対応
MOVE_KEY_WITHDRAW,110,110,MOVE_WITHDRAW,VEGA_CFRU_CANONICAL,からにこもる,FROZEN,NFKC完全一致でCFRU identityを対応
MOVE_KEY_DEFENSECURL,111,111,MOVE_DEFENSECURL,VEGA_CFRU_CANONICAL,まるくなる,FROZEN,NFKC完全一致でCFRU identityを対応
MOVE_KEY_BARRIER,112,112,MOVE_BARRIER,VEGA_CFRU_CANONICAL,バリアー,FROZEN,NFKC完全一致でCFRU identityを対応
MOVE_KEY_LIGHTSCREEN,113,113,MOVE_LIGHTSCREEN,VEGA_CFRU_CANONICAL,ひかりのかべ,FROZEN,NFKC完全一致でCFRU identityを対応
MOVE_KEY_HAZE,114,114,MOVE_HAZE,VEGA_CFRU_CANONICAL,くろいきり,FROZEN,NFKC完全一致でCFRU identityを対応
MOVE_KEY_REFLECT,115,115,MOVE_REFLECT,VEGA_CFRU_CANONICAL,リフレクター,FROZEN,NFKC完全一致でCFRU identityを対応
MOVE_KEY_FOCUSENERGY,116,116,MOVE_FOCUSENERGY,VEGA_CFRU_CANONICAL,きあいだめ,FROZEN,NFKC完全一致でCFRU identityを対応
MOVE_KEY_BIDE,117,117,MOVE_BIDE,VEGA_CFRU_CANONICAL,がまん,FROZEN,NFKC完全一致でCFRU identityを対応
MOVE_KEY_METRONOME,118,118,MOVE_METRONOME,VEGA_CFRU_CANONICAL,ゆびをふる,FROZEN,NFKC完全一致でCFRU identityを対応
MOVE_KEY_MIRRORMOVE,119,119,MOVE_MIRRORMOVE,VEGA_CFRU_CANONICAL,オウムがえし,FROZEN,NFKC完全一致でCFRU identityを対応
MOVE_KEY_SELFDESTRUCT,120,120,MOVE_SELFDESTRUCT,VEGA_CFRU_CANONICAL,じばく,FROZEN,NFKC完全一致でCFRU identityを対応
MOVE_KEY_EGGBOMB,121,121,MOVE_EGGBOMB,VEGA_CFRU_CANONICAL,タマゴばくだん,FROZEN,NFKC完全一致でCFRU identityを対応
MOVE_KEY_LICK,122,122,MOVE_LICK,VEGA_CFRU_CANONICAL,したでなめる,FROZEN,NFKC完全一致でCFRU identityを対応
MOVE_KEY_SMOG,123,123,MOVE_SMOG,VEGA_CFRU_CANONICAL,スモッグ,FROZEN,NFKC完全一致でCFRU identityを対応
MOVE_KEY_SLUDGE,124,124,MOVE_SLUDGE,VEGA_CFRU_CANONICAL,ヘドロこうげき,FROZEN,NFKC完全一致でCFRU identityを対応
MOVE_KEY_BONECLUB,125,125,MOVE_BONECLUB,VEGA_CFRU_CANONICAL,ホネこんぼう,FROZEN,NFKC完全一致でCFRU identityを対応
MOVE_KEY_FIREBLAST,126,126,MOVE_FIREBLAST,VEGA_CFRU_CANONICAL,だいもんじ,FROZEN,NFKC完全一致でCFRU identityを対応
MOVE_KEY_WATERFALL,127,127,MOVE_WATERFALL,VEGA_CFRU_CANONICAL,たきのぼり,FROZEN,NFKC完全一致でCFRU identityを対応
MOVE_KEY_CLAMP,128,128,MOVE_CLAMP,VEGA_CFRU_CANONICAL,からではさむ,FROZEN,NFKC完全一致でCFRU identityを対応
MOVE_KEY_SWIFT,129,129,MOVE_SWIFT,VEGA_CFRU_CANONICAL,スピードスター,FROZEN,NFKC完全一致でCFRU identityを対応
MOVE_KEY_SKULLBASH,130,130,MOVE_SKULLBASH,VEGA_CFRU_CANONICAL,ロケットずつき,FROZEN,NFKC完全一致でCFRU identityを対応
MOVE_KEY_SPIKECANNON,131,131,MOVE_SPIKECANNON,VEGA_CFRU_CANONICAL,とげキャノン,FROZEN,NFKC完全一致でCFRU identityを対応
MOVE_KEY_CONSTRICT,132,132,MOVE_CONSTRICT,VEGA_CFRU_CANONICAL,からみつく,FROZEN,NFKC完全一致でCFRU identityを対応
MOVE_KEY_AMNESIA,133,133,MOVE_AMNESIA,VEGA_CFRU_CANONICAL,ドわすれ,FROZEN,NFKC完全一致でCFRU identityを対応
MOVE_KEY_KINESIS,134,134,MOVE_KINESIS,VEGA_CFRU_CANONICAL,スプーンまげ,FROZEN,NFKC完全一致でCFRU identityを対応
MOVE_KEY_SOFTBOILED,135,135,MOVE_SOFTBOILED,VEGA_CFRU_CANONICAL,タマゴうみ,FROZEN,NFKC完全一致でCFRU identityを対応
MOVE_KEY_HIGHJUMPKICK,136,136,MOVE_HIGHJUMPKICK,VEGA_CFRU_CANONICAL,とびひざげり,FROZEN,NFKC完全一致でCFRU identityを対応
MOVE_KEY_GLARE,137,137,MOVE_GLARE,VEGA_CFRU_CANONICAL,へびにらみ,FROZEN,NFKC完全一致でCFRU identityを対応
MOVE_KEY_DREAMEATER,138,138,MOVE_DREAMEATER,VEGA_CFRU_CANONICAL,ゆめくい,FROZEN,NFKC完全一致でCFRU identityを対応
MOVE_KEY_POISONGAS,139,139,MOVE_POISONGAS,VEGA_CFRU_CANONICAL,どくガス,FROZEN,NFKC完全一致でCFRU identityを対応
MOVE_KEY_BARRAGE,140,140,MOVE_BARRAGE,VEGA_CFRU_CANONICAL,たまなげ,FROZEN,NFKC完全一致でCFRU identityを対応
MOVE_KEY_LEECHLIFE,141,141,MOVE_LEECHLIFE,VEGA_CFRU_CANONICAL,きゅうけつ,FROZEN,NFKC完全一致でCFRU identityを対応
MOVE_KEY_LOVELYKISS,142,142,MOVE_LOVELYKISS,VEGA_CFRU_CANONICAL,あくまのキッス,FROZEN,NFKC完全一致でCFRU identityを対応
MOVE_KEY_SKYATTACK,143,143,MOVE_SKYATTACK,VEGA_CFRU_CANONICAL,ゴッドバード,FROZEN,NFKC完全一致でCFRU identityを対応
MOVE_KEY_TRANSFORM,144,144,MOVE_TRANSFORM,VEGA_CFRU_CANONICAL,へんしん,FROZEN,NFKC完全一致でCFRU identityを対応
MOVE_KEY_BUBBLE,145,145,MOVE_BUBBLE,VEGA_CFRU_CANONICAL,あわ,FROZEN,NFKC完全一致でCFRU identityを対応
MOVE_KEY_DIZZYPUNCH,146,146,MOVE_DIZZYPUNCH,VEGA_CFRU_CANONICAL,ピヨピヨパンチ,FROZEN,NFKC完全一致でCFRU identityを対応
MOVE_KEY_SPORE,147,147,MOVE_SPORE,VEGA_CFRU_CANONICAL,キノコのほうし,FROZEN,NFKC完全一致でCFRU identityを対応
MOVE_KEY_FLASH,148,148,MOVE_FLASH,VEGA_CFRU_CANONICAL,フラッシュ,FROZEN,NFKC完全一致でCFRU identityを対応
MOVE_KEY_PSYWAVE,149,149,MOVE_PSYWAVE,VEGA_CFRU_CANONICAL,サイコウェーブ,FROZEN,NFKC完全一致でCFRU identityを対応
MOVE_KEY_SPLASH,150,150,MOVE_SPLASH,VEGA_CFRU_CANONICAL,はねる,FROZEN,NFKC完全一致でCFRU identityを対応
MOVE_KEY_ACIDARMOR,151,151,MOVE_ACIDARMOR,VEGA_CFRU_CANONICAL,とける,FROZEN,NFKC完全一致でCFRU identityを対応
MOVE_KEY_CRABHAMMER,152,152,MOVE_CRABHAMMER,VEGA_CFRU_CANONICAL,クラブハンマー,FROZEN,NFKC完全一致でCFRU identityを対応
MOVE_KEY_EXPLOSION,153,153,MOVE_EXPLOSION,VEGA_CFRU_CANONICAL,だいばくはつ,FROZEN,NFKC完全一致でCFRU identityを対応
MOVE_KEY_FURYSWIPES,154,154,MOVE_FURYSWIPES,VEGA_CFRU_CANONICAL,みだれひっかき,FROZEN,NFKC完全一致でCFRU identityを対応
MOVE_KEY_BONEMERANG,155,155,MOVE_BONEMERANG,VEGA_CFRU_CANONICAL,ホネブーメラン,FROZEN,NFKC完全一致でCFRU identityを対応
MOVE_KEY_REST,156,156,MOVE_REST,VEGA_CFRU_CANONICAL,ねむる,FROZEN,NFKC完全一致でCFRU identityを対応
MOVE_KEY_ROCKSLIDE,157,157,MOVE_ROCKSLIDE,VEGA_CFRU_CANONICAL,いわなだれ,FROZEN,NFKC完全一致でCFRU identityを対応
MOVE_KEY_HYPERFANG,158,158,MOVE_HYPERFANG,VEGA_CFRU_CANONICAL,ひっさつまえば,FROZEN,NFKC完全一致でCFRU identityを対応
MOVE_KEY_SHARPEN,159,159,MOVE_SHARPEN,VEGA_CFRU_CANONICAL,かくばる,FROZEN,NFKC完全一致でCFRU identityを対応
MOVE_KEY_CONVERSION,160,160,MOVE_CONVERSION,VEGA_CFRU_CANONICAL,テクスチャー,FROZEN,NFKC完全一致でCFRU identityを対応
MOVE_KEY_TRIATTACK,161,161,MOVE_TRIATTACK,VEGA_CFRU_CANONICAL,トライアタック,FROZEN,NFKC完全一致でCFRU identityを対応
MOVE_KEY_SUPERFANG,162,162,MOVE_SUPERFANG,VEGA_CFRU_CANONICAL,いかりのまえば,FROZEN,NFKC完全一致でCFRU identityを対応
MOVE_KEY_SLASH,163,163,MOVE_SLASH,VEGA_CFRU_CANONICAL,きりさく,FROZEN,NFKC完全一致でCFRU identityを対応
MOVE_KEY_SUBSTITUTE,164,164,MOVE_SUBSTITUTE,VEGA_CFRU_CANONICAL,みがわり,FROZEN,NFKC完全一致でCFRU identityを対応
MOVE_KEY_STRUGGLE,165,165,MOVE_STRUGGLE,VEGA_CFRU_CANONICAL,わるあがき,FROZEN,NFKC完全一致でCFRU identityを対応
MOVE_KEY_SKETCH,166,166,MOVE_SKETCH,VEGA_CFRU_CANONICAL,スケッチ,FROZEN,NFKC完全一致でCFRU identityを対応
MOVE_KEY_TRIPLEKICK,167,167,MOVE_TRIPLEKICK,VEGA_CFRU_CANONICAL,トリプルキック,FROZEN,NFKC完全一致でCFRU identityを対応
MOVE_KEY_THIEF,168,168,MOVE_THIEF,VEGA_CFRU_CANONICAL,どろぼう,FROZEN,NFKC完全一致でCFRU identityを対応
MOVE_KEY_SPIDERWEB,169,169,MOVE_SPIDERWEB,VEGA_CFRU_CANONICAL,クモのす,FROZEN,NFKC完全一致でCFRU identityを対応
MOVE_KEY_MINDREADER,170,170,MOVE_MINDREADER,VEGA_CFRU_CANONICAL,こころのめ,FROZEN,NFKC完全一致でCFRU identityを対応
MOVE_KEY_NIGHTMARE,171,171,MOVE_NIGHTMARE,VEGA_CFRU_CANONICAL,あくむ,FROZEN,NFKC完全一致でCFRU identityを対応
MOVE_KEY_FLAMEWHEEL,172,172,MOVE_FLAMEWHEEL,VEGA_CFRU_CANONICAL,かえんぐるま,FROZEN,NFKC完全一致でCFRU identityを対応
MOVE_KEY_SNORE,173,173,MOVE_SNORE,VEGA_CFRU_CANONICAL,いびき,FROZEN,NFKC完全一致でCFRU identityを対応
MOVE_KEY_CURSE,174,174,MOVE_CURSE,VEGA_CFRU_CANONICAL,のろい,FROZEN,NFKC完全一致でCFRU identityを対応
MOVE_KEY_FLAIL,175,175,MOVE_FLAIL,VEGA_CFRU_CANONICAL,じたばた,FROZEN,NFKC完全一致でCFRU identityを対応
MOVE_KEY_CONVERSION2,176,176,MOVE_CONVERSION2,VEGA_CFRU_CANONICAL,テクスチャー2,FROZEN,NFKC完全一致でCFRU identityを対応
MOVE_KEY_AEROBLAST,177,177,MOVE_AEROBLAST,VEGA_CFRU_CANONICAL,エアロブラスト,FROZEN,NFKC完全一致でCFRU identityを対応
MOVE_KEY_COTTONSPORE,178,178,MOVE_COTTONSPORE,VEGA_CFRU_CANONICAL,わたほうし,FROZEN,NFKC完全一致でCFRU identityを対応
MOVE_KEY_REVERSAL,179,179,MOVE_REVERSAL,VEGA_CFRU_CANONICAL,きしかいせい,FROZEN,NFKC完全一致でCFRU identityを対応
MOVE_KEY_SPITE,180,180,MOVE_SPITE,VEGA_CFRU_CANONICAL,うらみ,FROZEN,NFKC完全一致でCFRU identityを対応
MOVE_KEY_POWDERSNOW,181,181,MOVE_POWDERSNOW,VEGA_CFRU_CANONICAL,こなゆき,FROZEN,NFKC完全一致でCFRU identityを対応
MOVE_KEY_PROTECT,182,182,MOVE_PROTECT,VEGA_CFRU_CANONICAL,まもる,FROZEN,NFKC完全一致でCFRU identityを対応
MOVE_KEY_MACHPUNCH,183,183,MOVE_MACHPUNCH,VEGA_CFRU_CANONICAL,マッハパンチ,FROZEN,NFKC完全一致でCFRU identityを対応
MOVE_KEY_SCARYFACE,184,184,MOVE_SCARYFACE,VEGA_CFRU_CANONICAL,こわいかお,FROZEN,NFKC完全一致でCFRU identityを対応
MOVE_KEY_FEINTATTACK,185,185,MOVE_FEINTATTACK,VEGA_CFRU_CANONICAL,だましうち,FROZEN,NFKC完全一致でCFRU identityを対応
MOVE_KEY_SWEETKISS,186,186,MOVE_SWEETKISS,VEGA_CFRU_CANONICAL,てんしのキッス,FROZEN,NFKC完全一致でCFRU identityを対応
MOVE_KEY_BELLYDRUM,187,187,MOVE_BELLYDRUM,VEGA_CFRU_CANONICAL,はらだいこ,FROZEN,NFKC完全一致でCFRU identityを対応
MOVE_KEY_SLUDGEBOMB,188,188,MOVE_SLUDGEBOMB,VEGA_CFRU_CANONICAL,ヘドロばくだん,FROZEN,NFKC完全一致でCFRU identityを対応
MOVE_KEY_MUDSLAP,189,189,MOVE_MUDSLAP,VEGA_CFRU_CANONICAL,どろかけ,FROZEN,NFKC完全一致でCFRU identityを対応
MOVE_KEY_OCTAZOOKA,190,190,MOVE_OCTAZOOKA,VEGA_CFRU_CANONICAL,オクタンほう,FROZEN,NFKC完全一致でCFRU identityを対応
MOVE_KEY_SPIKES,191,191,MOVE_SPIKES,VEGA_CFRU_CANONICAL,まきびし,FROZEN,NFKC完全一致でCFRU identityを対応
MOVE_KEY_ZAPCANNON,192,192,MOVE_ZAPCANNON,VEGA_CFRU_CANONICAL,でんじほう,FROZEN,NFKC完全一致でCFRU identityを対応
MOVE_KEY_FORESIGHT,193,193,MOVE_FORESIGHT,VEGA_CFRU_CANONICAL,みやぶる,FROZEN,NFKC完全一致でCFRU identityを対応
MOVE_KEY_DESTINYBOND,194,194,MOVE_DESTINYBOND,VEGA_CFRU_CANONICAL,みちづれ,FROZEN,NFKC完全一致でCFRU identityを対応
MOVE_KEY_PERISHSONG,195,195,MOVE_PERISHSONG,VEGA_CFRU_CANONICAL,ほろびのうた,FROZEN,NFKC完全一致でCFRU identityを対応
MOVE_KEY_ICYWIND,196,196,MOVE_ICYWIND,VEGA_CFRU_CANONICAL,こごえるかぜ,FROZEN,NFKC完全一致でCFRU identityを対応
MOVE_KEY_DETECT,197,197,MOVE_DETECT,VEGA_CFRU_CANONICAL,みきり,FROZEN,NFKC完全一致でCFRU identityを対応
MOVE_KEY_BONERUSH,198,198,MOVE_BONERUSH,VEGA_CFRU_CANONICAL,ボーンラッシュ,FROZEN,NFKC完全一致でCFRU identityを対応
MOVE_KEY_LOCKON,199,199,MOVE_LOCKON,VEGA_CFRU_CANONICAL,ロックオン,FROZEN,NFKC完全一致でCFRU identityを対応
MOVE_KEY_OUTRAGE,200,200,MOVE_OUTRAGE,VEGA_CFRU_CANONICAL,げきりん,FROZEN,NFKC完全一致でCFRU identityを対応
MOVE_KEY_SANDSTORM,201,201,MOVE_SANDSTORM,VEGA_CFRU_CANONICAL,すなあらし,FROZEN,NFKC完全一致でCFRU identityを対応
MOVE_KEY_GIGADRAIN,202,202,MOVE_GIGADRAIN,VEGA_CFRU_CANONICAL,ギガドレイン,FROZEN,NFKC完全一致でCFRU identityを対応
MOVE_KEY_ENDURE,203,203,MOVE_ENDURE,VEGA_CFRU_CANONICAL,こらえる,FROZEN,NFKC完全一致でCFRU identityを対応
MOVE_KEY_CHARM,204,204,MOVE_CHARM,VEGA_CFRU_CANONICAL,あまえる,FROZEN,NFKC完全一致でCFRU identityを対応
MOVE_KEY_ROLLOUT,205,205,MOVE_ROLLOUT,VEGA_CFRU_CANONICAL,ころがる,FROZEN,NFKC完全一致でCFRU identityを対応
MOVE_KEY_FALSESWIPE,206,206,MOVE_FALSESWIPE,VEGA_CFRU_CANONICAL,みねうち,FROZEN,NFKC完全一致でCFRU identityを対応
MOVE_KEY_SWAGGER,207,207,MOVE_SWAGGER,VEGA_CFRU_CANONICAL,いばる,FROZEN,NFKC完全一致でCFRU identityを対応
MOVE_KEY_MILKDRINK,208,208,MOVE_MILKDRINK,VEGA_CFRU_CANONICAL,ミルクのみ,FROZEN,NFKC完全一致でCFRU identityを対応
MOVE_KEY_SPARK,209,209,MOVE_SPARK,VEGA_CFRU_CANONICAL,スパーク,FROZEN,NFKC完全一致でCFRU identityを対応
MOVE_KEY_FURYCUTTER,210,210,MOVE_FURYCUTTER,VEGA_CFRU_CANONICAL,れんぞくぎり,FROZEN,NFKC完全一致でCFRU identityを対応
MOVE_KEY_STEELWING,211,211,MOVE_STEELWING,VEGA_CFRU_CANONICAL,はがねのつばさ,FROZEN,NFKC完全一致でCFRU identityを対応
MOVE_KEY_MEANLOOK,212,212,MOVE_MEANLOOK,VEGA_CFRU_CANONICAL,くろいまなざし,FROZEN,NFKC完全一致でCFRU identityを対応
MOVE_KEY_ATTRACT,213,213,MOVE_ATTRACT,VEGA_CFRU_CANONICAL,メロメロ,FROZEN,NFKC完全一致でCFRU identityを対応
MOVE_KEY_SLEEPTALK,214,214,MOVE_SLEEPTALK,VEGA_CFRU_CANONICAL,ねごと,FROZEN,NFKC完全一致でCFRU identityを対応
MOVE_KEY_HEALBELL,215,215,MOVE_HEALBELL,VEGA_CFRU_CANONICAL,いやしのすず,FROZEN,NFKC完全一致でCFRU identityを対応
MOVE_KEY_RETURN,216,216,MOVE_RETURN,VEGA_CFRU_CANONICAL,おんがえし,FROZEN,NFKC完全一致でCFRU identityを対応
MOVE_KEY_PRESENT,217,217,MOVE_PRESENT,VEGA_CFRU_CANONICAL,プレゼント,FROZEN,NFKC完全一致でCFRU identityを対応
MOVE_KEY_FRUSTRATION,218,218,MOVE_FRUSTRATION,VEGA_CFRU_CANONICAL,やつあたり,FROZEN,NFKC完全一致でCFRU identityを対応
MOVE_KEY_SAFEGUARD,219,219,MOVE_SAFEGUARD,VEGA_CFRU_CANONICAL,しんぴのまもり,FROZEN,NFKC完全一致でCFRU identityを対応
MOVE_KEY_PAINSPLIT,220,220,MOVE_PAINSPLIT,VEGA_CFRU_CANONICAL,いたみわけ,FROZEN,NFKC完全一致でCFRU identityを対応
MOVE_KEY_SACREDFIRE,221,221,MOVE_SACREDFIRE,VEGA_CFRU_CANONICAL,せいなるほのお,FROZEN,NFKC完全一致でCFRU identityを対応
MOVE_KEY_MAGNITUDE,222,222,MOVE_MAGNITUDE,VEGA_CFRU_CANONICAL,マグニチュード,FROZEN,NFKC完全一致でCFRU identityを対応
MOVE_KEY_DYNAMICPUNCH,223,223,MOVE_DYNAMICPUNCH,VEGA_CFRU_CANONICAL,ばくれつパンチ,FROZEN,NFKC完全一致でCFRU identityを対応
MOVE_KEY_MEGAHORN,224,224,MOVE_MEGAHORN,VEGA_CFRU_CANONICAL,メガホーン,FROZEN,NFKC完全一致でCFRU identityを対応
MOVE_KEY_DRAGONBREATH,225,225,MOVE_DRAGONBREATH,VEGA_CFRU_CANONICAL,りゅうのいぶき,FROZEN,NFKC完全一致でCFRU identityを対応
MOVE_KEY_BATONPASS,226,226,MOVE_BATONPASS,VEGA_CFRU_CANONICAL,バトンタッチ,FROZEN,NFKC完全一致でCFRU identityを対応
MOVE_KEY_ENCORE,227,227,MOVE_ENCORE,VEGA_CFRU_CANONICAL,アンコール,FROZEN,NFKC完全一致でCFRU identityを対応
MOVE_KEY_PURSUIT,228,228,MOVE_PURSUIT,VEGA_CFRU_CANONICAL,おいうち,FROZEN,NFKC完全一致でCFRU identityを対応
MOVE_KEY_RAPIDSPIN,229,229,MOVE_RAPIDSPIN,VEGA_CFRU_CANONICAL,こうそくスピン,FROZEN,NFKC完全一致でCFRU identityを対応
MOVE_KEY_SWEETSCENT,230,230,MOVE_SWEETSCENT,VEGA_CFRU_CANONICAL,あまいかおり,FROZEN,NFKC完全一致でCFRU identityを対応
MOVE_KEY_IRONTAIL,231,231,MOVE_IRONTAIL,VEGA_CFRU_CANONICAL,アイアンテール,FROZEN,NFKC完全一致でCFRU identityを対応
MOVE_KEY_METALCLAW,232,232,MOVE_METALCLAW,VEGA_CFRU_CANONICAL,メタルクロー,FROZEN,NFKC完全一致でCFRU identityを対応
MOVE_KEY_VITALTHROW,233,233,MOVE_VITALTHROW,VEGA_CFRU_CANONICAL,あてみなげ,FROZEN,NFKC完全一致でCFRU identityを対応
MOVE_KEY_MORNINGSUN,234,234,MOVE_MORNINGSUN,VEGA_CFRU_CANONICAL,あさのひざし,FROZEN,NFKC完全一致でCFRU identityを対応
MOVE_KEY_SYNTHESIS,235,235,MOVE_SYNTHESIS,VEGA_CFRU_CANONICAL,こうごうせい,FROZEN,NFKC完全一致でCFRU identityを対応
MOVE_KEY_MOONLIGHT,236,236,MOVE_MOONLIGHT,VEGA_CFRU_CANONICAL,つきのひかり,FROZEN,NFKC完全一致でCFRU identityを対応
MOVE_KEY_HIDDENPOWER,237,237,MOVE_HIDDENPOWER,VEGA_CFRU_CANONICAL,めざめるパワー,FROZEN,NFKC完全一致でCFRU identityを対応
MOVE_KEY_CROSSCHOP,238,238,MOVE_CROSSCHOP,VEGA_CFRU_CANONICAL,クロスチョップ,FROZEN,NFKC完全一致でCFRU identityを対応
MOVE_KEY_TWISTER,239,239,MOVE_TWISTER,VEGA_CFRU_CANONICAL,たつまき,FROZEN,NFKC完全一致でCFRU identityを対応
MOVE_KEY_RAINDANCE,240,240,MOVE_RAINDANCE,VEGA_CFRU_CANONICAL,あまごい,FROZEN,NFKC完全一致でCFRU identityを対応
MOVE_KEY_SUNNYDAY,241,241,MOVE_SUNNYDAY,VEGA_CFRU_CANONICAL,にほんばれ,FROZEN,NFKC完全一致でCFRU identityを対応
MOVE_KEY_CRUNCH,242,242,MOVE_CRUNCH,VEGA_CFRU_CANONICAL,かみくだく,FROZEN,NFKC完全一致でCFRU identityを対応
MOVE_KEY_MIRRORCOAT,243,243,MOVE_MIRRORCOAT,VEGA_CFRU_CANONICAL,ミラーコート,FROZEN,NFKC完全一致でCFRU identityを対応
MOVE_KEY_PSYCHUP,244,244,MOVE_PSYCHUP,VEGA_CFRU_CANONICAL,じこあんじ,FROZEN,NFKC完全一致でCFRU identityを対応
MOVE_KEY_EXTREMESPEED,245,245,MOVE_EXTREMESPEED,VEGA_CFRU_CANONICAL,しんそく,FROZEN,NFKC完全一致でCFRU identityを対応
MOVE_KEY_ANCIENTPOWER,246,246,MOVE_ANCIENTPOWER,VEGA_CFRU_CANONICAL,げんしのちから,FROZEN,NFKC完全一致でCFRU identityを対応
MOVE_KEY_SHADOWBALL,247,247,MOVE_SHADOWBALL,VEGA_CFRU_CANONICAL,シャドーボール,FROZEN,NFKC完全一致でCFRU identityを対応
MOVE_KEY_FUTURESIGHT,248,248,MOVE_FUTURESIGHT,VEGA_CFRU_CANONICAL,みらいよち,FROZEN,NFKC完全一致でCFRU identityを対応
MOVE_KEY_ROCKSMASH,249,249,MOVE_ROCKSMASH,VEGA_CFRU_CANONICAL,いわくだき,FROZEN,NFKC完全一致でCFRU identityを対応
MOVE_KEY_WHIRLPOOL,250,250,MOVE_WHIRLPOOL,VEGA_CFRU_CANONICAL,うずしお,FROZEN,NFKC完全一致でCFRU identityを対応
MOVE_KEY_BEATUP,251,251,MOVE_BEATUP,VEGA_CFRU_CANONICAL,ふくろだたき,FROZEN,NFKC完全一致でCFRU identityを対応
MOVE_KEY_FAKEOUT,252,252,MOVE_FAKEOUT,VEGA_CFRU_CANONICAL,ねこだまし,FROZEN,NFKC完全一致でCFRU identityを対応
MOVE_KEY_UPROAR,253,253,MOVE_UPROAR,VEGA_CFRU_CANONICAL,さわぐ,FROZEN,NFKC完全一致でCFRU identityを対応
MOVE_KEY_STOCKPILE,254,254,MOVE_STOCKPILE,VEGA_CFRU_CANONICAL,たくわえる,FROZEN,NFKC完全一致でCFRU identityを対応
MOVE_KEY_SPITUP,255,255,MOVE_SPITUP,VEGA_CFRU_CANONICAL,はきだす,FROZEN,NFKC完全一致でCFRU identityを対応
MOVE_KEY_SWALLOW,256,256,MOVE_SWALLOW,VEGA_CFRU_CANONICAL,のみこむ,FROZEN,NFKC完全一致でCFRU identityを対応
MOVE_KEY_HEATWAVE,257,257,MOVE_HEATWAVE,VEGA_CFRU_CANONICAL,ねっぷう,FROZEN,NFKC完全一致でCFRU identityを対応
MOVE_KEY_HAIL,258,258,MOVE_HAIL,VEGA_CFRU_CANONICAL,あられ,FROZEN,NFKC完全一致でCFRU identityを対応
MOVE_KEY_TORMENT,259,259,MOVE_TORMENT,VEGA_CFRU_CANONICAL,いちゃもん,FROZEN,NFKC完全一致でCFRU identityを対応
MOVE_KEY_FLATTER,260,260,MOVE_FLATTER,VEGA_CFRU_CANONICAL,おだてる,FROZEN,NFKC完全一致でCFRU identityを対応
MOVE_KEY_WILLOWISP,261,261,MOVE_WILLOWISP,VEGA_CFRU_CANONICAL,おにび,FROZEN,NFKC完全一致でCFRU identityを対応
MOVE_KEY_MEMENTO,262,262,MOVE_MEMENTO,VEGA_CFRU_CANONICAL,おきみやげ,FROZEN,NFKC完全一致でCFRU identityを対応
MOVE_KEY_FACADE,263,263,MOVE_FACADE,VEGA_CFRU_CANONICAL,からげんき,FROZEN,NFKC完全一致でCFRU identityを対応
MOVE_KEY_FOCUSPUNCH,264,264,MOVE_FOCUSPUNCH,VEGA_CFRU_CANONICAL,きあいパンチ,FROZEN,NFKC完全一致でCFRU identityを対応
MOVE_KEY_SMELLINGSALTS,265,265,MOVE_SMELLINGSALTS,VEGA_CFRU_CANONICAL,きつけ,FROZEN,NFKC完全一致でCFRU identityを対応
MOVE_KEY_FOLLOWME,266,266,MOVE_FOLLOWME,VEGA_CFRU_CANONICAL,このゆびとまれ,FROZEN,NFKC完全一致でCFRU identityを対応
MOVE_KEY_NATUREPOWER,267,267,MOVE_NATUREPOWER,VEGA_CFRU_CANONICAL,しぜんのちから,FROZEN,NFKC完全一致でCFRU identityを対応
MOVE_KEY_CHARGE,268,268,MOVE_CHARGE,VEGA_CFRU_CANONICAL,じゅうでん,FROZEN,NFKC完全一致でCFRU identityを対応
MOVE_KEY_TAUNT,269,269,MOVE_TAUNT,VEGA_CFRU_CANONICAL,ちょうはつ,FROZEN,NFKC完全一致でCFRU identityを対応
MOVE_KEY_HELPINGHAND,270,270,MOVE_HELPINGHAND,VEGA_CFRU_CANONICAL,てだすけ,FROZEN,NFKC完全一致でCFRU identityを対応
MOVE_KEY_TRICK,271,271,MOVE_TRICK,VEGA_CFRU_CANONICAL,トリック,FROZEN,NFKC完全一致でCFRU identityを対応
MOVE_KEY_ROLEPLAY,272,272,MOVE_ROLEPLAY,VEGA_CFRU_CANONICAL,なりきり,FROZEN,NFKC完全一致でCFRU identityを対応
MOVE_KEY_WISH,273,273,MOVE_WISH,VEGA_CFRU_CANONICAL,ねがいごと,FROZEN,NFKC完全一致でCFRU identityを対応
MOVE_KEY_ASSIST,274,274,MOVE_ASSIST,VEGA_CFRU_CANONICAL,ねこのて,FROZEN,NFKC完全一致でCFRU identityを対応
MOVE_KEY_INGRAIN,275,275,MOVE_INGRAIN,VEGA_CFRU_CANONICAL,ねをはる,FROZEN,NFKC完全一致でCFRU identityを対応
MOVE_KEY_SUPERPOWER,276,276,MOVE_SUPERPOWER,VEGA_CFRU_CANONICAL,ばかぢから,FROZEN,NFKC完全一致でCFRU identityを対応
MOVE_KEY_MAGICCOAT,277,277,MOVE_MAGICCOAT,VEGA_CFRU_CANONICAL,マジックコート,FROZEN,NFKC完全一致でCFRU identityを対応
MOVE_KEY_RECYCLE,278,278,MOVE_RECYCLE,VEGA_CFRU_CANONICAL,リサイクル,FROZEN,NFKC完全一致でCFRU identityを対応
MOVE_KEY_REVENGE,279,279,MOVE_REVENGE,VEGA_CFRU_CANONICAL,リベンジ,FROZEN,NFKC完全一致でCFRU identityを対応
MOVE_KEY_BRICKBREAK,280,280,MOVE_BRICKBREAK,VEGA_CFRU_CANONICAL,かわらわり,FROZEN,NFKC完全一致でCFRU identityを対応
MOVE_KEY_YAWN,281,281,MOVE_YAWN,VEGA_CFRU_CANONICAL,あくび,FROZEN,NFKC完全一致でCFRU identityを対応
MOVE_KEY_KNOCKOFF,282,282,MOVE_KNOCKOFF,VEGA_CFRU_CANONICAL,はたきおとす,FROZEN,NFKC完全一致でCFRU identityを対応
MOVE_KEY_ENDEAVOR,283,283,MOVE_ENDEAVOR,VEGA_CFRU_CANONICAL,がむしゃら,FROZEN,NFKC完全一致でCFRU identityを対応
MOVE_KEY_ERUPTION,284,284,MOVE_ERUPTION,VEGA_CFRU_CANONICAL,ふんか,FROZEN,NFKC完全一致でCFRU identityを対応
MOVE_KEY_SKILLSWAP,285,285,MOVE_SKILLSWAP,VEGA_CFRU_CANONICAL,スキルスワップ,FROZEN,NFKC完全一致でCFRU identityを対応
MOVE_KEY_IMPRISON,286,286,MOVE_IMPRISON,VEGA_CFRU_CANONICAL,ふういん,FROZEN,NFKC完全一致でCFRU identityを対応
MOVE_KEY_REFRESH,287,287,MOVE_REFRESH,VEGA_CFRU_CANONICAL,リフレッシュ,FROZEN,NFKC完全一致でCFRU identityを対応
MOVE_KEY_GRUDGE,288,288,MOVE_GRUDGE,VEGA_CFRU_CANONICAL,おんねん,FROZEN,NFKC完全一致でCFRU identityを対応
MOVE_KEY_SNATCH,289,289,MOVE_SNATCH,VEGA_CFRU_CANONICAL,よこどり,FROZEN,NFKC完全一致でCFRU identityを対応
MOVE_KEY_SECRETPOWER,290,290,MOVE_SECRETPOWER,VEGA_CFRU_CANONICAL,ひみつのちから,FROZEN,NFKC完全一致でCFRU identityを対応
MOVE_KEY_DIVE,291,291,MOVE_DIVE,VEGA_CFRU_CANONICAL,ダイビング,FROZEN,NFKC完全一致でCFRU identityを対応
MOVE_KEY_VEGA_292,292,292,,VEGA_EXCLUSIVE_V3,ひょうらいは,FROZEN,V3独自技をVega固定IDで保持
MOVE_KEY_CAMOUFLAGE,293,293,MOVE_CAMOUFLAGE,VEGA_CFRU_CANONICAL,ほごしょく,FROZEN,NFKC完全一致でCFRU identityを対応
MOVE_KEY_TAILGLOW,294,294,MOVE_TAILGLOW,VEGA_CFRU_CANONICAL,ほたるび,FROZEN,NFKC完全一致でCFRU identityを対応
MOVE_KEY_LUSTERPURGE,295,295,MOVE_LUSTERPURGE,VEGA_CFRU_CANONICAL,ラスターパージ,FROZEN,NFKC完全一致でCFRU identityを対応
MOVE_KEY_MISTBALL,296,296,MOVE_MISTBALL,VEGA_CFRU_CANONICAL,ミストボール,FROZEN,NFKC完全一致でCFRU identityを対応
MOVE_KEY_FEATHERDANCE,297,297,MOVE_FEATHERDANCE,VEGA_CFRU_CANONICAL,フェザーダンス,FROZEN,NFKC完全一致でCFRU identityを対応
MOVE_KEY_TEETERDANCE,298,298,MOVE_TEETERDANCE,VEGA_CFRU_CANONICAL,フラフラダンス,FROZEN,NFKC完全一致でCFRU identityを対応
MOVE_KEY_BLAZEKICK,299,299,MOVE_BLAZEKICK,VEGA_CFRU_CANONICAL,ブレイズキック,FROZEN,NFKC完全一致でCFRU identityを対応
MOVE_KEY_MUDSPORT,300,300,MOVE_MUDSPORT,VEGA_CFRU_CANONICAL,どろあそび,FROZEN,NFKC完全一致でCFRU identityを対応
MOVE_KEY_ICEBALL,301,301,MOVE_ICEBALL,VEGA_CFRU_CANONICAL,アイスボール,FROZEN,NFKC完全一致でCFRU identityを対応
MOVE_KEY_NEEDLEARM,302,302,MOVE_NEEDLEARM,VEGA_CFRU_CANONICAL,ニードルアーム,FROZEN,NFKC完全一致でCFRU identityを対応
MOVE_KEY_SLACKOFF,303,303,MOVE_SLACKOFF,VEGA_CFRU_CANONICAL,なまける,FROZEN,NFKC完全一致でCFRU identityを対応
MOVE_KEY_HYPERVOICE,304,304,MOVE_HYPERVOICE,VEGA_CFRU_CANONICAL,ハイパーボイス,FROZEN,NFKC完全一致でCFRU identityを対応
MOVE_KEY_POISONFANG,305,305,MOVE_POISONFANG,VEGA_CFRU_CANONICAL,どくどくのキバ,FROZEN,NFKC完全一致でCFRU identityを対応
MOVE_KEY_CRUSHCLAW,306,306,MOVE_CRUSHCLAW,VEGA_CFRU_CANONICAL,ブレイククロー,FROZEN,NFKC完全一致でCFRU identityを対応
MOVE_KEY_BLASTBURN,307,307,MOVE_BLASTBURN,VEGA_CFRU_CANONICAL,ブラストバーン,FROZEN,NFKC完全一致でCFRU identityを対応
MOVE_KEY_HYDROCANNON,308,308,MOVE_HYDROCANNON,VEGA_CFRU_CANONICAL,ハイドロカノン,FROZEN,NFKC完全一致でCFRU identityを対応
MOVE_KEY_METEORMASH,309,309,MOVE_METEORMASH,VEGA_CFRU_CANONICAL,コメットパンチ,FROZEN,NFKC完全一致でCFRU identityを対応
MOVE_KEY_ASTONISH,310,310,MOVE_ASTONISH,VEGA_CFRU_CANONICAL,おどろかす,FROZEN,NFKC完全一致でCFRU identityを対応
MOVE_KEY_WEATHERBALL,311,311,MOVE_WEATHERBALL,VEGA_CFRU_CANONICAL,ウェザーボール,FROZEN,NFKC完全一致でCFRU identityを対応
MOVE_KEY_AROMATHERAPY,312,312,MOVE_AROMATHERAPY,VEGA_CFRU_CANONICAL,アロマセラピー,FROZEN,NFKC完全一致でCFRU identityを対応
MOVE_KEY_FAKETEARS,313,313,MOVE_FAKETEARS,VEGA_CFRU_CANONICAL,うそなき,FROZEN,NFKC完全一致でCFRU identityを対応
MOVE_KEY_AIRCUTTER,314,314,MOVE_AIRCUTTER,VEGA_CFRU_CANONICAL,エアカッター,FROZEN,NFKC完全一致でCFRU identityを対応
MOVE_KEY_OVERHEAT,315,315,MOVE_OVERHEAT,VEGA_CFRU_CANONICAL,オーバーヒート,FROZEN,NFKC完全一致でCFRU identityを対応
MOVE_KEY_ODORSLEUTH,316,316,MOVE_ODORSLEUTH,VEGA_CFRU_CANONICAL,かぎわける,FROZEN,NFKC完全一致でCFRU identityを対応
MOVE_KEY_ROCKTOMB,317,317,MOVE_ROCKTOMB,VEGA_CFRU_CANONICAL,がんせきふうじ,FROZEN,NFKC完全一致でCFRU identityを対応
MOVE_KEY_SILVERWIND,318,318,MOVE_SILVERWIND,VEGA_CFRU_CANONICAL,ぎんいろのかぜ,FROZEN,NFKC完全一致でCFRU identityを対応
MOVE_KEY_METALSOUND,319,319,MOVE_METALSOUND,VEGA_CFRU_CANONICAL,きんぞくおん,FROZEN,NFKC完全一致でCFRU identityを対応
MOVE_KEY_GRASSWHISTLE,320,320,MOVE_GRASSWHISTLE,VEGA_CFRU_CANONICAL,くさぶえ,FROZEN,NFKC完全一致でCFRU identityを対応
MOVE_KEY_TICKLE,321,321,MOVE_TICKLE,VEGA_CFRU_CANONICAL,くすぐる,FROZEN,NFKC完全一致でCFRU identityを対応
MOVE_KEY_COSMICPOWER,322,322,MOVE_COSMICPOWER,VEGA_CFRU_CANONICAL,コスモパワー,FROZEN,NFKC完全一致でCFRU identityを対応
MOVE_KEY_WATERSPOUT,323,323,MOVE_WATERSPOUT,VEGA_CFRU_CANONICAL,しおふき,FROZEN,NFKC完全一致でCFRU identityを対応
MOVE_KEY_SIGNALBEAM,324,324,MOVE_SIGNALBEAM,VEGA_CFRU_CANONICAL,シグナルビーム,FROZEN,NFKC完全一致でCFRU identityを対応
MOVE_KEY_SHADOWPUNCH,325,325,MOVE_SHADOWPUNCH,VEGA_CFRU_CANONICAL,シャドーパンチ,FROZEN,NFKC完全一致でCFRU identityを対応
MOVE_KEY_EXTRASENSORY,326,326,MOVE_EXTRASENSORY,VEGA_CFRU_CANONICAL,じんつうりき,FROZEN,NFKC完全一致でCFRU identityを対応
MOVE_KEY_SKYUPPERCUT,327,327,MOVE_SKYUPPERCUT,VEGA_CFRU_CANONICAL,スカイアッパー,FROZEN,NFKC完全一致でCFRU identityを対応
MOVE_KEY_SANDTOMB,328,328,MOVE_SANDTOMB,VEGA_CFRU_CANONICAL,すなじごく,FROZEN,NFKC完全一致でCFRU identityを対応
MOVE_KEY_SHEERCOLD,329,329,MOVE_SHEERCOLD,VEGA_CFRU_CANONICAL,ぜったいれいど,FROZEN,NFKC完全一致でCFRU identityを対応
MOVE_KEY_MUDDYWATER,330,330,MOVE_MUDDYWATER,VEGA_CFRU_CANONICAL,だくりゅう,FROZEN,NFKC完全一致でCFRU identityを対応
MOVE_KEY_BULLETSEED,331,331,MOVE_BULLETSEED,VEGA_CFRU_CANONICAL,タネマシンガン,FROZEN,NFKC完全一致でCFRU identityを対応
MOVE_KEY_AERIALACE,332,332,MOVE_AERIALACE,VEGA_CFRU_CANONICAL,つばめがえし,FROZEN,NFKC完全一致でCFRU identityを対応
MOVE_KEY_ICICLESPEAR,333,333,MOVE_ICICLESPEAR,VEGA_CFRU_CANONICAL,つららばり,FROZEN,NFKC完全一致でCFRU identityを対応
MOVE_KEY_IRONDEFENSE,334,334,MOVE_IRONDEFENSE,VEGA_CFRU_CANONICAL,てっぺき,FROZEN,NFKC完全一致でCFRU identityを対応
MOVE_KEY_BLOCK,335,335,MOVE_BLOCK,VEGA_CFRU_CANONICAL,とおせんぼう,FROZEN,NFKC完全一致でCFRU identityを対応
MOVE_KEY_HOWL,336,336,MOVE_HOWL,VEGA_CFRU_CANONICAL,とおぼえ,FROZEN,NFKC完全一致でCFRU identityを対応
MOVE_KEY_DRAGONCLAW,337,337,MOVE_DRAGONCLAW,VEGA_CFRU_CANONICAL,ドラゴンクロー,FROZEN,NFKC完全一致でCFRU identityを対応
MOVE_KEY_FRENZYPLANT,338,338,MOVE_FRENZYPLANT,VEGA_CFRU_CANONICAL,ハードプラント,FROZEN,NFKC完全一致でCFRU identityを対応
MOVE_KEY_BULKUP,339,339,MOVE_BULKUP,VEGA_CFRU_CANONICAL,ビルドアップ,FROZEN,NFKC完全一致でCFRU identityを対応
MOVE_KEY_BOUNCE,340,340,MOVE_BOUNCE,VEGA_CFRU_CANONICAL,とびはねる,FROZEN,NFKC完全一致でCFRU identityを対応
MOVE_KEY_MUDSHOT,341,341,MOVE_MUDSHOT,VEGA_CFRU_CANONICAL,マッドショット,FROZEN,NFKC完全一致でCFRU identityを対応
MOVE_KEY_POISONTAIL,342,342,MOVE_POISONTAIL,VEGA_CFRU_CANONICAL,ポイズンテール,FROZEN,NFKC完全一致でCFRU identityを対応
MOVE_KEY_COVET,343,343,MOVE_COVET,VEGA_CFRU_CANONICAL,ほしがる,FROZEN,NFKC完全一致でCFRU identityを対応
MOVE_KEY_VOLTTACKLE,344,344,MOVE_VOLTTACKLE,VEGA_CFRU_CANONICAL,ボルテッカー,FROZEN,NFKC完全一致でCFRU identityを対応
MOVE_KEY_MAGICALLEAF,345,345,MOVE_MAGICALLEAF,VEGA_CFRU_CANONICAL,マジカルリーフ,FROZEN,NFKC完全一致でCFRU identityを対応
MOVE_KEY_WATERSPORT,346,346,MOVE_WATERSPORT,VEGA_CFRU_CANONICAL,みずあそび,FROZEN,NFKC完全一致でCFRU identityを対応
MOVE_KEY_CALMMIND,347,347,MOVE_CALMMIND,VEGA_CFRU_CANONICAL,めいそう,FROZEN,NFKC完全一致でCFRU identityを対応
MOVE_KEY_LEAFBLADE,348,348,MOVE_LEAFBLADE,VEGA_CFRU_CANONICAL,リーフブレード,FROZEN,NFKC完全一致でCFRU identityを対応
MOVE_KEY_DRAGONDANCE,349,349,MOVE_DRAGONDANCE,VEGA_CFRU_CANONICAL,りゅうのまい,FROZEN,NFKC完全一致でCFRU identityを対応
MOVE_KEY_ROCKBLAST,350,350,MOVE_ROCKBLAST,VEGA_CFRU_CANONICAL,ロックブラスト,FROZEN,NFKC完全一致でCFRU identityを対応
MOVE_KEY_SHOCKWAVE,351,351,MOVE_SHOCKWAVE,VEGA_CFRU_CANONICAL,でんげきは,FROZEN,NFKC完全一致でCFRU identityを対応
MOVE_KEY_WATERPULSE,352,352,MOVE_WATERPULSE,VEGA_CFRU_CANONICAL,みずのはどう,FROZEN,NFKC完全一致でCFRU identityを対応
MOVE_KEY_DOOMDESIRE,353,353,MOVE_DOOMDESIRE,VEGA_CFRU_CANONICAL,はめつのねがい,FROZEN,NFKC完全一致でCFRU identityを対応
MOVE_KEY_PSYCHOBOOST,354,354,MOVE_PSYCHOBOOST,VEGA_CFRU_CANONICAL,サイコブースト,FROZEN,NFKC完全一致でCFRU identityを対応
MOVE_KEY_VEGA_355,355,355,,VEGA_EXCLUSIVE_V3,グランボールダ,FROZEN,V3独自技をVega固定IDで保持
MOVE_KEY_VEGA_356,356,356,,VEGA_EXCLUSIVE_V3,ソウルブレイク,FROZEN,V3独自技をVega固定IDで保持
MOVE_KEY_VEGA_357,357,357,,VEGA_EXCLUSIVE_V3,スターダスト,FROZEN,V3独自技をVega固定IDで保持
MOVE_KEY_VEGA_358,358,358,,VEGA_EXCLUSIVE_V3,だいちのいかり,FROZEN,V3独自技をVega固定IDで保持
MOVE_KEY_VEGA_359,359,359,,VEGA_EXCLUSIVE_V3,のりうつる,FROZEN,V3独自技をVega固定IDで保持
MOVE_KEY_VEGA_360,360,360,,VEGA_EXCLUSIVE_V3,ぶちこわす,FROZEN,V3独自技をVega固定IDで保持
MOVE_KEY_VEGA_361,361,361,,VEGA_EXCLUSIVE_V3,メタルブラスト,FROZEN,V3独自技をVega固定IDで保持
MOVE_KEY_HAMMERARM,362,362,MOVE_HAMMERARM,VEGA_CFRU_CANONICAL,アームハンマー,FROZEN,NFKC完全一致でCFRU identityを対応
MOVE_KEY_CLOSECOMBAT,363,363,MOVE_CLOSECOMBAT,VEGA_CFRU_CANONICAL,インファイト,FROZEN,NFKC完全一致でCFRU identityを対応
MOVE_KEY_FLAREBLITZ,364,364,MOVE_FLAREBLITZ,VEGA_CFRU_CANONICAL,フレアドライブ,FROZEN,NFKC完全一致でCFRU identityを対応
MOVE_KEY_FORCEPALM,365,365,MOVE_FORCEPALM,VEGA_CFRU_CANONICAL,はっけい,FROZEN,NFKC完全一致でCFRU identityを対応
MOVE_KEY_AURASPHERE,366,366,MOVE_AURASPHERE,VEGA_CFRU_CANONICAL,はどうだん,FROZEN,NFKC完全一致でCFRU identityを対応
MOVE_KEY_ROCKPOLISH,367,367,MOVE_ROCKPOLISH,VEGA_CFRU_CANONICAL,ロックカット,FROZEN,NFKC完全一致でCFRU identityを対応
MOVE_KEY_POISONJAB,368,368,MOVE_POISONJAB,VEGA_CFRU_CANONICAL,どくづき,FROZEN,NFKC完全一致でCFRU identityを対応
MOVE_KEY_DARKPULSE,369,369,MOVE_DARKPULSE,VEGA_CFRU_CANONICAL,あくのはどう,FROZEN,NFKC完全一致でCFRU identityを対応
MOVE_KEY_NIGHTSLASH,370,370,MOVE_NIGHTSLASH,VEGA_CFRU_CANONICAL,つじぎり,FROZEN,NFKC完全一致でCFRU identityを対応
MOVE_KEY_AQUATAIL,371,371,MOVE_AQUATAIL,VEGA_CFRU_CANONICAL,アクアテール,FROZEN,NFKC完全一致でCFRU identityを対応
MOVE_KEY_SEEDBOMB,372,372,MOVE_SEEDBOMB,VEGA_CFRU_CANONICAL,タネばくだん,FROZEN,NFKC完全一致でCFRU identityを対応
MOVE_KEY_AIRSLASH,373,373,MOVE_AIRSLASH,VEGA_CFRU_CANONICAL,エアスラッシュ,FROZEN,NFKC完全一致でCFRU identityを対応
MOVE_KEY_XSCISSOR,374,374,MOVE_XSCISSOR,VEGA_CFRU_CANONICAL,シザークロス,FROZEN,NFKC完全一致でCFRU identityを対応
MOVE_KEY_BUGBUZZ,375,375,MOVE_BUGBUZZ,VEGA_CFRU_CANONICAL,むしのさざめき,FROZEN,NFKC完全一致でCFRU identityを対応
MOVE_KEY_DRAGONPULSE,376,376,MOVE_DRAGONPULSE,VEGA_CFRU_CANONICAL,りゅうのはどう,FROZEN,NFKC完全一致でCFRU identityを対応
MOVE_KEY_DRAGONRUSH,377,377,MOVE_DRAGONRUSH,VEGA_CFRU_CANONICAL,ドラゴンダイブ,FROZEN,NFKC完全一致でCFRU identityを対応
MOVE_KEY_POWERGEM,378,378,MOVE_POWERGEM,VEGA_CFRU_CANONICAL,パワージェム,FROZEN,NFKC完全一致でCFRU identityを対応
MOVE_KEY_DRAINPUNCH,379,379,MOVE_DRAINPUNCH,VEGA_CFRU_CANONICAL,ドレインパンチ,FROZEN,NFKC完全一致でCFRU identityを対応
MOVE_KEY_VACUUMWAVE,380,380,MOVE_VACUUMWAVE,VEGA_CFRU_CANONICAL,しんくうは,FROZEN,NFKC完全一致でCFRU identityを対応
MOVE_KEY_FOCUSBLAST,381,381,MOVE_FOCUSBLAST,VEGA_CFRU_CANONICAL,きあいだま,FROZEN,NFKC完全一致でCFRU identityを対応
MOVE_KEY_ENERGYBALL,382,382,MOVE_ENERGYBALL,VEGA_CFRU_CANONICAL,エナジーボール,FROZEN,NFKC完全一致でCFRU identityを対応
MOVE_KEY_BRAVEBIRD,383,383,MOVE_BRAVEBIRD,VEGA_CFRU_CANONICAL,ブレイブバード,FROZEN,NFKC完全一致でCFRU identityを対応
MOVE_KEY_EARTHPOWER,384,384,MOVE_EARTHPOWER,VEGA_CFRU_CANONICAL,だいちのちから,FROZEN,NFKC完全一致でCFRU identityを対応
MOVE_KEY_SWITCHEROO,385,385,MOVE_SWITCHEROO,VEGA_CFRU_CANONICAL,すりかえ,FROZEN,NFKC完全一致でCFRU identityを対応
MOVE_KEY_GIGAIMPACT,386,386,MOVE_GIGAIMPACT,VEGA_CFRU_CANONICAL,ギガインパクト,FROZEN,NFKC完全一致でCFRU identityを対応
MOVE_KEY_NASTYPLOT,387,387,MOVE_NASTYPLOT,VEGA_CFRU_CANONICAL,わるだくみ,FROZEN,NFKC完全一致でCFRU identityを対応
MOVE_KEY_BULLETPUNCH,388,388,MOVE_BULLETPUNCH,VEGA_CFRU_CANONICAL,バレットパンチ,FROZEN,NFKC完全一致でCFRU identityを対応
MOVE_KEY_AVALANCHE,389,389,MOVE_AVALANCHE,VEGA_CFRU_CANONICAL,ゆきなだれ,FROZEN,NFKC完全一致でCFRU identityを対応
MOVE_KEY_ICESHARD,390,390,MOVE_ICESHARD,VEGA_CFRU_CANONICAL,こおりのつぶて,FROZEN,NFKC完全一致でCFRU identityを対応
MOVE_KEY_SHADOWCLAW,391,391,MOVE_SHADOWCLAW,VEGA_CFRU_CANONICAL,シャドークロー,FROZEN,NFKC完全一致でCFRU identityを対応
MOVE_KEY_SHADOWSNEAK,392,392,MOVE_SHADOWSNEAK,VEGA_CFRU_CANONICAL,かげうち,FROZEN,NFKC完全一致でCFRU identityを対応
MOVE_KEY_MUDBOMB,393,393,MOVE_MUDBOMB,VEGA_CFRU_CANONICAL,どろばくだん,FROZEN,NFKC完全一致でCFRU identityを対応
MOVE_KEY_PSYCHOCUT,394,394,MOVE_PSYCHOCUT,VEGA_CFRU_CANONICAL,サイコカッター,FROZEN,NFKC完全一致でCFRU identityを対応
MOVE_KEY_ZENHEADBUTT,395,395,MOVE_ZENHEADBUTT,VEGA_CFRU_CANONICAL,しねんのずつき,FROZEN,NFKC完全一致でCFRU identityを対応
MOVE_KEY_MIRRORSHOT,396,396,MOVE_MIRRORSHOT,VEGA_CFRU_CANONICAL,ミラーショット,FROZEN,NFKC完全一致でCFRU identityを対応
MOVE_KEY_FLASHCANNON,397,397,MOVE_FLASHCANNON,VEGA_CFRU_CANONICAL,ラスターカノン,FROZEN,NFKC完全一致でCFRU identityを対応
MOVE_KEY_ROCKCLIMB,398,398,MOVE_ROCKCLIMB,VEGA_CFRU_CANONICAL,ロッククライム,FROZEN,NFKC完全一致でCFRU identityを対応
MOVE_KEY_DRACOMETEOR,399,399,MOVE_DRACOMETEOR,VEGA_CFRU_CANONICAL,りゅうせいぐん,FROZEN,NFKC完全一致でCFRU identityを対応
MOVE_KEY_DISCHARGE,400,400,MOVE_DISCHARGE,VEGA_CFRU_CANONICAL,ほうでん,FROZEN,NFKC完全一致でCFRU identityを対応
MOVE_KEY_LEAFSTORM,401,401,MOVE_LEAFSTORM,VEGA_CFRU_CANONICAL,リーフストーム,FROZEN,NFKC完全一致でCFRU identityを対応
MOVE_KEY_POWERWHIP,402,402,MOVE_POWERWHIP,VEGA_CFRU_CANONICAL,パワーウィップ,FROZEN,NFKC完全一致でCFRU identityを対応
MOVE_KEY_ROCKWRECKER,403,403,MOVE_ROCKWRECKER,VEGA_CFRU_CANONICAL,がんせきほう,FROZEN,NFKC完全一致でCFRU identityを対応
MOVE_KEY_GUNKSHOT,404,404,MOVE_GUNKSHOT,VEGA_CFRU_CANONICAL,ダストシュート,FROZEN,NFKC完全一致でCFRU identityを対応
MOVE_KEY_IRONHEAD,405,405,MOVE_IRONHEAD,VEGA_CFRU_CANONICAL,アイアンヘッド,FROZEN,NFKC完全一致でCFRU identityを対応
MOVE_KEY_MAGNETBOMB,406,406,MOVE_MAGNETBOMB,VEGA_CFRU_CANONICAL,マグネットボム,FROZEN,NFKC完全一致でCFRU identityを対応
MOVE_KEY_STONEEDGE,407,407,MOVE_STONEEDGE,VEGA_CFRU_CANONICAL,ストーンエッジ,FROZEN,NFKC完全一致でCFRU identityを対応
MOVE_KEY_GRASSKNOT,408,408,MOVE_GRASSKNOT,VEGA_CFRU_CANONICAL,くさむすび,FROZEN,NFKC完全一致でCFRU identityを対応
MOVE_KEY_CHARGEBEAM,409,409,MOVE_CHARGEBEAM,VEGA_CFRU_CANONICAL,チャージビーム,FROZEN,NFKC完全一致でCFRU identityを対応
MOVE_KEY_WOODHAMMER,410,410,MOVE_WOODHAMMER,VEGA_CFRU_CANONICAL,ウッドハンマー,FROZEN,NFKC完全一致でCFRU identityを対応
MOVE_KEY_AQUAJET,411,411,MOVE_AQUAJET,VEGA_CFRU_CANONICAL,アクアジェット,FROZEN,NFKC完全一致でCFRU identityを対応
MOVE_KEY_ATTACKORDER,412,412,MOVE_ATTACKORDER,VEGA_CFRU_CANONICAL,こうげきしれい,FROZEN,NFKC完全一致でCFRU identityを対応
MOVE_KEY_DEFENDORDER,413,413,MOVE_DEFENDORDER,VEGA_CFRU_CANONICAL,ぼうぎょしれい,FROZEN,NFKC完全一致でCFRU identityを対応
MOVE_KEY_HEALORDER,414,414,MOVE_HEALORDER,VEGA_CFRU_CANONICAL,かいふくしれい,FROZEN,NFKC完全一致でCFRU identityを対応
MOVE_KEY_DOUBLEHIT,415,415,MOVE_DOUBLEHIT,VEGA_CFRU_CANONICAL,ダブルアタック,FROZEN,NFKC完全一致でCFRU identityを対応
MOVE_KEY_ROAROFTIME,416,416,MOVE_ROAROFTIME,VEGA_CFRU_CANONICAL,ときのほうこう,FROZEN,NFKC完全一致でCFRU identityを対応
MOVE_KEY_SPACIALREND,417,417,MOVE_SPACIALREND,VEGA_CFRU_CANONICAL,あくうせつだん,FROZEN,NFKC完全一致でCFRU identityを対応
MOVE_KEY_VEGA_418,418,418,,VEGA_EXCLUSIVE_V3,マグマアクセル,FROZEN,V3独自技をVega固定IDで保持
MOVE_KEY_DARKVOID,419,419,MOVE_DARKVOID,VEGA_CFRU_CANONICAL,ダークホール,FROZEN,NFKC完全一致でCFRU identityを対応
MOVE_KEY_OMINOUSWIND,420,420,MOVE_OMINOUSWIND,VEGA_CFRU_CANONICAL,あやしいかぜ,FROZEN,NFKC完全一致でCFRU identityを対応
MOVE_KEY_CROSSPOISON,421,421,MOVE_CROSSPOISON,VEGA_CFRU_CANONICAL,クロスポイズン,FROZEN,NFKC完全一致でCFRU identityを対応
MOVE_KEY_THUNDERFANG,422,422,MOVE_THUNDERFANG,VEGA_CFRU_CANONICAL,かみなりのキバ,FROZEN,NFKC完全一致でCFRU identityを対応
MOVE_KEY_ICEFANG,423,423,MOVE_ICEFANG,VEGA_CFRU_CANONICAL,こおりのキバ,FROZEN,NFKC完全一致でCFRU identityを対応
MOVE_KEY_FIREFANG,424,424,MOVE_FIREFANG,VEGA_CFRU_CANONICAL,ほのおのキバ,FROZEN,NFKC完全一致でCFRU identityを対応
MOVE_KEY_VEGA_425,425,425,,VEGA_EXCLUSIVE_V3,げきとつ,FROZEN,V3独自技をVega固定IDで保持
MOVE_KEY_VEGA_426,426,426,,VEGA_EXCLUSIVE_V3,スピンテール,FROZEN,V3独自技をVega固定IDで保持
MOVE_KEY_VEGA_427,427,427,,VEGA_EXCLUSIVE_V3,ダブルスピン,FROZEN,V3独自技をVega固定IDで保持
MOVE_KEY_VEGA_428,428,428,,VEGA_EXCLUSIVE_V3,おんち,FROZEN,V3独自技をVega固定IDで保持
MOVE_KEY_VEGA_429,429,429,,VEGA_EXCLUSIVE_V3,めまわし,FROZEN,V3独自技をVega固定IDで保持
MOVE_KEY_VEGA_430,430,430,,VEGA_EXCLUSIVE_V3,おおあくび,FROZEN,V3独自技をVega固定IDで保持
MOVE_KEY_VEGA_431,431,431,,VEGA_EXCLUSIVE_V3,いかりのほのお,FROZEN,V3独自技をVega固定IDで保持
MOVE_KEY_VEGA_432,432,432,,VEGA_EXCLUSIVE_V3,マグマでかこむ,FROZEN,V3独自技をVega固定IDで保持
MOVE_KEY_VEGA_433,433,433,,VEGA_EXCLUSIVE_V3,スプラッシュ,FROZEN,V3独自技をVega固定IDで保持
MOVE_KEY_VEGA_434,434,434,,VEGA_EXCLUSIVE_V3,だいこうずい,FROZEN,V3独自技をVega固定IDで保持
MOVE_KEY_VEGA_435,435,435,,VEGA_EXCLUSIVE_V3,アクアボルト,FROZEN,V3独自技をVega固定IDで保持
MOVE_KEY_VEGA_436,436,436,,VEGA_EXCLUSIVE_V3,ギガスパーク,FROZEN,V3独自技をVega固定IDで保持
MOVE_KEY_VEGA_437,437,437,,VEGA_EXCLUSIVE_V3,ピッカリだま,FROZEN,V3独自技をVega固定IDで保持
MOVE_KEY_VEGA_438,438,438,,VEGA_EXCLUSIVE_V3,メガショック,FROZEN,V3独自技をVega固定IDで保持
MOVE_KEY_VEGA_439,439,439,,VEGA_EXCLUSIVE_V3,マッハボルト,FROZEN,V3独自技をVega固定IDで保持
MOVE_KEY_VEGA_440,440,440,,VEGA_EXCLUSIVE_V3,たいでん,FROZEN,V3独自技をVega固定IDで保持
MOVE_KEY_VEGA_441,441,441,,VEGA_EXCLUSIVE_V3,おいしげる,FROZEN,V3独自技をVega固定IDで保持
MOVE_KEY_VEGA_442,442,442,,VEGA_EXCLUSIVE_V3,リーフガード,FROZEN,V3独自技をVega固定IDで保持
MOVE_KEY_VEGA_443,443,443,,VEGA_EXCLUSIVE_V3,ポイズンリーフ,FROZEN,V3独自技をVega固定IDで保持
MOVE_KEY_VEGA_444,444,444,,VEGA_EXCLUSIVE_V3,だいせいちょう,FROZEN,V3独自技をVega固定IDで保持
MOVE_KEY_VEGA_445,445,445,,VEGA_EXCLUSIVE_V3,げんわくごな,FROZEN,V3独自技をVega固定IDで保持
MOVE_KEY_VEGA_446,446,446,,VEGA_EXCLUSIVE_V3,スターフリーズ,FROZEN,V3独自技をVega固定IDで保持
MOVE_KEY_VEGA_447,447,447,,VEGA_EXCLUSIVE_V3,つららパンチ,FROZEN,V3独自技をVega固定IDで保持
MOVE_KEY_VEGA_448,448,448,,VEGA_EXCLUSIVE_V3,アイスバーン,FROZEN,V3独自技をVega固定IDで保持
MOVE_KEY_VEGA_449,449,449,,VEGA_EXCLUSIVE_V3,こおりのキッス,FROZEN,V3独自技をVega固定IDで保持
MOVE_KEY_VEGA_450,450,450,,VEGA_EXCLUSIVE_V3,マグナムパンチ,FROZEN,V3独自技をVega固定IDで保持
MOVE_KEY_VEGA_451,451,451,,VEGA_EXCLUSIVE_V3,ダブルショット,FROZEN,V3独自技をVega固定IDで保持
MOVE_KEY_VEGA_452,452,452,,VEGA_EXCLUSIVE_V3,きけんなどくそ,FROZEN,V3独自技をVega固定IDで保持
MOVE_KEY_VEGA_453,453,453,,VEGA_EXCLUSIVE_V3,どくえんまく,FROZEN,V3独自技をVega固定IDで保持
MOVE_KEY_VEGA_454,454,454,,VEGA_EXCLUSIVE_V3,もぐる,FROZEN,V3独自技をVega固定IDで保持
MOVE_KEY_VEGA_455,455,455,,VEGA_EXCLUSIVE_V3,サンドソニック,FROZEN,V3独自技をVega固定IDで保持
MOVE_KEY_VEGA_456,456,456,,VEGA_EXCLUSIVE_V3,すなかぜ,FROZEN,V3独自技をVega固定IDで保持
MOVE_KEY_VEGA_457,457,457,,VEGA_EXCLUSIVE_V3,かっくう,FROZEN,V3独自技をVega固定IDで保持
MOVE_KEY_VEGA_458,458,458,,VEGA_EXCLUSIVE_V3,ハリケーン,FROZEN,V3独自技をVega固定IDで保持
MOVE_KEY_VEGA_459,459,459,,VEGA_EXCLUSIVE_V3,サイコバレット,FROZEN,V3独自技をVega固定IDで保持
MOVE_KEY_VEGA_460,460,460,,VEGA_EXCLUSIVE_V3,サイコパンチ,FROZEN,V3独自技をVega固定IDで保持
MOVE_KEY_VEGA_461,461,461,,VEGA_EXCLUSIVE_V3,サイコバーン,FROZEN,V3独自技をVega固定IDで保持
MOVE_KEY_VEGA_462,462,462,,VEGA_EXCLUSIVE_V3,めざめぬパワー,FROZEN,V3独自技をVega固定IDで保持
MOVE_KEY_VEGA_463,463,463,,VEGA_EXCLUSIVE_V3,さいみんはどう,FROZEN,V3独自技をVega固定IDで保持
MOVE_KEY_VEGA_464,464,464,,VEGA_EXCLUSIVE_V3,じゅうりょくは,FROZEN,V3独自技をVega固定IDで保持
MOVE_KEY_VEGA_465,465,465,,VEGA_EXCLUSIVE_V3,バグノイズ,FROZEN,V3独自技をVega固定IDで保持
MOVE_KEY_VEGA_466,466,466,,VEGA_EXCLUSIVE_V3,かくらんひこう,FROZEN,V3独自技をVega固定IDで保持
MOVE_KEY_VEGA_467,467,467,,VEGA_EXCLUSIVE_V3,いわころがり,FROZEN,V3独自技をVega固定IDで保持
MOVE_KEY_VEGA_468,468,468,,VEGA_EXCLUSIVE_V3,ダイヤブラスト,FROZEN,V3独自技をVega固定IDで保持
MOVE_KEY_VEGA_469,469,469,,VEGA_EXCLUSIVE_V3,げんしのいぶき,FROZEN,V3独自技をVega固定IDで保持
MOVE_KEY_SOUL_BITE,470,470,,VEGA_EXCLUSIVE_V3,ソウルバイト,FROZEN,V3独自技をVega固定IDで保持
MOVE_KEY_VEGA_471,471,471,,VEGA_EXCLUSIVE_V3,たたり,FROZEN,V3独自技をVega固定IDで保持
MOVE_KEY_VEGA_472,472,472,,VEGA_EXCLUSIVE_V3,ライフダウン,FROZEN,V3独自技をVega固定IDで保持
MOVE_KEY_VEGA_473,473,473,,VEGA_EXCLUSIVE_V3,ドラゴンビート,FROZEN,V3独自技をVega固定IDで保持
MOVE_KEY_VEGA_474,474,474,,VEGA_EXCLUSIVE_V3,ふくしゅう,FROZEN,V3独自技をVega固定IDで保持
MOVE_KEY_VEGA_475,475,475,,VEGA_EXCLUSIVE_V3,ダークリゾルブ,FROZEN,V3独自技をVega固定IDで保持
MOVE_KEY_VEGA_476,476,476,,VEGA_EXCLUSIVE_V3,ダークカッター,FROZEN,V3独自技をVega固定IDで保持
MOVE_KEY_VEGA_477,477,477,,VEGA_EXCLUSIVE_V3,ダークロアー,FROZEN,V3独自技をVega固定IDで保持
MOVE_KEY_VEGA_478,478,478,,VEGA_EXCLUSIVE_V3,ダークハンド,FROZEN,V3独自技をVega固定IDで保持
MOVE_KEY_VEGA_479,479,479,,VEGA_EXCLUSIVE_V3,おいつめる,FROZEN,V3独自技をVega固定IDで保持
MOVE_KEY_VEGA_480,480,480,,VEGA_EXCLUSIVE_V3,メタルニッパー,FROZEN,V3独自技をVega固定IDで保持
MOVE_KEY_VEGA_481,481,481,,VEGA_EXCLUSIVE_V3,ジオインパクト,FROZEN,V3独自技をVega固定IDで保持
MOVE_KEY_VEGA_482,482,482,,VEGA_EXCLUSIVE_V3,じりょくせん,FROZEN,V3独自技をVega固定IDで保持
MOVE_KEY_ROOST,483,483,MOVE_ROOST,VEGA_CFRU_CANONICAL,はねやすめ,FROZEN,NFKC完全一致でCFRU identityを対応
MOVE_KEY_DEFOG,484,484,MOVE_DEFOG,VEGA_CFRU_CANONICAL,きりばらい,FROZEN,NFKC完全一致でCFRU identityを対応
MOVE_KEY_LAVAPLUME,485,485,MOVE_LAVAPLUME,VEGA_CFRU_CANONICAL,ふんえん,FROZEN,NFKC完全一致でCFRU identityを対応
MOVE_KEY_VEGA_486,486,486,,VEGA_EXCLUSIVE_V3,しゃくねつほう,FROZEN,V3独自技をVega固定IDで保持
MOVE_KEY_VEGA_487,487,487,,VEGA_EXCLUSIVE_V3,しゅうげき,FROZEN,V3独自技をVega固定IDで保持
MOVE_KEY_ACIDSPRAY,488,488,MOVE_ACIDSPRAY,VEGA_CFRU_CANONICAL,アシッドボム,FROZEN,NFKC完全一致でCFRU identityを対応
MOVE_KEY_ELECTROWEB,489,489,MOVE_ELECTROWEB,VEGA_CFRU_CANONICAL,エレキネット,FROZEN,NFKC完全一致でCFRU identityを対応
MOVE_KEY_SHELLSMASH,490,490,MOVE_SHELLSMASH,VEGA_CFRU_CANONICAL,からをやぶる,FROZEN,NFKC完全一致でCFRU identityを対応
MOVE_KEY_GEARGRIND,491,491,MOVE_GEARGRIND,VEGA_CFRU_CANONICAL,ギアソーサー,FROZEN,NFKC完全一致でCFRU identityを対応
MOVE_KEY_SHIFTGEAR,492,492,MOVE_SHIFTGEAR,VEGA_CFRU_CANONICAL,ギアチェンジ,FROZEN,NFKC完全一致でCFRU identityを対応
MOVE_KEY_LEAFTORNADO,493,493,MOVE_LEAFTORNADO,VEGA_CFRU_CANONICAL,グラスミキサー,FROZEN,NFKC完全一致でCFRU identityを対応
MOVE_KEY_RAZORSHELL,494,494,MOVE_RAZORSHELL,VEGA_CFRU_CANONICAL,シェルブレード,FROZEN,NFKC完全一致でCFRU identityを対応
MOVE_KEY_BULLDOZE,495,495,MOVE_BULLDOZE,VEGA_CFRU_CANONICAL,じならし,FROZEN,NFKC完全一致でCFRU identityを対応
MOVE_KEY_DUALCHOP,496,496,MOVE_DUALCHOP,VEGA_CFRU_CANONICAL,ダブルチョップ,FROZEN,NFKC完全一致でCFRU identityを対応
MOVE_KEY_QUIVERDANCE,497,497,MOVE_QUIVERDANCE,VEGA_CFRU_CANONICAL,ちょうのまい,FROZEN,NFKC完全一致でCFRU identityを対応
MOVE_KEY_HONECLAWS,498,498,MOVE_HONECLAWS,VEGA_CFRU_CANONICAL,つめとぎ,FROZEN,NFKC完全一致でCFRU identityを対応
MOVE_KEY_ICICLECRASH,499,499,MOVE_ICICLECRASH,VEGA_CFRU_CANONICAL,つららおとし,FROZEN,NFKC完全一致でCFRU identityを対応
MOVE_KEY_COIL,500,500,MOVE_COIL,VEGA_CFRU_CANONICAL,とぐろをまく,FROZEN,NFKC完全一致でCFRU identityを対応
MOVE_KEY_DRILLRUN,501,501,MOVE_DRILLRUN,VEGA_CFRU_CANONICAL,ドリルライナー,FROZEN,NFKC完全一致でCFRU identityを対応
MOVE_KEY_HEARTSTAMP,502,502,MOVE_HEARTSTAMP,VEGA_CFRU_CANONICAL,ハートスタンプ,FROZEN,NFKC完全一致でCFRU identityを対応
MOVE_KEY_STEAMROLLER,503,503,MOVE_STEAMROLLER,VEGA_CFRU_CANONICAL,ハードローラー,FROZEN,NFKC完全一致でCFRU identityを対応
MOVE_KEY_WORKUP,504,504,MOVE_WORKUP,VEGA_CFRU_CANONICAL,ふるいたてる,FROZEN,NFKC完全一致でCFRU identityを対応
MOVE_KEY_SLUDGEWAVE,505,505,MOVE_SLUDGEWAVE,VEGA_CFRU_CANONICAL,ヘドロウェーブ,FROZEN,NFKC完全一致でCFRU identityを対応
MOVE_KEY_STRUGGLEBUG,506,506,MOVE_STRUGGLEBUG,VEGA_CFRU_CANONICAL,むしのていこう,FROZEN,NFKC完全一致でCFRU identityを対応
MOVE_KEY_INFERNO,507,507,MOVE_INFERNO,VEGA_CFRU_CANONICAL,れんごく,FROZEN,NFKC完全一致でCFRU identityを対応
MOVE_KEY_WILDCHARGE,508,508,MOVE_WILDCHARGE,VEGA_CFRU_CANONICAL,ワイルドボルト,FROZEN,NFKC完全一致でCFRU identityを対応
MOVE_KEY_DARK_SNIPE,509,509,,VEGA_EXCLUSIVE_V3,ダークスナイプ,FROZEN,V3独自技をVega固定IDで保持
MOVE_KEY_SCALD,510,510,MOVE_SCALD,VEGA_CFRU_CANONICAL,ねっとう,FROZEN,NFKC完全一致でCFRU identityを対応
MOVE_KEY_VEGA_511,511,511,,VEGA_COMPAT_DUPLICATE,はたく,FROZEN,同名互換IDを別canonicalとして保持
MOVE_KEY_ARMTHRUST,512,,MOVE_ARMTHRUST,CFRU_APPEND,つっぱり,APPENDED,CFRU-JP技をappend-onlyで追加
MOVE_KEY_LEECHFANG,513,,MOVE_LEECHFANG,CFRU_APPEND,Leech Fang,APPENDED,CFRU-JP技をappend-onlyで追加
MOVE_KEY_HEADSMASH,514,,MOVE_HEADSMASH,CFRU_APPEND,もろはのずつき,APPENDED,CFRU-JP技をappend-onlyで追加
MOVE_KEY_FLAMECHARGE,515,,MOVE_FLAMECHARGE,CFRU_APPEND,ニトロチャージ,APPENDED,CFRU-JP技をappend-onlyで追加
MOVE_KEY_FROSTBREATH,516,,MOVE_FROSTBREATH,CFRU_APPEND,こおりのいぶき,APPENDED,CFRU-JP技をappend-onlyで追加
MOVE_KEY_HORNLEECH,517,,MOVE_HORNLEECH,CFRU_APPEND,ウッドホーン,APPENDED,CFRU-JP技をappend-onlyで追加
MOVE_KEY_HURRICANE,518,,MOVE_HURRICANE,CFRU_APPEND,ぼうふう,APPENDED,CFRU-JP技をappend-onlyで追加
MOVE_KEY_LOWSWEEP,519,,MOVE_LOWSWEEP,CFRU_APPEND,ローキック,APPENDED,CFRU-JP技をappend-onlyで追加
MOVE_KEY_SNARL,520,,MOVE_SNARL,CFRU_APPEND,バークアウト,APPENDED,CFRU-JP技をappend-onlyで追加
MOVE_KEY_STORMTHROW,521,,MOVE_STORMTHROW,CFRU_APPEND,やまあらし,APPENDED,CFRU-JP技をappend-onlyで追加
MOVE_KEY_VENOSHOCK,522,,MOVE_VENOSHOCK,CFRU_APPEND,ベノムショック,APPENDED,CFRU-JP技をappend-onlyで追加
MOVE_KEY_FIERYDANCE,523,,MOVE_FIERYDANCE,CFRU_APPEND,ほのおのまい,APPENDED,CFRU-JP技をappend-onlyで追加
MOVE_KEY_CLEARSMOG,524,,MOVE_CLEARSMOG,CFRU_APPEND,クリアスモッグ,APPENDED,CFRU-JP技をappend-onlyで追加
MOVE_KEY_PAYBACK,525,,MOVE_PAYBACK,CFRU_APPEND,しっぺがえし,APPENDED,CFRU-JP技をappend-onlyで追加
MOVE_KEY_HEX,526,,MOVE_HEX,CFRU_APPEND,たたりめ,APPENDED,CFRU-JP技をappend-onlyで追加
MOVE_KEY_COTTONGUARD,527,,MOVE_COTTONGUARD,CFRU_APPEND,コットンガード,APPENDED,CFRU-JP技をappend-onlyで追加
MOVE_KEY_ACROBATICS,528,,MOVE_ACROBATICS,CFRU_APPEND,アクロバット,APPENDED,CFRU-JP技をappend-onlyで追加
MOVE_KEY_FLAMEBURST,529,,MOVE_FLAMEBURST,CFRU_APPEND,はじけるほのお,APPENDED,CFRU-JP技をappend-onlyで追加
MOVE_KEY_UTURN,530,,MOVE_UTURN,CFRU_APPEND,とんぼがえり,APPENDED,CFRU-JP技をappend-onlyで追加
MOVE_KEY_VOLTSWITCH,531,,MOVE_VOLTSWITCH,CFRU_APPEND,ボルトチェンジ,APPENDED,CFRU-JP技をappend-onlyで追加
MOVE_KEY_DRAGONTAIL,532,,MOVE_DRAGONTAIL,CFRU_APPEND,ドラゴンテール,APPENDED,CFRU-JP技をappend-onlyで追加
MOVE_KEY_CIRCLETHROW,533,,MOVE_CIRCLETHROW,CFRU_APPEND,ともえなげ,APPENDED,CFRU-JP技をappend-onlyで追加
MOVE_KEY_HEALPULSE,534,,MOVE_HEALPULSE,CFRU_APPEND,いやしのはどう,APPENDED,CFRU-JP技をappend-onlyで追加
MOVE_KEY_BUGBITE,535,,MOVE_BUGBITE,CFRU_APPEND,むしくい,APPENDED,CFRU-JP技をappend-onlyで追加
MOVE_KEY_PLUCK,536,,MOVE_PLUCK,CFRU_APPEND,ついばむ,APPENDED,CFRU-JP技をappend-onlyで追加
MOVE_KEY_RAGEPOWDER,537,,MOVE_RAGEPOWDER,CFRU_APPEND,いかりのこな,APPENDED,CFRU-JP技をappend-onlyで追加
MOVE_KEY_WAKEUPSLAP,538,,MOVE_WAKEUPSLAP,CFRU_APPEND,めざましビンタ,APPENDED,CFRU-JP技をappend-onlyで追加
MOVE_KEY_COPYCAT,539,,MOVE_COPYCAT,CFRU_APPEND,まねっこ,APPENDED,CFRU-JP技をappend-onlyで追加
MOVE_KEY_MIRACLEEYE,540,,MOVE_MIRACLEEYE,CFRU_APPEND,ミラクルアイ,APPENDED,CFRU-JP技をappend-onlyで追加
MOVE_KEY_SUCKERPUNCH,541,,MOVE_SUCKERPUNCH,CFRU_APPEND,ふいうち,APPENDED,CFRU-JP技をappend-onlyで追加
MOVE_KEY_BRINE,542,,MOVE_BRINE,CFRU_APPEND,しおみず,APPENDED,CFRU-JP技をappend-onlyで追加
MOVE_KEY_FAIRYWIND,543,,MOVE_FAIRYWIND,CFRU_APPEND,ようせいのかぜ,APPENDED,CFRU-JP技をappend-onlyで追加
MOVE_KEY_BABYDOLLEYES,544,,MOVE_BABYDOLLEYES,CFRU_APPEND,つぶらなひとみ,APPENDED,CFRU-JP技をappend-onlyで追加
MOVE_KEY_PLAYROUGH,545,,MOVE_PLAYROUGH,CFRU_APPEND,じゃれつく,APPENDED,CFRU-JP技をappend-onlyで追加
MOVE_KEY_MOONBLAST,546,,MOVE_MOONBLAST,CFRU_APPEND,ムーンフォース,APPENDED,CFRU-JP技をappend-onlyで追加
MOVE_KEY_DRAININGKISS,547,,MOVE_DRAININGKISS,CFRU_APPEND,ドレインキッス,APPENDED,CFRU-JP技をappend-onlyで追加
MOVE_KEY_DAZZLINGGLEAM,548,,MOVE_DAZZLINGGLEAM,CFRU_APPEND,マジカルシャイン,APPENDED,CFRU-JP技をappend-onlyで追加
MOVE_KEY_DISARMINGVOICE,549,,MOVE_DISARMINGVOICE,CFRU_APPEND,チャームボイス,APPENDED,CFRU-JP技をappend-onlyで追加
MOVE_KEY_STEALTHROCK,550,,MOVE_STEALTHROCK,CFRU_APPEND,ステルスロック,APPENDED,CFRU-JP技をappend-onlyで追加
MOVE_KEY_TOXICSPIKES,551,,MOVE_TOXICSPIKES,CFRU_APPEND,どくびし,APPENDED,CFRU-JP技をappend-onlyで追加
MOVE_KEY_HEALINGWISH,552,,MOVE_HEALINGWISH,CFRU_APPEND,いやしのねがい,APPENDED,CFRU-JP技をappend-onlyで追加
MOVE_KEY_LUNARDANCE,553,,MOVE_LUNARDANCE,CFRU_APPEND,みかづきのまい,APPENDED,CFRU-JP技をappend-onlyで追加
MOVE_KEY_TAILWIND,554,,MOVE_TAILWIND,CFRU_APPEND,おいかぜ,APPENDED,CFRU-JP技をappend-onlyで追加
MOVE_KEY_BOOMBURST,555,,MOVE_BOOMBURST,CFRU_APPEND,ばくおんぱ,APPENDED,CFRU-JP技をappend-onlyで追加
MOVE_KEY_INCINERATE,556,,MOVE_INCINERATE,CFRU_APPEND,やきつくす,APPENDED,CFRU-JP技をappend-onlyで追加
MOVE_KEY_WORRYSEED,557,,MOVE_WORRYSEED,CFRU_APPEND,なやみのタネ,APPENDED,CFRU-JP技をappend-onlyで追加
MOVE_KEY_GASTROACID,558,,MOVE_GASTROACID,CFRU_APPEND,いえき,APPENDED,CFRU-JP技をappend-onlyで追加
MOVE_KEY_GEOMANCY,559,,MOVE_GEOMANCY,CFRU_APPEND,ジオコントロール,APPENDED,CFRU-JP技をappend-onlyで追加
MOVE_KEY_FLOWERSHIELD,560,,MOVE_FLOWERSHIELD,CFRU_APPEND,フラワーガード,APPENDED,CFRU-JP技をappend-onlyで追加
MOVE_KEY_ROTOTILLER,561,,MOVE_ROTOTILLER,CFRU_APPEND,たがやす,APPENDED,CFRU-JP技をappend-onlyで追加
MOVE_KEY_STICKYWEB,562,,MOVE_STICKYWEB,CFRU_APPEND,ねばねばネット,APPENDED,CFRU-JP技をappend-onlyで追加
MOVE_KEY_STOREDPOWER,563,,MOVE_STOREDPOWER,CFRU_APPEND,アシストパワー,APPENDED,CFRU-JP技をappend-onlyで追加
MOVE_KEY_ACUPRESSURE,564,,MOVE_ACUPRESSURE,CFRU_APPEND,つぼをつく,APPENDED,CFRU-JP技をappend-onlyで追加
MOVE_KEY_PUNISHMENT,565,,MOVE_PUNISHMENT,CFRU_APPEND,おしおき,APPENDED,CFRU-JP技をappend-onlyで追加
MOVE_KEY_ASSURANCE,566,,MOVE_ASSURANCE,CFRU_APPEND,ダメおし,APPENDED,CFRU-JP技をappend-onlyで追加
MOVE_KEY_FEINT,567,,MOVE_FEINT,CFRU_APPEND,フェイント,APPENDED,CFRU-JP技をappend-onlyで追加
MOVE_KEY_PHANTOMFORCE,568,,MOVE_PHANTOMFORCE,CFRU_APPEND,ゴーストダイブ,APPENDED,CFRU-JP技をappend-onlyで追加
MOVE_KEY_PETALBLIZZARD,569,,MOVE_PETALBLIZZARD,CFRU_APPEND,はなふぶき,APPENDED,CFRU-JP技をappend-onlyで追加
MOVE_KEY_PLAYNICE,570,,MOVE_PLAYNICE,CFRU_APPEND,なかよくする,APPENDED,CFRU-JP技をappend-onlyで追加
MOVE_KEY_MAGMASTORM,571,,MOVE_MAGMASTORM,CFRU_APPEND,マグマストーム,APPENDED,CFRU-JP技をappend-onlyで追加
MOVE_KEY_FINALGAMBIT,572,,MOVE_FINALGAMBIT,CFRU_APPEND,いのちがけ,APPENDED,CFRU-JP技をappend-onlyで追加
MOVE_KEY_SHADOWFORCE,573,,MOVE_SHADOWFORCE,CFRU_APPEND,シャドーダイブ,APPENDED,CFRU-JP技をappend-onlyで追加
MOVE_KEY_NUZZLE,574,,MOVE_NUZZLE,CFRU_APPEND,ほっぺすりすり,APPENDED,CFRU-JP技をappend-onlyで追加
MOVE_KEY_RETALIATE,575,,MOVE_RETALIATE,CFRU_APPEND,かたきうち,APPENDED,CFRU-JP技をappend-onlyで追加
MOVE_KEY_STEELYHIT,576,,MOVE_STEELYHIT,CFRU_APPEND,Metal Bash,APPENDED,CFRU-JP技をappend-onlyで追加
MOVE_KEY_JUDGMENT,577,,MOVE_JUDGMENT,CFRU_APPEND,さばきのつぶて,APPENDED,CFRU-JP技をappend-onlyで追加
MOVE_KEY_FREEZEDRY,578,,MOVE_FREEZEDRY,CFRU_APPEND,フリーズドライ,APPENDED,CFRU-JP技をappend-onlyで追加
MOVE_KEY_PSYSHOCK,579,,MOVE_PSYSHOCK,CFRU_APPEND,サイコショック,APPENDED,CFRU-JP技をappend-onlyで追加
MOVE_KEY_ROUND,580,,MOVE_ROUND,CFRU_APPEND,りんしょう,APPENDED,CFRU-JP技をappend-onlyで追加
MOVE_KEY_TAILSLAP,581,,MOVE_TAILSLAP,CFRU_APPEND,スイープビンタ,APPENDED,CFRU-JP技をappend-onlyで追加
MOVE_KEY_NATURALGIFT,582,,MOVE_NATURALGIFT,CFRU_APPEND,しぜんのめぐみ,APPENDED,CFRU-JP技をappend-onlyで追加
MOVE_KEY_CHIPAWAY,583,,MOVE_CHIPAWAY,CFRU_APPEND,なしくずし,APPENDED,CFRU-JP技をappend-onlyで追加
MOVE_KEY_SMACKDOWN,584,,MOVE_SMACKDOWN,CFRU_APPEND,うちおとす,APPENDED,CFRU-JP技をappend-onlyで追加
MOVE_KEY_HYPERSPACEHOLE,585,,MOVE_HYPERSPACEHOLE,CFRU_APPEND,いじげんホール,APPENDED,CFRU-JP技をappend-onlyで追加
MOVE_KEY_GYROBALL,586,,MOVE_GYROBALL,CFRU_APPEND,ジャイロボール,APPENDED,CFRU-JP技をappend-onlyで追加
MOVE_KEY_HYPERSPACEFURY,587,,MOVE_HYPERSPACEFURY,CFRU_APPEND,いじげんラッシュ,APPENDED,CFRU-JP技をappend-onlyで追加
MOVE_KEY_CAPTIVATE,588,,MOVE_CAPTIVATE,CFRU_APPEND,ゆうわく,APPENDED,CFRU-JP技をappend-onlyで追加
MOVE_KEY_ORIGINPULSE,589,,MOVE_ORIGINPULSE,CFRU_APPEND,こんげんのはどう,APPENDED,CFRU-JP技をappend-onlyで追加
MOVE_KEY_PRECIPICEBLADES,590,,MOVE_PRECIPICEBLADES,CFRU_APPEND,だんがいのつるぎ,APPENDED,CFRU-JP技をappend-onlyで追加
MOVE_KEY_GUARDSWAP,591,,MOVE_GUARDSWAP,CFRU_APPEND,ガードスワップ,APPENDED,CFRU-JP技をappend-onlyで追加
MOVE_KEY_STEAMERUPTION,592,,MOVE_STEAMERUPTION,CFRU_APPEND,スチームバースト,APPENDED,CFRU-JP技をappend-onlyで追加
MOVE_KEY_METALBURST,593,,MOVE_METALBURST,CFRU_APPEND,メタルバースト,APPENDED,CFRU-JP技をappend-onlyで追加
MOVE_KEY_MEFIRST,594,,MOVE_MEFIRST,CFRU_APPEND,さきどり,APPENDED,CFRU-JP技をappend-onlyで追加
MOVE_KEY_POWERSWAP,595,,MOVE_POWERSWAP,CFRU_APPEND,パワースワップ,APPENDED,CFRU-JP技をappend-onlyで追加
MOVE_KEY_POWERTRICK,596,,MOVE_POWERTRICK,CFRU_APPEND,パワートリック,APPENDED,CFRU-JP技をappend-onlyで追加
MOVE_KEY_PSYCHOSHIFT,597,,MOVE_PSYCHOSHIFT,CFRU_APPEND,サイコシフト,APPENDED,CFRU-JP技をappend-onlyで追加
MOVE_KEY_WRINGOUT,598,,MOVE_WRINGOUT,CFRU_APPEND,しぼりとる,APPENDED,CFRU-JP技をappend-onlyで追加
MOVE_KEY_KINGSSHIELD,599,,MOVE_KINGSSHIELD,CFRU_APPEND,キングシールド,APPENDED,CFRU-JP技をappend-onlyで追加
MOVE_KEY_PSYSTRIKE,600,,MOVE_PSYSTRIKE,CFRU_APPEND,サイコブレイク,APPENDED,CFRU-JP技をappend-onlyで追加
MOVE_KEY_AUTOTOMIZE,601,,MOVE_AUTOTOMIZE,CFRU_APPEND,ボディパージ,APPENDED,CFRU-JP技をappend-onlyで追加
MOVE_KEY_DIAMONDSTORM,602,,MOVE_DIAMONDSTORM,CFRU_APPEND,ダイヤストーム,APPENDED,CFRU-JP技をappend-onlyで追加
MOVE_KEY_HEAVYSLAM,603,,MOVE_HEAVYSLAM,CFRU_APPEND,ヘビーボンバー,APPENDED,CFRU-JP技をappend-onlyで追加
MOVE_KEY_SYNCHRONOISE,604,,MOVE_SYNCHRONOISE,CFRU_APPEND,シンクロノイズ,APPENDED,CFRU-JP技をappend-onlyで追加
MOVE_KEY_ELECTROBALL,605,,MOVE_ELECTROBALL,CFRU_APPEND,エレキボール,APPENDED,CFRU-JP技をappend-onlyで追加
MOVE_KEY_FOULPLAY,606,,MOVE_FOULPLAY,CFRU_APPEND,イカサマ,APPENDED,CFRU-JP技をappend-onlyで追加
MOVE_KEY_ENTRAINMENT,607,,MOVE_ENTRAINMENT,CFRU_APPEND,なかまづくり,APPENDED,CFRU-JP技をappend-onlyで追加
MOVE_KEY_NIGHTDAZE,608,,MOVE_NIGHTDAZE,CFRU_APPEND,ナイトバースト,APPENDED,CFRU-JP技をappend-onlyで追加
MOVE_KEY_ECHOEDVOICE,609,,MOVE_ECHOEDVOICE,CFRU_APPEND,エコーボイス,APPENDED,CFRU-JP技をappend-onlyで追加
MOVE_KEY_LANDSWRATH,610,,MOVE_LANDSWRATH,CFRU_APPEND,グランドフォース,APPENDED,CFRU-JP技をappend-onlyで追加
MOVE_KEY_OBLIVIONWING,611,,MOVE_OBLIVIONWING,CFRU_APPEND,デスウイング,APPENDED,CFRU-JP技をappend-onlyで追加
MOVE_KEY_HEARTSWAP,612,,MOVE_HEARTSWAP,CFRU_APPEND,ハートスワップ,APPENDED,CFRU-JP技をappend-onlyで追加
MOVE_KEY_CRUSHGRIP,613,,MOVE_CRUSHGRIP,CFRU_APPEND,にぎりつぶす,APPENDED,CFRU-JP技をappend-onlyで追加
MOVE_KEY_SACREDSWORD,614,,MOVE_SACREDSWORD,CFRU_APPEND,せいなるつるぎ,APPENDED,CFRU-JP技をappend-onlyで追加
MOVE_KEY_HEATCRASH,615,,MOVE_HEATCRASH,CFRU_APPEND,ヒートスタンプ,APPENDED,CFRU-JP技をappend-onlyで追加
MOVE_KEY_HEADCHARGE,616,,MOVE_HEADCHARGE,CFRU_APPEND,アフロブレイク,APPENDED,CFRU-JP技をappend-onlyで追加
MOVE_KEY_TECHNOBLAST,617,,MOVE_TECHNOBLAST,CFRU_APPEND,テクノバスター,APPENDED,CFRU-JP技をappend-onlyで追加
MOVE_KEY_RELICSONG,618,,MOVE_RELICSONG,CFRU_APPEND,いにしえのうた,APPENDED,CFRU-JP技をappend-onlyで追加
MOVE_KEY_SECRETSWORD,619,,MOVE_SECRETSWORD,CFRU_APPEND,しんぴのつるぎ,APPENDED,CFRU-JP技をappend-onlyで追加
MOVE_KEY_GLACIATE,620,,MOVE_GLACIATE,CFRU_APPEND,こごえるせかい,APPENDED,CFRU-JP技をappend-onlyで追加
MOVE_KEY_BOLTSTRIKE,621,,MOVE_BOLTSTRIKE,CFRU_APPEND,らいげき,APPENDED,CFRU-JP技をappend-onlyで追加
MOVE_KEY_BLUEFLARE,622,,MOVE_BLUEFLARE,CFRU_APPEND,あおいほのお,APPENDED,CFRU-JP技をappend-onlyで追加
MOVE_KEY_FREEZESHOCK,623,,MOVE_FREEZESHOCK,CFRU_APPEND,フリーズボルト,APPENDED,CFRU-JP技をappend-onlyで追加
MOVE_KEY_ICEBURN,624,,MOVE_ICEBURN,CFRU_APPEND,コールドフレア,APPENDED,CFRU-JP技をappend-onlyで追加
MOVE_KEY_VCREATE,625,,MOVE_VCREATE,CFRU_APPEND,Vジェネレート,APPENDED,CFRU-JP技をappend-onlyで追加
MOVE_KEY_FUSIONFLARE,626,,MOVE_FUSIONFLARE,CFRU_APPEND,クロスフレイム,APPENDED,CFRU-JP技をappend-onlyで追加
MOVE_KEY_FUSIONBOLT,627,,MOVE_FUSIONBOLT,CFRU_APPEND,クロスサンダー,APPENDED,CFRU-JP技をappend-onlyで追加
MOVE_KEY_FELLSTINGER,628,,MOVE_FELLSTINGER,CFRU_APPEND,とどめばり,APPENDED,CFRU-JP技をappend-onlyで追加
MOVE_KEY_NOBLEROAR,629,,MOVE_NOBLEROAR,CFRU_APPEND,おたけび,APPENDED,CFRU-JP技をappend-onlyで追加
MOVE_KEY_DRAGONASCENT,630,,MOVE_DRAGONASCENT,CFRU_APPEND,ガリョウテンセイ,APPENDED,CFRU-JP技をappend-onlyで追加
MOVE_KEY_PARTINGSHOT,631,,MOVE_PARTINGSHOT,CFRU_APPEND,すてゼリフ,APPENDED,CFRU-JP技をappend-onlyで追加
MOVE_KEY_TOPSYTURVY,632,,MOVE_TOPSYTURVY,CFRU_APPEND,ひっくりかえす,APPENDED,CFRU-JP技をappend-onlyで追加
MOVE_KEY_COREENFORCER,633,,MOVE_COREENFORCER,CFRU_APPEND,コアパニッシャー,APPENDED,CFRU-JP技をappend-onlyで追加
MOVE_KEY_CHATTER,634,,MOVE_CHATTER,CFRU_APPEND,おしゃべり,APPENDED,CFRU-JP技をappend-onlyで追加
MOVE_KEY_CONFIDE,635,,MOVE_CONFIDE,CFRU_APPEND,ないしょばなし,APPENDED,CFRU-JP技をappend-onlyで追加
MOVE_KEY_WATERSHURIKEN,636,,MOVE_WATERSHURIKEN,CFRU_APPEND,みずしゅりけん,APPENDED,CFRU-JP技をappend-onlyで追加
MOVE_KEY_MYSTICALFIRE,637,,MOVE_MYSTICALFIRE,CFRU_APPEND,マジカルフレイム,APPENDED,CFRU-JP技をappend-onlyで追加
MOVE_KEY_SPIKYSHIELD,638,,MOVE_SPIKYSHIELD,CFRU_APPEND,ニードルガード,APPENDED,CFRU-JP技をappend-onlyで追加
MOVE_KEY_EERIEIMPULSE,639,,MOVE_EERIEIMPULSE,CFRU_APPEND,かいでんぱ,APPENDED,CFRU-JP技をappend-onlyで追加
MOVE_KEY_HOLDBACK,640,,MOVE_HOLDBACK,CFRU_APPEND,てかげん,APPENDED,CFRU-JP技をappend-onlyで追加
MOVE_KEY_INFESTATION,641,,MOVE_INFESTATION,CFRU_APPEND,まとわりつく,APPENDED,CFRU-JP技をappend-onlyで追加
MOVE_KEY_POWERUPPUNCH,642,,MOVE_POWERUPPUNCH,CFRU_APPEND,グロウパンチ,APPENDED,CFRU-JP技をappend-onlyで追加
MOVE_KEY_THOUSANDARROWS,643,,MOVE_THOUSANDARROWS,CFRU_APPEND,サウザンアロー,APPENDED,CFRU-JP技をappend-onlyで追加
MOVE_KEY_THOUSANDWAVES,644,,MOVE_THOUSANDWAVES,CFRU_APPEND,サウザンウェーブ,APPENDED,CFRU-JP技をappend-onlyで追加
MOVE_KEY_PARABOLICCHARGE,645,,MOVE_PARABOLICCHARGE,CFRU_APPEND,パラボラチャージ,APPENDED,CFRU-JP技をappend-onlyで追加
MOVE_KEY_SEARINGSHOT,646,,MOVE_SEARINGSHOT,CFRU_APPEND,かえんだん,APPENDED,CFRU-JP技をappend-onlyで追加
MOVE_KEY_SEEDFLARE,647,,MOVE_SEEDFLARE,CFRU_APPEND,シードフレア,APPENDED,CFRU-JP技をappend-onlyで追加
MOVE_KEY_ACCELEROCK,648,,MOVE_ACCELEROCK,CFRU_APPEND,アクセルロック,APPENDED,CFRU-JP技をappend-onlyで追加
MOVE_KEY_ANCHORSHOT,649,,MOVE_ANCHORSHOT,CFRU_APPEND,アンカーショット,APPENDED,CFRU-JP技をappend-onlyで追加
MOVE_KEY_AURORAVEIL,650,,MOVE_AURORAVEIL,CFRU_APPEND,オーロラベール,APPENDED,CFRU-JP技をappend-onlyで追加
MOVE_KEY_BANEFULBUNKER,651,,MOVE_BANEFULBUNKER,CFRU_APPEND,トーチカ,APPENDED,CFRU-JP技をappend-onlyで追加
MOVE_KEY_BEAKBLAST,652,,MOVE_BEAKBLAST,CFRU_APPEND,くちばしキャノン,APPENDED,CFRU-JP技をappend-onlyで追加
MOVE_KEY_BRUTALSWING,653,,MOVE_BRUTALSWING,CFRU_APPEND,ぶんまわす,APPENDED,CFRU-JP技をappend-onlyで追加
MOVE_KEY_BURNUP,654,,MOVE_BURNUP,CFRU_APPEND,もえつきる,APPENDED,CFRU-JP技をappend-onlyで追加
MOVE_KEY_CLANGINGSCALES,655,,MOVE_CLANGINGSCALES,CFRU_APPEND,スケイルノイズ,APPENDED,CFRU-JP技をappend-onlyで追加
MOVE_KEY_DARKESTLARIAT,656,,MOVE_DARKESTLARIAT,CFRU_APPEND,DDラリアット,APPENDED,CFRU-JP技をappend-onlyで追加
MOVE_KEY_DRAGONHAMMER,657,,MOVE_DRAGONHAMMER,CFRU_APPEND,ドラゴンハンマー,APPENDED,CFRU-JP技をappend-onlyで追加
MOVE_KEY_FIRELASH,658,,MOVE_FIRELASH,CFRU_APPEND,ほのおのムチ,APPENDED,CFRU-JP技をappend-onlyで追加
MOVE_KEY_FIRSTIMPRESSION,659,,MOVE_FIRSTIMPRESSION,CFRU_APPEND,であいがしら,APPENDED,CFRU-JP技をappend-onlyで追加
MOVE_KEY_FLEURCANNON,660,,MOVE_FLEURCANNON,CFRU_APPEND,フルールカノン,APPENDED,CFRU-JP技をappend-onlyで追加
MOVE_KEY_FLORALHEALING,661,,MOVE_FLORALHEALING,CFRU_APPEND,フラワーヒール,APPENDED,CFRU-JP技をappend-onlyで追加
MOVE_KEY_GEARUP,662,,MOVE_GEARUP,CFRU_APPEND,アシストギア,APPENDED,CFRU-JP技をappend-onlyで追加
MOVE_KEY_HIGHHORSEPOWER,663,,MOVE_HIGHHORSEPOWER,CFRU_APPEND,10まんばりき,APPENDED,CFRU-JP技をappend-onlyで追加
MOVE_KEY_ICEHAMMER,664,,MOVE_ICEHAMMER,CFRU_APPEND,アイスハンマー,APPENDED,CFRU-JP技をappend-onlyで追加
MOVE_KEY_LASERFOCUS,665,,MOVE_LASERFOCUS,CFRU_APPEND,とぎすます,APPENDED,CFRU-JP技をappend-onlyで追加
MOVE_KEY_LEAFAGE,666,,MOVE_LEAFAGE,CFRU_APPEND,このは,APPENDED,CFRU-JP技をappend-onlyで追加
MOVE_KEY_LIQUIDATION,667,,MOVE_LIQUIDATION,CFRU_APPEND,アクアブレイク,APPENDED,CFRU-JP技をappend-onlyで追加
MOVE_KEY_LUNGE,668,,MOVE_LUNGE,CFRU_APPEND,とびかかる,APPENDED,CFRU-JP技をappend-onlyで追加
MOVE_KEY_MOONGEISTBEAM,669,,MOVE_MOONGEISTBEAM,CFRU_APPEND,シャドーレイ,APPENDED,CFRU-JP技をappend-onlyで追加
MOVE_KEY_MULTIATTACK,670,,MOVE_MULTIATTACK,CFRU_APPEND,マルチアタック,APPENDED,CFRU-JP技をappend-onlyで追加
MOVE_KEY_NATURESMADNESS,671,,MOVE_NATURESMADNESS,CFRU_APPEND,しぜんのいかり,APPENDED,CFRU-JP技をappend-onlyで追加
MOVE_KEY_POLLENPUFF,672,,MOVE_POLLENPUFF,CFRU_APPEND,かふんだんご,APPENDED,CFRU-JP技をappend-onlyで追加
MOVE_KEY_POWERTRIP,673,,MOVE_POWERTRIP,CFRU_APPEND,つけあがる,APPENDED,CFRU-JP技をappend-onlyで追加
MOVE_KEY_PRISMATICLASER,674,,MOVE_PRISMATICLASER,CFRU_APPEND,プリズムレーザー,APPENDED,CFRU-JP技をappend-onlyで追加
MOVE_KEY_PSYCHICFANGS,675,,MOVE_PSYCHICFANGS,CFRU_APPEND,サイコファング,APPENDED,CFRU-JP技をappend-onlyで追加
MOVE_KEY_PURIFY,676,,MOVE_PURIFY,CFRU_APPEND,じょうか,APPENDED,CFRU-JP技をappend-onlyで追加
MOVE_KEY_REVELATIONDANCE,677,,MOVE_REVELATIONDANCE,CFRU_APPEND,めざめるダンス,APPENDED,CFRU-JP技をappend-onlyで追加
MOVE_KEY_SHADOWBONE,678,,MOVE_SHADOWBONE,CFRU_APPEND,シャドーボーン,APPENDED,CFRU-JP技をappend-onlyで追加
MOVE_KEY_SHELLTRAP,679,,MOVE_SHELLTRAP,CFRU_APPEND,トラップシェル,APPENDED,CFRU-JP技をappend-onlyで追加
MOVE_KEY_SHOREUP,680,,MOVE_SHOREUP,CFRU_APPEND,すなあつめ,APPENDED,CFRU-JP技をappend-onlyで追加
MOVE_KEY_SMARTSTRIKE,681,,MOVE_SMARTSTRIKE,CFRU_APPEND,スマートホーン,APPENDED,CFRU-JP技をappend-onlyで追加
MOVE_KEY_SOLARBLADE,682,,MOVE_SOLARBLADE,CFRU_APPEND,ソーラーブレード,APPENDED,CFRU-JP技をappend-onlyで追加
MOVE_KEY_SPARKLINGARIA,683,,MOVE_SPARKLINGARIA,CFRU_APPEND,うたかたのアリア,APPENDED,CFRU-JP技をappend-onlyで追加
MOVE_KEY_SPECTRALTHIEF,684,,MOVE_SPECTRALTHIEF,CFRU_APPEND,シャドースチール,APPENDED,CFRU-JP技をappend-onlyで追加
MOVE_KEY_SPEEDSWAP,685,,MOVE_SPEEDSWAP,CFRU_APPEND,スピードスワップ,APPENDED,CFRU-JP技をappend-onlyで追加
MOVE_KEY_SPIRITSHACKLE,686,,MOVE_SPIRITSHACKLE,CFRU_APPEND,かげぬい,APPENDED,CFRU-JP技をappend-onlyで追加
MOVE_KEY_SPOTLIGHT,687,,MOVE_SPOTLIGHT,CFRU_APPEND,スポットライト,APPENDED,CFRU-JP技をappend-onlyで追加
MOVE_KEY_STOMPINGTANTRUM,688,,MOVE_STOMPINGTANTRUM,CFRU_APPEND,じだんだ,APPENDED,CFRU-JP技をappend-onlyで追加
MOVE_KEY_STRENGTHSAP,689,,MOVE_STRENGTHSAP,CFRU_APPEND,ちからをすいとる,APPENDED,CFRU-JP技をappend-onlyで追加
MOVE_KEY_SUNSTEELSTRIKE,690,,MOVE_SUNSTEELSTRIKE,CFRU_APPEND,メテオドライブ,APPENDED,CFRU-JP技をappend-onlyで追加
MOVE_KEY_TEARFULLOOK,691,,MOVE_TEARFULLOOK,CFRU_APPEND,なみだめ,APPENDED,CFRU-JP技をappend-onlyで追加
MOVE_KEY_THROATCHOP,692,,MOVE_THROATCHOP,CFRU_APPEND,じごくづき,APPENDED,CFRU-JP技をappend-onlyで追加
MOVE_KEY_TOXICTHREAD,693,,MOVE_TOXICTHREAD,CFRU_APPEND,どくのいと,APPENDED,CFRU-JP技をappend-onlyで追加
MOVE_KEY_TROPKICK,694,,MOVE_TROPKICK,CFRU_APPEND,トロピカルキック,APPENDED,CFRU-JP技をappend-onlyで追加
MOVE_KEY_ZINGZAP,695,,MOVE_ZINGZAP,CFRU_APPEND,びりびりちくちく,APPENDED,CFRU-JP技をappend-onlyで追加
MOVE_KEY_ELECTRICTERRAIN,696,,MOVE_ELECTRICTERRAIN,CFRU_APPEND,エレキフィールド,APPENDED,CFRU-JP技をappend-onlyで追加
MOVE_KEY_GRASSYTERRAIN,697,,MOVE_GRASSYTERRAIN,CFRU_APPEND,グラスフィールド,APPENDED,CFRU-JP技をappend-onlyで追加
MOVE_KEY_MISTYTERRAIN,698,,MOVE_MISTYTERRAIN,CFRU_APPEND,ミストフィールド,APPENDED,CFRU-JP技をappend-onlyで追加
MOVE_KEY_PSYCHICTERRAIN,699,,MOVE_PSYCHICTERRAIN,CFRU_APPEND,サイコフィールド,APPENDED,CFRU-JP技をappend-onlyで追加
MOVE_KEY_GRASSPLEDGE,700,,MOVE_GRASSPLEDGE,CFRU_APPEND,くさのちかい,APPENDED,CFRU-JP技をappend-onlyで追加
MOVE_KEY_FIREPLEDGE,701,,MOVE_FIREPLEDGE,CFRU_APPEND,ほのおのちかい,APPENDED,CFRU-JP技をappend-onlyで追加
MOVE_KEY_WATERPLEDGE,702,,MOVE_WATERPLEDGE,CFRU_APPEND,みずのちかい,APPENDED,CFRU-JP技をappend-onlyで追加
MOVE_KEY_TRICKROOM,703,,MOVE_TRICKROOM,CFRU_APPEND,トリックルーム,APPENDED,CFRU-JP技をappend-onlyで追加
MOVE_KEY_MAGICROOM,704,,MOVE_MAGICROOM,CFRU_APPEND,マジックルーム,APPENDED,CFRU-JP技をappend-onlyで追加
MOVE_KEY_WONDERROOM,705,,MOVE_WONDERROOM,CFRU_APPEND,ワンダールーム,APPENDED,CFRU-JP技をappend-onlyで追加
MOVE_KEY_CRAFTYSHIELD,706,,MOVE_CRAFTYSHIELD,CFRU_APPEND,トリックガード,APPENDED,CFRU-JP技をappend-onlyで追加
MOVE_KEY_MATBLOCK,707,,MOVE_MATBLOCK,CFRU_APPEND,たたみがえし,APPENDED,CFRU-JP技をappend-onlyで追加
MOVE_KEY_QUICKGUARD,708,,MOVE_QUICKGUARD,CFRU_APPEND,ファストガード,APPENDED,CFRU-JP技をappend-onlyで追加
MOVE_KEY_WIDEGUARD,709,,MOVE_WIDEGUARD,CFRU_APPEND,ワイドガード,APPENDED,CFRU-JP技をappend-onlyで追加
MOVE_KEY_AQUARING,710,,MOVE_AQUARING,CFRU_APPEND,アクアリング,APPENDED,CFRU-JP技をappend-onlyで追加
MOVE_KEY_AROMATICMIST,711,,MOVE_AROMATICMIST,CFRU_APPEND,アロマミスト,APPENDED,CFRU-JP技をappend-onlyで追加
MOVE_KEY_BELCH,712,,MOVE_BELCH,CFRU_APPEND,ゲップ,APPENDED,CFRU-JP技をappend-onlyで追加
MOVE_KEY_BESTOW,713,,MOVE_BESTOW,CFRU_APPEND,ギフトパス,APPENDED,CFRU-JP技をappend-onlyで追加
MOVE_KEY_FLING,714,,MOVE_FLING,CFRU_APPEND,なげつける,APPENDED,CFRU-JP技をappend-onlyで追加
MOVE_KEY_FLYINGPRESS,715,,MOVE_FLYINGPRESS,CFRU_APPEND,フライングプレス,APPENDED,CFRU-JP技をappend-onlyで追加
MOVE_KEY_GRAVITY,716,,MOVE_GRAVITY,CFRU_APPEND,じゅうりょく,APPENDED,CFRU-JP技をappend-onlyで追加
MOVE_KEY_GUARDSPLIT,717,,MOVE_GUARDSPLIT,CFRU_APPEND,ガードシェア,APPENDED,CFRU-JP技をappend-onlyで追加
MOVE_KEY_HEALBLOCK,718,,MOVE_HEALBLOCK,CFRU_APPEND,かいふくふうじ,APPENDED,CFRU-JP技をappend-onlyで追加
MOVE_KEY_IONDELUGE,719,,MOVE_IONDELUGE,CFRU_APPEND,プラズマシャワー,APPENDED,CFRU-JP技をappend-onlyで追加
MOVE_KEY_LUCKYCHANT,720,,MOVE_LUCKYCHANT,CFRU_APPEND,おまじない,APPENDED,CFRU-JP技をappend-onlyで追加
MOVE_KEY_MAGNETRISE,721,,MOVE_MAGNETRISE,CFRU_APPEND,でんじふゆう,APPENDED,CFRU-JP技をappend-onlyで追加
MOVE_KEY_MAGNETICFLUX,722,,MOVE_MAGNETICFLUX,CFRU_APPEND,じばそうさ,APPENDED,CFRU-JP技をappend-onlyで追加
MOVE_KEY_POWDER,723,,MOVE_POWDER,CFRU_APPEND,ふんじん,APPENDED,CFRU-JP技をappend-onlyで追加
MOVE_KEY_POWERSPLIT,724,,MOVE_POWERSPLIT,CFRU_APPEND,パワーシェア,APPENDED,CFRU-JP技をappend-onlyで追加
MOVE_KEY_REFLECTTYPE,725,,MOVE_REFLECTTYPE,CFRU_APPEND,ミラータイプ,APPENDED,CFRU-JP技をappend-onlyで追加
MOVE_KEY_SIMPLEBEAM,726,,MOVE_SIMPLEBEAM,CFRU_APPEND,シンプルビーム,APPENDED,CFRU-JP技をappend-onlyで追加
MOVE_KEY_SOAK,727,,MOVE_SOAK,CFRU_APPEND,みずびたし,APPENDED,CFRU-JP技をappend-onlyで追加
MOVE_KEY_TELEKINESIS,728,,MOVE_TELEKINESIS,CFRU_APPEND,テレキネシス,APPENDED,CFRU-JP技をappend-onlyで追加
MOVE_KEY_TRICKORTREAT,729,,MOVE_TRICKORTREAT,CFRU_APPEND,ハロウィン,APPENDED,CFRU-JP技をappend-onlyで追加
MOVE_KEY_VENOMDRENCH,730,,MOVE_VENOMDRENCH,CFRU_APPEND,ベノムトラップ,APPENDED,CFRU-JP技をappend-onlyで追加
MOVE_KEY_FORESTSCURSE,731,,MOVE_FORESTSCURSE,CFRU_APPEND,もりののろい,APPENDED,CFRU-JP技をappend-onlyで追加
MOVE_KEY_MINDBLOWN,732,,MOVE_MINDBLOWN,CFRU_APPEND,ビックリヘッド,APPENDED,CFRU-JP技をappend-onlyで追加
MOVE_KEY_PHOTONGEYSER,733,,MOVE_PHOTONGEYSER,CFRU_APPEND,フォトンゲイザー,APPENDED,CFRU-JP技をappend-onlyで追加
MOVE_KEY_PLASMAFISTS,734,,MOVE_PLASMAFISTS,CFRU_APPEND,プラズマフィスト,APPENDED,CFRU-JP技をappend-onlyで追加
MOVE_KEY_ELECTRIFY,735,,MOVE_ELECTRIFY,CFRU_APPEND,そうでん,APPENDED,CFRU-JP技をappend-onlyで追加
MOVE_KEY_EMBARGO,736,,MOVE_EMBARGO,CFRU_APPEND,さしおさえ,APPENDED,CFRU-JP技をappend-onlyで追加
MOVE_KEY_FAIRYLOCK,737,,MOVE_FAIRYLOCK,CFRU_APPEND,フェアリーロック,APPENDED,CFRU-JP技をappend-onlyで追加
MOVE_KEY_LIGHTOFRUIN,738,,MOVE_LIGHTOFRUIN,CFRU_APPEND,はめつのひかり,APPENDED,CFRU-JP技をappend-onlyで追加
MOVE_KEY_TRUMPCARD,739,,MOVE_TRUMPCARD,CFRU_APPEND,きりふだ,APPENDED,CFRU-JP技をappend-onlyで追加
MOVE_KEY_AFTERYOU,740,,MOVE_AFTERYOU,CFRU_APPEND,おさきにどうぞ,APPENDED,CFRU-JP技をappend-onlyで追加
MOVE_KEY_INSTRUCT,741,,MOVE_INSTRUCT,CFRU_APPEND,さいはい,APPENDED,CFRU-JP技をappend-onlyで追加
MOVE_KEY_QUASH,742,,MOVE_QUASH,CFRU_APPEND,さきおくり,APPENDED,CFRU-JP技をappend-onlyで追加
MOVE_KEY_HAPPYHOUR,743,,MOVE_HAPPYHOUR,CFRU_APPEND,ハッピータイム,APPENDED,CFRU-JP技をappend-onlyで追加
MOVE_KEY_DOUBLEIRONBASH,744,,MOVE_DOUBLEIRONBASH,CFRU_APPEND,ダブルパンツァー,APPENDED,CFRU-JP技をappend-onlyで追加
MOVE_KEY_LASTRESORT,745,,MOVE_LASTRESORT,CFRU_APPEND,とっておき,APPENDED,CFRU-JP技をappend-onlyで追加
MOVE_KEY_SKYDROP,746,,MOVE_SKYDROP,CFRU_APPEND,フリーフォール,APPENDED,CFRU-JP技をappend-onlyで追加
MOVE_KEY_CELEBRATE,747,,MOVE_CELEBRATE,CFRU_APPEND,おいわい,APPENDED,CFRU-JP技をappend-onlyで追加
MOVE_KEY_HOLDHANDS,748,,MOVE_HOLDHANDS,CFRU_APPEND,てをつなぐ,APPENDED,CFRU-JP技をappend-onlyで追加
MOVE_KEY_DYNAMAXCANNON,749,,MOVE_DYNAMAXCANNON,CFRU_APPEND,ダイマックスほう,APPENDED,CFRU-JP技をappend-onlyで追加
MOVE_KEY_SNIPESHOT,750,,MOVE_SNIPESHOT,CFRU_APPEND,ねらいうち,APPENDED,CFRU-JP技をappend-onlyで追加
MOVE_KEY_JAWLOCK,751,,MOVE_JAWLOCK,CFRU_APPEND,くらいつく,APPENDED,CFRU-JP技をappend-onlyで追加
MOVE_KEY_STUFFCHEEKS,752,,MOVE_STUFFCHEEKS,CFRU_APPEND,ほおばる,APPENDED,CFRU-JP技をappend-onlyで追加
MOVE_KEY_NORETREAT,753,,MOVE_NORETREAT,CFRU_APPEND,はいすいのじん,APPENDED,CFRU-JP技をappend-onlyで追加
MOVE_KEY_TARSHOT,754,,MOVE_TARSHOT,CFRU_APPEND,タールショット,APPENDED,CFRU-JP技をappend-onlyで追加
MOVE_KEY_MAGICPOWDER,755,,MOVE_MAGICPOWDER,CFRU_APPEND,まほうのこな,APPENDED,CFRU-JP技をappend-onlyで追加
MOVE_KEY_DRAGONDARTS,756,,MOVE_DRAGONDARTS,CFRU_APPEND,ドラゴンアロー,APPENDED,CFRU-JP技をappend-onlyで追加
MOVE_KEY_TEATIME,757,,MOVE_TEATIME,CFRU_APPEND,おちゃかい,APPENDED,CFRU-JP技をappend-onlyで追加
MOVE_KEY_OCTOLOCK,758,,MOVE_OCTOLOCK,CFRU_APPEND,たこがため,APPENDED,CFRU-JP技をappend-onlyで追加
MOVE_KEY_BOLTBEAK,759,,MOVE_BOLTBEAK,CFRU_APPEND,でんげきくちばし,APPENDED,CFRU-JP技をappend-onlyで追加
MOVE_KEY_FISHIOUSREND,760,,MOVE_FISHIOUSREND,CFRU_APPEND,エラがみ,APPENDED,CFRU-JP技をappend-onlyで追加
MOVE_KEY_COURTCHANGE,761,,MOVE_COURTCHANGE,CFRU_APPEND,コートチェンジ,APPENDED,CFRU-JP技をappend-onlyで追加
MOVE_KEY_CLANGOROUSSOUL,762,,MOVE_CLANGOROUSSOUL,CFRU_APPEND,ソウルビート,APPENDED,CFRU-JP技をappend-onlyで追加
MOVE_KEY_BODYPRESS,763,,MOVE_BODYPRESS,CFRU_APPEND,ボディプレス,APPENDED,CFRU-JP技をappend-onlyで追加
MOVE_KEY_DECORATE,764,,MOVE_DECORATE,CFRU_APPEND,デコレーション,APPENDED,CFRU-JP技をappend-onlyで追加
MOVE_KEY_DRUMBEATING,765,,MOVE_DRUMBEATING,CFRU_APPEND,ドラムアタック,APPENDED,CFRU-JP技をappend-onlyで追加
MOVE_KEY_SNAPTRAP,766,,MOVE_SNAPTRAP,CFRU_APPEND,トラバサミ,APPENDED,CFRU-JP技をappend-onlyで追加
MOVE_KEY_PYROBALL,767,,MOVE_PYROBALL,CFRU_APPEND,かえんボール,APPENDED,CFRU-JP技をappend-onlyで追加
MOVE_KEY_BEHEMOTHBLADE,768,,MOVE_BEHEMOTHBLADE,CFRU_APPEND,きょじゅうざん,APPENDED,CFRU-JP技をappend-onlyで追加
MOVE_KEY_BEHEMOTHBASH,769,,MOVE_BEHEMOTHBASH,CFRU_APPEND,きょじゅうだん,APPENDED,CFRU-JP技をappend-onlyで追加
MOVE_KEY_AURAWHEEL,770,,MOVE_AURAWHEEL,CFRU_APPEND,オーラぐるま,APPENDED,CFRU-JP技をappend-onlyで追加
MOVE_KEY_BREAKINGSWIPE,771,,MOVE_BREAKINGSWIPE,CFRU_APPEND,ワイドブレイカー,APPENDED,CFRU-JP技をappend-onlyで追加
MOVE_KEY_BRANCHPOKE,772,,MOVE_BRANCHPOKE,CFRU_APPEND,えだづき,APPENDED,CFRU-JP技をappend-onlyで追加
MOVE_KEY_OVERDRIVE,773,,MOVE_OVERDRIVE,CFRU_APPEND,オーバードライブ,APPENDED,CFRU-JP技をappend-onlyで追加
MOVE_KEY_APPLEACID,774,,MOVE_APPLEACID,CFRU_APPEND,りんごさん,APPENDED,CFRU-JP技をappend-onlyで追加
MOVE_KEY_GRAVAPPLE,775,,MOVE_GRAVAPPLE,CFRU_APPEND,Gのちから,APPENDED,CFRU-JP技をappend-onlyで追加
MOVE_KEY_SPIRITBREAK,776,,MOVE_SPIRITBREAK,CFRU_APPEND,ソウルクラッシュ,APPENDED,CFRU-JP技をappend-onlyで追加
MOVE_KEY_STRANGESTEAM,777,,MOVE_STRANGESTEAM,CFRU_APPEND,ワンダースチーム,APPENDED,CFRU-JP技をappend-onlyで追加
MOVE_KEY_LIFEDEW,778,,MOVE_LIFEDEW,CFRU_APPEND,いのちのしずく,APPENDED,CFRU-JP技をappend-onlyで追加
MOVE_KEY_OBSTRUCT,779,,MOVE_OBSTRUCT,CFRU_APPEND,ブロッキング,APPENDED,CFRU-JP技をappend-onlyで追加
MOVE_KEY_FALSESURRENDER,780,,MOVE_FALSESURRENDER,CFRU_APPEND,どげざつき,APPENDED,CFRU-JP技をappend-onlyで追加
MOVE_KEY_METEORASSAULT,781,,MOVE_METEORASSAULT,CFRU_APPEND,スターアサルト,APPENDED,CFRU-JP技をappend-onlyで追加
MOVE_KEY_ETERNABEAM,782,,MOVE_ETERNABEAM,CFRU_APPEND,ムゲンダイビーム,APPENDED,CFRU-JP技をappend-onlyで追加
MOVE_KEY_STEELBEAM,783,,MOVE_STEELBEAM,CFRU_APPEND,てっていこうせん,APPENDED,CFRU-JP技をappend-onlyで追加
MOVE_KEY_EXPANDINGFORCE,784,,MOVE_EXPANDINGFORCE,CFRU_APPEND,ワイドフォース,APPENDED,CFRU-JP技をappend-onlyで追加
MOVE_KEY_STEELROLLER,785,,MOVE_STEELROLLER,CFRU_APPEND,アイアンローラー,APPENDED,CFRU-JP技をappend-onlyで追加
MOVE_KEY_SCALESHOT,786,,MOVE_SCALESHOT,CFRU_APPEND,スケイルショット,APPENDED,CFRU-JP技をappend-onlyで追加
MOVE_KEY_METEORBEAM,787,,MOVE_METEORBEAM,CFRU_APPEND,メテオビーム,APPENDED,CFRU-JP技をappend-onlyで追加
MOVE_KEY_SHELLSIDEARM,788,,MOVE_SHELLSIDEARM,CFRU_APPEND,シェルアームズ,APPENDED,CFRU-JP技をappend-onlyで追加
MOVE_KEY_MISTYEXPLOSION,789,,MOVE_MISTYEXPLOSION,CFRU_APPEND,ミストバースト,APPENDED,CFRU-JP技をappend-onlyで追加
MOVE_KEY_GRASSYGLIDE,790,,MOVE_GRASSYGLIDE,CFRU_APPEND,グラススライダー,APPENDED,CFRU-JP技をappend-onlyで追加
MOVE_KEY_RISINGVOLTAGE,791,,MOVE_RISINGVOLTAGE,CFRU_APPEND,ライジングボルト,APPENDED,CFRU-JP技をappend-onlyで追加
MOVE_KEY_TERRAINPULSE,792,,MOVE_TERRAINPULSE,CFRU_APPEND,だいちのはどう,APPENDED,CFRU-JP技をappend-onlyで追加
MOVE_KEY_SKITTERSMACK,793,,MOVE_SKITTERSMACK,CFRU_APPEND,はいよるいちげき,APPENDED,CFRU-JP技をappend-onlyで追加
MOVE_KEY_BURNINGJEALOUSY,794,,MOVE_BURNINGJEALOUSY,CFRU_APPEND,しっとのほのお,APPENDED,CFRU-JP技をappend-onlyで追加
MOVE_KEY_LASHOUT,795,,MOVE_LASHOUT,CFRU_APPEND,うっぷんばらし,APPENDED,CFRU-JP技をappend-onlyで追加
MOVE_KEY_POLTERGEIST,796,,MOVE_POLTERGEIST,CFRU_APPEND,ポルターガイスト,APPENDED,CFRU-JP技をappend-onlyで追加
MOVE_KEY_CORROSIVEGAS,797,,MOVE_CORROSIVEGAS,CFRU_APPEND,ふしょくガス,APPENDED,CFRU-JP技をappend-onlyで追加
MOVE_KEY_COACHING,798,,MOVE_COACHING,CFRU_APPEND,コーチング,APPENDED,CFRU-JP技をappend-onlyで追加
MOVE_KEY_FLIPTURN,799,,MOVE_FLIPTURN,CFRU_APPEND,クイックターン,APPENDED,CFRU-JP技をappend-onlyで追加
MOVE_KEY_TRIPLEAXEL,800,,MOVE_TRIPLEAXEL,CFRU_APPEND,トリプルアクセル,APPENDED,CFRU-JP技をappend-onlyで追加
MOVE_KEY_DUALWINGBEAT,801,,MOVE_DUALWINGBEAT,CFRU_APPEND,ダブルウイング,APPENDED,CFRU-JP技をappend-onlyで追加
MOVE_KEY_SCORCHINGSANDS,802,,MOVE_SCORCHINGSANDS,CFRU_APPEND,ねっさのだいち,APPENDED,CFRU-JP技をappend-onlyで追加
MOVE_KEY_JUNGLEHEALING,803,,MOVE_JUNGLEHEALING,CFRU_APPEND,ジャングルヒール,APPENDED,CFRU-JP技をappend-onlyで追加
MOVE_KEY_WICKEDBLOW,804,,MOVE_WICKEDBLOW,CFRU_APPEND,あんこくきょうだ,APPENDED,CFRU-JP技をappend-onlyで追加
MOVE_KEY_SURGINGSTRIKES,805,,MOVE_SURGINGSTRIKES,CFRU_APPEND,すいりゅうれんだ,APPENDED,CFRU-JP技をappend-onlyで追加
MOVE_KEY_FREEZINGGLARE,806,,MOVE_FREEZINGGLARE,CFRU_APPEND,いてつくしせん,APPENDED,CFRU-JP技をappend-onlyで追加
MOVE_KEY_THUNDEROUSKICK,807,,MOVE_THUNDEROUSKICK,CFRU_APPEND,らいめいげり,APPENDED,CFRU-JP技をappend-onlyで追加
MOVE_KEY_FIERYWRATH,808,,MOVE_FIERYWRATH,CFRU_APPEND,もえあがるいかり,APPENDED,CFRU-JP技をappend-onlyで追加
MOVE_KEY_EERIESPELL,809,,MOVE_EERIESPELL,CFRU_APPEND,ぶきみなじゅもん,APPENDED,CFRU-JP技をappend-onlyで追加
MOVE_KEY_THUNDERCAGE,810,,MOVE_THUNDERCAGE,CFRU_APPEND,サンダープリズン,APPENDED,CFRU-JP技をappend-onlyで追加
MOVE_KEY_DRAGONENERGY,811,,MOVE_DRAGONENERGY,CFRU_APPEND,ドラゴンエナジー,APPENDED,CFRU-JP技をappend-onlyで追加
MOVE_KEY_ASTRALBARRAGE,812,,MOVE_ASTRALBARRAGE,CFRU_APPEND,アストラルビット,APPENDED,CFRU-JP技をappend-onlyで追加
MOVE_KEY_GLACIALLANCE,813,,MOVE_GLACIALLANCE,CFRU_APPEND,ブリザードランス,APPENDED,CFRU-JP技をappend-onlyで追加
MOVE_KEY_DIRECLAW,814,,MOVE_DIRECLAW,CFRU_APPEND,フェイタルクロー,APPENDED,CFRU-JP技をappend-onlyで追加
MOVE_KEY_PSYSHIELDBASH,815,,MOVE_PSYSHIELDBASH,CFRU_APPEND,バリアーラッシュ,APPENDED,CFRU-JP技をappend-onlyで追加
MOVE_KEY_POWERSHIFT,816,,MOVE_POWERSHIFT,CFRU_APPEND,パワーシフト,APPENDED,CFRU-JP技をappend-onlyで追加
MOVE_KEY_STONEAXE,817,,MOVE_STONEAXE,CFRU_APPEND,がんせきアックス,APPENDED,CFRU-JP技をappend-onlyで追加
MOVE_KEY_MYSTICALPOWER,818,,MOVE_MYSTICALPOWER,CFRU_APPEND,しんぴのちから,APPENDED,CFRU-JP技をappend-onlyで追加
MOVE_KEY_RAGINGFURY,819,,MOVE_RAGINGFURY,CFRU_APPEND,だいふんげき,APPENDED,CFRU-JP技をappend-onlyで追加
MOVE_KEY_WAVECRASH,820,,MOVE_WAVECRASH,CFRU_APPEND,ウェーブタックル,APPENDED,CFRU-JP技をappend-onlyで追加
MOVE_KEY_CHLOROBLAST,821,,MOVE_CHLOROBLAST,CFRU_APPEND,クロロブラスト,APPENDED,CFRU-JP技をappend-onlyで追加
MOVE_KEY_MOUNTAINGALE,822,,MOVE_MOUNTAINGALE,CFRU_APPEND,ひょうざんおろし,APPENDED,CFRU-JP技をappend-onlyで追加
MOVE_KEY_VICTORYDANCE,823,,MOVE_VICTORYDANCE,CFRU_APPEND,しょうりのまい,APPENDED,CFRU-JP技をappend-onlyで追加
MOVE_KEY_HEADLONGRUSH,824,,MOVE_HEADLONGRUSH,CFRU_APPEND,ぶちかまし,APPENDED,CFRU-JP技をappend-onlyで追加
MOVE_KEY_BARBBARRAGE,825,,MOVE_BARBBARRAGE,CFRU_APPEND,どくばりセンボン,APPENDED,CFRU-JP技をappend-onlyで追加
MOVE_KEY_ESPERWING,826,,MOVE_ESPERWING,CFRU_APPEND,オーラウイング,APPENDED,CFRU-JP技をappend-onlyで追加
MOVE_KEY_BITTERMALICE,827,,MOVE_BITTERMALICE,CFRU_APPEND,うらみつらみ,APPENDED,CFRU-JP技をappend-onlyで追加
MOVE_KEY_SHELTER,828,,MOVE_SHELTER,CFRU_APPEND,たてこもる,APPENDED,CFRU-JP技をappend-onlyで追加
MOVE_KEY_TRIPLEARROWS,829,,MOVE_TRIPLEARROWS,CFRU_APPEND,3ぼんのや,APPENDED,CFRU-JP技をappend-onlyで追加
MOVE_KEY_INFERNALPARADE,830,,MOVE_INFERNALPARADE,CFRU_APPEND,ひゃっきやこう,APPENDED,CFRU-JP技をappend-onlyで追加
MOVE_KEY_CEASELESSEDGE,831,,MOVE_CEASELESSEDGE,CFRU_APPEND,ひけん・ちえなみ,APPENDED,CFRU-JP技をappend-onlyで追加
MOVE_KEY_BLEAKWINDSTORM,832,,MOVE_BLEAKWINDSTORM,CFRU_APPEND,こがらしあらし,APPENDED,CFRU-JP技をappend-onlyで追加
MOVE_KEY_WILDBOLTSTORM,833,,MOVE_WILDBOLTSTORM,CFRU_APPEND,かみなりあらし,APPENDED,CFRU-JP技をappend-onlyで追加
MOVE_KEY_SANDSEARSTORM,834,,MOVE_SANDSEARSTORM,CFRU_APPEND,ねっさのあらし,APPENDED,CFRU-JP技をappend-onlyで追加
MOVE_KEY_SPRINGTIDESTORM,835,,MOVE_SPRINGTIDESTORM,CFRU_APPEND,はるのあらし,APPENDED,CFRU-JP技をappend-onlyで追加
MOVE_KEY_LUNARBLESSING,836,,MOVE_LUNARBLESSING,CFRU_APPEND,みかづきのいのり,APPENDED,CFRU-JP技をappend-onlyで追加
MOVE_KEY_TAKEHEART,837,,MOVE_TAKEHEART,CFRU_APPEND,ブレイブチャージ,APPENDED,CFRU-JP技をappend-onlyで追加
MOVE_KEY_BREAKNECK_BLITZ_P,838,,MOVE_BREAKNECK_BLITZ_P,CFRU_APPEND,ZーMove 1,APPENDED,CFRU-JP技をappend-onlyで追加
MOVE_KEY_BREAKNECK_BLITZ_S,839,,MOVE_BREAKNECK_BLITZ_S,CFRU_APPEND,ZーMove 2,APPENDED,CFRU-JP技をappend-onlyで追加
MOVE_KEY_ALL_OUT_PUMMELING_P,840,,MOVE_ALL_OUT_PUMMELING_P,CFRU_APPEND,ZーMove 3,APPENDED,CFRU-JP技をappend-onlyで追加
MOVE_KEY_ALL_OUT_PUMMELING_S,841,,MOVE_ALL_OUT_PUMMELING_S,CFRU_APPEND,ZーMove 4,APPENDED,CFRU-JP技をappend-onlyで追加
MOVE_KEY_SUPERSONIC_SKYSTRIKE_P,842,,MOVE_SUPERSONIC_SKYSTRIKE_P,CFRU_APPEND,ZーMove 5,APPENDED,CFRU-JP技をappend-onlyで追加
MOVE_KEY_SUPERSONIC_SKYSTRIKE_S,843,,MOVE_SUPERSONIC_SKYSTRIKE_S,CFRU_APPEND,ZーMove 6,APPENDED,CFRU-JP技をappend-onlyで追加
MOVE_KEY_ACID_DOWNPOUR_P,844,,MOVE_ACID_DOWNPOUR_P,CFRU_APPEND,ZーMove 7,APPENDED,CFRU-JP技をappend-onlyで追加
MOVE_KEY_ACID_DOWNPOUR_S,845,,MOVE_ACID_DOWNPOUR_S,CFRU_APPEND,ZーMove 8,APPENDED,CFRU-JP技をappend-onlyで追加
MOVE_KEY_TECTONIC_RAGE_P,846,,MOVE_TECTONIC_RAGE_P,CFRU_APPEND,ZーMove 9,APPENDED,CFRU-JP技をappend-onlyで追加
MOVE_KEY_TECTONIC_RAGE_S,847,,MOVE_TECTONIC_RAGE_S,CFRU_APPEND,ZーMove 10,APPENDED,CFRU-JP技をappend-onlyで追加
MOVE_KEY_CONTINENTAL_CRUSH_P,848,,MOVE_CONTINENTAL_CRUSH_P,CFRU_APPEND,ZーMove 11,APPENDED,CFRU-JP技をappend-onlyで追加
MOVE_KEY_CONTINENTAL_CRUSH_S,849,,MOVE_CONTINENTAL_CRUSH_S,CFRU_APPEND,ZーMove 12,APPENDED,CFRU-JP技をappend-onlyで追加
MOVE_KEY_SAVAGE_SPIN_OUT_P,850,,MOVE_SAVAGE_SPIN_OUT_P,CFRU_APPEND,ZーMove 13,APPENDED,CFRU-JP技をappend-onlyで追加
MOVE_KEY_SAVAGE_SPIN_OUT_S,851,,MOVE_SAVAGE_SPIN_OUT_S,CFRU_APPEND,ZーMove 14,APPENDED,CFRU-JP技をappend-onlyで追加
MOVE_KEY_NEVER_ENDING_NIGHTMARE_P,852,,MOVE_NEVER_ENDING_NIGHTMARE_P,CFRU_APPEND,ZーMove 15,APPENDED,CFRU-JP技をappend-onlyで追加
MOVE_KEY_NEVER_ENDING_NIGHTMARE_S,853,,MOVE_NEVER_ENDING_NIGHTMARE_S,CFRU_APPEND,ZーMove 16,APPENDED,CFRU-JP技をappend-onlyで追加
MOVE_KEY_CORKSCREW_CRASH_P,854,,MOVE_CORKSCREW_CRASH_P,CFRU_APPEND,ZーMove 17,APPENDED,CFRU-JP技をappend-onlyで追加
MOVE_KEY_CORKSCREW_CRASH_S,855,,MOVE_CORKSCREW_CRASH_S,CFRU_APPEND,ZーMove 18,APPENDED,CFRU-JP技をappend-onlyで追加
MOVE_KEY_INFERNO_OVERDRIVE_P,856,,MOVE_INFERNO_OVERDRIVE_P,CFRU_APPEND,ZーMove 19,APPENDED,CFRU-JP技をappend-onlyで追加
MOVE_KEY_INFERNO_OVERDRIVE_S,857,,MOVE_INFERNO_OVERDRIVE_S,CFRU_APPEND,ZーMove 20,APPENDED,CFRU-JP技をappend-onlyで追加
MOVE_KEY_HYDRO_VORTEX_P,858,,MOVE_HYDRO_VORTEX_P,CFRU_APPEND,ZーMove 21,APPENDED,CFRU-JP技をappend-onlyで追加
MOVE_KEY_HYDRO_VORTEX_S,859,,MOVE_HYDRO_VORTEX_S,CFRU_APPEND,ZーMove 22,APPENDED,CFRU-JP技をappend-onlyで追加
MOVE_KEY_BLOOM_DOOM_P,860,,MOVE_BLOOM_DOOM_P,CFRU_APPEND,ZーMove 23,APPENDED,CFRU-JP技をappend-onlyで追加
MOVE_KEY_BLOOM_DOOM_S,861,,MOVE_BLOOM_DOOM_S,CFRU_APPEND,ZーMove 24,APPENDED,CFRU-JP技をappend-onlyで追加
MOVE_KEY_GIGAVOLT_HAVOC_P,862,,MOVE_GIGAVOLT_HAVOC_P,CFRU_APPEND,ZーMove 25,APPENDED,CFRU-JP技をappend-onlyで追加
MOVE_KEY_GIGAVOLT_HAVOC_S,863,,MOVE_GIGAVOLT_HAVOC_S,CFRU_APPEND,ZーMove 26,APPENDED,CFRU-JP技をappend-onlyで追加
MOVE_KEY_SHATTERED_PSYCHE_P,864,,MOVE_SHATTERED_PSYCHE_P,CFRU_APPEND,ZーMove 27,APPENDED,CFRU-JP技をappend-onlyで追加
MOVE_KEY_SHATTERED_PSYCHE_S,865,,MOVE_SHATTERED_PSYCHE_S,CFRU_APPEND,ZーMove 28,APPENDED,CFRU-JP技をappend-onlyで追加
MOVE_KEY_SUBZERO_SLAMMER_P,866,,MOVE_SUBZERO_SLAMMER_P,CFRU_APPEND,ZーMove 29,APPENDED,CFRU-JP技をappend-onlyで追加
MOVE_KEY_SUBZERO_SLAMMER_S,867,,MOVE_SUBZERO_SLAMMER_S,CFRU_APPEND,ZーMove 30,APPENDED,CFRU-JP技をappend-onlyで追加
MOVE_KEY_DEVASTATING_DRAKE_P,868,,MOVE_DEVASTATING_DRAKE_P,CFRU_APPEND,ZーMove 31,APPENDED,CFRU-JP技をappend-onlyで追加
MOVE_KEY_DEVASTATING_DRAKE_S,869,,MOVE_DEVASTATING_DRAKE_S,CFRU_APPEND,ZーMove 32,APPENDED,CFRU-JP技をappend-onlyで追加
MOVE_KEY_BLACK_HOLE_ECLIPSE_P,870,,MOVE_BLACK_HOLE_ECLIPSE_P,CFRU_APPEND,ZーMove 33,APPENDED,CFRU-JP技をappend-onlyで追加
MOVE_KEY_BLACK_HOLE_ECLIPSE_S,871,,MOVE_BLACK_HOLE_ECLIPSE_S,CFRU_APPEND,ZーMove 34,APPENDED,CFRU-JP技をappend-onlyで追加
MOVE_KEY_TWINKLE_TACKLE_P,872,,MOVE_TWINKLE_TACKLE_P,CFRU_APPEND,ZーMove 35,APPENDED,CFRU-JP技をappend-onlyで追加
MOVE_KEY_TWINKLE_TACKLE_S,873,,MOVE_TWINKLE_TACKLE_S,CFRU_APPEND,ZーMove 36,APPENDED,CFRU-JP技をappend-onlyで追加
MOVE_KEY_CATASTROPIKA,874,,MOVE_CATASTROPIKA,CFRU_APPEND,ZーMove 37,APPENDED,CFRU-JP技をappend-onlyで追加
MOVE_KEY_10000000_VOLT_THUNDERBOLT,875,,MOVE_10000000_VOLT_THUNDERBOLT,CFRU_APPEND,ZーMove 38,APPENDED,CFRU-JP技をappend-onlyで追加
MOVE_KEY_STOKED_SPARKSURFER,876,,MOVE_STOKED_SPARKSURFER,CFRU_APPEND,ZーMove 39,APPENDED,CFRU-JP技をappend-onlyで追加
MOVE_KEY_EXTREME_EVOBOOST,877,,MOVE_EXTREME_EVOBOOST,CFRU_APPEND,ZーMove 40,APPENDED,CFRU-JP技をappend-onlyで追加
MOVE_KEY_PULVERIZING_PANCAKE,878,,MOVE_PULVERIZING_PANCAKE,CFRU_APPEND,ZーMove 41,APPENDED,CFRU-JP技をappend-onlyで追加
MOVE_KEY_GENESIS_SUPERNOVA,879,,MOVE_GENESIS_SUPERNOVA,CFRU_APPEND,ZーMove 42,APPENDED,CFRU-JP技をappend-onlyで追加
MOVE_KEY_SINISTER_ARROW_RAID,880,,MOVE_SINISTER_ARROW_RAID,CFRU_APPEND,ZーMove 43,APPENDED,CFRU-JP技をappend-onlyで追加
MOVE_KEY_MALICIOUS_MOONSAULT,881,,MOVE_MALICIOUS_MOONSAULT,CFRU_APPEND,ZーMove 44,APPENDED,CFRU-JP技をappend-onlyで追加
MOVE_KEY_OCEANIC_OPERETTA,882,,MOVE_OCEANIC_OPERETTA,CFRU_APPEND,ZーMove 45,APPENDED,CFRU-JP技をappend-onlyで追加
MOVE_KEY_SPLINTERED_STORMSHARDS,883,,MOVE_SPLINTERED_STORMSHARDS,CFRU_APPEND,ZーMove 46,APPENDED,CFRU-JP技をappend-onlyで追加
MOVE_KEY_LETS_SNUGGLE_FOREVER,884,,MOVE_LETS_SNUGGLE_FOREVER,CFRU_APPEND,ZーMove 47,APPENDED,CFRU-JP技をappend-onlyで追加
MOVE_KEY_CLANGOROUS_SOULBLAZE,885,,MOVE_CLANGOROUS_SOULBLAZE,CFRU_APPEND,ZーMove 48,APPENDED,CFRU-JP技をappend-onlyで追加
MOVE_KEY_GUARDIAN_OF_ALOLA,886,,MOVE_GUARDIAN_OF_ALOLA,CFRU_APPEND,ZーMove 49,APPENDED,CFRU-JP技をappend-onlyで追加
MOVE_KEY_SEARING_SUNRAZE_SMASH,887,,MOVE_SEARING_SUNRAZE_SMASH,CFRU_APPEND,ZーMove 50,APPENDED,CFRU-JP技をappend-onlyで追加
MOVE_KEY_MENACING_MOONRAZE_MAELSTROM,888,,MOVE_MENACING_MOONRAZE_MAELSTROM,CFRU_APPEND,ZーMove 51,APPENDED,CFRU-JP技をappend-onlyで追加
MOVE_KEY_LIGHT_THAT_BURNS_THE_SKY,889,,MOVE_LIGHT_THAT_BURNS_THE_SKY,CFRU_APPEND,ZーMove 52,APPENDED,CFRU-JP技をappend-onlyで追加
MOVE_KEY_SOUL_STEALING_7_STAR_STRIKE,890,,MOVE_SOUL_STEALING_7_STAR_STRIKE,CFRU_APPEND,ZーMove 53,APPENDED,CFRU-JP技をappend-onlyで追加
MOVE_KEY_MAX_GUARD,891,,MOVE_MAX_GUARD,CFRU_APPEND,ウォール,APPENDED,CFRU-JP技をappend-onlyで追加
MOVE_KEY_MAX_STRIKE_P,892,,MOVE_MAX_STRIKE_P,CFRU_APPEND,アタック,APPENDED,CFRU-JP技をappend-onlyで追加
MOVE_KEY_MAX_STRIKE_S,893,,MOVE_MAX_STRIKE_S,CFRU_APPEND,アタック,APPENDED,CFRU-JP技をappend-onlyで追加
MOVE_KEY_MAX_KNUCKLE_P,894,,MOVE_MAX_KNUCKLE_P,CFRU_APPEND,ナックル,APPENDED,CFRU-JP技をappend-onlyで追加
MOVE_KEY_MAX_KNUCKLE_S,895,,MOVE_MAX_KNUCKLE_S,CFRU_APPEND,ナックル,APPENDED,CFRU-JP技をappend-onlyで追加
MOVE_KEY_MAX_AIRSTREAM_P,896,,MOVE_MAX_AIRSTREAM_P,CFRU_APPEND,ジェット,APPENDED,CFRU-JP技をappend-onlyで追加
MOVE_KEY_MAX_AIRSTREAM_S,897,,MOVE_MAX_AIRSTREAM_S,CFRU_APPEND,ジェット,APPENDED,CFRU-JP技をappend-onlyで追加
MOVE_KEY_MAX_OOZE_P,898,,MOVE_MAX_OOZE_P,CFRU_APPEND,アシッド,APPENDED,CFRU-JP技をappend-onlyで追加
MOVE_KEY_MAX_OOZE_S,899,,MOVE_MAX_OOZE_S,CFRU_APPEND,アシッド,APPENDED,CFRU-JP技をappend-onlyで追加
MOVE_KEY_MAX_QUAKE_P,900,,MOVE_MAX_QUAKE_P,CFRU_APPEND,アース,APPENDED,CFRU-JP技をappend-onlyで追加
MOVE_KEY_MAX_QUAKE_S,901,,MOVE_MAX_QUAKE_S,CFRU_APPEND,アース,APPENDED,CFRU-JP技をappend-onlyで追加
MOVE_KEY_MAX_ROCKFALL_P,902,,MOVE_MAX_ROCKFALL_P,CFRU_APPEND,ロック,APPENDED,CFRU-JP技をappend-onlyで追加
MOVE_KEY_MAX_ROCKFALL_S,903,,MOVE_MAX_ROCKFALL_S,CFRU_APPEND,ロック,APPENDED,CFRU-JP技をappend-onlyで追加
MOVE_KEY_MAX_FLUTTERBY_P,904,,MOVE_MAX_FLUTTERBY_P,CFRU_APPEND,ワーム,APPENDED,CFRU-JP技をappend-onlyで追加
MOVE_KEY_MAX_FLUTTERBY_S,905,,MOVE_MAX_FLUTTERBY_S,CFRU_APPEND,ワーム,APPENDED,CFRU-JP技をappend-onlyで追加
MOVE_KEY_MAX_PHANTASM_P,906,,MOVE_MAX_PHANTASM_P,CFRU_APPEND,ホロウ,APPENDED,CFRU-JP技をappend-onlyで追加
MOVE_KEY_MAX_PHANTASM_S,907,,MOVE_MAX_PHANTASM_S,CFRU_APPEND,ホロウ,APPENDED,CFRU-JP技をappend-onlyで追加
MOVE_KEY_MAX_STEELSPIKE_P,908,,MOVE_MAX_STEELSPIKE_P,CFRU_APPEND,スチル,APPENDED,CFRU-JP技をappend-onlyで追加
MOVE_KEY_MAX_STEELSPIKE_S,909,,MOVE_MAX_STEELSPIKE_S,CFRU_APPEND,スチル,APPENDED,CFRU-JP技をappend-onlyで追加
MOVE_KEY_MAX_FLARE_P,910,,MOVE_MAX_FLARE_P,CFRU_APPEND,バーン,APPENDED,CFRU-JP技をappend-onlyで追加
MOVE_KEY_MAX_FLARE_S,911,,MOVE_MAX_FLARE_S,CFRU_APPEND,バーン,APPENDED,CFRU-JP技をappend-onlyで追加
MOVE_KEY_MAX_GEYSER_P,912,,MOVE_MAX_GEYSER_P,CFRU_APPEND,ストリーム,APPENDED,CFRU-JP技をappend-onlyで追加
MOVE_KEY_MAX_GEYSER_S,913,,MOVE_MAX_GEYSER_S,CFRU_APPEND,ストリーム,APPENDED,CFRU-JP技をappend-onlyで追加
MOVE_KEY_MAX_OVERGROWTH_P,914,,MOVE_MAX_OVERGROWTH_P,CFRU_APPEND,ソウゲン,APPENDED,CFRU-JP技をappend-onlyで追加
MOVE_KEY_MAX_OVERGROWTH_S,915,,MOVE_MAX_OVERGROWTH_S,CFRU_APPEND,ソウゲン,APPENDED,CFRU-JP技をappend-onlyで追加
MOVE_KEY_MAX_LIGHTNING_P,916,,MOVE_MAX_LIGHTNING_P,CFRU_APPEND,サンダー,APPENDED,CFRU-JP技をappend-onlyで追加
MOVE_KEY_MAX_LIGHTNING_S,917,,MOVE_MAX_LIGHTNING_S,CFRU_APPEND,サンダー,APPENDED,CFRU-JP技をappend-onlyで追加
MOVE_KEY_MAX_MINDSTORM_P,918,,MOVE_MAX_MINDSTORM_P,CFRU_APPEND,サイコ,APPENDED,CFRU-JP技をappend-onlyで追加
MOVE_KEY_MAX_MINDSTORM_S,919,,MOVE_MAX_MINDSTORM_S,CFRU_APPEND,サイコ,APPENDED,CFRU-JP技をappend-onlyで追加
MOVE_KEY_MAX_HAILSTORM_P,920,,MOVE_MAX_HAILSTORM_P,CFRU_APPEND,アイス,APPENDED,CFRU-JP技をappend-onlyで追加
MOVE_KEY_MAX_HAILSTORM_S,921,,MOVE_MAX_HAILSTORM_S,CFRU_APPEND,アイス,APPENDED,CFRU-JP技をappend-onlyで追加
MOVE_KEY_MAX_WYRMWIND_P,922,,MOVE_MAX_WYRMWIND_P,CFRU_APPEND,ドラグーン,APPENDED,CFRU-JP技をappend-onlyで追加
MOVE_KEY_MAX_WYRMWIND_S,923,,MOVE_MAX_WYRMWIND_S,CFRU_APPEND,ドラグーン,APPENDED,CFRU-JP技をappend-onlyで追加
MOVE_KEY_MAX_DARKNESS_P,924,,MOVE_MAX_DARKNESS_P,CFRU_APPEND,アーク,APPENDED,CFRU-JP技をappend-onlyで追加
MOVE_KEY_MAX_DARKNESS_S,925,,MOVE_MAX_DARKNESS_S,CFRU_APPEND,アーク,APPENDED,CFRU-JP技をappend-onlyで追加
MOVE_KEY_MAX_STARFALL_P,926,,MOVE_MAX_STARFALL_P,CFRU_APPEND,フェアリー,APPENDED,CFRU-JP技をappend-onlyで追加
MOVE_KEY_MAX_STARFALL_S,927,,MOVE_MAX_STARFALL_S,CFRU_APPEND,フェアリー,APPENDED,CFRU-JP技をappend-onlyで追加
MOVE_KEY_G_MAX_VINE_LASH_P,928,,MOVE_G_MAX_VINE_LASH_P,CFRU_APPEND,ベンタツ,APPENDED,CFRU-JP技をappend-onlyで追加
MOVE_KEY_G_MAX_VINE_LASH_S,929,,MOVE_G_MAX_VINE_LASH_S,CFRU_APPEND,ベンタツ,APPENDED,CFRU-JP技をappend-onlyで追加
MOVE_KEY_G_MAX_WILDFIRE_P,930,,MOVE_G_MAX_WILDFIRE_P,CFRU_APPEND,ゴクエン,APPENDED,CFRU-JP技をappend-onlyで追加
MOVE_KEY_G_MAX_WILDFIRE_S,931,,MOVE_G_MAX_WILDFIRE_S,CFRU_APPEND,ゴクエン,APPENDED,CFRU-JP技をappend-onlyで追加
MOVE_KEY_G_MAX_CANNONADE_P,932,,MOVE_G_MAX_CANNONADE_P,CFRU_APPEND,ホウゲキ,APPENDED,CFRU-JP技をappend-onlyで追加
MOVE_KEY_G_MAX_CANNONADE_S,933,,MOVE_G_MAX_CANNONADE_S,CFRU_APPEND,ホウゲキ,APPENDED,CFRU-JP技をappend-onlyで追加
MOVE_KEY_G_MAX_BEFUDDLE_P,934,,MOVE_G_MAX_BEFUDDLE_P,CFRU_APPEND,コワク,APPENDED,CFRU-JP技をappend-onlyで追加
MOVE_KEY_G_MAX_BEFUDDLE_S,935,,MOVE_G_MAX_BEFUDDLE_S,CFRU_APPEND,コワク,APPENDED,CFRU-JP技をappend-onlyで追加
MOVE_KEY_G_MAX_VOLT_CRASH_P,936,,MOVE_G_MAX_VOLT_CRASH_P,CFRU_APPEND,バンライ,APPENDED,CFRU-JP技をappend-onlyで追加
MOVE_KEY_G_MAX_VOLT_CRASH_S,937,,MOVE_G_MAX_VOLT_CRASH_S,CFRU_APPEND,バンライ,APPENDED,CFRU-JP技をappend-onlyで追加
MOVE_KEY_G_MAX_GOLD_RUSH_P,938,,MOVE_G_MAX_GOLD_RUSH_P,CFRU_APPEND,コバン,APPENDED,CFRU-JP技をappend-onlyで追加
MOVE_KEY_G_MAX_GOLD_RUSH_S,939,,MOVE_G_MAX_GOLD_RUSH_S,CFRU_APPEND,コバン,APPENDED,CFRU-JP技をappend-onlyで追加
MOVE_KEY_G_MAX_CHI_STRIKE_P,940,,MOVE_G_MAX_CHI_STRIKE_P,CFRU_APPEND,シンゲキ,APPENDED,CFRU-JP技をappend-onlyで追加
MOVE_KEY_G_MAX_CHI_STRIKE_S,941,,MOVE_G_MAX_CHI_STRIKE_S,CFRU_APPEND,シンゲキ,APPENDED,CFRU-JP技をappend-onlyで追加
MOVE_KEY_G_MAX_TERROR_P,942,,MOVE_G_MAX_TERROR_P,CFRU_APPEND,ゲンエイ,APPENDED,CFRU-JP技をappend-onlyで追加
MOVE_KEY_G_MAX_TERROR_S,943,,MOVE_G_MAX_TERROR_S,CFRU_APPEND,ゲンエイ,APPENDED,CFRU-JP技をappend-onlyで追加
MOVE_KEY_G_MAX_FOAM_BURST_P,944,,MOVE_G_MAX_FOAM_BURST_P,CFRU_APPEND,ホウマツ,APPENDED,CFRU-JP技をappend-onlyで追加
MOVE_KEY_G_MAX_FOAM_BURST_S,945,,MOVE_G_MAX_FOAM_BURST_S,CFRU_APPEND,ホウマツ,APPENDED,CFRU-JP技をappend-onlyで追加
MOVE_KEY_G_MAX_RESONANCE_P,946,,MOVE_G_MAX_RESONANCE_P,CFRU_APPEND,センリツ,APPENDED,CFRU-JP技をappend-onlyで追加
MOVE_KEY_G_MAX_RESONANCE_S,947,,MOVE_G_MAX_RESONANCE_S,CFRU_APPEND,センリツ,APPENDED,CFRU-JP技をappend-onlyで追加
MOVE_KEY_G_MAX_CUDDLE_P,948,,MOVE_G_MAX_CUDDLE_P,CFRU_APPEND,ホーヨー,APPENDED,CFRU-JP技をappend-onlyで追加
MOVE_KEY_G_MAX_CUDDLE_S,949,,MOVE_G_MAX_CUDDLE_S,CFRU_APPEND,ホーヨー,APPENDED,CFRU-JP技をappend-onlyで追加
MOVE_KEY_G_MAX_REPLENISH_P,950,,MOVE_G_MAX_REPLENISH_P,CFRU_APPEND,サイセイ,APPENDED,CFRU-JP技をappend-onlyで追加
MOVE_KEY_G_MAX_REPLENISH_S,951,,MOVE_G_MAX_REPLENISH_S,CFRU_APPEND,サイセイ,APPENDED,CFRU-JP技をappend-onlyで追加
MOVE_KEY_G_MAX_MALODOR_P,952,,MOVE_G_MAX_MALODOR_P,CFRU_APPEND,シュウキ,APPENDED,CFRU-JP技をappend-onlyで追加
MOVE_KEY_G_MAX_MALODOR_S,953,,MOVE_G_MAX_MALODOR_S,CFRU_APPEND,シュウキ,APPENDED,CFRU-JP技をappend-onlyで追加
MOVE_KEY_G_MAX_MELTDOWN_P,954,,MOVE_G_MAX_MELTDOWN_P,CFRU_APPEND,ユウゲキ,APPENDED,CFRU-JP技をappend-onlyで追加
MOVE_KEY_G_MAX_MELTDOWN_S,955,,MOVE_G_MAX_MELTDOWN_S,CFRU_APPEND,ユウゲキ,APPENDED,CFRU-JP技をappend-onlyで追加
MOVE_KEY_G_MAX_DRUM_SOLO_P,956,,MOVE_G_MAX_DRUM_SOLO_P,CFRU_APPEND,コランダ,APPENDED,CFRU-JP技をappend-onlyで追加
MOVE_KEY_G_MAX_DRUM_SOLO_S,957,,MOVE_G_MAX_DRUM_SOLO_S,CFRU_APPEND,コランダ,APPENDED,CFRU-JP技をappend-onlyで追加
MOVE_KEY_G_MAX_FIREBALL_P,958,,MOVE_G_MAX_FIREBALL_P,CFRU_APPEND,カキュウ,APPENDED,CFRU-JP技をappend-onlyで追加
MOVE_KEY_G_MAX_FIREBALL_S,959,,MOVE_G_MAX_FIREBALL_S,CFRU_APPEND,カキュウ,APPENDED,CFRU-JP技をappend-onlyで追加
MOVE_KEY_G_MAX_HYDROSNIPE_P,960,,MOVE_G_MAX_HYDROSNIPE_P,CFRU_APPEND,ソゲキ,APPENDED,CFRU-JP技をappend-onlyで追加
MOVE_KEY_G_MAX_HYDROSNIPE_S,961,,MOVE_G_MAX_HYDROSNIPE_S,CFRU_APPEND,ソゲキ,APPENDED,CFRU-JP技をappend-onlyで追加
MOVE_KEY_G_MAX_WIND_RAGE_P,962,,MOVE_G_MAX_WIND_RAGE_P,CFRU_APPEND,フウゲキ,APPENDED,CFRU-JP技をappend-onlyで追加
MOVE_KEY_G_MAX_WIND_RAGE_S,963,,MOVE_G_MAX_WIND_RAGE_S,CFRU_APPEND,フウゲキ,APPENDED,CFRU-JP技をappend-onlyで追加
MOVE_KEY_G_MAX_GRAVITAS_P,964,,MOVE_G_MAX_GRAVITAS_P,CFRU_APPEND,テンドウ,APPENDED,CFRU-JP技をappend-onlyで追加
MOVE_KEY_G_MAX_GRAVITAS_S,965,,MOVE_G_MAX_GRAVITAS_S,CFRU_APPEND,テンドウ,APPENDED,CFRU-JP技をappend-onlyで追加
MOVE_KEY_G_MAX_STONESURGE_P,966,,MOVE_G_MAX_STONESURGE_P,CFRU_APPEND,ガンジン,APPENDED,CFRU-JP技をappend-onlyで追加
MOVE_KEY_G_MAX_STONESURGE_S,967,,MOVE_G_MAX_STONESURGE_S,CFRU_APPEND,ガンジン,APPENDED,CFRU-JP技をappend-onlyで追加
MOVE_KEY_G_MAX_VOLCALITH_P,968,,MOVE_G_MAX_VOLCALITH_P,CFRU_APPEND,フンセキ,APPENDED,CFRU-JP技をappend-onlyで追加
MOVE_KEY_G_MAX_VOLCALITH_S,969,,MOVE_G_MAX_VOLCALITH_S,CFRU_APPEND,フンセキ,APPENDED,CFRU-JP技をappend-onlyで追加
MOVE_KEY_G_MAX_TARTNESS_P,970,,MOVE_G_MAX_TARTNESS_P,CFRU_APPEND,サンゲキ,APPENDED,CFRU-JP技をappend-onlyで追加
MOVE_KEY_G_MAX_TARTNESS_S,971,,MOVE_G_MAX_TARTNESS_S,CFRU_APPEND,サンゲキ,APPENDED,CFRU-JP技をappend-onlyで追加
MOVE_KEY_G_MAX_SWEETNESS_P,972,,MOVE_G_MAX_SWEETNESS_P,CFRU_APPEND,カンロ,APPENDED,CFRU-JP技をappend-onlyで追加
MOVE_KEY_G_MAX_SWEETNESS_S,973,,MOVE_G_MAX_SWEETNESS_S,CFRU_APPEND,カンロ,APPENDED,CFRU-JP技をappend-onlyで追加
MOVE_KEY_G_MAX_SANDBLAST_P,974,,MOVE_G_MAX_SANDBLAST_P,CFRU_APPEND,サジン,APPENDED,CFRU-JP技をappend-onlyで追加
MOVE_KEY_G_MAX_SANDBLAST_S,975,,MOVE_G_MAX_SANDBLAST_S,CFRU_APPEND,サジン,APPENDED,CFRU-JP技をappend-onlyで追加
MOVE_KEY_G_MAX_STUN_SHOCK_P,976,,MOVE_G_MAX_STUN_SHOCK_P,CFRU_APPEND,カンデン,APPENDED,CFRU-JP技をappend-onlyで追加
MOVE_KEY_G_MAX_STUN_SHOCK_S,977,,MOVE_G_MAX_STUN_SHOCK_S,CFRU_APPEND,カンデン,APPENDED,CFRU-JP技をappend-onlyで追加
MOVE_KEY_G_MAX_CENTIFERNO_P,978,,MOVE_G_MAX_CENTIFERNO_P,CFRU_APPEND,ヒャッカ,APPENDED,CFRU-JP技をappend-onlyで追加
MOVE_KEY_G_MAX_CENTIFERNO_S,979,,MOVE_G_MAX_CENTIFERNO_S,CFRU_APPEND,ヒャッカ,APPENDED,CFRU-JP技をappend-onlyで追加
MOVE_KEY_G_MAX_SMITE_P,980,,MOVE_G_MAX_SMITE_P,CFRU_APPEND,テンバツ,APPENDED,CFRU-JP技をappend-onlyで追加
MOVE_KEY_G_MAX_SMITE_S,981,,MOVE_G_MAX_SMITE_S,CFRU_APPEND,テンバツ,APPENDED,CFRU-JP技をappend-onlyで追加
MOVE_KEY_G_MAX_SNOOZE_P,982,,MOVE_G_MAX_SNOOZE_P,CFRU_APPEND,スイマ,APPENDED,CFRU-JP技をappend-onlyで追加
MOVE_KEY_G_MAX_SNOOZE_S,983,,MOVE_G_MAX_SNOOZE_S,CFRU_APPEND,スイマ,APPENDED,CFRU-JP技をappend-onlyで追加
MOVE_KEY_G_MAX_FINALE_P,984,,MOVE_G_MAX_FINALE_P,CFRU_APPEND,ダンエン,APPENDED,CFRU-JP技をappend-onlyで追加
MOVE_KEY_G_MAX_FINALE_S,985,,MOVE_G_MAX_FINALE_S,CFRU_APPEND,ダンエン,APPENDED,CFRU-JP技をappend-onlyで追加
MOVE_KEY_G_MAX_STEELSURGE_P,986,,MOVE_G_MAX_STEELSURGE_P,CFRU_APPEND,コウジン,APPENDED,CFRU-JP技をappend-onlyで追加
MOVE_KEY_G_MAX_STEELSURGE_S,987,,MOVE_G_MAX_STEELSURGE_S,CFRU_APPEND,コウジン,APPENDED,CFRU-JP技をappend-onlyで追加
MOVE_KEY_G_MAX_DEPLETION_P,988,,MOVE_G_MAX_DEPLETION_P,CFRU_APPEND,ゲンスイ,APPENDED,CFRU-JP技をappend-onlyで追加
MOVE_KEY_G_MAX_DEPLETION_S,989,,MOVE_G_MAX_DEPLETION_S,CFRU_APPEND,ゲンスイ,APPENDED,CFRU-JP技をappend-onlyで追加
MOVE_KEY_G_MAX_ONE_BLOW_P,990,,MOVE_G_MAX_ONE_BLOW_P,CFRU_APPEND,イチゲキ,APPENDED,CFRU-JP技をappend-onlyで追加
MOVE_KEY_G_MAX_ONE_BLOW_S,991,,MOVE_G_MAX_ONE_BLOW_S,CFRU_APPEND,イチゲキ,APPENDED,CFRU-JP技をappend-onlyで追加
MOVE_KEY_G_MAX_RAPID_FLOW_P,992,,MOVE_G_MAX_RAPID_FLOW_P,CFRU_APPEND,レンゲキ,APPENDED,CFRU-JP技をappend-onlyで追加
MOVE_KEY_G_MAX_RAPID_FLOW_S,993,,MOVE_G_MAX_RAPID_FLOW_S,CFRU_APPEND,レンゲキ,APPENDED,CFRU-JP技をappend-onlyで追加
MOVE_KEY_AQUACUTTER,994,,MOVE_AQUACUTTER,CFRU_APPEND,アクアカッター,APPENDED,CFRU-JP技をappend-onlyで追加
MOVE_KEY_AQUASTEP,995,,MOVE_AQUASTEP,CFRU_APPEND,アクアステップ,APPENDED,CFRU-JP技をappend-onlyで追加
MOVE_KEY_ARMORCANNON,996,,MOVE_ARMORCANNON,CFRU_APPEND,アーマーキャノン,APPENDED,CFRU-JP技をappend-onlyで追加
MOVE_KEY_AXEKICK,997,,MOVE_AXEKICK,CFRU_APPEND,かかとおとし,APPENDED,CFRU-JP技をappend-onlyで追加
MOVE_KEY_BITTERBLADE,998,,MOVE_BITTERBLADE,CFRU_APPEND,むねんのつるぎ,APPENDED,CFRU-JP技をappend-onlyで追加
MOVE_KEY_BLAZINGTORQUE,999,,MOVE_BLAZINGTORQUE,CFRU_APPEND,バーンアクセル,APPENDED,CFRU-JP技をappend-onlyで追加
MOVE_KEY_CHILLINGWATER,1000,,MOVE_CHILLINGWATER,CFRU_APPEND,ひやみず,APPENDED,CFRU-JP技をappend-onlyで追加
MOVE_KEY_CHILLYRECEPTION,1001,,MOVE_CHILLYRECEPTION,CFRU_APPEND,さむいギャグ,APPENDED,CFRU-JP技をappend-onlyで追加
MOVE_KEY_COLLISIONCOURSE,1002,,MOVE_COLLISIONCOURSE,CFRU_APPEND,アクセルブレイク,APPENDED,CFRU-JP技をappend-onlyで追加
MOVE_KEY_COMBATTORQUE,1003,,MOVE_COMBATTORQUE,CFRU_APPEND,ファイトアクセル,APPENDED,CFRU-JP技をappend-onlyで追加
MOVE_KEY_COMEUPPANCE,1004,,MOVE_COMEUPPANCE,CFRU_APPEND,ほうふく,APPENDED,CFRU-JP技をappend-onlyで追加
MOVE_KEY_DOODLE,1005,,MOVE_DOODLE,CFRU_APPEND,うつしえ,APPENDED,CFRU-JP技をappend-onlyで追加
MOVE_KEY_DOUBLESHOCK,1006,,MOVE_DOUBLESHOCK,CFRU_APPEND,でんこうそうげき,APPENDED,CFRU-JP技をappend-onlyで追加
MOVE_KEY_ELECTRODRIFT,1007,,MOVE_ELECTRODRIFT,CFRU_APPEND,イナズマドライブ,APPENDED,CFRU-JP技をappend-onlyで追加
MOVE_KEY_FILLETAWAY,1008,,MOVE_FILLETAWAY,CFRU_APPEND,みをけずる,APPENDED,CFRU-JP技をappend-onlyで追加
MOVE_KEY_FLOWERTRICK,1009,,MOVE_FLOWERTRICK,CFRU_APPEND,トリックフラワー,APPENDED,CFRU-JP技をappend-onlyで追加
MOVE_KEY_GIGATONHAMMER,1010,,MOVE_GIGATONHAMMER,CFRU_APPEND,デカハンマー,APPENDED,CFRU-JP技をappend-onlyで追加
MOVE_KEY_GLAIVERUSH,1011,,MOVE_GLAIVERUSH,CFRU_APPEND,きょけんとつげき,APPENDED,CFRU-JP技をappend-onlyで追加
MOVE_KEY_HYDROSTEAM,1012,,MOVE_HYDROSTEAM,CFRU_APPEND,ハイドロスチーム,APPENDED,CFRU-JP技をappend-onlyで追加
MOVE_KEY_HYPERDRILL,1013,,MOVE_HYPERDRILL,CFRU_APPEND,ハイパードリル,APPENDED,CFRU-JP技をappend-onlyで追加
MOVE_KEY_ICESPINNER,1014,,MOVE_ICESPINNER,CFRU_APPEND,アイススピナー,APPENDED,CFRU-JP技をappend-onlyで追加
MOVE_KEY_JETPUNCH,1015,,MOVE_JETPUNCH,CFRU_APPEND,ジェットパンチ,APPENDED,CFRU-JP技をappend-onlyで追加
MOVE_KEY_KOWTOWCLEAVE,1016,,MOVE_KOWTOWCLEAVE,CFRU_APPEND,ドゲザン,APPENDED,CFRU-JP技をappend-onlyで追加
MOVE_KEY_LASTRESPECTS,1017,,MOVE_LASTRESPECTS,CFRU_APPEND,おはかまいり,APPENDED,CFRU-JP技をappend-onlyで追加
MOVE_KEY_LUMINACRASH,1018,,MOVE_LUMINACRASH,CFRU_APPEND,ルミナコリジョン,APPENDED,CFRU-JP技をappend-onlyで追加
MOVE_KEY_MAGICALTORQUE,1019,,MOVE_MAGICALTORQUE,CFRU_APPEND,マジカルアクセル,APPENDED,CFRU-JP技をappend-onlyで追加
MOVE_KEY_MAKEITRAIN,1020,,MOVE_MAKEITRAIN,CFRU_APPEND,ゴールドラッシュ,APPENDED,CFRU-JP技をappend-onlyで追加
MOVE_KEY_MORTALSPIN,1021,,MOVE_MORTALSPIN,CFRU_APPEND,キラースピン,APPENDED,CFRU-JP技をappend-onlyで追加
MOVE_KEY_NOXIOUSTORQUE,1022,,MOVE_NOXIOUSTORQUE,CFRU_APPEND,ポイズンアクセル,APPENDED,CFRU-JP技をappend-onlyで追加
MOVE_KEY_ORDERUP,1023,,MOVE_ORDERUP,CFRU_APPEND,いっちょうあがり,APPENDED,CFRU-JP技をappend-onlyで追加
MOVE_KEY_POPULATIONBOMB,1024,,MOVE_POPULATIONBOMB,CFRU_APPEND,ネズミざん,APPENDED,CFRU-JP技をappend-onlyで追加
MOVE_KEY_POUNCE,1025,,MOVE_POUNCE,CFRU_APPEND,とびつく,APPENDED,CFRU-JP技をappend-onlyで追加
MOVE_KEY_PSYBLADE,1026,,MOVE_PSYBLADE,CFRU_APPEND,サイコブレイド,APPENDED,CFRU-JP技をappend-onlyで追加
MOVE_KEY_RAGEFIST,1027,,MOVE_RAGEFIST,CFRU_APPEND,ふんどのこぶし,APPENDED,CFRU-JP技をappend-onlyで追加
MOVE_KEY_RAGINGBULL,1028,,MOVE_RAGINGBULL,CFRU_APPEND,レイジングブル,APPENDED,CFRU-JP技をappend-onlyで追加
MOVE_KEY_REVIVALBLESSING,1029,,MOVE_REVIVALBLESSING,CFRU_APPEND,さいきのいのり,APPENDED,CFRU-JP技をappend-onlyで追加
MOVE_KEY_RUINATION,1030,,MOVE_RUINATION,CFRU_APPEND,カタストロフィ,APPENDED,CFRU-JP技をappend-onlyで追加
MOVE_KEY_SALTCURE,1031,,MOVE_SALTCURE,CFRU_APPEND,しおづけ,APPENDED,CFRU-JP技をappend-onlyで追加
MOVE_KEY_SHEDTAIL,1032,,MOVE_SHEDTAIL,CFRU_APPEND,しっぽきり,APPENDED,CFRU-JP技をappend-onlyで追加
MOVE_KEY_SILKTRAP,1033,,MOVE_SILKTRAP,CFRU_APPEND,スレッドトラップ,APPENDED,CFRU-JP技をappend-onlyで追加
MOVE_KEY_SNOWSCAPE,1034,,MOVE_SNOWSCAPE,CFRU_APPEND,ゆきげしき,APPENDED,CFRU-JP技をappend-onlyで追加
MOVE_KEY_SPICYEXTRACT,1035,,MOVE_SPICYEXTRACT,CFRU_APPEND,ハバネロエキス,APPENDED,CFRU-JP技をappend-onlyで追加
MOVE_KEY_SPINOUT,1036,,MOVE_SPINOUT,CFRU_APPEND,ホイールスピン,APPENDED,CFRU-JP技をappend-onlyで追加
MOVE_KEY_TERABLAST,1037,,MOVE_TERABLAST,CFRU_APPEND,テラバースト,APPENDED,CFRU-JP技をappend-onlyで追加
MOVE_KEY_TIDYUP,1038,,MOVE_TIDYUP,CFRU_APPEND,おかたづけ,APPENDED,CFRU-JP技をappend-onlyで追加
MOVE_KEY_TORCHSONG,1039,,MOVE_TORCHSONG,CFRU_APPEND,フレアソング,APPENDED,CFRU-JP技をappend-onlyで追加
MOVE_KEY_TRAILBLAZE,1040,,MOVE_TRAILBLAZE,CFRU_APPEND,くさわけ,APPENDED,CFRU-JP技をappend-onlyで追加
MOVE_KEY_TRIPLEDIVE,1041,,MOVE_TRIPLEDIVE,CFRU_APPEND,トリプルダイブ,APPENDED,CFRU-JP技をappend-onlyで追加
MOVE_KEY_TWINBEAM,1042,,MOVE_TWINBEAM,CFRU_APPEND,ツインビーム,APPENDED,CFRU-JP技をappend-onlyで追加
MOVE_KEY_WICKEDTORQUE,1043,,MOVE_WICKEDTORQUE,CFRU_APPEND,ダークアクセル,APPENDED,CFRU-JP技をappend-onlyで追加
MOVE_KEY_BLOODMOON,1044,,MOVE_BLOODMOON,CFRU_APPEND,ブラッドムーン,APPENDED,CFRU-JP技をappend-onlyで追加
MOVE_KEY_UPPERHAND,1045,,MOVE_UPPERHAND,CFRU_APPEND,はやてがえし,APPENDED,CFRU-JP技をappend-onlyで追加
MOVE_KEY_MATCHAGOTCHA,1046,,MOVE_MATCHAGOTCHA,CFRU_APPEND,シャカシャカほう,APPENDED,CFRU-JP技をappend-onlyで追加
MOVE_KEY_SYRUPBOMB,1047,,MOVE_SYRUPBOMB,CFRU_APPEND,みずあめボム,APPENDED,CFRU-JP技をappend-onlyで追加
MOVE_KEY_IVYCUDGEL,1048,,MOVE_IVYCUDGEL,CFRU_APPEND,ツタこんぼう,APPENDED,CFRU-JP技をappend-onlyで追加
MOVE_KEY_ELECTROSHOT,1049,,MOVE_ELECTROSHOT,CFRU_APPEND,エレクトロビーム,APPENDED,CFRU-JP技をappend-onlyで追加
MOVE_KEY_TERASTARSTORM,1050,,MOVE_TERASTARSTORM,CFRU_APPEND,テラクラスター,APPENDED,CFRU-JP技をappend-onlyで追加
MOVE_KEY_FICKLEBEAM,1051,,MOVE_FICKLEBEAM,CFRU_APPEND,きまぐレーザー,APPENDED,CFRU-JP技をappend-onlyで追加
MOVE_KEY_BURNINGBULWARK,1052,,MOVE_BURNINGBULWARK,CFRU_APPEND,かえんのまもり,APPENDED,CFRU-JP技をappend-onlyで追加
MOVE_KEY_MIGHTYCLEAVE,1053,,MOVE_MIGHTYCLEAVE,CFRU_APPEND,パワフルエッジ,APPENDED,CFRU-JP技をappend-onlyで追加
MOVE_KEY_TACHYONCUTTER,1054,,MOVE_TACHYONCUTTER,CFRU_APPEND,タキオンカッター,APPENDED,CFRU-JP技をappend-onlyで追加
MOVE_KEY_DRAGONCHEER,1055,,MOVE_DRAGONCHEER,CFRU_APPEND,ドラゴンエール,APPENDED,CFRU-JP技をappend-onlyで追加
MOVE_KEY_MALIGNANTCHAIN,1056,,MOVE_MALIGNANTCHAIN,CFRU_APPEND,じゃどくのくさり,APPENDED,CFRU-JP技をappend-onlyで追加
MOVE_KEY_THUNDERCLAP,1057,,MOVE_THUNDERCLAP,CFRU_APPEND,じんらい,APPENDED,CFRU-JP技をappend-onlyで追加
MOVE_KEY_HARDPRESS,1058,,MOVE_HARDPRESS,CFRU_APPEND,ハードプレス,APPENDED,CFRU-JP技をappend-onlyで追加
MOVE_KEY_ALLURINGVOICE,1059,,MOVE_ALLURINGVOICE,CFRU_APPEND,みわくのボイス,APPENDED,CFRU-JP技をappend-onlyで追加
MOVE_KEY_TEMPERFLARE,1060,,MOVE_TEMPERFLARE,CFRU_APPEND,やけっぱち,APPENDED,CFRU-JP技をappend-onlyで追加
MOVE_KEY_SUPERCELLSLAM,1061,,MOVE_SUPERCELLSLAM,CFRU_APPEND,サンダーダイブ,APPENDED,CFRU-JP技をappend-onlyで追加
MOVE_KEY_PSYCHICNOISE,1062,,MOVE_PSYCHICNOISE,CFRU_APPEND,サイコノイズ,APPENDED,CFRU-JP技をappend-onlyで追加
