species_key,id,vega_id,dpe_id,dpe_symbol,classification,display_name,form_key,is_official,canonical_national_dex,review_state,status,notes
SPECIES_KEY_NONE,0,0,0,SPECIES_NONE,VEGA_DPE_CANONICAL,？？？？？,,false,0,AUTO_REVIEWED_UNIQUE_NAME,FROZEN,
SPECIES_KEY_VEGA_001,1,1,,,VEGA_ORIGINAL,リープン,,false,0,REVIEWED_VEGA_ORIGINAL,FROZEN,
SPECIES_KEY_VEGA_002,2,2,,,VEGA_ORIGINAL,リーティン,,false,0,REVIEWED_VEGA_ORIGINAL,FROZEN,
SPECIES_KEY_VEGA_003,3,3,,,VEGA_ORIGINAL,リーテイル,,false,0,REVIEWED_VEGA_ORIGINAL,FROZEN,
SPECIES_KEY_VEGA_004,4,4,,,VEGA_ORIGINAL,ファマー,,false,0,REVIEWED_VEGA_ORIGINAL,FROZEN,
SPECIES_KEY_VEGA_005,5,5,,,VEGA_ORIGINAL,ファイマー,,false,0,REVIEWED_VEGA_ORIGINAL,FROZEN,
SPECIES_KEY_VEGA_006,6,6,,,VEGA_ORIGINAL,ファマイン,,false,0,REVIEWED_VEGA_ORIGINAL,FROZEN,
SPECIES_KEY_VEGA_007,7,7,,,VEGA_ORIGINAL,アクタシ,,false,0,REVIEWED_VEGA_ORIGINAL,FROZEN,
SPECIES_KEY_VEGA_008,8,8,,,VEGA_ORIGINAL,レクオレ,,false,0,REVIEWED_VEGA_ORIGINAL,FROZEN,
SPECIES_KEY_VEGA_009,9,9,,,VEGA_ORIGINAL,タテボーシ,,false,0,REVIEWED_VEGA_ORIGINAL,FROZEN,
SPECIES_KEY_TAILLOW,10,10,304,SPECIES_TAILLOW,VEGA_DPE_CANONICAL,スバメ,,true,276,AUTO_REVIEWED_UNIQUE_NAME,FROZEN,
SPECIES_KEY_SWELLOW,11,11,305,SPECIES_SWELLOW,VEGA_DPE_CANONICAL,オオスバメ,,true,277,AUTO_REVIEWED_UNIQUE_NAME,FROZEN,
SPECIES_KEY_RIOLU,12,12,500,SPECIES_RIOLU,VEGA_DPE_CANONICAL,リオル,,true,447,AUTO_REVIEWED_UNIQUE_NAME,FROZEN,
SPECIES_KEY_LUCARIO,13,13,501,SPECIES_LUCARIO,VEGA_DPE_CANONICAL,ルカリオ,,true,448,AUTO_REVIEWED_UNIQUE_NAME,FROZEN,
SPECIES_KEY_HOUNDOUR,14,14,228,SPECIES_HOUNDOUR,VEGA_DPE_CANONICAL,デルビル,,true,228,AUTO_REVIEWED_UNIQUE_NAME,FROZEN,
SPECIES_KEY_HOUNDOOM,15,15,229,SPECIES_HOUNDOOM,VEGA_DPE_CANONICAL,ヘルガー,,true,229,AUTO_REVIEWED_UNIQUE_NAME,FROZEN,
SPECIES_KEY_DIGLETT,16,16,50,SPECIES_DIGLETT,VEGA_DPE_CANONICAL,ディグダ,,true,50,AUTO_REVIEWED_UNIQUE_NAME,FROZEN,
SPECIES_KEY_DUGTRIO,17,17,51,SPECIES_DUGTRIO,VEGA_DPE_CANONICAL,ダグトリオ,,true,51,AUTO_REVIEWED_UNIQUE_NAME,FROZEN,
SPECIES_KEY_TOGEPI,18,18,175,SPECIES_TOGEPI,VEGA_DPE_CANONICAL,トゲピー,,true,175,AUTO_REVIEWED_UNIQUE_NAME,FROZEN,
SPECIES_KEY_TOGETIC,19,19,176,SPECIES_TOGETIC,VEGA_DPE_CANONICAL,トゲチック,,true,176,AUTO_REVIEWED_UNIQUE_NAME,FROZEN,
SPECIES_KEY_TOGEKISS,20,20,521,SPECIES_TOGEKISS,VEGA_DPE_CANONICAL,トゲキッス,,true,468,AUTO_REVIEWED_UNIQUE_NAME,FROZEN,
SPECIES_KEY_VEGA_021,21,21,,,VEGA_ORIGINAL,フロン,,false,0,REVIEWED_VEGA_ORIGINAL,FROZEN,
SPECIES_KEY_VEGA_022,22,22,,,VEGA_ORIGINAL,フロルル,,false,0,REVIEWED_VEGA_ORIGINAL,FROZEN,
SPECIES_KEY_VEGA_023,23,23,,,VEGA_ORIGINAL,フローリア,,false,0,REVIEWED_VEGA_ORIGINAL,FROZEN,
SPECIES_KEY_PICHU,24,24,172,SPECIES_PICHU,VEGA_DPE_CANONICAL,ピチュー,,true,172,AUTO_REVIEWED_UNIQUE_NAME,FROZEN,
SPECIES_KEY_PIKACHU,25,25,25,SPECIES_PIKACHU,VEGA_DPE_CANONICAL,ピカチュウ,,true,25,AUTO_REVIEWED_UNIQUE_NAME,FROZEN,
SPECIES_KEY_RAICHU,26,26,26,SPECIES_RAICHU,VEGA_DPE_CANONICAL,ライチュウ,,true,26,AUTO_REVIEWED_UNIQUE_NAME,FROZEN,
SPECIES_KEY_VEGA_027,27,27,,,VEGA_ORIGINAL,ゴリチュウ,,false,0,REVIEWED_VEGA_ORIGINAL,FROZEN,
SPECIES_KEY_SKARMORY,28,28,227,SPECIES_SKARMORY,VEGA_DPE_CANONICAL,エアームド,,true,227,AUTO_REVIEWED_UNIQUE_NAME,FROZEN,
SPECIES_KEY_NIDORAN_F,29,29,29,SPECIES_NIDORAN_F,VEGA_DPE_CANONICAL,ニドラン♀,,true,29,AUTO_REVIEWED_UNIQUE_NAME,FROZEN,
SPECIES_KEY_NIDORINA,30,30,30,SPECIES_NIDORINA,VEGA_DPE_CANONICAL,ニドリーナ,,true,30,AUTO_REVIEWED_UNIQUE_NAME,FROZEN,
SPECIES_KEY_NIDOQUEEN,31,31,31,SPECIES_NIDOQUEEN,VEGA_DPE_CANONICAL,ニドクイン,,true,31,AUTO_REVIEWED_UNIQUE_NAME,FROZEN,
SPECIES_KEY_NIDORAN_M,32,32,32,SPECIES_NIDORAN_M,VEGA_DPE_CANONICAL,ニドラン♂,,true,32,AUTO_REVIEWED_UNIQUE_NAME,FROZEN,
SPECIES_KEY_NIDORINO,33,33,33,SPECIES_NIDORINO,VEGA_DPE_CANONICAL,ニドリーノ,,true,33,AUTO_REVIEWED_UNIQUE_NAME,FROZEN,
SPECIES_KEY_NIDOKING,34,34,34,SPECIES_NIDOKING,VEGA_DPE_CANONICAL,ニドキング,,true,34,AUTO_REVIEWED_UNIQUE_NAME,FROZEN,
SPECIES_KEY_BUIZEL,35,35,471,SPECIES_BUIZEL,VEGA_DPE_CANONICAL,ブイゼル,,true,418,AUTO_REVIEWED_UNIQUE_NAME,FROZEN,
SPECIES_KEY_FLOATZEL,36,36,472,SPECIES_FLOATZEL,VEGA_DPE_CANONICAL,フローゼル,,true,419,AUTO_REVIEWED_UNIQUE_NAME,FROZEN,
SPECIES_KEY_VEGA_037,37,37,,,VEGA_ORIGINAL,ララベリー,,false,0,REVIEWED_VEGA_ORIGINAL,FROZEN,
SPECIES_KEY_VEGA_038,38,38,,,VEGA_ORIGINAL,セラーナ,,false,0,REVIEWED_VEGA_ORIGINAL,FROZEN,
SPECIES_KEY_PINECO,39,39,204,SPECIES_PINECO,VEGA_DPE_CANONICAL,クヌギダマ,,true,204,AUTO_REVIEWED_UNIQUE_NAME,FROZEN,
SPECIES_KEY_FORRETRESS,40,40,205,SPECIES_FORRETRESS,VEGA_DPE_CANONICAL,フォレトス,,true,205,AUTO_REVIEWED_UNIQUE_NAME,FROZEN,
SPECIES_KEY_SHELLDER,41,41,90,SPECIES_SHELLDER,VEGA_DPE_CANONICAL,シェルダー,,true,90,AUTO_REVIEWED_UNIQUE_NAME,FROZEN,
SPECIES_KEY_CLOYSTER,42,42,91,SPECIES_CLOYSTER,VEGA_DPE_CANONICAL,パルシェン,,true,91,AUTO_REVIEWED_UNIQUE_NAME,FROZEN,
SPECIES_KEY_VEGA_043,43,43,,,VEGA_ORIGINAL,マホース,,false,0,REVIEWED_VEGA_ORIGINAL,FROZEN,
SPECIES_KEY_VEGA_044,44,44,,,VEGA_ORIGINAL,ペガーン,,false,0,REVIEWED_VEGA_ORIGINAL,FROZEN,
SPECIES_KEY_VEGA_045,45,45,,,VEGA_ORIGINAL,ユニサス,,false,0,REVIEWED_VEGA_ORIGINAL,FROZEN,
SPECIES_KEY_TYROGUE,46,46,236,SPECIES_TYROGUE,VEGA_DPE_CANONICAL,バルキー,,true,236,AUTO_REVIEWED_UNIQUE_NAME,FROZEN,
SPECIES_KEY_HITMONLEE,47,47,106,SPECIES_HITMONLEE,VEGA_DPE_CANONICAL,サワムラー,,true,106,AUTO_REVIEWED_UNIQUE_NAME,FROZEN,
SPECIES_KEY_HITMONCHAN,48,48,107,SPECIES_HITMONCHAN,VEGA_DPE_CANONICAL,エビワラー,,true,107,AUTO_REVIEWED_UNIQUE_NAME,FROZEN,
SPECIES_KEY_HITMONTOP,49,49,237,SPECIES_HITMONTOP,VEGA_DPE_CANONICAL,カポエラー,,true,237,AUTO_REVIEWED_UNIQUE_NAME,FROZEN,
SPECIES_KEY_VEGA_050,50,50,,,VEGA_ORIGINAL,ライノス,,false,0,REVIEWED_VEGA_ORIGINAL,FROZEN,
SPECIES_KEY_VEGA_051,51,51,,,VEGA_ORIGINAL,メタゲラス,,false,0,REVIEWED_VEGA_ORIGINAL,FROZEN,
SPECIES_KEY_ABSOL,52,52,376,SPECIES_ABSOL,VEGA_DPE_CANONICAL,アブソル,,true,359,AUTO_REVIEWED_UNIQUE_NAME,FROZEN,
SPECIES_KEY_VEGA_053,53,53,,,VEGA_ORIGINAL,ディザソル,,false,0,REVIEWED_VEGA_ORIGINAL,FROZEN,
SPECIES_KEY_GIRAFARIG,54,54,203,SPECIES_GIRAFARIG,VEGA_DPE_CANONICAL,キリンリキ,,true,203,AUTO_REVIEWED_UNIQUE_NAME,FROZEN,
SPECIES_KEY_VEGA_055,55,55,,,VEGA_ORIGINAL,フォリキー,,false,0,REVIEWED_VEGA_ORIGINAL,FROZEN,
SPECIES_KEY_VEGA_056,56,56,,,VEGA_ORIGINAL,バーニン,,false,0,REVIEWED_VEGA_ORIGINAL,FROZEN,
SPECIES_KEY_VEGA_057,57,57,,,VEGA_ORIGINAL,ファントマ,,false,0,REVIEWED_VEGA_ORIGINAL,FROZEN,
SPECIES_KEY_MAGNEMITE,58,58,81,SPECIES_MAGNEMITE,VEGA_DPE_CANONICAL,コイル,,true,81,AUTO_REVIEWED_UNIQUE_NAME,FROZEN,
SPECIES_KEY_MAGNETON,59,59,82,SPECIES_MAGNETON,VEGA_DPE_CANONICAL,レアコイル,,true,82,AUTO_REVIEWED_UNIQUE_NAME,FROZEN,
SPECIES_KEY_MAGNEZONE,60,60,515,SPECIES_MAGNEZONE,VEGA_DPE_CANONICAL,ジバコイル,,true,462,AUTO_REVIEWED_UNIQUE_NAME,FROZEN,
SPECIES_KEY_STARYU,61,61,120,SPECIES_STARYU,VEGA_DPE_CANONICAL,ヒトデマン,,true,120,AUTO_REVIEWED_UNIQUE_NAME,FROZEN,
SPECIES_KEY_STARMIE,62,62,121,SPECIES_STARMIE,VEGA_DPE_CANONICAL,スターミー,,true,121,AUTO_REVIEWED_UNIQUE_NAME,FROZEN,
SPECIES_KEY_GASTLY,63,63,92,SPECIES_GASTLY,VEGA_DPE_CANONICAL,ゴース,,true,92,AUTO_REVIEWED_UNIQUE_NAME,FROZEN,
SPECIES_KEY_HAUNTER,64,64,93,SPECIES_HAUNTER,VEGA_DPE_CANONICAL,ゴースト,,true,93,AUTO_REVIEWED_UNIQUE_NAME,FROZEN,
SPECIES_KEY_GENGAR,65,65,94,SPECIES_GENGAR,VEGA_DPE_CANONICAL,ゲンガー,,true,94,AUTO_REVIEWED_UNIQUE_NAME,FROZEN,
SPECIES_KEY_EXEGGCUTE,66,66,102,SPECIES_EXEGGCUTE,VEGA_DPE_CANONICAL,タマタマ,,true,102,AUTO_REVIEWED_UNIQUE_NAME,FROZEN,
SPECIES_KEY_EXEGGUTOR,67,67,103,SPECIES_EXEGGUTOR,VEGA_DPE_CANONICAL,ナッシー,,true,103,AUTO_REVIEWED_UNIQUE_NAME,FROZEN,
SPECIES_KEY_VEGA_068,68,68,,,VEGA_ORIGINAL,テディ,,false,0,REVIEWED_VEGA_ORIGINAL,FROZEN,
SPECIES_KEY_VEGA_069,69,69,,,VEGA_ORIGINAL,ググズリー,,false,0,REVIEWED_VEGA_ORIGINAL,FROZEN,
SPECIES_KEY_VEGA_070,70,70,,,VEGA_ORIGINAL,ハンタマ,,false,0,REVIEWED_VEGA_ORIGINAL,FROZEN,
SPECIES_KEY_RHYHORN,71,71,111,SPECIES_RHYHORN,VEGA_DPE_CANONICAL,サイホーン,,true,111,AUTO_REVIEWED_UNIQUE_NAME,FROZEN,
SPECIES_KEY_RHYDON,72,72,112,SPECIES_RHYDON,VEGA_DPE_CANONICAL,サイドン,,true,112,AUTO_REVIEWED_UNIQUE_NAME,FROZEN,
SPECIES_KEY_RHYPERIOR,73,73,517,SPECIES_RHYPERIOR,VEGA_DPE_CANONICAL,ドサイドン,,true,464,AUTO_REVIEWED_UNIQUE_NAME,FROZEN,
SPECIES_KEY_TROPIUS,74,74,369,SPECIES_TROPIUS,VEGA_DPE_CANONICAL,トロピウス,,true,357,AUTO_REVIEWED_UNIQUE_NAME,FROZEN,
SPECIES_KEY_PORYGON,75,75,137,SPECIES_PORYGON,VEGA_DPE_CANONICAL,ポリゴン,,true,137,AUTO_REVIEWED_UNIQUE_NAME,FROZEN,
SPECIES_KEY_PORYGON2,76,76,233,SPECIES_PORYGON2,VEGA_DPE_CANONICAL,ポリゴン2,,true,233,AUTO_REVIEWED_UNIQUE_NAME,FROZEN,
SPECIES_KEY_PORYGON_Z,77,77,527,SPECIES_PORYGON_Z,VEGA_DPE_CANONICAL,ポリゴンZ,,true,474,AUTO_REVIEWED_UNIQUE_NAME,FROZEN,
SPECIES_KEY_SPHEAL,78,78,341,SPECIES_SPHEAL,VEGA_DPE_CANONICAL,タマザラシ,,true,363,AUTO_REVIEWED_UNIQUE_NAME,FROZEN,
SPECIES_KEY_SEALEO,79,79,342,SPECIES_SEALEO,VEGA_DPE_CANONICAL,トドグラー,,true,364,AUTO_REVIEWED_UNIQUE_NAME,FROZEN,
SPECIES_KEY_WALREIN,80,80,343,SPECIES_WALREIN,VEGA_DPE_CANONICAL,トドゼルガ,,true,365,AUTO_REVIEWED_UNIQUE_NAME,FROZEN,
SPECIES_KEY_VEGA_081,81,81,,,VEGA_ORIGINAL,ダンゴロウ,,false,0,REVIEWED_VEGA_ORIGINAL,FROZEN,
SPECIES_KEY_VEGA_082,82,82,,,VEGA_ORIGINAL,マルマジロ,,false,0,REVIEWED_VEGA_ORIGINAL,FROZEN,
SPECIES_KEY_VEGA_083,83,83,,,VEGA_ORIGINAL,アロフィー,,false,0,REVIEWED_VEGA_ORIGINAL,FROZEN,
SPECIES_KEY_VEGA_084,84,84,,,VEGA_ORIGINAL,リーフィス,,false,0,REVIEWED_VEGA_ORIGINAL,FROZEN,
SPECIES_KEY_SNOVER,85,85,512,SPECIES_SNOVER,VEGA_DPE_CANONICAL,ユキカブリ,,true,459,AUTO_REVIEWED_UNIQUE_NAME,FROZEN,
SPECIES_KEY_ABOMASNOW,86,86,513,SPECIES_ABOMASNOW,VEGA_DPE_CANONICAL,ユキノオー,,true,460,AUTO_REVIEWED_UNIQUE_NAME,FROZEN,
SPECIES_KEY_VEGA_087,87,87,,,VEGA_ORIGINAL,ユカリア,,false,0,REVIEWED_VEGA_ORIGINAL,FROZEN,
SPECIES_KEY_VEGA_088,88,88,,,VEGA_ORIGINAL,ネクロシア,,false,0,REVIEWED_VEGA_ORIGINAL,FROZEN,
SPECIES_KEY_VEGA_089,89,89,,,VEGA_ORIGINAL,カプリン,,false,0,REVIEWED_VEGA_ORIGINAL,FROZEN,
SPECIES_KEY_VEGA_090,90,90,,,VEGA_ORIGINAL,ゴートン,,false,0,REVIEWED_VEGA_ORIGINAL,FROZEN,
SPECIES_KEY_VEGA_091,91,91,,,VEGA_ORIGINAL,バフォット,,false,0,REVIEWED_VEGA_ORIGINAL,FROZEN,
SPECIES_KEY_MILTANK,92,92,241,SPECIES_MILTANK,VEGA_DPE_CANONICAL,ミルタンク,,true,241,AUTO_REVIEWED_UNIQUE_NAME,FROZEN,
SPECIES_KEY_SHUCKLE,93,93,213,SPECIES_SHUCKLE,VEGA_DPE_CANONICAL,ツボツボ,,true,213,AUTO_REVIEWED_UNIQUE_NAME,FROZEN,
SPECIES_KEY_VEGA_094,94,94,,,VEGA_ORIGINAL,バードン,,false,0,REVIEWED_VEGA_ORIGINAL,FROZEN,
SPECIES_KEY_VEGA_095,95,95,,,VEGA_ORIGINAL,ゴルドー,,false,0,REVIEWED_VEGA_ORIGINAL,FROZEN,
SPECIES_KEY_VEGA_096,96,96,,,VEGA_ORIGINAL,フィニクス,,false,0,REVIEWED_VEGA_ORIGINAL,FROZEN,
SPECIES_KEY_VEGA_097,97,97,,,VEGA_ORIGINAL,クロッチ,,false,0,REVIEWED_VEGA_ORIGINAL,FROZEN,
SPECIES_KEY_VEGA_098,98,98,,,VEGA_ORIGINAL,コクジャク,,false,0,REVIEWED_VEGA_ORIGINAL,FROZEN,
SPECIES_KEY_VEGA_099,99,99,,,VEGA_ORIGINAL,シャミネ,,false,0,REVIEWED_VEGA_ORIGINAL,FROZEN,
SPECIES_KEY_VEGA_100,100,100,,,VEGA_ORIGINAL,コーシャン,,false,0,REVIEWED_VEGA_ORIGINAL,FROZEN,
SPECIES_KEY_VEGA_101,101,101,,,VEGA_ORIGINAL,プラズン,,false,0,REVIEWED_VEGA_ORIGINAL,FROZEN,
SPECIES_KEY_VEGA_102,102,102,,,VEGA_ORIGINAL,ボルトック,,false,0,REVIEWED_VEGA_ORIGINAL,FROZEN,
SPECIES_KEY_VEGA_103,103,103,,,VEGA_ORIGINAL,カワラベ,,false,0,REVIEWED_VEGA_ORIGINAL,FROZEN,
SPECIES_KEY_VEGA_104,104,104,,,VEGA_ORIGINAL,テペトラー,,false,0,REVIEWED_VEGA_ORIGINAL,FROZEN,
SPECIES_KEY_VEGA_105,105,105,,,VEGA_ORIGINAL,ロップル,,false,0,REVIEWED_VEGA_ORIGINAL,FROZEN,
SPECIES_KEY_VEGA_106,106,106,,,VEGA_ORIGINAL,オタクン,,false,0,REVIEWED_VEGA_ORIGINAL,FROZEN,
SPECIES_KEY_VEGA_107,107,107,,,VEGA_ORIGINAL,ネラー,,false,0,REVIEWED_VEGA_ORIGINAL,FROZEN,
SPECIES_KEY_VEGA_108,108,108,,,VEGA_ORIGINAL,ニートン,,false,0,REVIEWED_VEGA_ORIGINAL,FROZEN,
SPECIES_KEY_HOOTHOOT,109,109,163,SPECIES_HOOTHOOT,VEGA_DPE_CANONICAL,ホーホー,,true,163,AUTO_REVIEWED_UNIQUE_NAME,FROZEN,
SPECIES_KEY_NOCTOWL,110,110,164,SPECIES_NOCTOWL,VEGA_DPE_CANONICAL,ヨルノズク,,true,164,AUTO_REVIEWED_UNIQUE_NAME,FROZEN,
SPECIES_KEY_VEGA_111,111,111,,,VEGA_ORIGINAL,ハクタクン,,false,0,REVIEWED_VEGA_ORIGINAL,FROZEN,
SPECIES_KEY_ELEKID,112,112,239,SPECIES_ELEKID,VEGA_DPE_CANONICAL,エレキッド,,true,239,AUTO_REVIEWED_UNIQUE_NAME,FROZEN,
SPECIES_KEY_ELECTABUZZ,113,113,125,SPECIES_ELECTABUZZ,VEGA_DPE_CANONICAL,エレブー,,true,125,AUTO_REVIEWED_UNIQUE_NAME,FROZEN,
SPECIES_KEY_ELECTIVIRE,114,114,519,SPECIES_ELECTIVIRE,VEGA_DPE_CANONICAL,エレキブル,,true,466,AUTO_REVIEWED_UNIQUE_NAME,FROZEN,
SPECIES_KEY_MAGBY,115,115,240,SPECIES_MAGBY,VEGA_DPE_CANONICAL,ブビィ,,true,240,AUTO_REVIEWED_UNIQUE_NAME,FROZEN,
SPECIES_KEY_MAGMAR,116,116,126,SPECIES_MAGMAR,VEGA_DPE_CANONICAL,ブーバー,,true,126,AUTO_REVIEWED_UNIQUE_NAME,FROZEN,
SPECIES_KEY_MAGMORTAR,117,117,520,SPECIES_MAGMORTAR,VEGA_DPE_CANONICAL,ブーバーン,,true,467,AUTO_REVIEWED_UNIQUE_NAME,FROZEN,
SPECIES_KEY_KANGASKHAN,118,118,115,SPECIES_KANGASKHAN,VEGA_DPE_CANONICAL,ガルーラ,,true,115,AUTO_REVIEWED_UNIQUE_NAME,FROZEN,
SPECIES_KEY_LILEEP,119,119,388,SPECIES_LILEEP,VEGA_DPE_CANONICAL,リリーラ,,true,345,AUTO_REVIEWED_UNIQUE_NAME,FROZEN,
SPECIES_KEY_CRADILY,120,120,389,SPECIES_CRADILY,VEGA_DPE_CANONICAL,ユレイドル,,true,346,AUTO_REVIEWED_UNIQUE_NAME,FROZEN,
SPECIES_KEY_VEGA_121,121,121,,,VEGA_ORIGINAL,スミロドン,,false,0,REVIEWED_VEGA_ORIGINAL,FROZEN,
SPECIES_KEY_VEGA_122,122,122,,,VEGA_ORIGINAL,マカドゥス,,false,0,REVIEWED_VEGA_ORIGINAL,FROZEN,
SPECIES_KEY_AERODACTYL,123,123,142,SPECIES_AERODACTYL,VEGA_DPE_CANONICAL,プテラ,,true,142,AUTO_REVIEWED_UNIQUE_NAME,FROZEN,
SPECIES_KEY_LARVITAR,124,124,246,SPECIES_LARVITAR,VEGA_DPE_CANONICAL,ヨーギラス,,true,246,AUTO_REVIEWED_UNIQUE_NAME,FROZEN,
SPECIES_KEY_PUPITAR,125,125,247,SPECIES_PUPITAR,VEGA_DPE_CANONICAL,サナギラス,,true,247,AUTO_REVIEWED_UNIQUE_NAME,FROZEN,
SPECIES_KEY_TYRANITAR,126,126,248,SPECIES_TYRANITAR,VEGA_DPE_CANONICAL,バンギラス,,true,248,AUTO_REVIEWED_UNIQUE_NAME,FROZEN,
SPECIES_KEY_BELDUM,127,127,398,SPECIES_BELDUM,VEGA_DPE_CANONICAL,ダンバル,,true,374,AUTO_REVIEWED_UNIQUE_NAME,FROZEN,
SPECIES_KEY_METANG,128,128,399,SPECIES_METANG,VEGA_DPE_CANONICAL,メタング,,true,375,AUTO_REVIEWED_UNIQUE_NAME,FROZEN,
SPECIES_KEY_METAGROSS,129,129,400,SPECIES_METAGROSS,VEGA_DPE_CANONICAL,メタグロス,,true,376,AUTO_REVIEWED_UNIQUE_NAME,FROZEN,
SPECIES_KEY_GIBLE,130,130,496,SPECIES_GIBLE,VEGA_DPE_CANONICAL,フカマル,,true,443,AUTO_REVIEWED_UNIQUE_NAME,FROZEN,
SPECIES_KEY_GABITE,131,131,497,SPECIES_GABITE,VEGA_DPE_CANONICAL,ガバイト,,true,444,AUTO_REVIEWED_UNIQUE_NAME,FROZEN,
SPECIES_KEY_GARCHOMP,132,132,498,SPECIES_GARCHOMP,VEGA_DPE_CANONICAL,ガブリアス,,true,445,AUTO_REVIEWED_UNIQUE_NAME,FROZEN,
SPECIES_KEY_VEGA_133,133,133,,,VEGA_ORIGINAL,タツゴン,,false,0,REVIEWED_VEGA_ORIGINAL,FROZEN,
SPECIES_KEY_VEGA_134,134,134,,,VEGA_ORIGINAL,ラグーン,,false,0,REVIEWED_VEGA_ORIGINAL,FROZEN,
SPECIES_KEY_VEGA_135,135,135,,,VEGA_ORIGINAL,ドラドーン,,false,0,REVIEWED_VEGA_ORIGINAL,FROZEN,
SPECIES_KEY_ARTICUNO,136,136,144,SPECIES_ARTICUNO,VEGA_DPE_CANONICAL,フリーザー,,true,144,AUTO_REVIEWED_UNIQUE_NAME,FROZEN,
SPECIES_KEY_ZAPDOS,137,137,145,SPECIES_ZAPDOS,VEGA_DPE_CANONICAL,サンダー,,true,145,AUTO_REVIEWED_UNIQUE_NAME,FROZEN,
SPECIES_KEY_MOLTRES,138,138,146,SPECIES_MOLTRES,VEGA_DPE_CANONICAL,ファイヤー,,true,146,AUTO_REVIEWED_UNIQUE_NAME,FROZEN,
SPECIES_KEY_RAIKOU,139,139,243,SPECIES_RAIKOU,VEGA_DPE_CANONICAL,ライコウ,,true,243,AUTO_REVIEWED_UNIQUE_NAME,FROZEN,
SPECIES_KEY_ENTEI,140,140,244,SPECIES_ENTEI,VEGA_DPE_CANONICAL,エンテイ,,true,244,AUTO_REVIEWED_UNIQUE_NAME,FROZEN,
SPECIES_KEY_SUICUNE,141,141,245,SPECIES_SUICUNE,VEGA_DPE_CANONICAL,スイクン,,true,245,AUTO_REVIEWED_UNIQUE_NAME,FROZEN,
SPECIES_KEY_VEGA_142,142,142,,,VEGA_ORIGINAL,ライラプス,,false,0,REVIEWED_VEGA_ORIGINAL,FROZEN,
SPECIES_KEY_VEGA_143,143,143,,,VEGA_ORIGINAL,ガニメデ,,false,0,REVIEWED_VEGA_ORIGINAL,FROZEN,
SPECIES_KEY_VEGA_144,144,144,,,VEGA_ORIGINAL,ネメア,,false,0,REVIEWED_VEGA_ORIGINAL,FROZEN,
SPECIES_KEY_DIALGA,145,145,536,SPECIES_DIALGA,VEGA_DPE_CANONICAL,ディアルガ,,true,483,AUTO_REVIEWED_UNIQUE_NAME,FROZEN,
SPECIES_KEY_PALKIA,146,146,537,SPECIES_PALKIA,VEGA_DPE_CANONICAL,パルキア,,true,484,AUTO_REVIEWED_UNIQUE_NAME,FROZEN,
SPECIES_KEY_DARKRAI,147,147,544,SPECIES_DARKRAI,VEGA_DPE_CANONICAL,ダークライ,,true,491,AUTO_REVIEWED_UNIQUE_NAME,FROZEN,
SPECIES_KEY_LUGIA,148,148,249,SPECIES_LUGIA,VEGA_DPE_CANONICAL,ルギア,,true,249,AUTO_REVIEWED_UNIQUE_NAME,FROZEN,
SPECIES_KEY_HO_OH,149,149,250,SPECIES_HO_OH,VEGA_DPE_CANONICAL,ホウオウ,,true,250,AUTO_REVIEWED_UNIQUE_NAME,FROZEN,
SPECIES_KEY_MEWTWO,150,150,150,SPECIES_MEWTWO,VEGA_DPE_CANONICAL,ミュウツー,,true,150,AUTO_REVIEWED_UNIQUE_NAME,FROZEN,
SPECIES_KEY_MEW,151,151,151,SPECIES_MEW,VEGA_DPE_CANONICAL,ミュウ,,true,151,AUTO_REVIEWED_UNIQUE_NAME,FROZEN,
SPECIES_KEY_BULBASAUR,152,152,1,SPECIES_BULBASAUR,VEGA_DPE_CANONICAL,フシギダネ,,true,1,AUTO_REVIEWED_UNIQUE_NAME,FROZEN,
SPECIES_KEY_IVYSAUR,153,153,2,SPECIES_IVYSAUR,VEGA_DPE_CANONICAL,フシギソウ,,true,2,AUTO_REVIEWED_UNIQUE_NAME,FROZEN,
SPECIES_KEY_VENUSAUR,154,154,3,SPECIES_VENUSAUR,VEGA_DPE_CANONICAL,フシギバナ,,true,3,AUTO_REVIEWED_UNIQUE_NAME,FROZEN,
SPECIES_KEY_CHARMANDER,155,155,4,SPECIES_CHARMANDER,VEGA_DPE_CANONICAL,ヒトカゲ,,true,4,AUTO_REVIEWED_UNIQUE_NAME,FROZEN,
SPECIES_KEY_CHARMELEON,156,156,5,SPECIES_CHARMELEON,VEGA_DPE_CANONICAL,リザード,,true,5,AUTO_REVIEWED_UNIQUE_NAME,FROZEN,
SPECIES_KEY_CHARIZARD,157,157,6,SPECIES_CHARIZARD,VEGA_DPE_CANONICAL,リザードン,,true,6,AUTO_REVIEWED_UNIQUE_NAME,FROZEN,
SPECIES_KEY_SQUIRTLE,158,158,7,SPECIES_SQUIRTLE,VEGA_DPE_CANONICAL,ゼニガメ,,true,7,AUTO_REVIEWED_UNIQUE_NAME,FROZEN,
SPECIES_KEY_WARTORTLE,159,159,8,SPECIES_WARTORTLE,VEGA_DPE_CANONICAL,カメール,,true,8,AUTO_REVIEWED_UNIQUE_NAME,FROZEN,
SPECIES_KEY_BLASTOISE,160,160,9,SPECIES_BLASTOISE,VEGA_DPE_CANONICAL,カメックス,,true,9,AUTO_REVIEWED_UNIQUE_NAME,FROZEN,
SPECIES_KEY_VEGA_161,161,161,,,VEGA_ORIGINAL,バジール,,false,0,REVIEWED_VEGA_ORIGINAL,FROZEN,
SPECIES_KEY_VEGA_162,162,162,,,VEGA_ORIGINAL,バジルス,,false,0,REVIEWED_VEGA_ORIGINAL,FROZEN,
SPECIES_KEY_VEGA_163,163,163,,,VEGA_ORIGINAL,バジリール,,false,0,REVIEWED_VEGA_ORIGINAL,FROZEN,
SPECIES_KEY_VEGA_164,164,164,,,VEGA_ORIGINAL,コマシシ,,false,0,REVIEWED_VEGA_ORIGINAL,FROZEN,
SPECIES_KEY_VEGA_165,165,165,,,VEGA_ORIGINAL,コマレオ,,false,0,REVIEWED_VEGA_ORIGINAL,FROZEN,
SPECIES_KEY_VEGA_166,166,166,,,VEGA_ORIGINAL,コマレオン,,false,0,REVIEWED_VEGA_ORIGINAL,FROZEN,
SPECIES_KEY_VEGA_167,167,167,,,VEGA_ORIGINAL,トッコウオ,,false,0,REVIEWED_VEGA_ORIGINAL,FROZEN,
SPECIES_KEY_VEGA_168,168,168,,,VEGA_ORIGINAL,ボウソウオ,,false,0,REVIEWED_VEGA_ORIGINAL,FROZEN,
SPECIES_KEY_VEGA_169,169,169,,,VEGA_ORIGINAL,バクソウオ,,false,0,REVIEWED_VEGA_ORIGINAL,FROZEN,
SPECIES_KEY_VEGA_170,170,170,,,VEGA_ORIGINAL,チェキラ,,false,0,REVIEWED_VEGA_ORIGINAL,FROZEN,
SPECIES_KEY_VEGA_171,171,171,,,VEGA_ORIGINAL,チェキッド,,false,0,REVIEWED_VEGA_ORIGINAL,FROZEN,
SPECIES_KEY_VEGA_172,172,172,,,VEGA_ORIGINAL,チェキラス,,false,0,REVIEWED_VEGA_ORIGINAL,FROZEN,
SPECIES_KEY_VEGA_173,173,173,,,VEGA_ORIGINAL,リバード,,false,0,REVIEWED_VEGA_ORIGINAL,FROZEN,
SPECIES_KEY_VEGA_174,174,174,,,VEGA_ORIGINAL,ララミンゴ,,false,0,REVIEWED_VEGA_ORIGINAL,FROZEN,
SPECIES_KEY_PACHIRISU,175,175,470,SPECIES_PACHIRISU,VEGA_DPE_CANONICAL,パチリス,,true,417,AUTO_REVIEWED_UNIQUE_NAME,FROZEN,
SPECIES_KEY_VEGA_176,176,176,,,VEGA_ORIGINAL,パチリック,,false,0,REVIEWED_VEGA_ORIGINAL,FROZEN,
SPECIES_KEY_VEGA_177,177,177,,,VEGA_ORIGINAL,パンプリー,,false,0,REVIEWED_VEGA_ORIGINAL,FROZEN,
SPECIES_KEY_VEGA_178,178,178,,,VEGA_ORIGINAL,パンプッチ,,false,0,REVIEWED_VEGA_ORIGINAL,FROZEN,
SPECIES_KEY_VEGA_179,179,179,,,VEGA_ORIGINAL,ルナビット,,false,0,REVIEWED_VEGA_ORIGINAL,FROZEN,
SPECIES_KEY_VEGA_180,180,180,,,VEGA_ORIGINAL,ルナバイン,,false,0,REVIEWED_VEGA_ORIGINAL,FROZEN,
SPECIES_KEY_VEGA_181,181,181,,,VEGA_ORIGINAL,ウソギー,,false,0,REVIEWED_VEGA_ORIGINAL,FROZEN,
SPECIES_KEY_VEGA_182,182,182,,,VEGA_ORIGINAL,ウソドロ,,false,0,REVIEWED_VEGA_ORIGINAL,FROZEN,
SPECIES_KEY_DITTO,183,183,132,SPECIES_DITTO,VEGA_DPE_CANONICAL,メタモン,,true,132,AUTO_REVIEWED_UNIQUE_NAME,FROZEN,
SPECIES_KEY_SMOOCHUM,184,184,238,SPECIES_SMOOCHUM,VEGA_DPE_CANONICAL,ムチュール,,true,238,AUTO_REVIEWED_UNIQUE_NAME,FROZEN,
SPECIES_KEY_JYNX,185,185,124,SPECIES_JYNX,VEGA_DPE_CANONICAL,ルージュラ,,true,124,AUTO_REVIEWED_UNIQUE_NAME,FROZEN,
SPECIES_KEY_VEGA_186,186,186,,,VEGA_ORIGINAL,レジュリア,,false,0,REVIEWED_VEGA_ORIGINAL,FROZEN,
SPECIES_KEY_VEGA_187,187,187,,,VEGA_ORIGINAL,タダヌキ,,false,0,REVIEWED_VEGA_ORIGINAL,FROZEN,
SPECIES_KEY_VEGA_188,188,188,,,VEGA_ORIGINAL,オオムジナ,,false,0,REVIEWED_VEGA_ORIGINAL,FROZEN,
SPECIES_KEY_VEGA_189,189,189,,,VEGA_ORIGINAL,ポコキング,,false,0,REVIEWED_VEGA_ORIGINAL,FROZEN,
SPECIES_KEY_VEGA_190,190,190,,,VEGA_ORIGINAL,アスイーツ,,false,0,REVIEWED_VEGA_ORIGINAL,FROZEN,
SPECIES_KEY_VEGA_191,191,191,,,VEGA_ORIGINAL,コユキムシ,,false,0,REVIEWED_VEGA_ORIGINAL,FROZEN,
SPECIES_KEY_VEGA_192,192,192,,,VEGA_ORIGINAL,ユキタテハ,,false,0,REVIEWED_VEGA_ORIGINAL,FROZEN,
SPECIES_KEY_CHATOT,193,193,494,SPECIES_CHATOT,VEGA_DPE_CANONICAL,ペラップ,,true,441,AUTO_REVIEWED_UNIQUE_NAME,FROZEN,
SPECIES_KEY_VEGA_194,194,194,,,VEGA_ORIGINAL,オオペラー,,false,0,REVIEWED_VEGA_ORIGINAL,FROZEN,
SPECIES_KEY_VEGA_195,195,195,,,VEGA_ORIGINAL,オリバー,,false,0,REVIEWED_VEGA_ORIGINAL,FROZEN,
SPECIES_KEY_VEGA_196,196,196,,,VEGA_ORIGINAL,ランペルン,,false,0,REVIEWED_VEGA_ORIGINAL,FROZEN,
SPECIES_KEY_VEGA_197,197,197,,,VEGA_ORIGINAL,キーボン,,false,0,REVIEWED_VEGA_ORIGINAL,FROZEN,
SPECIES_KEY_LEDYBA,198,198,165,SPECIES_LEDYBA,VEGA_DPE_CANONICAL,レディバ,,true,165,AUTO_REVIEWED_UNIQUE_NAME,FROZEN,
SPECIES_KEY_LEDIAN,199,199,166,SPECIES_LEDIAN,VEGA_DPE_CANONICAL,レディアン,,true,166,AUTO_REVIEWED_UNIQUE_NAME,FROZEN,
SPECIES_KEY_VEGA_200,200,200,,,VEGA_ORIGINAL,レディバル,,false,0,REVIEWED_VEGA_ORIGINAL,FROZEN,
SPECIES_KEY_UNOWN,201,201,201,SPECIES_UNOWN,VEGA_DPE_CANONICAL,アンノーン,,true,201,AUTO_REVIEWED_UNIQUE_NAME,FROZEN,
SPECIES_KEY_VEGA_202,202,202,,,VEGA_ORIGINAL,ケンタル,,false,0,REVIEWED_VEGA_ORIGINAL,FROZEN,
SPECIES_KEY_TAUROS,203,203,128,SPECIES_TAUROS,VEGA_DPE_CANONICAL,ケンタロス,,true,128,AUTO_REVIEWED_UNIQUE_NAME,FROZEN,
SPECIES_KEY_LUNATONE,204,204,348,SPECIES_LUNATONE,VEGA_DPE_CANONICAL,ルナトーン,,true,337,AUTO_REVIEWED_UNIQUE_NAME,FROZEN,
SPECIES_KEY_SOLROCK,205,205,349,SPECIES_SOLROCK,VEGA_DPE_CANONICAL,ソルロック,,true,338,AUTO_REVIEWED_UNIQUE_NAME,FROZEN,
SPECIES_KEY_VEGA_206,206,206,,,VEGA_ORIGINAL,アスリスク,,false,0,REVIEWED_VEGA_ORIGINAL,FROZEN,
SPECIES_KEY_VEGA_207,207,207,,,VEGA_ORIGINAL,プラネム,,false,0,REVIEWED_VEGA_ORIGINAL,FROZEN,
SPECIES_KEY_VEGA_208,208,208,,,VEGA_ORIGINAL,モドラ,,false,0,REVIEWED_VEGA_ORIGINAL,FROZEN,
SPECIES_KEY_VEGA_209,209,209,,,VEGA_ORIGINAL,コモラゴン,,false,0,REVIEWED_VEGA_ORIGINAL,FROZEN,
SPECIES_KEY_REMORAID,210,210,223,SPECIES_REMORAID,VEGA_DPE_CANONICAL,テッポウオ,,true,223,AUTO_REVIEWED_UNIQUE_NAME,FROZEN,
SPECIES_KEY_OCTILLERY,211,211,224,SPECIES_OCTILLERY,VEGA_DPE_CANONICAL,オクタン,,true,224,AUTO_REVIEWED_UNIQUE_NAME,FROZEN,
SPECIES_KEY_TENTACOOL,212,212,72,SPECIES_TENTACOOL,VEGA_DPE_CANONICAL,メノクラゲ,,true,72,AUTO_REVIEWED_UNIQUE_NAME,FROZEN,
SPECIES_KEY_TENTACRUEL,213,213,73,SPECIES_TENTACRUEL,VEGA_DPE_CANONICAL,ドククラゲ,,true,73,AUTO_REVIEWED_UNIQUE_NAME,FROZEN,
SPECIES_KEY_VEGA_214,214,214,,,VEGA_ORIGINAL,ヤミクラゲ,,false,0,REVIEWED_VEGA_ORIGINAL,FROZEN,
SPECIES_KEY_VEGA_215,215,215,,,VEGA_ORIGINAL,コイナリ,,false,0,REVIEWED_VEGA_ORIGINAL,FROZEN,
SPECIES_KEY_VEGA_216,216,216,,,VEGA_ORIGINAL,オオイナリ,,false,0,REVIEWED_VEGA_ORIGINAL,FROZEN,
SPECIES_KEY_VEGA_217,217,217,,,VEGA_ORIGINAL,キャンペル,,false,0,REVIEWED_VEGA_ORIGINAL,FROZEN,
SPECIES_KEY_VEGA_218,218,218,,,VEGA_ORIGINAL,ホムロソク,,false,0,REVIEWED_VEGA_ORIGINAL,FROZEN,
SPECIES_KEY_VEGA_219,219,219,,,VEGA_ORIGINAL,ガレキダマ,,false,0,REVIEWED_VEGA_ORIGINAL,FROZEN,
SPECIES_KEY_VEGA_220,220,220,,,VEGA_ORIGINAL,ジバクン,,false,0,REVIEWED_VEGA_ORIGINAL,FROZEN,
SPECIES_KEY_VEGA_221,221,221,,,VEGA_ORIGINAL,ワラコゾウ,,false,0,REVIEWED_VEGA_ORIGINAL,FROZEN,
SPECIES_KEY_VEGA_222,222,222,,,VEGA_ORIGINAL,ワラガシラ,,false,0,REVIEWED_VEGA_ORIGINAL,FROZEN,
SPECIES_KEY_VOLTORB,223,223,100,SPECIES_VOLTORB,VEGA_DPE_CANONICAL,ビリリダマ,,true,100,AUTO_REVIEWED_UNIQUE_NAME,FROZEN,
SPECIES_KEY_ELECTRODE,224,224,101,SPECIES_ELECTRODE,VEGA_DPE_CANONICAL,マルマイン,,true,101,AUTO_REVIEWED_UNIQUE_NAME,FROZEN,
SPECIES_KEY_VEGA_225,225,225,,,VEGA_ORIGINAL,ドルマイン,,false,0,REVIEWED_VEGA_ORIGINAL,FROZEN,
SPECIES_KEY_MURKROW,226,226,198,SPECIES_MURKROW,VEGA_DPE_CANONICAL,ヤミカラス,,true,198,AUTO_REVIEWED_UNIQUE_NAME,FROZEN,
SPECIES_KEY_HONCHKROW,227,227,483,SPECIES_HONCHKROW,VEGA_DPE_CANONICAL,ドンカラス,,true,430,AUTO_REVIEWED_UNIQUE_NAME,FROZEN,
SPECIES_KEY_WHISMUR,228,228,370,SPECIES_WHISMUR,VEGA_DPE_CANONICAL,ゴニョニョ,,true,293,AUTO_REVIEWED_UNIQUE_NAME,FROZEN,
SPECIES_KEY_LOUDRED,229,229,371,SPECIES_LOUDRED,VEGA_DPE_CANONICAL,ドゴーム,,true,294,AUTO_REVIEWED_UNIQUE_NAME,FROZEN,
SPECIES_KEY_EXPLOUD,230,230,372,SPECIES_EXPLOUD,VEGA_DPE_CANONICAL,バクオング,,true,295,AUTO_REVIEWED_UNIQUE_NAME,FROZEN,
SPECIES_KEY_KRABBY,231,231,98,SPECIES_KRABBY,VEGA_DPE_CANONICAL,クラブ,,true,98,AUTO_REVIEWED_UNIQUE_NAME,FROZEN,
SPECIES_KEY_KINGLER,232,232,99,SPECIES_KINGLER,VEGA_DPE_CANONICAL,キングラー,,true,99,AUTO_REVIEWED_UNIQUE_NAME,FROZEN,
SPECIES_KEY_VEGA_233,233,233,,,VEGA_ORIGINAL,プカスカ,,false,0,REVIEWED_VEGA_ORIGINAL,FROZEN,
SPECIES_KEY_VEGA_234,234,234,,,VEGA_ORIGINAL,スモーガス,,false,0,REVIEWED_VEGA_ORIGINAL,FROZEN,
SPECIES_KEY_VEGA_235,235,235,,,VEGA_ORIGINAL,ココロン,,false,0,REVIEWED_VEGA_ORIGINAL,FROZEN,
SPECIES_KEY_VEGA_236,236,236,,,VEGA_ORIGINAL,カモドック,,false,0,REVIEWED_VEGA_ORIGINAL,FROZEN,
SPECIES_KEY_VEGA_237,237,237,,,VEGA_ORIGINAL,トノッパー,,false,0,REVIEWED_VEGA_ORIGINAL,FROZEN,
SPECIES_KEY_VEGA_238,238,238,,,VEGA_ORIGINAL,ガルラーダ,,false,0,REVIEWED_VEGA_ORIGINAL,FROZEN,
SPECIES_KEY_VEGA_239,239,239,,,VEGA_ORIGINAL,ハサーガ,,false,0,REVIEWED_VEGA_ORIGINAL,FROZEN,
SPECIES_KEY_VEGA_240,240,240,,,VEGA_ORIGINAL,アメクジ,,false,0,REVIEWED_VEGA_ORIGINAL,FROZEN,
SPECIES_KEY_VEGA_241,241,241,,,VEGA_ORIGINAL,アメリシア,,false,0,REVIEWED_VEGA_ORIGINAL,FROZEN,
SPECIES_KEY_VEGA_242,242,242,,,VEGA_ORIGINAL,カララン,,false,0,REVIEWED_VEGA_ORIGINAL,FROZEN,
SPECIES_KEY_VEGA_243,243,243,,,VEGA_ORIGINAL,カンカーン,,false,0,REVIEWED_VEGA_ORIGINAL,FROZEN,
SPECIES_KEY_VEGA_244,244,244,,,VEGA_ORIGINAL,クラウン,,false,0,REVIEWED_VEGA_ORIGINAL,FROZEN,
SPECIES_KEY_VEGA_245,245,245,,,VEGA_ORIGINAL,テイルーン,,false,0,REVIEWED_VEGA_ORIGINAL,FROZEN,
SPECIES_KEY_VEGA_246,246,246,,,VEGA_ORIGINAL,モグルトン,,false,0,REVIEWED_VEGA_ORIGINAL,FROZEN,
SPECIES_KEY_SNEASEL,247,247,215,SPECIES_SNEASEL,VEGA_DPE_CANONICAL,ニューラ,,true,215,AUTO_REVIEWED_UNIQUE_NAME,FROZEN,
SPECIES_KEY_WEAVILE,248,248,514,SPECIES_WEAVILE,VEGA_DPE_CANONICAL,マニューラ,,true,461,AUTO_REVIEWED_UNIQUE_NAME,FROZEN,
SPECIES_KEY_SHROOMISH,249,249,306,SPECIES_SHROOMISH,VEGA_DPE_CANONICAL,キノココ,,true,285,AUTO_REVIEWED_UNIQUE_NAME,FROZEN,
SPECIES_KEY_BRELOOM,250,250,307,SPECIES_BRELOOM,VEGA_DPE_CANONICAL,キノガッサ,,true,286,AUTO_REVIEWED_UNIQUE_NAME,FROZEN,
SPECIES_KEY_VEGA_251,251,251,,,VEGA_ORIGINAL,ラクチャン,,false,0,REVIEWED_VEGA_ORIGINAL,FROZEN,
SPECIES_KEY_VEGA_252,252,252,,,VEGA_ORIGINAL,フシギバナ,,false,0,REVIEWED_VEGA_ORIGINAL,FROZEN,
SPECIES_KEY_VEGA_253,253,253,,,VEGA_ORIGINAL,リザードン,,false,0,REVIEWED_VEGA_ORIGINAL,FROZEN,
SPECIES_KEY_VEGA_254,254,254,,,VEGA_ORIGINAL,カメックス,,false,0,REVIEWED_VEGA_ORIGINAL,FROZEN,
SPECIES_KEY_SCYTHER,255,255,123,SPECIES_SCYTHER,VEGA_DPE_CANONICAL,ストライク,,true,123,AUTO_REVIEWED_UNIQUE_NAME,FROZEN,
SPECIES_KEY_VEGA_256,256,256,,,VEGA_ORIGINAL,ピカチュウ,,false,0,REVIEWED_VEGA_ORIGINAL,FROZEN,
SPECIES_KEY_VEGA_257,257,257,,,VEGA_ORIGINAL,アスフィア,,false,0,REVIEWED_VEGA_ORIGINAL,FROZEN,
SPECIES_KEY_VEGA_258,258,258,,,VEGA_ORIGINAL,アスフィア,,false,0,REVIEWED_VEGA_ORIGINAL,FROZEN,
SPECIES_KEY_VEGA_259,259,259,,,VEGA_ORIGINAL,ラクチャン,,false,0,REVIEWED_VEGA_ORIGINAL,FROZEN,
SPECIES_KEY_VEGA_260,260,260,,,VEGA_ORIGINAL,ルギア,,false,0,REVIEWED_VEGA_ORIGINAL,FROZEN,
SPECIES_KEY_VEGA_261,261,261,,,VEGA_ORIGINAL,ディアルガ,,false,0,REVIEWED_VEGA_ORIGINAL,FROZEN,
SPECIES_KEY_VEGA_262,262,262,,,VEGA_ORIGINAL,ネメア,,false,0,REVIEWED_VEGA_ORIGINAL,FROZEN,
SPECIES_KEY_VEGA_263,263,263,,,VEGA_ORIGINAL,？,,false,0,REVIEWED_VEGA_ORIGINAL,FROZEN,
SPECIES_KEY_VEGA_264,264,264,,,VEGA_ORIGINAL,？,,false,0,REVIEWED_VEGA_ORIGINAL,FROZEN,
SPECIES_KEY_VEGA_265,265,265,,,VEGA_ORIGINAL,？,,false,0,REVIEWED_VEGA_ORIGINAL,FROZEN,
SPECIES_KEY_VEGA_266,266,266,,,VEGA_ORIGINAL,？,,false,0,REVIEWED_VEGA_ORIGINAL,FROZEN,
SPECIES_KEY_VEGA_267,267,267,,,VEGA_ORIGINAL,？,,false,0,REVIEWED_VEGA_ORIGINAL,FROZEN,
SPECIES_KEY_VEGA_268,268,268,,,VEGA_ORIGINAL,？,,false,0,REVIEWED_VEGA_ORIGINAL,FROZEN,
SPECIES_KEY_VEGA_269,269,269,,,VEGA_ORIGINAL,？,,false,0,REVIEWED_VEGA_ORIGINAL,FROZEN,
SPECIES_KEY_VEGA_270,270,270,,,VEGA_ORIGINAL,？,,false,0,REVIEWED_VEGA_ORIGINAL,FROZEN,
SPECIES_KEY_VEGA_271,271,271,,,VEGA_ORIGINAL,？,,false,0,REVIEWED_VEGA_ORIGINAL,FROZEN,
SPECIES_KEY_VEGA_272,272,272,,,VEGA_ORIGINAL,？,,false,0,REVIEWED_VEGA_ORIGINAL,FROZEN,
SPECIES_KEY_VEGA_273,273,273,,,VEGA_ORIGINAL,？,,false,0,REVIEWED_VEGA_ORIGINAL,FROZEN,
SPECIES_KEY_VEGA_274,274,274,,,VEGA_ORIGINAL,？,,false,0,REVIEWED_VEGA_ORIGINAL,FROZEN,
SPECIES_KEY_VEGA_275,275,275,,,VEGA_ORIGINAL,？,,false,0,REVIEWED_VEGA_ORIGINAL,FROZEN,
SPECIES_KEY_VEGA_276,276,276,,,VEGA_ORIGINAL,？,,false,0,REVIEWED_VEGA_ORIGINAL,FROZEN,
SPECIES_KEY_VEGA_277,277,277,,,VEGA_ORIGINAL,ドゴン,,false,0,REVIEWED_VEGA_ORIGINAL,FROZEN,
SPECIES_KEY_SABLEYE,278,278,322,SPECIES_SABLEYE,VEGA_DPE_CANONICAL,ヤミラミ,,true,302,AUTO_REVIEWED_UNIQUE_NAME,FROZEN,
SPECIES_KEY_VEGA_279,279,279,,,VEGA_ORIGINAL,トコヤミ,,false,0,REVIEWED_VEGA_ORIGINAL,FROZEN,
SPECIES_KEY_MAWILE,280,280,355,SPECIES_MAWILE,VEGA_DPE_CANONICAL,クチート,,true,303,AUTO_REVIEWED_UNIQUE_NAME,FROZEN,
SPECIES_KEY_VEGA_281,281,281,,,VEGA_ORIGINAL,クチールス,,false,0,REVIEWED_VEGA_ORIGINAL,FROZEN,
SPECIES_KEY_VEGA_282,282,282,,,VEGA_ORIGINAL,ストライク,,false,0,REVIEWED_VEGA_ORIGINAL,FROZEN,
SPECIES_KEY_SCIZOR,283,283,212,SPECIES_SCIZOR,VEGA_DPE_CANONICAL,ハッサム,,true,212,AUTO_REVIEWED_UNIQUE_NAME,FROZEN,
SPECIES_KEY_PINSIR,284,284,127,SPECIES_PINSIR,VEGA_DPE_CANONICAL,カイロス,,true,127,AUTO_REVIEWED_UNIQUE_NAME,FROZEN,
SPECIES_KEY_VEGA_285,285,285,,,VEGA_ORIGINAL,ガッツロス,,false,0,REVIEWED_VEGA_ORIGINAL,FROZEN,
SPECIES_KEY_EKANS,286,286,23,SPECIES_EKANS,VEGA_DPE_CANONICAL,アーボ,,true,23,AUTO_REVIEWED_UNIQUE_NAME,FROZEN,
SPECIES_KEY_ARBOK,287,287,24,SPECIES_ARBOK,VEGA_DPE_CANONICAL,アーボック,,true,24,AUTO_REVIEWED_UNIQUE_NAME,FROZEN,
SPECIES_KEY_VEGA_288,288,288,,,VEGA_ORIGINAL,アーボスク,,false,0,REVIEWED_VEGA_ORIGINAL,FROZEN,
SPECIES_KEY_KOFFING,289,289,109,SPECIES_KOFFING,VEGA_DPE_CANONICAL,ドガース,,true,109,AUTO_REVIEWED_UNIQUE_NAME,FROZEN,
SPECIES_KEY_WEEZING,290,290,110,SPECIES_WEEZING,VEGA_DPE_CANONICAL,マタドガス,,true,110,AUTO_REVIEWED_UNIQUE_NAME,FROZEN,
SPECIES_KEY_VEGA_291,291,291,,,VEGA_ORIGINAL,モアドガス,,false,0,REVIEWED_VEGA_ORIGINAL,FROZEN,
SPECIES_KEY_DUSKULL,292,292,361,SPECIES_DUSKULL,VEGA_DPE_CANONICAL,ヨマワル,,true,355,AUTO_REVIEWED_UNIQUE_NAME,FROZEN,
SPECIES_KEY_DUSCLOPS,293,293,362,SPECIES_DUSCLOPS,VEGA_DPE_CANONICAL,サマヨール,,true,356,AUTO_REVIEWED_UNIQUE_NAME,FROZEN,
SPECIES_KEY_DUSKNOIR,294,294,530,SPECIES_DUSKNOIR,VEGA_DPE_CANONICAL,ヨノワール,,true,477,AUTO_REVIEWED_UNIQUE_NAME,FROZEN,
SPECIES_KEY_LICKITUNG,295,295,108,SPECIES_LICKITUNG,VEGA_DPE_CANONICAL,ベロリンガ,,true,108,AUTO_REVIEWED_UNIQUE_NAME,FROZEN,
SPECIES_KEY_LICKILICKY,296,296,516,SPECIES_LICKILICKY,VEGA_DPE_CANONICAL,ベロベルト,,true,463,AUTO_REVIEWED_UNIQUE_NAME,FROZEN,
SPECIES_KEY_SPINARAK,297,297,167,SPECIES_SPINARAK,VEGA_DPE_CANONICAL,イトマル,,true,167,AUTO_REVIEWED_UNIQUE_NAME,FROZEN,
SPECIES_KEY_ARIADOS,298,298,168,SPECIES_ARIADOS,VEGA_DPE_CANONICAL,アリアドス,,true,168,AUTO_REVIEWED_UNIQUE_NAME,FROZEN,
SPECIES_KEY_JOLTIK,299,299,648,SPECIES_JOLTIK,VEGA_DPE_CANONICAL,バチュル,,true,595,AUTO_REVIEWED_UNIQUE_NAME,FROZEN,
SPECIES_KEY_GALVANTULA,300,300,649,SPECIES_GALVANTULA,VEGA_DPE_CANONICAL,デンチュラ,,true,596,AUTO_REVIEWED_UNIQUE_NAME,FROZEN,
SPECIES_KEY_NINCADA,301,301,301,SPECIES_NINCADA,VEGA_DPE_CANONICAL,ツチニン,,true,290,AUTO_REVIEWED_UNIQUE_NAME,FROZEN,
SPECIES_KEY_NINJASK,302,302,302,SPECIES_NINJASK,VEGA_DPE_CANONICAL,テッカニン,,true,291,AUTO_REVIEWED_UNIQUE_NAME,FROZEN,
SPECIES_KEY_SHEDINJA,303,303,303,SPECIES_SHEDINJA,VEGA_DPE_CANONICAL,ヌケニン,,true,292,AUTO_REVIEWED_UNIQUE_NAME,FROZEN,
SPECIES_KEY_VEGA_304,304,304,,,VEGA_ORIGINAL,マグッピ,,false,0,REVIEWED_VEGA_ORIGINAL,FROZEN,
SPECIES_KEY_VEGA_305,305,305,,,VEGA_ORIGINAL,ベタデーム,,false,0,REVIEWED_VEGA_ORIGINAL,FROZEN,
SPECIES_KEY_VEGA_306,306,306,,,VEGA_ORIGINAL,テッコンボ,,false,0,REVIEWED_VEGA_ORIGINAL,FROZEN,
SPECIES_KEY_VEGA_307,307,307,,,VEGA_ORIGINAL,ボンバット,,false,0,REVIEWED_VEGA_ORIGINAL,FROZEN,
SPECIES_KEY_SPINDA,308,308,308,SPECIES_SPINDA,VEGA_DPE_CANONICAL,パッチール,,true,327,AUTO_REVIEWED_UNIQUE_NAME,FROZEN,
SPECIES_KEY_RELICANTH,309,309,381,SPECIES_RELICANTH,VEGA_DPE_CANONICAL,ジーランス,,true,369,AUTO_REVIEWED_UNIQUE_NAME,FROZEN,
SPECIES_KEY_VEGA_310,310,310,,,VEGA_ORIGINAL,ダンカンス,,false,0,REVIEWED_VEGA_ORIGINAL,FROZEN,
SPECIES_KEY_VEGA_311,311,311,,,VEGA_ORIGINAL,ドサーモン,,false,0,REVIEWED_VEGA_ORIGINAL,FROZEN,
SPECIES_KEY_VEGA_312,312,312,,,VEGA_ORIGINAL,テッケン,,false,0,REVIEWED_VEGA_ORIGINAL,FROZEN,
SPECIES_KEY_SHUPPET,313,313,377,SPECIES_SHUPPET,VEGA_DPE_CANONICAL,カゲボウズ,,true,353,AUTO_REVIEWED_UNIQUE_NAME,FROZEN,
SPECIES_KEY_BANETTE,314,314,378,SPECIES_BANETTE,VEGA_DPE_CANONICAL,ジュペッタ,,true,354,AUTO_REVIEWED_UNIQUE_NAME,FROZEN,
SPECIES_KEY_RALTS,315,315,392,SPECIES_RALTS,VEGA_DPE_CANONICAL,ラルトス,,true,280,AUTO_REVIEWED_UNIQUE_NAME,FROZEN,
SPECIES_KEY_KIRLIA,316,316,393,SPECIES_KIRLIA,VEGA_DPE_CANONICAL,キルリア,,true,281,AUTO_REVIEWED_UNIQUE_NAME,FROZEN,
SPECIES_KEY_DWEBBLE,317,317,610,SPECIES_DWEBBLE,VEGA_DPE_CANONICAL,イシズマイ,,true,557,AUTO_REVIEWED_UNIQUE_NAME,FROZEN,
SPECIES_KEY_CACNEA,318,318,344,SPECIES_CACNEA,VEGA_DPE_CANONICAL,サボネア,,true,331,AUTO_REVIEWED_UNIQUE_NAME,FROZEN,
SPECIES_KEY_CACTURNE,319,319,345,SPECIES_CACTURNE,VEGA_DPE_CANONICAL,ノクタス,,true,332,AUTO_REVIEWED_UNIQUE_NAME,FROZEN,
SPECIES_KEY_VEGA_320,320,320,,,VEGA_ORIGINAL,ヒョウカク,,false,0,REVIEWED_VEGA_ORIGINAL,FROZEN,
SPECIES_KEY_PILOSWINE,321,321,221,SPECIES_PILOSWINE,VEGA_DPE_CANONICAL,イノムー,,true,221,AUTO_REVIEWED_UNIQUE_NAME,FROZEN,
SPECIES_KEY_GARDEVOIR,322,322,394,SPECIES_GARDEVOIR,VEGA_DPE_CANONICAL,サーナイト,,true,282,AUTO_REVIEWED_UNIQUE_NAME,FROZEN,
SPECIES_KEY_VEGA_323,323,323,,,VEGA_ORIGINAL,プレシオン,,false,0,REVIEWED_VEGA_ORIGINAL,FROZEN,
SPECIES_KEY_LAPRAS,324,324,131,SPECIES_LAPRAS,VEGA_DPE_CANONICAL,ラプラス,,true,131,AUTO_REVIEWED_UNIQUE_NAME,FROZEN,
SPECIES_KEY_LILLIGANT,325,325,602,SPECIES_LILLIGANT,VEGA_DPE_CANONICAL,ドレディア,,true,549,AUTO_REVIEWED_UNIQUE_NAME,FROZEN,
SPECIES_KEY_VEGA_326,326,326,,,VEGA_ORIGINAL,メルリコ,,false,0,REVIEWED_VEGA_ORIGINAL,FROZEN,
SPECIES_KEY_VEGA_327,327,327,,,VEGA_ORIGINAL,サムラダケ,,false,0,REVIEWED_VEGA_ORIGINAL,FROZEN,
SPECIES_KEY_VEGA_328,328,328,,,VEGA_ORIGINAL,ブレイドン,,false,0,REVIEWED_VEGA_ORIGINAL,FROZEN,
SPECIES_KEY_VEGA_329,329,329,,,VEGA_ORIGINAL,ブレイオー,,false,0,REVIEWED_VEGA_ORIGINAL,FROZEN,
SPECIES_KEY_SKORUPI,330,330,504,SPECIES_SKORUPI,VEGA_DPE_CANONICAL,スコルピ,,true,451,AUTO_REVIEWED_UNIQUE_NAME,FROZEN,
SPECIES_KEY_DRAPION,331,331,505,SPECIES_DRAPION,VEGA_DPE_CANONICAL,ドラピオン,,true,452,AUTO_REVIEWED_UNIQUE_NAME,FROZEN,
SPECIES_KEY_CARNIVINE,332,332,508,SPECIES_CARNIVINE,VEGA_DPE_CANONICAL,マスキッパ,,true,455,AUTO_REVIEWED_UNIQUE_NAME,FROZEN,
SPECIES_KEY_VEGA_333,333,333,,,VEGA_ORIGINAL,アルデッパ,,false,0,REVIEWED_VEGA_ORIGINAL,FROZEN,
SPECIES_KEY_VEGA_334,334,334,,,VEGA_ORIGINAL,ゴキブロス,,false,0,REVIEWED_VEGA_ORIGINAL,FROZEN,
SPECIES_KEY_VEGA_335,335,335,,,VEGA_ORIGINAL,ビビッドン,,false,0,REVIEWED_VEGA_ORIGINAL,FROZEN,
SPECIES_KEY_VEGA_336,336,336,,,VEGA_ORIGINAL,ドルン,,false,0,REVIEWED_VEGA_ORIGINAL,FROZEN,
SPECIES_KEY_VEGA_337,337,337,,,VEGA_ORIGINAL,バーネッコ,,false,0,REVIEWED_VEGA_ORIGINAL,FROZEN,
SPECIES_KEY_VEGA_338,338,338,,,VEGA_ORIGINAL,コケゾー,,false,0,REVIEWED_VEGA_ORIGINAL,FROZEN,
SPECIES_KEY_VEGA_339,339,339,,,VEGA_ORIGINAL,オンネット,,false,0,REVIEWED_VEGA_ORIGINAL,FROZEN,
SPECIES_KEY_SWINUB,340,340,220,SPECIES_SWINUB,VEGA_DPE_CANONICAL,ウリムー,,true,220,AUTO_REVIEWED_UNIQUE_NAME,FROZEN,
SPECIES_KEY_DUNSPARCE,341,341,206,SPECIES_DUNSPARCE,VEGA_DPE_CANONICAL,ノコッチ,,true,206,AUTO_REVIEWED_UNIQUE_NAME,FROZEN,
SPECIES_KEY_VEGA_342,342,342,,,VEGA_ORIGINAL,ノコウテイ,,false,0,REVIEWED_VEGA_ORIGINAL,FROZEN,
SPECIES_KEY_FARFETCHD,343,343,83,SPECIES_FARFETCHED|SPECIES_FARFETCHD,VEGA_DPE_CANONICAL,カモネギ,,true,83,AUTO_REVIEWED_UNIQUE_NAME,FROZEN,
SPECIES_KEY_VEGA_344,344,344,,,VEGA_ORIGINAL,カミギリー,,false,0,REVIEWED_VEGA_ORIGINAL,FROZEN,
SPECIES_KEY_VEGA_345,345,345,,,VEGA_ORIGINAL,レファン,,false,0,REVIEWED_VEGA_ORIGINAL,FROZEN,
SPECIES_KEY_TORKOAL,346,346,321,SPECIES_TORKOAL,VEGA_DPE_CANONICAL,コータス,,true,324,AUTO_REVIEWED_UNIQUE_NAME,FROZEN,
SPECIES_KEY_VEGA_347,347,347,,,VEGA_ORIGINAL,ストータス,,false,0,REVIEWED_VEGA_ORIGINAL,FROZEN,
SPECIES_KEY_LUVDISC,348,348,325,SPECIES_LUVDISC,VEGA_DPE_CANONICAL,ラブカス,,true,370,AUTO_REVIEWED_UNIQUE_NAME,FROZEN,
SPECIES_KEY_VEGA_349,349,349,,,VEGA_ORIGINAL,ラブリン,,false,0,REVIEWED_VEGA_ORIGINAL,FROZEN,
SPECIES_KEY_VEGA_350,350,350,,,VEGA_ORIGINAL,オールガ,,false,0,REVIEWED_VEGA_ORIGINAL,FROZEN,
SPECIES_KEY_MAMOSWINE,351,351,526,SPECIES_MAMOSWINE,VEGA_DPE_CANONICAL,マンムー,,true,473,AUTO_REVIEWED_UNIQUE_NAME,FROZEN,
SPECIES_KEY_STUNFISK,352,352,671,SPECIES_STUNFISK,VEGA_DPE_CANONICAL,マッギョ,,true,618,AUTO_REVIEWED_UNIQUE_NAME,FROZEN,
SPECIES_KEY_VEGA_353,353,353,,,VEGA_ORIGINAL,ヒカリゴケ,,false,0,REVIEWED_VEGA_ORIGINAL,FROZEN,
SPECIES_KEY_CRYOGONAL,354,354,668,SPECIES_CRYOGONAL,VEGA_DPE_CANONICAL,フリージオ,,true,615,AUTO_REVIEWED_UNIQUE_NAME,FROZEN,
SPECIES_KEY_GALLADE,355,355,528,SPECIES_GALLADE,VEGA_DPE_CANONICAL,エルレイド,,true,475,AUTO_REVIEWED_UNIQUE_NAME,FROZEN,
SPECIES_KEY_VEGA_356,356,356,,,VEGA_ORIGINAL,セルディー,,false,0,REVIEWED_VEGA_ORIGINAL,FROZEN,
SPECIES_KEY_VEGA_357,357,357,,,VEGA_ORIGINAL,コゴボー,,false,0,REVIEWED_VEGA_ORIGINAL,FROZEN,
SPECIES_KEY_VEGA_358,358,358,,,VEGA_ORIGINAL,ガネーシャ,,false,0,REVIEWED_VEGA_ORIGINAL,FROZEN,
SPECIES_KEY_KLINK,359,359,652,SPECIES_KLINK,VEGA_DPE_CANONICAL,ギアル,,true,599,AUTO_REVIEWED_UNIQUE_NAME,FROZEN,
SPECIES_KEY_VEGA_360,360,360,,,VEGA_ORIGINAL,プレゼンタ,,false,0,REVIEWED_VEGA_ORIGINAL,FROZEN,
SPECIES_KEY_FERROTHORN,361,361,651,SPECIES_FERROTHORN,VEGA_DPE_CANONICAL,ナットレイ,,true,598,AUTO_REVIEWED_UNIQUE_NAME,FROZEN,
SPECIES_KEY_TYNAMO,362,362,655,SPECIES_TYNAMO,VEGA_DPE_CANONICAL,シビシラス,,true,602,AUTO_REVIEWED_UNIQUE_NAME,FROZEN,
SPECIES_KEY_GEODUDE,363,363,74,SPECIES_GEODUDE,VEGA_DPE_CANONICAL,イシツブテ,,true,74,AUTO_REVIEWED_UNIQUE_NAME,FROZEN,
SPECIES_KEY_HAPPINY,364,364,493,SPECIES_HAPPINY,VEGA_DPE_CANONICAL,ピンプク,,true,440,AUTO_REVIEWED_UNIQUE_NAME,FROZEN,
SPECIES_KEY_CHANSEY,365,365,113,SPECIES_CHANSEY,VEGA_DPE_CANONICAL,ラッキー,,true,113,AUTO_REVIEWED_UNIQUE_NAME,FROZEN,
SPECIES_KEY_BLISSEY,366,366,242,SPECIES_BLISSEY,VEGA_DPE_CANONICAL,ハピナス,,true,242,AUTO_REVIEWED_UNIQUE_NAME,FROZEN,
SPECIES_KEY_GRAVELER,367,367,75,SPECIES_GRAVELER,VEGA_DPE_CANONICAL,ゴローン,,true,75,AUTO_REVIEWED_UNIQUE_NAME,FROZEN,
SPECIES_KEY_GOLEM,368,368,76,SPECIES_GOLEM,VEGA_DPE_CANONICAL,ゴローニャ,,true,76,AUTO_REVIEWED_UNIQUE_NAME,FROZEN,
SPECIES_KEY_EELEKTRIK,369,369,656,SPECIES_EELEKTRIK,VEGA_DPE_CANONICAL,シビビール,,true,603,AUTO_REVIEWED_UNIQUE_NAME,FROZEN,
SPECIES_KEY_SANDSHREW,370,370,27,SPECIES_SANDSHREW,VEGA_DPE_CANONICAL,サンド,,true,27,AUTO_REVIEWED_UNIQUE_NAME,FROZEN,
SPECIES_KEY_SANDSLASH,371,371,28,SPECIES_SANDSLASH,VEGA_DPE_CANONICAL,サンドパン,,true,28,AUTO_REVIEWED_UNIQUE_NAME,FROZEN,
SPECIES_KEY_VEGA_372,372,372,,,VEGA_ORIGINAL,サンドリル,,false,0,REVIEWED_VEGA_ORIGINAL,FROZEN,
SPECIES_KEY_VEGA_373,373,373,,,VEGA_ORIGINAL,カモナイツ,,false,0,REVIEWED_VEGA_ORIGINAL,FROZEN,
SPECIES_KEY_SCRAGGY,374,374,612,SPECIES_SCRAGGY,VEGA_DPE_CANONICAL,ズルッグ,,true,559,AUTO_REVIEWED_UNIQUE_NAME,FROZEN,
SPECIES_KEY_SCRAFTY,375,375,613,SPECIES_SCRAFTY,VEGA_DPE_CANONICAL,ズルズキン,,true,560,AUTO_REVIEWED_UNIQUE_NAME,FROZEN,
SPECIES_KEY_DELIBIRD,376,376,225,SPECIES_DELIBIRD,VEGA_DPE_CANONICAL,デリバード,,true,225,AUTO_REVIEWED_UNIQUE_NAME,FROZEN,
SPECIES_KEY_CRUSTLE,377,377,611,SPECIES_CRUSTLE,VEGA_DPE_CANONICAL,イワパレス,,true,558,AUTO_REVIEWED_UNIQUE_NAME,FROZEN,
SPECIES_KEY_FERROSEED,378,378,650,SPECIES_FERROSEED,VEGA_DPE_CANONICAL,テッシード,,true,597,AUTO_REVIEWED_UNIQUE_NAME,FROZEN,
SPECIES_KEY_KLINKLANG,379,379,654,SPECIES_KLINKLANG,VEGA_DPE_CANONICAL,ギギギアル,,true,601,AUTO_REVIEWED_UNIQUE_NAME,FROZEN,
SPECIES_KEY_KLANG,380,380,653,SPECIES_KLANG,VEGA_DPE_CANONICAL,ギギアル,,true,600,AUTO_REVIEWED_UNIQUE_NAME,FROZEN,
SPECIES_KEY_PETILIL,381,381,601,SPECIES_PETILIL,VEGA_DPE_CANONICAL,チュリネ,,true,548,AUTO_REVIEWED_UNIQUE_NAME,FROZEN,
SPECIES_KEY_VEGA_382,382,382,,,VEGA_ORIGINAL,キルギシア,,false,0,REVIEWED_VEGA_ORIGINAL,FROZEN,
SPECIES_KEY_VEGA_383,383,383,,,VEGA_ORIGINAL,シルドール,,false,0,REVIEWED_VEGA_ORIGINAL,FROZEN,
SPECIES_KEY_VEGA_384,384,384,,,VEGA_ORIGINAL,セルシィ,,false,0,REVIEWED_VEGA_ORIGINAL,FROZEN,
SPECIES_KEY_VEGA_385,385,385,,,VEGA_ORIGINAL,テルテン,,false,0,REVIEWED_VEGA_ORIGINAL,FROZEN,
SPECIES_KEY_VEGA_386,386,386,,,VEGA_ORIGINAL,ワークロ,,false,0,REVIEWED_VEGA_ORIGINAL,FROZEN,
SPECIES_KEY_VEGA_387,387,387,,,VEGA_ORIGINAL,アリンセス,,false,0,REVIEWED_VEGA_ORIGINAL,FROZEN,
SPECIES_KEY_VEGA_388,388,388,,,VEGA_ORIGINAL,ティオルス,,false,0,REVIEWED_VEGA_ORIGINAL,FROZEN,
SPECIES_KEY_VEGA_389,389,389,,,VEGA_ORIGINAL,プテリクス,,false,0,REVIEWED_VEGA_ORIGINAL,FROZEN,
SPECIES_KEY_VEGA_390,390,390,,,VEGA_ORIGINAL,ティラノス,,false,0,REVIEWED_VEGA_ORIGINAL,FROZEN,
SPECIES_KEY_VEGA_391,391,391,,,VEGA_ORIGINAL,ブレイバー,,false,0,REVIEWED_VEGA_ORIGINAL,FROZEN,
SPECIES_KEY_VEGA_392,392,392,,,VEGA_ORIGINAL,ヤマネツ,,false,0,REVIEWED_VEGA_ORIGINAL,FROZEN,
SPECIES_KEY_VEGA_393,393,393,,,VEGA_ORIGINAL,ヒササビ,,false,0,REVIEWED_VEGA_ORIGINAL,FROZEN,
SPECIES_KEY_VEGA_394,394,394,,,VEGA_ORIGINAL,シャーモン,,false,0,REVIEWED_VEGA_ORIGINAL,FROZEN,
SPECIES_KEY_MIENFOO,395,395,672,SPECIES_MIENFOO,VEGA_DPE_CANONICAL,コジョフー,,true,619,AUTO_REVIEWED_UNIQUE_NAME,FROZEN,
SPECIES_KEY_MIENSHAO,396,396,673,SPECIES_MIENSHAO,VEGA_DPE_CANONICAL,コジョンド,,true,620,AUTO_REVIEWED_UNIQUE_NAME,FROZEN,
SPECIES_KEY_SANDILE,397,397,604,SPECIES_SANDILE,VEGA_DPE_CANONICAL,メグロコ,,true,551,AUTO_REVIEWED_UNIQUE_NAME,FROZEN,
SPECIES_KEY_KROKOROK,398,398,605,SPECIES_KROKOROK,VEGA_DPE_CANONICAL,ワルビル,,true,552,AUTO_REVIEWED_UNIQUE_NAME,FROZEN,
SPECIES_KEY_KROOKODILE,399,399,606,SPECIES_KROOKODILE,VEGA_DPE_CANONICAL,ワルビアル,,true,553,AUTO_REVIEWED_UNIQUE_NAME,FROZEN,
SPECIES_KEY_VEGA_400,400,400,,,VEGA_ORIGINAL,ロイツァー,,false,0,REVIEWED_VEGA_ORIGINAL,FROZEN,
SPECIES_KEY_VEGA_401,401,401,,,VEGA_ORIGINAL,ガタノア,,false,0,REVIEWED_VEGA_ORIGINAL,FROZEN,
SPECIES_KEY_VEGA_402,402,402,,,VEGA_ORIGINAL,テツカブリ,,false,0,REVIEWED_VEGA_ORIGINAL,FROZEN,
SPECIES_KEY_HEATRAN,403,403,538,SPECIES_HEATRAN,VEGA_DPE_CANONICAL,ヒードラン,,true,485,AUTO_REVIEWED_UNIQUE_NAME,FROZEN,
SPECIES_KEY_PHIONE,404,404,542,SPECIES_PHIONE,VEGA_DPE_CANONICAL,フィオネ,,true,489,AUTO_REVIEWED_UNIQUE_NAME,FROZEN,
SPECIES_KEY_MANAPHY,405,405,543,SPECIES_MANAPHY,VEGA_DPE_CANONICAL,マナフィ,,true,490,AUTO_REVIEWED_UNIQUE_NAME,FROZEN,
SPECIES_KEY_VEGA_406,406,406,,,VEGA_ORIGINAL,オルディナ,,false,0,REVIEWED_VEGA_ORIGINAL,FROZEN,
SPECIES_KEY_LATIAS,407,407,407,SPECIES_LATIAS,VEGA_DPE_CANONICAL,ラティアス,,true,380,AUTO_REVIEWED_UNIQUE_NAME,FROZEN,
SPECIES_KEY_LATIOS,408,408,408,SPECIES_LATIOS,VEGA_DPE_CANONICAL,ラティオス,,true,381,AUTO_REVIEWED_UNIQUE_NAME,FROZEN,
SPECIES_KEY_VEGA_409,409,409,,,VEGA_ORIGINAL,オルマリア,,false,0,REVIEWED_VEGA_ORIGINAL,FROZEN,
SPECIES_KEY_VEGA_410,410,410,,,VEGA_ORIGINAL,アスフィア,,false,0,REVIEWED_VEGA_ORIGINAL,FROZEN,
SPECIES_KEY_EELEKTROSS,411,411,657,SPECIES_EELEKTROSS,VEGA_DPE_CANONICAL,シビルドン,,true,604,AUTO_REVIEWED_UNIQUE_NAME,FROZEN,
SPECIES_KEY_CATERPIE,412,,10,SPECIES_CATERPIE,DPE_SPECIES_APPEND,キャタピー,,true,10,REVIEWED_DPE_APPEND,APPENDED,
SPECIES_KEY_METAPOD,413,,11,SPECIES_METAPOD,DPE_SPECIES_APPEND,トランセル,,true,11,REVIEWED_DPE_APPEND,APPENDED,
SPECIES_KEY_BUTTERFREE,414,,12,SPECIES_BUTTERFREE,DPE_SPECIES_APPEND,バタフリー,,true,12,REVIEWED_DPE_APPEND,APPENDED,
SPECIES_KEY_WEEDLE,415,,13,SPECIES_WEEDLE,DPE_SPECIES_APPEND,ビードル,,true,13,REVIEWED_DPE_APPEND,APPENDED,
SPECIES_KEY_KAKUNA,416,,14,SPECIES_KAKUNA,DPE_SPECIES_APPEND,コクーン,,true,14,REVIEWED_DPE_APPEND,APPENDED,
SPECIES_KEY_BEEDRILL,417,,15,SPECIES_BEEDRILL,DPE_SPECIES_APPEND,スピアー,,true,15,REVIEWED_DPE_APPEND,APPENDED,
SPECIES_KEY_PIDGEY,418,,16,SPECIES_PIDGEY,DPE_SPECIES_APPEND,ポッポ,,true,16,REVIEWED_DPE_APPEND,APPENDED,
SPECIES_KEY_PIDGEOTTO,419,,17,SPECIES_PIDGEOTTO,DPE_SPECIES_APPEND,ピジョン,,true,17,REVIEWED_DPE_APPEND,APPENDED,
SPECIES_KEY_PIDGEOT,420,,18,SPECIES_PIDGEOT,DPE_SPECIES_APPEND,ピジョット,,true,18,REVIEWED_DPE_APPEND,APPENDED,
SPECIES_KEY_RATTATA,421,,19,SPECIES_RATTATA,DPE_SPECIES_APPEND,コラッタ,,true,19,REVIEWED_DPE_APPEND,APPENDED,
SPECIES_KEY_RATICATE,422,,20,SPECIES_RATICATE,DPE_SPECIES_APPEND,ラッタ,,true,20,REVIEWED_DPE_APPEND,APPENDED,
SPECIES_KEY_SPEAROW,423,,21,SPECIES_SPEAROW,DPE_SPECIES_APPEND,オニスズメ,,true,21,REVIEWED_DPE_APPEND,APPENDED,
SPECIES_KEY_FEAROW,424,,22,SPECIES_FEAROW,DPE_SPECIES_APPEND,オニドリル,,true,22,REVIEWED_DPE_APPEND,APPENDED,
SPECIES_KEY_CLEFAIRY,425,,35,SPECIES_CLEFAIRY,DPE_SPECIES_APPEND,ピッピ,,true,35,REVIEWED_DPE_APPEND,APPENDED,
SPECIES_KEY_CLEFABLE,426,,36,SPECIES_CLEFABLE,DPE_SPECIES_APPEND,ピクシー,,true,36,REVIEWED_DPE_APPEND,APPENDED,
SPECIES_KEY_VULPIX,427,,37,SPECIES_VULPIX,DPE_SPECIES_APPEND,ロコン,,true,37,REVIEWED_DPE_APPEND,APPENDED,
SPECIES_KEY_NINETALES,428,,38,SPECIES_NINETALES,DPE_SPECIES_APPEND,キュウコン,,true,38,REVIEWED_DPE_APPEND,APPENDED,
SPECIES_KEY_JIGGLYPUFF,429,,39,SPECIES_JIGGLYPUFF,DPE_SPECIES_APPEND,プリン,,true,39,REVIEWED_DPE_APPEND,APPENDED,
SPECIES_KEY_WIGGLYTUFF,430,,40,SPECIES_WIGGLYTUFF,DPE_SPECIES_APPEND,プクリン,,true,40,REVIEWED_DPE_APPEND,APPENDED,
SPECIES_KEY_ZUBAT,431,,41,SPECIES_ZUBAT,DPE_SPECIES_APPEND,ズバット,,true,41,REVIEWED_DPE_APPEND,APPENDED,
SPECIES_KEY_GOLBAT,432,,42,SPECIES_GOLBAT,DPE_SPECIES_APPEND,ゴルバット,,true,42,REVIEWED_DPE_APPEND,APPENDED,
SPECIES_KEY_ODDISH,433,,43,SPECIES_ODDISH,DPE_SPECIES_APPEND,ナゾノクサ,,true,43,REVIEWED_DPE_APPEND,APPENDED,
SPECIES_KEY_GLOOM,434,,44,SPECIES_GLOOM,DPE_SPECIES_APPEND,クサイハナ,,true,44,REVIEWED_DPE_APPEND,APPENDED,
SPECIES_KEY_VILEPLUME,435,,45,SPECIES_VILEPLUME,DPE_SPECIES_APPEND,ラフレシア,,true,45,REVIEWED_DPE_APPEND,APPENDED,
SPECIES_KEY_PARAS,436,,46,SPECIES_PARAS,DPE_SPECIES_APPEND,パラス,,true,46,REVIEWED_DPE_APPEND,APPENDED,
SPECIES_KEY_PARASECT,437,,47,SPECIES_PARASECT,DPE_SPECIES_APPEND,パラセクト,,true,47,REVIEWED_DPE_APPEND,APPENDED,
SPECIES_KEY_VENONAT,438,,48,SPECIES_VENONAT,DPE_SPECIES_APPEND,コンパン,,true,48,REVIEWED_DPE_APPEND,APPENDED,
SPECIES_KEY_VENOMOTH,439,,49,SPECIES_VENOMOTH,DPE_SPECIES_APPEND,モルフォン,,true,49,REVIEWED_DPE_APPEND,APPENDED,
SPECIES_KEY_MEOWTH,440,,52,SPECIES_MEOWTH,DPE_SPECIES_APPEND,ニャース,,true,52,REVIEWED_DPE_APPEND,APPENDED,
SPECIES_KEY_PERSIAN,441,,53,SPECIES_PERSIAN,DPE_SPECIES_APPEND,ペルシアン,,true,53,REVIEWED_DPE_APPEND,APPENDED,
SPECIES_KEY_PSYDUCK,442,,54,SPECIES_PSYDUCK,DPE_SPECIES_APPEND,コダック,,true,54,REVIEWED_DPE_APPEND,APPENDED,
SPECIES_KEY_GOLDUCK,443,,55,SPECIES_GOLDUCK,DPE_SPECIES_APPEND,ゴルダック,,true,55,REVIEWED_DPE_APPEND,APPENDED,
SPECIES_KEY_MANKEY,444,,56,SPECIES_MANKEY,DPE_SPECIES_APPEND,マンキー,,true,56,REVIEWED_DPE_APPEND,APPENDED,
SPECIES_KEY_PRIMEAPE,445,,57,SPECIES_PRIMEAPE,DPE_SPECIES_APPEND,オコリザル,,true,57,REVIEWED_DPE_APPEND,APPENDED,
SPECIES_KEY_GROWLITHE,446,,58,SPECIES_GROWLITHE,DPE_SPECIES_APPEND,ガーディ,,true,58,REVIEWED_DPE_APPEND,APPENDED,
SPECIES_KEY_ARCANINE,447,,59,SPECIES_ARCANINE,DPE_SPECIES_APPEND,ウインディ,,true,59,REVIEWED_DPE_APPEND,APPENDED,
SPECIES_KEY_POLIWAG,448,,60,SPECIES_POLIWAG,DPE_SPECIES_APPEND,ニョロモ,,true,60,REVIEWED_DPE_APPEND,APPENDED,
SPECIES_KEY_POLIWHIRL,449,,61,SPECIES_POLIWHIRL,DPE_SPECIES_APPEND,ニョロゾ,,true,61,REVIEWED_DPE_APPEND,APPENDED,
SPECIES_KEY_POLIWRATH,450,,62,SPECIES_POLIWRATH,DPE_SPECIES_APPEND,ニョロボン,,true,62,REVIEWED_DPE_APPEND,APPENDED,
SPECIES_KEY_ABRA,451,,63,SPECIES_ABRA,DPE_SPECIES_APPEND,ケーシィ,,true,63,REVIEWED_DPE_APPEND,APPENDED,
SPECIES_KEY_KADABRA,452,,64,SPECIES_KADABRA,DPE_SPECIES_APPEND,ユンゲラー,,true,64,REVIEWED_DPE_APPEND,APPENDED,
SPECIES_KEY_ALAKAZAM,453,,65,SPECIES_ALAKAZAM,DPE_SPECIES_APPEND,フーディン,,true,65,REVIEWED_DPE_APPEND,APPENDED,
SPECIES_KEY_MACHOP,454,,66,SPECIES_MACHOP,DPE_SPECIES_APPEND,ワンリキー,,true,66,REVIEWED_DPE_APPEND,APPENDED,
SPECIES_KEY_MACHOKE,455,,67,SPECIES_MACHOKE,DPE_SPECIES_APPEND,ゴーリキー,,true,67,REVIEWED_DPE_APPEND,APPENDED,
SPECIES_KEY_MACHAMP,456,,68,SPECIES_MACHAMP,DPE_SPECIES_APPEND,カイリキー,,true,68,REVIEWED_DPE_APPEND,APPENDED,
SPECIES_KEY_BELLSPROUT,457,,69,SPECIES_BELLSPROUT,DPE_SPECIES_APPEND,マダツボミ,,true,69,REVIEWED_DPE_APPEND,APPENDED,
SPECIES_KEY_WEEPINBELL,458,,70,SPECIES_WEEPINBELL,DPE_SPECIES_APPEND,ウツドン,,true,70,REVIEWED_DPE_APPEND,APPENDED,
SPECIES_KEY_VICTREEBEL,459,,71,SPECIES_VICTREEBEL,DPE_SPECIES_APPEND,ウツボット,,true,71,REVIEWED_DPE_APPEND,APPENDED,
SPECIES_KEY_PONYTA,460,,77,SPECIES_PONYTA,DPE_SPECIES_APPEND,ポニータ,,true,77,REVIEWED_DPE_APPEND,APPENDED,
SPECIES_KEY_RAPIDASH,461,,78,SPECIES_RAPIDASH,DPE_SPECIES_APPEND,ギャロップ,,true,78,REVIEWED_DPE_APPEND,APPENDED,
SPECIES_KEY_SLOWPOKE,462,,79,SPECIES_SLOWPOKE,DPE_SPECIES_APPEND,ヤドン,,true,79,REVIEWED_DPE_APPEND,APPENDED,
SPECIES_KEY_SLOWBRO,463,,80,SPECIES_SLOWBRO,DPE_SPECIES_APPEND,ヤドラン,,true,80,REVIEWED_DPE_APPEND,APPENDED,
SPECIES_KEY_DODUO,464,,84,SPECIES_DODUO,DPE_SPECIES_APPEND,ドードー,,true,84,REVIEWED_DPE_APPEND,APPENDED,
SPECIES_KEY_DODRIO,465,,85,SPECIES_DODRIO,DPE_SPECIES_APPEND,ドードリオ,,true,85,REVIEWED_DPE_APPEND,APPENDED,
SPECIES_KEY_SEEL,466,,86,SPECIES_SEEL,DPE_SPECIES_APPEND,パウワウ,,true,86,REVIEWED_DPE_APPEND,APPENDED,
SPECIES_KEY_DEWGONG,467,,87,SPECIES_DEWGONG,DPE_SPECIES_APPEND,ジュゴン,,true,87,REVIEWED_DPE_APPEND,APPENDED,
SPECIES_KEY_GRIMER,468,,88,SPECIES_GRIMER,DPE_SPECIES_APPEND,ベトベター,,true,88,REVIEWED_DPE_APPEND,APPENDED,
SPECIES_KEY_MUK,469,,89,SPECIES_MUK,DPE_SPECIES_APPEND,ベトベトン,,true,89,REVIEWED_DPE_APPEND,APPENDED,
SPECIES_KEY_ONIX,470,,95,SPECIES_ONIX,DPE_SPECIES_APPEND,イワーク,,true,95,REVIEWED_DPE_APPEND,APPENDED,
SPECIES_KEY_DROWZEE,471,,96,SPECIES_DROWZEE,DPE_SPECIES_APPEND,スリープ,,true,96,REVIEWED_DPE_APPEND,APPENDED,
SPECIES_KEY_HYPNO,472,,97,SPECIES_HYPNO,DPE_SPECIES_APPEND,スリーパー,,true,97,REVIEWED_DPE_APPEND,APPENDED,
SPECIES_KEY_CUBONE,473,,104,SPECIES_CUBONE,DPE_SPECIES_APPEND,カラカラ,,true,104,REVIEWED_DPE_APPEND,APPENDED,
SPECIES_KEY_MAROWAK,474,,105,SPECIES_MAROWAK,DPE_SPECIES_APPEND,ガラガラ,,true,105,REVIEWED_DPE_APPEND,APPENDED,
SPECIES_KEY_TANGELA,475,,114,SPECIES_TANGELA,DPE_SPECIES_APPEND,モンジャラ,,true,114,REVIEWED_DPE_APPEND,APPENDED,
SPECIES_KEY_HORSEA,476,,116,SPECIES_HORSEA,DPE_SPECIES_APPEND,タッツー,,true,116,REVIEWED_DPE_APPEND,APPENDED,
SPECIES_KEY_SEADRA,477,,117,SPECIES_SEADRA,DPE_SPECIES_APPEND,シードラ,,true,117,REVIEWED_DPE_APPEND,APPENDED,
SPECIES_KEY_GOLDEEN,478,,118,SPECIES_GOLDEEN,DPE_SPECIES_APPEND,トサキント,,true,118,REVIEWED_DPE_APPEND,APPENDED,
SPECIES_KEY_SEAKING,479,,119,SPECIES_SEAKING,DPE_SPECIES_APPEND,アズマオウ,,true,119,REVIEWED_DPE_APPEND,APPENDED,
SPECIES_KEY_MR_MIME,480,,122,SPECIES_MR_MIME,DPE_SPECIES_APPEND,バリヤード,,true,122,REVIEWED_DPE_APPEND,APPENDED,
SPECIES_KEY_MAGIKARP,481,,129,SPECIES_MAGIKARP,DPE_SPECIES_APPEND,コイキング,,true,129,REVIEWED_DPE_APPEND,APPENDED,
SPECIES_KEY_GYARADOS,482,,130,SPECIES_GYARADOS,DPE_SPECIES_APPEND,ギャラドス,,true,130,REVIEWED_DPE_APPEND,APPENDED,
SPECIES_KEY_EEVEE,483,,133,SPECIES_EEVEE,DPE_SPECIES_APPEND,イーブイ,,true,133,REVIEWED_DPE_APPEND,APPENDED,
SPECIES_KEY_VAPOREON,484,,134,SPECIES_VAPOREON,DPE_SPECIES_APPEND,シャワーズ,,true,134,REVIEWED_DPE_APPEND,APPENDED,
SPECIES_KEY_JOLTEON,485,,135,SPECIES_JOLTEON,DPE_SPECIES_APPEND,サンダース,,true,135,REVIEWED_DPE_APPEND,APPENDED,
SPECIES_KEY_FLAREON,486,,136,SPECIES_FLAREON,DPE_SPECIES_APPEND,ブースター,,true,136,REVIEWED_DPE_APPEND,APPENDED,
SPECIES_KEY_OMANYTE,487,,138,SPECIES_OMANYTE,DPE_SPECIES_APPEND,オムナイト,,true,138,REVIEWED_DPE_APPEND,APPENDED,
SPECIES_KEY_OMASTAR,488,,139,SPECIES_OMASTAR,DPE_SPECIES_APPEND,オムスター,,true,139,REVIEWED_DPE_APPEND,APPENDED,
SPECIES_KEY_KABUTO,489,,140,SPECIES_KABUTO,DPE_SPECIES_APPEND,カブト,,true,140,REVIEWED_DPE_APPEND,APPENDED,
SPECIES_KEY_KABUTOPS,490,,141,SPECIES_KABUTOPS,DPE_SPECIES_APPEND,カブトプス,,true,141,REVIEWED_DPE_APPEND,APPENDED,
SPECIES_KEY_SNORLAX,491,,143,SPECIES_SNORLAX,DPE_SPECIES_APPEND,カビゴン,,true,143,REVIEWED_DPE_APPEND,APPENDED,
SPECIES_KEY_DRATINI,492,,147,SPECIES_DRATINI,DPE_SPECIES_APPEND,ミニリュウ,,true,147,REVIEWED_DPE_APPEND,APPENDED,
SPECIES_KEY_DRAGONAIR,493,,148,SPECIES_DRAGONAIR,DPE_SPECIES_APPEND,ハクリュー,,true,148,REVIEWED_DPE_APPEND,APPENDED,
SPECIES_KEY_DRAGONITE,494,,149,SPECIES_DRAGONITE,DPE_SPECIES_APPEND,カイリュー,,true,149,REVIEWED_DPE_APPEND,APPENDED,
SPECIES_KEY_CHIKORITA,495,,152,SPECIES_CHIKORITA,DPE_SPECIES_APPEND,チコリータ,,true,152,REVIEWED_DPE_APPEND,APPENDED,
SPECIES_KEY_BAYLEEF,496,,153,SPECIES_BAYLEEF,DPE_SPECIES_APPEND,ベイリーフ,,true,153,REVIEWED_DPE_APPEND,APPENDED,
SPECIES_KEY_MEGANIUM,497,,154,SPECIES_MEGANIUM,DPE_SPECIES_APPEND,メガニウム,,true,154,REVIEWED_DPE_APPEND,APPENDED,
SPECIES_KEY_CYNDAQUIL,498,,155,SPECIES_CYNDAQUIL,DPE_SPECIES_APPEND,ヒノアラシ,,true,155,REVIEWED_DPE_APPEND,APPENDED,
SPECIES_KEY_QUILAVA,499,,156,SPECIES_QUILAVA,DPE_SPECIES_APPEND,マグマラシ,,true,156,REVIEWED_DPE_APPEND,APPENDED,
SPECIES_KEY_TYPHLOSION,500,,157,SPECIES_TYPHLOSION,DPE_SPECIES_APPEND,バクフーン,,true,157,REVIEWED_DPE_APPEND,APPENDED,
SPECIES_KEY_TOTODILE,501,,158,SPECIES_TOTODILE,DPE_SPECIES_APPEND,ワニノコ,,true,158,REVIEWED_DPE_APPEND,APPENDED,
SPECIES_KEY_CROCONAW,502,,159,SPECIES_CROCONAW,DPE_SPECIES_APPEND,アリゲイツ,,true,159,REVIEWED_DPE_APPEND,APPENDED,
SPECIES_KEY_FERALIGATR,503,,160,SPECIES_FERALIGATR,DPE_SPECIES_APPEND,オーダイル,,true,160,REVIEWED_DPE_APPEND,APPENDED,
SPECIES_KEY_SENTRET,504,,161,SPECIES_SENTRET,DPE_SPECIES_APPEND,オタチ,,true,161,REVIEWED_DPE_APPEND,APPENDED,
SPECIES_KEY_FURRET,505,,162,SPECIES_FURRET,DPE_SPECIES_APPEND,オオタチ,,true,162,REVIEWED_DPE_APPEND,APPENDED,
SPECIES_KEY_CROBAT,506,,169,SPECIES_CROBAT,DPE_SPECIES_APPEND,クロバット,,true,169,REVIEWED_DPE_APPEND,APPENDED,
SPECIES_KEY_CHINCHOU,507,,170,SPECIES_CHINCHOU,DPE_SPECIES_APPEND,チョンチー,,true,170,REVIEWED_DPE_APPEND,APPENDED,
SPECIES_KEY_LANTURN,508,,171,SPECIES_LANTURN,DPE_SPECIES_APPEND,ランターン,,true,171,REVIEWED_DPE_APPEND,APPENDED,
SPECIES_KEY_CLEFFA,509,,173,SPECIES_CLEFFA,DPE_SPECIES_APPEND,ピィ,,true,173,REVIEWED_DPE_APPEND,APPENDED,
SPECIES_KEY_IGGLYBUFF,510,,174,SPECIES_IGGLYBUFF,DPE_SPECIES_APPEND,ププリン,,true,174,REVIEWED_DPE_APPEND,APPENDED,
SPECIES_KEY_NATU,511,,177,SPECIES_NATU,DPE_SPECIES_APPEND,ネイティ,,true,177,REVIEWED_DPE_APPEND,APPENDED,
SPECIES_KEY_XATU,512,,178,SPECIES_XATU,DPE_SPECIES_APPEND,ネイティオ,,true,178,REVIEWED_DPE_APPEND,APPENDED,
SPECIES_KEY_MAREEP,513,,179,SPECIES_MAREEP,DPE_SPECIES_APPEND,メリープ,,true,179,REVIEWED_DPE_APPEND,APPENDED,
SPECIES_KEY_FLAAFFY,514,,180,SPECIES_FLAAFFY,DPE_SPECIES_APPEND,モココ,,true,180,REVIEWED_DPE_APPEND,APPENDED,
SPECIES_KEY_AMPHAROS,515,,181,SPECIES_AMPHAROS,DPE_SPECIES_APPEND,デンリュウ,,true,181,REVIEWED_DPE_APPEND,APPENDED,
SPECIES_KEY_BELLOSSOM,516,,182,SPECIES_BELLOSSOM,DPE_SPECIES_APPEND,キレイハナ,,true,182,REVIEWED_DPE_APPEND,APPENDED,
SPECIES_KEY_MARILL,517,,183,SPECIES_MARILL,DPE_SPECIES_APPEND,マリル,,true,183,REVIEWED_DPE_APPEND,APPENDED,
SPECIES_KEY_AZUMARILL,518,,184,SPECIES_AZUMARILL,DPE_SPECIES_APPEND,マリルリ,,true,184,REVIEWED_DPE_APPEND,APPENDED,
SPECIES_KEY_SUDOWOODO,519,,185,SPECIES_SUDOWOODO,DPE_SPECIES_APPEND,ウソッキー,,true,185,REVIEWED_DPE_APPEND,APPENDED,
SPECIES_KEY_POLITOED,520,,186,SPECIES_POLITOED,DPE_SPECIES_APPEND,ニョロトノ,,true,186,REVIEWED_DPE_APPEND,APPENDED,
SPECIES_KEY_HOPPIP,521,,187,SPECIES_HOPPIP,DPE_SPECIES_APPEND,ハネッコ,,true,187,REVIEWED_DPE_APPEND,APPENDED,
SPECIES_KEY_SKIPLOOM,522,,188,SPECIES_SKIPLOOM,DPE_SPECIES_APPEND,ポポッコ,,true,188,REVIEWED_DPE_APPEND,APPENDED,
SPECIES_KEY_JUMPLUFF,523,,189,SPECIES_JUMPLUFF,DPE_SPECIES_APPEND,ワタッコ,,true,189,REVIEWED_DPE_APPEND,APPENDED,
SPECIES_KEY_AIPOM,524,,190,SPECIES_AIPOM,DPE_SPECIES_APPEND,エイパム,,true,190,REVIEWED_DPE_APPEND,APPENDED,
SPECIES_KEY_SUNKERN,525,,191,SPECIES_SUNKERN,DPE_SPECIES_APPEND,ヒマナッツ,,true,191,REVIEWED_DPE_APPEND,APPENDED,
SPECIES_KEY_SUNFLORA,526,,192,SPECIES_SUNFLORA,DPE_SPECIES_APPEND,キマワリ,,true,192,REVIEWED_DPE_APPEND,APPENDED,
SPECIES_KEY_YANMA,527,,193,SPECIES_YANMA,DPE_SPECIES_APPEND,ヤンヤンマ,,true,193,REVIEWED_DPE_APPEND,APPENDED,
SPECIES_KEY_WOOPER,528,,194,SPECIES_WOOPER,DPE_SPECIES_APPEND,ウパー,,true,194,REVIEWED_DPE_APPEND,APPENDED,
SPECIES_KEY_QUAGSIRE,529,,195,SPECIES_QUAGSIRE,DPE_SPECIES_APPEND,ヌオー,,true,195,REVIEWED_DPE_APPEND,APPENDED,
SPECIES_KEY_ESPEON,530,,196,SPECIES_ESPEON,DPE_SPECIES_APPEND,エーフィ,,true,196,REVIEWED_DPE_APPEND,APPENDED,
SPECIES_KEY_UMBREON,531,,197,SPECIES_UMBREON,DPE_SPECIES_APPEND,ブラッキー,,true,197,REVIEWED_DPE_APPEND,APPENDED,
SPECIES_KEY_SLOWKING,532,,199,SPECIES_SLOWKING,DPE_SPECIES_APPEND,ヤドキング,,true,199,REVIEWED_DPE_APPEND,APPENDED,
SPECIES_KEY_MISDREAVUS,533,,200,SPECIES_MISDREAVUS,DPE_SPECIES_APPEND,ムウマ,,true,200,REVIEWED_DPE_APPEND,APPENDED,
SPECIES_KEY_WOBBUFFET,534,,202,SPECIES_WOBBUFFET,DPE_SPECIES_APPEND,ソーナンス,,true,202,REVIEWED_DPE_APPEND,APPENDED,
SPECIES_KEY_GLIGAR,535,,207,SPECIES_GLIGAR,DPE_SPECIES_APPEND,グライガー,,true,207,REVIEWED_DPE_APPEND,APPENDED,
SPECIES_KEY_STEELIX,536,,208,SPECIES_STEELIX,DPE_SPECIES_APPEND,ハガネール,,true,208,REVIEWED_DPE_APPEND,APPENDED,
SPECIES_KEY_SNUBBULL,537,,209,SPECIES_SNUBBULL,DPE_SPECIES_APPEND,ブルー,,true,209,REVIEWED_DPE_APPEND,APPENDED,
SPECIES_KEY_GRANBULL,538,,210,SPECIES_GRANBULL,DPE_SPECIES_APPEND,グランブル,,true,210,REVIEWED_DPE_APPEND,APPENDED,
SPECIES_KEY_QWILFISH,539,,211,SPECIES_QWILFISH,DPE_SPECIES_APPEND,ハリーセン,,true,211,REVIEWED_DPE_APPEND,APPENDED,
SPECIES_KEY_HERACROSS,540,,214,SPECIES_HERACROSS,DPE_SPECIES_APPEND,ヘラクロス,,true,214,REVIEWED_DPE_APPEND,APPENDED,
SPECIES_KEY_TEDDIURSA,541,,216,SPECIES_TEDDIURSA,DPE_SPECIES_APPEND,ヒメグマ,,true,216,REVIEWED_DPE_APPEND,APPENDED,
SPECIES_KEY_URSARING,542,,217,SPECIES_URSARING,DPE_SPECIES_APPEND,リングマ,,true,217,REVIEWED_DPE_APPEND,APPENDED,
SPECIES_KEY_SLUGMA,543,,218,SPECIES_SLUGMA,DPE_SPECIES_APPEND,マグマッグ,,true,218,REVIEWED_DPE_APPEND,APPENDED,
SPECIES_KEY_MAGCARGO,544,,219,SPECIES_MAGCARGO,DPE_SPECIES_APPEND,マグカルゴ,,true,219,REVIEWED_DPE_APPEND,APPENDED,
SPECIES_KEY_CORSOLA,545,,222,SPECIES_CORSOLA,DPE_SPECIES_APPEND,サニーゴ,,true,222,REVIEWED_DPE_APPEND,APPENDED,
SPECIES_KEY_MANTINE,546,,226,SPECIES_MANTINE,DPE_SPECIES_APPEND,マンタイン,,true,226,REVIEWED_DPE_APPEND,APPENDED,
SPECIES_KEY_KINGDRA,547,,230,SPECIES_KINGDRA,DPE_SPECIES_APPEND,キングドラ,,true,230,REVIEWED_DPE_APPEND,APPENDED,
SPECIES_KEY_PHANPY,548,,231,SPECIES_PHANPY,DPE_SPECIES_APPEND,ゴマゾウ,,true,231,REVIEWED_DPE_APPEND,APPENDED,
SPECIES_KEY_DONPHAN,549,,232,SPECIES_DONPHAN,DPE_SPECIES_APPEND,ドンファン,,true,232,REVIEWED_DPE_APPEND,APPENDED,
SPECIES_KEY_STANTLER,550,,234,SPECIES_STANTLER,DPE_SPECIES_APPEND,オドシシ,,true,234,REVIEWED_DPE_APPEND,APPENDED,
SPECIES_KEY_SMEARGLE,551,,235,SPECIES_SMEARGLE,DPE_SPECIES_APPEND,ドーブル,,true,235,REVIEWED_DPE_APPEND,APPENDED,
SPECIES_KEY_CELEBI,552,,251,SPECIES_CELEBI,DPE_SPECIES_APPEND,セレビィ,,true,251,REVIEWED_DPE_APPEND,APPENDED,
SPECIES_KEY_TREECKO,553,,277,SPECIES_TREECKO,DPE_SPECIES_APPEND,キモリ,,true,252,REVIEWED_DPE_APPEND,APPENDED,
SPECIES_KEY_GROVYLE,554,,278,SPECIES_GROVYLE,DPE_SPECIES_APPEND,ジュプトル,,true,253,REVIEWED_DPE_APPEND,APPENDED,
SPECIES_KEY_SCEPTILE,555,,279,SPECIES_SCEPTILE,DPE_SPECIES_APPEND,ジュカイン,,true,254,REVIEWED_DPE_APPEND,APPENDED,
SPECIES_KEY_TORCHIC,556,,280,SPECIES_TORCHIC,DPE_SPECIES_APPEND,アチャモ,,true,255,REVIEWED_DPE_APPEND,APPENDED,
SPECIES_KEY_COMBUSKEN,557,,281,SPECIES_COMBUSKEN,DPE_SPECIES_APPEND,ワカシャモ,,true,256,REVIEWED_DPE_APPEND,APPENDED,
SPECIES_KEY_BLAZIKEN,558,,282,SPECIES_BLAZIKEN,DPE_SPECIES_APPEND,バシャーモ,,true,257,REVIEWED_DPE_APPEND,APPENDED,
SPECIES_KEY_MUDKIP,559,,283,SPECIES_MUDKIP,DPE_SPECIES_APPEND,ミズゴロウ,,true,258,REVIEWED_DPE_APPEND,APPENDED,
SPECIES_KEY_MARSHTOMP,560,,284,SPECIES_MARSHTOMP,DPE_SPECIES_APPEND,ヌマクロー,,true,259,REVIEWED_DPE_APPEND,APPENDED,
SPECIES_KEY_SWAMPERT,561,,285,SPECIES_SWAMPERT,DPE_SPECIES_APPEND,ラグラージ,,true,260,REVIEWED_DPE_APPEND,APPENDED,
SPECIES_KEY_POOCHYENA,562,,286,SPECIES_POOCHYENA,DPE_SPECIES_APPEND,ポチエナ,,true,261,REVIEWED_DPE_APPEND,APPENDED,
SPECIES_KEY_MIGHTYENA,563,,287,SPECIES_MIGHTYENA,DPE_SPECIES_APPEND,グラエナ,,true,262,REVIEWED_DPE_APPEND,APPENDED,
SPECIES_KEY_ZIGZAGOON,564,,288,SPECIES_ZIGZAGOON,DPE_SPECIES_APPEND,ジグザグマ,,true,263,REVIEWED_DPE_APPEND,APPENDED,
SPECIES_KEY_LINOONE,565,,289,SPECIES_LINOONE,DPE_SPECIES_APPEND,マッスグマ,,true,264,REVIEWED_DPE_APPEND,APPENDED,
SPECIES_KEY_WURMPLE,566,,290,SPECIES_WURMPLE,DPE_SPECIES_APPEND,ケムッソ,,true,265,REVIEWED_DPE_APPEND,APPENDED,
SPECIES_KEY_SILCOON,567,,291,SPECIES_SILCOON,DPE_SPECIES_APPEND,カラサリス,,true,266,REVIEWED_DPE_APPEND,APPENDED,
SPECIES_KEY_BEAUTIFLY,568,,292,SPECIES_BEAUTIFLY,DPE_SPECIES_APPEND,アゲハント,,true,267,REVIEWED_DPE_APPEND,APPENDED,
SPECIES_KEY_CASCOON,569,,293,SPECIES_CASCOON,DPE_SPECIES_APPEND,マユルド,,true,268,REVIEWED_DPE_APPEND,APPENDED,
SPECIES_KEY_DUSTOX,570,,294,SPECIES_DUSTOX,DPE_SPECIES_APPEND,ドクケイル,,true,269,REVIEWED_DPE_APPEND,APPENDED,
SPECIES_KEY_LOTAD,571,,295,SPECIES_LOTAD,DPE_SPECIES_APPEND,ハスボー,,true,270,REVIEWED_DPE_APPEND,APPENDED,
SPECIES_KEY_LOMBRE,572,,296,SPECIES_LOMBRE,DPE_SPECIES_APPEND,ハスブレロ,,true,271,REVIEWED_DPE_APPEND,APPENDED,
SPECIES_KEY_LUDICOLO,573,,297,SPECIES_LUDICOLO,DPE_SPECIES_APPEND,ルンパッパ,,true,272,REVIEWED_DPE_APPEND,APPENDED,
SPECIES_KEY_SEEDOT,574,,298,SPECIES_SEEDOT,DPE_SPECIES_APPEND,タネボー,,true,273,REVIEWED_DPE_APPEND,APPENDED,
SPECIES_KEY_NUZLEAF,575,,299,SPECIES_NUZLEAF,DPE_SPECIES_APPEND,コノハナ,,true,274,REVIEWED_DPE_APPEND,APPENDED,
SPECIES_KEY_SHIFTRY,576,,300,SPECIES_SHIFTRY,DPE_SPECIES_APPEND,ダーテング,,true,275,REVIEWED_DPE_APPEND,APPENDED,
SPECIES_KEY_WINGULL,577,,309,SPECIES_WINGULL,DPE_SPECIES_APPEND,キャモメ,,true,278,REVIEWED_DPE_APPEND,APPENDED,
SPECIES_KEY_PELIPPER,578,,310,SPECIES_PELIPPER,DPE_SPECIES_APPEND,ペリッパー,,true,279,REVIEWED_DPE_APPEND,APPENDED,
SPECIES_KEY_SURSKIT,579,,311,SPECIES_SURSKIT,DPE_SPECIES_APPEND,アメタマ,,true,283,REVIEWED_DPE_APPEND,APPENDED,
SPECIES_KEY_MASQUERAIN,580,,312,SPECIES_MASQUERAIN,DPE_SPECIES_APPEND,アメモース,,true,284,REVIEWED_DPE_APPEND,APPENDED,
SPECIES_KEY_WAILMER,581,,313,SPECIES_WAILMER,DPE_SPECIES_APPEND,ホエルコ,,true,320,REVIEWED_DPE_APPEND,APPENDED,
SPECIES_KEY_WAILORD,582,,314,SPECIES_WAILORD,DPE_SPECIES_APPEND,ホエルオー,,true,321,REVIEWED_DPE_APPEND,APPENDED,
SPECIES_KEY_SKITTY,583,,315,SPECIES_SKITTY,DPE_SPECIES_APPEND,エネコ,,true,300,REVIEWED_DPE_APPEND,APPENDED,
SPECIES_KEY_DELCATTY,584,,316,SPECIES_DELCATTY,DPE_SPECIES_APPEND,エネコロロ,,true,301,REVIEWED_DPE_APPEND,APPENDED,
SPECIES_KEY_KECLEON,585,,317,SPECIES_KECLEON,DPE_SPECIES_APPEND,カクレオン,,true,352,REVIEWED_DPE_APPEND,APPENDED,
SPECIES_KEY_BALTOY,586,,318,SPECIES_BALTOY,DPE_SPECIES_APPEND,ヤジロン,,true,343,REVIEWED_DPE_APPEND,APPENDED,
SPECIES_KEY_CLAYDOL,587,,319,SPECIES_CLAYDOL,DPE_SPECIES_APPEND,ネンドール,,true,344,REVIEWED_DPE_APPEND,APPENDED,
SPECIES_KEY_NOSEPASS,588,,320,SPECIES_NOSEPASS,DPE_SPECIES_APPEND,ノズパス,,true,299,REVIEWED_DPE_APPEND,APPENDED,
SPECIES_KEY_BARBOACH,589,,323,SPECIES_BARBOACH,DPE_SPECIES_APPEND,ドジョッチ,,true,339,REVIEWED_DPE_APPEND,APPENDED,
SPECIES_KEY_WHISCASH,590,,324,SPECIES_WHISCASH,DPE_SPECIES_APPEND,ナマズン,,true,340,REVIEWED_DPE_APPEND,APPENDED,
SPECIES_KEY_CORPHISH,591,,326,SPECIES_CORPHISH,DPE_SPECIES_APPEND,ヘイガニ,,true,341,REVIEWED_DPE_APPEND,APPENDED,
SPECIES_KEY_CRAWDAUNT,592,,327,SPECIES_CRAWDAUNT,DPE_SPECIES_APPEND,シザリガー,,true,342,REVIEWED_DPE_APPEND,APPENDED,
SPECIES_KEY_FEEBAS,593,,328,SPECIES_FEEBAS,DPE_SPECIES_APPEND,ヒンバス,,true,349,REVIEWED_DPE_APPEND,APPENDED,
SPECIES_KEY_MILOTIC,594,,329,SPECIES_MILOTIC,DPE_SPECIES_APPEND,ミロカロス,,true,350,REVIEWED_DPE_APPEND,APPENDED,
SPECIES_KEY_CARVANHA,595,,330,SPECIES_CARVANHA,DPE_SPECIES_APPEND,キバニア,,true,318,REVIEWED_DPE_APPEND,APPENDED,
SPECIES_KEY_SHARPEDO,596,,331,SPECIES_SHARPEDO,DPE_SPECIES_APPEND,サメハダー,,true,319,REVIEWED_DPE_APPEND,APPENDED,
SPECIES_KEY_TRAPINCH,597,,332,SPECIES_TRAPINCH,DPE_SPECIES_APPEND,ナックラー,,true,328,REVIEWED_DPE_APPEND,APPENDED,
SPECIES_KEY_VIBRAVA,598,,333,SPECIES_VIBRAVA,DPE_SPECIES_APPEND,ビブラーバ,,true,329,REVIEWED_DPE_APPEND,APPENDED,
SPECIES_KEY_FLYGON,599,,334,SPECIES_FLYGON,DPE_SPECIES_APPEND,フライゴン,,true,330,REVIEWED_DPE_APPEND,APPENDED,
SPECIES_KEY_MAKUHITA,600,,335,SPECIES_MAKUHITA,DPE_SPECIES_APPEND,マクノシタ,,true,296,REVIEWED_DPE_APPEND,APPENDED,
SPECIES_KEY_HARIYAMA,601,,336,SPECIES_HARIYAMA,DPE_SPECIES_APPEND,ハリテヤマ,,true,297,REVIEWED_DPE_APPEND,APPENDED,
SPECIES_KEY_ELECTRIKE,602,,337,SPECIES_ELECTRIKE,DPE_SPECIES_APPEND,ラクライ,,true,309,REVIEWED_DPE_APPEND,APPENDED,
SPECIES_KEY_MANECTRIC,603,,338,SPECIES_MANECTRIC,DPE_SPECIES_APPEND,ライボルト,,true,310,REVIEWED_DPE_APPEND,APPENDED,
SPECIES_KEY_NUMEL,604,,339,SPECIES_NUMEL,DPE_SPECIES_APPEND,ドンメル,,true,322,REVIEWED_DPE_APPEND,APPENDED,
SPECIES_KEY_CAMERUPT,605,,340,SPECIES_CAMERUPT,DPE_SPECIES_APPEND,バクーダ,,true,323,REVIEWED_DPE_APPEND,APPENDED,
SPECIES_KEY_SNORUNT,606,,346,SPECIES_SNORUNT,DPE_SPECIES_APPEND,ユキワラシ,,true,361,REVIEWED_DPE_APPEND,APPENDED,
SPECIES_KEY_GLALIE,607,,347,SPECIES_GLALIE,DPE_SPECIES_APPEND,オニゴーリ,,true,362,REVIEWED_DPE_APPEND,APPENDED,
SPECIES_KEY_AZURILL,608,,350,SPECIES_AZURILL,DPE_SPECIES_APPEND,ルリリ,,true,298,REVIEWED_DPE_APPEND,APPENDED,
SPECIES_KEY_SPOINK,609,,351,SPECIES_SPOINK,DPE_SPECIES_APPEND,バネブー,,true,325,REVIEWED_DPE_APPEND,APPENDED,
SPECIES_KEY_GRUMPIG,610,,352,SPECIES_GRUMPIG,DPE_SPECIES_APPEND,ブーピッグ,,true,326,REVIEWED_DPE_APPEND,APPENDED,
SPECIES_KEY_PLUSLE,611,,353,SPECIES_PLUSLE,DPE_SPECIES_APPEND,プラスル,,true,311,REVIEWED_DPE_APPEND,APPENDED,
SPECIES_KEY_MINUN,612,,354,SPECIES_MINUN,DPE_SPECIES_APPEND,マイナン,,true,312,REVIEWED_DPE_APPEND,APPENDED,
SPECIES_KEY_MEDITITE,613,,356,SPECIES_MEDITITE,DPE_SPECIES_APPEND,アサナン,,true,307,REVIEWED_DPE_APPEND,APPENDED,
SPECIES_KEY_MEDICHAM,614,,357,SPECIES_MEDICHAM,DPE_SPECIES_APPEND,チャーレム,,true,308,REVIEWED_DPE_APPEND,APPENDED,
SPECIES_KEY_SWABLU,615,,358,SPECIES_SWABLU,DPE_SPECIES_APPEND,チルット,,true,333,REVIEWED_DPE_APPEND,APPENDED,
SPECIES_KEY_ALTARIA,616,,359,SPECIES_ALTARIA,DPE_SPECIES_APPEND,チルタリス,,true,334,REVIEWED_DPE_APPEND,APPENDED,
SPECIES_KEY_WYNAUT,617,,360,SPECIES_WYNAUT,DPE_SPECIES_APPEND,ソーナノ,,true,360,REVIEWED_DPE_APPEND,APPENDED,
SPECIES_KEY_ROSELIA,618,,363,SPECIES_ROSELIA,DPE_SPECIES_APPEND,ロゼリア,,true,315,REVIEWED_DPE_APPEND,APPENDED,
SPECIES_KEY_SLAKOTH,619,,364,SPECIES_SLAKOTH,DPE_SPECIES_APPEND,ナマケロ,,true,287,REVIEWED_DPE_APPEND,APPENDED,
SPECIES_KEY_VIGOROTH,620,,365,SPECIES_VIGOROTH,DPE_SPECIES_APPEND,ヤルキモノ,,true,288,REVIEWED_DPE_APPEND,APPENDED,
SPECIES_KEY_SLAKING,621,,366,SPECIES_SLAKING,DPE_SPECIES_APPEND,ケッキング,,true,289,REVIEWED_DPE_APPEND,APPENDED,
SPECIES_KEY_GULPIN,622,,367,SPECIES_GULPIN,DPE_SPECIES_APPEND,ゴクリン,,true,316,REVIEWED_DPE_APPEND,APPENDED,
SPECIES_KEY_SWALOT,623,,368,SPECIES_SWALOT,DPE_SPECIES_APPEND,マルノーム,,true,317,REVIEWED_DPE_APPEND,APPENDED,
SPECIES_KEY_CLAMPERL,624,,373,SPECIES_CLAMPERL,DPE_SPECIES_APPEND,パールル,,true,366,REVIEWED_DPE_APPEND,APPENDED,
SPECIES_KEY_HUNTAIL,625,,374,SPECIES_HUNTAIL,DPE_SPECIES_APPEND,ハンテール,,true,367,REVIEWED_DPE_APPEND,APPENDED,
SPECIES_KEY_GOREBYSS,626,,375,SPECIES_GOREBYSS,DPE_SPECIES_APPEND,サクラビス,,true,368,REVIEWED_DPE_APPEND,APPENDED,
SPECIES_KEY_SEVIPER,627,,379,SPECIES_SEVIPER,DPE_SPECIES_APPEND,ハブネーク,,true,336,REVIEWED_DPE_APPEND,APPENDED,
SPECIES_KEY_ZANGOOSE,628,,380,SPECIES_ZANGOOSE,DPE_SPECIES_APPEND,ザングース,,true,335,REVIEWED_DPE_APPEND,APPENDED,
SPECIES_KEY_ARON,629,,382,SPECIES_ARON,DPE_SPECIES_APPEND,ココドラ,,true,304,REVIEWED_DPE_APPEND,APPENDED,
SPECIES_KEY_LAIRON,630,,383,SPECIES_LAIRON,DPE_SPECIES_APPEND,コドラ,,true,305,REVIEWED_DPE_APPEND,APPENDED,
SPECIES_KEY_AGGRON,631,,384,SPECIES_AGGRON,DPE_SPECIES_APPEND,ボスゴドラ,,true,306,REVIEWED_DPE_APPEND,APPENDED,
SPECIES_KEY_CASTFORM,632,,385,SPECIES_CASTFORM,DPE_SPECIES_APPEND,ポワルン,,true,351,REVIEWED_DPE_APPEND,APPENDED,
SPECIES_KEY_VOLBEAT,633,,386,SPECIES_VOLBEAT,DPE_SPECIES_APPEND,バルビート,,true,313,REVIEWED_DPE_APPEND,APPENDED,
SPECIES_KEY_ILLUMISE,634,,387,SPECIES_ILLUMISE,DPE_SPECIES_APPEND,イルミーゼ,,true,314,REVIEWED_DPE_APPEND,APPENDED,
SPECIES_KEY_ANORITH,635,,390,SPECIES_ANORITH,DPE_SPECIES_APPEND,アノプス,,true,347,REVIEWED_DPE_APPEND,APPENDED,
SPECIES_KEY_ARMALDO,636,,391,SPECIES_ARMALDO,DPE_SPECIES_APPEND,アーマルド,,true,348,REVIEWED_DPE_APPEND,APPENDED,
SPECIES_KEY_BAGON,637,,395,SPECIES_BAGON,DPE_SPECIES_APPEND,タツベイ,,true,371,REVIEWED_DPE_APPEND,APPENDED,
SPECIES_KEY_SHELGON,638,,396,SPECIES_SHELGON,DPE_SPECIES_APPEND,コモルー,,true,372,REVIEWED_DPE_APPEND,APPENDED,
SPECIES_KEY_SALAMENCE,639,,397,SPECIES_SALAMENCE,DPE_SPECIES_APPEND,ボーマンダ,,true,373,REVIEWED_DPE_APPEND,APPENDED,
SPECIES_KEY_REGIROCK,640,,401,SPECIES_REGIROCK,DPE_SPECIES_APPEND,レジロック,,true,377,REVIEWED_DPE_APPEND,APPENDED,
SPECIES_KEY_REGICE,641,,402,SPECIES_REGICE,DPE_SPECIES_APPEND,レジアイス,,true,378,REVIEWED_DPE_APPEND,APPENDED,
SPECIES_KEY_REGISTEEL,642,,403,SPECIES_REGISTEEL,DPE_SPECIES_APPEND,レジスチル,,true,379,REVIEWED_DPE_APPEND,APPENDED,
SPECIES_KEY_KYOGRE,643,,404,SPECIES_KYOGRE,DPE_SPECIES_APPEND,カイオーガ,,true,382,REVIEWED_DPE_APPEND,APPENDED,
SPECIES_KEY_GROUDON,644,,405,SPECIES_GROUDON,DPE_SPECIES_APPEND,グラードン,,true,383,REVIEWED_DPE_APPEND,APPENDED,
SPECIES_KEY_RAYQUAZA,645,,406,SPECIES_RAYQUAZA,DPE_SPECIES_APPEND,レックウザ,,true,384,REVIEWED_DPE_APPEND,APPENDED,
SPECIES_KEY_JIRACHI,646,,409,SPECIES_JIRACHI,DPE_SPECIES_APPEND,ジラーチ,,true,385,REVIEWED_DPE_APPEND,APPENDED,
SPECIES_KEY_DEOXYS,647,,410,SPECIES_DEOXYS,DPE_SPECIES_APPEND,デオキシス,,true,386,REVIEWED_DPE_APPEND,APPENDED,
SPECIES_KEY_CHIMECHO,648,,411,SPECIES_CHIMECHO,DPE_SPECIES_APPEND,チリーン,,true,358,REVIEWED_DPE_APPEND,APPENDED,
SPECIES_KEY_EGG,649,,412,SPECIES_EGG,DPE_SPECIES_APPEND,タマゴ,,false,0,REVIEWED_DPE_APPEND,APPENDED,
SPECIES_KEY_UNOWN_B,650,,413,SPECIES_UNOWN_B,DPE_FORM_APPEND,アンノーン,FORM_KEY_UNOWN_B,true,201,REVIEWED_FORM_NATIONAL_DEX,APPENDED,
SPECIES_KEY_UNOWN_C,651,,414,SPECIES_UNOWN_C,DPE_FORM_APPEND,アンノーン,FORM_KEY_UNOWN_C,true,201,REVIEWED_FORM_NATIONAL_DEX,APPENDED,
SPECIES_KEY_UNOWN_D,652,,415,SPECIES_UNOWN_D,DPE_FORM_APPEND,アンノーン,FORM_KEY_UNOWN_D,true,201,REVIEWED_FORM_NATIONAL_DEX,APPENDED,
SPECIES_KEY_UNOWN_E,653,,416,SPECIES_UNOWN_E,DPE_FORM_APPEND,アンノーン,FORM_KEY_UNOWN_E,true,201,REVIEWED_FORM_NATIONAL_DEX,APPENDED,
SPECIES_KEY_UNOWN_F,654,,417,SPECIES_UNOWN_F,DPE_FORM_APPEND,アンノーン,FORM_KEY_UNOWN_F,true,201,REVIEWED_FORM_NATIONAL_DEX,APPENDED,
SPECIES_KEY_UNOWN_G,655,,418,SPECIES_UNOWN_G,DPE_FORM_APPEND,アンノーン,FORM_KEY_UNOWN_G,true,201,REVIEWED_FORM_NATIONAL_DEX,APPENDED,
SPECIES_KEY_UNOWN_H,656,,419,SPECIES_UNOWN_H,DPE_FORM_APPEND,アンノーン,FORM_KEY_UNOWN_H,true,201,REVIEWED_FORM_NATIONAL_DEX,APPENDED,
SPECIES_KEY_UNOWN_I,657,,420,SPECIES_UNOWN_I,DPE_FORM_APPEND,アンノーン,FORM_KEY_UNOWN_I,true,201,REVIEWED_FORM_NATIONAL_DEX,APPENDED,
SPECIES_KEY_UNOWN_J,658,,421,SPECIES_UNOWN_J,DPE_FORM_APPEND,アンノーン,FORM_KEY_UNOWN_J,true,201,REVIEWED_FORM_NATIONAL_DEX,APPENDED,
SPECIES_KEY_UNOWN_K,659,,422,SPECIES_UNOWN_K,DPE_FORM_APPEND,アンノーン,FORM_KEY_UNOWN_K,true,201,REVIEWED_FORM_NATIONAL_DEX,APPENDED,
SPECIES_KEY_UNOWN_L,660,,423,SPECIES_UNOWN_L,DPE_FORM_APPEND,アンノーン,FORM_KEY_UNOWN_L,true,201,REVIEWED_FORM_NATIONAL_DEX,APPENDED,
SPECIES_KEY_UNOWN_M,661,,424,SPECIES_UNOWN_M,DPE_FORM_APPEND,アンノーン,FORM_KEY_UNOWN_M,true,201,REVIEWED_FORM_NATIONAL_DEX,APPENDED,
SPECIES_KEY_UNOWN_N,662,,425,SPECIES_UNOWN_N,DPE_FORM_APPEND,アンノーン,FORM_KEY_UNOWN_N,true,201,REVIEWED_FORM_NATIONAL_DEX,APPENDED,
SPECIES_KEY_UNOWN_O,663,,426,SPECIES_UNOWN_O,DPE_FORM_APPEND,アンノーン,FORM_KEY_UNOWN_O,true,201,REVIEWED_FORM_NATIONAL_DEX,APPENDED,
SPECIES_KEY_UNOWN_P,664,,427,SPECIES_UNOWN_P,DPE_FORM_APPEND,アンノーン,FORM_KEY_UNOWN_P,true,201,REVIEWED_FORM_NATIONAL_DEX,APPENDED,
SPECIES_KEY_UNOWN_Q,665,,428,SPECIES_UNOWN_Q,DPE_FORM_APPEND,アンノーン,FORM_KEY_UNOWN_Q,true,201,REVIEWED_FORM_NATIONAL_DEX,APPENDED,
SPECIES_KEY_UNOWN_R,666,,429,SPECIES_UNOWN_R,DPE_FORM_APPEND,アンノーン,FORM_KEY_UNOWN_R,true,201,REVIEWED_FORM_NATIONAL_DEX,APPENDED,
SPECIES_KEY_UNOWN_S,667,,430,SPECIES_UNOWN_S,DPE_FORM_APPEND,アンノーン,FORM_KEY_UNOWN_S,true,201,REVIEWED_FORM_NATIONAL_DEX,APPENDED,
SPECIES_KEY_UNOWN_T,668,,431,SPECIES_UNOWN_T,DPE_FORM_APPEND,アンノーン,FORM_KEY_UNOWN_T,true,201,REVIEWED_FORM_NATIONAL_DEX,APPENDED,
SPECIES_KEY_UNOWN_U,669,,432,SPECIES_UNOWN_U,DPE_FORM_APPEND,アンノーン,FORM_KEY_UNOWN_U,true,201,REVIEWED_FORM_NATIONAL_DEX,APPENDED,
SPECIES_KEY_UNOWN_V,670,,433,SPECIES_UNOWN_V,DPE_FORM_APPEND,アンノーン,FORM_KEY_UNOWN_V,true,201,REVIEWED_FORM_NATIONAL_DEX,APPENDED,
SPECIES_KEY_UNOWN_W,671,,434,SPECIES_UNOWN_W,DPE_FORM_APPEND,アンノーン,FORM_KEY_UNOWN_W,true,201,REVIEWED_FORM_NATIONAL_DEX,APPENDED,
SPECIES_KEY_UNOWN_X,672,,435,SPECIES_UNOWN_X,DPE_FORM_APPEND,アンノーン,FORM_KEY_UNOWN_X,true,201,REVIEWED_FORM_NATIONAL_DEX,APPENDED,
SPECIES_KEY_UNOWN_Y,673,,436,SPECIES_UNOWN_Y,DPE_FORM_APPEND,アンノーン,FORM_KEY_UNOWN_Y,true,201,REVIEWED_FORM_NATIONAL_DEX,APPENDED,
SPECIES_KEY_UNOWN_Z,674,,437,SPECIES_UNOWN_Z,DPE_FORM_APPEND,アンノーン,FORM_KEY_UNOWN_Z,true,201,REVIEWED_FORM_NATIONAL_DEX,APPENDED,
SPECIES_KEY_UNOWN_EXCLAMATION,675,,438,SPECIES_UNOWN_EXCLAMATION,DPE_FORM_APPEND,アンノーン,FORM_KEY_UNOWN_EXCLAMATION,true,201,REVIEWED_FORM_NATIONAL_DEX,APPENDED,
SPECIES_KEY_UNOWN_QUESTION,676,,439,SPECIES_UNOWN_QUESTION,DPE_FORM_APPEND,アンノーン,FORM_KEY_UNOWN_QUESTION,true,201,REVIEWED_FORM_NATIONAL_DEX,APPENDED,
SPECIES_KEY_TURTWIG,677,,440,SPECIES_TURTWIG,DPE_SPECIES_APPEND,ナエトル,,true,387,REVIEWED_DPE_APPEND,APPENDED,
SPECIES_KEY_GROTLE,678,,441,SPECIES_GROTLE,DPE_SPECIES_APPEND,ハヤシガメ,,true,388,REVIEWED_DPE_APPEND,APPENDED,
SPECIES_KEY_TORTERRA,679,,442,SPECIES_TORTERRA,DPE_SPECIES_APPEND,ドダイトス,,true,389,REVIEWED_DPE_APPEND,APPENDED,
SPECIES_KEY_CHIMCHAR,680,,443,SPECIES_CHIMCHAR,DPE_SPECIES_APPEND,ヒコザル,,true,390,REVIEWED_DPE_APPEND,APPENDED,
SPECIES_KEY_MONFERNO,681,,444,SPECIES_MONFERNO,DPE_SPECIES_APPEND,モウカザル,,true,391,REVIEWED_DPE_APPEND,APPENDED,
SPECIES_KEY_INFERNAPE,682,,445,SPECIES_INFERNAPE,DPE_SPECIES_APPEND,ゴウカザル,,true,392,REVIEWED_DPE_APPEND,APPENDED,
SPECIES_KEY_PIPLUP,683,,446,SPECIES_PIPLUP,DPE_SPECIES_APPEND,ポッチャマ,,true,393,REVIEWED_DPE_APPEND,APPENDED,
SPECIES_KEY_PRINPLUP,684,,447,SPECIES_PRINPLUP,DPE_SPECIES_APPEND,ポッタイシ,,true,394,REVIEWED_DPE_APPEND,APPENDED,
SPECIES_KEY_EMPOLEON,685,,448,SPECIES_EMPOLEON,DPE_SPECIES_APPEND,エンペルト,,true,395,REVIEWED_DPE_APPEND,APPENDED,
SPECIES_KEY_STARLY,686,,449,SPECIES_STARLY,DPE_SPECIES_APPEND,ムックル,,true,396,REVIEWED_DPE_APPEND,APPENDED,
SPECIES_KEY_STARAVIA,687,,450,SPECIES_STARAVIA,DPE_SPECIES_APPEND,ムクバード,,true,397,REVIEWED_DPE_APPEND,APPENDED,
SPECIES_KEY_STARAPTOR,688,,451,SPECIES_STARAPTOR,DPE_SPECIES_APPEND,ムクホーク,,true,398,REVIEWED_DPE_APPEND,APPENDED,
SPECIES_KEY_BIDOOF,689,,452,SPECIES_BIDOOF,DPE_SPECIES_APPEND,ビッパ,,true,399,REVIEWED_DPE_APPEND,APPENDED,
SPECIES_KEY_BIBAREL,690,,453,SPECIES_BIBAREL,DPE_SPECIES_APPEND,ビーダル,,true,400,REVIEWED_DPE_APPEND,APPENDED,
SPECIES_KEY_KRICKETOT,691,,454,SPECIES_KRICKETOT,DPE_SPECIES_APPEND,コロボーシ,,true,401,REVIEWED_DPE_APPEND,APPENDED,
SPECIES_KEY_KRICKETUNE,692,,455,SPECIES_KRICKETUNE,DPE_SPECIES_APPEND,コロトック,,true,402,REVIEWED_DPE_APPEND,APPENDED,
SPECIES_KEY_SHINX,693,,456,SPECIES_SHINX,DPE_SPECIES_APPEND,コリンク,,true,403,REVIEWED_DPE_APPEND,APPENDED,
SPECIES_KEY_LUXIO,694,,457,SPECIES_LUXIO,DPE_SPECIES_APPEND,ルクシオ,,true,404,REVIEWED_DPE_APPEND,APPENDED,
SPECIES_KEY_LUXRAY,695,,458,SPECIES_LUXRAY,DPE_SPECIES_APPEND,レントラー,,true,405,REVIEWED_DPE_APPEND,APPENDED,
SPECIES_KEY_BUDEW,696,,459,SPECIES_BUDEW,DPE_SPECIES_APPEND,スボミー,,true,406,REVIEWED_DPE_APPEND,APPENDED,
SPECIES_KEY_ROSERADE,697,,460,SPECIES_ROSERADE,DPE_SPECIES_APPEND,ロズレイド,,true,407,REVIEWED_DPE_APPEND,APPENDED,
SPECIES_KEY_CRANIDOS,698,,461,SPECIES_CRANIDOS,DPE_SPECIES_APPEND,ズガイドス,,true,408,REVIEWED_DPE_APPEND,APPENDED,
SPECIES_KEY_RAMPARDOS,699,,462,SPECIES_RAMPARDOS,DPE_SPECIES_APPEND,ラムパルド,,true,409,REVIEWED_DPE_APPEND,APPENDED,
SPECIES_KEY_SHIELDON,700,,463,SPECIES_SHIELDON,DPE_SPECIES_APPEND,タテトプス,,true,410,REVIEWED_DPE_APPEND,APPENDED,
SPECIES_KEY_BASTIODON,701,,464,SPECIES_BASTIODON,DPE_SPECIES_APPEND,トリデプス,,true,411,REVIEWED_DPE_APPEND,APPENDED,
SPECIES_KEY_BURMY,702,,465,SPECIES_BURMY,DPE_SPECIES_APPEND,ミノムッチ,,true,412,REVIEWED_DPE_APPEND,APPENDED,
SPECIES_KEY_WORMADAM,703,,466,SPECIES_WORMADAM,DPE_SPECIES_APPEND,ミノマダム,,true,413,REVIEWED_DPE_APPEND,APPENDED,
SPECIES_KEY_MOTHIM,704,,467,SPECIES_MOTHIM,DPE_SPECIES_APPEND,ガーメイル,,true,414,REVIEWED_DPE_APPEND,APPENDED,
SPECIES_KEY_COMBEE,705,,468,SPECIES_COMBEE,DPE_SPECIES_APPEND,ミツハニー,,true,415,REVIEWED_DPE_APPEND,APPENDED,
SPECIES_KEY_VESPIQUEN,706,,469,SPECIES_VESPIQUEN,DPE_SPECIES_APPEND,ビークイン,,true,416,REVIEWED_DPE_APPEND,APPENDED,
SPECIES_KEY_CHERUBI,707,,473,SPECIES_CHERUBI,DPE_SPECIES_APPEND,チェリンボ,,true,420,REVIEWED_DPE_APPEND,APPENDED,
SPECIES_KEY_CHERRIM,708,,474,SPECIES_CHERRIM,DPE_SPECIES_APPEND,チェリム,,true,421,REVIEWED_DPE_APPEND,APPENDED,
SPECIES_KEY_SHELLOS,709,,475,SPECIES_SHELLOS,DPE_SPECIES_APPEND,カラナクシ,,true,422,REVIEWED_DPE_APPEND,APPENDED,
SPECIES_KEY_GASTRODON,710,,476,SPECIES_GASTRODON,DPE_SPECIES_APPEND,トリトドン,,true,423,REVIEWED_DPE_APPEND,APPENDED,
SPECIES_KEY_AMBIPOM,711,,477,SPECIES_AMBIPOM,DPE_SPECIES_APPEND,エテボース,,true,424,REVIEWED_DPE_APPEND,APPENDED,
SPECIES_KEY_DRIFLOON,712,,478,SPECIES_DRIFLOON,DPE_SPECIES_APPEND,フワンテ,,true,425,REVIEWED_DPE_APPEND,APPENDED,
SPECIES_KEY_DRIFBLIM,713,,479,SPECIES_DRIFBLIM,DPE_SPECIES_APPEND,フワライド,,true,426,REVIEWED_DPE_APPEND,APPENDED,
SPECIES_KEY_BUNEARY,714,,480,SPECIES_BUNEARY,DPE_SPECIES_APPEND,ミミロル,,true,427,REVIEWED_DPE_APPEND,APPENDED,
SPECIES_KEY_LOPUNNY,715,,481,SPECIES_LOPUNNY,DPE_SPECIES_APPEND,ミミロップ,,true,428,REVIEWED_DPE_APPEND,APPENDED,
SPECIES_KEY_MISMAGIUS,716,,482,SPECIES_MISMAGIUS,DPE_SPECIES_APPEND,ムウマージ,,true,429,REVIEWED_DPE_APPEND,APPENDED,
SPECIES_KEY_GLAMEOW,717,,484,SPECIES_GLAMEOW,DPE_SPECIES_APPEND,ニャルマー,,true,431,REVIEWED_DPE_APPEND,APPENDED,
SPECIES_KEY_PURUGLY,718,,485,SPECIES_PURUGLY,DPE_SPECIES_APPEND,ブニャット,,true,432,REVIEWED_DPE_APPEND,APPENDED,
SPECIES_KEY_CHINGLING,719,,486,SPECIES_CHINGLING,DPE_SPECIES_APPEND,リーシャン,,true,433,REVIEWED_DPE_APPEND,APPENDED,
SPECIES_KEY_STUNKY,720,,487,SPECIES_STUNKY,DPE_SPECIES_APPEND,スカンプー,,true,434,REVIEWED_DPE_APPEND,APPENDED,
SPECIES_KEY_SKUNTANK,721,,488,SPECIES_SKUNTANK,DPE_SPECIES_APPEND,スカタンク,,true,435,REVIEWED_DPE_APPEND,APPENDED,
SPECIES_KEY_BRONZOR,722,,489,SPECIES_BRONZOR,DPE_SPECIES_APPEND,ドーミラー,,true,436,REVIEWED_DPE_APPEND,APPENDED,
SPECIES_KEY_BRONZONG,723,,490,SPECIES_BRONZONG,DPE_SPECIES_APPEND,ドータクン,,true,437,REVIEWED_DPE_APPEND,APPENDED,
SPECIES_KEY_BONSLY,724,,491,SPECIES_BONSLY,DPE_SPECIES_APPEND,ウソハチ,,true,438,REVIEWED_DPE_APPEND,APPENDED,
SPECIES_KEY_MIME_JR,725,,492,SPECIES_MIME_JR,DPE_SPECIES_APPEND,マネネ,,true,439,REVIEWED_DPE_APPEND,APPENDED,
SPECIES_KEY_SPIRITOMB,726,,495,SPECIES_SPIRITOMB,DPE_SPECIES_APPEND,ミカルゲ,,true,442,REVIEWED_DPE_APPEND,APPENDED,
SPECIES_KEY_MUNCHLAX,727,,499,SPECIES_MUNCHLAX,DPE_SPECIES_APPEND,ゴンベ,,true,446,REVIEWED_DPE_APPEND,APPENDED,
SPECIES_KEY_HIPPOPOTAS,728,,502,SPECIES_HIPPOPOTAS,DPE_SPECIES_APPEND,ヒポポタス,,true,449,REVIEWED_DPE_APPEND,APPENDED,
SPECIES_KEY_HIPPOWDON,729,,503,SPECIES_HIPPOWDON,DPE_SPECIES_APPEND,カバルドン,,true,450,REVIEWED_DPE_APPEND,APPENDED,
SPECIES_KEY_CROAGUNK,730,,506,SPECIES_CROAGUNK,DPE_SPECIES_APPEND,グレッグル,,true,453,REVIEWED_DPE_APPEND,APPENDED,
SPECIES_KEY_TOXICROAK,731,,507,SPECIES_TOXICROAK,DPE_SPECIES_APPEND,ドクロッグ,,true,454,REVIEWED_DPE_APPEND,APPENDED,
SPECIES_KEY_FINNEON,732,,509,SPECIES_FINNEON,DPE_SPECIES_APPEND,ケイコウオ,,true,456,REVIEWED_DPE_APPEND,APPENDED,
SPECIES_KEY_LUMINEON,733,,510,SPECIES_LUMINEON,DPE_SPECIES_APPEND,ネオラント,,true,457,REVIEWED_DPE_APPEND,APPENDED,
SPECIES_KEY_MANTYKE,734,,511,SPECIES_MANTYKE,DPE_SPECIES_APPEND,タマンタ,,true,458,REVIEWED_DPE_APPEND,APPENDED,
SPECIES_KEY_TANGROWTH,735,,518,SPECIES_TANGROWTH,DPE_SPECIES_APPEND,モジャンボ,,true,465,REVIEWED_DPE_APPEND,APPENDED,
SPECIES_KEY_YANMEGA,736,,522,SPECIES_YANMEGA,DPE_SPECIES_APPEND,メガヤンマ,,true,469,REVIEWED_DPE_APPEND,APPENDED,
SPECIES_KEY_LEAFEON,737,,523,SPECIES_LEAFEON,DPE_SPECIES_APPEND,リーフィア,,true,470,REVIEWED_DPE_APPEND,APPENDED,
SPECIES_KEY_GLACEON,738,,524,SPECIES_GLACEON,DPE_SPECIES_APPEND,グレイシア,,true,471,REVIEWED_DPE_APPEND,APPENDED,
SPECIES_KEY_GLISCOR,739,,525,SPECIES_GLISCOR,DPE_SPECIES_APPEND,グライオン,,true,472,REVIEWED_DPE_APPEND,APPENDED,
SPECIES_KEY_PROBOPASS,740,,529,SPECIES_PROBOPASS,DPE_SPECIES_APPEND,ダイノーズ,,true,476,REVIEWED_DPE_APPEND,APPENDED,
SPECIES_KEY_FROSLASS,741,,531,SPECIES_FROSLASS,DPE_SPECIES_APPEND,ユキメノコ,,true,478,REVIEWED_DPE_APPEND,APPENDED,
SPECIES_KEY_ROTOM,742,,532,SPECIES_ROTOM,DPE_SPECIES_APPEND,ロトム,,true,479,REVIEWED_DPE_APPEND,APPENDED,
SPECIES_KEY_UXIE,743,,533,SPECIES_UXIE,DPE_SPECIES_APPEND,ユクシー,,true,480,REVIEWED_DPE_APPEND,APPENDED,
SPECIES_KEY_MESPRIT,744,,534,SPECIES_MESPRIT,DPE_SPECIES_APPEND,エムリット,,true,481,REVIEWED_DPE_APPEND,APPENDED,
SPECIES_KEY_AZELF,745,,535,SPECIES_AZELF,DPE_SPECIES_APPEND,アグノム,,true,482,REVIEWED_DPE_APPEND,APPENDED,
SPECIES_KEY_REGIGIGAS,746,,539,SPECIES_REGIGIGAS,DPE_SPECIES_APPEND,レジギガス,,true,486,REVIEWED_DPE_APPEND,APPENDED,
SPECIES_KEY_GIRATINA,747,,540,SPECIES_GIRATINA,DPE_SPECIES_APPEND,ギラティナ,,true,487,REVIEWED_DPE_APPEND,APPENDED,
SPECIES_KEY_CRESSELIA,748,,541,SPECIES_CRESSELIA,DPE_SPECIES_APPEND,クレセリア,,true,488,REVIEWED_DPE_APPEND,APPENDED,
SPECIES_KEY_SHAYMIN,749,,545,SPECIES_SHAYMIN,DPE_SPECIES_APPEND,シェイミ,,true,492,REVIEWED_DPE_APPEND,APPENDED,
SPECIES_KEY_ARCEUS,750,,546,SPECIES_ARCEUS,DPE_SPECIES_APPEND,アルセウス,,true,493,REVIEWED_DPE_APPEND,APPENDED,
SPECIES_KEY_VICTINI,751,,547,SPECIES_VICTINI,DPE_SPECIES_APPEND,ビクティニ,,true,494,REVIEWED_DPE_APPEND,APPENDED,
SPECIES_KEY_SNIVY,752,,548,SPECIES_SNIVY,DPE_SPECIES_APPEND,ツタージャ,,true,495,REVIEWED_DPE_APPEND,APPENDED,
SPECIES_KEY_SERVINE,753,,549,SPECIES_SERVINE,DPE_SPECIES_APPEND,ジャノビー,,true,496,REVIEWED_DPE_APPEND,APPENDED,
SPECIES_KEY_SERPERIOR,754,,550,SPECIES_SERPERIOR,DPE_SPECIES_APPEND,ジャローダ,,true,497,REVIEWED_DPE_APPEND,APPENDED,
SPECIES_KEY_TEPIG,755,,551,SPECIES_TEPIG,DPE_SPECIES_APPEND,ポカブ,,true,498,REVIEWED_DPE_APPEND,APPENDED,
SPECIES_KEY_PIGNITE,756,,552,SPECIES_PIGNITE,DPE_SPECIES_APPEND,チャオブー,,true,499,REVIEWED_DPE_APPEND,APPENDED,
SPECIES_KEY_EMBOAR,757,,553,SPECIES_EMBOAR,DPE_SPECIES_APPEND,エンブオー,,true,500,REVIEWED_DPE_APPEND,APPENDED,
SPECIES_KEY_OSHAWOTT,758,,554,SPECIES_OSHAWOTT,DPE_SPECIES_APPEND,ミジュマル,,true,501,REVIEWED_DPE_APPEND,APPENDED,
SPECIES_KEY_DEWOTT,759,,555,SPECIES_DEWOTT,DPE_SPECIES_APPEND,フタチマル,,true,502,REVIEWED_DPE_APPEND,APPENDED,
SPECIES_KEY_SAMUROTT,760,,556,SPECIES_SAMUROTT,DPE_SPECIES_APPEND,ダイケンキ,,true,503,REVIEWED_DPE_APPEND,APPENDED,
SPECIES_KEY_PATRAT,761,,557,SPECIES_PATRAT,DPE_SPECIES_APPEND,ミネズミ,,true,504,REVIEWED_DPE_APPEND,APPENDED,
SPECIES_KEY_WATCHOG,762,,558,SPECIES_WATCHOG,DPE_SPECIES_APPEND,ミルホッグ,,true,505,REVIEWED_DPE_APPEND,APPENDED,
SPECIES_KEY_LILLIPUP,763,,559,SPECIES_LILLIPUP,DPE_SPECIES_APPEND,ヨーテリー,,true,506,REVIEWED_DPE_APPEND,APPENDED,
SPECIES_KEY_HERDIER,764,,560,SPECIES_HERDIER,DPE_SPECIES_APPEND,ハーデリア,,true,507,REVIEWED_DPE_APPEND,APPENDED,
SPECIES_KEY_STOUTLAND,765,,561,SPECIES_STOUTLAND,DPE_SPECIES_APPEND,ムーランド,,true,508,REVIEWED_DPE_APPEND,APPENDED,
SPECIES_KEY_PURRLOIN,766,,562,SPECIES_PURRLOIN,DPE_SPECIES_APPEND,チョロネコ,,true,509,REVIEWED_DPE_APPEND,APPENDED,
SPECIES_KEY_LIEPARD,767,,563,SPECIES_LIEPARD,DPE_SPECIES_APPEND,レパルダス,,true,510,REVIEWED_DPE_APPEND,APPENDED,
SPECIES_KEY_PANSAGE,768,,564,SPECIES_PANSAGE,DPE_SPECIES_APPEND,ヤナップ,,true,511,REVIEWED_DPE_APPEND,APPENDED,
SPECIES_KEY_SIMISAGE,769,,565,SPECIES_SIMISAGE,DPE_SPECIES_APPEND,ヤナッキー,,true,512,REVIEWED_DPE_APPEND,APPENDED,
SPECIES_KEY_PANSEAR,770,,566,SPECIES_PANSEAR,DPE_SPECIES_APPEND,バオップ,,true,513,REVIEWED_DPE_APPEND,APPENDED,
SPECIES_KEY_SIMISEAR,771,,567,SPECIES_SIMISEAR,DPE_SPECIES_APPEND,バオッキー,,true,514,REVIEWED_DPE_APPEND,APPENDED,
SPECIES_KEY_PANPOUR,772,,568,SPECIES_PANPOUR,DPE_SPECIES_APPEND,ヒヤップ,,true,515,REVIEWED_DPE_APPEND,APPENDED,
SPECIES_KEY_SIMIPOUR,773,,569,SPECIES_SIMIPOUR,DPE_SPECIES_APPEND,ヒヤッキー,,true,516,REVIEWED_DPE_APPEND,APPENDED,
SPECIES_KEY_MUNNA,774,,570,SPECIES_MUNNA,DPE_SPECIES_APPEND,ムンナ,,true,517,REVIEWED_DPE_APPEND,APPENDED,
SPECIES_KEY_MUSHARNA,775,,571,SPECIES_MUSHARNA,DPE_SPECIES_APPEND,ムシャーナ,,true,518,REVIEWED_DPE_APPEND,APPENDED,
SPECIES_KEY_PIDOVE,776,,572,SPECIES_PIDOVE,DPE_SPECIES_APPEND,マメパト,,true,519,REVIEWED_DPE_APPEND,APPENDED,
SPECIES_KEY_TRANQUILL,777,,573,SPECIES_TRANQUILL,DPE_SPECIES_APPEND,ハトーボー,,true,520,REVIEWED_DPE_APPEND,APPENDED,
SPECIES_KEY_UNFEZANT,778,,574,SPECIES_UNFEZANT,DPE_SPECIES_APPEND,ケンホロウ,,true,521,REVIEWED_DPE_APPEND,APPENDED,
SPECIES_KEY_BLITZLE,779,,575,SPECIES_BLITZLE,DPE_SPECIES_APPEND,シママ,,true,522,REVIEWED_DPE_APPEND,APPENDED,
SPECIES_KEY_ZEBSTRIKA,780,,576,SPECIES_ZEBSTRIKA,DPE_SPECIES_APPEND,ゼブライカ,,true,523,REVIEWED_DPE_APPEND,APPENDED,
SPECIES_KEY_ROGGENROLA,781,,577,SPECIES_ROGGENROLA,DPE_SPECIES_APPEND,ダンゴロ,,true,524,REVIEWED_DPE_APPEND,APPENDED,
SPECIES_KEY_BOLDORE,782,,578,SPECIES_BOLDORE,DPE_SPECIES_APPEND,ガントル,,true,525,REVIEWED_DPE_APPEND,APPENDED,
SPECIES_KEY_GIGALITH,783,,579,SPECIES_GIGALITH,DPE_SPECIES_APPEND,ギガイアス,,true,526,REVIEWED_DPE_APPEND,APPENDED,
SPECIES_KEY_WOOBAT,784,,580,SPECIES_WOOBAT,DPE_SPECIES_APPEND,コロモリ,,true,527,REVIEWED_DPE_APPEND,APPENDED,
SPECIES_KEY_SWOOBAT,785,,581,SPECIES_SWOOBAT,DPE_SPECIES_APPEND,ココロモリ,,true,528,REVIEWED_DPE_APPEND,APPENDED,
SPECIES_KEY_DRILBUR,786,,582,SPECIES_DRILBUR,DPE_SPECIES_APPEND,モグリュー,,true,529,REVIEWED_DPE_APPEND,APPENDED,
SPECIES_KEY_EXCADRILL,787,,583,SPECIES_EXCADRILL,DPE_SPECIES_APPEND,ドリュウズ,,true,530,REVIEWED_DPE_APPEND,APPENDED,
SPECIES_KEY_AUDINO,788,,584,SPECIES_AUDINO,DPE_SPECIES_APPEND,タブンネ,,true,531,REVIEWED_DPE_APPEND,APPENDED,
SPECIES_KEY_TIMBURR,789,,585,SPECIES_TIMBURR,DPE_SPECIES_APPEND,ドッコラー,,true,532,REVIEWED_DPE_APPEND,APPENDED,
SPECIES_KEY_GURDURR,790,,586,SPECIES_GURDURR,DPE_SPECIES_APPEND,ドテッコツ,,true,533,REVIEWED_DPE_APPEND,APPENDED,
SPECIES_KEY_CONKELDURR,791,,587,SPECIES_CONKELDURR,DPE_SPECIES_APPEND,ローブシン,,true,534,REVIEWED_DPE_APPEND,APPENDED,
SPECIES_KEY_TYMPOLE,792,,588,SPECIES_TYMPOLE,DPE_SPECIES_APPEND,オタマロ,,true,535,REVIEWED_DPE_APPEND,APPENDED,
SPECIES_KEY_PALPITOAD,793,,589,SPECIES_PALPITOAD,DPE_SPECIES_APPEND,ガマガル,,true,536,REVIEWED_DPE_APPEND,APPENDED,
SPECIES_KEY_SEISMITOAD,794,,590,SPECIES_SEISMITOAD,DPE_SPECIES_APPEND,ガマゲロゲ,,true,537,REVIEWED_DPE_APPEND,APPENDED,
SPECIES_KEY_THROH,795,,591,SPECIES_THROH,DPE_SPECIES_APPEND,ナゲキ,,true,538,REVIEWED_DPE_APPEND,APPENDED,
SPECIES_KEY_SAWK,796,,592,SPECIES_SAWK,DPE_SPECIES_APPEND,ダゲキ,,true,539,REVIEWED_DPE_APPEND,APPENDED,
SPECIES_KEY_SEWADDLE,797,,593,SPECIES_SEWADDLE,DPE_SPECIES_APPEND,クルミル,,true,540,REVIEWED_DPE_APPEND,APPENDED,
SPECIES_KEY_SWADLOON,798,,594,SPECIES_SWADLOON,DPE_SPECIES_APPEND,クルマユ,,true,541,REVIEWED_DPE_APPEND,APPENDED,
SPECIES_KEY_LEAVANNY,799,,595,SPECIES_LEAVANNY,DPE_SPECIES_APPEND,ハハコモリ,,true,542,REVIEWED_DPE_APPEND,APPENDED,
SPECIES_KEY_VENIPEDE,800,,596,SPECIES_VENIPEDE,DPE_SPECIES_APPEND,フシデ,,true,543,REVIEWED_DPE_APPEND,APPENDED,
SPECIES_KEY_WHIRLIPEDE,801,,597,SPECIES_WHIRLIPEDE,DPE_SPECIES_APPEND,ホイーガ,,true,544,REVIEWED_DPE_APPEND,APPENDED,
SPECIES_KEY_SCOLIPEDE,802,,598,SPECIES_SCOLIPEDE,DPE_SPECIES_APPEND,ペンドラー,,true,545,REVIEWED_DPE_APPEND,APPENDED,
SPECIES_KEY_COTTONEE,803,,599,SPECIES_COTTONEE,DPE_SPECIES_APPEND,モンメン,,true,546,REVIEWED_DPE_APPEND,APPENDED,
SPECIES_KEY_WHIMSICOTT,804,,600,SPECIES_WHIMSICOTT,DPE_SPECIES_APPEND,エルフーン,,true,547,REVIEWED_DPE_APPEND,APPENDED,
SPECIES_KEY_BASCULIN_RED,805,,603,SPECIES_BASCULIN_RED,DPE_SPECIES_APPEND,バスラオ,,true,550,REVIEWED_DPE_APPEND,APPENDED,
SPECIES_KEY_DARUMAKA,806,,607,SPECIES_DARUMAKA,DPE_SPECIES_APPEND,ダルマッカ,,true,554,REVIEWED_DPE_APPEND,APPENDED,
SPECIES_KEY_DARMANITAN,807,,608,SPECIES_DARMANITAN,DPE_SPECIES_APPEND,ヒヒダルマ,,true,555,REVIEWED_DPE_APPEND,APPENDED,
SPECIES_KEY_MARACTUS,808,,609,SPECIES_MARACTUS,DPE_SPECIES_APPEND,マラカッチ,,true,556,REVIEWED_DPE_APPEND,APPENDED,
SPECIES_KEY_SIGILYPH,809,,614,SPECIES_SIGILYPH,DPE_SPECIES_APPEND,シンボラー,,true,561,REVIEWED_DPE_APPEND,APPENDED,
SPECIES_KEY_YAMASK,810,,615,SPECIES_YAMASK,DPE_SPECIES_APPEND,デスマス,,true,562,REVIEWED_DPE_APPEND,APPENDED,
SPECIES_KEY_COFAGRIGUS,811,,616,SPECIES_COFAGRIGUS,DPE_SPECIES_APPEND,デスカーン,,true,563,REVIEWED_DPE_APPEND,APPENDED,
SPECIES_KEY_TIRTOUGA,812,,617,SPECIES_TIRTOUGA,DPE_SPECIES_APPEND,プロトーガ,,true,564,REVIEWED_DPE_APPEND,APPENDED,
SPECIES_KEY_CARRACOSTA,813,,618,SPECIES_CARRACOSTA,DPE_SPECIES_APPEND,アバゴーラ,,true,565,REVIEWED_DPE_APPEND,APPENDED,
SPECIES_KEY_ARCHEN,814,,619,SPECIES_ARCHEN,DPE_SPECIES_APPEND,アーケン,,true,566,REVIEWED_DPE_APPEND,APPENDED,
SPECIES_KEY_ARCHEOPS,815,,620,SPECIES_ARCHEOPS,DPE_SPECIES_APPEND,アーケオス,,true,567,REVIEWED_DPE_APPEND,APPENDED,
SPECIES_KEY_TRUBBISH,816,,621,SPECIES_TRUBBISH,DPE_SPECIES_APPEND,ヤブクロン,,true,568,REVIEWED_DPE_APPEND,APPENDED,
SPECIES_KEY_GARBODOR,817,,622,SPECIES_GARBODOR,DPE_SPECIES_APPEND,ダストダス,,true,569,REVIEWED_DPE_APPEND,APPENDED,
SPECIES_KEY_ZORUA,818,,623,SPECIES_ZORUA,DPE_SPECIES_APPEND,ゾロア,,true,570,REVIEWED_DPE_APPEND,APPENDED,
SPECIES_KEY_ZOROARK,819,,624,SPECIES_ZOROARK,DPE_SPECIES_APPEND,ゾロアーク,,true,571,REVIEWED_DPE_APPEND,APPENDED,
SPECIES_KEY_MINCCINO,820,,625,SPECIES_MINCCINO,DPE_SPECIES_APPEND,チラーミィ,,true,572,REVIEWED_DPE_APPEND,APPENDED,
SPECIES_KEY_CINCCINO,821,,626,SPECIES_CINCCINO,DPE_SPECIES_APPEND,チラチーノ,,true,573,REVIEWED_DPE_APPEND,APPENDED,
SPECIES_KEY_GOTHITA,822,,627,SPECIES_GOTHITA,DPE_SPECIES_APPEND,ゴチム,,true,574,REVIEWED_DPE_APPEND,APPENDED,
SPECIES_KEY_GOTHORITA,823,,628,SPECIES_GOTHORITA,DPE_SPECIES_APPEND,ゴチミル,,true,575,REVIEWED_DPE_APPEND,APPENDED,
SPECIES_KEY_GOTHITELLE,824,,629,SPECIES_GOTHITELLE,DPE_SPECIES_APPEND,ゴチルゼル,,true,576,REVIEWED_DPE_APPEND,APPENDED,
SPECIES_KEY_SOLOSIS,825,,630,SPECIES_SOLOSIS,DPE_SPECIES_APPEND,ユニラン,,true,577,REVIEWED_DPE_APPEND,APPENDED,
SPECIES_KEY_DUOSION,826,,631,SPECIES_DUOSION,DPE_SPECIES_APPEND,ダブラン,,true,578,REVIEWED_DPE_APPEND,APPENDED,
SPECIES_KEY_REUNICLUS,827,,632,SPECIES_REUNICLUS,DPE_SPECIES_APPEND,ランクルス,,true,579,REVIEWED_DPE_APPEND,APPENDED,
SPECIES_KEY_DUCKLETT,828,,633,SPECIES_DUCKLETT,DPE_SPECIES_APPEND,コアルヒー,,true,580,REVIEWED_DPE_APPEND,APPENDED,
SPECIES_KEY_SWANNA,829,,634,SPECIES_SWANNA,DPE_SPECIES_APPEND,スワンナ,,true,581,REVIEWED_DPE_APPEND,APPENDED,
SPECIES_KEY_VANILLITE,830,,635,SPECIES_VANILLITE,DPE_SPECIES_APPEND,バニプッチ,,true,582,REVIEWED_DPE_APPEND,APPENDED,
SPECIES_KEY_VANILLISH,831,,636,SPECIES_VANILLISH,DPE_SPECIES_APPEND,バニリッチ,,true,583,REVIEWED_DPE_APPEND,APPENDED,
SPECIES_KEY_VANILLUXE,832,,637,SPECIES_VANILLUXE,DPE_SPECIES_APPEND,バイバニラ,,true,584,REVIEWED_DPE_APPEND,APPENDED,
SPECIES_KEY_DEERLING,833,,638,SPECIES_DEERLING,DPE_SPECIES_APPEND,シキジカ,,true,585,REVIEWED_DPE_APPEND,APPENDED,
SPECIES_KEY_SAWSBUCK,834,,639,SPECIES_SAWSBUCK,DPE_SPECIES_APPEND,メブキジカ,,true,586,REVIEWED_DPE_APPEND,APPENDED,
SPECIES_KEY_EMOLGA,835,,640,SPECIES_EMOLGA,DPE_SPECIES_APPEND,エモンガ,,true,587,REVIEWED_DPE_APPEND,APPENDED,
SPECIES_KEY_KARRABLAST,836,,641,SPECIES_KARRABLAST,DPE_SPECIES_APPEND,カブルモ,,true,588,REVIEWED_DPE_APPEND,APPENDED,
SPECIES_KEY_ESCAVALIER,837,,642,SPECIES_ESCAVALIER,DPE_SPECIES_APPEND,シュバルゴ,,true,589,REVIEWED_DPE_APPEND,APPENDED,
SPECIES_KEY_FOONGUS,838,,643,SPECIES_FOONGUS,DPE_SPECIES_APPEND,タマゲタケ,,true,590,REVIEWED_DPE_APPEND,APPENDED,
SPECIES_KEY_AMOONGUSS,839,,644,SPECIES_AMOONGUSS,DPE_SPECIES_APPEND,モロバレル,,true,591,REVIEWED_DPE_APPEND,APPENDED,
SPECIES_KEY_FRILLISH,840,,645,SPECIES_FRILLISH,DPE_SPECIES_APPEND,プルリル,,true,592,REVIEWED_DPE_APPEND,APPENDED,
SPECIES_KEY_JELLICENT,841,,646,SPECIES_JELLICENT,DPE_SPECIES_APPEND,ブルンゲル,,true,593,REVIEWED_DPE_APPEND,APPENDED,
SPECIES_KEY_ALOMOMOLA,842,,647,SPECIES_ALOMOMOLA,DPE_SPECIES_APPEND,ママンボウ,,true,594,REVIEWED_DPE_APPEND,APPENDED,
SPECIES_KEY_ELGYEM,843,,658,SPECIES_ELGYEM,DPE_SPECIES_APPEND,リグレー,,true,605,REVIEWED_DPE_APPEND,APPENDED,
SPECIES_KEY_BEHEEYEM,844,,659,SPECIES_BEHEEYEM,DPE_SPECIES_APPEND,オーベム,,true,606,REVIEWED_DPE_APPEND,APPENDED,
SPECIES_KEY_LITWICK,845,,660,SPECIES_LITWICK,DPE_SPECIES_APPEND,ヒトモシ,,true,607,REVIEWED_DPE_APPEND,APPENDED,
SPECIES_KEY_LAMPENT,846,,661,SPECIES_LAMPENT,DPE_SPECIES_APPEND,ランプラー,,true,608,REVIEWED_DPE_APPEND,APPENDED,
SPECIES_KEY_CHANDELURE,847,,662,SPECIES_CHANDELURE,DPE_SPECIES_APPEND,シャンデラ,,true,609,REVIEWED_DPE_APPEND,APPENDED,
SPECIES_KEY_AXEW,848,,663,SPECIES_AXEW,DPE_SPECIES_APPEND,キバゴ,,true,610,REVIEWED_DPE_APPEND,APPENDED,
SPECIES_KEY_FRAXURE,849,,664,SPECIES_FRAXURE,DPE_SPECIES_APPEND,オノンド,,true,611,REVIEWED_DPE_APPEND,APPENDED,
SPECIES_KEY_HAXORUS,850,,665,SPECIES_HAXORUS,DPE_SPECIES_APPEND,オノノクス,,true,612,REVIEWED_DPE_APPEND,APPENDED,
SPECIES_KEY_CUBCHOO,851,,666,SPECIES_CUBCHOO,DPE_SPECIES_APPEND,クマシュン,,true,613,REVIEWED_DPE_APPEND,APPENDED,
SPECIES_KEY_BEARTIC,852,,667,SPECIES_BEARTIC,DPE_SPECIES_APPEND,ツンベアー,,true,614,REVIEWED_DPE_APPEND,APPENDED,
SPECIES_KEY_SHELMET,853,,669,SPECIES_SHELMET,DPE_SPECIES_APPEND,チョボマキ,,true,616,REVIEWED_DPE_APPEND,APPENDED,
SPECIES_KEY_ACCELGOR,854,,670,SPECIES_ACCELGOR,DPE_SPECIES_APPEND,アギルダー,,true,617,REVIEWED_DPE_APPEND,APPENDED,
SPECIES_KEY_DRUDDIGON,855,,674,SPECIES_DRUDDIGON,DPE_SPECIES_APPEND,クリムガン,,true,621,REVIEWED_DPE_APPEND,APPENDED,
SPECIES_KEY_GOLETT,856,,675,SPECIES_GOLETT,DPE_SPECIES_APPEND,ゴビット,,true,622,REVIEWED_DPE_APPEND,APPENDED,
SPECIES_KEY_GOLURK,857,,676,SPECIES_GOLURK,DPE_SPECIES_APPEND,ゴルーグ,,true,623,REVIEWED_DPE_APPEND,APPENDED,
SPECIES_KEY_PAWNIARD,858,,677,SPECIES_PAWNIARD,DPE_SPECIES_APPEND,コマタナ,,true,624,REVIEWED_DPE_APPEND,APPENDED,
SPECIES_KEY_BISHARP,859,,678,SPECIES_BISHARP,DPE_SPECIES_APPEND,キリキザン,,true,625,REVIEWED_DPE_APPEND,APPENDED,
SPECIES_KEY_BOUFFALANT,860,,679,SPECIES_BOUFFALANT,DPE_SPECIES_APPEND,バッフロン,,true,626,REVIEWED_DPE_APPEND,APPENDED,
SPECIES_KEY_RUFFLET,861,,680,SPECIES_RUFFLET,DPE_SPECIES_APPEND,ワシボン,,true,627,REVIEWED_DPE_APPEND,APPENDED,
SPECIES_KEY_BRAVIARY,862,,681,SPECIES_BRAVIARY,DPE_SPECIES_APPEND,ウォーグル,,true,628,REVIEWED_DPE_APPEND,APPENDED,
SPECIES_KEY_VULLABY,863,,682,SPECIES_VULLABY,DPE_SPECIES_APPEND,バルチャイ,,true,629,REVIEWED_DPE_APPEND,APPENDED,
SPECIES_KEY_MANDIBUZZ,864,,683,SPECIES_MANDIBUZZ,DPE_SPECIES_APPEND,バルジーナ,,true,630,REVIEWED_DPE_APPEND,APPENDED,
SPECIES_KEY_HEATMOR,865,,684,SPECIES_HEATMOR,DPE_SPECIES_APPEND,クイタラン,,true,631,REVIEWED_DPE_APPEND,APPENDED,
SPECIES_KEY_DURANT,866,,685,SPECIES_DURANT,DPE_SPECIES_APPEND,アイアント,,true,632,REVIEWED_DPE_APPEND,APPENDED,
SPECIES_KEY_DEINO,867,,686,SPECIES_DEINO,DPE_SPECIES_APPEND,モノズ,,true,633,REVIEWED_DPE_APPEND,APPENDED,
SPECIES_KEY_ZWEILOUS,868,,687,SPECIES_ZWEILOUS,DPE_SPECIES_APPEND,ジヘッド,,true,634,REVIEWED_DPE_APPEND,APPENDED,
SPECIES_KEY_HYDREIGON,869,,688,SPECIES_HYDREIGON,DPE_SPECIES_APPEND,サザンドラ,,true,635,REVIEWED_DPE_APPEND,APPENDED,
SPECIES_KEY_LARVESTA,870,,689,SPECIES_LARVESTA,DPE_SPECIES_APPEND,メラルバ,,true,636,REVIEWED_DPE_APPEND,APPENDED,
SPECIES_KEY_VOLCARONA,871,,690,SPECIES_VOLCARONA,DPE_SPECIES_APPEND,ウルガモス,,true,637,REVIEWED_DPE_APPEND,APPENDED,
SPECIES_KEY_COBALION,872,,691,SPECIES_COBALION,DPE_SPECIES_APPEND,コバルオン,,true,638,REVIEWED_DPE_APPEND,APPENDED,
SPECIES_KEY_TERRAKION,873,,692,SPECIES_TERRAKION,DPE_SPECIES_APPEND,テラキオン,,true,639,REVIEWED_DPE_APPEND,APPENDED,
SPECIES_KEY_VIRIZION,874,,693,SPECIES_VIRIZION,DPE_SPECIES_APPEND,ビリジオン,,true,640,REVIEWED_DPE_APPEND,APPENDED,
SPECIES_KEY_TORNADUS,875,,694,SPECIES_TORNADUS,DPE_SPECIES_APPEND,トルネロス,,true,641,REVIEWED_DPE_APPEND,APPENDED,
SPECIES_KEY_THUNDURUS,876,,695,SPECIES_THUNDURUS,DPE_SPECIES_APPEND,ボルトロス,,true,642,REVIEWED_DPE_APPEND,APPENDED,
SPECIES_KEY_RESHIRAM,877,,696,SPECIES_RESHIRAM,DPE_SPECIES_APPEND,レシラム,,true,643,REVIEWED_DPE_APPEND,APPENDED,
SPECIES_KEY_ZEKROM,878,,697,SPECIES_ZEKROM,DPE_SPECIES_APPEND,ゼクロム,,true,644,REVIEWED_DPE_APPEND,APPENDED,
SPECIES_KEY_LANDORUS,879,,698,SPECIES_LANDORUS,DPE_SPECIES_APPEND,ランドロス,,true,645,REVIEWED_DPE_APPEND,APPENDED,
SPECIES_KEY_KYUREM,880,,699,SPECIES_KYUREM,DPE_SPECIES_APPEND,キュレム,,true,646,REVIEWED_DPE_APPEND,APPENDED,
SPECIES_KEY_KELDEO,881,,700,SPECIES_KELDEO,DPE_SPECIES_APPEND,ケルディオ,,true,647,REVIEWED_DPE_APPEND,APPENDED,
SPECIES_KEY_MELOETTA,882,,701,SPECIES_MELOETTA,DPE_SPECIES_APPEND,メロエッタ,,true,648,REVIEWED_DPE_APPEND,APPENDED,
SPECIES_KEY_GENESECT,883,,702,SPECIES_GENESECT,DPE_SPECIES_APPEND,ゲノセクト,,true,649,REVIEWED_DPE_APPEND,APPENDED,
SPECIES_KEY_UNFEZANT_F,884,,703,SPECIES_UNFEZANT_F,DPE_FORM_APPEND,ケンホロウ,FORM_KEY_UNFEZANT_F,true,521,REVIEWED_FORM_NATIONAL_DEX,APPENDED,
SPECIES_KEY_FRILLISH_F,885,,704,SPECIES_FRILLISH_F,DPE_FORM_APPEND,プルリル,FORM_KEY_FRILLISH_F,true,592,REVIEWED_FORM_NATIONAL_DEX,APPENDED,
SPECIES_KEY_JELLICENT_F,886,,705,SPECIES_JELLICENT_F,DPE_FORM_APPEND,ブルンゲル,FORM_KEY_JELLICENT_F,true,593,REVIEWED_FORM_NATIONAL_DEX,APPENDED,
SPECIES_KEY_SHADOW_WARRIOR,887,,706,SPECIES_SHADOW_WARRIOR,DPE_FORM_APPEND,かげ,FORM_KEY_SHADOW_WARRIOR,true,488,REVIEWED_FORM_NATIONAL_DEX,APPENDED,
SPECIES_KEY_BURMY_SANDY,888,,707,SPECIES_BURMY_SANDY,DPE_FORM_APPEND,ミノムッチ,FORM_KEY_BURMY_SANDY,true,412,REVIEWED_FORM_NATIONAL_DEX,APPENDED,
SPECIES_KEY_BURMY_TRASH,889,,708,SPECIES_BURMY_TRASH,DPE_FORM_APPEND,ミノムッチ,FORM_KEY_BURMY_TRASH,true,412,REVIEWED_FORM_NATIONAL_DEX,APPENDED,
SPECIES_KEY_WORMADAM_SANDY,890,,709,SPECIES_WORMADAM_SANDY,DPE_FORM_APPEND,ミノマダム,FORM_KEY_WORMADAM_SANDY,true,413,REVIEWED_FORM_NATIONAL_DEX,APPENDED,
SPECIES_KEY_WORMADAM_TRASH,891,,710,SPECIES_WORMADAM_TRASH,DPE_FORM_APPEND,ミノマダム,FORM_KEY_WORMADAM_TRASH,true,413,REVIEWED_FORM_NATIONAL_DEX,APPENDED,
SPECIES_KEY_SHELLOS_EAST,892,,711,SPECIES_SHELLOS_EAST,DPE_FORM_APPEND,カラナクシ,FORM_KEY_SHELLOS_EAST,true,422,REVIEWED_FORM_NATIONAL_DEX,APPENDED,
SPECIES_KEY_GASTRODON_EAST,893,,712,SPECIES_GASTRODON_EAST,DPE_FORM_APPEND,トリトドン,FORM_KEY_GASTRODON_EAST,true,423,REVIEWED_FORM_NATIONAL_DEX,APPENDED,
SPECIES_KEY_ROTOM_HEAT,894,,713,SPECIES_ROTOM_HEAT,DPE_FORM_APPEND,ロトム,FORM_KEY_ROTOM_HEAT,true,479,REVIEWED_FORM_NATIONAL_DEX,APPENDED,
SPECIES_KEY_ROTOM_WASH,895,,714,SPECIES_ROTOM_WASH,DPE_FORM_APPEND,ロトム,FORM_KEY_ROTOM_WASH,true,479,REVIEWED_FORM_NATIONAL_DEX,APPENDED,
SPECIES_KEY_ROTOM_FROST,896,,715,SPECIES_ROTOM_FROST,DPE_FORM_APPEND,ロトム,FORM_KEY_ROTOM_FROST,true,479,REVIEWED_FORM_NATIONAL_DEX,APPENDED,
SPECIES_KEY_ROTOM_FAN,897,,716,SPECIES_ROTOM_FAN,DPE_FORM_APPEND,ロトム,FORM_KEY_ROTOM_FAN,true,479,REVIEWED_FORM_NATIONAL_DEX,APPENDED,
SPECIES_KEY_ROTOM_MOW,898,,717,SPECIES_ROTOM_MOW,DPE_FORM_APPEND,ロトム,FORM_KEY_ROTOM_MOW,true,479,REVIEWED_FORM_NATIONAL_DEX,APPENDED,
SPECIES_KEY_GIRATINA_ORIGIN,899,,718,SPECIES_GIRATINA_ORIGIN,DPE_FORM_APPEND,ギラティナ,FORM_KEY_GIRATINA_ORIGIN,true,487,REVIEWED_FORM_NATIONAL_DEX,APPENDED,
SPECIES_KEY_SHAYMIN_SKY,900,,719,SPECIES_SHAYMIN_SKY,DPE_FORM_APPEND,シェイミ,FORM_KEY_SHAYMIN_SKY,true,492,REVIEWED_FORM_NATIONAL_DEX,APPENDED,
SPECIES_KEY_ARCEUS_FIGHT,901,,720,SPECIES_ARCEUS_FIGHT,DPE_FORM_APPEND,アルセウス,FORM_KEY_ARCEUS_FIGHT,true,493,REVIEWED_FORM_NATIONAL_DEX,APPENDED,
SPECIES_KEY_ARCEUS_FLYING,902,,721,SPECIES_ARCEUS_FLYING,DPE_FORM_APPEND,アルセウス,FORM_KEY_ARCEUS_FLYING,true,493,REVIEWED_FORM_NATIONAL_DEX,APPENDED,
SPECIES_KEY_ARCEUS_POISON,903,,722,SPECIES_ARCEUS_POISON,DPE_FORM_APPEND,アルセウス,FORM_KEY_ARCEUS_POISON,true,493,REVIEWED_FORM_NATIONAL_DEX,APPENDED,
SPECIES_KEY_ARCEUS_GROUND,904,,723,SPECIES_ARCEUS_GROUND,DPE_FORM_APPEND,アルセウス,FORM_KEY_ARCEUS_GROUND,true,493,REVIEWED_FORM_NATIONAL_DEX,APPENDED,
SPECIES_KEY_ARCEUS_ROCK,905,,724,SPECIES_ARCEUS_ROCK,DPE_FORM_APPEND,アルセウス,FORM_KEY_ARCEUS_ROCK,true,493,REVIEWED_FORM_NATIONAL_DEX,APPENDED,
SPECIES_KEY_ARCEUS_BUG,906,,725,SPECIES_ARCEUS_BUG,DPE_FORM_APPEND,アルセウス,FORM_KEY_ARCEUS_BUG,true,493,REVIEWED_FORM_NATIONAL_DEX,APPENDED,
SPECIES_KEY_ARCEUS_GHOST,907,,726,SPECIES_ARCEUS_GHOST,DPE_FORM_APPEND,アルセウス,FORM_KEY_ARCEUS_GHOST,true,493,REVIEWED_FORM_NATIONAL_DEX,APPENDED,
SPECIES_KEY_ARCEUS_STEEL,908,,727,SPECIES_ARCEUS_STEEL,DPE_FORM_APPEND,アルセウス,FORM_KEY_ARCEUS_STEEL,true,493,REVIEWED_FORM_NATIONAL_DEX,APPENDED,
SPECIES_KEY_ARCEUS_FIRE,909,,728,SPECIES_ARCEUS_FIRE,DPE_FORM_APPEND,アルセウス,FORM_KEY_ARCEUS_FIRE,true,493,REVIEWED_FORM_NATIONAL_DEX,APPENDED,
SPECIES_KEY_ARCEUS_WATER,910,,729,SPECIES_ARCEUS_WATER,DPE_FORM_APPEND,アルセウス,FORM_KEY_ARCEUS_WATER,true,493,REVIEWED_FORM_NATIONAL_DEX,APPENDED,
SPECIES_KEY_ARCEUS_GRASS,911,,730,SPECIES_ARCEUS_GRASS,DPE_FORM_APPEND,アルセウス,FORM_KEY_ARCEUS_GRASS,true,493,REVIEWED_FORM_NATIONAL_DEX,APPENDED,
SPECIES_KEY_ARCEUS_ELECTRIC,912,,731,SPECIES_ARCEUS_ELECTRIC,DPE_FORM_APPEND,アルセウス,FORM_KEY_ARCEUS_ELECTRIC,true,493,REVIEWED_FORM_NATIONAL_DEX,APPENDED,
SPECIES_KEY_ARCEUS_PSYCHIC,913,,732,SPECIES_ARCEUS_PSYCHIC,DPE_FORM_APPEND,アルセウス,FORM_KEY_ARCEUS_PSYCHIC,true,493,REVIEWED_FORM_NATIONAL_DEX,APPENDED,
SPECIES_KEY_ARCEUS_ICE,914,,733,SPECIES_ARCEUS_ICE,DPE_FORM_APPEND,アルセウス,FORM_KEY_ARCEUS_ICE,true,493,REVIEWED_FORM_NATIONAL_DEX,APPENDED,
SPECIES_KEY_ARCEUS_DRAGON,915,,734,SPECIES_ARCEUS_DRAGON,DPE_FORM_APPEND,アルセウス,FORM_KEY_ARCEUS_DRAGON,true,493,REVIEWED_FORM_NATIONAL_DEX,APPENDED,
SPECIES_KEY_ARCEUS_DARK,916,,735,SPECIES_ARCEUS_DARK,DPE_FORM_APPEND,アルセウス,FORM_KEY_ARCEUS_DARK,true,493,REVIEWED_FORM_NATIONAL_DEX,APPENDED,
SPECIES_KEY_BASCULIN_BLUE,917,,736,SPECIES_BASCULIN_BLUE,DPE_FORM_APPEND,バスラオ,FORM_KEY_BASCULIN_BLUE,true,550,REVIEWED_FORM_NATIONAL_DEX,APPENDED,
SPECIES_KEY_DARMANITANZEN,918,,737,SPECIES_DARMANITANZEN,DPE_FORM_APPEND,ヒヒダルマ,FORM_KEY_DARMANITANZEN,true,555,REVIEWED_FORM_NATIONAL_DEX,APPENDED,
SPECIES_KEY_DEERLING_SUMMER,919,,738,SPECIES_DEERLING_SUMMER,DPE_FORM_APPEND,シキジカ,FORM_KEY_DEERLING_SUMMER,true,585,REVIEWED_FORM_NATIONAL_DEX,APPENDED,
SPECIES_KEY_DEERLING_AUTUMN,920,,739,SPECIES_DEERLING_AUTUMN,DPE_FORM_APPEND,シキジカ,FORM_KEY_DEERLING_AUTUMN,true,585,REVIEWED_FORM_NATIONAL_DEX,APPENDED,
SPECIES_KEY_DEERLING_WINTER,921,,740,SPECIES_DEERLING_WINTER,DPE_FORM_APPEND,シキジカ,FORM_KEY_DEERLING_WINTER,true,585,REVIEWED_FORM_NATIONAL_DEX,APPENDED,
SPECIES_KEY_SAWSBUCK_SUMMER,922,,741,SPECIES_SAWSBUCK_SUMMER,DPE_FORM_APPEND,メブキジカ,FORM_KEY_SAWSBUCK_SUMMER,true,586,REVIEWED_FORM_NATIONAL_DEX,APPENDED,
SPECIES_KEY_SAWSBUCK_AUTUMN,923,,742,SPECIES_SAWSBUCK_AUTUMN,DPE_FORM_APPEND,メブキジカ,FORM_KEY_SAWSBUCK_AUTUMN,true,586,REVIEWED_FORM_NATIONAL_DEX,APPENDED,
SPECIES_KEY_SAWSBUCK_WINTER,924,,743,SPECIES_SAWSBUCK_WINTER,DPE_FORM_APPEND,メブキジカ,FORM_KEY_SAWSBUCK_WINTER,true,586,REVIEWED_FORM_NATIONAL_DEX,APPENDED,
SPECIES_KEY_HIPPOPOTAS_F,925,,744,SPECIES_HIPPOPOTAS_F,DPE_FORM_APPEND,ヒポポタス,FORM_KEY_HIPPOPOTAS_F,true,449,REVIEWED_FORM_NATIONAL_DEX,APPENDED,
SPECIES_KEY_HIPPOWDON_F,926,,745,SPECIES_HIPPOWDON_F,DPE_FORM_APPEND,カバルドン,FORM_KEY_HIPPOWDON_F,true,450,REVIEWED_FORM_NATIONAL_DEX,APPENDED,
SPECIES_KEY_MELOETTA_PIROUETTE,927,,746,SPECIES_MELOETTA_PIROUETTE,DPE_FORM_APPEND,メロエッタ,FORM_KEY_MELOETTA_PIROUETTE,true,648,REVIEWED_FORM_NATIONAL_DEX,APPENDED,
SPECIES_KEY_GENESECT_SHOCK,928,,747,SPECIES_GENESECT_SHOCK,DPE_FORM_APPEND,ゲノセクト,FORM_KEY_GENESECT_SHOCK,true,649,REVIEWED_FORM_NATIONAL_DEX,APPENDED,
SPECIES_KEY_GENESECT_BURN,929,,748,SPECIES_GENESECT_BURN,DPE_FORM_APPEND,ゲノセクト,FORM_KEY_GENESECT_BURN,true,649,REVIEWED_FORM_NATIONAL_DEX,APPENDED,
SPECIES_KEY_GENESECT_CHILL,930,,749,SPECIES_GENESECT_CHILL,DPE_FORM_APPEND,ゲノセクト,FORM_KEY_GENESECT_CHILL,true,649,REVIEWED_FORM_NATIONAL_DEX,APPENDED,
SPECIES_KEY_GENESECT_DOUSE,931,,750,SPECIES_GENESECT_DOUSE,DPE_FORM_APPEND,ゲノセクト,FORM_KEY_GENESECT_DOUSE,true,649,REVIEWED_FORM_NATIONAL_DEX,APPENDED,
SPECIES_KEY_CHERRIM_SUN,932,,751,SPECIES_CHERRIM_SUN,DPE_FORM_APPEND,チェリム,FORM_KEY_CHERRIM_SUN,true,421,REVIEWED_FORM_NATIONAL_DEX,APPENDED,
SPECIES_KEY_KYUREM_BLACK,933,,752,SPECIES_KYUREM_BLACK,DPE_FORM_APPEND,キュレム,FORM_KEY_KYUREM_BLACK,true,646,REVIEWED_FORM_NATIONAL_DEX,APPENDED,
SPECIES_KEY_KYUREM_WHITE,934,,753,SPECIES_KYUREM_WHITE,DPE_FORM_APPEND,キュレム,FORM_KEY_KYUREM_WHITE,true,646,REVIEWED_FORM_NATIONAL_DEX,APPENDED,
SPECIES_KEY_TORNADUS_THERIAN,935,,754,SPECIES_TORNADUS_THERIAN,DPE_FORM_APPEND,トルネロス,FORM_KEY_TORNADUS_THERIAN,true,641,REVIEWED_FORM_NATIONAL_DEX,APPENDED,
SPECIES_KEY_THUNDURUS_THERIAN,936,,755,SPECIES_THUNDURUS_THERIAN,DPE_FORM_APPEND,ボルトロス,FORM_KEY_THUNDURUS_THERIAN,true,642,REVIEWED_FORM_NATIONAL_DEX,APPENDED,
SPECIES_KEY_LANDORUS_THERIAN,937,,756,SPECIES_LANDORUS_THERIAN,DPE_FORM_APPEND,ランドロス,FORM_KEY_LANDORUS_THERIAN,true,645,REVIEWED_FORM_NATIONAL_DEX,APPENDED,
SPECIES_KEY_KELDEO_RESOLUTE,938,,757,SPECIES_KELDEO_RESOLUTE,DPE_FORM_APPEND,ケルディオ,FORM_KEY_KELDEO_RESOLUTE,true,647,REVIEWED_FORM_NATIONAL_DEX,APPENDED,
SPECIES_KEY_CHESPIN,939,,758,SPECIES_CHESPIN,DPE_SPECIES_APPEND,ハリマロン,,true,650,REVIEWED_DPE_APPEND,APPENDED,
SPECIES_KEY_QUILLADIN,940,,759,SPECIES_QUILLADIN,DPE_SPECIES_APPEND,ハリボーグ,,true,651,REVIEWED_DPE_APPEND,APPENDED,
SPECIES_KEY_CHESNAUGHT,941,,760,SPECIES_CHESNAUGHT,DPE_SPECIES_APPEND,ブリガロン,,true,652,REVIEWED_DPE_APPEND,APPENDED,
SPECIES_KEY_FENNEKIN,942,,761,SPECIES_FENNEKIN,DPE_SPECIES_APPEND,フォッコ,,true,653,REVIEWED_DPE_APPEND,APPENDED,
SPECIES_KEY_BRAIXEN,943,,762,SPECIES_BRAIXEN,DPE_SPECIES_APPEND,テールナー,,true,654,REVIEWED_DPE_APPEND,APPENDED,
SPECIES_KEY_DELPHOX,944,,763,SPECIES_DELPHOX,DPE_SPECIES_APPEND,マフォクシー,,true,655,REVIEWED_DPE_APPEND,APPENDED,
SPECIES_KEY_FROAKIE,945,,764,SPECIES_FROAKIE,DPE_SPECIES_APPEND,ケロマツ,,true,656,REVIEWED_DPE_APPEND,APPENDED,
SPECIES_KEY_FROGADIER,946,,765,SPECIES_FROGADIER,DPE_SPECIES_APPEND,ゲコガシラ,,true,657,REVIEWED_DPE_APPEND,APPENDED,
SPECIES_KEY_GRENINJA,947,,766,SPECIES_GRENINJA,DPE_SPECIES_APPEND,ゲッコウガ,,true,658,REVIEWED_DPE_APPEND,APPENDED,
SPECIES_KEY_BUNNELBY,948,,767,SPECIES_BUNNELBY,DPE_SPECIES_APPEND,ホルビー,,true,659,REVIEWED_DPE_APPEND,APPENDED,
SPECIES_KEY_DIGGERSBY,949,,768,SPECIES_DIGGERSBY,DPE_SPECIES_APPEND,ホルード,,true,660,REVIEWED_DPE_APPEND,APPENDED,
SPECIES_KEY_FLETCHLING,950,,769,SPECIES_FLETCHLING,DPE_SPECIES_APPEND,ヤヤコマ,,true,661,REVIEWED_DPE_APPEND,APPENDED,
SPECIES_KEY_FLETCHINDER,951,,770,SPECIES_FLETCHINDER,DPE_SPECIES_APPEND,ヒノヤコマ,,true,662,REVIEWED_DPE_APPEND,APPENDED,
SPECIES_KEY_TALONFLAME,952,,771,SPECIES_TALONFLAME,DPE_SPECIES_APPEND,ファイアロー,,true,663,REVIEWED_DPE_APPEND,APPENDED,
SPECIES_KEY_SCATTERBUG,953,,772,SPECIES_SCATTERBUG,DPE_SPECIES_APPEND,コフキムシ,,true,664,REVIEWED_DPE_APPEND,APPENDED,
SPECIES_KEY_SPEWPA,954,,773,SPECIES_SPEWPA,DPE_SPECIES_APPEND,コフーライ,,true,665,REVIEWED_DPE_APPEND,APPENDED,
SPECIES_KEY_VIVILLON,955,,774,SPECIES_VIVILLON,DPE_SPECIES_APPEND,ビビヨン,,true,666,REVIEWED_DPE_APPEND,APPENDED,
SPECIES_KEY_LITLEO,956,,775,SPECIES_LITLEO,DPE_SPECIES_APPEND,シシコ,,true,667,REVIEWED_DPE_APPEND,APPENDED,
SPECIES_KEY_PYROAR,957,,776,SPECIES_PYROAR,DPE_SPECIES_APPEND,カエンジシ,,true,668,REVIEWED_DPE_APPEND,APPENDED,
SPECIES_KEY_FLABEBE,958,,777,SPECIES_FLABEBE,DPE_SPECIES_APPEND,フラベベ,,true,669,REVIEWED_DPE_APPEND,APPENDED,
SPECIES_KEY_FLOETTE,959,,778,SPECIES_FLOETTE,DPE_SPECIES_APPEND,フラエッテ,,true,670,REVIEWED_DPE_APPEND,APPENDED,
SPECIES_KEY_FLORGES,960,,779,SPECIES_FLORGES,DPE_SPECIES_APPEND,フラージェス,,true,671,REVIEWED_DPE_APPEND,APPENDED,
SPECIES_KEY_SKIDDO,961,,780,SPECIES_SKIDDO,DPE_SPECIES_APPEND,メェークル,,true,672,REVIEWED_DPE_APPEND,APPENDED,
SPECIES_KEY_GOGOAT,962,,781,SPECIES_GOGOAT,DPE_SPECIES_APPEND,ゴーゴート,,true,673,REVIEWED_DPE_APPEND,APPENDED,
SPECIES_KEY_PANCHAM,963,,782,SPECIES_PANCHAM,DPE_SPECIES_APPEND,ヤンチャム,,true,674,REVIEWED_DPE_APPEND,APPENDED,
SPECIES_KEY_PANGORO,964,,783,SPECIES_PANGORO,DPE_SPECIES_APPEND,ゴロンダ,,true,675,REVIEWED_DPE_APPEND,APPENDED,
SPECIES_KEY_FURFROU,965,,784,SPECIES_FURFROU,DPE_SPECIES_APPEND,トリミアン,,true,676,REVIEWED_DPE_APPEND,APPENDED,
SPECIES_KEY_ESPURR,966,,785,SPECIES_ESPURR,DPE_SPECIES_APPEND,ニャスパー,,true,677,REVIEWED_DPE_APPEND,APPENDED,
SPECIES_KEY_MEOWSTIC,967,,786,SPECIES_MEOWSTIC,DPE_SPECIES_APPEND,ニャオニクス,,true,678,REVIEWED_DPE_APPEND,APPENDED,
SPECIES_KEY_HONEDGE,968,,787,SPECIES_HONEDGE,DPE_SPECIES_APPEND,ヒトツキ,,true,679,REVIEWED_DPE_APPEND,APPENDED,
SPECIES_KEY_DOUBLADE,969,,788,SPECIES_DOUBLADE,DPE_SPECIES_APPEND,ニダンギル,,true,680,REVIEWED_DPE_APPEND,APPENDED,
SPECIES_KEY_AEGISLASH,970,,789,SPECIES_AEGISLASH,DPE_SPECIES_APPEND,ギルガルド,,true,681,REVIEWED_DPE_APPEND,APPENDED,
SPECIES_KEY_SPRITZEE,971,,790,SPECIES_SPRITZEE,DPE_SPECIES_APPEND,シュシュプ,,true,682,REVIEWED_DPE_APPEND,APPENDED,
SPECIES_KEY_AROMATISSE,972,,791,SPECIES_AROMATISSE,DPE_SPECIES_APPEND,フレフワン,,true,683,REVIEWED_DPE_APPEND,APPENDED,
SPECIES_KEY_SWIRLIX,973,,792,SPECIES_SWIRLIX,DPE_SPECIES_APPEND,ペロッパフ,,true,684,REVIEWED_DPE_APPEND,APPENDED,
SPECIES_KEY_SLURPUFF,974,,793,SPECIES_SLURPUFF,DPE_SPECIES_APPEND,ペロリーム,,true,685,REVIEWED_DPE_APPEND,APPENDED,
SPECIES_KEY_INKAY,975,,794,SPECIES_INKAY,DPE_SPECIES_APPEND,マーイーカ,,true,686,REVIEWED_DPE_APPEND,APPENDED,
SPECIES_KEY_MALAMAR,976,,795,SPECIES_MALAMAR,DPE_SPECIES_APPEND,カラマネロ,,true,687,REVIEWED_DPE_APPEND,APPENDED,
SPECIES_KEY_BINACLE,977,,796,SPECIES_BINACLE,DPE_SPECIES_APPEND,カメテテ,,true,688,REVIEWED_DPE_APPEND,APPENDED,
SPECIES_KEY_BARBARACLE,978,,797,SPECIES_BARBARACLE,DPE_SPECIES_APPEND,ガメノデス,,true,689,REVIEWED_DPE_APPEND,APPENDED,
SPECIES_KEY_SKRELP,979,,798,SPECIES_SKRELP,DPE_SPECIES_APPEND,クズモー,,true,690,REVIEWED_DPE_APPEND,APPENDED,
SPECIES_KEY_DRAGALGE,980,,799,SPECIES_DRAGALGE,DPE_SPECIES_APPEND,ドラミドロ,,true,691,REVIEWED_DPE_APPEND,APPENDED,
SPECIES_KEY_CLAUNCHER,981,,800,SPECIES_CLAUNCHER,DPE_SPECIES_APPEND,ウデッポウ,,true,692,REVIEWED_DPE_APPEND,APPENDED,
SPECIES_KEY_CLAWITZER,982,,801,SPECIES_CLAWITZER,DPE_SPECIES_APPEND,ブロスター,,true,693,REVIEWED_DPE_APPEND,APPENDED,
SPECIES_KEY_HELIOPTILE,983,,802,SPECIES_HELIOPTILE,DPE_SPECIES_APPEND,エリキテル,,true,694,REVIEWED_DPE_APPEND,APPENDED,
SPECIES_KEY_HELIOLISK,984,,803,SPECIES_HELIOLISK,DPE_SPECIES_APPEND,エレザード,,true,695,REVIEWED_DPE_APPEND,APPENDED,
SPECIES_KEY_TYRUNT,985,,804,SPECIES_TYRUNT,DPE_SPECIES_APPEND,チゴラス,,true,696,REVIEWED_DPE_APPEND,APPENDED,
SPECIES_KEY_TYRANTRUM,986,,805,SPECIES_TYRANTRUM,DPE_SPECIES_APPEND,ガチゴラス,,true,697,REVIEWED_DPE_APPEND,APPENDED,
SPECIES_KEY_AMAURA,987,,806,SPECIES_AMAURA,DPE_SPECIES_APPEND,アマルス,,true,698,REVIEWED_DPE_APPEND,APPENDED,
SPECIES_KEY_AURORUS,988,,807,SPECIES_AURORUS,DPE_SPECIES_APPEND,アマルルガ,,true,699,REVIEWED_DPE_APPEND,APPENDED,
SPECIES_KEY_SYLVEON,989,,808,SPECIES_SYLVEON,DPE_SPECIES_APPEND,ニンフィア,,true,700,REVIEWED_DPE_APPEND,APPENDED,
SPECIES_KEY_HAWLUCHA,990,,809,SPECIES_HAWLUCHA,DPE_SPECIES_APPEND,ルチャブル,,true,701,REVIEWED_DPE_APPEND,APPENDED,
SPECIES_KEY_DEDENNE,991,,810,SPECIES_DEDENNE,DPE_SPECIES_APPEND,デデンネ,,true,702,REVIEWED_DPE_APPEND,APPENDED,
SPECIES_KEY_CARBINK,992,,811,SPECIES_CARBINK,DPE_SPECIES_APPEND,メレシー,,true,703,REVIEWED_DPE_APPEND,APPENDED,
SPECIES_KEY_GOOMY,993,,812,SPECIES_GOOMY,DPE_SPECIES_APPEND,ヌメラ,,true,704,REVIEWED_DPE_APPEND,APPENDED,
SPECIES_KEY_SLIGGOO,994,,813,SPECIES_SLIGGOO,DPE_SPECIES_APPEND,ヌメイル,,true,705,REVIEWED_DPE_APPEND,APPENDED,
SPECIES_KEY_GOODRA,995,,814,SPECIES_GOODRA,DPE_SPECIES_APPEND,ヌメルゴン,,true,706,REVIEWED_DPE_APPEND,APPENDED,
SPECIES_KEY_KLEFKI,996,,815,SPECIES_KLEFKI,DPE_SPECIES_APPEND,クレッフィ,,true,707,REVIEWED_DPE_APPEND,APPENDED,
SPECIES_KEY_PHANTUMP,997,,816,SPECIES_PHANTUMP,DPE_SPECIES_APPEND,ボクレー,,true,708,REVIEWED_DPE_APPEND,APPENDED,
SPECIES_KEY_TREVENANT,998,,817,SPECIES_TREVENANT,DPE_SPECIES_APPEND,オーロット,,true,709,REVIEWED_DPE_APPEND,APPENDED,
SPECIES_KEY_PUMPKABOO,999,,818,SPECIES_PUMPKABOO,DPE_SPECIES_APPEND,バケッチャ,,true,710,REVIEWED_DPE_APPEND,APPENDED,
SPECIES_KEY_GOURGEIST,1000,,819,SPECIES_GOURGEIST,DPE_SPECIES_APPEND,パンプジン,,true,711,REVIEWED_DPE_APPEND,APPENDED,
SPECIES_KEY_BERGMITE,1001,,820,SPECIES_BERGMITE,DPE_SPECIES_APPEND,カチコール,,true,712,REVIEWED_DPE_APPEND,APPENDED,
SPECIES_KEY_AVALUGG,1002,,821,SPECIES_AVALUGG,DPE_SPECIES_APPEND,クレベース,,true,713,REVIEWED_DPE_APPEND,APPENDED,
SPECIES_KEY_NOIBAT,1003,,822,SPECIES_NOIBAT,DPE_SPECIES_APPEND,オンバット,,true,714,REVIEWED_DPE_APPEND,APPENDED,
SPECIES_KEY_NOIVERN,1004,,823,SPECIES_NOIVERN,DPE_SPECIES_APPEND,オンバーン,,true,715,REVIEWED_DPE_APPEND,APPENDED,
SPECIES_KEY_XERNEAS,1005,,824,SPECIES_XERNEAS,DPE_SPECIES_APPEND,ゼルネアス,,true,716,REVIEWED_DPE_APPEND,APPENDED,
SPECIES_KEY_YVELTAL,1006,,825,SPECIES_YVELTAL,DPE_SPECIES_APPEND,イベルタル,,true,717,REVIEWED_DPE_APPEND,APPENDED,
SPECIES_KEY_ZYGARDE,1007,,826,SPECIES_ZYGARDE,DPE_SPECIES_APPEND,ジガルデ,,true,718,REVIEWED_DPE_APPEND,APPENDED,
SPECIES_KEY_DIANCIE,1008,,827,SPECIES_DIANCIE,DPE_SPECIES_APPEND,ディアンシー,,true,719,REVIEWED_DPE_APPEND,APPENDED,
SPECIES_KEY_HOOPA,1009,,828,SPECIES_HOOPA,DPE_SPECIES_APPEND,フーパ,,true,720,REVIEWED_DPE_APPEND,APPENDED,
SPECIES_KEY_HOOPA_UNBOUND,1010,,829,SPECIES_HOOPA_UNBOUND,DPE_FORM_APPEND,フーパ,FORM_KEY_HOOPA_UNBOUND,true,720,REVIEWED_FORM_NATIONAL_DEX,APPENDED,
SPECIES_KEY_VOLCANION,1011,,830,SPECIES_VOLCANION,DPE_SPECIES_APPEND,ボルケニオン,,true,721,REVIEWED_DPE_APPEND,APPENDED,
SPECIES_KEY_PYROAR_FEMALE,1012,,831,SPECIES_PYROAR_FEMALE,DPE_FORM_APPEND,カエンジシ,FORM_KEY_PYROAR_FEMALE,true,668,REVIEWED_FORM_NATIONAL_DEX,APPENDED,
SPECIES_KEY_MEOWSTIC_FEMALE,1013,,832,SPECIES_MEOWSTIC_FEMALE,DPE_FORM_APPEND,ニャオニクス,FORM_KEY_MEOWSTIC_FEMALE,true,678,REVIEWED_FORM_NATIONAL_DEX,APPENDED,
SPECIES_KEY_AEGISLASH_BLADE,1014,,833,SPECIES_AEGISLASH_BLADE,DPE_FORM_APPEND,ギルガルド,FORM_KEY_AEGISLASH_BLADE,true,681,REVIEWED_FORM_NATIONAL_DEX,APPENDED,
SPECIES_KEY_ARCEUS_FAIRY,1015,,834,SPECIES_ARCEUS_FAIRY,DPE_FORM_APPEND,アルセウス,FORM_KEY_ARCEUS_FAIRY,true,493,REVIEWED_FORM_NATIONAL_DEX,APPENDED,
SPECIES_KEY_ZYGARDE_CELL,1016,,835,SPECIES_ZYGARDE_CELL,DPE_FORM_APPEND,ジガルデ,FORM_KEY_ZYGARDE_CELL,true,718,REVIEWED_FORM_NATIONAL_DEX,APPENDED,
SPECIES_KEY_ZYGARDE_CORE,1017,,836,SPECIES_ZYGARDE_CORE,DPE_FORM_APPEND,ジガルデ,FORM_KEY_ZYGARDE_CORE,true,718,REVIEWED_FORM_NATIONAL_DEX,APPENDED,
SPECIES_KEY_ZYGARDE_10,1018,,837,SPECIES_ZYGARDE_10,DPE_FORM_APPEND,ジガルデ,FORM_KEY_ZYGARDE_10,true,718,REVIEWED_FORM_NATIONAL_DEX,APPENDED,
SPECIES_KEY_ZYGARDE_COMPLETE,1019,,838,SPECIES_ZYGARDE_COMPLETE,DPE_FORM_APPEND,ジガルデ,FORM_KEY_ZYGARDE_COMPLETE,true,718,REVIEWED_FORM_NATIONAL_DEX,APPENDED,
SPECIES_KEY_ASHGRENINJA,1020,,839,SPECIES_ASHGRENINJA,DPE_FORM_APPEND,ゲッコウガ,FORM_KEY_ASHGRENINJA,true,658,REVIEWED_FORM_NATIONAL_DEX,APPENDED,
SPECIES_KEY_FLABEBE_BLUE,1021,,840,SPECIES_FLABEBE_BLUE,DPE_FORM_APPEND,フラベベ,FORM_KEY_FLABEBE_BLUE,true,669,REVIEWED_FORM_NATIONAL_DEX,APPENDED,
SPECIES_KEY_FLABEBE_ORANGE,1022,,841,SPECIES_FLABEBE_ORANGE,DPE_FORM_APPEND,フラベベ,FORM_KEY_FLABEBE_ORANGE,true,669,REVIEWED_FORM_NATIONAL_DEX,APPENDED,
SPECIES_KEY_FLABEBE_YELLOW,1023,,842,SPECIES_FLABEBE_YELLOW,DPE_FORM_APPEND,フラベベ,FORM_KEY_FLABEBE_YELLOW,true,669,REVIEWED_FORM_NATIONAL_DEX,APPENDED,
SPECIES_KEY_FLABEBE_WHITE,1024,,843,SPECIES_FLABEBE_WHITE,DPE_FORM_APPEND,フラベベ,FORM_KEY_FLABEBE_WHITE,true,669,REVIEWED_FORM_NATIONAL_DEX,APPENDED,
SPECIES_KEY_FLOETTE_BLUE,1025,,844,SPECIES_FLOETTE_BLUE,DPE_FORM_APPEND,フラエッテ,FORM_KEY_FLOETTE_BLUE,true,670,REVIEWED_FORM_NATIONAL_DEX,APPENDED,
SPECIES_KEY_FLOETTE_ORANGE,1026,,845,SPECIES_FLOETTE_ORANGE,DPE_FORM_APPEND,フラエッテ,FORM_KEY_FLOETTE_ORANGE,true,670,REVIEWED_FORM_NATIONAL_DEX,APPENDED,
SPECIES_KEY_FLOETTE_YELLOW,1027,,846,SPECIES_FLOETTE_YELLOW,DPE_FORM_APPEND,フラエッテ,FORM_KEY_FLOETTE_YELLOW,true,670,REVIEWED_FORM_NATIONAL_DEX,APPENDED,
SPECIES_KEY_FLOETTE_WHITE,1028,,847,SPECIES_FLOETTE_WHITE,DPE_FORM_APPEND,フラエッテ,FORM_KEY_FLOETTE_WHITE,true,670,REVIEWED_FORM_NATIONAL_DEX,APPENDED,
SPECIES_KEY_FLOETTE_ETERNAL,1029,,848,SPECIES_FLOETTE_ETERNAL,DPE_FORM_APPEND,フラエッテ,FORM_KEY_FLOETTE_ETERNAL,true,670,REVIEWED_FORM_NATIONAL_DEX,APPENDED,
SPECIES_KEY_FLORGES_BLUE,1030,,849,SPECIES_FLORGES_BLUE,DPE_FORM_APPEND,フラージェス,FORM_KEY_FLORGES_BLUE,true,671,REVIEWED_FORM_NATIONAL_DEX,APPENDED,
SPECIES_KEY_FLORGES_ORANGE,1031,,850,SPECIES_FLORGES_ORANGE,DPE_FORM_APPEND,フラージェス,FORM_KEY_FLORGES_ORANGE,true,671,REVIEWED_FORM_NATIONAL_DEX,APPENDED,
SPECIES_KEY_FLORGES_YELLOW,1032,,851,SPECIES_FLORGES_YELLOW,DPE_FORM_APPEND,フラージェス,FORM_KEY_FLORGES_YELLOW,true,671,REVIEWED_FORM_NATIONAL_DEX,APPENDED,
SPECIES_KEY_FLORGES_WHITE,1033,,852,SPECIES_FLORGES_WHITE,DPE_FORM_APPEND,フラージェス,FORM_KEY_FLORGES_WHITE,true,671,REVIEWED_FORM_NATIONAL_DEX,APPENDED,
SPECIES_KEY_PUMPKABOO_XL,1034,,853,SPECIES_PUMPKABOO_XL,DPE_FORM_APPEND,バケッチャ,FORM_KEY_PUMPKABOO_XL,true,710,REVIEWED_FORM_NATIONAL_DEX,APPENDED,
SPECIES_KEY_PUMPKABOO_L,1035,,854,SPECIES_PUMPKABOO_L,DPE_FORM_APPEND,バケッチャ,FORM_KEY_PUMPKABOO_L,true,710,REVIEWED_FORM_NATIONAL_DEX,APPENDED,
SPECIES_KEY_PUMPKABOO_M,1036,,855,SPECIES_PUMPKABOO_M,DPE_FORM_APPEND,バケッチャ,FORM_KEY_PUMPKABOO_M,true,710,REVIEWED_FORM_NATIONAL_DEX,APPENDED,
SPECIES_KEY_GOURGEIST_XL,1037,,856,SPECIES_GOURGEIST_XL,DPE_FORM_APPEND,パンプジン,FORM_KEY_GOURGEIST_XL,true,711,REVIEWED_FORM_NATIONAL_DEX,APPENDED,
SPECIES_KEY_GOURGEIST_L,1038,,857,SPECIES_GOURGEIST_L,DPE_FORM_APPEND,パンプジン,FORM_KEY_GOURGEIST_L,true,711,REVIEWED_FORM_NATIONAL_DEX,APPENDED,
SPECIES_KEY_GOURGEIST_M,1039,,858,SPECIES_GOURGEIST_M,DPE_FORM_APPEND,パンプジン,FORM_KEY_GOURGEIST_M,true,711,REVIEWED_FORM_NATIONAL_DEX,APPENDED,
SPECIES_KEY_FURFROU_HEART,1040,,859,SPECIES_FURFROU_HEART,DPE_FORM_APPEND,トリミアン,FORM_KEY_FURFROU_HEART,true,676,REVIEWED_FORM_NATIONAL_DEX,APPENDED,
SPECIES_KEY_FURFROU_DIAMOND,1041,,860,SPECIES_FURFROU_DIAMOND,DPE_FORM_APPEND,トリミアン,FORM_KEY_FURFROU_DIAMOND,true,676,REVIEWED_FORM_NATIONAL_DEX,APPENDED,
SPECIES_KEY_FURFROU_STAR,1042,,861,SPECIES_FURFROU_STAR,DPE_FORM_APPEND,トリミアン,FORM_KEY_FURFROU_STAR,true,676,REVIEWED_FORM_NATIONAL_DEX,APPENDED,
SPECIES_KEY_FURFROU_PHAROAH,1043,,862,SPECIES_FURFROU_PHAROAH,DPE_FORM_APPEND,トリミアン,FORM_KEY_FURFROU_PHAROAH,true,676,REVIEWED_FORM_NATIONAL_DEX,APPENDED,
SPECIES_KEY_FURFROU_KABUKI,1044,,863,SPECIES_FURFROU_KABUKI,DPE_FORM_APPEND,トリミアン,FORM_KEY_FURFROU_KABUKI,true,676,REVIEWED_FORM_NATIONAL_DEX,APPENDED,
SPECIES_KEY_FURFROU_LA_REINE,1045,,864,SPECIES_FURFROU_LA_REINE,DPE_FORM_APPEND,トリミアン,FORM_KEY_FURFROU_LA_REINE,true,676,REVIEWED_FORM_NATIONAL_DEX,APPENDED,
SPECIES_KEY_FURFROU_MATRON,1046,,865,SPECIES_FURFROU_MATRON,DPE_FORM_APPEND,トリミアン,FORM_KEY_FURFROU_MATRON,true,676,REVIEWED_FORM_NATIONAL_DEX,APPENDED,
SPECIES_KEY_FURFROU_DANDY,1047,,866,SPECIES_FURFROU_DANDY,DPE_FORM_APPEND,トリミアン,FORM_KEY_FURFROU_DANDY,true,676,REVIEWED_FORM_NATIONAL_DEX,APPENDED,
SPECIES_KEY_FURFROU_DEBUTANTE,1048,,867,SPECIES_FURFROU_DEBUTANTE,DPE_FORM_APPEND,トリミアン,FORM_KEY_FURFROU_DEBUTANTE,true,676,REVIEWED_FORM_NATIONAL_DEX,APPENDED,
SPECIES_KEY_VIVILLON_FANCY,1049,,868,SPECIES_VIVILLON_FANCY,DPE_FORM_APPEND,ビビヨン,FORM_KEY_VIVILLON_FANCY,true,666,REVIEWED_FORM_NATIONAL_DEX,APPENDED,
SPECIES_KEY_VENUSAUR_MEGA,1050,,869,SPECIES_VENUSAUR_MEGA,DPE_FORM_APPEND,フシギバナ,FORM_KEY_VENUSAUR_MEGA,true,3,REVIEWED_FORM_NATIONAL_DEX,APPENDED,
SPECIES_KEY_CHARIZARD_MEGA_X,1051,,870,SPECIES_CHARIZARD_MEGA_X,DPE_FORM_APPEND,リザードン,FORM_KEY_CHARIZARD_MEGA_X,true,6,REVIEWED_FORM_NATIONAL_DEX,APPENDED,
SPECIES_KEY_CHARIZARD_MEGA_Y,1052,,871,SPECIES_CHARIZARD_MEGA_Y,DPE_FORM_APPEND,リザードン,FORM_KEY_CHARIZARD_MEGA_Y,true,6,REVIEWED_FORM_NATIONAL_DEX,APPENDED,
SPECIES_KEY_BLASTOISE_MEGA,1053,,872,SPECIES_BLASTOISE_MEGA,DPE_FORM_APPEND,カメックス,FORM_KEY_BLASTOISE_MEGA,true,9,REVIEWED_FORM_NATIONAL_DEX,APPENDED,
SPECIES_KEY_BEEDRILL_MEGA,1054,,873,SPECIES_BEEDRILL_MEGA,DPE_FORM_APPEND,スピアー,FORM_KEY_BEEDRILL_MEGA,true,15,REVIEWED_FORM_NATIONAL_DEX,APPENDED,
SPECIES_KEY_PIDGEOT_MEGA,1055,,874,SPECIES_PIDGEOT_MEGA,DPE_FORM_APPEND,ピジョット,FORM_KEY_PIDGEOT_MEGA,true,18,REVIEWED_FORM_NATIONAL_DEX,APPENDED,
SPECIES_KEY_ALAKAZAM_MEGA,1056,,875,SPECIES_ALAKAZAM_MEGA,DPE_FORM_APPEND,フーディン,FORM_KEY_ALAKAZAM_MEGA,true,65,REVIEWED_FORM_NATIONAL_DEX,APPENDED,
SPECIES_KEY_SLOWBRO_MEGA,1057,,876,SPECIES_SLOWBRO_MEGA,DPE_FORM_APPEND,ヤドラン,FORM_KEY_SLOWBRO_MEGA,true,80,REVIEWED_FORM_NATIONAL_DEX,APPENDED,
SPECIES_KEY_GENGAR_MEGA,1058,,877,SPECIES_GENGAR_MEGA,DPE_FORM_APPEND,ゲンガー,FORM_KEY_GENGAR_MEGA,true,94,REVIEWED_FORM_NATIONAL_DEX,APPENDED,
SPECIES_KEY_KANGASKHAN_MEGA,1059,,878,SPECIES_KANGASKHAN_MEGA,DPE_FORM_APPEND,ガルーラ,FORM_KEY_KANGASKHAN_MEGA,true,115,REVIEWED_FORM_NATIONAL_DEX,APPENDED,
SPECIES_KEY_PINSIR_MEGA,1060,,879,SPECIES_PINSIR_MEGA,DPE_FORM_APPEND,カイロス,FORM_KEY_PINSIR_MEGA,true,127,REVIEWED_FORM_NATIONAL_DEX,APPENDED,
SPECIES_KEY_GYARADOS_MEGA,1061,,880,SPECIES_GYARADOS_MEGA,DPE_FORM_APPEND,ギャラドス,FORM_KEY_GYARADOS_MEGA,true,130,REVIEWED_FORM_NATIONAL_DEX,APPENDED,
SPECIES_KEY_AERODACTYL_MEGA,1062,,881,SPECIES_AERODACTYL_MEGA,DPE_FORM_APPEND,プテラ,FORM_KEY_AERODACTYL_MEGA,true,142,REVIEWED_FORM_NATIONAL_DEX,APPENDED,
SPECIES_KEY_MEWTWO_MEGA_X,1063,,882,SPECIES_MEWTWO_MEGA_X,DPE_FORM_APPEND,ミュウツー,FORM_KEY_MEWTWO_MEGA_X,true,150,REVIEWED_FORM_NATIONAL_DEX,APPENDED,
SPECIES_KEY_MEWTWO_MEGA_Y,1064,,883,SPECIES_MEWTWO_MEGA_Y,DPE_FORM_APPEND,ミュウツー,FORM_KEY_MEWTWO_MEGA_Y,true,150,REVIEWED_FORM_NATIONAL_DEX,APPENDED,
SPECIES_KEY_AMPHAROS_MEGA,1065,,884,SPECIES_AMPHAROS_MEGA,DPE_FORM_APPEND,デンリュウ,FORM_KEY_AMPHAROS_MEGA,true,181,REVIEWED_FORM_NATIONAL_DEX,APPENDED,
SPECIES_KEY_STEELIX_MEGA,1066,,885,SPECIES_STEELIX_MEGA,DPE_FORM_APPEND,ハガネール,FORM_KEY_STEELIX_MEGA,true,208,REVIEWED_FORM_NATIONAL_DEX,APPENDED,
SPECIES_KEY_SCIZOR_MEGA,1067,,886,SPECIES_SCIZOR_MEGA,DPE_FORM_APPEND,ハッサム,FORM_KEY_SCIZOR_MEGA,true,212,REVIEWED_FORM_NATIONAL_DEX,APPENDED,
SPECIES_KEY_HERACROSS_MEGA,1068,,887,SPECIES_HERACROSS_MEGA,DPE_FORM_APPEND,ヘラクロス,FORM_KEY_HERACROSS_MEGA,true,214,REVIEWED_FORM_NATIONAL_DEX,APPENDED,
SPECIES_KEY_HOUNDOOM_MEGA,1069,,888,SPECIES_HOUNDOOM_MEGA,DPE_FORM_APPEND,ヘルガー,FORM_KEY_HOUNDOOM_MEGA,true,229,REVIEWED_FORM_NATIONAL_DEX,APPENDED,
SPECIES_KEY_TYRANITAR_MEGA,1070,,889,SPECIES_TYRANITAR_MEGA,DPE_FORM_APPEND,バンギラス,FORM_KEY_TYRANITAR_MEGA,true,248,REVIEWED_FORM_NATIONAL_DEX,APPENDED,
SPECIES_KEY_SCEPTILE_MEGA,1071,,890,SPECIES_SCEPTILE_MEGA,DPE_FORM_APPEND,ジュカイン,FORM_KEY_SCEPTILE_MEGA,true,254,REVIEWED_FORM_NATIONAL_DEX,APPENDED,
SPECIES_KEY_BLAZIKEN_MEGA,1072,,891,SPECIES_BLAZIKEN_MEGA,DPE_FORM_APPEND,バシャーモ,FORM_KEY_BLAZIKEN_MEGA,true,257,REVIEWED_FORM_NATIONAL_DEX,APPENDED,
SPECIES_KEY_SWAMPERT_MEGA,1073,,892,SPECIES_SWAMPERT_MEGA,DPE_FORM_APPEND,ラグラージ,FORM_KEY_SWAMPERT_MEGA,true,260,REVIEWED_FORM_NATIONAL_DEX,APPENDED,
SPECIES_KEY_GARDEVOIR_MEGA,1074,,893,SPECIES_GARDEVOIR_MEGA,DPE_FORM_APPEND,サーナイト,FORM_KEY_GARDEVOIR_MEGA,true,282,REVIEWED_FORM_NATIONAL_DEX,APPENDED,
SPECIES_KEY_SABLEYE_MEGA,1075,,894,SPECIES_SABLEYE_MEGA,DPE_FORM_APPEND,ヤミラミ,FORM_KEY_SABLEYE_MEGA,true,302,REVIEWED_FORM_NATIONAL_DEX,APPENDED,
SPECIES_KEY_MAWILE_MEGA,1076,,895,SPECIES_MAWILE_MEGA,DPE_FORM_APPEND,クチート,FORM_KEY_MAWILE_MEGA,true,303,REVIEWED_FORM_NATIONAL_DEX,APPENDED,
SPECIES_KEY_AGGRON_MEGA,1077,,896,SPECIES_AGGRON_MEGA,DPE_FORM_APPEND,ボスゴドラ,FORM_KEY_AGGRON_MEGA,true,306,REVIEWED_FORM_NATIONAL_DEX,APPENDED,
SPECIES_KEY_MEDICHAM_MEGA,1078,,897,SPECIES_MEDICHAM_MEGA,DPE_FORM_APPEND,チャーレム,FORM_KEY_MEDICHAM_MEGA,true,308,REVIEWED_FORM_NATIONAL_DEX,APPENDED,
SPECIES_KEY_MANECTRIC_MEGA,1079,,898,SPECIES_MANECTRIC_MEGA,DPE_FORM_APPEND,ライボルト,FORM_KEY_MANECTRIC_MEGA,true,310,REVIEWED_FORM_NATIONAL_DEX,APPENDED,
SPECIES_KEY_SHARPEDO_MEGA,1080,,899,SPECIES_SHARPEDO_MEGA,DPE_FORM_APPEND,サメハダー,FORM_KEY_SHARPEDO_MEGA,true,319,REVIEWED_FORM_NATIONAL_DEX,APPENDED,
SPECIES_KEY_CAMERUPT_MEGA,1081,,900,SPECIES_CAMERUPT_MEGA,DPE_FORM_APPEND,バクーダ,FORM_KEY_CAMERUPT_MEGA,true,323,REVIEWED_FORM_NATIONAL_DEX,APPENDED,
SPECIES_KEY_ALTARIA_MEGA,1082,,901,SPECIES_ALTARIA_MEGA,DPE_FORM_APPEND,チルタリス,FORM_KEY_ALTARIA_MEGA,true,334,REVIEWED_FORM_NATIONAL_DEX,APPENDED,
SPECIES_KEY_BANETTE_MEGA,1083,,902,SPECIES_BANETTE_MEGA,DPE_FORM_APPEND,ジュペッタ,FORM_KEY_BANETTE_MEGA,true,354,REVIEWED_FORM_NATIONAL_DEX,APPENDED,
SPECIES_KEY_ABSOL_MEGA,1084,,903,SPECIES_ABSOL_MEGA,DPE_FORM_APPEND,アブソル,FORM_KEY_ABSOL_MEGA,true,359,REVIEWED_FORM_NATIONAL_DEX,APPENDED,
SPECIES_KEY_GLALIE_MEGA,1085,,904,SPECIES_GLALIE_MEGA,DPE_FORM_APPEND,オニゴーリ,FORM_KEY_GLALIE_MEGA,true,362,REVIEWED_FORM_NATIONAL_DEX,APPENDED,
SPECIES_KEY_SALAMENCE_MEGA,1086,,905,SPECIES_SALAMENCE_MEGA,DPE_FORM_APPEND,ボーマンダ,FORM_KEY_SALAMENCE_MEGA,true,373,REVIEWED_FORM_NATIONAL_DEX,APPENDED,
SPECIES_KEY_METAGROSS_MEGA,1087,,906,SPECIES_METAGROSS_MEGA,DPE_FORM_APPEND,メタグロス,FORM_KEY_METAGROSS_MEGA,true,376,REVIEWED_FORM_NATIONAL_DEX,APPENDED,
SPECIES_KEY_LATIAS_MEGA,1088,,907,SPECIES_LATIAS_MEGA,DPE_FORM_APPEND,ラティアス,FORM_KEY_LATIAS_MEGA,true,380,REVIEWED_FORM_NATIONAL_DEX,APPENDED,
SPECIES_KEY_LATIOS_MEGA,1089,,908,SPECIES_LATIOS_MEGA,DPE_FORM_APPEND,ラティオス,FORM_KEY_LATIOS_MEGA,true,381,REVIEWED_FORM_NATIONAL_DEX,APPENDED,
SPECIES_KEY_GROUDON_PRIMAL,1090,,909,SPECIES_GROUDON_PRIMAL,DPE_FORM_APPEND,グラードン,FORM_KEY_GROUDON_PRIMAL,true,383,REVIEWED_FORM_NATIONAL_DEX,APPENDED,
SPECIES_KEY_KYOGRE_PRIMAL,1091,,910,SPECIES_KYOGRE_PRIMAL,DPE_FORM_APPEND,カイオーガ,FORM_KEY_KYOGRE_PRIMAL,true,382,REVIEWED_FORM_NATIONAL_DEX,APPENDED,
SPECIES_KEY_RAYQUAZA_MEGA,1092,,911,SPECIES_RAYQUAZA_MEGA,DPE_FORM_APPEND,レックウザ,FORM_KEY_RAYQUAZA_MEGA,true,384,REVIEWED_FORM_NATIONAL_DEX,APPENDED,
SPECIES_KEY_LOPUNNY_MEGA,1093,,912,SPECIES_LOPUNNY_MEGA,DPE_FORM_APPEND,ミミロップ,FORM_KEY_LOPUNNY_MEGA,true,428,REVIEWED_FORM_NATIONAL_DEX,APPENDED,
SPECIES_KEY_GARCHOMP_MEGA,1094,,913,SPECIES_GARCHOMP_MEGA,DPE_FORM_APPEND,ガブリアス,FORM_KEY_GARCHOMP_MEGA,true,445,REVIEWED_FORM_NATIONAL_DEX,APPENDED,
SPECIES_KEY_LUCARIO_MEGA,1095,,914,SPECIES_LUCARIO_MEGA,DPE_FORM_APPEND,ルカリオ,FORM_KEY_LUCARIO_MEGA,true,448,REVIEWED_FORM_NATIONAL_DEX,APPENDED,
SPECIES_KEY_ABOMASNOW_MEGA,1096,,915,SPECIES_ABOMASNOW_MEGA,DPE_FORM_APPEND,ユキノオー,FORM_KEY_ABOMASNOW_MEGA,true,460,REVIEWED_FORM_NATIONAL_DEX,APPENDED,
SPECIES_KEY_GALLADE_MEGA,1097,,916,SPECIES_GALLADE_MEGA,DPE_FORM_APPEND,エルレイド,FORM_KEY_GALLADE_MEGA,true,475,REVIEWED_FORM_NATIONAL_DEX,APPENDED,
SPECIES_KEY_AUDINO_MEGA,1098,,917,SPECIES_AUDINO_MEGA,DPE_FORM_APPEND,タブンネ,FORM_KEY_AUDINO_MEGA,true,531,REVIEWED_FORM_NATIONAL_DEX,APPENDED,
SPECIES_KEY_DIANCIE_MEGA,1099,,918,SPECIES_DIANCIE_MEGA,DPE_FORM_APPEND,ディアンシー,FORM_KEY_DIANCIE_MEGA,true,719,REVIEWED_FORM_NATIONAL_DEX,APPENDED,
SPECIES_KEY_DIALGA_ORIGIN,1100,,919,SPECIES_DIALGA_ORIGIN,DPE_FORM_APPEND,ディアルガ,FORM_KEY_DIALGA_ORIGIN,true,483,REVIEWED_FORM_NATIONAL_DEX,APPENDED,
SPECIES_KEY_PALKIA_ORIGIN,1101,,920,SPECIES_PALKIA_ORIGIN,DPE_FORM_APPEND,パルキア,FORM_KEY_PALKIA_ORIGIN,true,484,REVIEWED_FORM_NATIONAL_DEX,APPENDED,
SPECIES_KEY_VIVILLON_ARCHIPELAGO,1102,,921,SPECIES_VIVILLON_ARCHIPELAGO,DPE_FORM_APPEND,ビビヨン,FORM_KEY_VIVILLON_ARCHIPELAGO,true,666,REVIEWED_FORM_NATIONAL_DEX,APPENDED,
SPECIES_KEY_VIVILLON_CONTINENTAL,1103,,922,SPECIES_VIVILLON_CONTINENTAL,DPE_FORM_APPEND,ビビヨン,FORM_KEY_VIVILLON_CONTINENTAL,true,666,REVIEWED_FORM_NATIONAL_DEX,APPENDED,
SPECIES_KEY_VIVILLON_ELEGANT,1104,,923,SPECIES_VIVILLON_ELEGANT,DPE_FORM_APPEND,ビビヨン,FORM_KEY_VIVILLON_ELEGANT,true,666,REVIEWED_FORM_NATIONAL_DEX,APPENDED,
SPECIES_KEY_VIVILLON_GARDEN,1105,,924,SPECIES_VIVILLON_GARDEN,DPE_FORM_APPEND,ビビヨン,FORM_KEY_VIVILLON_GARDEN,true,666,REVIEWED_FORM_NATIONAL_DEX,APPENDED,
SPECIES_KEY_VIVILLON_HIGH_PLAINS,1106,,925,SPECIES_VIVILLON_HIGH_PLAINS,DPE_FORM_APPEND,ビビヨン,FORM_KEY_VIVILLON_HIGH_PLAINS,true,666,REVIEWED_FORM_NATIONAL_DEX,APPENDED,
SPECIES_KEY_VIVILLON_ICY_SNOW,1107,,926,SPECIES_VIVILLON_ICY_SNOW,DPE_FORM_APPEND,ビビヨン,FORM_KEY_VIVILLON_ICY_SNOW,true,666,REVIEWED_FORM_NATIONAL_DEX,APPENDED,
SPECIES_KEY_VIVILLON_JUNGLE,1108,,927,SPECIES_VIVILLON_JUNGLE,DPE_FORM_APPEND,ビビヨン,FORM_KEY_VIVILLON_JUNGLE,true,666,REVIEWED_FORM_NATIONAL_DEX,APPENDED,
SPECIES_KEY_VIVILLON_MARINE,1109,,928,SPECIES_VIVILLON_MARINE,DPE_FORM_APPEND,ビビヨン,FORM_KEY_VIVILLON_MARINE,true,666,REVIEWED_FORM_NATIONAL_DEX,APPENDED,
SPECIES_KEY_VIVILLON_MODERN,1110,,929,SPECIES_VIVILLON_MODERN,DPE_FORM_APPEND,ビビヨン,FORM_KEY_VIVILLON_MODERN,true,666,REVIEWED_FORM_NATIONAL_DEX,APPENDED,
SPECIES_KEY_VIVILLON_MONSOON,1111,,930,SPECIES_VIVILLON_MONSOON,DPE_FORM_APPEND,ビビヨン,FORM_KEY_VIVILLON_MONSOON,true,666,REVIEWED_FORM_NATIONAL_DEX,APPENDED,
SPECIES_KEY_VIVILLON_OCEAN,1112,,931,SPECIES_VIVILLON_OCEAN,DPE_FORM_APPEND,ビビヨン,FORM_KEY_VIVILLON_OCEAN,true,666,REVIEWED_FORM_NATIONAL_DEX,APPENDED,
SPECIES_KEY_VIVILLON_POKEBALL,1113,,932,SPECIES_VIVILLON_POKEBALL,DPE_FORM_APPEND,ビビヨン,FORM_KEY_VIVILLON_POKEBALL,true,666,REVIEWED_FORM_NATIONAL_DEX,APPENDED,
SPECIES_KEY_VIVILLON_POLAR,1114,,933,SPECIES_VIVILLON_POLAR,DPE_FORM_APPEND,ビビヨン,FORM_KEY_VIVILLON_POLAR,true,666,REVIEWED_FORM_NATIONAL_DEX,APPENDED,
SPECIES_KEY_VIVILLON_RIVER,1115,,934,SPECIES_VIVILLON_RIVER,DPE_FORM_APPEND,ビビヨン,FORM_KEY_VIVILLON_RIVER,true,666,REVIEWED_FORM_NATIONAL_DEX,APPENDED,
SPECIES_KEY_VIVILLON_SANDSTORM,1116,,935,SPECIES_VIVILLON_SANDSTORM,DPE_FORM_APPEND,ビビヨン,FORM_KEY_VIVILLON_SANDSTORM,true,666,REVIEWED_FORM_NATIONAL_DEX,APPENDED,
SPECIES_KEY_VIVILLON_SAVANNA,1117,,936,SPECIES_VIVILLON_SAVANNA,DPE_FORM_APPEND,ビビヨン,FORM_KEY_VIVILLON_SAVANNA,true,666,REVIEWED_FORM_NATIONAL_DEX,APPENDED,
SPECIES_KEY_VIVILLON_SUN,1118,,937,SPECIES_VIVILLON_SUN,DPE_FORM_APPEND,ビビヨン,FORM_KEY_VIVILLON_SUN,true,666,REVIEWED_FORM_NATIONAL_DEX,APPENDED,
SPECIES_KEY_VIVILLON_TUNDRA,1119,,938,SPECIES_VIVILLON_TUNDRA,DPE_FORM_APPEND,ビビヨン,FORM_KEY_VIVILLON_TUNDRA,true,666,REVIEWED_FORM_NATIONAL_DEX,APPENDED,
SPECIES_KEY_ROWLET,1120,,939,SPECIES_ROWLET,DPE_SPECIES_APPEND,モクロー,,true,722,REVIEWED_DPE_APPEND,APPENDED,
SPECIES_KEY_DARTRIX,1121,,940,SPECIES_DARTRIX,DPE_SPECIES_APPEND,フクスロー,,true,723,REVIEWED_DPE_APPEND,APPENDED,
SPECIES_KEY_DECIDUEYE,1122,,941,SPECIES_DECIDUEYE,DPE_SPECIES_APPEND,ジュナイパー,,true,724,REVIEWED_DPE_APPEND,APPENDED,
SPECIES_KEY_LITTEN,1123,,942,SPECIES_LITTEN,DPE_SPECIES_APPEND,ニャビー,,true,725,REVIEWED_DPE_APPEND,APPENDED,
SPECIES_KEY_TORRACAT,1124,,943,SPECIES_TORRACAT,DPE_SPECIES_APPEND,ニャヒート,,true,726,REVIEWED_DPE_APPEND,APPENDED,
SPECIES_KEY_INCINEROAR,1125,,944,SPECIES_INCINEROAR,DPE_SPECIES_APPEND,ガオガエン,,true,727,REVIEWED_DPE_APPEND,APPENDED,
SPECIES_KEY_POPPLIO,1126,,945,SPECIES_POPPLIO,DPE_SPECIES_APPEND,アシマリ,,true,728,REVIEWED_DPE_APPEND,APPENDED,
SPECIES_KEY_BRIONNE,1127,,946,SPECIES_BRIONNE,DPE_SPECIES_APPEND,オシャマリ,,true,729,REVIEWED_DPE_APPEND,APPENDED,
SPECIES_KEY_PRIMARINA,1128,,947,SPECIES_PRIMARINA,DPE_SPECIES_APPEND,アシレーヌ,,true,730,REVIEWED_DPE_APPEND,APPENDED,
SPECIES_KEY_PIKIPEK,1129,,948,SPECIES_PIKIPEK,DPE_SPECIES_APPEND,ツツケラ,,true,731,REVIEWED_DPE_APPEND,APPENDED,
SPECIES_KEY_TRUMBEAK,1130,,949,SPECIES_TRUMBEAK,DPE_SPECIES_APPEND,ケララッパ,,true,732,REVIEWED_DPE_APPEND,APPENDED,
SPECIES_KEY_TOUCANNON,1131,,950,SPECIES_TOUCANNON,DPE_SPECIES_APPEND,ドデカバシ,,true,733,REVIEWED_DPE_APPEND,APPENDED,
SPECIES_KEY_YUNGOOS,1132,,951,SPECIES_YUNGOOS,DPE_SPECIES_APPEND,ヤングース,,true,734,REVIEWED_DPE_APPEND,APPENDED,
SPECIES_KEY_GUMSHOOS,1133,,952,SPECIES_GUMSHOOS,DPE_SPECIES_APPEND,デカグース,,true,735,REVIEWED_DPE_APPEND,APPENDED,
SPECIES_KEY_GRUBBIN,1134,,953,SPECIES_GRUBBIN,DPE_SPECIES_APPEND,アゴジムシ,,true,736,REVIEWED_DPE_APPEND,APPENDED,
SPECIES_KEY_CHARJABUG,1135,,954,SPECIES_CHARJABUG,DPE_SPECIES_APPEND,デンヂムシ,,true,737,REVIEWED_DPE_APPEND,APPENDED,
SPECIES_KEY_VIKAVOLT,1136,,955,SPECIES_VIKAVOLT,DPE_SPECIES_APPEND,クワガノン,,true,738,REVIEWED_DPE_APPEND,APPENDED,
SPECIES_KEY_CRABRAWLER,1137,,956,SPECIES_CRABRAWLER,DPE_SPECIES_APPEND,マケンカニ,,true,739,REVIEWED_DPE_APPEND,APPENDED,
SPECIES_KEY_CRABOMINABLE,1138,,957,SPECIES_CRABOMINABLE,DPE_SPECIES_APPEND,ケケンカニ,,true,740,REVIEWED_DPE_APPEND,APPENDED,
SPECIES_KEY_ORICORIO,1139,,958,SPECIES_ORICORIO,DPE_SPECIES_APPEND,オドリドリ,,true,741,REVIEWED_DPE_APPEND,APPENDED,
SPECIES_KEY_CUTIEFLY,1140,,959,SPECIES_CUTIEFLY,DPE_SPECIES_APPEND,アブリー,,true,742,REVIEWED_DPE_APPEND,APPENDED,
SPECIES_KEY_RIBOMBEE,1141,,960,SPECIES_RIBOMBEE,DPE_SPECIES_APPEND,アブリボン,,true,743,REVIEWED_DPE_APPEND,APPENDED,
SPECIES_KEY_ROCKRUFF,1142,,961,SPECIES_ROCKRUFF,DPE_SPECIES_APPEND,イワンコ,,true,744,REVIEWED_DPE_APPEND,APPENDED,
SPECIES_KEY_LYCANROC,1143,,962,SPECIES_LYCANROC,DPE_SPECIES_APPEND,ルガルガン,,true,745,REVIEWED_DPE_APPEND,APPENDED,
SPECIES_KEY_WISHIWASHI,1144,,963,SPECIES_WISHIWASHI,DPE_SPECIES_APPEND,ヨワシ,,true,746,REVIEWED_DPE_APPEND,APPENDED,
SPECIES_KEY_MAREANIE,1145,,964,SPECIES_MAREANIE,DPE_SPECIES_APPEND,ヒドイデ,,true,747,REVIEWED_DPE_APPEND,APPENDED,
SPECIES_KEY_TOXAPEX,1146,,965,SPECIES_TOXAPEX,DPE_SPECIES_APPEND,ドヒドイデ,,true,748,REVIEWED_DPE_APPEND,APPENDED,
SPECIES_KEY_MUDBRAY,1147,,966,SPECIES_MUDBRAY,DPE_SPECIES_APPEND,ドロバンコ,,true,749,REVIEWED_DPE_APPEND,APPENDED,
SPECIES_KEY_MUDSDALE,1148,,967,SPECIES_MUDSDALE,DPE_SPECIES_APPEND,バンバドロ,,true,750,REVIEWED_DPE_APPEND,APPENDED,
SPECIES_KEY_DEWPIDER,1149,,968,SPECIES_DEWPIDER,DPE_SPECIES_APPEND,シズクモ,,true,751,REVIEWED_DPE_APPEND,APPENDED,
SPECIES_KEY_ARAQUANID,1150,,969,SPECIES_ARAQUANID,DPE_SPECIES_APPEND,オニシズクモ,,true,752,REVIEWED_DPE_APPEND,APPENDED,
SPECIES_KEY_FOMANTIS,1151,,970,SPECIES_FOMANTIS,DPE_SPECIES_APPEND,カリキリ,,true,753,REVIEWED_DPE_APPEND,APPENDED,
SPECIES_KEY_LURANTIS,1152,,971,SPECIES_LURANTIS,DPE_SPECIES_APPEND,ラランテス,,true,754,REVIEWED_DPE_APPEND,APPENDED,
SPECIES_KEY_MORELULL,1153,,972,SPECIES_MORELULL,DPE_SPECIES_APPEND,ネマシュ,,true,755,REVIEWED_DPE_APPEND,APPENDED,
SPECIES_KEY_SHIINOTIC,1154,,973,SPECIES_SHIINOTIC,DPE_SPECIES_APPEND,マシェード,,true,756,REVIEWED_DPE_APPEND,APPENDED,
SPECIES_KEY_SALANDIT,1155,,974,SPECIES_SALANDIT,DPE_SPECIES_APPEND,ヤトウモリ,,true,757,REVIEWED_DPE_APPEND,APPENDED,
SPECIES_KEY_SALAZZLE,1156,,975,SPECIES_SALAZZLE,DPE_SPECIES_APPEND,エンニュート,,true,758,REVIEWED_DPE_APPEND,APPENDED,
SPECIES_KEY_STUFFUL,1157,,976,SPECIES_STUFFUL,DPE_SPECIES_APPEND,ヌイコグマ,,true,759,REVIEWED_DPE_APPEND,APPENDED,
SPECIES_KEY_BEWEAR,1158,,977,SPECIES_BEWEAR,DPE_SPECIES_APPEND,キテルグマ,,true,760,REVIEWED_DPE_APPEND,APPENDED,
SPECIES_KEY_BOUNSWEET,1159,,978,SPECIES_BOUNSWEET,DPE_SPECIES_APPEND,アマカジ,,true,761,REVIEWED_DPE_APPEND,APPENDED,
SPECIES_KEY_STEENEE,1160,,979,SPECIES_STEENEE,DPE_SPECIES_APPEND,アママイコ,,true,762,REVIEWED_DPE_APPEND,APPENDED,
SPECIES_KEY_TSAREENA,1161,,980,SPECIES_TSAREENA,DPE_SPECIES_APPEND,アマージョ,,true,763,REVIEWED_DPE_APPEND,APPENDED,
SPECIES_KEY_COMFEY,1162,,981,SPECIES_COMFEY,DPE_SPECIES_APPEND,キュワワー,,true,764,REVIEWED_DPE_APPEND,APPENDED,
SPECIES_KEY_ORANGURU,1163,,982,SPECIES_ORANGURU,DPE_SPECIES_APPEND,ヤレユータン,,true,765,REVIEWED_DPE_APPEND,APPENDED,
SPECIES_KEY_PASSIMIAN,1164,,983,SPECIES_PASSIMIAN,DPE_SPECIES_APPEND,ナゲツケサル,,true,766,REVIEWED_DPE_APPEND,APPENDED,
SPECIES_KEY_WIMPOD,1165,,984,SPECIES_WIMPOD,DPE_SPECIES_APPEND,コソクムシ,,true,767,REVIEWED_DPE_APPEND,APPENDED,
SPECIES_KEY_GOLISOPOD,1166,,985,SPECIES_GOLISOPOD,DPE_SPECIES_APPEND,グソクムシャ,,true,768,REVIEWED_DPE_APPEND,APPENDED,
SPECIES_KEY_SANDYGAST,1167,,986,SPECIES_SANDYGAST,DPE_SPECIES_APPEND,スナバァ,,true,769,REVIEWED_DPE_APPEND,APPENDED,
SPECIES_KEY_PALOSSAND,1168,,987,SPECIES_PALOSSAND,DPE_SPECIES_APPEND,シロデスナ,,true,770,REVIEWED_DPE_APPEND,APPENDED,
SPECIES_KEY_PYUKUMUKU,1169,,988,SPECIES_PYUKUMUKU,DPE_SPECIES_APPEND,ナマコブシ,,true,771,REVIEWED_DPE_APPEND,APPENDED,
SPECIES_KEY_TYPE_NULL,1170,,989,SPECIES_TYPE_NULL,DPE_SPECIES_APPEND,タイプ:ヌル,,true,772,REVIEWED_DPE_APPEND,APPENDED,
SPECIES_KEY_SILVALLY,1171,,990,SPECIES_SILVALLY,DPE_SPECIES_APPEND,シルヴァディ,,true,773,REVIEWED_DPE_APPEND,APPENDED,
SPECIES_KEY_MINIOR_SHIELD,1172,,991,SPECIES_MINIOR_SHIELD,DPE_SPECIES_APPEND,メテノ,,true,774,REVIEWED_DPE_APPEND,APPENDED,
SPECIES_KEY_KOMALA,1173,,992,SPECIES_KOMALA,DPE_SPECIES_APPEND,ネッコアラ,,true,775,REVIEWED_DPE_APPEND,APPENDED,
SPECIES_KEY_TURTONATOR,1174,,993,SPECIES_TURTONATOR,DPE_SPECIES_APPEND,バクガメス,,true,776,REVIEWED_DPE_APPEND,APPENDED,
SPECIES_KEY_TOGEDEMARU,1175,,994,SPECIES_TOGEDEMARU,DPE_SPECIES_APPEND,トゲデマル,,true,777,REVIEWED_DPE_APPEND,APPENDED,
SPECIES_KEY_MIMIKYU,1176,,995,SPECIES_MIMIKYU,DPE_SPECIES_APPEND,ミミッキュ,,true,778,REVIEWED_DPE_APPEND,APPENDED,
SPECIES_KEY_BRUXISH,1177,,996,SPECIES_BRUXISH,DPE_SPECIES_APPEND,ハギギシリ,,true,779,REVIEWED_DPE_APPEND,APPENDED,
SPECIES_KEY_DRAMPA,1178,,997,SPECIES_DRAMPA,DPE_SPECIES_APPEND,ジジーロン,,true,780,REVIEWED_DPE_APPEND,APPENDED,
SPECIES_KEY_DHELMISE,1179,,998,SPECIES_DHELMISE,DPE_SPECIES_APPEND,ダダリン,,true,781,REVIEWED_DPE_APPEND,APPENDED,
SPECIES_KEY_JANGMO_O,1180,,999,SPECIES_JANGMO_O,DPE_SPECIES_APPEND,ジャラコ,,true,782,REVIEWED_DPE_APPEND,APPENDED,
SPECIES_KEY_HAKAMO_O,1181,,1000,SPECIES_HAKAMO_O,DPE_SPECIES_APPEND,ジャランゴ,,true,783,REVIEWED_DPE_APPEND,APPENDED,
SPECIES_KEY_KOMMO_O,1182,,1001,SPECIES_KOMMO_O,DPE_SPECIES_APPEND,ジャラランガ,,true,784,REVIEWED_DPE_APPEND,APPENDED,
SPECIES_KEY_TAPU_KOKO,1183,,1002,SPECIES_TAPU_KOKO,DPE_SPECIES_APPEND,カプ・コケコ,,true,785,REVIEWED_DPE_APPEND,APPENDED,
SPECIES_KEY_TAPU_LELE,1184,,1003,SPECIES_TAPU_LELE,DPE_SPECIES_APPEND,カプ・テテフ,,true,786,REVIEWED_DPE_APPEND,APPENDED,
SPECIES_KEY_TAPU_BULU,1185,,1004,SPECIES_TAPU_BULU,DPE_SPECIES_APPEND,カプ・ブルル,,true,787,REVIEWED_DPE_APPEND,APPENDED,
SPECIES_KEY_TAPU_FINI,1186,,1005,SPECIES_TAPU_FINI,DPE_SPECIES_APPEND,カプ・レヒレ,,true,788,REVIEWED_DPE_APPEND,APPENDED,
SPECIES_KEY_COSMOG,1187,,1006,SPECIES_COSMOG,DPE_SPECIES_APPEND,コスモッグ,,true,789,REVIEWED_DPE_APPEND,APPENDED,
SPECIES_KEY_COSMOEM,1188,,1007,SPECIES_COSMOEM,DPE_SPECIES_APPEND,コスモウム,,true,790,REVIEWED_DPE_APPEND,APPENDED,
SPECIES_KEY_SOLGALEO,1189,,1008,SPECIES_SOLGALEO,DPE_SPECIES_APPEND,ソルガレオ,,true,791,REVIEWED_DPE_APPEND,APPENDED,
SPECIES_KEY_LUNALA,1190,,1009,SPECIES_LUNALA,DPE_SPECIES_APPEND,ルナアーラ,,true,792,REVIEWED_DPE_APPEND,APPENDED,
SPECIES_KEY_NIHILEGO,1191,,1010,SPECIES_NIHILEGO,DPE_SPECIES_APPEND,ウツロイド,,true,793,REVIEWED_DPE_APPEND,APPENDED,
SPECIES_KEY_BUZZWOLE,1192,,1011,SPECIES_BUZZWOLE,DPE_SPECIES_APPEND,マッシブーン,,true,794,REVIEWED_DPE_APPEND,APPENDED,
SPECIES_KEY_PHEROMOSA,1193,,1012,SPECIES_PHEROMOSA,DPE_SPECIES_APPEND,フェローチェ,,true,795,REVIEWED_DPE_APPEND,APPENDED,
SPECIES_KEY_XURKITREE,1194,,1013,SPECIES_XURKITREE,DPE_SPECIES_APPEND,デンジュモク,,true,796,REVIEWED_DPE_APPEND,APPENDED,
SPECIES_KEY_CELESTEELA,1195,,1014,SPECIES_CELESTEELA,DPE_SPECIES_APPEND,テッカグヤ,,true,797,REVIEWED_DPE_APPEND,APPENDED,
SPECIES_KEY_KARTANA,1196,,1015,SPECIES_KARTANA,DPE_SPECIES_APPEND,カミツルギ,,true,798,REVIEWED_DPE_APPEND,APPENDED,
SPECIES_KEY_GUZZLORD,1197,,1016,SPECIES_GUZZLORD,DPE_SPECIES_APPEND,アクジキング,,true,799,REVIEWED_DPE_APPEND,APPENDED,
SPECIES_KEY_NECROZMA,1198,,1017,SPECIES_NECROZMA,DPE_SPECIES_APPEND,ネクロズマ,,true,800,REVIEWED_DPE_APPEND,APPENDED,
SPECIES_KEY_MAGEARNA,1199,,1018,SPECIES_MAGEARNA,DPE_SPECIES_APPEND,マギアナ,,true,801,REVIEWED_DPE_APPEND,APPENDED,
SPECIES_KEY_MARSHADOW,1200,,1019,SPECIES_MARSHADOW,DPE_SPECIES_APPEND,マーシャドー,,true,802,REVIEWED_DPE_APPEND,APPENDED,
SPECIES_KEY_RATTATA_A,1201,,1020,SPECIES_RATTATA_A,DPE_FORM_APPEND,コラッタ,FORM_KEY_RATTATA_A,true,19,REVIEWED_FORM_NATIONAL_DEX,APPENDED,
SPECIES_KEY_RATICATE_A,1202,,1021,SPECIES_RATICATE_A,DPE_FORM_APPEND,ラッタ,FORM_KEY_RATICATE_A,true,20,REVIEWED_FORM_NATIONAL_DEX,APPENDED,
SPECIES_KEY_RAICHU_A,1203,,1022,SPECIES_RAICHU_A,DPE_FORM_APPEND,ライチュウ,FORM_KEY_RAICHU_A,true,26,REVIEWED_FORM_NATIONAL_DEX,APPENDED,
SPECIES_KEY_SANDSHREW_A,1204,,1023,SPECIES_SANDSHREW_A,DPE_FORM_APPEND,サンド,FORM_KEY_SANDSHREW_A,true,27,REVIEWED_FORM_NATIONAL_DEX,APPENDED,
SPECIES_KEY_SANDSLASH_A,1205,,1024,SPECIES_SANDSLASH_A,DPE_FORM_APPEND,サンドパン,FORM_KEY_SANDSLASH_A,true,28,REVIEWED_FORM_NATIONAL_DEX,APPENDED,
SPECIES_KEY_VULPIX_A,1206,,1025,SPECIES_VULPIX_A,DPE_FORM_APPEND,ロコン,FORM_KEY_VULPIX_A,true,37,REVIEWED_FORM_NATIONAL_DEX,APPENDED,
SPECIES_KEY_NINETALES_A,1207,,1026,SPECIES_NINETALES_A,DPE_FORM_APPEND,キュウコン,FORM_KEY_NINETALES_A,true,38,REVIEWED_FORM_NATIONAL_DEX,APPENDED,
SPECIES_KEY_DIGLETT_A,1208,,1027,SPECIES_DIGLETT_A,DPE_FORM_APPEND,ディグダ,FORM_KEY_DIGLETT_A,true,50,REVIEWED_FORM_NATIONAL_DEX,APPENDED,
SPECIES_KEY_DUGTRIO_A,1209,,1028,SPECIES_DUGTRIO_A,DPE_FORM_APPEND,ダグトリオ,FORM_KEY_DUGTRIO_A,true,51,REVIEWED_FORM_NATIONAL_DEX,APPENDED,
SPECIES_KEY_MEOWTH_A,1210,,1029,SPECIES_MEOWTH_A,DPE_FORM_APPEND,ニャース,FORM_KEY_MEOWTH_A,true,52,REVIEWED_FORM_NATIONAL_DEX,APPENDED,
SPECIES_KEY_PERSIAN_A,1211,,1030,SPECIES_PERSIAN_A,DPE_FORM_APPEND,ペルシアン,FORM_KEY_PERSIAN_A,true,53,REVIEWED_FORM_NATIONAL_DEX,APPENDED,
SPECIES_KEY_GEODUDE_A,1212,,1031,SPECIES_GEODUDE_A,DPE_FORM_APPEND,イシツブテ,FORM_KEY_GEODUDE_A,true,74,REVIEWED_FORM_NATIONAL_DEX,APPENDED,
SPECIES_KEY_GRAVELER_A,1213,,1032,SPECIES_GRAVELER_A,DPE_FORM_APPEND,ゴローン,FORM_KEY_GRAVELER_A,true,75,REVIEWED_FORM_NATIONAL_DEX,APPENDED,
SPECIES_KEY_GOLEM_A,1214,,1033,SPECIES_GOLEM_A,DPE_FORM_APPEND,ゴローニャ,FORM_KEY_GOLEM_A,true,76,REVIEWED_FORM_NATIONAL_DEX,APPENDED,
SPECIES_KEY_GRIMER_A,1215,,1034,SPECIES_GRIMER_A,DPE_FORM_APPEND,ベトベター,FORM_KEY_GRIMER_A,true,88,REVIEWED_FORM_NATIONAL_DEX,APPENDED,
SPECIES_KEY_MUK_A,1216,,1035,SPECIES_MUK_A,DPE_FORM_APPEND,ベトベトン,FORM_KEY_MUK_A,true,89,REVIEWED_FORM_NATIONAL_DEX,APPENDED,
SPECIES_KEY_EXEGGCUTE_A,1217,,1036,SPECIES_EXEGGCUTE_A,DPE_FORM_APPEND,タマタマ,FORM_KEY_EXEGGCUTE_A,true,102,REVIEWED_FORM_NATIONAL_DEX,APPENDED,
SPECIES_KEY_EXEGGUTOR_A,1218,,1037,SPECIES_EXEGGUTOR_A,DPE_FORM_APPEND,ナッシー,FORM_KEY_EXEGGUTOR_A,true,103,REVIEWED_FORM_NATIONAL_DEX,APPENDED,
SPECIES_KEY_CUBONE_A,1219,,1038,SPECIES_CUBONE_A,DPE_FORM_APPEND,カラカラ,FORM_KEY_CUBONE_A,true,104,REVIEWED_FORM_NATIONAL_DEX,APPENDED,
SPECIES_KEY_MAROWAK_A,1220,,1039,SPECIES_MAROWAK_A,DPE_FORM_APPEND,ガラガラ,FORM_KEY_MAROWAK_A,true,105,REVIEWED_FORM_NATIONAL_DEX,APPENDED,
SPECIES_KEY_DEOXYS_ATTACK,1221,,1040,SPECIES_DEOXYS_ATTACK,DPE_FORM_APPEND,デオキシス,FORM_KEY_DEOXYS_ATTACK,true,386,REVIEWED_FORM_NATIONAL_DEX,APPENDED,
SPECIES_KEY_DEOXYS_DEFENSE,1222,,1041,SPECIES_DEOXYS_DEFENSE,DPE_FORM_APPEND,デオキシス,FORM_KEY_DEOXYS_DEFENSE,true,386,REVIEWED_FORM_NATIONAL_DEX,APPENDED,
SPECIES_KEY_DEOXYS_SPEED,1223,,1042,SPECIES_DEOXYS_SPEED,DPE_FORM_APPEND,デオキシス,FORM_KEY_DEOXYS_SPEED,true,386,REVIEWED_FORM_NATIONAL_DEX,APPENDED,
SPECIES_KEY_ORICORIO_Y,1224,,1043,SPECIES_ORICORIO_Y,DPE_FORM_APPEND,オドリドリ,FORM_KEY_ORICORIO_Y,true,741,REVIEWED_FORM_NATIONAL_DEX,APPENDED,
SPECIES_KEY_ORICORIO_P,1225,,1044,SPECIES_ORICORIO_P,DPE_FORM_APPEND,オドリドリ,FORM_KEY_ORICORIO_P,true,741,REVIEWED_FORM_NATIONAL_DEX,APPENDED,
SPECIES_KEY_ORICORIO_S,1226,,1045,SPECIES_ORICORIO_S,DPE_FORM_APPEND,オドリドリ,FORM_KEY_ORICORIO_S,true,741,REVIEWED_FORM_NATIONAL_DEX,APPENDED,
SPECIES_KEY_LYCANROC_N,1227,,1046,SPECIES_LYCANROC_N,DPE_FORM_APPEND,ルガルガン,FORM_KEY_LYCANROC_N,true,745,REVIEWED_FORM_NATIONAL_DEX,APPENDED,
SPECIES_KEY_WISHIWASHI_S,1228,,1047,SPECIES_WISHIWASHI_S,DPE_FORM_APPEND,ヨワシ,FORM_KEY_WISHIWASHI_S,true,746,REVIEWED_FORM_NATIONAL_DEX,APPENDED,
SPECIES_KEY_SILVALLY_FIGHT,1229,,1048,SPECIES_SILVALLY_FIGHT,DPE_FORM_APPEND,シルヴァディ,FORM_KEY_SILVALLY_FIGHT,true,773,REVIEWED_FORM_NATIONAL_DEX,APPENDED,
SPECIES_KEY_SILVALLY_FLYING,1230,,1049,SPECIES_SILVALLY_FLYING,DPE_FORM_APPEND,シルヴァディ,FORM_KEY_SILVALLY_FLYING,true,773,REVIEWED_FORM_NATIONAL_DEX,APPENDED,
SPECIES_KEY_SILVALLY_POISON,1231,,1050,SPECIES_SILVALLY_POISON,DPE_FORM_APPEND,シルヴァディ,FORM_KEY_SILVALLY_POISON,true,773,REVIEWED_FORM_NATIONAL_DEX,APPENDED,
SPECIES_KEY_SILVALLY_GROUND,1232,,1051,SPECIES_SILVALLY_GROUND,DPE_FORM_APPEND,シルヴァディ,FORM_KEY_SILVALLY_GROUND,true,773,REVIEWED_FORM_NATIONAL_DEX,APPENDED,
SPECIES_KEY_SILVALLY_ROCK,1233,,1052,SPECIES_SILVALLY_ROCK,DPE_FORM_APPEND,シルヴァディ,FORM_KEY_SILVALLY_ROCK,true,773,REVIEWED_FORM_NATIONAL_DEX,APPENDED,
SPECIES_KEY_SILVALLY_BUG,1234,,1053,SPECIES_SILVALLY_BUG,DPE_FORM_APPEND,シルヴァディ,FORM_KEY_SILVALLY_BUG,true,773,REVIEWED_FORM_NATIONAL_DEX,APPENDED,
SPECIES_KEY_SILVALLY_GHOST,1235,,1054,SPECIES_SILVALLY_GHOST,DPE_FORM_APPEND,シルヴァディ,FORM_KEY_SILVALLY_GHOST,true,773,REVIEWED_FORM_NATIONAL_DEX,APPENDED,
SPECIES_KEY_SILVALLY_STEEL,1236,,1055,SPECIES_SILVALLY_STEEL,DPE_FORM_APPEND,シルヴァディ,FORM_KEY_SILVALLY_STEEL,true,773,REVIEWED_FORM_NATIONAL_DEX,APPENDED,
SPECIES_KEY_SILVALLY_FIRE,1237,,1056,SPECIES_SILVALLY_FIRE,DPE_FORM_APPEND,シルヴァディ,FORM_KEY_SILVALLY_FIRE,true,773,REVIEWED_FORM_NATIONAL_DEX,APPENDED,
SPECIES_KEY_SILVALLY_WATER,1238,,1057,SPECIES_SILVALLY_WATER,DPE_FORM_APPEND,シルヴァディ,FORM_KEY_SILVALLY_WATER,true,773,REVIEWED_FORM_NATIONAL_DEX,APPENDED,
SPECIES_KEY_SILVALLY_GRASS,1239,,1058,SPECIES_SILVALLY_GRASS,DPE_FORM_APPEND,シルヴァディ,FORM_KEY_SILVALLY_GRASS,true,773,REVIEWED_FORM_NATIONAL_DEX,APPENDED,
SPECIES_KEY_SILVALLY_ELECTRIC,1240,,1059,SPECIES_SILVALLY_ELECTRIC,DPE_FORM_APPEND,シルヴァディ,FORM_KEY_SILVALLY_ELECTRIC,true,773,REVIEWED_FORM_NATIONAL_DEX,APPENDED,
SPECIES_KEY_SILVALLY_PSYCHIC,1241,,1060,SPECIES_SILVALLY_PSYCHIC,DPE_FORM_APPEND,シルヴァディ,FORM_KEY_SILVALLY_PSYCHIC,true,773,REVIEWED_FORM_NATIONAL_DEX,APPENDED,
SPECIES_KEY_SILVALLY_ICE,1242,,1061,SPECIES_SILVALLY_ICE,DPE_FORM_APPEND,シルヴァディ,FORM_KEY_SILVALLY_ICE,true,773,REVIEWED_FORM_NATIONAL_DEX,APPENDED,
SPECIES_KEY_SILVALLY_DRAGON,1243,,1062,SPECIES_SILVALLY_DRAGON,DPE_FORM_APPEND,シルヴァディ,FORM_KEY_SILVALLY_DRAGON,true,773,REVIEWED_FORM_NATIONAL_DEX,APPENDED,
SPECIES_KEY_SILVALLY_DARK,1244,,1063,SPECIES_SILVALLY_DARK,DPE_FORM_APPEND,シルヴァディ,FORM_KEY_SILVALLY_DARK,true,773,REVIEWED_FORM_NATIONAL_DEX,APPENDED,
SPECIES_KEY_SILVALLY_FAIRY,1245,,1064,SPECIES_SILVALLY_FAIRY,DPE_FORM_APPEND,シルヴァディ,FORM_KEY_SILVALLY_FAIRY,true,773,REVIEWED_FORM_NATIONAL_DEX,APPENDED,
SPECIES_KEY_MINIOR_RED,1246,,1065,SPECIES_MINIOR_RED,DPE_FORM_APPEND,メテノ,FORM_KEY_MINIOR_RED,true,774,REVIEWED_FORM_NATIONAL_DEX,APPENDED,
SPECIES_KEY_MINIOR_BLUE,1247,,1066,SPECIES_MINIOR_BLUE,DPE_FORM_APPEND,メテノ,FORM_KEY_MINIOR_BLUE,true,774,REVIEWED_FORM_NATIONAL_DEX,APPENDED,
SPECIES_KEY_MINIOR_ORANGE,1248,,1067,SPECIES_MINIOR_ORANGE,DPE_FORM_APPEND,メテノ,FORM_KEY_MINIOR_ORANGE,true,774,REVIEWED_FORM_NATIONAL_DEX,APPENDED,
SPECIES_KEY_MINIOR_YELLOW,1249,,1068,SPECIES_MINIOR_YELLOW,DPE_FORM_APPEND,メテノ,FORM_KEY_MINIOR_YELLOW,true,774,REVIEWED_FORM_NATIONAL_DEX,APPENDED,
SPECIES_KEY_MINIOR_INDIGO,1250,,1069,SPECIES_MINIOR_INDIGO,DPE_FORM_APPEND,メテノ,FORM_KEY_MINIOR_INDIGO,true,774,REVIEWED_FORM_NATIONAL_DEX,APPENDED,
SPECIES_KEY_MINIOR_GREEN,1251,,1070,SPECIES_MINIOR_GREEN,DPE_FORM_APPEND,メテノ,FORM_KEY_MINIOR_GREEN,true,774,REVIEWED_FORM_NATIONAL_DEX,APPENDED,
SPECIES_KEY_MINIOR_VIOLET,1252,,1071,SPECIES_MINIOR_VIOLET,DPE_FORM_APPEND,メテノ,FORM_KEY_MINIOR_VIOLET,true,774,REVIEWED_FORM_NATIONAL_DEX,APPENDED,
SPECIES_KEY_MIMIKYU_BUSTED,1253,,1072,SPECIES_MIMIKYU_BUSTED,DPE_FORM_APPEND,ミミッキュ,FORM_KEY_MIMIKYU_BUSTED,true,778,REVIEWED_FORM_NATIONAL_DEX,APPENDED,
SPECIES_KEY_MAGEARNA_P,1254,,1073,SPECIES_MAGEARNA_P,DPE_FORM_APPEND,マギアナ,FORM_KEY_MAGEARNA_P,true,801,REVIEWED_FORM_NATIONAL_DEX,APPENDED,
SPECIES_KEY_POIPOLE,1255,,1074,SPECIES_POIPOLE,DPE_SPECIES_APPEND,ベベノム,,true,803,REVIEWED_DPE_APPEND,APPENDED,
SPECIES_KEY_NAGANADEL,1256,,1075,SPECIES_NAGANADEL,DPE_SPECIES_APPEND,アーゴヨン,,true,804,REVIEWED_DPE_APPEND,APPENDED,
SPECIES_KEY_STAKATAKA,1257,,1076,SPECIES_STAKATAKA,DPE_SPECIES_APPEND,ツンデツンデ,,true,805,REVIEWED_DPE_APPEND,APPENDED,
SPECIES_KEY_BLACEPHALON,1258,,1077,SPECIES_BLACEPHALON,DPE_SPECIES_APPEND,ズガドーン,,true,806,REVIEWED_DPE_APPEND,APPENDED,
SPECIES_KEY_ZERAORA,1259,,1078,SPECIES_ZERAORA,DPE_SPECIES_APPEND,ゼラオラ,,true,807,REVIEWED_DPE_APPEND,APPENDED,
SPECIES_KEY_NECROZMA_DUSK_MANE,1260,,1079,SPECIES_NECROZMA_DUSK_MANE,DPE_FORM_APPEND,ネクロズマ,FORM_KEY_NECROZMA_DUSK_MANE,true,800,REVIEWED_FORM_NATIONAL_DEX,APPENDED,
SPECIES_KEY_NECROZMA_DAWN_WINGS,1261,,1080,SPECIES_NECROZMA_DAWN_WINGS,DPE_FORM_APPEND,ネクロズマ,FORM_KEY_NECROZMA_DAWN_WINGS,true,800,REVIEWED_FORM_NATIONAL_DEX,APPENDED,
SPECIES_KEY_NECROZMA_ULTRA,1262,,1081,SPECIES_NECROZMA_ULTRA,DPE_FORM_APPEND,ネクロズマ,FORM_KEY_NECROZMA_ULTRA,true,800,REVIEWED_FORM_NATIONAL_DEX,APPENDED,
SPECIES_KEY_LYCANROC_DUSK,1263,,1082,SPECIES_LYCANROC_DUSK,DPE_FORM_APPEND,ルガルガン,FORM_KEY_LYCANROC_DUSK,true,745,REVIEWED_FORM_NATIONAL_DEX,APPENDED,
SPECIES_KEY_MELTAN,1264,,1083,SPECIES_MELTAN,DPE_SPECIES_APPEND,メルタン,,true,808,REVIEWED_DPE_APPEND,APPENDED,
SPECIES_KEY_MELMETAL,1265,,1084,SPECIES_MELMETAL,DPE_SPECIES_APPEND,メルメタル,,true,809,REVIEWED_DPE_APPEND,APPENDED,
SPECIES_KEY_PIKACHU_SURFING,1266,,1085,SPECIES_PIKACHU_SURFING,DPE_FORM_APPEND,ピカチュウ,FORM_KEY_PIKACHU_SURFING,true,25,REVIEWED_FORM_NATIONAL_DEX,APPENDED,
SPECIES_KEY_PIKACHU_FLYING,1267,,1086,SPECIES_PIKACHU_FLYING,DPE_FORM_APPEND,ピカチュウ,FORM_KEY_PIKACHU_FLYING,true,25,REVIEWED_FORM_NATIONAL_DEX,APPENDED,
SPECIES_KEY_PIKACHU_COSPLAY,1268,,1087,SPECIES_PIKACHU_COSPLAY,DPE_FORM_APPEND,ピカチュウ,FORM_KEY_PIKACHU_COSPLAY,true,25,REVIEWED_FORM_NATIONAL_DEX,APPENDED,
SPECIES_KEY_PIKACHU_LIBRE,1269,,1088,SPECIES_PIKACHU_LIBRE,DPE_FORM_APPEND,ピカチュウ,FORM_KEY_PIKACHU_LIBRE,true,25,REVIEWED_FORM_NATIONAL_DEX,APPENDED,
SPECIES_KEY_PIKACHU_POP_STAR,1270,,1089,SPECIES_PIKACHU_POP_STAR,DPE_FORM_APPEND,ピカチュウ,FORM_KEY_PIKACHU_POP_STAR,true,25,REVIEWED_FORM_NATIONAL_DEX,APPENDED,
SPECIES_KEY_PIKACHU_ROCK_STAR,1271,,1090,SPECIES_PIKACHU_ROCK_STAR,DPE_FORM_APPEND,ピカチュウ,FORM_KEY_PIKACHU_ROCK_STAR,true,25,REVIEWED_FORM_NATIONAL_DEX,APPENDED,
SPECIES_KEY_PIKACHU_BELLE,1272,,1091,SPECIES_PIKACHU_BELLE,DPE_FORM_APPEND,ピカチュウ,FORM_KEY_PIKACHU_BELLE,true,25,REVIEWED_FORM_NATIONAL_DEX,APPENDED,
SPECIES_KEY_PIKACHU_PHD,1273,,1092,SPECIES_PIKACHU_PHD,DPE_FORM_APPEND,ピカチュウ,FORM_KEY_PIKACHU_PHD,true,25,REVIEWED_FORM_NATIONAL_DEX,APPENDED,
SPECIES_KEY_PIKACHU_CAP_ORIGINAL,1274,,1093,SPECIES_PIKACHU_CAP_ORIGINAL,DPE_FORM_APPEND,ピカチュウ,FORM_KEY_PIKACHU_CAP_ORIGINAL,true,25,REVIEWED_FORM_NATIONAL_DEX,APPENDED,
SPECIES_KEY_PIKACHU_CAP_HOENN,1275,,1094,SPECIES_PIKACHU_CAP_HOENN,DPE_FORM_APPEND,ピカチュウ,FORM_KEY_PIKACHU_CAP_HOENN,true,25,REVIEWED_FORM_NATIONAL_DEX,APPENDED,
SPECIES_KEY_PIKACHU_CAP_SINNOH,1276,,1095,SPECIES_PIKACHU_CAP_SINNOH,DPE_FORM_APPEND,ピカチュウ,FORM_KEY_PIKACHU_CAP_SINNOH,true,25,REVIEWED_FORM_NATIONAL_DEX,APPENDED,
SPECIES_KEY_PIKACHU_CAP_UNOVA,1277,,1096,SPECIES_PIKACHU_CAP_UNOVA,DPE_FORM_APPEND,ピカチュウ,FORM_KEY_PIKACHU_CAP_UNOVA,true,25,REVIEWED_FORM_NATIONAL_DEX,APPENDED,
SPECIES_KEY_PIKACHU_CAP_KALOS,1278,,1097,SPECIES_PIKACHU_CAP_KALOS,DPE_FORM_APPEND,ピカチュウ,FORM_KEY_PIKACHU_CAP_KALOS,true,25,REVIEWED_FORM_NATIONAL_DEX,APPENDED,
SPECIES_KEY_PIKACHU_CAP_ALOLA,1279,,1098,SPECIES_PIKACHU_CAP_ALOLA,DPE_FORM_APPEND,ピカチュウ,FORM_KEY_PIKACHU_CAP_ALOLA,true,25,REVIEWED_FORM_NATIONAL_DEX,APPENDED,
SPECIES_KEY_PIKACHU_CAP_PARTNER,1280,,1099,SPECIES_PIKACHU_CAP_PARTNER,DPE_FORM_APPEND,ピカチュウ,FORM_KEY_PIKACHU_CAP_PARTNER,true,25,REVIEWED_FORM_NATIONAL_DEX,APPENDED,
SPECIES_KEY_PICHU_SPIKY,1281,,1100,SPECIES_PICHU_SPIKY,DPE_FORM_APPEND,ピチュー,FORM_KEY_PICHU_SPIKY,true,172,REVIEWED_FORM_NATIONAL_DEX,APPENDED,
SPECIES_KEY_XERNEAS_NATURAL,1282,,1101,SPECIES_XERNEAS_NATURAL,DPE_FORM_APPEND,ゼルネアス,FORM_KEY_XERNEAS_NATURAL,true,716,REVIEWED_FORM_NATIONAL_DEX,APPENDED,
SPECIES_KEY_GROOKEY,1283,,1102,SPECIES_GROOKEY,DPE_SPECIES_APPEND,サルノリ,,true,810,REVIEWED_DPE_APPEND,APPENDED,
SPECIES_KEY_THWACKEY,1284,,1103,SPECIES_THWACKEY,DPE_SPECIES_APPEND,バチンキー,,true,811,REVIEWED_DPE_APPEND,APPENDED,
SPECIES_KEY_RILLABOOM,1285,,1104,SPECIES_RILLABOOM,DPE_SPECIES_APPEND,ゴリランダー,,true,812,REVIEWED_DPE_APPEND,APPENDED,
SPECIES_KEY_SCORBUNNY,1286,,1105,SPECIES_SCORBUNNY,DPE_SPECIES_APPEND,ヒバニー,,true,813,REVIEWED_DPE_APPEND,APPENDED,
SPECIES_KEY_RABOOT,1287,,1106,SPECIES_RABOOT,DPE_SPECIES_APPEND,ラビフット,,true,814,REVIEWED_DPE_APPEND,APPENDED,
SPECIES_KEY_CINDERACE,1288,,1107,SPECIES_CINDERACE,DPE_SPECIES_APPEND,エースバーン,,true,815,REVIEWED_DPE_APPEND,APPENDED,
SPECIES_KEY_SOBBLE,1289,,1108,SPECIES_SOBBLE,DPE_SPECIES_APPEND,メッソン,,true,816,REVIEWED_DPE_APPEND,APPENDED,
SPECIES_KEY_DRIZZILE,1290,,1109,SPECIES_DRIZZILE,DPE_SPECIES_APPEND,ジメレオン,,true,817,REVIEWED_DPE_APPEND,APPENDED,
SPECIES_KEY_INTELEON,1291,,1110,SPECIES_INTELEON,DPE_SPECIES_APPEND,インテレオン,,true,818,REVIEWED_DPE_APPEND,APPENDED,
SPECIES_KEY_SKWOVET,1292,,1111,SPECIES_SKWOVET,DPE_SPECIES_APPEND,ホシガリス,,true,819,REVIEWED_DPE_APPEND,APPENDED,
SPECIES_KEY_GREEDENT,1293,,1112,SPECIES_GREEDENT,DPE_SPECIES_APPEND,ヨクバリス,,true,820,REVIEWED_DPE_APPEND,APPENDED,
SPECIES_KEY_ROOKIDEE,1294,,1113,SPECIES_ROOKIDEE,DPE_SPECIES_APPEND,ココガラ,,true,821,REVIEWED_DPE_APPEND,APPENDED,
SPECIES_KEY_CORVISQUIRE,1295,,1114,SPECIES_CORVISQUIRE,DPE_SPECIES_APPEND,アオガラス,,true,822,REVIEWED_DPE_APPEND,APPENDED,
SPECIES_KEY_CORVIKNIGHT,1296,,1115,SPECIES_CORVIKNIGHT,DPE_SPECIES_APPEND,アーマーガア,,true,823,REVIEWED_DPE_APPEND,APPENDED,
SPECIES_KEY_BLIPBUG,1297,,1116,SPECIES_BLIPBUG,DPE_SPECIES_APPEND,サッチムシ,,true,824,REVIEWED_DPE_APPEND,APPENDED,
SPECIES_KEY_DOTTLER,1298,,1117,SPECIES_DOTTLER,DPE_SPECIES_APPEND,レドームシ,,true,825,REVIEWED_DPE_APPEND,APPENDED,
SPECIES_KEY_ORBEETLE,1299,,1118,SPECIES_ORBEETLE,DPE_SPECIES_APPEND,イオルブ,,true,826,REVIEWED_DPE_APPEND,APPENDED,
SPECIES_KEY_NICKIT,1300,,1119,SPECIES_NICKIT,DPE_SPECIES_APPEND,クスネ,,true,827,REVIEWED_DPE_APPEND,APPENDED,
SPECIES_KEY_THIEVUL,1301,,1120,SPECIES_THIEVUL,DPE_SPECIES_APPEND,フォクスライ,,true,828,REVIEWED_DPE_APPEND,APPENDED,
SPECIES_KEY_GOSSIFLEUR,1302,,1121,SPECIES_GOSSIFLEUR,DPE_SPECIES_APPEND,ヒメンカ,,true,829,REVIEWED_DPE_APPEND,APPENDED,
SPECIES_KEY_ELDEGOSS,1303,,1122,SPECIES_ELDEGOSS,DPE_SPECIES_APPEND,ワタシラガ,,true,830,REVIEWED_DPE_APPEND,APPENDED,
SPECIES_KEY_WOOLOO,1304,,1123,SPECIES_WOOLOO,DPE_SPECIES_APPEND,ウールー,,true,831,REVIEWED_DPE_APPEND,APPENDED,
SPECIES_KEY_DUBWOOL,1305,,1124,SPECIES_DUBWOOL,DPE_SPECIES_APPEND,バイウールー,,true,832,REVIEWED_DPE_APPEND,APPENDED,
SPECIES_KEY_CHEWTLE,1306,,1125,SPECIES_CHEWTLE,DPE_SPECIES_APPEND,カムカメ,,true,833,REVIEWED_DPE_APPEND,APPENDED,
SPECIES_KEY_DREDNAW,1307,,1126,SPECIES_DREDNAW,DPE_SPECIES_APPEND,カジリガメ,,true,834,REVIEWED_DPE_APPEND,APPENDED,
SPECIES_KEY_YAMPER,1308,,1127,SPECIES_YAMPER,DPE_SPECIES_APPEND,ワンパチ,,true,835,REVIEWED_DPE_APPEND,APPENDED,
SPECIES_KEY_BOLTUND,1309,,1128,SPECIES_BOLTUND,DPE_SPECIES_APPEND,パルスワン,,true,836,REVIEWED_DPE_APPEND,APPENDED,
SPECIES_KEY_ROLYCOLY,1310,,1129,SPECIES_ROLYCOLY,DPE_SPECIES_APPEND,タンドン,,true,837,REVIEWED_DPE_APPEND,APPENDED,
SPECIES_KEY_CARKOL,1311,,1130,SPECIES_CARKOL,DPE_SPECIES_APPEND,トロッゴン,,true,838,REVIEWED_DPE_APPEND,APPENDED,
SPECIES_KEY_COALOSSAL,1312,,1131,SPECIES_COALOSSAL,DPE_SPECIES_APPEND,セキタンザン,,true,839,REVIEWED_DPE_APPEND,APPENDED,
SPECIES_KEY_APPLIN,1313,,1132,SPECIES_APPLIN,DPE_SPECIES_APPEND,カジッチュ,,true,840,REVIEWED_DPE_APPEND,APPENDED,
SPECIES_KEY_FLAPPLE,1314,,1133,SPECIES_FLAPPLE,DPE_SPECIES_APPEND,アップリュー,,true,841,REVIEWED_DPE_APPEND,APPENDED,
SPECIES_KEY_APPLETUN,1315,,1134,SPECIES_APPLETUN,DPE_SPECIES_APPEND,タルップル,,true,842,REVIEWED_DPE_APPEND,APPENDED,
SPECIES_KEY_SILICOBRA,1316,,1135,SPECIES_SILICOBRA,DPE_SPECIES_APPEND,スナヘビ,,true,843,REVIEWED_DPE_APPEND,APPENDED,
SPECIES_KEY_SANDACONDA,1317,,1136,SPECIES_SANDACONDA,DPE_SPECIES_APPEND,サダイジャ,,true,844,REVIEWED_DPE_APPEND,APPENDED,
SPECIES_KEY_CRAMORANT,1318,,1137,SPECIES_CRAMORANT,DPE_SPECIES_APPEND,ウッウ,,true,845,REVIEWED_DPE_APPEND,APPENDED,
SPECIES_KEY_ARROKUDA,1319,,1138,SPECIES_ARROKUDA,DPE_SPECIES_APPEND,サシカマス,,true,846,REVIEWED_DPE_APPEND,APPENDED,
SPECIES_KEY_BARRASKEWDA,1320,,1139,SPECIES_BARRASKEWDA,DPE_SPECIES_APPEND,カマスジョー,,true,847,REVIEWED_DPE_APPEND,APPENDED,
SPECIES_KEY_TOXEL,1321,,1140,SPECIES_TOXEL,DPE_SPECIES_APPEND,エレズン,,true,848,REVIEWED_DPE_APPEND,APPENDED,
SPECIES_KEY_TOXTRICITY,1322,,1141,SPECIES_TOXTRICITY,DPE_SPECIES_APPEND,ストリンダー,,true,849,REVIEWED_DPE_APPEND,APPENDED,
SPECIES_KEY_SIZZLIPEDE,1323,,1142,SPECIES_SIZZLIPEDE,DPE_SPECIES_APPEND,ヤクデ,,true,850,REVIEWED_DPE_APPEND,APPENDED,
SPECIES_KEY_CENTISKORCH,1324,,1143,SPECIES_CENTISKORCH,DPE_SPECIES_APPEND,マルヤクデ,,true,851,REVIEWED_DPE_APPEND,APPENDED,
SPECIES_KEY_CLOBBOPUS,1325,,1144,SPECIES_CLOBBOPUS,DPE_SPECIES_APPEND,タタッコ,,true,852,REVIEWED_DPE_APPEND,APPENDED,
SPECIES_KEY_GRAPPLOCT,1326,,1145,SPECIES_GRAPPLOCT,DPE_SPECIES_APPEND,オトスパス,,true,853,REVIEWED_DPE_APPEND,APPENDED,
SPECIES_KEY_SINISTEA,1327,,1146,SPECIES_SINISTEA,DPE_SPECIES_APPEND,ヤバチャ,,true,854,REVIEWED_DPE_APPEND,APPENDED,
SPECIES_KEY_POLTEAGEIST,1328,,1147,SPECIES_POLTEAGEIST,DPE_SPECIES_APPEND,ポットデス,,true,855,REVIEWED_DPE_APPEND,APPENDED,
SPECIES_KEY_HATENNA,1329,,1148,SPECIES_HATENNA,DPE_SPECIES_APPEND,ミブリム,,true,856,REVIEWED_DPE_APPEND,APPENDED,
SPECIES_KEY_HATTREM,1330,,1149,SPECIES_HATTREM,DPE_SPECIES_APPEND,テブリム,,true,857,REVIEWED_DPE_APPEND,APPENDED,
SPECIES_KEY_HATTERENE,1331,,1150,SPECIES_HATTERENE,DPE_SPECIES_APPEND,ブリムオン,,true,858,REVIEWED_DPE_APPEND,APPENDED,
SPECIES_KEY_IMPIDIMP,1332,,1151,SPECIES_IMPIDIMP,DPE_SPECIES_APPEND,ベロバー,,true,859,REVIEWED_DPE_APPEND,APPENDED,
SPECIES_KEY_MORGREM,1333,,1152,SPECIES_MORGREM,DPE_SPECIES_APPEND,ギモー,,true,860,REVIEWED_DPE_APPEND,APPENDED,
SPECIES_KEY_GRIMMSNARL,1334,,1153,SPECIES_GRIMMSNARL,DPE_SPECIES_APPEND,オーロンゲ,,true,861,REVIEWED_DPE_APPEND,APPENDED,
SPECIES_KEY_OBSTAGOON,1335,,1154,SPECIES_OBSTAGOON,DPE_SPECIES_APPEND,タチフサグマ,,true,862,REVIEWED_DPE_APPEND,APPENDED,
SPECIES_KEY_PERRSERKER,1336,,1155,SPECIES_PERRSERKER,DPE_SPECIES_APPEND,ニャイキング,,true,863,REVIEWED_DPE_APPEND,APPENDED,
SPECIES_KEY_CURSOLA,1337,,1156,SPECIES_CURSOLA,DPE_SPECIES_APPEND,サニゴーン,,true,864,REVIEWED_DPE_APPEND,APPENDED,
SPECIES_KEY_SIRFETCHD,1338,,1157,SPECIES_SIRFETCHD,DPE_SPECIES_APPEND,ネギガナイト,,true,865,REVIEWED_DPE_APPEND,APPENDED,
SPECIES_KEY_MR_RIME,1339,,1158,SPECIES_MR_RIME,DPE_SPECIES_APPEND,バリコオル,,true,866,REVIEWED_DPE_APPEND,APPENDED,
SPECIES_KEY_RUNERIGUS,1340,,1159,SPECIES_RUNERIGUS,DPE_SPECIES_APPEND,デスバーン,,true,867,REVIEWED_DPE_APPEND,APPENDED,
SPECIES_KEY_MILCERY,1341,,1160,SPECIES_MILCERY,DPE_SPECIES_APPEND,マホミル,,true,868,REVIEWED_DPE_APPEND,APPENDED,
SPECIES_KEY_ALCREMIE_STRAWBERRY,1342,,1161,SPECIES_ALCREMIE_STRAWBERRY,DPE_SPECIES_APPEND,マホイップ,,true,869,REVIEWED_DPE_APPEND,APPENDED,
SPECIES_KEY_FALINKS,1343,,1162,SPECIES_FALINKS,DPE_SPECIES_APPEND,タイレーツ,,true,870,REVIEWED_DPE_APPEND,APPENDED,
SPECIES_KEY_PINCURCHIN,1344,,1163,SPECIES_PINCURCHIN,DPE_SPECIES_APPEND,バチンウニ,,true,871,REVIEWED_DPE_APPEND,APPENDED,
SPECIES_KEY_SNOM,1345,,1164,SPECIES_SNOM,DPE_SPECIES_APPEND,ユキハミ,,true,872,REVIEWED_DPE_APPEND,APPENDED,
SPECIES_KEY_FROSMOTH,1346,,1165,SPECIES_FROSMOTH,DPE_SPECIES_APPEND,モスノウ,,true,873,REVIEWED_DPE_APPEND,APPENDED,
SPECIES_KEY_STONJOURNER,1347,,1166,SPECIES_STONJOURNER,DPE_SPECIES_APPEND,イシヘンジン,,true,874,REVIEWED_DPE_APPEND,APPENDED,
SPECIES_KEY_EISCUE,1348,,1167,SPECIES_EISCUE,DPE_SPECIES_APPEND,コオリッポ,,true,875,REVIEWED_DPE_APPEND,APPENDED,
SPECIES_KEY_INDEEDEE,1349,,1168,SPECIES_INDEEDEE,DPE_SPECIES_APPEND,イエッサン,,true,876,REVIEWED_DPE_APPEND,APPENDED,
SPECIES_KEY_MORPEKO,1350,,1169,SPECIES_MORPEKO,DPE_SPECIES_APPEND,モルペコ,,true,877,REVIEWED_DPE_APPEND,APPENDED,
SPECIES_KEY_CUFANT,1351,,1170,SPECIES_CUFANT,DPE_SPECIES_APPEND,ゾウドウ,,true,878,REVIEWED_DPE_APPEND,APPENDED,
SPECIES_KEY_COPPERAJAH,1352,,1171,SPECIES_COPPERAJAH,DPE_SPECIES_APPEND,ダイオウドウ,,true,879,REVIEWED_DPE_APPEND,APPENDED,
SPECIES_KEY_DRACOZOLT,1353,,1172,SPECIES_DRACOZOLT,DPE_SPECIES_APPEND,パッチラゴン,,true,880,REVIEWED_DPE_APPEND,APPENDED,
SPECIES_KEY_ARCTOZOLT,1354,,1173,SPECIES_ARCTOZOLT,DPE_SPECIES_APPEND,パッチルドン,,true,881,REVIEWED_DPE_APPEND,APPENDED,
SPECIES_KEY_DRACOVISH,1355,,1174,SPECIES_DRACOVISH,DPE_SPECIES_APPEND,ウオノラゴン,,true,882,REVIEWED_DPE_APPEND,APPENDED,
SPECIES_KEY_ARCTOVISH,1356,,1175,SPECIES_ARCTOVISH,DPE_SPECIES_APPEND,ウオチルドン,,true,883,REVIEWED_DPE_APPEND,APPENDED,
SPECIES_KEY_DURALUDON,1357,,1176,SPECIES_DURALUDON,DPE_SPECIES_APPEND,ジュラルドン,,true,884,REVIEWED_DPE_APPEND,APPENDED,
SPECIES_KEY_DREEPY,1358,,1177,SPECIES_DREEPY,DPE_SPECIES_APPEND,ドラメシヤ,,true,885,REVIEWED_DPE_APPEND,APPENDED,
SPECIES_KEY_DRAKLOAK,1359,,1178,SPECIES_DRAKLOAK,DPE_SPECIES_APPEND,ドロンチ,,true,886,REVIEWED_DPE_APPEND,APPENDED,
SPECIES_KEY_DRAGAPULT,1360,,1179,SPECIES_DRAGAPULT,DPE_SPECIES_APPEND,ドラパルト,,true,887,REVIEWED_DPE_APPEND,APPENDED,
SPECIES_KEY_ZACIAN,1361,,1180,SPECIES_ZACIAN,DPE_SPECIES_APPEND,ザシアン,,true,888,REVIEWED_DPE_APPEND,APPENDED,
SPECIES_KEY_ZAMAZENTA,1362,,1181,SPECIES_ZAMAZENTA,DPE_SPECIES_APPEND,ザマゼンタ,,true,889,REVIEWED_DPE_APPEND,APPENDED,
SPECIES_KEY_ETERNATUS,1363,,1182,SPECIES_ETERNATUS,DPE_SPECIES_APPEND,ムゲンダイナ,,true,890,REVIEWED_DPE_APPEND,APPENDED,
SPECIES_KEY_KUBFU,1364,,1183,SPECIES_KUBFU,DPE_SPECIES_APPEND,ダクマ,,true,891,REVIEWED_DPE_APPEND,APPENDED,
SPECIES_KEY_URSHIFU_SINGLE,1365,,1184,SPECIES_URSHIFU_SINGLE,DPE_SPECIES_APPEND,ウーラオス,,true,892,REVIEWED_DPE_APPEND,APPENDED,
SPECIES_KEY_ZARUDE,1366,,1185,SPECIES_ZARUDE,DPE_SPECIES_APPEND,ザルード,,true,893,REVIEWED_DPE_APPEND,APPENDED,
SPECIES_KEY_REGIELEKI,1367,,1186,SPECIES_REGIELEKI,DPE_SPECIES_APPEND,レジエレキ,,true,894,REVIEWED_DPE_APPEND,APPENDED,
SPECIES_KEY_REGIDRAGO,1368,,1187,SPECIES_REGIDRAGO,DPE_SPECIES_APPEND,レジドラゴ,,true,895,REVIEWED_DPE_APPEND,APPENDED,
SPECIES_KEY_GLASTRIER,1369,,1188,SPECIES_GLASTRIER,DPE_SPECIES_APPEND,ブリザポス,,true,896,REVIEWED_DPE_APPEND,APPENDED,
SPECIES_KEY_SPECTRIER,1370,,1189,SPECIES_SPECTRIER,DPE_SPECIES_APPEND,レイスポス,,true,897,REVIEWED_DPE_APPEND,APPENDED,
SPECIES_KEY_CALYREX,1371,,1190,SPECIES_CALYREX,DPE_SPECIES_APPEND,バドレックス,,true,898,REVIEWED_DPE_APPEND,APPENDED,
SPECIES_KEY_CRAMORANT_GULPING,1372,,1191,SPECIES_CRAMORANT_GULPING,DPE_FORM_APPEND,ウッウ,FORM_KEY_CRAMORANT_GULPING,true,845,REVIEWED_FORM_NATIONAL_DEX,APPENDED,
SPECIES_KEY_CRAMORANT_GORGING,1373,,1192,SPECIES_CRAMORANT_GORGING,DPE_FORM_APPEND,ウッウ,FORM_KEY_CRAMORANT_GORGING,true,845,REVIEWED_FORM_NATIONAL_DEX,APPENDED,
SPECIES_KEY_TOXTRICITY_LOW_KEY,1374,,1193,SPECIES_TOXTRICITY_LOW_KEY,DPE_FORM_APPEND,ストリンダー,FORM_KEY_TOXTRICITY_LOW_KEY,true,849,REVIEWED_FORM_NATIONAL_DEX,APPENDED,
SPECIES_KEY_SINISTEA_CHIPPED,1375,,1194,SPECIES_SINISTEA_CHIPPED,DPE_FORM_APPEND,ヤバチャ,FORM_KEY_SINISTEA_CHIPPED,true,854,REVIEWED_FORM_NATIONAL_DEX,APPENDED,
SPECIES_KEY_POLTEAGEIST_CHIPPED,1376,,1195,SPECIES_POLTEAGEIST_CHIPPED,DPE_FORM_APPEND,ポットデス,FORM_KEY_POLTEAGEIST_CHIPPED,true,855,REVIEWED_FORM_NATIONAL_DEX,APPENDED,
SPECIES_KEY_ALCREMIE_BERRY,1377,,1196,SPECIES_ALCREMIE_BERRY,DPE_FORM_APPEND,マホイップ,FORM_KEY_ALCREMIE_BERRY,true,869,REVIEWED_FORM_NATIONAL_DEX,APPENDED,
SPECIES_KEY_ALCREMIE_CLOVER,1378,,1197,SPECIES_ALCREMIE_CLOVER,DPE_FORM_APPEND,マホイップ,FORM_KEY_ALCREMIE_CLOVER,true,869,REVIEWED_FORM_NATIONAL_DEX,APPENDED,
SPECIES_KEY_ALCREMIE_FLOWER,1379,,1198,SPECIES_ALCREMIE_FLOWER,DPE_FORM_APPEND,マホイップ,FORM_KEY_ALCREMIE_FLOWER,true,869,REVIEWED_FORM_NATIONAL_DEX,APPENDED,
SPECIES_KEY_ALCREMIE_LOVE,1380,,1199,SPECIES_ALCREMIE_LOVE,DPE_FORM_APPEND,マホイップ,FORM_KEY_ALCREMIE_LOVE,true,869,REVIEWED_FORM_NATIONAL_DEX,APPENDED,
SPECIES_KEY_ALCREMIE_RIBBON,1381,,1200,SPECIES_ALCREMIE_RIBBON,DPE_FORM_APPEND,マホイップ,FORM_KEY_ALCREMIE_RIBBON,true,869,REVIEWED_FORM_NATIONAL_DEX,APPENDED,
SPECIES_KEY_ALCREMIE_STAR,1382,,1201,SPECIES_ALCREMIE_STAR,DPE_FORM_APPEND,マホイップ,FORM_KEY_ALCREMIE_STAR,true,869,REVIEWED_FORM_NATIONAL_DEX,APPENDED,
SPECIES_KEY_EISCUE_NOICE,1383,,1202,SPECIES_EISCUE_NOICE,DPE_FORM_APPEND,コオリッポ,FORM_KEY_EISCUE_NOICE,true,875,REVIEWED_FORM_NATIONAL_DEX,APPENDED,
SPECIES_KEY_INDEEDEE_FEMALE,1384,,1203,SPECIES_INDEEDEE_FEMALE,DPE_FORM_APPEND,イエッサン,FORM_KEY_INDEEDEE_FEMALE,true,876,REVIEWED_FORM_NATIONAL_DEX,APPENDED,
SPECIES_KEY_MORPEKO_HANGRY,1385,,1204,SPECIES_MORPEKO_HANGRY,DPE_FORM_APPEND,モルペコ,FORM_KEY_MORPEKO_HANGRY,true,877,REVIEWED_FORM_NATIONAL_DEX,APPENDED,
SPECIES_KEY_ZACIAN_CROWNED,1386,,1205,SPECIES_ZACIAN_CROWNED,DPE_FORM_APPEND,ザシアン,FORM_KEY_ZACIAN_CROWNED,true,888,REVIEWED_FORM_NATIONAL_DEX,APPENDED,
SPECIES_KEY_ZAMAZENTA_CROWNED,1387,,1206,SPECIES_ZAMAZENTA_CROWNED,DPE_FORM_APPEND,ザマゼンタ,FORM_KEY_ZAMAZENTA_CROWNED,true,889,REVIEWED_FORM_NATIONAL_DEX,APPENDED,
SPECIES_KEY_ETERNATUS_ETERNAMAX,1388,,1207,SPECIES_ETERNATUS_ETERNAMAX,DPE_FORM_APPEND,ムゲンダイナ,FORM_KEY_ETERNATUS_ETERNAMAX,true,890,REVIEWED_FORM_NATIONAL_DEX,APPENDED,
SPECIES_KEY_URSHIFU_RAPID,1389,,1208,SPECIES_URSHIFU_RAPID,DPE_FORM_APPEND,ウーラオス,FORM_KEY_URSHIFU_RAPID,true,892,REVIEWED_FORM_NATIONAL_DEX,APPENDED,
SPECIES_KEY_ZARUDE_DADA,1390,,1209,SPECIES_ZARUDE_DADA,DPE_FORM_APPEND,ザルード,FORM_KEY_ZARUDE_DADA,true,893,REVIEWED_FORM_NATIONAL_DEX,APPENDED,
SPECIES_KEY_CALYREX_ICE_RIDER,1391,,1210,SPECIES_CALYREX_ICE_RIDER,DPE_FORM_APPEND,バドレックス,FORM_KEY_CALYREX_ICE_RIDER,true,898,REVIEWED_FORM_NATIONAL_DEX,APPENDED,
SPECIES_KEY_CALYREX_SHADOW_RIDER,1392,,1211,SPECIES_CALYREX_SHADOW_RIDER,DPE_FORM_APPEND,バドレックス,FORM_KEY_CALYREX_SHADOW_RIDER,true,898,REVIEWED_FORM_NATIONAL_DEX,APPENDED,
SPECIES_KEY_MEOWTH_G,1393,,1212,SPECIES_MEOWTH_G,DPE_FORM_APPEND,ニャース,FORM_KEY_MEOWTH_G,true,52,REVIEWED_FORM_NATIONAL_DEX,APPENDED,
SPECIES_KEY_PONYTA_G,1394,,1213,SPECIES_PONYTA_G,DPE_FORM_APPEND,ポニータ,FORM_KEY_PONYTA_G,true,77,REVIEWED_FORM_NATIONAL_DEX,APPENDED,
SPECIES_KEY_RAPIDASH_G,1395,,1214,SPECIES_RAPIDASH_G,DPE_FORM_APPEND,ギャロップ,FORM_KEY_RAPIDASH_G,true,78,REVIEWED_FORM_NATIONAL_DEX,APPENDED,
SPECIES_KEY_SLOWPOKE_G,1396,,1215,SPECIES_SLOWPOKE_G,DPE_FORM_APPEND,ヤドン,FORM_KEY_SLOWPOKE_G,true,79,REVIEWED_FORM_NATIONAL_DEX,APPENDED,
SPECIES_KEY_SLOWBRO_G,1397,,1216,SPECIES_SLOWBRO_G,DPE_FORM_APPEND,ヤドラン,FORM_KEY_SLOWBRO_G,true,80,REVIEWED_FORM_NATIONAL_DEX,APPENDED,
SPECIES_KEY_FARFETCHD_G,1398,,1217,SPECIES_FARFETCHD_G,DPE_FORM_APPEND,カモネギ,FORM_KEY_FARFETCHD_G,true,83,REVIEWED_FORM_NATIONAL_DEX,APPENDED,
SPECIES_KEY_KOFFING_G,1399,,1218,SPECIES_KOFFING_G,DPE_FORM_APPEND,ドガース,FORM_KEY_KOFFING_G,true,109,REVIEWED_FORM_NATIONAL_DEX,APPENDED,
SPECIES_KEY_WEEZING_G,1400,,1219,SPECIES_WEEZING_G,DPE_FORM_APPEND,マタドガス,FORM_KEY_WEEZING_G,true,110,REVIEWED_FORM_NATIONAL_DEX,APPENDED,
SPECIES_KEY_MR_MIME_G,1401,,1220,SPECIES_MR_MIME_G,DPE_FORM_APPEND,バリヤード,FORM_KEY_MR_MIME_G,true,122,REVIEWED_FORM_NATIONAL_DEX,APPENDED,
SPECIES_KEY_ARTICUNO_G,1402,,1221,SPECIES_ARTICUNO_G,DPE_FORM_APPEND,フリーザー,FORM_KEY_ARTICUNO_G,true,144,REVIEWED_FORM_NATIONAL_DEX,APPENDED,
SPECIES_KEY_ZAPDOS_G,1403,,1222,SPECIES_ZAPDOS_G,DPE_FORM_APPEND,サンダー,FORM_KEY_ZAPDOS_G,true,145,REVIEWED_FORM_NATIONAL_DEX,APPENDED,
SPECIES_KEY_MOLTRES_G,1404,,1223,SPECIES_MOLTRES_G,DPE_FORM_APPEND,ファイヤー,FORM_KEY_MOLTRES_G,true,146,REVIEWED_FORM_NATIONAL_DEX,APPENDED,
SPECIES_KEY_SLOWKING_G,1405,,1224,SPECIES_SLOWKING_G,DPE_FORM_APPEND,ヤドキング,FORM_KEY_SLOWKING_G,true,199,REVIEWED_FORM_NATIONAL_DEX,APPENDED,
SPECIES_KEY_CORSOLA_G,1406,,1225,SPECIES_CORSOLA_G,DPE_FORM_APPEND,サニーゴ,FORM_KEY_CORSOLA_G,true,222,REVIEWED_FORM_NATIONAL_DEX,APPENDED,
SPECIES_KEY_ZIGZAGOON_G,1407,,1226,SPECIES_ZIGZAGOON_G,DPE_FORM_APPEND,ジグザグマ,FORM_KEY_ZIGZAGOON_G,true,263,REVIEWED_FORM_NATIONAL_DEX,APPENDED,
SPECIES_KEY_LINOONE_G,1408,,1227,SPECIES_LINOONE_G,DPE_FORM_APPEND,マッスグマ,FORM_KEY_LINOONE_G,true,264,REVIEWED_FORM_NATIONAL_DEX,APPENDED,
SPECIES_KEY_MIME_JR_G,1409,,1228,SPECIES_MIME_JR_G,DPE_FORM_APPEND,マネネ,FORM_KEY_MIME_JR_G,true,439,REVIEWED_FORM_NATIONAL_DEX,APPENDED,
SPECIES_KEY_DARUMAKA_G,1410,,1229,SPECIES_DARUMAKA_G,DPE_FORM_APPEND,ダルマッカ,FORM_KEY_DARUMAKA_G,true,554,REVIEWED_FORM_NATIONAL_DEX,APPENDED,
SPECIES_KEY_DARMANITAN_G,1411,,1230,SPECIES_DARMANITAN_G,DPE_FORM_APPEND,ヒヒダルマ,FORM_KEY_DARMANITAN_G,true,555,REVIEWED_FORM_NATIONAL_DEX,APPENDED,
SPECIES_KEY_DARMANITAN_G_ZEN,1412,,1231,SPECIES_DARMANITAN_G_ZEN,DPE_FORM_APPEND,ヒヒダルマ,FORM_KEY_DARMANITAN_G_ZEN,true,555,REVIEWED_FORM_NATIONAL_DEX,APPENDED,
SPECIES_KEY_YAMASK_G,1413,,1232,SPECIES_YAMASK_G,DPE_FORM_APPEND,デスマス,FORM_KEY_YAMASK_G,true,562,REVIEWED_FORM_NATIONAL_DEX,APPENDED,
SPECIES_KEY_STUNFISK_G,1414,,1233,SPECIES_STUNFISK_G,DPE_FORM_APPEND,マッギョ,FORM_KEY_STUNFISK_G,true,618,REVIEWED_FORM_NATIONAL_DEX,APPENDED,
SPECIES_KEY_GROWLITHE_H,1415,,1234,SPECIES_GROWLITHE_H,DPE_FORM_APPEND,ガーディ,FORM_KEY_GROWLITHE_H,true,58,REVIEWED_FORM_NATIONAL_DEX,APPENDED,
SPECIES_KEY_ARCANINE_H,1416,,1235,SPECIES_ARCANINE_H,DPE_FORM_APPEND,ウインディ,FORM_KEY_ARCANINE_H,true,59,REVIEWED_FORM_NATIONAL_DEX,APPENDED,
SPECIES_KEY_VOLTORB_H,1417,,1236,SPECIES_VOLTORB_H,DPE_FORM_APPEND,ビリリダマ,FORM_KEY_VOLTORB_H,true,100,REVIEWED_FORM_NATIONAL_DEX,APPENDED,
SPECIES_KEY_ELECTRODE_H,1418,,1237,SPECIES_ELECTRODE_H,DPE_FORM_APPEND,マルマイン,FORM_KEY_ELECTRODE_H,true,101,REVIEWED_FORM_NATIONAL_DEX,APPENDED,
SPECIES_KEY_TYPHLOSION_H,1419,,1238,SPECIES_TYPHLOSION_H,DPE_FORM_APPEND,バクフーン,FORM_KEY_TYPHLOSION_H,true,157,REVIEWED_FORM_NATIONAL_DEX,APPENDED,
SPECIES_KEY_QWILFISH_H,1420,,1239,SPECIES_QWILFISH_H,DPE_FORM_APPEND,ハリーセン,FORM_KEY_QWILFISH_H,true,211,REVIEWED_FORM_NATIONAL_DEX,APPENDED,
SPECIES_KEY_SNEASEL_H,1421,,1240,SPECIES_SNEASEL_H,DPE_FORM_APPEND,ニューラ,FORM_KEY_SNEASEL_H,true,215,REVIEWED_FORM_NATIONAL_DEX,APPENDED,
SPECIES_KEY_SAMUROTT_H,1422,,1241,SPECIES_SAMUROTT_H,DPE_FORM_APPEND,ダイケンキ,FORM_KEY_SAMUROTT_H,true,503,REVIEWED_FORM_NATIONAL_DEX,APPENDED,
SPECIES_KEY_LILLIGANT_H,1423,,1242,SPECIES_LILLIGANT_H,DPE_FORM_APPEND,ドレディア,FORM_KEY_LILLIGANT_H,true,549,REVIEWED_FORM_NATIONAL_DEX,APPENDED,
SPECIES_KEY_BASCULIN_H,1424,,1243,SPECIES_BASCULIN_H,DPE_FORM_APPEND,バスラオ,FORM_KEY_BASCULIN_H,true,550,REVIEWED_FORM_NATIONAL_DEX,APPENDED,
SPECIES_KEY_ZORUA_H,1425,,1244,SPECIES_ZORUA_H,DPE_FORM_APPEND,ゾロア,FORM_KEY_ZORUA_H,true,570,REVIEWED_FORM_NATIONAL_DEX,APPENDED,
SPECIES_KEY_ZOROARK_H,1426,,1245,SPECIES_ZOROARK_H,DPE_FORM_APPEND,ゾロアーク,FORM_KEY_ZOROARK_H,true,571,REVIEWED_FORM_NATIONAL_DEX,APPENDED,
SPECIES_KEY_BRAVIARY_H,1427,,1246,SPECIES_BRAVIARY_H,DPE_FORM_APPEND,ウォーグル,FORM_KEY_BRAVIARY_H,true,628,REVIEWED_FORM_NATIONAL_DEX,APPENDED,
SPECIES_KEY_SLIGGOO_H,1428,,1247,SPECIES_SLIGGOO_H,DPE_FORM_APPEND,ヌメイル,FORM_KEY_SLIGGOO_H,true,705,REVIEWED_FORM_NATIONAL_DEX,APPENDED,
SPECIES_KEY_GOODRA_H,1429,,1248,SPECIES_GOODRA_H,DPE_FORM_APPEND,ヌメルゴン,FORM_KEY_GOODRA_H,true,706,REVIEWED_FORM_NATIONAL_DEX,APPENDED,
SPECIES_KEY_AVALUGG_H,1430,,1249,SPECIES_AVALUGG_H,DPE_FORM_APPEND,クレベース,FORM_KEY_AVALUGG_H,true,713,REVIEWED_FORM_NATIONAL_DEX,APPENDED,
SPECIES_KEY_DECIDUEYE_H,1431,,1250,SPECIES_DECIDUEYE_H,DPE_FORM_APPEND,ジュナイパー,FORM_KEY_DECIDUEYE_H,true,724,REVIEWED_FORM_NATIONAL_DEX,APPENDED,
SPECIES_KEY_WYRDEER,1432,,1251,SPECIES_WYRDEER,DPE_SPECIES_APPEND,アヤシシ,,true,899,REVIEWED_DPE_APPEND,APPENDED,
SPECIES_KEY_KLEAVOR,1433,,1252,SPECIES_KLEAVOR,DPE_SPECIES_APPEND,バサギリ,,true,900,REVIEWED_DPE_APPEND,APPENDED,
SPECIES_KEY_URSALUNA,1434,,1253,SPECIES_URSALUNA,DPE_SPECIES_APPEND,ガチグマ,,true,901,REVIEWED_DPE_APPEND,APPENDED,
SPECIES_KEY_BASCULEGION_M,1435,,1254,SPECIES_BASCULEGION_M,DPE_SPECIES_APPEND,イダイトウ,,true,902,REVIEWED_DPE_APPEND,APPENDED,
SPECIES_KEY_BASCULEGION_F,1436,,1255,SPECIES_BASCULEGION_F,DPE_FORM_APPEND,イダイトウ,FORM_KEY_BASCULEGION_F,true,902,REVIEWED_FORM_NATIONAL_DEX,APPENDED,
SPECIES_KEY_SNEASLER,1437,,1256,SPECIES_SNEASLER,DPE_SPECIES_APPEND,オオニューラ,,true,903,REVIEWED_DPE_APPEND,APPENDED,
SPECIES_KEY_OVERQWIL,1438,,1257,SPECIES_OVERQWIL,DPE_SPECIES_APPEND,ハリーマン,,true,904,REVIEWED_DPE_APPEND,APPENDED,
SPECIES_KEY_ENAMORUS,1439,,1258,SPECIES_ENAMORUS,DPE_SPECIES_APPEND,ラブトロス,,true,905,REVIEWED_DPE_APPEND,APPENDED,
SPECIES_KEY_ENAMORUS_THERIAN,1440,,1259,SPECIES_ENAMORUS_THERIAN,DPE_FORM_APPEND,ラブトロス,FORM_KEY_ENAMORUS_THERIAN,true,905,REVIEWED_FORM_NATIONAL_DEX,APPENDED,
SPECIES_KEY_VENUSAUR_GIGA,1441,,1260,SPECIES_VENUSAUR_GIGA,DPE_FORM_APPEND,フシギバナ,FORM_KEY_VENUSAUR_GIGA,true,3,REVIEWED_FORM_NATIONAL_DEX,APPENDED,
SPECIES_KEY_CHARIZARD_GIGA,1442,,1261,SPECIES_CHARIZARD_GIGA,DPE_FORM_APPEND,リザードン,FORM_KEY_CHARIZARD_GIGA,true,6,REVIEWED_FORM_NATIONAL_DEX,APPENDED,
SPECIES_KEY_BLASTOISE_GIGA,1443,,1262,SPECIES_BLASTOISE_GIGA,DPE_FORM_APPEND,カメックス,FORM_KEY_BLASTOISE_GIGA,true,9,REVIEWED_FORM_NATIONAL_DEX,APPENDED,
SPECIES_KEY_BUTTERFREE_GIGA,1444,,1263,SPECIES_BUTTERFREE_GIGA,DPE_FORM_APPEND,バタフリー,FORM_KEY_BUTTERFREE_GIGA,true,12,REVIEWED_FORM_NATIONAL_DEX,APPENDED,
SPECIES_KEY_PIKACHU_GIGA,1445,,1264,SPECIES_PIKACHU_GIGA,DPE_FORM_APPEND,ピカチュウ,FORM_KEY_PIKACHU_GIGA,true,25,REVIEWED_FORM_NATIONAL_DEX,APPENDED,
SPECIES_KEY_MEOWTH_GIGA,1446,,1265,SPECIES_MEOWTH_GIGA,DPE_FORM_APPEND,ニャース,FORM_KEY_MEOWTH_GIGA,true,52,REVIEWED_FORM_NATIONAL_DEX,APPENDED,
SPECIES_KEY_MACHAMP_GIGA,1447,,1266,SPECIES_MACHAMP_GIGA,DPE_FORM_APPEND,カイリキー,FORM_KEY_MACHAMP_GIGA,true,68,REVIEWED_FORM_NATIONAL_DEX,APPENDED,
SPECIES_KEY_GENGAR_GIGA,1448,,1267,SPECIES_GENGAR_GIGA,DPE_FORM_APPEND,ゲンガー,FORM_KEY_GENGAR_GIGA,true,94,REVIEWED_FORM_NATIONAL_DEX,APPENDED,
SPECIES_KEY_KINGLER_GIGA,1449,,1268,SPECIES_KINGLER_GIGA,DPE_FORM_APPEND,キングラー,FORM_KEY_KINGLER_GIGA,true,99,REVIEWED_FORM_NATIONAL_DEX,APPENDED,
SPECIES_KEY_LAPRAS_GIGA,1450,,1269,SPECIES_LAPRAS_GIGA,DPE_FORM_APPEND,ラプラス,FORM_KEY_LAPRAS_GIGA,true,131,REVIEWED_FORM_NATIONAL_DEX,APPENDED,
SPECIES_KEY_EEVEE_GIGA,1451,,1270,SPECIES_EEVEE_GIGA,DPE_FORM_APPEND,イーブイ,FORM_KEY_EEVEE_GIGA,true,133,REVIEWED_FORM_NATIONAL_DEX,APPENDED,
SPECIES_KEY_SNORLAX_GIGA,1452,,1271,SPECIES_SNORLAX_GIGA,DPE_FORM_APPEND,カビゴン,FORM_KEY_SNORLAX_GIGA,true,143,REVIEWED_FORM_NATIONAL_DEX,APPENDED,
SPECIES_KEY_GARBODOR_GIGA,1453,,1272,SPECIES_GARBODOR_GIGA,DPE_FORM_APPEND,ダストダス,FORM_KEY_GARBODOR_GIGA,true,569,REVIEWED_FORM_NATIONAL_DEX,APPENDED,
SPECIES_KEY_MELMETAL_GIGA,1454,,1273,SPECIES_MELMETAL_GIGA,DPE_FORM_APPEND,メルメタル,FORM_KEY_MELMETAL_GIGA,true,809,REVIEWED_FORM_NATIONAL_DEX,APPENDED,
SPECIES_KEY_RILLABOOM_GIGA,1455,,1274,SPECIES_RILLABOOM_GIGA,DPE_FORM_APPEND,ゴリランダー,FORM_KEY_RILLABOOM_GIGA,true,812,REVIEWED_FORM_NATIONAL_DEX,APPENDED,
SPECIES_KEY_CINDERACE_GIGA,1456,,1275,SPECIES_CINDERACE_GIGA,DPE_FORM_APPEND,エースバーン,FORM_KEY_CINDERACE_GIGA,true,815,REVIEWED_FORM_NATIONAL_DEX,APPENDED,
SPECIES_KEY_INTELEON_GIGA,1457,,1276,SPECIES_INTELEON_GIGA,DPE_FORM_APPEND,インテレオン,FORM_KEY_INTELEON_GIGA,true,818,REVIEWED_FORM_NATIONAL_DEX,APPENDED,
SPECIES_KEY_CORVIKNIGHT_GIGA,1458,,1277,SPECIES_CORVIKNIGHT_GIGA,DPE_FORM_APPEND,アーマーガア,FORM_KEY_CORVIKNIGHT_GIGA,true,823,REVIEWED_FORM_NATIONAL_DEX,APPENDED,
SPECIES_KEY_ORBEETLE_GIGA,1459,,1278,SPECIES_ORBEETLE_GIGA,DPE_FORM_APPEND,イオルブ,FORM_KEY_ORBEETLE_GIGA,true,826,REVIEWED_FORM_NATIONAL_DEX,APPENDED,
SPECIES_KEY_DREDNAW_GIGA,1460,,1279,SPECIES_DREDNAW_GIGA,DPE_FORM_APPEND,カジリガメ,FORM_KEY_DREDNAW_GIGA,true,834,REVIEWED_FORM_NATIONAL_DEX,APPENDED,
SPECIES_KEY_COALOSSAL_GIGA,1461,,1280,SPECIES_COALOSSAL_GIGA,DPE_FORM_APPEND,セキタンザン,FORM_KEY_COALOSSAL_GIGA,true,839,REVIEWED_FORM_NATIONAL_DEX,APPENDED,
SPECIES_KEY_FLAPPLE_GIGA,1462,,1281,SPECIES_FLAPPLE_GIGA,DPE_FORM_APPEND,アップリュー,FORM_KEY_FLAPPLE_GIGA,true,841,REVIEWED_FORM_NATIONAL_DEX,APPENDED,
SPECIES_KEY_APPLETUN_GIGA,1463,,1282,SPECIES_APPLETUN_GIGA,DPE_FORM_APPEND,タルップル,FORM_KEY_APPLETUN_GIGA,true,842,REVIEWED_FORM_NATIONAL_DEX,APPENDED,
SPECIES_KEY_SANDACONDA_GIGA,1464,,1283,SPECIES_SANDACONDA_GIGA,DPE_FORM_APPEND,サダイジャ,FORM_KEY_SANDACONDA_GIGA,true,844,REVIEWED_FORM_NATIONAL_DEX,APPENDED,
SPECIES_KEY_TOXTRICITY_GIGA,1465,,1284,SPECIES_TOXTRICITY_GIGA,DPE_FORM_APPEND,ストリンダー,FORM_KEY_TOXTRICITY_GIGA,true,849,REVIEWED_FORM_NATIONAL_DEX,APPENDED,
SPECIES_KEY_TOXTRICITY_LOW_KEY_GIGA,1466,,1285,SPECIES_TOXTRICITY_LOW_KEY_GIGA,DPE_FORM_APPEND,ストリンダー,FORM_KEY_TOXTRICITY_LOW_KEY_GIGA,true,849,REVIEWED_FORM_NATIONAL_DEX,APPENDED,
SPECIES_KEY_CENTISKORCH_GIGA,1467,,1286,SPECIES_CENTISKORCH_GIGA,DPE_FORM_APPEND,マルヤクデ,FORM_KEY_CENTISKORCH_GIGA,true,851,REVIEWED_FORM_NATIONAL_DEX,APPENDED,
SPECIES_KEY_HATTERENE_GIGA,1468,,1287,SPECIES_HATTERENE_GIGA,DPE_FORM_APPEND,ブリムオン,FORM_KEY_HATTERENE_GIGA,true,858,REVIEWED_FORM_NATIONAL_DEX,APPENDED,
SPECIES_KEY_GRIMMSNARL_GIGA,1469,,1288,SPECIES_GRIMMSNARL_GIGA,DPE_FORM_APPEND,オーロンゲ,FORM_KEY_GRIMMSNARL_GIGA,true,861,REVIEWED_FORM_NATIONAL_DEX,APPENDED,
SPECIES_KEY_ALCREMIE_GIGA,1470,,1289,SPECIES_ALCREMIE_GIGA,DPE_FORM_APPEND,マホイップ,FORM_KEY_ALCREMIE_GIGA,true,869,REVIEWED_FORM_NATIONAL_DEX,APPENDED,
SPECIES_KEY_COPPERAJAH_GIGA,1471,,1290,SPECIES_COPPERAJAH_GIGA,DPE_FORM_APPEND,ダイオウドウ,FORM_KEY_COPPERAJAH_GIGA,true,879,REVIEWED_FORM_NATIONAL_DEX,APPENDED,
SPECIES_KEY_DURALUDON_GIGA,1472,,1291,SPECIES_DURALUDON_GIGA,DPE_FORM_APPEND,ジュラルドン,FORM_KEY_DURALUDON_GIGA,true,884,REVIEWED_FORM_NATIONAL_DEX,APPENDED,
SPECIES_KEY_URSHIFU_SINGLE_GIGA,1473,,1292,SPECIES_URSHIFU_SINGLE_GIGA,DPE_FORM_APPEND,ウーラオス,FORM_KEY_URSHIFU_SINGLE_GIGA,true,892,REVIEWED_FORM_NATIONAL_DEX,APPENDED,
SPECIES_KEY_URSHIFU_RAPID_GIGA,1474,,1293,SPECIES_URSHIFU_RAPID_GIGA,DPE_FORM_APPEND,ウーラオス,FORM_KEY_URSHIFU_RAPID_GIGA,true,892,REVIEWED_FORM_NATIONAL_DEX,APPENDED,
SPECIES_KEY_SPRIGATITO,1475,,1294,SPECIES_SPRIGATITO,DPE_SPECIES_APPEND,ニャオハ,,true,906,REVIEWED_DPE_APPEND,APPENDED,
SPECIES_KEY_FLORAGATO,1476,,1295,SPECIES_FLORAGATO,DPE_SPECIES_APPEND,ニャローテ,,true,907,REVIEWED_DPE_APPEND,APPENDED,
SPECIES_KEY_MEOWSCARADA,1477,,1296,SPECIES_MEOWSCARADA,DPE_SPECIES_APPEND,マスカーニャ,,true,908,REVIEWED_DPE_APPEND,APPENDED,
SPECIES_KEY_FUECOCO,1478,,1297,SPECIES_FUECOCO,DPE_SPECIES_APPEND,ホゲータ,,true,909,REVIEWED_DPE_APPEND,APPENDED,
SPECIES_KEY_CROCALOR,1479,,1298,SPECIES_CROCALOR,DPE_SPECIES_APPEND,アチゲータ,,true,910,REVIEWED_DPE_APPEND,APPENDED,
SPECIES_KEY_SKELEDIRGE,1480,,1299,SPECIES_SKELEDIRGE,DPE_SPECIES_APPEND,ラウドボーン,,true,911,REVIEWED_DPE_APPEND,APPENDED,
SPECIES_KEY_QUAXLY,1481,,1300,SPECIES_QUAXLY,DPE_SPECIES_APPEND,クワッス,,true,912,REVIEWED_DPE_APPEND,APPENDED,
SPECIES_KEY_QUAXWELL,1482,,1301,SPECIES_QUAXWELL,DPE_SPECIES_APPEND,ウェルカモ,,true,913,REVIEWED_DPE_APPEND,APPENDED,
SPECIES_KEY_QUAQUAVAL,1483,,1302,SPECIES_QUAQUAVAL,DPE_SPECIES_APPEND,ウェーニバル,,true,914,REVIEWED_DPE_APPEND,APPENDED,
SPECIES_KEY_LECHONK,1484,,1303,SPECIES_LECHONK,DPE_SPECIES_APPEND,グルトン,,true,915,REVIEWED_DPE_APPEND,APPENDED,
SPECIES_KEY_OINKOLOGNE,1485,,1304,SPECIES_OINKOLOGNE,DPE_SPECIES_APPEND,パフュートン,,true,916,REVIEWED_DPE_APPEND,APPENDED,
SPECIES_KEY_OINKOLOGNE_FEMALE,1486,,1305,SPECIES_OINKOLOGNE_FEMALE,DPE_FORM_APPEND,パフュートン,FORM_KEY_OINKOLOGNE_FEMALE,true,916,REVIEWED_FORM_NATIONAL_DEX,APPENDED,
SPECIES_KEY_TAROUNTULA,1487,,1306,SPECIES_TAROUNTULA,DPE_SPECIES_APPEND,タマンチュラ,,true,917,REVIEWED_DPE_APPEND,APPENDED,
SPECIES_KEY_SPIDOPS,1488,,1307,SPECIES_SPIDOPS,DPE_SPECIES_APPEND,ワナイダー,,true,918,REVIEWED_DPE_APPEND,APPENDED,
SPECIES_KEY_NYMBLE,1489,,1308,SPECIES_NYMBLE,DPE_SPECIES_APPEND,マメバッタ,,true,919,REVIEWED_DPE_APPEND,APPENDED,
SPECIES_KEY_LOKIX,1490,,1309,SPECIES_LOKIX,DPE_SPECIES_APPEND,エクスレッグ,,true,920,REVIEWED_DPE_APPEND,APPENDED,
SPECIES_KEY_PAWMI,1491,,1310,SPECIES_PAWMI,DPE_SPECIES_APPEND,パモ,,true,921,REVIEWED_DPE_APPEND,APPENDED,
SPECIES_KEY_PAWMO,1492,,1311,SPECIES_PAWMO,DPE_SPECIES_APPEND,パモット,,true,922,REVIEWED_DPE_APPEND,APPENDED,
SPECIES_KEY_PAWMOT,1493,,1312,SPECIES_PAWMOT,DPE_SPECIES_APPEND,パーモット,,true,923,REVIEWED_DPE_APPEND,APPENDED,
SPECIES_KEY_TANDEMAUS,1494,,1313,SPECIES_TANDEMAUS,DPE_SPECIES_APPEND,ワッカネズミ,,true,924,REVIEWED_DPE_APPEND,APPENDED,
SPECIES_KEY_MAUSHOLD,1495,,1314,SPECIES_MAUSHOLD,DPE_SPECIES_APPEND,イッカネズミ,,true,925,REVIEWED_DPE_APPEND,APPENDED,
SPECIES_KEY_MAUSHOLD_FOUR,1496,,1315,SPECIES_MAUSHOLD_FOUR,DPE_FORM_APPEND,イッカネズミ,FORM_KEY_MAUSHOLD_FOUR,true,925,REVIEWED_FORM_NATIONAL_DEX,APPENDED,
SPECIES_KEY_FIDOUGH,1497,,1316,SPECIES_FIDOUGH,DPE_SPECIES_APPEND,パピモッチ,,true,926,REVIEWED_DPE_APPEND,APPENDED,
SPECIES_KEY_DACHSBUN,1498,,1317,SPECIES_DACHSBUN,DPE_SPECIES_APPEND,バウッツェル,,true,927,REVIEWED_DPE_APPEND,APPENDED,
SPECIES_KEY_SMOLIV,1499,,1318,SPECIES_SMOLIV,DPE_SPECIES_APPEND,ミニーブ,,true,928,REVIEWED_DPE_APPEND,APPENDED,
SPECIES_KEY_DOLLIV,1500,,1319,SPECIES_DOLLIV,DPE_SPECIES_APPEND,オリーニョ,,true,929,REVIEWED_DPE_APPEND,APPENDED,
SPECIES_KEY_ARBOLIVA,1501,,1320,SPECIES_ARBOLIVA,DPE_SPECIES_APPEND,オリーヴァ,,true,930,REVIEWED_DPE_APPEND,APPENDED,
SPECIES_KEY_SQUAWKABILLY,1502,,1321,SPECIES_SQUAWKABILLY,DPE_SPECIES_APPEND,イキリンコ,,true,931,REVIEWED_DPE_APPEND,APPENDED,
SPECIES_KEY_SQUAWKABILLY_BLUE,1503,,1322,SPECIES_SQUAWKABILLY_BLUE,DPE_FORM_APPEND,イキリンコ,FORM_KEY_SQUAWKABILLY_BLUE,true,931,REVIEWED_FORM_NATIONAL_DEX,APPENDED,
SPECIES_KEY_SQUAWKABILLY_YELLOW,1504,,1323,SPECIES_SQUAWKABILLY_YELLOW,DPE_FORM_APPEND,イキリンコ,FORM_KEY_SQUAWKABILLY_YELLOW,true,931,REVIEWED_FORM_NATIONAL_DEX,APPENDED,
SPECIES_KEY_SQUAWKABILLY_WHITE,1505,,1324,SPECIES_SQUAWKABILLY_WHITE,DPE_FORM_APPEND,イキリンコ,FORM_KEY_SQUAWKABILLY_WHITE,true,931,REVIEWED_FORM_NATIONAL_DEX,APPENDED,
SPECIES_KEY_NACLI,1506,,1325,SPECIES_NACLI,DPE_SPECIES_APPEND,コジオ,,true,932,REVIEWED_DPE_APPEND,APPENDED,
SPECIES_KEY_NACLSTACK,1507,,1326,SPECIES_NACLSTACK,DPE_SPECIES_APPEND,ジオヅム,,true,933,REVIEWED_DPE_APPEND,APPENDED,
SPECIES_KEY_GARGANACL,1508,,1327,SPECIES_GARGANACL,DPE_SPECIES_APPEND,キョジオーン,,true,934,REVIEWED_DPE_APPEND,APPENDED,
SPECIES_KEY_CHARCADET,1509,,1328,SPECIES_CHARCADET,DPE_SPECIES_APPEND,カルボウ,,true,935,REVIEWED_DPE_APPEND,APPENDED,
SPECIES_KEY_ARMAROUGE,1510,,1329,SPECIES_ARMAROUGE,DPE_SPECIES_APPEND,グレンアルマ,,true,936,REVIEWED_DPE_APPEND,APPENDED,
SPECIES_KEY_CERULEDGE,1511,,1330,SPECIES_CERULEDGE,DPE_SPECIES_APPEND,ソウブレイズ,,true,937,REVIEWED_DPE_APPEND,APPENDED,
SPECIES_KEY_TADBULB,1512,,1331,SPECIES_TADBULB,DPE_SPECIES_APPEND,ズピカ,,true,938,REVIEWED_DPE_APPEND,APPENDED,
SPECIES_KEY_BELLIBOLT,1513,,1332,SPECIES_BELLIBOLT,DPE_SPECIES_APPEND,ハラバリー,,true,939,REVIEWED_DPE_APPEND,APPENDED,
SPECIES_KEY_WATTREL,1514,,1333,SPECIES_WATTREL,DPE_SPECIES_APPEND,カイデン,,true,940,REVIEWED_DPE_APPEND,APPENDED,
SPECIES_KEY_KILOWATTREL,1515,,1334,SPECIES_KILOWATTREL,DPE_SPECIES_APPEND,タイカイデン,,true,941,REVIEWED_DPE_APPEND,APPENDED,
SPECIES_KEY_MASCHIFF,1516,,1335,SPECIES_MASCHIFF,DPE_SPECIES_APPEND,オラチフ,,true,942,REVIEWED_DPE_APPEND,APPENDED,
SPECIES_KEY_MABOSSTIFF,1517,,1336,SPECIES_MABOSSTIFF,DPE_SPECIES_APPEND,マフィティフ,,true,943,REVIEWED_DPE_APPEND,APPENDED,
SPECIES_KEY_SHROODLE,1518,,1337,SPECIES_SHROODLE,DPE_SPECIES_APPEND,シルシュルー,,true,944,REVIEWED_DPE_APPEND,APPENDED,
SPECIES_KEY_GRAFAIAI,1519,,1338,SPECIES_GRAFAIAI,DPE_SPECIES_APPEND,タギングル,,true,945,REVIEWED_DPE_APPEND,APPENDED,
SPECIES_KEY_BRAMBLIN,1520,,1339,SPECIES_BRAMBLIN,DPE_SPECIES_APPEND,アノクサ,,true,946,REVIEWED_DPE_APPEND,APPENDED,
SPECIES_KEY_BRAMBLEGHAST,1521,,1340,SPECIES_BRAMBLEGHAST,DPE_SPECIES_APPEND,アノホラグサ,,true,947,REVIEWED_DPE_APPEND,APPENDED,
SPECIES_KEY_TOEDSCOOL,1522,,1341,SPECIES_TOEDSCOOL,DPE_SPECIES_APPEND,ノノクラゲ,,true,948,REVIEWED_DPE_APPEND,APPENDED,
SPECIES_KEY_TOEDSCRUEL,1523,,1342,SPECIES_TOEDSCRUEL,DPE_SPECIES_APPEND,リククラゲ,,true,949,REVIEWED_DPE_APPEND,APPENDED,
SPECIES_KEY_KLAWF,1524,,1343,SPECIES_KLAWF,DPE_SPECIES_APPEND,ガケガニ,,true,950,REVIEWED_DPE_APPEND,APPENDED,
SPECIES_KEY_CAPSAKID,1525,,1344,SPECIES_CAPSAKID,DPE_SPECIES_APPEND,カプサイジ,,true,951,REVIEWED_DPE_APPEND,APPENDED,
SPECIES_KEY_SCOVILLAIN,1526,,1345,SPECIES_SCOVILLAIN,DPE_SPECIES_APPEND,スコヴィラン,,true,952,REVIEWED_DPE_APPEND,APPENDED,
SPECIES_KEY_RELLOR,1527,,1346,SPECIES_RELLOR,DPE_SPECIES_APPEND,シガロコ,,true,953,REVIEWED_DPE_APPEND,APPENDED,
SPECIES_KEY_RABSCA,1528,,1347,SPECIES_RABSCA,DPE_SPECIES_APPEND,ベラカス,,true,954,REVIEWED_DPE_APPEND,APPENDED,
SPECIES_KEY_FLITTLE,1529,,1348,SPECIES_FLITTLE,DPE_SPECIES_APPEND,ヒラヒナ,,true,955,REVIEWED_DPE_APPEND,APPENDED,
SPECIES_KEY_ESPATHRA,1530,,1349,SPECIES_ESPATHRA,DPE_SPECIES_APPEND,クエスパトラ,,true,956,REVIEWED_DPE_APPEND,APPENDED,
SPECIES_KEY_TINKATINK,1531,,1350,SPECIES_TINKATINK,DPE_SPECIES_APPEND,カヌチャン,,true,957,REVIEWED_DPE_APPEND,APPENDED,
SPECIES_KEY_TINKATUFF,1532,,1351,SPECIES_TINKATUFF,DPE_SPECIES_APPEND,ナカヌチャン,,true,958,REVIEWED_DPE_APPEND,APPENDED,
SPECIES_KEY_TINKATON,1533,,1352,SPECIES_TINKATON,DPE_SPECIES_APPEND,デカヌチャン,,true,959,REVIEWED_DPE_APPEND,APPENDED,
SPECIES_KEY_WIGLETT,1534,,1353,SPECIES_WIGLETT,DPE_SPECIES_APPEND,ウミディグダ,,true,960,REVIEWED_DPE_APPEND,APPENDED,
SPECIES_KEY_WUGTRIO,1535,,1354,SPECIES_WUGTRIO,DPE_SPECIES_APPEND,ウミトリオ,,true,961,REVIEWED_DPE_APPEND,APPENDED,
SPECIES_KEY_BOMBIRDIER,1536,,1355,SPECIES_BOMBIRDIER,DPE_SPECIES_APPEND,オトシドリ,,true,962,REVIEWED_DPE_APPEND,APPENDED,
SPECIES_KEY_FINIZEN,1537,,1356,SPECIES_FINIZEN,DPE_SPECIES_APPEND,ナミイルカ,,true,963,REVIEWED_DPE_APPEND,APPENDED,
SPECIES_KEY_PALAFIN,1538,,1357,SPECIES_PALAFIN,DPE_SPECIES_APPEND,イルカマン,,true,964,REVIEWED_DPE_APPEND,APPENDED,
SPECIES_KEY_PALAFIN_HERO,1539,,1358,SPECIES_PALAFIN_HERO,DPE_FORM_APPEND,イルカマン,FORM_KEY_PALAFIN_HERO,true,964,REVIEWED_FORM_NATIONAL_DEX,APPENDED,
SPECIES_KEY_VAROOM,1540,,1359,SPECIES_VAROOM,DPE_SPECIES_APPEND,ブロロン,,true,965,REVIEWED_DPE_APPEND,APPENDED,
SPECIES_KEY_REVAVROOM,1541,,1360,SPECIES_REVAVROOM,DPE_SPECIES_APPEND,ブロロローム,,true,966,REVIEWED_DPE_APPEND,APPENDED,
SPECIES_KEY_CYCLIZAR,1542,,1361,SPECIES_CYCLIZAR,DPE_SPECIES_APPEND,モトトカゲ,,true,967,REVIEWED_DPE_APPEND,APPENDED,
SPECIES_KEY_ORTHWORM,1543,,1362,SPECIES_ORTHWORM,DPE_SPECIES_APPEND,ミミズズ,,true,968,REVIEWED_DPE_APPEND,APPENDED,
SPECIES_KEY_GLIMMET,1544,,1363,SPECIES_GLIMMET,DPE_SPECIES_APPEND,キラーメ,,true,969,REVIEWED_DPE_APPEND,APPENDED,
SPECIES_KEY_GLIMMORA,1545,,1364,SPECIES_GLIMMORA,DPE_SPECIES_APPEND,キラフロル,,true,970,REVIEWED_DPE_APPEND,APPENDED,
SPECIES_KEY_GREAVARD,1546,,1365,SPECIES_GREAVARD,DPE_SPECIES_APPEND,ボチ,,true,971,REVIEWED_DPE_APPEND,APPENDED,
SPECIES_KEY_HOUNDSTONE,1547,,1366,SPECIES_HOUNDSTONE,DPE_SPECIES_APPEND,ハカドッグ,,true,972,REVIEWED_DPE_APPEND,APPENDED,
SPECIES_KEY_FLAMIGO,1548,,1367,SPECIES_FLAMIGO,DPE_SPECIES_APPEND,カラミンゴ,,true,973,REVIEWED_DPE_APPEND,APPENDED,
SPECIES_KEY_CETODDLE,1549,,1368,SPECIES_CETODDLE,DPE_SPECIES_APPEND,アルクジラ,,true,974,REVIEWED_DPE_APPEND,APPENDED,
SPECIES_KEY_CETITAN,1550,,1369,SPECIES_CETITAN,DPE_SPECIES_APPEND,ハルクジラ,,true,975,REVIEWED_DPE_APPEND,APPENDED,
SPECIES_KEY_VELUZA,1551,,1370,SPECIES_VELUZA,DPE_SPECIES_APPEND,ミガルーサ,,true,976,REVIEWED_DPE_APPEND,APPENDED,
SPECIES_KEY_DONDOZO,1552,,1371,SPECIES_DONDOZO,DPE_SPECIES_APPEND,ヘイラッシャ,,true,977,REVIEWED_DPE_APPEND,APPENDED,
SPECIES_KEY_TATSUGIRI,1553,,1372,SPECIES_TATSUGIRI,DPE_SPECIES_APPEND,シャリタツ,,true,978,REVIEWED_DPE_APPEND,APPENDED,
SPECIES_KEY_TATSUGIRI_RED,1554,,1373,SPECIES_TATSUGIRI_RED,DPE_FORM_APPEND,シャリタツ,FORM_KEY_TATSUGIRI_RED,true,978,REVIEWED_FORM_NATIONAL_DEX,APPENDED,
SPECIES_KEY_TATSUGIRI_YELLOW,1555,,1374,SPECIES_TATSUGIRI_YELLOW,DPE_FORM_APPEND,シャリタツ,FORM_KEY_TATSUGIRI_YELLOW,true,978,REVIEWED_FORM_NATIONAL_DEX,APPENDED,
SPECIES_KEY_ANNIHILAPE,1556,,1375,SPECIES_ANNIHILAPE,DPE_SPECIES_APPEND,コノヨザル,,true,979,REVIEWED_DPE_APPEND,APPENDED,
SPECIES_KEY_CLODSIRE,1557,,1376,SPECIES_CLODSIRE,DPE_SPECIES_APPEND,ドオー,,true,980,REVIEWED_DPE_APPEND,APPENDED,
SPECIES_KEY_FARIGIRAF,1558,,1377,SPECIES_FARIGIRAF,DPE_SPECIES_APPEND,リキキリン,,true,981,REVIEWED_DPE_APPEND,APPENDED,
SPECIES_KEY_DUDUNSPARCE,1559,,1378,SPECIES_DUDUNSPARCE,DPE_SPECIES_APPEND,ノココッチ,,true,982,REVIEWED_DPE_APPEND,APPENDED,
SPECIES_KEY_DUDUNSPARCE_THREE,1560,,1379,SPECIES_DUDUNSPARCE_THREE,DPE_FORM_APPEND,ノココッチ,FORM_KEY_DUDUNSPARCE_THREE,true,982,REVIEWED_FORM_NATIONAL_DEX,APPENDED,
SPECIES_KEY_KINGAMBIT,1561,,1380,SPECIES_KINGAMBIT,DPE_SPECIES_APPEND,ドドゲザン,,true,983,REVIEWED_DPE_APPEND,APPENDED,
SPECIES_KEY_GREAT_TUSK,1562,,1381,SPECIES_GREAT_TUSK,DPE_SPECIES_APPEND,イダイナキバ,,true,984,REVIEWED_DPE_APPEND,APPENDED,
SPECIES_KEY_SCREAM_TAIL,1563,,1382,SPECIES_SCREAM_TAIL,DPE_SPECIES_APPEND,サケブシッポ,,true,985,REVIEWED_DPE_APPEND,APPENDED,
SPECIES_KEY_BRUTE_BONNET,1564,,1383,SPECIES_BRUTE_BONNET,DPE_SPECIES_APPEND,アラブルタケ,,true,986,REVIEWED_DPE_APPEND,APPENDED,
SPECIES_KEY_FLUTTER_MANE,1565,,1384,SPECIES_FLUTTER_MANE,DPE_SPECIES_APPEND,ハバタクカミ,,true,987,REVIEWED_DPE_APPEND,APPENDED,
SPECIES_KEY_SLITHER_WING,1566,,1385,SPECIES_SLITHER_WING,DPE_SPECIES_APPEND,チヲハウハネ,,true,988,REVIEWED_DPE_APPEND,APPENDED,
SPECIES_KEY_SANDY_SHOCKS,1567,,1386,SPECIES_SANDY_SHOCKS,DPE_SPECIES_APPEND,スナノケガワ,,true,989,REVIEWED_DPE_APPEND,APPENDED,
SPECIES_KEY_IRON_TREADS,1568,,1387,SPECIES_IRON_TREADS,DPE_SPECIES_APPEND,テツノワダチ,,true,990,REVIEWED_DPE_APPEND,APPENDED,
SPECIES_KEY_IRON_BUNDLE,1569,,1388,SPECIES_IRON_BUNDLE,DPE_SPECIES_APPEND,テツノツツミ,,true,991,REVIEWED_DPE_APPEND,APPENDED,
SPECIES_KEY_IRON_HANDS,1570,,1389,SPECIES_IRON_HANDS,DPE_SPECIES_APPEND,テツノカイナ,,true,992,REVIEWED_DPE_APPEND,APPENDED,
SPECIES_KEY_IRON_JUGULIS,1571,,1390,SPECIES_IRON_JUGULIS,DPE_SPECIES_APPEND,テツノコウベ,,true,993,REVIEWED_DPE_APPEND,APPENDED,
SPECIES_KEY_IRON_MOTH,1572,,1391,SPECIES_IRON_MOTH,DPE_SPECIES_APPEND,テツノドクガ,,true,994,REVIEWED_DPE_APPEND,APPENDED,
SPECIES_KEY_IRON_THORNS,1573,,1392,SPECIES_IRON_THORNS,DPE_SPECIES_APPEND,テツノイバラ,,true,995,REVIEWED_DPE_APPEND,APPENDED,
SPECIES_KEY_FRIGIBAX,1574,,1393,SPECIES_FRIGIBAX,DPE_SPECIES_APPEND,セビエ,,true,996,REVIEWED_DPE_APPEND,APPENDED,
SPECIES_KEY_ARCTIBAX,1575,,1394,SPECIES_ARCTIBAX,DPE_SPECIES_APPEND,セゴール,,true,997,REVIEWED_DPE_APPEND,APPENDED,
SPECIES_KEY_BAXCALIBUR,1576,,1395,SPECIES_BAXCALIBUR,DPE_SPECIES_APPEND,セグレイブ,,true,998,REVIEWED_DPE_APPEND,APPENDED,
SPECIES_KEY_GIMMIGHOUL,1577,,1396,SPECIES_GIMMIGHOUL,DPE_SPECIES_APPEND,コレクレー,,true,999,REVIEWED_DPE_APPEND,APPENDED,
SPECIES_KEY_GIMMIGHOUL_ROAMING,1578,,1397,SPECIES_GIMMIGHOUL_ROAMING,DPE_FORM_APPEND,コレクレー,FORM_KEY_GIMMIGHOUL_ROAMING,true,999,REVIEWED_FORM_NATIONAL_DEX,APPENDED,
SPECIES_KEY_GHOLDENGO,1579,,1398,SPECIES_GHOLDENGO,DPE_SPECIES_APPEND,サーフゴー,,true,1000,REVIEWED_DPE_APPEND,APPENDED,
SPECIES_KEY_WO_CHIEN,1580,,1399,SPECIES_WO_CHIEN,DPE_SPECIES_APPEND,チオンジェン,,true,1001,REVIEWED_DPE_APPEND,APPENDED,
SPECIES_KEY_CHIEN_PAO,1581,,1400,SPECIES_CHIEN_PAO,DPE_SPECIES_APPEND,パオジアン,,true,1002,REVIEWED_DPE_APPEND,APPENDED,
SPECIES_KEY_TING_LU,1582,,1401,SPECIES_TING_LU,DPE_SPECIES_APPEND,ディンルー,,true,1003,REVIEWED_DPE_APPEND,APPENDED,
SPECIES_KEY_CHI_YU,1583,,1402,SPECIES_CHI_YU,DPE_SPECIES_APPEND,イーユイ,,true,1004,REVIEWED_DPE_APPEND,APPENDED,
SPECIES_KEY_ROARING_MOON,1584,,1403,SPECIES_ROARING_MOON,DPE_SPECIES_APPEND,トドロクツキ,,true,1005,REVIEWED_DPE_APPEND,APPENDED,
SPECIES_KEY_IRON_VALIANT,1585,,1404,SPECIES_IRON_VALIANT,DPE_SPECIES_APPEND,テツノブジン,,true,1006,REVIEWED_DPE_APPEND,APPENDED,
SPECIES_KEY_KORAIDON,1586,,1405,SPECIES_KORAIDON,DPE_SPECIES_APPEND,コライドン,,true,1007,REVIEWED_DPE_APPEND,APPENDED,
SPECIES_KEY_MIRAIDON,1587,,1406,SPECIES_MIRAIDON,DPE_SPECIES_APPEND,ミライドン,,true,1008,REVIEWED_DPE_APPEND,APPENDED,
SPECIES_KEY_WALKING_WAKE,1588,,1407,SPECIES_WALKING_WAKE,DPE_SPECIES_APPEND,ウネルミナモ,,true,1009,REVIEWED_DPE_APPEND,APPENDED,
SPECIES_KEY_IRON_LEAVES,1589,,1408,SPECIES_IRON_LEAVES,DPE_SPECIES_APPEND,テツノイサハ,,true,1010,REVIEWED_DPE_APPEND,APPENDED,
SPECIES_KEY_TAUROS_P,1590,,1409,SPECIES_TAUROS_P,DPE_FORM_APPEND,ケンタロス,FORM_KEY_TAUROS_P,true,128,REVIEWED_FORM_NATIONAL_DEX,APPENDED,
SPECIES_KEY_TAUROS_BLAZE_P,1591,,1410,SPECIES_TAUROS_BLAZE_P,DPE_FORM_APPEND,ケンタロス,FORM_KEY_TAUROS_BLAZE_P,true,128,REVIEWED_FORM_NATIONAL_DEX,APPENDED,
SPECIES_KEY_TAUROS_AQUA_P,1592,,1411,SPECIES_TAUROS_AQUA_P,DPE_FORM_APPEND,ケンタロス,FORM_KEY_TAUROS_AQUA_P,true,128,REVIEWED_FORM_NATIONAL_DEX,APPENDED,
SPECIES_KEY_WOOPER_P,1593,,1412,SPECIES_WOOPER_P,DPE_FORM_APPEND,ウパー,FORM_KEY_WOOPER_P,true,194,REVIEWED_FORM_NATIONAL_DEX,APPENDED,
SPECIES_KEY_URSALUNA_BLOODMOON,1594,,1413,SPECIES_URSALUNA_BLOODMOON,DPE_FORM_APPEND,ガチグマ,FORM_KEY_URSALUNA_BLOODMOON,true,901,REVIEWED_FORM_NATIONAL_DEX,APPENDED,
SPECIES_KEY_DIPPLIN,1595,,1414,SPECIES_DIPPLIN,DPE_SPECIES_APPEND,カミッチュ,,true,1011,REVIEWED_DPE_APPEND,APPENDED,
SPECIES_KEY_POLTCHAGEIST,1596,,1415,SPECIES_POLTCHAGEIST,DPE_SPECIES_APPEND,チャデス,,true,1012,REVIEWED_DPE_APPEND,APPENDED,
SPECIES_KEY_POLTCHAGEIST_ARTISAN,1597,,1416,SPECIES_POLTCHAGEIST_ARTISAN,DPE_FORM_APPEND,チャデス,FORM_KEY_POLTCHAGEIST_ARTISAN,true,1012,REVIEWED_FORM_NATIONAL_DEX,APPENDED,
SPECIES_KEY_SINISTCHA,1598,,1417,SPECIES_SINISTCHA,DPE_SPECIES_APPEND,ヤバソチャ,,true,1013,REVIEWED_DPE_APPEND,APPENDED,
SPECIES_KEY_SINISTCHA_MASTERPIECE,1599,,1418,SPECIES_SINISTCHA_MASTERPIECE,DPE_FORM_APPEND,ヤバソチャ,FORM_KEY_SINISTCHA_MASTERPIECE,true,1013,REVIEWED_FORM_NATIONAL_DEX,APPENDED,
SPECIES_KEY_OKIDOGI,1600,,1419,SPECIES_OKIDOGI,DPE_SPECIES_APPEND,イイネイヌ,,true,1014,REVIEWED_DPE_APPEND,APPENDED,
SPECIES_KEY_MUNKIDORI,1601,,1420,SPECIES_MUNKIDORI,DPE_SPECIES_APPEND,マシマシラ,,true,1015,REVIEWED_DPE_APPEND,APPENDED,
SPECIES_KEY_FEZANDIPITI,1602,,1421,SPECIES_FEZANDIPITI,DPE_SPECIES_APPEND,キチキギス,,true,1016,REVIEWED_DPE_APPEND,APPENDED,
SPECIES_KEY_OGERPON,1603,,1422,SPECIES_OGERPON,DPE_SPECIES_APPEND,オーガポン,,true,1017,REVIEWED_DPE_APPEND,APPENDED,
SPECIES_KEY_OGERPON_WELLSPRING_MASK,1604,,1423,SPECIES_OGERPON_WELLSPRING_MASK,DPE_FORM_APPEND,オーガポン,FORM_KEY_OGERPON_WELLSPRING_MASK,true,1017,REVIEWED_FORM_NATIONAL_DEX,APPENDED,
SPECIES_KEY_OGERPON_HEARTHFLAME_MASK,1605,,1424,SPECIES_OGERPON_HEARTHFLAME_MASK,DPE_FORM_APPEND,オーガポン,FORM_KEY_OGERPON_HEARTHFLAME_MASK,true,1017,REVIEWED_FORM_NATIONAL_DEX,APPENDED,
SPECIES_KEY_OGERPON_CORNERSTONE_MASK,1606,,1425,SPECIES_OGERPON_CORNERSTONE_MASK,DPE_FORM_APPEND,オーガポン,FORM_KEY_OGERPON_CORNERSTONE_MASK,true,1017,REVIEWED_FORM_NATIONAL_DEX,APPENDED,
SPECIES_KEY_OGERPON_TERASTAL,1607,,1426,SPECIES_OGERPON_TERASTAL,DPE_FORM_APPEND,オーガポン,FORM_KEY_OGERPON_TERASTAL,true,1017,REVIEWED_FORM_NATIONAL_DEX,APPENDED,
SPECIES_KEY_OGERPON_WELLSPRING_TERASTAL,1608,,1427,SPECIES_OGERPON_WELLSPRING_TERASTAL,DPE_FORM_APPEND,オーガポン,FORM_KEY_OGERPON_WELLSPRING_TERASTAL,true,1017,REVIEWED_FORM_NATIONAL_DEX,APPENDED,
SPECIES_KEY_OGERPON_HEARTHFLAME_TERASTAL,1609,,1428,SPECIES_OGERPON_HEARTHFLAME_TERASTAL,DPE_FORM_APPEND,オーガポン,FORM_KEY_OGERPON_HEARTHFLAME_TERASTAL,true,1017,REVIEWED_FORM_NATIONAL_DEX,APPENDED,
SPECIES_KEY_OGERPON_CORNERSTONE_TERASTAL,1610,,1429,SPECIES_OGERPON_CORNERSTONE_TERASTAL,DPE_FORM_APPEND,オーガポン,FORM_KEY_OGERPON_CORNERSTONE_TERASTAL,true,1017,REVIEWED_FORM_NATIONAL_DEX,APPENDED,
SPECIES_KEY_ARCHALUDON,1611,,1430,SPECIES_ARCHALUDON,DPE_SPECIES_APPEND,ブリジュラス,,true,1018,REVIEWED_DPE_APPEND,APPENDED,
SPECIES_KEY_HYDRAPPLE,1612,,1431,SPECIES_HYDRAPPLE,DPE_SPECIES_APPEND,カミツオロチ,,true,1019,REVIEWED_DPE_APPEND,APPENDED,
SPECIES_KEY_GOUGING_FIRE,1613,,1432,SPECIES_GOUGING_FIRE,DPE_SPECIES_APPEND,ウガツホムラ,,true,1020,REVIEWED_DPE_APPEND,APPENDED,
SPECIES_KEY_RAGING_BOLT,1614,,1433,SPECIES_RAGING_BOLT,DPE_SPECIES_APPEND,タケルライコ,,true,1021,REVIEWED_DPE_APPEND,APPENDED,
SPECIES_KEY_IRON_BOULDER,1615,,1434,SPECIES_IRON_BOULDER,DPE_SPECIES_APPEND,テツノイワオ,,true,1022,REVIEWED_DPE_APPEND,APPENDED,
SPECIES_KEY_IRON_CROWN,1616,,1435,SPECIES_IRON_CROWN,DPE_SPECIES_APPEND,テツノカシラ,,true,1023,REVIEWED_DPE_APPEND,APPENDED,
SPECIES_KEY_TERAPAGOS,1617,,1436,SPECIES_TERAPAGOS,DPE_SPECIES_APPEND,テラパゴス,,true,1024,REVIEWED_DPE_APPEND,APPENDED,
SPECIES_KEY_TERAPAGOS_TERASTAL,1618,,1437,SPECIES_TERAPAGOS_TERASTAL,DPE_FORM_APPEND,テラパゴス,FORM_KEY_TERAPAGOS_TERASTAL,true,1024,REVIEWED_FORM_NATIONAL_DEX,APPENDED,
SPECIES_KEY_TERAPAGOS_STELLAR,1619,,1438,SPECIES_TERAPAGOS_STELLAR,DPE_FORM_APPEND,テラパゴス,FORM_KEY_TERAPAGOS_STELLAR,true,1024,REVIEWED_FORM_NATIONAL_DEX,APPENDED,
SPECIES_KEY_PECHARUNT,1620,,1439,SPECIES_PECHARUNT,DPE_SPECIES_APPEND,モモワロウ,,true,1025,REVIEWED_DPE_APPEND,APPENDED,
