national_no,name,identifier,generation,types,family,stage,baseline_source,audit_class,intended_role,level_up_additions,level_up_retiming,level_up_removals_or_reassignment,tm_additions,tutor_additions,egg_move_additions,signature_move_policy,strong_move_gate,wild_capture_moveset_policy,vega_existing_status,review_confidence,implementation_note
1,フシギダネ,bulbasaur,1,くさ／どく,フシギダネ → フシギソウ → フシギバナ,基礎形,DPE-JP Learnsets.c＋ベガ既存表（既存種）,ベガ既存表保護＋選択的現代化,特殊寄り,メガドレイン / やどりぎのタネ / アシッドボム / どくどく,安定したタイプ一致技をLv7～15、二段目をLv20～28に配置。進化前限定の補助技は思い出し対象に残す。,ベガ既存の独自技・攻略導線を保持。無関係な高火力サブウェポン、NPC専用の違法技、早期の積み技だけをTM／教え技へ移す。,くさむすび / ベノムショック,グラススライダー / ダストシュート,こうごうせい / どくびし,専用技がある系統は進化時／Lv1思い出しに固定。戦闘専用フォームは基礎形の習得表を共有。,通常。高威力技はLv45以降、強力な積み技はLv50以降。,最低1つの命中90以上STABを維持し、自爆・テレポート・反動大技だけの直近4技を禁止。高レベル基礎種は中威力技を再挿入。,既存（トーホク図鑑152）,B-,最終統合ROMから現行表を抽出後、同名技の重複・ID衝突・取得時期を機械差分で確定する。
2,フシギソウ,ivysaur,1,くさ／どく,フシギダネ → フシギソウ → フシギバナ,中間進化,DPE-JP Learnsets.c＋ベガ既存表（既存種）,ベガ既存表保護＋選択的現代化,特殊寄り,ギガドレイン / やどりぎのタネ / ヘドロばくだん / どくどく,中威力STABをLv22～35、役割補助技を進化時またはLv30前後に配置。最終大技は先送り。,ベガ既存の独自技・攻略導線を保持。無関係な高火力サブウェポン、NPC専用の違法技、早期の積み技だけをTM／教え技へ移す。,くさむすび / ベノムショック,グラススライダー / ダストシュート,こうごうせい / どくびし,専用技がある系統は進化時／Lv1思い出しに固定。戦闘専用フォームは基礎形の習得表を共有。,通常。高威力技はLv45以降、強力な積み技はLv50以降。,最低1つの命中90以上STABを維持し、自爆・テレポート・反動大技だけの直近4技を禁止。高レベル基礎種は中威力技を再挿入。,既存（トーホク図鑑153）,B,最終統合ROMから現行表を抽出後、同名技の重複・ID衝突・取得時期を機械差分で確定する。
3,フシギバナ,venusaur,1,くさ／どく,フシギダネ → フシギソウ → フシギバナ,進化先／最終形,DPE-JP Learnsets.c＋ベガ既存表（既存種）,ベガ既存表保護＋選択的現代化,特殊寄り,はなふぶき / エナジーボール / やどりぎのタネ / ヘドロウェーブ,進化時に役割技を1つ提示。主力STABはLv36～50、反動・積み・専用大技はLv50～65またはLv1思い出し。,ベガ既存の独自技・攻略導線を保持。無関係な高火力サブウェポン、NPC専用の違法技、早期の積み技だけをTM／教え技へ移す。,くさむすび / ベノムショック,グラススライダー / ダストシュート,こうごうせい / どくびし,はなふぶきを進化時／Lv1思い出しに登録。通常のTM・汎用教え技にはしない。,通常。高威力技はLv45以降、強力な積み技はLv50以降。,最低1つの命中90以上STABを維持し、自爆・テレポート・反動大技だけの直近4技を禁止。高レベル基礎種は中威力技を再挿入。,既存（トーホク図鑑154）,A,最終統合ROMから現行表を抽出後、同名技の重複・ID衝突・取得時期を機械差分で確定する。
4,ヒトカゲ,charmander,1,ほのお,ヒトカゲ → リザード → リザードン,基礎形,DPE-JP Learnsets.c＋ベガ既存表（既存種）,ベガ既存表保護＋選択的現代化,特殊寄り,ひのこ / おにび,安定したタイプ一致技をLv7～15、二段目をLv20～28に配置。進化前限定の補助技は思い出し対象に残す。,ベガ既存の独自技・攻略導線を保持。無関係な高火力サブウェポン、NPC専用の違法技、早期の積み技だけをTM／教え技へ移す。,かえんほうしゃ,ねっぷう,にほんばれ,専用技がある系統は進化時／Lv1思い出しに固定。戦闘専用フォームは基礎形の習得表を共有。,通常。高威力技はLv45以降、強力な積み技はLv50以降。,最低1つの命中90以上STABを維持し、自爆・テレポート・反動大技だけの直近4技を禁止。高レベル基礎種は中威力技を再挿入。,既存（トーホク図鑑155）,B-,最終統合ROMから現行表を抽出後、同名技の重複・ID衝突・取得時期を機械差分で確定する。
5,リザード,charmeleon,1,ほのお,ヒトカゲ → リザード → リザードン,中間進化,DPE-JP Learnsets.c＋ベガ既存表（既存種）,ベガ既存表保護＋選択的現代化,特殊寄り,かえんほうしゃ / おにび,中威力STABをLv22～35、役割補助技を進化時またはLv30前後に配置。最終大技は先送り。,ベガ既存の独自技・攻略導線を保持。無関係な高火力サブウェポン、NPC専用の違法技、早期の積み技だけをTM／教え技へ移す。,かえんほうしゃ,ねっぷう,にほんばれ,専用技がある系統は進化時／Lv1思い出しに固定。戦闘専用フォームは基礎形の習得表を共有。,通常。高威力技はLv45以降、強力な積み技はLv50以降。,最低1つの命中90以上STABを維持し、自爆・テレポート・反動大技だけの直近4技を禁止。高レベル基礎種は中威力技を再挿入。,既存（トーホク図鑑156）,B,最終統合ROMから現行表を抽出後、同名技の重複・ID衝突・取得時期を機械差分で確定する。
6,リザードン,charizard,1,ほのお／ひこう,ヒトカゲ → リザード → リザードン,進化先／最終形,DPE-JP Learnsets.c＋ベガ既存表（既存種）,ベガ既存表保護＋選択的現代化,両刀・可変,れんごく / ニトロチャージ / かえんほうしゃ / おにび,進化時に役割技を1つ提示。主力STABはLv36～50、反動・積み・専用大技はLv50～65またはLv1思い出し。,ベガ既存の独自技・攻略導線を保持。無関係な高火力サブウェポン、NPC専用の違法技、早期の積み技だけをTM／教え技へ移す。,かえんほうしゃ / アクロバット,ねっぷう / おいかぜ,にほんばれ / はねやすめ,れんごくを進化時／Lv1思い出しに登録。通常のTM・汎用教え技にはしない。,通常。高威力技はLv45以降、強力な積み技はLv50以降。,最低1つの命中90以上STABを維持し、自爆・テレポート・反動大技だけの直近4技を禁止。高レベル基礎種は中威力技を再挿入。,既存（トーホク図鑑157）,A,最終統合ROMから現行表を抽出後、同名技の重複・ID衝突・取得時期を機械差分で確定する。
7,ゼニガメ,squirtle,1,みず,ゼニガメ → カメール → カメックス,基礎形,DPE-JP Learnsets.c＋ベガ既存表（既存種）,ベガ既存表保護＋選択的現代化,両刀・可変,アクアジェット / みずのはどう,安定したタイプ一致技をLv7～15、二段目をLv20～28に配置。進化前限定の補助技は思い出し対象に残す。,ベガ既存の独自技・攻略導線を保持。無関係な高火力サブウェポン、NPC専用の違法技、早期の積み技だけをTM／教え技へ移す。,アクアブレイク,クイックターン,アクアリング,専用技がある系統は進化時／Lv1思い出しに固定。戦闘専用フォームは基礎形の習得表を共有。,通常。高威力技はLv45以降、強力な積み技はLv50以降。,最低1つの命中90以上STABを維持し、自爆・テレポート・反動大技だけの直近4技を禁止。高レベル基礎種は中威力技を再挿入。,既存（トーホク図鑑158）,B-,最終統合ROMから現行表を抽出後、同名技の重複・ID衝突・取得時期を機械差分で確定する。
8,カメール,wartortle,1,みず,ゼニガメ → カメール → カメックス,中間進化,DPE-JP Learnsets.c＋ベガ既存表（既存種）,ベガ既存表保護＋選択的現代化,両刀・可変,アクアブレイク / なみのり,中威力STABをLv22～35、役割補助技を進化時またはLv30前後に配置。最終大技は先送り。,ベガ既存の独自技・攻略導線を保持。無関係な高火力サブウェポン、NPC専用の違法技、早期の積み技だけをTM／教え技へ移す。,アクアブレイク,クイックターン,アクアリング,専用技がある系統は進化時／Lv1思い出しに固定。戦闘専用フォームは基礎形の習得表を共有。,通常。高威力技はLv45以降、強力な積み技はLv50以降。,最低1つの命中90以上STABを維持し、自爆・テレポート・反動大技だけの直近4技を禁止。高レベル基礎種は中威力技を再挿入。,既存（トーホク図鑑159）,B,最終統合ROMから現行表を抽出後、同名技の重複・ID衝突・取得時期を機械差分で確定する。
9,カメックス,blastoise,1,みず,ゼニガメ → カメール → カメックス,進化先／最終形,DPE-JP Learnsets.c＋ベガ既存表（既存種）,ベガ既存表保護＋選択的現代化,両刀・可変,からをやぶる（殿堂入り後） / アクアブレイク / なみのり / あまごい,進化時に役割技を1つ提示。主力STABはLv36～50、反動・積み・専用大技はLv50～65またはLv1思い出し。,ベガ既存の独自技・攻略導線を保持。無関係な高火力サブウェポン、NPC専用の違法技、早期の積み技だけをTM／教え技へ移す。,アクアブレイク,クイックターン,アクアリング,からをやぶる（殿堂入り後）を進化時／Lv1思い出しに登録。通常のTM・汎用教え技にはしない。,殿堂入り後の思い出し／教え技。序盤のレベル技には置かない,最低1つの命中90以上STABを維持し、自爆・テレポート・反動大技だけの直近4技を禁止。高レベル基礎種は中威力技を再挿入。,既存（トーホク図鑑160）,A,最終統合ROMから現行表を抽出後、同名技の重複・ID衝突・取得時期を機械差分で確定する。
10,キャタピー,caterpie,1,むし,キャタピー → トランセル → バタフリー,基礎形,DPE-JP Learnsets.c＋ベガ既存表（既存種）,現代化重点監査,物理寄り,むしくい / ねばねばネット,安定したタイプ一致技をLv7～15、二段目をLv20～28に配置。進化前限定の補助技は思い出し対象に残す。,DPE表を土台に、進化前へ過剰な終盤技がある場合は後期へ移動。広範囲高火力サブウェポンはレベル技ではなくTM／教え技に限定。,とんぼがえり,むしくい,いとをはく,専用技がある系統は進化時／Lv1思い出しに固定。戦闘専用フォームは基礎形の習得表を共有。,通常。高威力技はLv45以降、強力な積み技はLv50以降。,最低1つの命中90以上STABを維持し、自爆・テレポート・反動大技だけの直近4技を禁止。高レベル基礎種は中威力技を再挿入。,未収録・追加対象,B-,最終統合ROMから現行表を抽出後、同名技の重複・ID衝突・取得時期を機械差分で確定する。
11,トランセル,metapod,1,むし,キャタピー → トランセル → バタフリー,中間進化,DPE-JP Learnsets.c＋ベガ既存表（既存種）,現代化重点監査,物理寄り,シザークロス / ねばねばネット,中威力STABをLv22～35、役割補助技を進化時またはLv30前後に配置。最終大技は先送り。,DPE表を土台に、進化前へ過剰な終盤技がある場合は後期へ移動。広範囲高火力サブウェポンはレベル技ではなくTM／教え技に限定。,とんぼがえり,むしくい,いとをはく,専用技がある系統は進化時／Lv1思い出しに固定。戦闘専用フォームは基礎形の習得表を共有。,通常。高威力技はLv45以降、強力な積み技はLv50以降。,最低1つの命中90以上STABを維持し、自爆・テレポート・反動大技だけの直近4技を禁止。高レベル基礎種は中威力技を再挿入。,未収録・追加対象,B,最終統合ROMから現行表を抽出後、同名技の重複・ID衝突・取得時期を機械差分で確定する。
12,バタフリー,butterfree,1,むし／ひこう,キャタピー → トランセル → バタフリー,進化先／最終形,DPE-JP Learnsets.c＋ベガ既存表（既存種）,現代化重点監査,特殊アタッカー,かふんだんご / ねばねばネット / ぼうふう / おいかぜ,進化時に役割技を1つ提示。主力STABはLv36～50、反動・積み・専用大技はLv50～65またはLv1思い出し。,DPE表を土台に、進化前へ過剰な終盤技がある場合は後期へ移動。広範囲高火力サブウェポンはレベル技ではなくTM／教え技に限定。,とんぼがえり / アクロバット,むしくい / おいかぜ,いとをはく / はねやすめ,専用技がある系統は進化時／Lv1思い出しに固定。戦闘専用フォームは基礎形の習得表を共有。,通常。高威力技はLv45以降、強力な積み技はLv50以降。,最低1つの命中90以上STABを維持し、自爆・テレポート・反動大技だけの直近4技を禁止。高レベル基礎種は中威力技を再挿入。,未収録・追加対象,B,最終統合ROMから現行表を抽出後、同名技の重複・ID衝突・取得時期を機械差分で確定する。
13,ビードル,weedle,1,むし／どく,ビードル → コクーン → スピアー,基礎形,DPE-JP Learnsets.c＋ベガ既存表（既存種）,現代化重点監査,物理寄り,むしくい / ねばねばネット / どくばり / どくどく,安定したタイプ一致技をLv7～15、二段目をLv20～28に配置。進化前限定の補助技は思い出し対象に残す。,DPE表を土台に、進化前へ過剰な終盤技がある場合は後期へ移動。広範囲高火力サブウェポンはレベル技ではなくTM／教え技に限定。,とんぼがえり / ベノムショック,むしくい / ダストシュート,いとをはく / どくびし,専用技がある系統は進化時／Lv1思い出しに固定。戦闘専用フォームは基礎形の習得表を共有。,通常。高威力技はLv45以降、強力な積み技はLv50以降。,最低1つの命中90以上STABを維持し、自爆・テレポート・反動大技だけの直近4技を禁止。高レベル基礎種は中威力技を再挿入。,未収録・追加対象,B-,最終統合ROMから現行表を抽出後、同名技の重複・ID衝突・取得時期を機械差分で確定する。
14,コクーン,kakuna,1,むし／どく,ビードル → コクーン → スピアー,中間進化,DPE-JP Learnsets.c＋ベガ既存表（既存種）,現代化重点監査,物理寄り,シザークロス / ねばねばネット / どくづき / どくどく,中威力STABをLv22～35、役割補助技を進化時またはLv30前後に配置。最終大技は先送り。,DPE表を土台に、進化前へ過剰な終盤技がある場合は後期へ移動。広範囲高火力サブウェポンはレベル技ではなくTM／教え技に限定。,とんぼがえり / ベノムショック,むしくい / ダストシュート,いとをはく / どくびし,専用技がある系統は進化時／Lv1思い出しに固定。戦闘専用フォームは基礎形の習得表を共有。,通常。高威力技はLv45以降、強力な積み技はLv50以降。,最低1つの命中90以上STABを維持し、自爆・テレポート・反動大技だけの直近4技を禁止。高レベル基礎種は中威力技を再挿入。,未収録・追加対象,B,最終統合ROMから現行表を抽出後、同名技の重複・ID衝突・取得時期を機械差分で確定する。
15,スピアー,beedrill,1,むし／どく,ビードル → コクーン → スピアー,進化先／最終形,DPE-JP Learnsets.c＋ベガ既存表（既存種）,現代化重点監査,物理アタッカー,メガホーン / ねばねばネット / ダストシュート / どくどく,進化時に役割技を1つ提示。主力STABはLv36～50、反動・積み・専用大技はLv50～65またはLv1思い出し。,DPE表を土台に、進化前へ過剰な終盤技がある場合は後期へ移動。広範囲高火力サブウェポンはレベル技ではなくTM／教え技に限定。,とんぼがえり / ベノムショック,むしくい / ダストシュート,いとをはく / どくびし,専用技がある系統は進化時／Lv1思い出しに固定。戦闘専用フォームは基礎形の習得表を共有。,通常。高威力技はLv45以降、強力な積み技はLv50以降。,最低1つの命中90以上STABを維持し、自爆・テレポート・反動大技だけの直近4技を禁止。高レベル基礎種は中威力技を再挿入。,未収録・追加対象,B,最終統合ROMから現行表を抽出後、同名技の重複・ID衝突・取得時期を機械差分で確定する。
16,ポッポ,pidgey,1,ノーマル／ひこう,ポッポ → ピジョン → ピジョット,基礎形,DPE-JP Learnsets.c＋ベガ既存表（既存種）,現代化重点監査,物理寄り,ずつき / アンコール / つばさでうつ / おいかぜ,安定したタイプ一致技をLv7～15、二段目をLv20～28に配置。進化前限定の補助技は思い出し対象に残す。,DPE表を土台に、進化前へ過剰な終盤技がある場合は後期へ移動。広範囲高火力サブウェポンはレベル技ではなくTM／教え技に限定。,まもる / アクロバット,てだすけ / おいかぜ,あくび / はねやすめ,専用技がある系統は進化時／Lv1思い出しに固定。戦闘専用フォームは基礎形の習得表を共有。,通常。高威力技はLv45以降、強力な積み技はLv50以降。,最低1つの命中90以上STABを維持し、自爆・テレポート・反動大技だけの直近4技を禁止。高レベル基礎種は中威力技を再挿入。,未収録・追加対象,B-,最終統合ROMから現行表を抽出後、同名技の重複・ID衝突・取得時期を機械差分で確定する。
17,ピジョン,pidgeotto,1,ノーマル／ひこう,ポッポ → ピジョン → ピジョット,中間進化,DPE-JP Learnsets.c＋ベガ既存表（既存種）,現代化重点監査,物理寄り,のしかかり / アンコール / ドリルくちばし / おいかぜ,中威力STABをLv22～35、役割補助技を進化時またはLv30前後に配置。最終大技は先送り。,DPE表を土台に、進化前へ過剰な終盤技がある場合は後期へ移動。広範囲高火力サブウェポンはレベル技ではなくTM／教え技に限定。,まもる / アクロバット,てだすけ / おいかぜ,あくび / はねやすめ,専用技がある系統は進化時／Lv1思い出しに固定。戦闘専用フォームは基礎形の習得表を共有。,通常。高威力技はLv45以降、強力な積み技はLv50以降。,最低1つの命中90以上STABを維持し、自爆・テレポート・反動大技だけの直近4技を禁止。高レベル基礎種は中威力技を再挿入。,未収録・追加対象,B,最終統合ROMから現行表を抽出後、同名技の重複・ID衝突・取得時期を機械差分で確定する。
18,ピジョット,pidgeot,1,ノーマル／ひこう,ポッポ → ピジョン → ピジョット,進化先／最終形,DPE-JP Learnsets.c＋ベガ既存表（既存種）,現代化重点監査,物理寄り,すてみタックル / アンコール / ブレイブバード / おいかぜ,進化時に役割技を1つ提示。主力STABはLv36～50、反動・積み・専用大技はLv50～65またはLv1思い出し。,DPE表を土台に、進化前へ過剰な終盤技がある場合は後期へ移動。広範囲高火力サブウェポンはレベル技ではなくTM／教え技に限定。,まもる / アクロバット,てだすけ / おいかぜ,あくび / はねやすめ,専用技がある系統は進化時／Lv1思い出しに固定。戦闘専用フォームは基礎形の習得表を共有。,通常。高威力技はLv45以降、強力な積み技はLv50以降。,最低1つの命中90以上STABを維持し、自爆・テレポート・反動大技だけの直近4技を禁止。高レベル基礎種は中威力技を再挿入。,未収録・追加対象,B,最終統合ROMから現行表を抽出後、同名技の重複・ID衝突・取得時期を機械差分で確定する。
19,コラッタ,rattata,1,ノーマル,コラッタ → ラッタ,基礎形,DPE-JP Learnsets.c＋ベガ既存表（既存種）,現代化重点監査,物理寄り,ずつき / アンコール,安定したタイプ一致技をLv7～15、二段目をLv20～28に配置。進化前限定の補助技は思い出し対象に残す。,DPE表を土台に、進化前へ過剰な終盤技がある場合は後期へ移動。広範囲高火力サブウェポンはレベル技ではなくTM／教え技に限定。,まもる,てだすけ,あくび,専用技がある系統は進化時／Lv1思い出しに固定。戦闘専用フォームは基礎形の習得表を共有。,通常。高威力技はLv45以降、強力な積み技はLv50以降。,最低1つの命中90以上STABを維持し、自爆・テレポート・反動大技だけの直近4技を禁止。高レベル基礎種は中威力技を再挿入。,未収録・追加対象,B-,最終統合ROMから現行表を抽出後、同名技の重複・ID衝突・取得時期を機械差分で確定する。
20,ラッタ,raticate,1,ノーマル,コラッタ → ラッタ,進化先／最終形,DPE-JP Learnsets.c＋ベガ既存表（既存種）,現代化重点監査,物理アタッカー,すてみタックル / アンコール,進化時に役割技を1つ提示。主力STABはLv36～50、反動・積み・専用大技はLv50～65またはLv1思い出し。,DPE表を土台に、進化前へ過剰な終盤技がある場合は後期へ移動。広範囲高火力サブウェポンはレベル技ではなくTM／教え技に限定。,まもる,てだすけ,あくび,専用技がある系統は進化時／Lv1思い出しに固定。戦闘専用フォームは基礎形の習得表を共有。,通常。高威力技はLv45以降、強力な積み技はLv50以降。,最低1つの命中90以上STABを維持し、自爆・テレポート・反動大技だけの直近4技を禁止。高レベル基礎種は中威力技を再挿入。,未収録・追加対象,B,最終統合ROMから現行表を抽出後、同名技の重複・ID衝突・取得時期を機械差分で確定する。
21,オニスズメ,spearow,1,ノーマル／ひこう,オニスズメ → オニドリル,基礎形,DPE-JP Learnsets.c＋ベガ既存表（既存種）,現代化重点監査,物理寄り,ずつき / アンコール / つばさでうつ / おいかぜ,安定したタイプ一致技をLv7～15、二段目をLv20～28に配置。進化前限定の補助技は思い出し対象に残す。,DPE表を土台に、進化前へ過剰な終盤技がある場合は後期へ移動。広範囲高火力サブウェポンはレベル技ではなくTM／教え技に限定。,まもる / アクロバット,てだすけ / おいかぜ,あくび / はねやすめ,専用技がある系統は進化時／Lv1思い出しに固定。戦闘専用フォームは基礎形の習得表を共有。,通常。高威力技はLv45以降、強力な積み技はLv50以降。,最低1つの命中90以上STABを維持し、自爆・テレポート・反動大技だけの直近4技を禁止。高レベル基礎種は中威力技を再挿入。,未収録・追加対象,B-,最終統合ROMから現行表を抽出後、同名技の重複・ID衝突・取得時期を機械差分で確定する。
22,オニドリル,fearow,1,ノーマル／ひこう,オニスズメ → オニドリル,進化先／最終形,DPE-JP Learnsets.c＋ベガ既存表（既存種）,現代化重点監査,物理アタッカー,すてみタックル / アンコール / ブレイブバード / おいかぜ,進化時に役割技を1つ提示。主力STABはLv36～50、反動・積み・専用大技はLv50～65またはLv1思い出し。,DPE表を土台に、進化前へ過剰な終盤技がある場合は後期へ移動。広範囲高火力サブウェポンはレベル技ではなくTM／教え技に限定。,まもる / アクロバット,てだすけ / おいかぜ,あくび / はねやすめ,専用技がある系統は進化時／Lv1思い出しに固定。戦闘専用フォームは基礎形の習得表を共有。,通常。高威力技はLv45以降、強力な積み技はLv50以降。,最低1つの命中90以上STABを維持し、自爆・テレポート・反動大技だけの直近4技を禁止。高レベル基礎種は中威力技を再挿入。,未収録・追加対象,B,最終統合ROMから現行表を抽出後、同名技の重複・ID衝突・取得時期を機械差分で確定する。
23,アーボ,ekans,1,どく,アーボ → アーボック,基礎形,DPE-JP Learnsets.c＋ベガ既存表（既存種）,ベガ既存表保護＋選択的現代化,補助寄り両刀,どくばり / アシッドボム,安定したタイプ一致技をLv7～15、二段目をLv20～28に配置。進化前限定の補助技は思い出し対象に残す。,ベガ既存の独自技・攻略導線を保持。無関係な高火力サブウェポン、NPC専用の違法技、早期の積み技だけをTM／教え技へ移す。,ベノムショック,ダストシュート,どくびし,専用技がある系統は進化時／Lv1思い出しに固定。戦闘専用フォームは基礎形の習得表を共有。,通常。高威力技はLv45以降、強力な積み技はLv50以降。,最低1つの命中90以上STABを維持し、自爆・テレポート・反動大技だけの直近4技を禁止。高レベル基礎種は中威力技を再挿入。,既存（トーホク図鑑261）,B-,最終統合ROMから現行表を抽出後、同名技の重複・ID衝突・取得時期を機械差分で確定する。
24,アーボック,arbok,1,どく,アーボ → アーボック,進化先／最終形,DPE-JP Learnsets.c＋ベガ既存表（既存種）,ベガ既存表保護＋選択的現代化,物理アタッカー,ダストシュート / どくどく,進化時に役割技を1つ提示。主力STABはLv36～50、反動・積み・専用大技はLv50～65またはLv1思い出し。,ベガ既存の独自技・攻略導線を保持。無関係な高火力サブウェポン、NPC専用の違法技、早期の積み技だけをTM／教え技へ移す。,ベノムショック,ダストシュート,どくびし,専用技がある系統は進化時／Lv1思い出しに固定。戦闘専用フォームは基礎形の習得表を共有。,通常。高威力技はLv45以降、強力な積み技はLv50以降。,最低1つの命中90以上STABを維持し、自爆・テレポート・反動大技だけの直近4技を禁止。高レベル基礎種は中威力技を再挿入。,既存（トーホク図鑑262）,B,最終統合ROMから現行表を抽出後、同名技の重複・ID衝突・取得時期を機械差分で確定する。
25,ピカチュウ,pikachu,1,でんき,ピチュー → ピカチュウ → ライチュウ,中間進化,DPE-JP Learnsets.c＋ベガ既存表（既存種）,ベガ既存表保護＋選択的現代化,特殊寄り,ボルテッカー / 10まんボルト / でんじは,中威力STABをLv22～35、役割補助技を進化時またはLv30前後に配置。最終大技は先送り。,ベガ既存の独自技・攻略導線を保持。無関係な高火力サブウェポン、NPC専用の違法技、早期の積み技だけをTM／教え技へ移す。,ボルトチェンジ,エレキネット,じゅうでん,ボルテッカーを進化時／Lv1思い出しに登録。通常のTM・汎用教え技にはしない。,通常。高威力技はLv45以降、強力な積み技はLv50以降。,最低1つの命中90以上STABを維持し、自爆・テレポート・反動大技だけの直近4技を禁止。高レベル基礎種は中威力技を再挿入。,既存（トーホク図鑑025）,A,最終統合ROMから現行表を抽出後、同名技の重複・ID衝突・取得時期を機械差分で確定する。
26,ライチュウ,raichu,1,でんき,ピチュー → ピカチュウ → ライチュウ,進化先／最終形,DPE-JP Learnsets.c＋ベガ既存表（既存種）,ベガ既存表保護＋選択的現代化,特殊アタッカー,ボルテッカー / かみなり / でんじは,進化時に役割技を1つ提示。主力STABはLv36～50、反動・積み・専用大技はLv50～65またはLv1思い出し。,ベガ既存の独自技・攻略導線を保持。無関係な高火力サブウェポン、NPC専用の違法技、早期の積み技だけをTM／教え技へ移す。,ボルトチェンジ,エレキネット,じゅうでん,ボルテッカーを進化時／Lv1思い出しに登録。通常のTM・汎用教え技にはしない。,通常。高威力技はLv45以降、強力な積み技はLv50以降。,最低1つの命中90以上STABを維持し、自爆・テレポート・反動大技だけの直近4技を禁止。高レベル基礎種は中威力技を再挿入。,既存（トーホク図鑑026）,A,最終統合ROMから現行表を抽出後、同名技の重複・ID衝突・取得時期を機械差分で確定する。
27,サンド,sandshrew,1,じめん,サンド → サンドパン,基礎形,DPE-JP Learnsets.c＋ベガ既存表（既存種）,ベガ既存表保護＋選択的現代化,物理寄り,どろかけ / すなあらし,安定したタイプ一致技をLv7～15、二段目をLv20～28に配置。進化前限定の補助技は思い出し対象に残す。,ベガ既存の独自技・攻略導線を保持。無関係な高火力サブウェポン、NPC専用の違法技、早期の積み技だけをTM／教え技へ移す。,じならし,ねっさのだいち,まきびし,専用技がある系統は進化時／Lv1思い出しに固定。戦闘専用フォームは基礎形の習得表を共有。,通常。高威力技はLv45以降、強力な積み技はLv50以降。,最低1つの命中90以上STABを維持し、自爆・テレポート・反動大技だけの直近4技を禁止。高レベル基礎種は中威力技を再挿入。,既存（トーホク図鑑293）,B-,最終統合ROMから現行表を抽出後、同名技の重複・ID衝突・取得時期を機械差分で確定する。
28,サンドパン,sandslash,1,じめん,サンド → サンドパン,進化先／最終形,DPE-JP Learnsets.c＋ベガ既存表（既存種）,ベガ既存表保護＋選択的現代化,物理アタッカー,じしん / すなあらし,進化時に役割技を1つ提示。主力STABはLv36～50、反動・積み・専用大技はLv50～65またはLv1思い出し。,ベガ既存の独自技・攻略導線を保持。無関係な高火力サブウェポン、NPC専用の違法技、早期の積み技だけをTM／教え技へ移す。,じならし,ねっさのだいち,まきびし,専用技がある系統は進化時／Lv1思い出しに固定。戦闘専用フォームは基礎形の習得表を共有。,通常。高威力技はLv45以降、強力な積み技はLv50以降。,最低1つの命中90以上STABを維持し、自爆・テレポート・反動大技だけの直近4技を禁止。高レベル基礎種は中威力技を再挿入。,既存（トーホク図鑑294）,B,最終統合ROMから現行表を抽出後、同名技の重複・ID衝突・取得時期を機械差分で確定する。
29,ニドラン♀,nidoran-f,1,どく,ニドラン♀ → ニドリーナ → ニドクイン,基礎形,DPE-JP Learnsets.c＋ベガ既存表（既存種）,ベガ既存表保護＋選択的現代化,補助寄り両刀,どくばり / アシッドボム,安定したタイプ一致技をLv7～15、二段目をLv20～28に配置。進化前限定の補助技は思い出し対象に残す。,ベガ既存の独自技・攻略導線を保持。無関係な高火力サブウェポン、NPC専用の違法技、早期の積み技だけをTM／教え技へ移す。,ベノムショック,ダストシュート,どくびし,専用技がある系統は進化時／Lv1思い出しに固定。戦闘専用フォームは基礎形の習得表を共有。,通常。高威力技はLv45以降、強力な積み技はLv50以降。,最低1つの命中90以上STABを維持し、自爆・テレポート・反動大技だけの直近4技を禁止。高レベル基礎種は中威力技を再挿入。,既存（トーホク図鑑029）,B-,最終統合ROMから現行表を抽出後、同名技の重複・ID衝突・取得時期を機械差分で確定する。
30,ニドリーナ,nidorina,1,どく,ニドラン♀ → ニドリーナ → ニドクイン,中間進化,DPE-JP Learnsets.c＋ベガ既存表（既存種）,ベガ既存表保護＋選択的現代化,補助寄り両刀,どくづき / ヘドロばくだん,中威力STABをLv22～35、役割補助技を進化時またはLv30前後に配置。最終大技は先送り。,ベガ既存の独自技・攻略導線を保持。無関係な高火力サブウェポン、NPC専用の違法技、早期の積み技だけをTM／教え技へ移す。,ベノムショック,ダストシュート,どくびし,専用技がある系統は進化時／Lv1思い出しに固定。戦闘専用フォームは基礎形の習得表を共有。,通常。高威力技はLv45以降、強力な積み技はLv50以降。,最低1つの命中90以上STABを維持し、自爆・テレポート・反動大技だけの直近4技を禁止。高レベル基礎種は中威力技を再挿入。,既存（トーホク図鑑030）,B,最終統合ROMから現行表を抽出後、同名技の重複・ID衝突・取得時期を機械差分で確定する。
31,ニドクイン,nidoqueen,1,どく／じめん,ニドラン♀ → ニドリーナ → ニドクイン,進化先／最終形,DPE-JP Learnsets.c＋ベガ既存表（既存種）,ベガ既存表保護＋選択的現代化,両刀・可変,どくづき / ヘドロばくだん / どくどく / じならし,進化時に役割技を1つ提示。主力STABはLv36～50、反動・積み・専用大技はLv50～65またはLv1思い出し。,ベガ既存の独自技・攻略導線を保持。無関係な高火力サブウェポン、NPC専用の違法技、早期の積み技だけをTM／教え技へ移す。,ベノムショック / じならし,ダストシュート / ねっさのだいち,どくびし / まきびし,専用技がある系統は進化時／Lv1思い出しに固定。戦闘専用フォームは基礎形の習得表を共有。,通常。高威力技はLv45以降、強力な積み技はLv50以降。,最低1つの命中90以上STABを維持し、自爆・テレポート・反動大技だけの直近4技を禁止。高レベル基礎種は中威力技を再挿入。,既存（トーホク図鑑031）,B,最終統合ROMから現行表を抽出後、同名技の重複・ID衝突・取得時期を機械差分で確定する。
32,ニドラン♂,nidoran-m,1,どく,ニドラン♂ → ニドリーノ → ニドキング,基礎形,DPE-JP Learnsets.c＋ベガ既存表（既存種）,ベガ既存表保護＋選択的現代化,補助寄り両刀,どくばり / アシッドボム,安定したタイプ一致技をLv7～15、二段目をLv20～28に配置。進化前限定の補助技は思い出し対象に残す。,ベガ既存の独自技・攻略導線を保持。無関係な高火力サブウェポン、NPC専用の違法技、早期の積み技だけをTM／教え技へ移す。,ベノムショック,ダストシュート,どくびし,専用技がある系統は進化時／Lv1思い出しに固定。戦闘専用フォームは基礎形の習得表を共有。,通常。高威力技はLv45以降、強力な積み技はLv50以降。,最低1つの命中90以上STABを維持し、自爆・テレポート・反動大技だけの直近4技を禁止。高レベル基礎種は中威力技を再挿入。,既存（トーホク図鑑032）,B-,最終統合ROMから現行表を抽出後、同名技の重複・ID衝突・取得時期を機械差分で確定する。
33,ニドリーノ,nidorino,1,どく,ニドラン♂ → ニドリーノ → ニドキング,中間進化,DPE-JP Learnsets.c＋ベガ既存表（既存種）,ベガ既存表保護＋選択的現代化,補助寄り両刀,どくづき / ヘドロばくだん,中威力STABをLv22～35、役割補助技を進化時またはLv30前後に配置。最終大技は先送り。,ベガ既存の独自技・攻略導線を保持。無関係な高火力サブウェポン、NPC専用の違法技、早期の積み技だけをTM／教え技へ移す。,ベノムショック,ダストシュート,どくびし,専用技がある系統は進化時／Lv1思い出しに固定。戦闘専用フォームは基礎形の習得表を共有。,通常。高威力技はLv45以降、強力な積み技はLv50以降。,最低1つの命中90以上STABを維持し、自爆・テレポート・反動大技だけの直近4技を禁止。高レベル基礎種は中威力技を再挿入。,既存（トーホク図鑑033）,B,最終統合ROMから現行表を抽出後、同名技の重複・ID衝突・取得時期を機械差分で確定する。
34,ニドキング,nidoking,1,どく／じめん,ニドラン♂ → ニドリーノ → ニドキング,進化先／最終形,DPE-JP Learnsets.c＋ベガ既存表（既存種）,ベガ既存表保護＋選択的現代化,両刀・可変,どくづき / ヘドロばくだん / どくどく / じならし,進化時に役割技を1つ提示。主力STABはLv36～50、反動・積み・専用大技はLv50～65またはLv1思い出し。,ベガ既存の独自技・攻略導線を保持。無関係な高火力サブウェポン、NPC専用の違法技、早期の積み技だけをTM／教え技へ移す。,ベノムショック / じならし,ダストシュート / ねっさのだいち,どくびし / まきびし,専用技がある系統は進化時／Lv1思い出しに固定。戦闘専用フォームは基礎形の習得表を共有。,通常。高威力技はLv45以降、強力な積み技はLv50以降。,最低1つの命中90以上STABを維持し、自爆・テレポート・反動大技だけの直近4技を禁止。高レベル基礎種は中威力技を再挿入。,既存（トーホク図鑑034）,B,最終統合ROMから現行表を抽出後、同名技の重複・ID衝突・取得時期を機械差分で確定する。
35,ピッピ,clefairy,1,フェアリー,ピィ → ピッピ → ピクシー,中間進化,DPE-JP Learnsets.c＋ベガ既存表（既存種）,現代化重点監査,特殊寄り,マジカルシャイン / あまえる,中威力STABをLv22～35、役割補助技を進化時またはLv30前後に配置。最終大技は先送り。,DPE表を土台に、進化前へ過剰な終盤技がある場合は後期へ移動。広範囲高火力サブウェポンはレベル技ではなくTM／教え技に限定。,マジカルシャイン,ミストバースト,ミストフィールド,専用技がある系統は進化時／Lv1思い出しに固定。戦闘専用フォームは基礎形の習得表を共有。,通常。高威力技はLv45以降、強力な積み技はLv50以降。,最低1つの命中90以上STABを維持し、自爆・テレポート・反動大技だけの直近4技を禁止。高レベル基礎種は中威力技を再挿入。,未収録・追加対象,B,最終統合ROMから現行表を抽出後、同名技の重複・ID衝突・取得時期を機械差分で確定する。
36,ピクシー,clefable,1,フェアリー,ピィ → ピッピ → ピクシー,進化先／最終形,DPE-JP Learnsets.c＋ベガ既存表（既存種）,現代化重点監査,耐久・補助,マジカルシャイン / あまえる / ミストフィールド,進化時に役割技を1つ提示。主力STABはLv36～50、反動・積み・専用大技はLv50～65またはLv1思い出し。,DPE表を土台に、進化前へ過剰な終盤技がある場合は後期へ移動。広範囲高火力サブウェポンはレベル技ではなくTM／教え技に限定。,マジカルシャイン,ミストバースト,ミストフィールド,専用技がある系統は進化時／Lv1思い出しに固定。戦闘専用フォームは基礎形の習得表を共有。,通常。高威力技はLv45以降、強力な積み技はLv50以降。,最低1つの命中90以上STABを維持し、自爆・テレポート・反動大技だけの直近4技を禁止。高レベル基礎種は中威力技を再挿入。,未収録・追加対象,B,最終統合ROMから現行表を抽出後、同名技の重複・ID衝突・取得時期を機械差分で確定する。
37,ロコン,vulpix,1,ほのお,ロコン → キュウコン,基礎形,DPE-JP Learnsets.c＋ベガ既存表（既存種）,現代化重点監査,特殊寄り,ひのこ / おにび,安定したタイプ一致技をLv7～15、二段目をLv20～28に配置。進化前限定の補助技は思い出し対象に残す。,DPE表を土台に、進化前へ過剰な終盤技がある場合は後期へ移動。広範囲高火力サブウェポンはレベル技ではなくTM／教え技に限定。,かえんほうしゃ,ねっぷう,にほんばれ,専用技がある系統は進化時／Lv1思い出しに固定。戦闘専用フォームは基礎形の習得表を共有。,通常。高威力技はLv45以降、強力な積み技はLv50以降。,最低1つの命中90以上STABを維持し、自爆・テレポート・反動大技だけの直近4技を禁止。高レベル基礎種は中威力技を再挿入。,未収録・追加対象,B-,最終統合ROMから現行表を抽出後、同名技の重複・ID衝突・取得時期を機械差分で確定する。
38,キュウコン,ninetales,1,ほのお,ロコン → キュウコン,進化先／最終形,DPE-JP Learnsets.c＋ベガ既存表（既存種）,現代化重点監査,特殊アタッカー,だいもんじ / おにび,進化時に役割技を1つ提示。主力STABはLv36～50、反動・積み・専用大技はLv50～65またはLv1思い出し。,DPE表を土台に、進化前へ過剰な終盤技がある場合は後期へ移動。広範囲高火力サブウェポンはレベル技ではなくTM／教え技に限定。,かえんほうしゃ,ねっぷう,にほんばれ,専用技がある系統は進化時／Lv1思い出しに固定。戦闘専用フォームは基礎形の習得表を共有。,通常。高威力技はLv45以降、強力な積み技はLv50以降。,最低1つの命中90以上STABを維持し、自爆・テレポート・反動大技だけの直近4技を禁止。高レベル基礎種は中威力技を再挿入。,未収録・追加対象,B,最終統合ROMから現行表を抽出後、同名技の重複・ID衝突・取得時期を機械差分で確定する。
39,プリン,jigglypuff,1,ノーマル／フェアリー,ププリン → プリン → プクリン,中間進化,DPE-JP Learnsets.c＋ベガ既存表（既存種）,現代化重点監査,補助寄り両刀,のしかかり / ハイパーボイス / じゃれつく / マジカルシャイン,中威力STABをLv22～35、役割補助技を進化時またはLv30前後に配置。最終大技は先送り。,DPE表を土台に、進化前へ過剰な終盤技がある場合は後期へ移動。広範囲高火力サブウェポンはレベル技ではなくTM／教え技に限定。,まもる / マジカルシャイン,てだすけ / ミストバースト,あくび / ミストフィールド,専用技がある系統は進化時／Lv1思い出しに固定。戦闘専用フォームは基礎形の習得表を共有。,通常。高威力技はLv45以降、強力な積み技はLv50以降。,最低1つの命中90以上STABを維持し、自爆・テレポート・反動大技だけの直近4技を禁止。高レベル基礎種は中威力技を再挿入。,未収録・追加対象,B,最終統合ROMから現行表を抽出後、同名技の重複・ID衝突・取得時期を機械差分で確定する。
40,プクリン,wigglytuff,1,ノーマル／フェアリー,ププリン → プリン → プクリン,進化先／最終形,DPE-JP Learnsets.c＋ベガ既存表（既存種）,現代化重点監査,耐久・補助,ハイパーボイス / アンコール / あくび / マジカルシャイン,進化時に役割技を1つ提示。主力STABはLv36～50、反動・積み・専用大技はLv50～65またはLv1思い出し。,DPE表を土台に、進化前へ過剰な終盤技がある場合は後期へ移動。広範囲高火力サブウェポンはレベル技ではなくTM／教え技に限定。,まもる / マジカルシャイン,てだすけ / ミストバースト,あくび / ミストフィールド,専用技がある系統は進化時／Lv1思い出しに固定。戦闘専用フォームは基礎形の習得表を共有。,通常。高威力技はLv45以降、強力な積み技はLv50以降。,最低1つの命中90以上STABを維持し、自爆・テレポート・反動大技だけの直近4技を禁止。高レベル基礎種は中威力技を再挿入。,未収録・追加対象,B,最終統合ROMから現行表を抽出後、同名技の重複・ID衝突・取得時期を機械差分で確定する。
41,ズバット,zubat,1,どく／ひこう,ズバット → ゴルバット → クロバット,基礎形,DPE-JP Learnsets.c＋ベガ既存表（既存種）,現代化重点監査,補助寄り両刀,どくばり / アシッドボム / つばさでうつ / かぜおこし,安定したタイプ一致技をLv7～15、二段目をLv20～28に配置。進化前限定の補助技は思い出し対象に残す。,DPE表を土台に、進化前へ過剰な終盤技がある場合は後期へ移動。広範囲高火力サブウェポンはレベル技ではなくTM／教え技に限定。,ベノムショック / アクロバット,ダストシュート / おいかぜ,どくびし / はねやすめ,専用技がある系統は進化時／Lv1思い出しに固定。戦闘専用フォームは基礎形の習得表を共有。,通常。高威力技はLv45以降、強力な積み技はLv50以降。,最低1つの命中90以上STABを維持し、自爆・テレポート・反動大技だけの直近4技を禁止。高レベル基礎種は中威力技を再挿入。,未収録・追加対象,B-,最終統合ROMから現行表を抽出後、同名技の重複・ID衝突・取得時期を機械差分で確定する。
42,ゴルバット,golbat,1,どく／ひこう,ズバット → ゴルバット → クロバット,中間進化,DPE-JP Learnsets.c＋ベガ既存表（既存種）,現代化重点監査,補助寄り両刀,どくづき / ヘドロばくだん / ドリルくちばし / エアスラッシュ,中威力STABをLv22～35、役割補助技を進化時またはLv30前後に配置。最終大技は先送り。,DPE表を土台に、進化前へ過剰な終盤技がある場合は後期へ移動。広範囲高火力サブウェポンはレベル技ではなくTM／教え技に限定。,ベノムショック / アクロバット,ダストシュート / おいかぜ,どくびし / はねやすめ,専用技がある系統は進化時／Lv1思い出しに固定。戦闘専用フォームは基礎形の習得表を共有。,通常。高威力技はLv45以降、強力な積み技はLv50以降。,最低1つの命中90以上STABを維持し、自爆・テレポート・反動大技だけの直近4技を禁止。高レベル基礎種は中威力技を再挿入。,未収録・追加対象,B,最終統合ROMから現行表を抽出後、同名技の重複・ID衝突・取得時期を機械差分で確定する。
43,ナゾノクサ,oddish,1,くさ／どく,ナゾノクサ → クサイハナ → ラフレシア → キレイハナ,基礎形,DPE-JP Learnsets.c＋ベガ既存表（既存種）,現代化重点監査,特殊寄り,メガドレイン / やどりぎのタネ / アシッドボム / どくどく,安定したタイプ一致技をLv7～15、二段目をLv20～28に配置。進化前限定の補助技は思い出し対象に残す。,DPE表を土台に、進化前へ過剰な終盤技がある場合は後期へ移動。広範囲高火力サブウェポンはレベル技ではなくTM／教え技に限定。,くさむすび / ベノムショック,グラススライダー / ダストシュート,こうごうせい / どくびし,専用技がある系統は進化時／Lv1思い出しに固定。戦闘専用フォームは基礎形の習得表を共有。,通常。高威力技はLv45以降、強力な積み技はLv50以降。,最低1つの命中90以上STABを維持し、自爆・テレポート・反動大技だけの直近4技を禁止。高レベル基礎種は中威力技を再挿入。,未収録・追加対象,B-,最終統合ROMから現行表を抽出後、同名技の重複・ID衝突・取得時期を機械差分で確定する。
44,クサイハナ,gloom,1,くさ／どく,ナゾノクサ → クサイハナ → ラフレシア → キレイハナ,進化先／最終形,DPE-JP Learnsets.c＋ベガ既存表（既存種）,現代化重点監査,特殊寄り,エナジーボール / やどりぎのタネ / ヘドロウェーブ / どくどく,進化時に役割技を1つ提示。主力STABはLv36～50、反動・積み・専用大技はLv50～65またはLv1思い出し。,DPE表を土台に、進化前へ過剰な終盤技がある場合は後期へ移動。広範囲高火力サブウェポンはレベル技ではなくTM／教え技に限定。,くさむすび / ベノムショック,グラススライダー / ダストシュート,こうごうせい / どくびし,専用技がある系統は進化時／Lv1思い出しに固定。戦闘専用フォームは基礎形の習得表を共有。,通常。高威力技はLv45以降、強力な積み技はLv50以降。,最低1つの命中90以上STABを維持し、自爆・テレポート・反動大技だけの直近4技を禁止。高レベル基礎種は中威力技を再挿入。,未収録・追加対象,B,最終統合ROMから現行表を抽出後、同名技の重複・ID衝突・取得時期を機械差分で確定する。
45,ラフレシア,vileplume,1,くさ／どく,ナゾノクサ → クサイハナ → ラフレシア → キレイハナ,進化先／最終形,DPE-JP Learnsets.c＋ベガ既存表（既存種）,現代化重点監査,特殊アタッカー,エナジーボール / やどりぎのタネ / ヘドロウェーブ / どくどく,進化時に役割技を1つ提示。主力STABはLv36～50、反動・積み・専用大技はLv50～65またはLv1思い出し。,DPE表を土台に、進化前へ過剰な終盤技がある場合は後期へ移動。広範囲高火力サブウェポンはレベル技ではなくTM／教え技に限定。,くさむすび / ベノムショック,グラススライダー / ダストシュート,こうごうせい / どくびし,専用技がある系統は進化時／Lv1思い出しに固定。戦闘専用フォームは基礎形の習得表を共有。,通常。高威力技はLv45以降、強力な積み技はLv50以降。,最低1つの命中90以上STABを維持し、自爆・テレポート・反動大技だけの直近4技を禁止。高レベル基礎種は中威力技を再挿入。,未収録・追加対象,B,最終統合ROMから現行表を抽出後、同名技の重複・ID衝突・取得時期を機械差分で確定する。
46,パラス,paras,1,むし／くさ,パラス → パラセクト,基礎形,DPE-JP Learnsets.c＋ベガ既存表（既存種）,現代化重点監査,両刀・可変,むしくい / むしのていこう / はっぱカッター / メガドレイン,安定したタイプ一致技をLv7～15、二段目をLv20～28に配置。進化前限定の補助技は思い出し対象に残す。,DPE表を土台に、進化前へ過剰な終盤技がある場合は後期へ移動。広範囲高火力サブウェポンはレベル技ではなくTM／教え技に限定。,とんぼがえり / くさむすび,むしくい / グラススライダー,いとをはく / こうごうせい,専用技がある系統は進化時／Lv1思い出しに固定。戦闘専用フォームは基礎形の習得表を共有。,通常。高威力技はLv45以降、強力な積み技はLv50以降。,最低1つの命中90以上STABを維持し、自爆・テレポート・反動大技だけの直近4技を禁止。高レベル基礎種は中威力技を再挿入。,未収録・追加対象,B-,最終統合ROMから現行表を抽出後、同名技の重複・ID衝突・取得時期を機械差分で確定する。
47,パラセクト,parasect,1,むし／くさ,パラス → パラセクト,進化先／最終形,DPE-JP Learnsets.c＋ベガ既存表（既存種）,現代化重点監査,両刀・可変,シザークロス / むしのさざめき / ねばねばネット / タネばくだん,進化時に役割技を1つ提示。主力STABはLv36～50、反動・積み・専用大技はLv50～65またはLv1思い出し。,DPE表を土台に、進化前へ過剰な終盤技がある場合は後期へ移動。広範囲高火力サブウェポンはレベル技ではなくTM／教え技に限定。,とんぼがえり / くさむすび,むしくい / グラススライダー,いとをはく / こうごうせい,専用技がある系統は進化時／Lv1思い出しに固定。戦闘専用フォームは基礎形の習得表を共有。,通常。高威力技はLv45以降、強力な積み技はLv50以降。,最低1つの命中90以上STABを維持し、自爆・テレポート・反動大技だけの直近4技を禁止。高レベル基礎種は中威力技を再挿入。,未収録・追加対象,B,最終統合ROMから現行表を抽出後、同名技の重複・ID衝突・取得時期を機械差分で確定する。
48,コンパン,venonat,1,むし／どく,コンパン → モルフォン,基礎形,DPE-JP Learnsets.c＋ベガ既存表（既存種）,現代化重点監査,物理寄り,むしくい / ねばねばネット / どくばり / どくどく,安定したタイプ一致技をLv7～15、二段目をLv20～28に配置。進化前限定の補助技は思い出し対象に残す。,DPE表を土台に、進化前へ過剰な終盤技がある場合は後期へ移動。広範囲高火力サブウェポンはレベル技ではなくTM／教え技に限定。,とんぼがえり / ベノムショック,むしくい / ダストシュート,いとをはく / どくびし,専用技がある系統は進化時／Lv1思い出しに固定。戦闘専用フォームは基礎形の習得表を共有。,通常。高威力技はLv45以降、強力な積み技はLv50以降。,最低1つの命中90以上STABを維持し、自爆・テレポート・反動大技だけの直近4技を禁止。高レベル基礎種は中威力技を再挿入。,未収録・追加対象,B-,最終統合ROMから現行表を抽出後、同名技の重複・ID衝突・取得時期を機械差分で確定する。
49,モルフォン,venomoth,1,むし／どく,コンパン → モルフォン,進化先／最終形,DPE-JP Learnsets.c＋ベガ既存表（既存種）,現代化重点監査,特殊アタッカー,かふんだんご / ねばねばネット / ヘドロウェーブ / どくどく,進化時に役割技を1つ提示。主力STABはLv36～50、反動・積み・専用大技はLv50～65またはLv1思い出し。,DPE表を土台に、進化前へ過剰な終盤技がある場合は後期へ移動。広範囲高火力サブウェポンはレベル技ではなくTM／教え技に限定。,とんぼがえり / ベノムショック,むしくい / ダストシュート,いとをはく / どくびし,専用技がある系統は進化時／Lv1思い出しに固定。戦闘専用フォームは基礎形の習得表を共有。,通常。高威力技はLv45以降、強力な積み技はLv50以降。,最低1つの命中90以上STABを維持し、自爆・テレポート・反動大技だけの直近4技を禁止。高レベル基礎種は中威力技を再挿入。,未収録・追加対象,B,最終統合ROMから現行表を抽出後、同名技の重複・ID衝突・取得時期を機械差分で確定する。
50,ディグダ,diglett,1,じめん,ディグダ → ダグトリオ,基礎形,DPE-JP Learnsets.c＋ベガ既存表（既存種）,ベガ既存表保護＋選択的現代化,物理寄り,どろかけ / すなあらし,安定したタイプ一致技をLv7～15、二段目をLv20～28に配置。進化前限定の補助技は思い出し対象に残す。,ベガ既存の独自技・攻略導線を保持。無関係な高火力サブウェポン、NPC専用の違法技、早期の積み技だけをTM／教え技へ移す。,じならし,ねっさのだいち,まきびし,専用技がある系統は進化時／Lv1思い出しに固定。戦闘専用フォームは基礎形の習得表を共有。,通常。高威力技はLv45以降、強力な積み技はLv50以降。,最低1つの命中90以上STABを維持し、自爆・テレポート・反動大技だけの直近4技を禁止。高レベル基礎種は中威力技を再挿入。,既存（トーホク図鑑016）,B-,最終統合ROMから現行表を抽出後、同名技の重複・ID衝突・取得時期を機械差分で確定する。
51,ダグトリオ,dugtrio,1,じめん,ディグダ → ダグトリオ,進化先／最終形,DPE-JP Learnsets.c＋ベガ既存表（既存種）,ベガ既存表保護＋選択的現代化,物理アタッカー,じしん / すなあらし,進化時に役割技を1つ提示。主力STABはLv36～50、反動・積み・専用大技はLv50～65またはLv1思い出し。,ベガ既存の独自技・攻略導線を保持。無関係な高火力サブウェポン、NPC専用の違法技、早期の積み技だけをTM／教え技へ移す。,じならし,ねっさのだいち,まきびし,専用技がある系統は進化時／Lv1思い出しに固定。戦闘専用フォームは基礎形の習得表を共有。,通常。高威力技はLv45以降、強力な積み技はLv50以降。,最低1つの命中90以上STABを維持し、自爆・テレポート・反動大技だけの直近4技を禁止。高レベル基礎種は中威力技を再挿入。,既存（トーホク図鑑017）,B,最終統合ROMから現行表を抽出後、同名技の重複・ID衝突・取得時期を機械差分で確定する。
52,ニャース,meowth,1,ノーマル,ニャース → ペルシアン → ニャイキング,基礎形,DPE-JP Learnsets.c＋ベガ既存表（既存種）,現代化重点監査,物理寄り,ずつき / アンコール,安定したタイプ一致技をLv7～15、二段目をLv20～28に配置。進化前限定の補助技は思い出し対象に残す。,DPE表を土台に、進化前へ過剰な終盤技がある場合は後期へ移動。広範囲高火力サブウェポンはレベル技ではなくTM／教え技に限定。,まもる,てだすけ,あくび,専用技がある系統は進化時／Lv1思い出しに固定。戦闘専用フォームは基礎形の習得表を共有。,通常。高威力技はLv45以降、強力な積み技はLv50以降。,最低1つの命中90以上STABを維持し、自爆・テレポート・反動大技だけの直近4技を禁止。高レベル基礎種は中威力技を再挿入。,未収録・追加対象,B-,最終統合ROMから現行表を抽出後、同名技の重複・ID衝突・取得時期を機械差分で確定する。
53,ペルシアン,persian,1,ノーマル,ニャース → ペルシアン → ニャイキング,中間進化,DPE-JP Learnsets.c＋ベガ既存表（既存種）,現代化重点監査,物理アタッカー,のしかかり / アンコール,中威力STABをLv22～35、役割補助技を進化時またはLv30前後に配置。最終大技は先送り。,DPE表を土台に、進化前へ過剰な終盤技がある場合は後期へ移動。広範囲高火力サブウェポンはレベル技ではなくTM／教え技に限定。,まもる,てだすけ,あくび,専用技がある系統は進化時／Lv1思い出しに固定。戦闘専用フォームは基礎形の習得表を共有。,通常。高威力技はLv45以降、強力な積み技はLv50以降。,最低1つの命中90以上STABを維持し、自爆・テレポート・反動大技だけの直近4技を禁止。高レベル基礎種は中威力技を再挿入。,未収録・追加対象,B,最終統合ROMから現行表を抽出後、同名技の重複・ID衝突・取得時期を機械差分で確定する。
54,コダック,psyduck,1,みず,コダック → ゴルダック,基礎形,DPE-JP Learnsets.c＋ベガ既存表（既存種）,現代化重点監査,両刀・可変,アクアジェット / みずのはどう,安定したタイプ一致技をLv7～15、二段目をLv20～28に配置。進化前限定の補助技は思い出し対象に残す。,DPE表を土台に、進化前へ過剰な終盤技がある場合は後期へ移動。広範囲高火力サブウェポンはレベル技ではなくTM／教え技に限定。,アクアブレイク,クイックターン,アクアリング,専用技がある系統は進化時／Lv1思い出しに固定。戦闘専用フォームは基礎形の習得表を共有。,通常。高威力技はLv45以降、強力な積み技はLv50以降。,最低1つの命中90以上STABを維持し、自爆・テレポート・反動大技だけの直近4技を禁止。高レベル基礎種は中威力技を再挿入。,未収録・追加対象,B-,最終統合ROMから現行表を抽出後、同名技の重複・ID衝突・取得時期を機械差分で確定する。
55,ゴルダック,golduck,1,みず,コダック → ゴルダック,進化先／最終形,DPE-JP Learnsets.c＋ベガ既存表（既存種）,現代化重点監査,両刀・可変,アクアブレイク / なみのり / あまごい,進化時に役割技を1つ提示。主力STABはLv36～50、反動・積み・専用大技はLv50～65またはLv1思い出し。,DPE表を土台に、進化前へ過剰な終盤技がある場合は後期へ移動。広範囲高火力サブウェポンはレベル技ではなくTM／教え技に限定。,アクアブレイク,クイックターン,アクアリング,専用技がある系統は進化時／Lv1思い出しに固定。戦闘専用フォームは基礎形の習得表を共有。,通常。高威力技はLv45以降、強力な積み技はLv50以降。,最低1つの命中90以上STABを維持し、自爆・テレポート・反動大技だけの直近4技を禁止。高レベル基礎種は中威力技を再挿入。,未収録・追加対象,B,最終統合ROMから現行表を抽出後、同名技の重複・ID衝突・取得時期を機械差分で確定する。
56,マンキー,mankey,1,かくとう,マンキー → オコリザル → コノヨザル,基礎形,DPE-JP Learnsets.c＋ベガ既存表（既存種）,現代化重点監査,物理寄り,いわくだき / ビルドアップ,安定したタイプ一致技をLv7～15、二段目をLv20～28に配置。進化前限定の補助技は思い出し対象に残す。,DPE表を土台に、進化前へ過剰な終盤技がある場合は後期へ移動。広範囲高火力サブウェポンはレベル技ではなくTM／教え技に限定。,ドレインパンチ,コーチング,みきり,専用技がある系統は進化時／Lv1思い出しに固定。戦闘専用フォームは基礎形の習得表を共有。,通常。高威力技はLv45以降、強力な積み技はLv50以降。,最低1つの命中90以上STABを維持し、自爆・テレポート・反動大技だけの直近4技を禁止。高レベル基礎種は中威力技を再挿入。,未収録・追加対象,B-,最終統合ROMから現行表を抽出後、同名技の重複・ID衝突・取得時期を機械差分で確定する。
57,オコリザル,primeape,1,かくとう,マンキー → オコリザル → コノヨザル,中間進化,DPE-JP Learnsets.c＋ベガ既存表（既存種）,現代化重点監査,物理アタッカー,かわらわり / ビルドアップ,中威力STABをLv22～35、役割補助技を進化時またはLv30前後に配置。最終大技は先送り。,DPE表を土台に、進化前へ過剰な終盤技がある場合は後期へ移動。広範囲高火力サブウェポンはレベル技ではなくTM／教え技に限定。,ドレインパンチ,コーチング,みきり,専用技がある系統は進化時／Lv1思い出しに固定。戦闘専用フォームは基礎形の習得表を共有。,通常。高威力技はLv45以降、強力な積み技はLv50以降。,最低1つの命中90以上STABを維持し、自爆・テレポート・反動大技だけの直近4技を禁止。高レベル基礎種は中威力技を再挿入。,未収録・追加対象,B,最終統合ROMから現行表を抽出後、同名技の重複・ID衝突・取得時期を機械差分で確定する。
58,ガーディ,growlithe,1,ほのお,ガーディ → ウインディ,基礎形,DPE-JP Learnsets.c＋ベガ既存表（既存種）,現代化重点監査,特殊寄り,ひのこ / おにび,安定したタイプ一致技をLv7～15、二段目をLv20～28に配置。進化前限定の補助技は思い出し対象に残す。,DPE表を土台に、進化前へ過剰な終盤技がある場合は後期へ移動。広範囲高火力サブウェポンはレベル技ではなくTM／教え技に限定。,かえんほうしゃ,ねっぷう,にほんばれ,専用技がある系統は進化時／Lv1思い出しに固定。戦闘専用フォームは基礎形の習得表を共有。,通常。高威力技はLv45以降、強力な積み技はLv50以降。,最低1つの命中90以上STABを維持し、自爆・テレポート・反動大技だけの直近4技を禁止。高レベル基礎種は中威力技を再挿入。,未収録・追加対象,B-,最終統合ROMから現行表を抽出後、同名技の重複・ID衝突・取得時期を機械差分で確定する。
59,ウインディ,arcanine,1,ほのお,ガーディ → ウインディ,進化先／最終形,DPE-JP Learnsets.c＋ベガ既存表（既存種）,現代化重点監査,両刀・可変,ニトロチャージ / かえんほうしゃ / おにび,進化時に役割技を1つ提示。主力STABはLv36～50、反動・積み・専用大技はLv50～65またはLv1思い出し。,DPE表を土台に、進化前へ過剰な終盤技がある場合は後期へ移動。広範囲高火力サブウェポンはレベル技ではなくTM／教え技に限定。,かえんほうしゃ,ねっぷう,にほんばれ,専用技がある系統は進化時／Lv1思い出しに固定。戦闘専用フォームは基礎形の習得表を共有。,通常。高威力技はLv45以降、強力な積み技はLv50以降。,最低1つの命中90以上STABを維持し、自爆・テレポート・反動大技だけの直近4技を禁止。高レベル基礎種は中威力技を再挿入。,未収録・追加対象,B,最終統合ROMから現行表を抽出後、同名技の重複・ID衝突・取得時期を機械差分で確定する。
60,ニョロモ,poliwag,1,みず,ニョロモ → ニョロゾ → ニョロボン → ニョロトノ,基礎形,DPE-JP Learnsets.c＋ベガ既存表（既存種）,現代化重点監査,両刀・可変,アクアジェット / みずのはどう,安定したタイプ一致技をLv7～15、二段目をLv20～28に配置。進化前限定の補助技は思い出し対象に残す。,DPE表を土台に、進化前へ過剰な終盤技がある場合は後期へ移動。広範囲高火力サブウェポンはレベル技ではなくTM／教え技に限定。,アクアブレイク,クイックターン,アクアリング,専用技がある系統は進化時／Lv1思い出しに固定。戦闘専用フォームは基礎形の習得表を共有。,通常。高威力技はLv45以降、強力な積み技はLv50以降。,最低1つの命中90以上STABを維持し、自爆・テレポート・反動大技だけの直近4技を禁止。高レベル基礎種は中威力技を再挿入。,未収録・追加対象,B-,最終統合ROMから現行表を抽出後、同名技の重複・ID衝突・取得時期を機械差分で確定する。
61,ニョロゾ,poliwhirl,1,みず,ニョロモ → ニョロゾ → ニョロボン → ニョロトノ,進化先／最終形,DPE-JP Learnsets.c＋ベガ既存表（既存種）,現代化重点監査,両刀・可変,アクアブレイク / なみのり / あまごい,進化時に役割技を1つ提示。主力STABはLv36～50、反動・積み・専用大技はLv50～65またはLv1思い出し。,DPE表を土台に、進化前へ過剰な終盤技がある場合は後期へ移動。広範囲高火力サブウェポンはレベル技ではなくTM／教え技に限定。,アクアブレイク,クイックターン,アクアリング,専用技がある系統は進化時／Lv1思い出しに固定。戦闘専用フォームは基礎形の習得表を共有。,通常。高威力技はLv45以降、強力な積み技はLv50以降。,最低1つの命中90以上STABを維持し、自爆・テレポート・反動大技だけの直近4技を禁止。高レベル基礎種は中威力技を再挿入。,未収録・追加対象,B,最終統合ROMから現行表を抽出後、同名技の重複・ID衝突・取得時期を機械差分で確定する。
62,ニョロボン,poliwrath,1,みず／かくとう,ニョロモ → ニョロゾ → ニョロボン → ニョロトノ,進化先／最終形,DPE-JP Learnsets.c＋ベガ既存表（既存種）,現代化重点監査,両刀・可変,アクアブレイク / なみのり / あまごい / かわらわり,進化時に役割技を1つ提示。主力STABはLv36～50、反動・積み・専用大技はLv50～65またはLv1思い出し。,DPE表を土台に、進化前へ過剰な終盤技がある場合は後期へ移動。広範囲高火力サブウェポンはレベル技ではなくTM／教え技に限定。,アクアブレイク / ドレインパンチ,クイックターン / コーチング,アクアリング / みきり,専用技がある系統は進化時／Lv1思い出しに固定。戦闘専用フォームは基礎形の習得表を共有。,通常。高威力技はLv45以降、強力な積み技はLv50以降。,最低1つの命中90以上STABを維持し、自爆・テレポート・反動大技だけの直近4技を禁止。高レベル基礎種は中威力技を再挿入。,未収録・追加対象,B,最終統合ROMから現行表を抽出後、同名技の重複・ID衝突・取得時期を機械差分で確定する。
63,ケーシィ,abra,1,エスパー,ケーシィ → ユンゲラー → フーディン,基礎形,DPE-JP Learnsets.c＋ベガ既存表（既存種）,現代化重点監査,特殊寄り,ねんりき / めいそう,安定したタイプ一致技をLv7～15、二段目をLv20～28に配置。進化前限定の補助技は思い出し対象に残す。,DPE表を土台に、進化前へ過剰な終盤技がある場合は後期へ移動。広範囲高火力サブウェポンはレベル技ではなくTM／教え技に限定。,サイコショック,トリック,ひかりのかべ,専用技がある系統は進化時／Lv1思い出しに固定。戦闘専用フォームは基礎形の習得表を共有。,通常。高威力技はLv45以降、強力な積み技はLv50以降。,最低1つの命中90以上STABを維持し、自爆・テレポート・反動大技だけの直近4技を禁止。高レベル基礎種は中威力技を再挿入。,未収録・追加対象,B-,最終統合ROMから現行表を抽出後、同名技の重複・ID衝突・取得時期を機械差分で確定する。
64,ユンゲラー,kadabra,1,エスパー,ケーシィ → ユンゲラー → フーディン,中間進化,DPE-JP Learnsets.c＋ベガ既存表（既存種）,現代化重点監査,特殊寄り,サイコキネシス / めいそう,中威力STABをLv22～35、役割補助技を進化時またはLv30前後に配置。最終大技は先送り。,DPE表を土台に、進化前へ過剰な終盤技がある場合は後期へ移動。広範囲高火力サブウェポンはレベル技ではなくTM／教え技に限定。,サイコショック,トリック,ひかりのかべ,専用技がある系統は進化時／Lv1思い出しに固定。戦闘専用フォームは基礎形の習得表を共有。,通常。高威力技はLv45以降、強力な積み技はLv50以降。,最低1つの命中90以上STABを維持し、自爆・テレポート・反動大技だけの直近4技を禁止。高レベル基礎種は中威力技を再挿入。,未収録・追加対象,B,最終統合ROMから現行表を抽出後、同名技の重複・ID衝突・取得時期を機械差分で確定する。
65,フーディン,alakazam,1,エスパー,ケーシィ → ユンゲラー → フーディン,進化先／最終形,DPE-JP Learnsets.c＋ベガ既存表（既存種）,現代化重点監査,特殊アタッカー,サイコショック / めいそう,進化時に役割技を1つ提示。主力STABはLv36～50、反動・積み・専用大技はLv50～65またはLv1思い出し。,DPE表を土台に、進化前へ過剰な終盤技がある場合は後期へ移動。広範囲高火力サブウェポンはレベル技ではなくTM／教え技に限定。,サイコショック,トリック,ひかりのかべ,専用技がある系統は進化時／Lv1思い出しに固定。戦闘専用フォームは基礎形の習得表を共有。,通常。高威力技はLv45以降、強力な積み技はLv50以降。,最低1つの命中90以上STABを維持し、自爆・テレポート・反動大技だけの直近4技を禁止。高レベル基礎種は中威力技を再挿入。,未収録・追加対象,B,最終統合ROMから現行表を抽出後、同名技の重複・ID衝突・取得時期を機械差分で確定する。
66,ワンリキー,machop,1,かくとう,ワンリキー → ゴーリキー → カイリキー,基礎形,DPE-JP Learnsets.c＋ベガ既存表（既存種）,現代化重点監査,物理寄り,いわくだき / ビルドアップ,安定したタイプ一致技をLv7～15、二段目をLv20～28に配置。進化前限定の補助技は思い出し対象に残す。,DPE表を土台に、進化前へ過剰な終盤技がある場合は後期へ移動。広範囲高火力サブウェポンはレベル技ではなくTM／教え技に限定。,ドレインパンチ,コーチング,みきり,専用技がある系統は進化時／Lv1思い出しに固定。戦闘専用フォームは基礎形の習得表を共有。,通常。高威力技はLv45以降、強力な積み技はLv50以降。,最低1つの命中90以上STABを維持し、自爆・テレポート・反動大技だけの直近4技を禁止。高レベル基礎種は中威力技を再挿入。,未収録・追加対象,B-,最終統合ROMから現行表を抽出後、同名技の重複・ID衝突・取得時期を機械差分で確定する。
67,ゴーリキー,machoke,1,かくとう,ワンリキー → ゴーリキー → カイリキー,中間進化,DPE-JP Learnsets.c＋ベガ既存表（既存種）,現代化重点監査,物理寄り,かわらわり / ビルドアップ,中威力STABをLv22～35、役割補助技を進化時またはLv30前後に配置。最終大技は先送り。,DPE表を土台に、進化前へ過剰な終盤技がある場合は後期へ移動。広範囲高火力サブウェポンはレベル技ではなくTM／教え技に限定。,ドレインパンチ,コーチング,みきり,専用技がある系統は進化時／Lv1思い出しに固定。戦闘専用フォームは基礎形の習得表を共有。,通常。高威力技はLv45以降、強力な積み技はLv50以降。,最低1つの命中90以上STABを維持し、自爆・テレポート・反動大技だけの直近4技を禁止。高レベル基礎種は中威力技を再挿入。,未収録・追加対象,B,最終統合ROMから現行表を抽出後、同名技の重複・ID衝突・取得時期を機械差分で確定する。
68,カイリキー,machamp,1,かくとう,ワンリキー → ゴーリキー → カイリキー,進化先／最終形,DPE-JP Learnsets.c＋ベガ既存表（既存種）,現代化重点監査,物理アタッカー,インファイト / ビルドアップ,進化時に役割技を1つ提示。主力STABはLv36～50、反動・積み・専用大技はLv50～65またはLv1思い出し。,DPE表を土台に、進化前へ過剰な終盤技がある場合は後期へ移動。広範囲高火力サブウェポンはレベル技ではなくTM／教え技に限定。,ドレインパンチ,コーチング,みきり,専用技がある系統は進化時／Lv1思い出しに固定。戦闘専用フォームは基礎形の習得表を共有。,通常。高威力技はLv45以降、強力な積み技はLv50以降。,最低1つの命中90以上STABを維持し、自爆・テレポート・反動大技だけの直近4技を禁止。高レベル基礎種は中威力技を再挿入。,未収録・追加対象,B,最終統合ROMから現行表を抽出後、同名技の重複・ID衝突・取得時期を機械差分で確定する。
69,マダツボミ,bellsprout,1,くさ／どく,マダツボミ → ウツドン → ウツボット,基礎形,DPE-JP Learnsets.c＋ベガ既存表（既存種）,現代化重点監査,特殊寄り,メガドレイン / やどりぎのタネ / アシッドボム / どくどく,安定したタイプ一致技をLv7～15、二段目をLv20～28に配置。進化前限定の補助技は思い出し対象に残す。,DPE表を土台に、進化前へ過剰な終盤技がある場合は後期へ移動。広範囲高火力サブウェポンはレベル技ではなくTM／教え技に限定。,くさむすび / ベノムショック,グラススライダー / ダストシュート,こうごうせい / どくびし,専用技がある系統は進化時／Lv1思い出しに固定。戦闘専用フォームは基礎形の習得表を共有。,通常。高威力技はLv45以降、強力な積み技はLv50以降。,最低1つの命中90以上STABを維持し、自爆・テレポート・反動大技だけの直近4技を禁止。高レベル基礎種は中威力技を再挿入。,未収録・追加対象,B-,最終統合ROMから現行表を抽出後、同名技の重複・ID衝突・取得時期を機械差分で確定する。
70,ウツドン,weepinbell,1,くさ／どく,マダツボミ → ウツドン → ウツボット,中間進化,DPE-JP Learnsets.c＋ベガ既存表（既存種）,現代化重点監査,特殊寄り,ギガドレイン / やどりぎのタネ / ヘドロばくだん / どくどく,中威力STABをLv22～35、役割補助技を進化時またはLv30前後に配置。最終大技は先送り。,DPE表を土台に、進化前へ過剰な終盤技がある場合は後期へ移動。広範囲高火力サブウェポンはレベル技ではなくTM／教え技に限定。,くさむすび / ベノムショック,グラススライダー / ダストシュート,こうごうせい / どくびし,専用技がある系統は進化時／Lv1思い出しに固定。戦闘専用フォームは基礎形の習得表を共有。,通常。高威力技はLv45以降、強力な積み技はLv50以降。,最低1つの命中90以上STABを維持し、自爆・テレポート・反動大技だけの直近4技を禁止。高レベル基礎種は中威力技を再挿入。,未収録・追加対象,B,最終統合ROMから現行表を抽出後、同名技の重複・ID衝突・取得時期を機械差分で確定する。
71,ウツボット,victreebel,1,くさ／どく,マダツボミ → ウツドン → ウツボット,進化先／最終形,DPE-JP Learnsets.c＋ベガ既存表（既存種）,現代化重点監査,特殊アタッカー,エナジーボール / やどりぎのタネ / ヘドロウェーブ / どくどく,進化時に役割技を1つ提示。主力STABはLv36～50、反動・積み・専用大技はLv50～65またはLv1思い出し。,DPE表を土台に、進化前へ過剰な終盤技がある場合は後期へ移動。広範囲高火力サブウェポンはレベル技ではなくTM／教え技に限定。,くさむすび / ベノムショック,グラススライダー / ダストシュート,こうごうせい / どくびし,専用技がある系統は進化時／Lv1思い出しに固定。戦闘専用フォームは基礎形の習得表を共有。,通常。高威力技はLv45以降、強力な積み技はLv50以降。,最低1つの命中90以上STABを維持し、自爆・テレポート・反動大技だけの直近4技を禁止。高レベル基礎種は中威力技を再挿入。,未収録・追加対象,B,最終統合ROMから現行表を抽出後、同名技の重複・ID衝突・取得時期を機械差分で確定する。
72,メノクラゲ,tentacool,1,みず／どく,メノクラゲ → ドククラゲ,基礎形,DPE-JP Learnsets.c＋ベガ既存表（既存種）,ベガ既存表保護＋選択的現代化,補助寄り両刀,アクアジェット / みずのはどう / どくばり / アシッドボム,安定したタイプ一致技をLv7～15、二段目をLv20～28に配置。進化前限定の補助技は思い出し対象に残す。,ベガ既存の独自技・攻略導線を保持。無関係な高火力サブウェポン、NPC専用の違法技、早期の積み技だけをTM／教え技へ移す。,アクアブレイク / ベノムショック,クイックターン / ダストシュート,アクアリング / どくびし,専用技がある系統は進化時／Lv1思い出しに固定。戦闘専用フォームは基礎形の習得表を共有。,通常。高威力技はLv45以降、強力な積み技はLv50以降。,最低1つの命中90以上STABを維持し、自爆・テレポート・反動大技だけの直近4技を禁止。高レベル基礎種は中威力技を再挿入。,既存（トーホク図鑑212）,B-,最終統合ROMから現行表を抽出後、同名技の重複・ID衝突・取得時期を機械差分で確定する。
73,ドククラゲ,tentacruel,1,みず／どく,メノクラゲ → ドククラゲ,進化先／最終形,DPE-JP Learnsets.c＋ベガ既存表（既存種）,ベガ既存表保護＋選択的現代化,特殊アタッカー,ハイドロポンプ / あまごい / ヘドロウェーブ / どくどく,進化時に役割技を1つ提示。主力STABはLv36～50、反動・積み・専用大技はLv50～65またはLv1思い出し。,ベガ既存の独自技・攻略導線を保持。無関係な高火力サブウェポン、NPC専用の違法技、早期の積み技だけをTM／教え技へ移す。,アクアブレイク / ベノムショック,クイックターン / ダストシュート,アクアリング / どくびし,専用技がある系統は進化時／Lv1思い出しに固定。戦闘専用フォームは基礎形の習得表を共有。,通常。高威力技はLv45以降、強力な積み技はLv50以降。,最低1つの命中90以上STABを維持し、自爆・テレポート・反動大技だけの直近4技を禁止。高レベル基礎種は中威力技を再挿入。,既存（トーホク図鑑213）,B,最終統合ROMから現行表を抽出後、同名技の重複・ID衝突・取得時期を機械差分で確定する。
74,イシツブテ,geodude,1,いわ／じめん,イシツブテ → ゴローン → ゴローニャ,基礎形,DPE-JP Learnsets.c＋ベガ既存表（既存種）,ベガ既存表保護＋選択的現代化,物理寄り,いわおとし / ステルスロック / どろかけ / すなあらし,安定したタイプ一致技をLv7～15、二段目をLv20～28に配置。進化前限定の補助技は思い出し対象に残す。,ベガ既存の独自技・攻略導線を保持。無関係な高火力サブウェポン、NPC専用の違法技、早期の積み技だけをTM／教え技へ移す。,ステルスロック / じならし,メテオビーム / ねっさのだいち,すなあらし / まきびし,専用技がある系統は進化時／Lv1思い出しに固定。戦闘専用フォームは基礎形の習得表を共有。,通常。高威力技はLv45以降、強力な積み技はLv50以降。,最低1つの命中90以上STABを維持し、自爆・テレポート・反動大技だけの直近4技を禁止。高レベル基礎種は中威力技を再挿入。,既存（トーホク図鑑315）,B-,最終統合ROMから現行表を抽出後、同名技の重複・ID衝突・取得時期を機械差分で確定する。
75,ゴローン,graveler,1,いわ／じめん,イシツブテ → ゴローン → ゴローニャ,中間進化,DPE-JP Learnsets.c＋ベガ既存表（既存種）,ベガ既存表保護＋選択的現代化,物理寄り,いわなだれ / ステルスロック / じならし / すなあらし,中威力STABをLv22～35、役割補助技を進化時またはLv30前後に配置。最終大技は先送り。,ベガ既存の独自技・攻略導線を保持。無関係な高火力サブウェポン、NPC専用の違法技、早期の積み技だけをTM／教え技へ移す。,ステルスロック / じならし,メテオビーム / ねっさのだいち,すなあらし / まきびし,専用技がある系統は進化時／Lv1思い出しに固定。戦闘専用フォームは基礎形の習得表を共有。,通常。高威力技はLv45以降、強力な積み技はLv50以降。,最低1つの命中90以上STABを維持し、自爆・テレポート・反動大技だけの直近4技を禁止。高レベル基礎種は中威力技を再挿入。,既存（トーホク図鑑316）,B,最終統合ROMから現行表を抽出後、同名技の重複・ID衝突・取得時期を機械差分で確定する。
76,ゴローニャ,golem,1,いわ／じめん,イシツブテ → ゴローン → ゴローニャ,進化先／最終形,DPE-JP Learnsets.c＋ベガ既存表（既存種）,ベガ既存表保護＋選択的現代化,物理アタッカー,ストーンエッジ / ステルスロック / じしん / すなあらし,進化時に役割技を1つ提示。主力STABはLv36～50、反動・積み・専用大技はLv50～65またはLv1思い出し。,ベガ既存の独自技・攻略導線を保持。無関係な高火力サブウェポン、NPC専用の違法技、早期の積み技だけをTM／教え技へ移す。,ステルスロック / じならし,メテオビーム / ねっさのだいち,すなあらし / まきびし,専用技がある系統は進化時／Lv1思い出しに固定。戦闘専用フォームは基礎形の習得表を共有。,通常。高威力技はLv45以降、強力な積み技はLv50以降。,最低1つの命中90以上STABを維持し、自爆・テレポート・反動大技だけの直近4技を禁止。高レベル基礎種は中威力技を再挿入。,既存（トーホク図鑑317）,B,最終統合ROMから現行表を抽出後、同名技の重複・ID衝突・取得時期を機械差分で確定する。
77,ポニータ,ponyta,1,ほのお,ポニータ → ギャロップ,基礎形,DPE-JP Learnsets.c＋ベガ既存表（既存種）,現代化重点監査,特殊寄り,ひのこ / おにび,安定したタイプ一致技をLv7～15、二段目をLv20～28に配置。進化前限定の補助技は思い出し対象に残す。,DPE表を土台に、進化前へ過剰な終盤技がある場合は後期へ移動。広範囲高火力サブウェポンはレベル技ではなくTM／教え技に限定。,かえんほうしゃ,ねっぷう,にほんばれ,専用技がある系統は進化時／Lv1思い出しに固定。戦闘専用フォームは基礎形の習得表を共有。,通常。高威力技はLv45以降、強力な積み技はLv50以降。,最低1つの命中90以上STABを維持し、自爆・テレポート・反動大技だけの直近4技を禁止。高レベル基礎種は中威力技を再挿入。,未収録・追加対象,B-,最終統合ROMから現行表を抽出後、同名技の重複・ID衝突・取得時期を機械差分で確定する。
78,ギャロップ,rapidash,1,ほのお,ポニータ → ギャロップ,進化先／最終形,DPE-JP Learnsets.c＋ベガ既存表（既存種）,現代化重点監査,物理アタッカー,フレアドライブ / おにび,進化時に役割技を1つ提示。主力STABはLv36～50、反動・積み・専用大技はLv50～65またはLv1思い出し。,DPE表を土台に、進化前へ過剰な終盤技がある場合は後期へ移動。広範囲高火力サブウェポンはレベル技ではなくTM／教え技に限定。,かえんほうしゃ,ねっぷう,にほんばれ,専用技がある系統は進化時／Lv1思い出しに固定。戦闘専用フォームは基礎形の習得表を共有。,通常。高威力技はLv45以降、強力な積み技はLv50以降。,最低1つの命中90以上STABを維持し、自爆・テレポート・反動大技だけの直近4技を禁止。高レベル基礎種は中威力技を再挿入。,未収録・追加対象,B,最終統合ROMから現行表を抽出後、同名技の重複・ID衝突・取得時期を機械差分で確定する。
79,ヤドン,slowpoke,1,みず／エスパー,ヤドン → ヤドラン → ヤドキング,基礎形,DPE-JP Learnsets.c＋ベガ既存表（既存種）,現代化重点監査,特殊寄り,みずのはどう / あまごい / ねんりき / めいそう,安定したタイプ一致技をLv7～15、二段目をLv20～28に配置。進化前限定の補助技は思い出し対象に残す。,DPE表を土台に、進化前へ過剰な終盤技がある場合は後期へ移動。広範囲高火力サブウェポンはレベル技ではなくTM／教え技に限定。,アクアブレイク / サイコショック,クイックターン / トリック,アクアリング / ひかりのかべ,専用技がある系統は進化時／Lv1思い出しに固定。戦闘専用フォームは基礎形の習得表を共有。,通常。高威力技はLv45以降、強力な積み技はLv50以降。,最低1つの命中90以上STABを維持し、自爆・テレポート・反動大技だけの直近4技を禁止。高レベル基礎種は中威力技を再挿入。,未収録・追加対象,B-,最終統合ROMから現行表を抽出後、同名技の重複・ID衝突・取得時期を機械差分で確定する。
80,ヤドラン,slowbro,1,みず／エスパー,ヤドン → ヤドラン → ヤドキング,中間進化,DPE-JP Learnsets.c＋ベガ既存表（既存種）,現代化重点監査,両刀・可変,アクアブレイク / なみのり / しねんのずつき / サイコキネシス,中威力STABをLv22～35、役割補助技を進化時またはLv30前後に配置。最終大技は先送り。,DPE表を土台に、進化前へ過剰な終盤技がある場合は後期へ移動。広範囲高火力サブウェポンはレベル技ではなくTM／教え技に限定。,アクアブレイク / サイコショック,クイックターン / トリック,アクアリング / ひかりのかべ,専用技がある系統は進化時／Lv1思い出しに固定。戦闘専用フォームは基礎形の習得表を共有。,通常。高威力技はLv45以降、強力な積み技はLv50以降。,最低1つの命中90以上STABを維持し、自爆・テレポート・反動大技だけの直近4技を禁止。高レベル基礎種は中威力技を再挿入。,未収録・追加対象,B,最終統合ROMから現行表を抽出後、同名技の重複・ID衝突・取得時期を機械差分で確定する。
81,コイル,magnemite,1,でんき／はがね,コイル → レアコイル → ジバコイル,基礎形,DPE-JP Learnsets.c＋ベガ既存表（既存種）,ベガ既存表保護＋選択的現代化,両刀・可変,スパーク / でんきショック / メタルクロー / ミラーショット,安定したタイプ一致技をLv7～15、二段目をLv20～28に配置。進化前限定の補助技は思い出し対象に残す。,ベガ既存の独自技・攻略導線を保持。無関係な高火力サブウェポン、NPC専用の違法技、早期の積み技だけをTM／教え技へ移す。,ボルトチェンジ / ラスターカノン,エレキネット / アイアンヘッド,じゅうでん / ボディプレス,専用技がある系統は進化時／Lv1思い出しに固定。戦闘専用フォームは基礎形の習得表を共有。,通常。高威力技はLv45以降、強力な積み技はLv50以降。,最低1つの命中90以上STABを維持し、自爆・テレポート・反動大技だけの直近4技を禁止。高レベル基礎種は中威力技を再挿入。,既存（トーホク図鑑058）,B-,最終統合ROMから現行表を抽出後、同名技の重複・ID衝突・取得時期を機械差分で確定する。
82,レアコイル,magneton,1,でんき／はがね,コイル → レアコイル → ジバコイル,中間進化,DPE-JP Learnsets.c＋ベガ既存表（既存種）,ベガ既存表保護＋選択的現代化,特殊アタッカー,10まんボルト / でんじは / ラスターカノン / てっぺき,中威力STABをLv22～35、役割補助技を進化時またはLv30前後に配置。最終大技は先送り。,ベガ既存の独自技・攻略導線を保持。無関係な高火力サブウェポン、NPC専用の違法技、早期の積み技だけをTM／教え技へ移す。,ボルトチェンジ / ラスターカノン,エレキネット / アイアンヘッド,じゅうでん / ボディプレス,専用技がある系統は進化時／Lv1思い出しに固定。戦闘専用フォームは基礎形の習得表を共有。,通常。高威力技はLv45以降、強力な積み技はLv50以降。,最低1つの命中90以上STABを維持し、自爆・テレポート・反動大技だけの直近4技を禁止。高レベル基礎種は中威力技を再挿入。,既存（トーホク図鑑059）,B,最終統合ROMから現行表を抽出後、同名技の重複・ID衝突・取得時期を機械差分で確定する。
83,カモネギ,farfetchd,1,ノーマル／ひこう,カモネギ → ネギガナイト,基礎形,DPE-JP Learnsets.c＋ベガ既存表（既存種）,ベガ既存表保護＋選択的現代化,物理アタッカー,ずつき / アンコール / つばさでうつ / おいかぜ,安定したタイプ一致技をLv7～15、二段目をLv20～28に配置。進化前限定の補助技は思い出し対象に残す。,ベガ既存の独自技・攻略導線を保持。無関係な高火力サブウェポン、NPC専用の違法技、早期の積み技だけをTM／教え技へ移す。,まもる / アクロバット,てだすけ / おいかぜ,あくび / はねやすめ,専用技がある系統は進化時／Lv1思い出しに固定。戦闘専用フォームは基礎形の習得表を共有。,通常。高威力技はLv45以降、強力な積み技はLv50以降。,最低1つの命中90以上STABを維持し、自爆・テレポート・反動大技だけの直近4技を禁止。高レベル基礎種は中威力技を再挿入。,既存（トーホク図鑑365）,B-,最終統合ROMから現行表を抽出後、同名技の重複・ID衝突・取得時期を機械差分で確定する。
84,ドードー,doduo,1,ノーマル／ひこう,ドードー → ドードリオ,基礎形,DPE-JP Learnsets.c＋ベガ既存表（既存種）,現代化重点監査,物理寄り,ずつき / アンコール / つばさでうつ / おいかぜ,安定したタイプ一致技をLv7～15、二段目をLv20～28に配置。進化前限定の補助技は思い出し対象に残す。,DPE表を土台に、進化前へ過剰な終盤技がある場合は後期へ移動。広範囲高火力サブウェポンはレベル技ではなくTM／教え技に限定。,まもる / アクロバット,てだすけ / おいかぜ,あくび / はねやすめ,専用技がある系統は進化時／Lv1思い出しに固定。戦闘専用フォームは基礎形の習得表を共有。,通常。高威力技はLv45以降、強力な積み技はLv50以降。,最低1つの命中90以上STABを維持し、自爆・テレポート・反動大技だけの直近4技を禁止。高レベル基礎種は中威力技を再挿入。,未収録・追加対象,B-,最終統合ROMから現行表を抽出後、同名技の重複・ID衝突・取得時期を機械差分で確定する。
85,ドードリオ,dodrio,1,ノーマル／ひこう,ドードー → ドードリオ,進化先／最終形,DPE-JP Learnsets.c＋ベガ既存表（既存種）,現代化重点監査,物理アタッカー,すてみタックル / アンコール / ブレイブバード / おいかぜ,進化時に役割技を1つ提示。主力STABはLv36～50、反動・積み・専用大技はLv50～65またはLv1思い出し。,DPE表を土台に、進化前へ過剰な終盤技がある場合は後期へ移動。広範囲高火力サブウェポンはレベル技ではなくTM／教え技に限定。,まもる / アクロバット,てだすけ / おいかぜ,あくび / はねやすめ,専用技がある系統は進化時／Lv1思い出しに固定。戦闘専用フォームは基礎形の習得表を共有。,通常。高威力技はLv45以降、強力な積み技はLv50以降。,最低1つの命中90以上STABを維持し、自爆・テレポート・反動大技だけの直近4技を禁止。高レベル基礎種は中威力技を再挿入。,未収録・追加対象,B,最終統合ROMから現行表を抽出後、同名技の重複・ID衝突・取得時期を機械差分で確定する。
86,パウワウ,seel,1,みず,パウワウ → ジュゴン,基礎形,DPE-JP Learnsets.c＋ベガ既存表（既存種）,現代化重点監査,両刀・可変,アクアジェット / みずのはどう,安定したタイプ一致技をLv7～15、二段目をLv20～28に配置。進化前限定の補助技は思い出し対象に残す。,DPE表を土台に、進化前へ過剰な終盤技がある場合は後期へ移動。広範囲高火力サブウェポンはレベル技ではなくTM／教え技に限定。,アクアブレイク,クイックターン,アクアリング,専用技がある系統は進化時／Lv1思い出しに固定。戦闘専用フォームは基礎形の習得表を共有。,通常。高威力技はLv45以降、強力な積み技はLv50以降。,最低1つの命中90以上STABを維持し、自爆・テレポート・反動大技だけの直近4技を禁止。高レベル基礎種は中威力技を再挿入。,未収録・追加対象,B-,最終統合ROMから現行表を抽出後、同名技の重複・ID衝突・取得時期を機械差分で確定する。
87,ジュゴン,dewgong,1,みず／こおり,パウワウ → ジュゴン,進化先／最終形,DPE-JP Learnsets.c＋ベガ既存表（既存種）,現代化重点監査,特殊アタッカー,ハイドロポンプ / あまごい / ふぶき / ゆきげしき,進化時に役割技を1つ提示。主力STABはLv36～50、反動・積み・専用大技はLv50～65またはLv1思い出し。,DPE表を土台に、進化前へ過剰な終盤技がある場合は後期へ移動。広範囲高火力サブウェポンはレベル技ではなくTM／教え技に限定。,アクアブレイク / アイススピナー,クイックターン / トリプルアクセル,アクアリング / オーロラベール,専用技がある系統は進化時／Lv1思い出しに固定。戦闘専用フォームは基礎形の習得表を共有。,通常。高威力技はLv45以降、強力な積み技はLv50以降。,最低1つの命中90以上STABを維持し、自爆・テレポート・反動大技だけの直近4技を禁止。高レベル基礎種は中威力技を再挿入。,未収録・追加対象,B,最終統合ROMから現行表を抽出後、同名技の重複・ID衝突・取得時期を機械差分で確定する。
88,ベトベター,grimer,1,どく,ベトベター → ベトベトン,基礎形,DPE-JP Learnsets.c＋ベガ既存表（既存種）,現代化重点監査,補助寄り両刀,どくばり / アシッドボム,安定したタイプ一致技をLv7～15、二段目をLv20～28に配置。進化前限定の補助技は思い出し対象に残す。,DPE表を土台に、進化前へ過剰な終盤技がある場合は後期へ移動。広範囲高火力サブウェポンはレベル技ではなくTM／教え技に限定。,ベノムショック,ダストシュート,どくびし,専用技がある系統は進化時／Lv1思い出しに固定。戦闘専用フォームは基礎形の習得表を共有。,通常。高威力技はLv45以降、強力な積み技はLv50以降。,最低1つの命中90以上STABを維持し、自爆・テレポート・反動大技だけの直近4技を禁止。高レベル基礎種は中威力技を再挿入。,未収録・追加対象,B-,最終統合ROMから現行表を抽出後、同名技の重複・ID衝突・取得時期を機械差分で確定する。
89,ベトベトン,muk,1,どく,ベトベター → ベトベトン,進化先／最終形,DPE-JP Learnsets.c＋ベガ既存表（既存種）,現代化重点監査,物理アタッカー,ダストシュート / どくどく,進化時に役割技を1つ提示。主力STABはLv36～50、反動・積み・専用大技はLv50～65またはLv1思い出し。,DPE表を土台に、進化前へ過剰な終盤技がある場合は後期へ移動。広範囲高火力サブウェポンはレベル技ではなくTM／教え技に限定。,ベノムショック,ダストシュート,どくびし,専用技がある系統は進化時／Lv1思い出しに固定。戦闘専用フォームは基礎形の習得表を共有。,通常。高威力技はLv45以降、強力な積み技はLv50以降。,最低1つの命中90以上STABを維持し、自爆・テレポート・反動大技だけの直近4技を禁止。高レベル基礎種は中威力技を再挿入。,未収録・追加対象,B,最終統合ROMから現行表を抽出後、同名技の重複・ID衝突・取得時期を機械差分で確定する。
90,シェルダー,shellder,1,みず,シェルダー → パルシェン,基礎形,DPE-JP Learnsets.c＋ベガ既存表（既存種）,ベガ既存表保護＋選択的現代化,両刀・可変,アクアジェット / みずのはどう,安定したタイプ一致技をLv7～15、二段目をLv20～28に配置。進化前限定の補助技は思い出し対象に残す。,ベガ既存の独自技・攻略導線を保持。無関係な高火力サブウェポン、NPC専用の違法技、早期の積み技だけをTM／教え技へ移す。,アクアブレイク,クイックターン,アクアリング,専用技がある系統は進化時／Lv1思い出しに固定。戦闘専用フォームは基礎形の習得表を共有。,通常。高威力技はLv45以降、強力な積み技はLv50以降。,最低1つの命中90以上STABを維持し、自爆・テレポート・反動大技だけの直近4技を禁止。高レベル基礎種は中威力技を再挿入。,既存（トーホク図鑑041）,B-,最終統合ROMから現行表を抽出後、同名技の重複・ID衝突・取得時期を機械差分で確定する。
91,パルシェン,cloyster,1,みず／こおり,シェルダー → パルシェン,進化先／最終形,DPE-JP Learnsets.c＋ベガ既存表（既存種）,ベガ既存表保護＋選択的現代化,特殊アタッカー,ハイドロポンプ / あまごい / ふぶき / ゆきげしき,進化時に役割技を1つ提示。主力STABはLv36～50、反動・積み・専用大技はLv50～65またはLv1思い出し。,ベガ既存の独自技・攻略導線を保持。無関係な高火力サブウェポン、NPC専用の違法技、早期の積み技だけをTM／教え技へ移す。,アクアブレイク / アイススピナー,クイックターン / トリプルアクセル,アクアリング / オーロラベール,専用技がある系統は進化時／Lv1思い出しに固定。戦闘専用フォームは基礎形の習得表を共有。,通常。高威力技はLv45以降、強力な積み技はLv50以降。,最低1つの命中90以上STABを維持し、自爆・テレポート・反動大技だけの直近4技を禁止。高レベル基礎種は中威力技を再挿入。,既存（トーホク図鑑042）,B,最終統合ROMから現行表を抽出後、同名技の重複・ID衝突・取得時期を機械差分で確定する。
92,ゴース,gastly,1,ゴースト／どく,ゴース → ゴースト → ゲンガー,基礎形,DPE-JP Learnsets.c＋ベガ既存表（既存種）,ベガ既存表保護＋選択的現代化,特殊寄り,おどろかす / おにび / アシッドボム / どくどく,安定したタイプ一致技をLv7～15、二段目をLv20～28に配置。進化前限定の補助技は思い出し対象に残す。,ベガ既存の独自技・攻略導線を保持。無関係な高火力サブウェポン、NPC専用の違法技、早期の積み技だけをTM／教え技へ移す。,シャドークロー / ベノムショック,ポルターガイスト / ダストシュート,みちづれ / どくびし,専用技がある系統は進化時／Lv1思い出しに固定。戦闘専用フォームは基礎形の習得表を共有。,通常。高威力技はLv45以降、強力な積み技はLv50以降。,最低1つの命中90以上STABを維持し、自爆・テレポート・反動大技だけの直近4技を禁止。高レベル基礎種は中威力技を再挿入。,既存（トーホク図鑑063）,B-,最終統合ROMから現行表を抽出後、同名技の重複・ID衝突・取得時期を機械差分で確定する。
93,ゴースト,haunter,1,ゴースト／どく,ゴース → ゴースト → ゲンガー,中間進化,DPE-JP Learnsets.c＋ベガ既存表（既存種）,ベガ既存表保護＋選択的現代化,特殊寄り,たたりめ / おにび / ヘドロばくだん / どくどく,中威力STABをLv22～35、役割補助技を進化時またはLv30前後に配置。最終大技は先送り。,ベガ既存の独自技・攻略導線を保持。無関係な高火力サブウェポン、NPC専用の違法技、早期の積み技だけをTM／教え技へ移す。,シャドークロー / ベノムショック,ポルターガイスト / ダストシュート,みちづれ / どくびし,専用技がある系統は進化時／Lv1思い出しに固定。戦闘専用フォームは基礎形の習得表を共有。,通常。高威力技はLv45以降、強力な積み技はLv50以降。,最低1つの命中90以上STABを維持し、自爆・テレポート・反動大技だけの直近4技を禁止。高レベル基礎種は中威力技を再挿入。,既存（トーホク図鑑064）,B,最終統合ROMから現行表を抽出後、同名技の重複・ID衝突・取得時期を機械差分で確定する。
94,ゲンガー,gengar,1,ゴースト／どく,ゴース → ゴースト → ゲンガー,進化先／最終形,DPE-JP Learnsets.c＋ベガ既存表（既存種）,ベガ既存表保護＋選択的現代化,特殊アタッカー,シャドーボール / おにび / ヘドロウェーブ / どくどく,進化時に役割技を1つ提示。主力STABはLv36～50、反動・積み・専用大技はLv50～65またはLv1思い出し。,ベガ既存の独自技・攻略導線を保持。無関係な高火力サブウェポン、NPC専用の違法技、早期の積み技だけをTM／教え技へ移す。,シャドークロー / ベノムショック,ポルターガイスト / ダストシュート,みちづれ / どくびし,専用技がある系統は進化時／Lv1思い出しに固定。戦闘専用フォームは基礎形の習得表を共有。,通常。高威力技はLv45以降、強力な積み技はLv50以降。,最低1つの命中90以上STABを維持し、自爆・テレポート・反動大技だけの直近4技を禁止。高レベル基礎種は中威力技を再挿入。,既存（トーホク図鑑065）,B,最終統合ROMから現行表を抽出後、同名技の重複・ID衝突・取得時期を機械差分で確定する。
95,イワーク,onix,1,いわ／じめん,イワーク → ハガネール,基礎形,DPE-JP Learnsets.c＋ベガ既存表（既存種）,現代化重点監査,物理寄り,いわおとし / ステルスロック / どろかけ / すなあらし,安定したタイプ一致技をLv7～15、二段目をLv20～28に配置。進化前限定の補助技は思い出し対象に残す。,DPE表を土台に、進化前へ過剰な終盤技がある場合は後期へ移動。広範囲高火力サブウェポンはレベル技ではなくTM／教え技に限定。,ステルスロック / じならし,メテオビーム / ねっさのだいち,すなあらし / まきびし,専用技がある系統は進化時／Lv1思い出しに固定。戦闘専用フォームは基礎形の習得表を共有。,通常。高威力技はLv45以降、強力な積み技はLv50以降。,最低1つの命中90以上STABを維持し、自爆・テレポート・反動大技だけの直近4技を禁止。高レベル基礎種は中威力技を再挿入。,未収録・追加対象,B-,最終統合ROMから現行表を抽出後、同名技の重複・ID衝突・取得時期を機械差分で確定する。
96,スリープ,drowzee,1,エスパー,スリープ → スリーパー,基礎形,DPE-JP Learnsets.c＋ベガ既存表（既存種）,現代化重点監査,特殊寄り,ねんりき / めいそう,安定したタイプ一致技をLv7～15、二段目をLv20～28に配置。進化前限定の補助技は思い出し対象に残す。,DPE表を土台に、進化前へ過剰な終盤技がある場合は後期へ移動。広範囲高火力サブウェポンはレベル技ではなくTM／教え技に限定。,サイコショック,トリック,ひかりのかべ,専用技がある系統は進化時／Lv1思い出しに固定。戦闘専用フォームは基礎形の習得表を共有。,通常。高威力技はLv45以降、強力な積み技はLv50以降。,最低1つの命中90以上STABを維持し、自爆・テレポート・反動大技だけの直近4技を禁止。高レベル基礎種は中威力技を再挿入。,未収録・追加対象,B-,最終統合ROMから現行表を抽出後、同名技の重複・ID衝突・取得時期を機械差分で確定する。
97,スリーパー,hypno,1,エスパー,スリープ → スリーパー,進化先／最終形,DPE-JP Learnsets.c＋ベガ既存表（既存種）,現代化重点監査,特殊寄り,サイコショック / めいそう,進化時に役割技を1つ提示。主力STABはLv36～50、反動・積み・専用大技はLv50～65またはLv1思い出し。,DPE表を土台に、進化前へ過剰な終盤技がある場合は後期へ移動。広範囲高火力サブウェポンはレベル技ではなくTM／教え技に限定。,サイコショック,トリック,ひかりのかべ,専用技がある系統は進化時／Lv1思い出しに固定。戦闘専用フォームは基礎形の習得表を共有。,通常。高威力技はLv45以降、強力な積み技はLv50以降。,最低1つの命中90以上STABを維持し、自爆・テレポート・反動大技だけの直近4技を禁止。高レベル基礎種は中威力技を再挿入。,未収録・追加対象,B,最終統合ROMから現行表を抽出後、同名技の重複・ID衝突・取得時期を機械差分で確定する。
98,クラブ,krabby,1,みず,クラブ → キングラー,基礎形,DPE-JP Learnsets.c＋ベガ既存表（既存種）,ベガ既存表保護＋選択的現代化,両刀・可変,アクアジェット / みずのはどう,安定したタイプ一致技をLv7～15、二段目をLv20～28に配置。進化前限定の補助技は思い出し対象に残す。,ベガ既存の独自技・攻略導線を保持。無関係な高火力サブウェポン、NPC専用の違法技、早期の積み技だけをTM／教え技へ移す。,アクアブレイク,クイックターン,アクアリング,専用技がある系統は進化時／Lv1思い出しに固定。戦闘専用フォームは基礎形の習得表を共有。,通常。高威力技はLv45以降、強力な積み技はLv50以降。,最低1つの命中90以上STABを維持し、自爆・テレポート・反動大技だけの直近4技を禁止。高レベル基礎種は中威力技を再挿入。,既存（トーホク図鑑231）,B-,最終統合ROMから現行表を抽出後、同名技の重複・ID衝突・取得時期を機械差分で確定する。
99,キングラー,kingler,1,みず,クラブ → キングラー,進化先／最終形,DPE-JP Learnsets.c＋ベガ既存表（既存種）,ベガ既存表保護＋選択的現代化,物理アタッカー,たきのぼり / あまごい,進化時に役割技を1つ提示。主力STABはLv36～50、反動・積み・専用大技はLv50～65またはLv1思い出し。,ベガ既存の独自技・攻略導線を保持。無関係な高火力サブウェポン、NPC専用の違法技、早期の積み技だけをTM／教え技へ移す。,アクアブレイク,クイックターン,アクアリング,専用技がある系統は進化時／Lv1思い出しに固定。戦闘専用フォームは基礎形の習得表を共有。,通常。高威力技はLv45以降、強力な積み技はLv50以降。,最低1つの命中90以上STABを維持し、自爆・テレポート・反動大技だけの直近4技を禁止。高レベル基礎種は中威力技を再挿入。,既存（トーホク図鑑232）,B,最終統合ROMから現行表を抽出後、同名技の重複・ID衝突・取得時期を機械差分で確定する。
100,ビリリダマ,voltorb,1,でんき,ビリリダマ → マルマイン,基礎形,DPE-JP Learnsets.c＋ベガ既存表（既存種）,ベガ既存表保護＋選択的現代化,特殊寄り,でんきショック / でんじは,安定したタイプ一致技をLv7～15、二段目をLv20～28に配置。進化前限定の補助技は思い出し対象に残す。,ベガ既存の独自技・攻略導線を保持。無関係な高火力サブウェポン、NPC専用の違法技、早期の積み技だけをTM／教え技へ移す。,ボルトチェンジ,エレキネット,じゅうでん,専用技がある系統は進化時／Lv1思い出しに固定。戦闘専用フォームは基礎形の習得表を共有。,通常。高威力技はLv45以降、強力な積み技はLv50以降。,最低1つの命中90以上STABを維持し、自爆・テレポート・反動大技だけの直近4技を禁止。高レベル基礎種は中威力技を再挿入。,既存（トーホク図鑑223）,B-,最終統合ROMから現行表を抽出後、同名技の重複・ID衝突・取得時期を機械差分で確定する。
101,マルマイン,electrode,1,でんき,ビリリダマ → マルマイン,進化先／最終形,DPE-JP Learnsets.c＋ベガ既存表（既存種）,ベガ既存表保護＋選択的現代化,特殊寄り,かみなり / でんじは,進化時に役割技を1つ提示。主力STABはLv36～50、反動・積み・専用大技はLv50～65またはLv1思い出し。,ベガ既存の独自技・攻略導線を保持。無関係な高火力サブウェポン、NPC専用の違法技、早期の積み技だけをTM／教え技へ移す。,ボルトチェンジ,エレキネット,じゅうでん,専用技がある系統は進化時／Lv1思い出しに固定。戦闘専用フォームは基礎形の習得表を共有。,通常。高威力技はLv45以降、強力な積み技はLv50以降。,最低1つの命中90以上STABを維持し、自爆・テレポート・反動大技だけの直近4技を禁止。高レベル基礎種は中威力技を再挿入。,既存（トーホク図鑑224）,B,最終統合ROMから現行表を抽出後、同名技の重複・ID衝突・取得時期を機械差分で確定する。
102,タマタマ,exeggcute,1,くさ／エスパー,タマタマ → ナッシー,基礎形,DPE-JP Learnsets.c＋ベガ既存表（既存種）,ベガ既存表保護＋選択的現代化,特殊寄り,メガドレイン / やどりぎのタネ / ねんりき / めいそう,安定したタイプ一致技をLv7～15、二段目をLv20～28に配置。進化前限定の補助技は思い出し対象に残す。,ベガ既存の独自技・攻略導線を保持。無関係な高火力サブウェポン、NPC専用の違法技、早期の積み技だけをTM／教え技へ移す。,くさむすび / サイコショック,グラススライダー / トリック,こうごうせい / ひかりのかべ,専用技がある系統は進化時／Lv1思い出しに固定。戦闘専用フォームは基礎形の習得表を共有。,通常。高威力技はLv45以降、強力な積み技はLv50以降。,最低1つの命中90以上STABを維持し、自爆・テレポート・反動大技だけの直近4技を禁止。高レベル基礎種は中威力技を再挿入。,既存（トーホク図鑑066）,B-,最終統合ROMから現行表を抽出後、同名技の重複・ID衝突・取得時期を機械差分で確定する。
103,ナッシー,exeggutor,1,くさ／エスパー,タマタマ → ナッシー,進化先／最終形,DPE-JP Learnsets.c＋ベガ既存表（既存種）,ベガ既存表保護＋選択的現代化,特殊アタッカー,エナジーボール / やどりぎのタネ / サイコショック / めいそう,進化時に役割技を1つ提示。主力STABはLv36～50、反動・積み・専用大技はLv50～65またはLv1思い出し。,ベガ既存の独自技・攻略導線を保持。無関係な高火力サブウェポン、NPC専用の違法技、早期の積み技だけをTM／教え技へ移す。,くさむすび / サイコショック,グラススライダー / トリック,こうごうせい / ひかりのかべ,専用技がある系統は進化時／Lv1思い出しに固定。戦闘専用フォームは基礎形の習得表を共有。,通常。高威力技はLv45以降、強力な積み技はLv50以降。,最低1つの命中90以上STABを維持し、自爆・テレポート・反動大技だけの直近4技を禁止。高レベル基礎種は中威力技を再挿入。,既存（トーホク図鑑067）,B,最終統合ROMから現行表を抽出後、同名技の重複・ID衝突・取得時期を機械差分で確定する。
104,カラカラ,cubone,1,じめん,カラカラ → ガラガラ,基礎形,DPE-JP Learnsets.c＋ベガ既存表（既存種）,現代化重点監査,物理寄り,どろかけ / すなあらし,安定したタイプ一致技をLv7～15、二段目をLv20～28に配置。進化前限定の補助技は思い出し対象に残す。,DPE表を土台に、進化前へ過剰な終盤技がある場合は後期へ移動。広範囲高火力サブウェポンはレベル技ではなくTM／教え技に限定。,じならし,ねっさのだいち,まきびし,専用技がある系統は進化時／Lv1思い出しに固定。戦闘専用フォームは基礎形の習得表を共有。,通常。高威力技はLv45以降、強力な積み技はLv50以降。,最低1つの命中90以上STABを維持し、自爆・テレポート・反動大技だけの直近4技を禁止。高レベル基礎種は中威力技を再挿入。,未収録・追加対象,B-,最終統合ROMから現行表を抽出後、同名技の重複・ID衝突・取得時期を機械差分で確定する。
105,ガラガラ,marowak,1,じめん,カラカラ → ガラガラ,進化先／最終形,DPE-JP Learnsets.c＋ベガ既存表（既存種）,現代化重点監査,物理アタッカー,ホネブーメラン / じしん / すなあらし,進化時に役割技を1つ提示。主力STABはLv36～50、反動・積み・専用大技はLv50～65またはLv1思い出し。,DPE表を土台に、進化前へ過剰な終盤技がある場合は後期へ移動。広範囲高火力サブウェポンはレベル技ではなくTM／教え技に限定。,じならし,ねっさのだいち,まきびし,ホネブーメランを進化時／Lv1思い出しに登録。通常のTM・汎用教え技にはしない。,通常。高威力技はLv45以降、強力な積み技はLv50以降。,最低1つの命中90以上STABを維持し、自爆・テレポート・反動大技だけの直近4技を禁止。高レベル基礎種は中威力技を再挿入。,未収録・追加対象,A,最終統合ROMから現行表を抽出後、同名技の重複・ID衝突・取得時期を機械差分で確定する。
106,サワムラー,hitmonlee,1,かくとう,バルキー → サワムラー → エビワラー → カポエラー,進化先／最終形,DPE-JP Learnsets.c＋ベガ既存表（既存種）,ベガ既存表保護＋選択的現代化,物理アタッカー,インファイト / ビルドアップ,進化時に役割技を1つ提示。主力STABはLv36～50、反動・積み・専用大技はLv50～65またはLv1思い出し。,ベガ既存の独自技・攻略導線を保持。無関係な高火力サブウェポン、NPC専用の違法技、早期の積み技だけをTM／教え技へ移す。,ドレインパンチ,コーチング,みきり,専用技がある系統は進化時／Lv1思い出しに固定。戦闘専用フォームは基礎形の習得表を共有。,通常。高威力技はLv45以降、強力な積み技はLv50以降。,最低1つの命中90以上STABを維持し、自爆・テレポート・反動大技だけの直近4技を禁止。高レベル基礎種は中威力技を再挿入。,既存（トーホク図鑑047）,B,最終統合ROMから現行表を抽出後、同名技の重複・ID衝突・取得時期を機械差分で確定する。
107,エビワラー,hitmonchan,1,かくとう,バルキー → サワムラー → エビワラー → カポエラー,進化先／最終形,DPE-JP Learnsets.c＋ベガ既存表（既存種）,ベガ既存表保護＋選択的現代化,物理アタッカー,インファイト / ビルドアップ,進化時に役割技を1つ提示。主力STABはLv36～50、反動・積み・専用大技はLv50～65またはLv1思い出し。,ベガ既存の独自技・攻略導線を保持。無関係な高火力サブウェポン、NPC専用の違法技、早期の積み技だけをTM／教え技へ移す。,ドレインパンチ,コーチング,みきり,専用技がある系統は進化時／Lv1思い出しに固定。戦闘専用フォームは基礎形の習得表を共有。,通常。高威力技はLv45以降、強力な積み技はLv50以降。,最低1つの命中90以上STABを維持し、自爆・テレポート・反動大技だけの直近4技を禁止。高レベル基礎種は中威力技を再挿入。,既存（トーホク図鑑048）,B,最終統合ROMから現行表を抽出後、同名技の重複・ID衝突・取得時期を機械差分で確定する。
108,ベロリンガ,lickitung,1,ノーマル,ベロリンガ → ベロベルト,基礎形,DPE-JP Learnsets.c＋ベガ既存表（既存種）,ベガ既存表保護＋選択的現代化,物理寄り,ずつき / アンコール,安定したタイプ一致技をLv7～15、二段目をLv20～28に配置。進化前限定の補助技は思い出し対象に残す。,ベガ既存の独自技・攻略導線を保持。無関係な高火力サブウェポン、NPC専用の違法技、早期の積み技だけをTM／教え技へ移す。,まもる,てだすけ,あくび,専用技がある系統は進化時／Lv1思い出しに固定。戦闘専用フォームは基礎形の習得表を共有。,通常。高威力技はLv45以降、強力な積み技はLv50以降。,最低1つの命中90以上STABを維持し、自爆・テレポート・反動大技だけの直近4技を禁止。高レベル基礎種は中威力技を再挿入。,既存（トーホク図鑑270）,B-,最終統合ROMから現行表を抽出後、同名技の重複・ID衝突・取得時期を機械差分で確定する。
109,ドガース,koffing,1,どく,ドガース → マタドガス,基礎形,DPE-JP Learnsets.c＋ベガ既存表（既存種）,ベガ既存表保護＋選択的現代化,補助寄り両刀,どくばり / アシッドボム,安定したタイプ一致技をLv7～15、二段目をLv20～28に配置。進化前限定の補助技は思い出し対象に残す。,ベガ既存の独自技・攻略導線を保持。無関係な高火力サブウェポン、NPC専用の違法技、早期の積み技だけをTM／教え技へ移す。,ベノムショック,ダストシュート,どくびし,専用技がある系統は進化時／Lv1思い出しに固定。戦闘専用フォームは基礎形の習得表を共有。,通常。高威力技はLv45以降、強力な積み技はLv50以降。,最低1つの命中90以上STABを維持し、自爆・テレポート・反動大技だけの直近4技を禁止。高レベル基礎種は中威力技を再挿入。,既存（トーホク図鑑264）,B-,最終統合ROMから現行表を抽出後、同名技の重複・ID衝突・取得時期を機械差分で確定する。
110,マタドガス,weezing,1,どく,ドガース → マタドガス,進化先／最終形,DPE-JP Learnsets.c＋ベガ既存表（既存種）,ベガ既存表保護＋選択的現代化,補助寄り両刀,ヘドロばくだん / どくどく / どくびし,進化時に役割技を1つ提示。主力STABはLv36～50、反動・積み・専用大技はLv50～65またはLv1思い出し。,ベガ既存の独自技・攻略導線を保持。無関係な高火力サブウェポン、NPC専用の違法技、早期の積み技だけをTM／教え技へ移す。,ベノムショック,ダストシュート,どくびし,専用技がある系統は進化時／Lv1思い出しに固定。戦闘専用フォームは基礎形の習得表を共有。,通常。高威力技はLv45以降、強力な積み技はLv50以降。,最低1つの命中90以上STABを維持し、自爆・テレポート・反動大技だけの直近4技を禁止。高レベル基礎種は中威力技を再挿入。,既存（トーホク図鑑265）,B,最終統合ROMから現行表を抽出後、同名技の重複・ID衝突・取得時期を機械差分で確定する。
111,サイホーン,rhyhorn,1,じめん／いわ,サイホーン → サイドン → ドサイドン,基礎形,DPE-JP Learnsets.c＋ベガ既存表（既存種）,ベガ既存表保護＋選択的現代化,物理寄り,どろかけ / すなあらし / いわおとし / ステルスロック,安定したタイプ一致技をLv7～15、二段目をLv20～28に配置。進化前限定の補助技は思い出し対象に残す。,ベガ既存の独自技・攻略導線を保持。無関係な高火力サブウェポン、NPC専用の違法技、早期の積み技だけをTM／教え技へ移す。,じならし / ステルスロック,ねっさのだいち / メテオビーム,まきびし / すなあらし,専用技がある系統は進化時／Lv1思い出しに固定。戦闘専用フォームは基礎形の習得表を共有。,通常。高威力技はLv45以降、強力な積み技はLv50以降。,最低1つの命中90以上STABを維持し、自爆・テレポート・反動大技だけの直近4技を禁止。高レベル基礎種は中威力技を再挿入。,既存（トーホク図鑑071）,B-,最終統合ROMから現行表を抽出後、同名技の重複・ID衝突・取得時期を機械差分で確定する。
112,サイドン,rhydon,1,じめん／いわ,サイホーン → サイドン → ドサイドン,中間進化,DPE-JP Learnsets.c＋ベガ既存表（既存種）,ベガ既存表保護＋選択的現代化,物理アタッカー,じならし / すなあらし / いわなだれ / ステルスロック,中威力STABをLv22～35、役割補助技を進化時またはLv30前後に配置。最終大技は先送り。,ベガ既存の独自技・攻略導線を保持。無関係な高火力サブウェポン、NPC専用の違法技、早期の積み技だけをTM／教え技へ移す。,じならし / ステルスロック,ねっさのだいち / メテオビーム,まきびし / すなあらし,専用技がある系統は進化時／Lv1思い出しに固定。戦闘専用フォームは基礎形の習得表を共有。,通常。高威力技はLv45以降、強力な積み技はLv50以降。,最低1つの命中90以上STABを維持し、自爆・テレポート・反動大技だけの直近4技を禁止。高レベル基礎種は中威力技を再挿入。,既存（トーホク図鑑072）,B,最終統合ROMから現行表を抽出後、同名技の重複・ID衝突・取得時期を機械差分で確定する。
113,ラッキー,chansey,1,ノーマル,ピンプク → ラッキー → ハピナス,中間進化,DPE-JP Learnsets.c＋ベガ既存表（既存種）,ベガ既存表保護＋選択的現代化,耐久・補助,のしかかり / ハイパーボイス,中威力STABをLv22～35、役割補助技を進化時またはLv30前後に配置。最終大技は先送り。,ベガ既存の独自技・攻略導線を保持。無関係な高火力サブウェポン、NPC専用の違法技、早期の積み技だけをTM／教え技へ移す。,まもる,てだすけ,あくび,専用技がある系統は進化時／Lv1思い出しに固定。戦闘専用フォームは基礎形の習得表を共有。,通常。高威力技はLv45以降、強力な積み技はLv50以降。,最低1つの命中90以上STABを維持し、自爆・テレポート・反動大技だけの直近4技を禁止。高レベル基礎種は中威力技を再挿入。,既存（トーホク図鑑288）,A,最終統合ROMから現行表を抽出後、同名技の重複・ID衝突・取得時期を機械差分で確定する。
114,モンジャラ,tangela,1,くさ,モンジャラ → モジャンボ,基礎形,DPE-JP Learnsets.c＋ベガ既存表（既存種）,現代化重点監査,特殊寄り,メガドレイン / やどりぎのタネ,安定したタイプ一致技をLv7～15、二段目をLv20～28に配置。進化前限定の補助技は思い出し対象に残す。,DPE表を土台に、進化前へ過剰な終盤技がある場合は後期へ移動。広範囲高火力サブウェポンはレベル技ではなくTM／教え技に限定。,くさむすび,グラススライダー,こうごうせい,専用技がある系統は進化時／Lv1思い出しに固定。戦闘専用フォームは基礎形の習得表を共有。,通常。高威力技はLv45以降、強力な積み技はLv50以降。,最低1つの命中90以上STABを維持し、自爆・テレポート・反動大技だけの直近4技を禁止。高レベル基礎種は中威力技を再挿入。,未収録・追加対象,B-,最終統合ROMから現行表を抽出後、同名技の重複・ID衝突・取得時期を機械差分で確定する。
115,ガルーラ,kangaskhan,1,ノーマル,ガルーラ,基礎形,DPE-JP Learnsets.c＋ベガ既存表（既存種）,ベガ既存表保護＋選択的現代化,物理アタッカー,ずつき / アンコール,安定したタイプ一致技をLv7～15、二段目をLv20～28に配置。進化前限定の補助技は思い出し対象に残す。,ベガ既存の独自技・攻略導線を保持。無関係な高火力サブウェポン、NPC専用の違法技、早期の積み技だけをTM／教え技へ移す。,まもる,てだすけ,あくび,専用技がある系統は進化時／Lv1思い出しに固定。戦闘専用フォームは基礎形の習得表を共有。,通常。高威力技はLv45以降、強力な積み技はLv50以降。,最低1つの命中90以上STABを維持し、自爆・テレポート・反動大技だけの直近4技を禁止。高レベル基礎種は中威力技を再挿入。,既存（トーホク図鑑118）,B-,最終統合ROMから現行表を抽出後、同名技の重複・ID衝突・取得時期を機械差分で確定する。
116,タッツー,horsea,1,みず,タッツー → シードラ → キングドラ,基礎形,DPE-JP Learnsets.c＋ベガ既存表（既存種）,現代化重点監査,両刀・可変,アクアジェット / みずのはどう,安定したタイプ一致技をLv7～15、二段目をLv20～28に配置。進化前限定の補助技は思い出し対象に残す。,DPE表を土台に、進化前へ過剰な終盤技がある場合は後期へ移動。広範囲高火力サブウェポンはレベル技ではなくTM／教え技に限定。,アクアブレイク,クイックターン,アクアリング,専用技がある系統は進化時／Lv1思い出しに固定。戦闘専用フォームは基礎形の習得表を共有。,通常。高威力技はLv45以降、強力な積み技はLv50以降。,最低1つの命中90以上STABを維持し、自爆・テレポート・反動大技だけの直近4技を禁止。高レベル基礎種は中威力技を再挿入。,未収録・追加対象,B-,最終統合ROMから現行表を抽出後、同名技の重複・ID衝突・取得時期を機械差分で確定する。
117,シードラ,seadra,1,みず,タッツー → シードラ → キングドラ,中間進化,DPE-JP Learnsets.c＋ベガ既存表（既存種）,現代化重点監査,両刀・可変,アクアブレイク / なみのり,中威力STABをLv22～35、役割補助技を進化時またはLv30前後に配置。最終大技は先送り。,DPE表を土台に、進化前へ過剰な終盤技がある場合は後期へ移動。広範囲高火力サブウェポンはレベル技ではなくTM／教え技に限定。,アクアブレイク,クイックターン,アクアリング,専用技がある系統は進化時／Lv1思い出しに固定。戦闘専用フォームは基礎形の習得表を共有。,通常。高威力技はLv45以降、強力な積み技はLv50以降。,最低1つの命中90以上STABを維持し、自爆・テレポート・反動大技だけの直近4技を禁止。高レベル基礎種は中威力技を再挿入。,未収録・追加対象,B,最終統合ROMから現行表を抽出後、同名技の重複・ID衝突・取得時期を機械差分で確定する。
118,トサキント,goldeen,1,みず,トサキント → アズマオウ,基礎形,DPE-JP Learnsets.c＋ベガ既存表（既存種）,現代化重点監査,両刀・可変,アクアジェット / みずのはどう,安定したタイプ一致技をLv7～15、二段目をLv20～28に配置。進化前限定の補助技は思い出し対象に残す。,DPE表を土台に、進化前へ過剰な終盤技がある場合は後期へ移動。広範囲高火力サブウェポンはレベル技ではなくTM／教え技に限定。,アクアブレイク,クイックターン,アクアリング,専用技がある系統は進化時／Lv1思い出しに固定。戦闘専用フォームは基礎形の習得表を共有。,通常。高威力技はLv45以降、強力な積み技はLv50以降。,最低1つの命中90以上STABを維持し、自爆・テレポート・反動大技だけの直近4技を禁止。高レベル基礎種は中威力技を再挿入。,未収録・追加対象,B-,最終統合ROMから現行表を抽出後、同名技の重複・ID衝突・取得時期を機械差分で確定する。
119,アズマオウ,seaking,1,みず,トサキント → アズマオウ,進化先／最終形,DPE-JP Learnsets.c＋ベガ既存表（既存種）,現代化重点監査,両刀・可変,アクアブレイク / なみのり / あまごい,進化時に役割技を1つ提示。主力STABはLv36～50、反動・積み・専用大技はLv50～65またはLv1思い出し。,DPE表を土台に、進化前へ過剰な終盤技がある場合は後期へ移動。広範囲高火力サブウェポンはレベル技ではなくTM／教え技に限定。,アクアブレイク,クイックターン,アクアリング,専用技がある系統は進化時／Lv1思い出しに固定。戦闘専用フォームは基礎形の習得表を共有。,通常。高威力技はLv45以降、強力な積み技はLv50以降。,最低1つの命中90以上STABを維持し、自爆・テレポート・反動大技だけの直近4技を禁止。高レベル基礎種は中威力技を再挿入。,未収録・追加対象,B,最終統合ROMから現行表を抽出後、同名技の重複・ID衝突・取得時期を機械差分で確定する。
120,ヒトデマン,staryu,1,みず,ヒトデマン → スターミー,基礎形,DPE-JP Learnsets.c＋ベガ既存表（既存種）,ベガ既存表保護＋選択的現代化,両刀・可変,アクアジェット / みずのはどう,安定したタイプ一致技をLv7～15、二段目をLv20～28に配置。進化前限定の補助技は思い出し対象に残す。,ベガ既存の独自技・攻略導線を保持。無関係な高火力サブウェポン、NPC専用の違法技、早期の積み技だけをTM／教え技へ移す。,アクアブレイク,クイックターン,アクアリング,専用技がある系統は進化時／Lv1思い出しに固定。戦闘専用フォームは基礎形の習得表を共有。,通常。高威力技はLv45以降、強力な積み技はLv50以降。,最低1つの命中90以上STABを維持し、自爆・テレポート・反動大技だけの直近4技を禁止。高レベル基礎種は中威力技を再挿入。,既存（トーホク図鑑061）,B-,最終統合ROMから現行表を抽出後、同名技の重複・ID衝突・取得時期を機械差分で確定する。
121,スターミー,starmie,1,みず／エスパー,ヒトデマン → スターミー,進化先／最終形,DPE-JP Learnsets.c＋ベガ既存表（既存種）,ベガ既存表保護＋選択的現代化,特殊アタッカー,ハイドロポンプ / あまごい / サイコショック / めいそう,進化時に役割技を1つ提示。主力STABはLv36～50、反動・積み・専用大技はLv50～65またはLv1思い出し。,ベガ既存の独自技・攻略導線を保持。無関係な高火力サブウェポン、NPC専用の違法技、早期の積み技だけをTM／教え技へ移す。,アクアブレイク / サイコショック,クイックターン / トリック,アクアリング / ひかりのかべ,専用技がある系統は進化時／Lv1思い出しに固定。戦闘専用フォームは基礎形の習得表を共有。,通常。高威力技はLv45以降、強力な積み技はLv50以降。,最低1つの命中90以上STABを維持し、自爆・テレポート・反動大技だけの直近4技を禁止。高レベル基礎種は中威力技を再挿入。,既存（トーホク図鑑062）,B,最終統合ROMから現行表を抽出後、同名技の重複・ID衝突・取得時期を機械差分で確定する。
122,バリヤード,mr-mime,1,エスパー／フェアリー,マネネ → バリヤード → バリコオル,中間進化,DPE-JP Learnsets.c＋ベガ既存表（既存種）,現代化重点監査,特殊寄り,サイコキネシス / めいそう / マジカルシャイン / あまえる,中威力STABをLv22～35、役割補助技を進化時またはLv30前後に配置。最終大技は先送り。,DPE表を土台に、進化前へ過剰な終盤技がある場合は後期へ移動。広範囲高火力サブウェポンはレベル技ではなくTM／教え技に限定。,サイコショック / マジカルシャイン,トリック / ミストバースト,ひかりのかべ / ミストフィールド,専用技がある系統は進化時／Lv1思い出しに固定。戦闘専用フォームは基礎形の習得表を共有。,通常。高威力技はLv45以降、強力な積み技はLv50以降。,最低1つの命中90以上STABを維持し、自爆・テレポート・反動大技だけの直近4技を禁止。高レベル基礎種は中威力技を再挿入。,未収録・追加対象,B,最終統合ROMから現行表を抽出後、同名技の重複・ID衝突・取得時期を機械差分で確定する。
123,ストライク,scyther,1,むし／ひこう,ストライク → ハッサム → バサギリ,基礎形,DPE-JP Learnsets.c＋ベガ既存表（既存種）,ベガ既存表保護＋選択的現代化,物理アタッカー,むしくい / ねばねばネット / つばさでうつ / おいかぜ,安定したタイプ一致技をLv7～15、二段目をLv20～28に配置。進化前限定の補助技は思い出し対象に残す。,ベガ既存の独自技・攻略導線を保持。無関係な高火力サブウェポン、NPC専用の違法技、早期の積み技だけをTM／教え技へ移す。,とんぼがえり / アクロバット,むしくい / おいかぜ,いとをはく / はねやすめ,専用技がある系統は進化時／Lv1思い出しに固定。戦闘専用フォームは基礎形の習得表を共有。,通常。高威力技はLv45以降、強力な積み技はLv50以降。,最低1つの命中90以上STABを維持し、自爆・テレポート・反動大技だけの直近4技を禁止。高レベル基礎種は中威力技を再挿入。,既存（トーホク図鑑257）,B-,最終統合ROMから現行表を抽出後、同名技の重複・ID衝突・取得時期を機械差分で確定する。
124,ルージュラ,jynx,1,こおり／エスパー,ムチュール → ルージュラ,進化先／最終形,DPE-JP Learnsets.c＋ベガ既存表（既存種）,ベガ既存表保護＋選択的現代化,特殊アタッカー,ふぶき / ゆきげしき / サイコショック / めいそう,進化時に役割技を1つ提示。主力STABはLv36～50、反動・積み・専用大技はLv50～65またはLv1思い出し。,ベガ既存の独自技・攻略導線を保持。無関係な高火力サブウェポン、NPC専用の違法技、早期の積み技だけをTM／教え技へ移す。,アイススピナー / サイコショック,トリプルアクセル / トリック,オーロラベール / ひかりのかべ,専用技がある系統は進化時／Lv1思い出しに固定。戦闘専用フォームは基礎形の習得表を共有。,通常。高威力技はLv45以降、強力な積み技はLv50以降。,最低1つの命中90以上STABを維持し、自爆・テレポート・反動大技だけの直近4技を禁止。高レベル基礎種は中威力技を再挿入。,既存（トーホク図鑑185）,B,最終統合ROMから現行表を抽出後、同名技の重複・ID衝突・取得時期を機械差分で確定する。
125,エレブー,electabuzz,1,でんき,エレキッド → エレブー → エレキブル,中間進化,DPE-JP Learnsets.c＋ベガ既存表（既存種）,ベガ既存表保護＋選択的現代化,特殊アタッカー,10まんボルト / でんじは,中威力STABをLv22～35、役割補助技を進化時またはLv30前後に配置。最終大技は先送り。,ベガ既存の独自技・攻略導線を保持。無関係な高火力サブウェポン、NPC専用の違法技、早期の積み技だけをTM／教え技へ移す。,ボルトチェンジ,エレキネット,じゅうでん,専用技がある系統は進化時／Lv1思い出しに固定。戦闘専用フォームは基礎形の習得表を共有。,通常。高威力技はLv45以降、強力な積み技はLv50以降。,最低1つの命中90以上STABを維持し、自爆・テレポート・反動大技だけの直近4技を禁止。高レベル基礎種は中威力技を再挿入。,既存（トーホク図鑑113）,B,最終統合ROMから現行表を抽出後、同名技の重複・ID衝突・取得時期を機械差分で確定する。
126,ブーバー,magmar,1,ほのお,ブビィ → ブーバー → ブーバーン,中間進化,DPE-JP Learnsets.c＋ベガ既存表（既存種）,ベガ既存表保護＋選択的現代化,特殊アタッカー,かえんほうしゃ / おにび,中威力STABをLv22～35、役割補助技を進化時またはLv30前後に配置。最終大技は先送り。,ベガ既存の独自技・攻略導線を保持。無関係な高火力サブウェポン、NPC専用の違法技、早期の積み技だけをTM／教え技へ移す。,かえんほうしゃ,ねっぷう,にほんばれ,専用技がある系統は進化時／Lv1思い出しに固定。戦闘専用フォームは基礎形の習得表を共有。,通常。高威力技はLv45以降、強力な積み技はLv50以降。,最低1つの命中90以上STABを維持し、自爆・テレポート・反動大技だけの直近4技を禁止。高レベル基礎種は中威力技を再挿入。,既存（トーホク図鑑116）,B,最終統合ROMから現行表を抽出後、同名技の重複・ID衝突・取得時期を機械差分で確定する。
127,カイロス,pinsir,1,むし,カイロス,基礎形,DPE-JP Learnsets.c＋ベガ既存表（既存種）,ベガ既存表保護＋選択的現代化,物理アタッカー,むしくい / ねばねばネット,安定したタイプ一致技をLv7～15、二段目をLv20～28に配置。進化前限定の補助技は思い出し対象に残す。,ベガ既存の独自技・攻略導線を保持。無関係な高火力サブウェポン、NPC専用の違法技、早期の積み技だけをTM／教え技へ移す。,とんぼがえり,むしくい,いとをはく,専用技がある系統は進化時／Lv1思い出しに固定。戦闘専用フォームは基礎形の習得表を共有。,通常。高威力技はLv45以降、強力な積み技はLv50以降。,最低1つの命中90以上STABを維持し、自爆・テレポート・反動大技だけの直近4技を禁止。高レベル基礎種は中威力技を再挿入。,既存（トーホク図鑑259）,B-,最終統合ROMから現行表を抽出後、同名技の重複・ID衝突・取得時期を機械差分で確定する。
128,ケンタロス,tauros,1,ノーマル,ケンタロス,基礎形,DPE-JP Learnsets.c＋ベガ既存表（既存種）,ベガ既存表保護＋選択的現代化,物理アタッカー,ずつき / アンコール,安定したタイプ一致技をLv7～15、二段目をLv20～28に配置。進化前限定の補助技は思い出し対象に残す。,ベガ既存の独自技・攻略導線を保持。無関係な高火力サブウェポン、NPC専用の違法技、早期の積み技だけをTM／教え技へ移す。,まもる,てだすけ,あくび,専用技がある系統は進化時／Lv1思い出しに固定。戦闘専用フォームは基礎形の習得表を共有。,通常。高威力技はLv45以降、強力な積み技はLv50以降。,最低1つの命中90以上STABを維持し、自爆・テレポート・反動大技だけの直近4技を禁止。高レベル基礎種は中威力技を再挿入。,既存（トーホク図鑑203）,B-,最終統合ROMから現行表を抽出後、同名技の重複・ID衝突・取得時期を機械差分で確定する。
129,コイキング,magikarp,1,みず,コイキング → ギャラドス,基礎形,DPE-JP Learnsets.c＋ベガ既存表（既存種）,現代化重点監査,両刀・可変,アクアジェット / みずのはどう,安定したタイプ一致技をLv7～15、二段目をLv20～28に配置。進化前限定の補助技は思い出し対象に残す。,DPE表を土台に、進化前へ過剰な終盤技がある場合は後期へ移動。広範囲高火力サブウェポンはレベル技ではなくTM／教え技に限定。,アクアブレイク,クイックターン,アクアリング,専用技がある系統は進化時／Lv1思い出しに固定。戦闘専用フォームは基礎形の習得表を共有。,通常。高威力技はLv45以降、強力な積み技はLv50以降。,最低1つの命中90以上STABを維持し、自爆・テレポート・反動大技だけの直近4技を禁止。高レベル基礎種は中威力技を再挿入。,未収録・追加対象,B-,最終統合ROMから現行表を抽出後、同名技の重複・ID衝突・取得時期を機械差分で確定する。
130,ギャラドス,gyarados,1,みず／ひこう,コイキング → ギャラドス,進化先／最終形,DPE-JP Learnsets.c＋ベガ既存表（既存種）,現代化重点監査,物理アタッカー,たきのぼり / あまごい / ブレイブバード / おいかぜ,進化時に役割技を1つ提示。主力STABはLv36～50、反動・積み・専用大技はLv50～65またはLv1思い出し。,DPE表を土台に、進化前へ過剰な終盤技がある場合は後期へ移動。広範囲高火力サブウェポンはレベル技ではなくTM／教え技に限定。,アクアブレイク / アクロバット,クイックターン / おいかぜ,アクアリング / はねやすめ,専用技がある系統は進化時／Lv1思い出しに固定。戦闘専用フォームは基礎形の習得表を共有。,通常。高威力技はLv45以降、強力な積み技はLv50以降。,最低1つの命中90以上STABを維持し、自爆・テレポート・反動大技だけの直近4技を禁止。高レベル基礎種は中威力技を再挿入。,未収録・追加対象,B,最終統合ROMから現行表を抽出後、同名技の重複・ID衝突・取得時期を機械差分で確定する。
131,ラプラス,lapras,1,みず／こおり,ラプラス,基礎形,DPE-JP Learnsets.c＋ベガ既存表（既存種）,ベガ既存表保護＋選択的現代化,特殊アタッカー,みずのはどう / あまごい / こごえるかぜ / ゆきげしき,安定したタイプ一致技をLv7～15、二段目をLv20～28に配置。進化前限定の補助技は思い出し対象に残す。,ベガ既存の独自技・攻略導線を保持。無関係な高火力サブウェポン、NPC専用の違法技、早期の積み技だけをTM／教え技へ移す。,アクアブレイク / アイススピナー,クイックターン / トリプルアクセル,アクアリング / オーロラベール,専用技がある系統は進化時／Lv1思い出しに固定。戦闘専用フォームは基礎形の習得表を共有。,通常。高威力技はLv45以降、強力な積み技はLv50以降。,最低1つの命中90以上STABを維持し、自爆・テレポート・反動大技だけの直近4技を禁止。高レベル基礎種は中威力技を再挿入。,既存（トーホク図鑑340）,B-,最終統合ROMから現行表を抽出後、同名技の重複・ID衝突・取得時期を機械差分で確定する。
132,メタモン,ditto,1,ノーマル,メタモン,基礎形,DPE-JP Learnsets.c＋ベガ既存表（既存種）,ベガ既存表保護＋選択的現代化,物理寄り,ずつき / アンコール,安定したタイプ一致技をLv7～15、二段目をLv20～28に配置。進化前限定の補助技は思い出し対象に残す。,ベガ既存の独自技・攻略導線を保持。無関係な高火力サブウェポン、NPC専用の違法技、早期の積み技だけをTM／教え技へ移す。,まもる,てだすけ,あくび,専用技がある系統は進化時／Lv1思い出しに固定。戦闘専用フォームは基礎形の習得表を共有。,通常。高威力技はLv45以降、強力な積み技はLv50以降。,最低1つの命中90以上STABを維持し、自爆・テレポート・反動大技だけの直近4技を禁止。高レベル基礎種は中威力技を再挿入。,既存（トーホク図鑑183）,A,最終統合ROMから現行表を抽出後、同名技の重複・ID衝突・取得時期を機械差分で確定する。
133,イーブイ,eevee,1,ノーマル,イーブイ → シャワーズ → サンダース → ブースター → エーフィ → ブラッキー → リーフィア → グレイシア → ニンフィア,基礎形,DPE-JP Learnsets.c＋ベガ既存表（既存種）,現代化重点監査,物理寄り,ずつき / アンコール,安定したタイプ一致技をLv7～15、二段目をLv20～28に配置。進化前限定の補助技は思い出し対象に残す。,DPE表を土台に、進化前へ過剰な終盤技がある場合は後期へ移動。広範囲高火力サブウェポンはレベル技ではなくTM／教え技に限定。,まもる,てだすけ,あくび,とっておきを進化時／Lv1思い出しに登録。通常のTM・汎用教え技にはしない。,通常。高威力技はLv45以降、強力な積み技はLv50以降。,最低1つの命中90以上STABを維持し、自爆・テレポート・反動大技だけの直近4技を禁止。高レベル基礎種は中威力技を再挿入。,未収録・追加対象,A,最終統合ROMから現行表を抽出後、同名技の重複・ID衝突・取得時期を機械差分で確定する。
134,シャワーズ,vaporeon,1,みず,イーブイ → シャワーズ → サンダース → ブースター → エーフィ → ブラッキー → リーフィア → グレイシア → ニンフィア,進化先／最終形,DPE-JP Learnsets.c＋ベガ既存表（既存種）,現代化重点監査,特殊アタッカー,ハイドロポンプ / あまごい,進化時に役割技を1つ提示。主力STABはLv36～50、反動・積み・専用大技はLv50～65またはLv1思い出し。,DPE表を土台に、進化前へ過剰な終盤技がある場合は後期へ移動。広範囲高火力サブウェポンはレベル技ではなくTM／教え技に限定。,アクアブレイク,クイックターン,アクアリング,専用技がある系統は進化時／Lv1思い出しに固定。戦闘専用フォームは基礎形の習得表を共有。,通常。高威力技はLv45以降、強力な積み技はLv50以降。,最低1つの命中90以上STABを維持し、自爆・テレポート・反動大技だけの直近4技を禁止。高レベル基礎種は中威力技を再挿入。,未収録・追加対象,B,最終統合ROMから現行表を抽出後、同名技の重複・ID衝突・取得時期を機械差分で確定する。
135,サンダース,jolteon,1,でんき,イーブイ → シャワーズ → サンダース → ブースター → エーフィ → ブラッキー → リーフィア → グレイシア → ニンフィア,進化先／最終形,DPE-JP Learnsets.c＋ベガ既存表（既存種）,現代化重点監査,特殊アタッカー,かみなり / でんじは,進化時に役割技を1つ提示。主力STABはLv36～50、反動・積み・専用大技はLv50～65またはLv1思い出し。,DPE表を土台に、進化前へ過剰な終盤技がある場合は後期へ移動。広範囲高火力サブウェポンはレベル技ではなくTM／教え技に限定。,ボルトチェンジ,エレキネット,じゅうでん,専用技がある系統は進化時／Lv1思い出しに固定。戦闘専用フォームは基礎形の習得表を共有。,通常。高威力技はLv45以降、強力な積み技はLv50以降。,最低1つの命中90以上STABを維持し、自爆・テレポート・反動大技だけの直近4技を禁止。高レベル基礎種は中威力技を再挿入。,未収録・追加対象,B,最終統合ROMから現行表を抽出後、同名技の重複・ID衝突・取得時期を機械差分で確定する。
136,ブースター,flareon,1,ほのお,イーブイ → シャワーズ → サンダース → ブースター → エーフィ → ブラッキー → リーフィア → グレイシア → ニンフィア,進化先／最終形,DPE-JP Learnsets.c＋ベガ既存表（既存種）,現代化重点監査,物理アタッカー,フレアドライブ / おにび,進化時に役割技を1つ提示。主力STABはLv36～50、反動・積み・専用大技はLv50～65またはLv1思い出し。,DPE表を土台に、進化前へ過剰な終盤技がある場合は後期へ移動。広範囲高火力サブウェポンはレベル技ではなくTM／教え技に限定。,かえんほうしゃ,ねっぷう,にほんばれ,専用技がある系統は進化時／Lv1思い出しに固定。戦闘専用フォームは基礎形の習得表を共有。,通常。高威力技はLv45以降、強力な積み技はLv50以降。,最低1つの命中90以上STABを維持し、自爆・テレポート・反動大技だけの直近4技を禁止。高レベル基礎種は中威力技を再挿入。,未収録・追加対象,B,最終統合ROMから現行表を抽出後、同名技の重複・ID衝突・取得時期を機械差分で確定する。
137,ポリゴン,porygon,1,ノーマル,ポリゴン → ポリゴン２ → ポリゴンＺ,基礎形,DPE-JP Learnsets.c＋ベガ既存表（既存種）,ベガ既存表保護＋選択的現代化,物理寄り,ずつき / アンコール,安定したタイプ一致技をLv7～15、二段目をLv20～28に配置。進化前限定の補助技は思い出し対象に残す。,ベガ既存の独自技・攻略導線を保持。無関係な高火力サブウェポン、NPC専用の違法技、早期の積み技だけをTM／教え技へ移す。,まもる,てだすけ,あくび,専用技がある系統は進化時／Lv1思い出しに固定。戦闘専用フォームは基礎形の習得表を共有。,通常。高威力技はLv45以降、強力な積み技はLv50以降。,最低1つの命中90以上STABを維持し、自爆・テレポート・反動大技だけの直近4技を禁止。高レベル基礎種は中威力技を再挿入。,既存（トーホク図鑑075）,B-,最終統合ROMから現行表を抽出後、同名技の重複・ID衝突・取得時期を機械差分で確定する。
138,オムナイト,omanyte,1,いわ／みず,オムナイト → オムスター,基礎形,DPE-JP Learnsets.c＋ベガ既存表（既存種）,現代化重点監査,物理寄り,いわおとし / ステルスロック / アクアジェット / あまごい,安定したタイプ一致技をLv7～15、二段目をLv20～28に配置。進化前限定の補助技は思い出し対象に残す。,DPE表を土台に、進化前へ過剰な終盤技がある場合は後期へ移動。広範囲高火力サブウェポンはレベル技ではなくTM／教え技に限定。,ステルスロック / アクアブレイク,メテオビーム / クイックターン,すなあらし / アクアリング,専用技がある系統は進化時／Lv1思い出しに固定。戦闘専用フォームは基礎形の習得表を共有。,通常。高威力技はLv45以降、強力な積み技はLv50以降。,最低1つの命中90以上STABを維持し、自爆・テレポート・反動大技だけの直近4技を禁止。高レベル基礎種は中威力技を再挿入。,未収録・追加対象,B-,最終統合ROMから現行表を抽出後、同名技の重複・ID衝突・取得時期を機械差分で確定する。
139,オムスター,omastar,1,いわ／みず,オムナイト → オムスター,進化先／最終形,DPE-JP Learnsets.c＋ベガ既存表（既存種）,現代化重点監査,特殊アタッカー,メテオビーム / ステルスロック / ハイドロポンプ / あまごい,進化時に役割技を1つ提示。主力STABはLv36～50、反動・積み・専用大技はLv50～65またはLv1思い出し。,DPE表を土台に、進化前へ過剰な終盤技がある場合は後期へ移動。広範囲高火力サブウェポンはレベル技ではなくTM／教え技に限定。,ステルスロック / アクアブレイク,メテオビーム / クイックターン,すなあらし / アクアリング,専用技がある系統は進化時／Lv1思い出しに固定。戦闘専用フォームは基礎形の習得表を共有。,殿堂入り後教え技。パワフルハーブとの組合せを施設で検証,最低1つの命中90以上STABを維持し、自爆・テレポート・反動大技だけの直近4技を禁止。高レベル基礎種は中威力技を再挿入。,未収録・追加対象,B,最終統合ROMから現行表を抽出後、同名技の重複・ID衝突・取得時期を機械差分で確定する。
140,カブト,kabuto,1,いわ／みず,カブト → カブトプス,基礎形,DPE-JP Learnsets.c＋ベガ既存表（既存種）,現代化重点監査,物理寄り,いわおとし / ステルスロック / アクアジェット / あまごい,安定したタイプ一致技をLv7～15、二段目をLv20～28に配置。進化前限定の補助技は思い出し対象に残す。,DPE表を土台に、進化前へ過剰な終盤技がある場合は後期へ移動。広範囲高火力サブウェポンはレベル技ではなくTM／教え技に限定。,ステルスロック / アクアブレイク,メテオビーム / クイックターン,すなあらし / アクアリング,専用技がある系統は進化時／Lv1思い出しに固定。戦闘専用フォームは基礎形の習得表を共有。,通常。高威力技はLv45以降、強力な積み技はLv50以降。,最低1つの命中90以上STABを維持し、自爆・テレポート・反動大技だけの直近4技を禁止。高レベル基礎種は中威力技を再挿入。,未収録・追加対象,B-,最終統合ROMから現行表を抽出後、同名技の重複・ID衝突・取得時期を機械差分で確定する。
141,カブトプス,kabutops,1,いわ／みず,カブト → カブトプス,進化先／最終形,DPE-JP Learnsets.c＋ベガ既存表（既存種）,現代化重点監査,物理アタッカー,ストーンエッジ / ステルスロック / たきのぼり / あまごい,進化時に役割技を1つ提示。主力STABはLv36～50、反動・積み・専用大技はLv50～65またはLv1思い出し。,DPE表を土台に、進化前へ過剰な終盤技がある場合は後期へ移動。広範囲高火力サブウェポンはレベル技ではなくTM／教え技に限定。,ステルスロック / アクアブレイク,メテオビーム / クイックターン,すなあらし / アクアリング,専用技がある系統は進化時／Lv1思い出しに固定。戦闘専用フォームは基礎形の習得表を共有。,通常。高威力技はLv45以降、強力な積み技はLv50以降。,最低1つの命中90以上STABを維持し、自爆・テレポート・反動大技だけの直近4技を禁止。高レベル基礎種は中威力技を再挿入。,未収録・追加対象,B,最終統合ROMから現行表を抽出後、同名技の重複・ID衝突・取得時期を機械差分で確定する。
142,プテラ,aerodactyl,1,いわ／ひこう,プテラ,基礎形,DPE-JP Learnsets.c＋ベガ既存表（既存種）,ベガ既存表保護＋選択的現代化,物理アタッカー,いわおとし / ステルスロック / つばさでうつ / おいかぜ,安定したタイプ一致技をLv7～15、二段目をLv20～28に配置。進化前限定の補助技は思い出し対象に残す。,ベガ既存の独自技・攻略導線を保持。無関係な高火力サブウェポン、NPC専用の違法技、早期の積み技だけをTM／教え技へ移す。,ステルスロック / アクロバット,メテオビーム / おいかぜ,すなあらし / はねやすめ,専用技がある系統は進化時／Lv1思い出しに固定。戦闘専用フォームは基礎形の習得表を共有。,通常。高威力技はLv45以降、強力な積み技はLv50以降。,最低1つの命中90以上STABを維持し、自爆・テレポート・反動大技だけの直近4技を禁止。高レベル基礎種は中威力技を再挿入。,既存（トーホク図鑑123）,B-,最終統合ROMから現行表を抽出後、同名技の重複・ID衝突・取得時期を機械差分で確定する。
143,カビゴン,snorlax,1,ノーマル,ゴンベ → カビゴン,進化先／最終形,DPE-JP Learnsets.c＋ベガ既存表（既存種）,現代化重点監査,物理アタッカー,すてみタックル / アンコール,進化時に役割技を1つ提示。主力STABはLv36～50、反動・積み・専用大技はLv50～65またはLv1思い出し。,DPE表を土台に、進化前へ過剰な終盤技がある場合は後期へ移動。広範囲高火力サブウェポンはレベル技ではなくTM／教え技に限定。,まもる,てだすけ,あくび,専用技がある系統は進化時／Lv1思い出しに固定。戦闘専用フォームは基礎形の習得表を共有。,通常。高威力技はLv45以降、強力な積み技はLv50以降。,最低1つの命中90以上STABを維持し、自爆・テレポート・反動大技だけの直近4技を禁止。高レベル基礎種は中威力技を再挿入。,未収録・追加対象,B,最終統合ROMから現行表を抽出後、同名技の重複・ID衝突・取得時期を機械差分で確定する。
144,フリーザー,articuno,1,こおり／ひこう,フリーザー,基礎形,DPE-JP Learnsets.c＋ベガ既存表（既存種）,ベガ既存表保護＋選択的現代化,特殊アタッカー,こごえるかぜ / ゆきげしき / かぜおこし / おいかぜ,安定したタイプ一致技をLv7～15、二段目をLv20～28に配置。進化前限定の補助技は思い出し対象に残す。,ベガ既存の独自技・攻略導線を保持。無関係な高火力サブウェポン、NPC専用の違法技、早期の積み技だけをTM／教え技へ移す。,アイススピナー / アクロバット,トリプルアクセル / おいかぜ,なし（タマゴ未発見／伝説・幻）,専用技がある系統は進化時／Lv1思い出しに固定。戦闘専用フォームは基礎形の習得表を共有。,通常。高威力技はLv45以降、強力な積み技はLv50以降。,最低1つの命中90以上STABを維持し、自爆・テレポート・反動大技だけの直近4技を禁止。高レベル基礎種は中威力技を再挿入。,既存（トーホク図鑑136）,B-,最終統合ROMから現行表を抽出後、同名技の重複・ID衝突・取得時期を機械差分で確定する。
145,サンダー,zapdos,1,でんき／ひこう,サンダー,基礎形,DPE-JP Learnsets.c＋ベガ既存表（既存種）,ベガ既存表保護＋選択的現代化,特殊アタッカー,でんきショック / でんじは / かぜおこし / おいかぜ,安定したタイプ一致技をLv7～15、二段目をLv20～28に配置。進化前限定の補助技は思い出し対象に残す。,ベガ既存の独自技・攻略導線を保持。無関係な高火力サブウェポン、NPC専用の違法技、早期の積み技だけをTM／教え技へ移す。,ボルトチェンジ / アクロバット,エレキネット / おいかぜ,なし（タマゴ未発見／伝説・幻）,専用技がある系統は進化時／Lv1思い出しに固定。戦闘専用フォームは基礎形の習得表を共有。,通常。高威力技はLv45以降、強力な積み技はLv50以降。,最低1つの命中90以上STABを維持し、自爆・テレポート・反動大技だけの直近4技を禁止。高レベル基礎種は中威力技を再挿入。,既存（トーホク図鑑137）,B-,最終統合ROMから現行表を抽出後、同名技の重複・ID衝突・取得時期を機械差分で確定する。
146,ファイヤー,moltres,1,ほのお／ひこう,ファイヤー,基礎形,DPE-JP Learnsets.c＋ベガ既存表（既存種）,ベガ既存表保護＋選択的現代化,特殊アタッカー,ひのこ / おにび / かぜおこし / おいかぜ,安定したタイプ一致技をLv7～15、二段目をLv20～28に配置。進化前限定の補助技は思い出し対象に残す。,ベガ既存の独自技・攻略導線を保持。無関係な高火力サブウェポン、NPC専用の違法技、早期の積み技だけをTM／教え技へ移す。,かえんほうしゃ / アクロバット,ねっぷう / おいかぜ,なし（タマゴ未発見／伝説・幻）,専用技がある系統は進化時／Lv1思い出しに固定。戦闘専用フォームは基礎形の習得表を共有。,通常。高威力技はLv45以降、強力な積み技はLv50以降。,最低1つの命中90以上STABを維持し、自爆・テレポート・反動大技だけの直近4技を禁止。高レベル基礎種は中威力技を再挿入。,既存（トーホク図鑑138）,B-,最終統合ROMから現行表を抽出後、同名技の重複・ID衝突・取得時期を機械差分で確定する。
147,ミニリュウ,dratini,1,ドラゴン,ミニリュウ → ハクリュー → カイリュー,基礎形,DPE-JP Learnsets.c＋ベガ既存表（既存種）,現代化重点監査,物理寄り,ドラゴンテール / りゅうのまい,安定したタイプ一致技をLv7～15、二段目をLv20～28に配置。進化前限定の補助技は思い出し対象に残す。,DPE表を土台に、進化前へ過剰な終盤技がある場合は後期へ移動。広範囲高火力サブウェポンはレベル技ではなくTM／教え技に限定。,ワイドブレイカー,りゅうせいぐん,こわいかお,専用技がある系統は進化時／Lv1思い出しに固定。戦闘専用フォームは基礎形の習得表を共有。,最終進化Lv50以上。600族はLv55以上,最低1つの命中90以上STABを維持し、自爆・テレポート・反動大技だけの直近4技を禁止。高レベル基礎種は中威力技を再挿入。,未収録・追加対象,B-,最終統合ROMから現行表を抽出後、同名技の重複・ID衝突・取得時期を機械差分で確定する。
148,ハクリュー,dragonair,1,ドラゴン,ミニリュウ → ハクリュー → カイリュー,中間進化,DPE-JP Learnsets.c＋ベガ既存表（既存種）,現代化重点監査,物理寄り,ドラゴンクロー / りゅうのまい,中威力STABをLv22～35、役割補助技を進化時またはLv30前後に配置。最終大技は先送り。,DPE表を土台に、進化前へ過剰な終盤技がある場合は後期へ移動。広範囲高火力サブウェポンはレベル技ではなくTM／教え技に限定。,ワイドブレイカー,りゅうせいぐん,こわいかお,専用技がある系統は進化時／Lv1思い出しに固定。戦闘専用フォームは基礎形の習得表を共有。,最終進化Lv50以上。600族はLv55以上,最低1つの命中90以上STABを維持し、自爆・テレポート・反動大技だけの直近4技を禁止。高レベル基礎種は中威力技を再挿入。,未収録・追加対象,B,最終統合ROMから現行表を抽出後、同名技の重複・ID衝突・取得時期を機械差分で確定する。
149,カイリュー,dragonite,1,ドラゴン／ひこう,ミニリュウ → ハクリュー → カイリュー,進化先／最終形,DPE-JP Learnsets.c＋ベガ既存表（既存種）,現代化重点監査,両刀・可変,ドラゴンクロー / りゅうのはどう / りゅうのまい / ドリルくちばし,進化時に役割技を1つ提示。主力STABはLv36～50、反動・積み・専用大技はLv50～65またはLv1思い出し。,DPE表を土台に、進化前へ過剰な終盤技がある場合は後期へ移動。広範囲高火力サブウェポンはレベル技ではなくTM／教え技に限定。,ワイドブレイカー / アクロバット,りゅうせいぐん / おいかぜ,こわいかお / はねやすめ,専用技がある系統は進化時／Lv1思い出しに固定。戦闘専用フォームは基礎形の習得表を共有。,最終進化Lv50以上。600族はLv55以上,最低1つの命中90以上STABを維持し、自爆・テレポート・反動大技だけの直近4技を禁止。高レベル基礎種は中威力技を再挿入。,未収録・追加対象,B,最終統合ROMから現行表を抽出後、同名技の重複・ID衝突・取得時期を機械差分で確定する。
150,ミュウツー,mewtwo,1,エスパー,ミュウツー,基礎形,DPE-JP Learnsets.c＋ベガ既存表（既存種）,ベガ既存表保護＋選択的現代化,特殊アタッカー,ねんりき / めいそう,安定したタイプ一致技をLv7～15、二段目をLv20～28に配置。進化前限定の補助技は思い出し対象に残す。,ベガ既存の独自技・攻略導線を保持。無関係な高火力サブウェポン、NPC専用の違法技、早期の積み技だけをTM／教え技へ移す。,サイコショック,トリック,なし（タマゴ未発見／伝説・幻）,専用技がある系統は進化時／Lv1思い出しに固定。戦闘専用フォームは基礎形の習得表を共有。,通常。高威力技はLv45以降、強力な積み技はLv50以降。,最低1つの命中90以上STABを維持し、自爆・テレポート・反動大技だけの直近4技を禁止。高レベル基礎種は中威力技を再挿入。,既存（トーホク図鑑150）,B-,最終統合ROMから現行表を抽出後、同名技の重複・ID衝突・取得時期を機械差分で確定する。
151,ミュウ,mew,1,エスパー,ミュウ,基礎形,DPE-JP Learnsets.c＋ベガ既存表（既存種）,ベガ既存表保護＋選択的現代化,特殊アタッカー,ねんりき / めいそう,安定したタイプ一致技をLv7～15、二段目をLv20～28に配置。進化前限定の補助技は思い出し対象に残す。,ベガ既存の独自技・攻略導線を保持。無関係な高火力サブウェポン、NPC専用の違法技、早期の積み技だけをTM／教え技へ移す。,サイコショック,トリック,なし（タマゴ未発見／伝説・幻）,専用技がある系統は進化時／Lv1思い出しに固定。戦闘専用フォームは基礎形の習得表を共有。,通常。高威力技はLv45以降、強力な積み技はLv50以降。,最低1つの命中90以上STABを維持し、自爆・テレポート・反動大技だけの直近4技を禁止。高レベル基礎種は中威力技を再挿入。,既存（トーホク図鑑151）,B-,最終統合ROMから現行表を抽出後、同名技の重複・ID衝突・取得時期を機械差分で確定する。
152,チコリータ,chikorita,2,くさ,チコリータ → ベイリーフ → メガニウム,基礎形,DPE-JP Learnsets.c＋ベガ既存表（既存種）,現代化重点監査,特殊寄り,メガドレイン / やどりぎのタネ,安定したタイプ一致技をLv7～15、二段目をLv20～28に配置。進化前限定の補助技は思い出し対象に残す。,DPE表を土台に、進化前へ過剰な終盤技がある場合は後期へ移動。広範囲高火力サブウェポンはレベル技ではなくTM／教え技に限定。,くさむすび,グラススライダー,こうごうせい,専用技がある系統は進化時／Lv1思い出しに固定。戦闘専用フォームは基礎形の習得表を共有。,通常。高威力技はLv45以降、強力な積み技はLv50以降。,最低1つの命中90以上STABを維持し、自爆・テレポート・反動大技だけの直近4技を禁止。高レベル基礎種は中威力技を再挿入。,未収録・追加対象,B-,最終統合ROMから現行表を抽出後、同名技の重複・ID衝突・取得時期を機械差分で確定する。
153,ベイリーフ,bayleef,2,くさ,チコリータ → ベイリーフ → メガニウム,中間進化,DPE-JP Learnsets.c＋ベガ既存表（既存種）,現代化重点監査,特殊寄り,ギガドレイン / やどりぎのタネ,中威力STABをLv22～35、役割補助技を進化時またはLv30前後に配置。最終大技は先送り。,DPE表を土台に、進化前へ過剰な終盤技がある場合は後期へ移動。広範囲高火力サブウェポンはレベル技ではなくTM／教え技に限定。,くさむすび,グラススライダー,こうごうせい,専用技がある系統は進化時／Lv1思い出しに固定。戦闘専用フォームは基礎形の習得表を共有。,通常。高威力技はLv45以降、強力な積み技はLv50以降。,最低1つの命中90以上STABを維持し、自爆・テレポート・反動大技だけの直近4技を禁止。高レベル基礎種は中威力技を再挿入。,未収録・追加対象,B,最終統合ROMから現行表を抽出後、同名技の重複・ID衝突・取得時期を機械差分で確定する。
154,メガニウム,meganium,2,くさ,チコリータ → ベイリーフ → メガニウム,進化先／最終形,DPE-JP Learnsets.c＋ベガ既存表（既存種）,現代化重点監査,特殊アタッカー,はなふぶき / エナジーボール / やどりぎのタネ,進化時に役割技を1つ提示。主力STABはLv36～50、反動・積み・専用大技はLv50～65またはLv1思い出し。,DPE表を土台に、進化前へ過剰な終盤技がある場合は後期へ移動。広範囲高火力サブウェポンはレベル技ではなくTM／教え技に限定。,くさむすび,グラススライダー,こうごうせい,はなふぶきを進化時／Lv1思い出しに登録。通常のTM・汎用教え技にはしない。,通常。高威力技はLv45以降、強力な積み技はLv50以降。,最低1つの命中90以上STABを維持し、自爆・テレポート・反動大技だけの直近4技を禁止。高レベル基礎種は中威力技を再挿入。,未収録・追加対象,A,最終統合ROMから現行表を抽出後、同名技の重複・ID衝突・取得時期を機械差分で確定する。
155,ヒノアラシ,cyndaquil,2,ほのお,ヒノアラシ → マグマラシ → バクフーン,基礎形,DPE-JP Learnsets.c＋ベガ既存表（既存種）,現代化重点監査,特殊寄り,ひのこ / おにび,安定したタイプ一致技をLv7～15、二段目をLv20～28に配置。進化前限定の補助技は思い出し対象に残す。,DPE表を土台に、進化前へ過剰な終盤技がある場合は後期へ移動。広範囲高火力サブウェポンはレベル技ではなくTM／教え技に限定。,かえんほうしゃ,ねっぷう,にほんばれ,専用技がある系統は進化時／Lv1思い出しに固定。戦闘専用フォームは基礎形の習得表を共有。,通常。高威力技はLv45以降、強力な積み技はLv50以降。,最低1つの命中90以上STABを維持し、自爆・テレポート・反動大技だけの直近4技を禁止。高レベル基礎種は中威力技を再挿入。,未収録・追加対象,B-,最終統合ROMから現行表を抽出後、同名技の重複・ID衝突・取得時期を機械差分で確定する。
156,マグマラシ,quilava,2,ほのお,ヒノアラシ → マグマラシ → バクフーン,中間進化,DPE-JP Learnsets.c＋ベガ既存表（既存種）,現代化重点監査,特殊寄り,かえんほうしゃ / おにび,中威力STABをLv22～35、役割補助技を進化時またはLv30前後に配置。最終大技は先送り。,DPE表を土台に、進化前へ過剰な終盤技がある場合は後期へ移動。広範囲高火力サブウェポンはレベル技ではなくTM／教え技に限定。,かえんほうしゃ,ねっぷう,にほんばれ,専用技がある系統は進化時／Lv1思い出しに固定。戦闘専用フォームは基礎形の習得表を共有。,通常。高威力技はLv45以降、強力な積み技はLv50以降。,最低1つの命中90以上STABを維持し、自爆・テレポート・反動大技だけの直近4技を禁止。高レベル基礎種は中威力技を再挿入。,未収録・追加対象,B,最終統合ROMから現行表を抽出後、同名技の重複・ID衝突・取得時期を機械差分で確定する。
157,バクフーン,typhlosion,2,ほのお,ヒノアラシ → マグマラシ → バクフーン,進化先／最終形,DPE-JP Learnsets.c＋ベガ既存表（既存種）,現代化重点監査,両刀・可変,ふんか / ニトロチャージ / かえんほうしゃ / おにび,進化時に役割技を1つ提示。主力STABはLv36～50、反動・積み・専用大技はLv50～65またはLv1思い出し。,DPE表を土台に、進化前へ過剰な終盤技がある場合は後期へ移動。広範囲高火力サブウェポンはレベル技ではなくTM／教え技に限定。,かえんほうしゃ,ねっぷう,にほんばれ,ふんかを進化時／Lv1思い出しに登録。通常のTM・汎用教え技にはしない。,通常。高威力技はLv45以降、強力な積み技はLv50以降。,最低1つの命中90以上STABを維持し、自爆・テレポート・反動大技だけの直近4技を禁止。高レベル基礎種は中威力技を再挿入。,未収録・追加対象,A,最終統合ROMから現行表を抽出後、同名技の重複・ID衝突・取得時期を機械差分で確定する。
158,ワニノコ,totodile,2,みず,ワニノコ → アリゲイツ → オーダイル,基礎形,DPE-JP Learnsets.c＋ベガ既存表（既存種）,現代化重点監査,両刀・可変,アクアジェット / みずのはどう,安定したタイプ一致技をLv7～15、二段目をLv20～28に配置。進化前限定の補助技は思い出し対象に残す。,DPE表を土台に、進化前へ過剰な終盤技がある場合は後期へ移動。広範囲高火力サブウェポンはレベル技ではなくTM／教え技に限定。,アクアブレイク,クイックターン,アクアリング,専用技がある系統は進化時／Lv1思い出しに固定。戦闘専用フォームは基礎形の習得表を共有。,通常。高威力技はLv45以降、強力な積み技はLv50以降。,最低1つの命中90以上STABを維持し、自爆・テレポート・反動大技だけの直近4技を禁止。高レベル基礎種は中威力技を再挿入。,未収録・追加対象,B-,最終統合ROMから現行表を抽出後、同名技の重複・ID衝突・取得時期を機械差分で確定する。
159,アリゲイツ,croconaw,2,みず,ワニノコ → アリゲイツ → オーダイル,中間進化,DPE-JP Learnsets.c＋ベガ既存表（既存種）,現代化重点監査,両刀・可変,アクアブレイク / なみのり,中威力STABをLv22～35、役割補助技を進化時またはLv30前後に配置。最終大技は先送り。,DPE表を土台に、進化前へ過剰な終盤技がある場合は後期へ移動。広範囲高火力サブウェポンはレベル技ではなくTM／教え技に限定。,アクアブレイク,クイックターン,アクアリング,専用技がある系統は進化時／Lv1思い出しに固定。戦闘専用フォームは基礎形の習得表を共有。,通常。高威力技はLv45以降、強力な積み技はLv50以降。,最低1つの命中90以上STABを維持し、自爆・テレポート・反動大技だけの直近4技を禁止。高レベル基礎種は中威力技を再挿入。,未収録・追加対象,B,最終統合ROMから現行表を抽出後、同名技の重複・ID衝突・取得時期を機械差分で確定する。
160,オーダイル,feraligatr,2,みず,ワニノコ → アリゲイツ → オーダイル,進化先／最終形,DPE-JP Learnsets.c＋ベガ既存表（既存種）,現代化重点監査,物理アタッカー,アクアブレイク / たきのぼり / あまごい,進化時に役割技を1つ提示。主力STABはLv36～50、反動・積み・専用大技はLv50～65またはLv1思い出し。,DPE表を土台に、進化前へ過剰な終盤技がある場合は後期へ移動。広範囲高火力サブウェポンはレベル技ではなくTM／教え技に限定。,アクアブレイク,クイックターン,アクアリング,アクアブレイクを進化時／Lv1思い出しに登録。通常のTM・汎用教え技にはしない。,通常。高威力技はLv45以降、強力な積み技はLv50以降。,最低1つの命中90以上STABを維持し、自爆・テレポート・反動大技だけの直近4技を禁止。高レベル基礎種は中威力技を再挿入。,未収録・追加対象,A,最終統合ROMから現行表を抽出後、同名技の重複・ID衝突・取得時期を機械差分で確定する。
161,オタチ,sentret,2,ノーマル,オタチ → オオタチ,基礎形,DPE-JP Learnsets.c＋ベガ既存表（既存種）,現代化重点監査,物理寄り,ずつき / アンコール,安定したタイプ一致技をLv7～15、二段目をLv20～28に配置。進化前限定の補助技は思い出し対象に残す。,DPE表を土台に、進化前へ過剰な終盤技がある場合は後期へ移動。広範囲高火力サブウェポンはレベル技ではなくTM／教え技に限定。,まもる,てだすけ,あくび,専用技がある系統は進化時／Lv1思い出しに固定。戦闘専用フォームは基礎形の習得表を共有。,通常。高威力技はLv45以降、強力な積み技はLv50以降。,最低1つの命中90以上STABを維持し、自爆・テレポート・反動大技だけの直近4技を禁止。高レベル基礎種は中威力技を再挿入。,未収録・追加対象,B-,最終統合ROMから現行表を抽出後、同名技の重複・ID衝突・取得時期を機械差分で確定する。
162,オオタチ,furret,2,ノーマル,オタチ → オオタチ,進化先／最終形,DPE-JP Learnsets.c＋ベガ既存表（既存種）,現代化重点監査,物理アタッカー,すてみタックル / アンコール,進化時に役割技を1つ提示。主力STABはLv36～50、反動・積み・専用大技はLv50～65またはLv1思い出し。,DPE表を土台に、進化前へ過剰な終盤技がある場合は後期へ移動。広範囲高火力サブウェポンはレベル技ではなくTM／教え技に限定。,まもる,てだすけ,あくび,専用技がある系統は進化時／Lv1思い出しに固定。戦闘専用フォームは基礎形の習得表を共有。,通常。高威力技はLv45以降、強力な積み技はLv50以降。,最低1つの命中90以上STABを維持し、自爆・テレポート・反動大技だけの直近4技を禁止。高レベル基礎種は中威力技を再挿入。,未収録・追加対象,B,最終統合ROMから現行表を抽出後、同名技の重複・ID衝突・取得時期を機械差分で確定する。
163,ホーホー,hoothoot,2,ノーマル／ひこう,ホーホー → ヨルノズク,基礎形,DPE-JP Learnsets.c＋ベガ既存表（既存種）,ベガ既存表保護＋選択的現代化,物理寄り,ずつき / アンコール / つばさでうつ / おいかぜ,安定したタイプ一致技をLv7～15、二段目をLv20～28に配置。進化前限定の補助技は思い出し対象に残す。,ベガ既存の独自技・攻略導線を保持。無関係な高火力サブウェポン、NPC専用の違法技、早期の積み技だけをTM／教え技へ移す。,まもる / アクロバット,てだすけ / おいかぜ,あくび / はねやすめ,専用技がある系統は進化時／Lv1思い出しに固定。戦闘専用フォームは基礎形の習得表を共有。,通常。高威力技はLv45以降、強力な積み技はLv50以降。,最低1つの命中90以上STABを維持し、自爆・テレポート・反動大技だけの直近4技を禁止。高レベル基礎種は中威力技を再挿入。,既存（トーホク図鑑109）,B-,最終統合ROMから現行表を抽出後、同名技の重複・ID衝突・取得時期を機械差分で確定する。
164,ヨルノズク,noctowl,2,ノーマル／ひこう,ホーホー → ヨルノズク,進化先／最終形,DPE-JP Learnsets.c＋ベガ既存表（既存種）,ベガ既存表保護＋選択的現代化,特殊アタッカー,ばくおんぱ（音系のみ） / アンコール / ぼうふう / おいかぜ,進化時に役割技を1つ提示。主力STABはLv36～50、反動・積み・専用大技はLv50～65またはLv1思い出し。,ベガ既存の独自技・攻略導線を保持。無関係な高火力サブウェポン、NPC専用の違法技、早期の積み技だけをTM／教え技へ移す。,まもる / アクロバット,てだすけ / おいかぜ,あくび / はねやすめ,専用技がある系統は進化時／Lv1思い出しに固定。戦闘専用フォームは基礎形の習得表を共有。,通常。高威力技はLv45以降、強力な積み技はLv50以降。,最低1つの命中90以上STABを維持し、自爆・テレポート・反動大技だけの直近4技を禁止。高レベル基礎種は中威力技を再挿入。,既存（トーホク図鑑110）,B,最終統合ROMから現行表を抽出後、同名技の重複・ID衝突・取得時期を機械差分で確定する。
165,レディバ,ledyba,2,むし／ひこう,レディバ → レディアン,基礎形,DPE-JP Learnsets.c＋ベガ既存表（既存種）,ベガ既存表保護＋選択的現代化,物理寄り,むしくい / ねばねばネット / つばさでうつ / おいかぜ,安定したタイプ一致技をLv7～15、二段目をLv20～28に配置。進化前限定の補助技は思い出し対象に残す。,ベガ既存の独自技・攻略導線を保持。無関係な高火力サブウェポン、NPC専用の違法技、早期の積み技だけをTM／教え技へ移す。,とんぼがえり / アクロバット,むしくい / おいかぜ,いとをはく / はねやすめ,専用技がある系統は進化時／Lv1思い出しに固定。戦闘専用フォームは基礎形の習得表を共有。,通常。高威力技はLv45以降、強力な積み技はLv50以降。,最低1つの命中90以上STABを維持し、自爆・テレポート・反動大技だけの直近4技を禁止。高レベル基礎種は中威力技を再挿入。,既存（トーホク図鑑198）,B-,最終統合ROMから現行表を抽出後、同名技の重複・ID衝突・取得時期を機械差分で確定する。
166,レディアン,ledian,2,むし／ひこう,レディバ → レディアン,進化先／最終形,DPE-JP Learnsets.c＋ベガ既存表（既存種）,ベガ既存表保護＋選択的現代化,物理寄り,メガホーン / ねばねばネット / ブレイブバード / おいかぜ,進化時に役割技を1つ提示。主力STABはLv36～50、反動・積み・専用大技はLv50～65またはLv1思い出し。,ベガ既存の独自技・攻略導線を保持。無関係な高火力サブウェポン、NPC専用の違法技、早期の積み技だけをTM／教え技へ移す。,とんぼがえり / アクロバット,むしくい / おいかぜ,いとをはく / はねやすめ,専用技がある系統は進化時／Lv1思い出しに固定。戦闘専用フォームは基礎形の習得表を共有。,通常。高威力技はLv45以降、強力な積み技はLv50以降。,最低1つの命中90以上STABを維持し、自爆・テレポート・反動大技だけの直近4技を禁止。高レベル基礎種は中威力技を再挿入。,既存（トーホク図鑑199）,B,最終統合ROMから現行表を抽出後、同名技の重複・ID衝突・取得時期を機械差分で確定する。
167,イトマル,spinarak,2,むし／どく,イトマル → アリアドス,基礎形,DPE-JP Learnsets.c＋ベガ既存表（既存種）,ベガ既存表保護＋選択的現代化,物理寄り,むしくい / ねばねばネット / どくばり / どくどく,安定したタイプ一致技をLv7～15、二段目をLv20～28に配置。進化前限定の補助技は思い出し対象に残す。,ベガ既存の独自技・攻略導線を保持。無関係な高火力サブウェポン、NPC専用の違法技、早期の積み技だけをTM／教え技へ移す。,とんぼがえり / ベノムショック,むしくい / ダストシュート,いとをはく / どくびし,専用技がある系統は進化時／Lv1思い出しに固定。戦闘専用フォームは基礎形の習得表を共有。,通常。高威力技はLv45以降、強力な積み技はLv50以降。,最低1つの命中90以上STABを維持し、自爆・テレポート・反動大技だけの直近4技を禁止。高レベル基礎種は中威力技を再挿入。,既存（トーホク図鑑272）,B-,最終統合ROMから現行表を抽出後、同名技の重複・ID衝突・取得時期を機械差分で確定する。
168,アリアドス,ariados,2,むし／どく,イトマル → アリアドス,進化先／最終形,DPE-JP Learnsets.c＋ベガ既存表（既存種）,ベガ既存表保護＋選択的現代化,物理寄り,メガホーン / ねばねばネット / ダストシュート / どくどく,進化時に役割技を1つ提示。主力STABはLv36～50、反動・積み・専用大技はLv50～65またはLv1思い出し。,ベガ既存の独自技・攻略導線を保持。無関係な高火力サブウェポン、NPC専用の違法技、早期の積み技だけをTM／教え技へ移す。,とんぼがえり / ベノムショック,むしくい / ダストシュート,いとをはく / どくびし,専用技がある系統は進化時／Lv1思い出しに固定。戦闘専用フォームは基礎形の習得表を共有。,通常。高威力技はLv45以降、強力な積み技はLv50以降。,最低1つの命中90以上STABを維持し、自爆・テレポート・反動大技だけの直近4技を禁止。高レベル基礎種は中威力技を再挿入。,既存（トーホク図鑑273）,B,最終統合ROMから現行表を抽出後、同名技の重複・ID衝突・取得時期を機械差分で確定する。
169,クロバット,crobat,2,どく／ひこう,ズバット → ゴルバット → クロバット,進化先／最終形,DPE-JP Learnsets.c＋ベガ既存表（既存種）,現代化重点監査,両刀・可変,どくづき / ヘドロばくだん / どくどく / ドリルくちばし,進化時に役割技を1つ提示。主力STABはLv36～50、反動・積み・専用大技はLv50～65またはLv1思い出し。,DPE表を土台に、進化前へ過剰な終盤技がある場合は後期へ移動。広範囲高火力サブウェポンはレベル技ではなくTM／教え技に限定。,ベノムショック / アクロバット,ダストシュート / おいかぜ,どくびし / はねやすめ,専用技がある系統は進化時／Lv1思い出しに固定。戦闘専用フォームは基礎形の習得表を共有。,通常。高威力技はLv45以降、強力な積み技はLv50以降。,最低1つの命中90以上STABを維持し、自爆・テレポート・反動大技だけの直近4技を禁止。高レベル基礎種は中威力技を再挿入。,未収録・追加対象,B,最終統合ROMから現行表を抽出後、同名技の重複・ID衝突・取得時期を機械差分で確定する。
170,チョンチー,chinchou,2,みず／でんき,チョンチー → ランターン,基礎形,DPE-JP Learnsets.c＋ベガ既存表（既存種）,現代化重点監査,特殊寄り,みずのはどう / あまごい / でんきショック / でんじは,安定したタイプ一致技をLv7～15、二段目をLv20～28に配置。進化前限定の補助技は思い出し対象に残す。,DPE表を土台に、進化前へ過剰な終盤技がある場合は後期へ移動。広範囲高火力サブウェポンはレベル技ではなくTM／教え技に限定。,アクアブレイク / ボルトチェンジ,クイックターン / エレキネット,アクアリング / じゅうでん,専用技がある系統は進化時／Lv1思い出しに固定。戦闘専用フォームは基礎形の習得表を共有。,通常。高威力技はLv45以降、強力な積み技はLv50以降。,最低1つの命中90以上STABを維持し、自爆・テレポート・反動大技だけの直近4技を禁止。高レベル基礎種は中威力技を再挿入。,未収録・追加対象,B-,最終統合ROMから現行表を抽出後、同名技の重複・ID衝突・取得時期を機械差分で確定する。
171,ランターン,lanturn,2,みず／でんき,チョンチー → ランターン,進化先／最終形,DPE-JP Learnsets.c＋ベガ既存表（既存種）,現代化重点監査,特殊アタッカー,ハイドロポンプ / あまごい / かみなり / でんじは,進化時に役割技を1つ提示。主力STABはLv36～50、反動・積み・専用大技はLv50～65またはLv1思い出し。,DPE表を土台に、進化前へ過剰な終盤技がある場合は後期へ移動。広範囲高火力サブウェポンはレベル技ではなくTM／教え技に限定。,アクアブレイク / ボルトチェンジ,クイックターン / エレキネット,アクアリング / じゅうでん,専用技がある系統は進化時／Lv1思い出しに固定。戦闘専用フォームは基礎形の習得表を共有。,通常。高威力技はLv45以降、強力な積み技はLv50以降。,最低1つの命中90以上STABを維持し、自爆・テレポート・反動大技だけの直近4技を禁止。高レベル基礎種は中威力技を再挿入。,未収録・追加対象,B,最終統合ROMから現行表を抽出後、同名技の重複・ID衝突・取得時期を機械差分で確定する。
172,ピチュー,pichu,2,でんき,ピチュー → ピカチュウ → ライチュウ,基礎形,DPE-JP Learnsets.c＋ベガ既存表（既存種）,ベガ既存表保護＋選択的現代化,特殊寄り,でんきショック / でんじは,安定したタイプ一致技をLv7～15、二段目をLv20～28に配置。進化前限定の補助技は思い出し対象に残す。,ベガ既存の独自技・攻略導線を保持。無関係な高火力サブウェポン、NPC専用の違法技、早期の積み技だけをTM／教え技へ移す。,ボルトチェンジ,エレキネット,じゅうでん,専用技がある系統は進化時／Lv1思い出しに固定。戦闘専用フォームは基礎形の習得表を共有。,通常。高威力技はLv45以降、強力な積み技はLv50以降。,最低1つの命中90以上STABを維持し、自爆・テレポート・反動大技だけの直近4技を禁止。高レベル基礎種は中威力技を再挿入。,既存（トーホク図鑑024）,B-,最終統合ROMから現行表を抽出後、同名技の重複・ID衝突・取得時期を機械差分で確定する。
173,ピィ,cleffa,2,フェアリー,ピィ → ピッピ → ピクシー,基礎形,DPE-JP Learnsets.c＋ベガ既存表（既存種）,現代化重点監査,特殊寄り,ようせいのかぜ / あまえる,安定したタイプ一致技をLv7～15、二段目をLv20～28に配置。進化前限定の補助技は思い出し対象に残す。,DPE表を土台に、進化前へ過剰な終盤技がある場合は後期へ移動。広範囲高火力サブウェポンはレベル技ではなくTM／教え技に限定。,マジカルシャイン,ミストバースト,ミストフィールド,専用技がある系統は進化時／Lv1思い出しに固定。戦闘専用フォームは基礎形の習得表を共有。,通常。高威力技はLv45以降、強力な積み技はLv50以降。,最低1つの命中90以上STABを維持し、自爆・テレポート・反動大技だけの直近4技を禁止。高レベル基礎種は中威力技を再挿入。,未収録・追加対象,B-,最終統合ROMから現行表を抽出後、同名技の重複・ID衝突・取得時期を機械差分で確定する。
174,ププリン,igglybuff,2,ノーマル／フェアリー,ププリン → プリン → プクリン,基礎形,DPE-JP Learnsets.c＋ベガ既存表（既存種）,現代化重点監査,補助寄り両刀,ずつき / スピードスター / ほしがる / ようせいのかぜ,安定したタイプ一致技をLv7～15、二段目をLv20～28に配置。進化前限定の補助技は思い出し対象に残す。,DPE表を土台に、進化前へ過剰な終盤技がある場合は後期へ移動。広範囲高火力サブウェポンはレベル技ではなくTM／教え技に限定。,まもる / マジカルシャイン,てだすけ / ミストバースト,あくび / ミストフィールド,専用技がある系統は進化時／Lv1思い出しに固定。戦闘専用フォームは基礎形の習得表を共有。,通常。高威力技はLv45以降、強力な積み技はLv50以降。,最低1つの命中90以上STABを維持し、自爆・テレポート・反動大技だけの直近4技を禁止。高レベル基礎種は中威力技を再挿入。,未収録・追加対象,B-,最終統合ROMから現行表を抽出後、同名技の重複・ID衝突・取得時期を機械差分で確定する。
175,トゲピー,togepi,2,フェアリー,トゲピー → トゲチック → トゲキッス,基礎形,DPE-JP Learnsets.c＋ベガ既存表（既存種）,ベガ既存表保護＋選択的現代化,特殊寄り,ようせいのかぜ / あまえる,安定したタイプ一致技をLv7～15、二段目をLv20～28に配置。進化前限定の補助技は思い出し対象に残す。,ベガ既存の独自技・攻略導線を保持。無関係な高火力サブウェポン、NPC専用の違法技、早期の積み技だけをTM／教え技へ移す。,マジカルシャイン,ミストバースト,ミストフィールド,専用技がある系統は進化時／Lv1思い出しに固定。戦闘専用フォームは基礎形の習得表を共有。,通常。高威力技はLv45以降、強力な積み技はLv50以降。,最低1つの命中90以上STABを維持し、自爆・テレポート・反動大技だけの直近4技を禁止。高レベル基礎種は中威力技を再挿入。,既存（トーホク図鑑018）,B-,最終統合ROMから現行表を抽出後、同名技の重複・ID衝突・取得時期を機械差分で確定する。
176,トゲチック,togetic,2,フェアリー／ひこう,トゲピー → トゲチック → トゲキッス,中間進化,DPE-JP Learnsets.c＋ベガ既存表（既存種）,ベガ既存表保護＋選択的現代化,特殊寄り,マジカルシャイン / あまえる / エアスラッシュ / おいかぜ,中威力STABをLv22～35、役割補助技を進化時またはLv30前後に配置。最終大技は先送り。,ベガ既存の独自技・攻略導線を保持。無関係な高火力サブウェポン、NPC専用の違法技、早期の積み技だけをTM／教え技へ移す。,マジカルシャイン / アクロバット,ミストバースト / おいかぜ,ミストフィールド / はねやすめ,専用技がある系統は進化時／Lv1思い出しに固定。戦闘専用フォームは基礎形の習得表を共有。,通常。高威力技はLv45以降、強力な積み技はLv50以降。,最低1つの命中90以上STABを維持し、自爆・テレポート・反動大技だけの直近4技を禁止。高レベル基礎種は中威力技を再挿入。,既存（トーホク図鑑019）,B,最終統合ROMから現行表を抽出後、同名技の重複・ID衝突・取得時期を機械差分で確定する。
177,ネイティ,natu,2,エスパー／ひこう,ネイティ → ネイティオ,基礎形,DPE-JP Learnsets.c＋ベガ既存表（既存種）,現代化重点監査,特殊寄り,ねんりき / めいそう / かぜおこし / おいかぜ,安定したタイプ一致技をLv7～15、二段目をLv20～28に配置。進化前限定の補助技は思い出し対象に残す。,DPE表を土台に、進化前へ過剰な終盤技がある場合は後期へ移動。広範囲高火力サブウェポンはレベル技ではなくTM／教え技に限定。,サイコショック / アクロバット,トリック / おいかぜ,ひかりのかべ / はねやすめ,専用技がある系統は進化時／Lv1思い出しに固定。戦闘専用フォームは基礎形の習得表を共有。,通常。高威力技はLv45以降、強力な積み技はLv50以降。,最低1つの命中90以上STABを維持し、自爆・テレポート・反動大技だけの直近4技を禁止。高レベル基礎種は中威力技を再挿入。,未収録・追加対象,B-,最終統合ROMから現行表を抽出後、同名技の重複・ID衝突・取得時期を機械差分で確定する。
178,ネイティオ,xatu,2,エスパー／ひこう,ネイティ → ネイティオ,進化先／最終形,DPE-JP Learnsets.c＋ベガ既存表（既存種）,現代化重点監査,特殊アタッカー,サイコショック / めいそう / ぼうふう / おいかぜ,進化時に役割技を1つ提示。主力STABはLv36～50、反動・積み・専用大技はLv50～65またはLv1思い出し。,DPE表を土台に、進化前へ過剰な終盤技がある場合は後期へ移動。広範囲高火力サブウェポンはレベル技ではなくTM／教え技に限定。,サイコショック / アクロバット,トリック / おいかぜ,ひかりのかべ / はねやすめ,専用技がある系統は進化時／Lv1思い出しに固定。戦闘専用フォームは基礎形の習得表を共有。,通常。高威力技はLv45以降、強力な積み技はLv50以降。,最低1つの命中90以上STABを維持し、自爆・テレポート・反動大技だけの直近4技を禁止。高レベル基礎種は中威力技を再挿入。,未収録・追加対象,B,最終統合ROMから現行表を抽出後、同名技の重複・ID衝突・取得時期を機械差分で確定する。
179,メリープ,mareep,2,でんき,メリープ → モココ → デンリュウ,基礎形,DPE-JP Learnsets.c＋ベガ既存表（既存種）,現代化重点監査,特殊寄り,でんきショック / でんじは,安定したタイプ一致技をLv7～15、二段目をLv20～28に配置。進化前限定の補助技は思い出し対象に残す。,DPE表を土台に、進化前へ過剰な終盤技がある場合は後期へ移動。広範囲高火力サブウェポンはレベル技ではなくTM／教え技に限定。,ボルトチェンジ,エレキネット,じゅうでん,専用技がある系統は進化時／Lv1思い出しに固定。戦闘専用フォームは基礎形の習得表を共有。,通常。高威力技はLv45以降、強力な積み技はLv50以降。,最低1つの命中90以上STABを維持し、自爆・テレポート・反動大技だけの直近4技を禁止。高レベル基礎種は中威力技を再挿入。,未収録・追加対象,B-,最終統合ROMから現行表を抽出後、同名技の重複・ID衝突・取得時期を機械差分で確定する。
180,モココ,flaaffy,2,でんき,メリープ → モココ → デンリュウ,中間進化,DPE-JP Learnsets.c＋ベガ既存表（既存種）,現代化重点監査,特殊寄り,10まんボルト / でんじは,中威力STABをLv22～35、役割補助技を進化時またはLv30前後に配置。最終大技は先送り。,DPE表を土台に、進化前へ過剰な終盤技がある場合は後期へ移動。広範囲高火力サブウェポンはレベル技ではなくTM／教え技に限定。,ボルトチェンジ,エレキネット,じゅうでん,専用技がある系統は進化時／Lv1思い出しに固定。戦闘専用フォームは基礎形の習得表を共有。,通常。高威力技はLv45以降、強力な積み技はLv50以降。,最低1つの命中90以上STABを維持し、自爆・テレポート・反動大技だけの直近4技を禁止。高レベル基礎種は中威力技を再挿入。,未収録・追加対象,B,最終統合ROMから現行表を抽出後、同名技の重複・ID衝突・取得時期を機械差分で確定する。
181,デンリュウ,ampharos,2,でんき,メリープ → モココ → デンリュウ,進化先／最終形,DPE-JP Learnsets.c＋ベガ既存表（既存種）,現代化重点監査,特殊アタッカー,かみなり / でんじは,進化時に役割技を1つ提示。主力STABはLv36～50、反動・積み・専用大技はLv50～65またはLv1思い出し。,DPE表を土台に、進化前へ過剰な終盤技がある場合は後期へ移動。広範囲高火力サブウェポンはレベル技ではなくTM／教え技に限定。,ボルトチェンジ,エレキネット,じゅうでん,専用技がある系統は進化時／Lv1思い出しに固定。戦闘専用フォームは基礎形の習得表を共有。,通常。高威力技はLv45以降、強力な積み技はLv50以降。,最低1つの命中90以上STABを維持し、自爆・テレポート・反動大技だけの直近4技を禁止。高レベル基礎種は中威力技を再挿入。,未収録・追加対象,B,最終統合ROMから現行表を抽出後、同名技の重複・ID衝突・取得時期を機械差分で確定する。
182,キレイハナ,bellossom,2,くさ,ナゾノクサ → クサイハナ → ラフレシア → キレイハナ,進化先／最終形,DPE-JP Learnsets.c＋ベガ既存表（既存種）,現代化重点監査,特殊寄り,エナジーボール / やどりぎのタネ,進化時に役割技を1つ提示。主力STABはLv36～50、反動・積み・専用大技はLv50～65またはLv1思い出し。,DPE表を土台に、進化前へ過剰な終盤技がある場合は後期へ移動。広範囲高火力サブウェポンはレベル技ではなくTM／教え技に限定。,くさむすび,グラススライダー,こうごうせい,専用技がある系統は進化時／Lv1思い出しに固定。戦闘専用フォームは基礎形の習得表を共有。,通常。高威力技はLv45以降、強力な積み技はLv50以降。,最低1つの命中90以上STABを維持し、自爆・テレポート・反動大技だけの直近4技を禁止。高レベル基礎種は中威力技を再挿入。,未収録・追加対象,B,最終統合ROMから現行表を抽出後、同名技の重複・ID衝突・取得時期を機械差分で確定する。
183,マリル,marill,2,みず／フェアリー,ルリリ → マリル → マリルリ,中間進化,DPE-JP Learnsets.c＋ベガ既存表（既存種）,現代化重点監査,特殊寄り,なみのり / あまごい / マジカルシャイン / あまえる,中威力STABをLv22～35、役割補助技を進化時またはLv30前後に配置。最終大技は先送り。,DPE表を土台に、進化前へ過剰な終盤技がある場合は後期へ移動。広範囲高火力サブウェポンはレベル技ではなくTM／教え技に限定。,アクアブレイク / マジカルシャイン,クイックターン / ミストバースト,アクアリング / ミストフィールド,専用技がある系統は進化時／Lv1思い出しに固定。戦闘専用フォームは基礎形の習得表を共有。,通常。高威力技はLv45以降、強力な積み技はLv50以降。,最低1つの命中90以上STABを維持し、自爆・テレポート・反動大技だけの直近4技を禁止。高レベル基礎種は中威力技を再挿入。,未収録・追加対象,B,最終統合ROMから現行表を抽出後、同名技の重複・ID衝突・取得時期を機械差分で確定する。
184,マリルリ,azumarill,2,みず／フェアリー,ルリリ → マリル → マリルリ,進化先／最終形,DPE-JP Learnsets.c＋ベガ既存表（既存種）,現代化重点監査,特殊寄り,ハイドロポンプ / あまごい / ムーンフォース / あまえる,進化時に役割技を1つ提示。主力STABはLv36～50、反動・積み・専用大技はLv50～65またはLv1思い出し。,DPE表を土台に、進化前へ過剰な終盤技がある場合は後期へ移動。広範囲高火力サブウェポンはレベル技ではなくTM／教え技に限定。,アクアブレイク / マジカルシャイン,クイックターン / ミストバースト,アクアリング / ミストフィールド,専用技がある系統は進化時／Lv1思い出しに固定。戦闘専用フォームは基礎形の習得表を共有。,通常。高威力技はLv45以降、強力な積み技はLv50以降。,最低1つの命中90以上STABを維持し、自爆・テレポート・反動大技だけの直近4技を禁止。高レベル基礎種は中威力技を再挿入。,未収録・追加対象,B,最終統合ROMから現行表を抽出後、同名技の重複・ID衝突・取得時期を機械差分で確定する。
185,ウソッキー,sudowoodo,2,いわ,ウソハチ → ウソッキー,進化先／最終形,DPE-JP Learnsets.c＋ベガ既存表（既存種）,現代化重点監査,物理アタッカー,ストーンエッジ / ステルスロック,進化時に役割技を1つ提示。主力STABはLv36～50、反動・積み・専用大技はLv50～65またはLv1思い出し。,DPE表を土台に、進化前へ過剰な終盤技がある場合は後期へ移動。広範囲高火力サブウェポンはレベル技ではなくTM／教え技に限定。,ステルスロック,メテオビーム,すなあらし,専用技がある系統は進化時／Lv1思い出しに固定。戦闘専用フォームは基礎形の習得表を共有。,通常。高威力技はLv45以降、強力な積み技はLv50以降。,最低1つの命中90以上STABを維持し、自爆・テレポート・反動大技だけの直近4技を禁止。高レベル基礎種は中威力技を再挿入。,未収録・追加対象,B,最終統合ROMから現行表を抽出後、同名技の重複・ID衝突・取得時期を機械差分で確定する。
186,ニョロトノ,politoed,2,みず,ニョロモ → ニョロゾ → ニョロボン → ニョロトノ,進化先／最終形,DPE-JP Learnsets.c＋ベガ既存表（既存種）,現代化重点監査,特殊アタッカー,ハイドロポンプ / あまごい,進化時に役割技を1つ提示。主力STABはLv36～50、反動・積み・専用大技はLv50～65またはLv1思い出し。,DPE表を土台に、進化前へ過剰な終盤技がある場合は後期へ移動。広範囲高火力サブウェポンはレベル技ではなくTM／教え技に限定。,アクアブレイク,クイックターン,アクアリング,専用技がある系統は進化時／Lv1思い出しに固定。戦闘専用フォームは基礎形の習得表を共有。,通常。高威力技はLv45以降、強力な積み技はLv50以降。,最低1つの命中90以上STABを維持し、自爆・テレポート・反動大技だけの直近4技を禁止。高レベル基礎種は中威力技を再挿入。,未収録・追加対象,B,最終統合ROMから現行表を抽出後、同名技の重複・ID衝突・取得時期を機械差分で確定する。
187,ハネッコ,hoppip,2,くさ／ひこう,ハネッコ → ポポッコ → ワタッコ,基礎形,DPE-JP Learnsets.c＋ベガ既存表（既存種）,現代化重点監査,特殊寄り,メガドレイン / やどりぎのタネ / かぜおこし / おいかぜ,安定したタイプ一致技をLv7～15、二段目をLv20～28に配置。進化前限定の補助技は思い出し対象に残す。,DPE表を土台に、進化前へ過剰な終盤技がある場合は後期へ移動。広範囲高火力サブウェポンはレベル技ではなくTM／教え技に限定。,くさむすび / アクロバット,グラススライダー / おいかぜ,こうごうせい / はねやすめ,専用技がある系統は進化時／Lv1思い出しに固定。戦闘専用フォームは基礎形の習得表を共有。,通常。高威力技はLv45以降、強力な積み技はLv50以降。,最低1つの命中90以上STABを維持し、自爆・テレポート・反動大技だけの直近4技を禁止。高レベル基礎種は中威力技を再挿入。,未収録・追加対象,B-,最終統合ROMから現行表を抽出後、同名技の重複・ID衝突・取得時期を機械差分で確定する。
188,ポポッコ,skiploom,2,くさ／ひこう,ハネッコ → ポポッコ → ワタッコ,中間進化,DPE-JP Learnsets.c＋ベガ既存表（既存種）,現代化重点監査,特殊寄り,ギガドレイン / やどりぎのタネ / エアスラッシュ / おいかぜ,中威力STABをLv22～35、役割補助技を進化時またはLv30前後に配置。最終大技は先送り。,DPE表を土台に、進化前へ過剰な終盤技がある場合は後期へ移動。広範囲高火力サブウェポンはレベル技ではなくTM／教え技に限定。,くさむすび / アクロバット,グラススライダー / おいかぜ,こうごうせい / はねやすめ,専用技がある系統は進化時／Lv1思い出しに固定。戦闘専用フォームは基礎形の習得表を共有。,通常。高威力技はLv45以降、強力な積み技はLv50以降。,最低1つの命中90以上STABを維持し、自爆・テレポート・反動大技だけの直近4技を禁止。高レベル基礎種は中威力技を再挿入。,未収録・追加対象,B,最終統合ROMから現行表を抽出後、同名技の重複・ID衝突・取得時期を機械差分で確定する。
189,ワタッコ,jumpluff,2,くさ／ひこう,ハネッコ → ポポッコ → ワタッコ,進化先／最終形,DPE-JP Learnsets.c＋ベガ既存表（既存種）,現代化重点監査,特殊寄り,エナジーボール / やどりぎのタネ / ぼうふう / おいかぜ,進化時に役割技を1つ提示。主力STABはLv36～50、反動・積み・専用大技はLv50～65またはLv1思い出し。,DPE表を土台に、進化前へ過剰な終盤技がある場合は後期へ移動。広範囲高火力サブウェポンはレベル技ではなくTM／教え技に限定。,くさむすび / アクロバット,グラススライダー / おいかぜ,こうごうせい / はねやすめ,専用技がある系統は進化時／Lv1思い出しに固定。戦闘専用フォームは基礎形の習得表を共有。,通常。高威力技はLv45以降、強力な積み技はLv50以降。,最低1つの命中90以上STABを維持し、自爆・テレポート・反動大技だけの直近4技を禁止。高レベル基礎種は中威力技を再挿入。,未収録・追加対象,B,最終統合ROMから現行表を抽出後、同名技の重複・ID衝突・取得時期を機械差分で確定する。
190,エイパム,aipom,2,ノーマル,エイパム → エテボース,基礎形,DPE-JP Learnsets.c＋ベガ既存表（既存種）,現代化重点監査,物理アタッカー,ずつき / アンコール,安定したタイプ一致技をLv7～15、二段目をLv20～28に配置。進化前限定の補助技は思い出し対象に残す。,DPE表を土台に、進化前へ過剰な終盤技がある場合は後期へ移動。広範囲高火力サブウェポンはレベル技ではなくTM／教え技に限定。,まもる,てだすけ,あくび,専用技がある系統は進化時／Lv1思い出しに固定。戦闘専用フォームは基礎形の習得表を共有。,通常。高威力技はLv45以降、強力な積み技はLv50以降。,最低1つの命中90以上STABを維持し、自爆・テレポート・反動大技だけの直近4技を禁止。高レベル基礎種は中威力技を再挿入。,未収録・追加対象,B-,最終統合ROMから現行表を抽出後、同名技の重複・ID衝突・取得時期を機械差分で確定する。
191,ヒマナッツ,sunkern,2,くさ,ヒマナッツ → キマワリ,基礎形,DPE-JP Learnsets.c＋ベガ既存表（既存種）,現代化重点監査,特殊寄り,メガドレイン / やどりぎのタネ,安定したタイプ一致技をLv7～15、二段目をLv20～28に配置。進化前限定の補助技は思い出し対象に残す。,DPE表を土台に、進化前へ過剰な終盤技がある場合は後期へ移動。広範囲高火力サブウェポンはレベル技ではなくTM／教え技に限定。,くさむすび,グラススライダー,こうごうせい,専用技がある系統は進化時／Lv1思い出しに固定。戦闘専用フォームは基礎形の習得表を共有。,通常。高威力技はLv45以降、強力な積み技はLv50以降。,最低1つの命中90以上STABを維持し、自爆・テレポート・反動大技だけの直近4技を禁止。高レベル基礎種は中威力技を再挿入。,未収録・追加対象,B-,最終統合ROMから現行表を抽出後、同名技の重複・ID衝突・取得時期を機械差分で確定する。
192,キマワリ,sunflora,2,くさ,ヒマナッツ → キマワリ,進化先／最終形,DPE-JP Learnsets.c＋ベガ既存表（既存種）,現代化重点監査,特殊寄り,エナジーボール / やどりぎのタネ,進化時に役割技を1つ提示。主力STABはLv36～50、反動・積み・専用大技はLv50～65またはLv1思い出し。,DPE表を土台に、進化前へ過剰な終盤技がある場合は後期へ移動。広範囲高火力サブウェポンはレベル技ではなくTM／教え技に限定。,くさむすび,グラススライダー,こうごうせい,専用技がある系統は進化時／Lv1思い出しに固定。戦闘専用フォームは基礎形の習得表を共有。,通常。高威力技はLv45以降、強力な積み技はLv50以降。,最低1つの命中90以上STABを維持し、自爆・テレポート・反動大技だけの直近4技を禁止。高レベル基礎種は中威力技を再挿入。,未収録・追加対象,B,最終統合ROMから現行表を抽出後、同名技の重複・ID衝突・取得時期を機械差分で確定する。
193,ヤンヤンマ,yanma,2,むし／ひこう,ヤンヤンマ → メガヤンマ,基礎形,DPE-JP Learnsets.c＋ベガ既存表（既存種）,現代化重点監査,物理寄り,むしくい / ねばねばネット / つばさでうつ / おいかぜ,安定したタイプ一致技をLv7～15、二段目をLv20～28に配置。進化前限定の補助技は思い出し対象に残す。,DPE表を土台に、進化前へ過剰な終盤技がある場合は後期へ移動。広範囲高火力サブウェポンはレベル技ではなくTM／教え技に限定。,とんぼがえり / アクロバット,むしくい / おいかぜ,いとをはく / はねやすめ,専用技がある系統は進化時／Lv1思い出しに固定。戦闘専用フォームは基礎形の習得表を共有。,通常。高威力技はLv45以降、強力な積み技はLv50以降。,最低1つの命中90以上STABを維持し、自爆・テレポート・反動大技だけの直近4技を禁止。高レベル基礎種は中威力技を再挿入。,未収録・追加対象,B-,最終統合ROMから現行表を抽出後、同名技の重複・ID衝突・取得時期を機械差分で確定する。
194,ウパー,wooper,2,みず／じめん,ウパー → ヌオー → ドオー,基礎形,DPE-JP Learnsets.c＋ベガ既存表（既存種）,現代化重点監査,物理寄り,アクアジェット / あまごい / どろかけ / すなあらし,安定したタイプ一致技をLv7～15、二段目をLv20～28に配置。進化前限定の補助技は思い出し対象に残す。,DPE表を土台に、進化前へ過剰な終盤技がある場合は後期へ移動。広範囲高火力サブウェポンはレベル技ではなくTM／教え技に限定。,アクアブレイク / じならし,クイックターン / ねっさのだいち,アクアリング / まきびし,専用技がある系統は進化時／Lv1思い出しに固定。戦闘専用フォームは基礎形の習得表を共有。,通常。高威力技はLv45以降、強力な積み技はLv50以降。,最低1つの命中90以上STABを維持し、自爆・テレポート・反動大技だけの直近4技を禁止。高レベル基礎種は中威力技を再挿入。,未収録・追加対象,B-,最終統合ROMから現行表を抽出後、同名技の重複・ID衝突・取得時期を機械差分で確定する。
195,ヌオー,quagsire,2,みず／じめん,ウパー → ヌオー → ドオー,中間進化,DPE-JP Learnsets.c＋ベガ既存表（既存種）,現代化重点監査,物理寄り,アクアブレイク / あまごい / じならし / すなあらし,中威力STABをLv22～35、役割補助技を進化時またはLv30前後に配置。最終大技は先送り。,DPE表を土台に、進化前へ過剰な終盤技がある場合は後期へ移動。広範囲高火力サブウェポンはレベル技ではなくTM／教え技に限定。,アクアブレイク / じならし,クイックターン / ねっさのだいち,アクアリング / まきびし,専用技がある系統は進化時／Lv1思い出しに固定。戦闘専用フォームは基礎形の習得表を共有。,通常。高威力技はLv45以降、強力な積み技はLv50以降。,最低1つの命中90以上STABを維持し、自爆・テレポート・反動大技だけの直近4技を禁止。高レベル基礎種は中威力技を再挿入。,未収録・追加対象,B,最終統合ROMから現行表を抽出後、同名技の重複・ID衝突・取得時期を機械差分で確定する。
196,エーフィ,espeon,2,エスパー,イーブイ → シャワーズ → サンダース → ブースター → エーフィ → ブラッキー → リーフィア → グレイシア → ニンフィア,進化先／最終形,DPE-JP Learnsets.c＋ベガ既存表（既存種）,現代化重点監査,特殊アタッカー,サイコショック / めいそう,進化時に役割技を1つ提示。主力STABはLv36～50、反動・積み・専用大技はLv50～65またはLv1思い出し。,DPE表を土台に、進化前へ過剰な終盤技がある場合は後期へ移動。広範囲高火力サブウェポンはレベル技ではなくTM／教え技に限定。,サイコショック,トリック,ひかりのかべ,専用技がある系統は進化時／Lv1思い出しに固定。戦闘専用フォームは基礎形の習得表を共有。,通常。高威力技はLv45以降、強力な積み技はLv50以降。,最低1つの命中90以上STABを維持し、自爆・テレポート・反動大技だけの直近4技を禁止。高レベル基礎種は中威力技を再挿入。,未収録・追加対象,B,最終統合ROMから現行表を抽出後、同名技の重複・ID衝突・取得時期を機械差分で確定する。
197,ブラッキー,umbreon,2,あく,イーブイ → シャワーズ → サンダース → ブースター → エーフィ → ブラッキー → リーフィア → グレイシア → ニンフィア,進化先／最終形,DPE-JP Learnsets.c＋ベガ既存表（既存種）,現代化重点監査,物理アタッカー,はたきおとす / ちょうはつ,進化時に役割技を1つ提示。主力STABはLv36～50、反動・積み・専用大技はLv50～65またはLv1思い出し。,DPE表を土台に、進化前へ過剰な終盤技がある場合は後期へ移動。広範囲高火力サブウェポンはレベル技ではなくTM／教え技に限定。,バークアウト,はたきおとす,わるだくみ,専用技がある系統は進化時／Lv1思い出しに固定。戦闘専用フォームは基礎形の習得表を共有。,通常。高威力技はLv45以降、強力な積み技はLv50以降。,最低1つの命中90以上STABを維持し、自爆・テレポート・反動大技だけの直近4技を禁止。高レベル基礎種は中威力技を再挿入。,未収録・追加対象,B,最終統合ROMから現行表を抽出後、同名技の重複・ID衝突・取得時期を機械差分で確定する。
198,ヤミカラス,murkrow,2,あく／ひこう,ヤミカラス → ドンカラス,基礎形,DPE-JP Learnsets.c＋ベガ既存表（既存種）,ベガ既存表保護＋選択的現代化,物理アタッカー,かみつく / ちょうはつ / つばさでうつ / おいかぜ,安定したタイプ一致技をLv7～15、二段目をLv20～28に配置。進化前限定の補助技は思い出し対象に残す。,ベガ既存の独自技・攻略導線を保持。無関係な高火力サブウェポン、NPC専用の違法技、早期の積み技だけをTM／教え技へ移す。,バークアウト / アクロバット,はたきおとす / おいかぜ,わるだくみ / はねやすめ,専用技がある系統は進化時／Lv1思い出しに固定。戦闘専用フォームは基礎形の習得表を共有。,通常。高威力技はLv45以降、強力な積み技はLv50以降。,最低1つの命中90以上STABを維持し、自爆・テレポート・反動大技だけの直近4技を禁止。高レベル基礎種は中威力技を再挿入。,既存（トーホク図鑑226）,B-,最終統合ROMから現行表を抽出後、同名技の重複・ID衝突・取得時期を機械差分で確定する。
199,ヤドキング,slowking,2,みず／エスパー,ヤドン → ヤドラン → ヤドキング,進化先／最終形,DPE-JP Learnsets.c＋ベガ既存表（既存種）,現代化重点監査,特殊アタッカー,ハイドロポンプ / あまごい / サイコショック / めいそう,進化時に役割技を1つ提示。主力STABはLv36～50、反動・積み・専用大技はLv50～65またはLv1思い出し。,DPE表を土台に、進化前へ過剰な終盤技がある場合は後期へ移動。広範囲高火力サブウェポンはレベル技ではなくTM／教え技に限定。,アクアブレイク / サイコショック,クイックターン / トリック,アクアリング / ひかりのかべ,専用技がある系統は進化時／Lv1思い出しに固定。戦闘専用フォームは基礎形の習得表を共有。,通常。高威力技はLv45以降、強力な積み技はLv50以降。,最低1つの命中90以上STABを維持し、自爆・テレポート・反動大技だけの直近4技を禁止。高レベル基礎種は中威力技を再挿入。,未収録・追加対象,B,最終統合ROMから現行表を抽出後、同名技の重複・ID衝突・取得時期を機械差分で確定する。
200,ムウマ,misdreavus,2,ゴースト,ムウマ → ムウマージ,基礎形,DPE-JP Learnsets.c＋ベガ既存表（既存種）,現代化重点監査,物理アタッカー,かげうち / おにび,安定したタイプ一致技をLv7～15、二段目をLv20～28に配置。進化前限定の補助技は思い出し対象に残す。,DPE表を土台に、進化前へ過剰な終盤技がある場合は後期へ移動。広範囲高火力サブウェポンはレベル技ではなくTM／教え技に限定。,シャドークロー,ポルターガイスト,みちづれ,専用技がある系統は進化時／Lv1思い出しに固定。戦闘専用フォームは基礎形の習得表を共有。,通常。高威力技はLv45以降、強力な積み技はLv50以降。,最低1つの命中90以上STABを維持し、自爆・テレポート・反動大技だけの直近4技を禁止。高レベル基礎種は中威力技を再挿入。,未収録・追加対象,B-,最終統合ROMから現行表を抽出後、同名技の重複・ID衝突・取得時期を機械差分で確定する。
201,アンノーン,unown,2,エスパー,アンノーン,基礎形,DPE-JP Learnsets.c＋ベガ既存表（既存種）,ベガ既存表保護＋選択的現代化,特殊アタッカー,ねんりき / めいそう,安定したタイプ一致技をLv7～15、二段目をLv20～28に配置。進化前限定の補助技は思い出し対象に残す。,ベガ既存の独自技・攻略導線を保持。無関係な高火力サブウェポン、NPC専用の違法技、早期の積み技だけをTM／教え技へ移す。,サイコショック,トリック,ひかりのかべ,専用技がある系統は進化時／Lv1思い出しに固定。戦闘専用フォームは基礎形の習得表を共有。,通常。高威力技はLv45以降、強力な積み技はLv50以降。,最低1つの命中90以上STABを維持し、自爆・テレポート・反動大技だけの直近4技を禁止。高レベル基礎種は中威力技を再挿入。,既存（トーホク図鑑201）,A,最終統合ROMから現行表を抽出後、同名技の重複・ID衝突・取得時期を機械差分で確定する。
202,ソーナンス,wobbuffet,2,エスパー,ソーナノ → ソーナンス,進化先／最終形,DPE-JP Learnsets.c＋ベガ既存表（既存種）,現代化重点監査,特殊寄り,サイコショック / めいそう,進化時に役割技を1つ提示。主力STABはLv36～50、反動・積み・専用大技はLv50～65またはLv1思い出し。,DPE表を土台に、進化前へ過剰な終盤技がある場合は後期へ移動。広範囲高火力サブウェポンはレベル技ではなくTM／教え技に限定。,サイコショック,トリック,ひかりのかべ,専用技がある系統は進化時／Lv1思い出しに固定。戦闘専用フォームは基礎形の習得表を共有。,通常。高威力技はLv45以降、強力な積み技はLv50以降。,最低1つの命中90以上STABを維持し、自爆・テレポート・反動大技だけの直近4技を禁止。高レベル基礎種は中威力技を再挿入。,未収録・追加対象,A,最終統合ROMから現行表を抽出後、同名技の重複・ID衝突・取得時期を機械差分で確定する。
203,キリンリキ,girafarig,2,ノーマル／エスパー,キリンリキ → リキキリン,基礎形,DPE-JP Learnsets.c＋ベガ既存表（既存種）,ベガ既存表保護＋選択的現代化,特殊アタッカー,スピードスター / アンコール / ねんりき / めいそう,安定したタイプ一致技をLv7～15、二段目をLv20～28に配置。進化前限定の補助技は思い出し対象に残す。,ベガ既存の独自技・攻略導線を保持。無関係な高火力サブウェポン、NPC専用の違法技、早期の積み技だけをTM／教え技へ移す。,まもる / サイコショック,てだすけ / トリック,あくび / ひかりのかべ,専用技がある系統は進化時／Lv1思い出しに固定。戦闘専用フォームは基礎形の習得表を共有。,通常。高威力技はLv45以降、強力な積み技はLv50以降。,最低1つの命中90以上STABを維持し、自爆・テレポート・反動大技だけの直近4技を禁止。高レベル基礎種は中威力技を再挿入。,既存（トーホク図鑑054）,B-,最終統合ROMから現行表を抽出後、同名技の重複・ID衝突・取得時期を機械差分で確定する。
204,クヌギダマ,pineco,2,むし,クヌギダマ → フォレトス,基礎形,DPE-JP Learnsets.c＋ベガ既存表（既存種）,ベガ既存表保護＋選択的現代化,物理寄り,むしくい / ねばねばネット,安定したタイプ一致技をLv7～15、二段目をLv20～28に配置。進化前限定の補助技は思い出し対象に残す。,ベガ既存の独自技・攻略導線を保持。無関係な高火力サブウェポン、NPC専用の違法技、早期の積み技だけをTM／教え技へ移す。,とんぼがえり,むしくい,いとをはく,専用技がある系統は進化時／Lv1思い出しに固定。戦闘専用フォームは基礎形の習得表を共有。,通常。高威力技はLv45以降、強力な積み技はLv50以降。,最低1つの命中90以上STABを維持し、自爆・テレポート・反動大技だけの直近4技を禁止。高レベル基礎種は中威力技を再挿入。,既存（トーホク図鑑039）,B-,最終統合ROMから現行表を抽出後、同名技の重複・ID衝突・取得時期を機械差分で確定する。
205,フォレトス,forretress,2,むし／はがね,クヌギダマ → フォレトス,進化先／最終形,DPE-JP Learnsets.c＋ベガ既存表（既存種）,ベガ既存表保護＋選択的現代化,物理寄り,メガホーン / ねばねばネット / ヘビーボンバー / てっぺき,進化時に役割技を1つ提示。主力STABはLv36～50、反動・積み・専用大技はLv50～65またはLv1思い出し。,ベガ既存の独自技・攻略導線を保持。無関係な高火力サブウェポン、NPC専用の違法技、早期の積み技だけをTM／教え技へ移す。,とんぼがえり / ラスターカノン,むしくい / アイアンヘッド,いとをはく / ボディプレス,専用技がある系統は進化時／Lv1思い出しに固定。戦闘専用フォームは基礎形の習得表を共有。,通常。高威力技はLv45以降、強力な積み技はLv50以降。,最低1つの命中90以上STABを維持し、自爆・テレポート・反動大技だけの直近4技を禁止。高レベル基礎種は中威力技を再挿入。,既存（トーホク図鑑040）,B,最終統合ROMから現行表を抽出後、同名技の重複・ID衝突・取得時期を機械差分で確定する。
206,ノコッチ,dunsparce,2,ノーマル,ノコッチ → ノココッチ,基礎形,DPE-JP Learnsets.c＋ベガ既存表（既存種）,ベガ既存表保護＋選択的現代化,物理寄り,ずつき / アンコール,安定したタイプ一致技をLv7～15、二段目をLv20～28に配置。進化前限定の補助技は思い出し対象に残す。,ベガ既存の独自技・攻略導線を保持。無関係な高火力サブウェポン、NPC専用の違法技、早期の積み技だけをTM／教え技へ移す。,まもる,てだすけ,あくび,専用技がある系統は進化時／Lv1思い出しに固定。戦闘専用フォームは基礎形の習得表を共有。,通常。高威力技はLv45以降、強力な積み技はLv50以降。,最低1つの命中90以上STABを維持し、自爆・テレポート・反動大技だけの直近4技を禁止。高レベル基礎種は中威力技を再挿入。,既存（トーホク図鑑363）,B-,最終統合ROMから現行表を抽出後、同名技の重複・ID衝突・取得時期を機械差分で確定する。
207,グライガー,gligar,2,じめん／ひこう,グライガー → グライオン,基礎形,DPE-JP Learnsets.c＋ベガ既存表（既存種）,現代化重点監査,物理アタッカー,どろかけ / すなあらし / つばさでうつ / おいかぜ,安定したタイプ一致技をLv7～15、二段目をLv20～28に配置。進化前限定の補助技は思い出し対象に残す。,DPE表を土台に、進化前へ過剰な終盤技がある場合は後期へ移動。広範囲高火力サブウェポンはレベル技ではなくTM／教え技に限定。,じならし / アクロバット,ねっさのだいち / おいかぜ,まきびし / はねやすめ,専用技がある系統は進化時／Lv1思い出しに固定。戦闘専用フォームは基礎形の習得表を共有。,通常。高威力技はLv45以降、強力な積み技はLv50以降。,最低1つの命中90以上STABを維持し、自爆・テレポート・反動大技だけの直近4技を禁止。高レベル基礎種は中威力技を再挿入。,未収録・追加対象,B-,最終統合ROMから現行表を抽出後、同名技の重複・ID衝突・取得時期を機械差分で確定する。
208,ハガネール,steelix,2,はがね／じめん,イワーク → ハガネール,進化先／最終形,DPE-JP Learnsets.c＋ベガ既存表（既存種）,現代化重点監査,物理寄り,ヘビーボンバー / てっぺき / じしん / すなあらし,進化時に役割技を1つ提示。主力STABはLv36～50、反動・積み・専用大技はLv50～65またはLv1思い出し。,DPE表を土台に、進化前へ過剰な終盤技がある場合は後期へ移動。広範囲高火力サブウェポンはレベル技ではなくTM／教え技に限定。,ラスターカノン / じならし,アイアンヘッド / ねっさのだいち,ボディプレス / まきびし,専用技がある系統は進化時／Lv1思い出しに固定。戦闘専用フォームは基礎形の習得表を共有。,通常。高威力技はLv45以降、強力な積み技はLv50以降。,最低1つの命中90以上STABを維持し、自爆・テレポート・反動大技だけの直近4技を禁止。高レベル基礎種は中威力技を再挿入。,未収録・追加対象,B,最終統合ROMから現行表を抽出後、同名技の重複・ID衝突・取得時期を機械差分で確定する。
209,ブルー,snubbull,2,フェアリー,ブルー → グランブル,基礎形,DPE-JP Learnsets.c＋ベガ既存表（既存種）,現代化重点監査,特殊寄り,ようせいのかぜ / あまえる,安定したタイプ一致技をLv7～15、二段目をLv20～28に配置。進化前限定の補助技は思い出し対象に残す。,DPE表を土台に、進化前へ過剰な終盤技がある場合は後期へ移動。広範囲高火力サブウェポンはレベル技ではなくTM／教え技に限定。,マジカルシャイン,ミストバースト,ミストフィールド,専用技がある系統は進化時／Lv1思い出しに固定。戦闘専用フォームは基礎形の習得表を共有。,通常。高威力技はLv45以降、強力な積み技はLv50以降。,最低1つの命中90以上STABを維持し、自爆・テレポート・反動大技だけの直近4技を禁止。高レベル基礎種は中威力技を再挿入。,未収録・追加対象,B-,最終統合ROMから現行表を抽出後、同名技の重複・ID衝突・取得時期を機械差分で確定する。
210,グランブル,granbull,2,フェアリー,ブルー → グランブル,進化先／最終形,DPE-JP Learnsets.c＋ベガ既存表（既存種）,現代化重点監査,物理アタッカー,じゃれつく / あまえる,進化時に役割技を1つ提示。主力STABはLv36～50、反動・積み・専用大技はLv50～65またはLv1思い出し。,DPE表を土台に、進化前へ過剰な終盤技がある場合は後期へ移動。広範囲高火力サブウェポンはレベル技ではなくTM／教え技に限定。,マジカルシャイン,ミストバースト,ミストフィールド,専用技がある系統は進化時／Lv1思い出しに固定。戦闘専用フォームは基礎形の習得表を共有。,通常。高威力技はLv45以降、強力な積み技はLv50以降。,最低1つの命中90以上STABを維持し、自爆・テレポート・反動大技だけの直近4技を禁止。高レベル基礎種は中威力技を再挿入。,未収録・追加対象,B,最終統合ROMから現行表を抽出後、同名技の重複・ID衝突・取得時期を機械差分で確定する。
211,ハリーセン,qwilfish,2,みず／どく,ハリーセン → ハリーマン,基礎形,DPE-JP Learnsets.c＋ベガ既存表（既存種）,現代化重点監査,補助寄り両刀,アクアジェット / みずのはどう / どくばり / アシッドボム,安定したタイプ一致技をLv7～15、二段目をLv20～28に配置。進化前限定の補助技は思い出し対象に残す。,DPE表を土台に、進化前へ過剰な終盤技がある場合は後期へ移動。広範囲高火力サブウェポンはレベル技ではなくTM／教え技に限定。,アクアブレイク / ベノムショック,クイックターン / ダストシュート,アクアリング / どくびし,専用技がある系統は進化時／Lv1思い出しに固定。戦闘専用フォームは基礎形の習得表を共有。,通常。高威力技はLv45以降、強力な積み技はLv50以降。,最低1つの命中90以上STABを維持し、自爆・テレポート・反動大技だけの直近4技を禁止。高レベル基礎種は中威力技を再挿入。,未収録・追加対象,B-,最終統合ROMから現行表を抽出後、同名技の重複・ID衝突・取得時期を機械差分で確定する。
212,ハッサム,scizor,2,むし／はがね,ストライク → ハッサム → バサギリ,中間進化,DPE-JP Learnsets.c＋ベガ既存表（既存種）,ベガ既存表保護＋選択的現代化,物理アタッカー,シザークロス / ねばねばネット / アイアンヘッド / てっぺき,中威力STABをLv22～35、役割補助技を進化時またはLv30前後に配置。最終大技は先送り。,ベガ既存の独自技・攻略導線を保持。無関係な高火力サブウェポン、NPC専用の違法技、早期の積み技だけをTM／教え技へ移す。,とんぼがえり / ラスターカノン,むしくい / アイアンヘッド,いとをはく / ボディプレス,専用技がある系統は進化時／Lv1思い出しに固定。戦闘専用フォームは基礎形の習得表を共有。,通常。高威力技はLv45以降、強力な積み技はLv50以降。,最低1つの命中90以上STABを維持し、自爆・テレポート・反動大技だけの直近4技を禁止。高レベル基礎種は中威力技を再挿入。,既存（トーホク図鑑258）,B,最終統合ROMから現行表を抽出後、同名技の重複・ID衝突・取得時期を機械差分で確定する。
213,ツボツボ,shuckle,2,むし／いわ,ツボツボ,基礎形,DPE-JP Learnsets.c＋ベガ既存表（既存種）,ベガ既存表保護＋選択的現代化,耐久・補助,むしくい / むしのていこう / いわおとし / げんしのちから,安定したタイプ一致技をLv7～15、二段目をLv20～28に配置。進化前限定の補助技は思い出し対象に残す。,ベガ既存の独自技・攻略導線を保持。無関係な高火力サブウェポン、NPC専用の違法技、早期の積み技だけをTM／教え技へ移す。,とんぼがえり / ステルスロック,むしくい / メテオビーム,いとをはく / すなあらし,専用技がある系統は進化時／Lv1思い出しに固定。戦闘専用フォームは基礎形の習得表を共有。,通常。高威力技はLv45以降、強力な積み技はLv50以降。,最低1つの命中90以上STABを維持し、自爆・テレポート・反動大技だけの直近4技を禁止。高レベル基礎種は中威力技を再挿入。,既存（トーホク図鑑093）,A,最終統合ROMから現行表を抽出後、同名技の重複・ID衝突・取得時期を機械差分で確定する。
214,ヘラクロス,heracross,2,むし／かくとう,ヘラクロス,基礎形,DPE-JP Learnsets.c＋ベガ既存表（既存種）,現代化重点監査,物理アタッカー,むしくい / ねばねばネット / いわくだき / ビルドアップ,安定したタイプ一致技をLv7～15、二段目をLv20～28に配置。進化前限定の補助技は思い出し対象に残す。,DPE表を土台に、進化前へ過剰な終盤技がある場合は後期へ移動。広範囲高火力サブウェポンはレベル技ではなくTM／教え技に限定。,とんぼがえり / ドレインパンチ,むしくい / コーチング,いとをはく / みきり,専用技がある系統は進化時／Lv1思い出しに固定。戦闘専用フォームは基礎形の習得表を共有。,通常。高威力技はLv45以降、強力な積み技はLv50以降。,最低1つの命中90以上STABを維持し、自爆・テレポート・反動大技だけの直近4技を禁止。高レベル基礎種は中威力技を再挿入。,未収録・追加対象,B-,最終統合ROMから現行表を抽出後、同名技の重複・ID衝突・取得時期を機械差分で確定する。
215,ニューラ,sneasel,2,あく／こおり,ニューラ → マニューラ → オオニューラ,基礎形,DPE-JP Learnsets.c＋ベガ既存表（既存種）,ベガ既存表保護＋選択的現代化,物理アタッカー,かみつく / ちょうはつ / こおりのつぶて / ゆきげしき,安定したタイプ一致技をLv7～15、二段目をLv20～28に配置。進化前限定の補助技は思い出し対象に残す。,ベガ既存の独自技・攻略導線を保持。無関係な高火力サブウェポン、NPC専用の違法技、早期の積み技だけをTM／教え技へ移す。,バークアウト / アイススピナー,はたきおとす / トリプルアクセル,わるだくみ / オーロラベール,専用技がある系統は進化時／Lv1思い出しに固定。戦闘専用フォームは基礎形の習得表を共有。,通常。高威力技はLv45以降、強力な積み技はLv50以降。,最低1つの命中90以上STABを維持し、自爆・テレポート・反動大技だけの直近4技を禁止。高レベル基礎種は中威力技を再挿入。,既存（トーホク図鑑247）,B-,最終統合ROMから現行表を抽出後、同名技の重複・ID衝突・取得時期を機械差分で確定する。
216,ヒメグマ,teddiursa,2,ノーマル,ヒメグマ → リングマ → ガチグマ,基礎形,DPE-JP Learnsets.c＋ベガ既存表（既存種）,現代化重点監査,物理寄り,ずつき / アンコール,安定したタイプ一致技をLv7～15、二段目をLv20～28に配置。進化前限定の補助技は思い出し対象に残す。,DPE表を土台に、進化前へ過剰な終盤技がある場合は後期へ移動。広範囲高火力サブウェポンはレベル技ではなくTM／教え技に限定。,まもる,てだすけ,あくび,専用技がある系統は進化時／Lv1思い出しに固定。戦闘専用フォームは基礎形の習得表を共有。,通常。高威力技はLv45以降、強力な積み技はLv50以降。,最低1つの命中90以上STABを維持し、自爆・テレポート・反動大技だけの直近4技を禁止。高レベル基礎種は中威力技を再挿入。,未収録・追加対象,B-,最終統合ROMから現行表を抽出後、同名技の重複・ID衝突・取得時期を機械差分で確定する。
217,リングマ,ursaring,2,ノーマル,ヒメグマ → リングマ → ガチグマ,中間進化,DPE-JP Learnsets.c＋ベガ既存表（既存種）,現代化重点監査,物理アタッカー,のしかかり / アンコール,中威力STABをLv22～35、役割補助技を進化時またはLv30前後に配置。最終大技は先送り。,DPE表を土台に、進化前へ過剰な終盤技がある場合は後期へ移動。広範囲高火力サブウェポンはレベル技ではなくTM／教え技に限定。,まもる,てだすけ,あくび,専用技がある系統は進化時／Lv1思い出しに固定。戦闘専用フォームは基礎形の習得表を共有。,通常。高威力技はLv45以降、強力な積み技はLv50以降。,最低1つの命中90以上STABを維持し、自爆・テレポート・反動大技だけの直近4技を禁止。高レベル基礎種は中威力技を再挿入。,未収録・追加対象,B,最終統合ROMから現行表を抽出後、同名技の重複・ID衝突・取得時期を機械差分で確定する。
218,マグマッグ,slugma,2,ほのお,マグマッグ → マグカルゴ,基礎形,DPE-JP Learnsets.c＋ベガ既存表（既存種）,現代化重点監査,特殊寄り,ひのこ / おにび,安定したタイプ一致技をLv7～15、二段目をLv20～28に配置。進化前限定の補助技は思い出し対象に残す。,DPE表を土台に、進化前へ過剰な終盤技がある場合は後期へ移動。広範囲高火力サブウェポンはレベル技ではなくTM／教え技に限定。,かえんほうしゃ,ねっぷう,にほんばれ,専用技がある系統は進化時／Lv1思い出しに固定。戦闘専用フォームは基礎形の習得表を共有。,通常。高威力技はLv45以降、強力な積み技はLv50以降。,最低1つの命中90以上STABを維持し、自爆・テレポート・反動大技だけの直近4技を禁止。高レベル基礎種は中威力技を再挿入。,未収録・追加対象,B-,最終統合ROMから現行表を抽出後、同名技の重複・ID衝突・取得時期を機械差分で確定する。
219,マグカルゴ,magcargo,2,ほのお／いわ,マグマッグ → マグカルゴ,進化先／最終形,DPE-JP Learnsets.c＋ベガ既存表（既存種）,現代化重点監査,両刀・可変,ニトロチャージ / かえんほうしゃ / おにび / いわなだれ,進化時に役割技を1つ提示。主力STABはLv36～50、反動・積み・専用大技はLv50～65またはLv1思い出し。,DPE表を土台に、進化前へ過剰な終盤技がある場合は後期へ移動。広範囲高火力サブウェポンはレベル技ではなくTM／教え技に限定。,かえんほうしゃ / ステルスロック,ねっぷう / メテオビーム,にほんばれ / すなあらし,専用技がある系統は進化時／Lv1思い出しに固定。戦闘専用フォームは基礎形の習得表を共有。,通常。高威力技はLv45以降、強力な積み技はLv50以降。,最低1つの命中90以上STABを維持し、自爆・テレポート・反動大技だけの直近4技を禁止。高レベル基礎種は中威力技を再挿入。,未収録・追加対象,B,最終統合ROMから現行表を抽出後、同名技の重複・ID衝突・取得時期を機械差分で確定する。
220,ウリムー,swinub,2,こおり／じめん,ウリムー → イノムー → マンムー,基礎形,DPE-JP Learnsets.c＋ベガ既存表（既存種）,ベガ既存表保護＋選択的現代化,両刀・可変,こおりのつぶて / こごえるかぜ / どろかけ / マッドショット,安定したタイプ一致技をLv7～15、二段目をLv20～28に配置。進化前限定の補助技は思い出し対象に残す。,ベガ既存の独自技・攻略導線を保持。無関係な高火力サブウェポン、NPC専用の違法技、早期の積み技だけをTM／教え技へ移す。,アイススピナー / じならし,トリプルアクセル / ねっさのだいち,オーロラベール / まきびし,専用技がある系統は進化時／Lv1思い出しに固定。戦闘専用フォームは基礎形の習得表を共有。,通常。高威力技はLv45以降、強力な積み技はLv50以降。,最低1つの命中90以上STABを維持し、自爆・テレポート・反動大技だけの直近4技を禁止。高レベル基礎種は中威力技を再挿入。,既存（トーホク図鑑323）,B-,最終統合ROMから現行表を抽出後、同名技の重複・ID衝突・取得時期を機械差分で確定する。
221,イノムー,piloswine,2,こおり／じめん,ウリムー → イノムー → マンムー,中間進化,DPE-JP Learnsets.c＋ベガ既存表（既存種）,ベガ既存表保護＋選択的現代化,両刀・可変,アイススピナー / れいとうビーム / じならし / だいちのちから,中威力STABをLv22～35、役割補助技を進化時またはLv30前後に配置。最終大技は先送り。,ベガ既存の独自技・攻略導線を保持。無関係な高火力サブウェポン、NPC専用の違法技、早期の積み技だけをTM／教え技へ移す。,アイススピナー / じならし,トリプルアクセル / ねっさのだいち,オーロラベール / まきびし,専用技がある系統は進化時／Lv1思い出しに固定。戦闘専用フォームは基礎形の習得表を共有。,通常。高威力技はLv45以降、強力な積み技はLv50以降。,最低1つの命中90以上STABを維持し、自爆・テレポート・反動大技だけの直近4技を禁止。高レベル基礎種は中威力技を再挿入。,既存（トーホク図鑑324）,B,最終統合ROMから現行表を抽出後、同名技の重複・ID衝突・取得時期を機械差分で確定する。
222,サニーゴ,corsola,2,みず／いわ,サニーゴ → サニゴーン,基礎形,DPE-JP Learnsets.c＋ベガ既存表（既存種）,現代化重点監査,物理寄り,アクアジェット / あまごい / いわおとし / ステルスロック,安定したタイプ一致技をLv7～15、二段目をLv20～28に配置。進化前限定の補助技は思い出し対象に残す。,DPE表を土台に、進化前へ過剰な終盤技がある場合は後期へ移動。広範囲高火力サブウェポンはレベル技ではなくTM／教え技に限定。,アクアブレイク / ステルスロック,クイックターン / メテオビーム,アクアリング / すなあらし,専用技がある系統は進化時／Lv1思い出しに固定。戦闘専用フォームは基礎形の習得表を共有。,通常。高威力技はLv45以降、強力な積み技はLv50以降。,最低1つの命中90以上STABを維持し、自爆・テレポート・反動大技だけの直近4技を禁止。高レベル基礎種は中威力技を再挿入。,未収録・追加対象,B-,最終統合ROMから現行表を抽出後、同名技の重複・ID衝突・取得時期を機械差分で確定する。
223,テッポウオ,remoraid,2,みず,テッポウオ → オクタン,基礎形,DPE-JP Learnsets.c＋ベガ既存表（既存種）,ベガ既存表保護＋選択的現代化,両刀・可変,アクアジェット / みずのはどう,安定したタイプ一致技をLv7～15、二段目をLv20～28に配置。進化前限定の補助技は思い出し対象に残す。,ベガ既存の独自技・攻略導線を保持。無関係な高火力サブウェポン、NPC専用の違法技、早期の積み技だけをTM／教え技へ移す。,アクアブレイク,クイックターン,アクアリング,専用技がある系統は進化時／Lv1思い出しに固定。戦闘専用フォームは基礎形の習得表を共有。,通常。高威力技はLv45以降、強力な積み技はLv50以降。,最低1つの命中90以上STABを維持し、自爆・テレポート・反動大技だけの直近4技を禁止。高レベル基礎種は中威力技を再挿入。,既存（トーホク図鑑210）,B-,最終統合ROMから現行表を抽出後、同名技の重複・ID衝突・取得時期を機械差分で確定する。
224,オクタン,octillery,2,みず,テッポウオ → オクタン,進化先／最終形,DPE-JP Learnsets.c＋ベガ既存表（既存種）,ベガ既存表保護＋選択的現代化,両刀・可変,アクアブレイク / なみのり / あまごい,進化時に役割技を1つ提示。主力STABはLv36～50、反動・積み・専用大技はLv50～65またはLv1思い出し。,ベガ既存の独自技・攻略導線を保持。無関係な高火力サブウェポン、NPC専用の違法技、早期の積み技だけをTM／教え技へ移す。,アクアブレイク,クイックターン,アクアリング,専用技がある系統は進化時／Lv1思い出しに固定。戦闘専用フォームは基礎形の習得表を共有。,通常。高威力技はLv45以降、強力な積み技はLv50以降。,最低1つの命中90以上STABを維持し、自爆・テレポート・反動大技だけの直近4技を禁止。高レベル基礎種は中威力技を再挿入。,既存（トーホク図鑑211）,B,最終統合ROMから現行表を抽出後、同名技の重複・ID衝突・取得時期を機械差分で確定する。
225,デリバード,delibird,2,こおり／ひこう,デリバード,基礎形,DPE-JP Learnsets.c＋ベガ既存表（既存種）,ベガ既存表保護＋選択的現代化,特殊寄り,こごえるかぜ / ゆきげしき / かぜおこし / おいかぜ,安定したタイプ一致技をLv7～15、二段目をLv20～28に配置。進化前限定の補助技は思い出し対象に残す。,ベガ既存の独自技・攻略導線を保持。無関係な高火力サブウェポン、NPC専用の違法技、早期の積み技だけをTM／教え技へ移す。,アイススピナー / アクロバット,トリプルアクセル / おいかぜ,オーロラベール / はねやすめ,専用技がある系統は進化時／Lv1思い出しに固定。戦闘専用フォームは基礎形の習得表を共有。,通常。高威力技はLv45以降、強力な積み技はLv50以降。,最低1つの命中90以上STABを維持し、自爆・テレポート・反動大技だけの直近4技を禁止。高レベル基礎種は中威力技を再挿入。,既存（トーホク図鑑359）,B-,最終統合ROMから現行表を抽出後、同名技の重複・ID衝突・取得時期を機械差分で確定する。
226,マンタイン,mantine,2,みず／ひこう,タマンタ → マンタイン,進化先／最終形,DPE-JP Learnsets.c＋ベガ既存表（既存種）,現代化重点監査,両刀・可変,アクアブレイク / なみのり / あまごい / ドリルくちばし,進化時に役割技を1つ提示。主力STABはLv36～50、反動・積み・専用大技はLv50～65またはLv1思い出し。,DPE表を土台に、進化前へ過剰な終盤技がある場合は後期へ移動。広範囲高火力サブウェポンはレベル技ではなくTM／教え技に限定。,アクアブレイク / アクロバット,クイックターン / おいかぜ,アクアリング / はねやすめ,専用技がある系統は進化時／Lv1思い出しに固定。戦闘専用フォームは基礎形の習得表を共有。,通常。高威力技はLv45以降、強力な積み技はLv50以降。,最低1つの命中90以上STABを維持し、自爆・テレポート・反動大技だけの直近4技を禁止。高レベル基礎種は中威力技を再挿入。,未収録・追加対象,B,最終統合ROMから現行表を抽出後、同名技の重複・ID衝突・取得時期を機械差分で確定する。
227,エアームド,skarmory,2,はがね／ひこう,エアームド,基礎形,DPE-JP Learnsets.c＋ベガ既存表（既存種）,ベガ既存表保護＋選択的現代化,物理寄り,メタルクロー / てっぺき / つばさでうつ / おいかぜ,安定したタイプ一致技をLv7～15、二段目をLv20～28に配置。進化前限定の補助技は思い出し対象に残す。,ベガ既存の独自技・攻略導線を保持。無関係な高火力サブウェポン、NPC専用の違法技、早期の積み技だけをTM／教え技へ移す。,ラスターカノン / アクロバット,アイアンヘッド / おいかぜ,ボディプレス / はねやすめ,専用技がある系統は進化時／Lv1思い出しに固定。戦闘専用フォームは基礎形の習得表を共有。,通常。高威力技はLv45以降、強力な積み技はLv50以降。,最低1つの命中90以上STABを維持し、自爆・テレポート・反動大技だけの直近4技を禁止。高レベル基礎種は中威力技を再挿入。,既存（トーホク図鑑028）,B-,最終統合ROMから現行表を抽出後、同名技の重複・ID衝突・取得時期を機械差分で確定する。
228,デルビル,houndour,2,あく／ほのお,デルビル → ヘルガー,基礎形,DPE-JP Learnsets.c＋ベガ既存表（既存種）,ベガ既存表保護＋選択的現代化,両刀・可変,かみつく / バークアウト / ほのおのキバ / ひのこ,安定したタイプ一致技をLv7～15、二段目をLv20～28に配置。進化前限定の補助技は思い出し対象に残す。,ベガ既存の独自技・攻略導線を保持。無関係な高火力サブウェポン、NPC専用の違法技、早期の積み技だけをTM／教え技へ移す。,バークアウト / かえんほうしゃ,はたきおとす / ねっぷう,わるだくみ / にほんばれ,専用技がある系統は進化時／Lv1思い出しに固定。戦闘専用フォームは基礎形の習得表を共有。,通常。高威力技はLv45以降、強力な積み技はLv50以降。,最低1つの命中90以上STABを維持し、自爆・テレポート・反動大技だけの直近4技を禁止。高レベル基礎種は中威力技を再挿入。,既存（トーホク図鑑014）,B-,最終統合ROMから現行表を抽出後、同名技の重複・ID衝突・取得時期を機械差分で確定する。
229,ヘルガー,houndoom,2,あく／ほのお,デルビル → ヘルガー,進化先／最終形,DPE-JP Learnsets.c＋ベガ既存表（既存種）,ベガ既存表保護＋選択的現代化,特殊アタッカー,イカサマ / ちょうはつ / だいもんじ / おにび,進化時に役割技を1つ提示。主力STABはLv36～50、反動・積み・専用大技はLv50～65またはLv1思い出し。,ベガ既存の独自技・攻略導線を保持。無関係な高火力サブウェポン、NPC専用の違法技、早期の積み技だけをTM／教え技へ移す。,バークアウト / かえんほうしゃ,はたきおとす / ねっぷう,わるだくみ / にほんばれ,専用技がある系統は進化時／Lv1思い出しに固定。戦闘専用フォームは基礎形の習得表を共有。,通常。高威力技はLv45以降、強力な積み技はLv50以降。,最低1つの命中90以上STABを維持し、自爆・テレポート・反動大技だけの直近4技を禁止。高レベル基礎種は中威力技を再挿入。,既存（トーホク図鑑015）,B,最終統合ROMから現行表を抽出後、同名技の重複・ID衝突・取得時期を機械差分で確定する。
230,キングドラ,kingdra,2,みず／ドラゴン,タッツー → シードラ → キングドラ,進化先／最終形,DPE-JP Learnsets.c＋ベガ既存表（既存種）,現代化重点監査,特殊アタッカー,ハイドロポンプ / あまごい / りゅうせいぐん / りゅうのまい,進化時に役割技を1つ提示。主力STABはLv36～50、反動・積み・専用大技はLv50～65またはLv1思い出し。,DPE表を土台に、進化前へ過剰な終盤技がある場合は後期へ移動。広範囲高火力サブウェポンはレベル技ではなくTM／教え技に限定。,アクアブレイク / ワイドブレイカー,クイックターン / りゅうせいぐん,アクアリング / こわいかお,専用技がある系統は進化時／Lv1思い出しに固定。戦闘専用フォームは基礎形の習得表を共有。,8バッジ以降のタイプ教え技,最低1つの命中90以上STABを維持し、自爆・テレポート・反動大技だけの直近4技を禁止。高レベル基礎種は中威力技を再挿入。,未収録・追加対象,B,最終統合ROMから現行表を抽出後、同名技の重複・ID衝突・取得時期を機械差分で確定する。
231,ゴマゾウ,phanpy,2,じめん,ゴマゾウ → ドンファン,基礎形,DPE-JP Learnsets.c＋ベガ既存表（既存種）,現代化重点監査,物理寄り,どろかけ / すなあらし,安定したタイプ一致技をLv7～15、二段目をLv20～28に配置。進化前限定の補助技は思い出し対象に残す。,DPE表を土台に、進化前へ過剰な終盤技がある場合は後期へ移動。広範囲高火力サブウェポンはレベル技ではなくTM／教え技に限定。,じならし,ねっさのだいち,まきびし,専用技がある系統は進化時／Lv1思い出しに固定。戦闘専用フォームは基礎形の習得表を共有。,通常。高威力技はLv45以降、強力な積み技はLv50以降。,最低1つの命中90以上STABを維持し、自爆・テレポート・反動大技だけの直近4技を禁止。高レベル基礎種は中威力技を再挿入。,未収録・追加対象,B-,最終統合ROMから現行表を抽出後、同名技の重複・ID衝突・取得時期を機械差分で確定する。
232,ドンファン,donphan,2,じめん,ゴマゾウ → ドンファン,進化先／最終形,DPE-JP Learnsets.c＋ベガ既存表（既存種）,現代化重点監査,物理アタッカー,じしん / すなあらし,進化時に役割技を1つ提示。主力STABはLv36～50、反動・積み・専用大技はLv50～65またはLv1思い出し。,DPE表を土台に、進化前へ過剰な終盤技がある場合は後期へ移動。広範囲高火力サブウェポンはレベル技ではなくTM／教え技に限定。,じならし,ねっさのだいち,まきびし,専用技がある系統は進化時／Lv1思い出しに固定。戦闘専用フォームは基礎形の習得表を共有。,通常。高威力技はLv45以降、強力な積み技はLv50以降。,最低1つの命中90以上STABを維持し、自爆・テレポート・反動大技だけの直近4技を禁止。高レベル基礎種は中威力技を再挿入。,未収録・追加対象,B,最終統合ROMから現行表を抽出後、同名技の重複・ID衝突・取得時期を機械差分で確定する。
233,ポリゴン２,porygon2,2,ノーマル,ポリゴン → ポリゴン２ → ポリゴンＺ,中間進化,DPE-JP Learnsets.c＋ベガ既存表（既存種）,ベガ既存表保護＋選択的現代化,特殊アタッカー,ハイパーボイス / アンコール,中威力STABをLv22～35、役割補助技を進化時またはLv30前後に配置。最終大技は先送り。,ベガ既存の独自技・攻略導線を保持。無関係な高火力サブウェポン、NPC専用の違法技、早期の積み技だけをTM／教え技へ移す。,まもる,てだすけ,あくび,専用技がある系統は進化時／Lv1思い出しに固定。戦闘専用フォームは基礎形の習得表を共有。,通常。高威力技はLv45以降、強力な積み技はLv50以降。,最低1つの命中90以上STABを維持し、自爆・テレポート・反動大技だけの直近4技を禁止。高レベル基礎種は中威力技を再挿入。,既存（トーホク図鑑076）,B,最終統合ROMから現行表を抽出後、同名技の重複・ID衝突・取得時期を機械差分で確定する。
234,オドシシ,stantler,2,ノーマル,オドシシ → アヤシシ,基礎形,DPE-JP Learnsets.c＋ベガ既存表（既存種）,現代化重点監査,物理寄り,ずつき / アンコール,安定したタイプ一致技をLv7～15、二段目をLv20～28に配置。進化前限定の補助技は思い出し対象に残す。,DPE表を土台に、進化前へ過剰な終盤技がある場合は後期へ移動。広範囲高火力サブウェポンはレベル技ではなくTM／教え技に限定。,まもる,てだすけ,あくび,専用技がある系統は進化時／Lv1思い出しに固定。戦闘専用フォームは基礎形の習得表を共有。,通常。高威力技はLv45以降、強力な積み技はLv50以降。,最低1つの命中90以上STABを維持し、自爆・テレポート・反動大技だけの直近4技を禁止。高レベル基礎種は中威力技を再挿入。,未収録・追加対象,B-,最終統合ROMから現行表を抽出後、同名技の重複・ID衝突・取得時期を機械差分で確定する。
235,ドーブル,smeargle,2,ノーマル,ドーブル,基礎形,DPE-JP Learnsets.c＋ベガ既存表（既存種）,現代化重点監査,耐久・補助,ずつき / スピードスター,安定したタイプ一致技をLv7～15、二段目をLv20～28に配置。進化前限定の補助技は思い出し対象に残す。,DPE表を土台に、進化前へ過剰な終盤技がある場合は後期へ移動。広範囲高火力サブウェポンはレベル技ではなくTM／教え技に限定。,まもる,てだすけ,あくび,専用技がある系統は進化時／Lv1思い出しに固定。戦闘専用フォームは基礎形の習得表を共有。,通常。高威力技はLv45以降、強力な積み技はLv50以降。,最低1つの命中90以上STABを維持し、自爆・テレポート・反動大技だけの直近4技を禁止。高レベル基礎種は中威力技を再挿入。,未収録・追加対象,A,最終統合ROMから現行表を抽出後、同名技の重複・ID衝突・取得時期を機械差分で確定する。
236,バルキー,tyrogue,2,かくとう,バルキー → サワムラー → エビワラー → カポエラー,基礎形,DPE-JP Learnsets.c＋ベガ既存表（既存種）,ベガ既存表保護＋選択的現代化,物理寄り,いわくだき / ビルドアップ,安定したタイプ一致技をLv7～15、二段目をLv20～28に配置。進化前限定の補助技は思い出し対象に残す。,ベガ既存の独自技・攻略導線を保持。無関係な高火力サブウェポン、NPC専用の違法技、早期の積み技だけをTM／教え技へ移す。,ドレインパンチ,コーチング,みきり,専用技がある系統は進化時／Lv1思い出しに固定。戦闘専用フォームは基礎形の習得表を共有。,通常。高威力技はLv45以降、強力な積み技はLv50以降。,最低1つの命中90以上STABを維持し、自爆・テレポート・反動大技だけの直近4技を禁止。高レベル基礎種は中威力技を再挿入。,既存（トーホク図鑑046）,B-,最終統合ROMから現行表を抽出後、同名技の重複・ID衝突・取得時期を機械差分で確定する。
237,カポエラー,hitmontop,2,かくとう,バルキー → サワムラー → エビワラー → カポエラー,進化先／最終形,DPE-JP Learnsets.c＋ベガ既存表（既存種）,ベガ既存表保護＋選択的現代化,物理寄り,インファイト / ビルドアップ,進化時に役割技を1つ提示。主力STABはLv36～50、反動・積み・専用大技はLv50～65またはLv1思い出し。,ベガ既存の独自技・攻略導線を保持。無関係な高火力サブウェポン、NPC専用の違法技、早期の積み技だけをTM／教え技へ移す。,ドレインパンチ,コーチング,みきり,専用技がある系統は進化時／Lv1思い出しに固定。戦闘専用フォームは基礎形の習得表を共有。,通常。高威力技はLv45以降、強力な積み技はLv50以降。,最低1つの命中90以上STABを維持し、自爆・テレポート・反動大技だけの直近4技を禁止。高レベル基礎種は中威力技を再挿入。,既存（トーホク図鑑049）,B,最終統合ROMから現行表を抽出後、同名技の重複・ID衝突・取得時期を機械差分で確定する。
238,ムチュール,smoochum,2,こおり／エスパー,ムチュール → ルージュラ,基礎形,DPE-JP Learnsets.c＋ベガ既存表（既存種）,ベガ既存表保護＋選択的現代化,特殊寄り,こごえるかぜ / ゆきげしき / ねんりき / めいそう,安定したタイプ一致技をLv7～15、二段目をLv20～28に配置。進化前限定の補助技は思い出し対象に残す。,ベガ既存の独自技・攻略導線を保持。無関係な高火力サブウェポン、NPC専用の違法技、早期の積み技だけをTM／教え技へ移す。,アイススピナー / サイコショック,トリプルアクセル / トリック,オーロラベール / ひかりのかべ,専用技がある系統は進化時／Lv1思い出しに固定。戦闘専用フォームは基礎形の習得表を共有。,通常。高威力技はLv45以降、強力な積み技はLv50以降。,最低1つの命中90以上STABを維持し、自爆・テレポート・反動大技だけの直近4技を禁止。高レベル基礎種は中威力技を再挿入。,既存（トーホク図鑑184）,B-,最終統合ROMから現行表を抽出後、同名技の重複・ID衝突・取得時期を機械差分で確定する。
239,エレキッド,elekid,2,でんき,エレキッド → エレブー → エレキブル,基礎形,DPE-JP Learnsets.c＋ベガ既存表（既存種）,ベガ既存表保護＋選択的現代化,特殊寄り,でんきショック / でんじは,安定したタイプ一致技をLv7～15、二段目をLv20～28に配置。進化前限定の補助技は思い出し対象に残す。,ベガ既存の独自技・攻略導線を保持。無関係な高火力サブウェポン、NPC専用の違法技、早期の積み技だけをTM／教え技へ移す。,ボルトチェンジ,エレキネット,じゅうでん,専用技がある系統は進化時／Lv1思い出しに固定。戦闘専用フォームは基礎形の習得表を共有。,通常。高威力技はLv45以降、強力な積み技はLv50以降。,最低1つの命中90以上STABを維持し、自爆・テレポート・反動大技だけの直近4技を禁止。高レベル基礎種は中威力技を再挿入。,既存（トーホク図鑑112）,B-,最終統合ROMから現行表を抽出後、同名技の重複・ID衝突・取得時期を機械差分で確定する。
240,ブビィ,magby,2,ほのお,ブビィ → ブーバー → ブーバーン,基礎形,DPE-JP Learnsets.c＋ベガ既存表（既存種）,ベガ既存表保護＋選択的現代化,特殊寄り,ひのこ / おにび,安定したタイプ一致技をLv7～15、二段目をLv20～28に配置。進化前限定の補助技は思い出し対象に残す。,ベガ既存の独自技・攻略導線を保持。無関係な高火力サブウェポン、NPC専用の違法技、早期の積み技だけをTM／教え技へ移す。,かえんほうしゃ,ねっぷう,にほんばれ,専用技がある系統は進化時／Lv1思い出しに固定。戦闘専用フォームは基礎形の習得表を共有。,通常。高威力技はLv45以降、強力な積み技はLv50以降。,最低1つの命中90以上STABを維持し、自爆・テレポート・反動大技だけの直近4技を禁止。高レベル基礎種は中威力技を再挿入。,既存（トーホク図鑑115）,B-,最終統合ROMから現行表を抽出後、同名技の重複・ID衝突・取得時期を機械差分で確定する。
241,ミルタンク,miltank,2,ノーマル,ミルタンク,基礎形,DPE-JP Learnsets.c＋ベガ既存表（既存種）,ベガ既存表保護＋選択的現代化,物理寄り,ずつき / アンコール,安定したタイプ一致技をLv7～15、二段目をLv20～28に配置。進化前限定の補助技は思い出し対象に残す。,ベガ既存の独自技・攻略導線を保持。無関係な高火力サブウェポン、NPC専用の違法技、早期の積み技だけをTM／教え技へ移す。,まもる,てだすけ,あくび,専用技がある系統は進化時／Lv1思い出しに固定。戦闘専用フォームは基礎形の習得表を共有。,通常。高威力技はLv45以降、強力な積み技はLv50以降。,最低1つの命中90以上STABを維持し、自爆・テレポート・反動大技だけの直近4技を禁止。高レベル基礎種は中威力技を再挿入。,既存（トーホク図鑑092）,B-,最終統合ROMから現行表を抽出後、同名技の重複・ID衝突・取得時期を機械差分で確定する。
242,ハピナス,blissey,2,ノーマル,ピンプク → ラッキー → ハピナス,進化先／最終形,DPE-JP Learnsets.c＋ベガ既存表（既存種）,ベガ既存表保護＋選択的現代化,耐久・補助,ハイパーボイス / アンコール / あくび,進化時に役割技を1つ提示。主力STABはLv36～50、反動・積み・専用大技はLv50～65またはLv1思い出し。,ベガ既存の独自技・攻略導線を保持。無関係な高火力サブウェポン、NPC専用の違法技、早期の積み技だけをTM／教え技へ移す。,まもる,てだすけ,あくび,専用技がある系統は進化時／Lv1思い出しに固定。戦闘専用フォームは基礎形の習得表を共有。,通常。高威力技はLv45以降、強力な積み技はLv50以降。,最低1つの命中90以上STABを維持し、自爆・テレポート・反動大技だけの直近4技を禁止。高レベル基礎種は中威力技を再挿入。,既存（トーホク図鑑289）,A,最終統合ROMから現行表を抽出後、同名技の重複・ID衝突・取得時期を機械差分で確定する。
243,ライコウ,raikou,2,でんき,ライコウ,基礎形,DPE-JP Learnsets.c＋ベガ既存表（既存種）,ベガ既存表保護＋選択的現代化,特殊寄り,でんきショック / でんじは,安定したタイプ一致技をLv7～15、二段目をLv20～28に配置。進化前限定の補助技は思い出し対象に残す。,ベガ既存の独自技・攻略導線を保持。無関係な高火力サブウェポン、NPC専用の違法技、早期の積み技だけをTM／教え技へ移す。,ボルトチェンジ,エレキネット,なし（タマゴ未発見／伝説・幻）,専用技がある系統は進化時／Lv1思い出しに固定。戦闘専用フォームは基礎形の習得表を共有。,通常。高威力技はLv45以降、強力な積み技はLv50以降。,最低1つの命中90以上STABを維持し、自爆・テレポート・反動大技だけの直近4技を禁止。高レベル基礎種は中威力技を再挿入。,既存（トーホク図鑑139）,B-,最終統合ROMから現行表を抽出後、同名技の重複・ID衝突・取得時期を機械差分で確定する。
244,エンテイ,entei,2,ほのお,エンテイ,基礎形,DPE-JP Learnsets.c＋ベガ既存表（既存種）,ベガ既存表保護＋選択的現代化,特殊寄り,ひのこ / おにび,安定したタイプ一致技をLv7～15、二段目をLv20～28に配置。進化前限定の補助技は思い出し対象に残す。,ベガ既存の独自技・攻略導線を保持。無関係な高火力サブウェポン、NPC専用の違法技、早期の積み技だけをTM／教え技へ移す。,かえんほうしゃ,ねっぷう,なし（タマゴ未発見／伝説・幻）,専用技がある系統は進化時／Lv1思い出しに固定。戦闘専用フォームは基礎形の習得表を共有。,通常。高威力技はLv45以降、強力な積み技はLv50以降。,最低1つの命中90以上STABを維持し、自爆・テレポート・反動大技だけの直近4技を禁止。高レベル基礎種は中威力技を再挿入。,既存（トーホク図鑑140）,B-,最終統合ROMから現行表を抽出後、同名技の重複・ID衝突・取得時期を機械差分で確定する。
245,スイクン,suicune,2,みず,スイクン,基礎形,DPE-JP Learnsets.c＋ベガ既存表（既存種）,ベガ既存表保護＋選択的現代化,両刀・可変,アクアジェット / みずのはどう,安定したタイプ一致技をLv7～15、二段目をLv20～28に配置。進化前限定の補助技は思い出し対象に残す。,ベガ既存の独自技・攻略導線を保持。無関係な高火力サブウェポン、NPC専用の違法技、早期の積み技だけをTM／教え技へ移す。,アクアブレイク,クイックターン,なし（タマゴ未発見／伝説・幻）,専用技がある系統は進化時／Lv1思い出しに固定。戦闘専用フォームは基礎形の習得表を共有。,通常。高威力技はLv45以降、強力な積み技はLv50以降。,最低1つの命中90以上STABを維持し、自爆・テレポート・反動大技だけの直近4技を禁止。高レベル基礎種は中威力技を再挿入。,既存（トーホク図鑑141）,B-,最終統合ROMから現行表を抽出後、同名技の重複・ID衝突・取得時期を機械差分で確定する。
246,ヨーギラス,larvitar,2,いわ／じめん,ヨーギラス → サナギラス → バンギラス,基礎形,DPE-JP Learnsets.c＋ベガ既存表（既存種）,ベガ既存表保護＋選択的現代化,物理寄り,いわおとし / ステルスロック / どろかけ / すなあらし,安定したタイプ一致技をLv7～15、二段目をLv20～28に配置。進化前限定の補助技は思い出し対象に残す。,ベガ既存の独自技・攻略導線を保持。無関係な高火力サブウェポン、NPC専用の違法技、早期の積み技だけをTM／教え技へ移す。,ステルスロック / じならし,メテオビーム / ねっさのだいち,すなあらし / まきびし,専用技がある系統は進化時／Lv1思い出しに固定。戦闘専用フォームは基礎形の習得表を共有。,通常。高威力技はLv45以降、強力な積み技はLv50以降。,最低1つの命中90以上STABを維持し、自爆・テレポート・反動大技だけの直近4技を禁止。高レベル基礎種は中威力技を再挿入。,既存（トーホク図鑑124）,B-,最終統合ROMから現行表を抽出後、同名技の重複・ID衝突・取得時期を機械差分で確定する。
247,サナギラス,pupitar,2,いわ／じめん,ヨーギラス → サナギラス → バンギラス,中間進化,DPE-JP Learnsets.c＋ベガ既存表（既存種）,ベガ既存表保護＋選択的現代化,物理寄り,いわなだれ / ステルスロック / じならし / すなあらし,中威力STABをLv22～35、役割補助技を進化時またはLv30前後に配置。最終大技は先送り。,ベガ既存の独自技・攻略導線を保持。無関係な高火力サブウェポン、NPC専用の違法技、早期の積み技だけをTM／教え技へ移す。,ステルスロック / じならし,メテオビーム / ねっさのだいち,すなあらし / まきびし,専用技がある系統は進化時／Lv1思い出しに固定。戦闘専用フォームは基礎形の習得表を共有。,通常。高威力技はLv45以降、強力な積み技はLv50以降。,最低1つの命中90以上STABを維持し、自爆・テレポート・反動大技だけの直近4技を禁止。高レベル基礎種は中威力技を再挿入。,既存（トーホク図鑑125）,B,最終統合ROMから現行表を抽出後、同名技の重複・ID衝突・取得時期を機械差分で確定する。
248,バンギラス,tyranitar,2,いわ／あく,ヨーギラス → サナギラス → バンギラス,進化先／最終形,DPE-JP Learnsets.c＋ベガ既存表（既存種）,ベガ既存表保護＋選択的現代化,両刀・可変,いわなだれ / パワージェム / ステルスロック / つじぎり,進化時に役割技を1つ提示。主力STABはLv36～50、反動・積み・専用大技はLv50～65またはLv1思い出し。,ベガ既存の独自技・攻略導線を保持。無関係な高火力サブウェポン、NPC専用の違法技、早期の積み技だけをTM／教え技へ移す。,ステルスロック / バークアウト,メテオビーム / はたきおとす,すなあらし / わるだくみ,専用技がある系統は進化時／Lv1思い出しに固定。戦闘専用フォームは基礎形の習得表を共有。,通常。高威力技はLv45以降、強力な積み技はLv50以降。,最低1つの命中90以上STABを維持し、自爆・テレポート・反動大技だけの直近4技を禁止。高レベル基礎種は中威力技を再挿入。,既存（トーホク図鑑126）,B,最終統合ROMから現行表を抽出後、同名技の重複・ID衝突・取得時期を機械差分で確定する。
249,ルギア,lugia,2,エスパー／ひこう,ルギア,基礎形,DPE-JP Learnsets.c＋ベガ既存表（既存種）,ベガ既存表保護＋選択的現代化,特殊寄り,ねんりき / めいそう / かぜおこし / おいかぜ,安定したタイプ一致技をLv7～15、二段目をLv20～28に配置。進化前限定の補助技は思い出し対象に残す。,ベガ既存の独自技・攻略導線を保持。無関係な高火力サブウェポン、NPC専用の違法技、早期の積み技だけをTM／教え技へ移す。,サイコショック / アクロバット,トリック / おいかぜ,なし（タマゴ未発見／伝説・幻）,専用技がある系統は進化時／Lv1思い出しに固定。戦闘専用フォームは基礎形の習得表を共有。,通常。高威力技はLv45以降、強力な積み技はLv50以降。,最低1つの命中90以上STABを維持し、自爆・テレポート・反動大技だけの直近4技を禁止。高レベル基礎種は中威力技を再挿入。,既存（トーホク図鑑148）,B-,最終統合ROMから現行表を抽出後、同名技の重複・ID衝突・取得時期を機械差分で確定する。
250,ホウオウ,ho-oh,2,ほのお／ひこう,ホウオウ,基礎形,DPE-JP Learnsets.c＋ベガ既存表（既存種）,ベガ既存表保護＋選択的現代化,特殊アタッカー,ひのこ / おにび / かぜおこし / おいかぜ,安定したタイプ一致技をLv7～15、二段目をLv20～28に配置。進化前限定の補助技は思い出し対象に残す。,ベガ既存の独自技・攻略導線を保持。無関係な高火力サブウェポン、NPC専用の違法技、早期の積み技だけをTM／教え技へ移す。,かえんほうしゃ / アクロバット,ねっぷう / おいかぜ,なし（タマゴ未発見／伝説・幻）,専用技がある系統は進化時／Lv1思い出しに固定。戦闘専用フォームは基礎形の習得表を共有。,通常。高威力技はLv45以降、強力な積み技はLv50以降。,最低1つの命中90以上STABを維持し、自爆・テレポート・反動大技だけの直近4技を禁止。高レベル基礎種は中威力技を再挿入。,既存（トーホク図鑑149）,B-,最終統合ROMから現行表を抽出後、同名技の重複・ID衝突・取得時期を機械差分で確定する。
251,セレビィ,celebi,2,エスパー／くさ,セレビィ,基礎形,DPE-JP Learnsets.c＋ベガ既存表（既存種）,現代化重点監査,特殊アタッカー,ねんりき / めいそう / メガドレイン / やどりぎのタネ,安定したタイプ一致技をLv7～15、二段目をLv20～28に配置。進化前限定の補助技は思い出し対象に残す。,DPE表を土台に、進化前へ過剰な終盤技がある場合は後期へ移動。広範囲高火力サブウェポンはレベル技ではなくTM／教え技に限定。,サイコショック / くさむすび,トリック / グラススライダー,なし（タマゴ未発見／伝説・幻）,専用技がある系統は進化時／Lv1思い出しに固定。戦闘専用フォームは基礎形の習得表を共有。,通常。高威力技はLv45以降、強力な積み技はLv50以降。,最低1つの命中90以上STABを維持し、自爆・テレポート・反動大技だけの直近4技を禁止。高レベル基礎種は中威力技を再挿入。,未収録・追加対象,B-,最終統合ROMから現行表を抽出後、同名技の重複・ID衝突・取得時期を機械差分で確定する。
252,キモリ,treecko,3,くさ,キモリ → ジュプトル → ジュカイン,基礎形,DPE-JP Learnsets.c＋ベガ既存表（既存種）,現代化重点監査,特殊寄り,メガドレイン / やどりぎのタネ,安定したタイプ一致技をLv7～15、二段目をLv20～28に配置。進化前限定の補助技は思い出し対象に残す。,DPE表を土台に、進化前へ過剰な終盤技がある場合は後期へ移動。広範囲高火力サブウェポンはレベル技ではなくTM／教え技に限定。,くさむすび,グラススライダー,こうごうせい,専用技がある系統は進化時／Lv1思い出しに固定。戦闘専用フォームは基礎形の習得表を共有。,通常。高威力技はLv45以降、強力な積み技はLv50以降。,最低1つの命中90以上STABを維持し、自爆・テレポート・反動大技だけの直近4技を禁止。高レベル基礎種は中威力技を再挿入。,未収録・追加対象,B-,最終統合ROMから現行表を抽出後、同名技の重複・ID衝突・取得時期を機械差分で確定する。
253,ジュプトル,grovyle,3,くさ,キモリ → ジュプトル → ジュカイン,中間進化,DPE-JP Learnsets.c＋ベガ既存表（既存種）,現代化重点監査,特殊寄り,ギガドレイン / やどりぎのタネ,中威力STABをLv22～35、役割補助技を進化時またはLv30前後に配置。最終大技は先送り。,DPE表を土台に、進化前へ過剰な終盤技がある場合は後期へ移動。広範囲高火力サブウェポンはレベル技ではなくTM／教え技に限定。,くさむすび,グラススライダー,こうごうせい,専用技がある系統は進化時／Lv1思い出しに固定。戦闘専用フォームは基礎形の習得表を共有。,通常。高威力技はLv45以降、強力な積み技はLv50以降。,最低1つの命中90以上STABを維持し、自爆・テレポート・反動大技だけの直近4技を禁止。高レベル基礎種は中威力技を再挿入。,未収録・追加対象,B,最終統合ROMから現行表を抽出後、同名技の重複・ID衝突・取得時期を機械差分で確定する。
254,ジュカイン,sceptile,3,くさ,キモリ → ジュプトル → ジュカイン,進化先／最終形,DPE-JP Learnsets.c＋ベガ既存表（既存種）,現代化重点監査,物理アタッカー,リーフブレード / やどりぎのタネ,進化時に役割技を1つ提示。主力STABはLv36～50、反動・積み・専用大技はLv50～65またはLv1思い出し。,DPE表を土台に、進化前へ過剰な終盤技がある場合は後期へ移動。広範囲高火力サブウェポンはレベル技ではなくTM／教え技に限定。,くさむすび,グラススライダー,こうごうせい,リーフブレードを進化時／Lv1思い出しに登録。通常のTM・汎用教え技にはしない。,通常。高威力技はLv45以降、強力な積み技はLv50以降。,最低1つの命中90以上STABを維持し、自爆・テレポート・反動大技だけの直近4技を禁止。高レベル基礎種は中威力技を再挿入。,未収録・追加対象,A,最終統合ROMから現行表を抽出後、同名技の重複・ID衝突・取得時期を機械差分で確定する。
255,アチャモ,torchic,3,ほのお,アチャモ → ワカシャモ → バシャーモ,基礎形,DPE-JP Learnsets.c＋ベガ既存表（既存種）,現代化重点監査,特殊寄り,ひのこ / おにび,安定したタイプ一致技をLv7～15、二段目をLv20～28に配置。進化前限定の補助技は思い出し対象に残す。,DPE表を土台に、進化前へ過剰な終盤技がある場合は後期へ移動。広範囲高火力サブウェポンはレベル技ではなくTM／教え技に限定。,かえんほうしゃ,ねっぷう,にほんばれ,専用技がある系統は進化時／Lv1思い出しに固定。戦闘専用フォームは基礎形の習得表を共有。,通常。高威力技はLv45以降、強力な積み技はLv50以降。,最低1つの命中90以上STABを維持し、自爆・テレポート・反動大技だけの直近4技を禁止。高レベル基礎種は中威力技を再挿入。,未収録・追加対象,B-,最終統合ROMから現行表を抽出後、同名技の重複・ID衝突・取得時期を機械差分で確定する。
256,ワカシャモ,combusken,3,ほのお／かくとう,アチャモ → ワカシャモ → バシャーモ,中間進化,DPE-JP Learnsets.c＋ベガ既存表（既存種）,現代化重点監査,両刀・可変,ニトロチャージ / かえんほうしゃ / かわらわり / はどうだん,中威力STABをLv22～35、役割補助技を進化時またはLv30前後に配置。最終大技は先送り。,DPE表を土台に、進化前へ過剰な終盤技がある場合は後期へ移動。広範囲高火力サブウェポンはレベル技ではなくTM／教え技に限定。,かえんほうしゃ / ドレインパンチ,ねっぷう / コーチング,にほんばれ / みきり,専用技がある系統は進化時／Lv1思い出しに固定。戦闘専用フォームは基礎形の習得表を共有。,通常。高威力技はLv45以降、強力な積み技はLv50以降。,最低1つの命中90以上STABを維持し、自爆・テレポート・反動大技だけの直近4技を禁止。高レベル基礎種は中威力技を再挿入。,未収録・追加対象,B,最終統合ROMから現行表を抽出後、同名技の重複・ID衝突・取得時期を機械差分で確定する。
257,バシャーモ,blaziken,3,ほのお／かくとう,アチャモ → ワカシャモ → バシャーモ,進化先／最終形,DPE-JP Learnsets.c＋ベガ既存表（既存種）,現代化重点監査,両刀・可変,ブレイズキック / ニトロチャージ / かえんほうしゃ / おにび,進化時に役割技を1つ提示。主力STABはLv36～50、反動・積み・専用大技はLv50～65またはLv1思い出し。,DPE表を土台に、進化前へ過剰な終盤技がある場合は後期へ移動。広範囲高火力サブウェポンはレベル技ではなくTM／教え技に限定。,かえんほうしゃ / ドレインパンチ,ねっぷう / コーチング,にほんばれ / みきり,ブレイズキックを進化時／Lv1思い出しに登録。通常のTM・汎用教え技にはしない。,通常。高威力技はLv45以降、強力な積み技はLv50以降。,最低1つの命中90以上STABを維持し、自爆・テレポート・反動大技だけの直近4技を禁止。高レベル基礎種は中威力技を再挿入。,未収録・追加対象,A,最終統合ROMから現行表を抽出後、同名技の重複・ID衝突・取得時期を機械差分で確定する。
258,ミズゴロウ,mudkip,3,みず,ミズゴロウ → ヌマクロー → ラグラージ,基礎形,DPE-JP Learnsets.c＋ベガ既存表（既存種）,現代化重点監査,両刀・可変,アクアジェット / みずのはどう,安定したタイプ一致技をLv7～15、二段目をLv20～28に配置。進化前限定の補助技は思い出し対象に残す。,DPE表を土台に、進化前へ過剰な終盤技がある場合は後期へ移動。広範囲高火力サブウェポンはレベル技ではなくTM／教え技に限定。,アクアブレイク,クイックターン,アクアリング,専用技がある系統は進化時／Lv1思い出しに固定。戦闘専用フォームは基礎形の習得表を共有。,通常。高威力技はLv45以降、強力な積み技はLv50以降。,最低1つの命中90以上STABを維持し、自爆・テレポート・反動大技だけの直近4技を禁止。高レベル基礎種は中威力技を再挿入。,未収録・追加対象,B-,最終統合ROMから現行表を抽出後、同名技の重複・ID衝突・取得時期を機械差分で確定する。
259,ヌマクロー,marshtomp,3,みず／じめん,ミズゴロウ → ヌマクロー → ラグラージ,中間進化,DPE-JP Learnsets.c＋ベガ既存表（既存種）,現代化重点監査,物理寄り,アクアブレイク / あまごい / じならし / すなあらし,中威力STABをLv22～35、役割補助技を進化時またはLv30前後に配置。最終大技は先送り。,DPE表を土台に、進化前へ過剰な終盤技がある場合は後期へ移動。広範囲高火力サブウェポンはレベル技ではなくTM／教え技に限定。,アクアブレイク / じならし,クイックターン / ねっさのだいち,アクアリング / まきびし,専用技がある系統は進化時／Lv1思い出しに固定。戦闘専用フォームは基礎形の習得表を共有。,通常。高威力技はLv45以降、強力な積み技はLv50以降。,最低1つの命中90以上STABを維持し、自爆・テレポート・反動大技だけの直近4技を禁止。高レベル基礎種は中威力技を再挿入。,未収録・追加対象,B,最終統合ROMから現行表を抽出後、同名技の重複・ID衝突・取得時期を機械差分で確定する。
260,ラグラージ,swampert,3,みず／じめん,ミズゴロウ → ヌマクロー → ラグラージ,進化先／最終形,DPE-JP Learnsets.c＋ベガ既存表（既存種）,現代化重点監査,両刀・可変,だくりゅう / アクアブレイク / なみのり / あまごい,進化時に役割技を1つ提示。主力STABはLv36～50、反動・積み・専用大技はLv50～65またはLv1思い出し。,DPE表を土台に、進化前へ過剰な終盤技がある場合は後期へ移動。広範囲高火力サブウェポンはレベル技ではなくTM／教え技に限定。,アクアブレイク / じならし,クイックターン / ねっさのだいち,アクアリング / まきびし,だくりゅうを進化時／Lv1思い出しに登録。通常のTM・汎用教え技にはしない。,通常。高威力技はLv45以降、強力な積み技はLv50以降。,最低1つの命中90以上STABを維持し、自爆・テレポート・反動大技だけの直近4技を禁止。高レベル基礎種は中威力技を再挿入。,未収録・追加対象,A,最終統合ROMから現行表を抽出後、同名技の重複・ID衝突・取得時期を機械差分で確定する。
261,ポチエナ,poochyena,3,あく,ポチエナ → グラエナ,基礎形,DPE-JP Learnsets.c＋ベガ既存表（既存種）,現代化重点監査,物理寄り,かみつく / ちょうはつ,安定したタイプ一致技をLv7～15、二段目をLv20～28に配置。進化前限定の補助技は思い出し対象に残す。,DPE表を土台に、進化前へ過剰な終盤技がある場合は後期へ移動。広範囲高火力サブウェポンはレベル技ではなくTM／教え技に限定。,バークアウト,はたきおとす,わるだくみ,専用技がある系統は進化時／Lv1思い出しに固定。戦闘専用フォームは基礎形の習得表を共有。,通常。高威力技はLv45以降、強力な積み技はLv50以降。,最低1つの命中90以上STABを維持し、自爆・テレポート・反動大技だけの直近4技を禁止。高レベル基礎種は中威力技を再挿入。,未収録・追加対象,B-,最終統合ROMから現行表を抽出後、同名技の重複・ID衝突・取得時期を機械差分で確定する。
262,グラエナ,mightyena,3,あく,ポチエナ → グラエナ,進化先／最終形,DPE-JP Learnsets.c＋ベガ既存表（既存種）,現代化重点監査,物理アタッカー,はたきおとす / ちょうはつ,進化時に役割技を1つ提示。主力STABはLv36～50、反動・積み・専用大技はLv50～65またはLv1思い出し。,DPE表を土台に、進化前へ過剰な終盤技がある場合は後期へ移動。広範囲高火力サブウェポンはレベル技ではなくTM／教え技に限定。,バークアウト,はたきおとす,わるだくみ,専用技がある系統は進化時／Lv1思い出しに固定。戦闘専用フォームは基礎形の習得表を共有。,通常。高威力技はLv45以降、強力な積み技はLv50以降。,最低1つの命中90以上STABを維持し、自爆・テレポート・反動大技だけの直近4技を禁止。高レベル基礎種は中威力技を再挿入。,未収録・追加対象,B,最終統合ROMから現行表を抽出後、同名技の重複・ID衝突・取得時期を機械差分で確定する。
263,ジグザグマ,zigzagoon,3,ノーマル,ジグザグマ → マッスグマ → タチフサグマ,基礎形,DPE-JP Learnsets.c＋ベガ既存表（既存種）,現代化重点監査,物理寄り,ずつき / アンコール,安定したタイプ一致技をLv7～15、二段目をLv20～28に配置。進化前限定の補助技は思い出し対象に残す。,DPE表を土台に、進化前へ過剰な終盤技がある場合は後期へ移動。広範囲高火力サブウェポンはレベル技ではなくTM／教え技に限定。,まもる,てだすけ,あくび,専用技がある系統は進化時／Lv1思い出しに固定。戦闘専用フォームは基礎形の習得表を共有。,通常。高威力技はLv45以降、強力な積み技はLv50以降。,最低1つの命中90以上STABを維持し、自爆・テレポート・反動大技だけの直近4技を禁止。高レベル基礎種は中威力技を再挿入。,未収録・追加対象,B-,最終統合ROMから現行表を抽出後、同名技の重複・ID衝突・取得時期を機械差分で確定する。
264,マッスグマ,linoone,3,ノーマル,ジグザグマ → マッスグマ → タチフサグマ,中間進化,DPE-JP Learnsets.c＋ベガ既存表（既存種）,現代化重点監査,物理寄り,のしかかり / アンコール,中威力STABをLv22～35、役割補助技を進化時またはLv30前後に配置。最終大技は先送り。,DPE表を土台に、進化前へ過剰な終盤技がある場合は後期へ移動。広範囲高火力サブウェポンはレベル技ではなくTM／教え技に限定。,まもる,てだすけ,あくび,専用技がある系統は進化時／Lv1思い出しに固定。戦闘専用フォームは基礎形の習得表を共有。,通常。高威力技はLv45以降、強力な積み技はLv50以降。,最低1つの命中90以上STABを維持し、自爆・テレポート・反動大技だけの直近4技を禁止。高レベル基礎種は中威力技を再挿入。,未収録・追加対象,B,最終統合ROMから現行表を抽出後、同名技の重複・ID衝突・取得時期を機械差分で確定する。
265,ケムッソ,wurmple,3,むし,ケムッソ → カラサリス → マユルド → アゲハント → ドクケイル,基礎形,DPE-JP Learnsets.c＋ベガ既存表（既存種）,現代化重点監査,物理寄り,むしくい / ねばねばネット,安定したタイプ一致技をLv7～15、二段目をLv20～28に配置。進化前限定の補助技は思い出し対象に残す。,DPE表を土台に、進化前へ過剰な終盤技がある場合は後期へ移動。広範囲高火力サブウェポンはレベル技ではなくTM／教え技に限定。,とんぼがえり,むしくい,いとをはく,専用技がある系統は進化時／Lv1思い出しに固定。戦闘専用フォームは基礎形の習得表を共有。,通常。高威力技はLv45以降、強力な積み技はLv50以降。,最低1つの命中90以上STABを維持し、自爆・テレポート・反動大技だけの直近4技を禁止。高レベル基礎種は中威力技を再挿入。,未収録・追加対象,B-,最終統合ROMから現行表を抽出後、同名技の重複・ID衝突・取得時期を機械差分で確定する。
266,カラサリス,silcoon,3,むし,ケムッソ → カラサリス → マユルド → アゲハント → ドクケイル,進化先／最終形,DPE-JP Learnsets.c＋ベガ既存表（既存種）,現代化重点監査,物理寄り,メガホーン / ねばねばネット,進化時に役割技を1つ提示。主力STABはLv36～50、反動・積み・専用大技はLv50～65またはLv1思い出し。,DPE表を土台に、進化前へ過剰な終盤技がある場合は後期へ移動。広範囲高火力サブウェポンはレベル技ではなくTM／教え技に限定。,とんぼがえり,むしくい,いとをはく,専用技がある系統は進化時／Lv1思い出しに固定。戦闘専用フォームは基礎形の習得表を共有。,通常。高威力技はLv45以降、強力な積み技はLv50以降。,最低1つの命中90以上STABを維持し、自爆・テレポート・反動大技だけの直近4技を禁止。高レベル基礎種は中威力技を再挿入。,未収録・追加対象,B,最終統合ROMから現行表を抽出後、同名技の重複・ID衝突・取得時期を機械差分で確定する。
267,アゲハント,beautifly,3,むし／ひこう,ケムッソ → カラサリス → マユルド → アゲハント → ドクケイル,進化先／最終形,DPE-JP Learnsets.c＋ベガ既存表（既存種）,現代化重点監査,物理寄り,メガホーン / ねばねばネット / ブレイブバード / おいかぜ,進化時に役割技を1つ提示。主力STABはLv36～50、反動・積み・専用大技はLv50～65またはLv1思い出し。,DPE表を土台に、進化前へ過剰な終盤技がある場合は後期へ移動。広範囲高火力サブウェポンはレベル技ではなくTM／教え技に限定。,とんぼがえり / アクロバット,むしくい / おいかぜ,いとをはく / はねやすめ,専用技がある系統は進化時／Lv1思い出しに固定。戦闘専用フォームは基礎形の習得表を共有。,通常。高威力技はLv45以降、強力な積み技はLv50以降。,最低1つの命中90以上STABを維持し、自爆・テレポート・反動大技だけの直近4技を禁止。高レベル基礎種は中威力技を再挿入。,未収録・追加対象,B,最終統合ROMから現行表を抽出後、同名技の重複・ID衝突・取得時期を機械差分で確定する。
268,マユルド,cascoon,3,むし,ケムッソ → カラサリス → マユルド → アゲハント → ドクケイル,進化先／最終形,DPE-JP Learnsets.c＋ベガ既存表（既存種）,現代化重点監査,物理寄り,メガホーン / ねばねばネット,進化時に役割技を1つ提示。主力STABはLv36～50、反動・積み・専用大技はLv50～65またはLv1思い出し。,DPE表を土台に、進化前へ過剰な終盤技がある場合は後期へ移動。広範囲高火力サブウェポンはレベル技ではなくTM／教え技に限定。,とんぼがえり,むしくい,いとをはく,専用技がある系統は進化時／Lv1思い出しに固定。戦闘専用フォームは基礎形の習得表を共有。,通常。高威力技はLv45以降、強力な積み技はLv50以降。,最低1つの命中90以上STABを維持し、自爆・テレポート・反動大技だけの直近4技を禁止。高レベル基礎種は中威力技を再挿入。,未収録・追加対象,B,最終統合ROMから現行表を抽出後、同名技の重複・ID衝突・取得時期を機械差分で確定する。
269,ドクケイル,dustox,3,むし／どく,ケムッソ → カラサリス → マユルド → アゲハント → ドクケイル,進化先／最終形,DPE-JP Learnsets.c＋ベガ既存表（既存種）,現代化重点監査,物理寄り,メガホーン / ねばねばネット / ダストシュート / どくどく,進化時に役割技を1つ提示。主力STABはLv36～50、反動・積み・専用大技はLv50～65またはLv1思い出し。,DPE表を土台に、進化前へ過剰な終盤技がある場合は後期へ移動。広範囲高火力サブウェポンはレベル技ではなくTM／教え技に限定。,とんぼがえり / ベノムショック,むしくい / ダストシュート,いとをはく / どくびし,専用技がある系統は進化時／Lv1思い出しに固定。戦闘専用フォームは基礎形の習得表を共有。,通常。高威力技はLv45以降、強力な積み技はLv50以降。,最低1つの命中90以上STABを維持し、自爆・テレポート・反動大技だけの直近4技を禁止。高レベル基礎種は中威力技を再挿入。,未収録・追加対象,B,最終統合ROMから現行表を抽出後、同名技の重複・ID衝突・取得時期を機械差分で確定する。
270,ハスボー,lotad,3,みず／くさ,ハスボー → ハスブレロ → ルンパッパ,基礎形,DPE-JP Learnsets.c＋ベガ既存表（既存種）,現代化重点監査,特殊寄り,みずのはどう / あまごい / メガドレイン / やどりぎのタネ,安定したタイプ一致技をLv7～15、二段目をLv20～28に配置。進化前限定の補助技は思い出し対象に残す。,DPE表を土台に、進化前へ過剰な終盤技がある場合は後期へ移動。広範囲高火力サブウェポンはレベル技ではなくTM／教え技に限定。,アクアブレイク / くさむすび,クイックターン / グラススライダー,アクアリング / こうごうせい,専用技がある系統は進化時／Lv1思い出しに固定。戦闘専用フォームは基礎形の習得表を共有。,通常。高威力技はLv45以降、強力な積み技はLv50以降。,最低1つの命中90以上STABを維持し、自爆・テレポート・反動大技だけの直近4技を禁止。高レベル基礎種は中威力技を再挿入。,未収録・追加対象,B-,最終統合ROMから現行表を抽出後、同名技の重複・ID衝突・取得時期を機械差分で確定する。
271,ハスブレロ,lombre,3,みず／くさ,ハスボー → ハスブレロ → ルンパッパ,中間進化,DPE-JP Learnsets.c＋ベガ既存表（既存種）,現代化重点監査,特殊寄り,なみのり / あまごい / ギガドレイン / やどりぎのタネ,中威力STABをLv22～35、役割補助技を進化時またはLv30前後に配置。最終大技は先送り。,DPE表を土台に、進化前へ過剰な終盤技がある場合は後期へ移動。広範囲高火力サブウェポンはレベル技ではなくTM／教え技に限定。,アクアブレイク / くさむすび,クイックターン / グラススライダー,アクアリング / こうごうせい,専用技がある系統は進化時／Lv1思い出しに固定。戦闘専用フォームは基礎形の習得表を共有。,通常。高威力技はLv45以降、強力な積み技はLv50以降。,最低1つの命中90以上STABを維持し、自爆・テレポート・反動大技だけの直近4技を禁止。高レベル基礎種は中威力技を再挿入。,未収録・追加対象,B,最終統合ROMから現行表を抽出後、同名技の重複・ID衝突・取得時期を機械差分で確定する。
272,ルンパッパ,ludicolo,3,みず／くさ,ハスボー → ハスブレロ → ルンパッパ,進化先／最終形,DPE-JP Learnsets.c＋ベガ既存表（既存種）,現代化重点監査,特殊寄り,ハイドロポンプ / あまごい / エナジーボール / やどりぎのタネ,進化時に役割技を1つ提示。主力STABはLv36～50、反動・積み・専用大技はLv50～65またはLv1思い出し。,DPE表を土台に、進化前へ過剰な終盤技がある場合は後期へ移動。広範囲高火力サブウェポンはレベル技ではなくTM／教え技に限定。,アクアブレイク / くさむすび,クイックターン / グラススライダー,アクアリング / こうごうせい,専用技がある系統は進化時／Lv1思い出しに固定。戦闘専用フォームは基礎形の習得表を共有。,通常。高威力技はLv45以降、強力な積み技はLv50以降。,最低1つの命中90以上STABを維持し、自爆・テレポート・反動大技だけの直近4技を禁止。高レベル基礎種は中威力技を再挿入。,未収録・追加対象,B,最終統合ROMから現行表を抽出後、同名技の重複・ID衝突・取得時期を機械差分で確定する。
273,タネボー,seedot,3,くさ,タネボー → コノハナ → ダーテング,基礎形,DPE-JP Learnsets.c＋ベガ既存表（既存種）,現代化重点監査,特殊寄り,メガドレイン / やどりぎのタネ,安定したタイプ一致技をLv7～15、二段目をLv20～28に配置。進化前限定の補助技は思い出し対象に残す。,DPE表を土台に、進化前へ過剰な終盤技がある場合は後期へ移動。広範囲高火力サブウェポンはレベル技ではなくTM／教え技に限定。,くさむすび,グラススライダー,こうごうせい,専用技がある系統は進化時／Lv1思い出しに固定。戦闘専用フォームは基礎形の習得表を共有。,通常。高威力技はLv45以降、強力な積み技はLv50以降。,最低1つの命中90以上STABを維持し、自爆・テレポート・反動大技だけの直近4技を禁止。高レベル基礎種は中威力技を再挿入。,未収録・追加対象,B-,最終統合ROMから現行表を抽出後、同名技の重複・ID衝突・取得時期を機械差分で確定する。
274,コノハナ,nuzleaf,3,くさ／あく,タネボー → コノハナ → ダーテング,中間進化,DPE-JP Learnsets.c＋ベガ既存表（既存種）,現代化重点監査,両刀・可変,タネばくだん / ギガドレイン / つじぎり / あくのはどう,中威力STABをLv22～35、役割補助技を進化時またはLv30前後に配置。最終大技は先送り。,DPE表を土台に、進化前へ過剰な終盤技がある場合は後期へ移動。広範囲高火力サブウェポンはレベル技ではなくTM／教え技に限定。,くさむすび / バークアウト,グラススライダー / はたきおとす,こうごうせい / わるだくみ,専用技がある系統は進化時／Lv1思い出しに固定。戦闘専用フォームは基礎形の習得表を共有。,通常。高威力技はLv45以降、強力な積み技はLv50以降。,最低1つの命中90以上STABを維持し、自爆・テレポート・反動大技だけの直近4技を禁止。高レベル基礎種は中威力技を再挿入。,未収録・追加対象,B,最終統合ROMから現行表を抽出後、同名技の重複・ID衝突・取得時期を機械差分で確定する。
275,ダーテング,shiftry,3,くさ／あく,タネボー → コノハナ → ダーテング,進化先／最終形,DPE-JP Learnsets.c＋ベガ既存表（既存種）,現代化重点監査,両刀・可変,タネばくだん / ギガドレイン / やどりぎのタネ / つじぎり,進化時に役割技を1つ提示。主力STABはLv36～50、反動・積み・専用大技はLv50～65またはLv1思い出し。,DPE表を土台に、進化前へ過剰な終盤技がある場合は後期へ移動。広範囲高火力サブウェポンはレベル技ではなくTM／教え技に限定。,くさむすび / バークアウト,グラススライダー / はたきおとす,こうごうせい / わるだくみ,専用技がある系統は進化時／Lv1思い出しに固定。戦闘専用フォームは基礎形の習得表を共有。,通常。高威力技はLv45以降、強力な積み技はLv50以降。,最低1つの命中90以上STABを維持し、自爆・テレポート・反動大技だけの直近4技を禁止。高レベル基礎種は中威力技を再挿入。,未収録・追加対象,B,最終統合ROMから現行表を抽出後、同名技の重複・ID衝突・取得時期を機械差分で確定する。
276,スバメ,taillow,3,ノーマル／ひこう,スバメ → オオスバメ,基礎形,DPE-JP Learnsets.c＋ベガ既存表（既存種）,ベガ既存表保護＋選択的現代化,物理寄り,ずつき / アンコール / つばさでうつ / おいかぜ,安定したタイプ一致技をLv7～15、二段目をLv20～28に配置。進化前限定の補助技は思い出し対象に残す。,ベガ既存の独自技・攻略導線を保持。無関係な高火力サブウェポン、NPC専用の違法技、早期の積み技だけをTM／教え技へ移す。,まもる / アクロバット,てだすけ / おいかぜ,あくび / はねやすめ,専用技がある系統は進化時／Lv1思い出しに固定。戦闘専用フォームは基礎形の習得表を共有。,通常。高威力技はLv45以降、強力な積み技はLv50以降。,最低1つの命中90以上STABを維持し、自爆・テレポート・反動大技だけの直近4技を禁止。高レベル基礎種は中威力技を再挿入。,既存（トーホク図鑑010）,B-,最終統合ROMから現行表を抽出後、同名技の重複・ID衝突・取得時期を機械差分で確定する。
277,オオスバメ,swellow,3,ノーマル／ひこう,スバメ → オオスバメ,進化先／最終形,DPE-JP Learnsets.c＋ベガ既存表（既存種）,ベガ既存表保護＋選択的現代化,物理寄り,すてみタックル / アンコール / ブレイブバード / おいかぜ,進化時に役割技を1つ提示。主力STABはLv36～50、反動・積み・専用大技はLv50～65またはLv1思い出し。,ベガ既存の独自技・攻略導線を保持。無関係な高火力サブウェポン、NPC専用の違法技、早期の積み技だけをTM／教え技へ移す。,まもる / アクロバット,てだすけ / おいかぜ,あくび / はねやすめ,専用技がある系統は進化時／Lv1思い出しに固定。戦闘専用フォームは基礎形の習得表を共有。,通常。高威力技はLv45以降、強力な積み技はLv50以降。,最低1つの命中90以上STABを維持し、自爆・テレポート・反動大技だけの直近4技を禁止。高レベル基礎種は中威力技を再挿入。,既存（トーホク図鑑011）,B,最終統合ROMから現行表を抽出後、同名技の重複・ID衝突・取得時期を機械差分で確定する。
278,キャモメ,wingull,3,みず／ひこう,キャモメ → ペリッパー,基礎形,DPE-JP Learnsets.c＋ベガ既存表（既存種）,現代化重点監査,両刀・可変,アクアジェット / みずのはどう / つばさでうつ / かぜおこし,安定したタイプ一致技をLv7～15、二段目をLv20～28に配置。進化前限定の補助技は思い出し対象に残す。,DPE表を土台に、進化前へ過剰な終盤技がある場合は後期へ移動。広範囲高火力サブウェポンはレベル技ではなくTM／教え技に限定。,アクアブレイク / アクロバット,クイックターン / おいかぜ,アクアリング / はねやすめ,専用技がある系統は進化時／Lv1思い出しに固定。戦闘専用フォームは基礎形の習得表を共有。,通常。高威力技はLv45以降、強力な積み技はLv50以降。,最低1つの命中90以上STABを維持し、自爆・テレポート・反動大技だけの直近4技を禁止。高レベル基礎種は中威力技を再挿入。,未収録・追加対象,B-,最終統合ROMから現行表を抽出後、同名技の重複・ID衝突・取得時期を機械差分で確定する。
279,ペリッパー,pelipper,3,みず／ひこう,キャモメ → ペリッパー,進化先／最終形,DPE-JP Learnsets.c＋ベガ既存表（既存種）,現代化重点監査,両刀・可変,アクアブレイク / なみのり / あまごい / ドリルくちばし,進化時に役割技を1つ提示。主力STABはLv36～50、反動・積み・専用大技はLv50～65またはLv1思い出し。,DPE表を土台に、進化前へ過剰な終盤技がある場合は後期へ移動。広範囲高火力サブウェポンはレベル技ではなくTM／教え技に限定。,アクアブレイク / アクロバット,クイックターン / おいかぜ,アクアリング / はねやすめ,専用技がある系統は進化時／Lv1思い出しに固定。戦闘専用フォームは基礎形の習得表を共有。,通常。高威力技はLv45以降、強力な積み技はLv50以降。,最低1つの命中90以上STABを維持し、自爆・テレポート・反動大技だけの直近4技を禁止。高レベル基礎種は中威力技を再挿入。,未収録・追加対象,B,最終統合ROMから現行表を抽出後、同名技の重複・ID衝突・取得時期を機械差分で確定する。
280,ラルトス,ralts,3,エスパー／フェアリー,ラルトス → キルリア → サーナイト → エルレイド,基礎形,DPE-JP Learnsets.c＋ベガ既存表（既存種）,ベガ既存表保護＋選択的現代化,特殊寄り,ねんりき / めいそう / ようせいのかぜ / あまえる,安定したタイプ一致技をLv7～15、二段目をLv20～28に配置。進化前限定の補助技は思い出し対象に残す。,ベガ既存の独自技・攻略導線を保持。無関係な高火力サブウェポン、NPC専用の違法技、早期の積み技だけをTM／教え技へ移す。,サイコショック / マジカルシャイン,トリック / ミストバースト,ひかりのかべ / ミストフィールド,専用技がある系統は進化時／Lv1思い出しに固定。戦闘専用フォームは基礎形の習得表を共有。,通常。高威力技はLv45以降、強力な積み技はLv50以降。,最低1つの命中90以上STABを維持し、自爆・テレポート・反動大技だけの直近4技を禁止。高レベル基礎種は中威力技を再挿入。,既存（トーホク図鑑300）,B-,最終統合ROMから現行表を抽出後、同名技の重複・ID衝突・取得時期を機械差分で確定する。
281,キルリア,kirlia,3,エスパー／フェアリー,ラルトス → キルリア → サーナイト → エルレイド,進化先／最終形,DPE-JP Learnsets.c＋ベガ既存表（既存種）,ベガ既存表保護＋選択的現代化,特殊寄り,サイコショック / めいそう / ムーンフォース / あまえる,進化時に役割技を1つ提示。主力STABはLv36～50、反動・積み・専用大技はLv50～65またはLv1思い出し。,ベガ既存の独自技・攻略導線を保持。無関係な高火力サブウェポン、NPC専用の違法技、早期の積み技だけをTM／教え技へ移す。,サイコショック / マジカルシャイン,トリック / ミストバースト,ひかりのかべ / ミストフィールド,専用技がある系統は進化時／Lv1思い出しに固定。戦闘専用フォームは基礎形の習得表を共有。,通常。高威力技はLv45以降、強力な積み技はLv50以降。,最低1つの命中90以上STABを維持し、自爆・テレポート・反動大技だけの直近4技を禁止。高レベル基礎種は中威力技を再挿入。,既存（トーホク図鑑301）,B,最終統合ROMから現行表を抽出後、同名技の重複・ID衝突・取得時期を機械差分で確定する。
282,サーナイト,gardevoir,3,エスパー／フェアリー,ラルトス → キルリア → サーナイト → エルレイド,進化先／最終形,DPE-JP Learnsets.c＋ベガ既存表（既存種）,ベガ既存表保護＋選択的現代化,特殊アタッカー,サイコショック / めいそう / ムーンフォース / あまえる,進化時に役割技を1つ提示。主力STABはLv36～50、反動・積み・専用大技はLv50～65またはLv1思い出し。,ベガ既存の独自技・攻略導線を保持。無関係な高火力サブウェポン、NPC専用の違法技、早期の積み技だけをTM／教え技へ移す。,サイコショック / マジカルシャイン,トリック / ミストバースト,ひかりのかべ / ミストフィールド,専用技がある系統は進化時／Lv1思い出しに固定。戦闘専用フォームは基礎形の習得表を共有。,通常。高威力技はLv45以降、強力な積み技はLv50以降。,最低1つの命中90以上STABを維持し、自爆・テレポート・反動大技だけの直近4技を禁止。高レベル基礎種は中威力技を再挿入。,既存（トーホク図鑑302）,B,最終統合ROMから現行表を抽出後、同名技の重複・ID衝突・取得時期を機械差分で確定する。
283,アメタマ,surskit,3,むし／みず,アメタマ → アメモース,基礎形,DPE-JP Learnsets.c＋ベガ既存表（既存種）,現代化重点監査,物理寄り,むしくい / ねばねばネット / アクアジェット / あまごい,安定したタイプ一致技をLv7～15、二段目をLv20～28に配置。進化前限定の補助技は思い出し対象に残す。,DPE表を土台に、進化前へ過剰な終盤技がある場合は後期へ移動。広範囲高火力サブウェポンはレベル技ではなくTM／教え技に限定。,とんぼがえり / アクアブレイク,むしくい / クイックターン,いとをはく / アクアリング,専用技がある系統は進化時／Lv1思い出しに固定。戦闘専用フォームは基礎形の習得表を共有。,通常。高威力技はLv45以降、強力な積み技はLv50以降。,最低1つの命中90以上STABを維持し、自爆・テレポート・反動大技だけの直近4技を禁止。高レベル基礎種は中威力技を再挿入。,未収録・追加対象,B-,最終統合ROMから現行表を抽出後、同名技の重複・ID衝突・取得時期を機械差分で確定する。
284,アメモース,masquerain,3,むし／ひこう,アメタマ → アメモース,進化先／最終形,DPE-JP Learnsets.c＋ベガ既存表（既存種）,現代化重点監査,物理寄り,メガホーン / ねばねばネット / ブレイブバード / おいかぜ,進化時に役割技を1つ提示。主力STABはLv36～50、反動・積み・専用大技はLv50～65またはLv1思い出し。,DPE表を土台に、進化前へ過剰な終盤技がある場合は後期へ移動。広範囲高火力サブウェポンはレベル技ではなくTM／教え技に限定。,とんぼがえり / アクロバット,むしくい / おいかぜ,いとをはく / はねやすめ,専用技がある系統は進化時／Lv1思い出しに固定。戦闘専用フォームは基礎形の習得表を共有。,通常。高威力技はLv45以降、強力な積み技はLv50以降。,最低1つの命中90以上STABを維持し、自爆・テレポート・反動大技だけの直近4技を禁止。高レベル基礎種は中威力技を再挿入。,未収録・追加対象,B,最終統合ROMから現行表を抽出後、同名技の重複・ID衝突・取得時期を機械差分で確定する。
285,キノココ,shroomish,3,くさ,キノココ → キノガッサ,基礎形,DPE-JP Learnsets.c＋ベガ既存表（既存種）,ベガ既存表保護＋選択的現代化,特殊寄り,メガドレイン / やどりぎのタネ,安定したタイプ一致技をLv7～15、二段目をLv20～28に配置。進化前限定の補助技は思い出し対象に残す。,ベガ既存の独自技・攻略導線を保持。無関係な高火力サブウェポン、NPC専用の違法技、早期の積み技だけをTM／教え技へ移す。,くさむすび,グラススライダー,こうごうせい,専用技がある系統は進化時／Lv1思い出しに固定。戦闘専用フォームは基礎形の習得表を共有。,通常。高威力技はLv45以降、強力な積み技はLv50以降。,最低1つの命中90以上STABを維持し、自爆・テレポート・反動大技だけの直近4技を禁止。高レベル基礎種は中威力技を再挿入。,既存（トーホク図鑑249）,B-,最終統合ROMから現行表を抽出後、同名技の重複・ID衝突・取得時期を機械差分で確定する。
286,キノガッサ,breloom,3,くさ／かくとう,キノココ → キノガッサ,進化先／最終形,DPE-JP Learnsets.c＋ベガ既存表（既存種）,ベガ既存表保護＋選択的現代化,物理アタッカー,リーフブレード / やどりぎのタネ / インファイト / ビルドアップ,進化時に役割技を1つ提示。主力STABはLv36～50、反動・積み・専用大技はLv50～65またはLv1思い出し。,ベガ既存の独自技・攻略導線を保持。無関係な高火力サブウェポン、NPC専用の違法技、早期の積み技だけをTM／教え技へ移す。,くさむすび / ドレインパンチ,グラススライダー / コーチング,こうごうせい / みきり,専用技がある系統は進化時／Lv1思い出しに固定。戦闘専用フォームは基礎形の習得表を共有。,通常。高威力技はLv45以降、強力な積み技はLv50以降。,最低1つの命中90以上STABを維持し、自爆・テレポート・反動大技だけの直近4技を禁止。高レベル基礎種は中威力技を再挿入。,既存（トーホク図鑑250）,B,最終統合ROMから現行表を抽出後、同名技の重複・ID衝突・取得時期を機械差分で確定する。
287,ナマケロ,slakoth,3,ノーマル,ナマケロ → ヤルキモノ → ケッキング,基礎形,DPE-JP Learnsets.c＋ベガ既存表（既存種）,現代化重点監査,物理寄り,ずつき / アンコール,安定したタイプ一致技をLv7～15、二段目をLv20～28に配置。進化前限定の補助技は思い出し対象に残す。,DPE表を土台に、進化前へ過剰な終盤技がある場合は後期へ移動。広範囲高火力サブウェポンはレベル技ではなくTM／教え技に限定。,まもる,てだすけ,あくび,専用技がある系統は進化時／Lv1思い出しに固定。戦闘専用フォームは基礎形の習得表を共有。,通常。高威力技はLv45以降、強力な積み技はLv50以降。,最低1つの命中90以上STABを維持し、自爆・テレポート・反動大技だけの直近4技を禁止。高レベル基礎種は中威力技を再挿入。,未収録・追加対象,B-,最終統合ROMから現行表を抽出後、同名技の重複・ID衝突・取得時期を機械差分で確定する。
288,ヤルキモノ,vigoroth,3,ノーマル,ナマケロ → ヤルキモノ → ケッキング,中間進化,DPE-JP Learnsets.c＋ベガ既存表（既存種）,現代化重点監査,物理寄り,のしかかり / アンコール,中威力STABをLv22～35、役割補助技を進化時またはLv30前後に配置。最終大技は先送り。,DPE表を土台に、進化前へ過剰な終盤技がある場合は後期へ移動。広範囲高火力サブウェポンはレベル技ではなくTM／教え技に限定。,まもる,てだすけ,あくび,専用技がある系統は進化時／Lv1思い出しに固定。戦闘専用フォームは基礎形の習得表を共有。,通常。高威力技はLv45以降、強力な積み技はLv50以降。,最低1つの命中90以上STABを維持し、自爆・テレポート・反動大技だけの直近4技を禁止。高レベル基礎種は中威力技を再挿入。,未収録・追加対象,B,最終統合ROMから現行表を抽出後、同名技の重複・ID衝突・取得時期を機械差分で確定する。
289,ケッキング,slaking,3,ノーマル,ナマケロ → ヤルキモノ → ケッキング,進化先／最終形,DPE-JP Learnsets.c＋ベガ既存表（既存種）,現代化重点監査,物理アタッカー,すてみタックル / アンコール,進化時に役割技を1つ提示。主力STABはLv36～50、反動・積み・専用大技はLv50～65またはLv1思い出し。,DPE表を土台に、進化前へ過剰な終盤技がある場合は後期へ移動。広範囲高火力サブウェポンはレベル技ではなくTM／教え技に限定。,まもる,てだすけ,あくび,専用技がある系統は進化時／Lv1思い出しに固定。戦闘専用フォームは基礎形の習得表を共有。,通常。高威力技はLv45以降、強力な積み技はLv50以降。,最低1つの命中90以上STABを維持し、自爆・テレポート・反動大技だけの直近4技を禁止。高レベル基礎種は中威力技を再挿入。,未収録・追加対象,A,最終統合ROMから現行表を抽出後、同名技の重複・ID衝突・取得時期を機械差分で確定する。
290,ツチニン,nincada,3,むし／じめん,ツチニン → テッカニン → ヌケニン,基礎形,DPE-JP Learnsets.c＋ベガ既存表（既存種）,ベガ既存表保護＋選択的現代化,物理寄り,むしくい / ねばねばネット / どろかけ / すなあらし,安定したタイプ一致技をLv7～15、二段目をLv20～28に配置。進化前限定の補助技は思い出し対象に残す。,ベガ既存の独自技・攻略導線を保持。無関係な高火力サブウェポン、NPC専用の違法技、早期の積み技だけをTM／教え技へ移す。,とんぼがえり / じならし,むしくい / ねっさのだいち,いとをはく / まきびし,専用技がある系統は進化時／Lv1思い出しに固定。戦闘専用フォームは基礎形の習得表を共有。,通常。高威力技はLv45以降、強力な積み技はLv50以降。,最低1つの命中90以上STABを維持し、自爆・テレポート・反動大技だけの直近4技を禁止。高レベル基礎種は中威力技を再挿入。,既存（トーホク図鑑290）,B-,最終統合ROMから現行表を抽出後、同名技の重複・ID衝突・取得時期を機械差分で確定する。
291,テッカニン,ninjask,3,むし／ひこう,ツチニン → テッカニン → ヌケニン,中間進化,DPE-JP Learnsets.c＋ベガ既存表（既存種）,ベガ既存表保護＋選択的現代化,物理寄り,シザークロス / ねばねばネット / ドリルくちばし / おいかぜ,中威力STABをLv22～35、役割補助技を進化時またはLv30前後に配置。最終大技は先送り。,ベガ既存の独自技・攻略導線を保持。無関係な高火力サブウェポン、NPC専用の違法技、早期の積み技だけをTM／教え技へ移す。,とんぼがえり / アクロバット,むしくい / おいかぜ,いとをはく / はねやすめ,専用技がある系統は進化時／Lv1思い出しに固定。戦闘専用フォームは基礎形の習得表を共有。,通常。高威力技はLv45以降、強力な積み技はLv50以降。,最低1つの命中90以上STABを維持し、自爆・テレポート・反動大技だけの直近4技を禁止。高レベル基礎種は中威力技を再挿入。,既存（トーホク図鑑291）,B,最終統合ROMから現行表を抽出後、同名技の重複・ID衝突・取得時期を機械差分で確定する。
292,ヌケニン,shedinja,3,むし／ゴースト,ツチニン → テッカニン → ヌケニン,進化先／最終形,DPE-JP Learnsets.c＋ベガ既存表（既存種）,ベガ既存表保護＋選択的現代化,両刀・可変,シザークロス / むしのさざめき / ねばねばネット / シャドークロー,進化時に役割技を1つ提示。主力STABはLv36～50、反動・積み・専用大技はLv50～65またはLv1思い出し。,ベガ既存の独自技・攻略導線を保持。無関係な高火力サブウェポン、NPC専用の違法技、早期の積み技だけをTM／教え技へ移す。,とんぼがえり / シャドークロー,むしくい / ポルターガイスト,いとをはく / みちづれ,専用技がある系統は進化時／Lv1思い出しに固定。戦闘専用フォームは基礎形の習得表を共有。,通常。高威力技はLv45以降、強力な積み技はLv50以降。,最低1つの命中90以上STABを維持し、自爆・テレポート・反動大技だけの直近4技を禁止。高レベル基礎種は中威力技を再挿入。,既存（トーホク図鑑292）,A,最終統合ROMから現行表を抽出後、同名技の重複・ID衝突・取得時期を機械差分で確定する。
293,ゴニョニョ,whismur,3,ノーマル,ゴニョニョ → ドゴーム → バクオング,基礎形,DPE-JP Learnsets.c＋ベガ既存表（既存種）,ベガ既存表保護＋選択的現代化,物理寄り,ずつき / アンコール,安定したタイプ一致技をLv7～15、二段目をLv20～28に配置。進化前限定の補助技は思い出し対象に残す。,ベガ既存の独自技・攻略導線を保持。無関係な高火力サブウェポン、NPC専用の違法技、早期の積み技だけをTM／教え技へ移す。,まもる,てだすけ,あくび,専用技がある系統は進化時／Lv1思い出しに固定。戦闘専用フォームは基礎形の習得表を共有。,通常。高威力技はLv45以降、強力な積み技はLv50以降。,最低1つの命中90以上STABを維持し、自爆・テレポート・反動大技だけの直近4技を禁止。高レベル基礎種は中威力技を再挿入。,既存（トーホク図鑑228）,B-,最終統合ROMから現行表を抽出後、同名技の重複・ID衝突・取得時期を機械差分で確定する。
294,ドゴーム,loudred,3,ノーマル,ゴニョニョ → ドゴーム → バクオング,中間進化,DPE-JP Learnsets.c＋ベガ既存表（既存種）,ベガ既存表保護＋選択的現代化,物理寄り,のしかかり / アンコール,中威力STABをLv22～35、役割補助技を進化時またはLv30前後に配置。最終大技は先送り。,ベガ既存の独自技・攻略導線を保持。無関係な高火力サブウェポン、NPC専用の違法技、早期の積み技だけをTM／教え技へ移す。,まもる,てだすけ,あくび,専用技がある系統は進化時／Lv1思い出しに固定。戦闘専用フォームは基礎形の習得表を共有。,通常。高威力技はLv45以降、強力な積み技はLv50以降。,最低1つの命中90以上STABを維持し、自爆・テレポート・反動大技だけの直近4技を禁止。高レベル基礎種は中威力技を再挿入。,既存（トーホク図鑑229）,B,最終統合ROMから現行表を抽出後、同名技の重複・ID衝突・取得時期を機械差分で確定する。
295,バクオング,exploud,3,ノーマル,ゴニョニョ → ドゴーム → バクオング,進化先／最終形,DPE-JP Learnsets.c＋ベガ既存表（既存種）,ベガ既存表保護＋選択的現代化,物理寄り,すてみタックル / アンコール,進化時に役割技を1つ提示。主力STABはLv36～50、反動・積み・専用大技はLv50～65またはLv1思い出し。,ベガ既存の独自技・攻略導線を保持。無関係な高火力サブウェポン、NPC専用の違法技、早期の積み技だけをTM／教え技へ移す。,まもる,てだすけ,あくび,専用技がある系統は進化時／Lv1思い出しに固定。戦闘専用フォームは基礎形の習得表を共有。,通常。高威力技はLv45以降、強力な積み技はLv50以降。,最低1つの命中90以上STABを維持し、自爆・テレポート・反動大技だけの直近4技を禁止。高レベル基礎種は中威力技を再挿入。,既存（トーホク図鑑230）,B,最終統合ROMから現行表を抽出後、同名技の重複・ID衝突・取得時期を機械差分で確定する。
296,マクノシタ,makuhita,3,かくとう,マクノシタ → ハリテヤマ,基礎形,DPE-JP Learnsets.c＋ベガ既存表（既存種）,現代化重点監査,物理寄り,いわくだき / ビルドアップ,安定したタイプ一致技をLv7～15、二段目をLv20～28に配置。進化前限定の補助技は思い出し対象に残す。,DPE表を土台に、進化前へ過剰な終盤技がある場合は後期へ移動。広範囲高火力サブウェポンはレベル技ではなくTM／教え技に限定。,ドレインパンチ,コーチング,みきり,専用技がある系統は進化時／Lv1思い出しに固定。戦闘専用フォームは基礎形の習得表を共有。,通常。高威力技はLv45以降、強力な積み技はLv50以降。,最低1つの命中90以上STABを維持し、自爆・テレポート・反動大技だけの直近4技を禁止。高レベル基礎種は中威力技を再挿入。,未収録・追加対象,B-,最終統合ROMから現行表を抽出後、同名技の重複・ID衝突・取得時期を機械差分で確定する。
297,ハリテヤマ,hariyama,3,かくとう,マクノシタ → ハリテヤマ,進化先／最終形,DPE-JP Learnsets.c＋ベガ既存表（既存種）,現代化重点監査,物理アタッカー,インファイト / ビルドアップ,進化時に役割技を1つ提示。主力STABはLv36～50、反動・積み・専用大技はLv50～65またはLv1思い出し。,DPE表を土台に、進化前へ過剰な終盤技がある場合は後期へ移動。広範囲高火力サブウェポンはレベル技ではなくTM／教え技に限定。,ドレインパンチ,コーチング,みきり,専用技がある系統は進化時／Lv1思い出しに固定。戦闘専用フォームは基礎形の習得表を共有。,通常。高威力技はLv45以降、強力な積み技はLv50以降。,最低1つの命中90以上STABを維持し、自爆・テレポート・反動大技だけの直近4技を禁止。高レベル基礎種は中威力技を再挿入。,未収録・追加対象,B,最終統合ROMから現行表を抽出後、同名技の重複・ID衝突・取得時期を機械差分で確定する。
298,ルリリ,azurill,3,ノーマル／フェアリー,ルリリ → マリル → マリルリ,基礎形,DPE-JP Learnsets.c＋ベガ既存表（既存種）,現代化重点監査,補助寄り両刀,ずつき / スピードスター / ほしがる / ようせいのかぜ,安定したタイプ一致技をLv7～15、二段目をLv20～28に配置。進化前限定の補助技は思い出し対象に残す。,DPE表を土台に、進化前へ過剰な終盤技がある場合は後期へ移動。広範囲高火力サブウェポンはレベル技ではなくTM／教え技に限定。,まもる / マジカルシャイン,てだすけ / ミストバースト,あくび / ミストフィールド,専用技がある系統は進化時／Lv1思い出しに固定。戦闘専用フォームは基礎形の習得表を共有。,通常。高威力技はLv45以降、強力な積み技はLv50以降。,最低1つの命中90以上STABを維持し、自爆・テレポート・反動大技だけの直近4技を禁止。高レベル基礎種は中威力技を再挿入。,未収録・追加対象,B-,最終統合ROMから現行表を抽出後、同名技の重複・ID衝突・取得時期を機械差分で確定する。
299,ノズパス,nosepass,3,いわ,ノズパス → ダイノーズ,基礎形,DPE-JP Learnsets.c＋ベガ既存表（既存種）,現代化重点監査,物理寄り,いわおとし / ステルスロック,安定したタイプ一致技をLv7～15、二段目をLv20～28に配置。進化前限定の補助技は思い出し対象に残す。,DPE表を土台に、進化前へ過剰な終盤技がある場合は後期へ移動。広範囲高火力サブウェポンはレベル技ではなくTM／教え技に限定。,ステルスロック,メテオビーム,すなあらし,専用技がある系統は進化時／Lv1思い出しに固定。戦闘専用フォームは基礎形の習得表を共有。,通常。高威力技はLv45以降、強力な積み技はLv50以降。,最低1つの命中90以上STABを維持し、自爆・テレポート・反動大技だけの直近4技を禁止。高レベル基礎種は中威力技を再挿入。,未収録・追加対象,B-,最終統合ROMから現行表を抽出後、同名技の重複・ID衝突・取得時期を機械差分で確定する。
300,エネコ,skitty,3,ノーマル,エネコ → エネコロロ,基礎形,DPE-JP Learnsets.c＋ベガ既存表（既存種）,現代化重点監査,物理寄り,ずつき / アンコール,安定したタイプ一致技をLv7～15、二段目をLv20～28に配置。進化前限定の補助技は思い出し対象に残す。,DPE表を土台に、進化前へ過剰な終盤技がある場合は後期へ移動。広範囲高火力サブウェポンはレベル技ではなくTM／教え技に限定。,まもる,てだすけ,あくび,専用技がある系統は進化時／Lv1思い出しに固定。戦闘専用フォームは基礎形の習得表を共有。,通常。高威力技はLv45以降、強力な積み技はLv50以降。,最低1つの命中90以上STABを維持し、自爆・テレポート・反動大技だけの直近4技を禁止。高レベル基礎種は中威力技を再挿入。,未収録・追加対象,B-,最終統合ROMから現行表を抽出後、同名技の重複・ID衝突・取得時期を機械差分で確定する。
301,エネコロロ,delcatty,3,ノーマル,エネコ → エネコロロ,進化先／最終形,DPE-JP Learnsets.c＋ベガ既存表（既存種）,現代化重点監査,物理寄り,すてみタックル / アンコール,進化時に役割技を1つ提示。主力STABはLv36～50、反動・積み・専用大技はLv50～65またはLv1思い出し。,DPE表を土台に、進化前へ過剰な終盤技がある場合は後期へ移動。広範囲高火力サブウェポンはレベル技ではなくTM／教え技に限定。,まもる,てだすけ,あくび,専用技がある系統は進化時／Lv1思い出しに固定。戦闘専用フォームは基礎形の習得表を共有。,通常。高威力技はLv45以降、強力な積み技はLv50以降。,最低1つの命中90以上STABを維持し、自爆・テレポート・反動大技だけの直近4技を禁止。高レベル基礎種は中威力技を再挿入。,未収録・追加対象,B,最終統合ROMから現行表を抽出後、同名技の重複・ID衝突・取得時期を機械差分で確定する。
302,ヤミラミ,sableye,3,あく／ゴースト,ヤミラミ,基礎形,DPE-JP Learnsets.c＋ベガ既存表（既存種）,ベガ既存表保護＋選択的現代化,耐久・補助,かみつく / バークアウト / かげうち / おどろかす,安定したタイプ一致技をLv7～15、二段目をLv20～28に配置。進化前限定の補助技は思い出し対象に残す。,ベガ既存の独自技・攻略導線を保持。無関係な高火力サブウェポン、NPC専用の違法技、早期の積み技だけをTM／教え技へ移す。,バークアウト / シャドークロー,はたきおとす / ポルターガイスト,わるだくみ / みちづれ,専用技がある系統は進化時／Lv1思い出しに固定。戦闘専用フォームは基礎形の習得表を共有。,通常。高威力技はLv45以降、強力な積み技はLv50以降。,最低1つの命中90以上STABを維持し、自爆・テレポート・反動大技だけの直近4技を禁止。高レベル基礎種は中威力技を再挿入。,既存（トーホク図鑑253）,B-,最終統合ROMから現行表を抽出後、同名技の重複・ID衝突・取得時期を機械差分で確定する。
303,クチート,mawile,3,はがね／フェアリー,クチート,基礎形,DPE-JP Learnsets.c＋ベガ既存表（既存種）,ベガ既存表保護＋選択的現代化,耐久・補助,メタルクロー / ミラーショット / ほしがる / ようせいのかぜ,安定したタイプ一致技をLv7～15、二段目をLv20～28に配置。進化前限定の補助技は思い出し対象に残す。,ベガ既存の独自技・攻略導線を保持。無関係な高火力サブウェポン、NPC専用の違法技、早期の積み技だけをTM／教え技へ移す。,ラスターカノン / マジカルシャイン,アイアンヘッド / ミストバースト,ボディプレス / ミストフィールド,専用技がある系統は進化時／Lv1思い出しに固定。戦闘専用フォームは基礎形の習得表を共有。,通常。高威力技はLv45以降、強力な積み技はLv50以降。,最低1つの命中90以上STABを維持し、自爆・テレポート・反動大技だけの直近4技を禁止。高レベル基礎種は中威力技を再挿入。,既存（トーホク図鑑255）,B-,最終統合ROMから現行表を抽出後、同名技の重複・ID衝突・取得時期を機械差分で確定する。
304,ココドラ,aron,3,はがね／いわ,ココドラ → コドラ → ボスゴドラ,基礎形,DPE-JP Learnsets.c＋ベガ既存表（既存種）,現代化重点監査,物理寄り,メタルクロー / てっぺき / いわおとし / ステルスロック,安定したタイプ一致技をLv7～15、二段目をLv20～28に配置。進化前限定の補助技は思い出し対象に残す。,DPE表を土台に、進化前へ過剰な終盤技がある場合は後期へ移動。広範囲高火力サブウェポンはレベル技ではなくTM／教え技に限定。,ラスターカノン / ステルスロック,アイアンヘッド / メテオビーム,ボディプレス / すなあらし,専用技がある系統は進化時／Lv1思い出しに固定。戦闘専用フォームは基礎形の習得表を共有。,通常。高威力技はLv45以降、強力な積み技はLv50以降。,最低1つの命中90以上STABを維持し、自爆・テレポート・反動大技だけの直近4技を禁止。高レベル基礎種は中威力技を再挿入。,未収録・追加対象,B-,最終統合ROMから現行表を抽出後、同名技の重複・ID衝突・取得時期を機械差分で確定する。
305,コドラ,lairon,3,はがね／いわ,ココドラ → コドラ → ボスゴドラ,中間進化,DPE-JP Learnsets.c＋ベガ既存表（既存種）,現代化重点監査,物理寄り,アイアンヘッド / てっぺき / いわなだれ / ステルスロック,中威力STABをLv22～35、役割補助技を進化時またはLv30前後に配置。最終大技は先送り。,DPE表を土台に、進化前へ過剰な終盤技がある場合は後期へ移動。広範囲高火力サブウェポンはレベル技ではなくTM／教え技に限定。,ラスターカノン / ステルスロック,アイアンヘッド / メテオビーム,ボディプレス / すなあらし,専用技がある系統は進化時／Lv1思い出しに固定。戦闘専用フォームは基礎形の習得表を共有。,通常。高威力技はLv45以降、強力な積み技はLv50以降。,最低1つの命中90以上STABを維持し、自爆・テレポート・反動大技だけの直近4技を禁止。高レベル基礎種は中威力技を再挿入。,未収録・追加対象,B,最終統合ROMから現行表を抽出後、同名技の重複・ID衝突・取得時期を機械差分で確定する。
306,ボスゴドラ,aggron,3,はがね／いわ,ココドラ → コドラ → ボスゴドラ,進化先／最終形,DPE-JP Learnsets.c＋ベガ既存表（既存種）,現代化重点監査,物理アタッカー,ヘビーボンバー / てっぺき / ストーンエッジ / ステルスロック,進化時に役割技を1つ提示。主力STABはLv36～50、反動・積み・専用大技はLv50～65またはLv1思い出し。,DPE表を土台に、進化前へ過剰な終盤技がある場合は後期へ移動。広範囲高火力サブウェポンはレベル技ではなくTM／教え技に限定。,ラスターカノン / ステルスロック,アイアンヘッド / メテオビーム,ボディプレス / すなあらし,専用技がある系統は進化時／Lv1思い出しに固定。戦闘専用フォームは基礎形の習得表を共有。,通常。高威力技はLv45以降、強力な積み技はLv50以降。,最低1つの命中90以上STABを維持し、自爆・テレポート・反動大技だけの直近4技を禁止。高レベル基礎種は中威力技を再挿入。,未収録・追加対象,B,最終統合ROMから現行表を抽出後、同名技の重複・ID衝突・取得時期を機械差分で確定する。
307,アサナン,meditite,3,かくとう／エスパー,アサナン → チャーレム,基礎形,DPE-JP Learnsets.c＋ベガ既存表（既存種）,現代化重点監査,補助寄り両刀,いわくだき / しんくうは / サイコカッター / ねんりき,安定したタイプ一致技をLv7～15、二段目をLv20～28に配置。進化前限定の補助技は思い出し対象に残す。,DPE表を土台に、進化前へ過剰な終盤技がある場合は後期へ移動。広範囲高火力サブウェポンはレベル技ではなくTM／教え技に限定。,ドレインパンチ / サイコショック,コーチング / トリック,みきり / ひかりのかべ,専用技がある系統は進化時／Lv1思い出しに固定。戦闘専用フォームは基礎形の習得表を共有。,通常。高威力技はLv45以降、強力な積み技はLv50以降。,最低1つの命中90以上STABを維持し、自爆・テレポート・反動大技だけの直近4技を禁止。高レベル基礎種は中威力技を再挿入。,未収録・追加対象,B-,最終統合ROMから現行表を抽出後、同名技の重複・ID衝突・取得時期を機械差分で確定する。
308,チャーレム,medicham,3,かくとう／エスパー,アサナン → チャーレム,進化先／最終形,DPE-JP Learnsets.c＋ベガ既存表（既存種）,現代化重点監査,補助寄り両刀,はどうだん / ビルドアップ / みきり / サイコキネシス,進化時に役割技を1つ提示。主力STABはLv36～50、反動・積み・専用大技はLv50～65またはLv1思い出し。,DPE表を土台に、進化前へ過剰な終盤技がある場合は後期へ移動。広範囲高火力サブウェポンはレベル技ではなくTM／教え技に限定。,ドレインパンチ / サイコショック,コーチング / トリック,みきり / ひかりのかべ,専用技がある系統は進化時／Lv1思い出しに固定。戦闘専用フォームは基礎形の習得表を共有。,通常。高威力技はLv45以降、強力な積み技はLv50以降。,最低1つの命中90以上STABを維持し、自爆・テレポート・反動大技だけの直近4技を禁止。高レベル基礎種は中威力技を再挿入。,未収録・追加対象,B,最終統合ROMから現行表を抽出後、同名技の重複・ID衝突・取得時期を機械差分で確定する。
309,ラクライ,electrike,3,でんき,ラクライ → ライボルト,基礎形,DPE-JP Learnsets.c＋ベガ既存表（既存種）,現代化重点監査,特殊寄り,でんきショック / でんじは,安定したタイプ一致技をLv7～15、二段目をLv20～28に配置。進化前限定の補助技は思い出し対象に残す。,DPE表を土台に、進化前へ過剰な終盤技がある場合は後期へ移動。広範囲高火力サブウェポンはレベル技ではなくTM／教え技に限定。,ボルトチェンジ,エレキネット,じゅうでん,専用技がある系統は進化時／Lv1思い出しに固定。戦闘専用フォームは基礎形の習得表を共有。,通常。高威力技はLv45以降、強力な積み技はLv50以降。,最低1つの命中90以上STABを維持し、自爆・テレポート・反動大技だけの直近4技を禁止。高レベル基礎種は中威力技を再挿入。,未収録・追加対象,B-,最終統合ROMから現行表を抽出後、同名技の重複・ID衝突・取得時期を機械差分で確定する。
310,ライボルト,manectric,3,でんき,ラクライ → ライボルト,進化先／最終形,DPE-JP Learnsets.c＋ベガ既存表（既存種）,現代化重点監査,特殊アタッカー,かみなり / でんじは,進化時に役割技を1つ提示。主力STABはLv36～50、反動・積み・専用大技はLv50～65またはLv1思い出し。,DPE表を土台に、進化前へ過剰な終盤技がある場合は後期へ移動。広範囲高火力サブウェポンはレベル技ではなくTM／教え技に限定。,ボルトチェンジ,エレキネット,じゅうでん,専用技がある系統は進化時／Lv1思い出しに固定。戦闘専用フォームは基礎形の習得表を共有。,通常。高威力技はLv45以降、強力な積み技はLv50以降。,最低1つの命中90以上STABを維持し、自爆・テレポート・反動大技だけの直近4技を禁止。高レベル基礎種は中威力技を再挿入。,未収録・追加対象,B,最終統合ROMから現行表を抽出後、同名技の重複・ID衝突・取得時期を機械差分で確定する。
311,プラスル,plusle,3,でんき,プラスル,基礎形,DPE-JP Learnsets.c＋ベガ既存表（既存種）,現代化重点監査,耐久・補助,スパーク / でんきショック,安定したタイプ一致技をLv7～15、二段目をLv20～28に配置。進化前限定の補助技は思い出し対象に残す。,DPE表を土台に、進化前へ過剰な終盤技がある場合は後期へ移動。広範囲高火力サブウェポンはレベル技ではなくTM／教え技に限定。,ボルトチェンジ,エレキネット,じゅうでん,専用技がある系統は進化時／Lv1思い出しに固定。戦闘専用フォームは基礎形の習得表を共有。,通常。高威力技はLv45以降、強力な積み技はLv50以降。,最低1つの命中90以上STABを維持し、自爆・テレポート・反動大技だけの直近4技を禁止。高レベル基礎種は中威力技を再挿入。,未収録・追加対象,B-,最終統合ROMから現行表を抽出後、同名技の重複・ID衝突・取得時期を機械差分で確定する。
312,マイナン,minun,3,でんき,マイナン,基礎形,DPE-JP Learnsets.c＋ベガ既存表（既存種）,現代化重点監査,耐久・補助,スパーク / でんきショック,安定したタイプ一致技をLv7～15、二段目をLv20～28に配置。進化前限定の補助技は思い出し対象に残す。,DPE表を土台に、進化前へ過剰な終盤技がある場合は後期へ移動。広範囲高火力サブウェポンはレベル技ではなくTM／教え技に限定。,ボルトチェンジ,エレキネット,じゅうでん,専用技がある系統は進化時／Lv1思い出しに固定。戦闘専用フォームは基礎形の習得表を共有。,通常。高威力技はLv45以降、強力な積み技はLv50以降。,最低1つの命中90以上STABを維持し、自爆・テレポート・反動大技だけの直近4技を禁止。高レベル基礎種は中威力技を再挿入。,未収録・追加対象,B-,最終統合ROMから現行表を抽出後、同名技の重複・ID衝突・取得時期を機械差分で確定する。
313,バルビート,volbeat,3,むし,バルビート,基礎形,DPE-JP Learnsets.c＋ベガ既存表（既存種）,現代化重点監査,耐久・補助,むしくい / むしのていこう,安定したタイプ一致技をLv7～15、二段目をLv20～28に配置。進化前限定の補助技は思い出し対象に残す。,DPE表を土台に、進化前へ過剰な終盤技がある場合は後期へ移動。広範囲高火力サブウェポンはレベル技ではなくTM／教え技に限定。,とんぼがえり,むしくい,いとをはく,専用技がある系統は進化時／Lv1思い出しに固定。戦闘専用フォームは基礎形の習得表を共有。,通常。高威力技はLv45以降、強力な積み技はLv50以降。,最低1つの命中90以上STABを維持し、自爆・テレポート・反動大技だけの直近4技を禁止。高レベル基礎種は中威力技を再挿入。,未収録・追加対象,B-,最終統合ROMから現行表を抽出後、同名技の重複・ID衝突・取得時期を機械差分で確定する。
314,イルミーゼ,illumise,3,むし,イルミーゼ,基礎形,DPE-JP Learnsets.c＋ベガ既存表（既存種）,現代化重点監査,耐久・補助,むしくい / むしのていこう,安定したタイプ一致技をLv7～15、二段目をLv20～28に配置。進化前限定の補助技は思い出し対象に残す。,DPE表を土台に、進化前へ過剰な終盤技がある場合は後期へ移動。広範囲高火力サブウェポンはレベル技ではなくTM／教え技に限定。,とんぼがえり,むしくい,いとをはく,専用技がある系統は進化時／Lv1思い出しに固定。戦闘専用フォームは基礎形の習得表を共有。,通常。高威力技はLv45以降、強力な積み技はLv50以降。,最低1つの命中90以上STABを維持し、自爆・テレポート・反動大技だけの直近4技を禁止。高レベル基礎種は中威力技を再挿入。,未収録・追加対象,B-,最終統合ROMから現行表を抽出後、同名技の重複・ID衝突・取得時期を機械差分で確定する。
315,ロゼリア,roselia,3,くさ／どく,スボミー → ロゼリア → ロズレイド,中間進化,DPE-JP Learnsets.c＋ベガ既存表（既存種）,現代化重点監査,特殊寄り,ギガドレイン / やどりぎのタネ / ヘドロばくだん / どくどく,中威力STABをLv22～35、役割補助技を進化時またはLv30前後に配置。最終大技は先送り。,DPE表を土台に、進化前へ過剰な終盤技がある場合は後期へ移動。広範囲高火力サブウェポンはレベル技ではなくTM／教え技に限定。,くさむすび / ベノムショック,グラススライダー / ダストシュート,こうごうせい / どくびし,専用技がある系統は進化時／Lv1思い出しに固定。戦闘専用フォームは基礎形の習得表を共有。,通常。高威力技はLv45以降、強力な積み技はLv50以降。,最低1つの命中90以上STABを維持し、自爆・テレポート・反動大技だけの直近4技を禁止。高レベル基礎種は中威力技を再挿入。,未収録・追加対象,B,最終統合ROMから現行表を抽出後、同名技の重複・ID衝突・取得時期を機械差分で確定する。
316,ゴクリン,gulpin,3,どく,ゴクリン → マルノーム,基礎形,DPE-JP Learnsets.c＋ベガ既存表（既存種）,現代化重点監査,補助寄り両刀,どくばり / アシッドボム,安定したタイプ一致技をLv7～15、二段目をLv20～28に配置。進化前限定の補助技は思い出し対象に残す。,DPE表を土台に、進化前へ過剰な終盤技がある場合は後期へ移動。広範囲高火力サブウェポンはレベル技ではなくTM／教え技に限定。,ベノムショック,ダストシュート,どくびし,専用技がある系統は進化時／Lv1思い出しに固定。戦闘専用フォームは基礎形の習得表を共有。,通常。高威力技はLv45以降、強力な積み技はLv50以降。,最低1つの命中90以上STABを維持し、自爆・テレポート・反動大技だけの直近4技を禁止。高レベル基礎種は中威力技を再挿入。,未収録・追加対象,B-,最終統合ROMから現行表を抽出後、同名技の重複・ID衝突・取得時期を機械差分で確定する。
317,マルノーム,swalot,3,どく,ゴクリン → マルノーム,進化先／最終形,DPE-JP Learnsets.c＋ベガ既存表（既存種）,現代化重点監査,補助寄り両刀,ヘドロばくだん / どくどく / どくびし,進化時に役割技を1つ提示。主力STABはLv36～50、反動・積み・専用大技はLv50～65またはLv1思い出し。,DPE表を土台に、進化前へ過剰な終盤技がある場合は後期へ移動。広範囲高火力サブウェポンはレベル技ではなくTM／教え技に限定。,ベノムショック,ダストシュート,どくびし,専用技がある系統は進化時／Lv1思い出しに固定。戦闘専用フォームは基礎形の習得表を共有。,通常。高威力技はLv45以降、強力な積み技はLv50以降。,最低1つの命中90以上STABを維持し、自爆・テレポート・反動大技だけの直近4技を禁止。高レベル基礎種は中威力技を再挿入。,未収録・追加対象,B,最終統合ROMから現行表を抽出後、同名技の重複・ID衝突・取得時期を機械差分で確定する。
318,キバニア,carvanha,3,みず／あく,キバニア → サメハダー,基礎形,DPE-JP Learnsets.c＋ベガ既存表（既存種）,現代化重点監査,物理寄り,アクアジェット / あまごい / かみつく / ちょうはつ,安定したタイプ一致技をLv7～15、二段目をLv20～28に配置。進化前限定の補助技は思い出し対象に残す。,DPE表を土台に、進化前へ過剰な終盤技がある場合は後期へ移動。広範囲高火力サブウェポンはレベル技ではなくTM／教え技に限定。,アクアブレイク / バークアウト,クイックターン / はたきおとす,アクアリング / わるだくみ,専用技がある系統は進化時／Lv1思い出しに固定。戦闘専用フォームは基礎形の習得表を共有。,通常。高威力技はLv45以降、強力な積み技はLv50以降。,最低1つの命中90以上STABを維持し、自爆・テレポート・反動大技だけの直近4技を禁止。高レベル基礎種は中威力技を再挿入。,未収録・追加対象,B-,最終統合ROMから現行表を抽出後、同名技の重複・ID衝突・取得時期を機械差分で確定する。
319,サメハダー,sharpedo,3,みず／あく,キバニア → サメハダー,進化先／最終形,DPE-JP Learnsets.c＋ベガ既存表（既存種）,現代化重点監査,物理アタッカー,たきのぼり / あまごい / はたきおとす / ちょうはつ,進化時に役割技を1つ提示。主力STABはLv36～50、反動・積み・専用大技はLv50～65またはLv1思い出し。,DPE表を土台に、進化前へ過剰な終盤技がある場合は後期へ移動。広範囲高火力サブウェポンはレベル技ではなくTM／教え技に限定。,アクアブレイク / バークアウト,クイックターン / はたきおとす,アクアリング / わるだくみ,専用技がある系統は進化時／Lv1思い出しに固定。戦闘専用フォームは基礎形の習得表を共有。,通常。高威力技はLv45以降、強力な積み技はLv50以降。,最低1つの命中90以上STABを維持し、自爆・テレポート・反動大技だけの直近4技を禁止。高レベル基礎種は中威力技を再挿入。,未収録・追加対象,B,最終統合ROMから現行表を抽出後、同名技の重複・ID衝突・取得時期を機械差分で確定する。
320,ホエルコ,wailmer,3,みず,ホエルコ → ホエルオー,基礎形,DPE-JP Learnsets.c＋ベガ既存表（既存種）,現代化重点監査,両刀・可変,アクアジェット / みずのはどう,安定したタイプ一致技をLv7～15、二段目をLv20～28に配置。進化前限定の補助技は思い出し対象に残す。,DPE表を土台に、進化前へ過剰な終盤技がある場合は後期へ移動。広範囲高火力サブウェポンはレベル技ではなくTM／教え技に限定。,アクアブレイク,クイックターン,アクアリング,専用技がある系統は進化時／Lv1思い出しに固定。戦闘専用フォームは基礎形の習得表を共有。,通常。高威力技はLv45以降、強力な積み技はLv50以降。,最低1つの命中90以上STABを維持し、自爆・テレポート・反動大技だけの直近4技を禁止。高レベル基礎種は中威力技を再挿入。,未収録・追加対象,B-,最終統合ROMから現行表を抽出後、同名技の重複・ID衝突・取得時期を機械差分で確定する。
321,ホエルオー,wailord,3,みず,ホエルコ → ホエルオー,進化先／最終形,DPE-JP Learnsets.c＋ベガ既存表（既存種）,現代化重点監査,両刀・可変,アクアブレイク / なみのり / あまごい,進化時に役割技を1つ提示。主力STABはLv36～50、反動・積み・専用大技はLv50～65またはLv1思い出し。,DPE表を土台に、進化前へ過剰な終盤技がある場合は後期へ移動。広範囲高火力サブウェポンはレベル技ではなくTM／教え技に限定。,アクアブレイク,クイックターン,アクアリング,専用技がある系統は進化時／Lv1思い出しに固定。戦闘専用フォームは基礎形の習得表を共有。,通常。高威力技はLv45以降、強力な積み技はLv50以降。,最低1つの命中90以上STABを維持し、自爆・テレポート・反動大技だけの直近4技を禁止。高レベル基礎種は中威力技を再挿入。,未収録・追加対象,B,最終統合ROMから現行表を抽出後、同名技の重複・ID衝突・取得時期を機械差分で確定する。
322,ドンメル,numel,3,ほのお／じめん,ドンメル → バクーダ,基礎形,DPE-JP Learnsets.c＋ベガ既存表（既存種）,現代化重点監査,両刀・可変,ほのおのキバ / ひのこ / どろかけ / マッドショット,安定したタイプ一致技をLv7～15、二段目をLv20～28に配置。進化前限定の補助技は思い出し対象に残す。,DPE表を土台に、進化前へ過剰な終盤技がある場合は後期へ移動。広範囲高火力サブウェポンはレベル技ではなくTM／教え技に限定。,かえんほうしゃ / じならし,ねっぷう / ねっさのだいち,にほんばれ / まきびし,専用技がある系統は進化時／Lv1思い出しに固定。戦闘専用フォームは基礎形の習得表を共有。,通常。高威力技はLv45以降、強力な積み技はLv50以降。,最低1つの命中90以上STABを維持し、自爆・テレポート・反動大技だけの直近4技を禁止。高レベル基礎種は中威力技を再挿入。,未収録・追加対象,B-,最終統合ROMから現行表を抽出後、同名技の重複・ID衝突・取得時期を機械差分で確定する。
323,バクーダ,camerupt,3,ほのお／じめん,ドンメル → バクーダ,進化先／最終形,DPE-JP Learnsets.c＋ベガ既存表（既存種）,現代化重点監査,両刀・可変,ニトロチャージ / かえんほうしゃ / おにび / じならし,進化時に役割技を1つ提示。主力STABはLv36～50、反動・積み・専用大技はLv50～65またはLv1思い出し。,DPE表を土台に、進化前へ過剰な終盤技がある場合は後期へ移動。広範囲高火力サブウェポンはレベル技ではなくTM／教え技に限定。,かえんほうしゃ / じならし,ねっぷう / ねっさのだいち,にほんばれ / まきびし,専用技がある系統は進化時／Lv1思い出しに固定。戦闘専用フォームは基礎形の習得表を共有。,通常。高威力技はLv45以降、強力な積み技はLv50以降。,最低1つの命中90以上STABを維持し、自爆・テレポート・反動大技だけの直近4技を禁止。高レベル基礎種は中威力技を再挿入。,未収録・追加対象,B,最終統合ROMから現行表を抽出後、同名技の重複・ID衝突・取得時期を機械差分で確定する。
324,コータス,torkoal,3,ほのお,コータス,基礎形,DPE-JP Learnsets.c＋ベガ既存表（既存種）,ベガ既存表保護＋選択的現代化,特殊寄り,ひのこ / おにび,安定したタイプ一致技をLv7～15、二段目をLv20～28に配置。進化前限定の補助技は思い出し対象に残す。,ベガ既存の独自技・攻略導線を保持。無関係な高火力サブウェポン、NPC専用の違法技、早期の積み技だけをTM／教え技へ移す。,かえんほうしゃ,ねっぷう,にほんばれ,専用技がある系統は進化時／Lv1思い出しに固定。戦闘専用フォームは基礎形の習得表を共有。,通常。高威力技はLv45以降、強力な積み技はLv50以降。,最低1つの命中90以上STABを維持し、自爆・テレポート・反動大技だけの直近4技を禁止。高レベル基礎種は中威力技を再挿入。,既存（トーホク図鑑361）,B-,最終統合ROMから現行表を抽出後、同名技の重複・ID衝突・取得時期を機械差分で確定する。
325,バネブー,spoink,3,エスパー,バネブー → ブーピッグ,基礎形,DPE-JP Learnsets.c＋ベガ既存表（既存種）,現代化重点監査,特殊寄り,ねんりき / めいそう,安定したタイプ一致技をLv7～15、二段目をLv20～28に配置。進化前限定の補助技は思い出し対象に残す。,DPE表を土台に、進化前へ過剰な終盤技がある場合は後期へ移動。広範囲高火力サブウェポンはレベル技ではなくTM／教え技に限定。,サイコショック,トリック,ひかりのかべ,専用技がある系統は進化時／Lv1思い出しに固定。戦闘専用フォームは基礎形の習得表を共有。,通常。高威力技はLv45以降、強力な積み技はLv50以降。,最低1つの命中90以上STABを維持し、自爆・テレポート・反動大技だけの直近4技を禁止。高レベル基礎種は中威力技を再挿入。,未収録・追加対象,B-,最終統合ROMから現行表を抽出後、同名技の重複・ID衝突・取得時期を機械差分で確定する。
326,ブーピッグ,grumpig,3,エスパー,バネブー → ブーピッグ,進化先／最終形,DPE-JP Learnsets.c＋ベガ既存表（既存種）,現代化重点監査,特殊アタッカー,サイコショック / めいそう,進化時に役割技を1つ提示。主力STABはLv36～50、反動・積み・専用大技はLv50～65またはLv1思い出し。,DPE表を土台に、進化前へ過剰な終盤技がある場合は後期へ移動。広範囲高火力サブウェポンはレベル技ではなくTM／教え技に限定。,サイコショック,トリック,ひかりのかべ,専用技がある系統は進化時／Lv1思い出しに固定。戦闘専用フォームは基礎形の習得表を共有。,通常。高威力技はLv45以降、強力な積み技はLv50以降。,最低1つの命中90以上STABを維持し、自爆・テレポート・反動大技だけの直近4技を禁止。高レベル基礎種は中威力技を再挿入。,未収録・追加対象,B,最終統合ROMから現行表を抽出後、同名技の重複・ID衝突・取得時期を機械差分で確定する。
327,パッチール,spinda,3,ノーマル,パッチール,基礎形,DPE-JP Learnsets.c＋ベガ既存表（既存種）,ベガ既存表保護＋選択的現代化,耐久・補助,ずつき / スピードスター,安定したタイプ一致技をLv7～15、二段目をLv20～28に配置。進化前限定の補助技は思い出し対象に残す。,ベガ既存の独自技・攻略導線を保持。無関係な高火力サブウェポン、NPC専用の違法技、早期の積み技だけをTM／教え技へ移す。,まもる,てだすけ,あくび,専用技がある系統は進化時／Lv1思い出しに固定。戦闘専用フォームは基礎形の習得表を共有。,通常。高威力技はLv45以降、強力な積み技はLv50以降。,最低1つの命中90以上STABを維持し、自爆・テレポート・反動大技だけの直近4技を禁止。高レベル基礎種は中威力技を再挿入。,既存（トーホク図鑑327）,B-,最終統合ROMから現行表を抽出後、同名技の重複・ID衝突・取得時期を機械差分で確定する。
328,ナックラー,trapinch,3,じめん,ナックラー → ビブラーバ → フライゴン,基礎形,DPE-JP Learnsets.c＋ベガ既存表（既存種）,現代化重点監査,物理寄り,どろかけ / すなあらし,安定したタイプ一致技をLv7～15、二段目をLv20～28に配置。進化前限定の補助技は思い出し対象に残す。,DPE表を土台に、進化前へ過剰な終盤技がある場合は後期へ移動。広範囲高火力サブウェポンはレベル技ではなくTM／教え技に限定。,じならし,ねっさのだいち,まきびし,専用技がある系統は進化時／Lv1思い出しに固定。戦闘専用フォームは基礎形の習得表を共有。,通常。高威力技はLv45以降、強力な積み技はLv50以降。,最低1つの命中90以上STABを維持し、自爆・テレポート・反動大技だけの直近4技を禁止。高レベル基礎種は中威力技を再挿入。,未収録・追加対象,B-,最終統合ROMから現行表を抽出後、同名技の重複・ID衝突・取得時期を機械差分で確定する。
329,ビブラーバ,vibrava,3,じめん／ドラゴン,ナックラー → ビブラーバ → フライゴン,中間進化,DPE-JP Learnsets.c＋ベガ既存表（既存種）,現代化重点監査,物理寄り,じならし / すなあらし / ドラゴンクロー / りゅうのまい,中威力STABをLv22～35、役割補助技を進化時またはLv30前後に配置。最終大技は先送り。,DPE表を土台に、進化前へ過剰な終盤技がある場合は後期へ移動。広範囲高火力サブウェポンはレベル技ではなくTM／教え技に限定。,じならし / ワイドブレイカー,ねっさのだいち / りゅうせいぐん,まきびし / こわいかお,専用技がある系統は進化時／Lv1思い出しに固定。戦闘専用フォームは基礎形の習得表を共有。,最終進化Lv50以上。600族はLv55以上,最低1つの命中90以上STABを維持し、自爆・テレポート・反動大技だけの直近4技を禁止。高レベル基礎種は中威力技を再挿入。,未収録・追加対象,B,最終統合ROMから現行表を抽出後、同名技の重複・ID衝突・取得時期を機械差分で確定する。
330,フライゴン,flygon,3,じめん／ドラゴン,ナックラー → ビブラーバ → フライゴン,進化先／最終形,DPE-JP Learnsets.c＋ベガ既存表（既存種）,現代化重点監査,両刀・可変,じならし / だいちのちから / すなあらし / ドラゴンクロー,進化時に役割技を1つ提示。主力STABはLv36～50、反動・積み・専用大技はLv50～65またはLv1思い出し。,DPE表を土台に、進化前へ過剰な終盤技がある場合は後期へ移動。広範囲高火力サブウェポンはレベル技ではなくTM／教え技に限定。,じならし / ワイドブレイカー,ねっさのだいち / りゅうせいぐん,まきびし / こわいかお,専用技がある系統は進化時／Lv1思い出しに固定。戦闘専用フォームは基礎形の習得表を共有。,通常。高威力技はLv45以降、強力な積み技はLv50以降。,最低1つの命中90以上STABを維持し、自爆・テレポート・反動大技だけの直近4技を禁止。高レベル基礎種は中威力技を再挿入。,未収録・追加対象,B,最終統合ROMから現行表を抽出後、同名技の重複・ID衝突・取得時期を機械差分で確定する。
331,サボネア,cacnea,3,くさ,サボネア → ノクタス,基礎形,DPE-JP Learnsets.c＋ベガ既存表（既存種）,ベガ既存表保護＋選択的現代化,特殊寄り,メガドレイン / やどりぎのタネ,安定したタイプ一致技をLv7～15、二段目をLv20～28に配置。進化前限定の補助技は思い出し対象に残す。,ベガ既存の独自技・攻略導線を保持。無関係な高火力サブウェポン、NPC専用の違法技、早期の積み技だけをTM／教え技へ移す。,くさむすび,グラススライダー,こうごうせい,専用技がある系統は進化時／Lv1思い出しに固定。戦闘専用フォームは基礎形の習得表を共有。,通常。高威力技はLv45以降、強力な積み技はLv50以降。,最低1つの命中90以上STABを維持し、自爆・テレポート・反動大技だけの直近4技を禁止。高レベル基礎種は中威力技を再挿入。,既存（トーホク図鑑343）,B-,最終統合ROMから現行表を抽出後、同名技の重複・ID衝突・取得時期を機械差分で確定する。
332,ノクタス,cacturne,3,くさ／あく,サボネア → ノクタス,進化先／最終形,DPE-JP Learnsets.c＋ベガ既存表（既存種）,ベガ既存表保護＋選択的現代化,物理アタッカー,リーフブレード / やどりぎのタネ / はたきおとす / ちょうはつ,進化時に役割技を1つ提示。主力STABはLv36～50、反動・積み・専用大技はLv50～65またはLv1思い出し。,ベガ既存の独自技・攻略導線を保持。無関係な高火力サブウェポン、NPC専用の違法技、早期の積み技だけをTM／教え技へ移す。,くさむすび / バークアウト,グラススライダー / はたきおとす,こうごうせい / わるだくみ,専用技がある系統は進化時／Lv1思い出しに固定。戦闘専用フォームは基礎形の習得表を共有。,通常。高威力技はLv45以降、強力な積み技はLv50以降。,最低1つの命中90以上STABを維持し、自爆・テレポート・反動大技だけの直近4技を禁止。高レベル基礎種は中威力技を再挿入。,既存（トーホク図鑑344）,B,最終統合ROMから現行表を抽出後、同名技の重複・ID衝突・取得時期を機械差分で確定する。
333,チルット,swablu,3,ノーマル／ひこう,チルット → チルタリス,基礎形,DPE-JP Learnsets.c＋ベガ既存表（既存種）,現代化重点監査,物理寄り,ずつき / アンコール / つばさでうつ / おいかぜ,安定したタイプ一致技をLv7～15、二段目をLv20～28に配置。進化前限定の補助技は思い出し対象に残す。,DPE表を土台に、進化前へ過剰な終盤技がある場合は後期へ移動。広範囲高火力サブウェポンはレベル技ではなくTM／教え技に限定。,まもる / アクロバット,てだすけ / おいかぜ,あくび / はねやすめ,専用技がある系統は進化時／Lv1思い出しに固定。戦闘専用フォームは基礎形の習得表を共有。,通常。高威力技はLv45以降、強力な積み技はLv50以降。,最低1つの命中90以上STABを維持し、自爆・テレポート・反動大技だけの直近4技を禁止。高レベル基礎種は中威力技を再挿入。,未収録・追加対象,B-,最終統合ROMから現行表を抽出後、同名技の重複・ID衝突・取得時期を機械差分で確定する。
334,チルタリス,altaria,3,ドラゴン／ひこう,チルット → チルタリス,進化先／最終形,DPE-JP Learnsets.c＋ベガ既存表（既存種）,現代化重点監査,両刀・可変,ドラゴンクロー / りゅうのはどう / りゅうのまい / ドリルくちばし,進化時に役割技を1つ提示。主力STABはLv36～50、反動・積み・専用大技はLv50～65またはLv1思い出し。,DPE表を土台に、進化前へ過剰な終盤技がある場合は後期へ移動。広範囲高火力サブウェポンはレベル技ではなくTM／教え技に限定。,ワイドブレイカー / アクロバット,りゅうせいぐん / おいかぜ,こわいかお / はねやすめ,専用技がある系統は進化時／Lv1思い出しに固定。戦闘専用フォームは基礎形の習得表を共有。,最終進化Lv50以上。600族はLv55以上,最低1つの命中90以上STABを維持し、自爆・テレポート・反動大技だけの直近4技を禁止。高レベル基礎種は中威力技を再挿入。,未収録・追加対象,B,最終統合ROMから現行表を抽出後、同名技の重複・ID衝突・取得時期を機械差分で確定する。
335,ザングース,zangoose,3,ノーマル,ザングース,基礎形,DPE-JP Learnsets.c＋ベガ既存表（既存種）,現代化重点監査,物理アタッカー,ずつき / アンコール,安定したタイプ一致技をLv7～15、二段目をLv20～28に配置。進化前限定の補助技は思い出し対象に残す。,DPE表を土台に、進化前へ過剰な終盤技がある場合は後期へ移動。広範囲高火力サブウェポンはレベル技ではなくTM／教え技に限定。,まもる,てだすけ,あくび,専用技がある系統は進化時／Lv1思い出しに固定。戦闘専用フォームは基礎形の習得表を共有。,通常。高威力技はLv45以降、強力な積み技はLv50以降。,最低1つの命中90以上STABを維持し、自爆・テレポート・反動大技だけの直近4技を禁止。高レベル基礎種は中威力技を再挿入。,未収録・追加対象,B-,最終統合ROMから現行表を抽出後、同名技の重複・ID衝突・取得時期を機械差分で確定する。
336,ハブネーク,seviper,3,どく,ハブネーク,基礎形,DPE-JP Learnsets.c＋ベガ既存表（既存種）,現代化重点監査,物理アタッカー,どくばり / どくどく,安定したタイプ一致技をLv7～15、二段目をLv20～28に配置。進化前限定の補助技は思い出し対象に残す。,DPE表を土台に、進化前へ過剰な終盤技がある場合は後期へ移動。広範囲高火力サブウェポンはレベル技ではなくTM／教え技に限定。,ベノムショック,ダストシュート,どくびし,専用技がある系統は進化時／Lv1思い出しに固定。戦闘専用フォームは基礎形の習得表を共有。,通常。高威力技はLv45以降、強力な積み技はLv50以降。,最低1つの命中90以上STABを維持し、自爆・テレポート・反動大技だけの直近4技を禁止。高レベル基礎種は中威力技を再挿入。,未収録・追加対象,B-,最終統合ROMから現行表を抽出後、同名技の重複・ID衝突・取得時期を機械差分で確定する。
337,ルナトーン,lunatone,3,いわ／エスパー,ルナトーン,基礎形,DPE-JP Learnsets.c＋ベガ既存表（既存種）,ベガ既存表保護＋選択的現代化,特殊アタッカー,げんしのちから / ステルスロック / ねんりき / めいそう,安定したタイプ一致技をLv7～15、二段目をLv20～28に配置。進化前限定の補助技は思い出し対象に残す。,ベガ既存の独自技・攻略導線を保持。無関係な高火力サブウェポン、NPC専用の違法技、早期の積み技だけをTM／教え技へ移す。,ステルスロック / サイコショック,メテオビーム / トリック,すなあらし / ひかりのかべ,専用技がある系統は進化時／Lv1思い出しに固定。戦闘専用フォームは基礎形の習得表を共有。,通常。高威力技はLv45以降、強力な積み技はLv50以降。,最低1つの命中90以上STABを維持し、自爆・テレポート・反動大技だけの直近4技を禁止。高レベル基礎種は中威力技を再挿入。,既存（トーホク図鑑204）,B-,最終統合ROMから現行表を抽出後、同名技の重複・ID衝突・取得時期を機械差分で確定する。
338,ソルロック,solrock,3,いわ／エスパー,ソルロック,基礎形,DPE-JP Learnsets.c＋ベガ既存表（既存種）,ベガ既存表保護＋選択的現代化,特殊アタッカー,げんしのちから / ステルスロック / ねんりき / めいそう,安定したタイプ一致技をLv7～15、二段目をLv20～28に配置。進化前限定の補助技は思い出し対象に残す。,ベガ既存の独自技・攻略導線を保持。無関係な高火力サブウェポン、NPC専用の違法技、早期の積み技だけをTM／教え技へ移す。,ステルスロック / サイコショック,メテオビーム / トリック,すなあらし / ひかりのかべ,専用技がある系統は進化時／Lv1思い出しに固定。戦闘専用フォームは基礎形の習得表を共有。,通常。高威力技はLv45以降、強力な積み技はLv50以降。,最低1つの命中90以上STABを維持し、自爆・テレポート・反動大技だけの直近4技を禁止。高レベル基礎種は中威力技を再挿入。,既存（トーホク図鑑205）,B-,最終統合ROMから現行表を抽出後、同名技の重複・ID衝突・取得時期を機械差分で確定する。
339,ドジョッチ,barboach,3,みず／じめん,ドジョッチ → ナマズン,基礎形,DPE-JP Learnsets.c＋ベガ既存表（既存種）,現代化重点監査,物理寄り,アクアジェット / あまごい / どろかけ / すなあらし,安定したタイプ一致技をLv7～15、二段目をLv20～28に配置。進化前限定の補助技は思い出し対象に残す。,DPE表を土台に、進化前へ過剰な終盤技がある場合は後期へ移動。広範囲高火力サブウェポンはレベル技ではなくTM／教え技に限定。,アクアブレイク / じならし,クイックターン / ねっさのだいち,アクアリング / まきびし,専用技がある系統は進化時／Lv1思い出しに固定。戦闘専用フォームは基礎形の習得表を共有。,通常。高威力技はLv45以降、強力な積み技はLv50以降。,最低1つの命中90以上STABを維持し、自爆・テレポート・反動大技だけの直近4技を禁止。高レベル基礎種は中威力技を再挿入。,未収録・追加対象,B-,最終統合ROMから現行表を抽出後、同名技の重複・ID衝突・取得時期を機械差分で確定する。
340,ナマズン,whiscash,3,みず／じめん,ドジョッチ → ナマズン,進化先／最終形,DPE-JP Learnsets.c＋ベガ既存表（既存種）,現代化重点監査,物理寄り,たきのぼり / あまごい / じしん / すなあらし,進化時に役割技を1つ提示。主力STABはLv36～50、反動・積み・専用大技はLv50～65またはLv1思い出し。,DPE表を土台に、進化前へ過剰な終盤技がある場合は後期へ移動。広範囲高火力サブウェポンはレベル技ではなくTM／教え技に限定。,アクアブレイク / じならし,クイックターン / ねっさのだいち,アクアリング / まきびし,専用技がある系統は進化時／Lv1思い出しに固定。戦闘専用フォームは基礎形の習得表を共有。,通常。高威力技はLv45以降、強力な積み技はLv50以降。,最低1つの命中90以上STABを維持し、自爆・テレポート・反動大技だけの直近4技を禁止。高レベル基礎種は中威力技を再挿入。,未収録・追加対象,B,最終統合ROMから現行表を抽出後、同名技の重複・ID衝突・取得時期を機械差分で確定する。
341,ヘイガニ,corphish,3,みず,ヘイガニ → シザリガー,基礎形,DPE-JP Learnsets.c＋ベガ既存表（既存種）,現代化重点監査,両刀・可変,アクアジェット / みずのはどう,安定したタイプ一致技をLv7～15、二段目をLv20～28に配置。進化前限定の補助技は思い出し対象に残す。,DPE表を土台に、進化前へ過剰な終盤技がある場合は後期へ移動。広範囲高火力サブウェポンはレベル技ではなくTM／教え技に限定。,アクアブレイク,クイックターン,アクアリング,専用技がある系統は進化時／Lv1思い出しに固定。戦闘専用フォームは基礎形の習得表を共有。,通常。高威力技はLv45以降、強力な積み技はLv50以降。,最低1つの命中90以上STABを維持し、自爆・テレポート・反動大技だけの直近4技を禁止。高レベル基礎種は中威力技を再挿入。,未収録・追加対象,B-,最終統合ROMから現行表を抽出後、同名技の重複・ID衝突・取得時期を機械差分で確定する。
342,シザリガー,crawdaunt,3,みず／あく,ヘイガニ → シザリガー,進化先／最終形,DPE-JP Learnsets.c＋ベガ既存表（既存種）,現代化重点監査,物理アタッカー,たきのぼり / あまごい / はたきおとす / ちょうはつ,進化時に役割技を1つ提示。主力STABはLv36～50、反動・積み・専用大技はLv50～65またはLv1思い出し。,DPE表を土台に、進化前へ過剰な終盤技がある場合は後期へ移動。広範囲高火力サブウェポンはレベル技ではなくTM／教え技に限定。,アクアブレイク / バークアウト,クイックターン / はたきおとす,アクアリング / わるだくみ,専用技がある系統は進化時／Lv1思い出しに固定。戦闘専用フォームは基礎形の習得表を共有。,通常。高威力技はLv45以降、強力な積み技はLv50以降。,最低1つの命中90以上STABを維持し、自爆・テレポート・反動大技だけの直近4技を禁止。高レベル基礎種は中威力技を再挿入。,未収録・追加対象,B,最終統合ROMから現行表を抽出後、同名技の重複・ID衝突・取得時期を機械差分で確定する。
343,ヤジロン,baltoy,3,じめん／エスパー,ヤジロン → ネンドール,基礎形,DPE-JP Learnsets.c＋ベガ既存表（既存種）,現代化重点監査,補助寄り両刀,どろかけ / マッドショット / サイコカッター / ねんりき,安定したタイプ一致技をLv7～15、二段目をLv20～28に配置。進化前限定の補助技は思い出し対象に残す。,DPE表を土台に、進化前へ過剰な終盤技がある場合は後期へ移動。広範囲高火力サブウェポンはレベル技ではなくTM／教え技に限定。,じならし / サイコショック,ねっさのだいち / トリック,まきびし / ひかりのかべ,専用技がある系統は進化時／Lv1思い出しに固定。戦闘専用フォームは基礎形の習得表を共有。,通常。高威力技はLv45以降、強力な積み技はLv50以降。,最低1つの命中90以上STABを維持し、自爆・テレポート・反動大技だけの直近4技を禁止。高レベル基礎種は中威力技を再挿入。,未収録・追加対象,B-,最終統合ROMから現行表を抽出後、同名技の重複・ID衝突・取得時期を機械差分で確定する。
344,ネンドール,claydol,3,じめん／エスパー,ヤジロン → ネンドール,進化先／最終形,DPE-JP Learnsets.c＋ベガ既存表（既存種）,現代化重点監査,補助寄り両刀,だいちのちから / すなあらし / まきびし / サイコキネシス,進化時に役割技を1つ提示。主力STABはLv36～50、反動・積み・専用大技はLv50～65またはLv1思い出し。,DPE表を土台に、進化前へ過剰な終盤技がある場合は後期へ移動。広範囲高火力サブウェポンはレベル技ではなくTM／教え技に限定。,じならし / サイコショック,ねっさのだいち / トリック,まきびし / ひかりのかべ,専用技がある系統は進化時／Lv1思い出しに固定。戦闘専用フォームは基礎形の習得表を共有。,通常。高威力技はLv45以降、強力な積み技はLv50以降。,最低1つの命中90以上STABを維持し、自爆・テレポート・反動大技だけの直近4技を禁止。高レベル基礎種は中威力技を再挿入。,未収録・追加対象,B,最終統合ROMから現行表を抽出後、同名技の重複・ID衝突・取得時期を機械差分で確定する。
345,リリーラ,lileep,3,いわ／くさ,リリーラ → ユレイドル,基礎形,DPE-JP Learnsets.c＋ベガ既存表（既存種）,ベガ既存表保護＋選択的現代化,両刀・可変,いわおとし / げんしのちから / はっぱカッター / メガドレイン,安定したタイプ一致技をLv7～15、二段目をLv20～28に配置。進化前限定の補助技は思い出し対象に残す。,ベガ既存の独自技・攻略導線を保持。無関係な高火力サブウェポン、NPC専用の違法技、早期の積み技だけをTM／教え技へ移す。,ステルスロック / くさむすび,メテオビーム / グラススライダー,すなあらし / こうごうせい,専用技がある系統は進化時／Lv1思い出しに固定。戦闘専用フォームは基礎形の習得表を共有。,通常。高威力技はLv45以降、強力な積み技はLv50以降。,最低1つの命中90以上STABを維持し、自爆・テレポート・反動大技だけの直近4技を禁止。高レベル基礎種は中威力技を再挿入。,既存（トーホク図鑑119）,B-,最終統合ROMから現行表を抽出後、同名技の重複・ID衝突・取得時期を機械差分で確定する。
346,ユレイドル,cradily,3,いわ／くさ,リリーラ → ユレイドル,進化先／最終形,DPE-JP Learnsets.c＋ベガ既存表（既存種）,ベガ既存表保護＋選択的現代化,両刀・可変,いわなだれ / パワージェム / ステルスロック / タネばくだん,進化時に役割技を1つ提示。主力STABはLv36～50、反動・積み・専用大技はLv50～65またはLv1思い出し。,ベガ既存の独自技・攻略導線を保持。無関係な高火力サブウェポン、NPC専用の違法技、早期の積み技だけをTM／教え技へ移す。,ステルスロック / くさむすび,メテオビーム / グラススライダー,すなあらし / こうごうせい,専用技がある系統は進化時／Lv1思い出しに固定。戦闘専用フォームは基礎形の習得表を共有。,通常。高威力技はLv45以降、強力な積み技はLv50以降。,最低1つの命中90以上STABを維持し、自爆・テレポート・反動大技だけの直近4技を禁止。高レベル基礎種は中威力技を再挿入。,既存（トーホク図鑑120）,B,最終統合ROMから現行表を抽出後、同名技の重複・ID衝突・取得時期を機械差分で確定する。
347,アノプス,anorith,3,いわ／むし,アノプス → アーマルド,基礎形,DPE-JP Learnsets.c＋ベガ既存表（既存種）,現代化重点監査,物理寄り,いわおとし / ステルスロック / むしくい / ねばねばネット,安定したタイプ一致技をLv7～15、二段目をLv20～28に配置。進化前限定の補助技は思い出し対象に残す。,DPE表を土台に、進化前へ過剰な終盤技がある場合は後期へ移動。広範囲高火力サブウェポンはレベル技ではなくTM／教え技に限定。,ステルスロック / とんぼがえり,メテオビーム / むしくい,すなあらし / いとをはく,専用技がある系統は進化時／Lv1思い出しに固定。戦闘専用フォームは基礎形の習得表を共有。,通常。高威力技はLv45以降、強力な積み技はLv50以降。,最低1つの命中90以上STABを維持し、自爆・テレポート・反動大技だけの直近4技を禁止。高レベル基礎種は中威力技を再挿入。,未収録・追加対象,B-,最終統合ROMから現行表を抽出後、同名技の重複・ID衝突・取得時期を機械差分で確定する。
348,アーマルド,armaldo,3,いわ／むし,アノプス → アーマルド,進化先／最終形,DPE-JP Learnsets.c＋ベガ既存表（既存種）,現代化重点監査,物理寄り,ストーンエッジ / ステルスロック / メガホーン / ねばねばネット,進化時に役割技を1つ提示。主力STABはLv36～50、反動・積み・専用大技はLv50～65またはLv1思い出し。,DPE表を土台に、進化前へ過剰な終盤技がある場合は後期へ移動。広範囲高火力サブウェポンはレベル技ではなくTM／教え技に限定。,ステルスロック / とんぼがえり,メテオビーム / むしくい,すなあらし / いとをはく,専用技がある系統は進化時／Lv1思い出しに固定。戦闘専用フォームは基礎形の習得表を共有。,通常。高威力技はLv45以降、強力な積み技はLv50以降。,最低1つの命中90以上STABを維持し、自爆・テレポート・反動大技だけの直近4技を禁止。高レベル基礎種は中威力技を再挿入。,未収録・追加対象,B,最終統合ROMから現行表を抽出後、同名技の重複・ID衝突・取得時期を機械差分で確定する。
349,ヒンバス,feebas,3,みず,ヒンバス → ミロカロス,基礎形,DPE-JP Learnsets.c＋ベガ既存表（既存種）,現代化重点監査,両刀・可変,アクアジェット / みずのはどう,安定したタイプ一致技をLv7～15、二段目をLv20～28に配置。進化前限定の補助技は思い出し対象に残す。,DPE表を土台に、進化前へ過剰な終盤技がある場合は後期へ移動。広範囲高火力サブウェポンはレベル技ではなくTM／教え技に限定。,アクアブレイク,クイックターン,アクアリング,専用技がある系統は進化時／Lv1思い出しに固定。戦闘専用フォームは基礎形の習得表を共有。,通常。高威力技はLv45以降、強力な積み技はLv50以降。,最低1つの命中90以上STABを維持し、自爆・テレポート・反動大技だけの直近4技を禁止。高レベル基礎種は中威力技を再挿入。,未収録・追加対象,B-,最終統合ROMから現行表を抽出後、同名技の重複・ID衝突・取得時期を機械差分で確定する。
350,ミロカロス,milotic,3,みず,ヒンバス → ミロカロス,進化先／最終形,DPE-JP Learnsets.c＋ベガ既存表（既存種）,現代化重点監査,両刀・可変,アクアブレイク / なみのり / あまごい,進化時に役割技を1つ提示。主力STABはLv36～50、反動・積み・専用大技はLv50～65またはLv1思い出し。,DPE表を土台に、進化前へ過剰な終盤技がある場合は後期へ移動。広範囲高火力サブウェポンはレベル技ではなくTM／教え技に限定。,アクアブレイク,クイックターン,アクアリング,専用技がある系統は進化時／Lv1思い出しに固定。戦闘専用フォームは基礎形の習得表を共有。,通常。高威力技はLv45以降、強力な積み技はLv50以降。,最低1つの命中90以上STABを維持し、自爆・テレポート・反動大技だけの直近4技を禁止。高レベル基礎種は中威力技を再挿入。,未収録・追加対象,B,最終統合ROMから現行表を抽出後、同名技の重複・ID衝突・取得時期を機械差分で確定する。
351,ポワルン,castform,3,ノーマル,ポワルン,基礎形,DPE-JP Learnsets.c＋ベガ既存表（既存種）,現代化重点監査,特殊アタッカー,スピードスター / アンコール,安定したタイプ一致技をLv7～15、二段目をLv20～28に配置。進化前限定の補助技は思い出し対象に残す。,DPE表を土台に、進化前へ過剰な終盤技がある場合は後期へ移動。広範囲高火力サブウェポンはレベル技ではなくTM／教え技に限定。,まもる,てだすけ,あくび,専用技がある系統は進化時／Lv1思い出しに固定。戦闘専用フォームは基礎形の習得表を共有。,通常。高威力技はLv45以降、強力な積み技はLv50以降。,最低1つの命中90以上STABを維持し、自爆・テレポート・反動大技だけの直近4技を禁止。高レベル基礎種は中威力技を再挿入。,未収録・追加対象,B-,最終統合ROMから現行表を抽出後、同名技の重複・ID衝突・取得時期を機械差分で確定する。
352,カクレオン,kecleon,3,ノーマル,カクレオン,基礎形,DPE-JP Learnsets.c＋ベガ既存表（既存種）,現代化重点監査,耐久・補助,ずつき / スピードスター,安定したタイプ一致技をLv7～15、二段目をLv20～28に配置。進化前限定の補助技は思い出し対象に残す。,DPE表を土台に、進化前へ過剰な終盤技がある場合は後期へ移動。広範囲高火力サブウェポンはレベル技ではなくTM／教え技に限定。,まもる,てだすけ,あくび,専用技がある系統は進化時／Lv1思い出しに固定。戦闘専用フォームは基礎形の習得表を共有。,通常。高威力技はLv45以降、強力な積み技はLv50以降。,最低1つの命中90以上STABを維持し、自爆・テレポート・反動大技だけの直近4技を禁止。高レベル基礎種は中威力技を再挿入。,未収録・追加対象,B-,最終統合ROMから現行表を抽出後、同名技の重複・ID衝突・取得時期を機械差分で確定する。
353,カゲボウズ,shuppet,3,ゴースト,カゲボウズ → ジュペッタ,基礎形,DPE-JP Learnsets.c＋ベガ既存表（既存種）,ベガ既存表保護＋選択的現代化,特殊寄り,おどろかす / おにび,安定したタイプ一致技をLv7～15、二段目をLv20～28に配置。進化前限定の補助技は思い出し対象に残す。,ベガ既存の独自技・攻略導線を保持。無関係な高火力サブウェポン、NPC専用の違法技、早期の積み技だけをTM／教え技へ移す。,シャドークロー,ポルターガイスト,みちづれ,専用技がある系統は進化時／Lv1思い出しに固定。戦闘専用フォームは基礎形の習得表を共有。,通常。高威力技はLv45以降、強力な積み技はLv50以降。,最低1つの命中90以上STABを維持し、自爆・テレポート・反動大技だけの直近4技を禁止。高レベル基礎種は中威力技を再挿入。,既存（トーホク図鑑320）,B-,最終統合ROMから現行表を抽出後、同名技の重複・ID衝突・取得時期を機械差分で確定する。
354,ジュペッタ,banette,3,ゴースト,カゲボウズ → ジュペッタ,進化先／最終形,DPE-JP Learnsets.c＋ベガ既存表（既存種）,ベガ既存表保護＋選択的現代化,物理アタッカー,ポルターガイスト / おにび,進化時に役割技を1つ提示。主力STABはLv36～50、反動・積み・専用大技はLv50～65またはLv1思い出し。,ベガ既存の独自技・攻略導線を保持。無関係な高火力サブウェポン、NPC専用の違法技、早期の積み技だけをTM／教え技へ移す。,シャドークロー,ポルターガイスト,みちづれ,専用技がある系統は進化時／Lv1思い出しに固定。戦闘専用フォームは基礎形の習得表を共有。,殿堂入り後教え技。相手が持ち物なしの場合の失敗処理を現代仕様にする,最低1つの命中90以上STABを維持し、自爆・テレポート・反動大技だけの直近4技を禁止。高レベル基礎種は中威力技を再挿入。,既存（トーホク図鑑321）,B,最終統合ROMから現行表を抽出後、同名技の重複・ID衝突・取得時期を機械差分で確定する。
355,ヨマワル,duskull,3,ゴースト,ヨマワル → サマヨール → ヨノワール,基礎形,DPE-JP Learnsets.c＋ベガ既存表（既存種）,ベガ既存表保護＋選択的現代化,特殊寄り,おどろかす / おにび,安定したタイプ一致技をLv7～15、二段目をLv20～28に配置。進化前限定の補助技は思い出し対象に残す。,ベガ既存の独自技・攻略導線を保持。無関係な高火力サブウェポン、NPC専用の違法技、早期の積み技だけをTM／教え技へ移す。,シャドークロー,ポルターガイスト,みちづれ,専用技がある系統は進化時／Lv1思い出しに固定。戦闘専用フォームは基礎形の習得表を共有。,通常。高威力技はLv45以降、強力な積み技はLv50以降。,最低1つの命中90以上STABを維持し、自爆・テレポート・反動大技だけの直近4技を禁止。高レベル基礎種は中威力技を再挿入。,既存（トーホク図鑑267）,B-,最終統合ROMから現行表を抽出後、同名技の重複・ID衝突・取得時期を機械差分で確定する。
356,サマヨール,dusclops,3,ゴースト,ヨマワル → サマヨール → ヨノワール,中間進化,DPE-JP Learnsets.c＋ベガ既存表（既存種）,ベガ既存表保護＋選択的現代化,特殊寄り,たたりめ / おにび,中威力STABをLv22～35、役割補助技を進化時またはLv30前後に配置。最終大技は先送り。,ベガ既存の独自技・攻略導線を保持。無関係な高火力サブウェポン、NPC専用の違法技、早期の積み技だけをTM／教え技へ移す。,シャドークロー,ポルターガイスト,みちづれ,専用技がある系統は進化時／Lv1思い出しに固定。戦闘専用フォームは基礎形の習得表を共有。,通常。高威力技はLv45以降、強力な積み技はLv50以降。,最低1つの命中90以上STABを維持し、自爆・テレポート・反動大技だけの直近4技を禁止。高レベル基礎種は中威力技を再挿入。,既存（トーホク図鑑268）,B,最終統合ROMから現行表を抽出後、同名技の重複・ID衝突・取得時期を機械差分で確定する。
357,トロピウス,tropius,3,くさ／ひこう,トロピウス,基礎形,DPE-JP Learnsets.c＋ベガ既存表（既存種）,ベガ既存表保護＋選択的現代化,特殊寄り,メガドレイン / やどりぎのタネ / かぜおこし / おいかぜ,安定したタイプ一致技をLv7～15、二段目をLv20～28に配置。進化前限定の補助技は思い出し対象に残す。,ベガ既存の独自技・攻略導線を保持。無関係な高火力サブウェポン、NPC専用の違法技、早期の積み技だけをTM／教え技へ移す。,くさむすび / アクロバット,グラススライダー / おいかぜ,こうごうせい / はねやすめ,専用技がある系統は進化時／Lv1思い出しに固定。戦闘専用フォームは基礎形の習得表を共有。,通常。高威力技はLv45以降、強力な積み技はLv50以降。,最低1つの命中90以上STABを維持し、自爆・テレポート・反動大技だけの直近4技を禁止。高レベル基礎種は中威力技を再挿入。,既存（トーホク図鑑074）,B-,最終統合ROMから現行表を抽出後、同名技の重複・ID衝突・取得時期を機械差分で確定する。
358,チリーン,chimecho,3,エスパー,リーシャン → チリーン,進化先／最終形,DPE-JP Learnsets.c＋ベガ既存表（既存種）,現代化重点監査,耐久・補助,サイコキネシス / めいそう / ひかりのかべ,進化時に役割技を1つ提示。主力STABはLv36～50、反動・積み・専用大技はLv50～65またはLv1思い出し。,DPE表を土台に、進化前へ過剰な終盤技がある場合は後期へ移動。広範囲高火力サブウェポンはレベル技ではなくTM／教え技に限定。,サイコショック,トリック,ひかりのかべ,専用技がある系統は進化時／Lv1思い出しに固定。戦闘専用フォームは基礎形の習得表を共有。,通常。高威力技はLv45以降、強力な積み技はLv50以降。,最低1つの命中90以上STABを維持し、自爆・テレポート・反動大技だけの直近4技を禁止。高レベル基礎種は中威力技を再挿入。,未収録・追加対象,B,最終統合ROMから現行表を抽出後、同名技の重複・ID衝突・取得時期を機械差分で確定する。
359,アブソル,absol,3,あく,アブソル,基礎形,DPE-JP Learnsets.c＋ベガ既存表（既存種）,ベガ既存表保護＋選択的現代化,物理アタッカー,かみつく / ちょうはつ,安定したタイプ一致技をLv7～15、二段目をLv20～28に配置。進化前限定の補助技は思い出し対象に残す。,ベガ既存の独自技・攻略導線を保持。無関係な高火力サブウェポン、NPC専用の違法技、早期の積み技だけをTM／教え技へ移す。,バークアウト,はたきおとす,わるだくみ,専用技がある系統は進化時／Lv1思い出しに固定。戦闘専用フォームは基礎形の習得表を共有。,通常。高威力技はLv45以降、強力な積み技はLv50以降。,最低1つの命中90以上STABを維持し、自爆・テレポート・反動大技だけの直近4技を禁止。高レベル基礎種は中威力技を再挿入。,既存（トーホク図鑑052）,B-,最終統合ROMから現行表を抽出後、同名技の重複・ID衝突・取得時期を機械差分で確定する。
360,ソーナノ,wynaut,3,エスパー,ソーナノ → ソーナンス,基礎形,DPE-JP Learnsets.c＋ベガ既存表（既存種）,現代化重点監査,特殊寄り,ねんりき / めいそう,安定したタイプ一致技をLv7～15、二段目をLv20～28に配置。進化前限定の補助技は思い出し対象に残す。,DPE表を土台に、進化前へ過剰な終盤技がある場合は後期へ移動。広範囲高火力サブウェポンはレベル技ではなくTM／教え技に限定。,サイコショック,トリック,ひかりのかべ,専用技がある系統は進化時／Lv1思い出しに固定。戦闘専用フォームは基礎形の習得表を共有。,通常。高威力技はLv45以降、強力な積み技はLv50以降。,最低1つの命中90以上STABを維持し、自爆・テレポート・反動大技だけの直近4技を禁止。高レベル基礎種は中威力技を再挿入。,未収録・追加対象,B-,最終統合ROMから現行表を抽出後、同名技の重複・ID衝突・取得時期を機械差分で確定する。
361,ユキワラシ,snorunt,3,こおり,ユキワラシ → オニゴーリ → ユキメノコ,基礎形,DPE-JP Learnsets.c＋ベガ既存表（既存種）,現代化重点監査,特殊寄り,こごえるかぜ / ゆきげしき,安定したタイプ一致技をLv7～15、二段目をLv20～28に配置。進化前限定の補助技は思い出し対象に残す。,DPE表を土台に、進化前へ過剰な終盤技がある場合は後期へ移動。広範囲高火力サブウェポンはレベル技ではなくTM／教え技に限定。,アイススピナー,トリプルアクセル,オーロラベール,専用技がある系統は進化時／Lv1思い出しに固定。戦闘専用フォームは基礎形の習得表を共有。,通常。高威力技はLv45以降、強力な積み技はLv50以降。,最低1つの命中90以上STABを維持し、自爆・テレポート・反動大技だけの直近4技を禁止。高レベル基礎種は中威力技を再挿入。,未収録・追加対象,B-,最終統合ROMから現行表を抽出後、同名技の重複・ID衝突・取得時期を機械差分で確定する。
362,オニゴーリ,glalie,3,こおり,ユキワラシ → オニゴーリ → ユキメノコ,中間進化,DPE-JP Learnsets.c＋ベガ既存表（既存種）,現代化重点監査,特殊アタッカー,れいとうビーム / ゆきげしき,中威力STABをLv22～35、役割補助技を進化時またはLv30前後に配置。最終大技は先送り。,DPE表を土台に、進化前へ過剰な終盤技がある場合は後期へ移動。広範囲高火力サブウェポンはレベル技ではなくTM／教え技に限定。,アイススピナー,トリプルアクセル,オーロラベール,専用技がある系統は進化時／Lv1思い出しに固定。戦闘専用フォームは基礎形の習得表を共有。,通常。高威力技はLv45以降、強力な積み技はLv50以降。,最低1つの命中90以上STABを維持し、自爆・テレポート・反動大技だけの直近4技を禁止。高レベル基礎種は中威力技を再挿入。,未収録・追加対象,B,最終統合ROMから現行表を抽出後、同名技の重複・ID衝突・取得時期を機械差分で確定する。
363,タマザラシ,spheal,3,こおり／みず,タマザラシ → トドグラー → トドゼルガ,基礎形,DPE-JP Learnsets.c＋ベガ既存表（既存種）,ベガ既存表保護＋選択的現代化,特殊寄り,こごえるかぜ / ゆきげしき / みずのはどう / あまごい,安定したタイプ一致技をLv7～15、二段目をLv20～28に配置。進化前限定の補助技は思い出し対象に残す。,ベガ既存の独自技・攻略導線を保持。無関係な高火力サブウェポン、NPC専用の違法技、早期の積み技だけをTM／教え技へ移す。,アイススピナー / アクアブレイク,トリプルアクセル / クイックターン,オーロラベール / アクアリング,専用技がある系統は進化時／Lv1思い出しに固定。戦闘専用フォームは基礎形の習得表を共有。,通常。高威力技はLv45以降、強力な積み技はLv50以降。,最低1つの命中90以上STABを維持し、自爆・テレポート・反動大技だけの直近4技を禁止。高レベル基礎種は中威力技を再挿入。,既存（トーホク図鑑078）,B-,最終統合ROMから現行表を抽出後、同名技の重複・ID衝突・取得時期を機械差分で確定する。
364,トドグラー,sealeo,3,こおり／みず,タマザラシ → トドグラー → トドゼルガ,中間進化,DPE-JP Learnsets.c＋ベガ既存表（既存種）,ベガ既存表保護＋選択的現代化,特殊寄り,れいとうビーム / ゆきげしき / なみのり / あまごい,中威力STABをLv22～35、役割補助技を進化時またはLv30前後に配置。最終大技は先送り。,ベガ既存の独自技・攻略導線を保持。無関係な高火力サブウェポン、NPC専用の違法技、早期の積み技だけをTM／教え技へ移す。,アイススピナー / アクアブレイク,トリプルアクセル / クイックターン,オーロラベール / アクアリング,専用技がある系統は進化時／Lv1思い出しに固定。戦闘専用フォームは基礎形の習得表を共有。,通常。高威力技はLv45以降、強力な積み技はLv50以降。,最低1つの命中90以上STABを維持し、自爆・テレポート・反動大技だけの直近4技を禁止。高レベル基礎種は中威力技を再挿入。,既存（トーホク図鑑079）,B,最終統合ROMから現行表を抽出後、同名技の重複・ID衝突・取得時期を機械差分で確定する。
365,トドゼルガ,walrein,3,こおり／みず,タマザラシ → トドグラー → トドゼルガ,進化先／最終形,DPE-JP Learnsets.c＋ベガ既存表（既存種）,ベガ既存表保護＋選択的現代化,特殊アタッカー,ふぶき / ゆきげしき / ハイドロポンプ / あまごい,進化時に役割技を1つ提示。主力STABはLv36～50、反動・積み・専用大技はLv50～65またはLv1思い出し。,ベガ既存の独自技・攻略導線を保持。無関係な高火力サブウェポン、NPC専用の違法技、早期の積み技だけをTM／教え技へ移す。,アイススピナー / アクアブレイク,トリプルアクセル / クイックターン,オーロラベール / アクアリング,専用技がある系統は進化時／Lv1思い出しに固定。戦闘専用フォームは基礎形の習得表を共有。,通常。高威力技はLv45以降、強力な積み技はLv50以降。,最低1つの命中90以上STABを維持し、自爆・テレポート・反動大技だけの直近4技を禁止。高レベル基礎種は中威力技を再挿入。,既存（トーホク図鑑080）,B,最終統合ROMから現行表を抽出後、同名技の重複・ID衝突・取得時期を機械差分で確定する。
366,パールル,clamperl,3,みず,パールル → ハンテール → サクラビス,基礎形,DPE-JP Learnsets.c＋ベガ既存表（既存種）,現代化重点監査,両刀・可変,アクアジェット / みずのはどう,安定したタイプ一致技をLv7～15、二段目をLv20～28に配置。進化前限定の補助技は思い出し対象に残す。,DPE表を土台に、進化前へ過剰な終盤技がある場合は後期へ移動。広範囲高火力サブウェポンはレベル技ではなくTM／教え技に限定。,アクアブレイク,クイックターン,アクアリング,専用技がある系統は進化時／Lv1思い出しに固定。戦闘専用フォームは基礎形の習得表を共有。,通常。高威力技はLv45以降、強力な積み技はLv50以降。,最低1つの命中90以上STABを維持し、自爆・テレポート・反動大技だけの直近4技を禁止。高レベル基礎種は中威力技を再挿入。,未収録・追加対象,B-,最終統合ROMから現行表を抽出後、同名技の重複・ID衝突・取得時期を機械差分で確定する。
367,ハンテール,huntail,3,みず,パールル → ハンテール → サクラビス,中間進化,DPE-JP Learnsets.c＋ベガ既存表（既存種）,現代化重点監査,両刀・可変,アクアブレイク / なみのり,中威力STABをLv22～35、役割補助技を進化時またはLv30前後に配置。最終大技は先送り。,DPE表を土台に、進化前へ過剰な終盤技がある場合は後期へ移動。広範囲高火力サブウェポンはレベル技ではなくTM／教え技に限定。,アクアブレイク,クイックターン,アクアリング,専用技がある系統は進化時／Lv1思い出しに固定。戦闘専用フォームは基礎形の習得表を共有。,通常。高威力技はLv45以降、強力な積み技はLv50以降。,最低1つの命中90以上STABを維持し、自爆・テレポート・反動大技だけの直近4技を禁止。高レベル基礎種は中威力技を再挿入。,未収録・追加対象,B,最終統合ROMから現行表を抽出後、同名技の重複・ID衝突・取得時期を機械差分で確定する。
368,サクラビス,gorebyss,3,みず,パールル → ハンテール → サクラビス,進化先／最終形,DPE-JP Learnsets.c＋ベガ既存表（既存種）,現代化重点監査,両刀・可変,アクアブレイク / なみのり / あまごい,進化時に役割技を1つ提示。主力STABはLv36～50、反動・積み・専用大技はLv50～65またはLv1思い出し。,DPE表を土台に、進化前へ過剰な終盤技がある場合は後期へ移動。広範囲高火力サブウェポンはレベル技ではなくTM／教え技に限定。,アクアブレイク,クイックターン,アクアリング,専用技がある系統は進化時／Lv1思い出しに固定。戦闘専用フォームは基礎形の習得表を共有。,通常。高威力技はLv45以降、強力な積み技はLv50以降。,最低1つの命中90以上STABを維持し、自爆・テレポート・反動大技だけの直近4技を禁止。高レベル基礎種は中威力技を再挿入。,未収録・追加対象,B,最終統合ROMから現行表を抽出後、同名技の重複・ID衝突・取得時期を機械差分で確定する。
369,ジーランス,relicanth,3,みず／いわ,ジーランス,基礎形,DPE-JP Learnsets.c＋ベガ既存表（既存種）,ベガ既存表保護＋選択的現代化,物理寄り,アクアジェット / あまごい / いわおとし / ステルスロック,安定したタイプ一致技をLv7～15、二段目をLv20～28に配置。進化前限定の補助技は思い出し対象に残す。,ベガ既存の独自技・攻略導線を保持。無関係な高火力サブウェポン、NPC専用の違法技、早期の積み技だけをTM／教え技へ移す。,アクアブレイク / ステルスロック,クイックターン / メテオビーム,アクアリング / すなあらし,専用技がある系統は進化時／Lv1思い出しに固定。戦闘専用フォームは基礎形の習得表を共有。,通常。高威力技はLv45以降、強力な積み技はLv50以降。,最低1つの命中90以上STABを維持し、自爆・テレポート・反動大技だけの直近4技を禁止。高レベル基礎種は中威力技を再挿入。,既存（トーホク図鑑278）,B-,最終統合ROMから現行表を抽出後、同名技の重複・ID衝突・取得時期を機械差分で確定する。
370,ラブカス,luvdisc,3,みず,ラブカス,基礎形,DPE-JP Learnsets.c＋ベガ既存表（既存種）,ベガ既存表保護＋選択的現代化,両刀・可変,アクアジェット / みずのはどう,安定したタイプ一致技をLv7～15、二段目をLv20～28に配置。進化前限定の補助技は思い出し対象に残す。,ベガ既存の独自技・攻略導線を保持。無関係な高火力サブウェポン、NPC専用の違法技、早期の積み技だけをTM／教え技へ移す。,アクアブレイク,クイックターン,アクアリング,専用技がある系統は進化時／Lv1思い出しに固定。戦闘専用フォームは基礎形の習得表を共有。,通常。高威力技はLv45以降、強力な積み技はLv50以降。,最低1つの命中90以上STABを維持し、自爆・テレポート・反動大技だけの直近4技を禁止。高レベル基礎種は中威力技を再挿入。,既存（トーホク図鑑337）,B-,最終統合ROMから現行表を抽出後、同名技の重複・ID衝突・取得時期を機械差分で確定する。
371,タツベイ,bagon,3,ドラゴン,タツベイ → コモルー → ボーマンダ,基礎形,DPE-JP Learnsets.c＋ベガ既存表（既存種）,現代化重点監査,物理寄り,ドラゴンテール / りゅうのまい,安定したタイプ一致技をLv7～15、二段目をLv20～28に配置。進化前限定の補助技は思い出し対象に残す。,DPE表を土台に、進化前へ過剰な終盤技がある場合は後期へ移動。広範囲高火力サブウェポンはレベル技ではなくTM／教え技に限定。,ワイドブレイカー,りゅうせいぐん,こわいかお,専用技がある系統は進化時／Lv1思い出しに固定。戦闘専用フォームは基礎形の習得表を共有。,最終進化Lv50以上。600族はLv55以上,最低1つの命中90以上STABを維持し、自爆・テレポート・反動大技だけの直近4技を禁止。高レベル基礎種は中威力技を再挿入。,未収録・追加対象,B-,最終統合ROMから現行表を抽出後、同名技の重複・ID衝突・取得時期を機械差分で確定する。
372,コモルー,shelgon,3,ドラゴン,タツベイ → コモルー → ボーマンダ,中間進化,DPE-JP Learnsets.c＋ベガ既存表（既存種）,現代化重点監査,物理寄り,ドラゴンクロー / りゅうのまい,中威力STABをLv22～35、役割補助技を進化時またはLv30前後に配置。最終大技は先送り。,DPE表を土台に、進化前へ過剰な終盤技がある場合は後期へ移動。広範囲高火力サブウェポンはレベル技ではなくTM／教え技に限定。,ワイドブレイカー,りゅうせいぐん,こわいかお,専用技がある系統は進化時／Lv1思い出しに固定。戦闘専用フォームは基礎形の習得表を共有。,最終進化Lv50以上。600族はLv55以上,最低1つの命中90以上STABを維持し、自爆・テレポート・反動大技だけの直近4技を禁止。高レベル基礎種は中威力技を再挿入。,未収録・追加対象,B,最終統合ROMから現行表を抽出後、同名技の重複・ID衝突・取得時期を機械差分で確定する。
373,ボーマンダ,salamence,3,ドラゴン／ひこう,タツベイ → コモルー → ボーマンダ,進化先／最終形,DPE-JP Learnsets.c＋ベガ既存表（既存種）,現代化重点監査,両刀・可変,ドラゴンクロー / りゅうのはどう / りゅうのまい / ドリルくちばし,進化時に役割技を1つ提示。主力STABはLv36～50、反動・積み・専用大技はLv50～65またはLv1思い出し。,DPE表を土台に、進化前へ過剰な終盤技がある場合は後期へ移動。広範囲高火力サブウェポンはレベル技ではなくTM／教え技に限定。,ワイドブレイカー / アクロバット,りゅうせいぐん / おいかぜ,こわいかお / はねやすめ,専用技がある系統は進化時／Lv1思い出しに固定。戦闘専用フォームは基礎形の習得表を共有。,最終進化Lv50以上。600族はLv55以上,最低1つの命中90以上STABを維持し、自爆・テレポート・反動大技だけの直近4技を禁止。高レベル基礎種は中威力技を再挿入。,未収録・追加対象,B,最終統合ROMから現行表を抽出後、同名技の重複・ID衝突・取得時期を機械差分で確定する。
374,ダンバル,beldum,3,はがね／エスパー,ダンバル → メタング → メタグロス,基礎形,DPE-JP Learnsets.c＋ベガ既存表（既存種）,ベガ既存表保護＋選択的現代化,補助寄り両刀,メタルクロー / ミラーショット / サイコカッター / ねんりき,安定したタイプ一致技をLv7～15、二段目をLv20～28に配置。進化前限定の補助技は思い出し対象に残す。,ベガ既存の独自技・攻略導線を保持。無関係な高火力サブウェポン、NPC専用の違法技、早期の積み技だけをTM／教え技へ移す。,ラスターカノン / サイコショック,アイアンヘッド / トリック,ボディプレス / ひかりのかべ,専用技がある系統は進化時／Lv1思い出しに固定。戦闘専用フォームは基礎形の習得表を共有。,通常。高威力技はLv45以降、強力な積み技はLv50以降。,最低1つの命中90以上STABを維持し、自爆・テレポート・反動大技だけの直近4技を禁止。高レベル基礎種は中威力技を再挿入。,既存（トーホク図鑑127）,B-,最終統合ROMから現行表を抽出後、同名技の重複・ID衝突・取得時期を機械差分で確定する。
375,メタング,metang,3,はがね／エスパー,ダンバル → メタング → メタグロス,中間進化,DPE-JP Learnsets.c＋ベガ既存表（既存種）,ベガ既存表保護＋選択的現代化,補助寄り両刀,アイアンヘッド / ラスターカノン / しねんのずつき / サイコキネシス,中威力STABをLv22～35、役割補助技を進化時またはLv30前後に配置。最終大技は先送り。,ベガ既存の独自技・攻略導線を保持。無関係な高火力サブウェポン、NPC専用の違法技、早期の積み技だけをTM／教え技へ移す。,ラスターカノン / サイコショック,アイアンヘッド / トリック,ボディプレス / ひかりのかべ,専用技がある系統は進化時／Lv1思い出しに固定。戦闘専用フォームは基礎形の習得表を共有。,通常。高威力技はLv45以降、強力な積み技はLv50以降。,最低1つの命中90以上STABを維持し、自爆・テレポート・反動大技だけの直近4技を禁止。高レベル基礎種は中威力技を再挿入。,既存（トーホク図鑑128）,B,最終統合ROMから現行表を抽出後、同名技の重複・ID衝突・取得時期を機械差分で確定する。
376,メタグロス,metagross,3,はがね／エスパー,ダンバル → メタング → メタグロス,進化先／最終形,DPE-JP Learnsets.c＋ベガ既存表（既存種）,ベガ既存表保護＋選択的現代化,両刀・可変,アイアンヘッド / ラスターカノン / てっぺき / しねんのずつき,進化時に役割技を1つ提示。主力STABはLv36～50、反動・積み・専用大技はLv50～65またはLv1思い出し。,ベガ既存の独自技・攻略導線を保持。無関係な高火力サブウェポン、NPC専用の違法技、早期の積み技だけをTM／教え技へ移す。,ラスターカノン / サイコショック,アイアンヘッド / トリック,ボディプレス / ひかりのかべ,専用技がある系統は進化時／Lv1思い出しに固定。戦闘専用フォームは基礎形の習得表を共有。,通常。高威力技はLv45以降、強力な積み技はLv50以降。,最低1つの命中90以上STABを維持し、自爆・テレポート・反動大技だけの直近4技を禁止。高レベル基礎種は中威力技を再挿入。,既存（トーホク図鑑129）,A,最終統合ROMから現行表を抽出後、同名技の重複・ID衝突・取得時期を機械差分で確定する。
377,レジロック,regirock,3,いわ,レジロック,基礎形,DPE-JP Learnsets.c＋ベガ既存表（既存種）,現代化重点監査,物理寄り,いわおとし / ステルスロック,安定したタイプ一致技をLv7～15、二段目をLv20～28に配置。進化前限定の補助技は思い出し対象に残す。,DPE表を土台に、進化前へ過剰な終盤技がある場合は後期へ移動。広範囲高火力サブウェポンはレベル技ではなくTM／教え技に限定。,ステルスロック,メテオビーム,なし（タマゴ未発見／伝説・幻）,専用技がある系統は進化時／Lv1思い出しに固定。戦闘専用フォームは基礎形の習得表を共有。,通常。高威力技はLv45以降、強力な積み技はLv50以降。,最低1つの命中90以上STABを維持し、自爆・テレポート・反動大技だけの直近4技を禁止。高レベル基礎種は中威力技を再挿入。,未収録・追加対象,B-,最終統合ROMから現行表を抽出後、同名技の重複・ID衝突・取得時期を機械差分で確定する。
378,レジアイス,regice,3,こおり,レジアイス,基礎形,DPE-JP Learnsets.c＋ベガ既存表（既存種）,現代化重点監査,特殊寄り,こごえるかぜ / ゆきげしき,安定したタイプ一致技をLv7～15、二段目をLv20～28に配置。進化前限定の補助技は思い出し対象に残す。,DPE表を土台に、進化前へ過剰な終盤技がある場合は後期へ移動。広範囲高火力サブウェポンはレベル技ではなくTM／教え技に限定。,アイススピナー,トリプルアクセル,なし（タマゴ未発見／伝説・幻）,専用技がある系統は進化時／Lv1思い出しに固定。戦闘専用フォームは基礎形の習得表を共有。,通常。高威力技はLv45以降、強力な積み技はLv50以降。,最低1つの命中90以上STABを維持し、自爆・テレポート・反動大技だけの直近4技を禁止。高レベル基礎種は中威力技を再挿入。,未収録・追加対象,B-,最終統合ROMから現行表を抽出後、同名技の重複・ID衝突・取得時期を機械差分で確定する。
379,レジスチル,registeel,3,はがね,レジスチル,基礎形,DPE-JP Learnsets.c＋ベガ既存表（既存種）,現代化重点監査,物理寄り,メタルクロー / てっぺき,安定したタイプ一致技をLv7～15、二段目をLv20～28に配置。進化前限定の補助技は思い出し対象に残す。,DPE表を土台に、進化前へ過剰な終盤技がある場合は後期へ移動。広範囲高火力サブウェポンはレベル技ではなくTM／教え技に限定。,ラスターカノン,アイアンヘッド,なし（タマゴ未発見／伝説・幻）,専用技がある系統は進化時／Lv1思い出しに固定。戦闘専用フォームは基礎形の習得表を共有。,通常。高威力技はLv45以降、強力な積み技はLv50以降。,最低1つの命中90以上STABを維持し、自爆・テレポート・反動大技だけの直近4技を禁止。高レベル基礎種は中威力技を再挿入。,未収録・追加対象,B-,最終統合ROMから現行表を抽出後、同名技の重複・ID衝突・取得時期を機械差分で確定する。
380,ラティアス,latias,3,ドラゴン／エスパー,ラティアス,基礎形,DPE-JP Learnsets.c＋ベガ既存表（既存種）,ベガ既存表保護＋選択的現代化,補助寄り両刀,ドラゴンテール / りゅうのいぶき / サイコカッター / ねんりき,安定したタイプ一致技をLv7～15、二段目をLv20～28に配置。進化前限定の補助技は思い出し対象に残す。,ベガ既存の独自技・攻略導線を保持。無関係な高火力サブウェポン、NPC専用の違法技、早期の積み技だけをTM／教え技へ移す。,ワイドブレイカー / サイコショック,りゅうせいぐん / トリック,なし（タマゴ未発見／伝説・幻）,専用技がある系統は進化時／Lv1思い出しに固定。戦闘専用フォームは基礎形の習得表を共有。,通常。高威力技はLv45以降、強力な積み技はLv50以降。,最低1つの命中90以上STABを維持し、自爆・テレポート・反動大技だけの直近4技を禁止。高レベル基礎種は中威力技を再挿入。,既存（トーホク図鑑380）,B-,最終統合ROMから現行表を抽出後、同名技の重複・ID衝突・取得時期を機械差分で確定する。
381,ラティオス,latios,3,ドラゴン／エスパー,ラティオス,基礎形,DPE-JP Learnsets.c＋ベガ既存表（既存種）,ベガ既存表保護＋選択的現代化,補助寄り両刀,ドラゴンテール / りゅうのいぶき / サイコカッター / ねんりき,安定したタイプ一致技をLv7～15、二段目をLv20～28に配置。進化前限定の補助技は思い出し対象に残す。,ベガ既存の独自技・攻略導線を保持。無関係な高火力サブウェポン、NPC専用の違法技、早期の積み技だけをTM／教え技へ移す。,ワイドブレイカー / サイコショック,りゅうせいぐん / トリック,なし（タマゴ未発見／伝説・幻）,専用技がある系統は進化時／Lv1思い出しに固定。戦闘専用フォームは基礎形の習得表を共有。,通常。高威力技はLv45以降、強力な積み技はLv50以降。,最低1つの命中90以上STABを維持し、自爆・テレポート・反動大技だけの直近4技を禁止。高レベル基礎種は中威力技を再挿入。,既存（トーホク図鑑381）,B-,最終統合ROMから現行表を抽出後、同名技の重複・ID衝突・取得時期を機械差分で確定する。
382,カイオーガ,kyogre,3,みず,カイオーガ,基礎形,DPE-JP Learnsets.c＋ベガ既存表（既存種）,現代化重点監査,両刀・可変,アクアジェット / みずのはどう,安定したタイプ一致技をLv7～15、二段目をLv20～28に配置。進化前限定の補助技は思い出し対象に残す。,DPE表を土台に、進化前へ過剰な終盤技がある場合は後期へ移動。広範囲高火力サブウェポンはレベル技ではなくTM／教え技に限定。,アクアブレイク,クイックターン,なし（タマゴ未発見／伝説・幻）,こんげんのはどうを進化時／Lv1思い出しに登録。通常のTM・汎用教え技にはしない。,通常。高威力技はLv45以降、強力な積み技はLv50以降。,最低1つの命中90以上STABを維持し、自爆・テレポート・反動大技だけの直近4技を禁止。高レベル基礎種は中威力技を再挿入。,未収録・追加対象,A,最終統合ROMから現行表を抽出後、同名技の重複・ID衝突・取得時期を機械差分で確定する。
383,グラードン,groudon,3,じめん,グラードン,基礎形,DPE-JP Learnsets.c＋ベガ既存表（既存種）,現代化重点監査,物理寄り,どろかけ / すなあらし,安定したタイプ一致技をLv7～15、二段目をLv20～28に配置。進化前限定の補助技は思い出し対象に残す。,DPE表を土台に、進化前へ過剰な終盤技がある場合は後期へ移動。広範囲高火力サブウェポンはレベル技ではなくTM／教え技に限定。,じならし,ねっさのだいち,なし（タマゴ未発見／伝説・幻）,だんがいのつるぎを進化時／Lv1思い出しに登録。通常のTM・汎用教え技にはしない。,通常。高威力技はLv45以降、強力な積み技はLv50以降。,最低1つの命中90以上STABを維持し、自爆・テレポート・反動大技だけの直近4技を禁止。高レベル基礎種は中威力技を再挿入。,未収録・追加対象,A,最終統合ROMから現行表を抽出後、同名技の重複・ID衝突・取得時期を機械差分で確定する。
384,レックウザ,rayquaza,3,ドラゴン／ひこう,レックウザ,基礎形,DPE-JP Learnsets.c＋ベガ既存表（既存種）,現代化重点監査,物理寄り,ドラゴンテール / りゅうのまい / つばさでうつ / おいかぜ,安定したタイプ一致技をLv7～15、二段目をLv20～28に配置。進化前限定の補助技は思い出し対象に残す。,DPE表を土台に、進化前へ過剰な終盤技がある場合は後期へ移動。広範囲高火力サブウェポンはレベル技ではなくTM／教え技に限定。,ワイドブレイカー / アクロバット,りゅうせいぐん / おいかぜ,なし（タマゴ未発見／伝説・幻）,ガリョウテンセイを進化時／Lv1思い出しに登録。通常のTM・汎用教え技にはしない。,最終進化Lv50以上。600族はLv55以上,最低1つの命中90以上STABを維持し、自爆・テレポート・反動大技だけの直近4技を禁止。高レベル基礎種は中威力技を再挿入。,未収録・追加対象,A,最終統合ROMから現行表を抽出後、同名技の重複・ID衝突・取得時期を機械差分で確定する。
385,ジラーチ,jirachi,3,はがね／エスパー,ジラーチ,基礎形,DPE-JP Learnsets.c＋ベガ既存表（既存種）,現代化重点監査,特殊アタッカー,ミラーショット / てっぺき / ねんりき / めいそう,安定したタイプ一致技をLv7～15、二段目をLv20～28に配置。進化前限定の補助技は思い出し対象に残す。,DPE表を土台に、進化前へ過剰な終盤技がある場合は後期へ移動。広範囲高火力サブウェポンはレベル技ではなくTM／教え技に限定。,ラスターカノン / サイコショック,アイアンヘッド / トリック,なし（タマゴ未発見／伝説・幻）,専用技がある系統は進化時／Lv1思い出しに固定。戦闘専用フォームは基礎形の習得表を共有。,通常。高威力技はLv45以降、強力な積み技はLv50以降。,最低1つの命中90以上STABを維持し、自爆・テレポート・反動大技だけの直近4技を禁止。高レベル基礎種は中威力技を再挿入。,未収録・追加対象,B-,最終統合ROMから現行表を抽出後、同名技の重複・ID衝突・取得時期を機械差分で確定する。
386,デオキシス,deoxys,3,エスパー,デオキシス,基礎形,DPE-JP Learnsets.c＋ベガ既存表（既存種）,現代化重点監査,特殊アタッカー,ねんりき / めいそう,安定したタイプ一致技をLv7～15、二段目をLv20～28に配置。進化前限定の補助技は思い出し対象に残す。,DPE表を土台に、進化前へ過剰な終盤技がある場合は後期へ移動。広範囲高火力サブウェポンはレベル技ではなくTM／教え技に限定。,サイコショック,トリック,なし（タマゴ未発見／伝説・幻）,専用技がある系統は進化時／Lv1思い出しに固定。戦闘専用フォームは基礎形の習得表を共有。,通常。高威力技はLv45以降、強力な積み技はLv50以降。,最低1つの命中90以上STABを維持し、自爆・テレポート・反動大技だけの直近4技を禁止。高レベル基礎種は中威力技を再挿入。,未収録・追加対象,B-,最終統合ROMから現行表を抽出後、同名技の重複・ID衝突・取得時期を機械差分で確定する。
387,ナエトル,turtwig,4,くさ,ナエトル → ハヤシガメ → ドダイトス,基礎形,DPE-JP Learnsets.c＋ベガ既存表（既存種）,現代化重点監査,特殊寄り,メガドレイン / やどりぎのタネ,安定したタイプ一致技をLv7～15、二段目をLv20～28に配置。進化前限定の補助技は思い出し対象に残す。,DPE表を土台に、進化前へ過剰な終盤技がある場合は後期へ移動。広範囲高火力サブウェポンはレベル技ではなくTM／教え技に限定。,くさむすび,グラススライダー,こうごうせい,専用技がある系統は進化時／Lv1思い出しに固定。戦闘専用フォームは基礎形の習得表を共有。,通常。高威力技はLv45以降、強力な積み技はLv50以降。,最低1つの命中90以上STABを維持し、自爆・テレポート・反動大技だけの直近4技を禁止。高レベル基礎種は中威力技を再挿入。,未収録・追加対象,B-,最終統合ROMから現行表を抽出後、同名技の重複・ID衝突・取得時期を機械差分で確定する。
388,ハヤシガメ,grotle,4,くさ,ナエトル → ハヤシガメ → ドダイトス,中間進化,DPE-JP Learnsets.c＋ベガ既存表（既存種）,現代化重点監査,特殊寄り,ギガドレイン / やどりぎのタネ,中威力STABをLv22～35、役割補助技を進化時またはLv30前後に配置。最終大技は先送り。,DPE表を土台に、進化前へ過剰な終盤技がある場合は後期へ移動。広範囲高火力サブウェポンはレベル技ではなくTM／教え技に限定。,くさむすび,グラススライダー,こうごうせい,専用技がある系統は進化時／Lv1思い出しに固定。戦闘専用フォームは基礎形の習得表を共有。,通常。高威力技はLv45以降、強力な積み技はLv50以降。,最低1つの命中90以上STABを維持し、自爆・テレポート・反動大技だけの直近4技を禁止。高レベル基礎種は中威力技を再挿入。,未収録・追加対象,B,最終統合ROMから現行表を抽出後、同名技の重複・ID衝突・取得時期を機械差分で確定する。
389,ドダイトス,torterra,4,くさ／じめん,ナエトル → ハヤシガメ → ドダイトス,進化先／最終形,DPE-JP Learnsets.c＋ベガ既存表（既存種）,現代化重点監査,物理アタッカー,ウッドハンマー / リーフブレード / やどりぎのタネ / じしん,進化時に役割技を1つ提示。主力STABはLv36～50、反動・積み・専用大技はLv50～65またはLv1思い出し。,DPE表を土台に、進化前へ過剰な終盤技がある場合は後期へ移動。広範囲高火力サブウェポンはレベル技ではなくTM／教え技に限定。,くさむすび / じならし,グラススライダー / ねっさのだいち,こうごうせい / まきびし,ウッドハンマーを進化時／Lv1思い出しに登録。通常のTM・汎用教え技にはしない。,通常。高威力技はLv45以降、強力な積み技はLv50以降。,最低1つの命中90以上STABを維持し、自爆・テレポート・反動大技だけの直近4技を禁止。高レベル基礎種は中威力技を再挿入。,未収録・追加対象,A,最終統合ROMから現行表を抽出後、同名技の重複・ID衝突・取得時期を機械差分で確定する。
390,ヒコザル,chimchar,4,ほのお,ヒコザル → モウカザル → ゴウカザル,基礎形,DPE-JP Learnsets.c＋ベガ既存表（既存種）,現代化重点監査,特殊寄り,ひのこ / おにび,安定したタイプ一致技をLv7～15、二段目をLv20～28に配置。進化前限定の補助技は思い出し対象に残す。,DPE表を土台に、進化前へ過剰な終盤技がある場合は後期へ移動。広範囲高火力サブウェポンはレベル技ではなくTM／教え技に限定。,かえんほうしゃ,ねっぷう,にほんばれ,専用技がある系統は進化時／Lv1思い出しに固定。戦闘専用フォームは基礎形の習得表を共有。,通常。高威力技はLv45以降、強力な積み技はLv50以降。,最低1つの命中90以上STABを維持し、自爆・テレポート・反動大技だけの直近4技を禁止。高レベル基礎種は中威力技を再挿入。,未収録・追加対象,B-,最終統合ROMから現行表を抽出後、同名技の重複・ID衝突・取得時期を機械差分で確定する。
391,モウカザル,monferno,4,ほのお／かくとう,ヒコザル → モウカザル → ゴウカザル,中間進化,DPE-JP Learnsets.c＋ベガ既存表（既存種）,現代化重点監査,両刀・可変,ニトロチャージ / かえんほうしゃ / かわらわり / はどうだん,中威力STABをLv22～35、役割補助技を進化時またはLv30前後に配置。最終大技は先送り。,DPE表を土台に、進化前へ過剰な終盤技がある場合は後期へ移動。広範囲高火力サブウェポンはレベル技ではなくTM／教え技に限定。,かえんほうしゃ / ドレインパンチ,ねっぷう / コーチング,にほんばれ / みきり,専用技がある系統は進化時／Lv1思い出しに固定。戦闘専用フォームは基礎形の習得表を共有。,通常。高威力技はLv45以降、強力な積み技はLv50以降。,最低1つの命中90以上STABを維持し、自爆・テレポート・反動大技だけの直近4技を禁止。高レベル基礎種は中威力技を再挿入。,未収録・追加対象,B,最終統合ROMから現行表を抽出後、同名技の重複・ID衝突・取得時期を機械差分で確定する。
392,ゴウカザル,infernape,4,ほのお／かくとう,ヒコザル → モウカザル → ゴウカザル,進化先／最終形,DPE-JP Learnsets.c＋ベガ既存表（既存種）,現代化重点監査,両刀・可変,フレアドライブ / ニトロチャージ / かえんほうしゃ / おにび,進化時に役割技を1つ提示。主力STABはLv36～50、反動・積み・専用大技はLv50～65またはLv1思い出し。,DPE表を土台に、進化前へ過剰な終盤技がある場合は後期へ移動。広範囲高火力サブウェポンはレベル技ではなくTM／教え技に限定。,かえんほうしゃ / ドレインパンチ,ねっぷう / コーチング,にほんばれ / みきり,フレアドライブを進化時／Lv1思い出しに登録。通常のTM・汎用教え技にはしない。,通常。高威力技はLv45以降、強力な積み技はLv50以降。,最低1つの命中90以上STABを維持し、自爆・テレポート・反動大技だけの直近4技を禁止。高レベル基礎種は中威力技を再挿入。,未収録・追加対象,A,最終統合ROMから現行表を抽出後、同名技の重複・ID衝突・取得時期を機械差分で確定する。
393,ポッチャマ,piplup,4,みず,ポッチャマ → ポッタイシ → エンペルト,基礎形,DPE-JP Learnsets.c＋ベガ既存表（既存種）,現代化重点監査,両刀・可変,アクアジェット / みずのはどう,安定したタイプ一致技をLv7～15、二段目をLv20～28に配置。進化前限定の補助技は思い出し対象に残す。,DPE表を土台に、進化前へ過剰な終盤技がある場合は後期へ移動。広範囲高火力サブウェポンはレベル技ではなくTM／教え技に限定。,アクアブレイク,クイックターン,アクアリング,専用技がある系統は進化時／Lv1思い出しに固定。戦闘専用フォームは基礎形の習得表を共有。,通常。高威力技はLv45以降、強力な積み技はLv50以降。,最低1つの命中90以上STABを維持し、自爆・テレポート・反動大技だけの直近4技を禁止。高レベル基礎種は中威力技を再挿入。,未収録・追加対象,B-,最終統合ROMから現行表を抽出後、同名技の重複・ID衝突・取得時期を機械差分で確定する。
394,ポッタイシ,prinplup,4,みず,ポッチャマ → ポッタイシ → エンペルト,中間進化,DPE-JP Learnsets.c＋ベガ既存表（既存種）,現代化重点監査,両刀・可変,アクアブレイク / なみのり,中威力STABをLv22～35、役割補助技を進化時またはLv30前後に配置。最終大技は先送り。,DPE表を土台に、進化前へ過剰な終盤技がある場合は後期へ移動。広範囲高火力サブウェポンはレベル技ではなくTM／教え技に限定。,アクアブレイク,クイックターン,アクアリング,専用技がある系統は進化時／Lv1思い出しに固定。戦闘専用フォームは基礎形の習得表を共有。,通常。高威力技はLv45以降、強力な積み技はLv50以降。,最低1つの命中90以上STABを維持し、自爆・テレポート・反動大技だけの直近4技を禁止。高レベル基礎種は中威力技を再挿入。,未収録・追加対象,B,最終統合ROMから現行表を抽出後、同名技の重複・ID衝突・取得時期を機械差分で確定する。
395,エンペルト,empoleon,4,みず／はがね,ポッチャマ → ポッタイシ → エンペルト,進化先／最終形,DPE-JP Learnsets.c＋ベガ既存表（既存種）,現代化重点監査,特殊アタッカー,ウェーブタックル / ハイドロポンプ / あまごい / てっていこうせん,進化時に役割技を1つ提示。主力STABはLv36～50、反動・積み・専用大技はLv50～65またはLv1思い出し。,DPE表を土台に、進化前へ過剰な終盤技がある場合は後期へ移動。広範囲高火力サブウェポンはレベル技ではなくTM／教え技に限定。,アクアブレイク / ラスターカノン,クイックターン / アイアンヘッド,アクアリング / ボディプレス,ウェーブタックルを進化時／Lv1思い出しに登録。通常のTM・汎用教え技にはしない。,8バッジ以降の鋼タイプ教え技,最低1つの命中90以上STABを維持し、自爆・テレポート・反動大技だけの直近4技を禁止。高レベル基礎種は中威力技を再挿入。,未収録・追加対象,A,最終統合ROMから現行表を抽出後、同名技の重複・ID衝突・取得時期を機械差分で確定する。
396,ムックル,starly,4,ノーマル／ひこう,ムックル → ムクバード → ムクホーク,基礎形,DPE-JP Learnsets.c＋ベガ既存表（既存種）,現代化重点監査,物理寄り,ずつき / アンコール / つばさでうつ / おいかぜ,安定したタイプ一致技をLv7～15、二段目をLv20～28に配置。進化前限定の補助技は思い出し対象に残す。,DPE表を土台に、進化前へ過剰な終盤技がある場合は後期へ移動。広範囲高火力サブウェポンはレベル技ではなくTM／教え技に限定。,まもる / アクロバット,てだすけ / おいかぜ,あくび / はねやすめ,専用技がある系統は進化時／Lv1思い出しに固定。戦闘専用フォームは基礎形の習得表を共有。,通常。高威力技はLv45以降、強力な積み技はLv50以降。,最低1つの命中90以上STABを維持し、自爆・テレポート・反動大技だけの直近4技を禁止。高レベル基礎種は中威力技を再挿入。,未収録・追加対象,B-,最終統合ROMから現行表を抽出後、同名技の重複・ID衝突・取得時期を機械差分で確定する。
397,ムクバード,staravia,4,ノーマル／ひこう,ムックル → ムクバード → ムクホーク,中間進化,DPE-JP Learnsets.c＋ベガ既存表（既存種）,現代化重点監査,物理寄り,のしかかり / アンコール / ドリルくちばし / おいかぜ,中威力STABをLv22～35、役割補助技を進化時またはLv30前後に配置。最終大技は先送り。,DPE表を土台に、進化前へ過剰な終盤技がある場合は後期へ移動。広範囲高火力サブウェポンはレベル技ではなくTM／教え技に限定。,まもる / アクロバット,てだすけ / おいかぜ,あくび / はねやすめ,専用技がある系統は進化時／Lv1思い出しに固定。戦闘専用フォームは基礎形の習得表を共有。,通常。高威力技はLv45以降、強力な積み技はLv50以降。,最低1つの命中90以上STABを維持し、自爆・テレポート・反動大技だけの直近4技を禁止。高レベル基礎種は中威力技を再挿入。,未収録・追加対象,B,最終統合ROMから現行表を抽出後、同名技の重複・ID衝突・取得時期を機械差分で確定する。
398,ムクホーク,staraptor,4,ノーマル／ひこう,ムックル → ムクバード → ムクホーク,進化先／最終形,DPE-JP Learnsets.c＋ベガ既存表（既存種）,現代化重点監査,物理アタッカー,すてみタックル / アンコール / ブレイブバード / おいかぜ,進化時に役割技を1つ提示。主力STABはLv36～50、反動・積み・専用大技はLv50～65またはLv1思い出し。,DPE表を土台に、進化前へ過剰な終盤技がある場合は後期へ移動。広範囲高火力サブウェポンはレベル技ではなくTM／教え技に限定。,まもる / アクロバット,てだすけ / おいかぜ,あくび / はねやすめ,専用技がある系統は進化時／Lv1思い出しに固定。戦闘専用フォームは基礎形の習得表を共有。,通常。高威力技はLv45以降、強力な積み技はLv50以降。,最低1つの命中90以上STABを維持し、自爆・テレポート・反動大技だけの直近4技を禁止。高レベル基礎種は中威力技を再挿入。,未収録・追加対象,B,最終統合ROMから現行表を抽出後、同名技の重複・ID衝突・取得時期を機械差分で確定する。
399,ビッパ,bidoof,4,ノーマル,ビッパ → ビーダル,基礎形,DPE-JP Learnsets.c＋ベガ既存表（既存種）,現代化重点監査,物理寄り,ずつき / アンコール,安定したタイプ一致技をLv7～15、二段目をLv20～28に配置。進化前限定の補助技は思い出し対象に残す。,DPE表を土台に、進化前へ過剰な終盤技がある場合は後期へ移動。広範囲高火力サブウェポンはレベル技ではなくTM／教え技に限定。,まもる,てだすけ,あくび,専用技がある系統は進化時／Lv1思い出しに固定。戦闘専用フォームは基礎形の習得表を共有。,通常。高威力技はLv45以降、強力な積み技はLv50以降。,最低1つの命中90以上STABを維持し、自爆・テレポート・反動大技だけの直近4技を禁止。高レベル基礎種は中威力技を再挿入。,未収録・追加対象,B-,最終統合ROMから現行表を抽出後、同名技の重複・ID衝突・取得時期を機械差分で確定する。
400,ビーダル,bibarel,4,ノーマル／みず,ビッパ → ビーダル,進化先／最終形,DPE-JP Learnsets.c＋ベガ既存表（既存種）,現代化重点監査,物理寄り,すてみタックル / アンコール / たきのぼり / あまごい,進化時に役割技を1つ提示。主力STABはLv36～50、反動・積み・専用大技はLv50～65またはLv1思い出し。,DPE表を土台に、進化前へ過剰な終盤技がある場合は後期へ移動。広範囲高火力サブウェポンはレベル技ではなくTM／教え技に限定。,まもる / アクアブレイク,てだすけ / クイックターン,あくび / アクアリング,専用技がある系統は進化時／Lv1思い出しに固定。戦闘専用フォームは基礎形の習得表を共有。,通常。高威力技はLv45以降、強力な積み技はLv50以降。,最低1つの命中90以上STABを維持し、自爆・テレポート・反動大技だけの直近4技を禁止。高レベル基礎種は中威力技を再挿入。,未収録・追加対象,B,最終統合ROMから現行表を抽出後、同名技の重複・ID衝突・取得時期を機械差分で確定する。
401,コロボーシ,kricketot,4,むし,コロボーシ → コロトック,基礎形,DPE-JP Learnsets.c＋ベガ既存表（既存種）,現代化重点監査,物理寄り,むしくい / ねばねばネット,安定したタイプ一致技をLv7～15、二段目をLv20～28に配置。進化前限定の補助技は思い出し対象に残す。,DPE表を土台に、進化前へ過剰な終盤技がある場合は後期へ移動。広範囲高火力サブウェポンはレベル技ではなくTM／教え技に限定。,とんぼがえり,むしくい,いとをはく,専用技がある系統は進化時／Lv1思い出しに固定。戦闘専用フォームは基礎形の習得表を共有。,通常。高威力技はLv45以降、強力な積み技はLv50以降。,最低1つの命中90以上STABを維持し、自爆・テレポート・反動大技だけの直近4技を禁止。高レベル基礎種は中威力技を再挿入。,未収録・追加対象,B-,最終統合ROMから現行表を抽出後、同名技の重複・ID衝突・取得時期を機械差分で確定する。
402,コロトック,kricketune,4,むし,コロボーシ → コロトック,進化先／最終形,DPE-JP Learnsets.c＋ベガ既存表（既存種）,現代化重点監査,物理寄り,メガホーン / ねばねばネット,進化時に役割技を1つ提示。主力STABはLv36～50、反動・積み・専用大技はLv50～65またはLv1思い出し。,DPE表を土台に、進化前へ過剰な終盤技がある場合は後期へ移動。広範囲高火力サブウェポンはレベル技ではなくTM／教え技に限定。,とんぼがえり,むしくい,いとをはく,専用技がある系統は進化時／Lv1思い出しに固定。戦闘専用フォームは基礎形の習得表を共有。,通常。高威力技はLv45以降、強力な積み技はLv50以降。,最低1つの命中90以上STABを維持し、自爆・テレポート・反動大技だけの直近4技を禁止。高レベル基礎種は中威力技を再挿入。,未収録・追加対象,B,最終統合ROMから現行表を抽出後、同名技の重複・ID衝突・取得時期を機械差分で確定する。
403,コリンク,shinx,4,でんき,コリンク → ルクシオ → レントラー,基礎形,DPE-JP Learnsets.c＋ベガ既存表（既存種）,現代化重点監査,特殊寄り,でんきショック / でんじは,安定したタイプ一致技をLv7～15、二段目をLv20～28に配置。進化前限定の補助技は思い出し対象に残す。,DPE表を土台に、進化前へ過剰な終盤技がある場合は後期へ移動。広範囲高火力サブウェポンはレベル技ではなくTM／教え技に限定。,ボルトチェンジ,エレキネット,じゅうでん,専用技がある系統は進化時／Lv1思い出しに固定。戦闘専用フォームは基礎形の習得表を共有。,通常。高威力技はLv45以降、強力な積み技はLv50以降。,最低1つの命中90以上STABを維持し、自爆・テレポート・反動大技だけの直近4技を禁止。高レベル基礎種は中威力技を再挿入。,未収録・追加対象,B-,最終統合ROMから現行表を抽出後、同名技の重複・ID衝突・取得時期を機械差分で確定する。
404,ルクシオ,luxio,4,でんき,コリンク → ルクシオ → レントラー,中間進化,DPE-JP Learnsets.c＋ベガ既存表（既存種）,現代化重点監査,特殊寄り,10まんボルト / でんじは,中威力STABをLv22～35、役割補助技を進化時またはLv30前後に配置。最終大技は先送り。,DPE表を土台に、進化前へ過剰な終盤技がある場合は後期へ移動。広範囲高火力サブウェポンはレベル技ではなくTM／教え技に限定。,ボルトチェンジ,エレキネット,じゅうでん,専用技がある系統は進化時／Lv1思い出しに固定。戦闘専用フォームは基礎形の習得表を共有。,通常。高威力技はLv45以降、強力な積み技はLv50以降。,最低1つの命中90以上STABを維持し、自爆・テレポート・反動大技だけの直近4技を禁止。高レベル基礎種は中威力技を再挿入。,未収録・追加対象,B,最終統合ROMから現行表を抽出後、同名技の重複・ID衝突・取得時期を機械差分で確定する。
405,レントラー,luxray,4,でんき,コリンク → ルクシオ → レントラー,進化先／最終形,DPE-JP Learnsets.c＋ベガ既存表（既存種）,現代化重点監査,物理アタッカー,ワイルドボルト / でんじは,進化時に役割技を1つ提示。主力STABはLv36～50、反動・積み・専用大技はLv50～65またはLv1思い出し。,DPE表を土台に、進化前へ過剰な終盤技がある場合は後期へ移動。広範囲高火力サブウェポンはレベル技ではなくTM／教え技に限定。,ボルトチェンジ,エレキネット,じゅうでん,専用技がある系統は進化時／Lv1思い出しに固定。戦闘専用フォームは基礎形の習得表を共有。,通常。高威力技はLv45以降、強力な積み技はLv50以降。,最低1つの命中90以上STABを維持し、自爆・テレポート・反動大技だけの直近4技を禁止。高レベル基礎種は中威力技を再挿入。,未収録・追加対象,B,最終統合ROMから現行表を抽出後、同名技の重複・ID衝突・取得時期を機械差分で確定する。
406,スボミー,budew,4,くさ／どく,スボミー → ロゼリア → ロズレイド,基礎形,DPE-JP Learnsets.c＋ベガ既存表（既存種）,現代化重点監査,特殊寄り,メガドレイン / やどりぎのタネ / アシッドボム / どくどく,安定したタイプ一致技をLv7～15、二段目をLv20～28に配置。進化前限定の補助技は思い出し対象に残す。,DPE表を土台に、進化前へ過剰な終盤技がある場合は後期へ移動。広範囲高火力サブウェポンはレベル技ではなくTM／教え技に限定。,くさむすび / ベノムショック,グラススライダー / ダストシュート,こうごうせい / どくびし,専用技がある系統は進化時／Lv1思い出しに固定。戦闘専用フォームは基礎形の習得表を共有。,通常。高威力技はLv45以降、強力な積み技はLv50以降。,最低1つの命中90以上STABを維持し、自爆・テレポート・反動大技だけの直近4技を禁止。高レベル基礎種は中威力技を再挿入。,未収録・追加対象,B-,最終統合ROMから現行表を抽出後、同名技の重複・ID衝突・取得時期を機械差分で確定する。
407,ロズレイド,roserade,4,くさ／どく,スボミー → ロゼリア → ロズレイド,進化先／最終形,DPE-JP Learnsets.c＋ベガ既存表（既存種）,現代化重点監査,特殊アタッカー,エナジーボール / やどりぎのタネ / ヘドロウェーブ / どくどく,進化時に役割技を1つ提示。主力STABはLv36～50、反動・積み・専用大技はLv50～65またはLv1思い出し。,DPE表を土台に、進化前へ過剰な終盤技がある場合は後期へ移動。広範囲高火力サブウェポンはレベル技ではなくTM／教え技に限定。,くさむすび / ベノムショック,グラススライダー / ダストシュート,こうごうせい / どくびし,専用技がある系統は進化時／Lv1思い出しに固定。戦闘専用フォームは基礎形の習得表を共有。,通常。高威力技はLv45以降、強力な積み技はLv50以降。,最低1つの命中90以上STABを維持し、自爆・テレポート・反動大技だけの直近4技を禁止。高レベル基礎種は中威力技を再挿入。,未収録・追加対象,B,最終統合ROMから現行表を抽出後、同名技の重複・ID衝突・取得時期を機械差分で確定する。
408,ズガイドス,cranidos,4,いわ,ズガイドス → ラムパルド,基礎形,DPE-JP Learnsets.c＋ベガ既存表（既存種）,現代化重点監査,物理寄り,いわおとし / ステルスロック,安定したタイプ一致技をLv7～15、二段目をLv20～28に配置。進化前限定の補助技は思い出し対象に残す。,DPE表を土台に、進化前へ過剰な終盤技がある場合は後期へ移動。広範囲高火力サブウェポンはレベル技ではなくTM／教え技に限定。,ステルスロック,メテオビーム,すなあらし,専用技がある系統は進化時／Lv1思い出しに固定。戦闘専用フォームは基礎形の習得表を共有。,通常。高威力技はLv45以降、強力な積み技はLv50以降。,最低1つの命中90以上STABを維持し、自爆・テレポート・反動大技だけの直近4技を禁止。高レベル基礎種は中威力技を再挿入。,未収録・追加対象,B-,最終統合ROMから現行表を抽出後、同名技の重複・ID衝突・取得時期を機械差分で確定する。
409,ラムパルド,rampardos,4,いわ,ズガイドス → ラムパルド,進化先／最終形,DPE-JP Learnsets.c＋ベガ既存表（既存種）,現代化重点監査,物理アタッカー,ストーンエッジ / ステルスロック,進化時に役割技を1つ提示。主力STABはLv36～50、反動・積み・専用大技はLv50～65またはLv1思い出し。,DPE表を土台に、進化前へ過剰な終盤技がある場合は後期へ移動。広範囲高火力サブウェポンはレベル技ではなくTM／教え技に限定。,ステルスロック,メテオビーム,すなあらし,専用技がある系統は進化時／Lv1思い出しに固定。戦闘専用フォームは基礎形の習得表を共有。,通常。高威力技はLv45以降、強力な積み技はLv50以降。,最低1つの命中90以上STABを維持し、自爆・テレポート・反動大技だけの直近4技を禁止。高レベル基礎種は中威力技を再挿入。,未収録・追加対象,B,最終統合ROMから現行表を抽出後、同名技の重複・ID衝突・取得時期を機械差分で確定する。
410,タテトプス,shieldon,4,いわ／はがね,タテトプス → トリデプス,基礎形,DPE-JP Learnsets.c＋ベガ既存表（既存種）,現代化重点監査,物理寄り,いわおとし / ステルスロック / メタルクロー / てっぺき,安定したタイプ一致技をLv7～15、二段目をLv20～28に配置。進化前限定の補助技は思い出し対象に残す。,DPE表を土台に、進化前へ過剰な終盤技がある場合は後期へ移動。広範囲高火力サブウェポンはレベル技ではなくTM／教え技に限定。,ステルスロック / ラスターカノン,メテオビーム / アイアンヘッド,すなあらし / ボディプレス,専用技がある系統は進化時／Lv1思い出しに固定。戦闘専用フォームは基礎形の習得表を共有。,通常。高威力技はLv45以降、強力な積み技はLv50以降。,最低1つの命中90以上STABを維持し、自爆・テレポート・反動大技だけの直近4技を禁止。高レベル基礎種は中威力技を再挿入。,未収録・追加対象,B-,最終統合ROMから現行表を抽出後、同名技の重複・ID衝突・取得時期を機械差分で確定する。
411,トリデプス,bastiodon,4,いわ／はがね,タテトプス → トリデプス,進化先／最終形,DPE-JP Learnsets.c＋ベガ既存表（既存種）,現代化重点監査,物理アタッカー,ストーンエッジ / ステルスロック / ヘビーボンバー / てっぺき,進化時に役割技を1つ提示。主力STABはLv36～50、反動・積み・専用大技はLv50～65またはLv1思い出し。,DPE表を土台に、進化前へ過剰な終盤技がある場合は後期へ移動。広範囲高火力サブウェポンはレベル技ではなくTM／教え技に限定。,ステルスロック / ラスターカノン,メテオビーム / アイアンヘッド,すなあらし / ボディプレス,専用技がある系統は進化時／Lv1思い出しに固定。戦闘専用フォームは基礎形の習得表を共有。,通常。高威力技はLv45以降、強力な積み技はLv50以降。,最低1つの命中90以上STABを維持し、自爆・テレポート・反動大技だけの直近4技を禁止。高レベル基礎種は中威力技を再挿入。,未収録・追加対象,B,最終統合ROMから現行表を抽出後、同名技の重複・ID衝突・取得時期を機械差分で確定する。
412,ミノムッチ,burmy,4,むし,ミノムッチ → ミノマダム → ガーメイル,基礎形,DPE-JP Learnsets.c＋ベガ既存表（既存種）,現代化重点監査,物理寄り,むしくい / ねばねばネット,安定したタイプ一致技をLv7～15、二段目をLv20～28に配置。進化前限定の補助技は思い出し対象に残す。,DPE表を土台に、進化前へ過剰な終盤技がある場合は後期へ移動。広範囲高火力サブウェポンはレベル技ではなくTM／教え技に限定。,とんぼがえり,むしくい,いとをはく,専用技がある系統は進化時／Lv1思い出しに固定。戦闘専用フォームは基礎形の習得表を共有。,通常。高威力技はLv45以降、強力な積み技はLv50以降。,最低1つの命中90以上STABを維持し、自爆・テレポート・反動大技だけの直近4技を禁止。高レベル基礎種は中威力技を再挿入。,未収録・追加対象,B-,最終統合ROMから現行表を抽出後、同名技の重複・ID衝突・取得時期を機械差分で確定する。
413,ミノマダム,wormadam,4,むし／くさ,ミノムッチ → ミノマダム → ガーメイル,中間進化,DPE-JP Learnsets.c＋ベガ既存表（既存種）,現代化重点監査,特殊アタッカー,むしのさざめき / ねばねばネット / ギガドレイン / やどりぎのタネ,中威力STABをLv22～35、役割補助技を進化時またはLv30前後に配置。最終大技は先送り。,DPE表を土台に、進化前へ過剰な終盤技がある場合は後期へ移動。広範囲高火力サブウェポンはレベル技ではなくTM／教え技に限定。,とんぼがえり / くさむすび,むしくい / グラススライダー,いとをはく / こうごうせい,専用技がある系統は進化時／Lv1思い出しに固定。戦闘専用フォームは基礎形の習得表を共有。,通常。高威力技はLv45以降、強力な積み技はLv50以降。,最低1つの命中90以上STABを維持し、自爆・テレポート・反動大技だけの直近4技を禁止。高レベル基礎種は中威力技を再挿入。,未収録・追加対象,B,最終統合ROMから現行表を抽出後、同名技の重複・ID衝突・取得時期を機械差分で確定する。
414,ガーメイル,mothim,4,むし／ひこう,ミノムッチ → ミノマダム → ガーメイル,進化先／最終形,DPE-JP Learnsets.c＋ベガ既存表（既存種）,現代化重点監査,物理アタッカー,メガホーン / ねばねばネット / ブレイブバード / おいかぜ,進化時に役割技を1つ提示。主力STABはLv36～50、反動・積み・専用大技はLv50～65またはLv1思い出し。,DPE表を土台に、進化前へ過剰な終盤技がある場合は後期へ移動。広範囲高火力サブウェポンはレベル技ではなくTM／教え技に限定。,とんぼがえり / アクロバット,むしくい / おいかぜ,いとをはく / はねやすめ,専用技がある系統は進化時／Lv1思い出しに固定。戦闘専用フォームは基礎形の習得表を共有。,通常。高威力技はLv45以降、強力な積み技はLv50以降。,最低1つの命中90以上STABを維持し、自爆・テレポート・反動大技だけの直近4技を禁止。高レベル基礎種は中威力技を再挿入。,未収録・追加対象,B,最終統合ROMから現行表を抽出後、同名技の重複・ID衝突・取得時期を機械差分で確定する。
415,ミツハニー,combee,4,むし／ひこう,ミツハニー → ビークイン,基礎形,DPE-JP Learnsets.c＋ベガ既存表（既存種）,現代化重点監査,物理寄り,むしくい / ねばねばネット / つばさでうつ / おいかぜ,安定したタイプ一致技をLv7～15、二段目をLv20～28に配置。進化前限定の補助技は思い出し対象に残す。,DPE表を土台に、進化前へ過剰な終盤技がある場合は後期へ移動。広範囲高火力サブウェポンはレベル技ではなくTM／教え技に限定。,とんぼがえり / アクロバット,むしくい / おいかぜ,いとをはく / はねやすめ,専用技がある系統は進化時／Lv1思い出しに固定。戦闘専用フォームは基礎形の習得表を共有。,通常。高威力技はLv45以降、強力な積み技はLv50以降。,最低1つの命中90以上STABを維持し、自爆・テレポート・反動大技だけの直近4技を禁止。高レベル基礎種は中威力技を再挿入。,未収録・追加対象,B-,最終統合ROMから現行表を抽出後、同名技の重複・ID衝突・取得時期を機械差分で確定する。
416,ビークイン,vespiquen,4,むし／ひこう,ミツハニー → ビークイン,進化先／最終形,DPE-JP Learnsets.c＋ベガ既存表（既存種）,現代化重点監査,物理アタッカー,メガホーン / ねばねばネット / ブレイブバード / おいかぜ,進化時に役割技を1つ提示。主力STABはLv36～50、反動・積み・専用大技はLv50～65またはLv1思い出し。,DPE表を土台に、進化前へ過剰な終盤技がある場合は後期へ移動。広範囲高火力サブウェポンはレベル技ではなくTM／教え技に限定。,とんぼがえり / アクロバット,むしくい / おいかぜ,いとをはく / はねやすめ,専用技がある系統は進化時／Lv1思い出しに固定。戦闘専用フォームは基礎形の習得表を共有。,通常。高威力技はLv45以降、強力な積み技はLv50以降。,最低1つの命中90以上STABを維持し、自爆・テレポート・反動大技だけの直近4技を禁止。高レベル基礎種は中威力技を再挿入。,未収録・追加対象,B,最終統合ROMから現行表を抽出後、同名技の重複・ID衝突・取得時期を機械差分で確定する。
417,パチリス,pachirisu,4,でんき,パチリス,基礎形,DPE-JP Learnsets.c＋ベガ既存表（既存種）,ベガ既存表保護＋選択的現代化,特殊寄り,でんきショック / でんじは,安定したタイプ一致技をLv7～15、二段目をLv20～28に配置。進化前限定の補助技は思い出し対象に残す。,ベガ既存の独自技・攻略導線を保持。無関係な高火力サブウェポン、NPC専用の違法技、早期の積み技だけをTM／教え技へ移す。,ボルトチェンジ,エレキネット,じゅうでん,専用技がある系統は進化時／Lv1思い出しに固定。戦闘専用フォームは基礎形の習得表を共有。,通常。高威力技はLv45以降、強力な積み技はLv50以降。,最低1つの命中90以上STABを維持し、自爆・テレポート・反動大技だけの直近4技を禁止。高レベル基礎種は中威力技を再挿入。,既存（トーホク図鑑175）,B-,最終統合ROMから現行表を抽出後、同名技の重複・ID衝突・取得時期を機械差分で確定する。
418,ブイゼル,buizel,4,みず,ブイゼル → フローゼル,基礎形,DPE-JP Learnsets.c＋ベガ既存表（既存種）,ベガ既存表保護＋選択的現代化,両刀・可変,アクアジェット / みずのはどう,安定したタイプ一致技をLv7～15、二段目をLv20～28に配置。進化前限定の補助技は思い出し対象に残す。,ベガ既存の独自技・攻略導線を保持。無関係な高火力サブウェポン、NPC専用の違法技、早期の積み技だけをTM／教え技へ移す。,アクアブレイク,クイックターン,アクアリング,専用技がある系統は進化時／Lv1思い出しに固定。戦闘専用フォームは基礎形の習得表を共有。,通常。高威力技はLv45以降、強力な積み技はLv50以降。,最低1つの命中90以上STABを維持し、自爆・テレポート・反動大技だけの直近4技を禁止。高レベル基礎種は中威力技を再挿入。,既存（トーホク図鑑035）,B-,最終統合ROMから現行表を抽出後、同名技の重複・ID衝突・取得時期を機械差分で確定する。
419,フローゼル,floatzel,4,みず,ブイゼル → フローゼル,進化先／最終形,DPE-JP Learnsets.c＋ベガ既存表（既存種）,ベガ既存表保護＋選択的現代化,両刀・可変,アクアブレイク / なみのり / あまごい,進化時に役割技を1つ提示。主力STABはLv36～50、反動・積み・専用大技はLv50～65またはLv1思い出し。,ベガ既存の独自技・攻略導線を保持。無関係な高火力サブウェポン、NPC専用の違法技、早期の積み技だけをTM／教え技へ移す。,アクアブレイク,クイックターン,アクアリング,専用技がある系統は進化時／Lv1思い出しに固定。戦闘専用フォームは基礎形の習得表を共有。,通常。高威力技はLv45以降、強力な積み技はLv50以降。,最低1つの命中90以上STABを維持し、自爆・テレポート・反動大技だけの直近4技を禁止。高レベル基礎種は中威力技を再挿入。,既存（トーホク図鑑036）,B,最終統合ROMから現行表を抽出後、同名技の重複・ID衝突・取得時期を機械差分で確定する。
420,チェリンボ,cherubi,4,くさ,チェリンボ → チェリム,基礎形,DPE-JP Learnsets.c＋ベガ既存表（既存種）,現代化重点監査,特殊寄り,メガドレイン / やどりぎのタネ,安定したタイプ一致技をLv7～15、二段目をLv20～28に配置。進化前限定の補助技は思い出し対象に残す。,DPE表を土台に、進化前へ過剰な終盤技がある場合は後期へ移動。広範囲高火力サブウェポンはレベル技ではなくTM／教え技に限定。,くさむすび,グラススライダー,こうごうせい,専用技がある系統は進化時／Lv1思い出しに固定。戦闘専用フォームは基礎形の習得表を共有。,通常。高威力技はLv45以降、強力な積み技はLv50以降。,最低1つの命中90以上STABを維持し、自爆・テレポート・反動大技だけの直近4技を禁止。高レベル基礎種は中威力技を再挿入。,未収録・追加対象,B-,最終統合ROMから現行表を抽出後、同名技の重複・ID衝突・取得時期を機械差分で確定する。
421,チェリム,cherrim,4,くさ,チェリンボ → チェリム,進化先／最終形,DPE-JP Learnsets.c＋ベガ既存表（既存種）,現代化重点監査,特殊アタッカー,エナジーボール / やどりぎのタネ,進化時に役割技を1つ提示。主力STABはLv36～50、反動・積み・専用大技はLv50～65またはLv1思い出し。,DPE表を土台に、進化前へ過剰な終盤技がある場合は後期へ移動。広範囲高火力サブウェポンはレベル技ではなくTM／教え技に限定。,くさむすび,グラススライダー,こうごうせい,専用技がある系統は進化時／Lv1思い出しに固定。戦闘専用フォームは基礎形の習得表を共有。,通常。高威力技はLv45以降、強力な積み技はLv50以降。,最低1つの命中90以上STABを維持し、自爆・テレポート・反動大技だけの直近4技を禁止。高レベル基礎種は中威力技を再挿入。,未収録・追加対象,B,最終統合ROMから現行表を抽出後、同名技の重複・ID衝突・取得時期を機械差分で確定する。
422,カラナクシ,shellos,4,みず,カラナクシ → トリトドン,基礎形,DPE-JP Learnsets.c＋ベガ既存表（既存種）,現代化重点監査,両刀・可変,アクアジェット / みずのはどう,安定したタイプ一致技をLv7～15、二段目をLv20～28に配置。進化前限定の補助技は思い出し対象に残す。,DPE表を土台に、進化前へ過剰な終盤技がある場合は後期へ移動。広範囲高火力サブウェポンはレベル技ではなくTM／教え技に限定。,アクアブレイク,クイックターン,アクアリング,専用技がある系統は進化時／Lv1思い出しに固定。戦闘専用フォームは基礎形の習得表を共有。,通常。高威力技はLv45以降、強力な積み技はLv50以降。,最低1つの命中90以上STABを維持し、自爆・テレポート・反動大技だけの直近4技を禁止。高レベル基礎種は中威力技を再挿入。,未収録・追加対象,B-,最終統合ROMから現行表を抽出後、同名技の重複・ID衝突・取得時期を機械差分で確定する。
423,トリトドン,gastrodon,4,みず／じめん,カラナクシ → トリトドン,進化先／最終形,DPE-JP Learnsets.c＋ベガ既存表（既存種）,現代化重点監査,特殊アタッカー,ハイドロポンプ / あまごい / ねっさのだいち / すなあらし,進化時に役割技を1つ提示。主力STABはLv36～50、反動・積み・専用大技はLv50～65またはLv1思い出し。,DPE表を土台に、進化前へ過剰な終盤技がある場合は後期へ移動。広範囲高火力サブウェポンはレベル技ではなくTM／教え技に限定。,アクアブレイク / じならし,クイックターン / ねっさのだいち,アクアリング / まきびし,専用技がある系統は進化時／Lv1思い出しに固定。戦闘専用フォームは基礎形の習得表を共有。,通常。高威力技はLv45以降、強力な積み技はLv50以降。,最低1つの命中90以上STABを維持し、自爆・テレポート・反動大技だけの直近4技を禁止。高レベル基礎種は中威力技を再挿入。,未収録・追加対象,B,最終統合ROMから現行表を抽出後、同名技の重複・ID衝突・取得時期を機械差分で確定する。
424,エテボース,ambipom,4,ノーマル,エイパム → エテボース,進化先／最終形,DPE-JP Learnsets.c＋ベガ既存表（既存種）,現代化重点監査,物理アタッカー,すてみタックル / アンコール,進化時に役割技を1つ提示。主力STABはLv36～50、反動・積み・専用大技はLv50～65またはLv1思い出し。,DPE表を土台に、進化前へ過剰な終盤技がある場合は後期へ移動。広範囲高火力サブウェポンはレベル技ではなくTM／教え技に限定。,まもる,てだすけ,あくび,専用技がある系統は進化時／Lv1思い出しに固定。戦闘専用フォームは基礎形の習得表を共有。,通常。高威力技はLv45以降、強力な積み技はLv50以降。,最低1つの命中90以上STABを維持し、自爆・テレポート・反動大技だけの直近4技を禁止。高レベル基礎種は中威力技を再挿入。,未収録・追加対象,B,最終統合ROMから現行表を抽出後、同名技の重複・ID衝突・取得時期を機械差分で確定する。
425,フワンテ,drifloon,4,ゴースト／ひこう,フワンテ → フワライド,基礎形,DPE-JP Learnsets.c＋ベガ既存表（既存種）,現代化重点監査,特殊寄り,おどろかす / おにび / かぜおこし / おいかぜ,安定したタイプ一致技をLv7～15、二段目をLv20～28に配置。進化前限定の補助技は思い出し対象に残す。,DPE表を土台に、進化前へ過剰な終盤技がある場合は後期へ移動。広範囲高火力サブウェポンはレベル技ではなくTM／教え技に限定。,シャドークロー / アクロバット,ポルターガイスト / おいかぜ,みちづれ / はねやすめ,専用技がある系統は進化時／Lv1思い出しに固定。戦闘専用フォームは基礎形の習得表を共有。,通常。高威力技はLv45以降、強力な積み技はLv50以降。,最低1つの命中90以上STABを維持し、自爆・テレポート・反動大技だけの直近4技を禁止。高レベル基礎種は中威力技を再挿入。,未収録・追加対象,B-,最終統合ROMから現行表を抽出後、同名技の重複・ID衝突・取得時期を機械差分で確定する。
426,フワライド,drifblim,4,ゴースト／ひこう,フワンテ → フワライド,進化先／最終形,DPE-JP Learnsets.c＋ベガ既存表（既存種）,現代化重点監査,特殊アタッカー,シャドーボール / おにび / ぼうふう / おいかぜ,進化時に役割技を1つ提示。主力STABはLv36～50、反動・積み・専用大技はLv50～65またはLv1思い出し。,DPE表を土台に、進化前へ過剰な終盤技がある場合は後期へ移動。広範囲高火力サブウェポンはレベル技ではなくTM／教え技に限定。,シャドークロー / アクロバット,ポルターガイスト / おいかぜ,みちづれ / はねやすめ,専用技がある系統は進化時／Lv1思い出しに固定。戦闘専用フォームは基礎形の習得表を共有。,通常。高威力技はLv45以降、強力な積み技はLv50以降。,最低1つの命中90以上STABを維持し、自爆・テレポート・反動大技だけの直近4技を禁止。高レベル基礎種は中威力技を再挿入。,未収録・追加対象,B,最終統合ROMから現行表を抽出後、同名技の重複・ID衝突・取得時期を機械差分で確定する。
427,ミミロル,buneary,4,ノーマル,ミミロル → ミミロップ,基礎形,DPE-JP Learnsets.c＋ベガ既存表（既存種）,現代化重点監査,物理寄り,ずつき / アンコール,安定したタイプ一致技をLv7～15、二段目をLv20～28に配置。進化前限定の補助技は思い出し対象に残す。,DPE表を土台に、進化前へ過剰な終盤技がある場合は後期へ移動。広範囲高火力サブウェポンはレベル技ではなくTM／教え技に限定。,まもる,てだすけ,あくび,専用技がある系統は進化時／Lv1思い出しに固定。戦闘専用フォームは基礎形の習得表を共有。,通常。高威力技はLv45以降、強力な積み技はLv50以降。,最低1つの命中90以上STABを維持し、自爆・テレポート・反動大技だけの直近4技を禁止。高レベル基礎種は中威力技を再挿入。,未収録・追加対象,B-,最終統合ROMから現行表を抽出後、同名技の重複・ID衝突・取得時期を機械差分で確定する。
428,ミミロップ,lopunny,4,ノーマル,ミミロル → ミミロップ,進化先／最終形,DPE-JP Learnsets.c＋ベガ既存表（既存種）,現代化重点監査,物理アタッカー,すてみタックル / アンコール,進化時に役割技を1つ提示。主力STABはLv36～50、反動・積み・専用大技はLv50～65またはLv1思い出し。,DPE表を土台に、進化前へ過剰な終盤技がある場合は後期へ移動。広範囲高火力サブウェポンはレベル技ではなくTM／教え技に限定。,まもる,てだすけ,あくび,専用技がある系統は進化時／Lv1思い出しに固定。戦闘専用フォームは基礎形の習得表を共有。,通常。高威力技はLv45以降、強力な積み技はLv50以降。,最低1つの命中90以上STABを維持し、自爆・テレポート・反動大技だけの直近4技を禁止。高レベル基礎種は中威力技を再挿入。,未収録・追加対象,B,最終統合ROMから現行表を抽出後、同名技の重複・ID衝突・取得時期を機械差分で確定する。
429,ムウマージ,mismagius,4,ゴースト,ムウマ → ムウマージ,進化先／最終形,DPE-JP Learnsets.c＋ベガ既存表（既存種）,現代化重点監査,特殊アタッカー,シャドーボール / おにび,進化時に役割技を1つ提示。主力STABはLv36～50、反動・積み・専用大技はLv50～65またはLv1思い出し。,DPE表を土台に、進化前へ過剰な終盤技がある場合は後期へ移動。広範囲高火力サブウェポンはレベル技ではなくTM／教え技に限定。,シャドークロー,ポルターガイスト,みちづれ,専用技がある系統は進化時／Lv1思い出しに固定。戦闘専用フォームは基礎形の習得表を共有。,通常。高威力技はLv45以降、強力な積み技はLv50以降。,最低1つの命中90以上STABを維持し、自爆・テレポート・反動大技だけの直近4技を禁止。高レベル基礎種は中威力技を再挿入。,未収録・追加対象,B,最終統合ROMから現行表を抽出後、同名技の重複・ID衝突・取得時期を機械差分で確定する。
430,ドンカラス,honchkrow,4,あく／ひこう,ヤミカラス → ドンカラス,進化先／最終形,DPE-JP Learnsets.c＋ベガ既存表（既存種）,ベガ既存表保護＋選択的現代化,物理アタッカー,はたきおとす / ちょうはつ / ブレイブバード / おいかぜ,進化時に役割技を1つ提示。主力STABはLv36～50、反動・積み・専用大技はLv50～65またはLv1思い出し。,ベガ既存の独自技・攻略導線を保持。無関係な高火力サブウェポン、NPC専用の違法技、早期の積み技だけをTM／教え技へ移す。,バークアウト / アクロバット,はたきおとす / おいかぜ,わるだくみ / はねやすめ,専用技がある系統は進化時／Lv1思い出しに固定。戦闘専用フォームは基礎形の習得表を共有。,通常。高威力技はLv45以降、強力な積み技はLv50以降。,最低1つの命中90以上STABを維持し、自爆・テレポート・反動大技だけの直近4技を禁止。高レベル基礎種は中威力技を再挿入。,既存（トーホク図鑑227）,B,最終統合ROMから現行表を抽出後、同名技の重複・ID衝突・取得時期を機械差分で確定する。
431,ニャルマー,glameow,4,ノーマル,ニャルマー → ブニャット,基礎形,DPE-JP Learnsets.c＋ベガ既存表（既存種）,現代化重点監査,物理寄り,ずつき / アンコール,安定したタイプ一致技をLv7～15、二段目をLv20～28に配置。進化前限定の補助技は思い出し対象に残す。,DPE表を土台に、進化前へ過剰な終盤技がある場合は後期へ移動。広範囲高火力サブウェポンはレベル技ではなくTM／教え技に限定。,まもる,てだすけ,あくび,専用技がある系統は進化時／Lv1思い出しに固定。戦闘専用フォームは基礎形の習得表を共有。,通常。高威力技はLv45以降、強力な積み技はLv50以降。,最低1つの命中90以上STABを維持し、自爆・テレポート・反動大技だけの直近4技を禁止。高レベル基礎種は中威力技を再挿入。,未収録・追加対象,B-,最終統合ROMから現行表を抽出後、同名技の重複・ID衝突・取得時期を機械差分で確定する。
432,ブニャット,purugly,4,ノーマル,ニャルマー → ブニャット,進化先／最終形,DPE-JP Learnsets.c＋ベガ既存表（既存種）,現代化重点監査,物理アタッカー,すてみタックル / アンコール,進化時に役割技を1つ提示。主力STABはLv36～50、反動・積み・専用大技はLv50～65またはLv1思い出し。,DPE表を土台に、進化前へ過剰な終盤技がある場合は後期へ移動。広範囲高火力サブウェポンはレベル技ではなくTM／教え技に限定。,まもる,てだすけ,あくび,専用技がある系統は進化時／Lv1思い出しに固定。戦闘専用フォームは基礎形の習得表を共有。,通常。高威力技はLv45以降、強力な積み技はLv50以降。,最低1つの命中90以上STABを維持し、自爆・テレポート・反動大技だけの直近4技を禁止。高レベル基礎種は中威力技を再挿入。,未収録・追加対象,B,最終統合ROMから現行表を抽出後、同名技の重複・ID衝突・取得時期を機械差分で確定する。
433,リーシャン,chingling,4,エスパー,リーシャン → チリーン,基礎形,DPE-JP Learnsets.c＋ベガ既存表（既存種）,現代化重点監査,特殊寄り,ねんりき / めいそう,安定したタイプ一致技をLv7～15、二段目をLv20～28に配置。進化前限定の補助技は思い出し対象に残す。,DPE表を土台に、進化前へ過剰な終盤技がある場合は後期へ移動。広範囲高火力サブウェポンはレベル技ではなくTM／教え技に限定。,サイコショック,トリック,ひかりのかべ,専用技がある系統は進化時／Lv1思い出しに固定。戦闘専用フォームは基礎形の習得表を共有。,通常。高威力技はLv45以降、強力な積み技はLv50以降。,最低1つの命中90以上STABを維持し、自爆・テレポート・反動大技だけの直近4技を禁止。高レベル基礎種は中威力技を再挿入。,未収録・追加対象,B-,最終統合ROMから現行表を抽出後、同名技の重複・ID衝突・取得時期を機械差分で確定する。
434,スカンプー,stunky,4,どく／あく,スカンプー → スカタンク,基礎形,DPE-JP Learnsets.c＋ベガ既存表（既存種）,現代化重点監査,物理寄り,どくばり / どくどく / かみつく / ちょうはつ,安定したタイプ一致技をLv7～15、二段目をLv20～28に配置。進化前限定の補助技は思い出し対象に残す。,DPE表を土台に、進化前へ過剰な終盤技がある場合は後期へ移動。広範囲高火力サブウェポンはレベル技ではなくTM／教え技に限定。,ベノムショック / バークアウト,ダストシュート / はたきおとす,どくびし / わるだくみ,専用技がある系統は進化時／Lv1思い出しに固定。戦闘専用フォームは基礎形の習得表を共有。,通常。高威力技はLv45以降、強力な積み技はLv50以降。,最低1つの命中90以上STABを維持し、自爆・テレポート・反動大技だけの直近4技を禁止。高レベル基礎種は中威力技を再挿入。,未収録・追加対象,B-,最終統合ROMから現行表を抽出後、同名技の重複・ID衝突・取得時期を機械差分で確定する。
435,スカタンク,skuntank,4,どく／あく,スカンプー → スカタンク,進化先／最終形,DPE-JP Learnsets.c＋ベガ既存表（既存種）,現代化重点監査,物理アタッカー,ダストシュート / どくどく / はたきおとす / ちょうはつ,進化時に役割技を1つ提示。主力STABはLv36～50、反動・積み・専用大技はLv50～65またはLv1思い出し。,DPE表を土台に、進化前へ過剰な終盤技がある場合は後期へ移動。広範囲高火力サブウェポンはレベル技ではなくTM／教え技に限定。,ベノムショック / バークアウト,ダストシュート / はたきおとす,どくびし / わるだくみ,専用技がある系統は進化時／Lv1思い出しに固定。戦闘専用フォームは基礎形の習得表を共有。,通常。高威力技はLv45以降、強力な積み技はLv50以降。,最低1つの命中90以上STABを維持し、自爆・テレポート・反動大技だけの直近4技を禁止。高レベル基礎種は中威力技を再挿入。,未収録・追加対象,B,最終統合ROMから現行表を抽出後、同名技の重複・ID衝突・取得時期を機械差分で確定する。
436,ドーミラー,bronzor,4,はがね／エスパー,ドーミラー → ドータクン,基礎形,DPE-JP Learnsets.c＋ベガ既存表（既存種）,現代化重点監査,補助寄り両刀,メタルクロー / ミラーショット / サイコカッター / ねんりき,安定したタイプ一致技をLv7～15、二段目をLv20～28に配置。進化前限定の補助技は思い出し対象に残す。,DPE表を土台に、進化前へ過剰な終盤技がある場合は後期へ移動。広範囲高火力サブウェポンはレベル技ではなくTM／教え技に限定。,ラスターカノン / サイコショック,アイアンヘッド / トリック,ボディプレス / ひかりのかべ,専用技がある系統は進化時／Lv1思い出しに固定。戦闘専用フォームは基礎形の習得表を共有。,通常。高威力技はLv45以降、強力な積み技はLv50以降。,最低1つの命中90以上STABを維持し、自爆・テレポート・反動大技だけの直近4技を禁止。高レベル基礎種は中威力技を再挿入。,未収録・追加対象,B-,最終統合ROMから現行表を抽出後、同名技の重複・ID衝突・取得時期を機械差分で確定する。
437,ドータクン,bronzong,4,はがね／エスパー,ドーミラー → ドータクン,進化先／最終形,DPE-JP Learnsets.c＋ベガ既存表（既存種）,現代化重点監査,特殊アタッカー,てっていこうせん / てっぺき / サイコショック / めいそう,進化時に役割技を1つ提示。主力STABはLv36～50、反動・積み・専用大技はLv50～65またはLv1思い出し。,DPE表を土台に、進化前へ過剰な終盤技がある場合は後期へ移動。広範囲高火力サブウェポンはレベル技ではなくTM／教え技に限定。,ラスターカノン / サイコショック,アイアンヘッド / トリック,ボディプレス / ひかりのかべ,専用技がある系統は進化時／Lv1思い出しに固定。戦闘専用フォームは基礎形の習得表を共有。,8バッジ以降の鋼タイプ教え技,最低1つの命中90以上STABを維持し、自爆・テレポート・反動大技だけの直近4技を禁止。高レベル基礎種は中威力技を再挿入。,未収録・追加対象,B,最終統合ROMから現行表を抽出後、同名技の重複・ID衝突・取得時期を機械差分で確定する。
438,ウソハチ,bonsly,4,いわ,ウソハチ → ウソッキー,基礎形,DPE-JP Learnsets.c＋ベガ既存表（既存種）,現代化重点監査,物理寄り,いわおとし / ステルスロック,安定したタイプ一致技をLv7～15、二段目をLv20～28に配置。進化前限定の補助技は思い出し対象に残す。,DPE表を土台に、進化前へ過剰な終盤技がある場合は後期へ移動。広範囲高火力サブウェポンはレベル技ではなくTM／教え技に限定。,ステルスロック,メテオビーム,すなあらし,専用技がある系統は進化時／Lv1思い出しに固定。戦闘専用フォームは基礎形の習得表を共有。,通常。高威力技はLv45以降、強力な積み技はLv50以降。,最低1つの命中90以上STABを維持し、自爆・テレポート・反動大技だけの直近4技を禁止。高レベル基礎種は中威力技を再挿入。,未収録・追加対象,B-,最終統合ROMから現行表を抽出後、同名技の重複・ID衝突・取得時期を機械差分で確定する。
439,マネネ,mime-jr,4,エスパー／フェアリー,マネネ → バリヤード → バリコオル,基礎形,DPE-JP Learnsets.c＋ベガ既存表（既存種）,現代化重点監査,特殊寄り,ねんりき / めいそう / ようせいのかぜ / あまえる,安定したタイプ一致技をLv7～15、二段目をLv20～28に配置。進化前限定の補助技は思い出し対象に残す。,DPE表を土台に、進化前へ過剰な終盤技がある場合は後期へ移動。広範囲高火力サブウェポンはレベル技ではなくTM／教え技に限定。,サイコショック / マジカルシャイン,トリック / ミストバースト,ひかりのかべ / ミストフィールド,専用技がある系統は進化時／Lv1思い出しに固定。戦闘専用フォームは基礎形の習得表を共有。,通常。高威力技はLv45以降、強力な積み技はLv50以降。,最低1つの命中90以上STABを維持し、自爆・テレポート・反動大技だけの直近4技を禁止。高レベル基礎種は中威力技を再挿入。,未収録・追加対象,B-,最終統合ROMから現行表を抽出後、同名技の重複・ID衝突・取得時期を機械差分で確定する。
440,ピンプク,happiny,4,ノーマル,ピンプク → ラッキー → ハピナス,基礎形,DPE-JP Learnsets.c＋ベガ既存表（既存種）,ベガ既存表保護＋選択的現代化,物理寄り,ずつき / アンコール,安定したタイプ一致技をLv7～15、二段目をLv20～28に配置。進化前限定の補助技は思い出し対象に残す。,ベガ既存の独自技・攻略導線を保持。無関係な高火力サブウェポン、NPC専用の違法技、早期の積み技だけをTM／教え技へ移す。,まもる,てだすけ,あくび,専用技がある系統は進化時／Lv1思い出しに固定。戦闘専用フォームは基礎形の習得表を共有。,通常。高威力技はLv45以降、強力な積み技はLv50以降。,最低1つの命中90以上STABを維持し、自爆・テレポート・反動大技だけの直近4技を禁止。高レベル基礎種は中威力技を再挿入。,既存（トーホク図鑑287）,B-,最終統合ROMから現行表を抽出後、同名技の重複・ID衝突・取得時期を機械差分で確定する。
441,ペラップ,chatot,4,ノーマル／ひこう,ペラップ,基礎形,DPE-JP Learnsets.c＋ベガ既存表（既存種）,ベガ既存表保護＋選択的現代化,特殊アタッカー,スピードスター / アンコール / かぜおこし / おいかぜ,安定したタイプ一致技をLv7～15、二段目をLv20～28に配置。進化前限定の補助技は思い出し対象に残す。,ベガ既存の独自技・攻略導線を保持。無関係な高火力サブウェポン、NPC専用の違法技、早期の積み技だけをTM／教え技へ移す。,まもる / アクロバット,てだすけ / おいかぜ,あくび / はねやすめ,専用技がある系統は進化時／Lv1思い出しに固定。戦闘専用フォームは基礎形の習得表を共有。,通常。高威力技はLv45以降、強力な積み技はLv50以降。,最低1つの命中90以上STABを維持し、自爆・テレポート・反動大技だけの直近4技を禁止。高レベル基礎種は中威力技を再挿入。,既存（トーホク図鑑193）,B-,最終統合ROMから現行表を抽出後、同名技の重複・ID衝突・取得時期を機械差分で確定する。
442,ミカルゲ,spiritomb,4,ゴースト／あく,ミカルゲ,基礎形,DPE-JP Learnsets.c＋ベガ既存表（既存種）,現代化重点監査,特殊アタッカー,おどろかす / おにび / バークアウト / ちょうはつ,安定したタイプ一致技をLv7～15、二段目をLv20～28に配置。進化前限定の補助技は思い出し対象に残す。,DPE表を土台に、進化前へ過剰な終盤技がある場合は後期へ移動。広範囲高火力サブウェポンはレベル技ではなくTM／教え技に限定。,シャドークロー / バークアウト,ポルターガイスト / はたきおとす,みちづれ / わるだくみ,専用技がある系統は進化時／Lv1思い出しに固定。戦闘専用フォームは基礎形の習得表を共有。,通常。高威力技はLv45以降、強力な積み技はLv50以降。,最低1つの命中90以上STABを維持し、自爆・テレポート・反動大技だけの直近4技を禁止。高レベル基礎種は中威力技を再挿入。,未収録・追加対象,B-,最終統合ROMから現行表を抽出後、同名技の重複・ID衝突・取得時期を機械差分で確定する。
443,フカマル,gible,4,ドラゴン／じめん,フカマル → ガバイト → ガブリアス,基礎形,DPE-JP Learnsets.c＋ベガ既存表（既存種）,ベガ既存表保護＋選択的現代化,物理寄り,ドラゴンテール / りゅうのまい / どろかけ / すなあらし,安定したタイプ一致技をLv7～15、二段目をLv20～28に配置。進化前限定の補助技は思い出し対象に残す。,ベガ既存の独自技・攻略導線を保持。無関係な高火力サブウェポン、NPC専用の違法技、早期の積み技だけをTM／教え技へ移す。,ワイドブレイカー / じならし,りゅうせいぐん / ねっさのだいち,こわいかお / まきびし,専用技がある系統は進化時／Lv1思い出しに固定。戦闘専用フォームは基礎形の習得表を共有。,最終進化Lv50以上。600族はLv55以上,最低1つの命中90以上STABを維持し、自爆・テレポート・反動大技だけの直近4技を禁止。高レベル基礎種は中威力技を再挿入。,既存（トーホク図鑑130）,B-,最終統合ROMから現行表を抽出後、同名技の重複・ID衝突・取得時期を機械差分で確定する。
444,ガバイト,gabite,4,ドラゴン／じめん,フカマル → ガバイト → ガブリアス,中間進化,DPE-JP Learnsets.c＋ベガ既存表（既存種）,ベガ既存表保護＋選択的現代化,物理寄り,ドラゴンクロー / りゅうのまい / じならし / すなあらし,中威力STABをLv22～35、役割補助技を進化時またはLv30前後に配置。最終大技は先送り。,ベガ既存の独自技・攻略導線を保持。無関係な高火力サブウェポン、NPC専用の違法技、早期の積み技だけをTM／教え技へ移す。,ワイドブレイカー / じならし,りゅうせいぐん / ねっさのだいち,こわいかお / まきびし,専用技がある系統は進化時／Lv1思い出しに固定。戦闘専用フォームは基礎形の習得表を共有。,最終進化Lv50以上。600族はLv55以上,最低1つの命中90以上STABを維持し、自爆・テレポート・反動大技だけの直近4技を禁止。高レベル基礎種は中威力技を再挿入。,既存（トーホク図鑑131）,B,最終統合ROMから現行表を抽出後、同名技の重複・ID衝突・取得時期を機械差分で確定する。
445,ガブリアス,garchomp,4,ドラゴン／じめん,フカマル → ガバイト → ガブリアス,進化先／最終形,DPE-JP Learnsets.c＋ベガ既存表（既存種）,ベガ既存表保護＋選択的現代化,両刀・可変,ドラゴンクロー / りゅうのはどう / りゅうのまい / じならし,進化時に役割技を1つ提示。主力STABはLv36～50、反動・積み・専用大技はLv50～65またはLv1思い出し。,ベガ既存の独自技・攻略導線を保持。無関係な高火力サブウェポン、NPC専用の違法技、早期の積み技だけをTM／教え技へ移す。,ワイドブレイカー / じならし,りゅうせいぐん / ねっさのだいち,こわいかお / まきびし,専用技がある系統は進化時／Lv1思い出しに固定。戦闘専用フォームは基礎形の習得表を共有。,最終進化Lv50以上。600族はLv55以上,最低1つの命中90以上STABを維持し、自爆・テレポート・反動大技だけの直近4技を禁止。高レベル基礎種は中威力技を再挿入。,既存（トーホク図鑑132）,A,最終統合ROMから現行表を抽出後、同名技の重複・ID衝突・取得時期を機械差分で確定する。
446,ゴンベ,munchlax,4,ノーマル,ゴンベ → カビゴン,基礎形,DPE-JP Learnsets.c＋ベガ既存表（既存種）,現代化重点監査,物理寄り,ずつき / アンコール,安定したタイプ一致技をLv7～15、二段目をLv20～28に配置。進化前限定の補助技は思い出し対象に残す。,DPE表を土台に、進化前へ過剰な終盤技がある場合は後期へ移動。広範囲高火力サブウェポンはレベル技ではなくTM／教え技に限定。,まもる,てだすけ,あくび,専用技がある系統は進化時／Lv1思い出しに固定。戦闘専用フォームは基礎形の習得表を共有。,通常。高威力技はLv45以降、強力な積み技はLv50以降。,最低1つの命中90以上STABを維持し、自爆・テレポート・反動大技だけの直近4技を禁止。高レベル基礎種は中威力技を再挿入。,未収録・追加対象,B-,最終統合ROMから現行表を抽出後、同名技の重複・ID衝突・取得時期を機械差分で確定する。
447,リオル,riolu,4,かくとう,リオル → ルカリオ,基礎形,DPE-JP Learnsets.c＋ベガ既存表（既存種）,ベガ既存表保護＋選択的現代化,物理寄り,いわくだき / ビルドアップ,安定したタイプ一致技をLv7～15、二段目をLv20～28に配置。進化前限定の補助技は思い出し対象に残す。,ベガ既存の独自技・攻略導線を保持。無関係な高火力サブウェポン、NPC専用の違法技、早期の積み技だけをTM／教え技へ移す。,ドレインパンチ,コーチング,みきり,専用技がある系統は進化時／Lv1思い出しに固定。戦闘専用フォームは基礎形の習得表を共有。,通常。高威力技はLv45以降、強力な積み技はLv50以降。,最低1つの命中90以上STABを維持し、自爆・テレポート・反動大技だけの直近4技を禁止。高レベル基礎種は中威力技を再挿入。,既存（トーホク図鑑012）,B-,最終統合ROMから現行表を抽出後、同名技の重複・ID衝突・取得時期を機械差分で確定する。
448,ルカリオ,lucario,4,かくとう／はがね,リオル → ルカリオ,進化先／最終形,DPE-JP Learnsets.c＋ベガ既存表（既存種）,ベガ既存表保護＋選択的現代化,両刀・可変,かわらわり / はどうだん / ビルドアップ / アイアンヘッド,進化時に役割技を1つ提示。主力STABはLv36～50、反動・積み・専用大技はLv50～65またはLv1思い出し。,ベガ既存の独自技・攻略導線を保持。無関係な高火力サブウェポン、NPC専用の違法技、早期の積み技だけをTM／教え技へ移す。,ドレインパンチ / ラスターカノン,コーチング / アイアンヘッド,みきり / ボディプレス,専用技がある系統は進化時／Lv1思い出しに固定。戦闘専用フォームは基礎形の習得表を共有。,通常。高威力技はLv45以降、強力な積み技はLv50以降。,最低1つの命中90以上STABを維持し、自爆・テレポート・反動大技だけの直近4技を禁止。高レベル基礎種は中威力技を再挿入。,既存（トーホク図鑑013）,B,最終統合ROMから現行表を抽出後、同名技の重複・ID衝突・取得時期を機械差分で確定する。
449,ヒポポタス,hippopotas,4,じめん,ヒポポタス → カバルドン,基礎形,DPE-JP Learnsets.c＋ベガ既存表（既存種）,現代化重点監査,物理寄り,どろかけ / すなあらし,安定したタイプ一致技をLv7～15、二段目をLv20～28に配置。進化前限定の補助技は思い出し対象に残す。,DPE表を土台に、進化前へ過剰な終盤技がある場合は後期へ移動。広範囲高火力サブウェポンはレベル技ではなくTM／教え技に限定。,じならし,ねっさのだいち,まきびし,専用技がある系統は進化時／Lv1思い出しに固定。戦闘専用フォームは基礎形の習得表を共有。,通常。高威力技はLv45以降、強力な積み技はLv50以降。,最低1つの命中90以上STABを維持し、自爆・テレポート・反動大技だけの直近4技を禁止。高レベル基礎種は中威力技を再挿入。,未収録・追加対象,B-,最終統合ROMから現行表を抽出後、同名技の重複・ID衝突・取得時期を機械差分で確定する。
450,カバルドン,hippowdon,4,じめん,ヒポポタス → カバルドン,進化先／最終形,DPE-JP Learnsets.c＋ベガ既存表（既存種）,現代化重点監査,物理アタッカー,じしん / すなあらし,進化時に役割技を1つ提示。主力STABはLv36～50、反動・積み・専用大技はLv50～65またはLv1思い出し。,DPE表を土台に、進化前へ過剰な終盤技がある場合は後期へ移動。広範囲高火力サブウェポンはレベル技ではなくTM／教え技に限定。,じならし,ねっさのだいち,まきびし,専用技がある系統は進化時／Lv1思い出しに固定。戦闘専用フォームは基礎形の習得表を共有。,通常。高威力技はLv45以降、強力な積み技はLv50以降。,最低1つの命中90以上STABを維持し、自爆・テレポート・反動大技だけの直近4技を禁止。高レベル基礎種は中威力技を再挿入。,未収録・追加対象,B,最終統合ROMから現行表を抽出後、同名技の重複・ID衝突・取得時期を機械差分で確定する。
451,スコルピ,skorupi,4,どく／むし,スコルピ → ドラピオン,基礎形,DPE-JP Learnsets.c＋ベガ既存表（既存種）,ベガ既存表保護＋選択的現代化,物理寄り,どくばり / どくどく / むしくい / ねばねばネット,安定したタイプ一致技をLv7～15、二段目をLv20～28に配置。進化前限定の補助技は思い出し対象に残す。,ベガ既存の独自技・攻略導線を保持。無関係な高火力サブウェポン、NPC専用の違法技、早期の積み技だけをTM／教え技へ移す。,ベノムショック / とんぼがえり,ダストシュート / むしくい,どくびし / いとをはく,専用技がある系統は進化時／Lv1思い出しに固定。戦闘専用フォームは基礎形の習得表を共有。,通常。高威力技はLv45以降、強力な積み技はLv50以降。,最低1つの命中90以上STABを維持し、自爆・テレポート・反動大技だけの直近4技を禁止。高レベル基礎種は中威力技を再挿入。,既存（トーホク図鑑318）,B-,最終統合ROMから現行表を抽出後、同名技の重複・ID衝突・取得時期を機械差分で確定する。
452,ドラピオン,drapion,4,どく／あく,スコルピ → ドラピオン,進化先／最終形,DPE-JP Learnsets.c＋ベガ既存表（既存種）,ベガ既存表保護＋選択的現代化,物理アタッカー,ダストシュート / どくどく / はたきおとす / ちょうはつ,進化時に役割技を1つ提示。主力STABはLv36～50、反動・積み・専用大技はLv50～65またはLv1思い出し。,ベガ既存の独自技・攻略導線を保持。無関係な高火力サブウェポン、NPC専用の違法技、早期の積み技だけをTM／教え技へ移す。,ベノムショック / バークアウト,ダストシュート / はたきおとす,どくびし / わるだくみ,専用技がある系統は進化時／Lv1思い出しに固定。戦闘専用フォームは基礎形の習得表を共有。,通常。高威力技はLv45以降、強力な積み技はLv50以降。,最低1つの命中90以上STABを維持し、自爆・テレポート・反動大技だけの直近4技を禁止。高レベル基礎種は中威力技を再挿入。,既存（トーホク図鑑319）,B,最終統合ROMから現行表を抽出後、同名技の重複・ID衝突・取得時期を機械差分で確定する。
453,グレッグル,croagunk,4,どく／かくとう,グレッグル → ドクロッグ,基礎形,DPE-JP Learnsets.c＋ベガ既存表（既存種）,現代化重点監査,物理寄り,どくばり / どくどく / いわくだき / ビルドアップ,安定したタイプ一致技をLv7～15、二段目をLv20～28に配置。進化前限定の補助技は思い出し対象に残す。,DPE表を土台に、進化前へ過剰な終盤技がある場合は後期へ移動。広範囲高火力サブウェポンはレベル技ではなくTM／教え技に限定。,ベノムショック / ドレインパンチ,ダストシュート / コーチング,どくびし / みきり,専用技がある系統は進化時／Lv1思い出しに固定。戦闘専用フォームは基礎形の習得表を共有。,通常。高威力技はLv45以降、強力な積み技はLv50以降。,最低1つの命中90以上STABを維持し、自爆・テレポート・反動大技だけの直近4技を禁止。高レベル基礎種は中威力技を再挿入。,未収録・追加対象,B-,最終統合ROMから現行表を抽出後、同名技の重複・ID衝突・取得時期を機械差分で確定する。
454,ドクロッグ,toxicroak,4,どく／かくとう,グレッグル → ドクロッグ,進化先／最終形,DPE-JP Learnsets.c＋ベガ既存表（既存種）,現代化重点監査,物理アタッカー,ダストシュート / どくどく / インファイト / ビルドアップ,進化時に役割技を1つ提示。主力STABはLv36～50、反動・積み・専用大技はLv50～65またはLv1思い出し。,DPE表を土台に、進化前へ過剰な終盤技がある場合は後期へ移動。広範囲高火力サブウェポンはレベル技ではなくTM／教え技に限定。,ベノムショック / ドレインパンチ,ダストシュート / コーチング,どくびし / みきり,専用技がある系統は進化時／Lv1思い出しに固定。戦闘専用フォームは基礎形の習得表を共有。,通常。高威力技はLv45以降、強力な積み技はLv50以降。,最低1つの命中90以上STABを維持し、自爆・テレポート・反動大技だけの直近4技を禁止。高レベル基礎種は中威力技を再挿入。,未収録・追加対象,B,最終統合ROMから現行表を抽出後、同名技の重複・ID衝突・取得時期を機械差分で確定する。
455,マスキッパ,carnivine,4,くさ,マスキッパ,基礎形,DPE-JP Learnsets.c＋ベガ既存表（既存種）,ベガ既存表保護＋選択的現代化,物理アタッカー,はっぱカッター / やどりぎのタネ,安定したタイプ一致技をLv7～15、二段目をLv20～28に配置。進化前限定の補助技は思い出し対象に残す。,ベガ既存の独自技・攻略導線を保持。無関係な高火力サブウェポン、NPC専用の違法技、早期の積み技だけをTM／教え技へ移す。,くさむすび,グラススライダー,こうごうせい,専用技がある系統は進化時／Lv1思い出しに固定。戦闘専用フォームは基礎形の習得表を共有。,通常。高威力技はLv45以降、強力な積み技はLv50以降。,最低1つの命中90以上STABを維持し、自爆・テレポート・反動大技だけの直近4技を禁止。高レベル基礎種は中威力技を再挿入。,既存（トーホク図鑑328）,B-,最終統合ROMから現行表を抽出後、同名技の重複・ID衝突・取得時期を機械差分で確定する。
456,ケイコウオ,finneon,4,みず,ケイコウオ → ネオラント,基礎形,DPE-JP Learnsets.c＋ベガ既存表（既存種）,現代化重点監査,両刀・可変,アクアジェット / みずのはどう,安定したタイプ一致技をLv7～15、二段目をLv20～28に配置。進化前限定の補助技は思い出し対象に残す。,DPE表を土台に、進化前へ過剰な終盤技がある場合は後期へ移動。広範囲高火力サブウェポンはレベル技ではなくTM／教え技に限定。,アクアブレイク,クイックターン,アクアリング,専用技がある系統は進化時／Lv1思い出しに固定。戦闘専用フォームは基礎形の習得表を共有。,通常。高威力技はLv45以降、強力な積み技はLv50以降。,最低1つの命中90以上STABを維持し、自爆・テレポート・反動大技だけの直近4技を禁止。高レベル基礎種は中威力技を再挿入。,未収録・追加対象,B-,最終統合ROMから現行表を抽出後、同名技の重複・ID衝突・取得時期を機械差分で確定する。
457,ネオラント,lumineon,4,みず,ケイコウオ → ネオラント,進化先／最終形,DPE-JP Learnsets.c＋ベガ既存表（既存種）,現代化重点監査,特殊アタッカー,ハイドロポンプ / あまごい,進化時に役割技を1つ提示。主力STABはLv36～50、反動・積み・専用大技はLv50～65またはLv1思い出し。,DPE表を土台に、進化前へ過剰な終盤技がある場合は後期へ移動。広範囲高火力サブウェポンはレベル技ではなくTM／教え技に限定。,アクアブレイク,クイックターン,アクアリング,専用技がある系統は進化時／Lv1思い出しに固定。戦闘専用フォームは基礎形の習得表を共有。,通常。高威力技はLv45以降、強力な積み技はLv50以降。,最低1つの命中90以上STABを維持し、自爆・テレポート・反動大技だけの直近4技を禁止。高レベル基礎種は中威力技を再挿入。,未収録・追加対象,B,最終統合ROMから現行表を抽出後、同名技の重複・ID衝突・取得時期を機械差分で確定する。
458,タマンタ,mantyke,4,みず／ひこう,タマンタ → マンタイン,基礎形,DPE-JP Learnsets.c＋ベガ既存表（既存種）,現代化重点監査,両刀・可変,アクアジェット / みずのはどう / つばさでうつ / かぜおこし,安定したタイプ一致技をLv7～15、二段目をLv20～28に配置。進化前限定の補助技は思い出し対象に残す。,DPE表を土台に、進化前へ過剰な終盤技がある場合は後期へ移動。広範囲高火力サブウェポンはレベル技ではなくTM／教え技に限定。,アクアブレイク / アクロバット,クイックターン / おいかぜ,アクアリング / はねやすめ,専用技がある系統は進化時／Lv1思い出しに固定。戦闘専用フォームは基礎形の習得表を共有。,通常。高威力技はLv45以降、強力な積み技はLv50以降。,最低1つの命中90以上STABを維持し、自爆・テレポート・反動大技だけの直近4技を禁止。高レベル基礎種は中威力技を再挿入。,未収録・追加対象,B-,最終統合ROMから現行表を抽出後、同名技の重複・ID衝突・取得時期を機械差分で確定する。
459,ユキカブリ,snover,4,くさ／こおり,ユキカブリ → ユキノオー,基礎形,DPE-JP Learnsets.c＋ベガ既存表（既存種）,ベガ既存表保護＋選択的現代化,特殊寄り,メガドレイン / やどりぎのタネ / こごえるかぜ / ゆきげしき,安定したタイプ一致技をLv7～15、二段目をLv20～28に配置。進化前限定の補助技は思い出し対象に残す。,ベガ既存の独自技・攻略導線を保持。無関係な高火力サブウェポン、NPC専用の違法技、早期の積み技だけをTM／教え技へ移す。,くさむすび / アイススピナー,グラススライダー / トリプルアクセル,こうごうせい / オーロラベール,専用技がある系統は進化時／Lv1思い出しに固定。戦闘専用フォームは基礎形の習得表を共有。,通常。高威力技はLv45以降、強力な積み技はLv50以降。,最低1つの命中90以上STABを維持し、自爆・テレポート・反動大技だけの直近4技を禁止。高レベル基礎種は中威力技を再挿入。,既存（トーホク図鑑085）,B-,最終統合ROMから現行表を抽出後、同名技の重複・ID衝突・取得時期を機械差分で確定する。
460,ユキノオー,abomasnow,4,くさ／こおり,ユキカブリ → ユキノオー,進化先／最終形,DPE-JP Learnsets.c＋ベガ既存表（既存種）,ベガ既存表保護＋選択的現代化,特殊アタッカー,エナジーボール / やどりぎのタネ / ふぶき / ゆきげしき,進化時に役割技を1つ提示。主力STABはLv36～50、反動・積み・専用大技はLv50～65またはLv1思い出し。,ベガ既存の独自技・攻略導線を保持。無関係な高火力サブウェポン、NPC専用の違法技、早期の積み技だけをTM／教え技へ移す。,くさむすび / アイススピナー,グラススライダー / トリプルアクセル,こうごうせい / オーロラベール,専用技がある系統は進化時／Lv1思い出しに固定。戦闘専用フォームは基礎形の習得表を共有。,通常。高威力技はLv45以降、強力な積み技はLv50以降。,最低1つの命中90以上STABを維持し、自爆・テレポート・反動大技だけの直近4技を禁止。高レベル基礎種は中威力技を再挿入。,既存（トーホク図鑑086）,B,最終統合ROMから現行表を抽出後、同名技の重複・ID衝突・取得時期を機械差分で確定する。
461,マニューラ,weavile,4,あく／こおり,ニューラ → マニューラ → オオニューラ,中間進化,DPE-JP Learnsets.c＋ベガ既存表（既存種）,ベガ既存表保護＋選択的現代化,物理アタッカー,つじぎり / ちょうはつ / アイススピナー / ゆきげしき,中威力STABをLv22～35、役割補助技を進化時またはLv30前後に配置。最終大技は先送り。,ベガ既存の独自技・攻略導線を保持。無関係な高火力サブウェポン、NPC専用の違法技、早期の積み技だけをTM／教え技へ移す。,バークアウト / アイススピナー,はたきおとす / トリプルアクセル,わるだくみ / オーロラベール,専用技がある系統は進化時／Lv1思い出しに固定。戦闘専用フォームは基礎形の習得表を共有。,通常。高威力技はLv45以降、強力な積み技はLv50以降。,最低1つの命中90以上STABを維持し、自爆・テレポート・反動大技だけの直近4技を禁止。高レベル基礎種は中威力技を再挿入。,既存（トーホク図鑑248）,B,最終統合ROMから現行表を抽出後、同名技の重複・ID衝突・取得時期を機械差分で確定する。
462,ジバコイル,magnezone,4,でんき／はがね,コイル → レアコイル → ジバコイル,進化先／最終形,DPE-JP Learnsets.c＋ベガ既存表（既存種）,ベガ既存表保護＋選択的現代化,特殊アタッカー,かみなり / でんじは / てっていこうせん / てっぺき,進化時に役割技を1つ提示。主力STABはLv36～50、反動・積み・専用大技はLv50～65またはLv1思い出し。,ベガ既存の独自技・攻略導線を保持。無関係な高火力サブウェポン、NPC専用の違法技、早期の積み技だけをTM／教え技へ移す。,ボルトチェンジ / ラスターカノン,エレキネット / アイアンヘッド,じゅうでん / ボディプレス,専用技がある系統は進化時／Lv1思い出しに固定。戦闘専用フォームは基礎形の習得表を共有。,8バッジ以降の鋼タイプ教え技,最低1つの命中90以上STABを維持し、自爆・テレポート・反動大技だけの直近4技を禁止。高レベル基礎種は中威力技を再挿入。,既存（トーホク図鑑060）,B,最終統合ROMから現行表を抽出後、同名技の重複・ID衝突・取得時期を機械差分で確定する。
463,ベロベルト,lickilicky,4,ノーマル,ベロリンガ → ベロベルト,進化先／最終形,DPE-JP Learnsets.c＋ベガ既存表（既存種）,ベガ既存表保護＋選択的現代化,物理寄り,すてみタックル / アンコール,進化時に役割技を1つ提示。主力STABはLv36～50、反動・積み・専用大技はLv50～65またはLv1思い出し。,ベガ既存の独自技・攻略導線を保持。無関係な高火力サブウェポン、NPC専用の違法技、早期の積み技だけをTM／教え技へ移す。,まもる,てだすけ,あくび,専用技がある系統は進化時／Lv1思い出しに固定。戦闘専用フォームは基礎形の習得表を共有。,通常。高威力技はLv45以降、強力な積み技はLv50以降。,最低1つの命中90以上STABを維持し、自爆・テレポート・反動大技だけの直近4技を禁止。高レベル基礎種は中威力技を再挿入。,既存（トーホク図鑑271）,A,最終統合ROMから現行表を抽出後、同名技の重複・ID衝突・取得時期を機械差分で確定する。
464,ドサイドン,rhyperior,4,じめん／いわ,サイホーン → サイドン → ドサイドン,進化先／最終形,DPE-JP Learnsets.c＋ベガ既存表（既存種）,ベガ既存表保護＋選択的現代化,物理アタッカー,じしん / すなあらし / ストーンエッジ / ステルスロック,進化時に役割技を1つ提示。主力STABはLv36～50、反動・積み・専用大技はLv50～65またはLv1思い出し。,ベガ既存の独自技・攻略導線を保持。無関係な高火力サブウェポン、NPC専用の違法技、早期の積み技だけをTM／教え技へ移す。,じならし / ステルスロック,ねっさのだいち / メテオビーム,まきびし / すなあらし,専用技がある系統は進化時／Lv1思い出しに固定。戦闘専用フォームは基礎形の習得表を共有。,通常。高威力技はLv45以降、強力な積み技はLv50以降。,最低1つの命中90以上STABを維持し、自爆・テレポート・反動大技だけの直近4技を禁止。高レベル基礎種は中威力技を再挿入。,既存（トーホク図鑑073）,B,最終統合ROMから現行表を抽出後、同名技の重複・ID衝突・取得時期を機械差分で確定する。
465,モジャンボ,tangrowth,4,くさ,モンジャラ → モジャンボ,進化先／最終形,DPE-JP Learnsets.c＋ベガ既存表（既存種）,現代化重点監査,特殊アタッカー,エナジーボール / やどりぎのタネ,進化時に役割技を1つ提示。主力STABはLv36～50、反動・積み・専用大技はLv50～65またはLv1思い出し。,DPE表を土台に、進化前へ過剰な終盤技がある場合は後期へ移動。広範囲高火力サブウェポンはレベル技ではなくTM／教え技に限定。,くさむすび,グラススライダー,こうごうせい,専用技がある系統は進化時／Lv1思い出しに固定。戦闘専用フォームは基礎形の習得表を共有。,通常。高威力技はLv45以降、強力な積み技はLv50以降。,最低1つの命中90以上STABを維持し、自爆・テレポート・反動大技だけの直近4技を禁止。高レベル基礎種は中威力技を再挿入。,未収録・追加対象,B,最終統合ROMから現行表を抽出後、同名技の重複・ID衝突・取得時期を機械差分で確定する。
466,エレキブル,electivire,4,でんき,エレキッド → エレブー → エレキブル,進化先／最終形,DPE-JP Learnsets.c＋ベガ既存表（既存種）,ベガ既存表保護＋選択的現代化,両刀・可変,かみなりパンチ / 10まんボルト / でんじは,進化時に役割技を1つ提示。主力STABはLv36～50、反動・積み・専用大技はLv50～65またはLv1思い出し。,ベガ既存の独自技・攻略導線を保持。無関係な高火力サブウェポン、NPC専用の違法技、早期の積み技だけをTM／教え技へ移す。,ボルトチェンジ,エレキネット,じゅうでん,専用技がある系統は進化時／Lv1思い出しに固定。戦闘専用フォームは基礎形の習得表を共有。,通常。高威力技はLv45以降、強力な積み技はLv50以降。,最低1つの命中90以上STABを維持し、自爆・テレポート・反動大技だけの直近4技を禁止。高レベル基礎種は中威力技を再挿入。,既存（トーホク図鑑114）,B,最終統合ROMから現行表を抽出後、同名技の重複・ID衝突・取得時期を機械差分で確定する。
467,ブーバーン,magmortar,4,ほのお,ブビィ → ブーバー → ブーバーン,進化先／最終形,DPE-JP Learnsets.c＋ベガ既存表（既存種）,ベガ既存表保護＋選択的現代化,両刀・可変,ニトロチャージ / かえんほうしゃ / おにび,進化時に役割技を1つ提示。主力STABはLv36～50、反動・積み・専用大技はLv50～65またはLv1思い出し。,ベガ既存の独自技・攻略導線を保持。無関係な高火力サブウェポン、NPC専用の違法技、早期の積み技だけをTM／教え技へ移す。,かえんほうしゃ,ねっぷう,にほんばれ,専用技がある系統は進化時／Lv1思い出しに固定。戦闘専用フォームは基礎形の習得表を共有。,通常。高威力技はLv45以降、強力な積み技はLv50以降。,最低1つの命中90以上STABを維持し、自爆・テレポート・反動大技だけの直近4技を禁止。高レベル基礎種は中威力技を再挿入。,既存（トーホク図鑑117）,B,最終統合ROMから現行表を抽出後、同名技の重複・ID衝突・取得時期を機械差分で確定する。
468,トゲキッス,togekiss,4,フェアリー／ひこう,トゲピー → トゲチック → トゲキッス,進化先／最終形,DPE-JP Learnsets.c＋ベガ既存表（既存種）,ベガ既存表保護＋選択的現代化,特殊アタッカー,ムーンフォース / あまえる / ぼうふう / おいかぜ,進化時に役割技を1つ提示。主力STABはLv36～50、反動・積み・専用大技はLv50～65またはLv1思い出し。,ベガ既存の独自技・攻略導線を保持。無関係な高火力サブウェポン、NPC専用の違法技、早期の積み技だけをTM／教え技へ移す。,マジカルシャイン / アクロバット,ミストバースト / おいかぜ,ミストフィールド / はねやすめ,専用技がある系統は進化時／Lv1思い出しに固定。戦闘専用フォームは基礎形の習得表を共有。,通常。高威力技はLv45以降、強力な積み技はLv50以降。,最低1つの命中90以上STABを維持し、自爆・テレポート・反動大技だけの直近4技を禁止。高レベル基礎種は中威力技を再挿入。,既存（トーホク図鑑020）,B,最終統合ROMから現行表を抽出後、同名技の重複・ID衝突・取得時期を機械差分で確定する。
469,メガヤンマ,yanmega,4,むし／ひこう,ヤンヤンマ → メガヤンマ,進化先／最終形,DPE-JP Learnsets.c＋ベガ既存表（既存種）,現代化重点監査,特殊アタッカー,かふんだんご / ねばねばネット / ぼうふう / おいかぜ,進化時に役割技を1つ提示。主力STABはLv36～50、反動・積み・専用大技はLv50～65またはLv1思い出し。,DPE表を土台に、進化前へ過剰な終盤技がある場合は後期へ移動。広範囲高火力サブウェポンはレベル技ではなくTM／教え技に限定。,とんぼがえり / アクロバット,むしくい / おいかぜ,いとをはく / はねやすめ,専用技がある系統は進化時／Lv1思い出しに固定。戦闘専用フォームは基礎形の習得表を共有。,通常。高威力技はLv45以降、強力な積み技はLv50以降。,最低1つの命中90以上STABを維持し、自爆・テレポート・反動大技だけの直近4技を禁止。高レベル基礎種は中威力技を再挿入。,未収録・追加対象,B,最終統合ROMから現行表を抽出後、同名技の重複・ID衝突・取得時期を機械差分で確定する。
470,リーフィア,leafeon,4,くさ,イーブイ → シャワーズ → サンダース → ブースター → エーフィ → ブラッキー → リーフィア → グレイシア → ニンフィア,進化先／最終形,DPE-JP Learnsets.c＋ベガ既存表（既存種）,現代化重点監査,特殊寄り,エナジーボール / やどりぎのタネ,進化時に役割技を1つ提示。主力STABはLv36～50、反動・積み・専用大技はLv50～65またはLv1思い出し。,DPE表を土台に、進化前へ過剰な終盤技がある場合は後期へ移動。広範囲高火力サブウェポンはレベル技ではなくTM／教え技に限定。,くさむすび,グラススライダー,こうごうせい,専用技がある系統は進化時／Lv1思い出しに固定。戦闘専用フォームは基礎形の習得表を共有。,通常。高威力技はLv45以降、強力な積み技はLv50以降。,最低1つの命中90以上STABを維持し、自爆・テレポート・反動大技だけの直近4技を禁止。高レベル基礎種は中威力技を再挿入。,未収録・追加対象,B,最終統合ROMから現行表を抽出後、同名技の重複・ID衝突・取得時期を機械差分で確定する。
471,グレイシア,glaceon,4,こおり,イーブイ → シャワーズ → サンダース → ブースター → エーフィ → ブラッキー → リーフィア → グレイシア → ニンフィア,進化先／最終形,DPE-JP Learnsets.c＋ベガ既存表（既存種）,現代化重点監査,特殊アタッカー,ふぶき / ゆきげしき,進化時に役割技を1つ提示。主力STABはLv36～50、反動・積み・専用大技はLv50～65またはLv1思い出し。,DPE表を土台に、進化前へ過剰な終盤技がある場合は後期へ移動。広範囲高火力サブウェポンはレベル技ではなくTM／教え技に限定。,アイススピナー,トリプルアクセル,オーロラベール,専用技がある系統は進化時／Lv1思い出しに固定。戦闘専用フォームは基礎形の習得表を共有。,通常。高威力技はLv45以降、強力な積み技はLv50以降。,最低1つの命中90以上STABを維持し、自爆・テレポート・反動大技だけの直近4技を禁止。高レベル基礎種は中威力技を再挿入。,未収録・追加対象,B,最終統合ROMから現行表を抽出後、同名技の重複・ID衝突・取得時期を機械差分で確定する。
472,グライオン,gliscor,4,じめん／ひこう,グライガー → グライオン,進化先／最終形,DPE-JP Learnsets.c＋ベガ既存表（既存種）,現代化重点監査,物理寄り,じしん / すなあらし / ブレイブバード / おいかぜ,進化時に役割技を1つ提示。主力STABはLv36～50、反動・積み・専用大技はLv50～65またはLv1思い出し。,DPE表を土台に、進化前へ過剰な終盤技がある場合は後期へ移動。広範囲高火力サブウェポンはレベル技ではなくTM／教え技に限定。,じならし / アクロバット,ねっさのだいち / おいかぜ,まきびし / はねやすめ,専用技がある系統は進化時／Lv1思い出しに固定。戦闘専用フォームは基礎形の習得表を共有。,通常。高威力技はLv45以降、強力な積み技はLv50以降。,最低1つの命中90以上STABを維持し、自爆・テレポート・反動大技だけの直近4技を禁止。高レベル基礎種は中威力技を再挿入。,未収録・追加対象,B,最終統合ROMから現行表を抽出後、同名技の重複・ID衝突・取得時期を機械差分で確定する。
473,マンムー,mamoswine,4,こおり／じめん,ウリムー → イノムー → マンムー,進化先／最終形,DPE-JP Learnsets.c＋ベガ既存表（既存種）,ベガ既存表保護＋選択的現代化,両刀・可変,アイススピナー / れいとうビーム / ゆきげしき / じならし,進化時に役割技を1つ提示。主力STABはLv36～50、反動・積み・専用大技はLv50～65またはLv1思い出し。,ベガ既存の独自技・攻略導線を保持。無関係な高火力サブウェポン、NPC専用の違法技、早期の積み技だけをTM／教え技へ移す。,アイススピナー / じならし,トリプルアクセル / ねっさのだいち,オーロラベール / まきびし,専用技がある系統は進化時／Lv1思い出しに固定。戦闘専用フォームは基礎形の習得表を共有。,通常。高威力技はLv45以降、強力な積み技はLv50以降。,最低1つの命中90以上STABを維持し、自爆・テレポート・反動大技だけの直近4技を禁止。高レベル基礎種は中威力技を再挿入。,既存（トーホク図鑑325）,B,最終統合ROMから現行表を抽出後、同名技の重複・ID衝突・取得時期を機械差分で確定する。
474,ポリゴンＺ,porygon-z,4,ノーマル,ポリゴン → ポリゴン２ → ポリゴンＺ,進化先／最終形,DPE-JP Learnsets.c＋ベガ既存表（既存種）,ベガ既存表保護＋選択的現代化,特殊アタッカー,ばくおんぱ（音系のみ） / アンコール,進化時に役割技を1つ提示。主力STABはLv36～50、反動・積み・専用大技はLv50～65またはLv1思い出し。,ベガ既存の独自技・攻略導線を保持。無関係な高火力サブウェポン、NPC専用の違法技、早期の積み技だけをTM／教え技へ移す。,まもる,てだすけ,あくび,専用技がある系統は進化時／Lv1思い出しに固定。戦闘専用フォームは基礎形の習得表を共有。,通常。高威力技はLv45以降、強力な積み技はLv50以降。,最低1つの命中90以上STABを維持し、自爆・テレポート・反動大技だけの直近4技を禁止。高レベル基礎種は中威力技を再挿入。,既存（トーホク図鑑077）,B,最終統合ROMから現行表を抽出後、同名技の重複・ID衝突・取得時期を機械差分で確定する。
475,エルレイド,gallade,4,エスパー／かくとう,ラルトス → キルリア → サーナイト → エルレイド,進化先／最終形,DPE-JP Learnsets.c＋ベガ既存表（既存種）,ベガ既存表保護＋選択的現代化,物理アタッカー,サイコファング / めいそう / インファイト / ビルドアップ,進化時に役割技を1つ提示。主力STABはLv36～50、反動・積み・専用大技はLv50～65またはLv1思い出し。,ベガ既存の独自技・攻略導線を保持。無関係な高火力サブウェポン、NPC専用の違法技、早期の積み技だけをTM／教え技へ移す。,サイコショック / ドレインパンチ,トリック / コーチング,ひかりのかべ / みきり,専用技がある系統は進化時／Lv1思い出しに固定。戦闘専用フォームは基礎形の習得表を共有。,通常。高威力技はLv45以降、強力な積み技はLv50以降。,最低1つの命中90以上STABを維持し、自爆・テレポート・反動大技だけの直近4技を禁止。高レベル基礎種は中威力技を再挿入。,既存（トーホク図鑑303）,B,最終統合ROMから現行表を抽出後、同名技の重複・ID衝突・取得時期を機械差分で確定する。
476,ダイノーズ,probopass,4,いわ／はがね,ノズパス → ダイノーズ,進化先／最終形,DPE-JP Learnsets.c＋ベガ既存表（既存種）,現代化重点監査,特殊アタッカー,メテオビーム / ステルスロック / てっていこうせん / てっぺき,進化時に役割技を1つ提示。主力STABはLv36～50、反動・積み・専用大技はLv50～65またはLv1思い出し。,DPE表を土台に、進化前へ過剰な終盤技がある場合は後期へ移動。広範囲高火力サブウェポンはレベル技ではなくTM／教え技に限定。,ステルスロック / ラスターカノン,メテオビーム / アイアンヘッド,すなあらし / ボディプレス,専用技がある系統は進化時／Lv1思い出しに固定。戦闘専用フォームは基礎形の習得表を共有。,殿堂入り後教え技。パワフルハーブとの組合せを施設で検証,最低1つの命中90以上STABを維持し、自爆・テレポート・反動大技だけの直近4技を禁止。高レベル基礎種は中威力技を再挿入。,未収録・追加対象,B,最終統合ROMから現行表を抽出後、同名技の重複・ID衝突・取得時期を機械差分で確定する。
477,ヨノワール,dusknoir,4,ゴースト,ヨマワル → サマヨール → ヨノワール,進化先／最終形,DPE-JP Learnsets.c＋ベガ既存表（既存種）,ベガ既存表保護＋選択的現代化,物理アタッカー,ポルターガイスト / おにび,進化時に役割技を1つ提示。主力STABはLv36～50、反動・積み・専用大技はLv50～65またはLv1思い出し。,ベガ既存の独自技・攻略導線を保持。無関係な高火力サブウェポン、NPC専用の違法技、早期の積み技だけをTM／教え技へ移す。,シャドークロー,ポルターガイスト,みちづれ,専用技がある系統は進化時／Lv1思い出しに固定。戦闘専用フォームは基礎形の習得表を共有。,殿堂入り後教え技。相手が持ち物なしの場合の失敗処理を現代仕様にする,最低1つの命中90以上STABを維持し、自爆・テレポート・反動大技だけの直近4技を禁止。高レベル基礎種は中威力技を再挿入。,既存（トーホク図鑑269）,B,最終統合ROMから現行表を抽出後、同名技の重複・ID衝突・取得時期を機械差分で確定する。
478,ユキメノコ,froslass,4,こおり／ゴースト,ユキワラシ → オニゴーリ → ユキメノコ,進化先／最終形,DPE-JP Learnsets.c＋ベガ既存表（既存種）,現代化重点監査,特殊アタッカー,ふぶき / ゆきげしき / シャドーボール / おにび,進化時に役割技を1つ提示。主力STABはLv36～50、反動・積み・専用大技はLv50～65またはLv1思い出し。,DPE表を土台に、進化前へ過剰な終盤技がある場合は後期へ移動。広範囲高火力サブウェポンはレベル技ではなくTM／教え技に限定。,アイススピナー / シャドークロー,トリプルアクセル / ポルターガイスト,オーロラベール / みちづれ,専用技がある系統は進化時／Lv1思い出しに固定。戦闘専用フォームは基礎形の習得表を共有。,通常。高威力技はLv45以降、強力な積み技はLv50以降。,最低1つの命中90以上STABを維持し、自爆・テレポート・反動大技だけの直近4技を禁止。高レベル基礎種は中威力技を再挿入。,未収録・追加対象,B,最終統合ROMから現行表を抽出後、同名技の重複・ID衝突・取得時期を機械差分で確定する。
479,ロトム,rotom,4,でんき／ゴースト,ロトム,基礎形,DPE-JP Learnsets.c＋ベガ既存表（既存種）,現代化重点監査,両刀・可変,スパーク / でんきショック / かげうち / おどろかす,安定したタイプ一致技をLv7～15、二段目をLv20～28に配置。進化前限定の補助技は思い出し対象に残す。,DPE表を土台に、進化前へ過剰な終盤技がある場合は後期へ移動。広範囲高火力サブウェポンはレベル技ではなくTM／教え技に限定。,ボルトチェンジ / シャドークロー,エレキネット / ポルターガイスト,じゅうでん / みちづれ,専用技がある系統は進化時／Lv1思い出しに固定。戦闘専用フォームは基礎形の習得表を共有。,通常。高威力技はLv45以降、強力な積み技はLv50以降。,最低1つの命中90以上STABを維持し、自爆・テレポート・反動大技だけの直近4技を禁止。高レベル基礎種は中威力技を再挿入。,未収録・追加対象,A,最終統合ROMから現行表を抽出後、同名技の重複・ID衝突・取得時期を機械差分で確定する。
480,ユクシー,uxie,4,エスパー,ユクシー,基礎形,DPE-JP Learnsets.c＋ベガ既存表（既存種）,現代化重点監査,耐久・補助,サイコカッター / ねんりき,安定したタイプ一致技をLv7～15、二段目をLv20～28に配置。進化前限定の補助技は思い出し対象に残す。,DPE表を土台に、進化前へ過剰な終盤技がある場合は後期へ移動。広範囲高火力サブウェポンはレベル技ではなくTM／教え技に限定。,サイコショック,トリック,なし（タマゴ未発見／伝説・幻）,専用技がある系統は進化時／Lv1思い出しに固定。戦闘専用フォームは基礎形の習得表を共有。,通常。高威力技はLv45以降、強力な積み技はLv50以降。,最低1つの命中90以上STABを維持し、自爆・テレポート・反動大技だけの直近4技を禁止。高レベル基礎種は中威力技を再挿入。,未収録・追加対象,B-,最終統合ROMから現行表を抽出後、同名技の重複・ID衝突・取得時期を機械差分で確定する。
481,エムリット,mesprit,4,エスパー,エムリット,基礎形,DPE-JP Learnsets.c＋ベガ既存表（既存種）,現代化重点監査,特殊アタッカー,ねんりき / めいそう,安定したタイプ一致技をLv7～15、二段目をLv20～28に配置。進化前限定の補助技は思い出し対象に残す。,DPE表を土台に、進化前へ過剰な終盤技がある場合は後期へ移動。広範囲高火力サブウェポンはレベル技ではなくTM／教え技に限定。,サイコショック,トリック,なし（タマゴ未発見／伝説・幻）,専用技がある系統は進化時／Lv1思い出しに固定。戦闘専用フォームは基礎形の習得表を共有。,通常。高威力技はLv45以降、強力な積み技はLv50以降。,最低1つの命中90以上STABを維持し、自爆・テレポート・反動大技だけの直近4技を禁止。高レベル基礎種は中威力技を再挿入。,未収録・追加対象,B-,最終統合ROMから現行表を抽出後、同名技の重複・ID衝突・取得時期を機械差分で確定する。
482,アグノム,azelf,4,エスパー,アグノム,基礎形,DPE-JP Learnsets.c＋ベガ既存表（既存種）,現代化重点監査,特殊アタッカー,ねんりき / めいそう,安定したタイプ一致技をLv7～15、二段目をLv20～28に配置。進化前限定の補助技は思い出し対象に残す。,DPE表を土台に、進化前へ過剰な終盤技がある場合は後期へ移動。広範囲高火力サブウェポンはレベル技ではなくTM／教え技に限定。,サイコショック,トリック,なし（タマゴ未発見／伝説・幻）,専用技がある系統は進化時／Lv1思い出しに固定。戦闘専用フォームは基礎形の習得表を共有。,通常。高威力技はLv45以降、強力な積み技はLv50以降。,最低1つの命中90以上STABを維持し、自爆・テレポート・反動大技だけの直近4技を禁止。高レベル基礎種は中威力技を再挿入。,未収録・追加対象,B-,最終統合ROMから現行表を抽出後、同名技の重複・ID衝突・取得時期を機械差分で確定する。
483,ディアルガ,dialga,4,はがね／ドラゴン,ディアルガ,基礎形,DPE-JP Learnsets.c＋ベガ既存表（既存種）,ベガ既存表保護＋選択的現代化,特殊アタッカー,ミラーショット / てっぺき / りゅうのいぶき / りゅうのまい,安定したタイプ一致技をLv7～15、二段目をLv20～28に配置。進化前限定の補助技は思い出し対象に残す。,ベガ既存の独自技・攻略導線を保持。無関係な高火力サブウェポン、NPC専用の違法技、早期の積み技だけをTM／教え技へ移す。,ラスターカノン / ワイドブレイカー,アイアンヘッド / りゅうせいぐん,なし（タマゴ未発見／伝説・幻）,ときのほうこうを進化時／Lv1思い出しに登録。通常のTM・汎用教え技にはしない。,最終進化Lv50以上。600族はLv55以上,最低1つの命中90以上STABを維持し、自爆・テレポート・反動大技だけの直近4技を禁止。高レベル基礎種は中威力技を再挿入。,既存（トーホク図鑑145）,A,最終統合ROMから現行表を抽出後、同名技の重複・ID衝突・取得時期を機械差分で確定する。
484,パルキア,palkia,4,みず／ドラゴン,パルキア,基礎形,DPE-JP Learnsets.c＋ベガ既存表（既存種）,ベガ既存表保護＋選択的現代化,特殊アタッカー,みずのはどう / あまごい / りゅうのいぶき / りゅうのまい,安定したタイプ一致技をLv7～15、二段目をLv20～28に配置。進化前限定の補助技は思い出し対象に残す。,ベガ既存の独自技・攻略導線を保持。無関係な高火力サブウェポン、NPC専用の違法技、早期の積み技だけをTM／教え技へ移す。,アクアブレイク / ワイドブレイカー,クイックターン / りゅうせいぐん,なし（タマゴ未発見／伝説・幻）,あくうせつだんを進化時／Lv1思い出しに登録。通常のTM・汎用教え技にはしない。,最終進化Lv50以上。600族はLv55以上,最低1つの命中90以上STABを維持し、自爆・テレポート・反動大技だけの直近4技を禁止。高レベル基礎種は中威力技を再挿入。,既存（トーホク図鑑146）,A,最終統合ROMから現行表を抽出後、同名技の重複・ID衝突・取得時期を機械差分で確定する。
485,ヒードラン,heatran,4,ほのお／はがね,ヒードラン,基礎形,DPE-JP Learnsets.c＋ベガ既存表（既存種）,ベガ既存表保護＋選択的現代化,特殊アタッカー,ひのこ / おにび / ミラーショット / てっぺき,安定したタイプ一致技をLv7～15、二段目をLv20～28に配置。進化前限定の補助技は思い出し対象に残す。,ベガ既存の独自技・攻略導線を保持。無関係な高火力サブウェポン、NPC専用の違法技、早期の積み技だけをTM／教え技へ移す。,かえんほうしゃ / ラスターカノン,ねっぷう / アイアンヘッド,なし（タマゴ未発見／伝説・幻）,専用技がある系統は進化時／Lv1思い出しに固定。戦闘専用フォームは基礎形の習得表を共有。,通常。高威力技はLv45以降、強力な積み技はLv50以降。,最低1つの命中90以上STABを維持し、自爆・テレポート・反動大技だけの直近4技を禁止。高レベル基礎種は中威力技を再挿入。,既存（トーホク図鑑379）,B-,最終統合ROMから現行表を抽出後、同名技の重複・ID衝突・取得時期を機械差分で確定する。
486,レジギガス,regigigas,4,ノーマル,レジギガス,基礎形,DPE-JP Learnsets.c＋ベガ既存表（既存種）,現代化重点監査,物理寄り,ずつき / アンコール,安定したタイプ一致技をLv7～15、二段目をLv20～28に配置。進化前限定の補助技は思い出し対象に残す。,DPE表を土台に、進化前へ過剰な終盤技がある場合は後期へ移動。広範囲高火力サブウェポンはレベル技ではなくTM／教え技に限定。,まもる,てだすけ,なし（タマゴ未発見／伝説・幻）,専用技がある系統は進化時／Lv1思い出しに固定。戦闘専用フォームは基礎形の習得表を共有。,通常。高威力技はLv45以降、強力な積み技はLv50以降。,最低1つの命中90以上STABを維持し、自爆・テレポート・反動大技だけの直近4技を禁止。高レベル基礎種は中威力技を再挿入。,未収録・追加対象,B-,最終統合ROMから現行表を抽出後、同名技の重複・ID衝突・取得時期を機械差分で確定する。
487,ギラティナ,giratina,4,ゴースト／ドラゴン,ギラティナ,基礎形,DPE-JP Learnsets.c＋ベガ既存表（既存種）,現代化重点監査,特殊アタッカー,おどろかす / おにび / りゅうのいぶき / りゅうのまい,安定したタイプ一致技をLv7～15、二段目をLv20～28に配置。進化前限定の補助技は思い出し対象に残す。,DPE表を土台に、進化前へ過剰な終盤技がある場合は後期へ移動。広範囲高火力サブウェポンはレベル技ではなくTM／教え技に限定。,シャドークロー / ワイドブレイカー,ポルターガイスト / りゅうせいぐん,なし（タマゴ未発見／伝説・幻）,シャドーダイブを進化時／Lv1思い出しに登録。通常のTM・汎用教え技にはしない。,最終進化Lv50以上。600族はLv55以上,最低1つの命中90以上STABを維持し、自爆・テレポート・反動大技だけの直近4技を禁止。高レベル基礎種は中威力技を再挿入。,未収録・追加対象,A,最終統合ROMから現行表を抽出後、同名技の重複・ID衝突・取得時期を機械差分で確定する。
488,クレセリア,cresselia,4,エスパー,クレセリア,基礎形,DPE-JP Learnsets.c＋ベガ既存表（既存種）,現代化重点監査,耐久・補助,サイコカッター / ねんりき,安定したタイプ一致技をLv7～15、二段目をLv20～28に配置。進化前限定の補助技は思い出し対象に残す。,DPE表を土台に、進化前へ過剰な終盤技がある場合は後期へ移動。広範囲高火力サブウェポンはレベル技ではなくTM／教え技に限定。,サイコショック,トリック,なし（タマゴ未発見／伝説・幻）,専用技がある系統は進化時／Lv1思い出しに固定。戦闘専用フォームは基礎形の習得表を共有。,通常。高威力技はLv45以降、強力な積み技はLv50以降。,最低1つの命中90以上STABを維持し、自爆・テレポート・反動大技だけの直近4技を禁止。高レベル基礎種は中威力技を再挿入。,未収録・追加対象,B-,最終統合ROMから現行表を抽出後、同名技の重複・ID衝突・取得時期を機械差分で確定する。
489,フィオネ,phione,4,みず,フィオネ → マナフィ,基礎形,DPE-JP Learnsets.c＋ベガ既存表（既存種）,ベガ既存表保護＋選択的現代化,両刀・可変,アクアジェット / みずのはどう,安定したタイプ一致技をLv7～15、二段目をLv20～28に配置。進化前限定の補助技は思い出し対象に残す。,ベガ既存の独自技・攻略導線を保持。無関係な高火力サブウェポン、NPC専用の違法技、早期の積み技だけをTM／教え技へ移す。,アクアブレイク,クイックターン,なし（タマゴ未発見／伝説・幻）,専用技がある系統は進化時／Lv1思い出しに固定。戦闘専用フォームは基礎形の習得表を共有。,通常。高威力技はLv45以降、強力な積み技はLv50以降。,最低1つの命中90以上STABを維持し、自爆・テレポート・反動大技だけの直近4技を禁止。高レベル基礎種は中威力技を再挿入。,既存（トーホク図鑑382）,B-,最終統合ROMから現行表を抽出後、同名技の重複・ID衝突・取得時期を機械差分で確定する。
490,マナフィ,manaphy,4,みず,フィオネ → マナフィ,進化先／最終形,DPE-JP Learnsets.c＋ベガ既存表（既存種）,ベガ既存表保護＋選択的現代化,特殊アタッカー,ハイドロポンプ / あまごい,進化時に役割技を1つ提示。主力STABはLv36～50、反動・積み・専用大技はLv50～65またはLv1思い出し。,ベガ既存の独自技・攻略導線を保持。無関係な高火力サブウェポン、NPC専用の違法技、早期の積み技だけをTM／教え技へ移す。,アクアブレイク,クイックターン,なし（タマゴ未発見／伝説・幻）,専用技がある系統は進化時／Lv1思い出しに固定。戦闘専用フォームは基礎形の習得表を共有。,通常。高威力技はLv45以降、強力な積み技はLv50以降。,最低1つの命中90以上STABを維持し、自爆・テレポート・反動大技だけの直近4技を禁止。高レベル基礎種は中威力技を再挿入。,既存（トーホク図鑑383）,B,最終統合ROMから現行表を抽出後、同名技の重複・ID衝突・取得時期を機械差分で確定する。
491,ダークライ,darkrai,4,あく,ダークライ,基礎形,DPE-JP Learnsets.c＋ベガ既存表（既存種）,ベガ既存表保護＋選択的現代化,特殊アタッカー,バークアウト / ちょうはつ,安定したタイプ一致技をLv7～15、二段目をLv20～28に配置。進化前限定の補助技は思い出し対象に残す。,ベガ既存の独自技・攻略導線を保持。無関係な高火力サブウェポン、NPC専用の違法技、早期の積み技だけをTM／教え技へ移す。,バークアウト,はたきおとす,なし（タマゴ未発見／伝説・幻）,専用技がある系統は進化時／Lv1思い出しに固定。戦闘専用フォームは基礎形の習得表を共有。,通常。高威力技はLv45以降、強力な積み技はLv50以降。,最低1つの命中90以上STABを維持し、自爆・テレポート・反動大技だけの直近4技を禁止。高レベル基礎種は中威力技を再挿入。,既存（トーホク図鑑147）,B-,最終統合ROMから現行表を抽出後、同名技の重複・ID衝突・取得時期を機械差分で確定する。
492,シェイミ,shaymin,4,くさ,シェイミ,基礎形,DPE-JP Learnsets.c＋ベガ既存表（既存種）,現代化重点監査,特殊アタッカー,メガドレイン / やどりぎのタネ,安定したタイプ一致技をLv7～15、二段目をLv20～28に配置。進化前限定の補助技は思い出し対象に残す。,DPE表を土台に、進化前へ過剰な終盤技がある場合は後期へ移動。広範囲高火力サブウェポンはレベル技ではなくTM／教え技に限定。,くさむすび,グラススライダー,なし（タマゴ未発見／伝説・幻）,専用技がある系統は進化時／Lv1思い出しに固定。戦闘専用フォームは基礎形の習得表を共有。,通常。高威力技はLv45以降、強力な積み技はLv50以降。,最低1つの命中90以上STABを維持し、自爆・テレポート・反動大技だけの直近4技を禁止。高レベル基礎種は中威力技を再挿入。,未収録・追加対象,B-,最終統合ROMから現行表を抽出後、同名技の重複・ID衝突・取得時期を機械差分で確定する。
493,アルセウス,arceus,4,ノーマル,アルセウス,基礎形,DPE-JP Learnsets.c＋ベガ既存表（既存種）,現代化重点監査,特殊アタッカー,スピードスター / アンコール,安定したタイプ一致技をLv7～15、二段目をLv20～28に配置。進化前限定の補助技は思い出し対象に残す。,DPE表を土台に、進化前へ過剰な終盤技がある場合は後期へ移動。広範囲高火力サブウェポンはレベル技ではなくTM／教え技に限定。,まもる,てだすけ,なし（タマゴ未発見／伝説・幻）,専用技がある系統は進化時／Lv1思い出しに固定。戦闘専用フォームは基礎形の習得表を共有。,通常。高威力技はLv45以降、強力な積み技はLv50以降。,最低1つの命中90以上STABを維持し、自爆・テレポート・反動大技だけの直近4技を禁止。高レベル基礎種は中威力技を再挿入。,未収録・追加対象,B-,最終統合ROMから現行表を抽出後、同名技の重複・ID衝突・取得時期を機械差分で確定する。
494,ビクティニ,victini,5,エスパー／ほのお,ビクティニ,基礎形,DPE-JP Learnsets.c＋ベガ既存表（既存種）,現代化重点監査,特殊アタッカー,ねんりき / めいそう / ひのこ / おにび,安定したタイプ一致技をLv7～15、二段目をLv20～28に配置。進化前限定の補助技は思い出し対象に残す。,DPE表を土台に、進化前へ過剰な終盤技がある場合は後期へ移動。広範囲高火力サブウェポンはレベル技ではなくTM／教え技に限定。,サイコショック / かえんほうしゃ,トリック / ねっぷう,なし（タマゴ未発見／伝説・幻）,専用技がある系統は進化時／Lv1思い出しに固定。戦闘専用フォームは基礎形の習得表を共有。,通常。高威力技はLv45以降、強力な積み技はLv50以降。,最低1つの命中90以上STABを維持し、自爆・テレポート・反動大技だけの直近4技を禁止。高レベル基礎種は中威力技を再挿入。,未収録・追加対象,B-,最終統合ROMから現行表を抽出後、同名技の重複・ID衝突・取得時期を機械差分で確定する。
495,ツタージャ,snivy,5,くさ,ツタージャ → ジャノビー → ジャローダ,基礎形,DPE-JP Learnsets.c＋ベガ既存表（既存種）,現代化重点監査,物理アタッカー,はっぱカッター / やどりぎのタネ,安定したタイプ一致技をLv7～15、二段目をLv20～28に配置。進化前限定の補助技は思い出し対象に残す。,DPE表を土台に、進化前へ過剰な終盤技がある場合は後期へ移動。広範囲高火力サブウェポンはレベル技ではなくTM／教え技に限定。,くさむすび,グラススライダー,こうごうせい,専用技がある系統は進化時／Lv1思い出しに固定。戦闘専用フォームは基礎形の習得表を共有。,通常。高威力技はLv45以降、強力な積み技はLv50以降。,最低1つの命中90以上STABを維持し、自爆・テレポート・反動大技だけの直近4技を禁止。高レベル基礎種は中威力技を再挿入。,未収録・追加対象,B-,最終統合ROMから現行表を抽出後、同名技の重複・ID衝突・取得時期を機械差分で確定する。
496,ジャノビー,servine,5,くさ,ツタージャ → ジャノビー → ジャローダ,中間進化,DPE-JP Learnsets.c＋ベガ既存表（既存種）,現代化重点監査,特殊寄り,ギガドレイン / やどりぎのタネ,中威力STABをLv22～35、役割補助技を進化時またはLv30前後に配置。最終大技は先送り。,DPE表を土台に、進化前へ過剰な終盤技がある場合は後期へ移動。広範囲高火力サブウェポンはレベル技ではなくTM／教え技に限定。,くさむすび,グラススライダー,こうごうせい,専用技がある系統は進化時／Lv1思い出しに固定。戦闘専用フォームは基礎形の習得表を共有。,通常。高威力技はLv45以降、強力な積み技はLv50以降。,最低1つの命中90以上STABを維持し、自爆・テレポート・反動大技だけの直近4技を禁止。高レベル基礎種は中威力技を再挿入。,未収録・追加対象,B,最終統合ROMから現行表を抽出後、同名技の重複・ID衝突・取得時期を機械差分で確定する。
497,ジャローダ,serperior,5,くさ,ツタージャ → ジャノビー → ジャローダ,進化先／最終形,DPE-JP Learnsets.c＋ベガ既存表（既存種）,現代化重点監査,物理アタッカー,リーフストーム / リーフブレード / やどりぎのタネ,進化時に役割技を1つ提示。主力STABはLv36～50、反動・積み・専用大技はLv50～65またはLv1思い出し。,DPE表を土台に、進化前へ過剰な終盤技がある場合は後期へ移動。広範囲高火力サブウェポンはレベル技ではなくTM／教え技に限定。,くさむすび,グラススライダー,こうごうせい,リーフストームを進化時／Lv1思い出しに登録。通常のTM・汎用教え技にはしない。,通常。高威力技はLv45以降、強力な積み技はLv50以降。,最低1つの命中90以上STABを維持し、自爆・テレポート・反動大技だけの直近4技を禁止。高レベル基礎種は中威力技を再挿入。,未収録・追加対象,A,最終統合ROMから現行表を抽出後、同名技の重複・ID衝突・取得時期を機械差分で確定する。
498,ポカブ,tepig,5,ほのお,ポカブ → チャオブー → エンブオー,基礎形,DPE-JP Learnsets.c＋ベガ既存表（既存種）,現代化重点監査,特殊寄り,ひのこ / おにび,安定したタイプ一致技をLv7～15、二段目をLv20～28に配置。進化前限定の補助技は思い出し対象に残す。,DPE表を土台に、進化前へ過剰な終盤技がある場合は後期へ移動。広範囲高火力サブウェポンはレベル技ではなくTM／教え技に限定。,かえんほうしゃ,ねっぷう,にほんばれ,専用技がある系統は進化時／Lv1思い出しに固定。戦闘専用フォームは基礎形の習得表を共有。,通常。高威力技はLv45以降、強力な積み技はLv50以降。,最低1つの命中90以上STABを維持し、自爆・テレポート・反動大技だけの直近4技を禁止。高レベル基礎種は中威力技を再挿入。,未収録・追加対象,B-,最終統合ROMから現行表を抽出後、同名技の重複・ID衝突・取得時期を機械差分で確定する。
499,チャオブー,pignite,5,ほのお／かくとう,ポカブ → チャオブー → エンブオー,中間進化,DPE-JP Learnsets.c＋ベガ既存表（既存種）,現代化重点監査,両刀・可変,ニトロチャージ / かえんほうしゃ / かわらわり / はどうだん,中威力STABをLv22～35、役割補助技を進化時またはLv30前後に配置。最終大技は先送り。,DPE表を土台に、進化前へ過剰な終盤技がある場合は後期へ移動。広範囲高火力サブウェポンはレベル技ではなくTM／教え技に限定。,かえんほうしゃ / ドレインパンチ,ねっぷう / コーチング,にほんばれ / みきり,専用技がある系統は進化時／Lv1思い出しに固定。戦闘専用フォームは基礎形の習得表を共有。,通常。高威力技はLv45以降、強力な積み技はLv50以降。,最低1つの命中90以上STABを維持し、自爆・テレポート・反動大技だけの直近4技を禁止。高レベル基礎種は中威力技を再挿入。,未収録・追加対象,B,最終統合ROMから現行表を抽出後、同名技の重複・ID衝突・取得時期を機械差分で確定する。
500,エンブオー,emboar,5,ほのお／かくとう,ポカブ → チャオブー → エンブオー,進化先／最終形,DPE-JP Learnsets.c＋ベガ既存表（既存種）,現代化重点監査,両刀・可変,ヒートスタンプ / ニトロチャージ / かえんほうしゃ / おにび,進化時に役割技を1つ提示。主力STABはLv36～50、反動・積み・専用大技はLv50～65またはLv1思い出し。,DPE表を土台に、進化前へ過剰な終盤技がある場合は後期へ移動。広範囲高火力サブウェポンはレベル技ではなくTM／教え技に限定。,かえんほうしゃ / ドレインパンチ,ねっぷう / コーチング,にほんばれ / みきり,ヒートスタンプを進化時／Lv1思い出しに登録。通常のTM・汎用教え技にはしない。,通常。高威力技はLv45以降、強力な積み技はLv50以降。,最低1つの命中90以上STABを維持し、自爆・テレポート・反動大技だけの直近4技を禁止。高レベル基礎種は中威力技を再挿入。,未収録・追加対象,A,最終統合ROMから現行表を抽出後、同名技の重複・ID衝突・取得時期を機械差分で確定する。
501,ミジュマル,oshawott,5,みず,ミジュマル → フタチマル → ダイケンキ,基礎形,DPE-JP Learnsets.c＋ベガ既存表（既存種）,現代化重点監査,両刀・可変,アクアジェット / みずのはどう,安定したタイプ一致技をLv7～15、二段目をLv20～28に配置。進化前限定の補助技は思い出し対象に残す。,DPE表を土台に、進化前へ過剰な終盤技がある場合は後期へ移動。広範囲高火力サブウェポンはレベル技ではなくTM／教え技に限定。,アクアブレイク,クイックターン,アクアリング,専用技がある系統は進化時／Lv1思い出しに固定。戦闘専用フォームは基礎形の習得表を共有。,通常。高威力技はLv45以降、強力な積み技はLv50以降。,最低1つの命中90以上STABを維持し、自爆・テレポート・反動大技だけの直近4技を禁止。高レベル基礎種は中威力技を再挿入。,未収録・追加対象,B-,最終統合ROMから現行表を抽出後、同名技の重複・ID衝突・取得時期を機械差分で確定する。
502,フタチマル,dewott,5,みず,ミジュマル → フタチマル → ダイケンキ,中間進化,DPE-JP Learnsets.c＋ベガ既存表（既存種）,現代化重点監査,両刀・可変,アクアブレイク / なみのり,中威力STABをLv22～35、役割補助技を進化時またはLv30前後に配置。最終大技は先送り。,DPE表を土台に、進化前へ過剰な終盤技がある場合は後期へ移動。広範囲高火力サブウェポンはレベル技ではなくTM／教え技に限定。,アクアブレイク,クイックターン,アクアリング,専用技がある系統は進化時／Lv1思い出しに固定。戦闘専用フォームは基礎形の習得表を共有。,通常。高威力技はLv45以降、強力な積み技はLv50以降。,最低1つの命中90以上STABを維持し、自爆・テレポート・反動大技だけの直近4技を禁止。高レベル基礎種は中威力技を再挿入。,未収録・追加対象,B,最終統合ROMから現行表を抽出後、同名技の重複・ID衝突・取得時期を機械差分で確定する。
503,ダイケンキ,samurott,5,みず,ミジュマル → フタチマル → ダイケンキ,進化先／最終形,DPE-JP Learnsets.c＋ベガ既存表（既存種）,現代化重点監査,両刀・可変,シェルブレード / アクアブレイク / なみのり / あまごい,進化時に役割技を1つ提示。主力STABはLv36～50、反動・積み・専用大技はLv50～65またはLv1思い出し。,DPE表を土台に、進化前へ過剰な終盤技がある場合は後期へ移動。広範囲高火力サブウェポンはレベル技ではなくTM／教え技に限定。,アクアブレイク,クイックターン,アクアリング,シェルブレードを進化時／Lv1思い出しに登録。通常のTM・汎用教え技にはしない。,通常。高威力技はLv45以降、強力な積み技はLv50以降。,最低1つの命中90以上STABを維持し、自爆・テレポート・反動大技だけの直近4技を禁止。高レベル基礎種は中威力技を再挿入。,未収録・追加対象,A,最終統合ROMから現行表を抽出後、同名技の重複・ID衝突・取得時期を機械差分で確定する。
504,ミネズミ,patrat,5,ノーマル,ミネズミ → ミルホッグ,基礎形,DPE-JP Learnsets.c＋ベガ既存表（既存種）,現代化重点監査,物理寄り,ずつき / アンコール,安定したタイプ一致技をLv7～15、二段目をLv20～28に配置。進化前限定の補助技は思い出し対象に残す。,DPE表を土台に、進化前へ過剰な終盤技がある場合は後期へ移動。広範囲高火力サブウェポンはレベル技ではなくTM／教え技に限定。,まもる,てだすけ,あくび,専用技がある系統は進化時／Lv1思い出しに固定。戦闘専用フォームは基礎形の習得表を共有。,通常。高威力技はLv45以降、強力な積み技はLv50以降。,最低1つの命中90以上STABを維持し、自爆・テレポート・反動大技だけの直近4技を禁止。高レベル基礎種は中威力技を再挿入。,未収録・追加対象,B-,最終統合ROMから現行表を抽出後、同名技の重複・ID衝突・取得時期を機械差分で確定する。
505,ミルホッグ,watchog,5,ノーマル,ミネズミ → ミルホッグ,進化先／最終形,DPE-JP Learnsets.c＋ベガ既存表（既存種）,現代化重点監査,物理寄り,すてみタックル / アンコール,進化時に役割技を1つ提示。主力STABはLv36～50、反動・積み・専用大技はLv50～65またはLv1思い出し。,DPE表を土台に、進化前へ過剰な終盤技がある場合は後期へ移動。広範囲高火力サブウェポンはレベル技ではなくTM／教え技に限定。,まもる,てだすけ,あくび,専用技がある系統は進化時／Lv1思い出しに固定。戦闘専用フォームは基礎形の習得表を共有。,通常。高威力技はLv45以降、強力な積み技はLv50以降。,最低1つの命中90以上STABを維持し、自爆・テレポート・反動大技だけの直近4技を禁止。高レベル基礎種は中威力技を再挿入。,未収録・追加対象,B,最終統合ROMから現行表を抽出後、同名技の重複・ID衝突・取得時期を機械差分で確定する。
506,ヨーテリー,lillipup,5,ノーマル,ヨーテリー → ハーデリア → ムーランド,基礎形,DPE-JP Learnsets.c＋ベガ既存表（既存種）,現代化重点監査,物理寄り,ずつき / アンコール,安定したタイプ一致技をLv7～15、二段目をLv20～28に配置。進化前限定の補助技は思い出し対象に残す。,DPE表を土台に、進化前へ過剰な終盤技がある場合は後期へ移動。広範囲高火力サブウェポンはレベル技ではなくTM／教え技に限定。,まもる,てだすけ,あくび,専用技がある系統は進化時／Lv1思い出しに固定。戦闘専用フォームは基礎形の習得表を共有。,通常。高威力技はLv45以降、強力な積み技はLv50以降。,最低1つの命中90以上STABを維持し、自爆・テレポート・反動大技だけの直近4技を禁止。高レベル基礎種は中威力技を再挿入。,未収録・追加対象,B-,最終統合ROMから現行表を抽出後、同名技の重複・ID衝突・取得時期を機械差分で確定する。
507,ハーデリア,herdier,5,ノーマル,ヨーテリー → ハーデリア → ムーランド,中間進化,DPE-JP Learnsets.c＋ベガ既存表（既存種）,現代化重点監査,物理寄り,のしかかり / アンコール,中威力STABをLv22～35、役割補助技を進化時またはLv30前後に配置。最終大技は先送り。,DPE表を土台に、進化前へ過剰な終盤技がある場合は後期へ移動。広範囲高火力サブウェポンはレベル技ではなくTM／教え技に限定。,まもる,てだすけ,あくび,専用技がある系統は進化時／Lv1思い出しに固定。戦闘専用フォームは基礎形の習得表を共有。,通常。高威力技はLv45以降、強力な積み技はLv50以降。,最低1つの命中90以上STABを維持し、自爆・テレポート・反動大技だけの直近4技を禁止。高レベル基礎種は中威力技を再挿入。,未収録・追加対象,B,最終統合ROMから現行表を抽出後、同名技の重複・ID衝突・取得時期を機械差分で確定する。
508,ムーランド,stoutland,5,ノーマル,ヨーテリー → ハーデリア → ムーランド,進化先／最終形,DPE-JP Learnsets.c＋ベガ既存表（既存種）,現代化重点監査,物理アタッカー,すてみタックル / アンコール,進化時に役割技を1つ提示。主力STABはLv36～50、反動・積み・専用大技はLv50～65またはLv1思い出し。,DPE表を土台に、進化前へ過剰な終盤技がある場合は後期へ移動。広範囲高火力サブウェポンはレベル技ではなくTM／教え技に限定。,まもる,てだすけ,あくび,専用技がある系統は進化時／Lv1思い出しに固定。戦闘専用フォームは基礎形の習得表を共有。,通常。高威力技はLv45以降、強力な積み技はLv50以降。,最低1つの命中90以上STABを維持し、自爆・テレポート・反動大技だけの直近4技を禁止。高レベル基礎種は中威力技を再挿入。,未収録・追加対象,B,最終統合ROMから現行表を抽出後、同名技の重複・ID衝突・取得時期を機械差分で確定する。
509,チョロネコ,purrloin,5,あく,チョロネコ → レパルダス,基礎形,DPE-JP Learnsets.c＋ベガ既存表（既存種）,現代化重点監査,物理寄り,かみつく / ちょうはつ,安定したタイプ一致技をLv7～15、二段目をLv20～28に配置。進化前限定の補助技は思い出し対象に残す。,DPE表を土台に、進化前へ過剰な終盤技がある場合は後期へ移動。広範囲高火力サブウェポンはレベル技ではなくTM／教え技に限定。,バークアウト,はたきおとす,わるだくみ,専用技がある系統は進化時／Lv1思い出しに固定。戦闘専用フォームは基礎形の習得表を共有。,通常。高威力技はLv45以降、強力な積み技はLv50以降。,最低1つの命中90以上STABを維持し、自爆・テレポート・反動大技だけの直近4技を禁止。高レベル基礎種は中威力技を再挿入。,未収録・追加対象,B-,最終統合ROMから現行表を抽出後、同名技の重複・ID衝突・取得時期を機械差分で確定する。
510,レパルダス,liepard,5,あく,チョロネコ → レパルダス,進化先／最終形,DPE-JP Learnsets.c＋ベガ既存表（既存種）,現代化重点監査,物理アタッカー,はたきおとす / ちょうはつ,進化時に役割技を1つ提示。主力STABはLv36～50、反動・積み・専用大技はLv50～65またはLv1思い出し。,DPE表を土台に、進化前へ過剰な終盤技がある場合は後期へ移動。広範囲高火力サブウェポンはレベル技ではなくTM／教え技に限定。,バークアウト,はたきおとす,わるだくみ,専用技がある系統は進化時／Lv1思い出しに固定。戦闘専用フォームは基礎形の習得表を共有。,通常。高威力技はLv45以降、強力な積み技はLv50以降。,最低1つの命中90以上STABを維持し、自爆・テレポート・反動大技だけの直近4技を禁止。高レベル基礎種は中威力技を再挿入。,未収録・追加対象,B,最終統合ROMから現行表を抽出後、同名技の重複・ID衝突・取得時期を機械差分で確定する。
511,ヤナップ,pansage,5,くさ,ヤナップ → ヤナッキー,基礎形,DPE-JP Learnsets.c＋ベガ既存表（既存種）,現代化重点監査,特殊寄り,メガドレイン / やどりぎのタネ,安定したタイプ一致技をLv7～15、二段目をLv20～28に配置。進化前限定の補助技は思い出し対象に残す。,DPE表を土台に、進化前へ過剰な終盤技がある場合は後期へ移動。広範囲高火力サブウェポンはレベル技ではなくTM／教え技に限定。,くさむすび,グラススライダー,こうごうせい,専用技がある系統は進化時／Lv1思い出しに固定。戦闘専用フォームは基礎形の習得表を共有。,通常。高威力技はLv45以降、強力な積み技はLv50以降。,最低1つの命中90以上STABを維持し、自爆・テレポート・反動大技だけの直近4技を禁止。高レベル基礎種は中威力技を再挿入。,未収録・追加対象,B-,最終統合ROMから現行表を抽出後、同名技の重複・ID衝突・取得時期を機械差分で確定する。
512,ヤナッキー,simisage,5,くさ,ヤナップ → ヤナッキー,進化先／最終形,DPE-JP Learnsets.c＋ベガ既存表（既存種）,現代化重点監査,特殊寄り,エナジーボール / やどりぎのタネ,進化時に役割技を1つ提示。主力STABはLv36～50、反動・積み・専用大技はLv50～65またはLv1思い出し。,DPE表を土台に、進化前へ過剰な終盤技がある場合は後期へ移動。広範囲高火力サブウェポンはレベル技ではなくTM／教え技に限定。,くさむすび,グラススライダー,こうごうせい,専用技がある系統は進化時／Lv1思い出しに固定。戦闘専用フォームは基礎形の習得表を共有。,通常。高威力技はLv45以降、強力な積み技はLv50以降。,最低1つの命中90以上STABを維持し、自爆・テレポート・反動大技だけの直近4技を禁止。高レベル基礎種は中威力技を再挿入。,未収録・追加対象,B,最終統合ROMから現行表を抽出後、同名技の重複・ID衝突・取得時期を機械差分で確定する。
513,バオップ,pansear,5,ほのお,バオップ → バオッキー,基礎形,DPE-JP Learnsets.c＋ベガ既存表（既存種）,現代化重点監査,特殊寄り,ひのこ / おにび,安定したタイプ一致技をLv7～15、二段目をLv20～28に配置。進化前限定の補助技は思い出し対象に残す。,DPE表を土台に、進化前へ過剰な終盤技がある場合は後期へ移動。広範囲高火力サブウェポンはレベル技ではなくTM／教え技に限定。,かえんほうしゃ,ねっぷう,にほんばれ,専用技がある系統は進化時／Lv1思い出しに固定。戦闘専用フォームは基礎形の習得表を共有。,通常。高威力技はLv45以降、強力な積み技はLv50以降。,最低1つの命中90以上STABを維持し、自爆・テレポート・反動大技だけの直近4技を禁止。高レベル基礎種は中威力技を再挿入。,未収録・追加対象,B-,最終統合ROMから現行表を抽出後、同名技の重複・ID衝突・取得時期を機械差分で確定する。
514,バオッキー,simisear,5,ほのお,バオップ → バオッキー,進化先／最終形,DPE-JP Learnsets.c＋ベガ既存表（既存種）,現代化重点監査,特殊寄り,だいもんじ / おにび,進化時に役割技を1つ提示。主力STABはLv36～50、反動・積み・専用大技はLv50～65またはLv1思い出し。,DPE表を土台に、進化前へ過剰な終盤技がある場合は後期へ移動。広範囲高火力サブウェポンはレベル技ではなくTM／教え技に限定。,かえんほうしゃ,ねっぷう,にほんばれ,専用技がある系統は進化時／Lv1思い出しに固定。戦闘専用フォームは基礎形の習得表を共有。,通常。高威力技はLv45以降、強力な積み技はLv50以降。,最低1つの命中90以上STABを維持し、自爆・テレポート・反動大技だけの直近4技を禁止。高レベル基礎種は中威力技を再挿入。,未収録・追加対象,B,最終統合ROMから現行表を抽出後、同名技の重複・ID衝突・取得時期を機械差分で確定する。
515,ヒヤップ,panpour,5,みず,ヒヤップ → ヒヤッキー,基礎形,DPE-JP Learnsets.c＋ベガ既存表（既存種）,現代化重点監査,両刀・可変,アクアジェット / みずのはどう,安定したタイプ一致技をLv7～15、二段目をLv20～28に配置。進化前限定の補助技は思い出し対象に残す。,DPE表を土台に、進化前へ過剰な終盤技がある場合は後期へ移動。広範囲高火力サブウェポンはレベル技ではなくTM／教え技に限定。,アクアブレイク,クイックターン,アクアリング,専用技がある系統は進化時／Lv1思い出しに固定。戦闘専用フォームは基礎形の習得表を共有。,通常。高威力技はLv45以降、強力な積み技はLv50以降。,最低1つの命中90以上STABを維持し、自爆・テレポート・反動大技だけの直近4技を禁止。高レベル基礎種は中威力技を再挿入。,未収録・追加対象,B-,最終統合ROMから現行表を抽出後、同名技の重複・ID衝突・取得時期を機械差分で確定する。
516,ヒヤッキー,simipour,5,みず,ヒヤップ → ヒヤッキー,進化先／最終形,DPE-JP Learnsets.c＋ベガ既存表（既存種）,現代化重点監査,両刀・可変,アクアブレイク / なみのり / あまごい,進化時に役割技を1つ提示。主力STABはLv36～50、反動・積み・専用大技はLv50～65またはLv1思い出し。,DPE表を土台に、進化前へ過剰な終盤技がある場合は後期へ移動。広範囲高火力サブウェポンはレベル技ではなくTM／教え技に限定。,アクアブレイク,クイックターン,アクアリング,専用技がある系統は進化時／Lv1思い出しに固定。戦闘専用フォームは基礎形の習得表を共有。,通常。高威力技はLv45以降、強力な積み技はLv50以降。,最低1つの命中90以上STABを維持し、自爆・テレポート・反動大技だけの直近4技を禁止。高レベル基礎種は中威力技を再挿入。,未収録・追加対象,B,最終統合ROMから現行表を抽出後、同名技の重複・ID衝突・取得時期を機械差分で確定する。
517,ムンナ,munna,5,エスパー,ムンナ → ムシャーナ,基礎形,DPE-JP Learnsets.c＋ベガ既存表（既存種）,現代化重点監査,特殊寄り,ねんりき / めいそう,安定したタイプ一致技をLv7～15、二段目をLv20～28に配置。進化前限定の補助技は思い出し対象に残す。,DPE表を土台に、進化前へ過剰な終盤技がある場合は後期へ移動。広範囲高火力サブウェポンはレベル技ではなくTM／教え技に限定。,サイコショック,トリック,ひかりのかべ,専用技がある系統は進化時／Lv1思い出しに固定。戦闘専用フォームは基礎形の習得表を共有。,通常。高威力技はLv45以降、強力な積み技はLv50以降。,最低1つの命中90以上STABを維持し、自爆・テレポート・反動大技だけの直近4技を禁止。高レベル基礎種は中威力技を再挿入。,未収録・追加対象,B-,最終統合ROMから現行表を抽出後、同名技の重複・ID衝突・取得時期を機械差分で確定する。
518,ムシャーナ,musharna,5,エスパー,ムンナ → ムシャーナ,進化先／最終形,DPE-JP Learnsets.c＋ベガ既存表（既存種）,現代化重点監査,特殊アタッカー,サイコショック / めいそう,進化時に役割技を1つ提示。主力STABはLv36～50、反動・積み・専用大技はLv50～65またはLv1思い出し。,DPE表を土台に、進化前へ過剰な終盤技がある場合は後期へ移動。広範囲高火力サブウェポンはレベル技ではなくTM／教え技に限定。,サイコショック,トリック,ひかりのかべ,専用技がある系統は進化時／Lv1思い出しに固定。戦闘専用フォームは基礎形の習得表を共有。,通常。高威力技はLv45以降、強力な積み技はLv50以降。,最低1つの命中90以上STABを維持し、自爆・テレポート・反動大技だけの直近4技を禁止。高レベル基礎種は中威力技を再挿入。,未収録・追加対象,B,最終統合ROMから現行表を抽出後、同名技の重複・ID衝突・取得時期を機械差分で確定する。
519,マメパト,pidove,5,ノーマル／ひこう,マメパト → ハトーボー → ケンホロウ,基礎形,DPE-JP Learnsets.c＋ベガ既存表（既存種）,現代化重点監査,物理寄り,ずつき / アンコール / つばさでうつ / おいかぜ,安定したタイプ一致技をLv7～15、二段目をLv20～28に配置。進化前限定の補助技は思い出し対象に残す。,DPE表を土台に、進化前へ過剰な終盤技がある場合は後期へ移動。広範囲高火力サブウェポンはレベル技ではなくTM／教え技に限定。,まもる / アクロバット,てだすけ / おいかぜ,あくび / はねやすめ,専用技がある系統は進化時／Lv1思い出しに固定。戦闘専用フォームは基礎形の習得表を共有。,通常。高威力技はLv45以降、強力な積み技はLv50以降。,最低1つの命中90以上STABを維持し、自爆・テレポート・反動大技だけの直近4技を禁止。高レベル基礎種は中威力技を再挿入。,未収録・追加対象,B-,最終統合ROMから現行表を抽出後、同名技の重複・ID衝突・取得時期を機械差分で確定する。
520,ハトーボー,tranquill,5,ノーマル／ひこう,マメパト → ハトーボー → ケンホロウ,中間進化,DPE-JP Learnsets.c＋ベガ既存表（既存種）,現代化重点監査,物理寄り,のしかかり / アンコール / ドリルくちばし / おいかぜ,中威力STABをLv22～35、役割補助技を進化時またはLv30前後に配置。最終大技は先送り。,DPE表を土台に、進化前へ過剰な終盤技がある場合は後期へ移動。広範囲高火力サブウェポンはレベル技ではなくTM／教え技に限定。,まもる / アクロバット,てだすけ / おいかぜ,あくび / はねやすめ,専用技がある系統は進化時／Lv1思い出しに固定。戦闘専用フォームは基礎形の習得表を共有。,通常。高威力技はLv45以降、強力な積み技はLv50以降。,最低1つの命中90以上STABを維持し、自爆・テレポート・反動大技だけの直近4技を禁止。高レベル基礎種は中威力技を再挿入。,未収録・追加対象,B,最終統合ROMから現行表を抽出後、同名技の重複・ID衝突・取得時期を機械差分で確定する。
521,ケンホロウ,unfezant,5,ノーマル／ひこう,マメパト → ハトーボー → ケンホロウ,進化先／最終形,DPE-JP Learnsets.c＋ベガ既存表（既存種）,現代化重点監査,特殊アタッカー,ばくおんぱ（音系のみ） / アンコール / ぼうふう / おいかぜ,進化時に役割技を1つ提示。主力STABはLv36～50、反動・積み・専用大技はLv50～65またはLv1思い出し。,DPE表を土台に、進化前へ過剰な終盤技がある場合は後期へ移動。広範囲高火力サブウェポンはレベル技ではなくTM／教え技に限定。,まもる / アクロバット,てだすけ / おいかぜ,あくび / はねやすめ,専用技がある系統は進化時／Lv1思い出しに固定。戦闘専用フォームは基礎形の習得表を共有。,通常。高威力技はLv45以降、強力な積み技はLv50以降。,最低1つの命中90以上STABを維持し、自爆・テレポート・反動大技だけの直近4技を禁止。高レベル基礎種は中威力技を再挿入。,未収録・追加対象,B,最終統合ROMから現行表を抽出後、同名技の重複・ID衝突・取得時期を機械差分で確定する。
522,シママ,blitzle,5,でんき,シママ → ゼブライカ,基礎形,DPE-JP Learnsets.c＋ベガ既存表（既存種）,現代化重点監査,特殊寄り,でんきショック / でんじは,安定したタイプ一致技をLv7～15、二段目をLv20～28に配置。進化前限定の補助技は思い出し対象に残す。,DPE表を土台に、進化前へ過剰な終盤技がある場合は後期へ移動。広範囲高火力サブウェポンはレベル技ではなくTM／教え技に限定。,ボルトチェンジ,エレキネット,じゅうでん,専用技がある系統は進化時／Lv1思い出しに固定。戦闘専用フォームは基礎形の習得表を共有。,通常。高威力技はLv45以降、強力な積み技はLv50以降。,最低1つの命中90以上STABを維持し、自爆・テレポート・反動大技だけの直近4技を禁止。高レベル基礎種は中威力技を再挿入。,未収録・追加対象,B-,最終統合ROMから現行表を抽出後、同名技の重複・ID衝突・取得時期を機械差分で確定する。
523,ゼブライカ,zebstrika,5,でんき,シママ → ゼブライカ,進化先／最終形,DPE-JP Learnsets.c＋ベガ既存表（既存種）,現代化重点監査,物理アタッカー,ワイルドボルト / でんじは,進化時に役割技を1つ提示。主力STABはLv36～50、反動・積み・専用大技はLv50～65またはLv1思い出し。,DPE表を土台に、進化前へ過剰な終盤技がある場合は後期へ移動。広範囲高火力サブウェポンはレベル技ではなくTM／教え技に限定。,ボルトチェンジ,エレキネット,じゅうでん,専用技がある系統は進化時／Lv1思い出しに固定。戦闘専用フォームは基礎形の習得表を共有。,通常。高威力技はLv45以降、強力な積み技はLv50以降。,最低1つの命中90以上STABを維持し、自爆・テレポート・反動大技だけの直近4技を禁止。高レベル基礎種は中威力技を再挿入。,未収録・追加対象,B,最終統合ROMから現行表を抽出後、同名技の重複・ID衝突・取得時期を機械差分で確定する。
524,ダンゴロ,roggenrola,5,いわ,ダンゴロ → ガントル → ギガイアス,基礎形,DPE-JP Learnsets.c＋ベガ既存表（既存種）,現代化重点監査,物理寄り,いわおとし / ステルスロック,安定したタイプ一致技をLv7～15、二段目をLv20～28に配置。進化前限定の補助技は思い出し対象に残す。,DPE表を土台に、進化前へ過剰な終盤技がある場合は後期へ移動。広範囲高火力サブウェポンはレベル技ではなくTM／教え技に限定。,ステルスロック,メテオビーム,すなあらし,専用技がある系統は進化時／Lv1思い出しに固定。戦闘専用フォームは基礎形の習得表を共有。,通常。高威力技はLv45以降、強力な積み技はLv50以降。,最低1つの命中90以上STABを維持し、自爆・テレポート・反動大技だけの直近4技を禁止。高レベル基礎種は中威力技を再挿入。,未収録・追加対象,B-,最終統合ROMから現行表を抽出後、同名技の重複・ID衝突・取得時期を機械差分で確定する。
525,ガントル,boldore,5,いわ,ダンゴロ → ガントル → ギガイアス,中間進化,DPE-JP Learnsets.c＋ベガ既存表（既存種）,現代化重点監査,物理寄り,いわなだれ / ステルスロック,中威力STABをLv22～35、役割補助技を進化時またはLv30前後に配置。最終大技は先送り。,DPE表を土台に、進化前へ過剰な終盤技がある場合は後期へ移動。広範囲高火力サブウェポンはレベル技ではなくTM／教え技に限定。,ステルスロック,メテオビーム,すなあらし,専用技がある系統は進化時／Lv1思い出しに固定。戦闘専用フォームは基礎形の習得表を共有。,通常。高威力技はLv45以降、強力な積み技はLv50以降。,最低1つの命中90以上STABを維持し、自爆・テレポート・反動大技だけの直近4技を禁止。高レベル基礎種は中威力技を再挿入。,未収録・追加対象,B,最終統合ROMから現行表を抽出後、同名技の重複・ID衝突・取得時期を機械差分で確定する。
526,ギガイアス,gigalith,5,いわ,ダンゴロ → ガントル → ギガイアス,進化先／最終形,DPE-JP Learnsets.c＋ベガ既存表（既存種）,現代化重点監査,特殊アタッカー,メテオビーム / ステルスロック,進化時に役割技を1つ提示。主力STABはLv36～50、反動・積み・専用大技はLv50～65またはLv1思い出し。,DPE表を土台に、進化前へ過剰な終盤技がある場合は後期へ移動。広範囲高火力サブウェポンはレベル技ではなくTM／教え技に限定。,ステルスロック,メテオビーム,すなあらし,専用技がある系統は進化時／Lv1思い出しに固定。戦闘専用フォームは基礎形の習得表を共有。,殿堂入り後教え技。パワフルハーブとの組合せを施設で検証,最低1つの命中90以上STABを維持し、自爆・テレポート・反動大技だけの直近4技を禁止。高レベル基礎種は中威力技を再挿入。,未収録・追加対象,B,最終統合ROMから現行表を抽出後、同名技の重複・ID衝突・取得時期を機械差分で確定する。
527,コロモリ,woobat,5,エスパー／ひこう,コロモリ → ココロモリ,基礎形,DPE-JP Learnsets.c＋ベガ既存表（既存種）,現代化重点監査,特殊寄り,ねんりき / めいそう / かぜおこし / おいかぜ,安定したタイプ一致技をLv7～15、二段目をLv20～28に配置。進化前限定の補助技は思い出し対象に残す。,DPE表を土台に、進化前へ過剰な終盤技がある場合は後期へ移動。広範囲高火力サブウェポンはレベル技ではなくTM／教え技に限定。,サイコショック / アクロバット,トリック / おいかぜ,ひかりのかべ / はねやすめ,専用技がある系統は進化時／Lv1思い出しに固定。戦闘専用フォームは基礎形の習得表を共有。,通常。高威力技はLv45以降、強力な積み技はLv50以降。,最低1つの命中90以上STABを維持し、自爆・テレポート・反動大技だけの直近4技を禁止。高レベル基礎種は中威力技を再挿入。,未収録・追加対象,B-,最終統合ROMから現行表を抽出後、同名技の重複・ID衝突・取得時期を機械差分で確定する。
528,ココロモリ,swoobat,5,エスパー／ひこう,コロモリ → ココロモリ,進化先／最終形,DPE-JP Learnsets.c＋ベガ既存表（既存種）,現代化重点監査,特殊アタッカー,サイコショック / めいそう / ぼうふう / おいかぜ,進化時に役割技を1つ提示。主力STABはLv36～50、反動・積み・専用大技はLv50～65またはLv1思い出し。,DPE表を土台に、進化前へ過剰な終盤技がある場合は後期へ移動。広範囲高火力サブウェポンはレベル技ではなくTM／教え技に限定。,サイコショック / アクロバット,トリック / おいかぜ,ひかりのかべ / はねやすめ,専用技がある系統は進化時／Lv1思い出しに固定。戦闘専用フォームは基礎形の習得表を共有。,通常。高威力技はLv45以降、強力な積み技はLv50以降。,最低1つの命中90以上STABを維持し、自爆・テレポート・反動大技だけの直近4技を禁止。高レベル基礎種は中威力技を再挿入。,未収録・追加対象,B,最終統合ROMから現行表を抽出後、同名技の重複・ID衝突・取得時期を機械差分で確定する。
529,モグリュー,drilbur,5,じめん,モグリュー → ドリュウズ,基礎形,DPE-JP Learnsets.c＋ベガ既存表（既存種）,現代化重点監査,物理寄り,どろかけ / すなあらし,安定したタイプ一致技をLv7～15、二段目をLv20～28に配置。進化前限定の補助技は思い出し対象に残す。,DPE表を土台に、進化前へ過剰な終盤技がある場合は後期へ移動。広範囲高火力サブウェポンはレベル技ではなくTM／教え技に限定。,じならし,ねっさのだいち,まきびし,専用技がある系統は進化時／Lv1思い出しに固定。戦闘専用フォームは基礎形の習得表を共有。,通常。高威力技はLv45以降、強力な積み技はLv50以降。,最低1つの命中90以上STABを維持し、自爆・テレポート・反動大技だけの直近4技を禁止。高レベル基礎種は中威力技を再挿入。,未収録・追加対象,B-,最終統合ROMから現行表を抽出後、同名技の重複・ID衝突・取得時期を機械差分で確定する。
530,ドリュウズ,excadrill,5,じめん／はがね,モグリュー → ドリュウズ,進化先／最終形,DPE-JP Learnsets.c＋ベガ既存表（既存種）,現代化重点監査,物理アタッカー,じしん / すなあらし / ヘビーボンバー / てっぺき,進化時に役割技を1つ提示。主力STABはLv36～50、反動・積み・専用大技はLv50～65またはLv1思い出し。,DPE表を土台に、進化前へ過剰な終盤技がある場合は後期へ移動。広範囲高火力サブウェポンはレベル技ではなくTM／教え技に限定。,じならし / ラスターカノン,ねっさのだいち / アイアンヘッド,まきびし / ボディプレス,専用技がある系統は進化時／Lv1思い出しに固定。戦闘専用フォームは基礎形の習得表を共有。,通常。高威力技はLv45以降、強力な積み技はLv50以降。,最低1つの命中90以上STABを維持し、自爆・テレポート・反動大技だけの直近4技を禁止。高レベル基礎種は中威力技を再挿入。,未収録・追加対象,B,最終統合ROMから現行表を抽出後、同名技の重複・ID衝突・取得時期を機械差分で確定する。
531,タブンネ,audino,5,ノーマル,タブンネ,基礎形,DPE-JP Learnsets.c＋ベガ既存表（既存種）,現代化重点監査,耐久・補助,ずつき / スピードスター,安定したタイプ一致技をLv7～15、二段目をLv20～28に配置。進化前限定の補助技は思い出し対象に残す。,DPE表を土台に、進化前へ過剰な終盤技がある場合は後期へ移動。広範囲高火力サブウェポンはレベル技ではなくTM／教え技に限定。,まもる,てだすけ,あくび,専用技がある系統は進化時／Lv1思い出しに固定。戦闘専用フォームは基礎形の習得表を共有。,通常。高威力技はLv45以降、強力な積み技はLv50以降。,最低1つの命中90以上STABを維持し、自爆・テレポート・反動大技だけの直近4技を禁止。高レベル基礎種は中威力技を再挿入。,未収録・追加対象,B-,最終統合ROMから現行表を抽出後、同名技の重複・ID衝突・取得時期を機械差分で確定する。
532,ドッコラー,timburr,5,かくとう,ドッコラー → ドテッコツ → ローブシン,基礎形,DPE-JP Learnsets.c＋ベガ既存表（既存種）,現代化重点監査,物理寄り,いわくだき / ビルドアップ,安定したタイプ一致技をLv7～15、二段目をLv20～28に配置。進化前限定の補助技は思い出し対象に残す。,DPE表を土台に、進化前へ過剰な終盤技がある場合は後期へ移動。広範囲高火力サブウェポンはレベル技ではなくTM／教え技に限定。,ドレインパンチ,コーチング,みきり,専用技がある系統は進化時／Lv1思い出しに固定。戦闘専用フォームは基礎形の習得表を共有。,通常。高威力技はLv45以降、強力な積み技はLv50以降。,最低1つの命中90以上STABを維持し、自爆・テレポート・反動大技だけの直近4技を禁止。高レベル基礎種は中威力技を再挿入。,未収録・追加対象,B-,最終統合ROMから現行表を抽出後、同名技の重複・ID衝突・取得時期を機械差分で確定する。
533,ドテッコツ,gurdurr,5,かくとう,ドッコラー → ドテッコツ → ローブシン,中間進化,DPE-JP Learnsets.c＋ベガ既存表（既存種）,現代化重点監査,物理寄り,かわらわり / ビルドアップ,中威力STABをLv22～35、役割補助技を進化時またはLv30前後に配置。最終大技は先送り。,DPE表を土台に、進化前へ過剰な終盤技がある場合は後期へ移動。広範囲高火力サブウェポンはレベル技ではなくTM／教え技に限定。,ドレインパンチ,コーチング,みきり,専用技がある系統は進化時／Lv1思い出しに固定。戦闘専用フォームは基礎形の習得表を共有。,通常。高威力技はLv45以降、強力な積み技はLv50以降。,最低1つの命中90以上STABを維持し、自爆・テレポート・反動大技だけの直近4技を禁止。高レベル基礎種は中威力技を再挿入。,未収録・追加対象,B,最終統合ROMから現行表を抽出後、同名技の重複・ID衝突・取得時期を機械差分で確定する。
534,ローブシン,conkeldurr,5,かくとう,ドッコラー → ドテッコツ → ローブシン,進化先／最終形,DPE-JP Learnsets.c＋ベガ既存表（既存種）,現代化重点監査,物理アタッカー,インファイト / ビルドアップ,進化時に役割技を1つ提示。主力STABはLv36～50、反動・積み・専用大技はLv50～65またはLv1思い出し。,DPE表を土台に、進化前へ過剰な終盤技がある場合は後期へ移動。広範囲高火力サブウェポンはレベル技ではなくTM／教え技に限定。,ドレインパンチ,コーチング,みきり,専用技がある系統は進化時／Lv1思い出しに固定。戦闘専用フォームは基礎形の習得表を共有。,通常。高威力技はLv45以降、強力な積み技はLv50以降。,最低1つの命中90以上STABを維持し、自爆・テレポート・反動大技だけの直近4技を禁止。高レベル基礎種は中威力技を再挿入。,未収録・追加対象,B,最終統合ROMから現行表を抽出後、同名技の重複・ID衝突・取得時期を機械差分で確定する。
535,オタマロ,tympole,5,みず,オタマロ → ガマガル → ガマゲロゲ,基礎形,DPE-JP Learnsets.c＋ベガ既存表（既存種）,現代化重点監査,両刀・可変,アクアジェット / みずのはどう,安定したタイプ一致技をLv7～15、二段目をLv20～28に配置。進化前限定の補助技は思い出し対象に残す。,DPE表を土台に、進化前へ過剰な終盤技がある場合は後期へ移動。広範囲高火力サブウェポンはレベル技ではなくTM／教え技に限定。,アクアブレイク,クイックターン,アクアリング,専用技がある系統は進化時／Lv1思い出しに固定。戦闘専用フォームは基礎形の習得表を共有。,通常。高威力技はLv45以降、強力な積み技はLv50以降。,最低1つの命中90以上STABを維持し、自爆・テレポート・反動大技だけの直近4技を禁止。高レベル基礎種は中威力技を再挿入。,未収録・追加対象,B-,最終統合ROMから現行表を抽出後、同名技の重複・ID衝突・取得時期を機械差分で確定する。
536,ガマガル,palpitoad,5,みず／じめん,オタマロ → ガマガル → ガマゲロゲ,中間進化,DPE-JP Learnsets.c＋ベガ既存表（既存種）,現代化重点監査,物理寄り,アクアブレイク / あまごい / じならし / すなあらし,中威力STABをLv22～35、役割補助技を進化時またはLv30前後に配置。最終大技は先送り。,DPE表を土台に、進化前へ過剰な終盤技がある場合は後期へ移動。広範囲高火力サブウェポンはレベル技ではなくTM／教え技に限定。,アクアブレイク / じならし,クイックターン / ねっさのだいち,アクアリング / まきびし,専用技がある系統は進化時／Lv1思い出しに固定。戦闘専用フォームは基礎形の習得表を共有。,通常。高威力技はLv45以降、強力な積み技はLv50以降。,最低1つの命中90以上STABを維持し、自爆・テレポート・反動大技だけの直近4技を禁止。高レベル基礎種は中威力技を再挿入。,未収録・追加対象,B,最終統合ROMから現行表を抽出後、同名技の重複・ID衝突・取得時期を機械差分で確定する。
537,ガマゲロゲ,seismitoad,5,みず／じめん,オタマロ → ガマガル → ガマゲロゲ,進化先／最終形,DPE-JP Learnsets.c＋ベガ既存表（既存種）,現代化重点監査,特殊アタッカー,ハイドロポンプ / あまごい / ねっさのだいち / すなあらし,進化時に役割技を1つ提示。主力STABはLv36～50、反動・積み・専用大技はLv50～65またはLv1思い出し。,DPE表を土台に、進化前へ過剰な終盤技がある場合は後期へ移動。広範囲高火力サブウェポンはレベル技ではなくTM／教え技に限定。,アクアブレイク / じならし,クイックターン / ねっさのだいち,アクアリング / まきびし,専用技がある系統は進化時／Lv1思い出しに固定。戦闘専用フォームは基礎形の習得表を共有。,通常。高威力技はLv45以降、強力な積み技はLv50以降。,最低1つの命中90以上STABを維持し、自爆・テレポート・反動大技だけの直近4技を禁止。高レベル基礎種は中威力技を再挿入。,未収録・追加対象,B,最終統合ROMから現行表を抽出後、同名技の重複・ID衝突・取得時期を機械差分で確定する。
538,ナゲキ,throh,5,かくとう,ナゲキ,基礎形,DPE-JP Learnsets.c＋ベガ既存表（既存種）,現代化重点監査,物理寄り,いわくだき / ビルドアップ,安定したタイプ一致技をLv7～15、二段目をLv20～28に配置。進化前限定の補助技は思い出し対象に残す。,DPE表を土台に、進化前へ過剰な終盤技がある場合は後期へ移動。広範囲高火力サブウェポンはレベル技ではなくTM／教え技に限定。,ドレインパンチ,コーチング,みきり,専用技がある系統は進化時／Lv1思い出しに固定。戦闘専用フォームは基礎形の習得表を共有。,通常。高威力技はLv45以降、強力な積み技はLv50以降。,最低1つの命中90以上STABを維持し、自爆・テレポート・反動大技だけの直近4技を禁止。高レベル基礎種は中威力技を再挿入。,未収録・追加対象,B-,最終統合ROMから現行表を抽出後、同名技の重複・ID衝突・取得時期を機械差分で確定する。
539,ダゲキ,sawk,5,かくとう,ダゲキ,基礎形,DPE-JP Learnsets.c＋ベガ既存表（既存種）,現代化重点監査,物理アタッカー,いわくだき / ビルドアップ,安定したタイプ一致技をLv7～15、二段目をLv20～28に配置。進化前限定の補助技は思い出し対象に残す。,DPE表を土台に、進化前へ過剰な終盤技がある場合は後期へ移動。広範囲高火力サブウェポンはレベル技ではなくTM／教え技に限定。,ドレインパンチ,コーチング,みきり,専用技がある系統は進化時／Lv1思い出しに固定。戦闘専用フォームは基礎形の習得表を共有。,通常。高威力技はLv45以降、強力な積み技はLv50以降。,最低1つの命中90以上STABを維持し、自爆・テレポート・反動大技だけの直近4技を禁止。高レベル基礎種は中威力技を再挿入。,未収録・追加対象,B-,最終統合ROMから現行表を抽出後、同名技の重複・ID衝突・取得時期を機械差分で確定する。
540,クルミル,sewaddle,5,むし／くさ,クルミル → クルマユ → ハハコモリ,基礎形,DPE-JP Learnsets.c＋ベガ既存表（既存種）,現代化重点監査,両刀・可変,むしくい / むしのていこう / はっぱカッター / メガドレイン,安定したタイプ一致技をLv7～15、二段目をLv20～28に配置。進化前限定の補助技は思い出し対象に残す。,DPE表を土台に、進化前へ過剰な終盤技がある場合は後期へ移動。広範囲高火力サブウェポンはレベル技ではなくTM／教え技に限定。,とんぼがえり / くさむすび,むしくい / グラススライダー,いとをはく / こうごうせい,専用技がある系統は進化時／Lv1思い出しに固定。戦闘専用フォームは基礎形の習得表を共有。,通常。高威力技はLv45以降、強力な積み技はLv50以降。,最低1つの命中90以上STABを維持し、自爆・テレポート・反動大技だけの直近4技を禁止。高レベル基礎種は中威力技を再挿入。,未収録・追加対象,B-,最終統合ROMから現行表を抽出後、同名技の重複・ID衝突・取得時期を機械差分で確定する。
541,クルマユ,swadloon,5,むし／くさ,クルミル → クルマユ → ハハコモリ,中間進化,DPE-JP Learnsets.c＋ベガ既存表（既存種）,現代化重点監査,両刀・可変,シザークロス / むしのさざめき / タネばくだん / ギガドレイン,中威力STABをLv22～35、役割補助技を進化時またはLv30前後に配置。最終大技は先送り。,DPE表を土台に、進化前へ過剰な終盤技がある場合は後期へ移動。広範囲高火力サブウェポンはレベル技ではなくTM／教え技に限定。,とんぼがえり / くさむすび,むしくい / グラススライダー,いとをはく / こうごうせい,専用技がある系統は進化時／Lv1思い出しに固定。戦闘専用フォームは基礎形の習得表を共有。,通常。高威力技はLv45以降、強力な積み技はLv50以降。,最低1つの命中90以上STABを維持し、自爆・テレポート・反動大技だけの直近4技を禁止。高レベル基礎種は中威力技を再挿入。,未収録・追加対象,B,最終統合ROMから現行表を抽出後、同名技の重複・ID衝突・取得時期を機械差分で確定する。
542,ハハコモリ,leavanny,5,むし／くさ,クルミル → クルマユ → ハハコモリ,進化先／最終形,DPE-JP Learnsets.c＋ベガ既存表（既存種）,現代化重点監査,物理アタッカー,メガホーン / ねばねばネット / リーフブレード / やどりぎのタネ,進化時に役割技を1つ提示。主力STABはLv36～50、反動・積み・専用大技はLv50～65またはLv1思い出し。,DPE表を土台に、進化前へ過剰な終盤技がある場合は後期へ移動。広範囲高火力サブウェポンはレベル技ではなくTM／教え技に限定。,とんぼがえり / くさむすび,むしくい / グラススライダー,いとをはく / こうごうせい,専用技がある系統は進化時／Lv1思い出しに固定。戦闘専用フォームは基礎形の習得表を共有。,通常。高威力技はLv45以降、強力な積み技はLv50以降。,最低1つの命中90以上STABを維持し、自爆・テレポート・反動大技だけの直近4技を禁止。高レベル基礎種は中威力技を再挿入。,未収録・追加対象,B,最終統合ROMから現行表を抽出後、同名技の重複・ID衝突・取得時期を機械差分で確定する。
543,フシデ,venipede,5,むし／どく,フシデ → ホイーガ → ペンドラー,基礎形,DPE-JP Learnsets.c＋ベガ既存表（既存種）,現代化重点監査,物理寄り,むしくい / ねばねばネット / どくばり / どくどく,安定したタイプ一致技をLv7～15、二段目をLv20～28に配置。進化前限定の補助技は思い出し対象に残す。,DPE表を土台に、進化前へ過剰な終盤技がある場合は後期へ移動。広範囲高火力サブウェポンはレベル技ではなくTM／教え技に限定。,とんぼがえり / ベノムショック,むしくい / ダストシュート,いとをはく / どくびし,専用技がある系統は進化時／Lv1思い出しに固定。戦闘専用フォームは基礎形の習得表を共有。,通常。高威力技はLv45以降、強力な積み技はLv50以降。,最低1つの命中90以上STABを維持し、自爆・テレポート・反動大技だけの直近4技を禁止。高レベル基礎種は中威力技を再挿入。,未収録・追加対象,B-,最終統合ROMから現行表を抽出後、同名技の重複・ID衝突・取得時期を機械差分で確定する。
544,ホイーガ,whirlipede,5,むし／どく,フシデ → ホイーガ → ペンドラー,中間進化,DPE-JP Learnsets.c＋ベガ既存表（既存種）,現代化重点監査,物理寄り,シザークロス / ねばねばネット / どくづき / どくどく,中威力STABをLv22～35、役割補助技を進化時またはLv30前後に配置。最終大技は先送り。,DPE表を土台に、進化前へ過剰な終盤技がある場合は後期へ移動。広範囲高火力サブウェポンはレベル技ではなくTM／教え技に限定。,とんぼがえり / ベノムショック,むしくい / ダストシュート,いとをはく / どくびし,専用技がある系統は進化時／Lv1思い出しに固定。戦闘専用フォームは基礎形の習得表を共有。,通常。高威力技はLv45以降、強力な積み技はLv50以降。,最低1つの命中90以上STABを維持し、自爆・テレポート・反動大技だけの直近4技を禁止。高レベル基礎種は中威力技を再挿入。,未収録・追加対象,B,最終統合ROMから現行表を抽出後、同名技の重複・ID衝突・取得時期を機械差分で確定する。
545,ペンドラー,scolipede,5,むし／どく,フシデ → ホイーガ → ペンドラー,進化先／最終形,DPE-JP Learnsets.c＋ベガ既存表（既存種）,現代化重点監査,物理アタッカー,メガホーン / ねばねばネット / ダストシュート / どくどく,進化時に役割技を1つ提示。主力STABはLv36～50、反動・積み・専用大技はLv50～65またはLv1思い出し。,DPE表を土台に、進化前へ過剰な終盤技がある場合は後期へ移動。広範囲高火力サブウェポンはレベル技ではなくTM／教え技に限定。,とんぼがえり / ベノムショック,むしくい / ダストシュート,いとをはく / どくびし,専用技がある系統は進化時／Lv1思い出しに固定。戦闘専用フォームは基礎形の習得表を共有。,通常。高威力技はLv45以降、強力な積み技はLv50以降。,最低1つの命中90以上STABを維持し、自爆・テレポート・反動大技だけの直近4技を禁止。高レベル基礎種は中威力技を再挿入。,未収録・追加対象,B,最終統合ROMから現行表を抽出後、同名技の重複・ID衝突・取得時期を機械差分で確定する。
546,モンメン,cottonee,5,くさ／フェアリー,モンメン → エルフーン,基礎形,DPE-JP Learnsets.c＋ベガ既存表（既存種）,現代化重点監査,特殊寄り,メガドレイン / やどりぎのタネ / ようせいのかぜ / あまえる,安定したタイプ一致技をLv7～15、二段目をLv20～28に配置。進化前限定の補助技は思い出し対象に残す。,DPE表を土台に、進化前へ過剰な終盤技がある場合は後期へ移動。広範囲高火力サブウェポンはレベル技ではなくTM／教え技に限定。,くさむすび / マジカルシャイン,グラススライダー / ミストバースト,こうごうせい / ミストフィールド,専用技がある系統は進化時／Lv1思い出しに固定。戦闘専用フォームは基礎形の習得表を共有。,通常。高威力技はLv45以降、強力な積み技はLv50以降。,最低1つの命中90以上STABを維持し、自爆・テレポート・反動大技だけの直近4技を禁止。高レベル基礎種は中威力技を再挿入。,未収録・追加対象,B-,最終統合ROMから現行表を抽出後、同名技の重複・ID衝突・取得時期を機械差分で確定する。
547,エルフーン,whimsicott,5,くさ／フェアリー,モンメン → エルフーン,進化先／最終形,DPE-JP Learnsets.c＋ベガ既存表（既存種）,現代化重点監査,耐久・補助,ギガドレイン / やどりぎのタネ / こうごうせい / マジカルシャイン,進化時に役割技を1つ提示。主力STABはLv36～50、反動・積み・専用大技はLv50～65またはLv1思い出し。,DPE表を土台に、進化前へ過剰な終盤技がある場合は後期へ移動。広範囲高火力サブウェポンはレベル技ではなくTM／教え技に限定。,くさむすび / マジカルシャイン,グラススライダー / ミストバースト,こうごうせい / ミストフィールド,専用技がある系統は進化時／Lv1思い出しに固定。戦闘専用フォームは基礎形の習得表を共有。,通常。高威力技はLv45以降、強力な積み技はLv50以降。,最低1つの命中90以上STABを維持し、自爆・テレポート・反動大技だけの直近4技を禁止。高レベル基礎種は中威力技を再挿入。,未収録・追加対象,B,最終統合ROMから現行表を抽出後、同名技の重複・ID衝突・取得時期を機械差分で確定する。
548,チュリネ,petilil,5,くさ,チュリネ → ドレディア,基礎形,DPE-JP Learnsets.c＋ベガ既存表（既存種）,ベガ既存表保護＋選択的現代化,特殊寄り,メガドレイン / やどりぎのタネ,安定したタイプ一致技をLv7～15、二段目をLv20～28に配置。進化前限定の補助技は思い出し対象に残す。,ベガ既存の独自技・攻略導線を保持。無関係な高火力サブウェポン、NPC専用の違法技、早期の積み技だけをTM／教え技へ移す。,くさむすび,グラススライダー,こうごうせい,専用技がある系統は進化時／Lv1思い出しに固定。戦闘専用フォームは基礎形の習得表を共有。,通常。高威力技はLv45以降、強力な積み技はLv50以降。,最低1つの命中90以上STABを維持し、自爆・テレポート・反動大技だけの直近4技を禁止。高レベル基礎種は中威力技を再挿入。,既存（トーホク図鑑369）,B-,最終統合ROMから現行表を抽出後、同名技の重複・ID衝突・取得時期を機械差分で確定する。
549,ドレディア,lilligant,5,くさ,チュリネ → ドレディア,進化先／最終形,DPE-JP Learnsets.c＋ベガ既存表（既存種）,ベガ既存表保護＋選択的現代化,特殊アタッカー,エナジーボール / やどりぎのタネ,進化時に役割技を1つ提示。主力STABはLv36～50、反動・積み・専用大技はLv50～65またはLv1思い出し。,ベガ既存の独自技・攻略導線を保持。無関係な高火力サブウェポン、NPC専用の違法技、早期の積み技だけをTM／教え技へ移す。,くさむすび,グラススライダー,こうごうせい,専用技がある系統は進化時／Lv1思い出しに固定。戦闘専用フォームは基礎形の習得表を共有。,通常。高威力技はLv45以降、強力な積み技はLv50以降。,最低1つの命中90以上STABを維持し、自爆・テレポート・反動大技だけの直近4技を禁止。高レベル基礎種は中威力技を再挿入。,既存（トーホク図鑑370）,B,最終統合ROMから現行表を抽出後、同名技の重複・ID衝突・取得時期を機械差分で確定する。
550,バスラオ,basculin,5,みず,バスラオ → イダイトウ,基礎形,DPE-JP Learnsets.c＋ベガ既存表（既存種）,現代化重点監査,両刀・可変,アクアジェット / みずのはどう,安定したタイプ一致技をLv7～15、二段目をLv20～28に配置。進化前限定の補助技は思い出し対象に残す。,DPE表を土台に、進化前へ過剰な終盤技がある場合は後期へ移動。広範囲高火力サブウェポンはレベル技ではなくTM／教え技に限定。,アクアブレイク,クイックターン,アクアリング,専用技がある系統は進化時／Lv1思い出しに固定。戦闘専用フォームは基礎形の習得表を共有。,通常。高威力技はLv45以降、強力な積み技はLv50以降。,最低1つの命中90以上STABを維持し、自爆・テレポート・反動大技だけの直近4技を禁止。高レベル基礎種は中威力技を再挿入。,未収録・追加対象,B-,最終統合ROMから現行表を抽出後、同名技の重複・ID衝突・取得時期を機械差分で確定する。
551,メグロコ,sandile,5,じめん／あく,メグロコ → ワルビル → ワルビアル,基礎形,DPE-JP Learnsets.c＋ベガ既存表（既存種）,ベガ既存表保護＋選択的現代化,物理寄り,どろかけ / すなあらし / かみつく / ちょうはつ,安定したタイプ一致技をLv7～15、二段目をLv20～28に配置。進化前限定の補助技は思い出し対象に残す。,ベガ既存の独自技・攻略導線を保持。無関係な高火力サブウェポン、NPC専用の違法技、早期の積み技だけをTM／教え技へ移す。,じならし / バークアウト,ねっさのだいち / はたきおとす,まきびし / わるだくみ,専用技がある系統は進化時／Lv1思い出しに固定。戦闘専用フォームは基礎形の習得表を共有。,通常。高威力技はLv45以降、強力な積み技はLv50以降。,最低1つの命中90以上STABを維持し、自爆・テレポート・反動大技だけの直近4技を禁止。高レベル基礎種は中威力技を再挿入。,既存（トーホク図鑑373）,B-,最終統合ROMから現行表を抽出後、同名技の重複・ID衝突・取得時期を機械差分で確定する。
552,ワルビル,krokorok,5,じめん／あく,メグロコ → ワルビル → ワルビアル,中間進化,DPE-JP Learnsets.c＋ベガ既存表（既存種）,ベガ既存表保護＋選択的現代化,物理寄り,じならし / すなあらし / つじぎり / ちょうはつ,中威力STABをLv22～35、役割補助技を進化時またはLv30前後に配置。最終大技は先送り。,ベガ既存の独自技・攻略導線を保持。無関係な高火力サブウェポン、NPC専用の違法技、早期の積み技だけをTM／教え技へ移す。,じならし / バークアウト,ねっさのだいち / はたきおとす,まきびし / わるだくみ,専用技がある系統は進化時／Lv1思い出しに固定。戦闘専用フォームは基礎形の習得表を共有。,通常。高威力技はLv45以降、強力な積み技はLv50以降。,最低1つの命中90以上STABを維持し、自爆・テレポート・反動大技だけの直近4技を禁止。高レベル基礎種は中威力技を再挿入。,既存（トーホク図鑑374）,B,最終統合ROMから現行表を抽出後、同名技の重複・ID衝突・取得時期を機械差分で確定する。
553,ワルビアル,krookodile,5,じめん／あく,メグロコ → ワルビル → ワルビアル,進化先／最終形,DPE-JP Learnsets.c＋ベガ既存表（既存種）,ベガ既存表保護＋選択的現代化,物理アタッカー,じしん / すなあらし / はたきおとす / ちょうはつ,進化時に役割技を1つ提示。主力STABはLv36～50、反動・積み・専用大技はLv50～65またはLv1思い出し。,ベガ既存の独自技・攻略導線を保持。無関係な高火力サブウェポン、NPC専用の違法技、早期の積み技だけをTM／教え技へ移す。,じならし / バークアウト,ねっさのだいち / はたきおとす,まきびし / わるだくみ,専用技がある系統は進化時／Lv1思い出しに固定。戦闘専用フォームは基礎形の習得表を共有。,通常。高威力技はLv45以降、強力な積み技はLv50以降。,最低1つの命中90以上STABを維持し、自爆・テレポート・反動大技だけの直近4技を禁止。高レベル基礎種は中威力技を再挿入。,既存（トーホク図鑑375）,B,最終統合ROMから現行表を抽出後、同名技の重複・ID衝突・取得時期を機械差分で確定する。
554,ダルマッカ,darumaka,5,ほのお,ダルマッカ → ヒヒダルマ,基礎形,DPE-JP Learnsets.c＋ベガ既存表（既存種）,現代化重点監査,特殊寄り,ひのこ / おにび,安定したタイプ一致技をLv7～15、二段目をLv20～28に配置。進化前限定の補助技は思い出し対象に残す。,DPE表を土台に、進化前へ過剰な終盤技がある場合は後期へ移動。広範囲高火力サブウェポンはレベル技ではなくTM／教え技に限定。,かえんほうしゃ,ねっぷう,にほんばれ,専用技がある系統は進化時／Lv1思い出しに固定。戦闘専用フォームは基礎形の習得表を共有。,通常。高威力技はLv45以降、強力な積み技はLv50以降。,最低1つの命中90以上STABを維持し、自爆・テレポート・反動大技だけの直近4技を禁止。高レベル基礎種は中威力技を再挿入。,未収録・追加対象,B-,最終統合ROMから現行表を抽出後、同名技の重複・ID衝突・取得時期を機械差分で確定する。
555,ヒヒダルマ,darmanitan,5,ほのお,ダルマッカ → ヒヒダルマ,進化先／最終形,DPE-JP Learnsets.c＋ベガ既存表（既存種）,現代化重点監査,物理アタッカー,フレアドライブ / おにび,進化時に役割技を1つ提示。主力STABはLv36～50、反動・積み・専用大技はLv50～65またはLv1思い出し。,DPE表を土台に、進化前へ過剰な終盤技がある場合は後期へ移動。広範囲高火力サブウェポンはレベル技ではなくTM／教え技に限定。,かえんほうしゃ,ねっぷう,にほんばれ,専用技がある系統は進化時／Lv1思い出しに固定。戦闘専用フォームは基礎形の習得表を共有。,通常。高威力技はLv45以降、強力な積み技はLv50以降。,最低1つの命中90以上STABを維持し、自爆・テレポート・反動大技だけの直近4技を禁止。高レベル基礎種は中威力技を再挿入。,未収録・追加対象,B,最終統合ROMから現行表を抽出後、同名技の重複・ID衝突・取得時期を機械差分で確定する。
556,マラカッチ,maractus,5,くさ,マラカッチ,基礎形,DPE-JP Learnsets.c＋ベガ既存表（既存種）,現代化重点監査,特殊寄り,メガドレイン / やどりぎのタネ,安定したタイプ一致技をLv7～15、二段目をLv20～28に配置。進化前限定の補助技は思い出し対象に残す。,DPE表を土台に、進化前へ過剰な終盤技がある場合は後期へ移動。広範囲高火力サブウェポンはレベル技ではなくTM／教え技に限定。,くさむすび,グラススライダー,こうごうせい,専用技がある系統は進化時／Lv1思い出しに固定。戦闘専用フォームは基礎形の習得表を共有。,通常。高威力技はLv45以降、強力な積み技はLv50以降。,最低1つの命中90以上STABを維持し、自爆・テレポート・反動大技だけの直近4技を禁止。高レベル基礎種は中威力技を再挿入。,未収録・追加対象,B-,最終統合ROMから現行表を抽出後、同名技の重複・ID衝突・取得時期を機械差分で確定する。
557,イシズマイ,dwebble,5,むし／いわ,イシズマイ → イワパレス,基礎形,DPE-JP Learnsets.c＋ベガ既存表（既存種）,ベガ既存表保護＋選択的現代化,物理寄り,むしくい / ねばねばネット / いわおとし / ステルスロック,安定したタイプ一致技をLv7～15、二段目をLv20～28に配置。進化前限定の補助技は思い出し対象に残す。,ベガ既存の独自技・攻略導線を保持。無関係な高火力サブウェポン、NPC専用の違法技、早期の積み技だけをTM／教え技へ移す。,とんぼがえり / ステルスロック,むしくい / メテオビーム,いとをはく / すなあらし,専用技がある系統は進化時／Lv1思い出しに固定。戦闘専用フォームは基礎形の習得表を共有。,通常。高威力技はLv45以降、強力な積み技はLv50以降。,最低1つの命中90以上STABを維持し、自爆・テレポート・反動大技だけの直近4技を禁止。高レベル基礎種は中威力技を再挿入。,既存（トーホク図鑑352）,B-,最終統合ROMから現行表を抽出後、同名技の重複・ID衝突・取得時期を機械差分で確定する。
558,イワパレス,crustle,5,むし／いわ,イシズマイ → イワパレス,進化先／最終形,DPE-JP Learnsets.c＋ベガ既存表（既存種）,ベガ既存表保護＋選択的現代化,物理アタッカー,メガホーン / ねばねばネット / ストーンエッジ / ステルスロック,進化時に役割技を1つ提示。主力STABはLv36～50、反動・積み・専用大技はLv50～65またはLv1思い出し。,ベガ既存の独自技・攻略導線を保持。無関係な高火力サブウェポン、NPC専用の違法技、早期の積み技だけをTM／教え技へ移す。,とんぼがえり / ステルスロック,むしくい / メテオビーム,いとをはく / すなあらし,専用技がある系統は進化時／Lv1思い出しに固定。戦闘専用フォームは基礎形の習得表を共有。,通常。高威力技はLv45以降、強力な積み技はLv50以降。,最低1つの命中90以上STABを維持し、自爆・テレポート・反動大技だけの直近4技を禁止。高レベル基礎種は中威力技を再挿入。,既存（トーホク図鑑353）,B,最終統合ROMから現行表を抽出後、同名技の重複・ID衝突・取得時期を機械差分で確定する。
559,ズルッグ,scraggy,5,あく／かくとう,ズルッグ → ズルズキン,基礎形,DPE-JP Learnsets.c＋ベガ既存表（既存種）,ベガ既存表保護＋選択的現代化,物理寄り,かみつく / ちょうはつ / いわくだき / ビルドアップ,安定したタイプ一致技をLv7～15、二段目をLv20～28に配置。進化前限定の補助技は思い出し対象に残す。,ベガ既存の独自技・攻略導線を保持。無関係な高火力サブウェポン、NPC専用の違法技、早期の積み技だけをTM／教え技へ移す。,バークアウト / ドレインパンチ,はたきおとす / コーチング,わるだくみ / みきり,専用技がある系統は進化時／Lv1思い出しに固定。戦闘専用フォームは基礎形の習得表を共有。,通常。高威力技はLv45以降、強力な積み技はLv50以降。,最低1つの命中90以上STABを維持し、自爆・テレポート・反動大技だけの直近4技を禁止。高レベル基礎種は中威力技を再挿入。,既存（トーホク図鑑367）,B-,最終統合ROMから現行表を抽出後、同名技の重複・ID衝突・取得時期を機械差分で確定する。
560,ズルズキン,scrafty,5,あく／かくとう,ズルッグ → ズルズキン,進化先／最終形,DPE-JP Learnsets.c＋ベガ既存表（既存種）,ベガ既存表保護＋選択的現代化,物理アタッカー,はたきおとす / ちょうはつ / インファイト / ビルドアップ,進化時に役割技を1つ提示。主力STABはLv36～50、反動・積み・専用大技はLv50～65またはLv1思い出し。,ベガ既存の独自技・攻略導線を保持。無関係な高火力サブウェポン、NPC専用の違法技、早期の積み技だけをTM／教え技へ移す。,バークアウト / ドレインパンチ,はたきおとす / コーチング,わるだくみ / みきり,専用技がある系統は進化時／Lv1思い出しに固定。戦闘専用フォームは基礎形の習得表を共有。,通常。高威力技はLv45以降、強力な積み技はLv50以降。,最低1つの命中90以上STABを維持し、自爆・テレポート・反動大技だけの直近4技を禁止。高レベル基礎種は中威力技を再挿入。,既存（トーホク図鑑368）,B,最終統合ROMから現行表を抽出後、同名技の重複・ID衝突・取得時期を機械差分で確定する。
561,シンボラー,sigilyph,5,エスパー／ひこう,シンボラー,基礎形,DPE-JP Learnsets.c＋ベガ既存表（既存種）,現代化重点監査,特殊アタッカー,ねんりき / めいそう / かぜおこし / おいかぜ,安定したタイプ一致技をLv7～15、二段目をLv20～28に配置。進化前限定の補助技は思い出し対象に残す。,DPE表を土台に、進化前へ過剰な終盤技がある場合は後期へ移動。広範囲高火力サブウェポンはレベル技ではなくTM／教え技に限定。,サイコショック / アクロバット,トリック / おいかぜ,ひかりのかべ / はねやすめ,専用技がある系統は進化時／Lv1思い出しに固定。戦闘専用フォームは基礎形の習得表を共有。,通常。高威力技はLv45以降、強力な積み技はLv50以降。,最低1つの命中90以上STABを維持し、自爆・テレポート・反動大技だけの直近4技を禁止。高レベル基礎種は中威力技を再挿入。,未収録・追加対象,B-,最終統合ROMから現行表を抽出後、同名技の重複・ID衝突・取得時期を機械差分で確定する。
562,デスマス,yamask,5,ゴースト,デスマス → デスカーン → デスバーン,基礎形,DPE-JP Learnsets.c＋ベガ既存表（既存種）,現代化重点監査,特殊寄り,おどろかす / おにび,安定したタイプ一致技をLv7～15、二段目をLv20～28に配置。進化前限定の補助技は思い出し対象に残す。,DPE表を土台に、進化前へ過剰な終盤技がある場合は後期へ移動。広範囲高火力サブウェポンはレベル技ではなくTM／教え技に限定。,シャドークロー,ポルターガイスト,みちづれ,専用技がある系統は進化時／Lv1思い出しに固定。戦闘専用フォームは基礎形の習得表を共有。,通常。高威力技はLv45以降、強力な積み技はLv50以降。,最低1つの命中90以上STABを維持し、自爆・テレポート・反動大技だけの直近4技を禁止。高レベル基礎種は中威力技を再挿入。,未収録・追加対象,B-,最終統合ROMから現行表を抽出後、同名技の重複・ID衝突・取得時期を機械差分で確定する。
563,デスカーン,cofagrigus,5,ゴースト,デスマス → デスカーン → デスバーン,中間進化,DPE-JP Learnsets.c＋ベガ既存表（既存種）,現代化重点監査,特殊アタッカー,たたりめ / おにび,中威力STABをLv22～35、役割補助技を進化時またはLv30前後に配置。最終大技は先送り。,DPE表を土台に、進化前へ過剰な終盤技がある場合は後期へ移動。広範囲高火力サブウェポンはレベル技ではなくTM／教え技に限定。,シャドークロー,ポルターガイスト,みちづれ,専用技がある系統は進化時／Lv1思い出しに固定。戦闘専用フォームは基礎形の習得表を共有。,通常。高威力技はLv45以降、強力な積み技はLv50以降。,最低1つの命中90以上STABを維持し、自爆・テレポート・反動大技だけの直近4技を禁止。高レベル基礎種は中威力技を再挿入。,未収録・追加対象,B,最終統合ROMから現行表を抽出後、同名技の重複・ID衝突・取得時期を機械差分で確定する。
564,プロトーガ,tirtouga,5,みず／いわ,プロトーガ → アバゴーラ,基礎形,DPE-JP Learnsets.c＋ベガ既存表（既存種）,現代化重点監査,物理寄り,アクアジェット / あまごい / いわおとし / ステルスロック,安定したタイプ一致技をLv7～15、二段目をLv20～28に配置。進化前限定の補助技は思い出し対象に残す。,DPE表を土台に、進化前へ過剰な終盤技がある場合は後期へ移動。広範囲高火力サブウェポンはレベル技ではなくTM／教え技に限定。,アクアブレイク / ステルスロック,クイックターン / メテオビーム,アクアリング / すなあらし,専用技がある系統は進化時／Lv1思い出しに固定。戦闘専用フォームは基礎形の習得表を共有。,通常。高威力技はLv45以降、強力な積み技はLv50以降。,最低1つの命中90以上STABを維持し、自爆・テレポート・反動大技だけの直近4技を禁止。高レベル基礎種は中威力技を再挿入。,未収録・追加対象,B-,最終統合ROMから現行表を抽出後、同名技の重複・ID衝突・取得時期を機械差分で確定する。
565,アバゴーラ,carracosta,5,みず／いわ,プロトーガ → アバゴーラ,進化先／最終形,DPE-JP Learnsets.c＋ベガ既存表（既存種）,現代化重点監査,物理アタッカー,たきのぼり / あまごい / ストーンエッジ / ステルスロック,進化時に役割技を1つ提示。主力STABはLv36～50、反動・積み・専用大技はLv50～65またはLv1思い出し。,DPE表を土台に、進化前へ過剰な終盤技がある場合は後期へ移動。広範囲高火力サブウェポンはレベル技ではなくTM／教え技に限定。,アクアブレイク / ステルスロック,クイックターン / メテオビーム,アクアリング / すなあらし,専用技がある系統は進化時／Lv1思い出しに固定。戦闘専用フォームは基礎形の習得表を共有。,通常。高威力技はLv45以降、強力な積み技はLv50以降。,最低1つの命中90以上STABを維持し、自爆・テレポート・反動大技だけの直近4技を禁止。高レベル基礎種は中威力技を再挿入。,未収録・追加対象,B,最終統合ROMから現行表を抽出後、同名技の重複・ID衝突・取得時期を機械差分で確定する。
566,アーケン,archen,5,いわ／ひこう,アーケン → アーケオス,基礎形,DPE-JP Learnsets.c＋ベガ既存表（既存種）,現代化重点監査,物理寄り,いわおとし / ステルスロック / つばさでうつ / おいかぜ,安定したタイプ一致技をLv7～15、二段目をLv20～28に配置。進化前限定の補助技は思い出し対象に残す。,DPE表を土台に、進化前へ過剰な終盤技がある場合は後期へ移動。広範囲高火力サブウェポンはレベル技ではなくTM／教え技に限定。,ステルスロック / アクロバット,メテオビーム / おいかぜ,すなあらし / はねやすめ,専用技がある系統は進化時／Lv1思い出しに固定。戦闘専用フォームは基礎形の習得表を共有。,通常。高威力技はLv45以降、強力な積み技はLv50以降。,最低1つの命中90以上STABを維持し、自爆・テレポート・反動大技だけの直近4技を禁止。高レベル基礎種は中威力技を再挿入。,未収録・追加対象,B-,最終統合ROMから現行表を抽出後、同名技の重複・ID衝突・取得時期を機械差分で確定する。
567,アーケオス,archeops,5,いわ／ひこう,アーケン → アーケオス,進化先／最終形,DPE-JP Learnsets.c＋ベガ既存表（既存種）,現代化重点監査,物理アタッカー,ストーンエッジ / ステルスロック / ブレイブバード / おいかぜ,進化時に役割技を1つ提示。主力STABはLv36～50、反動・積み・専用大技はLv50～65またはLv1思い出し。,DPE表を土台に、進化前へ過剰な終盤技がある場合は後期へ移動。広範囲高火力サブウェポンはレベル技ではなくTM／教え技に限定。,ステルスロック / アクロバット,メテオビーム / おいかぜ,すなあらし / はねやすめ,専用技がある系統は進化時／Lv1思い出しに固定。戦闘専用フォームは基礎形の習得表を共有。,通常。高威力技はLv45以降、強力な積み技はLv50以降。,最低1つの命中90以上STABを維持し、自爆・テレポート・反動大技だけの直近4技を禁止。高レベル基礎種は中威力技を再挿入。,未収録・追加対象,B,最終統合ROMから現行表を抽出後、同名技の重複・ID衝突・取得時期を機械差分で確定する。
568,ヤブクロン,trubbish,5,どく,ヤブクロン → ダストダス,基礎形,DPE-JP Learnsets.c＋ベガ既存表（既存種）,現代化重点監査,補助寄り両刀,どくばり / アシッドボム,安定したタイプ一致技をLv7～15、二段目をLv20～28に配置。進化前限定の補助技は思い出し対象に残す。,DPE表を土台に、進化前へ過剰な終盤技がある場合は後期へ移動。広範囲高火力サブウェポンはレベル技ではなくTM／教え技に限定。,ベノムショック,ダストシュート,どくびし,専用技がある系統は進化時／Lv1思い出しに固定。戦闘専用フォームは基礎形の習得表を共有。,通常。高威力技はLv45以降、強力な積み技はLv50以降。,最低1つの命中90以上STABを維持し、自爆・テレポート・反動大技だけの直近4技を禁止。高レベル基礎種は中威力技を再挿入。,未収録・追加対象,B-,最終統合ROMから現行表を抽出後、同名技の重複・ID衝突・取得時期を機械差分で確定する。
569,ダストダス,garbodor,5,どく,ヤブクロン → ダストダス,進化先／最終形,DPE-JP Learnsets.c＋ベガ既存表（既存種）,現代化重点監査,特殊アタッカー,ヘドロウェーブ / どくどく,進化時に役割技を1つ提示。主力STABはLv36～50、反動・積み・専用大技はLv50～65またはLv1思い出し。,DPE表を土台に、進化前へ過剰な終盤技がある場合は後期へ移動。広範囲高火力サブウェポンはレベル技ではなくTM／教え技に限定。,ベノムショック,ダストシュート,どくびし,専用技がある系統は進化時／Lv1思い出しに固定。戦闘専用フォームは基礎形の習得表を共有。,通常。高威力技はLv45以降、強力な積み技はLv50以降。,最低1つの命中90以上STABを維持し、自爆・テレポート・反動大技だけの直近4技を禁止。高レベル基礎種は中威力技を再挿入。,未収録・追加対象,B,最終統合ROMから現行表を抽出後、同名技の重複・ID衝突・取得時期を機械差分で確定する。
570,ゾロア,zorua,5,あく,ゾロア → ゾロアーク,基礎形,DPE-JP Learnsets.c＋ベガ既存表（既存種）,現代化重点監査,物理寄り,かみつく / ちょうはつ,安定したタイプ一致技をLv7～15、二段目をLv20～28に配置。進化前限定の補助技は思い出し対象に残す。,DPE表を土台に、進化前へ過剰な終盤技がある場合は後期へ移動。広範囲高火力サブウェポンはレベル技ではなくTM／教え技に限定。,バークアウト,はたきおとす,わるだくみ,専用技がある系統は進化時／Lv1思い出しに固定。戦闘専用フォームは基礎形の習得表を共有。,通常。高威力技はLv45以降、強力な積み技はLv50以降。,最低1つの命中90以上STABを維持し、自爆・テレポート・反動大技だけの直近4技を禁止。高レベル基礎種は中威力技を再挿入。,未収録・追加対象,B-,最終統合ROMから現行表を抽出後、同名技の重複・ID衝突・取得時期を機械差分で確定する。
571,ゾロアーク,zoroark,5,あく,ゾロア → ゾロアーク,進化先／最終形,DPE-JP Learnsets.c＋ベガ既存表（既存種）,現代化重点監査,特殊アタッカー,イカサマ / ちょうはつ,進化時に役割技を1つ提示。主力STABはLv36～50、反動・積み・専用大技はLv50～65またはLv1思い出し。,DPE表を土台に、進化前へ過剰な終盤技がある場合は後期へ移動。広範囲高火力サブウェポンはレベル技ではなくTM／教え技に限定。,バークアウト,はたきおとす,わるだくみ,専用技がある系統は進化時／Lv1思い出しに固定。戦闘専用フォームは基礎形の習得表を共有。,通常。高威力技はLv45以降、強力な積み技はLv50以降。,最低1つの命中90以上STABを維持し、自爆・テレポート・反動大技だけの直近4技を禁止。高レベル基礎種は中威力技を再挿入。,未収録・追加対象,B,最終統合ROMから現行表を抽出後、同名技の重複・ID衝突・取得時期を機械差分で確定する。
572,チラーミィ,minccino,5,ノーマル,チラーミィ → チラチーノ,基礎形,DPE-JP Learnsets.c＋ベガ既存表（既存種）,現代化重点監査,物理寄り,ずつき / アンコール,安定したタイプ一致技をLv7～15、二段目をLv20～28に配置。進化前限定の補助技は思い出し対象に残す。,DPE表を土台に、進化前へ過剰な終盤技がある場合は後期へ移動。広範囲高火力サブウェポンはレベル技ではなくTM／教え技に限定。,まもる,てだすけ,あくび,専用技がある系統は進化時／Lv1思い出しに固定。戦闘専用フォームは基礎形の習得表を共有。,通常。高威力技はLv45以降、強力な積み技はLv50以降。,最低1つの命中90以上STABを維持し、自爆・テレポート・反動大技だけの直近4技を禁止。高レベル基礎種は中威力技を再挿入。,未収録・追加対象,B-,最終統合ROMから現行表を抽出後、同名技の重複・ID衝突・取得時期を機械差分で確定する。
573,チラチーノ,cinccino,5,ノーマル,チラーミィ → チラチーノ,進化先／最終形,DPE-JP Learnsets.c＋ベガ既存表（既存種）,現代化重点監査,物理寄り,すてみタックル / アンコール,進化時に役割技を1つ提示。主力STABはLv36～50、反動・積み・専用大技はLv50～65またはLv1思い出し。,DPE表を土台に、進化前へ過剰な終盤技がある場合は後期へ移動。広範囲高火力サブウェポンはレベル技ではなくTM／教え技に限定。,まもる,てだすけ,あくび,専用技がある系統は進化時／Lv1思い出しに固定。戦闘専用フォームは基礎形の習得表を共有。,通常。高威力技はLv45以降、強力な積み技はLv50以降。,最低1つの命中90以上STABを維持し、自爆・テレポート・反動大技だけの直近4技を禁止。高レベル基礎種は中威力技を再挿入。,未収録・追加対象,B,最終統合ROMから現行表を抽出後、同名技の重複・ID衝突・取得時期を機械差分で確定する。
574,ゴチム,gothita,5,エスパー,ゴチム → ゴチミル → ゴチルゼル,基礎形,DPE-JP Learnsets.c＋ベガ既存表（既存種）,現代化重点監査,特殊寄り,ねんりき / めいそう,安定したタイプ一致技をLv7～15、二段目をLv20～28に配置。進化前限定の補助技は思い出し対象に残す。,DPE表を土台に、進化前へ過剰な終盤技がある場合は後期へ移動。広範囲高火力サブウェポンはレベル技ではなくTM／教え技に限定。,サイコショック,トリック,ひかりのかべ,専用技がある系統は進化時／Lv1思い出しに固定。戦闘専用フォームは基礎形の習得表を共有。,通常。高威力技はLv45以降、強力な積み技はLv50以降。,最低1つの命中90以上STABを維持し、自爆・テレポート・反動大技だけの直近4技を禁止。高レベル基礎種は中威力技を再挿入。,未収録・追加対象,B-,最終統合ROMから現行表を抽出後、同名技の重複・ID衝突・取得時期を機械差分で確定する。
575,ゴチミル,gothorita,5,エスパー,ゴチム → ゴチミル → ゴチルゼル,中間進化,DPE-JP Learnsets.c＋ベガ既存表（既存種）,現代化重点監査,特殊寄り,サイコキネシス / めいそう,中威力STABをLv22～35、役割補助技を進化時またはLv30前後に配置。最終大技は先送り。,DPE表を土台に、進化前へ過剰な終盤技がある場合は後期へ移動。広範囲高火力サブウェポンはレベル技ではなくTM／教え技に限定。,サイコショック,トリック,ひかりのかべ,専用技がある系統は進化時／Lv1思い出しに固定。戦闘専用フォームは基礎形の習得表を共有。,通常。高威力技はLv45以降、強力な積み技はLv50以降。,最低1つの命中90以上STABを維持し、自爆・テレポート・反動大技だけの直近4技を禁止。高レベル基礎種は中威力技を再挿入。,未収録・追加対象,B,最終統合ROMから現行表を抽出後、同名技の重複・ID衝突・取得時期を機械差分で確定する。
576,ゴチルゼル,gothitelle,5,エスパー,ゴチム → ゴチミル → ゴチルゼル,進化先／最終形,DPE-JP Learnsets.c＋ベガ既存表（既存種）,現代化重点監査,特殊アタッカー,サイコショック / めいそう,進化時に役割技を1つ提示。主力STABはLv36～50、反動・積み・専用大技はLv50～65またはLv1思い出し。,DPE表を土台に、進化前へ過剰な終盤技がある場合は後期へ移動。広範囲高火力サブウェポンはレベル技ではなくTM／教え技に限定。,サイコショック,トリック,ひかりのかべ,専用技がある系統は進化時／Lv1思い出しに固定。戦闘専用フォームは基礎形の習得表を共有。,通常。高威力技はLv45以降、強力な積み技はLv50以降。,最低1つの命中90以上STABを維持し、自爆・テレポート・反動大技だけの直近4技を禁止。高レベル基礎種は中威力技を再挿入。,未収録・追加対象,B,最終統合ROMから現行表を抽出後、同名技の重複・ID衝突・取得時期を機械差分で確定する。
577,ユニラン,solosis,5,エスパー,ユニラン → ダブラン → ランクルス,基礎形,DPE-JP Learnsets.c＋ベガ既存表（既存種）,現代化重点監査,特殊寄り,ねんりき / めいそう,安定したタイプ一致技をLv7～15、二段目をLv20～28に配置。進化前限定の補助技は思い出し対象に残す。,DPE表を土台に、進化前へ過剰な終盤技がある場合は後期へ移動。広範囲高火力サブウェポンはレベル技ではなくTM／教え技に限定。,サイコショック,トリック,ひかりのかべ,専用技がある系統は進化時／Lv1思い出しに固定。戦闘専用フォームは基礎形の習得表を共有。,通常。高威力技はLv45以降、強力な積み技はLv50以降。,最低1つの命中90以上STABを維持し、自爆・テレポート・反動大技だけの直近4技を禁止。高レベル基礎種は中威力技を再挿入。,未収録・追加対象,B-,最終統合ROMから現行表を抽出後、同名技の重複・ID衝突・取得時期を機械差分で確定する。
578,ダブラン,duosion,5,エスパー,ユニラン → ダブラン → ランクルス,中間進化,DPE-JP Learnsets.c＋ベガ既存表（既存種）,現代化重点監査,特殊寄り,サイコキネシス / めいそう,中威力STABをLv22～35、役割補助技を進化時またはLv30前後に配置。最終大技は先送り。,DPE表を土台に、進化前へ過剰な終盤技がある場合は後期へ移動。広範囲高火力サブウェポンはレベル技ではなくTM／教え技に限定。,サイコショック,トリック,ひかりのかべ,専用技がある系統は進化時／Lv1思い出しに固定。戦闘専用フォームは基礎形の習得表を共有。,通常。高威力技はLv45以降、強力な積み技はLv50以降。,最低1つの命中90以上STABを維持し、自爆・テレポート・反動大技だけの直近4技を禁止。高レベル基礎種は中威力技を再挿入。,未収録・追加対象,B,最終統合ROMから現行表を抽出後、同名技の重複・ID衝突・取得時期を機械差分で確定する。
579,ランクルス,reuniclus,5,エスパー,ユニラン → ダブラン → ランクルス,進化先／最終形,DPE-JP Learnsets.c＋ベガ既存表（既存種）,現代化重点監査,特殊アタッカー,サイコショック / めいそう,進化時に役割技を1つ提示。主力STABはLv36～50、反動・積み・専用大技はLv50～65またはLv1思い出し。,DPE表を土台に、進化前へ過剰な終盤技がある場合は後期へ移動。広範囲高火力サブウェポンはレベル技ではなくTM／教え技に限定。,サイコショック,トリック,ひかりのかべ,専用技がある系統は進化時／Lv1思い出しに固定。戦闘専用フォームは基礎形の習得表を共有。,通常。高威力技はLv45以降、強力な積み技はLv50以降。,最低1つの命中90以上STABを維持し、自爆・テレポート・反動大技だけの直近4技を禁止。高レベル基礎種は中威力技を再挿入。,未収録・追加対象,B,最終統合ROMから現行表を抽出後、同名技の重複・ID衝突・取得時期を機械差分で確定する。
580,コアルヒー,ducklett,5,みず／ひこう,コアルヒー → スワンナ,基礎形,DPE-JP Learnsets.c＋ベガ既存表（既存種）,現代化重点監査,両刀・可変,アクアジェット / みずのはどう / つばさでうつ / かぜおこし,安定したタイプ一致技をLv7～15、二段目をLv20～28に配置。進化前限定の補助技は思い出し対象に残す。,DPE表を土台に、進化前へ過剰な終盤技がある場合は後期へ移動。広範囲高火力サブウェポンはレベル技ではなくTM／教え技に限定。,アクアブレイク / アクロバット,クイックターン / おいかぜ,アクアリング / はねやすめ,専用技がある系統は進化時／Lv1思い出しに固定。戦闘専用フォームは基礎形の習得表を共有。,通常。高威力技はLv45以降、強力な積み技はLv50以降。,最低1つの命中90以上STABを維持し、自爆・テレポート・反動大技だけの直近4技を禁止。高レベル基礎種は中威力技を再挿入。,未収録・追加対象,B-,最終統合ROMから現行表を抽出後、同名技の重複・ID衝突・取得時期を機械差分で確定する。
581,スワンナ,swanna,5,みず／ひこう,コアルヒー → スワンナ,進化先／最終形,DPE-JP Learnsets.c＋ベガ既存表（既存種）,現代化重点監査,特殊アタッカー,ハイドロポンプ / あまごい / ぼうふう / おいかぜ,進化時に役割技を1つ提示。主力STABはLv36～50、反動・積み・専用大技はLv50～65またはLv1思い出し。,DPE表を土台に、進化前へ過剰な終盤技がある場合は後期へ移動。広範囲高火力サブウェポンはレベル技ではなくTM／教え技に限定。,アクアブレイク / アクロバット,クイックターン / おいかぜ,アクアリング / はねやすめ,専用技がある系統は進化時／Lv1思い出しに固定。戦闘専用フォームは基礎形の習得表を共有。,通常。高威力技はLv45以降、強力な積み技はLv50以降。,最低1つの命中90以上STABを維持し、自爆・テレポート・反動大技だけの直近4技を禁止。高レベル基礎種は中威力技を再挿入。,未収録・追加対象,B,最終統合ROMから現行表を抽出後、同名技の重複・ID衝突・取得時期を機械差分で確定する。
582,バニプッチ,vanillite,5,こおり,バニプッチ → バニリッチ → バイバニラ,基礎形,DPE-JP Learnsets.c＋ベガ既存表（既存種）,現代化重点監査,特殊寄り,こごえるかぜ / ゆきげしき,安定したタイプ一致技をLv7～15、二段目をLv20～28に配置。進化前限定の補助技は思い出し対象に残す。,DPE表を土台に、進化前へ過剰な終盤技がある場合は後期へ移動。広範囲高火力サブウェポンはレベル技ではなくTM／教え技に限定。,アイススピナー,トリプルアクセル,オーロラベール,専用技がある系統は進化時／Lv1思い出しに固定。戦闘専用フォームは基礎形の習得表を共有。,通常。高威力技はLv45以降、強力な積み技はLv50以降。,最低1つの命中90以上STABを維持し、自爆・テレポート・反動大技だけの直近4技を禁止。高レベル基礎種は中威力技を再挿入。,未収録・追加対象,B-,最終統合ROMから現行表を抽出後、同名技の重複・ID衝突・取得時期を機械差分で確定する。
583,バニリッチ,vanillish,5,こおり,バニプッチ → バニリッチ → バイバニラ,中間進化,DPE-JP Learnsets.c＋ベガ既存表（既存種）,現代化重点監査,特殊寄り,れいとうビーム / ゆきげしき,中威力STABをLv22～35、役割補助技を進化時またはLv30前後に配置。最終大技は先送り。,DPE表を土台に、進化前へ過剰な終盤技がある場合は後期へ移動。広範囲高火力サブウェポンはレベル技ではなくTM／教え技に限定。,アイススピナー,トリプルアクセル,オーロラベール,専用技がある系統は進化時／Lv1思い出しに固定。戦闘専用フォームは基礎形の習得表を共有。,通常。高威力技はLv45以降、強力な積み技はLv50以降。,最低1つの命中90以上STABを維持し、自爆・テレポート・反動大技だけの直近4技を禁止。高レベル基礎種は中威力技を再挿入。,未収録・追加対象,B,最終統合ROMから現行表を抽出後、同名技の重複・ID衝突・取得時期を機械差分で確定する。
584,バイバニラ,vanilluxe,5,こおり,バニプッチ → バニリッチ → バイバニラ,進化先／最終形,DPE-JP Learnsets.c＋ベガ既存表（既存種）,現代化重点監査,特殊アタッカー,ふぶき / ゆきげしき,進化時に役割技を1つ提示。主力STABはLv36～50、反動・積み・専用大技はLv50～65またはLv1思い出し。,DPE表を土台に、進化前へ過剰な終盤技がある場合は後期へ移動。広範囲高火力サブウェポンはレベル技ではなくTM／教え技に限定。,アイススピナー,トリプルアクセル,オーロラベール,専用技がある系統は進化時／Lv1思い出しに固定。戦闘専用フォームは基礎形の習得表を共有。,通常。高威力技はLv45以降、強力な積み技はLv50以降。,最低1つの命中90以上STABを維持し、自爆・テレポート・反動大技だけの直近4技を禁止。高レベル基礎種は中威力技を再挿入。,未収録・追加対象,B,最終統合ROMから現行表を抽出後、同名技の重複・ID衝突・取得時期を機械差分で確定する。
585,シキジカ,deerling,5,ノーマル／くさ,シキジカ → メブキジカ,基礎形,DPE-JP Learnsets.c＋ベガ既存表（既存種）,現代化重点監査,両刀・可変,ずつき / スピードスター / はっぱカッター / メガドレイン,安定したタイプ一致技をLv7～15、二段目をLv20～28に配置。進化前限定の補助技は思い出し対象に残す。,DPE表を土台に、進化前へ過剰な終盤技がある場合は後期へ移動。広範囲高火力サブウェポンはレベル技ではなくTM／教え技に限定。,まもる / くさむすび,てだすけ / グラススライダー,あくび / こうごうせい,専用技がある系統は進化時／Lv1思い出しに固定。戦闘専用フォームは基礎形の習得表を共有。,通常。高威力技はLv45以降、強力な積み技はLv50以降。,最低1つの命中90以上STABを維持し、自爆・テレポート・反動大技だけの直近4技を禁止。高レベル基礎種は中威力技を再挿入。,未収録・追加対象,B-,最終統合ROMから現行表を抽出後、同名技の重複・ID衝突・取得時期を機械差分で確定する。
586,メブキジカ,sawsbuck,5,ノーマル／くさ,シキジカ → メブキジカ,進化先／最終形,DPE-JP Learnsets.c＋ベガ既存表（既存種）,現代化重点監査,両刀・可変,のしかかり / ハイパーボイス / アンコール / タネばくだん,進化時に役割技を1つ提示。主力STABはLv36～50、反動・積み・専用大技はLv50～65またはLv1思い出し。,DPE表を土台に、進化前へ過剰な終盤技がある場合は後期へ移動。広範囲高火力サブウェポンはレベル技ではなくTM／教え技に限定。,まもる / くさむすび,てだすけ / グラススライダー,あくび / こうごうせい,専用技がある系統は進化時／Lv1思い出しに固定。戦闘専用フォームは基礎形の習得表を共有。,通常。高威力技はLv45以降、強力な積み技はLv50以降。,最低1つの命中90以上STABを維持し、自爆・テレポート・反動大技だけの直近4技を禁止。高レベル基礎種は中威力技を再挿入。,未収録・追加対象,B,最終統合ROMから現行表を抽出後、同名技の重複・ID衝突・取得時期を機械差分で確定する。
587,エモンガ,emolga,5,でんき／ひこう,エモンガ,基礎形,DPE-JP Learnsets.c＋ベガ既存表（既存種）,現代化重点監査,特殊寄り,でんきショック / でんじは / かぜおこし / おいかぜ,安定したタイプ一致技をLv7～15、二段目をLv20～28に配置。進化前限定の補助技は思い出し対象に残す。,DPE表を土台に、進化前へ過剰な終盤技がある場合は後期へ移動。広範囲高火力サブウェポンはレベル技ではなくTM／教え技に限定。,ボルトチェンジ / アクロバット,エレキネット / おいかぜ,じゅうでん / はねやすめ,専用技がある系統は進化時／Lv1思い出しに固定。戦闘専用フォームは基礎形の習得表を共有。,通常。高威力技はLv45以降、強力な積み技はLv50以降。,最低1つの命中90以上STABを維持し、自爆・テレポート・反動大技だけの直近4技を禁止。高レベル基礎種は中威力技を再挿入。,未収録・追加対象,B-,最終統合ROMから現行表を抽出後、同名技の重複・ID衝突・取得時期を機械差分で確定する。
588,カブルモ,karrablast,5,むし,カブルモ → シュバルゴ,基礎形,DPE-JP Learnsets.c＋ベガ既存表（既存種）,現代化重点監査,物理寄り,むしくい / ねばねばネット,安定したタイプ一致技をLv7～15、二段目をLv20～28に配置。進化前限定の補助技は思い出し対象に残す。,DPE表を土台に、進化前へ過剰な終盤技がある場合は後期へ移動。広範囲高火力サブウェポンはレベル技ではなくTM／教え技に限定。,とんぼがえり,むしくい,いとをはく,専用技がある系統は進化時／Lv1思い出しに固定。戦闘専用フォームは基礎形の習得表を共有。,通常。高威力技はLv45以降、強力な積み技はLv50以降。,最低1つの命中90以上STABを維持し、自爆・テレポート・反動大技だけの直近4技を禁止。高レベル基礎種は中威力技を再挿入。,未収録・追加対象,B-,最終統合ROMから現行表を抽出後、同名技の重複・ID衝突・取得時期を機械差分で確定する。
589,シュバルゴ,escavalier,5,むし／はがね,カブルモ → シュバルゴ,進化先／最終形,DPE-JP Learnsets.c＋ベガ既存表（既存種）,現代化重点監査,物理アタッカー,メガホーン / ねばねばネット / ヘビーボンバー / てっぺき,進化時に役割技を1つ提示。主力STABはLv36～50、反動・積み・専用大技はLv50～65またはLv1思い出し。,DPE表を土台に、進化前へ過剰な終盤技がある場合は後期へ移動。広範囲高火力サブウェポンはレベル技ではなくTM／教え技に限定。,とんぼがえり / ラスターカノン,むしくい / アイアンヘッド,いとをはく / ボディプレス,専用技がある系統は進化時／Lv1思い出しに固定。戦闘専用フォームは基礎形の習得表を共有。,通常。高威力技はLv45以降、強力な積み技はLv50以降。,最低1つの命中90以上STABを維持し、自爆・テレポート・反動大技だけの直近4技を禁止。高レベル基礎種は中威力技を再挿入。,未収録・追加対象,B,最終統合ROMから現行表を抽出後、同名技の重複・ID衝突・取得時期を機械差分で確定する。
590,タマゲタケ,foongus,5,くさ／どく,タマゲタケ → モロバレル,基礎形,DPE-JP Learnsets.c＋ベガ既存表（既存種）,現代化重点監査,特殊寄り,メガドレイン / やどりぎのタネ / アシッドボム / どくどく,安定したタイプ一致技をLv7～15、二段目をLv20～28に配置。進化前限定の補助技は思い出し対象に残す。,DPE表を土台に、進化前へ過剰な終盤技がある場合は後期へ移動。広範囲高火力サブウェポンはレベル技ではなくTM／教え技に限定。,くさむすび / ベノムショック,グラススライダー / ダストシュート,こうごうせい / どくびし,専用技がある系統は進化時／Lv1思い出しに固定。戦闘専用フォームは基礎形の習得表を共有。,通常。高威力技はLv45以降、強力な積み技はLv50以降。,最低1つの命中90以上STABを維持し、自爆・テレポート・反動大技だけの直近4技を禁止。高レベル基礎種は中威力技を再挿入。,未収録・追加対象,B-,最終統合ROMから現行表を抽出後、同名技の重複・ID衝突・取得時期を機械差分で確定する。
591,モロバレル,amoonguss,5,くさ／どく,タマゲタケ → モロバレル,進化先／最終形,DPE-JP Learnsets.c＋ベガ既存表（既存種）,現代化重点監査,特殊アタッカー,エナジーボール / やどりぎのタネ / ヘドロウェーブ / どくどく,進化時に役割技を1つ提示。主力STABはLv36～50、反動・積み・専用大技はLv50～65またはLv1思い出し。,DPE表を土台に、進化前へ過剰な終盤技がある場合は後期へ移動。広範囲高火力サブウェポンはレベル技ではなくTM／教え技に限定。,くさむすび / ベノムショック,グラススライダー / ダストシュート,こうごうせい / どくびし,専用技がある系統は進化時／Lv1思い出しに固定。戦闘専用フォームは基礎形の習得表を共有。,通常。高威力技はLv45以降、強力な積み技はLv50以降。,最低1つの命中90以上STABを維持し、自爆・テレポート・反動大技だけの直近4技を禁止。高レベル基礎種は中威力技を再挿入。,未収録・追加対象,B,最終統合ROMから現行表を抽出後、同名技の重複・ID衝突・取得時期を機械差分で確定する。
592,プルリル,frillish,5,みず／ゴースト,プルリル → ブルンゲル,基礎形,DPE-JP Learnsets.c＋ベガ既存表（既存種）,現代化重点監査,特殊寄り,みずのはどう / あまごい / おどろかす / おにび,安定したタイプ一致技をLv7～15、二段目をLv20～28に配置。進化前限定の補助技は思い出し対象に残す。,DPE表を土台に、進化前へ過剰な終盤技がある場合は後期へ移動。広範囲高火力サブウェポンはレベル技ではなくTM／教え技に限定。,アクアブレイク / シャドークロー,クイックターン / ポルターガイスト,アクアリング / みちづれ,専用技がある系統は進化時／Lv1思い出しに固定。戦闘専用フォームは基礎形の習得表を共有。,通常。高威力技はLv45以降、強力な積み技はLv50以降。,最低1つの命中90以上STABを維持し、自爆・テレポート・反動大技だけの直近4技を禁止。高レベル基礎種は中威力技を再挿入。,未収録・追加対象,B-,最終統合ROMから現行表を抽出後、同名技の重複・ID衝突・取得時期を機械差分で確定する。
593,ブルンゲル,jellicent,5,みず／ゴースト,プルリル → ブルンゲル,進化先／最終形,DPE-JP Learnsets.c＋ベガ既存表（既存種）,現代化重点監査,特殊アタッカー,ハイドロポンプ / あまごい / シャドーボール / おにび,進化時に役割技を1つ提示。主力STABはLv36～50、反動・積み・専用大技はLv50～65またはLv1思い出し。,DPE表を土台に、進化前へ過剰な終盤技がある場合は後期へ移動。広範囲高火力サブウェポンはレベル技ではなくTM／教え技に限定。,アクアブレイク / シャドークロー,クイックターン / ポルターガイスト,アクアリング / みちづれ,専用技がある系統は進化時／Lv1思い出しに固定。戦闘専用フォームは基礎形の習得表を共有。,通常。高威力技はLv45以降、強力な積み技はLv50以降。,最低1つの命中90以上STABを維持し、自爆・テレポート・反動大技だけの直近4技を禁止。高レベル基礎種は中威力技を再挿入。,未収録・追加対象,B,最終統合ROMから現行表を抽出後、同名技の重複・ID衝突・取得時期を機械差分で確定する。
594,ママンボウ,alomomola,5,みず,ママンボウ,基礎形,DPE-JP Learnsets.c＋ベガ既存表（既存種）,現代化重点監査,耐久・補助,アクアジェット / みずのはどう,安定したタイプ一致技をLv7～15、二段目をLv20～28に配置。進化前限定の補助技は思い出し対象に残す。,DPE表を土台に、進化前へ過剰な終盤技がある場合は後期へ移動。広範囲高火力サブウェポンはレベル技ではなくTM／教え技に限定。,アクアブレイク,クイックターン,アクアリング,専用技がある系統は進化時／Lv1思い出しに固定。戦闘専用フォームは基礎形の習得表を共有。,通常。高威力技はLv45以降、強力な積み技はLv50以降。,最低1つの命中90以上STABを維持し、自爆・テレポート・反動大技だけの直近4技を禁止。高レベル基礎種は中威力技を再挿入。,未収録・追加対象,B-,最終統合ROMから現行表を抽出後、同名技の重複・ID衝突・取得時期を機械差分で確定する。
595,バチュル,joltik,5,むし／でんき,バチュル → デンチュラ,基礎形,DPE-JP Learnsets.c＋ベガ既存表（既存種）,ベガ既存表保護＋選択的現代化,両刀・可変,むしくい / むしのていこう / スパーク / でんきショック,安定したタイプ一致技をLv7～15、二段目をLv20～28に配置。進化前限定の補助技は思い出し対象に残す。,ベガ既存の独自技・攻略導線を保持。無関係な高火力サブウェポン、NPC専用の違法技、早期の積み技だけをTM／教え技へ移す。,とんぼがえり / ボルトチェンジ,むしくい / エレキネット,いとをはく / じゅうでん,専用技がある系統は進化時／Lv1思い出しに固定。戦闘専用フォームは基礎形の習得表を共有。,通常。高威力技はLv45以降、強力な積み技はLv50以降。,最低1つの命中90以上STABを維持し、自爆・テレポート・反動大技だけの直近4技を禁止。高レベル基礎種は中威力技を再挿入。,既存（トーホク図鑑274）,B-,最終統合ROMから現行表を抽出後、同名技の重複・ID衝突・取得時期を機械差分で確定する。
596,デンチュラ,galvantula,5,むし／でんき,バチュル → デンチュラ,進化先／最終形,DPE-JP Learnsets.c＋ベガ既存表（既存種）,ベガ既存表保護＋選択的現代化,特殊アタッカー,かふんだんご / ねばねばネット / かみなり / でんじは,進化時に役割技を1つ提示。主力STABはLv36～50、反動・積み・専用大技はLv50～65またはLv1思い出し。,ベガ既存の独自技・攻略導線を保持。無関係な高火力サブウェポン、NPC専用の違法技、早期の積み技だけをTM／教え技へ移す。,とんぼがえり / ボルトチェンジ,むしくい / エレキネット,いとをはく / じゅうでん,専用技がある系統は進化時／Lv1思い出しに固定。戦闘専用フォームは基礎形の習得表を共有。,通常。高威力技はLv45以降、強力な積み技はLv50以降。,最低1つの命中90以上STABを維持し、自爆・テレポート・反動大技だけの直近4技を禁止。高レベル基礎種は中威力技を再挿入。,既存（トーホク図鑑275）,B,最終統合ROMから現行表を抽出後、同名技の重複・ID衝突・取得時期を機械差分で確定する。
597,テッシード,ferroseed,5,くさ／はがね,テッシード → ナットレイ,基礎形,DPE-JP Learnsets.c＋ベガ既存表（既存種）,ベガ既存表保護＋選択的現代化,両刀・可変,はっぱカッター / メガドレイン / メタルクロー / ミラーショット,安定したタイプ一致技をLv7～15、二段目をLv20～28に配置。進化前限定の補助技は思い出し対象に残す。,ベガ既存の独自技・攻略導線を保持。無関係な高火力サブウェポン、NPC専用の違法技、早期の積み技だけをTM／教え技へ移す。,くさむすび / ラスターカノン,グラススライダー / アイアンヘッド,こうごうせい / ボディプレス,専用技がある系統は進化時／Lv1思い出しに固定。戦闘専用フォームは基礎形の習得表を共有。,通常。高威力技はLv45以降、強力な積み技はLv50以降。,最低1つの命中90以上STABを維持し、自爆・テレポート・反動大技だけの直近4技を禁止。高レベル基礎種は中威力技を再挿入。,既存（トーホク図鑑354）,B-,最終統合ROMから現行表を抽出後、同名技の重複・ID衝突・取得時期を機械差分で確定する。
598,ナットレイ,ferrothorn,5,くさ／はがね,テッシード → ナットレイ,進化先／最終形,DPE-JP Learnsets.c＋ベガ既存表（既存種）,ベガ既存表保護＋選択的現代化,物理アタッカー,リーフブレード / やどりぎのタネ / ヘビーボンバー / てっぺき,進化時に役割技を1つ提示。主力STABはLv36～50、反動・積み・専用大技はLv50～65またはLv1思い出し。,ベガ既存の独自技・攻略導線を保持。無関係な高火力サブウェポン、NPC専用の違法技、早期の積み技だけをTM／教え技へ移す。,くさむすび / ラスターカノン,グラススライダー / アイアンヘッド,こうごうせい / ボディプレス,専用技がある系統は進化時／Lv1思い出しに固定。戦闘専用フォームは基礎形の習得表を共有。,通常。高威力技はLv45以降、強力な積み技はLv50以降。,最低1つの命中90以上STABを維持し、自爆・テレポート・反動大技だけの直近4技を禁止。高レベル基礎種は中威力技を再挿入。,既存（トーホク図鑑355）,B,最終統合ROMから現行表を抽出後、同名技の重複・ID衝突・取得時期を機械差分で確定する。
599,ギアル,klink,5,はがね,ギアル → ギギアル → ギギギアル,基礎形,DPE-JP Learnsets.c＋ベガ既存表（既存種）,ベガ既存表保護＋選択的現代化,物理寄り,メタルクロー / てっぺき,安定したタイプ一致技をLv7～15、二段目をLv20～28に配置。進化前限定の補助技は思い出し対象に残す。,ベガ既存の独自技・攻略導線を保持。無関係な高火力サブウェポン、NPC専用の違法技、早期の積み技だけをTM／教え技へ移す。,ラスターカノン,アイアンヘッド,ボディプレス,専用技がある系統は進化時／Lv1思い出しに固定。戦闘専用フォームは基礎形の習得表を共有。,通常。高威力技はLv45以降、強力な積み技はLv50以降。,最低1つの命中90以上STABを維持し、自爆・テレポート・反動大技だけの直近4技を禁止。高レベル基礎種は中威力技を再挿入。,既存（トーホク図鑑334）,B-,最終統合ROMから現行表を抽出後、同名技の重複・ID衝突・取得時期を機械差分で確定する。
600,ギギアル,klang,5,はがね,ギアル → ギギアル → ギギギアル,中間進化,DPE-JP Learnsets.c＋ベガ既存表（既存種）,ベガ既存表保護＋選択的現代化,物理寄り,アイアンヘッド / てっぺき,中威力STABをLv22～35、役割補助技を進化時またはLv30前後に配置。最終大技は先送り。,ベガ既存の独自技・攻略導線を保持。無関係な高火力サブウェポン、NPC専用の違法技、早期の積み技だけをTM／教え技へ移す。,ラスターカノン,アイアンヘッド,ボディプレス,専用技がある系統は進化時／Lv1思い出しに固定。戦闘専用フォームは基礎形の習得表を共有。,通常。高威力技はLv45以降、強力な積み技はLv50以降。,最低1つの命中90以上STABを維持し、自爆・テレポート・反動大技だけの直近4技を禁止。高レベル基礎種は中威力技を再挿入。,既存（トーホク図鑑335）,B,最終統合ROMから現行表を抽出後、同名技の重複・ID衝突・取得時期を機械差分で確定する。
601,ギギギアル,klinklang,5,はがね,ギアル → ギギアル → ギギギアル,進化先／最終形,DPE-JP Learnsets.c＋ベガ既存表（既存種）,ベガ既存表保護＋選択的現代化,特殊アタッカー,てっていこうせん / てっぺき,進化時に役割技を1つ提示。主力STABはLv36～50、反動・積み・専用大技はLv50～65またはLv1思い出し。,ベガ既存の独自技・攻略導線を保持。無関係な高火力サブウェポン、NPC専用の違法技、早期の積み技だけをTM／教え技へ移す。,ラスターカノン,アイアンヘッド,ボディプレス,専用技がある系統は進化時／Lv1思い出しに固定。戦闘専用フォームは基礎形の習得表を共有。,8バッジ以降の鋼タイプ教え技,最低1つの命中90以上STABを維持し、自爆・テレポート・反動大技だけの直近4技を禁止。高レベル基礎種は中威力技を再挿入。,既存（トーホク図鑑336）,B,最終統合ROMから現行表を抽出後、同名技の重複・ID衝突・取得時期を機械差分で確定する。
602,シビシラス,tynamo,5,でんき,シビシラス → シビビール → シビルドン,基礎形,DPE-JP Learnsets.c＋ベガ既存表（既存種）,ベガ既存表保護＋選択的現代化,特殊寄り,でんきショック / でんじは,安定したタイプ一致技をLv7～15、二段目をLv20～28に配置。進化前限定の補助技は思い出し対象に残す。,ベガ既存の独自技・攻略導線を保持。無関係な高火力サブウェポン、NPC専用の違法技、早期の積み技だけをTM／教え技へ移す。,ボルトチェンジ,エレキネット,じゅうでん,専用技がある系統は進化時／Lv1思い出しに固定。戦闘専用フォームは基礎形の習得表を共有。,通常。高威力技はLv45以降、強力な積み技はLv50以降。,最低1つの命中90以上STABを維持し、自爆・テレポート・反動大技だけの直近4技を禁止。高レベル基礎種は中威力技を再挿入。,既存（トーホク図鑑356）,B-,最終統合ROMから現行表を抽出後、同名技の重複・ID衝突・取得時期を機械差分で確定する。
603,シビビール,eelektrik,5,でんき,シビシラス → シビビール → シビルドン,中間進化,DPE-JP Learnsets.c＋ベガ既存表（既存種）,ベガ既存表保護＋選択的現代化,特殊寄り,10まんボルト / でんじは,中威力STABをLv22～35、役割補助技を進化時またはLv30前後に配置。最終大技は先送り。,ベガ既存の独自技・攻略導線を保持。無関係な高火力サブウェポン、NPC専用の違法技、早期の積み技だけをTM／教え技へ移す。,ボルトチェンジ,エレキネット,じゅうでん,専用技がある系統は進化時／Lv1思い出しに固定。戦闘専用フォームは基礎形の習得表を共有。,通常。高威力技はLv45以降、強力な積み技はLv50以降。,最低1つの命中90以上STABを維持し、自爆・テレポート・反動大技だけの直近4技を禁止。高レベル基礎種は中威力技を再挿入。,既存（トーホク図鑑357）,B,最終統合ROMから現行表を抽出後、同名技の重複・ID衝突・取得時期を機械差分で確定する。
604,シビルドン,eelektross,5,でんき,シビシラス → シビビール → シビルドン,進化先／最終形,DPE-JP Learnsets.c＋ベガ既存表（既存種）,ベガ既存表保護＋選択的現代化,両刀・可変,かみなりパンチ / 10まんボルト / でんじは,進化時に役割技を1つ提示。主力STABはLv36～50、反動・積み・専用大技はLv50～65またはLv1思い出し。,ベガ既存の独自技・攻略導線を保持。無関係な高火力サブウェポン、NPC専用の違法技、早期の積み技だけをTM／教え技へ移す。,ボルトチェンジ,エレキネット,じゅうでん,専用技がある系統は進化時／Lv1思い出しに固定。戦闘専用フォームは基礎形の習得表を共有。,通常。高威力技はLv45以降、強力な積み技はLv50以降。,最低1つの命中90以上STABを維持し、自爆・テレポート・反動大技だけの直近4技を禁止。高レベル基礎種は中威力技を再挿入。,既存（トーホク図鑑358）,B,最終統合ROMから現行表を抽出後、同名技の重複・ID衝突・取得時期を機械差分で確定する。
605,リグレー,elgyem,5,エスパー,リグレー → オーベム,基礎形,DPE-JP Learnsets.c＋ベガ既存表（既存種）,現代化重点監査,特殊寄り,ねんりき / めいそう,安定したタイプ一致技をLv7～15、二段目をLv20～28に配置。進化前限定の補助技は思い出し対象に残す。,DPE表を土台に、進化前へ過剰な終盤技がある場合は後期へ移動。広範囲高火力サブウェポンはレベル技ではなくTM／教え技に限定。,サイコショック,トリック,ひかりのかべ,専用技がある系統は進化時／Lv1思い出しに固定。戦闘専用フォームは基礎形の習得表を共有。,通常。高威力技はLv45以降、強力な積み技はLv50以降。,最低1つの命中90以上STABを維持し、自爆・テレポート・反動大技だけの直近4技を禁止。高レベル基礎種は中威力技を再挿入。,未収録・追加対象,B-,最終統合ROMから現行表を抽出後、同名技の重複・ID衝突・取得時期を機械差分で確定する。
606,オーベム,beheeyem,5,エスパー,リグレー → オーベム,進化先／最終形,DPE-JP Learnsets.c＋ベガ既存表（既存種）,現代化重点監査,特殊アタッカー,サイコショック / めいそう,進化時に役割技を1つ提示。主力STABはLv36～50、反動・積み・専用大技はLv50～65またはLv1思い出し。,DPE表を土台に、進化前へ過剰な終盤技がある場合は後期へ移動。広範囲高火力サブウェポンはレベル技ではなくTM／教え技に限定。,サイコショック,トリック,ひかりのかべ,専用技がある系統は進化時／Lv1思い出しに固定。戦闘専用フォームは基礎形の習得表を共有。,通常。高威力技はLv45以降、強力な積み技はLv50以降。,最低1つの命中90以上STABを維持し、自爆・テレポート・反動大技だけの直近4技を禁止。高レベル基礎種は中威力技を再挿入。,未収録・追加対象,B,最終統合ROMから現行表を抽出後、同名技の重複・ID衝突・取得時期を機械差分で確定する。
607,ヒトモシ,litwick,5,ゴースト／ほのお,ヒトモシ → ランプラー → シャンデラ,基礎形,DPE-JP Learnsets.c＋ベガ既存表（既存種）,現代化重点監査,特殊寄り,おどろかす / おにび / ひのこ,安定したタイプ一致技をLv7～15、二段目をLv20～28に配置。進化前限定の補助技は思い出し対象に残す。,DPE表を土台に、進化前へ過剰な終盤技がある場合は後期へ移動。広範囲高火力サブウェポンはレベル技ではなくTM／教え技に限定。,シャドークロー / かえんほうしゃ,ポルターガイスト / ねっぷう,みちづれ / にほんばれ,専用技がある系統は進化時／Lv1思い出しに固定。戦闘専用フォームは基礎形の習得表を共有。,通常。高威力技はLv45以降、強力な積み技はLv50以降。,最低1つの命中90以上STABを維持し、自爆・テレポート・反動大技だけの直近4技を禁止。高レベル基礎種は中威力技を再挿入。,未収録・追加対象,B-,最終統合ROMから現行表を抽出後、同名技の重複・ID衝突・取得時期を機械差分で確定する。
608,ランプラー,lampent,5,ゴースト／ほのお,ヒトモシ → ランプラー → シャンデラ,中間進化,DPE-JP Learnsets.c＋ベガ既存表（既存種）,現代化重点監査,特殊寄り,たたりめ / おにび / かえんほうしゃ,中威力STABをLv22～35、役割補助技を進化時またはLv30前後に配置。最終大技は先送り。,DPE表を土台に、進化前へ過剰な終盤技がある場合は後期へ移動。広範囲高火力サブウェポンはレベル技ではなくTM／教え技に限定。,シャドークロー / かえんほうしゃ,ポルターガイスト / ねっぷう,みちづれ / にほんばれ,専用技がある系統は進化時／Lv1思い出しに固定。戦闘専用フォームは基礎形の習得表を共有。,通常。高威力技はLv45以降、強力な積み技はLv50以降。,最低1つの命中90以上STABを維持し、自爆・テレポート・反動大技だけの直近4技を禁止。高レベル基礎種は中威力技を再挿入。,未収録・追加対象,B,最終統合ROMから現行表を抽出後、同名技の重複・ID衝突・取得時期を機械差分で確定する。
609,シャンデラ,chandelure,5,ゴースト／ほのお,ヒトモシ → ランプラー → シャンデラ,進化先／最終形,DPE-JP Learnsets.c＋ベガ既存表（既存種）,現代化重点監査,特殊アタッカー,シャドーボール / おにび / だいもんじ,進化時に役割技を1つ提示。主力STABはLv36～50、反動・積み・専用大技はLv50～65またはLv1思い出し。,DPE表を土台に、進化前へ過剰な終盤技がある場合は後期へ移動。広範囲高火力サブウェポンはレベル技ではなくTM／教え技に限定。,シャドークロー / かえんほうしゃ,ポルターガイスト / ねっぷう,みちづれ / にほんばれ,専用技がある系統は進化時／Lv1思い出しに固定。戦闘専用フォームは基礎形の習得表を共有。,通常。高威力技はLv45以降、強力な積み技はLv50以降。,最低1つの命中90以上STABを維持し、自爆・テレポート・反動大技だけの直近4技を禁止。高レベル基礎種は中威力技を再挿入。,未収録・追加対象,B,最終統合ROMから現行表を抽出後、同名技の重複・ID衝突・取得時期を機械差分で確定する。
610,キバゴ,axew,5,ドラゴン,キバゴ → オノンド → オノノクス,基礎形,DPE-JP Learnsets.c＋ベガ既存表（既存種）,現代化重点監査,物理寄り,ドラゴンテール / りゅうのまい,安定したタイプ一致技をLv7～15、二段目をLv20～28に配置。進化前限定の補助技は思い出し対象に残す。,DPE表を土台に、進化前へ過剰な終盤技がある場合は後期へ移動。広範囲高火力サブウェポンはレベル技ではなくTM／教え技に限定。,ワイドブレイカー,りゅうせいぐん,こわいかお,専用技がある系統は進化時／Lv1思い出しに固定。戦闘専用フォームは基礎形の習得表を共有。,最終進化Lv50以上。600族はLv55以上,最低1つの命中90以上STABを維持し、自爆・テレポート・反動大技だけの直近4技を禁止。高レベル基礎種は中威力技を再挿入。,未収録・追加対象,B-,最終統合ROMから現行表を抽出後、同名技の重複・ID衝突・取得時期を機械差分で確定する。
611,オノンド,fraxure,5,ドラゴン,キバゴ → オノンド → オノノクス,中間進化,DPE-JP Learnsets.c＋ベガ既存表（既存種）,現代化重点監査,物理寄り,ドラゴンクロー / りゅうのまい,中威力STABをLv22～35、役割補助技を進化時またはLv30前後に配置。最終大技は先送り。,DPE表を土台に、進化前へ過剰な終盤技がある場合は後期へ移動。広範囲高火力サブウェポンはレベル技ではなくTM／教え技に限定。,ワイドブレイカー,りゅうせいぐん,こわいかお,専用技がある系統は進化時／Lv1思い出しに固定。戦闘専用フォームは基礎形の習得表を共有。,最終進化Lv50以上。600族はLv55以上,最低1つの命中90以上STABを維持し、自爆・テレポート・反動大技だけの直近4技を禁止。高レベル基礎種は中威力技を再挿入。,未収録・追加対象,B,最終統合ROMから現行表を抽出後、同名技の重複・ID衝突・取得時期を機械差分で確定する。
612,オノノクス,haxorus,5,ドラゴン,キバゴ → オノンド → オノノクス,進化先／最終形,DPE-JP Learnsets.c＋ベガ既存表（既存種）,現代化重点監査,物理アタッカー,げきりん / りゅうのまい,進化時に役割技を1つ提示。主力STABはLv36～50、反動・積み・専用大技はLv50～65またはLv1思い出し。,DPE表を土台に、進化前へ過剰な終盤技がある場合は後期へ移動。広範囲高火力サブウェポンはレベル技ではなくTM／教え技に限定。,ワイドブレイカー,りゅうせいぐん,こわいかお,専用技がある系統は進化時／Lv1思い出しに固定。戦闘専用フォームは基礎形の習得表を共有。,最終進化Lv50以上。600族はLv55以上,最低1つの命中90以上STABを維持し、自爆・テレポート・反動大技だけの直近4技を禁止。高レベル基礎種は中威力技を再挿入。,未収録・追加対象,B,最終統合ROMから現行表を抽出後、同名技の重複・ID衝突・取得時期を機械差分で確定する。
613,クマシュン,cubchoo,5,こおり,クマシュン → ツンベアー,基礎形,DPE-JP Learnsets.c＋ベガ既存表（既存種）,現代化重点監査,特殊寄り,こごえるかぜ / ゆきげしき,安定したタイプ一致技をLv7～15、二段目をLv20～28に配置。進化前限定の補助技は思い出し対象に残す。,DPE表を土台に、進化前へ過剰な終盤技がある場合は後期へ移動。広範囲高火力サブウェポンはレベル技ではなくTM／教え技に限定。,アイススピナー,トリプルアクセル,オーロラベール,専用技がある系統は進化時／Lv1思い出しに固定。戦闘専用フォームは基礎形の習得表を共有。,通常。高威力技はLv45以降、強力な積み技はLv50以降。,最低1つの命中90以上STABを維持し、自爆・テレポート・反動大技だけの直近4技を禁止。高レベル基礎種は中威力技を再挿入。,未収録・追加対象,B-,最終統合ROMから現行表を抽出後、同名技の重複・ID衝突・取得時期を機械差分で確定する。
614,ツンベアー,beartic,5,こおり,クマシュン → ツンベアー,進化先／最終形,DPE-JP Learnsets.c＋ベガ既存表（既存種）,現代化重点監査,特殊寄り,ふぶき / ゆきげしき,進化時に役割技を1つ提示。主力STABはLv36～50、反動・積み・専用大技はLv50～65またはLv1思い出し。,DPE表を土台に、進化前へ過剰な終盤技がある場合は後期へ移動。広範囲高火力サブウェポンはレベル技ではなくTM／教え技に限定。,アイススピナー,トリプルアクセル,オーロラベール,専用技がある系統は進化時／Lv1思い出しに固定。戦闘専用フォームは基礎形の習得表を共有。,通常。高威力技はLv45以降、強力な積み技はLv50以降。,最低1つの命中90以上STABを維持し、自爆・テレポート・反動大技だけの直近4技を禁止。高レベル基礎種は中威力技を再挿入。,未収録・追加対象,B,最終統合ROMから現行表を抽出後、同名技の重複・ID衝突・取得時期を機械差分で確定する。
615,フリージオ,cryogonal,5,こおり,フリージオ,基礎形,DPE-JP Learnsets.c＋ベガ既存表（既存種）,ベガ既存表保護＋選択的現代化,特殊アタッカー,こごえるかぜ / ゆきげしき,安定したタイプ一致技をLv7～15、二段目をLv20～28に配置。進化前限定の補助技は思い出し対象に残す。,ベガ既存の独自技・攻略導線を保持。無関係な高火力サブウェポン、NPC専用の違法技、早期の積み技だけをTM／教え技へ移す。,アイススピナー,トリプルアクセル,オーロラベール,専用技がある系統は進化時／Lv1思い出しに固定。戦闘専用フォームは基礎形の習得表を共有。,通常。高威力技はLv45以降、強力な積み技はLv50以降。,最低1つの命中90以上STABを維持し、自爆・テレポート・反動大技だけの直近4技を禁止。高レベル基礎種は中威力技を再挿入。,既存（トーホク図鑑312）,B-,最終統合ROMから現行表を抽出後、同名技の重複・ID衝突・取得時期を機械差分で確定する。
616,チョボマキ,shelmet,5,むし,チョボマキ → アギルダー,基礎形,DPE-JP Learnsets.c＋ベガ既存表（既存種）,現代化重点監査,物理寄り,むしくい / ねばねばネット,安定したタイプ一致技をLv7～15、二段目をLv20～28に配置。進化前限定の補助技は思い出し対象に残す。,DPE表を土台に、進化前へ過剰な終盤技がある場合は後期へ移動。広範囲高火力サブウェポンはレベル技ではなくTM／教え技に限定。,とんぼがえり,むしくい,いとをはく,専用技がある系統は進化時／Lv1思い出しに固定。戦闘専用フォームは基礎形の習得表を共有。,通常。高威力技はLv45以降、強力な積み技はLv50以降。,最低1つの命中90以上STABを維持し、自爆・テレポート・反動大技だけの直近4技を禁止。高レベル基礎種は中威力技を再挿入。,未収録・追加対象,B-,最終統合ROMから現行表を抽出後、同名技の重複・ID衝突・取得時期を機械差分で確定する。
617,アギルダー,accelgor,5,むし,チョボマキ → アギルダー,進化先／最終形,DPE-JP Learnsets.c＋ベガ既存表（既存種）,現代化重点監査,特殊アタッカー,かふんだんご / ねばねばネット,進化時に役割技を1つ提示。主力STABはLv36～50、反動・積み・専用大技はLv50～65またはLv1思い出し。,DPE表を土台に、進化前へ過剰な終盤技がある場合は後期へ移動。広範囲高火力サブウェポンはレベル技ではなくTM／教え技に限定。,とんぼがえり,むしくい,いとをはく,専用技がある系統は進化時／Lv1思い出しに固定。戦闘専用フォームは基礎形の習得表を共有。,通常。高威力技はLv45以降、強力な積み技はLv50以降。,最低1つの命中90以上STABを維持し、自爆・テレポート・反動大技だけの直近4技を禁止。高レベル基礎種は中威力技を再挿入。,未収録・追加対象,B,最終統合ROMから現行表を抽出後、同名技の重複・ID衝突・取得時期を機械差分で確定する。
618,マッギョ,stunfisk,5,じめん／でんき,マッギョ,基礎形,DPE-JP Learnsets.c＋ベガ既存表（既存種）,ベガ既存表保護＋選択的現代化,両刀・可変,どろかけ / マッドショット / スパーク / でんきショック,安定したタイプ一致技をLv7～15、二段目をLv20～28に配置。進化前限定の補助技は思い出し対象に残す。,ベガ既存の独自技・攻略導線を保持。無関係な高火力サブウェポン、NPC専用の違法技、早期の積み技だけをTM／教え技へ移す。,じならし / ボルトチェンジ,ねっさのだいち / エレキネット,まきびし / じゅうでん,専用技がある系統は進化時／Lv1思い出しに固定。戦闘専用フォームは基礎形の習得表を共有。,通常。高威力技はLv45以降、強力な積み技はLv50以降。,最低1つの命中90以上STABを維持し、自爆・テレポート・反動大技だけの直近4技を禁止。高レベル基礎種は中威力技を再挿入。,既存（トーホク図鑑326）,B-,最終統合ROMから現行表を抽出後、同名技の重複・ID衝突・取得時期を機械差分で確定する。
619,コジョフー,mienfoo,5,かくとう,コジョフー → コジョンド,基礎形,DPE-JP Learnsets.c＋ベガ既存表（既存種）,ベガ既存表保護＋選択的現代化,物理寄り,いわくだき / ビルドアップ,安定したタイプ一致技をLv7～15、二段目をLv20～28に配置。進化前限定の補助技は思い出し対象に残す。,ベガ既存の独自技・攻略導線を保持。無関係な高火力サブウェポン、NPC専用の違法技、早期の積み技だけをTM／教え技へ移す。,ドレインパンチ,コーチング,みきり,専用技がある系統は進化時／Lv1思い出しに固定。戦闘専用フォームは基礎形の習得表を共有。,通常。高威力技はLv45以降、強力な積み技はLv50以降。,最低1つの命中90以上STABを維持し、自爆・テレポート・反動大技だけの直近4技を禁止。高レベル基礎種は中威力技を再挿入。,既存（トーホク図鑑371）,B-,最終統合ROMから現行表を抽出後、同名技の重複・ID衝突・取得時期を機械差分で確定する。
620,コジョンド,mienshao,5,かくとう,コジョフー → コジョンド,進化先／最終形,DPE-JP Learnsets.c＋ベガ既存表（既存種）,ベガ既存表保護＋選択的現代化,物理アタッカー,インファイト / ビルドアップ,進化時に役割技を1つ提示。主力STABはLv36～50、反動・積み・専用大技はLv50～65またはLv1思い出し。,ベガ既存の独自技・攻略導線を保持。無関係な高火力サブウェポン、NPC専用の違法技、早期の積み技だけをTM／教え技へ移す。,ドレインパンチ,コーチング,みきり,専用技がある系統は進化時／Lv1思い出しに固定。戦闘専用フォームは基礎形の習得表を共有。,通常。高威力技はLv45以降、強力な積み技はLv50以降。,最低1つの命中90以上STABを維持し、自爆・テレポート・反動大技だけの直近4技を禁止。高レベル基礎種は中威力技を再挿入。,既存（トーホク図鑑372）,B,最終統合ROMから現行表を抽出後、同名技の重複・ID衝突・取得時期を機械差分で確定する。
621,クリムガン,druddigon,5,ドラゴン,クリムガン,基礎形,DPE-JP Learnsets.c＋ベガ既存表（既存種）,現代化重点監査,物理アタッカー,ドラゴンテール / りゅうのまい,安定したタイプ一致技をLv7～15、二段目をLv20～28に配置。進化前限定の補助技は思い出し対象に残す。,DPE表を土台に、進化前へ過剰な終盤技がある場合は後期へ移動。広範囲高火力サブウェポンはレベル技ではなくTM／教え技に限定。,ワイドブレイカー,りゅうせいぐん,こわいかお,専用技がある系統は進化時／Lv1思い出しに固定。戦闘専用フォームは基礎形の習得表を共有。,最終進化Lv50以上。600族はLv55以上,最低1つの命中90以上STABを維持し、自爆・テレポート・反動大技だけの直近4技を禁止。高レベル基礎種は中威力技を再挿入。,未収録・追加対象,B-,最終統合ROMから現行表を抽出後、同名技の重複・ID衝突・取得時期を機械差分で確定する。
622,ゴビット,golett,5,じめん／ゴースト,ゴビット → ゴルーグ,基礎形,DPE-JP Learnsets.c＋ベガ既存表（既存種）,現代化重点監査,両刀・可変,どろかけ / マッドショット / かげうち / おどろかす,安定したタイプ一致技をLv7～15、二段目をLv20～28に配置。進化前限定の補助技は思い出し対象に残す。,DPE表を土台に、進化前へ過剰な終盤技がある場合は後期へ移動。広範囲高火力サブウェポンはレベル技ではなくTM／教え技に限定。,じならし / シャドークロー,ねっさのだいち / ポルターガイスト,まきびし / みちづれ,専用技がある系統は進化時／Lv1思い出しに固定。戦闘専用フォームは基礎形の習得表を共有。,通常。高威力技はLv45以降、強力な積み技はLv50以降。,最低1つの命中90以上STABを維持し、自爆・テレポート・反動大技だけの直近4技を禁止。高レベル基礎種は中威力技を再挿入。,未収録・追加対象,B-,最終統合ROMから現行表を抽出後、同名技の重複・ID衝突・取得時期を機械差分で確定する。
623,ゴルーグ,golurk,5,じめん／ゴースト,ゴビット → ゴルーグ,進化先／最終形,DPE-JP Learnsets.c＋ベガ既存表（既存種）,現代化重点監査,物理アタッカー,じしん / すなあらし / ポルターガイスト / おにび,進化時に役割技を1つ提示。主力STABはLv36～50、反動・積み・専用大技はLv50～65またはLv1思い出し。,DPE表を土台に、進化前へ過剰な終盤技がある場合は後期へ移動。広範囲高火力サブウェポンはレベル技ではなくTM／教え技に限定。,じならし / シャドークロー,ねっさのだいち / ポルターガイスト,まきびし / みちづれ,専用技がある系統は進化時／Lv1思い出しに固定。戦闘専用フォームは基礎形の習得表を共有。,殿堂入り後教え技。相手が持ち物なしの場合の失敗処理を現代仕様にする,最低1つの命中90以上STABを維持し、自爆・テレポート・反動大技だけの直近4技を禁止。高レベル基礎種は中威力技を再挿入。,未収録・追加対象,B,最終統合ROMから現行表を抽出後、同名技の重複・ID衝突・取得時期を機械差分で確定する。
624,コマタナ,pawniard,5,あく／はがね,コマタナ → キリキザン → ドドゲザン,基礎形,DPE-JP Learnsets.c＋ベガ既存表（既存種）,現代化重点監査,物理寄り,かみつく / ちょうはつ / メタルクロー / てっぺき,安定したタイプ一致技をLv7～15、二段目をLv20～28に配置。進化前限定の補助技は思い出し対象に残す。,DPE表を土台に、進化前へ過剰な終盤技がある場合は後期へ移動。広範囲高火力サブウェポンはレベル技ではなくTM／教え技に限定。,バークアウト / ラスターカノン,はたきおとす / アイアンヘッド,わるだくみ / ボディプレス,専用技がある系統は進化時／Lv1思い出しに固定。戦闘専用フォームは基礎形の習得表を共有。,通常。高威力技はLv45以降、強力な積み技はLv50以降。,最低1つの命中90以上STABを維持し、自爆・テレポート・反動大技だけの直近4技を禁止。高レベル基礎種は中威力技を再挿入。,未収録・追加対象,B-,最終統合ROMから現行表を抽出後、同名技の重複・ID衝突・取得時期を機械差分で確定する。
625,キリキザン,bisharp,5,あく／はがね,コマタナ → キリキザン → ドドゲザン,中間進化,DPE-JP Learnsets.c＋ベガ既存表（既存種）,現代化重点監査,物理アタッカー,つじぎり / ちょうはつ / アイアンヘッド / てっぺき,中威力STABをLv22～35、役割補助技を進化時またはLv30前後に配置。最終大技は先送り。,DPE表を土台に、進化前へ過剰な終盤技がある場合は後期へ移動。広範囲高火力サブウェポンはレベル技ではなくTM／教え技に限定。,バークアウト / ラスターカノン,はたきおとす / アイアンヘッド,わるだくみ / ボディプレス,専用技がある系統は進化時／Lv1思い出しに固定。戦闘専用フォームは基礎形の習得表を共有。,通常。高威力技はLv45以降、強力な積み技はLv50以降。,最低1つの命中90以上STABを維持し、自爆・テレポート・反動大技だけの直近4技を禁止。高レベル基礎種は中威力技を再挿入。,未収録・追加対象,B,最終統合ROMから現行表を抽出後、同名技の重複・ID衝突・取得時期を機械差分で確定する。
626,バッフロン,bouffalant,5,ノーマル,バッフロン,基礎形,DPE-JP Learnsets.c＋ベガ既存表（既存種）,現代化重点監査,物理アタッカー,ずつき / アンコール,安定したタイプ一致技をLv7～15、二段目をLv20～28に配置。進化前限定の補助技は思い出し対象に残す。,DPE表を土台に、進化前へ過剰な終盤技がある場合は後期へ移動。広範囲高火力サブウェポンはレベル技ではなくTM／教え技に限定。,まもる,てだすけ,あくび,専用技がある系統は進化時／Lv1思い出しに固定。戦闘専用フォームは基礎形の習得表を共有。,通常。高威力技はLv45以降、強力な積み技はLv50以降。,最低1つの命中90以上STABを維持し、自爆・テレポート・反動大技だけの直近4技を禁止。高レベル基礎種は中威力技を再挿入。,未収録・追加対象,B-,最終統合ROMから現行表を抽出後、同名技の重複・ID衝突・取得時期を機械差分で確定する。
627,ワシボン,rufflet,5,ノーマル／ひこう,ワシボン → ウォーグル,基礎形,DPE-JP Learnsets.c＋ベガ既存表（既存種）,現代化重点監査,物理寄り,ずつき / アンコール / つばさでうつ / おいかぜ,安定したタイプ一致技をLv7～15、二段目をLv20～28に配置。進化前限定の補助技は思い出し対象に残す。,DPE表を土台に、進化前へ過剰な終盤技がある場合は後期へ移動。広範囲高火力サブウェポンはレベル技ではなくTM／教え技に限定。,まもる / アクロバット,てだすけ / おいかぜ,あくび / はねやすめ,専用技がある系統は進化時／Lv1思い出しに固定。戦闘専用フォームは基礎形の習得表を共有。,通常。高威力技はLv45以降、強力な積み技はLv50以降。,最低1つの命中90以上STABを維持し、自爆・テレポート・反動大技だけの直近4技を禁止。高レベル基礎種は中威力技を再挿入。,未収録・追加対象,B-,最終統合ROMから現行表を抽出後、同名技の重複・ID衝突・取得時期を機械差分で確定する。
628,ウォーグル,braviary,5,ノーマル／ひこう,ワシボン → ウォーグル,進化先／最終形,DPE-JP Learnsets.c＋ベガ既存表（既存種）,現代化重点監査,物理アタッカー,すてみタックル / アンコール / ブレイブバード / おいかぜ,進化時に役割技を1つ提示。主力STABはLv36～50、反動・積み・専用大技はLv50～65またはLv1思い出し。,DPE表を土台に、進化前へ過剰な終盤技がある場合は後期へ移動。広範囲高火力サブウェポンはレベル技ではなくTM／教え技に限定。,まもる / アクロバット,てだすけ / おいかぜ,あくび / はねやすめ,専用技がある系統は進化時／Lv1思い出しに固定。戦闘専用フォームは基礎形の習得表を共有。,通常。高威力技はLv45以降、強力な積み技はLv50以降。,最低1つの命中90以上STABを維持し、自爆・テレポート・反動大技だけの直近4技を禁止。高レベル基礎種は中威力技を再挿入。,未収録・追加対象,B,最終統合ROMから現行表を抽出後、同名技の重複・ID衝突・取得時期を機械差分で確定する。
629,バルチャイ,vullaby,5,あく／ひこう,バルチャイ → バルジーナ,基礎形,DPE-JP Learnsets.c＋ベガ既存表（既存種）,現代化重点監査,物理寄り,かみつく / ちょうはつ / つばさでうつ / おいかぜ,安定したタイプ一致技をLv7～15、二段目をLv20～28に配置。進化前限定の補助技は思い出し対象に残す。,DPE表を土台に、進化前へ過剰な終盤技がある場合は後期へ移動。広範囲高火力サブウェポンはレベル技ではなくTM／教え技に限定。,バークアウト / アクロバット,はたきおとす / おいかぜ,わるだくみ / はねやすめ,専用技がある系統は進化時／Lv1思い出しに固定。戦闘専用フォームは基礎形の習得表を共有。,通常。高威力技はLv45以降、強力な積み技はLv50以降。,最低1つの命中90以上STABを維持し、自爆・テレポート・反動大技だけの直近4技を禁止。高レベル基礎種は中威力技を再挿入。,未収録・追加対象,B-,最終統合ROMから現行表を抽出後、同名技の重複・ID衝突・取得時期を機械差分で確定する。
630,バルジーナ,mandibuzz,5,あく／ひこう,バルチャイ → バルジーナ,進化先／最終形,DPE-JP Learnsets.c＋ベガ既存表（既存種）,現代化重点監査,物理アタッカー,はたきおとす / ちょうはつ / ブレイブバード / おいかぜ,進化時に役割技を1つ提示。主力STABはLv36～50、反動・積み・専用大技はLv50～65またはLv1思い出し。,DPE表を土台に、進化前へ過剰な終盤技がある場合は後期へ移動。広範囲高火力サブウェポンはレベル技ではなくTM／教え技に限定。,バークアウト / アクロバット,はたきおとす / おいかぜ,わるだくみ / はねやすめ,専用技がある系統は進化時／Lv1思い出しに固定。戦闘専用フォームは基礎形の習得表を共有。,通常。高威力技はLv45以降、強力な積み技はLv50以降。,最低1つの命中90以上STABを維持し、自爆・テレポート・反動大技だけの直近4技を禁止。高レベル基礎種は中威力技を再挿入。,未収録・追加対象,B,最終統合ROMから現行表を抽出後、同名技の重複・ID衝突・取得時期を機械差分で確定する。
631,クイタラン,heatmor,5,ほのお,クイタラン,基礎形,DPE-JP Learnsets.c＋ベガ既存表（既存種）,現代化重点監査,特殊寄り,ひのこ / おにび,安定したタイプ一致技をLv7～15、二段目をLv20～28に配置。進化前限定の補助技は思い出し対象に残す。,DPE表を土台に、進化前へ過剰な終盤技がある場合は後期へ移動。広範囲高火力サブウェポンはレベル技ではなくTM／教え技に限定。,かえんほうしゃ,ねっぷう,にほんばれ,専用技がある系統は進化時／Lv1思い出しに固定。戦闘専用フォームは基礎形の習得表を共有。,通常。高威力技はLv45以降、強力な積み技はLv50以降。,最低1つの命中90以上STABを維持し、自爆・テレポート・反動大技だけの直近4技を禁止。高レベル基礎種は中威力技を再挿入。,未収録・追加対象,B-,最終統合ROMから現行表を抽出後、同名技の重複・ID衝突・取得時期を機械差分で確定する。
632,アイアント,durant,5,むし／はがね,アイアント,基礎形,DPE-JP Learnsets.c＋ベガ既存表（既存種）,現代化重点監査,物理アタッカー,むしくい / ねばねばネット / メタルクロー / てっぺき,安定したタイプ一致技をLv7～15、二段目をLv20～28に配置。進化前限定の補助技は思い出し対象に残す。,DPE表を土台に、進化前へ過剰な終盤技がある場合は後期へ移動。広範囲高火力サブウェポンはレベル技ではなくTM／教え技に限定。,とんぼがえり / ラスターカノン,むしくい / アイアンヘッド,いとをはく / ボディプレス,専用技がある系統は進化時／Lv1思い出しに固定。戦闘専用フォームは基礎形の習得表を共有。,通常。高威力技はLv45以降、強力な積み技はLv50以降。,最低1つの命中90以上STABを維持し、自爆・テレポート・反動大技だけの直近4技を禁止。高レベル基礎種は中威力技を再挿入。,未収録・追加対象,B-,最終統合ROMから現行表を抽出後、同名技の重複・ID衝突・取得時期を機械差分で確定する。
633,モノズ,deino,5,あく／ドラゴン,モノズ → ジヘッド → サザンドラ,基礎形,DPE-JP Learnsets.c＋ベガ既存表（既存種）,現代化重点監査,物理寄り,かみつく / ちょうはつ / ドラゴンテール / りゅうのまい,安定したタイプ一致技をLv7～15、二段目をLv20～28に配置。進化前限定の補助技は思い出し対象に残す。,DPE表を土台に、進化前へ過剰な終盤技がある場合は後期へ移動。広範囲高火力サブウェポンはレベル技ではなくTM／教え技に限定。,バークアウト / ワイドブレイカー,はたきおとす / りゅうせいぐん,わるだくみ / こわいかお,専用技がある系統は進化時／Lv1思い出しに固定。戦闘専用フォームは基礎形の習得表を共有。,最終進化Lv50以上。600族はLv55以上,最低1つの命中90以上STABを維持し、自爆・テレポート・反動大技だけの直近4技を禁止。高レベル基礎種は中威力技を再挿入。,未収録・追加対象,B-,最終統合ROMから現行表を抽出後、同名技の重複・ID衝突・取得時期を機械差分で確定する。
634,ジヘッド,zweilous,5,あく／ドラゴン,モノズ → ジヘッド → サザンドラ,中間進化,DPE-JP Learnsets.c＋ベガ既存表（既存種）,現代化重点監査,物理寄り,つじぎり / ちょうはつ / ドラゴンクロー / りゅうのまい,中威力STABをLv22～35、役割補助技を進化時またはLv30前後に配置。最終大技は先送り。,DPE表を土台に、進化前へ過剰な終盤技がある場合は後期へ移動。広範囲高火力サブウェポンはレベル技ではなくTM／教え技に限定。,バークアウト / ワイドブレイカー,はたきおとす / りゅうせいぐん,わるだくみ / こわいかお,専用技がある系統は進化時／Lv1思い出しに固定。戦闘専用フォームは基礎形の習得表を共有。,最終進化Lv50以上。600族はLv55以上,最低1つの命中90以上STABを維持し、自爆・テレポート・反動大技だけの直近4技を禁止。高レベル基礎種は中威力技を再挿入。,未収録・追加対象,B,最終統合ROMから現行表を抽出後、同名技の重複・ID衝突・取得時期を機械差分で確定する。
635,サザンドラ,hydreigon,5,あく／ドラゴン,モノズ → ジヘッド → サザンドラ,進化先／最終形,DPE-JP Learnsets.c＋ベガ既存表（既存種）,現代化重点監査,両刀・可変,つじぎり / あくのはどう / ちょうはつ / ドラゴンクロー,進化時に役割技を1つ提示。主力STABはLv36～50、反動・積み・専用大技はLv50～65またはLv1思い出し。,DPE表を土台に、進化前へ過剰な終盤技がある場合は後期へ移動。広範囲高火力サブウェポンはレベル技ではなくTM／教え技に限定。,バークアウト / ワイドブレイカー,はたきおとす / りゅうせいぐん,わるだくみ / こわいかお,専用技がある系統は進化時／Lv1思い出しに固定。戦闘専用フォームは基礎形の習得表を共有。,通常。高威力技はLv45以降、強力な積み技はLv50以降。,最低1つの命中90以上STABを維持し、自爆・テレポート・反動大技だけの直近4技を禁止。高レベル基礎種は中威力技を再挿入。,未収録・追加対象,B,最終統合ROMから現行表を抽出後、同名技の重複・ID衝突・取得時期を機械差分で確定する。
636,メラルバ,larvesta,5,むし／ほのお,メラルバ → ウルガモス,基礎形,DPE-JP Learnsets.c＋ベガ既存表（既存種）,現代化重点監査,両刀・可変,むしくい / むしのていこう / ほのおのキバ / ひのこ,安定したタイプ一致技をLv7～15、二段目をLv20～28に配置。進化前限定の補助技は思い出し対象に残す。,DPE表を土台に、進化前へ過剰な終盤技がある場合は後期へ移動。広範囲高火力サブウェポンはレベル技ではなくTM／教え技に限定。,とんぼがえり / かえんほうしゃ,むしくい / ねっぷう,いとをはく / にほんばれ,専用技がある系統は進化時／Lv1思い出しに固定。戦闘専用フォームは基礎形の習得表を共有。,通常。高威力技はLv45以降、強力な積み技はLv50以降。,最低1つの命中90以上STABを維持し、自爆・テレポート・反動大技だけの直近4技を禁止。高レベル基礎種は中威力技を再挿入。,未収録・追加対象,B-,最終統合ROMから現行表を抽出後、同名技の重複・ID衝突・取得時期を機械差分で確定する。
637,ウルガモス,volcarona,5,むし／ほのお,メラルバ → ウルガモス,進化先／最終形,DPE-JP Learnsets.c＋ベガ既存表（既存種）,現代化重点監査,特殊アタッカー,かふんだんご / ねばねばネット / だいもんじ / おにび,進化時に役割技を1つ提示。主力STABはLv36～50、反動・積み・専用大技はLv50～65またはLv1思い出し。,DPE表を土台に、進化前へ過剰な終盤技がある場合は後期へ移動。広範囲高火力サブウェポンはレベル技ではなくTM／教え技に限定。,とんぼがえり / かえんほうしゃ,むしくい / ねっぷう,いとをはく / にほんばれ,専用技がある系統は進化時／Lv1思い出しに固定。戦闘専用フォームは基礎形の習得表を共有。,通常。高威力技はLv45以降、強力な積み技はLv50以降。,最低1つの命中90以上STABを維持し、自爆・テレポート・反動大技だけの直近4技を禁止。高レベル基礎種は中威力技を再挿入。,未収録・追加対象,B,最終統合ROMから現行表を抽出後、同名技の重複・ID衝突・取得時期を機械差分で確定する。
638,コバルオン,cobalion,5,はがね／かくとう,コバルオン,基礎形,DPE-JP Learnsets.c＋ベガ既存表（既存種）,現代化重点監査,物理寄り,メタルクロー / てっぺき / いわくだき / ビルドアップ,安定したタイプ一致技をLv7～15、二段目をLv20～28に配置。進化前限定の補助技は思い出し対象に残す。,DPE表を土台に、進化前へ過剰な終盤技がある場合は後期へ移動。広範囲高火力サブウェポンはレベル技ではなくTM／教え技に限定。,ラスターカノン / ドレインパンチ,アイアンヘッド / コーチング,なし（タマゴ未発見／伝説・幻）,専用技がある系統は進化時／Lv1思い出しに固定。戦闘専用フォームは基礎形の習得表を共有。,通常。高威力技はLv45以降、強力な積み技はLv50以降。,最低1つの命中90以上STABを維持し、自爆・テレポート・反動大技だけの直近4技を禁止。高レベル基礎種は中威力技を再挿入。,未収録・追加対象,B-,最終統合ROMから現行表を抽出後、同名技の重複・ID衝突・取得時期を機械差分で確定する。
639,テラキオン,terrakion,5,いわ／かくとう,テラキオン,基礎形,DPE-JP Learnsets.c＋ベガ既存表（既存種）,現代化重点監査,物理寄り,いわおとし / ステルスロック / いわくだき / ビルドアップ,安定したタイプ一致技をLv7～15、二段目をLv20～28に配置。進化前限定の補助技は思い出し対象に残す。,DPE表を土台に、進化前へ過剰な終盤技がある場合は後期へ移動。広範囲高火力サブウェポンはレベル技ではなくTM／教え技に限定。,ステルスロック / ドレインパンチ,メテオビーム / コーチング,なし（タマゴ未発見／伝説・幻）,専用技がある系統は進化時／Lv1思い出しに固定。戦闘専用フォームは基礎形の習得表を共有。,通常。高威力技はLv45以降、強力な積み技はLv50以降。,最低1つの命中90以上STABを維持し、自爆・テレポート・反動大技だけの直近4技を禁止。高レベル基礎種は中威力技を再挿入。,未収録・追加対象,B-,最終統合ROMから現行表を抽出後、同名技の重複・ID衝突・取得時期を機械差分で確定する。
640,ビリジオン,virizion,5,くさ／かくとう,ビリジオン,基礎形,DPE-JP Learnsets.c＋ベガ既存表（既存種）,現代化重点監査,両刀・可変,はっぱカッター / メガドレイン / いわくだき / しんくうは,安定したタイプ一致技をLv7～15、二段目をLv20～28に配置。進化前限定の補助技は思い出し対象に残す。,DPE表を土台に、進化前へ過剰な終盤技がある場合は後期へ移動。広範囲高火力サブウェポンはレベル技ではなくTM／教え技に限定。,くさむすび / ドレインパンチ,グラススライダー / コーチング,なし（タマゴ未発見／伝説・幻）,専用技がある系統は進化時／Lv1思い出しに固定。戦闘専用フォームは基礎形の習得表を共有。,通常。高威力技はLv45以降、強力な積み技はLv50以降。,最低1つの命中90以上STABを維持し、自爆・テレポート・反動大技だけの直近4技を禁止。高レベル基礎種は中威力技を再挿入。,未収録・追加対象,B-,最終統合ROMから現行表を抽出後、同名技の重複・ID衝突・取得時期を機械差分で確定する。
641,トルネロス,tornadus,5,ひこう,トルネロス,基礎形,DPE-JP Learnsets.c＋ベガ既存表（既存種）,現代化重点監査,両刀・可変,つばさでうつ / かぜおこし,安定したタイプ一致技をLv7～15、二段目をLv20～28に配置。進化前限定の補助技は思い出し対象に残す。,DPE表を土台に、進化前へ過剰な終盤技がある場合は後期へ移動。広範囲高火力サブウェポンはレベル技ではなくTM／教え技に限定。,アクロバット,おいかぜ,なし（タマゴ未発見／伝説・幻）,専用技がある系統は進化時／Lv1思い出しに固定。戦闘専用フォームは基礎形の習得表を共有。,通常。高威力技はLv45以降、強力な積み技はLv50以降。,最低1つの命中90以上STABを維持し、自爆・テレポート・反動大技だけの直近4技を禁止。高レベル基礎種は中威力技を再挿入。,未収録・追加対象,B-,最終統合ROMから現行表を抽出後、同名技の重複・ID衝突・取得時期を機械差分で確定する。
642,ボルトロス,thundurus,5,でんき／ひこう,ボルトロス,基礎形,DPE-JP Learnsets.c＋ベガ既存表（既存種）,現代化重点監査,特殊寄り,でんきショック / でんじは / かぜおこし / おいかぜ,安定したタイプ一致技をLv7～15、二段目をLv20～28に配置。進化前限定の補助技は思い出し対象に残す。,DPE表を土台に、進化前へ過剰な終盤技がある場合は後期へ移動。広範囲高火力サブウェポンはレベル技ではなくTM／教え技に限定。,ボルトチェンジ / アクロバット,エレキネット / おいかぜ,なし（タマゴ未発見／伝説・幻）,専用技がある系統は進化時／Lv1思い出しに固定。戦闘専用フォームは基礎形の習得表を共有。,通常。高威力技はLv45以降、強力な積み技はLv50以降。,最低1つの命中90以上STABを維持し、自爆・テレポート・反動大技だけの直近4技を禁止。高レベル基礎種は中威力技を再挿入。,未収録・追加対象,B-,最終統合ROMから現行表を抽出後、同名技の重複・ID衝突・取得時期を機械差分で確定する。
643,レシラム,reshiram,5,ドラゴン／ほのお,レシラム,基礎形,DPE-JP Learnsets.c＋ベガ既存表（既存種）,現代化重点監査,特殊アタッカー,りゅうのいぶき / りゅうのまい / ひのこ / おにび,安定したタイプ一致技をLv7～15、二段目をLv20～28に配置。進化前限定の補助技は思い出し対象に残す。,DPE表を土台に、進化前へ過剰な終盤技がある場合は後期へ移動。広範囲高火力サブウェポンはレベル技ではなくTM／教え技に限定。,ワイドブレイカー / かえんほうしゃ,りゅうせいぐん / ねっぷう,なし（タマゴ未発見／伝説・幻）,あおいほのおを進化時／Lv1思い出しに登録。通常のTM・汎用教え技にはしない。,最終進化Lv50以上。600族はLv55以上,最低1つの命中90以上STABを維持し、自爆・テレポート・反動大技だけの直近4技を禁止。高レベル基礎種は中威力技を再挿入。,未収録・追加対象,A,最終統合ROMから現行表を抽出後、同名技の重複・ID衝突・取得時期を機械差分で確定する。
644,ゼクロム,zekrom,5,ドラゴン／でんき,ゼクロム,基礎形,DPE-JP Learnsets.c＋ベガ既存表（既存種）,現代化重点監査,特殊アタッカー,りゅうのいぶき / りゅうのまい / でんきショック / でんじは,安定したタイプ一致技をLv7～15、二段目をLv20～28に配置。進化前限定の補助技は思い出し対象に残す。,DPE表を土台に、進化前へ過剰な終盤技がある場合は後期へ移動。広範囲高火力サブウェポンはレベル技ではなくTM／教え技に限定。,ワイドブレイカー / ボルトチェンジ,りゅうせいぐん / エレキネット,なし（タマゴ未発見／伝説・幻）,らいげきを進化時／Lv1思い出しに登録。通常のTM・汎用教え技にはしない。,最終進化Lv50以上。600族はLv55以上,最低1つの命中90以上STABを維持し、自爆・テレポート・反動大技だけの直近4技を禁止。高レベル基礎種は中威力技を再挿入。,未収録・追加対象,A,最終統合ROMから現行表を抽出後、同名技の重複・ID衝突・取得時期を機械差分で確定する。
645,ランドロス,landorus,5,じめん／ひこう,ランドロス,基礎形,DPE-JP Learnsets.c＋ベガ既存表（既存種）,現代化重点監査,物理寄り,どろかけ / すなあらし / つばさでうつ / おいかぜ,安定したタイプ一致技をLv7～15、二段目をLv20～28に配置。進化前限定の補助技は思い出し対象に残す。,DPE表を土台に、進化前へ過剰な終盤技がある場合は後期へ移動。広範囲高火力サブウェポンはレベル技ではなくTM／教え技に限定。,じならし / アクロバット,ねっさのだいち / おいかぜ,なし（タマゴ未発見／伝説・幻）,専用技がある系統は進化時／Lv1思い出しに固定。戦闘専用フォームは基礎形の習得表を共有。,通常。高威力技はLv45以降、強力な積み技はLv50以降。,最低1つの命中90以上STABを維持し、自爆・テレポート・反動大技だけの直近4技を禁止。高レベル基礎種は中威力技を再挿入。,未収録・追加対象,B-,最終統合ROMから現行表を抽出後、同名技の重複・ID衝突・取得時期を機械差分で確定する。
646,キュレム,kyurem,5,ドラゴン／こおり,キュレム,基礎形,DPE-JP Learnsets.c＋ベガ既存表（既存種）,現代化重点監査,特殊アタッカー,りゅうのいぶき / りゅうのまい / こごえるかぜ / ゆきげしき,安定したタイプ一致技をLv7～15、二段目をLv20～28に配置。進化前限定の補助技は思い出し対象に残す。,DPE表を土台に、進化前へ過剰な終盤技がある場合は後期へ移動。広範囲高火力サブウェポンはレベル技ではなくTM／教え技に限定。,ワイドブレイカー / アイススピナー,りゅうせいぐん / トリプルアクセル,なし（タマゴ未発見／伝説・幻）,コールドフレア／フリーズボルトを進化時／Lv1思い出しに登録。通常のTM・汎用教え技にはしない。,最終進化Lv50以上。600族はLv55以上,最低1つの命中90以上STABを維持し、自爆・テレポート・反動大技だけの直近4技を禁止。高レベル基礎種は中威力技を再挿入。,未収録・追加対象,A,最終統合ROMから現行表を抽出後、同名技の重複・ID衝突・取得時期を機械差分で確定する。
647,ケルディオ,keldeo,5,みず／かくとう,ケルディオ,基礎形,DPE-JP Learnsets.c＋ベガ既存表（既存種）,現代化重点監査,特殊アタッカー,みずのはどう / あまごい / しんくうは / ビルドアップ,安定したタイプ一致技をLv7～15、二段目をLv20～28に配置。進化前限定の補助技は思い出し対象に残す。,DPE表を土台に、進化前へ過剰な終盤技がある場合は後期へ移動。広範囲高火力サブウェポンはレベル技ではなくTM／教え技に限定。,アクアブレイク / ドレインパンチ,クイックターン / コーチング,なし（タマゴ未発見／伝説・幻）,専用技がある系統は進化時／Lv1思い出しに固定。戦闘専用フォームは基礎形の習得表を共有。,通常。高威力技はLv45以降、強力な積み技はLv50以降。,最低1つの命中90以上STABを維持し、自爆・テレポート・反動大技だけの直近4技を禁止。高レベル基礎種は中威力技を再挿入。,未収録・追加対象,B-,最終統合ROMから現行表を抽出後、同名技の重複・ID衝突・取得時期を機械差分で確定する。
648,メロエッタ,meloetta,5,ノーマル／エスパー,メロエッタ,基礎形,DPE-JP Learnsets.c＋ベガ既存表（既存種）,現代化重点監査,特殊アタッカー,スピードスター / アンコール / ねんりき / めいそう,安定したタイプ一致技をLv7～15、二段目をLv20～28に配置。進化前限定の補助技は思い出し対象に残す。,DPE表を土台に、進化前へ過剰な終盤技がある場合は後期へ移動。広範囲高火力サブウェポンはレベル技ではなくTM／教え技に限定。,まもる / サイコショック,てだすけ / トリック,なし（タマゴ未発見／伝説・幻）,専用技がある系統は進化時／Lv1思い出しに固定。戦闘専用フォームは基礎形の習得表を共有。,通常。高威力技はLv45以降、強力な積み技はLv50以降。,最低1つの命中90以上STABを維持し、自爆・テレポート・反動大技だけの直近4技を禁止。高レベル基礎種は中威力技を再挿入。,未収録・追加対象,B-,最終統合ROMから現行表を抽出後、同名技の重複・ID衝突・取得時期を機械差分で確定する。
649,ゲノセクト,genesect,5,むし／はがね,ゲノセクト,基礎形,DPE-JP Learnsets.c＋ベガ既存表（既存種）,現代化重点監査,両刀・可変,むしくい / むしのていこう / メタルクロー / ミラーショット,安定したタイプ一致技をLv7～15、二段目をLv20～28に配置。進化前限定の補助技は思い出し対象に残す。,DPE表を土台に、進化前へ過剰な終盤技がある場合は後期へ移動。広範囲高火力サブウェポンはレベル技ではなくTM／教え技に限定。,とんぼがえり / ラスターカノン,むしくい / アイアンヘッド,なし（タマゴ未発見／伝説・幻）,専用技がある系統は進化時／Lv1思い出しに固定。戦闘専用フォームは基礎形の習得表を共有。,通常。高威力技はLv45以降、強力な積み技はLv50以降。,最低1つの命中90以上STABを維持し、自爆・テレポート・反動大技だけの直近4技を禁止。高レベル基礎種は中威力技を再挿入。,未収録・追加対象,B-,最終統合ROMから現行表を抽出後、同名技の重複・ID衝突・取得時期を機械差分で確定する。
650,ハリマロン,chespin,6,くさ,ハリマロン → ハリボーグ → ブリガロン,基礎形,DPE-JP Learnsets.c＋ベガ既存表（既存種）,DPE基準維持＋進行調整,特殊寄り,メガドレイン / やどりぎのタネ,安定したタイプ一致技をLv7～15、二段目をLv20～28に配置。進化前限定の補助技は思い出し対象に残す。,DPE表を土台に、進化前へ過剰な終盤技がある場合は後期へ移動。広範囲高火力サブウェポンはレベル技ではなくTM／教え技に限定。,くさむすび,グラススライダー,こうごうせい,専用技がある系統は進化時／Lv1思い出しに固定。戦闘専用フォームは基礎形の習得表を共有。,通常。高威力技はLv45以降、強力な積み技はLv50以降。,最低1つの命中90以上STABを維持し、自爆・テレポート・反動大技だけの直近4技を禁止。高レベル基礎種は中威力技を再挿入。,未収録・追加対象,B-,最終統合ROMから現行表を抽出後、同名技の重複・ID衝突・取得時期を機械差分で確定する。
651,ハリボーグ,quilladin,6,くさ,ハリマロン → ハリボーグ → ブリガロン,中間進化,DPE-JP Learnsets.c＋ベガ既存表（既存種）,DPE基準維持＋進行調整,特殊寄り,ギガドレイン / やどりぎのタネ,中威力STABをLv22～35、役割補助技を進化時またはLv30前後に配置。最終大技は先送り。,DPE表を土台に、進化前へ過剰な終盤技がある場合は後期へ移動。広範囲高火力サブウェポンはレベル技ではなくTM／教え技に限定。,くさむすび,グラススライダー,こうごうせい,専用技がある系統は進化時／Lv1思い出しに固定。戦闘専用フォームは基礎形の習得表を共有。,通常。高威力技はLv45以降、強力な積み技はLv50以降。,最低1つの命中90以上STABを維持し、自爆・テレポート・反動大技だけの直近4技を禁止。高レベル基礎種は中威力技を再挿入。,未収録・追加対象,B,最終統合ROMから現行表を抽出後、同名技の重複・ID衝突・取得時期を機械差分で確定する。
652,ブリガロン,chesnaught,6,くさ／かくとう,ハリマロン → ハリボーグ → ブリガロン,進化先／最終形,DPE-JP Learnsets.c＋ベガ既存表（既存種）,DPE基準維持＋進行調整,物理アタッカー,ニードルガード / リーフブレード / やどりぎのタネ / インファイト,進化時に役割技を1つ提示。主力STABはLv36～50、反動・積み・専用大技はLv50～65またはLv1思い出し。,DPE表を土台に、進化前へ過剰な終盤技がある場合は後期へ移動。広範囲高火力サブウェポンはレベル技ではなくTM／教え技に限定。,くさむすび / ドレインパンチ,グラススライダー / コーチング,こうごうせい / みきり,ニードルガードを進化時／Lv1思い出しに登録。通常のTM・汎用教え技にはしない。,通常。高威力技はLv45以降、強力な積み技はLv50以降。,最低1つの命中90以上STABを維持し、自爆・テレポート・反動大技だけの直近4技を禁止。高レベル基礎種は中威力技を再挿入。,未収録・追加対象,A,最終統合ROMから現行表を抽出後、同名技の重複・ID衝突・取得時期を機械差分で確定する。
653,フォッコ,fennekin,6,ほのお,フォッコ → テールナー → マフォクシー,基礎形,DPE-JP Learnsets.c＋ベガ既存表（既存種）,DPE基準維持＋進行調整,特殊寄り,ひのこ / おにび,安定したタイプ一致技をLv7～15、二段目をLv20～28に配置。進化前限定の補助技は思い出し対象に残す。,DPE表を土台に、進化前へ過剰な終盤技がある場合は後期へ移動。広範囲高火力サブウェポンはレベル技ではなくTM／教え技に限定。,かえんほうしゃ,ねっぷう,にほんばれ,専用技がある系統は進化時／Lv1思い出しに固定。戦闘専用フォームは基礎形の習得表を共有。,通常。高威力技はLv45以降、強力な積み技はLv50以降。,最低1つの命中90以上STABを維持し、自爆・テレポート・反動大技だけの直近4技を禁止。高レベル基礎種は中威力技を再挿入。,未収録・追加対象,B-,最終統合ROMから現行表を抽出後、同名技の重複・ID衝突・取得時期を機械差分で確定する。
654,テールナー,braixen,6,ほのお,フォッコ → テールナー → マフォクシー,中間進化,DPE-JP Learnsets.c＋ベガ既存表（既存種）,DPE基準維持＋進行調整,特殊寄り,かえんほうしゃ / おにび,中威力STABをLv22～35、役割補助技を進化時またはLv30前後に配置。最終大技は先送り。,DPE表を土台に、進化前へ過剰な終盤技がある場合は後期へ移動。広範囲高火力サブウェポンはレベル技ではなくTM／教え技に限定。,かえんほうしゃ,ねっぷう,にほんばれ,専用技がある系統は進化時／Lv1思い出しに固定。戦闘専用フォームは基礎形の習得表を共有。,通常。高威力技はLv45以降、強力な積み技はLv50以降。,最低1つの命中90以上STABを維持し、自爆・テレポート・反動大技だけの直近4技を禁止。高レベル基礎種は中威力技を再挿入。,未収録・追加対象,B,最終統合ROMから現行表を抽出後、同名技の重複・ID衝突・取得時期を機械差分で確定する。
655,マフォクシー,delphox,6,ほのお／エスパー,フォッコ → テールナー → マフォクシー,進化先／最終形,DPE-JP Learnsets.c＋ベガ既存表（既存種）,DPE基準維持＋進行調整,特殊アタッカー,マジカルフレイム / だいもんじ / おにび / サイコショック,進化時に役割技を1つ提示。主力STABはLv36～50、反動・積み・専用大技はLv50～65またはLv1思い出し。,DPE表を土台に、進化前へ過剰な終盤技がある場合は後期へ移動。広範囲高火力サブウェポンはレベル技ではなくTM／教え技に限定。,かえんほうしゃ / サイコショック,ねっぷう / トリック,にほんばれ / ひかりのかべ,マジカルフレイムを進化時／Lv1思い出しに登録。通常のTM・汎用教え技にはしない。,通常。高威力技はLv45以降、強力な積み技はLv50以降。,最低1つの命中90以上STABを維持し、自爆・テレポート・反動大技だけの直近4技を禁止。高レベル基礎種は中威力技を再挿入。,未収録・追加対象,A,最終統合ROMから現行表を抽出後、同名技の重複・ID衝突・取得時期を機械差分で確定する。
656,ケロマツ,froakie,6,みず,ケロマツ → ゲコガシラ → ゲッコウガ,基礎形,DPE-JP Learnsets.c＋ベガ既存表（既存種）,DPE基準維持＋進行調整,両刀・可変,アクアジェット / みずのはどう,安定したタイプ一致技をLv7～15、二段目をLv20～28に配置。進化前限定の補助技は思い出し対象に残す。,DPE表を土台に、進化前へ過剰な終盤技がある場合は後期へ移動。広範囲高火力サブウェポンはレベル技ではなくTM／教え技に限定。,アクアブレイク,クイックターン,アクアリング,専用技がある系統は進化時／Lv1思い出しに固定。戦闘専用フォームは基礎形の習得表を共有。,通常。高威力技はLv45以降、強力な積み技はLv50以降。,最低1つの命中90以上STABを維持し、自爆・テレポート・反動大技だけの直近4技を禁止。高レベル基礎種は中威力技を再挿入。,未収録・追加対象,B-,最終統合ROMから現行表を抽出後、同名技の重複・ID衝突・取得時期を機械差分で確定する。
657,ゲコガシラ,frogadier,6,みず,ケロマツ → ゲコガシラ → ゲッコウガ,中間進化,DPE-JP Learnsets.c＋ベガ既存表（既存種）,DPE基準維持＋進行調整,両刀・可変,アクアブレイク / なみのり,中威力STABをLv22～35、役割補助技を進化時またはLv30前後に配置。最終大技は先送り。,DPE表を土台に、進化前へ過剰な終盤技がある場合は後期へ移動。広範囲高火力サブウェポンはレベル技ではなくTM／教え技に限定。,アクアブレイク,クイックターン,アクアリング,専用技がある系統は進化時／Lv1思い出しに固定。戦闘専用フォームは基礎形の習得表を共有。,通常。高威力技はLv45以降、強力な積み技はLv50以降。,最低1つの命中90以上STABを維持し、自爆・テレポート・反動大技だけの直近4技を禁止。高レベル基礎種は中威力技を再挿入。,未収録・追加対象,B,最終統合ROMから現行表を抽出後、同名技の重複・ID衝突・取得時期を機械差分で確定する。
658,ゲッコウガ,greninja,6,みず／あく,ケロマツ → ゲコガシラ → ゲッコウガ,進化先／最終形,DPE-JP Learnsets.c＋ベガ既存表（既存種）,DPE基準維持＋進行調整,両刀・可変,みずしゅりけん / アクアブレイク / なみのり / あまごい,進化時に役割技を1つ提示。主力STABはLv36～50、反動・積み・専用大技はLv50～65またはLv1思い出し。,DPE表を土台に、進化前へ過剰な終盤技がある場合は後期へ移動。広範囲高火力サブウェポンはレベル技ではなくTM／教え技に限定。,アクアブレイク / バークアウト,クイックターン / はたきおとす,アクアリング / わるだくみ,みずしゅりけんを進化時／Lv1思い出しに登録。通常のTM・汎用教え技にはしない。,通常。高威力技はLv45以降、強力な積み技はLv50以降。,最低1つの命中90以上STABを維持し、自爆・テレポート・反動大技だけの直近4技を禁止。高レベル基礎種は中威力技を再挿入。,未収録・追加対象,A,最終統合ROMから現行表を抽出後、同名技の重複・ID衝突・取得時期を機械差分で確定する。
659,ホルビー,bunnelby,6,ノーマル,ホルビー → ホルード,基礎形,DPE-JP Learnsets.c＋ベガ既存表（既存種）,DPE基準維持＋進行調整,物理寄り,ずつき / アンコール,安定したタイプ一致技をLv7～15、二段目をLv20～28に配置。進化前限定の補助技は思い出し対象に残す。,DPE表を土台に、進化前へ過剰な終盤技がある場合は後期へ移動。広範囲高火力サブウェポンはレベル技ではなくTM／教え技に限定。,まもる,てだすけ,あくび,専用技がある系統は進化時／Lv1思い出しに固定。戦闘専用フォームは基礎形の習得表を共有。,通常。高威力技はLv45以降、強力な積み技はLv50以降。,最低1つの命中90以上STABを維持し、自爆・テレポート・反動大技だけの直近4技を禁止。高レベル基礎種は中威力技を再挿入。,未収録・追加対象,B-,最終統合ROMから現行表を抽出後、同名技の重複・ID衝突・取得時期を機械差分で確定する。
660,ホルード,diggersby,6,ノーマル／じめん,ホルビー → ホルード,進化先／最終形,DPE-JP Learnsets.c＋ベガ既存表（既存種）,DPE基準維持＋進行調整,物理アタッカー,すてみタックル / アンコール / じしん / すなあらし,進化時に役割技を1つ提示。主力STABはLv36～50、反動・積み・専用大技はLv50～65またはLv1思い出し。,DPE表を土台に、進化前へ過剰な終盤技がある場合は後期へ移動。広範囲高火力サブウェポンはレベル技ではなくTM／教え技に限定。,まもる / じならし,てだすけ / ねっさのだいち,あくび / まきびし,専用技がある系統は進化時／Lv1思い出しに固定。戦闘専用フォームは基礎形の習得表を共有。,通常。高威力技はLv45以降、強力な積み技はLv50以降。,最低1つの命中90以上STABを維持し、自爆・テレポート・反動大技だけの直近4技を禁止。高レベル基礎種は中威力技を再挿入。,未収録・追加対象,B,最終統合ROMから現行表を抽出後、同名技の重複・ID衝突・取得時期を機械差分で確定する。
661,ヤヤコマ,fletchling,6,ノーマル／ひこう,ヤヤコマ → ヒノヤコマ → ファイアロー,基礎形,DPE-JP Learnsets.c＋ベガ既存表（既存種）,DPE基準維持＋進行調整,物理寄り,ずつき / アンコール / つばさでうつ / おいかぜ,安定したタイプ一致技をLv7～15、二段目をLv20～28に配置。進化前限定の補助技は思い出し対象に残す。,DPE表を土台に、進化前へ過剰な終盤技がある場合は後期へ移動。広範囲高火力サブウェポンはレベル技ではなくTM／教え技に限定。,まもる / アクロバット,てだすけ / おいかぜ,あくび / はねやすめ,専用技がある系統は進化時／Lv1思い出しに固定。戦闘専用フォームは基礎形の習得表を共有。,通常。高威力技はLv45以降、強力な積み技はLv50以降。,最低1つの命中90以上STABを維持し、自爆・テレポート・反動大技だけの直近4技を禁止。高レベル基礎種は中威力技を再挿入。,未収録・追加対象,B-,最終統合ROMから現行表を抽出後、同名技の重複・ID衝突・取得時期を機械差分で確定する。
662,ヒノヤコマ,fletchinder,6,ほのお／ひこう,ヤヤコマ → ヒノヤコマ → ファイアロー,中間進化,DPE-JP Learnsets.c＋ベガ既存表（既存種）,DPE基準維持＋進行調整,特殊寄り,かえんほうしゃ / おにび / エアスラッシュ / おいかぜ,中威力STABをLv22～35、役割補助技を進化時またはLv30前後に配置。最終大技は先送り。,DPE表を土台に、進化前へ過剰な終盤技がある場合は後期へ移動。広範囲高火力サブウェポンはレベル技ではなくTM／教え技に限定。,かえんほうしゃ / アクロバット,ねっぷう / おいかぜ,にほんばれ / はねやすめ,専用技がある系統は進化時／Lv1思い出しに固定。戦闘専用フォームは基礎形の習得表を共有。,通常。高威力技はLv45以降、強力な積み技はLv50以降。,最低1つの命中90以上STABを維持し、自爆・テレポート・反動大技だけの直近4技を禁止。高レベル基礎種は中威力技を再挿入。,未収録・追加対象,B,最終統合ROMから現行表を抽出後、同名技の重複・ID衝突・取得時期を機械差分で確定する。
663,ファイアロー,talonflame,6,ほのお／ひこう,ヤヤコマ → ヒノヤコマ → ファイアロー,進化先／最終形,DPE-JP Learnsets.c＋ベガ既存表（既存種）,DPE基準維持＋進行調整,物理アタッカー,フレアドライブ / おにび / ブレイブバード / おいかぜ,進化時に役割技を1つ提示。主力STABはLv36～50、反動・積み・専用大技はLv50～65またはLv1思い出し。,DPE表を土台に、進化前へ過剰な終盤技がある場合は後期へ移動。広範囲高火力サブウェポンはレベル技ではなくTM／教え技に限定。,かえんほうしゃ / アクロバット,ねっぷう / おいかぜ,にほんばれ / はねやすめ,専用技がある系統は進化時／Lv1思い出しに固定。戦闘専用フォームは基礎形の習得表を共有。,通常。高威力技はLv45以降、強力な積み技はLv50以降。,最低1つの命中90以上STABを維持し、自爆・テレポート・反動大技だけの直近4技を禁止。高レベル基礎種は中威力技を再挿入。,未収録・追加対象,B,最終統合ROMから現行表を抽出後、同名技の重複・ID衝突・取得時期を機械差分で確定する。
664,コフキムシ,scatterbug,6,むし,コフキムシ → コフーライ → ビビヨン,基礎形,DPE-JP Learnsets.c＋ベガ既存表（既存種）,DPE基準維持＋進行調整,物理寄り,むしくい / ねばねばネット,安定したタイプ一致技をLv7～15、二段目をLv20～28に配置。進化前限定の補助技は思い出し対象に残す。,DPE表を土台に、進化前へ過剰な終盤技がある場合は後期へ移動。広範囲高火力サブウェポンはレベル技ではなくTM／教え技に限定。,とんぼがえり,むしくい,いとをはく,専用技がある系統は進化時／Lv1思い出しに固定。戦闘専用フォームは基礎形の習得表を共有。,通常。高威力技はLv45以降、強力な積み技はLv50以降。,最低1つの命中90以上STABを維持し、自爆・テレポート・反動大技だけの直近4技を禁止。高レベル基礎種は中威力技を再挿入。,未収録・追加対象,B-,最終統合ROMから現行表を抽出後、同名技の重複・ID衝突・取得時期を機械差分で確定する。
665,コフーライ,spewpa,6,むし,コフキムシ → コフーライ → ビビヨン,中間進化,DPE-JP Learnsets.c＋ベガ既存表（既存種）,DPE基準維持＋進行調整,物理寄り,シザークロス / ねばねばネット,中威力STABをLv22～35、役割補助技を進化時またはLv30前後に配置。最終大技は先送り。,DPE表を土台に、進化前へ過剰な終盤技がある場合は後期へ移動。広範囲高火力サブウェポンはレベル技ではなくTM／教え技に限定。,とんぼがえり,むしくい,いとをはく,専用技がある系統は進化時／Lv1思い出しに固定。戦闘専用フォームは基礎形の習得表を共有。,通常。高威力技はLv45以降、強力な積み技はLv50以降。,最低1つの命中90以上STABを維持し、自爆・テレポート・反動大技だけの直近4技を禁止。高レベル基礎種は中威力技を再挿入。,未収録・追加対象,B,最終統合ROMから現行表を抽出後、同名技の重複・ID衝突・取得時期を機械差分で確定する。
666,ビビヨン,vivillon,6,むし／ひこう,コフキムシ → コフーライ → ビビヨン,進化先／最終形,DPE-JP Learnsets.c＋ベガ既存表（既存種）,DPE基準維持＋進行調整,特殊アタッカー,かふんだんご / ねばねばネット / ぼうふう / おいかぜ,進化時に役割技を1つ提示。主力STABはLv36～50、反動・積み・専用大技はLv50～65またはLv1思い出し。,DPE表を土台に、進化前へ過剰な終盤技がある場合は後期へ移動。広範囲高火力サブウェポンはレベル技ではなくTM／教え技に限定。,とんぼがえり / アクロバット,むしくい / おいかぜ,いとをはく / はねやすめ,専用技がある系統は進化時／Lv1思い出しに固定。戦闘専用フォームは基礎形の習得表を共有。,通常。高威力技はLv45以降、強力な積み技はLv50以降。,最低1つの命中90以上STABを維持し、自爆・テレポート・反動大技だけの直近4技を禁止。高レベル基礎種は中威力技を再挿入。,未収録・追加対象,B,最終統合ROMから現行表を抽出後、同名技の重複・ID衝突・取得時期を機械差分で確定する。
667,シシコ,litleo,6,ほのお／ノーマル,シシコ → カエンジシ,基礎形,DPE-JP Learnsets.c＋ベガ既存表（既存種）,DPE基準維持＋進行調整,両刀・可変,ほのおのキバ / ひのこ / ずつき / スピードスター,安定したタイプ一致技をLv7～15、二段目をLv20～28に配置。進化前限定の補助技は思い出し対象に残す。,DPE表を土台に、進化前へ過剰な終盤技がある場合は後期へ移動。広範囲高火力サブウェポンはレベル技ではなくTM／教え技に限定。,かえんほうしゃ / まもる,ねっぷう / てだすけ,にほんばれ / あくび,専用技がある系統は進化時／Lv1思い出しに固定。戦闘専用フォームは基礎形の習得表を共有。,通常。高威力技はLv45以降、強力な積み技はLv50以降。,最低1つの命中90以上STABを維持し、自爆・テレポート・反動大技だけの直近4技を禁止。高レベル基礎種は中威力技を再挿入。,未収録・追加対象,B-,最終統合ROMから現行表を抽出後、同名技の重複・ID衝突・取得時期を機械差分で確定する。
668,カエンジシ,pyroar,6,ほのお／ノーマル,シシコ → カエンジシ,進化先／最終形,DPE-JP Learnsets.c＋ベガ既存表（既存種）,DPE基準維持＋進行調整,物理アタッカー,フレアドライブ / おにび / すてみタックル / アンコール,進化時に役割技を1つ提示。主力STABはLv36～50、反動・積み・専用大技はLv50～65またはLv1思い出し。,DPE表を土台に、進化前へ過剰な終盤技がある場合は後期へ移動。広範囲高火力サブウェポンはレベル技ではなくTM／教え技に限定。,かえんほうしゃ / まもる,ねっぷう / てだすけ,にほんばれ / あくび,専用技がある系統は進化時／Lv1思い出しに固定。戦闘専用フォームは基礎形の習得表を共有。,通常。高威力技はLv45以降、強力な積み技はLv50以降。,最低1つの命中90以上STABを維持し、自爆・テレポート・反動大技だけの直近4技を禁止。高レベル基礎種は中威力技を再挿入。,未収録・追加対象,B,最終統合ROMから現行表を抽出後、同名技の重複・ID衝突・取得時期を機械差分で確定する。
669,フラベベ,flabebe,6,フェアリー,フラベベ → フラエッテ → フラージェス,基礎形,DPE-JP Learnsets.c＋ベガ既存表（既存種）,DPE基準維持＋進行調整,特殊寄り,ようせいのかぜ / あまえる,安定したタイプ一致技をLv7～15、二段目をLv20～28に配置。進化前限定の補助技は思い出し対象に残す。,DPE表を土台に、進化前へ過剰な終盤技がある場合は後期へ移動。広範囲高火力サブウェポンはレベル技ではなくTM／教え技に限定。,マジカルシャイン,ミストバースト,ミストフィールド,専用技がある系統は進化時／Lv1思い出しに固定。戦闘専用フォームは基礎形の習得表を共有。,通常。高威力技はLv45以降、強力な積み技はLv50以降。,最低1つの命中90以上STABを維持し、自爆・テレポート・反動大技だけの直近4技を禁止。高レベル基礎種は中威力技を再挿入。,未収録・追加対象,B-,最終統合ROMから現行表を抽出後、同名技の重複・ID衝突・取得時期を機械差分で確定する。
670,フラエッテ,floette,6,フェアリー,フラベベ → フラエッテ → フラージェス,中間進化,DPE-JP Learnsets.c＋ベガ既存表（既存種）,DPE基準維持＋進行調整,特殊寄り,マジカルシャイン / あまえる,中威力STABをLv22～35、役割補助技を進化時またはLv30前後に配置。最終大技は先送り。,DPE表を土台に、進化前へ過剰な終盤技がある場合は後期へ移動。広範囲高火力サブウェポンはレベル技ではなくTM／教え技に限定。,マジカルシャイン,ミストバースト,ミストフィールド,専用技がある系統は進化時／Lv1思い出しに固定。戦闘専用フォームは基礎形の習得表を共有。,通常。高威力技はLv45以降、強力な積み技はLv50以降。,最低1つの命中90以上STABを維持し、自爆・テレポート・反動大技だけの直近4技を禁止。高レベル基礎種は中威力技を再挿入。,未収録・追加対象,B,最終統合ROMから現行表を抽出後、同名技の重複・ID衝突・取得時期を機械差分で確定する。
671,フラージェス,florges,6,フェアリー,フラベベ → フラエッテ → フラージェス,進化先／最終形,DPE-JP Learnsets.c＋ベガ既存表（既存種）,DPE基準維持＋進行調整,特殊アタッカー,ムーンフォース / あまえる,進化時に役割技を1つ提示。主力STABはLv36～50、反動・積み・専用大技はLv50～65またはLv1思い出し。,DPE表を土台に、進化前へ過剰な終盤技がある場合は後期へ移動。広範囲高火力サブウェポンはレベル技ではなくTM／教え技に限定。,マジカルシャイン,ミストバースト,ミストフィールド,専用技がある系統は進化時／Lv1思い出しに固定。戦闘専用フォームは基礎形の習得表を共有。,通常。高威力技はLv45以降、強力な積み技はLv50以降。,最低1つの命中90以上STABを維持し、自爆・テレポート・反動大技だけの直近4技を禁止。高レベル基礎種は中威力技を再挿入。,未収録・追加対象,B,最終統合ROMから現行表を抽出後、同名技の重複・ID衝突・取得時期を機械差分で確定する。
672,メェークル,skiddo,6,くさ,メェークル → ゴーゴート,基礎形,DPE-JP Learnsets.c＋ベガ既存表（既存種）,DPE基準維持＋進行調整,特殊寄り,メガドレイン / やどりぎのタネ,安定したタイプ一致技をLv7～15、二段目をLv20～28に配置。進化前限定の補助技は思い出し対象に残す。,DPE表を土台に、進化前へ過剰な終盤技がある場合は後期へ移動。広範囲高火力サブウェポンはレベル技ではなくTM／教え技に限定。,くさむすび,グラススライダー,こうごうせい,専用技がある系統は進化時／Lv1思い出しに固定。戦闘専用フォームは基礎形の習得表を共有。,通常。高威力技はLv45以降、強力な積み技はLv50以降。,最低1つの命中90以上STABを維持し、自爆・テレポート・反動大技だけの直近4技を禁止。高レベル基礎種は中威力技を再挿入。,未収録・追加対象,B-,最終統合ROMから現行表を抽出後、同名技の重複・ID衝突・取得時期を機械差分で確定する。
673,ゴーゴート,gogoat,6,くさ,メェークル → ゴーゴート,進化先／最終形,DPE-JP Learnsets.c＋ベガ既存表（既存種）,DPE基準維持＋進行調整,特殊寄り,エナジーボール / やどりぎのタネ,進化時に役割技を1つ提示。主力STABはLv36～50、反動・積み・専用大技はLv50～65またはLv1思い出し。,DPE表を土台に、進化前へ過剰な終盤技がある場合は後期へ移動。広範囲高火力サブウェポンはレベル技ではなくTM／教え技に限定。,くさむすび,グラススライダー,こうごうせい,専用技がある系統は進化時／Lv1思い出しに固定。戦闘専用フォームは基礎形の習得表を共有。,通常。高威力技はLv45以降、強力な積み技はLv50以降。,最低1つの命中90以上STABを維持し、自爆・テレポート・反動大技だけの直近4技を禁止。高レベル基礎種は中威力技を再挿入。,未収録・追加対象,B,最終統合ROMから現行表を抽出後、同名技の重複・ID衝突・取得時期を機械差分で確定する。
674,ヤンチャム,pancham,6,かくとう,ヤンチャム → ゴロンダ,基礎形,DPE-JP Learnsets.c＋ベガ既存表（既存種）,DPE基準維持＋進行調整,物理寄り,いわくだき / ビルドアップ,安定したタイプ一致技をLv7～15、二段目をLv20～28に配置。進化前限定の補助技は思い出し対象に残す。,DPE表を土台に、進化前へ過剰な終盤技がある場合は後期へ移動。広範囲高火力サブウェポンはレベル技ではなくTM／教え技に限定。,ドレインパンチ,コーチング,みきり,専用技がある系統は進化時／Lv1思い出しに固定。戦闘専用フォームは基礎形の習得表を共有。,通常。高威力技はLv45以降、強力な積み技はLv50以降。,最低1つの命中90以上STABを維持し、自爆・テレポート・反動大技だけの直近4技を禁止。高レベル基礎種は中威力技を再挿入。,未収録・追加対象,B-,最終統合ROMから現行表を抽出後、同名技の重複・ID衝突・取得時期を機械差分で確定する。
675,ゴロンダ,pangoro,6,かくとう／あく,ヤンチャム → ゴロンダ,進化先／最終形,DPE-JP Learnsets.c＋ベガ既存表（既存種）,DPE基準維持＋進行調整,物理アタッカー,インファイト / ビルドアップ / はたきおとす / ちょうはつ,進化時に役割技を1つ提示。主力STABはLv36～50、反動・積み・専用大技はLv50～65またはLv1思い出し。,DPE表を土台に、進化前へ過剰な終盤技がある場合は後期へ移動。広範囲高火力サブウェポンはレベル技ではなくTM／教え技に限定。,ドレインパンチ / バークアウト,コーチング / はたきおとす,みきり / わるだくみ,専用技がある系統は進化時／Lv1思い出しに固定。戦闘専用フォームは基礎形の習得表を共有。,通常。高威力技はLv45以降、強力な積み技はLv50以降。,最低1つの命中90以上STABを維持し、自爆・テレポート・反動大技だけの直近4技を禁止。高レベル基礎種は中威力技を再挿入。,未収録・追加対象,B,最終統合ROMから現行表を抽出後、同名技の重複・ID衝突・取得時期を機械差分で確定する。
676,トリミアン,furfrou,6,ノーマル,トリミアン,基礎形,DPE-JP Learnsets.c＋ベガ既存表（既存種）,DPE基準維持＋進行調整,物理寄り,ずつき / アンコール,安定したタイプ一致技をLv7～15、二段目をLv20～28に配置。進化前限定の補助技は思い出し対象に残す。,DPE表を土台に、進化前へ過剰な終盤技がある場合は後期へ移動。広範囲高火力サブウェポンはレベル技ではなくTM／教え技に限定。,まもる,てだすけ,あくび,専用技がある系統は進化時／Lv1思い出しに固定。戦闘専用フォームは基礎形の習得表を共有。,通常。高威力技はLv45以降、強力な積み技はLv50以降。,最低1つの命中90以上STABを維持し、自爆・テレポート・反動大技だけの直近4技を禁止。高レベル基礎種は中威力技を再挿入。,未収録・追加対象,B-,最終統合ROMから現行表を抽出後、同名技の重複・ID衝突・取得時期を機械差分で確定する。
677,ニャスパー,espurr,6,エスパー,ニャスパー → ニャオニクス,基礎形,DPE-JP Learnsets.c＋ベガ既存表（既存種）,DPE基準維持＋進行調整,特殊寄り,ねんりき / めいそう,安定したタイプ一致技をLv7～15、二段目をLv20～28に配置。進化前限定の補助技は思い出し対象に残す。,DPE表を土台に、進化前へ過剰な終盤技がある場合は後期へ移動。広範囲高火力サブウェポンはレベル技ではなくTM／教え技に限定。,サイコショック,トリック,ひかりのかべ,専用技がある系統は進化時／Lv1思い出しに固定。戦闘専用フォームは基礎形の習得表を共有。,通常。高威力技はLv45以降、強力な積み技はLv50以降。,最低1つの命中90以上STABを維持し、自爆・テレポート・反動大技だけの直近4技を禁止。高レベル基礎種は中威力技を再挿入。,未収録・追加対象,B-,最終統合ROMから現行表を抽出後、同名技の重複・ID衝突・取得時期を機械差分で確定する。
678,ニャオニクス,meowstic,6,エスパー,ニャスパー → ニャオニクス,進化先／最終形,DPE-JP Learnsets.c＋ベガ既存表（既存種）,DPE基準維持＋進行調整,特殊寄り,サイコショック / めいそう,進化時に役割技を1つ提示。主力STABはLv36～50、反動・積み・専用大技はLv50～65またはLv1思い出し。,DPE表を土台に、進化前へ過剰な終盤技がある場合は後期へ移動。広範囲高火力サブウェポンはレベル技ではなくTM／教え技に限定。,サイコショック,トリック,ひかりのかべ,専用技がある系統は進化時／Lv1思い出しに固定。戦闘専用フォームは基礎形の習得表を共有。,通常。高威力技はLv45以降、強力な積み技はLv50以降。,最低1つの命中90以上STABを維持し、自爆・テレポート・反動大技だけの直近4技を禁止。高レベル基礎種は中威力技を再挿入。,未収録・追加対象,B,最終統合ROMから現行表を抽出後、同名技の重複・ID衝突・取得時期を機械差分で確定する。
679,ヒトツキ,honedge,6,はがね／ゴースト,ヒトツキ → ニダンギル → ギルガルド,基礎形,DPE-JP Learnsets.c＋ベガ既存表（既存種）,DPE基準維持＋進行調整,両刀・可変,メタルクロー / ミラーショット / かげうち / おどろかす,安定したタイプ一致技をLv7～15、二段目をLv20～28に配置。進化前限定の補助技は思い出し対象に残す。,DPE表を土台に、進化前へ過剰な終盤技がある場合は後期へ移動。広範囲高火力サブウェポンはレベル技ではなくTM／教え技に限定。,ラスターカノン / シャドークロー,アイアンヘッド / ポルターガイスト,ボディプレス / みちづれ,専用技がある系統は進化時／Lv1思い出しに固定。戦闘専用フォームは基礎形の習得表を共有。,通常。高威力技はLv45以降、強力な積み技はLv50以降。,最低1つの命中90以上STABを維持し、自爆・テレポート・反動大技だけの直近4技を禁止。高レベル基礎種は中威力技を再挿入。,未収録・追加対象,B-,最終統合ROMから現行表を抽出後、同名技の重複・ID衝突・取得時期を機械差分で確定する。
680,ニダンギル,doublade,6,はがね／ゴースト,ヒトツキ → ニダンギル → ギルガルド,中間進化,DPE-JP Learnsets.c＋ベガ既存表（既存種）,DPE基準維持＋進行調整,両刀・可変,アイアンヘッド / ラスターカノン / シャドークロー / たたりめ,中威力STABをLv22～35、役割補助技を進化時またはLv30前後に配置。最終大技は先送り。,DPE表を土台に、進化前へ過剰な終盤技がある場合は後期へ移動。広範囲高火力サブウェポンはレベル技ではなくTM／教え技に限定。,ラスターカノン / シャドークロー,アイアンヘッド / ポルターガイスト,ボディプレス / みちづれ,専用技がある系統は進化時／Lv1思い出しに固定。戦闘専用フォームは基礎形の習得表を共有。,通常。高威力技はLv45以降、強力な積み技はLv50以降。,最低1つの命中90以上STABを維持し、自爆・テレポート・反動大技だけの直近4技を禁止。高レベル基礎種は中威力技を再挿入。,未収録・追加対象,B,最終統合ROMから現行表を抽出後、同名技の重複・ID衝突・取得時期を機械差分で確定する。
681,ギルガルド,aegislash,6,はがね／ゴースト,ヒトツキ → ニダンギル → ギルガルド,進化先／最終形,DPE-JP Learnsets.c＋ベガ既存表（既存種）,DPE基準維持＋進行調整,両刀・可変,アイアンヘッド / ラスターカノン / てっぺき / シャドークロー,進化時に役割技を1つ提示。主力STABはLv36～50、反動・積み・専用大技はLv50～65またはLv1思い出し。,DPE表を土台に、進化前へ過剰な終盤技がある場合は後期へ移動。広範囲高火力サブウェポンはレベル技ではなくTM／教え技に限定。,ラスターカノン / シャドークロー,アイアンヘッド / ポルターガイスト,ボディプレス / みちづれ,専用技がある系統は進化時／Lv1思い出しに固定。戦闘専用フォームは基礎形の習得表を共有。,通常。高威力技はLv45以降、強力な積み技はLv50以降。,最低1つの命中90以上STABを維持し、自爆・テレポート・反動大技だけの直近4技を禁止。高レベル基礎種は中威力技を再挿入。,未収録・追加対象,A,最終統合ROMから現行表を抽出後、同名技の重複・ID衝突・取得時期を機械差分で確定する。
682,シュシュプ,spritzee,6,フェアリー,シュシュプ → フレフワン,基礎形,DPE-JP Learnsets.c＋ベガ既存表（既存種）,DPE基準維持＋進行調整,特殊寄り,ようせいのかぜ / あまえる,安定したタイプ一致技をLv7～15、二段目をLv20～28に配置。進化前限定の補助技は思い出し対象に残す。,DPE表を土台に、進化前へ過剰な終盤技がある場合は後期へ移動。広範囲高火力サブウェポンはレベル技ではなくTM／教え技に限定。,マジカルシャイン,ミストバースト,ミストフィールド,専用技がある系統は進化時／Lv1思い出しに固定。戦闘専用フォームは基礎形の習得表を共有。,通常。高威力技はLv45以降、強力な積み技はLv50以降。,最低1つの命中90以上STABを維持し、自爆・テレポート・反動大技だけの直近4技を禁止。高レベル基礎種は中威力技を再挿入。,未収録・追加対象,B-,最終統合ROMから現行表を抽出後、同名技の重複・ID衝突・取得時期を機械差分で確定する。
683,フレフワン,aromatisse,6,フェアリー,シュシュプ → フレフワン,進化先／最終形,DPE-JP Learnsets.c＋ベガ既存表（既存種）,DPE基準維持＋進行調整,特殊アタッカー,ムーンフォース / あまえる,進化時に役割技を1つ提示。主力STABはLv36～50、反動・積み・専用大技はLv50～65またはLv1思い出し。,DPE表を土台に、進化前へ過剰な終盤技がある場合は後期へ移動。広範囲高火力サブウェポンはレベル技ではなくTM／教え技に限定。,マジカルシャイン,ミストバースト,ミストフィールド,専用技がある系統は進化時／Lv1思い出しに固定。戦闘専用フォームは基礎形の習得表を共有。,通常。高威力技はLv45以降、強力な積み技はLv50以降。,最低1つの命中90以上STABを維持し、自爆・テレポート・反動大技だけの直近4技を禁止。高レベル基礎種は中威力技を再挿入。,未収録・追加対象,B,最終統合ROMから現行表を抽出後、同名技の重複・ID衝突・取得時期を機械差分で確定する。
684,ペロッパフ,swirlix,6,フェアリー,ペロッパフ → ペロリーム,基礎形,DPE-JP Learnsets.c＋ベガ既存表（既存種）,DPE基準維持＋進行調整,特殊寄り,ようせいのかぜ / あまえる,安定したタイプ一致技をLv7～15、二段目をLv20～28に配置。進化前限定の補助技は思い出し対象に残す。,DPE表を土台に、進化前へ過剰な終盤技がある場合は後期へ移動。広範囲高火力サブウェポンはレベル技ではなくTM／教え技に限定。,マジカルシャイン,ミストバースト,ミストフィールド,専用技がある系統は進化時／Lv1思い出しに固定。戦闘専用フォームは基礎形の習得表を共有。,通常。高威力技はLv45以降、強力な積み技はLv50以降。,最低1つの命中90以上STABを維持し、自爆・テレポート・反動大技だけの直近4技を禁止。高レベル基礎種は中威力技を再挿入。,未収録・追加対象,B-,最終統合ROMから現行表を抽出後、同名技の重複・ID衝突・取得時期を機械差分で確定する。
685,ペロリーム,slurpuff,6,フェアリー,ペロッパフ → ペロリーム,進化先／最終形,DPE-JP Learnsets.c＋ベガ既存表（既存種）,DPE基準維持＋進行調整,特殊アタッカー,ムーンフォース / あまえる,進化時に役割技を1つ提示。主力STABはLv36～50、反動・積み・専用大技はLv50～65またはLv1思い出し。,DPE表を土台に、進化前へ過剰な終盤技がある場合は後期へ移動。広範囲高火力サブウェポンはレベル技ではなくTM／教え技に限定。,マジカルシャイン,ミストバースト,ミストフィールド,専用技がある系統は進化時／Lv1思い出しに固定。戦闘専用フォームは基礎形の習得表を共有。,通常。高威力技はLv45以降、強力な積み技はLv50以降。,最低1つの命中90以上STABを維持し、自爆・テレポート・反動大技だけの直近4技を禁止。高レベル基礎種は中威力技を再挿入。,未収録・追加対象,B,最終統合ROMから現行表を抽出後、同名技の重複・ID衝突・取得時期を機械差分で確定する。
686,マーイーカ,inkay,6,あく／エスパー,マーイーカ → カラマネロ,基礎形,DPE-JP Learnsets.c＋ベガ既存表（既存種）,DPE基準維持＋進行調整,補助寄り両刀,かみつく / バークアウト / サイコカッター / ねんりき,安定したタイプ一致技をLv7～15、二段目をLv20～28に配置。進化前限定の補助技は思い出し対象に残す。,DPE表を土台に、進化前へ過剰な終盤技がある場合は後期へ移動。広範囲高火力サブウェポンはレベル技ではなくTM／教え技に限定。,バークアウト / サイコショック,はたきおとす / トリック,わるだくみ / ひかりのかべ,専用技がある系統は進化時／Lv1思い出しに固定。戦闘専用フォームは基礎形の習得表を共有。,通常。高威力技はLv45以降、強力な積み技はLv50以降。,最低1つの命中90以上STABを維持し、自爆・テレポート・反動大技だけの直近4技を禁止。高レベル基礎種は中威力技を再挿入。,未収録・追加対象,B-,最終統合ROMから現行表を抽出後、同名技の重複・ID衝突・取得時期を機械差分で確定する。
687,カラマネロ,malamar,6,あく／エスパー,マーイーカ → カラマネロ,進化先／最終形,DPE-JP Learnsets.c＋ベガ既存表（既存種）,DPE基準維持＋進行調整,特殊アタッカー,イカサマ / ちょうはつ / サイコショック / めいそう,進化時に役割技を1つ提示。主力STABはLv36～50、反動・積み・専用大技はLv50～65またはLv1思い出し。,DPE表を土台に、進化前へ過剰な終盤技がある場合は後期へ移動。広範囲高火力サブウェポンはレベル技ではなくTM／教え技に限定。,バークアウト / サイコショック,はたきおとす / トリック,わるだくみ / ひかりのかべ,専用技がある系統は進化時／Lv1思い出しに固定。戦闘専用フォームは基礎形の習得表を共有。,通常。高威力技はLv45以降、強力な積み技はLv50以降。,最低1つの命中90以上STABを維持し、自爆・テレポート・反動大技だけの直近4技を禁止。高レベル基礎種は中威力技を再挿入。,未収録・追加対象,B,最終統合ROMから現行表を抽出後、同名技の重複・ID衝突・取得時期を機械差分で確定する。
688,カメテテ,binacle,6,いわ／みず,カメテテ → ガメノデス,基礎形,DPE-JP Learnsets.c＋ベガ既存表（既存種）,DPE基準維持＋進行調整,物理寄り,いわおとし / ステルスロック / アクアジェット / あまごい,安定したタイプ一致技をLv7～15、二段目をLv20～28に配置。進化前限定の補助技は思い出し対象に残す。,DPE表を土台に、進化前へ過剰な終盤技がある場合は後期へ移動。広範囲高火力サブウェポンはレベル技ではなくTM／教え技に限定。,ステルスロック / アクアブレイク,メテオビーム / クイックターン,すなあらし / アクアリング,専用技がある系統は進化時／Lv1思い出しに固定。戦闘専用フォームは基礎形の習得表を共有。,通常。高威力技はLv45以降、強力な積み技はLv50以降。,最低1つの命中90以上STABを維持し、自爆・テレポート・反動大技だけの直近4技を禁止。高レベル基礎種は中威力技を再挿入。,未収録・追加対象,B-,最終統合ROMから現行表を抽出後、同名技の重複・ID衝突・取得時期を機械差分で確定する。
689,ガメノデス,barbaracle,6,いわ／みず,カメテテ → ガメノデス,進化先／最終形,DPE-JP Learnsets.c＋ベガ既存表（既存種）,DPE基準維持＋進行調整,物理アタッカー,ストーンエッジ / ステルスロック / たきのぼり / あまごい,進化時に役割技を1つ提示。主力STABはLv36～50、反動・積み・専用大技はLv50～65またはLv1思い出し。,DPE表を土台に、進化前へ過剰な終盤技がある場合は後期へ移動。広範囲高火力サブウェポンはレベル技ではなくTM／教え技に限定。,ステルスロック / アクアブレイク,メテオビーム / クイックターン,すなあらし / アクアリング,専用技がある系統は進化時／Lv1思い出しに固定。戦闘専用フォームは基礎形の習得表を共有。,通常。高威力技はLv45以降、強力な積み技はLv50以降。,最低1つの命中90以上STABを維持し、自爆・テレポート・反動大技だけの直近4技を禁止。高レベル基礎種は中威力技を再挿入。,未収録・追加対象,B,最終統合ROMから現行表を抽出後、同名技の重複・ID衝突・取得時期を機械差分で確定する。
690,クズモー,skrelp,6,どく／みず,クズモー → ドラミドロ,基礎形,DPE-JP Learnsets.c＋ベガ既存表（既存種）,DPE基準維持＋進行調整,補助寄り両刀,どくばり / アシッドボム / アクアジェット / みずのはどう,安定したタイプ一致技をLv7～15、二段目をLv20～28に配置。進化前限定の補助技は思い出し対象に残す。,DPE表を土台に、進化前へ過剰な終盤技がある場合は後期へ移動。広範囲高火力サブウェポンはレベル技ではなくTM／教え技に限定。,ベノムショック / アクアブレイク,ダストシュート / クイックターン,どくびし / アクアリング,専用技がある系統は進化時／Lv1思い出しに固定。戦闘専用フォームは基礎形の習得表を共有。,通常。高威力技はLv45以降、強力な積み技はLv50以降。,最低1つの命中90以上STABを維持し、自爆・テレポート・反動大技だけの直近4技を禁止。高レベル基礎種は中威力技を再挿入。,未収録・追加対象,B-,最終統合ROMから現行表を抽出後、同名技の重複・ID衝突・取得時期を機械差分で確定する。
691,ドラミドロ,dragalge,6,どく／ドラゴン,クズモー → ドラミドロ,進化先／最終形,DPE-JP Learnsets.c＋ベガ既存表（既存種）,DPE基準維持＋進行調整,特殊アタッカー,ヘドロウェーブ / どくどく / りゅうせいぐん / りゅうのまい,進化時に役割技を1つ提示。主力STABはLv36～50、反動・積み・専用大技はLv50～65またはLv1思い出し。,DPE表を土台に、進化前へ過剰な終盤技がある場合は後期へ移動。広範囲高火力サブウェポンはレベル技ではなくTM／教え技に限定。,ベノムショック / ワイドブレイカー,ダストシュート / りゅうせいぐん,どくびし / こわいかお,専用技がある系統は進化時／Lv1思い出しに固定。戦闘専用フォームは基礎形の習得表を共有。,8バッジ以降のタイプ教え技,最低1つの命中90以上STABを維持し、自爆・テレポート・反動大技だけの直近4技を禁止。高レベル基礎種は中威力技を再挿入。,未収録・追加対象,B,最終統合ROMから現行表を抽出後、同名技の重複・ID衝突・取得時期を機械差分で確定する。
692,ウデッポウ,clauncher,6,みず,ウデッポウ → ブロスター,基礎形,DPE-JP Learnsets.c＋ベガ既存表（既存種）,DPE基準維持＋進行調整,両刀・可変,アクアジェット / みずのはどう,安定したタイプ一致技をLv7～15、二段目をLv20～28に配置。進化前限定の補助技は思い出し対象に残す。,DPE表を土台に、進化前へ過剰な終盤技がある場合は後期へ移動。広範囲高火力サブウェポンはレベル技ではなくTM／教え技に限定。,アクアブレイク,クイックターン,アクアリング,専用技がある系統は進化時／Lv1思い出しに固定。戦闘専用フォームは基礎形の習得表を共有。,通常。高威力技はLv45以降、強力な積み技はLv50以降。,最低1つの命中90以上STABを維持し、自爆・テレポート・反動大技だけの直近4技を禁止。高レベル基礎種は中威力技を再挿入。,未収録・追加対象,B-,最終統合ROMから現行表を抽出後、同名技の重複・ID衝突・取得時期を機械差分で確定する。
693,ブロスター,clawitzer,6,みず,ウデッポウ → ブロスター,進化先／最終形,DPE-JP Learnsets.c＋ベガ既存表（既存種）,DPE基準維持＋進行調整,特殊アタッカー,ハイドロポンプ / あまごい,進化時に役割技を1つ提示。主力STABはLv36～50、反動・積み・専用大技はLv50～65またはLv1思い出し。,DPE表を土台に、進化前へ過剰な終盤技がある場合は後期へ移動。広範囲高火力サブウェポンはレベル技ではなくTM／教え技に限定。,アクアブレイク,クイックターン,アクアリング,専用技がある系統は進化時／Lv1思い出しに固定。戦闘専用フォームは基礎形の習得表を共有。,通常。高威力技はLv45以降、強力な積み技はLv50以降。,最低1つの命中90以上STABを維持し、自爆・テレポート・反動大技だけの直近4技を禁止。高レベル基礎種は中威力技を再挿入。,未収録・追加対象,B,最終統合ROMから現行表を抽出後、同名技の重複・ID衝突・取得時期を機械差分で確定する。
694,エリキテル,helioptile,6,でんき／ノーマル,エリキテル → エレザード,基礎形,DPE-JP Learnsets.c＋ベガ既存表（既存種）,DPE基準維持＋進行調整,両刀・可変,スパーク / でんきショック / ずつき / スピードスター,安定したタイプ一致技をLv7～15、二段目をLv20～28に配置。進化前限定の補助技は思い出し対象に残す。,DPE表を土台に、進化前へ過剰な終盤技がある場合は後期へ移動。広範囲高火力サブウェポンはレベル技ではなくTM／教え技に限定。,ボルトチェンジ / まもる,エレキネット / てだすけ,じゅうでん / あくび,専用技がある系統は進化時／Lv1思い出しに固定。戦闘専用フォームは基礎形の習得表を共有。,通常。高威力技はLv45以降、強力な積み技はLv50以降。,最低1つの命中90以上STABを維持し、自爆・テレポート・反動大技だけの直近4技を禁止。高レベル基礎種は中威力技を再挿入。,未収録・追加対象,B-,最終統合ROMから現行表を抽出後、同名技の重複・ID衝突・取得時期を機械差分で確定する。
695,エレザード,heliolisk,6,でんき／ノーマル,エリキテル → エレザード,進化先／最終形,DPE-JP Learnsets.c＋ベガ既存表（既存種）,DPE基準維持＋進行調整,特殊アタッカー,かみなり / でんじは / ばくおんぱ（音系のみ） / アンコール,進化時に役割技を1つ提示。主力STABはLv36～50、反動・積み・専用大技はLv50～65またはLv1思い出し。,DPE表を土台に、進化前へ過剰な終盤技がある場合は後期へ移動。広範囲高火力サブウェポンはレベル技ではなくTM／教え技に限定。,ボルトチェンジ / まもる,エレキネット / てだすけ,じゅうでん / あくび,専用技がある系統は進化時／Lv1思い出しに固定。戦闘専用フォームは基礎形の習得表を共有。,通常。高威力技はLv45以降、強力な積み技はLv50以降。,最低1つの命中90以上STABを維持し、自爆・テレポート・反動大技だけの直近4技を禁止。高レベル基礎種は中威力技を再挿入。,未収録・追加対象,B,最終統合ROMから現行表を抽出後、同名技の重複・ID衝突・取得時期を機械差分で確定する。
696,チゴラス,tyrunt,6,いわ／ドラゴン,チゴラス → ガチゴラス,基礎形,DPE-JP Learnsets.c＋ベガ既存表（既存種）,DPE基準維持＋進行調整,物理寄り,いわおとし / ステルスロック / ドラゴンテール / りゅうのまい,安定したタイプ一致技をLv7～15、二段目をLv20～28に配置。進化前限定の補助技は思い出し対象に残す。,DPE表を土台に、進化前へ過剰な終盤技がある場合は後期へ移動。広範囲高火力サブウェポンはレベル技ではなくTM／教え技に限定。,ステルスロック / ワイドブレイカー,メテオビーム / りゅうせいぐん,すなあらし / こわいかお,専用技がある系統は進化時／Lv1思い出しに固定。戦闘専用フォームは基礎形の習得表を共有。,最終進化Lv50以上。600族はLv55以上,最低1つの命中90以上STABを維持し、自爆・テレポート・反動大技だけの直近4技を禁止。高レベル基礎種は中威力技を再挿入。,未収録・追加対象,B-,最終統合ROMから現行表を抽出後、同名技の重複・ID衝突・取得時期を機械差分で確定する。
697,ガチゴラス,tyrantrum,6,いわ／ドラゴン,チゴラス → ガチゴラス,進化先／最終形,DPE-JP Learnsets.c＋ベガ既存表（既存種）,DPE基準維持＋進行調整,物理アタッカー,ストーンエッジ / ステルスロック / げきりん / りゅうのまい,進化時に役割技を1つ提示。主力STABはLv36～50、反動・積み・専用大技はLv50～65またはLv1思い出し。,DPE表を土台に、進化前へ過剰な終盤技がある場合は後期へ移動。広範囲高火力サブウェポンはレベル技ではなくTM／教え技に限定。,ステルスロック / ワイドブレイカー,メテオビーム / りゅうせいぐん,すなあらし / こわいかお,専用技がある系統は進化時／Lv1思い出しに固定。戦闘専用フォームは基礎形の習得表を共有。,最終進化Lv50以上。600族はLv55以上,最低1つの命中90以上STABを維持し、自爆・テレポート・反動大技だけの直近4技を禁止。高レベル基礎種は中威力技を再挿入。,未収録・追加対象,B,最終統合ROMから現行表を抽出後、同名技の重複・ID衝突・取得時期を機械差分で確定する。
698,アマルス,amaura,6,いわ／こおり,アマルス → アマルルガ,基礎形,DPE-JP Learnsets.c＋ベガ既存表（既存種）,DPE基準維持＋進行調整,両刀・可変,いわおとし / げんしのちから / こおりのつぶて / こごえるかぜ,安定したタイプ一致技をLv7～15、二段目をLv20～28に配置。進化前限定の補助技は思い出し対象に残す。,DPE表を土台に、進化前へ過剰な終盤技がある場合は後期へ移動。広範囲高火力サブウェポンはレベル技ではなくTM／教え技に限定。,ステルスロック / アイススピナー,メテオビーム / トリプルアクセル,すなあらし / オーロラベール,専用技がある系統は進化時／Lv1思い出しに固定。戦闘専用フォームは基礎形の習得表を共有。,通常。高威力技はLv45以降、強力な積み技はLv50以降。,最低1つの命中90以上STABを維持し、自爆・テレポート・反動大技だけの直近4技を禁止。高レベル基礎種は中威力技を再挿入。,未収録・追加対象,B-,最終統合ROMから現行表を抽出後、同名技の重複・ID衝突・取得時期を機械差分で確定する。
699,アマルルガ,aurorus,6,いわ／こおり,アマルス → アマルルガ,進化先／最終形,DPE-JP Learnsets.c＋ベガ既存表（既存種）,DPE基準維持＋進行調整,特殊アタッカー,メテオビーム / ステルスロック / ふぶき / ゆきげしき,進化時に役割技を1つ提示。主力STABはLv36～50、反動・積み・専用大技はLv50～65またはLv1思い出し。,DPE表を土台に、進化前へ過剰な終盤技がある場合は後期へ移動。広範囲高火力サブウェポンはレベル技ではなくTM／教え技に限定。,ステルスロック / アイススピナー,メテオビーム / トリプルアクセル,すなあらし / オーロラベール,専用技がある系統は進化時／Lv1思い出しに固定。戦闘専用フォームは基礎形の習得表を共有。,殿堂入り後教え技。パワフルハーブとの組合せを施設で検証,最低1つの命中90以上STABを維持し、自爆・テレポート・反動大技だけの直近4技を禁止。高レベル基礎種は中威力技を再挿入。,未収録・追加対象,B,最終統合ROMから現行表を抽出後、同名技の重複・ID衝突・取得時期を機械差分で確定する。
700,ニンフィア,sylveon,6,フェアリー,イーブイ → シャワーズ → サンダース → ブースター → エーフィ → ブラッキー → リーフィア → グレイシア → ニンフィア,進化先／最終形,DPE-JP Learnsets.c＋ベガ既存表（既存種）,DPE基準維持＋進行調整,特殊アタッカー,ムーンフォース / あまえる,進化時に役割技を1つ提示。主力STABはLv36～50、反動・積み・専用大技はLv50～65またはLv1思い出し。,DPE表を土台に、進化前へ過剰な終盤技がある場合は後期へ移動。広範囲高火力サブウェポンはレベル技ではなくTM／教え技に限定。,マジカルシャイン,ミストバースト,ミストフィールド,専用技がある系統は進化時／Lv1思い出しに固定。戦闘専用フォームは基礎形の習得表を共有。,通常。高威力技はLv45以降、強力な積み技はLv50以降。,最低1つの命中90以上STABを維持し、自爆・テレポート・反動大技だけの直近4技を禁止。高レベル基礎種は中威力技を再挿入。,未収録・追加対象,B,最終統合ROMから現行表を抽出後、同名技の重複・ID衝突・取得時期を機械差分で確定する。
701,ルチャブル,hawlucha,6,かくとう／ひこう,ルチャブル,基礎形,DPE-JP Learnsets.c＋ベガ既存表（既存種）,DPE基準維持＋進行調整,物理アタッカー,いわくだき / ビルドアップ / つばさでうつ / おいかぜ,安定したタイプ一致技をLv7～15、二段目をLv20～28に配置。進化前限定の補助技は思い出し対象に残す。,DPE表を土台に、進化前へ過剰な終盤技がある場合は後期へ移動。広範囲高火力サブウェポンはレベル技ではなくTM／教え技に限定。,ドレインパンチ / アクロバット,コーチング / おいかぜ,みきり / はねやすめ,専用技がある系統は進化時／Lv1思い出しに固定。戦闘専用フォームは基礎形の習得表を共有。,通常。高威力技はLv45以降、強力な積み技はLv50以降。,最低1つの命中90以上STABを維持し、自爆・テレポート・反動大技だけの直近4技を禁止。高レベル基礎種は中威力技を再挿入。,未収録・追加対象,B-,最終統合ROMから現行表を抽出後、同名技の重複・ID衝突・取得時期を機械差分で確定する。
702,デデンネ,dedenne,6,でんき／フェアリー,デデンネ,基礎形,DPE-JP Learnsets.c＋ベガ既存表（既存種）,DPE基準維持＋進行調整,特殊アタッカー,でんきショック / でんじは / ようせいのかぜ / あまえる,安定したタイプ一致技をLv7～15、二段目をLv20～28に配置。進化前限定の補助技は思い出し対象に残す。,DPE表を土台に、進化前へ過剰な終盤技がある場合は後期へ移動。広範囲高火力サブウェポンはレベル技ではなくTM／教え技に限定。,ボルトチェンジ / マジカルシャイン,エレキネット / ミストバースト,じゅうでん / ミストフィールド,専用技がある系統は進化時／Lv1思い出しに固定。戦闘専用フォームは基礎形の習得表を共有。,通常。高威力技はLv45以降、強力な積み技はLv50以降。,最低1つの命中90以上STABを維持し、自爆・テレポート・反動大技だけの直近4技を禁止。高レベル基礎種は中威力技を再挿入。,未収録・追加対象,B-,最終統合ROMから現行表を抽出後、同名技の重複・ID衝突・取得時期を機械差分で確定する。
703,メレシー,carbink,6,いわ／フェアリー,メレシー,基礎形,DPE-JP Learnsets.c＋ベガ既存表（既存種）,DPE基準維持＋進行調整,補助寄り両刀,いわおとし / げんしのちから / ほしがる / ようせいのかぜ,安定したタイプ一致技をLv7～15、二段目をLv20～28に配置。進化前限定の補助技は思い出し対象に残す。,DPE表を土台に、進化前へ過剰な終盤技がある場合は後期へ移動。広範囲高火力サブウェポンはレベル技ではなくTM／教え技に限定。,ステルスロック / マジカルシャイン,メテオビーム / ミストバースト,すなあらし / ミストフィールド,専用技がある系統は進化時／Lv1思い出しに固定。戦闘専用フォームは基礎形の習得表を共有。,通常。高威力技はLv45以降、強力な積み技はLv50以降。,最低1つの命中90以上STABを維持し、自爆・テレポート・反動大技だけの直近4技を禁止。高レベル基礎種は中威力技を再挿入。,未収録・追加対象,B-,最終統合ROMから現行表を抽出後、同名技の重複・ID衝突・取得時期を機械差分で確定する。
704,ヌメラ,goomy,6,ドラゴン,ヌメラ → ヌメイル → ヌメルゴン,基礎形,DPE-JP Learnsets.c＋ベガ既存表（既存種）,DPE基準維持＋進行調整,物理寄り,ドラゴンテール / りゅうのまい,安定したタイプ一致技をLv7～15、二段目をLv20～28に配置。進化前限定の補助技は思い出し対象に残す。,DPE表を土台に、進化前へ過剰な終盤技がある場合は後期へ移動。広範囲高火力サブウェポンはレベル技ではなくTM／教え技に限定。,ワイドブレイカー,りゅうせいぐん,こわいかお,専用技がある系統は進化時／Lv1思い出しに固定。戦闘専用フォームは基礎形の習得表を共有。,最終進化Lv50以上。600族はLv55以上,最低1つの命中90以上STABを維持し、自爆・テレポート・反動大技だけの直近4技を禁止。高レベル基礎種は中威力技を再挿入。,未収録・追加対象,B-,最終統合ROMから現行表を抽出後、同名技の重複・ID衝突・取得時期を機械差分で確定する。
705,ヌメイル,sliggoo,6,ドラゴン,ヌメラ → ヌメイル → ヌメルゴン,中間進化,DPE-JP Learnsets.c＋ベガ既存表（既存種）,DPE基準維持＋進行調整,物理寄り,ドラゴンクロー / りゅうのまい,中威力STABをLv22～35、役割補助技を進化時またはLv30前後に配置。最終大技は先送り。,DPE表を土台に、進化前へ過剰な終盤技がある場合は後期へ移動。広範囲高火力サブウェポンはレベル技ではなくTM／教え技に限定。,ワイドブレイカー,りゅうせいぐん,こわいかお,専用技がある系統は進化時／Lv1思い出しに固定。戦闘専用フォームは基礎形の習得表を共有。,最終進化Lv50以上。600族はLv55以上,最低1つの命中90以上STABを維持し、自爆・テレポート・反動大技だけの直近4技を禁止。高レベル基礎種は中威力技を再挿入。,未収録・追加対象,B,最終統合ROMから現行表を抽出後、同名技の重複・ID衝突・取得時期を機械差分で確定する。
706,ヌメルゴン,goodra,6,ドラゴン,ヌメラ → ヌメイル → ヌメルゴン,進化先／最終形,DPE-JP Learnsets.c＋ベガ既存表（既存種）,DPE基準維持＋進行調整,両刀・可変,ドラゴンクロー / りゅうのはどう / りゅうのまい,進化時に役割技を1つ提示。主力STABはLv36～50、反動・積み・専用大技はLv50～65またはLv1思い出し。,DPE表を土台に、進化前へ過剰な終盤技がある場合は後期へ移動。広範囲高火力サブウェポンはレベル技ではなくTM／教え技に限定。,ワイドブレイカー,りゅうせいぐん,こわいかお,専用技がある系統は進化時／Lv1思い出しに固定。戦闘専用フォームは基礎形の習得表を共有。,最終進化Lv50以上。600族はLv55以上,最低1つの命中90以上STABを維持し、自爆・テレポート・反動大技だけの直近4技を禁止。高レベル基礎種は中威力技を再挿入。,未収録・追加対象,B,最終統合ROMから現行表を抽出後、同名技の重複・ID衝突・取得時期を機械差分で確定する。
707,クレッフィ,klefki,6,はがね／フェアリー,クレッフィ,基礎形,DPE-JP Learnsets.c＋ベガ既存表（既存種）,DPE基準維持＋進行調整,耐久・補助,メタルクロー / ミラーショット / ほしがる / ようせいのかぜ,安定したタイプ一致技をLv7～15、二段目をLv20～28に配置。進化前限定の補助技は思い出し対象に残す。,DPE表を土台に、進化前へ過剰な終盤技がある場合は後期へ移動。広範囲高火力サブウェポンはレベル技ではなくTM／教え技に限定。,ラスターカノン / マジカルシャイン,アイアンヘッド / ミストバースト,ボディプレス / ミストフィールド,専用技がある系統は進化時／Lv1思い出しに固定。戦闘専用フォームは基礎形の習得表を共有。,通常。高威力技はLv45以降、強力な積み技はLv50以降。,最低1つの命中90以上STABを維持し、自爆・テレポート・反動大技だけの直近4技を禁止。高レベル基礎種は中威力技を再挿入。,未収録・追加対象,B-,最終統合ROMから現行表を抽出後、同名技の重複・ID衝突・取得時期を機械差分で確定する。
708,ボクレー,phantump,6,ゴースト／くさ,ボクレー → オーロット,基礎形,DPE-JP Learnsets.c＋ベガ既存表（既存種）,DPE基準維持＋進行調整,特殊寄り,おどろかす / おにび / メガドレイン / やどりぎのタネ,安定したタイプ一致技をLv7～15、二段目をLv20～28に配置。進化前限定の補助技は思い出し対象に残す。,DPE表を土台に、進化前へ過剰な終盤技がある場合は後期へ移動。広範囲高火力サブウェポンはレベル技ではなくTM／教え技に限定。,シャドークロー / くさむすび,ポルターガイスト / グラススライダー,みちづれ / こうごうせい,専用技がある系統は進化時／Lv1思い出しに固定。戦闘専用フォームは基礎形の習得表を共有。,通常。高威力技はLv45以降、強力な積み技はLv50以降。,最低1つの命中90以上STABを維持し、自爆・テレポート・反動大技だけの直近4技を禁止。高レベル基礎種は中威力技を再挿入。,未収録・追加対象,B-,最終統合ROMから現行表を抽出後、同名技の重複・ID衝突・取得時期を機械差分で確定する。
709,オーロット,trevenant,6,ゴースト／くさ,ボクレー → オーロット,進化先／最終形,DPE-JP Learnsets.c＋ベガ既存表（既存種）,DPE基準維持＋進行調整,物理アタッカー,ポルターガイスト / おにび / リーフブレード / やどりぎのタネ,進化時に役割技を1つ提示。主力STABはLv36～50、反動・積み・専用大技はLv50～65またはLv1思い出し。,DPE表を土台に、進化前へ過剰な終盤技がある場合は後期へ移動。広範囲高火力サブウェポンはレベル技ではなくTM／教え技に限定。,シャドークロー / くさむすび,ポルターガイスト / グラススライダー,みちづれ / こうごうせい,専用技がある系統は進化時／Lv1思い出しに固定。戦闘専用フォームは基礎形の習得表を共有。,殿堂入り後教え技。相手が持ち物なしの場合の失敗処理を現代仕様にする,最低1つの命中90以上STABを維持し、自爆・テレポート・反動大技だけの直近4技を禁止。高レベル基礎種は中威力技を再挿入。,未収録・追加対象,B,最終統合ROMから現行表を抽出後、同名技の重複・ID衝突・取得時期を機械差分で確定する。
710,バケッチャ,pumpkaboo,6,ゴースト／くさ,バケッチャ → パンプジン,基礎形,DPE-JP Learnsets.c＋ベガ既存表（既存種）,DPE基準維持＋進行調整,特殊寄り,おどろかす / おにび / メガドレイン / やどりぎのタネ,安定したタイプ一致技をLv7～15、二段目をLv20～28に配置。進化前限定の補助技は思い出し対象に残す。,DPE表を土台に、進化前へ過剰な終盤技がある場合は後期へ移動。広範囲高火力サブウェポンはレベル技ではなくTM／教え技に限定。,シャドークロー / くさむすび,ポルターガイスト / グラススライダー,みちづれ / こうごうせい,専用技がある系統は進化時／Lv1思い出しに固定。戦闘専用フォームは基礎形の習得表を共有。,通常。高威力技はLv45以降、強力な積み技はLv50以降。,最低1つの命中90以上STABを維持し、自爆・テレポート・反動大技だけの直近4技を禁止。高レベル基礎種は中威力技を再挿入。,未収録・追加対象,B-,最終統合ROMから現行表を抽出後、同名技の重複・ID衝突・取得時期を機械差分で確定する。
711,パンプジン,gourgeist,6,ゴースト／くさ,バケッチャ → パンプジン,進化先／最終形,DPE-JP Learnsets.c＋ベガ既存表（既存種）,DPE基準維持＋進行調整,特殊アタッカー,シャドーボール / おにび / エナジーボール / やどりぎのタネ,進化時に役割技を1つ提示。主力STABはLv36～50、反動・積み・専用大技はLv50～65またはLv1思い出し。,DPE表を土台に、進化前へ過剰な終盤技がある場合は後期へ移動。広範囲高火力サブウェポンはレベル技ではなくTM／教え技に限定。,シャドークロー / くさむすび,ポルターガイスト / グラススライダー,みちづれ / こうごうせい,専用技がある系統は進化時／Lv1思い出しに固定。戦闘専用フォームは基礎形の習得表を共有。,通常。高威力技はLv45以降、強力な積み技はLv50以降。,最低1つの命中90以上STABを維持し、自爆・テレポート・反動大技だけの直近4技を禁止。高レベル基礎種は中威力技を再挿入。,未収録・追加対象,B,最終統合ROMから現行表を抽出後、同名技の重複・ID衝突・取得時期を機械差分で確定する。
712,カチコール,bergmite,6,こおり,カチコール → クレベース,基礎形,DPE-JP Learnsets.c＋ベガ既存表（既存種）,DPE基準維持＋進行調整,特殊寄り,こごえるかぜ / ゆきげしき,安定したタイプ一致技をLv7～15、二段目をLv20～28に配置。進化前限定の補助技は思い出し対象に残す。,DPE表を土台に、進化前へ過剰な終盤技がある場合は後期へ移動。広範囲高火力サブウェポンはレベル技ではなくTM／教え技に限定。,アイススピナー,トリプルアクセル,オーロラベール,専用技がある系統は進化時／Lv1思い出しに固定。戦闘専用フォームは基礎形の習得表を共有。,通常。高威力技はLv45以降、強力な積み技はLv50以降。,最低1つの命中90以上STABを維持し、自爆・テレポート・反動大技だけの直近4技を禁止。高レベル基礎種は中威力技を再挿入。,未収録・追加対象,B-,最終統合ROMから現行表を抽出後、同名技の重複・ID衝突・取得時期を機械差分で確定する。
713,クレベース,avalugg,6,こおり,カチコール → クレベース,進化先／最終形,DPE-JP Learnsets.c＋ベガ既存表（既存種）,DPE基準維持＋進行調整,物理アタッカー,つららおとし / ゆきげしき,進化時に役割技を1つ提示。主力STABはLv36～50、反動・積み・専用大技はLv50～65またはLv1思い出し。,DPE表を土台に、進化前へ過剰な終盤技がある場合は後期へ移動。広範囲高火力サブウェポンはレベル技ではなくTM／教え技に限定。,アイススピナー,トリプルアクセル,オーロラベール,専用技がある系統は進化時／Lv1思い出しに固定。戦闘専用フォームは基礎形の習得表を共有。,通常。高威力技はLv45以降、強力な積み技はLv50以降。,最低1つの命中90以上STABを維持し、自爆・テレポート・反動大技だけの直近4技を禁止。高レベル基礎種は中威力技を再挿入。,未収録・追加対象,B,最終統合ROMから現行表を抽出後、同名技の重複・ID衝突・取得時期を機械差分で確定する。
714,オンバット,noibat,6,ひこう／ドラゴン,オンバット → オンバーン,基礎形,DPE-JP Learnsets.c＋ベガ既存表（既存種）,DPE基準維持＋進行調整,物理寄り,つばさでうつ / おいかぜ / ドラゴンテール / りゅうのまい,安定したタイプ一致技をLv7～15、二段目をLv20～28に配置。進化前限定の補助技は思い出し対象に残す。,DPE表を土台に、進化前へ過剰な終盤技がある場合は後期へ移動。広範囲高火力サブウェポンはレベル技ではなくTM／教え技に限定。,アクロバット / ワイドブレイカー,おいかぜ / りゅうせいぐん,はねやすめ / こわいかお,専用技がある系統は進化時／Lv1思い出しに固定。戦闘専用フォームは基礎形の習得表を共有。,最終進化Lv50以上。600族はLv55以上,最低1つの命中90以上STABを維持し、自爆・テレポート・反動大技だけの直近4技を禁止。高レベル基礎種は中威力技を再挿入。,未収録・追加対象,B-,最終統合ROMから現行表を抽出後、同名技の重複・ID衝突・取得時期を機械差分で確定する。
715,オンバーン,noivern,6,ひこう／ドラゴン,オンバット → オンバーン,進化先／最終形,DPE-JP Learnsets.c＋ベガ既存表（既存種）,DPE基準維持＋進行調整,特殊アタッカー,ぼうふう / おいかぜ / りゅうせいぐん / りゅうのまい,進化時に役割技を1つ提示。主力STABはLv36～50、反動・積み・専用大技はLv50～65またはLv1思い出し。,DPE表を土台に、進化前へ過剰な終盤技がある場合は後期へ移動。広範囲高火力サブウェポンはレベル技ではなくTM／教え技に限定。,アクロバット / ワイドブレイカー,おいかぜ / りゅうせいぐん,はねやすめ / こわいかお,専用技がある系統は進化時／Lv1思い出しに固定。戦闘専用フォームは基礎形の習得表を共有。,8バッジ以降のタイプ教え技,最低1つの命中90以上STABを維持し、自爆・テレポート・反動大技だけの直近4技を禁止。高レベル基礎種は中威力技を再挿入。,未収録・追加対象,B,最終統合ROMから現行表を抽出後、同名技の重複・ID衝突・取得時期を機械差分で確定する。
716,ゼルネアス,xerneas,6,フェアリー,ゼルネアス,基礎形,DPE-JP Learnsets.c＋ベガ既存表（既存種）,DPE基準維持＋進行調整,特殊アタッカー,ようせいのかぜ / あまえる,安定したタイプ一致技をLv7～15、二段目をLv20～28に配置。進化前限定の補助技は思い出し対象に残す。,DPE表を土台に、進化前へ過剰な終盤技がある場合は後期へ移動。広範囲高火力サブウェポンはレベル技ではなくTM／教え技に限定。,マジカルシャイン,ミストバースト,なし（タマゴ未発見／伝説・幻）,ジオコントロールを進化時／Lv1思い出しに登録。通常のTM・汎用教え技にはしない。,通常。高威力技はLv45以降、強力な積み技はLv50以降。,最低1つの命中90以上STABを維持し、自爆・テレポート・反動大技だけの直近4技を禁止。高レベル基礎種は中威力技を再挿入。,未収録・追加対象,A,最終統合ROMから現行表を抽出後、同名技の重複・ID衝突・取得時期を機械差分で確定する。
717,イベルタル,yveltal,6,あく／ひこう,イベルタル,基礎形,DPE-JP Learnsets.c＋ベガ既存表（既存種）,DPE基準維持＋進行調整,特殊アタッカー,バークアウト / ちょうはつ / かぜおこし / おいかぜ,安定したタイプ一致技をLv7～15、二段目をLv20～28に配置。進化前限定の補助技は思い出し対象に残す。,DPE表を土台に、進化前へ過剰な終盤技がある場合は後期へ移動。広範囲高火力サブウェポンはレベル技ではなくTM／教え技に限定。,バークアウト / アクロバット,はたきおとす / おいかぜ,なし（タマゴ未発見／伝説・幻）,デスウイングを進化時／Lv1思い出しに登録。通常のTM・汎用教え技にはしない。,通常。高威力技はLv45以降、強力な積み技はLv50以降。,最低1つの命中90以上STABを維持し、自爆・テレポート・反動大技だけの直近4技を禁止。高レベル基礎種は中威力技を再挿入。,未収録・追加対象,A,最終統合ROMから現行表を抽出後、同名技の重複・ID衝突・取得時期を機械差分で確定する。
718,ジガルデ,zygarde,6,ドラゴン／じめん,ジガルデ,基礎形,DPE-JP Learnsets.c＋ベガ既存表（既存種）,DPE基準維持＋進行調整,物理寄り,ドラゴンテール / りゅうのまい / どろかけ / すなあらし,安定したタイプ一致技をLv7～15、二段目をLv20～28に配置。進化前限定の補助技は思い出し対象に残す。,DPE表を土台に、進化前へ過剰な終盤技がある場合は後期へ移動。広範囲高火力サブウェポンはレベル技ではなくTM／教え技に限定。,ワイドブレイカー / じならし,りゅうせいぐん / ねっさのだいち,なし（タマゴ未発見／伝説・幻）,サウザンアローを進化時／Lv1思い出しに登録。通常のTM・汎用教え技にはしない。,最終進化Lv50以上。600族はLv55以上,最低1つの命中90以上STABを維持し、自爆・テレポート・反動大技だけの直近4技を禁止。高レベル基礎種は中威力技を再挿入。,未収録・追加対象,A,最終統合ROMから現行表を抽出後、同名技の重複・ID衝突・取得時期を機械差分で確定する。
719,ディアンシー,diancie,6,いわ／フェアリー,ディアンシー,基礎形,DPE-JP Learnsets.c＋ベガ既存表（既存種）,DPE基準維持＋進行調整,特殊アタッカー,げんしのちから / ステルスロック / ようせいのかぜ / あまえる,安定したタイプ一致技をLv7～15、二段目をLv20～28に配置。進化前限定の補助技は思い出し対象に残す。,DPE表を土台に、進化前へ過剰な終盤技がある場合は後期へ移動。広範囲高火力サブウェポンはレベル技ではなくTM／教え技に限定。,ステルスロック / マジカルシャイン,メテオビーム / ミストバースト,なし（タマゴ未発見／伝説・幻）,専用技がある系統は進化時／Lv1思い出しに固定。戦闘専用フォームは基礎形の習得表を共有。,通常。高威力技はLv45以降、強力な積み技はLv50以降。,最低1つの命中90以上STABを維持し、自爆・テレポート・反動大技だけの直近4技を禁止。高レベル基礎種は中威力技を再挿入。,未収録・追加対象,B-,最終統合ROMから現行表を抽出後、同名技の重複・ID衝突・取得時期を機械差分で確定する。
720,フーパ,hoopa,6,エスパー／ゴースト,フーパ,基礎形,DPE-JP Learnsets.c＋ベガ既存表（既存種）,DPE基準維持＋進行調整,特殊アタッカー,ねんりき / めいそう / おどろかす / おにび,安定したタイプ一致技をLv7～15、二段目をLv20～28に配置。進化前限定の補助技は思い出し対象に残す。,DPE表を土台に、進化前へ過剰な終盤技がある場合は後期へ移動。広範囲高火力サブウェポンはレベル技ではなくTM／教え技に限定。,サイコショック / シャドークロー,トリック / ポルターガイスト,なし（タマゴ未発見／伝説・幻）,専用技がある系統は進化時／Lv1思い出しに固定。戦闘専用フォームは基礎形の習得表を共有。,通常。高威力技はLv45以降、強力な積み技はLv50以降。,最低1つの命中90以上STABを維持し、自爆・テレポート・反動大技だけの直近4技を禁止。高レベル基礎種は中威力技を再挿入。,未収録・追加対象,B-,最終統合ROMから現行表を抽出後、同名技の重複・ID衝突・取得時期を機械差分で確定する。
721,ボルケニオン,volcanion,6,ほのお／みず,ボルケニオン,基礎形,DPE-JP Learnsets.c＋ベガ既存表（既存種）,DPE基準維持＋進行調整,特殊アタッカー,ひのこ / おにび / みずのはどう / あまごい,安定したタイプ一致技をLv7～15、二段目をLv20～28に配置。進化前限定の補助技は思い出し対象に残す。,DPE表を土台に、進化前へ過剰な終盤技がある場合は後期へ移動。広範囲高火力サブウェポンはレベル技ではなくTM／教え技に限定。,かえんほうしゃ / アクアブレイク,ねっぷう / クイックターン,なし（タマゴ未発見／伝説・幻）,専用技がある系統は進化時／Lv1思い出しに固定。戦闘専用フォームは基礎形の習得表を共有。,通常。高威力技はLv45以降、強力な積み技はLv50以降。,最低1つの命中90以上STABを維持し、自爆・テレポート・反動大技だけの直近4技を禁止。高レベル基礎種は中威力技を再挿入。,未収録・追加対象,B-,最終統合ROMから現行表を抽出後、同名技の重複・ID衝突・取得時期を機械差分で確定する。
722,モクロー,rowlet,7,くさ／ひこう,モクロー → フクスロー → ジュナイパー,基礎形,DPE-JP Learnsets.c＋ベガ既存表（既存種）,DPE基準維持＋進行調整,特殊寄り,メガドレイン / やどりぎのタネ / かぜおこし / おいかぜ,安定したタイプ一致技をLv7～15、二段目をLv20～28に配置。進化前限定の補助技は思い出し対象に残す。,DPE表を土台に、進化前へ過剰な終盤技がある場合は後期へ移動。広範囲高火力サブウェポンはレベル技ではなくTM／教え技に限定。,くさむすび / アクロバット,グラススライダー / おいかぜ,こうごうせい / はねやすめ,専用技がある系統は進化時／Lv1思い出しに固定。戦闘専用フォームは基礎形の習得表を共有。,通常。高威力技はLv45以降、強力な積み技はLv50以降。,最低1つの命中90以上STABを維持し、自爆・テレポート・反動大技だけの直近4技を禁止。高レベル基礎種は中威力技を再挿入。,未収録・追加対象,B-,最終統合ROMから現行表を抽出後、同名技の重複・ID衝突・取得時期を機械差分で確定する。
723,フクスロー,dartrix,7,くさ／ひこう,モクロー → フクスロー → ジュナイパー,中間進化,DPE-JP Learnsets.c＋ベガ既存表（既存種）,DPE基準維持＋進行調整,特殊寄り,ギガドレイン / やどりぎのタネ / エアスラッシュ / おいかぜ,中威力STABをLv22～35、役割補助技を進化時またはLv30前後に配置。最終大技は先送り。,DPE表を土台に、進化前へ過剰な終盤技がある場合は後期へ移動。広範囲高火力サブウェポンはレベル技ではなくTM／教え技に限定。,くさむすび / アクロバット,グラススライダー / おいかぜ,こうごうせい / はねやすめ,専用技がある系統は進化時／Lv1思い出しに固定。戦闘専用フォームは基礎形の習得表を共有。,通常。高威力技はLv45以降、強力な積み技はLv50以降。,最低1つの命中90以上STABを維持し、自爆・テレポート・反動大技だけの直近4技を禁止。高レベル基礎種は中威力技を再挿入。,未収録・追加対象,B,最終統合ROMから現行表を抽出後、同名技の重複・ID衝突・取得時期を機械差分で確定する。
724,ジュナイパー,decidueye,7,くさ／ゴースト,モクロー → フクスロー → ジュナイパー,進化先／最終形,DPE-JP Learnsets.c＋ベガ既存表（既存種）,DPE基準維持＋進行調整,両刀・可変,かげぬい / タネばくだん / ギガドレイン / やどりぎのタネ,進化時に役割技を1つ提示。主力STABはLv36～50、反動・積み・専用大技はLv50～65またはLv1思い出し。,DPE表を土台に、進化前へ過剰な終盤技がある場合は後期へ移動。広範囲高火力サブウェポンはレベル技ではなくTM／教え技に限定。,くさむすび / シャドークロー,グラススライダー / ポルターガイスト,こうごうせい / みちづれ,かげぬいを進化時／Lv1思い出しに登録。通常のTM・汎用教え技にはしない。,通常。高威力技はLv45以降、強力な積み技はLv50以降。,最低1つの命中90以上STABを維持し、自爆・テレポート・反動大技だけの直近4技を禁止。高レベル基礎種は中威力技を再挿入。,未収録・追加対象,A,最終統合ROMから現行表を抽出後、同名技の重複・ID衝突・取得時期を機械差分で確定する。
725,ニャビー,litten,7,ほのお,ニャビー → ニャヒート → ガオガエン,基礎形,DPE-JP Learnsets.c＋ベガ既存表（既存種）,DPE基準維持＋進行調整,特殊寄り,ひのこ / おにび,安定したタイプ一致技をLv7～15、二段目をLv20～28に配置。進化前限定の補助技は思い出し対象に残す。,DPE表を土台に、進化前へ過剰な終盤技がある場合は後期へ移動。広範囲高火力サブウェポンはレベル技ではなくTM／教え技に限定。,かえんほうしゃ,ねっぷう,にほんばれ,専用技がある系統は進化時／Lv1思い出しに固定。戦闘専用フォームは基礎形の習得表を共有。,通常。高威力技はLv45以降、強力な積み技はLv50以降。,最低1つの命中90以上STABを維持し、自爆・テレポート・反動大技だけの直近4技を禁止。高レベル基礎種は中威力技を再挿入。,未収録・追加対象,B-,最終統合ROMから現行表を抽出後、同名技の重複・ID衝突・取得時期を機械差分で確定する。
726,ニャヒート,torracat,7,ほのお,ニャビー → ニャヒート → ガオガエン,中間進化,DPE-JP Learnsets.c＋ベガ既存表（既存種）,DPE基準維持＋進行調整,特殊寄り,かえんほうしゃ / おにび,中威力STABをLv22～35、役割補助技を進化時またはLv30前後に配置。最終大技は先送り。,DPE表を土台に、進化前へ過剰な終盤技がある場合は後期へ移動。広範囲高火力サブウェポンはレベル技ではなくTM／教え技に限定。,かえんほうしゃ,ねっぷう,にほんばれ,専用技がある系統は進化時／Lv1思い出しに固定。戦闘専用フォームは基礎形の習得表を共有。,通常。高威力技はLv45以降、強力な積み技はLv50以降。,最低1つの命中90以上STABを維持し、自爆・テレポート・反動大技だけの直近4技を禁止。高レベル基礎種は中威力技を再挿入。,未収録・追加対象,B,最終統合ROMから現行表を抽出後、同名技の重複・ID衝突・取得時期を機械差分で確定する。
727,ガオガエン,incineroar,7,ほのお／あく,ニャビー → ニャヒート → ガオガエン,進化先／最終形,DPE-JP Learnsets.c＋ベガ既存表（既存種）,DPE基準維持＋進行調整,両刀・可変,DDラリアット / ニトロチャージ / かえんほうしゃ / おにび,進化時に役割技を1つ提示。主力STABはLv36～50、反動・積み・専用大技はLv50～65またはLv1思い出し。,DPE表を土台に、進化前へ過剰な終盤技がある場合は後期へ移動。広範囲高火力サブウェポンはレベル技ではなくTM／教え技に限定。,かえんほうしゃ / バークアウト,ねっぷう / はたきおとす,にほんばれ / わるだくみ,DDラリアットを進化時／Lv1思い出しに登録。通常のTM・汎用教え技にはしない。,通常。高威力技はLv45以降、強力な積み技はLv50以降。,最低1つの命中90以上STABを維持し、自爆・テレポート・反動大技だけの直近4技を禁止。高レベル基礎種は中威力技を再挿入。,未収録・追加対象,A,最終統合ROMから現行表を抽出後、同名技の重複・ID衝突・取得時期を機械差分で確定する。
728,アシマリ,popplio,7,みず,アシマリ → オシャマリ → アシレーヌ,基礎形,DPE-JP Learnsets.c＋ベガ既存表（既存種）,DPE基準維持＋進行調整,両刀・可変,アクアジェット / みずのはどう,安定したタイプ一致技をLv7～15、二段目をLv20～28に配置。進化前限定の補助技は思い出し対象に残す。,DPE表を土台に、進化前へ過剰な終盤技がある場合は後期へ移動。広範囲高火力サブウェポンはレベル技ではなくTM／教え技に限定。,アクアブレイク,クイックターン,アクアリング,専用技がある系統は進化時／Lv1思い出しに固定。戦闘専用フォームは基礎形の習得表を共有。,通常。高威力技はLv45以降、強力な積み技はLv50以降。,最低1つの命中90以上STABを維持し、自爆・テレポート・反動大技だけの直近4技を禁止。高レベル基礎種は中威力技を再挿入。,未収録・追加対象,B-,最終統合ROMから現行表を抽出後、同名技の重複・ID衝突・取得時期を機械差分で確定する。
729,オシャマリ,brionne,7,みず,アシマリ → オシャマリ → アシレーヌ,中間進化,DPE-JP Learnsets.c＋ベガ既存表（既存種）,DPE基準維持＋進行調整,両刀・可変,アクアブレイク / なみのり,中威力STABをLv22～35、役割補助技を進化時またはLv30前後に配置。最終大技は先送り。,DPE表を土台に、進化前へ過剰な終盤技がある場合は後期へ移動。広範囲高火力サブウェポンはレベル技ではなくTM／教え技に限定。,アクアブレイク,クイックターン,アクアリング,専用技がある系統は進化時／Lv1思い出しに固定。戦闘専用フォームは基礎形の習得表を共有。,通常。高威力技はLv45以降、強力な積み技はLv50以降。,最低1つの命中90以上STABを維持し、自爆・テレポート・反動大技だけの直近4技を禁止。高レベル基礎種は中威力技を再挿入。,未収録・追加対象,B,最終統合ROMから現行表を抽出後、同名技の重複・ID衝突・取得時期を機械差分で確定する。
730,アシレーヌ,primarina,7,みず／フェアリー,アシマリ → オシャマリ → アシレーヌ,進化先／最終形,DPE-JP Learnsets.c＋ベガ既存表（既存種）,DPE基準維持＋進行調整,特殊アタッカー,うたかたのアリア / ハイドロポンプ / あまごい / ムーンフォース,進化時に役割技を1つ提示。主力STABはLv36～50、反動・積み・専用大技はLv50～65またはLv1思い出し。,DPE表を土台に、進化前へ過剰な終盤技がある場合は後期へ移動。広範囲高火力サブウェポンはレベル技ではなくTM／教え技に限定。,アクアブレイク / マジカルシャイン,クイックターン / ミストバースト,アクアリング / ミストフィールド,うたかたのアリアを進化時／Lv1思い出しに登録。通常のTM・汎用教え技にはしない。,通常。高威力技はLv45以降、強力な積み技はLv50以降。,最低1つの命中90以上STABを維持し、自爆・テレポート・反動大技だけの直近4技を禁止。高レベル基礎種は中威力技を再挿入。,未収録・追加対象,A,最終統合ROMから現行表を抽出後、同名技の重複・ID衝突・取得時期を機械差分で確定する。
731,ツツケラ,pikipek,7,ノーマル／ひこう,ツツケラ → ケララッパ → ドデカバシ,基礎形,DPE-JP Learnsets.c＋ベガ既存表（既存種）,DPE基準維持＋進行調整,物理寄り,ずつき / アンコール / つばさでうつ / おいかぜ,安定したタイプ一致技をLv7～15、二段目をLv20～28に配置。進化前限定の補助技は思い出し対象に残す。,DPE表を土台に、進化前へ過剰な終盤技がある場合は後期へ移動。広範囲高火力サブウェポンはレベル技ではなくTM／教え技に限定。,まもる / アクロバット,てだすけ / おいかぜ,あくび / はねやすめ,専用技がある系統は進化時／Lv1思い出しに固定。戦闘専用フォームは基礎形の習得表を共有。,通常。高威力技はLv45以降、強力な積み技はLv50以降。,最低1つの命中90以上STABを維持し、自爆・テレポート・反動大技だけの直近4技を禁止。高レベル基礎種は中威力技を再挿入。,未収録・追加対象,B-,最終統合ROMから現行表を抽出後、同名技の重複・ID衝突・取得時期を機械差分で確定する。
732,ケララッパ,trumbeak,7,ノーマル／ひこう,ツツケラ → ケララッパ → ドデカバシ,中間進化,DPE-JP Learnsets.c＋ベガ既存表（既存種）,DPE基準維持＋進行調整,物理寄り,のしかかり / アンコール / ドリルくちばし / おいかぜ,中威力STABをLv22～35、役割補助技を進化時またはLv30前後に配置。最終大技は先送り。,DPE表を土台に、進化前へ過剰な終盤技がある場合は後期へ移動。広範囲高火力サブウェポンはレベル技ではなくTM／教え技に限定。,まもる / アクロバット,てだすけ / おいかぜ,あくび / はねやすめ,専用技がある系統は進化時／Lv1思い出しに固定。戦闘専用フォームは基礎形の習得表を共有。,通常。高威力技はLv45以降、強力な積み技はLv50以降。,最低1つの命中90以上STABを維持し、自爆・テレポート・反動大技だけの直近4技を禁止。高レベル基礎種は中威力技を再挿入。,未収録・追加対象,B,最終統合ROMから現行表を抽出後、同名技の重複・ID衝突・取得時期を機械差分で確定する。
733,ドデカバシ,toucannon,7,ノーマル／ひこう,ツツケラ → ケララッパ → ドデカバシ,進化先／最終形,DPE-JP Learnsets.c＋ベガ既存表（既存種）,DPE基準維持＋進行調整,特殊アタッカー,ばくおんぱ（音系のみ） / アンコール / ぼうふう / おいかぜ,進化時に役割技を1つ提示。主力STABはLv36～50、反動・積み・専用大技はLv50～65またはLv1思い出し。,DPE表を土台に、進化前へ過剰な終盤技がある場合は後期へ移動。広範囲高火力サブウェポンはレベル技ではなくTM／教え技に限定。,まもる / アクロバット,てだすけ / おいかぜ,あくび / はねやすめ,専用技がある系統は進化時／Lv1思い出しに固定。戦闘専用フォームは基礎形の習得表を共有。,通常。高威力技はLv45以降、強力な積み技はLv50以降。,最低1つの命中90以上STABを維持し、自爆・テレポート・反動大技だけの直近4技を禁止。高レベル基礎種は中威力技を再挿入。,未収録・追加対象,B,最終統合ROMから現行表を抽出後、同名技の重複・ID衝突・取得時期を機械差分で確定する。
734,ヤングース,yungoos,7,ノーマル,ヤングース → デカグース,基礎形,DPE-JP Learnsets.c＋ベガ既存表（既存種）,DPE基準維持＋進行調整,物理寄り,ずつき / アンコール,安定したタイプ一致技をLv7～15、二段目をLv20～28に配置。進化前限定の補助技は思い出し対象に残す。,DPE表を土台に、進化前へ過剰な終盤技がある場合は後期へ移動。広範囲高火力サブウェポンはレベル技ではなくTM／教え技に限定。,まもる,てだすけ,あくび,専用技がある系統は進化時／Lv1思い出しに固定。戦闘専用フォームは基礎形の習得表を共有。,通常。高威力技はLv45以降、強力な積み技はLv50以降。,最低1つの命中90以上STABを維持し、自爆・テレポート・反動大技だけの直近4技を禁止。高レベル基礎種は中威力技を再挿入。,未収録・追加対象,B-,最終統合ROMから現行表を抽出後、同名技の重複・ID衝突・取得時期を機械差分で確定する。
735,デカグース,gumshoos,7,ノーマル,ヤングース → デカグース,進化先／最終形,DPE-JP Learnsets.c＋ベガ既存表（既存種）,DPE基準維持＋進行調整,物理アタッカー,すてみタックル / アンコール,進化時に役割技を1つ提示。主力STABはLv36～50、反動・積み・専用大技はLv50～65またはLv1思い出し。,DPE表を土台に、進化前へ過剰な終盤技がある場合は後期へ移動。広範囲高火力サブウェポンはレベル技ではなくTM／教え技に限定。,まもる,てだすけ,あくび,専用技がある系統は進化時／Lv1思い出しに固定。戦闘専用フォームは基礎形の習得表を共有。,通常。高威力技はLv45以降、強力な積み技はLv50以降。,最低1つの命中90以上STABを維持し、自爆・テレポート・反動大技だけの直近4技を禁止。高レベル基礎種は中威力技を再挿入。,未収録・追加対象,B,最終統合ROMから現行表を抽出後、同名技の重複・ID衝突・取得時期を機械差分で確定する。
736,アゴジムシ,grubbin,7,むし,アゴジムシ → デンヂムシ → クワガノン,基礎形,DPE-JP Learnsets.c＋ベガ既存表（既存種）,DPE基準維持＋進行調整,物理寄り,むしくい / ねばねばネット,安定したタイプ一致技をLv7～15、二段目をLv20～28に配置。進化前限定の補助技は思い出し対象に残す。,DPE表を土台に、進化前へ過剰な終盤技がある場合は後期へ移動。広範囲高火力サブウェポンはレベル技ではなくTM／教え技に限定。,とんぼがえり,むしくい,いとをはく,専用技がある系統は進化時／Lv1思い出しに固定。戦闘専用フォームは基礎形の習得表を共有。,通常。高威力技はLv45以降、強力な積み技はLv50以降。,最低1つの命中90以上STABを維持し、自爆・テレポート・反動大技だけの直近4技を禁止。高レベル基礎種は中威力技を再挿入。,未収録・追加対象,B-,最終統合ROMから現行表を抽出後、同名技の重複・ID衝突・取得時期を機械差分で確定する。
737,デンヂムシ,charjabug,7,むし／でんき,アゴジムシ → デンヂムシ → クワガノン,中間進化,DPE-JP Learnsets.c＋ベガ既存表（既存種）,DPE基準維持＋進行調整,両刀・可変,シザークロス / むしのさざめき / かみなりパンチ / 10まんボルト,中威力STABをLv22～35、役割補助技を進化時またはLv30前後に配置。最終大技は先送り。,DPE表を土台に、進化前へ過剰な終盤技がある場合は後期へ移動。広範囲高火力サブウェポンはレベル技ではなくTM／教え技に限定。,とんぼがえり / ボルトチェンジ,むしくい / エレキネット,いとをはく / じゅうでん,専用技がある系統は進化時／Lv1思い出しに固定。戦闘専用フォームは基礎形の習得表を共有。,通常。高威力技はLv45以降、強力な積み技はLv50以降。,最低1つの命中90以上STABを維持し、自爆・テレポート・反動大技だけの直近4技を禁止。高レベル基礎種は中威力技を再挿入。,未収録・追加対象,B,最終統合ROMから現行表を抽出後、同名技の重複・ID衝突・取得時期を機械差分で確定する。
738,クワガノン,vikavolt,7,むし／でんき,アゴジムシ → デンヂムシ → クワガノン,進化先／最終形,DPE-JP Learnsets.c＋ベガ既存表（既存種）,DPE基準維持＋進行調整,特殊アタッカー,かふんだんご / ねばねばネット / かみなり / でんじは,進化時に役割技を1つ提示。主力STABはLv36～50、反動・積み・専用大技はLv50～65またはLv1思い出し。,DPE表を土台に、進化前へ過剰な終盤技がある場合は後期へ移動。広範囲高火力サブウェポンはレベル技ではなくTM／教え技に限定。,とんぼがえり / ボルトチェンジ,むしくい / エレキネット,いとをはく / じゅうでん,専用技がある系統は進化時／Lv1思い出しに固定。戦闘専用フォームは基礎形の習得表を共有。,通常。高威力技はLv45以降、強力な積み技はLv50以降。,最低1つの命中90以上STABを維持し、自爆・テレポート・反動大技だけの直近4技を禁止。高レベル基礎種は中威力技を再挿入。,未収録・追加対象,B,最終統合ROMから現行表を抽出後、同名技の重複・ID衝突・取得時期を機械差分で確定する。
739,マケンカニ,crabrawler,7,かくとう,マケンカニ → ケケンカニ,基礎形,DPE-JP Learnsets.c＋ベガ既存表（既存種）,DPE基準維持＋進行調整,物理寄り,いわくだき / ビルドアップ,安定したタイプ一致技をLv7～15、二段目をLv20～28に配置。進化前限定の補助技は思い出し対象に残す。,DPE表を土台に、進化前へ過剰な終盤技がある場合は後期へ移動。広範囲高火力サブウェポンはレベル技ではなくTM／教え技に限定。,ドレインパンチ,コーチング,みきり,専用技がある系統は進化時／Lv1思い出しに固定。戦闘専用フォームは基礎形の習得表を共有。,通常。高威力技はLv45以降、強力な積み技はLv50以降。,最低1つの命中90以上STABを維持し、自爆・テレポート・反動大技だけの直近4技を禁止。高レベル基礎種は中威力技を再挿入。,未収録・追加対象,B-,最終統合ROMから現行表を抽出後、同名技の重複・ID衝突・取得時期を機械差分で確定する。
740,ケケンカニ,crabominable,7,かくとう／こおり,マケンカニ → ケケンカニ,進化先／最終形,DPE-JP Learnsets.c＋ベガ既存表（既存種）,DPE基準維持＋進行調整,物理アタッカー,インファイト / ビルドアップ / つららおとし / ゆきげしき,進化時に役割技を1つ提示。主力STABはLv36～50、反動・積み・専用大技はLv50～65またはLv1思い出し。,DPE表を土台に、進化前へ過剰な終盤技がある場合は後期へ移動。広範囲高火力サブウェポンはレベル技ではなくTM／教え技に限定。,ドレインパンチ / アイススピナー,コーチング / トリプルアクセル,みきり / オーロラベール,専用技がある系統は進化時／Lv1思い出しに固定。戦闘専用フォームは基礎形の習得表を共有。,通常。高威力技はLv45以降、強力な積み技はLv50以降。,最低1つの命中90以上STABを維持し、自爆・テレポート・反動大技だけの直近4技を禁止。高レベル基礎種は中威力技を再挿入。,未収録・追加対象,B,最終統合ROMから現行表を抽出後、同名技の重複・ID衝突・取得時期を機械差分で確定する。
741,オドリドリ,oricorio,7,ほのお／ひこう,オドリドリ,基礎形,DPE-JP Learnsets.c＋ベガ既存表（既存種）,DPE基準維持＋進行調整,特殊アタッカー,ひのこ / おにび / かぜおこし / おいかぜ,安定したタイプ一致技をLv7～15、二段目をLv20～28に配置。進化前限定の補助技は思い出し対象に残す。,DPE表を土台に、進化前へ過剰な終盤技がある場合は後期へ移動。広範囲高火力サブウェポンはレベル技ではなくTM／教え技に限定。,かえんほうしゃ / アクロバット,ねっぷう / おいかぜ,にほんばれ / はねやすめ,専用技がある系統は進化時／Lv1思い出しに固定。戦闘専用フォームは基礎形の習得表を共有。,通常。高威力技はLv45以降、強力な積み技はLv50以降。,最低1つの命中90以上STABを維持し、自爆・テレポート・反動大技だけの直近4技を禁止。高レベル基礎種は中威力技を再挿入。,未収録・追加対象,B-,最終統合ROMから現行表を抽出後、同名技の重複・ID衝突・取得時期を機械差分で確定する。
742,アブリー,cutiefly,7,むし／フェアリー,アブリー → アブリボン,基礎形,DPE-JP Learnsets.c＋ベガ既存表（既存種）,DPE基準維持＋進行調整,補助寄り両刀,むしくい / むしのていこう / ほしがる / ようせいのかぜ,安定したタイプ一致技をLv7～15、二段目をLv20～28に配置。進化前限定の補助技は思い出し対象に残す。,DPE表を土台に、進化前へ過剰な終盤技がある場合は後期へ移動。広範囲高火力サブウェポンはレベル技ではなくTM／教え技に限定。,とんぼがえり / マジカルシャイン,むしくい / ミストバースト,いとをはく / ミストフィールド,専用技がある系統は進化時／Lv1思い出しに固定。戦闘専用フォームは基礎形の習得表を共有。,通常。高威力技はLv45以降、強力な積み技はLv50以降。,最低1つの命中90以上STABを維持し、自爆・テレポート・反動大技だけの直近4技を禁止。高レベル基礎種は中威力技を再挿入。,未収録・追加対象,B-,最終統合ROMから現行表を抽出後、同名技の重複・ID衝突・取得時期を機械差分で確定する。
743,アブリボン,ribombee,7,むし／フェアリー,アブリー → アブリボン,進化先／最終形,DPE-JP Learnsets.c＋ベガ既存表（既存種）,DPE基準維持＋進行調整,特殊アタッカー,かふんだんご / ねばねばネット / ムーンフォース / あまえる,進化時に役割技を1つ提示。主力STABはLv36～50、反動・積み・専用大技はLv50～65またはLv1思い出し。,DPE表を土台に、進化前へ過剰な終盤技がある場合は後期へ移動。広範囲高火力サブウェポンはレベル技ではなくTM／教え技に限定。,とんぼがえり / マジカルシャイン,むしくい / ミストバースト,いとをはく / ミストフィールド,専用技がある系統は進化時／Lv1思い出しに固定。戦闘専用フォームは基礎形の習得表を共有。,通常。高威力技はLv45以降、強力な積み技はLv50以降。,最低1つの命中90以上STABを維持し、自爆・テレポート・反動大技だけの直近4技を禁止。高レベル基礎種は中威力技を再挿入。,未収録・追加対象,B,最終統合ROMから現行表を抽出後、同名技の重複・ID衝突・取得時期を機械差分で確定する。
744,イワンコ,rockruff,7,いわ,イワンコ → ルガルガン,基礎形,DPE-JP Learnsets.c＋ベガ既存表（既存種）,DPE基準維持＋進行調整,物理寄り,いわおとし / ステルスロック,安定したタイプ一致技をLv7～15、二段目をLv20～28に配置。進化前限定の補助技は思い出し対象に残す。,DPE表を土台に、進化前へ過剰な終盤技がある場合は後期へ移動。広範囲高火力サブウェポンはレベル技ではなくTM／教え技に限定。,ステルスロック,メテオビーム,すなあらし,専用技がある系統は進化時／Lv1思い出しに固定。戦闘専用フォームは基礎形の習得表を共有。,通常。高威力技はLv45以降、強力な積み技はLv50以降。,最低1つの命中90以上STABを維持し、自爆・テレポート・反動大技だけの直近4技を禁止。高レベル基礎種は中威力技を再挿入。,未収録・追加対象,B-,最終統合ROMから現行表を抽出後、同名技の重複・ID衝突・取得時期を機械差分で確定する。
745,ルガルガン,lycanroc,7,いわ,イワンコ → ルガルガン,進化先／最終形,DPE-JP Learnsets.c＋ベガ既存表（既存種）,DPE基準維持＋進行調整,物理アタッカー,ストーンエッジ / ステルスロック,進化時に役割技を1つ提示。主力STABはLv36～50、反動・積み・専用大技はLv50～65またはLv1思い出し。,DPE表を土台に、進化前へ過剰な終盤技がある場合は後期へ移動。広範囲高火力サブウェポンはレベル技ではなくTM／教え技に限定。,ステルスロック,メテオビーム,すなあらし,専用技がある系統は進化時／Lv1思い出しに固定。戦闘専用フォームは基礎形の習得表を共有。,通常。高威力技はLv45以降、強力な積み技はLv50以降。,最低1つの命中90以上STABを維持し、自爆・テレポート・反動大技だけの直近4技を禁止。高レベル基礎種は中威力技を再挿入。,未収録・追加対象,B,最終統合ROMから現行表を抽出後、同名技の重複・ID衝突・取得時期を機械差分で確定する。
746,ヨワシ,wishiwashi,7,みず,ヨワシ,基礎形,DPE-JP Learnsets.c＋ベガ既存表（既存種）,DPE基準維持＋進行調整,特殊アタッカー,みずのはどう / あまごい,安定したタイプ一致技をLv7～15、二段目をLv20～28に配置。進化前限定の補助技は思い出し対象に残す。,DPE表を土台に、進化前へ過剰な終盤技がある場合は後期へ移動。広範囲高火力サブウェポンはレベル技ではなくTM／教え技に限定。,アクアブレイク,クイックターン,アクアリング,専用技がある系統は進化時／Lv1思い出しに固定。戦闘専用フォームは基礎形の習得表を共有。,通常。高威力技はLv45以降、強力な積み技はLv50以降。,最低1つの命中90以上STABを維持し、自爆・テレポート・反動大技だけの直近4技を禁止。高レベル基礎種は中威力技を再挿入。,未収録・追加対象,A,最終統合ROMから現行表を抽出後、同名技の重複・ID衝突・取得時期を機械差分で確定する。
747,ヒドイデ,mareanie,7,どく／みず,ヒドイデ → ドヒドイデ,基礎形,DPE-JP Learnsets.c＋ベガ既存表（既存種）,DPE基準維持＋進行調整,補助寄り両刀,どくばり / アシッドボム / アクアジェット / みずのはどう,安定したタイプ一致技をLv7～15、二段目をLv20～28に配置。進化前限定の補助技は思い出し対象に残す。,DPE表を土台に、進化前へ過剰な終盤技がある場合は後期へ移動。広範囲高火力サブウェポンはレベル技ではなくTM／教え技に限定。,ベノムショック / アクアブレイク,ダストシュート / クイックターン,どくびし / アクアリング,専用技がある系統は進化時／Lv1思い出しに固定。戦闘専用フォームは基礎形の習得表を共有。,通常。高威力技はLv45以降、強力な積み技はLv50以降。,最低1つの命中90以上STABを維持し、自爆・テレポート・反動大技だけの直近4技を禁止。高レベル基礎種は中威力技を再挿入。,未収録・追加対象,B-,最終統合ROMから現行表を抽出後、同名技の重複・ID衝突・取得時期を機械差分で確定する。
748,ドヒドイデ,toxapex,7,どく／みず,ヒドイデ → ドヒドイデ,進化先／最終形,DPE-JP Learnsets.c＋ベガ既存表（既存種）,DPE基準維持＋進行調整,補助寄り両刀,ヘドロばくだん / どくどく / どくびし / なみのり,進化時に役割技を1つ提示。主力STABはLv36～50、反動・積み・専用大技はLv50～65またはLv1思い出し。,DPE表を土台に、進化前へ過剰な終盤技がある場合は後期へ移動。広範囲高火力サブウェポンはレベル技ではなくTM／教え技に限定。,ベノムショック / アクアブレイク,ダストシュート / クイックターン,どくびし / アクアリング,専用技がある系統は進化時／Lv1思い出しに固定。戦闘専用フォームは基礎形の習得表を共有。,通常。高威力技はLv45以降、強力な積み技はLv50以降。,最低1つの命中90以上STABを維持し、自爆・テレポート・反動大技だけの直近4技を禁止。高レベル基礎種は中威力技を再挿入。,未収録・追加対象,B,最終統合ROMから現行表を抽出後、同名技の重複・ID衝突・取得時期を機械差分で確定する。
749,ドロバンコ,mudbray,7,じめん,ドロバンコ → バンバドロ,基礎形,DPE-JP Learnsets.c＋ベガ既存表（既存種）,DPE基準維持＋進行調整,物理寄り,どろかけ / すなあらし,安定したタイプ一致技をLv7～15、二段目をLv20～28に配置。進化前限定の補助技は思い出し対象に残す。,DPE表を土台に、進化前へ過剰な終盤技がある場合は後期へ移動。広範囲高火力サブウェポンはレベル技ではなくTM／教え技に限定。,じならし,ねっさのだいち,まきびし,専用技がある系統は進化時／Lv1思い出しに固定。戦闘専用フォームは基礎形の習得表を共有。,通常。高威力技はLv45以降、強力な積み技はLv50以降。,最低1つの命中90以上STABを維持し、自爆・テレポート・反動大技だけの直近4技を禁止。高レベル基礎種は中威力技を再挿入。,未収録・追加対象,B-,最終統合ROMから現行表を抽出後、同名技の重複・ID衝突・取得時期を機械差分で確定する。
750,バンバドロ,mudsdale,7,じめん,ドロバンコ → バンバドロ,進化先／最終形,DPE-JP Learnsets.c＋ベガ既存表（既存種）,DPE基準維持＋進行調整,物理アタッカー,じしん / すなあらし,進化時に役割技を1つ提示。主力STABはLv36～50、反動・積み・専用大技はLv50～65またはLv1思い出し。,DPE表を土台に、進化前へ過剰な終盤技がある場合は後期へ移動。広範囲高火力サブウェポンはレベル技ではなくTM／教え技に限定。,じならし,ねっさのだいち,まきびし,専用技がある系統は進化時／Lv1思い出しに固定。戦闘専用フォームは基礎形の習得表を共有。,通常。高威力技はLv45以降、強力な積み技はLv50以降。,最低1つの命中90以上STABを維持し、自爆・テレポート・反動大技だけの直近4技を禁止。高レベル基礎種は中威力技を再挿入。,未収録・追加対象,B,最終統合ROMから現行表を抽出後、同名技の重複・ID衝突・取得時期を機械差分で確定する。
751,シズクモ,dewpider,7,みず／むし,シズクモ → オニシズクモ,基礎形,DPE-JP Learnsets.c＋ベガ既存表（既存種）,DPE基準維持＋進行調整,物理寄り,アクアジェット / あまごい / むしくい / ねばねばネット,安定したタイプ一致技をLv7～15、二段目をLv20～28に配置。進化前限定の補助技は思い出し対象に残す。,DPE表を土台に、進化前へ過剰な終盤技がある場合は後期へ移動。広範囲高火力サブウェポンはレベル技ではなくTM／教え技に限定。,アクアブレイク / とんぼがえり,クイックターン / むしくい,アクアリング / いとをはく,専用技がある系統は進化時／Lv1思い出しに固定。戦闘専用フォームは基礎形の習得表を共有。,通常。高威力技はLv45以降、強力な積み技はLv50以降。,最低1つの命中90以上STABを維持し、自爆・テレポート・反動大技だけの直近4技を禁止。高レベル基礎種は中威力技を再挿入。,未収録・追加対象,B-,最終統合ROMから現行表を抽出後、同名技の重複・ID衝突・取得時期を機械差分で確定する。
752,オニシズクモ,araquanid,7,みず／むし,シズクモ → オニシズクモ,進化先／最終形,DPE-JP Learnsets.c＋ベガ既存表（既存種）,DPE基準維持＋進行調整,特殊アタッカー,ハイドロポンプ / あまごい / かふんだんご / ねばねばネット,進化時に役割技を1つ提示。主力STABはLv36～50、反動・積み・専用大技はLv50～65またはLv1思い出し。,DPE表を土台に、進化前へ過剰な終盤技がある場合は後期へ移動。広範囲高火力サブウェポンはレベル技ではなくTM／教え技に限定。,アクアブレイク / とんぼがえり,クイックターン / むしくい,アクアリング / いとをはく,専用技がある系統は進化時／Lv1思い出しに固定。戦闘専用フォームは基礎形の習得表を共有。,通常。高威力技はLv45以降、強力な積み技はLv50以降。,最低1つの命中90以上STABを維持し、自爆・テレポート・反動大技だけの直近4技を禁止。高レベル基礎種は中威力技を再挿入。,未収録・追加対象,B,最終統合ROMから現行表を抽出後、同名技の重複・ID衝突・取得時期を機械差分で確定する。
753,カリキリ,fomantis,7,くさ,カリキリ → ラランテス,基礎形,DPE-JP Learnsets.c＋ベガ既存表（既存種）,DPE基準維持＋進行調整,特殊寄り,メガドレイン / やどりぎのタネ,安定したタイプ一致技をLv7～15、二段目をLv20～28に配置。進化前限定の補助技は思い出し対象に残す。,DPE表を土台に、進化前へ過剰な終盤技がある場合は後期へ移動。広範囲高火力サブウェポンはレベル技ではなくTM／教え技に限定。,くさむすび,グラススライダー,こうごうせい,専用技がある系統は進化時／Lv1思い出しに固定。戦闘専用フォームは基礎形の習得表を共有。,通常。高威力技はLv45以降、強力な積み技はLv50以降。,最低1つの命中90以上STABを維持し、自爆・テレポート・反動大技だけの直近4技を禁止。高レベル基礎種は中威力技を再挿入。,未収録・追加対象,B-,最終統合ROMから現行表を抽出後、同名技の重複・ID衝突・取得時期を機械差分で確定する。
754,ラランテス,lurantis,7,くさ,カリキリ → ラランテス,進化先／最終形,DPE-JP Learnsets.c＋ベガ既存表（既存種）,DPE基準維持＋進行調整,物理アタッカー,リーフブレード / やどりぎのタネ,進化時に役割技を1つ提示。主力STABはLv36～50、反動・積み・専用大技はLv50～65またはLv1思い出し。,DPE表を土台に、進化前へ過剰な終盤技がある場合は後期へ移動。広範囲高火力サブウェポンはレベル技ではなくTM／教え技に限定。,くさむすび,グラススライダー,こうごうせい,専用技がある系統は進化時／Lv1思い出しに固定。戦闘専用フォームは基礎形の習得表を共有。,通常。高威力技はLv45以降、強力な積み技はLv50以降。,最低1つの命中90以上STABを維持し、自爆・テレポート・反動大技だけの直近4技を禁止。高レベル基礎種は中威力技を再挿入。,未収録・追加対象,B,最終統合ROMから現行表を抽出後、同名技の重複・ID衝突・取得時期を機械差分で確定する。
755,ネマシュ,morelull,7,くさ／フェアリー,ネマシュ → マシェード,基礎形,DPE-JP Learnsets.c＋ベガ既存表（既存種）,DPE基準維持＋進行調整,特殊寄り,メガドレイン / やどりぎのタネ / ようせいのかぜ / あまえる,安定したタイプ一致技をLv7～15、二段目をLv20～28に配置。進化前限定の補助技は思い出し対象に残す。,DPE表を土台に、進化前へ過剰な終盤技がある場合は後期へ移動。広範囲高火力サブウェポンはレベル技ではなくTM／教え技に限定。,くさむすび / マジカルシャイン,グラススライダー / ミストバースト,こうごうせい / ミストフィールド,専用技がある系統は進化時／Lv1思い出しに固定。戦闘専用フォームは基礎形の習得表を共有。,通常。高威力技はLv45以降、強力な積み技はLv50以降。,最低1つの命中90以上STABを維持し、自爆・テレポート・反動大技だけの直近4技を禁止。高レベル基礎種は中威力技を再挿入。,未収録・追加対象,B-,最終統合ROMから現行表を抽出後、同名技の重複・ID衝突・取得時期を機械差分で確定する。
756,マシェード,shiinotic,7,くさ／フェアリー,ネマシュ → マシェード,進化先／最終形,DPE-JP Learnsets.c＋ベガ既存表（既存種）,DPE基準維持＋進行調整,特殊アタッカー,エナジーボール / やどりぎのタネ / ムーンフォース / あまえる,進化時に役割技を1つ提示。主力STABはLv36～50、反動・積み・専用大技はLv50～65またはLv1思い出し。,DPE表を土台に、進化前へ過剰な終盤技がある場合は後期へ移動。広範囲高火力サブウェポンはレベル技ではなくTM／教え技に限定。,くさむすび / マジカルシャイン,グラススライダー / ミストバースト,こうごうせい / ミストフィールド,専用技がある系統は進化時／Lv1思い出しに固定。戦闘専用フォームは基礎形の習得表を共有。,通常。高威力技はLv45以降、強力な積み技はLv50以降。,最低1つの命中90以上STABを維持し、自爆・テレポート・反動大技だけの直近4技を禁止。高レベル基礎種は中威力技を再挿入。,未収録・追加対象,B,最終統合ROMから現行表を抽出後、同名技の重複・ID衝突・取得時期を機械差分で確定する。
757,ヤトウモリ,salandit,7,どく／ほのお,ヤトウモリ → エンニュート,基礎形,DPE-JP Learnsets.c＋ベガ既存表（既存種）,DPE基準維持＋進行調整,特殊寄り,アシッドボム / どくどく / ひのこ / おにび,安定したタイプ一致技をLv7～15、二段目をLv20～28に配置。進化前限定の補助技は思い出し対象に残す。,DPE表を土台に、進化前へ過剰な終盤技がある場合は後期へ移動。広範囲高火力サブウェポンはレベル技ではなくTM／教え技に限定。,ベノムショック / かえんほうしゃ,ダストシュート / ねっぷう,どくびし / にほんばれ,専用技がある系統は進化時／Lv1思い出しに固定。戦闘専用フォームは基礎形の習得表を共有。,通常。高威力技はLv45以降、強力な積み技はLv50以降。,最低1つの命中90以上STABを維持し、自爆・テレポート・反動大技だけの直近4技を禁止。高レベル基礎種は中威力技を再挿入。,未収録・追加対象,B-,最終統合ROMから現行表を抽出後、同名技の重複・ID衝突・取得時期を機械差分で確定する。
758,エンニュート,salazzle,7,どく／ほのお,ヤトウモリ → エンニュート,進化先／最終形,DPE-JP Learnsets.c＋ベガ既存表（既存種）,DPE基準維持＋進行調整,物理アタッカー,ダストシュート / どくどく / フレアドライブ / おにび,進化時に役割技を1つ提示。主力STABはLv36～50、反動・積み・専用大技はLv50～65またはLv1思い出し。,DPE表を土台に、進化前へ過剰な終盤技がある場合は後期へ移動。広範囲高火力サブウェポンはレベル技ではなくTM／教え技に限定。,ベノムショック / かえんほうしゃ,ダストシュート / ねっぷう,どくびし / にほんばれ,専用技がある系統は進化時／Lv1思い出しに固定。戦闘専用フォームは基礎形の習得表を共有。,通常。高威力技はLv45以降、強力な積み技はLv50以降。,最低1つの命中90以上STABを維持し、自爆・テレポート・反動大技だけの直近4技を禁止。高レベル基礎種は中威力技を再挿入。,未収録・追加対象,B,最終統合ROMから現行表を抽出後、同名技の重複・ID衝突・取得時期を機械差分で確定する。
759,ヌイコグマ,stufful,7,ノーマル／かくとう,ヌイコグマ → キテルグマ,基礎形,DPE-JP Learnsets.c＋ベガ既存表（既存種）,DPE基準維持＋進行調整,物理寄り,ずつき / アンコール / いわくだき / ビルドアップ,安定したタイプ一致技をLv7～15、二段目をLv20～28に配置。進化前限定の補助技は思い出し対象に残す。,DPE表を土台に、進化前へ過剰な終盤技がある場合は後期へ移動。広範囲高火力サブウェポンはレベル技ではなくTM／教え技に限定。,まもる / ドレインパンチ,てだすけ / コーチング,あくび / みきり,専用技がある系統は進化時／Lv1思い出しに固定。戦闘専用フォームは基礎形の習得表を共有。,通常。高威力技はLv45以降、強力な積み技はLv50以降。,最低1つの命中90以上STABを維持し、自爆・テレポート・反動大技だけの直近4技を禁止。高レベル基礎種は中威力技を再挿入。,未収録・追加対象,B-,最終統合ROMから現行表を抽出後、同名技の重複・ID衝突・取得時期を機械差分で確定する。
760,キテルグマ,bewear,7,ノーマル／かくとう,ヌイコグマ → キテルグマ,進化先／最終形,DPE-JP Learnsets.c＋ベガ既存表（既存種）,DPE基準維持＋進行調整,物理アタッカー,すてみタックル / アンコール / インファイト / ビルドアップ,進化時に役割技を1つ提示。主力STABはLv36～50、反動・積み・専用大技はLv50～65またはLv1思い出し。,DPE表を土台に、進化前へ過剰な終盤技がある場合は後期へ移動。広範囲高火力サブウェポンはレベル技ではなくTM／教え技に限定。,まもる / ドレインパンチ,てだすけ / コーチング,あくび / みきり,専用技がある系統は進化時／Lv1思い出しに固定。戦闘専用フォームは基礎形の習得表を共有。,通常。高威力技はLv45以降、強力な積み技はLv50以降。,最低1つの命中90以上STABを維持し、自爆・テレポート・反動大技だけの直近4技を禁止。高レベル基礎種は中威力技を再挿入。,未収録・追加対象,B,最終統合ROMから現行表を抽出後、同名技の重複・ID衝突・取得時期を機械差分で確定する。
761,アマカジ,bounsweet,7,くさ,アマカジ → アママイコ → アマージョ,基礎形,DPE-JP Learnsets.c＋ベガ既存表（既存種）,DPE基準維持＋進行調整,特殊寄り,メガドレイン / やどりぎのタネ,安定したタイプ一致技をLv7～15、二段目をLv20～28に配置。進化前限定の補助技は思い出し対象に残す。,DPE表を土台に、進化前へ過剰な終盤技がある場合は後期へ移動。広範囲高火力サブウェポンはレベル技ではなくTM／教え技に限定。,くさむすび,グラススライダー,こうごうせい,専用技がある系統は進化時／Lv1思い出しに固定。戦闘専用フォームは基礎形の習得表を共有。,通常。高威力技はLv45以降、強力な積み技はLv50以降。,最低1つの命中90以上STABを維持し、自爆・テレポート・反動大技だけの直近4技を禁止。高レベル基礎種は中威力技を再挿入。,未収録・追加対象,B-,最終統合ROMから現行表を抽出後、同名技の重複・ID衝突・取得時期を機械差分で確定する。
762,アママイコ,steenee,7,くさ,アマカジ → アママイコ → アマージョ,中間進化,DPE-JP Learnsets.c＋ベガ既存表（既存種）,DPE基準維持＋進行調整,特殊寄り,ギガドレイン / やどりぎのタネ,中威力STABをLv22～35、役割補助技を進化時またはLv30前後に配置。最終大技は先送り。,DPE表を土台に、進化前へ過剰な終盤技がある場合は後期へ移動。広範囲高火力サブウェポンはレベル技ではなくTM／教え技に限定。,くさむすび,グラススライダー,こうごうせい,専用技がある系統は進化時／Lv1思い出しに固定。戦闘専用フォームは基礎形の習得表を共有。,通常。高威力技はLv45以降、強力な積み技はLv50以降。,最低1つの命中90以上STABを維持し、自爆・テレポート・反動大技だけの直近4技を禁止。高レベル基礎種は中威力技を再挿入。,未収録・追加対象,B,最終統合ROMから現行表を抽出後、同名技の重複・ID衝突・取得時期を機械差分で確定する。
763,アマージョ,tsareena,7,くさ,アマカジ → アママイコ → アマージョ,進化先／最終形,DPE-JP Learnsets.c＋ベガ既存表（既存種）,DPE基準維持＋進行調整,物理アタッカー,リーフブレード / やどりぎのタネ,進化時に役割技を1つ提示。主力STABはLv36～50、反動・積み・専用大技はLv50～65またはLv1思い出し。,DPE表を土台に、進化前へ過剰な終盤技がある場合は後期へ移動。広範囲高火力サブウェポンはレベル技ではなくTM／教え技に限定。,くさむすび,グラススライダー,こうごうせい,専用技がある系統は進化時／Lv1思い出しに固定。戦闘専用フォームは基礎形の習得表を共有。,通常。高威力技はLv45以降、強力な積み技はLv50以降。,最低1つの命中90以上STABを維持し、自爆・テレポート・反動大技だけの直近4技を禁止。高レベル基礎種は中威力技を再挿入。,未収録・追加対象,B,最終統合ROMから現行表を抽出後、同名技の重複・ID衝突・取得時期を機械差分で確定する。
764,キュワワー,comfey,7,フェアリー,キュワワー,基礎形,DPE-JP Learnsets.c＋ベガ既存表（既存種）,DPE基準維持＋進行調整,耐久・補助,ほしがる / ようせいのかぜ,安定したタイプ一致技をLv7～15、二段目をLv20～28に配置。進化前限定の補助技は思い出し対象に残す。,DPE表を土台に、進化前へ過剰な終盤技がある場合は後期へ移動。広範囲高火力サブウェポンはレベル技ではなくTM／教え技に限定。,マジカルシャイン,ミストバースト,ミストフィールド,専用技がある系統は進化時／Lv1思い出しに固定。戦闘専用フォームは基礎形の習得表を共有。,通常。高威力技はLv45以降、強力な積み技はLv50以降。,最低1つの命中90以上STABを維持し、自爆・テレポート・反動大技だけの直近4技を禁止。高レベル基礎種は中威力技を再挿入。,未収録・追加対象,B-,最終統合ROMから現行表を抽出後、同名技の重複・ID衝突・取得時期を機械差分で確定する。
765,ヤレユータン,oranguru,7,ノーマル／エスパー,ヤレユータン,基礎形,DPE-JP Learnsets.c＋ベガ既存表（既存種）,DPE基準維持＋進行調整,耐久・補助,ずつき / スピードスター / サイコカッター / ねんりき,安定したタイプ一致技をLv7～15、二段目をLv20～28に配置。進化前限定の補助技は思い出し対象に残す。,DPE表を土台に、進化前へ過剰な終盤技がある場合は後期へ移動。広範囲高火力サブウェポンはレベル技ではなくTM／教え技に限定。,まもる / サイコショック,てだすけ / トリック,あくび / ひかりのかべ,専用技がある系統は進化時／Lv1思い出しに固定。戦闘専用フォームは基礎形の習得表を共有。,通常。高威力技はLv45以降、強力な積み技はLv50以降。,最低1つの命中90以上STABを維持し、自爆・テレポート・反動大技だけの直近4技を禁止。高レベル基礎種は中威力技を再挿入。,未収録・追加対象,B-,最終統合ROMから現行表を抽出後、同名技の重複・ID衝突・取得時期を機械差分で確定する。
766,ナゲツケサル,passimian,7,かくとう,ナゲツケサル,基礎形,DPE-JP Learnsets.c＋ベガ既存表（既存種）,DPE基準維持＋進行調整,物理アタッカー,いわくだき / ビルドアップ,安定したタイプ一致技をLv7～15、二段目をLv20～28に配置。進化前限定の補助技は思い出し対象に残す。,DPE表を土台に、進化前へ過剰な終盤技がある場合は後期へ移動。広範囲高火力サブウェポンはレベル技ではなくTM／教え技に限定。,ドレインパンチ,コーチング,みきり,専用技がある系統は進化時／Lv1思い出しに固定。戦闘専用フォームは基礎形の習得表を共有。,通常。高威力技はLv45以降、強力な積み技はLv50以降。,最低1つの命中90以上STABを維持し、自爆・テレポート・反動大技だけの直近4技を禁止。高レベル基礎種は中威力技を再挿入。,未収録・追加対象,B-,最終統合ROMから現行表を抽出後、同名技の重複・ID衝突・取得時期を機械差分で確定する。
767,コソクムシ,wimpod,7,むし／みず,コソクムシ → グソクムシャ,基礎形,DPE-JP Learnsets.c＋ベガ既存表（既存種）,DPE基準維持＋進行調整,物理寄り,むしくい / ねばねばネット / アクアジェット / あまごい,安定したタイプ一致技をLv7～15、二段目をLv20～28に配置。進化前限定の補助技は思い出し対象に残す。,DPE表を土台に、進化前へ過剰な終盤技がある場合は後期へ移動。広範囲高火力サブウェポンはレベル技ではなくTM／教え技に限定。,とんぼがえり / アクアブレイク,むしくい / クイックターン,いとをはく / アクアリング,専用技がある系統は進化時／Lv1思い出しに固定。戦闘専用フォームは基礎形の習得表を共有。,通常。高威力技はLv45以降、強力な積み技はLv50以降。,最低1つの命中90以上STABを維持し、自爆・テレポート・反動大技だけの直近4技を禁止。高レベル基礎種は中威力技を再挿入。,未収録・追加対象,B-,最終統合ROMから現行表を抽出後、同名技の重複・ID衝突・取得時期を機械差分で確定する。
768,グソクムシャ,golisopod,7,むし／みず,コソクムシ → グソクムシャ,進化先／最終形,DPE-JP Learnsets.c＋ベガ既存表（既存種）,DPE基準維持＋進行調整,物理アタッカー,メガホーン / ねばねばネット / たきのぼり / あまごい,進化時に役割技を1つ提示。主力STABはLv36～50、反動・積み・専用大技はLv50～65またはLv1思い出し。,DPE表を土台に、進化前へ過剰な終盤技がある場合は後期へ移動。広範囲高火力サブウェポンはレベル技ではなくTM／教え技に限定。,とんぼがえり / アクアブレイク,むしくい / クイックターン,いとをはく / アクアリング,専用技がある系統は進化時／Lv1思い出しに固定。戦闘専用フォームは基礎形の習得表を共有。,通常。高威力技はLv45以降、強力な積み技はLv50以降。,最低1つの命中90以上STABを維持し、自爆・テレポート・反動大技だけの直近4技を禁止。高レベル基礎種は中威力技を再挿入。,未収録・追加対象,B,最終統合ROMから現行表を抽出後、同名技の重複・ID衝突・取得時期を機械差分で確定する。
769,スナバァ,sandygast,7,ゴースト／じめん,スナバァ → シロデスナ,基礎形,DPE-JP Learnsets.c＋ベガ既存表（既存種）,DPE基準維持＋進行調整,両刀・可変,かげうち / おどろかす / どろかけ / マッドショット,安定したタイプ一致技をLv7～15、二段目をLv20～28に配置。進化前限定の補助技は思い出し対象に残す。,DPE表を土台に、進化前へ過剰な終盤技がある場合は後期へ移動。広範囲高火力サブウェポンはレベル技ではなくTM／教え技に限定。,シャドークロー / じならし,ポルターガイスト / ねっさのだいち,みちづれ / まきびし,専用技がある系統は進化時／Lv1思い出しに固定。戦闘専用フォームは基礎形の習得表を共有。,通常。高威力技はLv45以降、強力な積み技はLv50以降。,最低1つの命中90以上STABを維持し、自爆・テレポート・反動大技だけの直近4技を禁止。高レベル基礎種は中威力技を再挿入。,未収録・追加対象,B-,最終統合ROMから現行表を抽出後、同名技の重複・ID衝突・取得時期を機械差分で確定する。
770,シロデスナ,palossand,7,ゴースト／じめん,スナバァ → シロデスナ,進化先／最終形,DPE-JP Learnsets.c＋ベガ既存表（既存種）,DPE基準維持＋進行調整,物理アタッカー,ポルターガイスト / おにび / じしん / すなあらし,進化時に役割技を1つ提示。主力STABはLv36～50、反動・積み・専用大技はLv50～65またはLv1思い出し。,DPE表を土台に、進化前へ過剰な終盤技がある場合は後期へ移動。広範囲高火力サブウェポンはレベル技ではなくTM／教え技に限定。,シャドークロー / じならし,ポルターガイスト / ねっさのだいち,みちづれ / まきびし,専用技がある系統は進化時／Lv1思い出しに固定。戦闘専用フォームは基礎形の習得表を共有。,殿堂入り後教え技。相手が持ち物なしの場合の失敗処理を現代仕様にする,最低1つの命中90以上STABを維持し、自爆・テレポート・反動大技だけの直近4技を禁止。高レベル基礎種は中威力技を再挿入。,未収録・追加対象,B,最終統合ROMから現行表を抽出後、同名技の重複・ID衝突・取得時期を機械差分で確定する。
771,ナマコブシ,pyukumuku,7,みず,ナマコブシ,基礎形,DPE-JP Learnsets.c＋ベガ既存表（既存種）,DPE基準維持＋進行調整,耐久・補助,アクアジェット / みずのはどう,安定したタイプ一致技をLv7～15、二段目をLv20～28に配置。進化前限定の補助技は思い出し対象に残す。,DPE表を土台に、進化前へ過剰な終盤技がある場合は後期へ移動。広範囲高火力サブウェポンはレベル技ではなくTM／教え技に限定。,アクアブレイク,クイックターン,アクアリング,専用技がある系統は進化時／Lv1思い出しに固定。戦闘専用フォームは基礎形の習得表を共有。,通常。高威力技はLv45以降、強力な積み技はLv50以降。,最低1つの命中90以上STABを維持し、自爆・テレポート・反動大技だけの直近4技を禁止。高レベル基礎種は中威力技を再挿入。,未収録・追加対象,B-,最終統合ROMから現行表を抽出後、同名技の重複・ID衝突・取得時期を機械差分で確定する。
772,タイプ：ヌル,type-null,7,ノーマル,タイプ：ヌル → シルヴァディ,基礎形,DPE-JP Learnsets.c＋ベガ既存表（既存種）,DPE基準維持＋進行調整,物理寄り,ずつき / アンコール,安定したタイプ一致技をLv7～15、二段目をLv20～28に配置。進化前限定の補助技は思い出し対象に残す。,DPE表を土台に、進化前へ過剰な終盤技がある場合は後期へ移動。広範囲高火力サブウェポンはレベル技ではなくTM／教え技に限定。,まもる,てだすけ,なし（タマゴ未発見／伝説・幻）,専用技がある系統は進化時／Lv1思い出しに固定。戦闘専用フォームは基礎形の習得表を共有。,通常。高威力技はLv45以降、強力な積み技はLv50以降。,最低1つの命中90以上STABを維持し、自爆・テレポート・反動大技だけの直近4技を禁止。高レベル基礎種は中威力技を再挿入。,未収録・追加対象,B-,最終統合ROMから現行表を抽出後、同名技の重複・ID衝突・取得時期を機械差分で確定する。
773,シルヴァディ,silvally,7,ノーマル,タイプ：ヌル → シルヴァディ,進化先／最終形,DPE-JP Learnsets.c＋ベガ既存表（既存種）,DPE基準維持＋進行調整,両刀・可変,のしかかり / ハイパーボイス / アンコール,進化時に役割技を1つ提示。主力STABはLv36～50、反動・積み・専用大技はLv50～65またはLv1思い出し。,DPE表を土台に、進化前へ過剰な終盤技がある場合は後期へ移動。広範囲高火力サブウェポンはレベル技ではなくTM／教え技に限定。,まもる,てだすけ,なし（タマゴ未発見／伝説・幻）,専用技がある系統は進化時／Lv1思い出しに固定。戦闘専用フォームは基礎形の習得表を共有。,通常。高威力技はLv45以降、強力な積み技はLv50以降。,最低1つの命中90以上STABを維持し、自爆・テレポート・反動大技だけの直近4技を禁止。高レベル基礎種は中威力技を再挿入。,未収録・追加対象,A,最終統合ROMから現行表を抽出後、同名技の重複・ID衝突・取得時期を機械差分で確定する。
774,メテノ,minior,7,いわ／ひこう,メテノ,基礎形,DPE-JP Learnsets.c＋ベガ既存表（既存種）,DPE基準維持＋進行調整,特殊アタッカー,げんしのちから / ステルスロック / かぜおこし / おいかぜ,安定したタイプ一致技をLv7～15、二段目をLv20～28に配置。進化前限定の補助技は思い出し対象に残す。,DPE表を土台に、進化前へ過剰な終盤技がある場合は後期へ移動。広範囲高火力サブウェポンはレベル技ではなくTM／教え技に限定。,ステルスロック / アクロバット,メテオビーム / おいかぜ,すなあらし / はねやすめ,専用技がある系統は進化時／Lv1思い出しに固定。戦闘専用フォームは基礎形の習得表を共有。,通常。高威力技はLv45以降、強力な積み技はLv50以降。,最低1つの命中90以上STABを維持し、自爆・テレポート・反動大技だけの直近4技を禁止。高レベル基礎種は中威力技を再挿入。,未収録・追加対象,A,最終統合ROMから現行表を抽出後、同名技の重複・ID衝突・取得時期を機械差分で確定する。
775,ネッコアラ,komala,7,ノーマル,ネッコアラ,基礎形,DPE-JP Learnsets.c＋ベガ既存表（既存種）,DPE基準維持＋進行調整,物理寄り,ずつき / アンコール,安定したタイプ一致技をLv7～15、二段目をLv20～28に配置。進化前限定の補助技は思い出し対象に残す。,DPE表を土台に、進化前へ過剰な終盤技がある場合は後期へ移動。広範囲高火力サブウェポンはレベル技ではなくTM／教え技に限定。,まもる,てだすけ,あくび,専用技がある系統は進化時／Lv1思い出しに固定。戦闘専用フォームは基礎形の習得表を共有。,通常。高威力技はLv45以降、強力な積み技はLv50以降。,最低1つの命中90以上STABを維持し、自爆・テレポート・反動大技だけの直近4技を禁止。高レベル基礎種は中威力技を再挿入。,未収録・追加対象,B-,最終統合ROMから現行表を抽出後、同名技の重複・ID衝突・取得時期を機械差分で確定する。
776,バクガメス,turtonator,7,ほのお／ドラゴン,バクガメス,基礎形,DPE-JP Learnsets.c＋ベガ既存表（既存種）,DPE基準維持＋進行調整,特殊アタッカー,ひのこ / おにび / りゅうのいぶき / りゅうのまい,安定したタイプ一致技をLv7～15、二段目をLv20～28に配置。進化前限定の補助技は思い出し対象に残す。,DPE表を土台に、進化前へ過剰な終盤技がある場合は後期へ移動。広範囲高火力サブウェポンはレベル技ではなくTM／教え技に限定。,かえんほうしゃ / ワイドブレイカー,ねっぷう / りゅうせいぐん,にほんばれ / こわいかお,専用技がある系統は進化時／Lv1思い出しに固定。戦闘専用フォームは基礎形の習得表を共有。,最終進化Lv50以上。600族はLv55以上,最低1つの命中90以上STABを維持し、自爆・テレポート・反動大技だけの直近4技を禁止。高レベル基礎種は中威力技を再挿入。,未収録・追加対象,B-,最終統合ROMから現行表を抽出後、同名技の重複・ID衝突・取得時期を機械差分で確定する。
777,トゲデマル,togedemaru,7,でんき／はがね,トゲデマル,基礎形,DPE-JP Learnsets.c＋ベガ既存表（既存種）,DPE基準維持＋進行調整,両刀・可変,スパーク / でんきショック / メタルクロー / ミラーショット,安定したタイプ一致技をLv7～15、二段目をLv20～28に配置。進化前限定の補助技は思い出し対象に残す。,DPE表を土台に、進化前へ過剰な終盤技がある場合は後期へ移動。広範囲高火力サブウェポンはレベル技ではなくTM／教え技に限定。,ボルトチェンジ / ラスターカノン,エレキネット / アイアンヘッド,じゅうでん / ボディプレス,専用技がある系統は進化時／Lv1思い出しに固定。戦闘専用フォームは基礎形の習得表を共有。,通常。高威力技はLv45以降、強力な積み技はLv50以降。,最低1つの命中90以上STABを維持し、自爆・テレポート・反動大技だけの直近4技を禁止。高レベル基礎種は中威力技を再挿入。,未収録・追加対象,B-,最終統合ROMから現行表を抽出後、同名技の重複・ID衝突・取得時期を機械差分で確定する。
778,ミミッキュ,mimikyu,7,ゴースト／フェアリー,ミミッキュ,基礎形,DPE-JP Learnsets.c＋ベガ既存表（既存種）,DPE基準維持＋進行調整,特殊アタッカー,おどろかす / おにび / ようせいのかぜ / あまえる,安定したタイプ一致技をLv7～15、二段目をLv20～28に配置。進化前限定の補助技は思い出し対象に残す。,DPE表を土台に、進化前へ過剰な終盤技がある場合は後期へ移動。広範囲高火力サブウェポンはレベル技ではなくTM／教え技に限定。,シャドークロー / マジカルシャイン,ポルターガイスト / ミストバースト,みちづれ / ミストフィールド,専用技がある系統は進化時／Lv1思い出しに固定。戦闘専用フォームは基礎形の習得表を共有。,通常。高威力技はLv45以降、強力な積み技はLv50以降。,最低1つの命中90以上STABを維持し、自爆・テレポート・反動大技だけの直近4技を禁止。高レベル基礎種は中威力技を再挿入。,未収録・追加対象,A,最終統合ROMから現行表を抽出後、同名技の重複・ID衝突・取得時期を機械差分で確定する。
779,ハギギシリ,bruxish,7,みず／エスパー,ハギギシリ,基礎形,DPE-JP Learnsets.c＋ベガ既存表（既存種）,DPE基準維持＋進行調整,特殊アタッカー,みずのはどう / あまごい / ねんりき / めいそう,安定したタイプ一致技をLv7～15、二段目をLv20～28に配置。進化前限定の補助技は思い出し対象に残す。,DPE表を土台に、進化前へ過剰な終盤技がある場合は後期へ移動。広範囲高火力サブウェポンはレベル技ではなくTM／教え技に限定。,アクアブレイク / サイコショック,クイックターン / トリック,アクアリング / ひかりのかべ,専用技がある系統は進化時／Lv1思い出しに固定。戦闘専用フォームは基礎形の習得表を共有。,通常。高威力技はLv45以降、強力な積み技はLv50以降。,最低1つの命中90以上STABを維持し、自爆・テレポート・反動大技だけの直近4技を禁止。高レベル基礎種は中威力技を再挿入。,未収録・追加対象,B-,最終統合ROMから現行表を抽出後、同名技の重複・ID衝突・取得時期を機械差分で確定する。
780,ジジーロン,drampa,7,ノーマル／ドラゴン,ジジーロン,基礎形,DPE-JP Learnsets.c＋ベガ既存表（既存種）,DPE基準維持＋進行調整,特殊アタッカー,スピードスター / アンコール / りゅうのいぶき / りゅうのまい,安定したタイプ一致技をLv7～15、二段目をLv20～28に配置。進化前限定の補助技は思い出し対象に残す。,DPE表を土台に、進化前へ過剰な終盤技がある場合は後期へ移動。広範囲高火力サブウェポンはレベル技ではなくTM／教え技に限定。,まもる / ワイドブレイカー,てだすけ / りゅうせいぐん,あくび / こわいかお,専用技がある系統は進化時／Lv1思い出しに固定。戦闘専用フォームは基礎形の習得表を共有。,最終進化Lv50以上。600族はLv55以上,最低1つの命中90以上STABを維持し、自爆・テレポート・反動大技だけの直近4技を禁止。高レベル基礎種は中威力技を再挿入。,未収録・追加対象,B-,最終統合ROMから現行表を抽出後、同名技の重複・ID衝突・取得時期を機械差分で確定する。
781,ダダリン,dhelmise,7,ゴースト／くさ,ダダリン,基礎形,DPE-JP Learnsets.c＋ベガ既存表（既存種）,DPE基準維持＋進行調整,物理アタッカー,かげうち / おにび / はっぱカッター / やどりぎのタネ,安定したタイプ一致技をLv7～15、二段目をLv20～28に配置。進化前限定の補助技は思い出し対象に残す。,DPE表を土台に、進化前へ過剰な終盤技がある場合は後期へ移動。広範囲高火力サブウェポンはレベル技ではなくTM／教え技に限定。,シャドークロー / くさむすび,ポルターガイスト / グラススライダー,みちづれ / こうごうせい,専用技がある系統は進化時／Lv1思い出しに固定。戦闘専用フォームは基礎形の習得表を共有。,通常。高威力技はLv45以降、強力な積み技はLv50以降。,最低1つの命中90以上STABを維持し、自爆・テレポート・反動大技だけの直近4技を禁止。高レベル基礎種は中威力技を再挿入。,未収録・追加対象,B-,最終統合ROMから現行表を抽出後、同名技の重複・ID衝突・取得時期を機械差分で確定する。
782,ジャラコ,jangmo-o,7,ドラゴン,ジャラコ → ジャランゴ → ジャラランガ,基礎形,DPE-JP Learnsets.c＋ベガ既存表（既存種）,DPE基準維持＋進行調整,物理寄り,ドラゴンテール / りゅうのまい,安定したタイプ一致技をLv7～15、二段目をLv20～28に配置。進化前限定の補助技は思い出し対象に残す。,DPE表を土台に、進化前へ過剰な終盤技がある場合は後期へ移動。広範囲高火力サブウェポンはレベル技ではなくTM／教え技に限定。,ワイドブレイカー,りゅうせいぐん,こわいかお,専用技がある系統は進化時／Lv1思い出しに固定。戦闘専用フォームは基礎形の習得表を共有。,最終進化Lv50以上。600族はLv55以上,最低1つの命中90以上STABを維持し、自爆・テレポート・反動大技だけの直近4技を禁止。高レベル基礎種は中威力技を再挿入。,未収録・追加対象,B-,最終統合ROMから現行表を抽出後、同名技の重複・ID衝突・取得時期を機械差分で確定する。
783,ジャランゴ,hakamo-o,7,ドラゴン／かくとう,ジャラコ → ジャランゴ → ジャラランガ,中間進化,DPE-JP Learnsets.c＋ベガ既存表（既存種）,DPE基準維持＋進行調整,物理寄り,ドラゴンクロー / りゅうのまい / かわらわり / ビルドアップ,中威力STABをLv22～35、役割補助技を進化時またはLv30前後に配置。最終大技は先送り。,DPE表を土台に、進化前へ過剰な終盤技がある場合は後期へ移動。広範囲高火力サブウェポンはレベル技ではなくTM／教え技に限定。,ワイドブレイカー / ドレインパンチ,りゅうせいぐん / コーチング,こわいかお / みきり,専用技がある系統は進化時／Lv1思い出しに固定。戦闘専用フォームは基礎形の習得表を共有。,最終進化Lv50以上。600族はLv55以上,最低1つの命中90以上STABを維持し、自爆・テレポート・反動大技だけの直近4技を禁止。高レベル基礎種は中威力技を再挿入。,未収録・追加対象,B,最終統合ROMから現行表を抽出後、同名技の重複・ID衝突・取得時期を機械差分で確定する。
784,ジャラランガ,kommo-o,7,ドラゴン／かくとう,ジャラコ → ジャランゴ → ジャラランガ,進化先／最終形,DPE-JP Learnsets.c＋ベガ既存表（既存種）,DPE基準維持＋進行調整,両刀・可変,ドラゴンクロー / りゅうのはどう / りゅうのまい / かわらわり,進化時に役割技を1つ提示。主力STABはLv36～50、反動・積み・専用大技はLv50～65またはLv1思い出し。,DPE表を土台に、進化前へ過剰な終盤技がある場合は後期へ移動。広範囲高火力サブウェポンはレベル技ではなくTM／教え技に限定。,ワイドブレイカー / ドレインパンチ,りゅうせいぐん / コーチング,こわいかお / みきり,専用技がある系統は進化時／Lv1思い出しに固定。戦闘専用フォームは基礎形の習得表を共有。,最終進化Lv50以上。600族はLv55以上,最低1つの命中90以上STABを維持し、自爆・テレポート・反動大技だけの直近4技を禁止。高レベル基礎種は中威力技を再挿入。,未収録・追加対象,B,最終統合ROMから現行表を抽出後、同名技の重複・ID衝突・取得時期を機械差分で確定する。
785,カプ・コケコ,tapu-koko,7,でんき／フェアリー,カプ・コケコ,基礎形,DPE-JP Learnsets.c＋ベガ既存表（既存種）,DPE基準維持＋進行調整,特殊アタッカー,でんきショック / でんじは / ようせいのかぜ / あまえる,安定したタイプ一致技をLv7～15、二段目をLv20～28に配置。進化前限定の補助技は思い出し対象に残す。,DPE表を土台に、進化前へ過剰な終盤技がある場合は後期へ移動。広範囲高火力サブウェポンはレベル技ではなくTM／教え技に限定。,ボルトチェンジ / マジカルシャイン,エレキネット / ミストバースト,なし（タマゴ未発見／伝説・幻）,専用技がある系統は進化時／Lv1思い出しに固定。戦闘専用フォームは基礎形の習得表を共有。,通常。高威力技はLv45以降、強力な積み技はLv50以降。,最低1つの命中90以上STABを維持し、自爆・テレポート・反動大技だけの直近4技を禁止。高レベル基礎種は中威力技を再挿入。,未収録・追加対象,B-,最終統合ROMから現行表を抽出後、同名技の重複・ID衝突・取得時期を機械差分で確定する。
786,カプ・テテフ,tapu-lele,7,エスパー／フェアリー,カプ・テテフ,基礎形,DPE-JP Learnsets.c＋ベガ既存表（既存種）,DPE基準維持＋進行調整,特殊アタッカー,ねんりき / めいそう / ようせいのかぜ / あまえる,安定したタイプ一致技をLv7～15、二段目をLv20～28に配置。進化前限定の補助技は思い出し対象に残す。,DPE表を土台に、進化前へ過剰な終盤技がある場合は後期へ移動。広範囲高火力サブウェポンはレベル技ではなくTM／教え技に限定。,サイコショック / マジカルシャイン,トリック / ミストバースト,なし（タマゴ未発見／伝説・幻）,専用技がある系統は進化時／Lv1思い出しに固定。戦闘専用フォームは基礎形の習得表を共有。,通常。高威力技はLv45以降、強力な積み技はLv50以降。,最低1つの命中90以上STABを維持し、自爆・テレポート・反動大技だけの直近4技を禁止。高レベル基礎種は中威力技を再挿入。,未収録・追加対象,B-,最終統合ROMから現行表を抽出後、同名技の重複・ID衝突・取得時期を機械差分で確定する。
787,カプ・ブルル,tapu-bulu,7,くさ／フェアリー,カプ・ブルル,基礎形,DPE-JP Learnsets.c＋ベガ既存表（既存種）,DPE基準維持＋進行調整,特殊アタッカー,メガドレイン / やどりぎのタネ / ようせいのかぜ / あまえる,安定したタイプ一致技をLv7～15、二段目をLv20～28に配置。進化前限定の補助技は思い出し対象に残す。,DPE表を土台に、進化前へ過剰な終盤技がある場合は後期へ移動。広範囲高火力サブウェポンはレベル技ではなくTM／教え技に限定。,くさむすび / マジカルシャイン,グラススライダー / ミストバースト,なし（タマゴ未発見／伝説・幻）,専用技がある系統は進化時／Lv1思い出しに固定。戦闘専用フォームは基礎形の習得表を共有。,通常。高威力技はLv45以降、強力な積み技はLv50以降。,最低1つの命中90以上STABを維持し、自爆・テレポート・反動大技だけの直近4技を禁止。高レベル基礎種は中威力技を再挿入。,未収録・追加対象,B-,最終統合ROMから現行表を抽出後、同名技の重複・ID衝突・取得時期を機械差分で確定する。
788,カプ・レヒレ,tapu-fini,7,みず／フェアリー,カプ・レヒレ,基礎形,DPE-JP Learnsets.c＋ベガ既存表（既存種）,DPE基準維持＋進行調整,特殊アタッカー,みずのはどう / あまごい / ようせいのかぜ / あまえる,安定したタイプ一致技をLv7～15、二段目をLv20～28に配置。進化前限定の補助技は思い出し対象に残す。,DPE表を土台に、進化前へ過剰な終盤技がある場合は後期へ移動。広範囲高火力サブウェポンはレベル技ではなくTM／教え技に限定。,アクアブレイク / マジカルシャイン,クイックターン / ミストバースト,なし（タマゴ未発見／伝説・幻）,専用技がある系統は進化時／Lv1思い出しに固定。戦闘専用フォームは基礎形の習得表を共有。,通常。高威力技はLv45以降、強力な積み技はLv50以降。,最低1つの命中90以上STABを維持し、自爆・テレポート・反動大技だけの直近4技を禁止。高レベル基礎種は中威力技を再挿入。,未収録・追加対象,B-,最終統合ROMから現行表を抽出後、同名技の重複・ID衝突・取得時期を機械差分で確定する。
789,コスモッグ,cosmog,7,エスパー,コスモッグ → コスモウム → ソルガレオ → ルナアーラ,基礎形,DPE-JP Learnsets.c＋ベガ既存表（既存種）,DPE基準維持＋進行調整,特殊寄り,ねんりき / めいそう,安定したタイプ一致技をLv7～15、二段目をLv20～28に配置。進化前限定の補助技は思い出し対象に残す。,DPE表を土台に、進化前へ過剰な終盤技がある場合は後期へ移動。広範囲高火力サブウェポンはレベル技ではなくTM／教え技に限定。,サイコショック,トリック,なし（タマゴ未発見／伝説・幻）,専用技がある系統は進化時／Lv1思い出しに固定。戦闘専用フォームは基礎形の習得表を共有。,通常。高威力技はLv45以降、強力な積み技はLv50以降。,最低1つの命中90以上STABを維持し、自爆・テレポート・反動大技だけの直近4技を禁止。高レベル基礎種は中威力技を再挿入。,未収録・追加対象,B-,最終統合ROMから現行表を抽出後、同名技の重複・ID衝突・取得時期を機械差分で確定する。
790,コスモウム,cosmoem,7,エスパー,コスモッグ → コスモウム → ソルガレオ → ルナアーラ,進化先／最終形,DPE-JP Learnsets.c＋ベガ既存表（既存種）,DPE基準維持＋進行調整,特殊寄り,サイコショック / めいそう,進化時に役割技を1つ提示。主力STABはLv36～50、反動・積み・専用大技はLv50～65またはLv1思い出し。,DPE表を土台に、進化前へ過剰な終盤技がある場合は後期へ移動。広範囲高火力サブウェポンはレベル技ではなくTM／教え技に限定。,サイコショック,トリック,なし（タマゴ未発見／伝説・幻）,専用技がある系統は進化時／Lv1思い出しに固定。戦闘専用フォームは基礎形の習得表を共有。,通常。高威力技はLv45以降、強力な積み技はLv50以降。,最低1つの命中90以上STABを維持し、自爆・テレポート・反動大技だけの直近4技を禁止。高レベル基礎種は中威力技を再挿入。,未収録・追加対象,B,最終統合ROMから現行表を抽出後、同名技の重複・ID衝突・取得時期を機械差分で確定する。
791,ソルガレオ,solgaleo,7,エスパー／はがね,コスモッグ → コスモウム → ソルガレオ → ルナアーラ,進化先／最終形,DPE-JP Learnsets.c＋ベガ既存表（既存種）,DPE基準維持＋進行調整,特殊アタッカー,メテオドライブ / サイコショック / めいそう / てっていこうせん,進化時に役割技を1つ提示。主力STABはLv36～50、反動・積み・専用大技はLv50～65またはLv1思い出し。,DPE表を土台に、進化前へ過剰な終盤技がある場合は後期へ移動。広範囲高火力サブウェポンはレベル技ではなくTM／教え技に限定。,サイコショック / ラスターカノン,トリック / アイアンヘッド,なし（タマゴ未発見／伝説・幻）,メテオドライブを進化時／Lv1思い出しに登録。通常のTM・汎用教え技にはしない。,8バッジ以降の鋼タイプ教え技,最低1つの命中90以上STABを維持し、自爆・テレポート・反動大技だけの直近4技を禁止。高レベル基礎種は中威力技を再挿入。,未収録・追加対象,A,最終統合ROMから現行表を抽出後、同名技の重複・ID衝突・取得時期を機械差分で確定する。
792,ルナアーラ,lunala,7,エスパー／ゴースト,コスモッグ → コスモウム → ソルガレオ → ルナアーラ,進化先／最終形,DPE-JP Learnsets.c＋ベガ既存表（既存種）,DPE基準維持＋進行調整,特殊アタッカー,シャドーレイ / サイコショック / めいそう / シャドーボール,進化時に役割技を1つ提示。主力STABはLv36～50、反動・積み・専用大技はLv50～65またはLv1思い出し。,DPE表を土台に、進化前へ過剰な終盤技がある場合は後期へ移動。広範囲高火力サブウェポンはレベル技ではなくTM／教え技に限定。,サイコショック / シャドークロー,トリック / ポルターガイスト,なし（タマゴ未発見／伝説・幻）,シャドーレイを進化時／Lv1思い出しに登録。通常のTM・汎用教え技にはしない。,通常。高威力技はLv45以降、強力な積み技はLv50以降。,最低1つの命中90以上STABを維持し、自爆・テレポート・反動大技だけの直近4技を禁止。高レベル基礎種は中威力技を再挿入。,未収録・追加対象,A,最終統合ROMから現行表を抽出後、同名技の重複・ID衝突・取得時期を機械差分で確定する。
793,ウツロイド,nihilego,7,いわ／どく,ウツロイド,基礎形,DPE-JP Learnsets.c＋ベガ既存表（既存種）,DPE基準維持＋進行調整,特殊アタッカー,げんしのちから / ステルスロック / アシッドボム / どくどく,安定したタイプ一致技をLv7～15、二段目をLv20～28に配置。進化前限定の補助技は思い出し対象に残す。,DPE表を土台に、進化前へ過剰な終盤技がある場合は後期へ移動。広範囲高火力サブウェポンはレベル技ではなくTM／教え技に限定。,ステルスロック / ベノムショック,メテオビーム / ダストシュート,すなあらし / どくびし,専用技がある系統は進化時／Lv1思い出しに固定。戦闘専用フォームは基礎形の習得表を共有。,通常。高威力技はLv45以降、強力な積み技はLv50以降。,最低1つの命中90以上STABを維持し、自爆・テレポート・反動大技だけの直近4技を禁止。高レベル基礎種は中威力技を再挿入。,未収録・追加対象,B-,最終統合ROMから現行表を抽出後、同名技の重複・ID衝突・取得時期を機械差分で確定する。
794,マッシブーン,buzzwole,7,むし／かくとう,マッシブーン,基礎形,DPE-JP Learnsets.c＋ベガ既存表（既存種）,DPE基準維持＋進行調整,物理寄り,むしくい / ねばねばネット / いわくだき / ビルドアップ,安定したタイプ一致技をLv7～15、二段目をLv20～28に配置。進化前限定の補助技は思い出し対象に残す。,DPE表を土台に、進化前へ過剰な終盤技がある場合は後期へ移動。広範囲高火力サブウェポンはレベル技ではなくTM／教え技に限定。,とんぼがえり / ドレインパンチ,むしくい / コーチング,いとをはく / みきり,専用技がある系統は進化時／Lv1思い出しに固定。戦闘専用フォームは基礎形の習得表を共有。,通常。高威力技はLv45以降、強力な積み技はLv50以降。,最低1つの命中90以上STABを維持し、自爆・テレポート・反動大技だけの直近4技を禁止。高レベル基礎種は中威力技を再挿入。,未収録・追加対象,B-,最終統合ROMから現行表を抽出後、同名技の重複・ID衝突・取得時期を機械差分で確定する。
795,フェローチェ,pheromosa,7,むし／かくとう,フェローチェ,基礎形,DPE-JP Learnsets.c＋ベガ既存表（既存種）,DPE基準維持＋進行調整,物理寄り,むしくい / ねばねばネット / いわくだき / ビルドアップ,安定したタイプ一致技をLv7～15、二段目をLv20～28に配置。進化前限定の補助技は思い出し対象に残す。,DPE表を土台に、進化前へ過剰な終盤技がある場合は後期へ移動。広範囲高火力サブウェポンはレベル技ではなくTM／教え技に限定。,とんぼがえり / ドレインパンチ,むしくい / コーチング,いとをはく / みきり,専用技がある系統は進化時／Lv1思い出しに固定。戦闘専用フォームは基礎形の習得表を共有。,通常。高威力技はLv45以降、強力な積み技はLv50以降。,最低1つの命中90以上STABを維持し、自爆・テレポート・反動大技だけの直近4技を禁止。高レベル基礎種は中威力技を再挿入。,未収録・追加対象,B-,最終統合ROMから現行表を抽出後、同名技の重複・ID衝突・取得時期を機械差分で確定する。
796,デンジュモク,xurkitree,7,でんき,デンジュモク,基礎形,DPE-JP Learnsets.c＋ベガ既存表（既存種）,DPE基準維持＋進行調整,特殊アタッカー,でんきショック / でんじは,安定したタイプ一致技をLv7～15、二段目をLv20～28に配置。進化前限定の補助技は思い出し対象に残す。,DPE表を土台に、進化前へ過剰な終盤技がある場合は後期へ移動。広範囲高火力サブウェポンはレベル技ではなくTM／教え技に限定。,ボルトチェンジ,エレキネット,じゅうでん,専用技がある系統は進化時／Lv1思い出しに固定。戦闘専用フォームは基礎形の習得表を共有。,通常。高威力技はLv45以降、強力な積み技はLv50以降。,最低1つの命中90以上STABを維持し、自爆・テレポート・反動大技だけの直近4技を禁止。高レベル基礎種は中威力技を再挿入。,未収録・追加対象,B-,最終統合ROMから現行表を抽出後、同名技の重複・ID衝突・取得時期を機械差分で確定する。
797,テッカグヤ,celesteela,7,はがね／ひこう,テッカグヤ,基礎形,DPE-JP Learnsets.c＋ベガ既存表（既存種）,DPE基準維持＋進行調整,特殊アタッカー,ミラーショット / てっぺき / かぜおこし / おいかぜ,安定したタイプ一致技をLv7～15、二段目をLv20～28に配置。進化前限定の補助技は思い出し対象に残す。,DPE表を土台に、進化前へ過剰な終盤技がある場合は後期へ移動。広範囲高火力サブウェポンはレベル技ではなくTM／教え技に限定。,ラスターカノン / アクロバット,アイアンヘッド / おいかぜ,ボディプレス / はねやすめ,専用技がある系統は進化時／Lv1思い出しに固定。戦闘専用フォームは基礎形の習得表を共有。,通常。高威力技はLv45以降、強力な積み技はLv50以降。,最低1つの命中90以上STABを維持し、自爆・テレポート・反動大技だけの直近4技を禁止。高レベル基礎種は中威力技を再挿入。,未収録・追加対象,B-,最終統合ROMから現行表を抽出後、同名技の重複・ID衝突・取得時期を機械差分で確定する。
798,カミツルギ,kartana,7,くさ／はがね,カミツルギ,基礎形,DPE-JP Learnsets.c＋ベガ既存表（既存種）,DPE基準維持＋進行調整,両刀・可変,はっぱカッター / メガドレイン / メタルクロー / ミラーショット,安定したタイプ一致技をLv7～15、二段目をLv20～28に配置。進化前限定の補助技は思い出し対象に残す。,DPE表を土台に、進化前へ過剰な終盤技がある場合は後期へ移動。広範囲高火力サブウェポンはレベル技ではなくTM／教え技に限定。,くさむすび / ラスターカノン,グラススライダー / アイアンヘッド,こうごうせい / ボディプレス,専用技がある系統は進化時／Lv1思い出しに固定。戦闘専用フォームは基礎形の習得表を共有。,通常。高威力技はLv45以降、強力な積み技はLv50以降。,最低1つの命中90以上STABを維持し、自爆・テレポート・反動大技だけの直近4技を禁止。高レベル基礎種は中威力技を再挿入。,未収録・追加対象,B-,最終統合ROMから現行表を抽出後、同名技の重複・ID衝突・取得時期を機械差分で確定する。
799,アクジキング,guzzlord,7,あく／ドラゴン,アクジキング,基礎形,DPE-JP Learnsets.c＋ベガ既存表（既存種）,DPE基準維持＋進行調整,特殊アタッカー,バークアウト / ちょうはつ / りゅうのいぶき / りゅうのまい,安定したタイプ一致技をLv7～15、二段目をLv20～28に配置。進化前限定の補助技は思い出し対象に残す。,DPE表を土台に、進化前へ過剰な終盤技がある場合は後期へ移動。広範囲高火力サブウェポンはレベル技ではなくTM／教え技に限定。,バークアウト / ワイドブレイカー,はたきおとす / りゅうせいぐん,わるだくみ / こわいかお,専用技がある系統は進化時／Lv1思い出しに固定。戦闘専用フォームは基礎形の習得表を共有。,最終進化Lv50以上。600族はLv55以上,最低1つの命中90以上STABを維持し、自爆・テレポート・反動大技だけの直近4技を禁止。高レベル基礎種は中威力技を再挿入。,未収録・追加対象,B-,最終統合ROMから現行表を抽出後、同名技の重複・ID衝突・取得時期を機械差分で確定する。
800,ネクロズマ,necrozma,7,エスパー,ネクロズマ,基礎形,DPE-JP Learnsets.c＋ベガ既存表（既存種）,DPE基準維持＋進行調整,両刀・可変,サイコカッター / ねんりき,安定したタイプ一致技をLv7～15、二段目をLv20～28に配置。進化前限定の補助技は思い出し対象に残す。,DPE表を土台に、進化前へ過剰な終盤技がある場合は後期へ移動。広範囲高火力サブウェポンはレベル技ではなくTM／教え技に限定。,サイコショック,トリック,なし（タマゴ未発見／伝説・幻）,フォトンゲイザーを進化時／Lv1思い出しに登録。通常のTM・汎用教え技にはしない。,通常。高威力技はLv45以降、強力な積み技はLv50以降。,最低1つの命中90以上STABを維持し、自爆・テレポート・反動大技だけの直近4技を禁止。高レベル基礎種は中威力技を再挿入。,未収録・追加対象,A,最終統合ROMから現行表を抽出後、同名技の重複・ID衝突・取得時期を機械差分で確定する。
801,マギアナ,magearna,7,はがね／フェアリー,マギアナ,基礎形,DPE-JP Learnsets.c＋ベガ既存表（既存種）,DPE基準維持＋進行調整,特殊アタッカー,ミラーショット / てっぺき / ようせいのかぜ / あまえる,安定したタイプ一致技をLv7～15、二段目をLv20～28に配置。進化前限定の補助技は思い出し対象に残す。,DPE表を土台に、進化前へ過剰な終盤技がある場合は後期へ移動。広範囲高火力サブウェポンはレベル技ではなくTM／教え技に限定。,ラスターカノン / マジカルシャイン,アイアンヘッド / ミストバースト,なし（タマゴ未発見／伝説・幻）,専用技がある系統は進化時／Lv1思い出しに固定。戦闘専用フォームは基礎形の習得表を共有。,通常。高威力技はLv45以降、強力な積み技はLv50以降。,最低1つの命中90以上STABを維持し、自爆・テレポート・反動大技だけの直近4技を禁止。高レベル基礎種は中威力技を再挿入。,未収録・追加対象,B-,最終統合ROMから現行表を抽出後、同名技の重複・ID衝突・取得時期を機械差分で確定する。
802,マーシャドー,marshadow,7,かくとう／ゴースト,マーシャドー,基礎形,DPE-JP Learnsets.c＋ベガ既存表（既存種）,DPE基準維持＋進行調整,特殊アタッカー,しんくうは / ビルドアップ / おどろかす / おにび,安定したタイプ一致技をLv7～15、二段目をLv20～28に配置。進化前限定の補助技は思い出し対象に残す。,DPE表を土台に、進化前へ過剰な終盤技がある場合は後期へ移動。広範囲高火力サブウェポンはレベル技ではなくTM／教え技に限定。,ドレインパンチ / シャドークロー,コーチング / ポルターガイスト,なし（タマゴ未発見／伝説・幻）,専用技がある系統は進化時／Lv1思い出しに固定。戦闘専用フォームは基礎形の習得表を共有。,通常。高威力技はLv45以降、強力な積み技はLv50以降。,最低1つの命中90以上STABを維持し、自爆・テレポート・反動大技だけの直近4技を禁止。高レベル基礎種は中威力技を再挿入。,未収録・追加対象,B-,最終統合ROMから現行表を抽出後、同名技の重複・ID衝突・取得時期を機械差分で確定する。
803,ベベノム,poipole,7,どく,ベベノム → アーゴヨン,基礎形,DPE-JP Learnsets.c＋ベガ既存表（既存種）,DPE基準維持＋進行調整,補助寄り両刀,どくばり / アシッドボム,安定したタイプ一致技をLv7～15、二段目をLv20～28に配置。進化前限定の補助技は思い出し対象に残す。,DPE表を土台に、進化前へ過剰な終盤技がある場合は後期へ移動。広範囲高火力サブウェポンはレベル技ではなくTM／教え技に限定。,ベノムショック,ダストシュート,どくびし,専用技がある系統は進化時／Lv1思い出しに固定。戦闘専用フォームは基礎形の習得表を共有。,通常。高威力技はLv45以降、強力な積み技はLv50以降。,最低1つの命中90以上STABを維持し、自爆・テレポート・反動大技だけの直近4技を禁止。高レベル基礎種は中威力技を再挿入。,未収録・追加対象,B-,最終統合ROMから現行表を抽出後、同名技の重複・ID衝突・取得時期を機械差分で確定する。
804,アーゴヨン,naganadel,7,どく／ドラゴン,ベベノム → アーゴヨン,進化先／最終形,DPE-JP Learnsets.c＋ベガ既存表（既存種）,DPE基準維持＋進行調整,物理寄り,ダストシュート / どくどく / げきりん / りゅうのまい,進化時に役割技を1つ提示。主力STABはLv36～50、反動・積み・専用大技はLv50～65またはLv1思い出し。,DPE表を土台に、進化前へ過剰な終盤技がある場合は後期へ移動。広範囲高火力サブウェポンはレベル技ではなくTM／教え技に限定。,ベノムショック / ワイドブレイカー,ダストシュート / りゅうせいぐん,どくびし / こわいかお,専用技がある系統は進化時／Lv1思い出しに固定。戦闘専用フォームは基礎形の習得表を共有。,最終進化Lv50以上。600族はLv55以上,最低1つの命中90以上STABを維持し、自爆・テレポート・反動大技だけの直近4技を禁止。高レベル基礎種は中威力技を再挿入。,未収録・追加対象,B,最終統合ROMから現行表を抽出後、同名技の重複・ID衝突・取得時期を機械差分で確定する。
805,ツンデツンデ,stakataka,7,いわ／はがね,ツンデツンデ,基礎形,DPE-JP Learnsets.c＋ベガ既存表（既存種）,DPE基準維持＋進行調整,物理寄り,いわおとし / ステルスロック / メタルクロー / てっぺき,安定したタイプ一致技をLv7～15、二段目をLv20～28に配置。進化前限定の補助技は思い出し対象に残す。,DPE表を土台に、進化前へ過剰な終盤技がある場合は後期へ移動。広範囲高火力サブウェポンはレベル技ではなくTM／教え技に限定。,ステルスロック / ラスターカノン,メテオビーム / アイアンヘッド,すなあらし / ボディプレス,専用技がある系統は進化時／Lv1思い出しに固定。戦闘専用フォームは基礎形の習得表を共有。,通常。高威力技はLv45以降、強力な積み技はLv50以降。,最低1つの命中90以上STABを維持し、自爆・テレポート・反動大技だけの直近4技を禁止。高レベル基礎種は中威力技を再挿入。,未収録・追加対象,B-,最終統合ROMから現行表を抽出後、同名技の重複・ID衝突・取得時期を機械差分で確定する。
806,ズガドーン,blacephalon,7,ほのお／ゴースト,ズガドーン,基礎形,DPE-JP Learnsets.c＋ベガ既存表（既存種）,DPE基準維持＋進行調整,特殊寄り,ひのこ / おにび / おどろかす,安定したタイプ一致技をLv7～15、二段目をLv20～28に配置。進化前限定の補助技は思い出し対象に残す。,DPE表を土台に、進化前へ過剰な終盤技がある場合は後期へ移動。広範囲高火力サブウェポンはレベル技ではなくTM／教え技に限定。,かえんほうしゃ / シャドークロー,ねっぷう / ポルターガイスト,にほんばれ / みちづれ,専用技がある系統は進化時／Lv1思い出しに固定。戦闘専用フォームは基礎形の習得表を共有。,通常。高威力技はLv45以降、強力な積み技はLv50以降。,最低1つの命中90以上STABを維持し、自爆・テレポート・反動大技だけの直近4技を禁止。高レベル基礎種は中威力技を再挿入。,未収録・追加対象,B-,最終統合ROMから現行表を抽出後、同名技の重複・ID衝突・取得時期を機械差分で確定する。
807,ゼラオラ,zeraora,7,でんき,ゼラオラ,基礎形,DPE-JP Learnsets.c＋ベガ既存表（既存種）,DPE基準維持＋進行調整,特殊アタッカー,でんきショック / でんじは,安定したタイプ一致技をLv7～15、二段目をLv20～28に配置。進化前限定の補助技は思い出し対象に残す。,DPE表を土台に、進化前へ過剰な終盤技がある場合は後期へ移動。広範囲高火力サブウェポンはレベル技ではなくTM／教え技に限定。,ボルトチェンジ,エレキネット,なし（タマゴ未発見／伝説・幻）,専用技がある系統は進化時／Lv1思い出しに固定。戦闘専用フォームは基礎形の習得表を共有。,通常。高威力技はLv45以降、強力な積み技はLv50以降。,最低1つの命中90以上STABを維持し、自爆・テレポート・反動大技だけの直近4技を禁止。高レベル基礎種は中威力技を再挿入。,未収録・追加対象,B-,最終統合ROMから現行表を抽出後、同名技の重複・ID衝突・取得時期を機械差分で確定する。
808,メルタン,meltan,7,はがね,メルタン,基礎形,DPE-JP Learnsets.c＋ベガ既存表（既存種）,DPE基準維持＋進行調整,物理寄り,メタルクロー / てっぺき,安定したタイプ一致技をLv7～15、二段目をLv20～28に配置。進化前限定の補助技は思い出し対象に残す。,DPE表を土台に、進化前へ過剰な終盤技がある場合は後期へ移動。広範囲高火力サブウェポンはレベル技ではなくTM／教え技に限定。,ラスターカノン,アイアンヘッド,なし（タマゴ未発見／伝説・幻）,専用技がある系統は進化時／Lv1思い出しに固定。戦闘専用フォームは基礎形の習得表を共有。,通常。高威力技はLv45以降、強力な積み技はLv50以降。,最低1つの命中90以上STABを維持し、自爆・テレポート・反動大技だけの直近4技を禁止。高レベル基礎種は中威力技を再挿入。,未収録・追加対象,B-,最終統合ROMから現行表を抽出後、同名技の重複・ID衝突・取得時期を機械差分で確定する。
809,メルメタル,melmetal,7,はがね,メルメタル,基礎形,DPE-JP Learnsets.c＋ベガ既存表（既存種）,DPE基準維持＋進行調整,物理アタッカー,メタルクロー / てっぺき,安定したタイプ一致技をLv7～15、二段目をLv20～28に配置。進化前限定の補助技は思い出し対象に残す。,DPE表を土台に、進化前へ過剰な終盤技がある場合は後期へ移動。広範囲高火力サブウェポンはレベル技ではなくTM／教え技に限定。,ラスターカノン,アイアンヘッド,なし（タマゴ未発見／伝説・幻）,専用技がある系統は進化時／Lv1思い出しに固定。戦闘専用フォームは基礎形の習得表を共有。,通常。高威力技はLv45以降、強力な積み技はLv50以降。,最低1つの命中90以上STABを維持し、自爆・テレポート・反動大技だけの直近4技を禁止。高レベル基礎種は中威力技を再挿入。,未収録・追加対象,B-,最終統合ROMから現行表を抽出後、同名技の重複・ID衝突・取得時期を機械差分で確定する。
810,サルノリ,grookey,8,くさ,サルノリ → バチンキー → ゴリランダー,基礎形,DPE-JP Learnsets.c＋ベガ既存表（既存種）,DPE基準維持＋進行調整,特殊アタッカー,メガドレイン / やどりぎのタネ,安定したタイプ一致技をLv7～15、二段目をLv20～28に配置。進化前限定の補助技は思い出し対象に残す。,DPE表を土台に、進化前へ過剰な終盤技がある場合は後期へ移動。広範囲高火力サブウェポンはレベル技ではなくTM／教え技に限定。,くさむすび,グラススライダー,こうごうせい,専用技がある系統は進化時／Lv1思い出しに固定。戦闘専用フォームは基礎形の習得表を共有。,通常。高威力技はLv45以降、強力な積み技はLv50以降。,最低1つの命中90以上STABを維持し、自爆・テレポート・反動大技だけの直近4技を禁止。高レベル基礎種は中威力技を再挿入。,未収録・追加対象,B-,最終統合ROMから現行表を抽出後、同名技の重複・ID衝突・取得時期を機械差分で確定する。
811,バチンキー,thwackey,8,くさ,サルノリ → バチンキー → ゴリランダー,中間進化,DPE-JP Learnsets.c＋ベガ既存表（既存種）,DPE基準維持＋進行調整,特殊寄り,ギガドレイン / やどりぎのタネ,中威力STABをLv22～35、役割補助技を進化時またはLv30前後に配置。最終大技は先送り。,DPE表を土台に、進化前へ過剰な終盤技がある場合は後期へ移動。広範囲高火力サブウェポンはレベル技ではなくTM／教え技に限定。,くさむすび,グラススライダー,こうごうせい,専用技がある系統は進化時／Lv1思い出しに固定。戦闘専用フォームは基礎形の習得表を共有。,通常。高威力技はLv45以降、強力な積み技はLv50以降。,最低1つの命中90以上STABを維持し、自爆・テレポート・反動大技だけの直近4技を禁止。高レベル基礎種は中威力技を再挿入。,未収録・追加対象,B,最終統合ROMから現行表を抽出後、同名技の重複・ID衝突・取得時期を機械差分で確定する。
812,ゴリランダー,rillaboom,8,くさ,サルノリ → バチンキー → ゴリランダー,進化先／最終形,DPE-JP Learnsets.c＋ベガ既存表（既存種）,DPE基準維持＋進行調整,物理アタッカー,ドラムアタック / リーフブレード / やどりぎのタネ,進化時に役割技を1つ提示。主力STABはLv36～50、反動・積み・専用大技はLv50～65またはLv1思い出し。,DPE表を土台に、進化前へ過剰な終盤技がある場合は後期へ移動。広範囲高火力サブウェポンはレベル技ではなくTM／教え技に限定。,くさむすび,グラススライダー,こうごうせい,ドラムアタックを進化時／Lv1思い出しに登録。通常のTM・汎用教え技にはしない。,通常。高威力技はLv45以降、強力な積み技はLv50以降。,最低1つの命中90以上STABを維持し、自爆・テレポート・反動大技だけの直近4技を禁止。高レベル基礎種は中威力技を再挿入。,未収録・追加対象,A,最終統合ROMから現行表を抽出後、同名技の重複・ID衝突・取得時期を機械差分で確定する。
813,ヒバニー,scorbunny,8,ほのお,ヒバニー → ラビフット → エースバーン,基礎形,DPE-JP Learnsets.c＋ベガ既存表（既存種）,DPE基準維持＋進行調整,特殊寄り,ひのこ / おにび,安定したタイプ一致技をLv7～15、二段目をLv20～28に配置。進化前限定の補助技は思い出し対象に残す。,DPE表を土台に、進化前へ過剰な終盤技がある場合は後期へ移動。広範囲高火力サブウェポンはレベル技ではなくTM／教え技に限定。,かえんほうしゃ,ねっぷう,にほんばれ,専用技がある系統は進化時／Lv1思い出しに固定。戦闘専用フォームは基礎形の習得表を共有。,通常。高威力技はLv45以降、強力な積み技はLv50以降。,最低1つの命中90以上STABを維持し、自爆・テレポート・反動大技だけの直近4技を禁止。高レベル基礎種は中威力技を再挿入。,未収録・追加対象,B-,最終統合ROMから現行表を抽出後、同名技の重複・ID衝突・取得時期を機械差分で確定する。
814,ラビフット,raboot,8,ほのお,ヒバニー → ラビフット → エースバーン,中間進化,DPE-JP Learnsets.c＋ベガ既存表（既存種）,DPE基準維持＋進行調整,特殊寄り,かえんほうしゃ / おにび,中威力STABをLv22～35、役割補助技を進化時またはLv30前後に配置。最終大技は先送り。,DPE表を土台に、進化前へ過剰な終盤技がある場合は後期へ移動。広範囲高火力サブウェポンはレベル技ではなくTM／教え技に限定。,かえんほうしゃ,ねっぷう,にほんばれ,専用技がある系統は進化時／Lv1思い出しに固定。戦闘専用フォームは基礎形の習得表を共有。,通常。高威力技はLv45以降、強力な積み技はLv50以降。,最低1つの命中90以上STABを維持し、自爆・テレポート・反動大技だけの直近4技を禁止。高レベル基礎種は中威力技を再挿入。,未収録・追加対象,B,最終統合ROMから現行表を抽出後、同名技の重複・ID衝突・取得時期を機械差分で確定する。
815,エースバーン,cinderace,8,ほのお,ヒバニー → ラビフット → エースバーン,進化先／最終形,DPE-JP Learnsets.c＋ベガ既存表（既存種）,DPE基準維持＋進行調整,両刀・可変,かえんボール / ニトロチャージ / かえんほうしゃ / おにび,進化時に役割技を1つ提示。主力STABはLv36～50、反動・積み・専用大技はLv50～65またはLv1思い出し。,DPE表を土台に、進化前へ過剰な終盤技がある場合は後期へ移動。広範囲高火力サブウェポンはレベル技ではなくTM／教え技に限定。,かえんほうしゃ,ねっぷう,にほんばれ,かえんボールを進化時／Lv1思い出しに登録。通常のTM・汎用教え技にはしない。,通常。高威力技はLv45以降、強力な積み技はLv50以降。,最低1つの命中90以上STABを維持し、自爆・テレポート・反動大技だけの直近4技を禁止。高レベル基礎種は中威力技を再挿入。,未収録・追加対象,A,最終統合ROMから現行表を抽出後、同名技の重複・ID衝突・取得時期を機械差分で確定する。
816,メッソン,sobble,8,みず,メッソン → ジメレオン → インテレオン,基礎形,DPE-JP Learnsets.c＋ベガ既存表（既存種）,DPE基準維持＋進行調整,両刀・可変,アクアジェット / みずのはどう,安定したタイプ一致技をLv7～15、二段目をLv20～28に配置。進化前限定の補助技は思い出し対象に残す。,DPE表を土台に、進化前へ過剰な終盤技がある場合は後期へ移動。広範囲高火力サブウェポンはレベル技ではなくTM／教え技に限定。,アクアブレイク,クイックターン,アクアリング,専用技がある系統は進化時／Lv1思い出しに固定。戦闘専用フォームは基礎形の習得表を共有。,通常。高威力技はLv45以降、強力な積み技はLv50以降。,最低1つの命中90以上STABを維持し、自爆・テレポート・反動大技だけの直近4技を禁止。高レベル基礎種は中威力技を再挿入。,未収録・追加対象,B-,最終統合ROMから現行表を抽出後、同名技の重複・ID衝突・取得時期を機械差分で確定する。
817,ジメレオン,drizzile,8,みず,メッソン → ジメレオン → インテレオン,中間進化,DPE-JP Learnsets.c＋ベガ既存表（既存種）,DPE基準維持＋進行調整,両刀・可変,アクアブレイク / なみのり,中威力STABをLv22～35、役割補助技を進化時またはLv30前後に配置。最終大技は先送り。,DPE表を土台に、進化前へ過剰な終盤技がある場合は後期へ移動。広範囲高火力サブウェポンはレベル技ではなくTM／教え技に限定。,アクアブレイク,クイックターン,アクアリング,専用技がある系統は進化時／Lv1思い出しに固定。戦闘専用フォームは基礎形の習得表を共有。,通常。高威力技はLv45以降、強力な積み技はLv50以降。,最低1つの命中90以上STABを維持し、自爆・テレポート・反動大技だけの直近4技を禁止。高レベル基礎種は中威力技を再挿入。,未収録・追加対象,B,最終統合ROMから現行表を抽出後、同名技の重複・ID衝突・取得時期を機械差分で確定する。
818,インテレオン,inteleon,8,みず,メッソン → ジメレオン → インテレオン,進化先／最終形,DPE-JP Learnsets.c＋ベガ既存表（既存種）,DPE基準維持＋進行調整,特殊アタッカー,ねらいうち / ハイドロポンプ / あまごい,進化時に役割技を1つ提示。主力STABはLv36～50、反動・積み・専用大技はLv50～65またはLv1思い出し。,DPE表を土台に、進化前へ過剰な終盤技がある場合は後期へ移動。広範囲高火力サブウェポンはレベル技ではなくTM／教え技に限定。,アクアブレイク,クイックターン,アクアリング,ねらいうちを進化時／Lv1思い出しに登録。通常のTM・汎用教え技にはしない。,通常。高威力技はLv45以降、強力な積み技はLv50以降。,最低1つの命中90以上STABを維持し、自爆・テレポート・反動大技だけの直近4技を禁止。高レベル基礎種は中威力技を再挿入。,未収録・追加対象,A,最終統合ROMから現行表を抽出後、同名技の重複・ID衝突・取得時期を機械差分で確定する。
819,ホシガリス,skwovet,8,ノーマル,ホシガリス → ヨクバリス,基礎形,DPE-JP Learnsets.c＋ベガ既存表（既存種）,DPE基準維持＋進行調整,物理寄り,ずつき / アンコール,安定したタイプ一致技をLv7～15、二段目をLv20～28に配置。進化前限定の補助技は思い出し対象に残す。,DPE表を土台に、進化前へ過剰な終盤技がある場合は後期へ移動。広範囲高火力サブウェポンはレベル技ではなくTM／教え技に限定。,まもる,てだすけ,あくび,専用技がある系統は進化時／Lv1思い出しに固定。戦闘専用フォームは基礎形の習得表を共有。,通常。高威力技はLv45以降、強力な積み技はLv50以降。,最低1つの命中90以上STABを維持し、自爆・テレポート・反動大技だけの直近4技を禁止。高レベル基礎種は中威力技を再挿入。,未収録・追加対象,B-,最終統合ROMから現行表を抽出後、同名技の重複・ID衝突・取得時期を機械差分で確定する。
820,ヨクバリス,greedent,8,ノーマル,ホシガリス → ヨクバリス,進化先／最終形,DPE-JP Learnsets.c＋ベガ既存表（既存種）,DPE基準維持＋進行調整,物理アタッカー,すてみタックル / アンコール,進化時に役割技を1つ提示。主力STABはLv36～50、反動・積み・専用大技はLv50～65またはLv1思い出し。,DPE表を土台に、進化前へ過剰な終盤技がある場合は後期へ移動。広範囲高火力サブウェポンはレベル技ではなくTM／教え技に限定。,まもる,てだすけ,あくび,専用技がある系統は進化時／Lv1思い出しに固定。戦闘専用フォームは基礎形の習得表を共有。,通常。高威力技はLv45以降、強力な積み技はLv50以降。,最低1つの命中90以上STABを維持し、自爆・テレポート・反動大技だけの直近4技を禁止。高レベル基礎種は中威力技を再挿入。,未収録・追加対象,B,最終統合ROMから現行表を抽出後、同名技の重複・ID衝突・取得時期を機械差分で確定する。
821,ココガラ,rookidee,8,ひこう,ココガラ → アオガラス → アーマーガア,基礎形,DPE-JP Learnsets.c＋ベガ既存表（既存種）,DPE基準維持＋進行調整,両刀・可変,つばさでうつ / かぜおこし,安定したタイプ一致技をLv7～15、二段目をLv20～28に配置。進化前限定の補助技は思い出し対象に残す。,DPE表を土台に、進化前へ過剰な終盤技がある場合は後期へ移動。広範囲高火力サブウェポンはレベル技ではなくTM／教え技に限定。,アクロバット,おいかぜ,はねやすめ,専用技がある系統は進化時／Lv1思い出しに固定。戦闘専用フォームは基礎形の習得表を共有。,通常。高威力技はLv45以降、強力な積み技はLv50以降。,最低1つの命中90以上STABを維持し、自爆・テレポート・反動大技だけの直近4技を禁止。高レベル基礎種は中威力技を再挿入。,未収録・追加対象,B-,最終統合ROMから現行表を抽出後、同名技の重複・ID衝突・取得時期を機械差分で確定する。
822,アオガラス,corvisquire,8,ひこう,ココガラ → アオガラス → アーマーガア,中間進化,DPE-JP Learnsets.c＋ベガ既存表（既存種）,DPE基準維持＋進行調整,両刀・可変,ドリルくちばし / エアスラッシュ,中威力STABをLv22～35、役割補助技を進化時またはLv30前後に配置。最終大技は先送り。,DPE表を土台に、進化前へ過剰な終盤技がある場合は後期へ移動。広範囲高火力サブウェポンはレベル技ではなくTM／教え技に限定。,アクロバット,おいかぜ,はねやすめ,専用技がある系統は進化時／Lv1思い出しに固定。戦闘専用フォームは基礎形の習得表を共有。,通常。高威力技はLv45以降、強力な積み技はLv50以降。,最低1つの命中90以上STABを維持し、自爆・テレポート・反動大技だけの直近4技を禁止。高レベル基礎種は中威力技を再挿入。,未収録・追加対象,B,最終統合ROMから現行表を抽出後、同名技の重複・ID衝突・取得時期を機械差分で確定する。
823,アーマーガア,corviknight,8,ひこう／はがね,ココガラ → アオガラス → アーマーガア,進化先／最終形,DPE-JP Learnsets.c＋ベガ既存表（既存種）,DPE基準維持＋進行調整,物理アタッカー,ブレイブバード / おいかぜ / ヘビーボンバー / てっぺき,進化時に役割技を1つ提示。主力STABはLv36～50、反動・積み・専用大技はLv50～65またはLv1思い出し。,DPE表を土台に、進化前へ過剰な終盤技がある場合は後期へ移動。広範囲高火力サブウェポンはレベル技ではなくTM／教え技に限定。,アクロバット / ラスターカノン,おいかぜ / アイアンヘッド,はねやすめ / ボディプレス,専用技がある系統は進化時／Lv1思い出しに固定。戦闘専用フォームは基礎形の習得表を共有。,通常。高威力技はLv45以降、強力な積み技はLv50以降。,最低1つの命中90以上STABを維持し、自爆・テレポート・反動大技だけの直近4技を禁止。高レベル基礎種は中威力技を再挿入。,未収録・追加対象,B,最終統合ROMから現行表を抽出後、同名技の重複・ID衝突・取得時期を機械差分で確定する。
824,サッチムシ,blipbug,8,むし,サッチムシ → レドームシ → イオルブ,基礎形,DPE-JP Learnsets.c＋ベガ既存表（既存種）,DPE基準維持＋進行調整,物理寄り,むしくい / ねばねばネット,安定したタイプ一致技をLv7～15、二段目をLv20～28に配置。進化前限定の補助技は思い出し対象に残す。,DPE表を土台に、進化前へ過剰な終盤技がある場合は後期へ移動。広範囲高火力サブウェポンはレベル技ではなくTM／教え技に限定。,とんぼがえり,むしくい,いとをはく,専用技がある系統は進化時／Lv1思い出しに固定。戦闘専用フォームは基礎形の習得表を共有。,通常。高威力技はLv45以降、強力な積み技はLv50以降。,最低1つの命中90以上STABを維持し、自爆・テレポート・反動大技だけの直近4技を禁止。高レベル基礎種は中威力技を再挿入。,未収録・追加対象,B-,最終統合ROMから現行表を抽出後、同名技の重複・ID衝突・取得時期を機械差分で確定する。
825,レドームシ,dottler,8,むし／エスパー,サッチムシ → レドームシ → イオルブ,中間進化,DPE-JP Learnsets.c＋ベガ既存表（既存種）,DPE基準維持＋進行調整,補助寄り両刀,シザークロス / むしのさざめき / しねんのずつき / サイコキネシス,中威力STABをLv22～35、役割補助技を進化時またはLv30前後に配置。最終大技は先送り。,DPE表を土台に、進化前へ過剰な終盤技がある場合は後期へ移動。広範囲高火力サブウェポンはレベル技ではなくTM／教え技に限定。,とんぼがえり / サイコショック,むしくい / トリック,いとをはく / ひかりのかべ,専用技がある系統は進化時／Lv1思い出しに固定。戦闘専用フォームは基礎形の習得表を共有。,通常。高威力技はLv45以降、強力な積み技はLv50以降。,最低1つの命中90以上STABを維持し、自爆・テレポート・反動大技だけの直近4技を禁止。高レベル基礎種は中威力技を再挿入。,未収録・追加対象,B,最終統合ROMから現行表を抽出後、同名技の重複・ID衝突・取得時期を機械差分で確定する。
826,イオルブ,orbeetle,8,むし／エスパー,サッチムシ → レドームシ → イオルブ,進化先／最終形,DPE-JP Learnsets.c＋ベガ既存表（既存種）,DPE基準維持＋進行調整,特殊アタッカー,かふんだんご / ねばねばネット / サイコショック / めいそう,進化時に役割技を1つ提示。主力STABはLv36～50、反動・積み・専用大技はLv50～65またはLv1思い出し。,DPE表を土台に、進化前へ過剰な終盤技がある場合は後期へ移動。広範囲高火力サブウェポンはレベル技ではなくTM／教え技に限定。,とんぼがえり / サイコショック,むしくい / トリック,いとをはく / ひかりのかべ,専用技がある系統は進化時／Lv1思い出しに固定。戦闘専用フォームは基礎形の習得表を共有。,通常。高威力技はLv45以降、強力な積み技はLv50以降。,最低1つの命中90以上STABを維持し、自爆・テレポート・反動大技だけの直近4技を禁止。高レベル基礎種は中威力技を再挿入。,未収録・追加対象,B,最終統合ROMから現行表を抽出後、同名技の重複・ID衝突・取得時期を機械差分で確定する。
827,クスネ,nickit,8,あく,クスネ → フォクスライ,基礎形,DPE-JP Learnsets.c＋ベガ既存表（既存種）,DPE基準維持＋進行調整,物理寄り,かみつく / ちょうはつ,安定したタイプ一致技をLv7～15、二段目をLv20～28に配置。進化前限定の補助技は思い出し対象に残す。,DPE表を土台に、進化前へ過剰な終盤技がある場合は後期へ移動。広範囲高火力サブウェポンはレベル技ではなくTM／教え技に限定。,バークアウト,はたきおとす,わるだくみ,専用技がある系統は進化時／Lv1思い出しに固定。戦闘専用フォームは基礎形の習得表を共有。,通常。高威力技はLv45以降、強力な積み技はLv50以降。,最低1つの命中90以上STABを維持し、自爆・テレポート・反動大技だけの直近4技を禁止。高レベル基礎種は中威力技を再挿入。,未収録・追加対象,B-,最終統合ROMから現行表を抽出後、同名技の重複・ID衝突・取得時期を機械差分で確定する。
828,フォクスライ,thievul,8,あく,クスネ → フォクスライ,進化先／最終形,DPE-JP Learnsets.c＋ベガ既存表（既存種）,DPE基準維持＋進行調整,特殊アタッカー,イカサマ / ちょうはつ,進化時に役割技を1つ提示。主力STABはLv36～50、反動・積み・専用大技はLv50～65またはLv1思い出し。,DPE表を土台に、進化前へ過剰な終盤技がある場合は後期へ移動。広範囲高火力サブウェポンはレベル技ではなくTM／教え技に限定。,バークアウト,はたきおとす,わるだくみ,専用技がある系統は進化時／Lv1思い出しに固定。戦闘専用フォームは基礎形の習得表を共有。,通常。高威力技はLv45以降、強力な積み技はLv50以降。,最低1つの命中90以上STABを維持し、自爆・テレポート・反動大技だけの直近4技を禁止。高レベル基礎種は中威力技を再挿入。,未収録・追加対象,B,最終統合ROMから現行表を抽出後、同名技の重複・ID衝突・取得時期を機械差分で確定する。
829,ヒメンカ,gossifleur,8,くさ,ヒメンカ → ワタシラガ,基礎形,DPE-JP Learnsets.c＋ベガ既存表（既存種）,DPE基準維持＋進行調整,特殊寄り,メガドレイン / やどりぎのタネ,安定したタイプ一致技をLv7～15、二段目をLv20～28に配置。進化前限定の補助技は思い出し対象に残す。,DPE表を土台に、進化前へ過剰な終盤技がある場合は後期へ移動。広範囲高火力サブウェポンはレベル技ではなくTM／教え技に限定。,くさむすび,グラススライダー,こうごうせい,専用技がある系統は進化時／Lv1思い出しに固定。戦闘専用フォームは基礎形の習得表を共有。,通常。高威力技はLv45以降、強力な積み技はLv50以降。,最低1つの命中90以上STABを維持し、自爆・テレポート・反動大技だけの直近4技を禁止。高レベル基礎種は中威力技を再挿入。,未収録・追加対象,B-,最終統合ROMから現行表を抽出後、同名技の重複・ID衝突・取得時期を機械差分で確定する。
830,ワタシラガ,eldegoss,8,くさ,ヒメンカ → ワタシラガ,進化先／最終形,DPE-JP Learnsets.c＋ベガ既存表（既存種）,DPE基準維持＋進行調整,特殊アタッカー,エナジーボール / やどりぎのタネ,進化時に役割技を1つ提示。主力STABはLv36～50、反動・積み・専用大技はLv50～65またはLv1思い出し。,DPE表を土台に、進化前へ過剰な終盤技がある場合は後期へ移動。広範囲高火力サブウェポンはレベル技ではなくTM／教え技に限定。,くさむすび,グラススライダー,こうごうせい,専用技がある系統は進化時／Lv1思い出しに固定。戦闘専用フォームは基礎形の習得表を共有。,通常。高威力技はLv45以降、強力な積み技はLv50以降。,最低1つの命中90以上STABを維持し、自爆・テレポート・反動大技だけの直近4技を禁止。高レベル基礎種は中威力技を再挿入。,未収録・追加対象,B,最終統合ROMから現行表を抽出後、同名技の重複・ID衝突・取得時期を機械差分で確定する。
831,ウールー,wooloo,8,ノーマル,ウールー → バイウールー,基礎形,DPE-JP Learnsets.c＋ベガ既存表（既存種）,DPE基準維持＋進行調整,物理寄り,ずつき / アンコール,安定したタイプ一致技をLv7～15、二段目をLv20～28に配置。進化前限定の補助技は思い出し対象に残す。,DPE表を土台に、進化前へ過剰な終盤技がある場合は後期へ移動。広範囲高火力サブウェポンはレベル技ではなくTM／教え技に限定。,まもる,てだすけ,あくび,専用技がある系統は進化時／Lv1思い出しに固定。戦闘専用フォームは基礎形の習得表を共有。,通常。高威力技はLv45以降、強力な積み技はLv50以降。,最低1つの命中90以上STABを維持し、自爆・テレポート・反動大技だけの直近4技を禁止。高レベル基礎種は中威力技を再挿入。,未収録・追加対象,B-,最終統合ROMから現行表を抽出後、同名技の重複・ID衝突・取得時期を機械差分で確定する。
832,バイウールー,dubwool,8,ノーマル,ウールー → バイウールー,進化先／最終形,DPE-JP Learnsets.c＋ベガ既存表（既存種）,DPE基準維持＋進行調整,物理寄り,すてみタックル / アンコール,進化時に役割技を1つ提示。主力STABはLv36～50、反動・積み・専用大技はLv50～65またはLv1思い出し。,DPE表を土台に、進化前へ過剰な終盤技がある場合は後期へ移動。広範囲高火力サブウェポンはレベル技ではなくTM／教え技に限定。,まもる,てだすけ,あくび,専用技がある系統は進化時／Lv1思い出しに固定。戦闘専用フォームは基礎形の習得表を共有。,通常。高威力技はLv45以降、強力な積み技はLv50以降。,最低1つの命中90以上STABを維持し、自爆・テレポート・反動大技だけの直近4技を禁止。高レベル基礎種は中威力技を再挿入。,未収録・追加対象,B,最終統合ROMから現行表を抽出後、同名技の重複・ID衝突・取得時期を機械差分で確定する。
833,カムカメ,chewtle,8,みず,カムカメ → カジリガメ,基礎形,DPE-JP Learnsets.c＋ベガ既存表（既存種）,DPE基準維持＋進行調整,両刀・可変,アクアジェット / みずのはどう,安定したタイプ一致技をLv7～15、二段目をLv20～28に配置。進化前限定の補助技は思い出し対象に残す。,DPE表を土台に、進化前へ過剰な終盤技がある場合は後期へ移動。広範囲高火力サブウェポンはレベル技ではなくTM／教え技に限定。,アクアブレイク,クイックターン,アクアリング,専用技がある系統は進化時／Lv1思い出しに固定。戦闘専用フォームは基礎形の習得表を共有。,通常。高威力技はLv45以降、強力な積み技はLv50以降。,最低1つの命中90以上STABを維持し、自爆・テレポート・反動大技だけの直近4技を禁止。高レベル基礎種は中威力技を再挿入。,未収録・追加対象,B-,最終統合ROMから現行表を抽出後、同名技の重複・ID衝突・取得時期を機械差分で確定する。
834,カジリガメ,drednaw,8,みず／いわ,カムカメ → カジリガメ,進化先／最終形,DPE-JP Learnsets.c＋ベガ既存表（既存種）,DPE基準維持＋進行調整,物理アタッカー,たきのぼり / あまごい / ストーンエッジ / ステルスロック,進化時に役割技を1つ提示。主力STABはLv36～50、反動・積み・専用大技はLv50～65またはLv1思い出し。,DPE表を土台に、進化前へ過剰な終盤技がある場合は後期へ移動。広範囲高火力サブウェポンはレベル技ではなくTM／教え技に限定。,アクアブレイク / ステルスロック,クイックターン / メテオビーム,アクアリング / すなあらし,専用技がある系統は進化時／Lv1思い出しに固定。戦闘専用フォームは基礎形の習得表を共有。,通常。高威力技はLv45以降、強力な積み技はLv50以降。,最低1つの命中90以上STABを維持し、自爆・テレポート・反動大技だけの直近4技を禁止。高レベル基礎種は中威力技を再挿入。,未収録・追加対象,B,最終統合ROMから現行表を抽出後、同名技の重複・ID衝突・取得時期を機械差分で確定する。
835,ワンパチ,yamper,8,でんき,ワンパチ → パルスワン,基礎形,DPE-JP Learnsets.c＋ベガ既存表（既存種）,DPE基準維持＋進行調整,特殊寄り,でんきショック / でんじは,安定したタイプ一致技をLv7～15、二段目をLv20～28に配置。進化前限定の補助技は思い出し対象に残す。,DPE表を土台に、進化前へ過剰な終盤技がある場合は後期へ移動。広範囲高火力サブウェポンはレベル技ではなくTM／教え技に限定。,ボルトチェンジ,エレキネット,じゅうでん,専用技がある系統は進化時／Lv1思い出しに固定。戦闘専用フォームは基礎形の習得表を共有。,通常。高威力技はLv45以降、強力な積み技はLv50以降。,最低1つの命中90以上STABを維持し、自爆・テレポート・反動大技だけの直近4技を禁止。高レベル基礎種は中威力技を再挿入。,未収録・追加対象,B-,最終統合ROMから現行表を抽出後、同名技の重複・ID衝突・取得時期を機械差分で確定する。
836,パルスワン,boltund,8,でんき,ワンパチ → パルスワン,進化先／最終形,DPE-JP Learnsets.c＋ベガ既存表（既存種）,DPE基準維持＋進行調整,物理アタッカー,ワイルドボルト / でんじは,進化時に役割技を1つ提示。主力STABはLv36～50、反動・積み・専用大技はLv50～65またはLv1思い出し。,DPE表を土台に、進化前へ過剰な終盤技がある場合は後期へ移動。広範囲高火力サブウェポンはレベル技ではなくTM／教え技に限定。,ボルトチェンジ,エレキネット,じゅうでん,専用技がある系統は進化時／Lv1思い出しに固定。戦闘専用フォームは基礎形の習得表を共有。,通常。高威力技はLv45以降、強力な積み技はLv50以降。,最低1つの命中90以上STABを維持し、自爆・テレポート・反動大技だけの直近4技を禁止。高レベル基礎種は中威力技を再挿入。,未収録・追加対象,B,最終統合ROMから現行表を抽出後、同名技の重複・ID衝突・取得時期を機械差分で確定する。
837,タンドン,rolycoly,8,いわ,タンドン → トロッゴン → セキタンザン,基礎形,DPE-JP Learnsets.c＋ベガ既存表（既存種）,DPE基準維持＋進行調整,物理寄り,いわおとし / ステルスロック,安定したタイプ一致技をLv7～15、二段目をLv20～28に配置。進化前限定の補助技は思い出し対象に残す。,DPE表を土台に、進化前へ過剰な終盤技がある場合は後期へ移動。広範囲高火力サブウェポンはレベル技ではなくTM／教え技に限定。,ステルスロック,メテオビーム,すなあらし,専用技がある系統は進化時／Lv1思い出しに固定。戦闘専用フォームは基礎形の習得表を共有。,通常。高威力技はLv45以降、強力な積み技はLv50以降。,最低1つの命中90以上STABを維持し、自爆・テレポート・反動大技だけの直近4技を禁止。高レベル基礎種は中威力技を再挿入。,未収録・追加対象,B-,最終統合ROMから現行表を抽出後、同名技の重複・ID衝突・取得時期を機械差分で確定する。
838,トロッゴン,carkol,8,いわ／ほのお,タンドン → トロッゴン → セキタンザン,中間進化,DPE-JP Learnsets.c＋ベガ既存表（既存種）,DPE基準維持＋進行調整,両刀・可変,いわなだれ / パワージェム / ニトロチャージ / かえんほうしゃ,中威力STABをLv22～35、役割補助技を進化時またはLv30前後に配置。最終大技は先送り。,DPE表を土台に、進化前へ過剰な終盤技がある場合は後期へ移動。広範囲高火力サブウェポンはレベル技ではなくTM／教え技に限定。,ステルスロック / かえんほうしゃ,メテオビーム / ねっぷう,すなあらし / にほんばれ,専用技がある系統は進化時／Lv1思い出しに固定。戦闘専用フォームは基礎形の習得表を共有。,通常。高威力技はLv45以降、強力な積み技はLv50以降。,最低1つの命中90以上STABを維持し、自爆・テレポート・反動大技だけの直近4技を禁止。高レベル基礎種は中威力技を再挿入。,未収録・追加対象,B,最終統合ROMから現行表を抽出後、同名技の重複・ID衝突・取得時期を機械差分で確定する。
839,セキタンザン,coalossal,8,いわ／ほのお,タンドン → トロッゴン → セキタンザン,進化先／最終形,DPE-JP Learnsets.c＋ベガ既存表（既存種）,DPE基準維持＋進行調整,物理アタッカー,ストーンエッジ / ステルスロック / フレアドライブ / おにび,進化時に役割技を1つ提示。主力STABはLv36～50、反動・積み・専用大技はLv50～65またはLv1思い出し。,DPE表を土台に、進化前へ過剰な終盤技がある場合は後期へ移動。広範囲高火力サブウェポンはレベル技ではなくTM／教え技に限定。,ステルスロック / かえんほうしゃ,メテオビーム / ねっぷう,すなあらし / にほんばれ,専用技がある系統は進化時／Lv1思い出しに固定。戦闘専用フォームは基礎形の習得表を共有。,通常。高威力技はLv45以降、強力な積み技はLv50以降。,最低1つの命中90以上STABを維持し、自爆・テレポート・反動大技だけの直近4技を禁止。高レベル基礎種は中威力技を再挿入。,未収録・追加対象,B,最終統合ROMから現行表を抽出後、同名技の重複・ID衝突・取得時期を機械差分で確定する。
840,カジッチュ,applin,8,くさ／ドラゴン,カジッチュ → アップリュー → タルップル → カミッチュ → カミツオロチ,基礎形,DPE-JP Learnsets.c＋ベガ既存表（既存種）,DPE基準維持＋進行調整,両刀・可変,はっぱカッター / メガドレイン / ドラゴンテール / りゅうのいぶき,安定したタイプ一致技をLv7～15、二段目をLv20～28に配置。進化前限定の補助技は思い出し対象に残す。,DPE表を土台に、進化前へ過剰な終盤技がある場合は後期へ移動。広範囲高火力サブウェポンはレベル技ではなくTM／教え技に限定。,くさむすび / ワイドブレイカー,グラススライダー / りゅうせいぐん,こうごうせい / こわいかお,専用技がある系統は進化時／Lv1思い出しに固定。戦闘専用フォームは基礎形の習得表を共有。,通常。高威力技はLv45以降、強力な積み技はLv50以降。,最低1つの命中90以上STABを維持し、自爆・テレポート・反動大技だけの直近4技を禁止。高レベル基礎種は中威力技を再挿入。,未収録・追加対象,B-,最終統合ROMから現行表を抽出後、同名技の重複・ID衝突・取得時期を機械差分で確定する。
841,アップリュー,flapple,8,くさ／ドラゴン,カジッチュ → アップリュー → タルップル → カミッチュ → カミツオロチ,進化先／最終形,DPE-JP Learnsets.c＋ベガ既存表（既存種）,DPE基準維持＋進行調整,物理アタッカー,リーフブレード / やどりぎのタネ / げきりん / りゅうのまい,進化時に役割技を1つ提示。主力STABはLv36～50、反動・積み・専用大技はLv50～65またはLv1思い出し。,DPE表を土台に、進化前へ過剰な終盤技がある場合は後期へ移動。広範囲高火力サブウェポンはレベル技ではなくTM／教え技に限定。,くさむすび / ワイドブレイカー,グラススライダー / りゅうせいぐん,こうごうせい / こわいかお,専用技がある系統は進化時／Lv1思い出しに固定。戦闘専用フォームは基礎形の習得表を共有。,最終進化Lv50以上。600族はLv55以上,最低1つの命中90以上STABを維持し、自爆・テレポート・反動大技だけの直近4技を禁止。高レベル基礎種は中威力技を再挿入。,未収録・追加対象,B,最終統合ROMから現行表を抽出後、同名技の重複・ID衝突・取得時期を機械差分で確定する。
842,タルップル,appletun,8,くさ／ドラゴン,カジッチュ → アップリュー → タルップル → カミッチュ → カミツオロチ,進化先／最終形,DPE-JP Learnsets.c＋ベガ既存表（既存種）,DPE基準維持＋進行調整,特殊アタッカー,エナジーボール / やどりぎのタネ / りゅうせいぐん / りゅうのまい,進化時に役割技を1つ提示。主力STABはLv36～50、反動・積み・専用大技はLv50～65またはLv1思い出し。,DPE表を土台に、進化前へ過剰な終盤技がある場合は後期へ移動。広範囲高火力サブウェポンはレベル技ではなくTM／教え技に限定。,くさむすび / ワイドブレイカー,グラススライダー / りゅうせいぐん,こうごうせい / こわいかお,専用技がある系統は進化時／Lv1思い出しに固定。戦闘専用フォームは基礎形の習得表を共有。,8バッジ以降のタイプ教え技,最低1つの命中90以上STABを維持し、自爆・テレポート・反動大技だけの直近4技を禁止。高レベル基礎種は中威力技を再挿入。,未収録・追加対象,B,最終統合ROMから現行表を抽出後、同名技の重複・ID衝突・取得時期を機械差分で確定する。
843,スナヘビ,silicobra,8,じめん,スナヘビ → サダイジャ,基礎形,DPE-JP Learnsets.c＋ベガ既存表（既存種）,DPE基準維持＋進行調整,物理寄り,どろかけ / すなあらし,安定したタイプ一致技をLv7～15、二段目をLv20～28に配置。進化前限定の補助技は思い出し対象に残す。,DPE表を土台に、進化前へ過剰な終盤技がある場合は後期へ移動。広範囲高火力サブウェポンはレベル技ではなくTM／教え技に限定。,じならし,ねっさのだいち,まきびし,専用技がある系統は進化時／Lv1思い出しに固定。戦闘専用フォームは基礎形の習得表を共有。,通常。高威力技はLv45以降、強力な積み技はLv50以降。,最低1つの命中90以上STABを維持し、自爆・テレポート・反動大技だけの直近4技を禁止。高レベル基礎種は中威力技を再挿入。,未収録・追加対象,B-,最終統合ROMから現行表を抽出後、同名技の重複・ID衝突・取得時期を機械差分で確定する。
844,サダイジャ,sandaconda,8,じめん,スナヘビ → サダイジャ,進化先／最終形,DPE-JP Learnsets.c＋ベガ既存表（既存種）,DPE基準維持＋進行調整,物理アタッカー,じしん / すなあらし,進化時に役割技を1つ提示。主力STABはLv36～50、反動・積み・専用大技はLv50～65またはLv1思い出し。,DPE表を土台に、進化前へ過剰な終盤技がある場合は後期へ移動。広範囲高火力サブウェポンはレベル技ではなくTM／教え技に限定。,じならし,ねっさのだいち,まきびし,専用技がある系統は進化時／Lv1思い出しに固定。戦闘専用フォームは基礎形の習得表を共有。,通常。高威力技はLv45以降、強力な積み技はLv50以降。,最低1つの命中90以上STABを維持し、自爆・テレポート・反動大技だけの直近4技を禁止。高レベル基礎種は中威力技を再挿入。,未収録・追加対象,B,最終統合ROMから現行表を抽出後、同名技の重複・ID衝突・取得時期を機械差分で確定する。
845,ウッウ,cramorant,8,ひこう／みず,ウッウ,基礎形,DPE-JP Learnsets.c＋ベガ既存表（既存種）,DPE基準維持＋進行調整,特殊アタッカー,かぜおこし / おいかぜ / みずのはどう / あまごい,安定したタイプ一致技をLv7～15、二段目をLv20～28に配置。進化前限定の補助技は思い出し対象に残す。,DPE表を土台に、進化前へ過剰な終盤技がある場合は後期へ移動。広範囲高火力サブウェポンはレベル技ではなくTM／教え技に限定。,アクロバット / アクアブレイク,おいかぜ / クイックターン,はねやすめ / アクアリング,専用技がある系統は進化時／Lv1思い出しに固定。戦闘専用フォームは基礎形の習得表を共有。,通常。高威力技はLv45以降、強力な積み技はLv50以降。,最低1つの命中90以上STABを維持し、自爆・テレポート・反動大技だけの直近4技を禁止。高レベル基礎種は中威力技を再挿入。,未収録・追加対象,B-,最終統合ROMから現行表を抽出後、同名技の重複・ID衝突・取得時期を機械差分で確定する。
846,サシカマス,arrokuda,8,みず,サシカマス → カマスジョー,基礎形,DPE-JP Learnsets.c＋ベガ既存表（既存種）,DPE基準維持＋進行調整,両刀・可変,アクアジェット / みずのはどう,安定したタイプ一致技をLv7～15、二段目をLv20～28に配置。進化前限定の補助技は思い出し対象に残す。,DPE表を土台に、進化前へ過剰な終盤技がある場合は後期へ移動。広範囲高火力サブウェポンはレベル技ではなくTM／教え技に限定。,アクアブレイク,クイックターン,アクアリング,専用技がある系統は進化時／Lv1思い出しに固定。戦闘専用フォームは基礎形の習得表を共有。,通常。高威力技はLv45以降、強力な積み技はLv50以降。,最低1つの命中90以上STABを維持し、自爆・テレポート・反動大技だけの直近4技を禁止。高レベル基礎種は中威力技を再挿入。,未収録・追加対象,B-,最終統合ROMから現行表を抽出後、同名技の重複・ID衝突・取得時期を機械差分で確定する。
847,カマスジョー,barraskewda,8,みず,サシカマス → カマスジョー,進化先／最終形,DPE-JP Learnsets.c＋ベガ既存表（既存種）,DPE基準維持＋進行調整,物理アタッカー,たきのぼり / あまごい,進化時に役割技を1つ提示。主力STABはLv36～50、反動・積み・専用大技はLv50～65またはLv1思い出し。,DPE表を土台に、進化前へ過剰な終盤技がある場合は後期へ移動。広範囲高火力サブウェポンはレベル技ではなくTM／教え技に限定。,アクアブレイク,クイックターン,アクアリング,専用技がある系統は進化時／Lv1思い出しに固定。戦闘専用フォームは基礎形の習得表を共有。,通常。高威力技はLv45以降、強力な積み技はLv50以降。,最低1つの命中90以上STABを維持し、自爆・テレポート・反動大技だけの直近4技を禁止。高レベル基礎種は中威力技を再挿入。,未収録・追加対象,B,最終統合ROMから現行表を抽出後、同名技の重複・ID衝突・取得時期を機械差分で確定する。
848,エレズン,toxel,8,でんき／どく,エレズン → ストリンダー,基礎形,DPE-JP Learnsets.c＋ベガ既存表（既存種）,DPE基準維持＋進行調整,特殊寄り,でんきショック / でんじは / アシッドボム / どくどく,安定したタイプ一致技をLv7～15、二段目をLv20～28に配置。進化前限定の補助技は思い出し対象に残す。,DPE表を土台に、進化前へ過剰な終盤技がある場合は後期へ移動。広範囲高火力サブウェポンはレベル技ではなくTM／教え技に限定。,ボルトチェンジ / ベノムショック,エレキネット / ダストシュート,じゅうでん / どくびし,専用技がある系統は進化時／Lv1思い出しに固定。戦闘専用フォームは基礎形の習得表を共有。,通常。高威力技はLv45以降、強力な積み技はLv50以降。,最低1つの命中90以上STABを維持し、自爆・テレポート・反動大技だけの直近4技を禁止。高レベル基礎種は中威力技を再挿入。,未収録・追加対象,B-,最終統合ROMから現行表を抽出後、同名技の重複・ID衝突・取得時期を機械差分で確定する。
849,ストリンダー,toxtricity,8,でんき／どく,エレズン → ストリンダー,進化先／最終形,DPE-JP Learnsets.c＋ベガ既存表（既存種）,DPE基準維持＋進行調整,両刀・可変,かみなりパンチ / 10まんボルト / でんじは / どくづき,進化時に役割技を1つ提示。主力STABはLv36～50、反動・積み・専用大技はLv50～65またはLv1思い出し。,DPE表を土台に、進化前へ過剰な終盤技がある場合は後期へ移動。広範囲高火力サブウェポンはレベル技ではなくTM／教え技に限定。,ボルトチェンジ / ベノムショック,エレキネット / ダストシュート,じゅうでん / どくびし,専用技がある系統は進化時／Lv1思い出しに固定。戦闘専用フォームは基礎形の習得表を共有。,通常。高威力技はLv45以降、強力な積み技はLv50以降。,最低1つの命中90以上STABを維持し、自爆・テレポート・反動大技だけの直近4技を禁止。高レベル基礎種は中威力技を再挿入。,未収録・追加対象,B,最終統合ROMから現行表を抽出後、同名技の重複・ID衝突・取得時期を機械差分で確定する。
850,ヤクデ,sizzlipede,8,ほのお／むし,ヤクデ → マルヤクデ,基礎形,DPE-JP Learnsets.c＋ベガ既存表（既存種）,DPE基準維持＋進行調整,両刀・可変,ほのおのキバ / ひのこ / むしくい / むしのていこう,安定したタイプ一致技をLv7～15、二段目をLv20～28に配置。進化前限定の補助技は思い出し対象に残す。,DPE表を土台に、進化前へ過剰な終盤技がある場合は後期へ移動。広範囲高火力サブウェポンはレベル技ではなくTM／教え技に限定。,かえんほうしゃ / とんぼがえり,ねっぷう / むしくい,にほんばれ / いとをはく,専用技がある系統は進化時／Lv1思い出しに固定。戦闘専用フォームは基礎形の習得表を共有。,通常。高威力技はLv45以降、強力な積み技はLv50以降。,最低1つの命中90以上STABを維持し、自爆・テレポート・反動大技だけの直近4技を禁止。高レベル基礎種は中威力技を再挿入。,未収録・追加対象,B-,最終統合ROMから現行表を抽出後、同名技の重複・ID衝突・取得時期を機械差分で確定する。
851,マルヤクデ,centiskorch,8,ほのお／むし,ヤクデ → マルヤクデ,進化先／最終形,DPE-JP Learnsets.c＋ベガ既存表（既存種）,DPE基準維持＋進行調整,特殊アタッカー,だいもんじ / おにび / かふんだんご / ねばねばネット,進化時に役割技を1つ提示。主力STABはLv36～50、反動・積み・専用大技はLv50～65またはLv1思い出し。,DPE表を土台に、進化前へ過剰な終盤技がある場合は後期へ移動。広範囲高火力サブウェポンはレベル技ではなくTM／教え技に限定。,かえんほうしゃ / とんぼがえり,ねっぷう / むしくい,にほんばれ / いとをはく,専用技がある系統は進化時／Lv1思い出しに固定。戦闘専用フォームは基礎形の習得表を共有。,通常。高威力技はLv45以降、強力な積み技はLv50以降。,最低1つの命中90以上STABを維持し、自爆・テレポート・反動大技だけの直近4技を禁止。高レベル基礎種は中威力技を再挿入。,未収録・追加対象,B,最終統合ROMから現行表を抽出後、同名技の重複・ID衝突・取得時期を機械差分で確定する。
852,タタッコ,clobbopus,8,かくとう,タタッコ → オトスパス,基礎形,DPE-JP Learnsets.c＋ベガ既存表（既存種）,DPE基準維持＋進行調整,物理寄り,いわくだき / ビルドアップ,安定したタイプ一致技をLv7～15、二段目をLv20～28に配置。進化前限定の補助技は思い出し対象に残す。,DPE表を土台に、進化前へ過剰な終盤技がある場合は後期へ移動。広範囲高火力サブウェポンはレベル技ではなくTM／教え技に限定。,ドレインパンチ,コーチング,みきり,専用技がある系統は進化時／Lv1思い出しに固定。戦闘専用フォームは基礎形の習得表を共有。,通常。高威力技はLv45以降、強力な積み技はLv50以降。,最低1つの命中90以上STABを維持し、自爆・テレポート・反動大技だけの直近4技を禁止。高レベル基礎種は中威力技を再挿入。,未収録・追加対象,B-,最終統合ROMから現行表を抽出後、同名技の重複・ID衝突・取得時期を機械差分で確定する。
853,オトスパス,grapploct,8,かくとう,タタッコ → オトスパス,進化先／最終形,DPE-JP Learnsets.c＋ベガ既存表（既存種）,DPE基準維持＋進行調整,物理アタッカー,インファイト / ビルドアップ,進化時に役割技を1つ提示。主力STABはLv36～50、反動・積み・専用大技はLv50～65またはLv1思い出し。,DPE表を土台に、進化前へ過剰な終盤技がある場合は後期へ移動。広範囲高火力サブウェポンはレベル技ではなくTM／教え技に限定。,ドレインパンチ,コーチング,みきり,専用技がある系統は進化時／Lv1思い出しに固定。戦闘専用フォームは基礎形の習得表を共有。,通常。高威力技はLv45以降、強力な積み技はLv50以降。,最低1つの命中90以上STABを維持し、自爆・テレポート・反動大技だけの直近4技を禁止。高レベル基礎種は中威力技を再挿入。,未収録・追加対象,B,最終統合ROMから現行表を抽出後、同名技の重複・ID衝突・取得時期を機械差分で確定する。
854,ヤバチャ,sinistea,8,ゴースト,ヤバチャ → ポットデス,基礎形,DPE-JP Learnsets.c＋ベガ既存表（既存種）,DPE基準維持＋進行調整,特殊寄り,おどろかす / おにび,安定したタイプ一致技をLv7～15、二段目をLv20～28に配置。進化前限定の補助技は思い出し対象に残す。,DPE表を土台に、進化前へ過剰な終盤技がある場合は後期へ移動。広範囲高火力サブウェポンはレベル技ではなくTM／教え技に限定。,シャドークロー,ポルターガイスト,みちづれ,専用技がある系統は進化時／Lv1思い出しに固定。戦闘専用フォームは基礎形の習得表を共有。,通常。高威力技はLv45以降、強力な積み技はLv50以降。,最低1つの命中90以上STABを維持し、自爆・テレポート・反動大技だけの直近4技を禁止。高レベル基礎種は中威力技を再挿入。,未収録・追加対象,B-,最終統合ROMから現行表を抽出後、同名技の重複・ID衝突・取得時期を機械差分で確定する。
855,ポットデス,polteageist,8,ゴースト,ヤバチャ → ポットデス,進化先／最終形,DPE-JP Learnsets.c＋ベガ既存表（既存種）,DPE基準維持＋進行調整,特殊アタッカー,シャドーボール / おにび,進化時に役割技を1つ提示。主力STABはLv36～50、反動・積み・専用大技はLv50～65またはLv1思い出し。,DPE表を土台に、進化前へ過剰な終盤技がある場合は後期へ移動。広範囲高火力サブウェポンはレベル技ではなくTM／教え技に限定。,シャドークロー,ポルターガイスト,みちづれ,専用技がある系統は進化時／Lv1思い出しに固定。戦闘専用フォームは基礎形の習得表を共有。,通常。高威力技はLv45以降、強力な積み技はLv50以降。,最低1つの命中90以上STABを維持し、自爆・テレポート・反動大技だけの直近4技を禁止。高レベル基礎種は中威力技を再挿入。,未収録・追加対象,B,最終統合ROMから現行表を抽出後、同名技の重複・ID衝突・取得時期を機械差分で確定する。
856,ミブリム,hatenna,8,エスパー,ミブリム → テブリム → ブリムオン,基礎形,DPE-JP Learnsets.c＋ベガ既存表（既存種）,DPE基準維持＋進行調整,特殊寄り,ねんりき / めいそう,安定したタイプ一致技をLv7～15、二段目をLv20～28に配置。進化前限定の補助技は思い出し対象に残す。,DPE表を土台に、進化前へ過剰な終盤技がある場合は後期へ移動。広範囲高火力サブウェポンはレベル技ではなくTM／教え技に限定。,サイコショック,トリック,ひかりのかべ,専用技がある系統は進化時／Lv1思い出しに固定。戦闘専用フォームは基礎形の習得表を共有。,通常。高威力技はLv45以降、強力な積み技はLv50以降。,最低1つの命中90以上STABを維持し、自爆・テレポート・反動大技だけの直近4技を禁止。高レベル基礎種は中威力技を再挿入。,未収録・追加対象,B-,最終統合ROMから現行表を抽出後、同名技の重複・ID衝突・取得時期を機械差分で確定する。
857,テブリム,hattrem,8,エスパー,ミブリム → テブリム → ブリムオン,中間進化,DPE-JP Learnsets.c＋ベガ既存表（既存種）,DPE基準維持＋進行調整,特殊寄り,サイコキネシス / めいそう,中威力STABをLv22～35、役割補助技を進化時またはLv30前後に配置。最終大技は先送り。,DPE表を土台に、進化前へ過剰な終盤技がある場合は後期へ移動。広範囲高火力サブウェポンはレベル技ではなくTM／教え技に限定。,サイコショック,トリック,ひかりのかべ,専用技がある系統は進化時／Lv1思い出しに固定。戦闘専用フォームは基礎形の習得表を共有。,通常。高威力技はLv45以降、強力な積み技はLv50以降。,最低1つの命中90以上STABを維持し、自爆・テレポート・反動大技だけの直近4技を禁止。高レベル基礎種は中威力技を再挿入。,未収録・追加対象,B,最終統合ROMから現行表を抽出後、同名技の重複・ID衝突・取得時期を機械差分で確定する。
858,ブリムオン,hatterene,8,エスパー／フェアリー,ミブリム → テブリム → ブリムオン,進化先／最終形,DPE-JP Learnsets.c＋ベガ既存表（既存種）,DPE基準維持＋進行調整,特殊アタッカー,サイコショック / めいそう / ムーンフォース / あまえる,進化時に役割技を1つ提示。主力STABはLv36～50、反動・積み・専用大技はLv50～65またはLv1思い出し。,DPE表を土台に、進化前へ過剰な終盤技がある場合は後期へ移動。広範囲高火力サブウェポンはレベル技ではなくTM／教え技に限定。,サイコショック / マジカルシャイン,トリック / ミストバースト,ひかりのかべ / ミストフィールド,専用技がある系統は進化時／Lv1思い出しに固定。戦闘専用フォームは基礎形の習得表を共有。,通常。高威力技はLv45以降、強力な積み技はLv50以降。,最低1つの命中90以上STABを維持し、自爆・テレポート・反動大技だけの直近4技を禁止。高レベル基礎種は中威力技を再挿入。,未収録・追加対象,B,最終統合ROMから現行表を抽出後、同名技の重複・ID衝突・取得時期を機械差分で確定する。
859,ベロバー,impidimp,8,あく／フェアリー,ベロバー → ギモー → オーロンゲ,基礎形,DPE-JP Learnsets.c＋ベガ既存表（既存種）,DPE基準維持＋進行調整,補助寄り両刀,かみつく / バークアウト / ほしがる / ようせいのかぜ,安定したタイプ一致技をLv7～15、二段目をLv20～28に配置。進化前限定の補助技は思い出し対象に残す。,DPE表を土台に、進化前へ過剰な終盤技がある場合は後期へ移動。広範囲高火力サブウェポンはレベル技ではなくTM／教え技に限定。,バークアウト / マジカルシャイン,はたきおとす / ミストバースト,わるだくみ / ミストフィールド,専用技がある系統は進化時／Lv1思い出しに固定。戦闘専用フォームは基礎形の習得表を共有。,通常。高威力技はLv45以降、強力な積み技はLv50以降。,最低1つの命中90以上STABを維持し、自爆・テレポート・反動大技だけの直近4技を禁止。高レベル基礎種は中威力技を再挿入。,未収録・追加対象,B-,最終統合ROMから現行表を抽出後、同名技の重複・ID衝突・取得時期を機械差分で確定する。
860,ギモー,morgrem,8,あく／フェアリー,ベロバー → ギモー → オーロンゲ,中間進化,DPE-JP Learnsets.c＋ベガ既存表（既存種）,DPE基準維持＋進行調整,補助寄り両刀,つじぎり / あくのはどう / じゃれつく / マジカルシャイン,中威力STABをLv22～35、役割補助技を進化時またはLv30前後に配置。最終大技は先送り。,DPE表を土台に、進化前へ過剰な終盤技がある場合は後期へ移動。広範囲高火力サブウェポンはレベル技ではなくTM／教え技に限定。,バークアウト / マジカルシャイン,はたきおとす / ミストバースト,わるだくみ / ミストフィールド,専用技がある系統は進化時／Lv1思い出しに固定。戦闘専用フォームは基礎形の習得表を共有。,通常。高威力技はLv45以降、強力な積み技はLv50以降。,最低1つの命中90以上STABを維持し、自爆・テレポート・反動大技だけの直近4技を禁止。高レベル基礎種は中威力技を再挿入。,未収録・追加対象,B,最終統合ROMから現行表を抽出後、同名技の重複・ID衝突・取得時期を機械差分で確定する。
861,オーロンゲ,grimmsnarl,8,あく／フェアリー,ベロバー → ギモー → オーロンゲ,進化先／最終形,DPE-JP Learnsets.c＋ベガ既存表（既存種）,DPE基準維持＋進行調整,物理アタッカー,はたきおとす / ちょうはつ / じゃれつく / あまえる,進化時に役割技を1つ提示。主力STABはLv36～50、反動・積み・専用大技はLv50～65またはLv1思い出し。,DPE表を土台に、進化前へ過剰な終盤技がある場合は後期へ移動。広範囲高火力サブウェポンはレベル技ではなくTM／教え技に限定。,バークアウト / マジカルシャイン,はたきおとす / ミストバースト,わるだくみ / ミストフィールド,専用技がある系統は進化時／Lv1思い出しに固定。戦闘専用フォームは基礎形の習得表を共有。,通常。高威力技はLv45以降、強力な積み技はLv50以降。,最低1つの命中90以上STABを維持し、自爆・テレポート・反動大技だけの直近4技を禁止。高レベル基礎種は中威力技を再挿入。,未収録・追加対象,B,最終統合ROMから現行表を抽出後、同名技の重複・ID衝突・取得時期を機械差分で確定する。
862,タチフサグマ,obstagoon,8,あく／ノーマル,ジグザグマ → マッスグマ → タチフサグマ,進化先／最終形,DPE-JP Learnsets.c＋ベガ既存表（既存種）,DPE基準維持＋進行調整,物理アタッカー,はたきおとす / ちょうはつ / すてみタックル / アンコール,進化時に役割技を1つ提示。主力STABはLv36～50、反動・積み・専用大技はLv50～65またはLv1思い出し。,DPE表を土台に、進化前へ過剰な終盤技がある場合は後期へ移動。広範囲高火力サブウェポンはレベル技ではなくTM／教え技に限定。,バークアウト / まもる,はたきおとす / てだすけ,わるだくみ / あくび,専用技がある系統は進化時／Lv1思い出しに固定。戦闘専用フォームは基礎形の習得表を共有。,通常。高威力技はLv45以降、強力な積み技はLv50以降。,最低1つの命中90以上STABを維持し、自爆・テレポート・反動大技だけの直近4技を禁止。高レベル基礎種は中威力技を再挿入。,未収録・追加対象,B,最終統合ROMから現行表を抽出後、同名技の重複・ID衝突・取得時期を機械差分で確定する。
863,ニャイキング,perrserker,8,はがね,ニャース → ペルシアン → ニャイキング,進化先／最終形,DPE-JP Learnsets.c＋ベガ既存表（既存種）,DPE基準維持＋進行調整,物理アタッカー,ヘビーボンバー / てっぺき,進化時に役割技を1つ提示。主力STABはLv36～50、反動・積み・専用大技はLv50～65またはLv1思い出し。,DPE表を土台に、進化前へ過剰な終盤技がある場合は後期へ移動。広範囲高火力サブウェポンはレベル技ではなくTM／教え技に限定。,ラスターカノン,アイアンヘッド,ボディプレス,専用技がある系統は進化時／Lv1思い出しに固定。戦闘専用フォームは基礎形の習得表を共有。,通常。高威力技はLv45以降、強力な積み技はLv50以降。,最低1つの命中90以上STABを維持し、自爆・テレポート・反動大技だけの直近4技を禁止。高レベル基礎種は中威力技を再挿入。,未収録・追加対象,B,最終統合ROMから現行表を抽出後、同名技の重複・ID衝突・取得時期を機械差分で確定する。
864,サニゴーン,cursola,8,ゴースト,サニーゴ → サニゴーン,進化先／最終形,DPE-JP Learnsets.c＋ベガ既存表（既存種）,DPE基準維持＋進行調整,特殊アタッカー,シャドーボール / おにび,進化時に役割技を1つ提示。主力STABはLv36～50、反動・積み・専用大技はLv50～65またはLv1思い出し。,DPE表を土台に、進化前へ過剰な終盤技がある場合は後期へ移動。広範囲高火力サブウェポンはレベル技ではなくTM／教え技に限定。,シャドークロー,ポルターガイスト,みちづれ,専用技がある系統は進化時／Lv1思い出しに固定。戦闘専用フォームは基礎形の習得表を共有。,通常。高威力技はLv45以降、強力な積み技はLv50以降。,最低1つの命中90以上STABを維持し、自爆・テレポート・反動大技だけの直近4技を禁止。高レベル基礎種は中威力技を再挿入。,未収録・追加対象,B,最終統合ROMから現行表を抽出後、同名技の重複・ID衝突・取得時期を機械差分で確定する。
865,ネギガナイト,sirfetchd,8,かくとう,カモネギ → ネギガナイト,進化先／最終形,DPE-JP Learnsets.c＋ベガ既存表（既存種）,DPE基準維持＋進行調整,物理アタッカー,インファイト / ビルドアップ,進化時に役割技を1つ提示。主力STABはLv36～50、反動・積み・専用大技はLv50～65またはLv1思い出し。,DPE表を土台に、進化前へ過剰な終盤技がある場合は後期へ移動。広範囲高火力サブウェポンはレベル技ではなくTM／教え技に限定。,ドレインパンチ,コーチング,みきり,専用技がある系統は進化時／Lv1思い出しに固定。戦闘専用フォームは基礎形の習得表を共有。,通常。高威力技はLv45以降、強力な積み技はLv50以降。,最低1つの命中90以上STABを維持し、自爆・テレポート・反動大技だけの直近4技を禁止。高レベル基礎種は中威力技を再挿入。,未収録・追加対象,B,最終統合ROMから現行表を抽出後、同名技の重複・ID衝突・取得時期を機械差分で確定する。
866,バリコオル,mr-rime,8,こおり／エスパー,マネネ → バリヤード → バリコオル,進化先／最終形,DPE-JP Learnsets.c＋ベガ既存表（既存種）,DPE基準維持＋進行調整,特殊アタッカー,ふぶき / ゆきげしき / サイコショック / めいそう,進化時に役割技を1つ提示。主力STABはLv36～50、反動・積み・専用大技はLv50～65またはLv1思い出し。,DPE表を土台に、進化前へ過剰な終盤技がある場合は後期へ移動。広範囲高火力サブウェポンはレベル技ではなくTM／教え技に限定。,アイススピナー / サイコショック,トリプルアクセル / トリック,オーロラベール / ひかりのかべ,専用技がある系統は進化時／Lv1思い出しに固定。戦闘専用フォームは基礎形の習得表を共有。,通常。高威力技はLv45以降、強力な積み技はLv50以降。,最低1つの命中90以上STABを維持し、自爆・テレポート・反動大技だけの直近4技を禁止。高レベル基礎種は中威力技を再挿入。,未収録・追加対象,B,最終統合ROMから現行表を抽出後、同名技の重複・ID衝突・取得時期を機械差分で確定する。
867,デスバーン,runerigus,8,じめん／ゴースト,デスマス → デスカーン → デスバーン,進化先／最終形,DPE-JP Learnsets.c＋ベガ既存表（既存種）,DPE基準維持＋進行調整,物理アタッカー,じしん / すなあらし / ポルターガイスト / おにび,進化時に役割技を1つ提示。主力STABはLv36～50、反動・積み・専用大技はLv50～65またはLv1思い出し。,DPE表を土台に、進化前へ過剰な終盤技がある場合は後期へ移動。広範囲高火力サブウェポンはレベル技ではなくTM／教え技に限定。,じならし / シャドークロー,ねっさのだいち / ポルターガイスト,まきびし / みちづれ,専用技がある系統は進化時／Lv1思い出しに固定。戦闘専用フォームは基礎形の習得表を共有。,殿堂入り後教え技。相手が持ち物なしの場合の失敗処理を現代仕様にする,最低1つの命中90以上STABを維持し、自爆・テレポート・反動大技だけの直近4技を禁止。高レベル基礎種は中威力技を再挿入。,未収録・追加対象,B,最終統合ROMから現行表を抽出後、同名技の重複・ID衝突・取得時期を機械差分で確定する。
868,マホミル,milcery,8,フェアリー,マホミル → マホイップ,基礎形,DPE-JP Learnsets.c＋ベガ既存表（既存種）,DPE基準維持＋進行調整,特殊寄り,ようせいのかぜ / あまえる,安定したタイプ一致技をLv7～15、二段目をLv20～28に配置。進化前限定の補助技は思い出し対象に残す。,DPE表を土台に、進化前へ過剰な終盤技がある場合は後期へ移動。広範囲高火力サブウェポンはレベル技ではなくTM／教え技に限定。,マジカルシャイン,ミストバースト,ミストフィールド,専用技がある系統は進化時／Lv1思い出しに固定。戦闘専用フォームは基礎形の習得表を共有。,通常。高威力技はLv45以降、強力な積み技はLv50以降。,最低1つの命中90以上STABを維持し、自爆・テレポート・反動大技だけの直近4技を禁止。高レベル基礎種は中威力技を再挿入。,未収録・追加対象,B-,最終統合ROMから現行表を抽出後、同名技の重複・ID衝突・取得時期を機械差分で確定する。
869,マホイップ,alcremie,8,フェアリー,マホミル → マホイップ,進化先／最終形,DPE-JP Learnsets.c＋ベガ既存表（既存種）,DPE基準維持＋進行調整,特殊アタッカー,ムーンフォース / あまえる,進化時に役割技を1つ提示。主力STABはLv36～50、反動・積み・専用大技はLv50～65またはLv1思い出し。,DPE表を土台に、進化前へ過剰な終盤技がある場合は後期へ移動。広範囲高火力サブウェポンはレベル技ではなくTM／教え技に限定。,マジカルシャイン,ミストバースト,ミストフィールド,専用技がある系統は進化時／Lv1思い出しに固定。戦闘専用フォームは基礎形の習得表を共有。,通常。高威力技はLv45以降、強力な積み技はLv50以降。,最低1つの命中90以上STABを維持し、自爆・テレポート・反動大技だけの直近4技を禁止。高レベル基礎種は中威力技を再挿入。,未収録・追加対象,B,最終統合ROMから現行表を抽出後、同名技の重複・ID衝突・取得時期を機械差分で確定する。
870,タイレーツ,falinks,8,かくとう,タイレーツ,基礎形,DPE-JP Learnsets.c＋ベガ既存表（既存種）,DPE基準維持＋進行調整,物理アタッカー,いわくだき / ビルドアップ,安定したタイプ一致技をLv7～15、二段目をLv20～28に配置。進化前限定の補助技は思い出し対象に残す。,DPE表を土台に、進化前へ過剰な終盤技がある場合は後期へ移動。広範囲高火力サブウェポンはレベル技ではなくTM／教え技に限定。,ドレインパンチ,コーチング,みきり,専用技がある系統は進化時／Lv1思い出しに固定。戦闘専用フォームは基礎形の習得表を共有。,通常。高威力技はLv45以降、強力な積み技はLv50以降。,最低1つの命中90以上STABを維持し、自爆・テレポート・反動大技だけの直近4技を禁止。高レベル基礎種は中威力技を再挿入。,未収録・追加対象,B-,最終統合ROMから現行表を抽出後、同名技の重複・ID衝突・取得時期を機械差分で確定する。
871,バチンウニ,pincurchin,8,でんき,バチンウニ,基礎形,DPE-JP Learnsets.c＋ベガ既存表（既存種）,DPE基準維持＋進行調整,特殊アタッカー,でんきショック / でんじは,安定したタイプ一致技をLv7～15、二段目をLv20～28に配置。進化前限定の補助技は思い出し対象に残す。,DPE表を土台に、進化前へ過剰な終盤技がある場合は後期へ移動。広範囲高火力サブウェポンはレベル技ではなくTM／教え技に限定。,ボルトチェンジ,エレキネット,じゅうでん,専用技がある系統は進化時／Lv1思い出しに固定。戦闘専用フォームは基礎形の習得表を共有。,通常。高威力技はLv45以降、強力な積み技はLv50以降。,最低1つの命中90以上STABを維持し、自爆・テレポート・反動大技だけの直近4技を禁止。高レベル基礎種は中威力技を再挿入。,未収録・追加対象,B-,最終統合ROMから現行表を抽出後、同名技の重複・ID衝突・取得時期を機械差分で確定する。
872,ユキハミ,snom,8,こおり／むし,ユキハミ → モスノウ,基礎形,DPE-JP Learnsets.c＋ベガ既存表（既存種）,DPE基準維持＋進行調整,両刀・可変,こおりのつぶて / こごえるかぜ / むしくい / むしのていこう,安定したタイプ一致技をLv7～15、二段目をLv20～28に配置。進化前限定の補助技は思い出し対象に残す。,DPE表を土台に、進化前へ過剰な終盤技がある場合は後期へ移動。広範囲高火力サブウェポンはレベル技ではなくTM／教え技に限定。,アイススピナー / とんぼがえり,トリプルアクセル / むしくい,オーロラベール / いとをはく,専用技がある系統は進化時／Lv1思い出しに固定。戦闘専用フォームは基礎形の習得表を共有。,通常。高威力技はLv45以降、強力な積み技はLv50以降。,最低1つの命中90以上STABを維持し、自爆・テレポート・反動大技だけの直近4技を禁止。高レベル基礎種は中威力技を再挿入。,未収録・追加対象,B-,最終統合ROMから現行表を抽出後、同名技の重複・ID衝突・取得時期を機械差分で確定する。
873,モスノウ,frosmoth,8,こおり／むし,ユキハミ → モスノウ,進化先／最終形,DPE-JP Learnsets.c＋ベガ既存表（既存種）,DPE基準維持＋進行調整,特殊アタッカー,ふぶき / ゆきげしき / かふんだんご / ねばねばネット,進化時に役割技を1つ提示。主力STABはLv36～50、反動・積み・専用大技はLv50～65またはLv1思い出し。,DPE表を土台に、進化前へ過剰な終盤技がある場合は後期へ移動。広範囲高火力サブウェポンはレベル技ではなくTM／教え技に限定。,アイススピナー / とんぼがえり,トリプルアクセル / むしくい,オーロラベール / いとをはく,専用技がある系統は進化時／Lv1思い出しに固定。戦闘専用フォームは基礎形の習得表を共有。,通常。高威力技はLv45以降、強力な積み技はLv50以降。,最低1つの命中90以上STABを維持し、自爆・テレポート・反動大技だけの直近4技を禁止。高レベル基礎種は中威力技を再挿入。,未収録・追加対象,B,最終統合ROMから現行表を抽出後、同名技の重複・ID衝突・取得時期を機械差分で確定する。
874,イシヘンジン,stonjourner,8,いわ,イシヘンジン,基礎形,DPE-JP Learnsets.c＋ベガ既存表（既存種）,DPE基準維持＋進行調整,物理アタッカー,いわおとし / ステルスロック,安定したタイプ一致技をLv7～15、二段目をLv20～28に配置。進化前限定の補助技は思い出し対象に残す。,DPE表を土台に、進化前へ過剰な終盤技がある場合は後期へ移動。広範囲高火力サブウェポンはレベル技ではなくTM／教え技に限定。,ステルスロック,メテオビーム,すなあらし,専用技がある系統は進化時／Lv1思い出しに固定。戦闘専用フォームは基礎形の習得表を共有。,通常。高威力技はLv45以降、強力な積み技はLv50以降。,最低1つの命中90以上STABを維持し、自爆・テレポート・反動大技だけの直近4技を禁止。高レベル基礎種は中威力技を再挿入。,未収録・追加対象,B-,最終統合ROMから現行表を抽出後、同名技の重複・ID衝突・取得時期を機械差分で確定する。
875,コオリッポ,eiscue,8,こおり,コオリッポ,基礎形,DPE-JP Learnsets.c＋ベガ既存表（既存種）,DPE基準維持＋進行調整,特殊アタッカー,こごえるかぜ / ゆきげしき,安定したタイプ一致技をLv7～15、二段目をLv20～28に配置。進化前限定の補助技は思い出し対象に残す。,DPE表を土台に、進化前へ過剰な終盤技がある場合は後期へ移動。広範囲高火力サブウェポンはレベル技ではなくTM／教え技に限定。,アイススピナー,トリプルアクセル,オーロラベール,専用技がある系統は進化時／Lv1思い出しに固定。戦闘専用フォームは基礎形の習得表を共有。,通常。高威力技はLv45以降、強力な積み技はLv50以降。,最低1つの命中90以上STABを維持し、自爆・テレポート・反動大技だけの直近4技を禁止。高レベル基礎種は中威力技を再挿入。,未収録・追加対象,A,最終統合ROMから現行表を抽出後、同名技の重複・ID衝突・取得時期を機械差分で確定する。
876,イエッサン,indeedee,8,エスパー／ノーマル,イエッサン,基礎形,DPE-JP Learnsets.c＋ベガ既存表（既存種）,DPE基準維持＋進行調整,耐久・補助,サイコカッター / ねんりき / ずつき / スピードスター,安定したタイプ一致技をLv7～15、二段目をLv20～28に配置。進化前限定の補助技は思い出し対象に残す。,DPE表を土台に、進化前へ過剰な終盤技がある場合は後期へ移動。広範囲高火力サブウェポンはレベル技ではなくTM／教え技に限定。,サイコショック / まもる,トリック / てだすけ,ひかりのかべ / あくび,専用技がある系統は進化時／Lv1思い出しに固定。戦闘専用フォームは基礎形の習得表を共有。,通常。高威力技はLv45以降、強力な積み技はLv50以降。,最低1つの命中90以上STABを維持し、自爆・テレポート・反動大技だけの直近4技を禁止。高レベル基礎種は中威力技を再挿入。,未収録・追加対象,B-,最終統合ROMから現行表を抽出後、同名技の重複・ID衝突・取得時期を機械差分で確定する。
877,モルペコ,morpeko,8,でんき／あく,モルペコ,基礎形,DPE-JP Learnsets.c＋ベガ既存表（既存種）,DPE基準維持＋進行調整,特殊アタッカー,でんきショック / でんじは / バークアウト / ちょうはつ,安定したタイプ一致技をLv7～15、二段目をLv20～28に配置。進化前限定の補助技は思い出し対象に残す。,DPE表を土台に、進化前へ過剰な終盤技がある場合は後期へ移動。広範囲高火力サブウェポンはレベル技ではなくTM／教え技に限定。,ボルトチェンジ / バークアウト,エレキネット / はたきおとす,じゅうでん / わるだくみ,専用技がある系統は進化時／Lv1思い出しに固定。戦闘専用フォームは基礎形の習得表を共有。,通常。高威力技はLv45以降、強力な積み技はLv50以降。,最低1つの命中90以上STABを維持し、自爆・テレポート・反動大技だけの直近4技を禁止。高レベル基礎種は中威力技を再挿入。,未収録・追加対象,A,最終統合ROMから現行表を抽出後、同名技の重複・ID衝突・取得時期を機械差分で確定する。
878,ゾウドウ,cufant,8,はがね,ゾウドウ → ダイオウドウ,基礎形,DPE-JP Learnsets.c＋ベガ既存表（既存種）,DPE基準維持＋進行調整,物理寄り,メタルクロー / てっぺき,安定したタイプ一致技をLv7～15、二段目をLv20～28に配置。進化前限定の補助技は思い出し対象に残す。,DPE表を土台に、進化前へ過剰な終盤技がある場合は後期へ移動。広範囲高火力サブウェポンはレベル技ではなくTM／教え技に限定。,ラスターカノン,アイアンヘッド,ボディプレス,専用技がある系統は進化時／Lv1思い出しに固定。戦闘専用フォームは基礎形の習得表を共有。,通常。高威力技はLv45以降、強力な積み技はLv50以降。,最低1つの命中90以上STABを維持し、自爆・テレポート・反動大技だけの直近4技を禁止。高レベル基礎種は中威力技を再挿入。,未収録・追加対象,B-,最終統合ROMから現行表を抽出後、同名技の重複・ID衝突・取得時期を機械差分で確定する。
879,ダイオウドウ,copperajah,8,はがね,ゾウドウ → ダイオウドウ,進化先／最終形,DPE-JP Learnsets.c＋ベガ既存表（既存種）,DPE基準維持＋進行調整,物理アタッカー,ヘビーボンバー / てっぺき,進化時に役割技を1つ提示。主力STABはLv36～50、反動・積み・専用大技はLv50～65またはLv1思い出し。,DPE表を土台に、進化前へ過剰な終盤技がある場合は後期へ移動。広範囲高火力サブウェポンはレベル技ではなくTM／教え技に限定。,ラスターカノン,アイアンヘッド,ボディプレス,専用技がある系統は進化時／Lv1思い出しに固定。戦闘専用フォームは基礎形の習得表を共有。,通常。高威力技はLv45以降、強力な積み技はLv50以降。,最低1つの命中90以上STABを維持し、自爆・テレポート・反動大技だけの直近4技を禁止。高レベル基礎種は中威力技を再挿入。,未収録・追加対象,B,最終統合ROMから現行表を抽出後、同名技の重複・ID衝突・取得時期を機械差分で確定する。
880,パッチラゴン,dracozolt,8,でんき／ドラゴン,パッチラゴン,基礎形,DPE-JP Learnsets.c＋ベガ既存表（既存種）,DPE基準維持＋進行調整,物理アタッカー,スパーク / でんじは / ドラゴンテール / りゅうのまい,安定したタイプ一致技をLv7～15、二段目をLv20～28に配置。進化前限定の補助技は思い出し対象に残す。,DPE表を土台に、進化前へ過剰な終盤技がある場合は後期へ移動。広範囲高火力サブウェポンはレベル技ではなくTM／教え技に限定。,ボルトチェンジ / ワイドブレイカー,エレキネット / りゅうせいぐん,じゅうでん / こわいかお,専用技がある系統は進化時／Lv1思い出しに固定。戦闘専用フォームは基礎形の習得表を共有。,最終進化Lv50以上。600族はLv55以上,最低1つの命中90以上STABを維持し、自爆・テレポート・反動大技だけの直近4技を禁止。高レベル基礎種は中威力技を再挿入。,未収録・追加対象,B-,最終統合ROMから現行表を抽出後、同名技の重複・ID衝突・取得時期を機械差分で確定する。
881,パッチルドン,arctozolt,8,でんき／こおり,パッチルドン,基礎形,DPE-JP Learnsets.c＋ベガ既存表（既存種）,DPE基準維持＋進行調整,特殊アタッカー,でんきショック / でんじは / こごえるかぜ / ゆきげしき,安定したタイプ一致技をLv7～15、二段目をLv20～28に配置。進化前限定の補助技は思い出し対象に残す。,DPE表を土台に、進化前へ過剰な終盤技がある場合は後期へ移動。広範囲高火力サブウェポンはレベル技ではなくTM／教え技に限定。,ボルトチェンジ / アイススピナー,エレキネット / トリプルアクセル,じゅうでん / オーロラベール,専用技がある系統は進化時／Lv1思い出しに固定。戦闘専用フォームは基礎形の習得表を共有。,通常。高威力技はLv45以降、強力な積み技はLv50以降。,最低1つの命中90以上STABを維持し、自爆・テレポート・反動大技だけの直近4技を禁止。高レベル基礎種は中威力技を再挿入。,未収録・追加対象,B-,最終統合ROMから現行表を抽出後、同名技の重複・ID衝突・取得時期を機械差分で確定する。
882,ウオノラゴン,dracovish,8,みず／ドラゴン,ウオノラゴン,基礎形,DPE-JP Learnsets.c＋ベガ既存表（既存種）,DPE基準維持＋進行調整,物理アタッカー,アクアジェット / あまごい / ドラゴンテール / りゅうのまい,安定したタイプ一致技をLv7～15、二段目をLv20～28に配置。進化前限定の補助技は思い出し対象に残す。,DPE表を土台に、進化前へ過剰な終盤技がある場合は後期へ移動。広範囲高火力サブウェポンはレベル技ではなくTM／教え技に限定。,アクアブレイク / ワイドブレイカー,クイックターン / りゅうせいぐん,アクアリング / こわいかお,専用技がある系統は進化時／Lv1思い出しに固定。戦闘専用フォームは基礎形の習得表を共有。,最終進化Lv50以上。600族はLv55以上,最低1つの命中90以上STABを維持し、自爆・テレポート・反動大技だけの直近4技を禁止。高レベル基礎種は中威力技を再挿入。,未収録・追加対象,B-,最終統合ROMから現行表を抽出後、同名技の重複・ID衝突・取得時期を機械差分で確定する。
883,ウオチルドン,arctovish,8,みず／こおり,ウオチルドン,基礎形,DPE-JP Learnsets.c＋ベガ既存表（既存種）,DPE基準維持＋進行調整,特殊アタッカー,みずのはどう / あまごい / こごえるかぜ / ゆきげしき,安定したタイプ一致技をLv7～15、二段目をLv20～28に配置。進化前限定の補助技は思い出し対象に残す。,DPE表を土台に、進化前へ過剰な終盤技がある場合は後期へ移動。広範囲高火力サブウェポンはレベル技ではなくTM／教え技に限定。,アクアブレイク / アイススピナー,クイックターン / トリプルアクセル,アクアリング / オーロラベール,専用技がある系統は進化時／Lv1思い出しに固定。戦闘専用フォームは基礎形の習得表を共有。,通常。高威力技はLv45以降、強力な積み技はLv50以降。,最低1つの命中90以上STABを維持し、自爆・テレポート・反動大技だけの直近4技を禁止。高レベル基礎種は中威力技を再挿入。,未収録・追加対象,B-,最終統合ROMから現行表を抽出後、同名技の重複・ID衝突・取得時期を機械差分で確定する。
884,ジュラルドン,duraludon,8,はがね／ドラゴン,ジュラルドン → ブリジュラス,基礎形,DPE-JP Learnsets.c＋ベガ既存表（既存種）,DPE基準維持＋進行調整,物理アタッカー,メタルクロー / てっぺき / ドラゴンテール / りゅうのまい,安定したタイプ一致技をLv7～15、二段目をLv20～28に配置。進化前限定の補助技は思い出し対象に残す。,DPE表を土台に、進化前へ過剰な終盤技がある場合は後期へ移動。広範囲高火力サブウェポンはレベル技ではなくTM／教え技に限定。,ラスターカノン / ワイドブレイカー,アイアンヘッド / りゅうせいぐん,ボディプレス / こわいかお,専用技がある系統は進化時／Lv1思い出しに固定。戦闘専用フォームは基礎形の習得表を共有。,最終進化Lv50以上。600族はLv55以上,最低1つの命中90以上STABを維持し、自爆・テレポート・反動大技だけの直近4技を禁止。高レベル基礎種は中威力技を再挿入。,未収録・追加対象,B-,最終統合ROMから現行表を抽出後、同名技の重複・ID衝突・取得時期を機械差分で確定する。
885,ドラメシヤ,dreepy,8,ドラゴン／ゴースト,ドラメシヤ → ドロンチ → ドラパルト,基礎形,DPE-JP Learnsets.c＋ベガ既存表（既存種）,DPE基準維持＋進行調整,両刀・可変,ドラゴンテール / りゅうのいぶき / かげうち / おどろかす,安定したタイプ一致技をLv7～15、二段目をLv20～28に配置。進化前限定の補助技は思い出し対象に残す。,DPE表を土台に、進化前へ過剰な終盤技がある場合は後期へ移動。広範囲高火力サブウェポンはレベル技ではなくTM／教え技に限定。,ワイドブレイカー / シャドークロー,りゅうせいぐん / ポルターガイスト,こわいかお / みちづれ,専用技がある系統は進化時／Lv1思い出しに固定。戦闘専用フォームは基礎形の習得表を共有。,通常。高威力技はLv45以降、強力な積み技はLv50以降。,最低1つの命中90以上STABを維持し、自爆・テレポート・反動大技だけの直近4技を禁止。高レベル基礎種は中威力技を再挿入。,未収録・追加対象,B-,最終統合ROMから現行表を抽出後、同名技の重複・ID衝突・取得時期を機械差分で確定する。
886,ドロンチ,drakloak,8,ドラゴン／ゴースト,ドラメシヤ → ドロンチ → ドラパルト,中間進化,DPE-JP Learnsets.c＋ベガ既存表（既存種）,DPE基準維持＋進行調整,両刀・可変,ドラゴンクロー / りゅうのはどう / シャドークロー / たたりめ,中威力STABをLv22～35、役割補助技を進化時またはLv30前後に配置。最終大技は先送り。,DPE表を土台に、進化前へ過剰な終盤技がある場合は後期へ移動。広範囲高火力サブウェポンはレベル技ではなくTM／教え技に限定。,ワイドブレイカー / シャドークロー,りゅうせいぐん / ポルターガイスト,こわいかお / みちづれ,専用技がある系統は進化時／Lv1思い出しに固定。戦闘専用フォームは基礎形の習得表を共有。,通常。高威力技はLv45以降、強力な積み技はLv50以降。,最低1つの命中90以上STABを維持し、自爆・テレポート・反動大技だけの直近4技を禁止。高レベル基礎種は中威力技を再挿入。,未収録・追加対象,B,最終統合ROMから現行表を抽出後、同名技の重複・ID衝突・取得時期を機械差分で確定する。
887,ドラパルト,dragapult,8,ドラゴン／ゴースト,ドラメシヤ → ドロンチ → ドラパルト,進化先／最終形,DPE-JP Learnsets.c＋ベガ既存表（既存種）,DPE基準維持＋進行調整,両刀・可変,ドラゴンクロー / りゅうのはどう / りゅうのまい / シャドークロー,進化時に役割技を1つ提示。主力STABはLv36～50、反動・積み・専用大技はLv50～65またはLv1思い出し。,DPE表を土台に、進化前へ過剰な終盤技がある場合は後期へ移動。広範囲高火力サブウェポンはレベル技ではなくTM／教え技に限定。,ワイドブレイカー / シャドークロー,りゅうせいぐん / ポルターガイスト,こわいかお / みちづれ,専用技がある系統は進化時／Lv1思い出しに固定。戦闘専用フォームは基礎形の習得表を共有。,最終進化Lv50以上。600族はLv55以上,最低1つの命中90以上STABを維持し、自爆・テレポート・反動大技だけの直近4技を禁止。高レベル基礎種は中威力技を再挿入。,未収録・追加対象,B,最終統合ROMから現行表を抽出後、同名技の重複・ID衝突・取得時期を機械差分で確定する。
888,ザシアン,zacian,8,フェアリー,ザシアン,基礎形,DPE-JP Learnsets.c＋ベガ既存表（既存種）,DPE基準維持＋進行調整,特殊寄り,ようせいのかぜ / あまえる,安定したタイプ一致技をLv7～15、二段目をLv20～28に配置。進化前限定の補助技は思い出し対象に残す。,DPE表を土台に、進化前へ過剰な終盤技がある場合は後期へ移動。広範囲高火力サブウェポンはレベル技ではなくTM／教え技に限定。,マジカルシャイン,ミストバースト,なし（タマゴ未発見／伝説・幻）,きょじゅうざんを進化時／Lv1思い出しに登録。通常のTM・汎用教え技にはしない。,通常。高威力技はLv45以降、強力な積み技はLv50以降。,最低1つの命中90以上STABを維持し、自爆・テレポート・反動大技だけの直近4技を禁止。高レベル基礎種は中威力技を再挿入。,未収録・追加対象,A,最終統合ROMから現行表を抽出後、同名技の重複・ID衝突・取得時期を機械差分で確定する。
889,ザマゼンタ,zamazenta,8,かくとう,ザマゼンタ,基礎形,DPE-JP Learnsets.c＋ベガ既存表（既存種）,DPE基準維持＋進行調整,物理寄り,いわくだき / ビルドアップ,安定したタイプ一致技をLv7～15、二段目をLv20～28に配置。進化前限定の補助技は思い出し対象に残す。,DPE表を土台に、進化前へ過剰な終盤技がある場合は後期へ移動。広範囲高火力サブウェポンはレベル技ではなくTM／教え技に限定。,ドレインパンチ,コーチング,なし（タマゴ未発見／伝説・幻）,きょじゅうだんを進化時／Lv1思い出しに登録。通常のTM・汎用教え技にはしない。,通常。高威力技はLv45以降、強力な積み技はLv50以降。,最低1つの命中90以上STABを維持し、自爆・テレポート・反動大技だけの直近4技を禁止。高レベル基礎種は中威力技を再挿入。,未収録・追加対象,A,最終統合ROMから現行表を抽出後、同名技の重複・ID衝突・取得時期を機械差分で確定する。
890,ムゲンダイナ,eternatus,8,どく／ドラゴン,ムゲンダイナ,基礎形,DPE-JP Learnsets.c＋ベガ既存表（既存種）,DPE基準維持＋進行調整,両刀・可変,どくばり / アシッドボム / ドラゴンテール / りゅうのいぶき,安定したタイプ一致技をLv7～15、二段目をLv20～28に配置。進化前限定の補助技は思い出し対象に残す。,DPE表を土台に、進化前へ過剰な終盤技がある場合は後期へ移動。広範囲高火力サブウェポンはレベル技ではなくTM／教え技に限定。,ベノムショック / ワイドブレイカー,ダストシュート / りゅうせいぐん,なし（タマゴ未発見／伝説・幻）,ダイマックスほうを進化時／Lv1思い出しに登録。通常のTM・汎用教え技にはしない。,通常。高威力技はLv45以降、強力な積み技はLv50以降。,最低1つの命中90以上STABを維持し、自爆・テレポート・反動大技だけの直近4技を禁止。高レベル基礎種は中威力技を再挿入。,未収録・追加対象,A,最終統合ROMから現行表を抽出後、同名技の重複・ID衝突・取得時期を機械差分で確定する。
891,ダクマ,kubfu,8,かくとう,ダクマ → ウーラオス,基礎形,DPE-JP Learnsets.c＋ベガ既存表（既存種）,DPE基準維持＋進行調整,物理寄り,いわくだき / ビルドアップ,安定したタイプ一致技をLv7～15、二段目をLv20～28に配置。進化前限定の補助技は思い出し対象に残す。,DPE表を土台に、進化前へ過剰な終盤技がある場合は後期へ移動。広範囲高火力サブウェポンはレベル技ではなくTM／教え技に限定。,ドレインパンチ,コーチング,なし（タマゴ未発見／伝説・幻）,専用技がある系統は進化時／Lv1思い出しに固定。戦闘専用フォームは基礎形の習得表を共有。,通常。高威力技はLv45以降、強力な積み技はLv50以降。,最低1つの命中90以上STABを維持し、自爆・テレポート・反動大技だけの直近4技を禁止。高レベル基礎種は中威力技を再挿入。,未収録・追加対象,B-,最終統合ROMから現行表を抽出後、同名技の重複・ID衝突・取得時期を機械差分で確定する。
892,ウーラオス,urshifu,8,かくとう／あく,ダクマ → ウーラオス,進化先／最終形,DPE-JP Learnsets.c＋ベガ既存表（既存種）,DPE基準維持＋進行調整,物理アタッカー,あんこくきょうだ／すいりゅうれんだ / インファイト / ビルドアップ / はたきおとす,進化時に役割技を1つ提示。主力STABはLv36～50、反動・積み・専用大技はLv50～65またはLv1思い出し。,DPE表を土台に、進化前へ過剰な終盤技がある場合は後期へ移動。広範囲高火力サブウェポンはレベル技ではなくTM／教え技に限定。,ドレインパンチ / バークアウト,コーチング / はたきおとす,なし（タマゴ未発見／伝説・幻）,あんこくきょうだ／すいりゅうれんだを進化時／Lv1思い出しに登録。通常のTM・汎用教え技にはしない。,通常。高威力技はLv45以降、強力な積み技はLv50以降。,最低1つの命中90以上STABを維持し、自爆・テレポート・反動大技だけの直近4技を禁止。高レベル基礎種は中威力技を再挿入。,未収録・追加対象,A,最終統合ROMから現行表を抽出後、同名技の重複・ID衝突・取得時期を機械差分で確定する。
893,ザルード,zarude,8,あく／くさ,ザルード,基礎形,DPE-JP Learnsets.c＋ベガ既存表（既存種）,DPE基準維持＋進行調整,物理アタッカー,かみつく / ちょうはつ / はっぱカッター / やどりぎのタネ,安定したタイプ一致技をLv7～15、二段目をLv20～28に配置。進化前限定の補助技は思い出し対象に残す。,DPE表を土台に、進化前へ過剰な終盤技がある場合は後期へ移動。広範囲高火力サブウェポンはレベル技ではなくTM／教え技に限定。,バークアウト / くさむすび,はたきおとす / グラススライダー,なし（タマゴ未発見／伝説・幻）,専用技がある系統は進化時／Lv1思い出しに固定。戦闘専用フォームは基礎形の習得表を共有。,通常。高威力技はLv45以降、強力な積み技はLv50以降。,最低1つの命中90以上STABを維持し、自爆・テレポート・反動大技だけの直近4技を禁止。高レベル基礎種は中威力技を再挿入。,未収録・追加対象,B-,最終統合ROMから現行表を抽出後、同名技の重複・ID衝突・取得時期を機械差分で確定する。
894,レジエレキ,regieleki,8,でんき,レジエレキ,基礎形,DPE-JP Learnsets.c＋ベガ既存表（既存種）,DPE基準維持＋進行調整,特殊アタッカー,でんきショック / でんじは,安定したタイプ一致技をLv7～15、二段目をLv20～28に配置。進化前限定の補助技は思い出し対象に残す。,DPE表を土台に、進化前へ過剰な終盤技がある場合は後期へ移動。広範囲高火力サブウェポンはレベル技ではなくTM／教え技に限定。,ボルトチェンジ,エレキネット,なし（タマゴ未発見／伝説・幻）,専用技がある系統は進化時／Lv1思い出しに固定。戦闘専用フォームは基礎形の習得表を共有。,通常。高威力技はLv45以降、強力な積み技はLv50以降。,最低1つの命中90以上STABを維持し、自爆・テレポート・反動大技だけの直近4技を禁止。高レベル基礎種は中威力技を再挿入。,未収録・追加対象,B-,最終統合ROMから現行表を抽出後、同名技の重複・ID衝突・取得時期を機械差分で確定する。
895,レジドラゴ,regidrago,8,ドラゴン,レジドラゴ,基礎形,DPE-JP Learnsets.c＋ベガ既存表（既存種）,DPE基準維持＋進行調整,物理アタッカー,ドラゴンテール / りゅうのまい,安定したタイプ一致技をLv7～15、二段目をLv20～28に配置。進化前限定の補助技は思い出し対象に残す。,DPE表を土台に、進化前へ過剰な終盤技がある場合は後期へ移動。広範囲高火力サブウェポンはレベル技ではなくTM／教え技に限定。,ワイドブレイカー,りゅうせいぐん,なし（タマゴ未発見／伝説・幻）,専用技がある系統は進化時／Lv1思い出しに固定。戦闘専用フォームは基礎形の習得表を共有。,最終進化Lv50以上。600族はLv55以上,最低1つの命中90以上STABを維持し、自爆・テレポート・反動大技だけの直近4技を禁止。高レベル基礎種は中威力技を再挿入。,未収録・追加対象,B-,最終統合ROMから現行表を抽出後、同名技の重複・ID衝突・取得時期を機械差分で確定する。
896,ブリザポス,glastrier,8,こおり,ブリザポス,基礎形,DPE-JP Learnsets.c＋ベガ既存表（既存種）,DPE基準維持＋進行調整,物理アタッカー,こおりのつぶて / ゆきげしき,安定したタイプ一致技をLv7～15、二段目をLv20～28に配置。進化前限定の補助技は思い出し対象に残す。,DPE表を土台に、進化前へ過剰な終盤技がある場合は後期へ移動。広範囲高火力サブウェポンはレベル技ではなくTM／教え技に限定。,アイススピナー,トリプルアクセル,なし（タマゴ未発見／伝説・幻）,専用技がある系統は進化時／Lv1思い出しに固定。戦闘専用フォームは基礎形の習得表を共有。,通常。高威力技はLv45以降、強力な積み技はLv50以降。,最低1つの命中90以上STABを維持し、自爆・テレポート・反動大技だけの直近4技を禁止。高レベル基礎種は中威力技を再挿入。,未収録・追加対象,B-,最終統合ROMから現行表を抽出後、同名技の重複・ID衝突・取得時期を機械差分で確定する。
897,レイスポス,spectrier,8,ゴースト,レイスポス,基礎形,DPE-JP Learnsets.c＋ベガ既存表（既存種）,DPE基準維持＋進行調整,特殊アタッカー,おどろかす / おにび,安定したタイプ一致技をLv7～15、二段目をLv20～28に配置。進化前限定の補助技は思い出し対象に残す。,DPE表を土台に、進化前へ過剰な終盤技がある場合は後期へ移動。広範囲高火力サブウェポンはレベル技ではなくTM／教え技に限定。,シャドークロー,ポルターガイスト,なし（タマゴ未発見／伝説・幻）,専用技がある系統は進化時／Lv1思い出しに固定。戦闘専用フォームは基礎形の習得表を共有。,通常。高威力技はLv45以降、強力な積み技はLv50以降。,最低1つの命中90以上STABを維持し、自爆・テレポート・反動大技だけの直近4技を禁止。高レベル基礎種は中威力技を再挿入。,未収録・追加対象,B-,最終統合ROMから現行表を抽出後、同名技の重複・ID衝突・取得時期を機械差分で確定する。
898,バドレックス,calyrex,8,エスパー／くさ,バドレックス,基礎形,DPE-JP Learnsets.c＋ベガ既存表（既存種）,DPE基準維持＋進行調整,特殊アタッカー,ねんりき / めいそう / メガドレイン / やどりぎのタネ,安定したタイプ一致技をLv7～15、二段目をLv20～28に配置。進化前限定の補助技は思い出し対象に残す。,DPE表を土台に、進化前へ過剰な終盤技がある場合は後期へ移動。広範囲高火力サブウェポンはレベル技ではなくTM／教え技に限定。,サイコショック / くさむすび,トリック / グラススライダー,なし（タマゴ未発見／伝説・幻）,ブリザードランス／アストラルビットを進化時／Lv1思い出しに登録。通常のTM・汎用教え技にはしない。,通常。高威力技はLv45以降、強力な積み技はLv50以降。,最低1つの命中90以上STABを維持し、自爆・テレポート・反動大技だけの直近4技を禁止。高レベル基礎種は中威力技を再挿入。,未収録・追加対象,A,最終統合ROMから現行表を抽出後、同名技の重複・ID衝突・取得時期を機械差分で確定する。
899,アヤシシ,wyrdeer,8,ノーマル／エスパー,オドシシ → アヤシシ,進化先／最終形,DPE-JP Learnsets.c＋ベガ既存表（既存種）,DPE基準維持＋進行調整,物理アタッカー,すてみタックル / アンコール / サイコファング / めいそう,進化時に役割技を1つ提示。主力STABはLv36～50、反動・積み・専用大技はLv50～65またはLv1思い出し。,DPE表を土台に、進化前へ過剰な終盤技がある場合は後期へ移動。広範囲高火力サブウェポンはレベル技ではなくTM／教え技に限定。,まもる / サイコショック,てだすけ / トリック,あくび / ひかりのかべ,専用技がある系統は進化時／Lv1思い出しに固定。戦闘専用フォームは基礎形の習得表を共有。,通常。高威力技はLv45以降、強力な積み技はLv50以降。,最低1つの命中90以上STABを維持し、自爆・テレポート・反動大技だけの直近4技を禁止。高レベル基礎種は中威力技を再挿入。,未収録・追加対象,B,最終統合ROMから現行表を抽出後、同名技の重複・ID衝突・取得時期を機械差分で確定する。
900,バサギリ,kleavor,8,むし／いわ,ストライク → ハッサム → バサギリ,進化先／最終形,DPE-JP Learnsets.c＋ベガ既存表（既存種）,DPE基準維持＋進行調整,物理アタッカー,がんせきアックス / メガホーン / ねばねばネット / ストーンエッジ,進化時に役割技を1つ提示。主力STABはLv36～50、反動・積み・専用大技はLv50～65またはLv1思い出し。,DPE表を土台に、進化前へ過剰な終盤技がある場合は後期へ移動。広範囲高火力サブウェポンはレベル技ではなくTM／教え技に限定。,とんぼがえり / ステルスロック,むしくい / メテオビーム,いとをはく / すなあらし,がんせきアックスを進化時／Lv1思い出しに登録。通常のTM・汎用教え技にはしない。,通常。高威力技はLv45以降、強力な積み技はLv50以降。,最低1つの命中90以上STABを維持し、自爆・テレポート・反動大技だけの直近4技を禁止。高レベル基礎種は中威力技を再挿入。,未収録・追加対象,A,最終統合ROMから現行表を抽出後、同名技の重複・ID衝突・取得時期を機械差分で確定する。
901,ガチグマ,ursaluna,8,じめん／ノーマル,ヒメグマ → リングマ → ガチグマ,進化先／最終形,DPE-JP Learnsets.c＋ベガ既存表（既存種）,DPE基準維持＋進行調整,物理アタッカー,ぶちかまし / じしん / すなあらし / すてみタックル,進化時に役割技を1つ提示。主力STABはLv36～50、反動・積み・専用大技はLv50～65またはLv1思い出し。,DPE表を土台に、進化前へ過剰な終盤技がある場合は後期へ移動。広範囲高火力サブウェポンはレベル技ではなくTM／教え技に限定。,じならし / まもる,ねっさのだいち / てだすけ,まきびし / あくび,ぶちかましを進化時／Lv1思い出しに登録。通常のTM・汎用教え技にはしない。,通常。高威力技はLv45以降、強力な積み技はLv50以降。,最低1つの命中90以上STABを維持し、自爆・テレポート・反動大技だけの直近4技を禁止。高レベル基礎種は中威力技を再挿入。,未収録・追加対象,A,最終統合ROMから現行表を抽出後、同名技の重複・ID衝突・取得時期を機械差分で確定する。
902,イダイトウ,basculegion,8,みず／ゴースト,バスラオ → イダイトウ,進化先／最終形,DPE-JP Learnsets.c＋ベガ既存表（既存種）,DPE基準維持＋進行調整,物理アタッカー,ウェーブタックル / たきのぼり / あまごい / ポルターガイスト,進化時に役割技を1つ提示。主力STABはLv36～50、反動・積み・専用大技はLv50～65またはLv1思い出し。,DPE表を土台に、進化前へ過剰な終盤技がある場合は後期へ移動。広範囲高火力サブウェポンはレベル技ではなくTM／教え技に限定。,アクアブレイク / シャドークロー,クイックターン / ポルターガイスト,アクアリング / みちづれ,ウェーブタックルを進化時／Lv1思い出しに登録。通常のTM・汎用教え技にはしない。,殿堂入り後教え技。相手が持ち物なしの場合の失敗処理を現代仕様にする,最低1つの命中90以上STABを維持し、自爆・テレポート・反動大技だけの直近4技を禁止。高レベル基礎種は中威力技を再挿入。,未収録・追加対象,A,最終統合ROMから現行表を抽出後、同名技の重複・ID衝突・取得時期を機械差分で確定する。
903,オオニューラ,sneasler,8,かくとう／どく,ニューラ → マニューラ → オオニューラ,進化先／最終形,DPE-JP Learnsets.c＋ベガ既存表（既存種）,DPE基準維持＋進行調整,物理アタッカー,フェイタルクロー / インファイト / ビルドアップ / ダストシュート,進化時に役割技を1つ提示。主力STABはLv36～50、反動・積み・専用大技はLv50～65またはLv1思い出し。,DPE表を土台に、進化前へ過剰な終盤技がある場合は後期へ移動。広範囲高火力サブウェポンはレベル技ではなくTM／教え技に限定。,ドレインパンチ / ベノムショック,コーチング / ダストシュート,みきり / どくびし,フェイタルクローを進化時／Lv1思い出しに登録。通常のTM・汎用教え技にはしない。,通常。高威力技はLv45以降、強力な積み技はLv50以降。,最低1つの命中90以上STABを維持し、自爆・テレポート・反動大技だけの直近4技を禁止。高レベル基礎種は中威力技を再挿入。,未収録・追加対象,A,最終統合ROMから現行表を抽出後、同名技の重複・ID衝突・取得時期を機械差分で確定する。
904,ハリーマン,overqwil,8,あく／どく,ハリーセン → ハリーマン,進化先／最終形,DPE-JP Learnsets.c＋ベガ既存表（既存種）,DPE基準維持＋進行調整,物理アタッカー,どくばりセンボン / はたきおとす / ちょうはつ / ダストシュート,進化時に役割技を1つ提示。主力STABはLv36～50、反動・積み・専用大技はLv50～65またはLv1思い出し。,DPE表を土台に、進化前へ過剰な終盤技がある場合は後期へ移動。広範囲高火力サブウェポンはレベル技ではなくTM／教え技に限定。,バークアウト / ベノムショック,はたきおとす / ダストシュート,わるだくみ / どくびし,どくばりセンボンを進化時／Lv1思い出しに登録。通常のTM・汎用教え技にはしない。,通常。高威力技はLv45以降、強力な積み技はLv50以降。,最低1つの命中90以上STABを維持し、自爆・テレポート・反動大技だけの直近4技を禁止。高レベル基礎種は中威力技を再挿入。,未収録・追加対象,A,最終統合ROMから現行表を抽出後、同名技の重複・ID衝突・取得時期を機械差分で確定する。
905,ラブトロス,enamorus,8,フェアリー／ひこう,ラブトロス,基礎形,DPE-JP Learnsets.c＋ベガ既存表（既存種）,DPE基準維持＋進行調整,特殊アタッカー,ようせいのかぜ / あまえる / かぜおこし / おいかぜ,安定したタイプ一致技をLv7～15、二段目をLv20～28に配置。進化前限定の補助技は思い出し対象に残す。,DPE表を土台に、進化前へ過剰な終盤技がある場合は後期へ移動。広範囲高火力サブウェポンはレベル技ではなくTM／教え技に限定。,マジカルシャイン / アクロバット,ミストバースト / おいかぜ,なし（タマゴ未発見／伝説・幻）,専用技がある系統は進化時／Lv1思い出しに固定。戦闘専用フォームは基礎形の習得表を共有。,通常。高威力技はLv45以降、強力な積み技はLv50以降。,最低1つの命中90以上STABを維持し、自爆・テレポート・反動大技だけの直近4技を禁止。高レベル基礎種は中威力技を再挿入。,未収録・追加対象,B-,最終統合ROMから現行表を抽出後、同名技の重複・ID衝突・取得時期を機械差分で確定する。
906,ニャオハ,sprigatito,9,くさ,ニャオハ → ニャローテ → マスカーニャ,基礎形,DPE-JP Learnsets.c＋ベガ既存表（既存種）,第9世代基準維持＋GBA互換監査,特殊寄り,メガドレイン / やどりぎのタネ,安定したタイプ一致技をLv7～15、二段目をLv20～28に配置。進化前限定の補助技は思い出し対象に残す。,DPE表を土台に、進化前へ過剰な終盤技がある場合は後期へ移動。広範囲高火力サブウェポンはレベル技ではなくTM／教え技に限定。,くさむすび,グラススライダー,こうごうせい,専用技がある系統は進化時／Lv1思い出しに固定。戦闘専用フォームは基礎形の習得表を共有。,通常。高威力技はLv45以降、強力な積み技はLv50以降。,最低1つの命中90以上STABを維持し、自爆・テレポート・反動大技だけの直近4技を禁止。高レベル基礎種は中威力技を再挿入。,未収録・追加対象,B-,最終統合ROMから現行表を抽出後、同名技の重複・ID衝突・取得時期を機械差分で確定する。
907,ニャローテ,floragato,9,くさ,ニャオハ → ニャローテ → マスカーニャ,中間進化,DPE-JP Learnsets.c＋ベガ既存表（既存種）,第9世代基準維持＋GBA互換監査,特殊寄り,ギガドレイン / やどりぎのタネ,中威力STABをLv22～35、役割補助技を進化時またはLv30前後に配置。最終大技は先送り。,DPE表を土台に、進化前へ過剰な終盤技がある場合は後期へ移動。広範囲高火力サブウェポンはレベル技ではなくTM／教え技に限定。,くさむすび,グラススライダー,こうごうせい,専用技がある系統は進化時／Lv1思い出しに固定。戦闘専用フォームは基礎形の習得表を共有。,通常。高威力技はLv45以降、強力な積み技はLv50以降。,最低1つの命中90以上STABを維持し、自爆・テレポート・反動大技だけの直近4技を禁止。高レベル基礎種は中威力技を再挿入。,未収録・追加対象,B,最終統合ROMから現行表を抽出後、同名技の重複・ID衝突・取得時期を機械差分で確定する。
908,マスカーニャ,meowscarada,9,くさ／あく,ニャオハ → ニャローテ → マスカーニャ,進化先／最終形,DPE-JP Learnsets.c＋ベガ既存表（既存種）,第9世代基準維持＋GBA互換監査,両刀・可変,トリックフラワー / タネばくだん / ギガドレイン / やどりぎのタネ,進化時に役割技を1つ提示。主力STABはLv36～50、反動・積み・専用大技はLv50～65またはLv1思い出し。,DPE表を土台に、進化前へ過剰な終盤技がある場合は後期へ移動。広範囲高火力サブウェポンはレベル技ではなくTM／教え技に限定。,くさむすび / バークアウト,グラススライダー / はたきおとす,こうごうせい / わるだくみ,トリックフラワーを進化時／Lv1思い出しに登録。通常のTM・汎用教え技にはしない。,通常。高威力技はLv45以降、強力な積み技はLv50以降。,最低1つの命中90以上STABを維持し、自爆・テレポート・反動大技だけの直近4技を禁止。高レベル基礎種は中威力技を再挿入。,未収録・追加対象,A,最終統合ROMから現行表を抽出後、同名技の重複・ID衝突・取得時期を機械差分で確定する。
909,ホゲータ,fuecoco,9,ほのお,ホゲータ → アチゲータ → ラウドボーン,基礎形,DPE-JP Learnsets.c＋ベガ既存表（既存種）,第9世代基準維持＋GBA互換監査,特殊寄り,ひのこ / おにび,安定したタイプ一致技をLv7～15、二段目をLv20～28に配置。進化前限定の補助技は思い出し対象に残す。,DPE表を土台に、進化前へ過剰な終盤技がある場合は後期へ移動。広範囲高火力サブウェポンはレベル技ではなくTM／教え技に限定。,かえんほうしゃ,ねっぷう,にほんばれ,専用技がある系統は進化時／Lv1思い出しに固定。戦闘専用フォームは基礎形の習得表を共有。,通常。高威力技はLv45以降、強力な積み技はLv50以降。,最低1つの命中90以上STABを維持し、自爆・テレポート・反動大技だけの直近4技を禁止。高レベル基礎種は中威力技を再挿入。,未収録・追加対象,B-,最終統合ROMから現行表を抽出後、同名技の重複・ID衝突・取得時期を機械差分で確定する。
910,アチゲータ,crocalor,9,ほのお,ホゲータ → アチゲータ → ラウドボーン,中間進化,DPE-JP Learnsets.c＋ベガ既存表（既存種）,第9世代基準維持＋GBA互換監査,特殊寄り,かえんほうしゃ / おにび,中威力STABをLv22～35、役割補助技を進化時またはLv30前後に配置。最終大技は先送り。,DPE表を土台に、進化前へ過剰な終盤技がある場合は後期へ移動。広範囲高火力サブウェポンはレベル技ではなくTM／教え技に限定。,かえんほうしゃ,ねっぷう,にほんばれ,専用技がある系統は進化時／Lv1思い出しに固定。戦闘専用フォームは基礎形の習得表を共有。,通常。高威力技はLv45以降、強力な積み技はLv50以降。,最低1つの命中90以上STABを維持し、自爆・テレポート・反動大技だけの直近4技を禁止。高レベル基礎種は中威力技を再挿入。,未収録・追加対象,B,最終統合ROMから現行表を抽出後、同名技の重複・ID衝突・取得時期を機械差分で確定する。
911,ラウドボーン,skeledirge,9,ほのお／ゴースト,ホゲータ → アチゲータ → ラウドボーン,進化先／最終形,DPE-JP Learnsets.c＋ベガ既存表（既存種）,第9世代基準維持＋GBA互換監査,両刀・可変,フレアソング / ニトロチャージ / かえんほうしゃ / おにび,進化時に役割技を1つ提示。主力STABはLv36～50、反動・積み・専用大技はLv50～65またはLv1思い出し。,DPE表を土台に、進化前へ過剰な終盤技がある場合は後期へ移動。広範囲高火力サブウェポンはレベル技ではなくTM／教え技に限定。,かえんほうしゃ / シャドークロー,ねっぷう / ポルターガイスト,にほんばれ / みちづれ,フレアソングを進化時／Lv1思い出しに登録。通常のTM・汎用教え技にはしない。,通常。高威力技はLv45以降、強力な積み技はLv50以降。,最低1つの命中90以上STABを維持し、自爆・テレポート・反動大技だけの直近4技を禁止。高レベル基礎種は中威力技を再挿入。,未収録・追加対象,A,最終統合ROMから現行表を抽出後、同名技の重複・ID衝突・取得時期を機械差分で確定する。
912,クワッス,quaxly,9,みず,クワッス → ウェルカモ → ウェーニバル,基礎形,DPE-JP Learnsets.c＋ベガ既存表（既存種）,第9世代基準維持＋GBA互換監査,両刀・可変,アクアジェット / みずのはどう,安定したタイプ一致技をLv7～15、二段目をLv20～28に配置。進化前限定の補助技は思い出し対象に残す。,DPE表を土台に、進化前へ過剰な終盤技がある場合は後期へ移動。広範囲高火力サブウェポンはレベル技ではなくTM／教え技に限定。,アクアブレイク,クイックターン,アクアリング,専用技がある系統は進化時／Lv1思い出しに固定。戦闘専用フォームは基礎形の習得表を共有。,通常。高威力技はLv45以降、強力な積み技はLv50以降。,最低1つの命中90以上STABを維持し、自爆・テレポート・反動大技だけの直近4技を禁止。高レベル基礎種は中威力技を再挿入。,未収録・追加対象,B-,最終統合ROMから現行表を抽出後、同名技の重複・ID衝突・取得時期を機械差分で確定する。
913,ウェルカモ,quaxwell,9,みず,クワッス → ウェルカモ → ウェーニバル,中間進化,DPE-JP Learnsets.c＋ベガ既存表（既存種）,第9世代基準維持＋GBA互換監査,両刀・可変,アクアブレイク / なみのり,中威力STABをLv22～35、役割補助技を進化時またはLv30前後に配置。最終大技は先送り。,DPE表を土台に、進化前へ過剰な終盤技がある場合は後期へ移動。広範囲高火力サブウェポンはレベル技ではなくTM／教え技に限定。,アクアブレイク,クイックターン,アクアリング,専用技がある系統は進化時／Lv1思い出しに固定。戦闘専用フォームは基礎形の習得表を共有。,通常。高威力技はLv45以降、強力な積み技はLv50以降。,最低1つの命中90以上STABを維持し、自爆・テレポート・反動大技だけの直近4技を禁止。高レベル基礎種は中威力技を再挿入。,未収録・追加対象,B,最終統合ROMから現行表を抽出後、同名技の重複・ID衝突・取得時期を機械差分で確定する。
914,ウェーニバル,quaquaval,9,みず／かくとう,クワッス → ウェルカモ → ウェーニバル,進化先／最終形,DPE-JP Learnsets.c＋ベガ既存表（既存種）,第9世代基準維持＋GBA互換監査,両刀・可変,アクアステップ / アクアブレイク / なみのり / あまごい,進化時に役割技を1つ提示。主力STABはLv36～50、反動・積み・専用大技はLv50～65またはLv1思い出し。,DPE表を土台に、進化前へ過剰な終盤技がある場合は後期へ移動。広範囲高火力サブウェポンはレベル技ではなくTM／教え技に限定。,アクアブレイク / ドレインパンチ,クイックターン / コーチング,アクアリング / みきり,アクアステップを進化時／Lv1思い出しに登録。通常のTM・汎用教え技にはしない。,通常。高威力技はLv45以降、強力な積み技はLv50以降。,最低1つの命中90以上STABを維持し、自爆・テレポート・反動大技だけの直近4技を禁止。高レベル基礎種は中威力技を再挿入。,未収録・追加対象,A,最終統合ROMから現行表を抽出後、同名技の重複・ID衝突・取得時期を機械差分で確定する。
915,グルトン,lechonk,9,ノーマル,グルトン → パフュートン,基礎形,DPE-JP Learnsets.c＋ベガ既存表（既存種）,第9世代基準維持＋GBA互換監査,物理寄り,ずつき / アンコール,安定したタイプ一致技をLv7～15、二段目をLv20～28に配置。進化前限定の補助技は思い出し対象に残す。,DPE表を土台に、進化前へ過剰な終盤技がある場合は後期へ移動。広範囲高火力サブウェポンはレベル技ではなくTM／教え技に限定。,まもる,てだすけ,あくび,専用技がある系統は進化時／Lv1思い出しに固定。戦闘専用フォームは基礎形の習得表を共有。,通常。高威力技はLv45以降、強力な積み技はLv50以降。,最低1つの命中90以上STABを維持し、自爆・テレポート・反動大技だけの直近4技を禁止。高レベル基礎種は中威力技を再挿入。,未収録・追加対象,B-,最終統合ROMから現行表を抽出後、同名技の重複・ID衝突・取得時期を機械差分で確定する。
916,パフュートン,oinkologne,9,ノーマル,グルトン → パフュートン,進化先／最終形,DPE-JP Learnsets.c＋ベガ既存表（既存種）,第9世代基準維持＋GBA互換監査,物理アタッカー,すてみタックル / アンコール,進化時に役割技を1つ提示。主力STABはLv36～50、反動・積み・専用大技はLv50～65またはLv1思い出し。,DPE表を土台に、進化前へ過剰な終盤技がある場合は後期へ移動。広範囲高火力サブウェポンはレベル技ではなくTM／教え技に限定。,まもる,てだすけ,あくび,専用技がある系統は進化時／Lv1思い出しに固定。戦闘専用フォームは基礎形の習得表を共有。,通常。高威力技はLv45以降、強力な積み技はLv50以降。,最低1つの命中90以上STABを維持し、自爆・テレポート・反動大技だけの直近4技を禁止。高レベル基礎種は中威力技を再挿入。,未収録・追加対象,B,最終統合ROMから現行表を抽出後、同名技の重複・ID衝突・取得時期を機械差分で確定する。
917,タマンチュラ,tarountula,9,むし,タマンチュラ → ワナイダー,基礎形,DPE-JP Learnsets.c＋ベガ既存表（既存種）,第9世代基準維持＋GBA互換監査,物理寄り,むしくい / ねばねばネット,安定したタイプ一致技をLv7～15、二段目をLv20～28に配置。進化前限定の補助技は思い出し対象に残す。,DPE表を土台に、進化前へ過剰な終盤技がある場合は後期へ移動。広範囲高火力サブウェポンはレベル技ではなくTM／教え技に限定。,とんぼがえり,むしくい,いとをはく,専用技がある系統は進化時／Lv1思い出しに固定。戦闘専用フォームは基礎形の習得表を共有。,通常。高威力技はLv45以降、強力な積み技はLv50以降。,最低1つの命中90以上STABを維持し、自爆・テレポート・反動大技だけの直近4技を禁止。高レベル基礎種は中威力技を再挿入。,未収録・追加対象,B-,最終統合ROMから現行表を抽出後、同名技の重複・ID衝突・取得時期を機械差分で確定する。
918,ワナイダー,spidops,9,むし,タマンチュラ → ワナイダー,進化先／最終形,DPE-JP Learnsets.c＋ベガ既存表（既存種）,第9世代基準維持＋GBA互換監査,物理アタッカー,メガホーン / ねばねばネット,進化時に役割技を1つ提示。主力STABはLv36～50、反動・積み・専用大技はLv50～65またはLv1思い出し。,DPE表を土台に、進化前へ過剰な終盤技がある場合は後期へ移動。広範囲高火力サブウェポンはレベル技ではなくTM／教え技に限定。,とんぼがえり,むしくい,いとをはく,専用技がある系統は進化時／Lv1思い出しに固定。戦闘専用フォームは基礎形の習得表を共有。,通常。高威力技はLv45以降、強力な積み技はLv50以降。,最低1つの命中90以上STABを維持し、自爆・テレポート・反動大技だけの直近4技を禁止。高レベル基礎種は中威力技を再挿入。,未収録・追加対象,B,最終統合ROMから現行表を抽出後、同名技の重複・ID衝突・取得時期を機械差分で確定する。
919,マメバッタ,nymble,9,むし,マメバッタ → エクスレッグ,基礎形,DPE-JP Learnsets.c＋ベガ既存表（既存種）,第9世代基準維持＋GBA互換監査,物理寄り,むしくい / ねばねばネット,安定したタイプ一致技をLv7～15、二段目をLv20～28に配置。進化前限定の補助技は思い出し対象に残す。,DPE表を土台に、進化前へ過剰な終盤技がある場合は後期へ移動。広範囲高火力サブウェポンはレベル技ではなくTM／教え技に限定。,とんぼがえり,むしくい,いとをはく,専用技がある系統は進化時／Lv1思い出しに固定。戦闘専用フォームは基礎形の習得表を共有。,通常。高威力技はLv45以降、強力な積み技はLv50以降。,最低1つの命中90以上STABを維持し、自爆・テレポート・反動大技だけの直近4技を禁止。高レベル基礎種は中威力技を再挿入。,未収録・追加対象,B-,最終統合ROMから現行表を抽出後、同名技の重複・ID衝突・取得時期を機械差分で確定する。
920,エクスレッグ,lokix,9,むし／あく,マメバッタ → エクスレッグ,進化先／最終形,DPE-JP Learnsets.c＋ベガ既存表（既存種）,第9世代基準維持＋GBA互換監査,物理アタッカー,かかとおとし / メガホーン / ねばねばネット / はたきおとす,進化時に役割技を1つ提示。主力STABはLv36～50、反動・積み・専用大技はLv50～65またはLv1思い出し。,DPE表を土台に、進化前へ過剰な終盤技がある場合は後期へ移動。広範囲高火力サブウェポンはレベル技ではなくTM／教え技に限定。,とんぼがえり / バークアウト,むしくい / はたきおとす,いとをはく / わるだくみ,かかとおとしを進化時／Lv1思い出しに登録。通常のTM・汎用教え技にはしない。,通常。高威力技はLv45以降、強力な積み技はLv50以降。,最低1つの命中90以上STABを維持し、自爆・テレポート・反動大技だけの直近4技を禁止。高レベル基礎種は中威力技を再挿入。,未収録・追加対象,A,最終統合ROMから現行表を抽出後、同名技の重複・ID衝突・取得時期を機械差分で確定する。
921,パモ,pawmi,9,でんき,パモ → パモット → パーモット,基礎形,DPE-JP Learnsets.c＋ベガ既存表（既存種）,第9世代基準維持＋GBA互換監査,特殊寄り,でんきショック / でんじは,安定したタイプ一致技をLv7～15、二段目をLv20～28に配置。進化前限定の補助技は思い出し対象に残す。,DPE表を土台に、進化前へ過剰な終盤技がある場合は後期へ移動。広範囲高火力サブウェポンはレベル技ではなくTM／教え技に限定。,ボルトチェンジ,エレキネット,じゅうでん,専用技がある系統は進化時／Lv1思い出しに固定。戦闘専用フォームは基礎形の習得表を共有。,通常。高威力技はLv45以降、強力な積み技はLv50以降。,最低1つの命中90以上STABを維持し、自爆・テレポート・反動大技だけの直近4技を禁止。高レベル基礎種は中威力技を再挿入。,未収録・追加対象,B-,最終統合ROMから現行表を抽出後、同名技の重複・ID衝突・取得時期を機械差分で確定する。
922,パモット,pawmo,9,でんき／かくとう,パモ → パモット → パーモット,中間進化,DPE-JP Learnsets.c＋ベガ既存表（既存種）,第9世代基準維持＋GBA互換監査,両刀・可変,かみなりパンチ / 10まんボルト / かわらわり / はどうだん,中威力STABをLv22～35、役割補助技を進化時またはLv30前後に配置。最終大技は先送り。,DPE表を土台に、進化前へ過剰な終盤技がある場合は後期へ移動。広範囲高火力サブウェポンはレベル技ではなくTM／教え技に限定。,ボルトチェンジ / ドレインパンチ,エレキネット / コーチング,じゅうでん / みきり,専用技がある系統は進化時／Lv1思い出しに固定。戦闘専用フォームは基礎形の習得表を共有。,通常。高威力技はLv45以降、強力な積み技はLv50以降。,最低1つの命中90以上STABを維持し、自爆・テレポート・反動大技だけの直近4技を禁止。高レベル基礎種は中威力技を再挿入。,未収録・追加対象,B,最終統合ROMから現行表を抽出後、同名技の重複・ID衝突・取得時期を機械差分で確定する。
923,パーモット,pawmot,9,でんき／かくとう,パモ → パモット → パーモット,進化先／最終形,DPE-JP Learnsets.c＋ベガ既存表（既存種）,第9世代基準維持＋GBA互換監査,物理アタッカー,さいきのいのり / ワイルドボルト / でんじは / インファイト,進化時に役割技を1つ提示。主力STABはLv36～50、反動・積み・専用大技はLv50～65またはLv1思い出し。,DPE表を土台に、進化前へ過剰な終盤技がある場合は後期へ移動。広範囲高火力サブウェポンはレベル技ではなくTM／教え技に限定。,ボルトチェンジ / ドレインパンチ,エレキネット / コーチング,じゅうでん / みきり,さいきのいのりを進化時／Lv1思い出しに登録。通常のTM・汎用教え技にはしない。,パーモット／ベラカスのLv50以上。施設では使用回数と蘇生対象を検証,最低1つの命中90以上STABを維持し、自爆・テレポート・反動大技だけの直近4技を禁止。高レベル基礎種は中威力技を再挿入。,未収録・追加対象,A,最終統合ROMから現行表を抽出後、同名技の重複・ID衝突・取得時期を機械差分で確定する。
924,ワッカネズミ,tandemaus,9,ノーマル,ワッカネズミ → イッカネズミ,基礎形,DPE-JP Learnsets.c＋ベガ既存表（既存種）,第9世代基準維持＋GBA互換監査,物理寄り,ずつき / アンコール,安定したタイプ一致技をLv7～15、二段目をLv20～28に配置。進化前限定の補助技は思い出し対象に残す。,DPE表を土台に、進化前へ過剰な終盤技がある場合は後期へ移動。広範囲高火力サブウェポンはレベル技ではなくTM／教え技に限定。,まもる,てだすけ,あくび,専用技がある系統は進化時／Lv1思い出しに固定。戦闘専用フォームは基礎形の習得表を共有。,通常。高威力技はLv45以降、強力な積み技はLv50以降。,最低1つの命中90以上STABを維持し、自爆・テレポート・反動大技だけの直近4技を禁止。高レベル基礎種は中威力技を再挿入。,未収録・追加対象,B-,最終統合ROMから現行表を抽出後、同名技の重複・ID衝突・取得時期を機械差分で確定する。
925,イッカネズミ,maushold,9,ノーマル,ワッカネズミ → イッカネズミ,進化先／最終形,DPE-JP Learnsets.c＋ベガ既存表（既存種）,第9世代基準維持＋GBA互換監査,耐久・補助,ネズミざん / ハイパーボイス / アンコール / あくび,進化時に役割技を1つ提示。主力STABはLv36～50、反動・積み・専用大技はLv50～65またはLv1思い出し。,DPE表を土台に、進化前へ過剰な終盤技がある場合は後期へ移動。広範囲高火力サブウェポンはレベル技ではなくTM／教え技に限定。,まもる,てだすけ,あくび,ネズミざんを進化時／Lv1思い出しに登録。通常のTM・汎用教え技にはしない。,イッカネズミ進化時。こうかくレンズ等との相互作用を施設で監査,最低1つの命中90以上STABを維持し、自爆・テレポート・反動大技だけの直近4技を禁止。高レベル基礎種は中威力技を再挿入。,未収録・追加対象,A,最終統合ROMから現行表を抽出後、同名技の重複・ID衝突・取得時期を機械差分で確定する。
926,パピモッチ,fidough,9,フェアリー,パピモッチ → バウッツェル,基礎形,DPE-JP Learnsets.c＋ベガ既存表（既存種）,第9世代基準維持＋GBA互換監査,特殊寄り,ようせいのかぜ / あまえる,安定したタイプ一致技をLv7～15、二段目をLv20～28に配置。進化前限定の補助技は思い出し対象に残す。,DPE表を土台に、進化前へ過剰な終盤技がある場合は後期へ移動。広範囲高火力サブウェポンはレベル技ではなくTM／教え技に限定。,マジカルシャイン,ミストバースト,ミストフィールド,専用技がある系統は進化時／Lv1思い出しに固定。戦闘専用フォームは基礎形の習得表を共有。,通常。高威力技はLv45以降、強力な積み技はLv50以降。,最低1つの命中90以上STABを維持し、自爆・テレポート・反動大技だけの直近4技を禁止。高レベル基礎種は中威力技を再挿入。,未収録・追加対象,B-,最終統合ROMから現行表を抽出後、同名技の重複・ID衝突・取得時期を機械差分で確定する。
927,バウッツェル,dachsbun,9,フェアリー,パピモッチ → バウッツェル,進化先／最終形,DPE-JP Learnsets.c＋ベガ既存表（既存種）,第9世代基準維持＋GBA互換監査,耐久・補助,マジカルシャイン / あまえる / ミストフィールド,進化時に役割技を1つ提示。主力STABはLv36～50、反動・積み・専用大技はLv50～65またはLv1思い出し。,DPE表を土台に、進化前へ過剰な終盤技がある場合は後期へ移動。広範囲高火力サブウェポンはレベル技ではなくTM／教え技に限定。,マジカルシャイン,ミストバースト,ミストフィールド,専用技がある系統は進化時／Lv1思い出しに固定。戦闘専用フォームは基礎形の習得表を共有。,通常。高威力技はLv45以降、強力な積み技はLv50以降。,最低1つの命中90以上STABを維持し、自爆・テレポート・反動大技だけの直近4技を禁止。高レベル基礎種は中威力技を再挿入。,未収録・追加対象,B,最終統合ROMから現行表を抽出後、同名技の重複・ID衝突・取得時期を機械差分で確定する。
928,ミニーブ,smoliv,9,くさ／ノーマル,ミニーブ → オリーニョ → オリーヴァ,基礎形,DPE-JP Learnsets.c＋ベガ既存表（既存種）,第9世代基準維持＋GBA互換監査,両刀・可変,はっぱカッター / メガドレイン / ずつき / スピードスター,安定したタイプ一致技をLv7～15、二段目をLv20～28に配置。進化前限定の補助技は思い出し対象に残す。,DPE表を土台に、進化前へ過剰な終盤技がある場合は後期へ移動。広範囲高火力サブウェポンはレベル技ではなくTM／教え技に限定。,くさむすび / まもる,グラススライダー / てだすけ,こうごうせい / あくび,専用技がある系統は進化時／Lv1思い出しに固定。戦闘専用フォームは基礎形の習得表を共有。,通常。高威力技はLv45以降、強力な積み技はLv50以降。,最低1つの命中90以上STABを維持し、自爆・テレポート・反動大技だけの直近4技を禁止。高レベル基礎種は中威力技を再挿入。,未収録・追加対象,B-,最終統合ROMから現行表を抽出後、同名技の重複・ID衝突・取得時期を機械差分で確定する。
929,オリーニョ,dolliv,9,くさ／ノーマル,ミニーブ → オリーニョ → オリーヴァ,中間進化,DPE-JP Learnsets.c＋ベガ既存表（既存種）,第9世代基準維持＋GBA互換監査,両刀・可変,タネばくだん / ギガドレイン / のしかかり / ハイパーボイス,中威力STABをLv22～35、役割補助技を進化時またはLv30前後に配置。最終大技は先送り。,DPE表を土台に、進化前へ過剰な終盤技がある場合は後期へ移動。広範囲高火力サブウェポンはレベル技ではなくTM／教え技に限定。,くさむすび / まもる,グラススライダー / てだすけ,こうごうせい / あくび,専用技がある系統は進化時／Lv1思い出しに固定。戦闘専用フォームは基礎形の習得表を共有。,通常。高威力技はLv45以降、強力な積み技はLv50以降。,最低1つの命中90以上STABを維持し、自爆・テレポート・反動大技だけの直近4技を禁止。高レベル基礎種は中威力技を再挿入。,未収録・追加対象,B,最終統合ROMから現行表を抽出後、同名技の重複・ID衝突・取得時期を機械差分で確定する。
930,オリーヴァ,arboliva,9,くさ／ノーマル,ミニーブ → オリーニョ → オリーヴァ,進化先／最終形,DPE-JP Learnsets.c＋ベガ既存表（既存種）,第9世代基準維持＋GBA互換監査,特殊アタッカー,だいちのはどう / エナジーボール / やどりぎのタネ / ばくおんぱ（音系のみ）,進化時に役割技を1つ提示。主力STABはLv36～50、反動・積み・専用大技はLv50～65またはLv1思い出し。,DPE表を土台に、進化前へ過剰な終盤技がある場合は後期へ移動。広範囲高火力サブウェポンはレベル技ではなくTM／教え技に限定。,くさむすび / まもる,グラススライダー / てだすけ,こうごうせい / あくび,だいちのはどうを進化時／Lv1思い出しに登録。通常のTM・汎用教え技にはしない。,通常。高威力技はLv45以降、強力な積み技はLv50以降。,最低1つの命中90以上STABを維持し、自爆・テレポート・反動大技だけの直近4技を禁止。高レベル基礎種は中威力技を再挿入。,未収録・追加対象,A,最終統合ROMから現行表を抽出後、同名技の重複・ID衝突・取得時期を機械差分で確定する。
931,イキリンコ,squawkabilly,9,ノーマル／ひこう,イキリンコ,基礎形,DPE-JP Learnsets.c＋ベガ既存表（既存種）,第9世代基準維持＋GBA互換監査,物理寄り,ずつき / アンコール / つばさでうつ / おいかぜ,安定したタイプ一致技をLv7～15、二段目をLv20～28に配置。進化前限定の補助技は思い出し対象に残す。,DPE表を土台に、進化前へ過剰な終盤技がある場合は後期へ移動。広範囲高火力サブウェポンはレベル技ではなくTM／教え技に限定。,まもる / アクロバット,てだすけ / おいかぜ,あくび / はねやすめ,専用技がある系統は進化時／Lv1思い出しに固定。戦闘専用フォームは基礎形の習得表を共有。,通常。高威力技はLv45以降、強力な積み技はLv50以降。,最低1つの命中90以上STABを維持し、自爆・テレポート・反動大技だけの直近4技を禁止。高レベル基礎種は中威力技を再挿入。,未収録・追加対象,B-,最終統合ROMから現行表を抽出後、同名技の重複・ID衝突・取得時期を機械差分で確定する。
932,コジオ,nacli,9,いわ,コジオ → ジオヅム → キョジオーン,基礎形,DPE-JP Learnsets.c＋ベガ既存表（既存種）,第9世代基準維持＋GBA互換監査,物理寄り,いわおとし / ステルスロック,安定したタイプ一致技をLv7～15、二段目をLv20～28に配置。進化前限定の補助技は思い出し対象に残す。,DPE表を土台に、進化前へ過剰な終盤技がある場合は後期へ移動。広範囲高火力サブウェポンはレベル技ではなくTM／教え技に限定。,ステルスロック,メテオビーム,すなあらし,専用技がある系統は進化時／Lv1思い出しに固定。戦闘専用フォームは基礎形の習得表を共有。,通常。高威力技はLv45以降、強力な積み技はLv50以降。,最低1つの命中90以上STABを維持し、自爆・テレポート・反動大技だけの直近4技を禁止。高レベル基礎種は中威力技を再挿入。,未収録・追加対象,B-,最終統合ROMから現行表を抽出後、同名技の重複・ID衝突・取得時期を機械差分で確定する。
933,ジオヅム,naclstack,9,いわ,コジオ → ジオヅム → キョジオーン,中間進化,DPE-JP Learnsets.c＋ベガ既存表（既存種）,第9世代基準維持＋GBA互換監査,物理寄り,いわなだれ / ステルスロック,中威力STABをLv22～35、役割補助技を進化時またはLv30前後に配置。最終大技は先送り。,DPE表を土台に、進化前へ過剰な終盤技がある場合は後期へ移動。広範囲高火力サブウェポンはレベル技ではなくTM／教え技に限定。,ステルスロック,メテオビーム,すなあらし,専用技がある系統は進化時／Lv1思い出しに固定。戦闘専用フォームは基礎形の習得表を共有。,通常。高威力技はLv45以降、強力な積み技はLv50以降。,最低1つの命中90以上STABを維持し、自爆・テレポート・反動大技だけの直近4技を禁止。高レベル基礎種は中威力技を再挿入。,未収録・追加対象,B,最終統合ROMから現行表を抽出後、同名技の重複・ID衝突・取得時期を機械差分で確定する。
934,キョジオーン,garganacl,9,いわ,コジオ → ジオヅム → キョジオーン,進化先／最終形,DPE-JP Learnsets.c＋ベガ既存表（既存種）,第9世代基準維持＋GBA互換監査,物理アタッカー,ストーンエッジ / ステルスロック,進化時に役割技を1つ提示。主力STABはLv36～50、反動・積み・専用大技はLv50～65またはLv1思い出し。,DPE表を土台に、進化前へ過剰な終盤技がある場合は後期へ移動。広範囲高火力サブウェポンはレベル技ではなくTM／教え技に限定。,ステルスロック,メテオビーム,すなあらし,専用技がある系統は進化時／Lv1思い出しに固定。戦闘専用フォームは基礎形の習得表を共有。,通常。高威力技はLv45以降、強力な積み技はLv50以降。,最低1つの命中90以上STABを維持し、自爆・テレポート・反動大技だけの直近4技を禁止。高レベル基礎種は中威力技を再挿入。,未収録・追加対象,B,最終統合ROMから現行表を抽出後、同名技の重複・ID衝突・取得時期を機械差分で確定する。
935,カルボウ,charcadet,9,ほのお,カルボウ → グレンアルマ → ソウブレイズ,基礎形,DPE-JP Learnsets.c＋ベガ既存表（既存種）,第9世代基準維持＋GBA互換監査,特殊寄り,ひのこ / おにび,安定したタイプ一致技をLv7～15、二段目をLv20～28に配置。進化前限定の補助技は思い出し対象に残す。,DPE表を土台に、進化前へ過剰な終盤技がある場合は後期へ移動。広範囲高火力サブウェポンはレベル技ではなくTM／教え技に限定。,かえんほうしゃ,ねっぷう,にほんばれ,専用技がある系統は進化時／Lv1思い出しに固定。戦闘専用フォームは基礎形の習得表を共有。,通常。高威力技はLv45以降、強力な積み技はLv50以降。,最低1つの命中90以上STABを維持し、自爆・テレポート・反動大技だけの直近4技を禁止。高レベル基礎種は中威力技を再挿入。,未収録・追加対象,B-,最終統合ROMから現行表を抽出後、同名技の重複・ID衝突・取得時期を機械差分で確定する。
936,グレンアルマ,armarouge,9,ほのお／エスパー,カルボウ → グレンアルマ → ソウブレイズ,中間進化,DPE-JP Learnsets.c＋ベガ既存表（既存種）,第9世代基準維持＋GBA互換監査,特殊アタッカー,アーマーキャノン / かえんほうしゃ / おにび / サイコキネシス,中威力STABをLv22～35、役割補助技を進化時またはLv30前後に配置。最終大技は先送り。,DPE表を土台に、進化前へ過剰な終盤技がある場合は後期へ移動。広範囲高火力サブウェポンはレベル技ではなくTM／教え技に限定。,かえんほうしゃ / サイコショック,ねっぷう / トリック,にほんばれ / ひかりのかべ,アーマーキャノンを進化時／Lv1思い出しに登録。通常のTM・汎用教え技にはしない。,通常。高威力技はLv45以降、強力な積み技はLv50以降。,最低1つの命中90以上STABを維持し、自爆・テレポート・反動大技だけの直近4技を禁止。高レベル基礎種は中威力技を再挿入。,未収録・追加対象,A,最終統合ROMから現行表を抽出後、同名技の重複・ID衝突・取得時期を機械差分で確定する。
937,ソウブレイズ,ceruledge,9,ほのお／ゴースト,カルボウ → グレンアルマ → ソウブレイズ,進化先／最終形,DPE-JP Learnsets.c＋ベガ既存表（既存種）,第9世代基準維持＋GBA互換監査,物理アタッカー,むねんのつるぎ / フレアドライブ / おにび / ポルターガイスト,進化時に役割技を1つ提示。主力STABはLv36～50、反動・積み・専用大技はLv50～65またはLv1思い出し。,DPE表を土台に、進化前へ過剰な終盤技がある場合は後期へ移動。広範囲高火力サブウェポンはレベル技ではなくTM／教え技に限定。,かえんほうしゃ / シャドークロー,ねっぷう / ポルターガイスト,にほんばれ / みちづれ,むねんのつるぎを進化時／Lv1思い出しに登録。通常のTM・汎用教え技にはしない。,殿堂入り後教え技。相手が持ち物なしの場合の失敗処理を現代仕様にする,最低1つの命中90以上STABを維持し、自爆・テレポート・反動大技だけの直近4技を禁止。高レベル基礎種は中威力技を再挿入。,未収録・追加対象,A,最終統合ROMから現行表を抽出後、同名技の重複・ID衝突・取得時期を機械差分で確定する。
938,ズピカ,tadbulb,9,でんき,ズピカ → ハラバリー,基礎形,DPE-JP Learnsets.c＋ベガ既存表（既存種）,第9世代基準維持＋GBA互換監査,特殊寄り,でんきショック / でんじは,安定したタイプ一致技をLv7～15、二段目をLv20～28に配置。進化前限定の補助技は思い出し対象に残す。,DPE表を土台に、進化前へ過剰な終盤技がある場合は後期へ移動。広範囲高火力サブウェポンはレベル技ではなくTM／教え技に限定。,ボルトチェンジ,エレキネット,じゅうでん,専用技がある系統は進化時／Lv1思い出しに固定。戦闘専用フォームは基礎形の習得表を共有。,通常。高威力技はLv45以降、強力な積み技はLv50以降。,最低1つの命中90以上STABを維持し、自爆・テレポート・反動大技だけの直近4技を禁止。高レベル基礎種は中威力技を再挿入。,未収録・追加対象,B-,最終統合ROMから現行表を抽出後、同名技の重複・ID衝突・取得時期を機械差分で確定する。
939,ハラバリー,bellibolt,9,でんき,ズピカ → ハラバリー,進化先／最終形,DPE-JP Learnsets.c＋ベガ既存表（既存種）,第9世代基準維持＋GBA互換監査,特殊アタッカー,かみなり / でんじは,進化時に役割技を1つ提示。主力STABはLv36～50、反動・積み・専用大技はLv50～65またはLv1思い出し。,DPE表を土台に、進化前へ過剰な終盤技がある場合は後期へ移動。広範囲高火力サブウェポンはレベル技ではなくTM／教え技に限定。,ボルトチェンジ,エレキネット,じゅうでん,専用技がある系統は進化時／Lv1思い出しに固定。戦闘専用フォームは基礎形の習得表を共有。,通常。高威力技はLv45以降、強力な積み技はLv50以降。,最低1つの命中90以上STABを維持し、自爆・テレポート・反動大技だけの直近4技を禁止。高レベル基礎種は中威力技を再挿入。,未収録・追加対象,B,最終統合ROMから現行表を抽出後、同名技の重複・ID衝突・取得時期を機械差分で確定する。
940,カイデン,wattrel,9,でんき／ひこう,カイデン → タイカイデン,基礎形,DPE-JP Learnsets.c＋ベガ既存表（既存種）,第9世代基準維持＋GBA互換監査,特殊寄り,でんきショック / でんじは / かぜおこし / おいかぜ,安定したタイプ一致技をLv7～15、二段目をLv20～28に配置。進化前限定の補助技は思い出し対象に残す。,DPE表を土台に、進化前へ過剰な終盤技がある場合は後期へ移動。広範囲高火力サブウェポンはレベル技ではなくTM／教え技に限定。,ボルトチェンジ / アクロバット,エレキネット / おいかぜ,じゅうでん / はねやすめ,専用技がある系統は進化時／Lv1思い出しに固定。戦闘専用フォームは基礎形の習得表を共有。,通常。高威力技はLv45以降、強力な積み技はLv50以降。,最低1つの命中90以上STABを維持し、自爆・テレポート・反動大技だけの直近4技を禁止。高レベル基礎種は中威力技を再挿入。,未収録・追加対象,B-,最終統合ROMから現行表を抽出後、同名技の重複・ID衝突・取得時期を機械差分で確定する。
941,タイカイデン,kilowattrel,9,でんき／ひこう,カイデン → タイカイデン,進化先／最終形,DPE-JP Learnsets.c＋ベガ既存表（既存種）,第9世代基準維持＋GBA互換監査,特殊アタッカー,かみなりあらし / かみなり / でんじは / ぼうふう,進化時に役割技を1つ提示。主力STABはLv36～50、反動・積み・専用大技はLv50～65またはLv1思い出し。,DPE表を土台に、進化前へ過剰な終盤技がある場合は後期へ移動。広範囲高火力サブウェポンはレベル技ではなくTM／教え技に限定。,ボルトチェンジ / アクロバット,エレキネット / おいかぜ,じゅうでん / はねやすめ,かみなりあらしを進化時／Lv1思い出しに登録。通常のTM・汎用教え技にはしない。,通常。高威力技はLv45以降、強力な積み技はLv50以降。,最低1つの命中90以上STABを維持し、自爆・テレポート・反動大技だけの直近4技を禁止。高レベル基礎種は中威力技を再挿入。,未収録・追加対象,A,最終統合ROMから現行表を抽出後、同名技の重複・ID衝突・取得時期を機械差分で確定する。
942,オラチフ,maschiff,9,あく,オラチフ → マフィティフ,基礎形,DPE-JP Learnsets.c＋ベガ既存表（既存種）,第9世代基準維持＋GBA互換監査,物理寄り,かみつく / ちょうはつ,安定したタイプ一致技をLv7～15、二段目をLv20～28に配置。進化前限定の補助技は思い出し対象に残す。,DPE表を土台に、進化前へ過剰な終盤技がある場合は後期へ移動。広範囲高火力サブウェポンはレベル技ではなくTM／教え技に限定。,バークアウト,はたきおとす,わるだくみ,専用技がある系統は進化時／Lv1思い出しに固定。戦闘専用フォームは基礎形の習得表を共有。,通常。高威力技はLv45以降、強力な積み技はLv50以降。,最低1つの命中90以上STABを維持し、自爆・テレポート・反動大技だけの直近4技を禁止。高レベル基礎種は中威力技を再挿入。,未収録・追加対象,B-,最終統合ROMから現行表を抽出後、同名技の重複・ID衝突・取得時期を機械差分で確定する。
943,マフィティフ,mabosstiff,9,あく,オラチフ → マフィティフ,進化先／最終形,DPE-JP Learnsets.c＋ベガ既存表（既存種）,第9世代基準維持＋GBA互換監査,物理アタッカー,はたきおとす / ちょうはつ,進化時に役割技を1つ提示。主力STABはLv36～50、反動・積み・専用大技はLv50～65またはLv1思い出し。,DPE表を土台に、進化前へ過剰な終盤技がある場合は後期へ移動。広範囲高火力サブウェポンはレベル技ではなくTM／教え技に限定。,バークアウト,はたきおとす,わるだくみ,専用技がある系統は進化時／Lv1思い出しに固定。戦闘専用フォームは基礎形の習得表を共有。,通常。高威力技はLv45以降、強力な積み技はLv50以降。,最低1つの命中90以上STABを維持し、自爆・テレポート・反動大技だけの直近4技を禁止。高レベル基礎種は中威力技を再挿入。,未収録・追加対象,B,最終統合ROMから現行表を抽出後、同名技の重複・ID衝突・取得時期を機械差分で確定する。
944,シルシュルー,shroodle,9,どく／ノーマル,シルシュルー → タギングル,基礎形,DPE-JP Learnsets.c＋ベガ既存表（既存種）,第9世代基準維持＋GBA互換監査,物理寄り,どくばり / どくどく / ずつき / アンコール,安定したタイプ一致技をLv7～15、二段目をLv20～28に配置。進化前限定の補助技は思い出し対象に残す。,DPE表を土台に、進化前へ過剰な終盤技がある場合は後期へ移動。広範囲高火力サブウェポンはレベル技ではなくTM／教え技に限定。,ベノムショック / まもる,ダストシュート / てだすけ,どくびし / あくび,専用技がある系統は進化時／Lv1思い出しに固定。戦闘専用フォームは基礎形の習得表を共有。,通常。高威力技はLv45以降、強力な積み技はLv50以降。,最低1つの命中90以上STABを維持し、自爆・テレポート・反動大技だけの直近4技を禁止。高レベル基礎種は中威力技を再挿入。,未収録・追加対象,B-,最終統合ROMから現行表を抽出後、同名技の重複・ID衝突・取得時期を機械差分で確定する。
945,タギングル,grafaiai,9,どく／ノーマル,シルシュルー → タギングル,進化先／最終形,DPE-JP Learnsets.c＋ベガ既存表（既存種）,第9世代基準維持＋GBA互換監査,耐久・補助,ヘドロばくだん / どくどく / どくびし / ハイパーボイス,進化時に役割技を1つ提示。主力STABはLv36～50、反動・積み・専用大技はLv50～65またはLv1思い出し。,DPE表を土台に、進化前へ過剰な終盤技がある場合は後期へ移動。広範囲高火力サブウェポンはレベル技ではなくTM／教え技に限定。,ベノムショック / まもる,ダストシュート / てだすけ,どくびし / あくび,専用技がある系統は進化時／Lv1思い出しに固定。戦闘専用フォームは基礎形の習得表を共有。,通常。高威力技はLv45以降、強力な積み技はLv50以降。,最低1つの命中90以上STABを維持し、自爆・テレポート・反動大技だけの直近4技を禁止。高レベル基礎種は中威力技を再挿入。,未収録・追加対象,B,最終統合ROMから現行表を抽出後、同名技の重複・ID衝突・取得時期を機械差分で確定する。
946,アノクサ,bramblin,9,くさ／ゴースト,アノクサ → アノホラグサ,基礎形,DPE-JP Learnsets.c＋ベガ既存表（既存種）,第9世代基準維持＋GBA互換監査,特殊寄り,メガドレイン / やどりぎのタネ / おどろかす / おにび,安定したタイプ一致技をLv7～15、二段目をLv20～28に配置。進化前限定の補助技は思い出し対象に残す。,DPE表を土台に、進化前へ過剰な終盤技がある場合は後期へ移動。広範囲高火力サブウェポンはレベル技ではなくTM／教え技に限定。,くさむすび / シャドークロー,グラススライダー / ポルターガイスト,こうごうせい / みちづれ,専用技がある系統は進化時／Lv1思い出しに固定。戦闘専用フォームは基礎形の習得表を共有。,通常。高威力技はLv45以降、強力な積み技はLv50以降。,最低1つの命中90以上STABを維持し、自爆・テレポート・反動大技だけの直近4技を禁止。高レベル基礎種は中威力技を再挿入。,未収録・追加対象,B-,最終統合ROMから現行表を抽出後、同名技の重複・ID衝突・取得時期を機械差分で確定する。
947,アノホラグサ,brambleghast,9,くさ／ゴースト,アノクサ → アノホラグサ,進化先／最終形,DPE-JP Learnsets.c＋ベガ既存表（既存種）,第9世代基準維持＋GBA互換監査,物理アタッカー,リーフブレード / やどりぎのタネ / ポルターガイスト / おにび,進化時に役割技を1つ提示。主力STABはLv36～50、反動・積み・専用大技はLv50～65またはLv1思い出し。,DPE表を土台に、進化前へ過剰な終盤技がある場合は後期へ移動。広範囲高火力サブウェポンはレベル技ではなくTM／教え技に限定。,くさむすび / シャドークロー,グラススライダー / ポルターガイスト,こうごうせい / みちづれ,専用技がある系統は進化時／Lv1思い出しに固定。戦闘専用フォームは基礎形の習得表を共有。,殿堂入り後教え技。相手が持ち物なしの場合の失敗処理を現代仕様にする,最低1つの命中90以上STABを維持し、自爆・テレポート・反動大技だけの直近4技を禁止。高レベル基礎種は中威力技を再挿入。,未収録・追加対象,B,最終統合ROMから現行表を抽出後、同名技の重複・ID衝突・取得時期を機械差分で確定する。
948,ノノクラゲ,toedscool,9,じめん／くさ,ノノクラゲ → リククラゲ,基礎形,DPE-JP Learnsets.c＋ベガ既存表（既存種）,第9世代基準維持＋GBA互換監査,両刀・可変,どろかけ / マッドショット / はっぱカッター / メガドレイン,安定したタイプ一致技をLv7～15、二段目をLv20～28に配置。進化前限定の補助技は思い出し対象に残す。,DPE表を土台に、進化前へ過剰な終盤技がある場合は後期へ移動。広範囲高火力サブウェポンはレベル技ではなくTM／教え技に限定。,じならし / くさむすび,ねっさのだいち / グラススライダー,まきびし / こうごうせい,専用技がある系統は進化時／Lv1思い出しに固定。戦闘専用フォームは基礎形の習得表を共有。,通常。高威力技はLv45以降、強力な積み技はLv50以降。,最低1つの命中90以上STABを維持し、自爆・テレポート・反動大技だけの直近4技を禁止。高レベル基礎種は中威力技を再挿入。,未収録・追加対象,B-,最終統合ROMから現行表を抽出後、同名技の重複・ID衝突・取得時期を機械差分で確定する。
949,リククラゲ,toedscruel,9,じめん／くさ,ノノクラゲ → リククラゲ,進化先／最終形,DPE-JP Learnsets.c＋ベガ既存表（既存種）,第9世代基準維持＋GBA互換監査,特殊アタッカー,ねっさのだいち / すなあらし / エナジーボール / やどりぎのタネ,進化時に役割技を1つ提示。主力STABはLv36～50、反動・積み・専用大技はLv50～65またはLv1思い出し。,DPE表を土台に、進化前へ過剰な終盤技がある場合は後期へ移動。広範囲高火力サブウェポンはレベル技ではなくTM／教え技に限定。,じならし / くさむすび,ねっさのだいち / グラススライダー,まきびし / こうごうせい,専用技がある系統は進化時／Lv1思い出しに固定。戦闘専用フォームは基礎形の習得表を共有。,通常。高威力技はLv45以降、強力な積み技はLv50以降。,最低1つの命中90以上STABを維持し、自爆・テレポート・反動大技だけの直近4技を禁止。高レベル基礎種は中威力技を再挿入。,未収録・追加対象,B,最終統合ROMから現行表を抽出後、同名技の重複・ID衝突・取得時期を機械差分で確定する。
950,ガケガニ,klawf,9,いわ,ガケガニ,基礎形,DPE-JP Learnsets.c＋ベガ既存表（既存種）,第9世代基準維持＋GBA互換監査,物理アタッカー,いわおとし / ステルスロック,安定したタイプ一致技をLv7～15、二段目をLv20～28に配置。進化前限定の補助技は思い出し対象に残す。,DPE表を土台に、進化前へ過剰な終盤技がある場合は後期へ移動。広範囲高火力サブウェポンはレベル技ではなくTM／教え技に限定。,ステルスロック,メテオビーム,すなあらし,専用技がある系統は進化時／Lv1思い出しに固定。戦闘専用フォームは基礎形の習得表を共有。,通常。高威力技はLv45以降、強力な積み技はLv50以降。,最低1つの命中90以上STABを維持し、自爆・テレポート・反動大技だけの直近4技を禁止。高レベル基礎種は中威力技を再挿入。,未収録・追加対象,B-,最終統合ROMから現行表を抽出後、同名技の重複・ID衝突・取得時期を機械差分で確定する。
951,カプサイジ,capsakid,9,くさ,カプサイジ → スコヴィラン,基礎形,DPE-JP Learnsets.c＋ベガ既存表（既存種）,第9世代基準維持＋GBA互換監査,特殊寄り,メガドレイン / やどりぎのタネ,安定したタイプ一致技をLv7～15、二段目をLv20～28に配置。進化前限定の補助技は思い出し対象に残す。,DPE表を土台に、進化前へ過剰な終盤技がある場合は後期へ移動。広範囲高火力サブウェポンはレベル技ではなくTM／教え技に限定。,くさむすび,グラススライダー,こうごうせい,専用技がある系統は進化時／Lv1思い出しに固定。戦闘専用フォームは基礎形の習得表を共有。,通常。高威力技はLv45以降、強力な積み技はLv50以降。,最低1つの命中90以上STABを維持し、自爆・テレポート・反動大技だけの直近4技を禁止。高レベル基礎種は中威力技を再挿入。,未収録・追加対象,B-,最終統合ROMから現行表を抽出後、同名技の重複・ID衝突・取得時期を機械差分で確定する。
952,スコヴィラン,scovillain,9,くさ／ほのお,カプサイジ → スコヴィラン,進化先／最終形,DPE-JP Learnsets.c＋ベガ既存表（既存種）,第9世代基準維持＋GBA互換監査,両刀・可変,タネばくだん / ギガドレイン / やどりぎのタネ / ニトロチャージ,進化時に役割技を1つ提示。主力STABはLv36～50、反動・積み・専用大技はLv50～65またはLv1思い出し。,DPE表を土台に、進化前へ過剰な終盤技がある場合は後期へ移動。広範囲高火力サブウェポンはレベル技ではなくTM／教え技に限定。,くさむすび / かえんほうしゃ,グラススライダー / ねっぷう,こうごうせい / にほんばれ,専用技がある系統は進化時／Lv1思い出しに固定。戦闘専用フォームは基礎形の習得表を共有。,通常。高威力技はLv45以降、強力な積み技はLv50以降。,最低1つの命中90以上STABを維持し、自爆・テレポート・反動大技だけの直近4技を禁止。高レベル基礎種は中威力技を再挿入。,未収録・追加対象,B,最終統合ROMから現行表を抽出後、同名技の重複・ID衝突・取得時期を機械差分で確定する。
953,シガロコ,rellor,9,むし,シガロコ → ベラカス,基礎形,DPE-JP Learnsets.c＋ベガ既存表（既存種）,第9世代基準維持＋GBA互換監査,物理寄り,むしくい / ねばねばネット,安定したタイプ一致技をLv7～15、二段目をLv20～28に配置。進化前限定の補助技は思い出し対象に残す。,DPE表を土台に、進化前へ過剰な終盤技がある場合は後期へ移動。広範囲高火力サブウェポンはレベル技ではなくTM／教え技に限定。,とんぼがえり,むしくい,いとをはく,専用技がある系統は進化時／Lv1思い出しに固定。戦闘専用フォームは基礎形の習得表を共有。,通常。高威力技はLv45以降、強力な積み技はLv50以降。,最低1つの命中90以上STABを維持し、自爆・テレポート・反動大技だけの直近4技を禁止。高レベル基礎種は中威力技を再挿入。,未収録・追加対象,B-,最終統合ROMから現行表を抽出後、同名技の重複・ID衝突・取得時期を機械差分で確定する。
954,ベラカス,rabsca,9,むし／エスパー,シガロコ → ベラカス,進化先／最終形,DPE-JP Learnsets.c＋ベガ既存表（既存種）,第9世代基準維持＋GBA互換監査,耐久・補助,むしのさざめき / ねばねばネット / いとをはく / サイコキネシス,進化時に役割技を1つ提示。主力STABはLv36～50、反動・積み・専用大技はLv50～65またはLv1思い出し。,DPE表を土台に、進化前へ過剰な終盤技がある場合は後期へ移動。広範囲高火力サブウェポンはレベル技ではなくTM／教え技に限定。,とんぼがえり / サイコショック,むしくい / トリック,いとをはく / ひかりのかべ,専用技がある系統は進化時／Lv1思い出しに固定。戦闘専用フォームは基礎形の習得表を共有。,通常。高威力技はLv45以降、強力な積み技はLv50以降。,最低1つの命中90以上STABを維持し、自爆・テレポート・反動大技だけの直近4技を禁止。高レベル基礎種は中威力技を再挿入。,未収録・追加対象,B,最終統合ROMから現行表を抽出後、同名技の重複・ID衝突・取得時期を機械差分で確定する。
955,ヒラヒナ,flittle,9,エスパー,ヒラヒナ → クエスパトラ,基礎形,DPE-JP Learnsets.c＋ベガ既存表（既存種）,第9世代基準維持＋GBA互換監査,特殊寄り,ねんりき / めいそう,安定したタイプ一致技をLv7～15、二段目をLv20～28に配置。進化前限定の補助技は思い出し対象に残す。,DPE表を土台に、進化前へ過剰な終盤技がある場合は後期へ移動。広範囲高火力サブウェポンはレベル技ではなくTM／教え技に限定。,サイコショック,トリック,ひかりのかべ,専用技がある系統は進化時／Lv1思い出しに固定。戦闘専用フォームは基礎形の習得表を共有。,通常。高威力技はLv45以降、強力な積み技はLv50以降。,最低1つの命中90以上STABを維持し、自爆・テレポート・反動大技だけの直近4技を禁止。高レベル基礎種は中威力技を再挿入。,未収録・追加対象,B-,最終統合ROMから現行表を抽出後、同名技の重複・ID衝突・取得時期を機械差分で確定する。
956,クエスパトラ,espathra,9,エスパー,ヒラヒナ → クエスパトラ,進化先／最終形,DPE-JP Learnsets.c＋ベガ既存表（既存種）,第9世代基準維持＋GBA互換監査,特殊アタッカー,サイコショック / めいそう,進化時に役割技を1つ提示。主力STABはLv36～50、反動・積み・専用大技はLv50～65またはLv1思い出し。,DPE表を土台に、進化前へ過剰な終盤技がある場合は後期へ移動。広範囲高火力サブウェポンはレベル技ではなくTM／教え技に限定。,サイコショック,トリック,ひかりのかべ,専用技がある系統は進化時／Lv1思い出しに固定。戦闘専用フォームは基礎形の習得表を共有。,通常。高威力技はLv45以降、強力な積み技はLv50以降。,最低1つの命中90以上STABを維持し、自爆・テレポート・反動大技だけの直近4技を禁止。高レベル基礎種は中威力技を再挿入。,未収録・追加対象,B,最終統合ROMから現行表を抽出後、同名技の重複・ID衝突・取得時期を機械差分で確定する。
957,カヌチャン,tinkatink,9,フェアリー／はがね,カヌチャン → ナカヌチャン → デカヌチャン,基礎形,DPE-JP Learnsets.c＋ベガ既存表（既存種）,第9世代基準維持＋GBA互換監査,補助寄り両刀,ほしがる / ようせいのかぜ / メタルクロー / ミラーショット,安定したタイプ一致技をLv7～15、二段目をLv20～28に配置。進化前限定の補助技は思い出し対象に残す。,DPE表を土台に、進化前へ過剰な終盤技がある場合は後期へ移動。広範囲高火力サブウェポンはレベル技ではなくTM／教え技に限定。,マジカルシャイン / ラスターカノン,ミストバースト / アイアンヘッド,ミストフィールド / ボディプレス,専用技がある系統は進化時／Lv1思い出しに固定。戦闘専用フォームは基礎形の習得表を共有。,通常。高威力技はLv45以降、強力な積み技はLv50以降。,最低1つの命中90以上STABを維持し、自爆・テレポート・反動大技だけの直近4技を禁止。高レベル基礎種は中威力技を再挿入。,未収録・追加対象,B-,最終統合ROMから現行表を抽出後、同名技の重複・ID衝突・取得時期を機械差分で確定する。
958,ナカヌチャン,tinkatuff,9,フェアリー／はがね,カヌチャン → ナカヌチャン → デカヌチャン,中間進化,DPE-JP Learnsets.c＋ベガ既存表（既存種）,第9世代基準維持＋GBA互換監査,補助寄り両刀,じゃれつく / マジカルシャイン / アイアンヘッド / ラスターカノン,中威力STABをLv22～35、役割補助技を進化時またはLv30前後に配置。最終大技は先送り。,DPE表を土台に、進化前へ過剰な終盤技がある場合は後期へ移動。広範囲高火力サブウェポンはレベル技ではなくTM／教え技に限定。,マジカルシャイン / ラスターカノン,ミストバースト / アイアンヘッド,ミストフィールド / ボディプレス,専用技がある系統は進化時／Lv1思い出しに固定。戦闘専用フォームは基礎形の習得表を共有。,通常。高威力技はLv45以降、強力な積み技はLv50以降。,最低1つの命中90以上STABを維持し、自爆・テレポート・反動大技だけの直近4技を禁止。高レベル基礎種は中威力技を再挿入。,未収録・追加対象,B,最終統合ROMから現行表を抽出後、同名技の重複・ID衝突・取得時期を機械差分で確定する。
959,デカヌチャン,tinkaton,9,フェアリー／はがね,カヌチャン → ナカヌチャン → デカヌチャン,進化先／最終形,DPE-JP Learnsets.c＋ベガ既存表（既存種）,第9世代基準維持＋GBA互換監査,物理アタッカー,デカハンマー / じゃれつく / あまえる / ヘビーボンバー,進化時に役割技を1つ提示。主力STABはLv36～50、反動・積み・専用大技はLv50～65またはLv1思い出し。,DPE表を土台に、進化前へ過剰な終盤技がある場合は後期へ移動。広範囲高火力サブウェポンはレベル技ではなくTM／教え技に限定。,マジカルシャイン / ラスターカノン,ミストバースト / アイアンヘッド,ミストフィールド / ボディプレス,デカハンマーを進化時／Lv1思い出しに登録。通常のTM・汎用教え技にはしない。,通常。高威力技はLv45以降、強力な積み技はLv50以降。,最低1つの命中90以上STABを維持し、自爆・テレポート・反動大技だけの直近4技を禁止。高レベル基礎種は中威力技を再挿入。,未収録・追加対象,A,最終統合ROMから現行表を抽出後、同名技の重複・ID衝突・取得時期を機械差分で確定する。
960,ウミディグダ,wiglett,9,みず,ウミディグダ → ウミトリオ,基礎形,DPE-JP Learnsets.c＋ベガ既存表（既存種）,第9世代基準維持＋GBA互換監査,両刀・可変,アクアジェット / みずのはどう,安定したタイプ一致技をLv7～15、二段目をLv20～28に配置。進化前限定の補助技は思い出し対象に残す。,DPE表を土台に、進化前へ過剰な終盤技がある場合は後期へ移動。広範囲高火力サブウェポンはレベル技ではなくTM／教え技に限定。,アクアブレイク,クイックターン,アクアリング,専用技がある系統は進化時／Lv1思い出しに固定。戦闘専用フォームは基礎形の習得表を共有。,通常。高威力技はLv45以降、強力な積み技はLv50以降。,最低1つの命中90以上STABを維持し、自爆・テレポート・反動大技だけの直近4技を禁止。高レベル基礎種は中威力技を再挿入。,未収録・追加対象,B-,最終統合ROMから現行表を抽出後、同名技の重複・ID衝突・取得時期を機械差分で確定する。
961,ウミトリオ,wugtrio,9,みず,ウミディグダ → ウミトリオ,進化先／最終形,DPE-JP Learnsets.c＋ベガ既存表（既存種）,第9世代基準維持＋GBA互換監査,物理アタッカー,たきのぼり / あまごい,進化時に役割技を1つ提示。主力STABはLv36～50、反動・積み・専用大技はLv50～65またはLv1思い出し。,DPE表を土台に、進化前へ過剰な終盤技がある場合は後期へ移動。広範囲高火力サブウェポンはレベル技ではなくTM／教え技に限定。,アクアブレイク,クイックターン,アクアリング,専用技がある系統は進化時／Lv1思い出しに固定。戦闘専用フォームは基礎形の習得表を共有。,通常。高威力技はLv45以降、強力な積み技はLv50以降。,最低1つの命中90以上STABを維持し、自爆・テレポート・反動大技だけの直近4技を禁止。高レベル基礎種は中威力技を再挿入。,未収録・追加対象,B,最終統合ROMから現行表を抽出後、同名技の重複・ID衝突・取得時期を機械差分で確定する。
962,オトシドリ,bombirdier,9,ひこう／あく,オトシドリ,基礎形,DPE-JP Learnsets.c＋ベガ既存表（既存種）,第9世代基準維持＋GBA互換監査,物理アタッカー,つばさでうつ / おいかぜ / かみつく / ちょうはつ,安定したタイプ一致技をLv7～15、二段目をLv20～28に配置。進化前限定の補助技は思い出し対象に残す。,DPE表を土台に、進化前へ過剰な終盤技がある場合は後期へ移動。広範囲高火力サブウェポンはレベル技ではなくTM／教え技に限定。,アクロバット / バークアウト,おいかぜ / はたきおとす,はねやすめ / わるだくみ,専用技がある系統は進化時／Lv1思い出しに固定。戦闘専用フォームは基礎形の習得表を共有。,通常。高威力技はLv45以降、強力な積み技はLv50以降。,最低1つの命中90以上STABを維持し、自爆・テレポート・反動大技だけの直近4技を禁止。高レベル基礎種は中威力技を再挿入。,未収録・追加対象,B-,最終統合ROMから現行表を抽出後、同名技の重複・ID衝突・取得時期を機械差分で確定する。
963,ナミイルカ,finizen,9,みず,ナミイルカ → イルカマン,基礎形,DPE-JP Learnsets.c＋ベガ既存表（既存種）,第9世代基準維持＋GBA互換監査,両刀・可変,アクアジェット / みずのはどう,安定したタイプ一致技をLv7～15、二段目をLv20～28に配置。進化前限定の補助技は思い出し対象に残す。,DPE表を土台に、進化前へ過剰な終盤技がある場合は後期へ移動。広範囲高火力サブウェポンはレベル技ではなくTM／教え技に限定。,アクアブレイク,クイックターン,アクアリング,専用技がある系統は進化時／Lv1思い出しに固定。戦闘専用フォームは基礎形の習得表を共有。,通常。高威力技はLv45以降、強力な積み技はLv50以降。,最低1つの命中90以上STABを維持し、自爆・テレポート・反動大技だけの直近4技を禁止。高レベル基礎種は中威力技を再挿入。,未収録・追加対象,B-,最終統合ROMから現行表を抽出後、同名技の重複・ID衝突・取得時期を機械差分で確定する。
964,イルカマン,palafin,9,みず,ナミイルカ → イルカマン,進化先／最終形,DPE-JP Learnsets.c＋ベガ既存表（既存種）,第9世代基準維持＋GBA互換監査,両刀・可変,ジェットパンチ / アクアブレイク / なみのり / あまごい,進化時に役割技を1つ提示。主力STABはLv36～50、反動・積み・専用大技はLv50～65またはLv1思い出し。,DPE表を土台に、進化前へ過剰な終盤技がある場合は後期へ移動。広範囲高火力サブウェポンはレベル技ではなくTM／教え技に限定。,アクアブレイク,クイックターン,アクアリング,ジェットパンチを進化時／Lv1思い出しに登録。通常のTM・汎用教え技にはしない。,通常。高威力技はLv45以降、強力な積み技はLv50以降。,最低1つの命中90以上STABを維持し、自爆・テレポート・反動大技だけの直近4技を禁止。高レベル基礎種は中威力技を再挿入。,未収録・追加対象,A,最終統合ROMから現行表を抽出後、同名技の重複・ID衝突・取得時期を機械差分で確定する。
965,ブロロン,varoom,9,はがね／どく,ブロロン → ブロロローム,基礎形,DPE-JP Learnsets.c＋ベガ既存表（既存種）,第9世代基準維持＋GBA互換監査,物理寄り,メタルクロー / てっぺき / どくばり / どくどく,安定したタイプ一致技をLv7～15、二段目をLv20～28に配置。進化前限定の補助技は思い出し対象に残す。,DPE表を土台に、進化前へ過剰な終盤技がある場合は後期へ移動。広範囲高火力サブウェポンはレベル技ではなくTM／教え技に限定。,ラスターカノン / ベノムショック,アイアンヘッド / ダストシュート,ボディプレス / どくびし,専用技がある系統は進化時／Lv1思い出しに固定。戦闘専用フォームは基礎形の習得表を共有。,通常。高威力技はLv45以降、強力な積み技はLv50以降。,最低1つの命中90以上STABを維持し、自爆・テレポート・反動大技だけの直近4技を禁止。高レベル基礎種は中威力技を再挿入。,未収録・追加対象,B-,最終統合ROMから現行表を抽出後、同名技の重複・ID衝突・取得時期を機械差分で確定する。
966,ブロロローム,revavroom,9,はがね／どく,ブロロン → ブロロローム,進化先／最終形,DPE-JP Learnsets.c＋ベガ既存表（既存種）,第9世代基準維持＋GBA互換監査,物理アタッカー,ギアチェンジ / ヘビーボンバー / てっぺき / ダストシュート,進化時に役割技を1つ提示。主力STABはLv36～50、反動・積み・専用大技はLv50～65またはLv1思い出し。,DPE表を土台に、進化前へ過剰な終盤技がある場合は後期へ移動。広範囲高火力サブウェポンはレベル技ではなくTM／教え技に限定。,ラスターカノン / ベノムショック,アイアンヘッド / ダストシュート,ボディプレス / どくびし,ギアチェンジを進化時／Lv1思い出しに登録。通常のTM・汎用教え技にはしない。,通常。高威力技はLv45以降、強力な積み技はLv50以降。,最低1つの命中90以上STABを維持し、自爆・テレポート・反動大技だけの直近4技を禁止。高レベル基礎種は中威力技を再挿入。,未収録・追加対象,A,最終統合ROMから現行表を抽出後、同名技の重複・ID衝突・取得時期を機械差分で確定する。
967,モトトカゲ,cyclizar,9,ドラゴン／ノーマル,モトトカゲ,基礎形,DPE-JP Learnsets.c＋ベガ既存表（既存種）,第9世代基準維持＋GBA互換監査,物理アタッカー,ドラゴンテール / りゅうのまい / ずつき / アンコール,安定したタイプ一致技をLv7～15、二段目をLv20～28に配置。進化前限定の補助技は思い出し対象に残す。,DPE表を土台に、進化前へ過剰な終盤技がある場合は後期へ移動。広範囲高火力サブウェポンはレベル技ではなくTM／教え技に限定。,ワイドブレイカー / まもる,りゅうせいぐん / てだすけ,こわいかお / あくび,専用技がある系統は進化時／Lv1思い出しに固定。戦闘専用フォームは基礎形の習得表を共有。,最終進化Lv50以上。600族はLv55以上,最低1つの命中90以上STABを維持し、自爆・テレポート・反動大技だけの直近4技を禁止。高レベル基礎種は中威力技を再挿入。,未収録・追加対象,B-,最終統合ROMから現行表を抽出後、同名技の重複・ID衝突・取得時期を機械差分で確定する。
968,ミミズズ,orthworm,9,はがね,ミミズズ,基礎形,DPE-JP Learnsets.c＋ベガ既存表（既存種）,第9世代基準維持＋GBA互換監査,物理アタッカー,メタルクロー / てっぺき,安定したタイプ一致技をLv7～15、二段目をLv20～28に配置。進化前限定の補助技は思い出し対象に残す。,DPE表を土台に、進化前へ過剰な終盤技がある場合は後期へ移動。広範囲高火力サブウェポンはレベル技ではなくTM／教え技に限定。,ラスターカノン,アイアンヘッド,ボディプレス,専用技がある系統は進化時／Lv1思い出しに固定。戦闘専用フォームは基礎形の習得表を共有。,通常。高威力技はLv45以降、強力な積み技はLv50以降。,最低1つの命中90以上STABを維持し、自爆・テレポート・反動大技だけの直近4技を禁止。高レベル基礎種は中威力技を再挿入。,未収録・追加対象,B-,最終統合ROMから現行表を抽出後、同名技の重複・ID衝突・取得時期を機械差分で確定する。
969,キラーメ,glimmet,9,いわ／どく,キラーメ → キラフロル,基礎形,DPE-JP Learnsets.c＋ベガ既存表（既存種）,第9世代基準維持＋GBA互換監査,物理寄り,いわおとし / ステルスロック / どくばり / どくどく,安定したタイプ一致技をLv7～15、二段目をLv20～28に配置。進化前限定の補助技は思い出し対象に残す。,DPE表を土台に、進化前へ過剰な終盤技がある場合は後期へ移動。広範囲高火力サブウェポンはレベル技ではなくTM／教え技に限定。,ステルスロック / ベノムショック,メテオビーム / ダストシュート,すなあらし / どくびし,専用技がある系統は進化時／Lv1思い出しに固定。戦闘専用フォームは基礎形の習得表を共有。,通常。高威力技はLv45以降、強力な積み技はLv50以降。,最低1つの命中90以上STABを維持し、自爆・テレポート・反動大技だけの直近4技を禁止。高レベル基礎種は中威力技を再挿入。,未収録・追加対象,B-,最終統合ROMから現行表を抽出後、同名技の重複・ID衝突・取得時期を機械差分で確定する。
970,キラフロル,glimmora,9,いわ／どく,キラーメ → キラフロル,進化先／最終形,DPE-JP Learnsets.c＋ベガ既存表（既存種）,第9世代基準維持＋GBA互換監査,特殊アタッカー,キラースピン / メテオビーム / ステルスロック / ヘドロウェーブ,進化時に役割技を1つ提示。主力STABはLv36～50、反動・積み・専用大技はLv50～65またはLv1思い出し。,DPE表を土台に、進化前へ過剰な終盤技がある場合は後期へ移動。広範囲高火力サブウェポンはレベル技ではなくTM／教え技に限定。,ステルスロック / ベノムショック,メテオビーム / ダストシュート,すなあらし / どくびし,キラースピンを進化時／Lv1思い出しに登録。通常のTM・汎用教え技にはしない。,殿堂入り後教え技。パワフルハーブとの組合せを施設で検証,最低1つの命中90以上STABを維持し、自爆・テレポート・反動大技だけの直近4技を禁止。高レベル基礎種は中威力技を再挿入。,未収録・追加対象,A,最終統合ROMから現行表を抽出後、同名技の重複・ID衝突・取得時期を機械差分で確定する。
971,ボチ,greavard,9,ゴースト,ボチ → ハカドッグ,基礎形,DPE-JP Learnsets.c＋ベガ既存表（既存種）,第9世代基準維持＋GBA互換監査,特殊寄り,おどろかす / おにび,安定したタイプ一致技をLv7～15、二段目をLv20～28に配置。進化前限定の補助技は思い出し対象に残す。,DPE表を土台に、進化前へ過剰な終盤技がある場合は後期へ移動。広範囲高火力サブウェポンはレベル技ではなくTM／教え技に限定。,シャドークロー,ポルターガイスト,みちづれ,専用技がある系統は進化時／Lv1思い出しに固定。戦闘専用フォームは基礎形の習得表を共有。,通常。高威力技はLv45以降、強力な積み技はLv50以降。,最低1つの命中90以上STABを維持し、自爆・テレポート・反動大技だけの直近4技を禁止。高レベル基礎種は中威力技を再挿入。,未収録・追加対象,B-,最終統合ROMから現行表を抽出後、同名技の重複・ID衝突・取得時期を機械差分で確定する。
972,ハカドッグ,houndstone,9,ゴースト,ボチ → ハカドッグ,進化先／最終形,DPE-JP Learnsets.c＋ベガ既存表（既存種）,第9世代基準維持＋GBA互換監査,物理アタッカー,おはかまいり / ポルターガイスト / おにび,進化時に役割技を1つ提示。主力STABはLv36～50、反動・積み・専用大技はLv50～65またはLv1思い出し。,DPE表を土台に、進化前へ過剰な終盤技がある場合は後期へ移動。広範囲高火力サブウェポンはレベル技ではなくTM／教え技に限定。,シャドークロー,ポルターガイスト,みちづれ,おはかまいりを進化時／Lv1思い出しに登録。通常のTM・汎用教え技にはしない。,ハカドッグLv50以上。施設では最大威力上限を検証,最低1つの命中90以上STABを維持し、自爆・テレポート・反動大技だけの直近4技を禁止。高レベル基礎種は中威力技を再挿入。,未収録・追加対象,A,最終統合ROMから現行表を抽出後、同名技の重複・ID衝突・取得時期を機械差分で確定する。
973,カラミンゴ,flamigo,9,ひこう／かくとう,カラミンゴ,基礎形,DPE-JP Learnsets.c＋ベガ既存表（既存種）,第9世代基準維持＋GBA互換監査,物理アタッカー,つばさでうつ / おいかぜ / いわくだき / ビルドアップ,安定したタイプ一致技をLv7～15、二段目をLv20～28に配置。進化前限定の補助技は思い出し対象に残す。,DPE表を土台に、進化前へ過剰な終盤技がある場合は後期へ移動。広範囲高火力サブウェポンはレベル技ではなくTM／教え技に限定。,アクロバット / ドレインパンチ,おいかぜ / コーチング,はねやすめ / みきり,専用技がある系統は進化時／Lv1思い出しに固定。戦闘専用フォームは基礎形の習得表を共有。,通常。高威力技はLv45以降、強力な積み技はLv50以降。,最低1つの命中90以上STABを維持し、自爆・テレポート・反動大技だけの直近4技を禁止。高レベル基礎種は中威力技を再挿入。,未収録・追加対象,B-,最終統合ROMから現行表を抽出後、同名技の重複・ID衝突・取得時期を機械差分で確定する。
974,アルクジラ,cetoddle,9,こおり,アルクジラ → ハルクジラ,基礎形,DPE-JP Learnsets.c＋ベガ既存表（既存種）,第9世代基準維持＋GBA互換監査,特殊寄り,こごえるかぜ / ゆきげしき,安定したタイプ一致技をLv7～15、二段目をLv20～28に配置。進化前限定の補助技は思い出し対象に残す。,DPE表を土台に、進化前へ過剰な終盤技がある場合は後期へ移動。広範囲高火力サブウェポンはレベル技ではなくTM／教え技に限定。,アイススピナー,トリプルアクセル,オーロラベール,専用技がある系統は進化時／Lv1思い出しに固定。戦闘専用フォームは基礎形の習得表を共有。,通常。高威力技はLv45以降、強力な積み技はLv50以降。,最低1つの命中90以上STABを維持し、自爆・テレポート・反動大技だけの直近4技を禁止。高レベル基礎種は中威力技を再挿入。,未収録・追加対象,B-,最終統合ROMから現行表を抽出後、同名技の重複・ID衝突・取得時期を機械差分で確定する。
975,ハルクジラ,cetitan,9,こおり,アルクジラ → ハルクジラ,進化先／最終形,DPE-JP Learnsets.c＋ベガ既存表（既存種）,第9世代基準維持＋GBA互換監査,物理アタッカー,つららおとし / ゆきげしき,進化時に役割技を1つ提示。主力STABはLv36～50、反動・積み・専用大技はLv50～65またはLv1思い出し。,DPE表を土台に、進化前へ過剰な終盤技がある場合は後期へ移動。広範囲高火力サブウェポンはレベル技ではなくTM／教え技に限定。,アイススピナー,トリプルアクセル,オーロラベール,専用技がある系統は進化時／Lv1思い出しに固定。戦闘専用フォームは基礎形の習得表を共有。,通常。高威力技はLv45以降、強力な積み技はLv50以降。,最低1つの命中90以上STABを維持し、自爆・テレポート・反動大技だけの直近4技を禁止。高レベル基礎種は中威力技を再挿入。,未収録・追加対象,B,最終統合ROMから現行表を抽出後、同名技の重複・ID衝突・取得時期を機械差分で確定する。
976,ミガルーサ,veluza,9,みず／エスパー,ミガルーサ,基礎形,DPE-JP Learnsets.c＋ベガ既存表（既存種）,第9世代基準維持＋GBA互換監査,物理アタッカー,アクアジェット / あまごい / サイコカッター / めいそう,安定したタイプ一致技をLv7～15、二段目をLv20～28に配置。進化前限定の補助技は思い出し対象に残す。,DPE表を土台に、進化前へ過剰な終盤技がある場合は後期へ移動。広範囲高火力サブウェポンはレベル技ではなくTM／教え技に限定。,アクアブレイク / サイコショック,クイックターン / トリック,アクアリング / ひかりのかべ,専用技がある系統は進化時／Lv1思い出しに固定。戦闘専用フォームは基礎形の習得表を共有。,通常。高威力技はLv45以降、強力な積み技はLv50以降。,最低1つの命中90以上STABを維持し、自爆・テレポート・反動大技だけの直近4技を禁止。高レベル基礎種は中威力技を再挿入。,未収録・追加対象,B-,最終統合ROMから現行表を抽出後、同名技の重複・ID衝突・取得時期を機械差分で確定する。
977,ヘイラッシャ,dondozo,9,みず,ヘイラッシャ,基礎形,DPE-JP Learnsets.c＋ベガ既存表（既存種）,第9世代基準維持＋GBA互換監査,物理アタッカー,アクアジェット / あまごい,安定したタイプ一致技をLv7～15、二段目をLv20～28に配置。進化前限定の補助技は思い出し対象に残す。,DPE表を土台に、進化前へ過剰な終盤技がある場合は後期へ移動。広範囲高火力サブウェポンはレベル技ではなくTM／教え技に限定。,アクアブレイク,クイックターン,アクアリング,専用技がある系統は進化時／Lv1思い出しに固定。戦闘専用フォームは基礎形の習得表を共有。,通常。高威力技はLv45以降、強力な積み技はLv50以降。,最低1つの命中90以上STABを維持し、自爆・テレポート・反動大技だけの直近4技を禁止。高レベル基礎種は中威力技を再挿入。,未収録・追加対象,B-,最終統合ROMから現行表を抽出後、同名技の重複・ID衝突・取得時期を機械差分で確定する。
978,シャリタツ,tatsugiri,9,ドラゴン／みず,シャリタツ,基礎形,DPE-JP Learnsets.c＋ベガ既存表（既存種）,第9世代基準維持＋GBA互換監査,特殊アタッカー,りゅうのいぶき / りゅうのまい / みずのはどう / あまごい,安定したタイプ一致技をLv7～15、二段目をLv20～28に配置。進化前限定の補助技は思い出し対象に残す。,DPE表を土台に、進化前へ過剰な終盤技がある場合は後期へ移動。広範囲高火力サブウェポンはレベル技ではなくTM／教え技に限定。,ワイドブレイカー / アクアブレイク,りゅうせいぐん / クイックターン,こわいかお / アクアリング,専用技がある系統は進化時／Lv1思い出しに固定。戦闘専用フォームは基礎形の習得表を共有。,最終進化Lv50以上。600族はLv55以上,最低1つの命中90以上STABを維持し、自爆・テレポート・反動大技だけの直近4技を禁止。高レベル基礎種は中威力技を再挿入。,未収録・追加対象,B-,最終統合ROMから現行表を抽出後、同名技の重複・ID衝突・取得時期を機械差分で確定する。
979,コノヨザル,annihilape,9,かくとう／ゴースト,マンキー → オコリザル → コノヨザル,進化先／最終形,DPE-JP Learnsets.c＋ベガ既存表（既存種）,第9世代基準維持＋GBA互換監査,物理アタッカー,ふんどのこぶし / インファイト / ビルドアップ / ポルターガイスト,進化時に役割技を1つ提示。主力STABはLv36～50、反動・積み・専用大技はLv50～65またはLv1思い出し。,DPE表を土台に、進化前へ過剰な終盤技がある場合は後期へ移動。広範囲高火力サブウェポンはレベル技ではなくTM／教え技に限定。,ドレインパンチ / シャドークロー,コーチング / ポルターガイスト,みきり / みちづれ,ふんどのこぶしを進化時／Lv1思い出しに登録。通常のTM・汎用教え技にはしない。,コノヨザル進化条件と連動し、オコリザルLv35前後。威力蓄積はCFRU現代仕様,最低1つの命中90以上STABを維持し、自爆・テレポート・反動大技だけの直近4技を禁止。高レベル基礎種は中威力技を再挿入。,未収録・追加対象,A,最終統合ROMから現行表を抽出後、同名技の重複・ID衝突・取得時期を機械差分で確定する。
980,ドオー,clodsire,9,どく／じめん,ウパー → ヌオー → ドオー,進化先／最終形,DPE-JP Learnsets.c＋ベガ既存表（既存種）,第9世代基準維持＋GBA互換監査,物理アタッカー,ダストシュート / どくどく / じしん / すなあらし,進化時に役割技を1つ提示。主力STABはLv36～50、反動・積み・専用大技はLv50～65またはLv1思い出し。,DPE表を土台に、進化前へ過剰な終盤技がある場合は後期へ移動。広範囲高火力サブウェポンはレベル技ではなくTM／教え技に限定。,ベノムショック / じならし,ダストシュート / ねっさのだいち,どくびし / まきびし,専用技がある系統は進化時／Lv1思い出しに固定。戦闘専用フォームは基礎形の習得表を共有。,通常。高威力技はLv45以降、強力な積み技はLv50以降。,最低1つの命中90以上STABを維持し、自爆・テレポート・反動大技だけの直近4技を禁止。高レベル基礎種は中威力技を再挿入。,未収録・追加対象,B,最終統合ROMから現行表を抽出後、同名技の重複・ID衝突・取得時期を機械差分で確定する。
981,リキキリン,farigiraf,9,ノーマル／エスパー,キリンリキ → リキキリン,進化先／最終形,DPE-JP Learnsets.c＋ベガ既存表（既存種）,第9世代基準維持＋GBA互換監査,耐久・補助,ツインビーム / ハイパーボイス / アンコール / あくび,進化時に役割技を1つ提示。主力STABはLv36～50、反動・積み・専用大技はLv50～65またはLv1思い出し。,DPE表を土台に、進化前へ過剰な終盤技がある場合は後期へ移動。広範囲高火力サブウェポンはレベル技ではなくTM／教え技に限定。,まもる / サイコショック,てだすけ / トリック,あくび / ひかりのかべ,ツインビームを進化時／Lv1思い出しに登録。通常のTM・汎用教え技にはしない。,通常。高威力技はLv45以降、強力な積み技はLv50以降。,最低1つの命中90以上STABを維持し、自爆・テレポート・反動大技だけの直近4技を禁止。高レベル基礎種は中威力技を再挿入。,未収録・追加対象,A,最終統合ROMから現行表を抽出後、同名技の重複・ID衝突・取得時期を機械差分で確定する。
982,ノココッチ,dudunsparce,9,ノーマル,ノコッチ → ノココッチ,進化先／最終形,DPE-JP Learnsets.c＋ベガ既存表（既存種）,第9世代基準維持＋GBA互換監査,物理アタッカー,ハイパードリル / すてみタックル / アンコール,進化時に役割技を1つ提示。主力STABはLv36～50、反動・積み・専用大技はLv50～65またはLv1思い出し。,DPE表を土台に、進化前へ過剰な終盤技がある場合は後期へ移動。広範囲高火力サブウェポンはレベル技ではなくTM／教え技に限定。,まもる,てだすけ,あくび,ハイパードリルを進化時／Lv1思い出しに登録。通常のTM・汎用教え技にはしない。,通常。高威力技はLv45以降、強力な積み技はLv50以降。,最低1つの命中90以上STABを維持し、自爆・テレポート・反動大技だけの直近4技を禁止。高レベル基礎種は中威力技を再挿入。,未収録・追加対象,A,最終統合ROMから現行表を抽出後、同名技の重複・ID衝突・取得時期を機械差分で確定する。
983,ドドゲザン,kingambit,9,あく／はがね,コマタナ → キリキザン → ドドゲザン,進化先／最終形,DPE-JP Learnsets.c＋ベガ既存表（既存種）,第9世代基準維持＋GBA互換監査,物理アタッカー,ドゲザン / はたきおとす / ちょうはつ / ヘビーボンバー,進化時に役割技を1つ提示。主力STABはLv36～50、反動・積み・専用大技はLv50～65またはLv1思い出し。,DPE表を土台に、進化前へ過剰な終盤技がある場合は後期へ移動。広範囲高火力サブウェポンはレベル技ではなくTM／教え技に限定。,バークアウト / ラスターカノン,はたきおとす / アイアンヘッド,わるだくみ / ボディプレス,ドゲザンを進化時／Lv1思い出しに登録。通常のTM・汎用教え技にはしない。,通常。高威力技はLv45以降、強力な積み技はLv50以降。,最低1つの命中90以上STABを維持し、自爆・テレポート・反動大技だけの直近4技を禁止。高レベル基礎種は中威力技を再挿入。,未収録・追加対象,A,最終統合ROMから現行表を抽出後、同名技の重複・ID衝突・取得時期を機械差分で確定する。
984,イダイナキバ,great-tusk,9,じめん／かくとう,イダイナキバ,基礎形,DPE-JP Learnsets.c＋ベガ既存表（既存種）,第9世代基準維持＋GBA互換監査,物理アタッカー,どろかけ / すなあらし / いわくだき / ビルドアップ,安定したタイプ一致技をLv7～15、二段目をLv20～28に配置。進化前限定の補助技は思い出し対象に残す。,DPE表を土台に、進化前へ過剰な終盤技がある場合は後期へ移動。広範囲高火力サブウェポンはレベル技ではなくTM／教え技に限定。,じならし / ドレインパンチ,ねっさのだいち / コーチング,まきびし / みきり,専用技がある系統は進化時／Lv1思い出しに固定。戦闘専用フォームは基礎形の習得表を共有。,通常。高威力技はLv45以降、強力な積み技はLv50以降。,最低1つの命中90以上STABを維持し、自爆・テレポート・反動大技だけの直近4技を禁止。高レベル基礎種は中威力技を再挿入。,未収録・追加対象,B-,最終統合ROMから現行表を抽出後、同名技の重複・ID衝突・取得時期を機械差分で確定する。
985,サケブシッポ,scream-tail,9,フェアリー／エスパー,サケブシッポ,基礎形,DPE-JP Learnsets.c＋ベガ既存表（既存種）,第9世代基準維持＋GBA互換監査,特殊アタッカー,ようせいのかぜ / あまえる / ねんりき / めいそう,安定したタイプ一致技をLv7～15、二段目をLv20～28に配置。進化前限定の補助技は思い出し対象に残す。,DPE表を土台に、進化前へ過剰な終盤技がある場合は後期へ移動。広範囲高火力サブウェポンはレベル技ではなくTM／教え技に限定。,マジカルシャイン / サイコショック,ミストバースト / トリック,ミストフィールド / ひかりのかべ,専用技がある系統は進化時／Lv1思い出しに固定。戦闘専用フォームは基礎形の習得表を共有。,通常。高威力技はLv45以降、強力な積み技はLv50以降。,最低1つの命中90以上STABを維持し、自爆・テレポート・反動大技だけの直近4技を禁止。高レベル基礎種は中威力技を再挿入。,未収録・追加対象,B-,最終統合ROMから現行表を抽出後、同名技の重複・ID衝突・取得時期を機械差分で確定する。
986,アラブルタケ,brute-bonnet,9,くさ／あく,アラブルタケ,基礎形,DPE-JP Learnsets.c＋ベガ既存表（既存種）,第9世代基準維持＋GBA互換監査,特殊アタッカー,メガドレイン / やどりぎのタネ / バークアウト / ちょうはつ,安定したタイプ一致技をLv7～15、二段目をLv20～28に配置。進化前限定の補助技は思い出し対象に残す。,DPE表を土台に、進化前へ過剰な終盤技がある場合は後期へ移動。広範囲高火力サブウェポンはレベル技ではなくTM／教え技に限定。,くさむすび / バークアウト,グラススライダー / はたきおとす,こうごうせい / わるだくみ,専用技がある系統は進化時／Lv1思い出しに固定。戦闘専用フォームは基礎形の習得表を共有。,通常。高威力技はLv45以降、強力な積み技はLv50以降。,最低1つの命中90以上STABを維持し、自爆・テレポート・反動大技だけの直近4技を禁止。高レベル基礎種は中威力技を再挿入。,未収録・追加対象,B-,最終統合ROMから現行表を抽出後、同名技の重複・ID衝突・取得時期を機械差分で確定する。
987,ハバタクカミ,flutter-mane,9,ゴースト／フェアリー,ハバタクカミ,基礎形,DPE-JP Learnsets.c＋ベガ既存表（既存種）,第9世代基準維持＋GBA互換監査,特殊アタッカー,おどろかす / おにび / ようせいのかぜ / あまえる,安定したタイプ一致技をLv7～15、二段目をLv20～28に配置。進化前限定の補助技は思い出し対象に残す。,DPE表を土台に、進化前へ過剰な終盤技がある場合は後期へ移動。広範囲高火力サブウェポンはレベル技ではなくTM／教え技に限定。,シャドークロー / マジカルシャイン,ポルターガイスト / ミストバースト,みちづれ / ミストフィールド,専用技がある系統は進化時／Lv1思い出しに固定。戦闘専用フォームは基礎形の習得表を共有。,通常。高威力技はLv45以降、強力な積み技はLv50以降。,最低1つの命中90以上STABを維持し、自爆・テレポート・反動大技だけの直近4技を禁止。高レベル基礎種は中威力技を再挿入。,未収録・追加対象,B-,最終統合ROMから現行表を抽出後、同名技の重複・ID衝突・取得時期を機械差分で確定する。
988,チヲハウハネ,slither-wing,9,むし／かくとう,チヲハウハネ,基礎形,DPE-JP Learnsets.c＋ベガ既存表（既存種）,第9世代基準維持＋GBA互換監査,物理アタッカー,むしくい / ねばねばネット / いわくだき / ビルドアップ,安定したタイプ一致技をLv7～15、二段目をLv20～28に配置。進化前限定の補助技は思い出し対象に残す。,DPE表を土台に、進化前へ過剰な終盤技がある場合は後期へ移動。広範囲高火力サブウェポンはレベル技ではなくTM／教え技に限定。,とんぼがえり / ドレインパンチ,むしくい / コーチング,いとをはく / みきり,専用技がある系統は進化時／Lv1思い出しに固定。戦闘専用フォームは基礎形の習得表を共有。,通常。高威力技はLv45以降、強力な積み技はLv50以降。,最低1つの命中90以上STABを維持し、自爆・テレポート・反動大技だけの直近4技を禁止。高レベル基礎種は中威力技を再挿入。,未収録・追加対象,B-,最終統合ROMから現行表を抽出後、同名技の重複・ID衝突・取得時期を機械差分で確定する。
989,スナノケガワ,sandy-shocks,9,でんき／じめん,スナノケガワ,基礎形,DPE-JP Learnsets.c＋ベガ既存表（既存種）,第9世代基準維持＋GBA互換監査,特殊アタッカー,でんきショック / でんじは / マッドショット / すなあらし,安定したタイプ一致技をLv7～15、二段目をLv20～28に配置。進化前限定の補助技は思い出し対象に残す。,DPE表を土台に、進化前へ過剰な終盤技がある場合は後期へ移動。広範囲高火力サブウェポンはレベル技ではなくTM／教え技に限定。,ボルトチェンジ / じならし,エレキネット / ねっさのだいち,じゅうでん / まきびし,専用技がある系統は進化時／Lv1思い出しに固定。戦闘専用フォームは基礎形の習得表を共有。,通常。高威力技はLv45以降、強力な積み技はLv50以降。,最低1つの命中90以上STABを維持し、自爆・テレポート・反動大技だけの直近4技を禁止。高レベル基礎種は中威力技を再挿入。,未収録・追加対象,B-,最終統合ROMから現行表を抽出後、同名技の重複・ID衝突・取得時期を機械差分で確定する。
990,テツノワダチ,iron-treads,9,じめん／はがね,テツノワダチ,基礎形,DPE-JP Learnsets.c＋ベガ既存表（既存種）,第9世代基準維持＋GBA互換監査,物理アタッカー,どろかけ / すなあらし / メタルクロー / てっぺき,安定したタイプ一致技をLv7～15、二段目をLv20～28に配置。進化前限定の補助技は思い出し対象に残す。,DPE表を土台に、進化前へ過剰な終盤技がある場合は後期へ移動。広範囲高火力サブウェポンはレベル技ではなくTM／教え技に限定。,じならし / ラスターカノン,ねっさのだいち / アイアンヘッド,まきびし / ボディプレス,専用技がある系統は進化時／Lv1思い出しに固定。戦闘専用フォームは基礎形の習得表を共有。,通常。高威力技はLv45以降、強力な積み技はLv50以降。,最低1つの命中90以上STABを維持し、自爆・テレポート・反動大技だけの直近4技を禁止。高レベル基礎種は中威力技を再挿入。,未収録・追加対象,B-,最終統合ROMから現行表を抽出後、同名技の重複・ID衝突・取得時期を機械差分で確定する。
991,テツノツツミ,iron-bundle,9,こおり／みず,テツノツツミ,基礎形,DPE-JP Learnsets.c＋ベガ既存表（既存種）,第9世代基準維持＋GBA互換監査,特殊アタッカー,こごえるかぜ / ゆきげしき / みずのはどう / あまごい,安定したタイプ一致技をLv7～15、二段目をLv20～28に配置。進化前限定の補助技は思い出し対象に残す。,DPE表を土台に、進化前へ過剰な終盤技がある場合は後期へ移動。広範囲高火力サブウェポンはレベル技ではなくTM／教え技に限定。,アイススピナー / アクアブレイク,トリプルアクセル / クイックターン,オーロラベール / アクアリング,専用技がある系統は進化時／Lv1思い出しに固定。戦闘専用フォームは基礎形の習得表を共有。,通常。高威力技はLv45以降、強力な積み技はLv50以降。,最低1つの命中90以上STABを維持し、自爆・テレポート・反動大技だけの直近4技を禁止。高レベル基礎種は中威力技を再挿入。,未収録・追加対象,B-,最終統合ROMから現行表を抽出後、同名技の重複・ID衝突・取得時期を機械差分で確定する。
992,テツノカイナ,iron-hands,9,かくとう／でんき,テツノカイナ,基礎形,DPE-JP Learnsets.c＋ベガ既存表（既存種）,第9世代基準維持＋GBA互換監査,物理アタッカー,いわくだき / ビルドアップ / スパーク / でんじは,安定したタイプ一致技をLv7～15、二段目をLv20～28に配置。進化前限定の補助技は思い出し対象に残す。,DPE表を土台に、進化前へ過剰な終盤技がある場合は後期へ移動。広範囲高火力サブウェポンはレベル技ではなくTM／教え技に限定。,ドレインパンチ / ボルトチェンジ,コーチング / エレキネット,みきり / じゅうでん,専用技がある系統は進化時／Lv1思い出しに固定。戦闘専用フォームは基礎形の習得表を共有。,通常。高威力技はLv45以降、強力な積み技はLv50以降。,最低1つの命中90以上STABを維持し、自爆・テレポート・反動大技だけの直近4技を禁止。高レベル基礎種は中威力技を再挿入。,未収録・追加対象,B-,最終統合ROMから現行表を抽出後、同名技の重複・ID衝突・取得時期を機械差分で確定する。
993,テツノコウベ,iron-jugulis,9,あく／ひこう,テツノコウベ,基礎形,DPE-JP Learnsets.c＋ベガ既存表（既存種）,第9世代基準維持＋GBA互換監査,物理アタッカー,かみつく / ちょうはつ / つばさでうつ / おいかぜ,安定したタイプ一致技をLv7～15、二段目をLv20～28に配置。進化前限定の補助技は思い出し対象に残す。,DPE表を土台に、進化前へ過剰な終盤技がある場合は後期へ移動。広範囲高火力サブウェポンはレベル技ではなくTM／教え技に限定。,バークアウト / アクロバット,はたきおとす / おいかぜ,わるだくみ / はねやすめ,専用技がある系統は進化時／Lv1思い出しに固定。戦闘専用フォームは基礎形の習得表を共有。,通常。高威力技はLv45以降、強力な積み技はLv50以降。,最低1つの命中90以上STABを維持し、自爆・テレポート・反動大技だけの直近4技を禁止。高レベル基礎種は中威力技を再挿入。,未収録・追加対象,B-,最終統合ROMから現行表を抽出後、同名技の重複・ID衝突・取得時期を機械差分で確定する。
994,テツノドクガ,iron-moth,9,ほのお／どく,テツノドクガ,基礎形,DPE-JP Learnsets.c＋ベガ既存表（既存種）,第9世代基準維持＋GBA互換監査,特殊アタッカー,ひのこ / おにび / アシッドボム / どくどく,安定したタイプ一致技をLv7～15、二段目をLv20～28に配置。進化前限定の補助技は思い出し対象に残す。,DPE表を土台に、進化前へ過剰な終盤技がある場合は後期へ移動。広範囲高火力サブウェポンはレベル技ではなくTM／教え技に限定。,かえんほうしゃ / ベノムショック,ねっぷう / ダストシュート,にほんばれ / どくびし,専用技がある系統は進化時／Lv1思い出しに固定。戦闘専用フォームは基礎形の習得表を共有。,通常。高威力技はLv45以降、強力な積み技はLv50以降。,最低1つの命中90以上STABを維持し、自爆・テレポート・反動大技だけの直近4技を禁止。高レベル基礎種は中威力技を再挿入。,未収録・追加対象,B-,最終統合ROMから現行表を抽出後、同名技の重複・ID衝突・取得時期を機械差分で確定する。
995,テツノイバラ,iron-thorns,9,いわ／でんき,テツノイバラ,基礎形,DPE-JP Learnsets.c＋ベガ既存表（既存種）,第9世代基準維持＋GBA互換監査,物理アタッカー,いわおとし / ステルスロック / スパーク / でんじは,安定したタイプ一致技をLv7～15、二段目をLv20～28に配置。進化前限定の補助技は思い出し対象に残す。,DPE表を土台に、進化前へ過剰な終盤技がある場合は後期へ移動。広範囲高火力サブウェポンはレベル技ではなくTM／教え技に限定。,ステルスロック / ボルトチェンジ,メテオビーム / エレキネット,すなあらし / じゅうでん,専用技がある系統は進化時／Lv1思い出しに固定。戦闘専用フォームは基礎形の習得表を共有。,通常。高威力技はLv45以降、強力な積み技はLv50以降。,最低1つの命中90以上STABを維持し、自爆・テレポート・反動大技だけの直近4技を禁止。高レベル基礎種は中威力技を再挿入。,未収録・追加対象,B-,最終統合ROMから現行表を抽出後、同名技の重複・ID衝突・取得時期を機械差分で確定する。
996,セビエ,frigibax,9,ドラゴン／こおり,セビエ → セゴール → セグレイブ,基礎形,DPE-JP Learnsets.c＋ベガ既存表（既存種）,第9世代基準維持＋GBA互換監査,両刀・可変,ドラゴンテール / りゅうのいぶき / こおりのつぶて / こごえるかぜ,安定したタイプ一致技をLv7～15、二段目をLv20～28に配置。進化前限定の補助技は思い出し対象に残す。,DPE表を土台に、進化前へ過剰な終盤技がある場合は後期へ移動。広範囲高火力サブウェポンはレベル技ではなくTM／教え技に限定。,ワイドブレイカー / アイススピナー,りゅうせいぐん / トリプルアクセル,こわいかお / オーロラベール,専用技がある系統は進化時／Lv1思い出しに固定。戦闘専用フォームは基礎形の習得表を共有。,通常。高威力技はLv45以降、強力な積み技はLv50以降。,最低1つの命中90以上STABを維持し、自爆・テレポート・反動大技だけの直近4技を禁止。高レベル基礎種は中威力技を再挿入。,未収録・追加対象,B-,最終統合ROMから現行表を抽出後、同名技の重複・ID衝突・取得時期を機械差分で確定する。
997,セゴール,arctibax,9,ドラゴン／こおり,セビエ → セゴール → セグレイブ,中間進化,DPE-JP Learnsets.c＋ベガ既存表（既存種）,第9世代基準維持＋GBA互換監査,両刀・可変,ドラゴンクロー / りゅうのはどう / アイススピナー / れいとうビーム,中威力STABをLv22～35、役割補助技を進化時またはLv30前後に配置。最終大技は先送り。,DPE表を土台に、進化前へ過剰な終盤技がある場合は後期へ移動。広範囲高火力サブウェポンはレベル技ではなくTM／教え技に限定。,ワイドブレイカー / アイススピナー,りゅうせいぐん / トリプルアクセル,こわいかお / オーロラベール,専用技がある系統は進化時／Lv1思い出しに固定。戦闘専用フォームは基礎形の習得表を共有。,通常。高威力技はLv45以降、強力な積み技はLv50以降。,最低1つの命中90以上STABを維持し、自爆・テレポート・反動大技だけの直近4技を禁止。高レベル基礎種は中威力技を再挿入。,未収録・追加対象,B,最終統合ROMから現行表を抽出後、同名技の重複・ID衝突・取得時期を機械差分で確定する。
998,セグレイブ,baxcalibur,9,ドラゴン／こおり,セビエ → セゴール → セグレイブ,進化先／最終形,DPE-JP Learnsets.c＋ベガ既存表（既存種）,第9世代基準維持＋GBA互換監査,物理アタッカー,きょけんとつげき / げきりん / りゅうのまい / つららおとし,進化時に役割技を1つ提示。主力STABはLv36～50、反動・積み・専用大技はLv50～65またはLv1思い出し。,DPE表を土台に、進化前へ過剰な終盤技がある場合は後期へ移動。広範囲高火力サブウェポンはレベル技ではなくTM／教え技に限定。,ワイドブレイカー / アイススピナー,りゅうせいぐん / トリプルアクセル,こわいかお / オーロラベール,きょけんとつげきを進化時／Lv1思い出しに登録。通常のTM・汎用教え技にはしない。,セグレイブLv60以上,最低1つの命中90以上STABを維持し、自爆・テレポート・反動大技だけの直近4技を禁止。高レベル基礎種は中威力技を再挿入。,未収録・追加対象,A,最終統合ROMから現行表を抽出後、同名技の重複・ID衝突・取得時期を機械差分で確定する。
999,コレクレー,gimmighoul,9,ゴースト,コレクレー → サーフゴー,基礎形,DPE-JP Learnsets.c＋ベガ既存表（既存種）,第9世代基準維持＋GBA互換監査,特殊アタッカー,おどろかす / おにび,安定したタイプ一致技をLv7～15、二段目をLv20～28に配置。進化前限定の補助技は思い出し対象に残す。,DPE表を土台に、進化前へ過剰な終盤技がある場合は後期へ移動。広範囲高火力サブウェポンはレベル技ではなくTM／教え技に限定。,シャドークロー,ポルターガイスト,みちづれ,専用技がある系統は進化時／Lv1思い出しに固定。戦闘専用フォームは基礎形の習得表を共有。,通常。高威力技はLv45以降、強力な積み技はLv50以降。,最低1つの命中90以上STABを維持し、自爆・テレポート・反動大技だけの直近4技を禁止。高レベル基礎種は中威力技を再挿入。,未収録・追加対象,B-,最終統合ROMから現行表を抽出後、同名技の重複・ID衝突・取得時期を機械差分で確定する。
1000,サーフゴー,gholdengo,9,はがね／ゴースト,コレクレー → サーフゴー,進化先／最終形,DPE-JP Learnsets.c＋ベガ既存表（既存種）,第9世代基準維持＋GBA互換監査,物理アタッカー,ゴールドラッシュ / ヘビーボンバー / てっぺき / ポルターガイスト,進化時に役割技を1つ提示。主力STABはLv36～50、反動・積み・専用大技はLv50～65またはLv1思い出し。,DPE表を土台に、進化前へ過剰な終盤技がある場合は後期へ移動。広範囲高火力サブウェポンはレベル技ではなくTM／教え技に限定。,ラスターカノン / シャドークロー,アイアンヘッド / ポルターガイスト,ボディプレス / みちづれ,ゴールドラッシュを進化時／Lv1思い出しに登録。通常のTM・汎用教え技にはしない。,サーフゴー進化時。PP5、特攻低下を現代仕様で維持,最低1つの命中90以上STABを維持し、自爆・テレポート・反動大技だけの直近4技を禁止。高レベル基礎種は中威力技を再挿入。,未収録・追加対象,A,最終統合ROMから現行表を抽出後、同名技の重複・ID衝突・取得時期を機械差分で確定する。
1001,チオンジェン,wo-chien,9,あく／くさ,チオンジェン,基礎形,DPE-JP Learnsets.c＋ベガ既存表（既存種）,第9世代基準維持＋GBA互換監査,耐久・補助,かみつく / バークアウト / はっぱカッター / メガドレイン,安定したタイプ一致技をLv7～15、二段目をLv20～28に配置。進化前限定の補助技は思い出し対象に残す。,DPE表を土台に、進化前へ過剰な終盤技がある場合は後期へ移動。広範囲高火力サブウェポンはレベル技ではなくTM／教え技に限定。,バークアウト / くさむすび,はたきおとす / グラススライダー,なし（タマゴ未発見／伝説・幻）,専用技がある系統は進化時／Lv1思い出しに固定。戦闘専用フォームは基礎形の習得表を共有。,通常。高威力技はLv45以降、強力な積み技はLv50以降。,最低1つの命中90以上STABを維持し、自爆・テレポート・反動大技だけの直近4技を禁止。高レベル基礎種は中威力技を再挿入。,未収録・追加対象,B-,最終統合ROMから現行表を抽出後、同名技の重複・ID衝突・取得時期を機械差分で確定する。
1002,パオジアン,chien-pao,9,あく／こおり,パオジアン,基礎形,DPE-JP Learnsets.c＋ベガ既存表（既存種）,第9世代基準維持＋GBA互換監査,物理アタッカー,かみつく / ちょうはつ / こおりのつぶて / ゆきげしき,安定したタイプ一致技をLv7～15、二段目をLv20～28に配置。進化前限定の補助技は思い出し対象に残す。,DPE表を土台に、進化前へ過剰な終盤技がある場合は後期へ移動。広範囲高火力サブウェポンはレベル技ではなくTM／教え技に限定。,バークアウト / アイススピナー,はたきおとす / トリプルアクセル,なし（タマゴ未発見／伝説・幻）,専用技がある系統は進化時／Lv1思い出しに固定。戦闘専用フォームは基礎形の習得表を共有。,通常。高威力技はLv45以降、強力な積み技はLv50以降。,最低1つの命中90以上STABを維持し、自爆・テレポート・反動大技だけの直近4技を禁止。高レベル基礎種は中威力技を再挿入。,未収録・追加対象,B-,最終統合ROMから現行表を抽出後、同名技の重複・ID衝突・取得時期を機械差分で確定する。
1003,ディンルー,ting-lu,9,あく／じめん,ディンルー,基礎形,DPE-JP Learnsets.c＋ベガ既存表（既存種）,第9世代基準維持＋GBA互換監査,物理アタッカー,かみつく / ちょうはつ / どろかけ / すなあらし,安定したタイプ一致技をLv7～15、二段目をLv20～28に配置。進化前限定の補助技は思い出し対象に残す。,DPE表を土台に、進化前へ過剰な終盤技がある場合は後期へ移動。広範囲高火力サブウェポンはレベル技ではなくTM／教え技に限定。,バークアウト / じならし,はたきおとす / ねっさのだいち,なし（タマゴ未発見／伝説・幻）,専用技がある系統は進化時／Lv1思い出しに固定。戦闘専用フォームは基礎形の習得表を共有。,通常。高威力技はLv45以降、強力な積み技はLv50以降。,最低1つの命中90以上STABを維持し、自爆・テレポート・反動大技だけの直近4技を禁止。高レベル基礎種は中威力技を再挿入。,未収録・追加対象,B-,最終統合ROMから現行表を抽出後、同名技の重複・ID衝突・取得時期を機械差分で確定する。
1004,イーユイ,chi-yu,9,あく／ほのお,イーユイ,基礎形,DPE-JP Learnsets.c＋ベガ既存表（既存種）,第9世代基準維持＋GBA互換監査,特殊アタッカー,バークアウト / ちょうはつ / ひのこ / おにび,安定したタイプ一致技をLv7～15、二段目をLv20～28に配置。進化前限定の補助技は思い出し対象に残す。,DPE表を土台に、進化前へ過剰な終盤技がある場合は後期へ移動。広範囲高火力サブウェポンはレベル技ではなくTM／教え技に限定。,バークアウト / かえんほうしゃ,はたきおとす / ねっぷう,なし（タマゴ未発見／伝説・幻）,専用技がある系統は進化時／Lv1思い出しに固定。戦闘専用フォームは基礎形の習得表を共有。,通常。高威力技はLv45以降、強力な積み技はLv50以降。,最低1つの命中90以上STABを維持し、自爆・テレポート・反動大技だけの直近4技を禁止。高レベル基礎種は中威力技を再挿入。,未収録・追加対象,B-,最終統合ROMから現行表を抽出後、同名技の重複・ID衝突・取得時期を機械差分で確定する。
1005,トドロクツキ,roaring-moon,9,ドラゴン／あく,トドロクツキ,基礎形,DPE-JP Learnsets.c＋ベガ既存表（既存種）,第9世代基準維持＋GBA互換監査,物理アタッカー,ドラゴンテール / りゅうのまい / かみつく / ちょうはつ,安定したタイプ一致技をLv7～15、二段目をLv20～28に配置。進化前限定の補助技は思い出し対象に残す。,DPE表を土台に、進化前へ過剰な終盤技がある場合は後期へ移動。広範囲高火力サブウェポンはレベル技ではなくTM／教え技に限定。,ワイドブレイカー / バークアウト,りゅうせいぐん / はたきおとす,こわいかお / わるだくみ,専用技がある系統は進化時／Lv1思い出しに固定。戦闘専用フォームは基礎形の習得表を共有。,最終進化Lv50以上。600族はLv55以上,最低1つの命中90以上STABを維持し、自爆・テレポート・反動大技だけの直近4技を禁止。高レベル基礎種は中威力技を再挿入。,未収録・追加対象,B-,最終統合ROMから現行表を抽出後、同名技の重複・ID衝突・取得時期を機械差分で確定する。
1006,テツノブジン,iron-valiant,9,フェアリー／かくとう,テツノブジン,基礎形,DPE-JP Learnsets.c＋ベガ既存表（既存種）,第9世代基準維持＋GBA互換監査,両刀・可変,ほしがる / ようせいのかぜ / いわくだき / しんくうは,安定したタイプ一致技をLv7～15、二段目をLv20～28に配置。進化前限定の補助技は思い出し対象に残す。,DPE表を土台に、進化前へ過剰な終盤技がある場合は後期へ移動。広範囲高火力サブウェポンはレベル技ではなくTM／教え技に限定。,マジカルシャイン / ドレインパンチ,ミストバースト / コーチング,ミストフィールド / みきり,専用技がある系統は進化時／Lv1思い出しに固定。戦闘専用フォームは基礎形の習得表を共有。,通常。高威力技はLv45以降、強力な積み技はLv50以降。,最低1つの命中90以上STABを維持し、自爆・テレポート・反動大技だけの直近4技を禁止。高レベル基礎種は中威力技を再挿入。,未収録・追加対象,B-,最終統合ROMから現行表を抽出後、同名技の重複・ID衝突・取得時期を機械差分で確定する。
1007,コライドン,koraidon,9,かくとう／ドラゴン,コライドン,基礎形,DPE-JP Learnsets.c＋ベガ既存表（既存種）,第9世代基準維持＋GBA互換監査,両刀・可変,いわくだき / しんくうは / ドラゴンテール / りゅうのいぶき,安定したタイプ一致技をLv7～15、二段目をLv20～28に配置。進化前限定の補助技は思い出し対象に残す。,DPE表を土台に、進化前へ過剰な終盤技がある場合は後期へ移動。広範囲高火力サブウェポンはレベル技ではなくTM／教え技に限定。,ドレインパンチ / ワイドブレイカー,コーチング / りゅうせいぐん,なし（タマゴ未発見／伝説・幻）,アクセルブレイクを進化時／Lv1思い出しに登録。通常のTM・汎用教え技にはしない。,通常。高威力技はLv45以降、強力な積み技はLv50以降。,最低1つの命中90以上STABを維持し、自爆・テレポート・反動大技だけの直近4技を禁止。高レベル基礎種は中威力技を再挿入。,未収録・追加対象,A,最終統合ROMから現行表を抽出後、同名技の重複・ID衝突・取得時期を機械差分で確定する。
1008,ミライドン,miraidon,9,でんき／ドラゴン,ミライドン,基礎形,DPE-JP Learnsets.c＋ベガ既存表（既存種）,第9世代基準維持＋GBA互換監査,両刀・可変,スパーク / でんきショック / ドラゴンテール / りゅうのいぶき,安定したタイプ一致技をLv7～15、二段目をLv20～28に配置。進化前限定の補助技は思い出し対象に残す。,DPE表を土台に、進化前へ過剰な終盤技がある場合は後期へ移動。広範囲高火力サブウェポンはレベル技ではなくTM／教え技に限定。,ボルトチェンジ / ワイドブレイカー,エレキネット / りゅうせいぐん,なし（タマゴ未発見／伝説・幻）,イナズマドライブを進化時／Lv1思い出しに登録。通常のTM・汎用教え技にはしない。,通常。高威力技はLv45以降、強力な積み技はLv50以降。,最低1つの命中90以上STABを維持し、自爆・テレポート・反動大技だけの直近4技を禁止。高レベル基礎種は中威力技を再挿入。,未収録・追加対象,A,最終統合ROMから現行表を抽出後、同名技の重複・ID衝突・取得時期を機械差分で確定する。
1009,ウネルミナモ,walking-wake,9,みず／ドラゴン,ウネルミナモ,基礎形,DPE-JP Learnsets.c＋ベガ既存表（既存種）,第9世代基準維持＋GBA互換監査,特殊アタッカー,みずのはどう / あまごい / りゅうのいぶき / りゅうのまい,安定したタイプ一致技をLv7～15、二段目をLv20～28に配置。進化前限定の補助技は思い出し対象に残す。,DPE表を土台に、進化前へ過剰な終盤技がある場合は後期へ移動。広範囲高火力サブウェポンはレベル技ではなくTM／教え技に限定。,アクアブレイク / ワイドブレイカー,クイックターン / りゅうせいぐん,アクアリング / こわいかお,ハイドロスチームを進化時／Lv1思い出しに登録。通常のTM・汎用教え技にはしない。,最終進化Lv50以上。600族はLv55以上,最低1つの命中90以上STABを維持し、自爆・テレポート・反動大技だけの直近4技を禁止。高レベル基礎種は中威力技を再挿入。,未収録・追加対象,A,最終統合ROMから現行表を抽出後、同名技の重複・ID衝突・取得時期を機械差分で確定する。
1010,テツノイサハ,iron-leaves,9,くさ／エスパー,テツノイサハ,基礎形,DPE-JP Learnsets.c＋ベガ既存表（既存種）,第9世代基準維持＋GBA互換監査,特殊アタッカー,メガドレイン / やどりぎのタネ / ねんりき / めいそう,安定したタイプ一致技をLv7～15、二段目をLv20～28に配置。進化前限定の補助技は思い出し対象に残す。,DPE表を土台に、進化前へ過剰な終盤技がある場合は後期へ移動。広範囲高火力サブウェポンはレベル技ではなくTM／教え技に限定。,くさむすび / サイコショック,グラススライダー / トリック,こうごうせい / ひかりのかべ,サイコブレイドを進化時／Lv1思い出しに登録。通常のTM・汎用教え技にはしない。,通常。高威力技はLv45以降、強力な積み技はLv50以降。,最低1つの命中90以上STABを維持し、自爆・テレポート・反動大技だけの直近4技を禁止。高レベル基礎種は中威力技を再挿入。,未収録・追加対象,A,最終統合ROMから現行表を抽出後、同名技の重複・ID衝突・取得時期を機械差分で確定する。
1011,カミッチュ,dipplin,9,くさ／ドラゴン,カジッチュ → アップリュー → タルップル → カミッチュ → カミツオロチ,進化先／最終形,DPE-JP Learnsets.c＋ベガ既存表（既存種）,第9世代基準維持＋GBA互換監査,両刀・可変,タネばくだん / ギガドレイン / やどりぎのタネ / ドラゴンクロー,進化時に役割技を1つ提示。主力STABはLv36～50、反動・積み・専用大技はLv50～65またはLv1思い出し。,DPE表を土台に、進化前へ過剰な終盤技がある場合は後期へ移動。広範囲高火力サブウェポンはレベル技ではなくTM／教え技に限定。,くさむすび / ワイドブレイカー,グラススライダー / りゅうせいぐん,こうごうせい / こわいかお,専用技がある系統は進化時／Lv1思い出しに固定。戦闘専用フォームは基礎形の習得表を共有。,通常。高威力技はLv45以降、強力な積み技はLv50以降。,最低1つの命中90以上STABを維持し、自爆・テレポート・反動大技だけの直近4技を禁止。高レベル基礎種は中威力技を再挿入。,未収録・追加対象,B,最終統合ROMから現行表を抽出後、同名技の重複・ID衝突・取得時期を機械差分で確定する。
1012,チャデス,poltchageist,9,くさ／ゴースト,チャデス → ヤバソチャ,基礎形,DPE-JP Learnsets.c＋ベガ既存表（既存種）,第9世代基準維持＋GBA互換監査,特殊アタッカー,メガドレイン / やどりぎのタネ / おどろかす / おにび,安定したタイプ一致技をLv7～15、二段目をLv20～28に配置。進化前限定の補助技は思い出し対象に残す。,DPE表を土台に、進化前へ過剰な終盤技がある場合は後期へ移動。広範囲高火力サブウェポンはレベル技ではなくTM／教え技に限定。,くさむすび / シャドークロー,グラススライダー / ポルターガイスト,こうごうせい / みちづれ,専用技がある系統は進化時／Lv1思い出しに固定。戦闘専用フォームは基礎形の習得表を共有。,通常。高威力技はLv45以降、強力な積み技はLv50以降。,最低1つの命中90以上STABを維持し、自爆・テレポート・反動大技だけの直近4技を禁止。高レベル基礎種は中威力技を再挿入。,未収録・追加対象,B-,最終統合ROMから現行表を抽出後、同名技の重複・ID衝突・取得時期を機械差分で確定する。
1013,ヤバソチャ,sinistcha,9,くさ／ゴースト,チャデス → ヤバソチャ,進化先／最終形,DPE-JP Learnsets.c＋ベガ既存表（既存種）,第9世代基準維持＋GBA互換監査,特殊アタッカー,シャカシャカほう / エナジーボール / やどりぎのタネ / シャドーボール,進化時に役割技を1つ提示。主力STABはLv36～50、反動・積み・専用大技はLv50～65またはLv1思い出し。,DPE表を土台に、進化前へ過剰な終盤技がある場合は後期へ移動。広範囲高火力サブウェポンはレベル技ではなくTM／教え技に限定。,くさむすび / シャドークロー,グラススライダー / ポルターガイスト,こうごうせい / みちづれ,シャカシャカほうを進化時／Lv1思い出しに登録。通常のTM・汎用教え技にはしない。,通常。高威力技はLv45以降、強力な積み技はLv50以降。,最低1つの命中90以上STABを維持し、自爆・テレポート・反動大技だけの直近4技を禁止。高レベル基礎種は中威力技を再挿入。,未収録・追加対象,A,最終統合ROMから現行表を抽出後、同名技の重複・ID衝突・取得時期を機械差分で確定する。
1014,イイネイヌ,okidogi,9,どく／かくとう,イイネイヌ,基礎形,DPE-JP Learnsets.c＋ベガ既存表（既存種）,第9世代基準維持＋GBA互換監査,物理アタッカー,どくばり / どくどく / いわくだき / ビルドアップ,安定したタイプ一致技をLv7～15、二段目をLv20～28に配置。進化前限定の補助技は思い出し対象に残す。,DPE表を土台に、進化前へ過剰な終盤技がある場合は後期へ移動。広範囲高火力サブウェポンはレベル技ではなくTM／教え技に限定。,ベノムショック / ドレインパンチ,ダストシュート / コーチング,なし（タマゴ未発見／伝説・幻）,専用技がある系統は進化時／Lv1思い出しに固定。戦闘専用フォームは基礎形の習得表を共有。,通常。高威力技はLv45以降、強力な積み技はLv50以降。,最低1つの命中90以上STABを維持し、自爆・テレポート・反動大技だけの直近4技を禁止。高レベル基礎種は中威力技を再挿入。,未収録・追加対象,B-,最終統合ROMから現行表を抽出後、同名技の重複・ID衝突・取得時期を機械差分で確定する。
1015,マシマシラ,munkidori,9,どく／エスパー,マシマシラ,基礎形,DPE-JP Learnsets.c＋ベガ既存表（既存種）,第9世代基準維持＋GBA互換監査,特殊アタッカー,アシッドボム / どくどく / ねんりき / めいそう,安定したタイプ一致技をLv7～15、二段目をLv20～28に配置。進化前限定の補助技は思い出し対象に残す。,DPE表を土台に、進化前へ過剰な終盤技がある場合は後期へ移動。広範囲高火力サブウェポンはレベル技ではなくTM／教え技に限定。,ベノムショック / サイコショック,ダストシュート / トリック,なし（タマゴ未発見／伝説・幻）,専用技がある系統は進化時／Lv1思い出しに固定。戦闘専用フォームは基礎形の習得表を共有。,通常。高威力技はLv45以降、強力な積み技はLv50以降。,最低1つの命中90以上STABを維持し、自爆・テレポート・反動大技だけの直近4技を禁止。高レベル基礎種は中威力技を再挿入。,未収録・追加対象,B-,最終統合ROMから現行表を抽出後、同名技の重複・ID衝突・取得時期を機械差分で確定する。
1016,キチキギス,fezandipiti,9,どく／フェアリー,キチキギス,基礎形,DPE-JP Learnsets.c＋ベガ既存表（既存種）,第9世代基準維持＋GBA互換監査,特殊アタッカー,アシッドボム / どくどく / ようせいのかぜ / あまえる,安定したタイプ一致技をLv7～15、二段目をLv20～28に配置。進化前限定の補助技は思い出し対象に残す。,DPE表を土台に、進化前へ過剰な終盤技がある場合は後期へ移動。広範囲高火力サブウェポンはレベル技ではなくTM／教え技に限定。,ベノムショック / マジカルシャイン,ダストシュート / ミストバースト,なし（タマゴ未発見／伝説・幻）,専用技がある系統は進化時／Lv1思い出しに固定。戦闘専用フォームは基礎形の習得表を共有。,通常。高威力技はLv45以降、強力な積み技はLv50以降。,最低1つの命中90以上STABを維持し、自爆・テレポート・反動大技だけの直近4技を禁止。高レベル基礎種は中威力技を再挿入。,未収録・追加対象,B-,最終統合ROMから現行表を抽出後、同名技の重複・ID衝突・取得時期を機械差分で確定する。
1017,オーガポン,ogerpon,9,くさ,オーガポン,基礎形,DPE-JP Learnsets.c＋ベガ既存表（既存種）,第9世代基準維持＋GBA互換監査,両刀・可変,はっぱカッター / メガドレイン,安定したタイプ一致技をLv7～15、二段目をLv20～28に配置。進化前限定の補助技は思い出し対象に残す。,DPE表を土台に、進化前へ過剰な終盤技がある場合は後期へ移動。広範囲高火力サブウェポンはレベル技ではなくTM／教え技に限定。,くさむすび,グラススライダー,なし（タマゴ未発見／伝説・幻）,ツタこんぼうを進化時／Lv1思い出しに登録。通常のTM・汎用教え技にはしない。,通常。高威力技はLv45以降、強力な積み技はLv50以降。,最低1つの命中90以上STABを維持し、自爆・テレポート・反動大技だけの直近4技を禁止。高レベル基礎種は中威力技を再挿入。,未収録・追加対象,A,最終統合ROMから現行表を抽出後、同名技の重複・ID衝突・取得時期を機械差分で確定する。
1018,ブリジュラス,archaludon,9,はがね／ドラゴン,ジュラルドン → ブリジュラス,進化先／最終形,DPE-JP Learnsets.c＋ベガ既存表（既存種）,第9世代基準維持＋GBA互換監査,物理寄り,エレクトロビーム / ヘビーボンバー / てっぺき / げきりん,進化時に役割技を1つ提示。主力STABはLv36～50、反動・積み・専用大技はLv50～65またはLv1思い出し。,DPE表を土台に、進化前へ過剰な終盤技がある場合は後期へ移動。広範囲高火力サブウェポンはレベル技ではなくTM／教え技に限定。,ラスターカノン / ワイドブレイカー,アイアンヘッド / りゅうせいぐん,ボディプレス / こわいかお,エレクトロビームを進化時／Lv1思い出しに登録。通常のTM・汎用教え技にはしない。,通常。高威力技はLv45以降、強力な積み技はLv50以降。,最低1つの命中90以上STABを維持し、自爆・テレポート・反動大技だけの直近4技を禁止。高レベル基礎種は中威力技を再挿入。,未収録・追加対象,A,最終統合ROMから現行表を抽出後、同名技の重複・ID衝突・取得時期を機械差分で確定する。
1019,カミツオロチ,hydrapple,9,くさ／ドラゴン,カジッチュ → アップリュー → タルップル → カミッチュ → カミツオロチ,進化先／最終形,DPE-JP Learnsets.c＋ベガ既存表（既存種）,第9世代基準維持＋GBA互換監査,両刀・可変,きまぐレーザー / タネばくだん / ギガドレイン / やどりぎのタネ,進化時に役割技を1つ提示。主力STABはLv36～50、反動・積み・専用大技はLv50～65またはLv1思い出し。,DPE表を土台に、進化前へ過剰な終盤技がある場合は後期へ移動。広範囲高火力サブウェポンはレベル技ではなくTM／教え技に限定。,くさむすび / ワイドブレイカー,グラススライダー / りゅうせいぐん,こうごうせい / こわいかお,きまぐレーザーを進化時／Lv1思い出しに登録。通常のTM・汎用教え技にはしない。,通常。高威力技はLv45以降、強力な積み技はLv50以降。,最低1つの命中90以上STABを維持し、自爆・テレポート・反動大技だけの直近4技を禁止。高レベル基礎種は中威力技を再挿入。,未収録・追加対象,A,最終統合ROMから現行表を抽出後、同名技の重複・ID衝突・取得時期を機械差分で確定する。
1020,ウガツホムラ,gouging-fire,9,ほのお／ドラゴン,ウガツホムラ,基礎形,DPE-JP Learnsets.c＋ベガ既存表（既存種）,第9世代基準維持＋GBA互換監査,物理アタッカー,ほのおのキバ / おにび / ドラゴンテール / りゅうのまい,安定したタイプ一致技をLv7～15、二段目をLv20～28に配置。進化前限定の補助技は思い出し対象に残す。,DPE表を土台に、進化前へ過剰な終盤技がある場合は後期へ移動。広範囲高火力サブウェポンはレベル技ではなくTM／教え技に限定。,かえんほうしゃ / ワイドブレイカー,ねっぷう / りゅうせいぐん,にほんばれ / こわいかお,かえんのまもりを進化時／Lv1思い出しに登録。通常のTM・汎用教え技にはしない。,最終進化Lv50以上。600族はLv55以上,最低1つの命中90以上STABを維持し、自爆・テレポート・反動大技だけの直近4技を禁止。高レベル基礎種は中威力技を再挿入。,未収録・追加対象,A,最終統合ROMから現行表を抽出後、同名技の重複・ID衝突・取得時期を機械差分で確定する。
1021,タケルライコ,raging-bolt,9,でんき／ドラゴン,タケルライコ,基礎形,DPE-JP Learnsets.c＋ベガ既存表（既存種）,第9世代基準維持＋GBA互換監査,特殊アタッカー,でんきショック / でんじは / りゅうのいぶき / りゅうのまい,安定したタイプ一致技をLv7～15、二段目をLv20～28に配置。進化前限定の補助技は思い出し対象に残す。,DPE表を土台に、進化前へ過剰な終盤技がある場合は後期へ移動。広範囲高火力サブウェポンはレベル技ではなくTM／教え技に限定。,ボルトチェンジ / ワイドブレイカー,エレキネット / りゅうせいぐん,じゅうでん / こわいかお,じんらいを進化時／Lv1思い出しに登録。通常のTM・汎用教え技にはしない。,最終進化Lv50以上。600族はLv55以上,最低1つの命中90以上STABを維持し、自爆・テレポート・反動大技だけの直近4技を禁止。高レベル基礎種は中威力技を再挿入。,未収録・追加対象,A,最終統合ROMから現行表を抽出後、同名技の重複・ID衝突・取得時期を機械差分で確定する。
1022,テツノイワオ,iron-boulder,9,いわ／エスパー,テツノイワオ,基礎形,DPE-JP Learnsets.c＋ベガ既存表（既存種）,第9世代基準維持＋GBA互換監査,物理アタッカー,いわおとし / ステルスロック / サイコカッター / めいそう,安定したタイプ一致技をLv7～15、二段目をLv20～28に配置。進化前限定の補助技は思い出し対象に残す。,DPE表を土台に、進化前へ過剰な終盤技がある場合は後期へ移動。広範囲高火力サブウェポンはレベル技ではなくTM／教え技に限定。,ステルスロック / サイコショック,メテオビーム / トリック,すなあらし / ひかりのかべ,パワフルエッジを進化時／Lv1思い出しに登録。通常のTM・汎用教え技にはしない。,通常。高威力技はLv45以降、強力な積み技はLv50以降。,最低1つの命中90以上STABを維持し、自爆・テレポート・反動大技だけの直近4技を禁止。高レベル基礎種は中威力技を再挿入。,未収録・追加対象,A,最終統合ROMから現行表を抽出後、同名技の重複・ID衝突・取得時期を機械差分で確定する。
1023,テツノカシラ,iron-crown,9,はがね／エスパー,テツノカシラ,基礎形,DPE-JP Learnsets.c＋ベガ既存表（既存種）,第9世代基準維持＋GBA互換監査,特殊アタッカー,ミラーショット / てっぺき / ねんりき / めいそう,安定したタイプ一致技をLv7～15、二段目をLv20～28に配置。進化前限定の補助技は思い出し対象に残す。,DPE表を土台に、進化前へ過剰な終盤技がある場合は後期へ移動。広範囲高火力サブウェポンはレベル技ではなくTM／教え技に限定。,ラスターカノン / サイコショック,アイアンヘッド / トリック,ボディプレス / ひかりのかべ,タキオンカッターを進化時／Lv1思い出しに登録。通常のTM・汎用教え技にはしない。,通常。高威力技はLv45以降、強力な積み技はLv50以降。,最低1つの命中90以上STABを維持し、自爆・テレポート・反動大技だけの直近4技を禁止。高レベル基礎種は中威力技を再挿入。,未収録・追加対象,A,最終統合ROMから現行表を抽出後、同名技の重複・ID衝突・取得時期を機械差分で確定する。
1024,テラパゴス,terapagos,9,ノーマル,テラパゴス,基礎形,DPE-JP Learnsets.c＋ベガ既存表（既存種）,第9世代基準維持＋GBA互換監査,両刀・可変,ずつき / スピードスター,安定したタイプ一致技をLv7～15、二段目をLv20～28に配置。進化前限定の補助技は思い出し対象に残す。,DPE表を土台に、進化前へ過剰な終盤技がある場合は後期へ移動。広範囲高火力サブウェポンはレベル技ではなくTM／教え技に限定。,まもる,てだすけ,なし（タマゴ未発見／伝説・幻）,テラクラスターを進化時／Lv1思い出しに登録。通常のTM・汎用教え技にはしない。,通常。高威力技はLv45以降、強力な積み技はLv50以降。,最低1つの命中90以上STABを維持し、自爆・テレポート・反動大技だけの直近4技を禁止。高レベル基礎種は中威力技を再挿入。,未収録・追加対象,A,最終統合ROMから現行表を抽出後、同名技の重複・ID衝突・取得時期を機械差分で確定する。
1025,モモワロウ,pecharunt,9,どく／ゴースト,モモワロウ,基礎形,DPE-JP Learnsets.c＋ベガ既存表（既存種）,第9世代基準維持＋GBA互換監査,特殊アタッカー,アシッドボム / どくどく / おどろかす / おにび,安定したタイプ一致技をLv7～15、二段目をLv20～28に配置。進化前限定の補助技は思い出し対象に残す。,DPE表を土台に、進化前へ過剰な終盤技がある場合は後期へ移動。広範囲高火力サブウェポンはレベル技ではなくTM／教え技に限定。,ベノムショック / シャドークロー,ダストシュート / ポルターガイスト,なし（タマゴ未発見／伝説・幻）,じゃどくのくさりを進化時／Lv1思い出しに登録。通常のTM・汎用教え技にはしない。,通常。高威力技はLv45以降、強力な積み技はLv50以降。,最低1つの命中90以上STABを維持し、自爆・テレポート・反動大技だけの直近4技を禁止。高レベル基礎種は中威力技を再挿入。,未収録・追加対象,A,最終統合ROMから現行表を抽出後、同名技の重複・ID衝突・取得時期を機械差分で確定する。
