evolution_chain_id,root_name,family,types_in_family,family_category,vega_inclusion,primary_role,recommended_level_up_core,recommended_tm_core,recommended_tutor_core,progression_rule,overcoverage_rule,manual_review_priority
1,フシギダネ,フシギダネ → フシギソウ → フシギバナ,くさ / どく,御三家,既存（トーホク図鑑152）; 既存（トーホク図鑑153）; 既存（トーホク図鑑154）,特殊寄り,メガドレイン / やどりぎのタネ / アシッドボム / どくどく / ギガドレイン / ヘドロばくだん / はなふぶき / エナジーボール,くさむすび / ベノムショック,グラススライダー / ダストシュート,基礎形は早期STAB、中間は中威力STAB、進化先は役割技と終盤大技。分岐進化は分岐後に個性技を追加。,異タイプ高火力技は最大2タイプまで。元々の設定・身体構造・図鑑説明に根拠がない技は削除または教え技化。,P0
2,ヒトカゲ,ヒトカゲ → リザード → リザードン,ひこう / ほのお,御三家,既存（トーホク図鑑155）; 既存（トーホク図鑑156）; 既存（トーホク図鑑157）,両刀・可変,ひのこ / おにび / かえんほうしゃ / れんごく / ニトロチャージ,かえんほうしゃ / アクロバット,ねっぷう / おいかぜ,基礎形は早期STAB、中間は中威力STAB、進化先は役割技と終盤大技。分岐進化は分岐後に個性技を追加。,異タイプ高火力技は最大2タイプまで。元々の設定・身体構造・図鑑説明に根拠がない技は削除または教え技化。,P0
3,ゼニガメ,ゼニガメ → カメール → カメックス,みず,御三家,既存（トーホク図鑑158）; 既存（トーホク図鑑159）; 既存（トーホク図鑑160）,両刀・可変,アクアジェット / みずのはどう / アクアブレイク / なみのり / からをやぶる（殿堂入り後） / あまごい,アクアブレイク,クイックターン,基礎形は早期STAB、中間は中威力STAB、進化先は役割技と終盤大技。分岐進化は分岐後に個性技を追加。,異タイプ高火力技は最大2タイプまで。元々の設定・身体構造・図鑑説明に根拠がない技は削除または教え技化。,P0
4,キャタピー,キャタピー → トランセル → バタフリー,ひこう / むし,通常生態,未収録・追加対象,特殊アタッカー,むしくい / ねばねばネット / シザークロス / かふんだんご / ぼうふう / おいかぜ,とんぼがえり / アクロバット,むしくい / おいかぜ,基礎形は早期STAB、中間は中威力STAB、進化先は役割技と終盤大技。分岐進化は分岐後に個性技を追加。,異タイプ高火力技は最大2タイプまで。元々の設定・身体構造・図鑑説明に根拠がない技は削除または教え技化。,P1
5,ビードル,ビードル → コクーン → スピアー,どく / むし,通常生態,未収録・追加対象,物理アタッカー,むしくい / ねばねばネット / どくばり / どくどく / シザークロス / どくづき / メガホーン / ダストシュート,とんぼがえり / ベノムショック,むしくい / ダストシュート,基礎形は早期STAB、中間は中威力STAB、進化先は役割技と終盤大技。分岐進化は分岐後に個性技を追加。,異タイプ高火力技は最大2タイプまで。元々の設定・身体構造・図鑑説明に根拠がない技は削除または教え技化。,P1
6,ポッポ,ポッポ → ピジョン → ピジョット,ひこう / ノーマル,通常生態,未収録・追加対象,物理寄り,ずつき / アンコール / つばさでうつ / おいかぜ / のしかかり / ドリルくちばし / すてみタックル / ブレイブバード,まもる / アクロバット,てだすけ / おいかぜ,基礎形は早期STAB、中間は中威力STAB、進化先は役割技と終盤大技。分岐進化は分岐後に個性技を追加。,異タイプ高火力技は最大2タイプまで。元々の設定・身体構造・図鑑説明に根拠がない技は削除または教え技化。,P1
7,コラッタ,コラッタ → ラッタ,ノーマル,通常生態,未収録・追加対象,物理アタッカー,ずつき / アンコール / すてみタックル,まもる,てだすけ,基礎形は早期STAB、中間は中威力STAB、進化先は役割技と終盤大技。分岐進化は分岐後に個性技を追加。,異タイプ高火力技は最大2タイプまで。元々の設定・身体構造・図鑑説明に根拠がない技は削除または教え技化。,P1
8,オニスズメ,オニスズメ → オニドリル,ひこう / ノーマル,通常生態,未収録・追加対象,物理アタッカー,ずつき / アンコール / つばさでうつ / おいかぜ / すてみタックル / ブレイブバード,まもる / アクロバット,てだすけ / おいかぜ,基礎形は早期STAB、中間は中威力STAB、進化先は役割技と終盤大技。分岐進化は分岐後に個性技を追加。,異タイプ高火力技は最大2タイプまで。元々の設定・身体構造・図鑑説明に根拠がない技は削除または教え技化。,P1
9,アーボ,アーボ → アーボック,どく,通常生態,既存（トーホク図鑑261）; 既存（トーホク図鑑262）,物理アタッカー,どくばり / アシッドボム / ダストシュート / どくどく,ベノムショック,ダストシュート,基礎形は早期STAB、中間は中威力STAB、進化先は役割技と終盤大技。分岐進化は分岐後に個性技を追加。,異タイプ高火力技は最大2タイプまで。元々の設定・身体構造・図鑑説明に根拠がない技は削除または教え技化。,P0
10,ピチュー,ピチュー → ピカチュウ → ライチュウ,でんき,ベビィ含有,既存（トーホク図鑑024）; 既存（トーホク図鑑025）; 既存（トーホク図鑑026）,特殊寄り,ボルテッカー / 10まんボルト / でんじは / かみなり / でんきショック,ボルトチェンジ,エレキネット,基礎形は早期STAB、中間は中威力STAB、進化先は役割技と終盤大技。分岐進化は分岐後に個性技を追加。,異タイプ高火力技は最大2タイプまで。元々の設定・身体構造・図鑑説明に根拠がない技は削除または教え技化。,P0
11,サンド,サンド → サンドパン,じめん,通常生態,既存（トーホク図鑑293）; 既存（トーホク図鑑294）,物理アタッカー,どろかけ / すなあらし / じしん,じならし,ねっさのだいち,基礎形は早期STAB、中間は中威力STAB、進化先は役割技と終盤大技。分岐進化は分岐後に個性技を追加。,異タイプ高火力技は最大2タイプまで。元々の設定・身体構造・図鑑説明に根拠がない技は削除または教え技化。,P0
12,ニドラン♀,ニドラン♀ → ニドリーナ → ニドクイン,じめん / どく,通常生態,既存（トーホク図鑑029）; 既存（トーホク図鑑030）; 既存（トーホク図鑑031）,両刀・可変,どくばり / アシッドボム / どくづき / ヘドロばくだん / どくどく / じならし,ベノムショック / じならし,ダストシュート / ねっさのだいち,基礎形は早期STAB、中間は中威力STAB、進化先は役割技と終盤大技。分岐進化は分岐後に個性技を追加。,異タイプ高火力技は最大2タイプまで。元々の設定・身体構造・図鑑説明に根拠がない技は削除または教え技化。,P0
13,ニドラン♂,ニドラン♂ → ニドリーノ → ニドキング,じめん / どく,通常生態,既存（トーホク図鑑032）; 既存（トーホク図鑑033）; 既存（トーホク図鑑034）,両刀・可変,どくばり / アシッドボム / どくづき / ヘドロばくだん / どくどく / じならし,ベノムショック / じならし,ダストシュート / ねっさのだいち,基礎形は早期STAB、中間は中威力STAB、進化先は役割技と終盤大技。分岐進化は分岐後に個性技を追加。,異タイプ高火力技は最大2タイプまで。元々の設定・身体構造・図鑑説明に根拠がない技は削除または教え技化。,P0
14,ピィ,ピィ → ピッピ → ピクシー,フェアリー,ベビィ含有,未収録・追加対象,特殊寄り,マジカルシャイン / あまえる / ミストフィールド / ようせいのかぜ,マジカルシャイン,ミストバースト,基礎形は早期STAB、中間は中威力STAB、進化先は役割技と終盤大技。分岐進化は分岐後に個性技を追加。,異タイプ高火力技は最大2タイプまで。元々の設定・身体構造・図鑑説明に根拠がない技は削除または教え技化。,P1
15,ロコン,ロコン → キュウコン,ほのお,通常生態,未収録・追加対象,特殊アタッカー,ひのこ / おにび / だいもんじ,かえんほうしゃ,ねっぷう,基礎形は早期STAB、中間は中威力STAB、進化先は役割技と終盤大技。分岐進化は分岐後に個性技を追加。,異タイプ高火力技は最大2タイプまで。元々の設定・身体構造・図鑑説明に根拠がない技は削除または教え技化。,P1
16,ププリン,ププリン → プリン → プクリン,ノーマル / フェアリー,ベビィ含有,未収録・追加対象,補助寄り両刀,のしかかり / ハイパーボイス / じゃれつく / マジカルシャイン / アンコール / あくび / ずつき / スピードスター,まもる / マジカルシャイン,てだすけ / ミストバースト,基礎形は早期STAB、中間は中威力STAB、進化先は役割技と終盤大技。分岐進化は分岐後に個性技を追加。,異タイプ高火力技は最大2タイプまで。元々の設定・身体構造・図鑑説明に根拠がない技は削除または教え技化。,P1
17,ズバット,ズバット → ゴルバット → クロバット,どく / ひこう,通常生態,未収録・追加対象,両刀・可変,どくばり / アシッドボム / つばさでうつ / かぜおこし / どくづき / ヘドロばくだん / ドリルくちばし / エアスラッシュ,ベノムショック / アクロバット,ダストシュート / おいかぜ,基礎形は早期STAB、中間は中威力STAB、進化先は役割技と終盤大技。分岐進化は分岐後に個性技を追加。,異タイプ高火力技は最大2タイプまで。元々の設定・身体構造・図鑑説明に根拠がない技は削除または教え技化。,P1
18,ナゾノクサ,ナゾノクサ → クサイハナ → ラフレシア → キレイハナ,くさ / どく,通常生態,未収録・追加対象,特殊寄り,メガドレイン / やどりぎのタネ / アシッドボム / どくどく / エナジーボール / ヘドロウェーブ,くさむすび / ベノムショック,グラススライダー / ダストシュート,基礎形は早期STAB、中間は中威力STAB、進化先は役割技と終盤大技。分岐進化は分岐後に個性技を追加。,異タイプ高火力技は最大2タイプまで。元々の設定・身体構造・図鑑説明に根拠がない技は削除または教え技化。,P1
19,パラス,パラス → パラセクト,くさ / むし,通常生態,未収録・追加対象,両刀・可変,むしくい / むしのていこう / はっぱカッター / メガドレイン / シザークロス / むしのさざめき / ねばねばネット / タネばくだん,とんぼがえり / くさむすび,むしくい / グラススライダー,基礎形は早期STAB、中間は中威力STAB、進化先は役割技と終盤大技。分岐進化は分岐後に個性技を追加。,異タイプ高火力技は最大2タイプまで。元々の設定・身体構造・図鑑説明に根拠がない技は削除または教え技化。,P1
20,コンパン,コンパン → モルフォン,どく / むし,通常生態,未収録・追加対象,特殊アタッカー,むしくい / ねばねばネット / どくばり / どくどく / かふんだんご / ヘドロウェーブ,とんぼがえり / ベノムショック,むしくい / ダストシュート,基礎形は早期STAB、中間は中威力STAB、進化先は役割技と終盤大技。分岐進化は分岐後に個性技を追加。,異タイプ高火力技は最大2タイプまで。元々の設定・身体構造・図鑑説明に根拠がない技は削除または教え技化。,P1
21,ディグダ,ディグダ → ダグトリオ,じめん,通常生態,既存（トーホク図鑑016）; 既存（トーホク図鑑017）,物理アタッカー,どろかけ / すなあらし / じしん,じならし,ねっさのだいち,基礎形は早期STAB、中間は中威力STAB、進化先は役割技と終盤大技。分岐進化は分岐後に個性技を追加。,異タイプ高火力技は最大2タイプまで。元々の設定・身体構造・図鑑説明に根拠がない技は削除または教え技化。,P0
22,ニャース,ニャース → ペルシアン → ニャイキング,はがね / ノーマル,通常生態,未収録・追加対象,物理アタッカー,ずつき / アンコール / のしかかり / ヘビーボンバー / てっぺき,まもる / ラスターカノン,てだすけ / アイアンヘッド,基礎形は早期STAB、中間は中威力STAB、進化先は役割技と終盤大技。分岐進化は分岐後に個性技を追加。,異タイプ高火力技は最大2タイプまで。元々の設定・身体構造・図鑑説明に根拠がない技は削除または教え技化。,P1
23,コダック,コダック → ゴルダック,みず,通常生態,未収録・追加対象,両刀・可変,アクアジェット / みずのはどう / アクアブレイク / なみのり / あまごい,アクアブレイク,クイックターン,基礎形は早期STAB、中間は中威力STAB、進化先は役割技と終盤大技。分岐進化は分岐後に個性技を追加。,異タイプ高火力技は最大2タイプまで。元々の設定・身体構造・図鑑説明に根拠がない技は削除または教え技化。,P1
24,マンキー,マンキー → オコリザル → コノヨザル,かくとう / ゴースト,通常生態,未収録・追加対象,物理アタッカー,いわくだき / ビルドアップ / かわらわり / ふんどのこぶし / インファイト / ポルターガイスト,ドレインパンチ / シャドークロー,コーチング / ポルターガイスト,基礎形は早期STAB、中間は中威力STAB、進化先は役割技と終盤大技。分岐進化は分岐後に個性技を追加。,異タイプ高火力技は最大2タイプまで。元々の設定・身体構造・図鑑説明に根拠がない技は削除または教え技化。,P0
25,ガーディ,ガーディ → ウインディ,ほのお,通常生態,未収録・追加対象,両刀・可変,ひのこ / おにび / ニトロチャージ / かえんほうしゃ,かえんほうしゃ,ねっぷう,基礎形は早期STAB、中間は中威力STAB、進化先は役割技と終盤大技。分岐進化は分岐後に個性技を追加。,異タイプ高火力技は最大2タイプまで。元々の設定・身体構造・図鑑説明に根拠がない技は削除または教え技化。,P1
26,ニョロモ,ニョロモ → ニョロゾ → ニョロボン → ニョロトノ,かくとう / みず,通常生態,未収録・追加対象,特殊アタッカー,アクアジェット / みずのはどう / アクアブレイク / なみのり / あまごい / かわらわり / ハイドロポンプ,アクアブレイク / ドレインパンチ,クイックターン / コーチング,基礎形は早期STAB、中間は中威力STAB、進化先は役割技と終盤大技。分岐進化は分岐後に個性技を追加。,異タイプ高火力技は最大2タイプまで。元々の設定・身体構造・図鑑説明に根拠がない技は削除または教え技化。,P1
27,ケーシィ,ケーシィ → ユンゲラー → フーディン,エスパー,通常生態,未収録・追加対象,特殊アタッカー,ねんりき / めいそう / サイコキネシス / サイコショック,サイコショック,トリック,基礎形は早期STAB、中間は中威力STAB、進化先は役割技と終盤大技。分岐進化は分岐後に個性技を追加。,異タイプ高火力技は最大2タイプまで。元々の設定・身体構造・図鑑説明に根拠がない技は削除または教え技化。,P1
28,ワンリキー,ワンリキー → ゴーリキー → カイリキー,かくとう,通常生態,未収録・追加対象,物理アタッカー,いわくだき / ビルドアップ / かわらわり / インファイト,ドレインパンチ,コーチング,基礎形は早期STAB、中間は中威力STAB、進化先は役割技と終盤大技。分岐進化は分岐後に個性技を追加。,異タイプ高火力技は最大2タイプまで。元々の設定・身体構造・図鑑説明に根拠がない技は削除または教え技化。,P1
29,マダツボミ,マダツボミ → ウツドン → ウツボット,くさ / どく,通常生態,未収録・追加対象,特殊アタッカー,メガドレイン / やどりぎのタネ / アシッドボム / どくどく / ギガドレイン / ヘドロばくだん / エナジーボール / ヘドロウェーブ,くさむすび / ベノムショック,グラススライダー / ダストシュート,基礎形は早期STAB、中間は中威力STAB、進化先は役割技と終盤大技。分岐進化は分岐後に個性技を追加。,異タイプ高火力技は最大2タイプまで。元々の設定・身体構造・図鑑説明に根拠がない技は削除または教え技化。,P1
30,メノクラゲ,メノクラゲ → ドククラゲ,どく / みず,通常生態,既存（トーホク図鑑212）; 既存（トーホク図鑑213）,特殊アタッカー,アクアジェット / みずのはどう / どくばり / アシッドボム / ハイドロポンプ / あまごい / ヘドロウェーブ / どくどく,アクアブレイク / ベノムショック,クイックターン / ダストシュート,基礎形は早期STAB、中間は中威力STAB、進化先は役割技と終盤大技。分岐進化は分岐後に個性技を追加。,異タイプ高火力技は最大2タイプまで。元々の設定・身体構造・図鑑説明に根拠がない技は削除または教え技化。,P0
31,イシツブテ,イシツブテ → ゴローン → ゴローニャ,いわ / じめん,通常生態,既存（トーホク図鑑315）; 既存（トーホク図鑑316）; 既存（トーホク図鑑317）,物理アタッカー,いわおとし / ステルスロック / どろかけ / すなあらし / いわなだれ / じならし / ストーンエッジ / じしん,ステルスロック / じならし,メテオビーム / ねっさのだいち,基礎形は早期STAB、中間は中威力STAB、進化先は役割技と終盤大技。分岐進化は分岐後に個性技を追加。,異タイプ高火力技は最大2タイプまで。元々の設定・身体構造・図鑑説明に根拠がない技は削除または教え技化。,P0
32,ポニータ,ポニータ → ギャロップ,ほのお,通常生態,未収録・追加対象,物理アタッカー,ひのこ / おにび / フレアドライブ,かえんほうしゃ,ねっぷう,基礎形は早期STAB、中間は中威力STAB、進化先は役割技と終盤大技。分岐進化は分岐後に個性技を追加。,異タイプ高火力技は最大2タイプまで。元々の設定・身体構造・図鑑説明に根拠がない技は削除または教え技化。,P1
33,ヤドン,ヤドン → ヤドラン → ヤドキング,みず / エスパー,通常生態,未収録・追加対象,特殊アタッカー,みずのはどう / あまごい / ねんりき / めいそう / アクアブレイク / なみのり / しねんのずつき / サイコキネシス,アクアブレイク / サイコショック,クイックターン / トリック,基礎形は早期STAB、中間は中威力STAB、進化先は役割技と終盤大技。分岐進化は分岐後に個性技を追加。,異タイプ高火力技は最大2タイプまで。元々の設定・身体構造・図鑑説明に根拠がない技は削除または教え技化。,P1
34,コイル,コイル → レアコイル → ジバコイル,でんき / はがね,人工・無機物,既存（トーホク図鑑058）; 既存（トーホク図鑑059）; 既存（トーホク図鑑060）,特殊アタッカー,スパーク / でんきショック / メタルクロー / ミラーショット / 10まんボルト / でんじは / ラスターカノン / てっぺき,ボルトチェンジ / ラスターカノン,エレキネット / アイアンヘッド,基礎形は早期STAB、中間は中威力STAB、進化先は役割技と終盤大技。分岐進化は分岐後に個性技を追加。,異タイプ高火力技は最大2タイプまで。元々の設定・身体構造・図鑑説明に根拠がない技は削除または教え技化。,P0
35,カモネギ,カモネギ → ネギガナイト,かくとう / ひこう / ノーマル,通常生態,既存（トーホク図鑑365）; 未収録・追加対象,物理アタッカー,ずつき / アンコール / つばさでうつ / おいかぜ / インファイト / ビルドアップ,まもる / アクロバット / ドレインパンチ,てだすけ / おいかぜ / コーチング,基礎形は早期STAB、中間は中威力STAB、進化先は役割技と終盤大技。分岐進化は分岐後に個性技を追加。,異タイプ高火力技は最大2タイプまで。元々の設定・身体構造・図鑑説明に根拠がない技は削除または教え技化。,P0
36,ドードー,ドードー → ドードリオ,ひこう / ノーマル,通常生態,未収録・追加対象,物理アタッカー,ずつき / アンコール / つばさでうつ / おいかぜ / すてみタックル / ブレイブバード,まもる / アクロバット,てだすけ / おいかぜ,基礎形は早期STAB、中間は中威力STAB、進化先は役割技と終盤大技。分岐進化は分岐後に個性技を追加。,異タイプ高火力技は最大2タイプまで。元々の設定・身体構造・図鑑説明に根拠がない技は削除または教え技化。,P1
37,パウワウ,パウワウ → ジュゴン,こおり / みず,通常生態,未収録・追加対象,特殊アタッカー,アクアジェット / みずのはどう / ハイドロポンプ / あまごい / ふぶき / ゆきげしき,アクアブレイク / アイススピナー,クイックターン / トリプルアクセル,基礎形は早期STAB、中間は中威力STAB、進化先は役割技と終盤大技。分岐進化は分岐後に個性技を追加。,異タイプ高火力技は最大2タイプまで。元々の設定・身体構造・図鑑説明に根拠がない技は削除または教え技化。,P1
38,ベトベター,ベトベター → ベトベトン,どく,通常生態,未収録・追加対象,物理アタッカー,どくばり / アシッドボム / ダストシュート / どくどく,ベノムショック,ダストシュート,基礎形は早期STAB、中間は中威力STAB、進化先は役割技と終盤大技。分岐進化は分岐後に個性技を追加。,異タイプ高火力技は最大2タイプまで。元々の設定・身体構造・図鑑説明に根拠がない技は削除または教え技化。,P1
39,シェルダー,シェルダー → パルシェン,こおり / みず,通常生態,既存（トーホク図鑑041）; 既存（トーホク図鑑042）,特殊アタッカー,アクアジェット / みずのはどう / ハイドロポンプ / あまごい / ふぶき / ゆきげしき,アクアブレイク / アイススピナー,クイックターン / トリプルアクセル,基礎形は早期STAB、中間は中威力STAB、進化先は役割技と終盤大技。分岐進化は分岐後に個性技を追加。,異タイプ高火力技は最大2タイプまで。元々の設定・身体構造・図鑑説明に根拠がない技は削除または教え技化。,P0
40,ゴース,ゴース → ゴースト → ゲンガー,どく / ゴースト,通常生態,既存（トーホク図鑑063）; 既存（トーホク図鑑064）; 既存（トーホク図鑑065）,特殊アタッカー,おどろかす / おにび / アシッドボム / どくどく / たたりめ / ヘドロばくだん / シャドーボール / ヘドロウェーブ,シャドークロー / ベノムショック,ポルターガイスト / ダストシュート,基礎形は早期STAB、中間は中威力STAB、進化先は役割技と終盤大技。分岐進化は分岐後に個性技を追加。,異タイプ高火力技は最大2タイプまで。元々の設定・身体構造・図鑑説明に根拠がない技は削除または教え技化。,P0
41,イワーク,イワーク → ハガネール,いわ / じめん / はがね,通常生態,未収録・追加対象,物理寄り,いわおとし / ステルスロック / どろかけ / すなあらし / ヘビーボンバー / てっぺき / じしん,ステルスロック / じならし / ラスターカノン,メテオビーム / ねっさのだいち / アイアンヘッド,基礎形は早期STAB、中間は中威力STAB、進化先は役割技と終盤大技。分岐進化は分岐後に個性技を追加。,異タイプ高火力技は最大2タイプまで。元々の設定・身体構造・図鑑説明に根拠がない技は削除または教え技化。,P1
42,スリープ,スリープ → スリーパー,エスパー,通常生態,未収録・追加対象,特殊寄り,ねんりき / めいそう / サイコショック,サイコショック,トリック,基礎形は早期STAB、中間は中威力STAB、進化先は役割技と終盤大技。分岐進化は分岐後に個性技を追加。,異タイプ高火力技は最大2タイプまで。元々の設定・身体構造・図鑑説明に根拠がない技は削除または教え技化。,P1
43,クラブ,クラブ → キングラー,みず,通常生態,既存（トーホク図鑑231）; 既存（トーホク図鑑232）,物理アタッカー,アクアジェット / みずのはどう / たきのぼり / あまごい,アクアブレイク,クイックターン,基礎形は早期STAB、中間は中威力STAB、進化先は役割技と終盤大技。分岐進化は分岐後に個性技を追加。,異タイプ高火力技は最大2タイプまで。元々の設定・身体構造・図鑑説明に根拠がない技は削除または教え技化。,P0
44,ビリリダマ,ビリリダマ → マルマイン,でんき,人工・無機物,既存（トーホク図鑑223）; 既存（トーホク図鑑224）,特殊寄り,でんきショック / でんじは / かみなり,ボルトチェンジ,エレキネット,基礎形は早期STAB、中間は中威力STAB、進化先は役割技と終盤大技。分岐進化は分岐後に個性技を追加。,異タイプ高火力技は最大2タイプまで。元々の設定・身体構造・図鑑説明に根拠がない技は削除または教え技化。,P0
45,タマタマ,タマタマ → ナッシー,くさ / エスパー,通常生態,既存（トーホク図鑑066）; 既存（トーホク図鑑067）,特殊アタッカー,メガドレイン / やどりぎのタネ / ねんりき / めいそう / エナジーボール / サイコショック,くさむすび / サイコショック,グラススライダー / トリック,基礎形は早期STAB、中間は中威力STAB、進化先は役割技と終盤大技。分岐進化は分岐後に個性技を追加。,異タイプ高火力技は最大2タイプまで。元々の設定・身体構造・図鑑説明に根拠がない技は削除または教え技化。,P0
46,カラカラ,カラカラ → ガラガラ,じめん,通常生態,未収録・追加対象,物理アタッカー,どろかけ / すなあらし / ホネブーメラン / じしん,じならし,ねっさのだいち,基礎形は早期STAB、中間は中威力STAB、進化先は役割技と終盤大技。分岐進化は分岐後に個性技を追加。,異タイプ高火力技は最大2タイプまで。元々の設定・身体構造・図鑑説明に根拠がない技は削除または教え技化。,P0
47,バルキー,バルキー → サワムラー → エビワラー → カポエラー,かくとう,ベビィ含有,既存（トーホク図鑑046）; 既存（トーホク図鑑047）; 既存（トーホク図鑑048）; 既存（トーホク図鑑049）,物理寄り,インファイト / ビルドアップ / いわくだき,ドレインパンチ,コーチング,基礎形は早期STAB、中間は中威力STAB、進化先は役割技と終盤大技。分岐進化は分岐後に個性技を追加。,異タイプ高火力技は最大2タイプまで。元々の設定・身体構造・図鑑説明に根拠がない技は削除または教え技化。,P0
48,ベロリンガ,ベロリンガ → ベロベルト,ノーマル,通常生態,既存（トーホク図鑑270）; 既存（トーホク図鑑271）,物理寄り,ずつき / アンコール / すてみタックル,まもる,てだすけ,基礎形は早期STAB、中間は中威力STAB、進化先は役割技と終盤大技。分岐進化は分岐後に個性技を追加。,異タイプ高火力技は最大2タイプまで。元々の設定・身体構造・図鑑説明に根拠がない技は削除または教え技化。,P0
49,ドガース,ドガース → マタドガス,どく,通常生態,既存（トーホク図鑑264）; 既存（トーホク図鑑265）,補助寄り両刀,どくばり / アシッドボム / ヘドロばくだん / どくどく / どくびし,ベノムショック,ダストシュート,基礎形は早期STAB、中間は中威力STAB、進化先は役割技と終盤大技。分岐進化は分岐後に個性技を追加。,異タイプ高火力技は最大2タイプまで。元々の設定・身体構造・図鑑説明に根拠がない技は削除または教え技化。,P0
50,サイホーン,サイホーン → サイドン → ドサイドン,いわ / じめん,通常生態,既存（トーホク図鑑071）; 既存（トーホク図鑑072）; 既存（トーホク図鑑073）,物理アタッカー,どろかけ / すなあらし / いわおとし / ステルスロック / じならし / いわなだれ / じしん / ストーンエッジ,じならし / ステルスロック,ねっさのだいち / メテオビーム,基礎形は早期STAB、中間は中威力STAB、進化先は役割技と終盤大技。分岐進化は分岐後に個性技を追加。,異タイプ高火力技は最大2タイプまで。元々の設定・身体構造・図鑑説明に根拠がない技は削除または教え技化。,P0
51,ピンプク,ピンプク → ラッキー → ハピナス,ノーマル,ベビィ含有,既存（トーホク図鑑287）; 既存（トーホク図鑑288）; 既存（トーホク図鑑289）,物理寄り,のしかかり / ハイパーボイス / アンコール / あくび / ずつき,まもる,てだすけ,基礎形は早期STAB、中間は中威力STAB、進化先は役割技と終盤大技。分岐進化は分岐後に個性技を追加。,異タイプ高火力技は最大2タイプまで。元々の設定・身体構造・図鑑説明に根拠がない技は削除または教え技化。,P0
52,モンジャラ,モンジャラ → モジャンボ,くさ,通常生態,未収録・追加対象,特殊アタッカー,メガドレイン / やどりぎのタネ / エナジーボール,くさむすび,グラススライダー,基礎形は早期STAB、中間は中威力STAB、進化先は役割技と終盤大技。分岐進化は分岐後に個性技を追加。,異タイプ高火力技は最大2タイプまで。元々の設定・身体構造・図鑑説明に根拠がない技は削除または教え技化。,P1
53,ガルーラ,ガルーラ,ノーマル,通常生態,既存（トーホク図鑑118）,物理アタッカー,ずつき / アンコール,まもる,てだすけ,基礎形は早期STAB、中間は中威力STAB、進化先は役割技と終盤大技。分岐進化は分岐後に個性技を追加。,異タイプ高火力技は最大2タイプまで。元々の設定・身体構造・図鑑説明に根拠がない技は削除または教え技化。,P0
54,タッツー,タッツー → シードラ → キングドラ,みず / ドラゴン,通常生態,未収録・追加対象,特殊アタッカー,アクアジェット / みずのはどう / アクアブレイク / なみのり / ハイドロポンプ / あまごい / りゅうせいぐん / りゅうのまい,アクアブレイク / ワイドブレイカー,クイックターン / りゅうせいぐん,基礎形は早期STAB、中間は中威力STAB、進化先は役割技と終盤大技。分岐進化は分岐後に個性技を追加。,異タイプ高火力技は最大2タイプまで。元々の設定・身体構造・図鑑説明に根拠がない技は削除または教え技化。,P1
55,トサキント,トサキント → アズマオウ,みず,通常生態,未収録・追加対象,両刀・可変,アクアジェット / みずのはどう / アクアブレイク / なみのり / あまごい,アクアブレイク,クイックターン,基礎形は早期STAB、中間は中威力STAB、進化先は役割技と終盤大技。分岐進化は分岐後に個性技を追加。,異タイプ高火力技は最大2タイプまで。元々の設定・身体構造・図鑑説明に根拠がない技は削除または教え技化。,P1
56,ヒトデマン,ヒトデマン → スターミー,みず / エスパー,人工・無機物,既存（トーホク図鑑061）; 既存（トーホク図鑑062）,特殊アタッカー,アクアジェット / みずのはどう / ハイドロポンプ / あまごい / サイコショック / めいそう,アクアブレイク / サイコショック,クイックターン / トリック,基礎形は早期STAB、中間は中威力STAB、進化先は役割技と終盤大技。分岐進化は分岐後に個性技を追加。,異タイプ高火力技は最大2タイプまで。元々の設定・身体構造・図鑑説明に根拠がない技は削除または教え技化。,P0
57,マネネ,マネネ → バリヤード → バリコオル,こおり / エスパー / フェアリー,ベビィ含有,未収録・追加対象,特殊アタッカー,サイコキネシス / めいそう / マジカルシャイン / あまえる / ねんりき / ようせいのかぜ / ふぶき / ゆきげしき,サイコショック / マジカルシャイン / アイススピナー,トリック / ミストバースト / トリプルアクセル,基礎形は早期STAB、中間は中威力STAB、進化先は役割技と終盤大技。分岐進化は分岐後に個性技を追加。,異タイプ高火力技は最大2タイプまで。元々の設定・身体構造・図鑑説明に根拠がない技は削除または教え技化。,P1
58,ストライク,ストライク → ハッサム → バサギリ,いわ / はがね / ひこう / むし,通常生態,既存（トーホク図鑑257）; 既存（トーホク図鑑258）; 未収録・追加対象,物理アタッカー,むしくい / ねばねばネット / つばさでうつ / おいかぜ / シザークロス / アイアンヘッド / てっぺき / がんせきアックス,とんぼがえり / アクロバット / ラスターカノン / ステルスロック,むしくい / おいかぜ / アイアンヘッド / メテオビーム,基礎形は早期STAB、中間は中威力STAB、進化先は役割技と終盤大技。分岐進化は分岐後に個性技を追加。,異タイプ高火力技は最大2タイプまで。元々の設定・身体構造・図鑑説明に根拠がない技は削除または教え技化。,P0
59,ムチュール,ムチュール → ルージュラ,こおり / エスパー,ベビィ含有,既存（トーホク図鑑184）; 既存（トーホク図鑑185）,特殊寄り,ふぶき / ゆきげしき / サイコショック / めいそう / こごえるかぜ / ねんりき,アイススピナー / サイコショック,トリプルアクセル / トリック,基礎形は早期STAB、中間は中威力STAB、進化先は役割技と終盤大技。分岐進化は分岐後に個性技を追加。,異タイプ高火力技は最大2タイプまで。元々の設定・身体構造・図鑑説明に根拠がない技は削除または教え技化。,P0
60,エレキッド,エレキッド → エレブー → エレキブル,でんき,ベビィ含有,既存（トーホク図鑑112）; 既存（トーホク図鑑113）; 既存（トーホク図鑑114）,両刀・可変,10まんボルト / でんじは / でんきショック / かみなりパンチ,ボルトチェンジ,エレキネット,基礎形は早期STAB、中間は中威力STAB、進化先は役割技と終盤大技。分岐進化は分岐後に個性技を追加。,異タイプ高火力技は最大2タイプまで。元々の設定・身体構造・図鑑説明に根拠がない技は削除または教え技化。,P0
61,ブビィ,ブビィ → ブーバー → ブーバーン,ほのお,ベビィ含有,既存（トーホク図鑑115）; 既存（トーホク図鑑116）; 既存（トーホク図鑑117）,両刀・可変,かえんほうしゃ / おにび / ひのこ / ニトロチャージ,かえんほうしゃ,ねっぷう,基礎形は早期STAB、中間は中威力STAB、進化先は役割技と終盤大技。分岐進化は分岐後に個性技を追加。,異タイプ高火力技は最大2タイプまで。元々の設定・身体構造・図鑑説明に根拠がない技は削除または教え技化。,P0
62,カイロス,カイロス,むし,通常生態,既存（トーホク図鑑259）,物理アタッカー,むしくい / ねばねばネット,とんぼがえり,むしくい,基礎形は早期STAB、中間は中威力STAB、進化先は役割技と終盤大技。分岐進化は分岐後に個性技を追加。,異タイプ高火力技は最大2タイプまで。元々の設定・身体構造・図鑑説明に根拠がない技は削除または教え技化。,P0
63,ケンタロス,ケンタロス,ノーマル,通常生態,既存（トーホク図鑑203）,物理アタッカー,ずつき / アンコール,まもる,てだすけ,基礎形は早期STAB、中間は中威力STAB、進化先は役割技と終盤大技。分岐進化は分岐後に個性技を追加。,異タイプ高火力技は最大2タイプまで。元々の設定・身体構造・図鑑説明に根拠がない技は削除または教え技化。,P0
64,コイキング,コイキング → ギャラドス,ひこう / みず,通常生態,未収録・追加対象,物理アタッカー,アクアジェット / みずのはどう / たきのぼり / あまごい / ブレイブバード / おいかぜ,アクアブレイク / アクロバット,クイックターン / おいかぜ,基礎形は早期STAB、中間は中威力STAB、進化先は役割技と終盤大技。分岐進化は分岐後に個性技を追加。,異タイプ高火力技は最大2タイプまで。元々の設定・身体構造・図鑑説明に根拠がない技は削除または教え技化。,P1
65,ラプラス,ラプラス,こおり / みず,通常生態,既存（トーホク図鑑340）,特殊アタッカー,みずのはどう / あまごい / こごえるかぜ / ゆきげしき,アクアブレイク / アイススピナー,クイックターン / トリプルアクセル,基礎形は早期STAB、中間は中威力STAB、進化先は役割技と終盤大技。分岐進化は分岐後に個性技を追加。,異タイプ高火力技は最大2タイプまで。元々の設定・身体構造・図鑑説明に根拠がない技は削除または教え技化。,P0
66,メタモン,メタモン,ノーマル,人工・無機物,既存（トーホク図鑑183）,物理寄り,ずつき / アンコール,まもる,てだすけ,基礎形は早期STAB、中間は中威力STAB、進化先は役割技と終盤大技。分岐進化は分岐後に個性技を追加。,異タイプ高火力技は最大2タイプまで。元々の設定・身体構造・図鑑説明に根拠がない技は削除または教え技化。,P0
67,イーブイ,イーブイ → シャワーズ → サンダース → ブースター → エーフィ → ブラッキー → リーフィア → グレイシア → ニンフィア,あく / くさ / こおり / でんき / ほのお / みず / エスパー / ノーマル / フェアリー,通常生態,未収録・追加対象,特殊アタッカー,ずつき / アンコール / ハイドロポンプ / あまごい / かみなり / でんじは / フレアドライブ / おにび,まもる / アクアブレイク / ボルトチェンジ / かえんほうしゃ / サイコショック,てだすけ / クイックターン / エレキネット / ねっぷう / トリック,基礎形は早期STAB、中間は中威力STAB、進化先は役割技と終盤大技。分岐進化は分岐後に個性技を追加。,異タイプ高火力技は最大2タイプまで。元々の設定・身体構造・図鑑説明に根拠がない技は削除または教え技化。,P0
68,ポリゴン,ポリゴン → ポリゴン２ → ポリゴンＺ,ノーマル,人工・無機物,既存（トーホク図鑑075）; 既存（トーホク図鑑076）; 既存（トーホク図鑑077）,特殊アタッカー,ずつき / アンコール / ハイパーボイス / ばくおんぱ（音系のみ）,まもる,てだすけ,基礎形は早期STAB、中間は中威力STAB、進化先は役割技と終盤大技。分岐進化は分岐後に個性技を追加。,異タイプ高火力技は最大2タイプまで。元々の設定・身体構造・図鑑説明に根拠がない技は削除または教え技化。,P0
69,オムナイト,オムナイト → オムスター,いわ / みず,化石,未収録・追加対象,特殊アタッカー,いわおとし / ステルスロック / アクアジェット / あまごい / メテオビーム / ハイドロポンプ,ステルスロック / アクアブレイク,メテオビーム / クイックターン,基礎形は早期STAB、中間は中威力STAB、進化先は役割技と終盤大技。分岐進化は分岐後に個性技を追加。,異タイプ高火力技は最大2タイプまで。元々の設定・身体構造・図鑑説明に根拠がない技は削除または教え技化。,P1
70,カブト,カブト → カブトプス,いわ / みず,化石,未収録・追加対象,物理アタッカー,いわおとし / ステルスロック / アクアジェット / あまごい / ストーンエッジ / たきのぼり,ステルスロック / アクアブレイク,メテオビーム / クイックターン,基礎形は早期STAB、中間は中威力STAB、進化先は役割技と終盤大技。分岐進化は分岐後に個性技を追加。,異タイプ高火力技は最大2タイプまで。元々の設定・身体構造・図鑑説明に根拠がない技は削除または教え技化。,P1
71,プテラ,プテラ,いわ / ひこう,化石,既存（トーホク図鑑123）,物理アタッカー,いわおとし / ステルスロック / つばさでうつ / おいかぜ,ステルスロック / アクロバット,メテオビーム / おいかぜ,基礎形は早期STAB、中間は中威力STAB、進化先は役割技と終盤大技。分岐進化は分岐後に個性技を追加。,異タイプ高火力技は最大2タイプまで。元々の設定・身体構造・図鑑説明に根拠がない技は削除または教え技化。,P0
72,ゴンベ,ゴンベ → カビゴン,ノーマル,ベビィ含有,未収録・追加対象,物理寄り,すてみタックル / アンコール / ずつき,まもる,てだすけ,基礎形は早期STAB、中間は中威力STAB、進化先は役割技と終盤大技。分岐進化は分岐後に個性技を追加。,異タイプ高火力技は最大2タイプまで。元々の設定・身体構造・図鑑説明に根拠がない技は削除または教え技化。,P1
73,フリーザー,フリーザー,こおり / ひこう,伝説,既存（トーホク図鑑136）,特殊アタッカー,こごえるかぜ / ゆきげしき / かぜおこし / おいかぜ,アイススピナー / アクロバット,トリプルアクセル / おいかぜ,基礎形は早期STAB、中間は中威力STAB、進化先は役割技と終盤大技。分岐進化は分岐後に個性技を追加。,異タイプ高火力技は最大2タイプまで。元々の設定・身体構造・図鑑説明に根拠がない技は削除または教え技化。,P0
74,サンダー,サンダー,でんき / ひこう,伝説,既存（トーホク図鑑137）,特殊アタッカー,でんきショック / でんじは / かぜおこし / おいかぜ,ボルトチェンジ / アクロバット,エレキネット / おいかぜ,基礎形は早期STAB、中間は中威力STAB、進化先は役割技と終盤大技。分岐進化は分岐後に個性技を追加。,異タイプ高火力技は最大2タイプまで。元々の設定・身体構造・図鑑説明に根拠がない技は削除または教え技化。,P0
75,ファイヤー,ファイヤー,ひこう / ほのお,伝説,既存（トーホク図鑑138）,特殊アタッカー,ひのこ / おにび / かぜおこし / おいかぜ,かえんほうしゃ / アクロバット,ねっぷう / おいかぜ,基礎形は早期STAB、中間は中威力STAB、進化先は役割技と終盤大技。分岐進化は分岐後に個性技を追加。,異タイプ高火力技は最大2タイプまで。元々の設定・身体構造・図鑑説明に根拠がない技は削除または教え技化。,P0
76,ミニリュウ,ミニリュウ → ハクリュー → カイリュー,ひこう / ドラゴン,600族,未収録・追加対象,両刀・可変,ドラゴンテール / りゅうのまい / ドラゴンクロー / りゅうのはどう / ドリルくちばし,ワイドブレイカー / アクロバット,りゅうせいぐん / おいかぜ,基礎形は早期STAB、中間は中威力STAB、進化先は役割技と終盤大技。分岐進化は分岐後に個性技を追加。,異タイプ高火力技は最大2タイプまで。元々の設定・身体構造・図鑑説明に根拠がない技は削除または教え技化。,P1
77,ミュウツー,ミュウツー,エスパー,伝説,既存（トーホク図鑑150）,特殊アタッカー,ねんりき / めいそう,サイコショック,トリック,基礎形は早期STAB、中間は中威力STAB、進化先は役割技と終盤大技。分岐進化は分岐後に個性技を追加。,異タイプ高火力技は最大2タイプまで。元々の設定・身体構造・図鑑説明に根拠がない技は削除または教え技化。,P0
78,ミュウ,ミュウ,エスパー,幻,既存（トーホク図鑑151）,特殊アタッカー,ねんりき / めいそう,サイコショック,トリック,基礎形は早期STAB、中間は中威力STAB、進化先は役割技と終盤大技。分岐進化は分岐後に個性技を追加。,異タイプ高火力技は最大2タイプまで。元々の設定・身体構造・図鑑説明に根拠がない技は削除または教え技化。,P0
79,チコリータ,チコリータ → ベイリーフ → メガニウム,くさ,御三家,未収録・追加対象,特殊アタッカー,メガドレイン / やどりぎのタネ / ギガドレイン / はなふぶき / エナジーボール,くさむすび,グラススライダー,基礎形は早期STAB、中間は中威力STAB、進化先は役割技と終盤大技。分岐進化は分岐後に個性技を追加。,異タイプ高火力技は最大2タイプまで。元々の設定・身体構造・図鑑説明に根拠がない技は削除または教え技化。,P0
80,ヒノアラシ,ヒノアラシ → マグマラシ → バクフーン,ほのお,御三家,未収録・追加対象,両刀・可変,ひのこ / おにび / かえんほうしゃ / ふんか / ニトロチャージ,かえんほうしゃ,ねっぷう,基礎形は早期STAB、中間は中威力STAB、進化先は役割技と終盤大技。分岐進化は分岐後に個性技を追加。,異タイプ高火力技は最大2タイプまで。元々の設定・身体構造・図鑑説明に根拠がない技は削除または教え技化。,P0
81,ワニノコ,ワニノコ → アリゲイツ → オーダイル,みず,御三家,未収録・追加対象,物理アタッカー,アクアジェット / みずのはどう / アクアブレイク / なみのり / たきのぼり / あまごい,アクアブレイク,クイックターン,基礎形は早期STAB、中間は中威力STAB、進化先は役割技と終盤大技。分岐進化は分岐後に個性技を追加。,異タイプ高火力技は最大2タイプまで。元々の設定・身体構造・図鑑説明に根拠がない技は削除または教え技化。,P0
82,オタチ,オタチ → オオタチ,ノーマル,通常生態,未収録・追加対象,物理アタッカー,ずつき / アンコール / すてみタックル,まもる,てだすけ,基礎形は早期STAB、中間は中威力STAB、進化先は役割技と終盤大技。分岐進化は分岐後に個性技を追加。,異タイプ高火力技は最大2タイプまで。元々の設定・身体構造・図鑑説明に根拠がない技は削除または教え技化。,P1
83,ホーホー,ホーホー → ヨルノズク,ひこう / ノーマル,通常生態,既存（トーホク図鑑109）; 既存（トーホク図鑑110）,特殊アタッカー,ずつき / アンコール / つばさでうつ / おいかぜ / ばくおんぱ（音系のみ） / ぼうふう,まもる / アクロバット,てだすけ / おいかぜ,基礎形は早期STAB、中間は中威力STAB、進化先は役割技と終盤大技。分岐進化は分岐後に個性技を追加。,異タイプ高火力技は最大2タイプまで。元々の設定・身体構造・図鑑説明に根拠がない技は削除または教え技化。,P0
84,レディバ,レディバ → レディアン,ひこう / むし,通常生態,既存（トーホク図鑑198）; 既存（トーホク図鑑199）,物理寄り,むしくい / ねばねばネット / つばさでうつ / おいかぜ / メガホーン / ブレイブバード,とんぼがえり / アクロバット,むしくい / おいかぜ,基礎形は早期STAB、中間は中威力STAB、進化先は役割技と終盤大技。分岐進化は分岐後に個性技を追加。,異タイプ高火力技は最大2タイプまで。元々の設定・身体構造・図鑑説明に根拠がない技は削除または教え技化。,P0
85,イトマル,イトマル → アリアドス,どく / むし,通常生態,既存（トーホク図鑑272）; 既存（トーホク図鑑273）,物理寄り,むしくい / ねばねばネット / どくばり / どくどく / メガホーン / ダストシュート,とんぼがえり / ベノムショック,むしくい / ダストシュート,基礎形は早期STAB、中間は中威力STAB、進化先は役割技と終盤大技。分岐進化は分岐後に個性技を追加。,異タイプ高火力技は最大2タイプまで。元々の設定・身体構造・図鑑説明に根拠がない技は削除または教え技化。,P0
86,チョンチー,チョンチー → ランターン,でんき / みず,通常生態,未収録・追加対象,特殊アタッカー,みずのはどう / あまごい / でんきショック / でんじは / ハイドロポンプ / かみなり,アクアブレイク / ボルトチェンジ,クイックターン / エレキネット,基礎形は早期STAB、中間は中威力STAB、進化先は役割技と終盤大技。分岐進化は分岐後に個性技を追加。,異タイプ高火力技は最大2タイプまで。元々の設定・身体構造・図鑑説明に根拠がない技は削除または教え技化。,P1
87,トゲピー,トゲピー → トゲチック → トゲキッス,ひこう / フェアリー,ベビィ含有,既存（トーホク図鑑018）; 既存（トーホク図鑑019）; 既存（トーホク図鑑020）,特殊アタッカー,ようせいのかぜ / あまえる / マジカルシャイン / エアスラッシュ / おいかぜ / ムーンフォース / ぼうふう,マジカルシャイン / アクロバット,ミストバースト / おいかぜ,基礎形は早期STAB、中間は中威力STAB、進化先は役割技と終盤大技。分岐進化は分岐後に個性技を追加。,異タイプ高火力技は最大2タイプまで。元々の設定・身体構造・図鑑説明に根拠がない技は削除または教え技化。,P0
88,ネイティ,ネイティ → ネイティオ,ひこう / エスパー,通常生態,未収録・追加対象,特殊アタッカー,ねんりき / めいそう / かぜおこし / おいかぜ / サイコショック / ぼうふう,サイコショック / アクロバット,トリック / おいかぜ,基礎形は早期STAB、中間は中威力STAB、進化先は役割技と終盤大技。分岐進化は分岐後に個性技を追加。,異タイプ高火力技は最大2タイプまで。元々の設定・身体構造・図鑑説明に根拠がない技は削除または教え技化。,P1
89,メリープ,メリープ → モココ → デンリュウ,でんき,通常生態,未収録・追加対象,特殊アタッカー,でんきショック / でんじは / 10まんボルト / かみなり,ボルトチェンジ,エレキネット,基礎形は早期STAB、中間は中威力STAB、進化先は役割技と終盤大技。分岐進化は分岐後に個性技を追加。,異タイプ高火力技は最大2タイプまで。元々の設定・身体構造・図鑑説明に根拠がない技は削除または教え技化。,P1
90,ルリリ,ルリリ → マリル → マリルリ,みず / ノーマル / フェアリー,ベビィ含有,未収録・追加対象,補助寄り両刀,なみのり / あまごい / マジカルシャイン / あまえる / ハイドロポンプ / ムーンフォース / ずつき / スピードスター,アクアブレイク / マジカルシャイン / まもる,クイックターン / ミストバースト / てだすけ,基礎形は早期STAB、中間は中威力STAB、進化先は役割技と終盤大技。分岐進化は分岐後に個性技を追加。,異タイプ高火力技は最大2タイプまで。元々の設定・身体構造・図鑑説明に根拠がない技は削除または教え技化。,P1
91,ウソハチ,ウソハチ → ウソッキー,いわ,ベビィ含有,未収録・追加対象,物理寄り,ストーンエッジ / ステルスロック / いわおとし,ステルスロック,メテオビーム,基礎形は早期STAB、中間は中威力STAB、進化先は役割技と終盤大技。分岐進化は分岐後に個性技を追加。,異タイプ高火力技は最大2タイプまで。元々の設定・身体構造・図鑑説明に根拠がない技は削除または教え技化。,P1
92,ハネッコ,ハネッコ → ポポッコ → ワタッコ,くさ / ひこう,通常生態,未収録・追加対象,特殊寄り,メガドレイン / やどりぎのタネ / かぜおこし / おいかぜ / ギガドレイン / エアスラッシュ / エナジーボール / ぼうふう,くさむすび / アクロバット,グラススライダー / おいかぜ,基礎形は早期STAB、中間は中威力STAB、進化先は役割技と終盤大技。分岐進化は分岐後に個性技を追加。,異タイプ高火力技は最大2タイプまで。元々の設定・身体構造・図鑑説明に根拠がない技は削除または教え技化。,P1
93,エイパム,エイパム → エテボース,ノーマル,通常生態,未収録・追加対象,物理アタッカー,ずつき / アンコール / すてみタックル,まもる,てだすけ,基礎形は早期STAB、中間は中威力STAB、進化先は役割技と終盤大技。分岐進化は分岐後に個性技を追加。,異タイプ高火力技は最大2タイプまで。元々の設定・身体構造・図鑑説明に根拠がない技は削除または教え技化。,P1
94,ヒマナッツ,ヒマナッツ → キマワリ,くさ,通常生態,未収録・追加対象,特殊寄り,メガドレイン / やどりぎのタネ / エナジーボール,くさむすび,グラススライダー,基礎形は早期STAB、中間は中威力STAB、進化先は役割技と終盤大技。分岐進化は分岐後に個性技を追加。,異タイプ高火力技は最大2タイプまで。元々の設定・身体構造・図鑑説明に根拠がない技は削除または教え技化。,P1
95,ヤンヤンマ,ヤンヤンマ → メガヤンマ,ひこう / むし,通常生態,未収録・追加対象,特殊アタッカー,むしくい / ねばねばネット / つばさでうつ / おいかぜ / かふんだんご / ぼうふう,とんぼがえり / アクロバット,むしくい / おいかぜ,基礎形は早期STAB、中間は中威力STAB、進化先は役割技と終盤大技。分岐進化は分岐後に個性技を追加。,異タイプ高火力技は最大2タイプまで。元々の設定・身体構造・図鑑説明に根拠がない技は削除または教え技化。,P1
96,ウパー,ウパー → ヌオー → ドオー,じめん / どく / みず,通常生態,未収録・追加対象,物理アタッカー,アクアジェット / あまごい / どろかけ / すなあらし / アクアブレイク / じならし / ダストシュート / どくどく,アクアブレイク / じならし / ベノムショック,クイックターン / ねっさのだいち / ダストシュート,基礎形は早期STAB、中間は中威力STAB、進化先は役割技と終盤大技。分岐進化は分岐後に個性技を追加。,異タイプ高火力技は最大2タイプまで。元々の設定・身体構造・図鑑説明に根拠がない技は削除または教え技化。,P1
97,ヤミカラス,ヤミカラス → ドンカラス,あく / ひこう,通常生態,既存（トーホク図鑑226）; 既存（トーホク図鑑227）,物理アタッカー,かみつく / ちょうはつ / つばさでうつ / おいかぜ / はたきおとす / ブレイブバード,バークアウト / アクロバット,はたきおとす / おいかぜ,基礎形は早期STAB、中間は中威力STAB、進化先は役割技と終盤大技。分岐進化は分岐後に個性技を追加。,異タイプ高火力技は最大2タイプまで。元々の設定・身体構造・図鑑説明に根拠がない技は削除または教え技化。,P0
98,ムウマ,ムウマ → ムウマージ,ゴースト,通常生態,未収録・追加対象,特殊アタッカー,かげうち / おにび / シャドーボール,シャドークロー,ポルターガイスト,基礎形は早期STAB、中間は中威力STAB、進化先は役割技と終盤大技。分岐進化は分岐後に個性技を追加。,異タイプ高火力技は最大2タイプまで。元々の設定・身体構造・図鑑説明に根拠がない技は削除または教え技化。,P1
99,アンノーン,アンノーン,エスパー,通常生態,既存（トーホク図鑑201）,特殊アタッカー,ねんりき / めいそう,サイコショック,トリック,基礎形は早期STAB、中間は中威力STAB、進化先は役割技と終盤大技。分岐進化は分岐後に個性技を追加。,異タイプ高火力技は最大2タイプまで。元々の設定・身体構造・図鑑説明に根拠がない技は削除または教え技化。,P0
100,ソーナノ,ソーナノ → ソーナンス,エスパー,ベビィ含有,未収録・追加対象,特殊寄り,サイコショック / めいそう / ねんりき,サイコショック,トリック,基礎形は早期STAB、中間は中威力STAB、進化先は役割技と終盤大技。分岐進化は分岐後に個性技を追加。,異タイプ高火力技は最大2タイプまで。元々の設定・身体構造・図鑑説明に根拠がない技は削除または教え技化。,P0
101,キリンリキ,キリンリキ → リキキリン,エスパー / ノーマル,通常生態,既存（トーホク図鑑054）; 未収録・追加対象,耐久・補助,スピードスター / アンコール / ねんりき / めいそう / ツインビーム / ハイパーボイス / あくび,まもる / サイコショック,てだすけ / トリック,基礎形は早期STAB、中間は中威力STAB、進化先は役割技と終盤大技。分岐進化は分岐後に個性技を追加。,異タイプ高火力技は最大2タイプまで。元々の設定・身体構造・図鑑説明に根拠がない技は削除または教え技化。,P0
102,クヌギダマ,クヌギダマ → フォレトス,はがね / むし,通常生態,既存（トーホク図鑑039）; 既存（トーホク図鑑040）,物理寄り,むしくい / ねばねばネット / メガホーン / ヘビーボンバー / てっぺき,とんぼがえり / ラスターカノン,むしくい / アイアンヘッド,基礎形は早期STAB、中間は中威力STAB、進化先は役割技と終盤大技。分岐進化は分岐後に個性技を追加。,異タイプ高火力技は最大2タイプまで。元々の設定・身体構造・図鑑説明に根拠がない技は削除または教え技化。,P0
103,ノコッチ,ノコッチ → ノココッチ,ノーマル,通常生態,既存（トーホク図鑑363）; 未収録・追加対象,物理アタッカー,ずつき / アンコール / ハイパードリル / すてみタックル,まもる,てだすけ,基礎形は早期STAB、中間は中威力STAB、進化先は役割技と終盤大技。分岐進化は分岐後に個性技を追加。,異タイプ高火力技は最大2タイプまで。元々の設定・身体構造・図鑑説明に根拠がない技は削除または教え技化。,P0
104,グライガー,グライガー → グライオン,じめん / ひこう,通常生態,未収録・追加対象,物理寄り,どろかけ / すなあらし / つばさでうつ / おいかぜ / じしん / ブレイブバード,じならし / アクロバット,ねっさのだいち / おいかぜ,基礎形は早期STAB、中間は中威力STAB、進化先は役割技と終盤大技。分岐進化は分岐後に個性技を追加。,異タイプ高火力技は最大2タイプまで。元々の設定・身体構造・図鑑説明に根拠がない技は削除または教え技化。,P1
105,ブルー,ブルー → グランブル,フェアリー,通常生態,未収録・追加対象,物理アタッカー,ようせいのかぜ / あまえる / じゃれつく,マジカルシャイン,ミストバースト,基礎形は早期STAB、中間は中威力STAB、進化先は役割技と終盤大技。分岐進化は分岐後に個性技を追加。,異タイプ高火力技は最大2タイプまで。元々の設定・身体構造・図鑑説明に根拠がない技は削除または教え技化。,P1
106,ハリーセン,ハリーセン → ハリーマン,あく / どく / みず,通常生態,未収録・追加対象,物理アタッカー,アクアジェット / みずのはどう / どくばり / アシッドボム / どくばりセンボン / はたきおとす / ちょうはつ / ダストシュート,アクアブレイク / ベノムショック / バークアウト,クイックターン / ダストシュート / はたきおとす,基礎形は早期STAB、中間は中威力STAB、進化先は役割技と終盤大技。分岐進化は分岐後に個性技を追加。,異タイプ高火力技は最大2タイプまで。元々の設定・身体構造・図鑑説明に根拠がない技は削除または教え技化。,P0
107,ツボツボ,ツボツボ,いわ / むし,通常生態,既存（トーホク図鑑093）,耐久・補助,むしくい / むしのていこう / いわおとし / げんしのちから,とんぼがえり / ステルスロック,むしくい / メテオビーム,基礎形は早期STAB、中間は中威力STAB、進化先は役割技と終盤大技。分岐進化は分岐後に個性技を追加。,異タイプ高火力技は最大2タイプまで。元々の設定・身体構造・図鑑説明に根拠がない技は削除または教え技化。,P0
108,ヘラクロス,ヘラクロス,かくとう / むし,通常生態,未収録・追加対象,物理アタッカー,むしくい / ねばねばネット / いわくだき / ビルドアップ,とんぼがえり / ドレインパンチ,むしくい / コーチング,基礎形は早期STAB、中間は中威力STAB、進化先は役割技と終盤大技。分岐進化は分岐後に個性技を追加。,異タイプ高火力技は最大2タイプまで。元々の設定・身体構造・図鑑説明に根拠がない技は削除または教え技化。,P1
109,ニューラ,ニューラ → マニューラ → オオニューラ,あく / かくとう / こおり / どく,通常生態,既存（トーホク図鑑247）; 既存（トーホク図鑑248）; 未収録・追加対象,物理アタッカー,かみつく / ちょうはつ / こおりのつぶて / ゆきげしき / つじぎり / アイススピナー / フェイタルクロー / インファイト,バークアウト / アイススピナー / ドレインパンチ / ベノムショック,はたきおとす / トリプルアクセル / コーチング / ダストシュート,基礎形は早期STAB、中間は中威力STAB、進化先は役割技と終盤大技。分岐進化は分岐後に個性技を追加。,異タイプ高火力技は最大2タイプまで。元々の設定・身体構造・図鑑説明に根拠がない技は削除または教え技化。,P0
110,ヒメグマ,ヒメグマ → リングマ → ガチグマ,じめん / ノーマル,通常生態,未収録・追加対象,物理アタッカー,ずつき / アンコール / のしかかり / ぶちかまし / じしん / すなあらし / すてみタックル,まもる / じならし,てだすけ / ねっさのだいち,基礎形は早期STAB、中間は中威力STAB、進化先は役割技と終盤大技。分岐進化は分岐後に個性技を追加。,異タイプ高火力技は最大2タイプまで。元々の設定・身体構造・図鑑説明に根拠がない技は削除または教え技化。,P0
111,マグマッグ,マグマッグ → マグカルゴ,いわ / ほのお,通常生態,未収録・追加対象,両刀・可変,ひのこ / おにび / ニトロチャージ / かえんほうしゃ / いわなだれ,かえんほうしゃ / ステルスロック,ねっぷう / メテオビーム,基礎形は早期STAB、中間は中威力STAB、進化先は役割技と終盤大技。分岐進化は分岐後に個性技を追加。,異タイプ高火力技は最大2タイプまで。元々の設定・身体構造・図鑑説明に根拠がない技は削除または教え技化。,P1
112,ウリムー,ウリムー → イノムー → マンムー,こおり / じめん,通常生態,既存（トーホク図鑑323）; 既存（トーホク図鑑324）; 既存（トーホク図鑑325）,両刀・可変,こおりのつぶて / こごえるかぜ / どろかけ / マッドショット / アイススピナー / れいとうビーム / じならし / だいちのちから,アイススピナー / じならし,トリプルアクセル / ねっさのだいち,基礎形は早期STAB、中間は中威力STAB、進化先は役割技と終盤大技。分岐進化は分岐後に個性技を追加。,異タイプ高火力技は最大2タイプまで。元々の設定・身体構造・図鑑説明に根拠がない技は削除または教え技化。,P0
113,サニーゴ,サニーゴ → サニゴーン,いわ / みず / ゴースト,通常生態,未収録・追加対象,特殊アタッカー,アクアジェット / あまごい / いわおとし / ステルスロック / シャドーボール / おにび,アクアブレイク / ステルスロック / シャドークロー,クイックターン / メテオビーム / ポルターガイスト,基礎形は早期STAB、中間は中威力STAB、進化先は役割技と終盤大技。分岐進化は分岐後に個性技を追加。,異タイプ高火力技は最大2タイプまで。元々の設定・身体構造・図鑑説明に根拠がない技は削除または教え技化。,P1
114,テッポウオ,テッポウオ → オクタン,みず,通常生態,既存（トーホク図鑑210）; 既存（トーホク図鑑211）,両刀・可変,アクアジェット / みずのはどう / アクアブレイク / なみのり / あまごい,アクアブレイク,クイックターン,基礎形は早期STAB、中間は中威力STAB、進化先は役割技と終盤大技。分岐進化は分岐後に個性技を追加。,異タイプ高火力技は最大2タイプまで。元々の設定・身体構造・図鑑説明に根拠がない技は削除または教え技化。,P0
115,デリバード,デリバード,こおり / ひこう,通常生態,既存（トーホク図鑑359）,特殊寄り,こごえるかぜ / ゆきげしき / かぜおこし / おいかぜ,アイススピナー / アクロバット,トリプルアクセル / おいかぜ,基礎形は早期STAB、中間は中威力STAB、進化先は役割技と終盤大技。分岐進化は分岐後に個性技を追加。,異タイプ高火力技は最大2タイプまで。元々の設定・身体構造・図鑑説明に根拠がない技は削除または教え技化。,P0
116,タマンタ,タマンタ → マンタイン,ひこう / みず,ベビィ含有,未収録・追加対象,両刀・可変,アクアブレイク / なみのり / あまごい / ドリルくちばし / アクアジェット / みずのはどう / つばさでうつ / かぜおこし,アクアブレイク / アクロバット,クイックターン / おいかぜ,基礎形は早期STAB、中間は中威力STAB、進化先は役割技と終盤大技。分岐進化は分岐後に個性技を追加。,異タイプ高火力技は最大2タイプまで。元々の設定・身体構造・図鑑説明に根拠がない技は削除または教え技化。,P1
117,エアームド,エアームド,はがね / ひこう,通常生態,既存（トーホク図鑑028）,物理寄り,メタルクロー / てっぺき / つばさでうつ / おいかぜ,ラスターカノン / アクロバット,アイアンヘッド / おいかぜ,基礎形は早期STAB、中間は中威力STAB、進化先は役割技と終盤大技。分岐進化は分岐後に個性技を追加。,異タイプ高火力技は最大2タイプまで。元々の設定・身体構造・図鑑説明に根拠がない技は削除または教え技化。,P0
118,デルビル,デルビル → ヘルガー,あく / ほのお,通常生態,既存（トーホク図鑑014）; 既存（トーホク図鑑015）,特殊アタッカー,かみつく / バークアウト / ほのおのキバ / ひのこ / イカサマ / ちょうはつ / だいもんじ / おにび,バークアウト / かえんほうしゃ,はたきおとす / ねっぷう,基礎形は早期STAB、中間は中威力STAB、進化先は役割技と終盤大技。分岐進化は分岐後に個性技を追加。,異タイプ高火力技は最大2タイプまで。元々の設定・身体構造・図鑑説明に根拠がない技は削除または教え技化。,P0
119,ゴマゾウ,ゴマゾウ → ドンファン,じめん,通常生態,未収録・追加対象,物理アタッカー,どろかけ / すなあらし / じしん,じならし,ねっさのだいち,基礎形は早期STAB、中間は中威力STAB、進化先は役割技と終盤大技。分岐進化は分岐後に個性技を追加。,異タイプ高火力技は最大2タイプまで。元々の設定・身体構造・図鑑説明に根拠がない技は削除または教え技化。,P1
120,オドシシ,オドシシ → アヤシシ,エスパー / ノーマル,通常生態,未収録・追加対象,物理アタッカー,ずつき / アンコール / すてみタックル / サイコファング / めいそう,まもる / サイコショック,てだすけ / トリック,基礎形は早期STAB、中間は中威力STAB、進化先は役割技と終盤大技。分岐進化は分岐後に個性技を追加。,異タイプ高火力技は最大2タイプまで。元々の設定・身体構造・図鑑説明に根拠がない技は削除または教え技化。,P1
121,ドーブル,ドーブル,ノーマル,通常生態,未収録・追加対象,耐久・補助,ずつき / スピードスター,まもる,てだすけ,基礎形は早期STAB、中間は中威力STAB、進化先は役割技と終盤大技。分岐進化は分岐後に個性技を追加。,異タイプ高火力技は最大2タイプまで。元々の設定・身体構造・図鑑説明に根拠がない技は削除または教え技化。,P0
122,ミルタンク,ミルタンク,ノーマル,通常生態,既存（トーホク図鑑092）,物理寄り,ずつき / アンコール,まもる,てだすけ,基礎形は早期STAB、中間は中威力STAB、進化先は役割技と終盤大技。分岐進化は分岐後に個性技を追加。,異タイプ高火力技は最大2タイプまで。元々の設定・身体構造・図鑑説明に根拠がない技は削除または教え技化。,P0
123,ライコウ,ライコウ,でんき,伝説,既存（トーホク図鑑139）,特殊寄り,でんきショック / でんじは,ボルトチェンジ,エレキネット,基礎形は早期STAB、中間は中威力STAB、進化先は役割技と終盤大技。分岐進化は分岐後に個性技を追加。,異タイプ高火力技は最大2タイプまで。元々の設定・身体構造・図鑑説明に根拠がない技は削除または教え技化。,P0
124,エンテイ,エンテイ,ほのお,伝説,既存（トーホク図鑑140）,特殊寄り,ひのこ / おにび,かえんほうしゃ,ねっぷう,基礎形は早期STAB、中間は中威力STAB、進化先は役割技と終盤大技。分岐進化は分岐後に個性技を追加。,異タイプ高火力技は最大2タイプまで。元々の設定・身体構造・図鑑説明に根拠がない技は削除または教え技化。,P0
125,スイクン,スイクン,みず,伝説,既存（トーホク図鑑141）,両刀・可変,アクアジェット / みずのはどう,アクアブレイク,クイックターン,基礎形は早期STAB、中間は中威力STAB、進化先は役割技と終盤大技。分岐進化は分岐後に個性技を追加。,異タイプ高火力技は最大2タイプまで。元々の設定・身体構造・図鑑説明に根拠がない技は削除または教え技化。,P0
126,ヨーギラス,ヨーギラス → サナギラス → バンギラス,あく / いわ / じめん,600族,既存（トーホク図鑑124）; 既存（トーホク図鑑125）; 既存（トーホク図鑑126）,両刀・可変,いわおとし / ステルスロック / どろかけ / すなあらし / いわなだれ / じならし / パワージェム / つじぎり,ステルスロック / じならし / バークアウト,メテオビーム / ねっさのだいち / はたきおとす,基礎形は早期STAB、中間は中威力STAB、進化先は役割技と終盤大技。分岐進化は分岐後に個性技を追加。,異タイプ高火力技は最大2タイプまで。元々の設定・身体構造・図鑑説明に根拠がない技は削除または教え技化。,P0
127,ルギア,ルギア,ひこう / エスパー,伝説,既存（トーホク図鑑148）,特殊寄り,ねんりき / めいそう / かぜおこし / おいかぜ,サイコショック / アクロバット,トリック / おいかぜ,基礎形は早期STAB、中間は中威力STAB、進化先は役割技と終盤大技。分岐進化は分岐後に個性技を追加。,異タイプ高火力技は最大2タイプまで。元々の設定・身体構造・図鑑説明に根拠がない技は削除または教え技化。,P0
128,ホウオウ,ホウオウ,ひこう / ほのお,伝説,既存（トーホク図鑑149）,特殊アタッカー,ひのこ / おにび / かぜおこし / おいかぜ,かえんほうしゃ / アクロバット,ねっぷう / おいかぜ,基礎形は早期STAB、中間は中威力STAB、進化先は役割技と終盤大技。分岐進化は分岐後に個性技を追加。,異タイプ高火力技は最大2タイプまで。元々の設定・身体構造・図鑑説明に根拠がない技は削除または教え技化。,P0
129,セレビィ,セレビィ,くさ / エスパー,幻,未収録・追加対象,特殊アタッカー,ねんりき / めいそう / メガドレイン / やどりぎのタネ,サイコショック / くさむすび,トリック / グラススライダー,基礎形は早期STAB、中間は中威力STAB、進化先は役割技と終盤大技。分岐進化は分岐後に個性技を追加。,異タイプ高火力技は最大2タイプまで。元々の設定・身体構造・図鑑説明に根拠がない技は削除または教え技化。,P1
130,キモリ,キモリ → ジュプトル → ジュカイン,くさ,御三家,未収録・追加対象,物理アタッカー,メガドレイン / やどりぎのタネ / ギガドレイン / リーフブレード,くさむすび,グラススライダー,基礎形は早期STAB、中間は中威力STAB、進化先は役割技と終盤大技。分岐進化は分岐後に個性技を追加。,異タイプ高火力技は最大2タイプまで。元々の設定・身体構造・図鑑説明に根拠がない技は削除または教え技化。,P0
131,アチャモ,アチャモ → ワカシャモ → バシャーモ,かくとう / ほのお,御三家,未収録・追加対象,両刀・可変,ひのこ / おにび / ニトロチャージ / かえんほうしゃ / かわらわり / はどうだん / ブレイズキック,かえんほうしゃ / ドレインパンチ,ねっぷう / コーチング,基礎形は早期STAB、中間は中威力STAB、進化先は役割技と終盤大技。分岐進化は分岐後に個性技を追加。,異タイプ高火力技は最大2タイプまで。元々の設定・身体構造・図鑑説明に根拠がない技は削除または教え技化。,P0
132,ミズゴロウ,ミズゴロウ → ヌマクロー → ラグラージ,じめん / みず,御三家,未収録・追加対象,両刀・可変,アクアジェット / みずのはどう / アクアブレイク / あまごい / じならし / すなあらし / だくりゅう / なみのり,アクアブレイク / じならし,クイックターン / ねっさのだいち,基礎形は早期STAB、中間は中威力STAB、進化先は役割技と終盤大技。分岐進化は分岐後に個性技を追加。,異タイプ高火力技は最大2タイプまで。元々の設定・身体構造・図鑑説明に根拠がない技は削除または教え技化。,P0
133,ポチエナ,ポチエナ → グラエナ,あく,通常生態,未収録・追加対象,物理アタッカー,かみつく / ちょうはつ / はたきおとす,バークアウト,はたきおとす,基礎形は早期STAB、中間は中威力STAB、進化先は役割技と終盤大技。分岐進化は分岐後に個性技を追加。,異タイプ高火力技は最大2タイプまで。元々の設定・身体構造・図鑑説明に根拠がない技は削除または教え技化。,P1
134,ジグザグマ,ジグザグマ → マッスグマ → タチフサグマ,あく / ノーマル,通常生態,未収録・追加対象,物理アタッカー,ずつき / アンコール / のしかかり / はたきおとす / ちょうはつ / すてみタックル,まもる / バークアウト,てだすけ / はたきおとす,基礎形は早期STAB、中間は中威力STAB、進化先は役割技と終盤大技。分岐進化は分岐後に個性技を追加。,異タイプ高火力技は最大2タイプまで。元々の設定・身体構造・図鑑説明に根拠がない技は削除または教え技化。,P1
135,ケムッソ,ケムッソ → カラサリス → マユルド → アゲハント → ドクケイル,どく / ひこう / むし,通常生態,未収録・追加対象,物理寄り,むしくい / ねばねばネット / メガホーン / ブレイブバード / おいかぜ / ダストシュート / どくどく,とんぼがえり / アクロバット / ベノムショック,むしくい / おいかぜ / ダストシュート,基礎形は早期STAB、中間は中威力STAB、進化先は役割技と終盤大技。分岐進化は分岐後に個性技を追加。,異タイプ高火力技は最大2タイプまで。元々の設定・身体構造・図鑑説明に根拠がない技は削除または教え技化。,P1
136,ハスボー,ハスボー → ハスブレロ → ルンパッパ,くさ / みず,通常生態,未収録・追加対象,特殊寄り,みずのはどう / あまごい / メガドレイン / やどりぎのタネ / なみのり / ギガドレイン / ハイドロポンプ / エナジーボール,アクアブレイク / くさむすび,クイックターン / グラススライダー,基礎形は早期STAB、中間は中威力STAB、進化先は役割技と終盤大技。分岐進化は分岐後に個性技を追加。,異タイプ高火力技は最大2タイプまで。元々の設定・身体構造・図鑑説明に根拠がない技は削除または教え技化。,P1
137,タネボー,タネボー → コノハナ → ダーテング,あく / くさ,通常生態,未収録・追加対象,両刀・可変,メガドレイン / やどりぎのタネ / タネばくだん / ギガドレイン / つじぎり / あくのはどう,くさむすび / バークアウト,グラススライダー / はたきおとす,基礎形は早期STAB、中間は中威力STAB、進化先は役割技と終盤大技。分岐進化は分岐後に個性技を追加。,異タイプ高火力技は最大2タイプまで。元々の設定・身体構造・図鑑説明に根拠がない技は削除または教え技化。,P1
138,スバメ,スバメ → オオスバメ,ひこう / ノーマル,通常生態,既存（トーホク図鑑010）; 既存（トーホク図鑑011）,物理寄り,ずつき / アンコール / つばさでうつ / おいかぜ / すてみタックル / ブレイブバード,まもる / アクロバット,てだすけ / おいかぜ,基礎形は早期STAB、中間は中威力STAB、進化先は役割技と終盤大技。分岐進化は分岐後に個性技を追加。,異タイプ高火力技は最大2タイプまで。元々の設定・身体構造・図鑑説明に根拠がない技は削除または教え技化。,P0
139,キャモメ,キャモメ → ペリッパー,ひこう / みず,通常生態,未収録・追加対象,両刀・可変,アクアジェット / みずのはどう / つばさでうつ / かぜおこし / アクアブレイク / なみのり / あまごい / ドリルくちばし,アクアブレイク / アクロバット,クイックターン / おいかぜ,基礎形は早期STAB、中間は中威力STAB、進化先は役割技と終盤大技。分岐進化は分岐後に個性技を追加。,異タイプ高火力技は最大2タイプまで。元々の設定・身体構造・図鑑説明に根拠がない技は削除または教え技化。,P1
140,ラルトス,ラルトス → キルリア → サーナイト → エルレイド,かくとう / エスパー / フェアリー,通常生態,既存（トーホク図鑑300）; 既存（トーホク図鑑301）; 既存（トーホク図鑑302）; 既存（トーホク図鑑303）,物理アタッカー,ねんりき / めいそう / ようせいのかぜ / あまえる / サイコショック / ムーンフォース / サイコファング / インファイト,サイコショック / マジカルシャイン / ドレインパンチ,トリック / ミストバースト / コーチング,基礎形は早期STAB、中間は中威力STAB、進化先は役割技と終盤大技。分岐進化は分岐後に個性技を追加。,異タイプ高火力技は最大2タイプまで。元々の設定・身体構造・図鑑説明に根拠がない技は削除または教え技化。,P0
141,アメタマ,アメタマ → アメモース,ひこう / みず / むし,通常生態,未収録・追加対象,物理寄り,むしくい / ねばねばネット / アクアジェット / あまごい / メガホーン / ブレイブバード / おいかぜ,とんぼがえり / アクアブレイク / アクロバット,むしくい / クイックターン / おいかぜ,基礎形は早期STAB、中間は中威力STAB、進化先は役割技と終盤大技。分岐進化は分岐後に個性技を追加。,異タイプ高火力技は最大2タイプまで。元々の設定・身体構造・図鑑説明に根拠がない技は削除または教え技化。,P1
142,キノココ,キノココ → キノガッサ,かくとう / くさ,通常生態,既存（トーホク図鑑249）; 既存（トーホク図鑑250）,物理アタッカー,メガドレイン / やどりぎのタネ / リーフブレード / インファイト / ビルドアップ,くさむすび / ドレインパンチ,グラススライダー / コーチング,基礎形は早期STAB、中間は中威力STAB、進化先は役割技と終盤大技。分岐進化は分岐後に個性技を追加。,異タイプ高火力技は最大2タイプまで。元々の設定・身体構造・図鑑説明に根拠がない技は削除または教え技化。,P0
143,ナマケロ,ナマケロ → ヤルキモノ → ケッキング,ノーマル,通常生態,未収録・追加対象,物理アタッカー,ずつき / アンコール / のしかかり / すてみタックル,まもる,てだすけ,基礎形は早期STAB、中間は中威力STAB、進化先は役割技と終盤大技。分岐進化は分岐後に個性技を追加。,異タイプ高火力技は最大2タイプまで。元々の設定・身体構造・図鑑説明に根拠がない技は削除または教え技化。,P0
144,ツチニン,ツチニン → テッカニン → ヌケニン,じめん / ひこう / むし / ゴースト,人工・無機物,既存（トーホク図鑑290）; 既存（トーホク図鑑291）; 既存（トーホク図鑑292）,両刀・可変,むしくい / ねばねばネット / どろかけ / すなあらし / シザークロス / ドリルくちばし / おいかぜ / むしのさざめき,とんぼがえり / じならし / アクロバット / シャドークロー,むしくい / ねっさのだいち / おいかぜ / ポルターガイスト,基礎形は早期STAB、中間は中威力STAB、進化先は役割技と終盤大技。分岐進化は分岐後に個性技を追加。,異タイプ高火力技は最大2タイプまで。元々の設定・身体構造・図鑑説明に根拠がない技は削除または教え技化。,P0
145,ゴニョニョ,ゴニョニョ → ドゴーム → バクオング,ノーマル,通常生態,既存（トーホク図鑑228）; 既存（トーホク図鑑229）; 既存（トーホク図鑑230）,物理寄り,ずつき / アンコール / のしかかり / すてみタックル,まもる,てだすけ,基礎形は早期STAB、中間は中威力STAB、進化先は役割技と終盤大技。分岐進化は分岐後に個性技を追加。,異タイプ高火力技は最大2タイプまで。元々の設定・身体構造・図鑑説明に根拠がない技は削除または教え技化。,P0
146,マクノシタ,マクノシタ → ハリテヤマ,かくとう,通常生態,未収録・追加対象,物理アタッカー,いわくだき / ビルドアップ / インファイト,ドレインパンチ,コーチング,基礎形は早期STAB、中間は中威力STAB、進化先は役割技と終盤大技。分岐進化は分岐後に個性技を追加。,異タイプ高火力技は最大2タイプまで。元々の設定・身体構造・図鑑説明に根拠がない技は削除または教え技化。,P1
147,ノズパス,ノズパス → ダイノーズ,いわ / はがね,通常生態,未収録・追加対象,特殊アタッカー,いわおとし / ステルスロック / メテオビーム / てっていこうせん / てっぺき,ステルスロック / ラスターカノン,メテオビーム / アイアンヘッド,基礎形は早期STAB、中間は中威力STAB、進化先は役割技と終盤大技。分岐進化は分岐後に個性技を追加。,異タイプ高火力技は最大2タイプまで。元々の設定・身体構造・図鑑説明に根拠がない技は削除または教え技化。,P1
148,エネコ,エネコ → エネコロロ,ノーマル,通常生態,未収録・追加対象,物理寄り,ずつき / アンコール / すてみタックル,まもる,てだすけ,基礎形は早期STAB、中間は中威力STAB、進化先は役割技と終盤大技。分岐進化は分岐後に個性技を追加。,異タイプ高火力技は最大2タイプまで。元々の設定・身体構造・図鑑説明に根拠がない技は削除または教え技化。,P1
149,ヤミラミ,ヤミラミ,あく / ゴースト,通常生態,既存（トーホク図鑑253）,耐久・補助,かみつく / バークアウト / かげうち / おどろかす,バークアウト / シャドークロー,はたきおとす / ポルターガイスト,基礎形は早期STAB、中間は中威力STAB、進化先は役割技と終盤大技。分岐進化は分岐後に個性技を追加。,異タイプ高火力技は最大2タイプまで。元々の設定・身体構造・図鑑説明に根拠がない技は削除または教え技化。,P0
150,クチート,クチート,はがね / フェアリー,通常生態,既存（トーホク図鑑255）,耐久・補助,メタルクロー / ミラーショット / ほしがる / ようせいのかぜ,ラスターカノン / マジカルシャイン,アイアンヘッド / ミストバースト,基礎形は早期STAB、中間は中威力STAB、進化先は役割技と終盤大技。分岐進化は分岐後に個性技を追加。,異タイプ高火力技は最大2タイプまで。元々の設定・身体構造・図鑑説明に根拠がない技は削除または教え技化。,P0
151,ココドラ,ココドラ → コドラ → ボスゴドラ,いわ / はがね,通常生態,未収録・追加対象,物理アタッカー,メタルクロー / てっぺき / いわおとし / ステルスロック / アイアンヘッド / いわなだれ / ヘビーボンバー / ストーンエッジ,ラスターカノン / ステルスロック,アイアンヘッド / メテオビーム,基礎形は早期STAB、中間は中威力STAB、進化先は役割技と終盤大技。分岐進化は分岐後に個性技を追加。,異タイプ高火力技は最大2タイプまで。元々の設定・身体構造・図鑑説明に根拠がない技は削除または教え技化。,P1
152,アサナン,アサナン → チャーレム,かくとう / エスパー,通常生態,未収録・追加対象,補助寄り両刀,いわくだき / しんくうは / サイコカッター / ねんりき / はどうだん / ビルドアップ / みきり / サイコキネシス,ドレインパンチ / サイコショック,コーチング / トリック,基礎形は早期STAB、中間は中威力STAB、進化先は役割技と終盤大技。分岐進化は分岐後に個性技を追加。,異タイプ高火力技は最大2タイプまで。元々の設定・身体構造・図鑑説明に根拠がない技は削除または教え技化。,P1
153,ラクライ,ラクライ → ライボルト,でんき,通常生態,未収録・追加対象,特殊アタッカー,でんきショック / でんじは / かみなり,ボルトチェンジ,エレキネット,基礎形は早期STAB、中間は中威力STAB、進化先は役割技と終盤大技。分岐進化は分岐後に個性技を追加。,異タイプ高火力技は最大2タイプまで。元々の設定・身体構造・図鑑説明に根拠がない技は削除または教え技化。,P1
154,プラスル,プラスル,でんき,通常生態,未収録・追加対象,耐久・補助,スパーク / でんきショック,ボルトチェンジ,エレキネット,基礎形は早期STAB、中間は中威力STAB、進化先は役割技と終盤大技。分岐進化は分岐後に個性技を追加。,異タイプ高火力技は最大2タイプまで。元々の設定・身体構造・図鑑説明に根拠がない技は削除または教え技化。,P1
155,マイナン,マイナン,でんき,通常生態,未収録・追加対象,耐久・補助,スパーク / でんきショック,ボルトチェンジ,エレキネット,基礎形は早期STAB、中間は中威力STAB、進化先は役割技と終盤大技。分岐進化は分岐後に個性技を追加。,異タイプ高火力技は最大2タイプまで。元々の設定・身体構造・図鑑説明に根拠がない技は削除または教え技化。,P1
156,バルビート,バルビート,むし,通常生態,未収録・追加対象,耐久・補助,むしくい / むしのていこう,とんぼがえり,むしくい,基礎形は早期STAB、中間は中威力STAB、進化先は役割技と終盤大技。分岐進化は分岐後に個性技を追加。,異タイプ高火力技は最大2タイプまで。元々の設定・身体構造・図鑑説明に根拠がない技は削除または教え技化。,P1
157,イルミーゼ,イルミーゼ,むし,通常生態,未収録・追加対象,耐久・補助,むしくい / むしのていこう,とんぼがえり,むしくい,基礎形は早期STAB、中間は中威力STAB、進化先は役割技と終盤大技。分岐進化は分岐後に個性技を追加。,異タイプ高火力技は最大2タイプまで。元々の設定・身体構造・図鑑説明に根拠がない技は削除または教え技化。,P1
158,スボミー,スボミー → ロゼリア → ロズレイド,くさ / どく,ベビィ含有,未収録・追加対象,特殊アタッカー,ギガドレイン / やどりぎのタネ / ヘドロばくだん / どくどく / メガドレイン / アシッドボム / エナジーボール / ヘドロウェーブ,くさむすび / ベノムショック,グラススライダー / ダストシュート,基礎形は早期STAB、中間は中威力STAB、進化先は役割技と終盤大技。分岐進化は分岐後に個性技を追加。,異タイプ高火力技は最大2タイプまで。元々の設定・身体構造・図鑑説明に根拠がない技は削除または教え技化。,P1
159,ゴクリン,ゴクリン → マルノーム,どく,通常生態,未収録・追加対象,補助寄り両刀,どくばり / アシッドボム / ヘドロばくだん / どくどく / どくびし,ベノムショック,ダストシュート,基礎形は早期STAB、中間は中威力STAB、進化先は役割技と終盤大技。分岐進化は分岐後に個性技を追加。,異タイプ高火力技は最大2タイプまで。元々の設定・身体構造・図鑑説明に根拠がない技は削除または教え技化。,P1
160,キバニア,キバニア → サメハダー,あく / みず,通常生態,未収録・追加対象,物理アタッカー,アクアジェット / あまごい / かみつく / ちょうはつ / たきのぼり / はたきおとす,アクアブレイク / バークアウト,クイックターン / はたきおとす,基礎形は早期STAB、中間は中威力STAB、進化先は役割技と終盤大技。分岐進化は分岐後に個性技を追加。,異タイプ高火力技は最大2タイプまで。元々の設定・身体構造・図鑑説明に根拠がない技は削除または教え技化。,P1
161,ホエルコ,ホエルコ → ホエルオー,みず,通常生態,未収録・追加対象,両刀・可変,アクアジェット / みずのはどう / アクアブレイク / なみのり / あまごい,アクアブレイク,クイックターン,基礎形は早期STAB、中間は中威力STAB、進化先は役割技と終盤大技。分岐進化は分岐後に個性技を追加。,異タイプ高火力技は最大2タイプまで。元々の設定・身体構造・図鑑説明に根拠がない技は削除または教え技化。,P1
162,ドンメル,ドンメル → バクーダ,じめん / ほのお,通常生態,未収録・追加対象,両刀・可変,ほのおのキバ / ひのこ / どろかけ / マッドショット / ニトロチャージ / かえんほうしゃ / おにび / じならし,かえんほうしゃ / じならし,ねっぷう / ねっさのだいち,基礎形は早期STAB、中間は中威力STAB、進化先は役割技と終盤大技。分岐進化は分岐後に個性技を追加。,異タイプ高火力技は最大2タイプまで。元々の設定・身体構造・図鑑説明に根拠がない技は削除または教え技化。,P1
163,コータス,コータス,ほのお,通常生態,既存（トーホク図鑑361）,特殊寄り,ひのこ / おにび,かえんほうしゃ,ねっぷう,基礎形は早期STAB、中間は中威力STAB、進化先は役割技と終盤大技。分岐進化は分岐後に個性技を追加。,異タイプ高火力技は最大2タイプまで。元々の設定・身体構造・図鑑説明に根拠がない技は削除または教え技化。,P0
164,バネブー,バネブー → ブーピッグ,エスパー,通常生態,未収録・追加対象,特殊アタッカー,ねんりき / めいそう / サイコショック,サイコショック,トリック,基礎形は早期STAB、中間は中威力STAB、進化先は役割技と終盤大技。分岐進化は分岐後に個性技を追加。,異タイプ高火力技は最大2タイプまで。元々の設定・身体構造・図鑑説明に根拠がない技は削除または教え技化。,P1
165,パッチール,パッチール,ノーマル,通常生態,既存（トーホク図鑑327）,耐久・補助,ずつき / スピードスター,まもる,てだすけ,基礎形は早期STAB、中間は中威力STAB、進化先は役割技と終盤大技。分岐進化は分岐後に個性技を追加。,異タイプ高火力技は最大2タイプまで。元々の設定・身体構造・図鑑説明に根拠がない技は削除または教え技化。,P0
166,ナックラー,ナックラー → ビブラーバ → フライゴン,じめん / ドラゴン,通常生態,未収録・追加対象,両刀・可変,どろかけ / すなあらし / じならし / ドラゴンクロー / りゅうのまい / だいちのちから,じならし / ワイドブレイカー,ねっさのだいち / りゅうせいぐん,基礎形は早期STAB、中間は中威力STAB、進化先は役割技と終盤大技。分岐進化は分岐後に個性技を追加。,異タイプ高火力技は最大2タイプまで。元々の設定・身体構造・図鑑説明に根拠がない技は削除または教え技化。,P1
167,サボネア,サボネア → ノクタス,あく / くさ,通常生態,既存（トーホク図鑑343）; 既存（トーホク図鑑344）,物理アタッカー,メガドレイン / やどりぎのタネ / リーフブレード / はたきおとす / ちょうはつ,くさむすび / バークアウト,グラススライダー / はたきおとす,基礎形は早期STAB、中間は中威力STAB、進化先は役割技と終盤大技。分岐進化は分岐後に個性技を追加。,異タイプ高火力技は最大2タイプまで。元々の設定・身体構造・図鑑説明に根拠がない技は削除または教え技化。,P0
168,チルット,チルット → チルタリス,ひこう / ドラゴン / ノーマル,通常生態,未収録・追加対象,両刀・可変,ずつき / アンコール / つばさでうつ / おいかぜ / ドラゴンクロー / りゅうのはどう / りゅうのまい / ドリルくちばし,まもる / アクロバット / ワイドブレイカー,てだすけ / おいかぜ / りゅうせいぐん,基礎形は早期STAB、中間は中威力STAB、進化先は役割技と終盤大技。分岐進化は分岐後に個性技を追加。,異タイプ高火力技は最大2タイプまで。元々の設定・身体構造・図鑑説明に根拠がない技は削除または教え技化。,P1
169,ザングース,ザングース,ノーマル,通常生態,未収録・追加対象,物理アタッカー,ずつき / アンコール,まもる,てだすけ,基礎形は早期STAB、中間は中威力STAB、進化先は役割技と終盤大技。分岐進化は分岐後に個性技を追加。,異タイプ高火力技は最大2タイプまで。元々の設定・身体構造・図鑑説明に根拠がない技は削除または教え技化。,P1
170,ハブネーク,ハブネーク,どく,通常生態,未収録・追加対象,物理アタッカー,どくばり / どくどく,ベノムショック,ダストシュート,基礎形は早期STAB、中間は中威力STAB、進化先は役割技と終盤大技。分岐進化は分岐後に個性技を追加。,異タイプ高火力技は最大2タイプまで。元々の設定・身体構造・図鑑説明に根拠がない技は削除または教え技化。,P1
171,ルナトーン,ルナトーン,いわ / エスパー,人工・無機物,既存（トーホク図鑑204）,特殊アタッカー,げんしのちから / ステルスロック / ねんりき / めいそう,ステルスロック / サイコショック,メテオビーム / トリック,基礎形は早期STAB、中間は中威力STAB、進化先は役割技と終盤大技。分岐進化は分岐後に個性技を追加。,異タイプ高火力技は最大2タイプまで。元々の設定・身体構造・図鑑説明に根拠がない技は削除または教え技化。,P0
172,ソルロック,ソルロック,いわ / エスパー,人工・無機物,既存（トーホク図鑑205）,特殊アタッカー,げんしのちから / ステルスロック / ねんりき / めいそう,ステルスロック / サイコショック,メテオビーム / トリック,基礎形は早期STAB、中間は中威力STAB、進化先は役割技と終盤大技。分岐進化は分岐後に個性技を追加。,異タイプ高火力技は最大2タイプまで。元々の設定・身体構造・図鑑説明に根拠がない技は削除または教え技化。,P0
173,ドジョッチ,ドジョッチ → ナマズン,じめん / みず,通常生態,未収録・追加対象,物理寄り,アクアジェット / あまごい / どろかけ / すなあらし / たきのぼり / じしん,アクアブレイク / じならし,クイックターン / ねっさのだいち,基礎形は早期STAB、中間は中威力STAB、進化先は役割技と終盤大技。分岐進化は分岐後に個性技を追加。,異タイプ高火力技は最大2タイプまで。元々の設定・身体構造・図鑑説明に根拠がない技は削除または教え技化。,P1
174,ヘイガニ,ヘイガニ → シザリガー,あく / みず,通常生態,未収録・追加対象,物理アタッカー,アクアジェット / みずのはどう / たきのぼり / あまごい / はたきおとす / ちょうはつ,アクアブレイク / バークアウト,クイックターン / はたきおとす,基礎形は早期STAB、中間は中威力STAB、進化先は役割技と終盤大技。分岐進化は分岐後に個性技を追加。,異タイプ高火力技は最大2タイプまで。元々の設定・身体構造・図鑑説明に根拠がない技は削除または教え技化。,P1
175,ヤジロン,ヤジロン → ネンドール,じめん / エスパー,人工・無機物,未収録・追加対象,補助寄り両刀,どろかけ / マッドショット / サイコカッター / ねんりき / だいちのちから / すなあらし / まきびし / サイコキネシス,じならし / サイコショック,ねっさのだいち / トリック,基礎形は早期STAB、中間は中威力STAB、進化先は役割技と終盤大技。分岐進化は分岐後に個性技を追加。,異タイプ高火力技は最大2タイプまで。元々の設定・身体構造・図鑑説明に根拠がない技は削除または教え技化。,P1
176,リリーラ,リリーラ → ユレイドル,いわ / くさ,化石,既存（トーホク図鑑119）; 既存（トーホク図鑑120）,両刀・可変,いわおとし / げんしのちから / はっぱカッター / メガドレイン / いわなだれ / パワージェム / ステルスロック / タネばくだん,ステルスロック / くさむすび,メテオビーム / グラススライダー,基礎形は早期STAB、中間は中威力STAB、進化先は役割技と終盤大技。分岐進化は分岐後に個性技を追加。,異タイプ高火力技は最大2タイプまで。元々の設定・身体構造・図鑑説明に根拠がない技は削除または教え技化。,P0
177,アノプス,アノプス → アーマルド,いわ / むし,化石,未収録・追加対象,物理寄り,いわおとし / ステルスロック / むしくい / ねばねばネット / ストーンエッジ / メガホーン,ステルスロック / とんぼがえり,メテオビーム / むしくい,基礎形は早期STAB、中間は中威力STAB、進化先は役割技と終盤大技。分岐進化は分岐後に個性技を追加。,異タイプ高火力技は最大2タイプまで。元々の設定・身体構造・図鑑説明に根拠がない技は削除または教え技化。,P1
178,ヒンバス,ヒンバス → ミロカロス,みず,通常生態,未収録・追加対象,両刀・可変,アクアジェット / みずのはどう / アクアブレイク / なみのり / あまごい,アクアブレイク,クイックターン,基礎形は早期STAB、中間は中威力STAB、進化先は役割技と終盤大技。分岐進化は分岐後に個性技を追加。,異タイプ高火力技は最大2タイプまで。元々の設定・身体構造・図鑑説明に根拠がない技は削除または教え技化。,P1
179,ポワルン,ポワルン,ノーマル,通常生態,未収録・追加対象,特殊アタッカー,スピードスター / アンコール,まもる,てだすけ,基礎形は早期STAB、中間は中威力STAB、進化先は役割技と終盤大技。分岐進化は分岐後に個性技を追加。,異タイプ高火力技は最大2タイプまで。元々の設定・身体構造・図鑑説明に根拠がない技は削除または教え技化。,P1
180,カクレオン,カクレオン,ノーマル,通常生態,未収録・追加対象,耐久・補助,ずつき / スピードスター,まもる,てだすけ,基礎形は早期STAB、中間は中威力STAB、進化先は役割技と終盤大技。分岐進化は分岐後に個性技を追加。,異タイプ高火力技は最大2タイプまで。元々の設定・身体構造・図鑑説明に根拠がない技は削除または教え技化。,P1
181,カゲボウズ,カゲボウズ → ジュペッタ,ゴースト,通常生態,既存（トーホク図鑑320）; 既存（トーホク図鑑321）,物理アタッカー,おどろかす / おにび / ポルターガイスト,シャドークロー,ポルターガイスト,基礎形は早期STAB、中間は中威力STAB、進化先は役割技と終盤大技。分岐進化は分岐後に個性技を追加。,異タイプ高火力技は最大2タイプまで。元々の設定・身体構造・図鑑説明に根拠がない技は削除または教え技化。,P0
182,ヨマワル,ヨマワル → サマヨール → ヨノワール,ゴースト,通常生態,既存（トーホク図鑑267）; 既存（トーホク図鑑268）; 既存（トーホク図鑑269）,物理アタッカー,おどろかす / おにび / たたりめ / ポルターガイスト,シャドークロー,ポルターガイスト,基礎形は早期STAB、中間は中威力STAB、進化先は役割技と終盤大技。分岐進化は分岐後に個性技を追加。,異タイプ高火力技は最大2タイプまで。元々の設定・身体構造・図鑑説明に根拠がない技は削除または教え技化。,P0
183,トロピウス,トロピウス,くさ / ひこう,通常生態,既存（トーホク図鑑074）,特殊寄り,メガドレイン / やどりぎのタネ / かぜおこし / おいかぜ,くさむすび / アクロバット,グラススライダー / おいかぜ,基礎形は早期STAB、中間は中威力STAB、進化先は役割技と終盤大技。分岐進化は分岐後に個性技を追加。,異タイプ高火力技は最大2タイプまで。元々の設定・身体構造・図鑑説明に根拠がない技は削除または教え技化。,P0
184,リーシャン,リーシャン → チリーン,エスパー,ベビィ含有,未収録・追加対象,特殊寄り,サイコキネシス / めいそう / ひかりのかべ / ねんりき,サイコショック,トリック,基礎形は早期STAB、中間は中威力STAB、進化先は役割技と終盤大技。分岐進化は分岐後に個性技を追加。,異タイプ高火力技は最大2タイプまで。元々の設定・身体構造・図鑑説明に根拠がない技は削除または教え技化。,P1
185,アブソル,アブソル,あく,通常生態,既存（トーホク図鑑052）,物理アタッカー,かみつく / ちょうはつ,バークアウト,はたきおとす,基礎形は早期STAB、中間は中威力STAB、進化先は役割技と終盤大技。分岐進化は分岐後に個性技を追加。,異タイプ高火力技は最大2タイプまで。元々の設定・身体構造・図鑑説明に根拠がない技は削除または教え技化。,P0
186,ユキワラシ,ユキワラシ → オニゴーリ → ユキメノコ,こおり / ゴースト,通常生態,未収録・追加対象,特殊アタッカー,こごえるかぜ / ゆきげしき / れいとうビーム / ふぶき / シャドーボール / おにび,アイススピナー / シャドークロー,トリプルアクセル / ポルターガイスト,基礎形は早期STAB、中間は中威力STAB、進化先は役割技と終盤大技。分岐進化は分岐後に個性技を追加。,異タイプ高火力技は最大2タイプまで。元々の設定・身体構造・図鑑説明に根拠がない技は削除または教え技化。,P1
187,タマザラシ,タマザラシ → トドグラー → トドゼルガ,こおり / みず,通常生態,既存（トーホク図鑑078）; 既存（トーホク図鑑079）; 既存（トーホク図鑑080）,特殊アタッカー,こごえるかぜ / ゆきげしき / みずのはどう / あまごい / れいとうビーム / なみのり / ふぶき / ハイドロポンプ,アイススピナー / アクアブレイク,トリプルアクセル / クイックターン,基礎形は早期STAB、中間は中威力STAB、進化先は役割技と終盤大技。分岐進化は分岐後に個性技を追加。,異タイプ高火力技は最大2タイプまで。元々の設定・身体構造・図鑑説明に根拠がない技は削除または教え技化。,P0
188,パールル,パールル → ハンテール → サクラビス,みず,通常生態,未収録・追加対象,両刀・可変,アクアジェット / みずのはどう / アクアブレイク / なみのり / あまごい,アクアブレイク,クイックターン,基礎形は早期STAB、中間は中威力STAB、進化先は役割技と終盤大技。分岐進化は分岐後に個性技を追加。,異タイプ高火力技は最大2タイプまで。元々の設定・身体構造・図鑑説明に根拠がない技は削除または教え技化。,P1
189,ジーランス,ジーランス,いわ / みず,通常生態,既存（トーホク図鑑278）,物理寄り,アクアジェット / あまごい / いわおとし / ステルスロック,アクアブレイク / ステルスロック,クイックターン / メテオビーム,基礎形は早期STAB、中間は中威力STAB、進化先は役割技と終盤大技。分岐進化は分岐後に個性技を追加。,異タイプ高火力技は最大2タイプまで。元々の設定・身体構造・図鑑説明に根拠がない技は削除または教え技化。,P0
190,ラブカス,ラブカス,みず,通常生態,既存（トーホク図鑑337）,両刀・可変,アクアジェット / みずのはどう,アクアブレイク,クイックターン,基礎形は早期STAB、中間は中威力STAB、進化先は役割技と終盤大技。分岐進化は分岐後に個性技を追加。,異タイプ高火力技は最大2タイプまで。元々の設定・身体構造・図鑑説明に根拠がない技は削除または教え技化。,P0
191,タツベイ,タツベイ → コモルー → ボーマンダ,ひこう / ドラゴン,600族,未収録・追加対象,両刀・可変,ドラゴンテール / りゅうのまい / ドラゴンクロー / りゅうのはどう / ドリルくちばし,ワイドブレイカー / アクロバット,りゅうせいぐん / おいかぜ,基礎形は早期STAB、中間は中威力STAB、進化先は役割技と終盤大技。分岐進化は分岐後に個性技を追加。,異タイプ高火力技は最大2タイプまで。元々の設定・身体構造・図鑑説明に根拠がない技は削除または教え技化。,P1
192,ダンバル,ダンバル → メタング → メタグロス,はがね / エスパー,600族,既存（トーホク図鑑127）; 既存（トーホク図鑑128）; 既存（トーホク図鑑129）,両刀・可変,メタルクロー / ミラーショット / サイコカッター / ねんりき / アイアンヘッド / ラスターカノン / しねんのずつき / サイコキネシス,ラスターカノン / サイコショック,アイアンヘッド / トリック,基礎形は早期STAB、中間は中威力STAB、進化先は役割技と終盤大技。分岐進化は分岐後に個性技を追加。,異タイプ高火力技は最大2タイプまで。元々の設定・身体構造・図鑑説明に根拠がない技は削除または教え技化。,P0
193,レジロック,レジロック,いわ,伝説,未収録・追加対象,物理寄り,いわおとし / ステルスロック,ステルスロック,メテオビーム,基礎形は早期STAB、中間は中威力STAB、進化先は役割技と終盤大技。分岐進化は分岐後に個性技を追加。,異タイプ高火力技は最大2タイプまで。元々の設定・身体構造・図鑑説明に根拠がない技は削除または教え技化。,P1
194,レジアイス,レジアイス,こおり,伝説,未収録・追加対象,特殊寄り,こごえるかぜ / ゆきげしき,アイススピナー,トリプルアクセル,基礎形は早期STAB、中間は中威力STAB、進化先は役割技と終盤大技。分岐進化は分岐後に個性技を追加。,異タイプ高火力技は最大2タイプまで。元々の設定・身体構造・図鑑説明に根拠がない技は削除または教え技化。,P1
195,レジスチル,レジスチル,はがね,伝説,未収録・追加対象,物理寄り,メタルクロー / てっぺき,ラスターカノン,アイアンヘッド,基礎形は早期STAB、中間は中威力STAB、進化先は役割技と終盤大技。分岐進化は分岐後に個性技を追加。,異タイプ高火力技は最大2タイプまで。元々の設定・身体構造・図鑑説明に根拠がない技は削除または教え技化。,P1
196,ラティアス,ラティアス,エスパー / ドラゴン,伝説,既存（トーホク図鑑380）,補助寄り両刀,ドラゴンテール / りゅうのいぶき / サイコカッター / ねんりき,ワイドブレイカー / サイコショック,りゅうせいぐん / トリック,基礎形は早期STAB、中間は中威力STAB、進化先は役割技と終盤大技。分岐進化は分岐後に個性技を追加。,異タイプ高火力技は最大2タイプまで。元々の設定・身体構造・図鑑説明に根拠がない技は削除または教え技化。,P0
197,ラティオス,ラティオス,エスパー / ドラゴン,伝説,既存（トーホク図鑑381）,補助寄り両刀,ドラゴンテール / りゅうのいぶき / サイコカッター / ねんりき,ワイドブレイカー / サイコショック,りゅうせいぐん / トリック,基礎形は早期STAB、中間は中威力STAB、進化先は役割技と終盤大技。分岐進化は分岐後に個性技を追加。,異タイプ高火力技は最大2タイプまで。元々の設定・身体構造・図鑑説明に根拠がない技は削除または教え技化。,P0
198,カイオーガ,カイオーガ,みず,伝説,未収録・追加対象,両刀・可変,アクアジェット / みずのはどう,アクアブレイク,クイックターン,基礎形は早期STAB、中間は中威力STAB、進化先は役割技と終盤大技。分岐進化は分岐後に個性技を追加。,異タイプ高火力技は最大2タイプまで。元々の設定・身体構造・図鑑説明に根拠がない技は削除または教え技化。,P0
199,グラードン,グラードン,じめん,伝説,未収録・追加対象,物理寄り,どろかけ / すなあらし,じならし,ねっさのだいち,基礎形は早期STAB、中間は中威力STAB、進化先は役割技と終盤大技。分岐進化は分岐後に個性技を追加。,異タイプ高火力技は最大2タイプまで。元々の設定・身体構造・図鑑説明に根拠がない技は削除または教え技化。,P0
200,レックウザ,レックウザ,ひこう / ドラゴン,伝説,未収録・追加対象,物理寄り,ドラゴンテール / りゅうのまい / つばさでうつ / おいかぜ,ワイドブレイカー / アクロバット,りゅうせいぐん / おいかぜ,基礎形は早期STAB、中間は中威力STAB、進化先は役割技と終盤大技。分岐進化は分岐後に個性技を追加。,異タイプ高火力技は最大2タイプまで。元々の設定・身体構造・図鑑説明に根拠がない技は削除または教え技化。,P0
201,ジラーチ,ジラーチ,はがね / エスパー,幻,未収録・追加対象,特殊アタッカー,ミラーショット / てっぺき / ねんりき / めいそう,ラスターカノン / サイコショック,アイアンヘッド / トリック,基礎形は早期STAB、中間は中威力STAB、進化先は役割技と終盤大技。分岐進化は分岐後に個性技を追加。,異タイプ高火力技は最大2タイプまで。元々の設定・身体構造・図鑑説明に根拠がない技は削除または教え技化。,P1
202,デオキシス,デオキシス,エスパー,幻,未収録・追加対象,特殊アタッカー,ねんりき / めいそう,サイコショック,トリック,基礎形は早期STAB、中間は中威力STAB、進化先は役割技と終盤大技。分岐進化は分岐後に個性技を追加。,異タイプ高火力技は最大2タイプまで。元々の設定・身体構造・図鑑説明に根拠がない技は削除または教え技化。,P1
203,ナエトル,ナエトル → ハヤシガメ → ドダイトス,くさ / じめん,御三家,未収録・追加対象,物理アタッカー,メガドレイン / やどりぎのタネ / ギガドレイン / ウッドハンマー / リーフブレード / じしん,くさむすび / じならし,グラススライダー / ねっさのだいち,基礎形は早期STAB、中間は中威力STAB、進化先は役割技と終盤大技。分岐進化は分岐後に個性技を追加。,異タイプ高火力技は最大2タイプまで。元々の設定・身体構造・図鑑説明に根拠がない技は削除または教え技化。,P0
204,ヒコザル,ヒコザル → モウカザル → ゴウカザル,かくとう / ほのお,御三家,未収録・追加対象,両刀・可変,ひのこ / おにび / ニトロチャージ / かえんほうしゃ / かわらわり / はどうだん / フレアドライブ,かえんほうしゃ / ドレインパンチ,ねっぷう / コーチング,基礎形は早期STAB、中間は中威力STAB、進化先は役割技と終盤大技。分岐進化は分岐後に個性技を追加。,異タイプ高火力技は最大2タイプまで。元々の設定・身体構造・図鑑説明に根拠がない技は削除または教え技化。,P0
205,ポッチャマ,ポッチャマ → ポッタイシ → エンペルト,はがね / みず,御三家,未収録・追加対象,特殊アタッカー,アクアジェット / みずのはどう / アクアブレイク / なみのり / ウェーブタックル / ハイドロポンプ / あまごい / てっていこうせん,アクアブレイク / ラスターカノン,クイックターン / アイアンヘッド,基礎形は早期STAB、中間は中威力STAB、進化先は役割技と終盤大技。分岐進化は分岐後に個性技を追加。,異タイプ高火力技は最大2タイプまで。元々の設定・身体構造・図鑑説明に根拠がない技は削除または教え技化。,P0
206,ムックル,ムックル → ムクバード → ムクホーク,ひこう / ノーマル,通常生態,未収録・追加対象,物理アタッカー,ずつき / アンコール / つばさでうつ / おいかぜ / のしかかり / ドリルくちばし / すてみタックル / ブレイブバード,まもる / アクロバット,てだすけ / おいかぜ,基礎形は早期STAB、中間は中威力STAB、進化先は役割技と終盤大技。分岐進化は分岐後に個性技を追加。,異タイプ高火力技は最大2タイプまで。元々の設定・身体構造・図鑑説明に根拠がない技は削除または教え技化。,P1
207,ビッパ,ビッパ → ビーダル,みず / ノーマル,通常生態,未収録・追加対象,物理寄り,ずつき / アンコール / すてみタックル / たきのぼり / あまごい,まもる / アクアブレイク,てだすけ / クイックターン,基礎形は早期STAB、中間は中威力STAB、進化先は役割技と終盤大技。分岐進化は分岐後に個性技を追加。,異タイプ高火力技は最大2タイプまで。元々の設定・身体構造・図鑑説明に根拠がない技は削除または教え技化。,P1
208,コロボーシ,コロボーシ → コロトック,むし,通常生態,未収録・追加対象,物理寄り,むしくい / ねばねばネット / メガホーン,とんぼがえり,むしくい,基礎形は早期STAB、中間は中威力STAB、進化先は役割技と終盤大技。分岐進化は分岐後に個性技を追加。,異タイプ高火力技は最大2タイプまで。元々の設定・身体構造・図鑑説明に根拠がない技は削除または教え技化。,P1
209,コリンク,コリンク → ルクシオ → レントラー,でんき,通常生態,未収録・追加対象,物理アタッカー,でんきショック / でんじは / 10まんボルト / ワイルドボルト,ボルトチェンジ,エレキネット,基礎形は早期STAB、中間は中威力STAB、進化先は役割技と終盤大技。分岐進化は分岐後に個性技を追加。,異タイプ高火力技は最大2タイプまで。元々の設定・身体構造・図鑑説明に根拠がない技は削除または教え技化。,P1
211,ズガイドス,ズガイドス → ラムパルド,いわ,化石,未収録・追加対象,物理アタッカー,いわおとし / ステルスロック / ストーンエッジ,ステルスロック,メテオビーム,基礎形は早期STAB、中間は中威力STAB、進化先は役割技と終盤大技。分岐進化は分岐後に個性技を追加。,異タイプ高火力技は最大2タイプまで。元々の設定・身体構造・図鑑説明に根拠がない技は削除または教え技化。,P1
212,タテトプス,タテトプス → トリデプス,いわ / はがね,化石,未収録・追加対象,物理アタッカー,いわおとし / ステルスロック / メタルクロー / てっぺき / ストーンエッジ / ヘビーボンバー,ステルスロック / ラスターカノン,メテオビーム / アイアンヘッド,基礎形は早期STAB、中間は中威力STAB、進化先は役割技と終盤大技。分岐進化は分岐後に個性技を追加。,異タイプ高火力技は最大2タイプまで。元々の設定・身体構造・図鑑説明に根拠がない技は削除または教え技化。,P1
213,ミノムッチ,ミノムッチ → ミノマダム → ガーメイル,くさ / ひこう / むし,通常生態,未収録・追加対象,物理アタッカー,むしくい / ねばねばネット / むしのさざめき / ギガドレイン / やどりぎのタネ / メガホーン / ブレイブバード / おいかぜ,とんぼがえり / くさむすび / アクロバット,むしくい / グラススライダー / おいかぜ,基礎形は早期STAB、中間は中威力STAB、進化先は役割技と終盤大技。分岐進化は分岐後に個性技を追加。,異タイプ高火力技は最大2タイプまで。元々の設定・身体構造・図鑑説明に根拠がない技は削除または教え技化。,P1
214,ミツハニー,ミツハニー → ビークイン,ひこう / むし,通常生態,未収録・追加対象,物理アタッカー,むしくい / ねばねばネット / つばさでうつ / おいかぜ / メガホーン / ブレイブバード,とんぼがえり / アクロバット,むしくい / おいかぜ,基礎形は早期STAB、中間は中威力STAB、進化先は役割技と終盤大技。分岐進化は分岐後に個性技を追加。,異タイプ高火力技は最大2タイプまで。元々の設定・身体構造・図鑑説明に根拠がない技は削除または教え技化。,P1
215,パチリス,パチリス,でんき,通常生態,既存（トーホク図鑑175）,特殊寄り,でんきショック / でんじは,ボルトチェンジ,エレキネット,基礎形は早期STAB、中間は中威力STAB、進化先は役割技と終盤大技。分岐進化は分岐後に個性技を追加。,異タイプ高火力技は最大2タイプまで。元々の設定・身体構造・図鑑説明に根拠がない技は削除または教え技化。,P0
216,ブイゼル,ブイゼル → フローゼル,みず,通常生態,既存（トーホク図鑑035）; 既存（トーホク図鑑036）,両刀・可変,アクアジェット / みずのはどう / アクアブレイク / なみのり / あまごい,アクアブレイク,クイックターン,基礎形は早期STAB、中間は中威力STAB、進化先は役割技と終盤大技。分岐進化は分岐後に個性技を追加。,異タイプ高火力技は最大2タイプまで。元々の設定・身体構造・図鑑説明に根拠がない技は削除または教え技化。,P0
217,チェリンボ,チェリンボ → チェリム,くさ,通常生態,未収録・追加対象,特殊アタッカー,メガドレイン / やどりぎのタネ / エナジーボール,くさむすび,グラススライダー,基礎形は早期STAB、中間は中威力STAB、進化先は役割技と終盤大技。分岐進化は分岐後に個性技を追加。,異タイプ高火力技は最大2タイプまで。元々の設定・身体構造・図鑑説明に根拠がない技は削除または教え技化。,P1
218,カラナクシ,カラナクシ → トリトドン,じめん / みず,通常生態,未収録・追加対象,特殊アタッカー,アクアジェット / みずのはどう / ハイドロポンプ / あまごい / ねっさのだいち / すなあらし,アクアブレイク / じならし,クイックターン / ねっさのだいち,基礎形は早期STAB、中間は中威力STAB、進化先は役割技と終盤大技。分岐進化は分岐後に個性技を追加。,異タイプ高火力技は最大2タイプまで。元々の設定・身体構造・図鑑説明に根拠がない技は削除または教え技化。,P1
219,フワンテ,フワンテ → フワライド,ひこう / ゴースト,通常生態,未収録・追加対象,特殊アタッカー,おどろかす / おにび / かぜおこし / おいかぜ / シャドーボール / ぼうふう,シャドークロー / アクロバット,ポルターガイスト / おいかぜ,基礎形は早期STAB、中間は中威力STAB、進化先は役割技と終盤大技。分岐進化は分岐後に個性技を追加。,異タイプ高火力技は最大2タイプまで。元々の設定・身体構造・図鑑説明に根拠がない技は削除または教え技化。,P1
220,ミミロル,ミミロル → ミミロップ,ノーマル,通常生態,未収録・追加対象,物理アタッカー,ずつき / アンコール / すてみタックル,まもる,てだすけ,基礎形は早期STAB、中間は中威力STAB、進化先は役割技と終盤大技。分岐進化は分岐後に個性技を追加。,異タイプ高火力技は最大2タイプまで。元々の設定・身体構造・図鑑説明に根拠がない技は削除または教え技化。,P1
221,ニャルマー,ニャルマー → ブニャット,ノーマル,通常生態,未収録・追加対象,物理アタッカー,ずつき / アンコール / すてみタックル,まもる,てだすけ,基礎形は早期STAB、中間は中威力STAB、進化先は役割技と終盤大技。分岐進化は分岐後に個性技を追加。,異タイプ高火力技は最大2タイプまで。元々の設定・身体構造・図鑑説明に根拠がない技は削除または教え技化。,P1
223,スカンプー,スカンプー → スカタンク,あく / どく,通常生態,未収録・追加対象,物理アタッカー,どくばり / どくどく / かみつく / ちょうはつ / ダストシュート / はたきおとす,ベノムショック / バークアウト,ダストシュート / はたきおとす,基礎形は早期STAB、中間は中威力STAB、進化先は役割技と終盤大技。分岐進化は分岐後に個性技を追加。,異タイプ高火力技は最大2タイプまで。元々の設定・身体構造・図鑑説明に根拠がない技は削除または教え技化。,P1
224,ドーミラー,ドーミラー → ドータクン,はがね / エスパー,人工・無機物,未収録・追加対象,特殊アタッカー,メタルクロー / ミラーショット / サイコカッター / ねんりき / てっていこうせん / てっぺき / サイコショック / めいそう,ラスターカノン / サイコショック,アイアンヘッド / トリック,基礎形は早期STAB、中間は中威力STAB、進化先は役割技と終盤大技。分岐進化は分岐後に個性技を追加。,異タイプ高火力技は最大2タイプまで。元々の設定・身体構造・図鑑説明に根拠がない技は削除または教え技化。,P1
228,ペラップ,ペラップ,ひこう / ノーマル,通常生態,既存（トーホク図鑑193）,特殊アタッカー,スピードスター / アンコール / かぜおこし / おいかぜ,まもる / アクロバット,てだすけ / おいかぜ,基礎形は早期STAB、中間は中威力STAB、進化先は役割技と終盤大技。分岐進化は分岐後に個性技を追加。,異タイプ高火力技は最大2タイプまで。元々の設定・身体構造・図鑑説明に根拠がない技は削除または教え技化。,P0
229,ミカルゲ,ミカルゲ,あく / ゴースト,通常生態,未収録・追加対象,特殊アタッカー,おどろかす / おにび / バークアウト / ちょうはつ,シャドークロー / バークアウト,ポルターガイスト / はたきおとす,基礎形は早期STAB、中間は中威力STAB、進化先は役割技と終盤大技。分岐進化は分岐後に個性技を追加。,異タイプ高火力技は最大2タイプまで。元々の設定・身体構造・図鑑説明に根拠がない技は削除または教え技化。,P1
230,フカマル,フカマル → ガバイト → ガブリアス,じめん / ドラゴン,600族,既存（トーホク図鑑130）; 既存（トーホク図鑑131）; 既存（トーホク図鑑132）,両刀・可変,ドラゴンテール / りゅうのまい / どろかけ / すなあらし / ドラゴンクロー / じならし / りゅうのはどう,ワイドブレイカー / じならし,りゅうせいぐん / ねっさのだいち,基礎形は早期STAB、中間は中威力STAB、進化先は役割技と終盤大技。分岐進化は分岐後に個性技を追加。,異タイプ高火力技は最大2タイプまで。元々の設定・身体構造・図鑑説明に根拠がない技は削除または教え技化。,P0
232,リオル,リオル → ルカリオ,かくとう / はがね,ベビィ含有,既存（トーホク図鑑012）; 既存（トーホク図鑑013）,両刀・可変,いわくだき / ビルドアップ / かわらわり / はどうだん / アイアンヘッド,ドレインパンチ / ラスターカノン,コーチング / アイアンヘッド,基礎形は早期STAB、中間は中威力STAB、進化先は役割技と終盤大技。分岐進化は分岐後に個性技を追加。,異タイプ高火力技は最大2タイプまで。元々の設定・身体構造・図鑑説明に根拠がない技は削除または教え技化。,P0
233,ヒポポタス,ヒポポタス → カバルドン,じめん,通常生態,未収録・追加対象,物理アタッカー,どろかけ / すなあらし / じしん,じならし,ねっさのだいち,基礎形は早期STAB、中間は中威力STAB、進化先は役割技と終盤大技。分岐進化は分岐後に個性技を追加。,異タイプ高火力技は最大2タイプまで。元々の設定・身体構造・図鑑説明に根拠がない技は削除または教え技化。,P1
234,スコルピ,スコルピ → ドラピオン,あく / どく / むし,通常生態,既存（トーホク図鑑318）; 既存（トーホク図鑑319）,物理アタッカー,どくばり / どくどく / むしくい / ねばねばネット / ダストシュート / はたきおとす / ちょうはつ,ベノムショック / とんぼがえり / バークアウト,ダストシュート / むしくい / はたきおとす,基礎形は早期STAB、中間は中威力STAB、進化先は役割技と終盤大技。分岐進化は分岐後に個性技を追加。,異タイプ高火力技は最大2タイプまで。元々の設定・身体構造・図鑑説明に根拠がない技は削除または教え技化。,P0
235,グレッグル,グレッグル → ドクロッグ,かくとう / どく,通常生態,未収録・追加対象,物理アタッカー,どくばり / どくどく / いわくだき / ビルドアップ / ダストシュート / インファイト,ベノムショック / ドレインパンチ,ダストシュート / コーチング,基礎形は早期STAB、中間は中威力STAB、進化先は役割技と終盤大技。分岐進化は分岐後に個性技を追加。,異タイプ高火力技は最大2タイプまで。元々の設定・身体構造・図鑑説明に根拠がない技は削除または教え技化。,P1
236,マスキッパ,マスキッパ,くさ,通常生態,既存（トーホク図鑑328）,物理アタッカー,はっぱカッター / やどりぎのタネ,くさむすび,グラススライダー,基礎形は早期STAB、中間は中威力STAB、進化先は役割技と終盤大技。分岐進化は分岐後に個性技を追加。,異タイプ高火力技は最大2タイプまで。元々の設定・身体構造・図鑑説明に根拠がない技は削除または教え技化。,P0
237,ケイコウオ,ケイコウオ → ネオラント,みず,通常生態,未収録・追加対象,特殊アタッカー,アクアジェット / みずのはどう / ハイドロポンプ / あまごい,アクアブレイク,クイックターン,基礎形は早期STAB、中間は中威力STAB、進化先は役割技と終盤大技。分岐進化は分岐後に個性技を追加。,異タイプ高火力技は最大2タイプまで。元々の設定・身体構造・図鑑説明に根拠がない技は削除または教え技化。,P1
239,ユキカブリ,ユキカブリ → ユキノオー,くさ / こおり,通常生態,既存（トーホク図鑑085）; 既存（トーホク図鑑086）,特殊アタッカー,メガドレイン / やどりぎのタネ / こごえるかぜ / ゆきげしき / エナジーボール / ふぶき,くさむすび / アイススピナー,グラススライダー / トリプルアクセル,基礎形は早期STAB、中間は中威力STAB、進化先は役割技と終盤大技。分岐進化は分岐後に個性技を追加。,異タイプ高火力技は最大2タイプまで。元々の設定・身体構造・図鑑説明に根拠がない技は削除または教え技化。,P0
240,ロトム,ロトム,でんき / ゴースト,人工・無機物,未収録・追加対象,両刀・可変,スパーク / でんきショック / かげうち / おどろかす,ボルトチェンジ / シャドークロー,エレキネット / ポルターガイスト,基礎形は早期STAB、中間は中威力STAB、進化先は役割技と終盤大技。分岐進化は分岐後に個性技を追加。,異タイプ高火力技は最大2タイプまで。元々の設定・身体構造・図鑑説明に根拠がない技は削除または教え技化。,P0
241,ユクシー,ユクシー,エスパー,伝説,未収録・追加対象,耐久・補助,サイコカッター / ねんりき,サイコショック,トリック,基礎形は早期STAB、中間は中威力STAB、進化先は役割技と終盤大技。分岐進化は分岐後に個性技を追加。,異タイプ高火力技は最大2タイプまで。元々の設定・身体構造・図鑑説明に根拠がない技は削除または教え技化。,P1
242,エムリット,エムリット,エスパー,伝説,未収録・追加対象,特殊アタッカー,ねんりき / めいそう,サイコショック,トリック,基礎形は早期STAB、中間は中威力STAB、進化先は役割技と終盤大技。分岐進化は分岐後に個性技を追加。,異タイプ高火力技は最大2タイプまで。元々の設定・身体構造・図鑑説明に根拠がない技は削除または教え技化。,P1
243,アグノム,アグノム,エスパー,伝説,未収録・追加対象,特殊アタッカー,ねんりき / めいそう,サイコショック,トリック,基礎形は早期STAB、中間は中威力STAB、進化先は役割技と終盤大技。分岐進化は分岐後に個性技を追加。,異タイプ高火力技は最大2タイプまで。元々の設定・身体構造・図鑑説明に根拠がない技は削除または教え技化。,P1
244,ディアルガ,ディアルガ,はがね / ドラゴン,伝説,既存（トーホク図鑑145）,特殊アタッカー,ミラーショット / てっぺき / りゅうのいぶき / りゅうのまい,ラスターカノン / ワイドブレイカー,アイアンヘッド / りゅうせいぐん,基礎形は早期STAB、中間は中威力STAB、進化先は役割技と終盤大技。分岐進化は分岐後に個性技を追加。,異タイプ高火力技は最大2タイプまで。元々の設定・身体構造・図鑑説明に根拠がない技は削除または教え技化。,P0
245,パルキア,パルキア,みず / ドラゴン,伝説,既存（トーホク図鑑146）,特殊アタッカー,みずのはどう / あまごい / りゅうのいぶき / りゅうのまい,アクアブレイク / ワイドブレイカー,クイックターン / りゅうせいぐん,基礎形は早期STAB、中間は中威力STAB、進化先は役割技と終盤大技。分岐進化は分岐後に個性技を追加。,異タイプ高火力技は最大2タイプまで。元々の設定・身体構造・図鑑説明に根拠がない技は削除または教え技化。,P0
246,ヒードラン,ヒードラン,はがね / ほのお,伝説,既存（トーホク図鑑379）,特殊アタッカー,ひのこ / おにび / ミラーショット / てっぺき,かえんほうしゃ / ラスターカノン,ねっぷう / アイアンヘッド,基礎形は早期STAB、中間は中威力STAB、進化先は役割技と終盤大技。分岐進化は分岐後に個性技を追加。,異タイプ高火力技は最大2タイプまで。元々の設定・身体構造・図鑑説明に根拠がない技は削除または教え技化。,P0
247,レジギガス,レジギガス,ノーマル,伝説,未収録・追加対象,物理寄り,ずつき / アンコール,まもる,てだすけ,基礎形は早期STAB、中間は中威力STAB、進化先は役割技と終盤大技。分岐進化は分岐後に個性技を追加。,異タイプ高火力技は最大2タイプまで。元々の設定・身体構造・図鑑説明に根拠がない技は削除または教え技化。,P1
248,ギラティナ,ギラティナ,ゴースト / ドラゴン,伝説,未収録・追加対象,特殊アタッカー,おどろかす / おにび / りゅうのいぶき / りゅうのまい,シャドークロー / ワイドブレイカー,ポルターガイスト / りゅうせいぐん,基礎形は早期STAB、中間は中威力STAB、進化先は役割技と終盤大技。分岐進化は分岐後に個性技を追加。,異タイプ高火力技は最大2タイプまで。元々の設定・身体構造・図鑑説明に根拠がない技は削除または教え技化。,P0
249,クレセリア,クレセリア,エスパー,伝説,未収録・追加対象,耐久・補助,サイコカッター / ねんりき,サイコショック,トリック,基礎形は早期STAB、中間は中威力STAB、進化先は役割技と終盤大技。分岐進化は分岐後に個性技を追加。,異タイプ高火力技は最大2タイプまで。元々の設定・身体構造・図鑑説明に根拠がない技は削除または教え技化。,P1
250,フィオネ,フィオネ → マナフィ,みず,幻,既存（トーホク図鑑382）; 既存（トーホク図鑑383）,特殊アタッカー,アクアジェット / みずのはどう / ハイドロポンプ / あまごい,アクアブレイク,クイックターン,基礎形は早期STAB、中間は中威力STAB、進化先は役割技と終盤大技。分岐進化は分岐後に個性技を追加。,異タイプ高火力技は最大2タイプまで。元々の設定・身体構造・図鑑説明に根拠がない技は削除または教え技化。,P0
252,ダークライ,ダークライ,あく,幻,既存（トーホク図鑑147）,特殊アタッカー,バークアウト / ちょうはつ,バークアウト,はたきおとす,基礎形は早期STAB、中間は中威力STAB、進化先は役割技と終盤大技。分岐進化は分岐後に個性技を追加。,異タイプ高火力技は最大2タイプまで。元々の設定・身体構造・図鑑説明に根拠がない技は削除または教え技化。,P0
253,シェイミ,シェイミ,くさ,幻,未収録・追加対象,特殊アタッカー,メガドレイン / やどりぎのタネ,くさむすび,グラススライダー,基礎形は早期STAB、中間は中威力STAB、進化先は役割技と終盤大技。分岐進化は分岐後に個性技を追加。,異タイプ高火力技は最大2タイプまで。元々の設定・身体構造・図鑑説明に根拠がない技は削除または教え技化。,P1
254,アルセウス,アルセウス,ノーマル,幻,未収録・追加対象,特殊アタッカー,スピードスター / アンコール,まもる,てだすけ,基礎形は早期STAB、中間は中威力STAB、進化先は役割技と終盤大技。分岐進化は分岐後に個性技を追加。,異タイプ高火力技は最大2タイプまで。元々の設定・身体構造・図鑑説明に根拠がない技は削除または教え技化。,P1
255,ビクティニ,ビクティニ,ほのお / エスパー,幻,未収録・追加対象,特殊アタッカー,ねんりき / めいそう / ひのこ / おにび,サイコショック / かえんほうしゃ,トリック / ねっぷう,基礎形は早期STAB、中間は中威力STAB、進化先は役割技と終盤大技。分岐進化は分岐後に個性技を追加。,異タイプ高火力技は最大2タイプまで。元々の設定・身体構造・図鑑説明に根拠がない技は削除または教え技化。,P1
256,ツタージャ,ツタージャ → ジャノビー → ジャローダ,くさ,御三家,未収録・追加対象,物理アタッカー,はっぱカッター / やどりぎのタネ / ギガドレイン / リーフストーム / リーフブレード,くさむすび,グラススライダー,基礎形は早期STAB、中間は中威力STAB、進化先は役割技と終盤大技。分岐進化は分岐後に個性技を追加。,異タイプ高火力技は最大2タイプまで。元々の設定・身体構造・図鑑説明に根拠がない技は削除または教え技化。,P0
257,ポカブ,ポカブ → チャオブー → エンブオー,かくとう / ほのお,御三家,未収録・追加対象,両刀・可変,ひのこ / おにび / ニトロチャージ / かえんほうしゃ / かわらわり / はどうだん / ヒートスタンプ,かえんほうしゃ / ドレインパンチ,ねっぷう / コーチング,基礎形は早期STAB、中間は中威力STAB、進化先は役割技と終盤大技。分岐進化は分岐後に個性技を追加。,異タイプ高火力技は最大2タイプまで。元々の設定・身体構造・図鑑説明に根拠がない技は削除または教え技化。,P0
258,ミジュマル,ミジュマル → フタチマル → ダイケンキ,みず,御三家,未収録・追加対象,両刀・可変,アクアジェット / みずのはどう / アクアブレイク / なみのり / シェルブレード / あまごい,アクアブレイク,クイックターン,基礎形は早期STAB、中間は中威力STAB、進化先は役割技と終盤大技。分岐進化は分岐後に個性技を追加。,異タイプ高火力技は最大2タイプまで。元々の設定・身体構造・図鑑説明に根拠がない技は削除または教え技化。,P0
259,ミネズミ,ミネズミ → ミルホッグ,ノーマル,通常生態,未収録・追加対象,物理寄り,ずつき / アンコール / すてみタックル,まもる,てだすけ,基礎形は早期STAB、中間は中威力STAB、進化先は役割技と終盤大技。分岐進化は分岐後に個性技を追加。,異タイプ高火力技は最大2タイプまで。元々の設定・身体構造・図鑑説明に根拠がない技は削除または教え技化。,P1
260,ヨーテリー,ヨーテリー → ハーデリア → ムーランド,ノーマル,通常生態,未収録・追加対象,物理アタッカー,ずつき / アンコール / のしかかり / すてみタックル,まもる,てだすけ,基礎形は早期STAB、中間は中威力STAB、進化先は役割技と終盤大技。分岐進化は分岐後に個性技を追加。,異タイプ高火力技は最大2タイプまで。元々の設定・身体構造・図鑑説明に根拠がない技は削除または教え技化。,P1
261,チョロネコ,チョロネコ → レパルダス,あく,通常生態,未収録・追加対象,物理アタッカー,かみつく / ちょうはつ / はたきおとす,バークアウト,はたきおとす,基礎形は早期STAB、中間は中威力STAB、進化先は役割技と終盤大技。分岐進化は分岐後に個性技を追加。,異タイプ高火力技は最大2タイプまで。元々の設定・身体構造・図鑑説明に根拠がない技は削除または教え技化。,P1
262,ヤナップ,ヤナップ → ヤナッキー,くさ,通常生態,未収録・追加対象,特殊寄り,メガドレイン / やどりぎのタネ / エナジーボール,くさむすび,グラススライダー,基礎形は早期STAB、中間は中威力STAB、進化先は役割技と終盤大技。分岐進化は分岐後に個性技を追加。,異タイプ高火力技は最大2タイプまで。元々の設定・身体構造・図鑑説明に根拠がない技は削除または教え技化。,P1
263,バオップ,バオップ → バオッキー,ほのお,通常生態,未収録・追加対象,特殊寄り,ひのこ / おにび / だいもんじ,かえんほうしゃ,ねっぷう,基礎形は早期STAB、中間は中威力STAB、進化先は役割技と終盤大技。分岐進化は分岐後に個性技を追加。,異タイプ高火力技は最大2タイプまで。元々の設定・身体構造・図鑑説明に根拠がない技は削除または教え技化。,P1
264,ヒヤップ,ヒヤップ → ヒヤッキー,みず,通常生態,未収録・追加対象,両刀・可変,アクアジェット / みずのはどう / アクアブレイク / なみのり / あまごい,アクアブレイク,クイックターン,基礎形は早期STAB、中間は中威力STAB、進化先は役割技と終盤大技。分岐進化は分岐後に個性技を追加。,異タイプ高火力技は最大2タイプまで。元々の設定・身体構造・図鑑説明に根拠がない技は削除または教え技化。,P1
265,ムンナ,ムンナ → ムシャーナ,エスパー,通常生態,未収録・追加対象,特殊アタッカー,ねんりき / めいそう / サイコショック,サイコショック,トリック,基礎形は早期STAB、中間は中威力STAB、進化先は役割技と終盤大技。分岐進化は分岐後に個性技を追加。,異タイプ高火力技は最大2タイプまで。元々の設定・身体構造・図鑑説明に根拠がない技は削除または教え技化。,P1
266,マメパト,マメパト → ハトーボー → ケンホロウ,ひこう / ノーマル,通常生態,未収録・追加対象,特殊アタッカー,ずつき / アンコール / つばさでうつ / おいかぜ / のしかかり / ドリルくちばし / ばくおんぱ（音系のみ） / ぼうふう,まもる / アクロバット,てだすけ / おいかぜ,基礎形は早期STAB、中間は中威力STAB、進化先は役割技と終盤大技。分岐進化は分岐後に個性技を追加。,異タイプ高火力技は最大2タイプまで。元々の設定・身体構造・図鑑説明に根拠がない技は削除または教え技化。,P1
267,シママ,シママ → ゼブライカ,でんき,通常生態,未収録・追加対象,物理アタッカー,でんきショック / でんじは / ワイルドボルト,ボルトチェンジ,エレキネット,基礎形は早期STAB、中間は中威力STAB、進化先は役割技と終盤大技。分岐進化は分岐後に個性技を追加。,異タイプ高火力技は最大2タイプまで。元々の設定・身体構造・図鑑説明に根拠がない技は削除または教え技化。,P1
268,ダンゴロ,ダンゴロ → ガントル → ギガイアス,いわ,通常生態,未収録・追加対象,特殊アタッカー,いわおとし / ステルスロック / いわなだれ / メテオビーム,ステルスロック,メテオビーム,基礎形は早期STAB、中間は中威力STAB、進化先は役割技と終盤大技。分岐進化は分岐後に個性技を追加。,異タイプ高火力技は最大2タイプまで。元々の設定・身体構造・図鑑説明に根拠がない技は削除または教え技化。,P1
269,コロモリ,コロモリ → ココロモリ,ひこう / エスパー,通常生態,未収録・追加対象,特殊アタッカー,ねんりき / めいそう / かぜおこし / おいかぜ / サイコショック / ぼうふう,サイコショック / アクロバット,トリック / おいかぜ,基礎形は早期STAB、中間は中威力STAB、進化先は役割技と終盤大技。分岐進化は分岐後に個性技を追加。,異タイプ高火力技は最大2タイプまで。元々の設定・身体構造・図鑑説明に根拠がない技は削除または教え技化。,P1
270,モグリュー,モグリュー → ドリュウズ,じめん / はがね,通常生態,未収録・追加対象,物理アタッカー,どろかけ / すなあらし / じしん / ヘビーボンバー / てっぺき,じならし / ラスターカノン,ねっさのだいち / アイアンヘッド,基礎形は早期STAB、中間は中威力STAB、進化先は役割技と終盤大技。分岐進化は分岐後に個性技を追加。,異タイプ高火力技は最大2タイプまで。元々の設定・身体構造・図鑑説明に根拠がない技は削除または教え技化。,P1
271,タブンネ,タブンネ,ノーマル,通常生態,未収録・追加対象,耐久・補助,ずつき / スピードスター,まもる,てだすけ,基礎形は早期STAB、中間は中威力STAB、進化先は役割技と終盤大技。分岐進化は分岐後に個性技を追加。,異タイプ高火力技は最大2タイプまで。元々の設定・身体構造・図鑑説明に根拠がない技は削除または教え技化。,P1
272,ドッコラー,ドッコラー → ドテッコツ → ローブシン,かくとう,通常生態,未収録・追加対象,物理アタッカー,いわくだき / ビルドアップ / かわらわり / インファイト,ドレインパンチ,コーチング,基礎形は早期STAB、中間は中威力STAB、進化先は役割技と終盤大技。分岐進化は分岐後に個性技を追加。,異タイプ高火力技は最大2タイプまで。元々の設定・身体構造・図鑑説明に根拠がない技は削除または教え技化。,P1
273,オタマロ,オタマロ → ガマガル → ガマゲロゲ,じめん / みず,通常生態,未収録・追加対象,特殊アタッカー,アクアジェット / みずのはどう / アクアブレイク / あまごい / じならし / すなあらし / ハイドロポンプ / ねっさのだいち,アクアブレイク / じならし,クイックターン / ねっさのだいち,基礎形は早期STAB、中間は中威力STAB、進化先は役割技と終盤大技。分岐進化は分岐後に個性技を追加。,異タイプ高火力技は最大2タイプまで。元々の設定・身体構造・図鑑説明に根拠がない技は削除または教え技化。,P1
274,ナゲキ,ナゲキ,かくとう,通常生態,未収録・追加対象,物理寄り,いわくだき / ビルドアップ,ドレインパンチ,コーチング,基礎形は早期STAB、中間は中威力STAB、進化先は役割技と終盤大技。分岐進化は分岐後に個性技を追加。,異タイプ高火力技は最大2タイプまで。元々の設定・身体構造・図鑑説明に根拠がない技は削除または教え技化。,P1
275,ダゲキ,ダゲキ,かくとう,通常生態,未収録・追加対象,物理アタッカー,いわくだき / ビルドアップ,ドレインパンチ,コーチング,基礎形は早期STAB、中間は中威力STAB、進化先は役割技と終盤大技。分岐進化は分岐後に個性技を追加。,異タイプ高火力技は最大2タイプまで。元々の設定・身体構造・図鑑説明に根拠がない技は削除または教え技化。,P1
276,クルミル,クルミル → クルマユ → ハハコモリ,くさ / むし,通常生態,未収録・追加対象,物理アタッカー,むしくい / むしのていこう / はっぱカッター / メガドレイン / シザークロス / むしのさざめき / タネばくだん / ギガドレイン,とんぼがえり / くさむすび,むしくい / グラススライダー,基礎形は早期STAB、中間は中威力STAB、進化先は役割技と終盤大技。分岐進化は分岐後に個性技を追加。,異タイプ高火力技は最大2タイプまで。元々の設定・身体構造・図鑑説明に根拠がない技は削除または教え技化。,P1
277,フシデ,フシデ → ホイーガ → ペンドラー,どく / むし,通常生態,未収録・追加対象,物理アタッカー,むしくい / ねばねばネット / どくばり / どくどく / シザークロス / どくづき / メガホーン / ダストシュート,とんぼがえり / ベノムショック,むしくい / ダストシュート,基礎形は早期STAB、中間は中威力STAB、進化先は役割技と終盤大技。分岐進化は分岐後に個性技を追加。,異タイプ高火力技は最大2タイプまで。元々の設定・身体構造・図鑑説明に根拠がない技は削除または教え技化。,P1
278,モンメン,モンメン → エルフーン,くさ / フェアリー,通常生態,未収録・追加対象,耐久・補助,メガドレイン / やどりぎのタネ / ようせいのかぜ / あまえる / ギガドレイン / こうごうせい / マジカルシャイン,くさむすび / マジカルシャイン,グラススライダー / ミストバースト,基礎形は早期STAB、中間は中威力STAB、進化先は役割技と終盤大技。分岐進化は分岐後に個性技を追加。,異タイプ高火力技は最大2タイプまで。元々の設定・身体構造・図鑑説明に根拠がない技は削除または教え技化。,P1
279,チュリネ,チュリネ → ドレディア,くさ,通常生態,既存（トーホク図鑑369）; 既存（トーホク図鑑370）,特殊アタッカー,メガドレイン / やどりぎのタネ / エナジーボール,くさむすび,グラススライダー,基礎形は早期STAB、中間は中威力STAB、進化先は役割技と終盤大技。分岐進化は分岐後に個性技を追加。,異タイプ高火力技は最大2タイプまで。元々の設定・身体構造・図鑑説明に根拠がない技は削除または教え技化。,P0
280,バスラオ,バスラオ → イダイトウ,みず / ゴースト,通常生態,未収録・追加対象,物理アタッカー,アクアジェット / みずのはどう / ウェーブタックル / たきのぼり / あまごい / ポルターガイスト,アクアブレイク / シャドークロー,クイックターン / ポルターガイスト,基礎形は早期STAB、中間は中威力STAB、進化先は役割技と終盤大技。分岐進化は分岐後に個性技を追加。,異タイプ高火力技は最大2タイプまで。元々の設定・身体構造・図鑑説明に根拠がない技は削除または教え技化。,P0
281,メグロコ,メグロコ → ワルビル → ワルビアル,あく / じめん,通常生態,既存（トーホク図鑑373）; 既存（トーホク図鑑374）; 既存（トーホク図鑑375）,物理アタッカー,どろかけ / すなあらし / かみつく / ちょうはつ / じならし / つじぎり / じしん / はたきおとす,じならし / バークアウト,ねっさのだいち / はたきおとす,基礎形は早期STAB、中間は中威力STAB、進化先は役割技と終盤大技。分岐進化は分岐後に個性技を追加。,異タイプ高火力技は最大2タイプまで。元々の設定・身体構造・図鑑説明に根拠がない技は削除または教え技化。,P0
282,ダルマッカ,ダルマッカ → ヒヒダルマ,ほのお,通常生態,未収録・追加対象,物理アタッカー,ひのこ / おにび / フレアドライブ,かえんほうしゃ,ねっぷう,基礎形は早期STAB、中間は中威力STAB、進化先は役割技と終盤大技。分岐進化は分岐後に個性技を追加。,異タイプ高火力技は最大2タイプまで。元々の設定・身体構造・図鑑説明に根拠がない技は削除または教え技化。,P1
283,マラカッチ,マラカッチ,くさ,通常生態,未収録・追加対象,特殊寄り,メガドレイン / やどりぎのタネ,くさむすび,グラススライダー,基礎形は早期STAB、中間は中威力STAB、進化先は役割技と終盤大技。分岐進化は分岐後に個性技を追加。,異タイプ高火力技は最大2タイプまで。元々の設定・身体構造・図鑑説明に根拠がない技は削除または教え技化。,P1
284,イシズマイ,イシズマイ → イワパレス,いわ / むし,通常生態,既存（トーホク図鑑352）; 既存（トーホク図鑑353）,物理アタッカー,むしくい / ねばねばネット / いわおとし / ステルスロック / メガホーン / ストーンエッジ,とんぼがえり / ステルスロック,むしくい / メテオビーム,基礎形は早期STAB、中間は中威力STAB、進化先は役割技と終盤大技。分岐進化は分岐後に個性技を追加。,異タイプ高火力技は最大2タイプまで。元々の設定・身体構造・図鑑説明に根拠がない技は削除または教え技化。,P0
285,ズルッグ,ズルッグ → ズルズキン,あく / かくとう,通常生態,既存（トーホク図鑑367）; 既存（トーホク図鑑368）,物理アタッカー,かみつく / ちょうはつ / いわくだき / ビルドアップ / はたきおとす / インファイト,バークアウト / ドレインパンチ,はたきおとす / コーチング,基礎形は早期STAB、中間は中威力STAB、進化先は役割技と終盤大技。分岐進化は分岐後に個性技を追加。,異タイプ高火力技は最大2タイプまで。元々の設定・身体構造・図鑑説明に根拠がない技は削除または教え技化。,P0
286,シンボラー,シンボラー,ひこう / エスパー,通常生態,未収録・追加対象,特殊アタッカー,ねんりき / めいそう / かぜおこし / おいかぜ,サイコショック / アクロバット,トリック / おいかぜ,基礎形は早期STAB、中間は中威力STAB、進化先は役割技と終盤大技。分岐進化は分岐後に個性技を追加。,異タイプ高火力技は最大2タイプまで。元々の設定・身体構造・図鑑説明に根拠がない技は削除または教え技化。,P1
287,デスマス,デスマス → デスカーン → デスバーン,じめん / ゴースト,通常生態,未収録・追加対象,物理アタッカー,おどろかす / おにび / たたりめ / じしん / すなあらし / ポルターガイスト,シャドークロー / じならし,ポルターガイスト / ねっさのだいち,基礎形は早期STAB、中間は中威力STAB、進化先は役割技と終盤大技。分岐進化は分岐後に個性技を追加。,異タイプ高火力技は最大2タイプまで。元々の設定・身体構造・図鑑説明に根拠がない技は削除または教え技化。,P1
288,プロトーガ,プロトーガ → アバゴーラ,いわ / みず,化石,未収録・追加対象,物理アタッカー,アクアジェット / あまごい / いわおとし / ステルスロック / たきのぼり / ストーンエッジ,アクアブレイク / ステルスロック,クイックターン / メテオビーム,基礎形は早期STAB、中間は中威力STAB、進化先は役割技と終盤大技。分岐進化は分岐後に個性技を追加。,異タイプ高火力技は最大2タイプまで。元々の設定・身体構造・図鑑説明に根拠がない技は削除または教え技化。,P1
289,アーケン,アーケン → アーケオス,いわ / ひこう,化石,未収録・追加対象,物理アタッカー,いわおとし / ステルスロック / つばさでうつ / おいかぜ / ストーンエッジ / ブレイブバード,ステルスロック / アクロバット,メテオビーム / おいかぜ,基礎形は早期STAB、中間は中威力STAB、進化先は役割技と終盤大技。分岐進化は分岐後に個性技を追加。,異タイプ高火力技は最大2タイプまで。元々の設定・身体構造・図鑑説明に根拠がない技は削除または教え技化。,P1
290,ヤブクロン,ヤブクロン → ダストダス,どく,通常生態,未収録・追加対象,特殊アタッカー,どくばり / アシッドボム / ヘドロウェーブ / どくどく,ベノムショック,ダストシュート,基礎形は早期STAB、中間は中威力STAB、進化先は役割技と終盤大技。分岐進化は分岐後に個性技を追加。,異タイプ高火力技は最大2タイプまで。元々の設定・身体構造・図鑑説明に根拠がない技は削除または教え技化。,P1
291,ゾロア,ゾロア → ゾロアーク,あく,通常生態,未収録・追加対象,特殊アタッカー,かみつく / ちょうはつ / イカサマ,バークアウト,はたきおとす,基礎形は早期STAB、中間は中威力STAB、進化先は役割技と終盤大技。分岐進化は分岐後に個性技を追加。,異タイプ高火力技は最大2タイプまで。元々の設定・身体構造・図鑑説明に根拠がない技は削除または教え技化。,P1
292,チラーミィ,チラーミィ → チラチーノ,ノーマル,通常生態,未収録・追加対象,物理寄り,ずつき / アンコール / すてみタックル,まもる,てだすけ,基礎形は早期STAB、中間は中威力STAB、進化先は役割技と終盤大技。分岐進化は分岐後に個性技を追加。,異タイプ高火力技は最大2タイプまで。元々の設定・身体構造・図鑑説明に根拠がない技は削除または教え技化。,P1
293,ゴチム,ゴチム → ゴチミル → ゴチルゼル,エスパー,通常生態,未収録・追加対象,特殊アタッカー,ねんりき / めいそう / サイコキネシス / サイコショック,サイコショック,トリック,基礎形は早期STAB、中間は中威力STAB、進化先は役割技と終盤大技。分岐進化は分岐後に個性技を追加。,異タイプ高火力技は最大2タイプまで。元々の設定・身体構造・図鑑説明に根拠がない技は削除または教え技化。,P1
294,ユニラン,ユニラン → ダブラン → ランクルス,エスパー,通常生態,未収録・追加対象,特殊アタッカー,ねんりき / めいそう / サイコキネシス / サイコショック,サイコショック,トリック,基礎形は早期STAB、中間は中威力STAB、進化先は役割技と終盤大技。分岐進化は分岐後に個性技を追加。,異タイプ高火力技は最大2タイプまで。元々の設定・身体構造・図鑑説明に根拠がない技は削除または教え技化。,P1
295,コアルヒー,コアルヒー → スワンナ,ひこう / みず,通常生態,未収録・追加対象,特殊アタッカー,アクアジェット / みずのはどう / つばさでうつ / かぜおこし / ハイドロポンプ / あまごい / ぼうふう / おいかぜ,アクアブレイク / アクロバット,クイックターン / おいかぜ,基礎形は早期STAB、中間は中威力STAB、進化先は役割技と終盤大技。分岐進化は分岐後に個性技を追加。,異タイプ高火力技は最大2タイプまで。元々の設定・身体構造・図鑑説明に根拠がない技は削除または教え技化。,P1
296,バニプッチ,バニプッチ → バニリッチ → バイバニラ,こおり,通常生態,未収録・追加対象,特殊アタッカー,こごえるかぜ / ゆきげしき / れいとうビーム / ふぶき,アイススピナー,トリプルアクセル,基礎形は早期STAB、中間は中威力STAB、進化先は役割技と終盤大技。分岐進化は分岐後に個性技を追加。,異タイプ高火力技は最大2タイプまで。元々の設定・身体構造・図鑑説明に根拠がない技は削除または教え技化。,P1
297,シキジカ,シキジカ → メブキジカ,くさ / ノーマル,通常生態,未収録・追加対象,両刀・可変,ずつき / スピードスター / はっぱカッター / メガドレイン / のしかかり / ハイパーボイス / アンコール / タネばくだん,まもる / くさむすび,てだすけ / グラススライダー,基礎形は早期STAB、中間は中威力STAB、進化先は役割技と終盤大技。分岐進化は分岐後に個性技を追加。,異タイプ高火力技は最大2タイプまで。元々の設定・身体構造・図鑑説明に根拠がない技は削除または教え技化。,P1
298,エモンガ,エモンガ,でんき / ひこう,通常生態,未収録・追加対象,特殊寄り,でんきショック / でんじは / かぜおこし / おいかぜ,ボルトチェンジ / アクロバット,エレキネット / おいかぜ,基礎形は早期STAB、中間は中威力STAB、進化先は役割技と終盤大技。分岐進化は分岐後に個性技を追加。,異タイプ高火力技は最大2タイプまで。元々の設定・身体構造・図鑑説明に根拠がない技は削除または教え技化。,P1
299,カブルモ,カブルモ → シュバルゴ,はがね / むし,通常生態,未収録・追加対象,物理アタッカー,むしくい / ねばねばネット / メガホーン / ヘビーボンバー / てっぺき,とんぼがえり / ラスターカノン,むしくい / アイアンヘッド,基礎形は早期STAB、中間は中威力STAB、進化先は役割技と終盤大技。分岐進化は分岐後に個性技を追加。,異タイプ高火力技は最大2タイプまで。元々の設定・身体構造・図鑑説明に根拠がない技は削除または教え技化。,P1
300,タマゲタケ,タマゲタケ → モロバレル,くさ / どく,通常生態,未収録・追加対象,特殊アタッカー,メガドレイン / やどりぎのタネ / アシッドボム / どくどく / エナジーボール / ヘドロウェーブ,くさむすび / ベノムショック,グラススライダー / ダストシュート,基礎形は早期STAB、中間は中威力STAB、進化先は役割技と終盤大技。分岐進化は分岐後に個性技を追加。,異タイプ高火力技は最大2タイプまで。元々の設定・身体構造・図鑑説明に根拠がない技は削除または教え技化。,P1
301,プルリル,プルリル → ブルンゲル,みず / ゴースト,通常生態,未収録・追加対象,特殊アタッカー,みずのはどう / あまごい / おどろかす / おにび / ハイドロポンプ / シャドーボール,アクアブレイク / シャドークロー,クイックターン / ポルターガイスト,基礎形は早期STAB、中間は中威力STAB、進化先は役割技と終盤大技。分岐進化は分岐後に個性技を追加。,異タイプ高火力技は最大2タイプまで。元々の設定・身体構造・図鑑説明に根拠がない技は削除または教え技化。,P1
302,ママンボウ,ママンボウ,みず,通常生態,未収録・追加対象,耐久・補助,アクアジェット / みずのはどう,アクアブレイク,クイックターン,基礎形は早期STAB、中間は中威力STAB、進化先は役割技と終盤大技。分岐進化は分岐後に個性技を追加。,異タイプ高火力技は最大2タイプまで。元々の設定・身体構造・図鑑説明に根拠がない技は削除または教え技化。,P1
303,バチュル,バチュル → デンチュラ,でんき / むし,通常生態,既存（トーホク図鑑274）; 既存（トーホク図鑑275）,特殊アタッカー,むしくい / むしのていこう / スパーク / でんきショック / かふんだんご / ねばねばネット / かみなり / でんじは,とんぼがえり / ボルトチェンジ,むしくい / エレキネット,基礎形は早期STAB、中間は中威力STAB、進化先は役割技と終盤大技。分岐進化は分岐後に個性技を追加。,異タイプ高火力技は最大2タイプまで。元々の設定・身体構造・図鑑説明に根拠がない技は削除または教え技化。,P0
304,テッシード,テッシード → ナットレイ,くさ / はがね,通常生態,既存（トーホク図鑑354）; 既存（トーホク図鑑355）,物理アタッカー,はっぱカッター / メガドレイン / メタルクロー / ミラーショット / リーフブレード / やどりぎのタネ / ヘビーボンバー / てっぺき,くさむすび / ラスターカノン,グラススライダー / アイアンヘッド,基礎形は早期STAB、中間は中威力STAB、進化先は役割技と終盤大技。分岐進化は分岐後に個性技を追加。,異タイプ高火力技は最大2タイプまで。元々の設定・身体構造・図鑑説明に根拠がない技は削除または教え技化。,P0
305,ギアル,ギアル → ギギアル → ギギギアル,はがね,人工・無機物,既存（トーホク図鑑334）; 既存（トーホク図鑑335）; 既存（トーホク図鑑336）,特殊アタッカー,メタルクロー / てっぺき / アイアンヘッド / てっていこうせん,ラスターカノン,アイアンヘッド,基礎形は早期STAB、中間は中威力STAB、進化先は役割技と終盤大技。分岐進化は分岐後に個性技を追加。,異タイプ高火力技は最大2タイプまで。元々の設定・身体構造・図鑑説明に根拠がない技は削除または教え技化。,P0
306,シビシラス,シビシラス → シビビール → シビルドン,でんき,通常生態,既存（トーホク図鑑356）; 既存（トーホク図鑑357）; 既存（トーホク図鑑358）,両刀・可変,でんきショック / でんじは / 10まんボルト / かみなりパンチ,ボルトチェンジ,エレキネット,基礎形は早期STAB、中間は中威力STAB、進化先は役割技と終盤大技。分岐進化は分岐後に個性技を追加。,異タイプ高火力技は最大2タイプまで。元々の設定・身体構造・図鑑説明に根拠がない技は削除または教え技化。,P0
307,リグレー,リグレー → オーベム,エスパー,通常生態,未収録・追加対象,特殊アタッカー,ねんりき / めいそう / サイコショック,サイコショック,トリック,基礎形は早期STAB、中間は中威力STAB、進化先は役割技と終盤大技。分岐進化は分岐後に個性技を追加。,異タイプ高火力技は最大2タイプまで。元々の設定・身体構造・図鑑説明に根拠がない技は削除または教え技化。,P1
308,ヒトモシ,ヒトモシ → ランプラー → シャンデラ,ほのお / ゴースト,通常生態,未収録・追加対象,特殊アタッカー,おどろかす / おにび / ひのこ / たたりめ / かえんほうしゃ / シャドーボール / だいもんじ,シャドークロー / かえんほうしゃ,ポルターガイスト / ねっぷう,基礎形は早期STAB、中間は中威力STAB、進化先は役割技と終盤大技。分岐進化は分岐後に個性技を追加。,異タイプ高火力技は最大2タイプまで。元々の設定・身体構造・図鑑説明に根拠がない技は削除または教え技化。,P1
309,キバゴ,キバゴ → オノンド → オノノクス,ドラゴン,通常生態,未収録・追加対象,物理アタッカー,ドラゴンテール / りゅうのまい / ドラゴンクロー / げきりん,ワイドブレイカー,りゅうせいぐん,基礎形は早期STAB、中間は中威力STAB、進化先は役割技と終盤大技。分岐進化は分岐後に個性技を追加。,異タイプ高火力技は最大2タイプまで。元々の設定・身体構造・図鑑説明に根拠がない技は削除または教え技化。,P1
310,クマシュン,クマシュン → ツンベアー,こおり,通常生態,未収録・追加対象,特殊寄り,こごえるかぜ / ゆきげしき / ふぶき,アイススピナー,トリプルアクセル,基礎形は早期STAB、中間は中威力STAB、進化先は役割技と終盤大技。分岐進化は分岐後に個性技を追加。,異タイプ高火力技は最大2タイプまで。元々の設定・身体構造・図鑑説明に根拠がない技は削除または教え技化。,P1
311,フリージオ,フリージオ,こおり,人工・無機物,既存（トーホク図鑑312）,特殊アタッカー,こごえるかぜ / ゆきげしき,アイススピナー,トリプルアクセル,基礎形は早期STAB、中間は中威力STAB、進化先は役割技と終盤大技。分岐進化は分岐後に個性技を追加。,異タイプ高火力技は最大2タイプまで。元々の設定・身体構造・図鑑説明に根拠がない技は削除または教え技化。,P0
312,チョボマキ,チョボマキ → アギルダー,むし,通常生態,未収録・追加対象,特殊アタッカー,むしくい / ねばねばネット / かふんだんご,とんぼがえり,むしくい,基礎形は早期STAB、中間は中威力STAB、進化先は役割技と終盤大技。分岐進化は分岐後に個性技を追加。,異タイプ高火力技は最大2タイプまで。元々の設定・身体構造・図鑑説明に根拠がない技は削除または教え技化。,P1
313,マッギョ,マッギョ,じめん / でんき,通常生態,既存（トーホク図鑑326）,両刀・可変,どろかけ / マッドショット / スパーク / でんきショック,じならし / ボルトチェンジ,ねっさのだいち / エレキネット,基礎形は早期STAB、中間は中威力STAB、進化先は役割技と終盤大技。分岐進化は分岐後に個性技を追加。,異タイプ高火力技は最大2タイプまで。元々の設定・身体構造・図鑑説明に根拠がない技は削除または教え技化。,P0
314,コジョフー,コジョフー → コジョンド,かくとう,通常生態,既存（トーホク図鑑371）; 既存（トーホク図鑑372）,物理アタッカー,いわくだき / ビルドアップ / インファイト,ドレインパンチ,コーチング,基礎形は早期STAB、中間は中威力STAB、進化先は役割技と終盤大技。分岐進化は分岐後に個性技を追加。,異タイプ高火力技は最大2タイプまで。元々の設定・身体構造・図鑑説明に根拠がない技は削除または教え技化。,P0
315,クリムガン,クリムガン,ドラゴン,通常生態,未収録・追加対象,物理アタッカー,ドラゴンテール / りゅうのまい,ワイドブレイカー,りゅうせいぐん,基礎形は早期STAB、中間は中威力STAB、進化先は役割技と終盤大技。分岐進化は分岐後に個性技を追加。,異タイプ高火力技は最大2タイプまで。元々の設定・身体構造・図鑑説明に根拠がない技は削除または教え技化。,P1
316,ゴビット,ゴビット → ゴルーグ,じめん / ゴースト,人工・無機物,未収録・追加対象,物理アタッカー,どろかけ / マッドショット / かげうち / おどろかす / じしん / すなあらし / ポルターガイスト / おにび,じならし / シャドークロー,ねっさのだいち / ポルターガイスト,基礎形は早期STAB、中間は中威力STAB、進化先は役割技と終盤大技。分岐進化は分岐後に個性技を追加。,異タイプ高火力技は最大2タイプまで。元々の設定・身体構造・図鑑説明に根拠がない技は削除または教え技化。,P1
317,コマタナ,コマタナ → キリキザン → ドドゲザン,あく / はがね,通常生態,未収録・追加対象,物理アタッカー,かみつく / ちょうはつ / メタルクロー / てっぺき / つじぎり / アイアンヘッド / ドゲザン / はたきおとす,バークアウト / ラスターカノン,はたきおとす / アイアンヘッド,基礎形は早期STAB、中間は中威力STAB、進化先は役割技と終盤大技。分岐進化は分岐後に個性技を追加。,異タイプ高火力技は最大2タイプまで。元々の設定・身体構造・図鑑説明に根拠がない技は削除または教え技化。,P0
318,バッフロン,バッフロン,ノーマル,通常生態,未収録・追加対象,物理アタッカー,ずつき / アンコール,まもる,てだすけ,基礎形は早期STAB、中間は中威力STAB、進化先は役割技と終盤大技。分岐進化は分岐後に個性技を追加。,異タイプ高火力技は最大2タイプまで。元々の設定・身体構造・図鑑説明に根拠がない技は削除または教え技化。,P1
319,ワシボン,ワシボン → ウォーグル,ひこう / ノーマル,通常生態,未収録・追加対象,物理アタッカー,ずつき / アンコール / つばさでうつ / おいかぜ / すてみタックル / ブレイブバード,まもる / アクロバット,てだすけ / おいかぜ,基礎形は早期STAB、中間は中威力STAB、進化先は役割技と終盤大技。分岐進化は分岐後に個性技を追加。,異タイプ高火力技は最大2タイプまで。元々の設定・身体構造・図鑑説明に根拠がない技は削除または教え技化。,P1
320,バルチャイ,バルチャイ → バルジーナ,あく / ひこう,通常生態,未収録・追加対象,物理アタッカー,かみつく / ちょうはつ / つばさでうつ / おいかぜ / はたきおとす / ブレイブバード,バークアウト / アクロバット,はたきおとす / おいかぜ,基礎形は早期STAB、中間は中威力STAB、進化先は役割技と終盤大技。分岐進化は分岐後に個性技を追加。,異タイプ高火力技は最大2タイプまで。元々の設定・身体構造・図鑑説明に根拠がない技は削除または教え技化。,P1
321,クイタラン,クイタラン,ほのお,通常生態,未収録・追加対象,特殊寄り,ひのこ / おにび,かえんほうしゃ,ねっぷう,基礎形は早期STAB、中間は中威力STAB、進化先は役割技と終盤大技。分岐進化は分岐後に個性技を追加。,異タイプ高火力技は最大2タイプまで。元々の設定・身体構造・図鑑説明に根拠がない技は削除または教え技化。,P1
322,アイアント,アイアント,はがね / むし,通常生態,未収録・追加対象,物理アタッカー,むしくい / ねばねばネット / メタルクロー / てっぺき,とんぼがえり / ラスターカノン,むしくい / アイアンヘッド,基礎形は早期STAB、中間は中威力STAB、進化先は役割技と終盤大技。分岐進化は分岐後に個性技を追加。,異タイプ高火力技は最大2タイプまで。元々の設定・身体構造・図鑑説明に根拠がない技は削除または教え技化。,P1
323,モノズ,モノズ → ジヘッド → サザンドラ,あく / ドラゴン,600族,未収録・追加対象,両刀・可変,かみつく / ちょうはつ / ドラゴンテール / りゅうのまい / つじぎり / ドラゴンクロー / あくのはどう,バークアウト / ワイドブレイカー,はたきおとす / りゅうせいぐん,基礎形は早期STAB、中間は中威力STAB、進化先は役割技と終盤大技。分岐進化は分岐後に個性技を追加。,異タイプ高火力技は最大2タイプまで。元々の設定・身体構造・図鑑説明に根拠がない技は削除または教え技化。,P1
324,メラルバ,メラルバ → ウルガモス,ほのお / むし,通常生態,未収録・追加対象,特殊アタッカー,むしくい / むしのていこう / ほのおのキバ / ひのこ / かふんだんご / ねばねばネット / だいもんじ / おにび,とんぼがえり / かえんほうしゃ,むしくい / ねっぷう,基礎形は早期STAB、中間は中威力STAB、進化先は役割技と終盤大技。分岐進化は分岐後に個性技を追加。,異タイプ高火力技は最大2タイプまで。元々の設定・身体構造・図鑑説明に根拠がない技は削除または教え技化。,P1
325,コバルオン,コバルオン,かくとう / はがね,伝説,未収録・追加対象,物理寄り,メタルクロー / てっぺき / いわくだき / ビルドアップ,ラスターカノン / ドレインパンチ,アイアンヘッド / コーチング,基礎形は早期STAB、中間は中威力STAB、進化先は役割技と終盤大技。分岐進化は分岐後に個性技を追加。,異タイプ高火力技は最大2タイプまで。元々の設定・身体構造・図鑑説明に根拠がない技は削除または教え技化。,P1
326,テラキオン,テラキオン,いわ / かくとう,伝説,未収録・追加対象,物理寄り,いわおとし / ステルスロック / いわくだき / ビルドアップ,ステルスロック / ドレインパンチ,メテオビーム / コーチング,基礎形は早期STAB、中間は中威力STAB、進化先は役割技と終盤大技。分岐進化は分岐後に個性技を追加。,異タイプ高火力技は最大2タイプまで。元々の設定・身体構造・図鑑説明に根拠がない技は削除または教え技化。,P1
327,ビリジオン,ビリジオン,かくとう / くさ,伝説,未収録・追加対象,両刀・可変,はっぱカッター / メガドレイン / いわくだき / しんくうは,くさむすび / ドレインパンチ,グラススライダー / コーチング,基礎形は早期STAB、中間は中威力STAB、進化先は役割技と終盤大技。分岐進化は分岐後に個性技を追加。,異タイプ高火力技は最大2タイプまで。元々の設定・身体構造・図鑑説明に根拠がない技は削除または教え技化。,P1
328,トルネロス,トルネロス,ひこう,伝説,未収録・追加対象,両刀・可変,つばさでうつ / かぜおこし,アクロバット,おいかぜ,基礎形は早期STAB、中間は中威力STAB、進化先は役割技と終盤大技。分岐進化は分岐後に個性技を追加。,異タイプ高火力技は最大2タイプまで。元々の設定・身体構造・図鑑説明に根拠がない技は削除または教え技化。,P1
329,ボルトロス,ボルトロス,でんき / ひこう,伝説,未収録・追加対象,特殊寄り,でんきショック / でんじは / かぜおこし / おいかぜ,ボルトチェンジ / アクロバット,エレキネット / おいかぜ,基礎形は早期STAB、中間は中威力STAB、進化先は役割技と終盤大技。分岐進化は分岐後に個性技を追加。,異タイプ高火力技は最大2タイプまで。元々の設定・身体構造・図鑑説明に根拠がない技は削除または教え技化。,P1
330,レシラム,レシラム,ほのお / ドラゴン,伝説,未収録・追加対象,特殊アタッカー,りゅうのいぶき / りゅうのまい / ひのこ / おにび,ワイドブレイカー / かえんほうしゃ,りゅうせいぐん / ねっぷう,基礎形は早期STAB、中間は中威力STAB、進化先は役割技と終盤大技。分岐進化は分岐後に個性技を追加。,異タイプ高火力技は最大2タイプまで。元々の設定・身体構造・図鑑説明に根拠がない技は削除または教え技化。,P0
331,ゼクロム,ゼクロム,でんき / ドラゴン,伝説,未収録・追加対象,特殊アタッカー,りゅうのいぶき / りゅうのまい / でんきショック / でんじは,ワイドブレイカー / ボルトチェンジ,りゅうせいぐん / エレキネット,基礎形は早期STAB、中間は中威力STAB、進化先は役割技と終盤大技。分岐進化は分岐後に個性技を追加。,異タイプ高火力技は最大2タイプまで。元々の設定・身体構造・図鑑説明に根拠がない技は削除または教え技化。,P0
332,ランドロス,ランドロス,じめん / ひこう,伝説,未収録・追加対象,物理寄り,どろかけ / すなあらし / つばさでうつ / おいかぜ,じならし / アクロバット,ねっさのだいち / おいかぜ,基礎形は早期STAB、中間は中威力STAB、進化先は役割技と終盤大技。分岐進化は分岐後に個性技を追加。,異タイプ高火力技は最大2タイプまで。元々の設定・身体構造・図鑑説明に根拠がない技は削除または教え技化。,P1
333,キュレム,キュレム,こおり / ドラゴン,伝説,未収録・追加対象,特殊アタッカー,りゅうのいぶき / りゅうのまい / こごえるかぜ / ゆきげしき,ワイドブレイカー / アイススピナー,りゅうせいぐん / トリプルアクセル,基礎形は早期STAB、中間は中威力STAB、進化先は役割技と終盤大技。分岐進化は分岐後に個性技を追加。,異タイプ高火力技は最大2タイプまで。元々の設定・身体構造・図鑑説明に根拠がない技は削除または教え技化。,P0
334,ケルディオ,ケルディオ,かくとう / みず,幻,未収録・追加対象,特殊アタッカー,みずのはどう / あまごい / しんくうは / ビルドアップ,アクアブレイク / ドレインパンチ,クイックターン / コーチング,基礎形は早期STAB、中間は中威力STAB、進化先は役割技と終盤大技。分岐進化は分岐後に個性技を追加。,異タイプ高火力技は最大2タイプまで。元々の設定・身体構造・図鑑説明に根拠がない技は削除または教え技化。,P1
335,メロエッタ,メロエッタ,エスパー / ノーマル,幻,未収録・追加対象,特殊アタッカー,スピードスター / アンコール / ねんりき / めいそう,まもる / サイコショック,てだすけ / トリック,基礎形は早期STAB、中間は中威力STAB、進化先は役割技と終盤大技。分岐進化は分岐後に個性技を追加。,異タイプ高火力技は最大2タイプまで。元々の設定・身体構造・図鑑説明に根拠がない技は削除または教え技化。,P1
336,ゲノセクト,ゲノセクト,はがね / むし,幻,未収録・追加対象,両刀・可変,むしくい / むしのていこう / メタルクロー / ミラーショット,とんぼがえり / ラスターカノン,むしくい / アイアンヘッド,基礎形は早期STAB、中間は中威力STAB、進化先は役割技と終盤大技。分岐進化は分岐後に個性技を追加。,異タイプ高火力技は最大2タイプまで。元々の設定・身体構造・図鑑説明に根拠がない技は削除または教え技化。,P1
337,ハリマロン,ハリマロン → ハリボーグ → ブリガロン,かくとう / くさ,御三家,未収録・追加対象,物理アタッカー,メガドレイン / やどりぎのタネ / ギガドレイン / ニードルガード / リーフブレード / インファイト,くさむすび / ドレインパンチ,グラススライダー / コーチング,基礎形は早期STAB、中間は中威力STAB、進化先は役割技と終盤大技。分岐進化は分岐後に個性技を追加。,異タイプ高火力技は最大2タイプまで。元々の設定・身体構造・図鑑説明に根拠がない技は削除または教え技化。,P0
338,フォッコ,フォッコ → テールナー → マフォクシー,ほのお / エスパー,御三家,未収録・追加対象,特殊アタッカー,ひのこ / おにび / かえんほうしゃ / マジカルフレイム / だいもんじ / サイコショック,かえんほうしゃ / サイコショック,ねっぷう / トリック,基礎形は早期STAB、中間は中威力STAB、進化先は役割技と終盤大技。分岐進化は分岐後に個性技を追加。,異タイプ高火力技は最大2タイプまで。元々の設定・身体構造・図鑑説明に根拠がない技は削除または教え技化。,P0
339,ケロマツ,ケロマツ → ゲコガシラ → ゲッコウガ,あく / みず,御三家,未収録・追加対象,両刀・可変,アクアジェット / みずのはどう / アクアブレイク / なみのり / みずしゅりけん / あまごい,アクアブレイク / バークアウト,クイックターン / はたきおとす,基礎形は早期STAB、中間は中威力STAB、進化先は役割技と終盤大技。分岐進化は分岐後に個性技を追加。,異タイプ高火力技は最大2タイプまで。元々の設定・身体構造・図鑑説明に根拠がない技は削除または教え技化。,P0
340,ホルビー,ホルビー → ホルード,じめん / ノーマル,通常生態,未収録・追加対象,物理アタッカー,ずつき / アンコール / すてみタックル / じしん / すなあらし,まもる / じならし,てだすけ / ねっさのだいち,基礎形は早期STAB、中間は中威力STAB、進化先は役割技と終盤大技。分岐進化は分岐後に個性技を追加。,異タイプ高火力技は最大2タイプまで。元々の設定・身体構造・図鑑説明に根拠がない技は削除または教え技化。,P2
341,ヤヤコマ,ヤヤコマ → ヒノヤコマ → ファイアロー,ひこう / ほのお / ノーマル,通常生態,未収録・追加対象,物理アタッカー,ずつき / アンコール / つばさでうつ / おいかぜ / かえんほうしゃ / おにび / エアスラッシュ / フレアドライブ,まもる / アクロバット / かえんほうしゃ,てだすけ / おいかぜ / ねっぷう,基礎形は早期STAB、中間は中威力STAB、進化先は役割技と終盤大技。分岐進化は分岐後に個性技を追加。,異タイプ高火力技は最大2タイプまで。元々の設定・身体構造・図鑑説明に根拠がない技は削除または教え技化。,P2
342,コフキムシ,コフキムシ → コフーライ → ビビヨン,ひこう / むし,通常生態,未収録・追加対象,特殊アタッカー,むしくい / ねばねばネット / シザークロス / かふんだんご / ぼうふう / おいかぜ,とんぼがえり / アクロバット,むしくい / おいかぜ,基礎形は早期STAB、中間は中威力STAB、進化先は役割技と終盤大技。分岐進化は分岐後に個性技を追加。,異タイプ高火力技は最大2タイプまで。元々の設定・身体構造・図鑑説明に根拠がない技は削除または教え技化。,P2
343,シシコ,シシコ → カエンジシ,ほのお / ノーマル,通常生態,未収録・追加対象,物理アタッカー,ほのおのキバ / ひのこ / ずつき / スピードスター / フレアドライブ / おにび / すてみタックル / アンコール,かえんほうしゃ / まもる,ねっぷう / てだすけ,基礎形は早期STAB、中間は中威力STAB、進化先は役割技と終盤大技。分岐進化は分岐後に個性技を追加。,異タイプ高火力技は最大2タイプまで。元々の設定・身体構造・図鑑説明に根拠がない技は削除または教え技化。,P2
344,フラベベ,フラベベ → フラエッテ → フラージェス,フェアリー,通常生態,未収録・追加対象,特殊アタッカー,ようせいのかぜ / あまえる / マジカルシャイン / ムーンフォース,マジカルシャイン,ミストバースト,基礎形は早期STAB、中間は中威力STAB、進化先は役割技と終盤大技。分岐進化は分岐後に個性技を追加。,異タイプ高火力技は最大2タイプまで。元々の設定・身体構造・図鑑説明に根拠がない技は削除または教え技化。,P2
345,メェークル,メェークル → ゴーゴート,くさ,通常生態,未収録・追加対象,特殊寄り,メガドレイン / やどりぎのタネ / エナジーボール,くさむすび,グラススライダー,基礎形は早期STAB、中間は中威力STAB、進化先は役割技と終盤大技。分岐進化は分岐後に個性技を追加。,異タイプ高火力技は最大2タイプまで。元々の設定・身体構造・図鑑説明に根拠がない技は削除または教え技化。,P2
346,ヤンチャム,ヤンチャム → ゴロンダ,あく / かくとう,通常生態,未収録・追加対象,物理アタッカー,いわくだき / ビルドアップ / インファイト / はたきおとす / ちょうはつ,ドレインパンチ / バークアウト,コーチング / はたきおとす,基礎形は早期STAB、中間は中威力STAB、進化先は役割技と終盤大技。分岐進化は分岐後に個性技を追加。,異タイプ高火力技は最大2タイプまで。元々の設定・身体構造・図鑑説明に根拠がない技は削除または教え技化。,P2
347,トリミアン,トリミアン,ノーマル,通常生態,未収録・追加対象,物理寄り,ずつき / アンコール,まもる,てだすけ,基礎形は早期STAB、中間は中威力STAB、進化先は役割技と終盤大技。分岐進化は分岐後に個性技を追加。,異タイプ高火力技は最大2タイプまで。元々の設定・身体構造・図鑑説明に根拠がない技は削除または教え技化。,P2
348,ニャスパー,ニャスパー → ニャオニクス,エスパー,通常生態,未収録・追加対象,特殊寄り,ねんりき / めいそう / サイコショック,サイコショック,トリック,基礎形は早期STAB、中間は中威力STAB、進化先は役割技と終盤大技。分岐進化は分岐後に個性技を追加。,異タイプ高火力技は最大2タイプまで。元々の設定・身体構造・図鑑説明に根拠がない技は削除または教え技化。,P2
349,ヒトツキ,ヒトツキ → ニダンギル → ギルガルド,はがね / ゴースト,通常生態,未収録・追加対象,両刀・可変,メタルクロー / ミラーショット / かげうち / おどろかす / アイアンヘッド / ラスターカノン / シャドークロー / たたりめ,ラスターカノン / シャドークロー,アイアンヘッド / ポルターガイスト,基礎形は早期STAB、中間は中威力STAB、進化先は役割技と終盤大技。分岐進化は分岐後に個性技を追加。,異タイプ高火力技は最大2タイプまで。元々の設定・身体構造・図鑑説明に根拠がない技は削除または教え技化。,P0
350,シュシュプ,シュシュプ → フレフワン,フェアリー,通常生態,未収録・追加対象,特殊アタッカー,ようせいのかぜ / あまえる / ムーンフォース,マジカルシャイン,ミストバースト,基礎形は早期STAB、中間は中威力STAB、進化先は役割技と終盤大技。分岐進化は分岐後に個性技を追加。,異タイプ高火力技は最大2タイプまで。元々の設定・身体構造・図鑑説明に根拠がない技は削除または教え技化。,P2
351,ペロッパフ,ペロッパフ → ペロリーム,フェアリー,通常生態,未収録・追加対象,特殊アタッカー,ようせいのかぜ / あまえる / ムーンフォース,マジカルシャイン,ミストバースト,基礎形は早期STAB、中間は中威力STAB、進化先は役割技と終盤大技。分岐進化は分岐後に個性技を追加。,異タイプ高火力技は最大2タイプまで。元々の設定・身体構造・図鑑説明に根拠がない技は削除または教え技化。,P2
352,マーイーカ,マーイーカ → カラマネロ,あく / エスパー,通常生態,未収録・追加対象,特殊アタッカー,かみつく / バークアウト / サイコカッター / ねんりき / イカサマ / ちょうはつ / サイコショック / めいそう,バークアウト / サイコショック,はたきおとす / トリック,基礎形は早期STAB、中間は中威力STAB、進化先は役割技と終盤大技。分岐進化は分岐後に個性技を追加。,異タイプ高火力技は最大2タイプまで。元々の設定・身体構造・図鑑説明に根拠がない技は削除または教え技化。,P2
353,カメテテ,カメテテ → ガメノデス,いわ / みず,通常生態,未収録・追加対象,物理アタッカー,いわおとし / ステルスロック / アクアジェット / あまごい / ストーンエッジ / たきのぼり,ステルスロック / アクアブレイク,メテオビーム / クイックターン,基礎形は早期STAB、中間は中威力STAB、進化先は役割技と終盤大技。分岐進化は分岐後に個性技を追加。,異タイプ高火力技は最大2タイプまで。元々の設定・身体構造・図鑑説明に根拠がない技は削除または教え技化。,P2
354,クズモー,クズモー → ドラミドロ,どく / みず / ドラゴン,通常生態,未収録・追加対象,特殊アタッカー,どくばり / アシッドボム / アクアジェット / みずのはどう / ヘドロウェーブ / どくどく / りゅうせいぐん / りゅうのまい,ベノムショック / アクアブレイク / ワイドブレイカー,ダストシュート / クイックターン / りゅうせいぐん,基礎形は早期STAB、中間は中威力STAB、進化先は役割技と終盤大技。分岐進化は分岐後に個性技を追加。,異タイプ高火力技は最大2タイプまで。元々の設定・身体構造・図鑑説明に根拠がない技は削除または教え技化。,P2
355,ウデッポウ,ウデッポウ → ブロスター,みず,通常生態,未収録・追加対象,特殊アタッカー,アクアジェット / みずのはどう / ハイドロポンプ / あまごい,アクアブレイク,クイックターン,基礎形は早期STAB、中間は中威力STAB、進化先は役割技と終盤大技。分岐進化は分岐後に個性技を追加。,異タイプ高火力技は最大2タイプまで。元々の設定・身体構造・図鑑説明に根拠がない技は削除または教え技化。,P2
356,エリキテル,エリキテル → エレザード,でんき / ノーマル,通常生態,未収録・追加対象,特殊アタッカー,スパーク / でんきショック / ずつき / スピードスター / かみなり / でんじは / ばくおんぱ（音系のみ） / アンコール,ボルトチェンジ / まもる,エレキネット / てだすけ,基礎形は早期STAB、中間は中威力STAB、進化先は役割技と終盤大技。分岐進化は分岐後に個性技を追加。,異タイプ高火力技は最大2タイプまで。元々の設定・身体構造・図鑑説明に根拠がない技は削除または教え技化。,P2
357,チゴラス,チゴラス → ガチゴラス,いわ / ドラゴン,化石,未収録・追加対象,物理アタッカー,いわおとし / ステルスロック / ドラゴンテール / りゅうのまい / ストーンエッジ / げきりん,ステルスロック / ワイドブレイカー,メテオビーム / りゅうせいぐん,基礎形は早期STAB、中間は中威力STAB、進化先は役割技と終盤大技。分岐進化は分岐後に個性技を追加。,異タイプ高火力技は最大2タイプまで。元々の設定・身体構造・図鑑説明に根拠がない技は削除または教え技化。,P2
358,アマルス,アマルス → アマルルガ,いわ / こおり,化石,未収録・追加対象,特殊アタッカー,いわおとし / げんしのちから / こおりのつぶて / こごえるかぜ / メテオビーム / ステルスロック / ふぶき / ゆきげしき,ステルスロック / アイススピナー,メテオビーム / トリプルアクセル,基礎形は早期STAB、中間は中威力STAB、進化先は役割技と終盤大技。分岐進化は分岐後に個性技を追加。,異タイプ高火力技は最大2タイプまで。元々の設定・身体構造・図鑑説明に根拠がない技は削除または教え技化。,P2
359,ルチャブル,ルチャブル,かくとう / ひこう,通常生態,未収録・追加対象,物理アタッカー,いわくだき / ビルドアップ / つばさでうつ / おいかぜ,ドレインパンチ / アクロバット,コーチング / おいかぜ,基礎形は早期STAB、中間は中威力STAB、進化先は役割技と終盤大技。分岐進化は分岐後に個性技を追加。,異タイプ高火力技は最大2タイプまで。元々の設定・身体構造・図鑑説明に根拠がない技は削除または教え技化。,P2
360,デデンネ,デデンネ,でんき / フェアリー,通常生態,未収録・追加対象,特殊アタッカー,でんきショック / でんじは / ようせいのかぜ / あまえる,ボルトチェンジ / マジカルシャイン,エレキネット / ミストバースト,基礎形は早期STAB、中間は中威力STAB、進化先は役割技と終盤大技。分岐進化は分岐後に個性技を追加。,異タイプ高火力技は最大2タイプまで。元々の設定・身体構造・図鑑説明に根拠がない技は削除または教え技化。,P2
361,メレシー,メレシー,いわ / フェアリー,人工・無機物,未収録・追加対象,補助寄り両刀,いわおとし / げんしのちから / ほしがる / ようせいのかぜ,ステルスロック / マジカルシャイン,メテオビーム / ミストバースト,基礎形は早期STAB、中間は中威力STAB、進化先は役割技と終盤大技。分岐進化は分岐後に個性技を追加。,異タイプ高火力技は最大2タイプまで。元々の設定・身体構造・図鑑説明に根拠がない技は削除または教え技化。,P2
362,ヌメラ,ヌメラ → ヌメイル → ヌメルゴン,ドラゴン,600族,未収録・追加対象,両刀・可変,ドラゴンテール / りゅうのまい / ドラゴンクロー / りゅうのはどう,ワイドブレイカー,りゅうせいぐん,基礎形は早期STAB、中間は中威力STAB、進化先は役割技と終盤大技。分岐進化は分岐後に個性技を追加。,異タイプ高火力技は最大2タイプまで。元々の設定・身体構造・図鑑説明に根拠がない技は削除または教え技化。,P2
363,クレッフィ,クレッフィ,はがね / フェアリー,人工・無機物,未収録・追加対象,耐久・補助,メタルクロー / ミラーショット / ほしがる / ようせいのかぜ,ラスターカノン / マジカルシャイン,アイアンヘッド / ミストバースト,基礎形は早期STAB、中間は中威力STAB、進化先は役割技と終盤大技。分岐進化は分岐後に個性技を追加。,異タイプ高火力技は最大2タイプまで。元々の設定・身体構造・図鑑説明に根拠がない技は削除または教え技化。,P2
364,ボクレー,ボクレー → オーロット,くさ / ゴースト,通常生態,未収録・追加対象,物理アタッカー,おどろかす / おにび / メガドレイン / やどりぎのタネ / ポルターガイスト / リーフブレード,シャドークロー / くさむすび,ポルターガイスト / グラススライダー,基礎形は早期STAB、中間は中威力STAB、進化先は役割技と終盤大技。分岐進化は分岐後に個性技を追加。,異タイプ高火力技は最大2タイプまで。元々の設定・身体構造・図鑑説明に根拠がない技は削除または教え技化。,P2
365,バケッチャ,バケッチャ → パンプジン,くさ / ゴースト,通常生態,未収録・追加対象,特殊アタッカー,おどろかす / おにび / メガドレイン / やどりぎのタネ / シャドーボール / エナジーボール,シャドークロー / くさむすび,ポルターガイスト / グラススライダー,基礎形は早期STAB、中間は中威力STAB、進化先は役割技と終盤大技。分岐進化は分岐後に個性技を追加。,異タイプ高火力技は最大2タイプまで。元々の設定・身体構造・図鑑説明に根拠がない技は削除または教え技化。,P2
366,カチコール,カチコール → クレベース,こおり,通常生態,未収録・追加対象,物理アタッカー,こごえるかぜ / ゆきげしき / つららおとし,アイススピナー,トリプルアクセル,基礎形は早期STAB、中間は中威力STAB、進化先は役割技と終盤大技。分岐進化は分岐後に個性技を追加。,異タイプ高火力技は最大2タイプまで。元々の設定・身体構造・図鑑説明に根拠がない技は削除または教え技化。,P2
367,オンバット,オンバット → オンバーン,ひこう / ドラゴン,通常生態,未収録・追加対象,特殊アタッカー,つばさでうつ / おいかぜ / ドラゴンテール / りゅうのまい / ぼうふう / りゅうせいぐん,アクロバット / ワイドブレイカー,おいかぜ / りゅうせいぐん,基礎形は早期STAB、中間は中威力STAB、進化先は役割技と終盤大技。分岐進化は分岐後に個性技を追加。,異タイプ高火力技は最大2タイプまで。元々の設定・身体構造・図鑑説明に根拠がない技は削除または教え技化。,P2
368,ゼルネアス,ゼルネアス,フェアリー,伝説,未収録・追加対象,特殊アタッカー,ようせいのかぜ / あまえる,マジカルシャイン,ミストバースト,基礎形は早期STAB、中間は中威力STAB、進化先は役割技と終盤大技。分岐進化は分岐後に個性技を追加。,異タイプ高火力技は最大2タイプまで。元々の設定・身体構造・図鑑説明に根拠がない技は削除または教え技化。,P0
369,イベルタル,イベルタル,あく / ひこう,伝説,未収録・追加対象,特殊アタッカー,バークアウト / ちょうはつ / かぜおこし / おいかぜ,バークアウト / アクロバット,はたきおとす / おいかぜ,基礎形は早期STAB、中間は中威力STAB、進化先は役割技と終盤大技。分岐進化は分岐後に個性技を追加。,異タイプ高火力技は最大2タイプまで。元々の設定・身体構造・図鑑説明に根拠がない技は削除または教え技化。,P0
370,ジガルデ,ジガルデ,じめん / ドラゴン,伝説,未収録・追加対象,物理寄り,ドラゴンテール / りゅうのまい / どろかけ / すなあらし,ワイドブレイカー / じならし,りゅうせいぐん / ねっさのだいち,基礎形は早期STAB、中間は中威力STAB、進化先は役割技と終盤大技。分岐進化は分岐後に個性技を追加。,異タイプ高火力技は最大2タイプまで。元々の設定・身体構造・図鑑説明に根拠がない技は削除または教え技化。,P0
371,ディアンシー,ディアンシー,いわ / フェアリー,幻,未収録・追加対象,特殊アタッカー,げんしのちから / ステルスロック / ようせいのかぜ / あまえる,ステルスロック / マジカルシャイン,メテオビーム / ミストバースト,基礎形は早期STAB、中間は中威力STAB、進化先は役割技と終盤大技。分岐進化は分岐後に個性技を追加。,異タイプ高火力技は最大2タイプまで。元々の設定・身体構造・図鑑説明に根拠がない技は削除または教え技化。,P2
372,フーパ,フーパ,エスパー / ゴースト,幻,未収録・追加対象,特殊アタッカー,ねんりき / めいそう / おどろかす / おにび,サイコショック / シャドークロー,トリック / ポルターガイスト,基礎形は早期STAB、中間は中威力STAB、進化先は役割技と終盤大技。分岐進化は分岐後に個性技を追加。,異タイプ高火力技は最大2タイプまで。元々の設定・身体構造・図鑑説明に根拠がない技は削除または教え技化。,P2
373,ボルケニオン,ボルケニオン,ほのお / みず,幻,未収録・追加対象,特殊アタッカー,ひのこ / おにび / みずのはどう / あまごい,かえんほうしゃ / アクアブレイク,ねっぷう / クイックターン,基礎形は早期STAB、中間は中威力STAB、進化先は役割技と終盤大技。分岐進化は分岐後に個性技を追加。,異タイプ高火力技は最大2タイプまで。元々の設定・身体構造・図鑑説明に根拠がない技は削除または教え技化。,P2
374,モクロー,モクロー → フクスロー → ジュナイパー,くさ / ひこう / ゴースト,御三家,未収録・追加対象,両刀・可変,メガドレイン / やどりぎのタネ / かぜおこし / おいかぜ / ギガドレイン / エアスラッシュ / かげぬい / タネばくだん,くさむすび / アクロバット / シャドークロー,グラススライダー / おいかぜ / ポルターガイスト,基礎形は早期STAB、中間は中威力STAB、進化先は役割技と終盤大技。分岐進化は分岐後に個性技を追加。,異タイプ高火力技は最大2タイプまで。元々の設定・身体構造・図鑑説明に根拠がない技は削除または教え技化。,P0
375,ニャビー,ニャビー → ニャヒート → ガオガエン,あく / ほのお,御三家,未収録・追加対象,両刀・可変,ひのこ / おにび / かえんほうしゃ / DDラリアット / ニトロチャージ,かえんほうしゃ / バークアウト,ねっぷう / はたきおとす,基礎形は早期STAB、中間は中威力STAB、進化先は役割技と終盤大技。分岐進化は分岐後に個性技を追加。,異タイプ高火力技は最大2タイプまで。元々の設定・身体構造・図鑑説明に根拠がない技は削除または教え技化。,P0
376,アシマリ,アシマリ → オシャマリ → アシレーヌ,みず / フェアリー,御三家,未収録・追加対象,特殊アタッカー,アクアジェット / みずのはどう / アクアブレイク / なみのり / うたかたのアリア / ハイドロポンプ / あまごい / ムーンフォース,アクアブレイク / マジカルシャイン,クイックターン / ミストバースト,基礎形は早期STAB、中間は中威力STAB、進化先は役割技と終盤大技。分岐進化は分岐後に個性技を追加。,異タイプ高火力技は最大2タイプまで。元々の設定・身体構造・図鑑説明に根拠がない技は削除または教え技化。,P0
377,ツツケラ,ツツケラ → ケララッパ → ドデカバシ,ひこう / ノーマル,通常生態,未収録・追加対象,特殊アタッカー,ずつき / アンコール / つばさでうつ / おいかぜ / のしかかり / ドリルくちばし / ばくおんぱ（音系のみ） / ぼうふう,まもる / アクロバット,てだすけ / おいかぜ,基礎形は早期STAB、中間は中威力STAB、進化先は役割技と終盤大技。分岐進化は分岐後に個性技を追加。,異タイプ高火力技は最大2タイプまで。元々の設定・身体構造・図鑑説明に根拠がない技は削除または教え技化。,P2
378,ヤングース,ヤングース → デカグース,ノーマル,通常生態,未収録・追加対象,物理アタッカー,ずつき / アンコール / すてみタックル,まもる,てだすけ,基礎形は早期STAB、中間は中威力STAB、進化先は役割技と終盤大技。分岐進化は分岐後に個性技を追加。,異タイプ高火力技は最大2タイプまで。元々の設定・身体構造・図鑑説明に根拠がない技は削除または教え技化。,P2
379,アゴジムシ,アゴジムシ → デンヂムシ → クワガノン,でんき / むし,通常生態,未収録・追加対象,特殊アタッカー,むしくい / ねばねばネット / シザークロス / むしのさざめき / かみなりパンチ / 10まんボルト / かふんだんご / かみなり,とんぼがえり / ボルトチェンジ,むしくい / エレキネット,基礎形は早期STAB、中間は中威力STAB、進化先は役割技と終盤大技。分岐進化は分岐後に個性技を追加。,異タイプ高火力技は最大2タイプまで。元々の設定・身体構造・図鑑説明に根拠がない技は削除または教え技化。,P2
380,マケンカニ,マケンカニ → ケケンカニ,かくとう / こおり,通常生態,未収録・追加対象,物理アタッカー,いわくだき / ビルドアップ / インファイト / つららおとし / ゆきげしき,ドレインパンチ / アイススピナー,コーチング / トリプルアクセル,基礎形は早期STAB、中間は中威力STAB、進化先は役割技と終盤大技。分岐進化は分岐後に個性技を追加。,異タイプ高火力技は最大2タイプまで。元々の設定・身体構造・図鑑説明に根拠がない技は削除または教え技化。,P2
381,オドリドリ,オドリドリ,ひこう / ほのお,通常生態,未収録・追加対象,特殊アタッカー,ひのこ / おにび / かぜおこし / おいかぜ,かえんほうしゃ / アクロバット,ねっぷう / おいかぜ,基礎形は早期STAB、中間は中威力STAB、進化先は役割技と終盤大技。分岐進化は分岐後に個性技を追加。,異タイプ高火力技は最大2タイプまで。元々の設定・身体構造・図鑑説明に根拠がない技は削除または教え技化。,P2
382,アブリー,アブリー → アブリボン,むし / フェアリー,通常生態,未収録・追加対象,特殊アタッカー,むしくい / むしのていこう / ほしがる / ようせいのかぜ / かふんだんご / ねばねばネット / ムーンフォース / あまえる,とんぼがえり / マジカルシャイン,むしくい / ミストバースト,基礎形は早期STAB、中間は中威力STAB、進化先は役割技と終盤大技。分岐進化は分岐後に個性技を追加。,異タイプ高火力技は最大2タイプまで。元々の設定・身体構造・図鑑説明に根拠がない技は削除または教え技化。,P2
383,イワンコ,イワンコ → ルガルガン,いわ,通常生態,未収録・追加対象,物理アタッカー,いわおとし / ステルスロック / ストーンエッジ,ステルスロック,メテオビーム,基礎形は早期STAB、中間は中威力STAB、進化先は役割技と終盤大技。分岐進化は分岐後に個性技を追加。,異タイプ高火力技は最大2タイプまで。元々の設定・身体構造・図鑑説明に根拠がない技は削除または教え技化。,P2
384,ヨワシ,ヨワシ,みず,通常生態,未収録・追加対象,特殊アタッカー,みずのはどう / あまごい,アクアブレイク,クイックターン,基礎形は早期STAB、中間は中威力STAB、進化先は役割技と終盤大技。分岐進化は分岐後に個性技を追加。,異タイプ高火力技は最大2タイプまで。元々の設定・身体構造・図鑑説明に根拠がない技は削除または教え技化。,P0
385,ヒドイデ,ヒドイデ → ドヒドイデ,どく / みず,通常生態,未収録・追加対象,補助寄り両刀,どくばり / アシッドボム / アクアジェット / みずのはどう / ヘドロばくだん / どくどく / どくびし / なみのり,ベノムショック / アクアブレイク,ダストシュート / クイックターン,基礎形は早期STAB、中間は中威力STAB、進化先は役割技と終盤大技。分岐進化は分岐後に個性技を追加。,異タイプ高火力技は最大2タイプまで。元々の設定・身体構造・図鑑説明に根拠がない技は削除または教え技化。,P2
386,ドロバンコ,ドロバンコ → バンバドロ,じめん,通常生態,未収録・追加対象,物理アタッカー,どろかけ / すなあらし / じしん,じならし,ねっさのだいち,基礎形は早期STAB、中間は中威力STAB、進化先は役割技と終盤大技。分岐進化は分岐後に個性技を追加。,異タイプ高火力技は最大2タイプまで。元々の設定・身体構造・図鑑説明に根拠がない技は削除または教え技化。,P2
387,シズクモ,シズクモ → オニシズクモ,みず / むし,通常生態,未収録・追加対象,特殊アタッカー,アクアジェット / あまごい / むしくい / ねばねばネット / ハイドロポンプ / かふんだんご,アクアブレイク / とんぼがえり,クイックターン / むしくい,基礎形は早期STAB、中間は中威力STAB、進化先は役割技と終盤大技。分岐進化は分岐後に個性技を追加。,異タイプ高火力技は最大2タイプまで。元々の設定・身体構造・図鑑説明に根拠がない技は削除または教え技化。,P2
388,カリキリ,カリキリ → ラランテス,くさ,通常生態,未収録・追加対象,物理アタッカー,メガドレイン / やどりぎのタネ / リーフブレード,くさむすび,グラススライダー,基礎形は早期STAB、中間は中威力STAB、進化先は役割技と終盤大技。分岐進化は分岐後に個性技を追加。,異タイプ高火力技は最大2タイプまで。元々の設定・身体構造・図鑑説明に根拠がない技は削除または教え技化。,P2
389,ネマシュ,ネマシュ → マシェード,くさ / フェアリー,通常生態,未収録・追加対象,特殊アタッカー,メガドレイン / やどりぎのタネ / ようせいのかぜ / あまえる / エナジーボール / ムーンフォース,くさむすび / マジカルシャイン,グラススライダー / ミストバースト,基礎形は早期STAB、中間は中威力STAB、進化先は役割技と終盤大技。分岐進化は分岐後に個性技を追加。,異タイプ高火力技は最大2タイプまで。元々の設定・身体構造・図鑑説明に根拠がない技は削除または教え技化。,P2
390,ヤトウモリ,ヤトウモリ → エンニュート,どく / ほのお,通常生態,未収録・追加対象,物理アタッカー,アシッドボム / どくどく / ひのこ / おにび / ダストシュート / フレアドライブ,ベノムショック / かえんほうしゃ,ダストシュート / ねっぷう,基礎形は早期STAB、中間は中威力STAB、進化先は役割技と終盤大技。分岐進化は分岐後に個性技を追加。,異タイプ高火力技は最大2タイプまで。元々の設定・身体構造・図鑑説明に根拠がない技は削除または教え技化。,P2
391,ヌイコグマ,ヌイコグマ → キテルグマ,かくとう / ノーマル,通常生態,未収録・追加対象,物理アタッカー,ずつき / アンコール / いわくだき / ビルドアップ / すてみタックル / インファイト,まもる / ドレインパンチ,てだすけ / コーチング,基礎形は早期STAB、中間は中威力STAB、進化先は役割技と終盤大技。分岐進化は分岐後に個性技を追加。,異タイプ高火力技は最大2タイプまで。元々の設定・身体構造・図鑑説明に根拠がない技は削除または教え技化。,P2
392,アマカジ,アマカジ → アママイコ → アマージョ,くさ,通常生態,未収録・追加対象,物理アタッカー,メガドレイン / やどりぎのタネ / ギガドレイン / リーフブレード,くさむすび,グラススライダー,基礎形は早期STAB、中間は中威力STAB、進化先は役割技と終盤大技。分岐進化は分岐後に個性技を追加。,異タイプ高火力技は最大2タイプまで。元々の設定・身体構造・図鑑説明に根拠がない技は削除または教え技化。,P2
393,キュワワー,キュワワー,フェアリー,通常生態,未収録・追加対象,耐久・補助,ほしがる / ようせいのかぜ,マジカルシャイン,ミストバースト,基礎形は早期STAB、中間は中威力STAB、進化先は役割技と終盤大技。分岐進化は分岐後に個性技を追加。,異タイプ高火力技は最大2タイプまで。元々の設定・身体構造・図鑑説明に根拠がない技は削除または教え技化。,P2
394,ヤレユータン,ヤレユータン,エスパー / ノーマル,通常生態,未収録・追加対象,耐久・補助,ずつき / スピードスター / サイコカッター / ねんりき,まもる / サイコショック,てだすけ / トリック,基礎形は早期STAB、中間は中威力STAB、進化先は役割技と終盤大技。分岐進化は分岐後に個性技を追加。,異タイプ高火力技は最大2タイプまで。元々の設定・身体構造・図鑑説明に根拠がない技は削除または教え技化。,P2
395,ナゲツケサル,ナゲツケサル,かくとう,通常生態,未収録・追加対象,物理アタッカー,いわくだき / ビルドアップ,ドレインパンチ,コーチング,基礎形は早期STAB、中間は中威力STAB、進化先は役割技と終盤大技。分岐進化は分岐後に個性技を追加。,異タイプ高火力技は最大2タイプまで。元々の設定・身体構造・図鑑説明に根拠がない技は削除または教え技化。,P2
396,コソクムシ,コソクムシ → グソクムシャ,みず / むし,通常生態,未収録・追加対象,物理アタッカー,むしくい / ねばねばネット / アクアジェット / あまごい / メガホーン / たきのぼり,とんぼがえり / アクアブレイク,むしくい / クイックターン,基礎形は早期STAB、中間は中威力STAB、進化先は役割技と終盤大技。分岐進化は分岐後に個性技を追加。,異タイプ高火力技は最大2タイプまで。元々の設定・身体構造・図鑑説明に根拠がない技は削除または教え技化。,P2
397,スナバァ,スナバァ → シロデスナ,じめん / ゴースト,通常生態,未収録・追加対象,物理アタッカー,かげうち / おどろかす / どろかけ / マッドショット / ポルターガイスト / おにび / じしん / すなあらし,シャドークロー / じならし,ポルターガイスト / ねっさのだいち,基礎形は早期STAB、中間は中威力STAB、進化先は役割技と終盤大技。分岐進化は分岐後に個性技を追加。,異タイプ高火力技は最大2タイプまで。元々の設定・身体構造・図鑑説明に根拠がない技は削除または教え技化。,P2
398,ナマコブシ,ナマコブシ,みず,通常生態,未収録・追加対象,耐久・補助,アクアジェット / みずのはどう,アクアブレイク,クイックターン,基礎形は早期STAB、中間は中威力STAB、進化先は役割技と終盤大技。分岐進化は分岐後に個性技を追加。,異タイプ高火力技は最大2タイプまで。元々の設定・身体構造・図鑑説明に根拠がない技は削除または教え技化。,P2
399,タイプ：ヌル,タイプ：ヌル → シルヴァディ,ノーマル,伝説,未収録・追加対象,両刀・可変,ずつき / アンコール / のしかかり / ハイパーボイス,まもる,てだすけ,基礎形は早期STAB、中間は中威力STAB、進化先は役割技と終盤大技。分岐進化は分岐後に個性技を追加。,異タイプ高火力技は最大2タイプまで。元々の設定・身体構造・図鑑説明に根拠がない技は削除または教え技化。,P0
400,メテノ,メテノ,いわ / ひこう,人工・無機物,未収録・追加対象,特殊アタッカー,げんしのちから / ステルスロック / かぜおこし / おいかぜ,ステルスロック / アクロバット,メテオビーム / おいかぜ,基礎形は早期STAB、中間は中威力STAB、進化先は役割技と終盤大技。分岐進化は分岐後に個性技を追加。,異タイプ高火力技は最大2タイプまで。元々の設定・身体構造・図鑑説明に根拠がない技は削除または教え技化。,P0
401,ネッコアラ,ネッコアラ,ノーマル,通常生態,未収録・追加対象,物理寄り,ずつき / アンコール,まもる,てだすけ,基礎形は早期STAB、中間は中威力STAB、進化先は役割技と終盤大技。分岐進化は分岐後に個性技を追加。,異タイプ高火力技は最大2タイプまで。元々の設定・身体構造・図鑑説明に根拠がない技は削除または教え技化。,P2
402,バクガメス,バクガメス,ほのお / ドラゴン,通常生態,未収録・追加対象,特殊アタッカー,ひのこ / おにび / りゅうのいぶき / りゅうのまい,かえんほうしゃ / ワイドブレイカー,ねっぷう / りゅうせいぐん,基礎形は早期STAB、中間は中威力STAB、進化先は役割技と終盤大技。分岐進化は分岐後に個性技を追加。,異タイプ高火力技は最大2タイプまで。元々の設定・身体構造・図鑑説明に根拠がない技は削除または教え技化。,P2
403,トゲデマル,トゲデマル,でんき / はがね,通常生態,未収録・追加対象,両刀・可変,スパーク / でんきショック / メタルクロー / ミラーショット,ボルトチェンジ / ラスターカノン,エレキネット / アイアンヘッド,基礎形は早期STAB、中間は中威力STAB、進化先は役割技と終盤大技。分岐進化は分岐後に個性技を追加。,異タイプ高火力技は最大2タイプまで。元々の設定・身体構造・図鑑説明に根拠がない技は削除または教え技化。,P2
404,ミミッキュ,ミミッキュ,ゴースト / フェアリー,通常生態,未収録・追加対象,特殊アタッカー,おどろかす / おにび / ようせいのかぜ / あまえる,シャドークロー / マジカルシャイン,ポルターガイスト / ミストバースト,基礎形は早期STAB、中間は中威力STAB、進化先は役割技と終盤大技。分岐進化は分岐後に個性技を追加。,異タイプ高火力技は最大2タイプまで。元々の設定・身体構造・図鑑説明に根拠がない技は削除または教え技化。,P0
405,ハギギシリ,ハギギシリ,みず / エスパー,通常生態,未収録・追加対象,特殊アタッカー,みずのはどう / あまごい / ねんりき / めいそう,アクアブレイク / サイコショック,クイックターン / トリック,基礎形は早期STAB、中間は中威力STAB、進化先は役割技と終盤大技。分岐進化は分岐後に個性技を追加。,異タイプ高火力技は最大2タイプまで。元々の設定・身体構造・図鑑説明に根拠がない技は削除または教え技化。,P2
406,ジジーロン,ジジーロン,ドラゴン / ノーマル,通常生態,未収録・追加対象,特殊アタッカー,スピードスター / アンコール / りゅうのいぶき / りゅうのまい,まもる / ワイドブレイカー,てだすけ / りゅうせいぐん,基礎形は早期STAB、中間は中威力STAB、進化先は役割技と終盤大技。分岐進化は分岐後に個性技を追加。,異タイプ高火力技は最大2タイプまで。元々の設定・身体構造・図鑑説明に根拠がない技は削除または教え技化。,P2
407,ダダリン,ダダリン,くさ / ゴースト,人工・無機物,未収録・追加対象,物理アタッカー,かげうち / おにび / はっぱカッター / やどりぎのタネ,シャドークロー / くさむすび,ポルターガイスト / グラススライダー,基礎形は早期STAB、中間は中威力STAB、進化先は役割技と終盤大技。分岐進化は分岐後に個性技を追加。,異タイプ高火力技は最大2タイプまで。元々の設定・身体構造・図鑑説明に根拠がない技は削除または教え技化。,P2
408,ジャラコ,ジャラコ → ジャランゴ → ジャラランガ,かくとう / ドラゴン,600族,未収録・追加対象,両刀・可変,ドラゴンテール / りゅうのまい / ドラゴンクロー / かわらわり / ビルドアップ / りゅうのはどう,ワイドブレイカー / ドレインパンチ,りゅうせいぐん / コーチング,基礎形は早期STAB、中間は中威力STAB、進化先は役割技と終盤大技。分岐進化は分岐後に個性技を追加。,異タイプ高火力技は最大2タイプまで。元々の設定・身体構造・図鑑説明に根拠がない技は削除または教え技化。,P2
409,カプ・コケコ,カプ・コケコ,でんき / フェアリー,伝説,未収録・追加対象,特殊アタッカー,でんきショック / でんじは / ようせいのかぜ / あまえる,ボルトチェンジ / マジカルシャイン,エレキネット / ミストバースト,基礎形は早期STAB、中間は中威力STAB、進化先は役割技と終盤大技。分岐進化は分岐後に個性技を追加。,異タイプ高火力技は最大2タイプまで。元々の設定・身体構造・図鑑説明に根拠がない技は削除または教え技化。,P2
410,カプ・テテフ,カプ・テテフ,エスパー / フェアリー,伝説,未収録・追加対象,特殊アタッカー,ねんりき / めいそう / ようせいのかぜ / あまえる,サイコショック / マジカルシャイン,トリック / ミストバースト,基礎形は早期STAB、中間は中威力STAB、進化先は役割技と終盤大技。分岐進化は分岐後に個性技を追加。,異タイプ高火力技は最大2タイプまで。元々の設定・身体構造・図鑑説明に根拠がない技は削除または教え技化。,P2
411,カプ・ブルル,カプ・ブルル,くさ / フェアリー,伝説,未収録・追加対象,特殊アタッカー,メガドレイン / やどりぎのタネ / ようせいのかぜ / あまえる,くさむすび / マジカルシャイン,グラススライダー / ミストバースト,基礎形は早期STAB、中間は中威力STAB、進化先は役割技と終盤大技。分岐進化は分岐後に個性技を追加。,異タイプ高火力技は最大2タイプまで。元々の設定・身体構造・図鑑説明に根拠がない技は削除または教え技化。,P2
412,カプ・レヒレ,カプ・レヒレ,みず / フェアリー,伝説,未収録・追加対象,特殊アタッカー,みずのはどう / あまごい / ようせいのかぜ / あまえる,アクアブレイク / マジカルシャイン,クイックターン / ミストバースト,基礎形は早期STAB、中間は中威力STAB、進化先は役割技と終盤大技。分岐進化は分岐後に個性技を追加。,異タイプ高火力技は最大2タイプまで。元々の設定・身体構造・図鑑説明に根拠がない技は削除または教え技化。,P2
413,コスモッグ,コスモッグ → コスモウム → ソルガレオ → ルナアーラ,はがね / エスパー / ゴースト,伝説,未収録・追加対象,特殊アタッカー,ねんりき / めいそう / サイコショック / メテオドライブ / てっていこうせん / シャドーレイ / シャドーボール,サイコショック / ラスターカノン / シャドークロー,トリック / アイアンヘッド / ポルターガイスト,基礎形は早期STAB、中間は中威力STAB、進化先は役割技と終盤大技。分岐進化は分岐後に個性技を追加。,異タイプ高火力技は最大2タイプまで。元々の設定・身体構造・図鑑説明に根拠がない技は削除または教え技化。,P0
414,ウツロイド,ウツロイド,いわ / どく,ウルトラビースト,未収録・追加対象,特殊アタッカー,げんしのちから / ステルスロック / アシッドボム / どくどく,ステルスロック / ベノムショック,メテオビーム / ダストシュート,基礎形は早期STAB、中間は中威力STAB、進化先は役割技と終盤大技。分岐進化は分岐後に個性技を追加。,異タイプ高火力技は最大2タイプまで。元々の設定・身体構造・図鑑説明に根拠がない技は削除または教え技化。,P2
415,マッシブーン,マッシブーン,かくとう / むし,ウルトラビースト,未収録・追加対象,物理寄り,むしくい / ねばねばネット / いわくだき / ビルドアップ,とんぼがえり / ドレインパンチ,むしくい / コーチング,基礎形は早期STAB、中間は中威力STAB、進化先は役割技と終盤大技。分岐進化は分岐後に個性技を追加。,異タイプ高火力技は最大2タイプまで。元々の設定・身体構造・図鑑説明に根拠がない技は削除または教え技化。,P2
416,フェローチェ,フェローチェ,かくとう / むし,ウルトラビースト,未収録・追加対象,物理寄り,むしくい / ねばねばネット / いわくだき / ビルドアップ,とんぼがえり / ドレインパンチ,むしくい / コーチング,基礎形は早期STAB、中間は中威力STAB、進化先は役割技と終盤大技。分岐進化は分岐後に個性技を追加。,異タイプ高火力技は最大2タイプまで。元々の設定・身体構造・図鑑説明に根拠がない技は削除または教え技化。,P2
417,デンジュモク,デンジュモク,でんき,ウルトラビースト,未収録・追加対象,特殊アタッカー,でんきショック / でんじは,ボルトチェンジ,エレキネット,基礎形は早期STAB、中間は中威力STAB、進化先は役割技と終盤大技。分岐進化は分岐後に個性技を追加。,異タイプ高火力技は最大2タイプまで。元々の設定・身体構造・図鑑説明に根拠がない技は削除または教え技化。,P2
418,テッカグヤ,テッカグヤ,はがね / ひこう,ウルトラビースト,未収録・追加対象,特殊アタッカー,ミラーショット / てっぺき / かぜおこし / おいかぜ,ラスターカノン / アクロバット,アイアンヘッド / おいかぜ,基礎形は早期STAB、中間は中威力STAB、進化先は役割技と終盤大技。分岐進化は分岐後に個性技を追加。,異タイプ高火力技は最大2タイプまで。元々の設定・身体構造・図鑑説明に根拠がない技は削除または教え技化。,P2
419,カミツルギ,カミツルギ,くさ / はがね,ウルトラビースト,未収録・追加対象,両刀・可変,はっぱカッター / メガドレイン / メタルクロー / ミラーショット,くさむすび / ラスターカノン,グラススライダー / アイアンヘッド,基礎形は早期STAB、中間は中威力STAB、進化先は役割技と終盤大技。分岐進化は分岐後に個性技を追加。,異タイプ高火力技は最大2タイプまで。元々の設定・身体構造・図鑑説明に根拠がない技は削除または教え技化。,P2
420,アクジキング,アクジキング,あく / ドラゴン,ウルトラビースト,未収録・追加対象,特殊アタッカー,バークアウト / ちょうはつ / りゅうのいぶき / りゅうのまい,バークアウト / ワイドブレイカー,はたきおとす / りゅうせいぐん,基礎形は早期STAB、中間は中威力STAB、進化先は役割技と終盤大技。分岐進化は分岐後に個性技を追加。,異タイプ高火力技は最大2タイプまで。元々の設定・身体構造・図鑑説明に根拠がない技は削除または教え技化。,P2
421,ネクロズマ,ネクロズマ,エスパー,伝説,未収録・追加対象,両刀・可変,サイコカッター / ねんりき,サイコショック,トリック,基礎形は早期STAB、中間は中威力STAB、進化先は役割技と終盤大技。分岐進化は分岐後に個性技を追加。,異タイプ高火力技は最大2タイプまで。元々の設定・身体構造・図鑑説明に根拠がない技は削除または教え技化。,P0
422,マギアナ,マギアナ,はがね / フェアリー,幻,未収録・追加対象,特殊アタッカー,ミラーショット / てっぺき / ようせいのかぜ / あまえる,ラスターカノン / マジカルシャイン,アイアンヘッド / ミストバースト,基礎形は早期STAB、中間は中威力STAB、進化先は役割技と終盤大技。分岐進化は分岐後に個性技を追加。,異タイプ高火力技は最大2タイプまで。元々の設定・身体構造・図鑑説明に根拠がない技は削除または教え技化。,P2
423,マーシャドー,マーシャドー,かくとう / ゴースト,幻,未収録・追加対象,特殊アタッカー,しんくうは / ビルドアップ / おどろかす / おにび,ドレインパンチ / シャドークロー,コーチング / ポルターガイスト,基礎形は早期STAB、中間は中威力STAB、進化先は役割技と終盤大技。分岐進化は分岐後に個性技を追加。,異タイプ高火力技は最大2タイプまで。元々の設定・身体構造・図鑑説明に根拠がない技は削除または教え技化。,P2
424,ベベノム,ベベノム → アーゴヨン,どく / ドラゴン,ウルトラビースト,未収録・追加対象,物理寄り,どくばり / アシッドボム / ダストシュート / どくどく / げきりん / りゅうのまい,ベノムショック / ワイドブレイカー,ダストシュート / りゅうせいぐん,基礎形は早期STAB、中間は中威力STAB、進化先は役割技と終盤大技。分岐進化は分岐後に個性技を追加。,異タイプ高火力技は最大2タイプまで。元々の設定・身体構造・図鑑説明に根拠がない技は削除または教え技化。,P2
425,ツンデツンデ,ツンデツンデ,いわ / はがね,ウルトラビースト,未収録・追加対象,物理寄り,いわおとし / ステルスロック / メタルクロー / てっぺき,ステルスロック / ラスターカノン,メテオビーム / アイアンヘッド,基礎形は早期STAB、中間は中威力STAB、進化先は役割技と終盤大技。分岐進化は分岐後に個性技を追加。,異タイプ高火力技は最大2タイプまで。元々の設定・身体構造・図鑑説明に根拠がない技は削除または教え技化。,P2
426,ズガドーン,ズガドーン,ほのお / ゴースト,ウルトラビースト,未収録・追加対象,特殊寄り,ひのこ / おにび / おどろかす,かえんほうしゃ / シャドークロー,ねっぷう / ポルターガイスト,基礎形は早期STAB、中間は中威力STAB、進化先は役割技と終盤大技。分岐進化は分岐後に個性技を追加。,異タイプ高火力技は最大2タイプまで。元々の設定・身体構造・図鑑説明に根拠がない技は削除または教え技化。,P2
427,ゼラオラ,ゼラオラ,でんき,幻,未収録・追加対象,特殊アタッカー,でんきショック / でんじは,ボルトチェンジ,エレキネット,基礎形は早期STAB、中間は中威力STAB、進化先は役割技と終盤大技。分岐進化は分岐後に個性技を追加。,異タイプ高火力技は最大2タイプまで。元々の設定・身体構造・図鑑説明に根拠がない技は削除または教え技化。,P2
428,メルタン,メルタン,はがね,幻,未収録・追加対象,物理寄り,メタルクロー / てっぺき,ラスターカノン,アイアンヘッド,基礎形は早期STAB、中間は中威力STAB、進化先は役割技と終盤大技。分岐進化は分岐後に個性技を追加。,異タイプ高火力技は最大2タイプまで。元々の設定・身体構造・図鑑説明に根拠がない技は削除または教え技化。,P2
429,メルメタル,メルメタル,はがね,幻,未収録・追加対象,物理アタッカー,メタルクロー / てっぺき,ラスターカノン,アイアンヘッド,基礎形は早期STAB、中間は中威力STAB、進化先は役割技と終盤大技。分岐進化は分岐後に個性技を追加。,異タイプ高火力技は最大2タイプまで。元々の設定・身体構造・図鑑説明に根拠がない技は削除または教え技化。,P2
430,サルノリ,サルノリ → バチンキー → ゴリランダー,くさ,御三家,未収録・追加対象,物理アタッカー,メガドレイン / やどりぎのタネ / ギガドレイン / ドラムアタック / リーフブレード,くさむすび,グラススライダー,基礎形は早期STAB、中間は中威力STAB、進化先は役割技と終盤大技。分岐進化は分岐後に個性技を追加。,異タイプ高火力技は最大2タイプまで。元々の設定・身体構造・図鑑説明に根拠がない技は削除または教え技化。,P0
431,ヒバニー,ヒバニー → ラビフット → エースバーン,ほのお,御三家,未収録・追加対象,両刀・可変,ひのこ / おにび / かえんほうしゃ / かえんボール / ニトロチャージ,かえんほうしゃ,ねっぷう,基礎形は早期STAB、中間は中威力STAB、進化先は役割技と終盤大技。分岐進化は分岐後に個性技を追加。,異タイプ高火力技は最大2タイプまで。元々の設定・身体構造・図鑑説明に根拠がない技は削除または教え技化。,P0
432,メッソン,メッソン → ジメレオン → インテレオン,みず,御三家,未収録・追加対象,特殊アタッカー,アクアジェット / みずのはどう / アクアブレイク / なみのり / ねらいうち / ハイドロポンプ / あまごい,アクアブレイク,クイックターン,基礎形は早期STAB、中間は中威力STAB、進化先は役割技と終盤大技。分岐進化は分岐後に個性技を追加。,異タイプ高火力技は最大2タイプまで。元々の設定・身体構造・図鑑説明に根拠がない技は削除または教え技化。,P0
433,ホシガリス,ホシガリス → ヨクバリス,ノーマル,通常生態,未収録・追加対象,物理アタッカー,ずつき / アンコール / すてみタックル,まもる,てだすけ,基礎形は早期STAB、中間は中威力STAB、進化先は役割技と終盤大技。分岐進化は分岐後に個性技を追加。,異タイプ高火力技は最大2タイプまで。元々の設定・身体構造・図鑑説明に根拠がない技は削除または教え技化。,P2
434,ココガラ,ココガラ → アオガラス → アーマーガア,はがね / ひこう,通常生態,未収録・追加対象,物理アタッカー,つばさでうつ / かぜおこし / ドリルくちばし / エアスラッシュ / ブレイブバード / おいかぜ / ヘビーボンバー / てっぺき,アクロバット / ラスターカノン,おいかぜ / アイアンヘッド,基礎形は早期STAB、中間は中威力STAB、進化先は役割技と終盤大技。分岐進化は分岐後に個性技を追加。,異タイプ高火力技は最大2タイプまで。元々の設定・身体構造・図鑑説明に根拠がない技は削除または教え技化。,P2
435,サッチムシ,サッチムシ → レドームシ → イオルブ,むし / エスパー,通常生態,未収録・追加対象,特殊アタッカー,むしくい / ねばねばネット / シザークロス / むしのさざめき / しねんのずつき / サイコキネシス / かふんだんご / サイコショック,とんぼがえり / サイコショック,むしくい / トリック,基礎形は早期STAB、中間は中威力STAB、進化先は役割技と終盤大技。分岐進化は分岐後に個性技を追加。,異タイプ高火力技は最大2タイプまで。元々の設定・身体構造・図鑑説明に根拠がない技は削除または教え技化。,P2
436,クスネ,クスネ → フォクスライ,あく,通常生態,未収録・追加対象,特殊アタッカー,かみつく / ちょうはつ / イカサマ,バークアウト,はたきおとす,基礎形は早期STAB、中間は中威力STAB、進化先は役割技と終盤大技。分岐進化は分岐後に個性技を追加。,異タイプ高火力技は最大2タイプまで。元々の設定・身体構造・図鑑説明に根拠がない技は削除または教え技化。,P2
437,ヒメンカ,ヒメンカ → ワタシラガ,くさ,通常生態,未収録・追加対象,特殊アタッカー,メガドレイン / やどりぎのタネ / エナジーボール,くさむすび,グラススライダー,基礎形は早期STAB、中間は中威力STAB、進化先は役割技と終盤大技。分岐進化は分岐後に個性技を追加。,異タイプ高火力技は最大2タイプまで。元々の設定・身体構造・図鑑説明に根拠がない技は削除または教え技化。,P2
438,ウールー,ウールー → バイウールー,ノーマル,通常生態,未収録・追加対象,物理寄り,ずつき / アンコール / すてみタックル,まもる,てだすけ,基礎形は早期STAB、中間は中威力STAB、進化先は役割技と終盤大技。分岐進化は分岐後に個性技を追加。,異タイプ高火力技は最大2タイプまで。元々の設定・身体構造・図鑑説明に根拠がない技は削除または教え技化。,P2
439,カムカメ,カムカメ → カジリガメ,いわ / みず,通常生態,未収録・追加対象,物理アタッカー,アクアジェット / みずのはどう / たきのぼり / あまごい / ストーンエッジ / ステルスロック,アクアブレイク / ステルスロック,クイックターン / メテオビーム,基礎形は早期STAB、中間は中威力STAB、進化先は役割技と終盤大技。分岐進化は分岐後に個性技を追加。,異タイプ高火力技は最大2タイプまで。元々の設定・身体構造・図鑑説明に根拠がない技は削除または教え技化。,P2
440,ワンパチ,ワンパチ → パルスワン,でんき,通常生態,未収録・追加対象,物理アタッカー,でんきショック / でんじは / ワイルドボルト,ボルトチェンジ,エレキネット,基礎形は早期STAB、中間は中威力STAB、進化先は役割技と終盤大技。分岐進化は分岐後に個性技を追加。,異タイプ高火力技は最大2タイプまで。元々の設定・身体構造・図鑑説明に根拠がない技は削除または教え技化。,P2
441,タンドン,タンドン → トロッゴン → セキタンザン,いわ / ほのお,通常生態,未収録・追加対象,物理アタッカー,いわおとし / ステルスロック / いわなだれ / パワージェム / ニトロチャージ / かえんほうしゃ / ストーンエッジ / フレアドライブ,ステルスロック / かえんほうしゃ,メテオビーム / ねっぷう,基礎形は早期STAB、中間は中威力STAB、進化先は役割技と終盤大技。分岐進化は分岐後に個性技を追加。,異タイプ高火力技は最大2タイプまで。元々の設定・身体構造・図鑑説明に根拠がない技は削除または教え技化。,P2
442,カジッチュ,カジッチュ → アップリュー → タルップル → カミッチュ → カミツオロチ,くさ / ドラゴン,通常生態,未収録・追加対象,両刀・可変,はっぱカッター / メガドレイン / ドラゴンテール / りゅうのいぶき / リーフブレード / やどりぎのタネ / げきりん / りゅうのまい,くさむすび / ワイドブレイカー,グラススライダー / りゅうせいぐん,基礎形は早期STAB、中間は中威力STAB、進化先は役割技と終盤大技。分岐進化は分岐後に個性技を追加。,異タイプ高火力技は最大2タイプまで。元々の設定・身体構造・図鑑説明に根拠がない技は削除または教え技化。,P0
443,スナヘビ,スナヘビ → サダイジャ,じめん,通常生態,未収録・追加対象,物理アタッカー,どろかけ / すなあらし / じしん,じならし,ねっさのだいち,基礎形は早期STAB、中間は中威力STAB、進化先は役割技と終盤大技。分岐進化は分岐後に個性技を追加。,異タイプ高火力技は最大2タイプまで。元々の設定・身体構造・図鑑説明に根拠がない技は削除または教え技化。,P2
444,ウッウ,ウッウ,ひこう / みず,通常生態,未収録・追加対象,特殊アタッカー,かぜおこし / おいかぜ / みずのはどう / あまごい,アクロバット / アクアブレイク,おいかぜ / クイックターン,基礎形は早期STAB、中間は中威力STAB、進化先は役割技と終盤大技。分岐進化は分岐後に個性技を追加。,異タイプ高火力技は最大2タイプまで。元々の設定・身体構造・図鑑説明に根拠がない技は削除または教え技化。,P2
445,サシカマス,サシカマス → カマスジョー,みず,通常生態,未収録・追加対象,物理アタッカー,アクアジェット / みずのはどう / たきのぼり / あまごい,アクアブレイク,クイックターン,基礎形は早期STAB、中間は中威力STAB、進化先は役割技と終盤大技。分岐進化は分岐後に個性技を追加。,異タイプ高火力技は最大2タイプまで。元々の設定・身体構造・図鑑説明に根拠がない技は削除または教え技化。,P2
446,エレズン,エレズン → ストリンダー,でんき / どく,ベビィ含有,未収録・追加対象,両刀・可変,でんきショック / でんじは / アシッドボム / どくどく / かみなりパンチ / 10まんボルト / どくづき,ボルトチェンジ / ベノムショック,エレキネット / ダストシュート,基礎形は早期STAB、中間は中威力STAB、進化先は役割技と終盤大技。分岐進化は分岐後に個性技を追加。,異タイプ高火力技は最大2タイプまで。元々の設定・身体構造・図鑑説明に根拠がない技は削除または教え技化。,P2
447,ヤクデ,ヤクデ → マルヤクデ,ほのお / むし,通常生態,未収録・追加対象,特殊アタッカー,ほのおのキバ / ひのこ / むしくい / むしのていこう / だいもんじ / おにび / かふんだんご / ねばねばネット,かえんほうしゃ / とんぼがえり,ねっぷう / むしくい,基礎形は早期STAB、中間は中威力STAB、進化先は役割技と終盤大技。分岐進化は分岐後に個性技を追加。,異タイプ高火力技は最大2タイプまで。元々の設定・身体構造・図鑑説明に根拠がない技は削除または教え技化。,P2
448,タタッコ,タタッコ → オトスパス,かくとう,通常生態,未収録・追加対象,物理アタッカー,いわくだき / ビルドアップ / インファイト,ドレインパンチ,コーチング,基礎形は早期STAB、中間は中威力STAB、進化先は役割技と終盤大技。分岐進化は分岐後に個性技を追加。,異タイプ高火力技は最大2タイプまで。元々の設定・身体構造・図鑑説明に根拠がない技は削除または教え技化。,P2
449,ヤバチャ,ヤバチャ → ポットデス,ゴースト,人工・無機物,未収録・追加対象,特殊アタッカー,おどろかす / おにび / シャドーボール,シャドークロー,ポルターガイスト,基礎形は早期STAB、中間は中威力STAB、進化先は役割技と終盤大技。分岐進化は分岐後に個性技を追加。,異タイプ高火力技は最大2タイプまで。元々の設定・身体構造・図鑑説明に根拠がない技は削除または教え技化。,P2
450,ミブリム,ミブリム → テブリム → ブリムオン,エスパー / フェアリー,通常生態,未収録・追加対象,特殊アタッカー,ねんりき / めいそう / サイコキネシス / サイコショック / ムーンフォース / あまえる,サイコショック / マジカルシャイン,トリック / ミストバースト,基礎形は早期STAB、中間は中威力STAB、進化先は役割技と終盤大技。分岐進化は分岐後に個性技を追加。,異タイプ高火力技は最大2タイプまで。元々の設定・身体構造・図鑑説明に根拠がない技は削除または教え技化。,P2
451,ベロバー,ベロバー → ギモー → オーロンゲ,あく / フェアリー,人工・無機物,未収録・追加対象,物理アタッカー,かみつく / バークアウト / ほしがる / ようせいのかぜ / つじぎり / あくのはどう / じゃれつく / マジカルシャイン,バークアウト / マジカルシャイン,はたきおとす / ミストバースト,基礎形は早期STAB、中間は中威力STAB、進化先は役割技と終盤大技。分岐進化は分岐後に個性技を追加。,異タイプ高火力技は最大2タイプまで。元々の設定・身体構造・図鑑説明に根拠がない技は削除または教え技化。,P2
452,マホミル,マホミル → マホイップ,フェアリー,通常生態,未収録・追加対象,特殊アタッカー,ようせいのかぜ / あまえる / ムーンフォース,マジカルシャイン,ミストバースト,基礎形は早期STAB、中間は中威力STAB、進化先は役割技と終盤大技。分岐進化は分岐後に個性技を追加。,異タイプ高火力技は最大2タイプまで。元々の設定・身体構造・図鑑説明に根拠がない技は削除または教え技化。,P2
453,タイレーツ,タイレーツ,かくとう,人工・無機物,未収録・追加対象,物理アタッカー,いわくだき / ビルドアップ,ドレインパンチ,コーチング,基礎形は早期STAB、中間は中威力STAB、進化先は役割技と終盤大技。分岐進化は分岐後に個性技を追加。,異タイプ高火力技は最大2タイプまで。元々の設定・身体構造・図鑑説明に根拠がない技は削除または教え技化。,P2
454,バチンウニ,バチンウニ,でんき,通常生態,未収録・追加対象,特殊アタッカー,でんきショック / でんじは,ボルトチェンジ,エレキネット,基礎形は早期STAB、中間は中威力STAB、進化先は役割技と終盤大技。分岐進化は分岐後に個性技を追加。,異タイプ高火力技は最大2タイプまで。元々の設定・身体構造・図鑑説明に根拠がない技は削除または教え技化。,P2
455,ユキハミ,ユキハミ → モスノウ,こおり / むし,通常生態,未収録・追加対象,特殊アタッカー,こおりのつぶて / こごえるかぜ / むしくい / むしのていこう / ふぶき / ゆきげしき / かふんだんご / ねばねばネット,アイススピナー / とんぼがえり,トリプルアクセル / むしくい,基礎形は早期STAB、中間は中威力STAB、進化先は役割技と終盤大技。分岐進化は分岐後に個性技を追加。,異タイプ高火力技は最大2タイプまで。元々の設定・身体構造・図鑑説明に根拠がない技は削除または教え技化。,P2
456,イシヘンジン,イシヘンジン,いわ,人工・無機物,未収録・追加対象,物理アタッカー,いわおとし / ステルスロック,ステルスロック,メテオビーム,基礎形は早期STAB、中間は中威力STAB、進化先は役割技と終盤大技。分岐進化は分岐後に個性技を追加。,異タイプ高火力技は最大2タイプまで。元々の設定・身体構造・図鑑説明に根拠がない技は削除または教え技化。,P2
457,コオリッポ,コオリッポ,こおり,通常生態,未収録・追加対象,特殊アタッカー,こごえるかぜ / ゆきげしき,アイススピナー,トリプルアクセル,基礎形は早期STAB、中間は中威力STAB、進化先は役割技と終盤大技。分岐進化は分岐後に個性技を追加。,異タイプ高火力技は最大2タイプまで。元々の設定・身体構造・図鑑説明に根拠がない技は削除または教え技化。,P0
458,イエッサン,イエッサン,エスパー / ノーマル,通常生態,未収録・追加対象,耐久・補助,サイコカッター / ねんりき / ずつき / スピードスター,サイコショック / まもる,トリック / てだすけ,基礎形は早期STAB、中間は中威力STAB、進化先は役割技と終盤大技。分岐進化は分岐後に個性技を追加。,異タイプ高火力技は最大2タイプまで。元々の設定・身体構造・図鑑説明に根拠がない技は削除または教え技化。,P2
459,モルペコ,モルペコ,あく / でんき,人工・無機物,未収録・追加対象,特殊アタッカー,でんきショック / でんじは / バークアウト / ちょうはつ,ボルトチェンジ / バークアウト,エレキネット / はたきおとす,基礎形は早期STAB、中間は中威力STAB、進化先は役割技と終盤大技。分岐進化は分岐後に個性技を追加。,異タイプ高火力技は最大2タイプまで。元々の設定・身体構造・図鑑説明に根拠がない技は削除または教え技化。,P0
460,ゾウドウ,ゾウドウ → ダイオウドウ,はがね,通常生態,未収録・追加対象,物理アタッカー,メタルクロー / てっぺき / ヘビーボンバー,ラスターカノン,アイアンヘッド,基礎形は早期STAB、中間は中威力STAB、進化先は役割技と終盤大技。分岐進化は分岐後に個性技を追加。,異タイプ高火力技は最大2タイプまで。元々の設定・身体構造・図鑑説明に根拠がない技は削除または教え技化。,P2
461,パッチラゴン,パッチラゴン,でんき / ドラゴン,化石,未収録・追加対象,物理アタッカー,スパーク / でんじは / ドラゴンテール / りゅうのまい,ボルトチェンジ / ワイドブレイカー,エレキネット / りゅうせいぐん,基礎形は早期STAB、中間は中威力STAB、進化先は役割技と終盤大技。分岐進化は分岐後に個性技を追加。,異タイプ高火力技は最大2タイプまで。元々の設定・身体構造・図鑑説明に根拠がない技は削除または教え技化。,P2
462,パッチルドン,パッチルドン,こおり / でんき,化石,未収録・追加対象,特殊アタッカー,でんきショック / でんじは / こごえるかぜ / ゆきげしき,ボルトチェンジ / アイススピナー,エレキネット / トリプルアクセル,基礎形は早期STAB、中間は中威力STAB、進化先は役割技と終盤大技。分岐進化は分岐後に個性技を追加。,異タイプ高火力技は最大2タイプまで。元々の設定・身体構造・図鑑説明に根拠がない技は削除または教え技化。,P2
463,ウオノラゴン,ウオノラゴン,みず / ドラゴン,化石,未収録・追加対象,物理アタッカー,アクアジェット / あまごい / ドラゴンテール / りゅうのまい,アクアブレイク / ワイドブレイカー,クイックターン / りゅうせいぐん,基礎形は早期STAB、中間は中威力STAB、進化先は役割技と終盤大技。分岐進化は分岐後に個性技を追加。,異タイプ高火力技は最大2タイプまで。元々の設定・身体構造・図鑑説明に根拠がない技は削除または教え技化。,P2
464,ウオチルドン,ウオチルドン,こおり / みず,化石,未収録・追加対象,特殊アタッカー,みずのはどう / あまごい / こごえるかぜ / ゆきげしき,アクアブレイク / アイススピナー,クイックターン / トリプルアクセル,基礎形は早期STAB、中間は中威力STAB、進化先は役割技と終盤大技。分岐進化は分岐後に個性技を追加。,異タイプ高火力技は最大2タイプまで。元々の設定・身体構造・図鑑説明に根拠がない技は削除または教え技化。,P2
465,ジュラルドン,ジュラルドン → ブリジュラス,はがね / ドラゴン,人工・無機物,未収録・追加対象,物理寄り,メタルクロー / てっぺき / ドラゴンテール / りゅうのまい / エレクトロビーム / ヘビーボンバー / げきりん,ラスターカノン / ワイドブレイカー,アイアンヘッド / りゅうせいぐん,基礎形は早期STAB、中間は中威力STAB、進化先は役割技と終盤大技。分岐進化は分岐後に個性技を追加。,異タイプ高火力技は最大2タイプまで。元々の設定・身体構造・図鑑説明に根拠がない技は削除または教え技化。,P0
466,ドラメシヤ,ドラメシヤ → ドロンチ → ドラパルト,ゴースト / ドラゴン,600族,未収録・追加対象,両刀・可変,ドラゴンテール / りゅうのいぶき / かげうち / おどろかす / ドラゴンクロー / りゅうのはどう / シャドークロー / たたりめ,ワイドブレイカー / シャドークロー,りゅうせいぐん / ポルターガイスト,基礎形は早期STAB、中間は中威力STAB、進化先は役割技と終盤大技。分岐進化は分岐後に個性技を追加。,異タイプ高火力技は最大2タイプまで。元々の設定・身体構造・図鑑説明に根拠がない技は削除または教え技化。,P2
467,ザシアン,ザシアン,フェアリー,伝説,未収録・追加対象,特殊寄り,ようせいのかぜ / あまえる,マジカルシャイン,ミストバースト,基礎形は早期STAB、中間は中威力STAB、進化先は役割技と終盤大技。分岐進化は分岐後に個性技を追加。,異タイプ高火力技は最大2タイプまで。元々の設定・身体構造・図鑑説明に根拠がない技は削除または教え技化。,P0
468,ザマゼンタ,ザマゼンタ,かくとう,伝説,未収録・追加対象,物理寄り,いわくだき / ビルドアップ,ドレインパンチ,コーチング,基礎形は早期STAB、中間は中威力STAB、進化先は役割技と終盤大技。分岐進化は分岐後に個性技を追加。,異タイプ高火力技は最大2タイプまで。元々の設定・身体構造・図鑑説明に根拠がない技は削除または教え技化。,P0
469,ムゲンダイナ,ムゲンダイナ,どく / ドラゴン,伝説,未収録・追加対象,両刀・可変,どくばり / アシッドボム / ドラゴンテール / りゅうのいぶき,ベノムショック / ワイドブレイカー,ダストシュート / りゅうせいぐん,基礎形は早期STAB、中間は中威力STAB、進化先は役割技と終盤大技。分岐進化は分岐後に個性技を追加。,異タイプ高火力技は最大2タイプまで。元々の設定・身体構造・図鑑説明に根拠がない技は削除または教え技化。,P0
470,ダクマ,ダクマ → ウーラオス,あく / かくとう,伝説,未収録・追加対象,物理アタッカー,いわくだき / ビルドアップ / あんこくきょうだ／すいりゅうれんだ / インファイト / はたきおとす,ドレインパンチ / バークアウト,コーチング / はたきおとす,基礎形は早期STAB、中間は中威力STAB、進化先は役割技と終盤大技。分岐進化は分岐後に個性技を追加。,異タイプ高火力技は最大2タイプまで。元々の設定・身体構造・図鑑説明に根拠がない技は削除または教え技化。,P0
471,ザルード,ザルード,あく / くさ,幻,未収録・追加対象,物理アタッカー,かみつく / ちょうはつ / はっぱカッター / やどりぎのタネ,バークアウト / くさむすび,はたきおとす / グラススライダー,基礎形は早期STAB、中間は中威力STAB、進化先は役割技と終盤大技。分岐進化は分岐後に個性技を追加。,異タイプ高火力技は最大2タイプまで。元々の設定・身体構造・図鑑説明に根拠がない技は削除または教え技化。,P2
472,レジエレキ,レジエレキ,でんき,伝説,未収録・追加対象,特殊アタッカー,でんきショック / でんじは,ボルトチェンジ,エレキネット,基礎形は早期STAB、中間は中威力STAB、進化先は役割技と終盤大技。分岐進化は分岐後に個性技を追加。,異タイプ高火力技は最大2タイプまで。元々の設定・身体構造・図鑑説明に根拠がない技は削除または教え技化。,P2
473,レジドラゴ,レジドラゴ,ドラゴン,伝説,未収録・追加対象,物理アタッカー,ドラゴンテール / りゅうのまい,ワイドブレイカー,りゅうせいぐん,基礎形は早期STAB、中間は中威力STAB、進化先は役割技と終盤大技。分岐進化は分岐後に個性技を追加。,異タイプ高火力技は最大2タイプまで。元々の設定・身体構造・図鑑説明に根拠がない技は削除または教え技化。,P2
474,ブリザポス,ブリザポス,こおり,伝説,未収録・追加対象,物理アタッカー,こおりのつぶて / ゆきげしき,アイススピナー,トリプルアクセル,基礎形は早期STAB、中間は中威力STAB、進化先は役割技と終盤大技。分岐進化は分岐後に個性技を追加。,異タイプ高火力技は最大2タイプまで。元々の設定・身体構造・図鑑説明に根拠がない技は削除または教え技化。,P2
475,レイスポス,レイスポス,ゴースト,伝説,未収録・追加対象,特殊アタッカー,おどろかす / おにび,シャドークロー,ポルターガイスト,基礎形は早期STAB、中間は中威力STAB、進化先は役割技と終盤大技。分岐進化は分岐後に個性技を追加。,異タイプ高火力技は最大2タイプまで。元々の設定・身体構造・図鑑説明に根拠がない技は削除または教え技化。,P2
476,バドレックス,バドレックス,くさ / エスパー,伝説,未収録・追加対象,特殊アタッカー,ねんりき / めいそう / メガドレイン / やどりぎのタネ,サイコショック / くさむすび,トリック / グラススライダー,基礎形は早期STAB、中間は中威力STAB、進化先は役割技と終盤大技。分岐進化は分岐後に個性技を追加。,異タイプ高火力技は最大2タイプまで。元々の設定・身体構造・図鑑説明に根拠がない技は削除または教え技化。,P0
477,ラブトロス,ラブトロス,ひこう / フェアリー,伝説,未収録・追加対象,特殊アタッカー,ようせいのかぜ / あまえる / かぜおこし / おいかぜ,マジカルシャイン / アクロバット,ミストバースト / おいかぜ,基礎形は早期STAB、中間は中威力STAB、進化先は役割技と終盤大技。分岐進化は分岐後に個性技を追加。,異タイプ高火力技は最大2タイプまで。元々の設定・身体構造・図鑑説明に根拠がない技は削除または教え技化。,P2
478,ニャオハ,ニャオハ → ニャローテ → マスカーニャ,あく / くさ,御三家,未収録・追加対象,両刀・可変,メガドレイン / やどりぎのタネ / ギガドレイン / トリックフラワー / タネばくだん,くさむすび / バークアウト,グラススライダー / はたきおとす,基礎形は早期STAB、中間は中威力STAB、進化先は役割技と終盤大技。分岐進化は分岐後に個性技を追加。,異タイプ高火力技は最大2タイプまで。元々の設定・身体構造・図鑑説明に根拠がない技は削除または教え技化。,P0
479,ホゲータ,ホゲータ → アチゲータ → ラウドボーン,ほのお / ゴースト,御三家,未収録・追加対象,両刀・可変,ひのこ / おにび / かえんほうしゃ / フレアソング / ニトロチャージ,かえんほうしゃ / シャドークロー,ねっぷう / ポルターガイスト,基礎形は早期STAB、中間は中威力STAB、進化先は役割技と終盤大技。分岐進化は分岐後に個性技を追加。,異タイプ高火力技は最大2タイプまで。元々の設定・身体構造・図鑑説明に根拠がない技は削除または教え技化。,P0
480,クワッス,クワッス → ウェルカモ → ウェーニバル,かくとう / みず,御三家,未収録・追加対象,両刀・可変,アクアジェット / みずのはどう / アクアブレイク / なみのり / アクアステップ / あまごい,アクアブレイク / ドレインパンチ,クイックターン / コーチング,基礎形は早期STAB、中間は中威力STAB、進化先は役割技と終盤大技。分岐進化は分岐後に個性技を追加。,異タイプ高火力技は最大2タイプまで。元々の設定・身体構造・図鑑説明に根拠がない技は削除または教え技化。,P0
481,グルトン,グルトン → パフュートン,ノーマル,通常生態,未収録・追加対象,物理アタッカー,ずつき / アンコール / すてみタックル,まもる,てだすけ,基礎形は早期STAB、中間は中威力STAB、進化先は役割技と終盤大技。分岐進化は分岐後に個性技を追加。,異タイプ高火力技は最大2タイプまで。元々の設定・身体構造・図鑑説明に根拠がない技は削除または教え技化。,P2
482,タマンチュラ,タマンチュラ → ワナイダー,むし,通常生態,未収録・追加対象,物理アタッカー,むしくい / ねばねばネット / メガホーン,とんぼがえり,むしくい,基礎形は早期STAB、中間は中威力STAB、進化先は役割技と終盤大技。分岐進化は分岐後に個性技を追加。,異タイプ高火力技は最大2タイプまで。元々の設定・身体構造・図鑑説明に根拠がない技は削除または教え技化。,P2
483,マメバッタ,マメバッタ → エクスレッグ,あく / むし,通常生態,未収録・追加対象,物理アタッカー,むしくい / ねばねばネット / かかとおとし / メガホーン / はたきおとす,とんぼがえり / バークアウト,むしくい / はたきおとす,基礎形は早期STAB、中間は中威力STAB、進化先は役割技と終盤大技。分岐進化は分岐後に個性技を追加。,異タイプ高火力技は最大2タイプまで。元々の設定・身体構造・図鑑説明に根拠がない技は削除または教え技化。,P0
484,パモ,パモ → パモット → パーモット,かくとう / でんき,通常生態,未収録・追加対象,物理アタッカー,でんきショック / でんじは / かみなりパンチ / 10まんボルト / かわらわり / はどうだん / さいきのいのり / ワイルドボルト,ボルトチェンジ / ドレインパンチ,エレキネット / コーチング,基礎形は早期STAB、中間は中威力STAB、進化先は役割技と終盤大技。分岐進化は分岐後に個性技を追加。,異タイプ高火力技は最大2タイプまで。元々の設定・身体構造・図鑑説明に根拠がない技は削除または教え技化。,P0
485,ワッカネズミ,ワッカネズミ → イッカネズミ,ノーマル,通常生態,未収録・追加対象,耐久・補助,ずつき / アンコール / ネズミざん / ハイパーボイス / あくび,まもる,てだすけ,基礎形は早期STAB、中間は中威力STAB、進化先は役割技と終盤大技。分岐進化は分岐後に個性技を追加。,異タイプ高火力技は最大2タイプまで。元々の設定・身体構造・図鑑説明に根拠がない技は削除または教え技化。,P0
486,パピモッチ,パピモッチ → バウッツェル,フェアリー,通常生態,未収録・追加対象,耐久・補助,ようせいのかぜ / あまえる / マジカルシャイン / ミストフィールド,マジカルシャイン,ミストバースト,基礎形は早期STAB、中間は中威力STAB、進化先は役割技と終盤大技。分岐進化は分岐後に個性技を追加。,異タイプ高火力技は最大2タイプまで。元々の設定・身体構造・図鑑説明に根拠がない技は削除または教え技化。,P2
487,ミニーブ,ミニーブ → オリーニョ → オリーヴァ,くさ / ノーマル,通常生態,未収録・追加対象,特殊アタッカー,はっぱカッター / メガドレイン / ずつき / スピードスター / タネばくだん / ギガドレイン / のしかかり / ハイパーボイス,くさむすび / まもる,グラススライダー / てだすけ,基礎形は早期STAB、中間は中威力STAB、進化先は役割技と終盤大技。分岐進化は分岐後に個性技を追加。,異タイプ高火力技は最大2タイプまで。元々の設定・身体構造・図鑑説明に根拠がない技は削除または教え技化。,P0
488,イキリンコ,イキリンコ,ひこう / ノーマル,通常生態,未収録・追加対象,物理寄り,ずつき / アンコール / つばさでうつ / おいかぜ,まもる / アクロバット,てだすけ / おいかぜ,基礎形は早期STAB、中間は中威力STAB、進化先は役割技と終盤大技。分岐進化は分岐後に個性技を追加。,異タイプ高火力技は最大2タイプまで。元々の設定・身体構造・図鑑説明に根拠がない技は削除または教え技化。,P2
489,コジオ,コジオ → ジオヅム → キョジオーン,いわ,通常生態,未収録・追加対象,物理アタッカー,いわおとし / ステルスロック / いわなだれ / ストーンエッジ,ステルスロック,メテオビーム,基礎形は早期STAB、中間は中威力STAB、進化先は役割技と終盤大技。分岐進化は分岐後に個性技を追加。,異タイプ高火力技は最大2タイプまで。元々の設定・身体構造・図鑑説明に根拠がない技は削除または教え技化。,P2
490,カルボウ,カルボウ → グレンアルマ → ソウブレイズ,ほのお / エスパー / ゴースト,通常生態,未収録・追加対象,物理アタッカー,ひのこ / おにび / アーマーキャノン / かえんほうしゃ / サイコキネシス / むねんのつるぎ / フレアドライブ / ポルターガイスト,かえんほうしゃ / サイコショック / シャドークロー,ねっぷう / トリック / ポルターガイスト,基礎形は早期STAB、中間は中威力STAB、進化先は役割技と終盤大技。分岐進化は分岐後に個性技を追加。,異タイプ高火力技は最大2タイプまで。元々の設定・身体構造・図鑑説明に根拠がない技は削除または教え技化。,P0
491,ズピカ,ズピカ → ハラバリー,でんき,通常生態,未収録・追加対象,特殊アタッカー,でんきショック / でんじは / かみなり,ボルトチェンジ,エレキネット,基礎形は早期STAB、中間は中威力STAB、進化先は役割技と終盤大技。分岐進化は分岐後に個性技を追加。,異タイプ高火力技は最大2タイプまで。元々の設定・身体構造・図鑑説明に根拠がない技は削除または教え技化。,P2
492,カイデン,カイデン → タイカイデン,でんき / ひこう,通常生態,未収録・追加対象,特殊アタッカー,でんきショック / でんじは / かぜおこし / おいかぜ / かみなりあらし / かみなり / ぼうふう,ボルトチェンジ / アクロバット,エレキネット / おいかぜ,基礎形は早期STAB、中間は中威力STAB、進化先は役割技と終盤大技。分岐進化は分岐後に個性技を追加。,異タイプ高火力技は最大2タイプまで。元々の設定・身体構造・図鑑説明に根拠がない技は削除または教え技化。,P0
493,オラチフ,オラチフ → マフィティフ,あく,通常生態,未収録・追加対象,物理アタッカー,かみつく / ちょうはつ / はたきおとす,バークアウト,はたきおとす,基礎形は早期STAB、中間は中威力STAB、進化先は役割技と終盤大技。分岐進化は分岐後に個性技を追加。,異タイプ高火力技は最大2タイプまで。元々の設定・身体構造・図鑑説明に根拠がない技は削除または教え技化。,P2
494,シルシュルー,シルシュルー → タギングル,どく / ノーマル,通常生態,未収録・追加対象,耐久・補助,どくばり / どくどく / ずつき / アンコール / ヘドロばくだん / どくびし / ハイパーボイス,ベノムショック / まもる,ダストシュート / てだすけ,基礎形は早期STAB、中間は中威力STAB、進化先は役割技と終盤大技。分岐進化は分岐後に個性技を追加。,異タイプ高火力技は最大2タイプまで。元々の設定・身体構造・図鑑説明に根拠がない技は削除または教え技化。,P2
495,アノクサ,アノクサ → アノホラグサ,くさ / ゴースト,通常生態,未収録・追加対象,物理アタッカー,メガドレイン / やどりぎのタネ / おどろかす / おにび / リーフブレード / ポルターガイスト,くさむすび / シャドークロー,グラススライダー / ポルターガイスト,基礎形は早期STAB、中間は中威力STAB、進化先は役割技と終盤大技。分岐進化は分岐後に個性技を追加。,異タイプ高火力技は最大2タイプまで。元々の設定・身体構造・図鑑説明に根拠がない技は削除または教え技化。,P2
496,ノノクラゲ,ノノクラゲ → リククラゲ,くさ / じめん,通常生態,未収録・追加対象,特殊アタッカー,どろかけ / マッドショット / はっぱカッター / メガドレイン / ねっさのだいち / すなあらし / エナジーボール / やどりぎのタネ,じならし / くさむすび,ねっさのだいち / グラススライダー,基礎形は早期STAB、中間は中威力STAB、進化先は役割技と終盤大技。分岐進化は分岐後に個性技を追加。,異タイプ高火力技は最大2タイプまで。元々の設定・身体構造・図鑑説明に根拠がない技は削除または教え技化。,P2
497,ガケガニ,ガケガニ,いわ,通常生態,未収録・追加対象,物理アタッカー,いわおとし / ステルスロック,ステルスロック,メテオビーム,基礎形は早期STAB、中間は中威力STAB、進化先は役割技と終盤大技。分岐進化は分岐後に個性技を追加。,異タイプ高火力技は最大2タイプまで。元々の設定・身体構造・図鑑説明に根拠がない技は削除または教え技化。,P2
498,カプサイジ,カプサイジ → スコヴィラン,くさ / ほのお,通常生態,未収録・追加対象,両刀・可変,メガドレイン / やどりぎのタネ / タネばくだん / ギガドレイン / ニトロチャージ,くさむすび / かえんほうしゃ,グラススライダー / ねっぷう,基礎形は早期STAB、中間は中威力STAB、進化先は役割技と終盤大技。分岐進化は分岐後に個性技を追加。,異タイプ高火力技は最大2タイプまで。元々の設定・身体構造・図鑑説明に根拠がない技は削除または教え技化。,P2
499,シガロコ,シガロコ → ベラカス,むし / エスパー,通常生態,未収録・追加対象,耐久・補助,むしくい / ねばねばネット / むしのさざめき / いとをはく / サイコキネシス,とんぼがえり / サイコショック,むしくい / トリック,基礎形は早期STAB、中間は中威力STAB、進化先は役割技と終盤大技。分岐進化は分岐後に個性技を追加。,異タイプ高火力技は最大2タイプまで。元々の設定・身体構造・図鑑説明に根拠がない技は削除または教え技化。,P2
500,ヒラヒナ,ヒラヒナ → クエスパトラ,エスパー,通常生態,未収録・追加対象,特殊アタッカー,ねんりき / めいそう / サイコショック,サイコショック,トリック,基礎形は早期STAB、中間は中威力STAB、進化先は役割技と終盤大技。分岐進化は分岐後に個性技を追加。,異タイプ高火力技は最大2タイプまで。元々の設定・身体構造・図鑑説明に根拠がない技は削除または教え技化。,P2
501,カヌチャン,カヌチャン → ナカヌチャン → デカヌチャン,はがね / フェアリー,通常生態,未収録・追加対象,物理アタッカー,ほしがる / ようせいのかぜ / メタルクロー / ミラーショット / じゃれつく / マジカルシャイン / アイアンヘッド / ラスターカノン,マジカルシャイン / ラスターカノン,ミストバースト / アイアンヘッド,基礎形は早期STAB、中間は中威力STAB、進化先は役割技と終盤大技。分岐進化は分岐後に個性技を追加。,異タイプ高火力技は最大2タイプまで。元々の設定・身体構造・図鑑説明に根拠がない技は削除または教え技化。,P0
502,ウミディグダ,ウミディグダ → ウミトリオ,みず,通常生態,未収録・追加対象,物理アタッカー,アクアジェット / みずのはどう / たきのぼり / あまごい,アクアブレイク,クイックターン,基礎形は早期STAB、中間は中威力STAB、進化先は役割技と終盤大技。分岐進化は分岐後に個性技を追加。,異タイプ高火力技は最大2タイプまで。元々の設定・身体構造・図鑑説明に根拠がない技は削除または教え技化。,P2
503,オトシドリ,オトシドリ,あく / ひこう,通常生態,未収録・追加対象,物理アタッカー,つばさでうつ / おいかぜ / かみつく / ちょうはつ,アクロバット / バークアウト,おいかぜ / はたきおとす,基礎形は早期STAB、中間は中威力STAB、進化先は役割技と終盤大技。分岐進化は分岐後に個性技を追加。,異タイプ高火力技は最大2タイプまで。元々の設定・身体構造・図鑑説明に根拠がない技は削除または教え技化。,P2
504,ナミイルカ,ナミイルカ → イルカマン,みず,通常生態,未収録・追加対象,両刀・可変,アクアジェット / みずのはどう / ジェットパンチ / アクアブレイク / なみのり / あまごい,アクアブレイク,クイックターン,基礎形は早期STAB、中間は中威力STAB、進化先は役割技と終盤大技。分岐進化は分岐後に個性技を追加。,異タイプ高火力技は最大2タイプまで。元々の設定・身体構造・図鑑説明に根拠がない技は削除または教え技化。,P0
505,ブロロン,ブロロン → ブロロローム,どく / はがね,通常生態,未収録・追加対象,物理アタッカー,メタルクロー / てっぺき / どくばり / どくどく / ギアチェンジ / ヘビーボンバー / ダストシュート,ラスターカノン / ベノムショック,アイアンヘッド / ダストシュート,基礎形は早期STAB、中間は中威力STAB、進化先は役割技と終盤大技。分岐進化は分岐後に個性技を追加。,異タイプ高火力技は最大2タイプまで。元々の設定・身体構造・図鑑説明に根拠がない技は削除または教え技化。,P0
506,モトトカゲ,モトトカゲ,ドラゴン / ノーマル,通常生態,未収録・追加対象,物理アタッカー,ドラゴンテール / りゅうのまい / ずつき / アンコール,ワイドブレイカー / まもる,りゅうせいぐん / てだすけ,基礎形は早期STAB、中間は中威力STAB、進化先は役割技と終盤大技。分岐進化は分岐後に個性技を追加。,異タイプ高火力技は最大2タイプまで。元々の設定・身体構造・図鑑説明に根拠がない技は削除または教え技化。,P2
507,ミミズズ,ミミズズ,はがね,通常生態,未収録・追加対象,物理アタッカー,メタルクロー / てっぺき,ラスターカノン,アイアンヘッド,基礎形は早期STAB、中間は中威力STAB、進化先は役割技と終盤大技。分岐進化は分岐後に個性技を追加。,異タイプ高火力技は最大2タイプまで。元々の設定・身体構造・図鑑説明に根拠がない技は削除または教え技化。,P2
508,キラーメ,キラーメ → キラフロル,いわ / どく,通常生態,未収録・追加対象,特殊アタッカー,いわおとし / ステルスロック / どくばり / どくどく / キラースピン / メテオビーム / ヘドロウェーブ,ステルスロック / ベノムショック,メテオビーム / ダストシュート,基礎形は早期STAB、中間は中威力STAB、進化先は役割技と終盤大技。分岐進化は分岐後に個性技を追加。,異タイプ高火力技は最大2タイプまで。元々の設定・身体構造・図鑑説明に根拠がない技は削除または教え技化。,P0
509,ボチ,ボチ → ハカドッグ,ゴースト,通常生態,未収録・追加対象,物理アタッカー,おどろかす / おにび / おはかまいり / ポルターガイスト,シャドークロー,ポルターガイスト,基礎形は早期STAB、中間は中威力STAB、進化先は役割技と終盤大技。分岐進化は分岐後に個性技を追加。,異タイプ高火力技は最大2タイプまで。元々の設定・身体構造・図鑑説明に根拠がない技は削除または教え技化。,P0
510,カラミンゴ,カラミンゴ,かくとう / ひこう,通常生態,未収録・追加対象,物理アタッカー,つばさでうつ / おいかぜ / いわくだき / ビルドアップ,アクロバット / ドレインパンチ,おいかぜ / コーチング,基礎形は早期STAB、中間は中威力STAB、進化先は役割技と終盤大技。分岐進化は分岐後に個性技を追加。,異タイプ高火力技は最大2タイプまで。元々の設定・身体構造・図鑑説明に根拠がない技は削除または教え技化。,P2
511,アルクジラ,アルクジラ → ハルクジラ,こおり,通常生態,未収録・追加対象,物理アタッカー,こごえるかぜ / ゆきげしき / つららおとし,アイススピナー,トリプルアクセル,基礎形は早期STAB、中間は中威力STAB、進化先は役割技と終盤大技。分岐進化は分岐後に個性技を追加。,異タイプ高火力技は最大2タイプまで。元々の設定・身体構造・図鑑説明に根拠がない技は削除または教え技化。,P2
512,ミガルーサ,ミガルーサ,みず / エスパー,通常生態,未収録・追加対象,物理アタッカー,アクアジェット / あまごい / サイコカッター / めいそう,アクアブレイク / サイコショック,クイックターン / トリック,基礎形は早期STAB、中間は中威力STAB、進化先は役割技と終盤大技。分岐進化は分岐後に個性技を追加。,異タイプ高火力技は最大2タイプまで。元々の設定・身体構造・図鑑説明に根拠がない技は削除または教え技化。,P2
513,ヘイラッシャ,ヘイラッシャ,みず,通常生態,未収録・追加対象,物理アタッカー,アクアジェット / あまごい,アクアブレイク,クイックターン,基礎形は早期STAB、中間は中威力STAB、進化先は役割技と終盤大技。分岐進化は分岐後に個性技を追加。,異タイプ高火力技は最大2タイプまで。元々の設定・身体構造・図鑑説明に根拠がない技は削除または教え技化。,P2
514,シャリタツ,シャリタツ,みず / ドラゴン,通常生態,未収録・追加対象,特殊アタッカー,りゅうのいぶき / りゅうのまい / みずのはどう / あまごい,ワイドブレイカー / アクアブレイク,りゅうせいぐん / クイックターン,基礎形は早期STAB、中間は中威力STAB、進化先は役割技と終盤大技。分岐進化は分岐後に個性技を追加。,異タイプ高火力技は最大2タイプまで。元々の設定・身体構造・図鑑説明に根拠がない技は削除または教え技化。,P2
515,イダイナキバ,イダイナキバ,かくとう / じめん,パラドックスポケモン,未収録・追加対象,物理アタッカー,どろかけ / すなあらし / いわくだき / ビルドアップ,じならし / ドレインパンチ,ねっさのだいち / コーチング,基礎形は早期STAB、中間は中威力STAB、進化先は役割技と終盤大技。分岐進化は分岐後に個性技を追加。,異タイプ高火力技は最大2タイプまで。元々の設定・身体構造・図鑑説明に根拠がない技は削除または教え技化。,P2
516,サケブシッポ,サケブシッポ,エスパー / フェアリー,パラドックスポケモン,未収録・追加対象,特殊アタッカー,ようせいのかぜ / あまえる / ねんりき / めいそう,マジカルシャイン / サイコショック,ミストバースト / トリック,基礎形は早期STAB、中間は中威力STAB、進化先は役割技と終盤大技。分岐進化は分岐後に個性技を追加。,異タイプ高火力技は最大2タイプまで。元々の設定・身体構造・図鑑説明に根拠がない技は削除または教え技化。,P2
517,アラブルタケ,アラブルタケ,あく / くさ,パラドックスポケモン,未収録・追加対象,特殊アタッカー,メガドレイン / やどりぎのタネ / バークアウト / ちょうはつ,くさむすび / バークアウト,グラススライダー / はたきおとす,基礎形は早期STAB、中間は中威力STAB、進化先は役割技と終盤大技。分岐進化は分岐後に個性技を追加。,異タイプ高火力技は最大2タイプまで。元々の設定・身体構造・図鑑説明に根拠がない技は削除または教え技化。,P2
518,ハバタクカミ,ハバタクカミ,ゴースト / フェアリー,パラドックスポケモン,未収録・追加対象,特殊アタッカー,おどろかす / おにび / ようせいのかぜ / あまえる,シャドークロー / マジカルシャイン,ポルターガイスト / ミストバースト,基礎形は早期STAB、中間は中威力STAB、進化先は役割技と終盤大技。分岐進化は分岐後に個性技を追加。,異タイプ高火力技は最大2タイプまで。元々の設定・身体構造・図鑑説明に根拠がない技は削除または教え技化。,P2
519,チヲハウハネ,チヲハウハネ,かくとう / むし,パラドックスポケモン,未収録・追加対象,物理アタッカー,むしくい / ねばねばネット / いわくだき / ビルドアップ,とんぼがえり / ドレインパンチ,むしくい / コーチング,基礎形は早期STAB、中間は中威力STAB、進化先は役割技と終盤大技。分岐進化は分岐後に個性技を追加。,異タイプ高火力技は最大2タイプまで。元々の設定・身体構造・図鑑説明に根拠がない技は削除または教え技化。,P2
520,スナノケガワ,スナノケガワ,じめん / でんき,パラドックスポケモン,未収録・追加対象,特殊アタッカー,でんきショック / でんじは / マッドショット / すなあらし,ボルトチェンジ / じならし,エレキネット / ねっさのだいち,基礎形は早期STAB、中間は中威力STAB、進化先は役割技と終盤大技。分岐進化は分岐後に個性技を追加。,異タイプ高火力技は最大2タイプまで。元々の設定・身体構造・図鑑説明に根拠がない技は削除または教え技化。,P2
521,テツノワダチ,テツノワダチ,じめん / はがね,パラドックスポケモン,未収録・追加対象,物理アタッカー,どろかけ / すなあらし / メタルクロー / てっぺき,じならし / ラスターカノン,ねっさのだいち / アイアンヘッド,基礎形は早期STAB、中間は中威力STAB、進化先は役割技と終盤大技。分岐進化は分岐後に個性技を追加。,異タイプ高火力技は最大2タイプまで。元々の設定・身体構造・図鑑説明に根拠がない技は削除または教え技化。,P2
522,テツノツツミ,テツノツツミ,こおり / みず,パラドックスポケモン,未収録・追加対象,特殊アタッカー,こごえるかぜ / ゆきげしき / みずのはどう / あまごい,アイススピナー / アクアブレイク,トリプルアクセル / クイックターン,基礎形は早期STAB、中間は中威力STAB、進化先は役割技と終盤大技。分岐進化は分岐後に個性技を追加。,異タイプ高火力技は最大2タイプまで。元々の設定・身体構造・図鑑説明に根拠がない技は削除または教え技化。,P2
523,テツノカイナ,テツノカイナ,かくとう / でんき,パラドックスポケモン,未収録・追加対象,物理アタッカー,いわくだき / ビルドアップ / スパーク / でんじは,ドレインパンチ / ボルトチェンジ,コーチング / エレキネット,基礎形は早期STAB、中間は中威力STAB、進化先は役割技と終盤大技。分岐進化は分岐後に個性技を追加。,異タイプ高火力技は最大2タイプまで。元々の設定・身体構造・図鑑説明に根拠がない技は削除または教え技化。,P2
524,テツノコウベ,テツノコウベ,あく / ひこう,パラドックスポケモン,未収録・追加対象,物理アタッカー,かみつく / ちょうはつ / つばさでうつ / おいかぜ,バークアウト / アクロバット,はたきおとす / おいかぜ,基礎形は早期STAB、中間は中威力STAB、進化先は役割技と終盤大技。分岐進化は分岐後に個性技を追加。,異タイプ高火力技は最大2タイプまで。元々の設定・身体構造・図鑑説明に根拠がない技は削除または教え技化。,P2
525,テツノドクガ,テツノドクガ,どく / ほのお,パラドックスポケモン,未収録・追加対象,特殊アタッカー,ひのこ / おにび / アシッドボム / どくどく,かえんほうしゃ / ベノムショック,ねっぷう / ダストシュート,基礎形は早期STAB、中間は中威力STAB、進化先は役割技と終盤大技。分岐進化は分岐後に個性技を追加。,異タイプ高火力技は最大2タイプまで。元々の設定・身体構造・図鑑説明に根拠がない技は削除または教え技化。,P2
526,テツノイバラ,テツノイバラ,いわ / でんき,パラドックスポケモン,未収録・追加対象,物理アタッカー,いわおとし / ステルスロック / スパーク / でんじは,ステルスロック / ボルトチェンジ,メテオビーム / エレキネット,基礎形は早期STAB、中間は中威力STAB、進化先は役割技と終盤大技。分岐進化は分岐後に個性技を追加。,異タイプ高火力技は最大2タイプまで。元々の設定・身体構造・図鑑説明に根拠がない技は削除または教え技化。,P2
527,セビエ,セビエ → セゴール → セグレイブ,こおり / ドラゴン,600族,未収録・追加対象,物理アタッカー,ドラゴンテール / りゅうのいぶき / こおりのつぶて / こごえるかぜ / ドラゴンクロー / りゅうのはどう / アイススピナー / れいとうビーム,ワイドブレイカー / アイススピナー,りゅうせいぐん / トリプルアクセル,基礎形は早期STAB、中間は中威力STAB、進化先は役割技と終盤大技。分岐進化は分岐後に個性技を追加。,異タイプ高火力技は最大2タイプまで。元々の設定・身体構造・図鑑説明に根拠がない技は削除または教え技化。,P0
528,コレクレー,コレクレー → サーフゴー,はがね / ゴースト,人工・無機物,未収録・追加対象,物理アタッカー,おどろかす / おにび / ゴールドラッシュ / ヘビーボンバー / てっぺき / ポルターガイスト,シャドークロー / ラスターカノン,ポルターガイスト / アイアンヘッド,基礎形は早期STAB、中間は中威力STAB、進化先は役割技と終盤大技。分岐進化は分岐後に個性技を追加。,異タイプ高火力技は最大2タイプまで。元々の設定・身体構造・図鑑説明に根拠がない技は削除または教え技化。,P0
529,チオンジェン,チオンジェン,あく / くさ,伝説,未収録・追加対象,耐久・補助,かみつく / バークアウト / はっぱカッター / メガドレイン,バークアウト / くさむすび,はたきおとす / グラススライダー,基礎形は早期STAB、中間は中威力STAB、進化先は役割技と終盤大技。分岐進化は分岐後に個性技を追加。,異タイプ高火力技は最大2タイプまで。元々の設定・身体構造・図鑑説明に根拠がない技は削除または教え技化。,P2
530,パオジアン,パオジアン,あく / こおり,伝説,未収録・追加対象,物理アタッカー,かみつく / ちょうはつ / こおりのつぶて / ゆきげしき,バークアウト / アイススピナー,はたきおとす / トリプルアクセル,基礎形は早期STAB、中間は中威力STAB、進化先は役割技と終盤大技。分岐進化は分岐後に個性技を追加。,異タイプ高火力技は最大2タイプまで。元々の設定・身体構造・図鑑説明に根拠がない技は削除または教え技化。,P2
531,ディンルー,ディンルー,あく / じめん,伝説,未収録・追加対象,物理アタッカー,かみつく / ちょうはつ / どろかけ / すなあらし,バークアウト / じならし,はたきおとす / ねっさのだいち,基礎形は早期STAB、中間は中威力STAB、進化先は役割技と終盤大技。分岐進化は分岐後に個性技を追加。,異タイプ高火力技は最大2タイプまで。元々の設定・身体構造・図鑑説明に根拠がない技は削除または教え技化。,P2
532,イーユイ,イーユイ,あく / ほのお,伝説,未収録・追加対象,特殊アタッカー,バークアウト / ちょうはつ / ひのこ / おにび,バークアウト / かえんほうしゃ,はたきおとす / ねっぷう,基礎形は早期STAB、中間は中威力STAB、進化先は役割技と終盤大技。分岐進化は分岐後に個性技を追加。,異タイプ高火力技は最大2タイプまで。元々の設定・身体構造・図鑑説明に根拠がない技は削除または教え技化。,P2
533,トドロクツキ,トドロクツキ,あく / ドラゴン,パラドックスポケモン,未収録・追加対象,物理アタッカー,ドラゴンテール / りゅうのまい / かみつく / ちょうはつ,ワイドブレイカー / バークアウト,りゅうせいぐん / はたきおとす,基礎形は早期STAB、中間は中威力STAB、進化先は役割技と終盤大技。分岐進化は分岐後に個性技を追加。,異タイプ高火力技は最大2タイプまで。元々の設定・身体構造・図鑑説明に根拠がない技は削除または教え技化。,P2
534,テツノブジン,テツノブジン,かくとう / フェアリー,パラドックスポケモン,未収録・追加対象,両刀・可変,ほしがる / ようせいのかぜ / いわくだき / しんくうは,マジカルシャイン / ドレインパンチ,ミストバースト / コーチング,基礎形は早期STAB、中間は中威力STAB、進化先は役割技と終盤大技。分岐進化は分岐後に個性技を追加。,異タイプ高火力技は最大2タイプまで。元々の設定・身体構造・図鑑説明に根拠がない技は削除または教え技化。,P2
535,コライドン,コライドン,かくとう / ドラゴン,伝説,未収録・追加対象,両刀・可変,いわくだき / しんくうは / ドラゴンテール / りゅうのいぶき,ドレインパンチ / ワイドブレイカー,コーチング / りゅうせいぐん,基礎形は早期STAB、中間は中威力STAB、進化先は役割技と終盤大技。分岐進化は分岐後に個性技を追加。,異タイプ高火力技は最大2タイプまで。元々の設定・身体構造・図鑑説明に根拠がない技は削除または教え技化。,P0
536,ミライドン,ミライドン,でんき / ドラゴン,伝説,未収録・追加対象,両刀・可変,スパーク / でんきショック / ドラゴンテール / りゅうのいぶき,ボルトチェンジ / ワイドブレイカー,エレキネット / りゅうせいぐん,基礎形は早期STAB、中間は中威力STAB、進化先は役割技と終盤大技。分岐進化は分岐後に個性技を追加。,異タイプ高火力技は最大2タイプまで。元々の設定・身体構造・図鑑説明に根拠がない技は削除または教え技化。,P0
537,ウネルミナモ,ウネルミナモ,みず / ドラゴン,パラドックスポケモン,未収録・追加対象,特殊アタッカー,みずのはどう / あまごい / りゅうのいぶき / りゅうのまい,アクアブレイク / ワイドブレイカー,クイックターン / りゅうせいぐん,基礎形は早期STAB、中間は中威力STAB、進化先は役割技と終盤大技。分岐進化は分岐後に個性技を追加。,異タイプ高火力技は最大2タイプまで。元々の設定・身体構造・図鑑説明に根拠がない技は削除または教え技化。,P0
538,テツノイサハ,テツノイサハ,くさ / エスパー,パラドックスポケモン,未収録・追加対象,特殊アタッカー,メガドレイン / やどりぎのタネ / ねんりき / めいそう,くさむすび / サイコショック,グラススライダー / トリック,基礎形は早期STAB、中間は中威力STAB、進化先は役割技と終盤大技。分岐進化は分岐後に個性技を追加。,異タイプ高火力技は最大2タイプまで。元々の設定・身体構造・図鑑説明に根拠がない技は削除または教え技化。,P0
539,チャデス,チャデス → ヤバソチャ,くさ / ゴースト,通常生態,未収録・追加対象,特殊アタッカー,メガドレイン / やどりぎのタネ / おどろかす / おにび / シャカシャカほう / エナジーボール / シャドーボール,くさむすび / シャドークロー,グラススライダー / ポルターガイスト,基礎形は早期STAB、中間は中威力STAB、進化先は役割技と終盤大技。分岐進化は分岐後に個性技を追加。,異タイプ高火力技は最大2タイプまで。元々の設定・身体構造・図鑑説明に根拠がない技は削除または教え技化。,P0
540,イイネイヌ,イイネイヌ,かくとう / どく,伝説,未収録・追加対象,物理アタッカー,どくばり / どくどく / いわくだき / ビルドアップ,ベノムショック / ドレインパンチ,ダストシュート / コーチング,基礎形は早期STAB、中間は中威力STAB、進化先は役割技と終盤大技。分岐進化は分岐後に個性技を追加。,異タイプ高火力技は最大2タイプまで。元々の設定・身体構造・図鑑説明に根拠がない技は削除または教え技化。,P2
541,マシマシラ,マシマシラ,どく / エスパー,伝説,未収録・追加対象,特殊アタッカー,アシッドボム / どくどく / ねんりき / めいそう,ベノムショック / サイコショック,ダストシュート / トリック,基礎形は早期STAB、中間は中威力STAB、進化先は役割技と終盤大技。分岐進化は分岐後に個性技を追加。,異タイプ高火力技は最大2タイプまで。元々の設定・身体構造・図鑑説明に根拠がない技は削除または教え技化。,P2
542,キチキギス,キチキギス,どく / フェアリー,伝説,未収録・追加対象,特殊アタッカー,アシッドボム / どくどく / ようせいのかぜ / あまえる,ベノムショック / マジカルシャイン,ダストシュート / ミストバースト,基礎形は早期STAB、中間は中威力STAB、進化先は役割技と終盤大技。分岐進化は分岐後に個性技を追加。,異タイプ高火力技は最大2タイプまで。元々の設定・身体構造・図鑑説明に根拠がない技は削除または教え技化。,P2
543,オーガポン,オーガポン,くさ,伝説,未収録・追加対象,両刀・可変,はっぱカッター / メガドレイン,くさむすび,グラススライダー,基礎形は早期STAB、中間は中威力STAB、進化先は役割技と終盤大技。分岐進化は分岐後に個性技を追加。,異タイプ高火力技は最大2タイプまで。元々の設定・身体構造・図鑑説明に根拠がない技は削除または教え技化。,P0
544,ウガツホムラ,ウガツホムラ,ほのお / ドラゴン,パラドックスポケモン,未収録・追加対象,物理アタッカー,ほのおのキバ / おにび / ドラゴンテール / りゅうのまい,かえんほうしゃ / ワイドブレイカー,ねっぷう / りゅうせいぐん,基礎形は早期STAB、中間は中威力STAB、進化先は役割技と終盤大技。分岐進化は分岐後に個性技を追加。,異タイプ高火力技は最大2タイプまで。元々の設定・身体構造・図鑑説明に根拠がない技は削除または教え技化。,P0
545,タケルライコ,タケルライコ,でんき / ドラゴン,パラドックスポケモン,未収録・追加対象,特殊アタッカー,でんきショック / でんじは / りゅうのいぶき / りゅうのまい,ボルトチェンジ / ワイドブレイカー,エレキネット / りゅうせいぐん,基礎形は早期STAB、中間は中威力STAB、進化先は役割技と終盤大技。分岐進化は分岐後に個性技を追加。,異タイプ高火力技は最大2タイプまで。元々の設定・身体構造・図鑑説明に根拠がない技は削除または教え技化。,P0
546,テツノカシラ,テツノカシラ,はがね / エスパー,パラドックスポケモン,未収録・追加対象,特殊アタッカー,ミラーショット / てっぺき / ねんりき / めいそう,ラスターカノン / サイコショック,アイアンヘッド / トリック,基礎形は早期STAB、中間は中威力STAB、進化先は役割技と終盤大技。分岐進化は分岐後に個性技を追加。,異タイプ高火力技は最大2タイプまで。元々の設定・身体構造・図鑑説明に根拠がない技は削除または教え技化。,P0
547,テツノイワオ,テツノイワオ,いわ / エスパー,パラドックスポケモン,未収録・追加対象,物理アタッカー,いわおとし / ステルスロック / サイコカッター / めいそう,ステルスロック / サイコショック,メテオビーム / トリック,基礎形は早期STAB、中間は中威力STAB、進化先は役割技と終盤大技。分岐進化は分岐後に個性技を追加。,異タイプ高火力技は最大2タイプまで。元々の設定・身体構造・図鑑説明に根拠がない技は削除または教え技化。,P0
548,テラパゴス,テラパゴス,ノーマル,伝説,未収録・追加対象,両刀・可変,ずつき / スピードスター,まもる,てだすけ,基礎形は早期STAB、中間は中威力STAB、進化先は役割技と終盤大技。分岐進化は分岐後に個性技を追加。,異タイプ高火力技は最大2タイプまで。元々の設定・身体構造・図鑑説明に根拠がない技は削除または教え技化。,P0
549,モモワロウ,モモワロウ,どく / ゴースト,幻,未収録・追加対象,特殊アタッカー,アシッドボム / どくどく / おどろかす / おにび,ベノムショック / シャドークロー,ダストシュート / ポルターガイスト,基礎形は早期STAB、中間は中威力STAB、進化先は役割技と終盤大技。分岐進化は分岐後に個性技を追加。,異タイプ高火力技は最大2タイプまで。元々の設定・身体構造・図鑑説明に根拠がない技は削除または教え技化。,P0
